epoch,sample_point,train_loss,train_acc,val_loss,val_acc,lr,epoch_time_s,cuda_util_pct,cuda_mem_util_pct,gpu_temp_c,gpu_temp_tlimit_c,gpu_power_w,gpu_clock_sm_mhz,gpu_clock_mem_mhz,gpu_fan_pct,gpu_throttled,cpu_pct,cpu_pct_per_core,ram_used_gb,swap_used_gb,disk_read_mb_s,disk_write_mb_s,nvsmi_vram_used_gb,vram_other_processes_gb,pcie_tx_kb_s,pcie_rx_kb_s,pcie_link_gen_current,pcie_link_width_current,cuda_util_pct_min,cuda_util_pct_avg,cuda_util_pct_max,cuda_mem_util_pct_min,cuda_mem_util_pct_avg,cuda_mem_util_pct_max,gpu_temp_c_min,gpu_temp_c_avg,gpu_temp_c_max,gpu_temp_tlimit_c_min,gpu_temp_tlimit_c_avg,gpu_temp_tlimit_c_max,gpu_power_w_min,gpu_power_w_avg,gpu_power_w_max,gpu_clock_sm_mhz_avg,gpu_clock_mem_mhz_avg,gpu_fan_pct_avg,gpu_throttled_any,cpu_pct_min,cpu_pct_avg,cpu_pct_max,ram_used_gb_min,ram_used_gb_avg,ram_used_gb_max,ram_total_gb,swap_used_gb_min,swap_used_gb_avg,swap_used_gb_max,swap_total_gb,disk_read_mb_s_min,disk_read_mb_s_avg,disk_read_mb_s_max,disk_write_mb_s_min,disk_write_mb_s_avg,disk_write_mb_s_max,vram_peak_alloc_gb,vram_peak_reserved_gb,nvsmi_vram_used_gb_min,nvsmi_vram_used_gb_avg,nvsmi_vram_used_gb_max,nvsmi_vram_total_gb,vram_other_processes_gb_min,vram_other_processes_gb_avg,vram_other_processes_gb_max,pcie_tx_kb_s_min,pcie_tx_kb_s_avg,pcie_tx_kb_s_max,pcie_rx_kb_s_min,pcie_rx_kb_s_avg,pcie_rx_kb_s_max,pcie_link_gen_current_min,pcie_link_gen_current_avg,pcie_link_gen_current_max,pcie_link_width_current_min,pcie_link_width_current_avg,pcie_link_width_current_max,pcie_link_gen_max,pcie_link_width_max,data_wait_s,compute_s
1,1,,,,,,,100,75,58,26,99.6,2760,10801,30,0,6.3,2.1;3.9;2.8;2.8;2.0;2.1;15.4;40.0;4.4;6.3;15.6;43.7;1.7;1.5;0.3;0.6;1.3;1.2;0.2;0.2;0.9;1.1;1.1;0.7,37.83,0.06,0.02,0.62,14.965,0.658,390.0,292.0,4,16,,,,,,,,,,,,,,,,,,,,,,,,,,,,,,,,,,,,,,,,,,,,,,,,,,,,,,,,,,,,,
1,2,,,,,,,100,61,64,28,235.2,2745,10801,30,0,7.8,0.4;4.0;1.7;2.0;0.1;0.6;33.0;31.5;4.2;4.7;33.8;70.6;0.2;0.6;0.0;0.0;0.1;0.0;0.0;0.0;0.1;0.4;0.0;0.1,38.09,0.06,0.0,0.07,14.969,0.662,1464.0,5615.0,4,16,,,,,,,,,,,,,,,,,,,,,,,,,,,,,,,,,,,,,,,,,,,,,,,,,,,,,,,,,,,,,
1,3,,,,,,,100,49,65,21,236.7,2745,10801,31,0,8.8,0.9;12.7;1.4;2.0;1.7;0.7;48.8;44.2;3.9;6.0;39.9;46.3;0.5;0.7;0.2;0.0;0.0;0.0;0.0;0.4;0.0;0.5;0.2;0.4,37.86,0.06,0.0,0.04,14.969,0.662,1074.0,5957.0,4,16,,,,,,,,,,,,,,,,,,,,,,,,,,,,,,,,,,,,,,,,,,,,,,,,,,,,,,,,,,,,,
1,4,,,,,,,100,66,65,21,236.6,2745,10801,32,0,7.2,0.2;2.1;0.4;0.1;0.0;0.1;42.4;32.2;1.1;4.7;35.9;50.7;0.9;0.6;0.4;0.4;0.4;0.2;0.0;0.0;0.0;0.0;0.0;0.2,38.07,0.06,0.0,0.04,14.969,0.662,1562.0,5419.0,4,16,,,,,,,,,,,,,,,,,,,,,,,,,,,,,,,,,,,,,,,,,,,,,,,,,,,,,,,,,,,,,
1,5,,,,,,,98,77,65,21,236.2,2745,10801,33,0,7.2,1.4;2.7;1.5;1.0;0.2;0.1;47.6;36.1;1.5;3.5;18.9;54.5;0.5;0.6;0.4;0.2;0.0;0.2;0.2;0.1;0.2;0.2;0.1;0.1,37.92,0.06,0.0,0.02,14.969,0.662,2197.0,6005.0,4,16,,,,,,,,,,,,,,,,,,,,,,,,,,,,,,,,,,,,,,,,,,,,,,,,,,,,,,,,,,,,,
1,6,,,,,,,100,86,61,20,237.9,2745,10801,34,0,7.2,0.5;4.7;0.5;0.5;0.1;0.4;51.3;20.7;2.6;1.1;32.7;55.0;0.5;0.5;0.1;0.0;0.0;0.0;0.1;0.0;0.0;0.0;0.4;0.0,38.07,0.06,0.03,0.08,14.969,0.662,1562.0,6884.0,4,16,,,,,,,,,,,,,,,,,,,,,,,,,,,,,,,,,,,,,,,,,,,,,,,,,,,,,,,,,,,,,
1,7,,,,,,,100,71,66,19,238.2,2730,10801,34,0,7.6,0.9;5.6;1.6;1.7;0.2;0.9;47.8;55.3;2.9;1.9;32.1;30.1;0.4;0.4;0.0;0.0;0.0;0.0;0.0;0.1;0.0;0.0;0.5;0.7,37.98,0.06,0.0,0.02,14.969,0.662,1513.0,6982.0,4,16,,,,,,,,,,,,,,,,,,,,,,,,,,,,,,,,,,,,,,,,,,,,,,,,,,,,,,,,,,,,,
1,8,,,,,,,100,48,69,19,239.5,2730,10801,35,0,6.4,0.7;7.5;2.0;2.2;1.7;1.4;24.9;24.7;5.2;3.1;35.8;42.3;0.2;0.4;0.1;0.0;0.1;0.1;0.0;0.0;0.4;0.2;0.4;0.1,37.92,0.06,0.0,0.02,14.969,0.662,1269.0,5615.0,4,16,,,,,,,,,,,,,,,,,,,,,,,,,,,,,,,,,,,,,,,,,,,,,,,,,,,,,,,,,,,,,
1,9,,,,,,,100,55,66,23,237.6,2730,10801,35,0,6.6,1.8;3.2;2.8;3.4;1.8;1.4;39.8;21.4;4.0;3.4;27.7;40.8;0.6;0.0;0.4;0.6;0.4;0.2;0.0;0.4;1.4;1.6;0.6;0.4,37.92,0.06,0.0,0.02,14.969,0.662,1562.0,5566.0,4,16,,,,,,,,,,,,,,,,,,,,,,,,,,,,,,,,,,,,,,,,,,,,,,,,,,,,,,,,,,,,,
1,summary,2.048425274503197,0.4815104521740379,0.6448546584712243,0.9223261488409923,0.00100000,166.8,,,,,,,,,,,,,,,,,,,,,,98,99.78,100,48,65.33,86,58,64.33,69,19,22.0,28,99.6,221.94,239.5,2741.7,10801.0,32.7,0,6.3,7.23,8.8,37.83,37.96,38.09,63.16,0.06,0.06,0.06,19.04,0.0,0.01,0.03,0.02,0.1,0.62,11.015,14.307,14.965,14.97,14.969,15.992,0.658,0.66,0.662,390.0,1399.22,2197.0,292.0,5370.56,6982.0,4,4.0,4,16,16.0,16,4,16,45.49,95.4
2,1,,,,,,,100,72,67,24,146.0,2745,10801,35,0,24.4,22.9;28.3;31.0;30.2;27.0;29.0;67.6;55.2;35.1;36.7;60.5;69.7;19.0;20.5;4.1;4.0;9.3;10.3;2.4;3.1;5.6;5.6;4.4;4.5,38.26,0.06,0.0,0.02,15.148,0.662,1074.0,6738.0,4,16,,,,,,,,,,,,,,,,,,,,,,,,,,,,,,,,,,,,,,,,,,,,,,,,,,,,,,,,,,,,,
2,2,,,,,,,100,49,69,18,239.9,2730,10801,35,0,7.3,1.4;2.3;0.9;0.2;0.1;0.0;41.2;37.0;2.9;1.5;29.2;53.6;0.9;0.9;0.1;0.0;0.0;0.0;1.1;0.1;0.0;0.0;0.2;0.1,38.05,0.06,0.0,4.26,15.148,0.662,1074.0,5908.0,4,16,,,,,,,,,,,,,,,,,,,,,,,,,,,,,,,,,,,,,,,,,,,,,,,,,,,,,,,,,,,,,
2,3,,,,,,,100,73,70,19,239.5,2730,10801,36,0,7.7,1.5;3.9;2.4;2.0;0.5;0.1;28.0;45.1;3.0;2.5;35.7;56.9;0.2;0.6;0.2;0.2;0.0;0.0;0.0;0.0;0.0;0.2;0.6;0.4,38.17,0.06,0.0,2.07,15.148,0.662,1953.0,5761.0,4,16,,,,,,,,,,,,,,,,,,,,,,,,,,,,,,,,,,,,,,,,,,,,,,,,,,,,,,,,,,,,,
2,4,,,,,,,98,76,68,16,238.9,2730,10801,36,0,7.3,0.9;6.4;1.5;0.6;0.1;0.2;39.6;32.4;2.0;2.9;31.6;55.3;0.5;0.6;0.0;0.0;0.1;0.0;0.0;0.0;0.0;0.0;0.1;0.0,38.04,0.06,0.0,2.69,15.148,0.662,1074.0,5908.0,4,16,,,,,,,,,,,,,,,,,,,,,,,,,,,,,,,,,,,,,,,,,,,,,,,,,,,,,,,,,,,,,
2,5,,,,,,,100,85,66,21,239.1,2730,10801,37,0,7.5,0.9;5.3;2.1;1.0;0.5;0.1;25.6;51.4;4.6;1.7;30.8;52.7;0.5;1.1;0.0;0.0;0.0;0.1;0.0;0.0;0.1;0.0;0.4;0.0,38.17,0.06,0.01,0.13,15.148,0.662,1025.0,7226.0,4,16,,,,,,,,,,,,,,,,,,,,,,,,,,,,,,,,,,,,,,,,,,,,,,,,,,,,,,,,,,,,,
2,6,,,,,,,100,81,67,16,239.2,2730,10801,37,0,8.0,1.1;3.7;2.2;1.4;0.9;0.4;27.4;35.8;7.3;4.3;45.5;59.6;0.5;0.7;0.1;0.1;0.0;0.0;0.0;0.0;0.1;0.0;0.4;0.1,38.13,0.06,0.03,0.09,15.148,0.662,1074.0,5908.0,4,16,,,,,,,,,,,,,,,,,,,,,,,,,,,,,,,,,,,,,,,,,,,,,,,,,,,,,,,,,,,,,
2,7,,,,,,,100,74,69,22,239.3,2730,10801,37,0,8.0,1.0;3.3;3.6;2.5;0.6;0.2;36.9;43.1;4.0;3.8;34.6;55.9;0.7;0.4;0.1;0.1;0.0;0.1;0.0;0.0;0.0;0.0;0.0;0.1,38.12,0.06,0.01,0.06,15.148,0.662,1074.0,5908.0,4,16,,,,,,,,,,,,,,,,,,,,,,,,,,,,,,,,,,,,,,,,,,,,,,,,,,,,,,,,,,,,,
2,8,,,,,,,100,56,69,14,240.2,2730,10801,37,0,6.6,0.1;4.1;1.9;1.1;0.2;0.6;45.2;27.1;3.3;2.1;16.5;53.6;0.2;0.4;0.1;0.0;0.0;0.0;0.0;0.0;0.0;0.0;0.2;0.1,38.14,0.06,0.05,0.39,15.148,0.662,1074.0,13623.0,4,16,,,,,,,,,,,,,,,,,,,,,,,,,,,,,,,,,,,,,,,,,,,,,,,,,,,,,,,,,,,,,
2,9,,,,,,,100,59,70,14,239.2,2730,10801,37,0,5.7,1.2;13.2;1.6;0.8;0.2;0.4;31.5;42.7;1.2;3.0;15.0;24.6;0.0;0.0;0.2;0.0;0.0;0.0;0.0;0.0;0.0;0.0;0.6;0.0,38.14,0.06,0.02,0.05,15.148,0.662,1123.0,6884.0,4,16,,,,,,,,,,,,,,,,,,,,,,,,,,,,,,,,,,,,,,,,,,,,,,,,,,,,,,,,,,,,,
2,summary,0.8253102939048752,0.8605443885496128,0.5610734632510681,0.9466856445709638,0.00100000,123.1,,,,,,,,,,,,,,,,,,,,,,98,99.78,100,49,69.44,85,66,68.33,70,14,18.22,24,146.0,229.03,240.2,2731.7,10801.0,36.3,0,5.7,9.17,24.4,38.04,38.14,38.26,63.16,0.06,0.06,0.06,20.05,0.0,0.01,0.05,0.02,1.08,4.26,11.015,14.486,15.148,15.15,15.148,15.992,0.662,0.66,0.662,1025.0,1171.67,1953.0,5761.0,7096.0,13623.0,4,4.0,4,16,16.0,16,4,16,2.03,94.99
3,1,,,,,,,100,75,66,20,133.6,2730,10801,37,0,22.8,24.1;24.5;27.9;29.2;27.1;27.9;58.7;65.2;31.4;32.0;56.0;67.2;17.6;18.0;2.6;2.5;9.0;7.3;1.3;1.5;5.0;5.5;2.8;3.7,38.26,0.06,0.02,0.06,15.146,0.66,1464.0,195.0,4,16,,,,,,,,,,,,,,,,,,,,,,,,,,,,,,,,,,,,,,,,,,,,,,,,,,,,,,,,,,,,,
3,2,,,,,,,100,66,67,15,240.3,2730,10801,37,0,7.6,0.6;4.0;0.7;1.4;0.4;0.9;48.8;36.4;3.0;3.5;32.8;46.3;1.2;0.7;0.3;0.0;0.0;0.1;0.2;0.2;0.0;0.0;0.0;0.0,38.19,0.06,0.0,3.63,15.146,0.66,1025.0,5615.0,4,16,,,,,,,,,,,,,,,,,,,,,,,,,,,,,,,,,,,,,,,,,,,,,,,,,,,,,,,,,,,,,
3,3,,,,,,,100,47,69,21,239.6,2730,10801,37,0,7.3,0.7;5.8;0.7;0.6;1.0;0.0;58.8;30.6;2.1;3.8;23.0;47.1;0.5;0.6;0.0;0.0;0.1;0.1;0.1;0.0;0.1;0.1;0.0;0.1,38.14,0.06,0.0,2.33,15.146,0.66,1074.0,5908.0,4,16,,,,,,,,,,,,,,,,,,,,,,,,,,,,,,,,,,,,,,,,,,,,,,,,,,,,,,,,,,,,,
3,4,,,,,,,100,79,67,16,240.2,2745,10801,37,0,7.8,2.2;2.7;3.3;1.6;0.7;0.7;36.4;44.5;2.5;3.6;22.9;63.7;0.6;1.0;0.0;0.1;0.0;0.0;0.0;0.0;0.2;0.1;0.2;0.1,38.1,0.06,0.0,1.45,15.146,0.66,1025.0,7080.0,4,16,,,,,,,,,,,,,,,,,,,,,,,,,,,,,,,,,,,,,,,,,,,,,,,,,,,,,,,,,,,,,
3,5,,,,,,,98,77,68,21,238.1,2730,10801,37,0,7.5,1.0;3.7;0.7;0.6;0.4;0.4;60.5;19.4;3.1;4.2;35.1;50.5;0.6;0.5;0.0;0.0;0.0;0.1;0.0;0.0;0.0;0.0;0.0;0.0,38.11,0.06,0.0,1.55,15.146,0.66,3417.0,5468.0,4,16,,,,,,,,,,,,,,,,,,,,,,,,,,,,,,,,,,,,,,,,,,,,,,,,,,,,,,,,,,,,,
3,6,,,,,,,100,93,66,16,238.8,2730,10801,37,0,8.4,0.6;12.3;3.4;1.4;0.7;0.4;38.4;55.7;4.1;4.2;33.3;43.1;0.5;0.7;0.4;0.0;0.5;0.0;0.0;0.0;0.2;0.0;1.2;0.2,38.03,0.06,0.0,0.04,15.146,0.66,1953.0,7031.0,4,16,,,,,,,,,,,,,,,,,,,,,,,,,,,,,,,,,,,,,,,,,,,,,,,,,,,,,,,,,,,,,
3,7,,,,,,,100,74,67,15,238.4,2730,10801,37,0,7.1,0.6;2.0;0.7;0.5;0.1;0.2;42.6;42.8;2.2;1.1;32.5;41.5;0.7;0.7;0.0;0.0;0.0;0.0;0.0;0.0;0.2;0.6;0.0;0.0,38.12,0.06,0.0,0.03,15.146,0.66,1953.0,5615.0,4,16,,,,,,,,,,,,,,,,,,,,,,,,,,,,,,,,,,,,,,,,,,,,,,,,,,,,,,,,,,,,,
3,8,,,,,,,100,56,70,16,240.1,2730,10801,37,0,5.5,1.0;2.6;1.1;0.9;0.4;1.2;24.7;36.9;2.4;1.7;30.8;25.4;0.5;0.1;0.0;0.0;0.0;0.1;0.0;0.0;0.0;0.1;0.5;0.7,38.1,0.06,0.0,0.06,15.146,0.66,1025.0,5810.0,4,16,,,,,,,,,,,,,,,,,,,,,,,,,,,,,,,,,,,,,,,,,,,,,,,,,,,,,,,,,,,,,
3,9,,,,,,,100,67,64,15,238.2,2730,10801,37,0,5.1,0.2;2.2;0.8;0.4;0.4;0.2;29.5;36.9;2.2;1.0;17.9;30.7;0.4;0.4;0.2;0.0;0.0;0.0;0.0;0.0;0.0;0.0;0.0;0.0,38.1,0.06,0.01,0.04,15.146,0.66,1074.0,5615.0,4,16,,,,,,,,,,,,,,,,,,,,,,,,,,,,,,,,,,,,,,,,,,,,,,,,,,,,,,,,,,,,,
3,summary,0.7118974029074694,0.8935119735340763,0.5301627867732799,0.9527856852379016,0.00100000,123.4,,,,,,,,,,,,,,,,,,,,,,98,99.78,100,47,70.44,93,64,67.11,70,15,17.22,21,133.6,227.48,240.3,2731.7,10801.0,37.0,0,5.1,8.79,22.8,38.03,38.13,38.26,63.16,0.06,0.06,0.06,20.05,0.0,0.0,0.02,0.03,1.02,3.63,11.015,14.486,15.146,15.15,15.146,15.992,0.66,0.66,0.66,1025.0,1556.67,3417.0,195.0,5370.78,7080.0,4,4.0,4,16,16.0,16,4,16,2.25,95.01
4,1,,,,,,,100,58,67,18,112.4,2730,10801,37,0,23.0,23.1;25.3;29.9;29.2;27.7;27.4;64.0;59.7;29.6;30.2;52.0;67.0;18.7;17.5;2.7;3.3;9.1;8.8;1.8;2.5;5.5;5.4;4.8;5.3,38.21,0.06,0.0,0.03,15.146,0.66,1220.0,1562.0,4,16,,,,,,,,,,,,,,,,,,,,,,,,,,,,,,,,,,,,,,,,,,,,,,,,,,,,,,,,,,,,,
4,2,,,,,,,100,45,70,23,238.8,2730,10801,37,0,7.7,1.4;1.8;1.5;1.1;2.0;0.6;39.3;39.4;5.0;4.0;30.1;57.8;0.5;0.6;0.1;0.0;0.2;0.0;0.0;0.0;0.1;0.2;0.1;0.0,38.18,0.06,0.0,3.65,15.146,0.66,1660.0,7080.0,4,16,,,,,,,,,,,,,,,,,,,,,,,,,,,,,,,,,,,,,,,,,,,,,,,,,,,,,,,,,,,,,
4,3,,,,,,,100,81,69,17,238.4,2730,10801,37,0,8.0,0.9;2.6;1.9;1.5;0.7;0.9;46.7;49.6;3.7;4.7;24.0;53.0;0.7;0.9;0.0;0.0;0.1;0.0;0.0;0.0;0.4;0.5;0.2;0.0,38.15,0.06,0.0,2.32,15.146,0.66,1074.0,7080.0,4,16,,,,,,,,,,,,,,,,,,,,,,,,,,,,,,,,,,,,,,,,,,,,,,,,,,,,,,,,,,,,,
4,4,,,,,,,98,78,70,22,237.4,2730,10801,37,0,8.2,1.1;12.8;1.5;1.7;2.2;1.5;49.1;39.5;3.5;4.1;29.4;47.8;0.4;0.5;0.1;0.1;0.1;0.1;0.1;0.0;0.2;0.2;0.1;0.1,38.08,0.06,0.0,1.46,15.146,0.66,1123.0,6835.0,4,16,,,,,,,,,,,,,,,,,,,,,,,,,,,,,,,,,,,,,,,,,,,,,,,,,,,,,,,,,,,,,
4,5,,,,,,,100,71,68,17,239.0,2730,10801,37,0,7.2,0.6;3.1;0.9;0.9;0.5;0.2;34.0;29.8;2.4;3.1;33.8;61.3;0.9;0.6;0.1;0.0;0.2;0.0;0.2;0.0;0.1;0.2;0.2;0.0,38.14,0.06,0.0,1.54,15.146,0.66,19726.0,5664.0,4,16,,,,,,,,,,,,,,,,,,,,,,,,,,,,,,,,,,,,,,,,,,,,,,,,,,,,,,,,,,,,,
4,6,,,,,,,100,65,71,15,239.5,2730,10801,37,0,7.1,0.7;3.4;0.4;1.0;0.2;0.4;31.8;51.1;2.4;1.4;21.4;54.0;1.1;1.1;0.0;0.0;0.0;0.1;0.0;0.0;0.0;0.1;0.0;0.0,38.03,0.06,0.0,0.02,15.146,0.66,1074.0,5517.0,4,16,,,,,,,,,,,,,,,,,,,,,,,,,,,,,,,,,,,,,,,,,,,,,,,,,,,,,,,,,,,,,
4,7,,,,,,,100,52,69,15,240.3,2730,10801,37,0,7.3,1.4;6.7;1.1;1.1;0.4;0.5;39.9;39.4;1.9;3.2;28.8;47.9;0.4;1.0;0.0;0.0;0.0;0.0;0.0;0.0;0.1;0.0;0.0;0.1,38.16,0.06,0.0,0.03,15.146,0.66,1269.0,6835.0,4,16,,,,,,,,,,,,,,,,,,,,,,,,,,,,,,,,,,,,,,,,,,,,,,,,,,,,,,,,,,,,,
4,8,,,,,,,100,69,69,15,240.0,2730,10801,37,0,6.0,1.2;10.3;2.2;1.9;0.6;0.4;16.9;34.3;1.7;3.8;24.0;46.5;0.4;0.0;0.0;0.0;0.0;0.0;0.0;0.1;0.1;0.0;0.2;0.0,38.15,0.06,0.0,0.02,15.146,0.66,1318.0,5566.0,4,16,,,,,,,,,,,,,,,,,,,,,,,,,,,,,,,,,,,,,,,,,,,,,,,,,,,,,,,,,,,,,
4,9,,,,,,,98,81,70,16,237.5,2730,10801,37,0,6.4,2.0;4.1;2.2;4.2;1.4;1.0;35.1;28.3;4.6;4.2;41.2;22.6;0.4;0.2;0.0;0.0;0.0;0.0;0.0;0.0;0.0;0.0;0.6;0.6,38.14,0.06,0.0,0.04,15.146,0.66,1074.0,9423.0,4,16,,,,,,,,,,,,,,,,,,,,,,,,,,,,,,,,,,,,,,,,,,,,,,,,,,,,,,,,,,,,,
4,summary,0.6550434412066135,0.9109502041636467,0.5103266466628638,0.9559170394469296,0.00100000,123.6,,,,,,,,,,,,,,,,,,,,,,98,99.56,100,45,66.67,81,67,69.22,71,15,17.56,23,112.4,224.81,240.3,2730.0,10801.0,37.0,0,6.0,8.99,23.0,38.03,38.14,38.21,63.16,0.06,0.06,0.06,20.05,0.0,0.0,0.0,0.02,1.01,3.65,11.015,14.486,15.146,15.15,15.146,15.992,0.66,0.66,0.66,1074.0,3282.0,19726.0,1562.0,6173.56,9423.0,4,4.0,4,16,16.0,16,4,16,2.51,95.01
5,1,,,,,,,100,62,56,27,78.8,2745,10801,30,0,13.6,11.2;13.6;14.1;14.1;12.8;12.8;30.8;53.9;15.7;17.4;34.9;48.8;10.3;9.0;1.8;2.3;4.5;4.5;1.1;1.2;3.3;3.0;2.6;3.1,37.92,0.06,0.01,1.62,14.986,0.5,634.0,1513.0,4,16,,,,,,,,,,,,,,,,,,,,,,,,,,,,,,,,,,,,,,,,,,,,,,,,,,,,,,,,,,,,,
5,2,,,,,,,100,88,60,22,234.7,2745,10801,30,0,7.8,0.8;5.6;1.1;2.6;0.4;1.1;46.3;36.1;4.0;5.0;24.7;56.2;1.2;0.5;0.0;0.0;0.1;0.3;0.0;0.0;0.1;0.0;0.3;0.4,38.09,0.06,0.0,0.07,14.986,0.5,2636.0,6787.0,4,16,,,,,,,,,,,,,,,,,,,,,,,,,,,,,,,,,,,,,,,,,,,,,,,,,,,,,,,,,,,,,
5,3,,,,,,,99,79,65,22,235.3,2745,10801,31,0,8.5,1.8;5.3;3.2;3.8;1.6;1.7;38.2;41.8;5.0;4.8;41.6;51.4;1.2;1.4;0.1;0.1;0.1;0.1;0.3;0.1;0.3;0.1;0.4;0.1,37.92,0.06,0.06,0.05,14.986,0.5,1171.0,5810.0,4,16,,,,,,,,,,,,,,,,,,,,,,,,,,,,,,,,,,,,,,,,,,,,,,,,,,,,,,,,,,,,,
5,4,,,,,,,100,54,65,20,237.5,2745,10801,32,0,7.9,0.8;3.3;0.8;1.4;0.6;0.4;53.9;32.6;2.9;5.2;36.7;47.3;0.7;0.7;0.0;0.0;0.3;0.0;0.0;0.0;1.0;0.8;0.3;0.1,38.08,0.06,0.0,0.04,14.986,0.5,1464.0,5761.0,4,16,,,,,,,,,,,,,,,,,,,,,,,,,,,,,,,,,,,,,,,,,,,,,,,,,,,,,,,,,,,,,
5,5,,,,,,,100,79,65,22,237.4,2745,10801,33,0,8.3,1.2;3.5;1.6;1.9;0.4;0.5;45.2;36.1;4.7;4.5;38.6;59.0;1.1;0.6;0.0;0.0;0.0;0.0;0.0;0.0;0.0;0.3;0.4;0.0,38.06,0.06,0.0,0.04,14.986,0.5,2539.0,5468.0,4,16,,,,,,,,,,,,,,,,,,,,,,,,,,,,,,,,,,,,,,,,,,,,,,,,,,,,,,,,,,,,,
5,6,,,,,,,100,87,67,17,236.9,2730,10801,34,0,7.9,1.1;12.3;2.1;0.5;0.0;0.4;45.3;47.5;3.2;2.2;32.0;41.7;1.0;0.8;0.0;0.0;0.0;0.0;0.0;0.0;0.0;0.3;0.0;0.0,38.1,0.06,0.0,0.06,14.986,0.5,3369.0,5615.0,4,16,,,,,,,,,,,,,,,,,,,,,,,,,,,,,,,,,,,,,,,,,,,,,,,,,,,,,,,,,,,,,
5,7,,,,,,,100,81,69,17,236.8,2730,10801,34,0,7.3,1.1;3.0;1.0;0.5;0.1;0.7;38.7;33.8;2.9;2.5;28.3;58.6;0.8;0.8;0.0;0.0;0.0;0.0;0.1;0.0;1.8;0.7;0.1;0.0,38.01,0.06,0.01,0.06,14.986,0.5,1269.0,5664.0,4,16,,,,,,,,,,,,,,,,,,,,,,,,,,,,,,,,,,,,,,,,,,,,,,,,,,,,,,,,,,,,,
5,8,,,,,,,100,50,68,16,239.8,2730,10801,35,0,7.5,1.4;4.2;2.0;1.2;0.8;0.8;42.6;36.8;2.2;2.3;37.0;44.3;0.8;0.4;0.3;0.0;0.0;0.0;0.0;0.1;1.1;1.4;0.0;0.0,38.01,0.06,0.01,0.03,14.986,0.5,1318.0,5419.0,4,16,,,,,,,,,,,,,,,,,,,,,,,,,,,,,,,,,,,,,,,,,,,,,,,,,,,,,,,,,,,,,
5,9,,,,,,,100,69,68,15,239.9,2730,10801,35,0,5.2,1.0;4.7;1.2;1.0;0.7;0.1;18.3;46.8;0.7;2.6;20.6;26.0;0.4;0.0;0.1;0.0;0.0;0.1;0.0;0.0;0.0;0.0;0.3;0.1,37.99,0.06,0.0,0.04,14.986,0.5,2490.0,5615.0,4,16,,,,,,,,,,,,,,,,,,,,,,,,,,,,,,,,,,,,,,,,,,,,,,,,,,,,,,,,,,,,,
5,10,,,,,,,100,50,70,18,240.7,2730,10801,35,0,5.1,0.3;2.6;0.6;1.2;0.6;0.9;35.6;26.0;0.3;3.5;41.0;9.7;0.0;0.0;0.3;0.0;0.0;0.0;0.0;0.0;0.0;0.0;0.0;0.0,37.99,0.06,0.0,0.03,14.986,0.5,54394.0,132666.0,4,16,,,,,,,,,,,,,,,,,,,,,,,,,,,,,,,,,,,,,,,,,,,,,,,,,,,,,,,,,,,,,
5,summary,0.6252370570362779,0.9183919511442493,0.4963429658914204,0.9588043920292803,0.00100000,165.9,,,,,,,,,,,,,,,,,,,,,,99,99.9,100,50,69.9,88,56,65.3,70,15,19.6,27,78.8,221.78,240.7,2737.5,10801.0,32.9,0,5.1,7.91,13.6,37.92,38.02,38.1,63.16,0.06,0.06,0.06,19.04,0.0,0.01,0.06,0.03,0.2,1.62,11.015,14.486,14.986,14.99,14.986,15.992,0.5,0.5,0.5,634.0,7128.4,54394.0,1513.0,18031.8,132666.0,4,4.0,4,16,16.0,16,4,16,44.95,95.34
6,1,,,,,,,93,60,62,20,87.0,2745,10801,35,0,22.9,24.3;27.0;27.9;29.1;26.7;28.1;75.0;45.0;31.1;32.2;66.1;55.1;17.4;17.3;4.5;3.6;7.2;8.1;2.4;2.3;4.8;4.7;4.0;4.8,38.26,0.06,0.01,0.03,15.551,0.479,1562.0,537.0,4,16,,,,,,,,,,,,,,,,,,,,,,,,,,,,,,,,,,,,,,,,,,,,,,,,,,,,,,,,,,,,,
6,2,,,,,,,100,71,66,18,219.2,2745,10801,35,0,7.7,1.4;4.6;2.0;1.4;0.1;0.4;51.5;26.6;4.3;4.0;46.8;40.5;0.4;0.7;0.0;0.0;0.0;0.0;0.0;0.1;0.0;0.0;0.1;0.0,38.22,0.06,0.0,4.32,15.551,0.479,19238.0,12353.0,4,16,,,,,,,,,,,,,,,,,,,,,,,,,,,,,,,,,,,,,,,,,,,,,,,,,,,,,,,,,,,,,
6,3,,,,,,,100,47,66,21,221.6,2745,10801,35,0,8.6,1.8;13.6;2.1;1.2;0.4;0.8;51.8;44.6;4.9;4.0;44.6;33.3;0.9;0.7;0.1;0.0;0.0;0.0;0.0;0.2;0.5;0.7;0.0;0.0,38.12,0.06,0.0,1.99,15.551,0.479,1269.0,6884.0,4,16,,,,,,,,,,,,,,,,,,,,,,,,,,,,,,,,,,,,,,,,,,,,,,,,,,,,,,,,,,,,,
6,4,,,,,,,100,67,67,18,223.8,2745,10801,36,0,7.5,1.5;2.8;2.1;1.4;1.1;0.5;56.4;30.9;2.7;2.5;42.9;32.3;1.0;0.6;0.0;0.4;0.2;0.1;0.2;0.1;0.4;0.0;0.7;0.1,38.19,0.06,0.07,2.35,15.551,0.479,3662.0,5664.0,4,16,,,,,,,,,,,,,,,,,,,,,,,,,,,,,,,,,,,,,,,,,,,,,,,,,,,,,,,,,,,,,
6,5,,,,,,,100,72,65,18,217.6,2730,10801,35,0,7.3,1.0;2.5;1.0;0.4;0.5;0.2;47.6;32.1;2.4;1.6;26.1;58.7;0.7;0.8;0.1;0.0;0.0;0.0;0.0;0.0;0.0;0.0;0.2;0.1,38.12,0.06,0.0,0.03,15.551,0.479,2099.0,5761.0,4,16,,,,,,,,,,,,,,,,,,,,,,,,,,,,,,,,,,,,,,,,,,,,,,,,,,,,,,,,,,,,,
6,6,,,,,,,100,50,67,22,224.6,2730,10801,35,0,7.4,1.4;3.9;2.1;0.5;0.5;0.2;41.2;32.0;1.7;1.8;49.9;39.8;0.7;0.6;0.0;0.0;0.0;0.0;0.1;0.0;0.5;0.6;0.1;0.2,38.21,0.06,0.0,0.04,15.551,0.479,1318.0,6884.0,4,16,,,,,,,,,,,,,,,,,,,,,,,,,,,,,,,,,,,,,,,,,,,,,,,,,,,,,,,,,,,,,
6,7,,,,,,,100,52,66,23,222.7,2730,10801,35,0,7.7,1.8;6.9;1.8;1.0;1.3;0.2;45.2;29.1;3.8;2.4;31.2;56.8;1.0;0.7;0.1;0.0;0.0;0.1;0.0;0.0;0.0;0.2;0.0;0.0,38.11,0.06,0.0,0.02,15.551,0.479,2197.0,5810.0,4,16,,,,,,,,,,,,,,,,,,,,,,,,,,,,,,,,,,,,,,,,,,,,,,,,,,,,,,,,,,,,,
6,8,,,,,,,100,82,69,19,227.1,2730,10801,36,0,8.2,1.3;5.8;3.0;1.5;1.3;0.8;60.4;29.9;4.6;3.7;32.4;49.7;0.7;0.8;0.0;0.0;0.0;0.1;0.0;0.0;0.1;0.5;0.1;0.0,38.1,0.06,0.0,0.02,15.551,0.479,1367.0,5566.0,4,16,,,,,,,,,,,,,,,,,,,,,,,,,,,,,,,,,,,,,,,,,,,,,,,,,,,,,,,,,,,,,
6,9,,,,,,,100,47,69,19,225.2,2730,10801,35,0,5.9,0.5;5.0;1.4;1.3;0.2;0.5;13.5;22.8;2.8;2.7;45.3;44.4;0.1;0.1;0.1;0.0;0.1;0.0;0.0;0.0;0.0;0.2;0.0;0.1,38.09,0.06,0.01,0.05,15.551,0.479,2148.0,5664.0,4,16,,,,,,,,,,,,,,,,,,,,,,,,,,,,,,,,,,,,,,,,,,,,,,,,,,,,,,,,,,,,,
6,10,,,,,,,100,55,65,23,211.4,2730,10801,35,0,7.1,0.3;7.3;2.5;2.0;1.3;2.5;36.2;42.7;3.8;5.5;36.8;27.3;0.5;0.3;0.0;0.0;0.0;0.0;0.3;0.0;0.0;0.0;0.3;0.5,38.1,0.06,0.03,0.15,15.551,0.479,2392.0,488.0,4,16,,,,,,,,,,,,,,,,,,,,,,,,,,,,,,,,,,,,,,,,,,,,,,,,,,,,,,,,,,,,,
6,summary,0.6001954432891414,0.9252883049035157,0.48689502182894967,0.9582757218381456,0.00100000,143.9,,,,,,,,,,,,,,,,,,,,,,93,99.3,100,47,60.3,82,62,66.2,69,18,20.1,23,87.0,208.02,227.1,2736.0,10801.0,35.2,0,5.9,9.03,22.9,38.09,38.15,38.26,63.16,0.06,0.06,0.06,20.06,0.0,0.01,0.07,0.02,0.9,4.32,11.015,15.072,15.551,15.55,15.551,15.992,0.479,0.48,0.479,1269.0,3725.2,19238.0,488.0,5561.1,12353.0,4,4.0,4,16,16.0,16,4,16,2.47,110.42
7,1,,,,,,,100,50,65,21,100.3,2745,10801,35,0,19.9,18.6;23.9;24.6;23.6;22.5;23.8;55.5;50.1;25.8;26.0;58.8;57.0;15.7;14.7;2.8;2.3;5.9;7.8;1.7;1.4;3.7;4.1;3.1;2.9,38.41,0.06,0.0,0.06,15.547,0.475,25146.0,70605.0,4,16,,,,,,,,,,,,,,,,,,,,,,,,,,,,,,,,,,,,,,,,,,,,,,,,,,,,,,,,,,,,,
7,2,,,,,,,100,65,65,17,238.8,2745,10801,35,0,7.8,2.1;9.4;1.4;1.5;0.7;0.7;50.0;23.5;2.9;3.3;49.5;38.8;0.8;0.6;0.0;0.0;0.0;0.0;0.4;0.0;0.3;0.0;0.6;0.7,38.39,0.06,0.0,3.65,15.547,0.475,2587.0,6884.0,4,16,,,,,,,,,,,,,,,,,,,,,,,,,,,,,,,,,,,,,,,,,,,,,,,,,,,,,,,,,,,,,
7,3,,,,,,,100,74,67,16,239.1,2730,10801,35,0,7.4,1.1;4.4;1.2;0.8;0.1;0.8;62.4;32.8;3.2;2.7;30.1;37.1;0.3;0.7;0.1;0.0;0.0;0.1;0.0;0.0;0.3;0.1;0.3;0.0,38.29,0.06,0.0,2.39,15.547,0.475,1416.0,5859.0,4,16,,,,,,,,,,,,,,,,,,,,,,,,,,,,,,,,,,,,,,,,,,,,,,,,,,,,,,,,,,,,,
7,4,,,,,,,98,76,68,17,238.7,2730,10801,36,0,8.1,1.1;12.4;2.9;2.2;0.8;0.8;40.3;31.9;3.0;2.6;32.4;60.4;0.8;1.0;0.1;0.0;0.0;0.0;0.1;0.0;0.0;0.0;0.3;0.0,38.3,0.06,0.0,1.62,15.547,0.475,1562.0,13330.0,4,16,,,,,,,,,,,,,,,,,,,,,,,,,,,,,,,,,,,,,,,,,,,,,,,,,,,,,,,,,,,,,
7,5,,,,,,,100,53,70,14,239.1,2730,10801,36,0,8.0,1.2;2.8;2.7;1.5;0.4;0.5;57.3;36.7;3.8;4.1;41.4;37.4;0.8;0.4;0.1;0.0;0.0;0.1;0.0;0.0;0.1;0.0;0.0;0.0,38.23,0.06,0.0,2.23,15.547,0.475,830.0,7226.0,4,16,,,,,,,,,,,,,,,,,,,,,,,,,,,,,,,,,,,,,,,,,,,,,,,,,,,,,,,,,,,,,
7,6,,,,,,,100,56,69,15,240.9,2730,10801,36,0,7.9,1.1;3.5;3.8;1.8;0.0;0.4;34.6;35.7;4.4;3.0;37.4;63.7;0.3;0.4;0.0;0.0;0.0;0.0;0.0;0.0;0.0;0.0;0.0;0.0,38.28,0.06,0.0,0.05,15.547,0.475,2050.0,6933.0,4,16,,,,,,,,,,,,,,,,,,,,,,,,,,,,,,,,,,,,,,,,,,,,,,,,,,,,,,,,,,,,,
7,7,,,,,,,100,69,70,16,240.7,2730,10801,36,0,8.7,1.9;13.4;1.9;2.2;0.4;1.2;55.3;43.0;4.0;4.7;35.1;42.9;1.0;0.7;0.3;0.3;0.1;0.0;0.0;0.0;0.0;0.3;0.5;0.4,38.26,0.06,0.0,0.03,15.547,0.475,2294.0,14697.0,4,16,,,,,,,,,,,,,,,,,,,,,,,,,,,,,,,,,,,,,,,,,,,,,,,,,,,,,,,,,,,,,
7,8,,,,,,,100,85,66,22,239.2,2730,10801,37,0,7.3,1.4;3.3;1.5;1.0;0.4;0.3;40.7;41.6;1.2;4.3;30.8;45.8;0.8;0.8;0.0;0.0;0.0;0.0;0.0;0.0;0.0;0.0;0.1;0.1,38.21,0.06,0.0,0.05,15.547,0.475,1660.0,7080.0,4,16,,,,,,,,,,,,,,,,,,,,,,,,,,,,,,,,,,,,,,,,,,,,,,,,,,,,,,,,,,,,,
7,9,,,,,,,98,79,70,15,238.0,2730,10801,37,0,5.2,0.7;2.7;1.2;0.8;0.4;0.4;23.4;36.7;3.4;2.9;33.3;17.2;0.1;0.1;0.3;0.1;0.1;0.1;0.1;0.0;0.8;0.7;0.0;0.0,38.2,0.06,0.0,0.02,15.547,0.475,1513.0,5517.0,4,16,,,,,,,,,,,,,,,,,,,,,,,,,,,,,,,,,,,,,,,,,,,,,,,,,,,,,,,,,,,,,
7,10,,,,,,,98,84,70,15,237.8,2730,10801,37,0,5.1,0.3;1.2;0.6;0.6;0.0;0.0;28.5;33.0;1.2;2.7;16.5;37.5;0.0;0.0;0.0;0.0;0.0;0.0;0.0;0.0;0.0;0.0;0.6;0.0,38.19,0.06,0.0,0.03,15.547,0.475,1953.0,5664.0,4,16,,,,,,,,,,,,,,,,,,,,,,,,,,,,,,,,,,,,,,,,,,,,,,,,,,,,,,,,,,,,,
7,summary,0.5833322683531561,0.9287831272560262,0.4774433250711332,0.9607970719804799,0.00100000,124.2,,,,,,,,,,,,,,,,,,,,,,98,99.4,100,50,69.1,85,65,68.0,70,14,16.8,22,100.3,225.26,240.9,2733.0,10801.0,36.0,0,5.1,8.54,19.9,38.19,38.28,38.41,63.16,0.06,0.06,0.06,20.06,0.0,0.0,0.0,0.02,1.01,3.65,11.015,15.072,15.547,15.55,15.547,15.992,0.475,0.47,0.475,830.0,4101.1,25146.0,5517.0,14379.5,70605.0,4,4.0,4,16,16.0,16,4,16,2.49,95.13
8,1,,,,,,,100,48,65,19,109.0,2730,10801,37,0,22.3,24.6;25.5;28.2;27.3;28.2;27.4;58.6;67.3;30.6;30.6;56.1;57.0;16.3;16.8;3.0;3.3;8.7;7.6;1.2;1.3;4.7;4.2;3.4;4.2,38.48,0.06,0.0,0.02,15.547,0.475,1025.0,5517.0,4,16,,,,,,,,,,,,,,,,,,,,,,,,,,,,,,,,,,,,,,,,,,,,,,,,,,,,,,,,,,,,,
8,2,,,,,,,100,89,69,17,227.8,2730,10801,37,0,8.1,2.0;3.4;3.0;1.8;1.0;1.5;66.3;32.9;6.1;3.4;36.9;32.7;0.6;2.2;0.1;0.0;0.1;0.1;0.6;0.1;0.0;0.0;0.0;0.0,38.44,0.06,0.0,3.39,15.547,0.475,1708.0,5712.0,4,16,,,,,,,,,,,,,,,,,,,,,,,,,,,,,,,,,,,,,,,,,,,,,,,,,,,,,,,,,,,,,
8,3,,,,,,,100,70,68,17,228.9,2745,10801,36,0,8.3,0.8;3.8;2.4;2.3;1.0;0.6;49.6;32.0;4.3;4.8;55.5;38.0;0.6;0.6;0.1;0.1;0.3;0.1;0.1;0.1;0.1;0.3;0.4;0.1,38.34,0.06,0.0,2.47,15.547,0.475,1074.0,5419.0,4,16,,,,,,,,,,,,,,,,,,,,,,,,,,,,,,,,,,,,,,,,,,,,,,,,,,,,,,,,,,,,,
8,4,,,,,,,100,77,68,17,228.3,2730,10801,36,0,8.6,1.8;12.4;1.8;0.9;0.8;0.4;59.5;37.4;5.5;2.4;40.5;42.5;0.3;0.4;0.0;0.0;0.1;0.0;0.0;0.0;0.1;0.3;0.1;0.0,38.37,0.06,0.01,1.87,15.547,0.475,1660.0,7031.0,4,16,,,,,,,,,,,,,,,,,,,,,,,,,,,,,,,,,,,,,,,,,,,,,,,,,,,,,,,,,,,,,
8,5,,,,,,,100,67,66,19,223.1,2730,10801,37,0,7.7,1.0;3.6;1.0;1.7;0.8;0.5;67.6;27.7;3.4;2.4;21.2;48.9;0.5;0.9;0.1;0.0;0.1;0.3;0.0;0.0;1.1;1.3;0.0;0.0,38.31,0.06,0.03,1.83,15.547,0.475,2197.0,5908.0,4,16,,,,,,,,,,,,,,,,,,,,,,,,,,,,,,,,,,,,,,,,,,,,,,,,,,,,,,,,,,,,,
8,6,,,,,,,100,63,67,20,228.6,2730,10801,37,0,7.6,0.9;3.6;1.4;0.5;0.3;0.6;43.0;40.5;3.3;2.0;55.6;30.1;0.4;0.5;0.0;0.0;0.0;0.0;0.1;0.0;0.0;0.1;0.0;0.0,38.32,0.06,0.01,0.03,15.547,0.475,1318.0,6933.0,4,16,,,,,,,,,,,,,,,,,,,,,,,,,,,,,,,,,,,,,,,,,,,,,,,,,,,,,,,,,,,,,
8,7,,,,,,,98,48,64,21,222.5,2730,10801,36,0,7.6,0.9;2.6;1.4;0.5;0.5;1.4;50.4;27.9;2.2;3.1;55.1;33.8;0.3;0.1;0.0;0.1;0.1;0.0;0.0;0.1;0.3;0.0;0.3;0.3,38.21,0.06,0.0,0.03,15.547,0.475,3613.0,5664.0,4,16,,,,,,,,,,,,,,,,,,,,,,,,,,,,,,,,,,,,,,,,,,,,,,,,,,,,,,,,,,,,,
8,8,,,,,,,100,54,70,21,229.7,2745,10801,37,0,7.7,0.9;5.3;1.5;1.4;0.5;0.4;58.0;23.2;1.8;1.8;43.6;42.5;0.6;0.6;0.0;0.0;0.1;0.1;0.0;0.0;0.0;0.0;1.1;0.6,38.15,0.06,0.0,0.02,15.547,0.475,1269.0,6884.0,4,16,,,,,,,,,,,,,,,,,,,,,,,,,,,,,,,,,,,,,,,,,,,,,,,,,,,,,,,,,,,,,
8,9,,,,,,,98,64,67,15,224.9,2730,10801,37,0,5.8,0.4;7.9;0.9;1.1;0.3;0.4;12.8;38.3;1.9;1.4;31.7;40.7;0.4;0.3;0.1;0.1;0.3;0.0;0.3;0.0;0.0;0.0;0.4;0.1,38.12,0.06,0.0,0.03,15.547,0.475,1269.0,5615.0,4,16,,,,,,,,,,,,,,,,,,,,,,,,,,,,,,,,,,,,,,,,,,,,,,,,,,,,,,,,,,,,,
8,10,,,,,,,99,52,65,23,222.9,2730,10801,37,0,6.3,0.5;5.0;2.1;2.1;1.1;0.8;19.5;63.1;4.8;3.5;26.5;19.0;1.1;0.0;0.0;0.0;0.0;0.0;0.3;0.0;0.0;0.5;0.5;0.5,38.15,0.06,0.0,0.04,15.547,0.475,341.0,244.0,4,16,,,,,,,,,,,,,,,,,,,,,,,,,,,,,,,,,,,,,,,,,,,,,,,,,,,,,,,,,,,,,
8,summary,0.5698649229090157,0.9318904333723241,0.4733511988687147,0.9612037413582757,0.00100000,134.0,,,,,,,,,,,,,,,,,,,,,,98,99.5,100,48,63.2,89,64,66.9,70,15,18.9,23,109.0,214.57,229.7,2733.0,10801.0,36.7,0,5.8,9.0,22.3,38.12,38.29,38.48,63.16,0.06,0.06,0.06,20.06,0.0,0.01,0.03,0.02,0.97,3.39,11.015,15.072,15.547,15.55,15.547,15.992,0.475,0.47,0.475,341.0,1547.4,3613.0,244.0,5492.7,7031.0,4,4.0,4,16,16.0,16,4,16,2.14,102.85
9,1,,,,,,,100,53,58,26,61.1,2745,10801,30,0,12.9,10.6;13.1;12.9;13.0;11.7;11.5;27.4;52.7;15.0;16.6;30.2;52.4;8.4;9.2;1.6;1.7;4.0;4.3;1.1;0.9;2.8;3.2;1.8;3.0,38.05,0.06,0.01,1.56,13.699,0.0,146.0,4931.0,4,16,,,,,,,,,,,,,,,,,,,,,,,,,,,,,,,,,,,,,,,,,,,,,,,,,,,,,,,,,,,,,
9,2,,,,,,,100,87,63,22,233.9,2745,10801,30,0,7.4,1.4;4.5;1.8;1.7;0.6;0.5;48.6;31.5;2.1;4.0;37.0;43.1;0.3;0.6;0.0;0.2;0.0;0.0;0.0;0.2;0.0;0.0;0.2;0.0,38.15,0.06,0.0,0.1,13.699,0.0,878.0,7128.0,4,16,,,,,,,,,,,,,,,,,,,,,,,,,,,,,,,,,,,,,,,,,,,,,,,,,,,,,,,,,,,,,
9,3,,,,,,,100,52,63,20,233.8,2745,10801,30,0,8.0,0.8;4.5;1.5;2.4;0.5;1.1;55.3;29.9;3.3;4.3;36.5;47.7;0.8;0.8;0.3;0.2;0.9;0.3;0.0;0.0;0.2;0.2;0.0;0.3,38.06,0.06,0.0,0.03,13.699,0.0,2197.0,2880.0,4,16,,,,,,,,,,,,,,,,,,,,,,,,,,,,,,,,,,,,,,,,,,,,,,,,,,,,,,,,,,,,,
9,4,,,,,,,100,73,64,18,234.6,2730,10801,31,0,7.9,0.8;2.7;1.5;1.7;2.4;0.6;34.8;33.2;3.3;4.7;50.1;50.0;0.9;0.8;0.3;0.3;0.5;0.0;0.0;0.2;0.2;0.3;0.3;0.3,38.14,0.06,0.0,0.03,13.699,0.0,1562.0,1562.0,4,16,,,,,,,,,,,,,,,,,,,,,,,,,,,,,,,,,,,,,,,,,,,,,,,,,,,,,,,,,,,,,
9,5,,,,,,,100,63,66,18,233.5,2745,10801,32,0,8.6,1.5;5.5;2.4;4.4;0.8;1.1;54.2;27.4;4.0;6.2;52.4;41.0;0.9;0.8;0.2;0.0;0.0;0.0;0.0;0.3;0.8;0.6;0.2;0.5,38.12,0.06,0.0,0.02,13.699,0.0,781.0,1855.0,4,16,,,,,,,,,,,,,,,,,,,,,,,,,,,,,,,,,,,,,,,,,,,,,,,,,,,,,,,,,,,,,
9,6,,,,,,,100,69,67,25,235.6,2745,10801,33,0,8.2,1.1;14.1;2.1;1.8;0.8;0.3;43.4;59.5;3.0;2.4;33.3;32.8;0.8;0.8;0.0;0.2;0.2;0.0;0.2;0.0;0.3;0.0;0.3;0.0,37.88,0.06,0.0,0.02,13.699,0.0,976.0,390.0,4,16,,,,,,,,,,,,,,,,,,,,,,,,,,,,,,,,,,,,,,,,,,,,,,,,,,,,,,,,,,,,,
9,7,,,,,,,100,48,68,20,238.0,2745,10801,33,0,7.1,0.6;3.3;0.5;1.1;0.0;0.3;47.0;18.2;1.7;3.2;30.2;63.4;0.2;0.5;0.0;0.0;0.0;0.0;0.0;0.0;0.0;0.0;0.0;0.0,37.94,0.06,0.0,0.03,13.699,0.0,146.0,7373.0,4,16,,,,,,,,,,,,,,,,,,,,,,,,,,,,,,,,,,,,,,,,,,,,,,,,,,,,,,,,,,,,,
9,8,,,,,,,84,67,66,18,233.8,2730,10801,34,0,7.0,0.8;2.0;1.1;0.9;0.2;0.3;64.6;27.0;1.7;2.4;33.4;32.7;0.6;0.8;0.0;0.0;0.0;0.0;0.0;0.0;0.0;0.0;0.0;0.0,37.96,0.06,0.01,0.02,13.699,0.0,1123.0,24072.0,4,16,,,,,,,,,,,,,,,,,,,,,,,,,,,,,,,,,,,,,,,,,,,,,,,,,,,,,,,,,,,,,
9,9,,,,,,,100,70,67,19,236.1,2745,10801,34,0,7.0,0.6;3.1;0.6;0.6;0.3;0.0;43.2;34.7;1.8;2.9;38.5;39.4;0.6;0.5;0.0;0.0;0.0;0.0;0.0;0.0;1.5;0.2;0.0;0.0,37.89,0.06,0.0,0.04,13.699,0.0,683.0,1855.0,4,16,,,,,,,,,,,,,,,,,,,,,,,,,,,,,,,,,,,,,,,,,,,,,,,,,,,,,,,,,,,,,
9,10,,,,,,,100,74,67,15,237.7,2730,10801,35,0,5.5,1.5;9.2;0.8;1.7;0.3;0.2;25.9;21.1;1.2;3.0;12.9;53.4;0.0;0.2;0.0;0.0;0.0;0.0;0.0;0.0;0.0;0.0;0.0;0.2,37.89,0.06,0.0,0.02,13.699,0.0,146.0,1855.0,4,16,,,,,,,,,,,,,,,,,,,,,,,,,,,,,,,,,,,,,,,,,,,,,,,,,,,,,,,,,,,,,
9,11,,,,,,,100,68,68,18,236.3,2745,10801,35,0,5.6,0.4;11.8;1.2;1.6;0.8;0.8;38.0;22.4;1.2;1.6;38.0;14.5;0.0;0.8;0.0;0.0;0.0;0.0;0.0;0.0;0.0;0.0;0.8;0.0,37.9,0.06,0.01,0.02,13.699,0.0,2099.0,5615.0,4,16,,,,,,,,,,,,,,,,,,,,,,,,,,,,,,,,,,,,,,,,,,,,,,,,,,,,,,,,,,,,,
9,summary,0.5558324941383513,0.9368205010441409,0.4693599252184022,0.9605937372915819,0.00100000,163.7,,,,,,,,,,,,,,,,,,,,,,84,98.55,100,48,65.82,87,58,65.18,68,15,19.91,26,61.1,219.49,238.0,2740.9,10801.0,32.5,0,5.5,7.75,12.9,37.88,38.0,38.15,63.16,0.06,0.06,0.06,18.09,0.0,0.0,0.01,0.02,0.17,1.56,11.015,15.072,13.699,13.7,13.699,15.992,0.0,0.0,0.0,146.0,976.09,2197.0,390.0,5410.55,24072.0,4,4.0,4,16,16.0,16,4,16,45.07,95.31
10,1,,,,,,,100,61,63,19,144.2,2745,10801,35,0,24.3,25.7;29.1;31.6;31.7;27.8;29.2;57.1;69.0;35.3;35.9;61.7;62.0;18.1;19.0;3.7;3.0;9.6;10.4;2.0;2.1;5.7;5.9;3.9;4.2,38.09,0.06,0.0,0.02,15.35,0.278,1123.0,7128.0,4,16,,,,,,,,,,,,,,,,,,,,,,,,,,,,,,,,,,,,,,,,,,,,,,,,,,,,,,,,,,,,,
10,2,,,,,,,100,73,68,16,238.1,2730,10801,35,0,8.1,0.6;2.9;2.1;1.2;0.3;0.3;42.8;39.7;4.4;4.7;46.3;45.7;1.4;0.8;0.0;0.0;0.0;0.0;0.0;0.0;0.0;0.3;0.0;0.0,38.02,0.06,0.0,4.45,15.35,0.278,4736.0,6835.0,4,16,,,,,,,,,,,,,,,,,,,,,,,,,,,,,,,,,,,,,,,,,,,,,,,,,,,,,,,,,,,,,
10,3,,,,,,,98,77,64,15,236.4,2730,10801,35,0,8.7,2.6;14.3;1.5;1.2;0.6;0.2;52.4;44.7;4.6;2.6;39.9;41.0;1.2;0.9;0.3;0.0;0.0;0.2;0.0;0.0;0.0;0.2;0.3;0.2,38.04,0.06,0.0,2.26,15.35,0.278,1318.0,2929.0,4,16,,,,,,,,,,,,,,,,,,,,,,,,,,,,,,,,,,,,,,,,,,,,,,,,,,,,,,,,,,,,,
10,4,,,,,,,100,63,68,19,237.4,2730,10801,35,0,7.3,0.8;3.9;2.6;0.9;0.5;0.9;49.0;34.5;3.0;2.4;41.9;33.0;0.6;0.8;0.2;0.0;0.3;0.0;0.0;0.0;0.2;0.0;0.3;0.0,37.96,0.06,0.0,1.77,15.35,0.278,195.0,1562.0,4,16,,,,,,,,,,,,,,,,,,,,,,,,,,,,,,,,,,,,,,,,,,,,,,,,,,,,,,,,,,,,,
10,5,,,,,,,100,74,67,17,237.2,2730,10801,35,0,7.4,0.9;3.4;0.9;2.0;0.9;0.6;49.0;26.7;4.1;1.7;40.1;44.5;1.1;0.3;0.0;0.0;0.0;0.2;0.2;0.0;0.2;0.8;0.6;0.2,37.92,0.06,0.0,2.47,15.35,0.278,1025.0,1611.0,4,16,,,,,,,,,,,,,,,,,,,,,,,,,,,,,,,,,,,,,,,,,,,,,,,,,,,,,,,,,,,,,
10,6,,,,,,,100,61,70,15,237.7,2730,10801,36,0,7.4,1.2;4.0;0.9;0.8;0.5;0.9;49.5;22.9;2.9;3.8;55.5;32.2;1.2;0.9;0.0;0.2;0.2;0.0;0.0;0.2;0.2;0.0;0.3;0.2,37.96,0.06,0.01,0.06,15.35,0.278,830.0,1757.0,4,16,,,,,,,,,,,,,,,,,,,,,,,,,,,,,,,,,,,,,,,,,,,,,,,,,,,,,,,,,,,,,
10,7,,,,,,,100,86,64,22,239.7,2730,10801,36,0,7.5,1.8;5.3;1.2;1.1;1.8;0.5;35.9;32.3;4.1;2.3;43.2;48.5;0.3;0.9;0.0;0.2;0.0;0.0;0.0;0.0;0.2;0.5;0.0;0.2,37.93,0.06,0.0,0.04,15.35,0.278,146.0,7910.0,4,16,,,,,,,,,,,,,,,,,,,,,,,,,,,,,,,,,,,,,,,,,,,,,,,,,,,,,,,,,,,,,
10,8,,,,,,,98,80,69,16,237.4,2730,10801,36,0,7.6,0.8;10.1;1.7;1.4;0.6;0.6;55.7;30.1;3.6;2.4;41.8;31.9;0.6;0.8;0.0;0.0;0.0;0.0;0.0;0.0;0.0;0.5;0.0;0.0,37.9,0.06,0.0,0.02,15.35,0.278,1025.0,6054.0,4,16,,,,,,,,,,,,,,,,,,,,,,,,,,,,,,,,,,,,,,,,,,,,,,,,,,,,,,,,,,,,,
10,9,,,,,,,100,53,70,14,237.2,2730,10801,36,0,8.0,1.8;6.8;3.0;2.9;0.5;0.5;49.3;41.5;5.3;2.3;36.8;37.5;0.5;0.8;0.0;0.0;0.0;0.0;0.0;0.0;0.9;2.3;0.0;0.0,37.93,0.06,0.0,0.03,15.35,0.278,1123.0,3271.0,4,16,,,,,,,,,,,,,,,,,,,,,,,,,,,,,,,,,,,,,,,,,,,,,,,,,,,,,,,,,,,,,
10,10,,,,,,,100,83,66,13,237.4,2730,10801,36,0,5.9,0.6;2.9;2.0;1.1;0.6;0.3;21.4;35.9;4.3;1.2;22.2;45.8;0.3;0.2;0.0;0.0;0.0;0.0;0.0;0.2;0.9;1.8;0.0;0.0,37.92,0.06,0.0,0.02,15.35,0.278,390.0,1904.0,4,16,,,,,,,,,,,,,,,,,,,,,,,,,,,,,,,,,,,,,,,,,,,,,,,,,,,,,,,,,,,,,
10,11,,,,,,,100,59,70,16,237.8,2730,10801,37,0,5.9,0.0;3.5;2.4;0.4;0.4;0.4;44.3;18.5;2.8;3.1;34.8;30.3;0.0;0.0;0.0;0.0;0.0;0.0;0.4;0.0;0.4;0.0;0.0;0.4,37.93,0.06,0.0,0.02,15.35,0.278,1904.0,6982.0,4,16,,,,,,,,,,,,,,,,,,,,,,,,,,,,,,,,,,,,,,,,,,,,,,,,,,,,,,,,,,,,,
10,summary,0.5486752124103682,0.9382988037230263,0.465942340248142,0.9611630744204961,0.00100000,153.6,,,,,,,,,,,,,,,,,,,,,,98,99.64,100,53,70.0,86,63,67.18,70,13,16.55,22,144.2,229.14,239.7,2731.4,10801.0,35.6,0,5.9,8.92,24.3,37.9,37.96,38.09,63.16,0.06,0.06,0.06,20.12,0.0,0.0,0.01,0.02,1.01,4.45,11.015,15.072,15.35,15.35,15.35,15.992,0.278,0.28,0.278,146.0,1255.91,4736.0,1562.0,4358.45,7910.0,4,4.0,4,16,16.0,16,4,16,2.39,95.1
11,1,,,,,,,0,0,48,34,105.5,2760,10801,30,0,10.6,5.8;6.6;7.8;7.5;5.0;5.3;27.5;42.7;12.2;13.3;28.2;46.0;5.0;4.2;1.7;1.5;2.3;2.4;7.1;13.2;2.1;2.4;2.1;2.8,42.22,0.09,10.65,0.85,15.564,0.168,292.0,0.0,4,16,,,,,,,,,,,,,,,,,,,,,,,,,,,,,,,,,,,,,,,,,,,,,,,,,,,,,,,,,,,,,
11,2,,,,,,,100,86,55,30,211.4,2745,10801,30,0,7.7,1.1;3.3;2.0;1.7;0.7;0.5;42.5;29.7;4.5;2.9;41.7;49.9;0.5;0.4;0.0;0.1;0.4;0.5;0.1;0.2;0.4;0.5;0.3;0.1,42.42,0.09,0.27,0.09,15.568,0.168,2001.0,5468.0,4,16,,,,,,,,,,,,,,,,,,,,,,,,,,,,,,,,,,,,,,,,,,,,,,,,,,,,,,,,,,,,,
11,3,,,,,,,98,80,60,28,209.7,2745,10801,30,0,7.6,1.2;4.6;2.4;1.8;0.7;0.5;39.4;36.6;2.3;3.8;39.4;46.5;0.4;0.5;0.0;0.1;0.0;0.2;0.3;0.3;0.0;0.0;0.0;0.0,42.22,0.09,0.0,0.05,15.568,0.168,1269.0,5419.0,4,16,,,,,,,,,,,,,,,,,,,,,,,,,,,,,,,,,,,,,,,,,,,,,,,,,,,,,,,,,,,,,
11,4,,,,,,,100,47,64,27,210.7,2745,10801,30,0,7.7,2.3;3.0;2.7;3.7;0.5;0.7;43.9;36.9;3.2;4.8;33.9;46.1;0.3;0.2;0.2;0.2;0.0;0.0;0.4;0.6;0.1;1.1;0.1;0.1,42.42,0.09,0.03,0.02,15.568,0.168,4003.0,5517.0,4,16,,,,,,,,,,,,,,,,,,,,,,,,,,,,,,,,,,,,,,,,,,,,,,,,,,,,,,,,,,,,,
11,5,,,,,,,100,76,63,26,211.0,2745,10801,30,0,7.9,1.3;4.2;2.3;2.0;2.2;1.6;35.1;53.8;3.3;5.3;36.2;37.1;0.7;0.9;0.2;0.3;0.3;0.3;0.3;0.2;0.5;0.8;0.3;0.3,42.26,0.09,0.0,0.13,15.568,0.168,1562.0,5419.0,4,16,,,,,,,,,,,,,,,,,,,,,,,,,,,,,,,,,,,,,,,,,,,,,,,,,,,,,,,,,,,,,
11,6,,,,,,,98,62,64,26,212.2,2745,10801,31,0,7.8,1.6;3.9;2.6;1.8;1.5;2.5;44.6;37.9;4.8;4.6;36.1;42.0;0.5;0.9;0.2;0.1;0.2;0.1;0.9;0.1;0.5;0.1;0.2;0.0,42.42,0.09,0.0,0.05,15.568,0.168,1269.0,5615.0,4,16,,,,,,,,,,,,,,,,,,,,,,,,,,,,,,,,,,,,,,,,,,,,,,,,,,,,,,,,,,,,,
11,7,,,,,,,100,59,66,25,211.9,2745,10801,32,0,7.5,0.5;2.3;2.4;1.6;1.0;0.7;32.2;38.9;4.1;3.8;39.6;49.4;0.9;1.1;0.1;0.0;0.1;0.0;0.0;0.2;0.1;0.2;0.3;0.0,42.31,0.09,0.01,0.04,15.568,0.168,1220.0,5517.0,4,16,,,,,,,,,,,,,,,,,,,,,,,,,,,,,,,,,,,,,,,,,,,,,,,,,,,,,,,,,,,,,
11,8,,,,,,,100,60,64,22,211.9,2745,10801,32,0,6.1,0.9;4.1;1.2;2.0;0.3;0.7;31.8;28.0;2.9;2.7;21.0;48.8;0.2;0.3;0.0;0.0;0.0;0.1;0.1;0.4;0.0;0.1;0.0;0.1,42.25,0.09,0.0,0.02,15.568,0.168,26904.0,107324.0,4,16,,,,,,,,,,,,,,,,,,,,,,,,,,,,,,,,,,,,,,,,,,,,,,,,,,,,,,,,,,,,,
11,9,,,,,,,100,33,64,17,214.0,2745,10801,33,0,5.7,1.1;3.1;1.5;1.1;0.2;0.8;21.5;30.6;2.3;1.5;45.9;23.4;0.8;0.6;0.0;0.0;0.2;0.2;0.0;0.3;0.3;0.0;0.0;0.2,42.26,0.09,0.0,0.02,15.568,0.168,3466.0,3955.0,4,16,,,,,,,,,,,,,,,,,,,,,,,,,,,,,,,,,,,,,,,,,,,,,,,,,,,,,,,,,,,,,
11,summary,0.5579969991353501,0.935306317232273,0.4708673233857917,0.9596583977226515,0.00100000,188.0,,,,,,,,,,,,,,,,,,,,,,0,88.44,100,0,55.89,86,48,60.89,66,17,26.11,34,105.5,199.81,214.0,2746.7,10801.0,30.9,0,5.7,7.62,10.6,42.22,42.31,42.42,63.16,0.09,0.09,0.09,24.11,0.0,1.22,10.65,0.02,0.14,0.85,11.005,15.4,15.564,15.57,15.568,15.992,0.168,0.17,0.168,292.0,4665.11,26904.0,0.0,16026.0,107324.0,4,4.0,4,16,16.0,16,4,16,52.17,110.2
12,1,,,,,,,100,40,65,26,105.0,2745,10801,33,0,25.2,27.4;28.7;30.9;31.0;28.9;29.0;63.6;59.9;32.2;31.8;65.6;66.0;15.3;16.8;4.7;4.7;10.9;10.3;6.9;10.7;8.5;7.4;7.4;7.0,40.82,0.09,0.21,0.04,15.534,0.134,0.0,2343.0,4,16,,,,,,,,,,,,,,,,,,,,,,,,,,,,,,,,,,,,,,,,,,,,,,,,,,,,,,,,,,,,,
12,2,,,,,,,100,4,55,29,111.2,2745,10801,31,0,6.0,1.1;2.2;1.7;1.8;0.5;0.6;31.7;25.8;3.7;2.4;30.8;40.2;0.3;0.3;0.0;0.0;0.2;0.1;0.3;0.6;0.2;0.2;0.1;0.1,40.55,0.09,0.01,1.43,15.535,0.135,341.0,0.0,4,16,,,,,,,,,,,,,,,,,,,,,,,,,,,,,,,,,,,,,,,,,,,,,,,,,,,,,,,,,,,,,
12,3,,,,,,,100,62,60,32,95.3,2760,10801,30,0,6.0,1.5;2.9;1.6;2.0;0.3;0.5;30.1;25.8;3.0;1.7;35.8;37.0;0.4;0.4;0.1;0.1;0.1;0.1;0.1;0.1;0.1;0.1;0.1;0.1,40.7,0.09,0.0,0.03,15.535,0.135,537.0,48.0,4,16,,,,,,,,,,,,,,,,,,,,,,,,,,,,,,,,,,,,,,,,,,,,,,,,,,,,,,,,,,,,,
12,4,,,,,,,100,7,51,32,88.5,2760,10801,30,0,6.0,1.0;2.2;1.7;1.7;0.7;0.8;31.2;26.2;2.6;2.6;30.1;42.3;0.3;0.2;0.1;0.1;0.0;0.0;0.0;0.1;0.1;0.1;0.1;0.1,40.62,0.09,0.0,0.02,15.535,0.135,1855.0,1416.0,4,16,,,,,,,,,,,,,,,,,,,,,,,,,,,,,,,,,,,,,,,,,,,,,,,,,,,,,,,,,,,,,
12,5,,,,,,,100,70,56,30,95.7,2745,10801,30,0,5.9,1.5;2.3;1.9;1.9;0.6;1.0;20.2;28.0;1.6;2.6;36.5;42.5;0.2;0.3;0.0;0.0;0.1;0.1;0.1;0.0;0.1;0.1;0.1;0.0,40.58,0.09,0.0,0.05,15.535,0.135,537.0,0.0,4,16,,,,,,,,,,,,,,,,,,,,,,,,,,,,,,,,,,,,,,,,,,,,,,,,,,,,,,,,,,,,,
12,6,,,,,,,100,4,50,30,83.4,2760,10801,30,0,5.7,0.7;2.2;1.5;0.9;0.3;0.3;27.3;29.7;2.0;2.3;25.9;42.9;0.1;0.3;0.0;0.1;0.0;0.1;0.1;0.1;0.0;0.1;0.0;0.0,40.55,0.09,0.0,0.03,15.535,0.135,585.0,0.0,4,16,,,,,,,,,,,,,,,,,,,,,,,,,,,,,,,,,,,,,,,,,,,,,,,,,,,,,,,,,,,,,
12,7,,,,,,,100,31,50,34,112.0,2760,10801,30,0,6.8,1.5;2.5;2.3;2.1;0.6;0.6;30.5;32.3;3.3;2.4;31.7;42.0;0.4;0.5;0.2;0.2;0.1;0.1;4.1;5.2;0.1;0.1;0.1;0.1,40.58,0.09,5.58,0.09,15.535,0.135,244.0,1367.0,4,16,,,,,,,,,,,,,,,,,,,,,,,,,,,,,,,,,,,,,,,,,,,,,,,,,,,,,,,,,,,,,
12,8,,,,,,,100,3,51,34,82.7,2760,10801,30,0,5.4,1.0;2.3;1.1;1.1;0.5;0.5;23.2;26.7;2.3;2.1;35.2;33.4;0.1;0.1;0.1;0.0;0.1;0.1;0.1;0.2;0.0;0.0;0.1;0.0,40.61,0.09,0.0,0.05,15.535,0.135,634.0,0.0,4,16,,,,,,,,,,,,,,,,,,,,,,,,,,,,,,,,,,,,,,,,,,,,,,,,,,,,,,,,,,,,,
12,9,,,,,,,98,17,52,32,111.3,2760,10801,30,0,5.4,0.8;2.2;1.5;1.4;0.5;0.4;23.5;36.4;1.7;2.0;20.8;36.4;0.1;0.0;0.0;0.0;0.2;0.1;0.0;0.1;0.2;0.1;0.2;0.0,40.61,0.09,0.0,0.07,15.535,0.135,830.0,0.0,4,16,,,,,,,,,,,,,,,,,,,,,,,,,,,,,,,,,,,,,,,,,,,,,,,,,,,,,,,,,,,,,
12,summary,0.5609009044802694,0.934739395331147,0.46728000814423126,0.9604717364782432,0.00100000,440.5,,,,,,,,,,,,,,,,,,,,,,98,99.78,100,3,26.44,70,50,54.44,65,26,31.0,34,82.7,98.34,112.0,2755.0,10801.0,30.4,0,5.4,8.04,25.2,40.55,40.62,40.82,63.16,0.09,0.09,0.09,25.13,0.0,0.64,5.58,0.02,0.2,1.43,11.006,15.4,15.534,15.53,15.535,15.992,0.134,0.13,0.135,0.0,618.11,1855.0,0.0,574.89,2343.0,4,4.0,4,16,16.0,16,4,16,2.19,412.71
13,1,,,,,,,100,90,54,31,97.0,2760,10801,30,0,14.8,11.8;12.9;14.5;14.9;13.0;12.9;29.3;48.6;14.8;18.0;36.3;56.9;7.6;8.5;2.6;2.5;5.3;5.0;11.6;12.1;4.3;4.4;3.3;4.2,40.29,0.09,0.37,1.06,15.076,0.0,1416.0,97.0,4,16,,,,,,,,,,,,,,,,,,,,,,,,,,,,,,,,,,,,,,,,,,,,,,,,,,,,,,,,,,,,,
13,2,,,,,,,100,89,57,27,233.3,2745,10801,30,0,7.8,1.1;2.8;2.1;1.1;0.3;0.6;47.4;41.6;4.3;4.2;36.9;41.8;0.8;1.3;0.0;0.1;0.1;0.0;0.0;0.0;0.0;0.0;0.3;0.0,40.44,0.09,0.0,0.07,15.076,0.0,1708.0,5468.0,4,16,,,,,,,,,,,,,,,,,,,,,,,,,,,,,,,,,,,,,,,,,,,,,,,,,,,,,,,,,,,,,
13,3,,,,,,,100,75,61,23,234.9,2745,10801,30,0,7.8,0.8;2.2;1.6;2.1;0.4;1.0;44.7;31.9;4.7;5.4;37.0;52.6;0.8;0.8;0.0;0.0;0.0;0.0;0.0;0.0;0.0;0.1;0.0;0.0,40.29,0.09,0.0,0.08,15.076,0.0,2050.0,5322.0,4,16,,,,,,,,,,,,,,,,,,,,,,,,,,,,,,,,,,,,,,,,,,,,,,,,,,,,,,,,,,,,,
13,4,,,,,,,100,61,63,24,235.2,2745,10801,30,0,8.0,1.8;4.5;3.2;1.8;0.7;1.0;40.8;45.8;3.7;3.8;31.1;50.2;0.8;0.4;0.0;0.0;0.0;0.6;0.0;0.0;0.1;0.1;0.3;0.0,40.4,0.09,0.01,0.04,15.076,0.0,1708.0,5566.0,4,16,,,,,,,,,,,,,,,,,,,,,,,,,,,,,,,,,,,,,,,,,,,,,,,,,,,,,,,,,,,,,
13,5,,,,,,,100,54,64,22,235.7,2745,10801,30,0,8.4,2.7;5.9;2.5;2.8;1.0;1.1;36.1;55.9;3.9;5.8;26.2;53.2;0.7;1.1;0.1;0.0;0.0;0.1;0.0;0.0;0.7;0.8;0.1;0.3,40.38,0.09,0.0,0.09,15.076,0.0,2636.0,5371.0,4,16,,,,,,,,,,,,,,,,,,,,,,,,,,,,,,,,,,,,,,,,,,,,,,,,,,,,,,,,,,,,,
13,6,,,,,,,100,58,65,20,234.7,2730,10801,30,0,8.1,0.7;4.5;1.3;2.4;0.6;0.8;43.7;33.5;3.8;5.4;40.5;52.8;1.6;1.4;0.0;0.0;0.4;0.1;0.3;0.4;0.1;0.3;0.1;0.0,40.38,0.09,0.02,0.41,15.076,0.0,2197.0,5517.0,4,16,,,,,,,,,,,,,,,,,,,,,,,,,,,,,,,,,,,,,,,,,,,,,,,,,,,,,,,,,,,,,
13,7,,,,,,,100,80,64,19,235.1,2745,10801,32,0,7.9,1.3;4.3;1.8;1.4;0.1;0.7;24.0;48.7;3.8;4.7;36.0;58.4;1.3;1.3;0.1;0.0;0.3;0.1;0.0;0.1;0.1;0.1;0.0;0.1,40.3,0.09,0.01,0.07,15.076,0.0,2294.0,5566.0,4,16,,,,,,,,,,,,,,,,,,,,,,,,,,,,,,,,,,,,,,,,,,,,,,,,,,,,,,,,,,,,,
13,8,,,,,,,98,80,64,20,235.2,2730,10801,32,0,8.3,1.6;5.8;1.8;2.0;0.8;1.6;46.7;54.4;4.1;3.2;31.8;38.8;1.6;1.7;0.4;0.4;0.1;0.4;0.0;0.0;0.3;0.1;0.3;0.0,40.3,0.09,0.01,0.06,15.076,0.0,1367.0,6640.0,4,16,,,,,,,,,,,,,,,,,,,,,,,,,,,,,,,,,,,,,,,,,,,,,,,,,,,,,,,,,,,,,
13,9,,,,,,,100,90,63,17,236.5,2730,10801,33,0,5.9,1.3;4.2;1.3;1.6;0.3;0.7;19.4;41.0;4.2;2.1;43.7;20.8;0.1;0.1;0.0;0.0;0.1;0.0;0.0;0.0;0.0;0.6;0.0;0.1,40.27,0.09,0.0,0.04,15.076,0.0,2246.0,7031.0,4,16,,,,,,,,,,,,,,,,,,,,,,,,,,,,,,,,,,,,,,,,,,,,,,,,,,,,,,,,,,,,,
13,10,,,,,,,100,47,66,22,236.1,2730,10801,33,0,5.7,0.7;1.5;2.0;2.0;0.7;1.0;12.6;40.6;2.5;2.0;30.9;38.2;1.0;0.2;0.0;0.0;0.0;0.2;0.0;0.2;0.2;0.0;0.0;0.2,40.27,0.09,0.06,0.04,15.076,0.0,1367.0,0.0,4,16,,,,,,,,,,,,,,,,,,,,,,,,,,,,,,,,,,,,,,,,,,,,,,,,,,,,,,,,,,,,,
13,summary,0.5532067926458928,0.9359521776259607,0.46393723873744996,0.960878405856039,0.00100000,164.9,,,,,,,,,,,,,,,,,,,,,,98,99.8,100,47,72.4,90,54,62.1,66,17,22.5,31,97.0,221.37,236.5,2740.5,10801.0,31.0,0,5.7,8.27,14.8,40.27,40.33,40.44,63.16,0.09,0.09,0.09,23.14,0.0,0.05,0.37,0.04,0.2,1.06,11.006,15.4,15.076,15.08,15.076,15.992,0.0,0.0,0.0,1367.0,1898.9,2636.0,0.0,4657.8,7031.0,4,4.0,4,16,16.0,16,4,16,46.99,93.84
14,1,,,,,,,100,86,45,27,19.4,210,405,30,0,13.8,10.8;13.0;14.3;14.7;11.8;12.2;31.6;54.8;16.5;16.9;32.9;50.1;7.7;7.3;2.4;2.6;5.0;5.2;1.9;3.2;4.5;4.1;3.4;3.7,40.0,0.1,0.0,1.78,13.662,0.0,244.0,1367.0,4,16,,,,,,,,,,,,,,,,,,,,,,,,,,,,,,,,,,,,,,,,,,,,,,,,,,,,,,,,,,,,,
14,2,,,,,,,98,79,60,22,232.8,2745,10801,30,0,7.8,1.6;5.0;2.2;2.4;0.3;0.2;45.3;36.2;4.2;2.7;25.7;60.1;0.5;0.8;0.0;0.0;0.2;0.0;0.0;0.0;0.0;0.2;0.2;0.2,40.09,0.1,0.0,0.07,13.662,0.0,7080.0,5859.0,4,16,,,,,,,,,,,,,,,,,,,,,,,,,,,,,,,,,,,,,,,,,,,,,,,,,,,,,,,,,,,,,
14,3,,,,,,,98,78,60,26,233.0,2745,10801,30,0,8.1,2.2;4.9;3.1;2.2;1.4;0.9;31.2;32.8;5.2;3.8;53.3;51.6;0.8;0.6;0.0;0.2;0.0;0.2;0.5;0.0;0.2;0.2;0.0;0.3,40.02,0.1,0.03,0.04,13.662,0.0,1513.0,22167.0,4,16,,,,,,,,,,,,,,,,,,,,,,,,,,,,,,,,,,,,,,,,,,,,,,,,,,,,,,,,,,,,,
14,4,,,,,,,98,77,61,21,232.0,2745,10801,30,0,8.2,2.2;3.6;1.4;2.2;1.1;0.8;31.6;42.9;5.3;2.2;46.4;53.8;0.6;0.6;0.0;0.3;0.0;0.2;0.2;0.0;0.0;0.3;0.3;0.0,40.06,0.1,0.0,0.04,13.662,0.0,1416.0,2734.0,4,16,,,,,,,,,,,,,,,,,,,,,,,,,,,,,,,,,,,,,,,,,,,,,,,,,,,,,,,,,,,,,
14,5,,,,,,,100,73,63,20,232.4,2745,10801,31,0,7.9,1.3;3.0;1.7;2.2;1.4;0.5;26.1;56.0;6.1;6.3;24.4;57.1;1.1;1.3;0.0;0.0;0.3;0.5;0.0;0.0;0.0;0.2;0.3;0.0,40.03,0.1,0.05,0.01,13.662,0.0,1367.0,1416.0,4,16,,,,,,,,,,,,,,,,,,,,,,,,,,,,,,,,,,,,,,,,,,,,,,,,,,,,,,,,,,,,,
14,6,,,,,,,100,55,66,17,235.8,2745,10801,33,0,8.6,3.1;6.6;3.1;4.1;1.3;2.3;50.4;29.6;6.4;4.5;33.2;58.0;0.8;1.4;0.0;0.0;0.6;0.0;0.0;0.0;0.3;0.9;0.2;0.2,39.95,0.1,0.0,0.02,13.662,0.0,244.0,1855.0,4,16,,,,,,,,,,,,,,,,,,,,,,,,,,,,,,,,,,,,,,,,,,,,,,,,,,,,,,,,,,,,,
14,7,,,,,,,100,49,66,20,237.2,2745,10801,33,0,7.8,0.6;4.6;1.4;2.0;0.9;1.1;41.3;33.6;3.6;4.9;35.6;55.5;0.5;0.8;0.0;0.0;0.0;0.0;0.2;0.5;0.3;0.5;0.0;0.0,40.01,0.1,0.01,0.05,13.662,0.0,3759.0,6787.0,4,16,,,,,,,,,,,,,,,,,,,,,,,,,,,,,,,,,,,,,,,,,,,,,,,,,,,,,,,,,,,,,
14,8,,,,,,,100,57,68,19,237.4,2745,10801,34,0,7.9,1.1;3.5;2.2;1.6;0.6;0.6;44.6;36.3;5.9;5.0;39.4;45.9;1.1;0.5;0.0;0.0;0.2;0.0;0.0;0.0;0.0;0.2;0.0;0.0,40.03,0.1,0.0,0.03,13.662,0.0,1318.0,5712.0,4,16,,,,,,,,,,,,,,,,,,,,,,,,,,,,,,,,,,,,,,,,,,,,,,,,,,,,,,,,,,,,,
14,9,,,,,,,100,55,68,23,236.0,2745,10801,34,0,8.0,1.4;4.0;2.3;2.5;1.6;1.3;40.6;39.0;4.4;4.1;31.5;58.4;0.8;0.5;0.0;0.3;0.3;0.2;0.2;0.0;0.0;0.0;0.0;0.0,39.97,0.1,0.0,0.05,13.662,0.0,2587.0,6835.0,4,16,,,,,,,,,,,,,,,,,,,,,,,,,,,,,,,,,,,,,,,,,,,,,,,,,,,,,,,,,,,,,
14,10,,,,,,,100,57,68,17,234.3,2730,10801,34,0,5.9,1.4;3.9;2.0;2.3;1.3;0.6;27.6;27.1;1.9;4.6;28.1;38.3;0.2;0.5;0.0;0.2;0.0;0.2;0.0;0.0;0.5;0.6;0.2;0.2,39.84,0.1,0.0,0.04,13.662,0.0,0.0,1855.0,4,16,,,,,,,,,,,,,,,,,,,,,,,,,,,,,,,,,,,,,,,,,,,,,,,,,,,,,,,,,,,,,
14,11,,,,,,,100,86,66,17,234.4,2730,10801,35,0,5.7,0.6;4.5;2.1;0.9;0.3;0.3;16.7;26.6;4.0;3.0;51.8;24.7;0.3;0.3;0.0;0.0;0.3;0.0;0.0;0.0;0.0;0.0;0.3;0.0,39.79,0.1,0.0,0.05,13.662,0.0,292.0,390.0,4,16,,,,,,,,,,,,,,,,,,,,,,,,,,,,,,,,,,,,,,,,,,,,,,,,,,,,,,,,,,,,,
14,summary,0.5431786681923264,0.9387580822252043,0.462372243816458,0.961081740544937,0.00100000,161.4,,,,,,,,,,,,,,,,,,,,,,98,99.45,100,49,68.36,86,45,62.82,68,17,20.82,27,19.4,214.97,237.4,2511.8,9855.9,32.2,0,5.7,8.15,13.8,39.79,39.98,40.09,63.16,0.1,0.1,0.1,22.09,0.0,0.01,0.05,0.01,0.2,1.78,11.006,15.4,13.662,13.66,13.662,15.992,0.0,0.0,0.0,0.0,1801.82,7080.0,390.0,5179.73,22167.0,4,4.0,4,16,16.0,16,4,16,45.28,93.68
15,1,,,,,,,92,64,65,20,126.2,2745,10801,35,0,25.5,26.4;30.4;33.3;33.5;32.3;31.3;71.1;60.4;30.1;32.1;55.7;68.3;16.2;16.9;5.4;5.2;11.3;11.3;3.5;3.6;9.8;9.6;6.8;7.8,39.93,0.1,0.0,0.04,14.771,0.0,2099.0,12255.0,4,16,,,,,,,,,,,,,,,,,,,,,,,,,,,,,,,,,,,,,,,,,,,,,,,,,,,,,,,,,,,,,
15,2,,,,,,,100,54,69,19,238.6,2730,10801,35,0,7.7,1.4;4.0;0.8;2.2;0.8;0.6;42.8;37.6;3.3;4.6;28.6;56.8;0.3;0.3;0.3;0.0;0.0;0.2;0.2;0.5;0.0;0.2;0.0;0.0,39.88,0.1,0.0,4.2,14.771,0.0,1904.0,5712.0,4,16,,,,,,,,,,,,,,,,,,,,,,,,,,,,,,,,,,,,,,,,,,,,,,,,,,,,,,,,,,,,,
15,3,,,,,,,100,48,69,16,236.8,2730,10801,35,0,7.8,1.9;3.1;2.7;2.2;0.6;0.3;45.8;29.0;3.1;5.6;44.1;47.7;0.3;0.6;0.2;0.0;0.3;0.2;0.0;0.0;0.0;0.2;0.0;0.0,39.87,0.1,0.0,2.74,14.771,0.0,1269.0,5517.0,4,16,,,,,,,,,,,,,,,,,,,,,,,,,,,,,,,,,,,,,,,,,,,,,,,,,,,,,,,,,,,,,
15,4,,,,,,,100,49,68,16,235.6,2730,10801,35,0,8.5,2.4;6.1;1.4;2.5;0.9;1.4;38.9;41.6;4.9;5.2;41.2;49.4;1.7;1.3;0.6;0.3;0.9;0.3;0.3;0.0;0.5;0.3;0.2;0.2,39.84,0.1,0.0,1.63,14.771,0.0,1416.0,48.0,4,16,,,,,,,,,,,,,,,,,,,,,,,,,,,,,,,,,,,,,,,,,,,,,,,,,,,,,,,,,,,,,
15,5,,,,,,,100,58,67,20,237.0,2730,10801,36,0,8.6,2.3;4.6;4.2;2.4;1.1;1.2;40.3;35.2;4.8;8.3;42.3;55.0;1.3;1.6;0.0;0.3;0.5;0.8;0.0;0.0;0.2;0.5;0.0;0.3,39.82,0.1,0.0,2.77,14.771,0.0,195.0,1416.0,4,16,,,,,,,,,,,,,,,,,,,,,,,,,,,,,,,,,,,,,,,,,,,,,,,,,,,,,,,,,,,,,
15,6,,,,,,,100,62,70,15,240.3,2730,10801,36,0,7.9,1.3;3.9;0.9;1.6;0.3;0.8;48.5;42.5;3.0;3.9;38.2;42.2;0.5;0.5;0.2;0.0;0.0;0.0;0.0;0.0;0.3;0.2;0.0;0.2,39.83,0.1,0.01,0.04,14.771,0.0,0.0,3027.0,4,16,,,,,,,,,,,,,,,,,,,,,,,,,,,,,,,,,,,,,,,,,,,,,,,,,,,,,,,,,,,,,
15,7,,,,,,,100,76,68,16,239.0,2730,10801,36,0,8.2,2.2;4.5;3.1;2.7;0.8;0.9;45.6;35.4;3.8;5.3;48.4;42.0;0.6;0.5;0.0;0.0;0.2;0.0;0.0;0.0;0.3;0.3;0.2;0.0,39.82,0.1,0.0,0.05,14.771,0.0,1171.0,3955.0,4,16,,,,,,,,,,,,,,,,,,,,,,,,,,,,,,,,,,,,,,,,,,,,,,,,,,,,,,,,,,,,,
15,8,,,,,,,100,55,68,20,227.1,2730,10801,37,0,8.0,1.4;4.2;1.7;2.0;0.8;0.3;34.3;39.9;5.1;4.8;43.7;48.0;0.6;1.2;0.2;0.3;0.3;0.2;0.2;0.2;0.5;1.1;0.2;0.2,39.8,0.1,0.0,0.05,14.771,0.0,2343.0,5566.0,4,16,,,,,,,,,,,,,,,,,,,,,,,,,,,,,,,,,,,,,,,,,,,,,,,,,,,,,,,,,,,,,
15,9,,,,,,,100,71,69,22,237.6,2730,10801,36,0,8.4,2.8;6.3;3.1;3.3;1.6;1.4;45.7;36.5;3.6;5.6;36.7;50.8;1.3;0.6;0.3;0.5;0.3;0.5;0.2;0.3;0.2;0.5;0.2;0.3,39.85,0.1,0.0,0.04,14.771,0.0,1904.0,6298.0,4,16,,,,,,,,,,,,,,,,,,,,,,,,,,,,,,,,,,,,,,,,,,,,,,,,,,,,,,,,,,,,,
15,10,,,,,,,100,71,69,14,236.2,2730,10801,37,0,5.7,0.6;3.1;2.0;1.4;0.9;0.6;47.0;11.9;2.4;3.4;15.0;47.0;0.0;0.0;0.0;0.0;0.0;0.0;0.2;0.2;0.0;0.0;0.0;0.0,39.86,0.1,0.0,0.03,14.771,0.0,0.0,1806.0,4,16,,,,,,,,,,,,,,,,,,,,,,,,,,,,,,,,,,,,,,,,,,,,,,,,,,,,,,,,,,,,,
15,11,,,,,,,99,74,69,14,235.5,2730,10801,37,0,6.2,2.4;3.0;3.4;2.4;2.1;0.3;25.6;28.3;3.1;4.0;47.9;22.9;0.6;0.3;0.0;0.0;0.3;0.0;0.0;0.3;0.9;0.6;1.2;0.0,39.85,0.1,0.0,0.05,14.771,0.0,292.0,244.0,4,16,,,,,,,,,,,,,,,,,,,,,,,,,,,,,,,,,,,,,,,,,,,,,,,,,,,,,,,,,,,,,
15,summary,0.5355253861577001,0.9405449626477406,0.4584579966619956,0.9635624237494916,0.00100000,126.9,,,,,,,,,,,,,,,,,,,,,,92,99.18,100,48,62.0,76,65,68.27,70,14,17.45,22,126.2,226.35,240.3,2731.4,10801.0,35.9,0,5.7,9.32,25.5,39.8,39.85,39.93,63.16,0.1,0.1,0.1,24.17,0.0,0.0,0.01,0.03,1.06,4.2,11.006,15.4,14.771,14.77,14.771,15.992,0.0,0.0,0.0,0.0,1144.82,2343.0,48.0,4167.64,12255.0,4,4.0,4,16,16.0,16,4,16,2.42,93.43
16,1,,,,,,,100,40,61,21,113.1,2745,10801,36,0,19.7,19.9;22.6;24.2;24.9;21.8;22.5;53.8;59.3;24.0;24.2;47.0;58.5;11.0;11.2;3.0;3.7;6.7;7.4;2.5;2.3;6.0;6.2;5.1;5.1,40.29,0.11,0.0,0.41,15.529,0.129,341.0,1416.0,4,16,,,,,,,,,,,,,,,,,,,,,,,,,,,,,,,,,,,,,,,,,,,,,,,,,,,,,,,,,,,,,
16,2,,,,,,,100,37,64,25,185.0,2745,10801,36,0,7.4,1.4;5.9;2.2;2.0;0.6;0.6;46.6;35.7;4.6;4.3;28.1;43.6;0.6;0.7;0.0;0.0;0.0;0.1;0.0;0.0;0.0;0.0;0.9;0.1,40.27,0.11,0.0,3.46,15.535,0.135,0.0,1416.0,4,16,,,,,,,,,,,,,,,,,,,,,,,,,,,,,,,,,,,,,,,,,,,,,,,,,,,,,,,,,,,,,
16,3,,,,,,,98,62,66,18,182.8,2730,10801,36,0,7.3,1.0;5.5;1.3;1.4;0.6;0.4;31.7;39.2;3.1;2.5;33.6;53.3;0.9;0.6;0.0;0.0;0.2;0.0;0.0;0.0;0.0;0.7;0.0;0.0,40.22,0.11,0.0,2.39,15.535,0.135,22167.0,17041.0,4,16,,,,,,,,,,,,,,,,,,,,,,,,,,,,,,,,,,,,,,,,,,,,,,,,,,,,,,,,,,,,,
16,4,,,,,,,100,53,66,25,184.1,2745,10801,36,0,7.5,0.8;5.3;2.2;1.6;0.4;0.4;48.2;29.2;4.1;4.7;27.8;51.4;0.2;0.6;0.0;0.1;0.2;0.5;0.1;0.1;0.1;0.6;0.6;0.6,40.15,0.11,0.0,2.69,15.536,0.136,1416.0,1367.0,4,16,,,,,,,,,,,,,,,,,,,,,,,,,,,,,,,,,,,,,,,,,,,,,,,,,,,,,,,,,,,,,
16,5,,,,,,,100,65,64,18,199.6,2745,10801,35,0,7.0,0.4;3.2;2.0;1.1;0.4;0.1;43.1;40.8;3.2;3.8;26.3;42.6;0.1;0.4;0.0;0.0;0.2;0.2;0.0;0.1;0.0;0.0;0.0;0.1,40.18,0.11,0.0,0.04,15.536,0.136,537.0,0.0,4,16,,,,,,,,,,,,,,,,,,,,,,,,,,,,,,,,,,,,,,,,,,,,,,,,,,,,,,,,,,,,,
16,6,,,,,,,100,55,66,19,213.8,2745,10801,35,0,7.1,0.5;4.3;1.2;0.5;0.1;0.4;45.4;33.8;3.5;2.3;36.2;39.9;0.6;0.5;0.0;0.1;0.0;0.0;0.1;0.2;0.0;0.0;0.0;0.0,40.18,0.11,0.0,0.03,15.536,0.136,1367.0,1513.0,4,16,,,,,,,,,,,,,,,,,,,,,,,,,,,,,,,,,,,,,,,,,,,,,,,,,,,,,,,,,,,,,
16,7,,,,,,,98,25,61,20,207.8,2745,10801,36,0,7.4,0.9;5.4;3.3;1.9;0.6;0.5;34.4;40.8;3.7;3.4;39.2;42.3;0.1;0.7;0.0;0.0;0.1;0.0;0.0;0.1;0.0;0.0;0.2;0.1,40.17,0.11,0.01,0.05,15.536,0.136,1318.0,5908.0,4,16,,,,,,,,,,,,,,,,,,,,,,,,,,,,,,,,,,,,,,,,,,,,,,,,,,,,,,,,,,,,,
16,8,,,,,,,100,27,63,22,184.7,2745,10801,35,0,8.0,1.8;6.0;4.0;1.9;0.8;1.4;35.2;48.3;3.9;5.1;31.4;48.0;1.2;0.9;0.1;0.2;0.3;0.1;0.0;0.1;0.5;0.3;0.3;0.1,40.21,0.11,0.01,0.04,15.536,0.136,8251.0,113671.0,4,16,,,,,,,,,,,,,,,,,,,,,,,,,,,,,,,,,,,,,,,,,,,,,,,,,,,,,,,,,,,,,
16,9,,,,,,,100,59,63,23,173.6,2745,10801,35,0,7.2,1.1;4.1;2.2;1.6;0.6;0.5;51.3;40.7;5.0;2.2;35.7;25.0;0.8;0.5;0.0;0.0;0.4;0.2;0.4;0.2;0.2;0.0;0.0;0.1,40.17,0.11,0.0,0.04,15.536,0.136,244.0,1416.0,4,16,,,,,,,,,,,,,,,,,,,,,,,,,,,,,,,,,,,,,,,,,,,,,,,,,,,,,,,,,,,,,
16,10,,,,,,,100,65,65,18,181.4,2745,10801,35,0,5.6,0.6;2.9;1.2;0.7;0.2;0.1;38.0;47.0;3.8;2.6;20.6;15.6;0.1;0.1;0.0;0.0;0.1;0.1;0.0;0.2;0.0;0.0;0.0;0.1,40.17,0.11,0.0,0.03,15.536,0.136,341.0,292.0,4,16,,,,,,,,,,,,,,,,,,,,,,,,,,,,,,,,,,,,,,,,,,,,,,,,,,,,,,,,,,,,,
16,11,,,,,,,100,34,62,26,208.5,2730,10801,35,0,5.5,0.9;2.7;1.6;1.1;0.2;0.9;29.9;15.3;2.7;1.6;20.0;51.4;0.2;0.5;0.0;0.0;0.0;0.0;0.2;0.5;0.0;0.0;1.1;0.2,40.16,0.11,0.0,0.05,15.536,0.136,341.0,1318.0,4,16,,,,,,,,,,,,,,,,,,,,,,,,,,,,,,,,,,,,,,,,,,,,,,,,,,,,,,,,,,,,,
16,summary,0.5287894236807844,0.9426906544001034,0.45635347923354047,0.9623424156161041,0.00100000,174.6,,,,,,,,,,,,,,,,,,,,,,98,99.64,100,25,47.45,65,61,63.73,66,18,21.36,26,113.1,184.95,213.8,2742.3,10801.0,35.5,0,5.5,8.15,19.7,40.15,40.2,40.29,63.16,0.11,0.11,0.11,25.19,0.0,0.0,0.01,0.03,0.84,3.46,11.006,15.4,15.529,15.54,15.536,15.992,0.129,0.14,0.136,0.0,3302.09,22167.0,0.0,13214.36,113671.0,4,4.0,4,16,16.0,16,4,16,2.46,124.9
17,1,,,,,,,100,58,59,27,113.6,2745,10801,33,0,14.9,15.2;15.7;17.5;16.7;13.8;14.1;44.4;44.6;16.8;16.6;40.6;53.6;7.7;7.6;2.2;2.1;4.9;4.9;1.5;1.4;4.3;4.4;3.4;3.1,40.58,0.11,0.0,0.03,15.54,0.14,1806.0,4101.0,4,16,,,,,,,,,,,,,,,,,,,,,,,,,,,,,,,,,,,,,,,,,,,,,,,,,,,,,,,,,,,,,
17,2,,,,,,,100,65,58,22,211.5,2745,10801,32,0,7.8,1.3;4.4;2.9;2.6;1.0;1.2;46.9;36.1;5.8;3.8;38.9;41.0;0.5;0.7;0.0;0.0;0.0;0.0;0.0;0.1;0.0;0.1;0.0;0.1,40.55,0.11,0.05,3.56,15.54,0.14,1220.0,5761.0,4,16,,,,,,,,,,,,,,,,,,,,,,,,,,,,,,,,,,,,,,,,,,,,,,,,,,,,,,,,,,,,,
17,3,,,,,,,100,69,63,21,197.2,2745,10801,33,0,7.6,0.8;4.1;2.6;1.3;0.8;0.4;35.4;28.0;4.5;3.0;40.4;57.1;0.4;0.5;0.0;0.1;0.0;0.1;0.0;0.0;0.0;0.1;0.1;0.8,40.47,0.11,0.0,2.56,15.54,0.14,0.0,1562.0,4,16,,,,,,,,,,,,,,,,,,,,,,,,,,,,,,,,,,,,,,,,,,,,,,,,,,,,,,,,,,,,,
17,4,,,,,,,100,79,64,22,204.3,2745,10801,32,0,7.4,0.8;3.2;2.1;1.2;0.5;0.4;49.0;42.8;5.3;3.5;31.6;35.2;0.4;0.4;0.0;0.0;0.0;0.1;0.0;0.0;0.0;0.4;0.0;0.1,40.47,0.11,0.01,1.68,15.54,0.14,195.0,1708.0,4,16,,,,,,,,,,,,,,,,,,,,,,,,,,,,,,,,,,,,,,,,,,,,,,,,,,,,,,,,,,,,,
17,5,,,,,,,100,79,66,20,216.5,2730,10801,32,0,7.7,1.3;3.6;1.6;2.0;0.5;0.4;45.5;42.6;4.3;2.7;36.5;42.0;0.8;0.7;0.1;0.0;0.1;0.0;0.0;0.0;0.1;0.3;0.0;0.1,40.36,0.11,0.0,1.8,15.54,0.14,1416.0,1464.0,4,16,,,,,,,,,,,,,,,,,,,,,,,,,,,,,,,,,,,,,,,,,,,,,,,,,,,,,,,,,,,,,
17,6,,,,,,,100,83,65,20,218.8,2730,10801,33,0,7.3,1.3;3.0;1.4;0.9;0.4;0.3;46.4;40.7;5.9;2.3;26.3;45.1;0.4;0.7;0.0;0.0;0.0;0.0;0.0;0.0;0.0;0.0;0.0;0.0,40.32,0.11,0.01,0.04,15.54,0.14,0.0,3222.0,4,16,,,,,,,,,,,,,,,,,,,,,,,,,,,,,,,,,,,,,,,,,,,,,,,,,,,,,,,,,,,,,
17,7,,,,,,,93,56,65,20,212.1,2745,10801,33,0,8.0,1.6;3.0;2.5;2.5;1.3;1.0;47.3;37.9;5.3;4.2;43.9;34.9;1.2;1.3;1.0;0.4;0.1;0.3;0.1;0.1;0.5;0.5;0.3;0.1,40.33,0.11,0.01,0.05,15.54,0.14,1220.0,5468.0,4,16,,,,,,,,,,,,,,,,,,,,,,,,,,,,,,,,,,,,,,,,,,,,,,,,,,,,,,,,,,,,,
17,8,,,,,,,100,75,66,19,206.7,2745,10801,33,0,7.5,1.2;3.3;2.1;1.7;1.0;0.8;28.8;36.7;5.3;3.5;56.9;37.7;0.4;0.5;0.0;0.0;0.0;0.0;0.0;0.0;0.0;0.0;0.0;0.0,40.34,0.11,0.0,0.04,15.54,0.14,2148.0,5419.0,4,16,,,,,,,,,,,,,,,,,,,,,,,,,,,,,,,,,,,,,,,,,,,,,,,,,,,,,,,,,,,,,
17,9,,,,,,,100,73,66,21,200.6,2745,10801,33,0,7.5,1.0;2.7;1.4;1.7;0.3;0.5;42.7;37.5;5.5;2.6;43.5;39.8;0.3;0.7;0.0;0.0;0.1;0.0;0.0;0.0;0.0;0.0;0.1;0.0,40.21,0.11,0.0,0.04,15.54,0.14,35009.0,21582.0,4,16,,,,,,,,,,,,,,,,,,,,,,,,,,,,,,,,,,,,,,,,,,,,,,,,,,,,,,,,,,,,,
17,10,,,,,,,100,73,67,17,206.0,2745,10801,33,0,6.3,2.3;3.3;2.3;2.3;0.8;1.3;42.9;27.2;4.4;2.5;34.4;22.7;1.0;0.1;0.3;0.3;0.0;0.0;0.3;0.0;1.4;0.6;0.1;0.0,40.22,0.11,0.0,0.04,15.54,0.14,195.0,20166.0,4,16,,,,,,,,,,,,,,,,,,,,,,,,,,,,,,,,,,,,,,,,,,,,,,,,,,,,,,,,,,,,,
17,11,,,,,,,99,50,64,19,203.3,2745,10801,33,0,6.1,0.8;4.9;2.3;1.8;1.3;1.5;14.1;12.9;3.8;2.8;34.9;62.3;0.5;0.3;0.0;0.0;0.0;0.0;0.2;0.5;0.8;2.0;0.0;0.0,40.21,0.11,0.0,0.04,15.54,0.14,390.0,1708.0,4,16,,,,,,,,,,,,,,,,,,,,,,,,,,,,,,,,,,,,,,,,,,,,,,,,,,,,,,,,,,,,,
17,summary,0.5217809995436925,0.9452812722014511,0.45448775614311465,0.9630337535583571,0.00100000,146.0,,,,,,,,,,,,,,,,,,,,,,93,99.27,100,50,69.09,83,58,63.91,67,17,20.73,27,113.6,199.15,218.8,2742.3,10801.0,32.7,0,6.1,8.01,14.9,40.21,40.37,40.58,63.16,0.11,0.11,0.11,25.19,0.0,0.01,0.05,0.03,0.9,3.56,11.006,15.4,15.54,15.54,15.54,15.992,0.14,0.14,0.14,0.0,3963.55,35009.0,1464.0,6560.09,21582.0,4,4.0,4,16,16.0,16,4,16,2.42,112.99
18,1,,,,,,,100,46,62,22,109.9,2745,10801,33,0,20.2,20.9;23.6;25.5;25.5;20.5;20.8;46.9;57.6;24.7;25.1;54.4;60.5;11.8;12.7;4.1;4.3;7.1;7.2;2.7;4.4;6.0;6.3;5.5;5.1,40.55,0.11,0.0,0.03,15.536,0.136,1269.0,4150.0,4,16,,,,,,,,,,,,,,,,,,,,,,,,,,,,,,,,,,,,,,,,,,,,,,,,,,,,,,,,,,,,,
18,2,,,,,,,100,33,61,22,195.7,2745,10801,33,0,7.4,1.0;4.8;1.7;1.3;0.5;0.6;43.3;26.4;3.3;3.3;40.8;46.9;0.5;0.8;0.1;0.0;0.2;0.1;0.2;0.2;0.1;0.0;0.1;0.0,40.53,0.11,0.0,3.49,15.536,0.136,1708.0,5517.0,4,16,,,,,,,,,,,,,,,,,,,,,,,,,,,,,,,,,,,,,,,,,,,,,,,,,,,,,,,,,,,,,
18,3,,,,,,,98,35,64,23,189.1,2745,10801,33,0,8.1,2.7;6.7;4.8;3.2;1.5;1.3;44.4;36.2;4.1;4.7;30.1;49.8;0.7;1.4;0.1;0.0;0.4;0.4;0.2;0.0;0.2;0.1;0.2;0.0,40.5,0.11,0.01,2.39,15.536,0.136,2441.0,1416.0,4,16,,,,,,,,,,,,,,,,,,,,,,,,,,,,,,,,,,,,,,,,,,,,,,,,,,,,,,,,,,,,,
18,4,,,,,,,100,51,64,20,195.4,2745,10801,33,0,7.2,0.9;4.3;1.8;1.4;0.9;0.4;50.6;41.0;3.3;3.3;26.0;37.2;0.5;0.9;0.0;0.0;0.2;0.1;0.1;0.0;0.1;0.0;0.0;0.1,40.42,0.11,0.0,2.69,15.536,0.136,1074.0,111425.0,4,16,,,,,,,,,,,,,,,,,,,,,,,,,,,,,,,,,,,,,,,,,,,,,,,,,,,,,,,,,,,,,
18,5,,,,,,,100,37,67,19,199.5,2730,10801,33,0,7.6,1.0;4.4;1.8;1.4;2.4;1.7;41.6;31.8;4.3;5.6;26.0;58.1;0.1;0.7;0.0;0.0;0.0;0.0;0.1;0.0;0.0;0.1;0.4;0.1,40.4,0.11,0.0,0.02,15.536,0.136,24609.0,1464.0,4,16,,,,,,,,,,,,,,,,,,,,,,,,,,,,,,,,,,,,,,,,,,,,,,,,,,,,,,,,,,,,,
18,6,,,,,,,98,33,64,19,199.3,2745,10801,33,0,7.2,0.9;3.4;1.2;1.3;0.7;0.6;51.6;29.8;2.4;3.9;26.9;44.3;0.8;1.1;0.2;0.1;0.4;0.1;0.1;0.5;0.4;0.4;0.8;0.4,40.43,0.11,0.0,0.03,15.536,0.136,13330.0,390.0,4,16,,,,,,,,,,,,,,,,,,,,,,,,,,,,,,,,,,,,,,,,,,,,,,,,,,,,,,,,,,,,,
18,7,,,,,,,100,53,66,22,200.4,2730,10801,33,0,7.4,1.9;3.7;3.1;2.5;0.5;0.5;42.7;41.6;4.3;4.6;27.9;42.9;1.1;0.6;0.0;0.0;0.1;0.1;0.0;0.0;0.0;0.1;0.0;0.0,40.37,0.11,0.0,0.03,15.536,0.136,1220.0,5664.0,4,16,,,,,,,,,,,,,,,,,,,,,,,,,,,,,,,,,,,,,,,,,,,,,,,,,,,,,,,,,,,,,
18,8,,,,,,,100,33,65,20,196.0,2745,10801,33,0,7.5,1.8;3.5;1.3;1.7;0.2;0.4;45.8;52.7;3.7;5.0;22.7;35.6;0.5;0.7;0.0;0.1;0.1;0.0;0.0;0.1;0.5;0.4;1.6;0.5,40.4,0.11,0.0,0.03,15.536,0.136,2636.0,5566.0,4,16,,,,,,,,,,,,,,,,,,,,,,,,,,,,,,,,,,,,,,,,,,,,,,,,,,,,,,,,,,,,,
18,9,,,,,,,98,25,65,18,190.2,2745,10801,33,0,7.4,1.2;4.1;1.1;1.5;0.4;0.6;46.2;37.5;4.3;3.9;40.7;31.8;0.7;0.7;0.0;0.1;0.2;0.4;0.0;0.1;0.0;0.4;0.4;0.2,40.16,0.11,0.0,0.06,15.536,0.136,2197.0,1416.0,4,16,,,,,,,,,,,,,,,,,,,,,,,,,,,,,,,,,,,,,,,,,,,,,,,,,,,,,,,,,,,,,
18,10,,,,,,,100,75,66,23,197.1,2730,10801,34,0,5.6,0.7;3.7;2.1;1.0;0.2;0.5;23.9;23.2;1.5;2.4;36.8;37.9;0.0;0.1;0.0;0.0;0.1;0.0;0.1;0.0;0.1;0.4;0.0;0.0,40.15,0.11,0.05,0.04,15.536,0.136,1220.0,97.0,4,16,,,,,,,,,,,,,,,,,,,,,,,,,,,,,,,,,,,,,,,,,,,,,,,,,,,,,,,,,,,,,
18,11,,,,,,,99,57,65,18,193.6,2745,10801,33,0,5.4,0.0;3.6;1.8;0.7;0.5;0.7;30.7;25.4;1.2;2.3;47.7;14.5;0.2;0.2;0.0;0.0;0.0;0.0;0.2;0.0;0.0;0.0;0.0;0.0,40.17,0.11,0.0,0.04,15.536,0.136,292.0,439.0,4,16,,,,,,,,,,,,,,,,,,,,,,,,,,,,,,,,,,,,,,,,,,,,,,,,,,,,,,,,,,,,,
18,summary,0.5166399821927035,0.9457764318366116,0.4530695425319982,0.9637657584383896,0.00100000,177.6,,,,,,,,,,,,,,,,,,,,,,98,99.36,100,25,43.45,75,61,64.45,67,18,20.55,23,109.9,187.84,200.4,2740.9,10801.0,33.1,0,5.4,8.27,20.2,40.15,40.37,40.55,63.16,0.11,0.11,0.11,25.19,0.0,0.01,0.05,0.02,0.8,3.49,11.006,15.4,15.536,15.54,15.536,15.992,0.136,0.14,0.136,292.0,4726.91,24609.0,97.0,12504.0,111425.0,4,4.0,4,16,16.0,16,4,16,2.36,123.98
19,1,,,,,,,100,58,53,30,60.2,2760,10801,30,0,11.2,8.9;10.0;10.8;11.0;9.1;9.3;29.8;49.3;10.7;12.2;30.1;42.5;5.0;5.4;1.6;1.8;3.8;3.8;1.4;1.3;3.0;3.2;2.8;2.7,40.28,0.11,0.0,1.23,13.241,0.0,0.0,1513.0,4,16,,,,,,,,,,,,,,,,,,,,,,,,,,,,,,,,,,,,,,,,,,,,,,,,,,,,,,,,,,,,,
19,2,,,,,,,100,72,61,26,229.4,2745,10801,30,0,7.6,0.8;4.3;1.5;1.8;0.3;0.3;46.9;26.8;4.1;2.6;47.5;42.9;0.5;0.8;0.0;0.0;0.0;0.2;0.0;0.0;0.3;0.2;0.5;0.5,40.04,0.11,0.03,0.09,13.429,0.0,341.0,1513.0,4,16,,,,,,,,,,,,,,,,,,,,,,,,,,,,,,,,,,,,,,,,,,,,,,,,,,,,,,,,,,,,,
19,3,,,,,,,100,69,64,27,233.4,2745,10801,30,0,7.7,1.0;2.1;2.1;1.4;0.5;1.4;46.3;29.5;5.0;2.3;40.9;49.4;0.9;1.0;0.0;0.0;0.2;0.3;0.0;0.0;0.7;0.3;0.0;0.0,39.87,0.11,0.0,0.04,13.429,0.0,2197.0,5419.0,4,16,,,,,,,,,,,,,,,,,,,,,,,,,,,,,,,,,,,,,,,,,,,,,,,,,,,,,,,,,,,,,
19,4,,,,,,,98,77,64,23,232.7,2745,10801,30,0,7.9,1.6;3.4;3.3;1.2;0.5;0.5;41.5;42.5;4.3;4.2;37.0;46.5;0.3;0.9;0.0;0.0;0.0;0.0;0.3;0.2;0.5;0.3;0.0;0.0,39.85,0.11,0.0,0.01,13.429,0.0,1660.0,0.0,4,16,,,,,,,,,,,,,,,,,,,,,,,,,,,,,,,,,,,,,,,,,,,,,,,,,,,,,,,,,,,,,
19,5,,,,,,,98,78,65,22,234.2,2745,10801,31,0,8.0,1.4;3.7;2.6;2.8;0.9;0.7;43.8;40.5;3.8;4.0;39.3;44.8;1.0;0.5;0.0;0.0;0.0;0.0;0.0;0.0;0.3;0.7;0.0;0.0,39.86,0.11,0.0,0.04,13.429,0.0,2685.0,5566.0,4,16,,,,,,,,,,,,,,,,,,,,,,,,,,,,,,,,,,,,,,,,,,,,,,,,,,,,,,,,,,,,,
19,6,,,,,,,98,78,66,23,236.0,2745,10801,32,0,8.0,2.1;5.8;2.6;2.1;0.7;0.9;56.4;27.5;5.2;3.0;33.3;51.4;0.7;0.5;0.2;0.0;0.0;0.0;0.0;0.0;0.0;0.0;0.0;0.2,39.82,0.11,0.0,0.02,13.429,0.0,585.0,292.0,4,16,,,,,,,,,,,,,,,,,,,,,,,,,,,,,,,,,,,,,,,,,,,,,,,,,,,,,,,,,,,,,
19,7,,,,,,,98,80,66,21,234.1,2745,10801,32,0,7.9,1.2;4.1;2.2;1.4;0.9;0.7;46.2;46.1;6.9;2.1;34.9;41.2;0.7;0.7;0.0;0.0;0.0;0.2;0.0;0.2;0.0;0.0;0.0;0.0,39.79,0.11,0.0,0.04,13.429,0.0,0.0,1367.0,4,16,,,,,,,,,,,,,,,,,,,,,,,,,,,,,,,,,,,,,,,,,,,,,,,,,,,,,,,,,,,,,
19,8,,,,,,,98,83,66,22,237.4,2745,10801,33,0,7.7,0.5;3.8;2.3;2.1;0.9;0.5;49.1;29.1;6.4;2.2;42.9;43.3;0.9;1.4;0.0;0.3;0.0;0.0;0.0;0.0;0.0;0.0;0.0;0.0,39.77,0.11,0.01,0.03,13.429,0.0,634.0,1513.0,4,16,,,,,,,,,,,,,,,,,,,,,,,,,,,,,,,,,,,,,,,,,,,,,,,,,,,,,,,,,,,,,
19,9,,,,,,,100,85,67,19,233.3,2745,10801,34,0,8.1,1.4;5.3;3.3;2.8;1.4;0.7;46.7;36.1;4.3;2.2;49.0;37.7;1.0;0.2;0.0;0.0;0.2;0.0;0.3;0.0;0.3;0.5;0.0;0.2,39.8,0.11,0.1,0.07,13.429,0.0,537.0,195.0,4,16,,,,,,,,,,,,,,,,,,,,,,,,,,,,,,,,,,,,,,,,,,,,,,,,,,,,,,,,,,,,,
19,10,,,,,,,100,82,64,18,237.7,2730,10801,34,0,7.9,1.0;3.8;2.6;1.0;1.0;0.3;55.5;47.6;5.7;2.8;29.2;38.0;0.2;0.9;0.0;0.0;0.0;0.0;0.0;0.0;0.0;0.0;0.0;0.0,39.81,0.11,0.01,0.05,13.429,0.0,1757.0,5517.0,4,16,,,,,,,,,,,,,,,,,,,,,,,,,,,,,,,,,,,,,,,,,,,,,,,,,,,,,,,,,,,,,
19,11,,,,,,,100,75,67,16,234.0,2730,10801,34,0,6.3,1.6;4.3;1.7;3.1;0.5;0.3;40.0;19.3;4.5;4.2;38.1;29.9;0.3;0.2;0.2;0.0;0.3;0.0;0.3;0.9;0.5;0.7;0.2;0.5,39.79,0.11,0.0,0.04,13.429,0.0,537.0,1367.0,4,16,,,,,,,,,,,,,,,,,,,,,,,,,,,,,,,,,,,,,,,,,,,,,,,,,,,,,,,,,,,,,
19,12,,,,,,,100,50,69,15,234.6,2730,10801,35,0,5.8,1.0;3.9;1.3;2.0;0.7;1.0;16.1;14.8;4.9;2.0;12.8;76.3;0.0;0.3;0.0;0.0;0.0;0.0;0.3;0.6;0.0;0.7;0.0;0.0,39.8,0.11,0.0,0.03,13.429,0.0,1660.0,4736.0,4,16,,,,,,,,,,,,,,,,,,,,,,,,,,,,,,,,,,,,,,,,,,,,,,,,,,,,,,,,,,,,,
19,summary,0.5106257228249271,0.9475489598059549,0.4541359653362369,0.9626677511183408,0.00100000,160.3,,,,,,,,,,,,,,,,,,,,,,98,99.17,100,50,73.92,85,53,64.33,69,15,21.83,30,60.2,219.75,237.7,2742.5,10801.0,32.1,0,5.8,7.84,11.2,39.77,39.87,40.28,63.16,0.11,0.11,0.11,22.13,0.0,0.01,0.1,0.01,0.14,1.23,11.006,15.4,13.241,13.41,13.429,15.992,0.0,0.0,0.0,0.0,1049.42,2685.0,0.0,2416.5,5566.0,4,4.0,4,16,16.0,16,4,16,44.8,94.19
20,1,,,,,,,1,0,56,18,128.1,2745,10801,35,0,25.9,28.5;30.8;36.0;35.1;27.9;29.1;66.2;65.5;32.3;33.7;59.1;65.4;17.9;18.9;6.0;5.6;9.3;10.9;4.3;3.8;9.5;9.1;7.9;7.4,39.88,0.11,0.01,0.03,14.589,0.0,2197.0,5810.0,4,16,,,,,,,,,,,,,,,,,,,,,,,,,,,,,,,,,,,,,,,,,,,,,,,,,,,,,,,,,,,,,
20,2,,,,,,,100,74,68,16,234.8,2730,10801,35,0,7.9,1.2;4.4;2.8;1.9;0.3;1.0;41.9;33.3;5.5;4.9;33.2;57.8;0.7;0.2;0.0;0.0;0.0;0.0;0.0;0.3;0.0;0.0;0.7;0.0,39.84,0.11,0.0,2.83,14.589,0.0,2783.0,1464.0,4,16,,,,,,,,,,,,,,,,,,,,,,,,,,,,,,,,,,,,,,,,,,,,,,,,,,,,,,,,,,,,,
20,3,,,,,,,100,75,69,16,238.2,2730,10801,35,0,7.9,1.7;3.1;1.9;1.7;1.0;0.9;51.4;42.9;3.8;4.2;37.6;34.1;0.5;0.9;0.0;0.2;0.3;0.2;0.0;0.2;0.5;0.3;0.2;0.5,39.84,0.11,0.0,1.8,14.589,0.0,49853.0,5810.0,4,16,,,,,,,,,,,,,,,,,,,,,,,,,,,,,,,,,,,,,,,,,,,,,,,,,,,,,,,,,,,,,
20,4,,,,,,,100,57,70,15,235.6,2730,10801,36,0,7.7,1.6;2.6;2.4;1.4;0.7;0.7;42.6;36.4;4.0;4.3;43.7;43.7;0.9;0.7;0.0;0.0;0.0;0.0;0.0;0.0;0.0;0.0;0.0;0.0,39.82,0.11,0.0,1.57,14.589,0.0,976.0,1562.0,4,16,,,,,,,,,,,,,,,,,,,,,,,,,,,,,,,,,,,,,,,,,,,,,,,,,,,,,,,,,,,,,
20,5,,,,,,,100,84,68,15,236.1,2730,10801,36,0,8.4,1.9;5.3;2.9;2.9;1.7;1.2;43.2;40.1;6.9;8.4;35.3;45.7;0.5;1.0;0.0;0.2;0.2;0.0;0.2;0.3;0.7;2.1;0.2;0.0,39.81,0.11,0.0,2.17,14.589,0.0,2392.0,5517.0,4,16,,,,,,,,,,,,,,,,,,,,,,,,,,,,,,,,,,,,,,,,,,,,,,,,,,,,,,,,,,,,,
20,6,,,,,,,100,86,67,15,239.5,2730,10801,36,0,7.8,1.0;3.1;1.9;1.2;0.5;0.9;42.5;44.9;4.2;3.1;30.1;51.6;0.7;0.5;0.0;0.0;0.0;0.0;0.5;0.2;0.0;0.0;0.0;0.0,39.78,0.11,0.0,0.02,14.589,0.0,976.0,1660.0,4,16,,,,,,,,,,,,,,,,,,,,,,,,,,,,,,,,,,,,,,,,,,,,,,,,,,,,,,,,,,,,,
20,7,,,,,,,100,73,69,21,235.0,2730,10801,36,0,8.2,2.7;5.7;2.9;2.8;0.2;0.7;34.1;42.3;4.1;4.0;38.1;56.4;0.9;0.7;0.0;0.3;0.3;0.0;0.0;0.0;0.3;0.0;0.3;0.0,39.79,0.11,0.0,0.05,14.589,0.0,1220.0,1464.0,4,16,,,,,,,,,,,,,,,,,,,,,,,,,,,,,,,,,,,,,,,,,,,,,,,,,,,,,,,,,,,,,
20,8,,,,,,,100,74,70,21,239.2,2730,10801,36,0,7.9,1.4;6.1;1.4;2.1;0.7;0.7;35.5;45.0;5.4;4.0;31.1;54.6;0.7;0.7;0.0;0.0;0.2;0.0;0.0;0.0;0.0;0.2;0.0;0.2,39.81,0.11,0.0,0.02,14.589,0.0,1416.0,1416.0,4,16,,,,,,,,,,,,,,,,,,,,,,,,,,,,,,,,,,,,,,,,,,,,,,,,,,,,,,,,,,,,,
20,9,,,,,,,100,55,70,20,235.9,2730,10801,36,0,8.9,3.3;7.4;4.6;3.3;1.0;1.0;40.9;34.4;5.0;6.6;48.4;50.1;1.6;0.9;0.2;0.3;0.2;0.7;0.0;0.0;0.5;0.9;0.9;1.2,39.78,0.11,0.0,0.02,14.589,0.0,1220.0,1562.0,4,16,,,,,,,,,,,,,,,,,,,,,,,,,,,,,,,,,,,,,,,,,,,,,,,,,,,,,,,,,,,,,
20,10,,,,,,,100,58,70,17,239.9,2730,10801,37,0,7.9,0.9;1.7;2.1;1.7;0.5;0.5;42.8;31.9;4.2;3.6;41.9;55.1;0.5;1.0;0.0;0.0;0.0;0.5;0.0;0.0;0.0;0.3;0.3;0.0,39.79,0.11,0.01,0.06,14.589,0.0,1904.0,7080.0,4,16,,,,,,,,,,,,,,,,,,,,,,,,,,,,,,,,,,,,,,,,,,,,,,,,,,,,,,,,,,,,,
20,11,,,,,,,100,49,71,16,237.7,2730,10801,37,0,5.6,0.3;4.4;1.7;1.0;0.3;0.5;10.4;62.0;2.9;2.2;34.5;12.7;0.3;0.2;0.0;0.0;0.3;0.0;0.0;0.0;0.2;0.0;0.2;0.2,39.79,0.11,0.0,0.04,14.589,0.0,48.0,1660.0,4,16,,,,,,,,,,,,,,,,,,,,,,,,,,,,,,,,,,,,,,,,,,,,,,,,,,,,,,,,,,,,,
20,12,,,,,,,100,66,68,15,235.0,2730,10801,37,0,5.9,1.3;5.1;1.3;2.0;2.6;0.7;50.5;10.5;3.3;2.6;12.1;47.2;1.7;0.3;0.0;0.0;0.0;0.0;0.0;0.0;0.0;0.0;0.0;0.7,39.78,0.11,0.01,0.12,14.589,0.0,292.0,341.0,4,16,,,,,,,,,,,,,,,,,,,,,,,,,,,,,,,,,,,,,,,,,,,,,,,,,,,,,,,,,,,,,
20,summary,0.5076200440914714,0.9488909141795061,0.45201957065819626,0.963440422936153,0.00100000,117.3,,,,,,,,,,,,,,,,,,,,,,1,91.75,100,0,62.58,86,56,68.0,71,15,17.08,21,128.1,227.92,239.9,2731.2,10801.0,36.0,0,5.6,9.17,25.9,39.78,39.81,39.88,63.16,0.11,0.11,0.11,23.18,0.0,0.0,0.01,0.02,0.73,2.83,11.006,15.4,14.589,14.59,14.589,15.992,0.0,0.0,0.0,48.0,5439.75,49853.0,341.0,2945.5,7080.0,4,4.0,4,16,16.0,16,4,16,2.52,93.4
21,1,,,,,,,100,54,66,18,152.8,2730,10801,37,0,25.8,30.3;32.2;36.8;35.3;28.9;29.7;64.1;60.9;34.0;35.8;61.9;69.7;14.9;15.1;4.6;3.8;10.9;10.7;5.4;4.0;9.2;8.3;7.0;7.0,39.92,0.11,0.0,0.03,14.46,0.0,16748.0,15673.0,4,16,,,,,,,,,,,,,,,,,,,,,,,,,,,,,,,,,,,,,,,,,,,,,,,,,,,,,,,,,,,,,
21,2,,,,,,,100,55,70,19,235.7,2730,10801,37,0,7.8,1.4;4.4;3.6;2.1;1.0;0.3;46.4;39.5;6.0;1.9;24.3;54.5;0.9;1.4;0.2;0.2;0.0;0.0;0.0;0.0;0.2;0.3;0.0;0.0,39.9,0.11,0.0,3.58,14.46,0.0,3564.0,97.0,4,16,,,,,,,,,,,,,,,,,,,,,,,,,,,,,,,,,,,,,,,,,,,,,,,,,,,,,,,,,,,,,
21,3,,,,,,,100,75,70,16,239.5,2730,10801,37,0,7.9,1.6;5.2;2.2;1.7;1.0;0.5;30.6;36.4;4.0;1.7;50.5;50.3;0.9;0.5;0.0;0.2;0.3;0.2;0.0;0.2;0.3;0.3;0.5;0.3,39.89,0.11,0.0,2.7,14.46,0.0,16113.0,20312.0,4,16,,,,,,,,,,,,,,,,,,,,,,,,,,,,,,,,,,,,,,,,,,,,,,,,,,,,,,,,,,,,,
21,4,,,,,,,98,78,68,15,235.4,2730,10801,37,0,8.0,1.2;3.1;2.1;1.2;1.2;0.7;48.7;35.4;6.2;3.5;30.7;55.4;0.5;0.5;0.0;0.0;0.0;0.0;0.2;0.0;0.2;0.2;0.3;0.3,39.82,0.11,0.0,2.27,14.46,0.0,341.0,292.0,4,16,,,,,,,,,,,,,,,,,,,,,,,,,,,,,,,,,,,,,,,,,,,,,,,,,,,,,,,,,,,,,
21,5,,,,,,,100,84,70,14,238.1,2730,10801,37,0,8.0,1.4;5.1;2.4;1.5;0.5;0.5;53.4;26.7;5.0;1.0;29.9;59.3;1.0;1.0;0.2;0.2;0.2;0.2;0.2;0.2;0.2;0.2;0.9;0.7,39.83,0.11,0.0,1.58,14.46,0.0,1171.0,6005.0,4,16,,,,,,,,,,,,,,,,,,,,,,,,,,,,,,,,,,,,,,,,,,,,,,,,,,,,,,,,,,,,,
21,6,,,,,,,100,69,69,13,237.4,2730,10801,37,0,8.1,1.9;4.9;3.1;2.1;0.9;1.0;43.6;39.8;5.9;2.8;30.4;52.8;0.7;0.9;0.0;0.0;0.3;0.2;0.0;0.2;0.3;0.7;0.3;0.0,39.83,0.11,0.0,2.4,14.46,0.0,878.0,2001.0,4,16,,,,,,,,,,,,,,,,,,,,,,,,,,,,,,,,,,,,,,,,,,,,,,,,,,,,,,,,,,,,,
21,7,,,,,,,100,51,68,14,236.5,2730,10801,37,0,7.8,1.9;4.7;1.4;0.7;0.3;0.3;37.8;51.9;4.8;3.4;35.2;42.1;0.9;0.7;0.0;0.0;0.0;0.0;0.0;0.0;0.0;0.0;0.0;0.0,39.8,0.11,0.01,0.02,14.46,0.0,341.0,1318.0,4,16,,,,,,,,,,,,,,,,,,,,,,,,,,,,,,,,,,,,,,,,,,,,,,,,,,,,,,,,,,,,,
21,8,,,,,,,100,85,64,15,239.5,2730,10801,37,0,7.6,0.7;2.7;0.9;1.0;0.2;0.3;36.1;34.9;4.5;4.8;41.8;51.4;0.9;0.7;0.0;0.0;0.3;0.0;0.2;0.2;0.0;0.3;0.0;0.0,39.79,0.11,0.0,0.03,14.46,0.0,878.0,5419.0,4,16,,,,,,,,,,,,,,,,,,,,,,,,,,,,,,,,,,,,,,,,,,,,,,,,,,,,,,,,,,,,,
21,9,,,,,,,100,53,68,14,235.8,2730,10801,37,0,8.9,3.6;6.6;5.5;3.1;2.6;1.6;42.8;37.1;6.7;2.9;40.6;50.9;1.0;1.4;0.2;0.5;0.7;1.0;0.2;0.2;1.2;0.5;1.0;0.7,39.83,0.11,0.0,0.02,14.46,0.0,0.0,1855.0,4,16,,,,,,,,,,,,,,,,,,,,,,,,,,,,,,,,,,,,,,,,,,,,,,,,,,,,,,,,,,,,,
21,10,,,,,,,100,58,70,14,239.0,2730,10801,37,0,7.7,1.2;4.6;2.1;0.9;0.3;0.3;46.2;33.0;4.7;1.9;35.9;52.3;0.7;0.9;0.0;0.0;0.0;0.0;0.0;0.0;0.0;0.0;0.3;0.0,39.81,0.11,0.0,0.04,14.46,0.0,1220.0,5468.0,4,16,,,,,,,,,,,,,,,,,,,,,,,,,,,,,,,,,,,,,,,,,,,,,,,,,,,,,,,,,,,,,
21,11,,,,,,,100,64,70,21,236.9,2730,10801,38,0,5.6,1.4;2.7;1.4;1.4;0.7;0.3;32.4;32.6;3.6;1.7;15.9;39.1;0.5;0.3;0.0;0.0;0.2;0.2;0.0;0.0;0.0;0.0;0.3;0.0,39.79,0.11,0.03,0.05,14.46,0.0,1464.0,1464.0,4,16,,,,,,,,,,,,,,,,,,,,,,,,,,,,,,,,,,,,,,,,,,,,,,,,,,,,,,,,,,,,,
21,12,,,,,,,100,52,69,16,236.0,2730,10801,37,0,5.5,0.7;3.2;1.6;0.0;0.3;0.3;15.7;20.7;3.0;2.3;29.2;53.8;0.3;0.7;0.0;0.0;0.0;0.0;0.0;0.0;0.0;0.0;0.7;0.0,39.79,0.11,0.01,0.04,14.46,0.0,2734.0,1367.0,4,16,,,,,,,,,,,,,,,,,,,,,,,,,,,,,,,,,,,,,,,,,,,,,,,,,,,,,,,,,,,,,
21,summary,0.5027526905224763,0.950713675735025,0.45087985076910114,0.9638877592517283,0.00100000,117.5,,,,,,,,,,,,,,,,,,,,,,98,99.83,100,51,64.83,85,64,68.5,70,13,15.75,21,152.8,230.22,239.5,2730.0,10801.0,37.1,0,5.5,9.06,25.8,39.79,39.83,39.92,63.16,0.11,0.11,0.11,23.18,0.0,0.0,0.03,0.02,1.06,3.58,11.006,15.4,14.46,14.46,14.46,15.992,0.0,0.0,0.0,0.0,3787.67,16748.0,97.0,5105.92,20312.0,4,4.0,4,16,16.0,16,4,16,2.62,93.4
22,1,,,,,,,13,10,64,16,141.5,2745,10801,37,0,25.7,26.7;30.4;35.5;36.3;32.7;31.7;65.3;62.3;32.6;32.5;62.4;66.3;16.7;16.9;5.3;5.0;11.3;9.9;3.6;4.4;7.1;7.5;7.0;7.0,39.92,0.11,0.0,0.06,14.331,0.0,2734.0,8886.0,4,16,,,,,,,,,,,,,,,,,,,,,,,,,,,,,,,,,,,,,,,,,,,,,,,,,,,,,,,,,,,,,
22,2,,,,,,,98,84,67,14,234.3,2730,10801,37,0,8.0,0.9;3.9;2.1;1.2;0.7;0.5;43.4;36.4;4.7;3.3;37.3;54.4;1.0;1.0;0.0;0.0;0.0;0.0;0.2;0.0;0.2;0.7;0.0;0.0,39.88,0.11,0.0,3.6,14.331,0.0,0.0,1757.0,4,16,,,,,,,,,,,,,,,,,,,,,,,,,,,,,,,,,,,,,,,,,,,,,,,,,,,,,,,,,,,,,
22,3,,,,,,,98,83,68,14,238.8,2730,10801,37,0,7.9,1.0;3.4;1.4;1.0;0.3;0.5;49.2;40.8;4.3;3.8;37.1;44.5;0.3;0.3;0.0;0.2;0.0;0.0;0.2;0.3;0.0;0.0;0.3;0.2,39.84,0.11,0.0,2.71,14.331,0.0,1562.0,5712.0,4,16,,,,,,,,,,,,,,,,,,,,,,,,,,,,,,,,,,,,,,,,,,,,,,,,,,,,,,,,,,,,,
22,4,,,,,,,98,78,68,14,236.0,2730,10801,37,0,8.1,0.7;4.4;2.4;1.6;0.9;0.9;47.2;41.1;4.5;3.5;33.9;47.8;1.2;2.4;0.2;0.0;0.5;0.3;0.2;0.0;0.5;0.5;0.0;0.0,39.84,0.11,0.0,2.25,14.331,0.0,292.0,1708.0,4,16,,,,,,,,,,,,,,,,,,,,,,,,,,,,,,,,,,,,,,,,,,,,,,,,,,,,,,,,,,,,,
22,5,,,,,,,100,83,70,14,237.1,2730,10801,37,0,8.0,0.9;7.2;2.2;1.7;1.0;0.7;42.0;38.3;5.5;2.8;35.6;52.4;0.7;0.2;0.2;0.0;0.2;0.0;0.0;0.0;0.0;0.5;0.0;0.2,39.82,0.11,0.0,1.6,14.331,0.0,1220.0,6103.0,4,16,,,,,,,,,,,,,,,,,,,,,,,,,,,,,,,,,,,,,,,,,,,,,,,,,,,,,,,,,,,,,
22,6,,,,,,,100,80,70,13,237.4,2730,10801,37,0,7.8,0.7;3.9;1.9;1.6;0.5;0.3;52.4;30.9;4.3;5.2;28.9;54.4;0.9;0.7;0.0;0.0;0.2;0.0;0.0;0.0;0.0;0.3;0.0;0.0,39.78,0.11,0.0,2.47,14.331,0.0,781.0,1611.0,4,16,,,,,,,,,,,,,,,,,,,,,,,,,,,,,,,,,,,,,,,,,,,,,,,,,,,,,,,,,,,,,
22,7,,,,,,,100,73,69,14,235.5,2730,10801,38,0,8.3,1.2;5.4;3.8;1.9;1.0;1.6;29.0;41.5;4.7;6.9;34.4;65.3;1.0;1.0;0.0;0.2;0.2;0.2;0.0;0.2;0.2;0.2;0.2;0.2,39.8,0.11,0.01,0.02,14.331,0.0,1171.0,1562.0,4,16,,,,,,,,,,,,,,,,,,,,,,,,,,,,,,,,,,,,,,,,,,,,,,,,,,,,,,,,,,,,,
22,8,,,,,,,100,62,71,22,238.4,2730,10801,38,0,7.8,1.4;5.2;1.6;1.2;1.0;1.4;51.8;34.7;4.0;3.6;36.6;43.5;1.0;0.5;0.0;0.2;0.2;0.0;0.2;0.0;0.0;0.0;0.0;0.0,39.81,0.11,0.0,0.04,14.331,0.0,1171.0,97.0,4,16,,,,,,,,,,,,,,,,,,,,,,,,,,,,,,,,,,,,,,,,,,,,,,,,,,,,,,,,,,,,,
22,9,,,,,,,100,79,71,16,235.5,2730,10801,38,0,7.8,0.9;1.2;1.7;2.4;0.5;0.3;52.5;36.9;4.1;5.4;30.6;48.5;0.7;0.5;0.2;0.0;0.2;0.2;0.2;0.0;0.2;0.3;0.0;0.2,39.79,0.11,0.01,0.07,14.331,0.0,1416.0,97.0,4,16,,,,,,,,,,,,,,,,,,,,,,,,,,,,,,,,,,,,,,,,,,,,,,,,,,,,,,,,,,,,,
22,10,,,,,,,100,75,71,15,238.6,2730,10801,38,0,8.0,1.6;3.7;2.2;2.4;0.3;0.5;47.5;32.6;4.0;6.2;41.1;45.8;1.2;1.0;0.0;0.2;0.2;0.0;0.0;0.0;0.2;0.3;0.3;0.2,39.8,0.11,0.0,0.05,14.331,0.0,2441.0,5712.0,4,16,,,,,,,,,,,,,,,,,,,,,,,,,,,,,,,,,,,,,,,,,,,,,,,,,,,,,,,,,,,,,
22,11,,,,,,,100,77,70,15,237.4,2730,10801,38,0,5.8,0.7;3.4;0.9;1.0;0.2;0.3;26.8;34.9;1.6;2.1;28.2;36.0;0.3;0.2;0.0;0.0;0.0;0.0;0.0;0.0;0.3;0.7;0.7;0.3,39.8,0.11,0.01,0.02,14.331,0.0,1123.0,1513.0,4,16,,,,,,,,,,,,,,,,,,,,,,,,,,,,,,,,,,,,,,,,,,,,,,,,,,,,,,,,,,,,,
22,12,,,,,,,100,85,69,15,234.1,2730,10801,38,0,6.2,1.3;4.5;2.3;2.6;2.0;0.7;34.0;17.5;3.3;4.3;32.0;39.6;1.6;0.7;0.0;0.7;0.3;0.3;0.3;0.0;0.0;0.0;0.0;1.0,39.79,0.11,0.0,0.05,14.331,0.0,48.0,1904.0,4,16,,,,,,,,,,,,,,,,,,,,,,,,,,,,,,,,,,,,,,,,,,,,,,,,,,,,,,,,,,,,,
22,summary,0.4988559776583024,0.9512518927297648,0.45066055850606473,0.963440422936153,0.00100000,117.3,,,,,,,,,,,,,,,,,,,,,,13,92.25,100,10,72.42,85,64,69.0,71,13,15.17,22,141.5,228.72,238.8,2731.2,10801.0,37.5,0,5.8,9.12,25.7,39.78,39.82,39.92,63.16,0.11,0.11,0.11,23.18,0.0,0.0,0.01,0.02,1.08,3.6,11.006,15.4,14.331,14.33,14.331,15.992,0.0,0.0,0.0,0.0,1163.25,2734.0,97.0,3055.17,8886.0,4,4.0,4,16,16.0,16,4,16,2.42,93.41
23,1,,,,,,,100,68,68,18,136.5,2745,10801,38,0,25.8,29.4;32.3;36.1;35.8;29.2;30.6;56.1;69.7;32.5;35.4;54.1;77.9;15.4;17.0;4.4;4.5;10.4;10.3;4.3;4.0;8.1;7.6;6.8;7.1,39.91,0.11,0.0,0.03,14.331,0.0,2587.0,5419.0,4,16,,,,,,,,,,,,,,,,,,,,,,,,,,,,,,,,,,,,,,,,,,,,,,,,,,,,,,,,,,,,,
23,2,,,,,,,98,81,68,21,235.4,2730,10801,38,0,7.6,0.9;3.1;1.2;1.0;0.9;1.4;59.1;23.1;2.4;7.3;25.1;54.1;0.9;0.7;0.0;0.0;0.0;0.0;0.0;0.0;0.0;0.0;0.0;0.0,39.86,0.11,0.0,3.61,14.331,0.0,1416.0,1367.0,4,16,,,,,,,,,,,,,,,,,,,,,,,,,,,,,,,,,,,,,,,,,,,,,,,,,,,,,,,,,,,,,
23,3,,,,,,,98,80,70,20,239.6,2730,10801,38,0,7.7,0.5;3.9;2.6;2.8;0.3;0.7;36.2;36.8;2.9;4.7;34.7;55.6;0.5;0.7;0.0;0.0;0.0;0.0;0.0;0.0;0.0;0.7;0.0;0.0,39.87,0.11,0.0,2.71,14.331,0.0,2099.0,5664.0,4,16,,,,,,,,,,,,,,,,,,,,,,,,,,,,,,,,,,,,,,,,,,,,,,,,,,,,,,,,,,,,,
23,4,,,,,,,98,80,68,21,236.7,2730,10801,38,0,8.3,1.2;6.3;3.5;1.9;0.7;0.7;40.2;43.7;4.1;6.9;39.2;48.2;0.7;0.5;0.2;0.0;0.2;0.0;0.0;0.2;0.2;0.2;0.0;0.0,39.82,0.11,0.0,2.24,14.331,0.0,292.0,390.0,4,16,,,,,,,,,,,,,,,,,,,,,,,,,,,,,,,,,,,,,,,,,,,,,,,,,,,,,,,,,,,,,
23,5,,,,,,,98,77,68,17,237.4,2730,10801,38,0,8.0,0.9;4.9;2.9;2.2;1.0;0.3;39.0;48.4;2.9;2.9;30.5;51.7;0.7;0.7;0.0;0.2;0.0;0.0;0.7;0.2;0.7;1.9;0.0;0.2,39.81,0.11,0.0,1.56,14.331,0.0,2880.0,5322.0,4,16,,,,,,,,,,,,,,,,,,,,,,,,,,,,,,,,,,,,,,,,,,,,,,,,,,,,,,,,,,,,,
23,6,,,,,,,100,84,68,16,238.0,2730,10801,38,0,8.1,1.7;5.8;1.4;2.2;1.2;1.4;40.6;46.2;3.3;5.0;30.3;53.1;0.7;0.3;0.0;0.0;0.0;0.0;0.3;0.0;0.2;0.2;0.3;0.2,39.83,0.11,0.01,2.4,14.331,0.0,976.0,1513.0,4,16,,,,,,,,,,,,,,,,,,,,,,,,,,,,,,,,,,,,,,,,,,,,,,,,,,,,,,,,,,,,,
23,7,,,,,,,100,66,68,16,236.8,2730,10801,38,0,7.9,1.2;2.2;2.4;1.6;0.5;1.2;37.7;53.6;4.3;6.5;35.2;41.1;1.9;1.0;0.0;0.0;0.0;0.2;0.0;0.0;0.2;0.2;0.0;0.0,39.8,0.11,0.0,0.42,14.331,0.0,634.0,341.0,4,16,,,,,,,,,,,,,,,,,,,,,,,,,,,,,,,,,,,,,,,,,,,,,,,,,,,,,,,,,,,,,
23,8,,,,,,,100,59,69,15,240.4,2730,10801,38,0,7.8,1.2;3.4;1.2;1.0;0.3;0.7;37.5;33.7;3.4;4.5;41.3;56.1;0.9;0.5;0.0;0.0;0.0;0.0;0.2;0.2;0.2;0.7;0.0;0.0,39.79,0.11,0.0,0.05,14.331,0.0,3857.0,5371.0,4,16,,,,,,,,,,,,,,,,,,,,,,,,,,,,,,,,,,,,,,,,,,,,,,,,,,,,,,,,,,,,,
23,9,,,,,,,100,61,69,17,236.4,2730,10801,38,0,7.7,0.5;2.7;1.9;1.9;0.7;0.5;25.7;46.5;4.5;4.7;42.2;51.1;0.7;0.3;0.0;0.0;0.0;0.0;0.2;0.0;0.0;0.0;0.2;0.0,39.81,0.11,0.0,0.02,14.331,0.0,1464.0,97.0,4,16,,,,,,,,,,,,,,,,,,,,,,,,,,,,,,,,,,,,,,,,,,,,,,,,,,,,,,,,,,,,,
23,10,,,,,,,100,57,70,15,239.5,2730,10801,38,0,7.9,1.5;4.9;2.6;1.9;1.2;1.0;32.6;41.7;4.1;3.4;37.6;54.9;0.9;0.5;0.0;0.0;0.0;0.0;0.3;0.0;0.5;0.2;0.0;0.3,39.81,0.11,0.0,0.04,14.331,0.0,2050.0,5419.0,4,16,,,,,,,,,,,,,,,,,,,,,,,,,,,,,,,,,,,,,,,,,,,,,,,,,,,,,,,,,,,,,
23,11,,,,,,,100,62,71,16,237.9,2730,10801,38,0,6.0,0.7;4.4;1.9;1.7;0.2;0.9;45.3;39.0;4.3;1.7;22.0;18.3;0.5;0.7;0.0;0.0;0.3;0.2;0.0;0.0;0.9;1.6;0.0;0.0,39.81,0.11,0.01,0.03,14.331,0.0,0.0,31787.0,4,16,,,,,,,,,,,,,,,,,,,,,,,,,,,,,,,,,,,,,,,,,,,,,,,,,,,,,,,,,,,,,
23,12,,,,,,,100,55,70,15,236.5,2730,10801,38,0,6.2,1.6;3.6;2.6;3.0;0.7;0.7;49.5;35.4;4.6;2.0;23.3;16.1;0.7;0.7;0.7;0.0;0.3;0.3;1.0;0.3;0.0;0.3;1.3;0.3,39.81,0.11,0.0,0.04,14.331,0.0,585.0,341.0,4,16,,,,,,,,,,,,,,,,,,,,,,,,,,,,,,,,,,,,,,,,,,,,,,,,,,,,,,,,,,,,,
23,summary,0.4975771085539414,0.9521776259607173,0.44989779556413256,0.9638877592517283,0.00100000,117.4,,,,,,,,,,,,,,,,,,,,,,98,99.33,100,55,69.17,84,68,68.92,71,15,17.25,21,136.5,229.26,240.4,2731.2,10801.0,38.0,0,6.0,9.08,25.8,39.79,39.83,39.91,63.16,0.11,0.11,0.11,23.18,0.0,0.0,0.01,0.02,1.1,3.61,11.006,15.4,14.331,14.33,14.331,15.992,0.0,0.0,0.0,0.0,1570.0,3857.0,97.0,5252.58,31787.0,4,4.0,4,16,16.0,16,4,16,2.62,93.4
24,1,,,,,,,0,0,57,18,129.2,2745,10801,38,0,25.6,26.4;27.8;34.9;34.8;29.4;29.3;66.0;61.9;33.7;34.0;66.5;60.7;17.2;16.8;6.1;6.1;9.6;10.7;5.1;5.0;9.2;9.3;6.0;6.6,39.92,0.11,0.0,0.02,14.331,0.0,1513.0,5712.0,4,16,,,,,,,,,,,,,,,,,,,,,,,,,,,,,,,,,,,,,,,,,,,,,,,,,,,,,,,,,,,,,
24,2,,,,,,,100,47,70,16,234.9,2730,10801,38,0,8.5,3.5;4.1;3.5;3.5;1.0;1.4;37.7;49.4;4.5;4.5;32.4;48.2;1.2;1.0;0.0;1.0;1.2;0.5;0.7;0.3;1.4;1.6;1.0;0.3,39.89,0.11,0.02,3.63,14.331,0.0,1416.0,97.0,4,16,,,,,,,,,,,,,,,,,,,,,,,,,,,,,,,,,,,,,,,,,,,,,,,,,,,,,,,,,,,,,
24,3,,,,,,,100,65,68,16,239.6,2730,10801,38,0,8.3,2.8;7.4;4.3;5.0;1.0;0.3;37.9;48.6;3.6;2.8;43.2;39.3;1.0;0.7;0.0;0.0;0.2;0.0;0.0;0.0;0.3;0.5;0.0;0.0,39.85,0.11,0.0,2.72,14.331,0.0,2001.0,5566.0,4,16,,,,,,,,,,,,,,,,,,,,,,,,,,,,,,,,,,,,,,,,,,,,,,,,,,,,,,,,,,,,,
24,4,,,,,,,85,72,68,21,235.8,2730,10801,38,0,7.9,1.4;5.4;1.7;2.4;0.9;0.7;37.1;50.8;4.7;4.8;46.5;31.4;0.3;0.2;0.0;0.0;0.0;0.0;0.0;0.0;0.0;0.2;0.3;0.2,39.83,0.11,0.0,2.24,14.331,0.0,341.0,1367.0,4,16,,,,,,,,,,,,,,,,,,,,,,,,,,,,,,,,,,,,,,,,,,,,,,,,,,,,,,,,,,,,,
24,5,,,,,,,100,78,68,17,236.7,2730,10801,38,0,8.0,2.1;3.8;2.1;1.7;1.7;2.1;51.0;34.1;5.7;5.3;35.9;43.7;0.9;0.3;0.0;0.2;0.3;0.0;0.0;0.0;0.0;0.2;0.2;0.0,39.83,0.11,0.0,1.58,14.331,0.0,1513.0,5859.0,4,16,,,,,,,,,,,,,,,,,,,,,,,,,,,,,,,,,,,,,,,,,,,,,,,,,,,,,,,,,,,,,
24,6,,,,,,,100,76,70,16,238.8,2730,10801,38,0,8.0,0.5;2.4;3.1;1.6;0.9;1.0;36.0;39.6;4.2;4.8;32.6;61.9;0.5;1.0;0.0;0.0;0.0;0.0;0.0;0.0;0.0;0.2;1.0;0.5,39.78,0.11,0.0,2.41,14.331,0.0,244.0,1416.0,4,16,,,,,,,,,,,,,,,,,,,,,,,,,,,,,,,,,,,,,,,,,,,,,,,,,,,,,,,,,,,,,
24,7,,,,,,,100,55,71,15,235.6,2730,10801,38,0,7.9,0.7;4.4;2.1;1.4;0.7;0.2;40.6;38.8;6.7;2.4;32.9;56.3;0.7;0.7;0.0;0.0;0.0;0.2;0.0;0.0;0.0;0.0;0.0;0.0,39.8,0.11,0.0,0.04,14.331,0.0,1464.0,48.0,4,16,,,,,,,,,,,,,,,,,,,,,,,,,,,,,,,,,,,,,,,,,,,,,,,,,,,,,,,,,,,,,
24,8,,,,,,,100,51,70,16,238.1,2730,10801,38,0,7.5,0.9;4.4;1.2;0.5;0.5;0.5;42.2;46.2;4.2;1.7;26.3;50.6;0.5;0.3;0.0;0.0;0.0;0.0;0.5;0.0;0.0;0.0;0.0;0.0,39.82,0.11,0.01,0.05,14.331,0.0,1660.0,1416.0,4,16,,,,,,,,,,,,,,,,,,,,,,,,,,,,,,,,,,,,,,,,,,,,,,,,,,,,,,,,,,,,,
24,9,,,,,,,100,67,69,13,234.8,2730,10801,38,0,7.8,1.7;3.7;2.1;1.7;0.7;0.7;57.5;40.9;3.8;4.3;31.6;36.6;0.3;0.2;0.0;0.0;0.2;0.0;0.0;0.2;0.0;0.0;0.0;0.0,39.79,0.11,0.0,0.03,14.331,0.0,0.0,1416.0,4,16,,,,,,,,,,,,,,,,,,,,,,,,,,,,,,,,,,,,,,,,,,,,,,,,,,,,,,,,,,,,,
24,10,,,,,,,100,75,69,16,238.9,2730,10801,38,0,8.1,1.4;3.9;2.9;2.9;1.2;1.4;46.7;31.4;5.5;3.6;55.8;35.8;0.9;0.3;0.0;0.0;0.0;0.2;0.0;0.0;0.0;0.0;0.7;0.0,39.79,0.11,0.0,0.03,14.331,0.0,1220.0,5712.0,4,16,,,,,,,,,,,,,,,,,,,,,,,,,,,,,,,,,,,,,,,,,,,,,,,,,,,,,,,,,,,,,
24,11,,,,,,,99,78,66,13,235.6,2730,10801,38,0,5.9,0.5;3.4;1.4;0.9;0.5;0.3;23.1;41.5;4.3;1.7;26.4;35.7;0.0;0.2;0.2;0.0;0.3;0.0;0.2;0.0;0.0;0.2;0.2;0.2,39.65,0.11,0.0,0.04,14.331,0.0,1025.0,1562.0,4,16,,,,,,,,,,,,,,,,,,,,,,,,,,,,,,,,,,,,,,,,,,,,,,,,,,,,,,,,,,,,,
24,12,,,,,,,100,83,68,19,235.9,2730,10801,38,0,5.9,2.0;5.8;3.9;1.3;1.0;1.7;38.7;45.7;3.6;1.6;8.6;28.3;0.0;0.0;0.0;0.0;0.0;0.0;0.0;0.0;0.0;0.0;0.0;0.3,39.65,0.11,0.0,0.02,14.331,0.0,1416.0,1367.0,4,16,,,,,,,,,,,,,,,,,,,,,,,,,,,,,,,,,,,,,,,,,,,,,,,,,,,,,,,,,,,,,
24,summary,0.49483266269064213,0.953483699201286,0.44922356236606364,0.9638877592517283,0.00100000,117.3,,,,,,,,,,,,,,,,,,,,,,0,90.33,100,0,62.25,83,57,67.83,71,13,16.33,21,129.2,227.83,239.6,2731.2,10801.0,38.0,0,5.9,9.12,25.6,39.65,39.8,39.92,63.16,0.11,0.11,0.11,23.18,0.0,0.0,0.02,0.02,1.07,3.63,11.006,15.4,14.331,14.33,14.331,15.992,0.0,0.0,0.0,0.0,1151.08,2001.0,48.0,2628.17,5859.0,4,4.0,4,16,16.0,16,4,16,2.67,93.41
25,1,,,,,,,100,56,65,23,148.2,2730,10801,38,0,25.9,29.8;32.5;36.6;35.8;27.2;28.2;65.8;61.1;31.1;31.8;52.4;76.7;17.3;17.4;6.3;6.2;10.3;10.4;4.2;4.6;9.1;9.8;8.1;8.0,39.77,0.11,0.0,0.03,14.331,0.0,2832.0,5615.0,4,16,,,,,,,,,,,,,,,,,,,,,,,,,,,,,,,,,,,,,,,,,,,,,,,,,,,,,,,,,,,,,
25,2,,,,,,,100,51,69,18,234.4,2730,10801,38,0,7.9,1.2;4.8;2.9;1.7;0.7;0.7;38.8;40.6;5.4;2.9;49.7;36.9;0.0;1.0;0.2;0.2;0.0;0.0;0.0;0.0;0.0;0.7;0.2;0.0,39.75,0.11,0.01,3.61,14.331,0.0,1660.0,0.0,4,16,,,,,,,,,,,,,,,,,,,,,,,,,,,,,,,,,,,,,,,,,,,,,,,,,,,,,,,,,,,,,
25,3,,,,,,,100,57,70,15,238.3,2730,10801,38,0,8.2,1.4;3.1;1.6;2.4;0.7;1.6;39.6;53.7;4.8;3.6;42.0;37.1;1.2;1.2;0.3;0.2;0.2;0.3;0.3;0.5;0.2;0.0;0.2;0.2,39.74,0.11,0.0,2.69,14.331,0.0,1464.0,5761.0,4,16,,,,,,,,,,,,,,,,,,,,,,,,,,,,,,,,,,,,,,,,,,,,,,,,,,,,,,,,,,,,,
25,4,,,,,,,99,74,71,16,236.1,2730,10801,38,0,8.0,2.4;4.1;2.7;2.1;1.5;0.5;45.2;33.3;4.6;3.3;33.3;56.3;0.9;1.2;0.0;0.0;0.3;0.2;0.0;0.0;0.2;0.2;0.0;0.0,39.7,0.11,0.0,2.25,14.331,0.0,292.0,1367.0,4,16,,,,,,,,,,,,,,,,,,,,,,,,,,,,,,,,,,,,,,,,,,,,,,,,,,,,,,,,,,,,,
25,5,,,,,,,98,80,68,15,238.2,2730,10801,38,0,7.8,1.0;3.4;2.1;2.8;0.7;0.3;44.2;40.1;3.6;4.3;21.6;59.1;1.2;0.9;0.0;0.0;0.2;0.2;0.0;0.0;0.0;0.0;0.0;0.0,39.68,0.11,0.0,1.58,14.331,0.0,2343.0,5615.0,4,16,,,,,,,,,,,,,,,,,,,,,,,,,,,,,,,,,,,,,,,,,,,,,,,,,,,,,,,,,,,,,
25,6,,,,,,,98,79,70,14,236.8,2730,10801,38,0,7.7,0.7;4.9;1.4;1.0;0.3;0.7;50.5;32.2;2.9;3.1;33.9;51.6;0.9;0.9;0.2;0.2;0.2;0.0;0.0;0.2;0.0;0.0;0.0;0.0,39.68,0.11,0.0,2.41,14.331,0.0,1367.0,4785.0,4,16,,,,,,,,,,,,,,,,,,,,,,,,,,,,,,,,,,,,,,,,,,,,,,,,,,,,,,,,,,,,,
25,7,,,,,,,100,72,67,22,236.1,2730,10801,38,0,7.7,0.9;3.4;2.2;2.1;0.3;0.5;45.0;31.2;3.3;2.9;42.1;48.6;0.5;0.5;0.0;0.0;0.3;0.2;0.0;0.0;0.2;0.5;0.0;0.0,39.67,0.11,0.01,0.04,14.331,0.0,2734.0,488.0,4,16,,,,,,,,,,,,,,,,,,,,,,,,,,,,,,,,,,,,,,,,,,,,,,,,,,,,,,,,,,,,,
25,8,,,,,,,100,65,69,20,238.6,2730,10801,38,0,8.2,1.7;5.1;2.6;1.6;2.1;2.6;41.1;43.7;4.2;5.0;38.8;44.0;1.6;0.9;0.2;0.0;0.9;0.5;0.2;0.3;0.3;0.5;0.2;0.0,39.68,0.11,0.0,0.01,14.331,0.0,292.0,732.0,4,16,,,,,,,,,,,,,,,,,,,,,,,,,,,,,,,,,,,,,,,,,,,,,,,,,,,,,,,,,,,,,
25,9,,,,,,,100,55,70,16,234.9,2730,10801,38,0,8.5,1.9;4.6;4.1;2.9;1.0;1.4;47.6;45.7;6.4;5.2;40.7;36.1;1.4;0.7;0.0;0.0;0.2;0.7;0.0;0.0;0.9;1.7;0.5;0.2,39.67,0.11,0.0,0.1,14.331,0.0,683.0,1562.0,4,16,,,,,,,,,,,,,,,,,,,,,,,,,,,,,,,,,,,,,,,,,,,,,,,,,,,,,,,,,,,,,
25,10,,,,,,,100,49,70,16,238.8,2730,10801,38,0,8.2,0.9;4.6;3.1;2.6;0.9;0.7;51.5;38.6;4.3;4.0;36.8;44.7;1.2;0.5;0.0;0.0;0.0;0.3;0.0;0.3;0.5;0.9;0.5;0.0,39.64,0.11,0.01,0.02,14.331,0.0,2392.0,5468.0,4,16,,,,,,,,,,,,,,,,,,,,,,,,,,,,,,,,,,,,,,,,,,,,,,,,,,,,,,,,,,,,,
25,11,,,,,,,100,77,69,14,236.9,2730,10801,38,0,6.0,0.7;3.2;2.1;1.6;1.0;0.9;39.7;35.6;4.0;5.2;13.5;35.0;1.0;0.5;0.0;0.0;0.0;0.0;0.0;0.0;0.0;0.7;0.0;0.0,39.64,0.11,0.0,0.05,14.331,0.0,878.0,1464.0,4,16,,,,,,,,,,,,,,,,,,,,,,,,,,,,,,,,,,,,,,,,,,,,,,,,,,,,,,,,,,,,,
25,12,,,,,,,99,86,69,14,233.6,2730,10801,38,0,5.8,0.3;2.3;1.3;1.0;0.3;0.0;13.4;29.3;3.3;3.0;40.7;42.6;0.0;0.0;0.0;0.0;0.0;0.0;0.0;0.0;0.0;0.7;0.0;0.0,39.64,0.11,0.0,0.02,14.331,0.0,878.0,1562.0,4,16,,,,,,,,,,,,,,,,,,,,,,,,,,,,,,,,,,,,,,,,,,,,,,,,,,,,,,,,,,,,,
25,summary,0.4902268425365337,0.9540936784619911,0.4492566610628534,0.9632777551850346,0.00100000,117.4,,,,,,,,,,,,,,,,,,,,,,98,99.5,100,49,66.75,86,65,68.92,71,14,16.92,23,148.2,229.24,238.8,2730.0,10801.0,38.0,0,5.8,9.16,25.9,39.64,39.69,39.77,63.16,0.11,0.11,0.11,23.18,0.0,0.0,0.01,0.01,1.07,3.61,11.006,15.4,14.331,14.33,14.331,15.992,0.0,0.0,0.0,292.0,1484.58,2832.0,0.0,2868.25,5761.0,4,4.0,4,16,16.0,16,4,16,2.48,93.42
26,1,,,,,,,43,33,65,17,124.3,2745,10801,38,0,25.1,26.7;28.8;34.2;34.4;28.6;29.8;69.2;62.8;30.3;31.8;55.2;65.5;14.4;14.9;4.8;5.3;10.4;11.4;4.3;4.5;9.7;9.6;7.5;6.7,39.73,0.11,0.0,0.04,14.331,0.0,1220.0,5566.0,4,16,,,,,,,,,,,,,,,,,,,,,,,,,,,,,,,,,,,,,,,,,,,,,,,,,,,,,,,,,,,,,
26,2,,,,,,,98,84,68,17,234.6,2730,10801,38,0,8.7,1.9;4.8;2.1;2.6;1.4;1.7;39.7;39.3;5.4;6.1;46.0;53.8;0.7;0.5;0.3;0.0;0.2;0.5;0.3;0.5;0.2;0.5;0.2;0.2,39.73,0.11,0.48,3.02,14.331,0.0,1416.0,0.0,4,16,,,,,,,,,,,,,,,,,,,,,,,,,,,,,,,,,,,,,,,,,,,,,,,,,,,,,,,,,,,,,
26,3,,,,,,,98,76,68,17,237.9,2730,10801,38,0,7.6,2.1;4.2;2.2;1.4;0.2;0.9;47.3;52.2;3.1;4.3;23.5;40.2;0.3;0.7;0.0;0.0;0.2;0.2;0.0;0.0;0.2;0.0;0.2;0.3,39.7,0.11,0.0,1.94,14.331,0.0,1171.0,5517.0,4,16,,,,,,,,,,,,,,,,,,,,,,,,,,,,,,,,,,,,,,,,,,,,,,,,,,,,,,,,,,,,,
26,4,,,,,,,98,78,68,15,235.3,2730,10801,38,0,8.6,2.6;7.2;3.8;4.0;1.7;1.2;45.7;47.1;4.3;6.4;33.2;41.7;1.4;0.9;0.2;0.3;0.7;0.2;0.3;0.3;0.5;0.3;0.7;1.0,39.69,0.11,0.0,1.6,14.331,0.0,537.0,1464.0,4,16,,,,,,,,,,,,,,,,,,,,,,,,,,,,,,,,,,,,,,,,,,,,,,,,,,,,,,,,,,,,,
26,5,,,,,,,98,81,68,14,236.5,2730,10801,38,0,8.3,2.8;5.1;1.7;2.1;1.0;1.9;50.6;42.0;4.7;4.0;38.4;41.8;0.5;0.9;0.2;0.2;0.0;0.5;0.0;0.2;1.0;0.5;0.0;0.0,39.69,0.11,0.01,2.47,14.331,0.0,1904.0,5957.0,4,16,,,,,,,,,,,,,,,,,,,,,,,,,,,,,,,,,,,,,,,,,,,,,,,,,,,,,,,,,,,,,
26,6,,,,,,,100,80,69,22,237.3,2730,10801,38,0,7.6,0.7;5.4;1.7;2.1;0.7;0.5;50.1;25.7;4.1;3.8;29.7;56.7;0.7;0.2;0.0;0.0;0.0;0.0;0.0;0.0;0.0;0.0;0.2;0.0,39.67,0.11,0.0,0.08,14.331,0.0,2880.0,97.0,4,16,,,,,,,,,,,,,,,,,,,,,,,,,,,,,,,,,,,,,,,,,,,,,,,,,,,,,,,,,,,,,
26,7,,,,,,,100,61,68,15,235.9,2730,10801,38,0,7.7,0.9;3.1;1.4;1.4;0.9;0.9;44.6;34.4;3.5;3.1;43.0;45.1;0.7;0.9;0.2;0.0;0.2;0.0;0.0;0.0;0.0;0.0;0.5;0.2,39.66,0.11,0.01,0.04,14.331,0.0,878.0,1562.0,4,16,,,,,,,,,,,,,,,,,,,,,,,,,,,,,,,,,,,,,,,,,,,,,,,,,,,,,,,,,,,,,
26,8,,,,,,,100,61,70,17,239.0,2730,10801,38,0,7.7,2.1;3.6;1.7;1.2;0.5;0.3;45.1;39.6;4.7;4.0;45.0;34.7;0.3;0.2;0.0;0.2;0.2;0.0;0.0;0.0;0.0;0.7;0.0;0.0,39.66,0.11,0.01,0.03,14.331,0.0,0.0,1806.0,4,16,,,,,,,,,,,,,,,,,,,,,,,,,,,,,,,,,,,,,,,,,,,,,,,,,,,,,,,,,,,,,
26,9,,,,,,,100,56,70,16,235.2,2730,10801,38,0,8.1,1.5;4.2;2.7;2.1;1.0;0.3;48.1;52.6;4.8;3.4;31.1;39.0;0.7;1.0;0.0;0.3;0.2;0.0;0.7;0.0;0.2;0.2;0.5;0.3,39.66,0.11,0.0,0.05,14.331,0.0,0.0,1757.0,4,16,,,,,,,,,,,,,,,,,,,,,,,,,,,,,,,,,,,,,,,,,,,,,,,,,,,,,,,,,,,,,
26,10,,,,,,,100,63,68,14,237.7,2730,10801,38,0,7.9,1.0;4.1;1.9;0.7;0.5;0.0;45.2;40.1;3.8;4.5;47.6;36.2;0.2;0.7;0.2;0.0;0.0;0.0;0.0;0.0;0.0;0.0;1.0;0.3,39.68,0.11,0.0,0.02,14.331,0.0,1904.0,5761.0,4,16,,,,,,,,,,,,,,,,,,,,,,,,,,,,,,,,,,,,,,,,,,,,,,,,,,,,,,,,,,,,,
26,11,,,,,,,100,55,71,15,236.8,2730,10801,38,0,6.0,1.0;2.1;2.3;1.0;1.2;0.7;33.3;26.3;3.3;1.7;15.9;51.5;0.2;0.2;0.2;0.2;0.0;0.2;0.0;0.7;0.5;1.2;0.2;0.2,39.67,0.11,0.0,0.04,14.331,0.0,0.0,1855.0,4,16,,,,,,,,,,,,,,,,,,,,,,,,,,,,,,,,,,,,,,,,,,,,,,,,,,,,,,,,,,,,,
26,12,,,,,,,100,75,69,14,235.2,2730,10801,38,0,5.9,1.0;6.0;2.6;1.3;2.3;1.3;30.3;11.9;4.2;1.9;29.1;48.4;0.6;1.0;0.0;0.0;0.0;0.0;0.0;0.0;0.0;0.0;0.6;0.0,39.67,0.11,0.01,0.03,14.331,0.0,292.0,0.0,4,16,,,,,,,,,,,,,,,,,,,,,,,,,,,,,,,,,,,,,,,,,,,,,,,,,,,,,,,,,,,,,
26,summary,0.4876244695917411,0.9554858664217182,0.44956763448052023,0.9640504270028467,0.00100000,117.4,,,,,,,,,,,,,,,,,,,,,,43,94.58,100,33,66.92,84,65,68.5,71,14,16.08,22,124.3,227.14,239.0,2731.2,10801.0,38.0,0,5.9,9.1,25.1,39.66,39.68,39.73,63.16,0.11,0.11,0.11,23.18,0.0,0.04,0.48,0.02,0.78,3.02,11.006,15.4,14.331,14.33,14.331,15.992,0.0,0.0,0.0,0.0,1016.83,2880.0,0.0,2611.83,5957.0,4,4.0,4,16,16.0,16,4,16,2.63,93.4
27,1,,,,,,,0,0,58,23,159.8,2730,10801,38,0,25.7,30.7;30.0;33.7;35.0;30.6;30.3;56.6;62.1;31.2;32.0;63.8;71.5;14.1;15.4;6.1;7.3;12.3;12.0;3.7;4.6;8.9;9.0;8.1;8.6,39.74,0.11,0.0,0.03,14.331,0.0,1513.0,5371.0,4,16,,,,,,,,,,,,,,,,,,,,,,,,,,,,,,,,,,,,,,,,,,,,,,,,,,,,,,,,,,,,,
27,2,,,,,,,100,77,69,17,235.6,2730,10801,38,0,7.9,1.2;3.6;2.6;2.1;0.5;0.3;41.9;44.0;4.7;3.8;41.1;40.4;0.7;0.2;0.2;0.0;0.0;0.0;0.0;0.3;0.3;0.9;0.2;0.0,39.71,0.11,0.0,2.48,14.331,0.0,2880.0,1660.0,4,16,,,,,,,,,,,,,,,,,,,,,,,,,,,,,,,,,,,,,,,,,,,,,,,,,,,,,,,,,,,,,
27,3,,,,,,,100,66,68,16,238.3,2730,10801,38,0,7.7,1.2;3.9;2.1;1.6;0.7;0.9;45.8;37.8;4.3;2.9;35.5;46.3;0.3;0.3;0.0;0.2;0.0;0.0;0.0;0.0;0.0;0.0;0.3;0.0,39.72,0.11,0.0,1.94,14.331,0.0,1318.0,25244.0,4,16,,,,,,,,,,,,,,,,,,,,,,,,,,,,,,,,,,,,,,,,,,,,,,,,,,,,,,,,,,,,,
27,4,,,,,,,100,52,70,14,237.3,2730,10801,38,0,7.9,1.0;5.4;2.9;1.0;1.2;0.5;37.0;35.1;4.2;3.6;31.8;62.1;1.0;0.2;0.0;0.0;0.3;0.0;0.2;0.2;0.0;0.3;0.3;0.0,39.7,0.11,0.0,1.56,14.331,0.0,26708.0,114355.0,4,16,,,,,,,,,,,,,,,,,,,,,,,,,,,,,,,,,,,,,,,,,,,,,,,,,,,,,,,,,,,,,
27,5,,,,,,,100,52,68,14,236.8,2730,10801,38,0,7.8,1.6;3.6;1.7;2.8;1.7;0.5;57.5;35.5;4.8;3.3;29.5;41.6;1.9;0.5;0.2;0.0;0.2;0.2;0.2;0.0;0.2;0.3;0.5;0.2,39.67,0.11,0.0,2.38,14.331,0.0,3466.0,6982.0,4,16,,,,,,,,,,,,,,,,,,,,,,,,,,,,,,,,,,,,,,,,,,,,,,,,,,,,,,,,,,,,,
27,6,,,,,,,100,71,69,14,237.9,2730,10801,38,0,8.0,1.4;3.6;2.6;2.8;1.0;0.5;51.5;32.0;5.4;4.7;35.9;49.7;1.2;0.5;0.0;0.0;0.2;0.0;0.0;0.2;0.0;0.0;0.0;0.0,39.7,0.11,0.01,0.04,14.331,0.0,1660.0,0.0,4,16,,,,,,,,,,,,,,,,,,,,,,,,,,,,,,,,,,,,,,,,,,,,,,,,,,,,,,,,,,,,,
27,7,,,,,,,98,78,69,22,235.2,2730,10801,38,0,7.9,1.0;3.1;2.4;0.9;1.0;0.3;53.5;34.8;5.5;4.5;39.2;41.1;0.9;0.3;0.0;0.0;0.0;0.2;0.2;0.0;0.0;0.0;0.3;0.0,39.69,0.11,0.0,0.07,14.331,0.0,341.0,1416.0,4,16,,,,,,,,,,,,,,,,,,,,,,,,,,,,,,,,,,,,,,,,,,,,,,,,,,,,,,,,,,,,,
27,8,,,,,,,98,76,69,21,238.0,2730,10801,38,0,7.8,1.0;4.4;2.3;1.7;1.7;1.0;44.2;32.2;3.6;3.5;41.9;48.2;0.5;1.0;0.0;0.0;0.2;0.0;0.0;0.0;0.0;0.0;0.0;0.0,39.67,0.11,0.0,0.04,14.331,0.0,2001.0,1513.0,4,16,,,,,,,,,,,,,,,,,,,,,,,,,,,,,,,,,,,,,,,,,,,,,,,,,,,,,,,,,,,,,
27,9,,,,,,,100,79,66,15,235.4,2730,10801,38,0,7.9,1.2;4.8;1.7;1.0;0.7;0.5;48.6;41.6;3.6;5.0;37.7;39.8;0.3;0.5;0.0;0.0;0.0;0.2;0.0;0.3;0.0;0.3;0.0;0.0,39.68,0.11,0.1,0.14,14.331,0.0,1123.0,1416.0,4,16,,,,,,,,,,,,,,,,,,,,,,,,,,,,,,,,,,,,,,,,,,,,,,,,,,,,,,,,,,,,,
27,10,,,,,,,100,73,68,15,239.3,2730,10801,38,0,8.1,1.0;4.9;3.6;1.7;1.0;0.7;43.3;47.9;5.0;4.1;33.7;43.9;0.5;0.7;0.0;0.2;0.0;0.2;0.0;0.0;0.3;0.2;0.3;0.2,39.66,0.11,0.0,0.04,14.331,0.0,20263.0,10156.0,4,16,,,,,,,,,,,,,,,,,,,,,,,,,,,,,,,,,,,,,,,,,,,,,,,,,,,,,,,,,,,,,
27,11,,,,,,,100,57,70,14,235.5,2730,10801,38,0,6.0,1.0;4.1;2.1;1.2;0.9;0.5;19.2;40.7;2.8;2.4;35.9;31.1;0.0;0.2;0.3;0.3;0.3;0.3;0.3;0.5;0.0;0.2;0.0;0.0,39.65,0.11,0.0,0.03,14.331,0.0,341.0,390.0,4,16,,,,,,,,,,,,,,,,,,,,,,,,,,,,,,,,,,,,,,,,,,,,,,,,,,,,,,,,,,,,,
27,12,,,,,,,98,79,71,13,235.5,2730,10801,38,0,6.0,1.3;3.2;3.3;1.6;0.7;0.7;41.5;36.7;4.9;3.9;10.8;31.8;1.0;0.7;0.0;0.3;0.7;0.0;0.0;0.0;0.3;0.3;0.0;0.0,39.65,0.11,0.0,0.03,14.331,0.0,341.0,341.0,4,16,,,,,,,,,,,,,,,,,,,,,,,,,,,,,,,,,,,,,,,,,,,,,,,,,,,,,,,,,,,,,
27,summary,0.48695168529123384,0.9558949113377204,0.4497510139997435,0.9642537616917446,0.00100000,117.4,,,,,,,,,,,,,,,,,,,,,,0,91.17,100,0,63.33,79,58,67.92,71,13,16.5,23,159.8,230.38,239.3,2730.0,10801.0,38.0,0,6.0,9.06,25.7,39.65,39.69,39.74,63.16,0.11,0.11,0.11,23.18,0.0,0.01,0.1,0.03,0.73,2.48,11.006,15.4,14.331,14.33,14.331,15.992,0.0,0.0,0.0,341.0,5162.92,26708.0,0.0,14070.33,114355.0,4,4.0,4,16,16.0,16,4,16,2.56,93.39
28,1,,,,,,,100,71,66,23,148.8,2730,10801,38,0,25.8,29.9;29.8;36.2;35.9;30.2;29.5;60.1;69.0;33.0;34.7;61.6;64.6;14.5;16.1;5.8;6.2;9.4;10.8;3.6;3.8;8.7;9.2;8.7;8.3,39.76,0.11,0.05,0.13,14.331,0.0,2490.0,5419.0,4,16,,,,,,,,,,,,,,,,,,,,,,,,,,,,,,,,,,,,,,,,,,,,,,,,,,,,,,,,,,,,,
28,2,,,,,,,100,53,68,20,236.0,2730,10801,38,0,8.0,2.1;4.6;1.4;1.4;0.3;0.3;47.6;43.6;3.6;4.2;35.5;44.1;0.7;0.2;0.2;0.2;0.2;0.2;0.2;0.0;0.3;0.0;0.0;0.0,39.73,0.11,0.01,2.48,14.331,0.0,3027.0,1757.0,4,16,,,,,,,,,,,,,,,,,,,,,,,,,,,,,,,,,,,,,,,,,,,,,,,,,,,,,,,,,,,,,
28,3,,,,,,,100,58,70,18,238.1,2730,10801,38,0,8.3,1.6;5.4;3.3;2.1;0.9;1.6;49.5;44.2;5.2;3.1;43.0;34.1;0.9;1.6;0.3;0.7;0.2;0.0;0.0;0.0;0.3;0.2;0.0;0.0,39.7,0.11,0.0,1.92,14.331,0.0,1171.0,18310.0,4,16,,,,,,,,,,,,,,,,,,,,,,,,,,,,,,,,,,,,,,,,,,,,,,,,,,,,,,,,,,,,,
28,4,,,,,,,100,77,71,17,236.4,2730,10801,38,0,8.5,2.9;5.6;3.1;2.6;1.4;1.6;51.2;43.3;4.5;3.6;41.2;37.5;0.3;1.0;0.0;0.2;0.0;0.2;0.0;0.3;0.3;0.0;2.2;0.7,39.68,0.11,0.0,1.57,14.331,0.0,537.0,195.0,4,16,,,,,,,,,,,,,,,,,,,,,,,,,,,,,,,,,,,,,,,,,,,,,,,,,,,,,,,,,,,,,
28,5,,,,,,,100,62,70,16,236.9,2730,10801,38,0,7.5,1.0;1.2;0.5;1.0;0.3;0.3;59.7;28.5;2.8;3.6;31.5;48.4;0.5;0.5;0.0;0.0;0.0;0.0;0.0;0.0;0.3;0.2;0.0;0.0,39.68,0.11,0.0,2.41,14.331,0.0,1464.0,5908.0,4,16,,,,,,,,,,,,,,,,,,,,,,,,,,,,,,,,,,,,,,,,,,,,,,,,,,,,,,,,,,,,,
28,6,,,,,,,100,56,70,15,238.4,2730,10801,38,0,7.9,1.0;4.3;2.6;1.6;0.3;1.4;43.2;33.2;2.9;4.5;28.4;62.7;1.2;0.9;0.0;0.0;0.0;0.2;0.2;0.3;0.5;0.2;0.5;0.2,39.66,0.11,0.01,0.03,14.331,0.0,292.0,390.0,4,16,,,,,,,,,,,,,,,,,,,,,,,,,,,,,,,,,,,,,,,,,,,,,,,,,,,,,,,,,,,,,
28,7,,,,,,,100,53,70,15,235.1,2730,10801,38,0,7.8,1.0;3.9;1.6;1.2;1.0;0.3;40.7;54.6;3.6;3.6;38.0;36.3;0.3;0.3;0.0;0.0;0.0;0.2;0.0;0.0;0.3;0.9;0.2;0.0,39.67,0.11,0.0,0.05,14.331,0.0,976.0,146.0,4,16,,,,,,,,,,,,,,,,,,,,,,,,,,,,,,,,,,,,,,,,,,,,,,,,,,,,,,,,,,,,,
28,8,,,,,,,100,54,69,15,238.6,2730,10801,38,0,8.1,1.9;3.9;1.9;1.7;1.0;0.9;53.4;39.9;4.0;3.6;34.8;41.4;1.0;0.9;0.0;0.0;0.3;0.5;0.2;0.2;0.5;0.2;0.3;0.3,39.67,0.11,0.0,0.16,14.331,0.0,292.0,341.0,4,16,,,,,,,,,,,,,,,,,,,,,,,,,,,,,,,,,,,,,,,,,,,,,,,,,,,,,,,,,,,,,
28,9,,,,,,,100,71,68,14,234.1,2730,10801,38,0,8.4,1.9;5.8;1.5;2.8;1.0;1.0;51.0;45.0;4.5;3.6;40.9;37.2;1.2;1.0;0.0;0.0;0.2;0.2;0.0;0.2;0.3;0.7;0.3;0.0,39.68,0.11,0.0,0.02,14.331,0.0,976.0,195.0,4,16,,,,,,,,,,,,,,,,,,,,,,,,,,,,,,,,,,,,,,,,,,,,,,,,,,,,,,,,,,,,,
28,10,,,,,,,98,76,71,14,238.8,2730,10801,38,0,8.3,2.2;5.9;2.3;1.9;1.4;1.0;37.2;44.5;4.3;5.5;33.1;54.5;0.3;0.9;0.0;0.2;0.2;0.3;0.0;0.0;0.7;0.7;0.0;0.2,39.67,0.11,0.0,0.06,14.331,0.0,1269.0,5615.0,4,16,,,,,,,,,,,,,,,,,,,,,,,,,,,,,,,,,,,,,,,,,,,,,,,,,,,,,,,,,,,,,
28,11,,,,,,,99,81,67,13,236.4,2730,10801,38,0,5.7,0.5;3.1;1.4;2.3;0.9;0.9;32.1;30.8;2.4;3.5;20.2;38.1;0.3;0.3;0.0;0.0;0.2;0.2;0.0;0.0;0.0;0.0;0.3;0.3,39.66,0.11,0.02,0.06,14.331,0.0,488.0,1708.0,4,16,,,,,,,,,,,,,,,,,,,,,,,,,,,,,,,,,,,,,,,,,,,,,,,,,,,,,,,,,,,,,
28,12,,,,,,,100,76,70,12,235.2,2730,10801,38,0,5.8,0.3;4.2;2.0;1.3;0.0;1.3;52.3;20.1;2.0;3.3;13.2;37.7;0.0;0.0;0.0;0.0;0.0;0.0;0.0;0.3;0.0;0.3;0.0;0.0,39.67,0.11,0.0,0.03,14.331,0.0,439.0,1757.0,4,16,,,,,,,,,,,,,,,,,,,,,,,,,,,,,,,,,,,,,,,,,,,,,,,,,,,,,,,,,,,,,
28,summary,0.48391884834421,0.9557657392589829,0.44919494622216183,0.9644977633184221,0.00100000,117.2,,,,,,,,,,,,,,,,,,,,,,98,99.75,100,53,65.67,81,66,69.17,71,12,16.0,23,148.8,229.4,238.8,2730.0,10801.0,38.0,0,5.7,9.18,25.8,39.66,39.69,39.76,63.16,0.11,0.11,0.11,23.18,0.0,0.01,0.05,0.02,0.74,2.48,11.006,15.4,14.331,14.33,14.331,15.992,0.0,0.0,0.0,292.0,1118.42,3027.0,146.0,3478.42,18310.0,4,4.0,4,16,16.0,16,4,16,2.41,93.41
29,1,,,,,,,0,0,58,18,139.3,2745,10801,38,0,25.8,28.2;30.6;34.1;34.1;28.8;29.1;65.2;64.9;33.9;33.1;66.3;59.6;17.3;18.7;5.5;5.8;11.2;11.1;4.9;5.6;8.9;9.2;4.8;6.8,39.79,0.11,0.01,0.09,14.331,0.0,18115.0,5468.0,4,16,,,,,,,,,,,,,,,,,,,,,,,,,,,,,,,,,,,,,,,,,,,,,,,,,,,,,,,,,,,,,
29,2,,,,,,,100,55,70,14,233.8,2730,10801,38,0,7.9,1.2;5.6;2.4;2.3;0.5;0.7;40.1;21.6;4.3;2.9;52.3;53.7;0.9;0.7;0.0;0.0;0.3;0.0;0.0;0.0;0.7;0.3;0.2;0.0,39.74,0.11,0.0,3.59,14.331,0.0,634.0,1611.0,4,16,,,,,,,,,,,,,,,,,,,,,,,,,,,,,,,,,,,,,,,,,,,,,,,,,,,,,,,,,,,,,
29,3,,,,,,,100,83,63,14,237.5,2730,10801,38,0,7.6,1.6;3.4;2.4;1.9;0.3;0.7;49.0;44.4;3.5;2.3;39.3;31.4;0.5;0.7;0.0;0.0;0.0;0.0;0.2;0.2;0.3;0.3;0.5;0.0,39.73,0.11,0.0,2.73,14.331,0.0,1562.0,5664.0,4,16,,,,,,,,,,,,,,,,,,,,,,,,,,,,,,,,,,,,,,,,,,,,,,,,,,,,,,,,,,,,,
29,4,,,,,,,100,78,67,17,237.2,2730,10801,38,0,8.3,1.6;7.6;3.1;2.2;1.4;0.7;41.3;42.0;6.4;3.1;30.8;52.5;0.9;0.7;0.2;0.3;0.2;0.2;0.0;0.0;0.9;3.4;0.2;0.0,39.71,0.11,0.0,2.24,14.331,0.0,0.0,1660.0,4,16,,,,,,,,,,,,,,,,,,,,,,,,,,,,,,,,,,,,,,,,,,,,,,,,,,,,,,,,,,,,,
29,5,,,,,,,100,73,68,15,235.2,2730,10801,38,0,8.0,1.2;3.9;1.7;2.2;0.5;0.5;37.8;50.3;4.7;2.2;41.7;42.5;0.9;0.7;0.0;0.0;0.2;0.0;0.0;0.0;0.3;0.2;0.2;0.0,39.68,0.11,0.0,1.58,14.331,0.0,2099.0,5664.0,4,16,,,,,,,,,,,,,,,,,,,,,,,,,,,,,,,,,,,,,,,,,,,,,,,,,,,,,,,,,,,,,
29,6,,,,,,,100,65,68,15,239.4,2730,10801,38,0,8.4,2.8;4.9;2.4;3.5;1.2;1.4;51.1;29.0;5.7;3.6;42.7;48.5;1.2;0.5;0.3;0.3;0.3;0.2;0.3;0.3;0.5;0.2;0.2;0.3,39.68,0.11,0.0,2.4,14.331,0.0,927.0,244.0,4,16,,,,,,,,,,,,,,,,,,,,,,,,,,,,,,,,,,,,,,,,,,,,,,,,,,,,,,,,,,,,,
29,7,,,,,,,100,50,69,15,236.2,2730,10801,38,0,7.8,1.2;3.6;3.8;2.1;1.0;1.2;48.5;23.3;4.5;3.6;45.4;45.6;0.7;0.5;0.0;0.2;0.0;0.0;0.0;0.0;0.3;0.7;0.3;0.2,39.67,0.11,0.0,0.01,14.331,0.0,1367.0,1367.0,4,16,,,,,,,,,,,,,,,,,,,,,,,,,,,,,,,,,,,,,,,,,,,,,,,,,,,,,,,,,,,,,
29,8,,,,,,,100,49,70,15,238.6,2730,10801,38,0,7.8,1.0;3.6;2.1;1.4;0.5;0.9;34.6;43.9;4.2;2.1;34.1;55.7;0.9;0.7;0.0;0.0;0.2;0.0;0.0;0.0;0.5;0.3;0.3;0.0,39.67,0.11,0.0,0.05,14.331,0.0,341.0,390.0,4,16,,,,,,,,,,,,,,,,,,,,,,,,,,,,,,,,,,,,,,,,,,,,,,,,,,,,,,,,,,,,,
29,9,,,,,,,100,67,72,20,235.4,2730,10801,38,0,8.3,2.2;6.7;3.3;3.8;1.7;0.2;46.5;37.2;6.0;4.5;38.9;45.0;0.9;0.7;0.0;0.0;0.5;0.2;0.3;0.2;0.0;0.2;0.0;0.0,39.68,0.11,0.0,0.02,14.331,0.0,1416.0,97.0,4,16,,,,,,,,,,,,,,,,,,,,,,,,,,,,,,,,,,,,,,,,,,,,,,,,,,,,,,,,,,,,,
29,10,,,,,,,100,73,70,18,239.6,2730,10801,38,0,8.0,2.6;3.9;4.5;3.8;1.2;0.0;38.4;41.1;6.9;2.4;35.7;49.0;0.9;0.9;0.0;0.0;0.0;0.2;0.0;0.0;0.0;0.3;0.2;0.0,39.68,0.11,0.0,0.1,14.331,0.0,2636.0,5566.0,4,16,,,,,,,,,,,,,,,,,,,,,,,,,,,,,,,,,,,,,,,,,,,,,,,,,,,,,,,,,,,,,
29,11,,,,,,,98,83,69,16,236.6,2730,10801,38,0,5.8,1.0;2.7;1.9;1.9;0.3;0.3;21.6;24.8;2.9;1.9;45.4;31.1;0.5;0.7;0.0;0.0;0.2;0.3;0.3;0.2;0.0;0.0;0.0;0.0,39.69,0.11,0.0,0.09,14.331,0.0,1464.0,48.0,4,16,,,,,,,,,,,,,,,,,,,,,,,,,,,,,,,,,,,,,,,,,,,,,,,,,,,,,,,,,,,,,
29,12,,,,,,,100,76,69,16,235.7,2730,10801,38,0,5.7,0.7;5.7;1.0;1.0;0.7;0.7;13.8;29.8;5.6;2.6;16.7;58.2;0.7;0.0;0.0;0.0;0.0;0.0;0.0;0.0;0.0;0.0;0.0;0.0,39.67,0.11,0.04,0.17,14.331,0.0,830.0,1416.0,4,16,,,,,,,,,,,,,,,,,,,,,,,,,,,,,,,,,,,,,,,,,,,,,,,,,,,,,,,,,,,,,
29,summary,0.47994697042891893,0.9580262506368901,0.44857674570479206,0.965189101260675,0.00100000,117.5,,,,,,,,,,,,,,,,,,,,,,0,91.5,100,0,62.67,83,58,67.75,72,14,16.08,20,139.3,228.71,239.6,2731.2,10801.0,38.0,0,5.7,9.12,25.8,39.67,39.7,39.79,63.16,0.11,0.11,0.11,23.18,0.0,0.0,0.04,0.01,1.09,3.59,11.006,15.4,14.331,14.33,14.331,15.992,0.0,0.0,0.0,0.0,2615.92,18115.0,48.0,2432.92,5664.0,4,4.0,4,16,16.0,16,4,16,2.54,93.42
30,1,,,,,,,0,0,58,19,148.2,2745,10801,38,0,25.9,27.5;30.7;35.8;35.4;27.9;27.7;64.6;63.2;33.8;33.0;68.1;58.8;16.4;17.9;6.3;4.9;11.2;12.2;5.6;5.4;8.5;9.6;8.6;7.7,39.76,0.11,0.0,1.15,14.331,0.0,2929.0,5664.0,4,16,,,,,,,,,,,,,,,,,,,,,,,,,,,,,,,,,,,,,,,,,,,,,,,,,,,,,,,,,,,,,
30,2,,,,,,,100,55,69,22,236.2,2730,10801,38,0,8.0,1.6;4.4;1.9;2.2;1.9;0.9;42.1;31.4;5.2;3.5;32.9;59.8;0.7;1.0;0.2;0.7;0.3;0.3;0.0;0.0;0.0;0.2;0.0;0.0,39.72,0.11,0.0,3.61,14.331,0.0,1953.0,1806.0,4,16,,,,,,,,,,,,,,,,,,,,,,,,,,,,,,,,,,,,,,,,,,,,,,,,,,,,,,,,,,,,,
30,3,,,,,,,100,48,70,19,238.7,2730,10801,38,0,7.6,0.5;3.3;2.1;1.4;1.2;0.7;24.3;57.6;4.9;4.7;39.0;42.2;0.5;0.5;0.0;0.0;0.0;0.0;0.0;0.0;0.2;0.0;0.3;0.0,39.69,0.11,0.07,2.75,14.331,0.0,1220.0,5664.0,4,16,,,,,,,,,,,,,,,,,,,,,,,,,,,,,,,,,,,,,,,,,,,,,,,,,,,,,,,,,,,,,
30,4,,,,,,,100,56,70,18,235.7,2730,10801,38,0,7.6,1.4;2.7;0.5;1.4;0.9;0.2;46.1;35.1;2.9;2.8;38.8;47.2;1.2;0.2;0.0;0.0;0.0;0.0;0.0;0.0;0.2;0.2;0.3;0.0,39.67,0.11,0.01,2.26,14.331,0.0,1416.0,97.0,4,16,,,,,,,,,,,,,,,,,,,,,,,,,,,,,,,,,,,,,,,,,,,,,,,,,,,,,,,,,,,,,
30,5,,,,,,,75,59,68,17,233.0,2730,10801,38,0,7.9,1.9;3.6;2.2;2.4;0.9;0.9;38.1;38.6;4.7;7.1;31.9;53.5;1.2;0.9;0.0;0.0;0.2;0.2;0.0;0.0;0.0;0.3;0.0;0.2,39.68,0.11,0.0,1.61,14.331,0.0,2587.0,5566.0,4,16,,,,,,,,,,,,,,,,,,,,,,,,,,,,,,,,,,,,,,,,,,,,,,,,,,,,,,,,,,,,,
30,6,,,,,,,78,64,68,20,239.2,2730,10801,38,0,8.1,2.1;4.4;2.6;2.1;1.4;0.5;51.1;34.7;5.0;3.5;21.8;62.7;0.7;0.5;0.0;0.0;0.0;0.0;0.0;0.2;0.2;0.3;0.2;0.0,39.64,0.11,0.0,2.39,14.331,0.0,634.0,1562.0,4,16,,,,,,,,,,,,,,,,,,,,,,,,,,,,,,,,,,,,,,,,,,,,,,,,,,,,,,,,,,,,,
30,7,,,,,,,100,85,67,15,235.9,2730,10801,38,0,8.2,1.4;3.3;2.6;2.2;1.4;1.4;41.9;41.1;5.7;3.5;25.8;59.8;1.0;0.9;0.2;0.5;0.9;0.3;0.2;0.5;0.9;0.5;0.3;0.2,39.64,0.11,0.09,0.09,14.331,0.0,1708.0,1464.0,4,16,,,,,,,,,,,,,,,,,,,,,,,,,,,,,,,,,,,,,,,,,,,,,,,,,,,,,,,,,,,,,
30,8,,,,,,,100,82,69,15,240.0,2730,10801,38,0,7.7,0.9;2.6;1.9;1.2;0.5;0.5;21.0;53.9;3.6;4.3;46.3;43.8;0.7;0.7;0.2;0.0;0.2;0.5;0.3;0.5;0.2;0.2;0.3;0.0,39.65,0.11,0.0,0.05,14.331,0.0,42773.0,1660.0,4,16,,,,,,,,,,,,,,,,,,,,,,,,,,,,,,,,,,,,,,,,,,,,,,,,,,,,,,,,,,,,,
30,9,,,,,,,100,72,71,14,236.3,2730,10801,38,0,7.6,0.7;2.9;0.9;0.7;0.5;0.2;40.8;39.2;4.5;4.1;32.8;52.4;0.5;0.5;0.0;0.0;0.0;0.0;0.2;0.0;0.2;0.0;0.7;0.0,39.66,0.11,0.0,0.02,14.331,0.0,4150.0,1416.0,4,16,,,,,,,,,,,,,,,,,,,,,,,,,,,,,,,,,,,,,,,,,,,,,,,,,,,,,,,,,,,,,
30,10,,,,,,,100,61,68,16,239.3,2730,10801,38,0,7.7,1.0;2.9;1.4;1.7;0.9;0.7;45.0;28.4;5.9;3.1;40.4;50.7;0.9;0.5;0.2;0.0;0.2;0.0;0.0;0.0;0.2;0.2;0.3;0.0,39.65,0.11,0.01,0.05,14.331,0.0,1220.0,5957.0,4,16,,,,,,,,,,,,,,,,,,,,,,,,,,,,,,,,,,,,,,,,,,,,,,,,,,,,,,,,,,,,,
30,11,,,,,,,100,56,70,15,237.8,2730,10801,38,0,5.9,0.9;3.6;1.7;0.7;0.3;0.9;35.6;29.6;2.8;4.5;22.0;37.4;0.5;0.2;0.0;0.0;0.2;0.3;0.0;0.2;0.0;0.0;0.3;0.3,39.65,0.11,0.0,0.02,14.331,0.0,1171.0,1562.0,4,16,,,,,,,,,,,,,,,,,,,,,,,,,,,,,,,,,,,,,,,,,,,,,,,,,,,,,,,,,,,,,
30,12,,,,,,,100,76,70,13,236.2,2730,10801,38,0,5.5,0.3;2.0;1.0;0.3;1.0;1.0;16.2;31.4;3.9;2.0;53.3;19.1;0.3;0.3;0.0;0.0;0.0;0.0;0.0;0.0;0.0;0.0;0.0;0.0,39.65,0.11,0.0,0.04,14.331,0.0,292.0,390.0,4,16,,,,,,,,,,,,,,,,,,,,,,,,,,,,,,,,,,,,,,,,,,,,,,,,,,,,,,,,,,,,,
30,summary,0.47676952977114745,0.9592533853848969,0.44883692624511734,0.9643757625050834,0.00100000,117.2,,,,,,,,,,,,,,,,,,,,,,0,87.75,100,0,59.5,85,58,68.17,71,13,16.92,22,148.2,229.71,240.0,2731.2,10801.0,38.0,0,5.5,8.97,25.9,39.64,39.67,39.76,63.16,0.11,0.11,0.11,23.18,0.0,0.01,0.09,0.02,1.17,3.61,11.006,15.4,14.331,14.33,14.331,15.992,0.0,0.0,0.0,292.0,5171.08,42773.0,97.0,2734.0,5957.0,4,4.0,4,16,16.0,16,4,16,2.35,93.41
31,1,,,,,,,84,67,65,23,135.1,2745,10801,38,0,25.5,27.7;29.9;34.8;33.7;29.6;31.1;62.9;67.5;31.8;33.1;53.2;70.1;16.4;17.3;5.5;5.4;10.9;11.1;3.4;4.5;7.9;9.1;7.8;7.7,39.79,0.11,0.0,0.08,14.331,0.0,2392.0,5517.0,4,16,,,,,,,,,,,,,,,,,,,,,,,,,,,,,,,,,,,,,,,,,,,,,,,,,,,,,,,,,,,,,
31,2,,,,,,,98,83,68,21,234.7,2730,10801,38,0,8.4,2.4;5.3;3.1;2.1;0.3;0.9;54.5;37.5;4.5;5.0;43.4;37.4;0.5;1.4;0.0;0.3;0.3;0.0;0.7;0.3;0.2;0.0;0.2;1.2,39.74,0.11,0.0,2.51,14.331,0.0,0.0,1416.0,4,16,,,,,,,,,,,,,,,,,,,,,,,,,,,,,,,,,,,,,,,,,,,,,,,,,,,,,,,,,,,,,
31,3,,,,,,,100,84,70,16,238.4,2730,10801,38,0,8.1,1.0;3.6;2.9;1.7;1.2;1.4;34.0;54.9;6.0;5.0;34.7;45.4;0.9;0.7;0.0;0.0;0.2;0.3;0.0;0.0;0.2;0.2;0.2;0.3,39.74,0.11,0.01,1.91,14.331,0.0,1269.0,5419.0,4,16,,,,,,,,,,,,,,,,,,,,,,,,,,,,,,,,,,,,,,,,,,,,,,,,,,,,,,,,,,,,,
31,4,,,,,,,100,77,70,14,235.2,2730,10801,38,0,7.7,0.7;3.9;1.7;1.7;0.0;0.3;34.5;40.8;4.7;3.8;40.7;50.0;0.7;0.5;0.0;0.0;0.0;0.0;0.0;0.0;0.0;0.0;0.0;0.0,39.73,0.11,0.0,1.61,14.331,0.0,244.0,2197.0,4,16,,,,,,,,,,,,,,,,,,,,,,,,,,,,,,,,,,,,,,,,,,,,,,,,,,,,,,,,,,,,,
31,5,,,,,,,100,66,68,14,237.9,2730,10801,38,0,8.1,2.1;5.8;2.8;2.1;1.6;1.0;46.4;47.5;3.5;3.6;33.2;42.9;0.3;0.3;0.0;0.0;0.0;0.2;0.2;0.2;0.0;0.7;0.3;0.0,39.7,0.11,0.01,2.37,14.331,0.0,3027.0,5419.0,4,16,,,,,,,,,,,,,,,,,,,,,,,,,,,,,,,,,,,,,,,,,,,,,,,,,,,,,,,,,,,,,
31,6,,,,,,,100,59,70,16,237.7,2730,10801,38,0,8.0,1.9;4.8;2.9;1.4;0.5;0.0;50.4;41.2;4.0;3.3;32.0;46.6;1.4;0.9;0.2;0.0;0.3;0.2;0.0;0.2;0.3;0.0;0.3;0.2,39.71,0.11,0.0,0.03,14.331,0.0,2880.0,1367.0,4,16,,,,,,,,,,,,,,,,,,,,,,,,,,,,,,,,,,,,,,,,,,,,,,,,,,,,,,,,,,,,,
31,7,,,,,,,100,56,69,15,237.3,2730,10801,38,0,8.2,1.2;5.3;2.8;1.4;1.7;1.0;54.2;34.0;6.4;3.1;30.3;49.6;1.0;1.4;0.7;0.2;0.7;0.2;0.2;0.2;0.3;0.2;0.0;0.2,39.71,0.11,0.01,0.03,14.331,0.0,341.0,1416.0,4,16,,,,,,,,,,,,,,,,,,,,,,,,,,,,,,,,,,,,,,,,,,,,,,,,,,,,,,,,,,,,,
31,8,,,,,,,100,50,70,14,239.0,2730,10801,38,0,8.0,0.9;4.9;2.9;1.0;1.4;0.9;27.3;47.0;6.6;5.5;35.8;55.8;1.2;0.7;0.0;0.0;0.0;0.5;0.0;0.2;0.3;0.0;0.0;0.2,39.69,0.11,0.0,0.04,14.331,0.0,976.0,1513.0,4,16,,,,,,,,,,,,,,,,,,,,,,,,,,,,,,,,,,,,,,,,,,,,,,,,,,,,,,,,,,,,,
31,9,,,,,,,100,76,68,16,236.0,2730,10801,38,0,8.1,1.9;3.9;2.2;1.7;0.9;0.7;35.6;55.5;4.6;3.8;43.9;35.8;1.4;0.7;0.0;0.0;0.2;0.5;0.2;0.2;0.0;0.3;0.0;0.0,39.72,0.11,0.0,0.03,14.331,0.0,1660.0,0.0,4,16,,,,,,,,,,,,,,,,,,,,,,,,,,,,,,,,,,,,,,,,,,,,,,,,,,,,,,,,,,,,,
31,10,,,,,,,100,75,68,14,237.8,2730,10801,38,0,7.6,0.5;4.4;0.7;1.2;0.5;0.5;38.5;41.2;5.7;2.4;32.8;51.8;0.9;1.0;0.0;0.0;0.0;0.3;0.0;0.0;0.0;0.0;0.0;0.0,39.69,0.11,0.0,0.05,14.331,0.0,2148.0,5664.0,4,16,,,,,,,,,,,,,,,,,,,,,,,,,,,,,,,,,,,,,,,,,,,,,,,,,,,,,,,,,,,,,
31,11,,,,,,,100,68,68,15,238.0,2730,10801,38,0,5.8,0.5;3.1;1.4;0.9;0.7;1.9;34.4;29.8;3.8;2.1;36.9;22.4;0.2;0.5;0.0;0.0;0.2;0.0;0.0;0.0;0.0;0.3;0.0;0.0,39.68,0.11,0.03,0.06,14.331,0.0,1123.0,1464.0,4,16,,,,,,,,,,,,,,,,,,,,,,,,,,,,,,,,,,,,,,,,,,,,,,,,,,,,,,,,,,,,,
31,12,,,,,,,100,84,72,20,235.7,2730,10801,38,0,6.0,0.7;5.4;1.0;1.0;0.7;1.0;21.4;31.8;4.9;1.3;34.1;36.3;1.6;0.7;0.0;0.3;0.7;0.0;0.0;0.0;0.7;0.0;0.7;0.0,39.69,0.11,0.01,0.05,14.331,0.0,878.0,1660.0,4,16,,,,,,,,,,,,,,,,,,,,,,,,,,,,,,,,,,,,,,,,,,,,,,,,,,,,,,,,,,,,,
31,summary,0.47721611380269974,0.9586936397103675,0.448618516586524,0.9642944286295242,0.00100000,117.4,,,,,,,,,,,,,,,,,,,,,,84,98.5,100,50,70.42,84,65,68.83,72,14,16.5,23,135.1,228.57,239.0,2731.2,10801.0,38.0,0,5.8,9.12,25.5,39.68,39.72,39.79,63.16,0.11,0.11,0.11,23.18,0.0,0.01,0.03,0.03,0.73,2.51,11.006,15.4,14.331,14.33,14.331,15.992,0.0,0.0,0.0,0.0,1411.5,3027.0,0.0,2754.33,5664.0,4,4.0,4,16,16.0,16,4,16,2.46,93.42
32,1,,,,,,,0,0,57,19,116.7,2745,10801,38,0,25.3,25.3;28.1;33.5;33.7;29.2;29.3;66.2;63.7;31.3;32.1;57.9;67.8;15.8;17.2;5.3;5.5;11.4;12.0;5.0;5.6;8.2;8.8;7.3;6.0,39.78,0.11,0.0,0.03,14.331,0.0,1269.0,5468.0,4,16,,,,,,,,,,,,,,,,,,,,,,,,,,,,,,,,,,,,,,,,,,,,,,,,,,,,,,,,,,,,,
32,2,,,,,,,100,74,68,16,235.1,2730,10801,38,0,7.9,1.4;3.4;2.8;1.6;0.3;0.3;42.0;39.7;4.5;4.1;38.9;49.6;0.7;0.9;0.0;0.0;0.0;0.0;0.0;0.2;0.0;0.0;0.2;0.0,39.77,0.11,0.0,2.5,14.331,0.0,1123.0,1367.0,4,16,,,,,,,,,,,,,,,,,,,,,,,,,,,,,,,,,,,,,,,,,,,,,,,,,,,,,,,,,,,,,
32,3,,,,,,,100,58,69,17,239.2,2730,10801,38,0,7.9,0.5;4.4;2.4;1.6;1.0;0.5;41.1;54.0;4.3;4.5;27.2;45.3;0.3;0.7;0.0;0.3;0.2;0.2;0.2;0.0;0.2;0.2;0.5;0.7,39.72,0.11,0.0,1.91,14.331,0.0,1757.0,5859.0,4,16,,,,,,,,,,,,,,,,,,,,,,,,,,,,,,,,,,,,,,,,,,,,,,,,,,,,,,,,,,,,,
32,4,,,,,,,100,49,69,16,235.6,2730,10801,38,0,8.1,1.4;3.3;4.1;2.8;1.2;0.5;35.6;54.4;4.5;4.0;32.7;47.2;0.7;0.7;0.0;0.0;0.0;0.0;0.0;0.2;0.3;0.3;0.2;0.0,39.71,0.11,0.0,1.58,14.331,0.0,537.0,1513.0,4,16,,,,,,,,,,,,,,,,,,,,,,,,,,,,,,,,,,,,,,,,,,,,,,,,,,,,,,,,,,,,,
32,5,,,,,,,100,56,68,14,238.9,2730,10801,38,0,8.1,1.0;4.3;2.6;2.2;0.9;1.7;44.1;25.9;6.0;6.2;43.4;51.3;0.7;0.9;0.0;0.0;0.2;0.3;0.0;0.0;0.5;0.7;0.2;0.0,39.7,0.11,0.0,2.38,14.331,0.0,1220.0,5810.0,4,16,,,,,,,,,,,,,,,,,,,,,,,,,,,,,,,,,,,,,,,,,,,,,,,,,,,,,,,,,,,,,
32,6,,,,,,,75,60,69,15,234.7,2730,10801,38,0,8.0,2.6;5.1;2.3;1.4;1.0;0.9;34.4;38.6;5.0;3.3;36.2;56.2;1.2;1.2;0.0;0.2;0.0;0.2;0.2;0.5;0.2;0.2;0.9;0.5,39.69,0.11,0.01,0.04,14.331,0.0,1074.0,195.0,4,16,,,,,,,,,,,,,,,,,,,,,,,,,,,,,,,,,,,,,,,,,,,,,,,,,,,,,,,,,,,,,
32,7,,,,,,,100,84,67,14,235.8,2730,10801,38,0,8.3,2.1;4.4;2.1;1.7;1.4;0.5;53.4;32.8;5.4;2.8;39.8;45.7;1.4;1.0;0.3;0.0;0.3;0.2;0.0;0.2;0.7;2.6;0.0;0.2,39.7,0.11,0.0,0.03,14.331,0.0,585.0,341.0,4,16,,,,,,,,,,,,,,,,,,,,,,,,,,,,,,,,,,,,,,,,,,,,,,,,,,,,,,,,,,,,,
32,8,,,,,,,100,79,71,16,239.5,2730,10801,38,0,8.1,2.1;3.2;3.3;1.2;0.5;0.9;38.3;39.0;7.1;5.2;32.9;56.5;1.2;1.6;0.0;0.2;0.5;0.3;0.0;0.0;0.3;0.3;0.0;0.2,39.72,0.11,0.96,0.07,14.331,0.0,537.0,5273.0,4,16,,,,,,,,,,,,,,,,,,,,,,,,,,,,,,,,,,,,,,,,,,,,,,,,,,,,,,,,,,,,,
32,9,,,,,,,100,60,71,17,236.2,2730,10801,38,0,8.2,0.7;5.2;3.8;2.8;1.4;0.9;55.7;30.9;6.2;2.9;39.7;40.1;1.0;1.4;0.5;0.2;0.3;0.7;0.3;0.2;0.9;0.5;0.7;0.3,39.73,0.11,0.01,0.04,14.331,0.0,26806.0,1464.0,4,16,,,,,,,,,,,,,,,,,,,,,,,,,,,,,,,,,,,,,,,,,,,,,,,,,,,,,,,,,,,,,
32,10,,,,,,,100,52,70,16,239.5,2730,10801,38,0,8.2,1.6;6.6;2.8;2.8;0.7;0.9;43.0;37.8;5.5;3.8;38.9;50.2;0.9;1.0;0.0;0.0;0.3;0.0;0.0;0.0;0.0;0.0;0.0;0.0,39.72,0.11,0.0,0.04,14.331,0.0,2929.0,9472.0,4,16,,,,,,,,,,,,,,,,,,,,,,,,,,,,,,,,,,,,,,,,,,,,,,,,,,,,,,,,,,,,,
32,11,,,,,,,100,50,69,16,237.4,2730,10801,38,0,5.8,0.5;3.2;2.6;1.2;0.9;0.2;21.4;26.0;3.5;1.0;26.3;51.5;0.9;0.2;0.2;0.0;0.0;0.0;0.0;0.2;0.0;0.2;0.2;0.2,39.72,0.11,0.0,0.03,14.331,0.0,878.0,1464.0,4,16,,,,,,,,,,,,,,,,,,,,,,,,,,,,,,,,,,,,,,,,,,,,,,,,,,,,,,,,,,,,,
32,12,,,,,,,100,61,69,17,235.6,2730,10801,38,0,5.8,1.0;2.3;1.0;0.3;0.7;0.7;58.6;16.3;3.9;2.3;18.2;30.0;1.0;0.3;0.0;0.7;0.3;0.3;0.0;0.0;0.0;0.0;0.7;0.0,39.71,0.11,0.0,0.06,14.331,0.0,1318.0,1855.0,4,16,,,,,,,,,,,,,,,,,,,,,,,,,,,,,,,,,,,,,,,,,,,,,,,,,,,,,,,,,,,,,
32,summary,0.4742498315663256,0.9595763155817408,0.4485774321520217,0.9638470923139487,0.00100000,117.4,,,,,,,,,,,,,,,,,,,,,,0,89.58,100,0,56.92,84,57,68.08,71,14,16.08,19,116.7,227.02,239.5,2731.2,10801.0,38.0,0,5.8,9.14,25.3,39.69,39.72,39.78,63.16,0.11,0.11,0.11,23.18,0.0,0.08,0.96,0.03,0.73,2.5,11.006,15.4,14.331,14.33,14.331,15.992,0.0,0.0,0.0,537.0,3336.08,26806.0,195.0,3340.08,9472.0,4,4.0,4,16,16.0,16,4,16,2.68,93.41
33,1,,,,,,,100,60,68,17,144.7,2730,10801,38,0,25.6,28.9;31.8;37.3;35.7;27.9;29.3;62.8;61.2;32.5;33.1;55.7;74.8;15.8;16.7;5.1;5.9;10.0;10.1;4.7;4.4;8.7;8.6;7.0;6.8,39.78,0.11,0.0,0.02,14.331,0.0,2294.0,5615.0,4,16,,,,,,,,,,,,,,,,,,,,,,,,,,,,,,,,,,,,,,,,,,,,,,,,,,,,,,,,,,,,,
33,2,,,,,,,100,56,69,14,234.7,2730,10801,37,0,8.1,1.2;5.3;2.4;1.6;0.5;0.0;41.5;42.6;4.9;4.3;38.1;47.1;0.7;0.3;1.6;0.2;0.3;0.2;0.0;0.3;0.2;0.0;0.2;0.5,39.76,0.11,0.0,2.48,14.331,0.0,976.0,244.0,4,16,,,,,,,,,,,,,,,,,,,,,,,,,,,,,,,,,,,,,,,,,,,,,,,,,,,,,,,,,,,,,
33,3,,,,,,,100,56,71,16,238.7,2730,10801,38,0,7.9,1.5;4.6;2.8;1.4;0.5;0.9;31.0;44.8;5.3;2.6;32.7;58.4;1.2;0.7;0.3;0.0;0.0;0.2;0.2;0.0;0.2;0.0;0.3;0.5,39.75,0.11,0.0,1.92,14.331,0.0,2343.0,5517.0,4,16,,,,,,,,,,,,,,,,,,,,,,,,,,,,,,,,,,,,,,,,,,,,,,,,,,,,,,,,,,,,,
33,4,,,,,,,100,71,68,17,236.2,2730,10801,38,0,8.4,4.2;7.0;4.1;3.3;1.0;1.4;43.9;42.7;6.7;3.5;29.0;50.9;0.7;0.3;0.2;0.0;0.3;0.3;0.0;0.2;0.3;0.9;0.2;0.5,39.73,0.11,0.0,1.59,14.331,0.0,1416.0,1367.0,4,16,,,,,,,,,,,,,,,,,,,,,,,,,,,,,,,,,,,,,,,,,,,,,,,,,,,,,,,,,,,,,
33,5,,,,,,,99,75,70,16,237.6,2730,10801,38,0,8.5,1.0;3.4;3.6;3.3;1.9;1.7;47.4;49.6;6.0;3.8;32.0;44.6;1.4;0.7;0.0;0.0;0.0;0.0;0.0;0.3;0.7;2.6;0.5;0.2,39.72,0.11,0.0,2.49,14.331,0.0,1220.0,5761.0,4,16,,,,,,,,,,,,,,,,,,,,,,,,,,,,,,,,,,,,,,,,,,,,,,,,,,,,,,,,,,,,,
33,6,,,,,,,98,84,69,16,239.2,2730,10801,38,0,7.6,0.9;3.3;2.4;1.4;0.0;0.5;43.8;41.4;3.0;3.6;37.0;41.7;0.7;0.9;0.0;0.0;0.0;0.0;0.2;0.3;0.0;0.0;0.3;0.0,39.71,0.11,0.01,0.07,14.331,0.0,488.0,1367.0,4,16,,,,,,,,,,,,,,,,,,,,,,,,,,,,,,,,,,,,,,,,,,,,,,,,,,,,,,,,,,,,,
33,7,,,,,,,98,78,68,16,234.9,2730,10801,38,0,8.5,2.6;5.3;3.4;3.3;1.6;0.7;39.1;40.3;4.5;3.1;38.9;55.3;0.9;1.4;0.2;0.2;0.7;0.0;0.2;0.0;0.9;0.5;1.0;0.5,39.71,0.11,0.0,0.02,14.331,0.0,0.0,1708.0,4,16,,,,,,,,,,,,,,,,,,,,,,,,,,,,,,,,,,,,,,,,,,,,,,,,,,,,,,,,,,,,,
33,8,,,,,,,98,84,69,16,238.2,2730,10801,38,0,7.9,1.0;4.6;2.1;1.2;0.5;1.2;40.2;38.1;5.0;2.4;41.7;47.8;1.2;0.3;0.3;0.0;0.2;0.2;0.0;0.0;0.0;1.0;0.7;0.0,39.72,0.11,0.0,0.02,14.331,0.0,830.0,48.0,4,16,,,,,,,,,,,,,,,,,,,,,,,,,,,,,,,,,,,,,,,,,,,,,,,,,,,,,,,,,,,,,
33,9,,,,,,,100,76,69,14,236.0,2730,10801,38,0,8.2,1.9;4.6;2.2;2.6;1.0;1.2;31.0;36.6;5.3;4.3;39.8;62.5;0.9;1.0;0.0;0.0;0.2;0.5;0.5;0.2;0.3;0.0;0.3;0.3,39.71,0.11,0.0,0.15,14.331,0.0,878.0,195.0,4,16,,,,,,,,,,,,,,,,,,,,,,,,,,,,,,,,,,,,,,,,,,,,,,,,,,,,,,,,,,,,,
33,10,,,,,,,100,77,68,14,238.6,2730,10801,38,0,8.1,2.6;5.0;3.8;1.9;0.9;0.7;50.9;31.1;4.5;4.2;35.9;50.5;0.7;0.3;0.0;0.0;0.0;0.3;0.2;0.2;0.2;0.0;0.0;0.2,39.71,0.11,0.0,0.04,14.331,0.0,1269.0,6298.0,4,16,,,,,,,,,,,,,,,,,,,,,,,,,,,,,,,,,,,,,,,,,,,,,,,,,,,,,,,,,,,,,
33,11,,,,,,,100,62,69,13,236.7,2730,10801,38,0,6.4,2.4;4.1;2.4;3.8;1.2;0.7;21.2;59.1;3.5;3.3;32.5;14.2;0.9;0.7;0.2;0.2;0.3;0.5;0.3;0.2;0.5;0.5;0.5;0.5,39.72,0.11,0.01,0.05,14.331,0.0,292.0,1708.0,4,16,,,,,,,,,,,,,,,,,,,,,,,,,,,,,,,,,,,,,,,,,,,,,,,,,,,,,,,,,,,,,
33,12,,,,,,,100,69,70,13,235.2,2730,10801,38,0,5.8,1.3;2.9;0.7;0.7;1.3;1.3;14.2;44.4;2.3;2.0;21.6;42.8;1.3;1.0;0.0;0.3;0.3;0.3;0.0;0.0;1.0;0.7;0.0;0.0,39.7,0.11,0.0,0.01,14.331,0.0,2490.0,97.0,4,16,,,,,,,,,,,,,,,,,,,,,,,,,,,,,,,,,,,,,,,,,,,,,,,,,,,,,,,,,,,,,
33,summary,0.4717345538020022,0.9607747454233615,0.44957235505203735,0.9634810898739324,0.00100000,117.1,,,,,,,,,,,,,,,,,,,,,,98,99.42,100,56,70.67,84,68,69.0,71,13,15.17,17,144.7,229.22,239.2,2730.0,10801.0,37.9,0,5.8,9.25,25.6,39.7,39.73,39.78,63.16,0.11,0.11,0.11,23.18,0.0,0.0,0.01,0.01,0.74,2.49,11.006,15.4,14.331,14.33,14.331,15.992,0.0,0.0,0.0,0.0,1208.0,2490.0,48.0,2493.75,6298.0,4,4.0,4,16,16.0,16,4,16,2.41,93.43
34,1,,,,,,,15,12,63,23,145.3,2745,10801,38,0,26.0,29.6;32.3;35.9;35.5;27.6;29.3;67.3;63.1;33.7;34.4;57.5;69.2;15.9;17.8;5.2;5.9;11.0;12.9;3.8;4.9;8.4;8.3;6.6;7.0,39.78,0.11,0.01,0.05,14.331,0.0,2490.0,5419.0,4,16,,,,,,,,,,,,,,,,,,,,,,,,,,,,,,,,,,,,,,,,,,,,,,,,,,,,,,,,,,,,,
34,2,,,,,,,100,77,67,17,235.2,2730,10801,38,0,7.8,0.9;3.8;1.6;1.7;0.9;0.3;33.4;39.3;4.7;2.4;40.2;54.9;1.0;0.3;0.2;0.0;0.2;0.3;0.0;0.0;0.0;0.3;0.3;0.0,39.75,0.11,0.0,2.5,14.331,0.0,1513.0,1416.0,4,16,,,,,,,,,,,,,,,,,,,,,,,,,,,,,,,,,,,,,,,,,,,,,,,,,,,,,,,,,,,,,
34,3,,,,,,,100,75,68,16,238.9,2730,10801,38,0,8.0,1.6;2.1;1.6;3.3;1.6;0.3;56.2;37.6;4.0;4.2;38.0;38.2;0.9;1.2;0.0;0.0;0.2;0.0;0.0;0.0;0.3;0.0;0.2;0.2,39.74,0.11,0.0,1.92,14.331,0.0,1855.0,5712.0,4,16,,,,,,,,,,,,,,,,,,,,,,,,,,,,,,,,,,,,,,,,,,,,,,,,,,,,,,,,,,,,,
34,4,,,,,,,100,64,68,16,235.6,2730,10801,38,0,7.9,0.9;3.6;0.5;1.7;0.7;0.5;54.5;37.3;5.2;4.2;34.4;44.0;0.9;0.7;0.0;0.0;0.0;0.2;0.0;0.0;0.2;0.3;0.0;0.2,39.71,0.11,0.01,1.58,14.331,0.0,390.0,439.0,4,16,,,,,,,,,,,,,,,,,,,,,,,,,,,,,,,,,,,,,,,,,,,,,,,,,,,,,,,,,,,,,
34,5,,,,,,,100,62,68,16,238.8,2730,10801,38,0,7.9,0.7;5.1;1.9;1.0;0.7;0.7;45.3;40.0;5.0;3.8;37.5;44.1;0.7;0.7;0.0;0.0;0.2;0.2;0.2;0.2;0.2;0.0;0.2;0.0,39.7,0.11,0.0,2.43,14.331,0.0,2050.0,5517.0,4,16,,,,,,,,,,,,,,,,,,,,,,,,,,,,,,,,,,,,,,,,,,,,,,,,,,,,,,,,,,,,,
34,6,,,,,,,100,52,70,16,237.4,2730,10801,38,0,8.0,1.0;5.1;1.7;1.6;0.7;0.3;35.9;39.2;5.2;4.0;31.4;63.1;0.5;0.9;0.0;0.0;0.3;0.0;0.0;0.0;0.2;0.2;0.9;0.2,39.7,0.11,0.0,0.06,14.331,0.0,341.0,97.0,4,16,,,,,,,,,,,,,,,,,,,,,,,,,,,,,,,,,,,,,,,,,,,,,,,,,,,,,,,,,,,,,
34,7,,,,,,,90,77,68,14,234.8,2730,10801,38,0,7.9,1.7;4.3;1.9;1.9;0.2;0.7;44.1;37.2;5.7;2.6;36.8;50.6;0.3;0.9;0.0;0.0;0.2;0.2;0.0;0.0;0.0;0.0;0.0;0.0,39.69,0.11,0.01,0.04,14.331,0.0,488.0,1806.0,4,16,,,,,,,,,,,,,,,,,,,,,,,,,,,,,,,,,,,,,,,,,,,,,,,,,,,,,,,,,,,,,
34,8,,,,,,,92,79,69,13,238.1,2730,10801,38,0,7.7,1.6;3.9;0.9;2.1;1.2;1.0;53.2;35.1;5.2;4.7;28.5;46.8;0.9;0.3;0.0;0.0;0.0;0.0;0.0;0.0;0.0;0.3;0.0;0.0,39.69,0.11,0.01,0.05,14.331,0.0,2148.0,1660.0,4,16,,,,,,,,,,,,,,,,,,,,,,,,,,,,,,,,,,,,,,,,,,,,,,,,,,,,,,,,,,,,,
34,9,,,,,,,100,77,69,20,236.8,2730,10801,38,0,7.9,1.4;2.2;1.7;1.4;0.7;1.4;41.0;41.5;5.0;5.0;50.8;33.4;0.7;0.5;0.0;0.0;0.2;0.2;0.0;0.2;0.0;0.7;0.3;0.0,39.69,0.11,0.0,0.03,14.331,0.0,292.0,341.0,4,16,,,,,,,,,,,,,,,,,,,,,,,,,,,,,,,,,,,,,,,,,,,,,,,,,,,,,,,,,,,,,
34,10,,,,,,,100,73,69,22,238.2,2730,10801,38,0,8.4,2.1;9.0;2.2;2.8;1.0;1.2;46.2;40.2;3.8;5.3;44.5;40.0;1.2;1.0;0.2;0.0;0.2;0.0;0.0;0.0;0.0;0.7;0.0;0.0,39.71,0.11,0.01,0.1,14.331,0.0,1269.0,5517.0,4,16,,,,,,,,,,,,,,,,,,,,,,,,,,,,,,,,,,,,,,,,,,,,,,,,,,,,,,,,,,,,,
34,11,,,,,,,100,59,70,15,238.5,2730,10801,38,0,5.8,0.5;4.1;0.9;2.1;0.5;0.9;58.3;29.4;2.9;3.1;7.6;28.0;0.0;0.3;0.0;0.0;0.0;0.0;0.2;0.0;0.0;0.0;0.0;0.0,39.7,0.11,0.0,0.03,14.331,0.0,1660.0,48.0,4,16,,,,,,,,,,,,,,,,,,,,,,,,,,,,,,,,,,,,,,,,,,,,,,,,,,,,,,,,,,,,,
34,12,,,,,,,100,74,70,16,235.6,2730,10801,38,0,5.6,1.3;2.9;1.6;1.0;0.3;0.7;32.5;19.7;1.6;4.3;27.5;38.9;0.7;0.0;0.0;0.0;0.0;0.0;0.0;0.0;0.3;0.7;0.0;0.0,39.7,0.11,0.0,0.02,14.331,0.0,1074.0,3076.0,4,16,,,,,,,,,,,,,,,,,,,,,,,,,,,,,,,,,,,,,,,,,,,,,,,,,,,,,,,,,,,,,
34,summary,0.4723912469937322,0.9608249790095372,0.4502483411817446,0.9633184221228142,0.00100000,117.2,,,,,,,,,,,,,,,,,,,,,,15,91.42,100,12,65.08,79,63,68.25,70,13,17.0,23,145.3,229.43,238.9,2731.2,10801.0,38.0,0,5.6,9.08,26.0,39.69,39.71,39.78,63.16,0.11,0.11,0.11,23.18,0.0,0.0,0.01,0.02,0.73,2.5,11.006,15.4,14.331,14.33,14.331,15.992,0.0,0.0,0.0,292.0,1297.5,2490.0,48.0,2587.33,5712.0,4,4.0,4,16,16.0,16,4,16,2.5,93.4
35,1,,,,,,,100,55,68,20,139.4,2745,10801,38,0,25.9,28.6;31.6;35.7;35.7;28.0;27.6;67.1;63.2;32.7;31.9;61.2;65.3;17.6;18.9;5.2;4.9;10.0;12.3;4.0;3.9;9.5;9.3;8.7;8.6,39.74,0.11,0.0,0.22,14.331,0.0,22656.0,21533.0,4,16,,,,,,,,,,,,,,,,,,,,,,,,,,,,,,,,,,,,,,,,,,,,,,,,,,,,,,,,,,,,,
35,2,,,,,,,100,55,69,16,235.9,2730,10801,38,0,8.9,2.4;8.7;3.5;4.0;1.6;0.9;45.9;37.4;5.9;5.7;41.6;51.7;0.7;0.9;0.0;0.0;0.0;0.2;2.6;0.3;0.3;0.5;0.0;0.2,39.74,0.11,0.02,2.47,14.331,0.0,878.0,9863.0,4,16,,,,,,,,,,,,,,,,,,,,,,,,,,,,,,,,,,,,,,,,,,,,,,,,,,,,,,,,,,,,,
35,3,,,,,,,100,63,68,16,239.2,2730,10801,38,0,8.1,1.0;5.9;1.9;2.8;0.9;0.2;52.9;38.8;4.0;4.2;32.8;47.0;0.7;0.3;0.0;0.0;0.0;0.2;0.0;0.0;0.3;0.2;0.0;0.0,39.75,0.11,0.0,2.04,14.331,0.0,2099.0,5664.0,4,16,,,,,,,,,,,,,,,,,,,,,,,,,,,,,,,,,,,,,,,,,,,,,,,,,,,,,,,,,,,,,
35,4,,,,,,,100,72,68,16,237.1,2730,10801,38,0,7.6,0.5;4.1;1.0;2.2;0.9;1.0;48.5;40.5;5.0;2.4;33.0;41.9;0.3;0.3;0.0;0.0;0.2;0.0;0.0;0.0;0.2;0.0;0.0;0.3,39.7,0.11,0.0,3.52,14.33,0.0,976.0,1660.0,4,16,,,,,,,,,,,,,,,,,,,,,,,,,,,,,,,,,,,,,,,,,,,,,,,,,,,,,,,,,,,,,
35,5,,,,,,,98,77,71,17,238.2,2730,10801,38,0,8.0,1.0;4.1;2.8;1.6;0.7;0.5;50.1;50.2;4.2;3.8;30.3;37.3;1.6;0.2;0.0;0.3;0.0;0.2;0.0;0.3;0.7;0.3;0.5;0.3,39.7,0.11,0.0,0.07,14.33,0.0,4931.0,5371.0,4,16,,,,,,,,,,,,,,,,,,,,,,,,,,,,,,,,,,,,,,,,,,,,,,,,,,,,,,,,,,,,,
35,6,,,,,,,98,81,69,15,238.3,2730,10801,38,0,7.9,0.5;5.1;2.1;1.7;0.5;0.5;61.2;15.8;6.7;4.7;31.4;54.9;0.7;1.2;0.0;0.0;0.0;0.0;0.0;0.0;0.5;1.2;0.0;0.0,39.7,0.11,0.0,0.04,14.33,0.0,292.0,341.0,4,16,,,,,,,,,,,,,,,,,,,,,,,,,,,,,,,,,,,,,,,,,,,,,,,,,,,,,,,,,,,,,
35,7,,,,,,,98,79,69,14,237.3,2730,10801,38,0,8.1,2.1;5.9;2.2;1.2;0.9;0.7;50.1;38.0;4.1;4.6;33.4;49.1;1.4;0.3;0.2;0.0;0.2;0.0;0.0;0.0;0.2;0.2;0.3;0.2,39.67,0.1,0.07,0.03,14.33,0.0,1464.0,97.0,4,16,,,,,,,,,,,,,,,,,,,,,,,,,,,,,,,,,,,,,,,,,,,,,,,,,,,,,,,,,,,,,
35,8,,,,,,,98,82,68,15,238.8,2730,10801,38,0,8.2,1.7;5.8;2.1;1.7;0.7;0.9;44.4;47.0;5.0;5.4;34.3;43.2;0.9;0.3;0.0;0.0;0.2;0.0;0.9;0.2;0.5;0.7;0.0;0.0,39.66,0.1,0.0,0.1,14.33,0.0,292.0,292.0,4,16,,,,,,,,,,,,,,,,,,,,,,,,,,,,,,,,,,,,,,,,,,,,,,,,,,,,,,,,,,,,,
35,9,,,,,,,100,84,66,14,237.0,2730,10801,38,0,7.9,1.0;4.6;1.6;1.6;1.4;1.0;45.7;53.5;3.5;5.7;34.0;35.5;0.5;0.3;0.0;0.0;0.0;0.0;0.0;0.0;0.0;0.2;0.0;0.0,39.68,0.1,0.0,0.04,14.33,0.0,0.0,1757.0,4,16,,,,,,,,,,,,,,,,,,,,,,,,,,,,,,,,,,,,,,,,,,,,,,,,,,,,,,,,,,,,,
35,10,,,,,,,100,78,67,14,239.2,2730,10801,38,0,8.3,1.9;5.9;4.8;3.5;0.7;1.9;46.0;39.3;5.7;6.4;29.3;49.7;0.9;0.7;0.0;0.2;0.2;0.0;0.2;0.0;0.3;0.2;0.3;0.2,39.66,0.1,0.01,0.06,14.33,0.0,1269.0,5517.0,4,16,,,,,,,,,,,,,,,,,,,,,,,,,,,,,,,,,,,,,,,,,,,,,,,,,,,,,,,,,,,,,
35,11,,,,,,,100,64,68,15,235.8,2730,10801,38,0,5.8,0.5;3.7;1.6;0.7;0.5;0.5;21.4;22.8;2.9;3.3;35.3;43.3;0.7;0.2;0.0;0.0;0.3;0.2;0.2;0.0;0.0;0.0;0.3;0.2,39.65,0.1,0.0,0.02,14.33,0.0,1220.0,537.0,4,16,,,,,,,,,,,,,,,,,,,,,,,,,,,,,,,,,,,,,,,,,,,,,,,,,,,,,,,,,,,,,
35,12,,,,,,,100,67,70,21,235.7,2730,10801,38,0,6.0,1.0;2.9;1.3;1.6;0.3;0.3;10.1;38.0;5.6;5.9;30.2;44.4;0.7;1.0;0.0;0.0;0.0;0.0;0.0;0.0;0.0;0.0;0.3;0.0,39.67,0.1,0.0,0.07,14.33,0.0,927.0,1611.0,4,16,,,,,,,,,,,,,,,,,,,,,,,,,,,,,,,,,,,,,,,,,,,,,,,,,,,,,,,,,,,,,
35,summary,0.4699595286429648,0.9610689707138192,0.45054560334956856,0.9628304188694591,0.00100000,117.4,,,,,,,,,,,,,,,,,,,,,,98,99.33,100,55,71.42,84,66,68.42,71,14,16.08,21,139.4,229.33,239.2,2731.2,10801.0,38.0,0,5.8,9.22,25.9,39.65,39.69,39.75,63.16,0.1,0.1,0.11,23.18,0.0,0.01,0.07,0.02,0.72,3.52,11.006,15.4,14.33,14.33,14.331,15.992,0.0,0.0,0.0,0.0,3083.67,22656.0,97.0,4520.25,21533.0,4,4.0,4,16,16.0,16,4,16,2.49,93.41
36,1,,,,,,,100,71,66,17,151.4,2745,10801,38,0,25.8,29.1;30.9;35.4;36.2;28.6;28.9;63.5;65.5;32.3;35.0;59.3;67.0;16.5;17.0;5.4;5.5;11.6;12.3;3.8;4.0;8.7;9.3;6.8;6.5,39.75,0.1,0.0,0.02,14.33,0.0,1953.0,5615.0,4,16,,,,,,,,,,,,,,,,,,,,,,,,,,,,,,,,,,,,,,,,,,,,,,,,,,,,,,,,,,,,,
36,2,,,,,,,100,64,68,16,234.9,2730,10801,37,0,8.0,0.7;4.6;1.2;1.0;1.7;1.4;42.3;42.0;4.7;4.3;42.0;43.5;0.9;0.9;0.0;0.0;0.2;0.2;0.0;0.0;0.2;0.2;0.3;0.0,39.72,0.1,0.0,2.5,14.33,0.0,292.0,1367.0,4,16,,,,,,,,,,,,,,,,,,,,,,,,,,,,,,,,,,,,,,,,,,,,,,,,,,,,,,,,,,,,,
36,3,,,,,,,100,51,68,15,238.6,2730,10801,38,0,7.9,1.2;3.4;3.5;0.7;0.7;1.4;50.7;42.5;3.5;3.8;29.1;44.5;1.2;0.7;0.0;0.0;0.2;0.2;0.0;0.0;0.0;0.9;0.0;0.5,39.69,0.1,0.0,1.9,14.33,0.0,2294.0,5712.0,4,16,,,,,,,,,,,,,,,,,,,,,,,,,,,,,,,,,,,,,,,,,,,,,,,,,,,,,,,,,,,,,
36,4,,,,,,,100,52,69,16,237.0,2730,10801,38,0,7.8,1.0;3.4;2.1;0.7;0.7;0.2;43.4;39.7;3.3;2.6;39.3;46.8;0.5;0.7;0.0;0.2;0.0;0.3;0.0;0.2;0.0;0.2;1.4;0.0,39.68,0.1,0.01,1.63,14.33,0.0,292.0,0.0,4,16,,,,,,,,,,,,,,,,,,,,,,,,,,,,,,,,,,,,,,,,,,,,,,,,,,,,,,,,,,,,,
36,5,,,,,,,100,53,68,15,236.5,2730,10801,38,0,8.5,1.9;4.9;4.5;3.4;1.6;1.9;51.3;35.8;5.5;3.5;31.1;49.3;2.8;0.7;0.2;0.3;1.0;0.3;0.2;0.3;0.5;0.9;0.9;0.2,39.66,0.1,0.0,2.37,14.33,0.0,1757.0,5712.0,4,16,,,,,,,,,,,,,,,,,,,,,,,,,,,,,,,,,,,,,,,,,,,,,,,,,,,,,,,,,,,,,
36,6,,,,,,,100,56,70,16,238.1,2730,10801,38,0,8.0,0.5;4.1;2.6;1.2;0.3;0.3;41.5;38.9;4.5;4.3;38.6;50.7;1.0;1.0;0.0;0.0;0.2;0.2;0.0;0.2;0.0;0.0;0.0;0.0,39.67,0.1,0.0,0.05,14.33,0.0,1074.0,2636.0,4,16,,,,,,,,,,,,,,,,,,,,,,,,,,,,,,,,,,,,,,,,,,,,,,,,,,,,,,,,,,,,,
36,7,,,,,,,98,77,68,16,235.7,2730,10801,38,0,7.9,1.0;4.6;2.2;1.2;0.5;0.9;40.9;40.2;5.0;3.3;39.6;47.6;0.9;0.9;0.0;0.0;0.0;0.2;0.0;0.0;0.0;0.0;0.0;0.5,39.67,0.1,0.01,0.03,14.33,0.0,341.0,3857.0,4,16,,,,,,,,,,,,,,,,,,,,,,,,,,,,,,,,,,,,,,,,,,,,,,,,,,,,,,,,,,,,,
36,8,,,,,,,98,79,69,16,238.9,2730,10801,38,0,7.7,1.0;1.2;1.7;0.3;1.0;0.3;54.6;41.6;4.3;2.8;42.1;32.4;0.7;0.3;0.0;0.0;0.0;0.0;0.0;0.2;0.2;0.3;0.0;0.0,39.66,0.1,0.0,0.04,14.33,0.0,292.0,1416.0,4,16,,,,,,,,,,,,,,,,,,,,,,,,,,,,,,,,,,,,,,,,,,,,,,,,,,,,,,,,,,,,,
36,9,,,,,,,100,72,67,21,234.7,2730,10801,38,0,8.4,2.1;6.9;3.4;1.6;1.9;0.9;42.4;40.5;5.9;1.7;41.3;48.2;1.5;0.7;0.0;0.0;0.2;0.2;0.0;0.0;0.5;0.9;0.0;0.3,39.67,0.1,0.0,0.03,14.33,0.0,390.0,1416.0,4,16,,,,,,,,,,,,,,,,,,,,,,,,,,,,,,,,,,,,,,,,,,,,,,,,,,,,,,,,,,,,,
36,10,,,,,,,99,74,69,20,238.8,2730,10801,38,0,8.4,1.7;4.4;4.1;2.6;1.6;1.0;46.8;34.7;5.0;3.5;45.0;48.0;0.9;0.5;0.0;0.5;0.2;0.2;0.0;0.3;0.3;0.2;0.0;0.0,39.67,0.1,0.02,0.08,14.33,0.0,1513.0,5371.0,4,16,,,,,,,,,,,,,,,,,,,,,,,,,,,,,,,,,,,,,,,,,,,,,,,,,,,,,,,,,,,,,
36,11,,,,,,,98,81,67,17,236.8,2730,10801,38,0,5.6,0.9;2.6;1.2;1.2;0.9;0.9;10.4;35.2;2.4;1.4;35.6;40.0;0.2;0.2;0.0;0.0;0.2;0.0;0.0;0.3;0.0;0.2;1.0;0.7,39.67,0.1,0.0,0.02,14.33,0.0,537.0,1464.0,4,16,,,,,,,,,,,,,,,,,,,,,,,,,,,,,,,,,,,,,,,,,,,,,,,,,,,,,,,,,,,,,
36,12,,,,,,,100,77,69,16,235.5,2730,10801,38,0,5.9,1.7;4.5;1.6;1.6;0.7;0.7;62.0;13.5;2.3;2.0;30.2;18.7;0.0;0.3;0.0;0.0;0.0;0.3;0.0;0.0;0.3;0.7;0.7;0.0,39.67,0.1,0.01,0.08,14.33,0.0,1416.0,146.0,4,16,,,,,,,,,,,,,,,,,,,,,,,,,,,,,,,,,,,,,,,,,,,,,,,,,,,,,,,,,,,,,
36,summary,0.4696087959560414,0.961241200152136,0.4506870607817837,0.9633590890605938,0.00100000,117.3,,,,,,,,,,,,,,,,,,,,,,98,99.42,100,51,67.25,81,66,68.17,70,15,16.75,21,151.4,229.74,238.9,2731.2,10801.0,37.9,0,5.6,9.16,25.8,39.66,39.68,39.75,63.16,0.1,0.1,0.1,23.18,0.0,0.0,0.02,0.02,0.73,2.5,11.006,15.4,14.33,14.33,14.33,15.992,0.0,0.0,0.0,292.0,1012.58,2294.0,0.0,2892.67,5712.0,4,4.0,4,16,16.0,16,4,16,2.46,93.4
37,1,,,,,,,100,49,66,18,100.1,2745,10801,38,0,25.5,29.6;31.9;35.0;34.3;28.3;28.7;65.0;58.3;33.8;32.6;63.2;66.1;14.2;15.2;5.1;5.9;11.0;10.4;3.7;3.5;10.1;9.3;7.7;7.7,39.75,0.1,0.0,0.04,14.33,0.0,1953.0,5566.0,4,16,,,,,,,,,,,,,,,,,,,,,,,,,,,,,,,,,,,,,,,,,,,,,,,,,,,,,,,,,,,,,
37,2,,,,,,,100,55,68,15,234.5,2730,10801,38,0,7.9,1.6;4.6;3.0;1.0;1.6;1.4;59.5;29.0;7.1;3.8;37.8;37.0;0.9;0.5;0.0;0.0;0.2;0.2;0.2;0.0;0.2;0.2;0.2;0.0,39.73,0.1,0.0,2.5,14.33,0.0,341.0,0.0,4,16,,,,,,,,,,,,,,,,,,,,,,,,,,,,,,,,,,,,,,,,,,,,,,,,,,,,,,,,,,,,,
37,3,,,,,,,100,55,68,15,238.4,2730,10801,37,0,8.3,1.5;5.4;1.7;2.9;3.1;1.6;50.2;43.0;6.7;2.6;41.0;36.3;0.5;0.5;0.0;0.0;0.3;0.0;0.3;0.0;0.3;0.2;0.5;0.2,39.7,0.1,0.0,1.9,14.33,0.0,1220.0,5566.0,4,16,,,,,,,,,,,,,,,,,,,,,,,,,,,,,,,,,,,,,,,,,,,,,,,,,,,,,,,,,,,,,
37,4,,,,,,,100,74,68,22,235.8,2730,10801,37,0,8.1,0.9;2.9;2.6;2.8;1.0;1.5;49.0;45.5;5.2;2.6;32.8;43.0;0.9;1.0;0.0;0.2;0.5;0.5;0.0;0.2;0.2;0.2;0.5;0.3,39.68,0.1,0.0,1.58,14.33,0.0,1416.0,0.0,4,16,,,,,,,,,,,,,,,,,,,,,,,,,,,,,,,,,,,,,,,,,,,,,,,,,,,,,,,,,,,,,
37,5,,,,,,,98,80,66,17,237.9,2730,10801,38,0,7.7,0.9;5.6;0.9;1.5;0.7;0.3;57.8;29.0;4.0;4.5;34.6;43.0;0.3;0.3;0.0;0.0;0.0;0.0;0.2;0.0;0.2;0.2;0.0;0.0,39.68,0.1,0.01,2.38,14.33,0.0,1416.0,5517.0,4,16,,,,,,,,,,,,,,,,,,,,,,,,,,,,,,,,,,,,,,,,,,,,,,,,,,,,,,,,,,,,,
37,6,,,,,,,100,83,67,16,237.3,2730,10801,38,0,8.0,1.6;3.6;2.3;1.7;0.9;0.9;58.8;33.6;5.4;3.6;29.5;45.2;1.0;0.5;0.2;0.0;0.3;0.3;0.0;0.0;1.0;0.7;0.5;0.3,39.67,0.1,0.0,0.05,14.33,0.0,585.0,1464.0,4,16,,,,,,,,,,,,,,,,,,,,,,,,,,,,,,,,,,,,,,,,,,,,,,,,,,,,,,,,,,,,,
37,7,,,,,,,100,72,68,15,236.2,2730,10801,37,0,8.1,1.0;4.4;2.1;1.6;0.7;0.3;45.9;39.2;6.9;4.0;39.2;46.8;0.7;0.7;0.0;0.0;0.0;0.0;0.0;0.0;0.0;0.3;0.0;0.0,39.67,0.1,0.0,0.03,14.33,0.0,28955.0,1953.0,4,16,,,,,,,,,,,,,,,,,,,,,,,,,,,,,,,,,,,,,,,,,,,,,,,,,,,,,,,,,,,,,
37,8,,,,,,,100,76,69,16,238.0,2730,10801,38,0,8.5,2.6;5.1;3.1;2.4;1.4;2.4;45.1;45.4;6.4;3.6;37.1;45.9;1.0;0.7;0.0;0.0;0.0;0.5;0.0;0.0;0.0;0.2;0.0;0.0,39.68,0.1,0.0,0.03,14.33,0.0,0.0,1855.0,4,16,,,,,,,,,,,,,,,,,,,,,,,,,,,,,,,,,,,,,,,,,,,,,,,,,,,,,,,,,,,,,
37,9,,,,,,,100,59,69,14,234.6,2730,10801,38,0,8.2,2.1;6.1;2.8;2.1;0.5;0.7;38.5;41.3;5.4;2.6;43.9;44.8;0.9;0.5;0.2;0.2;0.2;0.3;0.3;0.0;0.0;0.2;0.9;2.4,39.66,0.1,0.0,0.03,14.33,0.0,2539.0,0.0,4,16,,,,,,,,,,,,,,,,,,,,,,,,,,,,,,,,,,,,,,,,,,,,,,,,,,,,,,,,,,,,,
37,10,,,,,,,100,55,67,14,238.0,2730,10801,38,0,8.1,1.9;4.9;1.7;2.6;0.3;0.5;41.9;45.8;6.4;2.2;39.1;44.0;0.5;0.7;0.0;0.0;0.2;0.2;0.2;0.0;0.3;0.3;0.3;0.0,39.65,0.1,0.0,0.03,14.33,0.0,1318.0,5468.0,4,16,,,,,,,,,,,,,,,,,,,,,,,,,,,,,,,,,,,,,,,,,,,,,,,,,,,,,,,,,,,,,
37,11,,,,,,,100,51,70,14,235.4,2730,10801,38,0,5.6,1.2;2.7;1.7;1.2;0.5;0.2;47.6;7.8;3.3;2.9;24.7;37.1;0.2;0.5;0.0;0.0;0.0;0.0;0.0;0.0;0.0;0.0;0.9;1.4,39.65,0.1,0.0,0.04,14.33,0.0,1464.0,195.0,4,16,,,,,,,,,,,,,,,,,,,,,,,,,,,,,,,,,,,,,,,,,,,,,,,,,,,,,,,,,,,,,
37,12,,,,,,,99,79,70,22,233.6,2730,10801,38,0,6.0,1.6;7.3;2.6;2.3;0.7;0.7;32.7;5.6;3.3;3.0;16.7;66.0;0.7;0.3;0.0;0.0;0.0;0.0;0.0;0.0;0.3;0.0;0.0;0.0,39.66,0.1,0.0,0.03,14.33,0.0,1416.0,0.0,4,16,,,,,,,,,,,,,,,,,,,,,,,,,,,,,,,,,,,,,,,,,,,,,,,,,,,,,,,,,,,,,
37,summary,0.4655563944084948,0.9629132609491278,0.4514497654037584,0.963521756811712,0.00100000,117.6,,,,,,,,,,,,,,,,,,,,,,98,99.75,100,49,65.67,83,66,68.0,70,14,16.5,22,100.1,224.98,238.4,2731.2,10801.0,37.8,0,5.6,9.17,25.5,39.65,39.68,39.75,63.16,0.1,0.1,0.1,23.18,0.0,0.0,0.01,0.03,0.72,2.5,11.006,15.4,14.33,14.33,14.33,15.992,0.0,0.0,0.0,0.0,3551.92,28955.0,0.0,2298.67,5566.0,4,4.0,4,16,16.0,16,4,16,2.75,93.38
38,1,,,,,,,100,61,66,19,131.9,2730,10801,37,0,25.9,28.7;30.8;35.5;35.0;28.7;30.6;63.5;68.7;30.6;33.2;59.1;68.0;16.8;18.0;5.2;5.2;11.5;11.6;4.1;4.6;9.0;8.6;7.8;7.6,39.76,0.1,0.0,0.29,14.33,0.0,1806.0,5517.0,4,16,,,,,,,,,,,,,,,,,,,,,,,,,,,,,,,,,,,,,,,,,,,,,,,,,,,,,,,,,,,,,
38,2,,,,,,,98,76,69,15,235.1,2730,10801,37,0,7.9,1.7;5.1;2.9;1.9;0.7;0.5;41.1;44.3;4.0;2.9;37.1;45.5;0.7;0.5;0.0;0.0;0.3;0.3;0.0;0.0;0.2;0.2;0.0;0.0,39.73,0.1,0.0,2.5,14.33,0.0,1123.0,1464.0,4,16,,,,,,,,,,,,,,,,,,,,,,,,,,,,,,,,,,,,,,,,,,,,,,,,,,,,,,,,,,,,,
38,3,,,,,,,98,77,70,15,238.5,2730,10801,38,0,8.0,1.2;5.3;2.6;0.7;0.9;1.0;42.7;43.2;5.0;4.2;40.4;42.8;0.3;0.5;0.0;0.2;0.2;0.2;0.2;0.0;0.2;0.5;0.2;0.3,39.72,0.1,0.0,1.92,14.33,0.0,2343.0,5468.0,4,16,,,,,,,,,,,,,,,,,,,,,,,,,,,,,,,,,,,,,,,,,,,,,,,,,,,,,,,,,,,,,
38,4,,,,,,,98,81,69,15,235.3,2730,10801,37,0,8.0,0.7;4.4;3.1;2.2;1.4;0.5;23.7;51.8;6.9;3.5;32.6;58.4;0.5;0.5;0.2;0.0;0.3;0.2;0.2;0.3;0.0;0.3;0.0;0.2,39.69,0.1,0.0,1.58,14.33,0.0,292.0,244.0,4,16,,,,,,,,,,,,,,,,,,,,,,,,,,,,,,,,,,,,,,,,,,,,,,,,,,,,,,,,,,,,,
38,5,,,,,,,98,81,68,14,237.3,2730,10801,37,0,7.8,1.0;3.4;2.1;1.0;1.0;0.3;41.4;39.0;4.8;4.7;25.2;60.3;0.7;0.7;0.3;0.0;0.2;0.0;0.0;0.0;0.3;0.0;0.2;0.0,39.67,0.1,0.01,2.39,14.33,0.0,2441.0,5419.0,4,16,,,,,,,,,,,,,,,,,,,,,,,,,,,,,,,,,,,,,,,,,,,,,,,,,,,,,,,,,,,,,
38,6,,,,,,,98,82,67,14,235.9,2730,10801,37,0,8.2,2.9;6.2;4.1;1.7;2.9;1.2;44.3;34.0;5.2;3.5;26.0;61.2;1.0;0.5;0.2;0.2;0.3;0.2;0.0;0.2;0.7;0.2;0.2;0.0,39.68,0.1,0.01,0.04,14.33,0.0,634.0,1513.0,4,16,,,,,,,,,,,,,,,,,,,,,,,,,,,,,,,,,,,,,,,,,,,,,,,,,,,,,,,,,,,,,
38,7,,,,,,,100,75,66,19,236.6,2730,10801,37,0,8.2,2.1;5.4;2.8;1.0;0.9;1.9;38.3;42.3;4.8;4.5;38.1;49.6;0.9;1.7;0.2;0.2;0.9;0.3;0.0;0.3;0.3;0.2;0.5;0.5,39.68,0.1,0.0,0.02,14.33,0.0,1464.0,1367.0,4,16,,,,,,,,,,,,,,,,,,,,,,,,,,,,,,,,,,,,,,,,,,,,,,,,,,,,,,,,,,,,,
38,8,,,,,,,100,71,69,17,238.8,2730,10801,38,0,8.1,0.9;5.9;3.1;1.6;0.9;0.9;50.3;35.9;5.7;2.8;31.6;50.1;0.5;0.9;0.0;0.2;0.5;0.3;0.2;0.0;0.7;0.5;0.0;0.2,39.66,0.1,0.0,0.07,14.33,0.0,878.0,3173.0,4,16,,,,,,,,,,,,,,,,,,,,,,,,,,,,,,,,,,,,,,,,,,,,,,,,,,,,,,,,,,,,,
38,9,,,,,,,100,56,67,16,234.6,2730,10801,37,0,8.3,1.6;3.9;2.8;1.4;1.4;0.9;61.3;33.9;7.4;3.5;24.9;53.2;0.7;0.9;0.2;0.2;0.2;0.2;0.0;0.0;0.3;0.3;0.0;0.0,39.68,0.1,0.0,0.02,14.33,0.0,1611.0,1757.0,4,16,,,,,,,,,,,,,,,,,,,,,,,,,,,,,,,,,,,,,,,,,,,,,,,,,,,,,,,,,,,,,
38,10,,,,,,,100,83,67,15,239.3,2730,10801,38,0,7.9,1.6;3.3;2.2;0.9;0.9;0.7;44.7;33.6;5.4;3.5;48.5;38.9;1.2;1.0;0.0;0.2;0.3;0.2;0.5;0.5;0.2;0.0;0.7;0.2,39.69,0.1,0.0,0.02,14.33,0.0,1806.0,6054.0,4,16,,,,,,,,,,,,,,,,,,,,,,,,,,,,,,,,,,,,,,,,,,,,,,,,,,,,,,,,,,,,,
38,11,,,,,,,100,76,70,16,236.1,2730,10801,38,0,6.0,1.2;4.1;1.9;1.5;0.7;1.0;24.5;38.1;3.3;2.4;16.0;45.5;0.7;0.3;0.0;0.0;0.2;0.2;0.0;0.0;0.3;0.3;0.7;0.0,39.68,0.1,0.01,0.04,14.33,0.0,2734.0,1367.0,4,16,,,,,,,,,,,,,,,,,,,,,,,,,,,,,,,,,,,,,,,,,,,,,,,,,,,,,,,,,,,,,
38,12,,,,,,,100,71,68,14,235.1,2730,10801,37,0,5.9,1.0;3.6;2.6;1.3;0.7;0.7;36.8;36.2;4.6;3.6;32.2;18.1;0.0;0.0;0.0;0.0;0.3;0.0;0.0;0.0;0.0;0.7;0.0;0.3,39.67,0.1,0.0,0.03,14.33,0.0,341.0,1367.0,4,16,,,,,,,,,,,,,,,,,,,,,,,,,,,,,,,,,,,,,,,,,,,,,,,,,,,,,,,,,,,,,
38,summary,0.46568700476918096,0.9627840888703901,0.45099169292213376,0.9631964213094754,0.00100000,117.4,,,,,,,,,,,,,,,,,,,,,,98,99.17,100,56,74.17,83,66,68.0,70,14,15.75,19,131.9,227.88,239.3,2730.0,10801.0,37.3,0,5.9,9.18,25.9,39.66,39.69,39.76,63.16,0.1,0.1,0.1,23.18,0.0,0.0,0.01,0.02,0.74,2.5,11.006,15.4,14.33,14.33,14.33,15.992,0.0,0.0,0.0,292.0,1456.08,2734.0,244.0,2892.5,6054.0,4,4.0,4,16,16.0,16,4,16,2.51,93.4
39,1,,,,,,,100,55,67,19,141.2,2745,10801,38,0,25.7,26.1;29.6;35.6;34.9;30.8;30.4;62.8;66.2;33.4;35.5;57.4;70.2;15.8;16.9;5.2;5.6;10.2;10.9;3.7;4.2;8.8;7.7;6.8;7.2,39.75,0.1,0.0,0.03,14.33,0.0,1953.0,5615.0,4,16,,,,,,,,,,,,,,,,,,,,,,,,,,,,,,,,,,,,,,,,,,,,,,,,,,,,,,,,,,,,,
39,2,,,,,,,100,52,69,17,234.7,2730,10801,37,0,7.7,1.0;4.8;1.6;2.4;0.7;0.7;40.2;55.4;4.0;3.6;30.8;39.4;0.3;0.2;0.0;0.0;0.0;0.0;0.0;0.0;0.2;0.3;0.0;0.0,39.73,0.1,0.0,2.49,14.33,0.0,585.0,0.0,4,16,,,,,,,,,,,,,,,,,,,,,,,,,,,,,,,,,,,,,,,,,,,,,,,,,,,,,,,,,,,,,
39,3,,,,,,,100,64,68,15,238.4,2730,10801,37,0,7.9,1.4;5.2;1.6;2.6;0.3;0.7;39.1;26.7;3.8;3.8;46.8;54.7;0.3;0.3;0.2;0.0;0.2;0.0;0.0;0.0;0.2;0.2;0.0;0.2,39.71,0.1,0.0,1.91,14.33,0.0,1757.0,5615.0,4,16,,,,,,,,,,,,,,,,,,,,,,,,,,,,,,,,,,,,,,,,,,,,,,,,,,,,,,,,,,,,,
39,4,,,,,,,98,76,70,16,236.2,2730,10801,37,0,8.1,1.4;3.3;1.7;1.9;1.0;1.0;49.9;33.3;5.6;5.2;39.1;47.2;1.0;1.9;0.0;0.2;0.2;0.0;0.0;0.0;0.0;0.7;0.0;0.0,39.71,0.1,0.0,1.59,14.33,0.0,13574.0,1464.0,4,16,,,,,,,,,,,,,,,,,,,,,,,,,,,,,,,,,,,,,,,,,,,,,,,,,,,,,,,,,,,,,
39,5,,,,,,,98,75,68,15,236.9,2730,10801,37,0,8.4,1.6;6.4;3.5;2.4;0.3;0.9;50.3;27.8;6.2;2.9;44.6;50.0;0.9;0.7;0.0;0.2;0.0;0.7;0.2;0.0;0.5;0.0;0.3;0.2,39.69,0.1,0.0,2.4,14.33,0.0,2148.0,11328.0,4,16,,,,,,,,,,,,,,,,,,,,,,,,,,,,,,,,,,,,,,,,,,,,,,,,,,,,,,,,,,,,,
39,6,,,,,,,98,75,66,17,238.3,2730,10801,38,0,8.2,1.9;4.9;2.4;1.6;1.6;0.2;42.2;37.3;5.7;3.3;47.5;41.7;0.5;1.2;0.3;0.2;0.0;0.0;0.2;0.2;0.5;1.7;0.2;0.0,39.67,0.1,0.0,0.03,14.33,0.0,1123.0,1416.0,4,16,,,,,,,,,,,,,,,,,,,,,,,,,,,,,,,,,,,,,,,,,,,,,,,,,,,,,,,,,,,,,
39,7,,,,,,,98,78,68,14,236.0,2730,10801,38,0,8.1,2.2;5.9;1.7;2.1;1.7;0.9;54.6;34.6;4.5;4.7;28.7;52.0;0.3;0.7;0.2;0.2;0.0;0.0;0.0;0.0;0.0;0.0;0.0;0.0,39.65,0.1,0.01,0.1,14.33,0.0,1171.0,1562.0,4,16,,,,,,,,,,,,,,,,,,,,,,,,,,,,,,,,,,,,,,,,,,,,,,,,,,,,,,,,,,,,,
39,8,,,,,,,98,81,67,15,238.1,2730,10801,37,0,7.8,1.6;3.8;1.7;2.2;0.5;0.2;49.7;38.1;2.6;3.5;31.0;50.3;0.5;0.5;0.0;0.2;0.0;0.0;0.2;0.0;0.2;0.0;0.0;0.0,39.65,0.1,0.01,0.04,14.33,0.0,976.0,1562.0,4,16,,,,,,,,,,,,,,,,,,,,,,,,,,,,,,,,,,,,,,,,,,,,,,,,,,,,,,,,,,,,,
39,9,,,,,,,100,79,66,14,235.2,2730,10801,37,0,8.1,1.2;3.1;1.0;3.1;0.9;0.9;30.7;55.7;5.5;4.3;35.9;48.5;0.7;1.0;0.2;0.0;0.0;0.0;0.0;0.0;0.0;0.2;0.0;0.0,39.66,0.1,0.0,0.06,14.33,0.0,927.0,195.0,4,16,,,,,,,,,,,,,,,,,,,,,,,,,,,,,,,,,,,,,,,,,,,,,,,,,,,,,,,,,,,,,
39,10,,,,,,,100,79,67,16,238.9,2730,10801,37,0,7.9,1.9;3.7;1.2;1.0;1.0;0.5;41.1;50.4;3.5;4.0;32.5;45.1;0.5;1.0;0.0;0.2;0.0;0.5;0.3;0.0;0.3;1.0;0.0;0.0,39.65,0.1,0.0,0.02,14.33,0.0,1220.0,5908.0,4,16,,,,,,,,,,,,,,,,,,,,,,,,,,,,,,,,,,,,,,,,,,,,,,,,,,,,,,,,,,,,,
39,11,,,,,,,100,77,68,14,235.2,2730,10801,37,0,6.2,1.6;5.3;2.1;1.6;0.7;0.7;36.0;35.8;3.1;2.9;23.4;30.7;0.2;0.3;0.0;0.0;0.0;0.2;0.3;0.2;0.0;0.2;1.7;1.2,39.65,0.1,0.0,0.03,14.33,0.0,0.0,1953.0,4,16,,,,,,,,,,,,,,,,,,,,,,,,,,,,,,,,,,,,,,,,,,,,,,,,,,,,,,,,,,,,,
39,12,,,,,,,100,56,68,18,235.2,2730,10801,38,0,5.9,0.0;2.9;2.6;2.6;0.7;0.7;12.8;28.6;4.9;3.0;22.5;59.7;0.7;0.3;0.0;0.0;0.0;0.0;0.3;0.0;0.0;0.3;0.0;0.0,39.66,0.1,0.0,0.04,14.33,0.0,8105.0,100537.0,4,16,,,,,,,,,,,,,,,,,,,,,,,,,,,,,,,,,,,,,,,,,,,,,,,,,,,,,,,,,,,,,
39,summary,0.4624704265407305,0.9637385270077288,0.4508409144045522,0.9638470923139487,0.00100000,117.2,,,,,,,,,,,,,,,,,,,,,,98,99.17,100,52,70.58,81,66,67.67,70,14,15.83,19,141.2,228.69,238.9,2731.2,10801.0,37.3,0,5.9,9.17,25.7,39.65,39.68,39.75,63.16,0.1,0.1,0.1,23.18,0.0,0.0,0.01,0.02,0.73,2.49,11.006,15.4,14.33,14.33,14.33,15.992,0.0,0.0,0.0,0.0,2794.92,13574.0,0.0,11429.58,100537.0,4,4.0,4,16,16.0,16,4,16,2.48,93.4
40,1,,,,,,,40,31,64,19,147.9,2745,10801,37,0,25.5,30.2;31.2;35.0;35.3;28.7;29.2;59.3;69.9;30.0;32.5;58.5;66.5;17.3;18.6;4.3;4.9;10.8;11.3;3.6;3.4;8.0;8.0;7.0;7.4,39.75,0.1,0.0,0.03,14.33,0.0,2148.0,5371.0,4,16,,,,,,,,,,,,,,,,,,,,,,,,,,,,,,,,,,,,,,,,,,,,,,,,,,,,,,,,,,,,,
40,2,,,,,,,100,72,66,17,234.9,2730,10801,37,0,7.8,0.7;2.7;1.9;2.2;0.3;0.7;36.6;30.6;4.5;4.0;43.7;55.9;0.9;0.9;0.0;0.2;0.2;0.2;0.2;0.0;0.0;0.0;0.0;0.0,39.71,0.1,0.0,2.46,14.33,0.0,1708.0,341.0,4,16,,,,,,,,,,,,,,,,,,,,,,,,,,,,,,,,,,,,,,,,,,,,,,,,,,,,,,,,,,,,,
40,3,,,,,,,100,59,66,14,238.6,2730,10801,37,0,7.9,0.5;3.6;1.7;1.6;0.5;0.7;52.8;35.9;3.6;3.6;27.6;53.4;0.7;0.7;0.0;0.2;0.2;0.2;0.0;0.2;0.0;1.0;0.2;0.0,39.7,0.1,0.0,2.29,14.33,0.0,3906.0,5517.0,4,16,,,,,,,,,,,,,,,,,,,,,,,,,,,,,,,,,,,,,,,,,,,,,,,,,,,,,,,,,,,,,
40,4,,,,,,,100,57,69,16,235.2,2730,10801,37,0,8.1,1.0;4.8;2.2;2.4;1.6;0.7;37.0;42.6;3.6;2.9;42.9;48.3;0.5;1.2;0.0;0.0;0.3;0.2;0.0;0.0;0.5;0.3;1.0;0.2,39.67,0.1,0.0,1.62,14.33,0.0,2246.0,1562.0,4,16,,,,,,,,,,,,,,,,,,,,,,,,,,,,,,,,,,,,,,,,,,,,,,,,,,,,,,,,,,,,,
40,5,,,,,,,100,58,68,16,238.3,2730,10801,37,0,7.9,1.9;3.1;1.2;1.2;0.7;0.9;31.6;52.1;6.2;5.5;26.6;57.2;0.7;0.7;0.2;0.0;0.3;0.0;0.0;0.0;0.2;0.0;0.3;0.2,39.66,0.1,0.01,2.4,14.33,0.0,4003.0,5468.0,4,16,,,,,,,,,,,,,,,,,,,,,,,,,,,,,,,,,,,,,,,,,,,,,,,,,,,,,,,,,,,,,
40,6,,,,,,,100,73,68,18,238.8,2730,10801,37,0,8.3,2.4;5.2;3.6;2.2;0.5;1.2;34.5;45.9;3.6;4.1;33.9;53.5;0.7;0.5;0.2;0.3;0.3;0.7;0.9;0.2;0.3;0.3;2.4;0.7,39.67,0.1,0.01,0.04,14.33,0.0,585.0,1367.0,4,16,,,,,,,,,,,,,,,,,,,,,,,,,,,,,,,,,,,,,,,,,,,,,,,,,,,,,,,,,,,,,
40,7,,,,,,,100,63,69,16,235.6,2730,10801,37,0,8.0,1.2;4.4;1.9;1.7;0.7;1.2;33.3;40.8;4.8;5.3;38.6;53.7;0.9;1.0;0.2;0.2;0.3;0.5;0.2;0.0;0.0;0.3;0.0;0.2,39.65,0.1,0.0,0.05,14.33,0.0,341.0,1757.0,4,16,,,,,,,,,,,,,,,,,,,,,,,,,,,,,,,,,,,,,,,,,,,,,,,,,,,,,,,,,,,,,
40,8,,,,,,,98,78,68,22,239.8,2730,10801,38,0,8.2,1.6;4.6;3.1;1.6;2.1;1.7;40.4;29.9;5.2;6.4;38.9;55.9;0.5;0.9;0.2;0.2;0.0;0.3;0.5;0.0;0.0;0.5;1.0;0.9,39.67,0.1,0.0,0.02,14.33,0.0,48.0,1416.0,4,16,,,,,,,,,,,,,,,,,,,,,,,,,,,,,,,,,,,,,,,,,,,,,,,,,,,,,,,,,,,,,
40,9,,,,,,,98,81,67,17,234.1,2730,10801,37,0,8.3,2.4;3.6;2.2;2.2;1.2;1.4;40.1;42.2;4.7;4.8;38.9;49.2;1.2;0.9;0.3;0.0;0.5;0.2;0.3;0.3;0.5;0.5;0.5;0.3,39.67,0.1,0.0,0.03,14.33,0.0,341.0,1855.0,4,16,,,,,,,,,,,,,,,,,,,,,,,,,,,,,,,,,,,,,,,,,,,,,,,,,,,,,,,,,,,,,
40,10,,,,,,,98,81,67,18,237.8,2730,10801,37,0,7.9,1.4;4.6;2.4;2.4;1.2;0.3;46.8;35.7;2.6;5.5;39.0;46.3;0.7;0.3;0.0;0.0;0.0;0.0;0.0;0.0;0.0;0.3;0.3;0.5,39.66,0.1,0.0,0.02,14.33,0.0,1416.0,5566.0,4,16,,,,,,,,,,,,,,,,,,,,,,,,,,,,,,,,,,,,,,,,,,,,,,,,,,,,,,,,,,,,,
40,11,,,,,,,98,84,67,16,237.4,2730,10801,37,0,5.8,0.7;4.1;0.9;1.9;0.3;0.5;33.7;16.6;2.3;3.1;18.7;53.3;0.9;0.5;0.0;0.0;0.0;0.2;0.0;0.2;0.2;0.5;0.0;0.0,39.66,0.1,0.0,0.03,14.33,0.0,1220.0,3417.0,4,16,,,,,,,,,,,,,,,,,,,,,,,,,,,,,,,,,,,,,,,,,,,,,,,,,,,,,,,,,,,,,
40,12,,,,,,,100,76,70,15,235.2,2730,10801,37,0,5.5,0.3;4.8;1.0;1.0;0.7;1.3;69.5;13.1;1.0;1.3;21.7;16.7;0.0;0.0;0.0;0.0;0.0;0.0;0.0;0.0;0.0;0.0;0.0;0.0,39.65,0.1,0.0,0.03,14.33,0.0,976.0,146.0,4,16,,,,,,,,,,,,,,,,,,,,,,,,,,,,,,,,,,,,,,,,,,,,,,,,,,,,,,,,,,,,,
40,summary,0.4614081679656158,0.9642767440024687,0.4507780094707143,0.963521756811712,0.00100000,117.6,,,,,,,,,,,,,,,,,,,,,,40,94.33,100,31,67.75,84,64,67.42,70,14,17.0,22,147.9,229.47,239.8,2731.2,10801.0,37.1,0,5.5,9.1,25.5,39.65,39.68,39.75,63.16,0.1,0.1,0.1,23.18,0.0,0.0,0.01,0.02,0.75,2.46,11.006,15.4,14.33,14.33,14.33,15.992,0.0,0.0,0.0,48.0,1578.17,4003.0,146.0,2815.25,5566.0,4,4.0,4,16,16.0,16,4,16,2.67,93.4
41,1,,,,,,,100,73,66,19,141.6,2730,10801,37,0,25.6,28.5;29.4;35.7;35.7;29.3;29.2;62.7;62.7;32.4;32.8;73.0;56.9;15.0;15.9;5.8;7.1;10.4;11.4;3.4;4.8;8.7;9.4;7.1;8.2,39.75,0.1,0.01,0.07,14.33,0.0,1269.0,5371.0,4,16,,,,,,,,,,,,,,,,,,,,,,,,,,,,,,,,,,,,,,,,,,,,,,,,,,,,,,,,,,,,,
41,2,,,,,,,100,62,69,16,234.5,2730,10801,37,0,7.8,0.9;4.1;1.2;1.2;0.2;0.3;43.5;40.5;4.0;4.3;32.8;51.6;0.9;1.0;0.0;0.0;0.0;0.2;0.0;0.0;0.2;0.0;0.0;0.2,39.74,0.1,0.01,2.48,14.33,0.0,781.0,1708.0,4,16,,,,,,,,,,,,,,,,,,,,,,,,,,,,,,,,,,,,,,,,,,,,,,,,,,,,,,,,,,,,,
41,3,,,,,,,100,56,69,17,237.8,2730,10801,37,0,7.9,1.0;4.5;2.4;0.9;0.2;0.2;38.6;56.4;5.0;1.6;30.1;47.4;1.0;0.9;0.0;0.0;0.0;0.0;0.0;0.0;0.0;0.0;0.0;0.0,39.71,0.1,0.0,1.93,14.33,0.0,1220.0,5566.0,4,16,,,,,,,,,,,,,,,,,,,,,,,,,,,,,,,,,,,,,,,,,,,,,,,,,,,,,,,,,,,,,
41,4,,,,,,,100,57,70,15,237.3,2730,10801,37,0,8.5,2.1;4.3;3.1;2.1;1.6;1.0;36.6;49.0;5.5;4.0;38.5;46.3;1.7;0.7;0.2;0.4;0.7;0.7;0.2;0.2;1.6;2.1;0.0;0.2,39.7,0.1,0.01,1.59,14.33,0.0,732.0,1416.0,4,16,,,,,,,,,,,,,,,,,,,,,,,,,,,,,,,,,,,,,,,,,,,,,,,,,,,,,,,,,,,,,
41,5,,,,,,,100,51,69,14,237.3,2730,10801,37,0,8.5,2.1;4.6;2.8;2.1;0.7;0.9;56.5;36.8;7.1;4.2;31.3;51.2;0.7;1.2;0.0;0.0;0.2;0.4;0.0;0.0;0.2;0.7;0.7;0.3,39.68,0.1,0.0,2.42,14.33,0.0,1269.0,5419.0,4,16,,,,,,,,,,,,,,,,,,,,,,,,,,,,,,,,,,,,,,,,,,,,,,,,,,,,,,,,,,,,,
41,6,,,,,,,100,56,69,16,237.5,2730,10801,37,0,7.9,1.2;4.6;1.4;1.7;0.5;0.5;48.1;39.2;4.7;4.5;34.3;46.3;0.5;0.7;0.0;0.0;0.0;0.3;0.0;0.2;0.2;0.0;0.2;0.2,39.66,0.1,0.01,0.02,14.33,0.0,1464.0,1367.0,4,16,,,,,,,,,,,,,,,,,,,,,,,,,,,,,,,,,,,,,,,,,,,,,,,,,,,,,,,,,,,,,
41,7,,,,,,,100,69,67,14,235.7,2730,10801,37,0,7.8,1.2;4.4;2.1;1.0;0.2;0.3;43.1;47.5;5.2;4.5;35.1;40.8;1.0;0.5;0.0;0.0;0.3;0.0;0.2;0.2;0.0;0.0;0.0;0.0,39.64,0.1,0.01,0.03,14.33,0.0,292.0,97.0,4,16,,,,,,,,,,,,,,,,,,,,,,,,,,,,,,,,,,,,,,,,,,,,,,,,,,,,,,,,,,,,,
41,8,,,,,,,100,74,70,16,238.9,2730,10801,38,0,7.6,0.7;4.3;1.4;0.3;0.5;0.7;36.3;44.7;3.1;3.5;30.4;53.6;1.6;0.5;0.0;0.2;0.0;0.0;0.0;0.0;0.0;0.0;0.3;0.0,39.67,0.1,0.0,0.03,14.33,0.0,1171.0,244.0,4,16,,,,,,,,,,,,,,,,,,,,,,,,,,,,,,,,,,,,,,,,,,,,,,,,,,,,,,,,,,,,,
41,9,,,,,,,98,75,69,14,235.7,2730,10801,37,0,7.9,2.4;5.9;2.1;1.7;0.3;0.7;35.8;39.2;5.2;3.1;37.8;53.9;0.7;0.3;0.0;0.0;0.2;0.0;0.0;0.0;0.2;0.2;0.0;0.0,39.67,0.1,0.0,0.05,14.33,0.0,1123.0,2685.0,4,16,,,,,,,,,,,,,,,,,,,,,,,,,,,,,,,,,,,,,,,,,,,,,,,,,,,,,,,,,,,,,
41,10,,,,,,,98,81,70,21,239.5,2730,10801,37,0,7.9,1.4;2.4;2.2;2.1;0.7;0.5;38.3;47.7;4.8;2.6;33.1;53.5;0.2;0.7;0.0;0.0;0.0;0.0;0.0;0.0;0.2;0.0;0.0;0.0,39.67,0.1,0.01,0.06,14.33,0.0,2197.0,5566.0,4,16,,,,,,,,,,,,,,,,,,,,,,,,,,,,,,,,,,,,,,,,,,,,,,,,,,,,,,,,,,,,,
41,11,,,,,,,98,79,69,20,235.1,2730,10801,37,0,6.0,1.2;3.4;3.2;1.7;0.9;0.9;40.5;37.2;4.0;1.6;18.6;30.0;0.5;0.0;0.0;0.0;0.0;0.3;0.0;0.0;0.0;0.2;0.0;0.0,39.66,0.1,0.0,0.03,14.33,0.0,634.0,1513.0,4,16,,,,,,,,,,,,,,,,,,,,,,,,,,,,,,,,,,,,,,,,,,,,,,,,,,,,,,,,,,,,,
41,12,,,,,,,100,58,68,14,235.1,2730,10801,38,0,7.1,2.3;4.5;5.9;3.6;1.0;0.7;18.6;14.2;3.6;2.3;24.5;78.1;0.7;0.3;0.7;0.3;0.3;0.3;0.0;0.0;0.7;0.0;5.2;1.0,39.66,0.1,0.0,0.03,14.33,0.0,830.0,1367.0,4,16,,,,,,,,,,,,,,,,,,,,,,,,,,,,,,,,,,,,,,,,,,,,,,,,,,,,,,,,,,,,,
41,summary,0.459435236399773,0.9648723708099807,0.45060943442178286,0.9636030906872712,0.00100000,117.3,,,,,,,,,,,,,,,,,,,,,,98,99.5,100,51,65.92,81,66,68.75,70,14,16.33,21,141.6,228.83,239.5,2730.0,10801.0,37.2,0,6.0,9.21,25.6,39.64,39.68,39.75,63.16,0.1,0.1,0.1,23.18,0.0,0.01,0.01,0.02,0.73,2.48,11.006,15.4,14.33,14.33,14.33,15.992,0.0,0.0,0.0,292.0,1081.83,2197.0,97.0,2693.25,5566.0,4,4.0,4,16,16.0,16,4,16,2.47,93.4
42,1,,,,,,,100,60,67,17,115.2,2745,10801,37,0,25.7,28.1;29.4;35.0;34.1;28.4;29.2;65.6;66.4;31.5;30.0;56.2;68.1;16.3;17.8;5.9;5.8;11.4;11.7;4.3;4.8;8.7;9.1;8.1;9.0,39.73,0.1,0.0,0.05,14.33,0.0,2392.0,5517.0,4,16,,,,,,,,,,,,,,,,,,,,,,,,,,,,,,,,,,,,,,,,,,,,,,,,,,,,,,,,,,,,,
42,2,,,,,,,100,57,69,16,234.5,2730,10801,37,0,8.0,1.7;4.4;2.6;0.9;1.0;0.7;41.9;38.3;5.7;2.4;38.3;52.3;0.9;0.9;0.0;0.0;0.2;0.2;0.0;0.0;0.0;0.0;0.2;0.0,39.71,0.1,0.0,2.5,14.33,0.0,0.0,9765.0,4,16,,,,,,,,,,,,,,,,,,,,,,,,,,,,,,,,,,,,,,,,,,,,,,,,,,,,,,,,,,,,,
42,3,,,,,,,100,50,70,17,238.1,2730,10801,37,0,7.7,1.0;4.4;1.9;1.2;0.5;0.0;41.5;40.5;4.5;2.3;39.4;46.1;0.9;1.0;0.0;0.0;0.0;0.0;0.0;0.0;0.0;0.0;0.0;0.0,39.71,0.1,0.0,1.92,14.33,0.0,2294.0,5371.0,4,16,,,,,,,,,,,,,,,,,,,,,,,,,,,,,,,,,,,,,,,,,,,,,,,,,,,,,,,,,,,,,
42,4,,,,,,,100,53,70,16,236.4,2730,10801,37,0,7.8,1.6;2.6;2.8;2.9;1.0;1.2;52.2;29.1;3.8;1.7;46.6;39.2;0.5;0.7;0.0;0.0;0.2;0.0;0.7;0.2;0.0;0.0;0.2;0.2,39.68,0.1,0.0,1.58,14.33,0.0,830.0,1367.0,4,16,,,,,,,,,,,,,,,,,,,,,,,,,,,,,,,,,,,,,,,,,,,,,,,,,,,,,,,,,,,,,
42,5,,,,,,,100,59,70,15,236.4,2730,10801,37,0,7.9,1.0;5.1;1.4;1.2;0.5;0.0;42.2;32.3;5.4;2.6;38.6;55.9;0.9;0.7;0.2;0.2;0.0;0.0;0.2;0.3;0.3;0.3;0.2;0.0,39.67,0.1,0.01,2.4,14.33,0.0,1806.0,5419.0,4,16,,,,,,,,,,,,,,,,,,,,,,,,,,,,,,,,,,,,,,,,,,,,,,,,,,,,,,,,,,,,,
42,6,,,,,,,100,73,70,14,238.0,2730,10801,37,0,7.7,0.7;4.6;1.4;0.9;1.2;0.3;36.2;41.9;4.9;2.1;30.9;56.7;1.0;1.2;0.0;0.0;0.2;0.0;0.2;0.0;0.0;0.3;0.3;0.0,39.68,0.1,0.0,0.03,14.33,0.0,1416.0,1464.0,4,16,,,,,,,,,,,,,,,,,,,,,,,,,,,,,,,,,,,,,,,,,,,,,,,,,,,,,,,,,,,,,
42,7,,,,,,,98,77,69,16,236.1,2730,10801,37,0,8.1,1.4;3.6;2.1;2.4;0.9;1.2;29.1;51.6;6.0;4.3;34.6;52.2;0.7;0.5;0.0;0.0;0.0;0.2;0.2;0.2;0.3;0.5;0.5;0.7,39.64,0.1,0.0,0.04,14.33,0.0,1074.0,0.0,4,16,,,,,,,,,,,,,,,,,,,,,,,,,,,,,,,,,,,,,,,,,,,,,,,,,,,,,,,,,,,,,
42,8,,,,,,,98,76,69,16,239.8,2730,10801,37,0,8.0,1.2;3.9;1.6;2.2;2.1;0.9;35.4;50.9;4.3;3.8;43.2;38.8;0.9;0.2;0.0;0.0;0.3;0.2;0.0;0.2;0.3;0.0;0.2;0.0,39.65,0.1,0.0,0.01,14.33,0.0,1416.0,1367.0,4,16,,,,,,,,,,,,,,,,,,,,,,,,,,,,,,,,,,,,,,,,,,,,,,,,,,,,,,,,,,,,,
42,9,,,,,,,98,78,69,15,235.5,2730,10801,37,0,7.9,1.0;4.3;2.8;2.2;0.5;0.3;56.8;32.8;4.8;3.5;26.3;52.9;0.5;0.5;0.2;0.2;0.2;0.0;0.0;0.0;0.0;0.3;0.0;0.0,39.67,0.1,0.0,0.05,14.33,0.0,1416.0,97.0,4,16,,,,,,,,,,,,,,,,,,,,,,,,,,,,,,,,,,,,,,,,,,,,,,,,,,,,,,,,,,,,,
42,10,,,,,,,98,80,69,14,239.0,2730,10801,37,0,7.8,0.7;3.4;2.9;2.6;0.9;0.5;53.0;47.0;4.3;2.8;21.4;44.6;0.3;0.5;0.0;0.0;0.2;0.2;0.0;0.0;0.0;0.0;0.0;0.0,39.68,0.1,0.0,0.04,14.33,0.0,1171.0,5419.0,4,16,,,,,,,,,,,,,,,,,,,,,,,,,,,,,,,,,,,,,,,,,,,,,,,,,,,,,,,,,,,,,
42,11,,,,,,,98,77,67,16,236.4,2730,10801,37,0,6.2,1.6;5.1;2.1;1.2;0.3;0.2;25.4;44.2;4.2;2.6;29.6;27.3;0.7;0.3;0.3;0.0;0.7;0.5;0.0;0.5;0.2;0.3;0.7;0.3,39.67,0.1,0.0,0.08,14.33,0.0,9179.0,1513.0,4,16,,,,,,,,,,,,,,,,,,,,,,,,,,,,,,,,,,,,,,,,,,,,,,,,,,,,,,,,,,,,,
42,12,,,,,,,100,82,68,20,236.9,2730,10801,37,0,6.2,2.6;7.0;2.6;2.6;0.3;0.7;8.9;23.5;2.3;2.3;65.2;28.0;0.3;0.7;0.0;0.0;0.0;0.0;0.0;0.0;0.0;0.7;0.7;0.3,39.66,0.1,0.0,0.02,14.33,0.0,634.0,1660.0,4,16,,,,,,,,,,,,,,,,,,,,,,,,,,,,,,,,,,,,,,,,,,,,,,,,,,,,,,,,,,,,,
42,summary,0.46030480743296315,0.9642910964556617,0.44993758361579056,0.9637657584383896,0.00100000,117.4,,,,,,,,,,,,,,,,,,,,,,98,99.17,100,50,68.5,82,67,68.92,70,14,16.0,20,115.2,226.86,239.8,2731.2,10801.0,37.0,0,6.2,9.08,25.7,39.64,39.68,39.73,63.16,0.1,0.1,0.1,23.18,0.0,0.0,0.01,0.01,0.73,2.5,11.006,15.4,14.33,14.33,14.33,15.992,0.0,0.0,0.0,0.0,1969.0,9179.0,0.0,3246.58,9765.0,4,4.0,4,16,16.0,16,4,16,2.61,93.41
43,1,,,,,,,99,83,68,17,123.1,2745,10801,37,0,25.6,26.7;30.3;34.1;34.7;31.3;31.2;62.7;63.6;34.2;35.7;58.8;71.2;15.8;17.1;4.5;4.3;9.9;11.1;2.8;3.3;7.5;8.3;7.1;6.8,39.75,0.1,0.0,0.03,14.33,0.0,2734.0,8740.0,4,16,,,,,,,,,,,,,,,,,,,,,,,,,,,,,,,,,,,,,,,,,,,,,,,,,,,,,,,,,,,,,
43,2,,,,,,,100,79,69,17,236.0,2730,10801,37,0,8.6,1.6;6.6;2.8;2.9;1.0;1.7;56.2;37.1;6.4;3.8;42.6;37.6;0.3;1.4;0.3;0.0;0.7;0.3;0.2;0.0;0.2;1.0;0.3;0.3,39.72,0.1,0.0,2.49,14.33,0.0,1416.0,3369.0,4,16,,,,,,,,,,,,,,,,,,,,,,,,,,,,,,,,,,,,,,,,,,,,,,,,,,,,,,,,,,,,,
43,3,,,,,,,100,70,68,17,237.6,2730,10801,37,0,8.3,1.7;3.8;2.6;2.1;1.0;1.4;50.3;39.0;3.6;4.8;40.2;42.6;1.4;0.5;0.3;0.3;0.3;0.3;0.2;0.3;0.2;0.7;0.2;0.3,39.7,0.1,0.0,1.91,14.33,0.0,2587.0,5615.0,4,16,,,,,,,,,,,,,,,,,,,,,,,,,,,,,,,,,,,,,,,,,,,,,,,,,,,,,,,,,,,,,
43,4,,,,,,,100,63,68,21,236.9,2730,10801,37,0,8.4,1.6;6.1;2.9;2.6;0.9;1.6;41.9;44.9;5.5;3.3;47.2;39.5;0.9;0.3;0.2;0.0;0.5;0.3;0.0;0.0;0.9;0.7;0.3;0.0,39.69,0.1,0.0,1.59,14.33,0.0,1464.0,0.0,4,16,,,,,,,,,,,,,,,,,,,,,,,,,,,,,,,,,,,,,,,,,,,,,,,,,,,,,,,,,,,,,
43,5,,,,,,,100,54,68,20,236.4,2730,10801,37,0,8.2,1.4;5.2;2.1;2.6;1.2;1.2;54.2;40.0;5.2;3.8;34.4;41.9;1.0;0.9;0.0;0.3;0.2;0.3;0.2;0.2;0.0;0.3;0.2;0.2,39.69,0.1,0.0,2.39,14.33,0.0,1806.0,5419.0,4,16,,,,,,,,,,,,,,,,,,,,,,,,,,,,,,,,,,,,,,,,,,,,,,,,,,,,,,,,,,,,,
43,6,,,,,,,100,50,68,15,239.0,2730,10801,37,0,8.2,2.1;3.9;1.7;2.1;1.0;1.2;60.4;29.6;4.0;4.5;30.2;52.8;0.9;0.7;0.0;0.0;0.0;0.2;0.0;0.0;0.0;0.0;0.3;0.3,39.68,0.1,0.0,0.04,14.33,0.0,488.0,1416.0,4,16,,,,,,,,,,,,,,,,,,,,,,,,,,,,,,,,,,,,,,,,,,,,,,,,,,,,,,,,,,,,,
43,7,,,,,,,100,63,67,15,235.9,2730,10801,37,0,7.7,1.0;5.7;1.2;0.9;0.7;1.2;58.7;33.9;2.6;4.2;41.0;32.7;0.3;0.0;0.0;0.0;0.2;0.2;0.0;0.0;0.0;0.0;0.0;0.2,39.67,0.1,0.01,0.03,14.33,0.0,341.0,1708.0,4,16,,,,,,,,,,,,,,,,,,,,,,,,,,,,,,,,,,,,,,,,,,,,,,,,,,,,,,,,,,,,,
43,8,,,,,,,100,70,68,16,238.7,2730,10801,38,0,7.9,0.9;4.1;0.7;1.0;0.5;0.7;48.4;26.7;6.9;4.7;51.1;41.5;0.9;0.5;0.0;0.3;0.0;0.0;0.3;0.0;0.2;0.2;0.2;0.2,39.67,0.1,0.0,0.02,14.33,0.0,1416.0,1367.0,4,16,,,,,,,,,,,,,,,,,,,,,,,,,,,,,,,,,,,,,,,,,,,,,,,,,,,,,,,,,,,,,
43,9,,,,,,,98,80,68,16,235.1,2730,10801,38,0,7.8,1.2;2.7;2.2;1.4;0.7;0.5;46.1;33.6;2.9;5.7;37.0;51.0;0.5;0.3;0.0;0.0;0.0;0.0;0.0;0.0;0.0;0.0;0.0;0.2,39.67,0.1,0.0,0.04,14.33,0.0,341.0,3320.0,4,16,,,,,,,,,,,,,,,,,,,,,,,,,,,,,,,,,,,,,,,,,,,,,,,,,,,,,,,,,,,,,
43,10,,,,,,,98,84,70,16,238.7,2730,10801,38,0,7.7,1.0;4.7;1.9;1.5;0.5;0.9;50.8;31.9;2.6;4.1;34.7;48.3;0.2;0.3;0.0;0.0;0.0;0.0;0.0;0.0;0.3;0.3;0.0;0.0,39.67,0.1,0.0,0.03,14.33,0.0,1708.0,5419.0,4,16,,,,,,,,,,,,,,,,,,,,,,,,,,,,,,,,,,,,,,,,,,,,,,,,,,,,,,,,,,,,,
43,11,,,,,,,100,77,67,22,236.0,2730,10801,38,0,6.0,0.7;4.4;2.2;2.1;0.2;0.5;19.8;42.0;3.3;4.0;45.3;17.9;0.5;0.3;0.0;0.0;0.0;0.0;0.2;0.3;0.5;0.3;0.0;0.0,39.66,0.1,0.0,0.02,14.33,0.0,341.0,1660.0,4,16,,,,,,,,,,,,,,,,,,,,,,,,,,,,,,,,,,,,,,,,,,,,,,,,,,,,,,,,,,,,,
43,12,,,,,,,100,50,71,15,234.7,2730,10801,38,0,5.8,0.3;3.9;1.6;1.0;0.3;0.3;9.5;71.1;1.7;4.3;31.2;12.2;1.0;0.0;0.0;0.0;0.0;0.0;0.0;0.0;0.0;0.0;0.0;0.0,39.67,0.1,0.0,0.03,14.33,0.0,781.0,0.0,4,16,,,,,,,,,,,,,,,,,,,,,,,,,,,,,,,,,,,,,,,,,,,,,,,,,,,,,,,,,,,,,
43,summary,0.45909217650573364,0.9641762768301172,0.4500691086332601,0.9643757625050834,0.00100000,117.5,,,,,,,,,,,,,,,,,,,,,,98,99.58,100,50,68.58,84,67,68.33,71,15,17.25,22,123.1,227.34,239.0,2731.2,10801.0,37.4,0,5.8,9.18,25.6,39.66,39.69,39.75,63.16,0.1,0.1,0.1,23.18,0.0,0.0,0.01,0.02,0.72,2.49,11.006,15.4,14.33,14.33,14.33,15.992,0.0,0.0,0.0,341.0,1285.25,2734.0,0.0,3169.42,8740.0,4,4.0,4,16,16.0,16,4,16,2.72,93.4
44,1,,,,,,,0,0,57,20,143.7,2745,10801,37,0,25.5,27.5;29.4;33.8;33.6;31.1;31.3;65.4;60.2;28.3;30.5;62.0;69.8;15.0;15.2;6.2;6.4;10.2;10.6;4.4;4.9;9.8;9.8;8.5;8.7,39.76,0.1,0.0,0.06,14.33,0.0,1269.0,5566.0,4,16,,,,,,,,,,,,,,,,,,,,,,,,,,,,,,,,,,,,,,,,,,,,,,,,,,,,,,,,,,,,,
44,2,,,,,,,100,84,62,16,235.3,2730,10801,37,0,7.7,1.9;3.1;2.4;0.9;0.2;0.0;48.1;31.5;3.8;4.5;32.1;54.3;0.7;0.2;0.0;0.0;0.0;0.0;0.0;0.2;0.0;0.0;0.0;0.0,39.73,0.1,0.01,2.48,14.33,0.0,244.0,1367.0,4,16,,,,,,,,,,,,,,,,,,,,,,,,,,,,,,,,,,,,,,,,,,,,,,,,,,,,,,,,,,,,,
44,3,,,,,,,100,74,67,17,237.2,2730,10801,37,0,7.8,0.9;1.9;1.7;1.7;0.9;0.5;53.2;37.5;5.0;2.9;35.3;45.1;1.0;0.5;0.0;0.0;0.0;0.0;0.0;0.0;0.0;0.0;0.0;0.0,39.72,0.1,0.0,1.91,14.33,0.0,1464.0,5566.0,4,16,,,,,,,,,,,,,,,,,,,,,,,,,,,,,,,,,,,,,,,,,,,,,,,,,,,,,,,,,,,,,
44,4,,,,,,,100,57,69,14,236.8,2730,10801,38,0,7.8,1.2;3.3;2.6;1.4;0.3;0.3;48.3;34.3;4.3;4.5;51.8;31.4;1.0;1.2;0.0;0.0;0.0;0.0;0.0;0.2;0.0;0.0;0.0;0.0,39.68,0.1,0.0,1.63,14.33,0.0,781.0,97.0,4,16,,,,,,,,,,,,,,,,,,,,,,,,,,,,,,,,,,,,,,,,,,,,,,,,,,,,,,,,,,,,,
44,5,,,,,,,100,48,69,16,236.6,2730,10801,37,0,8.1,1.0;2.4;2.8;2.6;1.2;1.2;38.4;37.2;5.0;4.1;54.0;41.6;0.9;0.5;0.3;0.0;0.2;0.0;0.2;0.0;0.2;0.2;0.0;0.2,39.67,0.1,0.01,2.41,14.33,0.0,1708.0,5419.0,4,16,,,,,,,,,,,,,,,,,,,,,,,,,,,,,,,,,,,,,,,,,,,,,,,,,,,,,,,,,,,,,
44,6,,,,,,,100,56,68,16,238.1,2730,10801,37,0,7.8,0.9;4.1;2.1;1.0;0.5;0.3;32.9;34.7;4.5;3.5;52.1;48.6;0.7;0.2;0.0;0.0;0.0;0.0;0.0;0.0;0.0;0.3;0.2;0.0,39.69,0.1,0.0,0.08,14.33,0.0,17724.0,15478.0,4,16,,,,,,,,,,,,,,,,,,,,,,,,,,,,,,,,,,,,,,,,,,,,,,,,,,,,,,,,,,,,,
44,7,,,,,,,100,71,68,21,235.9,2730,10801,37,0,8.4,2.2;4.9;2.1;3.4;1.0;1.7;50.9;43.3;5.0;3.8;32.0;42.0;1.4;1.6;0.3;0.2;0.5;1.0;0.0;0.9;0.5;1.0;0.2;0.7,39.68,0.1,0.0,0.05,14.33,0.0,21923.0,16552.0,4,16,,,,,,,,,,,,,,,,,,,,,,,,,,,,,,,,,,,,,,,,,,,,,,,,,,,,,,,,,,,,,
44,8,,,,,,,100,72,71,21,239.1,2730,10801,37,0,7.8,0.9;3.9;2.3;1.2;0.3;0.7;58.4;49.4;5.4;3.3;38.2;22.0;0.7;0.5;0.0;0.0;0.0;0.2;0.0;0.0;0.0;0.2;0.3;0.0,39.68,0.1,0.01,0.04,14.33,0.0,8593.0,114648.0,4,16,,,,,,,,,,,,,,,,,,,,,,,,,,,,,,,,,,,,,,,,,,,,,,,,,,,,,,,,,,,,,
44,9,,,,,,,98,77,69,19,235.5,2730,10801,38,0,8.1,1.4;5.1;2.2;2.6;0.7;0.9;52.2;45.2;4.0;2.9;37.1;36.1;0.5;0.7;0.0;0.0;0.2;0.2;0.0;0.0;0.3;0.0;0.2;0.2,39.68,0.1,0.0,0.02,14.33,0.0,6689.0,114990.0,4,16,,,,,,,,,,,,,,,,,,,,,,,,,,,,,,,,,,,,,,,,,,,,,,,,,,,,,,,,,,,,,
44,10,,,,,,,98,84,70,18,238.8,2730,10801,37,0,8.2,2.1;4.4;2.4;1.6;1.4;1.4;43.9;44.0;5.0;2.8;33.1;52.0;1.4;1.0;0.0;0.0;0.3;0.2;0.0;0.0;0.0;0.3;0.3;0.2,39.69,0.1,0.0,0.03,14.33,0.0,6640.0,104980.0,4,16,,,,,,,,,,,,,,,,,,,,,,,,,,,,,,,,,,,,,,,,,,,,,,,,,,,,,,,,,,,,,
44,11,,,,,,,99,84,68,16,234.9,2730,10801,38,0,6.3,1.4;3.9;2.1;3.1;1.0;0.9;31.2;38.1;3.1;4.5;29.4;29.2;1.0;0.7;0.0;0.0;0.0;0.2;0.2;0.0;0.2;0.3;0.0;0.2,39.69,0.1,0.0,0.05,14.33,0.0,292.0,24023.0,4,16,,,,,,,,,,,,,,,,,,,,,,,,,,,,,,,,,,,,,,,,,,,,,,,,,,,,,,,,,,,,,
44,12,,,,,,,100,56,68,14,236.7,2730,10801,38,0,5.6,0.0;4.2;2.0;0.3;0.7;0.3;62.6;12.2;2.0;2.6;32.6;15.1;0.3;0.3;0.0;0.0;0.0;0.0;0.0;0.0;0.0;0.0;0.0;0.0,39.69,0.1,0.0,0.04,14.33,0.0,292.0,1904.0,4,16,,,,,,,,,,,,,,,,,,,,,,,,,,,,,,,,,,,,,,,,,,,,,,,,,,,,,,,,,,,,,
44,summary,0.45848480929949326,0.9649082519429634,0.45069601510103374,0.964213094753965,0.00100000,117.3,,,,,,,,,,,,,,,,,,,,,,0,91.25,100,0,63.58,84,57,67.17,71,14,17.33,21,143.7,229.05,239.1,2731.2,10801.0,37.3,0,5.6,9.09,25.5,39.67,39.7,39.76,63.16,0.1,0.1,0.1,23.18,0.0,0.0,0.01,0.02,0.73,2.48,11.006,15.4,14.33,14.33,14.33,15.992,0.0,0.0,0.0,244.0,5634.92,21923.0,97.0,34215.83,114990.0,4,4.0,4,16,16.0,16,4,16,2.53,93.41
