epoch,sample_point,train_loss,train_acc,val_loss,val_acc,lr,epoch_time_s,cuda_util_pct,cuda_mem_util_pct,gpu_temp_c,gpu_temp_tlimit_c,gpu_power_w,gpu_clock_sm_mhz,gpu_clock_mem_mhz,gpu_fan_pct,gpu_throttled,cpu_pct,cpu_pct_per_core,ram_used_gb,swap_used_gb,disk_read_mb_s,disk_write_mb_s,nvsmi_vram_used_gb,vram_other_processes_gb,pcie_tx_kb_s,pcie_rx_kb_s,pcie_link_gen_current,pcie_link_width_current,cuda_util_pct_min,cuda_util_pct_avg,cuda_util_pct_max,cuda_mem_util_pct_min,cuda_mem_util_pct_avg,cuda_mem_util_pct_max,gpu_temp_c_min,gpu_temp_c_avg,gpu_temp_c_max,gpu_temp_tlimit_c_min,gpu_temp_tlimit_c_avg,gpu_temp_tlimit_c_max,gpu_power_w_min,gpu_power_w_avg,gpu_power_w_max,gpu_clock_sm_mhz_avg,gpu_clock_mem_mhz_avg,gpu_fan_pct_avg,gpu_throttled_any,cpu_pct_min,cpu_pct_avg,cpu_pct_max,ram_used_gb_min,ram_used_gb_avg,ram_used_gb_max,ram_total_gb,swap_used_gb_min,swap_used_gb_avg,swap_used_gb_max,swap_total_gb,disk_read_mb_s_min,disk_read_mb_s_avg,disk_read_mb_s_max,disk_write_mb_s_min,disk_write_mb_s_avg,disk_write_mb_s_max,vram_peak_alloc_gb,vram_peak_reserved_gb,nvsmi_vram_used_gb_min,nvsmi_vram_used_gb_avg,nvsmi_vram_used_gb_max,nvsmi_vram_total_gb,vram_other_processes_gb_min,vram_other_processes_gb_avg,vram_other_processes_gb_max,pcie_tx_kb_s_min,pcie_tx_kb_s_avg,pcie_tx_kb_s_max,pcie_rx_kb_s_min,pcie_rx_kb_s_avg,pcie_rx_kb_s_max,pcie_link_gen_current_min,pcie_link_gen_current_avg,pcie_link_gen_current_max,pcie_link_width_current_min,pcie_link_width_current_avg,pcie_link_width_current_max,pcie_link_gen_max,pcie_link_width_max,data_wait_s,compute_s
1,1,,,,,,,100,49,57,27,58.6,2745,10801,30,0,13.6,7.4;5.5;10.5;14.9;6.6;8.1;38.5;52.0;15.9;31.5;65.0;29.0;4.7;4.4;2.5;3.0;3.9;3.9;2.6;2.4;3.5;3.6;3.1;3.4,37.66,0.09,0.03,0.68,15.05,0.644,10302.0,2099.0,4,16,,,,,,,,,,,,,,,,,,,,,,,,,,,,,,,,,,,,,,,,,,,,,,,,,,,,,,,,,,,,,
1,2,,,,,,,98,70,61,20,235.9,2745,10801,31,0,17.3,6.8;3.1;19.3;14.3;5.2;6.2;72.0;80.7;45.3;37.0;79.2;31.1;2.1;3.1;1.0;0.5;1.6;1.2;0.5;0.6;1.0;1.9;1.1;0.7,38.68,0.09,0.0,0.09,15.054,0.648,683.0,2050.0,4,16,,,,,,,,,,,,,,,,,,,,,,,,,,,,,,,,,,,,,,,,,,,,,,,,,,,,,,,,,,,,,
1,3,,,,,,,100,83,64,18,238.7,2745,10801,32,0,10.1,3.9;0.2;3.1;3.4;1.1;1.5;46.3;56.0;11.0;13.1;94.0;6.7;0.2;0.1;0.0;0.0;0.1;0.1;0.4;0.0;0.0;0.0;0.0;0.4,38.66,0.09,0.0,0.04,15.054,0.648,1562.0,195.0,4,16,,,,,,,,,,,,,,,,,,,,,,,,,,,,,,,,,,,,,,,,,,,,,,,,,,,,,,,,,,,,,
1,4,,,,,,,100,61,67,18,209.7,2745,10801,32,0,11.7,4.5;1.1;9.2;2.3;2.3;4.6;14.9;83.9;14.8;31.0;100.0;0.0;2.3;0.0;0.0;0.0;2.3;0.0;1.1;0.0;3.4;0.0;0.0;0.0,38.72,0.09,0.0,0.09,15.054,0.648,927.0,390.0,4,16,,,,,,,,,,,,,,,,,,,,,,,,,,,,,,,,,,,,,,,,,,,,,,,,,,,,,,,,,,,,,
1,summary,2.179246406564379,0.4915294337390655,0.7136871720430346,0.9448188265180115,0.00100000,95.6,,,,,,,,,,,,,,,,,,,,,,98,99.5,100,49,65.75,83,57,62.25,67,18,20.75,27,58.6,185.72,238.7,2745.0,10801.0,31.2,0,10.1,13.18,17.3,37.66,38.43,38.72,63.16,0.09,0.09,0.09,22.07,0.0,0.01,0.03,0.04,0.23,0.68,11.388,14.406,15.05,15.05,15.054,15.992,0.644,0.65,0.648,683.0,3368.5,10302.0,195.0,1183.5,2099.0,4,4.0,4,16,16.0,16,4,16,48.79,26.72
2,1,,,,,,,100,49,66,21,101.5,2730,10801,33,0,34.5,32.5;31.5;41.1;41.8;35.5;39.1;74.0;66.9;49.2;50.5;72.7;66.9;25.8;26.4;12.1;15.0;23.4;24.2;9.9;12.7;20.0;21.6;18.6;17.0,38.82,0.08,0.08,0.26,14.821,0.415,1562.0,2197.0,4,16,,,,,,,,,,,,,,,,,,,,,,,,,,,,,,,,,,,,,,,,,,,,,,,,,,,,,,,,,,,,,
2,2,,,,,,,100,72,69,17,240.8,2730,10801,34,0,17.9,7.5;3.5;22.1;13.5;6.3;6.8;69.4;53.8;40.3;40.3;74.5;69.7;3.1;3.3;1.1;1.0;2.1;1.6;0.7;0.9;1.9;1.4;1.7;2.0,38.84,0.08,0.0,3.68,14.821,0.415,1757.0,2099.0,4,16,,,,,,,,,,,,,,,,,,,,,,,,,,,,,,,,,,,,,,,,,,,,,,,,,,,,,,,,,,,,,
2,3,,,,,,,98,69,69,18,239.4,2730,10801,35,0,10.4,3.7;1.4;4.2;2.7;2.2;1.0;47.2;55.0;16.9;10.3;89.9;10.7;0.7;0.4;0.1;0.2;0.5;0.4;0.0;0.2;0.1;0.1;0.2;1.4,38.79,0.08,0.01,2.53,14.821,0.415,537.0,2587.0,4,16,,,,,,,,,,,,,,,,,,,,,,,,,,,,,,,,,,,,,,,,,,,,,,,,,,,,,,,,,,,,,
2,4,,,,,,,100,80,67,18,213.0,2730,10801,35,0,12.1,5.6;0.0;13.6;12.5;10.2;9.0;47.7;50.0;14.8;23.9;100.0;1.1;1.1;0.0;0.0;0.0;1.1;0.0;0.0;0.0;0.0;0.0;0.0;0.0,38.82,0.08,0.03,1.67,14.823,0.417,63134.0,7910.0,4,16,,,,,,,,,,,,,,,,,,,,,,,,,,,,,,,,,,,,,,,,,,,,,,,,,,,,,,,,,,,,,
2,summary,0.779392872717499,0.9059054260187405,0.4530940202782091,0.979007162262287,0.00100000,48.9,,,,,,,,,,,,,,,,,,,,,,98,99.5,100,49,67.5,80,66,67.75,69,17,18.5,21,101.5,198.68,240.8,2730.0,10801.0,34.2,0,10.4,18.73,34.5,38.79,38.82,38.84,63.16,0.08,0.08,0.08,22.07,0.0,0.03,0.08,0.26,2.04,3.68,11.388,14.406,14.821,14.82,14.823,15.992,0.415,0.42,0.417,537.0,16747.5,63134.0,2099.0,3698.25,7910.0,4,4.0,4,16,16.0,16,4,16,2.2,26.47
3,1,,,,,,,100,79,65,20,124.7,2730,10801,35,0,33.2,31.8;30.1;38.4;42.7;34.6;35.2;65.3;75.8;45.2;48.1;76.3;68.8;23.8;24.1;11.9;13.1;20.3;20.7;8.3;10.8;18.9;19.9;17.5;16.2,38.71,0.08,0.01,1.54,14.821,0.415,1562.0,2099.0,4,16,,,,,,,,,,,,,,,,,,,,,,,,,,,,,,,,,,,,,,,,,,,,,,,,,,,,,,,,,,,,,
3,2,,,,,,,100,57,69,18,241.6,2730,10801,36,0,18.7,7.6;6.1;24.0;13.9;8.8;7.5;54.1;86.3;42.9;34.2;69.6;55.1;4.0;4.0;3.0;2.9;2.9;3.2;2.2;2.6;3.0;3.5;3.2;4.1,38.79,0.08,0.01,3.63,14.821,0.415,1562.0,1953.0,4,16,,,,,,,,,,,,,,,,,,,,,,,,,,,,,,,,,,,,,,,,,,,,,,,,,,,,,,,,,,,,,
3,3,,,,,,,100,54,70,17,243.1,2730,10801,36,0,11.1,5.8;1.4;5.7;5.0;2.9;2.9;25.6;77.7;10.3;17.9;90.6;12.0;1.4;1.4;0.6;0.5;0.6;0.5;0.0;0.1;0.5;0.6;0.7;1.4,38.78,0.08,0.07,2.37,14.821,0.415,25390.0,195.0,4,16,,,,,,,,,,,,,,,,,,,,,,,,,,,,,,,,,,,,,,,,,,,,,,,,,,,,,,,,,,,,,
3,4,,,,,,,98,74,69,15,230.0,2730,10801,36,0,11.2,9.0;1.2;5.7;2.3;1.2;2.3;73.6;28.7;12.6;27.9;100.0;1.2;0.0;0.0;0.0;0.0;1.2;0.0;0.0;0.0;0.0;0.0;0.0;0.0,38.8,0.08,0.01,1.57,14.823,0.417,732.0,2001.0,4,16,,,,,,,,,,,,,,,,,,,,,,,,,,,,,,,,,,,,,,,,,,,,,,,,,,,,,,,,,,,,,
3,summary,0.5888326049322313,0.9459764032001993,0.44518800805822384,0.9831351656493666,0.00100000,48.6,,,,,,,,,,,,,,,,,,,,,,98,99.5,100,54,66.0,79,65,68.25,70,15,17.5,20,124.7,209.85,243.1,2730.0,10801.0,35.8,0,11.1,18.55,33.2,38.71,38.77,38.8,63.16,0.08,0.08,0.08,22.07,0.01,0.03,0.07,1.54,2.28,3.63,11.388,14.406,14.821,14.82,14.823,15.992,0.415,0.42,0.417,732.0,7311.5,25390.0,195.0,1562.0,2099.0,4,4.0,4,16,16.0,16,4,16,2.06,26.48
4,1,,,,,,,100,53,66,17,113.6,2730,10801,36,0,33.4,32.1;29.9;41.5;42.0;35.9;34.6;77.7;69.0;47.2;44.4;95.6;43.3;24.9;25.1;10.4;12.4;22.2;22.2;9.4;9.6;20.0;19.5;16.6;15.7,38.68,0.08,0.01,1.65,14.821,0.415,48.0,2050.0,4,16,,,,,,,,,,,,,,,,,,,,,,,,,,,,,,,,,,,,,,,,,,,,,,,,,,,,,,,,,,,,,
4,2,,,,,,,100,82,70,16,243.5,2730,10801,36,0,18.0,6.9;4.6;19.8;12.0;6.7;4.5;83.6;63.4;41.2;39.1;86.6;33.0;3.2;3.5;1.7;2.4;3.0;2.9;1.9;2.0;2.9;2.7;2.6;2.4,38.83,0.08,0.0,3.6,14.821,0.415,488.0,2050.0,4,16,,,,,,,,,,,,,,,,,,,,,,,,,,,,,,,,,,,,,,,,,,,,,,,,,,,,,,,,,,,,,
4,3,,,,,,,98,79,68,15,240.6,2730,10801,37,0,10.8,3.6;1.1;4.1;4.3;2.7;1.7;42.1;60.3;19.3;10.0;59.7;42.4;1.4;1.0;0.2;0.5;0.5;0.2;0.2;0.6;0.7;0.6;0.4;1.6,38.8,0.08,0.0,2.36,14.821,0.415,18261.0,101074.0,4,16,,,,,,,,,,,,,,,,,,,,,,,,,,,,,,,,,,,,,,,,,,,,,,,,,,,,,,,,,,,,,
4,4,,,,,,,100,73,67,14,213.8,2730,10801,37,0,10.5,4.5;0.0;2.3;7.0;2.3;1.2;95.4;2.3;26.7;9.3;64.0;34.9;0.0;0.0;0.0;0.0;0.0;0.0;0.0;0.0;0.0;0.0;0.0;2.3,38.83,0.08,0.0,1.5,14.823,0.417,1074.0,2294.0,4,16,,,,,,,,,,,,,,,,,,,,,,,,,,,,,,,,,,,,,,,,,,,,,,,,,,,,,,,,,,,,,
4,summary,0.5416038833337521,0.9584596706409737,0.4393996282803694,0.9846170130190876,0.00100000,49.0,,,,,,,,,,,,,,,,,,,,,,98,99.5,100,53,71.75,82,66,67.75,70,14,15.5,17,113.6,202.88,243.5,2730.0,10801.0,36.5,0,10.5,18.18,33.4,38.68,38.78,38.83,63.16,0.08,0.08,0.08,22.07,0.0,0.0,0.01,1.5,2.28,3.6,11.388,14.406,14.821,14.82,14.823,15.992,0.415,0.42,0.417,48.0,4967.75,18261.0,2050.0,26867.0,101074.0,4,4.0,4,16,16.0,16,4,16,2.08,26.48
5,1,,,,,,,46,37,62,22,76.4,1815,10801,37,0,33.4,32.4;30.6;41.3;38.7;33.2;34.9;69.3;76.2;50.3;46.0;95.0;41.2;24.0;26.0;11.7;13.6;22.7;23.9;8.8;9.7;19.2;19.3;16.9;15.8,38.81,0.08,0.01,1.62,14.821,0.415,9130.0,5371.0,4,16,,,,,,,,,,,,,,,,,,,,,,,,,,,,,,,,,,,,,,,,,,,,,,,,,,,,,,,,,,,,,
5,2,,,,,,,100,84,69,17,242.5,2730,10801,37,0,17.3,6.1;3.6;13.2;17.1;5.1;6.7;61.1;60.3;23.0;58.4;87.4;56.1;2.5;3.3;0.9;1.0;1.4;1.5;1.5;1.0;1.1;1.4;1.4;1.2,38.83,0.08,0.05,3.69,14.821,0.415,14257.0,15283.0,4,16,,,,,,,,,,,,,,,,,,,,,,,,,,,,,,,,,,,,,,,,,,,,,,,,,,,,,,,,,,,,,
5,3,,,,,,,100,81,70,20,243.2,2730,10801,37,0,10.5,4.9;1.1;4.3;5.0;1.2;2.4;45.4;56.0;9.2;16.9;99.4;1.1;0.9;0.6;0.2;0.2;0.4;0.5;0.2;0.5;0.2;0.2;0.2;0.7,38.79,0.08,0.2,3.77,14.821,0.415,1562.0,0.0,4,16,,,,,,,,,,,,,,,,,,,,,,,,,,,,,,,,,,,,,,,,,,,,,,,,,,,,,,,,,,,,,
5,4,,,,,,,100,47,71,13,216.2,2730,10801,37,0,10.9,3.5;0.0;10.3;5.8;2.3;1.2;79.1;17.4;18.6;23.3;96.5;2.3;0.0;1.2;0.0;0.0;0.0;0.0;0.0;0.0;0.0;0.0;0.0;0.0,38.83,0.08,0.12,1.72,14.823,0.417,732.0,390.0,4,16,,,,,,,,,,,,,,,,,,,,,,,,,,,,,,,,,,,,,,,,,,,,,,,,,,,,,,,,,,,,,
5,summary,0.5164382267505959,0.965320798181988,0.4330489304038534,0.9850756800620964,0.00100000,49.1,,,,,,,,,,,,,,,,,,,,,,46,86.5,100,37,62.25,84,62,68.0,71,13,18.0,22,76.4,194.57,243.2,2501.2,10801.0,37.0,0,10.5,18.02,33.4,38.79,38.81,38.83,63.16,0.08,0.08,0.08,22.07,0.01,0.1,0.2,1.62,2.7,3.77,11.388,14.406,14.821,14.82,14.823,15.992,0.415,0.42,0.417,732.0,6420.25,14257.0,0.0,5261.0,15283.0,4,4.0,4,16,16.0,16,4,16,2.18,26.52
6,1,,,,,,,100,62,67,17,91.0,2745,10801,37,0,32.7,29.3;29.8;39.8;39.6;33.5;33.1;73.1;74.8;42.4;48.1;88.0;49.5;23.3;24.4;11.8;12.7;21.1;21.3;9.1;8.4;19.0;20.0;16.8;15.8,38.6,0.08,0.1,1.68,14.821,0.415,683.0,48.0,4,16,,,,,,,,,,,,,,,,,,,,,,,,,,,,,,,,,,,,,,,,,,,,,,,,,,,,,,,,,,,,,
6,2,,,,,,,98,76,68,13,243.9,2730,10801,37,0,19.2,8.1;4.7;20.9;15.0;8.5;6.6;44.6;72.4;46.1;42.7;73.4;78.0;4.5;4.4;2.4;2.8;3.7;3.0;2.6;2.2;3.8;3.5;3.7;3.1,38.79,0.08,0.0,3.62,14.821,0.415,1171.0,146.0,4,16,,,,,,,,,,,,,,,,,,,,,,,,,,,,,,,,,,,,,,,,,,,,,,,,,,,,,,,,,,,,,
6,3,,,,,,,100,87,68,20,242.7,2730,10801,37,0,10.4,2.8;0.9;4.1;4.5;1.2;2.0;62.4;38.9;14.6;10.7;62.8;40.0;0.9;0.7;0.2;0.2;0.2;0.2;0.1;0.0;0.2;0.5;0.5;1.5,38.77,0.08,0.0,2.37,14.821,0.415,439.0,390.0,4,16,,,,,,,,,,,,,,,,,,,,,,,,,,,,,,,,,,,,,,,,,,,,,,,,,,,,,,,,,,,,,
6,4,,,,,,,100,49,72,13,215.4,2730,10801,38,0,11.2,6.8;2.3;2.3;8.0;3.4;3.4;0.0;100.0;18.4;21.8;8.0;87.4;2.3;0.0;0.0;0.0;2.3;0.0;0.0;1.2;1.1;0.0;0.0;0.0,38.81,0.08,0.0,1.48,14.823,0.417,2148.0,97.0,4,16,,,,,,,,,,,,,,,,,,,,,,,,,,,,,,,,,,,,,,,,,,,,,,,,,,,,,,,,,,,,,
6,summary,0.5021960138710522,0.9671574884039473,0.4270079273692269,0.9859224499876512,0.00100000,48.6,,,,,,,,,,,,,,,,,,,,,,98,99.5,100,49,68.5,87,67,68.75,72,13,15.75,20,91.0,198.25,243.9,2733.8,10801.0,37.2,0,10.4,18.38,32.7,38.6,38.74,38.81,63.16,0.08,0.08,0.08,22.07,0.0,0.03,0.1,1.48,2.29,3.62,11.388,14.406,14.821,14.82,14.823,15.992,0.415,0.42,0.417,439.0,1110.25,2148.0,48.0,170.25,390.0,4,4.0,4,16,16.0,16,4,16,1.96,26.49
7,1,,,,,,,100,60,69,18,109.6,2730,10801,38,0,34.2,33.7;31.9;44.1;38.5;34.9;35.8;78.2;69.2;48.3;46.9;92.7;46.4;24.8;26.0;12.2;14.3;21.9;23.0;10.1;9.7;20.2;21.7;16.9;18.5,38.59,0.08,0.0,2.15,14.821,0.415,1074.0,2246.0,4,16,,,,,,,,,,,,,,,,,,,,,,,,,,,,,,,,,,,,,,,,,,,,,,,,,,,,,,,,,,,,,
7,2,,,,,,,100,61,72,20,242.3,2730,10801,38,0,19.0,6.7;6.2;15.8;22.7;7.0;8.8;52.7;67.2;28.2;56.7;94.1;52.6;4.3;5.2;2.4;2.0;3.6;3.8;2.0;2.1;3.2;3.3;3.0;2.6,38.75,0.08,0.01,3.31,14.821,0.415,1367.0,2197.0,4,16,,,,,,,,,,,,,,,,,,,,,,,,,,,,,,,,,,,,,,,,,,,,,,,,,,,,,,,,,,,,,
7,3,,,,,,,98,76,71,14,241.6,2730,10801,38,0,11.1,5.5;1.5;4.5;5.8;2.6;2.6;53.5;51.1;12.7;15.7;97.8;4.2;1.0;0.6;0.6;0.9;0.5;0.7;0.4;0.4;0.9;0.4;0.4;2.3,38.73,0.08,0.01,2.02,14.821,0.415,1611.0,439.0,4,16,,,,,,,,,,,,,,,,,,,,,,,,,,,,,,,,,,,,,,,,,,,,,,,,,,,,,,,,,,,,,
7,4,,,,,,,100,82,69,15,226.5,2730,10801,38,0,12.1,9.1;2.3;5.7;5.7;6.9;2.3;17.2;86.2;22.1;21.8;100.0;0.0;2.3;1.2;0.0;0.0;1.2;2.3;0.0;0.0;0.0;1.2;0.0;1.1,38.76,0.08,0.0,1.54,14.823,0.417,488.0,8984.0,4,16,,,,,,,,,,,,,,,,,,,,,,,,,,,,,,,,,,,,,,,,,,,,,,,,,,,,,,,,,,,,,
7,summary,0.4895331981889197,0.9699218628397098,0.42219283030809784,0.9862752707899658,0.00100000,48.9,,,,,,,,,,,,,,,,,,,,,,98,99.5,100,60,69.75,82,69,70.25,72,14,16.75,20,109.6,205.0,242.3,2730.0,10801.0,38.0,0,11.1,19.1,34.2,38.59,38.71,38.76,63.16,0.08,0.08,0.08,22.07,0.0,0.01,0.01,1.54,2.25,3.31,11.388,14.406,14.821,14.82,14.823,15.992,0.415,0.42,0.417,488.0,1135.0,1611.0,439.0,3466.5,8984.0,4,4.0,4,16,16.0,16,4,16,2.16,26.49
8,1,,,,,,,100,47,66,23,102.6,2730,10801,38,0,33.2,31.9;30.0;42.1;40.9;35.7;32.3;71.7;74.7;49.7;44.1;76.0;62.7;24.5;24.4;10.7;13.0;21.2;21.4;9.4;8.5;19.5;20.4;16.3;15.1,38.83,0.08,0.0,1.42,14.821,0.415,488.0,97.0,4,16,,,,,,,,,,,,,,,,,,,,,,,,,,,,,,,,,,,,,,,,,,,,,,,,,,,,,,,,,,,,,
8,2,,,,,,,98,77,68,16,240.3,2730,10801,38,0,17.6,6.1;2.7;16.5;11.9;6.8;5.2;57.1;66.5;43.7;39.8;68.5;74.7;3.5;2.7;1.4;1.1;2.2;2.4;1.1;0.9;1.7;2.0;2.0;2.7,38.77,0.08,0.0,3.62,14.821,0.415,488.0,2050.0,4,16,,,,,,,,,,,,,,,,,,,,,,,,,,,,,,,,,,,,,,,,,,,,,,,,,,,,,,,,,,,,,
8,3,,,,,,,98,77,69,19,241.2,2730,10801,38,0,10.5,3.8;1.1;5.2;4.1;2.7;2.0;63.4;39.4;16.9;8.3;88.0;13.1;0.7;0.6;0.0;0.0;0.6;0.4;0.2;0.5;0.5;0.4;0.2;0.2,38.73,0.08,0.0,2.51,14.821,0.415,1855.0,2001.0,4,16,,,,,,,,,,,,,,,,,,,,,,,,,,,,,,,,,,,,,,,,,,,,,,,,,,,,,,,,,,,,,
8,4,,,,,,,100,60,70,15,210.0,2730,10801,38,0,11.5,2.3;0.0;7.0;9.2;2.3;4.6;66.7;36.8;16.1;23.0;26.4;71.3;4.7;1.2;0.0;0.0;0.0;1.2;0.0;0.0;0.0;1.2;0.0;0.0,38.76,0.08,0.0,1.48,14.823,0.417,1123.0,195.0,4,16,,,,,,,,,,,,,,,,,,,,,,,,,,,,,,,,,,,,,,,,,,,,,,,,,,,,,,,,,,,,,
8,summary,0.47916403786352235,0.9728294368520998,0.41757711111075524,0.98613414246904,0.00100000,49.2,,,,,,,,,,,,,,,,,,,,,,98,99.0,100,47,65.25,77,66,68.25,70,15,18.25,23,102.6,198.53,241.2,2730.0,10801.0,38.0,0,10.5,18.2,33.2,38.73,38.77,38.83,63.16,0.08,0.08,0.08,22.07,0.0,0.0,0.0,1.42,2.26,3.62,11.388,14.406,14.821,14.82,14.823,15.992,0.415,0.42,0.417,488.0,988.5,1855.0,97.0,1085.75,2050.0,4,4.0,4,16,16.0,16,4,16,2.25,26.49
9,1,,,,,,,49,38,65,21,67.7,2745,10801,38,0,33.3,30.5;30.7;39.8;41.4;34.5;34.4;70.9;78.7;42.5;51.4;96.3;38.9;23.6;25.7;11.5;12.3;20.3;23.0;9.7;11.2;19.5;19.9;16.4;16.5,38.66,0.08,0.01,2.06,14.821,0.415,1562.0,1953.0,4,16,,,,,,,,,,,,,,,,,,,,,,,,,,,,,,,,,,,,,,,,,,,,,,,,,,,,,,,,,,,,,
9,2,,,,,,,100,86,67,15,241.8,2730,10801,38,0,18.4,7.5;4.5;18.7;17.7;6.2;6.8;44.6;68.4;41.2;37.5;78.9;79.3;3.0;3.8;1.7;1.9;2.7;2.9;1.5;1.1;3.0;2.9;2.2;3.3,38.74,0.08,0.0,3.33,14.821,0.415,1171.0,97.0,4,16,,,,,,,,,,,,,,,,,,,,,,,,,,,,,,,,,,,,,,,,,,,,,,,,,,,,,,,,,,,,,
9,3,,,,,,,100,69,71,20,243.3,2730,10801,38,0,11.1,6.8;1.9;5.2;4.2;3.1;1.6;52.8;52.4;13.3;13.5;91.3;10.1;1.5;1.0;0.0;0.6;1.1;0.7;0.7;0.7;0.9;0.5;1.0;1.7,38.71,0.08,0.01,2.2,14.821,0.415,878.0,2148.0,4,16,,,,,,,,,,,,,,,,,,,,,,,,,,,,,,,,,,,,,,,,,,,,,,,,,,,,,,,,,,,,,
9,4,,,,,,,100,54,72,13,215.9,2730,10801,38,0,11.6,8.0;2.3;8.1;8.1;5.8;5.7;0.0;100.0;18.6;15.1;20.9;79.3;2.3;1.2;0.0;0.0;1.2;0.0;0.0;0.0;0.0;1.2;0.0;0.0,38.75,0.08,0.0,1.52,14.823,0.417,3710.0,12548.0,4,16,,,,,,,,,,,,,,,,,,,,,,,,,,,,,,,,,,,,,,,,,,,,,,,,,,,,,,,,,,,,,
9,summary,0.4704363163072049,0.9745789621143729,0.4125388485216175,0.9867692199132061,0.00100000,48.5,,,,,,,,,,,,,,,,,,,,,,49,87.25,100,38,61.75,86,65,68.75,72,13,17.25,21,67.7,192.18,243.3,2733.8,10801.0,38.0,0,11.1,18.6,33.3,38.66,38.72,38.75,63.16,0.08,0.08,0.08,22.07,0.0,0.01,0.01,1.52,2.28,3.33,11.388,14.406,14.821,14.82,14.823,15.992,0.415,0.42,0.417,878.0,1830.25,3710.0,97.0,4186.5,12548.0,4,4.0,4,16,16.0,16,4,16,2.07,26.48
10,1,,,,,,,100,62,65,19,88.5,2565,10801,38,0,34.2,34.1;31.4;46.0;39.0;38.0;34.4;67.7;82.8;53.2;41.5;96.2;38.5;27.4;24.8;11.6;13.4;22.0;22.6;10.0;10.0;21.4;20.4;18.8;15.4,38.93,0.08,0.01,1.36,14.821,0.415,1074.0,195.0,4,16,,,,,,,,,,,,,,,,,,,,,,,,,,,,,,,,,,,,,,,,,,,,,,,,,,,,,,,,,,,,,
10,2,,,,,,,100,73,69,14,243.2,2730,10801,38,0,16.9,6.0;2.1;18.7;11.4;5.6;3.2;73.7;43.7;44.6;36.3;84.8;62.6;1.2;1.4;0.1;0.5;1.4;1.0;0.6;0.5;0.7;1.1;1.4;1.6,38.76,0.08,0.0,3.63,14.821,0.415,1904.0,2001.0,4,16,,,,,,,,,,,,,,,,,,,,,,,,,,,,,,,,,,,,,,,,,,,,,,,,,,,,,,,,,,,,,
10,3,,,,,,,98,77,71,14,244.0,2730,10801,37,0,10.1,3.7;1.0;3.7;3.3;2.1;1.7;47.1;52.3;11.3;11.7;38.5;63.0;0.1;0.6;0.1;0.0;0.4;0.5;0.2;0.0;0.2;0.0;0.0;0.9,38.72,0.08,0.0,2.49,14.821,0.415,1367.0,146.0,4,16,,,,,,,,,,,,,,,,,,,,,,,,,,,,,,,,,,,,,,,,,,,,,,,,,,,,,,,,,,,,,
10,4,,,,,,,100,71,68,14,213.3,2730,10801,38,0,11.6,1.1;2.2;5.6;6.7;10.1;3.4;86.5;12.4;9.0;38.2;98.9;0.0;1.1;1.1;0.0;0.0;1.1;0.0;0.0;0.0;0.0;1.1;0.0;0.0,38.76,0.08,0.05,1.5,14.823,0.417,683.0,390.0,4,16,,,,,,,,,,,,,,,,,,,,,,,,,,,,,,,,,,,,,,,,,,,,,,,,,,,,,,,,,,,,,
10,summary,0.4653441009955526,0.9752887339289605,0.4096638038378556,0.9869103482341319,0.00100000,48.9,,,,,,,,,,,,,,,,,,,,,,98,99.5,100,62,70.75,77,65,68.25,71,14,15.25,19,88.5,197.25,244.0,2688.8,10801.0,37.8,0,10.1,18.2,34.2,38.72,38.79,38.93,63.16,0.08,0.08,0.08,22.07,0.0,0.02,0.05,1.36,2.25,3.63,11.388,14.406,14.821,14.82,14.823,15.992,0.415,0.42,0.417,683.0,1257.0,1904.0,146.0,683.0,2001.0,4,4.0,4,16,16.0,16,4,16,2.3,26.6
11,1,,,,,,,100,80,66,19,140.5,2730,10801,38,0,33.8,32.8;32.7;43.4;38.8;34.6;36.5;71.2;77.8;45.0;48.8;74.3;60.7;24.8;27.7;11.5;12.6;20.8;23.2;9.1;10.1;20.2;20.6;15.9;17.1,38.78,0.08,0.01,1.55,14.821,0.415,488.0,488.0,4,16,,,,,,,,,,,,,,,,,,,,,,,,,,,,,,,,,,,,,,,,,,,,,,,,,,,,,,,,,,,,,
11,2,,,,,,,100,51,72,15,244.5,2730,10801,37,0,17.1,5.9;3.4;11.1;14.5;3.5;6.6;54.0;59.4;38.0;46.0;76.6;76.3;2.0;1.9;0.9;0.6;1.4;1.4;0.6;0.7;1.0;1.2;1.4;1.4,38.74,0.08,0.01,3.59,14.821,0.415,32080.0,146.0,4,16,,,,,,,,,,,,,,,,,,,,,,,,,,,,,,,,,,,,,,,,,,,,,,,,,,,,,,,,,,,,,
11,3,,,,,,,100,54,71,16,242.7,2730,10801,37,0,10.2,4.5;0.6;3.7;2.4;0.7;1.1;38.3;63.9;11.5;14.1;67.8;33.4;0.1;0.2;0.0;0.0;0.1;0.0;0.1;0.1;0.0;0.1;0.1;1.0,38.71,0.08,0.0,2.51,14.821,0.415,439.0,2246.0,4,16,,,,,,,,,,,,,,,,,,,,,,,,,,,,,,,,,,,,,,,,,,,,,,,,,,,,,,,,,,,,,
11,4,,,,,,,98,75,68,14,231.1,2730,10801,37,0,11.0,4.5;0.0;11.4;0.0;3.4;2.3;58.0;37.1;22.7;20.5;96.6;4.5;0.0;2.3;0.0;0.0;0.0;0.0;0.0;0.0;0.0;0.0;0.0;0.0,38.74,0.08,0.0,1.49,14.823,0.417,1123.0,0.0,4,16,,,,,,,,,,,,,,,,,,,,,,,,,,,,,,,,,,,,,,,,,,,,,,,,,,,,,,,,,,,,,
11,summary,0.4567897707742508,0.9778663263082527,0.4069706621927704,0.9873690152771407,0.00100000,48.9,,,,,,,,,,,,,,,,,,,,,,98,99.5,100,51,65.0,80,66,69.25,72,14,16.0,19,140.5,214.7,244.5,2730.0,10801.0,37.2,0,10.2,18.02,33.8,38.71,38.74,38.78,63.16,0.08,0.08,0.08,22.07,0.0,0.01,0.01,1.49,2.29,3.59,11.388,14.406,14.821,14.82,14.823,15.992,0.415,0.42,0.417,439.0,8532.5,32080.0,0.0,720.0,2246.0,4,4.0,4,16,16.0,16,4,16,2.23,26.48
12,1,,,,,,,17,12,58,17,61.1,2745,10801,38,0,33.8,32.8;31.0;41.1;39.4;34.6;35.6;74.9;70.1;48.5;49.5;80.8;58.0;25.7;25.8;13.1;12.6;22.5;22.1;10.9;9.6;19.5;20.2;17.6;16.2,38.68,0.08,0.01,1.57,14.821,0.415,15429.0,18261.0,4,16,,,,,,,,,,,,,,,,,,,,,,,,,,,,,,,,,,,,,,,,,,,,,,,,,,,,,,,,,,,,,
12,2,,,,,,,100,61,68,16,242.9,2730,10801,38,0,20.2,10.2;5.8;27.1;20.4;11.0;12.7;77.0;66.8;38.9;52.3;88.1;37.6;5.7;5.9;1.9;2.6;3.6;3.0;2.5;1.9;2.2;2.8;2.5;2.5,38.78,0.08,0.31,4.27,14.821,0.415,1806.0,1953.0,4,16,,,,,,,,,,,,,,,,,,,,,,,,,,,,,,,,,,,,,,,,,,,,,,,,,,,,,,,,,,,,,
12,3,,,,,,,100,49,70,20,243.2,2730,10801,38,0,10.6,5.8;1.2;4.8;3.1;2.2;2.2;54.4;45.9;7.7;19.7;42.6;59.9;0.9;1.0;0.2;0.5;0.4;0.6;0.1;0.0;0.1;0.1;0.1;0.9,38.75,0.08,0.03,2.6,14.821,0.415,1123.0,244.0,4,16,,,,,,,,,,,,,,,,,,,,,,,,,,,,,,,,,,,,,,,,,,,,,,,,,,,,,,,,,,,,,
12,4,,,,,,,98,61,70,13,240.4,2730,10801,38,0,11.0,2.2;1.1;3.3;11.0;2.2;4.4;0.0;100.0;8.8;31.9;82.4;15.4;2.2;0.0;0.0;0.0;0.0;0.0;0.0;0.0;0.0;0.0;0.0;0.0,38.78,0.08,0.0,1.59,14.823,0.417,0.0,3466.0,4,16,,,,,,,,,,,,,,,,,,,,,,,,,,,,,,,,,,,,,,,,,,,,,,,,,,,,,,,,,,,,,
12,summary,0.4529508411058605,0.9781091429816642,0.4051384386807513,0.9871220407155206,0.00100000,48.8,,,,,,,,,,,,,,,,,,,,,,17,78.75,100,12,45.75,61,58,66.5,70,13,16.5,20,61.1,196.9,243.2,2733.8,10801.0,38.0,0,10.6,18.9,33.8,38.68,38.75,38.78,63.16,0.08,0.08,0.08,22.07,0.0,0.09,0.31,1.57,2.51,4.27,11.388,14.406,14.821,14.82,14.823,15.992,0.415,0.42,0.417,0.0,4589.5,15429.0,244.0,5981.0,18261.0,4,4.0,4,16,16.0,16,4,16,2.14,26.53
13,1,,,,,,,100,78,66,17,83.3,2745,10801,38,0,33.7,31.7;32.1;38.8;42.0;34.4;35.0;77.6;68.3;45.0;51.6;75.4;63.5;25.2;26.1;11.9;13.6;21.4;22.6;9.3;10.5;19.0;19.7;16.4;16.3,38.7,0.08,0.04,1.65,14.821,0.415,195.0,2001.0,4,16,,,,,,,,,,,,,,,,,,,,,,,,,,,,,,,,,,,,,,,,,,,,,,,,,,,,,,,,,,,,,
13,2,,,,,,,98,75,71,21,239.4,2730,10801,37,0,18.9,10.5;5.7;16.4;19.9;7.6;7.7;83.3;69.1;35.8;44.3;84.5;29.0;4.5;4.6;2.5;2.2;3.7;3.8;2.5;2.1;3.1;2.5;3.5;3.8,38.79,0.08,0.02,3.68,14.821,0.415,488.0,0.0,4,16,,,,,,,,,,,,,,,,,,,,,,,,,,,,,,,,,,,,,,,,,,,,,,,,,,,,,,,,,,,,,
13,3,,,,,,,100,82,69,16,241.7,2730,10801,37,0,10.5,3.1;0.9;4.8;2.6;2.6;1.4;54.9;46.4;17.8;9.1;54.4;48.0;0.9;0.5;0.0;0.5;0.4;0.7;0.4;0.0;0.9;0.4;0.2;1.9,38.76,0.08,0.01,2.37,14.821,0.415,1806.0,67871.0,4,16,,,,,,,,,,,,,,,,,,,,,,,,,,,,,,,,,,,,,,,,,,,,,,,,,,,,,,,,,,,,,
13,4,,,,,,,100,46,72,20,214.0,2730,10801,38,0,11.1,2.2;1.1;11.4;3.4;2.3;2.3;60.7;38.2;25.8;13.6;94.3;4.5;1.1;0.0;0.0;0.0;1.1;2.3;0.0;0.0;0.0;0.0;0.0;0.0,38.8,0.08,0.0,1.5,14.823,0.417,634.0,2636.0,4,16,,,,,,,,,,,,,,,,,,,,,,,,,,,,,,,,,,,,,,,,,,,,,,,,,,,,,,,,,,,,,
13,summary,0.4475222613007833,0.9797528250786041,0.40365087745306844,0.9876865539992238,0.00100000,48.8,,,,,,,,,,,,,,,,,,,,,,98,99.5,100,46,70.25,82,66,69.5,72,16,18.5,21,83.3,194.6,241.7,2733.8,10801.0,37.5,0,10.5,18.55,33.7,38.7,38.76,38.8,63.16,0.08,0.08,0.08,22.07,0.0,0.02,0.04,1.5,2.3,3.68,11.388,14.406,14.821,14.82,14.823,15.992,0.415,0.42,0.417,195.0,780.75,1806.0,0.0,18127.0,67871.0,4,4.0,4,16,16.0,16,4,16,2.09,26.49
14,1,,,,,,,0,0,64,17,60.2,2745,10801,38,0,33.1,31.4;30.5;38.8;41.6;36.1;33.4;66.9;68.4;52.4;47.4;84.6;58.7;23.6;25.7;11.2;11.4;21.5;20.6;8.8;8.2;19.9;18.6;17.1;16.6,38.56,0.08,0.01,1.65,14.821,0.415,1074.0,195.0,4,16,,,,,,,,,,,,,,,,,,,,,,,,,,,,,,,,,,,,,,,,,,,,,,,,,,,,,,,,,,,,,
14,2,,,,,,,100,69,67,15,243.6,2730,10801,37,0,20.1,10.0;6.7;21.2;15.5;10.0;9.4;57.4;90.3;37.8;43.9;94.3;33.4;5.2;6.5;2.9;3.0;4.3;4.8;3.5;2.0;4.3;5.3;5.1;4.8,38.78,0.08,0.0,3.62,14.821,0.415,0.0,2343.0,4,16,,,,,,,,,,,,,,,,,,,,,,,,,,,,,,,,,,,,,,,,,,,,,,,,,,,,,,,,,,,,,
14,3,,,,,,,100,48,70,14,244.1,2730,10801,37,0,10.2,3.1;0.5;2.9;4.1;1.1;1.7;61.3;40.6;8.6;17.6;72.0;28.4;0.5;0.4;0.2;0.0;0.2;0.4;0.0;0.0;0.1;0.0;0.2;0.1,38.75,0.08,0.0,2.39,14.821,0.415,683.0,146.0,4,16,,,,,,,,,,,,,,,,,,,,,,,,,,,,,,,,,,,,,,,,,,,,,,,,,,,,,,,,,,,,,
14,4,,,,,,,100,62,69,13,243.2,2730,10801,38,0,10.6,2.3;3.5;2.3;8.1;5.8;3.5;41.4;58.6;7.0;26.7;3.5;88.4;1.1;1.1;0.0;0.0;0.0;0.0;0.0;0.0;0.0;1.1;0.0;0.0,38.78,0.08,0.01,1.51,14.823,0.417,488.0,390.0,4,16,,,,,,,,,,,,,,,,,,,,,,,,,,,,,,,,,,,,,,,,,,,,,,,,,,,,,,,,,,,,,
14,summary,0.44578811595212275,0.979678112256016,0.4014630709283123,0.9879688106410754,0.00100000,48.7,,,,,,,,,,,,,,,,,,,,,,0,75.0,100,0,44.75,69,64,67.5,70,13,14.75,17,60.2,197.78,244.1,2733.8,10801.0,37.5,0,10.2,18.5,33.1,38.56,38.72,38.78,63.16,0.08,0.08,0.08,22.07,0.0,0.01,0.01,1.51,2.29,3.62,11.388,14.406,14.821,14.82,14.823,15.992,0.415,0.42,0.417,0.0,561.25,1074.0,146.0,768.5,2343.0,4,4.0,4,16,16.0,16,4,16,1.8,26.49
15,1,,,,,,,100,73,66,19,118.7,2730,10801,37,0,33.7,31.2;30.7;39.3;44.0;34.1;34.7;66.7;81.3;38.4;53.7;91.2;46.6;23.5;25.7;12.7;13.3;22.9;23.4;9.8;10.4;20.7;20.8;16.8;16.0,38.77,0.08,0.01,1.6,14.821,0.415,244.0,5664.0,4,16,,,,,,,,,,,,,,,,,,,,,,,,,,,,,,,,,,,,,,,,,,,,,,,,,,,,,,,,,,,,,
15,2,,,,,,,100,47,71,16,243.4,2730,10801,37,0,17.6,6.2;4.3;14.5;17.2;4.6;6.4;74.5;75.2;43.1;38.3;68.6;44.2;3.1;3.7;2.0;1.0;2.7;3.0;1.1;0.9;1.6;2.0;1.5;3.1,38.79,0.08,0.01,3.66,14.821,0.415,23876.0,15625.0,4,16,,,,,,,,,,,,,,,,,,,,,,,,,,,,,,,,,,,,,,,,,,,,,,,,,,,,,,,,,,,,,
15,3,,,,,,,100,77,69,14,244.3,2730,10801,38,0,10.3,3.1;1.1;5.2;3.2;1.9;1.2;68.6;32.2;16.1;9.4;74.7;26.9;1.0;0.5;0.2;0.2;0.1;0.2;0.4;0.0;0.1;0.0;0.5;1.1,38.74,0.08,0.0,2.57,14.821,0.415,439.0,341.0,4,16,,,,,,,,,,,,,,,,,,,,,,,,,,,,,,,,,,,,,,,,,,,,,,,,,,,,,,,,,,,,,
15,4,,,,,,,100,83,68,20,214.9,2730,10801,38,0,12.3,13.5;0.0;4.6;8.0;2.3;3.4;11.5;88.5;20.7;26.4;96.6;7.0;1.2;1.2;0.0;0.0;3.5;0.0;0.0;0.0;0.0;1.2;1.2;2.3,38.78,0.08,0.0,1.46,14.823,0.417,27294.0,106250.0,4,16,,,,,,,,,,,,,,,,,,,,,,,,,,,,,,,,,,,,,,,,,,,,,,,,,,,,,,,,,,,,,
15,summary,0.4400115969526335,0.981390281106995,0.3998567897630462,0.9878982464806125,0.00100000,48.9,,,,,,,,,,,,,,,,,,,,,,100,100.0,100,47,70.0,83,66,68.5,71,14,17.25,20,118.7,205.33,244.3,2730.0,10801.0,37.5,0,10.3,18.48,33.7,38.74,38.77,38.79,63.16,0.08,0.08,0.08,22.07,0.0,0.01,0.01,1.46,2.32,3.66,11.388,14.406,14.821,14.82,14.823,15.992,0.415,0.42,0.417,244.0,12963.25,27294.0,341.0,31970.0,106250.0,4,4.0,4,16,16.0,16,4,16,2.24,26.48
16,1,,,,,,,100,87,65,23,133.8,2730,10801,38,0,33.2,32.1;30.5;40.6;42.1;34.8;34.6;72.9;71.0;46.1;44.4;84.8;55.3;25.7;24.7;10.0;12.9;21.6;21.7;9.6;8.9;19.6;19.3;16.9;15.8,38.65,0.08,0.01,1.55,14.821,0.415,488.0,0.0,4,16,,,,,,,,,,,,,,,,,,,,,,,,,,,,,,,,,,,,,,,,,,,,,,,,,,,,,,,,,,,,,
16,2,,,,,,,100,60,72,15,243.3,2730,10801,37,0,18.6,8.1;4.7;20.8;11.5;7.3;7.7;75.4;85.1;41.6;42.4;84.0;25.9;3.8;4.7;2.0;1.5;3.2;3.6;1.4;1.6;2.2;2.9;2.6;2.5,38.76,0.08,0.01,3.65,14.821,0.415,0.0,2197.0,4,16,,,,,,,,,,,,,,,,,,,,,,,,,,,,,,,,,,,,,,,,,,,,,,,,,,,,,,,,,,,,,
16,3,,,,,,,100,46,71,21,243.6,2730,10801,37,0,10.5,4.2;0.4;2.7;5.2;1.5;1.9;43.3;58.0;6.1;19.9;50.4;52.8;0.6;0.7;0.2;0.0;0.4;0.5;0.1;0.1;0.5;0.4;0.6;1.1,38.75,0.08,0.0,2.35,14.821,0.415,0.0,3320.0,4,16,,,,,,,,,,,,,,,,,,,,,,,,,,,,,,,,,,,,,,,,,,,,,,,,,,,,,,,,,,,,,
16,4,,,,,,,98,73,67,15,231.3,2730,10801,37,0,11.1,3.4;3.5;8.1;3.5;2.3;2.3;100.0;0.0;11.6;35.6;6.9;89.5;1.1;0.0;0.0;0.0;0.0;0.0;0.0;0.0;0.0;0.0;0.0;0.0,38.78,0.08,0.0,1.69,14.823,0.417,1806.0,0.0,4,16,,,,,,,,,,,,,,,,,,,,,,,,,,,,,,,,,,,,,,,,,,,,,,,,,,,,,,,,,,,,,
16,summary,0.4371589062310236,0.9820876007844846,0.3986606019024741,0.987862964400381,0.00100000,48.9,,,,,,,,,,,,,,,,,,,,,,98,99.5,100,46,66.5,87,65,68.75,72,15,18.5,23,133.8,213.0,243.6,2730.0,10801.0,37.2,0,10.5,18.35,33.2,38.65,38.73,38.78,63.16,0.08,0.08,0.08,22.07,0.0,0.01,0.01,1.55,2.31,3.65,11.388,14.406,14.821,14.82,14.823,15.992,0.415,0.42,0.417,0.0,573.5,1806.0,0.0,1379.25,3320.0,4,4.0,4,16,16.0,16,4,16,2.11,26.48
17,1,,,,,,,100,85,65,18,76.2,2745,10801,38,0,32.9,29.1;29.4;40.5;41.9;31.9;35.2;74.4;67.2;45.1;47.0;75.3;66.7;22.8;23.3;12.1;13.3;20.4;22.3;10.1;10.0;18.9;19.8;16.8;16.5,38.6,0.08,0.04,1.78,14.821,0.415,927.0,2490.0,4,16,,,,,,,,,,,,,,,,,,,,,,,,,,,,,,,,,,,,,,,,,,,,,,,,,,,,,,,,,,,,,
17,2,,,,,,,100,82,69,15,242.2,2730,10801,37,0,18.7,7.2;5.3;17.7;17.6;5.2;7.3;69.3;84.0;40.1;42.6;77.7;37.8;3.3;4.8;2.5;2.2;1.7;3.1;2.2;2.4;3.7;3.6;2.9;3.5,38.77,0.08,0.0,3.64,14.821,0.415,1562.0,48.0,4,16,,,,,,,,,,,,,,,,,,,,,,,,,,,,,,,,,,,,,,,,,,,,,,,,,,,,,,,,,,,,,
17,3,,,,,,,100,78,68,15,242.2,2730,10801,37,0,10.5,3.7;0.2;3.5;4.3;2.0;1.6;43.3;59.6;17.6;8.8;88.2;13.7;1.2;0.7;0.1;0.4;0.4;0.2;0.2;0.1;0.1;0.7;0.2;0.4,38.76,0.08,0.0,2.36,14.821,0.415,30615.0,13378.0,4,16,,,,,,,,,,,,,,,,,,,,,,,,,,,,,,,,,,,,,,,,,,,,,,,,,,,,,,,,,,,,,
17,4,,,,,,,100,46,70,20,212.7,2730,10801,37,0,12.3,6.8;4.5;11.4;5.6;4.5;3.4;58.0;48.9;13.6;27.3;98.9;2.3;1.1;0.0;0.0;0.0;3.4;1.1;0.0;0.0;1.1;1.1;1.1;0.0,38.8,0.08,0.02,1.72,14.823,0.417,1611.0,5419.0,4,16,,,,,,,,,,,,,,,,,,,,,,,,,,,,,,,,,,,,,,,,,,,,,,,,,,,,,,,,,,,,,
17,summary,0.4351704886164993,0.9819008187280142,0.3978720568823662,0.9877571181596867,0.00100000,48.9,,,,,,,,,,,,,,,,,,,,,,100,100.0,100,46,72.75,85,65,68.0,70,15,17.0,20,76.2,193.32,242.2,2733.8,10801.0,37.2,0,10.5,18.6,32.9,38.6,38.73,38.8,63.16,0.08,0.08,0.08,22.07,0.0,0.01,0.04,1.72,2.38,3.64,11.388,14.406,14.821,14.82,14.823,15.992,0.415,0.42,0.417,927.0,8678.75,30615.0,48.0,5333.75,13378.0,4,4.0,4,16,16.0,16,4,16,1.97,26.48
18,1,,,,,,,100,87,65,17,134.3,2730,10801,38,0,33.1,30.5;29.6;39.8;44.9;33.7;35.5;71.2;67.9;44.2;52.4;79.1;60.5;22.8;23.5;11.2;11.9;22.4;22.9;9.2;8.5;19.4;20.3;16.5;15.8,38.72,0.08,0.01,1.61,14.821,0.415,732.0,0.0,4,16,,,,,,,,,,,,,,,,,,,,,,,,,,,,,,,,,,,,,,,,,,,,,,,,,,,,,,,,,,,,,
18,2,,,,,,,100,63,67,15,242.0,2730,10801,37,0,18.4,7.6;5.0;18.2;15.3;8.8;5.6;74.1;71.3;45.7;38.1;84.3;32.5;4.3;3.6;2.2;2.4;2.5;3.2;2.0;2.0;3.6;2.9;2.5;3.8,38.79,0.08,0.0,3.65,14.821,0.415,244.0,2197.0,4,16,,,,,,,,,,,,,,,,,,,,,,,,,,,,,,,,,,,,,,,,,,,,,,,,,,,,,,,,,,,,,
18,3,,,,,,,100,47,69,15,243.2,2730,10801,38,0,10.4,3.3;0.7;4.0;4.4;1.0;1.5;55.6;46.1;9.2;19.3;74.5;26.3;0.5;0.4;0.0;0.0;0.4;0.2;0.0;0.5;0.2;0.2;0.2;1.2,38.76,0.08,0.0,2.35,14.821,0.415,2343.0,2343.0,4,16,,,,,,,,,,,,,,,,,,,,,,,,,,,,,,,,,,,,,,,,,,,,,,,,,,,,,,,,,,,,,
18,4,,,,,,,98,72,70,18,232.1,2730,10801,38,0,10.7,2.2;0.0;5.7;5.7;3.4;2.3;1.1;98.9;5.7;29.5;87.5;11.4;1.1;0.0;0.0;0.0;0.0;0.0;0.0;0.0;0.0;0.0;0.0;0.0,38.78,0.08,0.0,1.56,14.823,0.417,1806.0,2001.0,4,16,,,,,,,,,,,,,,,,,,,,,,,,,,,,,,,,,,,,,,,,,,,,,,,,,,,,,,,,,,,,,
18,summary,0.4312754143827438,0.9832892320144445,0.3968204577695178,0.987862964400381,0.00100000,49.0,,,,,,,,,,,,,,,,,,,,,,98,99.5,100,47,67.25,87,65,67.75,70,15,16.25,18,134.3,212.9,243.2,2730.0,10801.0,37.8,0,10.4,18.15,33.1,38.72,38.76,38.79,63.16,0.08,0.08,0.08,22.07,0.0,0.0,0.01,1.56,2.29,3.65,11.388,14.406,14.821,14.82,14.823,15.992,0.415,0.42,0.417,244.0,1281.25,2343.0,0.0,1635.25,2343.0,4,4.0,4,16,16.0,16,4,16,2.14,26.48
19,1,,,,,,,100,85,62,18,63.5,2565,10801,37,0,33.7,31.8;30.2;43.0;40.5;33.7;35.3;73.1;71.0;50.5;45.5;82.6;57.6;26.5;25.5;12.7;13.1;22.3;22.2;9.3;10.2;19.1;20.0;17.0;16.5,39.16,0.08,0.01,2.14,14.821,0.415,1367.0,2392.0,4,16,,,,,,,,,,,,,,,,,,,,,,,,,,,,,,,,,,,,,,,,,,,,,,,,,,,,,,,,,,,,,
19,2,,,,,,,100,81,68,20,241.8,2730,10801,37,0,16.9,6.0;3.6;14.9;11.2;4.7;4.3;73.8;70.1;44.0;36.3;84.8;35.9;2.6;3.5;0.6;0.7;1.2;2.1;0.1;0.4;0.5;1.0;1.0;2.5,38.78,0.08,0.0,3.29,14.821,0.415,195.0,1953.0,4,16,,,,,,,,,,,,,,,,,,,,,,,,,,,,,,,,,,,,,,,,,,,,,,,,,,,,,,,,,,,,,
19,3,,,,,,,100,64,68,16,242.6,2730,10801,37,0,10.7,5.3;1.2;7.0;3.1;2.6;1.5;47.2;54.3;18.8;7.1;57.7;44.9;0.7;0.6;0.2;0.2;0.1;0.4;0.4;0.2;0.2;0.1;0.4;1.6,38.75,0.08,0.01,2.19,14.821,0.415,488.0,292.0,4,16,,,,,,,,,,,,,,,,,,,,,,,,,,,,,,,,,,,,,,,,,,,,,,,,,,,,,,,,,,,,,
19,4,,,,,,,100,58,68,14,242.2,2730,10801,37,0,10.8,0.0;1.1;11.4;3.4;3.4;1.1;58.4;38.6;19.3;18.2;95.5;6.8;2.3;0.0;0.0;0.0;0.0;0.0;0.0;0.0;0.0;0.0;0.0;0.0,38.79,0.08,0.01,1.57,14.823,0.417,683.0,1953.0,4,16,,,,,,,,,,,,,,,,,,,,,,,,,,,,,,,,,,,,,,,,,,,,,,,,,,,,,,,,,,,,,
19,summary,0.42957833483548463,0.9836067615104442,0.39587566195536833,0.9879688106410754,0.00100000,49.2,,,,,,,,,,,,,,,,,,,,,,100,100.0,100,58,72.0,85,62,66.5,68,14,17.0,20,63.5,197.53,242.6,2688.8,10801.0,37.0,0,10.7,18.02,33.7,38.75,38.87,39.16,63.16,0.08,0.08,0.08,22.07,0.0,0.01,0.01,1.57,2.3,3.29,11.388,14.406,14.821,14.82,14.823,15.992,0.415,0.42,0.417,195.0,683.25,1367.0,292.0,1647.5,2392.0,4,4.0,4,16,16.0,16,4,16,2.29,26.61
20,1,,,,,,,100,85,65,16,121.6,2745,10801,37,0,33.5,29.4;29.0;44.8;37.2;33.0;34.9;72.4;73.5;51.2;45.4;82.9;56.0;24.7;23.4;12.9;13.5;22.9;21.3;11.4;11.0;19.6;19.0;17.3;16.6,38.75,0.08,0.0,1.33,14.821,0.415,1123.0,2001.0,4,16,,,,,,,,,,,,,,,,,,,,,,,,,,,,,,,,,,,,,,,,,,,,,,,,,,,,,,,,,,,,,
20,2,,,,,,,100,67,69,19,241.5,2730,10801,37,0,18.2,7.6;2.9;20.2;13.6;6.2;5.1;79.9;72.4;43.8;40.7;84.9;28.3;4.7;4.0;2.0;1.7;2.4;2.0;1.6;1.6;2.0;2.4;2.4;3.5,38.78,0.08,0.0,3.65,14.821,0.415,1074.0,195.0,4,16,,,,,,,,,,,,,,,,,,,,,,,,,,,,,,,,,,,,,,,,,,,,,,,,,,,,,,,,,,,,,
20,3,,,,,,,100,49,72,16,243.9,2730,10801,37,0,10.0,3.9;0.5;3.4;2.7;0.9;0.9;51.9;49.5;9.8;14.1;76.7;24.3;0.0;0.2;0.0;0.0;0.4;0.1;0.0;0.0;0.1;0.0;0.1;0.9,38.75,0.08,0.0,2.5,14.821,0.415,195.0,2099.0,4,16,,,,,,,,,,,,,,,,,,,,,,,,,,,,,,,,,,,,,,,,,,,,,,,,,,,,,,,,,,,,,
20,4,,,,,,,98,61,69,14,239.3,2730,10801,37,0,12.1,7.9;5.7;14.8;4.5;5.7;3.4;93.2;9.2;11.4;21.3;22.7;73.9;3.4;4.5;0.0;1.1;1.1;1.1;0.0;0.0;1.1;0.0;0.0;3.4,38.79,0.08,0.14,1.92,14.823,0.417,488.0,97.0,4,16,,,,,,,,,,,,,,,,,,,,,,,,,,,,,,,,,,,,,,,,,,,,,,,,,,,,,,,,,,,,,
20,summary,0.4288256685140699,0.9833950751797778,0.3951442825686127,0.9880746568817698,0.00100000,49.0,,,,,,,,,,,,,,,,,,,,,,98,99.5,100,49,65.5,85,65,68.75,72,14,16.25,19,121.6,211.57,243.9,2733.8,10801.0,37.0,0,10.0,18.45,33.5,38.75,38.77,38.79,63.16,0.08,0.08,0.08,22.07,0.0,0.04,0.14,1.33,2.35,3.65,11.388,14.406,14.821,14.82,14.823,15.992,0.415,0.42,0.417,195.0,720.0,1123.0,97.0,1098.0,2099.0,4,4.0,4,16,16.0,16,4,16,2.2,26.5
21,1,,,,,,,100,73,65,19,118.3,2730,10801,37,0,33.5,30.1;30.9;42.6;40.8;33.4;33.8;73.0;64.2;49.4;53.3;88.4;50.7;24.7;25.6;11.4;13.1;21.9;23.1;10.1;10.3;19.7;20.0;17.2;16.3,38.78,0.08,0.01,1.52,14.821,0.415,732.0,0.0,4,16,,,,,,,,,,,,,,,,,,,,,,,,,,,,,,,,,,,,,,,,,,,,,,,,,,,,,,,,,,,,,
21,2,,,,,,,100,50,69,14,242.4,2730,10801,37,0,17.3,4.9;3.5;14.5;19.4;5.1;5.3;54.5;88.4;39.2;39.5;85.8;38.3;2.6;2.7;0.9;0.7;1.5;1.6;0.9;0.6;1.4;1.1;1.4;2.0,38.77,0.08,0.03,3.65,14.821,0.415,732.0,1953.0,4,16,,,,,,,,,,,,,,,,,,,,,,,,,,,,,,,,,,,,,,,,,,,,,,,,,,,,,,,,,,,,,
21,3,,,,,,,100,64,71,20,242.2,2730,10801,37,0,10.7,3.3;1.0;4.1;2.7;2.2;1.4;56.7;44.0;16.6;13.6;63.5;39.6;1.0;1.1;0.4;0.2;0.9;0.6;0.1;0.4;0.4;0.4;0.5;1.7,38.74,0.08,0.0,2.5,14.821,0.415,1318.0,146.0,4,16,,,,,,,,,,,,,,,,,,,,,,,,,,,,,,,,,,,,,,,,,,,,,,,,,,,,,,,,,,,,,
21,4,,,,,,,98,76,68,14,223.9,2730,10801,37,0,10.7,3.4;0.0;7.0;4.7;0.0;2.3;7.0;87.2;12.6;32.6;100.0;0.0;1.2;0.0;0.0;0.0;0.0;0.0;0.0;0.0;0.0;0.0;0.0;0.0,38.75,0.08,0.0,1.57,14.823,0.417,1562.0,1953.0,4,16,,,,,,,,,,,,,,,,,,,,,,,,,,,,,,,,,,,,,,,,,,,,,,,,,,,,,,,,,,,,,
21,summary,0.4253524875268282,0.984385020079071,0.39451756541454663,0.9884274776840842,0.00100000,48.8,,,,,,,,,,,,,,,,,,,,,,98,99.5,100,50,65.75,76,65,68.25,71,14,16.75,20,118.3,206.7,242.4,2730.0,10801.0,37.0,0,10.7,18.05,33.5,38.74,38.76,38.78,63.16,0.08,0.08,0.08,22.07,0.0,0.01,0.03,1.52,2.31,3.65,11.388,14.406,14.821,14.82,14.823,15.992,0.415,0.42,0.417,732.0,1086.0,1562.0,0.0,1013.0,1953.0,4,4.0,4,16,16.0,16,4,16,2.18,26.49
22,1,,,,,,,32,25,63,18,63.3,2745,10801,37,0,33.5,32.5;31.0;41.0;42.9;34.7;35.0;67.7;80.4;44.1;50.2;67.6;70.4;25.6;25.3;11.3;12.1;23.2;23.3;8.5;8.9;18.8;19.8;16.3;14.9,38.76,0.08,0.01,1.53,14.821,0.415,16015.0,0.0,4,16,,,,,,,,,,,,,,,,,,,,,,,,,,,,,,,,,,,,,,,,,,,,,,,,,,,,,,,,,,,,,
22,2,,,,,,,100,79,68,16,240.7,2730,10801,37,0,17.4,6.1;4.0;18.0;15.8;6.4;6.0;67.5;63.9;32.9;51.2;69.3;58.8;2.5;2.2;0.7;1.0;1.6;1.6;1.0;1.1;1.4;1.2;1.4;1.5,38.76,0.08,0.02,3.68,14.821,0.415,195.0,1953.0,4,16,,,,,,,,,,,,,,,,,,,,,,,,,,,,,,,,,,,,,,,,,,,,,,,,,,,,,,,,,,,,,
22,3,,,,,,,100,58,71,17,242.0,2730,10801,37,0,10.4,3.3;1.2;3.5;3.3;1.1;2.4;49.1;52.0;11.4;13.8;54.8;48.6;0.7;0.7;0.1;0.0;0.5;1.0;0.1;0.1;0.4;0.4;0.2;1.5,38.74,0.08,0.0,2.48,14.821,0.415,1562.0,2050.0,4,16,,,,,,,,,,,,,,,,,,,,,,,,,,,,,,,,,,,,,,,,,,,,,,,,,,,,,,,,,,,,,
22,4,,,,,,,100,58,69,14,242.4,2730,10801,37,0,10.6,0.0;1.2;3.5;5.8;2.3;2.3;13.8;86.0;9.3;27.9;78.4;19.8;1.1;0.0;1.1;0.0;0.0;0.0;0.0;0.0;0.0;0.0;0.0;2.3,38.78,0.08,0.0,0.16,14.823,0.417,927.0,2343.0,4,16,,,,,,,,,,,,,,,,,,,,,,,,,,,,,,,,,,,,,,,,,,,,,,,,,,,,,,,,,,,,,
22,summary,0.4243753445587111,0.9845593499984435,0.3939621185192724,0.9883569135236213,0.00100000,48.8,,,,,,,,,,,,,,,,,,,,,,32,83.0,100,25,55.0,79,63,67.75,71,14,16.25,18,63.3,197.1,242.4,2733.8,10801.0,37.0,0,10.4,17.98,33.5,38.74,38.76,38.78,63.16,0.08,0.08,0.08,22.07,0.0,0.01,0.02,0.16,1.96,3.68,11.388,14.406,14.821,14.82,14.823,15.992,0.415,0.42,0.417,195.0,4674.75,16015.0,0.0,1586.5,2343.0,4,4.0,4,16,16.0,16,4,16,2.18,26.47
23,1,,,,,,,100,66,65,19,116.2,2730,10801,37,0,33.5,30.5;30.8;45.1;40.1;33.5;34.8;73.0;72.2;48.6;49.8;79.4;51.3;23.6;24.3;12.6;14.0;20.8;21.4;9.9;9.9;20.8;20.9;17.6;19.4,38.56,0.08,0.0,1.66,14.821,0.415,683.0,390.0,4,16,,,,,,,,,,,,,,,,,,,,,,,,,,,,,,,,,,,,,,,,,,,,,,,,,,,,,,,,,,,,,
23,2,,,,,,,100,45,71,15,242.5,2730,10801,37,0,20.2,10.0;6.3;18.1;20.6;7.5;12.5;47.1;74.6;43.9;39.8;73.8;78.3;5.2;6.8;3.0;3.7;4.0;4.7;3.0;2.5;4.6;5.0;4.0;6.0,38.78,0.08,0.01,3.64,14.821,0.415,439.0,2343.0,4,16,,,,,,,,,,,,,,,,,,,,,,,,,,,,,,,,,,,,,,,,,,,,,,,,,,,,,,,,,,,,,
23,3,,,,,,,100,76,70,17,242.9,2730,10801,37,0,10.9,4.4;1.2;5.6;3.2;2.2;2.2;44.5;57.3;14.5;12.8;45.4;57.7;1.6;1.0;0.2;0.1;0.7;0.9;0.2;0.2;0.6;0.2;0.9;4.0,38.75,0.08,0.0,2.35,14.821,0.415,1806.0,0.0,4,16,,,,,,,,,,,,,,,,,,,,,,,,,,,,,,,,,,,,,,,,,,,,,,,,,,,,,,,,,,,,,
23,4,,,,,,,100,86,68,14,221.4,2730,10801,37,0,11.1,7.9;0.0;13.6;2.3;2.3;4.5;34.1;61.4;15.9;20.5;97.8;2.3;1.1;1.1;0.0;0.0;0.0;0.0;0.0;0.0;0.0;0.0;0.0;0.0,38.79,0.08,0.0,1.5,14.823,0.417,45605.0,2246.0,4,16,,,,,,,,,,,,,,,,,,,,,,,,,,,,,,,,,,,,,,,,,,,,,,,,,,,,,,,,,,,,,
23,summary,0.42315805294321246,0.9846340628210316,0.3935593292724353,0.9881805031224641,0.00100000,48.4,,,,,,,,,,,,,,,,,,,,,,100,100.0,100,45,68.25,86,65,68.5,71,14,16.25,19,116.2,205.75,242.9,2730.0,10801.0,37.0,0,10.9,18.93,33.5,38.56,38.72,38.79,63.16,0.08,0.08,0.08,22.07,0.0,0.0,0.01,1.5,2.29,3.64,11.388,14.406,14.821,14.82,14.823,15.992,0.415,0.42,0.417,439.0,12133.25,45605.0,0.0,1244.75,2343.0,4,4.0,4,16,16.0,16,4,16,1.96,26.49
24,1,,,,,,,89,78,66,19,73.4,2745,10801,37,0,33.5,31.1;32.9;40.1;39.7;34.0;35.2;76.7;71.4;43.7;48.6;90.4;44.5;25.0;27.0;12.7;12.5;23.0;24.2;8.6;9.5;20.2;20.6;16.7;15.6,38.76,0.08,0.0,2.19,14.821,0.415,11962.0,2050.0,4,16,,,,,,,,,,,,,,,,,,,,,,,,,,,,,,,,,,,,,,,,,,,,,,,,,,,,,,,,,,,,,
24,2,,,,,,,100,86,67,17,241.2,2730,10801,37,0,17.6,7.0;4.1;18.1;12.3;5.1;5.0;68.3;73.1;35.4;44.5;75.3;49.4;3.3;3.1;1.9;1.4;2.2;2.2;1.2;1.2;2.6;2.4;1.7;2.2,38.79,0.08,0.0,3.3,14.821,0.415,488.0,439.0,4,16,,,,,,,,,,,,,,,,,,,,,,,,,,,,,,,,,,,,,,,,,,,,,,,,,,,,,,,,,,,,,
24,3,,,,,,,100,83,69,19,242.3,2730,10801,37,0,10.4,3.2;1.1;3.6;4.3;1.2;1.9;41.2;61.9;15.2;11.2;98.3;2.2;0.5;0.4;0.2;0.4;0.0;0.4;0.1;0.0;0.4;0.2;0.2;1.0,38.74,0.08,0.01,2.08,14.821,0.415,244.0,2001.0,4,16,,,,,,,,,,,,,,,,,,,,,,,,,,,,,,,,,,,,,,,,,,,,,,,,,,,,,,,,,,,,,
24,4,,,,,,,100,50,71,14,211.1,2730,10801,38,0,11.0,6.8;1.2;7.0;6.9;2.3;3.5;1.2;100.0;12.6;23.3;93.0;4.7;1.2;0.0;0.0;0.0;0.0;0.0;0.0;0.0;0.0;0.0;0.0;0.0,38.78,0.08,0.09,1.66,14.823,0.417,1318.0,6982.0,4,16,,,,,,,,,,,,,,,,,,,,,,,,,,,,,,,,,,,,,,,,,,,,,,,,,,,,,,,,,,,,,
24,summary,0.42106726803243877,0.9849764965912274,0.3929794102689523,0.9882157852026956,0.00100000,48.6,,,,,,,,,,,,,,,,,,,,,,89,97.25,100,50,74.25,86,66,68.25,71,14,17.25,19,73.4,192.0,242.3,2733.8,10801.0,37.2,0,10.4,18.12,33.5,38.74,38.77,38.79,63.16,0.08,0.08,0.08,22.07,0.0,0.02,0.09,1.66,2.31,3.3,11.388,14.406,14.821,14.82,14.823,15.992,0.415,0.42,0.417,244.0,3503.0,11962.0,439.0,2868.0,6982.0,4,4.0,4,16,16.0,16,4,16,2.2,26.48
25,1,,,,,,,100,94,68,22,135.7,2730,10801,37,0,33.9,32.3;31.2;40.0;43.0;35.2;33.8;77.8;68.5;45.5;48.0;97.5;41.6;25.8;25.9;11.8;14.9;22.2;24.6;9.4;9.6;20.0;20.4;17.5;17.7,38.75,0.08,0.0,1.46,14.821,0.415,1367.0,5810.0,4,16,,,,,,,,,,,,,,,,,,,,,,,,,,,,,,,,,,,,,,,,,,,,,,,,,,,,,,,,,,,,,
25,2,,,,,,,100,67,69,15,242.7,2730,10801,37,0,17.8,6.7;3.6;18.2;14.4;3.7;7.2;83.0;45.4;29.4;50.7;82.2;59.9;3.1;3.3;1.4;1.6;2.0;2.1;1.4;1.5;1.4;1.9;1.4;1.7,38.77,0.08,0.01,3.67,14.821,0.415,683.0,48.0,4,16,,,,,,,,,,,,,,,,,,,,,,,,,,,,,,,,,,,,,,,,,,,,,,,,,,,,,,,,,,,,,
25,3,,,,,,,100,46,72,19,243.1,2730,10801,38,0,10.2,3.2;0.9;5.3;2.6;1.0;1.4;48.5;52.0;13.1;11.7;45.4;55.3;0.5;0.9;0.0;0.0;0.2;0.1;0.2;0.0;0.1;0.1;0.2;1.0,38.76,0.08,0.0,2.51,14.821,0.415,488.0,97.0,4,16,,,,,,,,,,,,,,,,,,,,,,,,,,,,,,,,,,,,,,,,,,,,,,,,,,,,,,,,,,,,,
25,4,,,,,,,98,76,69,18,223.8,2730,10801,38,0,11.0,9.0;2.3;9.2;3.4;3.4;2.3;93.1;5.7;9.2;24.1;100.0;0.0;1.1;0.0;0.0;0.0;0.0;0.0;0.0;0.0;1.1;0.0;0.0;0.0,38.79,0.08,0.0,1.49,14.823,0.417,878.0,0.0,4,16,,,,,,,,,,,,,,,,,,,,,,,,,,,,,,,,,,,,,,,,,,,,,,,,,,,,,,,,,,,,,
25,summary,0.42017335207633094,0.9854808081436977,0.39237692386876155,0.9882157852026956,0.00100000,49.0,,,,,,,,,,,,,,,,,,,,,,98,99.5,100,46,70.75,94,68,69.5,72,15,18.5,22,135.7,211.32,243.1,2730.0,10801.0,37.5,0,10.2,18.23,33.9,38.75,38.77,38.79,63.16,0.08,0.08,0.08,22.07,0.0,0.0,0.01,1.46,2.28,3.67,11.388,14.406,14.821,14.82,14.823,15.992,0.415,0.42,0.417,488.0,854.0,1367.0,0.0,1488.75,5810.0,4,4.0,4,16,16.0,16,4,16,2.3,26.48
26,1,,,,,,,100,66,63,20,74.5,2565,10801,37,0,33.6,31.2;30.5;42.1;39.7;35.2;34.2;68.7;73.6;49.6;48.1;91.6;49.4;24.8;24.6;12.1;12.3;22.2;23.4;10.5;10.5;18.9;19.4;16.3;16.2,38.94,0.08,0.0,2.03,14.821,0.415,244.0,2001.0,4,16,,,,,,,,,,,,,,,,,,,,,,,,,,,,,,,,,,,,,,,,,,,,,,,,,,,,,,,,,,,,,
26,2,,,,,,,98,73,67,16,240.7,2730,10801,37,0,17.7,6.8;3.8;16.5;16.8;6.9;5.8;62.1;74.2;36.7;47.8;89.5;39.6;3.3;2.2;0.6;1.0;1.6;2.0;0.6;0.2;1.4;1.2;0.7;2.5,38.76,0.08,0.01,3.31,14.821,0.415,1171.0,1953.0,4,16,,,,,,,,,,,,,,,,,,,,,,,,,,,,,,,,,,,,,,,,,,,,,,,,,,,,,,,,,,,,,
26,3,,,,,,,100,90,67,16,241.6,2730,10801,37,0,10.3,2.9;0.9;1.9;4.3;0.9;1.5;42.8;57.7;10.5;14.6;42.2;60.9;0.9;0.6;0.2;0.1;0.4;0.4;0.2;0.0;0.2;0.4;0.9;1.0,38.72,0.08,0.0,2.2,14.821,0.415,1562.0,97.0,4,16,,,,,,,,,,,,,,,,,,,,,,,,,,,,,,,,,,,,,,,,,,,,,,,,,,,,,,,,,,,,,
26,4,,,,,,,100,50,71,14,209.2,2730,10801,37,0,12.5,11.1;2.2;10.2;4.5;4.5;5.7;98.9;4.5;12.4;23.9;89.8;8.0;4.5;2.2;0.0;0.0;2.3;4.4;0.0;2.2;2.2;3.4;0.0;2.2,38.75,0.08,0.0,1.47,14.823,0.417,2392.0,2099.0,4,16,,,,,,,,,,,,,,,,,,,,,,,,,,,,,,,,,,,,,,,,,,,,,,,,,,,,,,,,,,,,,
26,summary,0.4180265246821686,0.9853811910469135,0.3919875847749896,0.988251067282927,0.00100000,48.9,,,,,,,,,,,,,,,,,,,,,,98,99.5,100,50,69.75,90,63,67.0,71,14,16.5,20,74.5,191.5,241.6,2688.8,10801.0,37.0,0,10.3,18.52,33.6,38.72,38.79,38.94,63.16,0.08,0.08,0.08,22.07,0.0,0.0,0.01,1.47,2.25,3.31,11.388,14.406,14.821,14.82,14.823,15.992,0.415,0.42,0.417,244.0,1342.25,2392.0,97.0,1537.5,2099.0,4,4.0,4,16,16.0,16,4,16,2.3,26.6
27,1,,,,,,,100,57,63,18,76.8,2565,10801,38,0,34.4,32.5;33.9;38.5;45.7;36.9;37.1;75.3;73.5;47.4;52.2;95.1;39.0;24.2;27.1;10.8;13.9;22.3;23.5;9.8;9.6;20.0;21.1;17.9;17.3,39.03,0.08,0.0,1.36,14.821,0.415,7421.0,1953.0,4,16,,,,,,,,,,,,,,,,,,,,,,,,,,,,,,,,,,,,,,,,,,,,,,,,,,,,,,,,,,,,,
27,2,,,,,,,79,66,62,14,236.8,2730,10801,37,0,16.4,4.2;2.8;11.6;12.8;4.6;4.8;66.5;61.1;32.5;49.1;75.4;60.1;1.6;2.3;0.2;0.4;1.1;0.6;0.1;0.0;0.6;0.4;0.5;0.6,38.77,0.08,0.0,3.93,14.821,0.415,0.0,5322.0,4,16,,,,,,,,,,,,,,,,,,,,,,,,,,,,,,,,,,,,,,,,,,,,,,,,,,,,,,,,,,,,,
27,3,,,,,,,100,67,68,16,242.7,2730,10801,37,0,9.9,2.7;0.9;3.9;2.9;1.1;1.2;60.5;40.1;9.5;11.5;48.2;52.9;0.4;0.1;0.0;0.0;0.2;0.2;0.2;0.0;0.2;0.0;0.0;0.5,38.72,0.08,0.0,2.17,14.821,0.415,439.0,390.0,4,16,,,,,,,,,,,,,,,,,,,,,,,,,,,,,,,,,,,,,,,,,,,,,,,,,,,,,,,,,,,,,
27,4,,,,,,,100,59,70,20,213.6,2730,10801,37,0,10.5,4.5;0.0;3.4;5.7;2.3;1.1;60.9;37.9;6.9;25.3;96.6;3.4;0.0;0.0;0.0;0.0;2.3;0.0;0.0;0.0;1.1;0.0;0.0;0.0,38.76,0.08,0.05,1.63,14.823,0.417,1318.0,146.0,4,16,,,,,,,,,,,,,,,,,,,,,,,,,,,,,,,,,,,,,,,,,,,,,,,,,,,,,,,,,,,,,
27,summary,0.4169921948526559,0.9859353111477758,0.3917417737562646,0.9883921956038528,0.00100000,49.2,,,,,,,,,,,,,,,,,,,,,,79,94.75,100,57,62.25,67,62,65.75,70,14,17.0,20,76.8,192.47,242.7,2688.8,10801.0,37.2,0,9.9,17.8,34.4,38.72,38.82,39.03,63.16,0.08,0.08,0.08,22.07,0.0,0.01,0.05,1.36,2.27,3.93,11.388,14.406,14.821,14.82,14.823,15.992,0.415,0.42,0.417,0.0,2294.5,7421.0,146.0,1952.75,5322.0,4,4.0,4,16,16.0,16,4,16,2.35,26.59
28,1,,,,,,,100,58,68,18,108.7,2730,10801,37,0,33.6,30.8;30.0;43.0;38.5;36.3;34.7;74.7;71.5;48.5;46.4;78.1;58.7;25.5;24.9;11.8;12.3;22.4;23.2;10.2;9.1;20.4;19.7;17.5;18.2,38.62,0.08,0.06,1.63,14.821,0.415,439.0,2001.0,4,16,,,,,,,,,,,,,,,,,,,,,,,,,,,,,,,,,,,,,,,,,,,,,,,,,,,,,,,,,,,,,
28,2,,,,,,,100,79,69,18,243.3,2730,10801,37,0,19.0,8.3;5.2;16.5;18.2;7.9;7.5;86.6;70.7;30.2;55.5;82.5;28.0;5.1;4.5;1.7;2.7;3.3;3.8;1.9;2.1;3.2;3.1;2.9;3.8,38.75,0.08,0.0,3.61,14.821,0.415,1318.0,97.0,4,16,,,,,,,,,,,,,,,,,,,,,,,,,,,,,,,,,,,,,,,,,,,,,,,,,,,,,,,,,,,,,
28,3,,,,,,,98,76,68,16,240.8,2730,10801,37,0,10.9,4.4;0.6;3.0;5.3;1.2;1.6;59.3;42.2;13.1;17.1;68.4;41.2;0.7;0.4;0.0;0.0;0.2;0.0;0.6;0.5;0.1;0.2;0.1;1.1,38.73,0.08,0.35,3.51,14.821,0.415,0.0,9179.0,4,16,,,,,,,,,,,,,,,,,,,,,,,,,,,,,,,,,,,,,,,,,,,,,,,,,,,,,,,,,,,,,
28,4,,,,,,,100,79,68,15,215.0,2730,10801,37,0,11.3,6.7;2.3;10.2;3.4;1.1;2.3;92.0;8.0;10.3;26.4;12.5;88.6;1.1;2.3;0.0;1.1;1.1;0.0;0.0;0.0;1.1;0.0;0.0;0.0,38.77,0.08,0.36,2.41,14.823,0.417,2880.0,2001.0,4,16,,,,,,,,,,,,,,,,,,,,,,,,,,,,,,,,,,,,,,,,,,,,,,,,,,,,,,,,,,,,,
28,summary,0.41464536526882795,0.9864894312486381,0.3916701471650373,0.9884980418445471,0.00100000,48.7,,,,,,,,,,,,,,,,,,,,,,98,99.5,100,58,73.0,79,68,68.25,69,15,16.75,18,108.7,201.95,243.3,2730.0,10801.0,37.0,0,10.9,18.7,33.6,38.62,38.72,38.77,63.16,0.08,0.08,0.08,22.07,0.0,0.19,0.36,1.63,2.79,3.61,11.388,14.406,14.821,14.82,14.823,15.992,0.415,0.42,0.417,0.0,1159.25,2880.0,97.0,3319.5,9179.0,4,4.0,4,16,16.0,16,4,16,1.99,26.47
29,1,,,,,,,100,71,58,22,63.8,825,5001,37,0,34.0,33.0;31.1;40.7;40.0;35.0;35.8;77.0;71.0;47.6;47.4;91.2;46.4;24.5;26.2;12.9;14.3;23.1;24.6;10.2;9.1;20.0;21.6;17.1;17.2,39.26,0.08,0.12,1.84,14.821,0.415,6396.0,101904.0,4,16,,,,,,,,,,,,,,,,,,,,,,,,,,,,,,,,,,,,,,,,,,,,,,,,,,,,,,,,,,,,,
29,2,,,,,,,100,71,67,17,242.3,2730,10801,37,0,16.9,5.9;2.7;19.2;12.1;4.0;5.5;53.0;82.4;46.4;34.3;90.8;37.6;2.4;0.9;0.4;0.6;1.2;1.1;0.2;0.7;1.0;0.7;1.0;0.9,38.78,0.08,0.03,3.69,14.821,0.415,1806.0,2001.0,4,16,,,,,,,,,,,,,,,,,,,,,,,,,,,,,,,,,,,,,,,,,,,,,,,,,,,,,,,,,,,,,
29,3,,,,,,,100,46,68,15,242.0,2730,10801,37,0,10.4,4.2;0.7;5.6;1.5;2.5;0.9;43.7;57.5;15.0;11.3;67.8;33.9;0.9;0.9;0.2;0.0;0.5;0.2;0.2;0.0;0.5;0.2;0.4;1.1,38.74,0.08,0.11,2.76,14.821,0.415,1611.0,2050.0,4,16,,,,,,,,,,,,,,,,,,,,,,,,,,,,,,,,,,,,,,,,,,,,,,,,,,,,,,,,,,,,,
29,4,,,,,,,98,60,70,17,237.0,2730,10801,37,0,11.1,2.3;3.4;5.7;8.0;5.7;0.0;24.1;78.2;12.6;21.8;94.3;3.4;2.3;1.1;0.0;0.0;0.0;1.1;0.0;0.0;1.1;0.0;0.0;0.0,38.78,0.08,0.02,1.53,14.823,0.417,488.0,2246.0,4,16,,,,,,,,,,,,,,,,,,,,,,,,,,,,,,,,,,,,,,,,,,,,,,,,,,,,,,,,,,,,,
29,summary,0.41395187910795916,0.986483205180089,0.39150657854074983,0.9887450164061673,0.00100000,49.1,,,,,,,,,,,,,,,,,,,,,,98,99.5,100,46,62.0,71,58,65.75,70,15,17.75,22,63.8,196.28,242.3,2253.8,9351.0,37.0,0,10.4,18.1,34.0,38.74,38.89,39.26,63.16,0.08,0.08,0.08,22.07,0.02,0.07,0.12,1.53,2.46,3.69,11.388,14.406,14.821,14.82,14.823,15.992,0.415,0.42,0.417,488.0,2575.25,6396.0,2001.0,27050.25,101904.0,4,4.0,4,16,16.0,16,4,16,2.33,26.61
30,1,,,,,,,100,88,64,21,77.4,2745,10801,37,0,33.4,31.7;29.9;40.6;42.5;36.3;34.9;76.0;66.6;49.5;47.4;83.6;51.6;23.8;24.5;12.1;13.4;22.3;22.2;10.3;8.9;19.8;20.4;16.7;16.2,38.69,0.08,0.0,1.53,14.821,0.415,1904.0,2050.0,4,16,,,,,,,,,,,,,,,,,,,,,,,,,,,,,,,,,,,,,,,,,,,,,,,,,,,,,,,,,,,,,
30,2,,,,,,,100,77,69,16,240.2,2730,10801,37,0,18.4,9.6;5.0;17.8;13.4;8.4;6.1;64.4;82.9;39.3;48.5;66.2;48.3;4.0;3.9;1.2;1.9;3.2;3.3;1.6;1.4;3.0;2.9;1.7;3.1,38.76,0.08,0.04,3.67,14.826,0.42,439.0,195.0,4,16,,,,,,,,,,,,,,,,,,,,,,,,,,,,,,,,,,,,,,,,,,,,,,,,,,,,,,,,,,,,,
30,3,,,,,,,100,83,70,18,241.6,2730,10801,37,0,10.4,4.5;1.1;3.0;4.2;1.4;1.9;50.9;50.1;14.1;13.1;92.6;8.9;0.6;0.6;0.0;0.1;0.2;0.6;0.6;0.0;0.4;0.4;0.1;0.7,38.73,0.08,0.03,2.39,14.826,0.42,439.0,195.0,4,16,,,,,,,,,,,,,,,,,,,,,,,,,,,,,,,,,,,,,,,,,,,,,,,,,,,,,,,,,,,,,
30,4,,,,,,,100,46,70,14,206.7,2730,10801,37,0,11.2,6.6;1.1;9.0;4.5;4.5;2.2;13.5;85.4;12.2;27.0;100.0;0.0;0.0;1.1;0.0;0.0;1.1;0.0;0.0;1.1;0.0;0.0;0.0;0.0,38.77,0.08,0.01,2.9,14.828,0.422,1562.0,48.0,4,16,,,,,,,,,,,,,,,,,,,,,,,,,,,,,,,,,,,,,,,,,,,,,,,,,,,,,,,,,,,,,
30,summary,0.41269741826086676,0.9869314821156181,0.3911643446783018,0.988639170165473,0.00100000,48.8,,,,,,,,,,,,,,,,,,,,,,100,100.0,100,46,73.5,88,64,68.25,70,14,17.25,21,77.4,191.47,241.6,2733.8,10801.0,37.0,0,10.4,18.35,33.4,38.69,38.74,38.77,63.16,0.08,0.08,0.08,22.07,0.0,0.02,0.04,1.53,2.62,3.67,11.388,14.406,14.821,14.83,14.828,15.992,0.415,0.42,0.422,439.0,1086.0,1904.0,48.0,622.0,2050.0,4,4.0,4,16,16.0,16,4,16,2.17,26.47
31,1,,,,,,,100,46,68,17,105.2,2730,10801,37,0,33.5,33.1;30.7;37.5;41.2;35.6;34.1;66.4;79.3;44.5;47.9;80.3;59.1;23.4;24.7;13.0;13.6;21.4;22.3;8.8;10.5;19.4;21.1;17.6;17.8,38.63,0.08,0.0,1.52,14.826,0.42,1806.0,0.0,4,16,,,,,,,,,,,,,,,,,,,,,,,,,,,,,,,,,,,,,,,,,,,,,,,,,,,,,,,,,,,,,
31,2,,,,,,,100,69,70,20,241.9,2730,10801,37,0,18.6,9.0;5.3;18.1;15.0;7.4;7.6;90.9;65.6;40.4;42.6;88.8;23.9;3.8;3.6;2.5;1.6;2.7;3.1;1.9;1.9;2.6;3.0;2.6;3.0,38.75,0.08,0.0,3.64,14.826,0.42,1318.0,1953.0,4,16,,,,,,,,,,,,,,,,,,,,,,,,,,,,,,,,,,,,,,,,,,,,,,,,,,,,,,,,,,,,,
31,3,,,,,,,98,70,66,13,239.5,2730,10801,37,0,10.8,3.7;0.7;5.5;3.3;3.5;2.2;54.4;46.4;17.3;10.0;54.0;50.4;1.0;0.7;0.5;0.1;0.2;0.6;0.7;0.0;0.6;0.6;0.5;1.2,38.72,0.08,0.02,2.43,14.826,0.42,1318.0,1953.0,4,16,,,,,,,,,,,,,,,,,,,,,,,,,,,,,,,,,,,,,,,,,,,,,,,,,,,,,,,,,,,,,
31,4,,,,,,,100,79,68,15,211.4,2730,10801,37,0,15.2,9.0;5.8;15.9;11.5;10.2;10.3;80.5;23.9;36.4;18.2;83.0;23.3;4.7;3.5;2.3;0.0;1.2;4.7;2.3;0.0;2.3;2.3;7.0;4.5,38.75,0.08,0.0,1.57,14.828,0.422,0.0,2441.0,4,16,,,,,,,,,,,,,,,,,,,,,,,,,,,,,,,,,,,,,,,,,,,,,,,,,,,,,,,,,,,,,
31,summary,0.4133660312665339,0.9862030320953834,0.39091842465077176,0.9884627597643157,0.00100000,48.9,,,,,,,,,,,,,,,,,,,,,,98,99.5,100,46,66.0,79,66,68.0,70,13,16.25,20,105.2,199.5,241.9,2730.0,10801.0,37.0,0,10.8,19.52,33.5,38.63,38.71,38.75,63.16,0.08,0.08,0.08,22.07,0.0,0.01,0.02,1.52,2.29,3.64,11.388,14.406,14.826,14.83,14.828,15.992,0.42,0.42,0.422,0.0,1110.5,1806.0,0.0,1586.75,2441.0,4,4.0,4,16,16.0,16,4,16,2.08,26.48
32,1,,,,,,,80,71,61,16,71.4,2745,10801,37,0,34.0,31.6;30.4;39.7;41.9;35.6;34.9;69.7;79.3;51.7;46.8;85.1;46.4;24.9;23.6;14.1;14.0;23.3;23.7;10.0;9.9;20.2;22.6;19.1;17.2,38.94,0.08,0.04,1.79,14.826,0.42,8447.0,390.0,4,16,,,,,,,,,,,,,,,,,,,,,,,,,,,,,,,,,,,,,,,,,,,,,,,,,,,,,,,,,,,,,
32,2,,,,,,,100,83,68,16,241.2,2730,10801,37,0,16.3,5.5;2.2;11.7;14.9;3.9;4.3;75.1;70.6;30.0;45.9;88.6;28.0;1.6;1.7;0.1;0.2;1.0;0.9;0.6;0.4;0.7;0.7;0.7;1.4,38.75,0.08,0.0,3.63,14.826,0.42,732.0,341.0,4,16,,,,,,,,,,,,,,,,,,,,,,,,,,,,,,,,,,,,,,,,,,,,,,,,,,,,,,,,,,,,,
32,3,,,,,,,100,67,68,14,241.9,2730,10801,37,0,10.4,4.0;0.9;2.2;4.7;0.6;1.6;42.7;60.9;6.5;18.4;98.4;1.9;0.6;0.9;0.1;0.1;0.5;0.6;0.0;0.2;0.0;0.4;0.4;1.6,38.72,0.08,0.0,2.51,14.826,0.42,1367.0,106738.0,4,16,,,,,,,,,,,,,,,,,,,,,,,,,,,,,,,,,,,,,,,,,,,,,,,,,,,,,,,,,,,,,
32,4,,,,,,,100,68,65,13,241.5,2730,10801,37,0,12.7,6.5;4.5;11.2;6.7;3.4;4.5;85.4;21.3;21.3;28.1;93.4;4.5;1.1;1.1;0.0;0.0;0.0;1.1;0.0;0.0;1.1;1.1;2.2;5.5,38.75,0.08,0.0,1.51,14.828,0.422,439.0,488.0,4,16,,,,,,,,,,,,,,,,,,,,,,,,,,,,,,,,,,,,,,,,,,,,,,,,,,,,,,,,,,,,,
32,summary,0.41018620798657046,0.9873673069140492,0.39055778345324654,0.9884627597643157,0.00100000,48.9,,,,,,,,,,,,,,,,,,,,,,80,95.0,100,67,72.25,83,61,65.5,68,13,14.75,16,71.4,199.0,241.9,2733.8,10801.0,37.0,0,10.4,18.35,34.0,38.72,38.79,38.94,63.16,0.08,0.08,0.08,22.07,0.0,0.01,0.04,1.51,2.36,3.63,11.388,14.406,14.826,14.83,14.828,15.992,0.42,0.42,0.422,439.0,2746.25,8447.0,341.0,26989.25,106738.0,4,4.0,4,16,16.0,16,4,16,2.32,26.48
33,1,,,,,,,100,70,67,18,119.3,2730,10801,37,0,33.0,30.5;31.9;38.5;38.9;32.8;35.3;76.1;65.1;42.1;53.9;87.6;49.0;23.9;26.6;11.0;12.3;20.7;23.5;9.8;8.7;19.2;21.1;17.6;16.1,38.54,0.08,0.0,2.1,14.826,0.42,488.0,1953.0,4,16,,,,,,,,,,,,,,,,,,,,,,,,,,,,,,,,,,,,,,,,,,,,,,,,,,,,,,,,,,,,,
33,2,,,,,,,100,64,71,16,241.4,2730,10801,37,0,19.1,8.3;5.8;20.1;13.6;10.6;8.4;77.0;75.4;49.9;27.7;84.3;35.3;5.1;5.1;2.1;2.7;3.3;4.8;1.9;2.1;3.7;4.0;3.5;3.9,38.74,0.08,0.0,3.29,14.826,0.42,1171.0,3466.0,4,16,,,,,,,,,,,,,,,,,,,,,,,,,,,,,,,,,,,,,,,,,,,,,,,,,,,,,,,,,,,,,
33,3,,,,,,,98,74,68,14,240.1,2730,10801,37,0,10.5,3.4;1.1;4.0;3.0;2.7;2.5;63.0;39.3;15.9;10.1;62.7;40.0;0.7;0.6;0.1;0.5;0.2;0.2;0.1;0.1;0.2;0.1;0.2;1.6,38.72,0.08,0.0,2.02,14.826,0.42,2343.0,1953.0,4,16,,,,,,,,,,,,,,,,,,,,,,,,,,,,,,,,,,,,,,,,,,,,,,,,,,,,,,,,,,,,,
33,4,,,,,,,100,72,69,14,207.5,2730,10801,37,0,11.1,7.7;0.0;7.8;7.8;1.1;4.4;90.0;5.6;16.7;15.6;100.0;1.1;2.2;1.1;1.1;0.0;1.1;1.1;0.0;0.0;1.1;0.0;0.0;1.1,38.75,0.08,0.0,1.47,14.828,0.422,12402.0,79443.0,4,16,,,,,,,,,,,,,,,,,,,,,,,,,,,,,,,,,,,,,,,,,,,,,,,,,,,,,,,,,,,,,
33,summary,0.41087171693903324,0.9867322479220496,0.39015188701646664,0.9885333239247786,0.00100000,48.8,,,,,,,,,,,,,,,,,,,,,,98,99.5,100,64,70.0,74,67,68.75,71,14,15.5,18,119.3,202.07,241.4,2730.0,10801.0,37.0,0,10.5,18.43,33.0,38.54,38.69,38.75,63.16,0.08,0.08,0.08,22.07,0.0,0.0,0.0,1.47,2.22,3.29,11.388,14.406,14.826,14.83,14.828,15.992,0.42,0.42,0.422,488.0,4101.0,12402.0,1953.0,21703.75,79443.0,4,4.0,4,16,16.0,16,4,16,2.05,26.49
34,1,,,,,,,100,78,66,18,123.7,2730,10801,37,0,33.2,31.5;29.3;40.6;40.9;35.3;34.6;63.9;78.4;48.8;45.9;85.1;56.4;24.5;23.8;10.8;12.7;21.4;20.6;9.7;10.7;19.9;19.1;17.1;16.4,38.57,0.08,0.0,1.43,14.826,0.42,439.0,2050.0,4,16,,,,,,,,,,,,,,,,,,,,,,,,,,,,,,,,,,,,,,,,,,,,,,,,,,,,,,,,,,,,,
34,2,,,,,,,100,54,70,21,241.8,2730,10801,37,0,20.3,9.1;7.5;20.9;24.2;9.0;11.0;71.5;49.1;48.9;37.7;87.4;64.4;4.9;5.2;3.1;3.8;3.5;4.5;2.9;2.9;4.0;4.1;3.5;4.7,38.75,0.08,0.02,3.7,14.826,0.42,1611.0,0.0,4,16,,,,,,,,,,,,,,,,,,,,,,,,,,,,,,,,,,,,,,,,,,,,,,,,,,,,,,,,,,,,,
34,3,,,,,,,100,54,72,16,242.8,2730,10801,37,0,10.6,4.0;1.0;3.2;6.1;2.0;2.1;52.2;49.3;6.1;20.8;77.5;24.2;0.7;0.4;0.4;0.0;0.9;0.4;0.4;0.2;0.5;0.4;1.0;1.0,38.75,0.08,0.0,2.33,14.826,0.42,1562.0,0.0,4,16,,,,,,,,,,,,,,,,,,,,,,,,,,,,,,,,,,,,,,,,,,,,,,,,,,,,,,,,,,,,,
34,4,,,,,,,98,79,70,18,229.3,2730,10801,37,0,11.1,2.3;1.2;5.8;11.6;1.2;2.3;70.9;24.4;7.0;39.1;98.8;0.0;1.2;0.0;0.0;0.0;0.0;0.0;0.0;0.0;0.0;0.0;0.0;0.0,38.77,0.08,0.0,1.5,14.828,0.422,1464.0,0.0,4,16,,,,,,,,,,,,,,,,,,,,,,,,,,,,,,,,,,,,,,,,,,,,,,,,,,,,,,,,,,,,,
34,summary,0.409152752757759,0.9874295675995393,0.3900177544886814,0.9887450164061673,0.00100000,48.6,,,,,,,,,,,,,,,,,,,,,,98,99.5,100,54,66.25,79,66,69.5,72,16,18.25,21,123.7,209.4,242.8,2730.0,10801.0,37.0,0,10.6,18.8,33.2,38.57,38.71,38.77,63.16,0.08,0.08,0.08,22.07,0.0,0.01,0.02,1.43,2.24,3.7,11.388,14.406,14.826,14.83,14.828,15.992,0.42,0.42,0.422,439.0,1269.0,1611.0,0.0,512.5,2050.0,4,4.0,4,16,16.0,16,4,16,1.94,26.48
35,1,,,,,,,100,57,66,19,108.5,2730,10801,37,0,32.6,28.1;29.7;40.0;40.2;33.4;35.2;74.6;68.8;44.9;51.2;95.4;37.8;23.9;24.8;12.0;13.4;20.9;21.7;8.4;9.4;18.8;19.1;15.3;15.0,38.57,0.08,0.0,1.62,14.826,0.42,244.0,3320.0,4,16,,,,,,,,,,,,,,,,,,,,,,,,,,,,,,,,,,,,,,,,,,,,,,,,,,,,,,,,,,,,,
35,2,,,,,,,100,65,70,15,241.8,2730,10801,37,0,18.8,9.4;5.7;20.5;15.0;8.6;9.4;75.5;62.7;37.9;46.0;91.9;29.9;4.5;4.0;2.9;3.0;3.2;4.0;2.6;2.1;3.2;3.7;3.5;3.3,38.8,0.08,0.0,3.65,14.826,0.42,976.0,2001.0,4,16,,,,,,,,,,,,,,,,,,,,,,,,,,,,,,,,,,,,,,,,,,,,,,,,,,,,,,,,,,,,,
35,3,,,,,,,98,77,66,14,240.1,2730,10801,37,0,10.7,4.2;1.1;6.1;3.0;2.7;2.1;54.8;46.4;19.8;9.3;78.5;24.6;0.7;0.5;0.0;0.0;0.5;0.4;0.2;0.2;0.1;0.0;0.1;0.2,38.77,0.08,0.03,2.45,14.826,0.42,9619.0,112695.0,4,16,,,,,,,,,,,,,,,,,,,,,,,,,,,,,,,,,,,,,,,,,,,,,,,,,,,,,,,,,,,,,
35,4,,,,,,,100,81,68,15,214.8,2730,10801,37,0,10.8,1.2;1.2;5.8;5.8;2.3;1.2;26.7;72.1;16.1;20.9;100.0;0.0;1.2;0.0;0.0;0.0;0.0;0.0;0.0;0.0;0.0;0.0;0.0;4.5,38.79,0.08,0.0,1.53,14.828,0.422,1171.0,390.0,4,16,,,,,,,,,,,,,,,,,,,,,,,,,,,,,,,,,,,,,,,,,,,,,,,,,,,,,,,,,,,,,
35,summary,0.4070625874847967,0.9883261214705974,0.38992182621546045,0.9885333239247786,0.00100000,48.4,,,,,,,,,,,,,,,,,,,,,,98,99.5,100,57,70.0,81,66,67.5,70,14,15.75,19,108.5,201.3,241.8,2730.0,10801.0,37.0,0,10.7,18.23,32.6,38.57,38.73,38.8,63.16,0.08,0.08,0.08,22.07,0.0,0.01,0.03,1.53,2.31,3.65,11.388,14.406,14.826,14.83,14.828,15.992,0.42,0.42,0.422,244.0,3002.5,9619.0,390.0,29601.5,112695.0,4,4.0,4,16,16.0,16,4,16,1.92,26.47
36,1,,,,,,,100,51,64,18,92.5,2745,10801,37,0,33.9,31.5;32.4;41.2;39.6;36.0;36.2;73.6;77.5;43.7;47.7;94.9;43.2;24.9;25.8;13.0;12.8;23.7;23.2;8.9;9.0;20.1;21.2;16.8;16.9,39.27,0.08,0.01,1.64,14.826,0.42,244.0,1953.0,4,16,,,,,,,,,,,,,,,,,,,,,,,,,,,,,,,,,,,,,,,,,,,,,,,,,,,,,,,,,,,,,
36,2,,,,,,,100,76,68,19,243.8,2730,10801,37,0,16.7,3.6;3.1;12.2;13.0;4.0;5.6;46.7;77.3;38.4;44.9;96.5;44.6;1.7;2.0;0.4;0.6;0.9;0.9;0.1;0.9;0.5;0.5;1.1;1.1,38.75,0.08,0.0,3.64,14.826,0.42,0.0,2294.0,4,16,,,,,,,,,,,,,,,,,,,,,,,,,,,,,,,,,,,,,,,,,,,,,,,,,,,,,,,,,,,,,
36,3,,,,,,,98,72,65,14,240.4,2730,10801,37,0,10.4,3.8;1.2;2.2;4.0;1.1;2.7;53.1;50.3;6.1;21.5;83.1;17.3;0.1;0.1;0.0;0.1;0.1;0.5;0.1;0.1;0.0;0.4;0.1;1.1,38.72,0.08,0.02,2.54,14.826,0.42,1953.0,0.0,4,16,,,,,,,,,,,,,,,,,,,,,,,,,,,,,,,,,,,,,,,,,,,,,,,,,,,,,,,,,,,,,
36,4,,,,,,,100,74,70,15,207.8,2730,10801,37,0,16.9,15.4;12.4;21.3;23.1;10.1;19.3;10.2;92.1;14.6;36.7;61.1;43.8;7.8;4.6;0.0;3.4;3.4;8.0;2.3;1.1;5.6;1.1;2.3;2.2,38.78,0.08,0.12,4.54,14.828,0.422,1123.0,2001.0,4,16,,,,,,,,,,,,,,,,,,,,,,,,,,,,,,,,,,,,,,,,,,,,,,,,,,,,,,,,,,,,,
36,summary,0.40756443506515816,0.9876848364100489,0.3900126127516109,0.9886038880852415,0.00100000,49.5,,,,,,,,,,,,,,,,,,,,,,98,99.5,100,51,68.25,76,64,66.75,70,14,16.5,19,92.5,196.12,243.8,2733.8,10801.0,37.0,0,10.4,19.47,33.9,38.72,38.88,39.27,63.16,0.08,0.08,0.08,22.07,0.0,0.04,0.12,1.64,3.09,4.54,11.388,14.406,14.826,14.83,14.828,15.992,0.42,0.42,0.422,0.0,830.0,1953.0,0.0,1562.0,2294.0,4,4.0,4,16,16.0,16,4,16,2.32,26.59
37,1,,,,,,,83,74,62,17,73.0,2745,10801,37,0,33.9,28.8;27.4;39.5;42.8;35.8;33.9;77.3;72.9;46.4;50.2;95.4;40.1;22.9;23.7;14.5;14.4;22.1;23.1;12.0;11.6;21.1;21.6;18.1;17.0,38.58,0.08,0.16,1.99,14.846,0.44,292.0,2001.0,4,16,,,,,,,,,,,,,,,,,,,,,,,,,,,,,,,,,,,,,,,,,,,,,,,,,,,,,,,,,,,,,
37,2,,,,,,,100,83,68,16,241.0,2730,10801,37,0,19.2,7.0;8.0;21.0;13.8;9.3;7.7;71.4;48.9;44.1;42.1;78.5;70.6;5.1;4.8;2.0;2.4;3.2;3.7;2.1;2.2;2.9;3.6;2.7;4.1,38.71,0.08,0.07,2.83,14.846,0.44,683.0,2343.0,4,16,,,,,,,,,,,,,,,,,,,,,,,,,,,,,,,,,,,,,,,,,,,,,,,,,,,,,,,,,,,,,
37,3,,,,,,,100,69,70,16,242.4,2730,10801,37,0,10.2,2.8;0.4;3.7;2.4;1.1;0.6;45.0;57.1;16.9;9.4;92.1;8.9;0.5;0.1;0.0;0.0;0.2;0.0;0.2;0.5;0.4;0.1;0.4;0.9,38.69,0.08,0.0,1.47,14.846,0.44,1562.0,2050.0,4,16,,,,,,,,,,,,,,,,,,,,,,,,,,,,,,,,,,,,,,,,,,,,,,,,,,,,,,,,,,,,,
37,4,,,,,,,100,49,71,16,216.7,2730,10801,37,0,10.8,4.5;1.1;6.8;5.7;1.1;4.6;97.7;0.0;20.7;19.5;9.2;86.5;0.0;0.0;0.0;0.0;0.0;0.0;0.0;0.0;0.0;0.0;0.0;0.0,38.71,0.08,0.0,14.36,14.848,0.442,0.0,2099.0,4,16,,,,,,,,,,,,,,,,,,,,,,,,,,,,,,,,,,,,,,,,,,,,,,,,,,,,,,,,,,,,,
37,summary,0.4063507440010541,0.9882265043738132,0.3896149943354639,0.9886744522457044,0.00100000,48.9,,,,,,,,,,,,,,,,,,,,,,83,95.75,100,49,68.75,83,62,67.75,71,16,16.25,17,73.0,193.28,242.4,2733.8,10801.0,37.0,0,10.2,18.52,33.9,38.58,38.67,38.71,63.16,0.08,0.08,0.08,22.07,0.0,0.06,0.16,1.47,5.16,14.36,11.388,14.406,14.846,14.85,14.848,15.992,0.44,0.44,0.442,0.0,634.25,1562.0,2001.0,2123.25,2343.0,4,4.0,4,16,16.0,16,4,16,1.99,26.48
38,1,,,,,,,0,0,64,18,59.9,2745,10801,37,0,32.8,29.8;30.3;38.8;44.8;32.0;32.6;62.9;86.2;49.0;48.0;96.3;30.6;23.8;23.5;12.9;12.2;21.2;21.3;10.4;9.6;19.1;19.9;17.1;16.0,38.66,0.08,0.03,0.06,14.846,0.44,0.0,2050.0,4,16,,,,,,,,,,,,,,,,,,,,,,,,,,,,,,,,,,,,,,,,,,,,,,,,,,,,,,,,,,,,,
38,2,,,,,,,100,74,70,14,242.2,2730,10801,37,0,19.0,6.8;5.2;19.1;21.1;6.8;10.7;58.4;62.5;41.4;41.7;86.6;61.2;4.5;4.3;1.6;2.5;2.5;3.5;1.6;1.6;2.6;3.2;2.6;3.6,38.75,0.08,0.01,3.64,14.846,0.44,439.0,3515.0,4,16,,,,,,,,,,,,,,,,,,,,,,,,,,,,,,,,,,,,,,,,,,,,,,,,,,,,,,,,,,,,,
38,3,,,,,,,100,54,71,16,242.9,2730,10801,37,0,11.1,4.4;2.0;4.6;6.7;2.0;4.2;45.2;57.2;6.4;24.1;88.4;13.3;0.9;1.7;0.2;0.1;0.1;0.6;0.1;0.1;0.1;0.5;0.6;1.4,38.81,0.08,0.07,2.85,14.846,0.44,488.0,1953.0,4,16,,,,,,,,,,,,,,,,,,,,,,,,,,,,,,,,,,,,,,,,,,,,,,,,,,,,,,,,,,,,,
38,4,,,,,,,100,57,69,15,243.3,2730,10801,37,0,11.1,1.2;2.3;4.7;5.8;2.3;3.5;88.5;11.6;14.0;29.1;74.4;20.9;0.0;1.2;0.0;0.0;0.0;2.3;0.0;0.0;1.2;0.0;0.0;2.3,38.83,0.08,0.01,1.55,14.848,0.442,488.0,341.0,4,16,,,,,,,,,,,,,,,,,,,,,,,,,,,,,,,,,,,,,,,,,,,,,,,,,,,,,,,,,,,,,
38,summary,0.4064230375113198,0.9878218099181272,0.3891152881969911,0.9886744522457044,0.00100000,48.8,,,,,,,,,,,,,,,,,,,,,,0,75.0,100,0,46.25,74,64,68.5,71,14,15.75,18,59.9,197.07,243.3,2733.8,10801.0,37.0,0,11.1,18.5,32.8,38.66,38.76,38.83,63.16,0.08,0.08,0.08,22.07,0.01,0.03,0.07,0.06,2.02,3.64,11.388,14.406,14.846,14.85,14.848,15.992,0.44,0.44,0.442,0.0,353.75,488.0,341.0,1964.75,3515.0,4,4.0,4,16,16.0,16,4,16,2.05,26.47
39,1,,,,,,,100,59,67,18,101.5,2745,10801,37,0,33.8,31.4;33.0;41.4;41.4;33.4;36.0;76.6;69.9;46.0;53.6;76.2;57.3;24.2;25.0;12.9;12.7;23.0;24.0;9.4;10.8;18.6;21.1;16.3;16.9,38.88,0.08,0.0,1.6,14.846,0.44,1123.0,2050.0,4,16,,,,,,,,,,,,,,,,,,,,,,,,,,,,,,,,,,,,,,,,,,,,,,,,,,,,,,,,,,,,,
39,2,,,,,,,100,59,69,14,243.5,2730,10801,37,0,16.9,5.2;2.7;15.5;11.4;6.2;4.7;86.4;63.3;44.3;36.2;94.8;20.6;2.4;1.6;0.6;1.4;1.1;1.2;0.4;0.6;1.1;0.9;0.9;2.1,38.79,0.08,0.0,3.65,14.846,0.44,1123.0,2148.0,4,16,,,,,,,,,,,,,,,,,,,,,,,,,,,,,,,,,,,,,,,,,,,,,,,,,,,,,,,,,,,,,
39,3,,,,,,,100,83,70,15,242.9,2730,10801,37,0,10.6,4.3;1.2;5.6;3.8;1.4;2.4;42.1;61.2;19.3;7.7;99.4;0.9;0.9;0.6;0.0;0.1;0.1;0.6;0.2;0.0;0.5;0.1;0.4;0.9,38.76,0.08,0.0,2.51,14.849,0.443,732.0,341.0,4,16,,,,,,,,,,,,,,,,,,,,,,,,,,,,,,,,,,,,,,,,,,,,,,,,,,,,,,,,,,,,,
39,4,,,,,,,100,89,66,15,218.0,2730,10801,37,0,12.7,6.7;1.1;13.6;5.7;4.5;4.5;3.4;95.5;22.7;26.1;96.6;16.7;0.0;4.5;0.0;0.0;0.0;0.0;1.1;2.3;0.0;0.0;0.0;0.0,38.8,0.08,0.0,1.64,14.852,0.446,1611.0,97.0,4,16,,,,,,,,,,,,,,,,,,,,,,,,,,,,,,,,,,,,,,,,,,,,,,,,,,,,,,,,,,,,,
39,summary,0.40595262398945564,0.9880459483858918,0.3889488401907752,0.9886038880852415,0.00100000,49.1,,,,,,,,,,,,,,,,,,,,,,100,100.0,100,59,72.5,89,66,68.0,70,14,15.5,18,101.5,201.47,243.5,2733.8,10801.0,37.0,0,10.6,18.5,33.8,38.76,38.81,38.88,63.16,0.08,0.08,0.08,22.07,0.0,0.0,0.0,1.6,2.35,3.65,11.388,14.406,14.846,14.85,14.852,15.992,0.44,0.44,0.446,732.0,1147.25,1611.0,97.0,1159.0,2148.0,4,4.0,4,16,16.0,16,4,16,2.3,26.51
40,1,,,,,,,100,92,67,19,136.6,2730,10801,37,0,33.5,32.5;30.9;39.7;41.9;34.5;33.1;77.1;70.0;46.0;50.4;93.1;46.4;26.1;24.6;10.9;12.3;23.5;22.6;8.5;9.5;17.6;19.9;15.2;16.7,38.71,0.08,0.02,2.08,14.846,0.44,1171.0,48.0,4,16,,,,,,,,,,,,,,,,,,,,,,,,,,,,,,,,,,,,,,,,,,,,,,,,,,,,,,,,,,,,,
40,2,,,,,,,100,74,68,16,242.0,2730,10801,37,0,18.1,6.8;5.2;19.3;14.2;5.5;8.9;69.0;50.4;46.3;36.7;91.2;49.4;3.8;4.0;1.7;2.5;3.1;2.5;1.4;1.6;2.4;2.6;2.6;3.9,38.77,0.08,0.0,3.31,14.846,0.44,1562.0,1806.0,4,16,,,,,,,,,,,,,,,,,,,,,,,,,,,,,,,,,,,,,,,,,,,,,,,,,,,,,,,,,,,,,
40,3,,,,,,,100,45,72,20,242.9,2730,10801,37,0,10.4,5.2;1.0;3.5;3.5;1.5;2.1;57.6;44.7;6.1;20.0;80.8;20.1;0.6;0.7;0.1;0.1;0.0;0.9;0.1;0.2;0.2;0.1;0.1;1.1,38.73,0.08,0.0,2.18,14.846,0.44,1318.0,2197.0,4,16,,,,,,,,,,,,,,,,,,,,,,,,,,,,,,,,,,,,,,,,,,,,,,,,,,,,,,,,,,,,,
40,4,,,,,,,100,62,69,15,242.5,2730,10801,37,0,10.9,3.5;1.2;5.8;4.7;3.5;0.0;52.9;46.0;6.9;32.2;97.7;2.3;1.2;0.0;0.0;0.0;0.0;0.0;0.0;0.0;0.0;0.0;0.0;1.2,38.77,0.08,0.0,1.5,14.848,0.442,1123.0,2050.0,4,16,,,,,,,,,,,,,,,,,,,,,,,,,,,,,,,,,,,,,,,,,,,,,,,,,,,,,,,,,,,,,
40,summary,0.40321629015757304,0.9886996855835383,0.3887456170545571,0.9884627597643157,0.00100000,48.9,,,,,,,,,,,,,,,,,,,,,,100,100.0,100,45,68.25,92,67,69.0,72,15,17.5,20,136.6,216.0,242.9,2730.0,10801.0,37.0,0,10.4,18.23,33.5,38.71,38.75,38.77,63.16,0.08,0.08,0.08,22.07,0.0,0.01,0.02,1.5,2.27,3.31,11.388,14.406,14.846,14.85,14.848,15.992,0.44,0.44,0.442,1123.0,1293.5,1562.0,48.0,1525.25,2197.0,4,4.0,4,16,16.0,16,4,16,2.07,26.48
41,1,,,,,,,96,76,67,19,140.8,2730,10801,37,0,33.1,31.0;27.9;39.6;38.7;32.7;34.5;77.0;69.9;51.4;40.1;81.1;60.0;24.2;24.6;12.9;12.0;20.0;22.9;9.7;10.4;20.5;20.0;16.6;16.1,38.64,0.08,0.0,1.34,14.846,0.44,0.0,2099.0,4,16,,,,,,,,,,,,,,,,,,,,,,,,,,,,,,,,,,,,,,,,,,,,,,,,,,,,,,,,,,,,,
41,2,,,,,,,100,79,70,15,241.1,2730,10801,37,0,18.8,8.7;5.8;21.5;19.2;8.3;7.8;76.4;64.5;46.7;33.7;81.7;41.7;4.8;5.2;1.9;2.0;2.7;3.3;2.0;2.1;2.7;3.6;2.6;3.7,38.77,0.08,0.01,3.65,14.846,0.44,1074.0,2246.0,4,16,,,,,,,,,,,,,,,,,,,,,,,,,,,,,,,,,,,,,,,,,,,,,,,,,,,,,,,,,,,,,
41,3,,,,,,,100,59,70,18,243.5,2730,10801,37,0,10.9,4.7;1.5;8.1;4.8;2.0;1.9;51.3;50.2;19.3;9.8;73.8;28.4;0.7;0.7;0.2;0.2;0.7;0.4;0.1;0.6;0.5;0.2;0.4;0.4,38.75,0.08,0.01,2.47,14.846,0.44,1562.0,1953.0,4,16,,,,,,,,,,,,,,,,,,,,,,,,,,,,,,,,,,,,,,,,,,,,,,,,,,,,,,,,,,,,,
41,4,,,,,,,100,67,71,14,241.8,2730,10801,37,0,12.9,4.6;3.4;8.0;8.0;1.1;6.8;79.3;24.1;32.2;20.7;100.0;0.0;4.6;4.6;0.0;0.0;4.5;1.1;1.1;0.0;1.1;1.1;0.0;2.3,38.77,0.08,0.0,1.5,14.848,0.442,2929.0,21093.0,4,16,,,,,,,,,,,,,,,,,,,,,,,,,,,,,,,,,,,,,,,,,,,,,,,,,,,,,,,,,,,,,
41,summary,0.4025150647079299,0.9887494941319304,0.38864455720689645,0.9886744522457044,0.00100000,48.5,,,,,,,,,,,,,,,,,,,,,,96,99.0,100,59,70.25,79,67,69.5,71,14,16.5,19,140.8,216.8,243.5,2730.0,10801.0,37.0,0,10.9,18.93,33.1,38.64,38.73,38.77,63.16,0.08,0.08,0.08,22.07,0.0,0.01,0.01,1.34,2.24,3.65,11.388,14.406,14.846,14.85,14.848,15.992,0.44,0.44,0.442,0.0,1391.25,2929.0,1953.0,6847.75,21093.0,4,4.0,4,16,16.0,16,4,16,2.05,26.46
42,1,,,,,,,100,64,67,19,115.8,2730,10801,37,0,34.5,32.8;32.6;38.7;44.2;37.0;36.8;72.3;72.7;50.5;50.1;88.8;48.4;25.6;26.1;13.4;12.9;22.4;22.8;11.0;10.5;20.4;21.7;17.9;17.7,38.7,0.08,0.0,1.65,14.846,0.44,927.0,2099.0,4,16,,,,,,,,,,,,,,,,,,,,,,,,,,,,,,,,,,,,,,,,,,,,,,,,,,,,,,,,,,,,,
42,2,,,,,,,100,49,70,16,243.7,2730,10801,37,0,18.1,7.6;5.2;14.7;13.9;6.0;7.1;56.2;78.4;34.4;49.5;94.2;35.1;3.4;3.6;1.9;2.2;3.0;3.1;2.0;2.2;2.9;2.6;3.0;2.6,38.74,0.08,0.0,3.63,14.846,0.44,1416.0,2050.0,4,16,,,,,,,,,,,,,,,,,,,,,,,,,,,,,,,,,,,,,,,,,,,,,,,,,,,,,,,,,,,,,
42,3,,,,,,,100,76,70,16,243.8,2730,10801,37,0,10.5,3.4;1.0;3.6;3.5;1.6;1.4;60.0;41.1;11.2;17.5;67.5;34.7;1.2;0.2;0.0;0.0;0.5;0.2;0.0;0.1;0.2;0.0;0.7;1.2,38.72,0.08,0.0,2.34,14.846,0.44,0.0,2343.0,4,16,,,,,,,,,,,,,,,,,,,,,,,,,,,,,,,,,,,,,,,,,,,,,,,,,,,,,,,,,,,,,
42,4,,,,,,,100,86,68,16,223.4,2730,10801,37,0,11.4,7.9;1.2;8.1;14.6;3.5;7.0;26.7;68.6;2.3;31.4;100.0;1.2;0.0;0.0;0.0;0.0;0.0;0.0;0.0;0.0;0.0;0.0;0.0;1.2,38.75,0.08,0.0,1.53,14.848,0.442,1123.0,2050.0,4,16,,,,,,,,,,,,,,,,,,,,,,,,,,,,,,,,,,,,,,,,,,,,,,,,,,,,,,,,,,,,,
42,summary,0.40178109225287767,0.9890421193537341,0.3883818353591059,0.9886744522457044,0.00100000,48.6,,,,,,,,,,,,,,,,,,,,,,100,100.0,100,49,68.75,86,67,68.75,70,16,16.75,19,115.8,206.68,243.8,2730.0,10801.0,37.0,0,10.5,18.62,34.5,38.7,38.73,38.75,63.16,0.08,0.08,0.08,22.07,0.0,0.0,0.0,1.53,2.29,3.63,11.388,14.406,14.846,14.85,14.848,15.992,0.44,0.44,0.442,0.0,866.5,1416.0,2050.0,2135.5,2343.0,4,4.0,4,16,16.0,16,4,16,2.12,26.47
43,1,,,,,,,100,85,67,16,79.6,2745,10801,37,0,33.7,32.8;31.0;37.5;43.8;34.9;36.4;73.7;71.2;45.0;50.3;91.7;44.7;24.6;26.3;12.7;13.2;22.2;23.6;9.3;9.8;18.4;19.7;17.3;17.9,38.71,0.08,0.01,2.2,14.846,0.44,0.0,2197.0,4,16,,,,,,,,,,,,,,,,,,,,,,,,,,,,,,,,,,,,,,,,,,,,,,,,,,,,,,,,,,,,,
43,2,,,,,,,100,80,72,20,240.6,2730,10801,37,0,18.5,10.3;4.1;22.2;16.6;8.5;7.9;70.1;86.5;38.5;43.2;96.8;6.5;3.8;3.5;1.5;1.7;2.5;2.9;1.6;1.2;2.6;2.5;3.0;5.2,38.79,0.08,0.0,3.28,14.846,0.44,1611.0,2001.0,4,16,,,,,,,,,,,,,,,,,,,,,,,,,,,,,,,,,,,,,,,,,,,,,,,,,,,,,,,,,,,,,
43,3,,,,,,,100,83,69,15,241.2,2730,10801,37,0,10.1,3.4;0.7;3.2;3.4;1.5;1.9;50.4;51.1;11.8;11.8;95.5;6.2;0.5;0.5;0.1;0.0;0.0;0.0;0.1;0.0;0.0;0.0;0.0;0.2,38.76,0.08,0.0,2.06,14.846,0.44,47070.0,2197.0,4,16,,,,,,,,,,,,,,,,,,,,,,,,,,,,,,,,,,,,,,,,,,,,,,,,,,,,,,,,,,,,,
43,4,,,,,,,100,50,71,15,210.5,2730,10801,37,0,10.6,2.2;0.0;5.6;5.6;2.2;5.5;21.1;73.3;10.0;25.6;100.0;0.0;1.1;1.1;0.0;0.0;1.1;0.0;0.0;0.0;0.0;0.0;0.0;0.0,38.79,0.08,0.0,1.5,14.848,0.442,0.0,2050.0,4,16,,,,,,,,,,,,,,,,,,,,,,,,,,,,,,,,,,,,,,,,,,,,,,,,,,,,,,,,,,,,,
43,summary,0.40141503390460426,0.9890794757650282,0.3883330508542415,0.9888155805666302,0.00100000,49.2,,,,,,,,,,,,,,,,,,,,,,100,100.0,100,50,74.5,85,67,69.75,72,15,16.5,20,79.6,192.97,241.2,2733.8,10801.0,37.0,0,10.1,18.23,33.7,38.71,38.76,38.79,63.16,0.08,0.08,0.08,22.07,0.0,0.0,0.01,1.5,2.26,3.28,11.388,14.406,14.846,14.85,14.848,15.992,0.44,0.44,0.442,0.0,12170.25,47070.0,2001.0,2111.25,2197.0,4,4.0,4,16,16.0,16,4,16,2.19,26.47
44,1,,,,,,,100,73,65,22,117.5,2730,10801,37,0,33.2,29.5;29.8;43.2;38.0;34.2;34.9;65.2;81.3;49.2;43.9;74.9;64.9;23.5;23.8;12.4;12.1;20.7;22.8;9.4;10.2;20.5;19.8;17.6;16.0,38.69,0.08,0.0,1.54,14.846,0.44,732.0,2050.0,4,16,,,,,,,,,,,,,,,,,,,,,,,,,,,,,,,,,,,,,,,,,,,,,,,,,,,,,,,,,,,,,
44,2,,,,,,,100,46,68,16,241.6,2730,10801,37,0,18.0,6.5;4.2;12.2;15.5;5.5;7.5;60.9;86.5;41.9;43.0;87.2;31.3;3.6;3.9;1.5;1.9;2.5;3.7;1.6;1.2;2.1;2.0;2.0;2.7,38.78,0.08,0.03,3.63,14.846,0.44,488.0,195.0,4,16,,,,,,,,,,,,,,,,,,,,,,,,,,,,,,,,,,,,,,,,,,,,,,,,,,,,,,,,,,,,,
44,3,,,,,,,100,64,71,14,242.5,2730,10801,37,0,10.6,4.3;1.2;3.1;5.4;2.0;2.1;63.4;39.6;10.3;16.5;99.6;1.0;0.6;0.7;0.1;0.2;0.5;0.2;0.1;0.2;0.4;0.1;0.5;1.5,38.73,0.08,0.0,2.35,14.846,0.44,1562.0,2001.0,4,16,,,,,,,,,,,,,,,,,,,,,,,,,,,,,,,,,,,,,,,,,,,,,,,,,,,,,,,,,,,,,
44,4,,,,,,,100,86,69,14,222.9,2730,10801,37,0,10.9,6.8;1.2;9.3;4.7;3.5;5.8;81.4;16.3;16.3;20.9;26.7;66.3;0.0;1.2;0.0;0.0;0.0;0.0;0.0;0.0;0.0;0.0;0.0;0.0,38.77,0.08,0.0,1.55,14.848,0.442,1562.0,0.0,4,16,,,,,,,,,,,,,,,,,,,,,,,,,,,,,,,,,,,,,,,,,,,,,,,,,,,,,,,,,,,,,
44,summary,0.401366675251118,0.9893285185069888,0.3879485758942117,0.9887802984863988,0.00100000,49.0,,,,,,,,,,,,,,,,,,,,,,100,100.0,100,46,67.25,86,65,68.25,71,14,16.5,22,117.5,206.12,242.5,2730.0,10801.0,37.0,0,10.6,18.18,33.2,38.69,38.74,38.78,63.16,0.08,0.08,0.08,22.07,0.0,0.01,0.03,1.54,2.27,3.63,11.388,14.406,14.846,14.85,14.848,15.992,0.44,0.44,0.442,488.0,1086.0,1562.0,0.0,1061.5,2050.0,4,4.0,4,16,16.0,16,4,16,2.13,26.46
45,1,,,,,,,100,39,63,18,85.7,1920,10801,37,0,33.2,30.6;30.1;35.2;43.6;32.7;33.7;67.9;78.3;42.9;50.4;84.0;54.7;23.0;24.5;10.8;12.1;22.2;24.0;9.6;11.7;19.3;21.2;18.4;15.8,38.71,0.08,0.01,2.13,14.846,0.44,6542.0,103710.0,4,16,,,,,,,,,,,,,,,,,,,,,,,,,,,,,,,,,,,,,,,,,,,,,,,,,,,,,,,,,,,,,
45,2,,,,,,,98,79,70,15,241.3,2730,10801,37,0,17.4,7.0;3.5;16.5;12.8;6.4;4.3;77.4;71.1;40.3;39.0;89.9;27.9;2.7;3.0;1.2;0.6;2.0;2.4;0.7;1.1;1.9;1.7;0.7;2.3,38.76,0.08,0.03,3.35,14.846,0.44,1904.0,0.0,4,16,,,,,,,,,,,,,,,,,,,,,,,,,,,,,,,,,,,,,,,,,,,,,,,,,,,,,,,,,,,,,
45,3,,,,,,,93,73,68,15,240.7,2730,10801,37,0,11.2,4.7;1.7;7.2;4.6;2.8;2.9;61.0;41.8;14.2;15.2;92.2;9.7;1.0;1.1;0.1;0.4;1.0;0.7;0.5;0.4;0.9;0.9;0.7;2.0,38.73,0.08,0.02,2.21,14.846,0.44,439.0,97.0,4,16,,,,,,,,,,,,,,,,,,,,,,,,,,,,,,,,,,,,,,,,,,,,,,,,,,,,,,,,,,,,,
45,4,,,,,,,100,60,71,16,210.6,2730,10801,37,0,10.6,4.6;1.2;4.7;3.5;1.2;2.3;47.7;46.5;20.9;17.4;88.4;12.8;1.2;0.0;0.0;0.0;0.0;0.0;0.0;0.0;0.0;0.0;0.0;2.3,38.75,0.08,0.0,1.46,14.848,0.442,439.0,732.0,4,16,,,,,,,,,,,,,,,,,,,,,,,,,,,,,,,,,,,,,,,,,,,,,,,,,,,,,,,,,,,,,
45,summary,0.39984111698122904,0.9893907791924789,0.3878468197649134,0.9887802984863988,0.00100000,48.8,,,,,,,,,,,,,,,,,,,,,,93,97.75,100,39,62.75,79,63,68.0,71,15,16.0,18,85.7,194.57,241.3,2527.5,10801.0,37.0,0,10.6,18.1,33.2,38.71,38.74,38.76,63.16,0.08,0.08,0.08,22.07,0.0,0.01,0.03,1.46,2.29,3.35,11.388,14.406,14.846,14.85,14.848,15.992,0.44,0.44,0.442,439.0,2331.0,6542.0,0.0,26134.75,103710.0,4,4.0,4,16,16.0,16,4,16,2.19,26.5
46,1,,,,,,,100,76,68,19,121.9,2730,10801,37,0,33.8,34.1;30.1;39.9;43.1;35.0;35.2;70.7;73.0;45.6;48.0;84.1;52.4;24.5;23.5;12.1;14.3;22.9;24.6;8.1;9.9;20.7;21.3;19.3;17.7,38.67,0.08,0.0,1.36,14.846,0.44,781.0,1953.0,4,16,,,,,,,,,,,,,,,,,,,,,,,,,,,,,,,,,,,,,,,,,,,,,,,,,,,,,,,,,,,,,
46,2,,,,,,,100,46,70,16,242.0,2730,10801,37,0,17.6,6.8;4.3;17.3;16.5;4.2;6.1;91.8;61.0;47.8;28.8;83.3;30.8;2.4;3.2;1.5;1.6;1.6;2.1;1.5;1.1;1.4;2.1;1.5;2.8,38.73,0.08,0.01,3.65,14.846,0.44,1074.0,292.0,4,16,,,,,,,,,,,,,,,,,,,,,,,,,,,,,,,,,,,,,,,,,,,,,,,,,,,,,,,,,,,,,
46,3,,,,,,,100,59,69,17,242.9,2730,10801,37,0,10.3,4.5;0.9;2.9;5.1;0.9;1.6;43.9;59.3;13.2;13.7;96.4;3.5;0.2;0.5;0.0;0.0;0.2;0.1;0.0;0.1;0.0;0.0;0.2;0.0,38.7,0.08,0.0,2.37,14.846,0.44,488.0,2392.0,4,16,,,,,,,,,,,,,,,,,,,,,,,,,,,,,,,,,,,,,,,,,,,,,,,,,,,,,,,,,,,,,
46,4,,,,,,,98,81,69,16,227.3,2730,10801,37,0,11.7,3.4;4.6;7.0;10.3;2.3;7.0;74.7;25.3;15.1;20.9;76.7;24.1;0.0;1.1;0.0;0.0;0.0;2.3;1.2;2.3;0.0;1.1;0.0;0.0,38.74,0.08,0.01,1.56,14.848,0.442,0.0,2343.0,4,16,,,,,,,,,,,,,,,,,,,,,,,,,,,,,,,,,,,,,,,,,,,,,,,,,,,,,,,,,,,,,
46,summary,0.40116533864903814,0.9889300501198518,0.3876769457649748,0.9888508626468616,0.00100000,48.5,,,,,,,,,,,,,,,,,,,,,,98,99.5,100,46,65.5,81,68,69.0,70,16,17.0,19,121.9,208.53,242.9,2730.0,10801.0,37.0,0,10.3,18.35,33.8,38.67,38.71,38.74,63.16,0.08,0.08,0.08,22.07,0.0,0.01,0.01,1.36,2.23,3.65,11.388,14.406,14.846,14.85,14.848,15.992,0.44,0.44,0.442,0.0,585.75,1074.0,292.0,1745.0,2392.0,4,4.0,4,16,16.0,16,4,16,2.13,26.47
47,1,,,,,,,100,45,67,23,106.0,2730,10801,37,0,33.8,32.9;31.6;43.0;39.6;35.0;35.6;69.3;79.7;47.0;44.0;95.1;43.7;25.6;24.6;12.2;13.7;20.9;23.7;10.6;10.6;19.6;20.2;16.6;16.9,38.7,0.08,0.0,1.64,14.846,0.44,1611.0,97.0,4,16,,,,,,,,,,,,,,,,,,,,,,,,,,,,,,,,,,,,,,,,,,,,,,,,,,,,,,,,,,,,,
47,2,,,,,,,100,64,71,15,241.4,2745,10801,37,0,17.9,6.3;5.0;19.1;18.5;7.9;6.7;88.4;49.1;30.7;49.9;84.9;39.0;3.3;4.0;0.6;1.2;2.6;2.4;1.5;1.5;1.5;2.1;1.6;2.8,38.72,0.08,0.01,3.65,14.846,0.44,634.0,2246.0,4,16,,,,,,,,,,,,,,,,,,,,,,,,,,,,,,,,,,,,,,,,,,,,,,,,,,,,,,,,,,,,,
47,3,,,,,,,98,69,71,20,239.9,2730,10801,37,0,10.6,2.7;2.1;4.4;3.6;2.3;1.6;35.1;68.6;14.1;13.5;99.8;1.0;0.9;0.7;0.0;0.4;0.4;0.1;0.4;0.2;0.1;0.1;0.6;1.2,38.69,0.08,0.0,2.5,14.846,0.44,16845.0,312695.0,4,16,,,,,,,,,,,,,,,,,,,,,,,,,,,,,,,,,,,,,,,,,,,,,,,,,,,,,,,,,,,,,
47,4,,,,,,,100,64,67,20,204.4,2730,10801,37,0,11.9,3.4;1.1;12.5;8.0;6.8;4.5;92.0;6.8;19.3;25.0;98.9;2.3;2.3;2.3;0.0;0.0;0.0;1.1;0.0;0.0;0.0;0.0;0.0;0.0,38.72,0.08,0.01,1.58,14.848,0.442,1171.0,48.0,4,16,,,,,,,,,,,,,,,,,,,,,,,,,,,,,,,,,,,,,,,,,,,,,,,,,,,,,,,,,,,,,
47,summary,0.39984312413697953,0.9891790928618124,0.38753553788810763,0.9887802984863988,0.00100000,49.0,,,,,,,,,,,,,,,,,,,,,,98,99.5,100,45,60.5,69,67,69.0,71,15,19.5,23,106.0,197.93,241.4,2733.8,10801.0,37.0,0,10.6,18.55,33.8,38.69,38.71,38.72,63.16,0.08,0.08,0.08,22.07,0.0,0.01,0.01,1.58,2.34,3.65,11.388,14.406,14.846,14.85,14.848,15.992,0.44,0.44,0.442,634.0,5065.25,16845.0,48.0,78771.5,312695.0,4,4.0,4,16,16.0,16,4,16,2.25,26.47
48,1,,,,,,,100,59,67,22,108.4,2730,10801,37,0,33.5,30.3;31.3;43.2;38.2;35.1;35.1;79.1;66.4;49.1;48.4;94.4;37.9;25.0;23.8;13.1;12.5;22.2;22.3;11.7;9.9;20.6;19.9;18.2;16.8,38.65,0.08,0.0,1.53,14.846,0.44,683.0,0.0,4,16,,,,,,,,,,,,,,,,,,,,,,,,,,,,,,,,,,,,,,,,,,,,,,,,,,,,,,,,,,,,,
48,2,,,,,,,100,79,69,14,241.9,2730,10801,37,0,18.6,9.1;5.3;20.9;17.7;8.0;8.1;50.9;73.4;30.3;50.9;86.6;51.8;4.0;5.4;2.1;1.7;2.7;2.9;2.1;1.6;3.0;2.4;2.6;3.5,38.78,0.08,0.01,3.65,14.846,0.44,683.0,0.0,4,16,,,,,,,,,,,,,,,,,,,,,,,,,,,,,,,,,,,,,,,,,,,,,,,,,,,,,,,,,,,,,
48,3,,,,,,,98,69,71,17,239.6,2730,10801,37,0,10.3,3.8;0.7;2.7;5.2;0.9;1.6;64.8;37.2;9.8;14.9;77.5;23.4;0.4;0.7;0.1;0.0;0.1;0.2;0.1;0.0;0.2;0.1;0.2;1.1,38.76,0.08,0.0,2.34,14.849,0.443,1318.0,2490.0,4,16,,,,,,,,,,,,,,,,,,,,,,,,,,,,,,,,,,,,,,,,,,,,,,,,,,,,,,,,,,,,,
48,4,,,,,,,100,82,69,15,225.4,2730,10801,37,0,11.3,8.9;1.1;2.3;6.9;5.7;3.4;88.5;9.2;18.2;26.4;100.0;0.0;0.0;0.0;0.0;0.0;0.0;0.0;0.0;0.0;0.0;0.0;0.0;0.0,38.8,0.08,0.06,1.61,14.851,0.445,488.0,2001.0,4,16,,,,,,,,,,,,,,,,,,,,,,,,,,,,,,,,,,,,,,,,,,,,,,,,,,,,,,,,,,,,,
48,summary,0.3989283491313945,0.989403231329577,0.3876916560138142,0.9886038880852415,0.00100000,48.8,,,,,,,,,,,,,,,,,,,,,,98,99.5,100,59,72.25,82,67,69.0,71,14,17.0,22,108.4,203.82,241.9,2730.0,10801.0,37.0,0,10.3,18.43,33.5,38.65,38.75,38.8,63.16,0.08,0.08,0.08,22.07,0.0,0.02,0.06,1.53,2.28,3.65,11.388,14.406,14.846,14.85,14.851,15.992,0.44,0.44,0.445,488.0,793.0,1318.0,0.0,1122.75,2490.0,4,4.0,4,16,16.0,16,4,16,2.06,26.48
49,1,,,,,,,100,71,64,23,117.4,2730,10801,37,0,33.8,32.2;32.5;41.1;42.7;35.3;36.6;73.9;75.5;43.5;53.9;95.6;38.1;24.0;25.5;12.6;13.0;21.0;22.4;9.9;10.2;18.0;20.2;17.1;15.8,38.62,0.08,0.04,1.7,14.841,0.435,1318.0,97.0,4,16,,,,,,,,,,,,,,,,,,,,,,,,,,,,,,,,,,,,,,,,,,,,,,,,,,,,,,,,,,,,,
49,2,,,,,,,100,50,70,16,241.8,2730,10801,37,0,19.0,7.3;5.3;22.3;14.1;7.3;8.1;71.3;75.7;50.4;31.0;80.3;46.6;4.8;4.2;2.2;1.9;3.6;2.9;1.9;1.7;3.1;2.7;2.7;3.3,38.71,0.08,0.0,2.51,14.841,0.435,1367.0,97.0,4,16,,,,,,,,,,,,,,,,,,,,,,,,,,,,,,,,,,,,,,,,,,,,,,,,,,,,,,,,,,,,,
49,3,,,,,,,100,68,70,21,242.7,2730,10801,37,0,10.4,3.2;0.9;5.0;1.6;1.7;1.7;54.0;47.5;11.6;15.6;43.8;58.4;0.5;0.0;0.0;0.0;0.2;0.4;0.0;0.1;0.1;0.2;0.9;1.4,38.68,0.08,0.0,1.64,14.841,0.435,35986.0,17138.0,4,16,,,,,,,,,,,,,,,,,,,,,,,,,,,,,,,,,,,,,,,,,,,,,,,,,,,,,,,,,,,,,
49,4,,,,,,,100,85,68,14,222.4,2730,10801,37,0,10.7,2.3;1.1;4.6;9.2;4.6;1.1;73.6;26.4;6.9;26.4;40.2;54.0;2.3;1.1;0.0;0.0;1.1;0.0;0.0;0.0;1.1;0.0;0.0;0.0,38.72,0.08,0.0,1.48,14.843,0.437,488.0,1416.0,4,16,,,,,,,,,,,,,,,,,,,,,,,,,,,,,,,,,,,,,,,,,,,,,,,,,,,,,,,,,,,,,
49,summary,0.3990427972617424,0.9894779441521652,0.3873487595941009,0.988639170165473,0.00100000,49.0,,,,,,,,,,,,,,,,,,,,,,100,100.0,100,50,68.5,85,64,68.0,70,14,18.5,23,117.4,206.07,242.7,2730.0,10801.0,37.0,0,10.4,18.47,33.8,38.62,38.68,38.72,63.16,0.08,0.08,0.08,22.07,0.0,0.01,0.04,1.48,1.83,2.51,11.388,14.406,14.841,14.84,14.843,15.992,0.435,0.44,0.437,488.0,9789.75,35986.0,97.0,4687.0,17138.0,4,4.0,4,16,16.0,16,4,16,2.12,26.48
50,1,,,,,,,0,0,66,18,74.6,2745,10801,37,0,32.3,29.3;29.1;39.9;42.6;31.0;33.9;72.8;67.2;51.2;42.8;80.6;59.0;23.3;24.3;11.2;12.8;20.0;20.2;9.6;8.3;18.5;18.3;15.4;15.4,38.54,0.08,0.01,1.0,14.841,0.435,1123.0,2050.0,4,16,,,,,,,,,,,,,,,,,,,,,,,,,,,,,,,,,,,,,,,,,,,,,,,,,,,,,,,,,,,,,
50,2,,,,,,,100,83,68,21,241.0,2730,10801,37,0,19.3,8.6;6.0;18.0;19.1;7.8;8.7;60.5;85.0;36.8;48.2;94.8;26.9;4.6;5.8;3.1;2.9;3.5;3.9;2.4;2.7;3.6;3.4;3.5;4.2,38.72,0.08,0.0,3.62,14.841,0.435,878.0,2197.0,4,16,,,,,,,,,,,,,,,,,,,,,,,,,,,,,,,,,,,,,,,,,,,,,,,,,,,,,,,,,,,,,
50,3,,,,,,,100,80,70,15,241.4,2730,10801,37,0,10.2,3.2;0.9;2.7;4.3;0.9;1.6;60.1;43.0;12.6;12.5;92.9;7.6;0.1;0.2;0.0;0.0;0.1;0.1;0.0;0.0;0.1;0.1;0.4;0.5,38.7,0.08,0.01,2.4,14.841,0.435,439.0,48.0,4,16,,,,,,,,,,,,,,,,,,,,,,,,,,,,,,,,,,,,,,,,,,,,,,,,,,,,,,,,,,,,,
50,4,,,,,,,100,46,71,20,213.8,2730,10801,37,0,11.4,3.4;2.3;5.7;6.8;3.4;4.5;100.0;1.1;14.8;28.1;9.0;87.6;1.1;2.3;0.0;0.0;1.1;1.1;0.0;0.0;0.0;0.0;0.0;0.0,38.74,0.08,0.01,1.53,14.843,0.437,23876.0,11181.0,4,16,,,,,,,,,,,,,,,,,,,,,,,,,,,,,,,,,,,,,,,,,,,,,,,,,,,,,,,,,,,,,
50,summary,0.39828088505532394,0.9898141518538119,0.3874474395670711,0.9886038880852415,0.00100000,48.6,,,,,,,,,,,,,,,,,,,,,,0,75.0,100,0,52.25,83,66,68.75,71,15,18.5,21,74.6,192.7,241.4,2733.8,10801.0,37.0,0,10.2,18.3,32.3,38.54,38.67,38.74,63.16,0.08,0.08,0.08,22.07,0.0,0.01,0.01,1.0,2.14,3.62,11.388,14.406,14.841,14.84,14.843,15.992,0.435,0.44,0.437,439.0,6579.0,23876.0,48.0,3869.0,11181.0,4,4.0,4,16,16.0,16,4,16,1.85,26.47
51,1,,,,,,,100,64,65,20,88.7,2730,10801,37,0,33.1,31.0;31.0;40.3;41.0;33.9;36.5;66.7;79.2;42.8;52.7;92.5;38.4;23.2;26.3;11.7;13.1;21.7;22.7;9.6;8.9;19.7;20.0;16.9;15.3,38.57,0.08,0.0,1.6,14.841,0.435,6689.0,14355.0,4,16,,,,,,,,,,,,,,,,,,,,,,,,,,,,,,,,,,,,,,,,,,,,,,,,,,,,,,,,,,,,,
51,2,,,,,,,98,78,65,17,239.1,2730,10801,37,0,18.4,7.5;4.1;20.6;12.1;7.7;5.8;52.1;81.4;43.6;34.9;96.4;39.7;4.1;5.6;2.1;1.9;2.6;2.4;1.4;2.0;3.0;3.0;3.0;3.6,38.7,0.08,0.03,2.55,14.841,0.435,2197.0,5371.0,4,16,,,,,,,,,,,,,,,,,,,,,,,,,,,,,,,,,,,,,,,,,,,,,,,,,,,,,,,,,,,,,
51,3,,,,,,,94,73,68,20,239.2,2730,10801,37,0,10.4,2.6;0.7;5.5;2.4;1.9;1.9;58.4;43.9;15.4;11.4;85.8;15.2;0.7;0.5;0.1;0.2;0.2;0.1;0.4;0.5;0.6;0.1;0.0;1.4,38.67,0.08,0.01,1.65,14.841,0.435,1123.0,2001.0,4,16,,,,,,,,,,,,,,,,,,,,,,,,,,,,,,,,,,,,,,,,,,,,,,,,,,,,,,,,,,,,,
51,4,,,,,,,100,68,70,16,213.3,2730,10801,37,0,10.3,0.0;0.0;10.2;1.1;2.3;1.1;3.4;97.7;13.8;21.8;55.2;36.8;0.0;0.0;0.0;0.0;1.1;0.0;0.0;0.0;2.3;0.0;0.0;0.0,38.7,0.08,0.0,1.51,14.843,0.437,537.0,292.0,4,16,,,,,,,,,,,,,,,,,,,,,,,,,,,,,,,,,,,,,,,,,,,,,,,,,,,,,,,,,,,,,
51,summary,0.39657103262475935,0.9900133860473804,0.387176716168472,0.988639170165473,0.00100000,48.9,,,,,,,,,,,,,,,,,,,,,,94,98.0,100,64,70.75,78,65,67.0,70,16,18.25,20,88.7,195.07,239.2,2730.0,10801.0,37.0,0,10.3,18.05,33.1,38.57,38.66,38.7,63.16,0.08,0.08,0.08,22.07,0.0,0.01,0.03,1.51,1.83,2.55,11.388,14.406,14.841,14.84,14.843,15.992,0.435,0.44,0.437,537.0,2636.5,6689.0,292.0,5504.75,14355.0,4,4.0,4,16,16.0,16,4,16,2.08,26.47
52,1,,,,,,,27,22,57,20,61.4,2745,10801,37,0,33.2,30.8;29.3;41.6;38.6;34.2;33.3;75.7;70.3;47.1;47.1;67.9;71.8;25.6;24.8;11.7;13.1;21.9;22.4;9.7;8.8;19.1;19.4;16.4;15.4,38.76,0.08,0.01,0.98,14.841,0.435,1123.0,2001.0,4,16,,,,,,,,,,,,,,,,,,,,,,,,,,,,,,,,,,,,,,,,,,,,,,,,,,,,,,,,,,,,,
52,2,,,,,,,100,82,69,18,240.2,2730,10801,37,0,17.5,6.2;3.6;17.7;12.7;5.1;6.8;86.4;48.8;37.0;40.5;68.5;66.3;2.7;2.8;1.0;1.4;1.9;1.7;0.7;0.7;2.1;1.2;1.4;1.5,38.71,0.08,0.0,3.63,14.841,0.435,439.0,0.0,4,16,,,,,,,,,,,,,,,,,,,,,,,,,,,,,,,,,,,,,,,,,,,,,,,,,,,,,,,,,,,,,
52,3,,,,,,,100,58,69,15,241.3,2730,10801,37,0,10.4,3.9;1.1;3.5;3.5;1.0;1.1;49.5;53.9;8.2;19.2;91.3;8.9;0.7;0.6;0.0;0.0;0.1;0.1;0.2;0.4;0.0;0.2;0.1;1.2,38.67,0.08,0.0,2.5,14.841,0.435,537.0,1367.0,4,16,,,,,,,,,,,,,,,,,,,,,,,,,,,,,,,,,,,,,,,,,,,,,,,,,,,,,,,,,,,,,
52,4,,,,,,,100,60,69,21,242.0,2730,10801,37,0,13.6,6.7;2.3;11.4;10.3;8.0;6.8;36.4;71.3;21.8;28.1;87.5;15.7;2.3;2.3;1.2;1.2;3.4;1.1;0.0;0.0;2.3;1.2;1.2;3.4,38.71,0.08,0.0,1.48,14.843,0.437,3906.0,2099.0,4,16,,,,,,,,,,,,,,,,,,,,,,,,,,,,,,,,,,,,,,,,,,,,,,,,,,,,,,,,,,,,,
52,summary,0.3971311175689244,0.9899386732247922,0.3869705213391486,0.9888508626468616,0.00100000,49.2,,,,,,,,,,,,,,,,,,,,,,27,81.75,100,22,55.5,82,57,66.0,69,15,18.5,21,61.4,196.22,242.0,2733.8,10801.0,37.0,0,10.4,18.68,33.2,38.67,38.71,38.76,63.16,0.08,0.08,0.08,22.07,0.0,0.0,0.01,0.98,2.15,3.63,11.388,14.406,14.841,14.84,14.843,15.992,0.435,0.44,0.437,439.0,1501.25,3906.0,0.0,1366.75,2099.0,4,4.0,4,16,16.0,16,4,16,2.26,26.46
53,1,,,,,,,100,88,63,23,115.6,2730,10801,37,0,33.8,30.9;30.4;44.8;36.3;36.2;34.7;71.6;74.8;47.5;49.1;67.5;70.3;25.7;25.6;12.1;12.5;23.2;24.8;9.9;9.3;20.6;20.7;16.4;16.5,39.17,0.08,0.01,1.51,14.841,0.435,1367.0,10156.0,4,16,,,,,,,,,,,,,,,,,,,,,,,,,,,,,,,,,,,,,,,,,,,,,,,,,,,,,,,,,,,,,
53,2,,,,,,,100,72,66,18,241.6,2730,10801,37,0,15.7,5.0;1.9;15.6;7.9;5.1;2.5;78.1;67.5;41.8;32.8;93.0;19.3;1.9;1.0;0.4;0.9;0.9;0.7;0.1;0.1;0.2;0.4;0.5;0.6,38.74,0.08,0.0,3.94,14.841,0.435,1025.0,292.0,4,16,,,,,,,,,,,,,,,,,,,,,,,,,,,,,,,,,,,,,,,,,,,,,,,,,,,,,,,,,,,,,
53,3,,,,,,,100,46,68,18,241.5,2730,10801,37,0,10.4,4.4;1.0;5.5;1.9;1.7;1.1;39.0;64.6;18.1;7.2;100.0;0.4;0.5;0.6;0.0;0.1;0.4;0.1;0.0;0.0;0.1;0.1;0.1;1.6,38.7,0.08,0.0,2.21,14.841,0.435,27734.0,242431.0,4,16,,,,,,,,,,,,,,,,,,,,,,,,,,,,,,,,,,,,,,,,,,,,,,,,,,,,,,,,,,,,,
53,4,,,,,,,98,69,68,15,234.0,2730,10801,37,0,12.1,5.7;2.3;12.5;0.0;2.3;6.9;78.2;26.7;21.8;22.1;100.0;2.3;1.2;2.3;0.0;0.0;0.0;1.2;0.0;1.2;1.2;0.0;0.0;0.0,38.74,0.08,0.0,1.46,14.843,0.437,488.0,488.0,4,16,,,,,,,,,,,,,,,,,,,,,,,,,,,,,,,,,,,,,,,,,,,,,,,,,,,,,,,,,,,,,
53,summary,0.39633752791376786,0.9900818728014196,0.3870959024727439,0.9888508626468616,0.00100000,49.3,,,,,,,,,,,,,,,,,,,,,,98,99.5,100,46,68.75,88,63,66.25,68,15,18.5,23,115.6,208.18,241.6,2730.0,10801.0,37.0,0,10.4,18.0,33.8,38.7,38.84,39.17,63.16,0.08,0.08,0.08,22.07,0.0,0.0,0.01,1.46,2.28,3.94,11.388,14.406,14.841,14.84,14.843,15.992,0.435,0.44,0.437,488.0,7653.5,27734.0,292.0,63341.75,242431.0,4,4.0,4,16,16.0,16,4,16,2.32,26.66
54,1,,,,,,,100,50,68,19,97.4,2730,10801,37,0,33.5,31.1;30.5;44.7;39.7;35.4;33.9;68.9;74.9;47.6;45.5;94.0;48.8;25.0;24.4;11.6;11.7;20.6;23.1;9.5;9.8;19.9;20.1;17.1;16.1,38.76,0.08,0.0,1.51,14.841,0.435,927.0,97.0,4,16,,,,,,,,,,,,,,,,,,,,,,,,,,,,,,,,,,,,,,,,,,,,,,,,,,,,,,,,,,,,,
54,2,,,,,,,100,80,70,21,239.6,2730,10801,36,0,17.0,5.0;3.6;14.7;15.5;3.6;7.7;74.6;67.7;36.3;41.8;85.4;34.4;3.0;2.1;0.6;0.7;1.0;1.0;1.9;2.0;1.1;1.0;1.4;1.7,38.71,0.08,0.01,2.55,14.841,0.435,488.0,2099.0,4,16,,,,,,,,,,,,,,,,,,,,,,,,,,,,,,,,,,,,,,,,,,,,,,,,,,,,,,,,,,,,,
54,3,,,,,,,98,76,67,15,238.8,2730,10801,37,0,10.2,2.7;0.5;3.0;3.9;1.9;1.0;42.3;59.6;5.2;19.6;99.3;1.5;0.6;0.1;0.1;0.0;0.2;0.4;0.0;0.1;0.0;0.5;0.5;1.5,38.7,0.08,0.0,1.8,14.841,0.435,1123.0,537.0,4,16,,,,,,,,,,,,,,,,,,,,,,,,,,,,,,,,,,,,,,,,,,,,,,,,,,,,,,,,,,,,,
54,4,,,,,,,100,79,70,21,212.4,2730,10801,37,0,11.1,7.8;1.1;4.6;4.6;2.3;1.1;65.5;33.3;17.2;27.6;98.9;1.1;0.0;0.0;0.0;0.0;0.0;0.0;0.0;0.0;0.0;0.0;0.0;2.3,38.73,0.08,0.09,1.71,14.843,0.437,976.0,2050.0,4,16,,,,,,,,,,,,,,,,,,,,,,,,,,,,,,,,,,,,,,,,,,,,,,,,,,,,,,,,,,,,,
54,summary,0.39681206656022605,0.9900880988699685,0.387087793669115,0.9887802984863988,0.00100000,48.8,,,,,,,,,,,,,,,,,,,,,,98,99.5,100,50,71.25,80,67,68.75,70,15,19.0,21,97.4,197.05,239.6,2730.0,10801.0,36.8,0,10.2,17.95,33.5,38.7,38.73,38.76,63.16,0.08,0.08,0.08,22.07,0.0,0.02,0.09,1.51,1.89,2.55,11.388,14.406,14.841,14.84,14.843,15.992,0.435,0.44,0.437,488.0,878.5,1123.0,97.0,1195.75,2099.0,4,4.0,4,16,16.0,16,4,16,2.27,26.47
55,1,,,,,,,13,9,65,19,77.3,2745,10801,36,0,33.9,31.6;30.5;43.3;39.8;34.0;36.6;71.7;73.5;43.3;51.9;96.7;39.4;24.2;24.5;12.2;13.5;22.1;23.3;10.8;10.5;21.3;21.0;19.8;17.3,38.66,0.08,0.0,0.91,14.841,0.435,3076.0,3320.0,4,16,,,,,,,,,,,,,,,,,,,,,,,,,,,,,,,,,,,,,,,,,,,,,,,,,,,,,,,,,,,,,
55,2,,,,,,,89,69,67,17,237.9,2730,10801,37,0,18.2,5.8;4.5;24.6;9.7;5.7;6.6;85.1;73.0;47.9;32.3;96.3;17.0;4.0;2.6;1.4;1.7;2.1;2.6;1.6;1.4;2.4;2.9;2.5;2.7,38.74,0.08,0.02,2.56,14.841,0.435,1318.0,2050.0,4,16,,,,,,,,,,,,,,,,,,,,,,,,,,,,,,,,,,,,,,,,,,,,,,,,,,,,,,,,,,,,,
55,3,,,,,,,100,81,69,18,240.2,2730,10801,37,0,10.5,4.6;1.5;3.5;4.4;1.9;1.5;59.2;43.3;18.0;8.3;90.6;9.8;0.6;1.1;0.1;0.1;0.4;0.5;0.2;0.1;0.2;0.4;0.1;1.0,38.71,0.08,0.0,1.63,14.841,0.435,1123.0,2148.0,4,16,,,,,,,,,,,,,,,,,,,,,,,,,,,,,,,,,,,,,,,,,,,,,,,,,,,,,,,,,,,,,
55,4,,,,,,,100,50,68,21,207.7,2730,10801,37,0,12.7,3.4;3.4;12.4;9.1;8.0;3.4;39.3;59.1;23.6;23.9;64.0;36.4;1.1;3.4;1.1;1.2;1.1;0.0;2.4;0.0;2.3;0.0;2.3;1.1,38.74,0.08,0.0,1.5,14.843,0.437,1318.0,2099.0,4,16,,,,,,,,,,,,,,,,,,,,,,,,,,,,,,,,,,,,,,,,,,,,,,,,,,,,,,,,,,,,,
55,summary,0.3955985923545675,0.9900818728014196,0.3869815306059875,0.9887802984863988,0.00100000,48.9,,,,,,,,,,,,,,,,,,,,,,13,75.5,100,9,52.25,81,65,67.25,69,17,18.75,21,77.3,190.78,240.2,2733.8,10801.0,36.8,0,10.5,18.82,33.9,38.66,38.71,38.74,63.16,0.08,0.08,0.08,22.07,0.0,0.01,0.02,0.91,1.65,2.56,11.388,14.406,14.841,14.84,14.843,15.992,0.435,0.44,0.437,1123.0,1708.75,3076.0,2050.0,2404.25,3320.0,4,4.0,4,16,16.0,16,4,16,2.14,26.47
56,1,,,,,,,100,46,65,19,99.3,2745,10801,37,0,33.5,31.4;29.0;43.1;38.9;33.9;34.5;75.6;67.9;48.3;43.8;97.3;42.4;23.8;24.1;13.4;15.6;21.5;22.5;12.4;10.3;20.4;20.7;18.2;16.0,38.57,0.08,0.01,1.03,14.841,0.435,683.0,2343.0,4,16,,,,,,,,,,,,,,,,,,,,,,,,,,,,,,,,,,,,,,,,,,,,,,,,,,,,,,,,,,,,,
56,2,,,,,,,100,76,67,15,242.3,2730,10801,37,0,18.1,7.4;5.9;15.8;19.4;6.0;9.9;65.1;53.9;34.9;44.2;79.9;60.1;3.4;3.7;1.9;2.0;3.6;4.1;1.5;1.4;2.7;3.2;2.2;2.2,38.71,0.08,0.03,2.54,14.841,0.435,1367.0,1953.0,4,16,,,,,,,,,,,,,,,,,,,,,,,,,,,,,,,,,,,,,,,,,,,,,,,,,,,,,,,,,,,,,
56,3,,,,,,,98,69,65,17,238.9,2730,10801,37,0,10.3,3.0;1.5;3.5;4.0;1.4;2.1;48.6;54.3;5.8;20.1;99.5;0.2;0.1;0.4;0.1;0.1;0.4;0.7;0.1;0.0;0.4;0.0;0.4;0.7,38.68,0.08,0.0,1.62,14.841,0.435,1953.0,488.0,4,16,,,,,,,,,,,,,,,,,,,,,,,,,,,,,,,,,,,,,,,,,,,,,,,,,,,,,,,,,,,,,
56,4,,,,,,,100,83,68,16,213.6,2730,10801,37,0,10.5,3.4;0.0;1.1;4.6;4.6;2.3;46.0;52.9;8.0;27.6;100.0;0.0;0.0;1.1;0.0;0.0;0.0;1.1;0.0;0.0;0.0;0.0;0.0;0.0,38.73,0.08,0.0,1.57,14.843,0.437,1562.0,6445.0,4,16,,,,,,,,,,,,,,,,,,,,,,,,,,,,,,,,,,,,,,,,,,,,,,,,,,,,,,,,,,,,,
56,summary,0.39483392488368996,0.9902250723780469,0.38703398653342375,0.9888508626468616,0.00100000,48.7,,,,,,,,,,,,,,,,,,,,,,98,99.5,100,46,68.5,83,65,66.25,68,15,16.75,19,99.3,198.53,242.3,2733.8,10801.0,37.0,0,10.3,18.1,33.5,38.57,38.67,38.73,63.16,0.08,0.08,0.08,22.07,0.0,0.01,0.03,1.03,1.69,2.54,11.388,14.406,14.841,14.84,14.843,15.992,0.435,0.44,0.437,683.0,1391.25,1953.0,488.0,2807.25,6445.0,4,4.0,4,16,16.0,16,4,16,2.03,26.47
57,1,,,,,,,100,46,66,17,100.1,2730,10801,37,0,33.4,30.0;30.1;37.6;43.5;32.6;35.7;76.6;72.7;46.0;50.9;94.7;35.5;24.0;23.9;12.7;13.5;21.5;23.0;10.6;11.0;20.3;20.5;17.6;17.7,38.72,0.08,0.01,0.99,14.841,0.435,488.0,1953.0,4,16,,,,,,,,,,,,,,,,,,,,,,,,,,,,,,,,,,,,,,,,,,,,,,,,,,,,,,,,,,,,,
57,2,,,,,,,100,81,70,14,240.5,2745,10801,37,0,18.2,7.5;5.1;18.4;11.2;8.6;5.7;72.8;86.7;47.2;40.8;88.6;13.6;3.7;4.6;1.5;2.1;2.2;2.9;1.6;2.0;1.9;2.4;3.7;3.1,38.71,0.08,0.01,2.51,14.841,0.435,683.0,7714.0,4,16,,,,,,,,,,,,,,,,,,,,,,,,,,,,,,,,,,,,,,,,,,,,,,,,,,,,,,,,,,,,,
57,3,,,,,,,98,74,69,15,239.2,2730,10801,37,0,10.5,5.7;1.5;5.0;2.5;1.9;1.4;66.6;34.6;18.5;7.3;72.0;29.9;0.9;0.5;0.2;0.1;0.6;0.1;0.2;0.1;0.2;0.2;0.7;1.6,38.68,0.08,0.0,1.8,14.841,0.435,2978.0,97.0,4,16,,,,,,,,,,,,,,,,,,,,,,,,,,,,,,,,,,,,,,,,,,,,,,,,,,,,,,,,,,,,,
57,4,,,,,,,100,79,68,16,212.3,2730,10801,37,0,14.2,3.4;3.4;16.1;8.0;8.0;11.4;14.8;85.1;31.8;23.0;100.0;1.1;3.4;8.0;2.3;0.0;2.3;1.1;0.0;2.3;2.3;4.5;0.0;7.9,38.71,0.08,0.0,1.5,14.843,0.437,781.0,2001.0,4,16,,,,,,,,,,,,,,,,,,,,,,,,,,,,,,,,,,,,,,,,,,,,,,,,,,,,,,,,,,,,,
57,summary,0.3939442806879892,0.9906546711079289,0.38719332793859806,0.9887097343259359,0.00100000,48.7,,,,,,,,,,,,,,,,,,,,,,98,99.5,100,46,70.0,81,66,68.25,70,14,15.5,17,100.1,198.03,240.5,2733.8,10801.0,37.0,0,10.5,19.07,33.4,38.68,38.7,38.72,63.16,0.08,0.08,0.08,22.07,0.0,0.01,0.01,0.99,1.7,2.51,11.388,14.406,14.841,14.84,14.843,15.992,0.435,0.44,0.437,488.0,1232.5,2978.0,97.0,2941.25,7714.0,4,4.0,4,16,16.0,16,4,16,2.21,26.47
58,1,,,,,,,100,83,66,17,134.2,2730,10801,37,0,33.4,33.6;30.1;38.7;44.1;37.3;35.0;64.9;80.9;43.1;54.5;86.2;52.9;24.8;25.6;10.2;12.2;19.6;21.1;8.9;8.9;18.9;19.6;16.1;14.6,38.5,0.08,0.01,0.98,14.841,0.435,48.0,2001.0,4,16,,,,,,,,,,,,,,,,,,,,,,,,,,,,,,,,,,,,,,,,,,,,,,,,,,,,,,,,,,,,,
58,2,,,,,,,100,51,70,15,241.0,2730,10801,37,0,19.4,8.7;6.6;20.2;17.5;6.8;9.1;55.8;90.2;45.7;32.0;95.3;29.3;5.8;5.6;3.5;3.4;4.0;4.6;3.0;2.9;3.5;4.0;3.1;4.1,38.72,0.08,0.0,2.49,14.841,0.435,927.0,0.0,4,16,,,,,,,,,,,,,,,,,,,,,,,,,,,,,,,,,,,,,,,,,,,,,,,,,,,,,,,,,,,,,
58,3,,,,,,,100,59,69,21,240.8,2730,10801,37,0,11.0,4.5;1.7;4.2;4.7;2.9;3.3;45.7;57.2;8.9;19.7;68.8;33.9;1.2;0.6;0.4;0.2;1.1;0.7;0.2;0.4;0.7;0.7;1.1;1.2,38.68,0.08,0.0,1.66,14.841,0.435,1562.0,2050.0,4,16,,,,,,,,,,,,,,,,,,,,,,,,,,,,,,,,,,,,,,,,,,,,,,,,,,,,,,,,,,,,,
58,4,,,,,,,98,78,69,14,225.9,2730,10801,37,0,13.4,7.8;5.7;17.0;5.7;5.6;3.4;12.4;87.5;26.1;27.3;87.5;12.6;3.4;1.1;1.1;0.0;2.3;2.3;0.0;0.0;2.3;1.1;1.1;6.7,38.72,0.08,0.09,1.84,14.843,0.437,48.0,5419.0,4,16,,,,,,,,,,,,,,,,,,,,,,,,,,,,,,,,,,,,,,,,,,,,,,,,,,,,,,,,,,,,,
58,summary,0.3943330767787572,0.9905052454627525,0.38714567263293015,0.9887450164061673,0.00100000,48.5,,,,,,,,,,,,,,,,,,,,,,98,99.5,100,51,67.75,83,66,68.5,70,14,16.75,21,134.2,210.47,241.0,2730.0,10801.0,37.0,0,11.0,19.3,33.4,38.5,38.66,38.72,63.16,0.08,0.08,0.08,22.07,0.0,0.02,0.09,0.98,1.74,2.49,11.388,14.406,14.841,14.84,14.843,15.992,0.435,0.44,0.437,48.0,646.25,1562.0,0.0,2367.5,5419.0,4,4.0,4,16,16.0,16,4,16,1.82,26.47
59,1,,,,,,,100,54,68,18,98.3,2745,10801,37,0,33.3,32.3;30.7;40.5;39.8;34.3;34.9;75.7;72.5;52.5;44.5;94.9;39.6;25.0;24.8;11.6;13.1;20.5;21.6;8.3;10.3;18.1;19.5;16.1;17.8,38.52,0.08,0.0,0.99,14.841,0.435,488.0,97.0,4,16,,,,,,,,,,,,,,,,,,,,,,,,,,,,,,,,,,,,,,,,,,,,,,,,,,,,,,,,,,,,,
59,2,,,,,,,98,79,70,19,239.0,2730,10801,37,0,19.2,8.9;6.0;17.8;18.2;9.8;7.7;77.0;75.7;46.8;37.2;61.0;53.5;4.1;5.1;2.9;2.0;3.8;4.0;2.6;2.1;3.6;3.9;3.1;4.4,38.72,0.08,0.0,2.51,14.841,0.435,0.0,2343.0,4,16,,,,,,,,,,,,,,,,,,,,,,,,,,,,,,,,,,,,,,,,,,,,,,,,,,,,,,,,,,,,,
59,3,,,,,,,98,81,68,15,239.7,2730,10801,37,0,10.6,3.9;1.1;6.3;4.0;2.7;1.2;50.2;50.6;18.0;9.3;51.5;50.9;0.5;0.9;0.0;0.0;0.5;0.2;0.1;0.0;0.4;0.1;0.4;1.7,38.69,0.08,0.0,1.64,14.841,0.435,1318.0,439.0,4,16,,,,,,,,,,,,,,,,,,,,,,,,,,,,,,,,,,,,,,,,,,,,,,,,,,,,,,,,,,,,,
59,4,,,,,,,100,72,69,17,212.6,2730,10801,37,0,10.3,7.8;0.0;4.5;4.5;1.1;2.3;7.9;86.4;14.8;18.0;98.9;1.1;0.0;1.1;0.0;0.0;1.1;0.0;0.0;0.0;0.0;0.0;0.0;0.0,38.72,0.08,0.0,1.54,14.843,0.437,244.0,3271.0,4,16,,,,,,,,,,,,,,,,,,,,,,,,,,,,,,,,,,,,,,,,,,,,,,,,,,,,,,,,,,,,,
59,summary,0.3937326482228657,0.9908165488902033,0.38711746410757764,0.9887802984863988,0.00100000,48.5,,,,,,,,,,,,,,,,,,,,,,98,99.0,100,54,71.5,81,68,68.75,70,15,17.25,19,98.3,197.4,239.7,2733.8,10801.0,37.0,0,10.3,18.35,33.3,38.52,38.66,38.72,63.16,0.08,0.08,0.08,22.07,0.0,0.0,0.0,0.99,1.67,2.51,11.388,14.406,14.841,14.84,14.843,15.992,0.435,0.44,0.437,0.0,512.5,1318.0,97.0,1537.5,3271.0,4,4.0,4,16,16.0,16,4,16,1.91,26.47
60,1,,,,,,,0,0,63,18,58.0,2745,10801,36,0,33.4,31.7;30.4;42.7;41.8;34.4;35.4;72.9;69.5;40.3;49.2;84.7;55.5;24.1;25.5;11.0;12.5;23.1;23.9;8.8;9.5;20.5;20.3;17.0;17.6,38.61,0.08,0.01,1.0,14.841,0.435,439.0,2148.0,4,16,,,,,,,,,,,,,,,,,,,,,,,,,,,,,,,,,,,,,,,,,,,,,,,,,,,,,,,,,,,,,
60,2,,,,,,,100,76,68,22,239.8,2730,10801,37,0,18.2,5.9;5.7;17.7;16.2;5.9;8.4;70.3;71.9;37.3;38.0;93.6;35.4;3.8;4.1;2.0;1.6;2.9;3.3;1.7;1.5;2.5;2.6;2.1;3.3,38.72,0.08,0.01,2.52,14.841,0.435,1562.0,2050.0,4,16,,,,,,,,,,,,,,,,,,,,,,,,,,,,,,,,,,,,,,,,,,,,,,,,,,,,,,,,,,,,,
60,3,,,,,,,100,79,69,16,239.8,2730,10801,37,0,10.6,3.8;1.2;4.5;4.6;0.9;2.0;41.4;61.5;9.3;19.7;97.4;3.5;1.0;1.0;0.0;0.1;0.6;0.6;0.0;0.0;0.0;0.5;0.2;1.5,38.71,0.08,0.0,1.63,14.841,0.435,62011.0,109716.0,4,16,,,,,,,,,,,,,,,,,,,,,,,,,,,,,,,,,,,,,,,,,,,,,,,,,,,,,,,,,,,,,
60,4,,,,,,,97,76,69,16,239.6,2730,10801,37,0,11.1,3.4;1.2;4.6;12.6;2.3;3.4;66.7;33.3;9.2;24.1;100.0;0.0;1.1;1.2;0.0;0.0;0.0;0.0;0.0;0.0;0.0;0.0;0.0;0.0,38.75,0.08,0.0,1.51,14.843,0.437,1562.0,2001.0,4,16,,,,,,,,,,,,,,,,,,,,,,,,,,,,,,,,,,,,,,,,,,,,,,,,,,,,,,,,,,,,,
60,summary,0.39360983388898113,0.9907418360676151,0.38711427514026403,0.9888861447270931,0.00100000,48.6,,,,,,,,,,,,,,,,,,,,,,0,74.25,100,0,57.75,79,63,67.25,69,16,18.0,22,58.0,194.3,239.8,2733.8,10801.0,36.8,0,10.6,18.32,33.4,38.61,38.7,38.75,63.16,0.08,0.08,0.08,22.07,0.0,0.01,0.01,1.0,1.67,2.52,11.388,14.406,14.841,14.84,14.843,15.992,0.435,0.44,0.437,439.0,16393.5,62011.0,2001.0,28978.75,109716.0,4,4.0,4,16,16.0,16,4,16,2.1,26.47
61,1,,,,,,,100,69,67,16,118.4,2730,10801,37,0,33.5,32.7;31.4;40.3;41.1;34.8;34.9;69.7;70.0;51.3;45.1;76.9;66.6;23.9;25.0;10.5;12.7;22.9;23.3;8.6;8.8;21.1;20.4;15.9;15.9,38.63,0.08,0.0,0.98,14.841,0.435,683.0,2001.0,4,16,,,,,,,,,,,,,,,,,,,,,,,,,,,,,,,,,,,,,,,,,,,,,,,,,,,,,,,,,,,,,
61,2,,,,,,,100,48,70,17,241.4,2730,10801,37,0,17.9,8.7;3.8;20.1;15.8;7.1;5.5;84.1;58.1;41.3;34.7;89.8;33.7;2.6;2.6;2.4;2.1;2.0;2.6;2.0;1.9;1.7;2.4;2.0;2.7,38.7,0.08,0.01,2.56,14.841,0.435,3271.0,2050.0,4,16,,,,,,,,,,,,,,,,,,,,,,,,,,,,,,,,,,,,,,,,,,,,,,,,,,,,,,,,,,,,,
61,3,,,,,,,100,63,68,18,241.3,2730,10801,37,0,10.3,4.5;1.6;3.9;3.0;1.7;1.4;38.7;62.1;12.4;12.3;62.7;40.0;0.5;0.1;0.1;0.0;0.2;0.2;0.4;0.2;0.0;0.6;0.5;1.1,38.67,0.08,0.0,1.66,14.841,0.435,1123.0,2050.0,4,16,,,,,,,,,,,,,,,,,,,,,,,,,,,,,,,,,,,,,,,,,,,,,,,,,,,,,,,,,,,,,
61,4,,,,,,,98,77,68,15,224.2,2730,10801,37,0,11.1,1.2;0.0;8.1;5.8;3.5;3.5;89.5;5.8;19.8;24.4;98.9;3.5;1.2;1.2;0.0;0.0;0.0;0.0;0.0;0.0;0.0;0.0;0.0;0.0,38.7,0.08,0.0,1.47,14.843,0.437,0.0,2343.0,4,16,,,,,,,,,,,,,,,,,,,,,,,,,,,,,,,,,,,,,,,,,,,,,,,,,,,,,,,,,,,,,
61,summary,0.3922105696857953,0.9910904959063599,0.38711090138025567,0.9887450164061673,0.00100000,48.8,,,,,,,,,,,,,,,,,,,,,,98,99.5,100,48,64.25,77,67,68.25,70,15,16.5,18,118.4,206.32,241.4,2730.0,10801.0,37.0,0,10.3,18.2,33.5,38.63,38.68,38.7,63.16,0.08,0.08,0.08,22.07,0.0,0.0,0.01,0.98,1.67,2.56,11.388,14.406,14.841,14.84,14.843,15.992,0.435,0.44,0.437,0.0,1269.25,3271.0,2001.0,2111.0,2343.0,4,4.0,4,16,16.0,16,4,16,2.12,26.46
62,1,,,,,,,100,57,64,20,84.9,2700,10801,37,0,33.8,31.9;30.5;43.5;37.6;35.5;34.4;64.8;81.2;49.7;45.7;87.4;52.1;24.1;25.9;13.3;13.6;22.5;23.1;9.3;10.0;20.1;20.1;17.3;16.9,38.8,0.08,0.0,0.98,14.841,0.435,439.0,2001.0,4,16,,,,,,,,,,,,,,,,,,,,,,,,,,,,,,,,,,,,,,,,,,,,,,,,,,,,,,,,,,,,,
62,2,,,,,,,98,70,69,15,238.4,2730,10801,37,0,16.7,4.2;3.2;15.3;12.4;4.2;6.0;67.6;53.2;29.1;54.2;91.1;50.3;1.9;2.2;0.5;0.4;0.9;0.9;0.1;0.5;0.5;0.4;0.2;0.6,38.7,0.08,0.0,2.52,14.841,0.435,1513.0,1953.0,4,16,,,,,,,,,,,,,,,,,,,,,,,,,,,,,,,,,,,,,,,,,,,,,,,,,,,,,,,,,,,,,
62,3,,,,,,,100,87,64,16,240.9,2730,10801,37,0,10.3,4.1;0.7;3.1;3.5;2.0;1.1;38.2;63.8;10.3;14.1;78.2;22.8;0.9;0.6;0.1;0.0;0.4;0.2;0.1;0.1;0.4;0.0;0.2;1.1,38.68,0.08,0.02,1.84,14.841,0.435,683.0,48.0,4,16,,,,,,,,,,,,,,,,,,,,,,,,,,,,,,,,,,,,,,,,,,,,,,,,,,,,,,,,,,,,,
62,4,,,,,,,100,46,70,17,208.2,2730,10801,37,0,11.9,3.4;1.1;10.2;6.8;4.5;5.7;98.9;1.1;10.2;27.3;64.8;37.1;4.5;1.1;0.0;0.0;1.1;2.2;0.0;0.0;0.0;1.1;0.0;2.2,38.71,0.08,0.0,1.44,14.843,0.437,1757.0,2001.0,4,16,,,,,,,,,,,,,,,,,,,,,,,,,,,,,,,,,,,,,,,,,,,,,,,,,,,,,,,,,,,,,
62,summary,0.3922960766469972,0.9905986364909878,0.3870558855570865,0.9887802984863988,0.00100000,49.4,,,,,,,,,,,,,,,,,,,,,,98,99.5,100,46,65.0,87,64,66.75,70,15,17.0,20,84.9,193.1,240.9,2722.5,10801.0,37.0,0,10.3,18.18,33.8,38.68,38.72,38.8,63.16,0.08,0.08,0.08,22.07,0.0,0.01,0.02,0.98,1.7,2.52,11.388,14.406,14.841,14.84,14.843,15.992,0.435,0.44,0.437,439.0,1098.0,1757.0,48.0,1500.75,2001.0,4,4.0,4,16,16.0,16,4,16,2.31,26.58
63,1,,,,,,,100,94,63,18,134.9,2730,10801,37,0,32.9,30.5;30.2;39.0;39.2;33.4;33.7;74.5;73.4;43.7;46.4;78.2;62.5;23.9;24.3;11.9;12.6;21.1;22.7;9.7;9.1;19.3;18.7;16.1;15.8,38.59,0.08,0.0,0.89,14.841,0.435,6103.0,2050.0,4,16,,,,,,,,,,,,,,,,,,,,,,,,,,,,,,,,,,,,,,,,,,,,,,,,,,,,,,,,,,,,,
63,2,,,,,,,100,68,67,18,241.1,2730,10801,36,0,18.4,6.3;3.8;19.1;13.0;6.6;5.9;64.9;79.1;38.5;43.5;96.7;29.0;3.8;4.3;2.4;2.0;3.1;2.7;2.9;3.3;2.6;2.6;2.7;3.1,38.73,0.08,0.0,2.52,14.841,0.435,3369.0,0.0,4,16,,,,,,,,,,,,,,,,,,,,,,,,,,,,,,,,,,,,,,,,,,,,,,,,,,,,,,,,,,,,,
63,3,,,,,,,100,46,68,14,241.7,2730,10801,37,0,10.6,4.4;0.6;6.9;2.0;1.6;2.4;50.4;52.5;12.4;14.7;99.3;0.9;0.4;0.7;0.2;0.2;0.7;0.5;0.1;0.1;0.5;0.1;0.9;1.1,38.7,0.08,0.0,1.64,14.841,0.435,1562.0,2050.0,4,16,,,,,,,,,,,,,,,,,,,,,,,,,,,,,,,,,,,,,,,,,,,,,,,,,,,,,,,,,,,,,
63,4,,,,,,,98,61,69,16,240.9,2730,10801,37,0,11.1,2.3;0.0;15.1;3.5;4.7;2.3;61.6;36.0;21.8;18.4;90.7;9.3;1.2;0.0;0.0;0.0;0.0;0.0;0.0;0.0;0.0;0.0;0.0;0.0,38.73,0.08,0.01,1.52,14.843,0.437,439.0,2343.0,4,16,,,,,,,,,,,,,,,,,,,,,,,,,,,,,,,,,,,,,,,,,,,,,,,,,,,,,,,,,,,,,
63,summary,0.3929158401827703,0.9906795753821249,0.38706522808832694,0.9888861447270931,0.00100000,49.1,,,,,,,,,,,,,,,,,,,,,,98,99.5,100,46,67.25,94,63,66.75,69,14,16.5,18,134.9,214.65,241.7,2730.0,10801.0,36.8,0,10.6,18.25,32.9,38.59,38.69,38.73,63.16,0.08,0.08,0.08,22.07,0.0,0.0,0.01,0.89,1.64,2.52,11.388,14.406,14.841,14.84,14.843,15.992,0.435,0.44,0.437,439.0,2868.25,6103.0,0.0,1610.75,2343.0,4,4.0,4,16,16.0,16,4,16,2.07,26.48
64,1,,,,,,,100,75,66,20,120.2,2730,10801,37,0,33.3,32.4;29.9;41.3;41.2;33.4;36.2;81.3;66.2;48.6;48.9;85.8;47.8;25.8;24.2;10.0;12.5;21.7;22.8;8.5;9.6;18.0;20.4;17.3;15.7,38.55,0.08,0.0,0.97,14.841,0.435,683.0,2343.0,4,16,,,,,,,,,,,,,,,,,,,,,,,,,,,,,,,,,,,,,,,,,,,,,,,,,,,,,,,,,,,,,
64,2,,,,,,,100,53,70,17,241.2,2730,10801,37,0,18.3,6.5;5.1;17.5;15.0;5.8;7.7;68.4;56.0;41.7;45.1;90.8;46.1;3.1;4.0;2.0;2.5;2.2;3.5;1.7;2.1;2.7;2.9;2.6;3.7,38.74,0.08,0.03,2.53,14.841,0.435,439.0,390.0,4,16,,,,,,,,,,,,,,,,,,,,,,,,,,,,,,,,,,,,,,,,,,,,,,,,,,,,,,,,,,,,,
64,3,,,,,,,100,54,71,21,241.7,2730,10801,37,0,10.2,3.8;0.9;3.5;4.7;0.5;1.7;62.5;38.6;10.2;15.0;92.8;7.9;0.4;0.7;0.0;0.1;0.1;0.1;0.4;0.1;0.0;0.1;0.0;1.0,38.72,0.08,0.0,1.64,14.841,0.435,22656.0,0.0,4,16,,,,,,,,,,,,,,,,,,,,,,,,,,,,,,,,,,,,,,,,,,,,,,,,,,,,,,,,,,,,,
64,4,,,,,,,98,76,68,16,240.3,2730,10801,37,0,11.6,1.1;3.3;7.7;6.6;4.4;3.3;80.4;16.3;20.7;20.7;17.4;83.5;1.1;6.5;0.0;0.0;1.1;1.1;0.0;0.0;0.0;0.0;0.0;2.2,38.76,0.08,0.0,1.48,14.843,0.437,683.0,2050.0,4,16,,,,,,,,,,,,,,,,,,,,,,,,,,,,,,,,,,,,,,,,,,,,,,,,,,,,,,,,,,,,,
64,summary,0.3926203188395042,0.9907667403418111,0.3867610505455548,0.989027273048019,0.00100000,48.7,,,,,,,,,,,,,,,,,,,,,,98,99.5,100,53,64.5,76,66,68.75,71,16,18.5,21,120.2,210.85,241.7,2730.0,10801.0,37.0,0,10.2,18.35,33.3,38.55,38.69,38.76,63.16,0.08,0.08,0.08,22.07,0.0,0.01,0.03,0.97,1.65,2.53,11.388,14.406,14.841,14.84,14.843,15.992,0.435,0.44,0.437,439.0,6115.25,22656.0,0.0,1195.75,2343.0,4,4.0,4,16,16.0,16,4,16,2.0,26.47
65,1,,,,,,,100,86,68,19,137.4,2730,10801,37,0,33.6,31.1;31.1;41.9;39.6;33.7;35.8;71.0;71.1;51.4;46.6;97.6;40.8;24.4;23.6;13.0;12.8;22.1;22.7;10.3;11.6;19.4;20.8;17.4;16.4,38.78,0.08,0.01,1.0,14.841,0.435,0.0,2050.0,4,16,,,,,,,,,,,,,,,,,,,,,,,,,,,,,,,,,,,,,,,,,,,,,,,,,,,,,,,,,,,,,
65,2,,,,,,,100,75,70,22,239.5,2730,10801,37,0,18.1,8.0;3.7;18.0;12.2;6.7;7.3;44.9;70.0;32.6;47.1;81.2;74.9;3.6;3.2;1.4;1.9;2.4;2.6;1.2;1.2;2.3;2.3;1.9;2.9,38.75,0.08,0.0,3.62,14.841,0.435,0.0,2050.0,4,16,,,,,,,,,,,,,,,,,,,,,,,,,,,,,,,,,,,,,,,,,,,,,,,,,,,,,,,,,,,,,
65,3,,,,,,,100,46,71,16,240.6,2730,10801,37,0,10.8,3.7;1.4;4.8;3.4;2.6;1.9;46.8;54.1;13.2;14.9;68.4;35.2;1.1;1.0;0.0;0.1;0.9;0.4;0.4;0.1;1.0;0.2;0.9;2.1,38.72,0.08,0.0,2.5,14.841,0.435,0.0,2343.0,4,16,,,,,,,,,,,,,,,,,,,,,,,,,,,,,,,,,,,,,,,,,,,,,,,,,,,,,,,,,,,,,
65,4,,,,,,,98,61,67,19,237.3,2730,10801,37,0,12.8,4.5;2.3;9.0;6.7;9.0;6.8;63.6;40.2;14.8;22.5;48.3;52.3;3.4;4.6;1.1;0.0;2.3;2.3;0.0;1.1;1.1;2.3;1.1;6.6,38.77,0.08,0.0,1.5,14.843,0.437,17968.0,16162.0,4,16,,,,,,,,,,,,,,,,,,,,,,,,,,,,,,,,,,,,,,,,,,,,,,,,,,,,,,,,,,,,,
65,summary,0.39185787425856733,0.9909659745353796,0.3867872495344715,0.9890625551282504,0.00100000,49.0,,,,,,,,,,,,,,,,,,,,,,98,99.5,100,46,67.0,86,67,69.0,71,16,19.0,22,137.4,213.7,240.6,2730.0,10801.0,37.0,0,10.8,18.83,33.6,38.72,38.76,38.78,63.16,0.08,0.08,0.08,22.07,0.0,0.0,0.01,1.0,2.16,3.62,11.388,14.406,14.841,14.84,14.843,15.992,0.435,0.44,0.437,0.0,4492.0,17968.0,2050.0,5651.25,16162.0,4,4.0,4,16,16.0,16,4,16,2.24,26.47
66,1,,,,,,,100,83,67,17,126.1,2745,10801,37,0,33.4,31.6;31.6;39.1;42.8;33.7;35.0;70.8;78.6;48.4;49.3;79.4;51.8;24.2;26.0;11.7;12.5;20.9;22.7;9.9;9.4;19.5;20.0;17.7;15.7,38.65,0.08,0.0,1.51,14.841,0.435,439.0,1269.0,4,16,,,,,,,,,,,,,,,,,,,,,,,,,,,,,,,,,,,,,,,,,,,,,,,,,,,,,,,,,,,,,
66,2,,,,,,,100,55,68,16,240.6,2730,10801,37,0,17.7,6.3;4.2;16.4;17.5;4.7;7.2;68.4;85.3;28.6;51.4;71.7;38.6;3.1;3.6;1.5;1.0;1.7;2.7;1.2;1.2;2.2;2.0;1.5;2.4,38.71,0.08,0.0,2.52,14.841,0.435,19189.0,17480.0,4,16,,,,,,,,,,,,,,,,,,,,,,,,,,,,,,,,,,,,,,,,,,,,,,,,,,,,,,,,,,,,,
66,3,,,,,,,100,45,71,15,241.0,2730,10801,37,0,10.9,4.2;2.1;3.2;5.4;2.1;3.1;45.5;58.0;13.4;12.7;97.3;4.3;1.6;1.1;0.6;0.6;0.6;1.0;1.0;0.4;0.7;0.0;0.9;1.7,38.68,0.08,0.0,1.63,14.841,0.435,1562.0,1953.0,4,16,,,,,,,,,,,,,,,,,,,,,,,,,,,,,,,,,,,,,,,,,,,,,,,,,,,,,,,,,,,,,
66,4,,,,,,,98,70,66,15,230.7,2730,10801,37,0,12.4,6.3;2.2;4.2;11.6;6.4;5.3;17.0;81.9;11.7;37.2;100.0;2.2;1.1;3.2;0.0;1.1;1.1;0.0;0.0;0.0;2.2;1.1;0.0;0.0,38.72,0.08,0.0,3.05,14.843,0.437,16943.0,45654.0,4,16,,,,,,,,,,,,,,,,,,,,,,,,,,,,,,,,,,,,,,,,,,,,,,,,,,,,,,,,,,,,,
66,summary,0.39209996299288236,0.9909784266724777,0.3866073443018313,0.9890625551282504,0.00100000,49.2,,,,,,,,,,,,,,,,,,,,,,98,99.5,100,45,63.25,83,66,68.0,71,15,15.75,17,126.1,209.6,241.0,2733.8,10801.0,37.0,0,10.9,18.6,33.4,38.65,38.69,38.72,63.16,0.08,0.08,0.08,22.07,0.0,0.0,0.0,1.51,2.18,3.05,11.388,14.406,14.841,14.84,14.843,15.992,0.435,0.44,0.437,439.0,9533.25,19189.0,1269.0,16589.0,45654.0,4,4.0,4,16,16.0,16,4,16,2.16,26.48
67,1,,,,,,,100,60,67,18,111.1,2730,10801,37,0,32.5,28.0;30.1;41.2;40.5;32.9;32.7;74.5;74.7;48.6;52.3;87.3;39.7;23.3;23.4;11.0;12.1;21.1;21.1;8.7;9.2;18.2;18.2;15.4;14.6,38.54,0.08,0.0,0.89,14.841,0.435,927.0,2197.0,4,16,,,,,,,,,,,,,,,,,,,,,,,,,,,,,,,,,,,,,,,,,,,,,,,,,,,,,,,,,,,,,
67,2,,,,,,,100,57,70,21,241.6,2730,10801,37,0,19.5,8.6;5.7;22.4;15.0;9.0;8.4;49.2;87.0;33.0;49.6;90.6;41.2;6.0;5.9;2.9;3.1;4.7;4.2;2.6;1.7;4.1;4.3;3.5;4.3,38.75,0.08,0.0,3.66,14.841,0.435,43945.0,116503.0,4,16,,,,,,,,,,,,,,,,,,,,,,,,,,,,,,,,,,,,,,,,,,,,,,,,,,,,,,,,,,,,,
67,3,,,,,,,100,79,71,16,240.8,2730,10801,37,0,10.1,3.8;0.2;3.7;2.9;1.4;0.6;56.2;45.0;12.2;13.5;80.3;21.6;0.2;0.1;0.0;0.1;0.0;0.1;0.0;0.0;0.1;0.1;0.1;0.7,38.73,0.08,0.01,2.37,14.841,0.435,244.0,2050.0,4,16,,,,,,,,,,,,,,,,,,,,,,,,,,,,,,,,,,,,,,,,,,,,,,,,,,,,,,,,,,,,,
67,4,,,,,,,100,89,66,20,218.5,2730,10801,37,0,11.2,1.1;2.3;9.2;3.4;4.6;2.3;59.8;42.5;21.8;24.1;85.2;9.2;2.3;0.0;0.0;0.0;1.1;0.0;0.0;0.0;0.0;0.0;0.0;0.0,38.76,0.08,0.0,1.56,14.843,0.437,1562.0,97.0,4,16,,,,,,,,,,,,,,,,,,,,,,,,,,,,,,,,,,,,,,,,,,,,,,,,,,,,,,,,,,,,,
67,summary,0.3916192110521546,0.991084269837811,0.3868687678301582,0.9889919909677874,0.00100000,48.4,,,,,,,,,,,,,,,,,,,,,,100,100.0,100,57,71.25,89,66,68.5,71,16,18.75,21,111.1,203.0,241.6,2730.0,10801.0,37.0,0,10.1,18.32,32.5,38.54,38.7,38.76,63.16,0.08,0.08,0.08,22.07,0.0,0.0,0.01,0.89,2.12,3.66,11.388,14.406,14.841,14.84,14.843,15.992,0.435,0.44,0.437,244.0,11669.5,43945.0,97.0,30211.75,116503.0,4,4.0,4,16,16.0,16,4,16,1.91,26.47
68,1,,,,,,,100,46,66,18,99.0,2730,10801,37,0,33.9,33.3;31.5;43.9;38.9;37.0;36.4;78.4;62.5;51.8;42.9;76.2;65.7;25.4;26.1;12.3;13.6;20.4;22.5;9.3;9.1;20.7;21.0;17.4;16.6,38.53,0.08,0.0,1.82,14.841,0.435,244.0,2001.0,4,16,,,,,,,,,,,,,,,,,,,,,,,,,,,,,,,,,,,,,,,,,,,,,,,,,,,,,,,,,,,,,
68,2,,,,,,,100,76,68,19,241.6,2730,10801,37,0,18.9,8.9;6.3;12.9;19.7;9.4;9.8;72.5;67.6;36.6;44.4;81.6;43.1;5.1;4.3;2.6;2.6;4.1;4.0;2.5;2.5;2.4;2.9;3.1;4.2,38.72,0.08,0.03,2.69,14.841,0.435,488.0,3613.0,4,16,,,,,,,,,,,,,,,,,,,,,,,,,,,,,,,,,,,,,,,,,,,,,,,,,,,,,,,,,,,,,
68,3,,,,,,,98,73,69,16,239.4,2730,10801,37,0,10.4,2.7;0.7;3.1;3.7;1.5;1.6;45.2;57.1;12.7;12.8;81.6;19.7;0.5;0.5;0.2;0.0;0.6;0.4;0.1;0.2;0.4;0.5;0.2;2.2,38.7,0.08,0.01,1.49,14.841,0.435,1562.0,108837.0,4,16,,,,,,,,,,,,,,,,,,,,,,,,,,,,,,,,,,,,,,,,,,,,,,,,,,,,,,,,,,,,,
68,4,,,,,,,100,82,68,20,215.4,2730,10801,37,0,11.0,5.7;0.0;5.8;2.3;0.0;4.7;93.0;7.0;17.4;20.9;100.0;0.0;1.2;0.0;0.0;0.0;0.0;1.2;0.0;0.0;0.0;0.0;0.0;4.5,38.72,0.08,0.0,14.43,14.843,0.437,6396.0,2001.0,4,16,,,,,,,,,,,,,,,,,,,,,,,,,,,,,,,,,,,,,,,,,,,,,,,,,,,,,,,,,,,,,
68,summary,0.3902345417710982,0.991513868567693,0.3869512599981929,0.9889919909677874,0.00100000,48.7,,,,,,,,,,,,,,,,,,,,,,98,99.5,100,46,69.25,82,66,67.75,69,16,18.25,20,99.0,198.85,241.6,2730.0,10801.0,37.0,0,10.4,18.55,33.9,38.53,38.67,38.72,63.16,0.08,0.08,0.08,22.07,0.0,0.01,0.03,1.49,5.11,14.43,11.388,14.406,14.841,14.84,14.843,15.992,0.435,0.44,0.437,244.0,2172.5,6396.0,2001.0,29113.0,108837.0,4,4.0,4,16,16.0,16,4,16,2.01,26.47
69,1,,,,,,,100,73,62,20,62.6,2565,10801,37,0,33.9,31.8;30.9;39.3;44.9;34.4;37.2;70.2;73.7;43.1;49.3;95.0;43.2;26.0;26.5;12.8;13.9;22.1;23.4;9.1;9.4;20.5;21.3;18.0;17.0,38.92,0.08,0.01,0.05,14.841,0.435,6982.0,118798.0,4,16,,,,,,,,,,,,,,,,,,,,,,,,,,,,,,,,,,,,,,,,,,,,,,,,,,,,,,,,,,,,,
69,2,,,,,,,100,83,68,15,239.9,2730,10801,37,0,17.7,7.4;3.3;18.9;10.2;7.8;4.7;86.5;69.8;46.4;34.9;90.0;20.9;4.0;2.1;0.9;0.9;3.1;2.6;0.7;1.0;1.6;1.6;1.6;2.8,38.71,0.08,0.01,2.54,14.841,0.435,7666.0,17285.0,4,16,,,,,,,,,,,,,,,,,,,,,,,,,,,,,,,,,,,,,,,,,,,,,,,,,,,,,,,,,,,,,
69,3,,,,,,,100,71,67,17,240.9,2730,10801,37,0,10.9,5.0;1.7;6.1;3.5;2.4;1.5;43.9;60.8;13.5;11.3;98.8;2.4;1.1;1.0;0.5;0.2;0.5;0.4;0.6;0.9;0.6;0.7;1.0;2.1,38.69,0.08,0.0,1.78,14.841,0.435,1123.0,2099.0,4,16,,,,,,,,,,,,,,,,,,,,,,,,,,,,,,,,,,,,,,,,,,,,,,,,,,,,,,,,,,,,,
69,4,,,,,,,100,54,71,15,214.2,2730,10801,37,0,12.7,8.9;2.3;11.2;8.0;7.9;0.0;78.7;20.0;40.4;14.8;86.5;13.6;4.5;1.1;0.0;1.1;0.0;2.3;1.1;0.0;0.0;1.1;0.0;1.1,38.72,0.08,0.0,1.56,14.843,0.437,1367.0,2148.0,4,16,,,,,,,,,,,,,,,,,,,,,,,,,,,,,,,,,,,,,,,,,,,,,,,,,,,,,,,,,,,,,
69,summary,0.3906682703150123,0.9913146343741245,0.3868929832060226,0.989027273048019,0.00100000,49.4,,,,,,,,,,,,,,,,,,,,,,100,100.0,100,54,70.25,83,62,67.0,71,15,16.75,20,62.6,189.4,240.9,2688.8,10801.0,37.0,0,10.9,18.8,33.9,38.69,38.76,38.92,63.16,0.08,0.08,0.08,22.07,0.0,0.01,0.01,0.05,1.48,2.54,11.388,14.406,14.841,14.84,14.843,15.992,0.435,0.44,0.437,1123.0,4284.5,7666.0,2099.0,35082.5,118798.0,4,4.0,4,16,16.0,16,4,16,2.3,26.61
70,1,,,,,,,75,62,66,18,139.8,2730,10801,37,0,33.0,31.6;29.6;41.2;38.1;34.4;33.6;66.5;77.8;43.9;50.4;85.5;55.5;23.5;23.0;11.9;12.5;21.6;22.5;8.3;9.9;19.0;19.6;17.6;14.8,38.6,0.08,0.0,0.93,14.841,0.435,15527.0,20410.0,4,16,,,,,,,,,,,,,,,,,,,,,,,,,,,,,,,,,,,,,,,,,,,,,,,,,,,,,,,,,,,,,
70,2,,,,,,,100,84,70,21,240.7,2730,10801,37,0,18.8,9.0;4.8;18.2;17.2;8.9;6.7;71.3;70.8;40.6;42.0;86.5;39.7;4.3;5.2;2.5;2.1;3.0;3.1;2.2;1.1;2.5;2.7;2.4;3.5,38.72,0.08,0.01,2.53,14.841,0.435,1611.0,0.0,4,16,,,,,,,,,,,,,,,,,,,,,,,,,,,,,,,,,,,,,,,,,,,,,,,,,,,,,,,,,,,,,
70,3,,,,,,,100,68,70,15,241.7,2730,10801,37,0,10.6,5.1;1.1;3.3;4.6;1.6;1.2;52.2;50.6;9.6;17.7;88.9;11.5;0.9;0.9;0.4;0.1;0.1;0.6;0.2;0.2;0.4;0.1;0.7;2.0,38.72,0.08,0.0,1.62,14.841,0.435,634.0,2148.0,4,16,,,,,,,,,,,,,,,,,,,,,,,,,,,,,,,,,,,,,,,,,,,,,,,,,,,,,,,,,,,,,
70,4,,,,,,,100,60,70,16,241.0,2730,10801,37,0,11.0,4.5;2.3;13.8;2.3;2.3;4.6;42.5;60.2;11.5;18.4;63.6;34.5;1.1;0.0;0.0;0.0;1.1;0.0;0.0;0.0;0.0;0.0;1.1;0.0,38.74,0.08,0.0,1.47,14.843,0.437,439.0,2294.0,4,16,,,,,,,,,,,,,,,,,,,,,,,,,,,,,,,,,,,,,,,,,,,,,,,,,,,,,,,,,,,,,
70,summary,0.39051487604310664,0.9911776608660461,0.3869628864253572,0.9888508626468616,0.00100000,48.8,,,,,,,,,,,,,,,,,,,,,,75,93.75,100,60,68.5,84,66,69.0,70,15,17.5,21,139.8,215.8,241.7,2730.0,10801.0,37.0,0,10.6,18.35,33.0,38.6,38.7,38.74,63.16,0.08,0.08,0.08,22.07,0.0,0.0,0.01,0.93,1.64,2.53,11.388,14.406,14.841,14.84,14.843,15.992,0.435,0.44,0.437,439.0,4552.75,15527.0,0.0,6213.0,20410.0,4,4.0,4,16,16.0,16,4,16,2.08,26.47
71,1,,,,,,,100,47,68,17,107.0,2730,10801,37,0,33.0,30.4;30.1;42.1;41.3;32.2;34.2;68.7;72.8;49.9;50.4;83.3;49.4;22.1;24.4;12.9;12.9;21.6;21.7;9.0;10.3;19.6;19.9;16.8;15.8,38.53,0.08,0.01,0.99,14.841,0.435,1660.0,2001.0,4,16,,,,,,,,,,,,,,,,,,,,,,,,,,,,,,,,,,,,,,,,,,,,,,,,,,,,,,,,,,,,,
71,2,,,,,,,100,74,68,21,241.1,2730,10801,37,0,18.6,7.6;5.5;16.2;16.2;7.7;7.6;74.7;82.5;42.0;37.1;95.5;14.7;4.2;4.6;2.5;2.7;3.5;3.5;2.0;2.7;3.5;3.5;3.3;2.8,38.72,0.08,0.0,2.55,14.841,0.435,1806.0,0.0,4,16,,,,,,,,,,,,,,,,,,,,,,,,,,,,,,,,,,,,,,,,,,,,,,,,,,,,,,,,,,,,,
71,3,,,,,,,98,76,68,14,239.8,2730,10801,37,0,10.7,4.2;1.4;4.5;3.3;1.9;1.6;48.8;53.5;16.8;10.9;82.8;19.5;0.5;1.0;0.1;0.1;0.9;0.5;0.6;0.4;0.4;0.4;1.2;1.6,38.69,0.08,0.0,1.62,14.841,0.435,1367.0,2099.0,4,16,,,,,,,,,,,,,,,,,,,,,,,,,,,,,,,,,,,,,,,,,,,,,,,,,,,,,,,,,,,,,
71,4,,,,,,,100,75,71,15,211.3,2730,10801,37,0,11.7,8.9;3.4;5.7;5.7;6.8;4.5;27.3;70.5;15.7;19.3;100.0;0.0;4.5;1.1;1.1;0.0;2.3;0.0;0.0;1.1;2.3;0.0;1.1;0.0,38.72,0.08,0.0,1.57,14.843,0.437,19531.0,10986.0,4,16,,,,,,,,,,,,,,,,,,,,,,,,,,,,,,,,,,,,,,,,,,,,,,,,,,,,,,,,,,,,,
71,summary,0.39017267974202396,0.9914889642934969,0.38706609913777335,0.9887097343259359,0.00100000,48.4,,,,,,,,,,,,,,,,,,,,,,98,99.5,100,47,68.0,76,68,68.75,71,14,16.75,21,107.0,199.8,241.1,2730.0,10801.0,37.0,0,10.7,18.5,33.0,38.53,38.66,38.72,63.16,0.08,0.08,0.08,22.07,0.0,0.0,0.01,0.99,1.68,2.55,11.388,14.406,14.841,14.84,14.843,15.992,0.435,0.44,0.437,1367.0,6091.0,19531.0,0.0,3771.5,10986.0,4,4.0,4,16,16.0,16,4,16,1.97,26.47
72,1,,,,,,,100,54,67,20,107.2,2730,10801,37,0,33.5,32.0;32.2;41.1;44.8;34.6;35.4;77.7;67.5;44.0;50.6;67.8;68.3;23.6;26.5;12.7;12.5;22.1;21.4;9.7;9.5;18.6;19.2;16.5;15.4,38.55,0.08,0.01,1.01,14.841,0.435,0.0,1904.0,4,16,,,,,,,,,,,,,,,,,,,,,,,,,,,,,,,,,,,,,,,,,,,,,,,,,,,,,,,,,,,,,
72,2,,,,,,,100,80,70,14,243.2,2730,10801,37,0,19.4,8.2;6.1;21.4;15.1;8.3;10.1;59.4;86.7;37.2;45.7;91.2;31.4;5.8;5.1;2.9;2.7;3.8;3.8;2.9;2.2;4.0;4.3;3.6;4.3,38.71,0.08,0.05,2.7,14.841,0.435,1562.0,2001.0,4,16,,,,,,,,,,,,,,,,,,,,,,,,,,,,,,,,,,,,,,,,,,,,,,,,,,,,,,,,,,,,,
72,3,,,,,,,98,76,68,15,240.4,2730,10801,37,0,10.5,2.6;1.2;3.5;5.3;1.5;2.8;67.9;33.8;6.1;19.5;92.2;10.0;1.1;0.9;0.0;0.1;0.7;0.1;0.5;0.2;0.2;0.5;0.4;1.1,38.68,0.08,0.0,1.67,14.841,0.435,1513.0,2392.0,4,16,,,,,,,,,,,,,,,,,,,,,,,,,,,,,,,,,,,,,,,,,,,,,,,,,,,,,,,,,,,,,
72,4,,,,,,,100,71,68,17,209.3,2730,10801,37,0,11.2,6.8;1.1;4.6;9.2;2.3;2.3;13.8;88.5;6.9;29.9;88.5;8.0;1.1;0.0;0.0;0.0;2.3;0.0;0.0;0.0;0.0;1.1;0.0;1.1,38.71,0.08,0.0,1.62,14.843,0.437,0.0,2392.0,4,16,,,,,,,,,,,,,,,,,,,,,,,,,,,,,,,,,,,,,,,,,,,,,,,,,,,,,,,,,,,,,
72,summary,0.38895551966532776,0.9917878155838495,0.3870835990776723,0.9887450164061673,0.00100000,48.7,,,,,,,,,,,,,,,,,,,,,,98,99.5,100,54,70.25,80,67,68.25,70,14,16.5,20,107.2,200.03,243.2,2730.0,10801.0,37.0,0,10.5,18.65,33.5,38.55,38.66,38.71,63.16,0.08,0.08,0.08,22.07,0.0,0.02,0.05,1.01,1.75,2.7,11.388,14.406,14.841,14.84,14.843,15.992,0.435,0.44,0.437,0.0,768.75,1562.0,1904.0,2172.25,2392.0,4,4.0,4,16,16.0,16,4,16,1.97,26.47
73,1,,,,,,,100,79,68,17,122.0,2730,10801,37,0,33.1,30.6;29.5;41.5;41.5;34.1;35.4;75.6;74.2;51.0;51.4;87.2;39.4;24.1;24.7;11.0;12.6;20.9;22.3;8.9;9.2;18.5;18.3;16.9;14.8,38.61,0.08,0.03,1.13,14.841,0.435,683.0,8300.0,4,16,,,,,,,,,,,,,,,,,,,,,,,,,,,,,,,,,,,,,,,,,,,,,,,,,,,,,,,,,,,,,
73,2,,,,,,,100,46,68,14,241.4,2730,10801,37,0,18.7,7.3;5.3;19.9;14.4;8.8;7.3;90.9;57.8;46.4;39.7;76.2;35.7;4.2;5.0;2.0;2.4;3.5;3.3;2.6;3.5;3.3;3.0;2.9;3.7,38.79,0.08,1.17,2.55,14.841,0.435,488.0,2001.0,4,16,,,,,,,,,,,,,,,,,,,,,,,,,,,,,,,,,,,,,,,,,,,,,,,,,,,,,,,,,,,,,
73,3,,,,,,,100,76,68,20,241.4,2730,10801,37,0,10.8,4.7;1.6;6.4;2.1;2.9;2.1;55.3;47.6;18.2;8.2;81.0;21.3;0.2;0.9;0.1;0.4;0.4;0.4;0.6;0.6;0.2;0.5;0.9;1.7,38.76,0.08,0.01,1.67,14.841,0.435,732.0,2001.0,4,16,,,,,,,,,,,,,,,,,,,,,,,,,,,,,,,,,,,,,,,,,,,,,,,,,,,,,,,,,,,,,
73,4,,,,,,,100,87,70,14,220.7,2730,10801,37,0,11.1,12.9;1.1;9.1;1.1;2.3;2.3;80.7;19.3;25.8;14.8;31.8;61.4;0.0;1.1;0.0;0.0;0.0;0.0;0.0;0.0;0.0;0.0;0.0;0.0,38.79,0.08,0.13,1.97,14.843,0.437,1318.0,195.0,4,16,,,,,,,,,,,,,,,,,,,,,,,,,,,,,,,,,,,,,,,,,,,,,,,,,,,,,,,,,,,,,
73,summary,0.389269899982216,0.9915699031846341,0.38704769975825387,0.9887802984863988,0.00100000,48.6,,,,,,,,,,,,,,,,,,,,,,100,100.0,100,46,72.0,87,68,68.5,70,14,16.25,20,122.0,206.38,241.4,2730.0,10801.0,37.0,0,10.8,18.43,33.1,38.61,38.74,38.79,63.16,0.08,0.08,0.08,22.07,0.01,0.33,1.17,1.13,1.83,2.55,11.388,14.406,14.841,14.84,14.843,15.992,0.435,0.44,0.437,488.0,805.25,1318.0,195.0,3124.25,8300.0,4,4.0,4,16,16.0,16,4,16,2.02,26.48
74,1,,,,,,,100,85,67,16,80.2,2745,10801,37,0,33.4,32.6;30.3;44.1;39.1;36.8;34.8;64.9;74.6;48.7;50.2;86.9;52.1;25.2;25.8;12.5;13.3;20.7;21.2;9.7;9.1;18.4;19.2;16.4;16.2,38.68,0.08,0.01,1.02,14.841,0.435,1123.0,1953.0,4,16,,,,,,,,,,,,,,,,,,,,,,,,,,,,,,,,,,,,,,,,,,,,,,,,,,,,,,,,,,,,,
74,2,,,,,,,100,89,66,17,240.0,2730,10801,37,0,18.8,8.7;5.6;14.5;17.7;7.7;8.2;64.2;55.7;36.8;45.0;83.7;66.7;5.0;5.1;2.2;2.0;3.5;3.8;2.2;1.4;3.0;3.1;2.5;2.8,38.78,0.08,0.01,2.51,14.841,0.435,976.0,97.0,4,16,,,,,,,,,,,,,,,,,,,,,,,,,,,,,,,,,,,,,,,,,,,,,,,,,,,,,,,,,,,,,
74,3,,,,,,,100,79,68,21,240.4,2730,10801,37,0,11.0,5.0;2.2;4.8;5.3;2.4;1.9;44.1;56.4;9.0;19.3;56.5;47.5;1.0;1.0;0.1;0.4;0.4;0.7;0.0;0.1;0.9;1.1;1.1;1.7,38.78,0.08,0.0,1.65,14.841,0.435,1123.0,2050.0,4,16,,,,,,,,,,,,,,,,,,,,,,,,,,,,,,,,,,,,,,,,,,,,,,,,,,,,,,,,,,,,,
74,4,,,,,,,100,47,71,15,211.9,2730,10801,37,0,13.4,9.1;3.5;9.3;12.8;11.6;8.1;71.3;36.0;10.3;29.9;92.0;3.4;3.5;3.5;0.0;1.2;1.2;3.5;0.0;0.0;1.2;0.0;5.8;3.4,38.8,0.08,0.01,1.65,14.843,0.437,732.0,2392.0,4,16,,,,,,,,,,,,,,,,,,,,,,,,,,,,,,,,,,,,,,,,,,,,,,,,,,,,,,,,,,,,,
74,summary,0.38911772559619323,0.9918064937894966,0.3871279591684288,0.9887450164061673,0.00100000,48.7,,,,,,,,,,,,,,,,,,,,,,100,100.0,100,47,75.0,89,66,68.0,71,15,17.25,21,80.2,193.12,240.4,2733.8,10801.0,37.0,0,11.0,19.15,33.4,38.68,38.76,38.8,63.16,0.08,0.08,0.08,22.07,0.0,0.01,0.01,1.02,1.71,2.51,11.388,14.406,14.841,14.84,14.843,15.992,0.435,0.44,0.437,732.0,988.5,1123.0,97.0,1623.0,2392.0,4,4.0,4,16,16.0,16,4,16,2.06,26.48
75,1,,,,,,,100,67,66,18,116.7,2730,10801,37,0,33.6,31.1;30.2;40.3;38.9;34.9;35.5;67.5;78.8;44.9;53.0;94.8;41.1;23.9;25.5;11.4;14.2;22.6;23.2;9.4;9.5;20.2;20.3;17.6;18.4,38.73,0.08,0.05,1.03,14.841,0.435,1464.0,2001.0,4,16,,,,,,,,,,,,,,,,,,,,,,,,,,,,,,,,,,,,,,,,,,,,,,,,,,,,,,,,,,,,,
75,2,,,,,,,100,46,71,21,242.3,2730,10801,37,0,17.4,7.0;4.3;18.7;12.4;6.8;4.3;82.1;53.6;39.3;39.7;89.1;39.1;3.5;3.3;0.6;1.2;2.2;2.5;1.0;0.7;1.6;1.4;1.5;2.2,38.81,0.08,0.01,2.53,14.841,0.435,1562.0,10693.0,4,16,,,,,,,,,,,,,,,,,,,,,,,,,,,,,,,,,,,,,,,,,,,,,,,,,,,,,,,,,,,,,
75,3,,,,,,,100,65,71,16,242.2,2730,10801,37,0,10.4,3.7;1.1;5.7;2.6;2.0;1.1;51.2;49.1;19.5;6.4;68.5;34.1;0.6;0.7;0.0;0.1;0.5;0.4;0.0;0.1;0.2;0.2;0.1;1.5,38.77,0.08,0.0,1.8,14.841,0.435,1123.0,2392.0,4,16,,,,,,,,,,,,,,,,,,,,,,,,,,,,,,,,,,,,,,,,,,,,,,,,,,,,,,,,,,,,,
75,4,,,,,,,100,88,67,15,217.3,2730,10801,37,0,11.3,4.6;1.2;5.8;5.8;3.5;0.0;73.3;24.4;25.6;15.1;100.0;1.2;3.5;1.2;0.0;0.0;1.2;2.3;0.0;1.2;0.0;0.0;0.0;2.3,38.8,0.08,0.0,1.7,14.843,0.437,488.0,390.0,4,16,,,,,,,,,,,,,,,,,,,,,,,,,,,,,,,,,,,,,,,,,,,,,,,,,,,,,,,,,,,,,
75,summary,0.3874973359156363,0.9923108053419668,0.38711420476627983,0.988639170165473,0.00100000,48.8,,,,,,,,,,,,,,,,,,,,,,100,100.0,100,46,66.5,88,66,68.75,71,15,17.5,21,116.7,204.62,242.3,2730.0,10801.0,37.0,0,10.4,18.18,33.6,38.73,38.78,38.81,63.16,0.08,0.08,0.08,22.07,0.0,0.02,0.05,1.03,1.76,2.53,11.388,14.406,14.841,14.84,14.843,15.992,0.435,0.44,0.437,488.0,1159.25,1562.0,390.0,3869.0,10693.0,4,4.0,4,16,16.0,16,4,16,2.22,26.47
76,1,,,,,,,92,81,67,17,74.5,2745,10801,37,0,33.5,32.2;29.5;40.2;40.0;34.6;35.6;69.0;75.8;50.1;52.0;78.6;55.4;24.2;24.6;12.4;14.0;20.4;21.8;11.0;10.9;18.8;20.3;17.6;15.8,38.64,0.08,0.03,1.03,14.841,0.435,2197.0,8691.0,4,16,,,,,,,,,,,,,,,,,,,,,,,,,,,,,,,,,,,,,,,,,,,,,,,,,,,,,,,,,,,,,
76,2,,,,,,,100,87,71,21,241.7,2730,10801,37,0,18.4,7.2;4.2;14.4;21.2;6.2;9.6;77.8;60.5;31.9;55.2;94.4;25.8;4.3;5.8;2.2;2.0;3.2;3.2;1.7;1.6;2.5;2.9;2.0;2.1,38.77,0.08,0.0,2.52,14.841,0.435,488.0,48.0,4,16,,,,,,,,,,,,,,,,,,,,,,,,,,,,,,,,,,,,,,,,,,,,,,,,,,,,,,,,,,,,,
76,3,,,,,,,100,79,71,15,240.8,2730,10801,37,0,10.4,2.1;1.4;3.7;4.8;1.4;2.2;47.1;53.4;6.0;22.3;45.0;56.8;0.7;0.4;0.0;0.2;0.5;0.7;0.0;0.0;0.5;0.1;0.1;0.6,38.74,0.08,0.0,1.61,14.841,0.435,683.0,97.0,4,16,,,,,,,,,,,,,,,,,,,,,,,,,,,,,,,,,,,,,,,,,,,,,,,,,,,,,,,,,,,,,
76,4,,,,,,,100,50,70,16,208.7,2730,10801,37,0,10.5,3.3;2.2;1.1;4.5;4.4;2.2;89.9;4.5;5.6;29.2;100.0;0.0;0.0;0.0;0.0;0.0;1.1;1.1;0.0;0.0;0.0;0.0;0.0;2.2,38.77,0.08,0.01,1.58,14.843,0.437,1562.0,1953.0,4,16,,,,,,,,,,,,,,,,,,,,,,,,,,,,,,,,,,,,,,,,,,,,,,,,,,,,,,,,,,,,,
76,summary,0.38946262502200474,0.9914516078822028,0.38705942394435394,0.988639170165473,0.00100000,49.0,,,,,,,,,,,,,,,,,,,,,,92,98.0,100,50,74.25,87,67,69.75,71,15,17.25,21,74.5,191.43,241.7,2733.8,10801.0,37.0,0,10.4,18.2,33.5,38.64,38.73,38.77,63.16,0.08,0.08,0.08,22.07,0.0,0.01,0.03,1.03,1.69,2.52,11.388,14.406,14.841,14.84,14.843,15.992,0.435,0.44,0.437,488.0,1232.5,2197.0,48.0,2697.25,8691.0,4,4.0,4,16,16.0,16,4,16,2.09,26.47
77,1,,,,,,,100,48,64,19,93.0,2745,10801,37,0,34.1,31.9;31.8;42.9;39.1;32.7;36.8;75.2;72.1;49.4;42.3;93.1;47.9;25.5;26.6;13.2;13.2;22.8;24.2;8.7;10.0;21.4;21.7;18.4;17.3,38.87,0.08,0.0,0.97,14.841,0.435,1367.0,1953.0,4,16,,,,,,,,,,,,,,,,,,,,,,,,,,,,,,,,,,,,,,,,,,,,,,,,,,,,,,,,,,,,,
77,2,,,,,,,100,76,69,14,243.0,2730,10801,37,0,17.1,5.6;4.0;15.1;14.4;5.2;5.5;63.9;66.9;34.5;42.3;83.9;54.2;2.4;2.1;0.9;0.9;0.7;1.1;0.9;0.9;1.2;1.0;0.6;1.6,38.77,0.08,0.0,2.52,14.841,0.435,1367.0,1953.0,4,16,,,,,,,,,,,,,,,,,,,,,,,,,,,,,,,,,,,,,,,,,,,,,,,,,,,,,,,,,,,,,
77,3,,,,,,,98,75,69,17,239.2,2730,10801,37,0,10.4,4.3;1.2;5.1;3.3;2.1;1.4;49.7;52.5;19.2;4.7;77.2;23.9;1.0;0.1;0.1;0.0;0.5;0.4;0.0;0.1;0.4;0.2;0.1;1.1,38.77,0.08,0.0,1.79,14.841,0.435,2880.0,2148.0,4,16,,,,,,,,,,,,,,,,,,,,,,,,,,,,,,,,,,,,,,,,,,,,,,,,,,,,,,,,,,,,,
77,4,,,,,,,100,79,68,15,209.2,2730,10801,37,0,12.1,6.8;1.2;12.8;11.6;2.3;4.7;71.3;29.1;25.6;20.9;77.9;19.8;1.2;1.2;0.0;1.2;0.0;0.0;0.0;0.0;0.0;0.0;0.0;2.3,38.79,0.08,0.01,1.5,14.843,0.437,439.0,2050.0,4,16,,,,,,,,,,,,,,,,,,,,,,,,,,,,,,,,,,,,,,,,,,,,,,,,,,,,,,,,,,,,,
77,summary,0.3875760967181947,0.9920119540516141,0.38732704283115,0.988639170165473,0.00100000,49.1,,,,,,,,,,,,,,,,,,,,,,98,99.5,100,48,69.5,79,64,67.5,69,14,16.25,19,93.0,196.1,243.0,2733.8,10801.0,37.0,0,10.4,18.43,34.1,38.77,38.8,38.87,63.16,0.08,0.08,0.08,22.07,0.0,0.0,0.01,0.97,1.7,2.52,11.388,14.406,14.841,14.84,14.843,15.992,0.435,0.44,0.437,439.0,1513.25,2880.0,1953.0,2026.0,2148.0,4,4.0,4,16,16.0,16,4,16,2.28,26.48
78,1,,,,,,,100,46,68,18,105.8,2730,10801,38,0,33.7,30.9;31.9;41.6;41.8;34.7;35.2;71.5;76.1;43.7;52.8;97.6;35.4;24.7;26.5;11.9;12.3;22.4;25.0;8.7;10.1;18.8;21.3;17.5;16.5,38.7,0.08,0.01,0.9,14.841,0.435,488.0,8447.0,4,16,,,,,,,,,,,,,,,,,,,,,,,,,,,,,,,,,,,,,,,,,,,,,,,,,,,,,,,,,,,,,
78,2,,,,,,,100,81,71,20,242.0,2730,10801,37,0,17.8,8.2;4.0;13.9;13.5;6.5;7.7;79.7;62.3;34.4;45.5;93.9;30.9;2.6;4.3;1.1;1.5;2.5;3.0;1.5;1.7;1.6;2.4;2.0;2.5,38.78,0.08,0.01,2.54,14.841,0.435,732.0,2050.0,4,16,,,,,,,,,,,,,,,,,,,,,,,,,,,,,,,,,,,,,,,,,,,,,,,,,,,,,,,,,,,,,
78,3,,,,,,,98,73,69,16,240.0,2730,10801,37,0,11.2,3.9;2.8;4.5;8.8;3.0;2.6;68.3;34.4;9.3;25.0;87.7;13.6;0.5;1.0;0.1;0.0;0.6;0.7;0.1;0.1;0.1;0.5;0.1;1.1,38.81,0.08,17.57,5.07,14.841,0.435,1660.0,488.0,4,16,,,,,,,,,,,,,,,,,,,,,,,,,,,,,,,,,,,,,,,,,,,,,,,,,,,,,,,,,,,,,
78,4,,,,,,,100,77,70,16,212.3,2730,10801,37,0,15.0,7.9;5.7;8.0;32.6;4.5;21.6;29.5;74.7;12.5;46.6;93.2;5.7;3.4;2.3;0.0;0.0;2.3;2.3;0.0;0.0;1.1;0.0;3.4;2.3,38.89,0.08,87.29,5.82,14.843,0.437,634.0,7373.0,4,16,,,,,,,,,,,,,,,,,,,,,,,,,,,,,,,,,,,,,,,,,,,,,,,,,,,,,,,,,,,,,
78,summary,0.3887733267827849,0.9918874326806338,0.38745054568659926,0.9887802984863988,0.00100000,48.8,,,,,,,,,,,,,,,,,,,,,,98,99.5,100,46,69.25,81,68,69.5,71,16,17.5,20,105.8,200.03,242.0,2730.0,10801.0,37.2,0,11.2,19.43,33.7,38.7,38.8,38.89,63.16,0.08,0.08,0.08,22.07,0.01,26.22,87.29,0.9,3.58,5.82,11.388,14.406,14.841,14.84,14.843,15.992,0.435,0.44,0.437,488.0,878.5,1660.0,488.0,4589.5,8447.0,4,4.0,4,16,16.0,16,4,16,2.14,26.48
79,1,,,,,,,100,38,67,23,84.6,2745,10801,37,0,37.0,35.1;34.8;51.5;43.8;42.5;36.8;64.6;82.3;54.3;52.5;88.1;53.8;29.6;27.1;14.3;15.0;24.5;25.8;12.3;13.6;22.7;24.5;18.5;19.8,38.79,0.08,76.62,12.88,14.841,0.435,683.0,0.0,4,16,,,,,,,,,,,,,,,,,,,,,,,,,,,,,,,,,,,,,,,,,,,,,,,,,,,,,,,,,,,,,
79,2,,,,,,,98,69,69,14,239.5,2730,10801,37,0,20.7,12.4;7.4;28.3;15.3;19.4;9.2;66.5;56.1;45.5;45.1;73.0;75.8;7.8;4.3;1.7;2.5;2.9;4.0;2.9;4.1;3.2;3.0;2.7;2.7,38.86,0.08,34.09,8.21,14.841,0.435,0.0,2539.0,4,16,,,,,,,,,,,,,,,,,,,,,,,,,,,,,,,,,,,,,,,,,,,,,,,,,,,,,,,,,,,,,
79,3,,,,,,,100,87,66,20,241.2,2730,10801,38,0,10.5,2.8;1.0;6.1;2.9;2.0;1.1;45.8;56.5;19.1;8.6;92.3;8.7;0.4;0.7;0.0;0.1;0.2;0.4;0.1;0.5;0.0;0.0;0.5;2.2,38.86,0.08,0.02,1.83,14.841,0.435,1562.0,2050.0,4,16,,,,,,,,,,,,,,,,,,,,,,,,,,,,,,,,,,,,,,,,,,,,,,,,,,,,,,,,,,,,,
79,4,,,,,,,100,61,70,14,215.3,2730,10801,37,0,11.6,3.3;2.2;8.9;5.6;0.0;4.4;92.3;8.8;11.1;31.2;12.1;92.3;1.1;0.0;0.0;0.0;0.0;1.1;0.0;0.0;0.0;0.0;0.0;2.2,38.88,0.08,0.03,1.66,14.843,0.437,18261.0,274316.0,4,16,,,,,,,,,,,,,,,,,,,,,,,,,,,,,,,,,,,,,,,,,,,,,,,,,,,,,,,,,,,,,
79,summary,0.3882485957745096,0.9918500762693397,0.3872198155861872,0.9888155805666302,0.00100000,49.0,,,,,,,,,,,,,,,,,,,,,,98,99.5,100,38,63.75,87,66,68.0,70,14,17.75,23,84.6,195.15,241.2,2733.8,10801.0,37.2,0,10.5,19.95,37.0,38.79,38.85,38.88,63.16,0.08,0.08,0.08,22.07,0.02,27.69,76.62,1.66,6.15,12.88,11.388,14.406,14.841,14.84,14.843,15.992,0.435,0.44,0.437,0.0,5126.5,18261.0,0.0,69726.25,274316.0,4,4.0,4,16,16.0,16,4,16,2.24,26.51
80,1,,,,,,,100,79,66,19,140.1,2730,10801,37,0,33.5,30.6;31.4;40.3;42.7;34.5;34.4;73.8;75.9;49.3;49.4;95.9;35.7;25.5;24.4;11.7;11.4;21.9;22.7;9.5;10.7;19.0;20.0;17.3;15.9,38.67,0.08,0.38,1.0,14.841,0.435,976.0,3320.0,4,16,,,,,,,,,,,,,,,,,,,,,,,,,,,,,,,,,,,,,,,,,,,,,,,,,,,,,,,,,,,,,
80,2,,,,,,,100,79,71,17,240.3,2730,10801,37,0,19.7,8.8;6.7;18.8;18.5;7.9;8.6;58.6;73.9;35.1;56.1;72.7;63.2;4.7;4.5;2.9;2.7;3.6;4.8;2.1;2.9;4.1;3.9;3.5;4.3,38.86,0.08,0.0,2.51,14.841,0.435,1562.0,97.0,4,16,,,,,,,,,,,,,,,,,,,,,,,,,,,,,,,,,,,,,,,,,,,,,,,,,,,,,,,,,,,,,
80,3,,,,,,,100,62,72,20,241.6,2730,10801,37,0,10.8,6.5;1.2;3.3;5.6;2.5;2.1;44.3;57.3;12.8;13.8;54.2;47.8;1.1;1.2;0.2;0.2;0.4;0.5;0.1;0.5;0.6;0.4;0.4;1.5,38.83,0.08,0.03,1.75,14.841,0.435,439.0,2343.0,4,16,,,,,,,,,,,,,,,,,,,,,,,,,,,,,,,,,,,,,,,,,,,,,,,,,,,,,,,,,,,,,
80,4,,,,,,,100,58,71,13,241.1,2730,10801,37,0,11.9,4.5;2.3;11.2;1.1;1.1;3.4;80.9;22.7;18.0;22.7;26.1;72.7;2.3;1.1;2.2;1.2;1.1;1.1;1.2;0.0;0.0;0.0;4.5;1.1,38.86,0.08,0.0,1.53,14.843,0.437,1806.0,2001.0,4,16,,,,,,,,,,,,,,,,,,,,,,,,,,,,,,,,,,,,,,,,,,,,,,,,,,,,,,,,,,,,,
80,summary,0.3871021075596516,0.9921302493540454,0.38711951982536325,0.9887802984863988,0.00100000,48.6,,,,,,,,,,,,,,,,,,,,,,100,100.0,100,58,69.5,79,66,70.0,72,13,17.25,20,140.1,215.78,241.6,2730.0,10801.0,37.0,0,10.8,18.98,33.5,38.67,38.8,38.86,63.16,0.08,0.08,0.08,22.07,0.0,0.1,0.38,1.0,1.7,2.51,11.388,14.406,14.841,14.84,14.843,15.992,0.435,0.44,0.437,439.0,1195.75,1806.0,97.0,1940.25,3320.0,4,4.0,4,16,16.0,16,4,16,1.96,26.47
81,1,,,,,,,100,77,66,16,129.7,2745,10801,37,0,33.8,32.2;31.1;42.9;40.8;35.8;32.9;73.1;77.6;46.5;48.9;96.0;38.2;25.5;27.0;12.9;12.7;21.7;22.7;9.1;10.1;20.5;20.4;17.1;16.3,38.94,0.08,0.01,1.01,14.841,0.435,1562.0,97.0,4,16,,,,,,,,,,,,,,,,,,,,,,,,,,,,,,,,,,,,,,,,,,,,,,,,,,,,,,,,,,,,,
81,2,,,,,,,100,78,69,15,240.1,2730,10801,37,0,17.2,6.9;3.2;15.8;13.8;6.7;3.3;53.9;60.0;42.7;34.0;81.5;70.1;3.5;2.2;0.6;0.7;1.9;2.1;0.9;1.7;1.7;1.5;1.4;2.2,38.85,0.08,0.0,2.52,14.841,0.435,683.0,390.0,4,16,,,,,,,,,,,,,,,,,,,,,,,,,,,,,,,,,,,,,,,,,,,,,,,,,,,,,,,,,,,,,
81,3,,,,,,,100,57,70,16,241.8,2730,10801,37,0,10.4,3.7;1.2;4.2;2.5;3.2;1.4;51.2;51.8;12.9;12.2;91.3;9.2;0.7;0.1;0.5;0.0;1.0;0.6;0.4;0.6;0.4;0.5;0.5;0.5,38.82,0.08,0.0,1.79,14.841,0.435,1074.0,2148.0,4,16,,,,,,,,,,,,,,,,,,,,,,,,,,,,,,,,,,,,,,,,,,,,,,,,,,,,,,,,,,,,,
81,4,,,,,,,100,62,69,21,241.6,2730,10801,37,0,12.1,4.5;1.1;6.7;13.3;3.4;6.7;41.1;56.7;12.1;33.0;95.6;5.6;2.2;1.1;0.0;0.0;1.1;0.0;0.0;0.0;0.0;0.0;2.2;2.2,38.86,0.08,0.0,1.51,14.843,0.437,439.0,0.0,4,16,,,,,,,,,,,,,,,,,,,,,,,,,,,,,,,,,,,,,,,,,,,,,,,,,,,,,,,,,,,,,
81,summary,0.3864955455069412,0.9922672228621238,0.38736226679564356,0.9888508626468616,0.00100000,48.9,,,,,,,,,,,,,,,,,,,,,,100,100.0,100,57,68.5,78,66,68.5,70,15,17.0,21,129.7,213.3,241.8,2733.8,10801.0,37.0,0,10.4,18.38,33.8,38.82,38.87,38.94,63.16,0.08,0.08,0.08,22.07,0.0,0.0,0.01,1.01,1.71,2.52,11.388,14.406,14.841,14.84,14.843,15.992,0.435,0.44,0.437,439.0,939.5,1562.0,0.0,658.75,2148.0,4,4.0,4,16,16.0,16,4,16,2.24,26.51
