epoch,sample_point,train_loss,train_acc,val_loss,val_acc,lr,epoch_time_s,cuda_util_pct,cuda_mem_util_pct,gpu_temp_c,gpu_temp_tlimit_c,gpu_power_w,gpu_clock_sm_mhz,gpu_clock_mem_mhz,gpu_fan_pct,gpu_throttled,cpu_pct,cpu_pct_per_core,ram_used_gb,swap_used_gb,disk_read_mb_s,disk_write_mb_s,nvsmi_vram_used_gb,vram_other_processes_gb,pcie_tx_kb_s,pcie_rx_kb_s,pcie_link_gen_current,pcie_link_width_current,cuda_util_pct_min,cuda_util_pct_avg,cuda_util_pct_max,cuda_mem_util_pct_min,cuda_mem_util_pct_avg,cuda_mem_util_pct_max,gpu_temp_c_min,gpu_temp_c_avg,gpu_temp_c_max,gpu_temp_tlimit_c_min,gpu_temp_tlimit_c_avg,gpu_temp_tlimit_c_max,gpu_power_w_min,gpu_power_w_avg,gpu_power_w_max,gpu_clock_sm_mhz_avg,gpu_clock_mem_mhz_avg,gpu_fan_pct_avg,gpu_throttled_any,cpu_pct_min,cpu_pct_avg,cpu_pct_max,ram_used_gb_min,ram_used_gb_avg,ram_used_gb_max,ram_total_gb,swap_used_gb_min,swap_used_gb_avg,swap_used_gb_max,swap_total_gb,disk_read_mb_s_min,disk_read_mb_s_avg,disk_read_mb_s_max,disk_write_mb_s_min,disk_write_mb_s_avg,disk_write_mb_s_max,vram_peak_alloc_gb,vram_peak_reserved_gb,nvsmi_vram_used_gb_min,nvsmi_vram_used_gb_avg,nvsmi_vram_used_gb_max,nvsmi_vram_total_gb,vram_other_processes_gb_min,vram_other_processes_gb_avg,vram_other_processes_gb_max,pcie_tx_kb_s_min,pcie_tx_kb_s_avg,pcie_tx_kb_s_max,pcie_rx_kb_s_min,pcie_rx_kb_s_avg,pcie_rx_kb_s_max,pcie_link_gen_current_min,pcie_link_gen_current_avg,pcie_link_gen_current_max,pcie_link_width_current_min,pcie_link_width_current_avg,pcie_link_width_current_max,pcie_link_gen_max,pcie_link_width_max,data_wait_s,compute_s
1,1,,,,,,,97,92,43,36,14.8,2565,10801,30,0,14.5,13.3;11.4;13.1;13.4;11.7;11.9;30.8;45.4;16.7;19.3;30.1;43.4;8.8;9.7;5.1;5.4;8.8;9.2;3.7;4.2;8.4;8.9;7.4;8.6,37.72,0.07,1.45,0.72,14.598,0.0,1611.0,7958.0,4,16,,,,,,,,,,,,,,,,,,,,,,,,,,,,,,,,,,,,,,,,,,,,,,,,,,,,,,,,,,,,,
1,2,,,,,,,100,59,50,33,179.8,2760,10801,30,0,57.5,59.4;59.1;63.5;63.0;61.4;60.0;89.7;86.8;64.2;68.1;83.0;88.6;59.8;62.0;31.3;32.5;52.5;56.0;30.2;34.6;43.6;48.4;40.5;40.4,39.44,0.07,0.01,0.14,14.598,0.0,341.0,48.0,4,16,,,,,,,,,,,,,,,,,,,,,,,,,,,,,,,,,,,,,,,,,,,,,,,,,,,,,,,,,,,,,
1,3,,,,,,,100,67,51,34,183.2,2760,10801,30,0,9.2,4.5;4.0;9.9;6.5;2.0;2.0;34.3;49.8;5.0;4.0;47.3;48.5;2.0;0.5;0.0;0.0;0.0;0.0;0.0;0.5;0.0;0.0;0.5;0.0,39.52,0.07,0.0,0.03,14.598,0.0,1562.0,108398.0,4,16,,,,,,,,,,,,,,,,,,,,,,,,,,,,,,,,,,,,,,,,,,,,,,,,,,,,,,,,,,,,,
1,summary,1.0918117633958846,0.370174184070824,1.136350023789218,0.17495519713261648,0.00152000,88.8,,,,,,,,,,,,,,,,,,,,,,97,99.0,100,59,72.67,92,43,48.0,51,33,34.33,36,14.8,125.93,183.2,2695.0,10801.0,30.0,0,9.2,27.07,57.5,37.72,38.89,39.52,63.16,0.07,0.07,0.07,25.14,0.0,0.49,1.45,0.03,0.3,0.72,8.846,16.883,14.598,14.6,14.598,15.992,0.0,0.0,0.0,341.0,1171.33,1611.0,48.0,38801.33,108398.0,4,4.0,4,16,16.0,16,4,16,50.53,10.04
2,1,,,,,,,100,76,44,38,17.9,2565,10801,30,0,27.6,24.9;23.8;26.9;26.0;24.4;24.4;62.0;64.5;29.9;29.0;56.0;70.4;21.5;20.8;12.0;11.3;21.4;21.6;10.5;10.2;18.4;18.8;16.8;17.5,44.32,0.07,0.01,0.15,15.49,0.0,11523.0,1562.0,4,16,,,,,,,,,,,,,,,,,,,,,,,,,,,,,,,,,,,,,,,,,,,,,,,,,,,,,,,,,,,,,
2,2,,,,,,,100,76,55,33,186.6,2760,10801,30,0,52.2,51.9;52.7;56.2;55.9;51.7;52.4;90.0;79.2;60.9;58.4;86.9;88.7;46.3;47.7;25.5;29.3;41.3;42.9;46.0;36.2;40.3;41.3;34.8;36.7,46.16,0.07,0.0,0.08,15.49,0.0,781.0,0.0,4,16,,,,,,,,,,,,,,,,,,,,,,,,,,,,,,,,,,,,,,,,,,,,,,,,,,,,,,,,,,,,,
2,3,,,,,,,100,80,52,33,184.3,2760,10801,30,0,7.5,4.0;0.5;2.1;1.5;1.5;1.0;29.4;26.8;6.2;4.1;34.5;66.0;1.0;0.5;0.0;0.0;0.0;0.0;0.0;0.0;0.0;0.0;0.0;0.0,46.21,0.07,0.0,0.09,15.49,0.0,0.0,1757.0,4,16,,,,,,,,,,,,,,,,,,,,,,,,,,,,,,,,,,,,,,,,,,,,,,,,,,,,,,,,,,,,,
2,summary,1.0471048303372321,0.42497881965225365,1.0294838543006597,0.45331541218637994,0.00304000,43.7,,,,,,,,,,,,,,,,,,,,,,100,100.0,100,76,77.33,80,44,50.33,55,33,34.67,38,17.9,129.6,186.6,2695.0,10801.0,30.0,0,7.5,29.1,52.2,44.32,45.56,46.21,63.16,0.07,0.07,0.07,33.27,0.0,0.0,0.01,0.08,0.11,0.15,8.846,20.672,15.49,15.49,15.49,15.992,0.0,0.0,0.0,0.0,4101.33,11523.0,0.0,1106.33,1757.0,4,4.0,4,16,16.0,16,4,16,8.76,10.27
3,1,,,,,,,97,93,39,40,16.1,2565,10801,30,0,15.1,13.4;12.9;12.7;13.0;11.2;11.4;34.7;52.6;14.7;18.6;31.8;53.7;8.8;9.4;3.9;4.5;8.3;9.0;2.8;3.2;7.8;8.2;6.6;8.1,38.16,0.07,0.0,0.09,13.598,0.0,341.0,390.0,4,16,,,,,,,,,,,,,,,,,,,,,,,,,,,,,,,,,,,,,,,,,,,,,,,,,,,,,,,,,,,,,
3,2,,,,,,,100,86,51,33,181.9,2760,10801,30,0,60.5,64.5;58.8;75.6;80.5;69.3;64.4;99.8;99.3;88.8;93.9;98.3;99.0;54.1;53.2;22.4;24.6;48.3;49.3;16.6;16.1;46.6;49.0;36.1;43.8,39.65,0.07,0.0,0.09,13.598,0.0,48.0,1904.0,4,16,,,,,,,,,,,,,,,,,,,,,,,,,,,,,,,,,,,,,,,,,,,,,,,,,,,,,,,,,,,,,
3,3,,,,,,,95,41,49,36,181.2,2760,10801,30,0,16.7,6.5;3.7;18.4;16.0;4.5;6.6;77.9;58.6;32.2;32.8;74.7;59.4;2.9;2.9;0.0;0.0;0.8;0.4;0.0;0.0;1.2;0.4;1.2;0.4,40.01,0.07,0.03,0.09,13.598,0.0,341.0,97.0,4,16,,,,,,,,,,,,,,,,,,,,,,,,,,,,,,,,,,,,,,,,,,,,,,,,,,,,,,,,,,,,,
3,summary,1.010690166611714,0.4797135017915854,1.0558598024016213,0.43024193548387096,0.00399981,76.6,,,,,,,,,,,,,,,,,,,,,,95,97.33,100,41,73.33,93,39,46.33,51,33,36.33,40,16.1,126.4,181.9,2695.0,10801.0,30.0,0,15.1,30.77,60.5,38.16,39.27,40.01,63.16,0.07,0.07,0.07,24.09,0.0,0.01,0.03,0.09,0.09,0.09,8.846,20.672,13.598,13.6,13.598,15.992,0.0,0.0,0.0,48.0,243.33,341.0,97.0,797.0,1904.0,4,4.0,4,16,16.0,16,4,16,49.94,10.18
4,1,,,,,,,100,77,47,41,30.7,2565,10801,30,0,31.6,30.1;29.2;31.8;32.6;30.5;30.6;71.8;67.8;31.4;32.8;58.7;68.5;22.6;22.9;12.4;13.0;26.1;26.9;17.7;15.9;23.3;24.5;19.6;18.3,43.72,0.07,0.0,0.09,15.488,0.0,0.0,1416.0,4,16,,,,,,,,,,,,,,,,,,,,,,,,,,,,,,,,,,,,,,,,,,,,,,,,,,,,,,,,,,,,,
4,2,,,,,,,97,42,47,31,181.0,2760,10801,30,0,63.3,63.5;61.4;79.6;79.3;70.1;70.3;98.7;99.8;88.8;92.3;98.9;98.5;59.5;54.5;25.4;27.4;54.0;55.2;28.8;26.9;49.1;51.1;40.0;46.1,44.68,0.07,0.02,0.06,15.488,0.0,1660.0,0.0,4,16,,,,,,,,,,,,,,,,,,,,,,,,,,,,,,,,,,,,,,,,,,,,,,,,,,,,,,,,,,,,,
4,3,,,,,,,98,33,53,31,178.6,2760,10801,30,0,15.9,4.2;2.5;11.0;20.7;5.9;4.6;54.0;67.6;39.7;34.6;58.6;70.0;3.8;1.3;0.0;0.4;1.3;0.8;0.0;0.4;0.4;0.0;0.0;0.0,44.95,0.07,0.03,0.13,15.488,0.0,3027.0,1367.0,4,16,,,,,,,,,,,,,,,,,,,,,,,,,,,,,,,,,,,,,,,,,,,,,,,,,,,,,,,,,,,,,
4,summary,0.9694144033677413,0.5281620898979457,0.9617227780776212,0.5310483870967742,0.00399788,33.1,,,,,,,,,,,,,,,,,,,,,,97,98.33,100,33,50.67,77,47,49.0,53,31,34.33,41,30.7,130.1,181.0,2695.0,10801.0,30.0,0,15.9,36.93,63.3,43.72,44.45,44.95,63.16,0.07,0.07,0.07,32.19,0.0,0.02,0.03,0.06,0.09,0.13,8.846,20.672,15.488,15.49,15.488,15.992,0.0,0.0,0.0,0.0,1562.33,3027.0,0.0,927.67,1416.0,4,4.0,4,16,16.0,16,4,16,7.52,9.86
5,1,,,,,,,76,26,42,44,45.9,2760,10801,30,0,16.2,14.0;13.6;14.8;14.5;12.7;12.7;31.4;56.1;17.7;20.8;37.4;47.8;11.0;11.4;5.3;5.5;9.7;10.5;3.3;3.6;9.3;9.8;7.8;8.6,38.23,0.07,2.04,0.46,12.336,0.0,97.0,7861.0,4,16,,,,,,,,,,,,,,,,,,,,,,,,,,,,,,,,,,,,,,,,,,,,,,,,,,,,,,,,,,,,,
5,2,,,,,,,100,51,50,35,177.1,2760,10801,30,0,64.5,74.3;76.0;97.2;98.0;93.0;94.1;99.2;98.9;93.8;97.2;99.4;100.0;56.3;55.9;19.9;24.2;47.2;46.3;12.1;17.2;37.3;44.2;33.1;33.9,39.5,0.07,0.03,0.14,12.328,0.0,732.0,1367.0,4,16,,,,,,,,,,,,,,,,,,,,,,,,,,,,,,,,,,,,,,,,,,,,,,,,,,,,,,,,,,,,,
5,3,,,,,,,98,44,48,37,180.8,2760,10801,30,0,20.6,16.0;17.1;33.8;33.5;22.1;27.4;53.6;56.4;40.1;40.7;63.6;58.9;8.6;10.7;0.0;0.0;3.6;1.1;0.0;0.4;1.1;1.8;1.4;1.4,40.03,0.07,0.01,0.06,12.328,0.0,4980.0,103613.0,4,16,,,,,,,,,,,,,,,,,,,,,,,,,,,,,,,,,,,,,,,,,,,,,,,,,,,,,,,,,,,,,
5,summary,0.9308628379583769,0.5618738195356646,1.000305885909706,0.5609318996415771,0.00399447,65.9,,,,,,,,,,,,,,,,,,,,,,76,91.33,100,26,40.33,51,42,46.67,50,35,38.67,44,45.9,134.6,180.8,2760.0,10801.0,30.0,0,16.2,33.77,64.5,38.23,39.25,40.03,63.16,0.07,0.07,0.07,22.12,0.01,0.69,2.04,0.06,0.22,0.46,8.846,20.672,12.328,12.33,12.336,15.992,0.0,0.0,0.0,97.0,1936.33,4980.0,1367.0,37613.67,103613.0,4,4.0,4,16,16.0,16,4,16,50.24,10.08
6,1,,,,,,,99,57,39,40,14.8,210,405,30,0,51.5,56.2;57.8;60.5;60.0;58.9;58.5;74.7;79.0;56.6;56.6;74.8;77.2;45.8;46.7;24.7;29.5;47.8;50.3;20.7;24.4;47.6;48.6;38.2;40.1,42.39,0.07,0.01,0.16,15.406,0.0,10107.0,100146.0,4,16,,,,,,,,,,,,,,,,,,,,,,,,,,,,,,,,,,,,,,,,,,,,,,,,,,,,,,,,,,,,,
6,2,,,,,,,97,41,46,34,180.2,2760,10801,30,0,64.1,75.4;82.2;96.8;97.8;90.5;92.1;99.5;98.6;92.4;95.9;99.2;98.4;51.9;56.2;15.2;22.7;48.0;50.8;16.3;16.0;40.4;42.5;26.6;33.6,43.45,0.07,0.19,0.28,15.406,0.0,878.0,27197.0,4,16,,,,,,,,,,,,,,,,,,,,,,,,,,,,,,,,,,,,,,,,,,,,,,,,,,,,,,,,,,,,,
6,3,,,,,,,100,85,50,36,183.1,2760,10801,30,0,15.5,15.1;9.2;21.6;23.8;14.5;13.8;52.1;56.4;28.3;24.1;46.5;42.9;5.7;4.6;1.1;0.4;1.8;1.4;1.1;0.7;2.5;1.4;1.8;1.4,43.75,0.07,0.01,0.11,15.406,0.0,537.0,0.0,4,16,,,,,,,,,,,,,,,,,,,,,,,,,,,,,,,,,,,,,,,,,,,,,,,,,,,,,,,,,,,,,
6,summary,0.9049119113573041,0.5831435522357897,0.8341782895040342,0.6297939068100359,0.00398863,22.9,,,,,,,,,,,,,,,,,,,,,,97,98.67,100,41,61.0,85,39,45.0,50,34,36.67,40,14.8,126.03,183.1,1910.0,7335.7,30.0,0,15.5,43.7,64.1,42.39,43.2,43.75,63.16,0.07,0.07,0.07,30.23,0.01,0.07,0.19,0.11,0.18,0.28,8.846,20.672,15.406,15.41,15.406,15.992,0.0,0.0,0.0,537.0,3840.67,10107.0,0.0,42447.67,100146.0,4,4.0,4,16,16.0,16,4,16,7.3,10.21
7,1,,,,,,,98,47,42,42,32.1,2775,10801,0,0,16.1,13.9;13.2;15.4;15.3;13.6;14.0;30.0;49.1;17.6;21.4;29.6;50.3;11.2;11.5;5.5;6.0;10.1;11.0;3.9;4.1;10.0;10.4;10.5;9.2,38.01,0.07,0.0,0.14,11.176,0.0,341.0,0.0,4,16,,,,,,,,,,,,,,,,,,,,,,,,,,,,,,,,,,,,,,,,,,,,,,,,,,,,,,,,,,,,,
7,2,,,,,,,97,44,48,39,174.2,2760,10801,0,0,79.9,89.6;91.7;96.9;96.9;96.0;97.2;99.4;99.7;92.6;97.2;99.4;99.7;78.4;78.5;39.5;46.6;84.0;85.5;41.7;48.5;67.6;71.7;54.3;64.3,38.81,0.07,0.0,0.16,11.176,0.0,292.0,0.0,4,16,,,,,,,,,,,,,,,,,,,,,,,,,,,,,,,,,,,,,,,,,,,,,,,,,,,,,,,,,,,,,
7,3,,,,,,,100,58,46,35,181.7,2760,10801,30,0,28.3,29.2;24.1;33.4;33.8;29.1;31.6;61.4;60.0;36.9;36.6;52.2;64.6;20.0;20.9;10.3;10.3;19.7;21.6;11.2;11.6;12.5;19.3;13.4;14.4,39.73,0.07,0.0,0.06,11.176,0.0,292.0,0.0,4,16,,,,,,,,,,,,,,,,,,,,,,,,,,,,,,,,,,,,,,,,,,,,,,,,,,,,,,,,,,,,,
7,summary,0.8785985641750902,0.6042422876330087,0.983132619199787,0.5423387096774194,0.00398340,61.2,,,,,,,,,,,,,,,,,,,,,,97,98.33,100,44,49.67,58,42,45.33,48,35,38.67,42,32.1,129.33,181.7,2765.0,10801.0,10.0,0,16.1,41.43,79.9,38.01,38.85,39.73,63.16,0.07,0.07,0.07,21.12,0.0,0.0,0.0,0.06,0.12,0.16,8.846,20.672,11.176,11.18,11.176,15.992,0.0,0.0,0.0,292.0,308.33,341.0,0.0,0.0,0.0,4,4.0,4,16,16.0,16,4,16,48.77,10.03
8,1,,,,,,,100,44,40,39,15.2,210,405,30,0,64.6,69.4;72.8;79.7;78.5;77.1;77.5;82.0;85.8;75.4;76.8;80.3;98.1;57.2;60.7;35.8;38.9;65.7;68.5;32.9;28.8;55.3;58.0;46.5;49.2,41.16,0.07,0.0,0.16,15.441,0.0,341.0,10107.0,4,16,,,,,,,,,,,,,,,,,,,,,,,,,,,,,,,,,,,,,,,,,,,,,,,,,,,,,,,,,,,,,
8,2,,,,,,,51,11,47,40,171.3,2760,10801,30,0,75.7,85.3;89.2;97.0;97.3;92.2;94.9;98.5;99.4;90.4;95.8;100.0;99.7;78.1;79.3;33.5;32.6;79.7;80.2;29.3;26.7;64.0;65.8;52.0;55.6,41.94,0.07,0.01,0.07,15.441,0.0,0.0,16943.0,4,16,,,,,,,,,,,,,,,,,,,,,,,,,,,,,,,,,,,,,,,,,,,,,,,,,,,,,,,,,,,,,
8,3,,,,,,,98,46,52,32,175.8,2760,10801,30,0,19.6,22.0;20.9;22.9;22.7;18.5;18.2;56.7;38.4;25.0;24.0;53.6;52.5;15.9;11.9;4.4;4.1;9.7;11.6;3.4;4.7;7.5;8.4;6.0;6.9,42.27,0.07,0.0,0.06,15.441,0.0,341.0,5419.0,4,16,,,,,,,,,,,,,,,,,,,,,,,,,,,,,,,,,,,,,,,,,,,,,,,,,,,,,,,,,,,,,
8,summary,0.8587078731562802,0.6181591363081682,0.7236723992559645,0.7094982078853047,0.00397403,19.2,,,,,,,,,,,,,,,,,,,,,,51,83.0,100,11,33.67,46,40,46.33,52,32,37.0,40,15.2,120.77,175.8,1910.0,7335.7,30.0,0,19.6,53.3,75.7,41.16,41.79,42.27,63.16,0.07,0.07,0.07,28.21,0.0,0.0,0.01,0.06,0.1,0.16,8.846,20.672,15.441,15.44,15.441,15.992,0.0,0.0,0.0,0.0,227.33,341.0,5419.0,10823.0,16943.0,4,4.0,4,16,16.0,16,4,16,6.82,10.22
9,1,,,,,,,99,73,38,44,16.9,300,405,0,0,15.5,14.6;13.1;14.8;14.9;13.1;12.7;25.4;49.9;17.2;21.4;28.8;49.5;10.4;11.1;6.3;6.1;9.0;9.9;4.5;4.3;8.5;9.5;8.2;8.4,38.43,0.07,0.0,0.21,11.535,0.0,390.0,97.0,4,16,,,,,,,,,,,,,,,,,,,,,,,,,,,,,,,,,,,,,,,,,,,,,,,,,,,,,,,,,,,,,
9,2,,,,,,,100,79,49,40,177.5,2760,10801,0,0,85.8,93.4;94.1;99.3;95.7;98.7;96.4;100.0;100.0;91.8;94.4;99.3;99.7;84.8;85.5;58.4;60.0;89.5;91.4;53.6;50.0;82.1;88.2;70.0;82.9,38.36,0.07,0.0,0.15,11.535,0.0,878.0,244.0,4,16,,,,,,,,,,,,,,,,,,,,,,,,,,,,,,,,,,,,,,,,,,,,,,,,,,,,,,,,,,,,,
9,3,,,,,,,97,44,49,33,175.9,2760,10801,0,0,42.8,44.3;42.2;48.1;45.7;41.3;42.5;75.3;93.2;58.0;63.8;87.4;87.7;36.9;33.8;17.1;14.0;36.2;34.8;10.9;9.2;28.6;30.7;22.2;24.2,39.55,0.07,0.03,0.1,11.535,0.0,537.0,48.0,4,16,,,,,,,,,,,,,,,,,,,,,,,,,,,,,,,,,,,,,,,,,,,,,,,,,,,,,,,,,,,,,
9,4,,,,,,,100,79,50,37,158.3,2760,10801,0,0,8.8,7.8;1.3;4.0;1.3;0.0;4.0;54.7;52.6;5.3;5.3;15.8;49.3;1.3;6.7;0.0;0.0;0.0;0.0;0.0;0.0;0.0;0.0;0.0;0.0,39.6,0.07,0.05,0.03,11.535,0.0,244.0,109667.0,4,16,,,,,,,,,,,,,,,,,,,,,,,,,,,,,,,,,,,,,,,,,,,,,,,,,,,,,,,,,,,,,
9,summary,0.8429267389549149,0.6279001531203121,0.71432269333084,0.7129928315412186,0.00396851,60.7,,,,,,,,,,,,,,,,,,,,,,97,99.0,100,44,68.75,79,38,46.5,50,33,38.5,44,16.9,132.15,177.5,2145.0,8202.0,0.0,0,8.8,38.23,85.8,38.36,38.98,39.6,63.16,0.07,0.07,0.07,20.04,0.0,0.02,0.05,0.03,0.12,0.21,8.846,20.672,11.535,11.54,11.535,15.992,0.0,0.0,0.0,244.0,512.25,878.0,48.0,27514.0,109667.0,4,4.0,4,16,16.0,16,4,16,48.06,10.26
10,1,,,,,,,100,12,41,43,27.7,210,5001,0,0,61.2,69.4;69.3;73.3;74.3;71.5;72.4;83.8;79.3;68.7;71.1;89.3;78.4;55.9;53.0;31.5;38.1;59.4;64.0;32.4;34.2;51.1;55.6;44.6;48.5,41.21,0.07,0.12,0.57,15.488,0.0,585.0,97.0,4,16,,,,,,,,,,,,,,,,,,,,,,,,,,,,,,,,,,,,,,,,,,,,,,,,,,,,,,,,,,,,,
10,2,,,,,,,84,40,49,38,175.7,2760,10801,30,0,86.1,94.3;94.2;97.9;95.7;96.6;97.9;99.1;99.7;98.8;98.5;99.7;100.0;93.9;92.6;52.0;56.6;91.7;93.5;42.2;43.4;86.5;90.5;75.1;77.3,41.68,0.07,0.04,0.54,15.509,0.0,634.0,1562.0,4,16,,,,,,,,,,,,,,,,,,,,,,,,,,,,,,,,,,,,,,,,,,,,,,,,,,,,,,,,,,,,,
10,3,,,,,,,100,66,53,34,180.8,2760,10801,30,0,38.0,32.4;33.3;41.4;42.3;34.2;33.6;80.9;80.9;43.2;52.9;89.8;79.6;26.5;29.9;15.1;17.2;26.5;29.9;18.5;15.1;21.6;25.0;19.1;19.8,42.43,0.07,0.01,0.45,15.509,0.0,244.0,15283.0,4,16,,,,,,,,,,,,,,,,,,,,,,,,,,,,,,,,,,,,,,,,,,,,,,,,,,,,,,,,,,,,,
10,4,,,,,,,98,58,49,33,156.9,2760,10801,30,0,6.7,9.5;2.8;1.4;5.6;1.4;1.4;8.5;59.2;7.0;2.8;8.5;47.9;1.4;0.0;0.0;0.0;1.4;0.0;0.0;0.0;0.0;1.4;0.0;0.0,42.45,0.07,0.0,0.05,15.509,0.0,1416.0,0.0,4,16,,,,,,,,,,,,,,,,,,,,,,,,,,,,,,,,,,,,,,,,,,,,,,,,,,,,,,,,,,,,,
10,summary,0.8229578556896199,0.6415391311782491,0.7152480804364741,0.719847670250896,0.00395595,18.7,,,,,,,,,,,,,,,,,,,,,,84,95.5,100,12,44.0,66,41,48.0,53,33,37.0,43,27.7,135.28,180.8,2122.5,9351.0,22.5,0,6.7,48.0,86.1,41.21,41.94,42.45,63.16,0.07,0.07,0.07,28.14,0.0,0.04,0.12,0.05,0.4,0.57,8.846,20.672,15.488,15.5,15.509,15.992,0.0,0.0,0.0,244.0,719.75,1416.0,0.0,4235.5,15283.0,4,4.0,4,16,16.0,16,4,16,6.27,10.16
11,1,,,,,,,99,73,38,40,15.7,270,405,30,0,14.8,13.8;13.4;13.3;13.8;11.6;12.2;23.5;50.7;16.5;20.7;26.5;50.4;9.7;10.6;4.8;5.4;8.1;9.2;3.4;3.7;8.5;9.3;7.5;7.7,40.14,0.07,0.0,0.14,8.97,0.0,585.0,33740.0,4,16,,,,,,,,,,,,,,,,,,,,,,,,,,,,,,,,,,,,,,,,,,,,,,,,,,,,,,,,,,,,,
11,2,,,,,,,100,75,46,38,176.2,2760,10801,30,0,84.9,97.4;95.8;98.5;97.3;98.1;97.7;99.6;99.6;98.9;99.2;100.0;100.0;94.3;93.9;48.1;45.2;90.9;94.3;36.1;35.7;80.1;87.8;70.3;78.7,40.17,0.07,0.0,0.13,8.97,0.0,341.0,0.0,4,16,,,,,,,,,,,,,,,,,,,,,,,,,,,,,,,,,,,,,,,,,,,,,,,,,,,,,,,,,,,,,
11,3,,,,,,,97,44,51,39,180.7,2760,10801,30,0,58.5,64.1;61.3;93.8;96.3;76.6;86.1;99.3;100.0;93.4;96.7;100.0;99.6;42.5;36.3;20.5;19.4;32.2;36.3;16.1;15.0;32.2;30.8;27.3;28.2,41.15,0.07,0.01,0.07,8.97,0.0,292.0,4736.0,4,16,,,,,,,,,,,,,,,,,,,,,,,,,,,,,,,,,,,,,,,,,,,,,,,,,,,,,,,,,,,,,
11,4,,,,,,,98,52,51,39,177.8,2760,10801,30,0,13.8,9.8;6.2;5.4;20.0;10.8;19.2;64.6;43.5;21.5;22.3;50.0;30.8;3.1;10.0;0.0;0.8;3.1;3.9;0.8;0.8;0.8;3.1;0.8;0.0,41.15,0.07,0.03,0.16,8.97,0.0,244.0,9765.0,4,16,,,,,,,,,,,,,,,,,,,,,,,,,,,,,,,,,,,,,,,,,,,,,,,,,,,,,,,,,,,,,
11,summary,0.8061242478145874,0.6525587414598506,0.7598765081829495,0.6741039426523298,0.00394993,59.9,,,,,,,,,,,,,,,,,,,,,,97,98.5,100,44,61.0,75,38,46.5,51,38,39.0,40,15.7,137.6,180.7,2137.5,8202.0,30.0,0,13.8,43.0,84.9,40.14,40.65,41.15,63.16,0.07,0.07,0.07,19.04,0.0,0.01,0.03,0.07,0.12,0.16,8.846,20.672,8.97,8.97,8.97,15.992,0.0,0.0,0.0,244.0,365.5,585.0,0.0,12060.25,33740.0,4,4.0,4,16,16.0,16,4,16,47.85,10.11
12,1,,,,,,,100,62,41,42,34.3,540,5001,30,0,60.7,65.7;65.2;75.4;75.2;69.8;72.6;81.2;82.7;68.9;71.2;83.0;87.1;56.8;56.9;33.5;34.0;61.4;62.7;28.3;27.4;52.8;54.0;42.9;48.9,40.52,0.07,0.0,0.22,15.498,0.0,341.0,0.0,4,16,,,,,,,,,,,,,,,,,,,,,,,,,,,,,,,,,,,,,,,,,,,,,,,,,,,,,,,,,,,,,
12,2,,,,,,,100,74,46,40,143.6,2760,10801,30,0,87.0,91.8;93.0;97.7;97.3;97.0;97.3;100.0;100.0;94.7;95.7;100.0;100.0;91.3;91.3;63.5;60.3;93.3;95.3;57.5;51.3;83.9;83.9;76.7;76.3,40.79,0.07,0.05,0.15,15.506,0.0,341.0,5468.0,4,16,,,,,,,,,,,,,,,,,,,,,,,,,,,,,,,,,,,,,,,,,,,,,,,,,,,,,,,,,,,,,
12,3,,,,,,,97,49,52,35,168.2,2760,10801,30,0,59.2,66.6;64.2;88.1;89.1;74.7;78.1;91.4;95.8;83.9;90.3;97.1;95.5;48.7;49.8;27.6;24.8;39.9;44.8;17.4;17.4;33.2;39.1;29.4;32.8,41.98,0.07,0.36,1.19,15.525,0.0,585.0,48.0,4,16,,,,,,,,,,,,,,,,,,,,,,,,,,,,,,,,,,,,,,,,,,,,,,,,,,,,,,,,,,,,,
12,4,,,,,,,100,63,48,36,177.0,2760,10801,30,0,12.0,2.3;5.3;3.8;9.0;6.8;3.7;54.9;55.0;12.8;13.6;47.4;52.6;3.8;1.5;0.8;0.8;1.6;1.5;0.0;0.8;0.8;2.3;2.3;2.3,41.98,0.07,0.0,0.04,15.525,0.0,292.0,1806.0,4,16,,,,,,,,,,,,,,,,,,,,,,,,,,,,,,,,,,,,,,,,,,,,,,,,,,,,,,,,,,,,,
12,summary,0.7954445239244075,0.6605431496148675,0.7203704106764981,0.6960573476702508,0.00393431,17.7,,,,,,,,,,,,,,,,,,,,,,97,99.25,100,49,62.0,74,41,46.75,52,35,38.25,42,34.3,130.78,177.0,2205.0,9351.0,30.0,0,12.0,54.73,87.0,40.52,41.32,41.98,63.16,0.07,0.07,0.07,27.16,0.0,0.1,0.36,0.04,0.4,1.19,8.846,20.672,15.498,15.51,15.525,15.992,0.0,0.0,0.0,292.0,389.75,585.0,0.0,1830.5,5468.0,4,4.0,4,16,16.0,16,4,16,5.52,10.5
13,1,,,,,,,1,0,38,44,12.2,210,405,0,0,15.0,12.7;12.6;13.9;14.6;12.4;12.9;25.1;49.0;15.7;22.7;24.5;52.5;9.4;10.6;4.7;5.2;8.8;10.3;3.4;3.6;8.8;9.6;7.5;8.7,40.5,0.07,0.01,0.14,9.428,0.0,244.0,1416.0,4,16,,,,,,,,,,,,,,,,,,,,,,,,,,,,,,,,,,,,,,,,,,,,,,,,,,,,,,,,,,,,,
13,2,,,,,,,96,47,48,38,169.9,2760,10801,0,0,80.6,94.0;93.9;97.2;97.2;98.8;98.0;98.8;100.0;98.4;98.0;100.0;100.0;85.0;86.9;34.1;38.2;91.1;91.8;22.0;27.3;74.9;79.6;58.4;69.8,40.95,0.07,0.0,0.14,9.428,0.0,585.0,0.0,4,16,,,,,,,,,,,,,,,,,,,,,,,,,,,,,,,,,,,,,,,,,,,,,,,,,,,,,,,,,,,,,
13,3,,,,,,,100,74,46,37,178.6,2760,10801,0,0,78.8,88.0;88.1;97.1;97.6;96.0;97.6;100.0;100.0;98.0;98.0;100.0;100.0;80.4;67.6;43.4;44.3;81.6;82.0;38.9;44.3;68.8;64.3;52.0;62.4,41.99,0.07,0.0,0.13,9.428,0.0,341.0,1757.0,4,16,,,,,,,,,,,,,,,,,,,,,,,,,,,,,,,,,,,,,,,,,,,,,,,,,,,,,,,,,,,,,
13,4,,,,,,,46,19,47,39,168.6,2760,10801,0,0,9.4,12.7;7.0;5.9;7.0;5.4;2.7;38.4;35.7;7.0;13.0;49.2;27.6;2.2;2.2;0.0;0.0;2.2;1.6;0.5;0.5;1.6;0.5;1.1;1.1,41.54,0.07,0.0,0.06,9.428,0.0,341.0,1367.0,4,16,,,,,,,,,,,,,,,,,,,,,,,,,,,,,,,,,,,,,,,,,,,,,,,,,,,,,,,,,,,,,
13,summary,0.7825455022124881,0.6680067932564882,0.7576359223721275,0.6782258064516129,0.00392952,60.1,,,,,,,,,,,,,,,,,,,,,,1,60.75,100,0,35.0,74,38,44.75,48,37,39.5,44,12.2,132.32,178.6,2122.5,8202.0,0.0,0,9.4,45.95,80.6,40.5,41.25,41.99,63.16,0.07,0.07,0.07,20.06,0.0,0.0,0.01,0.06,0.12,0.14,8.846,20.672,9.428,9.43,9.428,15.992,0.0,0.0,0.0,244.0,377.75,585.0,0.0,1135.0,1757.0,4,4.0,4,16,16.0,16,4,16,47.98,10.22
14,1,,,,,,,100,54,45,42,33.7,2565,10801,0,0,62.2,70.1;69.1;76.8;75.4;75.8;74.9;84.0;83.8;73.3;75.4;81.6;93.3;56.5;55.7;35.2;33.4;61.6;62.5;26.6;26.5;54.5;58.9;44.9;42.5,41.17,0.07,0.07,0.23,15.568,0.0,634.0,1269.0,4,16,,,,,,,,,,,,,,,,,,,,,,,,,,,,,,,,,,,,,,,,,,,,,,,,,,,,,,,,,,,,,
14,2,,,,,,,97,71,48,32,178.8,2760,10801,0,0,81.0,93.6;90.3;96.4;97.2;97.6;98.4;99.6;99.6;95.6;97.6;96.8;99.2;86.3;85.5;41.9;44.9;88.4;90.3;25.4;28.2;79.4;81.5;59.1;70.9,41.62,0.07,0.01,0.13,15.568,0.0,12451.0,1367.0,4,16,,,,,,,,,,,,,,,,,,,,,,,,,,,,,,,,,,,,,,,,,,,,,,,,,,,,,,,,,,,,,
14,3,,,,,,,97,57,52,34,181.0,2760,10801,30,0,77.6,90.4;90.6;98.0;95.5;93.9;94.7;100.0;100.0;96.3;96.7;100.0;100.0;79.3;85.7;35.5;36.3;75.9;85.0;24.1;27.6;68.0;78.0;52.2;57.6,42.37,0.07,0.01,0.18,15.568,0.0,341.0,1416.0,4,16,,,,,,,,,,,,,,,,,,,,,,,,,,,,,,,,,,,,,,,,,,,,,,,,,,,,,,,,,,,,,
14,4,,,,,,,98,48,52,36,181.9,2760,10801,30,0,11.0,10.4;4.5;10.7;11.3;6.8;7.3;29.8;35.6;5.6;11.3;48.0;41.6;9.6;5.1;4.5;5.1;3.9;1.1;2.8;2.3;2.3;1.1;1.1;2.2,42.18,0.07,0.0,0.34,15.568,0.0,292.0,1367.0,4,16,,,,,,,,,,,,,,,,,,,,,,,,,,,,,,,,,,,,,,,,,,,,,,,,,,,,,,,,,,,,,
14,summary,0.7716641502593037,0.6750973518735863,0.6402601695402549,0.7594534050179211,0.00391107,16.8,,,,,,,,,,,,,,,,,,,,,,97,98.0,100,48,57.5,71,45,49.25,52,32,36.0,42,33.7,143.85,181.9,2711.2,10801.0,15.0,0,11.0,57.95,81.0,41.17,41.84,42.37,63.16,0.07,0.07,0.07,27.15,0.0,0.02,0.07,0.13,0.22,0.34,8.846,20.672,15.568,15.57,15.568,15.992,0.0,0.0,0.0,292.0,3429.5,12451.0,1269.0,1354.75,1416.0,4,4.0,4,16,16.0,16,4,16,4.94,10.16
15,1,,,,,,,100,74,39,43,24.2,2565,10801,30,0,13.8,11.0;10.7;12.0;12.9;10.9;11.4;20.4;50.2;15.9;19.6;24.7;51.5;9.3;9.8;4.0;4.5;8.5;8.8;2.7;3.0;8.2;7.6;6.6;6.6,40.32,0.07,0.0,0.13,8.557,0.0,585.0,1367.0,4,16,,,,,,,,,,,,,,,,,,,,,,,,,,,,,,,,,,,,,,,,,,,,,,,,,,,,,,,,,,,,,
15,2,,,,,,,97,50,46,36,166.8,2760,10801,30,0,84.1,96.8;97.9;97.9;97.9;96.2;96.2;99.1;99.1;98.3;98.7;100.0;100.0;87.3;92.3;46.4;50.2;88.5;90.7;36.2;39.7;81.5;85.2;68.1;75.0,40.43,0.07,0.1,0.17,8.557,0.0,1074.0,9521.0,4,16,,,,,,,,,,,,,,,,,,,,,,,,,,,,,,,,,,,,,,,,,,,,,,,,,,,,,,,,,,,,,
15,3,,,,,,,97,49,47,35,176.6,2760,10801,30,0,83.0,96.0;95.0;96.8;96.8;98.6;97.7;100.0;100.0;96.3;97.7;100.0;100.0;92.2;89.4;46.1;49.3;86.7;91.2;28.4;34.6;80.6;85.7;66.4;66.5,40.88,0.07,0.0,0.04,8.557,0.0,0.0,8203.0,4,16,,,,,,,,,,,,,,,,,,,,,,,,,,,,,,,,,,,,,,,,,,,,,,,,,,,,,,,,,,,,,
15,4,,,,,,,98,53,51,38,178.9,2760,10801,30,0,31.4,21.2;17.8;48.0;49.3;25.3;23.6;78.2;88.0;59.3;69.3;89.9;87.6;12.4;9.8;7.1;4.9;8.0;11.1;4.9;3.1;7.1;8.4;8.4;9.3,41.01,0.07,0.02,0.1,8.557,0.0,1464.0,195.0,4,16,,,,,,,,,,,,,,,,,,,,,,,,,,,,,,,,,,,,,,,,,,,,,,,,,,,,,,,,,,,,,
15,5,,,,,,,52,35,44,39,178.9,2760,10801,30,0,9.7,0.0;3.6;14.3;7.1;3.6;10.7;42.9;39.3;10.7;7.1;14.3;57.1;3.6;3.6;3.6;0.0;0.0;0.0;0.0;0.0;3.6;0.0;0.0;0.0,41.04,0.07,0.0,0.33,8.557,0.0,244.0,1464.0,4,16,,,,,,,,,,,,,,,,,,,,,,,,,,,,,,,,,,,,,,,,,,,,,,,,,,,,,,,,,,,,,
15,summary,0.760272473855474,0.6828718997023092,0.6999662610792344,0.7081093189964157,0.00390791,59.3,,,,,,,,,,,,,,,,,,,,,,52,88.8,100,35,52.2,74,39,45.4,51,35,38.2,43,24.2,145.08,178.9,2721.0,10801.0,30.0,0,9.7,44.4,84.1,40.32,40.74,41.04,63.16,0.07,0.07,0.07,19.12,0.0,0.02,0.1,0.04,0.15,0.33,8.846,20.672,8.557,8.56,8.557,15.992,0.0,0.0,0.0,0.0,673.4,1464.0,195.0,4150.0,9521.0,4,4.0,4,16,16.0,16,4,16,47.37,10.22
16,1,,,,,,,100,53,42,42,33.3,2565,10801,30,0,60.5,62.7;65.0;73.2;71.4;74.0;73.4;85.8;78.1;75.8;76.1;77.6;92.1;59.0;59.5;32.5;29.6;59.8;61.7;23.9;22.1;57.0;58.4;42.6;44.9,40.28,0.07,0.01,0.22,15.322,0.0,341.0,3320.0,4,16,,,,,,,,,,,,,,,,,,,,,,,,,,,,,,,,,,,,,,,,,,,,,,,,,,,,,,,,,,,,,
16,2,,,,,,,100,67,49,35,158.2,2760,10801,30,0,86.0,87.7;91.3;98.7;98.3;96.5;98.7;99.6;100.0;95.7;96.1;100.0;100.0;87.4;87.9;62.1;54.7;88.3;92.2;40.7;51.1;83.7;91.3;79.3;82.3,40.46,0.07,0.0,0.13,15.322,0.0,1416.0,0.0,4,16,,,,,,,,,,,,,,,,,,,,,,,,,,,,,,,,,,,,,,,,,,,,,,,,,,,,,,,,,,,,,
16,3,,,,,,,97,52,48,38,176.2,2760,10801,30,0,87.0,93.1;95.4;97.1;95.4;97.9;97.1;98.3;99.2;97.1;97.1;100.0;100.0;94.6;95.0;65.7;56.7;92.1;92.1;54.2;51.2;82.5;87.5;74.3;73.8,41.96,0.07,0.04,0.32,15.322,0.0,5712.0,25830.0,4,16,,,,,,,,,,,,,,,,,,,,,,,,,,,,,,,,,,,,,,,,,,,,,,,,,,,,,,,,,,,,,
16,4,,,,,,,97,65,49,33,180.8,2760,10801,30,0,30.7,16.2;18.9;48.8;54.4;35.9;34.6;93.1;82.5;64.1;68.7;84.7;84.4;10.6;8.8;2.3;1.9;4.2;5.1;2.8;4.2;4.2;1.9;1.4;1.4,41.02,0.07,0.02,0.06,15.322,0.0,1220.0,1855.0,4,16,,,,,,,,,,,,,,,,,,,,,,,,,,,,,,,,,,,,,,,,,,,,,,,,,,,,,,,,,,,,,
16,5,,,,,,,9,1,46,34,180.8,2760,10801,30,0,13.3,0.0;0.0;20.8;8.7;4.3;0.0;25.0;45.8;25.0;20.8;62.5;66.7;23.8;0.0;0.0;0.0;0.0;0.0;0.0;0.0;0.0;0.0;0.0;0.0,41.06,0.07,0.0,0.05,15.322,0.0,537.0,48.0,4,16,,,,,,,,,,,,,,,,,,,,,,,,,,,,,,,,,,,,,,,,,,,,,,,,,,,,,,,,,,,,,
16,summary,0.747997800047087,0.6907572071476873,0.6505490754240303,0.7547491039426524,0.00388683,16.5,,,,,,,,,,,,,,,,,,,,,,9,80.6,100,1,47.6,67,42,46.8,49,33,36.4,42,33.3,145.86,180.8,2721.0,10801.0,30.0,0,13.3,55.5,87.0,40.28,40.96,41.96,63.16,0.07,0.07,0.07,26.21,0.0,0.01,0.04,0.05,0.16,0.32,8.846,20.672,15.322,15.32,15.322,15.992,0.0,0.0,0.0,341.0,1845.2,5712.0,0.0,6210.6,25830.0,4,4.0,4,16,16.0,16,4,16,4.84,9.98
17,1,,,,,,,98,94,38,46,12.9,255,405,0,0,12.5,9.6;9.2;10.1;11.5;9.4;9.8;19.8;48.3;12.9;18.7;23.1;48.9;7.1;8.0;3.3;4.4;6.8;7.3;2.6;2.3;6.1;6.6;7.1;8.0,40.4,0.07,0.01,0.13,6.676,0.0,585.0,4882.0,4,16,,,,,,,,,,,,,,,,,,,,,,,,,,,,,,,,,,,,,,,,,,,,,,,,,,,,,,,,,,,,,
17,2,,,,,,,96,52,46,35,164.0,2760,10801,0,0,83.1,93.8;95.9;98.6;97.7;97.7;99.1;100.0;100.0;97.2;98.6;100.0;100.0;85.3;89.4;40.8;52.3;85.3;87.6;35.0;39.9;77.6;77.9;71.1;72.9,40.33,0.07,0.0,0.15,6.676,0.0,0.0,1367.0,4,16,,,,,,,,,,,,,,,,,,,,,,,,,,,,,,,,,,,,,,,,,,,,,,,,,,,,,,,,,,,,,
17,3,,,,,,,98,64,50,37,177.5,2760,10801,0,0,84.5,93.8;95.6;99.0;95.1;97.6;99.0;99.5;97.1;99.0;98.6;100.0;100.0;91.7;92.7;45.9;59.0;85.5;95.1;34.6;35.0;82.4;84.9;70.2;75.8,40.98,0.07,0.0,0.12,6.676,0.0,0.0,2685.0,4,16,,,,,,,,,,,,,,,,,,,,,,,,,,,,,,,,,,,,,,,,,,,,,,,,,,,,,,,,,,,,,
17,4,,,,,,,94,63,49,38,153.6,2760,10801,0,0,55.7,76.1;78.8;78.6;77.7;78.3;77.3;81.6;87.9;78.2;80.7;91.3;92.3;54.9;56.8;10.1;15.0;43.5;42.2;13.1;14.5;32.4;31.6;20.9;23.7,40.84,0.07,0.0,0.06,6.676,0.0,781.0,1416.0,4,16,,,,,,,,,,,,,,,,,,,,,,,,,,,,,,,,,,,,,,,,,,,,,,,,,,,,,,,,,,,,,
17,5,,,,,,,98,63,48,34,178.7,2760,10801,0,0,8.8,10.8;0.0;4.5;3.4;2.2;6.7;20.2;48.9;12.2;5.6;24.7;62.9;4.5;1.1;0.0;0.0;1.1;0.0;0.0;0.0;0.0;0.0;1.1;0.0,40.87,0.07,0.01,0.11,6.676,0.0,341.0,1611.0,4,16,,,,,,,,,,,,,,,,,,,,,,,,,,,,,,,,,,,,,,,,,,,,,,,,,,,,,,,,,,,,,
17,summary,0.7457242747287017,0.6921990253153735,0.6064972603620167,0.776747311827957,0.00388537,59.1,,,,,,,,,,,,,,,,,,,,,,94,96.8,98,52,67.2,94,38,46.2,50,34,38.0,46,12.9,137.34,178.7,2259.0,8721.8,0.0,0,8.8,48.92,84.5,40.33,40.68,40.98,63.16,0.07,0.07,0.07,17.02,0.0,0.0,0.01,0.06,0.11,0.15,8.846,20.672,6.676,6.68,6.676,15.992,0.0,0.0,0.0,0.0,341.4,781.0,1367.0,2392.2,4882.0,4,4.0,4,16,16.0,16,4,16,47.18,10.22
18,1,,,,,,,100,44,43,42,34.4,2565,10801,0,0,61.2,62.0;67.9;74.0;73.9;74.9;74.5;76.2;80.8;74.8;75.1;77.5;96.3;61.1;58.9;28.5;29.7;61.6;63.4;22.3;23.7;55.6;56.6;49.9;50.9,40.12,0.07,0.0,0.26,13.441,0.0,341.0,0.0,4,16,,,,,,,,,,,,,,,,,,,,,,,,,,,,,,,,,,,,,,,,,,,,,,,,,,,,,,,,,,,,,
18,2,,,,,,,100,64,49,32,177.9,2760,10801,0,0,82.1,88.2;93.4;95.9;96.4;98.5;97.4;100.0;100.0;99.0;98.0;99.5;100.0;88.3;85.7;40.1;47.7;89.3;88.3;37.2;32.1;81.6;82.8;63.3;68.4,40.61,0.07,0.01,0.03,13.441,0.0,634.0,1464.0,4,16,,,,,,,,,,,,,,,,,,,,,,,,,,,,,,,,,,,,,,,,,,,,,,,,,,,,,,,,,,,,,
18,3,,,,,,,96,51,51,31,175.8,2760,10801,30,0,83.9,97.1;95.9;98.5;94.9;98.5;99.0;98.0;100.0;99.0;99.5;100.0;100.0;91.4;90.4;52.3;50.3;94.4;93.4;27.9;31.5;84.8;80.2;62.4;73.1,41.05,0.07,0.02,0.13,13.441,0.0,0.0,1416.0,4,16,,,,,,,,,,,,,,,,,,,,,,,,,,,,,,,,,,,,,,,,,,,,,,,,,,,,,,,,,,,,,
18,4,,,,,,,0,0,47,34,157.4,2760,10801,30,0,54.5,66.5;62.6;73.8;73.8;67.3;68.6;89.0;81.9;71.9;73.3;87.6;83.4;43.8;41.0;21.0;22.9;41.4;49.0;25.7;26.2;36.8;37.6;30.3;32.4,41.01,0.07,0.0,0.1,13.441,0.0,2587.0,1806.0,4,16,,,,,,,,,,,,,,,,,,,,,,,,,,,,,,,,,,,,,,,,,,,,,,,,,,,,,,,,,,,,,
18,5,,,,,,,98,58,50,35,160.0,2760,10801,30,0,6.6,3.5;0.0;2.4;1.2;0.0;2.4;39.3;21.4;2.4;7.1;63.1;9.5;2.4;0.0;0.0;0.0;1.2;0.0;0.0;0.0;1.2;0.0;1.2;0.0,41.05,0.07,0.01,0.04,13.441,0.0,341.0,390.0,4,16,,,,,,,,,,,,,,,,,,,,,,,,,,,,,,,,,,,,,,,,,,,,,,,,,,,,,,,,,,,,,
18,summary,0.7325120700348267,0.7004710198434597,0.7110078178853544,0.7043458781362008,0.00386177,16.1,,,,,,,,,,,,,,,,,,,,,,0,78.8,100,0,43.4,64,43,48.0,51,31,34.8,42,34.4,141.1,177.9,2721.0,10801.0,18.0,0,6.6,57.66,83.9,40.12,40.77,41.05,63.16,0.07,0.07,0.07,24.11,0.0,0.01,0.02,0.03,0.11,0.26,8.846,20.672,13.441,13.44,13.441,15.992,0.0,0.0,0.0,0.0,780.6,2587.0,0.0,1015.2,1806.0,4,4.0,4,16,16.0,16,4,16,4.41,10.02
19,1,,,,,,,100,53,44,41,32.4,810,5001,30,0,61.0,66.7;66.7;76.2;75.7;75.4;75.4;78.0;80.0;74.8;73.9;84.1;93.6;60.9;60.0;28.1;27.7;60.7;64.0;22.0;22.0;56.1;55.1;43.5;43.7,40.22,0.07,0.01,0.22,13.441,0.0,341.0,1367.0,4,16,,,,,,,,,,,,,,,,,,,,,,,,,,,,,,,,,,,,,,,,,,,,,,,,,,,,,,,,,,,,,
19,2,,,,,,,97,53,49,35,177.3,2760,10801,30,0,83.1,93.1;93.9;97.5;98.0;98.0;99.5;100.0;99.5;98.5;99.5;99.5;100.0;95.0;89.4;39.4;50.0;91.4;88.8;30.5;31.0;81.8;79.3;65.5;74.6,40.58,0.07,0.01,0.13,13.441,0.0,585.0,1367.0,4,16,,,,,,,,,,,,,,,,,,,,,,,,,,,,,,,,,,,,,,,,,,,,,,,,,,,,,,,,,,,,,
19,3,,,,,,,99,61,52,35,179.6,2760,10801,30,0,83.9,94.3;94.1;99.0;96.6;98.5;97.0;100.0;98.0;99.5;99.0;100.0;100.0;96.6;93.1;46.8;54.2;91.2;92.6;32.4;31.5;79.3;80.3;61.1;79.3,41.17,0.07,0.01,0.09,13.441,0.0,8203.0,0.0,4,16,,,,,,,,,,,,,,,,,,,,,,,,,,,,,,,,,,,,,,,,,,,,,,,,,,,,,,,,,,,,,
19,4,,,,,,,98,64,53,34,158.6,2760,10801,30,0,52.6,72.2;69.3;74.5;75.0;69.3;68.3;77.6;87.7;78.4;76.0;90.7;82.0;53.4;61.5;13.2;10.3;39.7;49.5;11.3;11.8;27.9;24.5;17.6;19.6,41.04,0.07,0.0,0.09,13.441,0.0,1416.0,0.0,4,16,,,,,,,,,,,,,,,,,,,,,,,,,,,,,,,,,,,,,,,,,,,,,,,,,,,,,,,,,,,,,
19,5,,,,,,,98,55,52,32,159.6,2760,10801,30,0,7.3,2.3;2.3;6.9;3.4;2.3;3.4;10.3;58.6;3.4;6.9;28.7;40.2;1.1;0.0;0.0;1.2;1.2;0.0;0.0;0.0;0.0;0.0;0.0;2.3,41.06,0.07,0.1,0.1,13.441,0.0,1123.0,1416.0,4,16,,,,,,,,,,,,,,,,,,,,,,,,,,,,,,,,,,,,,,,,,,,,,,,,,,,,,,,,,,,,,
19,summary,0.7270531800412616,0.7049480401377306,0.6816465299616578,0.7295698924731183,0.00383606,16.2,,,,,,,,,,,,,,,,,,,,,,97,98.4,100,53,57.2,64,44,50.0,53,32,35.4,41,32.4,141.5,179.6,2370.0,9641.0,30.0,0,7.3,57.58,83.9,40.22,40.81,41.17,63.16,0.07,0.07,0.07,24.11,0.0,0.03,0.1,0.09,0.13,0.22,8.846,20.672,13.441,13.44,13.441,15.992,0.0,0.0,0.0,341.0,2333.6,8203.0,0.0,830.0,1416.0,4,4.0,4,16,16.0,16,4,16,4.5,9.99
20,1,,,,,,,0,0,43,40,29.6,645,5001,30,0,59.7,65.9;68.2;74.2;73.3;65.4;67.8;79.3;87.0;73.5;75.2;83.4;83.8;57.6;56.1;30.4;29.7;63.8;64.0;23.2;20.9;52.1;55.9;41.1;42.7,40.22,0.07,0.02,0.22,13.441,0.0,341.0,1416.0,4,16,,,,,,,,,,,,,,,,,,,,,,,,,,,,,,,,,,,,,,,,,,,,,,,,,,,,,,,,,,,,,
20,2,,,,,,,96,59,52,32,167.1,2760,10801,30,0,83.2,96.7;95.7;98.1;92.2;96.1;96.6;100.0;100.0;98.6;98.5;100.0;99.5;91.3;89.4;43.7;51.9;86.9;89.3;35.9;32.0;77.2;86.0;67.1;72.9,40.48,0.07,0.0,0.09,13.441,0.0,1220.0,195.0,4,16,,,,,,,,,,,,,,,,,,,,,,,,,,,,,,,,,,,,,,,,,,,,,,,,,,,,,,,,,,,,,
20,3,,,,,,,97,53,54,34,176.2,2760,10801,30,0,83.9,93.7;95.6;97.1;98.5;96.6;96.6;100.0;100.0;97.6;97.6;98.5;99.5;94.7;92.7;48.8;51.7;91.7;92.7;34.6;36.6;78.0;80.0;68.4;72.2,41.04,0.07,0.01,0.13,13.441,0.0,341.0,488.0,4,16,,,,,,,,,,,,,,,,,,,,,,,,,,,,,,,,,,,,,,,,,,,,,,,,,,,,,,,,,,,,,
20,4,,,,,,,92,57,50,32,180.0,2760,10801,30,0,56.5,74.9;71.1;77.2;77.5;73.4;70.6;88.1;85.3;80.3;81.7;89.9;88.1;61.5;56.0;12.8;14.6;53.9;47.7;17.0;21.9;36.2;32.0;22.9;21.1,40.98,0.07,0.0,0.08,13.441,0.0,537.0,1416.0,4,16,,,,,,,,,,,,,,,,,,,,,,,,,,,,,,,,,,,,,,,,,,,,,,,,,,,,,,,,,,,,,
20,5,,,,,,,98,58,50,33,180.4,2760,10801,30,0,8.0,9.4;9.5;3.5;4.8;1.2;1.2;47.1;10.5;15.1;6.0;50.6;27.1;2.4;0.0;0.0;0.0;0.0;2.4;0.0;0.0;0.0;0.0;0.0;0.0,40.99,0.07,0.0,0.06,13.441,0.0,244.0,1416.0,4,16,,,,,,,,,,,,,,,,,,,,,,,,,,,,,,,,,,,,,,,,,,,,,,,,,,,,,,,,,,,,,
20,summary,0.7135718195595735,0.7130160037930311,0.5780197589628158,0.8012096774193549,0.00380826,16.1,,,,,,,,,,,,,,,,,,,,,,0,76.6,98,0,45.4,59,43,49.8,54,32,34.2,40,29.6,146.66,180.4,2337.0,9641.0,30.0,0,8.0,58.26,83.9,40.22,40.74,41.04,63.16,0.07,0.07,0.07,24.11,0.0,0.01,0.02,0.06,0.12,0.22,8.846,20.672,13.441,13.44,13.441,15.992,0.0,0.0,0.0,244.0,536.6,1220.0,195.0,986.2,1416.0,4,4.0,4,16,16.0,16,4,16,4.39,10.02
21,1,,,,,,,0,0,43,39,27.9,480,5001,30,0,61.4,71.9;72.3;77.9;75.4;73.6;74.7;87.1;82.7;76.9;75.5;79.6;90.8;59.8;59.1;26.5;27.2;62.4;62.9;19.6;20.2;57.6;57.6;40.3;44.1,40.24,0.07,0.0,0.23,13.441,0.0,12744.0,16406.0,4,16,,,,,,,,,,,,,,,,,,,,,,,,,,,,,,,,,,,,,,,,,,,,,,,,,,,,,,,,,,,,,
21,2,,,,,,,96,57,51,34,176.5,2760,10801,30,0,82.2,87.1;93.4;99.0;98.0;96.5;97.0;100.0;99.5;96.4;98.5;100.0;100.0;92.9;85.3;45.5;52.7;80.8;83.3;35.4;40.9;74.1;80.7;70.7;64.1,40.58,0.07,0.0,0.08,13.441,0.0,341.0,2832.0,4,16,,,,,,,,,,,,,,,,,,,,,,,,,,,,,,,,,,,,,,,,,,,,,,,,,,,,,,,,,,,,,
21,3,,,,,,,94,58,53,35,179.5,2760,10801,30,0,84.5,95.1;97.0;98.0;98.0;95.5;97.0;98.5;99.5;98.5;99.5;100.0;100.0;89.4;85.9;51.5;52.3;90.4;92.9;37.4;39.9;84.5;83.9;70.2;71.9,41.12,0.07,1.5,0.55,13.441,0.0,341.0,195.0,4,16,,,,,,,,,,,,,,,,,,,,,,,,,,,,,,,,,,,,,,,,,,,,,,,,,,,,,,,,,,,,,
21,4,,,,,,,0,0,47,33,158.0,2760,10801,30,0,55.0,65.9;69.4;76.0;75.5;69.0;70.8;80.8;80.9;76.0;76.4;83.7;88.5;53.8;57.2;19.7;21.2;43.1;55.3;20.7;15.4;33.5;29.8;26.0;31.2,41.03,0.07,0.0,0.05,13.441,0.0,1464.0,1416.0,4,16,,,,,,,,,,,,,,,,,,,,,,,,,,,,,,,,,,,,,,,,,,,,,,,,,,,,,,,,,,,,,
21,5,,,,,,,98,54,55,31,171.4,2760,10801,30,0,8.2,13.2;10.0;2.2;4.5;0.0;1.1;18.7;55.6;3.3;6.7;19.8;51.6;1.1;0.0;0.0;0.0;0.0;1.1;0.0;0.0;2.2;2.3;0.0;0.0,41.07,0.07,0.0,0.06,13.441,0.0,1074.0,1416.0,4,16,,,,,,,,,,,,,,,,,,,,,,,,,,,,,,,,,,,,,,,,,,,,,,,,,,,,,,,,,,,,,
21,summary,0.7052948616685798,0.7187852196149451,0.5767368083786366,0.7900985663082437,0.00377839,16.2,,,,,,,,,,,,,,,,,,,,,,0,57.6,98,0,33.8,58,43,49.8,55,31,34.4,39,27.9,142.66,179.5,2304.0,9641.0,30.0,0,8.2,58.26,84.5,40.24,40.81,41.12,63.16,0.07,0.07,0.07,24.11,0.0,0.3,1.5,0.05,0.19,0.55,8.846,20.672,13.441,13.44,13.441,15.992,0.0,0.0,0.0,341.0,3192.8,12744.0,195.0,4453.0,16406.0,4,4.0,4,16,16.0,16,4,16,4.5,10.0
22,1,,,,,,,0,0,44,39,29.5,645,5001,30,0,58.8,68.5;70.1;73.1;72.4;68.3;69.7;87.1;76.9;73.3;72.5;75.9;89.6;53.5;52.1;28.7;31.6;58.4;58.4;29.3;25.5;48.7;48.4;38.1;43.4,40.54,0.07,0.0,0.29,13.441,0.0,341.0,0.0,4,16,,,,,,,,,,,,,,,,,,,,,,,,,,,,,,,,,,,,,,,,,,,,,,,,,,,,,,,,,,,,,
22,2,,,,,,,70,40,52,36,145.4,2760,10801,30,0,84.2,91.8;96.5;98.2;95.6;96.0;98.2;100.0;100.0;98.7;98.7;100.0;99.6;92.9;90.7;47.1;48.9;91.1;91.6;38.7;40.9;78.3;87.1;60.6;78.7,40.55,0.07,0.0,0.1,13.441,0.0,0.0,8007.0,4,16,,,,,,,,,,,,,,,,,,,,,,,,,,,,,,,,,,,,,,,,,,,,,,,,,,,,,,,,,,,,,
22,3,,,,,,,96,55,51,31,178.8,2760,10801,30,0,83.5,94.3;95.7;98.6;94.8;95.2;94.8;97.6;100.0;98.1;98.1;98.6;100.0;95.7;95.2;42.8;46.2;94.3;91.8;37.3;30.3;78.8;87.5;65.4;73.1,40.93,0.07,0.0,0.07,13.441,0.0,6298.0,48.0,4,16,,,,,,,,,,,,,,,,,,,,,,,,,,,,,,,,,,,,,,,,,,,,,,,,,,,,,,,,,,,,,
22,4,,,,,,,59,28,52,31,173.6,2760,10801,30,0,55.0,70.4;66.7;80.2;76.2;71.3;70.1;88.8;82.1;79.6;81.2;88.6;86.6;56.2;51.0;13.9;18.3;45.8;52.0;13.4;13.4;36.8;34.8;21.4;18.9,41.01,0.07,0.0,0.11,13.441,0.0,1708.0,1464.0,4,16,,,,,,,,,,,,,,,,,,,,,,,,,,,,,,,,,,,,,,,,,,,,,,,,,,,,,,,,,,,,,
22,5,,,,,,,98,58,55,35,160.5,2745,10801,30,0,8.2,11.0;9.1;2.3;2.3;1.1;2.3;44.3;36.4;6.8;5.7;50.6;13.5;0.0;3.4;0.0;0.0;3.4;2.2;0.0;0.0;0.0;1.1;0.0;0.0,41.04,0.07,0.0,0.23,13.441,0.0,1464.0,0.0,4,16,,,,,,,,,,,,,,,,,,,,,,,,,,,,,,,,,,,,,,,,,,,,,,,,,,,,,,,,,,,,,
22,summary,0.696433177809758,0.7236936194688202,0.5092738273323223,0.8440860215053764,0.00374650,16.1,,,,,,,,,,,,,,,,,,,,,,0,64.6,98,0,36.2,58,44,50.8,55,31,34.4,39,29.5,137.56,178.8,2334.0,9641.0,30.0,0,8.2,57.94,84.2,40.54,40.81,41.04,63.16,0.07,0.07,0.07,24.11,0.0,0.0,0.0,0.07,0.16,0.29,8.846,20.672,13.441,13.44,13.441,15.992,0.0,0.0,0.0,0.0,1962.2,6298.0,0.0,1903.8,8007.0,4,4.0,4,16,16.0,16,4,16,4.34,10.03
23,1,,,,,,,100,52,46,39,39.4,1155,5001,30,0,58.9,65.9;69.7;72.2;73.0;62.7;66.1;75.9;77.9;70.3;71.7;79.1;92.5;53.9;53.6;30.5;32.6;62.4;61.2;23.1;23.8;51.1;55.9;44.2;44.8,40.68,0.07,0.0,0.26,13.441,0.0,341.0,0.0,4,16,,,,,,,,,,,,,,,,,,,,,,,,,,,,,,,,,,,,,,,,,,,,,,,,,,,,,,,,,,,,,
23,2,,,,,,,98,60,53,29,170.2,2760,10801,30,0,84.7,94.9;96.3;98.6;96.7;93.9;94.8;99.5;99.1;97.2;99.5;100.0;99.5;90.1;89.7;53.1;56.1;88.3;92.0;41.3;39.4;78.5;85.5;70.1;77.5,40.4,0.07,0.02,0.03,13.441,0.0,52392.0,105273.0,4,16,,,,,,,,,,,,,,,,,,,,,,,,,,,,,,,,,,,,,,,,,,,,,,,,,,,,,,,,,,,,,
23,3,,,,,,,93,55,55,29,178.4,2760,10801,30,0,84.3,92.6;94.3;98.6;97.1;93.8;96.7;100.0;99.5;97.2;98.6;99.5;100.0;90.0;85.2;48.1;49.0;90.5;94.3;40.0;42.2;85.7;85.7;69.3;74.9,40.93,0.07,0.0,0.09,13.441,0.0,781.0,1416.0,4,16,,,,,,,,,,,,,,,,,,,,,,,,,,,,,,,,,,,,,,,,,,,,,,,,,,,,,,,,,,,,,
23,4,,,,,,,91,57,54,34,178.3,2760,10801,30,0,57.5,73.0;71.1;81.3;79.8;72.4;75.9;85.2;85.2;82.4;83.3;94.6;88.8;58.6;52.7;17.7;19.6;53.7;52.7;15.3;14.8;36.0;36.0;23.0;25.6,40.98,0.07,0.02,0.12,13.441,0.0,0.0,1464.0,4,16,,,,,,,,,,,,,,,,,,,,,,,,,,,,,,,,,,,,,,,,,,,,,,,,,,,,,,,,,,,,,
23,5,,,,,,,98,57,52,29,168.4,2760,10801,30,0,7.2,10.5;10.7;1.2;3.6;0.0;1.2;28.6;27.4;2.4;14.1;59.5;10.7;0.0;0.0;0.0;0.0;0.0;0.0;0.0;0.0;0.0;0.0;0.0;0.0,40.99,0.07,0.05,0.07,13.441,0.0,0.0,1416.0,4,16,,,,,,,,,,,,,,,,,,,,,,,,,,,,,,,,,,,,,,,,,,,,,,,,,,,,,,,,,,,,,
23,summary,0.6909218856966787,0.7278014410409073,0.8650312987279721,0.6120519713261648,0.00371262,15.8,,,,,,,,,,,,,,,,,,,,,,91,96.0,100,52,56.2,60,46,52.0,55,29,32.0,39,39.4,146.94,178.4,2439.0,9641.0,30.0,0,7.2,58.52,84.7,40.4,40.8,40.99,63.16,0.07,0.07,0.07,24.11,0.0,0.02,0.05,0.03,0.11,0.26,8.846,20.672,13.441,13.44,13.441,15.992,0.0,0.0,0.0,0.0,10702.8,52392.0,0.0,21913.8,105273.0,4,4.0,4,16,16.0,16,4,16,4.12,10.09
24,1,,,,,,,100,46,46,38,36.9,2565,10801,30,0,61.8,70.6;71.3;77.6;77.2;70.6;73.2;80.8;84.8;76.4;77.0;87.4;86.7;57.1;56.5;33.6;35.6;58.6;61.2;23.2;23.8;54.9;56.6;42.9;47.0,40.28,0.07,0.0,0.26,13.441,0.0,244.0,1464.0,4,16,,,,,,,,,,,,,,,,,,,,,,,,,,,,,,,,,,,,,,,,,,,,,,,,,,,,,,,,,,,,,
24,2,,,,,,,96,56,52,35,181.1,2760,10801,30,0,81.5,92.5;92.4;96.4;95.9;90.4;92.9;98.0;99.5;97.5;99.0;100.0;100.0;83.2;84.8;44.4;46.0;83.3;87.9;31.0;39.4;84.8;80.7;64.5;72.9,40.59,0.07,0.01,0.06,13.441,0.0,244.0,1367.0,4,16,,,,,,,,,,,,,,,,,,,,,,,,,,,,,,,,,,,,,,,,,,,,,,,,,,,,,,,,,,,,,
24,3,,,,,,,96,52,52,29,178.4,2760,10801,30,0,84.3,98.1;96.0;95.5;97.5;94.1;98.0;99.5;100.0;98.0;98.0;100.0;99.0;85.6;83.7;46.3;50.7;92.6;92.6;39.9;43.6;83.7;85.2;68.0;77.7,41.02,0.07,0.0,0.04,13.441,0.0,292.0,1464.0,4,16,,,,,,,,,,,,,,,,,,,,,,,,,,,,,,,,,,,,,,,,,,,,,,,,,,,,,,,,,,,,,
24,4,,,,,,,98,64,55,34,166.0,2745,10801,30,0,53.5,65.4;70.4;76.1;75.4;68.0;70.0;84.8;84.2;76.8;76.8;89.7;81.3;54.7;57.1;14.3;17.2;43.8;54.2;13.7;9.4;30.0;30.0;20.2;19.7,41.01,0.07,0.0,0.14,13.441,0.0,1464.0,195.0,4,16,,,,,,,,,,,,,,,,,,,,,,,,,,,,,,,,,,,,,,,,,,,,,,,,,,,,,,,,,,,,,
24,5,,,,,,,98,54,52,29,164.3,2745,10801,30,0,7.6,4.7;2.4;7.1;1.2;2.4;2.4;29.8;40.5;3.6;7.1;50.0;23.8;1.2;0.0;0.0;0.0;1.2;0.0;1.2;1.2;1.2;0.0;0.0;2.4,41.04,0.07,0.06,0.16,13.441,0.0,341.0,1562.0,4,16,,,,,,,,,,,,,,,,,,,,,,,,,,,,,,,,,,,,,,,,,,,,,,,,,,,,,,,,,,,,,
24,summary,0.6806017339192058,0.7343906666563031,0.5455791334097531,0.8118279569892473,0.00367680,16.1,,,,,,,,,,,,,,,,,,,,,,96,97.6,100,46,54.4,64,46,51.4,55,29,33.0,38,36.9,145.34,181.1,2715.0,10801.0,30.0,0,7.6,57.74,84.3,40.28,40.79,41.04,63.16,0.07,0.07,0.07,24.11,0.0,0.01,0.06,0.04,0.13,0.26,8.846,20.672,13.441,13.44,13.441,15.992,0.0,0.0,0.0,244.0,517.0,1464.0,195.0,1210.4,1562.0,4,4.0,4,16,16.0,16,4,16,4.46,10.03
25,1,,,,,,,0,0,45,38,29.0,585,5001,30,0,60.9,70.4;73.9;76.1;76.5;69.2;71.5;81.9;83.8;73.3;74.2;86.8;82.8;54.1;55.8;31.3;32.7;57.4;61.9;25.5;24.8;55.8;57.2;40.2;45.4,40.05,0.07,0.0,0.22,13.441,0.0,14501.0,16259.0,4,16,,,,,,,,,,,,,,,,,,,,,,,,,,,,,,,,,,,,,,,,,,,,,,,,,,,,,,,,,,,,,
25,2,,,,,,,100,63,55,31,177.3,2745,10801,30,0,82.8,90.3;89.7;97.5;97.5;95.0;95.0;99.0;99.0;96.5;97.0;100.0;99.5;91.6;90.5;50.0;45.0;85.6;89.5;41.5;36.0;77.5;89.6;63.0;71.5,40.5,0.07,0.0,0.11,13.441,0.0,1220.0,6152.0,4,16,,,,,,,,,,,,,,,,,,,,,,,,,,,,,,,,,,,,,,,,,,,,,,,,,,,,,,,,,,,,,
25,3,,,,,,,95,62,55,30,181.7,2745,10801,30,0,83.8,96.2;94.8;97.1;95.3;97.6;96.2;98.6;99.1;97.1;98.6;100.0;100.0;91.9;91.0;41.9;51.2;91.0;90.0;38.6;38.3;87.6;83.3;61.4;74.8,41.01,0.07,0.02,0.05,13.441,0.0,5224.0,1416.0,4,16,,,,,,,,,,,,,,,,,,,,,,,,,,,,,,,,,,,,,,,,,,,,,,,,,,,,,,,,,,,,,
25,4,,,,,,,98,54,52,30,165.9,2760,10801,30,0,52.5,67.5;72.5;76.4;74.9;66.8;72.6;82.2;82.2;76.3;75.8;79.7;91.3;54.3;56.7;12.1;14.4;44.4;40.6;11.6;10.1;30.6;26.6;16.9;18.8,41.01,0.07,0.04,0.11,13.441,0.0,1708.0,1416.0,4,16,,,,,,,,,,,,,,,,,,,,,,,,,,,,,,,,,,,,,,,,,,,,,,,,,,,,,,,,,,,,,
25,5,,,,,,,98,64,53,31,163.8,2745,10801,30,0,7.2,6.9;1.2;3.5;3.5;2.4;1.2;43.0;28.2;5.9;5.9;65.9;4.7;0.0;0.0;0.0;0.0;0.0;0.0;0.0;0.0;0.0;0.0;0.0;0.0,41.03,0.07,0.0,0.05,13.441,0.0,15136.0,15087.0,4,16,,,,,,,,,,,,,,,,,,,,,,,,,,,,,,,,,,,,,,,,,,,,,,,,,,,,,,,,,,,,,
25,summary,0.6768987022560183,0.7372801324451838,1.0446022259719057,0.5497311827956989,0.00363906,16.1,,,,,,,,,,,,,,,,,,,,,,0,78.2,100,0,48.6,64,45,52.0,55,30,32.0,38,29.0,143.54,181.7,2316.0,9641.0,30.0,0,7.2,57.44,83.8,40.05,40.72,41.03,63.16,0.07,0.07,0.07,24.11,0.0,0.01,0.04,0.05,0.11,0.22,8.846,20.672,13.441,13.44,13.441,15.992,0.0,0.0,0.0,1220.0,7557.8,15136.0,1416.0,8066.0,16259.0,4,4.0,4,16,16.0,16,4,16,4.42,9.99
26,1,,,,,,,1,0,45,38,29.7,435,5001,30,0,62.5,74.4;74.8;77.3;75.6;69.2;72.0;88.0;81.6;76.9;76.5;88.2;80.7;54.6;57.4;31.9;39.3;61.9;64.7;25.3;28.6;56.9;60.6;38.9;44.4,40.36,0.07,0.0,0.22,13.441,0.0,1464.0,4736.0,4,16,,,,,,,,,,,,,,,,,,,,,,,,,,,,,,,,,,,,,,,,,,,,,,,,,,,,,,,,,,,,,
26,2,,,,,,,96,63,56,29,181.8,2745,10801,30,0,79.4,94.8;89.8;97.1;96.1;93.2;95.1;99.5;100.0;99.0;98.0;99.0;100.0;84.5;84.4;38.5;37.6;83.9;81.5;28.2;28.6;76.7;74.1;54.1;70.7,40.93,0.07,0.0,0.13,13.441,0.0,1074.0,0.0,4,16,,,,,,,,,,,,,,,,,,,,,,,,,,,,,,,,,,,,,,,,,,,,,,,,,,,,,,,,,,,,,
26,3,,,,,,,100,62,54,32,180.8,2745,10801,30,0,84.5,94.6;93.0;99.5;98.0;95.5;98.5;100.0;100.0;98.0;98.5;98.5;100.0;90.5;89.9;49.7;53.3;87.9;95.5;35.2;39.2;81.9;83.9;72.4;74.9,40.86,0.07,0.0,0.09,13.441,0.0,976.0,195.0,4,16,,,,,,,,,,,,,,,,,,,,,,,,,,,,,,,,,,,,,,,,,,,,,,,,,,,,,,,,,,,,,
26,4,,,,,,,98,56,56,31,175.9,2760,10801,30,0,52.7,57.4;61.1;75.1;73.6;67.0;67.9;82.0;84.5;76.2;75.6;89.1;80.3;49.2;49.2;18.6;23.6;47.7;44.0;17.6;18.0;34.5;28.5;21.2;24.4,41.1,0.07,0.02,0.12,13.441,0.0,1464.0,0.0,4,16,,,,,,,,,,,,,,,,,,,,,,,,,,,,,,,,,,,,,,,,,,,,,,,,,,,,,,,,,,,,,
26,5,,,,,,,98,56,56,31,172.9,2760,10801,30,0,7.8,2.4;0.0;3.6;3.6;3.6;1.2;17.6;45.9;10.7;9.4;22.4;55.8;1.2;1.2;0.0;1.2;1.2;0.0;0.0;2.4;1.2;0.0;1.2;0.0,41.13,0.07,0.0,0.07,13.441,0.0,1416.0,1464.0,4,16,,,,,,,,,,,,,,,,,,,,,,,,,,,,,,,,,,,,,,,,,,,,,,,,,,,,,,,,,,,,,
26,summary,0.6683789432830357,0.7420253076008301,0.5637775989843525,0.8002688172043011,0.00359945,16.3,,,,,,,,,,,,,,,,,,,,,,1,78.6,100,0,47.4,63,45,53.4,56,29,32.2,38,29.7,148.22,181.8,2289.0,9641.0,30.0,0,7.8,57.38,84.5,40.36,40.88,41.13,63.16,0.07,0.07,0.07,24.11,0.0,0.0,0.02,0.07,0.13,0.22,8.846,20.672,13.441,13.44,13.441,15.992,0.0,0.0,0.0,976.0,1278.8,1464.0,0.0,1279.0,4736.0,4,4.0,4,16,16.0,16,4,16,4.45,10.14
27,1,,,,,,,100,41,47,37,32.8,450,5001,30,0,61.7,70.8;68.7;74.8;74.3;68.4;74.1;79.1;83.7;77.0;77.2;80.4;92.2;59.2;61.1;31.7;41.1;56.3;61.6;25.5;28.9;51.8;53.1;43.4;46.8,40.47,0.07,0.0,0.22,13.441,0.0,0.0,1367.0,4,16,,,,,,,,,,,,,,,,,,,,,,,,,,,,,,,,,,,,,,,,,,,,,,,,,,,,,,,,,,,,,
27,2,,,,,,,97,60,51,31,180.6,2760,10801,30,0,81.1,88.3;92.0;98.0;96.0;91.0;95.0;97.0;99.0;99.5;100.0;99.5;99.0;85.6;83.2;35.8;46.3;82.1;88.6;40.4;37.3;80.7;80.7;60.2;70.3,40.87,0.07,0.0,0.07,13.441,0.0,585.0,48.0,4,16,,,,,,,,,,,,,,,,,,,,,,,,,,,,,,,,,,,,,,,,,,,,,,,,,,,,,,,,,,,,,
27,3,,,,,,,96,56,52,32,181.0,2760,10801,30,0,83.9,94.2;93.6;97.5;97.0;96.0;98.0;100.0;99.0;98.0;98.5;100.0;100.0;92.1;94.6;41.1;46.8;91.1;93.6;25.2;31.7;87.2;86.7;77.2;74.3,41.22,0.07,0.0,0.09,13.441,0.0,1806.0,1416.0,4,16,,,,,,,,,,,,,,,,,,,,,,,,,,,,,,,,,,,,,,,,,,,,,,,,,,,,,,,,,,,,,
27,4,,,,,,,98,62,51,31,183.6,2745,10801,30,0,52.4,65.7;64.9;76.4;76.3;69.1;70.6;89.2;83.6;74.7;75.8;86.6;78.4;49.0;56.7;11.9;14.4;36.1;54.1;13.9;13.9;25.8;30.3;19.1;20.6,41.08,0.07,0.0,0.11,13.441,0.0,1269.0,244.0,4,16,,,,,,,,,,,,,,,,,,,,,,,,,,,,,,,,,,,,,,,,,,,,,,,,,,,,,,,,,,,,,
27,5,,,,,,,98,55,57,31,162.1,2745,10801,30,0,8.2,2.4;0.0;9.3;4.7;3.5;3.5;22.4;28.2;7.1;7.1;69.4;29.4;1.2;2.4;0.0;0.0;1.2;0.0;0.0;0.0;0.0;1.2;1.2;0.0,41.12,0.07,0.0,0.17,13.441,0.0,1660.0,0.0,4,16,,,,,,,,,,,,,,,,,,,,,,,,,,,,,,,,,,,,,,,,,,,,,,,,,,,,,,,,,,,,,
27,summary,0.6637530822760281,0.7446252438654718,0.5830320441594687,0.7901433691756272,0.00355802,16.2,,,,,,,,,,,,,,,,,,,,,,96,97.8,100,41,54.8,62,47,51.6,57,31,32.4,37,32.8,148.02,183.6,2292.0,9641.0,30.0,0,8.2,57.46,83.9,40.47,40.95,41.22,63.16,0.07,0.07,0.07,24.11,0.0,0.0,0.0,0.07,0.13,0.22,8.846,20.672,13.441,13.44,13.441,15.992,0.0,0.0,0.0,0.0,1064.0,1806.0,0.0,615.0,1416.0,4,4.0,4,16,16.0,16,4,16,4.51,9.99
28,1,,,,,,,0,0,45,37,30.2,540,5001,30,0,60.3,69.3;71.7;76.0;75.4;67.0;69.6;79.5;79.9;74.9;76.1;90.3;82.7;54.2;55.6;28.1;30.3;60.3;61.9;23.3;24.8;54.5;57.2;40.8;45.5,40.18,0.07,0.0,0.2,13.441,0.0,341.0,1367.0,4,16,,,,,,,,,,,,,,,,,,,,,,,,,,,,,,,,,,,,,,,,,,,,,,,,,,,,,,,,,,,,,
28,2,,,,,,,96,55,54,32,167.8,2760,10801,30,0,84.0,94.8;93.3;97.6;96.1;97.6;97.1;100.0;100.0;99.0;100.0;99.5;100.0;94.2;95.2;40.6;45.9;88.5;91.8;35.3;36.1;79.7;87.0;67.6;79.2,40.68,0.07,0.0,0.02,13.441,0.0,292.0,1806.0,4,16,,,,,,,,,,,,,,,,,,,,,,,,,,,,,,,,,,,,,,,,,,,,,,,,,,,,,,,,,,,,,
28,3,,,,,,,96,55,53,32,181.1,2745,10801,30,0,85.3,92.7;94.5;100.0;94.0;96.5;96.5;100.0;100.0;97.5;98.5;99.0;100.0;86.5;86.0;52.0;63.5;86.6;94.5;45.0;47.8;81.0;89.5;72.6;73.6,41.0,0.07,0.02,0.45,13.441,0.0,1025.0,244.0,4,16,,,,,,,,,,,,,,,,,,,,,,,,,,,,,,,,,,,,,,,,,,,,,,,,,,,,,,,,,,,,,
28,4,,,,,,,98,52,55,31,148.1,2745,10801,30,0,53.4,64.1;68.4;76.0;73.0;67.9;70.7;77.8;88.4;72.1;73.0;87.9;85.1;58.3;53.5;21.4;20.5;50.7;41.9;14.4;16.3;31.2;29.3;19.5;19.5,41.13,0.07,0.0,0.29,13.441,0.0,1220.0,1562.0,4,16,,,,,,,,,,,,,,,,,,,,,,,,,,,,,,,,,,,,,,,,,,,,,,,,,,,,,,,,,,,,,
28,5,,,,,,,100,64,53,31,183.3,2745,10801,30,0,7.9,8.1;10.6;2.4;4.8;2.4;0.0;21.2;57.1;4.8;7.1;14.3;50.6;0.0;0.0;1.2;0.0;0.0;0.0;0.0;0.0;2.4;1.2;0.0;0.0,41.16,0.07,0.09,0.15,13.441,0.0,1416.0,1464.0,4,16,,,,,,,,,,,,,,,,,,,,,,,,,,,,,,,,,,,,,,,,,,,,,,,,,,,,,,,,,,,,,
28,summary,0.6534807984867143,0.7508549865145309,0.5113649853241486,0.8442652329749104,0.00351482,16.1,,,,,,,,,,,,,,,,,,,,,,0,78.0,100,0,45.2,64,45,52.0,55,31,32.6,37,30.2,142.1,183.3,2307.0,9641.0,30.0,0,7.9,58.18,85.3,40.18,40.83,41.16,63.16,0.07,0.07,0.07,24.11,0.0,0.02,0.09,0.02,0.22,0.45,8.846,20.672,13.441,13.44,13.441,15.992,0.0,0.0,0.0,292.0,858.8,1416.0,244.0,1288.6,1806.0,4,4.0,4,16,16.0,16,4,16,4.47,10.03
29,1,,,,,,,74,24,47,34,31.6,435,5001,30,0,60.6,69.6;71.6;74.9;73.4;69.7;71.9;81.3;91.3;75.5;75.8;79.5;84.6;54.2;54.8;28.4;33.1;58.0;62.2;24.2;22.7;54.4;56.5;42.8;43.4,40.2,0.07,0.13,0.21,13.441,0.0,292.0,1416.0,4,16,,,,,,,,,,,,,,,,,,,,,,,,,,,,,,,,,,,,,,,,,,,,,,,,,,,,,,,,,,,,,
29,2,,,,,,,96,52,56,32,135.8,2745,10801,30,0,83.8,92.6;93.4;98.2;96.5;94.3;94.7;98.7;100.0;99.1;99.1;100.0;100.0;92.0;83.3;46.0;54.9;86.3;89.8;37.6;42.3;84.5;81.4;68.7;76.5,40.81,0.07,0.0,0.09,13.441,0.0,9375.0,2734.0,4,16,,,,,,,,,,,,,,,,,,,,,,,,,,,,,,,,,,,,,,,,,,,,,,,,,,,,,,,,,,,,,
29,3,,,,,,,96,53,53,31,180.8,2745,10801,30,0,83.7,94.7;92.5;98.5;96.5;96.1;98.0;100.0;100.0;97.0;97.5;99.5;100.0;91.0;92.1;43.1;50.2;84.2;91.5;31.3;35.3;80.1;89.6;75.0;75.7,41.38,0.07,0.0,0.05,13.441,0.0,27587.0,0.0,4,16,,,,,,,,,,,,,,,,,,,,,,,,,,,,,,,,,,,,,,,,,,,,,,,,,,,,,,,,,,,,,
29,4,,,,,,,58,28,52,27,175.2,2745,10801,30,0,55.0,62.2;66.2;76.0;77.0;66.5;72.4;89.4;84.9;72.1;78.9;87.5;86.0;50.8;52.3;22.1;22.6;40.2;47.5;21.6;19.1;26.1;32.5;31.2;34.2,40.86,0.07,0.04,0.29,13.441,0.0,1660.0,1757.0,4,16,,,,,,,,,,,,,,,,,,,,,,,,,,,,,,,,,,,,,,,,,,,,,,,,,,,,,,,,,,,,,
29,5,,,,,,,98,58,54,30,164.7,2745,10801,30,0,8.1,4.5;1.1;9.1;1.1;2.3;0.0;62.9;21.8;6.9;9.2;37.9;23.0;6.9;4.6;0.0;0.0;1.1;0.0;1.2;0.0;0.0;0.0;0.0;0.0,40.89,0.07,0.0,0.16,13.441,0.0,19628.0,331298.0,4,16,,,,,,,,,,,,,,,,,,,,,,,,,,,,,,,,,,,,,,,,,,,,,,,,,,,,,,,,,,,,,
29,summary,0.6545187461947604,0.7499086718950387,0.596447633286958,0.776926523297491,0.00346990,16.3,,,,,,,,,,,,,,,,,,,,,,58,84.4,98,24,43.0,58,47,52.4,56,27,30.8,34,31.6,137.62,180.8,2283.0,9641.0,30.0,0,8.1,58.24,83.8,40.2,40.83,41.38,63.16,0.07,0.07,0.07,24.11,0.0,0.03,0.13,0.05,0.16,0.29,8.846,20.672,13.441,13.44,13.441,15.992,0.0,0.0,0.0,292.0,11708.4,27587.0,0.0,67441.0,331298.0,4,4.0,4,16,16.0,16,4,16,4.64,10.0
30,1,,,,,,,100,64,48,37,34.9,600,5001,30,0,59.5,68.2;67.8;72.9;72.3;70.6;70.3;80.4;84.8;74.5;72.9;84.2;80.3;55.0;53.1;34.3;32.3;51.9;55.8;25.4;25.0;53.1;54.0;45.0;44.4,40.55,0.07,0.0,0.22,13.441,0.0,244.0,1367.0,4,16,,,,,,,,,,,,,,,,,,,,,,,,,,,,,,,,,,,,,,,,,,,,,,,,,,,,,,,,,,,,,
30,2,,,,,,,96,55,54,31,126.0,2745,10801,30,0,83.9,93.1;96.1;96.5;97.4;95.6;97.4;99.6;99.6;99.1;99.1;100.0;100.0;85.0;90.7;45.8;54.8;88.5;93.8;33.9;33.5;82.0;89.0;68.7;74.6,40.62,0.07,0.0,0.19,13.441,0.0,1416.0,97.0,4,16,,,,,,,,,,,,,,,,,,,,,,,,,,,,,,,,,,,,,,,,,,,,,,,,,,,,,,,,,,,,,
30,3,,,,,,,92,49,55,31,178.5,2745,10801,30,0,84.2,92.2;95.8;97.2;96.3;94.9;94.9;100.0;100.0;97.2;98.6;100.0;100.0;92.2;88.0;46.1;51.9;86.1;87.5;37.5;39.4;84.0;91.8;73.1;77.0,41.11,0.07,0.0,0.06,13.441,0.0,1464.0,1416.0,4,16,,,,,,,,,,,,,,,,,,,,,,,,,,,,,,,,,,,,,,,,,,,,,,,,,,,,,,,,,,,,,
30,4,,,,,,,65,46,53,30,174.3,2745,10801,30,0,53.8,64.5;64.4;73.3;74.3;70.8;72.3;80.8;88.1;79.3;81.7;85.2;91.1;57.4;52.0;19.3;18.3;37.9;50.2;12.4;11.4;30.5;28.6;23.6;24.6,41.09,0.07,0.0,0.08,13.441,0.0,244.0,1611.0,4,16,,,,,,,,,,,,,,,,,,,,,,,,,,,,,,,,,,,,,,,,,,,,,,,,,,,,,,,,,,,,,
30,5,,,,,,,98,56,54,29,180.3,2745,10801,30,0,7.1,6.9;1.2;4.7;2.4;1.2;2.4;15.1;44.7;7.1;7.1;23.5;51.8;0.0;0.0;0.0;0.0;0.0;1.2;0.0;0.0;0.0;0.0;0.0;0.0,41.12,0.07,0.0,0.07,13.441,0.0,537.0,3417.0,4,16,,,,,,,,,,,,,,,,,,,,,,,,,,,,,,,,,,,,,,,,,,,,,,,,,,,,,,,,,,,,,
30,summary,0.6448222892715265,0.7568165743022144,0.5035217332156329,0.8350806451612903,0.00342384,16.3,,,,,,,,,,,,,,,,,,,,,,65,90.2,100,46,54.0,64,48,52.8,55,29,31.6,37,34.9,138.8,180.3,2316.0,9641.0,30.0,0,7.1,57.7,84.2,40.55,40.9,41.12,63.16,0.07,0.07,0.07,24.11,0.0,0.0,0.0,0.06,0.12,0.22,8.846,20.672,13.441,13.44,13.441,15.992,0.0,0.0,0.0,244.0,781.0,1464.0,97.0,1581.6,3417.0,4,4.0,4,16,16.0,16,4,16,4.46,10.13
31,1,,,,,,,0,0,46,37,31.1,435,5001,30,0,61.5,70.6;70.8;77.4;75.7;67.4;67.3;80.1;78.0;76.6;76.3;90.1;84.3;54.8;51.4;34.2;32.4;60.3;61.7;26.4;23.4;59.0;57.6;51.6;49.1,40.35,0.07,0.0,0.23,13.441,0.0,1611.0,1318.0,4,16,,,,,,,,,,,,,,,,,,,,,,,,,,,,,,,,,,,,,,,,,,,,,,,,,,,,,,,,,,,,,
31,2,,,,,,,96,56,55,31,179.2,2745,10801,30,0,81.6,95.6;91.5;98.0;98.0;97.0;95.5;98.5;98.5;97.0;98.5;99.5;100.0;87.5;91.0;45.0;44.5;85.0;85.5;35.0;34.0;76.5;79.6;60.0;66.5,40.72,0.07,0.0,0.09,13.441,0.0,1123.0,1513.0,4,16,,,,,,,,,,,,,,,,,,,,,,,,,,,,,,,,,,,,,,,,,,,,,,,,,,,,,,,,,,,,,
31,3,,,,,,,96,51,57,28,180.6,2745,10801,30,0,84.1,95.6;94.1;99.0;97.0;93.1;95.0;100.0;100.0;97.5;99.5;99.0;100.0;89.6;87.1;50.7;47.8;91.0;93.5;34.7;36.8;78.6;88.1;72.1;77.7,41.3,0.07,0.0,0.06,13.441,0.0,0.0,1367.0,4,16,,,,,,,,,,,,,,,,,,,,,,,,,,,,,,,,,,,,,,,,,,,,,,,,,,,,,,,,,,,,,
31,4,,,,,,,51,24,56,30,174.5,2745,10801,30,0,56.3,70.6;65.7;75.6;78.2;75.3;73.1;85.3;82.3;78.2;79.3;92.4;88.3;60.9;54.8;20.3;19.3;57.3;46.7;16.2;15.2;34.0;31.5;24.9;24.2,41.1,0.07,0.0,0.08,13.441,0.0,341.0,97.0,4,16,,,,,,,,,,,,,,,,,,,,,,,,,,,,,,,,,,,,,,,,,,,,,,,,,,,,,,,,,,,,,
31,5,,,,,,,98,63,57,28,172.2,2745,10801,30,0,7.2,5.9;3.6;3.6;2.4;2.4;0.0;85.5;7.1;6.0;10.8;25.0;21.7;0.0;0.0;0.0;0.0;0.0;0.0;0.0;0.0;0.0;0.0;1.2;0.0,41.13,0.07,0.06,0.11,13.441,0.0,585.0,1367.0,4,16,,,,,,,,,,,,,,,,,,,,,,,,,,,,,,,,,,,,,,,,,,,,,,,,,,,,,,,,,,,,,
31,summary,0.6423232808300413,0.7578406149684821,0.5194541446624263,0.837320788530466,0.00337564,16.1,,,,,,,,,,,,,,,,,,,,,,0,68.2,98,0,38.8,63,46,54.2,57,28,30.8,37,31.1,147.52,180.6,2283.0,9641.0,30.0,0,7.2,58.14,84.1,40.35,40.92,41.3,63.16,0.07,0.07,0.07,24.11,0.0,0.01,0.06,0.06,0.11,0.23,8.846,20.672,13.441,13.44,13.441,15.992,0.0,0.0,0.0,0.0,732.0,1611.0,97.0,1132.4,1513.0,4,4.0,4,16,16.0,16,4,16,4.36,10.03
32,1,,,,,,,0,0,46,37,31.3,705,5001,30,0,59.2,68.5;68.5;73.5;73.5;65.5;67.1;76.9;76.7;75.0;73.8;93.9;81.6;54.6;52.4;30.3;30.0;56.4;58.5;26.8;25.9;53.8;55.6;42.2;39.5,40.73,0.07,0.01,0.24,13.441,0.0,1904.0,0.0,4,16,,,,,,,,,,,,,,,,,,,,,,,,,,,,,,,,,,,,,,,,,,,,,,,,,,,,,,,,,,,,,
32,2,,,,,,,97,61,54,28,174.3,2745,10801,30,0,84.1,93.4;94.7;99.6;96.9;92.4;94.7;99.6;99.6;97.4;99.1;98.7;100.0;85.4;87.2;50.9;55.3;86.7;90.7;37.8;41.3;80.9;86.3;72.0;76.1,40.63,0.07,0.02,0.07,13.441,0.0,9179.0,1416.0,4,16,,,,,,,,,,,,,,,,,,,,,,,,,,,,,,,,,,,,,,,,,,,,,,,,,,,,,,,,,,,,,
32,3,,,,,,,93,51,55,28,179.3,2745,10801,30,0,83.7,93.6;94.9;97.0;96.0;94.5;96.5;100.0;100.0;98.5;98.5;100.0;100.0;93.9;91.9;44.5;47.5;83.3;90.4;33.8;30.3;82.8;88.9;73.2;78.3,41.09,0.07,0.0,0.08,13.441,0.0,439.0,1513.0,4,16,,,,,,,,,,,,,,,,,,,,,,,,,,,,,,,,,,,,,,,,,,,,,,,,,,,,,,,,,,,,,
32,4,,,,,,,47,22,50,31,174.3,2745,10801,30,0,57.2,71.3;68.2;78.9;78.1;70.0;77.0;81.7;82.9;75.4;79.6;94.3;88.5;58.6;55.7;18.7;19.4;49.8;57.9;16.3;16.3;36.7;41.1;25.8;28.2,41.08,0.07,0.0,0.07,13.441,0.0,17724.0,17529.0,4,16,,,,,,,,,,,,,,,,,,,,,,,,,,,,,,,,,,,,,,,,,,,,,,,,,,,,,,,,,,,,,
32,5,,,,,,,98,55,58,30,162.0,2745,10801,30,0,6.8,1.2;3.6;3.6;1.2;3.6;2.4;10.8;59.0;3.6;4.8;13.3;51.2;2.4;2.4;0.0;0.0;1.2;0.0;0.0;0.0;0.0;0.0;0.0;0.0,41.12,0.07,0.0,0.04,13.441,0.0,0.0,1416.0,4,16,,,,,,,,,,,,,,,,,,,,,,,,,,,,,,,,,,,,,,,,,,,,,,,,,,,,,,,,,,,,,
32,summary,0.6358299679664509,0.7615559200043527,0.6313506625031913,0.7531362007168458,0.00332587,16.0,,,,,,,,,,,,,,,,,,,,,,0,67.0,98,0,37.8,61,46,52.6,58,28,30.8,37,31.3,144.24,179.3,2337.0,9641.0,30.0,0,6.8,58.2,84.1,40.63,40.93,41.12,63.16,0.07,0.07,0.07,24.11,0.0,0.01,0.02,0.04,0.1,0.24,8.846,20.672,13.441,13.44,13.441,15.992,0.0,0.0,0.0,0.0,5849.2,17724.0,0.0,4374.8,17529.0,4,4.0,4,16,16.0,16,4,16,4.32,10.03
33,1,,,,,,,0,0,46,36,30.1,705,5001,30,0,59.7,69.9;68.2;72.9;74.2;68.6;71.7;75.9;79.3;72.5;71.4;84.7;89.6;54.5;56.4;28.3;32.4;57.0;57.6;22.6;23.9;54.0;54.8;45.1;47.6,40.52,0.07,0.0,0.25,13.441,0.0,341.0,0.0,4,16,,,,,,,,,,,,,,,,,,,,,,,,,,,,,,,,,,,,,,,,,,,,,,,,,,,,,,,,,,,,,
33,2,,,,,,,97,51,55,29,126.0,2745,10801,30,0,84.3,92.2;93.4;97.0;97.4;90.4;94.8;99.6;99.6;96.5;99.1;100.0;100.0;87.9;89.5;51.5;53.7;90.9;91.3;38.3;42.8;83.8;88.6;66.5;77.3,40.7,0.07,0.0,0.05,13.441,0.0,390.0,1367.0,4,16,,,,,,,,,,,,,,,,,,,,,,,,,,,,,,,,,,,,,,,,,,,,,,,,,,,,,,,,,,,,,
33,3,,,,,,,96,56,54,27,179.8,2745,10801,30,0,84.8,91.1;95.5;97.0;95.1;90.1;96.5;100.0;100.0;97.5;97.5;100.0;100.0;93.6;94.1;55.9;55.9;87.1;91.6;42.9;41.9;85.1;86.6;70.8;68.3,40.95,0.07,0.0,0.13,13.441,0.0,1171.0,244.0,4,16,,,,,,,,,,,,,,,,,,,,,,,,,,,,,,,,,,,,,,,,,,,,,,,,,,,,,,,,,,,,,
33,4,,,,,,,96,56,53,27,180.4,2745,10801,30,0,55.1,64.0;68.9;72.8;75.7;67.0;73.9;79.9;83.5;78.6;80.1;85.9;93.2;54.4;58.7;19.4;20.4;42.2;52.9;19.4;16.5;30.1;35.3;22.8;26.2,41.09,0.07,0.04,0.09,13.441,0.0,1025.0,244.0,4,16,,,,,,,,,,,,,,,,,,,,,,,,,,,,,,,,,,,,,,,,,,,,,,,,,,,,,,,,,,,,,
33,5,,,,,,,98,62,55,32,161.6,2745,10801,30,0,6.4,5.8;1.2;1.2;4.8;1.2;1.2;10.7;26.2;9.5;3.6;65.9;20.0;0.0;1.2;0.0;0.0;0.0;0.0;0.0;0.0;0.0;0.0;0.0;0.0,41.12,0.07,0.0,0.05,13.441,0.0,1123.0,1367.0,4,16,,,,,,,,,,,,,,,,,,,,,,,,,,,,,,,,,,,,,,,,,,,,,,,,,,,,,,,,,,,,,
33,summary,0.630514761902847,0.7649564345507823,0.6224442309376159,0.7685931899641577,0.00327459,16.2,,,,,,,,,,,,,,,,,,,,,,0,77.4,98,0,45.0,62,46,52.6,55,27,30.2,36,30.1,135.58,180.4,2337.0,9641.0,30.0,0,6.4,58.06,84.8,40.52,40.88,41.12,63.16,0.07,0.07,0.07,24.11,0.0,0.01,0.04,0.05,0.11,0.25,8.846,20.672,13.441,13.44,13.441,15.992,0.0,0.0,0.0,341.0,810.0,1171.0,0.0,644.4,1367.0,4,4.0,4,16,16.0,16,4,16,4.49,10.03
34,1,,,,,,,100,59,48,36,33.8,600,5001,30,0,59.3,66.6;69.6;74.4;72.2;68.7;71.2;76.0;93.0;71.9;73.8;77.3;83.7;53.0;58.0;35.5;33.2;52.7;57.5;23.3;23.3;51.8;53.4;44.1;39.6,40.48,0.07,0.0,0.23,13.441,0.0,390.0,1367.0,4,16,,,,,,,,,,,,,,,,,,,,,,,,,,,,,,,,,,,,,,,,,,,,,,,,,,,,,,,,,,,,,
34,2,,,,,,,100,62,56,32,172.6,2745,10801,30,0,84.0,95.3;96.8;97.7;98.2;94.6;96.8;99.1;99.1;96.4;97.7;100.0;100.0;87.8;88.2;44.8;48.9;89.1;89.6;40.5;33.9;84.2;89.7;71.7;75.6,40.7,0.07,0.0,0.15,13.441,0.0,830.0,97.0,4,16,,,,,,,,,,,,,,,,,,,,,,,,,,,,,,,,,,,,,,,,,,,,,,,,,,,,,,,,,,,,,
34,3,,,,,,,96,57,54,31,180.5,2745,10801,30,0,84.1,91.5;97.0;99.0;93.9;94.0;100.0;100.0;100.0;96.4;100.0;100.0;100.0;89.3;85.8;50.5;46.7;89.3;92.4;38.1;34.0;85.3;86.8;66.5;80.8,41.07,0.07,0.04,0.07,13.441,0.0,1416.0,0.0,4,16,,,,,,,,,,,,,,,,,,,,,,,,,,,,,,,,,,,,,,,,,,,,,,,,,,,,,,,,,,,,,
34,4,,,,,,,76,44,57,29,149.2,2745,10801,30,0,56.3,69.4;67.8;76.9;77.9;67.3;67.8;84.3;84.6;73.1;76.4;85.6;94.2;61.1;63.5;15.9;18.8;54.3;48.1;18.3;16.3;35.9;31.2;31.2;30.3,41.11,0.07,0.0,0.07,13.441,0.0,1123.0,1367.0,4,16,,,,,,,,,,,,,,,,,,,,,,,,,,,,,,,,,,,,,,,,,,,,,,,,,,,,,,,,,,,,,
34,5,,,,,,,98,56,55,30,164.9,2745,10801,30,0,6.6,3.5;1.2;3.6;2.4;0.0;1.2;35.7;45.2;7.1;2.4;26.2;28.6;0.0;0.0;0.0;0.0;0.0;1.2;0.0;0.0;0.0;0.0;0.0;0.0,41.15,0.07,0.0,0.13,13.441,0.0,341.0,390.0,4,16,,,,,,,,,,,,,,,,,,,,,,,,,,,,,,,,,,,,,,,,,,,,,,,,,,,,,,,,,,,,,
34,summary,0.6235959150178949,0.7691186643556122,0.47447313899207716,0.853225806451613,0.00322185,16.0,,,,,,,,,,,,,,,,,,,,,,76,94.0,100,44,55.6,62,48,54.0,57,29,31.6,36,33.8,140.2,180.5,2316.0,9641.0,30.0,0,6.6,58.06,84.1,40.48,40.9,41.15,63.16,0.07,0.07,0.07,24.11,0.0,0.01,0.04,0.07,0.13,0.23,8.846,20.672,13.441,13.44,13.441,15.992,0.0,0.0,0.0,341.0,820.0,1416.0,0.0,644.2,1367.0,4,4.0,4,16,16.0,16,4,16,4.32,10.03
35,1,,,,,,,1,0,47,35,29.4,585,5001,30,0,59.4,71.0;70.8;75.1;73.8;69.6;70.2;93.8;76.1;73.0;72.9;76.6;85.5;57.5;54.8;31.4;30.2;57.5;60.9;21.2;19.1;50.8;52.6;39.1;42.5,40.32,0.07,0.02,0.29,13.441,0.0,0.0,1464.0,4,16,,,,,,,,,,,,,,,,,,,,,,,,,,,,,,,,,,,,,,,,,,,,,,,,,,,,,,,,,,,,,
35,2,,,,,,,98,63,56,30,134.1,2745,10801,30,0,84.3,92.3;90.0;98.2;95.6;96.1;94.3;99.1;99.6;97.4;98.2;99.6;100.0;91.2;91.7;48.2;49.3;91.3;91.7;40.4;38.6;88.6;84.2;70.2;77.8,40.81,0.07,0.0,0.07,13.441,0.0,2441.0,1318.0,4,16,,,,,,,,,,,,,,,,,,,,,,,,,,,,,,,,,,,,,,,,,,,,,,,,,,,,,,,,,,,,,
35,3,,,,,,,92,62,55,27,183.4,2745,10801,30,0,82.8,97.1;95.6;97.1;96.1;96.6;98.0;100.0;99.5;97.5;98.0;100.0;100.0;90.7;89.8;48.5;43.1;85.3;88.3;33.8;24.4;80.7;82.0;72.2;73.8,41.5,0.07,0.0,0.13,13.441,0.0,292.0,341.0,4,16,,,,,,,,,,,,,,,,,,,,,,,,,,,,,,,,,,,,,,,,,,,,,,,,,,,,,,,,,,,,,
35,4,,,,,,,98,56,55,30,181.0,2745,10801,30,0,54.2,64.0;64.8;72.7;73.7;66.5;69.1;84.0;85.1;74.4;74.2;87.1;87.6;47.9;45.9;22.7;27.8;39.0;46.4;17.0;19.1;37.1;40.2;28.6;26.8,41.1,0.07,0.08,0.1,13.441,0.0,1220.0,195.0,4,16,,,,,,,,,,,,,,,,,,,,,,,,,,,,,,,,,,,,,,,,,,,,,,,,,,,,,,,,,,,,,
35,5,,,,,,,98,57,58,31,160.6,2745,10801,30,0,7.6,12.5;1.2;4.7;2.4;0.0;3.5;9.4;56.5;9.4;2.4;22.4;47.1;5.9;0.0;0.0;0.0;1.2;0.0;0.0;1.2;0.0;1.2;0.0;0.0,41.13,0.07,0.01,0.09,13.441,0.0,1123.0,1416.0,4,16,,,,,,,,,,,,,,,,,,,,,,,,,,,,,,,,,,,,,,,,,,,,,,,,,,,,,,,,,,,,,
35,summary,0.625310132598427,0.7679799777703507,0.4743082778855464,0.8544802867383513,0.00316773,16.2,,,,,,,,,,,,,,,,,,,,,,1,77.4,98,0,47.6,63,47,54.2,58,27,30.6,35,29.4,137.7,183.4,2313.0,9641.0,30.0,0,7.6,57.66,84.3,40.32,40.97,41.5,63.16,0.07,0.07,0.07,24.11,0.0,0.02,0.08,0.07,0.14,0.29,8.846,20.672,13.441,13.44,13.441,15.992,0.0,0.0,0.0,0.0,1015.2,2441.0,195.0,946.8,1464.0,4,4.0,4,16,16.0,16,4,16,4.38,10.13
36,1,,,,,,,1,0,47,36,29.9,645,5001,30,0,59.6,67.8;70.3;75.9;72.9;70.8;72.2;81.5;79.4;71.0;70.7;80.6;94.7;54.4;55.5;32.2;29.0;52.2;57.5;22.7;21.9;54.7;61.5;39.9;40.1,40.43,0.07,0.0,0.27,13.441,0.0,341.0,0.0,4,16,,,,,,,,,,,,,,,,,,,,,,,,,,,,,,,,,,,,,,,,,,,,,,,,,,,,,,,,,,,,,
36,2,,,,,,,96,62,56,31,146.1,2745,10801,30,0,84.2,96.1;94.7;96.0;96.9;96.5;97.8;99.6;100.0;96.5;97.8;100.0;99.6;87.6;87.6;56.6;51.1;77.0;88.9;44.2;38.5;78.9;88.9;70.8;78.5,40.72,0.07,0.0,0.08,13.441,0.0,48.0,1806.0,4,16,,,,,,,,,,,,,,,,,,,,,,,,,,,,,,,,,,,,,,,,,,,,,,,,,,,,,,,,,,,,,
36,3,,,,,,,90,55,58,33,179.5,2745,10801,30,0,84.4,93.5;95.2;97.1;96.6;96.6;96.6;99.5;100.0;95.2;97.6;100.0;100.0;88.3;81.1;55.6;60.9;82.7;85.9;45.9;43.0;77.7;87.9;74.9;73.9,41.16,0.07,0.0,0.09,13.441,0.0,585.0,1464.0,4,16,,,,,,,,,,,,,,,,,,,,,,,,,,,,,,,,,,,,,,,,,,,,,,,,,,,,,,,,,,,,,
36,4,,,,,,,52,34,52,28,177.3,2745,10801,30,0,54.7,66.8;68.4;76.1;77.0;74.0;73.7;88.9;86.2;78.3;78.7;89.8;82.7;49.2;55.1;14.3;14.8;43.4;49.2;17.9;14.3;29.1;33.5;26.4;23.5,41.1,0.07,0.01,0.12,13.441,0.0,38671.0,12744.0,4,16,,,,,,,,,,,,,,,,,,,,,,,,,,,,,,,,,,,,,,,,,,,,,,,,,,,,,,,,,,,,,
36,5,,,,,,,98,56,58,29,175.2,2745,10801,30,0,7.2,1.2;14.3;3.6;1.2;1.2;1.2;33.7;48.8;7.1;7.2;38.6;3.6;1.2;0.0;0.0;2.4;2.4;2.4;2.4;2.4;0.0;0.0;0.0;0.0,41.12,0.07,0.0,0.05,13.441,0.0,341.0,244.0,4,16,,,,,,,,,,,,,,,,,,,,,,,,,,,,,,,,,,,,,,,,,,,,,,,,,,,,,,,,,,,,,
36,summary,0.6130115999189757,0.7749248000497446,0.5469005218543459,0.8010752688172043,0.00311228,16.2,,,,,,,,,,,,,,,,,,,,,,1,67.4,98,0,41.4,62,47,54.2,58,28,31.4,36,29.9,141.6,179.5,2325.0,9641.0,30.0,0,7.2,58.02,84.4,40.43,40.91,41.16,63.16,0.07,0.07,0.07,24.11,0.0,0.0,0.01,0.05,0.12,0.27,8.846,20.672,13.441,13.44,13.441,15.992,0.0,0.0,0.0,48.0,7997.2,38671.0,0.0,3251.6,12744.0,4,4.0,4,16,16.0,16,4,16,4.18,10.3
37,1,,,,,,,16,5,47,36,31.0,540,5001,30,0,59.3,68.6;69.8;73.8;74.3;72.5;71.9;79.8;75.9;72.8;73.4;84.6;89.7;58.4;56.3;29.0;25.1;58.3;59.3;24.2;19.3;55.6;55.7;36.3;37.5,40.2,0.07,0.0,0.25,13.441,0.0,585.0,0.0,4,16,,,,,,,,,,,,,,,,,,,,,,,,,,,,,,,,,,,,,,,,,,,,,,,,,,,,,,,,,,,,,
37,2,,,,,,,100,64,56,29,147.5,2745,10801,30,0,82.2,94.1;94.0;97.2;98.1;97.2;98.6;98.6;99.5;96.3;96.3;99.5;100.0;89.4;88.0;49.1;41.7;88.9;90.4;31.0;29.6;79.2;82.9;63.9;69.4,40.69,0.07,0.0,0.07,13.441,0.0,0.0,1513.0,4,16,,,,,,,,,,,,,,,,,,,,,,,,,,,,,,,,,,,,,,,,,,,,,,,,,,,,,,,,,,,,,
37,3,,,,,,,100,62,57,30,182.0,2745,10801,30,0,83.2,91.6;94.5;98.0;96.0;99.0;98.0;99.5;100.0;94.5;97.0;100.0;100.0;86.6;90.0;49.8;52.7;79.1;89.1;34.8;33.8;80.2;86.6;70.1;75.2,41.08,0.07,0.01,0.1,13.441,0.0,585.0,1269.0,4,16,,,,,,,,,,,,,,,,,,,,,,,,,,,,,,,,,,,,,,,,,,,,,,,,,,,,,,,,,,,,,
37,4,,,,,,,98,54,54,26,167.8,2760,10801,30,0,53.4,61.7;69.1;73.9;74.7;69.9;72.7;77.3;85.3;72.9;76.5;89.9;81.1;55.6;59.9;19.4;18.5;50.0;44.4;11.6;10.6;31.2;30.9;22.9;21.2,41.08,0.07,0.0,0.1,13.441,0.0,0.0,1416.0,4,16,,,,,,,,,,,,,,,,,,,,,,,,,,,,,,,,,,,,,,,,,,,,,,,,,,,,,,,,,,,,,
37,5,,,,,,,98,55,57,29,183.2,2745,10801,30,0,6.7,3.5;0.0;2.4;3.6;1.2;1.2;21.2;40.5;8.2;8.3;22.6;46.4;0.0;0.0;0.0;0.0;1.2;1.2;0.0;0.0;0.0;0.0;0.0;0.0,41.12,0.07,0.0,0.01,13.441,0.0,341.0,390.0,4,16,,,,,,,,,,,,,,,,,,,,,,,,,,,,,,,,,,,,,,,,,,,,,,,,,,,,,,,,,,,,,
37,summary,0.6155659402921616,0.7744040355363486,0.513804996227278,0.83418458781362,0.00305556,16.3,,,,,,,,,,,,,,,,,,,,,,16,82.4,100,5,48.0,64,47,54.2,57,26,30.0,36,31.0,142.3,183.2,2307.0,9641.0,30.0,0,6.7,56.96,83.2,40.2,40.83,41.12,63.16,0.07,0.07,0.07,24.11,0.0,0.0,0.01,0.01,0.11,0.25,8.846,20.672,13.441,13.44,13.441,15.992,0.0,0.0,0.0,0.0,302.2,585.0,0.0,917.6,1513.0,4,4.0,4,16,16.0,16,4,16,4.71,9.95
38,1,,,,,,,1,0,47,35,28.1,465,5001,30,0,62.1,70.7;70.9;76.2;76.5;76.5;76.9;78.7;92.8;74.8;75.1;82.0;84.9;59.8;60.3;35.3;33.8;55.3;59.7;23.7;23.6;56.4;57.2;46.4;43.1,40.31,0.07,0.0,0.22,13.441,0.0,585.0,1806.0,4,16,,,,,,,,,,,,,,,,,,,,,,,,,,,,,,,,,,,,,,,,,,,,,,,,,,,,,,,,,,,,,
38,2,,,,,,,96,56,58,32,175.1,2745,10801,30,0,82.5,95.5;95.4;97.5;96.0;94.9;98.0;98.5;99.0;95.4;97.0;99.5;100.0;87.3;89.3;42.6;49.5;84.4;90.4;38.6;35.5;80.2;79.7;64.1;72.4,40.7,0.07,0.0,0.09,13.441,0.0,585.0,0.0,4,16,,,,,,,,,,,,,,,,,,,,,,,,,,,,,,,,,,,,,,,,,,,,,,,,,,,,,,,,,,,,,
38,3,,,,,,,100,64,57,30,182.0,2745,10801,30,0,84.0,95.0;97.2;97.2;96.7;96.7;97.2;100.0;99.1;97.2;96.7;99.5;100.0;89.3;91.5;46.3;46.7;87.9;91.1;35.3;33.8;85.0;89.2;71.8;74.6,41.28,0.07,0.02,0.1,13.441,0.0,585.0,2148.0,4,16,,,,,,,,,,,,,,,,,,,,,,,,,,,,,,,,,,,,,,,,,,,,,,,,,,,,,,,,,,,,,
38,4,,,,,,,98,55,56,29,180.2,2745,10801,30,0,53.0,71.6;73.1;77.3;76.8;73.1;71.5;90.3;82.6;70.2;75.4;87.0;84.5;58.5;59.6;14.0;14.0;42.8;49.3;9.6;9.2;23.7;26.9;13.5;16.3,41.09,0.07,0.0,0.13,13.441,0.0,585.0,1855.0,4,16,,,,,,,,,,,,,,,,,,,,,,,,,,,,,,,,,,,,,,,,,,,,,,,,,,,,,,,,,,,,,
38,5,,,,,,,98,58,58,27,161.2,2745,10801,30,0,6.2,0.0;0.0;1.2;2.4;0.0;0.0;31.8;44.0;6.0;4.8;52.9;3.6;1.2;0.0;0.0;0.0;0.0;0.0;0.0;0.0;0.0;0.0;0.0;0.0,41.13,0.07,0.0,0.01,13.441,0.0,1367.0,1416.0,4,16,,,,,,,,,,,,,,,,,,,,,,,,,,,,,,,,,,,,,,,,,,,,,,,,,,,,,,,,,,,,,
38,summary,0.6058531653144731,0.7793104922390542,0.4803510060019818,0.8454749103942653,0.00299764,16.3,,,,,,,,,,,,,,,,,,,,,,1,78.6,100,0,46.6,64,47,55.2,58,27,30.6,35,28.1,145.32,182.0,2289.0,9641.0,30.0,0,6.2,57.56,84.0,40.31,40.9,41.28,63.16,0.07,0.07,0.07,24.11,0.0,0.0,0.02,0.01,0.11,0.22,8.846,20.672,13.441,13.44,13.441,15.992,0.0,0.0,0.0,585.0,741.4,1367.0,0.0,1445.0,2148.0,4,4.0,4,16,16.0,16,4,16,4.66,10.04
39,1,,,,,,,100,72,49,35,37.6,765,5001,30,0,59.8,72.0;71.2;73.7;72.2;71.3;73.2;84.7;78.8;67.3;70.4;92.8;75.5;52.6;57.5;28.4;33.7;52.4;56.2;32.4;27.5;55.6;57.3;38.9;39.7,40.77,0.07,0.0,0.25,13.441,0.0,0.0,1367.0,4,16,,,,,,,,,,,,,,,,,,,,,,,,,,,,,,,,,,,,,,,,,,,,,,,,,,,,,,,,,,,,,
39,2,,,,,,,100,64,57,28,145.6,2745,10801,30,0,84.9,91.9;97.3;96.4;96.3;98.2;99.1;100.0;100.0;96.8;98.6;100.0;100.0;89.5;92.7;52.5;53.4;83.8;90.0;42.9;36.8;85.5;87.2;69.9;79.0,40.61,0.07,0.0,0.09,13.441,0.0,15136.0,335595.0,4,16,,,,,,,,,,,,,,,,,,,,,,,,,,,,,,,,,,,,,,,,,,,,,,,,,,,,,,,,,,,,,
39,3,,,,,,,96,52,56,31,179.1,2745,10801,30,0,83.9,95.6;93.6;99.0;94.1;97.5;99.0;98.5;100.0;96.1;96.6;100.0;100.0;89.7;92.6;47.3;50.2;86.3;90.6;39.4;36.9;81.8;82.8;70.4;75.9,40.94,0.07,0.0,0.02,13.441,0.0,341.0,97.0,4,16,,,,,,,,,,,,,,,,,,,,,,,,,,,,,,,,,,,,,,,,,,,,,,,,,,,,,,,,,,,,,
39,4,,,,,,,39,13,54,32,171.2,2745,10801,30,0,57.4,66.7;72.2;80.3;79.8;75.5;78.4;88.1;90.9;78.4;82.2;90.4;88.9;51.9;57.2;12.5;16.7;47.8;51.9;24.0;17.8;37.6;34.6;24.9;27.9,41.09,0.07,0.02,0.14,13.441,0.0,1416.0,0.0,4,16,,,,,,,,,,,,,,,,,,,,,,,,,,,,,,,,,,,,,,,,,,,,,,,,,,,,,,,,,,,,,
39,5,,,,,,,98,54,56,25,162.5,2745,10801,30,0,7.7,9.3;0.0;7.1;0.0;0.0;1.2;11.8;61.6;4.7;12.9;22.1;49.4;1.2;1.2;0.0;0.0;1.2;0.0;0.0;0.0;0.0;0.0;0.0;0.0,41.13,0.07,0.04,0.08,13.441,0.0,0.0,1416.0,4,16,,,,,,,,,,,,,,,,,,,,,,,,,,,,,,,,,,,,,,,,,,,,,,,,,,,,,,,,,,,,,
39,summary,0.6061213698231446,0.7788033297838438,0.46841123168186477,0.8475358422939068,0.00293858,16.0,,,,,,,,,,,,,,,,,,,,,,39,86.6,100,13,51.0,72,49,54.4,57,25,30.2,35,37.6,139.2,179.1,2349.0,9641.0,30.0,0,7.7,58.74,84.9,40.61,40.91,41.13,63.16,0.07,0.07,0.07,24.11,0.0,0.01,0.04,0.02,0.12,0.25,8.846,20.672,13.441,13.44,13.441,15.992,0.0,0.0,0.0,0.0,3378.6,15136.0,0.0,67695.0,335595.0,4,4.0,4,16,16.0,16,4,16,4.29,10.01
40,1,,,,,,,100,49,49,35,37.0,2565,10801,30,0,60.3,68.3;71.5;76.0;73.9;72.1;73.3;86.4;86.8;70.1;72.4;79.5;81.3;53.4;54.4;32.0;33.4;55.3;61.1;24.3;20.2;51.6;58.1;45.1;46.0,40.32,0.07,0.0,0.27,13.441,0.0,0.0,1416.0,4,16,,,,,,,,,,,,,,,,,,,,,,,,,,,,,,,,,,,,,,,,,,,,,,,,,,,,,,,,,,,,,
40,2,,,,,,,97,63,54,30,166.2,2745,10801,30,0,83.4,92.8;95.1;98.5;96.6;96.6;98.5;99.5;98.1;98.0;97.5;100.0;99.5;93.6;90.7;46.1;46.6;86.4;89.3;34.3;37.3;79.4;84.3;66.7;75.0,40.76,0.07,0.0,0.05,13.441,0.0,634.0,1611.0,4,16,,,,,,,,,,,,,,,,,,,,,,,,,,,,,,,,,,,,,,,,,,,,,,,,,,,,,,,,,,,,,
40,3,,,,,,,96,54,54,30,179.8,2745,10801,30,0,85.0,94.7;95.1;98.5;97.1;98.0;97.5;99.5;100.0;97.0;97.5;98.0;100.0;92.6;92.2;52.7;52.0;87.2;92.1;45.6;47.1;75.9;86.7;72.4;71.4,40.93,0.07,0.0,0.12,13.441,0.0,1416.0,439.0,4,16,,,,,,,,,,,,,,,,,,,,,,,,,,,,,,,,,,,,,,,,,,,,,,,,,,,,,,,,,,,,,
40,4,,,,,,,100,62,57,27,160.4,2745,10801,30,0,52.8,61.5;59.3;72.5;70.1;69.1;71.7;86.3;85.0;71.6;74.5;82.8;84.3;55.4;55.9;20.1;20.5;45.6;42.6;15.2;14.7;29.9;29.9;24.0;24.0,41.16,0.07,0.0,0.05,13.441,0.0,1464.0,6542.0,4,16,,,,,,,,,,,,,,,,,,,,,,,,,,,,,,,,,,,,,,,,,,,,,,,,,,,,,,,,,,,,,
40,5,,,,,,,98,52,57,29,162.8,2745,10801,30,0,7.5,6.0;3.6;3.6;6.0;2.4;0.0;60.2;20.0;13.1;6.0;30.6;21.2;1.2;0.0;0.0;0.0;2.4;0.0;0.0;0.0;2.4;0.0;0.0;0.0,41.2,0.07,0.0,0.11,13.441,0.0,1855.0,1708.0,4,16,,,,,,,,,,,,,,,,,,,,,,,,,,,,,,,,,,,,,,,,,,,,,,,,,,,,,,,,,,,,,
40,summary,0.6002664278424475,0.782456453982294,0.44376365288184105,0.8645609318996416,0.00287845,16.1,,,,,,,,,,,,,,,,,,,,,,96,98.2,100,49,56.0,63,49,54.2,57,27,30.2,35,37.0,141.24,179.8,2709.0,10801.0,30.0,0,7.5,57.8,85.0,40.32,40.87,41.2,63.16,0.07,0.07,0.07,24.11,0.0,0.0,0.0,0.05,0.12,0.27,8.846,20.672,13.441,13.44,13.441,15.992,0.0,0.0,0.0,0.0,1073.8,1855.0,439.0,2343.2,6542.0,4,4.0,4,16,16.0,16,4,16,4.42,10.04
41,1,,,,,,,0,0,47,34,27.8,405,5001,30,0,62.6,70.2;70.7;77.3;77.7;75.8;75.3;83.8;80.1;67.8;70.0;84.8;91.0;55.7;57.3;30.6;33.4;60.9;64.6;33.4;32.2;55.3;58.0;46.9;49.2,40.43,0.07,0.0,0.25,13.441,0.0,292.0,0.0,4,16,,,,,,,,,,,,,,,,,,,,,,,,,,,,,,,,,,,,,,,,,,,,,,,,,,,,,,,,,,,,,
41,2,,,,,,,96,51,56,32,177.6,2745,10801,30,0,84.8,91.9;92.8;97.6;97.1;93.7;96.6;99.0;99.5;89.9;89.9;99.5;100.0;86.5;81.2;59.4;59.1;85.1;92.3;59.9;55.8;77.3;81.8;74.4;76.8,40.66,0.07,0.5,0.1,13.441,0.0,878.0,1562.0,4,16,,,,,,,,,,,,,,,,,,,,,,,,,,,,,,,,,,,,,,,,,,,,,,,,,,,,,,,,,,,,,
41,3,,,,,,,100,62,58,27,180.9,2745,10801,30,0,84.3,92.8;92.2;98.0;97.6;96.6;98.6;99.0;99.5;96.6;94.1;100.0;99.5;88.3;87.8;52.2;45.9;94.6;95.1;41.5;35.1;79.5;86.8;75.7;76.1,41.65,0.07,0.04,0.29,13.441,0.0,244.0,1416.0,4,16,,,,,,,,,,,,,,,,,,,,,,,,,,,,,,,,,,,,,,,,,,,,,,,,,,,,,,,,,,,,,
41,4,,,,,,,98,58,55,30,166.3,2745,10801,30,0,53.1,63.8;64.0;74.9;74.4;70.0;69.0;80.8;85.2;71.4;73.9;84.7;84.7;48.3;50.2;25.1;24.6;36.0;44.3;19.2;22.7;23.6;32.2;25.1;25.1,41.12,0.07,0.08,0.09,13.441,0.0,537.0,0.0,4,16,,,,,,,,,,,,,,,,,,,,,,,,,,,,,,,,,,,,,,,,,,,,,,,,,,,,,,,,,,,,,
41,5,,,,,,,98,56,55,29,158.7,2745,10801,30,0,7.1,2.3;2.3;9.3;2.3;4.7;2.3;25.6;58.1;10.5;7.0;10.5;32.6;1.2;0.0;0.0;0.0;0.0;0.0;0.0;0.0;1.2;0.0;0.0;0.0,41.14,0.07,0.0,0.05,13.441,0.0,244.0,1757.0,4,16,,,,,,,,,,,,,,,,,,,,,,,,,,,,,,,,,,,,,,,,,,,,,,,,,,,,,,,,,,,,,
41,summary,0.5975290143617796,0.7846386127455172,0.5288003169507536,0.8192652329749104,0.00281732,16.6,,,,,,,,,,,,,,,,,,,,,,0,78.4,100,0,45.4,62,47,54.2,58,27,30.4,34,27.8,142.26,180.9,2277.0,9641.0,30.0,0,7.1,58.38,84.8,40.43,41.0,41.65,63.16,0.07,0.07,0.07,24.11,0.0,0.12,0.5,0.05,0.16,0.29,8.846,20.672,13.441,13.44,13.441,15.992,0.0,0.0,0.0,244.0,439.0,878.0,0.0,947.0,1757.0,4,4.0,4,16,16.0,16,4,16,4.64,10.19
42,1,,,,,,,100,58,49,35,35.1,540,5001,30,0,60.3,69.6;69.9;72.2;73.1;73.1;73.7;81.1;77.0;70.7;68.4;92.5;80.6;59.8;59.2;30.5;29.3;57.8;58.6;25.2;20.1;55.7;58.8;43.6;45.8,40.38,0.07,0.0,0.23,13.441,0.0,390.0,1464.0,4,16,,,,,,,,,,,,,,,,,,,,,,,,,,,,,,,,,,,,,,,,,,,,,,,,,,,,,,,,,,,,,
42,2,,,,,,,96,54,54,30,143.7,2760,10801,30,0,82.7,97.2;97.2;99.1;96.3;98.1;98.6;99.5;100.0;97.7;99.1;99.1;99.5;93.5;93.1;32.4;42.6;84.3;90.7;23.6;21.8;88.9;86.6;71.8;72.8,40.67,0.07,0.0,0.06,13.441,0.0,1171.0,146.0,4,16,,,,,,,,,,,,,,,,,,,,,,,,,,,,,,,,,,,,,,,,,,,,,,,,,,,,,,,,,,,,,
42,3,,,,,,,96,62,55,32,182.4,2745,10801,30,0,83.1,98.6;98.0;98.0;98.0;98.0;99.5;99.0;98.5;98.0;94.1;100.0;100.0;91.6;93.7;41.2;42.6;92.1;94.1;22.8;25.2;84.7;81.8;70.3;74.3,41.18,0.07,0.0,0.11,13.441,0.0,10937.0,1464.0,4,16,,,,,,,,,,,,,,,,,,,,,,,,,,,,,,,,,,,,,,,,,,,,,,,,,,,,,,,,,,,,,
42,4,,,,,,,69,51,54,29,165.2,2760,10801,30,0,57.3,74.4;73.0;78.9;79.5;74.4;79.9;91.1;85.2;81.4;80.4;93.1;88.2;63.7;58.5;17.2;17.6;53.2;51.2;12.8;12.8;33.0;35.0;20.6;19.1,41.1,0.07,0.0,0.06,13.441,0.0,43359.0,15234.0,4,16,,,,,,,,,,,,,,,,,,,,,,,,,,,,,,,,,,,,,,,,,,,,,,,,,,,,,,,,,,,,,
42,5,,,,,,,98,52,55,28,167.8,2745,10801,30,0,10.7,12.6;3.6;6.0;8.3;3.6;6.0;54.7;32.1;14.3;9.5;26.2;47.6;2.4;3.6;0.0;2.4;1.2;2.4;1.2;0.0;8.1;6.0;1.2;2.4,41.14,0.07,0.0,0.05,13.441,0.0,341.0,0.0,4,16,,,,,,,,,,,,,,,,,,,,,,,,,,,,,,,,,,,,,,,,,,,,,,,,,,,,,,,,,,,,,
42,summary,0.5935495711922515,0.7870714380095913,0.5436167577261566,0.8130824372759856,0.00275526,16.2,,,,,,,,,,,,,,,,,,,,,,69,91.8,100,51,55.4,62,49,53.4,55,28,30.8,35,35.1,138.84,182.4,2310.0,9641.0,30.0,0,10.7,58.82,83.1,40.38,40.89,41.18,63.16,0.07,0.07,0.07,24.11,0.0,0.0,0.0,0.05,0.1,0.23,8.846,20.672,13.441,13.44,13.441,15.992,0.0,0.0,0.0,341.0,11239.6,43359.0,0.0,3661.6,15234.0,4,4.0,4,16,16.0,16,4,16,4.39,10.11
43,1,,,,,,,0,0,47,35,27.3,480,5001,30,0,61.5,70.3;70.7;76.1;73.4;74.4;72.8;80.1;78.9;68.5;70.5;77.4;99.1;59.7;57.9;33.1;30.7;55.5;60.1;26.5;30.7;56.4;57.0;47.9;48.7,40.27,0.07,0.03,0.25,13.441,0.0,6933.0,1416.0,4,16,,,,,,,,,,,,,,,,,,,,,,,,,,,,,,,,,,,,,,,,,,,,,,,,,,,,,,,,,,,,,
43,2,,,,,,,96,54,54,31,153.5,2745,10801,30,0,83.7,94.1;97.7;97.7;95.9;97.3;97.2;100.0;100.0;90.9;93.6;98.6;99.5;88.1;89.9;47.7;55.0;84.9;89.9;37.2;39.9;85.3;84.9;70.3;72.6,40.77,0.07,0.0,0.1,13.441,0.0,0.0,4443.0,4,16,,,,,,,,,,,,,,,,,,,,,,,,,,,,,,,,,,,,,,,,,,,,,,,,,,,,,,,,,,,,,
43,3,,,,,,,96,56,55,29,182.0,2745,10801,30,0,84.0,93.6;98.5;97.0;94.5;99.5;99.0;98.5;99.0;94.0;96.0;100.0;100.0;86.9;88.1;56.3;47.0;93.5;91.5;32.0;32.0;82.9;91.0;63.0;81.4,41.22,0.07,0.01,0.14,13.441,0.0,2587.0,1367.0,4,16,,,,,,,,,,,,,,,,,,,,,,,,,,,,,,,,,,,,,,,,,,,,,,,,,,,,,,,,,,,,,
43,4,,,,,,,98,53,55,29,161.0,2745,10801,30,0,54.2,68.4;68.9;74.3;76.7;73.3;75.2;77.3;81.6;75.7;78.2;87.9;91.8;57.0;61.2;20.4;19.4;49.3;45.6;13.0;10.7;25.7;28.2;19.9;21.4,41.13,0.07,0.0,0.09,13.441,0.0,1904.0,0.0,4,16,,,,,,,,,,,,,,,,,,,,,,,,,,,,,,,,,,,,,,,,,,,,,,,,,,,,,,,,,,,,,
43,5,,,,,,,100,62,58,26,161.6,2745,10801,30,0,6.7,3.5;2.4;1.2;4.7;1.2;1.2;39.5;31.4;4.7;2.4;18.6;45.3;2.4;1.2;0.0;0.0;0.0;0.0;0.0;0.0;0.0;0.0;0.0;0.0,41.15,0.07,0.0,0.07,13.441,0.0,292.0,390.0,4,16,,,,,,,,,,,,,,,,,,,,,,,,,,,,,,,,,,,,,,,,,,,,,,,,,,,,,,,,,,,,,
43,summary,0.5953287124861725,0.7852526485150438,0.48806924751582537,0.8498655913978495,0.00269307,16.3,,,,,,,,,,,,,,,,,,,,,,0,78.0,100,0,45.0,62,47,53.8,58,26,30.0,35,27.3,137.08,182.0,2292.0,9641.0,30.0,0,6.7,58.02,84.0,40.27,40.91,41.22,63.16,0.07,0.07,0.07,24.11,0.0,0.01,0.03,0.07,0.13,0.25,8.846,20.672,13.441,13.44,13.441,15.992,0.0,0.0,0.0,0.0,2343.2,6933.0,0.0,1523.2,4443.0,4,4.0,4,16,16.0,16,4,16,4.58,10.03
44,1,,,,,,,0,0,47,36,28.0,480,5001,30,0,61.2,68.9;72.6;76.6;76.4;74.6;74.4;85.4;78.8;67.7;69.9;87.5;83.8;53.6;52.6;29.2;33.1;62.1;65.9;25.9;26.0;52.6;57.8;45.2;49.1,40.4,0.07,0.0,0.21,13.441,0.0,18164.0,2832.0,4,16,,,,,,,,,,,,,,,,,,,,,,,,,,,,,,,,,,,,,,,,,,,,,,,,,,,,,,,,,,,,,
44,2,,,,,,,97,56,55,30,179.6,2745,10801,30,0,83.2,94.2;94.1;97.6;95.6;97.1;98.5;100.0;100.0;91.3;94.1;100.0;99.5;88.3;91.7;47.8;48.3;90.3;90.2;33.7;33.2;84.9;83.5;67.6;75.2,40.82,0.07,0.0,0.06,13.441,0.0,17431.0,372949.0,4,16,,,,,,,,,,,,,,,,,,,,,,,,,,,,,,,,,,,,,,,,,,,,,,,,,,,,,,,,,,,,,
44,3,,,,,,,97,62,53,30,182.9,2745,10801,30,0,84.5,95.0;97.5;99.5;96.5;97.5;99.0;99.0;99.5;94.0;93.0;99.0;100.0;85.0;89.0;49.5;51.0;89.5;92.0;39.0;39.0;88.5;87.0;68.5;79.5,40.99,0.07,0.01,0.12,13.441,0.0,0.0,2636.0,4,16,,,,,,,,,,,,,,,,,,,,,,,,,,,,,,,,,,,,,,,,,,,,,,,,,,,,,,,,,,,,,
44,4,,,,,,,8,1,54,28,172.3,2760,10801,30,0,53.2,64.3;64.2;72.5;77.6;69.3;71.3;82.5;84.1;73.6;76.6;93.0;79.7;50.0;52.5;21.5;20.0;36.5;48.5;12.0;13.5;31.8;35.5;21.9;23.0,41.09,0.07,0.05,0.15,13.441,0.0,292.0,390.0,4,16,,,,,,,,,,,,,,,,,,,,,,,,,,,,,,,,,,,,,,,,,,,,,,,,,,,,,,,,,,,,,
44,5,,,,,,,98,60,55,29,170.0,2745,10801,30,0,7.4,2.4;0.0;4.7;2.4;3.5;1.2;8.3;48.8;4.7;11.9;7.1;70.2;9.5;2.4;0.0;0.0;0.0;0.0;0.0;0.0;0.0;0.0;0.0;0.0,41.12,0.07,0.0,0.08,13.441,0.0,244.0,1660.0,4,16,,,,,,,,,,,,,,,,,,,,,,,,,,,,,,,,,,,,,,,,,,,,,,,,,,,,,,,,,,,,,
44,summary,0.5902884439007673,0.7881868067808203,0.44627369821712537,0.8779121863799283,0.00262938,16.2,,,,,,,,,,,,,,,,,,,,,,0,60.0,98,0,35.8,62,47,52.8,55,28,30.6,36,28.0,146.56,182.9,2295.0,9641.0,30.0,0,7.4,57.9,84.5,40.4,40.88,41.12,63.16,0.07,0.07,0.07,24.11,0.0,0.01,0.05,0.06,0.12,0.21,8.846,20.672,13.441,13.44,13.441,15.992,0.0,0.0,0.0,0.0,7226.2,18164.0,390.0,76093.4,372949.0,4,4.0,4,16,16.0,16,4,16,4.4,10.13
45,1,,,,,,,100,60,49,35,35.6,585,5001,30,0,61.9,69.7;72.4;78.1;76.1;73.2;73.9;82.1;81.5;75.5;77.1;77.6;95.2;54.8;57.1;36.4;37.8;62.5;60.6;26.4;23.9;49.7;54.0;44.6;46.2,40.47,0.07,0.0,0.21,13.441,0.0,585.0,0.0,4,16,,,,,,,,,,,,,,,,,,,,,,,,,,,,,,,,,,,,,,,,,,,,,,,,,,,,,,,,,,,,,
45,2,,,,,,,96,58,57,26,179.2,2745,10801,30,0,80.1,89.7;93.5;98.0;95.5;95.5;96.5;99.5;100.0;95.0;98.0;99.5;99.5;81.0;85.4;38.7;43.7;81.5;88.9;30.7;32.2;75.4;78.4;59.0;66.0,40.93,0.07,0.0,0.07,13.441,0.0,341.0,48.0,4,16,,,,,,,,,,,,,,,,,,,,,,,,,,,,,,,,,,,,,,,,,,,,,,,,,,,,,,,,,,,,,
45,3,,,,,,,96,58,57,30,180.0,2745,10801,30,0,84.7,90.2;96.5;98.5;97.0;98.0;99.0;98.5;100.0;94.6;96.5;100.0;100.0;86.6;89.1;54.5;58.7;93.0;92.1;39.3;42.3;82.6;85.1;64.2;76.1,41.43,0.07,0.0,0.16,13.441,0.0,1416.0,0.0,4,16,,,,,,,,,,,,,,,,,,,,,,,,,,,,,,,,,,,,,,,,,,,,,,,,,,,,,,,,,,,,,
45,4,,,,,,,87,53,52,30,179.2,2745,10801,30,0,52.3,64.5;59.4;70.1;71.6;64.1;67.0;79.2;82.2;70.6;73.6;81.7;87.3;51.8;44.7;18.8;22.2;49.0;48.2;15.2;18.3;28.4;37.4;23.4;27.8,41.24,0.07,0.06,0.09,13.441,0.0,2734.0,1367.0,4,16,,,,,,,,,,,,,,,,,,,,,,,,,,,,,,,,,,,,,,,,,,,,,,,,,,,,,,,,,,,,,
45,5,,,,,,,98,57,56,25,164.4,2745,10801,30,0,8.3,3.5;1.2;7.1;7.1;2.4;2.4;47.1;18.8;15.1;15.3;60.0;4.7;3.5;5.9;0.0;0.0;0.0;1.2;0.0;0.0;2.4;1.2;1.2;0.0,41.27,0.07,0.07,0.21,13.441,0.0,1464.0,1464.0,4,16,,,,,,,,,,,,,,,,,,,,,,,,,,,,,,,,,,,,,,,,,,,,,,,,,,,,,,,,,,,,,
45,summary,0.5862730118116056,0.7904583504978353,0.45774786480866025,0.869399641577061,0.00256496,16.1,,,,,,,,,,,,,,,,,,,,,,87,95.4,100,53,57.2,60,49,54.2,57,25,29.2,35,35.6,147.68,180.0,2313.0,9641.0,30.0,0,8.3,57.46,84.7,40.47,41.07,41.43,63.16,0.07,0.07,0.07,24.11,0.0,0.03,0.07,0.07,0.15,0.21,8.846,20.672,13.441,13.44,13.441,15.992,0.0,0.0,0.0,341.0,1308.0,2734.0,0.0,575.8,1464.0,4,4.0,4,16,16.0,16,4,16,4.45,10.03
46,1,,,,,,,0,0,48,35,27.7,480,5001,30,0,61.4,71.2;72.6;74.2;74.2;74.3;74.2;86.8;78.7;74.2;75.4;79.3;88.8;52.9;51.7;30.9;33.4;62.7;62.6;21.0;24.3;56.5;59.6;45.0;49.2,40.4,0.07,0.0,0.23,13.441,0.0,634.0,0.0,4,16,,,,,,,,,,,,,,,,,,,,,,,,,,,,,,,,,,,,,,,,,,,,,,,,,,,,,,,,,,,,,
46,2,,,,,,,96,56,54,29,180.4,2745,10801,30,0,83.4,92.3;94.6;99.0;96.1;97.6;99.0;99.5;100.0;94.1;94.7;99.5;100.0;88.3;87.8;46.8;48.8;83.4;89.3;36.1;40.5;82.5;82.0;72.6;75.2,40.78,0.07,0.0,0.03,13.441,0.0,537.0,1367.0,4,16,,,,,,,,,,,,,,,,,,,,,,,,,,,,,,,,,,,,,,,,,,,,,,,,,,,,,,,,,,,,,
46,3,,,,,,,98,61,58,28,180.7,2745,10801,30,0,83.9,96.6;96.0;97.5;97.0;98.0;98.5;99.0;98.5;97.5;98.0;100.0;100.0;90.5;92.5;50.8;56.8;91.5;92.0;33.0;30.2;83.9;81.4;65.7;68.0,41.38,0.07,0.0,0.11,13.441,0.0,585.0,1416.0,4,16,,,,,,,,,,,,,,,,,,,,,,,,,,,,,,,,,,,,,,,,,,,,,,,,,,,,,,,,,,,,,
46,4,,,,,,,97,52,55,28,156.5,2760,10801,30,0,54.9,70.4;67.3;76.4;77.7;72.3;74.0;86.6;87.9;75.3;82.1;89.7;84.4;52.5;52.2;14.3;21.1;41.7;38.8;15.7;16.1;33.2;34.5;25.6;26.3,41.23,0.07,0.0,0.09,13.441,0.0,341.0,1806.0,4,16,,,,,,,,,,,,,,,,,,,,,,,,,,,,,,,,,,,,,,,,,,,,,,,,,,,,,,,,,,,,,
46,5,,,,,,,98,59,56,31,178.2,2745,10801,30,0,7.6,5.8;1.2;6.0;3.6;2.4;1.2;10.6;62.4;7.1;9.5;18.8;50.6;0.0;2.4;0.0;0.0;0.0;0.0;0.0;0.0;0.0;0.0;0.0;0.0,41.24,0.07,0.05,0.08,13.441,0.0,1416.0,0.0,4,16,,,,,,,,,,,,,,,,,,,,,,,,,,,,,,,,,,,,,,,,,,,,,,,,,,,,,,,,,,,,,
46,summary,0.5853696848622939,0.7918243857699153,0.45805470289722566,0.8688172043010752,0.00249990,16.3,,,,,,,,,,,,,,,,,,,,,,0,77.8,98,0,45.6,61,48,54.2,58,28,30.2,35,27.7,144.7,180.7,2295.0,9641.0,30.0,0,7.6,58.24,83.9,40.4,41.01,41.38,63.16,0.07,0.07,0.07,24.11,0.0,0.01,0.05,0.03,0.11,0.23,8.846,20.672,13.441,13.44,13.441,15.992,0.0,0.0,0.0,341.0,702.6,1416.0,0.0,917.8,1806.0,4,4.0,4,16,16.0,16,4,16,4.48,10.14
47,1,,,,,,,0,0,48,34,28.7,645,5001,30,0,58.4,69.6;67.4;73.1;71.2;71.2;71.8;77.2;81.9;70.3;69.7;83.5;84.8;57.4;54.4;29.1;25.3;55.4;59.1;21.2;23.1;53.2;53.3;38.8;39.9,40.85,0.07,0.0,0.23,13.441,0.0,1806.0,0.0,4,16,,,,,,,,,,,,,,,,,,,,,,,,,,,,,,,,,,,,,,,,,,,,,,,,,,,,,,,,,,,,,
47,2,,,,,,,96,63,55,30,157.1,2745,10801,30,0,84.1,93.2;93.6;97.9;94.8;97.9;97.0;99.1;99.6;97.9;99.6;100.0;100.0;90.1;91.0;47.0;56.4;90.1;91.8;37.1;36.6;81.9;87.1;66.5;71.2,40.79,0.07,0.0,0.06,13.441,0.0,1660.0,0.0,4,16,,,,,,,,,,,,,,,,,,,,,,,,,,,,,,,,,,,,,,,,,,,,,,,,,,,,,,,,,,,,,
47,3,,,,,,,91,50,55,27,179.3,2745,10801,30,0,83.1,96.6;95.2;96.5;94.4;97.8;97.8;100.0;99.1;97.8;99.1;100.0;100.0;87.4;88.7;42.6;47.0;91.7;93.0;27.8;29.9;77.2;82.6;69.4;81.7,41.67,0.07,0.0,0.07,13.441,0.0,292.0,1416.0,4,16,,,,,,,,,,,,,,,,,,,,,,,,,,,,,,,,,,,,,,,,,,,,,,,,,,,,,,,,,,,,,
47,4,,,,,,,98,57,55,30,179.1,2745,10801,30,0,50.3,59.0;59.3;73.6;72.5;68.9;70.6;87.0;83.9;75.6;77.2;87.0;84.5;42.5;43.5;11.4;17.6;34.2;40.4;10.9;13.5;26.3;27.5;19.7;20.2,41.21,0.07,0.04,0.08,13.441,0.0,585.0,195.0,4,16,,,,,,,,,,,,,,,,,,,,,,,,,,,,,,,,,,,,,,,,,,,,,,,,,,,,,,,,,,,,,
47,5,,,,,,,89,47,56,27,181.5,2745,10801,30,0,7.6,3.6;8.3;5.9;2.4;1.2;1.2;42.9;32.1;4.8;7.1;48.2;23.5;0.0;1.2;0.0;0.0;0.0;0.0;0.0;0.0;0.0;0.0;0.0;0.0,41.25,0.07,0.0,0.17,13.441,0.0,537.0,1611.0,4,16,,,,,,,,,,,,,,,,,,,,,,,,,,,,,,,,,,,,,,,,,,,,,,,,,,,,,,,,,,,,,
47,summary,0.5800223080578966,0.7939987719284609,0.4728990811814544,0.8574820788530466,0.00243428,16.4,,,,,,,,,,,,,,,,,,,,,,0,74.8,98,0,43.4,63,48,53.8,56,27,29.6,34,28.7,145.14,181.5,2325.0,9641.0,30.0,0,7.6,56.7,84.1,40.79,41.15,41.67,63.16,0.07,0.07,0.07,24.11,0.0,0.01,0.04,0.06,0.12,0.23,8.846,20.672,13.441,13.44,13.441,15.992,0.0,0.0,0.0,292.0,976.0,1806.0,0.0,644.4,1611.0,4,4.0,4,16,16.0,16,4,16,4.56,10.2
48,1,,,,,,,59,19,48,35,30.2,465,5001,30,0,60.8,70.4;72.2;75.5;75.7;74.3;72.8;82.6;86.3;75.2;74.9;87.2;82.5;61.1;59.1;31.0;28.7;61.0;62.3;21.6;18.0;53.6;54.2;38.6;41.3,40.42,0.07,0.0,0.23,13.441,0.0,48.0,8837.0,4,16,,,,,,,,,,,,,,,,,,,,,,,,,,,,,,,,,,,,,,,,,,,,,,,,,,,,,,,,,,,,,
48,2,,,,,,,95,50,55,31,176.3,2745,10801,30,0,83.4,90.3;92.6;98.5;98.5;98.0;98.5;99.5;100.0;94.6;98.5;99.5;99.5;87.6;88.7;45.5;50.5;92.1;92.1;40.4;36.1;77.7;86.6;61.9;73.8,40.83,0.07,0.0,0.07,13.441,0.0,2832.0,0.0,4,16,,,,,,,,,,,,,,,,,,,,,,,,,,,,,,,,,,,,,,,,,,,,,,,,,,,,,,,,,,,,,
48,3,,,,,,,92,49,54,31,180.4,2745,10801,30,0,84.2,90.6;96.7;98.1;97.6;97.6;98.6;98.6;100.0;97.6;99.5;100.0;100.0;90.9;92.8;48.1;48.6;94.2;92.8;37.5;36.5;80.8;84.1;68.3;72.1,41.02,0.07,0.0,0.08,13.441,0.0,0.0,1367.0,4,16,,,,,,,,,,,,,,,,,,,,,,,,,,,,,,,,,,,,,,,,,,,,,,,,,,,,,,,,,,,,,
48,4,,,,,,,98,51,56,29,175.0,2745,10801,30,0,55.3,65.8;67.0;77.7;76.6;74.6;75.1;84.8;86.8;76.6;81.2;89.8;94.4;60.1;55.3;14.7;17.8;49.5;43.1;13.7;13.7;29.3;31.5;22.8;24.4,41.23,0.07,0.0,0.11,13.441,0.0,1123.0,1367.0,4,16,,,,,,,,,,,,,,,,,,,,,,,,,,,,,,,,,,,,,,,,,,,,,,,,,,,,,,,,,,,,,
48,5,,,,,,,98,57,57,27,183.2,2745,10801,30,0,8.3,5.7;0.0;3.4;6.8;1.1;1.2;17.0;56.8;9.2;8.0;10.3;60.9;8.0;2.3;0.0;2.3;1.2;0.0;0.0;0.0;2.3;0.0;0.0;0.0,41.26,0.07,0.0,0.07,13.441,0.0,244.0,1367.0,4,16,,,,,,,,,,,,,,,,,,,,,,,,,,,,,,,,,,,,,,,,,,,,,,,,,,,,,,,,,,,,,
48,summary,0.5775106912764375,0.7952637633397328,0.44270194256177514,0.8723118279569892,0.00236816,16.1,,,,,,,,,,,,,,,,,,,,,,59,88.4,98,19,45.2,57,48,54.0,57,27,30.6,35,30.2,149.02,183.2,2289.0,9641.0,30.0,0,8.3,58.4,84.2,40.42,40.95,41.26,63.16,0.07,0.07,0.07,24.11,0.0,0.0,0.0,0.07,0.11,0.23,8.846,20.672,13.441,13.44,13.441,15.992,0.0,0.0,0.0,0.0,849.4,2832.0,0.0,2587.6,8837.0,4,4.0,4,16,16.0,16,4,16,4.33,10.04
49,1,,,,,,,0,0,48,35,28.1,450,5001,30,0,61.0,71.3;73.8;76.1;76.6;75.4;76.1;78.7;83.4;72.9;73.4;79.0;95.6;54.1;50.6;30.0;32.6;63.0;63.6;24.5;25.0;51.8;50.4;43.4;43.9,40.5,0.07,0.0,0.25,13.441,0.0,0.0,1757.0,4,16,,,,,,,,,,,,,,,,,,,,,,,,,,,,,,,,,,,,,,,,,,,,,,,,,,,,,,,,,,,,,
49,2,,,,,,,96,54,58,29,176.4,2745,10801,30,0,80.2,92.0;91.8;95.7;98.1;96.1;97.6;99.5;100.0;93.8;97.6;100.0;100.0;84.5;79.2;44.0;38.5;91.8;89.4;28.0;30.0;77.0;73.4;58.9;68.8,40.87,0.07,0.0,0.09,13.441,0.0,1416.0,97.0,4,16,,,,,,,,,,,,,,,,,,,,,,,,,,,,,,,,,,,,,,,,,,,,,,,,,,,,,,,,,,,,,
49,3,,,,,,,96,54,56,29,181.6,2745,10801,30,0,84.6,95.1;96.4;98.0;94.4;98.5;99.5;100.0;100.0;98.5;99.0;99.5;100.0;90.8;94.4;45.9;57.1;88.3;90.8;37.6;42.1;77.6;85.3;66.2;75.3,41.5,0.07,0.21,0.2,13.441,0.0,341.0,1416.0,4,16,,,,,,,,,,,,,,,,,,,,,,,,,,,,,,,,,,,,,,,,,,,,,,,,,,,,,,,,,,,,,
49,4,,,,,,,1,0,51,29,153.0,2745,10801,30,0,54.5,69.0;74.1;72.5;74.3;69.0;72.0;81.0;81.5;70.6;74.9;90.5;84.8;57.1;57.1;16.7;17.1;48.6;53.3;13.8;16.7;35.2;30.0;22.9;23.7,41.25,0.07,0.02,0.05,13.441,0.0,341.0,4882.0,4,16,,,,,,,,,,,,,,,,,,,,,,,,,,,,,,,,,,,,,,,,,,,,,,,,,,,,,,,,,,,,,
49,5,,,,,,,98,54,55,27,161.5,2745,10801,30,0,6.5,3.6;3.6;1.2;4.8;1.2;2.4;28.2;21.4;4.8;3.6;45.9;31.8;1.2;2.4;0.0;0.0;0.0;0.0;0.0;0.0;0.0;0.0;0.0;0.0,41.28,0.07,0.0,0.13,13.441,0.0,12451.0,105810.0,4,16,,,,,,,,,,,,,,,,,,,,,,,,,,,,,,,,,,,,,,,,,,,,,,,,,,,,,,,,,,,,,
49,summary,0.5732539468352625,0.7980288674537724,0.440494966506958,0.8776881720430108,0.00230162,16.2,,,,,,,,,,,,,,,,,,,,,,0,58.2,98,0,32.4,54,48,53.6,58,27,29.8,35,28.1,140.12,181.6,2286.0,9641.0,30.0,0,6.5,57.36,84.6,40.5,41.08,41.5,63.16,0.07,0.07,0.07,24.11,0.0,0.05,0.21,0.05,0.14,0.25,8.846,20.672,13.441,13.44,13.441,15.992,0.0,0.0,0.0,0.0,2909.8,12451.0,97.0,22792.4,105810.0,4,4.0,4,16,16.0,16,4,16,4.64,9.94
50,1,,,,,,,0,0,48,34,28.8,585,5001,30,0,60.9,65.5;68.6;75.0;74.5;70.9;73.1;86.7;83.1;70.3;71.2;82.2;81.9;54.6;57.0;31.6;33.0;63.8;63.5;27.3;24.1;54.3;56.7;43.4;48.8,40.5,0.07,0.02,0.49,13.441,0.0,244.0,1416.0,4,16,,,,,,,,,,,,,,,,,,,,,,,,,,,,,,,,,,,,,,,,,,,,,,,,,,,,,,,,,,,,,
50,2,,,,,,,96,52,56,29,176.9,2745,10801,30,0,84.1,92.0;95.4;96.5;97.0;96.4;97.5;100.0;99.5;96.4;97.5;99.5;100.0;91.4;90.9;49.2;59.4;88.3;93.4;35.0;36.0;80.7;87.3;67.0;70.7,40.72,0.07,0.0,0.06,13.441,0.0,244.0,1416.0,4,16,,,,,,,,,,,,,,,,,,,,,,,,,,,,,,,,,,,,,,,,,,,,,,,,,,,,,,,,,,,,,
50,3,,,,,,,94,54,56,30,181.8,2745,10801,30,0,84.0,93.6;95.5;99.0;96.0;96.0;98.0;99.0;100.0;95.5;99.0;100.0;100.0;93.5;90.5;47.0;47.0;93.5;91.5;39.7;37.7;80.9;83.1;58.5;81.9,41.11,0.07,0.0,0.15,13.441,0.0,585.0,0.0,4,16,,,,,,,,,,,,,,,,,,,,,,,,,,,,,,,,,,,,,,,,,,,,,,,,,,,,,,,,,,,,,
50,4,,,,,,,71,51,54,27,167.7,2745,10801,30,0,57.7,70.6;72.8;77.9;78.9;74.6;77.5;88.8;88.3;77.5;82.7;86.4;94.4;58.2;64.8;15.9;14.1;51.6;64.3;17.2;13.6;29.9;38.8;22.4;23.9,41.28,0.07,0.0,0.05,13.441,0.0,537.0,1708.0,4,16,,,,,,,,,,,,,,,,,,,,,,,,,,,,,,,,,,,,,,,,,,,,,,,,,,,,,,,,,,,,,
50,5,,,,,,,98,53,57,28,163.0,2745,10801,30,0,7.7,6.0;0.0;0.0;3.6;0.0;3.6;3.6;79.5;7.2;10.8;10.8;49.4;1.2;8.4;0.0;0.0;0.0;0.0;0.0;0.0;0.0;0.0;0.0;0.0,41.3,0.07,0.0,0.08,13.441,0.0,0.0,1416.0,4,16,,,,,,,,,,,,,,,,,,,,,,,,,,,,,,,,,,,,,,,,,,,,,,,,,,,,,,,,,,,,,
50,summary,0.5719877260900639,0.7987905827121726,0.4330266623086827,0.8706093189964158,0.00223473,15.9,,,,,,,,,,,,,,,,,,,,,,0,71.8,98,0,42.0,54,48,54.2,57,27,29.6,34,28.8,143.64,181.8,2313.0,9641.0,30.0,0,7.7,58.88,84.1,40.5,40.98,41.3,63.16,0.07,0.07,0.07,24.11,0.0,0.0,0.02,0.05,0.17,0.49,8.846,20.672,13.441,13.44,13.441,15.992,0.0,0.0,0.0,0.0,322.0,585.0,0.0,1191.2,1708.0,4,4.0,4,16,16.0,16,4,16,4.33,9.93
51,1,,,,,,,100,55,49,35,33.6,2565,10801,30,0,62.1,69.9;70.8;76.3;76.4;74.3;73.4;93.5;84.2;74.0;74.6;79.2;79.8;55.9;60.1;35.7;34.4;61.3;61.6;31.1;28.9;53.6;54.9;42.4;44.8,40.46,0.07,0.0,0.31,13.441,0.0,341.0,7812.0,4,16,,,,,,,,,,,,,,,,,,,,,,,,,,,,,,,,,,,,,,,,,,,,,,,,,,,,,,,,,,,,,
51,2,,,,,,,95,52,54,30,179.0,2745,10801,30,0,80.3,93.7;88.6;98.0;94.5;98.5;97.0;100.0;100.0;98.0;99.0;100.0;99.5;87.6;88.6;42.8;39.3;83.6;88.1;30.7;20.8;71.6;78.6;58.7;70.9,40.84,0.07,0.0,0.02,13.441,0.0,0.0,75292.0,4,16,,,,,,,,,,,,,,,,,,,,,,,,,,,,,,,,,,,,,,,,,,,,,,,,,,,,,,,,,,,,,
51,3,,,,,,,97,50,56,26,178.9,2745,10801,30,0,84.5,93.1;97.0;98.5;96.5;97.5;97.5;99.5;99.5;97.0;98.5;100.0;100.0;88.0;90.5;48.5;56.2;90.5;94.5;38.0;36.8;83.5;89.0;61.0;77.1,41.46,0.07,0.0,0.09,13.441,0.0,830.0,1269.0,4,16,,,,,,,,,,,,,,,,,,,,,,,,,,,,,,,,,,,,,,,,,,,,,,,,,,,,,,,,,,,,,
51,4,,,,,,,98,55,55,25,163.7,2745,10801,30,0,54.7,66.0;65.9;77.1;75.1;72.2;72.2;85.9;82.9;78.5;76.6;85.9;86.8;64.1;55.6;15.5;17.1;47.3;51.0;15.1;16.1;35.6;29.8;21.0;20.5,41.22,0.07,0.02,0.12,13.441,0.0,585.0,195.0,4,16,,,,,,,,,,,,,,,,,,,,,,,,,,,,,,,,,,,,,,,,,,,,,,,,,,,,,,,,,,,,,
51,5,,,,,,,98,62,59,29,161.5,2745,10801,30,0,8.8,5.9;1.2;3.6;10.6;3.6;6.0;40.7;29.4;9.4;9.4;60.5;19.0;0.0;2.4;1.2;1.2;1.2;0.0;0.0;1.2;1.2;1.2;0.0;1.2,41.24,0.07,0.0,0.08,13.441,0.0,0.0,2099.0,4,16,,,,,,,,,,,,,,,,,,,,,,,,,,,,,,,,,,,,,,,,,,,,,,,,,,,,,,,,,,,,,
51,summary,0.5700454213708424,0.800028370007073,0.4290069787305743,0.8864695340501793,0.00216758,16.2,,,,,,,,,,,,,,,,,,,,,,95,97.6,100,50,54.8,62,49,54.6,59,25,29.0,35,33.6,143.34,179.0,2709.0,10801.0,30.0,0,8.8,58.08,84.5,40.46,41.04,41.46,63.16,0.07,0.07,0.07,24.11,0.0,0.0,0.02,0.02,0.12,0.31,8.846,20.672,13.441,13.44,13.441,15.992,0.0,0.0,0.0,0.0,351.2,830.0,195.0,17333.4,75292.0,4,4.0,4,16,16.0,16,4,16,4.55,9.96
52,1,,,,,,,100,66,49,34,35.6,675,5001,30,0,62.2,69.1;71.1;76.9;75.1;73.8;75.5;81.6;84.4;74.4;74.9;78.1;92.1;56.7;56.0;34.6;34.8;60.2;63.2;30.7;32.6;52.9;51.8;43.3;48.4,40.57,0.07,0.0,0.3,13.441,0.0,0.0,1464.0,4,16,,,,,,,,,,,,,,,,,,,,,,,,,,,,,,,,,,,,,,,,,,,,,,,,,,,,,,,,,,,,,
52,2,,,,,,,97,62,56,30,181.7,2745,10801,30,0,80.5,94.2;93.1;99.5;97.5;97.0;97.5;99.5;100.0;97.5;94.6;100.0;100.0;87.7;87.3;40.9;34.5;83.3;81.3;34.5;25.6;75.5;80.8;58.3;71.9,40.92,0.07,0.0,0.13,13.441,0.0,390.0,7568.0,4,16,,,,,,,,,,,,,,,,,,,,,,,,,,,,,,,,,,,,,,,,,,,,,,,,,,,,,,,,,,,,,
52,3,,,,,,,96,57,59,29,180.4,2745,10801,30,0,84.6,92.6;93.5;99.0;97.5;98.0;99.0;100.0;100.0;96.6;97.5;100.0;100.0;92.5;90.1;50.7;53.2;88.1;89.1;42.8;42.3;80.1;87.7;59.4;79.8,41.41,0.07,0.0,0.09,13.441,0.0,12402.0,35009.0,4,16,,,,,,,,,,,,,,,,,,,,,,,,,,,,,,,,,,,,,,,,,,,,,,,,,,,,,,,,,,,,,
52,4,,,,,,,98,58,55,25,168.8,2745,10801,30,0,53.5,75.7;66.0;73.8;72.6;71.5;71.6;82.7;84.5;75.0;75.5;86.5;87.0;54.0;56.0;17.0;16.0;38.5;53.5;11.5;16.9;25.5;29.5;19.0;23.5,41.21,0.07,0.0,0.14,13.441,0.0,1367.0,1416.0,4,16,,,,,,,,,,,,,,,,,,,,,,,,,,,,,,,,,,,,,,,,,,,,,,,,,,,,,,,,,,,,,
52,5,,,,,,,98,63,58,28,163.7,2745,10801,30,0,8.5,7.1;1.2;4.8;7.2;2.4;4.8;42.2;33.7;4.8;9.4;31.3;41.0;1.2;0.0;0.0;2.4;0.0;1.2;1.2;1.2;2.4;4.8;0.0;0.0,41.25,0.07,0.0,0.13,13.441,0.0,976.0,244.0,4,16,,,,,,,,,,,,,,,,,,,,,,,,,,,,,,,,,,,,,,,,,,,,,,,,,,,,,,,,,,,,,
52,summary,0.5681466818207004,0.8007376201838998,0.41752516588857097,0.8860663082437276,0.00210024,16.4,,,,,,,,,,,,,,,,,,,,,,96,97.8,100,57,61.2,66,49,55.4,59,25,29.2,34,35.6,146.04,181.7,2331.0,9641.0,30.0,0,8.5,57.86,84.6,40.57,41.07,41.41,63.16,0.07,0.07,0.07,24.11,0.0,0.0,0.0,0.09,0.16,0.3,8.846,20.672,13.441,13.44,13.441,15.992,0.0,0.0,0.0,0.0,3027.0,12402.0,244.0,9140.2,35009.0,4,4.0,4,16,16.0,16,4,16,4.64,10.1
53,1,,,,,,,62,25,50,35,30.4,600,5001,30,0,58.7,64.2;64.0;72.9;72.6;71.7;72.0;86.6;88.9;75.5;73.6;80.9;75.2;58.3;56.4;28.3;27.9;58.3;60.2;21.3;18.2;49.5;51.9;39.2;41.1,40.75,0.07,0.0,0.28,13.441,0.0,537.0,1416.0,4,16,,,,,,,,,,,,,,,,,,,,,,,,,,,,,,,,,,,,,,,,,,,,,,,,,,,,,,,,,,,,,
53,2,,,,,,,96,54,55,26,127.9,2760,10801,30,0,85.4,89.3;88.5;98.3;96.2;97.0;97.5;99.6;100.0;96.2;97.9;99.6;100.0;83.4;82.1;60.7;61.1;88.9;91.1;57.0;54.7;74.1;85.5;71.5;79.9,40.83,0.07,0.0,0.05,13.441,0.0,0.0,2246.0,4,16,,,,,,,,,,,,,,,,,,,,,,,,,,,,,,,,,,,,,,,,,,,,,,,,,,,,,,,,,,,,,
53,3,,,,,,,79,43,55,25,179.1,2745,10801,30,0,83.4,90.7;92.2;98.0;95.6;97.5;99.0;99.5;99.5;98.0;99.0;100.0;100.0;89.7;92.6;46.3;47.5;89.3;88.8;43.6;35.3;80.6;80.9;60.8;77.0,41.2,0.07,0.0,0.09,13.441,0.0,0.0,1367.0,4,16,,,,,,,,,,,,,,,,,,,,,,,,,,,,,,,,,,,,,,,,,,,,,,,,,,,,,,,,,,,,,
53,4,,,,,,,64,36,56,28,177.5,2745,10801,30,0,58.0,64.5;69.4;78.1;76.0;77.0;80.1;85.2;87.2;79.6;83.8;96.4;87.8;54.6;63.5;23.5;26.0;45.7;45.9;20.4;21.4;38.7;38.1;23.0;26.0,41.23,0.07,0.0,0.07,13.441,0.0,537.0,1367.0,4,16,,,,,,,,,,,,,,,,,,,,,,,,,,,,,,,,,,,,,,,,,,,,,,,,,,,,,,,,,,,,,
53,5,,,,,,,98,62,56,30,159.9,2745,10801,30,0,7.3,1.2;6.0;2.4;2.4;1.2;1.2;6.0;44.0;11.9;11.9;21.4;51.2;8.3;7.1;0.0;0.0;0.0;0.0;0.0;0.0;0.0;0.0;0.0;0.0,41.26,0.07,0.0,0.15,13.441,0.0,292.0,0.0,4,16,,,,,,,,,,,,,,,,,,,,,,,,,,,,,,,,,,,,,,,,,,,,,,,,,,,,,,,,,,,,,
53,summary,0.5652452827994491,0.8026108179111903,0.45646628921177224,0.8630376344086022,0.00203278,16.1,,,,,,,,,,,,,,,,,,,,,,62,79.8,98,25,44.0,62,50,54.4,56,25,28.8,35,30.4,134.96,179.1,2319.0,9641.0,30.0,0,7.3,58.56,85.4,40.75,41.05,41.26,63.16,0.07,0.07,0.07,24.11,0.0,0.0,0.0,0.05,0.13,0.28,8.846,20.672,13.441,13.44,13.441,15.992,0.0,0.0,0.0,0.0,273.2,537.0,0.0,1279.2,2246.0,4,4.0,4,16,16.0,16,4,16,4.41,10.06
54,1,,,,,,,0,0,48,35,28.0,450,5001,30,0,61.5,66.9;65.9;73.8;74.7;74.1;75.8;79.7;84.6;73.8;74.1;90.7;84.0;57.3;55.8;31.6;32.0;64.8;65.3;24.2;21.9;56.3;57.7;42.7;49.0,40.49,0.07,0.0,0.22,13.441,0.0,10156.0,113818.0,4,16,,,,,,,,,,,,,,,,,,,,,,,,,,,,,,,,,,,,,,,,,,,,,,,,,,,,,,,,,,,,,
54,2,,,,,,,95,52,59,29,173.7,2745,10801,30,0,82.7,88.7;86.9;96.5;97.5;95.5;99.0;99.5;100.0;98.0;99.0;100.0;99.5;84.7;85.6;48.2;50.8;87.4;91.0;41.7;40.2;76.4;79.5;65.8;71.9,40.88,0.07,0.0,0.1,13.441,0.0,3222.0,1416.0,4,16,,,,,,,,,,,,,,,,,,,,,,,,,,,,,,,,,,,,,,,,,,,,,,,,,,,,,,,,,,,,,
54,3,,,,,,,99,63,56,28,183.0,2745,10801,30,0,84.4,92.0;93.2;97.1;96.6;99.0;99.5;99.5;99.5;100.0;98.5;99.5;100.0;90.3;89.8;45.1;49.5;92.8;92.3;39.8;41.7;83.5;83.5;64.3;76.7,41.83,0.07,0.0,0.08,13.441,0.0,292.0,9912.0,4,16,,,,,,,,,,,,,,,,,,,,,,,,,,,,,,,,,,,,,,,,,,,,,,,,,,,,,,,,,,,,,
54,4,,,,,,,97,61,57,30,176.9,2745,10801,30,0,53.6,67.5;69.3;74.2;73.7;69.7;73.7;83.3;78.8;69.8;73.7;89.4;84.8;57.6;57.6;17.1;23.7;50.0;49.7;13.6;12.6;26.3;29.8;19.7;20.2,41.23,0.07,0.03,0.09,13.441,0.0,244.0,1464.0,4,16,,,,,,,,,,,,,,,,,,,,,,,,,,,,,,,,,,,,,,,,,,,,,,,,,,,,,,,,,,,,,
54,5,,,,,,,98,55,57,26,177.6,2745,10801,30,0,8.0,4.7;0.0;1.2;4.8;2.4;3.6;61.9;17.9;4.8;6.0;29.8;36.9;14.5;2.4;0.0;0.0;0.0;1.2;0.0;0.0;0.0;0.0;1.2;0.0,41.26,0.07,0.0,0.05,13.441,0.0,292.0,0.0,4,16,,,,,,,,,,,,,,,,,,,,,,,,,,,,,,,,,,,,,,,,,,,,,,,,,,,,,,,,,,,,,
54,summary,0.5624760812852367,0.8046433540343705,0.420741628681887,0.8823476702508961,0.00196529,16.1,,,,,,,,,,,,,,,,,,,,,,0,77.8,99,0,46.2,63,48,55.4,59,26,29.6,35,28.0,147.84,183.0,2286.0,9641.0,30.0,0,8.0,58.04,84.4,40.49,41.14,41.83,63.16,0.07,0.07,0.07,24.11,0.0,0.01,0.03,0.05,0.11,0.22,8.846,20.672,13.441,13.44,13.441,15.992,0.0,0.0,0.0,244.0,2841.2,10156.0,0.0,25322.0,113818.0,4,4.0,4,16,16.0,16,4,16,4.35,10.09
55,1,,,,,,,75,30,50,32,30.7,540,5001,30,0,60.2,68.4;66.8;75.2;75.5;74.5;75.0;80.2;79.7;75.2;76.1;90.0;84.9;55.0;56.7;27.3;29.0;56.7;58.2;24.2;21.5;49.1;53.0;45.3;47.4,40.49,0.07,0.0,0.3,13.441,0.0,292.0,1367.0,4,16,,,,,,,,,,,,,,,,,,,,,,,,,,,,,,,,,,,,,,,,,,,,,,,,,,,,,,,,,,,,,
55,2,,,,,,,96,51,55,27,142.1,2745,10801,30,0,82.9,89.4;91.4;96.8;95.9;98.2;99.1;100.0;100.0;96.4;99.1;100.0;99.5;90.1;91.4;47.5;51.6;87.3;93.7;32.6;27.0;80.6;83.7;68.0;70.7,40.92,0.07,0.0,0.05,13.441,0.0,1220.0,97.0,4,16,,,,,,,,,,,,,,,,,,,,,,,,,,,,,,,,,,,,,,,,,,,,,,,,,,,,,,,,,,,,,
55,3,,,,,,,100,61,58,27,181.5,2745,10801,30,0,83.9,92.1;94.5;97.0;92.5;99.0;97.0;99.0;98.0;97.5;99.0;100.0;100.0;89.0;90.0;46.3;50.2;90.0;93.0;36.5;35.5;85.5;82.0;70.0;79.5,41.76,0.07,0.0,0.06,13.441,0.0,2587.0,0.0,4,16,,,,,,,,,,,,,,,,,,,,,,,,,,,,,,,,,,,,,,,,,,,,,,,,,,,,,,,,,,,,,
55,4,,,,,,,98,64,57,26,172.4,2745,10801,30,0,51.7,63.4;64.7;73.4;72.5;68.3;68.9;80.5;87.2;73.4;75.7;83.5;83.0;58.4;62.1;16.1;13.8;48.9;48.2;7.3;8.7;21.1;29.2;15.6;17.0,41.24,0.07,0.0,0.08,13.441,0.0,341.0,97.0,4,16,,,,,,,,,,,,,,,,,,,,,,,,,,,,,,,,,,,,,,,,,,,,,,,,,,,,,,,,,,,,,
55,5,,,,,,,98,61,57,28,183.4,2745,10801,30,0,7.1,5.7;2.4;1.2;2.4;2.4;0.0;21.2;36.5;9.4;4.7;10.6;71.8;0.0;0.0;0.0;0.0;1.2;0.0;0.0;0.0;1.2;0.0;0.0;0.0,41.27,0.07,0.0,0.05,13.441,0.0,585.0,0.0,4,16,,,,,,,,,,,,,,,,,,,,,,,,,,,,,,,,,,,,,,,,,,,,,,,,,,,,,,,,,,,,,
55,summary,0.5623899090471398,0.8040429203230295,0.4133580342843114,0.8941308243727598,0.00189784,16.5,,,,,,,,,,,,,,,,,,,,,,75,93.4,100,30,53.4,64,50,55.4,58,26,28.0,32,30.7,142.02,183.4,2304.0,9641.0,30.0,0,7.1,57.16,83.9,40.49,41.14,41.76,63.16,0.07,0.07,0.07,24.11,0.0,0.0,0.0,0.05,0.11,0.3,8.846,20.672,13.441,13.44,13.441,15.992,0.0,0.0,0.0,292.0,1005.0,2587.0,0.0,312.2,1367.0,4,4.0,4,16,16.0,16,4,16,4.84,9.96
56,1,,,,,,,100,57,49,34,33.3,435,5001,30,0,62.1,66.6;68.8;76.0;75.8;75.3;76.2;80.6;91.6;74.7;76.0;85.8;79.1;57.9;59.2;32.2;34.4;62.8;64.2;24.4;28.1;55.6;56.5;43.1;46.5,40.59,0.07,0.0,0.3,13.441,0.0,341.0,1416.0,4,16,,,,,,,,,,,,,,,,,,,,,,,,,,,,,,,,,,,,,,,,,,,,,,,,,,,,,,,,,,,,,
56,2,,,,,,,96,57,56,29,180.0,2745,10801,30,0,80.1,89.9;91.1;96.1;93.6;96.0;99.0;98.5;99.5;96.5;94.1;100.0;100.0;87.2;84.2;35.1;41.1;82.2;91.1;30.2;25.2;80.7;83.7;59.4;66.3,40.98,0.07,0.0,0.03,13.441,0.0,0.0,8447.0,4,16,,,,,,,,,,,,,,,,,,,,,,,,,,,,,,,,,,,,,,,,,,,,,,,,,,,,,,,,,,,,,
56,3,,,,,,,96,52,55,29,182.4,2745,10801,30,0,84.7,93.1;92.0;100.0;95.5;97.5;98.0;100.0;98.0;98.0;97.5;99.5;100.0;88.9;88.4;53.8;56.8;92.5;92.0;42.7;36.5;83.6;76.9;70.9;79.4,41.61,0.07,0.0,0.56,13.441,0.0,1123.0,3173.0,4,16,,,,,,,,,,,,,,,,,,,,,,,,,,,,,,,,,,,,,,,,,,,,,,,,,,,,,,,,,,,,,
56,4,,,,,,,83,46,55,31,180.7,2745,10801,30,0,54.4,69.0;63.1;74.7;77.8;71.7;71.7;82.6;79.8;75.9;76.3;94.4;86.9;57.8;52.0;15.2;20.7;49.5;50.0;15.2;15.7;28.3;33.8;20.7;22.7,41.26,0.07,0.0,0.07,13.441,0.0,0.0,1464.0,4,16,,,,,,,,,,,,,,,,,,,,,,,,,,,,,,,,,,,,,,,,,,,,,,,,,,,,,,,,,,,,,
56,5,,,,,,,98,60,59,27,160.5,2745,10801,30,0,6.5,2.4;3.6;0.0;2.4;1.2;1.2;42.9;20.2;6.0;1.2;48.8;16.7;8.2;1.2;0.0;0.0;1.2;0.0;0.0;0.0;0.0;0.0;0.0;0.0,41.3,0.07,0.05,0.11,13.441,0.0,585.0,0.0,4,16,,,,,,,,,,,,,,,,,,,,,,,,,,,,,,,,,,,,,,,,,,,,,,,,,,,,,,,,,,,,,
56,summary,0.5599126575791964,0.8050106096053848,0.4172676696999526,0.8906362007168459,0.00183050,16.3,,,,,,,,,,,,,,,,,,,,,,83,94.6,100,46,54.4,60,49,54.8,59,27,30.0,34,33.3,147.38,182.4,2283.0,9641.0,30.0,0,6.5,57.56,84.7,40.59,41.15,41.61,63.16,0.07,0.07,0.07,24.11,0.0,0.01,0.05,0.03,0.21,0.56,8.846,20.672,13.441,13.44,13.441,15.992,0.0,0.0,0.0,0.0,409.8,1123.0,0.0,2900.0,8447.0,4,4.0,4,16,16.0,16,4,16,4.52,10.09
57,1,,,,,,,100,68,49,35,37.5,810,5001,30,0,59.6,64.6;65.7;74.5;74.2;73.1;73.0;92.9;76.0;72.7;73.6;82.6;78.3;54.3;57.3;29.3;30.8;57.9;57.9;27.0;24.3;53.3;52.8;40.9;43.3,40.33,0.07,0.0,0.26,13.441,0.0,341.0,0.0,4,16,,,,,,,,,,,,,,,,,,,,,,,,,,,,,,,,,,,,,,,,,,,,,,,,,,,,,,,,,,,,,
57,2,,,,,,,96,54,55,27,166.4,2745,10801,30,0,84.6,93.3;92.8;97.6;99.0;97.1;99.5;100.0;100.0;97.1;97.1;100.0;99.5;87.8;84.4;52.2;54.1;87.9;89.8;45.9;41.5;77.6;88.3;75.1;71.2,40.78,0.07,0.0,0.45,13.441,0.0,1562.0,1806.0,4,16,,,,,,,,,,,,,,,,,,,,,,,,,,,,,,,,,,,,,,,,,,,,,,,,,,,,,,,,,,,,,
57,3,,,,,,,96,61,58,30,184.1,2745,10801,30,0,84.5,92.9;92.6;98.0;95.0;93.6;96.5;99.5;99.0;96.1;98.5;99.5;100.0;92.5;90.0;55.2;50.7;92.0;89.1;44.6;48.8;81.1;81.1;68.2;73.4,41.37,0.07,0.05,0.21,13.441,0.0,12109.0,17480.0,4,16,,,,,,,,,,,,,,,,,,,,,,,,,,,,,,,,,,,,,,,,,,,,,,,,,,,,,,,,,,,,,
57,4,,,,,,,93,62,55,29,156.7,2760,10801,30,0,55.9,70.8;69.4;78.9;78.5;72.9;73.8;85.2;90.0;76.6;78.0;90.9;87.6;54.5;50.2;17.1;17.2;50.7;51.2;21.9;13.4;31.3;32.5;27.5;22.4,41.23,0.07,0.02,0.1,13.441,0.0,37451.0,2148.0,4,16,,,,,,,,,,,,,,,,,,,,,,,,,,,,,,,,,,,,,,,,,,,,,,,,,,,,,,,,,,,,,
57,5,,,,,,,98,63,58,27,184.5,2745,10801,30,0,8.0,9.4;11.9;3.6;4.8;2.4;1.2;25.9;55.4;3.6;7.1;24.1;35.7;1.2;4.8;0.0;0.0;0.0;0.0;0.0;0.0;0.0;0.0;0.0;0.0,41.26,0.07,0.0,0.11,13.441,0.0,244.0,1464.0,4,16,,,,,,,,,,,,,,,,,,,,,,,,,,,,,,,,,,,,,,,,,,,,,,,,,,,,,,,,,,,,,
57,summary,0.5573296752073266,0.8074822978928469,0.4542476047538087,0.8662186379928315,0.00176336,16.1,,,,,,,,,,,,,,,,,,,,,,93,96.6,100,54,61.6,68,49,55.0,58,27,29.6,35,37.5,145.84,184.5,2361.0,9641.0,30.0,0,8.0,58.52,84.6,40.33,40.99,41.37,63.16,0.07,0.07,0.07,24.11,0.0,0.01,0.05,0.1,0.23,0.45,8.846,20.672,13.441,13.44,13.441,15.992,0.0,0.0,0.0,244.0,10341.4,37451.0,0.0,4579.6,17480.0,4,4.0,4,16,16.0,16,4,16,4.36,10.09
58,1,,,,,,,0,0,48,35,29.8,510,5001,30,0,59.0,69.7;66.7;73.4;71.1;71.4;70.8;79.7;75.3;72.4;74.3;83.5;90.2;55.5;53.9;27.2;30.6;59.5;60.1;24.1;21.5;50.9;50.3;42.4;41.3,40.68,0.07,0.0,0.24,13.441,0.0,0.0,1513.0,4,16,,,,,,,,,,,,,,,,,,,,,,,,,,,,,,,,,,,,,,,,,,,,,,,,,,,,,,,,,,,,,
58,2,,,,,,,96,53,59,26,158.0,2745,10801,30,0,83.0,95.3;92.4;96.4;95.5;96.0;97.8;99.6;97.8;96.4;96.0;99.6;99.6;88.8;89.7;50.2;43.3;93.3;88.8;39.5;35.9;83.4;83.9;62.8;70.1,40.75,0.07,0.0,0.08,13.441,0.0,244.0,1904.0,4,16,,,,,,,,,,,,,,,,,,,,,,,,,,,,,,,,,,,,,,,,,,,,,,,,,,,,,,,,,,,,,
58,3,,,,,,,96,53,57,27,179.7,2745,10801,30,0,84.7,93.8;88.0;95.5;96.5;99.5;99.0;99.5;100.0;99.5;98.0;100.0;100.0;91.5;88.0;49.5;53.7;92.5;91.5;39.0;37.3;79.6;86.1;74.0;79.5,41.1,0.07,0.0,0.16,13.441,0.0,585.0,48.0,4,16,,,,,,,,,,,,,,,,,,,,,,,,,,,,,,,,,,,,,,,,,,,,,,,,,,,,,,,,,,,,,
58,4,,,,,,,0,0,51,27,159.2,2745,10801,30,0,54.9,68.7;68.8;74.0;75.3;73.0;75.5;85.6;83.8;77.2;75.3;88.8;85.7;58.1;52.6;16.7;14.0;45.1;47.9;17.7;12.1;33.5;34.9;24.4;27.8,41.23,0.07,0.0,0.09,13.441,0.0,0.0,1855.0,4,16,,,,,,,,,,,,,,,,,,,,,,,,,,,,,,,,,,,,,,,,,,,,,,,,,,,,,,,,,,,,,
58,5,,,,,,,100,64,57,28,164.5,2745,10801,30,0,7.5,9.4;4.8;3.6;3.6;7.1;4.7;34.5;22.6;11.9;1.2;56.0;10.7;2.4;3.5;0.0;0.0;0.0;1.2;0.0;0.0;1.2;0.0;1.2;1.2,41.24,0.07,0.0,0.04,13.441,0.0,537.0,0.0,4,16,,,,,,,,,,,,,,,,,,,,,,,,,,,,,,,,,,,,,,,,,,,,,,,,,,,,,,,,,,,,,
58,summary,0.5564380068583374,0.8077621116612388,0.4204473049196291,0.8841397849462366,0.00169648,16.2,,,,,,,,,,,,,,,,,,,,,,0,58.4,100,0,34.0,64,48,54.4,59,26,28.6,35,29.8,138.24,179.7,2298.0,9641.0,30.0,0,7.5,57.82,84.7,40.68,41.0,41.24,63.16,0.07,0.07,0.07,24.11,0.0,0.0,0.0,0.04,0.12,0.24,8.846,20.672,13.441,13.44,13.441,15.992,0.0,0.0,0.0,0.0,273.2,585.0,0.0,1064.0,1904.0,4,4.0,4,16,16.0,16,4,16,4.35,10.21
59,1,,,,,,,1,0,48,34,28.6,510,5001,30,0,61.3,66.2;67.6;74.6;76.1;72.7;74.3;78.9;80.1;74.5;72.4;90.0;84.9;58.6;58.6;32.0;31.2;60.3;60.9;25.4;28.7;54.7;58.5;42.6;46.2,40.39,0.07,0.0,0.26,13.441,0.0,5810.0,116308.0,4,16,,,,,,,,,,,,,,,,,,,,,,,,,,,,,,,,,,,,,,,,,,,,,,,,,,,,,,,,,,,,,
59,2,,,,,,,96,56,56,25,139.9,2745,10801,30,0,83.0,95.1;95.0;98.6;95.9;97.7;99.5;99.5;100.0;96.8;96.3;99.5;100.0;85.8;89.0;43.1;51.4;87.6;93.6;33.5;37.0;81.7;81.7;64.4;68.0,40.95,0.07,0.02,0.15,13.441,0.0,878.0,1416.0,4,16,,,,,,,,,,,,,,,,,,,,,,,,,,,,,,,,,,,,,,,,,,,,,,,,,,,,,,,,,,,,,
59,3,,,,,,,96,61,57,25,184.0,2745,10801,30,0,84.3,90.1;94.9;96.0;95.5;97.0;97.5;100.0;100.0;98.0;97.5;100.0;100.0;90.4;91.4;50.0;51.0;92.0;92.9;36.9;35.4;83.3;86.9;69.2;76.8,41.74,0.07,0.0,0.08,13.441,0.0,0.0,1367.0,4,16,,,,,,,,,,,,,,,,,,,,,,,,,,,,,,,,,,,,,,,,,,,,,,,,,,,,,,,,,,,,,
59,4,,,,,,,98,56,56,26,165.2,2745,10801,30,0,51.6,66.8;65.7;71.9;70.0;62.9;67.8;79.5;77.9;67.8;72.4;81.9;83.4;52.1;54.8;17.1;19.5;43.1;49.0;13.3;11.9;26.5;30.5;24.3;26.2,41.22,0.07,0.0,0.14,13.441,0.0,0.0,1367.0,4,16,,,,,,,,,,,,,,,,,,,,,,,,,,,,,,,,,,,,,,,,,,,,,,,,,,,,,,,,,,,,,
59,5,,,,,,,98,58,55,30,162.9,2745,10801,30,0,7.2,4.7;2.4;2.4;4.8;2.4;1.2;13.3;47.6;10.7;5.9;17.9;54.8;1.2;0.0;0.0;0.0;1.2;1.2;0.0;0.0;0.0;0.0;0.0;1.2,41.25,0.07,0.0,0.05,13.441,0.0,1611.0,1367.0,4,16,,,,,,,,,,,,,,,,,,,,,,,,,,,,,,,,,,,,,,,,,,,,,,,,,,,,,,,,,,,,,
59,summary,0.555198375666554,0.8084752481404043,0.4542431277613486,0.8630824372759857,0.00162996,16.2,,,,,,,,,,,,,,,,,,,,,,1,77.8,98,0,46.2,61,48,54.4,57,25,28.0,34,28.6,136.12,184.0,2298.0,9641.0,30.0,0,7.2,57.48,84.3,40.39,41.11,41.74,63.16,0.07,0.07,0.07,24.11,0.0,0.0,0.02,0.05,0.14,0.26,8.846,20.672,13.441,13.44,13.441,15.992,0.0,0.0,0.0,0.0,1659.8,5810.0,1367.0,24365.0,116308.0,4,4.0,4,16,16.0,16,4,16,4.63,9.96
60,1,,,,,,,0,0,48,35,28.6,480,5001,30,0,61.9,67.9;68.0;76.8;74.2;75.7;76.5;78.6;82.6;76.0;75.9;92.5;82.6;59.1;58.6;36.9;31.9;62.6;65.8;24.3;25.7;52.6;56.4;41.6;44.1,40.5,0.07,0.0,0.23,13.441,0.0,14453.0,0.0,4,16,,,,,,,,,,,,,,,,,,,,,,,,,,,,,,,,,,,,,,,,,,,,,,,,,,,,,,,,,,,,,
60,2,,,,,,,99,61,58,28,177.3,2745,10801,30,0,82.2,92.7;92.0;98.0;97.0;96.0;99.0;99.5;97.5;98.5;99.5;100.0;100.0;85.9;90.5;37.2;48.7;93.0;94.5;29.6;27.0;80.4;84.9;60.8;69.8,40.87,0.07,0.0,0.09,13.441,0.0,1464.0,1757.0,4,16,,,,,,,,,,,,,,,,,,,,,,,,,,,,,,,,,,,,,,,,,,,,,,,,,,,,,,,,,,,,,
60,3,,,,,,,84,60,55,28,182.6,2745,10801,30,0,84.4,95.2;94.7;97.6;95.6;96.6;96.6;99.0;100.0;99.0;99.0;100.0;100.0;91.8;93.7;50.5;50.0;90.9;93.8;40.1;41.5;76.3;81.6;64.6;76.7,41.38,0.07,0.0,0.09,13.441,0.0,1171.0,1464.0,4,16,,,,,,,,,,,,,,,,,,,,,,,,,,,,,,,,,,,,,,,,,,,,,,,,,,,,,,,,,,,,,
60,4,,,,,,,97,61,57,30,181.7,2745,10801,30,0,52.9,64.0;65.5;72.4;74.0;66.3;72.4;84.2;83.7;76.5;72.4;80.1;86.7;54.6;60.4;15.8;19.9;43.4;45.4;14.8;16.8;29.9;28.1;23.9;19.4,41.21,0.07,0.0,0.06,13.441,0.0,0.0,1757.0,4,16,,,,,,,,,,,,,,,,,,,,,,,,,,,,,,,,,,,,,,,,,,,,,,,,,,,,,,,,,,,,,
60,5,,,,,,,98,52,58,25,183.5,2745,10801,30,0,7.2,3.4;3.4;5.7;2.3;2.3;1.1;51.1;20.5;6.8;5.7;17.0;47.7;1.1;1.1;0.0;0.0;1.2;0.0;0.0;0.0;0.0;0.0;0.0;0.0,41.24,0.07,0.0,0.19,13.441,0.0,634.0,1513.0,4,16,,,,,,,,,,,,,,,,,,,,,,,,,,,,,,,,,,,,,,,,,,,,,,,,,,,,,,,,,,,,,
60,summary,0.554610453133088,0.8085218837684697,0.4191703056562759,0.8882168458781362,0.00156385,16.1,,,,,,,,,,,,,,,,,,,,,,0,75.6,99,0,46.8,61,48,55.2,58,25,29.2,35,28.6,150.74,183.5,2292.0,9641.0,30.0,0,7.2,57.72,84.4,40.5,41.04,41.38,63.16,0.07,0.07,0.07,24.11,0.0,0.0,0.0,0.06,0.13,0.23,8.846,20.672,13.441,13.44,13.441,15.992,0.0,0.0,0.0,0.0,3544.4,14453.0,0.0,1298.2,1757.0,4,4.0,4,16,16.0,16,4,16,4.29,10.16
61,1,,,,,,,100,52,49,35,36.5,450,5001,30,0,63.2,69.2;70.9;78.8;76.8;75.4;75.1;80.6;95.5;76.6;77.1;80.2;83.9;56.7;57.3;34.8;35.5;59.7;60.2;31.9;32.8;51.8;55.8;51.4;49.9,40.53,0.07,0.0,0.23,13.441,0.0,537.0,0.0,4,16,,,,,,,,,,,,,,,,,,,,,,,,,,,,,,,,,,,,,,,,,,,,,,,,,,,,,,,,,,,,,
61,2,,,,,,,98,61,57,29,180.7,2745,10801,30,0,79.9,93.6;94.9;96.9;95.9;94.4;97.4;99.5;99.5;98.0;100.0;99.5;100.0;88.3;89.8;38.1;42.9;83.2;84.8;29.1;29.1;67.7;74.4;55.6;65.8,40.84,0.07,0.0,0.05,13.441,0.0,292.0,0.0,4,16,,,,,,,,,,,,,,,,,,,,,,,,,,,,,,,,,,,,,,,,,,,,,,,,,,,,,,,,,,,,,
61,3,,,,,,,97,58,56,29,180.2,2745,10801,30,0,84.3,91.2;88.5;96.5;94.0;97.5;98.5;99.5;99.5;97.0;98.0;100.0;100.0;86.6;86.0;49.5;61.5;87.0;90.0;43.8;48.5;82.0;85.0;67.0;76.5,41.56,0.07,0.02,0.14,13.441,0.0,0.0,1660.0,4,16,,,,,,,,,,,,,,,,,,,,,,,,,,,,,,,,,,,,,,,,,,,,,,,,,,,,,,,,,,,,,
61,4,,,,,,,98,62,58,25,160.0,2745,10801,30,0,54.2,72.9;72.2;74.2;72.4;72.2;70.0;81.8;86.1;73.8;76.6;80.9;86.6;58.4;60.3;13.4;14.4;51.2;57.1;13.4;10.5;28.6;32.1;19.1;21.5,41.22,0.07,0.02,0.07,13.441,0.0,341.0,7958.0,4,16,,,,,,,,,,,,,,,,,,,,,,,,,,,,,,,,,,,,,,,,,,,,,,,,,,,,,,,,,,,,,
61,5,,,,,,,98,55,59,28,162.1,2745,10801,30,0,6.7,3.5;0.0;3.6;2.4;2.4;1.2;42.9;21.4;7.1;4.8;23.8;45.2;1.2;1.2;0.0;0.0;1.2;0.0;0.0;0.0;0.0;0.0;0.0;0.0,41.24,0.07,0.0,0.04,13.441,0.0,341.0,1806.0,4,16,,,,,,,,,,,,,,,,,,,,,,,,,,,,,,,,,,,,,,,,,,,,,,,,,,,,,,,,,,,,,
61,summary,0.5532195463790371,0.8096722292607476,0.4087195695087474,0.8939068100358423,0.00149824,16.2,,,,,,,,,,,,,,,,,,,,,,97,98.2,100,52,57.6,62,49,55.8,59,25,29.2,35,36.5,143.9,180.7,2286.0,9641.0,30.0,0,6.7,57.66,84.3,40.53,41.08,41.56,63.16,0.07,0.07,0.07,24.11,0.0,0.01,0.02,0.04,0.11,0.23,8.846,20.672,13.441,13.44,13.441,15.992,0.0,0.0,0.0,0.0,302.2,537.0,0.0,2284.8,7958.0,4,4.0,4,16,16.0,16,4,16,4.65,9.97
62,1,,,,,,,100,62,50,33,34.9,630,5001,30,0,58.6,65.0;63.4;73.5;72.2;70.2;72.8;91.6;82.5;73.8;74.8;75.8;78.6;54.0;49.8;28.8;32.4;60.0;60.6;20.7;21.7;49.8;53.5;41.4;39.5,40.79,0.07,0.0,0.36,13.441,0.0,341.0,1464.0,4,16,,,,,,,,,,,,,,,,,,,,,,,,,,,,,,,,,,,,,,,,,,,,,,,,,,,,,,,,,,,,,
62,2,,,,,,,96,63,58,29,145.3,2760,10801,30,0,84.8,94.6;92.4;97.5;94.5;96.6;97.5;100.0;99.6;97.1;97.5;100.0;100.0;94.1;90.8;50.4;55.2;91.2;91.6;32.5;42.9;86.2;87.0;67.5;78.4,40.83,0.07,0.0,0.05,13.441,0.0,244.0,10449.0,4,16,,,,,,,,,,,,,,,,,,,,,,,,,,,,,,,,,,,,,,,,,,,,,,,,,,,,,,,,,,,,,
62,3,,,,,,,96,59,57,31,176.4,2745,10801,30,0,84.5,91.2;88.6;97.5;95.0;92.5;98.0;100.0;99.0;97.0;98.0;100.0;100.0;86.9;87.1;55.0;51.8;88.4;96.5;41.8;45.7;80.5;86.9;70.6;78.8,41.31,0.07,0.02,0.05,13.441,0.0,0.0,1757.0,4,16,,,,,,,,,,,,,,,,,,,,,,,,,,,,,,,,,,,,,,,,,,,,,,,,,,,,,,,,,,,,,
62,4,,,,,,,55,38,52,28,160.4,2760,10801,30,0,54.2,66.5;69.0;76.3;76.4;67.3;69.2;84.0;83.9;76.8;76.3;94.8;81.5;52.6;51.7;21.8;15.6;52.6;55.5;12.8;13.7;28.9;29.4;23.6;19.4,41.25,0.07,0.0,0.09,13.441,0.0,1220.0,1513.0,4,16,,,,,,,,,,,,,,,,,,,,,,,,,,,,,,,,,,,,,,,,,,,,,,,,,,,,,,,,,,,,,
62,5,,,,,,,98,56,60,28,182.7,2745,10801,30,0,9.1,4.7;4.8;3.6;1.2;1.2;1.2;16.7;47.1;17.6;12.9;19.0;66.7;13.1;4.8;0.0;0.0;1.2;0.0;0.0;0.0;0.0;1.2;0.0;0.0,41.28,0.07,0.0,0.14,13.441,0.0,1123.0,1367.0,4,16,,,,,,,,,,,,,,,,,,,,,,,,,,,,,,,,,,,,,,,,,,,,,,,,,,,,,,,,,,,,,
62,summary,0.5515218473717185,0.8103911951934213,0.4215700529595857,0.8861559139784946,0.00143321,16.3,,,,,,,,,,,,,,,,,,,,,,55,89.0,100,38,55.6,63,50,55.4,60,28,29.8,33,34.9,139.94,182.7,2328.0,9641.0,30.0,0,9.1,58.24,84.8,40.79,41.09,41.31,63.16,0.07,0.07,0.07,24.11,0.0,0.0,0.02,0.05,0.14,0.36,8.846,20.672,13.441,13.44,13.441,15.992,0.0,0.0,0.0,0.0,585.6,1220.0,1367.0,3310.0,10449.0,4,4.0,4,16,16.0,16,4,16,4.47,10.14
63,1,,,,,,,100,58,49,34,33.3,855,5001,30,0,60.8,66.5;64.4;76.0;73.9;72.7;74.1;79.3;83.5;76.2;76.0;77.7;94.2;54.4;54.3;31.6;33.2;57.6;59.1;26.7;28.0;51.5;54.2;46.7;47.6,40.56,0.07,0.0,0.25,13.441,0.0,0.0,1416.0,4,16,,,,,,,,,,,,,,,,,,,,,,,,,,,,,,,,,,,,,,,,,,,,,,,,,,,,,,,,,,,,,
63,2,,,,,,,96,52,59,29,161.3,2745,10801,30,0,82.7,94.1;93.5;97.7;97.2;98.1;100.0;99.1;99.5;98.6;99.5;99.5;100.0;90.7;84.7;37.8;42.7;88.4;94.9;26.4;25.0;88.9;85.3;69.4;74.1,40.78,0.07,0.0,0.05,13.441,0.0,488.0,1416.0,4,16,,,,,,,,,,,,,,,,,,,,,,,,,,,,,,,,,,,,,,,,,,,,,,,,,,,,,,,,,,,,,
63,3,,,,,,,97,50,56,28,178.4,2745,10801,30,0,85.1,93.4;93.7;96.2;96.1;98.1;99.0;100.0;100.0;99.5;99.5;100.0;100.0;87.4;90.9;45.4;53.8;89.9;91.9;40.1;39.1;84.5;87.0;74.2;81.2,41.18,0.07,0.0,0.13,13.441,0.0,3173.0,97.0,4,16,,,,,,,,,,,,,,,,,,,,,,,,,,,,,,,,,,,,,,,,,,,,,,,,,,,,,,,,,,,,,
63,4,,,,,,,98,53,56,28,163.9,2745,10801,30,0,55.5,68.7;72.5;79.2;76.8;73.9;75.8;93.2;83.6;80.2;80.2;84.1;90.3;64.3;63.3;13.5;16.4;54.1;47.8;11.1;8.7;28.0;27.5;16.9;20.3,41.23,0.07,0.04,0.13,13.441,0.0,1416.0,0.0,4,16,,,,,,,,,,,,,,,,,,,,,,,,,,,,,,,,,,,,,,,,,,,,,,,,,,,,,,,,,,,,,
63,5,,,,,,,98,57,56,28,162.5,2745,10801,30,0,8.6,4.7;7.0;10.6;7.1;3.5;2.4;40.0;31.8;4.7;1.2;71.8;12.8;1.2;1.2;2.4;0.0;0.0;1.2;1.2;0.0;0.0;0.0;1.2;0.0,41.26,0.07,0.0,0.07,13.441,0.0,2539.0,1757.0,4,16,,,,,,,,,,,,,,,,,,,,,,,,,,,,,,,,,,,,,,,,,,,,,,,,,,,,,,,,,,,,,
63,summary,0.5499052511578966,0.8117125379886053,0.42624920997568355,0.8848118279569892,0.00136881,16.3,,,,,,,,,,,,,,,,,,,,,,96,97.8,100,50,54.0,58,49,55.2,59,28,29.4,34,33.3,139.88,178.4,2367.0,9641.0,30.0,0,8.6,58.54,85.1,40.56,41.0,41.26,63.16,0.07,0.07,0.07,24.11,0.0,0.01,0.04,0.05,0.13,0.25,8.846,20.672,13.441,13.44,13.441,15.992,0.0,0.0,0.0,0.0,1523.2,3173.0,0.0,937.2,1757.0,4,4.0,4,16,16.0,16,4,16,4.32,10.3
64,1,,,,,,,0,0,48,34,28.2,585,5001,30,0,59.5,62.3;60.5;72.3;73.0;69.5;70.5;77.4;77.8;71.7;72.3;95.2;79.6;54.8;51.1;31.7;35.4;54.6;58.9;27.3;29.8;51.9;58.3;47.6;44.8,40.64,0.08,0.0,0.61,13.441,0.0,3613.0,101464.0,4,16,,,,,,,,,,,,,,,,,,,,,,,,,,,,,,,,,,,,,,,,,,,,,,,,,,,,,,,,,,,,,
64,2,,,,,,,97,61,54,29,124.0,2745,10801,30,0,84.5,93.7;92.6;98.3;96.1;98.3;97.8;99.6;99.6;97.8;98.7;99.6;100.0;87.9;89.6;47.8;47.2;90.9;95.2;34.3;40.4;81.7;90.5;73.6;76.7,40.78,0.08,0.0,0.07,13.441,0.0,1513.0,390.0,4,16,,,,,,,,,,,,,,,,,,,,,,,,,,,,,,,,,,,,,,,,,,,,,,,,,,,,,,,,,,,,,
64,3,,,,,,,94,51,58,25,179.5,2745,10801,30,0,83.4,94.8;93.8;96.2;98.1;96.7;98.1;99.5;100.0;96.7;98.6;99.5;99.5;89.5;90.4;45.0;45.2;85.6;91.8;31.2;32.7;84.3;87.6;71.8;76.1,41.38,0.08,0.0,0.07,13.441,0.0,0.0,1464.0,4,16,,,,,,,,,,,,,,,,,,,,,,,,,,,,,,,,,,,,,,,,,,,,,,,,,,,,,,,,,,,,,
64,4,,,,,,,26,13,53,30,166.2,2745,10801,30,0,56.5,66.4;68.1;77.5;76.5;71.8;74.5;82.9;88.5;79.5;81.0;92.7;88.2;61.2;65.2;14.2;15.6;50.2;55.6;14.6;15.1;31.7;38.0;20.6;25.0,41.23,0.08,0.0,0.07,13.441,0.0,12597.0,16162.0,4,16,,,,,,,,,,,,,,,,,,,,,,,,,,,,,,,,,,,,,,,,,,,,,,,,,,,,,,,,,,,,,
64,5,,,,,,,98,62,58,25,170.8,2745,10801,30,0,7.3,11.2;2.4;7.1;2.4;1.2;0.0;14.1;44.7;5.9;8.1;12.9;64.3;0.0;0.0;0.0;0.0;0.0;0.0;0.0;0.0;0.0;0.0;0.0;0.0,41.26,0.08,0.0,0.18,13.441,0.0,537.0,1367.0,4,16,,,,,,,,,,,,,,,,,,,,,,,,,,,,,,,,,,,,,,,,,,,,,,,,,,,,,,,,,,,,,
64,summary,0.5503464174168522,0.8105893966126989,0.40898886955339847,0.8927419354838709,0.00130514,16.2,,,,,,,,,,,,,,,,,,,,,,0,63.0,98,0,37.4,62,48,54.2,58,25,28.6,34,28.2,133.74,179.5,2313.0,9641.0,30.0,0,7.3,58.24,84.5,40.64,41.06,41.38,63.16,0.08,0.08,0.08,24.11,0.0,0.0,0.0,0.07,0.2,0.61,8.846,20.672,13.441,13.44,13.441,15.992,0.0,0.0,0.0,0.0,3652.0,12597.0,390.0,24169.4,101464.0,4,4.0,4,16,16.0,16,4,16,4.45,10.13
65,1,,,,,,,100,49,50,34,32.4,735,5001,30,0,61.2,67.4;67.9;78.0;75.1;76.4;75.5;79.4;89.3;78.0;75.5;81.4;87.1;58.0;60.7;22.5;27.0;62.5;64.6;16.1;20.3;59.6;62.5;41.0;43.8,40.52,0.08,0.0,0.21,13.441,0.0,341.0,1367.0,4,16,,,,,,,,,,,,,,,,,,,,,,,,,,,,,,,,,,,,,,,,,,,,,,,,,,,,,,,,,,,,,
65,2,,,,,,,96,53,57,27,174.3,2745,10801,30,0,83.3,91.0;95.7;97.6;96.2;98.1;99.5;100.0;100.0;96.2;98.6;99.0;99.5;83.7;87.5;47.1;44.7;89.5;91.9;30.3;34.6;82.9;87.0;72.2;77.1,40.91,0.08,0.0,0.04,13.441,0.0,341.0,341.0,4,16,,,,,,,,,,,,,,,,,,,,,,,,,,,,,,,,,,,,,,,,,,,,,,,,,,,,,,,,,,,,,
65,3,,,,,,,100,64,58,26,181.3,2745,10801,30,0,84.3,93.7;93.0;96.0;98.0;95.5;97.5;99.5;100.0;98.5;100.0;100.0;100.0;90.5;88.4;48.0;43.9;89.9;91.0;37.9;38.4;87.4;84.8;70.2;80.4,41.44,0.08,0.0,0.11,13.441,0.0,292.0,390.0,4,16,,,,,,,,,,,,,,,,,,,,,,,,,,,,,,,,,,,,,,,,,,,,,,,,,,,,,,,,,,,,,
65,4,,,,,,,98,60,56,29,162.3,2760,10801,30,0,52.9,67.0;65.6;73.7;73.2;69.9;71.3;88.0;74.6;73.7;77.0;81.3;85.6;54.1;55.2;13.9;15.3;48.1;45.0;16.7;13.9;33.5;31.9;20.9;20.6,41.27,0.08,0.04,0.09,13.441,0.0,48.0,1904.0,4,16,,,,,,,,,,,,,,,,,,,,,,,,,,,,,,,,,,,,,,,,,,,,,,,,,,,,,,,,,,,,,
65,5,,,,,,,100,64,58,29,171.9,2745,10801,30,0,11.2,19.5;10.7;11.9;6.0;4.8;4.7;44.7;54.7;10.6;10.7;38.8;37.6;1.2;3.6;1.2;0.0;0.0;1.2;1.2;0.0;1.2;1.2;1.2;0.0,41.27,0.08,0.0,0.02,13.441,0.0,292.0,29687.0,4,16,,,,,,,,,,,,,,,,,,,,,,,,,,,,,,,,,,,,,,,,,,,,,,,,,,,,,,,,,,,,,
65,summary,0.5460571755117202,0.8136906658790427,0.4010012817211903,0.8895161290322581,0.00124226,16.5,,,,,,,,,,,,,,,,,,,,,,96,98.8,100,49,58.0,64,50,55.8,58,26,29.0,34,32.4,144.44,181.3,2346.0,9641.0,30.0,0,11.2,58.58,84.3,40.52,41.08,41.44,63.16,0.08,0.08,0.08,24.11,0.0,0.01,0.04,0.02,0.09,0.21,8.846,20.672,13.441,13.44,13.441,15.992,0.0,0.0,0.0,48.0,262.8,341.0,341.0,6737.8,29687.0,4,4.0,4,16,16.0,16,4,16,4.62,10.18
66,1,,,,,,,20,6,48,35,29.0,540,5001,30,0,60.5,60.2;65.5;76.5;74.2;71.6;72.0;80.1;93.4;74.2;74.9;83.1;80.1;55.4;56.6;27.5;28.7;61.1;62.7;23.0;23.5;58.1;59.6;44.3;45.6,40.35,0.08,0.0,0.32,13.441,0.0,48.0,9765.0,4,16,,,,,,,,,,,,,,,,,,,,,,,,,,,,,,,,,,,,,,,,,,,,,,,,,,,,,,,,,,,,,
66,2,,,,,,,96,52,57,28,167.4,2745,10801,30,0,82.5,92.6;93.9;97.7;95.8;97.7;99.5;100.0;98.6;99.1;98.6;100.0;100.0;85.0;87.3;35.7;41.0;92.9;92.5;26.4;35.8;84.0;84.9;65.7;75.0,40.8,0.08,0.0,0.01,13.441,0.0,781.0,0.0,4,16,,,,,,,,,,,,,,,,,,,,,,,,,,,,,,,,,,,,,,,,,,,,,,,,,,,,,,,,,,,,,
66,3,,,,,,,96,52,55,25,180.1,2745,10801,30,0,84.6,96.0;94.9;98.0;94.9;98.5;99.5;100.0;100.0;99.0;99.0;100.0;99.5;88.9;88.3;44.9;57.4;91.4;93.4;41.1;40.3;85.7;79.1;69.9;71.9,41.13,0.08,0.0,0.13,13.441,0.0,439.0,1416.0,4,16,,,,,,,,,,,,,,,,,,,,,,,,,,,,,,,,,,,,,,,,,,,,,,,,,,,,,,,,,,,,,
66,4,,,,,,,22,9,52,28,162.1,2760,10801,30,0,56.5,67.7;70.3;76.6;76.1;70.8;74.8;78.9;89.0;75.1;79.0;89.0;88.5;51.9;58.1;20.0;18.2;51.9;53.1;15.8;18.1;39.0;39.5;28.2;27.3,41.21,0.08,0.0,0.08,13.441,0.0,2929.0,97.0,4,16,,,,,,,,,,,,,,,,,,,,,,,,,,,,,,,,,,,,,,,,,,,,,,,,,,,,,,,,,,,,,
66,5,,,,,,,98,63,60,29,160.1,2745,10801,30,0,7.8,8.0;4.8;6.0;2.4;2.4;0.0;12.0;41.7;11.9;8.4;34.5;40.5;2.4;4.8;0.0;0.0;1.2;1.2;0.0;0.0;0.0;2.4;1.2;0.0,41.24,0.08,0.0,0.06,13.441,0.0,341.0,22851.0,4,16,,,,,,,,,,,,,,,,,,,,,,,,,,,,,,,,,,,,,,,,,,,,,,,,,,,,,,,,,,,,,
66,summary,0.5448225932540567,0.8146020037774859,0.3966559340449644,0.8970430107526882,0.00118025,16.1,,,,,,,,,,,,,,,,,,,,,,20,66.4,98,6,36.4,63,48,54.4,60,25,29.0,35,29.0,139.74,180.1,2307.0,9641.0,30.0,0,7.8,58.38,84.6,40.35,40.95,41.24,63.16,0.08,0.08,0.08,24.11,0.0,0.0,0.0,0.01,0.12,0.32,8.846,20.672,13.441,13.44,13.441,15.992,0.0,0.0,0.0,48.0,907.6,2929.0,0.0,6825.8,22851.0,4,4.0,4,16,16.0,16,4,16,4.36,10.07
67,1,,,,,,,1,0,48,34,27.6,450,5001,30,0,62.8,69.4;67.4;77.2;76.0;76.0;76.1;80.0;80.5;77.5;76.7;81.9;96.9;60.1;59.4;27.5;30.6;63.1;65.0;23.0;28.3;59.7;61.7;42.5;50.4,40.59,0.08,0.0,0.3,13.441,0.0,0.0,1367.0,4,16,,,,,,,,,,,,,,,,,,,,,,,,,,,,,,,,,,,,,,,,,,,,,,,,,,,,,,,,,,,,,
67,2,,,,,,,96,55,56,29,178.7,2745,10801,30,0,79.5,87.4;86.4;97.6;98.5;94.7;97.6;98.1;99.5;97.6;97.6;99.5;100.0;84.5;80.6;43.0;45.1;85.9;85.0;28.6;32.0;71.6;79.1;59.2;58.9,41.12,0.08,0.0,0.09,13.441,0.0,0.0,1855.0,4,16,,,,,,,,,,,,,,,,,,,,,,,,,,,,,,,,,,,,,,,,,,,,,,,,,,,,,,,,,,,,,
67,3,,,,,,,96,63,55,29,183.3,2745,10801,30,0,84.2,95.1;94.0;98.0;97.0;97.5;99.0;100.0;100.0;98.0;97.5;100.0;99.5;89.5;93.1;45.5;43.6;89.5;94.0;28.0;37.0;85.5;90.0;70.5;77.7,41.26,0.08,0.0,0.06,13.441,0.0,0.0,1416.0,4,16,,,,,,,,,,,,,,,,,,,,,,,,,,,,,,,,,,,,,,,,,,,,,,,,,,,,,,,,,,,,,
67,4,,,,,,,97,61,56,25,183.4,2745,10801,30,0,53.4,64.4;64.2;70.7;71.9;69.7;70.9;86.4;77.4;73.4;77.3;81.3;87.5;56.3;56.8;16.2;17.7;43.7;49.7;15.7;15.2;30.3;33.8;24.2;25.3,41.22,0.08,0.0,0.16,13.441,0.0,0.0,1757.0,4,16,,,,,,,,,,,,,,,,,,,,,,,,,,,,,,,,,,,,,,,,,,,,,,,,,,,,,,,,,,,,,
67,5,,,,,,,100,62,59,28,173.1,2745,10801,30,0,8.6,9.2;4.8;2.4;9.5;1.2;2.4;38.4;17.6;8.2;14.1;70.6;18.8;1.2;1.2;0.0;1.2;0.0;0.0;0.0;0.0;1.2;3.5;0.0;0.0,41.26,0.08,0.0,0.06,13.441,0.0,537.0,0.0,4,16,,,,,,,,,,,,,,,,,,,,,,,,,,,,,,,,,,,,,,,,,,,,,,,,,,,,,,,,,,,,,
67,summary,0.5433782968832481,0.814922623720435,0.43088522632489495,0.8818100358422939,0.00111916,16.4,,,,,,,,,,,,,,,,,,,,,,1,78.0,100,0,48.2,63,48,54.8,59,25,29.0,34,27.6,149.22,183.4,2286.0,9641.0,30.0,0,8.6,57.7,84.2,40.59,41.09,41.26,63.16,0.08,0.08,0.08,24.11,0.0,0.0,0.0,0.06,0.13,0.3,8.846,20.672,13.441,13.44,13.441,15.992,0.0,0.0,0.0,0.0,107.4,537.0,0.0,1279.0,1855.0,4,4.0,4,16,16.0,16,4,16,4.64,10.08
68,1,,,,,,,64,21,50,35,29.8,435,5001,30,0,62.7,69.5;67.3;77.0;74.8;76.2;76.7;87.6;80.5;74.2;76.1;82.5;88.1;60.8;58.1;33.9;36.6;61.5;62.4;28.7;29.0;55.4;54.8;44.0;49.4,40.65,0.08,0.0,0.23,13.441,0.0,537.0,48.0,4,16,,,,,,,,,,,,,,,,,,,,,,,,,,,,,,,,,,,,,,,,,,,,,,,,,,,,,,,,,,,,,
68,2,,,,,,,96,56,56,27,179.8,2745,10801,30,0,78.7,86.3;89.3;96.1;97.5;96.1;97.5;98.5;99.5;97.5;98.5;100.0;100.0;84.3;82.4;32.4;35.3;83.5;85.3;27.5;28.4;73.7;76.0;55.9;66.2,41.06,0.08,0.0,0.11,13.441,0.0,341.0,341.0,4,16,,,,,,,,,,,,,,,,,,,,,,,,,,,,,,,,,,,,,,,,,,,,,,,,,,,,,,,,,,,,,
68,3,,,,,,,96,55,55,29,182.1,2745,10801,30,0,84.4,94.9;92.4;98.0;96.0;96.4;99.5;100.0;100.0;98.0;99.5;100.0;100.0;86.4;86.3;49.7;45.5;90.4;95.0;36.0;37.1;85.9;89.8;69.0;79.7,41.41,0.08,0.03,0.13,13.441,0.0,341.0,97.0,4,16,,,,,,,,,,,,,,,,,,,,,,,,,,,,,,,,,,,,,,,,,,,,,,,,,,,,,,,,,,,,,
68,4,,,,,,,98,54,57,26,180.2,2745,10801,30,0,54.6,69.3;65.8;75.1;70.5;70.6;72.5;81.9;87.6;75.1;74.1;91.2;86.0;60.6;53.4;18.1;20.2;49.2;48.7;12.4;13.5;31.1;32.1;26.9;24.9,41.25,0.08,0.01,0.07,13.441,0.0,927.0,244.0,4,16,,,,,,,,,,,,,,,,,,,,,,,,,,,,,,,,,,,,,,,,,,,,,,,,,,,,,,,,,,,,,
68,5,,,,,,,99,64,58,27,163.5,2745,10801,30,0,7.4,2.4;1.2;3.6;6.0;2.4;1.2;17.6;27.4;6.0;2.4;31.0;65.5;10.7;0.0;0.0;0.0;0.0;0.0;0.0;0.0;0.0;0.0;0.0;0.0,41.29,0.08,0.01,0.09,13.441,0.0,537.0,195.0,4,16,,,,,,,,,,,,,,,,,,,,,,,,,,,,,,,,,,,,,,,,,,,,,,,,,,,,,,,,,,,,,
68,summary,0.5443988131618065,0.8148857038482166,0.40773398504462294,0.8909498207885305,0.00105908,16.2,,,,,,,,,,,,,,,,,,,,,,64,90.6,99,21,50.0,64,50,55.2,58,26,28.8,35,29.8,147.08,182.1,2283.0,9641.0,30.0,0,7.4,57.56,84.4,40.65,41.13,41.41,63.16,0.08,0.08,0.08,24.11,0.0,0.01,0.03,0.07,0.13,0.23,8.846,20.672,13.441,13.44,13.441,15.992,0.0,0.0,0.0,341.0,536.6,927.0,48.0,185.0,341.0,4,4.0,4,16,16.0,16,4,16,4.5,10.06
69,1,,,,,,,0,0,49,33,28.1,450,5001,30,0,61.6,66.9;67.7;76.5;75.6;76.2;75.6;93.4;78.1;76.3;76.2;88.3;78.2;60.9;63.5;25.7;24.6;62.1;63.9;22.9;19.1;58.3;59.4;43.6;46.6,40.54,0.08,0.0,0.33,13.441,0.0,1269.0,105273.0,4,16,,,,,,,,,,,,,,,,,,,,,,,,,,,,,,,,,,,,,,,,,,,,,,,,,,,,,,,,,,,,,
69,2,,,,,,,96,57,56,29,164.2,2745,10801,30,0,83.3,91.5;88.9;98.1;96.6;98.1;97.6;99.0;100.0;99.0;98.1;99.5;100.0;85.2;80.3;45.9;44.0;87.1;89.4;46.6;39.1;84.1;85.0;72.0;74.5,40.89,0.08,0.0,0.02,13.441,0.0,292.0,1464.0,4,16,,,,,,,,,,,,,,,,,,,,,,,,,,,,,,,,,,,,,,,,,,,,,,,,,,,,,,,,,,,,,
69,3,,,,,,,96,53,56,29,180.4,2745,10801,30,0,84.1,91.0;90.6;97.1;96.1;96.1;99.5;99.5;100.0;98.0;98.0;100.0;100.0;90.7;95.1;47.8;52.0;89.2;93.1;36.5;31.9;86.7;89.2;68.5;72.4,41.75,0.08,0.0,0.11,13.441,0.0,292.0,97.0,4,16,,,,,,,,,,,,,,,,,,,,,,,,,,,,,,,,,,,,,,,,,,,,,,,,,,,,,,,,,,,,,
69,4,,,,,,,95,52,59,28,175.6,2745,10801,30,0,54.4,65.2;69.7;77.8;74.7;71.7;75.8;88.4;80.3;73.2;78.5;86.9;85.4;53.0;52.0;13.1;14.1;53.5;49.0;16.2;15.2;35.7;31.8;22.7;20.2,41.26,0.08,0.0,0.09,13.441,0.0,341.0,97.0,4,16,,,,,,,,,,,,,,,,,,,,,,,,,,,,,,,,,,,,,,,,,,,,,,,,,,,,,,,,,,,,,
69,5,,,,,,,100,62,59,28,173.4,2745,10801,30,0,8.6,7.1;1.2;5.9;2.4;0.0;6.0;41.2;32.9;4.7;10.5;35.3;34.1;11.9;6.0;0.0;1.2;0.0;0.0;0.0;0.0;0.0;0.0;3.6;1.2,41.3,0.08,0.05,0.12,13.441,0.0,244.0,1416.0,4,16,,,,,,,,,,,,,,,,,,,,,,,,,,,,,,,,,,,,,,,,,,,,,,,,,,,,,,,,,,,,,
69,summary,0.5436827958395039,0.8147399675105125,0.3794386888703992,0.9028673835125448,0.00100008,16.3,,,,,,,,,,,,,,,,,,,,,,0,77.4,100,0,44.8,62,49,55.8,59,28,29.4,33,28.1,144.34,180.4,2286.0,9641.0,30.0,0,8.6,58.4,84.1,40.54,41.15,41.75,63.16,0.08,0.08,0.08,24.11,0.0,0.01,0.05,0.02,0.13,0.33,8.846,20.672,13.441,13.44,13.441,15.992,0.0,0.0,0.0,244.0,487.6,1269.0,97.0,21669.4,105273.0,4,4.0,4,16,16.0,16,4,16,4.58,10.03
70,1,,,,,,,0,0,48,31,29.3,480,5001,30,0,61.0,65.9;64.2;74.1;75.0;74.1;74.1;78.7;92.7;70.8;73.2;78.2;81.3;57.4;57.3;31.0;33.1;61.8;62.8;25.8;26.7;56.5;56.6;46.9;45.6,40.41,0.08,0.01,0.33,13.441,0.0,48.0,1416.0,4,16,,,,,,,,,,,,,,,,,,,,,,,,,,,,,,,,,,,,,,,,,,,,,,,,,,,,,,,,,,,,,
70,2,,,,,,,96,56,55,25,177.3,2745,10801,30,0,83.2,86.5;93.7;94.2;98.1;99.0;98.5;98.6;100.0;98.6;98.6;100.0;100.0;90.8;89.3;44.7;46.1;90.8;91.3;41.3;33.5;81.6;81.6;68.9;70.0,40.88,0.08,0.0,0.05,13.441,0.0,341.0,1416.0,4,16,,,,,,,,,,,,,,,,,,,,,,,,,,,,,,,,,,,,,,,,,,,,,,,,,,,,,,,,,,,,,
70,3,,,,,,,97,54,56,29,182.9,2745,10801,30,0,84.9,91.3;96.1;97.0;95.1;98.0;100.0;100.0;100.0;98.5;98.5;100.0;100.0;92.6;94.6;52.7;50.0;84.7;94.6;36.3;43.6;82.8;85.7;68.0;76.8,41.14,0.08,0.0,0.22,13.441,0.0,48.0,108642.0,4,16,,,,,,,,,,,,,,,,,,,,,,,,,,,,,,,,,,,,,,,,,,,,,,,,,,,,,,,,,,,,,
70,4,,,,,,,98,56,57,28,164.6,2745,10801,30,0,53.6,65.2;66.7;73.5;73.0;70.1;71.2;79.4;85.4;75.5;74.0;83.8;87.3;54.6;55.9;17.1;13.7;52.7;54.6;14.1;13.1;30.9;31.9;20.1;23.4,41.24,0.08,0.02,0.15,13.441,0.0,341.0,0.0,4,16,,,,,,,,,,,,,,,,,,,,,,,,,,,,,,,,,,,,,,,,,,,,,,,,,,,,,,,,,,,,,
70,5,,,,,,,98,55,56,28,162.5,2745,10801,30,0,7.2,1.1;0.0;2.2;6.7;3.4;0.0;33.7;29.2;9.0;4.5;48.9;30.3;0.0;0.0;0.0;0.0;0.0;0.0;0.0;0.0;0.0;0.0;1.1;1.1,41.28,0.08,0.0,0.12,13.441,0.0,20458.0,1806.0,4,16,,,,,,,,,,,,,,,,,,,,,,,,,,,,,,,,,,,,,,,,,,,,,,,,,,,,,,,,,,,,,
70,summary,0.5420365459709182,0.8154744786525413,0.4118200379887789,0.8898297491039426,0.00094221,16.3,,,,,,,,,,,,,,,,,,,,,,0,77.8,98,0,44.2,56,48,54.4,57,25,28.2,31,29.3,143.32,182.9,2292.0,9641.0,30.0,0,7.2,57.98,84.9,40.41,40.99,41.28,63.16,0.08,0.08,0.08,24.11,0.0,0.01,0.02,0.05,0.17,0.33,8.846,20.672,13.441,13.44,13.441,15.992,0.0,0.0,0.0,48.0,4247.2,20458.0,0.0,22656.0,108642.0,4,4.0,4,16,16.0,16,4,16,4.57,10.0
71,1,,,,,,,0,0,48,33,28.4,585,5001,30,0,60.3,68.8;71.5;75.5;74.6;66.7;67.8;87.9;76.8;73.8;75.3;87.3;78.9;54.3;53.7;29.6;33.2;59.1;58.0;25.3;25.3;54.3;55.9;48.5;46.7,40.47,0.08,0.0,0.23,13.441,0.0,0.0,1562.0,4,16,,,,,,,,,,,,,,,,,,,,,,,,,,,,,,,,,,,,,,,,,,,,,,,,,,,,,,,,,,,,,
71,2,,,,,,,95,52,55,31,168.9,2745,10801,30,0,84.9,94.2;96.6;97.5;98.0;94.6;96.1;100.0;100.0;97.5;99.0;100.0;100.0;84.8;86.7;43.6;55.2;91.1;92.6;41.9;40.5;89.7;87.2;73.4;76.8,40.68,0.08,0.89,0.13,13.441,0.0,781.0,1367.0,4,16,,,,,,,,,,,,,,,,,,,,,,,,,,,,,,,,,,,,,,,,,,,,,,,,,,,,,,,,,,,,,
71,3,,,,,,,96,51,56,28,175.7,2745,10801,30,0,87.8,93.5;94.8;98.1;98.1;92.4;96.7;99.5;99.5;99.0;100.0;100.0;99.5;92.9;91.4;62.2;67.5;88.0;91.9;55.0;54.8;83.7;86.7;79.9;81.0,41.22,0.08,4.1,1.61,13.441,0.0,732.0,1806.0,4,16,,,,,,,,,,,,,,,,,,,,,,,,,,,,,,,,,,,,,,,,,,,,,,,,,,,,,,,,,,,,,
71,4,,,,,,,33,10,58,26,161.8,2760,10801,30,0,56.6,68.9;67.9;78.9;78.4;69.3;75.3;86.2;86.2;74.8;79.9;88.5;94.1;58.3;59.6;12.4;17.0;55.5;49.5;17.0;17.9;36.2;34.9;26.6;25.2,41.32,0.08,0.0,0.16,13.441,0.0,29443.0,112353.0,4,16,,,,,,,,,,,,,,,,,,,,,,,,,,,,,,,,,,,,,,,,,,,,,,,,,,,,,,,,,,,,,
71,5,,,,,,,98,54,56,28,168.0,2745,10801,30,0,8.0,3.5;3.6;2.4;6.0;2.4;2.4;23.8;47.6;5.9;4.8;19.0;54.8;1.2;3.5;1.2;0.0;2.4;1.2;0.0;0.0;2.4;0.0;2.4;2.4,41.36,0.08,0.02,0.12,13.441,0.0,1416.0,0.0,4,16,,,,,,,,,,,,,,,,,,,,,,,,,,,,,,,,,,,,,,,,,,,,,,,,,,,,,,,,,,,,,
71,summary,0.5417085142756123,0.8159719253519047,0.40566702850403324,0.8958333333333334,0.00088554,16.2,,,,,,,,,,,,,,,,,,,,,,0,64.4,98,0,33.4,54,48,54.6,58,26,29.2,33,28.4,140.56,175.7,2316.0,9641.0,30.0,0,8.0,59.52,87.8,40.47,41.01,41.36,63.16,0.08,0.08,0.08,24.11,0.0,1.0,4.1,0.12,0.45,1.61,8.846,20.672,13.441,13.44,13.441,15.992,0.0,0.0,0.0,0.0,6474.4,29443.0,0.0,23417.6,112353.0,4,4.0,4,16,16.0,16,4,16,4.56,9.98
72,1,,,,,,,100,55,51,34,35.3,2565,10801,30,0,61.1,72.3;73.5;76.0;72.8;70.2;72.6;79.5;81.0;76.0;76.0;81.8;96.0;63.4;62.4;24.9;30.5;54.6;59.8;24.9;19.7;50.3;55.5;47.3;44.1,40.61,0.08,0.01,0.32,13.441,0.0,341.0,0.0,4,16,,,,,,,,,,,,,,,,,,,,,,,,,,,,,,,,,,,,,,,,,,,,,,,,,,,,,,,,,,,,,
72,2,,,,,,,96,58,55,27,183.2,2745,10801,30,0,80.5,94.1;93.5;97.0;96.5;96.5;98.0;97.5;100.0;97.5;98.5;100.0;100.0;84.4;88.9;36.4;44.9;82.4;90.5;34.8;26.8;75.4;79.3;58.8;59.1,40.91,0.08,0.0,0.07,13.441,0.0,1464.0,0.0,4,16,,,,,,,,,,,,,,,,,,,,,,,,,,,,,,,,,,,,,,,,,,,,,,,,,,,,,,,,,,,,,
72,3,,,,,,,96,59,58,24,181.5,2745,10801,30,0,84.4,89.1;93.5;98.5;99.0;94.9;97.0;100.0;100.0;99.0;99.5;100.0;100.0;89.9;89.9;54.0;52.0;83.8;93.0;38.9;39.4;78.8;89.9;69.2;76.3,41.83,0.08,0.02,0.04,13.441,0.0,341.0,1464.0,4,16,,,,,,,,,,,,,,,,,,,,,,,,,,,,,,,,,,,,,,,,,,,,,,,,,,,,,,,,,,,,,
72,4,,,,,,,63,32,53,28,177.6,2745,10801,30,0,53.6,63.3;75.8;73.0;71.6;68.1;69.2;80.5;78.6;71.4;71.6;90.0;82.9;56.2;54.3;20.5;20.0;45.7;49.0;20.5;16.7;28.6;33.2;23.7;21.0,41.29,0.08,0.0,0.11,13.441,0.0,195.0,1367.0,4,16,,,,,,,,,,,,,,,,,,,,,,,,,,,,,,,,,,,,,,,,,,,,,,,,,,,,,,,,,,,,,
72,5,,,,,,,98,64,57,27,162.1,2745,10801,30,0,7.5,1.2;1.2;10.7;4.8;2.4;2.4;47.6;21.4;6.0;7.1;48.8;20.2;1.2;0.0;2.4;2.4;0.0;0.0;0.0;0.0;1.2;0.0;0.0;0.0,41.33,0.08,0.0,0.03,13.441,0.0,341.0,0.0,4,16,,,,,,,,,,,,,,,,,,,,,,,,,,,,,,,,,,,,,,,,,,,,,,,,,,,,,,,,,,,,,
72,summary,0.5393779597791317,0.8164596562954212,0.41600520781718703,0.8899193548387097,0.00083015,16.3,,,,,,,,,,,,,,,,,,,,,,63,90.6,100,32,53.6,64,51,54.8,58,24,28.0,34,35.3,147.94,183.2,2709.0,10801.0,30.0,0,7.5,57.42,84.4,40.61,41.19,41.83,63.16,0.08,0.08,0.08,24.11,0.0,0.01,0.02,0.03,0.11,0.32,8.846,20.672,13.441,13.44,13.441,15.992,0.0,0.0,0.0,195.0,536.4,1464.0,0.0,566.2,1464.0,4,4.0,4,16,16.0,16,4,16,4.59,9.93
73,1,,,,,,,0,0,48,34,28.6,480,5001,30,0,61.0,71.6;69.4;75.3;74.7;70.2;73.9;89.2;78.8;73.8;75.5;80.5;87.5;59.3;57.9;27.9;30.9;56.3;63.8;26.1;22.0;52.9;58.8;42.3;46.2,40.63,0.08,0.0,0.23,13.441,0.0,0.0,1708.0,4,16,,,,,,,,,,,,,,,,,,,,,,,,,,,,,,,,,,,,,,,,,,,,,,,,,,,,,,,,,,,,,
73,2,,,,,,,96,56,55,30,181.6,2745,10801,30,0,81.6,97.1;93.7;98.0;96.6;95.6;96.6;100.0;99.0;96.1;97.5;100.0;99.5;83.3;84.4;42.2;35.6;81.4;89.7;35.8;30.4;81.4;87.3;73.0;64.1,40.97,0.08,0.04,0.34,13.441,0.0,1025.0,195.0,4,16,,,,,,,,,,,,,,,,,,,,,,,,,,,,,,,,,,,,,,,,,,,,,,,,,,,,,,,,,,,,,
73,3,,,,,,,96,62,56,28,183.0,2745,10801,30,0,84.5,91.7;96.5;98.1;98.5;96.0;98.0;100.0;100.0;98.0;99.5;99.5;100.0;88.6;88.1;44.1;47.8;92.5;92.1;36.8;39.8;84.6;89.6;69.8;77.2,41.73,0.08,0.0,0.08,13.441,0.0,537.0,0.0,4,16,,,,,,,,,,,,,,,,,,,,,,,,,,,,,,,,,,,,,,,,,,,,,,,,,,,,,,,,,,,,,
73,4,,,,,,,28,14,59,29,170.7,2745,10801,30,0,54.3,67.0;70.6;75.6;74.0;70.0;67.0;80.0;86.5;72.5;74.5;85.0;84.0;52.0;58.2;20.0;18.5;49.3;51.5;17.5;15.0;34.0;34.8;21.4;25.0,41.27,0.08,0.0,0.06,13.441,0.0,0.0,1367.0,4,16,,,,,,,,,,,,,,,,,,,,,,,,,,,,,,,,,,,,,,,,,,,,,,,,,,,,,,,,,,,,,
73,5,,,,,,,98,63,56,28,160.2,2745,10801,30,0,7.3,9.1;0.0;2.4;3.5;2.4;0.0;9.4;51.8;7.1;7.0;25.9;42.4;3.5;7.1;0.0;0.0;1.2;2.4;0.0;0.0;0.0;0.0;0.0;0.0,41.31,0.08,0.17,0.88,13.441,0.0,292.0,341.0,4,16,,,,,,,,,,,,,,,,,,,,,,,,,,,,,,,,,,,,,,,,,,,,,,,,,,,,,,,,,,,,,
73,summary,0.5396418836660185,0.8172854955424113,0.4094753010298616,0.8918010752688172,0.00077609,16.3,,,,,,,,,,,,,,,,,,,,,,0,63.6,98,0,39.0,63,48,54.8,59,28,29.8,34,28.6,144.82,183.0,2292.0,9641.0,30.0,0,7.3,57.74,84.5,40.63,41.18,41.73,63.16,0.08,0.08,0.08,24.11,0.0,0.04,0.17,0.06,0.32,0.88,8.846,20.672,13.441,13.44,13.441,15.992,0.0,0.0,0.0,0.0,370.8,1025.0,0.0,722.2,1708.0,4,4.0,4,16,16.0,16,4,16,4.5,10.13
74,1,,,,,,,100,65,51,34,40.1,2565,10801,30,0,59.4,65.2;65.4;74.2;73.2;68.4;69.8;78.7;90.5;73.0;74.8;78.4;83.5;52.6;51.9;32.6;29.3;57.1;60.6;22.6;21.0;55.2;60.0;45.2;42.0,40.99,0.08,0.01,0.27,13.441,0.0,341.0,0.0,4,16,,,,,,,,,,,,,,,,,,,,,,,,,,,,,,,,,,,,,,,,,,,,,,,,,,,,,,,,,,,,,
74,2,,,,,,,96,55,55,26,178.2,2745,10801,30,0,84.4,93.6;97.2;98.1;96.3;92.1;96.3;99.5;100.0;96.3;99.1;100.0;100.0;87.1;89.8;49.1;48.1;91.6;93.0;46.3;31.2;82.3;85.6;76.9;75.8,40.75,0.08,0.0,0.1,13.441,0.0,2246.0,1464.0,4,16,,,,,,,,,,,,,,,,,,,,,,,,,,,,,,,,,,,,,,,,,,,,,,,,,,,,,,,,,,,,,
74,3,,,,,,,96,53,56,25,179.5,2745,10801,30,0,84.2,93.2;97.3;97.7;97.2;94.0;95.4;100.0;100.0;96.8;97.2;99.1;100.0;88.1;91.4;41.3;42.7;93.1;92.7;37.6;35.3;84.9;90.4;75.7;78.5,41.2,0.08,0.02,0.14,13.441,0.0,195.0,2685.0,4,16,,,,,,,,,,,,,,,,,,,,,,,,,,,,,,,,,,,,,,,,,,,,,,,,,,,,,,,,,,,,,
74,4,,,,,,,80,49,59,25,175.3,2745,10801,30,0,53.4,65.4;67.3;74.6;78.0;65.4;68.8;90.2;82.0;77.1;77.2;91.2;83.9;56.6;57.6;15.6;15.6;47.8;44.9;11.7;12.6;30.2;30.1;21.0;17.6,41.28,0.08,0.04,0.07,13.441,0.0,1464.0,48.0,4,16,,,,,,,,,,,,,,,,,,,,,,,,,,,,,,,,,,,,,,,,,,,,,,,,,,,,,,,,,,,,,
74,5,,,,,,,98,57,56,29,162.8,2745,10801,30,0,7.1,5.9;0.0;3.5;5.9;1.2;2.4;54.7;8.2;4.7;9.4;41.2;31.8;0.0;0.0;0.0;0.0;0.0;1.2;1.2;0.0;0.0;0.0;0.0;0.0,41.31,0.08,0.06,0.07,13.441,0.0,1123.0,1464.0,4,16,,,,,,,,,,,,,,,,,,,,,,,,,,,,,,,,,,,,,,,,,,,,,,,,,,,,,,,,,,,,,
74,summary,0.5385009067445886,0.8177615675789114,0.4184550275725703,0.8876792114695341,0.00072342,16.1,,,,,,,,,,,,,,,,,,,,,,80,94.0,100,49,55.8,65,51,55.4,59,25,27.8,34,40.1,147.18,179.5,2709.0,10801.0,30.0,0,7.1,57.7,84.4,40.75,41.11,41.31,63.16,0.08,0.08,0.08,24.11,0.0,0.03,0.06,0.07,0.13,0.27,8.846,20.672,13.441,13.44,13.441,15.992,0.0,0.0,0.0,195.0,1073.8,2246.0,0.0,1132.2,2685.0,4,4.0,4,16,16.0,16,4,16,4.51,9.95
75,1,,,,,,,100,54,50,34,36.0,495,5001,30,0,61.2,67.6;72.6;75.9;75.6;70.3;73.2;90.6;82.4;76.2;73.7;77.6;82.6;56.3;52.2;33.8;31.6;56.6;58.7;30.7;26.3;54.7;57.2;48.5;43.8,40.48,0.08,0.07,0.3,13.441,0.0,292.0,0.0,4,16,,,,,,,,,,,,,,,,,,,,,,,,,,,,,,,,,,,,,,,,,,,,,,,,,,,,,,,,,,,,,
75,2,,,,,,,95,52,56,31,177.2,2745,10801,30,0,82.6,92.0;94.5;97.5;95.0;98.5;96.5;99.0;99.0;98.0;97.5;99.5;100.0;87.4;85.4;48.7;38.2;89.0;91.5;33.7;30.7;83.9;83.0;70.4;74.0,40.9,0.08,0.03,0.25,13.441,0.0,341.0,1416.0,4,16,,,,,,,,,,,,,,,,,,,,,,,,,,,,,,,,,,,,,,,,,,,,,,,,,,,,,,,,,,,,,
75,3,,,,,,,96,52,57,28,178.8,2745,10801,30,0,84.2,94.1;96.0;97.0;98.5;95.0;99.0;99.5;100.0;98.0;99.5;100.0;100.0;90.1;91.5;51.0;41.0;88.0;86.0;40.0;39.0;81.6;87.5;74.0;75.1,41.37,0.08,0.0,0.06,13.441,0.0,0.0,1464.0,4,16,,,,,,,,,,,,,,,,,,,,,,,,,,,,,,,,,,,,,,,,,,,,,,,,,,,,,,,,,,,,,
75,4,,,,,,,98,62,55,25,158.7,2760,10801,30,0,51.9,69.6;70.8;71.2;70.8;66.7;70.3;76.3;81.8;70.1;71.8;82.3;86.9;50.9;56.8;12.7;14.6;46.8;54.3;11.9;10.5;28.8;28.8;21.5;19.2,41.33,0.08,0.02,0.13,13.441,0.0,32714.0,16259.0,4,16,,,,,,,,,,,,,,,,,,,,,,,,,,,,,,,,,,,,,,,,,,,,,,,,,,,,,,,,,,,,,
75,5,,,,,,,98,56,56,25,178.1,2745,10801,30,0,8.0,4.8;2.4;2.4;4.8;2.4;0.0;14.1;45.9;8.4;4.8;32.1;57.1;1.2;1.2;0.0;1.2;2.4;0.0;0.0;0.0;1.2;2.4;0.0;0.0,41.36,0.08,0.0,0.13,13.441,0.0,341.0,195.0,4,16,,,,,,,,,,,,,,,,,,,,,,,,,,,,,,,,,,,,,,,,,,,,,,,,,,,,,,,,,,,,,
75,summary,0.5371070369720548,0.818395034860132,0.41592773305899783,0.8873655913978494,0.00067221,16.2,,,,,,,,,,,,,,,,,,,,,,95,97.4,100,52,55.2,62,50,54.8,57,25,28.6,34,36.0,145.76,178.8,2298.0,9641.0,30.0,0,8.0,57.58,84.2,40.48,41.09,41.37,63.16,0.08,0.08,0.08,24.11,0.0,0.02,0.07,0.06,0.17,0.3,8.846,20.672,13.441,13.44,13.441,15.992,0.0,0.0,0.0,0.0,6737.6,32714.0,0.0,3866.8,16259.0,4,4.0,4,16,16.0,16,4,16,4.65,9.94
76,1,,,,,,,100,46,50,34,38.5,555,5001,30,0,58.8,69.4;70.0;73.6;73.3;68.0;71.5;77.0;80.3;73.8;74.5;85.8;88.7;50.6;53.1;25.1;27.9;57.5;59.7;22.0;21.6;51.3;52.2;42.0;43.9,40.69,0.08,0.0,0.28,13.441,0.0,341.0,97.0,4,16,,,,,,,,,,,,,,,,,,,,,,,,,,,,,,,,,,,,,,,,,,,,,,,,,,,,,,,,,,,,,
76,2,,,,,,,96,61,55,28,136.5,2745,10801,30,0,84.2,94.1;93.5;99.1;97.4;95.7;97.8;100.0;99.6;99.1;99.6;100.0;100.0;90.9;89.7;43.3;55.4;88.3;92.7;35.8;33.3;82.3;92.6;67.5;73.6,40.89,0.08,0.0,0.09,13.441,0.0,976.0,1464.0,4,16,,,,,,,,,,,,,,,,,,,,,,,,,,,,,,,,,,,,,,,,,,,,,,,,,,,,,,,,,,,,,
76,3,,,,,,,96,53,58,28,179.4,2745,10801,30,0,85.7,92.6;96.5;98.0;94.9;93.9;97.5;100.0;100.0;98.5;99.5;100.0;100.0;88.9;92.5;50.8;60.3;92.0;93.5;38.9;41.4;86.4;83.8;76.8;79.8,41.1,0.08,0.24,1.12,13.441,0.0,48.0,6054.0,4,16,,,,,,,,,,,,,,,,,,,,,,,,,,,,,,,,,,,,,,,,,,,,,,,,,,,,,,,,,,,,,
76,4,,,,,,,98,53,55,27,179.3,2745,10801,30,0,55.4,67.0;65.6;76.4;80.2;74.5;77.4;88.7;88.3;80.2;81.6;88.7;84.9;48.1;54.2;17.9;19.8;41.0;48.4;13.7;14.1;30.7;39.2;25.5;22.6,41.27,0.08,0.03,0.15,13.441,0.0,244.0,1367.0,4,16,,,,,,,,,,,,,,,,,,,,,,,,,,,,,,,,,,,,,,,,,,,,,,,,,,,,,,,,,,,,,
76,5,,,,,,,98,61,56,29,161.2,2745,10801,30,0,8.0,5.9;3.6;6.0;10.7;1.2;1.2;41.7;25.0;9.5;10.7;58.3;7.1;2.4;4.8;0.0;0.0;0.0;0.0;0.0;0.0;1.2;0.0;0.0;2.4,41.3,0.08,0.05,0.04,13.441,0.0,537.0,390.0,4,16,,,,,,,,,,,,,,,,,,,,,,,,,,,,,,,,,,,,,,,,,,,,,,,,,,,,,,,,,,,,,
76,summary,0.5364738821888828,0.8197183208064854,0.4035429257645829,0.8935931899641577,0.00062251,16.3,,,,,,,,,,,,,,,,,,,,,,96,97.6,100,46,54.8,61,50,54.8,58,27,29.2,34,38.5,138.98,179.4,2307.0,9641.0,30.0,0,8.0,58.42,85.7,40.69,41.05,41.3,63.16,0.08,0.08,0.08,24.11,0.0,0.06,0.24,0.04,0.34,1.12,8.846,20.672,13.441,13.44,13.441,15.992,0.0,0.0,0.0,48.0,429.2,976.0,97.0,1874.4,6054.0,4,4.0,4,16,16.0,16,4,16,4.5,10.13
77,1,,,,,,,1,0,49,34,29.7,585,5001,30,0,60.1,68.8;69.9;74.7;71.7;70.5;73.2;82.0;80.5;75.0;75.4;87.5;84.1;55.5;56.4;28.0;37.3;54.3;59.5;25.8;22.5;53.8;55.2;40.3;41.8,40.4,0.08,0.0,0.3,13.441,0.0,0.0,1416.0,4,16,,,,,,,,,,,,,,,,,,,,,,,,,,,,,,,,,,,,,,,,,,,,,,,,,,,,,,,,,,,,,
77,2,,,,,,,96,60,55,28,157.0,2745,10801,30,0,83.2,96.6;95.2;97.4;94.3;98.3;98.7;99.6;99.6;99.6;99.6;100.0;100.0;92.6;93.5;41.9;38.4;90.0;96.1;28.1;28.4;82.1;85.2;62.0;79.9,40.98,0.08,0.0,0.17,13.441,0.0,585.0,0.0,4,16,,,,,,,,,,,,,,,,,,,,,,,,,,,,,,,,,,,,,,,,,,,,,,,,,,,,,,,,,,,,,
77,3,,,,,,,76,44,54,26,180.2,2745,10801,30,0,83.4,87.4;96.0;96.0;95.5;95.6;97.0;98.5;99.5;98.5;98.5;100.0;100.0;86.1;89.6;49.3;47.0;88.6;90.5;39.1;33.3;85.6;81.6;73.1;74.1,41.38,0.08,0.0,0.08,13.441,0.0,341.0,0.0,4,16,,,,,,,,,,,,,,,,,,,,,,,,,,,,,,,,,,,,,,,,,,,,,,,,,,,,,,,,,,,,,
77,4,,,,,,,23,7,54,26,173.0,2745,10801,30,0,53.0,66.5;69.3;76.2;75.2;69.3;70.4;80.1;84.0;73.8;77.2;83.5;90.3;55.8;61.2;9.3;10.7;50.0;47.1;9.3;10.2;28.8;32.2;21.0;18.5,41.28,0.08,0.02,0.05,13.441,0.0,537.0,0.0,4,16,,,,,,,,,,,,,,,,,,,,,,,,,,,,,,,,,,,,,,,,,,,,,,,,,,,,,,,,,,,,,
77,5,,,,,,,98,63,59,30,161.6,2745,10801,30,0,6.8,3.5;1.2;1.2;6.0;0.0;3.6;13.3;56.6;3.6;10.8;31.3;33.7;0.0;0.0;0.0;0.0;0.0;0.0;0.0;0.0;0.0;0.0;0.0;0.0,41.31,0.08,0.0,0.22,13.441,0.0,5859.0,115039.0,4,16,,,,,,,,,,,,,,,,,,,,,,,,,,,,,,,,,,,,,,,,,,,,,,,,,,,,,,,,,,,,,
77,summary,0.5366477642552296,0.8191062281881282,0.3960273907389692,0.8986559139784946,0.00057438,16.4,,,,,,,,,,,,,,,,,,,,,,1,58.8,98,0,34.8,63,49,54.2,59,26,28.8,34,29.7,140.3,180.2,2313.0,9641.0,30.0,0,6.8,57.3,83.4,40.4,41.07,41.38,63.16,0.08,0.08,0.08,24.11,0.0,0.0,0.02,0.05,0.16,0.3,8.846,20.672,13.441,13.44,13.441,15.992,0.0,0.0,0.0,0.0,1464.4,5859.0,0.0,23291.0,115039.0,4,4.0,4,16,16.0,16,4,16,4.65,10.02
78,1,,,,,,,100,52,50,34,35.6,2565,10801,30,0,60.4,68.4;71.3;74.2;74.3;69.8;72.6;84.2;85.8;72.7;73.6;84.0;79.5;56.9;53.4;29.4;33.1;57.3;59.6;27.0;25.2;55.1;57.5;41.6;41.9,40.4,0.08,0.0,0.34,13.441,0.0,292.0,1367.0,4,16,,,,,,,,,,,,,,,,,,,,,,,,,,,,,,,,,,,,,,,,,,,,,,,,,,,,,,,,,,,,,
78,2,,,,,,,96,56,56,31,179.4,2745,10801,30,0,84.2,91.1;95.0;98.5;99.0;95.0;98.0;99.5;100.0;96.0;98.0;98.5;100.0;89.0;88.5;45.7;50.8;90.5;94.0;39.2;35.0;81.9;86.5;76.4;74.4,40.81,0.08,0.0,0.09,13.441,0.0,1025.0,1806.0,4,16,,,,,,,,,,,,,,,,,,,,,,,,,,,,,,,,,,,,,,,,,,,,,,,,,,,,,,,,,,,,,
78,3,,,,,,,96,62,57,29,183.6,2745,10801,30,0,85.9,94.6;91.1;98.5;94.6;93.5;96.5;99.5;100.0;98.5;99.5;100.0;100.0;86.1;90.0;52.2;63.7;92.1;93.0;44.8;48.3;82.2;87.1;74.1;80.2,41.14,0.08,0.0,0.09,13.481,0.0,341.0,1416.0,4,16,,,,,,,,,,,,,,,,,,,,,,,,,,,,,,,,,,,,,,,,,,,,,,,,,,,,,,,,,,,,,
78,4,,,,,,,100,64,58,26,159.9,2745,10801,30,0,57.5,73.1;66.7;79.5;80.5;71.9;75.2;86.7;84.4;83.3;83.3;94.3;88.6;61.0;65.1;15.2;20.9;42.9;56.4;12.4;18.0;33.5;35.5;24.3;28.1,41.28,0.08,0.0,0.08,13.479,0.0,341.0,1757.0,4,16,,,,,,,,,,,,,,,,,,,,,,,,,,,,,,,,,,,,,,,,,,,,,,,,,,,,,,,,,,,,,
78,5,,,,,,,98,53,57,27,164.7,2745,10801,30,0,8.9,13.5;4.7;4.7;8.2;1.2;5.8;27.1;34.1;10.5;9.4;45.9;37.2;1.2;1.2;0.0;0.0;1.2;3.5;0.0;0.0;1.2;1.2;0.0;1.2,41.32,0.08,0.01,0.08,13.473,0.0,1806.0,1464.0,4,16,,,,,,,,,,,,,,,,,,,,,,,,,,,,,,,,,,,,,,,,,,,,,,,,,,,,,,,,,,,,,
78,summary,0.5361527556696912,0.8190518199553852,0.40268293533701194,0.8956989247311828,0.00052788,16.1,,,,,,,,,,,,,,,,,,,,,,96,98.0,100,52,57.4,64,50,55.6,58,26,29.4,34,35.6,144.64,183.6,2709.0,10801.0,30.0,0,8.9,59.38,85.9,40.4,40.99,41.32,63.16,0.08,0.08,0.08,24.11,0.0,0.0,0.01,0.08,0.14,0.34,8.846,20.672,13.441,13.46,13.481,15.992,0.0,0.0,0.0,292.0,761.0,1806.0,1367.0,1562.0,1806.0,4,4.0,4,16,16.0,16,4,16,4.46,9.97
79,1,,,,,,,1,0,49,34,29.0,390,5001,30,0,63.0,71.8;71.6;77.2;74.6;70.4;73.5;83.1;95.0;75.5;77.2;79.8;80.1;59.2;57.7;35.3;34.0;60.2;64.0;30.1;31.8;55.6;60.6;46.8;47.6,40.64,0.08,0.0,0.23,13.465,0.0,2783.0,5712.0,4,16,,,,,,,,,,,,,,,,,,,,,,,,,,,,,,,,,,,,,,,,,,,,,,,,,,,,,,,,,,,,,
79,2,,,,,,,97,63,58,28,181.3,2745,10801,30,0,80.2,94.2;95.1;99.0;98.0;90.6;94.1;99.5;98.0;100.0;99.0;99.5;100.0;81.7;82.2;38.1;37.1;85.1;90.6;28.7;26.7;79.4;77.7;64.7;63.9,40.97,0.08,0.0,0.08,13.465,0.0,0.0,1757.0,4,16,,,,,,,,,,,,,,,,,,,,,,,,,,,,,,,,,,,,,,,,,,,,,,,,,,,,,,,,,,,,,
79,3,,,,,,,96,51,57,25,179.3,2745,10801,30,0,84.7,96.2;95.5;98.0;97.0;94.9;97.0;100.0;99.5;98.0;98.0;100.0;100.0;92.9;88.9;42.7;52.8;87.9;88.9;39.4;40.4;89.4;87.9;66.8;81.1,41.51,0.08,0.03,0.18,13.465,0.0,341.0,341.0,4,16,,,,,,,,,,,,,,,,,,,,,,,,,,,,,,,,,,,,,,,,,,,,,,,,,,,,,,,,,,,,,
79,4,,,,,,,97,58,56,25,180.2,2745,10801,30,0,55.7,69.0;70.9;75.9;77.6;71.3;73.5;83.7;89.4;76.5;79.7;91.3;86.2;61.5;59.0;20.5;17.4;50.0;49.0;13.8;15.4;30.3;28.7;21.0;23.1,41.31,0.08,0.02,0.05,13.465,0.0,52539.0,106396.0,4,16,,,,,,,,,,,,,,,,,,,,,,,,,,,,,,,,,,,,,,,,,,,,,,,,,,,,,,,,,,,,,
79,5,,,,,,,98,55,60,27,174.7,2745,10801,30,0,7.5,3.6;2.4;2.4;3.6;4.8;2.4;38.6;30.1;3.6;7.2;28.6;37.3;3.6;2.4;1.3;1.3;1.2;1.2;0.0;0.0;1.2;1.2;1.2;1.2,41.33,0.08,0.0,0.08,13.465,0.0,341.0,341.0,4,16,,,,,,,,,,,,,,,,,,,,,,,,,,,,,,,,,,,,,,,,,,,,,,,,,,,,,,,,,,,,,
79,summary,0.534869422599937,0.8203459586341979,0.3964873287840129,0.9029569892473118,0.00048305,16.1,,,,,,,,,,,,,,,,,,,,,,1,77.8,98,0,45.4,63,49,56.0,60,25,27.8,34,29.0,148.9,181.3,2274.0,9641.0,30.0,0,7.5,58.22,84.7,40.64,41.15,41.51,63.16,0.08,0.08,0.08,24.11,0.0,0.01,0.03,0.05,0.12,0.23,8.846,20.672,13.465,13.46,13.465,15.992,0.0,0.0,0.0,0.0,11200.8,52539.0,341.0,22909.4,106396.0,4,4.0,4,16,16.0,16,4,16,4.45,10.05
80,1,,,,,,,7,2,49,34,29.0,360,5001,30,0,63.1,73.6;74.7;78.5;76.6;75.7;77.8;83.2;79.7;77.0;77.2;85.9;93.0;57.5;60.9;28.9;32.4;60.3;62.2;26.2;23.8;55.9;60.3;43.5;49.7,40.75,0.08,0.0,0.22,13.465,0.0,195.0,1367.0,4,16,,,,,,,,,,,,,,,,,,,,,,,,,,,,,,,,,,,,,,,,,,,,,,,,,,,,,,,,,,,,,
80,2,,,,,,,96,62,54,27,184.0,2745,10801,30,0,77.4,94.3;95.2;96.6;95.7;97.6;98.1;97.6;100.0;99.0;97.1;98.6;99.5;83.1;80.7;34.4;30.0;79.8;85.7;22.7;23.2;66.3;69.6;49.0;63.5,41.39,0.08,0.0,0.07,13.465,0.0,341.0,1464.0,4,16,,,,,,,,,,,,,,,,,,,,,,,,,,,,,,,,,,,,,,,,,,,,,,,,,,,,,,,,,,,,,
80,3,,,,,,,96,52,56,28,182.4,2745,10801,30,0,84.2,95.6;95.5;96.5;96.5;97.5;99.0;100.0;100.0;98.0;98.0;100.0;100.0;94.0;96.0;44.0;47.5;89.0;92.5;29.5;26.5;89.5;88.1;72.5;75.6,41.12,0.08,0.0,0.07,13.465,0.0,16308.0,235009.0,4,16,,,,,,,,,,,,,,,,,,,,,,,,,,,,,,,,,,,,,,,,,,,,,,,,,,,,,,,,,,,,,
80,4,,,,,,,98,63,57,28,184.4,2745,10801,30,0,50.7,65.0;69.9;71.5;70.5;63.7;66.8;85.0;83.9;76.2;73.1;82.4;80.9;53.9;58.5;10.9;8.3;48.7;40.9;6.7;9.8;26.8;22.3;20.7;20.7,41.45,0.08,0.01,0.11,13.465,0.0,537.0,1806.0,4,16,,,,,,,,,,,,,,,,,,,,,,,,,,,,,,,,,,,,,,,,,,,,,,,,,,,,,,,,,,,,,
80,5,,,,,,,98,62,58,27,184.6,2745,10801,30,0,6.6,3.5;2.4;2.4;2.4;3.6;1.2;3.6;36.5;6.0;7.1;29.4;57.6;0.0;1.2;0.0;0.0;0.0;0.0;0.0;0.0;0.0;0.0;0.0;0.0,41.49,0.08,0.0,0.02,13.465,0.0,1464.0,5078.0,4,16,,,,,,,,,,,,,,,,,,,,,,,,,,,,,,,,,,,,,,,,,,,,,,,,,,,,,,,,,,,,,
80,summary,0.5357845399958409,0.8198213078184631,0.40478838177992027,0.8943548387096775,0.00043995,16.4,,,,,,,,,,,,,,,,,,,,,,7,79.0,98,2,48.2,63,49,54.8,58,27,28.8,34,29.0,152.88,184.6,2268.0,9641.0,30.0,0,6.6,56.4,84.2,40.75,41.24,41.49,63.16,0.08,0.08,0.08,24.11,0.0,0.0,0.01,0.02,0.1,0.22,8.846,20.672,13.465,13.46,13.465,15.992,0.0,0.0,0.0,195.0,3769.0,16308.0,1367.0,48944.8,235009.0,4,4.0,4,16,16.0,16,4,16,4.6,10.16
81,1,,,,,,,100,64,50,33,38.7,960,5001,30,0,60.1,67.1;70.7;74.1;72.2;68.8;71.2;75.6;87.3;71.3;74.7;81.4;87.0;57.7;59.6;29.5;31.5;53.4;57.7;23.8;28.2;54.1;59.0;42.6;43.2,40.76,0.08,0.0,0.24,13.465,0.0,390.0,3710.0,4,16,,,,,,,,,,,,,,,,,,,,,,,,,,,,,,,,,,,,,,,,,,,,,,,,,,,,,,,,,,,,,
81,2,,,,,,,96,58,58,26,166.8,2745,10801,30,0,83.6,94.9;95.2;97.6;97.6;94.7;98.1;100.0;100.0;96.2;99.5;98.6;100.0;89.0;91.4;43.8;44.7;90.0;91.9;38.5;36.1;84.6;84.1;65.4;74.2,40.88,0.08,0.0,0.25,13.465,0.0,2294.0,1708.0,4,16,,,,,,,,,,,,,,,,,,,,,,,,,,,,,,,,,,,,,,,,,,,,,,,,,,,,,,,,,,,,,
81,3,,,,,,,92,49,56,28,181.9,2745,10801,30,0,84.3,93.9;95.7;97.1;97.6;95.7;99.0;100.0;100.0;97.1;99.0;100.0;100.0;88.9;90.8;46.6;57.0;83.3;90.9;30.9;34.6;80.3;87.1;75.4;80.7,41.26,0.08,0.0,0.08,13.465,0.0,292.0,0.0,4,16,,,,,,,,,,,,,,,,,,,,,,,,,,,,,,,,,,,,,,,,,,,,,,,,,,,,,,,,,,,,,
81,4,,,,,,,98,53,58,24,165.7,2760,10801,30,0,54.9,64.6;68.3;77.7;76.8;73.7;76.8;84.4;79.0;77.2;78.6;86.2;85.7;55.4;56.2;20.9;19.2;44.6;53.1;14.7;13.4;29.9;35.6;24.1;19.6,41.41,0.08,0.0,0.06,13.465,0.0,976.0,195.0,4,16,,,,,,,,,,,,,,,,,,,,,,,,,,,,,,,,,,,,,,,,,,,,,,,,,,,,,,,,,,,,,
81,5,,,,,,,98,61,56,27,164.5,2745,10801,30,0,7.6,9.4;1.2;4.8;6.0;2.4;4.8;59.0;8.2;6.0;9.6;38.8;24.1;1.2;1.2;0.0;0.0;0.0;1.2;0.0;1.2;0.0;1.2;0.0;1.2,41.44,0.08,0.0,0.13,13.465,0.0,292.0,1757.0,4,16,,,,,,,,,,,,,,,,,,,,,,,,,,,,,,,,,,,,,,,,,,,,,,,,,,,,,,,,,,,,,
81,summary,0.5340400396379832,0.8205325011464591,0.41042112975137635,0.8938172043010753,0.00039862,16.3,,,,,,,,,,,,,,,,,,,,,,92,96.8,100,49,57.0,64,50,55.6,58,24,27.6,33,38.7,143.52,181.9,2391.0,9641.0,30.0,0,7.6,58.1,84.3,40.76,41.15,41.44,63.16,0.08,0.08,0.08,25.12,0.0,0.0,0.0,0.06,0.15,0.25,8.846,20.672,13.465,13.46,13.465,15.992,0.0,0.0,0.0,292.0,848.8,2294.0,0.0,1474.0,3710.0,4,4.0,4,16,16.0,16,4,16,4.49,10.17
82,1,,,,,,,0,0,49,35,29.1,525,5001,30,0,59.9,66.1;70.8;73.4;73.7;70.3;72.8;81.2;89.6;73.0;74.6;79.6;77.7;56.1;56.6;30.6;30.7;57.1;60.9;25.1;23.8;51.1;54.5;45.5;41.9,40.75,0.08,0.0,0.28,13.465,0.0,2392.0,1367.0,4,16,,,,,,,,,,,,,,,,,,,,,,,,,,,,,,,,,,,,,,,,,,,,,,,,,,,,,,,,,,,,,
82,2,,,,,,,96,50,58,27,151.7,2745,10801,30,0,84.3,92.6;94.9;97.2;93.5;98.6;98.6;99.5;100.0;93.5;98.6;99.5;100.0;94.4;93.5;51.6;51.9;94.0;93.5;34.7;31.8;84.6;89.4;62.8;75.3,40.99,0.08,0.0,0.05,13.465,0.0,0.0,1367.0,4,16,,,,,,,,,,,,,,,,,,,,,,,,,,,,,,,,,,,,,,,,,,,,,,,,,,,,,,,,,,,,,
82,3,,,,,,,96,52,60,28,179.0,2745,10801,30,0,84.9,91.5;95.7;97.1;95.2;94.8;96.7;100.0;100.0;97.6;97.6;99.0;100.0;89.0;89.6;51.9;51.0;85.8;92.5;42.9;41.2;86.2;87.6;73.8;82.9,41.59,0.08,0.0,0.08,13.465,0.0,1660.0,1416.0,4,16,,,,,,,,,,,,,,,,,,,,,,,,,,,,,,,,,,,,,,,,,,,,,,,,,,,,,,,,,,,,,
82,4,,,,,,,98,61,59,28,170.5,2760,10801,30,0,53.9,69.8;71.7;80.3;75.8;74.2;74.2;89.9;82.3;79.9;81.3;89.4;85.4;59.6;57.1;7.6;10.1;52.5;52.8;10.1;12.1;23.2;23.7;14.1;15.7,41.44,0.08,0.02,0.08,13.465,0.0,292.0,3125.0,4,16,,,,,,,,,,,,,,,,,,,,,,,,,,,,,,,,,,,,,,,,,,,,,,,,,,,,,,,,,,,,,
82,5,,,,,,,98,54,56,28,166.6,2745,10801,30,0,7.4,8.0;0.0;1.2;8.3;1.2;0.0;15.5;52.4;4.8;7.1;14.3;59.5;0.0;2.4;0.0;0.0;0.0;0.0;0.0;0.0;0.0;0.0;2.4;0.0,41.47,0.08,0.0,0.04,13.465,0.0,0.0,1367.0,4,16,,,,,,,,,,,,,,,,,,,,,,,,,,,,,,,,,,,,,,,,,,,,,,,,,,,,,,,,,,,,,
82,summary,0.5328626098946325,0.8207132142052123,0.4060258527810428,0.8951612903225806,0.00035912,16.1,,,,,,,,,,,,,,,,,,,,,,0,77.6,98,0,43.4,61,49,56.4,60,27,29.2,35,29.1,139.38,179.0,2304.0,9641.0,30.0,0,7.4,58.08,84.9,40.75,41.25,41.59,63.16,0.08,0.08,0.08,25.12,0.0,0.0,0.02,0.04,0.11,0.28,8.846,20.672,13.465,13.46,13.465,15.992,0.0,0.0,0.0,0.0,868.8,2392.0,1367.0,1728.4,3125.0,4,4.0,4,16,16.0,16,4,16,4.29,10.05
83,1,,,,,,,1,0,49,34,28.2,480,5001,30,0,61.0,69.2;72.0;74.3;73.7;70.3;72.0;76.0;90.7;70.8;72.5;78.2;87.0;54.4;58.4;34.4;35.3;55.8;58.8;28.9;27.5;54.2;54.7;45.9;49.2,40.63,0.08,0.0,0.25,13.465,0.0,0.0,1562.0,4,16,,,,,,,,,,,,,,,,,,,,,,,,,,,,,,,,,,,,,,,,,,,,,,,,,,,,,,,,,,,,,
83,2,,,,,,,96,54,56,27,178.9,2745,10801,30,0,83.8,95.2;95.6;97.5;93.6;94.1;97.0;100.0;98.0;97.1;98.5;99.5;100.0;92.1;89.7;48.0;49.8;84.2;85.2;39.4;43.3;78.5;86.8;73.5;75.5,41.0,0.08,0.01,0.13,13.465,0.0,390.0,781.0,4,16,,,,,,,,,,,,,,,,,,,,,,,,,,,,,,,,,,,,,,,,,,,,,,,,,,,,,,,,,,,,,
83,3,,,,,,,85,50,58,28,178.8,2745,10801,30,0,84.3,95.7;96.1;97.5;94.6;97.5;98.0;100.0;100.0;97.6;97.0;100.0;100.0;87.7;90.1;52.0;52.2;87.7;91.3;41.7;41.4;82.4;85.2;62.4;74.0,41.18,0.08,0.02,0.02,13.465,0.0,0.0,1806.0,4,16,,,,,,,,,,,,,,,,,,,,,,,,,,,,,,,,,,,,,,,,,,,,,,,,,,,,,,,,,,,,,
83,4,,,,,,,0,0,52,28,163.0,2760,10801,30,0,53.6,67.1;65.9;77.1;75.5;70.2;74.0;85.6;82.2;80.4;74.2;89.0;85.6;51.9;52.4;18.3;16.7;39.9;45.9;13.9;12.5;29.8;28.8;23.1;25.0,41.36,0.08,0.29,0.09,13.465,0.0,16601.0,0.0,4,16,,,,,,,,,,,,,,,,,,,,,,,,,,,,,,,,,,,,,,,,,,,,,,,,,,,,,,,,,,,,,
83,5,,,,,,,98,55,60,28,161.3,2745,10801,30,0,6.7,5.8;0.0;3.6;1.2;0.0;2.4;31.8;30.6;5.9;2.4;64.7;11.8;0.0;0.0;0.0;0.0;0.0;0.0;0.0;0.0;0.0;0.0;0.0;0.0,41.39,0.08,0.0,0.09,13.465,0.0,292.0,0.0,4,16,,,,,,,,,,,,,,,,,,,,,,,,,,,,,,,,,,,,,,,,,,,,,,,,,,,,,,,,,,,,,
83,summary,0.5310574679930005,0.8216031774407921,0.40120680919684815,0.8972222222222223,0.00032149,16.3,,,,,,,,,,,,,,,,,,,,,,0,56.0,98,0,31.8,55,49,55.0,60,27,29.0,34,28.2,142.04,178.9,2295.0,9641.0,30.0,0,6.7,57.88,84.3,40.63,41.11,41.39,63.16,0.08,0.08,0.08,25.12,0.0,0.06,0.29,0.02,0.12,0.25,8.846,20.672,13.465,13.46,13.465,15.992,0.0,0.0,0.0,0.0,3456.6,16601.0,0.0,829.8,1806.0,4,4.0,4,16,16.0,16,4,16,4.51,10.16
84,1,,,,,,,100,70,50,34,37.2,735,5001,30,0,61.3,69.4;72.6;75.1;72.4;70.4;71.9;86.9;85.8;74.0;74.8;81.0;82.0;59.5;60.4;29.5;33.7;59.5;62.1;24.6;24.0;53.8;58.0;45.0;46.3,40.57,0.08,0.04,0.72,13.465,0.0,244.0,1367.0,4,16,,,,,,,,,,,,,,,,,,,,,,,,,,,,,,,,,,,,,,,,,,,,,,,,,,,,,,,,,,,,,
84,2,,,,,,,97,56,57,29,174.8,2745,10801,30,0,82.3,90.7;96.0;97.0;96.0;97.0;97.5;100.0;99.5;97.5;97.0;100.0;99.5;92.0;92.0;50.5;50.5;82.0;88.0;33.0;33.0;73.0;82.5;61.7;69.0,40.95,0.08,0.01,0.14,13.465,0.0,1416.0,97.0,4,16,,,,,,,,,,,,,,,,,,,,,,,,,,,,,,,,,,,,,,,,,,,,,,,,,,,,,,,,,,,,,
84,3,,,,,,,96,52,59,26,179.5,2745,10801,30,0,85.5,93.2;92.6;99.0;95.0;97.0;98.5;99.5;100.0;98.5;99.5;100.0;100.0;88.1;90.0;53.2;59.2;89.2;95.0;46.8;43.3;78.4;87.6;70.1;77.1,41.36,0.08,0.0,0.08,13.465,0.0,14990.0,21582.0,4,16,,,,,,,,,,,,,,,,,,,,,,,,,,,,,,,,,,,,,,,,,,,,,,,,,,,,,,,,,,,,,
84,4,,,,,,,100,61,58,25,157.5,2745,10801,30,0,56.0,69.6;68.1;73.2;74.2;67.9;72.9;86.1;83.3;75.1;77.0;90.5;90.0;56.9;56.5;23.9;26.7;49.0;47.6;22.0;21.4;29.7;30.1;27.8;25.4,41.35,0.08,0.0,0.07,13.465,0.0,37109.0,28320.0,4,16,,,,,,,,,,,,,,,,,,,,,,,,,,,,,,,,,,,,,,,,,,,,,,,,,,,,,,,,,,,,,
84,5,,,,,,,98,56,58,30,161.7,2745,10801,30,0,5.9,0.0;2.4;0.0;2.4;2.4;1.2;10.6;43.5;5.8;4.7;10.6;55.3;0.0;0.0;0.0;0.0;1.2;0.0;0.0;1.2;0.0;0.0;1.2;0.0,41.38,0.08,0.0,0.08,13.465,0.0,10937.0,15429.0,4,16,,,,,,,,,,,,,,,,,,,,,,,,,,,,,,,,,,,,,,,,,,,,,,,,,,,,,,,,,,,,,
84,summary,0.5324654933162031,0.8206801806353327,0.397757263807413,0.8979838709677419,0.00028577,16.1,,,,,,,,,,,,,,,,,,,,,,96,98.2,100,52,59.0,70,50,56.4,59,25,28.8,34,37.2,142.14,179.5,2343.0,9641.0,30.0,0,5.9,58.2,85.5,40.57,41.12,41.38,63.16,0.08,0.08,0.08,25.12,0.0,0.01,0.04,0.07,0.22,0.72,8.846,20.672,13.465,13.46,13.465,15.992,0.0,0.0,0.0,244.0,12939.2,37109.0,97.0,13359.0,28320.0,4,4.0,4,16,16.0,16,4,16,4.37,10.06
