epoch,sample_point,train_loss,train_acc,val_loss,val_acc,lr,epoch_time_s,cuda_util_pct,cuda_mem_util_pct,gpu_temp_c,gpu_temp_tlimit_c,gpu_power_w,gpu_clock_sm_mhz,gpu_clock_mem_mhz,gpu_fan_pct,gpu_throttled,cpu_pct,cpu_pct_per_core,ram_used_gb,swap_used_gb,disk_read_mb_s,disk_write_mb_s,nvsmi_vram_used_gb,vram_other_processes_gb,pcie_tx_kb_s,pcie_rx_kb_s,pcie_link_gen_current,pcie_link_width_current,cuda_util_pct_min,cuda_util_pct_avg,cuda_util_pct_max,cuda_mem_util_pct_min,cuda_mem_util_pct_avg,cuda_mem_util_pct_max,gpu_temp_c_min,gpu_temp_c_avg,gpu_temp_c_max,gpu_temp_tlimit_c_min,gpu_temp_tlimit_c_avg,gpu_temp_tlimit_c_max,gpu_power_w_min,gpu_power_w_avg,gpu_power_w_max,gpu_clock_sm_mhz_avg,gpu_clock_mem_mhz_avg,gpu_fan_pct_avg,gpu_throttled_any,cpu_pct_min,cpu_pct_avg,cpu_pct_max,ram_used_gb_min,ram_used_gb_avg,ram_used_gb_max,ram_total_gb,swap_used_gb_min,swap_used_gb_avg,swap_used_gb_max,swap_total_gb,disk_read_mb_s_min,disk_read_mb_s_avg,disk_read_mb_s_max,disk_write_mb_s_min,disk_write_mb_s_avg,disk_write_mb_s_max,vram_peak_alloc_gb,vram_peak_reserved_gb,nvsmi_vram_used_gb_min,nvsmi_vram_used_gb_avg,nvsmi_vram_used_gb_max,nvsmi_vram_total_gb,vram_other_processes_gb_min,vram_other_processes_gb_avg,vram_other_processes_gb_max,pcie_tx_kb_s_min,pcie_tx_kb_s_avg,pcie_tx_kb_s_max,pcie_rx_kb_s_min,pcie_rx_kb_s_avg,pcie_rx_kb_s_max,pcie_link_gen_current_min,pcie_link_gen_current_avg,pcie_link_gen_current_max,pcie_link_width_current_min,pcie_link_width_current_avg,pcie_link_width_current_max,pcie_link_gen_max,pcie_link_width_max,data_wait_s,compute_s
1,1,,,,,,,99,59,51,27,31.0,2565,10801,30,0,6.7,2.5;6.6;3.2;3.4;2.3;2.3;20.6;41.2;5.9;4.9;16.4;41.1;2.0;1.9;0.5;0.6;1.2;1.1;0.3;0.2;0.9;1.2;0.5;0.9,37.58,0.08,0.15,0.62,14.972,0.665,195.0,9472.0,4,16,,,,,,,,,,,,,,,,,,,,,,,,,,,,,,,,,,,,,,,,,,,,,,,,,,,,,,,,,,,,,
1,2,,,,,,,100,79,63,21,233.8,2745,10801,31,0,7.3,0.5;3.9;1.5;1.5;0.6;0.4;42.0;33.8;3.8;3.3;34.3;46.6;0.5;0.6;0.0;0.0;0.0;0.2;0.0;0.0;0.0;0.0;0.9;0.4,37.85,0.08,0.0,0.1,14.976,0.669,1074.0,7128.0,4,16,,,,,,,,,,,,,,,,,,,,,,,,,,,,,,,,,,,,,,,,,,,,,,,,,,,,,,,,,,,,,
1,3,,,,,,,100,60,68,21,235.6,2730,10801,33,0,7.6,2.2;5.7;1.6;1.2;0.5;1.2;32.7;36.9;2.5;3.7;42.3;49.8;0.5;0.5;0.0;0.1;0.0;0.0;0.0;0.0;0.2;0.1;0.0;0.4,37.59,0.08,0.0,0.04,14.976,0.669,7324.0,125048.0,4,16,,,,,,,,,,,,,,,,,,,,,,,,,,,,,,,,,,,,,,,,,,,,,,,,,,,,,,,,,,,,,
1,4,,,,,,,100,47,68,16,235.9,2730,10801,34,0,7.9,1.5;4.0;2.7;4.2;0.2;0.7;40.1;54.0;3.5;3.2;26.6;44.6;0.2;0.2;0.0;0.1;0.0;0.0;0.2;0.5;1.2;0.7;0.0;0.2,37.82,0.08,0.0,0.02,14.976,0.669,1269.0,1611.0,4,16,,,,,,,,,,,,,,,,,,,,,,,,,,,,,,,,,,,,,,,,,,,,,,,,,,,,,,,,,,,,,
1,5,,,,,,,100,78,67,22,238.8,2730,10801,36,0,7.8,1.2;2.9;1.6;2.2;0.7;0.5;38.5;43.5;5.6;5.3;24.9;58.7;1.0;0.4;0.0;0.0;0.1;0.0;0.0;0.0;0.0;0.1;0.0;0.0,37.65,0.08,0.0,0.08,14.976,0.669,1464.0,127783.0,4,16,,,,,,,,,,,,,,,,,,,,,,,,,,,,,,,,,,,,,,,,,,,,,,,,,,,,,,,,,,,,,
1,6,,,,,,,98,74,69,16,238.6,2730,10801,36,0,8.4,0.4;13.4;2.1;0.7;0.4;1.0;34.6;45.0;4.0;3.6;36.1;56.1;0.5;0.7;0.0;0.0;0.1;0.0;0.0;0.2;0.5;1.1;0.1;0.2,37.81,0.08,0.0,0.02,14.976,0.669,683.0,585.0,4,16,,,,,,,,,,,,,,,,,,,,,,,,,,,,,,,,,,,,,,,,,,,,,,,,,,,,,,,,,,,,,
1,7,,,,,,,100,92,67,14,239.9,2730,10801,37,0,7.1,1.2;2.8;2.2;0.4;0.6;0.4;32.3;44.5;3.5;2.1;35.9;43.1;1.0;0.9;0.0;0.0;0.0;0.0;0.0;0.0;0.0;0.2;0.0;0.0,37.69,0.08,0.0,0.03,14.976,0.669,1513.0,5615.0,4,16,,,,,,,,,,,,,,,,,,,,,,,,,,,,,,,,,,,,,,,,,,,,,,,,,,,,,,,,,,,,,
1,8,,,,,,,100,87,69,16,238.7,2730,10801,37,0,7.3,1.5;3.5;1.9;1.1;1.4;0.4;43.1;35.6;4.2;2.5;30.2;49.1;0.6;0.4;0.0;0.0;0.0;0.0;0.2;0.0;0.0;0.0;0.2;0.0,37.71,0.08,0.0,0.03,14.976,0.669,1269.0,6982.0,4,16,,,,,,,,,,,,,,,,,,,,,,,,,,,,,,,,,,,,,,,,,,,,,,,,,,,,,,,,,,,,,
1,9,,,,,,,100,70,72,14,238.1,2730,10801,38,0,6.2,1.2;2.8;2.0;0.6;0.5;0.2;19.1;25.1;3.3;2.6;45.5;43.7;0.6;0.4;0.0;0.2;0.1;0.0;0.0;0.1;0.5;0.0;0.2;0.0,37.79,0.08,0.01,0.17,14.976,0.669,1513.0,8886.0,4,16,,,,,,,,,,,,,,,,,,,,,,,,,,,,,,,,,,,,,,,,,,,,,,,,,,,,,,,,,,,,,
1,10,,,,,,,100,78,72,15,240.1,2730,10801,38,0,5.2,0.3;5.8;1.1;0.5;0.3;0.3;24.3;62.0;1.7;0.6;16.4;8.0;0.2;0.3;0.2;0.0;0.2;0.2;0.0;0.0;0.3;0.9;0.0;0.2,37.77,0.08,0.0,0.1,14.976,0.669,830.0,1806.0,4,16,,,,,,,,,,,,,,,,,,,,,,,,,,,,,,,,,,,,,,,,,,,,,,,,,,,,,,,,,,,,,
1,summary,1.897492490071413,0.5478878062447468,0.5315970966155866,0.9648943301697068,0.00100000,183.2,,,,,,,,,,,,,,,,,,,,,,98,99.7,100,47,72.4,92,51,66.6,72,14,18.2,27,31.0,217.05,240.1,2715.0,10801.0,35.0,0,5.2,7.15,8.4,37.58,37.73,37.85,63.16,0.08,0.08,0.08,19.03,0.0,0.02,0.15,0.02,0.12,0.62,11.015,14.307,14.972,14.98,14.976,15.992,0.665,0.67,0.669,195.0,1713.4,7324.0,585.0,29491.6,127783.0,4,4.0,4,16,16.0,16,4,16,45.87,109.89
2,1,,,,,,,100,65,66,17,106.2,2730,10801,38,0,23.8,23.8;26.1;32.0;31.1;31.9;30.9;59.6;56.8;34.3;34.4;67.4;63.5;17.4;17.6;3.9;3.9;7.0;6.9;2.6;3.4;4.4;5.6;3.5;4.0,37.94,0.08,0.01,0.04,15.149,0.669,1513.0,244.0,4,16,,,,,,,,,,,,,,,,,,,,,,,,,,,,,,,,,,,,,,,,,,,,,,,,,,,,,,,,,,,,,
2,2,,,,,,,100,81,71,18,239.6,2730,10801,38,0,8.6,2.0;8.4;2.6;2.9;0.7;1.0;34.8;54.6;4.1;3.1;41.3;49.1;0.7;0.9;0.0;0.1;0.0;0.0;0.0;0.1;0.2;0.0;0.2;0.0,37.85,0.08,0.0,4.34,15.149,0.669,1074.0,5761.0,4,16,,,,,,,,,,,,,,,,,,,,,,,,,,,,,,,,,,,,,,,,,,,,,,,,,,,,,,,,,,,,,
2,3,,,,,,,98,81,70,13,236.9,2730,10801,38,0,7.8,0.7;6.9;2.7;1.9;0.7;0.5;39.5;37.5;1.9;4.6;27.1;57.8;1.2;0.6;0.2;0.1;0.5;0.2;0.2;0.0;0.9;1.2;0.1;0.1,37.8,0.08,0.0,2.02,15.149,0.669,390.0,1904.0,4,16,,,,,,,,,,,,,,,,,,,,,,,,,,,,,,,,,,,,,,,,,,,,,,,,,,,,,,,,,,,,,
2,4,,,,,,,100,80,71,18,239.8,2730,10801,39,0,7.3,0.9;2.5;0.9;1.2;0.5;0.2;29.6;30.8;1.6;2.1;44.3;57.9;1.1;0.5;0.0;0.1;0.1;0.0;0.0;0.1;0.1;0.0;0.0;0.0,37.73,0.08,0.0,2.65,15.149,0.669,390.0,18652.0,4,16,,,,,,,,,,,,,,,,,,,,,,,,,,,,,,,,,,,,,,,,,,,,,,,,,,,,,,,,,,,,,
2,5,,,,,,,100,64,71,12,241.0,2730,10801,39,0,7.8,1.5;6.1;1.9;2.2;0.6;1.1;44.0;32.8;1.9;2.1;40.6;46.3;0.6;0.6;0.0;0.1;0.4;0.1;0.0;0.1;1.9;1.1;0.1;0.1,37.75,0.08,0.0,0.02,15.149,0.669,878.0,1513.0,4,16,,,,,,,,,,,,,,,,,,,,,,,,,,,,,,,,,,,,,,,,,,,,,,,,,,,,,,,,,,,,,
2,6,,,,,,,100,50,72,19,241.8,2730,10801,39,0,7.7,1.7;6.0;2.4;1.2;0.2;0.7;48.6;35.8;1.4;3.6;31.5;47.7;0.6;0.9;0.1;0.1;0.2;0.1;0.0;0.0;1.1;0.5;0.0;0.1,37.71,0.08,0.0,0.02,15.149,0.669,878.0,1513.0,4,16,,,,,,,,,,,,,,,,,,,,,,,,,,,,,,,,,,,,,,,,,,,,,,,,,,,,,,,,,,,,,
2,7,,,,,,,100,79,71,12,242.1,2730,10801,39,0,8.0,1.1;6.5;1.7;2.0;0.9;1.1;27.5;49.9;3.2;5.2;42.3;45.6;0.9;1.2;0.0;0.1;0.0;0.1;0.0;0.0;0.1;0.2;0.9;0.1,37.75,0.08,0.0,0.05,15.149,0.669,1562.0,6884.0,4,16,,,,,,,,,,,,,,,,,,,,,,,,,,,,,,,,,,,,,,,,,,,,,,,,,,,,,,,,,,,,,
2,8,,,,,,,98,80,70,19,240.6,2730,10801,39,0,8.3,2.1;3.9;3.2;2.4;1.4;1.5;21.4;49.4;3.5;6.1;43.5;56.0;1.0;0.9;0.1;0.0;0.0;0.0;0.0;0.2;0.6;0.2;0.1;0.1,37.71,0.08,0.0,0.03,15.149,0.669,8691.0,128906.0,4,16,,,,,,,,,,,,,,,,,,,,,,,,,,,,,,,,,,,,,,,,,,,,,,,,,,,,,,,,,,,,,
2,9,,,,,,,100,83,70,14,238.2,2730,10801,40,0,6.3,0.1;2.3;0.7;1.0;0.2;0.6;43.6;37.1;2.1;3.1;31.5;27.3;0.4;0.5;0.0;0.0;0.0;0.1;0.0;0.0;0.0;0.0;0.2;0.0,37.7,0.08,0.0,0.03,15.149,0.669,1269.0,292.0,4,16,,,,,,,,,,,,,,,,,,,,,,,,,,,,,,,,,,,,,,,,,,,,,,,,,,,,,,,,,,,,,
2,10,,,,,,,100,65,70,11,240.5,2730,10801,40,0,6.3,1.9;16.4;3.1;2.2;0.3;0.3;15.1;23.9;1.6;2.8;40.1;40.6;0.0;0.0;0.0;0.0;0.0;0.0;0.0;0.0;0.2;0.6;0.0;0.0,37.68,0.08,0.0,0.03,15.149,0.669,2001.0,585.0,4,16,,,,,,,,,,,,,,,,,,,,,,,,,,,,,,,,,,,,,,,,,,,,,,,,,,,,,,,,,,,,,
2,summary,0.6889428202558847,0.9180462596893192,0.477041531798574,0.9823236778040433,0.00100000,139.4,,,,,,,,,,,,,,,,,,,,,,98,99.6,100,50,72.8,83,66,70.2,72,11,15.3,19,106.2,226.67,242.1,2730.0,10801.0,38.9,0,6.3,9.19,23.8,37.68,37.76,37.94,63.16,0.08,0.08,0.08,20.04,0.0,0.0,0.01,0.02,0.92,4.34,11.015,14.48,15.149,15.15,15.149,15.992,0.669,0.67,0.669,390.0,1864.6,8691.0,244.0,16625.4,128906.0,4,4.0,4,16,16.0,16,4,16,2.35,109.54
3,1,,,,,,,100,75,69,14,137.0,2730,10801,40,0,23.7,25.6;24.3;30.4;31.2;31.6;31.7;71.0;47.9;33.5;35.8;56.6;71.5;17.5;17.8;2.5;2.5;7.8;7.5;1.8;1.6;6.5;5.4;3.7;2.8,37.93,0.08,0.0,0.03,15.155,0.669,1269.0,6689.0,4,16,,,,,,,,,,,,,,,,,,,,,,,,,,,,,,,,,,,,,,,,,,,,,,,,,,,,,,,,,,,,,
3,2,,,,,,,100,50,73,13,240.6,2730,10801,39,0,7.6,1.2;3.7;3.1;1.1;0.0;1.2;38.8;50.1;4.0;2.6;32.0;40.7;0.7;1.1;0.2;0.0;0.0;0.1;0.2;0.0;0.5;0.7;0.0;0.0,37.86,0.08,0.0,3.63,15.155,0.669,1123.0,6982.0,4,16,,,,,,,,,,,,,,,,,,,,,,,,,,,,,,,,,,,,,,,,,,,,,,,,,,,,,,,,,,,,,
3,3,,,,,,,100,64,73,14,239.3,2730,10801,40,0,7.8,1.6;6.8;2.2;0.7;1.0;0.6;44.7;44.8;3.1;3.3;27.4;47.9;0.7;0.6;0.4;0.0;0.4;0.2;0.1;0.1;0.1;0.1;0.2;0.2,37.83,0.08,0.0,2.33,15.155,0.669,8105.0,128955.0,4,16,,,,,,,,,,,,,,,,,,,,,,,,,,,,,,,,,,,,,,,,,,,,,,,,,,,,,,,,,,,,,
3,4,,,,,,,100,63,71,15,239.1,2730,10801,40,0,8.1,1.2;3.3;1.7;1.5;0.6;0.1;41.1;42.0;6.2;4.3;36.7;50.8;0.7;0.6;0.4;0.2;0.1;0.0;0.0;0.0;0.1;0.0;2.0;0.4,37.8,0.08,0.0,1.45,15.155,0.669,1269.0,1611.0,4,16,,,,,,,,,,,,,,,,,,,,,,,,,,,,,,,,,,,,,,,,,,,,,,,,,,,,,,,,,,,,,
3,5,,,,,,,100,80,72,12,240.9,2730,10801,40,0,8.0,0.9;3.1;1.6;1.2;0.1;0.9;39.0;52.9;4.6;3.5;36.0;42.1;0.5;1.4;0.0;0.0;0.1;0.1;0.2;3.1;0.0;0.0;0.0;0.0,37.81,0.08,0.0,1.55,15.155,0.669,390.0,8007.0,4,16,,,,,,,,,,,,,,,,,,,,,,,,,,,,,,,,,,,,,,,,,,,,,,,,,,,,,,,,,,,,,
3,6,,,,,,,98,83,72,20,239.4,2730,10801,41,0,8.5,1.0;13.3;2.1;1.1;0.9;1.0;42.2;49.1;4.6;5.6;31.3;47.5;1.1;0.9;0.2;0.0;0.1;0.0;0.0;0.0;0.1;0.7;0.2;0.1,37.82,0.08,0.0,0.04,15.155,0.669,390.0,1611.0,4,16,,,,,,,,,,,,,,,,,,,,,,,,,,,,,,,,,,,,,,,,,,,,,,,,,,,,,,,,,,,,,
3,7,,,,,,,100,78,73,12,241.4,2730,10801,41,0,7.3,1.6;4.5;0.7;1.1;0.4;0.2;44.0;37.1;2.7;2.7;32.7;43.7;1.0;0.6;0.2;0.0;0.1;0.0;0.0;0.0;0.1;0.1;0.5;0.0,37.78,0.08,0.0,0.03,15.155,0.669,28710.0,135546.0,4,16,,,,,,,,,,,,,,,,,,,,,,,,,,,,,,,,,,,,,,,,,,,,,,,,,,,,,,,,,,,,,
3,8,,,,,,,100,58,74,14,241.3,2730,10801,41,0,7.2,1.0;2.2;0.6;0.5;0.4;0.2;28.9;57.9;3.1;2.1;29.2;43.0;0.7;1.0;0.1;0.0;0.1;0.0;0.0;0.2;0.2;0.2;0.4;0.0,37.83,0.08,0.0,0.02,15.155,0.669,1757.0,5615.0,4,16,,,,,,,,,,,,,,,,,,,,,,,,,,,,,,,,,,,,,,,,,,,,,,,,,,,,,,,,,,,,,
3,9,,,,,,,100,47,73,12,239.9,2730,10801,41,0,5.9,1.7;2.7;1.7;1.2;0.4;0.1;49.1;28.9;1.6;2.1;22.9;27.1;0.2;0.4;0.4;0.1;0.0;0.0;0.0;0.1;0.2;0.2;0.0;0.0,37.81,0.08,0.0,0.02,15.155,0.669,195.0,1611.0,4,16,,,,,,,,,,,,,,,,,,,,,,,,,,,,,,,,,,,,,,,,,,,,,,,,,,,,,,,,,,,,,
3,10,,,,,,,99,73,74,17,241.3,2730,10801,41,0,5.1,0.6;5.1;1.1;1.3;0.2;0.5;31.3;17.3;0.6;1.4;22.9;38.8;0.0;0.2;0.2;0.0;0.0;0.0;0.0;0.0;0.0;0.0;0.3;0.0,37.83,0.08,0.0,0.03,15.155,0.669,17968.0,113476.0,4,16,,,,,,,,,,,,,,,,,,,,,,,,,,,,,,,,,,,,,,,,,,,,,,,,,,,,,,,,,,,,,
3,summary,0.5807489192519579,0.9485104130996482,0.4505057879202629,0.9846170130190876,0.00100000,139.5,,,,,,,,,,,,,,,,,,,,,,98,99.7,100,47,67.1,83,69,72.4,74,12,14.3,20,137.0,230.02,241.4,2730.0,10801.0,40.4,0,5.1,8.92,23.7,37.78,37.83,37.93,63.16,0.08,0.08,0.08,20.04,0.0,0.0,0.0,0.02,0.91,3.63,11.015,14.486,15.155,15.15,15.155,15.992,0.669,0.67,0.669,195.0,6117.6,28710.0,1611.0,41010.3,135546.0,4,4.0,4,16,16.0,16,4,16,2.26,109.47
4,1,,,,,,,100,68,69,18,103.6,2730,10801,41,0,23.4,25.8;26.1;30.1;30.3;29.3;29.3;53.6;63.8;33.9;34.4;68.5;60.3;18.0;18.2;2.5;2.6;7.2;8.7;1.2;1.3;4.4;3.9;3.0;3.9,37.82,0.09,0.0,0.39,15.155,0.669,195.0,1953.0,4,16,,,,,,,,,,,,,,,,,,,,,,,,,,,,,,,,,,,,,,,,,,,,,,,,,,,,,,,,,,,,,
4,2,,,,,,,98,81,72,14,239.1,2730,10801,41,0,8.0,1.2;5.1;1.7;2.4;0.2;0.7;37.2;38.6;2.7;5.6;42.9;51.9;0.6;0.9;0.0;0.0;0.1;0.1;0.0;0.0;0.0;0.0;0.0;0.1,37.88,0.09,0.0,3.63,15.155,0.669,2001.0,7226.0,4,16,,,,,,,,,,,,,,,,,,,,,,,,,,,,,,,,,,,,,,,,,,,,,,,,,,,,,,,,,,,,,
4,3,,,,,,,100,78,73,19,238.7,2730,10801,41,0,7.8,1.0;11.0;1.4;2.4;0.1;0.5;46.2;38.0;1.7;3.2;36.4;41.1;0.5;0.7;0.2;0.0;0.1;0.0;0.1;0.0;1.0;1.4;0.0;0.0,37.84,0.09,0.0,2.33,15.155,0.669,830.0,1708.0,4,16,,,,,,,,,,,,,,,,,,,,,,,,,,,,,,,,,,,,,,,,,,,,,,,,,,,,,,,,,,,,,
4,4,,,,,,,100,75,70,14,240.2,2730,10801,41,0,7.2,1.0;3.7;1.4;1.4;0.4;0.6;30.6;49.8;1.2;4.0;25.0;51.9;0.4;0.7;0.0;0.0;0.0;0.0;0.0;0.0;0.1;0.0;0.1;0.0,37.74,0.09,0.0,1.46,15.155,0.669,390.0,1904.0,4,16,,,,,,,,,,,,,,,,,,,,,,,,,,,,,,,,,,,,,,,,,,,,,,,,,,,,,,,,,,,,,
4,5,,,,,,,100,63,72,11,241.5,2730,10801,41,0,7.2,1.0;3.1;0.9;1.1;0.1;0.4;24.9;37.2;1.5;4.1;35.3;61.0;0.7;0.6;0.1;0.0;0.0;0.0;0.0;0.0;0.1;0.0;0.0;0.0,37.82,0.09,0.0,1.54,15.155,0.669,390.0,341.0,4,16,,,,,,,,,,,,,,,,,,,,,,,,,,,,,,,,,,,,,,,,,,,,,,,,,,,,,,,,,,,,,
4,6,,,,,,,100,45,72,14,240.9,2730,10801,41,0,7.4,1.2;6.2;0.9;1.7;0.0;0.7;36.5;45.2;0.9;4.5;29.2;48.9;0.1;0.5;0.0;0.0;0.0;0.0;0.0;0.0;0.0;0.2;0.1;0.0,37.69,0.09,0.0,0.03,15.155,0.669,439.0,390.0,4,16,,,,,,,,,,,,,,,,,,,,,,,,,,,,,,,,,,,,,,,,,,,,,,,,,,,,,,,,,,,,,
4,7,,,,,,,100,82,73,11,240.8,2730,10801,41,0,7.4,1.2;5.6;1.4;2.0;0.5;0.6;28.6;47.4;0.9;4.0;36.3;46.7;0.7;0.5;0.1;0.1;0.0;0.0;0.0;0.0;0.2;0.0;0.2;0.0,37.84,0.09,0.0,0.03,15.155,0.669,830.0,29736.0,4,16,,,,,,,,,,,,,,,,,,,,,,,,,,,,,,,,,,,,,,,,,,,,,,,,,,,,,,,,,,,,,
4,8,,,,,,,98,78,71,14,238.3,2730,10801,41,0,7.7,1.4;3.8;1.6;2.5;0.7;1.2;34.9;33.1;4.2;4.8;39.7;53.9;0.7;1.2;0.0;0.0;0.2;0.0;0.0;0.0;0.0;0.1;0.4;0.4,37.65,0.09,0.0,0.03,15.155,0.669,2685.0,7177.0,4,16,,,,,,,,,,,,,,,,,,,,,,,,,,,,,,,,,,,,,,,,,,,,,,,,,,,,,,,,,,,,,
4,9,,,,,,,100,82,70,12,238.2,2730,10801,41,0,6.3,0.5;3.3;1.0;1.2;0.2;0.2;27.8;32.6;2.5;3.6;40.8;34.9;0.2;0.5;0.0;0.1;0.1;0.0;0.0;0.0;0.0;0.1;0.6;0.0,37.67,0.09,0.0,0.01,15.155,0.669,390.0,32812.0,4,16,,,,,,,,,,,,,,,,,,,,,,,,,,,,,,,,,,,,,,,,,,,,,,,,,,,,,,,,,,,,,
4,10,,,,,,,100,63,71,14,239.0,2730,10801,41,0,6.2,0.6;14.6;1.3;0.8;0.5;0.9;29.6;41.4;1.7;2.7;12.6;41.0;0.2;0.2;0.0;0.0;0.0;0.0;0.0;0.0;0.0;0.6;0.0;0.0,37.7,0.09,0.0,0.06,15.155,0.669,1269.0,1904.0,4,16,,,,,,,,,,,,,,,,,,,,,,,,,,,,,,,,,,,,,,,,,,,,,,,,,,,,,,,,,,,,,
4,summary,0.5371777296403988,0.9592877377579927,0.43268926404499364,0.9864163991108916,0.00100000,139.5,,,,,,,,,,,,,,,,,,,,,,98,99.6,100,45,71.5,82,69,71.3,73,11,14.1,19,103.6,226.03,241.5,2730.0,10801.0,41.0,0,6.2,8.86,23.4,37.65,37.77,37.88,63.16,0.09,0.09,0.09,20.04,0.0,0.0,0.0,0.01,0.95,3.63,11.015,14.486,15.155,15.15,15.155,15.992,0.669,0.67,0.669,195.0,941.9,2685.0,341.0,8515.1,32812.0,4,4.0,4,16,16.0,16,4,16,2.38,109.51
5,1,,,,,,,100,89,61,25,101.3,2745,10801,30,0,13.8,11.5;12.3;14.9;15.1;14.3;14.2;30.1;53.6;18.1;18.7;32.1;51.8;9.2;9.5;1.6;2.0;4.1;4.1;0.9;0.9;3.6;3.4;2.0;2.6,37.61,0.09,0.0,1.6,14.954,0.468,1269.0,1464.0,4,16,,,,,,,,,,,,,,,,,,,,,,,,,,,,,,,,,,,,,,,,,,,,,,,,,,,,,,,,,,,,,
5,2,,,,,,,98,78,67,21,234.1,2745,10801,31,0,8.2,0.6;2.5;1.7;1.7;0.8;0.8;66.3;32.8;3.9;4.8;34.7;41.8;1.0;0.7;0.0;0.0;0.0;0.1;0.0;0.0;0.0;0.1;0.0;0.7,37.77,0.09,0.0,0.07,14.954,0.468,1513.0,7080.0,4,16,,,,,,,,,,,,,,,,,,,,,,,,,,,,,,,,,,,,,,,,,,,,,,,,,,,,,,,,,,,,,
5,3,,,,,,,100,50,67,23,236.6,2730,10801,33,0,8.1,1.7;12.2;1.0;1.4;1.4;1.0;23.2;51.0;1.9;3.9;30.0;63.0;0.8;1.0;0.1;0.1;0.0;0.0;0.0;0.0;0.0;0.1;0.1;0.3,37.62,0.09,0.0,0.03,14.954,0.468,1513.0,195.0,4,16,,,,,,,,,,,,,,,,,,,,,,,,,,,,,,,,,,,,,,,,,,,,,,,,,,,,,,,,,,,,,
5,4,,,,,,,100,84,66,17,236.6,2745,10801,35,0,7.1,0.4;3.5;0.7;1.1;0.3;0.1;42.9;38.2;2.3;2.1;33.3;43.3;0.3;0.8;0.0;0.0;0.0;0.0;0.0;0.0;0.0;0.3;0.4;0.0,37.77,0.09,0.0,0.02,14.954,0.468,1025.0,1708.0,4,16,,,,,,,,,,,,,,,,,,,,,,,,,,,,,,,,,,,,,,,,,,,,,,,,,,,,,,,,,,,,,
5,5,,,,,,,98,81,67,15,235.2,2730,10801,35,0,7.4,1.2;2.9;1.6;2.2;0.7;0.6;54.5;22.8;4.7;3.3;21.7;60.8;0.1;1.0;0.0;0.1;0.0;0.0;0.0;0.1;0.1;0.0;0.3;0.3,37.68,0.09,0.0,0.04,14.954,0.468,1269.0,1953.0,4,16,,,,,,,,,,,,,,,,,,,,,,,,,,,,,,,,,,,,,,,,,,,,,,,,,,,,,,,,,,,,,
5,6,,,,,,,100,52,70,18,238.8,2730,10801,36,0,7.4,1.7;4.3;0.7;1.5;0.6;1.0;51.8;31.0;2.5;1.9;40.0;36.8;1.1;0.8;0.1;0.0;0.0;0.1;0.1;0.0;0.3;1.1;0.0;0.1,37.77,0.09,0.0,0.03,14.954,0.468,7861.0,123046.0,4,16,,,,,,,,,,,,,,,,,,,,,,,,,,,,,,,,,,,,,,,,,,,,,,,,,,,,,,,,,,,,,
5,7,,,,,,,100,67,69,16,239.0,2730,10801,36,0,7.9,2.6;6.8;1.1;1.9;0.4;0.6;50.0;23.6;4.4;5.1;32.1;57.6;1.1;0.8;0.0;0.1;0.1;0.0;0.0;0.3;0.6;0.0;0.1;0.0,37.69,0.09,0.0,0.02,14.954,0.468,1318.0,7275.0,4,16,,,,,,,,,,,,,,,,,,,,,,,,,,,,,,,,,,,,,,,,,,,,,,,,,,,,,,,,,,,,,
5,8,,,,,,,100,87,69,20,239.1,2730,10801,37,0,8.1,1.5;8.8;1.1;2.2;1.2;1.1;56.2;33.8;5.2;2.8;29.5;46.6;0.7;0.7;0.1;0.3;0.1;0.1;0.1;0.3;0.3;0.1;0.1;0.4,37.66,0.09,0.0,0.02,14.954,0.468,3271.0,5664.0,4,16,,,,,,,,,,,,,,,,,,,,,,,,,,,,,,,,,,,,,,,,,,,,,,,,,,,,,,,,,,,,,
5,9,,,,,,,100,71,71,14,238.3,2730,10801,38,0,7.9,1.1;2.9;2.3;0.7;0.3;0.7;45.7;30.4;3.9;3.3;45.9;50.0;0.3;1.0;0.0;0.0;0.0;0.0;0.0;0.0;0.0;0.0;0.0;0.0,37.77,0.09,0.0,0.02,14.954,0.468,1318.0,1611.0,4,16,,,,,,,,,,,,,,,,,,,,,,,,,,,,,,,,,,,,,,,,,,,,,,,,,,,,,,,,,,,,,
5,10,,,,,,,100,62,70,12,239.1,2730,10801,38,0,6.0,0.6;3.4;0.7;0.1;0.1;0.3;45.3;19.3;3.7;1.8;41.9;26.7;0.1;0.1;0.0;0.0;0.0;0.0;0.0;0.0;0.0;0.0;0.0;0.0,37.76,0.09,0.0,0.02,14.954,0.468,830.0,1611.0,4,16,,,,,,,,,,,,,,,,,,,,,,,,,,,,,,,,,,,,,,,,,,,,,,,,,,,,,,,,,,,,,
5,11,,,,,,,100,72,72,13,238.4,2730,10801,38,0,6.5,0.5;14.8;1.1;1.1;0.4;0.4;39.7;42.4;4.7;3.6;24.0;21.6;0.4;0.2;0.0;0.0;0.0;0.0;0.0;0.0;0.0;0.0;0.0;0.2,37.75,0.09,0.0,0.04,14.954,0.468,390.0,537.0,4,16,,,,,,,,,,,,,,,,,,,,,,,,,,,,,,,,,,,,,,,,,,,,,,,,,,,,,,,,,,,,,
5,summary,0.5112096984708635,0.9642997229399496,0.4220722785450023,0.9870161944748262,0.00100000,181.0,,,,,,,,,,,,,,,,,,,,,,98,99.64,100,50,72.09,89,61,68.09,72,12,17.64,25,101.3,225.14,239.1,2734.1,10801.0,35.2,0,6.0,8.04,13.8,37.61,37.71,37.77,63.16,0.09,0.09,0.09,19.1,0.0,0.0,0.0,0.02,0.17,1.6,11.015,14.486,14.954,14.95,14.954,15.992,0.468,0.47,0.468,390.0,1961.55,7861.0,195.0,13831.27,123046.0,4,4.0,4,16,16.0,16,4,16,45.07,109.76
6,1,,,,,,,100,53,70,20,108.3,2730,10801,38,0,23.6,26.2;27.3;31.5;32.1;29.7;30.5;59.0;63.3;33.6;34.4;58.0;64.9;17.2;17.4;3.0;2.9;7.0;7.3;2.3;1.6;3.9;5.6;3.8;3.4,37.86,0.09,0.0,0.02,15.257,0.669,1464.0,1513.0,4,16,,,,,,,,,,,,,,,,,,,,,,,,,,,,,,,,,,,,,,,,,,,,,,,,,,,,,,,,,,,,,
6,2,,,,,,,100,72,70,13,239.8,2730,10801,38,0,7.8,1.6;7.8;1.8;1.4;0.7;1.0;47.9;30.2;3.8;5.1;44.8;37.0;1.0;0.8;0.0;0.0;0.0;0.0;0.0;0.4;0.0;0.0;0.5;0.0,37.8,0.09,0.01,4.74,15.257,0.669,1513.0,6982.0,4,16,,,,,,,,,,,,,,,,,,,,,,,,,,,,,,,,,,,,,,,,,,,,,,,,,,,,,,,,,,,,,
6,3,,,,,,,100,89,68,20,239.0,2730,10801,39,0,7.3,1.2;3.2;1.4;1.4;0.5;0.6;42.5;38.5;2.7;3.4;31.8;46.8;0.7;0.7;0.0;0.3;0.0;0.0;0.0;0.0;0.0;0.0;0.0;0.0,37.78,0.09,0.0,2.06,15.257,0.669,390.0,146.0,4,16,,,,,,,,,,,,,,,,,,,,,,,,,,,,,,,,,,,,,,,,,,,,,,,,,,,,,,,,,,,,,
6,4,,,,,,,98,82,69,12,237.3,2730,10801,39,0,7.4,0.7;3.5;0.8;1.1;0.6;0.4;30.1;31.2;3.6;4.5;47.4;49.7;0.8;1.2;0.1;0.1;0.3;0.1;0.0;0.0;0.3;0.3;0.0;0.1,37.73,0.09,0.0,1.44,15.257,0.669,390.0,585.0,4,16,,,,,,,,,,,,,,,,,,,,,,,,,,,,,,,,,,,,,,,,,,,,,,,,,,,,,,,,,,,,,
6,5,,,,,,,100,58,73,15,241.5,2730,10801,39,0,7.5,0.3;3.1;1.5;1.0;0.5;0.4;58.8;21.5;2.2;3.8;44.0;42.7;0.7;0.4;0.0;0.0;0.0;0.0;0.0;0.0;0.0;0.3;0.0;0.0,37.66,0.09,0.0,1.71,15.257,0.669,732.0,1513.0,4,16,,,,,,,,,,,,,,,,,,,,,,,,,,,,,,,,,,,,,,,,,,,,,,,,,,,,,,,,,,,,,
6,6,,,,,,,100,85,70,12,241.2,2730,10801,39,0,7.5,0.8;4.4;1.0;1.2;0.0;0.3;45.8;35.8;3.4;2.6;33.7;49.7;0.8;0.5;0.0;0.0;0.0;0.0;0.0;0.0;0.1;0.3;0.0;0.1,37.72,0.09,0.0,0.02,15.257,0.669,634.0,195.0,4,16,,,,,,,,,,,,,,,,,,,,,,,,,,,,,,,,,,,,,,,,,,,,,,,,,,,,,,,,,,,,,
6,7,,,,,,,98,77,70,13,238.4,2730,10801,39,0,8.6,1.0;13.6;0.7;1.5;1.0;0.3;58.9;37.4;3.8;4.9;44.0;34.4;1.0;0.7;0.0;0.0;0.0;0.0;0.0;0.1;0.0;0.1;0.5;0.3,37.73,0.09,0.0,0.02,15.257,0.669,2148.0,5664.0,4,16,,,,,,,,,,,,,,,,,,,,,,,,,,,,,,,,,,,,,,,,,,,,,,,,,,,,,,,,,,,,,
6,8,,,,,,,100,70,71,12,239.3,2730,10801,39,0,7.3,1.4;3.0;1.5;1.9;0.1;0.3;28.8;34.8;2.2;2.2;62.3;33.5;0.8;0.7;0.1;0.0;0.3;0.0;0.1;0.1;0.4;0.5;0.1;0.0,37.77,0.09,0.0,0.03,15.257,0.669,1025.0,7373.0,4,16,,,,,,,,,,,,,,,,,,,,,,,,,,,,,,,,,,,,,,,,,,,,,,,,,,,,,,,,,,,,,
6,9,,,,,,,100,59,73,14,240.3,2730,10801,39,0,7.3,1.5;3.3;1.2;1.2;1.0;1.5;64.9;23.9;1.8;2.7;30.2;39.8;0.7;1.1;0.0;0.0;0.0;0.0;0.0;0.0;0.0;0.0;0.0;0.1,37.7,0.09,0.0,0.05,15.257,0.669,390.0,1660.0,4,16,,,,,,,,,,,,,,,,,,,,,,,,,,,,,,,,,,,,,,,,,,,,,,,,,,,,,,,,,,,,,
6,10,,,,,,,100,75,73,11,239.9,2730,10801,40,0,5.8,1.0;4.2;1.0;0.8;0.4;0.7;11.7;61.3;1.0;1.9;38.8;13.6;0.4;0.4;0.0;0.0;0.1;0.0;0.0;0.0;0.3;0.1;0.1;0.4,37.75,0.09,0.0,0.03,15.257,0.669,146.0,1953.0,4,16,,,,,,,,,,,,,,,,,,,,,,,,,,,,,,,,,,,,,,,,,,,,,,,,,,,,,,,,,,,,,
6,11,,,,,,,100,57,73,11,241.1,2730,10801,39,0,5.0,0.5;4.5;0.7;0.0;0.0;0.0;36.9;15.8;1.5;0.5;45.5;12.4;0.0;0.0;0.2;0.0;0.0;0.0;0.0;0.0;0.0;0.0;0.0;0.4,37.76,0.09,0.0,0.04,15.257,0.669,17773.0,27148.0,4,16,,,,,,,,,,,,,,,,,,,,,,,,,,,,,,,,,,,,,,,,,,,,,,,,,,,,,,,,,,,,,
6,summary,0.4939597117118935,0.9684898670734364,0.4139252172396135,0.9872984511166778,0.00100000,138.4,,,,,,,,,,,,,,,,,,,,,,98,99.64,100,53,70.64,89,68,70.91,73,11,13.91,20,108.3,227.83,241.5,2730.0,10801.0,38.9,0,5.0,8.65,23.6,37.66,37.75,37.86,63.16,0.09,0.09,0.09,20.12,0.0,0.0,0.01,0.02,0.92,4.74,11.015,14.588,15.257,15.26,15.257,15.992,0.669,0.67,0.669,146.0,2418.64,17773.0,146.0,4975.64,27148.0,4,4.0,4,16,16.0,16,4,16,2.66,109.5
7,1,,,,,,,72,60,60,16,144.8,2745,10801,39,0,23.9,25.6;27.6;33.0;32.5;29.4;29.3;52.5;66.2;34.2;34.3;63.2;65.0;17.6;18.5;3.8;3.4;7.8;6.6;1.8;1.5;3.8;4.7;5.2;5.0,37.86,0.09,0.0,0.02,15.257,0.669,2490.0,7031.0,4,16,,,,,,,,,,,,,,,,,,,,,,,,,,,,,,,,,,,,,,,,,,,,,,,,,,,,,,,,,,,,,
7,2,,,,,,,100,69,71,13,239.8,2730,10801,39,0,7.6,0.8;2.5;1.7;0.7;0.3;0.6;43.7;41.5;3.7;4.1;34.8;44.6;0.7;0.7;0.3;0.3;0.0;0.0;0.0;0.0;0.1;0.0;1.0;0.0,37.75,0.09,0.0,3.65,15.257,0.669,1318.0,6738.0,4,16,,,,,,,,,,,,,,,,,,,,,,,,,,,,,,,,,,,,,,,,,,,,,,,,,,,,,,,,,,,,,
7,3,,,,,,,100,62,69,13,239.7,2730,10801,39,0,8.8,1.0;13.4;2.1;1.8;2.9;1.1;53.1;33.7;4.4;5.5;53.2;35.9;1.1;0.8;0.1;0.0;0.0;0.1;0.0;0.0;0.1;0.0;0.0;0.0,37.76,0.09,0.0,2.39,15.257,0.669,341.0,537.0,4,16,,,,,,,,,,,,,,,,,,,,,,,,,,,,,,,,,,,,,,,,,,,,,,,,,,,,,,,,,,,,,
7,4,,,,,,,100,85,65,14,238.8,2730,10801,40,0,7.2,1.2;2.4;1.6;1.6;0.5;0.3;42.3;39.8;2.5;2.2;37.8;39.2;0.5;0.8;0.1;0.0;0.4;0.0;0.0;0.0;0.0;0.1;0.0;0.0,37.73,0.09,0.0,1.65,15.257,0.669,1464.0,195.0,4,16,,,,,,,,,,,,,,,,,,,,,,,,,,,,,,,,,,,,,,,,,,,,,,,,,,,,,,,,,,,,,
7,5,,,,,,,100,86,74,15,238.6,2730,10801,39,0,7.3,1.7;4.3;1.5;0.7;1.1;0.5;50.8;31.5;1.7;2.5;34.7;41.7;0.7;0.6;0.0;0.0;0.0;0.1;0.0;0.0;0.0;0.0;0.1;0.1,37.66,0.09,0.0,2.23,15.257,0.669,2246.0,390.0,4,16,,,,,,,,,,,,,,,,,,,,,,,,,,,,,,,,,,,,,,,,,,,,,,,,,,,,,,,,,,,,,
7,6,,,,,,,100,69,74,12,240.6,2730,10801,39,0,7.2,1.1;3.7;1.5;0.7;0.3;0.6;58.3;34.1;2.6;3.7;22.7;42.1;0.3;0.4;0.0;0.0;0.0;0.0;0.0;0.0;0.0;0.0;0.1;0.0,37.74,0.09,0.0,0.02,15.257,0.669,146.0,1562.0,4,16,,,,,,,,,,,,,,,,,,,,,,,,,,,,,,,,,,,,,,,,,,,,,,,,,,,,,,,,,,,,,
7,7,,,,,,,100,60,72,18,242.1,2730,10801,39,0,7.3,1.1;5.1;1.0;1.2;0.3;0.4;58.2;20.9;4.0;2.6;31.6;47.7;0.3;0.4;0.1;0.0;0.0;0.0;0.0;0.0;0.1;0.1;0.0;0.0,37.69,0.09,0.0,0.03,15.257,0.669,830.0,5517.0,4,16,,,,,,,,,,,,,,,,,,,,,,,,,,,,,,,,,,,,,,,,,,,,,,,,,,,,,,,,,,,,,
7,8,,,,,,,100,74,70,11,240.4,2730,10801,40,0,7.5,0.3;7.2;1.5;0.7;0.6;0.4;65.4;30.9;3.3;3.0;22.4;43.5;0.7;0.8;0.0;0.0;0.0;0.0;0.0;0.0;0.1;0.0;0.0;0.1,37.74,0.09,0.0,0.04,15.257,0.669,1025.0,7177.0,4,16,,,,,,,,,,,,,,,,,,,,,,,,,,,,,,,,,,,,,,,,,,,,,,,,,,,,,,,,,,,,,
7,9,,,,,,,98,78,71,15,237.9,2730,10801,40,0,8.0,2.1;2.9;1.4;1.4;0.6;1.1;50.1;44.6;3.2;5.6;39.4;35.8;1.6;0.6;0.0;0.0;0.1;0.0;0.1;0.0;0.0;0.5;0.0;0.0,37.67,0.09,0.0,0.02,15.257,0.669,1513.0,2099.0,4,16,,,,,,,,,,,,,,,,,,,,,,,,,,,,,,,,,,,,,,,,,,,,,,,,,,,,,,,,,,,,,
7,10,,,,,,,100,71,73,15,237.6,2730,10801,40,0,6.3,0.4;3.8;1.5;1.8;0.7;0.1;26.7;39.9;2.6;1.9;40.5;28.6;0.5;0.1;0.0;0.0;0.0;0.0;0.0;0.0;0.6;1.0;0.1;0.0,37.7,0.09,0.0,0.02,15.257,0.669,878.0,146.0,4,16,,,,,,,,,,,,,,,,,,,,,,,,,,,,,,,,,,,,,,,,,,,,,,,,,,,,,,,,,,,,,
7,11,,,,,,,100,87,71,14,238.6,2730,10801,40,0,6.0,0.9;2.9;1.5;2.0;1.5;0.9;26.8;13.9;1.8;1.5;27.9;61.3;0.4;0.0;0.0;0.0;0.0;0.0;0.0;0.0;0.0;0.0;0.0;0.0,37.7,0.09,0.0,0.03,15.257,0.669,878.0,195.0,4,16,,,,,,,,,,,,,,,,,,,,,,,,,,,,,,,,,,,,,,,,,,,,,,,,,,,,,,,,,,,,,
7,summary,0.4808730160411089,0.9707312517510818,0.4078593081708424,0.9880746568817698,0.00100000,138.1,,,,,,,,,,,,,,,,,,,,,,72,97.27,100,60,72.82,87,60,70.0,74,11,14.18,18,144.8,230.81,242.1,2731.4,10801.0,39.5,0,6.0,8.83,23.9,37.66,37.73,37.86,63.16,0.09,0.09,0.09,20.12,0.0,0.0,0.0,0.02,0.92,3.65,11.015,14.588,15.257,15.26,15.257,15.992,0.669,0.67,0.669,146.0,1193.55,2490.0,146.0,2871.55,7177.0,4,4.0,4,16,16.0,16,4,16,2.38,109.49
8,1,,,,,,,100,50,68,18,127.3,2730,10801,40,0,24.3,22.6;29.2;32.1;33.4;30.1;31.1;53.1;64.3;34.0;35.2;79.0;52.3;19.3;21.5;3.5;3.0;8.7;8.3;1.7;1.7;5.7;6.0;3.8;4.1,37.81,0.09,0.0,0.03,15.257,0.669,1513.0,6884.0,4,16,,,,,,,,,,,,,,,,,,,,,,,,,,,,,,,,,,,,,,,,,,,,,,,,,,,,,,,,,,,,,
8,2,,,,,,,100,72,71,16,239.6,2730,10801,39,0,7.6,0.4;6.7;1.5;1.7;0.8;0.7;57.9;32.6;1.7;4.4;40.1;31.3;0.8;0.6;0.1;0.0;0.0;0.0;0.6;0.1;0.1;0.3;0.0;0.0,37.77,0.09,0.0,3.66,15.257,0.669,1611.0,5566.0,4,16,,,,,,,,,,,,,,,,,,,,,,,,,,,,,,,,,,,,,,,,,,,,,,,,,,,,,,,,,,,,,
8,3,,,,,,,98,80,67,15,237.4,2730,10801,39,0,7.5,0.8;6.5;1.4;1.4;0.5;0.3;26.8;35.7;1.2;4.7;40.6;54.9;1.0;1.0;0.3;0.0;0.3;0.0;0.0;0.0;0.0;0.0;1.2;0.1,37.77,0.09,0.0,2.4,15.257,0.669,146.0,1562.0,4,16,,,,,,,,,,,,,,,,,,,,,,,,,,,,,,,,,,,,,,,,,,,,,,,,,,,,,,,,,,,,,
8,4,,,,,,,100,59,71,14,238.4,2730,10801,39,0,8.0,1.0;5.7;2.8;2.9;0.6;1.2;51.0;32.6;2.7;3.6;29.0;54.9;1.2;1.0;0.1;0.1;0.0;0.3;0.1;0.0;0.6;0.1;0.5;0.4,37.74,0.09,0.0,1.61,15.257,0.669,146.0,1806.0,4,16,,,,,,,,,,,,,,,,,,,,,,,,,,,,,,,,,,,,,,,,,,,,,,,,,,,,,,,,,,,,,
8,5,,,,,,,100,66,71,16,241.0,2730,10801,40,0,8.2,1.4;4.6;2.7;1.8;0.3;0.4;35.5;47.5;3.8;4.4;36.8;53.1;0.7;1.2;0.1;0.0;0.3;0.0;0.0;0.3;0.1;0.0;0.0;0.0,37.72,0.09,0.0,2.26,15.257,0.669,146.0,2001.0,4,16,,,,,,,,,,,,,,,,,,,,,,,,,,,,,,,,,,,,,,,,,,,,,,,,,,,,,,,,,,,,,
8,6,,,,,,,88,71,70,12,236.8,2730,10801,40,0,8.4,1.4;4.1;2.5;2.1;0.3;0.7;45.7;34.8;4.7;9.5;50.8;43.1;0.8;0.4;0.0;0.0;0.3;0.0;0.0;0.0;0.0;0.1;0.1;0.0,37.7,0.09,0.0,0.08,15.257,0.669,1074.0,1611.0,4,16,,,,,,,,,,,,,,,,,,,,,,,,,,,,,,,,,,,,,,,,,,,,,,,,,,,,,,,,,,,,,
8,7,,,,,,,100,81,72,19,239.9,2730,10801,40,0,8.4,1.4;7.3;2.1;1.6;1.1;0.5;40.3;39.2;8.0;6.7;52.9;39.3;0.4;0.6;0.0;0.0;0.0;0.0;0.0;0.0;0.3;0.0;0.1;0.1,37.7,0.09,0.0,0.04,15.257,0.669,1269.0,5468.0,4,16,,,,,,,,,,,,,,,,,,,,,,,,,,,,,,,,,,,,,,,,,,,,,,,,,,,,,,,,,,,,,
8,8,,,,,,,100,49,72,14,240.7,2730,10801,40,0,7.6,0.4;10.1;0.7;2.3;0.4;0.7;41.8;31.1;1.2;3.7;32.5;54.7;0.7;0.6;0.0;0.0;0.0;0.3;0.0;0.0;0.0;0.7;0.3;0.0,37.73,0.09,0.0,0.04,15.257,0.669,2148.0,5761.0,4,16,,,,,,,,,,,,,,,,,,,,,,,,,,,,,,,,,,,,,,,,,,,,,,,,,,,,,,,,,,,,,
8,9,,,,,,,100,72,73,15,239.4,2730,10801,40,0,7.4,1.2;3.8;1.7;1.4;0.7;1.0;46.2;39.3;1.2;2.3;50.1;26.0;0.8;0.3;0.0;0.1;0.4;0.1;0.1;0.1;0.1;0.3;0.6;0.1,37.74,0.09,0.01,0.04,15.257,0.669,16699.0,4638.0,4,16,,,,,,,,,,,,,,,,,,,,,,,,,,,,,,,,,,,,,,,,,,,,,,,,,,,,,,,,,,,,,
8,10,,,,,,,100,87,73,12,238.4,2730,10801,40,0,5.6,0.6;2.0;0.1;1.4;0.3;0.0;30.8;41.1;1.1;2.9;38.8;14.4;0.0;0.1;0.0;0.0;0.0;0.0;0.3;0.0;1.0;0.4;0.0;0.0,37.72,0.09,0.0,0.01,15.257,0.669,195.0,1757.0,4,16,,,,,,,,,,,,,,,,,,,,,,,,,,,,,,,,,,,,,,,,,,,,,,,,,,,,,,,,,,,,,
8,11,,,,,,,100,71,72,12,241.2,2730,10801,40,0,4.8,0.2;2.7;0.2;0.5;0.0;0.2;24.9;46.5;2.0;1.8;15.8;20.7;0.2;0.0;0.0;0.0;0.0;0.0;0.0;0.0;0.2;0.2;0.0;0.0,37.74,0.09,0.0,0.03,15.257,0.669,878.0,1464.0,4,16,,,,,,,,,,,,,,,,,,,,,,,,,,,,,,,,,,,,,,,,,,,,,,,,,,,,,,,,,,,,,
8,summary,0.4679831777181401,0.9733150701989229,0.4036199004010054,0.9881805031224641,0.00100000,138.1,,,,,,,,,,,,,,,,,,,,,,88,98.73,100,49,68.91,87,67,70.91,73,12,14.82,19,127.3,229.1,241.2,2730.0,10801.0,39.7,0,4.8,8.89,24.3,37.7,37.74,37.81,63.16,0.09,0.09,0.09,20.12,0.0,0.0,0.01,0.01,0.93,3.66,11.015,14.588,15.257,15.26,15.257,15.992,0.669,0.67,0.669,146.0,2347.73,16699.0,1464.0,3501.64,6884.0,4,4.0,4,16,16.0,16,4,16,2.43,109.53
9,1,,,,,,,98,59,52,25,27.7,2565,10801,30,0,14.0,10.2;15.2;15.0;14.7;14.0;14.0;28.5;54.2;17.1;18.6;33.6;52.2;9.2;8.9;2.4;2.8;4.0;4.0;1.7;1.6;3.0;3.5;3.0;3.3,37.61,0.09,0.0,1.59,13.653,0.0,1318.0,4833.0,4,16,,,,,,,,,,,,,,,,,,,,,,,,,,,,,,,,,,,,,,,,,,,,,,,,,,,,,,,,,,,,,
9,2,,,,,,,100,56,66,19,234.0,2745,10801,31,0,7.3,0.8;5.3;1.2;0.5;0.3;0.0;30.8;39.4;1.8;3.2;59.5;30.0;0.6;0.3;0.0;0.0;0.0;0.0;0.0;0.0;0.0;0.0;0.3;0.0,37.68,0.09,0.0,0.08,13.653,0.0,634.0,1562.0,4,16,,,,,,,,,,,,,,,,,,,,,,,,,,,,,,,,,,,,,,,,,,,,,,,,,,,,,,,,,,,,,
9,3,,,,,,,100,85,67,18,236.2,2745,10801,33,0,7.7,1.2;10.0;1.2;1.2;0.3;0.3;56.0;26.5;3.1;2.1;31.7;47.9;0.6;0.5;0.0;0.0;0.0;0.0;0.0;0.0;0.6;0.9;0.0;0.2,37.61,0.09,0.0,0.02,13.653,0.0,1074.0,7324.0,4,16,,,,,,,,,,,,,,,,,,,,,,,,,,,,,,,,,,,,,,,,,,,,,,,,,,,,,,,,,,,,,
9,4,,,,,,,100,59,68,18,236.1,2730,10801,34,0,7.4,1.2;10.0;1.2;1.1;0.6;0.3;49.3;33.3;2.4;2.0;29.6;45.1;0.3;0.5;0.0;0.0;0.0;0.0;0.0;0.0;0.2;0.0;0.5;0.2,37.67,0.09,0.0,0.02,13.653,0.0,878.0,1562.0,4,16,,,,,,,,,,,,,,,,,,,,,,,,,,,,,,,,,,,,,,,,,,,,,,,,,,,,,,,,,,,,,
9,5,,,,,,,100,86,65,16,236.0,2730,10801,35,0,7.5,0.0;7.9;1.1;0.8;0.5;0.3;56.6;43.8;2.4;1.5;16.7;46.1;0.6;0.9;0.0;0.0;0.0;0.0;0.0;0.2;0.0;0.0;0.0;0.2,37.64,0.09,0.0,0.02,13.653,0.0,17871.0,1513.0,4,16,,,,,,,,,,,,,,,,,,,,,,,,,,,,,,,,,,,,,,,,,,,,,,,,,,,,,,,,,,,,,
9,6,,,,,,,100,53,69,16,237.7,2730,10801,36,0,8.0,3.8;5.4;2.3;2.3;0.9;0.5;57.2;31.3;2.6;2.0;36.3;43.2;0.5;0.8;0.0;0.0;0.0;0.3;0.0;0.2;0.0;0.2;0.2;0.6,37.6,0.09,0.0,0.02,13.653,0.0,1269.0,4931.0,4,16,,,,,,,,,,,,,,,,,,,,,,,,,,,,,,,,,,,,,,,,,,,,,,,,,,,,,,,,,,,,,
9,7,,,,,,,100,63,68,21,238.2,2730,10801,36,0,7.6,1.1;2.4;1.8;1.4;0.8;0.3;55.7;35.8;3.8;4.2;39.8;32.2;0.5;0.8;0.0;0.0;0.0;0.0;0.0;0.0;0.0;0.3;0.3;0.2,37.66,0.09,0.0,0.04,13.653,0.0,1464.0,244.0,4,16,,,,,,,,,,,,,,,,,,,,,,,,,,,,,,,,,,,,,,,,,,,,,,,,,,,,,,,,,,,,,
9,8,,,,,,,100,68,71,22,238.5,2730,10801,36,0,8.8,3.5;5.2;3.5;3.5;1.4;1.1;54.0;42.4;4.1;5.6;33.4;49.5;0.5;0.5;0.2;0.3;0.3;0.0;0.6;0.0;0.6;0.5;0.2;0.6,37.67,0.09,0.0,0.04,13.653,0.0,146.0,7324.0,4,16,,,,,,,,,,,,,,,,,,,,,,,,,,,,,,,,,,,,,,,,,,,,,,,,,,,,,,,,,,,,,
9,9,,,,,,,100,75,70,14,237.3,2730,10801,37,0,7.8,1.2;13.4;2.3;0.9;0.6;0.0;57.4;34.8;3.0;2.0;27.5;43.1;0.3;0.5;0.0;0.0;0.0;0.0;0.0;0.0;0.0;0.0;0.3;0.2,37.6,0.09,0.0,0.04,13.653,0.0,21435.0,22607.0,4,16,,,,,,,,,,,,,,,,,,,,,,,,,,,,,,,,,,,,,,,,,,,,,,,,,,,,,,,,,,,,,
9,10,,,,,,,100,53,71,15,237.1,2730,10801,38,0,7.2,1.5;4.3;1.4;1.4;0.2;0.0;43.2;35.7;1.5;2.6;47.2;32.3;0.6;0.2;0.0;0.0;0.0;0.2;0.0;0.0;0.2;0.0;0.3;0.3,37.65,0.09,0.0,0.03,13.653,0.0,1318.0,5712.0,4,16,,,,,,,,,,,,,,,,,,,,,,,,,,,,,,,,,,,,,,,,,,,,,,,,,,,,,,,,,,,,,
9,11,,,,,,,95,80,69,14,238.7,2730,10801,38,0,5.9,0.6;4.0;0.9;1.1;0.3;0.2;30.4;49.4;2.3;2.0;18.4;28.4;0.5;0.6;0.3;0.3;0.3;0.0;0.0;0.0;0.0;0.8;0.0;0.0,37.64,0.09,0.0,0.03,13.653,0.0,781.0,1660.0,4,16,,,,,,,,,,,,,,,,,,,,,,,,,,,,,,,,,,,,,,,,,,,,,,,,,,,,,,,,,,,,,
9,12,,,,,,,100,61,71,13,237.0,2730,10801,38,0,4.9,0.4;3.5;0.6;0.6;0.2;0.4;25.3;34.9;1.3;1.1;25.7;21.8;0.4;0.0;0.0;0.2;0.2;0.0;0.0;0.2;0.0;0.0;0.0;0.2,37.63,0.09,0.0,0.17,13.653,0.0,634.0,341.0,4,16,,,,,,,,,,,,,,,,,,,,,,,,,,,,,,,,,,,,,,,,,,,,,,,,,,,,,,,,,,,,,
9,summary,0.4608541389511111,0.9751268561466861,0.4005558390725127,0.9881452210422327,0.00100000,180.2,,,,,,,,,,,,,,,,,,,,,,95,99.42,100,53,66.5,86,52,67.25,71,13,17.58,25,27.7,219.54,238.7,2718.8,10801.0,35.2,0,4.9,7.84,14.0,37.6,37.64,37.68,63.16,0.09,0.09,0.09,17.08,0.0,0.0,0.0,0.02,0.18,1.59,11.015,14.588,13.653,13.65,13.653,15.992,0.0,0.0,0.0,146.0,4068.5,21435.0,244.0,4967.75,22607.0,4,4.0,4,16,16.0,16,4,16,45.63,109.7
10,1,,,,,,,16,11,58,17,118.0,2745,10801,38,0,24.7,25.6;30.0;32.1;32.5;32.5;33.4;52.2;81.9;35.1;35.4;72.5;44.2;17.5;18.6;3.1;3.0;10.0;9.6;2.3;2.0;5.5;4.9;4.4;4.7,37.77,0.09,0.0,0.04,14.905,0.317,2490.0,6982.0,4,16,,,,,,,,,,,,,,,,,,,,,,,,,,,,,,,,,,,,,,,,,,,,,,,,,,,,,,,,,,,,,
10,2,,,,,,,100,56,72,14,237.8,2730,10801,38,0,8.1,1.7;2.3;1.7;2.0;0.9;1.1;54.9;38.4;6.4;5.6;27.8;49.8;0.5;0.5;0.0;0.3;0.0;0.0;0.2;0.2;0.3;0.3;0.3;0.2,37.71,0.09,0.0,3.54,14.905,0.317,1025.0,1660.0,4,16,,,,,,,,,,,,,,,,,,,,,,,,,,,,,,,,,,,,,,,,,,,,,,,,,,,,,,,,,,,,,
10,3,,,,,,,100,88,69,15,240.1,2730,10801,38,0,8.0,0.9;2.1;1.2;1.1;0.6;0.5;48.1;43.7;5.0;5.3;34.6;45.6;0.3;0.9;0.0;0.0;0.2;0.0;0.0;0.1;0.3;0.3;0.0;0.0,37.75,0.09,0.0,2.57,14.905,0.317,1123.0,5517.0,4,16,,,,,,,,,,,,,,,,,,,,,,,,,,,,,,,,,,,,,,,,,,,,,,,,,,,,,,,,,,,,,
10,4,,,,,,,100,73,69,16,237.9,2730,10801,38,0,8.9,1.1;13.4;1.7;1.8;0.8;0.8;38.2;45.7;3.2;7.1;39.1;57.2;0.8;0.8;0.0;0.3;0.0;0.0;0.0;0.0;0.0;0.0;0.6;1.4,37.69,0.09,0.0,1.95,14.905,0.317,634.0,1757.0,4,16,,,,,,,,,,,,,,,,,,,,,,,,,,,,,,,,,,,,,,,,,,,,,,,,,,,,,,,,,,,,,
10,5,,,,,,,100,78,71,15,238.8,2730,10801,38,0,7.3,0.2;4.3;1.4;1.5;0.2;0.8;44.7;27.8;2.0;4.4;28.6;56.8;0.5;0.5;0.0;0.0;0.0;0.2;0.0;0.2;0.0;0.0;0.3;0.0,37.63,0.09,0.0,2.87,14.905,0.317,1562.0,4150.0,4,16,,,,,,,,,,,,,,,,,,,,,,,,,,,,,,,,,,,,,,,,,,,,,,,,,,,,,,,,,,,,,
10,6,,,,,,,98,76,72,14,239.2,2730,10801,38,0,7.0,0.5;3.3;1.2;0.5;0.3;0.2;38.5;37.4;1.8;1.1;35.3;45.7;1.1;0.6;0.0;0.2;0.0;0.0;0.0;0.0;0.0;0.6;0.0;0.0,37.7,0.09,0.0,0.03,14.905,0.317,781.0,1757.0,4,16,,,,,,,,,,,,,,,,,,,,,,,,,,,,,,,,,,,,,,,,,,,,,,,,,,,,,,,,,,,,,
10,7,,,,,,,100,72,72,15,239.0,2730,10801,39,0,7.6,1.4;5.1;2.4;0.9;0.3;0.5;27.6;40.7;2.7;3.3;31.9;59.9;0.9;0.8;0.3;0.5;0.3;0.2;0.3;0.3;0.5;0.5;0.3;0.6,37.7,0.09,0.0,0.04,14.905,0.317,15234.0,15771.0,4,16,,,,,,,,,,,,,,,,,,,,,,,,,,,,,,,,,,,,,,,,,,,,,,,,,,,,,,,,,,,,,
10,8,,,,,,,98,79,70,13,239.9,2730,10801,39,0,8.1,2.4;4.2;2.3;3.2;1.5;1.1;49.4;28.8;3.0;4.7;27.0;58.0;0.6;1.1;0.0;0.2;0.6;0.2;0.0;0.5;2.4;2.6;0.2;0.2,37.63,0.09,0.0,0.03,14.905,0.317,585.0,6054.0,4,16,,,,,,,,,,,,,,,,,,,,,,,,,,,,,,,,,,,,,,,,,,,,,,,,,,,,,,,,,,,,,
10,9,,,,,,,100,56,72,20,239.0,2730,10801,39,0,7.3,0.9;6.5;0.5;1.1;0.6;0.6;43.8;24.4;2.9;3.0;33.1;55.5;0.5;0.5;0.3;0.3;0.0;0.0;0.3;0.3;0.0;0.3;0.0;0.0,37.67,0.09,0.0,0.03,14.905,0.317,146.0,1513.0,4,16,,,,,,,,,,,,,,,,,,,,,,,,,,,,,,,,,,,,,,,,,,,,,,,,,,,,,,,,,,,,,
10,10,,,,,,,100,73,70,13,240.5,2730,10801,39,0,7.7,1.4;4.2;0.9;2.1;0.6;0.6;25.2;51.5;4.7;5.2;25.0;63.6;0.6;0.3;0.1;0.0;0.2;0.0;0.0;0.0;0.0;0.0;0.0;0.0,37.68,0.09,0.0,0.02,14.905,0.317,1562.0,6835.0,4,16,,,,,,,,,,,,,,,,,,,,,,,,,,,,,,,,,,,,,,,,,,,,,,,,,,,,,,,,,,,,,
10,11,,,,,,,100,69,73,15,238.8,2730,10801,39,0,6.5,0.8;3.3;2.3;1.2;0.6;0.3;39.2;30.7;5.3;2.1;36.4;32.2;0.3;0.3;0.0;0.2;0.2;0.0;0.0;0.2;0.2;0.8;0.2;0.0,37.65,0.09,0.0,0.03,14.905,0.317,1464.0,195.0,4,16,,,,,,,,,,,,,,,,,,,,,,,,,,,,,,,,,,,,,,,,,,,,,,,,,,,,,,,,,,,,,
10,12,,,,,,,100,87,70,11,240.1,2730,10801,39,0,5.8,0.6;4.4;1.5;0.7;0.4;0.4;33.1;16.8;3.4;1.3;31.8;42.4;0.6;0.2;0.0;0.7;0.2;0.0;0.0;0.0;0.4;0.9;0.0;0.4,37.66,0.09,0.01,0.03,14.905,0.317,146.0,1904.0,4,16,,,,,,,,,,,,,,,,,,,,,,,,,,,,,,,,,,,,,,,,,,,,,,,,,,,,,,,,,,,,,
10,summary,0.45439147714719014,0.9764467826790773,0.39914459815199627,0.9879335285608439,0.00100000,137.1,,,,,,,,,,,,,,,,,,,,,,16,92.67,100,11,68.17,88,58,69.83,73,11,14.83,20,118.0,229.09,240.5,2731.2,10801.0,38.5,0,5.8,8.92,24.7,37.63,37.69,37.77,63.16,0.09,0.09,0.09,19.11,0.0,0.0,0.01,0.02,0.93,3.54,11.015,14.588,14.905,14.9,14.905,15.992,0.317,0.32,0.317,146.0,2229.33,15234.0,195.0,4507.92,15771.0,4,4.0,4,16,16.0,16,4,16,2.69,109.55
11,1,,,,,,,100,56,69,16,119.3,2730,10801,39,0,25.0,24.5;30.8;34.4;33.7;31.4;30.8;66.0;65.5;36.8;36.6;58.7;67.0;18.5;20.8;2.2;2.9;9.7;8.8;1.6;1.6;5.8;5.5;3.3;3.0,37.81,0.09,0.0,0.02,14.905,0.317,17236.0,6103.0,4,16,,,,,,,,,,,,,,,,,,,,,,,,,,,,,,,,,,,,,,,,,,,,,,,,,,,,,,,,,,,,,
11,2,,,,,,,100,82,68,15,238.1,2730,10801,39,0,7.1,0.6;4.3;0.9;1.1;0.8;0.5;30.2;43.9;2.4;1.4;38.6;43.2;0.9;0.8;0.0;0.0;0.0;0.3;0.0;0.2;0.2;0.0;0.0;0.0,37.75,0.09,0.0,3.56,14.905,0.317,1464.0,1611.0,4,16,,,,,,,,,,,,,,,,,,,,,,,,,,,,,,,,,,,,,,,,,,,,,,,,,,,,,,,,,,,,,
11,3,,,,,,,100,54,73,13,238.5,2730,10801,39,0,7.5,0.8;3.5;2.9;0.8;0.6;0.3;34.0;54.7;4.6;2.4;28.6;43.8;0.6;0.8;0.0;0.5;0.0;0.0;0.2;0.0;0.0;0.0;0.2;0.0,37.7,0.09,0.01,2.64,14.905,0.317,2197.0,5517.0,4,16,,,,,,,,,,,,,,,,,,,,,,,,,,,,,,,,,,,,,,,,,,,,,,,,,,,,,,,,,,,,,
11,4,,,,,,,100,69,72,19,240.4,2730,10801,39,0,7.2,0.8;3.9;1.7;0.3;0.2;0.0;43.9;25.5;1.4;1.7;31.0;61.5;0.6;0.8;0.0;0.0;0.2;0.0;0.0;0.0;0.0;0.0;0.2;0.0,37.74,0.09,0.0,1.96,14.905,0.317,634.0,1562.0,4,16,,,,,,,,,,,,,,,,,,,,,,,,,,,,,,,,,,,,,,,,,,,,,,,,,,,,,,,,,,,,,
11,5,,,,,,,98,79,72,13,237.9,2730,10801,39,0,7.5,1.1;6.9;1.8;1.1;0.8;0.8;36.4;51.7;3.8;2.6;37.9;32.4;0.8;0.8;0.0;0.2;0.2;0.2;0.0;0.0;0.5;0.8;0.2;0.2,37.69,0.09,0.0,2.86,14.905,0.317,2197.0,2978.0,4,16,,,,,,,,,,,,,,,,,,,,,,,,,,,,,,,,,,,,,,,,,,,,,,,,,,,,,,,,,,,,,
11,6,,,,,,,100,74,70,12,239.1,2730,10801,39,0,7.4,0.9;3.3;2.1;0.6;0.6;0.0;43.1;30.8;2.4;2.6;35.4;52.1;1.1;0.8;0.0;0.0;0.2;0.0;0.2;0.0;0.2;0.3;0.2;0.0,37.69,0.09,0.0,0.03,14.905,0.317,634.0,1513.0,4,16,,,,,,,,,,,,,,,,,,,,,,,,,,,,,,,,,,,,,,,,,,,,,,,,,,,,,,,,,,,,,
11,7,,,,,,,100,77,70,12,237.1,2730,10801,39,0,7.7,0.8;2.7;2.4;0.6;0.5;0.5;45.8;31.0;4.8;6.5;31.6;56.4;0.5;0.6;0.0;0.0;0.0;0.0;0.2;0.0;0.2;0.2;0.0;0.2,37.65,0.09,0.0,0.01,14.905,0.317,1464.0,195.0,4,16,,,,,,,,,,,,,,,,,,,,,,,,,,,,,,,,,,,,,,,,,,,,,,,,,,,,,,,,,,,,,
11,8,,,,,,,100,74,72,11,239.5,2730,10801,39,0,7.9,1.4;5.1;1.7;1.4;0.6;0.0;31.6;55.8;3.5;4.1;42.8;39.0;0.5;0.8;0.2;0.0;0.2;0.0;0.2;0.0;0.0;0.2;0.0;0.0,37.65,0.09,0.0,0.03,14.905,0.317,390.0,537.0,4,16,,,,,,,,,,,,,,,,,,,,,,,,,,,,,,,,,,,,,,,,,,,,,,,,,,,,,,,,,,,,,
11,9,,,,,,,98,77,68,20,237.1,2730,10801,39,0,8.6,0.5;14.0;1.7;1.2;0.8;0.6;48.0;33.6;4.7;3.3;49.5;47.0;0.5;0.5;0.0;0.0;0.2;0.0;0.0;0.0;0.0;0.2;0.5;0.2,37.68,0.09,0.0,0.03,14.905,0.317,585.0,195.0,4,16,,,,,,,,,,,,,,,,,,,,,,,,,,,,,,,,,,,,,,,,,,,,,,,,,,,,,,,,,,,,,
11,10,,,,,,,100,62,72,13,239.9,2730,10801,39,0,7.0,0.3;2.0;0.6;0.6;0.0;0.3;44.4;38.0;0.9;1.4;29.4;47.7;0.8;0.5;0.0;0.0;0.0;0.0;0.0;0.0;0.0;0.3;0.0;0.0,37.67,0.09,0.0,0.02,14.905,0.317,17041.0,18603.0,4,16,,,,,,,,,,,,,,,,,,,,,,,,,,,,,,,,,,,,,,,,,,,,,,,,,,,,,,,,,,,,,
11,11,,,,,,,100,86,70,14,239.3,2730,10801,39,0,5.9,0.8;3.1;1.4;0.6;0.3;0.5;47.6;18.9;0.9;3.5;19.8;40.6;0.2;0.6;0.0;0.0;0.5;0.3;0.0;0.2;0.8;0.3;0.0;0.0,37.7,0.09,0.0,0.03,14.905,0.317,781.0,1708.0,4,16,,,,,,,,,,,,,,,,,,,,,,,,,,,,,,,,,,,,,,,,,,,,,,,,,,,,,,,,,,,,,
11,12,,,,,,,100,49,73,12,239.8,2730,10801,39,0,5.0,0.0;3.3;0.6;0.4;0.0;0.6;38.1;20.5;0.7;2.2;25.7;26.8;0.4;0.0;0.0;0.0;0.0;0.0;0.0;0.0;0.0;0.0;0.0;0.0,37.71,0.09,0.0,0.02,14.905,0.317,390.0,390.0,4,16,,,,,,,,,,,,,,,,,,,,,,,,,,,,,,,,,,,,,,,,,,,,,,,,,,,,,,,,,,,,,
11,summary,0.4483900787034486,0.977586153223547,0.397656749879675,0.9880746568817698,0.00100000,137.0,,,,,,,,,,,,,,,,,,,,,,98,99.67,100,49,69.92,86,68,70.75,73,11,14.17,20,119.3,228.83,240.4,2730.0,10801.0,39.0,0,5.0,8.65,25.0,37.65,37.7,37.81,63.16,0.09,0.09,0.09,19.11,0.0,0.0,0.01,0.01,0.93,3.56,11.015,14.588,14.905,14.9,14.905,15.992,0.317,0.32,0.317,390.0,3751.08,17236.0,195.0,3409.33,18603.0,4,4.0,4,16,16.0,16,4,16,2.76,109.55
12,1,,,,,,,100,56,69,15,120.6,2745,10801,40,0,24.6,23.0;27.3;33.8;33.4;32.3;33.1;66.7;60.1;34.3;35.8;66.3;57.3;19.6;20.3;2.5;2.9;9.4;9.7;1.7;2.1;4.2;4.4;4.7;4.5,37.8,0.09,0.0,0.04,14.905,0.317,1269.0,5468.0,4,16,,,,,,,,,,,,,,,,,,,,,,,,,,,,,,,,,,,,,,,,,,,,,,,,,,,,,,,,,,,,,
12,2,,,,,,,100,80,70,12,237.7,2730,10801,39,0,7.5,0.9;3.4;2.7;1.8;1.1;0.5;55.3;42.4;2.4;4.4;20.2;42.0;0.9;0.5;0.0;0.0;0.0;0.0;0.0;0.0;0.3;0.0;0.0;0.0,37.77,0.09,0.0,3.56,14.91,0.322,781.0,1611.0,4,16,,,,,,,,,,,,,,,,,,,,,,,,,,,,,,,,,,,,,,,,,,,,,,,,,,,,,,,,,,,,,
12,3,,,,,,,100,55,71,21,238.8,2730,10801,39,0,7.5,0.6;2.8;2.0;0.9;0.3;0.3;34.4;34.9;2.9;3.0;37.6;58.0;0.9;0.3;0.0;0.0;0.2;0.0;0.0;0.0;0.0;0.0;0.2;0.2,37.74,0.09,0.0,2.59,14.905,0.317,2197.0,10742.0,4,16,,,,,,,,,,,,,,,,,,,,,,,,,,,,,,,,,,,,,,,,,,,,,,,,,,,,,,,,,,,,,
12,4,,,,,,,100,82,68,14,240.2,2730,10801,39,0,8.3,2.3;3.6;2.3;2.1;1.7;0.8;31.9;44.8;4.5;5.0;36.5;57.3;1.4;1.2;0.2;0.2;0.3;0.0;0.0;0.0;0.8;1.2;0.3;0.5,37.72,0.09,0.0,1.97,14.905,0.317,1025.0,1806.0,4,16,,,,,,,,,,,,,,,,,,,,,,,,,,,,,,,,,,,,,,,,,,,,,,,,,,,,,,,,,,,,,
12,5,,,,,,,98,75,72,15,238.4,2730,10801,39,0,8.3,0.5;14.7;0.9;1.2;0.6;0.5;34.5;49.8;3.2;5.6;27.8;56.5;0.3;0.9;0.2;0.0;0.0;0.0;0.2;0.0;0.0;0.0;0.6;0.0,37.69,0.09,0.0,2.89,14.905,0.317,1757.0,1806.0,4,16,,,,,,,,,,,,,,,,,,,,,,,,,,,,,,,,,,,,,,,,,,,,,,,,,,,,,,,,,,,,,
12,6,,,,,,,100,72,70,13,241.2,2730,10801,39,0,7.1,0.6;2.0;0.8;0.5;0.6;0.6;27.6;40.4;2.0;3.3;39.1;50.5;0.8;0.8;0.2;0.0;0.2;0.2;0.0;0.0;0.0;0.0;0.9;0.0,37.65,0.09,0.0,0.03,14.905,0.317,1025.0,488.0,4,16,,,,,,,,,,,,,,,,,,,,,,,,,,,,,,,,,,,,,,,,,,,,,,,,,,,,,,,,,,,,,
12,7,,,,,,,98,77,70,20,237.8,2730,10801,39,0,7.4,1.8;4.9;1.4;1.4;0.6;0.8;27.2;48.2;2.0;4.6;35.9;45.8;1.1;1.2;0.0;0.0;0.2;0.2;0.2;0.2;0.3;0.2;0.5;0.5,37.68,0.09,0.0,0.02,14.905,0.317,781.0,1660.0,4,16,,,,,,,,,,,,,,,,,,,,,,,,,,,,,,,,,,,,,,,,,,,,,,,,,,,,,,,,,,,,,
12,8,,,,,,,100,59,73,16,239.7,2730,10801,39,0,7.2,0.6;3.0;1.4;1.1;0.0;1.1;20.2;51.5;1.5;3.0;30.0;55.3;0.8;1.2;0.2;0.0;0.0;0.0;0.0;0.0;0.3;0.0;1.5;0.5,37.7,0.09,0.0,0.07,14.905,0.317,146.0,9033.0,4,16,,,,,,,,,,,,,,,,,,,,,,,,,,,,,,,,,,,,,,,,,,,,,,,,,,,,,,,,,,,,,
12,9,,,,,,,100,78,69,14,238.9,2730,10801,39,0,7.4,1.5;4.5;1.5;1.2;0.6;0.5;25.2;55.7;1.5;3.0;29.1;51.8;0.8;0.8;0.0;0.2;0.0;0.2;0.0;0.0;0.0;0.3;0.0;0.0,37.64,0.09,0.0,0.02,14.905,0.317,2490.0,1513.0,4,16,,,,,,,,,,,,,,,,,,,,,,,,,,,,,,,,,,,,,,,,,,,,,,,,,,,,,,,,,,,,,
12,10,,,,,,,100,51,72,12,239.8,2730,10801,39,0,7.7,0.5;9.4;0.9;0.9;0.8;0.6;52.1;45.8;2.4;5.0;17.6;46.8;0.8;0.6;0.0;0.0;0.0;0.3;0.0;0.0;0.0;0.0;0.2;0.0,37.68,0.09,0.0,0.02,14.905,0.317,1806.0,5566.0,4,16,,,,,,,,,,,,,,,,,,,,,,,,,,,,,,,,,,,,,,,,,,,,,,,,,,,,,,,,,,,,,
12,11,,,,,,,100,74,70,14,240.8,2730,10801,39,0,6.9,1.5;5.1;2.4;2.6;1.1;0.8;34.6;31.6;5.5;4.1;26.9;45.8;0.3;0.6;0.0;0.2;0.0;0.2;0.0;0.0;0.0;0.0;2.0;0.3,37.66,0.09,0.0,0.04,14.905,0.317,341.0,585.0,4,16,,,,,,,,,,,,,,,,,,,,,,,,,,,,,,,,,,,,,,,,,,,,,,,,,,,,,,,,,,,,,
12,12,,,,,,,100,60,74,12,238.0,2730,10801,40,0,5.6,0.4;3.8;0.9;1.5;0.0;0.0;12.4;48.4;2.2;1.9;37.1;26.5;0.0;0.0;0.0;0.0;0.0;0.0;0.0;0.0;0.0;0.2;0.2;0.0,37.67,0.09,0.0,0.02,14.905,0.317,390.0,129492.0,4,16,,,,,,,,,,,,,,,,,,,,,,,,,,,,,,,,,,,,,,,,,,,,,,,,,,,,,,,,,,,,,
12,summary,0.445817997383937,0.977997073747782,0.3958350119840425,0.9884274776840842,0.00100000,137.2,,,,,,,,,,,,,,,,,,,,,,98,99.67,100,51,68.25,82,68,70.67,74,12,14.83,21,120.6,229.33,241.2,2731.2,10801.0,39.2,0,5.6,8.79,24.6,37.64,37.7,37.8,63.16,0.09,0.09,0.09,19.11,0.0,0.0,0.0,0.02,0.94,3.56,11.015,14.588,14.905,14.91,14.91,15.992,0.317,0.32,0.322,146.0,1167.33,2490.0,488.0,14147.5,129492.0,4,4.0,4,16,16.0,16,4,16,2.7,109.54
13,1,,,,,,,100,75,67,16,115.9,2730,10801,39,0,24.7,26.6;29.3;33.1;33.3;32.2;31.4;73.3;54.7;35.9;34.6;64.9;60.8;18.8;19.6;3.0;3.2;8.7;9.1;2.1;2.3;5.1;4.5;3.1;3.5,37.79,0.09,0.0,0.05,14.905,0.317,17871.0,19970.0,4,16,,,,,,,,,,,,,,,,,,,,,,,,,,,,,,,,,,,,,,,,,,,,,,,,,,,,,,,,,,,,,
13,2,,,,,,,100,86,70,14,237.3,2730,10801,39,0,7.2,1.4;3.9;1.8;0.6;0.2;0.5;47.9;37.7;1.4;1.7;29.0;44.3;0.3;0.5;0.0;0.0;0.0;0.0;0.0;0.0;0.2;0.0;0.3;0.5,37.73,0.09,0.0,3.54,14.905,0.317,439.0,341.0,4,16,,,,,,,,,,,,,,,,,,,,,,,,,,,,,,,,,,,,,,,,,,,,,,,,,,,,,,,,,,,,,
13,3,,,,,,,100,49,72,19,239.1,2730,10801,39,0,7.2,1.2;5.4;1.1;1.4;0.5;0.5;38.4;30.9;1.5;2.0;33.4;56.3;0.5;0.3;0.0;0.0;0.0;0.2;0.0;0.0;0.0;0.0;0.5;0.2,37.76,0.09,0.0,2.59,14.905,0.317,1513.0,5664.0,4,16,,,,,,,,,,,,,,,,,,,,,,,,,,,,,,,,,,,,,,,,,,,,,,,,,,,,,,,,,,,,,
13,4,,,,,,,100,79,68,19,238.9,2730,10801,39,0,7.2,0.8;4.8;1.2;0.8;0.3;0.8;47.3;26.4;2.0;2.4;40.7;42.7;1.2;0.8;0.0;0.0;0.0;0.0;0.0;0.0;0.3;0.8;0.0;0.2,37.7,0.09,0.0,1.99,14.905,0.317,1708.0,488.0,4,16,,,,,,,,,,,,,,,,,,,,,,,,,,,,,,,,,,,,,,,,,,,,,,,,,,,,,,,,,,,,,
13,5,,,,,,,100,59,73,15,237.8,2730,10801,39,0,7.5,1.5;6.4;1.7;0.6;0.2;0.2;43.8;37.6;3.9;1.4;31.5;50.7;0.5;0.2;0.0;0.0;0.0;0.0;0.0;0.0;0.0;0.0;0.2;0.0,37.65,0.09,0.0,2.88,14.905,0.317,1708.0,3173.0,4,16,,,,,,,,,,,,,,,,,,,,,,,,,,,,,,,,,,,,,,,,,,,,,,,,,,,,,,,,,,,,,
13,6,,,,,,,100,85,72,13,239.5,2730,10801,39,0,7.7,0.9;7.2;2.1;1.5;2.2;0.5;48.0;24.9;3.9;3.0;30.6;57.8;0.3;0.8;0.3;0.0;0.0;0.0;0.0;0.0;0.0;0.3;0.0;0.0,37.7,0.09,0.0,0.03,14.905,0.317,18896.0,4248.0,4,16,,,,,,,,,,,,,,,,,,,,,,,,,,,,,,,,,,,,,,,,,,,,,,,,,,,,,,,,,,,,,
13,7,,,,,,,100,61,70,11,236.9,2730,10801,39,0,8.6,1.4;3.6;4.7;2.6;2.1;1.4;41.5;56.0;6.4;5.2;34.2;40.7;1.5;1.4;0.5;0.2;0.2;0.0;0.2;0.2;0.2;0.2;0.6;1.1,37.69,0.09,0.0,0.03,14.905,0.317,683.0,1562.0,4,16,,,,,,,,,,,,,,,,,,,,,,,,,,,,,,,,,,,,,,,,,,,,,,,,,,,,,,,,,,,,,
13,8,,,,,,,100,86,72,18,239.4,2730,10801,39,0,8.0,1.7;3.3;2.6;1.7;0.9;0.5;49.5;45.6;5.0;4.0;29.6;44.9;0.3;0.9;0.0;0.0;0.0;0.0;0.0;0.0;0.3;0.2;0.9;0.6,37.64,0.09,0.0,0.11,14.905,0.317,1464.0,4833.0,4,16,,,,,,,,,,,,,,,,,,,,,,,,,,,,,,,,,,,,,,,,,,,,,,,,,,,,,,,,,,,,,
13,9,,,,,,,98,79,72,12,237.0,2730,10801,40,0,7.9,0.0;3.0;1.2;1.1;0.2;0.6;49.8;37.2;3.5;3.6;33.2;53.5;0.6;0.6;0.0;0.0;0.0;0.0;0.0;0.0;0.0;0.0;0.3;0.5,37.69,0.09,0.0,0.02,14.905,0.317,830.0,1708.0,4,16,,,,,,,,,,,,,,,,,,,,,,,,,,,,,,,,,,,,,,,,,,,,,,,,,,,,,,,,,,,,,
13,10,,,,,,,100,78,71,12,238.6,2730,10801,39,0,8.3,1.5;15.7;2.1;1.8;0.9;0.0;44.5;32.6;3.0;1.7;39.1;52.8;0.6;0.9;0.0;0.0;0.0;0.0;0.0;0.0;0.5;0.5;0.0;0.0,37.68,0.09,0.0,0.1,14.905,0.317,1953.0,8984.0,4,16,,,,,,,,,,,,,,,,,,,,,,,,,,,,,,,,,,,,,,,,,,,,,,,,,,,,,,,,,,,,,
13,11,,,,,,,99,81,69,15,238.5,2730,10801,40,0,5.7,0.3;2.1;0.3;0.2;0.2;0.2;47.3;12.9;2.0;1.5;14.8;53.5;0.3;0.0;0.0;0.0;0.0;0.2;0.0;0.0;0.0;0.0;0.3;0.2,37.69,0.09,0.0,0.04,14.905,0.317,390.0,1660.0,4,16,,,,,,,,,,,,,,,,,,,,,,,,,,,,,,,,,,,,,,,,,,,,,,,,,,,,,,,,,,,,,
13,12,,,,,,,100,66,70,12,239.5,2730,10801,40,0,5.0,0.4;1.5;0.2;0.9;0.2;0.4;31.0;24.6;0.6;2.4;22.5;33.1;0.4;0.0;0.0;0.0;0.0;0.2;0.0;0.0;0.2;0.2;0.2;0.4,37.69,0.09,0.0,0.01,14.905,0.317,634.0,1611.0,4,16,,,,,,,,,,,,,,,,,,,,,,,,,,,,,,,,,,,,,,,,,,,,,,,,,,,,,,,,,,,,,
13,summary,0.44009193854633605,0.9795971733648787,0.39485324254946286,0.9886744522457044,0.00100000,137.2,,,,,,,,,,,,,,,,,,,,,,98,99.75,100,49,73.67,86,67,70.5,73,11,14.67,19,115.9,228.2,239.5,2730.0,10801.0,39.2,0,5.0,8.75,24.7,37.64,37.7,37.79,63.16,0.09,0.09,0.09,19.11,0.0,0.0,0.0,0.01,0.95,3.54,11.015,14.588,14.905,14.9,14.905,15.992,0.317,0.32,0.317,390.0,4007.42,18896.0,341.0,4520.17,19970.0,4,4.0,4,16,16.0,16,4,16,2.81,109.56
14,1,,,,,,,100,60,70,22,131.4,2730,10801,39,0,24.2,23.9;27.9;33.7;34.5;32.5;31.6;54.7;73.0;34.0;36.5;57.7;62.2;17.7;19.4;2.5;2.2;9.7;9.1;1.1;1.0;3.7;5.1;3.4;3.3,37.79,0.09,0.0,0.01,14.905,0.317,1269.0,5615.0,4,16,,,,,,,,,,,,,,,,,,,,,,,,,,,,,,,,,,,,,,,,,,,,,,,,,,,,,,,,,,,,,
14,2,,,,,,,100,88,72,17,237.5,2730,10801,39,0,7.6,0.9;5.4;1.4;1.1;1.1;0.2;33.2;50.3;2.7;3.8;34.5;45.9;0.6;0.5;0.0;0.0;0.0;0.0;0.2;0.0;0.3;0.5;0.0;0.2,37.75,0.09,0.0,3.64,14.905,0.317,1220.0,2001.0,4,16,,,,,,,,,,,,,,,,,,,,,,,,,,,,,,,,,,,,,,,,,,,,,,,,,,,,,,,,,,,,,
14,3,,,,,,,100,49,72,13,240.5,2730,10801,39,0,7.7,0.9;2.4;2.4;1.7;1.2;0.9;30.4;38.2;4.7;3.5;38.0;58.9;0.9;0.8;0.0;0.2;0.0;0.0;0.0;0.2;0.5;0.3;0.0;0.0,37.71,0.09,0.0,2.7,14.905,0.317,2246.0,5419.0,4,16,,,,,,,,,,,,,,,,,,,,,,,,,,,,,,,,,,,,,,,,,,,,,,,,,,,,,,,,,,,,,
14,4,,,,,,,100,74,70,13,239.6,2730,10801,39,0,7.4,1.4;2.4;1.1;1.4;0.6;0.6;29.5;50.8;3.2;3.5;34.0;47.6;0.6;0.5;0.0;0.0;0.0;0.0;0.0;0.0;0.0;0.0;0.3;0.0,37.7,0.09,0.0,2.02,14.905,0.317,341.0,1855.0,4,16,,,,,,,,,,,,,,,,,,,,,,,,,,,,,,,,,,,,,,,,,,,,,,,,,,,,,,,,,,,,,
14,5,,,,,,,100,58,73,15,237.6,2730,10801,39,0,8.5,2.1;8.4;2.3;1.2;1.1;0.6;41.6;30.6;6.0;5.3;48.7;53.1;0.5;0.5;0.0;0.0;0.2;0.2;0.0;0.0;0.0;0.5;0.0;0.0,37.69,0.09,0.0,2.89,14.905,0.317,8349.0,123876.0,4,16,,,,,,,,,,,,,,,,,,,,,,,,,,,,,,,,,,,,,,,,,,,,,,,,,,,,,,,,,,,,,
14,6,,,,,,,100,75,69,12,240.2,2730,10801,40,0,7.5,0.6;9.9;0.8;0.8;0.6;0.3;43.6;35.7;2.0;1.7;42.1;40.6;0.5;0.6;0.0;0.0;0.0;0.0;0.0;0.3;0.5;0.3;0.0;0.0,37.65,0.09,0.0,0.02,14.905,0.317,292.0,585.0,4,16,,,,,,,,,,,,,,,,,,,,,,,,,,,,,,,,,,,,,,,,,,,,,,,,,,,,,,,,,,,,,
14,7,,,,,,,98,77,71,19,237.4,2730,10801,40,0,7.5,0.8;3.7;1.8;0.3;0.5;1.1;55.6;29.5;3.5;4.2;40.4;34.4;0.9;0.9;0.0;0.2;0.0;0.2;0.0;0.3;0.2;0.5;0.3;0.3,37.65,0.09,0.0,0.1,14.905,0.317,195.0,2001.0,4,16,,,,,,,,,,,,,,,,,,,,,,,,,,,,,,,,,,,,,,,,,,,,,,,,,,,,,,,,,,,,,
14,8,,,,,,,100,73,70,15,240.4,2730,10801,39,0,7.1,1.2;3.2;0.6;0.8;0.2;0.3;36.4;32.2;2.1;1.7;40.6;50.2;0.8;0.3;0.0;0.0;0.0;0.2;0.2;0.0;0.0;0.2;0.3;0.2,37.68,0.09,0.0,0.04,14.905,0.317,146.0,8691.0,4,16,,,,,,,,,,,,,,,,,,,,,,,,,,,,,,,,,,,,,,,,,,,,,,,,,,,,,,,,,,,,,
14,9,,,,,,,98,77,70,14,236.6,2730,10801,40,0,7.0,0.3;3.0;0.9;1.1;0.2;0.3;52.9;32.1;1.7;2.1;24.4;46.8;0.5;0.9;0.0;0.0;0.0;0.0;0.0;0.2;0.0;0.0;1.5;0.3,37.66,0.09,0.0,0.03,14.905,0.317,1464.0,244.0,4,16,,,,,,,,,,,,,,,,,,,,,,,,,,,,,,,,,,,,,,,,,,,,,,,,,,,,,,,,,,,,,
14,10,,,,,,,100,56,71,13,239.3,2730,10801,40,0,7.6,2.0;9.3;1.1;1.4;0.3;0.5;52.7;28.3;2.4;3.2;31.9;45.4;1.2;0.9;0.0;0.0;0.0;0.2;0.0;0.0;0.2;0.3;0.0;0.2,37.65,0.09,0.0,0.03,14.905,0.317,1074.0,116650.0,4,16,,,,,,,,,,,,,,,,,,,,,,,,,,,,,,,,,,,,,,,,,,,,,,,,,,,,,,,,,,,,,
14,11,,,,,,,100,85,69,11,239.8,2730,10801,40,0,5.9,0.6;4.0;0.8;0.8;0.3;0.2;51.4;13.2;2.7;1.2;18.3;47.3;0.6;0.3;0.2;0.0;0.0;0.0;0.0;0.0;0.2;0.5;0.0;0.0,37.68,0.09,0.0,0.03,14.905,0.317,976.0,2099.0,4,16,,,,,,,,,,,,,,,,,,,,,,,,,,,,,,,,,,,,,,,,,,,,,,,,,,,,,,,,,,,,,
14,12,,,,,,,100,52,71,12,237.9,2730,10801,40,0,5.5,0.6;2.6;0.9;1.7;0.4;0.0;21.0;15.3;4.3;1.7;15.5;66.0;0.2;0.4;0.0;0.0;0.2;0.0;0.0;0.2;0.0;0.0;0.7;0.0,37.68,0.09,0.0,0.05,14.905,0.317,146.0,1757.0,4,16,,,,,,,,,,,,,,,,,,,,,,,,,,,,,,,,,,,,,,,,,,,,,,,,,,,,,,,,,,,,,
14,summary,0.4364603349098035,0.9802820409052704,0.3937092944556444,0.9888861447270931,0.00100000,136.8,,,,,,,,,,,,,,,,,,,,,,98,99.67,100,49,68.67,88,69,70.67,73,11,14.67,22,131.4,229.85,240.5,2730.0,10801.0,39.5,0,5.5,8.62,24.2,37.65,37.69,37.79,63.16,0.09,0.09,0.09,19.11,0.0,0.0,0.0,0.01,0.96,3.64,11.015,14.588,14.905,14.9,14.905,15.992,0.317,0.32,0.317,146.0,1476.5,8349.0,244.0,22566.08,123876.0,4,4.0,4,16,16.0,16,4,16,2.63,109.51
15,1,,,,,,,100,54,69,16,119.3,2730,10801,40,0,25.0,27.8;31.4;32.0;32.2;33.4;32.8;67.1;50.6;37.6;36.9;55.8;77.0;17.8;16.7;3.2;2.9;10.6;9.4;2.3;1.7;6.4;5.1;4.1;3.9,37.77,0.09,0.0,0.02,14.905,0.317,1562.0,5419.0,4,16,,,,,,,,,,,,,,,,,,,,,,,,,,,,,,,,,,,,,,,,,,,,,,,,,,,,,,,,,,,,,
15,2,,,,,,,100,83,69,14,237.3,2730,10801,40,0,7.3,0.6;3.9;1.2;1.5;0.3;0.0;38.9;40.2;3.2;1.5;42.8;39.7;0.6;0.6;0.0;0.0;0.0;0.0;0.0;0.3;0.0;0.0;0.0;0.2,37.73,0.09,0.0,3.54,14.905,0.317,390.0,488.0,4,16,,,,,,,,,,,,,,,,,,,,,,,,,,,,,,,,,,,,,,,,,,,,,,,,,,,,,,,,,,,,,
15,3,,,,,,,100,64,70,18,239.2,2730,10801,40,0,7.5,1.4;3.7;2.0;1.8;1.2;0.8;51.9;27.8;4.6;3.3;48.9;29.1;1.1;0.6;0.0;0.3;0.2;0.0;0.2;0.0;1.2;0.5;0.6;0.0,37.73,0.09,0.0,2.68,14.905,0.317,1562.0,5615.0,4,16,,,,,,,,,,,,,,,,,,,,,,,,,,,,,,,,,,,,,,,,,,,,,,,,,,,,,,,,,,,,,
15,4,,,,,,,98,80,70,15,237.0,2730,10801,40,0,7.1,1.1;2.7;1.4;0.6;0.5;0.6;50.7;28.3;2.7;2.4;52.2;25.5;0.2;0.5;0.0;0.0;0.0;0.0;0.0;0.0;0.2;0.0;0.3;0.0,37.69,0.09,0.0,2.04,14.905,0.317,1269.0,1855.0,4,16,,,,,,,,,,,,,,,,,,,,,,,,,,,,,,,,,,,,,,,,,,,,,,,,,,,,,,,,,,,,,
15,5,,,,,,,100,54,71,14,237.7,2730,10801,40,0,7.5,1.1;5.4;2.6;0.2;0.3;1.5;44.5;35.3;3.5;2.3;33.6;45.9;1.1;0.8;0.2;0.2;0.3;0.2;0.0;0.0;0.0;0.0;0.2;0.0,37.66,0.09,0.0,2.88,14.905,0.317,30810.0,119335.0,4,16,,,,,,,,,,,,,,,,,,,,,,,,,,,,,,,,,,,,,,,,,,,,,,,,,,,,,,,,,,,,,
15,6,,,,,,,100,87,73,11,240.0,2730,10801,40,0,7.8,1.4;7.2;1.1;0.8;1.2;0.8;53.4;30.9;4.3;2.7;53.1;26.7;1.5;0.3;0.0;0.0;0.2;0.2;0.2;0.0;0.2;0.3;0.2;0.0,37.67,0.09,0.01,0.02,14.905,0.317,1660.0,1904.0,4,16,,,,,,,,,,,,,,,,,,,,,,,,,,,,,,,,,,,,,,,,,,,,,,,,,,,,,,,,,,,,,
15,7,,,,,,,100,46,71,14,237.4,2730,10801,40,0,7.7,1.4;4.0;2.3;1.8;0.6;0.3;36.3;34.3;6.5;1.2;28.6;64.9;0.9;0.3;0.0;0.0;0.0;0.0;0.0;0.0;0.0;0.0;0.0;0.2,37.65,0.09,0.0,0.07,14.905,0.317,390.0,341.0,4,16,,,,,,,,,,,,,,,,,,,,,,,,,,,,,,,,,,,,,,,,,,,,,,,,,,,,,,,,,,,,,
15,8,,,,,,,100,74,72,13,239.4,2730,10801,40,0,7.9,1.2;3.6;2.3;1.2;0.5;0.3;56.7;28.4;5.2;2.3;49.8;34.6;0.5;0.8;0.0;0.0;0.0;0.0;0.0;0.0;0.0;0.0;1.5;0.0,37.68,0.09,0.0,0.03,14.905,0.317,1269.0,6005.0,4,16,,,,,,,,,,,,,,,,,,,,,,,,,,,,,,,,,,,,,,,,,,,,,,,,,,,,,,,,,,,,,
15,9,,,,,,,100,72,70,18,236.5,2730,10801,40,0,7.7,0.9;3.4;1.4;0.6;0.6;0.5;56.2;28.2;3.9;3.0;45.8;38.6;0.6;0.5;0.0;0.0;0.0;0.0;0.0;0.2;0.2;0.0;0.5;0.0,37.68,0.09,0.0,0.02,14.905,0.317,390.0,1562.0,4,16,,,,,,,,,,,,,,,,,,,,,,,,,,,,,,,,,,,,,,,,,,,,,,,,,,,,,,,,,,,,,
15,10,,,,,,,100,80,70,14,239.1,2730,10801,40,0,8.6,0.8;15.4;0.8;0.5;0.6;0.3;38.7;52.7;3.7;4.9;41.3;43.5;1.1;0.5;0.0;0.0;0.0;0.0;0.0;0.0;0.0;0.3;0.6;0.2,37.67,0.09,0.0,0.03,14.905,0.317,34228.0,133935.0,4,16,,,,,,,,,,,,,,,,,,,,,,,,,,,,,,,,,,,,,,,,,,,,,,,,,,,,,,,,,,,,,
15,11,,,,,,,99,77,73,13,238.5,2730,10801,40,0,5.7,0.6;3.6;0.6;0.6;0.3;0.0;45.9;36.5;2.9;0.8;26.5;16.3;0.5;0.3;0.0;0.6;0.0;0.0;0.0;0.3;0.3;0.2;0.0;0.2,37.69,0.09,0.0,0.01,14.905,0.317,1025.0,1757.0,4,16,,,,,,,,,,,,,,,,,,,,,,,,,,,,,,,,,,,,,,,,,,,,,,,,,,,,,,,,,,,,,
15,12,,,,,,,100,75,73,13,238.9,2730,10801,40,0,5.0,0.4;4.2;1.1;0.2;0.4;0.6;49.9;7.4;1.9;0.6;27.8;25.6;0.4;0.2;0.0;0.0;0.0;0.0;0.0;0.0;0.0;0.0;0.2;0.0,37.68,0.09,0.0,0.04,14.905,0.317,146.0,1806.0,4,16,,,,,,,,,,,,,,,,,,,,,,,,,,,,,,,,,,,,,,,,,,,,,,,,,,,,,,,,,,,,,
15,summary,0.433838655721487,0.9812159511876226,0.3926684062299566,0.988639170165473,0.00100000,136.8,,,,,,,,,,,,,,,,,,,,,,98,99.75,100,46,70.5,87,69,70.92,73,11,14.42,18,119.3,228.36,240.0,2730.0,10801.0,40.0,0,5.0,8.73,25.0,37.65,37.69,37.77,63.16,0.09,0.09,0.09,19.11,0.0,0.0,0.01,0.01,0.95,3.54,11.015,14.588,14.905,14.9,14.905,15.992,0.317,0.32,0.317,146.0,6225.08,34228.0,341.0,23335.17,133935.0,4,4.0,4,16,16.0,16,4,16,2.62,109.57
16,1,,,,,,,0,1,59,20,117.2,2745,10801,40,0,24.4,26.3;29.1;34.5;33.8;31.4;31.3;67.3;61.4;35.8;34.6;61.0;59.6;16.1;19.0;3.1;3.2;9.0;7.2;1.9;1.9;4.7;4.8;3.5;4.5,37.79,0.09,0.0,0.02,14.905,0.317,1513.0,2929.0,4,16,,,,,,,,,,,,,,,,,,,,,,,,,,,,,,,,,,,,,,,,,,,,,,,,,,,,,,,,,,,,,
16,2,,,,,,,100,72,72,14,236.7,2730,10801,39,0,7.5,2.0;4.5;2.1;1.2;0.9;0.3;44.0;30.3;3.2;4.3;45.4;39.9;0.9;0.5;0.0;0.2;0.2;0.2;0.3;0.0;0.5;0.0;0.2;0.0,37.76,0.09,0.0,3.55,14.905,0.317,390.0,537.0,4,16,,,,,,,,,,,,,,,,,,,,,,,,,,,,,,,,,,,,,,,,,,,,,,,,,,,,,,,,,,,,,
16,3,,,,,,,100,82,68,13,239.3,2730,10801,39,0,7.9,0.8;4.0;2.0;1.1;1.5;0.6;52.1;29.1;5.9;1.2;30.0;58.4;1.1;0.5;0.0;0.0;0.2;0.2;0.0;0.0;0.8;0.3;0.0;0.2,37.71,0.09,0.0,2.57,14.905,0.317,1318.0,5517.0,4,16,,,,,,,,,,,,,,,,,,,,,,,,,,,,,,,,,,,,,,,,,,,,,,,,,,,,,,,,,,,,,
16,4,,,,,,,98,79,71,15,238.1,2730,10801,40,0,8.4,2.1;3.4;3.3;3.3;0.9;0.6;51.3;24.1;4.4;5.3;34.6;62.4;1.2;1.1;0.2;0.0;0.3;0.3;0.0;0.2;0.6;0.5;0.3;0.2,37.71,0.09,0.0,1.96,14.905,0.317,390.0,292.0,4,16,,,,,,,,,,,,,,,,,,,,,,,,,,,,,,,,,,,,,,,,,,,,,,,,,,,,,,,,,,,,,
16,5,,,,,,,100,68,71,13,238.8,2730,10801,40,0,8.2,1.2;2.1;3.6;2.1;0.3;0.3;53.4;32.5;4.1;5.8;39.9;48.0;0.8;0.5;0.0;0.0;0.0;0.2;0.0;0.0;0.2;0.5;0.3;0.0,37.69,0.09,0.0,2.88,14.905,0.317,1074.0,1611.0,4,16,,,,,,,,,,,,,,,,,,,,,,,,,,,,,,,,,,,,,,,,,,,,,,,,,,,,,,,,,,,,,
16,6,,,,,,,98,81,69,19,238.3,2730,10801,40,0,8.7,1.5;14.5;1.7;1.7;0.6;0.6;56.1;31.9;3.2;9.3;33.8;47.9;1.1;1.5;0.5;0.3;0.0;0.6;0.6;0.0;0.0;0.2;0.5;0.3,37.7,0.09,0.0,0.04,14.905,0.317,1464.0,195.0,4,16,,,,,,,,,,,,,,,,,,,,,,,,,,,,,,,,,,,,,,,,,,,,,,,,,,,,,,,,,,,,,
16,7,,,,,,,100,55,71,15,237.0,2730,10801,40,0,7.4,0.8;5.2;1.1;1.5;0.8;0.5;45.8;31.3;2.4;3.8;23.7;57.0;1.1;0.6;0.3;0.0;0.2;0.0;0.0;0.0;0.3;0.3;0.0;0.0,37.68,0.09,0.0,0.02,14.905,0.317,830.0,1757.0,4,16,,,,,,,,,,,,,,,,,,,,,,,,,,,,,,,,,,,,,,,,,,,,,,,,,,,,,,,,,,,,,
16,8,,,,,,,100,85,68,14,240.3,2730,10801,40,0,7.3,1.5;2.9;1.1;0.9;0.3;1.1;52.7;29.3;1.8;2.9;37.3;39.4;0.8;0.6;0.2;0.2;0.0;0.2;0.2;0.0;0.2;0.3;0.5;0.0,37.66,0.09,0.0,0.03,14.905,0.317,390.0,6347.0,4,16,,,,,,,,,,,,,,,,,,,,,,,,,,,,,,,,,,,,,,,,,,,,,,,,,,,,,,,,,,,,,
16,9,,,,,,,100,46,73,12,238.3,2730,10801,40,0,7.2,1.2;3.7;0.8;1.1;0.2;0.3;65.2;37.4;2.0;3.0;31.9;23.2;1.1;0.8;0.2;0.0;0.2;0.3;0.0;0.2;0.2;0.0;0.5;0.0,37.7,0.09,0.0,0.02,14.905,0.317,390.0,195.0,4,16,,,,,,,,,,,,,,,,,,,,,,,,,,,,,,,,,,,,,,,,,,,,,,,,,,,,,,,,,,,,,
16,10,,,,,,,100,75,70,14,241.0,2730,10801,40,0,7.3,1.4;3.2;1.5;0.9;0.5;0.5;48.7;33.3;1.8;2.3;38.9;39.2;0.3;0.3;0.3;0.0;0.0;0.2;0.0;0.0;0.0;0.0;1.5;0.0,37.69,0.09,0.0,0.04,14.905,0.317,3466.0,5566.0,4,16,,,,,,,,,,,,,,,,,,,,,,,,,,,,,,,,,,,,,,,,,,,,,,,,,,,,,,,,,,,,,
16,11,,,,,,,100,60,72,13,238.8,2730,10801,40,0,6.0,0.3;6.8;0.8;0.9;0.3;0.2;37.6;36.9;2.0;1.5;30.3;24.4;0.3;0.3;0.0;0.0;0.0;0.2;0.0;0.0;0.2;0.6;0.0;0.3,37.7,0.09,0.0,0.03,14.905,0.317,1123.0,146.0,4,16,,,,,,,,,,,,,,,,,,,,,,,,,,,,,,,,,,,,,,,,,,,,,,,,,,,,,,,,,,,,,
16,12,,,,,,,100,86,70,16,239.6,2730,10801,40,0,5.3,0.6;3.8;2.1;1.1;0.2;0.6;20.4;41.0;1.7;2.6;45.1;7.8;0.4;0.4;0.0;0.0;0.0;0.0;0.0;0.0;0.2;0.0;0.2;0.0,37.7,0.09,0.0,0.01,14.905,0.317,781.0,1757.0,4,16,,,,,,,,,,,,,,,,,,,,,,,,,,,,,,,,,,,,,,,,,,,,,,,,,,,,,,,,,,,,,
16,summary,0.4310971746962984,0.9815272546150733,0.39212198048704905,0.9887802984863988,0.00100000,137.1,,,,,,,,,,,,,,,,,,,,,,0,91.33,100,1,65.83,86,59,69.5,73,12,14.83,20,117.2,228.62,241.0,2731.2,10801.0,39.8,0,5.3,8.8,24.4,37.66,37.71,37.79,63.16,0.09,0.09,0.09,19.11,0.0,0.0,0.0,0.01,0.93,3.55,11.015,14.588,14.905,14.9,14.905,15.992,0.317,0.32,0.317,390.0,1094.08,3466.0,146.0,2237.42,6347.0,4,4.0,4,16,16.0,16,4,16,2.7,109.54
17,1,,,,,,,100,63,67,17,125.4,2730,10801,39,0,24.5,26.5;29.9;33.1;33.6;32.1;30.9;66.9;51.4;34.6;36.2;75.4;54.3;19.2;19.1;2.8;3.0;10.2;8.2;1.4;1.6;4.6;4.3;4.3;3.5,37.8,0.09,0.0,0.02,14.905,0.317,2197.0,6982.0,4,16,,,,,,,,,,,,,,,,,,,,,,,,,,,,,,,,,,,,,,,,,,,,,,,,,,,,,,,,,,,,,
17,2,,,,,,,98,80,70,13,236.7,2730,10801,39,0,8.5,1.5;14.6;1.7;3.2;1.1;0.3;49.1;43.3;3.0;5.1;42.3;35.5;0.8;0.6;0.0;0.0;0.0;0.2;0.0;0.0;0.2;0.5;0.3;0.0,37.74,0.09,0.0,3.56,14.905,0.317,1318.0,1562.0,4,16,,,,,,,,,,,,,,,,,,,,,,,,,,,,,,,,,,,,,,,,,,,,,,,,,,,,,,,,,,,,,
17,3,,,,,,,100,63,71,18,239.3,2730,10801,39,0,7.2,1.2;4.5;1.5;1.1;0.3;0.6;48.9;37.1;0.9;2.7;29.7;42.8;0.3;0.8;0.0;0.0;0.0;0.0;0.0;0.0;0.2;0.2;0.3;0.0,37.73,0.09,0.0,2.55,14.905,0.317,2197.0,8837.0,4,16,,,,,,,,,,,,,,,,,,,,,,,,,,,,,,,,,,,,,,,,,,,,,,,,,,,,,,,,,,,,,
17,4,,,,,,,98,80,70,13,238.6,2730,10801,40,0,7.4,0.5;3.9;0.6;1.8;0.6;0.3;35.5;37.6;2.4;2.4;38.9;49.5;0.5;0.3;0.0;0.0;0.0;0.0;0.2;0.2;0.5;0.3;0.2;0.2,37.71,0.09,0.0,1.97,14.905,0.317,1855.0,1562.0,4,16,,,,,,,,,,,,,,,,,,,,,,,,,,,,,,,,,,,,,,,,,,,,,,,,,,,,,,,,,,,,,
17,5,,,,,,,100,49,72,12,238.2,2730,10801,40,0,7.5,0.8;2.9;1.8;1.2;0.8;0.8;54.0;19.6;3.6;4.3;44.2;40.5;1.4;0.6;0.3;0.3;0.0;0.0;0.2;0.0;0.3;0.3;1.1;0.0,37.71,0.09,0.0,2.86,14.905,0.317,1953.0,4296.0,4,16,,,,,,,,,,,,,,,,,,,,,,,,,,,,,,,,,,,,,,,,,,,,,,,,,,,,,,,,,,,,,
17,6,,,,,,,100,84,70,12,240.3,2730,10801,40,0,7.1,0.3;4.2;1.2;1.2;0.5;0.3;52.0;30.4;2.0;3.7;26.2;48.2;0.6;0.8;0.2;0.0;0.2;0.0;0.0;0.0;0.0;0.0;0.0;0.0,37.7,0.09,0.0,0.03,14.905,0.317,634.0,585.0,4,16,,,,,,,,,,,,,,,,,,,,,,,,,,,,,,,,,,,,,,,,,,,,,,,,,,,,,,,,,,,,,
17,7,,,,,,,100,51,72,12,238.4,2730,10801,40,0,7.8,0.5;12.0;1.4;0.8;0.6;0.3;42.0;27.3;2.6;4.8;39.2;53.3;1.1;0.8;0.0;0.0;0.2;0.0;0.2;0.0;0.0;0.5;0.0;0.0,37.69,0.09,0.0,0.02,14.905,0.317,390.0,390.0,4,16,,,,,,,,,,,,,,,,,,,,,,,,,,,,,,,,,,,,,,,,,,,,,,,,,,,,,,,,,,,,,
17,8,,,,,,,100,85,73,12,239.4,2730,10801,40,0,7.6,0.5;2.8;2.1;1.5;0.6;0.3;50.5;42.1;2.6;3.5;33.6;38.0;1.5;1.1;0.0;0.3;0.2;0.0;0.0;0.0;0.0;0.5;0.2;0.2,37.68,0.09,0.0,0.04,14.905,0.317,17285.0,23095.0,4,16,,,,,,,,,,,,,,,,,,,,,,,,,,,,,,,,,,,,,,,,,,,,,,,,,,,,,,,,,,,,,
17,9,,,,,,,98,79,71,12,237.7,2730,10801,40,0,7.6,1.1;3.3;1.2;0.9;0.8;0.3;36.3;24.0;3.9;3.5;59.3;47.0;0.8;0.2;0.0;0.0;0.0;0.0;0.0;0.0;0.0;0.0;0.0;0.3,37.66,0.09,0.0,0.03,14.905,0.317,585.0,585.0,4,16,,,,,,,,,,,,,,,,,,,,,,,,,,,,,,,,,,,,,,,,,,,,,,,,,,,,,,,,,,,,,
17,10,,,,,,,100,56,73,14,239.5,2730,10801,40,0,7.9,1.4;5.5;1.7;1.2;1.1;0.2;51.9;36.2;5.5;4.0;41.9;36.7;0.5;0.8;0.2;0.0;0.0;0.0;0.0;0.0;0.0;0.0;0.2;0.0,37.68,0.09,0.0,0.02,14.905,0.317,1806.0,5468.0,4,16,,,,,,,,,,,,,,,,,,,,,,,,,,,,,,,,,,,,,,,,,,,,,,,,,,,,,,,,,,,,,
17,11,,,,,,,100,89,71,11,238.9,2730,10801,41,0,6.9,0.5;14.1;2.0;0.6;0.3;0.8;43.6;35.6;4.4;3.2;19.8;39.7;0.5;0.2;0.0;0.0;0.0;0.3;0.0;0.0;0.2;0.0;0.2;0.3,37.67,0.09,0.0,0.06,14.905,0.317,390.0,976.0,4,16,,,,,,,,,,,,,,,,,,,,,,,,,,,,,,,,,,,,,,,,,,,,,,,,,,,,,,,,,,,,,
17,12,,,,,,,100,56,73,14,239.1,2730,10801,41,0,5.1,0.9;2.6;1.3;1.5;0.2;0.9;22.0;33.1;1.5;1.3;22.9;33.6;0.2;0.2;0.2;0.0;0.0;0.0;0.0;0.0;0.0;0.4;0.4;0.4,37.66,0.09,0.0,0.02,14.905,0.317,25537.0,4101.0,4,16,,,,,,,,,,,,,,,,,,,,,,,,,,,,,,,,,,,,,,,,,,,,,,,,,,,,,,,,,,,,,
17,summary,0.42733582126520175,0.982691529433739,0.39141954453264116,0.9887450164061673,0.00100000,137.2,,,,,,,,,,,,,,,,,,,,,,98,99.5,100,49,69.58,89,67,71.08,73,11,13.33,18,125.4,229.29,240.3,2730.0,10801.0,39.9,0,5.1,8.76,24.5,37.66,37.7,37.8,63.16,0.09,0.09,0.09,19.11,0.0,0.0,0.0,0.02,0.93,3.56,11.015,14.588,14.905,14.9,14.905,15.992,0.317,0.32,0.317,390.0,4678.92,25537.0,390.0,4869.92,23095.0,4,4.0,4,16,16.0,16,4,16,2.7,109.55
18,1,,,,,,,100,79,66,17,117.6,2745,10801,40,0,24.2,26.4;27.5;33.0;33.0;33.5;33.5;67.7;63.7;34.5;35.3;58.4;59.7;15.2;16.8;3.6;4.0;6.0;7.9;2.2;2.1;4.4;4.5;2.9;3.7,37.77,0.09,0.0,0.02,14.905,0.317,1367.0,10595.0,4,16,,,,,,,,,,,,,,,,,,,,,,,,,,,,,,,,,,,,,,,,,,,,,,,,,,,,,,,,,,,,,
18,2,,,,,,,100,73,70,12,238.6,2730,10801,40,0,7.4,0.9;6.9;0.9;0.9;0.8;0.5;57.4;32.5;2.7;2.7;42.3;28.2;0.6;0.5;0.0;0.0;0.0;0.0;0.0;0.0;0.0;0.0;0.0;0.0,37.73,0.09,0.0,3.57,14.905,0.317,878.0,146.0,4,16,,,,,,,,,,,,,,,,,,,,,,,,,,,,,,,,,,,,,,,,,,,,,,,,,,,,,,,,,,,,,
18,3,,,,,,,98,79,69,18,238.1,2730,10801,40,0,7.6,1.1;4.0;1.1;2.0;0.2;0.9;43.6;34.2;4.4;4.3;36.4;48.3;0.8;0.8;0.0;0.2;0.0;0.0;0.0;0.0;0.0;0.0;0.3;0.0,37.7,0.09,0.0,2.57,14.905,0.317,1953.0,6884.0,4,16,,,,,,,,,,,,,,,,,,,,,,,,,,,,,,,,,,,,,,,,,,,,,,,,,,,,,,,,,,,,,
18,4,,,,,,,100,56,72,14,239.9,2730,10801,40,0,7.9,0.6;2.6;1.1;1.7;0.3;0.8;45.9;36.2;4.1;4.1;33.7;54.9;0.8;0.8;0.0;0.0;0.2;0.0;0.0;0.2;0.2;0.3;1.4;0.0,37.67,0.09,0.01,1.98,14.905,0.317,1025.0,390.0,4,16,,,,,,,,,,,,,,,,,,,,,,,,,,,,,,,,,,,,,,,,,,,,,,,,,,,,,,,,,,,,,
18,5,,,,,,,100,86,68,14,238.7,2730,10801,40,0,8.0,0.9;5.0;2.7;1.5;1.1;0.3;63.8;38.0;2.1;5.0;30.1;39.8;0.9;0.9;0.0;0.0;0.0;0.0;0.0;0.0;0.3;0.2;0.0;0.0,37.66,0.09,0.0,2.87,14.905,0.317,1123.0,4980.0,4,16,,,,,,,,,,,,,,,,,,,,,,,,,,,,,,,,,,,,,,,,,,,,,,,,,,,,,,,,,,,,,
18,6,,,,,,,100,55,74,11,238.8,2730,10801,40,0,8.1,0.8;5.8;0.9;0.9;0.2;0.0;38.4;40.8;5.3;4.8;49.8;44.1;0.8;0.3;0.2;0.0;0.0;0.2;0.0;0.2;0.0;0.3;0.2;0.0,37.67,0.09,0.0,0.03,14.905,0.317,17089.0,1562.0,4,16,,,,,,,,,,,,,,,,,,,,,,,,,,,,,,,,,,,,,,,,,,,,,,,,,,,,,,,,,,,,,
18,7,,,,,,,100,74,70,15,237.6,2730,10801,40,0,7.7,0.5;14.4;0.6;1.1;0.0;0.0;58.7;35.7;1.7;2.4;28.1;39.2;0.3;0.5;0.0;0.0;0.0;0.0;0.0;0.0;0.0;0.0;0.0;0.0,37.65,0.09,0.0,0.03,14.905,0.317,634.0,390.0,4,16,,,,,,,,,,,,,,,,,,,,,,,,,,,,,,,,,,,,,,,,,,,,,,,,,,,,,,,,,,,,,
18,8,,,,,,,98,76,71,14,238.7,2730,10801,40,0,7.2,0.5;4.2;1.5;0.8;0.3;0.8;51.8;50.6;1.5;3.0;29.2;26.6;0.5;0.8;0.0;0.0;0.0;0.2;0.2;0.0;0.2;0.5;0.3;0.0,37.66,0.09,0.0,0.33,14.905,0.317,878.0,7421.0,4,16,,,,,,,,,,,,,,,,,,,,,,,,,,,,,,,,,,,,,,,,,,,,,,,,,,,,,,,,,,,,,
18,9,,,,,,,100,58,70,15,237.9,2730,10801,41,0,7.5,0.9;3.3;1.4;1.2;0.8;0.5;45.5;44.9;2.3;3.2;31.5;41.1;1.4;0.5;0.0;0.0;0.5;0.3;0.0;0.0;0.3;0.3;0.2;0.6,37.67,0.09,0.0,0.03,14.905,0.317,390.0,1611.0,4,16,,,,,,,,,,,,,,,,,,,,,,,,,,,,,,,,,,,,,,,,,,,,,,,,,,,,,,,,,,,,,
18,10,,,,,,,100,88,73,11,239.3,2730,10801,41,0,7.2,0.8;3.2;2.4;1.1;0.3;0.6;40.0;43.6;2.1;2.1;31.2;44.4;0.8;1.2;0.0;0.0;0.0;0.0;0.0;0.0;0.0;0.5;0.0;0.2,37.67,0.09,0.0,0.04,14.905,0.317,2148.0,5761.0,4,16,,,,,,,,,,,,,,,,,,,,,,,,,,,,,,,,,,,,,,,,,,,,,,,,,,,,,,,,,,,,,
18,11,,,,,,,100,51,72,12,239.4,2730,10801,41,0,5.8,0.6;4.8;0.8;0.8;0.9;0.5;18.1;40.6;1.7;1.7;50.3;17.0;0.3;0.5;0.0;0.0;0.0;0.0;0.0;0.0;0.0;1.5;0.0;0.0,37.66,0.09,0.0,0.02,14.905,0.317,1513.0,195.0,4,16,,,,,,,,,,,,,,,,,,,,,,,,,,,,,,,,,,,,,,,,,,,,,,,,,,,,,,,,,,,,,
18,12,,,,,,,100,87,68,13,236.9,2730,10801,41,0,5.6,1.1;7.0;1.9;1.3;0.6;0.4;13.8;27.7;3.4;1.1;45.1;30.0;0.0;0.0;0.0;0.0;0.0;0.0;0.0;0.0;0.2;0.0;0.0;0.0,37.66,0.09,0.0,0.03,14.905,0.317,634.0,1904.0,4,16,,,,,,,,,,,,,,,,,,,,,,,,,,,,,,,,,,,,,,,,,,,,,,,,,,,,,,,,,,,,,
18,summary,0.42483003428547667,0.983083771752327,0.39118564633800235,0.9887802984863988,0.00100000,137.0,,,,,,,,,,,,,,,,,,,,,,98,99.67,100,51,71.83,88,66,70.25,74,11,13.83,18,117.6,228.46,239.9,2731.2,10801.0,40.3,0,5.6,8.68,24.2,37.65,37.68,37.77,63.16,0.09,0.09,0.09,19.11,0.0,0.0,0.01,0.02,0.96,3.57,11.015,14.588,14.905,14.9,14.905,15.992,0.317,0.32,0.317,390.0,2469.33,17089.0,146.0,3486.58,10595.0,4,4.0,4,16,16.0,16,4,16,2.67,109.57
19,1,,,,,,,100,78,66,16,121.8,2745,10801,40,0,24.9,25.9;28.5;34.3;34.5;33.5;34.0;55.9;61.7;36.4;37.5;69.4;68.3;17.0;16.7;2.7;3.0;7.4;8.0;2.4;1.9;4.4;5.3;4.2;4.2,37.81,0.09,0.0,0.02,14.905,0.317,1708.0,7031.0,4,16,,,,,,,,,,,,,,,,,,,,,,,,,,,,,,,,,,,,,,,,,,,,,,,,,,,,,,,,,,,,,
19,2,,,,,,,100,75,71,20,238.5,2730,10801,40,0,8.7,1.2;12.3;2.3;1.5;0.5;0.6;42.9;47.0;2.6;5.2;41.7;47.6;1.2;0.8;0.2;0.2;0.0;0.2;0.0;0.2;0.0;0.0;0.6;0.2,37.75,0.09,0.0,3.57,14.905,0.317,390.0,195.0,4,16,,,,,,,,,,,,,,,,,,,,,,,,,,,,,,,,,,,,,,,,,,,,,,,,,,,,,,,,,,,,,
19,3,,,,,,,98,81,71,14,238.0,2730,10801,40,0,7.3,1.4;4.9;1.8;1.2;0.5;0.5;32.3;46.6;3.0;4.0;25.9;52.3;0.6;0.2;0.0;0.0;0.0;0.0;0.2;0.0;0.0;0.0;0.2;0.0,37.7,0.09,0.0,2.57,14.905,0.317,1025.0,5664.0,4,16,,,,,,,,,,,,,,,,,,,,,,,,,,,,,,,,,,,,,,,,,,,,,,,,,,,,,,,,,,,,,
19,4,,,,,,,100,56,72,13,239.7,2730,10801,40,0,7.2,1.4;2.4;1.4;1.8;0.3;0.5;20.8;58.4;3.5;2.6;23.7;53.3;0.9;0.2;0.0;0.0;0.2;0.0;0.0;0.0;0.0;0.2;0.0;0.0,37.67,0.09,0.0,1.96,14.905,0.317,634.0,146.0,4,16,,,,,,,,,,,,,,,,,,,,,,,,,,,,,,,,,,,,,,,,,,,,,,,,,,,,,,,,,,,,,
19,5,,,,,,,100,83,69,11,238.9,2730,10801,40,0,7.4,1.1;4.0;1.5;1.4;0.8;0.8;34.8;38.6;3.8;2.4;35.5;49.0;0.8;1.1;0.2;0.2;0.3;0.0;0.0;0.0;0.8;0.6;0.0;0.2,37.69,0.09,0.0,2.87,14.905,0.317,390.0,1562.0,4,16,,,,,,,,,,,,,,,,,,,,,,,,,,,,,,,,,,,,,,,,,,,,,,,,,,,,,,,,,,,,,
19,6,,,,,,,100,60,71,11,239.3,2730,10801,40,0,7.2,1.1;2.6;2.0;2.3;0.2;0.5;47.9;29.4;2.3;0.9;28.2;54.1;0.8;0.6;0.0;0.0;0.0;0.0;0.0;0.0;0.0;0.0;0.3;0.2,37.67,0.09,0.0,0.02,14.905,0.317,146.0,1660.0,4,16,,,,,,,,,,,,,,,,,,,,,,,,,,,,,,,,,,,,,,,,,,,,,,,,,,,,,,,,,,,,,
19,7,,,,,,,100,85,68,15,238.2,2730,10801,40,0,7.5,1.2;6.9;1.2;1.4;0.5;0.5;36.6;37.2;4.1;1.7;37.3;49.2;0.8;0.5;0.0;0.0;0.5;0.0;0.0;0.0;0.3;0.3;0.2;0.0,37.64,0.09,0.0,0.05,14.905,0.317,390.0,1611.0,4,16,,,,,,,,,,,,,,,,,,,,,,,,,,,,,,,,,,,,,,,,,,,,,,,,,,,,,,,,,,,,,
19,8,,,,,,,99,78,70,13,238.9,2730,10801,40,0,7.9,1.7;7.3;3.3;2.9;2.1;1.2;33.4;26.4;3.5;3.3;43.3;57.5;0.5;0.8;0.2;0.3;0.5;0.0;0.0;0.2;0.5;0.2;0.6;0.2,37.66,0.09,0.0,0.06,14.905,0.317,634.0,6152.0,4,16,,,,,,,,,,,,,,,,,,,,,,,,,,,,,,,,,,,,,,,,,,,,,,,,,,,,,,,,,,,,,
19,9,,,,,,,100,77,70,14,238.7,2730,10801,41,0,7.7,1.4;4.3;1.8;0.9;0.3;1.4;50.5;30.0;3.8;3.3;35.9;50.2;0.6;0.5;0.0;0.0;0.0;0.0;0.0;0.0;0.2;0.2;0.3;0.0,37.66,0.09,0.0,0.03,14.905,0.317,1513.0,8105.0,4,16,,,,,,,,,,,,,,,,,,,,,,,,,,,,,,,,,,,,,,,,,,,,,,,,,,,,,,,,,,,,,
19,10,,,,,,,98,79,72,15,238.1,2730,10801,41,0,7.6,0.8;2.1;0.8;1.1;0.0;0.3;44.0;45.2;3.6;3.3;35.5;43.4;0.5;0.5;0.0;0.0;0.0;0.0;0.0;0.0;0.0;0.0;0.0;0.0,37.67,0.09,0.0,0.02,14.905,0.317,36376.0,7080.0,4,16,,,,,,,,,,,,,,,,,,,,,,,,,,,,,,,,,,,,,,,,,,,,,,,,,,,,,,,,,,,,,
19,11,,,,,,,100,60,70,12,238.3,2730,10801,41,0,7.1,0.6;9.9;1.4;0.6;0.2;0.9;23.7;44.1;2.9;1.4;32.2;49.2;0.2;0.8;0.0;0.0;0.0;0.2;0.6;0.3;0.0;0.2;0.3;0.0,37.65,0.09,0.0,0.04,14.905,0.317,390.0,634.0,4,16,,,,,,,,,,,,,,,,,,,,,,,,,,,,,,,,,,,,,,,,,,,,,,,,,,,,,,,,,,,,,
19,12,,,,,,,98,79,70,14,235.8,2730,10801,41,0,5.3,0.7;10.6;0.9;0.6;0.0;0.7;29.9;28.9;0.9;0.4;22.4;30.2;0.0;0.2;0.0;0.0;0.0;0.0;0.0;0.0;0.2;0.9;0.4;0.0,37.65,0.09,0.01,0.04,14.905,0.317,1513.0,1513.0,4,16,,,,,,,,,,,,,,,,,,,,,,,,,,,,,,,,,,,,,,,,,,,,,,,,,,,,,,,,,,,,,
19,summary,0.4238752684546293,0.9831833888491113,0.390717361356983,0.988956708887556,0.00100000,137.1,,,,,,,,,,,,,,,,,,,,,,98,99.42,100,56,74.25,85,66,70.0,72,11,14.0,20,121.8,228.68,239.7,2731.2,10801.0,40.3,0,5.3,8.82,24.9,37.64,37.69,37.81,63.16,0.09,0.09,0.09,19.11,0.0,0.0,0.01,0.02,0.94,3.57,11.015,14.588,14.905,14.9,14.905,15.992,0.317,0.32,0.317,146.0,3759.08,36376.0,146.0,3446.08,8105.0,4,4.0,4,16,16.0,16,4,16,2.58,109.58
20,1,,,,,,,100,67,69,20,118.4,2730,10801,40,0,24.1,23.4;25.3;33.5;33.1;34.0;33.0;66.8;65.9;35.4;34.7;57.6;56.8;16.0;17.5;2.5;3.2;7.9;6.6;2.9;2.8;5.1;6.0;3.7;4.1,37.76,0.09,0.0,0.02,14.905,0.317,878.0,6982.0,4,16,,,,,,,,,,,,,,,,,,,,,,,,,,,,,,,,,,,,,,,,,,,,,,,,,,,,,,,,,,,,,
20,2,,,,,,,98,80,68,15,235.5,2730,10801,40,0,7.2,0.3;2.0;1.2;0.3;0.3;0.3;46.4;32.4;5.2;2.6;29.3;49.6;0.8;0.5;0.2;0.2;0.0;0.0;0.0;0.0;0.0;0.3;1.4;0.3,37.77,0.09,0.0,3.57,14.905,0.317,1269.0,292.0,4,16,,,,,,,,,,,,,,,,,,,,,,,,,,,,,,,,,,,,,,,,,,,,,,,,,,,,,,,,,,,,,
20,3,,,,,,,100,57,69,14,238.0,2730,10801,40,0,7.5,0.6;6.9;2.0;0.6;0.3;0.6;42.4;42.6;3.3;2.9;19.0;54.9;0.8;1.1;0.2;0.0;0.0;0.2;0.2;0.0;0.0;0.0;1.1;0.3,37.69,0.09,0.0,2.58,14.905,0.317,2197.0,5517.0,4,16,,,,,,,,,,,,,,,,,,,,,,,,,,,,,,,,,,,,,,,,,,,,,,,,,,,,,,,,,,,,,
20,4,,,,,,,100,82,68,15,238.1,2730,10801,40,0,7.4,1.5;3.3;2.6;1.4;0.3;0.3;61.5;29.5;2.6;2.9;29.5;39.2;1.2;0.2;0.0;0.3;0.3;0.2;0.2;0.0;0.2;0.0;0.8;0.5,37.67,0.09,0.0,1.96,14.905,0.317,390.0,878.0,4,16,,,,,,,,,,,,,,,,,,,,,,,,,,,,,,,,,,,,,,,,,,,,,,,,,,,,,,,,,,,,,
20,5,,,,,,,100,51,72,12,237.1,2730,10801,40,0,7.6,1.1;3.3;2.3;1.2;0.6;0.5;41.1;41.6;4.6;2.4;27.3;53.7;0.3;0.9;0.2;0.0;0.5;0.0;0.2;0.2;0.0;0.0;0.9;0.2,37.66,0.09,0.0,2.87,14.905,0.317,1074.0,6054.0,4,16,,,,,,,,,,,,,,,,,,,,,,,,,,,,,,,,,,,,,,,,,,,,,,,,,,,,,,,,,,,,,
20,6,,,,,,,100,74,70,11,239.2,2730,10801,40,0,7.7,0.9;4.2;0.6;1.2;0.8;0.8;46.3;52.9;3.8;3.7;25.2;42.6;0.3;0.3;0.0;0.0;0.0;0.0;0.0;0.0;0.0;0.0;1.1;0.8,37.67,0.09,0.0,0.09,14.905,0.317,1806.0,195.0,4,16,,,,,,,,,,,,,,,,,,,,,,,,,,,,,,,,,,,,,,,,,,,,,,,,,,,,,,,,,,,,,
20,7,,,,,,,100,71,73,18,236.6,2730,10801,40,0,8.2,0.5;13.8;1.1;1.1;0.3;0.5;61.5;30.7;3.7;3.5;28.7;51.1;0.3;0.5;0.0;0.0;0.0;0.0;0.0;0.0;0.0;0.3;0.0;0.0,37.63,0.09,0.0,0.01,14.905,0.317,1220.0,1611.0,4,16,,,,,,,,,,,,,,,,,,,,,,,,,,,,,,,,,,,,,,,,,,,,,,,,,,,,,,,,,,,,,
20,8,,,,,,,100,87,69,16,239.2,2730,10801,40,0,7.3,1.2;3.3;3.2;3.8;0.6;0.9;33.0;20.8;2.3;1.5;36.1;65.1;0.8;0.8;0.0;0.0;0.0;0.0;0.0;0.0;0.0;0.0;1.4;0.2,37.67,0.09,0.0,0.03,14.905,0.317,146.0,10791.0,4,16,,,,,,,,,,,,,,,,,,,,,,,,,,,,,,,,,,,,,,,,,,,,,,,,,,,,,,,,,,,,,
20,9,,,,,,,100,51,72,14,236.5,2730,10801,40,0,7.0,1.4;3.6;0.6;0.9;0.2;0.0;57.5;25.4;1.7;1.8;24.9;48.6;0.5;0.3;0.2;0.0;0.0;0.0;0.0;0.0;0.0;0.2;0.3;0.0,37.66,0.09,0.0,0.03,14.905,0.317,146.0,1904.0,4,16,,,,,,,,,,,,,,,,,,,,,,,,,,,,,,,,,,,,,,,,,,,,,,,,,,,,,,,,,,,,,
20,10,,,,,,,99,80,70,13,236.7,2730,10801,40,0,7.3,1.4;4.8;1.2;0.8;0.8;0.6;33.1;38.9;2.3;1.7;22.9;65.5;0.3;0.3;0.0;0.0;0.0;0.2;0.3;0.0;0.0;0.5;0.0;0.2,37.65,0.09,0.0,0.03,14.905,0.317,1318.0,5566.0,4,16,,,,,,,,,,,,,,,,,,,,,,,,,,,,,,,,,,,,,,,,,,,,,,,,,,,,,,,,,,,,,
20,11,,,,,,,100,72,72,14,237.3,2730,10801,40,0,6.0,1.5;5.2;2.0;1.7;0.3;0.3;37.2;22.2;1.5;2.9;22.8;44.1;0.3;0.5;0.0;0.0;0.0;0.0;0.0;0.0;0.2;0.0;1.4;0.3,37.63,0.09,0.0,0.05,14.905,0.317,1074.0,195.0,4,16,,,,,,,,,,,,,,,,,,,,,,,,,,,,,,,,,,,,,,,,,,,,,,,,,,,,,,,,,,,,,
20,12,,,,,,,100,86,69,14,237.7,2730,10801,40,0,5.4,0.2;9.6;1.3;0.7;0.4;0.0;34.6;13.8;2.4;1.9;14.1;48.6;0.4;0.2;0.0;0.0;0.0;0.2;0.0;0.0;0.0;0.0;1.1;0.0,37.63,0.09,0.0,0.02,14.905,0.317,1269.0,1660.0,4,16,,,,,,,,,,,,,,,,,,,,,,,,,,,,,,,,,,,,,,,,,,,,,,,,,,,,,,,,,,,,,
20,summary,0.42294845173880913,0.9836067615104442,0.38992265335687387,0.9891331192887133,0.00100000,137.1,,,,,,,,,,,,,,,,,,,,,,98,99.75,100,51,71.5,87,68,70.08,73,11,14.67,20,118.4,227.53,239.2,2730.0,10801.0,40.0,0,5.4,8.56,24.1,37.63,37.67,37.77,63.16,0.09,0.09,0.09,19.11,0.0,0.0,0.0,0.01,0.94,3.57,11.015,14.588,14.905,14.9,14.905,15.992,0.317,0.32,0.317,146.0,1065.58,2197.0,195.0,3470.42,10791.0,4,4.0,4,16,16.0,16,4,16,2.64,109.56
21,1,,,,,,,100,47,66,15,116.6,2745,10801,39,0,24.5,26.5;29.0;33.4;33.9;31.6;31.6;54.0;80.8;34.6;35.1;61.5;55.8;19.1;18.6;3.2;3.7;7.2;7.7;2.0;2.2;3.7;5.6;3.7;3.8,37.78,0.09,0.0,0.02,14.905,0.317,1269.0,5615.0,4,16,,,,,,,,,,,,,,,,,,,,,,,,,,,,,,,,,,,,,,,,,,,,,,,,,,,,,,,,,,,,,
21,2,,,,,,,100,89,71,18,237.2,2730,10801,39,0,8.3,1.1;3.2;1.5;1.7;0.6;0.9;44.5;37.0;5.8;4.7;31.5;63.7;0.6;0.3;0.3;0.0;0.0;0.0;0.0;0.2;0.5;0.3;0.9;0.2,37.75,0.09,0.0,3.55,14.905,0.317,634.0,26562.0,4,16,,,,,,,,,,,,,,,,,,,,,,,,,,,,,,,,,,,,,,,,,,,,,,,,,,,,,,,,,,,,,
21,3,,,,,,,100,72,70,16,237.3,2730,10801,39,0,8.1,0.5;13.8;1.1;1.5;0.8;0.3;44.2;48.0;2.3;4.4;29.3;45.0;0.8;0.6;0.0;0.0;0.0;0.0;0.0;0.0;0.0;0.0;0.3;0.0,37.72,0.09,0.0,2.56,14.905,0.317,2246.0,5468.0,4,16,,,,,,,,,,,,,,,,,,,,,,,,,,,,,,,,,,,,,,,,,,,,,,,,,,,,,,,,,,,,,
21,4,,,,,,,100,82,70,14,239.3,2730,10801,39,0,7.3,1.1;2.6;1.5;1.7;0.3;0.3;53.6;24.5;2.1;3.7;30.0;51.8;1.1;0.6;0.0;0.0;0.0;0.0;0.2;0.0;0.0;0.0;0.0;0.0,37.69,0.09,0.0,1.97,14.905,0.317,390.0,488.0,4,16,,,,,,,,,,,,,,,,,,,,,,,,,,,,,,,,,,,,,,,,,,,,,,,,,,,,,,,,,,,,,
21,5,,,,,,,98,77,71,14,236.6,2730,10801,40,0,7.2,1.1;3.4;0.9;1.8;0.3;0.8;31.2;33.2;2.1;3.8;36.8;54.8;0.8;0.6;0.0;0.0;0.0;0.0;0.0;0.2;0.0;0.3;0.0;0.0,37.67,0.09,0.0,2.87,14.905,0.317,1953.0,292.0,4,16,,,,,,,,,,,,,,,,,,,,,,,,,,,,,,,,,,,,,,,,,,,,,,,,,,,,,,,,,,,,,
21,6,,,,,,,100,68,72,13,238.9,2730,10801,39,0,7.3,1.4;3.9;1.5;2.0;0.5;0.3;51.1;32.5;1.2;2.6;29.2;47.5;0.8;0.6;0.0;0.0;0.0;0.2;0.0;0.0;0.0;0.3;0.2;0.2,37.67,0.09,0.0,0.01,14.905,0.317,390.0,195.0,4,16,,,,,,,,,,,,,,,,,,,,,,,,,,,,,,,,,,,,,,,,,,,,,,,,,,,,,,,,,,,,,
21,7,,,,,,,98,74,70,12,235.3,2730,10801,39,0,7.5,0.5;5.1;2.0;1.2;0.5;0.5;31.4;45.8;2.9;2.4;23.4;61.2;1.1;0.5;0.2;0.0;0.3;0.0;0.0;0.0;0.0;0.0;0.8;0.2,37.68,0.09,0.0,0.03,14.905,0.317,195.0,2099.0,4,16,,,,,,,,,,,,,,,,,,,,,,,,,,,,,,,,,,,,,,,,,,,,,,,,,,,,,,,,,,,,,
21,8,,,,,,,100,50,72,15,238.8,2730,10801,40,0,7.9,0.9;4.1;2.6;2.6;0.9;1.2;33.9;54.9;4.7;3.0;31.8;45.7;0.8;0.6;0.0;0.0;0.0;0.0;0.2;0.0;0.2;0.0;0.5;0.5,37.64,0.09,0.0,0.02,14.905,0.317,146.0,1513.0,4,16,,,,,,,,,,,,,,,,,,,,,,,,,,,,,,,,,,,,,,,,,,,,,,,,,,,,,,,,,,,,,
21,9,,,,,,,100,75,70,14,237.2,2730,10801,40,0,8.0,0.9;5.5;2.1;3.0;0.3;1.1;51.9;32.9;5.6;3.5;32.7;50.4;0.3;0.3;0.0;0.0;0.2;0.2;0.0;0.0;0.0;0.0;0.0;0.0,37.68,0.09,0.0,0.02,14.905,0.317,42285.0,117187.0,4,16,,,,,,,,,,,,,,,,,,,,,,,,,,,,,,,,,,,,,,,,,,,,,,,,,,,,,,,,,,,,,
21,10,,,,,,,100,72,71,15,238.0,2730,10801,39,0,7.8,0.9;3.2;1.8;2.0;0.0;0.3;62.2;22.9;4.1;3.5;22.1;62.8;0.2;0.5;0.2;0.2;0.0;0.0;0.3;0.0;0.0;0.0;0.0;0.2,37.69,0.09,0.0,0.04,14.905,0.317,1074.0,5957.0,4,16,,,,,,,,,,,,,,,,,,,,,,,,,,,,,,,,,,,,,,,,,,,,,,,,,,,,,,,,,,,,,
21,11,,,,,,,100,76,70,12,239.9,2730,10801,40,0,6.8,1.1;3.1;1.5;2.1;0.5;0.3;34.0;43.6;3.0;4.4;26.1;40.2;0.3;0.2;0.0;0.2;0.3;0.3;0.3;0.3;0.2;0.0;0.5;0.2,37.69,0.09,0.0,0.03,14.905,0.317,390.0,488.0,4,16,,,,,,,,,,,,,,,,,,,,,,,,,,,,,,,,,,,,,,,,,,,,,,,,,,,,,,,,,,,,,
21,12,,,,,,,99,79,71,14,237.0,2730,10801,40,0,6.1,0.7;15.0;1.1;0.9;0.2;0.6;41.1;22.7;1.3;1.7;28.5;31.1;0.0;0.0;0.0;0.0;0.0;0.2;0.0;0.0;0.2;0.7;0.0;0.0,37.69,0.09,0.0,0.05,14.905,0.317,1464.0,1611.0,4,16,,,,,,,,,,,,,,,,,,,,,,,,,,,,,,,,,,,,,,,,,,,,,,,,,,,,,,,,,,,,,
21,summary,0.4214123898053033,0.9841297512685615,0.3901567013580495,0.9892036834491762,0.00100000,137.1,,,,,,,,,,,,,,,,,,,,,,98,99.58,100,47,71.75,89,66,70.33,72,12,14.33,18,116.6,227.67,239.9,2731.2,10801.0,39.4,0,6.1,8.9,24.5,37.64,37.7,37.78,63.16,0.09,0.09,0.09,19.11,0.0,0.0,0.0,0.01,0.93,3.55,11.015,14.588,14.905,14.9,14.905,15.992,0.317,0.32,0.317,146.0,4369.67,42285.0,195.0,13956.25,117187.0,4,4.0,4,16,16.0,16,4,16,2.68,109.53
22,1,,,,,,,100,69,70,14,149.3,2730,10801,40,0,24.4,28.3;26.2;34.1;33.8;32.3;32.6;59.7;63.1;34.7;34.8;63.9;62.3;19.3;18.5;2.9;3.1;9.5;7.4;1.5;1.8;4.1;4.7;3.6;3.9,37.87,0.09,0.0,0.05,14.905,0.317,830.0,6103.0,4,16,,,,,,,,,,,,,,,,,,,,,,,,,,,,,,,,,,,,,,,,,,,,,,,,,,,,,,,,,,,,,
22,2,,,,,,,100,75,70,17,237.9,2730,10801,39,0,7.6,1.4;4.9;1.7;1.2;0.8;0.9;37.0;34.7;3.5;1.8;36.9;53.6;0.9;1.4;0.0;0.0;0.2;0.2;0.3;0.0;0.0;0.2;0.3;0.2,37.74,0.09,0.0,2.49,14.905,0.317,830.0,537.0,4,16,,,,,,,,,,,,,,,,,,,,,,,,,,,,,,,,,,,,,,,,,,,,,,,,,,,,,,,,,,,,,
22,3,,,,,,,98,80,71,14,237.6,2730,10801,40,0,7.4,0.8;4.9;1.5;1.2;0.3;0.6;49.1;36.5;2.1;3.3;31.6;42.0;0.3;1.1;0.0;0.0;0.0;0.2;0.0;0.0;0.6;0.5;0.0;0.0,37.71,0.09,0.0,1.77,14.905,0.317,19042.0,9863.0,4,16,,,,,,,,,,,,,,,,,,,,,,,,,,,,,,,,,,,,,,,,,,,,,,,,,,,,,,,,,,,,,
22,4,,,,,,,100,59,69,13,238.0,2730,10801,39,0,7.3,0.9;4.6;1.1;0.8;0.3;0.5;24.4;46.1;1.5;3.6;35.7;53.7;0.5;0.9;0.0;0.0;0.2;0.0;0.0;0.0;0.3;0.2;0.2;0.0,37.69,0.09,0.0,3.07,14.905,0.317,1464.0,1562.0,4,16,,,,,,,,,,,,,,,,,,,,,,,,,,,,,,,,,,,,,,,,,,,,,,,,,,,,,,,,,,,,,
22,5,,,,,,,100,88,68,12,236.8,2730,10801,40,0,8.0,1.5;4.2;1.4;2.3;1.4;2.1;36.9;51.0;3.2;4.3;37.3;41.4;0.9;0.6;0.2;0.3;0.3;0.3;0.2;0.2;0.3;0.6;0.2;0.5,37.66,0.09,0.0,0.02,14.905,0.317,2197.0,5566.0,4,16,,,,,,,,,,,,,,,,,,,,,,,,,,,,,,,,,,,,,,,,,,,,,,,,,,,,,,,,,,,,,
22,6,,,,,,,100,73,72,13,240.1,2730,10801,40,0,7.5,1.1;2.4;2.0;1.4;0.6;0.6;41.6;40.7;4.3;3.5;37.7;42.4;0.6;0.6;0.0;0.0;0.2;0.0;0.0;0.0;0.0;0.5;0.0;0.2,37.66,0.09,0.0,0.02,14.905,0.317,390.0,10546.0,4,16,,,,,,,,,,,,,,,,,,,,,,,,,,,,,,,,,,,,,,,,,,,,,,,,,,,,,,,,,,,,,
22,7,,,,,,,98,78,70,19,235.5,2730,10801,40,0,8.1,0.5;3.3;0.8;0.6;0.2;0.5;40.4;47.1;3.5;4.6;39.6;51.7;0.9;0.8;0.0;0.0;0.0;0.0;0.0;0.0;0.0;0.0;0.6;0.0,37.68,0.09,0.0,0.03,14.905,0.317,195.0,2197.0,4,16,,,,,,,,,,,,,,,,,,,,,,,,,,,,,,,,,,,,,,,,,,,,,,,,,,,,,,,,,,,,,
22,8,,,,,,,100,59,74,17,238.2,2730,10801,40,0,7.7,1.1;13.9;1.5;1.5;0.0;0.3;45.1;36.7;2.3;3.7;28.6;47.6;0.6;0.6;0.0;0.0;0.0;0.0;0.0;0.0;0.0;0.0;0.6;0.2,37.69,0.09,0.0,0.03,14.905,0.317,390.0,7470.0,4,16,,,,,,,,,,,,,,,,,,,,,,,,,,,,,,,,,,,,,,,,,,,,,,,,,,,,,,,,,,,,,
22,9,,,,,,,100,87,70,14,237.6,2730,10801,40,0,7.3,1.1;4.0;2.3;2.3;0.3;1.1;37.6;41.3;1.4;2.9;30.5;50.2;0.5;0.8;0.0;0.0;0.0;0.0;0.0;0.0;0.0;0.0;0.0;0.0,37.67,0.09,0.01,0.11,14.905,0.317,634.0,1513.0,4,16,,,,,,,,,,,,,,,,,,,,,,,,,,,,,,,,,,,,,,,,,,,,,,,,,,,,,,,,,,,,,
22,10,,,,,,,100,52,72,15,238.4,2730,10801,40,0,7.2,1.5;3.2;0.6;1.2;0.2;0.5;32.5;43.4;1.4;1.8;31.5;52.5;1.1;1.4;0.0;0.0;0.2;0.3;0.0;0.0;0.0;0.0;0.0;0.3,37.69,0.09,0.0,0.03,14.905,0.317,1074.0,6933.0,4,16,,,,,,,,,,,,,,,,,,,,,,,,,,,,,,,,,,,,,,,,,,,,,,,,,,,,,,,,,,,,,
22,11,,,,,,,96,79,70,12,238.2,2730,10801,40,0,6.2,1.5;3.7;1.7;2.7;0.8;0.9;43.9;37.9;1.7;3.9;27.1;22.4;0.9;0.3;0.0;0.0;0.0;0.2;0.0;0.2;0.0;0.0;0.5;0.0,37.67,0.09,0.01,0.34,14.905,0.317,195.0,1611.0,4,16,,,,,,,,,,,,,,,,,,,,,,,,,,,,,,,,,,,,,,,,,,,,,,,,,,,,,,,,,,,,,
22,12,,,,,,,100,78,71,14,237.2,2730,10801,40,0,5.1,0.4;3.7;0.7;1.3;0.2;0.4;23.3;12.3;0.9;2.0;21.0;56.6;0.0;0.0;0.0;0.0;0.0;0.0;0.0;0.0;0.2;0.0;0.0;0.0,37.67,0.09,0.0,0.04,14.905,0.317,1855.0,2001.0,4,16,,,,,,,,,,,,,,,,,,,,,,,,,,,,,,,,,,,,,,,,,,,,,,,,,,,,,,,,,,,,,
22,summary,0.41801327013829886,0.9843974722161691,0.38931230758702084,0.9892389655294076,0.00100000,136.8,,,,,,,,,,,,,,,,,,,,,,96,99.33,100,52,73.08,88,68,70.58,74,12,14.5,19,149.3,230.4,240.1,2730.0,10801.0,39.8,0,5.1,8.65,24.4,37.66,37.7,37.87,63.16,0.09,0.09,0.09,19.11,0.0,0.0,0.01,0.02,0.67,3.07,11.015,14.588,14.905,14.9,14.905,15.992,0.317,0.32,0.317,195.0,2424.67,19042.0,537.0,4658.5,10546.0,4,4.0,4,16,16.0,16,4,16,2.47,109.58
23,1,,,,,,,93,49,67,16,129.7,2730,10801,40,0,24.6,25.0;29.7;34.3;33.9;33.3;33.4;69.0;67.5;35.6;37.1;47.5;67.0;17.3;17.0;3.1;3.2;5.4;8.0;2.3;1.5;4.5;5.3;4.3;4.0,37.81,0.09,0.0,0.04,14.905,0.317,878.0,6933.0,4,16,,,,,,,,,,,,,,,,,,,,,,,,,,,,,,,,,,,,,,,,,,,,,,,,,,,,,,,,,,,,,
23,2,,,,,,,100,69,69,20,238.0,2730,10801,40,0,7.5,0.9;1.7;1.4;2.4;0.5;0.5;55.9;32.5;1.8;3.5;27.7;48.7;0.8;1.1;0.0;0.0;0.0;0.3;0.0;0.0;0.0;0.2;0.0;0.0,37.75,0.09,0.0,3.54,14.905,0.317,781.0,1757.0,4,16,,,,,,,,,,,,,,,,,,,,,,,,,,,,,,,,,,,,,,,,,,,,,,,,,,,,,,,,,,,,,
23,3,,,,,,,100,67,72,16,236.9,2730,10801,40,0,8.9,0.8;15.1;1.7;1.5;1.2;1.1;50.0;32.5;3.5;4.1;45.9;50.1;1.1;1.5;0.0;0.0;0.2;0.2;0.0;0.0;0.6;0.5;0.3;0.2,37.77,0.09,0.0,2.57,14.905,0.317,2148.0,5712.0,4,16,,,,,,,,,,,,,,,,,,,,,,,,,,,,,,,,,,,,,,,,,,,,,,,,,,,,,,,,,,,,,
23,4,,,,,,,100,73,71,14,238.3,2730,10801,40,0,7.5,1.4;5.4;1.8;1.5;0.9;0.5;33.2;34.0;5.9;3.7;43.2;45.5;0.8;1.2;0.0;0.0;0.3;0.0;0.2;0.0;0.2;0.6;0.0;0.2,37.71,0.09,0.0,1.96,14.905,0.317,195.0,1806.0,4,16,,,,,,,,,,,,,,,,,,,,,,,,,,,,,,,,,,,,,,,,,,,,,,,,,,,,,,,,,,,,,
23,5,,,,,,,98,78,72,13,236.4,2730,10801,40,0,7.3,0.5;2.6;0.6;1.5;0.3;0.3;57.4;28.8;3.2;2.4;40.5;34.6;0.9;0.9;0.0;0.0;0.2;0.0;0.0;0.2;0.0;0.3;0.0;0.0,37.67,0.09,0.0,2.86,14.905,0.317,1074.0,1904.0,4,16,,,,,,,,,,,,,,,,,,,,,,,,,,,,,,,,,,,,,,,,,,,,,,,,,,,,,,,,,,,,,
23,6,,,,,,,100,65,71,14,239.3,2730,10801,40,0,7.4,1.2;6.2;0.8;0.6;0.3;0.3;44.1;33.0;2.0;0.9;46.4;40.0;0.5;0.2;0.0;0.0;0.0;0.2;0.2;0.0;0.3;0.0;0.0;0.2,37.68,0.09,0.0,0.03,14.905,0.317,439.0,1562.0,4,16,,,,,,,,,,,,,,,,,,,,,,,,,,,,,,,,,,,,,,,,,,,,,,,,,,,,,,,,,,,,,
23,7,,,,,,,98,78,71,11,236.5,2730,10801,40,0,7.4,1.2;4.6;1.1;1.2;0.5;0.6;36.4;41.1;2.7;0.9;31.4;53.5;0.5;0.6;0.2;0.0;0.0;0.0;0.0;0.0;0.0;0.0;0.3;0.0,37.68,0.09,0.0,0.04,14.905,0.317,1269.0,1562.0,4,16,,,,,,,,,,,,,,,,,,,,,,,,,,,,,,,,,,,,,,,,,,,,,,,,,,,,,,,,,,,,,
23,8,,,,,,,100,55,71,14,238.3,2730,10801,40,0,7.7,1.4;9.8;1.4;1.2;0.9;0.8;46.6;44.7;3.0;1.5;44.7;26.7;0.8;1.1;0.2;0.0;0.0;0.0;0.0;0.2;0.3;0.3;0.0;0.2,37.66,0.09,0.0,0.03,14.905,0.317,1562.0,7275.0,4,16,,,,,,,,,,,,,,,,,,,,,,,,,,,,,,,,,,,,,,,,,,,,,,,,,,,,,,,,,,,,,
23,9,,,,,,,100,79,69,16,236.9,2730,10801,40,0,7.9,1.7;6.2;1.2;2.1;0.2;0.6;46.7;43.9;5.3;1.7;39.7;39.3;0.5;0.6;0.0;0.0;0.0;0.0;0.0;0.0;0.2;0.0;0.2;0.0,37.7,0.09,0.0,0.1,14.905,0.317,390.0,2294.0,4,16,,,,,,,,,,,,,,,,,,,,,,,,,,,,,,,,,,,,,,,,,,,,,,,,,,,,,,,,,,,,,
23,10,,,,,,,100,49,70,14,237.8,2730,10801,40,0,8.1,1.2;4.3;2.1;1.8;0.8;0.3;51.9;38.9;4.4;4.4;51.1;30.4;0.5;0.5;0.0;0.0;0.0;0.2;0.2;0.0;0.2;0.5;0.0;0.0,37.68,0.09,0.0,0.02,14.905,0.317,18261.0,8935.0,4,16,,,,,,,,,,,,,,,,,,,,,,,,,,,,,,,,,,,,,,,,,,,,,,,,,,,,,,,,,,,,,
23,11,,,,,,,100,67,72,12,239.3,2730,10801,40,0,6.4,0.9;1.8;1.1;0.6;0.6;0.5;20.9;29.8;2.6;2.7;50.2;39.2;0.3;0.5;0.5;0.0;0.0;0.0;0.0;0.0;0.0;0.0;0.0;0.0,37.7,0.09,0.0,0.04,14.905,0.317,195.0,1806.0,4,16,,,,,,,,,,,,,,,,,,,,,,,,,,,,,,,,,,,,,,,,,,,,,,,,,,,,,,,,,,,,,
23,12,,,,,,,100,69,73,12,236.5,2730,10801,40,0,6.4,0.6;6.0;2.6;1.5;0.6;0.2;20.5;43.4;4.1;0.9;42.0;31.0;0.0;0.0;0.2;0.0;0.0;0.2;0.0;0.0;0.0;0.2;0.2;0.2,37.69,0.09,0.0,0.02,14.905,0.317,878.0,195.0,4,16,,,,,,,,,,,,,,,,,,,,,,,,,,,,,,,,,,,,,,,,,,,,,,,,,,,,,,,,,,,,,
23,summary,0.417999006227446,0.9849578183855804,0.3895956948896372,0.9892742476096391,0.00100000,136.8,,,,,,,,,,,,,,,,,,,,,,93,99.08,100,49,66.5,79,67,70.67,73,11,14.33,20,129.7,228.66,239.3,2730.0,10801.0,40.0,0,6.4,8.93,24.6,37.66,37.71,37.81,63.16,0.09,0.09,0.09,19.11,0.0,0.0,0.0,0.02,0.94,3.54,11.015,14.588,14.905,14.9,14.905,15.992,0.317,0.32,0.317,195.0,2339.17,18261.0,195.0,3478.42,8935.0,4,4.0,4,16,16.0,16,4,16,2.57,109.54
24,1,,,,,,,100,54,68,15,129.8,2730,10801,40,0,24.7,25.6;29.7;34.9;34.4;34.3;34.0;63.6;64.8;34.9;35.1;67.3;54.1;17.8;17.5;2.2;2.9;8.0;7.4;2.2;1.8;5.7;6.4;3.5;4.0,37.76,0.09,0.0,0.03,14.905,0.317,1025.0,5615.0,4,16,,,,,,,,,,,,,,,,,,,,,,,,,,,,,,,,,,,,,,,,,,,,,,,,,,,,,,,,,,,,,
24,2,,,,,,,100,78,68,14,236.5,2730,10801,40,0,7.1,0.6;4.0;0.9;0.5;0.5;0.3;55.8;26.6;2.4;1.7;30.6;44.8;0.9;0.8;0.0;0.0;0.0;0.0;0.0;0.0;0.0;0.0;0.0;0.0,37.73,0.09,0.0,2.49,14.905,0.317,878.0,732.0,4,16,,,,,,,,,,,,,,,,,,,,,,,,,,,,,,,,,,,,,,,,,,,,,,,,,,,,,,,,,,,,,
24,3,,,,,,,100,53,70,16,238.0,2730,10801,39,0,7.4,0.8;6.1;1.7;0.9;0.6;0.2;45.6;37.3;3.8;1.7;24.4;51.2;0.5;0.9;0.3;0.0;0.3;0.3;0.2;0.2;0.2;0.5;1.2;0.3,37.67,0.09,0.0,1.77,14.905,0.317,1025.0,6933.0,4,16,,,,,,,,,,,,,,,,,,,,,,,,,,,,,,,,,,,,,,,,,,,,,,,,,,,,,,,,,,,,,
24,4,,,,,,,100,89,70,14,237.1,2730,10801,40,0,7.5,1.1;3.7;2.6;1.7;1.2;0.6;52.3;17.2;5.0;2.3;24.6;65.3;0.5;0.6;0.0;0.0;0.3;0.2;0.0;0.0;0.5;0.0;0.0;0.3,37.68,0.09,0.0,3.06,14.905,0.317,2832.0,390.0,4,16,,,,,,,,,,,,,,,,,,,,,,,,,,,,,,,,,,,,,,,,,,,,,,,,,,,,,,,,,,,,,
24,5,,,,,,,100,50,72,19,236.7,2730,10801,40,0,8.2,2.1;4.3;2.3;2.3;1.1;0.6;60.4;23.1;7.0;3.8;37.2;49.9;0.9;0.5;0.2;0.0;0.2;0.0;0.0;0.2;0.3;0.5;0.5;0.2,37.68,0.09,0.01,0.08,14.905,0.317,2148.0,195.0,4,16,,,,,,,,,,,,,,,,,,,,,,,,,,,,,,,,,,,,,,,,,,,,,,,,,,,,,,,,,,,,,
24,6,,,,,,,100,72,71,16,239.3,2730,10801,39,0,8.0,0.9;3.6;2.3;2.3;0.9;1.4;44.6;37.0;5.5;3.2;37.4;51.3;1.1;1.1;0.0;0.0;0.0;0.0;0.0;0.0;0.5;0.2;0.0;0.0,37.64,0.09,0.0,0.02,14.905,0.317,341.0,537.0,4,16,,,,,,,,,,,,,,,,,,,,,,,,,,,,,,,,,,,,,,,,,,,,,,,,,,,,,,,,,,,,,
24,7,,,,,,,100,64,70,14,235.9,2730,10801,40,0,8.3,1.7;4.0;2.4;2.3;0.9;1.4;53.8;38.4;4.6;5.5;33.4;47.3;1.2;1.1;0.2;0.0;0.3;0.2;0.0;0.2;0.5;0.8;0.2;0.2,37.67,0.09,0.0,0.03,14.905,0.317,146.0,1904.0,4,16,,,,,,,,,,,,,,,,,,,,,,,,,,,,,,,,,,,,,,,,,,,,,,,,,,,,,,,,,,,,,
24,8,,,,,,,100,85,72,14,239.3,2730,10801,39,0,8.6,0.8;14.7;1.4;0.9;0.5;0.5;52.9;42.9;4.1;2.7;28.4;52.0;0.8;0.5;0.0;0.0;0.2;0.0;0.0;0.2;0.0;0.0;0.9;0.3,37.67,0.09,0.0,0.03,14.905,0.317,830.0,4687.0,4,16,,,,,,,,,,,,,,,,,,,,,,,,,,,,,,,,,,,,,,,,,,,,,,,,,,,,,,,,,,,,,
24,9,,,,,,,100,79,72,14,236.4,2730,10801,39,0,7.4,0.8;4.8;1.4;0.6;0.3;0.3;46.7;34.7;2.7;1.4;36.3;42.2;1.4;1.1;0.0;0.0;0.5;0.3;0.0;0.0;0.5;1.8;0.2;0.0,37.68,0.09,0.0,0.02,14.905,0.317,1318.0,8056.0,4,16,,,,,,,,,,,,,,,,,,,,,,,,,,,,,,,,,,,,,,,,,,,,,,,,,,,,,,,,,,,,,
24,10,,,,,,,100,72,71,12,238.4,2730,10801,40,0,7.0,0.9;3.2;0.3;0.8;0.3;0.2;61.7;22.5;2.1;0.9;34.8;39.2;0.8;0.5;0.0;0.0;0.0;0.0;0.0;0.0;0.0;0.2;0.0;0.0,37.67,0.09,0.0,0.02,14.905,0.317,2246.0,5419.0,4,16,,,,,,,,,,,,,,,,,,,,,,,,,,,,,,,,,,,,,,,,,,,,,,,,,,,,,,,,,,,,,
24,11,,,,,,,99,80,68,20,237.9,2730,10801,40,0,6.2,1.5;5.0;2.4;1.5;0.5;0.8;24.7;22.6;0.8;2.1;39.2;43.6;0.6;0.5;0.2;0.0;0.0;0.0;0.2;0.2;0.2;0.0;0.9;0.5,37.67,0.09,0.0,0.02,14.905,0.317,781.0,1708.0,4,16,,,,,,,,,,,,,,,,,,,,,,,,,,,,,,,,,,,,,,,,,,,,,,,,,,,,,,,,,,,,,
24,12,,,,,,,100,62,73,19,238.4,2730,10801,40,0,5.1,0.0;4.8;1.1;0.6;0.2;0.0;22.8;16.0;1.9;1.5;6.2;65.8;0.2;0.0;0.0;0.2;0.0;0.0;0.0;0.0;0.0;0.0;0.7;0.0,37.67,0.09,0.0,0.03,14.905,0.317,781.0,1611.0,4,16,,,,,,,,,,,,,,,,,,,,,,,,,,,,,,,,,,,,,,,,,,,,,,,,,,,,,,,,,,,,,
24,summary,0.4152204054571959,0.9858356940509915,0.389091231604216,0.9888508626468616,0.00100000,137.0,,,,,,,,,,,,,,,,,,,,,,99,99.92,100,50,69.83,89,68,70.42,73,12,15.58,20,129.8,228.64,239.3,2730.0,10801.0,39.7,0,5.1,8.79,24.7,37.64,37.68,37.76,63.16,0.09,0.09,0.09,19.11,0.0,0.0,0.01,0.02,0.63,3.06,11.015,14.588,14.905,14.9,14.905,15.992,0.317,0.32,0.317,146.0,1195.92,2832.0,195.0,3148.92,8056.0,4,4.0,4,16,16.0,16,4,16,2.62,109.57
25,1,,,,,,,100,51,67,16,117.6,2730,10801,40,0,24.6,27.6;31.3;33.3;32.9;32.4;32.6;58.3;64.2;34.2;35.8;59.4;69.5;18.1;16.8;2.7;2.4;9.2;7.7;1.5;1.6;4.9;5.2;3.7;4.0,37.78,0.09,0.0,0.02,14.905,0.317,1660.0,5859.0,4,16,,,,,,,,,,,,,,,,,,,,,,,,,,,,,,,,,,,,,,,,,,,,,,,,,,,,,,,,,,,,,
25,2,,,,,,,100,78,70,14,237.0,2730,10801,39,0,7.4,0.5;3.0;0.9;1.4;0.5;0.5;55.9;29.7;3.6;1.7;36.9;42.3;0.2;0.6;0.0;0.0;0.0;0.0;0.0;0.0;0.0;0.0;0.6;0.0,37.75,0.09,0.0,3.55,14.905,0.317,390.0,390.0,4,16,,,,,,,,,,,,,,,,,,,,,,,,,,,,,,,,,,,,,,,,,,,,,,,,,,,,,,,,,,,,,
25,3,,,,,,,100,63,71,20,237.3,2730,10801,39,0,8.0,0.8;2.3;1.1;2.4;0.3;1.4;38.6;36.1;4.6;3.2;37.2;63.2;0.9;0.5;0.0;0.0;0.0;0.0;0.0;0.0;0.2;0.0;0.5;0.0,37.73,0.09,0.0,2.57,14.905,0.317,1318.0,13232.0,4,16,,,,,,,,,,,,,,,,,,,,,,,,,,,,,,,,,,,,,,,,,,,,,,,,,,,,,,,,,,,,,
25,4,,,,,,,100,86,68,16,239.0,2730,10801,39,0,8.2,0.6;13.9;0.9;1.4;0.5;0.6;51.3;38.6;3.0;2.9;40.6;40.6;0.2;0.3;0.0;0.0;0.0;0.0;0.0;0.0;0.0;0.0;0.8;0.0,37.7,0.09,0.0,1.96,14.905,0.317,1513.0,292.0,4,16,,,,,,,,,,,,,,,,,,,,,,,,,,,,,,,,,,,,,,,,,,,,,,,,,,,,,,,,,,,,,
25,5,,,,,,,98,79,71,12,235.8,2730,10801,39,0,7.3,1.4;2.4;1.8;1.7;0.5;0.8;46.1;30.3;2.7;2.1;29.9;52.7;0.8;0.9;0.0;0.2;0.0;0.0;0.2;0.0;0.3;0.2;0.5;0.0,37.66,0.09,0.0,2.87,14.905,0.317,1513.0,195.0,4,16,,,,,,,,,,,,,,,,,,,,,,,,,,,,,,,,,,,,,,,,,,,,,,,,,,,,,,,,,,,,,
25,6,,,,,,,100,57,71,12,239.2,2730,10801,39,0,7.5,2.1;5.8;1.5;1.7;0.2;0.6;45.1;29.4;2.1;1.7;38.6;48.6;0.3;0.5;0.0;0.2;0.3;0.2;0.2;0.2;0.3;0.3;0.6;0.2,37.66,0.09,0.0,0.02,14.905,0.317,390.0,488.0,4,16,,,,,,,,,,,,,,,,,,,,,,,,,,,,,,,,,,,,,,,,,,,,,,,,,,,,,,,,,,,,,
25,7,,,,,,,100,84,68,20,237.0,2730,10801,39,0,7.4,0.8;3.6;1.2;1.4;0.6;0.5;45.2;37.6;1.2;2.0;27.9;52.5;0.6;0.9;0.3;0.2;0.2;0.2;0.0;0.0;0.2;0.3;0.6;0.2,37.65,0.09,0.01,0.04,14.905,0.317,2636.0,390.0,4,16,,,,,,,,,,,,,,,,,,,,,,,,,,,,,,,,,,,,,,,,,,,,,,,,,,,,,,,,,,,,,
25,8,,,,,,,100,54,72,13,238.1,2730,10801,39,0,7.5,1.1;6.1;2.0;2.0;0.3;0.5;53.3;18.6;2.4;3.6;38.7;48.7;0.3;0.5;0.8;0.0;0.3;0.0;0.0;0.0;0.3;0.3;0.3;0.0,37.69,0.09,0.0,0.07,14.905,0.317,2587.0,6884.0,4,16,,,,,,,,,,,,,,,,,,,,,,,,,,,,,,,,,,,,,,,,,,,,,,,,,,,,,,,,,,,,,
25,9,,,,,,,100,79,69,14,238.5,2730,10801,39,0,7.4,0.6;9.1;0.6;0.9;0.2;0.9;49.7;36.2;2.9;2.9;34.7;38.2;0.6;0.3;0.2;0.0;0.0;0.0;0.0;0.0;0.0;0.0;0.6;0.0,37.68,0.09,0.0,0.02,14.905,0.317,1318.0,4980.0,4,16,,,,,,,,,,,,,,,,,,,,,,,,,,,,,,,,,,,,,,,,,,,,,,,,,,,,,,,,,,,,,
25,10,,,,,,,98,77,72,12,238.0,2730,10801,39,0,7.7,1.7;4.2;1.2;2.0;0.3;0.9;53.8;40.9;2.0;4.3;37.9;32.0;1.2;0.5;0.0;0.0;0.0;0.0;0.0;0.0;0.2;0.5;0.0;0.0,37.66,0.09,0.0,0.08,14.905,0.317,1074.0,7128.0,4,16,,,,,,,,,,,,,,,,,,,,,,,,,,,,,,,,,,,,,,,,,,,,,,,,,,,,,,,,,,,,,
25,11,,,,,,,100,73,70,11,239.8,2730,10801,39,0,6.6,1.2;2.9;2.0;2.3;0.6;0.3;47.0;26.6;3.9;4.5;36.3;29.4;0.3;0.9;0.0;0.0;0.3;0.2;0.2;0.2;0.0;0.2;0.3;0.5,37.67,0.09,0.06,0.05,14.905,0.317,390.0,1513.0,4,16,,,,,,,,,,,,,,,,,,,,,,,,,,,,,,,,,,,,,,,,,,,,,,,,,,,,,,,,,,,,,
25,12,,,,,,,98,80,71,15,236.5,2730,10801,40,0,6.0,0.7;4.1;0.7;1.5;0.7;0.2;28.9;48.8;3.9;2.0;20.8;29.5;0.2;0.2;0.0;0.0;0.0;0.0;0.0;0.2;0.2;0.4;0.0;0.4,37.66,0.09,0.0,0.02,14.905,0.317,1562.0,119726.0,4,16,,,,,,,,,,,,,,,,,,,,,,,,,,,,,,,,,,,,,,,,,,,,,,,,,,,,,,,,,,,,,
25,summary,0.41595144320353694,0.9853313824985213,0.38911574297288104,0.9890978372084818,0.00100000,137.2,,,,,,,,,,,,,,,,,,,,,,98,99.5,100,51,71.75,86,67,70.0,72,11,14.58,20,117.6,227.82,239.8,2730.0,10801.0,39.2,0,6.0,8.8,24.6,37.65,37.69,37.78,63.16,0.09,0.09,0.09,19.11,0.0,0.01,0.06,0.02,0.94,3.55,11.015,14.588,14.905,14.9,14.905,15.992,0.317,0.32,0.317,390.0,1362.58,2636.0,195.0,13423.08,119726.0,4,4.0,4,16,16.0,16,4,16,2.7,109.54
26,1,,,,,,,100,63,66,16,124.0,2730,10801,39,0,24.9,25.5;31.1;33.1;33.2;32.6;31.4;72.4;62.1;35.1;35.5;61.2;60.2;18.1;20.3;3.0;2.7;9.4;9.1;1.9;1.6;4.2;5.2;4.2;4.4,37.77,0.09,0.0,0.03,14.905,0.317,1025.0,7324.0,4,16,,,,,,,,,,,,,,,,,,,,,,,,,,,,,,,,,,,,,,,,,,,,,,,,,,,,,,,,,,,,,
26,2,,,,,,,100,77,70,16,234.9,2730,10801,39,0,7.0,0.8;3.3;0.3;0.9;0.3;0.6;44.7;30.7;1.1;2.0;23.1;57.8;0.5;0.6;0.0;0.0;0.0;0.0;0.3;0.0;0.0;0.0;0.0;0.0,37.71,0.09,0.0,2.48,14.905,0.317,195.0,1708.0,4,16,,,,,,,,,,,,,,,,,,,,,,,,,,,,,,,,,,,,,,,,,,,,,,,,,,,,,,,,,,,,,
26,3,,,,,,,100,75,71,12,238.1,2730,10801,39,0,7.3,0.6;9.6;0.6;1.4;0.3;0.3;37.2;41.0;3.0;4.1;44.5;31.6;0.9;0.5;0.0;0.0;0.0;0.0;0.0;0.2;0.3;0.0;0.0;0.0,37.72,0.09,0.0,1.8,14.905,0.317,1074.0,6884.0,4,16,,,,,,,,,,,,,,,,,,,,,,,,,,,,,,,,,,,,,,,,,,,,,,,,,,,,,,,,,,,,,
26,4,,,,,,,98,80,69,18,236.4,2730,10801,39,0,8.0,1.5;14.7;1.7;0.9;0.3;0.5;41.4;43.5;2.9;3.2;51.7;27.6;0.3;0.8;0.0;0.0;0.0;0.0;0.0;0.0;0.0;0.8;0.0;0.2,37.69,0.09,0.0,3.07,14.905,0.317,390.0,1904.0,4,16,,,,,,,,,,,,,,,,,,,,,,,,,,,,,,,,,,,,,,,,,,,,,,,,,,,,,,,,,,,,,
26,5,,,,,,,100,53,73,14,236.9,2730,10801,39,0,8.1,2.1;9.8;2.0;2.1;0.6;0.6;37.6;39.6;5.5;3.0;45.3;43.5;0.5;0.3;0.0;0.0;0.2;0.0;0.2;0.0;0.0;0.0;0.3;0.8,37.67,0.09,0.0,0.02,14.905,0.317,1074.0,4492.0,4,16,,,,,,,,,,,,,,,,,,,,,,,,,,,,,,,,,,,,,,,,,,,,,,,,,,,,,,,,,,,,,
26,6,,,,,,,100,82,70,13,239.9,2730,10801,39,0,8.0,0.6;4.9;1.5;2.1;0.9;1.1;54.1;34.9;4.9;4.0;39.8;41.0;0.6;0.8;0.0;0.2;0.0;0.2;0.0;0.0;0.0;0.0;0.3;0.0,37.68,0.09,0.0,0.03,14.905,0.317,1464.0,195.0,4,16,,,,,,,,,,,,,,,,,,,,,,,,,,,,,,,,,,,,,,,,,,,,,,,,,,,,,,,,,,,,,
26,7,,,,,,,100,53,71,14,236.5,2730,10801,39,0,7.9,0.8;4.8;1.4;0.9;0.0;0.5;46.0;40.8;5.9;5.0;46.1;35.8;0.8;0.3;0.0;0.0;0.0;0.0;0.0;0.0;0.0;0.0;0.0;0.0,37.69,0.09,0.0,0.02,14.905,0.317,1269.0,1513.0,4,16,,,,,,,,,,,,,,,,,,,,,,,,,,,,,,,,,,,,,,,,,,,,,,,,,,,,,,,,,,,,,
26,8,,,,,,,100,84,70,12,239.1,2730,10801,39,0,8.6,1.4;8.0;2.0;1.2;1.4;1.8;52.2;32.7;3.2;3.6;54.7;40.0;0.6;0.6;0.2;0.0;0.0;0.2;0.0;0.0;0.5;0.8;0.5;0.5,37.66,0.09,0.0,0.03,14.905,0.317,1269.0,6250.0,4,16,,,,,,,,,,,,,,,,,,,,,,,,,,,,,,,,,,,,,,,,,,,,,,,,,,,,,,,,,,,,,
26,9,,,,,,,100,78,71,19,236.9,2730,10801,39,0,7.9,0.9;10.8;2.3;2.3;1.1;0.8;44.4;32.3;2.6;4.0;43.0;40.7;0.9;0.9;0.2;0.0;0.3;0.2;0.3;0.0;0.5;0.6;0.2;0.0,37.7,0.09,0.0,0.04,14.905,0.317,1464.0,195.0,4,16,,,,,,,,,,,,,,,,,,,,,,,,,,,,,,,,,,,,,,,,,,,,,,,,,,,,,,,,,,,,,
26,10,,,,,,,100,72,71,16,238.8,2730,10801,40,0,7.4,0.5;3.4;1.4;1.5;0.2;0.3;38.3;32.0;1.5;2.9;40.9;52.2;0.5;1.1;0.0;0.0;0.3;0.0;0.0;0.0;0.0;0.3;0.0;0.2,37.67,0.09,0.0,0.03,14.905,0.317,1123.0,33447.0,4,16,,,,,,,,,,,,,,,,,,,,,,,,,,,,,,,,,,,,,,,,,,,,,,,,,,,,,,,,,,,,,
26,11,,,,,,,99,81,68,14,237.3,2730,10801,40,0,5.8,0.5;2.7;1.4;0.3;0.2;0.2;21.0;24.8;1.4;1.8;50.3;31.1;0.2;0.3;0.0;0.3;0.0;0.0;0.0;0.2;0.9;0.8;0.0;0.0,37.69,0.09,0.0,0.04,14.905,0.317,683.0,1562.0,4,16,,,,,,,,,,,,,,,,,,,,,,,,,,,,,,,,,,,,,,,,,,,,,,,,,,,,,,,,,,,,,
26,12,,,,,,,100,77,70,15,238.2,2730,10801,39,0,5.2,0.6;3.3;0.9;1.1;0.6;0.7;19.2;38.6;1.1;2.4;24.9;29.3;0.7;0.4;0.0;0.0;0.0;0.0;0.0;0.0;0.2;0.0;0.2;0.4,37.67,0.09,0.0,0.04,14.905,0.317,732.0,1708.0,4,16,,,,,,,,,,,,,,,,,,,,,,,,,,,,,,,,,,,,,,,,,,,,,,,,,,,,,,,,,,,,,
26,summary,0.4129766299226337,0.9858481461880896,0.38864809973912934,0.9890978372084818,0.00100000,137.1,,,,,,,,,,,,,,,,,,,,,,98,99.75,100,53,72.92,84,66,70.0,73,12,14.92,19,124.0,228.08,239.9,2730.0,10801.0,39.2,0,5.2,8.84,24.9,37.66,37.69,37.77,63.16,0.09,0.09,0.09,19.11,0.0,0.0,0.0,0.02,0.64,3.07,11.015,14.588,14.905,14.9,14.905,15.992,0.317,0.32,0.317,195.0,980.17,1464.0,195.0,5598.5,33447.0,4,4.0,4,16,16.0,16,4,16,2.72,109.54
27,1,,,,,,,0,1,59,20,146.8,2745,10801,39,0,24.9,26.7;29.6;34.1;33.4;31.9;31.4;68.1;62.0;35.9;36.7;52.2;68.9;18.3;20.9;3.6;2.8;8.7;10.2;2.4;1.9;4.7;5.7;3.7;4.5,37.79,0.09,0.0,0.02,14.905,0.317,1123.0,5908.0,4,16,,,,,,,,,,,,,,,,,,,,,,,,,,,,,,,,,,,,,,,,,,,,,,,,,,,,,,,,,,,,,
27,2,,,,,,,100,78,72,14,236.1,2730,10801,39,0,8.1,0.9;4.1;2.3;1.7;0.8;0.6;43.9;45.4;4.6;7.0;22.6;58.0;0.6;0.6;0.0;0.0;0.0;0.0;0.0;0.3;0.0;0.2;0.5;0.0,37.77,0.09,0.0,3.54,14.905,0.317,146.0,1708.0,4,16,,,,,,,,,,,,,,,,,,,,,,,,,,,,,,,,,,,,,,,,,,,,,,,,,,,,,,,,,,,,,
27,3,,,,,,,100,73,69,14,238.4,2730,10801,39,0,8.1,0.9;3.0;0.9;2.4;0.5;0.3;53.0;47.6;2.6;5.8;42.2;31.7;0.6;0.6;0.2;0.0;0.0;0.0;0.0;0.2;0.0;0.0;0.9;0.5,37.71,0.09,0.0,2.56,14.905,0.317,1513.0,5468.0,4,16,,,,,,,,,,,,,,,,,,,,,,,,,,,,,,,,,,,,,,,,,,,,,,,,,,,,,,,,,,,,,
27,4,,,,,,,98,80,70,14,238.1,2730,10801,39,0,8.6,1.1;13.7;1.7;2.3;0.6;1.4;48.2;38.0;4.6;5.2;40.3;46.6;0.6;0.6;0.3;0.5;0.3;0.0;0.2;0.3;0.3;0.0;0.0;0.3,37.67,0.09,0.0,1.98,14.905,0.317,341.0,1562.0,4,16,,,,,,,,,,,,,,,,,,,,,,,,,,,,,,,,,,,,,,,,,,,,,,,,,,,,,,,,,,,,,
27,5,,,,,,,100,57,70,12,237.5,2730,10801,39,0,7.1,1.1;3.4;0.8;1.1;0.2;0.2;54.7;34.7;1.2;3.9;22.2;46.4;0.2;0.5;0.0;0.2;0.0;0.2;0.2;0.0;0.0;0.2;0.3;0.2,37.69,0.09,0.0,2.87,14.905,0.317,1611.0,8349.0,4,16,,,,,,,,,,,,,,,,,,,,,,,,,,,,,,,,,,,,,,,,,,,,,,,,,,,,,,,,,,,,,
27,6,,,,,,,100,85,72,19,238.8,2730,10801,39,0,7.1,0.8;3.6;0.9;0.6;0.5;0.3;56.2;31.5;0.9;3.2;18.9;49.8;0.9;0.3;0.0;0.0;0.2;0.0;0.0;0.0;0.2;0.3;0.2;0.0,37.67,0.09,0.0,0.05,14.905,0.317,1074.0,1562.0,4,16,,,,,,,,,,,,,,,,,,,,,,,,,,,,,,,,,,,,,,,,,,,,,,,,,,,,,,,,,,,,,
27,7,,,,,,,100,50,71,15,237.4,2730,10801,39,0,7.1,0.6;2.9;0.9;1.8;0.6;0.2;46.9;25.2;2.7;2.6;23.4;60.4;0.5;0.8;0.2;0.0;0.0;0.0;0.0;0.2;0.0;0.0;0.0;0.5,37.63,0.09,0.0,0.03,14.905,0.317,1025.0,292.0,4,16,,,,,,,,,,,,,,,,,,,,,,,,,,,,,,,,,,,,,,,,,,,,,,,,,,,,,,,,,,,,,
27,8,,,,,,,100,76,69,14,238.8,2730,10801,39,0,7.3,2.1;3.9;1.2;1.8;0.3;0.2;41.5;41.3;1.1;2.9;27.3;48.6;0.6;0.6;0.2;0.0;0.3;0.3;0.2;0.0;0.0;0.0;0.0;0.6,37.7,0.09,0.0,0.04,14.905,0.317,3271.0,6982.0,4,16,,,,,,,,,,,,,,,,,,,,,,,,,,,,,,,,,,,,,,,,,,,,,,,,,,,,,,,,,,,,,
27,9,,,,,,,100,69,73,14,236.8,2730,10801,40,0,7.4,0.8;5.5;1.2;0.8;0.8;0.9;64.1;28.9;1.2;4.6;21.5;43.2;1.1;1.1;0.0;0.0;0.2;0.2;0.0;0.0;0.5;0.0;0.3;0.0,37.68,0.09,0.0,0.03,14.905,0.317,390.0,1806.0,4,16,,,,,,,,,,,,,,,,,,,,,,,,,,,,,,,,,,,,,,,,,,,,,,,,,,,,,,,,,,,,,
27,10,,,,,,,100,64,69,12,239.0,2730,10801,39,0,7.3,0.6;4.0;1.4;1.8;1.1;0.9;23.1;53.6;2.6;4.5;21.6;58.2;0.6;1.4;0.0;0.2;0.0;0.0;0.0;0.0;0.0;0.5;0.0;0.3,37.66,0.09,0.0,0.03,14.905,0.317,1025.0,5664.0,4,16,,,,,,,,,,,,,,,,,,,,,,,,,,,,,,,,,,,,,,,,,,,,,,,,,,,,,,,,,,,,,
27,11,,,,,,,99,81,70,19,238.9,2730,10801,40,0,6.3,0.8;3.6;1.4;1.1;0.3;0.3;33.6;46.0;1.8;1.5;22.6;35.7;0.5;0.5;0.0;0.0;0.0;0.0;0.0;0.0;0.0;0.2;0.8;0.2,37.68,0.09,0.0,0.02,14.905,0.317,390.0,537.0,4,16,,,,,,,,,,,,,,,,,,,,,,,,,,,,,,,,,,,,,,,,,,,,,,,,,,,,,,,,,,,,,
27,12,,,,,,,100,71,72,20,238.0,2730,10801,40,0,5.7,0.6;3.7;1.5;0.9;0.4;1.5;30.5;31.5;1.9;4.5;31.1;27.6;0.4;0.0;0.2;0.0;0.2;0.0;0.0;0.2;0.2;0.2;0.6;0.0,37.68,0.09,0.0,0.05,14.905,0.317,1318.0,1562.0,4,16,,,,,,,,,,,,,,,,,,,,,,,,,,,,,,,,,,,,,,,,,,,,,,,,,,,,,,,,,,,,,
27,summary,0.41269037603563785,0.9859602154219718,0.3878675706888841,0.989027273048019,0.00100000,136.7,,,,,,,,,,,,,,,,,,,,,,0,91.42,100,1,65.42,85,59,69.67,73,12,15.58,20,146.8,230.38,239.0,2731.2,10801.0,39.2,0,5.7,8.75,24.9,37.63,37.69,37.79,63.16,0.09,0.09,0.09,19.11,0.0,0.0,0.0,0.02,0.94,3.54,11.015,14.588,14.905,14.9,14.905,15.992,0.317,0.32,0.317,146.0,1102.25,3271.0,292.0,3450.0,8349.0,4,4.0,4,16,16.0,16,4,16,2.5,109.55
28,1,,,,,,,100,86,66,15,124.5,2730,10801,39,0,25.1,25.4;32.4;32.1;33.2;33.6;31.7;69.8;58.6;35.1;37.8;71.7;57.6;19.2;20.4;3.4;3.5;8.4;7.3;0.9;1.6;4.6;5.0;4.3;3.7,37.76,0.09,0.0,0.01,14.905,0.317,1025.0,1660.0,4,16,,,,,,,,,,,,,,,,,,,,,,,,,,,,,,,,,,,,,,,,,,,,,,,,,,,,,,,,,,,,,
28,2,,,,,,,100,77,70,13,236.3,2730,10801,39,0,7.2,0.8;3.0;1.1;0.5;0.0;0.0;46.5;37.0;3.3;2.0;33.5;44.2;0.6;0.5;0.2;0.0;0.0;0.0;0.0;0.0;0.0;0.0;0.0;0.0,37.75,0.09,0.0,3.56,14.905,0.317,1025.0,1660.0,4,16,,,,,,,,,,,,,,,,,,,,,,,,,,,,,,,,,,,,,,,,,,,,,,,,,,,,,,,,,,,,,
28,3,,,,,,,100,78,72,16,238.3,2730,10801,39,0,7.3,0.9;4.9;1.4;0.3;0.2;0.6;35.9;36.2;3.8;1.5;32.7;53.9;1.2;0.5;0.0;0.0;0.0;0.2;0.0;0.0;0.0;0.2;0.0;0.0,37.73,0.09,0.0,2.56,14.905,0.317,1660.0,5712.0,4,16,,,,,,,,,,,,,,,,,,,,,,,,,,,,,,,,,,,,,,,,,,,,,,,,,,,,,,,,,,,,,
28,4,,,,,,,98,80,68,13,236.9,2730,10801,39,0,7.2,1.4;5.9;1.2;0.9;0.3;0.9;35.9;29.2;2.7;1.1;30.7;60.8;0.5;0.3;0.0;0.0;0.0;0.0;0.0;0.0;0.2;0.2;0.2;0.3,37.68,0.09,0.0,1.97,14.905,0.317,390.0,146.0,4,16,,,,,,,,,,,,,,,,,,,,,,,,,,,,,,,,,,,,,,,,,,,,,,,,,,,,,,,,,,,,,
28,5,,,,,,,100,62,70,20,237.6,2730,10801,40,0,7.2,0.8;4.9;0.9;0.6;0.3;0.9;51.1;22.6;4.1;4.2;29.1;50.5;0.5;0.8;0.0;0.2;0.0;0.0;0.0;0.0;0.0;0.0;0.2;0.2,37.68,0.09,0.0,2.88,14.905,0.317,1269.0,1708.0,4,16,,,,,,,,,,,,,,,,,,,,,,,,,,,,,,,,,,,,,,,,,,,,,,,,,,,,,,,,,,,,,
28,6,,,,,,,100,82,69,14,239.1,2730,10801,39,0,7.5,0.5;4.2;1.8;1.7;0.3;0.3;48.5;39.8;2.3;3.6;32.0;41.9;1.2;0.6;0.0;0.0;0.2;0.0;0.0;0.0;0.2;0.5;0.3;0.0,37.69,0.09,0.0,0.04,14.905,0.317,2490.0,1757.0,4,16,,,,,,,,,,,,,,,,,,,,,,,,,,,,,,,,,,,,,,,,,,,,,,,,,,,,,,,,,,,,,
28,7,,,,,,,100,66,70,13,234.6,2730,10801,39,0,7.7,1.5;3.6;1.5;0.9;0.6;0.8;43.3;38.5;3.9;3.3;39.4;44.6;0.9;0.6;0.0;0.0;0.0;0.0;0.0;0.2;0.2;2.3;0.0;0.0,37.67,0.09,0.0,0.02,14.905,0.317,683.0,1513.0,4,16,,,,,,,,,,,,,,,,,,,,,,,,,,,,,,,,,,,,,,,,,,,,,,,,,,,,,,,,,,,,,
28,8,,,,,,,100,87,69,12,237.7,2730,10801,39,0,7.8,0.3;4.2;1.5;0.5;0.6;0.2;52.2;36.7;4.1;3.5;34.2;45.6;1.2;0.8;0.0;0.0;0.0;0.0;0.0;0.0;0.0;1.2;0.0;0.0,37.69,0.09,0.0,0.04,14.905,0.317,1513.0,4882.0,4,16,,,,,,,,,,,,,,,,,,,,,,,,,,,,,,,,,,,,,,,,,,,,,,,,,,,,,,,,,,,,,
28,9,,,,,,,98,77,72,18,235.5,2730,10801,39,0,8.5,1.5;15.3;2.0;0.9;0.6;0.5;29.3;58.1;3.6;4.5;38.2;44.8;0.6;1.1;0.0;0.0;0.2;0.0;0.0;0.0;0.3;0.3;0.5;0.2,37.66,0.09,0.0,0.05,14.905,0.317,1269.0,1660.0,4,16,,,,,,,,,,,,,,,,,,,,,,,,,,,,,,,,,,,,,,,,,,,,,,,,,,,,,,,,,,,,,
28,10,,,,,,,100,75,70,15,238.7,2730,10801,39,0,7.1,0.9;3.3;0.9;0.6;0.3;0.3;38.4;46.1;3.3;2.7;21.6;51.5;0.0;0.5;0.0;0.0;0.0;0.0;0.0;0.2;0.0;0.5;0.3;0.0,37.66,0.09,0.0,0.05,14.905,0.317,1074.0,5712.0,4,16,,,,,,,,,,,,,,,,,,,,,,,,,,,,,,,,,,,,,,,,,,,,,,,,,,,,,,,,,,,,,
28,11,,,,,,,98,80,72,14,237.0,2730,10801,39,0,5.9,0.9;4.0;1.5;0.9;1.4;0.8;35.5;23.4;2.1;1.7;12.6;55.0;0.2;0.3;0.0;0.0;0.3;0.0;0.0;0.0;0.0;0.2;0.3;0.2,37.66,0.09,0.01,0.03,14.905,0.317,341.0,1904.0,4,16,,,,,,,,,,,,,,,,,,,,,,,,,,,,,,,,,,,,,,,,,,,,,,,,,,,,,,,,,,,,,
28,12,,,,,,,100,71,71,14,238.3,2730,10801,39,0,4.8,0.6;2.8;0.4;0.7;0.7;0.4;20.4;10.8;1.7;0.4;30.3;46.8;0.0;0.0;0.0;0.0;0.0;0.0;0.0;0.0;0.2;0.0;0.0;0.0,37.66,0.09,0.0,0.04,14.905,0.317,1025.0,1708.0,4,16,,,,,,,,,,,,,,,,,,,,,,,,,,,,,,,,,,,,,,,,,,,,,,,,,,,,,,,,,,,,,
28,summary,0.41260404632920045,0.9858232419138935,0.38812598764204514,0.9888508626468616,0.00100000,137.2,,,,,,,,,,,,,,,,,,,,,,98,99.5,100,62,76.75,87,66,69.92,72,12,14.75,20,124.5,227.88,239.1,2730.0,10801.0,39.1,0,4.8,8.61,25.1,37.66,37.69,37.76,63.16,0.09,0.09,0.09,19.11,0.0,0.0,0.01,0.01,0.94,3.56,11.015,14.588,14.905,14.9,14.905,15.992,0.317,0.32,0.317,341.0,1147.0,2490.0,146.0,2501.83,5712.0,4,4.0,4,16,16.0,16,4,16,2.76,109.53
29,1,,,,,,,100,70,68,17,115.8,2730,10801,39,0,24.7,24.9;30.1;34.8;33.9;31.6;32.8;65.4;63.9;37.1;36.2;73.9;45.6;17.4;20.6;3.1;4.3;7.2;7.4;1.8;1.7;4.6;5.4;3.8;4.0,37.75,0.09,0.0,0.02,14.905,0.317,1269.0,6933.0,4,16,,,,,,,,,,,,,,,,,,,,,,,,,,,,,,,,,,,,,,,,,,,,,,,,,,,,,,,,,,,,,
29,2,,,,,,,100,81,67,13,236.7,2730,10801,39,0,8.2,1.1;5.8;2.7;1.7;1.1;0.6;35.7;61.0;6.7;3.3;33.9;39.9;0.8;0.6;0.3;0.6;0.0;0.0;0.2;0.0;0.2;0.2;0.3;0.0,37.69,0.09,0.0,2.47,14.905,0.317,4589.0,1464.0,4,16,,,,,,,,,,,,,,,,,,,,,,,,,,,,,,,,,,,,,,,,,,,,,,,,,,,,,,,,,,,,,
29,3,,,,,,,98,80,69,13,236.8,2730,10801,39,0,8.2,2.0;4.2;2.3;2.6;2.0;1.1;43.3;36.0;3.9;6.5;36.8;53.4;1.4;1.1;0.0;0.0;0.0;0.0;0.0;0.0;0.0;0.5;0.0;0.3,37.7,0.09,0.0,1.78,14.905,0.317,1074.0,5859.0,4,16,,,,,,,,,,,,,,,,,,,,,,,,,,,,,,,,,,,,,,,,,,,,,,,,,,,,,,,,,,,,,
29,4,,,,,,,100,56,71,19,236.8,2730,10801,39,0,8.2,0.9;5.2;2.4;1.2;0.3;0.2;39.5;42.2;4.1;3.5;40.3;54.3;1.1;0.5;0.2;0.2;0.2;0.0;0.0;0.0;0.2;0.2;0.0;0.0,37.68,0.09,0.0,3.08,14.905,0.317,878.0,1562.0,4,16,,,,,,,,,,,,,,,,,,,,,,,,,,,,,,,,,,,,,,,,,,,,,,,,,,,,,,,,,,,,,
29,5,,,,,,,100,85,67,15,237.4,2730,10801,39,0,7.9,1.2;10.0;2.0;2.6;0.6;0.9;33.8;46.1;3.0;3.5;34.7;48.0;0.8;0.3;0.2;0.0;0.0;0.0;0.0;0.0;0.2;0.5;0.0;0.6,37.68,0.09,0.0,0.02,14.905,0.317,1513.0,31884.0,4,16,,,,,,,,,,,,,,,,,,,,,,,,,,,,,,,,,,,,,,,,,,,,,,,,,,,,,,,,,,,,,
29,6,,,,,,,100,55,71,15,236.9,2730,10801,39,0,7.1,0.9;2.6;1.1;0.9;0.3;0.5;28.5;37.4;2.9;3.7;28.3;60.6;1.2;0.5;0.0;0.0;0.0;0.0;0.0;0.0;0.0;0.0;0.2;0.0,37.68,0.09,0.0,0.07,14.905,0.317,1513.0,244.0,4,16,,,,,,,,,,,,,,,,,,,,,,,,,,,,,,,,,,,,,,,,,,,,,,,,,,,,,,,,,,,,,
29,7,,,,,,,100,72,69,15,237.0,2730,10801,39,0,7.5,1.2;5.9;1.8;1.8;0.6;0.8;49.3;29.9;2.6;2.6;25.2;55.3;0.8;0.5;0.0;0.2;0.0;0.0;0.0;0.0;0.3;0.5;0.3;0.0,37.69,0.09,0.01,0.07,14.905,0.317,2099.0,1708.0,4,16,,,,,,,,,,,,,,,,,,,,,,,,,,,,,,,,,,,,,,,,,,,,,,,,,,,,,,,,,,,,,
29,8,,,,,,,100,71,71,13,236.6,2730,10801,39,0,7.1,0.5;3.4;0.9;1.1;0.3;0.5;39.7;40.4;2.4;1.1;30.9;47.3;0.6;0.8;0.0;0.0;0.0;0.0;0.0;0.0;0.0;0.0;0.0;0.0,37.64,0.09,0.0,0.03,14.905,0.317,1464.0,8056.0,4,16,,,,,,,,,,,,,,,,,,,,,,,,,,,,,,,,,,,,,,,,,,,,,,,,,,,,,,,,,,,,,
29,9,,,,,,,67,57,70,20,231.8,2730,10801,39,0,7.6,2.1;4.8;1.4;1.1;0.5;0.0;47.3;32.9;2.6;1.5;36.0;49.2;0.3;0.6;0.0;0.0;0.0;0.0;0.0;0.0;0.6;1.1;0.0;0.0,37.68,0.09,0.0,0.03,14.905,0.317,146.0,1904.0,4,16,,,,,,,,,,,,,,,,,,,,,,,,,,,,,,,,,,,,,,,,,,,,,,,,,,,,,,,,,,,,,
29,10,,,,,,,100,51,70,17,236.6,2730,10801,39,0,7.8,0.9;6.4;3.0;1.2;0.6;0.8;57.3;21.2;3.0;4.4;20.7;64.7;0.8;0.9;0.0;0.0;0.2;0.0;0.0;0.2;0.0;0.0;0.6;0.2,37.7,0.09,0.0,0.03,14.905,0.317,1074.0,5517.0,4,16,,,,,,,,,,,,,,,,,,,,,,,,,,,,,,,,,,,,,,,,,,,,,,,,,,,,,,,,,,,,,
29,11,,,,,,,100,88,71,15,237.6,2730,10801,39,0,6.4,0.5;3.0;1.5;2.0;0.5;0.3;30.3;30.4;4.5;2.3;44.8;32.3;0.6;0.3;0.0;0.0;0.3;0.0;0.0;0.0;0.0;0.0;0.3;0.0,37.68,0.09,0.0,0.03,14.905,0.317,1367.0,1513.0,4,16,,,,,,,,,,,,,,,,,,,,,,,,,,,,,,,,,,,,,,,,,,,,,,,,,,,,,,,,,,,,,
29,12,,,,,,,100,78,70,13,235.9,2730,10801,39,0,5.4,0.2;1.7;1.7;0.6;0.6;0.2;46.6;18.1;2.4;1.5;14.3;42.3;0.2;0.2;0.0;0.0;0.0;0.0;0.0;0.0;0.0;0.0;0.0;0.0,37.69,0.09,0.0,0.03,14.905,0.317,1660.0,1513.0,4,16,,,,,,,,,,,,,,,,,,,,,,,,,,,,,,,,,,,,,,,,,,,,,,,,,,,,,,,,,,,,,
29,summary,0.41032178267923314,0.9867447000591476,0.3878052403203173,0.9887802984863988,0.00100000,137.0,,,,,,,,,,,,,,,,,,,,,,67,97.08,100,51,70.33,88,67,69.5,71,13,15.42,20,115.8,226.33,237.6,2730.0,10801.0,39.0,0,5.4,8.84,24.7,37.64,37.69,37.75,63.16,0.09,0.09,0.09,19.11,0.0,0.0,0.01,0.02,0.64,3.08,11.015,14.588,14.905,14.9,14.905,15.992,0.317,0.32,0.317,146.0,1553.83,4589.0,244.0,5679.75,31884.0,4,4.0,4,16,16.0,16,4,16,2.73,109.54
30,1,,,,,,,81,63,65,16,112.6,2745,10801,39,0,24.9,25.6;30.1;34.2;33.9;32.9;33.5;65.8;65.1;34.4;36.0;59.3;66.1;19.4;19.9;3.3;2.8;6.3;5.5;2.4;1.9;5.7;5.4;3.9;3.8,37.77,0.09,0.0,0.02,14.905,0.317,1025.0,1855.0,4,16,,,,,,,,,,,,,,,,,,,,,,,,,,,,,,,,,,,,,,,,,,,,,,,,,,,,,,,,,,,,,
30,2,,,,,,,100,73,70,21,237.0,2730,10801,39,0,7.0,0.3;3.4;0.2;1.1;0.2;0.0;44.7;47.5;1.2;1.7;26.0;39.4;0.6;0.8;0.0;0.0;0.0;0.0;0.3;0.3;0.0;0.0;0.0;0.2,37.76,0.09,0.0,3.56,14.905,0.317,439.0,1611.0,4,16,,,,,,,,,,,,,,,,,,,,,,,,,,,,,,,,,,,,,,,,,,,,,,,,,,,,,,,,,,,,,
30,3,,,,,,,98,77,68,17,235.4,2730,10801,39,0,7.3,1.2;3.6;1.4;2.3;0.2;0.3;25.2;37.7;1.5;1.8;45.8;52.1;0.5;1.1;0.0;0.0;0.0;0.0;0.0;0.3;0.0;0.0;0.2;0.2,37.74,0.09,0.0,2.56,14.905,0.317,1562.0,6835.0,4,16,,,,,,,,,,,,,,,,,,,,,,,,,,,,,,,,,,,,,,,,,,,,,,,,,,,,,,,,,,,,,
30,4,,,,,,,100,55,72,15,236.6,2730,10801,39,0,7.2,0.8;2.6;0.9;1.2;0.5;1.4;37.7;38.9;1.4;3.2;32.3;50.2;0.9;0.9;0.0;0.0;0.0;0.0;0.0;0.0;0.0;0.0;0.0;0.0,37.72,0.09,0.0,1.97,14.905,0.317,341.0,537.0,4,16,,,,,,,,,,,,,,,,,,,,,,,,,,,,,,,,,,,,,,,,,,,,,,,,,,,,,,,,,,,,,
30,5,,,,,,,100,85,68,13,237.1,2730,10801,39,0,7.6,1.4;8.4;2.0;1.1;0.2;0.6;50.4;34.1;3.2;1.5;29.8;48.4;0.5;0.6;0.0;0.0;0.0;0.2;0.0;0.0;0.2;0.3;0.0;0.0,37.66,0.09,0.0,2.9,14.905,0.317,18603.0,3857.0,4,16,,,,,,,,,,,,,,,,,,,,,,,,,,,,,,,,,,,,,,,,,,,,,,,,,,,,,,,,,,,,,
30,6,,,,,,,100,60,72,13,237.4,2730,10801,39,0,7.4,1.2;6.9;2.0;0.9;0.0;0.2;41.4;34.4;3.5;1.8;27.7;56.7;0.3;0.3;0.2;0.3;0.0;0.0;0.0;0.0;0.0;0.0;0.3;0.2,37.65,0.09,0.0,0.02,14.905,0.317,1025.0,1708.0,4,16,,,,,,,,,,,,,,,,,,,,,,,,,,,,,,,,,,,,,,,,,,,,,,,,,,,,,,,,,,,,,
30,7,,,,,,,100,87,65,20,235.9,2730,10801,39,0,7.7,0.9;3.7;1.5;2.0;0.5;0.5;48.7;41.4;3.6;2.6;41.3;35.0;0.6;0.9;0.0;0.0;0.0;0.2;0.0;0.0;0.2;0.2;0.2;0.0,37.65,0.09,0.0,0.04,14.905,0.317,1074.0,1660.0,4,16,,,,,,,,,,,,,,,,,,,,,,,,,,,,,,,,,,,,,,,,,,,,,,,,,,,,,,,,,,,,,
30,8,,,,,,,100,75,71,19,236.4,2730,10801,39,0,7.8,0.5;5.5;1.1;1.5;0.5;0.2;42.7;44.7;5.5;4.3;35.7;43.8;0.9;0.9;0.0;0.2;0.0;0.0;0.0;0.0;0.0;0.3;0.0;0.0,37.66,0.09,0.0,0.02,14.905,0.317,244.0,4785.0,4,16,,,,,,,,,,,,,,,,,,,,,,,,,,,,,,,,,,,,,,,,,,,,,,,,,,,,,,,,,,,,,
30,9,,,,,,,100,72,70,15,236.9,2730,10801,39,0,8.6,1.2;14.8;0.9;1.7;0.2;0.6;43.5;49.7;2.6;4.9;36.5;46.7;0.5;0.9;0.0;0.0;0.0;0.0;0.0;0.0;0.0;0.5;0.0;0.0,37.64,0.09,0.0,0.02,14.905,0.317,1074.0,195.0,4,16,,,,,,,,,,,,,,,,,,,,,,,,,,,,,,,,,,,,,,,,,,,,,,,,,,,,,,,,,,,,,
30,10,,,,,,,98,78,71,15,236.6,2730,10801,39,0,7.3,0.8;4.0;1.1;1.4;0.6;0.5;44.9;30.3;2.1;3.0;37.0;46.7;1.1;1.1;0.0;0.0;0.3;0.3;0.0;0.0;0.0;0.0;0.0;0.0,37.67,0.09,0.0,0.03,14.905,0.317,2197.0,6933.0,4,16,,,,,,,,,,,,,,,,,,,,,,,,,,,,,,,,,,,,,,,,,,,,,,,,,,,,,,,,,,,,,
30,11,,,,,,,100,69,70,14,237.9,2730,10801,39,0,5.7,0.6;3.0;0.9;0.6;0.2;0.0;24.7;29.0;1.8;1.1;24.9;49.2;0.3;0.2;0.0;0.2;0.0;0.0;0.0;0.2;0.0;0.0;0.2;0.0,37.64,0.09,0.0,0.02,14.905,0.317,195.0,1953.0,4,16,,,,,,,,,,,,,,,,,,,,,,,,,,,,,,,,,,,,,,,,,,,,,,,,,,,,,,,,,,,,,
30,12,,,,,,,99,81,70,14,235.5,2730,10801,39,0,5.4,1.1;4.0;0.9;0.6;0.2;0.2;37.4;9.9;3.5;2.0;8.8;59.1;0.0;0.0;0.2;0.0;0.2;0.0;0.0;0.0;0.2;0.2;0.0;0.4,37.64,0.09,0.0,0.11,14.905,0.317,341.0,1757.0,4,16,,,,,,,,,,,,,,,,,,,,,,,,,,,,,,,,,,,,,,,,,,,,,,,,,,,,,,,,,,,,,
30,summary,0.4088542226895528,0.9867447000591476,0.38830840587615967,0.9888508626468616,0.00100000,136.9,,,,,,,,,,,,,,,,,,,,,,81,98.0,100,55,72.92,87,65,69.33,72,13,16.0,21,112.6,226.28,237.9,2731.2,10801.0,39.0,0,5.4,8.66,24.9,37.64,37.68,37.77,63.16,0.09,0.09,0.09,19.11,0.0,0.0,0.0,0.02,0.94,3.56,11.015,14.588,14.905,14.9,14.905,15.992,0.317,0.32,0.317,195.0,2343.33,18603.0,195.0,2807.17,6933.0,4,4.0,4,16,16.0,16,4,16,2.73,109.53
31,1,,,,,,,100,62,68,19,145.5,2730,10801,39,0,24.5,24.4;28.8;33.2;31.9;31.2;32.1;73.8;55.0;35.1;35.4;70.4;51.8;17.2;20.5;2.7;2.6;10.6;10.0;1.9;1.5;5.2;4.1;4.0;4.3,37.75,0.09,0.0,0.03,14.905,0.317,1464.0,6982.0,4,16,,,,,,,,,,,,,,,,,,,,,,,,,,,,,,,,,,,,,,,,,,,,,,,,,,,,,,,,,,,,,
31,2,,,,,,,100,82,67,14,235.5,2730,10801,38,0,7.5,0.5;6.1;1.5;2.3;0.2;0.5;46.1;42.9;4.3;2.0;27.1;45.5;0.5;0.9;0.0;0.0;0.0;0.2;0.0;0.3;0.0;0.0;0.2;0.0,37.69,0.09,0.0,2.48,14.905,0.317,1464.0,390.0,4,16,,,,,,,,,,,,,,,,,,,,,,,,,,,,,,,,,,,,,,,,,,,,,,,,,,,,,,,,,,,,,
31,3,,,,,,,100,47,68,20,236.5,2730,10801,39,0,7.6,0.5;5.2;1.4;1.2;0.3;0.6;40.1;41.0;4.4;2.6;27.6;55.2;0.6;0.5;0.0;0.0;0.0;0.0;0.0;0.0;0.0;0.0;0.8;0.3,37.68,0.09,0.0,1.77,14.905,0.317,1708.0,5810.0,4,16,,,,,,,,,,,,,,,,,,,,,,,,,,,,,,,,,,,,,,,,,,,,,,,,,,,,,,,,,,,,,
31,4,,,,,,,100,76,69,16,236.8,2730,10801,38,0,7.7,0.6;4.0;1.4;1.1;0.5;0.0;42.6;58.1;2.9;5.3;18.8;48.5;0.5;0.6;0.0;0.0;0.0;0.0;0.0;0.0;0.0;0.2;0.2;0.2,37.66,0.09,0.0,3.08,14.905,0.317,1806.0,1708.0,4,16,,,,,,,,,,,,,,,,,,,,,,,,,,,,,,,,,,,,,,,,,,,,,,,,,,,,,,,,,,,,,
31,5,,,,,,,100,66,71,15,236.4,2730,10801,39,0,8.4,0.8;15.8;1.4;1.7;0.2;0.6;42.0;43.0;2.3;4.6;33.1;53.3;0.5;0.8;0.0;0.2;0.3;0.0;0.0;0.3;0.0;0.3;0.2;0.3,37.65,0.09,0.0,0.05,14.905,0.317,1367.0,2783.0,4,16,,,,,,,,,,,,,,,,,,,,,,,,,,,,,,,,,,,,,,,,,,,,,,,,,,,,,,,,,,,,,
31,6,,,,,,,100,64,68,13,237.9,2730,10801,39,0,7.6,1.4;3.3;1.8;1.7;0.5;1.5;43.9;42.3;1.5;1.5;35.3;43.5;1.2;0.6;0.3;0.0;0.0;0.6;0.3;0.0;0.3;0.5;0.3;0.6,37.64,0.09,0.0,0.02,14.905,0.317,1220.0,1660.0,4,16,,,,,,,,,,,,,,,,,,,,,,,,,,,,,,,,,,,,,,,,,,,,,,,,,,,,,,,,,,,,,
31,7,,,,,,,100,55,70,13,235.5,2730,10801,39,0,7.3,1.1;4.9;0.9;1.5;0.6;0.0;59.7;35.0;1.8;2.6;29.3;34.9;0.8;0.8;0.0;0.2;0.2;0.0;0.0;0.0;0.2;0.6;0.0;0.2,37.67,0.09,0.0,0.03,14.905,0.317,390.0,1660.0,4,16,,,,,,,,,,,,,,,,,,,,,,,,,,,,,,,,,,,,,,,,,,,,,,,,,,,,,,,,,,,,,
31,8,,,,,,,97,80,69,13,236.6,2730,10801,38,0,7.3,1.1;3.5;2.0;1.5;0.3;0.2;40.2;38.4;1.5;4.0;33.5;46.7;0.8;0.2;0.0;0.0;0.0;0.5;0.0;0.0;0.0;0.0;0.0;0.0,37.65,0.09,0.0,0.04,14.905,0.317,341.0,7666.0,4,16,,,,,,,,,,,,,,,,,,,,,,,,,,,,,,,,,,,,,,,,,,,,,,,,,,,,,,,,,,,,,
31,9,,,,,,,100,72,69,20,235.1,2730,10801,39,0,7.7,1.4;3.9;1.4;1.8;0.6;0.5;58.0;24.4;2.4;4.3;33.8;48.9;1.1;1.1;0.0;0.0;0.0;0.0;0.0;0.2;0.3;0.8;0.0;0.5,37.65,0.09,0.0,0.05,14.905,0.317,390.0,1904.0,4,16,,,,,,,,,,,,,,,,,,,,,,,,,,,,,,,,,,,,,,,,,,,,,,,,,,,,,,,,,,,,,
31,10,,,,,,,100,83,68,17,237.6,2730,10801,39,0,7.6,1.1;9.0;1.5;2.1;0.5;0.6;46.7;31.2;2.7;2.4;29.0;54.1;1.2;0.6;0.0;0.0;0.0;0.2;0.0;0.2;0.0;0.0;0.0;0.3,37.67,0.09,0.0,0.06,14.905,0.317,1318.0,5566.0,4,16,,,,,,,,,,,,,,,,,,,,,,,,,,,,,,,,,,,,,,,,,,,,,,,,,,,,,,,,,,,,,
31,11,,,,,,,99,77,73,15,237.3,2730,10801,39,0,6.5,0.8;3.2;2.9;1.5;0.3;0.5;27.2;23.6;2.9;3.6;54.6;30.7;1.2;0.2;0.0;0.3;0.5;0.3;0.0;0.3;0.3;0.9;0.2;0.5,37.68,0.09,0.0,0.03,14.905,0.317,1513.0,146.0,4,16,,,,,,,,,,,,,,,,,,,,,,,,,,,,,,,,,,,,,,,,,,,,,,,,,,,,,,,,,,,,,
31,12,,,,,,,100,74,70,15,237.4,2730,10801,39,0,5.7,0.6;2.6;2.4;0.2;0.4;0.7;28.3;36.9;1.1;2.6;25.5;34.3;0.2;0.0;0.0;0.0;0.2;0.0;0.0;0.2;0.4;0.6;0.0;0.2,37.65,0.09,0.0,0.03,14.905,0.317,781.0,1757.0,4,16,,,,,,,,,,,,,,,,,,,,,,,,,,,,,,,,,,,,,,,,,,,,,,,,,,,,,,,,,,,,,
31,summary,0.4077466249352756,0.9871182641720886,0.38834127183165423,0.988956708887556,0.00100000,136.8,,,,,,,,,,,,,,,,,,,,,,97,99.67,100,47,69.83,83,67,69.17,73,13,15.83,20,145.5,229.01,237.9,2730.0,10801.0,38.8,0,5.7,8.78,24.5,37.64,37.67,37.75,63.16,0.09,0.09,0.09,19.11,0.0,0.0,0.0,0.02,0.64,3.08,11.015,14.588,14.905,14.9,14.905,15.992,0.317,0.32,0.317,341.0,1146.83,1806.0,146.0,3169.33,7666.0,4,4.0,4,16,16.0,16,4,16,2.48,109.55
32,1,,,,,,,100,69,67,15,119.1,2730,10801,39,0,25.2,25.5;31.3;33.7;33.9;33.6;32.3;71.4;62.7;35.8;37.1;54.5;68.5;18.2;19.0;3.0;3.8;7.1;8.0;2.0;1.6;5.1;5.7;4.9;5.2,37.76,0.09,0.0,0.03,14.905,0.317,2001.0,6835.0,4,16,,,,,,,,,,,,,,,,,,,,,,,,,,,,,,,,,,,,,,,,,,,,,,,,,,,,,,,,,,,,,
32,2,,,,,,,98,81,69,14,234.6,2730,10801,38,0,8.0,1.4;5.2;2.7;2.9;0.9;0.9;46.3;37.5;2.9;2.9;31.1;50.5;0.9;0.9;0.3;0.3;0.5;0.6;0.6;0.3;0.5;0.5;0.6;0.5,37.7,0.09,0.0,2.48,14.905,0.317,390.0,537.0,4,16,,,,,,,,,,,,,,,,,,,,,,,,,,,,,,,,,,,,,,,,,,,,,,,,,,,,,,,,,,,,,
32,3,,,,,,,100,50,71,16,237.6,2730,10801,39,0,7.0,0.5;3.7;0.6;0.5;0.3;0.3;49.2;21.6;2.3;1.5;40.7;46.6;0.5;0.3;0.2;0.0;0.0;0.0;0.0;0.0;0.0;0.2;0.3;0.0,37.67,0.09,0.0,1.78,14.905,0.317,1318.0,7128.0,4,16,,,,,,,,,,,,,,,,,,,,,,,,,,,,,,,,,,,,,,,,,,,,,,,,,,,,,,,,,,,,,
32,4,,,,,,,100,78,69,15,237.4,2730,10801,39,0,7.3,0.9;5.1;1.1;1.5;0.3;0.3;62.5;25.0;1.8;4.1;25.2;45.5;0.6;0.9;0.0;0.0;0.0;0.0;0.0;0.0;0.3;0.5;0.2;0.2,37.7,0.09,0.0,3.09,14.905,0.317,3759.0,195.0,4,16,,,,,,,,,,,,,,,,,,,,,,,,,,,,,,,,,,,,,,,,,,,,,,,,,,,,,,,,,,,,,
32,5,,,,,,,100,68,69,16,235.8,2730,10801,39,0,7.3,0.2;6.5;0.9;0.8;0.6;0.2;51.4;33.9;2.0;2.9;33.1;41.7;0.5;0.6;0.0;0.0;0.0;0.0;0.0;0.0;0.0;0.0;0.3;0.3,37.65,0.09,0.0,0.02,14.905,0.317,1708.0,5761.0,4,16,,,,,,,,,,,,,,,,,,,,,,,,,,,,,,,,,,,,,,,,,,,,,,,,,,,,,,,,,,,,,
32,6,,,,,,,100,63,69,15,237.9,2730,10801,38,0,7.8,1.1;8.8;2.1;2.6;1.2;0.2;55.3;24.7;4.3;3.2;28.7;54.5;0.5;0.6;0.0;0.0;0.0;0.0;0.0;0.0;0.0;0.5;0.3;0.0,37.63,0.09,0.0,0.03,14.905,0.317,634.0,1708.0,4,16,,,,,,,,,,,,,,,,,,,,,,,,,,,,,,,,,,,,,,,,,,,,,,,,,,,,,,,,,,,,,
32,7,,,,,,,100,77,70,14,234.9,2730,10801,39,0,8.0,1.4;3.3;4.1;0.9;0.8;0.8;54.8;28.1;6.4;3.3;38.3;46.2;0.8;1.1;0.0;0.0;0.0;0.0;0.0;0.2;0.2;0.0;0.6;0.5,37.68,0.09,0.0,0.02,14.905,0.317,390.0,195.0,4,16,,,,,,,,,,,,,,,,,,,,,,,,,,,,,,,,,,,,,,,,,,,,,,,,,,,,,,,,,,,,,
32,8,,,,,,,100,74,69,20,239.2,2730,10801,39,0,7.9,0.8;3.9;2.4;0.5;0.5;0.8;48.7;23.5;3.3;4.3;31.4;66.2;1.2;1.2;0.0;0.0;0.0;0.2;0.0;0.0;0.0;0.2;0.8;0.3,37.66,0.09,0.0,0.07,14.905,0.317,1269.0,6005.0,4,16,,,,,,,,,,,,,,,,,,,,,,,,,,,,,,,,,,,,,,,,,,,,,,,,,,,,,,,,,,,,,
32,9,,,,,,,98,81,70,14,235.1,2730,10801,39,0,8.4,2.6;4.0;2.4;1.8;0.9;0.5;69.1;32.9;4.8;4.8;40.2;35.1;0.5;0.9;0.0;0.0;0.2;0.2;0.2;0.0;0.3;0.3;0.3;0.0,37.65,0.09,0.0,0.05,14.905,0.317,146.0,21972.0,4,16,,,,,,,,,,,,,,,,,,,,,,,,,,,,,,,,,,,,,,,,,,,,,,,,,,,,,,,,,,,,,
32,10,,,,,,,100,57,72,16,236.9,2730,10801,39,0,8.1,0.8;14.5;1.1;0.5;0.5;0.2;51.9;31.4;3.5;3.3;48.7;34.6;0.9;0.5;0.0;0.0;0.2;0.0;0.0;0.0;0.0;0.0;0.0;0.2,37.68,0.09,0.0,0.02,14.905,0.317,1513.0,5957.0,4,16,,,,,,,,,,,,,,,,,,,,,,,,,,,,,,,,,,,,,,,,,,,,,,,,,,,,,,,,,,,,,
32,11,,,,,,,100,82,68,13,237.6,2730,10801,39,0,5.9,0.9;3.0;1.4;1.2;0.0;0.0;41.9;23.6;1.5;1.1;26.0;39.8;0.3;0.2;0.0;0.2;0.0;0.0;0.0;0.2;0.2;0.3;0.0;0.0,37.68,0.09,0.0,0.03,14.905,0.317,1123.0,488.0,4,16,,,,,,,,,,,,,,,,,,,,,,,,,,,,,,,,,,,,,,,,,,,,,,,,,,,,,,,,,,,,,
32,12,,,,,,,100,50,69,15,236.6,2730,10801,39,0,5.0,0.4;4.0;1.3;0.7;0.6;0.0;15.5;27.7;2.2;0.9;13.6;52.6;0.2;0.0;0.0;0.0;0.0;0.0;0.0;0.0;0.0;0.0;0.4;0.0,37.68,0.09,0.0,0.04,14.905,0.317,781.0,1806.0,4,16,,,,,,,,,,,,,,,,,,,,,,,,,,,,,,,,,,,,,,,,,,,,,,,,,,,,,,,,,,,,,
32,summary,0.4067792363137566,0.9874482458051863,0.3881725447285055,0.989027273048019,0.00100000,137.0,,,,,,,,,,,,,,,,,,,,,,98,99.67,100,50,69.17,82,67,69.33,72,13,15.25,20,119.1,226.89,239.2,2730.0,10801.0,38.8,0,5.0,8.83,25.2,37.63,37.68,37.76,63.16,0.09,0.09,0.09,19.11,0.0,0.0,0.0,0.02,0.64,3.09,11.015,14.588,14.905,14.9,14.905,15.992,0.317,0.32,0.317,146.0,1252.67,3759.0,195.0,4882.25,21972.0,4,4.0,4,16,16.0,16,4,16,2.74,109.54
33,1,,,,,,,100,72,68,17,140.9,2730,10801,39,0,24.4,27.7;28.6;32.9;32.6;30.6;31.2;59.2;59.2;35.8;35.9;61.9;68.1;19.0;17.6;3.1;2.9;9.8;8.2;1.7;1.4;5.0;4.5;4.1;4.4,37.74,0.09,0.0,0.02,14.905,0.317,1074.0,7080.0,4,16,,,,,,,,,,,,,,,,,,,,,,,,,,,,,,,,,,,,,,,,,,,,,,,,,,,,,,,,,,,,,
33,2,,,,,,,98,77,69,15,235.4,2730,10801,39,0,7.4,0.8;4.0;1.8;1.7;0.8;0.5;32.9;30.7;2.7;1.4;56.5;41.4;0.6;0.8;0.0;0.0;0.2;0.0;0.0;0.0;0.0;0.0;0.0;0.3,37.71,0.09,0.0,2.51,14.905,0.317,830.0,195.0,4,16,,,,,,,,,,,,,,,,,,,,,,,,,,,,,,,,,,,,,,,,,,,,,,,,,,,,,,,,,,,,,
33,3,,,,,,,100,63,70,14,238.0,2730,10801,38,0,7.8,0.9;3.4;2.1;0.8;1.1;0.9;52.9;32.2;4.0;3.5;52.2;29.7;0.8;0.5;0.0;0.0;0.0;0.0;0.2;0.2;0.3;0.3;0.5;0.2,37.71,0.09,0.0,1.78,14.905,0.317,1953.0,5664.0,4,16,,,,,,,,,,,,,,,,,,,,,,,,,,,,,,,,,,,,,,,,,,,,,,,,,,,,,,,,,,,,,
33,4,,,,,,,100,84,71,14,237.2,2730,10801,39,0,7.7,1.1;2.8;2.4;1.1;0.6;0.5;45.8;47.7;4.8;3.6;29.1;41.1;0.9;1.2;0.0;0.1;0.3;0.0;0.0;0.0;0.2;1.1;0.0;0.0,37.65,0.09,0.0,3.09,14.905,0.317,634.0,25878.0,4,16,,,,,,,,,,,,,,,,,,,,,,,,,,,,,,,,,,,,,,,,,,,,,,,,,,,,,,,,,,,,,
33,5,,,,,,,100,62,69,17,237.8,2730,10801,39,0,8.4,0.9;9.0;1.2;1.1;0.6;0.2;43.2;35.9;3.6;3.6;45.2;55.8;0.3;0.0;0.2;0.2;0.0;0.0;0.0;0.0;0.0;0.0;0.5;0.2,37.68,0.09,0.01,0.02,14.905,0.317,634.0,1562.0,4,16,,,,,,,,,,,,,,,,,,,,,,,,,,,,,,,,,,,,,,,,,,,,,,,,,,,,,,,,,,,,,
33,6,,,,,,,100,84,71,15,237.8,2730,10801,38,0,7.6,1.8;11.4;1.7;1.4;0.5;0.2;45.4;32.1;3.2;0.9;53.3;29.4;0.6;0.2;0.0;0.0;0.0;0.3;0.0;0.2;0.2;0.0;0.2;0.0,37.67,0.09,0.0,0.04,14.905,0.317,1611.0,1464.0,4,16,,,,,,,,,,,,,,,,,,,,,,,,,,,,,,,,,,,,,,,,,,,,,,,,,,,,,,,,,,,,,
33,7,,,,,,,100,47,69,15,236.5,2730,10801,39,0,7.2,0.9;3.0;0.9;0.6;0.3;0.6;42.6;40.6;2.9;1.4;52.3;26.1;0.5;0.9;0.0;0.0;0.0;0.0;0.0;0.0;0.3;0.0;0.2;0.0,37.64,0.09,0.0,0.03,14.905,0.317,585.0,1513.0,4,16,,,,,,,,,,,,,,,,,,,,,,,,,,,,,,,,,,,,,,,,,,,,,,,,,,,,,,,,,,,,,
33,8,,,,,,,100,75,71,15,238.2,2730,10801,39,0,7.4,0.9;3.0;1.1;0.6;0.5;0.6;43.4;36.7;4.4;2.7;33.8;45.1;0.9;0.9;0.0;0.0;0.2;0.5;0.0;0.0;0.2;0.2;0.9;0.2,37.67,0.09,0.0,0.02,14.905,0.317,1416.0,4687.0,4,16,,,,,,,,,,,,,,,,,,,,,,,,,,,,,,,,,,,,,,,,,,,,,,,,,,,,,,,,,,,,,
33,9,,,,,,,100,55,71,12,236.7,2730,10801,39,0,7.4,2.0;4.9;1.5;2.0;0.9;0.9;59.7;35.6;3.3;2.3;41.4;22.4;0.6;0.2;0.0;0.0;0.0;0.0;0.0;0.0;0.0;0.0;0.3;0.5,37.65,0.09,0.0,0.03,14.905,0.317,1318.0,1611.0,4,16,,,,,,,,,,,,,,,,,,,,,,,,,,,,,,,,,,,,,,,,,,,,,,,,,,,,,,,,,,,,,
33,10,,,,,,,100,84,69,19,238.1,2730,10801,39,0,7.4,1.4;7.9;1.8;1.2;0.2;0.3;29.1;30.2;1.1;2.1;51.4;50.2;0.3;0.9;0.0;0.0;0.0;0.0;0.0;0.0;0.0;0.0;0.3;0.0,37.65,0.09,0.0,0.02,14.905,0.317,2148.0,5712.0,4,16,,,,,,,,,,,,,,,,,,,,,,,,,,,,,,,,,,,,,,,,,,,,,,,,,,,,,,,,,,,,,
33,11,,,,,,,100,78,71,16,236.8,2730,10801,39,0,6.0,0.8;8.3;1.1;1.2;0.5;0.3;41.2;33.5;2.4;2.1;28.2;23.6;0.5;0.3;0.2;0.0;0.0;0.0;0.2;0.0;0.0;0.0;0.0;0.0,37.65,0.09,0.0,0.03,14.905,0.317,390.0,537.0,4,16,,,,,,,,,,,,,,,,,,,,,,,,,,,,,,,,,,,,,,,,,,,,,,,,,,,,,,,,,,,,,
33,12,,,,,,,100,81,70,18,238.5,2730,10801,39,0,5.3,0.2;1.5;1.1;0.4;1.1;0.4;32.5;27.6;2.8;1.1;25.4;30.9;0.4;0.4;0.7;0.0;0.2;0.0;0.0;0.0;0.0;0.0;1.1;0.0,37.65,0.09,0.0,0.05,14.905,0.317,146.0,1513.0,4,16,,,,,,,,,,,,,,,,,,,,,,,,,,,,,,,,,,,,,,,,,,,,,,,,,,,,,,,,,,,,,
33,summary,0.40728619127665,0.9871867509261277,0.38819357000565524,0.9890978372084818,0.00100000,137.0,,,,,,,,,,,,,,,,,,,,,,98,99.83,100,47,71.83,84,68,69.92,71,12,15.58,19,140.9,229.33,238.5,2730.0,10801.0,38.8,0,5.3,8.67,24.4,37.64,37.67,37.74,63.16,0.09,0.09,0.09,19.11,0.0,0.0,0.01,0.02,0.64,3.09,11.015,14.588,14.905,14.9,14.905,15.992,0.317,0.32,0.317,146.0,1061.58,2148.0,195.0,4784.67,25878.0,4,4.0,4,16,16.0,16,4,16,2.56,109.56
34,1,,,,,,,100,52,66,17,113.1,2730,10801,39,0,24.5,27.1;30.6;34.6;33.5;32.0;31.7;64.3;61.7;35.4;35.3;54.6;69.1;19.0;19.0;3.0;2.8;6.7;7.6;1.6;1.4;4.2;4.7;3.1;4.2,37.76,0.09,0.0,0.02,14.905,0.317,1123.0,5859.0,4,16,,,,,,,,,,,,,,,,,,,,,,,,,,,,,,,,,,,,,,,,,,,,,,,,,,,,,,,,,,,,,
34,2,,,,,,,100,68,70,15,237.2,2730,10801,39,0,7.1,0.8;4.0;0.5;0.5;0.5;0.3;53.0;35.5;1.2;2.3;37.3;31.9;1.1;0.8;0.0;0.0;0.2;0.0;0.0;0.0;0.2;0.0;0.2;0.0,37.72,0.09,0.0,2.52,14.905,0.317,878.0,195.0,4,16,,,,,,,,,,,,,,,,,,,,,,,,,,,,,,,,,,,,,,,,,,,,,,,,,,,,,,,,,,,,,
34,3,,,,,,,100,71,71,14,237.4,2730,10801,39,0,7.4,1.4;5.4;2.1;1.7;0.5;0.5;62.1;37.6;2.0;1.4;22.0;37.1;0.5;0.3;0.0;0.0;0.0;0.2;0.0;0.2;1.1;0.6;0.2;0.0,37.7,0.09,0.0,1.79,14.905,0.317,2197.0,6884.0,4,16,,,,,,,,,,,,,,,,,,,,,,,,,,,,,,,,,,,,,,,,,,,,,,,,,,,,,,,,,,,,,
34,4,,,,,,,100,82,67,15,238.4,2730,10801,39,0,7.5,2.0;5.6;2.1;1.5;0.8;0.3;47.5;32.6;3.0;2.7;32.2;47.5;0.8;0.5;0.0;0.0;0.0;0.0;0.0;0.0;0.0;0.3;0.2;0.0,37.66,0.09,0.0,3.07,14.905,0.317,146.0,1855.0,4,16,,,,,,,,,,,,,,,,,,,,,,,,,,,,,,,,,,,,,,,,,,,,,,,,,,,,,,,,,,,,,
34,5,,,,,,,98,79,69,13,235.1,2730,10801,39,0,7.3,0.8;5.9;0.8;1.2;0.8;0.5;43.2;40.4;2.6;2.4;35.3;39.0;0.5;0.8;0.2;0.0;0.0;0.2;0.2;0.0;0.3;0.2;0.3;0.2,37.68,0.09,0.0,0.03,14.905,0.317,1416.0,1806.0,4,16,,,,,,,,,,,,,,,,,,,,,,,,,,,,,,,,,,,,,,,,,,,,,,,,,,,,,,,,,,,,,
34,6,,,,,,,100,73,69,21,238.3,2730,10801,39,0,7.3,0.8;7.5;0.3;1.4;0.6;0.0;47.5;20.5;1.8;3.2;47.0;44.0;0.8;0.5;0.0;0.0;0.0;0.0;0.0;0.0;0.0;0.3;0.0;0.0,37.7,0.09,0.0,0.02,14.905,0.317,390.0,292.0,4,16,,,,,,,,,,,,,,,,,,,,,,,,,,,,,,,,,,,,,,,,,,,,,,,,,,,,,,,,,,,,,
34,7,,,,,,,98,76,69,15,234.4,2730,10801,39,0,8.0,1.2;6.9;2.3;2.0;0.9;0.9;38.3;39.7;4.8;5.2;32.8;54.0;0.9;1.1;0.0;0.0;0.0;0.2;0.0;0.0;0.0;0.0;0.0;0.2,37.69,0.09,0.0,0.02,14.905,0.317,146.0,128369.0,4,16,,,,,,,,,,,,,,,,,,,,,,,,,,,,,,,,,,,,,,,,,,,,,,,,,,,,,,,,,,,,,
34,8,,,,,,,100,59,70,15,237.5,2730,10801,39,0,8.1,1.2;5.5;2.4;2.6;0.3;0.3;63.4;34.9;3.2;4.0;37.7;36.0;0.5;0.6;0.0;0.2;0.2;0.2;0.2;0.0;0.3;0.2;0.3;0.0,37.67,0.09,0.0,0.05,14.905,0.317,634.0,5957.0,4,16,,,,,,,,,,,,,,,,,,,,,,,,,,,,,,,,,,,,,,,,,,,,,,,,,,,,,,,,,,,,,
34,9,,,,,,,100,77,68,16,236.7,2730,10801,39,0,8.0,1.1;2.4;2.1;2.3;0.6;0.2;42.4;36.2;4.3;3.6;46.9;45.2;0.5;0.8;0.0;0.2;0.3;0.0;0.0;0.0;0.0;0.0;2.3;0.5,37.68,0.09,0.0,0.03,14.905,0.317,1513.0,1904.0,4,16,,,,,,,,,,,,,,,,,,,,,,,,,,,,,,,,,,,,,,,,,,,,,,,,,,,,,,,,,,,,,
34,10,,,,,,,100,48,69,15,237.4,2730,10801,39,0,8.5,0.5;14.4;0.9;1.7;0.3;0.0;43.4;45.6;3.2;5.2;50.2;36.0;0.5;0.9;0.0;0.0;0.0;0.0;0.0;0.0;0.2;0.0;0.3;0.0,37.65,0.09,0.0,0.03,14.905,0.317,1074.0,5957.0,4,16,,,,,,,,,,,,,,,,,,,,,,,,,,,,,,,,,,,,,,,,,,,,,,,,,,,,,,,,,,,,,
34,11,,,,,,,100,75,69,12,237.2,2730,10801,39,0,5.9,0.3;3.6;1.1;1.8;0.2;0.3;56.6;23.3;1.1;1.1;36.7;12.2;0.3;0.3;0.0;0.0;0.0;0.0;0.2;0.0;0.5;1.1;0.2;0.0,37.69,0.09,0.0,0.03,14.905,0.317,1513.0,1953.0,4,16,,,,,,,,,,,,,,,,,,,,,,,,,,,,,,,,,,,,,,,,,,,,,,,,,,,,,,,,,,,,,
34,12,,,,,,,100,53,70,14,236.3,2730,10801,39,0,5.1,0.6;2.6;1.1;0.7;0.6;0.4;21.4;42.5;1.3;1.7;43.5;4.9;0.6;0.4;0.0;0.0;0.0;0.0;0.0;0.0;0.4;0.4;0.4;0.0,37.68,0.09,0.0,0.02,14.905,0.317,1464.0,292.0,4,16,,,,,,,,,,,,,,,,,,,,,,,,,,,,,,,,,,,,,,,,,,,,,,,,,,,,,,,,,,,,,
34,summary,0.4062908368480943,0.9875354107648725,0.38816228194659536,0.9889214268073245,0.00100000,137.0,,,,,,,,,,,,,,,,,,,,,,98,99.67,100,48,67.75,82,66,68.92,71,12,15.17,21,113.1,226.58,238.4,2730.0,10801.0,39.0,0,5.1,8.72,24.5,37.65,37.69,37.76,63.16,0.09,0.09,0.09,19.11,0.0,0.0,0.0,0.02,0.64,3.07,11.015,14.588,14.905,14.9,14.905,15.992,0.317,0.32,0.317,146.0,1041.17,2197.0,195.0,13443.58,128369.0,4,4.0,4,16,16.0,16,4,16,2.61,109.53
35,1,,,,,,,0,1,58,20,109.6,2745,10801,39,0,24.2,23.7;28.0;33.3;33.1;31.6;32.1;56.7;72.7;35.7;34.9;62.2;58.0;19.3;20.0;2.7;2.4;7.6;7.0;1.6;1.7;4.9;5.0;3.1;4.0,37.78,0.09,0.0,0.02,14.905,0.317,1708.0,4736.0,4,16,,,,,,,,,,,,,,,,,,,,,,,,,,,,,,,,,,,,,,,,,,,,,,,,,,,,,,,,,,,,,
35,2,,,,,,,100,55,71,16,237.4,2730,10801,38,0,7.8,1.1;5.6;3.2;2.1;0.9;0.9;44.8;31.4;5.2;2.9;34.7;53.1;0.3;0.5;0.0;0.0;0.2;0.0;0.0;0.2;0.0;0.0;0.8;0.2,37.78,0.09,0.0,2.48,14.905,0.317,146.0,1562.0,4,16,,,,,,,,,,,,,,,,,,,,,,,,,,,,,,,,,,,,,,,,,,,,,,,,,,,,,,,,,,,,,
35,3,,,,,,,98,78,70,15,237.3,2730,10801,39,0,8.3,1.5;4.3;3.3;2.4;0.3;1.5;54.8;30.6;6.8;4.7;35.6;48.9;0.8;0.6;0.2;0.3;0.3;0.3;0.2;0.0;0.0;0.0;0.2;0.0,37.71,0.09,0.0,1.82,14.905,0.317,2539.0,5468.0,4,16,,,,,,,,,,,,,,,,,,,,,,,,,,,,,,,,,,,,,,,,,,,,,,,,,,,,,,,,,,,,,
35,4,,,,,,,100,51,72,16,238.5,2730,10801,38,0,7.8,1.1;3.0;3.2;1.7;0.3;0.6;55.7;26.4;2.6;2.9;31.6;56.2;0.6;0.3;0.0;0.0;0.2;0.0;0.0;0.0;0.0;0.0;0.3;0.3,37.69,0.09,0.0,3.06,14.905,0.317,634.0,1660.0,4,16,,,,,,,,,,,,,,,,,,,,,,,,,,,,,,,,,,,,,,,,,,,,,,,,,,,,,,,,,,,,,
35,5,,,,,,,82,67,70,12,233.9,2730,10801,39,0,7.9,0.6;3.7;1.1;1.5;0.6;0.6;65.7;25.1;4.4;3.6;24.0;56.1;1.2;1.2;0.0;0.0;0.2;0.0;0.0;0.0;0.2;0.0;0.2;0.0,37.7,0.09,0.0,0.04,14.905,0.317,1123.0,4199.0,4,16,,,,,,,,,,,,,,,,,,,,,,,,,,,,,,,,,,,,,,,,,,,,,,,,,,,,,,,,,,,,,
35,6,,,,,,,100,61,71,20,237.5,2730,10801,39,0,8.6,1.5;15.1;3.0;2.0;0.3;0.5;58.7;40.6;2.0;3.6;31.4;45.1;0.6;0.5;0.0;0.0;0.0;0.0;0.0;0.2;0.2;0.2;0.6;0.6,37.67,0.09,0.0,0.02,14.905,0.317,878.0,1562.0,4,16,,,,,,,,,,,,,,,,,,,,,,,,,,,,,,,,,,,,,,,,,,,,,,,,,,,,,,,,,,,,,
35,7,,,,,,,100,72,72,14,237.0,2730,10801,39,0,7.1,0.6;4.3;1.1;0.3;0.3;0.6;47.5;23.6;0.9;2.6;27.9;58.4;0.6;0.2;0.2;0.0;0.0;0.0;0.0;0.0;0.0;0.2;0.3;0.2,37.7,0.09,0.0,0.04,14.905,0.317,585.0,195.0,4,16,,,,,,,,,,,,,,,,,,,,,,,,,,,,,,,,,,,,,,,,,,,,,,,,,,,,,,,,,,,,,
35,8,,,,,,,98,79,68,12,237.9,2730,10801,39,0,7.4,1.5;5.1;2.1;1.5;0.2;0.2;65.1;22.5;1.4;2.3;35.7;38.2;0.9;0.5;0.0;0.2;0.0;0.0;0.0;0.0;0.5;0.6;0.0;0.2,37.7,0.09,0.0,0.03,14.905,0.317,1074.0,4833.0,4,16,,,,,,,,,,,,,,,,,,,,,,,,,,,,,,,,,,,,,,,,,,,,,,,,,,,,,,,,,,,,,
35,9,,,,,,,100,64,72,14,238.0,2730,10801,39,0,7.5,1.1;3.6;1.5;1.5;1.2;0.3;44.8;14.0;2.6;2.1;28.1;73.1;0.9;0.3;0.2;0.3;0.6;0.0;0.2;0.0;0.9;0.9;0.9;0.3,37.69,0.09,0.0,0.02,14.905,0.317,1464.0,292.0,4,16,,,,,,,,,,,,,,,,,,,,,,,,,,,,,,,,,,,,,,,,,,,,,,,,,,,,,,,,,,,,,
35,10,,,,,,,98,79,70,13,236.2,2730,10801,39,0,7.2,0.3;3.7;1.4;0.9;0.6;0.8;43.7;29.4;2.4;2.9;48.9;35.1;0.9;0.9;0.0;0.0;0.2;0.0;0.0;0.0;0.1;0.0;0.2;0.2,37.69,0.09,0.0,0.04,14.905,0.317,6542.0,6787.0,4,16,,,,,,,,,,,,,,,,,,,,,,,,,,,,,,,,,,,,,,,,,,,,,,,,,,,,,,,,,,,,,
35,11,,,,,,,100,47,70,16,236.9,2730,10801,39,0,6.1,1.4;10.2;2.1;0.8;0.6;0.5;45.8;26.8;1.1;2.9;15.9;37.6;0.5;0.5;0.0;0.0;0.0;0.0;0.0;0.0;0.0;0.2;0.0;0.0,37.67,0.09,0.0,0.03,14.905,0.317,585.0,1660.0,4,16,,,,,,,,,,,,,,,,,,,,,,,,,,,,,,,,,,,,,,,,,,,,,,,,,,,,,,,,,,,,,
35,12,,,,,,,98,80,70,19,236.1,2730,10801,39,0,5.3,0.4;4.0;0.6;1.1;0.2;1.1;34.5;30.1;2.0;1.9;22.1;27.5;0.2;0.2;0.0;0.0;0.0;0.0;0.4;0.0;0.0;0.0;0.0;0.2,37.67,0.09,0.0,0.02,14.905,0.317,1513.0,1464.0,4,16,,,,,,,,,,,,,,,,,,,,,,,,,,,,,,,,,,,,,,,,,,,,,,,,,,,,,,,,,,,,,
35,summary,0.4063279481446339,0.9871182641720886,0.38788446350490996,0.9890625551282504,0.00100000,137.0,,,,,,,,,,,,,,,,,,,,,,0,89.5,100,1,61.17,80,58,69.5,72,12,15.58,20,109.6,226.36,238.5,2731.2,10801.0,38.8,0,5.3,8.77,24.2,37.67,37.7,37.78,63.16,0.09,0.09,0.09,19.11,0.0,0.0,0.0,0.02,0.64,3.06,11.015,14.588,14.905,14.9,14.905,15.992,0.317,0.32,0.317,146.0,1565.92,6542.0,195.0,2868.17,6787.0,4,4.0,4,16,16.0,16,4,16,2.78,109.56
36,1,,,,,,,100,70,69,16,129.6,2745,10801,39,0,24.9,25.5;29.9;32.9;33.4;33.4;31.8;62.8;66.4;34.4;36.3;65.4;56.0;18.4;21.9;4.3;4.3;8.5;8.9;1.5;1.9;5.1;5.3;4.1;4.5,37.73,0.09,0.0,0.02,14.905,0.317,1562.0,10351.0,4,16,,,,,,,,,,,,,,,,,,,,,,,,,,,,,,,,,,,,,,,,,,,,,,,,,,,,,,,,,,,,,
36,2,,,,,,,100,75,69,15,236.3,2730,10801,39,0,8.3,1.4;14.7;1.2;2.1;0.8;0.5;48.9;51.4;2.0;3.8;24.5;41.3;0.6;0.6;0.0;0.2;0.3;0.2;0.3;0.2;0.8;1.1;0.5;0.3,37.71,0.09,0.0,2.58,14.905,0.317,1269.0,1464.0,4,16,,,,,,,,,,,,,,,,,,,,,,,,,,,,,,,,,,,,,,,,,,,,,,,,,,,,,,,,,,,,,
36,3,,,,,,,98,81,69,15,236.1,2730,10801,39,0,7.4,0.3;3.6;1.4;0.8;0.0;0.8;34.9;39.9;1.1;3.0;34.6;52.6;0.8;0.9;0.3;0.0;0.0;0.3;0.3;0.0;0.2;0.2;0.8;1.2,37.72,0.09,0.0,1.77,14.905,0.317,2197.0,5517.0,4,16,,,,,,,,,,,,,,,,,,,,,,,,,,,,,,,,,,,,,,,,,,,,,,,,,,,,,,,,,,,,,
36,4,,,,,,,100,55,69,17,237.3,2730,10801,38,0,7.3,0.2;3.6;0.9;0.6;0.6;0.9;40.7;39.0;1.2;2.7;32.2;49.3;0.8;0.6;0.0;0.0;0.0;0.0;0.2;0.0;0.9;0.3;0.0;0.0,37.64,0.09,0.0,3.08,14.905,0.317,1025.0,439.0,4,16,,,,,,,,,,,,,,,,,,,,,,,,,,,,,,,,,,,,,,,,,,,,,,,,,,,,,,,,,,,,,
36,5,,,,,,,100,85,70,13,236.1,2730,10801,39,0,7.2,1.1;2.4;1.5;0.9;0.8;0.5;52.9;30.3;2.6;4.1;33.7;40.3;0.5;0.6;0.0;0.0;0.2;0.0;0.3;0.0;0.2;0.5;0.0;0.3,37.65,0.09,0.0,0.03,14.905,0.317,1074.0,4492.0,4,16,,,,,,,,,,,,,,,,,,,,,,,,,,,,,,,,,,,,,,,,,,,,,,,,,,,,,,,,,,,,,
36,6,,,,,,,100,52,71,15,239.0,2730,10801,39,0,7.3,0.9;3.9;0.9;1.1;0.3;0.6;44.0;33.6;2.7;5.9;29.6;49.8;0.9;0.3;0.3;0.0;0.0;0.0;0.0;0.3;0.2;0.6;0.0;0.2,37.68,0.09,0.0,0.04,14.905,0.317,341.0,537.0,4,16,,,,,,,,,,,,,,,,,,,,,,,,,,,,,,,,,,,,,,,,,,,,,,,,,,,,,,,,,,,,,
36,7,,,,,,,100,74,69,15,236.6,2730,10801,39,0,7.7,1.4;9.3;1.8;2.0;0.3;0.3;39.8;44.0;1.4;3.3;29.6;46.4;0.5;0.5;0.0;0.0;0.2;0.2;0.0;0.0;0.0;0.2;1.5;0.8,37.65,0.09,0.0,0.02,14.905,0.317,1464.0,1562.0,4,16,,,,,,,,,,,,,,,,,,,,,,,,,,,,,,,,,,,,,,,,,,,,,,,,,,,,,,,,,,,,,
36,8,,,,,,,100,66,72,13,237.4,2730,10801,39,0,7.4,1.7;3.4;1.4;1.2;0.8;1.7;40.2;33.0;1.5;5.6;36.0;49.8;0.6;0.2;0.0;0.0;0.3;0.0;0.2;0.0;0.6;0.0;0.0;0.0,37.67,0.09,0.0,0.03,14.905,0.317,1025.0,8886.0,4,16,,,,,,,,,,,,,,,,,,,,,,,,,,,,,,,,,,,,,,,,,,,,,,,,,,,,,,,,,,,,,
36,9,,,,,,,100,58,69,19,236.8,2730,10801,39,0,7.6,1.1;2.4;0.9;0.8;0.6;0.5;40.1;33.1;3.2;4.6;30.0;59.9;0.8;0.9;0.2;0.2;0.2;0.3;0.3;0.3;0.2;0.3;0.8;0.2,37.66,0.09,0.0,0.02,14.905,0.317,585.0,1562.0,4,16,,,,,,,,,,,,,,,,,,,,,,,,,,,,,,,,,,,,,,,,,,,,,,,,,,,,,,,,,,,,,
36,10,,,,,,,98,79,71,15,237.8,2730,10801,39,0,8.0,1.7;2.0;2.4;1.5;0.6;0.8;45.1;40.9;2.6;5.3;23.5;62.6;0.8;0.6;0.0;0.0;0.0;0.2;0.2;0.0;0.2;0.3;0.6;0.2,37.65,0.09,0.0,0.03,14.905,0.317,2001.0,6884.0,4,16,,,,,,,,,,,,,,,,,,,,,,,,,,,,,,,,,,,,,,,,,,,,,,,,,,,,,,,,,,,,,
36,11,,,,,,,100,70,71,14,238.6,2730,10801,39,0,6.7,0.3;14.2;0.6;0.8;0.2;0.2;18.0;35.2;2.7;2.7;32.2;53.5;0.2;0.3;0.0;0.0;0.0;0.0;0.0;0.0;0.2;0.0;0.0;0.0,37.63,0.09,0.0,0.03,14.905,0.317,146.0,1953.0,4,16,,,,,,,,,,,,,,,,,,,,,,,,,,,,,,,,,,,,,,,,,,,,,,,,,,,,,,,,,,,,,
36,12,,,,,,,99,81,70,14,236.5,2730,10801,39,0,5.2,1.3;2.4;1.9;1.9;0.6;0.9;17.8;34.1;1.5;1.7;28.8;31.8;0.0;0.2;0.2;0.0;0.2;0.0;0.0;0.0;0.0;0.0;0.2;0.2,37.63,0.09,0.0,0.03,14.905,0.317,2441.0,195.0,4,16,,,,,,,,,,,,,,,,,,,,,,,,,,,,,,,,,,,,,,,,,,,,,,,,,,,,,,,,,,,,,
36,summary,0.4048907805004226,0.9879152009463624,0.3878851500623872,0.989027273048019,0.00100000,136.9,,,,,,,,,,,,,,,,,,,,,,98,99.58,100,52,70.5,85,69,69.92,72,13,15.08,19,129.6,228.17,239.0,2731.2,10801.0,38.9,0,5.2,8.75,24.9,37.63,37.67,37.73,63.16,0.09,0.09,0.09,19.11,0.0,0.0,0.0,0.02,0.64,3.08,11.015,14.588,14.905,14.9,14.905,15.992,0.317,0.32,0.317,146.0,1260.83,2441.0,195.0,3653.5,10351.0,4,4.0,4,16,16.0,16,4,16,2.59,109.51
37,1,,,,,,,100,47,66,17,132.9,2730,10801,39,0,24.6,25.3;30.2;33.8;33.2;31.2;32.5;62.8;62.5;33.7;36.4;58.6;66.4;16.7;18.1;3.2;3.4;10.3;9.4;2.0;1.3;4.8;6.3;3.5;4.4,37.75,0.09,0.0,0.02,14.905,0.317,1074.0,7080.0,4,16,,,,,,,,,,,,,,,,,,,,,,,,,,,,,,,,,,,,,,,,,,,,,,,,,,,,,,,,,,,,,
37,2,,,,,,,93,76,69,13,235.9,2730,10801,38,0,7.2,0.8;4.5;1.4;0.5;0.6;0.5;34.8;33.2;2.0;1.5;39.4;51.7;0.8;0.8;0.0;0.0;0.0;0.0;0.0;0.0;0.0;0.0;0.3;0.0,37.67,0.09,0.0,2.48,14.905,0.317,830.0,195.0,4,16,,,,,,,,,,,,,,,,,,,,,,,,,,,,,,,,,,,,,,,,,,,,,,,,,,,,,,,,,,,,,
37,3,,,,,,,100,62,69,16,237.6,2730,10801,39,0,7.7,1.1;5.6;2.7;1.2;0.6;0.3;39.9;30.1;4.4;2.7;34.2;59.4;0.6;0.3;0.0;0.0;0.0;0.0;0.0;0.0;0.0;0.0;0.2;0.2,37.69,0.09,0.0,1.78,14.905,0.317,1953.0,5615.0,4,16,,,,,,,,,,,,,,,,,,,,,,,,,,,,,,,,,,,,,,,,,,,,,,,,,,,,,,,,,,,,,
37,4,,,,,,,100,87,69,15,238.0,2730,10801,39,0,8.1,1.2;4.3;2.6;1.5;0.8;0.3;24.9;56.3;5.0;4.1;40.7;48.0;0.5;0.6;0.6;0.5;0.0;0.2;0.0;0.0;0.9;1.2;0.0;0.0,37.65,0.09,0.0,3.09,14.905,0.317,195.0,1806.0,4,16,,,,,,,,,,,,,,,,,,,,,,,,,,,,,,,,,,,,,,,,,,,,,,,,,,,,,,,,,,,,,
37,5,,,,,,,100,77,70,12,236.6,2730,10801,39,0,8.2,1.5;3.9;2.0;1.8;1.2;1.2;40.4;43.4;5.4;3.9;37.7;52.1;0.8;0.6;0.0;0.1;0.3;0.3;0.1;0.1;0.4;0.6;0.3;0.0,37.62,0.09,0.0,0.02,14.905,0.317,18115.0,1611.0,4,16,,,,,,,,,,,,,,,,,,,,,,,,,,,,,,,,,,,,,,,,,,,,,,,,,,,,,,,,,,,,,
37,6,,,,,,,100,63,72,14,238.4,2730,10801,39,0,8.6,1.4;7.8;2.3;2.1;1.2;1.2;27.5;49.3;5.2;4.3;44.7;56.8;0.6;0.6;0.0;0.0;0.2;0.0;0.0;0.0;0.0;0.3;0.2;0.2,37.68,0.09,0.0,0.03,14.905,0.317,1269.0,1611.0,4,16,,,,,,,,,,,,,,,,,,,,,,,,,,,,,,,,,,,,,,,,,,,,,,,,,,,,,,,,,,,,,
37,7,,,,,,,100,86,72,16,236.6,2730,10801,39,0,7.6,0.3;12.6;1.4;1.2;0.6;0.2;37.3;53.0;2.0;2.7;32.6;36.7;0.9;0.5;0.0;0.0;0.0;0.0;0.0;0.0;0.2;0.3;0.2;0.0,37.67,0.09,0.0,0.06,14.905,0.317,390.0,292.0,4,16,,,,,,,,,,,,,,,,,,,,,,,,,,,,,,,,,,,,,,,,,,,,,,,,,,,,,,,,,,,,,
37,8,,,,,,,100,50,72,12,237.8,2730,10801,39,0,7.1,0.8;2.7;2.0;0.6;0.5;0.3;37.2;31.6;2.6;2.9;39.0;47.3;0.5;0.5;0.0;0.0;0.2;0.0;0.2;0.0;0.0;0.0;0.6;0.0,37.64,0.09,0.0,0.03,14.905,0.317,1269.0,6201.0,4,16,,,,,,,,,,,,,,,,,,,,,,,,,,,,,,,,,,,,,,,,,,,,,,,,,,,,,,,,,,,,,
37,9,,,,,,,97,80,70,20,236.0,2730,10801,39,0,7.0,0.3;3.1;1.4;0.3;0.3;0.2;55.0;25.7;2.1;2.0;25.2;52.0;0.5;0.6;0.2;0.0;0.0;0.0;0.2;0.0;0.0;0.0;0.0;0.0,37.68,0.09,0.0,0.04,14.905,0.317,1464.0,195.0,4,16,,,,,,,,,,,,,,,,,,,,,,,,,,,,,,,,,,,,,,,,,,,,,,,,,,,,,,,,,,,,,
37,10,,,,,,,100,69,71,16,237.4,2730,10801,39,0,7.3,0.9;4.6;1.2;0.6;0.6;0.2;52.8;34.7;2.1;1.8;39.8;33.8;0.5;0.5;0.0;0.0;0.2;0.0;0.0;0.0;0.0;0.0;0.0;0.0,37.68,0.09,0.01,0.02,14.905,0.317,1708.0,11376.0,4,16,,,,,,,,,,,,,,,,,,,,,,,,,,,,,,,,,,,,,,,,,,,,,,,,,,,,,,,,,,,,,
37,11,,,,,,,100,83,69,15,239.2,2730,10801,39,0,6.6,2.0;12.0;2.9;1.2;1.2;0.3;39.7;16.1;1.8;2.3;21.4;53.6;0.5;0.5;0.3;0.3;0.0;0.0;0.3;0.0;0.3;0.2;0.6;0.0,37.63,0.09,0.0,0.02,14.905,0.317,146.0,1904.0,4,16,,,,,,,,,,,,,,,,,,,,,,,,,,,,,,,,,,,,,,,,,,,,,,,,,,,,,,,,,,,,,
37,12,,,,,,,100,77,73,15,236.5,2730,10801,39,0,5.5,0.4;7.1;1.3;0.9;0.2;0.0;42.9;30.0;3.6;1.7;23.2;19.2;0.6;0.4;0.0;0.0;0.2;0.2;0.0;0.0;0.0;0.0;0.0;0.0,37.65,0.09,0.0,0.03,14.905,0.317,1269.0,585.0,4,16,,,,,,,,,,,,,,,,,,,,,,,,,,,,,,,,,,,,,,,,,,,,,,,,,,,,,,,,,,,,,
37,summary,0.40445330732619783,0.9880708526600878,0.3885978050263142,0.9888861447270931,0.00100000,136.9,,,,,,,,,,,,,,,,,,,,,,93,99.17,100,47,71.42,87,66,70.17,73,12,15.08,20,132.9,228.58,239.2,2730.0,10801.0,38.9,0,5.5,8.79,24.6,37.62,37.67,37.75,63.16,0.09,0.09,0.09,19.11,0.0,0.0,0.01,0.02,0.64,3.09,11.015,14.588,14.905,14.9,14.905,15.992,0.317,0.32,0.317,146.0,2473.5,18115.0,195.0,3205.92,11376.0,4,4.0,4,16,16.0,16,4,16,2.55,109.55
38,1,,,,,,,100,60,67,15,143.2,2730,10801,39,0,25.2,27.0;31.3;33.5;32.8;32.0;33.4;68.8;70.4;36.9;37.3;62.8;52.4;18.5;18.7;2.7;4.1;8.8;8.8;2.2;1.9;5.8;6.2;3.7;3.5,37.72,0.09,0.0,0.02,14.905,0.317,1025.0,45263.0,4,16,,,,,,,,,,,,,,,,,,,,,,,,,,,,,,,,,,,,,,,,,,,,,,,,,,,,,,,,,,,,,
38,2,,,,,,,100,75,68,18,235.8,2730,10801,39,0,9.0,1.2;15.6;1.8;2.4;1.4;0.8;47.2;40.4;7.7;5.6;40.5;48.4;0.9;0.6;0.2;0.0;0.3;0.2;0.0;0.0;0.0;0.0;0.0;0.0,37.75,0.09,0.0,2.51,14.905,0.317,2978.0,1513.0,4,16,,,,,,,,,,,,,,,,,,,,,,,,,,,,,,,,,,,,,,,,,,,,,,,,,,,,,,,,,,,,,
38,3,,,,,,,100,63,71,15,236.5,2730,10801,39,0,7.2,0.8;2.4;1.4;0.8;0.5;0.2;39.3;38.8;2.3;2.3;26.3;56.4;0.6;0.8;0.2;0.0;0.2;0.0;0.0;0.0;0.5;0.0;0.0;0.0,37.7,0.09,0.0,1.79,14.905,0.317,2148.0,5615.0,4,16,,,,,,,,,,,,,,,,,,,,,,,,,,,,,,,,,,,,,,,,,,,,,,,,,,,,,,,,,,,,,
38,4,,,,,,,100,62,69,14,236.6,2730,10801,39,0,7.6,1.7;4.3;1.4;1.8;1.1;1.2;55.3;19.9;2.9;3.3;37.0;47.0;1.4;1.7;0.0;0.2;0.6;0.3;0.0;0.2;0.3;1.1;0.2;0.0,37.68,0.09,0.0,3.09,14.905,0.317,1464.0,1074.0,4,16,,,,,,,,,,,,,,,,,,,,,,,,,,,,,,,,,,,,,,,,,,,,,,,,,,,,,,,,,,,,,
38,5,,,,,,,98,79,70,14,235.5,2730,10801,39,0,7.0,0.5;3.3;0.6;0.8;0.2;0.5;11.4;42.1;2.1;1.7;31.6;71.5;0.8;0.5;0.0;0.0;0.2;0.2;0.0;0.0;0.0;0.0;0.0;0.0,37.71,0.09,0.0,0.02,14.905,0.317,1660.0,1806.0,4,16,,,,,,,,,,,,,,,,,,,,,,,,,,,,,,,,,,,,,,,,,,,,,,,,,,,,,,,,,,,,,
38,6,,,,,,,100,75,70,12,239.5,2730,10801,39,0,7.7,1.7;3.5;2.4;2.1;1.2;1.7;29.2;50.3;2.9;4.3;18.2;64.2;0.9;0.5;0.0;0.0;0.0;0.0;0.0;0.0;0.5;0.2;0.5;0.5,37.67,0.09,0.0,0.04,14.905,0.317,390.0,21923.0,4,16,,,,,,,,,,,,,,,,,,,,,,,,,,,,,,,,,,,,,,,,,,,,,,,,,,,,,,,,,,,,,
38,7,,,,,,,98,81,70,19,235.7,2730,10801,39,0,7.2,0.6;4.6;1.5;1.1;0.3;0.3;31.5;38.6;1.2;1.8;30.7;58.2;0.6;0.5;0.0;0.0;0.0;0.0;0.0;0.0;0.0;0.0;0.9;0.3,37.64,0.09,0.0,0.04,14.905,0.317,390.0,1708.0,4,16,,,,,,,,,,,,,,,,,,,,,,,,,,,,,,,,,,,,,,,,,,,,,,,,,,,,,,,,,,,,,
38,8,,,,,,,100,55,73,14,238.2,2730,10801,39,0,7.1,0.8;4.2;1.1;1.5;0.3;0.2;29.4;33.9;1.7;2.9;30.5;62.9;0.3;0.6;0.0;0.0;0.2;0.0;0.0;0.0;0.0;0.2;0.2;0.0,37.66,0.09,0.0,0.03,14.905,0.317,781.0,4736.0,4,16,,,,,,,,,,,,,,,,,,,,,,,,,,,,,,,,,,,,,,,,,,,,,,,,,,,,,,,,,,,,,
38,9,,,,,,,100,86,69,14,236.7,2730,10801,39,0,7.8,0.6;4.2;0.8;2.4;0.3;1.1;42.9;32.9;2.6;4.7;34.2;55.0;0.5;0.8;0.0;0.2;0.0;0.3;0.0;0.0;0.5;0.3;1.5;0.8,37.64,0.09,0.0,0.04,14.905,0.317,683.0,1611.0,4,16,,,,,,,,,,,,,,,,,,,,,,,,,,,,,,,,,,,,,,,,,,,,,,,,,,,,,,,,,,,,,
38,10,,,,,,,100,47,71,12,238.1,2730,10801,39,0,7.9,1.2;2.6;1.7;1.7;1.7;0.5;39.4;41.6;5.0;6.5;38.6;46.0;0.6;0.5;0.0;0.2;0.2;0.0;0.0;0.0;0.0;0.2;0.3;0.2,37.67,0.09,0.0,0.05,14.905,0.317,1074.0,5908.0,4,16,,,,,,,,,,,,,,,,,,,,,,,,,,,,,,,,,,,,,,,,,,,,,,,,,,,,,,,,,,,,,
38,11,,,,,,,99,81,70,14,237.1,2730,10801,39,0,7.3,0.3;11.3;2.1;1.7;0.6;1.4;32.2;35.2;4.2;4.2;25.8;53.4;0.5;0.8;0.0;0.2;0.0;0.2;0.0;0.2;0.0;0.2;0.3;0.0,37.67,0.09,0.0,0.04,14.905,0.317,2978.0,195.0,4,16,,,,,,,,,,,,,,,,,,,,,,,,,,,,,,,,,,,,,,,,,,,,,,,,,,,,,,,,,,,,,
38,12,,,,,,,100,70,73,15,236.7,2730,10801,39,0,5.5,1.5;8.9;2.2;1.5;0.6;0.6;32.1;16.8;0.7;1.7;33.8;29.8;0.4;0.4;0.0;0.0;0.0;0.0;0.0;0.0;0.0;0.2;0.4;0.2,37.66,0.09,0.0,0.02,14.905,0.317,830.0,1660.0,4,16,,,,,,,,,,,,,,,,,,,,,,,,,,,,,,,,,,,,,,,,,,,,,,,,,,,,,,,,,,,,,
38,summary,0.4028287291617715,0.9884817731843227,0.3880017459701685,0.988956708887556,0.00100000,136.8,,,,,,,,,,,,,,,,,,,,,,98,99.58,100,47,69.5,86,67,70.08,73,12,14.67,19,143.2,229.13,239.5,2730.0,10801.0,39.0,0,5.5,8.88,25.2,37.64,37.68,37.75,63.16,0.09,0.09,0.09,19.11,0.0,0.0,0.0,0.02,0.64,3.09,11.015,14.588,14.905,14.9,14.905,15.992,0.317,0.32,0.317,390.0,1366.75,2978.0,195.0,7751.0,45263.0,4,4.0,4,16,16.0,16,4,16,2.53,109.56
39,1,,,,,,,100,69,65,18,93.3,2745,10801,39,0,25.4,27.3;29.6;34.6;38.2;33.2;36.6;61.0;74.4;35.9;38.0;58.3;58.2;17.6;19.6;3.7;3.7;7.7;8.8;2.5;2.3;4.6;5.0;3.8;3.9,37.77,0.09,0.03,0.29,14.905,0.317,1513.0,1562.0,4,16,,,,,,,,,,,,,,,,,,,,,,,,,,,,,,,,,,,,,,,,,,,,,,,,,,,,,,,,,,,,,
39,2,,,,,,,100,75,71,13,236.4,2730,10801,39,0,7.6,1.4;3.7;1.1;2.4;0.6;0.5;40.1;32.7;2.7;3.2;28.9;62.1;0.5;0.2;0.3;0.0;0.3;0.0;0.0;0.1;0.2;0.5;0.3;0.3,37.74,0.09,0.0,2.51,14.905,0.317,1513.0,1513.0,4,16,,,,,,,,,,,,,,,,,,,,,,,,,,,,,,,,,,,,,,,,,,,,,,,,,,,,,,,,,,,,,
39,3,,,,,,,98,80,68,18,236.9,2730,10801,39,0,7.3,1.2;6.5;0.3;1.8;0.0;0.5;36.8;50.0;2.0;2.3;21.5;49.8;0.8;0.6;0.0;0.0;0.2;0.0;0.2;0.0;0.0;0.0;0.0;0.0,37.72,0.09,0.0,1.77,14.905,0.317,1855.0,5419.0,4,16,,,,,,,,,,,,,,,,,,,,,,,,,,,,,,,,,,,,,,,,,,,,,,,,,,,,,,,,,,,,,
39,4,,,,,,,100,59,72,13,237.3,2730,10801,39,0,7.2,0.8;4.3;0.6;1.2;0.5;0.5;34.0;44.9;2.1;3.3;37.8;40.2;0.8;0.9;0.0;0.0;0.2;0.2;0.0;0.0;0.0;0.0;0.2;0.0,37.67,0.09,0.0,3.13,14.905,0.317,1464.0,1660.0,4,16,,,,,,,,,,,,,,,,,,,,,,,,,,,,,,,,,,,,,,,,,,,,,,,,,,,,,,,,,,,,,
39,5,,,,,,,100,82,71,15,236.3,2730,10801,39,0,7.8,1.5;4.6;1.5;1.5;0.2;0.8;37.2;40.4;2.4;4.8;27.6;62.1;0.6;1.1;0.0;0.0;0.0;0.0;0.0;0.0;0.0;0.0;0.3;0.3,37.67,0.09,0.0,0.07,14.905,0.317,3076.0,1611.0,4,16,,,,,,,,,,,,,,,,,,,,,,,,,,,,,,,,,,,,,,,,,,,,,,,,,,,,,,,,,,,,,
39,6,,,,,,,100,47,70,15,237.9,2730,10801,39,0,7.9,0.5;2.9;1.1;2.6;0.3;0.6;62.3;28.8;4.3;6.9;37.3;38.8;0.3;0.6;0.3;0.0;0.0;0.2;0.0;0.0;0.2;0.3;0.2;0.0,37.7,0.09,0.0,0.33,14.905,0.317,195.0,1953.0,4,16,,,,,,,,,,,,,,,,,,,,,,,,,,,,,,,,,,,,,,,,,,,,,,,,,,,,,,,,,,,,,
39,7,,,,,,,100,72,72,12,237.2,2730,10801,39,0,8.6,0.5;16.1;1.5;1.4;0.2;0.9;41.0;44.6;2.9;5.0;33.5;57.1;0.6;0.6;0.0;0.0;0.0;0.2;0.0;0.0;0.0;0.0;0.5;0.5,37.68,0.09,0.01,0.07,14.905,0.317,16699.0,488.0,4,16,,,,,,,,,,,,,,,,,,,,,,,,,,,,,,,,,,,,,,,,,,,,,,,,,,,,,,,,,,,,,
39,8,,,,,,,100,58,71,12,238.0,2730,10801,39,0,7.1,0.3;1.8;1.7;1.1;0.2;0.3;48.8;35.2;3.6;2.6;18.0;55.1;0.9;0.6;0.0;0.0;0.0;0.0;0.0;0.0;0.0;0.0;0.0;0.2,37.67,0.09,0.0,0.05,14.905,0.317,1513.0,4736.0,4,16,,,,,,,,,,,,,,,,,,,,,,,,,,,,,,,,,,,,,,,,,,,,,,,,,,,,,,,,,,,,,
39,9,,,,,,,100,89,65,19,237.6,2730,10801,40,0,7.1,0.9;3.0;1.5;1.7;0.5;0.6;37.6;37.1;2.0;2.0;33.9;48.1;0.6;0.2;0.0;0.0;0.0;0.0;0.2;0.0;0.0;0.2;0.0;0.0,37.7,0.09,0.0,0.02,14.905,0.317,1269.0,1562.0,4,16,,,,,,,,,,,,,,,,,,,,,,,,,,,,,,,,,,,,,,,,,,,,,,,,,,,,,,,,,,,,,
39,10,,,,,,,100,78,71,14,237.1,2730,10801,39,0,7.6,1.7;2.9;1.8;1.1;1.4;1.5;43.6;24.1;3.2;1.5;29.4;66.2;0.6;0.3;0.0;0.2;0.0;0.0;0.2;0.2;0.2;0.5;0.2;0.8,37.67,0.09,0.0,0.04,14.905,0.317,2197.0,5664.0,4,16,,,,,,,,,,,,,,,,,,,,,,,,,,,,,,,,,,,,,,,,,,,,,,,,,,,,,,,,,,,,,
39,11,,,,,,,100,78,70,14,239.6,2730,10801,39,0,5.9,0.3;5.5;0.8;1.4;0.5;0.5;22.6;53.6;1.7;1.5;20.4;32.7;0.0;0.6;0.0;0.0;0.0;0.0;0.0;0.0;0.0;0.0;0.5;0.0,37.68,0.09,0.0,0.1,14.905,0.317,1513.0,146.0,4,16,,,,,,,,,,,,,,,,,,,,,,,,,,,,,,,,,,,,,,,,,,,,,,,,,,,,,,,,,,,,,
39,12,,,,,,,99,79,71,13,236.0,2730,10801,39,0,5.5,1.1;11.2;1.3;0.9;0.4;0.4;34.6;29.0;2.8;1.1;24.1;24.3;0.0;0.2;0.0;0.0;0.0;0.0;0.0;0.0;0.2;0.0;0.2;0.4,37.66,0.09,0.0,0.08,14.905,0.317,1953.0,1757.0,4,16,,,,,,,,,,,,,,,,,,,,,,,,,,,,,,,,,,,,,,,,,,,,,,,,,,,,,,,,,,,,,
39,summary,0.40261770856227197,0.9887993026803225,0.38812269365737456,0.989027273048019,0.00100000,137.1,,,,,,,,,,,,,,,,,,,,,,98,99.75,100,47,72.17,89,65,69.75,72,12,14.67,19,93.3,225.3,239.6,2731.2,10801.0,39.1,0,5.5,8.75,25.4,37.66,37.69,37.77,63.16,0.09,0.09,0.09,19.11,0.0,0.0,0.03,0.02,0.7,3.13,11.015,14.588,14.905,14.9,14.905,15.992,0.317,0.32,0.317,195.0,2896.67,16699.0,146.0,2339.25,5664.0,4,4.0,4,16,16.0,16,4,16,2.8,109.54
40,1,,,,,,,43,33,66,16,118.8,2745,10801,39,0,24.6,23.4;28.2;34.2;33.9;33.0;32.5;61.6;62.4;35.9;36.3;58.2;70.1;19.2;19.9;2.7;3.4;8.2;7.3;1.4;1.5;4.3;5.6;3.4;3.4,37.75,0.09,0.0,0.04,14.905,0.317,1318.0,120654.0,4,16,,,,,,,,,,,,,,,,,,,,,,,,,,,,,,,,,,,,,,,,,,,,,,,,,,,,,,,,,,,,,
40,2,,,,,,,100,64,68,13,236.1,2730,10801,39,0,7.9,0.3;2.6;1.1;1.2;0.2;0.8;50.2;26.9;3.3;5.3;30.6;64.5;0.8;0.5;0.0;0.0;0.0;0.0;0.0;0.0;0.0;0.3;0.3;0.3,37.73,0.09,0.0,2.49,14.905,0.317,146.0,1611.0,4,16,,,,,,,,,,,,,,,,,,,,,,,,,,,,,,,,,,,,,,,,,,,,,,,,,,,,,,,,,,,,,
40,3,,,,,,,98,81,71,20,236.1,2730,10801,39,0,8.4,1.8;12.3;1.4;2.0;0.8;1.5;52.1;39.2;3.2;4.1;36.3;43.2;0.8;0.8;0.0;0.2;0.5;0.5;0.0;0.2;0.2;0.2;0.8;0.0,37.68,0.09,0.0,1.77,14.905,0.317,2197.0,5419.0,4,16,,,,,,,,,,,,,,,,,,,,,,,,,,,,,,,,,,,,,,,,,,,,,,,,,,,,,,,,,,,,,
40,4,,,,,,,100,51,71,16,237.1,2730,10801,39,0,7.4,1.4;3.5;1.4;0.9;0.5;0.2;41.1;27.9;2.6;2.0;33.7;58.8;0.3;0.5;0.0;0.0;0.0;0.0;0.0;0.0;0.5;1.7;0.0;0.0,37.65,0.09,0.0,3.07,14.905,0.317,830.0,1757.0,4,16,,,,,,,,,,,,,,,,,,,,,,,,,,,,,,,,,,,,,,,,,,,,,,,,,,,,,,,,,,,,,
40,5,,,,,,,100,79,68,14,237.1,2730,10801,39,0,7.3,1.1;4.5;1.2;1.4;0.0;0.6;48.5;32.4;3.3;4.1;34.2;42.4;0.5;0.3;0.0;0.0;0.0;0.0;0.0;0.0;0.0;0.2;0.6;0.0,37.66,0.09,0.0,0.03,14.905,0.317,1318.0,3222.0,4,16,,,,,,,,,,,,,,,,,,,,,,,,,,,,,,,,,,,,,,,,,,,,,,,,,,,,,,,,,,,,,
40,6,,,,,,,100,52,72,13,236.8,2730,10801,39,0,7.8,0.9;5.9;2.0;2.0;1.1;0.8;51.1;39.9;2.1;5.2;33.7;38.1;1.4;0.8;0.2;0.0;0.2;0.3;0.2;0.2;0.2;0.2;0.5;0.0,37.63,0.09,0.0,0.14,14.905,0.317,19384.0,1562.0,4,16,,,,,,,,,,,,,,,,,,,,,,,,,,,,,,,,,,,,,,,,,,,,,,,,,,,,,,,,,,,,,
40,7,,,,,,,100,63,68,13,237.5,2730,10801,39,0,7.6,0.5;8.2;1.1;1.7;0.6;0.2;33.7;39.1;2.4;2.7;40.8;48.2;0.5;0.9;0.0;0.0;0.2;0.0;0.0;0.0;0.3;0.0;0.2;0.0,37.67,0.09,0.0,0.13,14.905,0.317,146.0,1855.0,4,16,,,,,,,,,,,,,,,,,,,,,,,,,,,,,,,,,,,,,,,,,,,,,,,,,,,,,,,,,,,,,
40,8,,,,,,,98,74,70,20,237.4,2730,10801,39,0,8.5,2.3;9.2;2.9;3.2;2.1;2.7;44.8;38.6;4.1;3.5;44.1;42.1;0.6;0.5;0.2;0.2;0.2;0.2;0.0;0.2;0.6;0.3;0.2;0.0,37.67,0.09,0.0,0.05,14.905,0.317,2099.0,5712.0,4,16,,,,,,,,,,,,,,,,,,,,,,,,,,,,,,,,,,,,,,,,,,,,,,,,,,,,,,,,,,,,,
40,9,,,,,,,100,63,71,13,237.9,2730,10801,39,0,8.0,1.4;3.5;3.0;3.5;1.1;0.9;59.2;25.5;3.2;5.0;44.4;38.2;0.8;0.9;0.0;0.0;0.3;0.0;0.2;0.0;0.3;0.0;0.3;0.0,37.65,0.09,0.0,0.06,14.905,0.317,390.0,439.0,4,16,,,,,,,,,,,,,,,,,,,,,,,,,,,,,,,,,,,,,,,,,,,,,,,,,,,,,,,,,,,,,
40,10,,,,,,,98,77,69,14,237.3,2730,10801,39,0,7.9,0.9;2.6;1.4;1.7;0.5;0.6;44.1;45.9;2.4;7.0;31.4;50.2;0.6;0.8;0.0;0.0;0.0;0.0;0.0;0.0;0.0;0.0;0.6;0.0,37.68,0.09,0.0,0.1,14.905,0.317,6982.0,129882.0,4,16,,,,,,,,,,,,,,,,,,,,,,,,,,,,,,,,,,,,,,,,,,,,,,,,,,,,,,,,,,,,,
40,11,,,,,,,100,75,71,13,238.0,2730,10801,39,0,6.6,0.6;3.0;1.2;1.5;0.3;0.8;37.4;51.1;2.1;3.5;34.2;21.5;0.5;0.3;0.0;0.0;0.0;0.0;0.0;0.0;0.0;0.3;0.2;0.2,37.66,0.09,0.0,0.02,14.905,0.317,1269.0,1611.0,4,16,,,,,,,,,,,,,,,,,,,,,,,,,,,,,,,,,,,,,,,,,,,,,,,,,,,,,,,,,,,,,
40,12,,,,,,,100,80,71,13,235.9,2730,10801,39,0,6.6,1.3;19.3;0.9;1.1;0.7;0.4;41.6;27.2;0.7;1.7;33.0;26.4;0.2;0.4;0.0;0.0;0.0;0.0;0.0;0.2;0.4;0.0;1.5;0.0,37.66,0.09,0.0,0.04,14.905,0.317,1660.0,1904.0,4,16,,,,,,,,,,,,,,,,,,,,,,,,,,,,,,,,,,,,,,,,,,,,,,,,,,,,,,,,,,,,,
40,summary,0.4025632635251124,0.9884693210472247,0.3877170724717444,0.989027273048019,0.00100000,137.1,,,,,,,,,,,,,,,,,,,,,,43,94.75,100,33,66.0,81,66,69.67,72,13,14.83,20,118.8,227.17,238.0,2731.2,10801.0,39.0,0,6.6,9.05,24.6,37.63,37.67,37.75,63.16,0.09,0.09,0.09,19.11,0.0,0.0,0.0,0.02,0.66,3.07,11.015,14.588,14.905,14.9,14.905,15.992,0.317,0.32,0.317,146.0,3144.92,19384.0,439.0,22969.0,129882.0,4,4.0,4,16,16.0,16,4,16,2.61,109.55
41,1,,,,,,,100,82,67,16,123.3,2730,10801,39,0,24.6,24.6;26.2;33.4;33.3;32.3;32.2;56.3;70.4;35.0;37.7;61.3;61.5;18.6;19.4;3.1;3.8;8.8;9.8;1.8;2.2;5.1;5.0;3.9;5.0,37.77,0.09,0.0,0.02,14.905,0.317,878.0,7177.0,4,16,,,,,,,,,,,,,,,,,,,,,,,,,,,,,,,,,,,,,,,,,,,,,,,,,,,,,,,,,,,,,
41,2,,,,,,,98,78,72,12,235.7,2730,10801,39,0,7.4,0.9;6.7;1.1;1.4;0.3;0.2;54.2;27.2;2.3;2.7;40.9;36.5;0.8;0.8;0.0;0.0;0.3;0.2;0.0;0.0;0.2;0.0;0.2;0.2,37.76,0.09,0.0,3.6,14.905,0.317,11279.0,195.0,4,16,,,,,,,,,,,,,,,,,,,,,,,,,,,,,,,,,,,,,,,,,,,,,,,,,,,,,,,,,,,,,
41,3,,,,,,,100,75,71,18,236.9,2730,10801,39,0,7.0,0.9;2.1;0.5;0.9;0.3;0.5;51.1;23.3;2.1;2.7;30.8;51.4;0.6;0.6;0.0;0.0;0.6;0.0;0.0;0.2;0.0;0.0;0.0;0.0,37.67,0.09,0.0,2.57,14.905,0.317,1953.0,6787.0,4,16,,,,,,,,,,,,,,,,,,,,,,,,,,,,,,,,,,,,,,,,,,,,,,,,,,,,,,,,,,,,,
41,4,,,,,,,98,80,70,14,235.5,2730,10801,39,0,7.5,0.8;5.2;1.2;0.5;1.7;0.6;44.9;35.8;3.2;2.1;33.6;47.6;0.5;0.6;0.0;0.0;0.0;0.0;0.0;0.0;0.3;0.0;0.6;0.2,37.67,0.09,0.0,1.96,14.905,0.317,634.0,1464.0,4,16,,,,,,,,,,,,,,,,,,,,,,,,,,,,,,,,,,,,,,,,,,,,,,,,,,,,,,,,,,,,,
41,5,,,,,,,100,54,72,13,236.0,2730,10801,39,0,7.6,0.8;2.9;2.7;1.8;0.3;0.2;55.1;39.5;5.5;4.1;46.7;20.7;0.6;1.1;0.0;0.0;0.0;0.2;0.0;0.0;0.0;0.5;0.0;0.0,37.67,0.09,0.0,2.9,14.905,0.317,1123.0,1513.0,4,16,,,,,,,,,,,,,,,,,,,,,,,,,,,,,,,,,,,,,,,,,,,,,,,,,,,,,,,,,,,,,
41,6,,,,,,,100,87,69,14,239.2,2730,10801,39,0,7.9,1.4;3.3;2.0;1.7;0.5;1.8;45.0;36.6;5.2;4.0;45.1;39.2;1.2;0.6;0.0;0.2;0.0;0.3;0.0;0.0;0.2;0.9;0.3;0.2,37.66,0.09,0.0,0.09,14.905,0.317,390.0,2294.0,4,16,,,,,,,,,,,,,,,,,,,,,,,,,,,,,,,,,,,,,,,,,,,,,,,,,,,,,,,,,,,,,
41,7,,,,,,,100,47,70,14,236.4,2730,10801,39,0,8.5,0.9;4.6;2.6;1.7;0.5;1.1;41.0;49.5;4.4;5.0;49.9;40.1;0.6;0.6;0.2;0.0;0.0;0.0;0.2;0.2;0.0;0.6;0.2;0.0,37.68,0.09,0.0,0.03,14.905,0.317,40917.0,439.0,4,16,,,,,,,,,,,,,,,,,,,,,,,,,,,,,,,,,,,,,,,,,,,,,,,,,,,,,,,,,,,,,
41,8,,,,,,,100,78,70,19,238.8,2730,10801,39,0,7.9,1.8;12.7;2.3;0.9;0.3;0.3;41.3;38.7;3.2;2.4;43.4;38.3;0.3;0.8;0.2;0.0;0.2;0.0;0.0;0.0;0.8;0.8;0.0;0.0,37.64,0.09,0.0,0.03,14.905,0.317,97.0,6201.0,4,16,,,,,,,,,,,,,,,,,,,,,,,,,,,,,,,,,,,,,,,,,,,,,,,,,,,,,,,,,,,,,
41,9,,,,,,,100,72,74,16,235.9,2730,10801,39,0,7.0,0.9;3.4;1.7;0.5;0.5;0.0;46.7;30.8;2.1;2.1;34.7;43.9;0.6;0.8;0.0;0.0;0.2;0.0;0.0;0.0;0.0;0.0;0.2;0.2,37.62,0.09,0.0,0.02,14.905,0.317,195.0,1904.0,4,16,,,,,,,,,,,,,,,,,,,,,,,,,,,,,,,,,,,,,,,,,,,,,,,,,,,,,,,,,,,,,
41,10,,,,,,,100,72,71,12,238.0,2730,10801,39,0,7.3,0.6;2.4;1.7;0.6;0.8;0.3;40.4;40.8;2.9;2.3;29.6;49.4;1.1;1.1;0.2;0.0;0.0;0.0;0.2;0.0;0.0;0.0;0.0;0.0,37.68,0.09,0.0,0.05,14.905,0.317,1562.0,6787.0,4,16,,,,,,,,,,,,,,,,,,,,,,,,,,,,,,,,,,,,,,,,,,,,,,,,,,,,,,,,,,,,,
41,11,,,,,,,99,78,71,15,237.0,2730,10801,39,0,6.1,0.5;5.6;1.2;1.4;0.9;0.8;31.2;34.5;1.5;1.7;41.7;23.3;0.3;0.5;0.0;0.0;0.2;0.0;0.0;0.0;0.0;0.2;0.6;0.3,37.65,0.09,0.0,0.07,14.905,0.317,1464.0,1562.0,4,16,,,,,,,,,,,,,,,,,,,,,,,,,,,,,,,,,,,,,,,,,,,,,,,,,,,,,,,,,,,,,
41,12,,,,,,,100,75,71,12,238.2,2730,10801,39,0,5.3,0.4;7.1;1.1;0.7;0.6;0.6;21.7;24.6;2.2;1.9;32.5;31.3;0.4;0.6;0.0;0.2;0.2;0.2;0.0;0.2;0.0;0.2;0.6;0.2,37.65,0.09,0.0,0.04,14.905,0.317,195.0,1806.0,4,16,,,,,,,,,,,,,,,,,,,,,,,,,,,,,,,,,,,,,,,,,,,,,,,,,,,,,,,,,,,,,
41,summary,0.4007883925288818,0.9888615633658127,0.38768374411286644,0.9888508626468616,0.00100000,137.1,,,,,,,,,,,,,,,,,,,,,,98,99.58,100,47,73.17,87,67,70.67,74,12,14.58,19,123.3,227.58,239.2,2730.0,10801.0,39.0,0,5.3,8.67,24.6,37.62,37.68,37.77,63.16,0.09,0.09,0.09,19.11,0.0,0.0,0.0,0.02,0.95,3.6,11.015,14.588,14.905,14.9,14.905,15.992,0.317,0.32,0.317,97.0,5057.25,40917.0,195.0,3177.42,7177.0,4,4.0,4,16,16.0,16,4,16,2.69,109.55
42,1,,,,,,,0,1,59,16,147.5,2745,10801,39,0,24.6,27.3;29.3;35.2;34.3;33.4;33.4;63.5;69.7;37.8;35.0;51.7;63.5;15.7;16.9;3.4;3.6;6.9;6.8;3.0;3.0;4.0;4.0;4.6;4.8,37.8,0.09,0.0,0.03,14.905,0.317,1269.0,6005.0,4,16,,,,,,,,,,,,,,,,,,,,,,,,,,,,,,,,,,,,,,,,,,,,,,,,,,,,,,,,,,,,,
42,2,,,,,,,100,73,71,16,236.2,2730,10801,39,0,7.8,0.6;3.3;1.4;1.4;0.5;0.5;58.2;26.2;4.4;4.1;44.1;39.7;1.1;0.6;0.0;0.0;0.2;0.0;0.0;0.0;0.0;0.0;0.6;0.2,37.72,0.09,0.0,3.55,14.905,0.317,1464.0,146.0,4,16,,,,,,,,,,,,,,,,,,,,,,,,,,,,,,,,,,,,,,,,,,,,,,,,,,,,,,,,,,,,,
42,3,,,,,,,100,73,71,13,237.9,2730,10801,39,0,8.6,1.1;14.2;1.1;0.9;0.2;0.6;45.3;39.7;4.0;5.3;59.8;31.3;0.8;0.3;0.0;0.0;0.3;0.3;0.2;0.0;0.0;0.0;0.0;0.0,37.7,0.09,0.0,2.57,14.905,0.317,34716.0,100634.0,4,16,,,,,,,,,,,,,,,,,,,,,,,,,,,,,,,,,,,,,,,,,,,,,,,,,,,,,,,,,,,,,
42,4,,,,,,,98,80,71,13,237.4,2730,10801,39,0,7.2,0.5;3.2;1.4;0.2;0.2;0.0;49.4;30.8;3.4;1.7;34.6;43.5;0.9;0.3;0.2;0.2;0.0;0.2;0.2;0.0;0.2;0.9;0.0;0.0,37.69,0.09,0.0,1.99,14.905,0.317,390.0,1953.0,4,16,,,,,,,,,,,,,,,,,,,,,,,,,,,,,,,,,,,,,,,,,,,,,,,,,,,,,,,,,,,,,
42,5,,,,,,,100,72,70,20,236.8,2730,10801,39,0,7.5,1.4;4.2;1.7;0.6;0.6;0.3;68.7;31.6;3.2;2.1;20.2;41.5;0.6;0.6;0.2;0.0;0.0;0.0;0.0;0.0;0.0;0.2;0.8;0.3,37.66,0.09,0.0,2.88,14.905,0.317,1074.0,2783.0,4,16,,,,,,,,,,,,,,,,,,,,,,,,,,,,,,,,,,,,,,,,,,,,,,,,,,,,,,,,,,,,,
42,6,,,,,,,98,79,70,15,237.3,2730,10801,40,0,7.4,1.1;6.5;1.5;1.1;0.3;0.6;43.6;28.8;3.3;1.5;37.8;49.5;0.6;0.3;0.0;0.0;0.2;0.0;0.0;0.0;0.2;0.3;0.0;0.2,37.68,0.09,0.01,0.02,14.905,0.317,1269.0,1513.0,4,16,,,,,,,,,,,,,,,,,,,,,,,,,,,,,,,,,,,,,,,,,,,,,,,,,,,,,,,,,,,,,
42,7,,,,,,,100,59,72,14,236.2,2730,10801,39,0,7.2,0.6;5.0;1.7;0.3;0.6;0.5;58.2;32.0;2.4;1.4;34.0;34.5;0.5;0.5;0.3;0.2;0.2;0.0;0.0;0.0;0.0;0.2;0.2;0.0,37.68,0.09,0.0,0.02,14.905,0.317,390.0,1611.0,4,16,,,,,,,,,,,,,,,,,,,,,,,,,,,,,,,,,,,,,,,,,,,,,,,,,,,,,,,,,,,,,
42,8,,,,,,,98,79,68,12,237.8,2730,10801,39,0,7.7,0.8;6.3;2.4;2.7;0.8;0.6;49.6;31.3;3.7;1.7;33.0;49.8;0.8;0.6;0.5;0.2;0.2;0.0;0.0;0.0;0.2;0.2;0.0;0.2,37.64,0.09,0.0,0.02,14.905,0.317,1513.0,8642.0,4,16,,,,,,,,,,,,,,,,,,,,,,,,,,,,,,,,,,,,,,,,,,,,,,,,,,,,,,,,,,,,,
42,9,,,,,,,100,59,73,13,237.2,2730,10801,39,0,8.1,0.8;3.9;2.1;2.0;0.6;0.8;40.5;46.3;7.6;3.0;37.3;45.1;0.6;1.2;0.0;0.0;0.2;0.2;0.0;0.0;0.2;0.2;0.6;0.5,37.69,0.09,0.0,0.11,14.905,0.317,1269.0,1660.0,4,16,,,,,,,,,,,,,,,,,,,,,,,,,,,,,,,,,,,,,,,,,,,,,,,,,,,,,,,,,,,,,
42,10,,,,,,,98,76,69,13,236.4,2730,10801,39,0,7.8,0.8;4.9;1.4;0.8;0.0;0.3;62.2;37.6;4.4;2.7;40.3;29.8;0.6;0.5;0.0;0.0;0.0;0.0;0.0;0.0;0.0;0.0;0.0;0.0,37.66,0.09,0.0,0.02,14.905,0.317,2539.0,7080.0,4,16,,,,,,,,,,,,,,,,,,,,,,,,,,,,,,,,,,,,,,,,,,,,,,,,,,,,,,,,,,,,,
42,11,,,,,,,100,54,71,14,237.9,2730,10801,39,0,6.5,0.9;3.1;0.6;2.1;0.5;0.2;25.4;28.3;3.8;2.9;45.8;39.7;0.5;0.3;0.0;0.0;0.0;0.0;0.0;0.0;0.8;1.7;0.2;0.0,37.66,0.09,0.0,0.03,14.905,0.317,8349.0,244.0,4,16,,,,,,,,,,,,,,,,,,,,,,,,,,,,,,,,,,,,,,,,,,,,,,,,,,,,,,,,,,,,,
42,12,,,,,,,98,66,71,14,237.0,2730,10801,39,0,6.3,0.6;3.7;1.3;2.6;0.4;0.7;39.3;29.1;2.8;2.0;11.2;56.7;0.4;0.4;0.0;0.0;0.0;0.0;0.2;0.0;0.0;0.0;0.0;0.0,37.66,0.09,0.0,0.03,14.905,0.317,781.0,1757.0,4,16,,,,,,,,,,,,,,,,,,,,,,,,,,,,,,,,,,,,,,,,,,,,,,,,,,,,,,,,,,,,,
42,summary,0.40203238243006184,0.9883821560875385,0.38812051723403207,0.9889214268073245,0.00100000,136.5,,,,,,,,,,,,,,,,,,,,,,0,90.83,100,1,64.25,80,59,69.67,73,12,14.42,20,147.5,229.63,237.9,2731.2,10801.0,39.1,0,6.3,8.89,24.6,37.64,37.69,37.8,63.16,0.09,0.09,0.09,19.11,0.0,0.0,0.01,0.02,0.94,3.55,11.015,14.588,14.905,14.9,14.905,15.992,0.317,0.32,0.317,390.0,4585.25,34716.0,146.0,11169.0,100634.0,4,4.0,4,16,16.0,16,4,16,2.42,109.52
43,1,,,,,,,100,84,69,18,161.0,2730,10801,39,0,24.7,25.6;32.5;33.1;33.8;31.8;31.4;67.4;59.5;36.5;36.2;76.3;47.6;20.5;20.2;2.7;2.8;8.3;7.7;0.9;1.0;4.6;4.5;2.8;3.6,37.74,0.09,0.0,0.02,14.905,0.317,1708.0,5761.0,4,16,,,,,,,,,,,,,,,,,,,,,,,,,,,,,,,,,,,,,,,,,,,,,,,,,,,,,,,,,,,,,
43,2,,,,,,,99,79,72,14,235.4,2730,10801,39,0,7.8,2.3;5.5;3.0;2.9;1.2;1.2;64.1;20.9;3.6;4.0;24.5;50.1;1.1;0.8;0.3;0.2;0.2;0.3;0.3;0.2;0.3;0.3;0.5;0.3,37.72,0.09,0.0,2.48,14.905,0.317,830.0,1611.0,4,16,,,,,,,,,,,,,,,,,,,,,,,,,,,,,,,,,,,,,,,,,,,,,,,,,,,,,,,,,,,,,
43,3,,,,,,,100,73,72,16,237.9,2730,10801,39,0,7.2,0.6;3.9;0.5;0.9;0.3;0.6;45.1;26.9;2.6;2.7;44.2;43.4;0.8;0.8;0.0;0.0;0.0;0.0;0.3;0.0;0.0;0.2;0.0;0.0,37.68,0.09,0.01,1.79,14.905,0.317,1074.0,5957.0,4,16,,,,,,,,,,,,,,,,,,,,,,,,,,,,,,,,,,,,,,,,,,,,,,,,,,,,,,,,,,,,,
43,4,,,,,,,98,82,71,12,235.9,2730,10801,39,0,7.4,0.8;6.8;0.8;1.7;0.3;0.2;53.4;32.0;4.1;3.2;28.5;44.1;0.9;0.6;0.0;0.0;0.0;0.0;0.0;0.0;0.0;0.0;0.5;0.2,37.66,0.09,0.0,3.07,14.905,0.317,36572.0,17089.0,4,16,,,,,,,,,,,,,,,,,,,,,,,,,,,,,,,,,,,,,,,,,,,,,,,,,,,,,,,,,,,,,
43,5,,,,,,,100,57,72,20,237.1,2730,10801,39,0,8.1,1.2;4.1;1.8;2.6;0.6;0.6;57.8;32.8;5.3;5.4;43.2;34.7;1.1;0.6;0.0;0.2;0.0;0.0;0.0;0.2;0.2;0.6;0.3;0.5,37.65,0.09,0.0,0.02,14.905,0.317,1074.0,3173.0,4,16,,,,,,,,,,,,,,,,,,,,,,,,,,,,,,,,,,,,,,,,,,,,,,,,,,,,,,,,,,,,,
43,6,,,,,,,100,86,68,16,237.5,2730,10801,39,0,8.0,1.1;3.0;1.4;1.1;0.6;0.5;46.4;40.8;3.6;4.4;41.2;42.7;1.2;1.1;0.3;0.8;0.2;0.2;0.0;0.0;0.0;0.3;0.0;0.2,37.65,0.09,0.0,0.03,14.905,0.317,1269.0,2050.0,4,16,,,,,,,,,,,,,,,,,,,,,,,,,,,,,,,,,,,,,,,,,,,,,,,,,,,,,,,,,,,,,
43,7,,,,,,,100,52,70,14,236.7,2730,10801,39,0,7.8,1.1;1.8;0.3;1.1;0.2;0.2;59.6;31.5;5.2;5.6;24.7;54.0;0.6;0.9;0.0;0.0;0.2;0.0;0.0;0.0;0.2;0.3;0.3;0.0,37.65,0.09,0.0,0.03,14.905,0.317,1513.0,1513.0,4,16,,,,,,,,,,,,,,,,,,,,,,,,,,,,,,,,,,,,,,,,,,,,,,,,,,,,,,,,,,,,,
43,8,,,,,,,100,75,70,14,238.6,2730,10801,39,0,8.5,1.1;12.6;2.3;0.9;0.3;0.8;52.2;32.0;3.8;3.5;42.3;49.8;0.3;0.8;0.0;0.0;0.2;0.2;0.0;0.0;0.0;0.0;0.9;0.0,37.68,0.09,0.0,0.03,14.905,0.317,781.0,8691.0,4,16,,,,,,,,,,,,,,,,,,,,,,,,,,,,,,,,,,,,,,,,,,,,,,,,,,,,,,,,,,,,,
43,9,,,,,,,100,71,71,14,235.3,2730,10801,39,0,7.2,1.2;5.3;0.5;0.9;0.5;0.3;48.3;35.6;2.3;3.0;33.9;38.9;0.6;0.5;0.0;0.0;0.0;0.0;0.0;0.0;0.0;0.0;0.0;0.0,37.64,0.09,0.0,0.02,14.905,0.317,341.0,244.0,4,16,,,,,,,,,,,,,,,,,,,,,,,,,,,,,,,,,,,,,,,,,,,,,,,,,,,,,,,,,,,,,
43,10,,,,,,,100,70,71,16,237.6,2730,10801,39,0,7.1,0.6;2.3;0.8;0.8;0.3;0.5;48.2;37.9;1.4;2.7;30.7;43.8;0.5;0.5;0.0;0.2;0.0;0.0;0.0;0.0;0.0;0.0;0.0;0.2,37.66,0.09,0.0,0.02,14.905,0.317,1074.0,7324.0,4,16,,,,,,,,,,,,,,,,,,,,,,,,,,,,,,,,,,,,,,,,,,,,,,,,,,,,,,,,,,,,,
43,11,,,,,,,98,77,72,15,236.7,2730,10801,39,0,5.7,0.5;2.6;1.1;0.9;0.2;0.2;16.0;33.6;0.8;1.5;21.0;58.2;0.5;0.2;0.0;0.0;0.0;0.0;0.0;0.0;0.2;0.0;0.0;0.2,37.64,0.09,0.0,0.03,14.905,0.317,1708.0,146.0,4,16,,,,,,,,,,,,,,,,,,,,,,,,,,,,,,,,,,,,,,,,,,,,,,,,,,,,,,,,,,,,,
43,12,,,,,,,100,72,71,19,238.4,2730,10801,39,0,4.9,0.2;2.6;0.6;0.7;0.2;0.2;10.6;27.7;0.9;1.9;33.4;37.8;0.0;0.0;0.0;0.0;0.2;0.0;0.0;0.0;0.0;0.0;0.0;0.0,37.64,0.09,0.0,0.02,14.905,0.317,390.0,1904.0,4,16,,,,,,,,,,,,,,,,,,,,,,,,,,,,,,,,,,,,,,,,,,,,,,,,,,,,,,,,,,,,,
43,summary,0.4006771243826871,0.9888926937085577,0.3880254245740627,0.9888861447270931,0.00100000,136.8,,,,,,,,,,,,,,,,,,,,,,98,99.58,100,52,73.17,86,68,70.75,72,12,15.67,20,161.0,230.67,238.6,2730.0,10801.0,39.0,0,4.9,8.7,24.7,37.64,37.67,37.74,63.16,0.09,0.09,0.09,19.11,0.0,0.0,0.01,0.02,0.63,3.07,11.015,14.588,14.905,14.9,14.905,15.992,0.317,0.32,0.317,341.0,4027.83,36572.0,146.0,4621.92,17089.0,4,4.0,4,16,16.0,16,4,16,2.45,109.57
44,1,,,,,,,100,76,68,17,138.8,2730,10801,39,0,24.8,25.6;27.3;33.0;32.9;33.9;32.1;60.0;64.7;35.3;36.3;53.0;71.7;18.3;21.3;3.5;3.4;10.0;9.5;1.2;1.5;6.3;5.5;4.2;3.6,37.73,0.09,0.0,0.04,14.905,0.317,1269.0,6884.0,4,16,,,,,,,,,,,,,,,,,,,,,,,,,,,,,,,,,,,,,,,,,,,,,,,,,,,,,,,,,,,,,
44,2,,,,,,,98,78,70,14,234.8,2730,10801,39,0,7.7,2.1;3.3;1.7;1.4;0.3;0.3;37.6;46.6;2.4;3.0;28.4;53.3;0.3;0.0;0.0;0.0;0.2;0.0;0.0;0.0;0.5;0.3;2.1;0.6,37.72,0.09,0.0,2.47,14.905,0.317,19287.0,341.0,4,16,,,,,,,,,,,,,,,,,,,,,,,,,,,,,,,,,,,,,,,,,,,,,,,,,,,,,,,,,,,,,
44,3,,,,,,,100,63,67,17,237.1,2730,10801,39,0,8.3,0.6;3.4;2.1;2.4;1.4;1.2;36.7;45.5;3.2;5.5;46.7;45.0;1.5;0.9;0.3;0.2;0.5;0.2;0.0;0.3;0.2;0.0;0.3;0.2,37.7,0.09,0.0,1.79,14.905,0.317,927.0,7128.0,4,16,,,,,,,,,,,,,,,,,,,,,,,,,,,,,,,,,,,,,,,,,,,,,,,,,,,,,,,,,,,,,
44,4,,,,,,,100,85,67,14,237.0,2730,10801,39,0,7.8,0.8;11.5;0.5;0.9;0.2;0.6;55.4;41.5;3.0;2.1;45.7;24.5;0.5;0.5;0.0;0.0;0.0;0.0;0.0;0.0;0.0;0.0;0.3;0.2,37.63,0.09,0.0,3.09,14.905,0.317,634.0,244.0,4,16,,,,,,,,,,,,,,,,,,,,,,,,,,,,,,,,,,,,,,,,,,,,,,,,,,,,,,,,,,,,,
44,5,,,,,,,100,63,72,19,236.6,2730,10801,39,0,7.0,0.6;2.9;0.8;0.5;0.2;0.3;44.0;27.5;2.4;2.4;26.4;57.7;0.8;0.5;0.0;0.0;0.0;0.0;0.0;0.0;0.0;0.0;0.0;0.0,37.65,0.09,0.0,0.02,14.905,0.317,1025.0,292.0,4,16,,,,,,,,,,,,,,,,,,,,,,,,,,,,,,,,,,,,,,,,,,,,,,,,,,,,,,,,,,,,,
44,6,,,,,,,98,78,69,16,236.6,2730,10801,39,0,7.2,1.2;5.5;1.5;0.9;0.3;0.5;51.4;39.7;2.4;1.8;34.6;32.6;0.3;0.2;0.0;0.0;0.2;0.0;0.2;0.0;0.0;0.0;0.5;0.2,37.66,0.09,0.0,0.03,14.905,0.317,634.0,1855.0,4,16,,,,,,,,,,,,,,,,,,,,,,,,,,,,,,,,,,,,,,,,,,,,,,,,,,,,,,,,,,,,,
44,7,,,,,,,100,56,72,15,235.8,2730,10801,39,0,7.6,2.4;5.5;1.5;0.9;0.8;0.2;54.9;34.1;1.8;2.3;43.3;30.9;0.6;0.8;0.0;0.0;0.0;0.0;0.0;0.0;0.3;0.3;0.5;0.0,37.65,0.09,0.0,0.03,14.905,0.317,5712.0,123632.0,4,16,,,,,,,,,,,,,,,,,,,,,,,,,,,,,,,,,,,,,,,,,,,,,,,,,,,,,,,,,,,,,
44,8,,,,,,,100,86,69,14,238.6,2730,10801,39,0,7.2,0.5;4.2;1.1;1.1;0.2;0.3;43.6;34.6;2.6;2.1;23.9;57.5;0.8;0.8;0.0;0.0;0.0;0.0;0.3;0.0;0.0;0.0;0.0;0.2,37.65,0.09,0.0,0.03,14.905,0.317,1025.0,6250.0,4,16,,,,,,,,,,,,,,,,,,,,,,,,,,,,,,,,,,,,,,,,,,,,,,,,,,,,,,,,,,,,,
44,9,,,,,,,100,53,71,14,235.9,2730,10801,39,0,7.6,1.5;8.1;1.8;1.7;0.3;1.1;47.0;40.6;2.9;2.7;26.7;44.4;0.9;0.2;0.0;0.0;0.0;0.0;0.0;0.2;0.0;0.3;0.8;0.2,37.67,0.09,0.0,0.04,14.905,0.317,146.0,1904.0,4,16,,,,,,,,,,,,,,,,,,,,,,,,,,,,,,,,,,,,,,,,,,,,,,,,,,,,,,,,,,,,,
44,10,,,,,,,85,68,69,13,235.3,2730,10801,39,0,7.6,1.1;5.2;2.3;1.2;1.4;0.3;39.1;40.9;3.2;3.3;34.7;47.4;1.1;1.1;0.3;0.0;0.2;0.0;0.0;0.0;0.0;0.0;0.2;0.0,37.65,0.09,0.0,0.04,14.905,0.317,1074.0,5615.0,4,16,,,,,,,,,,,,,,,,,,,,,,,,,,,,,,,,,,,,,,,,,,,,,,,,,,,,,,,,,,,,,
44,11,,,,,,,100,73,71,15,236.1,2730,10801,39,0,6.0,0.8;2.9;0.9;0.3;0.3;0.2;33.3;16.0;2.0;4.0;30.6;51.4;0.3;0.6;0.0;0.0;0.0;0.0;0.0;0.0;0.0;0.3;0.5;0.0,37.67,0.09,0.0,0.03,14.905,0.317,1708.0,1513.0,4,16,,,,,,,,,,,,,,,,,,,,,,,,,,,,,,,,,,,,,,,,,,,,,,,,,,,,,,,,,,,,,
44,12,,,,,,,100,88,69,14,236.8,2730,10801,39,0,5.9,0.9;5.3;0.7;0.6;0.4;0.7;24.2;48.9;2.4;2.0;20.9;30.8;1.1;0.4;0.0;0.0;0.0;0.0;0.0;0.0;0.4;0.4;0.6;0.2,37.67,0.09,0.0,0.02,14.905,0.317,1025.0,439.0,4,16,,,,,,,,,,,,,,,,,,,,,,,,,,,,,,,,,,,,,,,,,,,,,,,,,,,,,,,,,,,,,
44,summary,0.40124150069093983,0.9885004513899698,0.38832965839141736,0.9888861447270931,0.00100000,137.0,,,,,,,,,,,,,,,,,,,,,,85,98.42,100,53,72.25,88,67,69.5,72,13,15.17,19,138.8,228.28,238.6,2730.0,10801.0,39.0,0,5.9,8.72,24.8,37.63,37.67,37.73,63.16,0.09,0.09,0.09,19.11,0.0,0.0,0.0,0.02,0.64,3.09,11.015,14.588,14.905,14.9,14.905,15.992,0.317,0.32,0.317,146.0,2872.17,19287.0,244.0,13008.08,123632.0,4,4.0,4,16,16.0,16,4,16,2.53,109.55
45,1,,,,,,,100,70,69,18,132.4,2730,10801,39,0,24.6,27.1;32.7;32.5;33.1;32.1;31.7;69.0;67.9;35.4;36.3;54.3;63.9;17.4;16.8;2.6;2.6;8.2;8.1;1.6;1.3;3.1;4.1;3.9;3.8,37.75,0.09,0.0,0.02,14.905,0.317,2246.0,14550.0,4,16,,,,,,,,,,,,,,,,,,,,,,,,,,,,,,,,,,,,,,,,,,,,,,,,,,,,,,,,,,,,,
45,2,,,,,,,98,77,68,13,234.0,2730,10801,39,0,7.2,0.5;3.8;1.1;0.8;0.6;0.6;20.1;39.4;1.5;4.7;39.4;58.0;0.5;0.9;0.0;0.0;0.2;0.2;0.0;0.0;0.2;0.2;0.3;0.0,37.71,0.09,0.0,2.49,14.905,0.317,146.0,1904.0,4,16,,,,,,,,,,,,,,,,,,,,,,,,,,,,,,,,,,,,,,,,,,,,,,,,,,,,,,,,,,,,,
45,3,,,,,,,100,54,71,21,236.9,2730,10801,39,0,7.4,1.5;8.6;0.9;1.4;0.5;0.5;37.2;44.6;0.9;2.6;35.1;41.8;0.6;0.6;0.0;0.0;0.0;0.0;0.0;0.0;0.0;0.2;0.0;0.0,37.64,0.09,0.0,1.78,14.905,0.317,1953.0,7031.0,4,16,,,,,,,,,,,,,,,,,,,,,,,,,,,,,,,,,,,,,,,,,,,,,,,,,,,,,,,,,,,,,
45,4,,,,,,,100,76,68,16,237.8,2730,10801,39,0,7.7,0.8;13.1;1.4;1.5;0.6;0.8;44.9;29.8;2.0;4.4;36.0;48.2;0.5;0.5;0.0;0.0;0.0;0.0;0.0;0.0;0.0;0.3;0.6;0.0,37.64,0.09,0.0,3.08,14.905,0.317,1855.0,390.0,4,16,,,,,,,,,,,,,,,,,,,,,,,,,,,,,,,,,,,,,,,,,,,,,,,,,,,,,,,,,,,,,
45,5,,,,,,,100,51,71,15,236.7,2730,10801,39,0,7.8,0.8;5.2;2.6;2.1;0.6;1.2;27.1;39.4;4.1;4.6;39.9;58.1;0.8;0.6;0.2;0.0;0.3;0.0;0.0;0.0;0.0;0.3;0.2;0.3,37.62,0.09,0.0,0.03,14.905,0.317,1513.0,1611.0,4,16,,,,,,,,,,,,,,,,,,,,,,,,,,,,,,,,,,,,,,,,,,,,,,,,,,,,,,,,,,,,,
45,6,,,,,,,100,72,70,14,238.5,2730,10801,39,0,8.0,0.9;5.1;1.5;1.7;0.6;0.6;36.9;46.3;4.2;5.0;39.6;45.2;0.2;0.6;0.2;0.2;0.3;0.2;0.2;0.0;0.5;1.2;0.3;0.2,37.61,0.09,0.0,0.02,14.905,0.317,830.0,195.0,4,16,,,,,,,,,,,,,,,,,,,,,,,,,,,,,,,,,,,,,,,,,,,,,,,,,,,,,,,,,,,,,
45,7,,,,,,,100,77,71,13,236.1,2730,10801,39,0,8.1,1.1;3.3;3.3;2.4;0.6;0.9;21.2;51.1;5.2;6.5;43.9;53.7;0.2;0.8;0.0;0.0;0.2;0.2;0.0;0.0;0.6;0.0;0.2;0.0,37.63,0.09,0.0,0.03,14.905,0.317,976.0,1611.0,4,16,,,,,,,,,,,,,,,,,,,,,,,,,,,,,,,,,,,,,,,,,,,,,,,,,,,,,,,,,,,,,
45,8,,,,,,,100,72,71,12,238.5,2730,10801,39,0,8.6,1.2;6.9;1.1;1.5;0.5;1.7;31.4;56.7;4.1;5.2;34.4;59.7;0.8;0.6;0.0;0.0;0.3;0.2;0.2;0.0;0.2;0.0;0.2;0.3,37.63,0.09,0.0,0.05,14.905,0.317,1464.0,4687.0,4,16,,,,,,,,,,,,,,,,,,,,,,,,,,,,,,,,,,,,,,,,,,,,,,,,,,,,,,,,,,,,,
45,9,,,,,,,98,80,69,19,236.0,2730,10801,39,0,8.0,2.1;14.0;1.8;2.3;0.2;0.6;43.6;35.5;2.9;2.4;41.6;41.9;0.5;0.5;0.0;0.0;0.2;0.0;0.0;0.0;1.1;1.2;0.5;0.0,37.63,0.09,0.0,0.02,14.905,0.317,390.0,1904.0,4,16,,,,,,,,,,,,,,,,,,,,,,,,,,,,,,,,,,,,,,,,,,,,,,,,,,,,,,,,,,,,,
45,10,,,,,,,100,69,71,16,238.2,2730,10801,39,0,7.3,1.1;4.0;0.2;1.1;0.3;0.8;24.1;43.5;2.0;5.3;31.0;59.3;0.9;0.8;0.0;0.0;0.0;0.0;0.0;0.0;0.2;0.9;0.2;0.0,37.62,0.09,0.0,0.06,14.905,0.317,2099.0,6835.0,4,16,,,,,,,,,,,,,,,,,,,,,,,,,,,,,,,,,,,,,,,,,,,,,,,,,,,,,,,,,,,,,
45,11,,,,,,,100,86,67,13,237.7,2730,10801,39,0,5.7,0.8;3.0;1.1;0.5;1.2;0.6;13.1;46.6;1.8;1.4;49.2;16.6;0.5;0.5;0.0;0.0;0.0;0.0;0.0;0.0;0.0;0.2;0.0;0.0,37.63,0.09,0.0,0.02,14.905,0.317,341.0,634.0,4,16,,,,,,,,,,,,,,,,,,,,,,,,,,,,,,,,,,,,,,,,,,,,,,,,,,,,,,,,,,,,,
45,12,,,,,,,100,54,72,14,236.3,2730,10801,39,0,5.4,0.6;4.0;0.7;1.1;0.4;0.2;33.3;19.7;1.3;2.6;29.7;32.2;0.2;0.0;0.2;0.0;1.1;0.4;0.2;0.0;0.0;0.0;0.4;0.4,37.62,0.09,0.0,0.04,14.905,0.317,146.0,1855.0,4,16,,,,,,,,,,,,,,,,,,,,,,,,,,,,,,,,,,,,,,,,,,,,,,,,,,,,,,,,,,,,,
45,summary,0.4017454666787882,0.9884195124988326,0.388485356587544,0.988956708887556,0.00100000,137.1,,,,,,,,,,,,,,,,,,,,,,98,99.67,100,51,69.83,86,67,69.83,72,12,15.33,21,132.4,228.26,238.5,2730.0,10801.0,39.0,0,5.4,8.82,24.6,37.61,37.64,37.75,63.16,0.09,0.09,0.09,19.11,0.0,0.0,0.0,0.02,0.64,3.08,11.015,14.588,14.905,14.9,14.905,15.992,0.317,0.32,0.317,146.0,1163.25,2246.0,195.0,3600.58,14550.0,4,4.0,4,16,16.0,16,4,16,2.62,109.55
46,1,,,,,,,45,35,66,18,112.9,2745,10801,39,0,24.6,26.2;29.4;34.3;34.1;35.2;33.1;60.6;68.6;35.0;35.9;62.8;58.5;17.4;17.1;3.2;3.1;7.2;7.8;1.7;1.7;4.9;5.6;3.5;3.2,37.73,0.09,0.0,0.02,14.905,0.317,1708.0,6933.0,4,16,,,,,,,,,,,,,,,,,,,,,,,,,,,,,,,,,,,,,,,,,,,,,,,,,,,,,,,,,,,,,
46,2,,,,,,,100,59,69,12,236.7,2730,10801,39,0,7.7,0.5;3.0;2.0;1.1;0.6;0.3;39.9;38.6;3.2;4.4;27.5;61.8;0.8;0.5;0.0;0.0;0.0;0.2;0.0;0.0;0.3;0.8;0.0;0.0,37.73,0.09,0.0,2.48,14.905,0.317,830.0,341.0,4,16,,,,,,,,,,,,,,,,,,,,,,,,,,,,,,,,,,,,,,,,,,,,,,,,,,,,,,,,,,,,,
46,3,,,,,,,98,79,71,12,238.2,2730,10801,39,0,7.9,1.1;2.6;0.8;1.7;1.5;0.8;34.7;51.5;4.9;3.5;40.9;43.4;0.9;0.6;0.0;0.0;0.0;0.0;0.0;0.0;0.0;0.0;0.8;0.0,37.71,0.09,0.0,1.78,14.905,0.317,1513.0,6884.0,4,16,,,,,,,,,,,,,,,,,,,,,,,,,,,,,,,,,,,,,,,,,,,,,,,,,,,,,,,,,,,,,
46,4,,,,,,,100,77,70,19,239.4,2730,10801,39,0,8.6,0.6;13.5;1.8;1.7;0.0;0.3;44.5;32.9;4.4;5.0;46.4;50.1;0.9;1.1;0.0;0.2;0.0;0.0;0.0;0.0;0.0;0.6;1.1;0.2,37.66,0.09,0.0,3.08,14.905,0.317,1025.0,1611.0,4,16,,,,,,,,,,,,,,,,,,,,,,,,,,,,,,,,,,,,,,,,,,,,,,,,,,,,,,,,,,,,,
46,5,,,,,,,98,79,68,15,236.8,2730,10801,39,0,7.3,0.9;2.3;1.5;0.9;0.3;0.5;55.4;33.5;3.3;2.3;26.3;44.4;0.8;0.8;0.0;0.0;0.2;0.0;0.0;0.2;0.2;0.8;0.0;0.0,37.67,0.09,0.0,0.03,14.905,0.317,15625.0,4492.0,4,16,,,,,,,,,,,,,,,,,,,,,,,,,,,,,,,,,,,,,,,,,,,,,,,,,,,,,,,,,,,,,
46,6,,,,,,,100,62,71,14,237.9,2730,10801,39,0,7.1,0.8;3.7;1.7;0.5;0.2;0.6;49.7;31.6;2.3;2.0;35.1;41.1;0.5;0.3;0.0;0.0;0.2;0.0;0.0;0.0;0.3;0.5;0.0;0.2,37.66,0.09,0.0,0.07,14.905,0.317,146.0,1806.0,4,16,,,,,,,,,,,,,,,,,,,,,,,,,,,,,,,,,,,,,,,,,,,,,,,,,,,,,,,,,,,,,
46,7,,,,,,,100,83,69,15,236.7,2730,10801,39,0,7.3,1.1;3.2;1.4;1.8;0.6;0.9;40.8;41.5;2.4;2.7;23.7;52.4;0.6;0.6;0.0;0.2;0.0;0.2;0.0;0.2;0.0;0.0;0.0;0.5,37.67,0.09,0.0,0.05,14.905,0.317,1855.0,1904.0,4,16,,,,,,,,,,,,,,,,,,,,,,,,,,,,,,,,,,,,,,,,,,,,,,,,,,,,,,,,,,,,,
46,8,,,,,,,100,52,72,13,238.4,2730,10801,39,0,7.1,0.6;3.9;0.9;0.8;0.5;0.0;44.9;50.1;2.3;1.7;23.3;39.4;0.8;0.3;0.0;0.0;0.0;0.0;0.0;0.0;0.0;0.0;0.0;0.0,37.67,0.09,0.0,0.03,14.905,0.317,634.0,5908.0,4,16,,,,,,,,,,,,,,,,,,,,,,,,,,,,,,,,,,,,,,,,,,,,,,,,,,,,,,,,,,,,,
46,9,,,,,,,100,74,71,12,236.2,2730,10801,39,0,7.5,2.0;6.5;1.2;1.1;0.3;0.5;42.7;33.4;3.0;2.3;42.9;40.4;1.2;0.3;0.0;0.0;0.0;0.2;0.0;0.2;0.6;0.6;0.0;0.2,37.67,0.09,0.0,0.02,14.905,0.317,1025.0,390.0,4,16,,,,,,,,,,,,,,,,,,,,,,,,,,,,,,,,,,,,,,,,,,,,,,,,,,,,,,,,,,,,,
46,10,,,,,,,100,54,71,20,236.9,2730,10801,39,0,7.1,1.1;2.6;0.5;1.4;0.2;0.3;51.9;22.1;1.7;2.0;35.4;51.3;0.6;0.2;0.0;0.0;0.0;0.0;0.0;0.0;0.2;0.2;0.0;0.2,37.69,0.09,0.01,0.07,14.905,0.317,1757.0,5517.0,4,16,,,,,,,,,,,,,,,,,,,,,,,,,,,,,,,,,,,,,,,,,,,,,,,,,,,,,,,,,,,,,
46,11,,,,,,,100,87,69,14,239.1,2730,10801,39,0,6.5,1.1;2.0;2.3;2.3;1.2;1.4;30.1;41.6;3.0;1.2;24.0;41.8;0.5;0.6;0.2;0.2;0.2;0.3;0.2;0.2;0.5;0.3;0.2;0.2,37.66,0.09,0.0,0.02,14.905,0.317,1025.0,1806.0,4,16,,,,,,,,,,,,,,,,,,,,,,,,,,,,,,,,,,,,,,,,,,,,,,,,,,,,,,,,,,,,,
46,12,,,,,,,100,75,69,15,236.5,2730,10801,39,0,5.1,0.2;2.2;0.6;0.4;0.0;0.4;26.3;19.6;2.8;2.0;28.3;40.0;0.0;0.0;0.0;0.0;0.0;0.0;0.0;0.0;0.0;0.0;0.0;0.0,37.64,0.09,0.0,0.02,14.905,0.317,146.0,2099.0,4,16,,,,,,,,,,,,,,,,,,,,,,,,,,,,,,,,,,,,,,,,,,,,,,,,,,,,,,,,,,,,,
46,summary,0.39913998578496757,0.9893721009868318,0.3891030917140577,0.9887097343259359,0.00100000,137.0,,,,,,,,,,,,,,,,,,,,,,45,95.08,100,35,68.0,87,66,69.67,72,12,14.92,20,112.9,227.14,239.4,2731.2,10801.0,39.0,0,5.1,8.65,24.6,37.64,37.68,37.73,63.16,0.09,0.09,0.09,19.11,0.0,0.0,0.01,0.02,0.64,3.08,11.015,14.588,14.905,14.9,14.905,15.992,0.317,0.32,0.317,146.0,2274.08,15625.0,341.0,3307.58,6933.0,4,4.0,4,16,16.0,16,4,16,2.65,109.54
47,1,,,,,,,100,77,67,15,122.6,2745,10801,39,0,24.9,25.6;33.0;33.0;32.0;33.0;32.4;76.0;56.2;36.5;37.5;59.4;65.8;16.5;18.1;3.0;2.0;8.3;8.9;1.1;1.2;5.2;5.4;2.5;3.6,37.75,0.09,0.0,0.03,14.905,0.317,1074.0,5517.0,4,16,,,,,,,,,,,,,,,,,,,,,,,,,,,,,,,,,,,,,,,,,,,,,,,,,,,,,,,,,,,,,
47,2,,,,,,,100,75,69,14,237.0,2730,10801,39,0,7.3,0.9;5.4;1.2;0.8;1.2;0.6;30.5;50.5;2.9;2.4;19.2;56.2;0.5;0.6;0.0;0.0;0.0;0.0;0.0;0.2;0.0;0.0;0.6;0.6,37.7,0.09,0.0,2.47,14.905,0.317,1513.0,195.0,4,16,,,,,,,,,,,,,,,,,,,,,,,,,,,,,,,,,,,,,,,,,,,,,,,,,,,,,,,,,,,,,
47,3,,,,,,,98,80,71,12,237.2,2730,10801,39,0,7.1,1.1;3.7;0.9;0.2;0.3;0.3;51.8;25.6;1.5;2.6;27.4;52.7;0.6;0.6;0.0;0.2;0.0;0.0;0.2;0.0;0.0;0.3;0.2;0.2,37.69,0.09,0.0,1.77,14.905,0.317,7617.0,132812.0,4,16,,,,,,,,,,,,,,,,,,,,,,,,,,,,,,,,,,,,,,,,,,,,,,,,,,,,,,,,,,,,,
47,4,,,,,,,100,61,69,19,237.6,2730,10801,39,0,7.2,0.5;3.9;0.5;0.3;0.2;0.3;44.0;20.2;3.2;1.2;36.2;58.5;1.1;0.3;0.0;0.0;0.0;0.0;0.0;0.0;0.2;0.2;1.1;0.0,37.67,0.09,0.0,3.08,14.905,0.317,146.0,2001.0,4,16,,,,,,,,,,,,,,,,,,,,,,,,,,,,,,,,,,,,,,,,,,,,,,,,,,,,,,,,,,,,,
47,5,,,,,,,99,81,72,16,236.4,2730,10801,39,0,7.3,0.8;6.3;1.1;0.5;0.3;0.2;52.3;35.2;2.7;1.5;21.2;49.8;0.6;0.3;0.0;0.2;0.2;0.0;0.0;0.2;0.0;0.3;1.2;0.5,37.64,0.09,0.0,0.02,14.905,0.317,1708.0,2050.0,4,16,,,,,,,,,,,,,,,,,,,,,,,,,,,,,,,,,,,,,,,,,,,,,,,,,,,,,,,,,,,,,
47,6,,,,,,,100,56,73,15,237.3,2730,10801,39,0,7.5,1.2;4.0;2.7;0.9;1.1;0.0;26.5;36.8;5.0;3.3;32.7;64.1;0.6;0.8;0.0;0.2;0.2;0.0;0.0;0.3;0.0;0.0;0.2;0.2,37.65,0.09,0.0,0.02,14.905,0.317,1025.0,1708.0,4,16,,,,,,,,,,,,,,,,,,,,,,,,,,,,,,,,,,,,,,,,,,,,,,,,,,,,,,,,,,,,,
47,7,,,,,,,100,68,72,12,237.8,2730,10801,39,0,7.7,0.6;3.6;1.7;0.8;0.8;0.5;38.4;39.3;5.8;2.1;42.7;46.0;1.1;0.5;0.2;0.0;0.0;0.3;0.0;0.0;0.0;0.0;0.0;0.0,37.67,0.09,0.0,0.02,14.905,0.317,1513.0,146.0,4,16,,,,,,,,,,,,,,,,,,,,,,,,,,,,,,,,,,,,,,,,,,,,,,,,,,,,,,,,,,,,,
47,8,,,,,,,100,72,73,12,237.3,2730,10801,39,0,8.1,2.3;4.9;1.8;2.1;1.5;0.6;42.2;36.9;5.5;4.8;35.1;54.0;1.1;0.5;0.0;0.2;0.0;0.0;0.0;0.0;0.2;0.0;0.6;0.5,37.66,0.09,0.0,0.03,14.905,0.317,1025.0,8691.0,4,16,,,,,,,,,,,,,,,,,,,,,,,,,,,,,,,,,,,,,,,,,,,,,,,,,,,,,,,,,,,,,
47,9,,,,,,,100,75,70,17,237.1,2730,10801,39,0,8.5,0.9;14.0;2.0;1.7;0.5;0.8;45.9;39.3;3.6;3.8;25.4;64.8;0.8;0.6;0.0;0.0;0.0;0.0;0.0;0.0;0.0;0.0;0.0;0.0,37.69,0.09,0.0,0.03,14.905,0.317,23388.0,1708.0,4,16,,,,,,,,,,,,,,,,,,,,,,,,,,,,,,,,,,,,,,,,,,,,,,,,,,,,,,,,,,,,,
47,10,,,,,,,98,77,71,13,236.7,2730,10801,39,0,7.3,1.2;3.6;0.9;0.6;0.2;0.0;38.8;36.2;2.4;2.4;31.9;54.9;0.3;0.8;0.3;0.0;0.0;0.0;0.0;0.2;0.0;0.3;0.0;0.0,37.67,0.09,0.0,0.02,14.905,0.317,1220.0,5664.0,4,16,,,,,,,,,,,,,,,,,,,,,,,,,,,,,,,,,,,,,,,,,,,,,,,,,,,,,,,,,,,,,
47,11,,,,,,,100,67,72,14,238.5,2730,10801,39,0,5.7,0.8;1.5;0.8;0.8;0.3;0.2;40.9;27.1;1.5;1.4;25.1;33.8;0.3;0.2;0.0;0.3;0.3;0.2;0.0;0.2;0.0;0.3;0.3;0.0,37.69,0.09,0.0,0.04,14.905,0.317,1269.0,292.0,4,16,,,,,,,,,,,,,,,,,,,,,,,,,,,,,,,,,,,,,,,,,,,,,,,,,,,,,,,,,,,,,
47,12,,,,,,,98,82,72,13,235.4,2730,10801,39,0,5.1,0.7;1.7;1.3;1.5;0.7;0.2;9.9;40.0;1.7;2.2;26.4;36.1;0.2;0.0;0.0;0.0;0.0;0.0;0.0;0.0;0.0;0.0;0.0;0.0,37.68,0.09,0.01,0.04,14.905,0.317,17138.0,2587.0,4,16,,,,,,,,,,,,,,,,,,,,,,,,,,,,,,,,,,,,,,,,,,,,,,,,,,,,,,,,,,,,,
47,summary,0.3995701622663101,0.9891417364505183,0.38838714116088957,0.9885686060050101,0.00100000,137.0,,,,,,,,,,,,,,,,,,,,,,98,99.42,100,56,72.58,82,67,70.92,73,12,14.33,19,122.6,227.58,238.5,2731.2,10801.0,39.0,0,5.1,8.64,24.9,37.64,37.68,37.75,63.16,0.09,0.09,0.09,19.11,0.0,0.0,0.01,0.02,0.63,3.08,11.015,14.588,14.905,14.9,14.905,15.992,0.317,0.32,0.317,146.0,4886.33,23388.0,146.0,13614.25,132812.0,4,4.0,4,16,16.0,16,4,16,2.64,109.52
48,1,,,,,,,62,52,67,15,140.2,2745,10801,39,0,25.1,27.2;30.2;35.0;35.8;32.4;33.6;70.5;57.7;36.2;37.5;54.6;70.1;19.9;16.8;4.3;3.5;7.2;7.7;2.0;1.7;4.4;5.0;4.7;5.3,37.77,0.09,0.0,0.02,14.905,0.317,1269.0,5566.0,4,16,,,,,,,,,,,,,,,,,,,,,,,,,,,,,,,,,,,,,,,,,,,,,,,,,,,,,,,,,,,,,
48,2,,,,,,,100,86,68,15,235.7,2730,10801,39,0,8.3,2.0;5.4;1.8;4.4;0.2;1.5;35.8;52.0;5.3;4.0;35.7;48.5;0.5;0.5;0.2;0.0;0.3;0.2;0.3;0.0;0.0;0.2;0.2;0.0,37.72,0.09,0.0,2.5,14.905,0.317,1269.0,341.0,4,16,,,,,,,,,,,,,,,,,,,,,,,,,,,,,,,,,,,,,,,,,,,,,,,,,,,,,,,,,,,,,
48,3,,,,,,,100,79,72,13,235.9,2730,10801,39,0,8.0,1.2;4.3;1.1;2.6;0.6;0.8;36.9;41.6;5.5;5.0;37.5;53.1;0.8;0.8;0.0;0.2;0.2;0.0;0.0;0.0;0.3;0.5;0.3;0.0,37.71,0.09,0.0,1.78,14.905,0.317,2148.0,5712.0,4,16,,,,,,,,,,,,,,,,,,,,,,,,,,,,,,,,,,,,,,,,,,,,,,,,,,,,,,,,,,,,,
48,4,,,,,,,100,77,70,20,238.3,2730,10801,39,0,8.4,1.5;3.4;1.8;1.7;1.5;0.6;37.9;49.8;5.4;5.3;39.8;49.3;0.9;0.5;0.2;0.0;0.2;0.3;0.0;0.2;0.0;0.2;0.6;0.5,37.68,0.09,0.0,3.09,14.905,0.317,976.0,1660.0,4,16,,,,,,,,,,,,,,,,,,,,,,,,,,,,,,,,,,,,,,,,,,,,,,,,,,,,,,,,,,,,,
48,5,,,,,,,98,74,69,15,235.1,2730,10801,39,0,8.3,0.9;14.3;1.1;1.4;0.3;0.2;47.3;48.8;2.9;3.0;33.0;40.8;0.9;0.9;0.0;0.0;0.2;0.0;0.2;0.2;0.5;1.7;0.0;0.0,37.69,0.09,0.0,0.08,14.905,0.317,2148.0,585.0,4,16,,,,,,,,,,,,,,,,,,,,,,,,,,,,,,,,,,,,,,,,,,,,,,,,,,,,,,,,,,,,,
48,6,,,,,,,100,54,70,14,237.4,2730,10801,39,0,7.0,1.2;3.2;1.2;0.6;0.2;0.6;40.1;32.8;2.0;2.7;16.1;65.5;0.5;0.6;0.0;0.0;0.0;0.2;0.0;0.0;0.0;0.5;0.3;0.2,37.67,0.09,0.0,0.03,14.905,0.317,146.0,1904.0,4,16,,,,,,,,,,,,,,,,,,,,,,,,,,,,,,,,,,,,,,,,,,,,,,,,,,,,,,,,,,,,,
48,7,,,,,,,88,71,70,13,233.9,2730,10801,39,0,7.1,0.5;2.5;0.3;0.6;0.3;0.3;40.7;38.8;1.1;1.7;32.5;47.7;0.5;0.9;0.0;0.0;0.0;0.0;0.0;0.3;0.0;0.3;0.0;0.2,37.67,0.09,0.0,0.02,14.905,0.317,830.0,1855.0,4,16,,,,,,,,,,,,,,,,,,,,,,,,,,,,,,,,,,,,,,,,,,,,,,,,,,,,,,,,,,,,,
48,8,,,,,,,100,73,69,16,237.1,2730,10801,39,0,7.3,1.1;4.5;1.5;1.7;0.3;0.3;36.3;37.2;4.1;2.7;31.6;52.1;0.8;0.9;0.0;0.2;0.0;0.0;0.0;0.0;0.0;0.2;0.2;0.2,37.69,0.09,0.0,0.02,14.905,0.317,634.0,7226.0,4,16,,,,,,,,,,,,,,,,,,,,,,,,,,,,,,,,,,,,,,,,,,,,,,,,,,,,,,,,,,,,,
48,9,,,,,,,100,77,71,15,237.2,2730,10801,39,0,7.4,1.4;5.9;0.6;0.8;0.6;0.8;24.5;40.4;1.8;2.6;27.8;67.3;1.2;0.5;0.0;0.0;0.0;0.0;0.0;0.0;0.3;0.2;0.0;0.2,37.65,0.09,0.0,0.02,14.905,0.317,146.0,1513.0,4,16,,,,,,,,,,,,,,,,,,,,,,,,,,,,,,,,,,,,,,,,,,,,,,,,,,,,,,,,,,,,,
48,10,,,,,,,98,80,69,13,238.0,2730,10801,39,0,7.9,1.8;5.9;2.1;1.8;1.8;0.6;49.6;26.3;3.2;4.7;43.0;46.4;0.9;0.8;0.0;0.0;0.3;0.0;0.2;0.0;0.0;0.0;0.9;0.0,37.66,0.09,0.0,0.02,14.905,0.317,1953.0,6884.0,4,16,,,,,,,,,,,,,,,,,,,,,,,,,,,,,,,,,,,,,,,,,,,,,,,,,,,,,,,,,,,,,
48,11,,,,,,,100,64,70,15,239.3,2730,10801,39,0,6.6,1.1;1.7;2.9;1.7;0.8;0.2;13.8;52.0;6.8;2.7;29.9;43.6;0.2;0.3;0.0;0.0;0.2;0.0;0.0;0.0;0.0;0.2;0.0;0.0,37.68,0.09,0.0,0.06,14.905,0.317,341.0,1953.0,4,16,,,,,,,,,,,,,,,,,,,,,,,,,,,,,,,,,,,,,,,,,,,,,,,,,,,,,,,,,,,,,
48,12,,,,,,,99,81,72,12,236.6,2730,10801,39,0,5.7,0.6;4.0;1.1;0.7;0.6;0.7;27.8;30.0;3.4;1.7;32.9;31.5;0.2;0.2;0.0;0.0;0.0;0.2;0.0;0.0;0.0;0.0;0.0;0.0,37.69,0.09,0.0,0.05,14.905,0.317,1269.0,1513.0,4,16,,,,,,,,,,,,,,,,,,,,,,,,,,,,,,,,,,,,,,,,,,,,,,,,,,,,,,,,,,,,,
48,summary,0.3981828290086953,0.9895215266320082,0.3884282240781645,0.9887097343259359,0.00100000,136.9,,,,,,,,,,,,,,,,,,,,,,62,95.42,100,52,72.33,86,67,69.75,72,12,14.67,20,140.2,228.72,239.3,2731.2,10801.0,39.0,0,5.7,8.93,25.1,37.65,37.69,37.77,63.16,0.09,0.09,0.09,19.11,0.0,0.0,0.0,0.02,0.64,3.09,11.015,14.588,14.905,14.9,14.905,15.992,0.317,0.32,0.317,146.0,1094.08,2148.0,341.0,3059.33,7226.0,4,4.0,4,16,16.0,16,4,16,2.59,109.52
49,1,,,,,,,98,78,66,16,131.1,2730,10801,39,0,25.2,27.2;32.2;33.0;32.1;32.7;33.3;62.5;72.9;37.0;36.6;54.2;69.1;18.1;19.3;3.1;3.4;7.8;8.9;1.5;1.9;4.8;4.2;3.7;3.6,37.74,0.09,0.01,0.18,14.905,0.317,1123.0,5419.0,4,16,,,,,,,,,,,,,,,,,,,,,,,,,,,,,,,,,,,,,,,,,,,,,,,,,,,,,,,,,,,,,
49,2,,,,,,,100,73,69,13,237.3,2730,10801,39,0,7.5,2.0;4.6;2.1;1.7;0.6;0.5;46.6;38.5;2.6;1.8;34.4;42.6;0.6;0.5;0.0;0.0;0.2;0.0;0.0;0.0;0.5;0.5;0.3;0.0,37.73,0.09,0.0,2.49,14.905,0.317,1269.0,1562.0,4,16,,,,,,,,,,,,,,,,,,,,,,,,,,,,,,,,,,,,,,,,,,,,,,,,,,,,,,,,,,,,,
49,3,,,,,,,98,82,71,14,237.2,2730,10801,39,0,7.4,0.9;3.9;1.8;1.1;1.8;0.5;42.0;30.6;2.4;1.8;47.9;40.0;0.6;0.9;0.2;0.0;0.0;0.2;0.0;0.0;0.2;0.3;0.2;0.0,37.71,0.09,0.0,1.8,14.905,0.317,3906.0,5566.0,4,16,,,,,,,,,,,,,,,,,,,,,,,,,,,,,,,,,,,,,,,,,,,,,,,,,,,,,,,,,,,,,
49,4,,,,,,,100,57,72,18,237.1,2730,10801,39,0,6.9,0.8;2.4;0.8;0.5;0.5;0.2;47.9;39.3;2.4;1.5;30.8;37.9;0.5;0.8;0.0;0.0;0.0;0.0;0.0;0.0;0.0;0.0;0.0;0.0,37.66,0.09,0.0,3.12,14.905,0.317,146.0,1904.0,4,16,,,,,,,,,,,,,,,,,,,,,,,,,,,,,,,,,,,,,,,,,,,,,,,,,,,,,,,,,,,,,
49,5,,,,,,,100,83,67,13,236.0,2730,10801,39,0,7.3,1.1;6.6;1.8;1.1;0.3;0.5;52.1;33.4;1.5;2.1;41.4;32.0;0.9;0.8;0.0;0.0;0.0;0.0;0.0;0.0;0.0;0.0;0.0;0.0,37.66,0.09,0.0,0.04,14.905,0.317,1708.0,1904.0,4,16,,,,,,,,,,,,,,,,,,,,,,,,,,,,,,,,,,,,,,,,,,,,,,,,,,,,,,,,,,,,,
49,6,,,,,,,100,47,69,15,237.2,2730,10801,39,0,7.5,1.2;5.7;2.1;1.4;0.6;0.5;37.2;41.3;2.9;5.3;21.0;58.4;0.8;0.5;0.2;0.2;0.6;0.2;0.2;0.0;0.0;0.3;0.6;0.0,37.67,0.09,0.0,0.01,14.905,0.317,146.0,1757.0,4,16,,,,,,,,,,,,,,,,,,,,,,,,,,,,,,,,,,,,,,,,,,,,,,,,,,,,,,,,,,,,,
49,7,,,,,,,100,72,70,15,237.0,2730,10801,39,0,8.4,2.6;4.5;3.0;3.2;1.1;0.5;60.7;32.1;4.4;6.5;42.6;33.2;1.2;0.3;0.2;0.2;0.3;0.3;0.2;0.3;0.2;0.0;3.8;0.9,37.63,0.09,0.0,0.03,14.905,0.317,146.0,1806.0,4,16,,,,,,,,,,,,,,,,,,,,,,,,,,,,,,,,,,,,,,,,,,,,,,,,,,,,,,,,,,,,,
49,8,,,,,,,100,68,72,12,237.4,2730,10801,39,0,7.6,0.6;4.7;1.4;1.2;1.1;0.2;43.1;43.8;2.7;4.2;36.7;41.0;0.6;0.8;0.0;0.0;0.0;0.2;0.0;0.0;0.6;0.2;0.0;0.0,37.68,0.09,0.0,0.03,14.905,0.317,341.0,6005.0,4,16,,,,,,,,,,,,,,,,,,,,,,,,,,,,,,,,,,,,,,,,,,,,,,,,,,,,,,,,,,,,,
49,9,,,,,,,100,63,69,14,236.3,2730,10801,39,0,8.3,1.1;4.3;1.7;1.4;0.8;0.8;44.2;48.6;3.6;8.6;46.4;35.3;0.8;0.9;0.2;0.0;0.2;0.0;0.0;0.0;0.0;0.0;0.5;0.0,37.67,0.09,0.0,0.02,14.905,0.317,1269.0,1611.0,4,16,,,,,,,,,,,,,,,,,,,,,,,,,,,,,,,,,,,,,,,,,,,,,,,,,,,,,,,,,,,,,
49,10,,,,,,,98,77,70,13,237.1,2730,10801,39,0,8.1,0.5;13.1;0.9;1.4;0.6;0.0;58.8;35.0;2.1;3.3;31.7;41.8;0.5;0.9;0.0;0.0;0.0;0.2;0.0;0.0;0.0;0.0;1.4;1.1,37.64,0.09,0.0,0.04,14.905,0.317,1074.0,5810.0,4,16,,,,,,,,,,,,,,,,,,,,,,,,,,,,,,,,,,,,,,,,,,,,,,,,,,,,,,,,,,,,,
49,11,,,,,,,100,75,72,14,237.4,2730,10801,39,0,5.7,0.5;2.7;0.6;0.8;0.6;0.0;43.9;33.9;1.4;3.0;19.5;28.4;0.5;0.3;0.0;0.0;0.0;0.0;0.0;0.0;0.0;0.0;0.0;0.0,37.67,0.09,0.0,0.02,14.905,0.317,57421.0,125927.0,4,16,,,,,,,,,,,,,,,,,,,,,,,,,,,,,,,,,,,,,,,,,,,,,,,,,,,,,,,,,,,,,
49,12,,,,,,,99,80,68,13,235.6,2730,10801,39,0,4.9,0.0;2.4;0.2;0.6;0.2;0.2;22.2;24.3;0.9;1.7;34.3;29.4;0.0;0.0;0.0;0.0;0.0;0.0;0.0;0.0;0.2;0.7;0.0;0.0,37.66,0.09,0.0,0.03,14.905,0.317,390.0,1953.0,4,16,,,,,,,,,,,,,,,,,,,,,,,,,,,,,,,,,,,,,,,,,,,,,,,,,,,,,,,,,,,,,
49,summary,0.397365722399113,0.9898079257852629,0.388216865352714,0.9887097343259359,0.00100000,137.1,,,,,,,,,,,,,,,,,,,,,,98,99.42,100,47,71.25,83,66,69.58,72,12,14.17,18,131.1,228.06,237.4,2730.0,10801.0,39.0,0,4.9,8.73,25.2,37.63,37.68,37.74,63.16,0.09,0.09,0.09,19.11,0.0,0.0,0.01,0.01,0.65,3.12,11.015,14.588,14.905,14.9,14.905,15.992,0.317,0.32,0.317,146.0,5744.92,57421.0,1562.0,13435.33,125927.0,4,4.0,4,16,16.0,16,4,16,2.62,109.55
50,1,,,,,,,100,87,66,16,125.0,2730,10801,39,0,24.1,25.4;27.2;32.8;32.1;32.2;32.5;72.3;55.7;34.1;35.5;56.5;62.5;17.3;20.2;2.7;2.6;6.1;9.9;1.2;1.7;4.6;4.5;3.7;4.0,37.76,0.09,0.0,0.04,14.905,0.317,2148.0,5664.0,4,16,,,,,,,,,,,,,,,,,,,,,,,,,,,,,,,,,,,,,,,,,,,,,,,,,,,,,,,,,,,,,
50,2,,,,,,,98,80,69,21,235.3,2730,10801,39,0,7.7,0.9;5.8;1.5;1.4;0.6;0.6;49.8;27.4;4.6;4.0;31.7;52.4;0.8;0.8;0.0;0.0;0.0;0.0;0.3;0.2;0.6;0.0;0.0;0.3,37.72,0.09,0.0,2.49,14.905,0.317,1025.0,439.0,4,16,,,,,,,,,,,,,,,,,,,,,,,,,,,,,,,,,,,,,,,,,,,,,,,,,,,,,,,,,,,,,
50,3,,,,,,,100,77,70,16,238.1,2730,10801,39,0,7.7,0.3;3.9;2.0;1.4;0.6;0.5;48.3;35.9;2.7;4.1;43.4;36.9;1.2;0.8;0.0;0.0;0.2;0.2;0.3;0.0;0.3;0.0;0.6;0.6,37.7,0.09,0.0,1.78,14.905,0.317,830.0,7275.0,4,16,,,,,,,,,,,,,,,,,,,,,,,,,,,,,,,,,,,,,,,,,,,,,,,,,,,,,,,,,,,,,
50,4,,,,,,,98,82,71,14,236.2,2730,10801,39,0,7.6,1.4;4.0;1.7;1.7;0.8;0.6;54.9;33.8;2.9;4.7;34.4;40.3;0.6;0.5;0.0;0.0;0.0;0.0;0.0;0.0;0.0;0.0;0.0;0.0,37.67,0.09,0.0,3.08,14.905,0.317,390.0,1562.0,4,16,,,,,,,,,,,,,,,,,,,,,,,,,,,,,,,,,,,,,,,,,,,,,,,,,,,,,,,,,,,,,
50,5,,,,,,,100,56,72,13,236.0,2730,10801,39,0,9.2,2.0;14.0;2.1;2.6;1.1;0.9;43.3;37.6;5.6;5.0;56.6;45.7;0.9;0.8;0.0;0.0;0.3;0.0;0.0;0.0;0.2;0.2;0.0;0.0,37.68,0.09,0.0,0.04,14.905,0.317,1074.0,585.0,4,16,,,,,,,,,,,,,,,,,,,,,,,,,,,,,,,,,,,,,,,,,,,,,,,,,,,,,,,,,,,,,
50,6,,,,,,,100,88,71,14,238.7,2730,10801,39,0,7.4,2.1;5.6;1.1;1.4;0.8;0.3;51.1;40.7;1.7;2.9;38.8;27.9;0.5;0.3;0.0;0.0;0.0;0.0;0.2;0.0;0.8;2.1;0.0;0.0,37.69,0.09,0.0,0.02,14.905,0.317,1513.0,537.0,4,16,,,,,,,,,,,,,,,,,,,,,,,,,,,,,,,,,,,,,,,,,,,,,,,,,,,,,,,,,,,,,
50,7,,,,,,,100,57,71,20,235.1,2730,10801,39,0,7.2,0.8;3.9;1.7;1.5;0.8;0.6;65.4;24.4;2.4;2.0;29.4;38.8;0.2;0.8;0.0;0.0;0.3;0.0;0.0;0.0;0.0;0.2;0.3;0.2,37.67,0.09,0.0,0.04,14.905,0.317,585.0,195.0,4,16,,,,,,,,,,,,,,,,,,,,,,,,,,,,,,,,,,,,,,,,,,,,,,,,,,,,,,,,,,,,,
50,8,,,,,,,100,87,67,13,237.9,2730,10801,39,0,7.2,0.3;2.4;1.1;1.1;0.5;1.1;42.3;26.0;2.1;2.7;45.1;46.9;0.9;0.8;0.0;0.0;0.0;0.0;0.0;0.0;0.0;0.0;0.0;0.0,37.68,0.09,0.0,0.03,14.905,0.317,390.0,4687.0,4,16,,,,,,,,,,,,,,,,,,,,,,,,,,,,,,,,,,,,,,,,,,,,,,,,,,,,,,,,,,,,,
50,9,,,,,,,98,77,72,12,235.6,2730,10801,39,0,7.4,1.2;4.9;2.3;1.7;0.0;0.6;52.1;26.5;1.5;2.6;38.1;44.0;0.8;0.5;0.0;0.2;0.2;0.0;0.2;0.0;0.2;0.5;0.5;0.0,37.67,0.09,0.0,0.06,14.905,0.317,25097.0,126904.0,4,16,,,,,,,,,,,,,,,,,,,,,,,,,,,,,,,,,,,,,,,,,,,,,,,,,,,,,,,,,,,,,
50,10,,,,,,,100,71,70,12,237.3,2730,10801,39,0,7.5,0.9;8.9;0.3;0.9;0.3;0.5;50.7;32.8;1.1;2.3;45.5;32.2;0.2;0.5;0.0;0.0;0.5;0.0;0.0;0.0;0.6;1.1;0.0;0.0,37.69,0.09,0.0,0.03,14.905,0.317,1074.0,5566.0,4,16,,,,,,,,,,,,,,,,,,,,,,,,,,,,,,,,,,,,,,,,,,,,,,,,,,,,,,,,,,,,,
50,11,,,,,,,99,81,70,11,237.8,2730,10801,39,0,6.3,0.0;5.3;0.9;0.6;0.5;0.3;45.5;24.5;3.5;2.1;42.5;22.9;0.8;0.6;0.0;0.0;0.0;0.0;0.0;0.0;0.0;0.0;0.8;0.5,37.67,0.09,0.0,0.02,14.905,0.317,1269.0,1562.0,4,16,,,,,,,,,,,,,,,,,,,,,,,,,,,,,,,,,,,,,,,,,,,,,,,,,,,,,,,,,,,,,
50,12,,,,,,,100,65,69,13,237.7,2730,10801,39,0,5.7,0.2;4.0;1.7;1.5;0.2;0.0;30.8;44.3;2.2;4.1;21.2;25.6;0.2;0.0;0.0;0.0;0.2;0.0;0.0;0.0;0.2;0.0;0.0;0.0,37.67,0.09,0.0,0.03,14.905,0.317,390.0,537.0,4,16,,,,,,,,,,,,,,,,,,,,,,,,,,,,,,,,,,,,,,,,,,,,,,,,,,,,,,,,,,,,,
50,summary,0.3974534073442428,0.9897954736481649,0.3884686383752948,0.9887450164061673,0.00100000,137.0,,,,,,,,,,,,,,,,,,,,,,98,99.42,100,56,75.67,88,66,69.83,72,11,14.58,21,125.0,227.56,238.7,2730.0,10801.0,39.0,0,5.7,8.75,24.1,37.67,37.69,37.76,63.16,0.09,0.09,0.09,19.11,0.0,0.0,0.0,0.02,0.64,3.08,11.015,14.588,14.905,14.9,14.905,15.992,0.317,0.32,0.317,390.0,2982.08,25097.0,195.0,12959.42,126904.0,4,4.0,4,16,16.0,16,4,16,2.7,109.56
51,1,,,,,,,100,63,70,17,123.1,2730,10801,39,0,25.1,26.3;33.1;33.6;32.6;33.6;34.4;69.3;65.0;37.3;37.5;54.9;64.6;19.4;20.1;2.7;3.4;7.0;7.7;1.9;2.3;4.3;4.8;2.7;4.2,37.73,0.09,0.0,0.02,14.905,0.317,1074.0,5664.0,4,16,,,,,,,,,,,,,,,,,,,,,,,,,,,,,,,,,,,,,,,,,,,,,,,,,,,,,,,,,,,,,
51,2,,,,,,,98,77,70,17,234.2,2730,10801,39,0,7.2,0.5;4.0;1.1;0.8;0.0;0.0;37.6;40.5;2.1;2.1;25.6;55.3;0.5;0.5;0.0;0.0;0.0;0.0;0.0;0.0;0.0;0.0;1.1;0.5,37.73,0.09,0.0,2.49,14.905,0.317,1025.0,1611.0,4,16,,,,,,,,,,,,,,,,,,,,,,,,,,,,,,,,,,,,,,,,,,,,,,,,,,,,,,,,,,,,,
51,3,,,,,,,100,56,70,16,236.6,2730,10801,39,0,7.1,0.5;4.6;0.5;0.8;0.0;0.2;47.0;29.5;1.8;2.0;39.9;41.5;0.8;0.5;0.0;0.0;0.0;0.0;0.0;0.0;0.0;0.0;0.0;0.0,37.67,0.09,0.0,1.78,14.905,0.317,2197.0,13427.0,4,16,,,,,,,,,,,,,,,,,,,,,,,,,,,,,,,,,,,,,,,,,,,,,,,,,,,,,,,,,,,,,
51,4,,,,,,,100,85,68,14,237.3,2730,10801,39,0,7.4,1.2;5.2;1.2;1.1;1.1;0.0;51.0;28.3;3.0;1.2;25.6;55.6;0.5;0.8;0.2;0.2;0.5;0.2;0.0;0.2;0.3;0.2;0.2;0.2,37.65,0.09,0.0,3.07,14.905,0.317,146.0,1708.0,4,16,,,,,,,,,,,,,,,,,,,,,,,,,,,,,,,,,,,,,,,,,,,,,,,,,,,,,,,,,,,,,
51,5,,,,,,,100,50,72,15,235.8,2730,10801,39,0,7.4,0.8;5.5;1.2;0.8;0.6;0.6;55.1;23.4;3.5;2.0;30.9;51.7;0.8;0.5;0.0;0.0;0.0;0.0;0.0;0.0;0.0;0.6;0.0;0.0,37.7,0.09,0.01,0.03,14.905,0.317,1074.0,4687.0,4,16,,,,,,,,,,,,,,,,,,,,,,,,,,,,,,,,,,,,,,,,,,,,,,,,,,,,,,,,,,,,,
51,6,,,,,,,100,75,70,13,239.4,2730,10801,39,0,7.6,1.7;6.1;1.7;1.2;1.1;0.5;52.4;28.5;4.6;2.4;32.1;49.3;0.9;0.6;0.0;0.0;0.0;0.0;0.0;0.0;0.0;0.0;0.0;0.0,37.66,0.09,0.0,0.05,14.905,0.317,1269.0,1855.0,4,16,,,,,,,,,,,,,,,,,,,,,,,,,,,,,,,,,,,,,,,,,,,,,,,,,,,,,,,,,,,,,
51,7,,,,,,,100,70,73,12,235.3,2730,10801,39,0,7.6,0.8;5.8;1.7;1.4;0.5;0.5;59.4;22.4;4.7;2.4;28.0;53.7;1.4;0.5;0.0;0.0;0.0;0.0;0.0;0.0;0.0;0.2;0.0;0.0,37.64,0.09,0.0,0.03,14.905,0.317,1269.0,244.0,4,16,,,,,,,,,,,,,,,,,,,,,,,,,,,,,,,,,,,,,,,,,,,,,,,,,,,,,,,,,,,,,
51,8,,,,,,,100,85,70,20,239.3,2730,10801,39,0,7.8,0.9;2.9;1.7;1.8;0.5;0.6;57.9;27.4;3.0;5.1;27.6;55.4;1.2;0.5;0.3;0.0;0.0;0.0;0.2;0.0;0.0;0.2;0.0;0.2,37.7,0.09,0.0,0.03,14.905,0.317,24414.0,20605.0,4,16,,,,,,,,,,,,,,,,,,,,,,,,,,,,,,,,,,,,,,,,,,,,,,,,,,,,,,,,,,,,,
51,9,,,,,,,100,61,70,14,235.5,2730,10801,39,0,7.8,0.5;1.8;0.9;1.1;0.5;0.3;66.7;21.4;4.1;5.6;32.3;49.4;0.6;0.5;0.0;0.0;0.0;0.0;0.0;0.0;0.2;0.0;1.7;0.3,37.65,0.09,0.0,0.04,14.905,0.317,830.0,1757.0,4,16,,,,,,,,,,,,,,,,,,,,,,,,,,,,,,,,,,,,,,,,,,,,,,,,,,,,,,,,,,,,,
51,10,,,,,,,100,88,70,12,237.4,2730,10801,39,0,8.5,0.2;12.6;2.0;0.9;0.8;0.5;57.8;26.8;5.1;3.8;47.6;43.2;0.8;1.1;0.0;0.2;0.0;0.3;0.2;0.0;0.2;0.0;0.0;0.3,37.65,0.09,0.0,0.02,14.905,0.317,1953.0,9570.0,4,16,,,,,,,,,,,,,,,,,,,,,,,,,,,,,,,,,,,,,,,,,,,,,,,,,,,,,,,,,,,,,
51,11,,,,,,,99,80,72,14,236.6,2730,10801,39,0,5.9,0.6;4.2;0.8;1.2;0.3;0.8;37.4;23.6;2.0;2.1;23.2;44.6;0.5;0.2;0.0;0.0;0.0;0.0;0.2;0.0;0.2;0.2;0.2;0.0,37.66,0.09,0.0,0.06,14.905,0.317,195.0,1757.0,4,16,,,,,,,,,,,,,,,,,,,,,,,,,,,,,,,,,,,,,,,,,,,,,,,,,,,,,,,,,,,,,
51,12,,,,,,,100,81,70,13,237.6,2730,10801,39,0,4.9,0.7;2.2;1.1;1.1;0.2;0.6;50.4;25.5;1.1;1.5;12.3;21.2;0.0;0.0;0.0;0.0;0.0;0.0;0.0;0.0;0.2;0.0;0.0;0.0,37.67,0.09,0.0,0.03,14.905,0.317,16650.0,1611.0,4,16,,,,,,,,,,,,,,,,,,,,,,,,,,,,,,,,,,,,,,,,,,,,,,,,,,,,,,,,,,,,,
51,summary,0.3982055523466567,0.9895837873174984,0.38813936733174953,0.9891331192887133,0.00100000,137.1,,,,,,,,,,,,,,,,,,,,,,98,99.75,100,50,72.58,88,68,70.42,73,12,14.75,20,123.1,227.34,239.4,2730.0,10801.0,39.0,0,4.9,8.69,25.1,37.64,37.68,37.73,63.16,0.09,0.09,0.09,19.11,0.0,0.0,0.01,0.02,0.64,3.07,11.015,14.588,14.905,14.9,14.905,15.992,0.317,0.32,0.317,146.0,4341.33,24414.0,244.0,5374.67,20605.0,4,4.0,4,16,16.0,16,4,16,2.66,109.53
52,1,,,,,,,100,71,66,15,112.4,2730,10801,39,0,24.1,25.9;27.9;33.0;33.1;30.6;31.8;72.9;53.9;33.8;35.2;61.1;59.0;16.3;18.7;3.4;4.0;8.0;8.6;2.0;2.2;5.1;4.6;2.6;3.4,37.75,0.09,0.0,0.06,14.905,0.317,2197.0,5566.0,4,16,,,,,,,,,,,,,,,,,,,,,,,,,,,,,,,,,,,,,,,,,,,,,,,,,,,,,,,,,,,,,
52,2,,,,,,,100,87,69,20,236.4,2730,10801,39,0,7.3,0.6;6.2;0.6;1.4;0.5;0.3;47.6;31.2;1.4;1.2;29.4;51.4;0.6;0.5;0.0;0.0;0.2;0.0;0.0;0.0;0.8;1.7;0.2;0.0,37.71,0.09,0.0,2.48,14.905,0.317,1513.0,244.0,4,16,,,,,,,,,,,,,,,,,,,,,,,,,,,,,,,,,,,,,,,,,,,,,,,,,,,,,,,,,,,,,
52,3,,,,,,,98,81,70,16,236.8,2730,10801,39,0,7.3,1.1;3.1;0.8;1.5;0.6;0.0;54.6;33.8;3.0;2.9;24.9;48.4;0.5;0.3;0.0;0.0;0.0;0.0;0.0;0.0;0.0;0.0;0.3;0.0,37.7,0.09,0.0,1.77,14.905,0.317,1074.0,6005.0,4,16,,,,,,,,,,,,,,,,,,,,,,,,,,,,,,,,,,,,,,,,,,,,,,,,,,,,,,,,,,,,,
52,4,,,,,,,100,77,70,15,238.9,2730,10801,39,0,7.7,0.6;3.3;1.4;1.2;0.3;0.3;38.6;39.0;4.3;3.5;39.0;51.8;0.6;0.8;0.0;0.0;0.0;0.0;0.0;0.0;0.0;0.0;0.3;0.2,37.68,0.09,0.0,3.09,14.905,0.317,10742.0,1562.0,4,16,,,,,,,,,,,,,,,,,,,,,,,,,,,,,,,,,,,,,,,,,,,,,,,,,,,,,,,,,,,,,
52,5,,,,,,,98,79,70,14,236.2,2730,10801,39,0,8.0,1.5;3.9;1.1;1.5;0.8;0.3;46.9;41.1;3.9;5.2;43.3;38.7;1.1;0.5;0.0;0.3;0.0;0.0;0.0;0.0;0.0;0.2;0.0;0.3,37.67,0.09,0.0,0.06,14.905,0.317,2392.0,1513.0,4,16,,,,,,,,,,,,,,,,,,,,,,,,,,,,,,,,,,,,,,,,,,,,,,,,,,,,,,,,,,,,,
52,6,,,,,,,100,65,71,15,238.6,2730,10801,39,0,8.5,0.6;15.0;1.1;3.0;1.1;2.1;61.3;38.8;3.6;5.8;34.5;33.0;0.6;0.6;0.3;0.0;0.2;0.0;0.0;0.3;0.2;0.5;0.6;0.0,37.67,0.09,0.0,0.07,14.905,0.317,390.0,390.0,4,16,,,,,,,,,,,,,,,,,,,,,,,,,,,,,,,,,,,,,,,,,,,,,,,,,,,,,,,,,,,,,
52,7,,,,,,,100,81,72,12,235.8,2730,10801,39,0,6.9,0.3;3.4;0.2;1.2;0.0;0.2;35.8;29.4;1.2;2.6;31.6;58.7;0.3;0.8;0.0;0.2;0.2;0.2;0.0;0.0;0.0;0.2;0.2;0.0,37.67,0.09,0.0,0.05,14.905,0.317,390.0,537.0,4,16,,,,,,,,,,,,,,,,,,,,,,,,,,,,,,,,,,,,,,,,,,,,,,,,,,,,,,,,,,,,,
52,8,,,,,,,100,55,72,12,237.3,2730,10801,39,0,7.1,0.9;2.9;1.1;0.5;0.2;0.8;55.5;32.4;1.7;1.8;28.1;40.8;0.5;1.1;0.3;0.3;0.2;0.0;0.2;0.0;0.3;0.3;0.5;0.0,37.65,0.09,0.0,0.05,14.905,0.317,195.0,7373.0,4,16,,,,,,,,,,,,,,,,,,,,,,,,,,,,,,,,,,,,,,,,,,,,,,,,,,,,,,,,,,,,,
52,9,,,,,,,100,73,70,17,236.5,2730,10801,39,0,7.5,1.4;4.2;1.8;0.9;0.3;0.6;48.4;33.7;2.9;4.1;43.5;35.3;0.6;0.6;0.0;0.0;0.0;0.0;0.0;0.0;0.0;0.5;0.0;0.5,37.68,0.09,0.0,0.03,14.905,0.317,2636.0,195.0,4,16,,,,,,,,,,,,,,,,,,,,,,,,,,,,,,,,,,,,,,,,,,,,,,,,,,,,,,,,,,,,,
52,10,,,,,,,100,59,73,14,236.8,2730,10801,39,0,7.4,0.6;4.3;0.8;1.4;1.5;1.2;44.8;26.6;2.3;2.6;21.1;66.8;0.5;0.9;0.2;0.2;0.2;0.0;0.0;0.0;0.2;0.0;0.2;0.3,37.67,0.09,0.0,0.02,14.905,0.317,1513.0,5468.0,4,16,,,,,,,,,,,,,,,,,,,,,,,,,,,,,,,,,,,,,,,,,,,,,,,,,,,,,,,,,,,,,
52,11,,,,,,,100,62,72,13,237.9,2730,10801,39,0,6.0,1.1;6.5;1.4;0.9;0.5;0.3;30.9;34.6;1.5;2.1;34.1;30.2;0.3;0.5;0.0;0.0;0.0;0.0;0.0;0.0;0.0;0.0;0.0;0.2,37.67,0.09,0.0,0.04,14.905,0.317,34277.0,20166.0,4,16,,,,,,,,,,,,,,,,,,,,,,,,,,,,,,,,,,,,,,,,,,,,,,,,,,,,,,,,,,,,,
52,12,,,,,,,100,69,72,14,236.0,2730,10801,39,0,5.2,0.7;2.9;0.9;1.1;0.4;0.4;11.7;42.9;1.3;2.4;42.0;16.2;0.0;0.4;0.0;0.0;0.0;0.0;0.0;0.0;0.4;0.0;0.0;0.0,37.67,0.09,0.0,0.03,14.905,0.317,390.0,195.0,4,16,,,,,,,,,,,,,,,,,,,,,,,,,,,,,,,,,,,,,,,,,,,,,,,,,,,,,,,,,,,,,
52,summary,0.39617088204621714,0.9898141518538119,0.38842605877640984,0.9888155805666302,0.00100000,137.0,,,,,,,,,,,,,,,,,,,,,,98,99.67,100,55,71.58,87,66,70.58,73,12,14.75,20,112.4,226.63,238.9,2730.0,10801.0,39.0,0,5.2,8.58,24.1,37.65,37.68,37.75,63.16,0.09,0.09,0.09,19.11,0.0,0.0,0.0,0.02,0.65,3.09,11.015,14.588,14.905,14.9,14.905,15.992,0.317,0.32,0.317,195.0,4809.08,34277.0,195.0,4101.17,20166.0,4,4.0,4,16,16.0,16,4,16,2.69,109.53
53,1,,,,,,,100,51,68,17,126.5,2730,10801,39,0,25.0,26.7;27.9;34.4;34.7;32.4;31.9;54.8;77.8;35.4;36.6;59.7;61.8;20.1;21.0;3.0;3.4;9.3;9.0;1.5;1.5;5.1;5.0;3.5;4.1,37.75,0.09,0.0,0.04,14.905,0.317,1269.0,132226.0,4,16,,,,,,,,,,,,,,,,,,,,,,,,,,,,,,,,,,,,,,,,,,,,,,,,,,,,,,,,,,,,,
53,2,,,,,,,100,75,69,13,236.1,2730,10801,39,0,8.1,1.2;15.0;0.6;1.2;0.5;0.0;42.3;43.0;2.7;3.3;41.2;39.4;0.5;0.5;0.0;0.0;0.0;0.0;0.0;0.0;0.5;1.2;0.0;0.2,37.73,0.09,0.0,2.49,14.905,0.317,2441.0,1562.0,4,16,,,,,,,,,,,,,,,,,,,,,,,,,,,,,,,,,,,,,,,,,,,,,,,,,,,,,,,,,,,,,
53,3,,,,,,,100,71,70,12,236.3,2730,10801,39,0,7.1,0.5;4.0;0.8;0.9;0.6;0.5;51.1;38.9;1.5;1.4;49.0;19.0;0.6;0.5;0.0;0.0;0.0;0.2;0.0;0.0;0.0;0.0;0.2;0.5,37.69,0.09,0.0,1.77,14.905,0.317,1708.0,5664.0,4,16,,,,,,,,,,,,,,,,,,,,,,,,,,,,,,,,,,,,,,,,,,,,,,,,,,,,,,,,,,,,,
53,4,,,,,,,100,64,70,12,238.1,2730,10801,39,0,7.1,0.2;3.1;0.6;0.6;0.3;0.6;42.6;19.8;1.7;2.9;34.6;60.5;0.5;0.8;0.0;0.0;0.0;0.2;0.2;0.0;0.0;0.2;0.0;0.2,37.7,0.09,0.0,3.09,14.905,0.317,30810.0,341.0,4,16,,,,,,,,,,,,,,,,,,,,,,,,,,,,,,,,,,,,,,,,,,,,,,,,,,,,,,,,,,,,,
53,5,,,,,,,99,79,69,15,236.4,2730,10801,39,0,7.2,0.6;4.3;1.1;0.6;0.8;0.2;40.2;43.8;2.4;1.5;40.0;36.0;0.6;0.9;0.0;0.0;0.0;0.0;0.2;0.2;0.2;0.0;0.0;0.0,37.67,0.09,0.0,0.02,14.905,0.317,878.0,2880.0,4,16,,,,,,,,,,,,,,,,,,,,,,,,,,,,,,,,,,,,,,,,,,,,,,,,,,,,,,,,,,,,,
53,6,,,,,,,100,75,70,18,234.6,2730,10801,39,0,7.4,0.8;5.3;2.1;0.8;0.3;0.6;46.1;34.6;3.2;3.7;26.6;51.9;0.5;0.6;0.5;0.0;0.0;0.0;0.0;0.0;0.0;0.0;0.3;0.0,37.67,0.09,0.0,0.04,14.905,0.317,12304.0,125976.0,4,16,,,,,,,,,,,,,,,,,,,,,,,,,,,,,,,,,,,,,,,,,,,,,,,,,,,,,,,,,,,,,
53,7,,,,,,,100,65,69,14,235.8,2730,10801,39,0,7.9,0.5;7.5;3.0;1.7;0.8;0.6;36.8;32.5;4.3;1.8;39.9;56.4;1.1;0.8;0.3;0.0;0.0;0.0;0.3;0.0;0.2;0.0;0.3;0.0,37.68,0.09,0.0,0.04,14.905,0.317,1513.0,292.0,4,16,,,,,,,,,,,,,,,,,,,,,,,,,,,,,,,,,,,,,,,,,,,,,,,,,,,,,,,,,,,,,
53,8,,,,,,,100,89,71,14,237.8,2730,10801,39,0,8.1,1.8;4.0;2.6;2.1;1.7;0.5;54.9;34.8;4.4;5.8;36.1;42.0;1.1;0.6;0.3;0.0;0.0;0.2;0.2;0.0;0.6;0.5;0.6;0.3,37.67,0.09,0.0,0.03,14.905,0.317,341.0,4833.0,4,16,,,,,,,,,,,,,,,,,,,,,,,,,,,,,,,,,,,,,,,,,,,,,,,,,,,,,,,,,,,,,
53,9,,,,,,,100,78,71,12,236.7,2730,10801,39,0,8.1,1.2;3.8;2.4;1.5;0.8;0.6;33.0;44.5;4.7;4.7;40.4;53.7;1.1;0.9;0.3;0.3;0.2;0.0;0.3;0.0;0.0;0.2;0.5;0.0,37.67,0.09,0.0,0.04,14.905,0.317,585.0,4882.0,4,16,,,,,,,,,,,,,,,,,,,,,,,,,,,,,,,,,,,,,,,,,,,,,,,,,,,,,,,,,,,,,
53,10,,,,,,,100,80,70,15,237.0,2730,10801,39,0,8.2,0.8;5.8;1.7;0.8;0.5;0.5;51.9;42.0;7.6;4.0;31.2;48.9;0.2;0.6;0.0;0.0;0.0;0.0;0.0;0.0;0.2;0.0;0.6;0.0,37.7,0.09,0.0,0.03,14.905,0.317,2197.0,6884.0,4,16,,,,,,,,,,,,,,,,,,,,,,,,,,,,,,,,,,,,,,,,,,,,,,,,,,,,,,,,,,,,,
53,11,,,,,,,99,78,74,13,236.7,2730,10801,39,0,6.9,0.9;14.2;1.8;0.6;0.8;1.1;32.3;37.7;3.7;2.9;22.5;46.4;0.5;0.2;0.0;0.0;0.3;0.0;0.0;0.0;0.2;0.0;0.0;0.0,37.68,0.09,0.0,0.04,14.905,0.317,16894.0,488.0,4,16,,,,,,,,,,,,,,,,,,,,,,,,,,,,,,,,,,,,,,,,,,,,,,,,,,,,,,,,,,,,,
53,12,,,,,,,100,72,72,13,235.8,2730,10801,39,0,5.0,0.6;2.2;0.9;0.7;0.2;0.2;35.8;42.2;2.1;1.9;5.8;26.6;0.0;0.4;0.0;0.0;0.0;0.4;0.0;0.0;0.0;0.2;0.0;0.0,37.69,0.09,0.0,0.1,14.905,0.317,146.0,1513.0,4,16,,,,,,,,,,,,,,,,,,,,,,,,,,,,,,,,,,,,,,,,,,,,,,,,,,,,,,,,,,,,,
53,summary,0.396595843948515,0.9899635774989882,0.3879246319788831,0.9888508626468616,0.00100000,136.6,,,,,,,,,,,,,,,,,,,,,,99,99.83,100,51,73.08,89,68,70.25,74,12,14.0,18,126.5,227.32,238.1,2730.0,10801.0,39.0,0,5.0,8.84,25.0,37.67,37.69,37.75,63.16,0.09,0.09,0.09,19.11,0.0,0.0,0.0,0.02,0.64,3.09,11.015,14.588,14.905,14.9,14.905,15.992,0.317,0.32,0.317,146.0,5923.83,30810.0,292.0,23961.75,132226.0,4,4.0,4,16,16.0,16,4,16,2.49,109.54
54,1,,,,,,,100,56,70,15,149.6,2730,10801,39,0,24.9,26.6;27.9;33.9;34.2;33.2;33.4;61.5;64.5;36.1;35.8;66.3;59.2;18.4;17.6;2.9;3.8;9.7;9.2;1.7;1.5;4.9;6.1;5.0;4.5,37.75,0.09,0.0,0.03,14.905,0.317,1318.0,44580.0,4,16,,,,,,,,,,,,,,,,,,,,,,,,,,,,,,,,,,,,,,,,,,,,,,,,,,,,,,,,,,,,,
54,2,,,,,,,100,72,71,16,236.2,2730,10801,39,0,7.6,1.4;7.7;2.1;1.7;0.6;0.5;56.9;30.1;2.7;3.2;25.1;48.0;1.1;0.6;0.0;0.0;0.2;0.0;0.0;0.0;0.0;0.2;0.0;0.3,37.74,0.09,0.0,2.47,14.905,0.317,1074.0,146.0,4,16,,,,,,,,,,,,,,,,,,,,,,,,,,,,,,,,,,,,,,,,,,,,,,,,,,,,,,,,,,,,,
54,3,,,,,,,100,53,72,15,236.8,2730,10801,39,0,7.8,0.6;3.7;1.8;1.7;0.9;0.5;54.0;25.0;3.9;3.5;33.3;54.8;0.6;1.1;0.0;0.0;0.2;0.0;0.3;0.0;0.0;0.2;0.5;0.0,37.73,0.09,0.0,1.77,14.905,0.317,1855.0,6787.0,4,16,,,,,,,,,,,,,,,,,,,,,,,,,,,,,,,,,,,,,,,,,,,,,,,,,,,,,,,,,,,,,
54,4,,,,,,,100,87,67,15,239.3,2730,10801,39,0,7.7,1.1;3.5;1.5;0.9;0.3;0.3;59.9;32.0;5.0;3.7;22.1;52.7;0.6;0.6;0.0;0.0;0.3;0.0;0.3;0.3;0.0;0.2;0.0;0.0,37.68,0.09,0.0,3.11,14.905,0.317,1513.0,146.0,4,16,,,,,,,,,,,,,,,,,,,,,,,,,,,,,,,,,,,,,,,,,,,,,,,,,,,,,,,,,,,,,
54,5,,,,,,,98,77,71,13,236.2,2730,10801,39,0,7.8,0.8;3.0;2.1;0.5;1.1;0.3;47.6;41.3;5.5;2.7;33.5;45.7;0.8;0.9;0.0;0.0;0.0;0.0;0.0;0.0;0.0;0.0;0.5;0.0,37.69,0.09,0.0,0.02,14.905,0.317,2246.0,2880.0,4,16,,,,,,,,,,,,,,,,,,,,,,,,,,,,,,,,,,,,,,,,,,,,,,,,,,,,,,,,,,,,,
54,6,,,,,,,100,77,71,11,239.3,2730,10801,39,0,8.8,1.5;9.1;1.8;3.2;0.9;0.8;34.9;51.8;6.4;8.0;28.6;60.9;1.2;1.1;0.0;0.0;0.2;0.0;0.2;0.0;0.2;0.0;0.5;0.3,37.69,0.09,0.0,0.02,14.905,0.317,830.0,1660.0,4,16,,,,,,,,,,,,,,,,,,,,,,,,,,,,,,,,,,,,,,,,,,,,,,,,,,,,,,,,,,,,,
54,7,,,,,,,98,79,69,15,234.8,2730,10801,39,0,7.7,0.8;11.4;1.1;1.2;0.6;0.5;31.0;47.0;2.1;5.2;26.5;56.2;0.8;0.8;0.0;0.0;0.0;0.0;0.0;0.0;0.0;0.3;0.3;0.0,37.66,0.09,0.0,0.03,14.905,0.317,1513.0,1513.0,4,16,,,,,,,,,,,,,,,,,,,,,,,,,,,,,,,,,,,,,,,,,,,,,,,,,,,,,,,,,,,,,
54,8,,,,,,,100,56,73,14,237.2,2730,10801,39,0,7.6,1.5;3.8;1.4;2.6;0.3;0.6;39.4;33.8;1.4;2.1;39.0;51.4;0.9;1.1;0.0;0.3;0.2;0.3;0.0;0.0;0.3;0.3;0.5;0.0,37.67,0.09,0.0,0.04,14.905,0.317,439.0,7373.0,4,16,,,,,,,,,,,,,,,,,,,,,,,,,,,,,,,,,,,,,,,,,,,,,,,,,,,,,,,,,,,,,
54,9,,,,,,,100,87,68,13,236.6,2730,10801,39,0,7.1,1.1;2.3;1.2;0.8;0.6;0.3;35.4;25.7;3.6;2.6;31.7;63.6;0.8;0.5;0.2;0.0;0.0;0.0;0.2;0.0;0.0;0.0;0.0;0.0,37.65,0.09,0.0,0.02,14.905,0.317,390.0,927.0,4,16,,,,,,,,,,,,,,,,,,,,,,,,,,,,,,,,,,,,,,,,,,,,,,,,,,,,,,,,,,,,,
54,10,,,,,,,100,49,73,14,237.1,2730,10801,40,0,7.0,0.5;2.6;0.8;0.6;0.3;0.2;45.4;39.1;3.0;3.5;24.1;46.7;0.5;0.6;0.0;0.0;0.0;0.0;0.0;0.0;0.3;0.6;0.2;0.0,37.69,0.09,0.0,0.03,14.905,0.317,1074.0,5566.0,4,16,,,,,,,,,,,,,,,,,,,,,,,,,,,,,,,,,,,,,,,,,,,,,,,,,,,,,,,,,,,,,
54,11,,,,,,,100,73,70,11,238.2,2730,10801,40,0,6.0,0.5;8.7;0.6;0.8;0.2;0.8;20.7;43.2;1.7;2.3;25.1;37.0;0.5;0.5;0.0;0.0;0.0;0.0;0.0;0.0;0.3;0.2;0.6;0.0,37.66,0.09,0.0,0.02,14.905,0.317,10546.0,129541.0,4,16,,,,,,,,,,,,,,,,,,,,,,,,,,,,,,,,,,,,,,,,,,,,,,,,,,,,,,,,,,,,,
54,12,,,,,,,100,64,73,15,235.8,2730,10801,40,0,5.8,0.7;6.4;0.9;1.3;0.7;0.0;36.1;24.1;1.7;2.4;7.7;52.4;0.7;0.2;0.2;0.6;0.0;0.2;0.6;0.0;0.2;0.4;0.6;0.9,37.68,0.09,0.0,0.13,14.905,0.317,341.0,1953.0,4,16,,,,,,,,,,,,,,,,,,,,,,,,,,,,,,,,,,,,,,,,,,,,,,,,,,,,,,,,,,,,,
54,summary,0.3965466082632343,0.9901192292127137,0.38856159187770534,0.9887097343259359,0.00100000,136.7,,,,,,,,,,,,,,,,,,,,,,98,99.67,100,49,69.17,87,67,70.67,73,11,13.92,16,149.6,229.76,239.3,2730.0,10801.0,39.2,0,5.8,8.82,24.9,37.65,37.69,37.75,63.16,0.09,0.09,0.09,19.11,0.0,0.0,0.0,0.02,0.64,3.11,11.015,14.588,14.905,14.9,14.905,15.992,0.317,0.32,0.317,341.0,1928.25,10546.0,146.0,16922.67,129541.0,4,4.0,4,16,16.0,16,4,16,2.48,109.53
55,1,,,,,,,100,54,69,21,122.8,2745,10801,40,0,24.7,26.8;28.2;33.8;33.5;32.7;32.7;65.2;58.3;35.2;36.7;55.3;71.7;18.5;17.3;2.9;3.0;8.1;9.3;2.5;2.6;5.3;5.4;3.9;3.9,37.81,0.09,0.0,0.04,14.905,0.317,1269.0,132324.0,4,16,,,,,,,,,,,,,,,,,,,,,,,,,,,,,,,,,,,,,,,,,,,,,,,,,,,,,,,,,,,,,
55,2,,,,,,,100,65,70,16,236.7,2730,10801,40,0,8.5,0.8;11.8;1.7;1.4;0.0;0.0;42.7;49.8;4.4;4.0;37.4;48.6;0.9;0.6;0.0;0.0;0.0;0.0;0.0;0.2;0.0;0.0;0.0;0.0,37.73,0.09,0.0,2.51,14.905,0.317,1464.0,292.0,4,16,,,,,,,,,,,,,,,,,,,,,,,,,,,,,,,,,,,,,,,,,,,,,,,,,,,,,,,,,,,,,
55,3,,,,,,,100,73,71,14,236.8,2730,10801,39,0,7.4,1.1;3.6;4.1;2.1;0.9;0.9;38.2;34.8;2.1;2.1;27.9;55.3;0.9;0.9;0.0;0.0;0.2;0.0;0.2;0.0;0.3;0.6;0.0;0.3,37.74,0.09,0.0,1.79,14.905,0.317,1904.0,6884.0,4,16,,,,,,,,,,,,,,,,,,,,,,,,,,,,,,,,,,,,,,,,,,,,,,,,,,,,,,,,,,,,,
55,4,,,,,,,100,74,71,12,237.1,2730,10801,39,0,7.4,0.9;3.5;1.5;1.2;0.6;0.0;29.8;62.2;3.8;4.8;25.7;42.5;0.2;0.8;0.0;0.0;0.0;0.0;0.0;0.2;0.0;0.3;0.3;0.6,37.72,0.09,0.0,3.09,14.905,0.317,146.0,1806.0,4,16,,,,,,,,,,,,,,,,,,,,,,,,,,,,,,,,,,,,,,,,,,,,,,,,,,,,,,,,,,,,,
55,5,,,,,,,100,55,72,14,235.7,2730,10801,40,0,7.3,0.8;3.6;1.2;0.9;0.6;0.8;32.5;54.3;2.6;3.2;20.1;51.1;0.6;0.5;0.3;0.2;0.0;0.0;0.0;0.0;0.8;1.4;0.0;0.3,37.69,0.09,0.0,0.05,14.905,0.317,1318.0,4248.0,4,16,,,,,,,,,,,,,,,,,,,,,,,,,,,,,,,,,,,,,,,,,,,,,,,,,,,,,,,,,,,,,
55,6,,,,,,,100,89,70,12,237.5,2730,10801,40,0,7.3,1.2;4.3;1.4;0.8;0.5;0.6;49.6;28.4;1.8;2.3;25.2;56.9;0.3;0.5;0.0;0.3;0.0;0.2;0.2;0.0;0.2;0.3;0.0;0.3,37.7,0.09,0.0,0.05,14.905,0.317,1025.0,1513.0,4,16,,,,,,,,,,,,,,,,,,,,,,,,,,,,,,,,,,,,,,,,,,,,,,,,,,,,,,,,,,,,,
55,7,,,,,,,98,78,68,15,235.3,2730,10801,40,0,7.4,1.1;8.4;1.2;0.9;0.6;0.2;47.3;37.1;1.4;2.4;31.5;44.5;0.2;0.6;0.0;0.0;0.2;0.0;0.0;0.0;0.0;0.2;0.2;0.2,37.71,0.09,0.0,0.02,14.905,0.317,390.0,634.0,4,16,,,,,,,,,,,,,,,,,,,,,,,,,,,,,,,,,,,,,,,,,,,,,,,,,,,,,,,,,,,,,
55,8,,,,,,,100,77,71,15,238.7,2730,10801,40,0,7.2,0.8;5.9;0.8;0.5;0.5;0.5;50.7;21.0;2.1;3.0;30.5;53.8;1.1;0.8;0.0;0.0;0.0;0.0;0.0;0.0;0.0;0.0;0.6;0.0,37.69,0.09,0.0,0.03,14.905,0.317,1464.0,7324.0,4,16,,,,,,,,,,,,,,,,,,,,,,,,,,,,,,,,,,,,,,,,,,,,,,,,,,,,,,,,,,,,,
55,9,,,,,,,98,80,70,13,234.4,2730,10801,40,0,7.7,0.6;4.8;1.8;1.7;0.9;0.9;44.5;47.9;4.0;4.3;24.9;47.9;0.3;0.5;0.0;0.0;0.0;0.0;0.0;0.0;0.2;0.0;0.0;0.3,37.7,0.09,0.01,0.02,14.905,0.317,1513.0,292.0,4,16,,,,,,,,,,,,,,,,,,,,,,,,,,,,,,,,,,,,,,,,,,,,,,,,,,,,,,,,,,,,,
55,10,,,,,,,100,59,73,15,237.4,2730,10801,40,0,7.6,0.6;4.2;1.7;0.8;0.3;0.5;52.8;33.7;4.0;1.8;32.1;48.1;0.8;0.9;0.0;0.0;0.0;0.0;0.0;0.0;0.0;0.0;0.0;0.0,37.7,0.09,0.0,0.04,14.905,0.317,1708.0,5810.0,4,16,,,,,,,,,,,,,,,,,,,,,,,,,,,,,,,,,,,,,,,,,,,,,,,,,,,,,,,,,,,,,
55,11,,,,,,,100,84,72,14,237.0,2730,10801,40,0,7.3,0.8;7.2;1.5;0.6;1.2;0.8;29.6;24.5;7.7;4.8;46.3;46.6;0.3;0.3;0.0;0.3;0.2;0.6;0.2;0.2;0.2;0.5;0.0;0.8,37.71,0.09,0.0,0.05,14.905,0.317,195.0,2099.0,4,16,,,,,,,,,,,,,,,,,,,,,,,,,,,,,,,,,,,,,,,,,,,,,,,,,,,,,,,,,,,,,
55,12,,,,,,,100,56,73,13,235.8,2730,10801,40,0,5.2,0.2;11.1;0.7;0.2;0.4;0.2;18.5;26.5;0.9;0.6;35.0;29.3;0.4;0.2;0.0;0.0;0.0;0.0;0.0;0.0;0.0;0.0;0.6;0.0,37.71,0.09,0.0,0.02,14.905,0.317,1269.0,1513.0,4,16,,,,,,,,,,,,,,,,,,,,,,,,,,,,,,,,,,,,,,,,,,,,,,,,,,,,,,,,,,,,,
55,summary,0.39541407598210565,0.9902997852006351,0.3893115723771971,0.9885686060050101,0.00100000,136.8,,,,,,,,,,,,,,,,,,,,,,98,99.67,100,54,70.33,89,68,70.83,73,12,14.5,21,122.8,227.1,238.7,2731.2,10801.0,39.8,0,5.2,8.75,24.7,37.69,37.72,37.81,63.16,0.09,0.09,0.09,19.11,0.0,0.0,0.01,0.02,0.64,3.09,11.015,14.588,14.905,14.9,14.905,15.992,0.317,0.32,0.317,146.0,1138.75,1904.0,292.0,13728.25,132324.0,4,4.0,4,16,16.0,16,4,16,2.63,109.55
56,1,,,,,,,83,67,67,17,152.7,2745,10801,40,0,24.6,26.2;28.3;33.4;32.5;30.9;32.1;59.0;67.9;35.1;35.2;71.0;52.1;17.9;19.5;3.3;3.7;9.0;9.2;1.6;1.8;6.1;6.8;3.7;4.5,37.8,0.09,0.0,0.09,14.905,0.317,2197.0,6835.0,4,16,,,,,,,,,,,,,,,,,,,,,,,,,,,,,,,,,,,,,,,,,,,,,,,,,,,,,,,,,,,,,
56,2,,,,,,,100,64,70,14,237.4,2730,10801,40,0,7.3,1.4;8.2;1.2;0.6;0.2;0.8;35.0;40.3;2.1;1.7;22.2;58.7;0.3;0.9;0.2;0.0;0.3;0.3;0.0;0.0;0.2;0.3;0.0;0.0,37.73,0.09,0.0,2.49,14.905,0.317,195.0,1660.0,4,16,,,,,,,,,,,,,,,,,,,,,,,,,,,,,,,,,,,,,,,,,,,,,,,,,,,,,,,,,,,,,
56,3,,,,,,,98,78,70,14,237.0,2730,10801,40,0,7.6,0.6;7.2;1.5;2.4;0.3;0.6;39.8;31.6;4.5;3.5;31.2;57.5;0.8;0.3;0.2;0.2;0.0;0.0;0.2;0.3;0.5;0.5;0.0;0.0,37.73,0.09,0.0,1.84,14.905,0.317,2197.0,7275.0,4,16,,,,,,,,,,,,,,,,,,,,,,,,,,,,,,,,,,,,,,,,,,,,,,,,,,,,,,,,,,,,,
56,4,,,,,,,100,49,72,12,237.6,2730,10801,39,0,7.9,0.6;5.9;1.5;1.7;0.8;1.1;31.3;41.4;3.8;2.9;52.0;44.0;0.9;0.8;0.0;0.0;0.0;0.0;0.0;0.0;0.2;0.8;0.0;0.0,37.71,0.09,0.0,3.08,14.905,0.317,830.0,1708.0,4,16,,,,,,,,,,,,,,,,,,,,,,,,,,,,,,,,,,,,,,,,,,,,,,,,,,,,,,,,,,,,,
56,5,,,,,,,100,80,68,20,236.9,2730,10801,39,0,7.8,0.5;5.2;1.7;1.1;0.9;0.6;37.7;28.7;3.0;2.6;44.8;57.9;0.6;0.5;0.0;0.2;0.0;0.0;0.0;0.0;0.0;0.5;0.0;0.2,37.7,0.09,0.0,0.02,14.905,0.317,2392.0,1904.0,4,16,,,,,,,,,,,,,,,,,,,,,,,,,,,,,,,,,,,,,,,,,,,,,,,,,,,,,,,,,,,,,
56,6,,,,,,,100,54,72,15,237.7,2730,10801,40,0,8.0,0.3;4.3;3.2;2.9;0.2;0.5;37.9;33.1;3.9;3.8;39.2;59.1;0.3;0.8;0.0;0.0;0.2;0.0;0.0;0.0;0.6;1.5;0.0;0.0,37.68,0.09,0.0,0.04,14.905,0.317,18847.0,4248.0,4,16,,,,,,,,,,,,,,,,,,,,,,,,,,,,,,,,,,,,,,,,,,,,,,,,,,,,,,,,,,,,,
56,7,,,,,,,100,63,69,12,236.5,2730,10801,40,0,8.6,0.6;14.2;1.5;1.2;0.6;0.5;41.4;40.9;3.2;4.9;37.8;57.2;0.8;0.6;0.0;0.2;0.0;0.0;0.0;0.0;0.2;0.2;0.2;0.0,37.7,0.09,0.0,0.01,14.905,0.317,390.0,1806.0,4,16,,,,,,,,,,,,,,,,,,,,,,,,,,,,,,,,,,,,,,,,,,,,,,,,,,,,,,,,,,,,,
56,8,,,,,,,98,78,72,15,237.3,2730,10801,40,0,7.1,0.9;3.9;1.2;0.3;0.2;0.5;37.5;28.9;2.4;1.8;28.1;62.4;0.3;0.3;0.0;0.0;0.0;0.0;0.2;0.0;0.0;0.5;0.0;0.2,37.71,0.09,0.0,0.05,14.905,0.317,878.0,8691.0,4,16,,,,,,,,,,,,,,,,,,,,,,,,,,,,,,,,,,,,,,,,,,,,,,,,,,,,,,,,,,,,,
56,9,,,,,,,100,72,70,12,237.9,2730,10801,40,0,7.6,0.6;4.6;2.4;2.9;0.8;0.5;36.2;43.2;3.0;4.4;37.3;41.9;0.8;0.9;0.2;0.0;0.0;0.2;0.2;0.2;0.0;0.5;0.3;0.6,37.69,0.09,0.0,0.02,14.905,0.317,146.0,1513.0,4,16,,,,,,,,,,,,,,,,,,,,,,,,,,,,,,,,,,,,,,,,,,,,,,,,,,,,,,,,,,,,,
56,10,,,,,,,98,79,70,19,236.8,2730,10801,40,0,7.0,0.6;3.7;0.9;0.2;0.2;0.5;55.3;18.7;2.4;4.1;36.0;43.9;0.5;0.5;0.0;0.0;0.0;0.0;0.0;0.0;0.0;0.5;0.3;0.0,37.68,0.09,0.0,0.02,14.905,0.317,2197.0,6738.0,4,16,,,,,,,,,,,,,,,,,,,,,,,,,,,,,,,,,,,,,,,,,,,,,,,,,,,,,,,,,,,,,
56,11,,,,,,,100,59,70,17,237.3,2730,10801,40,0,6.2,1.2;4.0;1.4;2.7;0.5;0.3;23.3;33.9;2.3;2.0;24.0;51.8;0.2;0.5;0.0;0.0;0.0;0.0;0.0;0.0;0.3;0.3;0.2;0.2,37.7,0.09,0.0,0.05,14.905,0.317,1025.0,195.0,4,16,,,,,,,,,,,,,,,,,,,,,,,,,,,,,,,,,,,,,,,,,,,,,,,,,,,,,,,,,,,,,
56,12,,,,,,,100,89,73,16,236.6,2730,10801,40,0,5.4,0.4;9.8;1.1;2.0;0.6;0.7;39.2;45.7;1.9;0.9;13.8;13.5;0.0;0.2;0.0;0.0;0.0;0.0;0.0;0.0;0.0;0.0;0.2;0.0,37.69,0.09,0.0,0.07,14.905,0.317,1123.0,1708.0,4,16,,,,,,,,,,,,,,,,,,,,,,,,,,,,,,,,,,,,,,,,,,,,,,,,,,,,,,,,,,,,,
56,summary,0.39606498749096636,0.9900382903215764,0.3891408279240058,0.9886038880852415,0.00100000,136.6,,,,,,,,,,,,,,,,,,,,,,83,98.08,100,49,69.33,89,67,70.25,73,12,15.25,20,152.7,230.14,237.9,2731.2,10801.0,39.8,0,5.4,8.76,24.6,37.68,37.71,37.8,63.16,0.09,0.09,0.09,19.11,0.0,0.0,0.0,0.01,0.65,3.08,11.015,14.588,14.905,14.9,14.905,15.992,0.317,0.32,0.317,146.0,2701.42,18847.0,195.0,3690.08,8691.0,4,4.0,4,16,16.0,16,4,16,2.43,109.56
