epoch,sample_point,train_loss,train_acc,val_loss,val_acc,lr,epoch_time_s,cuda_util_pct,cuda_mem_util_pct,gpu_temp_c,gpu_temp_tlimit_c,gpu_power_w,gpu_clock_sm_mhz,gpu_clock_mem_mhz,gpu_fan_pct,gpu_throttled,cpu_pct,cpu_pct_per_core,ram_used_gb,swap_used_gb,disk_read_mb_s,disk_write_mb_s,nvsmi_vram_used_gb,vram_other_processes_gb,pcie_tx_kb_s,pcie_rx_kb_s,pcie_link_gen_current,pcie_link_width_current,cuda_util_pct_min,cuda_util_pct_avg,cuda_util_pct_max,cuda_mem_util_pct_min,cuda_mem_util_pct_avg,cuda_mem_util_pct_max,gpu_temp_c_min,gpu_temp_c_avg,gpu_temp_c_max,gpu_temp_tlimit_c_min,gpu_temp_tlimit_c_avg,gpu_temp_tlimit_c_max,gpu_power_w_min,gpu_power_w_avg,gpu_power_w_max,gpu_clock_sm_mhz_avg,gpu_clock_mem_mhz_avg,gpu_fan_pct_avg,gpu_throttled_any,cpu_pct_min,cpu_pct_avg,cpu_pct_max,ram_used_gb_min,ram_used_gb_avg,ram_used_gb_max,ram_total_gb,swap_used_gb_min,swap_used_gb_avg,swap_used_gb_max,swap_total_gb,disk_read_mb_s_min,disk_read_mb_s_avg,disk_read_mb_s_max,disk_write_mb_s_min,disk_write_mb_s_avg,disk_write_mb_s_max,vram_peak_alloc_gb,vram_peak_reserved_gb,nvsmi_vram_used_gb_min,nvsmi_vram_used_gb_avg,nvsmi_vram_used_gb_max,nvsmi_vram_total_gb,vram_other_processes_gb_min,vram_other_processes_gb_avg,vram_other_processes_gb_max,pcie_tx_kb_s_min,pcie_tx_kb_s_avg,pcie_tx_kb_s_max,pcie_rx_kb_s_min,pcie_rx_kb_s_avg,pcie_rx_kb_s_max,pcie_link_gen_current_min,pcie_link_gen_current_avg,pcie_link_gen_current_max,pcie_link_width_current_min,pcie_link_width_current_avg,pcie_link_width_current_max,pcie_link_gen_max,pcie_link_width_max,data_wait_s,compute_s
1,1,,,,,,,79,46,43,40,61.9,2760,10801,30,0,7.6,2.3;8.1;3.0;2.3;1.6;1.5;28.3;39.8;5.8;5.9;24.7;40.0;1.5;1.1;0.5;0.6;0.8;1.2;4.9;5.6;0.5;0.8;0.8;0.4,37.3,0.1,6.0,0.58,14.432,0.844,585.0,195.0,4,16,,,,,,,,,,,,,,,,,,,,,,,,,,,,,,,,,,,,,,,,,,,,,,,,,,,,,,,,,,,,,
1,2,,,,,,,96,91,50,34,209.3,2760,10801,30,0,7.2,0.6;7.9;1.5;1.5;1.2;0.0;47.1;34.8;1.8;5.6;38.1;31.0;0.3;0.6;0.0;0.0;0.3;0.0;0.0;0.0;0.3;0.6;0.3;0.0,37.32,0.1,0.01,0.1,14.434,0.844,139550.0,64550.0,4,16,,,,,,,,,,,,,,,,,,,,,,,,,,,,,,,,,,,,,,,,,,,,,,,,,,,,,,,,,,,,,
1,3,,,,,,,100,100,52,31,210.4,2760,10801,30,0,7.5,1.2;12.3;3.8;2.1;1.2;0.9;42.9;30.9;2.9;6.2;22.0;50.7;0.3;0.6;0.0;0.3;0.0;0.3;0.0;0.3;0.3;0.0;0.6;0.0,37.32,0.1,0.0,0.07,14.434,0.844,5517.0,10351.0,4,16,,,,,,,,,,,,,,,,,,,,,,,,,,,,,,,,,,,,,,,,,,,,,,,,,,,,,,,,,,,,,
1,4,,,,,,,100,99,54,32,211.2,2760,10801,30,0,7.4,0.9;17.0;0.3;1.8;0.3;0.3;24.9;34.8;1.5;5.6;29.9;56.3;0.0;0.0;0.3;0.0;0.3;0.0;0.3;0.3;0.0;0.0;2.0;0.3,37.32,0.1,0.0,0.08,14.434,0.844,3369.0,86767.0,4,16,,,,,,,,,,,,,,,,,,,,,,,,,,,,,,,,,,,,,,,,,,,,,,,,,,,,,,,,,,,,,
1,5,,,,,,,65,3,50,30,194.0,2760,10801,30,0,7.3,0.9;13.8;1.7;2.0;0.9;2.0;29.8;49.1;2.3;6.8;37.4;26.1;0.8;0.0;0.0;0.0;0.0;0.3;0.0;0.0;0.0;0.8;1.1;0.0,37.39,0.1,0.66,0.13,14.441,0.843,3564.0,191357.0,4,16,,,,,,,,,,,,,,,,,,,,,,,,,,,,,,,,,,,,,,,,,,,,,,,,,,,,,,,,,,,,,
1,6,,,,,,,97,91,54,29,212.8,2760,10801,30,0,7.7,1.2;13.2;2.9;3.5;0.6;0.3;58.9;26.6;2.9;5.6;25.2;38.5;0.6;0.0;0.3;0.0;0.6;0.0;0.0;0.0;0.6;1.2;0.0;0.9,37.39,0.1,0.0,0.1,14.441,0.843,5029.0,41308.0,4,16,,,,,,,,,,,,,,,,,,,,,,,,,,,,,,,,,,,,,,,,,,,,,,,,,,,,,,,,,,,,,
1,7,,,,,,,96,93,56,29,210.9,2745,10801,30,0,7.6,0.3;17.5;3.5;1.2;1.5;0.6;33.8;32.1;3.5;5.6;28.2;51.8;0.3;0.0;0.3;0.6;0.9;0.0;0.0;0.0;0.3;0.0;1.2;0.0,37.39,0.1,0.0,0.04,14.441,0.843,16259.0,19775.0,4,16,,,,,,,,,,,,,,,,,,,,,,,,,,,,,,,,,,,,,,,,,,,,,,,,,,,,,,,,,,,,,
1,8,,,,,,,99,100,55,26,210.8,2745,10801,30,0,8.1,1.2;15.7;3.2;2.6;0.6;0.6;47.8;24.0;5.3;11.9;28.2;49.0;0.3;0.3;0.0;0.0;0.0;0.3;0.6;0.0;0.3;1.5;0.3;0.0,37.39,0.1,0.0,0.03,14.441,0.843,15820.0,191552.0,4,16,,,,,,,,,,,,,,,,,,,,,,,,,,,,,,,,,,,,,,,,,,,,,,,,,,,,,,,,,,,,,
1,9,,,,,,,98,93,56,31,213.4,2745,10801,30,0,7.7,0.3;12.0;2.0;2.6;1.2;0.6;49.6;32.8;5.5;6.9;38.8;28.9;0.6;0.6;0.3;0.0;0.0;0.3;0.0;0.0;0.0;0.6;0.0;0.0,37.4,0.1,0.0,0.08,14.441,0.843,45410.0,34033.0,4,16,,,,,,,,,,,,,,,,,,,,,,,,,,,,,,,,,,,,,,,,,,,,,,,,,,,,,,,,,,,,,
1,10,,,,,,,100,100,56,28,212.5,2745,10801,30,0,8.2,1.8;12.8;3.8;3.5;1.2;0.9;51.6;27.5;6.5;6.5;27.4;48.1;0.6;0.3;0.0;0.0;0.0;0.0;0.0;0.3;0.0;0.0;3.5;0.3,37.4,0.1,0.01,0.06,14.441,0.843,4150.0,25341.0,4,16,,,,,,,,,,,,,,,,,,,,,,,,,,,,,,,,,,,,,,,,,,,,,,,,,,,,,,,,,,,,,
1,11,,,,,,,100,98,57,27,214.0,2745,10801,30,0,7.8,0.6;12.1;2.9;1.7;0.9;1.2;32.3;38.8;4.7;8.5;46.5;35.9;0.0;0.3;0.0;0.0;0.0;0.0;0.0;0.0;0.0;0.0;0.6;0.0,37.4,0.1,0.01,0.1,14.441,0.843,3466.0,202978.0,4,16,,,,,,,,,,,,,,,,,,,,,,,,,,,,,,,,,,,,,,,,,,,,,,,,,,,,,,,,,,,,,
1,12,,,,,,,96,94,59,27,213.9,2745,10801,30,0,8.4,1.5;16.6;3.5;2.6;0.6;1.2;46.5;43.1;6.7;3.8;34.3;33.6;0.6;0.3;0.3;0.0;0.9;0.0;0.0;0.0;0.0;0.3;4.3;0.6,37.39,0.1,0.0,0.08,14.441,0.843,16601.0,10156.0,4,16,,,,,,,,,,,,,,,,,,,,,,,,,,,,,,,,,,,,,,,,,,,,,,,,,,,,,,,,,,,,,
1,13,,,,,,,97,92,57,29,213.7,2745,10801,30,0,7.2,0.0;16.1;1.2;2.0;0.0;1.2;51.6;22.1;2.3;4.4;22.4;48.5;0.0;0.0;0.0;0.0;0.0;0.0;0.0;0.0;0.0;0.0;0.0;0.3,37.4,0.1,0.0,0.03,14.441,0.843,6591.0,20068.0,4,16,,,,,,,,,,,,,,,,,,,,,,,,,,,,,,,,,,,,,,,,,,,,,,,,,,,,,,,,,,,,,
1,14,,,,,,,100,95,58,26,214.1,2745,10801,30,0,8.4,1.2;12.9;2.3;2.3;1.5;2.0;34.5;38.3;7.6;10.8;31.9;53.8;0.3;0.6;0.0;0.0;0.0;0.3;0.0;0.0;0.0;0.6;0.6;0.0,37.4,0.1,0.01,0.06,14.441,0.843,13623.0,18408.0,4,16,,,,,,,,,,,,,,,,,,,,,,,,,,,,,,,,,,,,,,,,,,,,,,,,,,,,,,,,,,,,,
1,15,,,,,,,97,92,58,26,215.2,2745,10801,30,0,9.1,1.8;32.6;1.8;2.6;2.6;1.8;62.9;24.7;5.6;6.5;30.1;36.5;1.5;0.6;0.0;0.3;0.0;0.6;0.0;0.6;0.3;0.0;0.3;0.3,37.4,0.1,0.0,0.06,14.441,0.843,3466.0,14648.0,4,16,,,,,,,,,,,,,,,,,,,,,,,,,,,,,,,,,,,,,,,,,,,,,,,,,,,,,,,,,,,,,
1,16,,,,,,,96,90,59,25,214.6,2745,10801,30,0,8.5,2.9;12.2;4.7;4.1;3.2;3.5;40.6;29.9;6.7;6.7;29.7;46.2;1.2;1.2;1.2;0.3;1.2;0.3;0.0;0.0;1.5;0.9;3.2;1.2,37.39,0.1,0.0,0.06,14.441,0.843,8544.0,10205.0,4,16,,,,,,,,,,,,,,,,,,,,,,,,,,,,,,,,,,,,,,,,,,,,,,,,,,,,,,,,,,,,,
1,17,,,,,,,93,56,58,26,209.4,2745,10801,30,0,7.5,1.2;16.3;2.6;2.6;2.0;0.9;36.5;18.3;3.8;4.3;28.1;58.0;1.4;0.0;0.0;0.3;0.3;0.9;0.0;0.0;0.3;0.9;0.6;0.0,37.39,0.1,0.0,0.01,14.441,0.843,16601.0,10742.0,4,16,,,,,,,,,,,,,,,,,,,,,,,,,,,,,,,,,,,,,,,,,,,,,,,,,,,,,,,,,,,,,
1,18,,,,,,,96,86,59,24,215.3,2745,10801,30,0,7.0,1.2;15.0;2.4;1.8;0.6;0.3;53.8;21.4;2.4;4.4;30.3;33.5;0.6;0.3;0.0;0.0;0.0;0.0;0.0;0.0;0.0;0.3;0.0;0.0,37.39,0.1,0.0,0.09,14.441,0.843,41113.0,45507.0,4,16,,,,,,,,,,,,,,,,,,,,,,,,,,,,,,,,,,,,,,,,,,,,,,,,,,,,,,,,,,,,,
1,19,,,,,,,96,94,59,23,215.1,2745,10801,30,0,7.4,1.8;12.2;1.8;1.8;1.8;0.9;50.9;24.0;7.3;4.4;24.6;42.4;0.6;0.6;0.0;0.0;0.0;0.3;0.0;0.0;0.3;1.2;0.0;0.0,37.4,0.1,0.01,0.07,14.441,0.843,38671.0,51806.0,4,16,,,,,,,,,,,,,,,,,,,,,,,,,,,,,,,,,,,,,,,,,,,,,,,,,,,,,,,,,,,,,
1,20,,,,,,,96,91,60,24,215.0,2745,10801,30,0,7.0,0.3;15.8;0.9;0.9;0.6;0.3;25.1;32.4;3.2;4.4;16.2;66.1;0.3;0.3;0.0;0.0;0.0;0.0;0.0;0.0;0.0;0.0;0.0;0.0,37.39,0.1,0.0,0.03,14.441,0.843,3564.0,15234.0,4,16,,,,,,,,,,,,,,,,,,,,,,,,,,,,,,,,,,,,,,,,,,,,,,,,,,,,,,,,,,,,,
1,21,,,,,,,100,94,62,24,216.2,2745,10801,30,0,7.2,0.9;15.7;1.4;0.6;0.9;0.9;26.4;50.9;3.7;2.6;26.6;37.6;0.3;0.0;0.3;0.0;0.3;0.3;0.0;0.0;0.3;0.6;1.1;0.3,37.39,0.1,0.0,0.08,14.441,0.843,6542.0,200830.0,4,16,,,,,,,,,,,,,,,,,,,,,,,,,,,,,,,,,,,,,,,,,,,,,,,,,,,,,,,,,,,,,
1,22,,,,,,,100,100,62,24,216.4,2745,10801,30,0,8.7,3.5;19.8;2.9;3.2;1.8;2.6;49.0;38.6;5.6;4.7;24.9;41.7;0.9;1.2;0.0;0.0;0.0;0.9;0.0;0.0;0.9;2.3;2.3;0.3,37.4,0.1,0.0,0.04,14.441,0.843,3808.0,13037.0,4,16,,,,,,,,,,,,,,,,,,,,,,,,,,,,,,,,,,,,,,,,,,,,,,,,,,,,,,,,,,,,,
1,23,,,,,,,100,96,62,23,216.5,2745,10801,30,0,7.1,0.3;12.6;1.5;2.3;0.9;0.9;26.1;28.4;3.5;5.0;19.9;67.2;0.3;0.3;0.0;0.0;0.0;0.0;0.0;0.3;0.0;0.6;0.6;0.0,37.4,0.1,0.0,0.03,14.441,0.843,83789.0,181835.0,4,16,,,,,,,,,,,,,,,,,,,,,,,,,,,,,,,,,,,,,,,,,,,,,,,,,,,,,,,,,,,,,
1,24,,,,,,,96,93,61,23,216.7,2745,10801,30,0,7.6,0.9;17.3;2.4;1.8;0.9;1.2;38.2;30.1;5.6;5.0;39.8;36.8;0.9;0.0;0.0;0.0;0.6;0.0;0.0;0.0;0.0;0.6;0.0;0.0,37.4,0.1,0.02,0.08,14.441,0.843,14550.0,25244.0,4,16,,,,,,,,,,,,,,,,,,,,,,,,,,,,,,,,,,,,,,,,,,,,,,,,,,,,,,,,,,,,,
1,25,,,,,,,97,92,62,24,216.6,2745,10801,30,0,8.1,1.7;18.1;3.7;2.0;2.6;2.0;50.4;29.9;4.9;6.9;22.1;44.4;1.1;0.9;0.6;0.0;0.3;0.6;0.0;0.0;0.0;0.9;0.3;0.0,37.4,0.1,0.02,0.14,14.441,0.843,13623.0,19384.0,4,16,,,,,,,,,,,,,,,,,,,,,,,,,,,,,,,,,,,,,,,,,,,,,,,,,,,,,,,,,,,,,
1,26,,,,,,,98,94,62,22,217.1,2745,10801,30,0,7.3,0.6;14.4;2.1;2.3;1.5;0.3;28.7;33.6;3.8;4.7;25.2;56.4;0.6;0.6;0.0;0.0;0.0;0.0;0.0;0.0;0.0;0.0;0.0;0.0,37.41,0.1,0.0,0.05,14.441,0.843,3417.0,146240.0,4,16,,,,,,,,,,,,,,,,,,,,,,,,,,,,,,,,,,,,,,,,,,,,,,,,,,,,,,,,,,,,,
1,27,,,,,,,99,98,62,22,216.6,2745,10801,30,0,7.5,0.6;12.7;3.2;1.5;0.3;0.9;41.5;23.5;5.6;7.6;20.3;60.9;0.6;0.0;0.0;0.0;0.0;0.0;0.0;0.0;0.0;0.0;0.0;0.0,37.41,0.1,0.0,0.03,14.441,0.843,16455.0,13623.0,4,16,,,,,,,,,,,,,,,,,,,,,,,,,,,,,,,,,,,,,,,,,,,,,,,,,,,,,,,,,,,,,
1,28,,,,,,,100,99,63,23,217.5,2745,10801,30,0,9.4,4.7;14.4;5.9;2.9;2.3;2.4;64.9;25.9;9.4;6.8;29.8;40.5;0.9;1.8;0.0;0.3;1.8;0.6;0.0;0.3;3.5;4.9;0.3;0.6,37.4,0.1,0.01,0.11,14.441,0.843,16210.0,53271.0,4,16,,,,,,,,,,,,,,,,,,,,,,,,,,,,,,,,,,,,,,,,,,,,,,,,,,,,,,,,,,,,,
1,29,,,,,,,100,93,63,23,218.1,2745,10801,31,0,8.1,1.7;16.4;1.7;2.0;1.7;2.0;37.9;24.8;7.2;5.8;23.1;62.2;0.6;0.6;0.0;0.3;0.3;0.3;0.0;0.0;1.4;0.9;2.3;0.3,37.41,0.1,0.0,0.06,14.441,0.843,77539.0,200292.0,4,16,,,,,,,,,,,,,,,,,,,,,,,,,,,,,,,,,,,,,,,,,,,,,,,,,,,,,,,,,,,,,
1,30,,,,,,,96,91,63,21,217.7,2745,10801,31,0,7.5,0.9;11.1;0.9;1.5;0.3;0.0;29.1;30.3;6.2;7.1;23.5;66.0;0.3;0.0;0.0;0.0;0.3;0.0;0.0;0.0;0.0;0.3;1.7;0.0,37.4,0.1,0.0,0.08,14.441,0.843,3515.0,21142.0,4,16,,,,,,,,,,,,,,,,,,,,,,,,,,,,,,,,,,,,,,,,,,,,,,,,,,,,,,,,,,,,,
1,31,,,,,,,100,95,64,20,218.5,2745,10801,31,0,8.6,2.1;19.9;2.3;1.5;1.8;1.5;57.6;35.2;5.6;6.7;37.0;28.7;1.5;0.3;0.3;0.3;0.0;0.0;0.0;0.0;0.6;0.3;0.0;0.3,37.39,0.1,0.0,0.06,14.441,0.843,16357.0,68896.0,4,16,,,,,,,,,,,,,,,,,,,,,,,,,,,,,,,,,,,,,,,,,,,,,,,,,,,,,,,,,,,,,
1,32,,,,,,,96,84,64,21,219.3,2745,10801,31,0,8.3,1.2;14.4;1.2;2.1;0.0;0.9;35.8;37.4;7.0;7.3;40.8;49.6;0.3;0.6;0.0;0.0;0.0;0.0;0.0;0.0;0.0;0.3;0.0;0.0,37.39,0.1,0.01,0.08,14.441,0.843,24414.0,443115.0,4,16,,,,,,,,,,,,,,,,,,,,,,,,,,,,,,,,,,,,,,,,,,,,,,,,,,,,,,,,,,,,,
1,33,,,,,,,93,55,63,23,214.2,2745,10801,31,0,9.6,2.6;29.4;4.6;3.5;2.6;1.4;48.0;19.1;6.9;7.2;23.2;65.3;1.4;1.4;0.3;0.6;1.4;0.3;0.3;0.0;1.7;3.4;1.4;0.0,37.38,0.1,0.01,0.08,14.441,0.843,4931.0,37011.0,4,16,,,,,,,,,,,,,,,,,,,,,,,,,,,,,,,,,,,,,,,,,,,,,,,,,,,,,,,,,,,,,
1,34,,,,,,,96,94,63,20,219.1,2745,10801,32,0,7.9,1.5;15.9;1.8;2.7;1.5;1.2;75.0;13.8;6.8;3.8;26.3;30.5;1.2;0.9;0.3;0.3;0.6;0.9;0.3;0.9;0.0;0.9;0.9;1.2,37.39,0.1,0.01,0.05,14.441,0.843,3906.0,25488.0,4,16,,,,,,,,,,,,,,,,,,,,,,,,,,,,,,,,,,,,,,,,,,,,,,,,,,,,,,,,,,,,,
1,35,,,,,,,96,93,63,21,217.5,2745,10801,32,0,7.3,0.9;15.2;2.1;0.6;0.3;0.6;33.4;43.4;2.9;4.1;29.3;39.9;0.3;0.6;0.0;0.0;0.0;0.0;0.0;0.0;0.0;1.2;0.6;0.0,37.37,0.1,0.0,0.11,14.441,0.843,100195.0,92724.0,4,16,,,,,,,,,,,,,,,,,,,,,,,,,,,,,,,,,,,,,,,,,,,,,,,,,,,,,,,,,,,,,
1,36,,,,,,,96,92,63,20,217.3,2745,10801,32,0,7.6,2.6;11.5;2.9;3.5;1.8;1.8;40.3;21.4;7.6;5.6;33.7;45.6;0.6;1.2;0.0;0.0;0.0;0.0;0.0;0.0;0.9;0.9;0.0;0.6,37.37,0.1,0.0,0.03,14.441,0.843,3564.0,14208.0,4,16,,,,,,,,,,,,,,,,,,,,,,,,,,,,,,,,,,,,,,,,,,,,,,,,,,,,,,,,,,,,,
1,37,,,,,,,100,95,64,21,218.8,2745,10801,32,0,7.0,0.3;15.5;2.0;0.9;0.6;0.0;55.3;30.1;4.6;2.3;21.4;32.5;0.0;0.6;0.0;0.0;0.0;0.0;0.0;0.0;0.6;0.9;0.0;0.0,37.38,0.1,0.01,0.06,14.443,0.843,28369.0,62548.0,4,16,,,,,,,,,,,,,,,,,,,,,,,,,,,,,,,,,,,,,,,,,,,,,,,,,,,,,,,,,,,,,
1,38,,,,,,,96,90,64,19,218.4,2745,10801,32,0,8.0,1.2;17.1;3.2;2.7;1.5;0.9;40.7;27.2;7.1;5.0;33.6;47.0;0.6;0.3;0.0;0.0;0.0;0.0;0.0;0.3;0.3;1.2;0.0;0.0,37.38,0.1,0.0,0.09,14.443,0.843,6591.0,182470.0,4,16,,,,,,,,,,,,,,,,,,,,,,,,,,,,,,,,,,,,,,,,,,,,,,,,,,,,,,,,,,,,,
1,39,,,,,,,100,100,64,20,218.9,2730,10801,32,0,7.2,1.8;12.7;2.3;2.1;1.8;0.9;31.9;27.0;3.8;3.5;23.1;59.8;1.2;0.3;0.0;0.0;0.3;0.0;0.0;0.0;0.3;0.0;0.0;0.3,37.38,0.1,0.0,0.04,14.443,0.843,3808.0,28369.0,4,16,,,,,,,,,,,,,,,,,,,,,,,,,,,,,,,,,,,,,,,,,,,,,,,,,,,,,,,,,,,,,
1,40,,,,,,,100,94,65,20,220.1,2730,10801,32,0,7.9,3.2;14.6;3.5;2.4;1.5;1.2;48.4;31.9;8.3;7.1;36.3;28.7;0.6;0.9;0.0;0.0;0.3;0.0;1.2;0.3;0.0;0.0;0.0;0.0,37.38,0.1,0.0,0.03,14.443,0.843,3906.0,20507.0,4,16,,,,,,,,,,,,,,,,,,,,,,,,,,,,,,,,,,,,,,,,,,,,,,,,,,,,,,,,,,,,,
1,41,,,,,,,96,88,65,22,219.5,2730,10801,33,0,7.1,0.6;14.0;2.3;2.3;0.9;0.3;37.5;37.0;5.2;4.0;24.6;40.5;0.3;0.6;0.0;0.0;0.0;0.3;0.0;0.0;0.0;0.6;0.0;0.0,37.38,0.1,0.0,0.04,14.443,0.843,9423.0,10058.0,4,16,,,,,,,,,,,,,,,,,,,,,,,,,,,,,,,,,,,,,,,,,,,,,,,,,,,,,,,,,,,,,
1,42,,,,,,,100,94,63,19,218.4,2730,10801,33,0,8.0,1.2;15.7;5.3;1.8;2.1;1.8;33.7;29.9;5.0;5.6;22.3;60.7;1.8;1.2;0.3;0.3;0.6;0.6;0.3;0.0;0.3;0.0;0.9;0.6,37.38,0.1,0.08,0.23,14.443,0.843,3662.0,45214.0,4,16,,,,,,,,,,,,,,,,,,,,,,,,,,,,,,,,,,,,,,,,,,,,,,,,,,,,,,,,,,,,,
1,43,,,,,,,97,91,67,19,218.8,2730,10801,33,0,8.7,3.8;16.9;6.2;3.5;4.4;3.2;48.2;35.7;6.2;3.8;29.2;37.6;1.5;2.1;0.6;0.0;1.2;0.6;0.6;0.3;0.6;0.6;0.3;0.0,37.38,0.1,0.0,0.02,14.443,0.843,3759.0,35791.0,4,16,,,,,,,,,,,,,,,,,,,,,,,,,,,,,,,,,,,,,,,,,,,,,,,,,,,,,,,,,,,,,
1,44,,,,,,,96,93,66,20,218.2,2730,10801,33,0,8.1,2.9;13.7;5.0;1.8;2.3;1.2;39.9;33.6;7.3;4.1;29.9;47.2;0.3;0.6;0.0;0.3;0.9;0.0;0.0;0.0;0.3;0.3;1.5;0.3,37.38,0.1,0.0,0.04,14.443,0.843,6591.0,10693.0,4,16,,,,,,,,,,,,,,,,,,,,,,,,,,,,,,,,,,,,,,,,,,,,,,,,,,,,,,,,,,,,,
1,45,,,,,,,99,97,62,20,217.0,2730,10801,33,0,7.2,1.2;12.8;3.2;1.4;2.9;0.0;23.5;19.4;7.5;4.3;13.3;73.6;0.9;0.6;0.6;0.9;1.2;1.2;0.0;0.9;0.9;0.3;1.4;0.0,37.38,0.1,0.0,0.05,14.443,0.843,7714.0,12207.0,4,16,,,,,,,,,,,,,,,,,,,,,,,,,,,,,,,,,,,,,,,,,,,,,,,,,,,,,,,,,,,,,
1,46,,,,,,,100,90,64,20,219.2,2730,10801,33,0,6.7,0.0;14.8;2.4;0.5;0.5;0.0;44.0;20.2;6.2;2.4;20.8;44.4;0.0;1.5;0.0;0.0;0.0;0.0;0.0;0.0;0.0;1.0;0.0;0.0,37.39,0.1,0.06,0.04,14.443,0.843,1513.0,1562.0,4,16,,,,,,,,,,,,,,,,,,,,,,,,,,,,,,,,,,,,,,,,,,,,,,,,,,,,,,,,,,,,,
1,summary,1.1308999036069314,0.7405036889456152,0.42695249578142136,0.9766079808065483,0.00099998,299.4,,,,,,,,,,,,,,,,,,,,,,65,96.61,100,3,89.11,100,43,59.91,67,19,24.37,40,61.9,211.96,220.1,2744.3,10801.0,30.8,0,6.7,7.79,9.6,37.3,37.38,37.41,63.16,0.1,0.1,0.1,19.04,0.0,0.15,6.0,0.01,0.08,0.58,10.734,13.6,14.432,14.44,14.443,15.992,0.843,0.84,0.844,585.0,18687.91,139550.0,195.0,65885.65,443115.0,4,4.0,4,16,16.0,16,4,16,237.03,48.77
2,1,,,,,,,81,82,60,21,188.3,2745,10801,33,0,51.3,65.9;68.3;82.1;81.4;82.3;81.2;96.6;95.8;75.9;79.0;97.3;95.4;44.1;46.4;5.2;5.0;25.8;28.1;3.2;3.0;21.9;21.5;14.2;11.7,37.59,0.1,0.01,0.08,14.443,0.843,12744.0,209130.0,4,16,,,,,,,,,,,,,,,,,,,,,,,,,,,,,,,,,,,,,,,,,,,,,,,,,,,,,,,,,,,,,
2,2,,,,,,,96,94,66,19,218.4,2730,10801,33,0,8.2,0.0;15.1;2.4;1.5;0.9;1.5;27.9;40.0;6.5;5.9;34.7;56.3;1.2;0.3;0.0;0.0;0.0;0.0;0.0;0.0;0.0;0.0;1.2;0.0,37.53,0.1,0.01,14.96,14.443,0.843,13232.0,15722.0,4,16,,,,,,,,,,,,,,,,,,,,,,,,,,,,,,,,,,,,,,,,,,,,,,,,,,,,,,,,,,,,,
2,3,,,,,,,100,95,64,19,219.0,2730,10801,33,0,10.7,4.7;31.9;6.4;4.7;3.2;1.5;45.0;46.5;10.3;7.9;31.5;42.4;1.5;2.4;0.9;0.6;1.8;1.5;0.0;0.3;0.6;0.9;3.8;1.8,37.51,0.1,0.01,3.19,14.443,0.843,4150.0,22851.0,4,16,,,,,,,,,,,,,,,,,,,,,,,,,,,,,,,,,,,,,,,,,,,,,,,,,,,,,,,,,,,,,
2,4,,,,,,,100,95,64,18,219.9,2730,10801,33,0,7.1,1.2;11.4;2.3;0.6;1.5;1.2;53.1;22.9;7.9;1.5;22.0;42.7;0.9;0.6;0.0;0.0;0.0;0.6;0.0;0.0;0.0;0.0;0.0;0.0,37.48,0.1,0.0,3.41,14.443,0.843,8349.0,10449.0,4,16,,,,,,,,,,,,,,,,,,,,,,,,,,,,,,,,,,,,,,,,,,,,,,,,,,,,,,,,,,,,,
2,5,,,,,,,98,94,65,20,218.3,2730,10801,33,0,6.8,0.6;14.6;2.0;1.2;1.2;0.0;39.3;14.2;6.4;1.2;15.0;65.0;0.3;0.6;0.0;0.0;0.0;0.0;0.0;0.0;0.0;1.1;0.0;0.0,37.46,0.1,0.01,2.84,14.443,0.843,7031.0,10546.0,4,16,,,,,,,,,,,,,,,,,,,,,,,,,,,,,,,,,,,,,,,,,,,,,,,,,,,,,,,,,,,,,
2,6,,,,,,,100,100,66,19,219.4,2730,10801,33,0,7.7,1.2;12.5;1.8;2.4;1.8;0.6;46.6;36.8;8.0;2.6;30.1;35.3;2.9;1.5;0.0;0.0;0.3;0.0;0.0;0.3;0.0;0.0;0.0;0.0,37.45,0.1,0.0,2.3,14.443,0.843,7373.0,12207.0,4,16,,,,,,,,,,,,,,,,,,,,,,,,,,,,,,,,,,,,,,,,,,,,,,,,,,,,,,,,,,,,,
2,7,,,,,,,96,85,65,19,218.7,2730,10801,33,0,6.8,0.6;13.2;1.8;0.3;1.2;0.3;52.9;22.0;5.6;1.2;17.9;44.6;0.6;0.3;0.0;0.0;0.0;0.0;0.0;0.0;0.0;0.0;1.2;0.0,37.44,0.1,0.0,1.9,14.443,0.843,3564.0,22167.0,4,16,,,,,,,,,,,,,,,,,,,,,,,,,,,,,,,,,,,,,,,,,,,,,,,,,,,,,,,,,,,,,
2,8,,,,,,,96,92,66,18,217.8,2730,10801,34,0,7.6,2.3;10.1;4.1;0.6;1.5;0.9;34.8;28.1;9.4;3.8;24.3;56.0;0.6;1.2;0.0;0.3;0.3;0.0;0.6;0.0;0.3;0.3;1.2;0.3,37.43,0.1,0.0,1.56,14.443,0.843,15917.0,39746.0,4,16,,,,,,,,,,,,,,,,,,,,,,,,,,,,,,,,,,,,,,,,,,,,,,,,,,,,,,,,,,,,,
2,9,,,,,,,100,91,64,19,218.3,2730,10801,34,0,6.7,1.5;12.3;1.7;0.3;0.6;0.0;26.5;39.1;6.7;2.0;24.7;44.2;0.3;0.6;0.0;0.0;0.9;0.0;0.0;0.0;0.3;0.0;0.0;0.0,37.42,0.1,0.0,1.53,14.443,0.843,31689.0,68994.0,4,16,,,,,,,,,,,,,,,,,,,,,,,,,,,,,,,,,,,,,,,,,,,,,,,,,,,,,,,,,,,,,
2,10,,,,,,,96,93,66,19,219.3,2730,10801,34,0,7.3,1.8;13.7;2.3;1.5;0.3;0.0;37.2;46.2;4.7;3.8;24.9;34.6;0.6;0.3;0.3;0.0;0.0;0.3;0.0;0.0;0.3;2.0;0.6;0.0,37.41,0.1,0.02,3.67,14.443,0.843,67285.0,23144.0,4,16,,,,,,,,,,,,,,,,,,,,,,,,,,,,,,,,,,,,,,,,,,,,,,,,,,,,,,,,,,,,,
2,11,,,,,,,96,93,66,20,218.5,2730,10801,34,0,7.4,1.2;16.3;3.2;0.3;1.8;0.9;25.6;41.3;5.6;1.5;17.6;61.1;1.2;0.3;0.0;0.0;0.0;0.0;0.0;0.0;0.0;0.0;0.0;0.0,37.41,0.1,0.0,0.02,14.443,0.843,3613.0,15673.0,4,16,,,,,,,,,,,,,,,,,,,,,,,,,,,,,,,,,,,,,,,,,,,,,,,,,,,,,,,,,,,,,
2,12,,,,,,,100,96,65,20,219.0,2730,10801,34,0,7.2,1.7;10.0;2.6;1.5;1.2;0.6;27.2;35.7;4.4;4.4;35.1;44.4;1.2;0.9;0.0;0.0;0.3;0.0;0.3;0.0;0.0;0.6;1.2;0.0,37.41,0.1,0.0,0.08,14.443,0.843,9326.0,112890.0,4,16,,,,,,,,,,,,,,,,,,,,,,,,,,,,,,,,,,,,,,,,,,,,,,,,,,,,,,,,,,,,,
2,13,,,,,,,98,94,65,18,218.7,2730,10801,34,0,7.4,2.3;13.8;5.5;0.9;1.7;0.3;51.0;31.9;6.6;2.3;26.4;32.5;1.2;0.6;0.3;0.0;0.3;0.3;0.0;0.0;0.0;0.9;0.0;0.0,37.42,0.1,0.0,0.07,14.443,0.843,6835.0,10791.0,4,16,,,,,,,,,,,,,,,,,,,,,,,,,,,,,,,,,,,,,,,,,,,,,,,,,,,,,,,,,,,,,
2,14,,,,,,,100,100,65,18,218.9,2730,10801,34,0,7.5,1.2;12.2;3.2;1.5;0.3;1.2;34.4;42.9;5.9;3.8;23.5;45.6;1.2;0.3;0.0;0.0;0.3;0.0;0.0;0.0;0.3;0.3;0.3;0.3,37.42,0.1,0.0,0.04,14.443,0.843,12939.0,11132.0,4,16,,,,,,,,,,,,,,,,,,,,,,,,,,,,,,,,,,,,,,,,,,,,,,,,,,,,,,,,,,,,,
2,15,,,,,,,100,93,64,18,219.1,2730,10801,34,0,7.2,0.9;11.3;2.3;0.9;0.9;0.3;15.8;48.4;5.0;2.3;24.0;56.6;0.6;0.6;0.0;0.0;0.6;0.0;0.0;0.0;0.0;1.2;0.0;0.0,37.42,0.1,0.01,0.09,14.443,0.843,14794.0,18359.0,4,16,,,,,,,,,,,,,,,,,,,,,,,,,,,,,,,,,,,,,,,,,,,,,,,,,,,,,,,,,,,,,
2,16,,,,,,,96,93,66,19,217.8,2730,10801,34,0,7.5,2.3;10.4;4.4;1.2;1.2;0.6;46.0;44.0;8.5;3.2;28.0;22.4;0.9;1.5;0.3;0.3;0.6;0.3;0.0;0.3;0.6;0.6;1.2;0.3,37.42,0.1,0.0,0.06,14.443,0.843,3808.0,22656.0,4,16,,,,,,,,,,,,,,,,,,,,,,,,,,,,,,,,,,,,,,,,,,,,,,,,,,,,,,,,,,,,,
2,17,,,,,,,100,95,65,19,218.0,2730,10801,34,0,8.3,3.5;15.8;4.0;1.7;3.7;0.9;38.7;40.5;8.6;4.3;26.4;40.6;1.4;0.9;0.6;0.6;1.2;0.6;0.0;0.3;0.9;2.8;1.2;0.6,37.42,0.1,0.0,0.05,14.443,0.843,42529.0,16259.0,4,16,,,,,,,,,,,,,,,,,,,,,,,,,,,,,,,,,,,,,,,,,,,,,,,,,,,,,,,,,,,,,
2,18,,,,,,,100,93,65,19,218.2,2730,10801,34,0,7.9,3.2;15.8;3.8;1.8;1.5;1.2;39.6;21.3;5.9;3.2;19.2;63.3;0.9;0.6;0.0;0.3;0.6;0.3;0.0;0.0;0.0;2.9;0.9;0.9,37.42,0.1,0.0,0.05,14.443,0.843,42675.0,39746.0,4,16,,,,,,,,,,,,,,,,,,,,,,,,,,,,,,,,,,,,,,,,,,,,,,,,,,,,,,,,,,,,,
2,19,,,,,,,100,93,65,17,219.8,2730,10801,34,0,8.0,3.2;12.5;4.4;2.1;1.8;1.8;23.5;57.2;5.9;4.1;30.4;36.5;2.1;1.2;0.0;0.0;0.6;0.6;0.0;0.0;0.6;0.3;2.0;0.3,37.41,0.1,0.01,0.1,14.443,0.843,38671.0,51025.0,4,16,,,,,,,,,,,,,,,,,,,,,,,,,,,,,,,,,,,,,,,,,,,,,,,,,,,,,,,,,,,,,
2,20,,,,,,,96,87,65,17,220.6,2730,10801,34,0,9.0,2.7;13.0;5.3;3.2;2.1;0.9;45.7;43.0;12.3;5.0;28.7;46.8;1.2;1.2;0.0;0.0;0.3;1.2;0.3;0.0;0.3;0.6;0.6;0.6,37.42,0.1,0.0,0.04,14.443,0.843,13867.0,10449.0,4,16,,,,,,,,,,,,,,,,,,,,,,,,,,,,,,,,,,,,,,,,,,,,,,,,,,,,,,,,,,,,,
2,21,,,,,,,100,99,66,17,219.7,2730,10801,34,0,8.8,1.2;32.2;3.8;2.3;1.2;1.2;35.4;20.9;9.9;7.5;17.9;67.5;1.2;0.9;0.3;0.3;0.9;0.6;0.0;0.0;0.6;0.3;0.3;0.0,37.42,0.1,0.0,0.07,14.443,0.843,133154.0,86962.0,4,16,,,,,,,,,,,,,,,,,,,,,,,,,,,,,,,,,,,,,,,,,,,,,,,,,,,,,,,,,,,,,
2,22,,,,,,,96,89,65,18,220.0,2730,10801,34,0,7.0,0.6;13.9;0.9;0.9;0.0;0.3;62.4;23.3;3.2;2.6;30.0;25.1;0.6;0.6;0.0;0.0;0.0;0.3;0.0;0.0;0.0;0.6;1.5;0.3,37.42,0.1,0.0,0.04,14.443,0.843,5175.0,17822.0,4,16,,,,,,,,,,,,,,,,,,,,,,,,,,,,,,,,,,,,,,,,,,,,,,,,,,,,,,,,,,,,,
2,23,,,,,,,97,92,65,18,219.8,2730,10801,34,0,7.4,1.2;13.5;2.1;1.8;0.9;0.9;48.8;30.0;4.4;2.4;25.8;41.6;0.3;0.9;0.0;0.0;0.3;0.3;0.0;0.3;0.6;0.6;0.0;0.0,37.42,0.1,0.0,0.03,14.443,0.843,15869.0,10058.0,4,16,,,,,,,,,,,,,,,,,,,,,,,,,,,,,,,,,,,,,,,,,,,,,,,,,,,,,,,,,,,,,
2,24,,,,,,,98,96,66,18,219.5,2730,10801,34,0,7.2,1.8;13.7;3.5;2.6;1.5;0.6;25.1;34.0;3.2;3.5;20.7;60.1;0.6;0.6;0.0;0.0;0.3;0.0;0.0;0.3;1.2;0.0;0.0;0.0,37.41,0.1,0.01,0.08,14.443,0.843,8447.0,11718.0,4,16,,,,,,,,,,,,,,,,,,,,,,,,,,,,,,,,,,,,,,,,,,,,,,,,,,,,,,,,,,,,,
2,25,,,,,,,99,100,66,18,219.1,2730,10801,34,0,7.1,0.9;14.8;2.0;2.0;0.0;0.0;39.1;34.7;4.1;2.9;35.5;30.6;1.2;0.6;0.0;0.0;0.0;0.0;0.0;0.3;0.0;0.0;0.0;0.0,37.41,0.1,0.0,0.07,14.443,0.843,15869.0,10693.0,4,16,,,,,,,,,,,,,,,,,,,,,,,,,,,,,,,,,,,,,,,,,,,,,,,,,,,,,,,,,,,,,
2,26,,,,,,,100,100,66,17,218.3,2730,10801,34,0,7.8,3.2;12.7;5.6;2.3;3.2;1.8;41.1;37.5;7.3;5.9;19.6;43.6;0.9;0.3;0.0;0.6;0.3;0.0;0.3;0.0;0.6;0.6;0.0;0.0,37.41,0.1,0.01,0.08,14.443,0.843,5273.0,19873.0,4,16,,,,,,,,,,,,,,,,,,,,,,,,,,,,,,,,,,,,,,,,,,,,,,,,,,,,,,,,,,,,,
2,27,,,,,,,100,91,68,18,218.7,2730,10801,35,0,7.3,0.3;13.8;2.1;2.1;1.5;0.0;38.3;20.0;3.8;3.5;22.6;63.7;0.6;0.3;0.0;0.3;0.0;0.0;0.0;0.0;0.6;0.0;0.0;0.6,37.43,0.1,0.01,0.08,14.443,0.843,12402.0,21875.0,4,16,,,,,,,,,,,,,,,,,,,,,,,,,,,,,,,,,,,,,,,,,,,,,,,,,,,,,,,,,,,,,
2,28,,,,,,,96,91,66,18,220.4,2730,10801,35,0,6.7,0.6;6.0;1.8;1.2;0.6;0.6;46.6;18.0;3.8;3.5;29.5;46.6;0.6;0.3;0.0;0.0;0.0;0.0;0.0;0.0;0.0;0.0;0.6;0.0,37.42,0.1,0.01,0.13,14.443,0.843,22314.0,75195.0,4,16,,,,,,,,,,,,,,,,,,,,,,,,,,,,,,,,,,,,,,,,,,,,,,,,,,,,,,,,,,,,,
2,29,,,,,,,100,94,67,17,220.3,2730,10801,34,0,7.4,1.2;11.5;3.5;2.0;0.9;0.6;52.9;32.1;4.9;6.9;27.2;32.1;0.3;0.9;0.0;0.0;0.3;0.0;0.0;0.0;0.0;0.9;0.0;0.0,37.42,0.1,0.06,0.05,14.443,0.843,15283.0,15673.0,4,16,,,,,,,,,,,,,,,,,,,,,,,,,,,,,,,,,,,,,,,,,,,,,,,,,,,,,,,,,,,,,
2,30,,,,,,,100,95,68,18,220.0,2730,10801,34,0,7.9,2.4;21.1;0.9;2.4;1.2;1.5;30.3;28.9;6.8;6.5;22.1;60.4;0.9;0.9;0.0;0.0;0.9;0.0;0.0;0.0;0.0;0.6;0.0;0.0,37.43,0.1,0.0,0.02,14.443,0.843,3955.0,28808.0,4,16,,,,,,,,,,,,,,,,,,,,,,,,,,,,,,,,,,,,,,,,,,,,,,,,,,,,,,,,,,,,,
2,31,,,,,,,96,92,65,18,219.2,2730,10801,35,0,7.7,0.9;18.9;1.8;2.6;1.2;0.6;43.7;30.0;5.3;2.4;30.4;42.2;1.2;0.3;0.0;0.0;0.0;0.0;0.0;0.0;0.3;0.9;0.3;0.0,37.41,0.1,0.0,0.06,14.443,0.843,9570.0,10791.0,4,16,,,,,,,,,,,,,,,,,,,,,,,,,,,,,,,,,,,,,,,,,,,,,,,,,,,,,,,,,,,,,
2,32,,,,,,,96,91,66,18,219.4,2730,10801,35,0,8.1,1.8;12.0;2.6;2.9;3.5;1.8;37.5;50.7;7.9;4.7;31.8;32.2;0.6;0.9;0.0;0.0;0.3;0.3;0.0;0.0;0.3;0.9;0.0;0.3,37.42,0.1,0.03,0.12,14.443,0.843,14111.0,15869.0,4,16,,,,,,,,,,,,,,,,,,,,,,,,,,,,,,,,,,,,,,,,,,,,,,,,,,,,,,,,,,,,,
2,33,,,,,,,98,91,66,19,221.2,2730,10801,35,0,7.5,0.9;14.0;1.7;1.4;0.9;0.0;27.2;30.5;6.6;5.2;44.5;42.5;0.6;0.6;0.3;0.0;0.0;0.3;0.0;0.0;0.3;0.0;1.4;0.0,37.43,0.1,0.02,0.07,14.443,0.843,7470.0,24414.0,4,16,,,,,,,,,,,,,,,,,,,,,,,,,,,,,,,,,,,,,,,,,,,,,,,,,,,,,,,,,,,,,
2,34,,,,,,,99,100,66,18,219.3,2730,10801,35,0,9.3,5.8;14.0;5.8;4.1;5.8;3.2;38.9;38.7;5.0;5.6;57.3;25.8;2.9;0.9;0.6;0.9;1.5;1.2;0.6;0.3;1.2;0.3;1.5;1.2,37.43,0.1,0.21,0.06,14.443,0.843,3369.0,21435.0,4,16,,,,,,,,,,,,,,,,,,,,,,,,,,,,,,,,,,,,,,,,,,,,,,,,,,,,,,,,,,,,,
2,35,,,,,,,100,99,67,17,219.2,2730,10801,35,0,7.9,1.5;13.8;1.8;2.9;1.5;0.6;60.2;22.9;5.9;5.6;32.0;34.3;1.2;0.6;0.0;0.0;0.3;0.6;0.0;0.6;0.3;0.6;0.3;0.0,37.42,0.1,0.0,0.02,14.443,0.843,4248.0,20263.0,4,16,,,,,,,,,,,,,,,,,,,,,,,,,,,,,,,,,,,,,,,,,,,,,,,,,,,,,,,,,,,,,
2,36,,,,,,,100,92,67,17,219.1,2730,10801,35,0,8.3,5.0;15.1;3.8;2.6;0.9;0.6;39.8;31.4;7.6;7.3;33.6;43.3;0.9;0.9;0.3;0.0;0.6;0.3;0.3;0.0;1.5;1.8;0.6;0.3,37.42,0.1,0.0,0.1,14.443,0.843,5468.0,10498.0,4,16,,,,,,,,,,,,,,,,,,,,,,,,,,,,,,,,,,,,,,,,,,,,,,,,,,,,,,,,,,,,,
2,37,,,,,,,100,100,66,18,219.9,2730,10801,35,0,8.4,4.3;21.1;1.7;1.7;1.7;1.4;32.9;32.1;6.4;8.4;30.3;51.0;1.2;0.6;0.0;0.3;0.3;0.3;0.0;0.3;0.3;0.6;2.0;0.6,37.42,0.1,0.01,0.05,14.443,0.843,41650.0,45507.0,4,16,,,,,,,,,,,,,,,,,,,,,,,,,,,,,,,,,,,,,,,,,,,,,,,,,,,,,,,,,,,,,
2,38,,,,,,,100,93,65,18,219.6,2730,10801,35,0,9.3,0.3;31.2;3.2;2.4;1.8;0.3;62.6;26.9;6.2;5.3;41.5;32.4;0.9;0.3;0.0;0.0;0.6;0.0;0.0;0.0;0.0;0.6;1.5;0.3,37.43,0.1,0.01,0.06,14.443,0.843,13574.0,11816.0,4,16,,,,,,,,,,,,,,,,,,,,,,,,,,,,,,,,,,,,,,,,,,,,,,,,,,,,,,,,,,,,,
2,39,,,,,,,100,95,66,18,219.7,2730,10801,35,0,7.1,0.9;13.7;1.8;2.1;1.2;0.0;36.7;22.0;3.2;5.3;31.7;49.3;0.6;0.6;0.0;0.0;0.0;0.0;0.0;0.0;0.0;0.6;0.3;0.0,37.44,0.1,0.0,0.04,14.443,0.843,9375.0,15136.0,4,16,,,,,,,,,,,,,,,,,,,,,,,,,,,,,,,,,,,,,,,,,,,,,,,,,,,,,,,,,,,,,
2,40,,,,,,,96,93,68,18,219.9,2730,10801,35,0,7.4,1.2;13.2;2.6;0.6;1.8;0.3;30.3;37.0;4.4;3.5;58.9;21.2;1.2;0.3;0.0;0.0;0.0;0.0;0.0;0.0;0.0;0.0;0.6;0.6,37.43,0.1,0.0,0.04,14.443,0.843,3857.0,25488.0,4,16,,,,,,,,,,,,,,,,,,,,,,,,,,,,,,,,,,,,,,,,,,,,,,,,,,,,,,,,,,,,,
2,41,,,,,,,99,91,67,18,220.0,2730,10801,35,0,7.0,1.2;13.0;1.7;0.9;0.3;0.6;50.7;22.3;4.6;1.4;37.7;30.7;0.9;0.3;0.0;0.3;0.0;0.3;0.3;0.3;0.0;0.9;0.6;0.0,37.43,0.1,0.0,0.03,14.443,0.843,3906.0,17138.0,4,16,,,,,,,,,,,,,,,,,,,,,,,,,,,,,,,,,,,,,,,,,,,,,,,,,,,,,,,,,,,,,
2,42,,,,,,,98,89,68,18,220.2,2730,10801,35,0,9.0,4.1;16.9;4.1;3.8;5.5;1.5;50.6;29.2;5.6;6.2;30.3;46.6;1.8;1.5;0.0;0.0;0.3;0.6;0.9;0.3;1.2;0.3;2.0;1.5,37.44,0.1,0.01,0.1,14.443,0.843,6689.0,10644.0,4,16,,,,,,,,,,,,,,,,,,,,,,,,,,,,,,,,,,,,,,,,,,,,,,,,,,,,,,,,,,,,,
2,43,,,,,,,98,98,66,19,219.8,2730,10801,35,0,7.6,0.9;15.3;2.1;2.3;1.5;0.6;31.1;25.5;5.8;5.8;48.5;39.2;0.6;0.6;0.0;0.0;0.3;0.3;0.0;0.0;0.3;0.0;0.0;0.0,37.43,0.1,0.0,0.06,14.443,0.843,11083.0,12158.0,4,16,,,,,,,,,,,,,,,,,,,,,,,,,,,,,,,,,,,,,,,,,,,,,,,,,,,,,,,,,,,,,
2,44,,,,,,,100,95,65,19,219.3,2730,10801,35,0,7.4,1.8;15.0;0.6;1.2;1.8;0.3;53.7;18.5;5.3;4.4;36.5;33.8;0.9;0.0;0.0;0.0;0.3;0.0;0.0;0.0;0.6;0.6;0.3;0.3,37.42,0.1,0.0,0.04,14.443,0.843,3857.0,18798.0,4,16,,,,,,,,,,,,,,,,,,,,,,,,,,,,,,,,,,,,,,,,,,,,,,,,,,,,,,,,,,,,,
2,45,,,,,,,97,94,67,18,218.8,2730,10801,35,0,6.6,1.4;15.5;1.2;0.9;0.9;0.3;28.6;15.9;3.2;2.0;51.0;29.6;0.9;0.9;0.0;0.0;0.0;0.6;0.0;0.0;0.9;2.8;0.6;0.3,37.42,0.1,0.0,0.11,14.443,0.843,37402.0,123828.0,4,16,,,,,,,,,,,,,,,,,,,,,,,,,,,,,,,,,,,,,,,,,,,,,,,,,,,,,,,,,,,,,
2,46,,,,,,,96,84,66,17,220.6,2730,10801,35,0,6.5,0.5;13.4;3.0;0.5;1.5;1.5;8.9;52.5;2.5;4.0;53.2;4.5;2.0;2.0;0.0;0.0;0.5;0.0;0.5;0.0;1.0;1.0;1.0;0.5,37.41,0.1,0.0,0.12,14.443,0.843,634.0,110058.0,4,16,,,,,,,,,,,,,,,,,,,,,,,,,,,,,,,,,,,,,,,,,,,,,,,,,,,,,,,,,,,,,
2,summary,0.449908482764929,0.9712106590293559,0.40497665528318555,0.9827823448470522,0.00099985,251.9,,,,,,,,,,,,,,,,,,,,,,81,98.0,100,82,93.52,100,60,65.67,68,17,18.28,21,188.3,218.63,221.2,2730.3,10801.0,34.2,0,6.5,8.64,51.3,37.41,37.43,37.59,63.16,0.1,0.1,0.1,19.04,0.0,0.01,0.21,0.02,0.82,14.96,10.733,13.6,14.443,14.44,14.443,15.992,0.843,0.84,0.843,634.0,16834.67,133154.0,10058.0,33401.17,209130.0,4,4.0,4,16,16.0,16,4,16,191.23,46.99
3,1,,,,,,,80,81,62,26,189.7,2730,10801,35,0,51.2,60.8;62.6;80.1;82.3;85.6;84.5;97.1;96.7;74.8;79.6;95.0;95.1;43.6;44.4;5.1;4.3;31.3;30.6;3.5;4.0;18.3;18.4;15.5;14.2,37.59,0.1,0.01,0.07,14.443,0.843,62500.0,130371.0,4,16,,,,,,,,,,,,,,,,,,,,,,,,,,,,,,,,,,,,,,,,,,,,,,,,,,,,,,,,,,,,,
3,2,,,,,,,96,92,66,18,219.2,2745,10801,35,0,7.8,1.2;11.4;2.1;1.5;2.6;1.2;46.9;29.9;4.1;6.2;49.0;27.4;0.6;0.6;0.0;0.0;0.0;0.0;0.0;0.0;0.0;0.6;1.2;0.0,37.54,0.1,0.0,14.64,14.443,0.843,8935.0,43164.0,4,16,,,,,,,,,,,,,,,,,,,,,,,,,,,,,,,,,,,,,,,,,,,,,,,,,,,,,,,,,,,,,
3,3,,,,,,,100,100,66,17,220.1,2745,10801,35,0,7.8,1.5;14.8;1.5;1.2;1.2;2.1;17.8;37.2;6.4;5.8;45.3;48.4;0.3;1.2;0.0;0.0;0.0;0.0;0.0;0.0;0.0;1.5;0.0;0.0,37.5,0.1,0.01,4.18,14.443,0.843,3515.0,72558.0,4,16,,,,,,,,,,,,,,,,,,,,,,,,,,,,,,,,,,,,,,,,,,,,,,,,,,,,,,,,,,,,,
3,4,,,,,,,100,100,66,17,215.1,2745,10801,35,0,8.2,1.4;14.9;2.6;2.6;2.0;2.9;43.4;32.8;5.5;7.2;46.5;26.0;1.2;1.4;0.3;0.6;0.9;0.6;0.3;0.3;0.6;1.4;0.0;0.6,37.5,0.1,0.01,2.69,14.443,0.843,8935.0,23144.0,4,16,,,,,,,,,,,,,,,,,,,,,,,,,,,,,,,,,,,,,,,,,,,,,,,,,,,,,,,,,,,,,
3,5,,,,,,,100,94,65,17,220.4,2745,10801,35,0,8.0,2.1;15.6;2.1;2.9;1.8;0.6;41.3;27.0;4.7;7.3;39.9;41.2;0.6;0.3;0.0;0.0;0.3;0.0;0.3;0.6;0.9;2.3;0.0;0.0,37.48,0.1,0.01,3.11,14.443,0.843,3759.0,26318.0,4,16,,,,,,,,,,,,,,,,,,,,,,,,,,,,,,,,,,,,,,,,,,,,,,,,,,,,,,,,,,,,,
3,6,,,,,,,100,96,66,18,220.5,2745,10801,35,0,8.0,0.6;14.2;2.6;2.1;1.2;0.9;25.3;29.6;6.8;6.2;37.4;60.1;1.5;0.9;0.0;0.0;0.0;0.3;0.0;0.6;0.3;1.5;0.0;0.3,37.47,0.1,0.0,2.29,14.443,0.843,5615.0,9863.0,4,16,,,,,,,,,,,,,,,,,,,,,,,,,,,,,,,,,,,,,,,,,,,,,,,,,,,,,,,,,,,,,
3,7,,,,,,,96,92,67,18,218.1,2745,10801,35,0,8.4,3.2;16.1;3.5;1.2;1.5;0.6;60.7;21.9;2.6;7.6;44.4;29.3;1.5;0.9;0.6;0.3;0.6;0.3;0.3;0.0;0.9;1.5;1.5;1.2,37.45,0.1,0.0,1.91,14.443,0.843,4492.0,24511.0,4,16,,,,,,,,,,,,,,,,,,,,,,,,,,,,,,,,,,,,,,,,,,,,,,,,,,,,,,,,,,,,,
3,8,,,,,,,100,94,66,18,218.9,2745,10801,35,0,9.3,1.7;25.4;2.9;1.4;1.7;0.9;53.1;42.2;5.2;6.3;45.4;29.2;0.9;0.6;0.0;0.0;0.3;0.0;0.0;0.0;0.3;0.6;1.4;0.0,37.45,0.1,0.01,1.67,14.443,0.843,4443.0,49023.0,4,16,,,,,,,,,,,,,,,,,,,,,,,,,,,,,,,,,,,,,,,,,,,,,,,,,,,,,,,,,,,,,
3,9,,,,,,,98,92,67,19,220.9,2745,10801,35,0,7.0,0.6;18.3;0.6;1.5;0.6;0.3;31.2;22.6;2.7;4.4;9.4;73.2;0.6;0.9;0.0;0.0;0.0;0.0;0.0;0.0;0.0;0.0;0.0;0.0,37.45,0.1,0.0,1.55,14.443,0.843,25341.0,72998.0,4,16,,,,,,,,,,,,,,,,,,,,,,,,,,,,,,,,,,,,,,,,,,,,,,,,,,,,,,,,,,,,,
3,10,,,,,,,98,93,65,17,218.7,2745,10801,35,0,7.9,2.1;15.3;4.1;1.8;0.6;0.9;45.0;26.9;6.2;4.4;46.9;28.2;2.0;0.3;0.0;0.0;1.5;0.0;0.3;0.0;0.9;0.6;0.0;0.0,37.42,0.1,0.01,3.48,14.443,0.843,7470.0,9960.0,4,16,,,,,,,,,,,,,,,,,,,,,,,,,,,,,,,,,,,,,,,,,,,,,,,,,,,,,,,,,,,,,
3,11,,,,,,,100,100,66,19,219.8,2745,10801,35,0,7.5,0.9;13.5;1.5;2.3;1.2;0.9;64.2;23.8;5.0;6.4;32.6;23.8;0.9;0.3;0.6;0.0;0.3;0.6;0.0;0.0;0.0;0.6;0.3;0.3,37.42,0.1,0.0,0.04,14.443,0.843,5126.0,74023.0,4,16,,,,,,,,,,,,,,,,,,,,,,,,,,,,,,,,,,,,,,,,,,,,,,,,,,,,,,,,,,,,,
3,12,,,,,,,96,94,67,18,220.1,2745,10801,35,0,7.5,1.7;14.1;3.2;2.3;1.7;1.2;33.8;23.4;5.5;4.6;37.3;46.1;0.6;1.4;0.0;0.0;0.0;0.0;0.0;0.0;0.3;1.1;0.0;0.6,37.42,0.1,0.0,0.05,14.443,0.843,3857.0,23632.0,4,16,,,,,,,,,,,,,,,,,,,,,,,,,,,,,,,,,,,,,,,,,,,,,,,,,,,,,,,,,,,,,
3,13,,,,,,,100,95,65,18,219.4,2745,10801,35,0,7.1,0.3;15.0;1.2;0.9;0.0;0.9;40.3;25.2;2.9;4.4;61.2;16.5;1.5;0.3;0.0;0.0;0.0;0.0;0.0;0.0;0.0;0.9;0.0;0.0,37.42,0.1,0.0,0.06,14.443,0.843,9570.0,12695.0,4,16,,,,,,,,,,,,,,,,,,,,,,,,,,,,,,,,,,,,,,,,,,,,,,,,,,,,,,,,,,,,,
3,14,,,,,,,100,95,66,18,220.7,2745,10801,35,0,7.8,1.8;20.2;3.2;1.8;0.9;1.5;67.5;20.8;3.5;5.9;35.2;19.0;0.9;0.3;0.0;0.0;0.3;0.6;0.0;0.0;0.6;1.5;0.0;0.0,37.42,0.1,0.0,0.05,14.443,0.843,3808.0,22656.0,4,16,,,,,,,,,,,,,,,,,,,,,,,,,,,,,,,,,,,,,,,,,,,,,,,,,,,,,,,,,,,,,
3,15,,,,,,,96,85,65,18,219.8,2745,10801,35,0,7.4,1.2;12.2;1.2;0.9;0.9;1.2;19.6;39.1;4.7;6.2;32.6;52.2;0.3;1.8;0.3;0.3;0.6;0.3;0.0;0.6;0.6;0.3;0.6;0.3,37.43,0.1,0.08,0.18,14.443,0.843,5029.0,28710.0,4,16,,,,,,,,,,,,,,,,,,,,,,,,,,,,,,,,,,,,,,,,,,,,,,,,,,,,,,,,,,,,,
3,16,,,,,,,100,99,67,18,219.5,2745,10801,35,0,7.7,3.5;15.5;1.7;2.0;0.0;1.2;34.5;29.3;4.6;5.5;37.0;40.1;0.9;0.6;0.0;0.3;0.0;0.0;0.3;0.0;2.0;2.8;1.4;0.0,37.43,0.1,0.0,0.02,14.443,0.843,12939.0,16552.0,4,16,,,,,,,,,,,,,,,,,,,,,,,,,,,,,,,,,,,,,,,,,,,,,,,,,,,,,,,,,,,,,
3,17,,,,,,,96,89,66,18,218.9,2745,10801,35,0,7.7,0.6;21.6;1.2;0.9;1.2;1.2;51.3;31.2;3.5;5.9;32.1;28.7;0.3;0.3;0.0;0.0;0.0;0.0;0.0;0.0;0.0;2.3;0.0;0.6,37.43,0.1,0.0,0.13,14.443,0.843,3466.0,23779.0,4,16,,,,,,,,,,,,,,,,,,,,,,,,,,,,,,,,,,,,,,,,,,,,,,,,,,,,,,,,,,,,,
3,18,,,,,,,96,92,67,17,218.4,2745,10801,35,0,8.0,2.6;17.9;2.9;4.1;2.4;0.6;43.1;34.7;4.4;5.0;25.5;44.0;0.3;0.9;0.0;0.0;0.3;0.0;0.0;0.0;0.9;1.8;0.0;0.0,37.43,0.1,0.0,0.04,14.443,0.843,46386.0,37890.0,4,16,,,,,,,,,,,,,,,,,,,,,,,,,,,,,,,,,,,,,,,,,,,,,,,,,,,,,,,,,,,,,
3,19,,,,,,,100,96,64,18,219.6,2745,10801,35,0,7.5,1.5;13.7;1.5;2.6;0.6;1.2;35.5;37.8;5.6;5.0;25.8;47.8;0.9;0.6;0.0;0.0;0.3;0.0;0.0;0.0;0.0;0.3;0.0;0.0,37.43,0.1,0.01,0.08,14.443,0.843,26757.0,292138.0,4,16,,,,,,,,,,,,,,,,,,,,,,,,,,,,,,,,,,,,,,,,,,,,,,,,,,,,,,,,,,,,,
3,20,,,,,,,97,93,67,18,219.9,2745,10801,35,0,7.7,1.7;15.3;2.3;2.9;1.7;1.2;58.8;28.1;5.8;6.9;25.5;32.4;0.3;0.6;0.0;0.0;0.0;0.0;0.0;0.3;0.0;0.6;0.0;0.0,37.43,0.1,0.02,0.14,14.443,0.843,3906.0,27978.0,4,16,,,,,,,,,,,,,,,,,,,,,,,,,,,,,,,,,,,,,,,,,,,,,,,,,,,,,,,,,,,,,
3,21,,,,,,,100,96,66,19,220.4,2745,10801,35,0,8.2,1.5;13.0;4.1;2.9;1.2;0.9;46.2;35.6;7.1;7.3;22.0;50.0;0.9;1.2;0.0;0.0;0.0;0.6;0.0;0.3;0.3;0.0;0.6;0.6,37.44,0.1,0.0,0.03,14.443,0.843,3955.0,18457.0,4,16,,,,,,,,,,,,,,,,,,,,,,,,,,,,,,,,,,,,,,,,,,,,,,,,,,,,,,,,,,,,,
3,22,,,,,,,96,92,66,18,218.8,2745,10801,35,0,8.4,3.2;12.0;2.7;5.0;1.5;0.9;32.6;38.1;5.9;7.1;30.3;54.9;1.5;1.2;0.0;0.3;0.6;0.0;0.3;0.0;0.3;0.6;2.9;0.9,37.43,0.1,0.0,0.06,14.443,0.843,13623.0,10498.0,4,16,,,,,,,,,,,,,,,,,,,,,,,,,,,,,,,,,,,,,,,,,,,,,,,,,,,,,,,,,,,,,
3,23,,,,,,,100,100,66,19,219.9,2745,10801,35,0,8.0,1.8;11.9;2.9;1.8;1.5;0.6;48.0;42.7;6.1;6.7;22.8;40.6;0.9;1.2;0.0;0.0;0.6;0.0;0.0;0.3;0.6;0.0;0.0;0.0,37.42,0.1,0.0,0.07,14.443,0.843,3759.0,15429.0,4,16,,,,,,,,,,,,,,,,,,,,,,,,,,,,,,,,,,,,,,,,,,,,,,,,,,,,,,,,,,,,,
3,24,,,,,,,96,90,66,18,219.7,2745,10801,35,0,8.3,2.3;14.9;3.5;2.6;2.6;2.0;43.8;32.1;6.7;5.5;32.7;44.1;0.9;0.6;0.9;0.0;0.3;0.6;0.0;0.0;0.3;0.0;2.0;0.3,37.43,0.1,0.01,0.05,14.443,0.843,14013.0,29980.0,4,16,,,,,,,,,,,,,,,,,,,,,,,,,,,,,,,,,,,,,,,,,,,,,,,,,,,,,,,,,,,,,
3,25,,,,,,,97,94,65,19,219.3,2745,10801,35,0,8.4,1.2;15.1;2.9;3.2;1.2;1.8;32.3;42.5;8.8;6.8;28.0;51.6;0.9;0.6;0.0;0.0;0.9;0.3;0.3;0.6;0.3;0.3;0.3;0.6,37.43,0.1,0.0,0.04,14.443,0.843,3955.0,27587.0,4,16,,,,,,,,,,,,,,,,,,,,,,,,,,,,,,,,,,,,,,,,,,,,,,,,,,,,,,,,,,,,,
3,26,,,,,,,100,93,67,19,218.1,2745,10801,35,0,9.1,3.2;25.4;2.6;2.9;1.8;1.2;38.3;46.8;5.5;6.1;36.3;33.0;0.9;1.8;0.6;0.3;1.2;0.9;0.3;0.3;1.2;4.0;0.9;0.6,37.43,0.1,0.0,0.02,14.443,0.843,12207.0,25146.0,4,16,,,,,,,,,,,,,,,,,,,,,,,,,,,,,,,,,,,,,,,,,,,,,,,,,,,,,,,,,,,,,
3,27,,,,,,,100,93,67,18,218.9,2745,10801,35,0,7.3,1.2;11.5;1.5;1.2;0.6;0.6;34.6;33.4;4.6;6.4;31.3;42.5;0.9;0.3;0.0;0.3;0.3;0.0;0.6;0.3;0.3;0.0;1.2;0.0,37.43,0.1,0.0,0.05,14.443,0.843,4199.0,23876.0,4,16,,,,,,,,,,,,,,,,,,,,,,,,,,,,,,,,,,,,,,,,,,,,,,,,,,,,,,,,,,,,,
3,28,,,,,,,100,98,66,17,219.3,2745,10801,35,0,7.3,1.7;13.9;2.0;1.2;1.4;2.0;28.1;37.1;3.8;6.1;25.2;51.3;0.3;0.3;0.0;0.0;0.6;0.0;0.3;0.0;0.3;0.0;0.0;0.0,37.43,0.1,0.0,0.04,14.443,0.843,41601.0,51464.0,4,16,,,,,,,,,,,,,,,,,,,,,,,,,,,,,,,,,,,,,,,,,,,,,,,,,,,,,,,,,,,,,
3,29,,,,,,,96,87,65,17,219.9,2745,10801,35,0,7.4,0.9;16.1;2.4;2.9;0.9;0.9;35.9;37.9;5.0;6.2;19.4;44.9;0.9;0.9;0.0;0.0;0.3;0.6;0.0;0.0;0.3;0.6;0.6;0.0,37.43,0.1,0.01,0.08,14.443,0.843,4052.0,10400.0,4,16,,,,,,,,,,,,,,,,,,,,,,,,,,,,,,,,,,,,,,,,,,,,,,,,,,,,,,,,,,,,,
3,30,,,,,,,96,93,65,17,219.2,2745,10801,35,0,7.5,2.4;12.0;0.9;2.0;1.8;0.3;35.5;47.5;5.0;3.8;19.0;43.6;1.8;0.3;0.0;0.0;0.3;0.3;0.0;0.0;1.5;0.6;0.6;0.3,37.43,0.1,0.0,0.04,14.443,0.843,46582.0,217919.0,4,16,,,,,,,,,,,,,,,,,,,,,,,,,,,,,,,,,,,,,,,,,,,,,,,,,,,,,,,,,,,,,
3,31,,,,,,,96,91,66,18,218.9,2745,10801,35,0,7.3,1.2;14.8;2.9;1.5;0.9;1.2;24.9;31.2;4.7;6.5;14.7;68.1;0.3;0.6;0.3;0.0;0.0;0.0;0.0;0.0;0.3;0.0;0.0;0.0,37.43,0.1,0.0,0.06,14.443,0.843,3759.0,13232.0,4,16,,,,,,,,,,,,,,,,,,,,,,,,,,,,,,,,,,,,,,,,,,,,,,,,,,,,,,,,,,,,,
3,32,,,,,,,96,93,66,17,217.8,2745,10801,35,0,7.3,1.2;13.8;2.6;1.7;0.6;0.9;31.3;42.6;2.9;4.3;25.1;43.5;0.3;1.2;0.0;0.0;0.3;0.0;0.0;0.9;0.0;0.6;0.6;0.0,37.42,0.1,0.0,0.11,14.443,0.843,5273.0,15869.0,4,16,,,,,,,,,,,,,,,,,,,,,,,,,,,,,,,,,,,,,,,,,,,,,,,,,,,,,,,,,,,,,
3,33,,,,,,,98,98,66,18,219.2,2745,10801,35,0,7.4,1.5;13.7;1.5;2.3;0.6;0.6;64.2;14.4;6.7;3.8;27.9;33.9;1.5;0.3;0.3;0.0;0.0;0.0;0.0;0.0;0.6;1.7;0.0;0.6,37.42,0.1,0.01,0.6,14.443,0.843,46533.0,11328.0,4,16,,,,,,,,,,,,,,,,,,,,,,,,,,,,,,,,,,,,,,,,,,,,,,,,,,,,,,,,,,,,,
3,34,,,,,,,100,100,66,19,219.5,2745,10801,35,0,7.4,1.5;14.4;1.8;1.2;1.5;0.9;24.8;33.9;4.1;5.0;33.2;54.4;0.3;0.3;0.0;0.0;0.0;0.3;0.0;0.3;0.0;0.0;0.0;0.0,37.42,0.1,0.0,0.06,14.443,0.843,13134.0,13769.0,4,16,,,,,,,,,,,,,,,,,,,,,,,,,,,,,,,,,,,,,,,,,,,,,,,,,,,,,,,,,,,,,
3,35,,,,,,,96,85,66,19,219.1,2745,10801,36,0,7.3,0.3;16.4;2.3;1.2;0.6;0.9;26.9;46.9;4.1;2.9;22.6;46.3;0.3;0.9;0.0;0.0;0.3;0.0;0.0;0.0;0.0;0.0;0.6;0.0,37.42,0.1,0.0,0.1,14.443,0.843,54931.0,15673.0,4,16,,,,,,,,,,,,,,,,,,,,,,,,,,,,,,,,,,,,,,,,,,,,,,,,,,,,,,,,,,,,,
3,36,,,,,,,100,97,66,19,218.2,2745,10801,35,0,7.6,3.2;14.1;3.4;1.4;1.4;1.4;53.6;39.1;5.8;4.0;26.1;22.3;0.9;0.6;0.0;0.3;0.0;0.3;0.0;0.0;0.6;2.0;0.0;0.6,37.42,0.1,0.0,0.05,14.443,0.843,7275.0,99560.0,4,16,,,,,,,,,,,,,,,,,,,,,,,,,,,,,,,,,,,,,,,,,,,,,,,,,,,,,,,,,,,,,
3,37,,,,,,,99,93,67,19,219.1,2745,10801,35,0,7.1,0.9;12.5;1.2;1.2;1.2;0.3;20.7;43.4;5.9;2.7;21.0;56.0;0.6;0.9;0.0;0.9;0.0;0.3;0.0;0.0;0.0;0.0;0.6;0.0,37.43,0.1,0.02,0.18,14.443,0.843,20947.0,45263.0,4,16,,,,,,,,,,,,,,,,,,,,,,,,,,,,,,,,,,,,,,,,,,,,,,,,,,,,,,,,,,,,,
3,38,,,,,,,97,94,65,18,219.8,2745,10801,35,0,7.4,0.3;11.1;2.1;2.1;0.6;0.9;28.1;28.9;7.0;3.8;43.0;44.6;0.3;1.5;0.0;0.0;0.0;0.0;0.0;0.0;0.3;0.3;2.3;0.0,37.43,0.1,0.01,0.2,14.443,0.843,17529.0,10302.0,4,16,,,,,,,,,,,,,,,,,,,,,,,,,,,,,,,,,,,,,,,,,,,,,,,,,,,,,,,,,,,,,
3,39,,,,,,,97,90,66,18,219.1,2745,10801,35,0,8.2,3.5;8.8;3.5;2.9;3.8;1.5;64.7;23.9;6.5;5.3;24.1;35.7;2.9;2.1;0.3;0.6;1.2;1.2;0.0;0.6;0.6;1.2;1.2;0.6,37.43,0.1,0.0,0.05,14.443,0.843,16357.0,10595.0,4,16,,,,,,,,,,,,,,,,,,,,,,,,,,,,,,,,,,,,,,,,,,,,,,,,,,,,,,,,,,,,,
3,40,,,,,,,100,95,66,18,220.9,2745,10801,36,0,7.4,1.2;12.6;2.3;0.3;1.4;1.4;32.2;34.3;5.5;5.5;31.9;46.1;0.6;0.3;0.0;0.0;0.0;0.3;0.0;0.0;0.0;1.2;0.3;0.3,37.42,0.1,0.0,0.05,14.443,0.843,5078.0,41357.0,4,16,,,,,,,,,,,,,,,,,,,,,,,,,,,,,,,,,,,,,,,,,,,,,,,,,,,,,,,,,,,,,
3,41,,,,,,,96,92,66,18,220.1,2745,10801,35,0,7.2,0.3;11.9;1.5;1.5;0.6;0.9;37.1;25.3;6.2;5.6;10.9;67.7;0.3;1.2;0.0;0.0;0.0;0.0;0.0;0.0;0.0;0.6;0.0;0.0,37.42,0.1,0.0,0.05,14.443,0.843,17578.0,20117.0,4,16,,,,,,,,,,,,,,,,,,,,,,,,,,,,,,,,,,,,,,,,,,,,,,,,,,,,,,,,,,,,,
3,42,,,,,,,100,99,67,18,220.3,2745,10801,35,0,7.8,1.2;10.9;2.1;2.6;1.2;1.5;44.7;41.5;5.6;6.2;22.4;43.2;1.2;0.3;0.0;0.0;0.6;0.0;0.0;0.0;0.0;1.5;0.0;0.3,37.43,0.1,0.0,0.15,14.443,0.843,4150.0,27294.0,4,16,,,,,,,,,,,,,,,,,,,,,,,,,,,,,,,,,,,,,,,,,,,,,,,,,,,,,,,,,,,,,
3,43,,,,,,,100,99,67,18,220.2,2745,10801,36,0,9.4,0.9;29.0;1.8;2.1;1.5;0.3;46.3;39.2;7.9;8.5;29.9;51.6;0.9;0.6;0.3;0.0;0.6;0.3;0.0;0.0;0.0;1.2;0.3;0.3,37.43,0.1,0.01,0.05,14.443,0.843,8251.0,17138.0,4,16,,,,,,,,,,,,,,,,,,,,,,,,,,,,,,,,,,,,,,,,,,,,,,,,,,,,,,,,,,,,,
3,44,,,,,,,100,100,67,18,220.1,2745,10801,36,0,6.9,0.6;15.4;2.0;1.2;0.9;0.9;25.8;24.6;4.3;2.9;25.4;57.5;0.6;1.2;0.0;0.0;0.3;0.0;0.0;0.3;0.6;0.0;0.3;0.3,37.43,0.1,0.0,0.04,14.443,0.843,5224.0,10498.0,4,16,,,,,,,,,,,,,,,,,,,,,,,,,,,,,,,,,,,,,,,,,,,,,,,,,,,,,,,,,,,,,
3,45,,,,,,,100,100,66,18,219.3,2745,10801,36,0,6.8,1.5;16.6;2.1;0.9;1.2;0.3;48.8;19.4;4.4;4.4;26.8;28.7;1.8;0.6;0.0;0.0;0.6;0.3;0.0;0.3;0.3;0.3;1.7;0.3,37.42,0.1,0.01,0.09,14.443,0.843,15917.0,9667.0,4,16,,,,,,,,,,,,,,,,,,,,,,,,,,,,,,,,,,,,,,,,,,,,,,,,,,,,,,,,,,,,,
3,46,,,,,,,97,92,66,16,219.4,2745,10801,35,0,6.6,2.5;11.6;2.9;2.9;0.5;0.0;5.4;62.6;2.5;6.4;35.5;23.2;0.5;1.0;0.0;0.5;0.0;0.0;0.0;1.0;0.0;0.0;0.0;0.0,37.42,0.1,0.0,0.04,14.443,0.843,390.0,683.0,4,16,,,,,,,,,,,,,,,,,,,,,,,,,,,,,,,,,,,,,,,,,,,,,,,,,,,,,,,,,,,,,
3,summary,0.42961226433893146,0.9764094262677832,0.40905524891282435,0.9800656246692305,0.00099960,252.0,,,,,,,,,,,,,,,,,,,,,,80,97.87,100,81,94.04,100,62,65.96,67,16,18.15,26,189.7,218.74,220.9,2744.7,10801.0,35.1,0,6.6,8.66,51.2,37.42,37.44,37.59,63.16,0.1,0.1,0.1,19.04,0.0,0.01,0.08,0.02,0.84,14.64,10.733,13.6,14.443,14.44,14.443,15.992,0.843,0.84,0.843,390.0,14046.11,62500.0,683.0,39457.91,292138.0,4,4.0,4,16,16.0,16,4,16,191.61,46.67
4,1,,,,,,,81,83,63,25,188.8,2745,10801,36,0,51.5,61.8;65.1;82.8;83.3;84.8;83.8;97.6;96.1;67.1;75.1;92.4;94.9;44.2;50.3;8.2;8.4;30.3;33.4;4.3;5.3;21.4;22.8;8.4;13.9,37.58,0.1,0.08,0.05,14.443,0.843,3564.0,207617.0,4,16,,,,,,,,,,,,,,,,,,,,,,,,,,,,,,,,,,,,,,,,,,,,,,,,,,,,,,,,,,,,,
4,2,,,,,,,100,96,67,18,220.0,2745,10801,35,0,7.8,1.5;15.6;3.2;2.4;0.9;0.3;47.8;38.7;5.6;3.2;37.6;24.9;0.6;0.9;0.0;0.0;0.0;0.3;0.0;0.0;0.3;1.2;0.0;0.0,37.54,0.1,0.0,9.59,14.443,0.843,3613.0,36572.0,4,16,,,,,,,,,,,,,,,,,,,,,,,,,,,,,,,,,,,,,,,,,,,,,,,,,,,,,,,,,,,,,
4,3,,,,,,,100,96,66,18,220.7,2745,10801,35,0,7.5,1.5;16.3;3.5;1.8;1.2;0.6;50.6;17.2;6.4;3.8;22.8;49.0;0.6;0.3;0.3;0.3;0.0;0.3;0.6;0.3;0.3;0.0;1.2;0.3,37.51,0.1,0.0,4.13,14.443,0.843,4052.0,23486.0,4,16,,,,,,,,,,,,,,,,,,,,,,,,,,,,,,,,,,,,,,,,,,,,,,,,,,,,,,,,,,,,,
4,4,,,,,,,100,100,66,18,220.4,2745,10801,36,0,7.4,1.2;16.0;2.0;0.3;0.3;0.6;36.9;22.5;5.2;1.7;22.0;63.8;0.9;0.0;0.0;0.0;0.3;0.3;0.6;0.0;0.0;0.9;0.6;0.0,37.49,0.1,0.01,3.22,14.443,0.843,7128.0,25683.0,4,16,,,,,,,,,,,,,,,,,,,,,,,,,,,,,,,,,,,,,,,,,,,,,,,,,,,,,,,,,,,,,
4,5,,,,,,,98,92,67,17,221.4,2745,10801,35,0,7.3,1.5;13.0;2.1;2.1;1.2;1.2;60.4;20.4;6.8;3.8;35.2;23.1;0.9;0.9;0.6;0.0;0.0;0.0;0.0;0.3;0.3;0.3;0.3;0.0,37.48,0.1,0.01,2.69,14.443,0.843,9912.0,11962.0,4,16,,,,,,,,,,,,,,,,,,,,,,,,,,,,,,,,,,,,,,,,,,,,,,,,,,,,,,,,,,,,,
4,6,,,,,,,96,87,67,16,220.9,2745,10801,35,0,7.9,1.2;14.2;4.1;1.8;1.5;0.9;52.6;23.1;5.8;2.6;31.0;45.3;0.9;1.2;0.0;0.0;0.0;0.6;0.3;0.0;0.0;0.9;0.3;0.3,37.47,0.1,0.01,2.37,14.443,0.843,3466.0,16601.0,4,16,,,,,,,,,,,,,,,,,,,,,,,,,,,,,,,,,,,,,,,,,,,,,,,,,,,,,,,,,,,,,
4,7,,,,,,,100,100,66,16,219.0,2745,10801,35,0,7.4,1.5;15.3;3.2;0.6;1.2;0.6;27.1;41.2;6.5;3.5;23.9;50.7;0.3;0.6;0.0;0.0;0.3;0.3;0.0;0.0;0.0;0.0;0.0;0.0,37.46,0.1,0.0,1.74,14.443,0.843,16064.0,11132.0,4,16,,,,,,,,,,,,,,,,,,,,,,,,,,,,,,,,,,,,,,,,,,,,,,,,,,,,,,,,,,,,,
4,8,,,,,,,96,86,67,18,219.7,2745,10801,36,0,7.9,1.2;16.6;3.2;2.0;2.0;1.4;52.6;29.2;4.6;3.5;31.5;39.0;0.6;0.9;0.0;0.0;0.0;0.0;0.0;0.0;0.3;0.6;0.0;0.0,37.45,0.1,0.0,1.51,14.443,0.843,3955.0,26318.0,4,16,,,,,,,,,,,,,,,,,,,,,,,,,,,,,,,,,,,,,,,,,,,,,,,,,,,,,,,,,,,,,
4,9,,,,,,,96,92,67,17,219.3,2745,10801,36,0,7.6,0.6;16.3;1.2;2.1;0.3;1.2;56.9;26.4;5.3;5.3;37.8;24.0;1.2;0.3;0.0;0.3;0.0;0.3;0.0;0.0;0.0;0.0;1.2;0.0,37.43,0.1,0.0,4.59,14.443,0.843,39794.0,68212.0,4,16,,,,,,,,,,,,,,,,,,,,,,,,,,,,,,,,,,,,,,,,,,,,,,,,,,,,,,,,,,,,,
4,10,,,,,,,100,96,65,18,220.4,2745,10801,36,0,8.0,1.5;15.2;2.7;2.1;1.5;1.8;27.2;32.2;5.3;5.3;24.0;69.0;1.5;0.6;0.3;0.0;0.0;0.0;0.0;0.0;0.6;0.3;0.3;0.0,37.43,0.1,0.01,0.09,14.443,0.843,7470.0,11914.0,4,16,,,,,,,,,,,,,,,,,,,,,,,,,,,,,,,,,,,,,,,,,,,,,,,,,,,,,,,,,,,,,
4,11,,,,,,,100,95,66,18,220.7,2745,10801,36,0,7.6,1.2;12.1;1.2;3.8;0.3;0.6;38.9;40.4;6.1;4.7;29.8;42.3;0.3;0.6;0.0;0.0;0.0;0.3;0.3;0.3;0.0;0.0;0.0;0.0,37.43,0.1,0.0,0.02,14.443,0.843,3466.0,15869.0,4,16,,,,,,,,,,,,,,,,,,,,,,,,,,,,,,,,,,,,,,,,,,,,,,,,,,,,,,,,,,,,,
4,12,,,,,,,97,92,67,19,220.0,2745,10801,36,0,8.1,1.2;16.9;2.0;2.3;1.7;0.6;54.9;30.6;6.1;4.3;36.7;30.5;1.4;0.9;0.0;0.3;0.3;0.6;0.3;0.0;0.3;0.9;0.6;0.0,37.43,0.1,0.0,0.07,14.443,0.843,3955.0,12841.0,4,16,,,,,,,,,,,,,,,,,,,,,,,,,,,,,,,,,,,,,,,,,,,,,,,,,,,,,,,,,,,,,
4,13,,,,,,,100,95,66,18,220.4,2745,10801,36,0,9.1,0.3;24.6;2.7;3.2;0.3;1.2;31.5;39.6;8.5;6.2;33.3;60.6;0.9;1.5;0.0;0.0;0.3;0.0;0.0;0.0;0.6;0.0;0.0;0.0,37.43,0.1,0.0,0.06,14.443,0.843,14208.0,11865.0,4,16,,,,,,,,,,,,,,,,,,,,,,,,,,,,,,,,,,,,,,,,,,,,,,,,,,,,,,,,,,,,,
4,14,,,,,,,96,85,66,19,221.4,2745,10801,36,0,7.9,0.9;23.3;2.6;1.8;1.2;0.3;28.1;34.5;5.3;4.4;39.8;40.1;0.6;1.5;0.3;0.0;0.6;0.0;0.0;0.0;0.0;1.2;0.6;0.3,37.46,0.1,0.0,0.01,14.443,0.843,3710.0,14794.0,4,16,,,,,,,,,,,,,,,,,,,,,,,,,,,,,,,,,,,,,,,,,,,,,,,,,,,,,,,,,,,,,
4,15,,,,,,,96,94,68,19,219.8,2745,10801,36,0,8.3,2.1;15.8;3.5;2.1;0.6;2.9;64.8;20.5;7.6;3.8;22.6;39.3;2.9;0.6;0.9;0.6;0.6;0.9;0.3;1.7;1.5;1.5;1.5;0.6,37.17,0.1,0.17,0.71,14.443,0.843,8300.0,11962.0,4,16,,,,,,,,,,,,,,,,,,,,,,,,,,,,,,,,,,,,,,,,,,,,,,,,,,,,,,,,,,,,,
4,16,,,,,,,100,95,66,17,220.9,2745,10801,36,0,14.2,7.2;23.2;8.9;9.5;8.1;7.7;44.0;55.9;8.9;17.6;43.4;52.6;4.6;5.5;3.7;1.7;4.3;4.9;6.1;6.6;4.0;3.4;4.3;2.3,37.52,0.1,1.47,29.11,14.452,0.852,3564.0,34277.0,4,16,,,,,,,,,,,,,,,,,,,,,,,,,,,,,,,,,,,,,,,,,,,,,,,,,,,,,,,,,,,,,
4,17,,,,,,,98,93,65,15,217.6,2745,10801,36,0,7.7,1.2;13.5;2.6;0.6;1.2;0.6;39.7;22.4;5.6;5.8;29.4;57.1;0.6;0.6;0.0;0.0;0.0;0.0;0.0;0.0;0.3;0.0;2.9;0.3,37.51,0.1,0.15,0.61,14.452,0.852,16064.0,87792.0,4,16,,,,,,,,,,,,,,,,,,,,,,,,,,,,,,,,,,,,,,,,,,,,,,,,,,,,,,,,,,,,,
4,18,,,,,,,100,100,67,18,218.9,2745,10801,36,0,8.4,2.6;17.0;3.8;2.3;2.1;1.5;57.5;26.2;5.6;6.4;26.8;39.7;2.1;0.9;0.0;0.6;0.9;0.6;0.0;0.0;1.2;2.6;0.6;0.9,37.51,0.1,0.01,0.08,14.452,0.852,20410.0,60937.0,4,16,,,,,,,,,,,,,,,,,,,,,,,,,,,,,,,,,,,,,,,,,,,,,,,,,,,,,,,,,,,,,
4,19,,,,,,,100,99,68,18,219.9,2745,10801,36,0,7.7,2.1;13.9;2.7;1.8;1.2;0.9;35.6;36.9;6.2;3.6;43.8;29.8;1.2;1.2;0.0;0.0;0.3;0.0;0.3;0.6;0.0;0.0;1.8;0.0,37.51,0.1,0.0,0.14,14.452,0.852,26367.0,45117.0,4,16,,,,,,,,,,,,,,,,,,,,,,,,,,,,,,,,,,,,,,,,,,,,,,,,,,,,,,,,,,,,,
4,20,,,,,,,96,86,66,18,220.9,2745,10801,36,0,7.1,0.9;12.8;2.3;1.4;1.4;0.9;29.6;22.6;6.1;2.0;30.9;55.5;1.2;0.3;0.3;0.6;0.0;0.0;0.0;0.0;0.0;0.3;0.6;0.6,37.51,0.1,0.01,0.15,14.452,0.852,16748.0,12451.0,4,16,,,,,,,,,,,,,,,,,,,,,,,,,,,,,,,,,,,,,,,,,,,,,,,,,,,,,,,,,,,,,
4,21,,,,,,,96,93,66,18,220.0,2745,10801,36,0,8.1,0.6;16.0;3.2;1.7;0.6;0.9;64.9;25.5;10.3;5.3;24.9;38.0;0.6;0.3;0.0;0.0;0.0;0.3;0.0;0.0;0.0;0.6;0.3;0.0,37.49,0.1,0.04,0.35,14.452,0.852,3271.0,29589.0,4,16,,,,,,,,,,,,,,,,,,,,,,,,,,,,,,,,,,,,,,,,,,,,,,,,,,,,,,,,,,,,,
4,22,,,,,,,97,93,66,16,218.7,2745,10801,36,0,7.7,0.6;19.7;2.3;1.5;1.5;0.9;41.1;23.0;6.2;3.2;39.8;37.0;0.9;0.9;0.0;0.0;0.3;0.3;0.6;0.3;0.3;1.7;0.6;0.0,37.48,0.1,0.0,0.25,14.452,0.852,8154.0,10937.0,4,16,,,,,,,,,,,,,,,,,,,,,,,,,,,,,,,,,,,,,,,,,,,,,,,,,,,,,,,,,,,,,
4,23,,,,,,,100,94,68,17,220.0,2745,10801,36,0,8.0,2.1;15.8;2.9;2.4;1.8;0.9;41.8;22.9;6.7;5.3;21.9;61.4;1.2;0.6;0.0;0.0;0.3;0.0;0.0;0.9;0.3;1.8;0.0;0.0,37.48,0.1,0.0,0.21,14.452,0.852,5224.0,11328.0,4,16,,,,,,,,,,,,,,,,,,,,,,,,,,,,,,,,,,,,,,,,,,,,,,,,,,,,,,,,,,,,,
4,24,,,,,,,97,93,66,17,218.9,2745,10801,36,0,7.9,1.4;18.5;2.3;2.0;1.2;2.3;55.9;26.9;9.2;4.0;26.9;35.0;0.6;0.9;0.0;0.0;0.3;0.0;0.0;0.0;0.0;0.3;0.9;0.3,37.49,0.1,0.09,0.08,14.452,0.852,4101.0,22998.0,4,16,,,,,,,,,,,,,,,,,,,,,,,,,,,,,,,,,,,,,,,,,,,,,,,,,,,,,,,,,,,,,
4,25,,,,,,,99,100,66,18,219.5,2745,10801,36,0,7.6,1.5;13.2;4.4;1.5;1.2;0.9;28.8;48.7;4.4;6.2;27.2;41.8;0.3;0.3;0.0;0.0;0.0;0.3;0.0;0.0;0.0;0.6;0.6;0.0,37.49,0.1,0.0,0.02,14.452,0.852,4150.0,13281.0,4,16,,,,,,,,,,,,,,,,,,,,,,,,,,,,,,,,,,,,,,,,,,,,,,,,,,,,,,,,,,,,,
4,26,,,,,,,98,90,66,18,219.4,2745,10801,36,0,7.9,1.2;11.9;3.8;2.4;0.3;0.9;27.4;34.7;8.5;2.9;22.1;70.6;1.2;0.3;0.0;0.0;0.0;0.3;0.0;0.0;0.0;0.0;0.6;0.0,37.49,0.1,0.0,0.04,14.452,0.852,4248.0,22705.0,4,16,,,,,,,,,,,,,,,,,,,,,,,,,,,,,,,,,,,,,,,,,,,,,,,,,,,,,,,,,,,,,
4,27,,,,,,,96,85,65,18,219.5,2745,10801,36,0,8.3,1.8;14.5;3.5;3.5;0.9;1.5;39.6;42.2;11.4;2.1;37.5;37.8;0.9;0.6;0.0;0.0;0.0;0.0;0.3;0.0;0.0;0.0;0.0;0.0,37.49,0.1,0.04,0.39,14.452,0.852,168701.0,35693.0,4,16,,,,,,,,,,,,,,,,,,,,,,,,,,,,,,,,,,,,,,,,,,,,,,,,,,,,,,,,,,,,,
4,28,,,,,,,100,99,66,19,220.0,2745,10801,36,0,9.6,3.8;21.1;3.8;4.1;2.0;3.5;42.6;42.6;10.1;5.2;30.9;44.8;1.2;1.5;1.4;0.6;0.9;0.3;1.4;0.3;0.6;1.7;2.3;3.5,37.38,0.1,0.0,0.05,14.452,0.852,61376.0,59228.0,4,16,,,,,,,,,,,,,,,,,,,,,,,,,,,,,,,,,,,,,,,,,,,,,,,,,,,,,,,,,,,,,
4,29,,,,,,,96,85,66,19,220.9,2745,10801,36,0,7.6,1.2;15.2;2.3;1.2;1.8;0.6;43.1;24.0;2.6;5.8;18.4;63.5;0.3;0.6;0.0;0.0;0.6;0.0;0.0;0.0;0.0;0.0;0.0;0.0,37.38,0.1,0.01,0.11,14.452,0.852,16748.0,10302.0,4,16,,,,,,,,,,,,,,,,,,,,,,,,,,,,,,,,,,,,,,,,,,,,,,,,,,,,,,,,,,,,,
4,30,,,,,,,96,94,65,19,219.7,2745,10801,36,0,8.6,1.5;15.2;2.1;2.1;1.2;1.2;52.9;34.1;8.8;7.7;29.2;45.7;0.6;0.9;0.0;0.0;0.6;0.0;0.0;0.0;1.2;1.5;0.6;0.3,37.38,0.1,0.01,0.04,14.452,0.852,6738.0,17919.0,4,16,,,,,,,,,,,,,,,,,,,,,,,,,,,,,,,,,,,,,,,,,,,,,,,,,,,,,,,,,,,,,
4,31,,,,,,,96,92,66,17,219.4,2745,10801,36,0,9.6,1.8;33.6;2.6;3.2;2.0;0.9;46.6;49.1;9.4;7.6;27.2;38.5;0.3;0.9;0.0;0.0;0.0;0.0;0.0;0.0;0.0;1.2;0.0;0.0,37.38,0.1,0.01,0.53,14.452,0.852,5761.0,11425.0,4,16,,,,,,,,,,,,,,,,,,,,,,,,,,,,,,,,,,,,,,,,,,,,,,,,,,,,,,,,,,,,,
4,32,,,,,,,97,95,65,17,220.3,2745,10801,36,0,7.1,0.3;12.5;1.1;0.6;0.3;0.6;30.2;27.0;5.5;6.3;25.3;58.1;0.6;0.3;0.0;0.0;0.3;0.3;0.0;0.0;0.0;0.3;0.6;0.6,37.39,0.1,0.0,0.14,14.452,0.852,60302.0,289746.0,4,16,,,,,,,,,,,,,,,,,,,,,,,,,,,,,,,,,,,,,,,,,,,,,,,,,,,,,,,,,,,,,
4,33,,,,,,,100,100,66,18,220.3,2745,10801,36,0,7.1,0.6;11.7;1.8;0.9;0.3;0.3;32.6;39.2;2.7;3.5;33.5;39.8;0.6;0.3;0.0;1.2;0.0;0.0;0.0;0.0;0.0;0.3;0.0;0.0,37.39,0.1,0.01,0.11,14.452,0.852,3466.0,219775.0,4,16,,,,,,,,,,,,,,,,,,,,,,,,,,,,,,,,,,,,,,,,,,,,,,,,,,,,,,,,,,,,,
4,34,,,,,,,100,97,66,17,219.8,2745,10801,36,0,7.3,1.2;14.2;1.5;1.2;0.9;0.0;52.6;28.7;4.4;3.5;32.6;32.6;0.3;0.3;0.0;0.0;0.3;0.0;0.0;0.3;0.3;0.0;0.0;0.0,37.39,0.1,0.01,0.06,14.452,0.852,3613.0,18554.0,4,16,,,,,,,,,,,,,,,,,,,,,,,,,,,,,,,,,,,,,,,,,,,,,,,,,,,,,,,,,,,,,
4,35,,,,,,,96,84,65,17,219.2,2745,10801,36,0,7.2,0.9;12.2;1.8;1.2;1.5;1.8;37.2;26.1;7.0;2.3;30.1;48.0;0.3;0.6;0.0;0.0;0.3;0.3;0.0;0.0;0.3;0.3;0.0;0.3,37.39,0.1,0.0,0.04,14.452,0.852,14746.0,67578.0,4,16,,,,,,,,,,,,,,,,,,,,,,,,,,,,,,,,,,,,,,,,,,,,,,,,,,,,,,,,,,,,,
4,36,,,,,,,100,97,67,17,218.4,2745,10801,36,0,7.0,0.6;13.2;1.2;1.2;0.6;0.6;41.2;27.5;4.1;3.5;24.0;45.5;0.3;0.3;0.0;0.0;0.3;0.0;2.8;0.9;0.3;0.6;0.0;0.0,37.4,0.1,0.0,0.01,14.452,0.852,4931.0,57568.0,4,16,,,,,,,,,,,,,,,,,,,,,,,,,,,,,,,,,,,,,,,,,,,,,,,,,,,,,,,,,,,,,
4,37,,,,,,,100,89,67,17,218.6,2745,10801,36,0,7.5,1.8;16.0;2.6;0.6;0.6;0.3;63.2;20.8;3.8;2.9;20.4;39.7;0.9;0.9;0.3;0.6;0.6;0.3;0.3;0.3;0.0;0.9;0.9;0.3,37.39,0.1,0.0,1.3,14.452,0.852,41748.0,53076.0,4,16,,,,,,,,,,,,,,,,,,,,,,,,,,,,,,,,,,,,,,,,,,,,,,,,,,,,,,,,,,,,,
4,38,,,,,,,96,93,65,17,219.8,2745,10801,36,0,8.0,1.5;16.2;2.0;2.0;0.6;1.2;32.1;39.5;5.6;9.3;18.1;58.8;0.3;0.6;0.0;0.0;0.0;0.0;0.3;0.0;0.0;1.7;0.3;0.0,37.39,0.1,0.01,0.13,14.452,0.852,5224.0,13134.0,4,16,,,,,,,,,,,,,,,,,,,,,,,,,,,,,,,,,,,,,,,,,,,,,,,,,,,,,,,,,,,,,
4,39,,,,,,,96,91,67,17,219.4,2745,10801,36,0,7.6,0.6;13.5;2.4;0.9;0.3;1.8;42.2;31.2;7.1;4.7;30.1;44.7;1.8;0.9;0.0;0.3;0.3;0.3;0.0;0.0;0.3;0.0;0.0;0.0,37.41,0.1,0.0,0.07,14.452,0.852,9130.0,11669.0,4,16,,,,,,,,,,,,,,,,,,,,,,,,,,,,,,,,,,,,,,,,,,,,,,,,,,,,,,,,,,,,,
4,40,,,,,,,100,95,66,17,220.3,2745,10801,36,0,7.9,1.2;17.5;2.6;2.9;2.3;1.7;49.7;40.4;6.3;8.1;35.5;18.2;0.6;0.3;0.0;0.0;0.0;0.3;0.0;0.0;0.0;0.3;0.0;0.0,37.39,0.1,0.15,0.18,14.452,0.852,7031.0,10009.0,4,16,,,,,,,,,,,,,,,,,,,,,,,,,,,,,,,,,,,,,,,,,,,,,,,,,,,,,,,,,,,,,
4,41,,,,,,,96,92,66,18,219.6,2745,10801,36,0,7.5,0.9;16.6;1.8;2.1;1.8;0.9;48.4;24.5;5.0;2.9;23.2;48.7;1.2;0.3;0.0;0.0;0.0;0.0;0.0;0.0;0.6;0.0;0.6;0.0,37.38,0.1,0.0,0.04,14.452,0.852,11230.0,11962.0,4,16,,,,,,,,,,,,,,,,,,,,,,,,,,,,,,,,,,,,,,,,,,,,,,,,,,,,,,,,,,,,,
4,42,,,,,,,100,100,66,18,219.7,2745,10801,36,0,8.3,2.6;14.8;3.2;3.8;2.3;1.2;34.3;38.7;7.0;5.8;43.4;35.5;1.5;1.2;0.0;0.0;0.3;0.6;0.9;0.0;0.3;1.2;0.6;0.6,37.39,0.1,0.0,0.04,14.452,0.852,3955.0,22412.0,4,16,,,,,,,,,,,,,,,,,,,,,,,,,,,,,,,,,,,,,,,,,,,,,,,,,,,,,,,,,,,,,
4,43,,,,,,,100,95,65,18,219.7,2745,10801,36,0,8.0,1.8;16.6;3.5;2.9;1.5;0.9;60.1;22.9;7.1;3.5;30.9;37.6;0.3;0.3;0.0;0.0;0.6;0.6;0.0;0.0;0.0;0.0;0.0;0.3,37.38,0.1,0.04,0.11,14.452,0.852,3662.0,18896.0,4,16,,,,,,,,,,,,,,,,,,,,,,,,,,,,,,,,,,,,,,,,,,,,,,,,,,,,,,,,,,,,,
4,44,,,,,,,100,100,66,19,219.8,2745,10801,36,0,8.1,2.0;16.1;3.5;2.9;0.9;1.4;52.2;21.7;6.9;5.5;25.9;51.9;0.6;1.7;0.0;0.0;0.0;0.3;0.0;0.0;0.0;0.6;0.0;0.0,37.37,0.1,0.0,0.06,14.452,0.852,3710.0,12792.0,4,16,,,,,,,,,,,,,,,,,,,,,,,,,,,,,,,,,,,,,,,,,,,,,,,,,,,,,,,,,,,,,
4,45,,,,,,,100,93,65,19,219.5,2745,10801,36,0,6.8,0.6;14.0;2.7;0.9;1.2;0.6;31.6;52.5;4.1;4.1;15.3;32.2;0.3;0.6;0.0;0.0;0.0;0.0;0.3;0.3;0.0;0.0;0.6;0.0,37.36,0.1,0.01,0.08,14.452,0.852,3808.0,36474.0,4,16,,,,,,,,,,,,,,,,,,,,,,,,,,,,,,,,,,,,,,,,,,,,,,,,,,,,,,,,,,,,,
4,46,,,,,,,100,100,66,17,220.4,2745,10801,36,0,6.3,1.0;10.2;2.4;3.4;1.0;0.5;34.0;11.6;5.8;2.4;70.9;6.3;1.0;0.5;0.0;0.0;0.0;0.0;0.0;0.0;0.0;0.0;1.0;0.0,37.36,0.1,0.0,0.05,14.452,0.852,22265.0,7861.0,4,16,,,,,,,,,,,,,,,,,,,,,,,,,,,,,,,,,,,,,,,,,,,,,,,,,,,,,,,,,,,,,
4,summary,0.42187245282093533,0.9785138374373502,0.39672487557987945,0.9848287055004763,0.00099922,251.9,,,,,,,,,,,,,,,,,,,,,,81,97.87,100,83,93.5,100,63,66.09,68,15,17.8,25,188.8,219.17,221.4,2745.0,10801.0,35.9,0,6.3,8.89,51.5,37.17,37.44,37.58,63.16,0.1,0.1,0.1,19.04,0.0,0.05,1.47,0.01,1.42,29.11,10.735,13.6,14.443,14.45,14.452,15.992,0.843,0.85,0.852,3271.0,15284.85,168701.0,7861.0,40093.76,289746.0,4,4.0,4,16,16.0,16,4,16,190.95,47.25
5,1,,,,,,,0,1,62,26,154.2,2745,10801,36,0,51.9,68.8;72.8;81.2;81.8;80.8;80.9;94.5;96.2;72.6;75.8;94.7;94.2;48.8;51.2;5.2;5.2;29.6;34.3;4.5;5.4;18.3;22.1;12.1;12.0,37.56,0.1,0.0,0.04,14.452,0.852,14355.0,5712.0,4,16,,,,,,,,,,,,,,,,,,,,,,,,,,,,,,,,,,,,,,,,,,,,,,,,,,,,,,,,,,,,,
5,2,,,,,,,96,93,67,18,219.2,2745,10801,36,0,7.1,0.3;13.5;2.1;1.2;0.9;0.3;29.4;29.1;5.0;3.8;22.9;60.0;0.6;0.6;0.0;0.0;0.0;0.0;0.0;0.0;0.0;1.2;0.0;0.0,37.51,0.1,0.0,9.08,14.452,0.852,5615.0,13281.0,4,16,,,,,,,,,,,,,,,,,,,,,,,,,,,,,,,,,,,,,,,,,,,,,,,,,,,,,,,,,,,,,
5,3,,,,,,,100,95,66,19,219.8,2745,10801,36,0,6.8,1.2;12.5;2.9;1.2;0.6;1.2;63.8;16.8;3.2;5.8;17.1;34.4;0.3;0.3;0.0;0.0;0.6;0.3;0.0;0.0;0.0;0.0;0.0;0.3,37.48,0.1,0.0,5.02,14.452,0.852,6445.0,16308.0,4,16,,,,,,,,,,,,,,,,,,,,,,,,,,,,,,,,,,,,,,,,,,,,,,,,,,,,,,,,,,,,,
5,4,,,,,,,96,84,65,18,220.3,2745,10801,36,0,8.0,2.6;12.6;1.7;4.1;2.0;2.0;51.5;24.6;7.0;7.0;25.1;43.1;1.2;1.2;0.3;0.0;0.9;0.3;0.0;0.3;0.9;1.7;0.9;0.3,37.46,0.1,0.03,4.21,14.452,0.852,3222.0,219433.0,4,16,,,,,,,,,,,,,,,,,,,,,,,,,,,,,,,,,,,,,,,,,,,,,,,,,,,,,,,,,,,,,
5,5,,,,,,,100,99,68,19,220.0,2745,10801,36,0,7.8,2.6;17.1;1.5;0.9;1.2;0.9;29.3;33.7;4.1;5.9;23.8;58.6;0.9;0.9;0.0;0.0;0.6;0.0;0.3;0.3;0.3;2.9;0.0;0.3,37.45,0.1,0.02,2.7,14.452,0.852,3662.0,25244.0,4,16,,,,,,,,,,,,,,,,,,,,,,,,,,,,,,,,,,,,,,,,,,,,,,,,,,,,,,,,,,,,,
5,6,,,,,,,100,95,65,17,219.7,2745,10801,36,0,7.2,1.8;12.7;2.6;1.2;0.3;0.3;46.0;44.9;2.6;5.3;20.4;33.0;0.9;0.0;0.0;0.0;0.0;0.3;0.0;0.3;0.0;0.0;0.0;0.0,37.43,0.1,0.0,3.04,14.452,0.852,5273.0,19775.0,4,16,,,,,,,,,,,,,,,,,,,,,,,,,,,,,,,,,,,,,,,,,,,,,,,,,,,,,,,,,,,,,
5,7,,,,,,,97,91,66,18,217.8,2745,10801,36,0,7.5,1.4;17.6;2.9;2.9;1.7;0.6;34.3;45.6;2.9;5.5;19.5;39.5;0.6;0.9;0.3;0.0;0.3;0.0;0.0;0.0;0.9;0.9;0.0;0.0,37.41,0.1,0.02,2.29,14.452,0.852,5468.0,11962.0,4,16,,,,,,,,,,,,,,,,,,,,,,,,,,,,,,,,,,,,,,,,,,,,,,,,,,,,,,,,,,,,,
5,8,,,,,,,98,97,66,18,217.4,2745,10801,36,0,7.0,1.2;9.8;1.5;2.0;1.2;0.9;20.8;25.8;5.3;4.1;16.4;77.4;0.6;0.6;0.0;0.0;0.0;0.0;0.0;0.0;0.3;0.0;0.9;0.0,37.42,0.1,0.01,2.11,14.452,0.852,8886.0,47412.0,4,16,,,,,,,,,,,,,,,,,,,,,,,,,,,,,,,,,,,,,,,,,,,,,,,,,,,,,,,,,,,,,
5,9,,,,,,,100,95,66,19,220.2,2745,10801,36,0,7.3,0.9;13.6;0.6;0.9;0.3;0.3;58.1;14.2;4.1;8.0;33.7;34.6;0.3;0.6;0.0;0.3;0.3;0.3;0.0;0.3;0.3;0.6;0.6;0.6,37.41,0.1,0.0,1.56,14.452,0.852,25830.0,76318.0,4,16,,,,,,,,,,,,,,,,,,,,,,,,,,,,,,,,,,,,,,,,,,,,,,,,,,,,,,,,,,,,,
5,10,,,,,,,100,95,66,19,220.5,2745,10801,36,0,7.1,1.5;11.7;1.2;1.2;1.2;1.2;46.5;27.6;2.6;4.1;30.9;38.8;0.0;0.6;0.0;0.0;0.0;0.0;0.0;0.0;0.0;0.0;1.2;0.0,37.38,0.1,0.0,1.56,14.452,0.852,9619.0,29638.0,4,16,,,,,,,,,,,,,,,,,,,,,,,,,,,,,,,,,,,,,,,,,,,,,,,,,,,,,,,,,,,,,
5,11,,,,,,,100,100,66,18,219.5,2745,10801,36,0,6.8,0.6;13.8;2.0;0.6;0.0;0.6;24.6;29.5;3.8;3.2;29.5;53.2;0.3;0.3;0.0;0.0;0.3;0.0;0.3;0.0;0.0;0.0;0.6;0.0,37.35,0.1,0.01,3.64,14.452,0.852,13134.0,15576.0,4,16,,,,,,,,,,,,,,,,,,,,,,,,,,,,,,,,,,,,,,,,,,,,,,,,,,,,,,,,,,,,,
5,12,,,,,,,98,93,67,18,220.4,2730,10801,36,0,7.7,0.3;16.7;2.9;2.6;0.3;0.6;58.4;24.9;6.2;5.3;35.9;24.3;0.9;1.2;0.0;0.3;0.3;0.6;0.0;0.0;0.9;0.0;0.0;0.9,37.36,0.1,0.0,0.03,14.452,0.852,13378.0,9960.0,4,16,,,,,,,,,,,,,,,,,,,,,,,,,,,,,,,,,,,,,,,,,,,,,,,,,,,,,,,,,,,,,
5,13,,,,,,,96,92,67,18,219.5,2730,10801,36,0,7.3,1.2;11.7;1.2;1.2;0.9;0.6;57.9;25.3;3.8;4.7;35.0;29.7;0.6;0.6;0.0;0.0;0.0;0.0;0.6;0.3;0.0;0.9;0.0;0.0,37.37,0.1,0.0,0.04,14.452,0.852,7421.0,10302.0,4,16,,,,,,,,,,,,,,,,,,,,,,,,,,,,,,,,,,,,,,,,,,,,,,,,,,,,,,,,,,,,,
5,14,,,,,,,100,98,66,18,219.3,2730,10801,36,0,7.2,1.2;8.9;2.9;2.3;1.5;1.8;34.5;23.4;2.9;7.9;29.8;53.2;1.2;0.0;0.0;0.0;0.0;0.3;0.0;0.0;0.0;0.3;1.2;0.0,37.36,0.1,0.0,0.05,14.452,0.852,3759.0,41748.0,4,16,,,,,,,,,,,,,,,,,,,,,,,,,,,,,,,,,,,,,,,,,,,,,,,,,,,,,,,,,,,,,
5,15,,,,,,,96,95,67,17,220.3,2745,10801,36,0,7.7,1.2;14.5;1.2;2.9;1.4;0.9;46.5;17.4;3.5;6.6;49.7;33.5;0.9;0.6;0.0;0.0;0.0;0.3;0.3;0.0;0.6;0.6;1.7;0.3,37.35,0.1,0.01,0.05,14.452,0.852,9277.0,89453.0,4,16,,,,,,,,,,,,,,,,,,,,,,,,,,,,,,,,,,,,,,,,,,,,,,,,,,,,,,,,,,,,,
5,16,,,,,,,97,92,66,17,218.6,2730,10801,36,0,7.1,0.6;11.7;2.1;1.8;2.1;0.0;48.2;23.5;2.1;6.5;41.2;29.4;0.6;0.3;0.0;0.0;0.0;0.0;0.0;0.0;0.0;0.6;0.0;0.0,37.35,0.1,0.0,0.04,14.452,0.852,16210.0,20654.0,4,16,,,,,,,,,,,,,,,,,,,,,,,,,,,,,,,,,,,,,,,,,,,,,,,,,,,,,,,,,,,,,
5,17,,,,,,,100,100,66,17,218.9,2730,10801,36,0,8.5,2.0;16.3;2.9;3.5;2.0;1.5;41.1;21.6;4.1;8.7;43.0;46.8;1.2;0.6;0.6;0.0;0.0;0.3;0.3;0.0;1.5;3.2;0.6;0.9,37.35,0.1,0.0,0.05,14.452,0.852,12548.0,25341.0,4,16,,,,,,,,,,,,,,,,,,,,,,,,,,,,,,,,,,,,,,,,,,,,,,,,,,,,,,,,,,,,,
5,18,,,,,,,96,86,67,17,219.5,2730,10801,36,0,8.9,0.9;22.1;2.4;2.4;1.8;1.5;48.7;26.7;6.2;10.5;38.3;48.4;0.3;1.2;0.0;0.0;0.0;0.0;0.0;0.0;0.0;0.6;0.6;0.0,37.35,0.1,0.0,0.07,14.452,0.852,46533.0,61572.0,4,16,,,,,,,,,,,,,,,,,,,,,,,,,,,,,,,,,,,,,,,,,,,,,,,,,,,,,,,,,,,,,
5,19,,,,,,,100,100,66,18,219.5,2745,10801,36,0,7.5,0.6;27.1;0.6;1.4;0.9;0.0;61.6;22.0;2.3;4.9;29.0;25.4;0.0;0.3;0.0;0.0;0.3;0.0;0.0;0.0;0.0;0.0;0.6;0.0,37.34,0.1,0.0,0.05,14.452,0.852,66308.0,53369.0,4,16,,,,,,,,,,,,,,,,,,,,,,,,,,,,,,,,,,,,,,,,,,,,,,,,,,,,,,,,,,,,,
5,20,,,,,,,100,94,65,18,220.1,2745,10801,36,0,7.1,1.5;12.0;1.5;2.7;0.3;0.3;39.7;28.5;1.8;5.3;10.3;63.7;1.2;0.0;0.0;0.0;0.0;0.0;0.0;0.0;0.0;0.3;0.6;0.0,37.35,0.1,0.01,0.06,14.452,0.852,4003.0,28369.0,4,16,,,,,,,,,,,,,,,,,,,,,,,,,,,,,,,,,,,,,,,,,,,,,,,,,,,,,,,,,,,,,
5,21,,,,,,,96,90,67,18,220.1,2745,10801,36,0,8.1,2.9;12.7;3.2;3.5;3.5;1.5;37.5;25.7;5.6;4.1;32.4;50.7;2.7;1.5;0.0;0.3;1.2;1.2;0.3;0.0;0.9;1.5;0.9;0.3,37.35,0.1,0.0,0.05,14.452,0.852,4345.0,28759.0,4,16,,,,,,,,,,,,,,,,,,,,,,,,,,,,,,,,,,,,,,,,,,,,,,,,,,,,,,,,,,,,,
5,22,,,,,,,97,94,68,16,219.9,2730,10801,36,0,7.6,1.5;13.8;1.2;2.6;1.5;0.0;62.2;20.6;5.0;5.6;37.9;25.3;1.5;0.3;0.3;0.0;0.0;0.3;0.0;0.0;0.0;0.9;1.2;0.9,37.35,0.1,0.07,0.18,14.452,0.852,6933.0,11962.0,4,16,,,,,,,,,,,,,,,,,,,,,,,,,,,,,,,,,,,,,,,,,,,,,,,,,,,,,,,,,,,,,
5,23,,,,,,,97,91,66,19,219.1,2745,10801,36,0,7.6,1.4;14.0;2.0;1.7;0.9;1.7;42.1;28.0;4.3;5.7;31.9;42.5;0.6;0.3;1.4;0.9;0.3;0.3;0.0;0.0;0.9;1.4;0.0;0.3,37.35,0.1,0.0,0.09,14.452,0.852,7373.0,23486.0,4,16,,,,,,,,,,,,,,,,,,,,,,,,,,,,,,,,,,,,,,,,,,,,,,,,,,,,,,,,,,,,,
5,24,,,,,,,100,95,68,17,219.7,2745,10801,36,0,7.6,1.5;13.8;2.7;2.4;1.8;1.2;23.9;32.9;2.9;7.1;59.6;27.4;1.5;1.2;0.0;0.0;0.0;0.0;0.0;0.3;0.0;0.6;0.0;0.3,37.35,0.1,0.0,0.08,14.452,0.852,12451.0,15966.0,4,16,,,,,,,,,,,,,,,,,,,,,,,,,,,,,,,,,,,,,,,,,,,,,,,,,,,,,,,,,,,,,
5,25,,,,,,,100,95,66,18,220.2,2730,10801,36,0,9.2,3.2;14.6;15.0;2.9;5.3;3.5;46.5;33.0;4.4;10.6;32.9;39.3;1.8;0.9;0.3;0.6;0.6;0.6;0.0;0.0;0.9;1.7;1.8;0.6,37.35,0.1,0.01,0.24,14.452,0.852,3710.0,127050.0,4,16,,,,,,,,,,,,,,,,,,,,,,,,,,,,,,,,,,,,,,,,,,,,,,,,,,,,,,,,,,,,,
5,26,,,,,,,96,92,66,18,218.0,2730,10801,36,0,8.1,1.8;12.4;3.2;3.5;1.2;2.6;52.8;26.3;5.0;6.7;19.3;51.5;2.0;1.8;0.0;0.0;0.3;0.9;0.3;0.0;1.5;0.9;0.3;0.9,37.36,0.1,0.0,0.24,14.452,0.852,5322.0,10449.0,4,16,,,,,,,,,,,,,,,,,,,,,,,,,,,,,,,,,,,,,,,,,,,,,,,,,,,,,,,,,,,,,
5,27,,,,,,,100,94,66,18,218.8,2730,10801,36,0,7.4,1.2;20.3;2.0;0.6;0.6;0.3;30.3;34.0;3.2;6.3;45.0;31.1;0.3;0.3;0.0;0.0;0.0;0.0;0.0;0.0;0.0;0.0;0.0;0.3,37.35,0.1,0.0,0.07,14.452,0.852,3808.0,23291.0,4,16,,,,,,,,,,,,,,,,,,,,,,,,,,,,,,,,,,,,,,,,,,,,,,,,,,,,,,,,,,,,,
5,28,,,,,,,96,84,67,18,220.1,2730,10801,36,0,10.5,4.7;15.5;5.3;7.4;5.9;5.6;55.5;37.6;10.3;13.3;41.9;33.7;4.7;1.8;0.6;0.3;2.1;0.9;0.3;0.3;1.5;0.9;0.9;0.0,37.41,0.1,2.15,1.15,14.452,0.852,37500.0,344384.0,4,16,,,,,,,,,,,,,,,,,,,,,,,,,,,,,,,,,,,,,,,,,,,,,,,,,,,,,,,,,,,,,
5,29,,,,,,,99,100,67,18,219.8,2730,10801,36,0,9.3,3.5;18.3;5.6;5.6;2.9;2.4;55.6;31.2;5.3;10.9;38.2;35.5;1.5;1.5;0.0;0.6;0.9;0.6;0.6;0.0;0.9;1.2;0.3;0.0,37.38,0.1,0.04,0.27,14.452,0.852,5810.0,18945.0,4,16,,,,,,,,,,,,,,,,,,,,,,,,,,,,,,,,,,,,,,,,,,,,,,,,,,,,,,,,,,,,,
5,30,,,,,,,100,96,67,18,220.0,2730,10801,36,0,9.3,0.3;16.8;3.2;2.3;0.6;0.6;44.3;43.7;5.6;8.7;37.1;53.4;0.9;0.3;0.3;0.3;0.0;0.0;2.9;1.2;0.0;0.0;0.0;0.0,37.44,0.1,0.56,0.16,14.452,0.852,9375.0,10156.0,4,16,,,,,,,,,,,,,,,,,,,,,,,,,,,,,,,,,,,,,,,,,,,,,,,,,,,,,,,,,,,,,
5,31,,,,,,,96,94,66,17,220.2,2730,10801,36,0,7.7,0.9;14.1;2.3;3.5;1.2;0.9;49.0;21.4;4.3;7.5;54.9;22.0;0.3;0.9;0.0;0.0;0.0;0.0;0.0;0.0;0.0;1.2;0.0;0.0,37.43,0.1,0.0,0.06,14.452,0.852,14160.0,330957.0,4,16,,,,,,,,,,,,,,,,,,,,,,,,,,,,,,,,,,,,,,,,,,,,,,,,,,,,,,,,,,,,,
5,32,,,,,,,97,92,66,17,218.9,2730,10801,36,0,7.8,1.5;14.4;3.5;1.2;0.6;0.9;60.2;19.9;3.8;6.7;23.7;48.0;0.6;0.9;0.0;0.0;0.0;0.0;0.0;0.0;0.0;0.0;0.0;0.0,37.45,0.1,0.0,0.04,14.452,0.852,13720.0,20703.0,4,16,,,,,,,,,,,,,,,,,,,,,,,,,,,,,,,,,,,,,,,,,,,,,,,,,,,,,,,,,,,,,
5,33,,,,,,,100,96,67,17,220.2,2730,10801,36,0,9.0,1.7;11.4;5.8;1.5;1.5;1.2;46.1;23.6;6.1;9.9;42.4;50.7;0.3;0.9;0.0;0.0;1.2;1.2;7.8;0.3;0.9;0.3;1.7;0.3,37.47,0.1,0.71,0.64,14.452,0.852,3320.0,200878.0,4,16,,,,,,,,,,,,,,,,,,,,,,,,,,,,,,,,,,,,,,,,,,,,,,,,,,,,,,,,,,,,,
5,34,,,,,,,96,94,66,14,220.1,2730,10801,36,0,9.2,2.6;13.5;3.8;4.4;1.5;2.1;50.3;22.9;7.6;8.5;47.7;44.4;1.5;0.6;0.6;0.0;0.3;0.0;4.7;0.6;0.3;1.7;1.2;0.6,37.44,0.1,0.14,0.44,14.452,0.852,3857.0,321826.0,4,16,,,,,,,,,,,,,,,,,,,,,,,,,,,,,,,,,,,,,,,,,,,,,,,,,,,,,,,,,,,,,
5,35,,,,,,,100,95,68,18,219.2,2730,10801,36,0,8.9,2.9;18.7;5.4;2.0;1.7;2.3;64.7;28.4;8.3;7.2;24.9;37.2;2.0;2.9;0.0;0.3;0.3;0.9;0.0;0.3;0.3;1.4;0.6;0.6,37.46,0.1,0.02,0.08,14.452,0.852,3417.0,216943.0,4,16,,,,,,,,,,,,,,,,,,,,,,,,,,,,,,,,,,,,,,,,,,,,,,,,,,,,,,,,,,,,,
5,36,,,,,,,98,89,67,18,217.6,2730,10801,36,0,10.5,2.4;32.7;4.4;3.8;2.4;1.8;33.9;50.4;9.4;9.4;39.8;48.5;0.9;1.2;0.0;0.0;0.0;0.0;3.2;1.5;0.3;0.0;1.2;0.3,37.44,0.1,0.02,0.31,14.452,0.852,16601.0,10693.0,4,16,,,,,,,,,,,,,,,,,,,,,,,,,,,,,,,,,,,,,,,,,,,,,,,,,,,,,,,,,,,,,
5,37,,,,,,,100,100,67,17,218.7,2730,10801,36,0,6.9,0.9;14.0;1.8;1.5;0.6;0.6;23.3;47.6;5.0;2.7;16.5;50.1;0.3;0.6;0.0;0.0;0.3;0.0;0.0;0.0;0.0;0.0;0.3;0.0,37.44,0.1,0.0,0.06,14.452,0.852,47607.0,58593.0,4,16,,,,,,,,,,,,,,,,,,,,,,,,,,,,,,,,,,,,,,,,,,,,,,,,,,,,,,,,,,,,,
5,38,,,,,,,100,92,67,18,218.2,2730,10801,36,0,7.6,1.5;15.2;1.5;2.9;0.0;0.9;62.8;24.9;5.8;5.0;23.4;33.4;1.5;0.6;0.0;0.0;0.3;0.0;0.0;0.0;0.3;0.0;0.0;0.3,37.45,0.1,0.01,0.1,14.452,0.852,9667.0,10400.0,4,16,,,,,,,,,,,,,,,,,,,,,,,,,,,,,,,,,,,,,,,,,,,,,,,,,,,,,,,,,,,,,
5,39,,,,,,,100,98,66,18,219.3,2745,10801,36,0,6.9,0.6;15.5;0.9;1.4;0.3;0.3;22.0;42.1;3.7;4.3;17.1;56.5;0.9;0.3;0.0;0.0;0.0;0.0;0.0;0.0;0.0;0.0;0.0;0.0,37.43,0.1,0.01,0.15,14.452,0.852,12646.0,10546.0,4,16,,,,,,,,,,,,,,,,,,,,,,,,,,,,,,,,,,,,,,,,,,,,,,,,,,,,,,,,,,,,,
5,40,,,,,,,100,96,67,17,219.8,2745,10801,36,0,7.4,0.9;13.2;1.5;1.8;1.2;0.9;24.6;41.1;5.9;5.2;18.8;60.1;0.3;0.9;0.0;0.0;0.0;0.6;1.2;0.0;0.3;0.0;0.3;0.3,37.42,0.1,0.0,0.37,14.452,0.852,3662.0,59423.0,4,16,,,,,,,,,,,,,,,,,,,,,,,,,,,,,,,,,,,,,,,,,,,,,,,,,,,,,,,,,,,,,
5,41,,,,,,,100,93,68,17,219.3,2745,10801,36,0,7.6,1.8;15.6;1.5;1.2;1.5;0.9;48.4;36.5;5.3;5.0;23.2;37.4;0.9;0.6;0.0;0.0;0.9;0.3;0.3;0.0;0.6;0.0;1.2;0.0,37.43,0.1,0.0,0.05,14.452,0.852,4003.0,20166.0,4,16,,,,,,,,,,,,,,,,,,,,,,,,,,,,,,,,,,,,,,,,,,,,,,,,,,,,,,,,,,,,,
5,42,,,,,,,96,89,66,18,219.2,2745,10801,36,0,7.1,0.9;13.2;2.6;1.8;0.9;0.3;26.1;41.2;0.9;4.7;20.0;54.5;0.3;0.3;0.0;0.3;0.0;0.0;0.3;0.3;0.0;0.6;0.0;0.0,37.43,0.1,0.0,0.05,14.452,0.852,17919.0,10546.0,4,16,,,,,,,,,,,,,,,,,,,,,,,,,,,,,,,,,,,,,,,,,,,,,,,,,,,,,,,,,,,,,
5,43,,,,,,,100,95,66,17,220.5,2730,10801,36,0,7.7,1.4;13.3;2.9;1.4;0.9;0.6;25.4;40.8;6.1;6.9;24.3;55.0;1.2;0.9;0.0;0.0;0.0;0.3;0.0;0.3;0.6;0.6;1.7;0.3,37.43,0.1,0.01,0.05,14.452,0.852,6884.0,13037.0,4,16,,,,,,,,,,,,,,,,,,,,,,,,,,,,,,,,,,,,,,,,,,,,,,,,,,,,,,,,,,,,,
5,44,,,,,,,97,87,66,17,220.1,2730,10801,36,0,7.7,0.6;15.8;2.6;2.6;1.8;1.8;47.8;38.1;4.1;5.8;27.6;30.7;0.6;0.3;0.0;0.0;0.3;0.3;0.0;0.0;0.3;0.6;2.0;0.0,37.43,0.1,0.01,0.13,14.452,0.852,30664.0,16064.0,4,16,,,,,,,,,,,,,,,,,,,,,,,,,,,,,,,,,,,,,,,,,,,,,,,,,,,,,,,,,,,,,
5,45,,,,,,,99,98,66,17,218.2,2730,10801,36,0,6.7,0.6;19.8;1.5;1.8;0.9;0.6;24.9;48.7;3.3;3.3;31.1;20.7;0.3;0.0;0.3;0.0;0.3;0.0;0.0;0.3;0.0;0.0;0.0;0.6,37.41,0.1,0.0,0.08,14.452,0.852,5566.0,25390.0,4,16,,,,,,,,,,,,,,,,,,,,,,,,,,,,,,,,,,,,,,,,,,,,,,,,,,,,,,,,,,,,,
5,46,,,,,,,100,96,66,17,221.4,2730,10801,36,0,6.5,1.0;11.5;1.0;2.9;3.4;1.4;14.0;17.3;3.4;4.8;46.9;43.8;1.0;0.5;0.5;0.0;0.0;0.9;0.0;0.0;0.0;0.5;1.4;0.0,37.41,0.1,0.0,0.05,14.452,0.852,1074.0,439.0,4,16,,,,,,,,,,,,,,,,,,,,,,,,,,,,,,,,,,,,,,,,,,,,,,,,,,,,,,,,,,,,,
5,summary,0.41814584810729416,0.9796283037076238,0.40214863359387665,0.9832762939702925,0.00099872,252.0,,,,,,,,,,,,,,,,,,,,,,0,96.3,100,1,91.96,100,62,66.37,68,14,17.8,26,154.2,218.07,221.4,2736.8,10801.0,36.0,0,6.5,8.77,51.9,37.34,37.41,37.56,63.16,0.1,0.1,0.1,19.04,0.0,0.08,2.15,0.03,0.89,9.08,10.734,13.6,14.452,14.45,14.452,15.992,0.852,0.85,0.852,1074.0,12442.17,66308.0,439.0,60053.89,344384.0,4,4.0,4,16,16.0,16,4,16,191.22,47.08
6,1,,,,,,,6,2,59,25,171.4,2745,10801,36,0,52.0,63.5;70.1;84.7;86.1;86.3;85.9;98.0;97.7;72.0;79.4;92.9;95.4;48.7;50.4;6.6;6.0;23.6;25.9;4.8;4.2;17.5;19.6;13.2;14.0,37.58,0.1,0.01,0.06,14.452,0.852,28564.0,132763.0,4,16,,,,,,,,,,,,,,,,,,,,,,,,,,,,,,,,,,,,,,,,,,,,,,,,,,,,,,,,,,,,,
6,2,,,,,,,100,95,65,18,211.6,2745,10801,36,0,7.5,1.2;14.3;2.3;2.0;1.7;0.6;32.1;33.1;5.5;6.3;19.4;57.5;0.6;0.6;0.0;0.0;0.3;0.3;0.0;0.0;0.3;0.3;0.0;0.0,37.55,0.1,0.02,6.12,14.452,0.852,5126.0,19873.0,4,16,,,,,,,,,,,,,,,,,,,,,,,,,,,,,,,,,,,,,,,,,,,,,,,,,,,,,,,,,,,,,
6,3,,,,,,,97,94,67,19,219.6,2745,10801,36,0,8.5,1.8;15.8;2.6;2.3;2.0;0.9;37.8;36.0;8.2;5.5;30.1;51.6;0.9;0.9;0.6;0.9;1.7;0.9;0.6;0.6;0.0;2.0;0.3;0.0,37.51,0.1,0.0,4.75,14.452,0.852,3320.0,46435.0,4,16,,,,,,,,,,,,,,,,,,,,,,,,,,,,,,,,,,,,,,,,,,,,,,,,,,,,,,,,,,,,,
6,4,,,,,,,97,92,66,18,219.1,2745,10801,36,0,7.7,0.6;13.4;2.9;0.6;0.3;0.9;37.6;54.7;6.2;5.3;35.0;23.5;1.2;1.2;0.0;0.0;0.3;0.0;0.3;0.0;0.0;0.0;0.0;0.3,37.49,0.1,0.0,3.05,14.452,0.852,13085.0,126025.0,4,16,,,,,,,,,,,,,,,,,,,,,,,,,,,,,,,,,,,,,,,,,,,,,,,,,,,,,,,,,,,,,
6,5,,,,,,,100,100,66,18,218.9,2745,10801,36,0,8.1,2.1;13.8;2.1;2.1;2.1;1.5;29.8;44.0;8.5;7.4;31.3;46.0;1.2;0.0;0.0;0.3;0.3;0.6;0.0;0.0;0.0;0.9;1.2;0.0,37.48,0.1,0.0,3.23,14.452,0.852,12939.0,11865.0,4,16,,,,,,,,,,,,,,,,,,,,,,,,,,,,,,,,,,,,,,,,,,,,,,,,,,,,,,,,,,,,,
6,6,,,,,,,98,94,66,18,210.7,2745,10801,36,0,10.0,2.3;29.8;5.2;2.6;0.9;1.7;38.7;30.5;12.1;9.2;34.8;63.7;1.2;1.2;0.0;0.0;0.6;0.0;0.3;0.0;0.9;0.9;0.3;0.0,37.45,0.1,0.03,2.73,14.452,0.852,18359.0,14111.0,4,16,,,,,,,,,,,,,,,,,,,,,,,,,,,,,,,,,,,,,,,,,,,,,,,,,,,,,,,,,,,,,
6,7,,,,,,,100,100,66,19,218.2,2745,10801,36,0,7.0,0.3;13.5;1.8;2.1;0.3;0.3;36.8;40.6;5.6;3.5;30.6;31.5;0.3;0.6;0.0;0.0;0.0;0.0;0.0;0.0;0.0;0.0;0.0;0.0,37.45,0.1,0.0,2.3,14.452,0.852,3564.0,15722.0,4,16,,,,,,,,,,,,,,,,,,,,,,,,,,,,,,,,,,,,,,,,,,,,,,,,,,,,,,,,,,,,,
6,8,,,,,,,100,96,65,18,218.3,2745,10801,36,0,8.0,1.5;13.0;4.1;1.8;0.6;0.6;37.1;40.9;9.8;5.0;25.6;45.2;0.9;1.5;0.0;0.0;0.3;1.2;0.0;0.0;0.6;0.9;1.2;0.6,37.44,0.1,0.0,1.71,14.452,0.852,3710.0,18994.0,4,16,,,,,,,,,,,,,,,,,,,,,,,,,,,,,,,,,,,,,,,,,,,,,,,,,,,,,,,,,,,,,
6,9,,,,,,,96,84,67,18,219.5,2745,10801,36,0,7.2,2.4;12.5;2.1;1.8;2.6;0.6;33.6;32.1;6.5;5.0;28.2;44.4;0.0;0.9;0.0;0.0;0.0;0.0;0.3;0.3;0.0;0.3;0.0;0.0,37.42,0.1,0.0,1.59,14.452,0.852,28466.0,50000.0,4,16,,,,,,,,,,,,,,,,,,,,,,,,,,,,,,,,,,,,,,,,,,,,,,,,,,,,,,,,,,,,,
6,10,,,,,,,100,96,65,17,211.5,2745,10801,36,0,7.4,2.6;14.6;2.9;1.4;0.6;0.9;31.2;46.7;4.9;4.3;27.2;35.1;0.6;0.3;0.3;0.0;0.3;0.0;0.0;0.0;0.0;0.3;1.2;0.3,37.4,0.1,0.0,4.53,14.452,0.852,16113.0,10644.0,4,16,,,,,,,,,,,,,,,,,,,,,,,,,,,,,,,,,,,,,,,,,,,,,,,,,,,,,,,,,,,,,
6,11,,,,,,,100,94,66,18,220.1,2745,10801,36,0,7.6,2.1;13.5;1.5;2.7;0.9;0.6;32.7;45.1;6.8;4.4;17.7;48.4;1.5;1.2;0.0;0.3;0.3;0.0;0.0;0.0;0.3;1.8;0.6;0.0,37.39,0.1,0.01,0.05,14.452,0.852,126953.0,10498.0,4,16,,,,,,,,,,,,,,,,,,,,,,,,,,,,,,,,,,,,,,,,,,,,,,,,,,,,,,,,,,,,,
6,12,,,,,,,96,93,68,17,219.5,2745,10801,36,0,8.1,2.6;14.5;2.9;2.1;2.3;1.2;29.6;34.9;6.2;3.8;24.6;58.7;2.6;1.2;0.0;0.0;1.5;0.0;0.3;0.3;0.6;3.5;0.0;0.3,37.39,0.1,0.0,0.03,14.452,0.852,14941.0,15820.0,4,16,,,,,,,,,,,,,,,,,,,,,,,,,,,,,,,,,,,,,,,,,,,,,,,,,,,,,,,,,,,,,
6,13,,,,,,,96,92,66,18,218.9,2745,10801,36,0,7.4,2.1;15.8;2.3;1.2;1.2;0.6;29.6;39.4;7.1;3.5;33.1;39.1;2.1;0.9;0.0;0.0;0.0;0.0;0.0;0.0;0.0;0.0;0.6;0.0,37.38,0.1,0.01,0.08,14.452,0.852,3710.0,14697.0,4,16,,,,,,,,,,,,,,,,,,,,,,,,,,,,,,,,,,,,,,,,,,,,,,,,,,,,,,,,,,,,,
6,14,,,,,,,100,96,67,17,210.7,2745,10801,36,0,7.3,0.6;13.3;3.5;1.7;0.6;1.2;54.6;32.7;5.2;4.3;18.2;34.1;1.2;1.2;0.0;0.3;0.0;0.3;0.0;0.0;0.6;1.4;0.0;0.0,37.39,0.1,0.0,0.04,14.452,0.852,60742.0,84423.0,4,16,,,,,,,,,,,,,,,,,,,,,,,,,,,,,,,,,,,,,,,,,,,,,,,,,,,,,,,,,,,,,
6,15,,,,,,,97,93,66,17,218.8,2745,10801,36,0,8.5,3.2;22.4;2.6;2.6;1.5;0.6;32.7;32.5;7.0;4.4;20.2;58.9;2.9;0.6;0.0;0.3;0.9;0.3;0.0;0.3;1.2;4.0;0.9;0.3,37.39,0.1,0.0,0.04,14.452,0.852,5322.0,22802.0,4,16,,,,,,,,,,,,,,,,,,,,,,,,,,,,,,,,,,,,,,,,,,,,,,,,,,,,,,,,,,,,,
6,16,,,,,,,100,99,68,17,219.5,2745,10801,36,0,7.5,0.3;11.4;3.2;1.8;1.2;1.5;27.7;48.1;8.3;2.9;25.7;45.7;0.9;0.6;0.0;0.0;0.0;0.0;0.0;0.0;0.0;1.2;0.0;0.0,37.4,0.1,0.01,0.08,14.452,0.852,3857.0,27294.0,4,16,,,,,,,,,,,,,,,,,,,,,,,,,,,,,,,,,,,,,,,,,,,,,,,,,,,,,,,,,,,,,
6,17,,,,,,,100,95,66,18,217.8,2745,10801,36,0,8.9,4.1;16.6;4.1;3.8;2.9;2.6;45.3;49.0;8.5;4.7;28.3;28.4;2.6;1.5;0.0;0.6;0.6;1.2;0.9;0.0;0.0;1.2;2.6;2.6,37.39,0.1,0.0,0.13,14.452,0.852,8056.0,17431.0,4,16,,,,,,,,,,,,,,,,,,,,,,,,,,,,,,,,,,,,,,,,,,,,,,,,,,,,,,,,,,,,,
6,18,,,,,,,100,100,66,18,211.4,2745,10801,36,0,8.3,3.2;17.6;2.3;2.9;1.7;2.6;34.4;31.8;8.1;5.5;21.7;59.6;1.2;1.2;0.0;0.3;0.9;0.3;0.0;0.0;0.9;0.9;0.9;0.3,37.39,0.1,0.0,0.04,14.452,0.852,42480.0,52343.0,4,16,,,,,,,,,,,,,,,,,,,,,,,,,,,,,,,,,,,,,,,,,,,,,,,,,,,,,,,,,,,,,
6,19,,,,,,,100,95,65,17,219.7,2745,10801,36,0,7.6,2.1;13.7;3.5;1.5;1.8;0.6;40.6;31.2;5.9;2.1;23.2;55.1;0.0;0.3;0.0;0.0;0.0;0.3;0.0;0.3;0.3;0.9;0.0;0.0,37.38,0.1,0.0,0.06,14.452,0.852,60058.0,389453.0,4,16,,,,,,,,,,,,,,,,,,,,,,,,,,,,,,,,,,,,,,,,,,,,,,,,,,,,,,,,,,,,,
6,20,,,,,,,100,95,67,16,219.9,2745,10801,36,0,7.7,2.1;15.8;1.8;1.5;1.2;0.6;67.0;28.9;7.1;3.2;31.3;21.8;0.6;0.6;0.0;0.0;0.3;0.3;0.0;0.0;0.0;0.0;1.2;0.0,37.39,0.1,0.01,0.04,14.452,0.852,6201.0,10595.0,4,16,,,,,,,,,,,,,,,,,,,,,,,,,,,,,,,,,,,,,,,,,,,,,,,,,,,,,,,,,,,,,
6,21,,,,,,,97,93,68,16,219.9,2745,10801,36,0,7.7,0.3;13.2;2.9;2.1;0.3;0.3;41.1;37.9;5.6;3.8;29.0;45.6;0.3;0.6;0.0;0.6;0.6;0.3;0.3;0.0;0.0;0.0;0.0;0.3,37.39,0.1,0.0,0.05,14.452,0.852,12548.0,13916.0,4,16,,,,,,,,,,,,,,,,,,,,,,,,,,,,,,,,,,,,,,,,,,,,,,,,,,,,,,,,,,,,,
6,22,,,,,,,100,95,66,18,211.6,2745,10801,36,0,7.6,2.3;11.3;2.3;3.5;0.3;1.2;42.9;19.9;7.8;3.2;22.5;61.0;1.5;0.3;0.0;0.3;0.3;0.3;0.0;0.0;0.6;0.0;0.6;0.6,37.39,0.1,0.0,0.08,14.452,0.852,4345.0,25292.0,4,16,,,,,,,,,,,,,,,,,,,,,,,,,,,,,,,,,,,,,,,,,,,,,,,,,,,,,,,,,,,,,
6,23,,,,,,,97,86,66,18,220.9,2745,10801,36,0,9.0,2.1;16.1;3.2;4.1;1.5;1.2;66.8;38.0;8.5;7.1;32.8;24.3;2.0;0.6;0.3;0.3;0.3;0.0;0.0;0.0;0.3;0.9;3.5;0.9,37.39,0.1,0.0,0.03,14.452,0.852,4394.0,27441.0,4,16,,,,,,,,,,,,,,,,,,,,,,,,,,,,,,,,,,,,,,,,,,,,,,,,,,,,,,,,,,,,,
6,24,,,,,,,99,100,67,18,221.3,2745,10801,36,0,9.2,1.5;33.5;2.6;4.3;2.3;0.9;35.2;35.8;8.5;5.9;37.0;45.5;0.3;0.6;0.0;0.0;0.3;0.6;0.3;0.6;0.3;0.3;0.0;0.6,37.39,0.1,0.0,0.03,14.452,0.852,8447.0,10400.0,4,16,,,,,,,,,,,,,,,,,,,,,,,,,,,,,,,,,,,,,,,,,,,,,,,,,,,,,,,,,,,,,
6,25,,,,,,,100,98,67,18,220.2,2745,10801,36,0,7.1,1.8;15.5;1.2;1.2;0.3;0.6;31.3;25.7;8.3;2.1;18.9;61.7;0.0;0.3;0.0;0.0;0.0;0.0;0.0;0.0;0.0;0.0;0.0;0.6,37.38,0.1,0.01,0.08,14.452,0.852,9082.0,72265.0,4,16,,,,,,,,,,,,,,,,,,,,,,,,,,,,,,,,,,,,,,,,,,,,,,,,,,,,,,,,,,,,,
6,26,,,,,,,100,93,67,18,212.1,2745,10801,36,0,7.6,2.0;15.5;2.3;1.7;2.0;0.0;49.3;35.3;4.9;3.8;28.5;33.3;0.3;0.6;0.0;0.0;0.3;0.0;0.3;0.0;0.3;0.0;0.0;0.0,37.38,0.1,0.0,0.03,14.452,0.852,13281.0,11914.0,4,16,,,,,,,,,,,,,,,,,,,,,,,,,,,,,,,,,,,,,,,,,,,,,,,,,,,,,,,,,,,,,
6,27,,,,,,,96,87,67,19,219.4,2745,10801,36,0,7.2,0.9;11.1;2.3;1.2;1.5;0.6;39.4;30.3;4.1;2.9;33.7;41.3;0.9;0.0;0.0;0.0;0.3;0.9;0.3;0.0;0.0;0.0;0.9;0.0,37.37,0.1,0.0,0.06,14.452,0.852,5322.0,30126.0,4,16,,,,,,,,,,,,,,,,,,,,,,,,,,,,,,,,,,,,,,,,,,,,,,,,,,,,,,,,,,,,,
6,28,,,,,,,96,94,65,18,219.9,2745,10801,36,0,7.6,1.2;14.0;2.9;1.8;1.2;0.3;36.1;21.2;6.2;3.2;38.6;48.1;1.2;0.9;0.3;0.0;0.6;0.0;0.0;0.6;0.3;0.9;0.6;0.6,37.38,0.1,0.0,0.06,14.452,0.852,35351.0,54101.0,4,16,,,,,,,,,,,,,,,,,,,,,,,,,,,,,,,,,,,,,,,,,,,,,,,,,,,,,,,,,,,,,
6,29,,,,,,,96,91,67,17,219.7,2745,10801,36,0,7.9,2.4;14.2;2.7;0.6;1.5;1.2;63.9;16.7;10.9;4.7;45.3;20.1;0.3;0.3;0.0;0.0;0.0;0.3;0.0;0.0;0.3;2.9;0.0;0.3,37.4,0.1,0.01,0.07,14.452,0.852,21386.0,24316.0,4,16,,,,,,,,,,,,,,,,,,,,,,,,,,,,,,,,,,,,,,,,,,,,,,,,,,,,,,,,,,,,,
6,30,,,,,,,96,95,65,18,210.5,2745,10801,36,0,7.1,0.3;11.4;2.3;0.0;0.9;1.2;44.4;23.0;6.1;2.6;27.7;46.2;0.6;0.3;0.0;0.0;0.6;0.3;0.3;0.0;0.6;0.0;0.0;0.6,37.38,0.1,0.0,0.11,14.452,0.852,16357.0,11035.0,4,16,,,,,,,,,,,,,,,,,,,,,,,,,,,,,,,,,,,,,,,,,,,,,,,,,,,,,,,,,,,,,
6,31,,,,,,,96,92,67,18,219.4,2745,10801,36,0,7.8,1.5;14.8;3.5;2.3;1.5;0.9;26.0;32.2;4.7;5.6;22.1;65.7;1.5;0.6;0.3;0.0;0.0;0.9;0.9;0.6;0.0;0.3;0.9;0.0,37.38,0.1,0.0,0.05,14.452,0.852,16015.0,10693.0,4,16,,,,,,,,,,,,,,,,,,,,,,,,,,,,,,,,,,,,,,,,,,,,,,,,,,,,,,,,,,,,,
6,32,,,,,,,98,95,66,19,219.4,2745,10801,36,0,7.7,0.9;13.0;2.9;2.1;1.5;0.3;52.8;29.8;6.5;4.1;38.2;28.7;0.9;0.9;0.3;0.0;0.6;0.3;0.3;0.0;0.0;0.9;0.3;0.0,37.39,0.1,0.0,0.02,14.452,0.852,12939.0,13183.0,4,16,,,,,,,,,,,,,,,,,,,,,,,,,,,,,,,,,,,,,,,,,,,,,,,,,,,,,,,,,,,,,
6,33,,,,,,,100,96,66,19,220.6,2745,10801,36,0,8.1,4.1;16.3;4.1;2.1;1.8;1.5;54.1;27.5;7.6;4.1;28.3;33.7;0.9;2.1;0.3;0.6;0.0;0.6;0.3;0.3;0.3;0.9;1.7;0.9,37.39,0.1,0.01,0.06,14.452,0.852,4150.0,13232.0,4,16,,,,,,,,,,,,,,,,,,,,,,,,,,,,,,,,,,,,,,,,,,,,,,,,,,,,,,,,,,,,,
6,34,,,,,,,100,100,66,18,211.5,2745,10801,36,0,7.7,1.7;16.4;1.4;1.2;1.2;1.2;25.4;34.2;5.5;1.7;28.4;59.9;1.2;0.0;0.3;0.0;0.3;0.0;0.6;0.0;0.6;2.0;0.3;0.6,37.39,0.1,0.01,0.23,14.452,0.852,3613.0,14990.0,4,16,,,,,,,,,,,,,,,,,,,,,,,,,,,,,,,,,,,,,,,,,,,,,,,,,,,,,,,,,,,,,
6,35,,,,,,,100,99,67,17,219.9,2745,10801,36,0,6.9,0.3;11.7;2.7;0.3;1.5;1.2;49.9;24.8;5.0;1.2;40.3;26.3;0.0;1.2;0.0;0.0;0.0;0.0;0.0;0.0;0.0;0.0;0.3;0.0,37.38,0.1,0.01,0.06,14.452,0.852,3857.0,23583.0,4,16,,,,,,,,,,,,,,,,,,,,,,,,,,,,,,,,,,,,,,,,,,,,,,,,,,,,,,,,,,,,,
6,36,,,,,,,96,86,66,17,219.2,2745,10801,36,0,8.0,2.4;15.3;5.0;2.3;3.2;0.6;51.6;29.9;6.2;4.7;21.7;41.6;0.3;0.6;0.9;0.6;0.3;0.3;0.3;0.6;0.3;0.3;1.5;0.6,37.38,0.1,0.0,0.04,14.452,0.852,42333.0,11035.0,4,16,,,,,,,,,,,,,,,,,,,,,,,,,,,,,,,,,,,,,,,,,,,,,,,,,,,,,,,,,,,,,
6,37,,,,,,,96,88,65,17,219.2,2745,10801,36,0,7.4,1.2;13.2;3.2;1.5;0.3;0.9;31.0;19.5;4.4;3.6;30.4;64.1;0.9;0.9;0.0;0.0;0.0;0.0;0.0;0.0;0.0;1.2;0.6;0.6,37.38,0.1,0.0,0.05,14.452,0.852,38281.0,69042.0,4,16,,,,,,,,,,,,,,,,,,,,,,,,,,,,,,,,,,,,,,,,,,,,,,,,,,,,,,,,,,,,,
6,38,,,,,,,100,92,67,17,212.1,2745,10801,36,0,7.7,2.3;13.1;4.3;1.7;1.2;2.0;46.6;27.4;5.2;3.2;32.7;39.0;1.4;0.3;0.0;0.6;0.9;0.0;0.0;0.6;0.0;0.6;0.9;0.3,37.38,0.1,0.0,0.04,14.452,0.852,16064.0,9716.0,4,16,,,,,,,,,,,,,,,,,,,,,,,,,,,,,,,,,,,,,,,,,,,,,,,,,,,,,,,,,,,,,
6,39,,,,,,,97,94,65,17,220.3,2745,10801,36,0,7.7,1.8;12.7;3.2;3.2;1.8;1.5;48.4;34.2;5.9;3.8;39.5;27.6;0.3;0.6;0.0;0.0;0.0;0.3;0.0;0.0;0.3;0.0;0.6;0.0,37.38,0.1,0.01,0.12,14.452,0.852,85400.0,12646.0,4,16,,,,,,,,,,,,,,,,,,,,,,,,,,,,,,,,,,,,,,,,,,,,,,,,,,,,,,,,,,,,,
6,40,,,,,,,96,92,67,17,219.6,2745,10801,36,0,7.6,0.3;12.4;2.3;0.9;0.6;0.6;39.6;22.8;6.7;6.1;19.8;67.2;0.3;0.9;0.0;0.0;0.0;0.0;0.0;0.0;0.0;0.6;0.0;0.0,37.38,0.1,0.0,0.07,14.452,0.852,3808.0,13574.0,4,16,,,,,,,,,,,,,,,,,,,,,,,,,,,,,,,,,,,,,,,,,,,,,,,,,,,,,,,,,,,,,
6,41,,,,,,,98,94,67,18,219.7,2745,10801,36,0,9.5,2.1;28.2;4.4;3.2;0.3;0.9;48.2;31.9;9.8;7.1;44.0;38.5;1.2;0.6;0.0;0.0;0.0;0.3;0.0;0.6;0.3;1.5;0.3;0.9,37.39,0.1,0.0,0.02,14.452,0.852,3955.0,27001.0,4,16,,,,,,,,,,,,,,,,,,,,,,,,,,,,,,,,,,,,,,,,,,,,,,,,,,,,,,,,,,,,,
6,42,,,,,,,96,92,67,17,211.6,2745,10801,36,0,7.3,0.6;21.0;1.2;0.6;1.2;0.6;64.2;21.1;6.3;2.3;30.6;22.2;0.6;0.3;0.0;0.3;0.3;0.0;0.0;0.6;0.3;0.0;0.6;0.3,37.38,0.1,0.0,0.05,14.452,0.852,155664.0,87011.0,4,16,,,,,,,,,,,,,,,,,,,,,,,,,,,,,,,,,,,,,,,,,,,,,,,,,,,,,,,,,,,,,
6,43,,,,,,,98,99,67,17,220.7,2745,10801,36,0,7.4,1.5;14.0;2.1;1.5;1.5;1.2;39.7;20.6;7.0;2.9;31.4;48.8;1.5;0.9;0.0;0.0;0.3;0.6;0.0;0.3;0.6;0.3;0.0;0.9,37.38,0.1,0.01,0.07,14.452,0.852,13476.0,70263.0,4,16,,,,,,,,,,,,,,,,,,,,,,,,,,,,,,,,,,,,,,,,,,,,,,,,,,,,,,,,,,,,,
6,44,,,,,,,100,99,67,15,220.0,2745,10801,36,0,7.7,0.9;10.9;2.6;2.9;1.2;2.3;46.9;24.3;5.0;3.2;53.5;21.4;1.5;1.2;0.3;0.0;0.9;0.9;0.3;0.3;0.3;1.2;0.9;1.2,37.39,0.1,0.0,0.03,14.452,0.852,4296.0,13916.0,4,16,,,,,,,,,,,,,,,,,,,,,,,,,,,,,,,,,,,,,,,,,,,,,,,,,,,,,,,,,,,,,
6,45,,,,,,,97,85,66,16,220.1,2745,10801,36,0,6.9,1.2;12.5;3.8;2.1;1.2;0.6;56.0;13.5;4.4;4.1;30.4;26.9;0.6;1.5;0.0;0.3;0.3;0.6;0.6;0.6;0.9;1.2;1.5;0.0,37.37,0.1,0.0,0.02,14.452,0.852,10156.0,28320.0,4,16,,,,,,,,,,,,,,,,,,,,,,,,,,,,,,,,,,,,,,,,,,,,,,,,,,,,,,,,,,,,,
6,46,,,,,,,100,100,68,18,220.7,2745,10801,36,0,5.9,0.5;10.6;1.0;0.5;0.5;1.0;4.3;69.9;6.3;1.5;11.2;32.4;0.5;0.5;0.0;0.0;0.0;0.0;0.0;0.0;0.5;0.0;0.0;0.0,37.37,0.1,0.0,0.05,14.452,0.852,146.0,1611.0,4,16,,,,,,,,,,,,,,,,,,,,,,,,,,,,,,,,,,,,,,,,,,,,,,,,,,,,,,,,,,,,,
6,summary,0.41169765775743955,0.9815334806836223,0.40383861470616994,0.9835585506121441,0.00099809,251.8,,,,,,,,,,,,,,,,,,,,,,6,96.26,100,2,92.17,100,59,66.22,68,15,17.74,25,171.4,216.62,221.3,2745.0,10801.0,36.0,0,5.9,8.73,52.0,37.37,37.4,37.58,63.16,0.1,0.1,0.1,19.04,0.0,0.0,0.03,0.02,0.7,6.12,10.733,13.6,14.452,14.45,14.452,15.992,0.852,0.85,0.852,146.0,21961.57,155664.0,1611.0,38965.43,389453.0,4,4.0,4,16,16.0,16,4,16,191.01,47.07
7,1,,,,,,,0,1,60,25,160.0,2745,10801,36,0,51.3,69.4;70.1;83.9;84.6;84.7;83.8;97.0;94.7;74.5;76.9;94.4;94.9;39.0;43.3;4.6;5.1;28.0;31.2;2.1;2.3;19.0;20.0;12.1;13.3,37.53,0.1,0.01,0.05,14.452,0.852,12353.0,203369.0,4,16,,,,,,,,,,,,,,,,,,,,,,,,,,,,,,,,,,,,,,,,,,,,,,,,,,,,,,,,,,,,,
7,2,,,,,,,100,100,66,18,219.9,2745,10801,36,0,7.8,1.2;18.1;2.3;1.4;1.7;1.4;67.7;21.1;5.2;7.5;23.1;29.8;0.3;0.6;0.6;0.9;0.6;0.3;0.0;0.3;1.7;0.0;0.9;0.6,37.49,0.1,0.0,8.25,14.452,0.852,16894.0,110937.0,4,16,,,,,,,,,,,,,,,,,,,,,,,,,,,,,,,,,,,,,,,,,,,,,,,,,,,,,,,,,,,,,
7,3,,,,,,,100,95,66,17,219.7,2745,10801,36,0,8.0,1.5;17.8;1.8;1.8;1.8;0.6;45.6;28.6;3.2;6.5;32.2;42.4;0.9;0.6;0.3;0.0;0.0;0.6;0.0;0.0;0.3;0.6;2.9;0.9,37.46,0.1,0.0,4.38,14.452,0.852,13964.0,11865.0,4,16,,,,,,,,,,,,,,,,,,,,,,,,,,,,,,,,,,,,,,,,,,,,,,,,,,,,,,,,,,,,,
7,4,,,,,,,100,96,66,18,220.2,2745,10801,36,0,7.8,1.2;11.9;4.4;2.0;1.8;2.6;45.9;21.1;5.8;4.7;17.0;63.0;0.9;1.7;0.0;0.0;0.3;0.3;0.0;0.0;0.0;0.9;0.6;0.6,37.45,0.1,0.0,2.67,14.452,0.852,3955.0,23925.0,4,16,,,,,,,,,,,,,,,,,,,,,,,,,,,,,,,,,,,,,,,,,,,,,,,,,,,,,,,,,,,,,
7,5,,,,,,,96,90,66,17,219.4,2745,10801,36,0,7.7,0.6;14.2;3.8;2.4;2.1;1.8;64.5;26.5;5.6;6.5;23.2;31.1;0.6;0.3;0.0;0.0;0.0;0.0;0.0;0.0;0.0;0.3;0.0;0.0,37.44,0.1,0.0,3.03,14.452,0.852,8740.0,10058.0,4,16,,,,,,,,,,,,,,,,,,,,,,,,,,,,,,,,,,,,,,,,,,,,,,,,,,,,,,,,,,,,,
7,6,,,,,,,97,87,68,17,221.4,2745,10801,36,0,7.8,1.7;15.4;3.4;1.4;1.4;1.2;34.0;36.9;6.1;6.9;40.5;33.9;2.0;0.6;0.0;0.0;0.3;0.0;0.0;0.0;0.3;0.9;0.3;0.0,37.42,0.1,0.0,2.27,14.452,0.852,5224.0,66308.0,4,16,,,,,,,,,,,,,,,,,,,,,,,,,,,,,,,,,,,,,,,,,,,,,,,,,,,,,,,,,,,,,
7,7,,,,,,,96,92,67,18,219.0,2745,10801,36,0,8.9,2.6;17.9;3.8;4.4;1.5;1.8;27.1;37.1;6.2;5.3;33.1;61.0;2.1;1.2;0.6;0.6;0.9;0.6;0.6;0.0;1.5;2.0;0.6;0.3,37.42,0.1,0.01,2.1,14.452,0.852,3759.0,13183.0,4,16,,,,,,,,,,,,,,,,,,,,,,,,,,,,,,,,,,,,,,,,,,,,,,,,,,,,,,,,,,,,,
7,8,,,,,,,100,99,66,18,219.2,2745,10801,36,0,8.2,1.8;14.5;3.8;3.2;1.2;1.8;78.2;17.9;7.4;5.6;24.9;32.6;0.9;0.9;0.3;0.3;0.0;0.3;0.0;0.0;0.3;0.3;0.3;0.0,37.41,0.1,0.0,1.56,14.452,0.852,3857.0,28906.0,4,16,,,,,,,,,,,,,,,,,,,,,,,,,,,,,,,,,,,,,,,,,,,,,,,,,,,,,,,,,,,,,
7,9,,,,,,,100,93,65,19,220.3,2745,10801,36,0,7.6,0.0;14.3;1.2;1.2;1.2;1.2;32.7;43.2;4.1;6.2;39.3;32.6;0.6;0.6;0.0;0.3;0.0;0.3;0.0;0.3;0.0;2.6;0.3;0.0,37.4,0.1,0.0,1.54,14.452,0.852,18457.0,50244.0,4,16,,,,,,,,,,,,,,,,,,,,,,,,,,,,,,,,,,,,,,,,,,,,,,,,,,,,,,,,,,,,,
7,10,,,,,,,96,93,69,18,220.5,2745,10801,36,0,8.7,3.2;16.7;4.6;4.6;2.3;1.7;17.3;38.5;5.2;9.5;40.2;55.3;0.6;1.7;0.3;0.3;1.2;0.6;0.0;0.0;1.1;1.2;1.7;0.9,37.38,0.1,0.0,3.76,14.452,0.852,14111.0,202539.0,4,16,,,,,,,,,,,,,,,,,,,,,,,,,,,,,,,,,,,,,,,,,,,,,,,,,,,,,,,,,,,,,
7,11,,,,,,,98,95,66,17,219.9,2745,10801,36,0,8.5,0.6;18.5;2.9;2.1;0.6;0.0;62.2;30.9;5.9;6.5;31.2;40.2;0.3;0.6;0.0;0.0;0.3;0.0;0.0;0.0;0.0;0.0;0.6;0.0,37.38,0.1,0.01,0.06,14.452,0.852,16406.0,10937.0,4,16,,,,,,,,,,,,,,,,,,,,,,,,,,,,,,,,,,,,,,,,,,,,,,,,,,,,,,,,,,,,,
7,12,,,,,,,100,96,66,18,220.8,2745,10801,36,0,8.1,0.9;23.4;1.8;3.5;0.0;1.8;52.5;24.3;3.2;5.6;33.5;35.6;1.2;0.6;0.0;0.0;0.0;0.6;0.3;0.0;0.9;0.9;0.9;0.3,37.36,0.1,0.0,0.04,14.452,0.852,10058.0,13476.0,4,16,,,,,,,,,,,,,,,,,,,,,,,,,,,,,,,,,,,,,,,,,,,,,,,,,,,,,,,,,,,,,
7,13,,,,,,,96,87,67,17,220.5,2745,10801,36,0,7.7,1.2;15.4;1.8;4.1;1.2;1.5;38.8;17.8;4.4;6.2;30.7;55.0;1.5;1.2;0.6;0.0;0.6;0.0;0.3;0.0;0.6;0.9;0.6;0.6,37.39,0.1,0.0,0.05,14.452,0.852,15820.0,14501.0,4,16,,,,,,,,,,,,,,,,,,,,,,,,,,,,,,,,,,,,,,,,,,,,,,,,,,,,,,,,,,,,,
7,14,,,,,,,100,97,65,18,219.6,2745,10801,36,0,7.4,1.2;19.0;2.0;0.6;0.3;0.9;55.8;24.4;2.9;4.3;23.8;37.1;0.3;0.3;0.0;0.0;0.6;0.0;0.0;0.0;0.6;2.0;0.0;0.0,37.39,0.1,0.0,0.03,14.452,0.852,16210.0,10693.0,4,16,,,,,,,,,,,,,,,,,,,,,,,,,,,,,,,,,,,,,,,,,,,,,,,,,,,,,,,,,,,,,
7,15,,,,,,,96,90,67,17,220.4,2745,10801,36,0,6.9,1.2;9.3;1.5;2.1;0.6;0.0;46.8;38.8;2.4;4.4;27.4;30.6;0.0;0.0;0.0;0.0;0.0;0.0;0.0;0.0;0.3;0.9;0.6;0.0,37.38,0.1,0.0,0.05,14.452,0.852,5029.0,22998.0,4,16,,,,,,,,,,,,,,,,,,,,,,,,,,,,,,,,,,,,,,,,,,,,,,,,,,,,,,,,,,,,,
7,16,,,,,,,96,93,68,16,219.5,2745,10801,36,0,7.7,0.9;14.8;2.9;2.6;1.2;1.5;47.4;24.4;4.4;6.5;18.2;55.3;1.5;0.9;0.0;0.0;0.0;0.0;0.0;0.0;0.6;1.8;0.0;0.0,37.37,0.1,0.01,0.05,14.452,0.852,3906.0,23242.0,4,16,,,,,,,,,,,,,,,,,,,,,,,,,,,,,,,,,,,,,,,,,,,,,,,,,,,,,,,,,,,,,
7,17,,,,,,,100,91,65,17,219.3,2745,10801,36,0,7.5,0.9;15.4;1.8;2.3;0.9;0.0;60.4;20.5;4.1;6.5;28.2;33.6;0.3;0.6;0.0;0.0;0.0;0.0;0.0;0.0;0.6;0.6;1.2;0.9,37.38,0.1,0.0,0.05,14.452,0.852,6835.0,9130.0,4,16,,,,,,,,,,,,,,,,,,,,,,,,,,,,,,,,,,,,,,,,,,,,,,,,,,,,,,,,,,,,,
7,18,,,,,,,97,92,67,18,218.7,2745,10801,36,0,6.8,0.3;14.8;0.9;0.6;0.3;0.0;58.3;24.3;2.6;3.5;20.6;34.4;0.6;0.0;0.0;0.0;0.3;0.0;0.0;0.0;0.0;0.0;1.2;0.0,37.37,0.1,0.0,0.16,14.452,0.852,36767.0,62890.0,4,16,,,,,,,,,,,,,,,,,,,,,,,,,,,,,,,,,,,,,,,,,,,,,,,,,,,,,,,,,,,,,
7,19,,,,,,,96,92,67,17,218.9,2745,10801,36,0,8.2,2.4;18.9;1.5;1.8;1.8;1.8;36.8;25.4;4.4;5.6;32.2;56.8;2.1;0.0;0.0;0.3;0.3;0.3;0.0;0.3;0.3;1.2;1.5;0.3,37.37,0.1,0.0,0.06,14.452,0.852,48095.0,58007.0,4,16,,,,,,,,,,,,,,,,,,,,,,,,,,,,,,,,,,,,,,,,,,,,,,,,,,,,,,,,,,,,,
7,20,,,,,,,100,96,66,18,220.0,2745,10801,36,0,7.5,1.2;18.9;0.9;1.8;0.9;0.0;39.9;24.9;5.6;5.0;40.2;36.1;0.3;0.6;0.0;0.0;0.0;0.0;0.0;0.0;0.3;1.7;0.0;0.3,37.37,0.1,0.01,0.08,14.452,0.852,13476.0,10156.0,4,16,,,,,,,,,,,,,,,,,,,,,,,,,,,,,,,,,,,,,,,,,,,,,,,,,,,,,,,,,,,,,
7,21,,,,,,,98,92,67,18,220.4,2745,10801,36,0,7.8,0.6;14.0;2.6;0.9;0.9;0.9;45.7;32.4;4.1;4.4;39.1;33.6;0.9;0.6;0.0;0.3;0.3;0.3;0.3;0.0;0.6;0.6;1.7;0.6,37.37,0.1,0.01,0.08,14.452,0.852,13427.0,10595.0,4,16,,,,,,,,,,,,,,,,,,,,,,,,,,,,,,,,,,,,,,,,,,,,,,,,,,,,,,,,,,,,,
7,22,,,,,,,100,100,66,18,219.9,2745,10801,36,0,8.0,3.2;17.9;2.6;3.2;3.7;0.9;31.8;40.1;4.6;7.2;19.7;52.3;0.9;1.2;0.0;0.0;0.3;0.0;0.0;0.0;0.3;0.0;2.3;0.3,37.37,0.1,0.0,0.03,14.452,0.852,14697.0,11767.0,4,16,,,,,,,,,,,,,,,,,,,,,,,,,,,,,,,,,,,,,,,,,,,,,,,,,,,,,,,,,,,,,
7,23,,,,,,,100,100,67,18,220.5,2745,10801,36,0,7.7,0.9;18.4;2.1;2.3;0.3;1.8;45.5;32.2;4.1;6.7;19.4;47.5;0.9;0.6;0.0;0.0;0.0;0.0;0.0;0.0;0.0;0.0;0.0;0.0,37.38,0.1,0.0,0.02,14.452,0.852,3759.0,13916.0,4,16,,,,,,,,,,,,,,,,,,,,,,,,,,,,,,,,,,,,,,,,,,,,,,,,,,,,,,,,,,,,,
7,24,,,,,,,96,88,67,17,220.3,2745,10801,36,0,7.7,0.9;8.5;3.2;2.6;2.3;1.5;51.8;34.3;4.7;6.7;27.3;37.8;0.6;0.9;0.3;0.0;0.3;0.0;0.0;0.0;0.0;0.6;0.6;0.0,37.38,0.1,0.0,0.04,14.452,0.852,4003.0,58544.0,4,16,,,,,,,,,,,,,,,,,,,,,,,,,,,,,,,,,,,,,,,,,,,,,,,,,,,,,,,,,,,,,
7,25,,,,,,,96,92,67,17,219.9,2745,10801,36,0,7.9,1.7;10.9;2.3;1.5;2.1;0.9;46.3;33.7;3.8;9.6;18.5;54.4;0.3;0.9;0.0;0.0;0.0;0.0;0.0;0.0;0.0;0.6;1.2;0.3,37.37,0.1,0.01,0.1,14.452,0.852,9179.0,15234.0,4,16,,,,,,,,,,,,,,,,,,,,,,,,,,,,,,,,,,,,,,,,,,,,,,,,,,,,,,,,,,,,,
7,26,,,,,,,100,95,67,18,218.4,2745,10801,36,0,7.3,0.3;16.3;1.2;1.4;0.6;0.0;38.9;26.6;2.9;4.9;18.8;60.7;1.4;0.0;0.0;0.0;0.0;0.0;0.0;0.0;0.0;0.0;0.0;0.0,37.38,0.1,0.0,0.04,14.452,0.852,15966.0,10156.0,4,16,,,,,,,,,,,,,,,,,,,,,,,,,,,,,,,,,,,,,,,,,,,,,,,,,,,,,,,,,,,,,
7,27,,,,,,,96,91,67,18,219.1,2745,10801,36,0,8.2,2.3;14.0;2.6;2.4;2.4;1.2;39.2;50.1;4.4;10.9;27.1;35.8;0.6;1.5;0.0;0.0;0.0;0.3;0.0;0.0;0.6;0.0;0.0;0.3,37.37,0.1,0.0,0.03,14.452,0.852,8642.0,10205.0,4,16,,,,,,,,,,,,,,,,,,,,,,,,,,,,,,,,,,,,,,,,,,,,,,,,,,,,,,,,,,,,,
7,28,,,,,,,98,92,66,18,221.1,2745,10801,36,0,8.7,2.1;14.4;4.1;4.1;3.2;2.9;40.9;29.5;4.1;9.4;37.9;48.7;0.6;0.9;0.3;0.3;0.3;0.0;0.3;0.0;0.0;0.6;2.0;0.3,37.37,0.1,0.0,0.02,14.452,0.852,98291.0,48876.0,4,16,,,,,,,,,,,,,,,,,,,,,,,,,,,,,,,,,,,,,,,,,,,,,,,,,,,,,,,,,,,,,
7,29,,,,,,,98,94,67,18,219.6,2745,10801,36,0,8.6,0.6;26.6;1.2;1.8;0.0;0.6;23.6;36.9;3.8;7.4;55.8;40.6;0.9;1.2;0.0;0.0;0.0;0.0;0.0;0.0;0.3;0.3;1.8;0.0,37.38,0.1,0.01,0.08,14.452,0.852,9960.0,10156.0,4,16,,,,,,,,,,,,,,,,,,,,,,,,,,,,,,,,,,,,,,,,,,,,,,,,,,,,,,,,,,,,,
7,30,,,,,,,97,87,67,17,221.3,2745,10801,36,0,7.2,0.9;17.2;2.6;1.2;0.9;0.0;58.5;23.3;3.5;5.5;27.9;27.0;0.3;0.9;0.0;0.0;0.0;0.0;0.0;0.0;0.3;0.6;0.6;0.0,37.37,0.1,0.01,0.08,14.452,0.852,3955.0,23974.0,4,16,,,,,,,,,,,,,,,,,,,,,,,,,,,,,,,,,,,,,,,,,,,,,,,,,,,,,,,,,,,,,
7,31,,,,,,,97,90,67,17,220.5,2745,10801,36,0,7.1,1.5;10.9;0.3;2.4;0.9;0.6;45.1;25.4;4.4;6.8;33.3;37.6;0.3;0.3;0.0;0.0;0.3;0.0;0.0;0.0;0.3;0.9;0.6;0.0,37.37,0.1,0.0,0.04,14.452,0.852,8789.0,29003.0,4,16,,,,,,,,,,,,,,,,,,,,,,,,,,,,,,,,,,,,,,,,,,,,,,,,,,,,,,,,,,,,,
7,32,,,,,,,97,94,65,17,220.5,2745,10801,36,0,7.8,2.9;15.0;2.1;1.5;1.8;1.2;33.5;30.3;5.2;4.4;42.6;40.5;1.8;0.6;0.6;0.3;0.3;0.3;0.3;0.3;0.3;0.6;1.2;0.6,37.38,0.1,0.0,0.02,14.452,0.852,3759.0,12255.0,4,16,,,,,,,,,,,,,,,,,,,,,,,,,,,,,,,,,,,,,,,,,,,,,,,,,,,,,,,,,,,,,
7,33,,,,,,,100,93,68,18,220.1,2745,10801,36,0,7.2,0.6;13.5;1.8;0.6;0.3;0.3;46.8;25.5;2.9;6.5;39.1;32.4;0.9;0.6;0.0;0.0;0.3;0.0;0.0;0.0;0.0;0.3;0.0;0.0,37.38,0.1,0.01,0.06,14.452,0.852,4003.0,19091.0,4,16,,,,,,,,,,,,,,,,,,,,,,,,,,,,,,,,,,,,,,,,,,,,,,,,,,,,,,,,,,,,,
7,34,,,,,,,96,93,66,18,220.2,2745,10801,36,0,7.0,1.2;13.0;1.7;1.7;1.4;0.9;47.1;24.6;2.9;2.9;23.7;46.5;0.3;0.9;0.0;0.0;0.0;0.0;0.3;0.0;0.0;0.0;0.0;0.0,37.38,0.1,0.01,0.04,14.452,0.852,13183.0,10693.0,4,16,,,,,,,,,,,,,,,,,,,,,,,,,,,,,,,,,,,,,,,,,,,,,,,,,,,,,,,,,,,,,
7,35,,,,,,,97,92,67,17,219.8,2745,10801,36,0,7.7,3.2;11.7;2.4;2.1;1.2;0.6;23.8;32.7;6.5;3.2;64.5;24.6;1.5;0.9;0.3;0.0;0.0;0.3;0.6;0.0;1.2;1.5;0.9;0.3,37.38,0.1,0.0,0.04,14.452,0.852,43115.0,12646.0,4,16,,,,,,,,,,,,,,,,,,,,,,,,,,,,,,,,,,,,,,,,,,,,,,,,,,,,,,,,,,,,,
7,36,,,,,,,99,93,66,16,219.2,2745,10801,36,0,7.4,1.2;13.3;2.4;1.8;0.9;0.0;51.2;21.8;6.1;4.4;19.4;50.7;0.6;0.9;0.0;0.0;0.0;0.6;0.0;0.0;0.6;0.0;1.2;0.0,37.37,0.1,0.0,0.07,14.452,0.852,13134.0,24414.0,4,16,,,,,,,,,,,,,,,,,,,,,,,,,,,,,,,,,,,,,,,,,,,,,,,,,,,,,,,,,,,,,
7,37,,,,,,,99,95,66,17,220.2,2745,10801,36,0,7.7,1.5;18.0;1.8;1.8;1.5;0.6;56.8;18.2;5.3;5.3;28.2;41.2;0.9;1.5;0.0;0.0;0.0;0.0;0.0;0.0;0.0;0.0;0.6;0.0,37.39,0.1,0.0,0.04,14.452,0.852,83105.0,180908.0,4,16,,,,,,,,,,,,,,,,,,,,,,,,,,,,,,,,,,,,,,,,,,,,,,,,,,,,,,,,,,,,,
7,38,,,,,,,99,99,66,17,220.0,2745,10801,36,0,7.7,1.7;17.5;3.5;2.3;2.0;0.9;29.9;27.2;5.8;2.6;26.1;60.3;1.2;0.9;0.0;0.0;0.3;0.0;0.0;0.0;0.0;0.3;1.2;0.0,37.39,0.1,0.0,0.02,14.452,0.852,4003.0,14746.0,4,16,,,,,,,,,,,,,,,,,,,,,,,,,,,,,,,,,,,,,,,,,,,,,,,,,,,,,,,,,,,,,
7,39,,,,,,,98,93,66,18,221.8,2745,10801,36,0,7.8,2.4;13.1;3.5;2.1;1.2;1.2;44.5;25.3;7.1;7.3;39.4;34.5;1.8;1.2;0.3;0.3;0.3;0.3;0.0;0.0;0.3;0.6;0.0;0.0,37.38,0.1,0.01,0.13,14.452,0.852,4589.0,23779.0,4,16,,,,,,,,,,,,,,,,,,,,,,,,,,,,,,,,,,,,,,,,,,,,,,,,,,,,,,,,,,,,,
7,40,,,,,,,96,85,66,18,221.5,2745,10801,36,0,8.1,3.2;15.8;4.4;2.6;2.9;1.5;66.5;23.2;7.4;3.5;36.5;21.7;0.6;0.6;0.0;0.3;0.3;0.6;0.6;0.3;1.2;0.6;0.3;0.3,37.39,0.1,0.0,0.02,14.452,0.852,14404.0,332324.0,4,16,,,,,,,,,,,,,,,,,,,,,,,,,,,,,,,,,,,,,,,,,,,,,,,,,,,,,,,,,,,,,
7,41,,,,,,,100,100,68,17,220.1,2745,10801,36,0,7.9,2.4;14.0;0.9;2.6;1.8;0.6;23.3;39.4;7.3;6.2;55.1;31.8;0.9;0.9;0.0;0.0;0.3;0.0;0.3;0.0;0.3;0.6;0.0;0.0,37.39,0.1,0.0,0.03,14.452,0.852,13476.0,10156.0,4,16,,,,,,,,,,,,,,,,,,,,,,,,,,,,,,,,,,,,,,,,,,,,,,,,,,,,,,,,,,,,,
7,42,,,,,,,96,85,66,17,221.2,2745,10801,36,0,7.9,1.2;14.3;4.0;0.9;0.9;2.0;47.3;22.8;4.9;9.2;28.8;50.1;0.3;1.2;0.0;0.0;0.0;0.3;0.0;0.0;0.6;0.0;0.0;0.0,37.39,0.1,0.0,0.08,14.452,0.852,16210.0,88330.0,4,16,,,,,,,,,,,,,,,,,,,,,,,,,,,,,,,,,,,,,,,,,,,,,,,,,,,,,,,,,,,,,
7,43,,,,,,,96,94,65,17,221.6,2745,10801,36,0,7.3,0.9;10.1;2.4;1.8;2.4;0.3;57.8;27.9;3.2;5.9;31.9;29.5;0.3;0.3;0.0;0.0;0.3;0.0;0.3;0.0;0.0;0.0;0.0;0.0,37.39,0.1,0.0,0.03,14.452,0.852,13037.0,11621.0,4,16,,,,,,,,,,,,,,,,,,,,,,,,,,,,,,,,,,,,,,,,,,,,,,,,,,,,,,,,,,,,,
7,44,,,,,,,96,93,66,18,220.3,2745,10801,36,0,8.6,2.3;17.3;3.5;3.5;0.9;0.6;26.4;36.0;8.7;7.0;48.4;43.4;1.7;1.2;0.3;0.3;0.3;0.3;0.0;0.0;0.3;1.7;1.5;0.3,37.4,0.1,0.01,0.06,14.452,0.852,9033.0,122607.0,4,16,,,,,,,,,,,,,,,,,,,,,,,,,,,,,,,,,,,,,,,,,,,,,,,,,,,,,,,,,,,,,
7,45,,,,,,,100,91,66,18,219.1,2745,10801,36,0,6.8,0.3;11.1;1.8;0.6;1.2;0.3;20.1;44.5;4.4;2.9;39.7;31.2;0.6;0.3;0.0;0.6;0.0;0.3;0.0;0.0;0.0;0.0;2.0;0.0,37.39,0.1,0.0,0.02,14.452,0.852,7519.0,10546.0,4,16,,,,,,,,,,,,,,,,,,,,,,,,,,,,,,,,,,,,,,,,,,,,,,,,,,,,,,,,,,,,,
7,46,,,,,,,100,95,68,17,220.9,2745,10801,36,0,7.7,1.4;18.8;1.9;2.4;1.4;1.0;52.4;24.4;5.7;7.1;40.5;25.4;0.0;0.0;0.0;0.0;0.0;0.0;0.0;0.0;0.0;0.9;0.0;0.0,37.39,0.1,0.0,0.02,14.452,0.852,1123.0,1611.0,4,16,,,,,,,,,,,,,,,,,,,,,,,,,,,,,,,,,,,,,,,,,,,,,,,,,,,,,,,,,,,,,
7,summary,0.4090878224167273,0.9821623136070728,0.4109072626379405,0.9808418304343224,0.00099734,251.9,,,,,,,,,,,,,,,,,,,,,,0,95.85,100,1,91.11,100,60,66.37,69,16,17.65,25,160.0,218.8,221.8,2745.0,10801.0,36.0,0,6.8,8.72,51.3,37.36,37.39,37.53,63.16,0.1,0.1,0.1,19.04,0.0,0.0,0.01,0.02,0.68,8.25,10.734,13.6,14.452,14.45,14.452,15.992,0.852,0.85,0.852,1123.0,15397.33,98291.0,1611.0,45119.93,332324.0,4,4.0,4,16,16.0,16,4,16,190.54,47.71
8,1,,,,,,,3,1,58,26,166.0,2745,10801,36,0,51.7,62.4;64.6;81.1;81.5;84.4;83.5;96.1;95.8;72.4;79.7;95.0;96.3;39.7;44.6;7.3;7.2;30.7;33.0;4.7;4.0;21.6;23.9;15.0;15.0,37.54,0.1,0.0,0.07,14.452,0.852,3613.0,210595.0,4,16,,,,,,,,,,,,,,,,,,,,,,,,,,,,,,,,,,,,,,,,,,,,,,,,,,,,,,,,,,,,,
8,2,,,,,,,100,100,67,18,220.2,2730,10801,36,0,8.1,2.4;11.4;3.8;2.1;2.3;1.8;47.7;21.2;7.3;5.9;28.8;48.5;1.5;0.6;0.0;0.6;0.0;0.3;0.0;0.3;1.2;5.2;0.6;0.0,37.49,0.1,0.01,8.21,14.452,0.852,15332.0,11035.0,4,16,,,,,,,,,,,,,,,,,,,,,,,,,,,,,,,,,,,,,,,,,,,,,,,,,,,,,,,,,,,,,
8,3,,,,,,,100,94,65,19,219.5,2730,10801,36,0,8.0,2.1;12.5;3.8;1.2;1.2;1.8;38.2;41.2;6.7;7.0;38.4;28.2;0.9;1.2;0.3;0.6;0.6;0.0;0.0;0.3;0.9;4.3;0.3;0.0,37.47,0.1,0.0,4.33,14.452,0.852,3564.0,14843.0,4,16,,,,,,,,,,,,,,,,,,,,,,,,,,,,,,,,,,,,,,,,,,,,,,,,,,,,,,,,,,,,,
8,4,,,,,,,100,95,66,18,219.9,2730,10801,36,0,6.9,0.3;10.9;1.8;2.1;1.5;1.2;46.0;24.2;5.3;3.5;22.1;45.1;0.3;0.3;0.0;0.0;0.0;0.0;0.3;0.0;0.3;0.0;1.2;0.0,37.45,0.1,0.0,2.86,14.452,0.852,3857.0,16406.0,4,16,,,,,,,,,,,,,,,,,,,,,,,,,,,,,,,,,,,,,,,,,,,,,,,,,,,,,,,,,,,,,
8,5,,,,,,,96,92,65,19,218.8,2730,10801,36,0,8.2,2.3;19.6;3.7;1.7;1.2;2.0;32.9;29.3;8.1;6.9;50.1;32.5;0.6;0.9;0.3;0.3;0.6;0.9;0.0;0.6;0.9;0.6;0.3;0.0,37.41,0.1,0.01,3.24,14.452,0.852,8203.0,10595.0,4,16,,,,,,,,,,,,,,,,,,,,,,,,,,,,,,,,,,,,,,,,,,,,,,,,,,,,,,,,,,,,,
8,6,,,,,,,100,96,66,18,219.6,2730,10801,36,0,7.3,2.1;14.5;1.2;2.1;0.3;0.3;44.5;32.0;4.4;4.4;40.1;27.7;0.6;0.3;0.0;0.0;0.0;0.0;0.0;0.0;0.3;0.0;0.6;0.0,37.4,0.1,0.0,2.31,14.452,0.852,16552.0,10351.0,4,16,,,,,,,,,,,,,,,,,,,,,,,,,,,,,,,,,,,,,,,,,,,,,,,,,,,,,,,,,,,,,
8,7,,,,,,,96,85,66,18,219.7,2730,10801,36,0,7.5,1.8;10.9;1.8;2.3;2.1;0.3;50.7;15.5;7.0;2.1;21.9;57.6;0.9;0.9;0.0;0.3;0.3;0.0;0.3;0.0;0.3;0.0;0.9;0.6,37.39,0.1,0.02,2.27,14.452,0.852,15234.0,15722.0,4,16,,,,,,,,,,,,,,,,,,,,,,,,,,,,,,,,,,,,,,,,,,,,,,,,,,,,,,,,,,,,,
8,8,,,,,,,100,100,66,16,218.1,2730,10801,36,0,7.8,1.8;11.8;3.8;1.7;2.3;1.5;41.7;26.8;6.1;3.2;22.5;55.1;2.9;0.9;0.0;0.0;0.6;1.5;0.3;0.0;0.6;0.3;0.3;0.3,37.39,0.1,0.01,1.56,14.452,0.852,12695.0,171679.0,4,16,,,,,,,,,,,,,,,,,,,,,,,,,,,,,,,,,,,,,,,,,,,,,,,,,,,,,,,,,,,,,
8,9,,,,,,,96,87,66,19,219.8,2730,10801,36,0,6.9,0.0;13.6;1.5;1.2;0.6;0.3;48.5;34.6;4.7;3.8;29.1;27.9;0.3;0.3;0.0;0.0;0.0;0.0;0.0;0.0;0.0;0.0;0.0;0.0,37.37,0.1,0.01,1.52,14.452,0.852,27392.0,62255.0,4,16,,,,,,,,,,,,,,,,,,,,,,,,,,,,,,,,,,,,,,,,,,,,,,,,,,,,,,,,,,,,,
8,10,,,,,,,96,93,67,18,219.2,2730,10801,36,0,8.2,2.4;14.5;4.4;2.9;2.9;2.0;48.4;23.8;5.9;5.0;26.8;48.8;2.1;0.6;0.6;0.0;0.3;0.3;0.3;0.0;0.9;2.9;0.6;0.9,37.36,0.1,0.0,3.86,14.452,0.852,13281.0,10595.0,4,16,,,,,,,,,,,,,,,,,,,,,,,,,,,,,,,,,,,,,,,,,,,,,,,,,,,,,,,,,,,,,
8,11,,,,,,,96,91,66,18,218.9,2730,10801,36,0,7.3,0.6;12.9;2.1;0.9;2.1;0.6;14.1;46.5;5.9;4.1;21.7;60.4;0.6;0.3;0.0;0.0;0.3;0.0;0.0;0.0;0.3;0.0;0.9;0.0,37.36,0.1,0.01,0.06,14.452,0.852,3662.0,28564.0,4,16,,,,,,,,,,,,,,,,,,,,,,,,,,,,,,,,,,,,,,,,,,,,,,,,,,,,,,,,,,,,,
8,12,,,,,,,100,95,66,19,220.4,2730,10801,36,0,8.1,2.7;12.7;3.8;1.8;1.8;1.2;60.5;25.1;5.6;6.5;25.0;36.5;1.5;1.8;0.6;1.2;1.7;1.2;0.3;0.0;0.9;1.5;0.9;0.6,37.36,0.1,0.0,0.06,14.452,0.852,12158.0,29687.0,4,16,,,,,,,,,,,,,,,,,,,,,,,,,,,,,,,,,,,,,,,,,,,,,,,,,,,,,,,,,,,,,
8,13,,,,,,,98,95,66,18,218.8,2730,10801,36,0,8.1,2.0;11.8;4.0;2.6;0.6;1.2;39.8;50.3;3.5;5.2;22.8;40.3;2.0;1.4;0.3;0.6;0.9;0.6;0.0;0.0;0.6;0.0;2.0;0.0,37.36,0.1,0.0,0.06,14.452,0.852,4003.0,30175.0,4,16,,,,,,,,,,,,,,,,,,,,,,,,,,,,,,,,,,,,,,,,,,,,,,,,,,,,,,,,,,,,,
8,14,,,,,,,100,99,67,17,219.4,2730,10801,36,0,7.9,1.5;14.2;2.6;1.5;2.3;0.6;32.8;33.6;6.1;4.4;23.2;61.1;1.2;0.9;0.0;0.0;0.9;0.3;0.0;0.0;0.0;2.3;0.9;0.0,37.36,0.1,0.0,0.02,14.452,0.852,14599.0,12109.0,4,16,,,,,,,,,,,,,,,,,,,,,,,,,,,,,,,,,,,,,,,,,,,,,,,,,,,,,,,,,,,,,
8,15,,,,,,,96,91,67,17,219.5,2730,10801,36,0,7.5,0.9;12.8;3.2;2.0;1.2;0.0;39.7;35.7;6.4;3.2;28.9;42.0;0.6;0.9;0.0;0.0;0.3;0.0;0.0;0.0;0.3;0.0;1.2;0.0,37.36,0.1,0.0,0.02,14.452,0.852,8203.0,64306.0,4,16,,,,,,,,,,,,,,,,,,,,,,,,,,,,,,,,,,,,,,,,,,,,,,,,,,,,,,,,,,,,,
8,16,,,,,,,97,93,67,18,219.0,2730,10801,36,0,9.4,1.5;21.9;5.3;2.6;1.8;2.1;51.5;43.1;9.1;5.0;31.9;43.7;0.3;1.5;0.0;0.6;0.9;0.0;0.0;0.0;0.0;0.3;0.0;0.3,37.36,0.1,0.01,0.06,14.452,0.852,6542.0,11962.0,4,16,,,,,,,,,,,,,,,,,,,,,,,,,,,,,,,,,,,,,,,,,,,,,,,,,,,,,,,,,,,,,
8,17,,,,,,,100,96,66,17,218.3,2730,10801,36,0,7.8,1.7;25.9;2.0;2.6;1.2;0.6;29.9;34.6;6.1;6.6;22.2;49.6;0.6;0.3;0.0;0.0;0.0;0.3;0.0;0.0;0.3;0.3;0.6;0.3,37.37,0.1,0.0,0.05,14.452,0.852,3662.0,24658.0,4,16,,,,,,,,,,,,,,,,,,,,,,,,,,,,,,,,,,,,,,,,,,,,,,,,,,,,,,,,,,,,,
8,18,,,,,,,97,91,68,17,219.2,2730,10801,36,0,7.2,0.9;13.2;2.4;1.5;0.6;0.6;20.6;57.9;6.5;4.4;23.2;39.0;0.9;0.6;0.0;0.0;0.0;0.0;0.6;0.0;0.0;0.0;0.6;0.0,37.37,0.1,0.0,0.08,14.452,0.852,46972.0,54492.0,4,16,,,,,,,,,,,,,,,,,,,,,,,,,,,,,,,,,,,,,,,,,,,,,,,,,,,,,,,,,,,,,
8,19,,,,,,,96,91,66,18,218.8,2730,10801,36,0,7.4,1.8;15.3;2.1;2.4;0.6;1.2;47.2;30.1;8.0;2.1;21.8;41.6;0.0;0.3;0.3;0.0;0.3;0.3;0.3;0.0;0.3;0.9;0.9;0.0,37.36,0.1,0.0,0.05,14.452,0.852,39257.0,37988.0,4,16,,,,,,,,,,,,,,,,,,,,,,,,,,,,,,,,,,,,,,,,,,,,,,,,,,,,,,,,,,,,,
8,20,,,,,,,100,100,66,18,219.6,2730,10801,36,0,7.5,1.5;15.0;1.8;2.3;1.2;0.3;30.4;34.6;3.5;3.8;20.8;60.4;0.9;0.3;0.0;0.0;0.6;0.3;0.0;0.0;0.6;1.2;0.3;0.0,37.37,0.1,0.0,0.12,14.452,0.852,5224.0,17724.0,4,16,,,,,,,,,,,,,,,,,,,,,,,,,,,,,,,,,,,,,,,,,,,,,,,,,,,,,,,,,,,,,
8,21,,,,,,,100,100,66,18,219.4,2730,10801,36,0,7.3,0.9;15.8;1.4;1.2;0.9;0.6;41.4;28.6;4.1;3.2;33.3;38.2;0.3;0.3;0.0;0.0;0.3;0.0;0.3;0.0;0.0;0.3;2.9;0.3,37.36,0.1,0.01,0.05,14.452,0.852,14062.0,10888.0,4,16,,,,,,,,,,,,,,,,,,,,,,,,,,,,,,,,,,,,,,,,,,,,,,,,,,,,,,,,,,,,,
8,22,,,,,,,100,99,68,18,220.7,2730,10801,36,0,7.2,1.2;12.2;2.1;2.1;0.6;0.9;62.9;20.6;7.9;3.5;30.3;25.3;0.9;0.3;0.0;0.0;0.0;0.0;0.0;0.0;0.0;0.6;0.0;0.0,37.36,0.1,0.0,0.05,14.452,0.852,5273.0,14306.0,4,16,,,,,,,,,,,,,,,,,,,,,,,,,,,,,,,,,,,,,,,,,,,,,,,,,,,,,,,,,,,,,
8,23,,,,,,,100,93,65,18,220.0,2730,10801,36,0,7.6,1.8;10.6;1.8;3.2;2.3;0.9;25.0;34.1;4.7;4.7;22.4;61.4;1.5;1.5;0.3;0.3;0.3;0.9;0.9;0.3;0.9;0.9;0.6;0.9,37.36,0.1,0.0,0.07,14.452,0.852,3906.0,24169.0,4,16,,,,,,,,,,,,,,,,,,,,,,,,,,,,,,,,,,,,,,,,,,,,,,,,,,,,,,,,,,,,,
8,24,,,,,,,97,95,69,16,219.7,2730,10801,36,0,7.5,0.9;14.8;2.1;1.5;0.9;1.2;25.3;51.5;5.6;6.7;24.3;42.5;0.0;0.6;0.3;0.0;0.0;0.0;0.0;0.0;0.0;0.6;0.0;0.0,37.35,0.1,0.0,0.03,14.452,0.852,4003.0,28271.0,4,16,,,,,,,,,,,,,,,,,,,,,,,,,,,,,,,,,,,,,,,,,,,,,,,,,,,,,,,,,,,,,
8,25,,,,,,,100,95,66,19,219.6,2730,10801,36,0,7.1,1.2;19.1;0.9;1.4;0.3;0.3;44.8;35.2;2.6;3.2;25.4;32.3;1.2;0.6;0.0;0.0;0.0;0.0;0.0;0.0;0.3;0.9;0.3;0.3,37.36,0.1,0.01,0.07,14.452,0.852,12109.0,19042.0,4,16,,,,,,,,,,,,,,,,,,,,,,,,,,,,,,,,,,,,,,,,,,,,,,,,,,,,,,,,,,,,,
8,26,,,,,,,100,95,66,17,219.1,2730,10801,36,0,7.4,0.9;13.2;2.3;2.6;1.5;1.2;24.0;49.3;7.0;5.3;24.3;45.6;0.9;0.3;0.0;0.0;0.0;0.0;0.0;0.0;0.0;0.0;0.0;0.0,37.36,0.1,0.0,0.04,14.452,0.852,3759.0,15576.0,4,16,,,,,,,,,,,,,,,,,,,,,,,,,,,,,,,,,,,,,,,,,,,,,,,,,,,,,,,,,,,,,
8,27,,,,,,,96,91,66,19,218.6,2730,10801,36,0,7.5,0.6;14.5;2.1;2.3;0.9;1.8;31.2;46.9;5.6;5.6;21.8;45.2;0.9;0.3;0.0;0.0;0.0;0.0;0.0;0.0;0.0;0.0;0.0;0.0,37.35,0.1,0.0,0.02,14.452,0.852,5566.0,10498.0,4,16,,,,,,,,,,,,,,,,,,,,,,,,,,,,,,,,,,,,,,,,,,,,,,,,,,,,,,,,,,,,,
8,28,,,,,,,98,96,66,18,219.3,2730,10801,36,0,7.9,1.8;11.5;1.5;2.1;0.9;2.4;40.2;50.4;5.0;5.0;34.5;29.8;0.3;0.3;0.0;0.0;0.3;0.9;0.0;0.0;1.2;0.0;0.0;0.6,37.35,0.1,0.0,0.04,14.452,0.852,40332.0,52880.0,4,16,,,,,,,,,,,,,,,,,,,,,,,,,,,,,,,,,,,,,,,,,,,,,,,,,,,,,,,,,,,,,
8,29,,,,,,,98,92,66,18,219.9,2730,10801,36,0,7.6,1.2;15.0;2.6;2.3;1.4;0.6;29.1;38.3;5.7;7.2;25.9;49.0;0.6;0.3;0.0;0.0;0.3;0.3;0.0;0.0;0.6;1.7;0.6;0.0,37.35,0.1,0.0,0.05,14.452,0.852,4003.0,29589.0,4,16,,,,,,,,,,,,,,,,,,,,,,,,,,,,,,,,,,,,,,,,,,,,,,,,,,,,,,,,,,,,,
8,30,,,,,,,97,87,66,19,221.4,2730,10801,36,0,7.5,0.9;10.1;2.6;1.2;0.6;0.9;31.3;38.5;6.5;3.5;18.8;62.0;0.6;0.9;0.0;0.0;0.0;0.0;0.0;0.0;0.0;0.0;0.6;0.0,37.35,0.1,0.01,0.04,14.452,0.852,9570.0,9912.0,4,16,,,,,,,,,,,,,,,,,,,,,,,,,,,,,,,,,,,,,,,,,,,,,,,,,,,,,,,,,,,,,
8,31,,,,,,,96,94,65,18,219.9,2730,10801,36,0,7.7,0.9;9.6;2.6;1.8;2.1;0.9;61.5;26.5;9.1;4.1;24.1;38.8;0.0;1.5;0.0;0.0;0.6;0.3;0.0;0.0;0.0;0.9;0.0;0.0,37.37,0.1,0.02,0.06,14.452,0.852,9277.0,15234.0,4,16,,,,,,,,,,,,,,,,,,,,,,,,,,,,,,,,,,,,,,,,,,,,,,,,,,,,,,,,,,,,,
8,32,,,,,,,96,92,66,19,219.3,2730,10801,36,0,8.0,2.1;14.3;2.6;1.2;1.5;1.2;24.4;52.3;5.0;4.4;31.7;46.6;0.9;0.3;0.0;0.0;0.3;0.3;0.0;0.6;0.0;0.6;0.0;0.3,37.36,0.1,0.0,0.14,14.452,0.852,3857.0,201757.0,4,16,,,,,,,,,,,,,,,,,,,,,,,,,,,,,,,,,,,,,,,,,,,,,,,,,,,,,,,,,,,,,
8,33,,,,,,,96,93,65,18,220.4,2730,10801,36,0,8.2,1.4;12.0;4.3;1.7;1.4;0.9;28.2;42.4;6.1;6.6;22.8;58.9;1.4;0.6;0.3;0.6;0.3;0.6;0.3;0.3;0.9;2.3;0.6;1.4,37.36,0.1,0.0,0.04,14.452,0.852,9423.0,55371.0,4,16,,,,,,,,,,,,,,,,,,,,,,,,,,,,,,,,,,,,,,,,,,,,,,,,,,,,,,,,,,,,,
8,34,,,,,,,98,97,67,17,219.1,2730,10801,36,0,8.7,0.3;32.2;3.5;1.8;1.5;0.6;68.5;21.3;6.2;5.3;24.9;35.7;0.6;0.3;0.0;0.0;0.0;0.0;0.0;0.0;0.0;0.6;0.6;0.0,37.36,0.1,0.0,0.04,14.452,0.852,9716.0,14990.0,4,16,,,,,,,,,,,,,,,,,,,,,,,,,,,,,,,,,,,,,,,,,,,,,,,,,,,,,,,,,,,,,
8,35,,,,,,,100,100,67,17,219.6,2730,10801,36,0,7.4,0.9;11.2;2.6;1.8;0.3;1.5;22.3;50.9;5.6;5.6;26.2;43.2;0.6;0.9;0.0;0.0;0.0;0.3;0.3;0.0;1.2;1.5;0.6;0.9,37.36,0.1,0.01,0.1,14.452,0.852,39355.0,165625.0,4,16,,,,,,,,,,,,,,,,,,,,,,,,,,,,,,,,,,,,,,,,,,,,,,,,,,,,,,,,,,,,,
8,36,,,,,,,96,84,66,18,219.5,2730,10801,36,0,7.3,0.3;13.0;2.4;2.6;0.6;0.9;23.8;35.6;5.6;2.9;25.0;58.7;0.9;0.0;0.0;0.0;0.0;0.0;0.0;0.0;0.3;0.6;1.5;0.0,37.36,0.1,0.0,0.1,14.452,0.852,3906.0,33398.0,4,16,,,,,,,,,,,,,,,,,,,,,,,,,,,,,,,,,,,,,,,,,,,,,,,,,,,,,,,,,,,,,
8,37,,,,,,,100,100,66,18,219.6,2730,10801,36,0,7.8,2.3;14.5;3.2;1.7;1.7;0.6;46.1;26.2;6.1;4.0;22.5;47.6;2.0;1.1;0.0;0.0;0.6;0.6;0.0;0.6;0.3;0.9;2.6;0.6,37.35,0.1,0.0,0.05,14.452,0.852,36425.0,50683.0,4,16,,,,,,,,,,,,,,,,,,,,,,,,,,,,,,,,,,,,,,,,,,,,,,,,,,,,,,,,,,,,,
8,38,,,,,,,100,92,67,17,219.8,2730,10801,36,0,7.3,0.6;14.0;1.5;2.1;0.9;1.5;39.6;35.1;4.1;3.6;43.1;23.6;1.8;1.2;0.0;0.0;0.0;0.0;0.6;0.0;0.0;0.0;0.6;0.0,37.36,0.1,0.0,0.05,14.452,0.852,49023.0,203027.0,4,16,,,,,,,,,,,,,,,,,,,,,,,,,,,,,,,,,,,,,,,,,,,,,,,,,,,,,,,,,,,,,
8,39,,,,,,,96,94,65,16,220.1,2730,10801,36,0,7.4,1.8;13.4;1.5;2.9;1.2;0.6;21.9;32.8;4.7;2.1;34.0;54.5;0.9;0.9;0.0;0.0;0.0;0.3;0.0;0.0;0.0;2.3;0.0;0.3,37.36,0.1,0.01,0.03,14.452,0.852,5029.0,22656.0,4,16,,,,,,,,,,,,,,,,,,,,,,,,,,,,,,,,,,,,,,,,,,,,,,,,,,,,,,,,,,,,,
8,40,,,,,,,97,93,66,17,219.7,2730,10801,36,0,7.0,0.3;13.5;1.8;1.2;0.0;0.6;35.2;27.6;5.6;3.2;29.4;48.7;0.6;0.3;0.0;0.0;0.0;0.3;0.0;0.0;0.0;0.0;0.0;0.0,37.36,0.1,0.01,0.1,14.452,0.852,12109.0,25048.0,4,16,,,,,,,,,,,,,,,,,,,,,,,,,,,,,,,,,,,,,,,,,,,,,,,,,,,,,,,,,,,,,
8,41,,,,,,,100,94,66,18,220.9,2730,10801,36,0,7.3,0.3;14.6;2.9;2.3;0.9;0.3;49.9;31.3;5.8;3.2;27.5;30.1;2.0;0.3;0.0;0.0;0.3;0.6;0.0;0.0;0.0;0.6;1.7;0.0,37.36,0.1,0.0,0.04,14.452,0.852,4052.0,183447.0,4,16,,,,,,,,,,,,,,,,,,,,,,,,,,,,,,,,,,,,,,,,,,,,,,,,,,,,,,,,,,,,,
8,42,,,,,,,96,92,67,19,219.7,2730,10801,36,0,7.9,1.5;25.2;1.8;1.2;1.5;0.9;42.5;22.4;6.2;3.5;17.3;60.3;0.6;0.6;0.0;0.0;0.0;0.0;0.0;0.0;0.0;0.0;1.5;0.0,37.36,0.1,0.0,0.12,14.452,0.852,9765.0,10644.0,4,16,,,,,,,,,,,,,,,,,,,,,,,,,,,,,,,,,,,,,,,,,,,,,,,,,,,,,,,,,,,,,
8,43,,,,,,,100,100,67,18,219.8,2730,10801,36,0,7.8,2.9;16.3;2.4;2.3;2.4;1.5;36.2;29.8;5.3;4.7;32.6;46.6;0.9;0.0;0.0;0.6;0.6;0.0;0.6;0.0;0.6;0.0;0.6;0.0,37.35,0.1,0.01,0.17,14.452,0.852,16113.0,16064.0,4,16,,,,,,,,,,,,,,,,,,,,,,,,,,,,,,,,,,,,,,,,,,,,,,,,,,,,,,,,,,,,,
8,44,,,,,,,100,97,66,19,220.3,2730,10801,36,0,8.8,2.6;19.1;4.4;2.7;3.5;1.5;44.8;36.3;6.5;7.7;41.8;29.2;0.6;1.8;0.0;0.0;0.0;1.2;0.0;0.0;1.5;0.9;2.6;0.9,37.34,0.1,0.01,0.05,14.452,0.852,14111.0,30078.0,4,16,,,,,,,,,,,,,,,,,,,,,,,,,,,,,,,,,,,,,,,,,,,,,,,,,,,,,,,,,,,,,
8,45,,,,,,,100,100,65,18,218.2,2730,10801,36,0,7.2,2.0;15.6;5.2;2.9;1.7;2.3;19.4;30.9;6.4;3.5;24.8;54.5;0.3;0.9;0.0;0.0;0.0;0.0;0.0;0.0;0.0;0.6;1.2;0.6,37.34,0.1,0.0,0.08,14.452,0.852,3955.0,16552.0,4,16,,,,,,,,,,,,,,,,,,,,,,,,,,,,,,,,,,,,,,,,,,,,,,,,,,,,,,,,,,,,,
8,46,,,,,,,96,85,67,18,220.6,2730,10801,36,0,7.8,2.0;18.8;2.4;5.3;2.9;1.5;58.5;26.3;5.9;3.9;33.3;16.1;1.5;1.0;0.0;0.0;0.5;0.0;0.0;0.5;0.5;0.0;2.9;0.0,37.34,0.1,0.0,0.03,14.452,0.852,634.0,195.0,4,16,,,,,,,,,,,,,,,,,,,,,,,,,,,,,,,,,,,,,,,,,,,,,,,,,,,,,,,,,,,,,
8,summary,0.4055893692170772,0.9829467982442487,0.399822356141043,0.9850051159016335,0.00099647,251.9,,,,,,,,,,,,,,,,,,,,,,3,96.09,100,1,92.07,100,58,66.07,69,16,18.07,26,166.0,218.41,221.4,2730.3,10801.0,36.0,0,6.9,8.63,51.7,37.34,37.37,37.54,63.16,0.1,0.1,0.1,19.04,0.0,0.0,0.02,0.02,0.71,8.21,10.732,13.6,14.452,14.45,14.452,15.992,0.852,0.85,0.852,634.0,12898.65,49023.0,195.0,45774.8,210595.0,4,4.0,4,16,16.0,16,4,16,190.52,47.71
9,1,,,,,,,4,1,59,26,168.5,2745,10801,36,0,51.4,68.3;69.4;84.7;86.4;87.8;83.9;97.2;96.1;71.3;74.9;94.8;93.9;42.6;43.0;5.9;5.4;27.9;30.1;2.8;3.1;18.8;19.2;13.4;13.3,37.51,0.1,0.01,0.04,14.452,0.852,3466.0,199121.0,4,16,,,,,,,,,,,,,,,,,,,,,,,,,,,,,,,,,,,,,,,,,,,,,,,,,,,,,,,,,,,,,
9,2,,,,,,,100,98,66,20,219.5,2745,10801,36,0,7.9,1.8;12.2;3.5;2.1;0.3;1.2;27.7;35.5;8.8;6.2;36.9;49.4;0.6;0.3;0.0;0.0;0.0;0.3;0.0;0.0;0.0;0.6;1.5;0.0,37.47,0.1,0.11,8.39,14.452,0.852,3857.0,14892.0,4,16,,,,,,,,,,,,,,,,,,,,,,,,,,,,,,,,,,,,,,,,,,,,,,,,,,,,,,,,,,,,,
9,3,,,,,,,100,93,67,19,219.0,2745,10801,36,0,8.3,0.3;14.5;2.9;1.8;0.9;0.6;35.2;33.3;4.7;7.4;31.1;61.9;0.0;0.6;0.0;0.0;0.0;0.0;0.0;0.0;0.3;0.3;1.2;0.0,37.45,0.1,0.0,3.42,14.452,0.852,16455.0,11181.0,4,16,,,,,,,,,,,,,,,,,,,,,,,,,,,,,,,,,,,,,,,,,,,,,,,,,,,,,,,,,,,,,
9,4,,,,,,,96,92,67,19,210.7,2745,10801,36,0,9.2,1.1;32.9;3.2;2.3;0.6;2.0;59.6;31.1;7.8;6.3;27.7;37.4;1.4;0.6;0.0;0.0;0.6;0.6;0.0;0.0;0.6;0.0;0.9;0.0,37.43,0.1,0.0,3.69,14.452,0.852,16357.0,28173.0,4,16,,,,,,,,,,,,,,,,,,,,,,,,,,,,,,,,,,,,,,,,,,,,,,,,,,,,,,,,,,,,,
9,5,,,,,,,98,93,65,19,218.9,2745,10801,36,0,7.2,0.3;13.5;1.2;1.2;0.9;0.3;25.0;33.2;2.9;5.3;42.7;43.1;0.3;0.6;0.0;0.0;0.0;0.0;0.3;0.0;0.6;1.2;0.3;0.0,37.43,0.1,0.0,3.05,14.452,0.852,4052.0,13183.0,4,16,,,,,,,,,,,,,,,,,,,,,,,,,,,,,,,,,,,,,,,,,,,,,,,,,,,,,,,,,,,,,
9,6,,,,,,,100,96,65,18,220.7,2745,10801,36,0,7.2,0.9;13.0;1.8;0.9;0.9;0.0;39.8;28.0;2.7;7.6;39.7;33.9;0.3;0.9;0.0;0.0;0.3;0.0;0.0;0.0;0.0;0.6;0.0;0.0,37.41,0.1,0.0,2.86,14.452,0.852,15576.0,32275.0,4,16,,,,,,,,,,,,,,,,,,,,,,,,,,,,,,,,,,,,,,,,,,,,,,,,,,,,,,,,,,,,,
9,7,,,,,,,96,87,66,19,218.9,2745,10801,36,0,7.2,0.6;12.6;2.1;1.2;0.6;0.6;63.6;22.8;5.6;3.8;23.2;33.8;0.3;0.3;0.0;0.0;0.0;0.0;0.0;0.3;0.0;0.0;0.6;0.0,37.39,0.1,0.01,2.11,14.452,0.852,7177.0,10498.0,4,16,,,,,,,,,,,,,,,,,,,,,,,,,,,,,,,,,,,,,,,,,,,,,,,,,,,,,,,,,,,,,
9,8,,,,,,,100,98,66,17,210.2,2745,10801,36,0,7.0,0.6;14.0;2.0;0.9;0.0;0.0;28.5;40.3;2.9;5.2;41.5;29.4;0.9;0.3;0.0;0.0;0.0;0.0;0.0;0.0;0.0;0.3;0.6;0.0,37.39,0.1,0.0,1.55,14.452,0.852,14257.0,10937.0,4,16,,,,,,,,,,,,,,,,,,,,,,,,,,,,,,,,,,,,,,,,,,,,,,,,,,,,,,,,,,,,,
9,9,,,,,,,96,85,65,18,220.7,2745,10801,36,0,7.1,0.6;11.2;2.7;2.4;0.3;1.5;32.2;31.7;4.7;5.9;30.8;44.4;0.9;1.2;0.0;0.0;0.0;0.0;0.0;0.0;0.3;0.6;0.0;0.0,37.38,0.1,0.0,1.59,14.452,0.852,23095.0,57763.0,4,16,,,,,,,,,,,,,,,,,,,,,,,,,,,,,,,,,,,,,,,,,,,,,,,,,,,,,,,,,,,,,
9,10,,,,,,,96,90,67,18,219.4,2745,10801,36,0,7.4,1.2;15.5;2.4;1.8;0.9;0.9;64.4;22.2;4.7;7.1;15.2;37.1;0.3;0.6;0.0;0.0;0.3;0.3;0.0;0.0;0.0;0.6;0.0;0.0,37.35,0.1,0.0,3.82,14.452,0.852,9619.0,11621.0,4,16,,,,,,,,,,,,,,,,,,,,,,,,,,,,,,,,,,,,,,,,,,,,,,,,,,,,,,,,,,,,,
9,11,,,,,,,100,95,66,19,219.9,2745,10801,36,0,8.0,1.5;19.4;1.8;2.3;1.5;1.8;44.6;28.7;4.7;6.5;47.1;25.4;1.2;0.6;0.0;0.0;0.3;0.6;0.0;0.0;0.6;0.6;1.2;0.3,37.36,0.1,0.0,0.05,14.452,0.852,3515.0,28466.0,4,16,,,,,,,,,,,,,,,,,,,,,,,,,,,,,,,,,,,,,,,,,,,,,,,,,,,,,,,,,,,,,
9,12,,,,,,,96,94,67,19,210.8,2745,10801,36,0,6.9,1.2;15.5;0.6;0.9;1.4;1.2;24.3;21.4;4.6;5.2;27.2;57.9;0.9;0.3;0.3;0.3;0.0;0.0;0.0;0.0;0.0;0.9;0.9;1.2,37.35,0.1,0.01,0.06,14.452,0.852,3613.0,32080.0,4,16,,,,,,,,,,,,,,,,,,,,,,,,,,,,,,,,,,,,,,,,,,,,,,,,,,,,,,,,,,,,,
9,13,,,,,,,96,89,66,18,219.3,2745,10801,36,0,8.4,1.8;20.7;3.5;2.4;1.5;1.8;55.8;26.8;4.7;6.7;48.5;21.1;1.5;1.2;0.3;0.0;0.0;0.6;0.0;0.0;0.3;0.3;1.2;0.6,37.36,0.1,0.0,0.03,14.452,0.852,9570.0,14306.0,4,16,,,,,,,,,,,,,,,,,,,,,,,,,,,,,,,,,,,,,,,,,,,,,,,,,,,,,,,,,,,,,
9,14,,,,,,,100,100,66,18,219.4,2745,10801,36,0,7.8,1.2;15.8;2.1;2.4;0.9;1.5;49.1;20.8;5.6;5.0;25.4;51.2;0.9;1.5;0.3;0.6;0.3;0.0;0.0;0.0;0.3;0.9;0.3;0.0,37.36,0.1,0.0,0.04,14.452,0.852,27587.0,382568.0,4,16,,,,,,,,,,,,,,,,,,,,,,,,,,,,,,,,,,,,,,,,,,,,,,,,,,,,,,,,,,,,,
9,15,,,,,,,98,91,67,17,221.5,2745,10801,36,0,7.7,0.3;13.0;2.7;2.3;1.5;1.2;36.2;23.5;4.7;4.1;30.1;60.9;1.5;0.9;0.0;0.0;0.3;0.0;0.0;0.0;0.0;0.0;1.5;0.0,37.35,0.1,0.01,0.03,14.452,0.852,11621.0,254150.0,4,16,,,,,,,,,,,,,,,,,,,,,,,,,,,,,,,,,,,,,,,,,,,,,,,,,,,,,,,,,,,,,
9,16,,,,,,,100,100,65,19,211.2,2745,10801,36,0,9.4,5.5;16.1;6.0;5.2;3.5;4.0;52.6;30.9;6.1;9.0;40.2;32.5;2.3;2.0;0.0;0.0;1.4;1.2;0.3;0.6;0.6;2.6;0.6;1.4,37.36,0.1,0.01,0.06,14.452,0.852,4101.0,18505.0,4,16,,,,,,,,,,,,,,,,,,,,,,,,,,,,,,,,,,,,,,,,,,,,,,,,,,,,,,,,,,,,,
9,17,,,,,,,100,93,65,19,218.7,2745,10801,36,0,8.8,2.6;14.3;5.6;2.1;2.1;1.5;56.7;32.4;8.5;7.3;34.0;37.4;1.5;0.6;0.0;0.0;0.9;0.3;0.0;0.0;0.3;0.0;1.8;0.3,37.36,0.1,0.0,0.04,14.452,0.852,9326.0,10302.0,4,16,,,,,,,,,,,,,,,,,,,,,,,,,,,,,,,,,,,,,,,,,,,,,,,,,,,,,,,,,,,,,
9,18,,,,,,,96,87,66,19,219.7,2745,10801,36,0,8.4,2.9;16.8;4.4;2.1;1.5;1.5;34.6;30.5;5.3;4.7;45.0;43.1;1.5;0.3;0.0;0.0;1.2;0.6;0.3;0.9;1.5;1.8;0.6;0.0,37.35,0.1,0.0,0.05,14.452,0.852,94287.0,171533.0,4,16,,,,,,,,,,,,,,,,,,,,,,,,,,,,,,,,,,,,,,,,,,,,,,,,,,,,,,,,,,,,,
9,19,,,,,,,96,94,66,18,219.9,2745,10801,36,0,7.9,3.2;12.5;1.8;1.5;1.8;0.6;46.8;28.6;5.6;6.5;35.7;41.3;0.9;0.9;0.0;0.0;0.6;0.6;0.0;0.3;0.0;0.3;0.0;0.3,37.36,0.1,0.0,0.03,14.452,0.852,32617.0,63037.0,4,16,,,,,,,,,,,,,,,,,,,,,,,,,,,,,,,,,,,,,,,,,,,,,,,,,,,,,,,,,,,,,
9,20,,,,,,,100,95,65,18,211.6,2745,10801,36,0,7.6,0.9;12.1;1.4;1.7;0.6;1.2;57.4;24.3;5.5;11.2;26.7;35.5;0.3;0.3;0.0;0.0;0.3;0.0;0.3;0.0;0.3;0.9;1.2;0.0,37.36,0.1,0.0,0.08,14.452,0.852,16845.0,15917.0,4,16,,,,,,,,,,,,,,,,,,,,,,,,,,,,,,,,,,,,,,,,,,,,,,,,,,,,,,,,,,,,,
9,21,,,,,,,96,92,67,18,220.6,2745,10801,36,0,9.3,0.3;27.3;2.0;2.6;1.2;0.6;19.9;45.2;8.7;8.2;29.9;68.2;0.9;0.9;0.0;0.0;0.3;0.0;0.0;0.0;0.3;2.3;0.0;0.0,37.36,0.1,0.01,0.11,14.452,0.852,90039.0,92773.0,4,16,,,,,,,,,,,,,,,,,,,,,,,,,,,,,,,,,,,,,,,,,,,,,,,,,,,,,,,,,,,,,
9,22,,,,,,,96,92,66,18,219.9,2745,10801,36,0,7.8,1.5;18.7;2.4;1.8;1.2;0.6;23.8;54.8;3.8;5.6;30.8;34.1;0.6;0.6;0.3;0.6;0.6;0.0;0.0;0.0;0.6;1.2;2.3;0.9,37.35,0.1,0.0,0.03,14.452,0.852,5371.0,25244.0,4,16,,,,,,,,,,,,,,,,,,,,,,,,,,,,,,,,,,,,,,,,,,,,,,,,,,,,,,,,,,,,,
9,23,,,,,,,100,100,65,19,220.0,2745,10801,36,0,7.6,1.2;13.1;1.5;1.5;2.1;0.6;57.2;24.0;4.7;6.5;22.9;38.1;1.5;1.2;0.0;0.3;0.6;0.6;0.0;0.0;1.2;1.5;1.5;1.2,37.36,0.1,0.0,0.04,14.452,0.852,15136.0,17578.0,4,16,,,,,,,,,,,,,,,,,,,,,,,,,,,,,,,,,,,,,,,,,,,,,,,,,,,,,,,,,,,,,
9,24,,,,,,,98,97,66,18,211.3,2745,10801,36,0,7.1,0.6;14.0;2.0;1.4;0.3;0.6;33.5;25.7;2.9;5.5;20.8;59.5;0.3;0.9;0.0;0.0;0.0;0.0;0.3;0.0;0.0;0.0;1.1;0.0,37.35,0.1,0.0,0.06,14.452,0.852,131298.0,73144.0,4,16,,,,,,,,,,,,,,,,,,,,,,,,,,,,,,,,,,,,,,,,,,,,,,,,,,,,,,,,,,,,,
9,25,,,,,,,100,100,65,19,220.2,2745,10801,36,0,7.3,2.4;14.0;2.4;2.1;0.6;0.9;35.6;31.9;2.9;6.5;21.5;50.0;1.5;1.5;0.0;0.3;0.6;0.3;0.0;0.0;0.0;0.0;0.6;0.3,37.35,0.1,0.0,0.05,14.452,0.852,4394.0,16992.0,4,16,,,,,,,,,,,,,,,,,,,,,,,,,,,,,,,,,,,,,,,,,,,,,,,,,,,,,,,,,,,,,
9,26,,,,,,,100,95,65,18,219.6,2745,10801,36,0,7.2,0.3;13.2;2.6;2.6;0.3;1.5;66.4;18.8;3.5;9.1;15.9;37.4;0.6;0.6;0.0;0.0;0.3;0.0;0.0;0.0;0.0;0.0;0.3;0.0,37.36,0.1,0.02,0.06,14.452,0.852,3906.0,26025.0,4,16,,,,,,,,,,,,,,,,,,,,,,,,,,,,,,,,,,,,,,,,,,,,,,,,,,,,,,,,,,,,,
9,27,,,,,,,96,89,66,19,219.6,2745,10801,36,0,7.1,1.2;14.5;1.2;1.2;1.8;1.5;35.0;38.8;2.6;5.9;25.9;40.6;0.3;0.0;0.0;0.0;0.0;0.0;0.0;0.0;0.0;0.6;0.0;0.0,37.34,0.1,0.0,0.04,14.452,0.852,5419.0,10449.0,4,16,,,,,,,,,,,,,,,,,,,,,,,,,,,,,,,,,,,,,,,,,,,,,,,,,,,,,,,,,,,,,
9,28,,,,,,,100,99,66,18,212.2,2745,10801,36,0,7.7,2.3;18.5;1.7;1.2;0.9;0.0;44.7;24.8;3.2;4.0;32.9;44.7;0.6;0.6;0.0;0.0;0.6;0.0;0.0;0.0;0.6;1.1;0.0;0.3,37.35,0.1,0.0,0.04,14.452,0.852,30126.0,133105.0,4,16,,,,,,,,,,,,,,,,,,,,,,,,,,,,,,,,,,,,,,,,,,,,,,,,,,,,,,,,,,,,,
9,29,,,,,,,99,95,66,17,220.0,2745,10801,36,0,8.2,3.5;15.1;4.4;1.2;1.2;1.8;71.4;24.8;4.1;5.9;21.5;31.0;1.2;0.6;0.3;0.0;0.3;0.9;0.3;0.3;1.2;2.6;1.2;0.0,37.35,0.1,0.0,0.03,14.452,0.852,18652.0,10595.0,4,16,,,,,,,,,,,,,,,,,,,,,,,,,,,,,,,,,,,,,,,,,,,,,,,,,,,,,,,,,,,,,
9,30,,,,,,,96,93,67,18,219.4,2745,10801,36,0,7.6,1.2;12.5;3.2;1.8;2.6;0.6;33.2;29.4;4.4;5.9;29.8;51.0;0.6;0.9;0.9;0.0;0.9;0.0;0.6;0.3;0.9;0.3;0.9;0.3,37.34,0.1,0.01,0.08,14.452,0.852,14306.0,16601.0,4,16,,,,,,,,,,,,,,,,,,,,,,,,,,,,,,,,,,,,,,,,,,,,,,,,,,,,,,,,,,,,,
9,31,,,,,,,96,92,65,18,219.8,2745,10801,36,0,7.2,0.6;11.1;1.5;1.5;0.6;0.0;31.1;30.9;3.5;6.2;32.3;49.1;0.3;0.0;0.0;0.0;0.0;0.0;0.0;0.0;0.3;2.3;0.0;0.0,37.36,0.1,0.0,0.07,14.452,0.852,31298.0,288281.0,4,16,,,,,,,,,,,,,,,,,,,,,,,,,,,,,,,,,,,,,,,,,,,,,,,,,,,,,,,,,,,,,
9,32,,,,,,,98,94,66,18,211.9,2745,10801,36,0,7.8,1.2;12.4;2.9;2.9;2.3;0.9;57.1;31.6;4.9;7.5;27.7;27.2;1.2;0.9;0.6;0.6;0.9;0.9;0.9;0.9;0.6;1.4;0.9;0.0,37.34,0.1,0.0,0.03,14.452,0.852,4345.0,13623.0,4,16,,,,,,,,,,,,,,,,,,,,,,,,,,,,,,,,,,,,,,,,,,,,,,,,,,,,,,,,,,,,,
9,33,,,,,,,98,92,65,18,220.8,2745,10801,36,0,7.8,1.8;14.0;3.2;2.4;0.9;1.2;54.4;26.4;5.0;5.3;15.0;54.8;0.6;0.9;0.0;0.0;0.0;0.0;0.0;0.3;0.0;0.6;0.3;0.3,37.34,0.1,0.0,0.24,14.452,0.852,4150.0,16357.0,4,16,,,,,,,,,,,,,,,,,,,,,,,,,,,,,,,,,,,,,,,,,,,,,,,,,,,,,,,,,,,,,
9,34,,,,,,,96,87,65,18,220.1,2745,10801,36,0,8.2,1.8;13.8;2.3;1.8;2.6;2.1;39.9;22.5;5.6;10.2;24.9;63.0;0.3;0.3;0.0;0.0;0.0;0.6;0.0;0.3;0.0;0.9;3.7;0.3,37.34,0.1,0.0,0.04,14.452,0.852,13183.0,10400.0,4,16,,,,,,,,,,,,,,,,,,,,,,,,,,,,,,,,,,,,,,,,,,,,,,,,,,,,,,,,,,,,,
9,35,,,,,,,97,94,64,17,219.5,2745,10801,36,0,7.5,1.8;14.0;1.5;2.6;2.3;0.9;44.2;32.4;3.5;5.0;30.3;41.1;0.3;0.0;0.0;0.0;0.0;0.0;0.0;0.0;0.0;0.0;0.6;0.0,37.35,0.1,0.01,0.03,14.452,0.852,3466.0,12792.0,4,16,,,,,,,,,,,,,,,,,,,,,,,,,,,,,,,,,,,,,,,,,,,,,,,,,,,,,,,,,,,,,
9,36,,,,,,,96,87,65,18,208.8,2745,10801,36,0,7.0,0.6;13.3;1.4;0.6;0.0;1.5;57.4;21.7;1.2;5.2;17.4;44.8;1.2;0.0;0.0;0.0;0.0;0.3;0.0;0.0;0.0;0.3;0.6;0.0,37.34,0.1,0.0,0.04,14.452,0.852,6591.0,24511.0,4,16,,,,,,,,,,,,,,,,,,,,,,,,,,,,,,,,,,,,,,,,,,,,,,,,,,,,,,,,,,,,,
9,37,,,,,,,96,92,64,19,219.5,2745,10801,36,0,7.9,2.0;13.5;3.5;2.6;0.6;1.5;38.5;22.2;5.0;5.2;34.2;54.7;0.6;1.5;0.6;0.0;0.3;0.6;0.6;0.6;0.0;0.0;1.5;0.6,37.35,0.1,0.01,0.08,14.452,0.852,36474.0,71142.0,4,16,,,,,,,,,,,,,,,,,,,,,,,,,,,,,,,,,,,,,,,,,,,,,,,,,,,,,,,,,,,,,
9,38,,,,,,,97,92,66,18,219.6,2745,10801,36,0,8.5,0.3;16.6;3.2;3.0;1.5;0.6;41.4;42.5;7.1;10.3;40.4;34.5;0.6;0.3;0.3;0.0;0.3;0.0;0.0;0.0;0.3;0.6;0.0;0.0,37.35,0.1,0.0,0.04,14.452,0.852,9521.0,12011.0,4,16,,,,,,,,,,,,,,,,,,,,,,,,,,,,,,,,,,,,,,,,,,,,,,,,,,,,,,,,,,,,,
9,39,,,,,,,100,95,67,19,219.8,2745,10801,36,0,8.4,1.2;29.6;2.9;4.1;0.9;1.2;54.7;24.4;5.6;5.0;22.4;45.3;0.0;0.6;0.0;0.0;0.0;0.0;0.0;0.0;0.0;0.6;0.0;0.0,37.35,0.1,0.01,0.04,14.452,0.852,7373.0,10546.0,4,16,,,,,,,,,,,,,,,,,,,,,,,,,,,,,,,,,,,,,,,,,,,,,,,,,,,,,,,,,,,,,
9,40,,,,,,,96,92,65,19,210.9,2745,10801,36,0,6.8,1.2;11.5;0.6;1.4;0.9;0.0;17.7;39.3;2.0;4.9;26.7;55.1;0.0;0.0;0.0;0.0;0.0;0.0;0.0;0.0;0.0;0.6;0.6;0.0,37.35,0.1,0.0,0.05,14.452,0.852,7519.0,11914.0,4,16,,,,,,,,,,,,,,,,,,,,,,,,,,,,,,,,,,,,,,,,,,,,,,,,,,,,,,,,,,,,,
9,41,,,,,,,99,100,66,19,219.6,2745,10801,36,0,7.8,2.6;17.0;3.5;1.5;0.3;0.6;44.6;30.7;3.2;6.7;17.6;53.2;1.2;0.9;0.0;0.0;0.0;0.0;0.6;0.0;0.6;0.9;0.6;0.3,37.35,0.1,0.0,0.03,14.452,0.852,8740.0,16894.0,4,16,,,,,,,,,,,,,,,,,,,,,,,,,,,,,,,,,,,,,,,,,,,,,,,,,,,,,,,,,,,,,
9,42,,,,,,,98,89,66,19,220.9,2745,10801,36,0,7.2,2.1;13.3;1.2;1.5;1.5;1.2;61.4;21.7;3.5;6.5;15.0;39.4;0.3;0.9;0.0;0.0;0.3;0.9;0.0;0.0;0.9;0.0;0.0;0.0,37.35,0.1,0.0,0.03,14.452,0.852,3955.0,19384.0,4,16,,,,,,,,,,,,,,,,,,,,,,,,,,,,,,,,,,,,,,,,,,,,,,,,,,,,,,,,,,,,,
9,43,,,,,,,96,89,66,17,220.8,2745,10801,36,0,7.7,1.2;15.0;1.8;1.2;0.9;1.8;20.9;38.6;2.9;8.0;27.6;57.8;1.5;1.2;0.6;0.0;0.9;0.0;0.0;0.3;1.2;0.6;0.0;0.0,37.35,0.1,0.0,0.09,14.452,0.852,4150.0,25048.0,4,16,,,,,,,,,,,,,,,,,,,,,,,,,,,,,,,,,,,,,,,,,,,,,,,,,,,,,,,,,,,,,
9,44,,,,,,,100,95,66,19,211.2,2745,10801,36,0,7.2,1.4;16.5;1.2;1.4;1.2;0.6;49.9;21.0;1.4;4.6;23.6;47.0;0.0;0.0;0.0;0.0;0.3;1.4;0.3;0.0;0.0;0.3;0.0;0.3,37.35,0.1,0.01,0.09,14.452,0.852,15966.0,10302.0,4,16,,,,,,,,,,,,,,,,,,,,,,,,,,,,,,,,,,,,,,,,,,,,,,,,,,,,,,,,,,,,,
9,45,,,,,,,97,90,66,18,219.3,2745,10801,36,0,6.4,0.9;11.7;1.5;2.7;1.2;0.6;48.7;24.8;3.5;5.3;15.3;34.5;0.3;0.3;0.0;0.0;0.6;0.0;0.0;0.0;0.6;0.9;0.0;0.0,37.35,0.1,0.0,0.03,14.452,0.852,6835.0,10937.0,4,16,,,,,,,,,,,,,,,,,,,,,,,,,,,,,,,,,,,,,,,,,,,,,,,,,,,,,,,,,,,,,
9,46,,,,,,,100,100,66,18,220.2,2745,10801,36,0,6.2,1.0;9.8;2.0;2.5;0.0;1.0;3.9;74.0;0.0;6.8;6.9;35.9;0.0;1.0;0.5;0.0;0.5;0.0;0.0;0.5;0.0;0.5;1.0;0.5,37.35,0.1,0.0,0.03,14.452,0.852,390.0,15234.0,4,16,,,,,,,,,,,,,,,,,,,,,,,,,,,,,,,,,,,,,,,,,,,,,,,,,,,,,,,,,,,,,
9,summary,0.4055849145839866,0.983058867478131,0.39902705844126724,0.9854990650248738,0.00099548,251.7,,,,,,,,,,,,,,,,,,,,,,4,95.85,100,1,91.37,100,59,65.63,67,17,18.5,26,168.5,216.61,221.5,2745.0,10801.0,36.0,0,6.2,8.64,51.4,37.34,37.37,37.51,63.16,0.1,0.1,0.1,19.04,0.0,0.01,0.11,0.03,0.71,8.39,10.736,13.6,14.452,14.45,14.452,15.992,0.852,0.85,0.852,390.0,17599.91,131298.0,10302.0,51573.7,382568.0,4,4.0,4,16,16.0,16,4,16,190.59,47.54
10,1,,,,,,,19,21,58,23,157.3,2745,10801,36,0,51.2,63.6;62.6;85.4;85.9;86.9;87.6;97.7;97.7;71.5;80.7;95.9;97.4;48.0;51.2;3.8;4.6;19.6;23.9;2.7;2.9;15.9;18.2;11.7;12.2,37.5,0.1,0.0,0.03,14.452,0.852,3417.0,207470.0,4,16,,,,,,,,,,,,,,,,,,,,,,,,,,,,,,,,,,,,,,,,,,,,,,,,,,,,,,,,,,,,,
10,2,,,,,,,98,91,65,19,220.8,2745,10801,35,0,8.4,3.5;15.9;2.6;2.3;0.6;1.8;56.0;33.5;5.0;8.2;36.7;28.4;0.9;0.6;0.0;0.0;0.0;0.0;0.0;0.0;0.6;1.2;2.6;0.9,37.46,0.1,0.02,7.8,14.452,0.852,6591.0,65380.0,4,16,,,,,,,,,,,,,,,,,,,,,,,,,,,,,,,,,,,,,,,,,,,,,,,,,,,,,,,,,,,,,
10,3,,,,,,,97,93,65,17,219.7,2745,10801,35,0,7.6,1.2;13.8;2.1;2.4;1.5;1.5;34.8;23.8;4.4;7.6;36.3;52.9;0.3;0.9;0.0;0.0;0.0;0.0;0.0;0.0;0.0;0.0;0.0;0.0,37.44,0.1,0.01,3.45,14.452,0.852,4833.0,11035.0,4,16,,,,,,,,,,,,,,,,,,,,,,,,,,,,,,,,,,,,,,,,,,,,,,,,,,,,,,,,,,,,,
10,4,,,,,,,100,93,66,17,220.1,2745,10801,36,0,8.3,2.9;16.1;2.6;3.2;2.6;1.7;51.6;29.7;4.0;7.2;39.7;27.8;1.4;0.3;0.3;0.0;0.6;0.6;0.0;0.0;1.2;1.7;1.2;0.9,37.42,0.1,0.0,3.72,14.452,0.852,9033.0,240380.0,4,16,,,,,,,,,,,,,,,,,,,,,,,,,,,,,,,,,,,,,,,,,,,,,,,,,,,,,,,,,,,,,
10,5,,,,,,,96,94,64,18,219.8,2745,10801,36,0,8.5,0.9;13.9;3.2;2.9;2.3;2.0;56.9;27.9;2.9;9.9;44.0;26.0;1.5;1.5;0.6;0.0;0.3;0.9;0.3;0.3;0.6;2.3;1.2;0.9,37.41,0.1,0.0,3.05,14.452,0.852,52978.0,67431.0,4,16,,,,,,,,,,,,,,,,,,,,,,,,,,,,,,,,,,,,,,,,,,,,,,,,,,,,,,,,,,,,,
10,6,,,,,,,98,93,66,18,219.3,2745,10801,36,0,7.4,2.1;13.5;2.4;1.8;0.0;0.9;35.1;23.6;2.4;4.4;29.5;59.3;0.0;0.3;0.0;0.0;0.0;0.0;0.0;0.0;0.3;1.2;0.0;0.0,37.39,0.1,0.0,2.5,14.452,0.852,12841.0,10693.0,4,16,,,,,,,,,,,,,,,,,,,,,,,,,,,,,,,,,,,,,,,,,,,,,,,,,,,,,,,,,,,,,
10,7,,,,,,,100,100,65,19,219.5,2745,10801,35,0,7.6,0.0;10.4;1.5;2.4;0.9;1.5;48.1;29.1;5.0;7.1;38.1;36.3;0.9;0.3;0.0;0.0;0.0;0.0;0.3;0.3;0.0;0.0;0.6;0.0,37.39,0.1,0.01,2.14,14.452,0.852,13818.0,11962.0,4,16,,,,,,,,,,,,,,,,,,,,,,,,,,,,,,,,,,,,,,,,,,,,,,,,,,,,,,,,,,,,,
10,8,,,,,,,96,89,65,18,217.7,2745,10801,35,0,8.0,0.9;12.5;2.3;1.4;2.0;1.4;51.1;37.9;4.9;6.9;34.1;32.6;0.6;2.3;0.0;0.0;0.3;0.3;0.0;0.0;0.0;0.9;0.0;0.0,37.38,0.1,0.0,1.52,14.452,0.852,15087.0,15722.0,4,16,,,,,,,,,,,,,,,,,,,,,,,,,,,,,,,,,,,,,,,,,,,,,,,,,,,,,,,,,,,,,
10,9,,,,,,,100,100,66,18,219.2,2745,10801,35,0,8.7,0.9;27.3;1.8;2.6;1.5;2.4;32.4;29.1;7.3;8.2;25.6;64.4;0.0;0.3;0.0;0.0;0.6;0.0;0.0;0.0;0.0;0.3;0.6;0.0,37.37,0.1,0.01,1.55,14.452,0.852,18505.0,60351.0,4,16,,,,,,,,,,,,,,,,,,,,,,,,,,,,,,,,,,,,,,,,,,,,,,,,,,,,,,,,,,,,,
10,10,,,,,,,100,98,66,18,220.2,2745,10801,35,0,7.6,3.8;11.0;2.7;2.1;1.2;1.5;44.5;18.6;4.1;3.2;36.5;46.5;1.5;1.2;0.0;0.3;0.6;0.0;0.6;0.3;0.6;0.3;1.8;0.6,37.35,0.1,0.01,4.04,14.452,0.852,3613.0,29296.0,4,16,,,,,,,,,,,,,,,,,,,,,,,,,,,,,,,,,,,,,,,,,,,,,,,,,,,,,,,,,,,,,
10,11,,,,,,,96,87,66,19,220.7,2745,10801,36,0,7.4,0.3;14.8;2.4;2.1;0.3;0.3;43.2;32.1;5.9;2.9;24.4;45.3;1.2;0.9;0.0;0.0;0.3;0.0;0.0;0.6;0.0;0.6;0.0;0.0,37.35,0.1,0.0,0.13,14.452,0.852,4101.0,23437.0,4,16,,,,,,,,,,,,,,,,,,,,,,,,,,,,,,,,,,,,,,,,,,,,,,,,,,,,,,,,,,,,,
10,12,,,,,,,100,97,66,19,220.0,2745,10801,35,0,6.8,0.6;16.5;2.3;0.9;0.0;0.6;34.8;18.3;4.6;3.5;36.2;42.3;0.0;0.6;0.0;0.0;0.0;0.0;0.0;0.0;0.0;0.0;0.6;0.0,37.36,0.1,0.01,0.08,14.452,0.852,3906.0,31201.0,4,16,,,,,,,,,,,,,,,,,,,,,,,,,,,,,,,,,,,,,,,,,,,,,,,,,,,,,,,,,,,,,
10,13,,,,,,,100,95,65,18,219.5,2745,10801,36,0,7.4,0.9;13.7;2.6;0.9;0.9;0.3;38.1;31.1;6.1;5.3;30.2;45.2;0.3;0.6;0.0;0.0;0.0;0.0;0.0;0.0;0.0;0.0;0.3;0.0,37.35,0.1,0.0,0.13,14.452,0.852,14746.0,19531.0,4,16,,,,,,,,,,,,,,,,,,,,,,,,,,,,,,,,,,,,,,,,,,,,,,,,,,,,,,,,,,,,,
10,14,,,,,,,97,93,67,18,219.3,2745,10801,35,0,7.3,0.3;14.3;1.5;1.2;0.9;1.5;49.6;27.4;3.8;2.7;23.3;44.2;0.6;0.6;0.0;0.0;0.0;0.0;0.3;0.0;0.3;0.6;0.6;0.0,37.36,0.1,0.0,0.02,14.452,0.852,12939.0,12353.0,4,16,,,,,,,,,,,,,,,,,,,,,,,,,,,,,,,,,,,,,,,,,,,,,,,,,,,,,,,,,,,,,
10,15,,,,,,,96,92,65,17,218.4,2745,10801,36,0,7.4,1.5;14.0;1.2;2.6;2.1;0.9;30.8;35.5;4.4;6.5;27.5;47.9;0.6;0.3;0.0;0.0;0.0;0.0;0.0;0.3;0.0;0.0;0.0;0.0,37.34,0.1,0.0,0.1,14.452,0.852,3906.0,25537.0,4,16,,,,,,,,,,,,,,,,,,,,,,,,,,,,,,,,,,,,,,,,,,,,,,,,,,,,,,,,,,,,,
10,16,,,,,,,98,92,66,20,220.1,2745,10801,35,0,7.8,2.3;15.2;3.2;1.4;2.0;1.4;21.0;31.7;5.8;6.9;29.5;57.9;1.2;2.3;0.3;0.3;0.3;0.9;0.3;0.3;1.2;0.9;0.6;1.2,37.34,0.1,0.0,0.01,14.452,0.852,8544.0,11865.0,4,16,,,,,,,,,,,,,,,,,,,,,,,,,,,,,,,,,,,,,,,,,,,,,,,,,,,,,,,,,,,,,
10,17,,,,,,,98,96,66,20,218.3,2745,10801,36,0,7.6,0.9;19.0;2.1;2.4;2.1;0.6;43.5;30.4;2.6;6.2;32.0;38.1;0.3;0.0;0.0;0.0;0.0;0.6;0.3;0.3;0.0;0.0;0.0;0.0,37.34,0.1,0.01,0.08,14.452,0.852,7714.0,11767.0,4,16,,,,,,,,,,,,,,,,,,,,,,,,,,,,,,,,,,,,,,,,,,,,,,,,,,,,,,,,,,,,,
10,18,,,,,,,100,100,65,19,219.4,2745,10801,35,0,7.6,2.1;13.3;2.1;2.9;2.0;1.2;46.0;26.9;4.7;4.1;27.5;43.9;0.3;1.5;0.0;0.0;0.3;0.3;0.0;0.0;0.3;1.7;0.3;0.0,37.35,0.1,0.0,0.06,14.452,0.852,22607.0,58496.0,4,16,,,,,,,,,,,,,,,,,,,,,,,,,,,,,,,,,,,,,,,,,,,,,,,,,,,,,,,,,,,,,
10,19,,,,,,,100,98,67,19,219.8,2745,10801,36,0,9.1,2.6;18.6;5.0;5.6;2.1;3.2;20.6;43.5;5.3;8.5;28.6;61.7;1.8;2.4;0.0;0.9;0.0;1.5;0.3;0.9;1.5;0.0;0.6;0.9,37.34,0.1,0.0,0.01,14.452,0.852,25830.0,54199.0,4,16,,,,,,,,,,,,,,,,,,,,,,,,,,,,,,,,,,,,,,,,,,,,,,,,,,,,,,,,,,,,,
10,20,,,,,,,100,100,65,18,220.6,2745,10801,36,0,7.5,1.2;16.2;1.4;2.6;0.3;0.0;47.0;32.1;6.9;4.3;28.9;36.7;0.0;0.3;0.0;0.0;0.0;0.3;0.0;0.3;0.0;0.6;0.0;0.0,37.35,0.1,0.0,0.04,14.452,0.852,3564.0,69189.0,4,16,,,,,,,,,,,,,,,,,,,,,,,,,,,,,,,,,,,,,,,,,,,,,,,,,,,,,,,,,,,,,
10,21,,,,,,,100,93,65,19,220.1,2745,10801,35,0,8.4,2.4;15.1;2.4;2.4;2.1;1.5;62.6;19.6;8.2;3.5;30.4;39.6;1.2;0.9;0.0;0.6;1.2;0.3;0.6;0.3;0.6;3.8;0.9;0.3,37.34,0.1,0.01,0.07,14.452,0.852,3710.0,27734.0,4,16,,,,,,,,,,,,,,,,,,,,,,,,,,,,,,,,,,,,,,,,,,,,,,,,,,,,,,,,,,,,,
10,22,,,,,,,100,94,66,19,220.6,2745,10801,35,0,8.5,2.1;18.2;2.0;2.0;1.2;1.5;26.2;28.4;7.3;5.3;29.8;72.9;1.8;0.6;0.0;0.3;0.0;0.6;0.3;0.0;0.6;0.3;0.9;0.3,37.35,0.1,0.0,0.04,14.452,0.852,6298.0,140576.0,4,16,,,,,,,,,,,,,,,,,,,,,,,,,,,,,,,,,,,,,,,,,,,,,,,,,,,,,,,,,,,,,
10,23,,,,,,,96,92,65,19,220.3,2745,10801,35,0,7.5,0.9;13.8;2.4;1.8;0.0;0.6;47.8;27.4;5.0;4.1;27.4;47.1;0.3;0.0;0.0;0.0;0.0;0.0;0.0;0.0;0.0;0.0;0.6;0.0,37.35,0.1,0.0,0.02,14.452,0.852,4003.0,29345.0,4,16,,,,,,,,,,,,,,,,,,,,,,,,,,,,,,,,,,,,,,,,,,,,,,,,,,,,,,,,,,,,,
10,24,,,,,,,100,92,67,18,220.5,2745,10801,35,0,7.6,0.9;12.0;1.7;0.9;0.6;1.2;66.3;15.0;6.9;6.3;28.8;37.5;1.2;1.2;0.0;0.0;0.0;0.0;0.0;0.0;0.0;0.0;1.1;0.0,37.35,0.1,0.0,0.04,14.452,0.852,9667.0,28955.0,4,16,,,,,,,,,,,,,,,,,,,,,,,,,,,,,,,,,,,,,,,,,,,,,,,,,,,,,,,,,,,,,
10,25,,,,,,,96,86,66,19,221.6,2745,10801,35,0,9.1,2.3;18.5;7.0;2.9;1.5;0.9;36.7;28.4;9.1;8.5;39.0;52.3;1.2;1.2;0.6;0.6;1.2;1.2;0.0;0.6;0.0;0.3;2.6;1.8,37.35,0.1,0.0,0.05,14.452,0.852,8056.0,10205.0,4,16,,,,,,,,,,,,,,,,,,,,,,,,,,,,,,,,,,,,,,,,,,,,,,,,,,,,,,,,,,,,,
10,26,,,,,,,100,100,65,18,218.6,2745,10801,35,0,9.1,0.6;30.0;2.6;1.2;1.8;2.3;39.0;33.5;7.4;4.7;37.5;51.3;0.9;1.2;0.0;0.0;0.0;0.0;0.0;0.0;0.0;0.0;1.2;0.0,37.36,0.1,0.01,0.08,14.452,0.852,5517.0,23291.0,4,16,,,,,,,,,,,,,,,,,,,,,,,,,,,,,,,,,,,,,,,,,,,,,,,,,,,,,,,,,,,,,
10,27,,,,,,,100,97,64,18,219.1,2745,10801,36,0,7.1,1.8;12.4;0.9;0.9;0.6;0.3;65.0;26.2;3.8;3.5;22.9;28.8;0.6;0.6;0.0;0.0;0.0;1.5;0.0;0.0;0.0;0.6;0.0;0.0,37.35,0.1,0.0,0.07,14.452,0.852,3759.0,15576.0,4,16,,,,,,,,,,,,,,,,,,,,,,,,,,,,,,,,,,,,,,,,,,,,,,,,,,,,,,,,,,,,,
10,28,,,,,,,96,92,67,17,220.9,2745,10801,36,0,7.3,0.9;14.3;2.3;1.2;0.9;0.3;32.4;40.5;4.6;3.2;27.5;43.6;0.3;0.6;0.0;0.0;0.3;0.0;0.3;0.6;0.0;0.6;0.0;0.0,37.35,0.1,0.0,0.03,14.452,0.852,44970.0,54052.0,4,16,,,,,,,,,,,,,,,,,,,,,,,,,,,,,,,,,,,,,,,,,,,,,,,,,,,,,,,,,,,,,
10,29,,,,,,,100,96,65,17,221.4,2745,10801,36,0,7.9,2.6;12.9;4.7;0.6;1.2;2.9;22.0;34.3;5.0;5.9;31.0;55.8;1.8;1.2;0.3;0.0;0.3;0.3;0.0;0.0;0.6;0.3;3.5;1.2,37.36,0.1,0.0,0.04,14.452,0.852,15039.0,11132.0,4,16,,,,,,,,,,,,,,,,,,,,,,,,,,,,,,,,,,,,,,,,,,,,,,,,,,,,,,,,,,,,,
10,30,,,,,,,100,94,66,16,221.0,2745,10801,36,0,7.1,0.3;11.9;0.9;0.3;1.2;1.5;37.4;43.1;7.3;1.8;36.1;22.9;1.8;0.9;0.6;0.6;0.9;0.6;0.0;0.0;0.3;1.2;0.0;0.0,37.36,0.1,0.01,0.08,14.452,0.852,16113.0,31347.0,4,16,,,,,,,,,,,,,,,,,,,,,,,,,,,,,,,,,,,,,,,,,,,,,,,,,,,,,,,,,,,,,
10,31,,,,,,,98,91,67,17,221.7,2745,10801,35,0,7.2,2.6;11.7;1.5;0.9;0.3;0.6;21.9;58.2;5.8;2.9;20.5;43.3;0.3;0.3;0.0;0.0;0.0;0.0;0.0;0.0;0.0;0.6;0.6;0.0,37.36,0.1,0.0,0.02,14.452,0.852,6396.0,172802.0,4,16,,,,,,,,,,,,,,,,,,,,,,,,,,,,,,,,,,,,,,,,,,,,,,,,,,,,,,,,,,,,,
10,32,,,,,,,100,99,67,19,220.6,2745,10801,36,0,7.3,1.2;14.0;3.2;0.6;0.3;0.9;31.2;30.8;7.2;2.3;17.3;61.2;1.4;1.4;0.0;0.0;0.3;0.3;0.0;0.3;0.0;0.3;0.6;0.0,37.36,0.1,0.0,0.05,14.452,0.852,8154.0,11230.0,4,16,,,,,,,,,,,,,,,,,,,,,,,,,,,,,,,,,,,,,,,,,,,,,,,,,,,,,,,,,,,,,
10,33,,,,,,,96,89,66,18,221.1,2745,10801,36,0,7.1,0.9;13.7;1.2;1.2;0.9;0.3;33.0;50.6;3.8;3.8;30.2;28.7;0.9;0.6;0.0;0.0;0.0;0.0;0.0;0.0;0.0;0.0;0.0;0.0,37.36,0.1,0.0,0.04,14.452,0.852,15136.0,11962.0,4,16,,,,,,,,,,,,,,,,,,,,,,,,,,,,,,,,,,,,,,,,,,,,,,,,,,,,,,,,,,,,,
10,34,,,,,,,96,93,67,16,219.8,2745,10801,36,0,9.9,5.3;23.9;3.2;3.2;3.2;1.7;34.9;41.9;6.4;5.8;35.1;47.1;1.8;2.3;0.6;0.9;1.5;1.5;1.7;1.4;1.5;1.7;6.0;3.5,37.35,0.1,0.0,0.03,14.452,0.852,13232.0,32421.0,4,16,,,,,,,,,,,,,,,,,,,,,,,,,,,,,,,,,,,,,,,,,,,,,,,,,,,,,,,,,,,,,
10,35,,,,,,,100,96,66,17,218.8,2745,10801,36,0,7.7,0.9;12.0;2.7;3.5;0.9;1.5;27.4;27.1;8.8;4.7;22.7;66.4;1.2;1.2;0.0;0.0;0.3;0.0;0.0;0.0;0.6;2.0;0.0;0.3,37.36,0.1,0.01,0.06,14.452,0.852,13427.0,10498.0,4,16,,,,,,,,,,,,,,,,,,,,,,,,,,,,,,,,,,,,,,,,,,,,,,,,,,,,,,,,,,,,,
10,36,,,,,,,99,88,66,18,217.5,2745,10801,36,0,7.2,1.7;12.7;1.7;2.0;0.3;0.0;41.3;41.1;6.0;3.4;21.3;36.3;0.0;0.9;0.0;0.0;0.3;0.0;0.0;0.3;0.6;1.7;0.6;0.0,37.34,0.1,0.0,0.04,14.452,0.852,4052.0,14746.0,4,16,,,,,,,,,,,,,,,,,,,,,,,,,,,,,,,,,,,,,,,,,,,,,,,,,,,,,,,,,,,,,
10,37,,,,,,,96,83,66,18,219.9,2745,10801,36,0,8.1,1.8;14.6;3.8;3.0;2.4;0.9;33.5;41.3;8.0;5.9;23.1;52.5;0.6;0.9;0.0;0.0;0.3;0.3;0.0;0.0;0.3;0.3;0.9;0.6,37.35,0.1,0.0,0.03,14.452,0.852,29687.0,56542.0,4,16,,,,,,,,,,,,,,,,,,,,,,,,,,,,,,,,,,,,,,,,,,,,,,,,,,,,,,,,,,,,,
10,38,,,,,,,98,98,66,18,220.2,2745,10801,36,0,8.1,1.5;16.3;4.7;2.9;2.3;2.9;29.7;36.8;7.4;2.4;20.2;64.1;0.9;0.6;0.0;0.0;0.0;0.3;0.0;0.0;0.0;0.6;0.6;0.0,37.35,0.1,0.0,0.06,14.452,0.852,4150.0,24707.0,4,16,,,,,,,,,,,,,,,,,,,,,,,,,,,,,,,,,,,,,,,,,,,,,,,,,,,,,,,,,,,,,
10,39,,,,,,,100,97,66,19,220.2,2745,10801,36,0,8.8,2.9;16.6;4.4;2.6;2.6;1.5;64.2;33.0;10.6;3.5;25.1;33.5;1.2;1.2;0.0;0.0;0.3;0.6;0.0;0.0;0.9;4.0;0.0;0.6,37.34,0.1,0.0,0.06,14.452,0.852,3759.0,14404.0,4,16,,,,,,,,,,,,,,,,,,,,,,,,,,,,,,,,,,,,,,,,,,,,,,,,,,,,,,,,,,,,,
10,40,,,,,,,96,93,67,18,221.2,2745,10801,36,0,7.6,1.4;11.0;2.9;2.0;1.2;0.9;30.1;51.1;8.4;5.2;27.2;36.1;0.3;0.9;0.0;0.0;0.0;0.0;0.0;0.0;0.0;0.9;3.2;0.3,37.34,0.1,0.01,0.06,14.452,0.852,4052.0,18652.0,4,16,,,,,,,,,,,,,,,,,,,,,,,,,,,,,,,,,,,,,,,,,,,,,,,,,,,,,,,,,,,,,
10,41,,,,,,,97,92,65,17,220.3,2745,10801,35,0,7.8,1.2;11.1;2.4;1.5;2.1;0.9;44.3;21.0;7.9;1.2;24.0;65.7;0.6;0.6;0.0;0.0;0.3;0.3;0.0;0.0;0.3;0.3;1.2;0.3,37.34,0.1,0.0,0.03,14.452,0.852,5419.0,10205.0,4,16,,,,,,,,,,,,,,,,,,,,,,,,,,,,,,,,,,,,,,,,,,,,,,,,,,,,,,,,,,,,,
10,42,,,,,,,100,95,67,18,220.6,2745,10801,36,0,8.3,4.1;13.0;3.2;2.0;1.8;0.3;30.4;61.3;10.8;4.7;30.2;31.0;1.2;0.9;0.6;0.0;0.6;0.0;0.0;0.0;0.3;0.3;1.2;1.2,37.34,0.1,0.0,0.05,14.452,0.852,3515.0,16503.0,4,16,,,,,,,,,,,,,,,,,,,,,,,,,,,,,,,,,,,,,,,,,,,,,,,,,,,,,,,,,,,,,
10,43,,,,,,,100,95,66,18,220.6,2745,10801,36,0,9.4,0.9;20.6;4.7;2.6;2.1;2.3;32.5;60.1;9.7;7.0;34.6;39.9;1.5;0.6;0.0;0.0;0.9;0.3;0.0;0.0;0.6;2.3;0.6;0.9,37.33,0.1,0.0,0.05,14.452,0.852,10107.0,8251.0,4,16,,,,,,,,,,,,,,,,,,,,,,,,,,,,,,,,,,,,,,,,,,,,,,,,,,,,,,,,,,,,,
10,44,,,,,,,100,100,66,19,219.4,2745,10801,36,0,8.4,2.9;27.7;2.9;2.3;0.3;2.0;40.2;22.0;7.2;4.0;15.3;66.2;0.9;0.6;0.9;0.0;0.0;0.6;0.0;0.3;0.3;1.2;0.3;0.6,37.35,0.1,0.01,0.06,14.452,0.852,15820.0,10742.0,4,16,,,,,,,,,,,,,,,,,,,,,,,,,,,,,,,,,,,,,,,,,,,,,,,,,,,,,,,,,,,,,
10,45,,,,,,,99,94,65,18,219.0,2745,10801,36,0,6.3,0.6;13.3;1.5;0.3;0.9;0.6;61.1;25.4;5.6;5.3;17.4;17.1;0.9;0.3;0.0;0.0;0.3;0.0;0.3;0.3;0.0;0.9;0.0;0.0,37.34,0.1,0.01,0.09,14.452,0.852,28662.0,11718.0,4,16,,,,,,,,,,,,,,,,,,,,,,,,,,,,,,,,,,,,,,,,,,,,,,,,,,,,,,,,,,,,,
10,46,,,,,,,97,92,66,18,219.3,2745,10801,36,0,6.7,1.5;18.9;3.4;1.0;0.0;1.0;15.8;15.8;6.4;3.4;42.4;45.6;1.0;1.0;0.0;0.0;0.5;1.0;0.0;0.0;0.0;0.0;0.0;0.0,37.34,0.1,0.01,0.03,14.452,0.852,146.0,1708.0,4,16,,,,,,,,,,,,,,,,,,,,,,,,,,,,,,,,,,,,,,,,,,,,,,,,,,,,,,,,,,,,,
10,summary,0.4015788303324314,0.9842355944338947,0.39298546830625225,0.986839784073669,0.00099436,251.9,,,,,,,,,,,,,,,,,,,,,,19,96.72,100,21,92.46,100,58,65.63,67,16,18.22,23,157.3,218.57,221.7,2745.0,10801.0,35.6,0,6.3,8.8,51.2,37.33,37.36,37.5,63.16,0.1,0.1,0.1,19.04,0.0,0.0,0.02,0.01,0.69,7.8,10.736,13.6,14.452,14.45,14.452,15.992,0.852,0.85,0.852,146.0,11552.59,52978.0,1708.0,39926.07,240380.0,4,4.0,4,16,16.0,16,4,16,190.5,47.72
11,1,,,,,,,0,1,58,22,156.2,2745,10801,35,0,50.9,68.3;68.6;85.0;83.3;84.9;82.5;95.6;96.9;73.8;77.0;94.3;95.1;46.2;44.1;4.7;5.0;25.3;24.0;2.2;2.5;18.7;19.0;12.0;12.1,37.52,0.1,0.0,0.05,14.452,0.852,5371.0,209033.0,4,16,,,,,,,,,,,,,,,,,,,,,,,,,,,,,,,,,,,,,,,,,,,,,,,,,,,,,,,,,,,,,
11,2,,,,,,,96,92,65,18,219.5,2745,10801,35,0,7.2,1.8;12.4;1.5;1.2;0.6;0.6;26.8;50.9;8.6;3.5;23.2;39.2;1.2;0.3;0.0;0.0;0.0;0.0;0.0;0.6;0.0;0.6;0.0;0.0,37.45,0.1,0.02,15.95,14.452,0.852,7910.0,23339.0,4,16,,,,,,,,,,,,,,,,,,,,,,,,,,,,,,,,,,,,,,,,,,,,,,,,,,,,,,,,,,,,,
11,3,,,,,,,100,95,67,19,218.9,2745,10801,35,0,6.9,1.2;14.6;1.4;0.6;0.9;0.3;39.4;33.9;4.9;2.6;27.0;36.8;0.3;0.0;0.0;0.3;0.3;0.0;0.0;0.0;0.0;0.0;0.0;0.0,37.42,0.1,0.0,3.92,14.452,0.852,12597.0,17333.0,4,16,,,,,,,,,,,,,,,,,,,,,,,,,,,,,,,,,,,,,,,,,,,,,,,,,,,,,,,,,,,,,
11,4,,,,,,,100,96,65,18,220.3,2745,10801,35,0,7.4,0.9;11.4;2.4;2.1;1.2;1.2;31.4;29.2;5.9;3.2;20.6;65.9;0.6;1.2;0.0;0.0;0.0;0.3;0.0;0.0;0.0;0.0;0.3;0.0,37.39,0.1,0.0,3.27,14.452,0.852,4052.0,68603.0,4,16,,,,,,,,,,,,,,,,,,,,,,,,,,,,,,,,,,,,,,,,,,,,,,,,,,,,,,,,,,,,,
11,5,,,,,,,98,96,65,19,218.6,2745,10801,35,0,7.2,1.5;13.5;1.5;1.8;0.6;0.6;34.7;31.1;4.7;3.5;26.1;50.1;0.9;0.9;0.0;0.0;0.0;0.0;0.0;0.0;0.0;0.6;0.0;0.0,37.39,0.1,0.0,2.47,14.452,0.852,16552.0,10449.0,4,16,,,,,,,,,,,,,,,,,,,,,,,,,,,,,,,,,,,,,,,,,,,,,,,,,,,,,,,,,,,,,
11,6,,,,,,,100,100,66,19,219.4,2745,10801,35,0,7.2,0.9;15.5;2.1;0.9;0.0;0.6;47.7;34.9;6.2;4.1;30.7;26.7;0.6;0.6;0.0;0.0;0.0;0.0;0.0;0.0;0.0;0.0;0.6;0.0,37.37,0.1,0.0,2.27,14.452,0.852,3613.0,23486.0,4,16,,,,,,,,,,,,,,,,,,,,,,,,,,,,,,,,,,,,,,,,,,,,,,,,,,,,,,,,,,,,,
11,7,,,,,,,96,94,66,18,218.6,2745,10801,35,0,7.8,0.9;18.0;3.7;2.0;2.0;0.3;31.5;33.9;5.1;3.1;27.6;53.8;0.3;1.1;0.3;0.0;0.6;0.0;0.0;0.0;0.6;0.6;0.0;0.6,37.36,0.1,0.0,1.52,14.452,0.852,30615.0,381494.0,4,16,,,,,,,,,,,,,,,,,,,,,,,,,,,,,,,,,,,,,,,,,,,,,,,,,,,,,,,,,,,,,
11,8,,,,,,,100,97,65,19,218.3,2745,10801,35,0,7.6,2.4;14.3;2.9;0.9;1.2;1.5;15.6;52.2;5.9;3.2;29.5;44.1;1.5;0.9;0.0;0.0;0.6;0.6;0.0;0.3;0.6;2.6;0.3;0.6,37.36,0.1,0.01,1.54,14.452,0.852,12841.0,10302.0,4,16,,,,,,,,,,,,,,,,,,,,,,,,,,,,,,,,,,,,,,,,,,,,,,,,,,,,,,,,,,,,,
11,9,,,,,,,96,86,65,19,219.8,2745,10801,35,0,7.9,2.1;13.8;4.4;0.3;1.2;0.0;55.0;36.8;6.7;3.8;24.3;35.0;0.6;0.6;0.0;0.3;0.6;0.6;0.0;0.3;0.3;0.6;0.6;0.3,37.34,0.1,0.0,4.21,14.452,0.852,35351.0,62548.0,4,16,,,,,,,,,,,,,,,,,,,,,,,,,,,,,,,,,,,,,,,,,,,,,,,,,,,,,,,,,,,,,
11,10,,,,,,,96,93,67,17,219.6,2745,10801,35,0,7.6,2.6;12.2;3.8;2.9;1.2;1.5;19.1;38.5;5.6;5.9;26.9;56.8;0.9;0.9;0.3;0.0;0.6;0.3;0.0;0.3;0.0;1.2;0.6;0.0,37.33,0.1,0.0,0.04,14.452,0.852,3808.0,23730.0,4,16,,,,,,,,,,,,,,,,,,,,,,,,,,,,,,,,,,,,,,,,,,,,,,,,,,,,,,,,,,,,,
11,11,,,,,,,100,95,65,19,219.7,2745,10801,35,0,7.2,1.4;13.8;2.6;0.3;0.6;0.3;36.5;22.3;5.2;4.9;19.4;62.4;0.9;0.6;0.0;0.0;0.0;0.0;0.0;0.3;0.0;0.6;0.6;0.0,37.34,0.1,0.0,0.02,14.452,0.852,31298.0,23291.0,4,16,,,,,,,,,,,,,,,,,,,,,,,,,,,,,,,,,,,,,,,,,,,,,,,,,,,,,,,,,,,,,
11,12,,,,,,,96,94,66,19,218.9,2745,10801,35,0,8.7,4.1;16.3;4.4;3.2;0.9;1.2;55.3;39.8;8.2;3.5;27.4;29.8;1.5;0.9;0.6;0.6;0.9;0.6;0.3;0.6;1.2;0.3;4.0;1.5,37.34,0.1,0.01,0.07,14.452,0.852,12109.0,10400.0,4,16,,,,,,,,,,,,,,,,,,,,,,,,,,,,,,,,,,,,,,,,,,,,,,,,,,,,,,,,,,,,,
11,13,,,,,,,97,92,65,19,218.7,2745,10801,35,0,10.0,2.9;17.5;5.3;5.8;2.7;2.1;50.1;41.5;12.6;10.0;37.6;40.5;1.8;2.9;0.3;0.0;0.9;0.6;0.0;0.6;1.5;1.2;0.0;0.6,37.34,0.1,0.0,0.03,14.452,0.852,13427.0,11816.0,4,16,,,,,,,,,,,,,,,,,,,,,,,,,,,,,,,,,,,,,,,,,,,,,,,,,,,,,,,,,,,,,
11,14,,,,,,,98,97,65,19,219.0,2745,10801,35,0,8.1,0.9;27.1;2.1;1.2;0.9;1.2;43.2;17.9;5.6;5.6;23.8;57.5;0.9;0.3;0.0;0.0;0.9;0.0;0.0;0.0;0.9;0.6;0.0;0.6,37.35,0.1,0.0,0.04,14.452,0.852,6054.0,11914.0,4,16,,,,,,,,,,,,,,,,,,,,,,,,,,,,,,,,,,,,,,,,,,,,,,,,,,,,,,,,,,,,,
11,15,,,,,,,97,92,65,18,217.8,2745,10801,35,0,7.3,1.4;16.5;1.4;1.7;0.3;0.0;59.4;28.2;4.6;6.1;22.3;30.8;1.2;0.3;0.0;0.0;0.0;0.0;0.3;0.0;0.0;0.3;0.0;0.0,37.35,0.1,0.0,0.01,14.452,0.852,12890.0,12207.0,4,16,,,,,,,,,,,,,,,,,,,,,,,,,,,,,,,,,,,,,,,,,,,,,,,,,,,,,,,,,,,,,
11,16,,,,,,,100,100,65,19,218.1,2745,10801,35,0,7.2,0.9;20.1;1.2;1.2;0.9;0.3;38.5;31.3;1.8;5.0;47.1;20.5;0.9;0.9;0.0;0.0;0.0;0.0;0.0;0.0;0.0;0.0;0.0;0.3,37.34,0.1,0.01,0.08,14.452,0.852,9326.0,9912.0,4,16,,,,,,,,,,,,,,,,,,,,,,,,,,,,,,,,,,,,,,,,,,,,,,,,,,,,,,,,,,,,,
11,17,,,,,,,100,96,64,19,217.7,2745,10801,35,0,7.3,2.3;11.2;1.5;1.8;0.3;0.9;39.4;18.8;4.1;2.9;34.0;55.0;0.6;0.3;0.0;0.0;0.0;0.3;0.0;0.0;0.0;1.5;0.6;0.0,37.35,0.1,0.01,0.07,14.452,0.852,19091.0,10058.0,4,16,,,,,,,,,,,,,,,,,,,,,,,,,,,,,,,,,,,,,,,,,,,,,,,,,,,,,,,,,,,,,
11,18,,,,,,,96,86,66,20,219.0,2745,10801,35,0,7.6,0.6;13.8;3.2;1.5;0.9;1.2;63.5;15.2;5.9;6.2;36.2;31.2;0.6;1.2;0.0;0.0;0.0;0.3;0.3;0.0;0.0;0.6;0.3;0.0,37.35,0.1,0.0,0.03,14.452,0.852,38476.0,44531.0,4,16,,,,,,,,,,,,,,,,,,,,,,,,,,,,,,,,,,,,,,,,,,,,,,,,,,,,,,,,,,,,,
11,19,,,,,,,100,99,66,18,219.1,2745,10801,35,0,7.5,1.7;16.1;1.4;2.3;1.7;0.3;43.2;30.3;3.2;5.8;28.6;40.5;0.3;1.2;0.0;0.0;0.3;0.0;0.3;0.0;0.0;0.6;0.3;0.3,37.35,0.1,0.0,0.05,14.452,0.852,43457.0,44433.0,4,16,,,,,,,,,,,,,,,,,,,,,,,,,,,,,,,,,,,,,,,,,,,,,,,,,,,,,,,,,,,,,
11,20,,,,,,,100,93,64,18,219.6,2745,10801,35,0,7.5,0.9;13.5;1.2;2.1;0.9;0.6;27.1;27.6;3.5;6.2;41.9;51.5;0.9;0.3;0.0;0.0;0.0;0.0;0.0;0.0;0.0;0.0;0.3;0.6,37.35,0.1,0.0,0.05,14.452,0.852,7519.0,10595.0,4,16,,,,,,,,,,,,,,,,,,,,,,,,,,,,,,,,,,,,,,,,,,,,,,,,,,,,,,,,,,,,,
11,21,,,,,,,96,94,67,19,219.4,2745,10801,35,0,7.2,0.9;16.1;1.2;2.1;0.9;0.6;48.4;23.2;2.4;4.7;38.2;32.2;0.3;0.3;0.0;0.0;0.0;0.0;0.0;0.0;0.0;0.0;0.0;0.0,37.35,0.1,0.01,0.05,14.452,0.852,12890.0,11865.0,4,16,,,,,,,,,,,,,,,,,,,,,,,,,,,,,,,,,,,,,,,,,,,,,,,,,,,,,,,,,,,,,
11,22,,,,,,,97,90,67,19,219.0,2745,10801,35,0,7.7,0.6;24.1;1.5;1.2;0.3;0.9;53.5;25.4;3.2;7.9;20.2;42.2;0.0;0.6;0.0;0.6;0.0;0.0;0.0;0.0;0.0;0.0;1.2;0.0,37.37,0.1,0.0,0.06,14.452,0.852,39208.0,14794.0,4,16,,,,,,,,,,,,,,,,,,,,,,,,,,,,,,,,,,,,,,,,,,,,,,,,,,,,,,,,,,,,,
11,23,,,,,,,100,96,65,17,219.4,2745,10801,35,0,7.5,1.2;12.0;3.2;3.5;2.0;1.7;27.6;26.0;5.2;5.8;30.0;55.5;0.6;1.4;0.3;0.6;0.0;0.6;0.0;0.3;0.6;0.0;0.6;0.0,37.36,0.1,0.02,0.06,14.46,0.86,9570.0,10449.0,4,16,,,,,,,,,,,,,,,,,,,,,,,,,,,,,,,,,,,,,,,,,,,,,,,,,,,,,,,,,,,,,
11,24,,,,,,,100,100,65,17,219.0,2745,10801,35,0,9.4,4.7;19.7;4.7;4.7;2.9;2.9;54.4;29.2;7.6;9.0;33.9;41.3;2.0;1.2;1.2;0.0;0.3;0.6;0.3;0.9;0.3;0.3;1.2;0.6,37.36,0.1,0.0,0.08,14.457,0.857,4687.0,28955.0,4,16,,,,,,,,,,,,,,,,,,,,,,,,,,,,,,,,,,,,,,,,,,,,,,,,,,,,,,,,,,,,,
11,25,,,,,,,100,97,66,18,218.9,2745,10801,35,0,7.9,1.2;14.8;4.7;2.9;1.5;0.9;59.8;27.6;4.7;7.1;30.3;30.0;0.9;0.6;0.0;0.0;0.0;0.0;0.0;0.0;0.3;1.2;1.2;0.0,37.34,0.1,0.0,0.05,14.457,0.857,14697.0,11083.0,4,16,,,,,,,,,,,,,,,,,,,,,,,,,,,,,,,,,,,,,,,,,,,,,,,,,,,,,,,,,,,,,
11,26,,,,,,,100,95,65,18,218.4,2745,10801,35,0,8.3,1.2;16.6;3.5;2.1;2.4;0.6;28.2;27.9;4.4;10.0;33.8;61.1;1.2;0.9;0.3;0.0;0.0;0.3;0.6;0.3;0.0;0.0;2.0;0.6,37.35,0.1,0.01,0.09,14.457,0.857,13037.0,11718.0,4,16,,,,,,,,,,,,,,,,,,,,,,,,,,,,,,,,,,,,,,,,,,,,,,,,,,,,,,,,,,,,,
11,27,,,,,,,100,99,66,18,218.3,2745,10801,35,0,7.4,0.3;13.8;2.3;2.9;1.4;1.7;40.1;29.5;4.6;6.1;38.0;33.8;1.2;0.3;0.0;0.3;0.0;0.0;0.0;0.0;0.0;0.0;0.0;0.0,37.35,0.1,0.0,0.1,14.457,0.857,5224.0,10498.0,4,16,,,,,,,,,,,,,,,,,,,,,,,,,,,,,,,,,,,,,,,,,,,,,,,,,,,,,,,,,,,,,
11,28,,,,,,,100,91,64,19,218.9,2745,10801,35,0,8.0,1.2;12.0;1.8;3.8;0.3;0.9;58.9;35.0;3.5;7.3;32.0;30.6;0.3;0.6;0.0;0.0;0.3;0.3;0.0;0.0;0.3;0.0;1.7;0.9,37.35,0.1,0.0,0.13,14.457,0.857,26318.0,54199.0,4,16,,,,,,,,,,,,,,,,,,,,,,,,,,,,,,,,,,,,,,,,,,,,,,,,,,,,,,,,,,,,,
11,29,,,,,,,100,95,65,18,219.7,2745,10801,35,0,8.0,2.6;12.7;2.3;1.2;1.8;2.1;33.2;32.5;4.1;8.6;28.8;54.0;1.8;0.9;0.0;0.0;0.6;0.3;0.0;0.0;0.3;0.9;1.8;0.3,37.34,0.1,0.0,0.07,14.457,0.857,3515.0,50585.0,4,16,,,,,,,,,,,,,,,,,,,,,,,,,,,,,,,,,,,,,,,,,,,,,,,,,,,,,,,,,,,,,
11,30,,,,,,,96,91,66,19,218.6,2745,10801,35,0,8.7,2.6;11.2;3.2;2.9;2.4;1.8;53.7;26.1;4.4;12.0;42.8;39.9;1.5;0.9;0.0;0.0;0.3;0.0;0.0;0.3;0.0;0.0;0.6;0.0,37.33,0.1,0.02,0.05,14.457,0.857,3564.0,24023.0,4,16,,,,,,,,,,,,,,,,,,,,,,,,,,,,,,,,,,,,,,,,,,,,,,,,,,,,,,,,,,,,,
11,31,,,,,,,100,93,65,20,219.5,2745,10801,35,0,9.0,1.2;34.0;3.2;1.4;1.2;1.2;42.9;27.1;6.6;9.7;50.6;28.0;0.6;0.3;0.6;0.0;0.3;0.0;0.0;0.6;0.6;1.1;0.0;0.0,37.34,0.1,0.01,0.07,14.457,0.857,9033.0,13183.0,4,16,,,,,,,,,,,,,,,,,,,,,,,,,,,,,,,,,,,,,,,,,,,,,,,,,,,,,,,,,,,,,
11,32,,,,,,,96,86,65,20,220.7,2745,10801,35,0,7.3,1.8;8.8;1.8;2.1;0.3;0.9;38.1;20.6;5.6;6.5;41.6;43.1;1.2;0.6;0.3;0.0;0.3;0.6;0.0;0.6;0.3;0.0;0.3;0.0,37.34,0.1,0.0,0.04,14.457,0.857,7031.0,10498.0,4,16,,,,,,,,,,,,,,,,,,,,,,,,,,,,,,,,,,,,,,,,,,,,,,,,,,,,,,,,,,,,,
11,33,,,,,,,100,100,66,19,218.8,2745,10801,35,0,7.7,1.2;11.1;2.4;2.6;0.9;0.9;43.6;26.1;5.3;6.7;53.4;27.9;0.6;0.3;0.0;0.0;0.3;0.0;0.0;0.0;0.0;0.6;0.6;0.3,37.34,0.1,0.0,0.02,14.457,0.857,9863.0,19433.0,4,16,,,,,,,,,,,,,,,,,,,,,,,,,,,,,,,,,,,,,,,,,,,,,,,,,,,,,,,,,,,,,
11,34,,,,,,,100,96,65,18,219.4,2745,10801,35,0,7.7,2.6;12.4;2.6;1.8;1.8;1.5;63.9;22.0;1.2;6.7;30.5;31.1;0.6;0.9;0.0;0.3;0.0;0.9;0.0;0.3;0.3;0.0;1.7;1.2,37.35,0.1,0.0,0.06,14.457,0.857,3466.0,28173.0,4,16,,,,,,,,,,,,,,,,,,,,,,,,,,,,,,,,,,,,,,,,,,,,,,,,,,,,,,,,,,,,,
11,35,,,,,,,96,94,66,19,218.9,2745,10801,35,0,7.1,1.2;13.3;0.9;1.4;0.3;0.0;42.3;18.8;3.2;7.0;18.0;60.1;1.4;0.6;0.0;0.0;0.0;0.0;0.0;0.0;0.3;0.0;0.6;0.0,37.35,0.1,0.01,0.09,14.457,0.857,3613.0,28125.0,4,16,,,,,,,,,,,,,,,,,,,,,,,,,,,,,,,,,,,,,,,,,,,,,,,,,,,,,,,,,,,,,
11,36,,,,,,,96,92,65,18,218.5,2745,10801,35,0,7.5,2.3;15.3;1.2;2.1;0.9;0.6;45.2;24.6;2.6;6.5;35.5;37.0;0.6;0.9;0.0;0.0;0.3;0.0;0.0;0.0;0.3;0.9;0.6;0.6,37.35,0.1,0.0,0.03,14.457,0.857,11279.0,10937.0,4,16,,,,,,,,,,,,,,,,,,,,,,,,,,,,,,,,,,,,,,,,,,,,,,,,,,,,,,,,,,,,,
11,37,,,,,,,96,88,64,19,218.9,2745,10801,35,0,7.4,0.6;14.0;1.2;2.6;0.6;0.6;68.8;19.3;4.4;5.9;18.2;37.8;0.3;0.6;0.0;0.6;0.6;0.0;0.0;0.0;0.0;0.6;0.6;0.6,37.36,0.1,0.01,0.09,14.457,0.857,20800.0,48730.0,4,16,,,,,,,,,,,,,,,,,,,,,,,,,,,,,,,,,,,,,,,,,,,,,,,,,,,,,,,,,,,,,
11,38,,,,,,,96,92,65,20,218.3,2745,10801,35,0,8.9,4.7;17.8;4.4;5.0;1.8;2.9;47.9;26.8;5.0;6.8;18.8;56.8;2.4;1.8;0.0;0.6;0.3;1.2;0.9;0.3;1.2;0.6;3.8;1.2,37.36,0.1,0.0,0.06,14.457,0.857,9326.0,11816.0,4,16,,,,,,,,,,,,,,,,,,,,,,,,,,,,,,,,,,,,,,,,,,,,,,,,,,,,,,,,,,,,,
11,39,,,,,,,96,93,65,19,219.0,2745,10801,35,0,7.5,1.1;16.4;3.5;1.4;0.3;0.3;35.7;21.9;3.2;5.2;40.1;48.6;0.3;1.7;0.0;0.0;0.3;0.0;0.0;0.0;0.3;0.0;0.0;0.0,37.35,0.1,0.0,0.02,14.457,0.857,3857.0,14160.0,4,16,,,,,,,,,,,,,,,,,,,,,,,,,,,,,,,,,,,,,,,,,,,,,,,,,,,,,,,,,,,,,
11,40,,,,,,,99,99,65,19,219.3,2745,10801,35,0,7.8,0.3;15.6;2.6;2.3;2.0;2.6;55.3;19.6;2.9;7.9;19.4;51.9;0.3;1.2;0.0;0.0;0.3;0.0;0.0;0.0;0.3;0.9;0.3;0.3,37.35,0.1,0.01,0.05,14.457,0.857,4052.0,26513.0,4,16,,,,,,,,,,,,,,,,,,,,,,,,,,,,,,,,,,,,,,,,,,,,,,,,,,,,,,,,,,,,,
11,41,,,,,,,100,100,66,18,220.0,2745,10801,35,0,7.6,1.5;16.3;2.7;1.5;2.1;2.1;51.0;28.9;2.9;5.3;12.4;53.1;1.2;0.6;0.0;0.0;0.0;0.0;0.0;0.0;0.0;0.0;0.9;0.0,37.36,0.1,0.0,0.04,14.457,0.857,16650.0,12695.0,4,16,,,,,,,,,,,,,,,,,,,,,,,,,,,,,,,,,,,,,,,,,,,,,,,,,,,,,,,,,,,,,
11,42,,,,,,,96,87,65,18,219.9,2745,10801,35,0,8.5,2.3;18.4;2.6;4.1;2.6;1.5;39.9;36.0;3.8;10.0;26.1;47.8;1.5;0.9;0.0;0.3;1.2;0.6;0.0;0.0;1.2;1.8;0.0;1.2,37.35,0.1,0.01,0.05,14.457,0.857,39453.0,129003.0,4,16,,,,,,,,,,,,,,,,,,,,,,,,,,,,,,,,,,,,,,,,,,,,,,,,,,,,,,,,,,,,,
11,43,,,,,,,100,99,66,18,219.9,2745,10801,35,0,7.8,1.2;16.3;2.0;2.3;1.4;0.9;46.1;32.5;4.3;8.4;23.6;44.2;0.9;0.9;0.0;0.3;0.0;0.3;0.0;0.0;0.6;0.3;0.9;0.0,37.34,0.1,0.0,0.01,14.457,0.857,6152.0,12255.0,4,16,,,,,,,,,,,,,,,,,,,,,,,,,,,,,,,,,,,,,,,,,,,,,,,,,,,,,,,,,,,,,
11,44,,,,,,,100,95,66,18,220.2,2745,10801,35,0,8.8,3.5;12.3;2.9;3.5;2.3;2.9;52.6;42.1;10.6;7.6;21.6;41.1;0.6;1.2;0.3;0.0;0.6;0.6;0.0;0.0;1.2;1.8;0.9;1.2,37.35,0.1,0.0,0.07,14.457,0.857,13720.0,30468.0,4,16,,,,,,,,,,,,,,,,,,,,,,,,,,,,,,,,,,,,,,,,,,,,,,,,,,,,,,,,,,,,,
11,45,,,,,,,97,93,64,18,219.3,2745,10801,35,0,6.6,0.0;12.7;1.8;1.8;0.0;0.6;11.2;52.1;2.6;4.7;31.8;37.2;0.0;0.0;0.0;0.0;0.0;0.0;0.0;0.3;0.0;1.2;0.0;0.0,37.34,0.1,0.01,0.1,14.457,0.857,58154.0,181396.0,4,16,,,,,,,,,,,,,,,,,,,,,,,,,,,,,,,,,,,,,,,,,,,,,,,,,,,,,,,,,,,,,
11,46,,,,,,,100,96,66,20,220.3,2745,10801,35,0,6.8,2.0;16.8;1.5;2.5;0.5;1.5;25.2;13.7;2.0;5.4;78.7;10.8;0.0;0.5;0.0;0.0;0.0;0.0;0.0;0.0;0.5;0.0;2.0;0.0,37.34,0.1,0.0,0.04,14.457,0.857,341.0,537.0,4,16,,,,,,,,,,,,,,,,,,,,,,,,,,,,,,,,,,,,,,,,,,,,,,,,,,,,,,,,,,,,,
11,summary,0.40069090725587136,0.9845718021355415,0.4045081445498107,0.9820767032424231,0.00099312,251.9,,,,,,,,,,,,,,,,,,,,,,0,96.15,100,1,92.28,100,58,65.22,67,17,18.67,22,156.2,217.77,220.7,2745.0,10801.0,35.0,0,6.6,8.7,50.9,37.33,37.36,37.52,63.16,0.1,0.1,0.1,19.04,0.0,0.0,0.02,0.01,0.81,15.95,10.734,13.6,14.452,14.45,14.46,15.992,0.852,0.85,0.86,341.0,14692.54,58154.0,537.0,39686.2,381494.0,4,4.0,4,16,16.0,16,4,16,191.17,47.06
12,1,,,,,,,1,1,58,26,159.7,2745,10801,35,0,51.8,70.1;70.0;80.3;81.0;87.0;85.2;96.4;96.8;70.4;78.6;94.9;95.9;44.8;48.2;4.6;5.4;26.5;33.3;2.5;3.6;20.1;20.4;12.7;13.4,37.51,0.1,0.0,0.03,14.457,0.857,54003.0,44433.0,4,16,,,,,,,,,,,,,,,,,,,,,,,,,,,,,,,,,,,,,,,,,,,,,,,,,,,,,,,,,,,,,
12,2,,,,,,,96,92,64,20,210.7,2745,10801,35,0,7.3,1.5;17.9;2.3;3.2;0.6;0.3;26.5;23.3;2.0;6.1;26.7;61.3;0.6;0.0;0.0;0.3;0.0;0.3;0.0;0.0;0.3;0.6;0.3;0.0,37.46,0.1,0.0,7.7,14.457,0.857,3955.0,26416.0,4,16,,,,,,,,,,,,,,,,,,,,,,,,,,,,,,,,,,,,,,,,,,,,,,,,,,,,,,,,,,,,,
12,3,,,,,,,100,95,65,19,219.7,2745,10801,35,0,7.7,2.6;14.0;3.2;2.3;1.2;1.2;58.9;20.2;2.6;6.5;26.4;39.4;0.9;0.9;0.0;0.0;0.6;0.6;0.0;0.3;0.3;0.3;1.2;0.9,37.43,0.1,0.01,4.43,14.457,0.857,13183.0,10791.0,4,16,,,,,,,,,,,,,,,,,,,,,,,,,,,,,,,,,,,,,,,,,,,,,,,,,,,,,,,,,,,,,
12,4,,,,,,,98,89,66,19,220.4,2745,10801,35,0,6.9,0.6;11.9;1.2;2.1;0.9;0.6;48.2;32.8;1.8;5.6;28.8;29.0;0.6;0.3;0.0;0.0;0.0;0.0;0.0;0.0;0.0;0.6;0.0;0.0,37.42,0.1,0.0,2.84,14.457,0.857,3955.0,24755.0,4,16,,,,,,,,,,,,,,,,,,,,,,,,,,,,,,,,,,,,,,,,,,,,,,,,,,,,,,,,,,,,,
12,5,,,,,,,99,99,66,19,219.0,2745,10801,35,0,7.3,0.6;15.5;0.6;0.6;0.0;0.0;29.6;27.0;4.4;6.7;33.7;51.6;1.2;0.3;0.0;0.0;0.3;0.0;0.0;0.0;0.0;0.3;1.5;0.0,37.41,0.1,0.0,3.05,14.457,0.857,4931.0,71972.0,4,16,,,,,,,,,,,,,,,,,,,,,,,,,,,,,,,,,,,,,,,,,,,,,,,,,,,,,,,,,,,,,
12,6,,,,,,,100,94,67,19,219.6,2745,10801,35,0,7.3,1.4;15.1;1.2;2.0;0.6;2.0;53.5;20.9;3.5;3.5;24.8;41.2;1.2;0.3;0.0;0.0;0.0;0.3;0.0;0.0;0.6;1.8;0.9;0.0,37.39,0.1,0.0,2.47,14.457,0.857,16308.0,10449.0,4,16,,,,,,,,,,,,,,,,,,,,,,,,,,,,,,,,,,,,,,,,,,,,,,,,,,,,,,,,,,,,,
12,7,,,,,,,96,94,65,19,218.8,2745,10801,35,0,8.0,2.1;14.3;3.2;2.6;2.6;2.3;53.4;32.2;4.4;6.1;31.6;31.0;0.3;1.8;0.0;0.0;1.2;0.3;0.3;0.0;0.3;0.3;0.9;0.6,37.38,0.1,0.01,2.09,14.457,0.857,3759.0,22900.0,4,16,,,,,,,,,,,,,,,,,,,,,,,,,,,,,,,,,,,,,,,,,,,,,,,,,,,,,,,,,,,,,
12,8,,,,,,,96,91,66,19,217.8,2745,10801,35,0,7.1,0.6;12.7;1.5;2.4;0.3;0.6;28.3;29.5;2.7;7.4;33.2;49.1;0.3;0.3;0.0;0.0;0.0;0.0;0.0;0.0;0.3;0.0;0.6;0.0,37.38,0.1,0.01,1.59,14.457,0.857,3808.0,14794.0,4,16,,,,,,,,,,,,,,,,,,,,,,,,,,,,,,,,,,,,,,,,,,,,,,,,,,,,,,,,,,,,,
12,9,,,,,,,100,94,65,18,219.4,2745,10801,35,0,8.8,1.8;16.1;4.7;3.2;2.9;1.5;45.6;24.7;5.6;9.1;41.8;38.9;2.6;2.4;0.0;0.6;1.8;2.1;0.3;0.3;0.3;1.2;0.9;0.9,37.36,0.1,0.0,1.54,14.457,0.857,45898.0,404492.0,4,16,,,,,,,,,,,,,,,,,,,,,,,,,,,,,,,,,,,,,,,,,,,,,,,,,,,,,,,,,,,,,
12,10,,,,,,,95,44,66,19,210.6,2745,10801,35,0,7.4,1.2;12.3;4.3;2.3;2.6;2.0;62.2;21.8;5.2;5.8;27.6;29.1;0.6;0.3;0.0;0.0;0.3;0.0;0.0;0.0;0.0;0.3;0.0;0.0,37.36,0.1,0.0,3.97,14.457,0.857,25537.0,11865.0,4,16,,,,,,,,,,,,,,,,,,,,,,,,,,,,,,,,,,,,,,,,,,,,,,,,,,,,,,,,,,,,,
12,11,,,,,,,96,92,66,18,219.3,2745,10801,35,0,7.8,1.7;16.3;2.0;2.9;1.2;0.9;39.1;23.1;5.5;4.1;12.6;71.5;1.5;0.9;0.0;0.0;0.6;0.6;0.0;0.0;0.0;0.0;1.5;0.0,37.35,0.1,0.0,0.09,14.457,0.857,13525.0,35791.0,4,16,,,,,,,,,,,,,,,,,,,,,,,,,,,,,,,,,,,,,,,,,,,,,,,,,,,,,,,,,,,,,
12,12,,,,,,,100,95,66,18,220.7,2745,10801,35,0,7.8,1.5;15.0;0.9;2.9;0.9;2.3;32.0;39.6;4.7;7.6;23.4;50.3;1.2;0.3;0.0;0.0;0.3;0.3;0.0;0.0;0.6;0.9;0.6;0.3,37.35,0.1,0.01,0.07,14.457,0.857,3417.0,92480.0,4,16,,,,,,,,,,,,,,,,,,,,,,,,,,,,,,,,,,,,,,,,,,,,,,,,,,,,,,,,,,,,,
12,13,,,,,,,94,90,67,18,219.6,2745,10801,35,0,8.4,1.2;12.8;3.5;3.5;1.8;1.8;60.2;35.3;8.5;7.4;25.9;34.4;1.2;1.5;0.0;0.0;0.0;0.0;0.3;0.0;0.6;0.0;0.0;0.0,37.34,0.1,0.0,0.06,14.457,0.857,4101.0,24072.0,4,16,,,,,,,,,,,,,,,,,,,,,,,,,,,,,,,,,,,,,,,,,,,,,,,,,,,,,,,,,,,,,
12,14,,,,,,,100,93,64,18,211.6,2745,10801,35,0,7.5,1.4;11.3;2.0;1.4;0.3;0.0;31.9;45.8;4.1;6.1;19.7;51.3;0.6;0.3;0.0;0.0;0.3;0.0;0.3;0.0;0.9;0.9;0.0;0.3,37.34,0.1,0.0,0.02,14.457,0.857,4003.0,14355.0,4,16,,,,,,,,,,,,,,,,,,,,,,,,,,,,,,,,,,,,,,,,,,,,,,,,,,,,,,,,,,,,,
12,15,,,,,,,96,94,69,17,219.9,2745,10801,35,0,8.0,1.5;14.2;1.2;1.8;2.0;0.0;33.4;40.9;6.5;3.5;30.3;52.3;0.3;0.6;0.0;0.0;0.0;0.0;0.3;0.0;0.0;0.6;0.6;0.0,37.34,0.1,0.0,0.06,14.457,0.857,13574.0,10400.0,4,16,,,,,,,,,,,,,,,,,,,,,,,,,,,,,,,,,,,,,,,,,,,,,,,,,,,,,,,,,,,,,
12,16,,,,,,,97,94,67,17,219.4,2745,10801,35,0,8.1,1.2;18.4;3.2;2.0;1.8;1.8;62.0;25.2;5.6;5.0;26.4;36.9;0.9;0.3;0.0;0.0;0.6;0.0;0.0;0.0;0.3;0.6;1.2;0.0,37.34,0.1,0.0,0.02,14.457,0.857,3613.0,23974.0,4,16,,,,,,,,,,,,,,,,,,,,,,,,,,,,,,,,,,,,,,,,,,,,,,,,,,,,,,,,,,,,,
12,17,,,,,,,99,100,66,18,217.8,2745,10801,35,0,8.0,1.8;13.3;2.1;2.6;0.6;1.2;46.9;32.7;5.0;7.9;25.7;47.2;0.6;0.0;0.3;0.0;0.0;0.0;0.0;0.3;0.6;1.2;0.3;0.3,37.34,0.1,0.01,0.07,14.457,0.857,43847.0,10058.0,4,16,,,,,,,,,,,,,,,,,,,,,,,,,,,,,,,,,,,,,,,,,,,,,,,,,,,,,,,,,,,,,
12,18,,,,,,,100,94,67,18,219.8,2745,10801,35,0,8.9,0.9;23.8;2.9;2.6;0.6;1.4;29.2;31.1;6.1;8.7;44.2;57.5;0.6;0.6;0.0;0.0;0.0;0.0;0.0;0.0;0.0;0.0;0.6;0.0,37.35,0.1,0.01,0.09,14.457,0.857,31347.0,51757.0,4,16,,,,,,,,,,,,,,,,,,,,,,,,,,,,,,,,,,,,,,,,,,,,,,,,,,,,,,,,,,,,,
12,19,,,,,,,96,92,66,18,219.4,2745,10801,35,0,7.5,2.3;16.3;2.4;1.8;1.2;0.3;37.1;40.6;4.7;5.9;21.8;42.1;0.6;0.3;0.0;0.0;0.0;0.0;0.0;0.0;0.6;2.6;0.0;0.0,37.34,0.1,0.0,0.02,14.457,0.857,35839.0,47314.0,4,16,,,,,,,,,,,,,,,,,,,,,,,,,,,,,,,,,,,,,,,,,,,,,,,,,,,,,,,,,,,,,
12,20,,,,,,,100,100,65,18,219.6,2745,10801,35,0,7.0,1.2;10.9;2.7;0.0;0.9;0.3;42.1;41.0;4.7;4.7;25.0;31.3;0.6;0.6;0.0;0.0;0.0;0.0;0.0;0.3;0.0;1.2;0.0;0.0,37.35,0.1,0.0,0.04,14.457,0.857,5712.0,10400.0,4,16,,,,,,,,,,,,,,,,,,,,,,,,,,,,,,,,,,,,,,,,,,,,,,,,,,,,,,,,,,,,,
12,21,,,,,,,96,87,66,17,220.2,2745,10801,35,0,7.5,1.8;13.5;2.1;2.1;0.9;1.5;20.5;26.7;6.2;7.0;39.8;53.1;0.6;0.6;0.3;0.0;0.3;0.0;0.3;0.0;0.9;0.6;0.3;0.6,37.34,0.1,0.0,0.03,14.457,0.857,12792.0,14794.0,4,16,,,,,,,,,,,,,,,,,,,,,,,,,,,,,,,,,,,,,,,,,,,,,,,,,,,,,,,,,,,,,
12,22,,,,,,,92,43,63,20,214.2,2745,10801,35,0,8.0,2.3;14.2;3.5;2.3;0.9;1.7;52.3;15.6;6.6;4.9;35.4;41.4;1.2;0.9;0.3;0.0;0.9;0.6;0.3;0.0;0.9;2.0;3.1;1.4,37.35,0.1,0.01,0.05,14.457,0.857,9570.0,11865.0,4,16,,,,,,,,,,,,,,,,,,,,,,,,,,,,,,,,,,,,,,,,,,,,,,,,,,,,,,,,,,,,,
12,23,,,,,,,100,95,65,17,219.9,2745,10801,35,0,7.0,0.6;14.8;1.2;0.6;0.6;0.6;47.9;19.4;5.0;2.4;29.1;44.1;0.9;0.3;0.0;0.0;0.0;0.0;0.0;0.0;0.0;0.6;0.6;0.0,37.35,0.1,0.0,0.04,14.457,0.857,3857.0,14892.0,4,16,,,,,,,,,,,,,,,,,,,,,,,,,,,,,,,,,,,,,,,,,,,,,,,,,,,,,,,,,,,,,
12,24,,,,,,,97,94,67,17,219.5,2745,10801,35,0,7.8,0.9;16.8;2.4;2.3;1.8;1.8;29.6;31.7;7.0;4.7;45.9;37.5;0.9;0.0;0.0;0.6;0.0;0.3;0.3;0.3;0.0;0.6;0.6;0.6,37.34,0.1,0.0,0.04,14.457,0.857,3906.0,99707.0,4,16,,,,,,,,,,,,,,,,,,,,,,,,,,,,,,,,,,,,,,,,,,,,,,,,,,,,,,,,,,,,,
12,25,,,,,,,96,93,66,19,218.8,2745,10801,35,0,7.0,0.9;13.2;2.4;0.0;0.6;0.6;43.8;20.0;4.1;2.9;32.4;44.1;0.3;0.3;0.0;0.0;0.6;0.0;0.0;0.0;0.3;0.0;0.0;0.6,37.34,0.1,0.01,0.06,14.457,0.857,13964.0,10791.0,4,16,,,,,,,,,,,,,,,,,,,,,,,,,,,,,,,,,,,,,,,,,,,,,,,,,,,,,,,,,,,,,
12,26,,,,,,,100,95,65,19,209.6,2745,10801,35,0,8.1,2.9;13.5;3.7;1.7;1.7;2.3;41.0;34.5;6.9;4.6;37.5;35.9;1.7;0.6;0.0;0.6;0.6;0.6;0.0;0.3;0.9;1.4;0.0;0.3,37.35,0.1,0.01,0.04,14.457,0.857,3906.0,40429.0,4,16,,,,,,,,,,,,,,,,,,,,,,,,,,,,,,,,,,,,,,,,,,,,,,,,,,,,,,,,,,,,,
12,27,,,,,,,96,90,65,19,217.8,2745,10801,35,0,6.9,0.6;13.0;2.1;0.3;0.0;0.3;25.1;24.4;6.2;2.7;31.3;57.8;0.9;0.6;0.0;0.0;0.0;0.0;0.0;0.0;0.6;0.0;0.0;0.0,37.34,0.1,0.0,0.08,14.457,0.857,4199.0,25878.0,4,16,,,,,,,,,,,,,,,,,,,,,,,,,,,,,,,,,,,,,,,,,,,,,,,,,,,,,,,,,,,,,
12,28,,,,,,,98,96,65,20,219.1,2745,10801,35,0,7.3,1.2;11.2;2.4;1.2;0.6;0.9;47.6;20.9;7.1;4.7;25.9;48.4;0.3;0.0;0.0;0.0;0.6;0.0;0.3;0.0;0.0;0.3;1.2;0.0,37.35,0.1,0.0,0.03,14.457,0.857,34716.0,62158.0,4,16,,,,,,,,,,,,,,,,,,,,,,,,,,,,,,,,,,,,,,,,,,,,,,,,,,,,,,,,,,,,,
12,29,,,,,,,100,100,65,18,219.9,2745,10801,36,0,7.0,1.5;12.2;0.9;0.9;0.6;0.0;67.6;12.6;4.7;2.9;32.6;28.4;0.0;0.0;0.0;0.0;0.0;0.3;0.0;0.0;0.3;0.0;1.5;0.9,37.35,0.1,0.07,0.17,14.457,0.857,3662.0,19189.0,4,16,,,,,,,,,,,,,,,,,,,,,,,,,,,,,,,,,,,,,,,,,,,,,,,,,,,,,,,,,,,,,
12,30,,,,,,,96,85,65,19,220.6,2745,10801,35,0,7.3,2.6;11.0;3.2;2.0;1.2;0.6;32.5;22.9;7.8;2.6;25.8;59.7;0.9;0.9;0.0;0.3;0.3;0.9;0.3;0.0;0.0;0.0;0.0;0.0,37.35,0.1,0.0,0.09,14.457,0.857,3857.0,29150.0,4,16,,,,,,,,,,,,,,,,,,,,,,,,,,,,,,,,,,,,,,,,,,,,,,,,,,,,,,,,,,,,,
12,31,,,,,,,100,100,65,18,220.1,2745,10801,35,0,8.0,2.9;14.6;3.5;2.6;1.8;2.3;35.9;27.1;6.8;3.2;26.8;57.6;0.9;1.8;0.3;0.0;0.3;0.3;0.3;0.0;0.6;0.0;2.0;0.6,37.35,0.1,0.01,0.06,14.457,0.857,9521.0,10498.0,4,16,,,,,,,,,,,,,,,,,,,,,,,,,,,,,,,,,,,,,,,,,,,,,,,,,,,,,,,,,,,,,
12,32,,,,,,,100,93,64,18,220.2,2745,10801,35,0,7.7,1.2;15.7;0.9;2.1;0.6;1.5;41.9;36.3;6.5;4.7;41.8;28.4;0.9;0.6;0.0;0.0;0.0;0.3;0.0;0.0;0.3;0.0;0.0;0.0,37.34,0.1,0.0,0.02,14.457,0.857,3320.0,40429.0,4,16,,,,,,,,,,,,,,,,,,,,,,,,,,,,,,,,,,,,,,,,,,,,,,,,,,,,,,,,,,,,,
12,33,,,,,,,96,94,67,18,220.4,2745,10801,35,0,7.5,0.3;12.2;2.4;0.3;1.2;0.6;46.5;19.9;3.2;6.1;32.4;52.2;0.3;0.3;0.0;0.0;0.0;0.0;0.9;0.0;0.0;0.0;0.0;0.0,37.35,0.1,0.0,0.06,14.457,0.857,3320.0,14404.0,4,16,,,,,,,,,,,,,,,,,,,,,,,,,,,,,,,,,,,,,,,,,,,,,,,,,,,,,,,,,,,,,
12,34,,,,,,,94,65,64,18,216.3,2745,10801,35,0,7.0,0.3;12.0;2.6;1.2;0.3;0.6;30.1;34.5;4.1;5.2;18.8;56.2;0.0;0.0;0.0;0.0;0.0;0.3;0.0;0.0;0.0;0.6;0.0;0.0,37.34,0.1,0.0,0.05,14.457,0.857,4003.0,27001.0,4,16,,,,,,,,,,,,,,,,,,,,,,,,,,,,,,,,,,,,,,,,,,,,,,,,,,,,,,,,,,,,,
12,35,,,,,,,100,92,66,18,219.3,2745,10801,35,0,8.2,0.6;14.3;3.2;2.6;0.9;0.6;69.8;26.9;7.3;6.7;28.8;31.2;0.0;0.9;0.0;0.0;0.3;0.3;0.0;0.0;0.6;1.2;0.0;0.6,37.34,0.1,0.0,0.04,14.457,0.857,3808.0,19091.0,4,16,,,,,,,,,,,,,,,,,,,,,,,,,,,,,,,,,,,,,,,,,,,,,,,,,,,,,,,,,,,,,
12,36,,,,,,,96,88,66,18,218.2,2745,10801,36,0,8.3,2.1;25.3;2.3;1.8;0.9;0.9;35.3;31.8;6.8;3.5;21.1;59.7;1.8;0.3;0.0;0.0;0.3;0.9;0.0;0.0;0.0;0.0;1.7;0.0,37.34,0.1,0.01,0.05,14.457,0.857,16113.0,10595.0,4,16,,,,,,,,,,,,,,,,,,,,,,,,,,,,,,,,,,,,,,,,,,,,,,,,,,,,,,,,,,,,,
12,37,,,,,,,96,89,65,19,219.8,2745,10801,35,0,8.4,1.8;12.6;5.0;2.4;2.4;2.4;36.4;23.3;5.0;3.8;22.2;71.8;3.2;1.8;0.9;0.3;0.9;2.4;0.3;0.0;0.9;1.5;0.9;0.3,37.35,0.1,0.0,0.08,14.457,0.857,30761.0,65039.0,4,16,,,,,,,,,,,,,,,,,,,,,,,,,,,,,,,,,,,,,,,,,,,,,,,,,,,,,,,,,,,,,
12,38,,,,,,,100,90,65,17,211.0,2745,10801,35,0,7.7,2.9;15.2;2.0;2.9;2.6;1.7;47.1;29.7;8.6;3.2;23.1;38.6;0.9;0.6;0.3;0.3;0.3;0.0;0.3;0.0;0.6;2.0;0.3;0.0,37.35,0.1,0.0,0.02,14.457,0.857,12500.0,10937.0,4,16,,,,,,,,,,,,,,,,,,,,,,,,,,,,,,,,,,,,,,,,,,,,,,,,,,,,,,,,,,,,,
12,39,,,,,,,100,95,66,18,220.7,2745,10801,35,0,7.4,1.8;11.7;3.0;0.6;1.8;0.6;30.5;35.5;5.0;4.1;24.3;52.1;0.9;2.1;0.0;0.0;0.9;0.6;0.0;0.0;0.3;0.3;0.3;0.3,37.34,0.1,0.01,0.04,14.457,0.857,4345.0,30468.0,4,16,,,,,,,,,,,,,,,,,,,,,,,,,,,,,,,,,,,,,,,,,,,,,,,,,,,,,,,,,,,,,
12,40,,,,,,,97,87,66,18,221.0,2745,10801,35,0,7.9,1.5;16.2;4.1;0.3;0.9;0.9;36.5;16.9;6.7;4.4;40.2;54.1;0.6;0.3;0.0;0.0;0.9;0.3;0.0;0.0;1.2;1.2;0.6;0.6,37.35,0.1,0.01,0.07,14.457,0.857,3662.0,22216.0,4,16,,,,,,,,,,,,,,,,,,,,,,,,,,,,,,,,,,,,,,,,,,,,,,,,,,,,,,,,,,,,,
12,41,,,,,,,96,94,64,18,220.1,2745,10801,35,0,7.1,1.5;14.3;2.1;0.6;0.3;0.6;45.7;31.7;3.8;3.2;30.7;35.7;0.0;0.0;0.0;0.0;0.0;0.3;0.0;0.0;0.0;0.0;0.6;0.0,37.35,0.1,0.0,0.03,14.457,0.857,3955.0,23388.0,4,16,,,,,,,,,,,,,,,,,,,,,,,,,,,,,,,,,,,,,,,,,,,,,,,,,,,,,,,,,,,,,
12,42,,,,,,,100,94,66,19,219.8,2745,10801,35,0,6.7,1.2;11.4;1.2;1.2;0.3;0.9;39.3;29.5;6.4;3.8;28.5;35.8;0.6;0.6;0.0;0.0;0.0;0.0;0.0;0.0;0.0;0.0;0.0;0.3,37.35,0.1,0.0,0.04,14.457,0.857,29687.0,15039.0,4,16,,,,,,,,,,,,,,,,,,,,,,,,,,,,,,,,,,,,,,,,,,,,,,,,,,,,,,,,,,,,,
12,43,,,,,,,95,93,65,18,219.7,2745,10801,35,0,7.5,1.2;13.5;1.5;1.5;0.9;0.3;27.4;15.9;6.2;4.1;62.3;40.6;0.9;0.6;0.0;0.0;0.0;0.0;0.3;0.0;0.6;0.9;0.3;0.6,37.35,0.1,0.01,0.06,14.457,0.857,9619.0,10546.0,4,16,,,,,,,,,,,,,,,,,,,,,,,,,,,,,,,,,,,,,,,,,,,,,,,,,,,,,,,,,,,,,
12,44,,,,,,,96,90,66,19,218.2,2745,10801,35,0,7.7,0.9;16.6;3.5;2.0;0.6;0.6;52.4;35.0;5.0;5.6;29.4;29.1;0.3;0.0;0.0;0.6;0.6;0.6;0.0;0.0;0.0;0.6;0.9;0.6,37.35,0.1,0.0,0.02,14.457,0.857,15234.0,13134.0,4,16,,,,,,,,,,,,,,,,,,,,,,,,,,,,,,,,,,,,,,,,,,,,,,,,,,,,,,,,,,,,,
12,45,,,,,,,100,93,67,17,218.3,2745,10801,35,0,6.9,1.8;16.8;2.4;2.4;1.2;0.6;23.9;16.8;5.0;4.1;41.2;43.8;0.6;0.0;0.0;0.0;1.2;0.0;0.3;0.0;0.3;0.6;1.2;0.3,37.35,0.1,0.01,0.06,14.457,0.857,9765.0,11816.0,4,16,,,,,,,,,,,,,,,,,,,,,,,,,,,,,,,,,,,,,,,,,,,,,,,,,,,,,,,,,,,,,
12,46,,,,,,,97,89,65,18,221.1,2745,10801,35,0,6.3,1.5;15.5;1.5;1.0;0.0;1.0;31.9;2.9;4.9;2.0;7.4;79.0;0.5;0.5;0.0;0.0;0.0;0.0;0.0;0.0;0.0;0.5;0.0;0.0,37.35,0.1,0.0,0.1,14.457,0.857,146.0,1562.0,4,16,,,,,,,,,,,,,,,,,,,,,,,,,,,,,,,,,,,,,,,,,,,,,,,,,,,,,,,,,,,,,
12,summary,0.3998782262057173,0.984814618808953,0.4012448488530378,0.9857813216667255,0.00099175,251.7,,,,,,,,,,,,,,,,,,,,,,1,95.5,100,1,88.28,100,58,65.43,69,17,18.46,26,159.7,217.1,221.1,2745.0,10801.0,35.0,0,6.3,8.54,51.8,37.34,37.36,37.51,63.16,0.1,0.1,0.1,19.04,0.0,0.0,0.07,0.02,0.69,7.7,10.733,13.6,14.457,14.46,14.457,15.992,0.857,0.86,0.857,146.0,12793.54,54003.0,1562.0,35184.43,404492.0,4,4.0,4,16,16.0,16,4,16,190.74,47.36
13,1,,,,,,,44,47,57,26,155.0,2745,10801,35,0,51.5,67.6;70.0;84.6;86.0;84.1;82.2;97.3;97.1;72.2;74.6;93.9;94.0;43.0;41.7;6.1;6.2;28.9;30.1;3.3;3.6;18.6;21.2;14.3;14.3,37.51,0.1,0.0,0.05,14.457,0.857,3369.0,200976.0,4,16,,,,,,,,,,,,,,,,,,,,,,,,,,,,,,,,,,,,,,,,,,,,,,,,,,,,,,,,,,,,,
13,2,,,,,,,96,92,64,19,218.9,2745,10801,35,0,8.1,1.2;15.0;2.0;4.0;1.7;1.7;50.3;24.9;8.1;3.8;25.4;49.4;1.2;0.6;0.0;0.3;0.0;0.6;0.0;0.0;1.2;1.7;0.9;0.3,37.47,0.1,0.0,7.87,14.457,0.857,167431.0,30908.0,4,16,,,,,,,,,,,,,,,,,,,,,,,,,,,,,,,,,,,,,,,,,,,,,,,,,,,,,,,,,,,,,
13,3,,,,,,,96,92,65,19,218.8,2745,10801,35,0,7.9,2.1;12.8;1.8;3.2;1.2;1.2;36.6;32.6;8.6;6.2;32.2;46.3;0.6;0.6;0.3;0.0;0.0;0.6;0.0;0.3;0.3;0.6;0.6;0.3,37.43,0.1,0.02,4.37,14.457,0.857,3955.0,19384.0,4,16,,,,,,,,,,,,,,,,,,,,,,,,,,,,,,,,,,,,,,,,,,,,,,,,,,,,,,,,,,,,,
13,4,,,,,,,100,100,66,19,219.2,2745,10801,35,0,7.9,1.8;11.9;1.8;1.5;0.9;0.6;37.2;48.5;5.9;6.7;29.4;39.5;0.3;0.6;0.0;0.0;0.3;0.0;0.0;0.0;0.6;0.3;0.6;0.3,37.42,0.1,0.0,2.86,14.457,0.857,4199.0,29638.0,4,16,,,,,,,,,,,,,,,,,,,,,,,,,,,,,,,,,,,,,,,,,,,,,,,,,,,,,,,,,,,,,
13,5,,,,,,,96,84,66,19,220.8,2745,10801,35,0,8.1,0.6;12.7;1.8;1.5;1.2;0.3;33.7;59.8;7.9;4.4;27.9;40.2;0.0;0.3;0.0;0.0;0.0;0.3;0.3;0.0;0.0;0.6;0.6;0.0,37.41,0.1,0.0,3.09,14.457,0.857,13867.0,48681.0,4,16,,,,,,,,,,,,,,,,,,,,,,,,,,,,,,,,,,,,,,,,,,,,,,,,,,,,,,,,,,,,,
13,6,,,,,,,100,100,65,19,220.2,2745,10801,35,0,9.4,2.0;33.9;2.9;2.9;1.4;1.2;32.2;46.8;11.5;6.0;21.0;53.5;0.9;1.2;0.0;0.0;0.6;0.3;0.0;0.0;0.3;1.4;0.6;0.3,37.39,0.1,0.0,2.46,14.457,0.857,13623.0,12011.0,4,16,,,,,,,,,,,,,,,,,,,,,,,,,,,,,,,,,,,,,,,,,,,,,,,,,,,,,,,,,,,,,
13,7,,,,,,,100,94,66,19,220.1,2745,10801,35,0,7.1,0.6;14.5;1.5;2.4;1.2;0.6;22.4;39.3;5.3;2.6;29.9;48.4;0.3;0.6;0.0;0.0;0.6;0.0;0.3;0.0;0.3;0.0;0.0;0.0,37.38,0.1,0.01,2.1,14.457,0.857,3906.0,19140.0,4,16,,,,,,,,,,,,,,,,,,,,,,,,,,,,,,,,,,,,,,,,,,,,,,,,,,,,,,,,,,,,,
13,8,,,,,,,96,92,65,20,218.7,2745,10801,35,0,7.8,2.3;17.3;2.3;1.5;1.2;1.2;65.3;19.6;5.9;5.3;24.0;35.1;0.3;0.3;0.0;0.0;0.0;0.0;0.0;0.0;0.3;2.0;0.6;0.0,37.38,0.1,0.01,1.58,14.457,0.857,12548.0,11718.0,4,16,,,,,,,,,,,,,,,,,,,,,,,,,,,,,,,,,,,,,,,,,,,,,,,,,,,,,,,,,,,,,
13,9,,,,,,,96,92,64,18,219.5,2745,10801,35,0,7.6,2.4;14.0;2.4;0.6;1.8;0.9;26.0;46.9;6.2;4.7;21.2;51.3;1.2;1.2;0.0;0.0;0.0;0.3;0.0;0.0;0.6;0.0;0.6;0.0,37.37,0.1,0.0,1.53,14.457,0.857,40283.0,37792.0,4,16,,,,,,,,,,,,,,,,,,,,,,,,,,,,,,,,,,,,,,,,,,,,,,,,,,,,,,,,,,,,,
13,10,,,,,,,100,93,67,18,219.9,2745,10801,35,0,7.4,2.0;15.0;2.9;3.2;0.6;1.2;27.1;44.5;4.0;3.8;20.5;50.4;1.2;0.3;0.0;0.0;0.0;0.0;0.0;0.0;0.0;0.0;0.9;0.3,37.36,0.1,0.18,3.8,14.457,0.857,19726.0,24609.0,4,16,,,,,,,,,,,,,,,,,,,,,,,,,,,,,,,,,,,,,,,,,,,,,,,,,,,,,,,,,,,,,
13,11,,,,,,,96,93,65,18,219.2,2745,10801,35,0,7.3,0.9;14.7;1.2;1.2;0.9;1.2;19.9;67.0;7.3;5.0;30.6;20.7;0.0;0.9;0.0;0.6;0.6;0.3;0.3;0.3;0.0;2.0;0.0;0.3,37.36,0.1,0.0,0.06,14.457,0.857,53613.0,198876.0,4,16,,,,,,,,,,,,,,,,,,,,,,,,,,,,,,,,,,,,,,,,,,,,,,,,,,,,,,,,,,,,,
13,12,,,,,,,100,100,65,19,220.6,2745,10801,35,0,7.1,1.2;11.4;1.8;2.6;0.9;0.3;27.6;38.3;4.7;1.5;29.3;47.8;0.6;0.9;0.0;0.0;0.0;0.3;0.0;0.0;0.0;0.3;0.3;0.0,37.36,0.1,0.0,0.03,14.457,0.857,35546.0,115820.0,4,16,,,,,,,,,,,,,,,,,,,,,,,,,,,,,,,,,,,,,,,,,,,,,,,,,,,,,,,,,,,,,
13,13,,,,,,,100,94,65,18,219.7,2745,10801,35,0,8.0,1.8;16.8;1.2;2.1;0.9;0.3;32.2;35.6;5.6;4.1;26.8;59.1;0.3;1.5;0.0;0.0;0.0;0.0;0.0;0.3;0.0;0.0;2.0;0.6,37.35,0.1,0.03,0.19,14.457,0.857,14746.0,10742.0,4,16,,,,,,,,,,,,,,,,,,,,,,,,,,,,,,,,,,,,,,,,,,,,,,,,,,,,,,,,,,,,,
13,14,,,,,,,97,91,66,18,219.4,2745,10801,35,0,8.2,2.0;20.8;2.6;2.3;3.7;2.3;46.1;40.6;6.3;4.6;31.5;22.8;0.9;1.2;0.6;0.6;0.0;0.9;0.0;0.6;0.9;2.0;1.2;0.0,37.35,0.1,0.0,0.06,14.457,0.857,4101.0,24902.0,4,16,,,,,,,,,,,,,,,,,,,,,,,,,,,,,,,,,,,,,,,,,,,,,,,,,,,,,,,,,,,,,
13,15,,,,,,,100,96,66,18,221.0,2745,10801,35,0,7.3,1.2;12.5;2.6;1.2;0.9;0.6;25.8;41.8;7.4;3.2;37.2;38.8;1.2;0.3;0.0;0.0;0.3;0.0;0.0;0.0;0.6;0.0;0.0;0.0,37.35,0.1,0.0,0.03,14.457,0.857,5322.0,14697.0,4,16,,,,,,,,,,,,,,,,,,,,,,,,,,,,,,,,,,,,,,,,,,,,,,,,,,,,,,,,,,,,,
13,16,,,,,,,98,90,66,19,220.6,2745,10801,35,0,7.6,0.9;12.9;2.0;1.7;1.5;1.7;25.1;34.8;4.7;4.9;29.8;58.5;0.9;0.6;0.0;0.0;0.0;0.0;0.0;0.0;0.3;0.6;0.0;0.0,37.35,0.1,0.0,0.01,14.457,0.857,3564.0,55761.0,4,16,,,,,,,,,,,,,,,,,,,,,,,,,,,,,,,,,,,,,,,,,,,,,,,,,,,,,,,,,,,,,
13,17,,,,,,,100,100,65,19,218.9,2745,10801,35,0,7.7,0.9;11.1;3.8;1.8;1.2;0.9;50.9;37.7;8.8;5.3;31.2;28.1;0.6;0.3;0.0;0.0;0.0;0.0;0.0;0.0;0.3;0.6;0.6;0.0,37.35,0.1,0.01,0.08,14.457,0.857,16259.0,10791.0,4,16,,,,,,,,,,,,,,,,,,,,,,,,,,,,,,,,,,,,,,,,,,,,,,,,,,,,,,,,,,,,,
13,18,,,,,,,96,84,66,19,220.7,2745,10801,35,0,7.9,0.9;14.6;2.9;2.6;1.2;1.4;19.3;53.3;5.8;6.7;30.8;44.3;0.6;1.2;0.0;0.3;0.6;0.3;0.3;0.0;0.9;0.9;0.6;0.6,37.35,0.1,0.0,0.04,14.457,0.857,28906.0,63281.0,4,16,,,,,,,,,,,,,,,,,,,,,,,,,,,,,,,,,,,,,,,,,,,,,,,,,,,,,,,,,,,,,
13,19,,,,,,,96,93,66,19,220.4,2745,10801,35,0,8.7,1.8;15.3;3.2;3.2;3.2;4.1;41.3;27.4;9.7;2.7;22.7;61.9;2.1;1.5;0.3;0.9;1.8;1.2;0.9;0.0;0.9;1.5;0.9;0.0,37.35,0.1,0.0,0.03,14.457,0.857,39941.0,52246.0,4,16,,,,,,,,,,,,,,,,,,,,,,,,,,,,,,,,,,,,,,,,,,,,,,,,,,,,,,,,,,,,,
13,20,,,,,,,100,96,64,17,220.3,2745,10801,35,0,8.1,2.6;15.5;2.6;0.9;0.9;2.1;59.1;32.6;7.0;5.9;24.6;34.0;0.9;0.6;0.0;0.3;0.3;0.3;0.0;0.0;0.3;0.9;1.7;0.3,37.36,0.1,0.0,0.04,14.457,0.857,12695.0,13623.0,4,16,,,,,,,,,,,,,,,,,,,,,,,,,,,,,,,,,,,,,,,,,,,,,,,,,,,,,,,,,,,,,
13,21,,,,,,,100,93,65,19,220.9,2745,10801,35,0,7.9,0.6;15.0;2.3;2.3;1.5;2.1;41.2;38.7;8.5;6.7;28.7;39.5;0.9;0.3;0.0;0.0;0.0;0.3;0.3;0.0;0.0;0.0;0.0;0.0,37.33,0.1,0.02,0.39,14.457,0.857,5371.0,10253.0,4,16,,,,,,,,,,,,,,,,,,,,,,,,,,,,,,,,,,,,,,,,,,,,,,,,,,,,,,,,,,,,,
13,22,,,,,,,96,91,66,18,219.5,2745,10801,35,0,8.8,2.3;16.8;4.6;2.6;2.0;1.4;30.3;45.3;9.5;5.8;26.0;54.0;1.4;0.9;0.3;0.6;0.6;0.9;0.0;0.3;1.4;2.3;1.2;0.3,37.33,0.1,0.03,0.12,14.457,0.857,4785.0,19384.0,4,16,,,,,,,,,,,,,,,,,,,,,,,,,,,,,,,,,,,,,,,,,,,,,,,,,,,,,,,,,,,,,
13,23,,,,,,,100,100,66,19,221.5,2745,10801,35,0,9.2,1.5;26.2;1.5;2.1;1.8;1.2;58.8;38.8;7.4;8.8;31.9;35.6;0.3;0.3;0.3;0.3;0.3;0.0;0.0;0.0;0.0;0.6;0.0;0.0,37.33,0.1,0.0,0.07,14.457,0.857,16503.0,22998.0,4,16,,,,,,,,,,,,,,,,,,,,,,,,,,,,,,,,,,,,,,,,,,,,,,,,,,,,,,,,,,,,,
13,24,,,,,,,97,88,65,19,220.8,2745,10801,35,0,7.5,1.2;15.8;2.3;1.2;0.3;0.6;44.1;39.6;2.9;6.1;17.6;42.5;0.6;0.9;0.0;0.0;0.3;0.3;0.3;0.0;0.9;0.6;0.6;0.3,37.34,0.1,0.11,0.66,14.457,0.857,2099.0,195.0,4,16,,,,,,,,,,,,,,,,,,,,,,,,,,,,,,,,,,,,,,,,,,,,,,,,,,,,,,,,,,,,,
13,25,,,,,,,100,100,66,18,220.0,2745,10801,35,0,7.5,0.9;16.5;2.3;1.5;0.9;0.6;15.5;35.5;2.3;5.6;22.6;71.0;0.0;1.5;0.3;0.0;0.0;0.0;0.0;0.0;0.0;0.0;1.7;0.0,37.33,0.1,0.0,0.08,14.457,0.857,15087.0,10546.0,4,16,,,,,,,,,,,,,,,,,,,,,,,,,,,,,,,,,,,,,,,,,,,,,,,,,,,,,,,,,,,,,
13,26,,,,,,,96,91,66,20,218.6,2745,10801,35,0,7.3,0.3;17.5;2.9;0.9;0.9;0.9;51.4;28.6;3.5;4.6;18.2;42.0;0.9;0.3;0.0;0.0;0.3;0.0;0.0;0.0;0.0;0.0;1.7;0.0,37.34,0.1,0.0,0.09,14.457,0.857,14746.0,217431.0,4,16,,,,,,,,,,,,,,,,,,,,,,,,,,,,,,,,,,,,,,,,,,,,,,,,,,,,,,,,,,,,,
13,27,,,,,,,100,99,65,20,219.6,2745,10801,35,0,7.3,0.6;12.5;2.9;1.8;0.9;0.6;29.6;45.9;4.4;5.3;24.9;41.1;0.9;0.0;0.0;0.3;0.0;0.0;0.3;0.0;0.3;0.6;1.5;0.6,37.34,0.1,0.01,0.06,14.457,0.857,12695.0,10546.0,4,16,,,,,,,,,,,,,,,,,,,,,,,,,,,,,,,,,,,,,,,,,,,,,,,,,,,,,,,,,,,,,
13,28,,,,,,,100,94,64,19,218.6,2745,10801,35,0,7.5,1.8;19.1;0.9;1.2;0.3;0.6;33.1;27.2;2.4;7.7;20.1;61.8;0.6;0.3;0.0;0.0;0.0;0.0;0.0;0.0;0.6;1.2;0.0;0.0,37.34,0.1,0.0,0.06,14.457,0.857,31396.0,31542.0,4,16,,,,,,,,,,,,,,,,,,,,,,,,,,,,,,,,,,,,,,,,,,,,,,,,,,,,,,,,,,,,,
13,29,,,,,,,100,95,65,19,219.7,2745,10801,35,0,7.4,0.9;14.5;1.2;0.6;1.8;0.9;41.5;27.3;3.5;3.8;30.6;43.7;0.6;1.5;0.0;0.0;0.6;0.6;0.0;0.0;0.6;0.3;0.6;1.2,37.34,0.1,0.0,0.04,14.457,0.857,10009.0,10937.0,4,16,,,,,,,,,,,,,,,,,,,,,,,,,,,,,,,,,,,,,,,,,,,,,,,,,,,,,,,,,,,,,
13,30,,,,,,,100,93,65,18,219.9,2745,10801,35,0,7.3,0.6;18.2;1.7;1.2;1.2;1.2;35.2;48.1;2.6;5.7;33.4;22.7;1.2;0.3;0.0;0.9;0.0;0.3;0.0;0.0;0.3;0.0;0.6;0.0,37.34,0.1,0.0,0.03,14.457,0.857,3710.0,14501.0,4,16,,,,,,,,,,,,,,,,,,,,,,,,,,,,,,,,,,,,,,,,,,,,,,,,,,,,,,,,,,,,,
13,31,,,,,,,100,92,66,19,219.4,2745,10801,35,0,7.4,0.9;16.1;2.4;2.1;0.6;0.0;25.3;33.3;4.7;5.6;37.5;47.5;0.3;0.0;0.0;0.0;0.3;0.0;0.0;0.0;0.0;0.0;0.0;0.0,37.34,0.1,0.01,0.05,14.457,0.857,14062.0,30126.0,4,16,,,,,,,,,,,,,,,,,,,,,,,,,,,,,,,,,,,,,,,,,,,,,,,,,,,,,,,,,,,,,
13,32,,,,,,,98,93,66,20,220.1,2745,10801,35,0,7.7,1.2;17.7;2.0;1.5;1.2;0.3;43.9;31.6;3.2;3.5;51.6;19.6;0.9;1.2;0.0;0.0;0.3;0.0;0.0;0.0;0.3;0.3;2.3;0.9,37.34,0.1,0.0,0.05,14.457,0.857,8691.0,10400.0,4,16,,,,,,,,,,,,,,,,,,,,,,,,,,,,,,,,,,,,,,,,,,,,,,,,,,,,,,,,,,,,,
13,33,,,,,,,100,100,66,20,219.4,2745,10801,35,0,8.5,3.8;17.2;3.2;3.2;1.5;0.6;58.5;24.6;5.9;5.3;47.5;23.2;1.2;1.8;0.3;0.6;0.0;0.3;0.0;0.0;0.9;1.2;0.9;0.6,37.34,0.1,0.0,0.04,14.457,0.857,13378.0,12500.0,4,16,,,,,,,,,,,,,,,,,,,,,,,,,,,,,,,,,,,,,,,,,,,,,,,,,,,,,,,,,,,,,
13,34,,,,,,,96,84,65,19,220.0,2745,10801,35,0,8.6,2.3;16.3;3.7;4.6;1.4;2.3;31.3;33.2;8.4;6.3;41.5;42.7;2.0;1.4;0.0;0.0;0.3;1.4;0.3;0.3;0.6;0.6;3.1;0.9,37.35,0.1,0.0,0.09,14.457,0.857,3613.0,18066.0,4,16,,,,,,,,,,,,,,,,,,,,,,,,,,,,,,,,,,,,,,,,,,,,,,,,,,,,,,,,,,,,,
13,35,,,,,,,97,92,66,18,218.3,2745,10801,35,0,7.9,1.5;14.0;1.8;2.1;1.2;1.5;47.5;19.1;5.9;8.2;44.1;38.7;0.6;0.6;0.3;0.3;0.3;0.0;0.0;0.0;0.0;0.0;0.9;0.0,37.34,0.1,0.0,0.05,14.457,0.857,3564.0,23974.0,4,16,,,,,,,,,,,,,,,,,,,,,,,,,,,,,,,,,,,,,,,,,,,,,,,,,,,,,,,,,,,,,
13,36,,,,,,,100,99,66,19,218.4,2745,10801,36,0,8.8,3.2;11.4;6.8;2.4;2.1;1.5;66.6;27.7;9.4;7.1;29.8;35.1;1.2;1.5;0.0;0.0;0.6;0.9;0.0;0.0;1.2;0.6;0.9;0.9,37.34,0.1,0.01,0.05,14.457,0.857,33300.0,19433.0,4,16,,,,,,,,,,,,,,,,,,,,,,,,,,,,,,,,,,,,,,,,,,,,,,,,,,,,,,,,,,,,,
13,37,,,,,,,100,95,64,19,219.1,2745,10801,35,0,8.7,2.6;17.6;5.0;2.9;1.8;2.1;38.2;29.4;5.3;7.9;31.2;49.7;1.2;0.9;0.9;0.3;1.8;0.6;1.2;0.9;1.5;1.8;3.5;0.3,37.35,0.1,0.01,0.09,14.457,0.857,38134.0,67089.0,4,16,,,,,,,,,,,,,,,,,,,,,,,,,,,,,,,,,,,,,,,,,,,,,,,,,,,,,,,,,,,,,
13,38,,,,,,,96,93,67,18,219.3,2745,10801,35,0,7.1,0.3;10.7;2.6;2.3;0.3;0.6;37.9;30.9;3.5;6.4;48.8;23.1;0.9;0.3;0.0;0.0;0.0;0.0;0.0;0.0;0.3;1.1;0.0;0.0,37.35,0.1,0.0,0.11,14.457,0.857,15429.0,10058.0,4,16,,,,,,,,,,,,,,,,,,,,,,,,,,,,,,,,,,,,,,,,,,,,,,,,,,,,,,,,,,,,,
13,39,,,,,,,100,94,65,18,219.8,2745,10801,35,0,8.5,1.7;9.8;1.8;4.4;2.6;2.6;62.1;20.7;7.6;5.3;38.8;35.9;1.5;1.5;0.6;0.0;1.2;0.9;0.6;0.0;1.8;0.3;1.5;1.2,37.35,0.1,0.0,0.02,14.457,0.857,111181.0,271582.0,4,16,,,,,,,,,,,,,,,,,,,,,,,,,,,,,,,,,,,,,,,,,,,,,,,,,,,,,,,,,,,,,
13,40,,,,,,,100,100,66,16,220.2,2745,10801,35,0,8.8,1.5;19.4;3.8;1.2;1.2;1.2;45.3;31.4;9.6;7.4;33.3;52.9;0.0;1.2;0.0;0.0;0.6;0.3;0.0;0.0;0.0;0.3;0.0;0.0,37.34,0.1,0.01,0.06,14.457,0.857,16015.0,10791.0,4,16,,,,,,,,,,,,,,,,,,,,,,,,,,,,,,,,,,,,,,,,,,,,,,,,,,,,,,,,,,,,,
13,41,,,,,,,100,98,65,18,219.7,2745,10801,35,0,8.3,0.9;25.3;2.1;2.9;1.8;2.3;24.1;37.6;4.4;5.3;62.9;21.2;1.2;0.3;0.0;0.3;0.0;0.6;0.9;0.3;0.3;1.2;1.2;0.0,37.34,0.1,0.0,0.08,14.457,0.857,13769.0,10595.0,4,16,,,,,,,,,,,,,,,,,,,,,,,,,,,,,,,,,,,,,,,,,,,,,,,,,,,,,,,,,,,,,
13,42,,,,,,,96,94,64,18,220.0,2745,10801,35,0,7.1,0.9;12.2;1.2;2.3;0.6;1.7;50.9;20.7;4.0;3.5;32.3;34.3;0.6;1.2;0.0;0.0;0.6;0.0;0.3;0.0;0.3;1.1;0.3;0.0,37.33,0.1,0.0,0.06,14.457,0.857,3808.0,24072.0,4,16,,,,,,,,,,,,,,,,,,,,,,,,,,,,,,,,,,,,,,,,,,,,,,,,,,,,,,,,,,,,,
13,43,,,,,,,100,93,66,19,219.1,2745,10801,36,0,7.5,1.5;16.3;1.8;1.2;0.6;0.6;45.0;23.9;3.8;8.8;31.9;40.4;0.9;0.0;0.0;0.0;0.3;0.0;0.3;0.0;0.3;0.9;0.9;0.0,37.33,0.1,0.0,0.02,14.457,0.857,3906.0,15039.0,4,16,,,,,,,,,,,,,,,,,,,,,,,,,,,,,,,,,,,,,,,,,,,,,,,,,,,,,,,,,,,,,
13,44,,,,,,,100,96,67,19,219.6,2745,10801,35,0,7.6,2.6;12.9;1.5;1.2;1.2;2.6;46.1;28.2;4.1;4.4;44.6;27.6;1.2;0.9;0.0;0.0;0.6;0.3;0.0;0.0;0.3;0.6;1.2;0.0,37.34,0.1,0.0,0.07,14.457,0.857,8056.0,11132.0,4,16,,,,,,,,,,,,,,,,,,,,,,,,,,,,,,,,,,,,,,,,,,,,,,,,,,,,,,,,,,,,,
13,45,,,,,,,97,92,65,19,217.9,2745,10801,35,0,6.4,1.2;12.7;0.9;1.2;0.6;0.6;28.3;13.9;2.1;4.7;35.7;49.3;0.3;0.6;0.0;0.0;0.0;0.0;0.3;0.0;0.0;0.0;1.2;0.0,37.33,0.1,0.01,0.09,14.457,0.857,8154.0,223046.0,4,16,,,,,,,,,,,,,,,,,,,,,,,,,,,,,,,,,,,,,,,,,,,,,,,,,,,,,,,,,,,,,
13,46,,,,,,,97,94,64,19,219.9,2745,10801,35,0,6.4,0.9;16.5;0.9;1.9;1.0;0.0;9.9;47.4;3.8;3.8;17.5;42.2;0.5;0.0;0.5;0.0;0.0;0.0;0.0;0.0;0.0;1.9;1.9;0.0,37.33,0.1,0.0,0.02,14.457,0.857,439.0,195.0,4,16,,,,,,,,,,,,,,,,,,,,,,,,,,,,,,,,,,,,,,,,,,,,,,,,,,,,,,,,,,,,,
13,summary,0.3981628106999612,0.9851259222364038,0.39543169646434223,0.9871220407155206,0.00099027,252.1,,,,,,,,,,,,,,,,,,,,,,44,97.24,100,47,92.96,100,57,65.22,67,16,18.85,26,155.0,218.29,221.5,2745.0,10801.0,35.0,0,6.4,8.78,51.5,37.33,37.36,37.51,63.16,0.1,0.1,0.1,19.04,0.0,0.01,0.18,0.01,0.71,7.87,10.735,13.6,14.457,14.46,14.457,15.992,0.857,0.86,0.857,439.0,19771.74,167431.0,195.0,45696.24,271582.0,4,4.0,4,16,16.0,16,4,16,191.12,47.3
14,1,,,,,,,7,1,59,27,172.0,2745,10801,35,0,51.0,68.9;66.0;83.4;84.7;87.6;87.2;97.3;97.0;71.0;79.4;93.6;95.2;42.6;46.0;5.7;5.0;25.2;26.6;3.0;3.3;17.5;19.2;10.3;9.8,37.49,0.1,0.0,0.09,14.457,0.857,3808.0,219238.0,4,16,,,,,,,,,,,,,,,,,,,,,,,,,,,,,,,,,,,,,,,,,,,,,,,,,,,,,,,,,,,,,
14,2,,,,,,,100,99,65,19,219.6,2730,10801,35,0,7.5,1.5;14.3;1.8;1.2;1.5;0.6;81.7;16.5;3.8;5.3;15.6;31.0;0.9;0.6;0.0;0.0;0.6;0.3;0.0;0.0;0.9;0.9;0.0;0.6,37.44,0.1,0.0,8.39,14.457,0.857,3906.0,26269.0,4,16,,,,,,,,,,,,,,,,,,,,,,,,,,,,,,,,,,,,,,,,,,,,,,,,,,,,,,,,,,,,,
14,3,,,,,,,96,89,65,19,219.7,2730,10801,35,0,7.4,1.5;12.7;3.2;1.8;0.3;0.9;40.4;32.3;2.9;7.6;39.3;27.6;0.6;0.6;0.0;0.3;0.0;0.6;0.3;0.0;0.3;0.9;2.0;0.6,37.42,0.1,0.02,4.37,14.457,0.857,13134.0,10253.0,4,16,,,,,,,,,,,,,,,,,,,,,,,,,,,,,,,,,,,,,,,,,,,,,,,,,,,,,,,,,,,,,
14,4,,,,,,,96,94,64,20,219.6,2730,10801,35,0,7.4,0.6;16.8;2.4;2.1;1.2;0.9;37.5;20.0;4.1;5.3;23.3;61.1;0.0;0.0;0.0;0.0;0.0;0.0;0.0;0.0;0.0;0.0;0.6;0.6,37.41,0.1,0.0,2.69,14.457,0.857,9521.0,14941.0,4,16,,,,,,,,,,,,,,,,,,,,,,,,,,,,,,,,,,,,,,,,,,,,,,,,,,,,,,,,,,,,,
14,5,,,,,,,100,95,67,19,219.1,2730,10801,35,0,6.9,0.3;11.4;2.6;1.2;0.3;0.9;50.7;25.6;3.2;4.3;39.5;22.4;0.3;1.2;0.3;0.6;0.0;0.0;0.3;0.0;0.0;0.0;0.0;0.0,37.4,0.1,0.0,2.97,14.457,0.857,3662.0,76123.0,4,16,,,,,,,,,,,,,,,,,,,,,,,,,,,,,,,,,,,,,,,,,,,,,,,,,,,,,,,,,,,,,
14,6,,,,,,,97,93,65,18,218.0,2730,10801,35,0,8.5,3.8;15.7;4.4;3.2;2.4;0.6;56.2;30.5;4.4;5.6;43.5;28.2;0.9;0.9;0.0;0.3;0.0;0.3;0.3;0.0;0.3;0.6;0.9;0.9,37.38,0.1,0.0,2.36,14.457,0.857,5468.0,18896.0,4,16,,,,,,,,,,,,,,,,,,,,,,,,,,,,,,,,,,,,,,,,,,,,,,,,,,,,,,,,,,,,,
14,7,,,,,,,98,98,65,18,216.6,2730,10801,35,0,7.4,0.3;15.0;1.8;2.1;0.6;1.8;37.4;20.5;5.9;6.4;25.7;58.4;0.9;0.9;0.0;0.0;0.3;0.0;0.0;0.0;0.0;0.6;0.0;0.0,37.37,0.1,0.0,2.11,14.457,0.857,3564.0,22753.0,4,16,,,,,,,,,,,,,,,,,,,,,,,,,,,,,,,,,,,,,,,,,,,,,,,,,,,,,,,,,,,,,
14,8,,,,,,,100,99,66,18,217.5,2730,10801,35,0,7.9,1.5;15.5;0.9;1.2;0.6;0.0;57.9;17.0;6.7;5.0;35.3;39.0;0.9;0.9;0.3;0.0;0.3;0.3;0.3;0.0;0.0;2.6;1.7;0.0,37.38,0.1,0.01,1.55,14.457,0.857,4150.0,14697.0,4,16,,,,,,,,,,,,,,,,,,,,,,,,,,,,,,,,,,,,,,,,,,,,,,,,,,,,,,,,,,,,,
14,9,,,,,,,98,95,66,19,218.0,2730,10801,35,0,7.7,1.4;13.0;2.0;2.0;0.3;2.0;55.3;36.5;4.6;4.6;36.7;22.2;0.3;0.9;0.0;0.0;0.6;0.0;0.0;0.0;0.0;0.0;0.6;0.0,37.36,0.1,0.0,1.55,14.457,0.857,29736.0,171630.0,4,16,,,,,,,,,,,,,,,,,,,,,,,,,,,,,,,,,,,,,,,,,,,,,,,,,,,,,,,,,,,,,
14,10,,,,,,,100,98,66,19,218.4,2730,10801,35,0,8.8,2.4;17.1;4.1;3.5;1.2;2.1;42.3;26.8;5.0;8.5;36.6;57.2;0.3;0.3;0.3;0.0;0.6;0.6;0.0;0.0;0.0;0.3;0.9;0.6,37.33,0.1,0.0,3.86,14.457,0.857,3955.0,28466.0,4,16,,,,,,,,,,,,,,,,,,,,,,,,,,,,,,,,,,,,,,,,,,,,,,,,,,,,,,,,,,,,,
14,11,,,,,,,100,93,67,19,218.7,2730,10801,35,0,9.5,2.6;32.1;4.7;2.9;0.9;0.9;43.8;37.8;6.4;9.9;49.6;26.2;0.9;0.6;0.3;0.3;0.9;0.9;0.0;0.3;0.6;0.6;0.9;0.0,37.34,0.1,0.0,0.02,14.457,0.857,7470.0,10498.0,4,16,,,,,,,,,,,,,,,,,,,,,,,,,,,,,,,,,,,,,,,,,,,,,,,,,,,,,,,,,,,,,
14,12,,,,,,,96,92,65,19,218.0,2730,10801,35,0,7.1,0.9;13.3;1.8;1.5;0.9;0.6;52.6;25.7;2.9;5.6;39.2;24.7;0.0;0.3;0.0;0.0;0.0;0.0;0.0;0.0;0.0;0.6;0.3;0.0,37.34,0.1,0.0,0.04,14.457,0.857,3955.0,29394.0,4,16,,,,,,,,,,,,,,,,,,,,,,,,,,,,,,,,,,,,,,,,,,,,,,,,,,,,,,,,,,,,,
14,13,,,,,,,100,95,66,20,219.3,2730,10801,35,0,7.4,1.4;13.3;2.6;1.7;0.0;1.7;16.5;41.6;4.3;5.5;28.9;56.1;0.9;0.3;0.3;0.3;0.0;0.3;0.0;0.0;0.3;0.6;0.0;0.3,37.33,0.1,0.01,0.07,14.457,0.857,4052.0,24414.0,4,16,,,,,,,,,,,,,,,,,,,,,,,,,,,,,,,,,,,,,,,,,,,,,,,,,,,,,,,,,,,,,
14,14,,,,,,,98,92,66,20,220.0,2730,10801,35,0,7.6,1.2;16.5;0.6;1.5;1.2;1.2;55.6;28.2;3.2;5.3;27.3;35.0;0.6;0.0;1.2;0.0;0.3;0.0;0.0;0.0;0.3;0.6;1.2;0.3,37.34,0.1,0.0,0.01,14.457,0.857,4199.0,29589.0,4,16,,,,,,,,,,,,,,,,,,,,,,,,,,,,,,,,,,,,,,,,,,,,,,,,,,,,,,,,,,,,,
14,15,,,,,,,99,99,65,19,218.7,2730,10801,35,0,7.2,0.3;13.2;0.6;2.6;0.0;1.2;50.7;33.8;1.5;7.9;22.9;35.0;0.9;0.3;0.0;0.0;0.0;0.0;0.0;0.0;0.0;0.0;0.0;0.0,37.34,0.1,0.0,0.03,14.457,0.857,7519.0,13134.0,4,16,,,,,,,,,,,,,,,,,,,,,,,,,,,,,,,,,,,,,,,,,,,,,,,,,,,,,,,,,,,,,
14,16,,,,,,,100,100,65,19,218.7,2730,10801,35,0,7.2,0.9;12.4;0.9;1.2;0.6;0.9;31.0;35.2;2.3;4.4;23.7;56.9;1.2;1.2;0.0;0.0;0.3;0.0;0.0;0.0;0.0;0.0;0.0;0.0,37.34,0.1,0.01,0.06,14.457,0.857,121826.0,52734.0,4,16,,,,,,,,,,,,,,,,,,,,,,,,,,,,,,,,,,,,,,,,,,,,,,,,,,,,,,,,,,,,,
14,17,,,,,,,96,94,68,19,217.4,2730,10801,35,0,7.4,2.9;12.5;1.7;1.7;0.3;2.0;25.0;37.4;2.6;4.9;37.4;45.8;0.9;0.9;0.0;0.0;0.3;0.0;0.3;0.0;0.3;0.6;0.3;0.6,37.34,0.1,0.0,0.04,14.457,0.857,4052.0,89599.0,4,16,,,,,,,,,,,,,,,,,,,,,,,,,,,,,,,,,,,,,,,,,,,,,,,,,,,,,,,,,,,,,
14,18,,,,,,,100,95,65,18,218.4,2730,10801,35,0,7.6,1.2;11.4;2.6;2.3;1.2;0.9;42.5;34.3;3.8;4.4;36.7;32.8;0.6;0.9;0.0;0.6;0.0;0.9;0.6;0.0;0.3;0.9;1.7;0.0,37.34,0.1,0.01,0.06,14.457,0.857,38525.0,65478.0,4,16,,,,,,,,,,,,,,,,,,,,,,,,,,,,,,,,,,,,,,,,,,,,,,,,,,,,,,,,,,,,,
14,19,,,,,,,100,93,65,19,219.0,2730,10801,35,0,7.1,0.6;15.1;1.5;1.8;0.3;0.6;32.0;40.2;1.8;7.7;12.7;54.4;0.6;0.6;0.0;0.0;0.0;0.0;0.0;0.0;0.0;0.0;0.0;0.0,37.34,0.1,0.0,0.03,14.457,0.857,27978.0,401855.0,4,16,,,,,,,,,,,,,,,,,,,,,,,,,,,,,,,,,,,,,,,,,,,,,,,,,,,,,,,,,,,,,
14,20,,,,,,,99,92,65,19,219.2,2730,10801,35,0,7.3,1.2;13.2;2.3;1.8;1.5;1.2;36.5;35.4;3.8;6.1;38.1;33.3;0.0;0.6;0.0;0.0;0.0;0.0;0.0;0.0;0.0;0.0;0.0;0.0,37.34,0.1,0.0,0.06,14.457,0.857,16406.0,15771.0,4,16,,,,,,,,,,,,,,,,,,,,,,,,,,,,,,,,,,,,,,,,,,,,,,,,,,,,,,,,,,,,,
14,21,,,,,,,98,96,65,18,218.8,2730,10801,35,0,7.7,1.2;16.0;4.3;1.2;0.9;2.3;40.3;33.8;5.8;5.2;36.1;30.0;2.0;0.6;0.0;0.6;0.9;0.3;0.0;0.3;0.9;0.3;0.6;0.3,37.34,0.1,0.0,0.03,14.457,0.857,5517.0,10058.0,4,16,,,,,,,,,,,,,,,,,,,,,,,,,,,,,,,,,,,,,,,,,,,,,,,,,,,,,,,,,,,,,
14,22,,,,,,,98,93,66,17,220.1,2730,10801,35,0,8.7,1.5;13.9;5.0;4.7;3.8;2.6;55.3;22.6;7.6;5.0;28.2;50.1;2.1;0.6;0.0;0.9;0.9;1.2;0.3;0.0;0.9;0.6;0.6;0.9,37.35,0.1,0.01,0.08,14.457,0.857,80957.0,131738.0,4,16,,,,,,,,,,,,,,,,,,,,,,,,,,,,,,,,,,,,,,,,,,,,,,,,,,,,,,,,,,,,,
14,23,,,,,,,96,85,66,18,219.4,2730,10801,35,0,7.9,2.0;12.7;2.6;2.0;1.5;0.9;41.2;26.1;5.2;8.2;39.8;44.4;0.6;0.3;0.0;0.0;0.9;0.3;0.0;0.0;0.0;0.0;0.0;0.0,37.34,0.1,0.0,0.08,14.457,0.857,3369.0,94287.0,4,16,,,,,,,,,,,,,,,,,,,,,,,,,,,,,,,,,,,,,,,,,,,,,,,,,,,,,,,,,,,,,
14,24,,,,,,,100,92,65,18,218.5,2730,10801,35,0,8.9,2.3;13.2;3.5;2.6;1.5;2.6;45.8;29.5;8.8;8.7;44.6;39.8;1.5;1.2;0.6;0.6;0.6;1.5;0.3;0.0;0.9;3.7;0.6;0.3,37.35,0.1,0.0,0.04,14.457,0.857,32714.0,206005.0,4,16,,,,,,,,,,,,,,,,,,,,,,,,,,,,,,,,,,,,,,,,,,,,,,,,,,,,,,,,,,,,,
14,25,,,,,,,96,92,66,17,218.5,2730,10801,35,0,7.6,1.2;15.7;2.0;2.0;0.6;2.0;47.5;24.3;5.2;2.9;26.3;50.0;0.0;0.6;0.0;0.0;0.0;0.0;0.0;0.0;0.0;1.4;0.9;0.3,37.35,0.1,0.0,0.14,14.457,0.857,20654.0,16455.0,4,16,,,,,,,,,,,,,,,,,,,,,,,,,,,,,,,,,,,,,,,,,,,,,,,,,,,,,,,,,,,,,
14,26,,,,,,,98,98,65,18,217.7,2730,10801,35,0,7.9,0.9;12.9;2.3;1.8;1.2;0.6;44.7;26.1;3.8;6.8;28.5;54.8;0.9;0.6;0.6;0.0;0.3;0.0;0.0;0.0;0.0;0.9;1.2;0.0,37.35,0.1,0.01,0.57,14.457,0.857,4052.0,23876.0,4,16,,,,,,,,,,,,,,,,,,,,,,,,,,,,,,,,,,,,,,,,,,,,,,,,,,,,,,,,,,,,,
14,27,,,,,,,100,99,65,19,218.6,2730,10801,35,0,7.4,0.6;11.7;2.6;1.8;0.6;0.0;48.2;28.8;4.4;6.8;37.9;34.4;0.3;0.0;0.0;0.0;0.0;0.0;0.0;0.0;0.0;0.0;0.0;0.0,37.34,0.1,0.02,0.16,14.457,0.857,15625.0,12451.0,4,16,,,,,,,,,,,,,,,,,,,,,,,,,,,,,,,,,,,,,,,,,,,,,,,,,,,,,,,,,,,,,
14,28,,,,,,,97,88,66,19,220.7,2730,10801,35,0,9.8,2.6;31.5;1.8;4.4;1.2;3.2;66.9;22.8;7.6;7.9;27.5;49.6;0.0;0.6;0.0;0.0;0.0;0.9;0.0;0.0;1.2;0.9;0.9;0.3,37.35,0.1,0.0,0.08,14.457,0.857,18554.0,124658.0,4,16,,,,,,,,,,,,,,,,,,,,,,,,,,,,,,,,,,,,,,,,,,,,,,,,,,,,,,,,,,,,,
14,29,,,,,,,100,100,64,19,219.8,2730,10801,35,0,8.0,3.2;15.4;2.9;1.4;2.0;2.0;36.8;33.2;4.0;7.8;25.3;49.3;0.6;0.9;0.3;0.0;1.2;0.3;0.0;0.0;0.3;3.1;0.3;0.0,37.36,0.1,0.0,0.03,14.457,0.857,3857.0,19726.0,4,16,,,,,,,,,,,,,,,,,,,,,,,,,,,,,,,,,,,,,,,,,,,,,,,,,,,,,,,,,,,,,
14,30,,,,,,,100,94,65,19,219.8,2730,10801,35,0,7.1,1.2;11.7;1.2;1.5;0.9;0.6;43.2;39.0;3.5;4.1;26.8;35.2;0.0;0.6;0.0;0.0;0.0;0.0;0.3;0.0;0.0;0.0;0.0;0.0,37.35,0.1,0.0,0.02,14.457,0.857,3759.0,13769.0,4,16,,,,,,,,,,,,,,,,,,,,,,,,,,,,,,,,,,,,,,,,,,,,,,,,,,,,,,,,,,,,,
14,31,,,,,,,96,92,66,19,220.1,2730,10801,35,0,7.1,0.9;12.2;2.4;1.5;0.3;2.1;62.1;22.6;3.5;4.1;22.4;34.9;0.9;0.0;0.0;0.0;0.0;0.0;0.3;0.0;0.0;0.3;0.0;0.0,37.34,0.1,0.01,0.09,14.457,0.857,12451.0,224853.0,4,16,,,,,,,,,,,,,,,,,,,,,,,,,,,,,,,,,,,,,,,,,,,,,,,,,,,,,,,,,,,,,
14,32,,,,,,,96,92,65,19,218.2,2730,10801,35,0,7.9,2.6;11.1;4.1;1.5;0.9;2.6;19.6;43.2;8.2;7.6;22.3;58.4;1.2;0.3;0.0;0.3;0.9;0.6;0.3;0.0;0.6;0.3;2.3;0.6,37.34,0.1,0.0,0.03,14.457,0.857,7275.0,24267.0,4,16,,,,,,,,,,,,,,,,,,,,,,,,,,,,,,,,,,,,,,,,,,,,,,,,,,,,,,,,,,,,,
14,33,,,,,,,98,91,66,18,219.8,2730,10801,35,0,8.5,3.2;14.6;3.4;2.6;3.7;1.7;27.0;47.6;6.0;5.7;27.8;47.4;0.9;1.7;0.6;1.2;2.0;0.9;0.9;0.0;0.3;1.4;2.8;1.1,37.34,0.1,0.01,0.03,14.457,0.857,4101.0,14355.0,4,16,,,,,,,,,,,,,,,,,,,,,,,,,,,,,,,,,,,,,,,,,,,,,,,,,,,,,,,,,,,,,
14,34,,,,,,,100,100,65,18,219.2,2730,10801,35,0,7.4,0.6;13.8;0.9;2.4;0.9;3.8;51.6;37.0;2.9;4.4;12.9;43.5;0.6;0.0;0.0;0.3;0.3;0.3;0.0;0.0;0.3;0.0;0.3;0.0,37.34,0.1,0.0,0.05,14.457,0.857,73583.0,82470.0,4,16,,,,,,,,,,,,,,,,,,,,,,,,,,,,,,,,,,,,,,,,,,,,,,,,,,,,,,,,,,,,,
14,35,,,,,,,100,99,66,19,218.6,2730,10801,35,0,7.5,1.5;13.7;1.8;2.9;0.9;1.2;37.0;31.5;4.7;5.8;17.8;57.7;1.4;0.9;0.0;0.0;0.0;0.6;0.0;0.0;0.3;0.3;0.6;0.0,37.33,0.1,0.0,0.05,14.457,0.857,53320.0,23193.0,4,16,,,,,,,,,,,,,,,,,,,,,,,,,,,,,,,,,,,,,,,,,,,,,,,,,,,,,,,,,,,,,
14,36,,,,,,,100,94,65,18,218.0,2730,10801,35,0,8.3,1.8;22.8;4.4;0.9;1.2;1.5;22.0;41.3;6.5;6.7;31.9;49.9;0.3;0.9;0.0;0.0;0.9;0.0;0.3;0.0;0.9;0.3;2.9;0.0,37.35,0.1,0.01,0.06,14.457,0.857,3320.0,15478.0,4,16,,,,,,,,,,,,,,,,,,,,,,,,,,,,,,,,,,,,,,,,,,,,,,,,,,,,,,,,,,,,,
14,37,,,,,,,100,95,64,19,219.0,2730,10801,35,0,7.5,1.4;13.0;1.2;2.6;0.9;2.3;52.9;33.2;5.8;3.2;33.4;26.8;0.6;0.6;0.0;0.0;0.3;0.0;0.0;0.0;0.0;1.4;1.1;0.0,37.34,0.1,0.0,0.03,14.457,0.857,49462.0,60009.0,4,16,,,,,,,,,,,,,,,,,,,,,,,,,,,,,,,,,,,,,,,,,,,,,,,,,,,,,,,,,,,,,
14,38,,,,,,,100,95,65,19,219.1,2730,10801,35,0,8.6,2.4;17.0;4.7;2.1;2.1;3.0;27.8;44.1;7.1;5.3;30.2;52.7;1.2;1.8;0.3;0.0;0.0;0.6;0.0;0.0;1.2;1.2;0.9;0.9,37.34,0.1,0.0,0.04,14.457,0.857,3906.0,18994.0,4,16,,,,,,,,,,,,,,,,,,,,,,,,,,,,,,,,,,,,,,,,,,,,,,,,,,,,,,,,,,,,,
14,39,,,,,,,100,96,66,18,220.1,2730,10801,35,0,8.7,1.8;13.6;4.7;3.2;2.9;1.8;33.2;41.2;9.9;5.0;19.3;61.4;1.2;2.1;0.6;0.9;0.6;0.6;0.6;0.9;0.3;1.2;0.6;1.5,37.33,0.1,0.0,0.06,14.457,0.857,3808.0,16845.0,4,16,,,,,,,,,,,,,,,,,,,,,,,,,,,,,,,,,,,,,,,,,,,,,,,,,,,,,,,,,,,,,
14,40,,,,,,,97,92,65,17,218.3,2730,10801,35,0,8.6,3.8;14.2;4.7;4.1;3.2;0.6;54.7;23.9;9.1;5.0;27.7;41.8;2.3;0.9;0.6;0.3;0.9;1.2;0.0;0.0;0.6;3.5;1.5;0.6,37.33,0.1,0.0,0.07,14.457,0.857,12646.0,26855.0,4,16,,,,,,,,,,,,,,,,,,,,,,,,,,,,,,,,,,,,,,,,,,,,,,,,,,,,,,,,,,,,,
14,41,,,,,,,98,92,65,19,218.9,2730,10801,35,0,7.8,0.0;12.7;4.3;3.2;1.4;1.4;41.3;31.4;5.8;4.0;25.7;53.3;0.0;0.0;0.0;0.0;0.0;0.0;0.0;0.0;0.0;2.6;0.0;0.0,37.33,0.1,0.01,0.06,14.457,0.857,3857.0,15283.0,4,16,,,,,,,,,,,,,,,,,,,,,,,,,,,,,,,,,,,,,,,,,,,,,,,,,,,,,,,,,,,,,
14,42,,,,,,,100,95,66,19,219.8,2730,10801,35,0,7.4,0.3;10.1;2.1;1.8;0.9;0.3;38.1;21.5;5.9;4.1;30.3;61.5;0.3;0.0;0.0;0.0;0.0;0.0;0.0;0.0;0.0;0.0;0.0;0.0,37.34,0.1,0.0,0.07,14.457,0.857,3662.0,40185.0,4,16,,,,,,,,,,,,,,,,,,,,,,,,,,,,,,,,,,,,,,,,,,,,,,,,,,,,,,,,,,,,,
14,43,,,,,,,97,94,65,19,219.2,2730,10801,35,0,8.0,1.5;12.4;3.5;1.2;1.2;2.4;59.9;27.9;8.5;5.9;27.1;37.9;0.6;0.6;0.0;0.0;0.0;0.0;0.6;0.0;0.0;0.0;0.0;0.0,37.34,0.1,0.01,0.04,14.457,0.857,18164.0,19482.0,4,16,,,,,,,,,,,,,,,,,,,,,,,,,,,,,,,,,,,,,,,,,,,,,,,,,,,,,,,,,,,,,
14,44,,,,,,,97,91,66,19,217.9,2730,10801,35,0,8.2,2.6;13.5;2.3;1.8;1.2;0.3;37.0;39.1;8.2;4.7;33.2;45.2;1.2;0.3;0.3;0.0;0.0;0.3;0.3;0.0;0.9;0.9;0.6;0.3,37.34,0.1,0.0,0.05,14.457,0.857,16210.0,10058.0,4,16,,,,,,,,,,,,,,,,,,,,,,,,,,,,,,,,,,,,,,,,,,,,,,,,,,,,,,,,,,,,,
14,45,,,,,,,100,95,65,18,217.0,2730,10801,35,0,8.0,1.4;20.8;2.0;1.7;1.2;1.4;25.6;26.2;5.5;6.1;29.9;65.4;0.3;0.0;0.0;0.0;0.0;0.0;0.3;0.0;0.3;0.3;0.6;0.0,37.33,0.1,0.01,0.16,14.457,0.857,4003.0,28173.0,4,16,,,,,,,,,,,,,,,,,,,,,,,,,,,,,,,,,,,,,,,,,,,,,,,,,,,,,,,,,,,,,
14,46,,,,,,,100,93,66,18,219.4,2730,10801,35,0,6.8,0.0;31.1;2.0;0.5;1.0;0.0;52.0;11.8;2.9;2.0;49.5;7.4;0.0;0.5;0.0;0.0;0.0;0.0;0.0;0.0;0.0;0.0;0.0;0.0,37.34,0.1,0.0,0.01,14.457,0.857,390.0,195.0,4,16,,,,,,,,,,,,,,,,,,,,,,,,,,,,,,,,,,,,,,,,,,,,,,,,,,,,,,,,,,,,,
14,summary,0.3984950302817867,0.9853064782243253,0.39919177635973696,0.9859930141481141,0.00098866,252.0,,,,,,,,,,,,,,,,,,,,,,7,96.57,100,1,92.37,100,59,65.3,68,17,18.8,27,172.0,217.83,220.7,2730.3,10801.0,35.0,0,6.8,8.77,51.0,37.33,37.35,37.49,63.16,0.1,0.1,0.1,19.04,0.0,0.0,0.02,0.01,0.71,8.39,10.734,13.6,14.457,14.46,14.457,15.992,0.857,0.86,0.857,390.0,16871.78,121826.0,195.0,56727.17,401855.0,4,4.0,4,16,16.0,16,4,16,190.74,47.56
15,1,,,,,,,80,79,64,27,188.1,2745,10801,35,0,51.0,67.4;67.3;81.7;82.5;87.6;85.0;97.1;96.8;74.9;77.7;95.4;95.3;40.5;43.0;6.0;5.8;23.6;25.7;2.9;3.4;18.4;18.4;12.5;13.4,37.5,0.1,0.0,0.05,14.457,0.857,3076.0,221191.0,4,16,,,,,,,,,,,,,,,,,,,,,,,,,,,,,,,,,,,,,,,,,,,,,,,,,,,,,,,,,,,,,
15,2,,,,,,,97,94,63,19,218.8,2745,10801,35,0,6.9,0.3;12.5;2.4;1.5;0.6;0.3;26.0;37.8;5.9;3.5;24.2;50.4;0.3;0.0;0.0;0.0;0.0;0.0;0.0;0.0;0.0;0.6;0.0;0.0,37.45,0.1,0.01,8.25,14.457,0.857,4248.0,18603.0,4,16,,,,,,,,,,,,,,,,,,,,,,,,,,,,,,,,,,,,,,,,,,,,,,,,,,,,,,,,,,,,,
15,3,,,,,,,96,92,65,20,218.2,2745,10801,35,0,8.1,1.8;16.0;4.7;1.5;1.2;2.1;41.6;47.2;5.0;4.4;39.7;23.9;1.2;0.6;0.3;0.3;0.3;0.3;0.3;0.0;0.6;0.9;0.3;0.3,37.43,0.1,0.02,3.42,14.457,0.857,4980.0,12207.0,4,16,,,,,,,,,,,,,,,,,,,,,,,,,,,,,,,,,,,,,,,,,,,,,,,,,,,,,,,,,,,,,
15,4,,,,,,,99,98,65,20,219.0,2745,10801,35,0,6.8,0.6;13.9;0.6;1.4;0.6;0.0;38.7;25.8;4.8;3.9;31.5;39.6;0.3;0.6;0.0;0.0;0.0;0.0;0.0;0.0;0.0;0.0;0.6;0.0,37.4,0.1,0.0,4.37,14.457,0.857,585.0,195.0,4,16,,,,,,,,,,,,,,,,,,,,,,,,,,,,,,,,,,,,,,,,,,,,,,,,,,,,,,,,,,,,,
15,5,,,,,,,96,84,65,18,220.8,2745,10801,35,0,7.4,0.9;12.2;2.9;1.5;0.9;0.6;32.0;30.1;6.5;4.1;20.9;58.8;0.9;0.6;0.0;0.0;0.6;0.9;0.0;0.0;0.3;0.3;0.6;0.3,37.39,0.1,0.0,2.29,14.457,0.857,7275.0,10351.0,4,16,,,,,,,,,,,,,,,,,,,,,,,,,,,,,,,,,,,,,,,,,,,,,,,,,,,,,,,,,,,,,
15,6,,,,,,,96,90,64,19,219.5,2745,10801,35,0,7.6,2.1;13.7;2.1;1.5;0.3;0.6;53.1;23.7;5.6;2.3;29.6;42.2;0.9;0.0;0.0;0.3;0.3;0.3;0.0;0.0;0.6;1.2;0.6;0.3,37.39,0.1,0.0,2.3,14.457,0.857,6933.0,10449.0,4,16,,,,,,,,,,,,,,,,,,,,,,,,,,,,,,,,,,,,,,,,,,,,,,,,,,,,,,,,,,,,,
15,7,,,,,,,94,92,64,19,218.7,2745,10801,35,0,7.6,2.0;12.7;1.8;2.4;1.8;1.5;54.3;20.2;7.6;1.5;25.3;45.0;2.9;0.3;0.0;0.0;0.9;0.3;0.3;0.0;0.6;0.0;0.0;0.3,37.38,0.1,0.0,2.1,14.457,0.857,3857.0,28662.0,4,16,,,,,,,,,,,,,,,,,,,,,,,,,,,,,,,,,,,,,,,,,,,,,,,,,,,,,,,,,,,,,
15,8,,,,,,,96,82,65,19,215.5,2745,10801,35,0,7.6,1.7;17.6;3.4;1.4;2.8;1.1;22.1;29.2;5.6;2.8;23.9;65.5;1.7;0.8;0.0;0.0;0.8;0.6;0.0;0.3;0.3;0.3;0.0;0.6,37.37,0.1,0.0,1.49,14.457,0.857,1269.0,1708.0,4,16,,,,,,,,,,,,,,,,,,,,,,,,,,,,,,,,,,,,,,,,,,,,,,,,,,,,,,,,,,,,,
15,9,,,,,,,100,95,65,20,219.7,2730,10801,35,0,7.8,0.3;14.5;2.3;4.3;0.9;0.6;55.0;25.5;7.0;3.5;21.1;48.8;1.2;0.6;0.0;0.0;0.0;0.3;0.6;0.0;0.3;0.9;0.3;0.0,37.37,0.1,0.01,1.54,14.457,0.857,35595.0,89746.0,4,16,,,,,,,,,,,,,,,,,,,,,,,,,,,,,,,,,,,,,,,,,,,,,,,,,,,,,,,,,,,,,
15,10,,,,,,,96,86,64,19,220.0,2730,10801,35,0,7.8,1.2;13.9;4.4;2.1;1.2;2.4;54.9;23.3;7.7;2.7;25.1;40.9;0.9;2.3;0.3;0.0;0.6;0.0;0.0;0.0;0.6;0.6;1.5;0.9,37.35,0.1,0.0,3.86,14.457,0.857,9130.0,10791.0,4,16,,,,,,,,,,,,,,,,,,,,,,,,,,,,,,,,,,,,,,,,,,,,,,,,,,,,,,,,,,,,,
15,11,,,,,,,100,100,65,20,219.4,2730,10801,35,0,7.7,1.5;10.7;2.9;2.7;1.8;1.2;28.6;36.5;5.6;4.1;41.6;45.0;1.2;0.3;0.0;0.0;0.6;0.0;0.0;0.0;0.0;0.0;0.0;0.3,37.35,0.1,0.02,0.12,14.457,0.857,12792.0,59277.0,4,16,,,,,,,,,,,,,,,,,,,,,,,,,,,,,,,,,,,,,,,,,,,,,,,,,,,,,,,,,,,,,
15,12,,,,,,,95,77,65,19,216.1,2730,10801,35,0,8.2,1.7;15.4;3.1;2.0;1.1;1.4;38.7;36.4;8.7;2.5;42.3;37.3;0.8;0.6;0.3;0.0;0.0;0.3;0.0;0.0;0.3;0.0;1.9;0.3,37.35,0.1,0.0,0.03,14.457,0.857,390.0,146.0,4,16,,,,,,,,,,,,,,,,,,,,,,,,,,,,,,,,,,,,,,,,,,,,,,,,,,,,,,,,,,,,,
15,13,,,,,,,98,91,65,19,220.4,2745,10801,35,0,8.3,1.2;18.0;5.9;0.6;0.6;1.2;55.4;36.5;12.3;6.4;29.7;26.0;1.2;0.9;0.6;0.6;0.0;0.0;0.0;0.3;0.0;0.6;0.0;0.6,37.35,0.1,0.01,0.07,14.457,0.857,12207.0,10107.0,4,16,,,,,,,,,,,,,,,,,,,,,,,,,,,,,,,,,,,,,,,,,,,,,,,,,,,,,,,,,,,,,
15,14,,,,,,,96,89,64,19,218.5,2745,10801,35,0,9.1,3.8;17.4;3.8;1.2;1.5;0.9;35.8;39.8;10.5;5.5;34.0;49.7;2.0;2.3;0.0;0.0;0.9;0.3;0.6;0.0;2.0;3.2;1.2;0.3,37.36,0.1,0.0,0.1,14.457,0.857,31054.0,507812.0,4,16,,,,,,,,,,,,,,,,,,,,,,,,,,,,,,,,,,,,,,,,,,,,,,,,,,,,,,,,,,,,,
15,15,,,,,,,98,99,65,19,218.7,2745,10801,35,0,9.1,2.4;21.2;2.4;3.5;2.6;0.3;48.1;32.6;9.1;5.6;40.8;41.2;0.9;0.9;0.3;0.6;0.9;0.6;0.0;0.0;0.3;0.0;2.9;0.0,37.36,0.1,0.01,0.03,14.457,0.857,8984.0,22949.0,4,16,,,,,,,,,,,,,,,,,,,,,,,,,,,,,,,,,,,,,,,,,,,,,,,,,,,,,,,,,,,,,
15,16,,,,,,,100,98,62,19,219.0,2745,10801,35,0,7.9,2.5;23.6;2.5;1.7;1.7;0.6;65.2;23.3;7.3;3.9;26.4;26.1;0.3;0.3;0.0;0.0;0.0;0.0;0.0;0.3;0.0;0.0;1.1;0.0,37.36,0.1,0.0,0.04,14.457,0.857,390.0,195.0,4,16,,,,,,,,,,,,,,,,,,,,,,,,,,,,,,,,,,,,,,,,,,,,,,,,,,,,,,,,,,,,,
15,17,,,,,,,97,89,66,20,217.6,2745,10801,35,0,7.1,0.9;11.9;2.1;1.8;2.0;0.9;34.7;27.9;7.1;2.6;56.3;20.5;0.9;0.3;0.0;0.0;0.0;0.0;0.3;0.0;0.0;0.0;0.3;0.0,37.37,0.1,0.0,0.06,14.457,0.857,3662.0,14062.0,4,16,,,,,,,,,,,,,,,,,,,,,,,,,,,,,,,,,,,,,,,,,,,,,,,,,,,,,,,,,,,,,
15,18,,,,,,,96,90,66,19,217.5,2745,10801,35,0,7.3,0.3;13.7;1.2;1.2;0.6;0.6;26.3;33.0;7.4;1.5;36.6;48.8;0.9;0.3;0.0;0.0;0.0;0.0;0.0;0.0;0.0;2.3;0.0;0.0,37.36,0.1,0.13,0.09,14.457,0.857,28808.0,58105.0,4,16,,,,,,,,,,,,,,,,,,,,,,,,,,,,,,,,,,,,,,,,,,,,,,,,,,,,,,,,,,,,,
15,19,,,,,,,96,88,65,18,217.5,2745,10801,35,0,7.5,2.9;12.7;2.3;2.0;1.2;0.6;61.0;23.0;8.8;1.5;36.3;22.3;0.6;0.9;0.0;0.0;0.3;0.3;0.0;0.0;0.0;0.6;0.9;0.0,37.36,0.1,0.0,0.09,14.457,0.857,27099.0,53369.0,4,16,,,,,,,,,,,,,,,,,,,,,,,,,,,,,,,,,,,,,,,,,,,,,,,,,,,,,,,,,,,,,
15,20,,,,,,,100,100,62,19,219.3,2745,10801,35,0,7.0,0.6;13.2;3.7;0.3;1.4;1.4;43.3;24.8;5.1;2.5;32.1;37.9;0.0;0.3;0.0;0.0;0.0;0.0;0.0;0.0;0.0;0.0;0.8;0.0,37.35,0.1,0.0,0.11,14.457,0.857,195.0,1513.0,4,16,,,,,,,,,,,,,,,,,,,,,,,,,,,,,,,,,,,,,,,,,,,,,,,,,,,,,,,,,,,,,
15,21,,,,,,,96,94,66,19,218.7,2745,10801,35,0,7.4,1.8;11.4;2.4;1.5;2.6;1.2;29.5;32.4;5.9;2.7;16.2;67.9;0.3;0.0;0.3;0.3;0.3;0.0;0.0;0.0;0.3;0.3;0.6;0.3,37.36,0.1,0.0,0.06,14.457,0.857,9619.0,23486.0,4,16,,,,,,,,,,,,,,,,,,,,,,,,,,,,,,,,,,,,,,,,,,,,,,,,,,,,,,,,,,,,,
15,22,,,,,,,97,93,66,18,218.9,2745,10801,35,0,7.0,0.0;14.0;0.0;1.5;0.3;0.3;44.3;31.6;5.9;2.4;17.7;46.0;0.3;1.2;0.0;0.0;0.0;0.0;0.0;0.0;0.0;0.6;0.9;0.0,37.35,0.1,0.01,0.04,14.457,0.857,3759.0,28466.0,4,16,,,,,,,,,,,,,,,,,,,,,,,,,,,,,,,,,,,,,,,,,,,,,,,,,,,,,,,,,,,,,
15,23,,,,,,,97,92,65,19,217.8,2745,10801,35,0,7.3,1.5;11.7;3.5;1.8;1.5;1.2;16.7;62.5;7.0;2.3;15.2;44.8;2.6;0.6;0.9;0.0;0.6;0.3;0.0;0.0;0.6;0.3;0.0;0.3,37.35,0.1,0.0,0.04,14.457,0.857,12744.0,9716.0,4,16,,,,,,,,,,,,,,,,,,,,,,,,,,,,,,,,,,,,,,,,,,,,,,,,,,,,,,,,,,,,,
15,24,,,,,,,100,100,62,19,219.3,2745,10801,35,0,7.6,2.0;16.9;1.4;2.3;0.8;1.7;29.7;37.6;5.6;4.2;19.5;54.2;0.6;0.6;0.3;0.0;0.0;0.0;0.6;0.6;0.3;1.7;0.0;0.0,37.36,0.1,0.0,0.11,14.457,0.857,390.0,1513.0,4,16,,,,,,,,,,,,,,,,,,,,,,,,,,,,,,,,,,,,,,,,,,,,,,,,,,,,,,,,,,,,,
15,25,,,,,,,97,85,65,19,219.2,2745,10801,35,0,7.5,1.5;13.5;2.1;1.2;1.5;0.3;55.0;23.2;6.5;3.5;22.4;43.5;0.6;1.2;0.6;0.3;0.3;0.0;0.9;0.0;0.3;0.0;1.5;0.3,37.36,0.1,0.01,0.05,14.457,0.857,3515.0,28076.0,4,16,,,,,,,,,,,,,,,,,,,,,,,,,,,,,,,,,,,,,,,,,,,,,,,,,,,,,,,,,,,,,
15,26,,,,,,,96,94,66,20,217.8,2745,10801,35,0,6.9,0.9;13.5;2.1;0.9;0.0;0.0;22.7;64.3;3.5;2.7;19.5;33.0;0.0;0.0;0.6;0.0;0.0;0.0;0.0;0.0;0.0;0.0;0.6;0.6,37.35,0.1,0.0,0.08,14.457,0.857,3955.0,29492.0,4,16,,,,,,,,,,,,,,,,,,,,,,,,,,,,,,,,,,,,,,,,,,,,,,,,,,,,,,,,,,,,,
15,27,,,,,,,100,99,65,19,218.6,2745,10801,35,0,8.1,2.7;12.2;2.9;1.2;2.3;2.4;36.8;32.4;5.9;3.2;24.0;60.3;0.6;0.0;0.3;0.0;0.0;0.6;0.9;0.3;0.6;2.9;0.0;0.3,37.35,0.1,0.01,0.09,14.457,0.857,96533.0,20214.0,4,16,,,,,,,,,,,,,,,,,,,,,,,,,,,,,,,,,,,,,,,,,,,,,,,,,,,,,,,,,,,,,
15,28,,,,,,,100,96,64,22,219.8,2745,10801,35,0,7.1,0.8;13.5;3.4;1.7;0.6;0.3;44.1;32.5;4.8;3.4;26.0;37.0;1.4;0.6;0.0;0.6;0.0;0.0;0.0;0.0;0.0;0.0;0.0;0.0,37.35,0.1,0.0,0.01,14.457,0.857,1025.0,6640.0,4,16,,,,,,,,,,,,,,,,,,,,,,,,,,,,,,,,,,,,,,,,,,,,,,,,,,,,,,,,,,,,,
15,29,,,,,,,100,95,65,19,219.8,2745,10801,35,0,7.3,0.9;11.0;2.7;2.1;1.5;0.9;38.1;44.4;4.4;4.1;32.7;30.4;0.3;0.3;0.0;0.0;0.0;0.0;0.3;0.0;0.0;0.0;1.8;0.3,37.35,0.1,0.0,0.06,14.457,0.857,12988.0,13232.0,4,16,,,,,,,,,,,,,,,,,,,,,,,,,,,,,,,,,,,,,,,,,,,,,,,,,,,,,,,,,,,,,
15,30,,,,,,,100,95,65,19,219.4,2745,10801,35,0,7.3,0.9;11.1;3.8;0.9;1.5;0.6;30.6;31.7;6.8;3.8;21.8;59.7;1.2;0.3;0.0;0.0;0.0;0.0;0.0;0.0;0.0;0.0;0.0;0.0,37.35,0.1,0.0,0.06,14.457,0.857,13232.0,53320.0,4,16,,,,,,,,,,,,,,,,,,,,,,,,,,,,,,,,,,,,,,,,,,,,,,,,,,,,,,,,,,,,,
15,31,,,,,,,97,92,65,18,218.7,2745,10801,35,0,7.6,0.6;11.9;3.2;1.2;0.9;1.2;44.3;22.2;8.8;4.1;23.5;56.9;0.3;0.3;0.0;0.0;0.0;0.0;0.0;0.0;0.3;0.6;0.3;0.0,37.36,0.1,0.0,0.01,14.457,0.857,9326.0,18701.0,4,16,,,,,,,,,,,,,,,,,,,,,,,,,,,,,,,,,,,,,,,,,,,,,,,,,,,,,,,,,,,,,
15,32,,,,,,,99,100,65,20,219.0,2745,10801,35,0,8.0,1.1;15.6;2.5;1.4;0.8;0.8;37.8;57.1;8.4;3.4;31.2;29.9;0.3;1.1;0.0;0.0;0.3;0.0;0.0;0.0;0.0;0.6;0.0;0.0,37.35,0.1,0.01,0.07,14.457,0.857,2050.0,48535.0,4,16,,,,,,,,,,,,,,,,,,,,,,,,,,,,,,,,,,,,,,,,,,,,,,,,,,,,,,,,,,,,,
15,33,,,,,,,100,94,65,20,218.8,2745,10801,35,0,8.4,0.9;29.9;2.4;0.9;0.6;0.9;32.7;41.6;2.9;5.0;30.4;45.4;1.2;0.3;0.0;0.0;0.3;0.0;0.6;0.3;0.0;0.3;0.0;0.0,37.35,0.1,0.0,0.05,14.457,0.857,41113.0,11914.0,4,16,,,,,,,,,,,,,,,,,,,,,,,,,,,,,,,,,,,,,,,,,,,,,,,,,,,,,,,,,,,,,
15,34,,,,,,,100,96,65,19,219.3,2745,10801,35,0,7.1,0.6;12.4;0.9;0.6;0.0;0.3;37.1;27.4;4.1;4.1;31.4;49.7;0.6;0.3;0.0;0.0;0.3;0.0;0.0;0.0;0.0;0.6;0.0;0.0,37.35,0.1,0.0,0.03,14.457,0.857,5517.0,9960.0,4,16,,,,,,,,,,,,,,,,,,,,,,,,,,,,,,,,,,,,,,,,,,,,,,,,,,,,,,,,,,,,,
15,35,,,,,,,98,93,65,18,216.9,2745,10801,35,0,7.4,1.2;15.2;2.1;2.6;0.9;0.9;53.1;31.8;3.8;3.5;37.9;21.5;1.2;0.9;0.0;0.0;0.3;0.0;0.0;0.0;0.0;1.2;0.0;0.3,37.36,0.1,0.0,0.03,14.457,0.857,17675.0,60351.0,4,16,,,,,,,,,,,,,,,,,,,,,,,,,,,,,,,,,,,,,,,,,,,,,,,,,,,,,,,,,,,,,
15,36,,,,,,,100,98,65,21,217.2,2745,10801,35,0,7.7,2.8;16.0;3.9;2.3;1.4;1.4;48.0;24.1;5.9;4.2;21.3;48.0;1.1;0.8;0.0;0.0;0.3;0.3;0.0;0.0;0.3;0.8;0.3;0.8,37.35,0.1,0.01,0.11,14.457,0.857,1611.0,1562.0,4,16,,,,,,,,,,,,,,,,,,,,,,,,,,,,,,,,,,,,,,,,,,,,,,,,,,,,,,,,,,,,,
15,37,,,,,,,100,98,66,18,218.6,2745,10801,35,0,7.0,0.6;7.4;2.4;0.9;0.9;0.3;42.3;27.3;1.8;5.0;20.7;53.8;0.9;0.9;0.0;0.0;0.0;0.0;0.6;0.3;0.3;0.6;0.0;0.0,37.35,0.1,0.0,0.05,14.457,0.857,27246.0,45898.0,4,16,,,,,,,,,,,,,,,,,,,,,,,,,,,,,,,,,,,,,,,,,,,,,,,,,,,,,,,,,,,,,
15,38,,,,,,,100,93,65,19,218.8,2745,10801,35,0,7.9,1.2;18.0;3.2;1.5;1.2;0.6;53.7;39.4;4.4;5.0;27.8;27.5;0.9;0.0;0.3;0.0;0.0;0.6;0.0;0.6;0.3;2.6;0.0;0.0,37.34,0.1,0.0,0.04,14.457,0.857,9375.0,9912.0,4,16,,,,,,,,,,,,,,,,,,,,,,,,,,,,,,,,,,,,,,,,,,,,,,,,,,,,,,,,,,,,,
15,39,,,,,,,97,94,67,19,218.6,2745,10801,35,0,6.9,0.6;12.0;0.9;1.5;0.9;0.0;37.0;33.3;3.3;3.0;16.6;54.6;0.0;0.3;0.0;0.0;0.0;0.0;0.6;0.3;0.0;0.6;0.0;0.0,37.35,0.1,0.0,0.04,14.457,0.857,4199.0,28710.0,4,16,,,,,,,,,,,,,,,,,,,,,,,,,,,,,,,,,,,,,,,,,,,,,,,,,,,,,,,,,,,,,
15,40,,,,,,,97,93,66,18,218.8,2745,10801,35,0,7.2,0.8;13.4;1.4;1.4;1.1;0.3;10.1;53.9;5.8;6.1;32.4;42.7;1.1;0.6;0.0;0.3;0.3;0.3;0.6;0.0;0.0;0.0;0.6;0.3,37.35,0.1,0.0,0.05,14.457,0.857,439.0,1855.0,4,16,,,,,,,,,,,,,,,,,,,,,,,,,,,,,,,,,,,,,,,,,,,,,,,,,,,,,,,,,,,,,
15,41,,,,,,,100,93,64,18,218.6,2745,10801,35,0,8.1,3.2;12.7;3.5;3.2;1.5;0.6;48.7;31.4;2.9;5.6;35.9;36.6;1.2;0.3;0.0;0.6;0.0;0.3;0.9;0.3;0.9;1.2;1.7;0.6,37.35,0.1,0.01,0.05,14.457,0.857,9472.0,10156.0,4,16,,,,,,,,,,,,,,,,,,,,,,,,,,,,,,,,,,,,,,,,,,,,,,,,,,,,,,,,,,,,,
15,42,,,,,,,100,95,65,17,218.7,2745,10801,35,0,7.8,0.9;15.9;0.9;3.8;1.5;0.6;53.8;26.3;4.4;7.1;28.4;38.5;1.2;0.9;0.0;0.0;0.6;0.9;0.0;0.0;0.3;0.3;0.9;0.0,37.35,0.1,0.0,0.11,14.457,0.857,8740.0,18359.0,4,16,,,,,,,,,,,,,,,,,,,,,,,,,,,,,,,,,,,,,,,,,,,,,,,,,,,,,,,,,,,,,
15,43,,,,,,,100,95,65,19,219.8,2745,10801,35,0,7.9,1.5;11.4;2.6;2.3;0.9;1.2;33.0;32.6;6.1;7.9;27.5;56.4;1.2;0.3;0.3;0.9;0.0;0.3;0.0;0.3;0.0;0.6;0.6;0.3,37.34,0.1,0.0,0.04,14.457,0.857,13330.0,15380.0,4,16,,,,,,,,,,,,,,,,,,,,,,,,,,,,,,,,,,,,,,,,,,,,,,,,,,,,,,,,,,,,,
15,44,,,,,,,96,83,65,18,219.7,2745,10801,35,0,7.5,0.6;13.8;3.1;1.4;1.4;0.8;58.5;24.2;5.1;5.4;24.0;39.3;0.3;0.3;0.0;0.0;0.0;0.0;0.3;0.0;0.0;0.0;0.0;0.0,37.35,0.1,0.0,0.03,14.457,0.857,634.0,537.0,4,16,,,,,,,,,,,,,,,,,,,,,,,,,,,,,,,,,,,,,,,,,,,,,,,,,,,,,,,,,,,,,
15,45,,,,,,,96,87,65,18,219.3,2745,10801,35,0,7.4,2.9;14.4;2.4;4.1;1.2;0.9;61.9;17.1;5.9;6.8;30.6;23.3;1.2;1.2;0.6;0.0;0.0;0.0;0.0;0.0;0.3;3.2;0.0;0.3,37.34,0.1,0.0,0.01,14.457,0.857,5126.0,28417.0,4,16,,,,,,,,,,,,,,,,,,,,,,,,,,,,,,,,,,,,,,,,,,,,,,,,,,,,,,,,,,,,,
15,46,,,,,,,100,95,65,18,219.9,2745,10801,35,0,6.8,1.5;19.6;2.5;0.5;1.5;0.5;18.7;70.0;4.4;3.9;10.8;26.3;1.0;0.5;0.0;0.0;0.0;0.0;0.0;0.0;0.0;0.5;0.0;0.0,37.34,0.1,0.02,0.13,14.457,0.857,390.0,146.0,4,16,,,,,,,,,,,,,,,,,,,,,,,,,,,,,,,,,,,,,,,,,,,,,,,,,,,,,,,,,,,,,
15,summary,0.39716259627663153,0.985642685925972,0.39794948078710096,0.9860282962283456,0.00098694,253.4,,,,,,,,,,,,,,,,,,,,,,80,97.59,100,77,92.5,100,62,64.8,67,17,19.17,27,188.1,218.09,220.8,2743.7,10801.0,35.0,0,6.8,8.52,51.0,37.34,37.36,37.5,63.16,0.1,0.1,0.1,19.04,0.0,0.01,0.13,0.01,0.69,8.25,10.733,13.6,14.457,14.46,14.457,15.992,0.857,0.86,0.857,195.0,11228.96,96533.0,146.0,35999.7,507812.0,4,4.0,4,16,16.0,16,4,16,192.33,47.38
16,1,,,,,,,79,78,64,27,189.1,2745,10801,35,0,51.4,67.9;71.6;84.7;86.3;82.9;83.1;97.8;97.1;74.0;81.1;94.8;95.0;45.7;50.3;3.8;3.7;24.4;26.2;2.2;2.7;18.2;17.5;10.8;11.0,37.51,0.1,0.01,0.06,14.457,0.857,15283.0,149072.0,4,16,,,,,,,,,,,,,,,,,,,,,,,,,,,,,,,,,,,,,,,,,,,,,,,,,,,,,,,,,,,,,
16,2,,,,,,,96,87,65,19,219.2,2745,10801,35,0,9.2,2.9;12.8;3.2;3.2;1.5;0.3;68.2;33.9;8.8;7.0;35.5;31.1;0.9;0.9;0.9;0.6;1.2;0.3;0.0;0.3;1.8;4.6;0.6;0.3,37.46,0.1,0.01,8.35,14.457,0.857,12304.0,11230.0,4,16,,,,,,,,,,,,,,,,,,,,,,,,,,,,,,,,,,,,,,,,,,,,,,,,,,,,,,,,,,,,,
16,3,,,,,,,96,94,64,19,219.0,2745,10801,35,0,8.5,0.3;30.7;2.4;1.8;0.0;0.9;32.9;23.8;7.6;10.3;19.6;67.9;0.6;0.6;0.0;0.3;0.0;0.3;0.0;0.0;0.0;0.6;0.6;0.0,37.45,0.1,0.0,3.43,14.457,0.857,13330.0,12060.0,4,16,,,,,,,,,,,,,,,,,,,,,,,,,,,,,,,,,,,,,,,,,,,,,,,,,,,,,,,,,,,,,
16,4,,,,,,,96,89,65,18,219.2,2745,10801,35,0,7.7,2.0;19.3;3.5;2.3;0.9;0.6;43.9;32.6;4.9;4.6;26.8;38.2;0.3;0.3;0.0;0.0;0.0;0.3;0.0;0.0;0.3;1.4;0.6;0.0,37.43,0.1,0.01,3.63,14.457,0.857,9130.0,10742.0,4,16,,,,,,,,,,,,,,,,,,,,,,,,,,,,,,,,,,,,,,,,,,,,,,,,,,,,,,,,,,,,,
16,5,,,,,,,96,94,64,18,219.1,2745,10801,35,0,7.0,0.3;11.9;1.8;1.8;0.9;0.9;53.4;20.9;4.1;5.0;38.8;25.3;0.6;0.9;0.0;0.0;0.0;0.0;0.0;0.0;0.0;0.0;0.0;0.3,37.4,0.1,0.0,3.08,14.457,0.857,3808.0,25537.0,4,16,,,,,,,,,,,,,,,,,,,,,,,,,,,,,,,,,,,,,,,,,,,,,,,,,,,,,,,,,,,,,
16,6,,,,,,,96,90,65,19,218.2,2745,10801,35,0,7.6,0.9;11.7;2.1;1.5;1.2;0.3;40.9;18.8;2.4;7.4;35.6;53.2;1.2;0.6;0.0;0.6;0.3;0.3;0.3;0.0;0.3;2.0;0.6;0.0,37.4,0.1,0.0,2.27,14.457,0.857,3271.0,25146.0,4,16,,,,,,,,,,,,,,,,,,,,,,,,,,,,,,,,,,,,,,,,,,,,,,,,,,,,,,,,,,,,,
16,7,,,,,,,100,95,65,18,217.9,2745,10801,35,0,7.6,2.6;11.9;1.8;2.4;1.5;0.6;47.8;21.5;3.8;4.7;50.4;26.2;0.6;1.2;0.0;0.0;0.6;0.0;0.3;0.0;1.5;2.0;1.5;0.0,37.38,0.1,0.01,2.11,14.457,0.857,16357.0,10595.0,4,16,,,,,,,,,,,,,,,,,,,,,,,,,,,,,,,,,,,,,,,,,,,,,,,,,,,,,,,,,,,,,
16,8,,,,,,,96,90,65,19,217.8,2745,10801,35,0,7.3,0.6;15.0;2.3;1.7;0.9;0.3;62.0;24.2;3.7;4.9;34.7;22.5;0.6;0.3;0.0;0.0;0.0;0.0;0.0;0.0;0.3;0.6;0.9;0.3,37.38,0.1,0.07,1.67,14.457,0.857,4003.0,19726.0,4,16,,,,,,,,,,,,,,,,,,,,,,,,,,,,,,,,,,,,,,,,,,,,,,,,,,,,,,,,,,,,,
16,9,,,,,,,100,100,66,18,218.5,2745,10801,35,0,8.1,1.8;24.1;2.4;2.7;0.6;0.9;36.1;26.9;5.3;6.2;27.7;50.3;0.9;0.6;1.2;0.0;0.0;0.3;0.3;0.3;0.9;2.1;0.6;0.0,37.37,0.1,0.01,1.57,14.457,0.857,60400.0,50439.0,4,16,,,,,,,,,,,,,,,,,,,,,,,,,,,,,,,,,,,,,,,,,,,,,,,,,,,,,,,,,,,,,
16,10,,,,,,,98,92,65,17,220.7,2745,10801,35,0,8.0,1.8;18.7;3.2;2.3;2.3;1.8;39.5;24.2;2.3;4.7;53.8;29.4;2.1;0.6;0.6;0.3;0.0;0.9;0.0;0.3;0.3;0.9;1.5;0.0,37.35,0.1,0.0,3.89,14.457,0.857,3564.0,42773.0,4,16,,,,,,,,,,,,,,,,,,,,,,,,,,,,,,,,,,,,,,,,,,,,,,,,,,,,,,,,,,,,,
16,11,,,,,,,96,94,64,17,219.4,2745,10801,35,0,7.5,1.2;14.2;0.6;3.2;1.2;0.6;58.4;20.6;3.5;5.9;46.5;19.9;0.6;0.6;0.0;0.3;0.0;0.0;0.0;0.0;1.2;1.2;0.3;0.6,37.35,0.1,0.0,0.09,14.457,0.857,15771.0,9814.0,4,16,,,,,,,,,,,,,,,,,,,,,,,,,,,,,,,,,,,,,,,,,,,,,,,,,,,,,,,,,,,,,
16,12,,,,,,,100,93,66,18,219.9,2745,10801,35,0,7.7,1.4;15.6;3.2;2.3;0.6;0.6;38.9;28.9;5.2;7.0;30.7;44.5;0.9;0.6;0.0;0.0;0.3;0.3;0.0;0.0;1.4;1.4;0.0;0.0,37.37,0.1,0.0,0.14,14.457,0.857,14013.0,10595.0,4,16,,,,,,,,,,,,,,,,,,,,,,,,,,,,,,,,,,,,,,,,,,,,,,,,,,,,,,,,,,,,,
16,13,,,,,,,97,95,64,19,219.1,2745,10801,35,0,8.9,1.5;15.9;2.6;5.6;1.2;2.4;24.0;40.3;6.5;10.0;61.3;37.1;1.2;0.6;0.0;0.0;0.6;0.6;0.6;0.6;0.0;0.3;0.0;0.0,37.38,0.1,0.02,0.21,14.457,0.857,15283.0,10693.0,4,16,,,,,,,,,,,,,,,,,,,,,,,,,,,,,,,,,,,,,,,,,,,,,,,,,,,,,,,,,,,,,
16,14,,,,,,,97,91,65,18,218.4,2745,10801,35,0,8.1,1.5;12.9;3.5;2.1;2.9;2.6;63.7;25.0;5.9;6.7;34.2;28.2;0.3;0.3;0.0;0.0;0.0;0.6;0.3;0.0;0.3;2.6;0.3;0.0,37.37,0.1,0.0,0.04,14.457,0.857,3369.0,15820.0,4,16,,,,,,,,,,,,,,,,,,,,,,,,,,,,,,,,,,,,,,,,,,,,,,,,,,,,,,,,,,,,,
16,15,,,,,,,100,100,66,19,219.2,2745,10801,35,0,7.6,0.0;10.9;2.9;2.6;1.8;1.8;37.2;24.3;6.7;7.6;29.7;55.8;0.3;0.6;0.3;0.0;0.0;0.0;0.0;0.0;0.0;0.9;0.6;0.0,37.38,0.1,0.0,0.09,14.457,0.857,3857.0,28515.0,4,16,,,,,,,,,,,,,,,,,,,,,,,,,,,,,,,,,,,,,,,,,,,,,,,,,,,,,,,,,,,,,
16,16,,,,,,,96,92,65,19,218.2,2745,10801,35,0,7.9,2.0;12.1;2.3;3.8;0.9;1.4;29.9;39.4;4.3;7.0;54.8;26.9;1.7;0.9;0.0;0.0;0.6;0.3;0.0;0.0;0.0;0.6;0.0;0.0,37.38,0.1,0.0,0.02,14.457,0.857,5419.0,89062.0,4,16,,,,,,,,,,,,,,,,,,,,,,,,,,,,,,,,,,,,,,,,,,,,,,,,,,,,,,,,,,,,,
16,17,,,,,,,100,100,66,19,217.8,2745,10801,35,0,7.9,1.8;11.8;2.3;4.9;1.7;0.9;56.1;28.4;4.1;4.4;23.7;46.2;1.2;0.9;0.0;0.0;0.0;0.3;0.0;0.0;0.0;0.9;0.0;0.0,37.37,0.1,0.0,0.15,14.457,0.857,7031.0,23730.0,4,16,,,,,,,,,,,,,,,,,,,,,,,,,,,,,,,,,,,,,,,,,,,,,,,,,,,,,,,,,,,,,
16,18,,,,,,,100,97,66,20,218.4,2745,10801,35,0,7.5,0.6;10.6;3.5;1.2;1.8;0.6;49.7;25.6;4.1;7.4;42.6;30.1;0.6;0.0;0.0;0.0;0.0;0.0;0.6;0.0;0.0;0.9;0.0;0.0,37.36,0.1,0.01,0.08,14.457,0.857,18457.0,61914.0,4,16,,,,,,,,,,,,,,,,,,,,,,,,,,,,,,,,,,,,,,,,,,,,,,,,,,,,,,,,,,,,,
16,19,,,,,,,96,84,66,18,220.3,2745,10801,35,0,8.1,2.7;13.3;2.7;3.2;0.9;0.6;38.5;31.7;5.9;10.5;47.9;33.0;0.3;0.3;0.0;0.0;0.6;0.3;0.0;0.0;0.3;1.2;0.3;0.6,37.36,0.1,0.06,0.01,14.457,0.857,35595.0,48925.0,4,16,,,,,,,,,,,,,,,,,,,,,,,,,,,,,,,,,,,,,,,,,,,,,,,,,,,,,,,,,,,,,
16,20,,,,,,,100,99,67,18,219.9,2745,10801,35,0,9.1,0.9;32.8;2.3;0.9;1.2;0.3;44.6;34.2;3.8;7.2;55.0;28.3;0.9;0.0;0.0;0.0;0.0;0.0;0.0;0.0;0.0;0.0;0.9;0.0,37.36,0.1,0.0,0.06,14.457,0.857,113037.0,30078.0,4,16,,,,,,,,,,,,,,,,,,,,,,,,,,,,,,,,,,,,,,,,,,,,,,,,,,,,,,,,,,,,,
16,21,,,,,,,100,95,65,19,219.9,2745,10801,35,0,7.5,0.9;16.7;1.5;1.2;0.9;0.9;46.9;28.2;3.2;6.5;36.2;33.4;0.6;0.9;0.0;0.0;0.0;0.0;0.0;0.0;0.0;0.0;0.9;0.0,37.36,0.1,0.0,0.03,14.457,0.857,3955.0,25781.0,4,16,,,,,,,,,,,,,,,,,,,,,,,,,,,,,,,,,,,,,,,,,,,,,,,,,,,,,,,,,,,,,
16,22,,,,,,,96,91,67,19,219.6,2745,10801,35,0,7.5,0.6;16.9;2.3;0.6;1.2;1.2;30.9;37.5;2.6;7.3;47.1;27.7;0.0;0.6;0.0;0.0;0.3;0.0;0.0;0.0;0.0;0.0;1.2;0.6,37.37,0.1,0.0,0.04,14.457,0.857,3417.0,126757.0,4,16,,,,,,,,,,,,,,,,,,,,,,,,,,,,,,,,,,,,,,,,,,,,,,,,,,,,,,,,,,,,,
16,23,,,,,,,96,92,65,19,219.4,2745,10801,35,0,7.5,2.1;13.5;2.1;2.3;1.2;1.5;51.2;21.3;5.6;4.1;23.2;47.2;0.6;0.0;0.3;0.0;0.0;0.0;0.3;0.6;0.9;1.7;0.3;0.0,37.36,0.1,0.01,0.09,14.457,0.857,3808.0,14550.0,4,16,,,,,,,,,,,,,,,,,,,,,,,,,,,,,,,,,,,,,,,,,,,,,,,,,,,,,,,,,,,,,
16,24,,,,,,,100,92,66,18,220.7,2745,10801,35,0,7.8,2.0;14.9;3.7;2.9;1.4;0.9;66.3;16.5;5.5;4.6;29.8;29.1;1.7;1.7;0.3;0.0;1.2;0.6;0.3;0.0;0.9;0.9;0.6;0.3,37.36,0.1,0.0,0.04,14.457,0.857,3955.0,14697.0,4,16,,,,,,,,,,,,,,,,,,,,,,,,,,,,,,,,,,,,,,,,,,,,,,,,,,,,,,,,,,,,,
16,25,,,,,,,98,96,66,17,218.3,2745,10801,35,0,6.7,0.0;9.3;1.8;1.5;0.9;0.6;30.1;21.5;2.4;3.2;47.8;41.9;0.0;0.3;0.0;0.0;0.0;0.0;0.0;0.3;0.0;0.0;0.0;0.0,37.36,0.1,0.0,0.03,14.457,0.857,9716.0,12060.0,4,16,,,,,,,,,,,,,,,,,,,,,,,,,,,,,,,,,,,,,,,,,,,,,,,,,,,,,,,,,,,,,
16,26,,,,,,,100,100,65,18,218.8,2745,10801,35,0,7.3,2.9;15.8;1.8;0.6;0.3;0.6;42.8;21.1;3.2;5.0;45.9;34.2;0.3;0.3;0.0;0.0;0.0;0.3;0.0;0.0;0.0;0.0;0.3;0.0,37.37,0.1,0.0,0.06,14.457,0.857,29394.0,334375.0,4,16,,,,,,,,,,,,,,,,,,,,,,,,,,,,,,,,,,,,,,,,,,,,,,,,,,,,,,,,,,,,,
16,27,,,,,,,100,93,65,18,218.8,2745,10801,35,0,7.5,2.1;16.0;2.1;0.6;0.3;1.2;62.4;27.9;3.8;4.4;25.9;30.3;0.6;0.6;0.0;0.0;0.3;0.3;0.0;0.0;0.0;0.0;1.5;0.3,37.38,0.1,0.01,0.08,14.457,0.857,64794.0,27783.0,4,16,,,,,,,,,,,,,,,,,,,,,,,,,,,,,,,,,,,,,,,,,,,,,,,,,,,,,,,,,,,,,
16,28,,,,,,,100,100,65,19,219.6,2745,10801,35,0,7.9,2.9;18.4;3.2;1.4;1.2;1.2;34.8;27.2;4.0;3.8;48.1;38.6;1.2;0.6;0.6;0.0;0.0;0.6;0.0;0.6;0.6;0.3;0.3;0.0,37.37,0.1,0.0,0.03,14.457,0.857,13964.0,59667.0,4,16,,,,,,,,,,,,,,,,,,,,,,,,,,,,,,,,,,,,,,,,,,,,,,,,,,,,,,,,,,,,,
16,29,,,,,,,100,95,64,18,219.6,2745,10801,35,0,7.4,0.3;18.3;1.8;1.2;0.9;0.0;49.0;25.1;5.3;5.6;27.1;40.4;0.6;0.6;0.0;0.0;0.6;0.6;0.0;0.0;0.0;0.6;0.0;0.0,37.37,0.1,0.0,0.06,14.457,0.857,9472.0,24365.0,4,16,,,,,,,,,,,,,,,,,,,,,,,,,,,,,,,,,,,,,,,,,,,,,,,,,,,,,,,,,,,,,
16,30,,,,,,,100,95,66,17,219.7,2745,10801,35,0,7.7,3.2;15.1;1.5;1.8;1.5;0.3;75.1;13.8;5.6;5.6;20.9;35.9;0.3;0.9;0.3;0.0;0.3;0.3;0.0;0.0;0.0;1.5;0.0;0.0,37.37,0.1,0.0,0.05,14.457,0.857,4150.0,27880.0,4,16,,,,,,,,,,,,,,,,,,,,,,,,,,,,,,,,,,,,,,,,,,,,,,,,,,,,,,,,,,,,,
16,31,,,,,,,96,93,67,15,220.3,2745,10801,35,0,7.8,1.5;12.2;1.2;2.4;1.2;1.2;34.4;34.7;5.3;5.0;42.1;42.9;0.9;0.9;0.0;0.0;0.6;0.3;0.0;0.0;0.3;0.6;0.3;0.3,37.37,0.1,0.0,0.05,14.457,0.857,3857.0,19042.0,4,16,,,,,,,,,,,,,,,,,,,,,,,,,,,,,,,,,,,,,,,,,,,,,,,,,,,,,,,,,,,,,
16,32,,,,,,,100,94,65,19,220.2,2745,10801,35,0,7.7,0.9;15.1;2.0;3.5;2.3;0.9;31.7;35.4;7.8;3.7;21.3;57.5;1.2;1.2;0.0;0.0;0.0;0.0;0.0;0.0;0.0;0.0;0.0;0.0,37.37,0.1,0.01,0.09,14.457,0.857,3759.0,20019.0,4,16,,,,,,,,,,,,,,,,,,,,,,,,,,,,,,,,,,,,,,,,,,,,,,,,,,,,,,,,,,,,,
16,33,,,,,,,100,95,66,19,220.9,2745,10801,35,0,8.0,1.5;12.4;4.1;2.6;2.3;1.7;54.7;29.0;7.9;6.4;29.8;37.2;0.9;0.6;0.0;0.0;0.0;0.0;0.0;0.0;0.0;0.9;0.0;0.0,37.37,0.1,0.0,0.05,14.457,0.857,3808.0,107812.0,4,16,,,,,,,,,,,,,,,,,,,,,,,,,,,,,,,,,,,,,,,,,,,,,,,,,,,,,,,,,,,,,
16,34,,,,,,,98,96,66,18,219.1,2745,10801,35,0,7.9,1.5;12.8;2.1;1.5;0.6;0.3;39.2;41.7;4.1;6.2;40.6;35.7;0.6;0.6;0.0;0.0;0.0;0.0;0.0;0.0;0.3;0.9;0.0;0.0,37.37,0.1,0.0,0.04,14.457,0.857,14013.0,30761.0,4,16,,,,,,,,,,,,,,,,,,,,,,,,,,,,,,,,,,,,,,,,,,,,,,,,,,,,,,,,,,,,,
16,35,,,,,,,100,100,66,18,218.9,2745,10801,35,0,7.9,1.8;10.9;3.2;2.9;1.2;0.3;22.1;43.7;5.9;10.8;42.1;41.2;0.9;0.6;0.0;0.0;0.3;0.6;0.0;0.0;0.3;0.0;0.0;0.0,37.37,0.1,0.0,0.07,14.457,0.857,4443.0,18066.0,4,16,,,,,,,,,,,,,,,,,,,,,,,,,,,,,,,,,,,,,,,,,,,,,,,,,,,,,,,,,,,,,
16,36,,,,,,,96,91,66,18,218.7,2745,10801,35,0,8.6,2.9;15.7;3.7;3.4;1.4;3.2;54.6;29.1;6.6;8.0;35.6;30.4;1.7;1.1;0.3;0.3;1.1;0.9;0.3;0.6;0.9;0.9;1.7;0.6,37.37,0.1,0.0,0.06,14.457,0.857,3515.0,104785.0,4,16,,,,,,,,,,,,,,,,,,,,,,,,,,,,,,,,,,,,,,,,,,,,,,,,,,,,,,,,,,,,,
16,37,,,,,,,100,98,66,18,220.3,2745,10801,35,0,9.4,2.4;16.2;4.7;3.8;2.1;1.5;36.5;43.5;9.7;10.9;32.7;51.9;1.2;0.3;0.0;0.9;0.0;0.6;0.6;0.6;0.3;0.6;2.9;0.9,37.36,0.1,0.01,0.03,14.457,0.857,40722.0,53515.0,4,16,,,,,,,,,,,,,,,,,,,,,,,,,,,,,,,,,,,,,,,,,,,,,,,,,,,,,,,,,,,,,
16,38,,,,,,,100,95,65,19,220.7,2745,10801,35,0,8.3,0.6;29.1;2.7;1.8;0.6;1.2;16.5;43.1;4.4;4.7;31.6;57.9;0.6;0.0;0.0;0.0;0.0;0.0;0.0;0.0;0.0;0.6;0.6;0.3,37.36,0.1,0.0,0.07,14.457,0.857,3759.0,28808.0,4,16,,,,,,,,,,,,,,,,,,,,,,,,,,,,,,,,,,,,,,,,,,,,,,,,,,,,,,,,,,,,,
16,39,,,,,,,100,94,66,18,220.8,2730,10801,35,0,7.4,1.2;12.7;3.2;0.6;2.0;0.9;50.9;24.9;2.3;5.8;26.3;42.4;0.6;0.6;0.0;0.0;0.6;0.9;0.0;0.0;0.0;0.3;0.0;0.0,37.36,0.1,0.0,0.15,14.457,0.857,9130.0,212792.0,4,16,,,,,,,,,,,,,,,,,,,,,,,,,,,,,,,,,,,,,,,,,,,,,,,,,,,,,,,,,,,,,
16,40,,,,,,,100,100,67,18,220.1,2745,10801,35,0,6.9,1.4;12.2;1.4;1.4;0.6;0.3;40.1;45.4;4.3;2.0;25.1;27.2;0.9;0.6;0.0;0.3;0.3;0.0;0.0;0.3;0.3;1.4;0.3;0.0,37.36,0.1,0.02,0.08,14.457,0.857,4052.0,22314.0,4,16,,,,,,,,,,,,,,,,,,,,,,,,,,,,,,,,,,,,,,,,,,,,,,,,,,,,,,,,,,,,,
16,41,,,,,,,96,86,66,18,220.3,2730,10801,35,0,7.0,0.6;12.2;2.4;1.2;0.3;0.6;28.4;23.3;6.5;4.4;22.1;63.7;0.3;0.6;0.0;0.0;0.0;0.0;0.0;0.0;0.0;0.0;1.2;0.0,37.37,0.1,0.02,0.08,14.457,0.857,4345.0,15820.0,4,16,,,,,,,,,,,,,,,,,,,,,,,,,,,,,,,,,,,,,,,,,,,,,,,,,,,,,,,,,,,,,
16,42,,,,,,,100,92,67,18,220.4,2730,10801,35,0,7.3,2.3;13.2;2.0;0.9;0.6;0.9;59.6;21.0;5.0;3.8;23.0;38.6;0.9;0.3;0.0;0.0;0.0;0.0;0.6;0.3;0.0;0.0;0.6;0.3,37.37,0.1,0.0,0.07,14.457,0.857,3417.0,51367.0,4,16,,,,,,,,,,,,,,,,,,,,,,,,,,,,,,,,,,,,,,,,,,,,,,,,,,,,,,,,,,,,,
16,43,,,,,,,96,94,65,18,219.6,2730,10801,35,0,7.3,1.5;13.7;1.8;1.5;0.3;0.6;30.9;51.9;4.7;2.9;36.8;25.3;0.9;0.3;0.0;0.0;0.0;0.0;0.0;0.0;0.0;0.9;1.2;0.9,37.37,0.1,0.0,0.07,14.457,0.857,12988.0,15869.0,4,16,,,,,,,,,,,,,,,,,,,,,,,,,,,,,,,,,,,,,,,,,,,,,,,,,,,,,,,,,,,,,
16,44,,,,,,,100,95,67,18,220.2,2730,10801,35,0,7.2,1.2;16.5;0.6;1.2;0.0;0.3;37.3;23.4;5.5;4.3;15.6;64.6;0.3;0.3;0.0;0.0;0.0;0.0;0.6;0.0;0.3;0.6;0.0;0.0,37.37,0.1,0.0,0.01,14.457,0.857,9814.0,27343.0,4,16,,,,,,,,,,,,,,,,,,,,,,,,,,,,,,,,,,,,,,,,,,,,,,,,,,,,,,,,,,,,,
16,45,,,,,,,100,95,66,19,218.9,2730,10801,35,0,6.4,0.0;16.9;1.5;0.6;0.9;0.0;55.7;32.3;2.0;3.5;19.8;17.9;0.3;0.0;0.0;0.0;0.0;0.0;0.0;0.0;0.0;0.0;0.0;0.0,37.36,0.1,0.0,0.07,14.457,0.857,9814.0,205371.0,4,16,,,,,,,,,,,,,,,,,,,,,,,,,,,,,,,,,,,,,,,,,,,,,,,,,,,,,,,,,,,,,
16,46,,,,,,,100,95,67,18,221.1,2745,10801,35,0,6.2,1.0;11.7;3.0;2.0;1.0;0.5;19.4;66.7;5.9;2.5;24.9;10.0;0.0;0.0;0.0;0.0;0.5;1.0;0.0;0.0;0.0;0.0;0.0;0.0,37.36,0.1,0.02,0.09,14.457,0.857,195.0,1562.0,4,16,,,,,,,,,,,,,,,,,,,,,,,,,,,,,,,,,,,,,,,,,,,,,,,,,,,,,,,,,,,,,
16,summary,0.39728817757565477,0.9855866513090309,0.40298545778636785,0.9829940373284409,0.00098509,251.8,,,,,,,,,,,,,,,,,,,,,,79,97.98,100,78,93.83,100,64,65.54,67,15,18.43,27,189.1,218.79,221.1,2743.0,10801.0,35.0,0,6.2,8.67,51.4,37.35,37.38,37.51,63.16,0.1,0.1,0.1,19.04,0.0,0.01,0.07,0.01,0.71,8.35,10.733,13.6,14.457,14.46,14.457,15.992,0.857,0.86,0.857,195.0,14163.87,113037.0,1562.0,49774.5,334375.0,4,4.0,4,16,16.0,16,4,16,190.2,48.0
17,1,,,,,,,42,42,64,22,185.7,2745,10801,35,0,51.0,61.2;65.7;81.9;81.7;82.4;82.8;96.3;96.9;68.0;71.0;94.8;93.3;46.4;48.0;9.2;7.9;27.8;26.6;7.8;5.7;20.6;14.2;16.6;15.8,37.53,0.1,0.0,0.05,14.457,0.857,6445.0,198876.0,4,16,,,,,,,,,,,,,,,,,,,,,,,,,,,,,,,,,,,,,,,,,,,,,,,,,,,,,,,,,,,,,
17,2,,,,,,,96,84,66,19,220.5,2745,10801,35,0,7.8,1.2;12.8;2.9;2.1;2.1;2.1;30.0;55.2;5.3;4.4;29.8;31.6;0.9;1.5;0.0;0.0;0.9;0.0;0.0;0.3;0.3;0.6;0.6;1.2,37.48,0.1,0.0,7.86,14.457,0.857,9619.0,10498.0,4,16,,,,,,,,,,,,,,,,,,,,,,,,,,,,,,,,,,,,,,,,,,,,,,,,,,,,,,,,,,,,,
17,3,,,,,,,100,100,66,19,219.5,2745,10801,35,0,7.3,1.2;12.5;2.6;1.7;2.0;0.9;46.2;32.6;4.3;3.5;23.5;41.2;0.0;0.0;0.0;0.0;0.0;0.0;0.0;0.0;0.3;0.3;1.2;0.3,37.47,0.1,0.0,4.29,14.457,0.857,17480.0,10693.0,4,16,,,,,,,,,,,,,,,,,,,,,,,,,,,,,,,,,,,,,,,,,,,,,,,,,,,,,,,,,,,,,
17,4,,,,,,,96,86,65,20,219.2,2745,10801,35,0,8.0,3.2;10.8;4.4;3.2;2.0;1.2;21.6;40.5;7.3;6.4;35.3;54.2;1.2;0.3;0.0;0.0;0.0;0.3;0.0;0.0;0.0;0.0;0.0;0.0,37.45,0.1,0.02,2.91,14.457,0.857,16406.0,9960.0,4,16,,,,,,,,,,,,,,,,,,,,,,,,,,,,,,,,,,,,,,,,,,,,,,,,,,,,,,,,,,,,,
17,5,,,,,,,96,94,64,20,219.3,2745,10801,35,0,7.0,0.3;11.4;2.4;1.2;1.2;0.0;23.5;39.1;6.2;3.2;21.2;56.5;0.3;0.0;0.0;0.0;0.0;0.0;0.0;0.0;0.0;0.0;1.2;0.0,37.43,0.1,0.0,3.05,14.457,0.857,7421.0,11083.0,4,16,,,,,,,,,,,,,,,,,,,,,,,,,,,,,,,,,,,,,,,,,,,,,,,,,,,,,,,,,,,,,
17,6,,,,,,,96,92,65,17,218.8,2745,10801,35,0,7.4,0.9;12.0;2.9;0.6;1.2;1.5;61.9;23.9;5.6;7.4;21.2;37.1;0.6;0.6;0.0;0.0;0.0;0.3;0.0;0.3;0.0;1.2;0.0;0.0,37.41,0.1,0.0,2.52,14.457,0.857,6738.0,10595.0,4,16,,,,,,,,,,,,,,,,,,,,,,,,,,,,,,,,,,,,,,,,,,,,,,,,,,,,,,,,,,,,,
17,7,,,,,,,96,92,65,18,208.3,2745,10801,35,0,8.0,3.2;14.0;4.0;0.9;2.0;2.0;33.9;37.2;5.7;6.6;21.0;57.1;0.6;0.3;0.0;0.6;0.6;0.6;0.0;0.0;0.3;1.1;0.6;0.0,37.39,0.1,0.0,2.06,14.457,0.857,3466.0,22949.0,4,16,,,,,,,,,,,,,,,,,,,,,,,,,,,,,,,,,,,,,,,,,,,,,,,,,,,,,,,,,,,,,
17,8,,,,,,,98,94,66,18,217.0,2745,10801,35,0,8.4,0.9;27.8;1.8;1.8;0.9;0.3;38.2;37.9;5.0;6.8;30.3;44.0;0.9;0.6;0.0;0.0;0.0;0.0;0.0;0.0;0.3;0.3;0.0;0.0,37.39,0.1,0.0,1.53,14.457,0.857,4101.0,15185.0,4,16,,,,,,,,,,,,,,,,,,,,,,,,,,,,,,,,,,,,,,,,,,,,,,,,,,,,,,,,,,,,,
17,9,,,,,,,100,100,65,19,218.5,2745,10801,35,0,7.5,1.2;16.7;1.5;2.3;1.8;0.3;23.4;66.5;4.4;2.9;32.0;24.0;0.3;0.0;0.0;0.0;0.3;0.3;0.3;0.0;0.6;0.6;0.6;0.0,37.38,0.1,0.02,1.55,14.457,0.857,23876.0,66259.0,4,16,,,,,,,,,,,,,,,,,,,,,,,,,,,,,,,,,,,,,,,,,,,,,,,,,,,,,,,,,,,,,
17,10,,,,,,,96,83,66,18,219.9,2745,10801,35,0,7.3,0.6;14.6;1.8;1.5;0.3;0.6;15.6;48.1;5.6;3.2;20.1;60.2;0.9;0.3;0.0;0.0;0.0;0.0;0.0;0.0;0.0;0.6;0.0;0.0,37.36,0.1,0.01,4.08,14.457,0.857,13769.0,10546.0,4,16,,,,,,,,,,,,,,,,,,,,,,,,,,,,,,,,,,,,,,,,,,,,,,,,,,,,,,,,,,,,,
17,11,,,,,,,100,100,66,17,213.8,2745,10801,35,0,8.0,2.3;18.7;3.2;3.2;1.7;2.0;29.4;33.3;7.2;6.6;36.0;41.8;1.1;1.1;0.0;0.6;0.3;0.3;0.0;0.0;0.0;1.1;0.0;0.0,37.37,0.1,0.0,0.04,14.457,0.857,3613.0,145458.0,4,16,,,,,,,,,,,,,,,,,,,,,,,,,,,,,,,,,,,,,,,,,,,,,,,,,,,,,,,,,,,,,
17,12,,,,,,,100,95,67,17,219.0,2745,10801,35,0,7.1,1.8;10.9;1.8;0.3;0.0;0.9;44.8;36.5;7.1;3.5;27.4;32.6;0.6;0.9;0.0;0.0;0.3;0.0;0.0;0.0;0.3;1.2;0.0;0.6,37.36,0.1,0.0,0.01,14.457,0.857,3906.0,16699.0,4,16,,,,,,,,,,,,,,,,,,,,,,,,,,,,,,,,,,,,,,,,,,,,,,,,,,,,,,,,,,,,,
17,13,,,,,,,96,93,65,17,218.6,2730,10801,35,0,7.8,2.1;13.0;2.4;1.2;0.9;0.6;26.5;36.8;5.6;3.5;25.2;62.5;0.9;0.6;0.0;0.0;0.0;0.0;0.3;0.0;0.3;0.3;2.9;0.3,37.36,0.1,0.0,0.07,14.457,0.857,6835.0,13720.0,4,16,,,,,,,,,,,,,,,,,,,,,,,,,,,,,,,,,,,,,,,,,,,,,,,,,,,,,,,,,,,,,
17,14,,,,,,,99,100,65,18,218.9,2730,10801,35,0,7.1,0.3;12.1;2.3;0.9;0.0;0.6;29.2;27.6;7.0;2.3;24.8;60.8;0.6;0.6;0.3;0.0;0.3;0.0;0.0;0.3;0.0;0.6;0.0;0.0,37.36,0.1,0.01,0.06,14.457,0.857,5175.0,10107.0,4,16,,,,,,,,,,,,,,,,,,,,,,,,,,,,,,,,,,,,,,,,,,,,,,,,,,,,,,,,,,,,,
17,15,,,,,,,96,89,66,19,219.2,2745,10801,35,0,7.0,0.6;12.8;2.3;1.4;0.6;0.3;57.1;15.1;6.1;3.2;42.9;21.7;0.3;0.6;0.0;0.0;0.0;0.6;0.0;0.0;0.0;0.0;1.2;0.0,37.37,0.1,0.0,0.03,14.457,0.857,9960.0,12060.0,4,16,,,,,,,,,,,,,,,,,,,,,,,,,,,,,,,,,,,,,,,,,,,,,,,,,,,,,,,,,,,,,
17,16,,,,,,,96,93,66,17,219.0,2745,10801,35,0,7.5,0.6;16.1;3.5;1.7;0.6;0.9;43.3;29.2;3.2;7.3;27.8;42.7;0.0;0.3;0.0;0.0;0.0;0.3;0.0;0.0;0.0;0.0;0.9;0.0,37.37,0.1,0.0,0.13,14.457,0.857,3466.0,14453.0,4,16,,,,,,,,,,,,,,,,,,,,,,,,,,,,,,,,,,,,,,,,,,,,,,,,,,,,,,,,,,,,,
17,17,,,,,,,100,93,65,20,217.6,2745,10801,35,0,7.5,1.2;13.6;2.1;1.5;0.9;0.6;44.0;12.4;7.1;6.5;23.9;61.9;0.9;0.3;0.3;0.0;0.0;0.0;0.0;0.0;0.3;1.2;1.2;0.0,37.37,0.1,0.0,0.11,14.457,0.857,4003.0,18359.0,4,16,,,,,,,,,,,,,,,,,,,,,,,,,,,,,,,,,,,,,,,,,,,,,,,,,,,,,,,,,,,,,
17,18,,,,,,,100,94,65,19,217.7,2745,10801,35,0,7.2,0.0;10.1;3.5;1.2;1.8;1.2;60.8;27.4;5.3;3.8;28.0;28.3;0.0;0.3;0.0;0.0;0.3;0.0;0.0;0.3;0.0;0.0;0.6;0.0,37.37,0.1,0.01,0.06,14.457,0.857,47216.0,72314.0,4,16,,,,,,,,,,,,,,,,,,,,,,,,,,,,,,,,,,,,,,,,,,,,,,,,,,,,,,,,,,,,,
17,19,,,,,,,96,90,66,19,218.5,2745,10801,35,0,7.6,1.2;14.7;2.0;2.9;2.6;0.9;32.1;48.0;7.8;4.0;31.1;32.8;0.6;0.3;0.0;0.0;0.0;0.3;0.0;0.0;1.4;0.0;0.0;0.0,37.37,0.1,0.0,0.04,14.457,0.857,31591.0,53271.0,4,16,,,,,,,,,,,,,,,,,,,,,,,,,,,,,,,,,,,,,,,,,,,,,,,,,,,,,,,,,,,,,
17,20,,,,,,,100,92,66,19,218.9,2745,10801,35,0,8.4,2.1;15.8;3.8;3.5;3.2;1.5;32.4;20.1;8.8;5.0;24.1;74.7;0.3;0.6;0.3;0.3;0.3;0.3;0.9;0.3;0.3;0.6;0.3;0.3,37.37,0.1,0.0,0.03,14.457,0.857,8740.0,9814.0,4,16,,,,,,,,,,,,,,,,,,,,,,,,,,,,,,,,,,,,,,,,,,,,,,,,,,,,,,,,,,,,,
17,21,,,,,,,98,92,66,19,220.0,2745,10801,35,0,7.7,0.9;13.8;3.5;0.9;1.2;0.9;53.8;25.5;6.2;2.9;39.2;33.3;0.3;0.3;0.0;0.0;0.0;0.3;0.0;0.3;0.0;0.3;0.0;0.6,37.36,0.1,0.01,0.22,14.457,0.857,3759.0,38427.0,4,16,,,,,,,,,,,,,,,,,,,,,,,,,,,,,,,,,,,,,,,,,,,,,,,,,,,,,,,,,,,,,
17,22,,,,,,,100,100,67,19,219.4,2745,10801,35,0,8.3,2.6;14.5;3.5;1.8;1.2;1.8;46.5;37.4;8.5;5.8;24.6;42.5;1.5;0.9;0.3;0.6;0.6;0.3;0.3;0.0;1.2;0.6;1.8;0.9,37.37,0.1,0.0,0.06,14.457,0.857,3613.0,29101.0,4,16,,,,,,,,,,,,,,,,,,,,,,,,,,,,,,,,,,,,,,,,,,,,,,,,,,,,,,,,,,,,,
17,23,,,,,,,96,83,65,18,210.8,2745,10801,35,0,7.3,0.6;11.5;3.2;1.4;0.6;0.9;31.8;29.0;5.8;5.2;23.7;59.7;0.9;0.3;0.0;0.0;0.0;0.0;0.0;0.0;0.3;0.0;0.9;0.0,37.37,0.1,0.01,0.08,14.457,0.857,3808.0,22363.0,4,16,,,,,,,,,,,,,,,,,,,,,,,,,,,,,,,,,,,,,,,,,,,,,,,,,,,,,,,,,,,,,
17,24,,,,,,,96,93,67,19,220.0,2730,10801,35,0,8.1,1.5;18.7;1.8;2.3;0.6;1.2;57.2;27.3;6.2;5.3;19.6;48.1;0.9;0.6;0.3;0.0;0.0;0.0;0.0;0.0;0.0;0.0;0.6;0.0,37.36,0.1,0.0,0.04,14.457,0.857,15673.0,10937.0,4,16,,,,,,,,,,,,,,,,,,,,,,,,,,,,,,,,,,,,,,,,,,,,,,,,,,,,,,,,,,,,,
17,25,,,,,,,100,96,65,18,219.2,2730,10801,35,0,10.2,1.5;27.7;5.2;3.8;2.1;2.6;45.8;45.0;9.4;11.0;33.2;47.1;1.4;2.3;0.0;0.3;0.6;0.9;0.3;0.3;0.9;0.6;1.7;0.0,37.36,0.1,0.0,0.06,14.457,0.857,3613.0,22314.0,4,16,,,,,,,,,,,,,,,,,,,,,,,,,,,,,,,,,,,,,,,,,,,,,,,,,,,,,,,,,,,,,
17,26,,,,,,,100,95,65,18,218.1,2730,10801,35,0,7.7,1.5;18.8;1.8;2.3;0.0;1.2;30.1;23.4;3.5;7.1;19.8;70.0;0.6;0.6;0.0;0.0;0.6;0.0;0.0;0.0;0.0;0.6;0.9;0.3,37.35,0.1,0.0,0.01,14.457,0.857,3417.0,15625.0,4,16,,,,,,,,,,,,,,,,,,,,,,,,,,,,,,,,,,,,,,,,,,,,,,,,,,,,,,,,,,,,,
17,27,,,,,,,96,89,65,19,216.2,2730,10801,35,0,8.1,2.9;14.4;3.2;3.2;2.6;1.7;50.9;27.5;6.4;7.5;22.9;39.8;0.6;1.7;0.9;0.3;0.9;0.0;0.9;0.9;0.3;2.9;1.2;0.6,37.34,0.1,0.0,0.06,14.457,0.857,4003.0,25878.0,4,16,,,,,,,,,,,,,,,,,,,,,,,,,,,,,,,,,,,,,,,,,,,,,,,,,,,,,,,,,,,,,
17,28,,,,,,,98,94,65,17,218.6,2730,10801,35,0,7.0,0.3;13.7;1.5;1.2;0.6;0.0;43.7;31.7;3.2;3.5;34.0;32.7;0.3;0.6;0.0;0.0;0.0;0.0;0.0;0.0;0.0;1.2;0.0;0.0,37.34,0.1,0.01,0.07,14.457,0.857,31640.0,160546.0,4,16,,,,,,,,,,,,,,,,,,,,,,,,,,,,,,,,,,,,,,,,,,,,,,,,,,,,,,,,,,,,,
17,29,,,,,,,98,91,65,17,219.9,2730,10801,35,0,7.2,1.5;16.3;1.2;1.2;0.6;0.3;29.4;24.7;4.1;2.9;21.9;67.1;0.3;0.3;0.0;0.0;0.0;0.0;0.0;0.0;0.3;0.0;0.6;0.0,37.35,0.1,0.0,0.03,14.457,0.857,3662.0,12158.0,4,16,,,,,,,,,,,,,,,,,,,,,,,,,,,,,,,,,,,,,,,,,,,,,,,,,,,,,,,,,,,,,
17,30,,,,,,,96,92,66,17,219.7,2730,10801,35,0,7.7,1.5;17.2;1.5;1.8;0.9;0.6;40.9;30.1;4.1;5.3;17.4;57.8;0.9;0.6;0.0;0.0;0.3;0.0;0.0;0.0;0.6;0.9;0.3;0.6,37.34,0.1,0.0,0.01,14.457,0.857,9472.0,10498.0,4,16,,,,,,,,,,,,,,,,,,,,,,,,,,,,,,,,,,,,,,,,,,,,,,,,,,,,,,,,,,,,,
17,31,,,,,,,100,93,65,20,219.4,2745,10801,35,0,6.9,1.4;12.0;2.3;1.2;0.9;0.6;50.4;35.1;4.3;5.8;27.7;22.9;0.6;0.0;0.0;0.0;0.0;0.0;0.0;0.0;0.0;0.0;0.3;0.3,37.34,0.1,0.0,0.07,14.457,0.857,16259.0,10302.0,4,16,,,,,,,,,,,,,,,,,,,,,,,,,,,,,,,,,,,,,,,,,,,,,,,,,,,,,,,,,,,,,
17,32,,,,,,,96,94,68,19,219.4,2745,10801,35,0,7.7,1.8;12.7;2.6;2.3;2.1;1.5;37.8;19.4;5.3;4.4;34.9;51.6;1.2;2.3;0.3;0.0;0.3;0.3;0.3;0.0;0.0;0.0;1.8;0.6,37.35,0.1,0.01,0.12,14.457,0.857,13378.0,10595.0,4,16,,,,,,,,,,,,,,,,,,,,,,,,,,,,,,,,,,,,,,,,,,,,,,,,,,,,,,,,,,,,,
17,33,,,,,,,97,92,66,18,218.5,2730,10801,35,0,7.8,2.6;12.4;3.5;2.9;2.9;1.2;36.3;26.6;6.1;3.2;32.7;48.4;1.8;1.5;0.0;0.0;0.0;0.3;0.3;0.0;0.6;2.3;0.3;0.0,37.35,0.1,0.0,0.03,14.457,0.857,3857.0,15478.0,4,16,,,,,,,,,,,,,,,,,,,,,,,,,,,,,,,,,,,,,,,,,,,,,,,,,,,,,,,,,,,,,
17,34,,,,,,,100,100,65,19,219.1,2730,10801,35,0,8.8,3.8;21.5;2.4;5.0;2.1;2.1;45.7;32.4;5.9;5.9;31.0;41.9;1.5;1.2;0.0;0.3;0.9;0.3;0.6;0.9;1.2;2.9;0.9;1.5,37.34,0.1,0.0,0.07,14.457,0.857,16894.0,10498.0,4,16,,,,,,,,,,,,,,,,,,,,,,,,,,,,,,,,,,,,,,,,,,,,,,,,,,,,,,,,,,,,,
17,35,,,,,,,96,92,65,19,208.7,2730,10801,35,0,8.2,2.0;18.7;2.3;2.0;2.9;0.9;43.6;19.1;5.2;3.8;30.2;55.6;1.7;1.7;0.6;0.6;0.3;1.2;0.6;0.9;0.6;0.6;0.3;0.0,37.35,0.1,0.0,0.06,14.457,0.857,4248.0,19628.0,4,16,,,,,,,,,,,,,,,,,,,,,,,,,,,,,,,,,,,,,,,,,,,,,,,,,,,,,,,,,,,,,
17,36,,,,,,,100,100,65,19,218.0,2730,10801,35,0,8.1,0.3;18.3;2.9;2.1;2.4;1.5;34.4;31.6;8.5;5.0;23.9;59.5;0.9;0.0;0.6;0.3;0.6;0.3;0.0;0.0;0.0;0.3;0.3;0.0,37.35,0.1,0.01,0.03,14.457,0.857,11523.0,11816.0,4,16,,,,,,,,,,,,,,,,,,,,,,,,,,,,,,,,,,,,,,,,,,,,,,,,,,,,,,,,,,,,,
17,37,,,,,,,100,98,65,20,217.9,2730,10801,35,0,7.8,1.2;13.0;2.7;2.1;1.5;0.9;52.6;32.0;7.1;5.9;42.8;23.6;0.0;0.6;0.0;0.0;0.0;0.0;0.0;0.0;0.0;0.0;0.0;0.0,37.35,0.1,0.01,0.05,14.457,0.857,34228.0,74023.0,4,16,,,,,,,,,,,,,,,,,,,,,,,,,,,,,,,,,,,,,,,,,,,,,,,,,,,,,,,,,,,,,
17,38,,,,,,,96,85,66,19,219.3,2730,10801,35,0,8.8,2.1;15.8;7.3;4.7;2.6;2.7;54.2;25.9;6.7;6.2;26.5;49.1;2.1;1.2;0.0;0.0;0.0;0.0;0.0;0.3;0.6;0.9;0.6;0.0,37.36,0.1,0.0,0.04,14.457,0.857,5371.0,17382.0,4,16,,,,,,,,,,,,,,,,,,,,,,,,,,,,,,,,,,,,,,,,,,,,,,,,,,,,,,,,,,,,,
17,39,,,,,,,100,100,65,19,213.4,2730,10801,35,0,7.5,1.2;13.5;2.6;0.9;0.9;0.6;28.0;27.7;8.6;4.6;45.8;44.2;0.0;0.0;0.0;0.0;0.0;0.0;0.0;0.0;0.3;1.1;0.3;0.0,37.35,0.1,0.0,0.02,14.457,0.857,4492.0,23242.0,4,16,,,,,,,,,,,,,,,,,,,,,,,,,,,,,,,,,,,,,,,,,,,,,,,,,,,,,,,,,,,,,
17,40,,,,,,,100,93,64,19,219.2,2730,10801,35,0,7.6,1.5;13.3;1.8;0.3;0.9;0.9;57.9;33.3;4.1;7.9;28.3;29.2;0.0;0.0;0.0;0.0;0.3;0.0;0.0;0.0;0.0;2.3;0.0;0.0,37.35,0.1,0.0,0.02,14.457,0.857,4199.0,29003.0,4,16,,,,,,,,,,,,,,,,,,,,,,,,,,,,,,,,,,,,,,,,,,,,,,,,,,,,,,,,,,,,,
17,41,,,,,,,96,95,67,19,219.2,2730,10801,35,0,7.8,0.6;16.3;2.6;1.2;2.1;1.2;49.4;20.9;7.4;4.4;17.6;60.5;0.3;0.0;0.0;0.0;0.0;0.0;0.3;0.0;0.0;1.2;0.6;0.0,37.36,0.1,0.01,0.07,14.457,0.857,3710.0,19970.0,4,16,,,,,,,,,,,,,,,,,,,,,,,,,,,,,,,,,,,,,,,,,,,,,,,,,,,,,,,,,,,,,
17,42,,,,,,,96,92,66,19,218.7,2730,10801,35,0,8.7,1.5;15.3;4.1;2.1;0.9;1.5;32.5;35.6;10.2;8.5;33.2;61.9;0.3;0.3;0.0;0.0;0.3;0.3;0.0;0.0;0.0;0.0;0.0;0.0,37.35,0.1,0.0,0.03,14.457,0.857,13720.0,10498.0,4,16,,,,,,,,,,,,,,,,,,,,,,,,,,,,,,,,,,,,,,,,,,,,,,,,,,,,,,,,,,,,,
17,43,,,,,,,100,95,65,18,217.2,2730,10801,35,0,8.5,1.7;29.1;1.4;2.3;0.9;0.9;33.7;35.0;4.6;6.7;33.9;45.7;0.9;0.3;0.0;0.0;0.0;0.3;0.0;0.0;0.3;0.3;0.3;0.3,37.36,0.1,0.0,0.03,14.457,0.857,4199.0,13671.0,4,16,,,,,,,,,,,,,,,,,,,,,,,,,,,,,,,,,,,,,,,,,,,,,,,,,,,,,,,,,,,,,
17,44,,,,,,,100,95,66,19,218.4,2730,10801,35,0,7.4,2.0;12.7;1.5;3.2;2.3;0.6;51.9;25.2;3.5;4.7;15.2;49.0;0.9;0.9;0.0;0.9;0.6;0.9;0.3;0.3;0.3;0.3;0.3;0.6,37.36,0.1,0.0,0.09,14.457,0.857,15136.0,16015.0,4,16,,,,,,,,,,,,,,,,,,,,,,,,,,,,,,,,,,,,,,,,,,,,,,,,,,,,,,,,,,,,,
17,45,,,,,,,97,85,66,19,218.0,2730,10801,35,0,6.9,1.5;12.5;2.9;2.1;0.9;1.2;34.9;29.1;2.1;7.3;7.4;55.6;1.8;0.9;0.9;0.9;0.6;0.6;0.0;0.6;0.6;0.3;0.3;0.3,37.34,0.1,0.0,0.04,14.457,0.857,4248.0,27783.0,4,16,,,,,,,,,,,,,,,,,,,,,,,,,,,,,,,,,,,,,,,,,,,,,,,,,,,,,,,,,,,,,
17,46,,,,,,,99,95,66,18,219.3,2730,10801,35,0,7.9,3.9;13.8;3.9;3.4;2.5;2.0;37.7;16.1;5.4;7.8;69.8;11.7;2.0;2.9;0.0;0.0;0.5;0.5;0.0;1.0;0.0;2.9;0.5;0.0,37.34,0.1,0.02,0.1,14.457,0.857,146.0,1513.0,4,16,,,,,,,,,,,,,,,,,,,,,,,,,,,,,,,,,,,,,,,,,,,,,,,,,,,,,,,,,,,,,
17,summary,0.39445204096858316,0.9865641440712263,0.3994844268882712,0.984722859259782,0.00098312,251.9,,,,,,,,,,,,,,,,,,,,,,42,96.74,100,42,92.07,100,64,65.54,68,17,18.61,22,185.7,217.25,220.5,2737.5,10801.0,35.0,0,6.9,8.71,51.0,37.34,37.37,37.53,63.16,0.1,0.1,0.1,19.04,0.0,0.0,0.02,0.01,0.7,7.86,10.733,13.6,14.457,14.46,14.457,15.992,0.857,0.86,0.857,146.0,10262.91,47216.0,1513.0,30264.41,198876.0,4,4.0,4,16,16.0,16,4,16,191.48,46.74
18,1,,,,,,,72,69,62,26,186.2,2730,10801,35,0,50.9,69.0;66.3;79.8;81.3;85.4;85.6;97.3;97.2;69.4;76.2;94.9;94.2;40.6;44.7;5.5;5.1;26.2;28.0;4.0;3.7;19.2;20.4;13.0;14.4,37.51,0.1,0.0,0.04,14.457,0.857,8007.0,9521.0,4,16,,,,,,,,,,,,,,,,,,,,,,,,,,,,,,,,,,,,,,,,,,,,,,,,,,,,,,,,,,,,,
18,2,,,,,,,96,94,64,19,218.7,2730,10801,35,0,8.6,3.2;20.4;3.5;3.5;1.5;1.5;23.9;32.2;5.0;7.9;29.2;68.7;0.9;0.0;0.0;0.3;1.2;0.3;0.0;0.0;0.3;0.9;0.6;0.6,37.47,0.1,0.01,6.72,14.457,0.857,3662.0,15087.0,4,16,,,,,,,,,,,,,,,,,,,,,,,,,,,,,,,,,,,,,,,,,,,,,,,,,,,,,,,,,,,,,
18,3,,,,,,,100,94,67,19,219.3,2730,10801,35,0,7.8,2.0;17.7;2.9;1.7;1.7;2.0;49.7;22.8;5.5;6.0;37.6;33.1;0.9;0.3;0.0;0.0;0.3;0.3;0.6;0.6;0.0;0.3;0.0;0.3,37.45,0.1,0.01,4.65,14.457,0.857,3613.0,13671.0,4,16,,,,,,,,,,,,,,,,,,,,,,,,,,,,,,,,,,,,,,,,,,,,,,,,,,,,,,,,,,,,,
18,4,,,,,,,96,92,64,19,218.4,2730,10801,35,0,8.1,1.5;14.9;3.5;3.8;1.5;1.5;59.1;22.3;7.6;5.9;22.9;43.1;1.2;0.9;0.3;0.0;0.9;0.0;0.0;0.0;0.3;1.8;0.6;0.3,37.43,0.1,0.03,2.92,14.457,0.857,5273.0,26904.0,4,16,,,,,,,,,,,,,,,,,,,,,,,,,,,,,,,,,,,,,,,,,,,,,,,,,,,,,,,,,,,,,
18,5,,,,,,,96,92,65,19,218.2,2730,10801,35,0,7.5,0.9;13.7;1.5;1.5;0.3;0.9;32.0;26.5;6.2;3.5;32.9;56.2;0.9;0.3;0.0;0.0;0.0;0.0;0.0;0.0;0.0;1.7;0.0;0.0,37.42,0.1,0.0,3.26,14.457,0.857,4980.0,10546.0,4,16,,,,,,,,,,,,,,,,,,,,,,,,,,,,,,,,,,,,,,,,,,,,,,,,,,,,,,,,,,,,,
18,6,,,,,,,100,100,65,19,218.9,2730,10801,35,0,7.5,1.8;14.0;2.9;1.5;0.6;0.9;46.0;29.7;5.9;5.3;39.7;28.7;0.3;1.2;0.0;0.0;0.3;0.3;0.0;0.3;0.3;0.0;0.0;0.3,37.41,0.1,0.0,2.69,14.457,0.857,6982.0,20751.0,4,16,,,,,,,,,,,,,,,,,,,,,,,,,,,,,,,,,,,,,,,,,,,,,,,,,,,,,,,,,,,,,
18,7,,,,,,,99,99,65,20,216.7,2730,10801,35,0,9.0,4.6;16.6;4.9;2.6;2.9;2.9;52.6;34.8;7.0;7.5;36.7;31.2;1.4;1.7;0.3;0.0;0.9;0.9;0.0;0.0;0.9;0.3;2.9;1.2,37.39,0.1,0.0,2.27,14.457,0.857,9179.0,29589.0,4,16,,,,,,,,,,,,,,,,,,,,,,,,,,,,,,,,,,,,,,,,,,,,,,,,,,,,,,,,,,,,,
18,8,,,,,,,100,99,65,20,218.1,2730,10801,35,0,8.0,1.5;12.2;1.7;1.8;1.2;0.3;41.7;23.6;8.2;3.2;27.8;63.7;1.5;0.3;0.6;0.0;0.6;0.0;0.0;0.0;0.0;0.9;0.0;0.0,37.39,0.1,0.0,1.54,14.457,0.857,15087.0,9521.0,4,16,,,,,,,,,,,,,,,,,,,,,,,,,,,,,,,,,,,,,,,,,,,,,,,,,,,,,,,,,,,,,
18,9,,,,,,,100,93,66,18,218.0,2730,10801,35,0,7.5,1.5;10.9;2.1;2.6;0.3;1.5;35.1;37.5;6.2;5.6;28.6;46.2;0.0;0.3;0.0;0.0;0.0;0.0;0.0;0.0;0.0;0.0;0.3;0.0,37.38,0.1,0.01,1.58,14.457,0.857,39892.0,58300.0,4,16,,,,,,,,,,,,,,,,,,,,,,,,,,,,,,,,,,,,,,,,,,,,,,,,,,,,,,,,,,,,,
18,10,,,,,,,96,91,65,19,219.4,2730,10801,35,0,8.5,3.5;16.1;4.7;3.5;1.8;0.9;58.5;21.2;7.0;7.3;40.0;31.7;1.5;0.3;0.0;0.0;0.0;0.3;0.9;0.0;0.3;0.9;2.9;0.0,37.36,0.1,0.0,4.24,14.457,0.857,5273.0,10498.0,4,16,,,,,,,,,,,,,,,,,,,,,,,,,,,,,,,,,,,,,,,,,,,,,,,,,,,,,,,,,,,,,
18,11,,,,,,,100,94,66,19,218.8,2730,10801,35,0,7.9,1.2;15.5;3.2;2.0;2.3;0.0;38.8;30.9;6.1;8.4;26.6;48.1;0.3;0.0;0.0;0.0;0.3;0.3;0.0;0.0;0.9;2.0;2.0;0.3,37.36,0.1,0.0,0.05,14.457,0.857,7226.0,10937.0,4,16,,,,,,,,,,,,,,,,,,,,,,,,,,,,,,,,,,,,,,,,,,,,,,,,,,,,,,,,,,,,,
18,12,,,,,,,100,96,67,18,219.6,2730,10801,35,0,8.7,0.9;13.9;3.8;1.2;0.9;1.2;50.3;29.0;10.2;7.3;40.5;45.9;0.6;0.0;0.0;0.0;0.0;0.0;0.0;0.0;0.3;1.7;0.0;0.0,37.35,0.1,0.0,0.08,14.457,0.857,3710.0,16357.0,4,16,,,,,,,,,,,,,,,,,,,,,,,,,,,,,,,,,,,,,,,,,,,,,,,,,,,,,,,,,,,,,
18,13,,,,,,,96,91,65,19,218.1,2730,10801,35,0,8.9,0.6;30.7;2.6;2.6;3.2;0.3;44.1;52.4;6.2;5.6;26.5;33.1;0.3;0.0;0.0;0.0;0.0;0.0;0.0;0.0;0.6;0.0;0.0;0.3,37.36,0.1,0.0,0.02,14.457,0.857,13867.0,22412.0,4,16,,,,,,,,,,,,,,,,,,,,,,,,,,,,,,,,,,,,,,,,,,,,,,,,,,,,,,,,,,,,,
18,14,,,,,,,100,100,65,19,219.6,2730,10801,35,0,7.7,2.1;16.3;2.6;0.6;1.2;0.9;37.6;32.0;5.6;7.6;25.0;47.8;0.3;0.0;0.0;0.0;0.0;0.3;0.0;0.0;0.3;1.5;2.3;0.3,37.37,0.1,0.01,0.06,14.457,0.857,18798.0,302783.0,4,16,,,,,,,,,,,,,,,,,,,,,,,,,,,,,,,,,,,,,,,,,,,,,,,,,,,,,,,,,,,,,
18,15,,,,,,,96,91,66,17,218.5,2730,10801,35,0,7.5,1.7;16.7;3.4;3.2;1.7;0.3;39.3;29.7;3.5;7.2;31.2;41.0;0.3;0.3;0.0;0.0;0.6;0.0;0.0;0.0;0.0;0.3;0.6;0.0,37.36,0.1,0.0,0.04,14.457,0.857,3857.0,28271.0,4,16,,,,,,,,,,,,,,,,,,,,,,,,,,,,,,,,,,,,,,,,,,,,,,,,,,,,,,,,,,,,,
18,16,,,,,,,96,92,66,18,218.4,2730,10801,35,0,7.3,0.9;13.3;1.5;2.6;0.9;2.3;51.3;35.8;4.4;3.8;18.8;37.5;0.3;0.3;0.0;0.0;0.0;0.3;0.0;0.0;0.0;0.6;0.0;0.0,37.35,0.1,0.0,0.05,14.457,0.857,16406.0,10058.0,4,16,,,,,,,,,,,,,,,,,,,,,,,,,,,,,,,,,,,,,,,,,,,,,,,,,,,,,,,,,,,,,
18,17,,,,,,,100,95,65,17,217.2,2730,10801,35,0,7.6,1.8;12.8;2.7;1.5;1.8;0.6;39.7;25.9;4.7;2.9;21.1;61.4;0.6;0.6;0.3;0.0;0.3;0.3;0.0;0.0;0.6;1.7;0.9;0.3,37.35,0.1,0.01,0.04,14.457,0.857,30175.0,12060.0,4,16,,,,,,,,,,,,,,,,,,,,,,,,,,,,,,,,,,,,,,,,,,,,,,,,,,,,,,,,,,,,,
18,18,,,,,,,100,91,66,19,217.4,2730,10801,35,0,7.1,1.5;12.5;1.5;2.1;0.9;0.9;41.3;20.9;2.7;4.4;27.9;50.6;0.6;0.3;0.0;0.0;0.3;0.3;0.0;0.3;0.3;0.3;0.6;0.0,37.34,0.1,0.0,0.05,14.457,0.857,34619.0,54394.0,4,16,,,,,,,,,,,,,,,,,,,,,,,,,,,,,,,,,,,,,,,,,,,,,,,,,,,,,,,,,,,,,
18,19,,,,,,,96,92,65,19,217.7,2730,10801,35,0,7.9,2.3;15.8;3.2;2.3;2.3;0.6;55.2;36.0;3.2;4.6;28.2;27.4;1.2;1.4;0.3;0.0;0.0;0.6;0.0;0.3;1.4;1.1;0.0;0.0,37.35,0.1,0.01,0.05,14.457,0.857,17333.0,51757.0,4,16,,,,,,,,,,,,,,,,,,,,,,,,,,,,,,,,,,,,,,,,,,,,,,,,,,,,,,,,,,,,,
18,20,,,,,,,100,95,65,19,219.4,2730,10801,35,0,6.9,0.6;12.7;1.5;0.6;0.9;0.6;51.6;23.0;2.9;5.0;14.5;48.7;1.2;1.2;0.0;0.0;0.0;0.0;0.0;0.0;0.0;0.6;0.0;0.0,37.35,0.1,0.0,0.03,14.457,0.857,50048.0,16455.0,4,16,,,,,,,,,,,,,,,,,,,,,,,,,,,,,,,,,,,,,,,,,,,,,,,,,,,,,,,,,,,,,
18,21,,,,,,,97,86,65,18,219.5,2730,10801,35,0,7.2,0.3;12.2;1.5;2.1;0.3;0.3;29.6;43.1;3.8;2.1;28.7;46.3;0.0;0.3;0.0;0.0;0.0;0.0;0.3;0.0;0.0;0.6;0.0;0.0,37.35,0.1,0.0,0.04,14.457,0.857,7617.0,12548.0,4,16,,,,,,,,,,,,,,,,,,,,,,,,,,,,,,,,,,,,,,,,,,,,,,,,,,,,,,,,,,,,,
18,22,,,,,,,100,100,65,18,218.2,2730,10801,35,0,7.8,1.8;13.5;3.2;2.3;2.1;4.1;36.7;41.6;5.0;6.7;32.6;29.9;2.1;0.9;0.0;0.0;0.9;0.3;0.3;0.0;1.5;0.0;1.2;0.0,37.35,0.1,0.0,0.06,14.457,0.857,3613.0,61523.0,4,16,,,,,,,,,,,,,,,,,,,,,,,,,,,,,,,,,,,,,,,,,,,,,,,,,,,,,,,,,,,,,
18,23,,,,,,,96,92,66,19,218.8,2730,10801,35,0,7.6,2.3;16.6;2.6;3.8;2.6;0.6;46.7;31.0;5.5;4.3;18.8;41.4;0.6;1.4;0.0;0.3;0.6;0.3;0.3;0.0;0.6;2.0;0.0;0.3,37.35,0.1,0.01,0.07,14.457,0.857,3857.0,15673.0,4,16,,,,,,,,,,,,,,,,,,,,,,,,,,,,,,,,,,,,,,,,,,,,,,,,,,,,,,,,,,,,,
18,24,,,,,,,97,90,66,20,218.9,2730,10801,35,0,7.4,1.2;15.9;2.0;2.3;0.6;1.2;26.7;33.8;4.6;3.5;40.8;39.8;0.6;0.3;0.6;0.0;0.6;0.6;0.3;0.0;0.0;0.6;0.3;0.6,37.33,0.1,0.0,0.05,14.457,0.857,5029.0,19628.0,4,16,,,,,,,,,,,,,,,,,,,,,,,,,,,,,,,,,,,,,,,,,,,,,,,,,,,,,,,,,,,,,
18,25,,,,,,,99,100,65,19,218.9,2730,10801,35,0,7.7,1.5;10.9;2.9;2.4;1.2;1.5;61.9;15.2;4.4;3.8;32.9;37.9;0.6;1.2;0.0;0.3;0.6;1.2;1.5;0.0;0.3;1.8;0.9;0.6,37.35,0.1,0.0,0.05,14.457,0.857,6445.0,14208.0,4,16,,,,,,,,,,,,,,,,,,,,,,,,,,,,,,,,,,,,,,,,,,,,,,,,,,,,,,,,,,,,,
18,26,,,,,,,98,94,65,19,217.5,2730,10801,35,0,7.8,2.4;14.1;1.8;0.9;2.1;0.6;60.3;23.8;6.8;5.3;37.6;25.1;0.6;1.2;0.0;0.3;0.6;0.6;0.0;0.0;0.9;1.5;0.0;0.0,37.35,0.1,0.0,0.01,14.457,0.857,4101.0,151025.0,4,16,,,,,,,,,,,,,,,,,,,,,,,,,,,,,,,,,,,,,,,,,,,,,,,,,,,,,,,,,,,,,
18,27,,,,,,,100,98,66,19,216.5,2730,10801,35,0,7.7,2.0;16.5;2.6;1.2;1.2;1.4;27.1;30.6;5.5;6.9;64.5;21.6;0.3;0.6;0.0;0.0;0.6;0.0;0.0;0.0;0.6;0.0;0.3;0.6,37.36,0.1,0.0,0.04,14.457,0.857,7568.0,28515.0,4,16,,,,,,,,,,,,,,,,,,,,,,,,,,,,,,,,,,,,,,,,,,,,,,,,,,,,,,,,,,,,,
18,28,,,,,,,100,99,65,19,217.8,2730,10801,35,0,8.2,1.8;15.1;5.3;0.9;1.8;1.8;41.9;30.3;7.6;5.9;35.7;40.0;0.3;2.1;0.6;0.3;1.5;0.6;0.9;0.0;0.6;0.9;0.9;0.6,37.36,0.1,0.01,0.08,14.457,0.857,33740.0,68261.0,4,16,,,,,,,,,,,,,,,,,,,,,,,,,,,,,,,,,,,,,,,,,,,,,,,,,,,,,,,,,,,,,
18,29,,,,,,,96,86,65,18,219.1,2730,10801,35,0,7.4,1.2;14.5;3.2;1.5;0.6;0.0;59.2;24.3;5.6;2.6;38.9;26.1;0.0;0.0;0.0;0.0;0.0;0.0;0.0;0.0;0.0;0.0;0.6;0.0,37.36,0.1,0.0,0.03,14.457,0.857,111962.0,138916.0,4,16,,,,,,,,,,,,,,,,,,,,,,,,,,,,,,,,,,,,,,,,,,,,,,,,,,,,,,,,,,,,,
18,30,,,,,,,96,92,66,19,218.8,2730,10801,35,0,9.0,0.6;27.9;2.9;3.2;0.9;0.3;34.6;44.1;8.2;7.4;45.5;36.5;0.3;0.3;0.0;0.0;0.3;0.0;0.0;0.0;0.3;0.0;0.0;0.0,37.36,0.1,0.0,0.06,14.457,0.857,40966.0,22558.0,4,16,,,,,,,,,,,,,,,,,,,,,,,,,,,,,,,,,,,,,,,,,,,,,,,,,,,,,,,,,,,,,
18,31,,,,,,,100,94,64,18,219.5,2730,10801,35,0,7.0,1.2;14.6;2.0;1.7;0.3;0.3;47.8;23.5;3.8;4.1;33.6;33.3;0.3;0.0;0.0;0.0;0.0;0.0;0.0;0.0;0.0;0.3;0.0;0.0,37.36,0.1,0.0,0.04,14.457,0.857,8251.0,17089.0,4,16,,,,,,,,,,,,,,,,,,,,,,,,,,,,,,,,,,,,,,,,,,,,,,,,,,,,,,,,,,,,,
18,32,,,,,,,96,94,67,18,219.4,2730,10801,35,0,7.7,1.8;14.5;2.3;0.6;0.6;0.9;60.1;33.1;4.4;3.5;27.5;27.0;0.0;1.2;0.6;0.0;0.6;0.3;0.0;0.3;0.3;1.5;2.0;0.6,37.36,0.1,0.01,0.08,14.457,0.857,186279.0,35644.0,4,16,,,,,,,,,,,,,,,,,,,,,,,,,,,,,,,,,,,,,,,,,,,,,,,,,,,,,,,,,,,,,
18,33,,,,,,,96,91,65,18,218.1,2730,10801,35,0,7.6,2.0;10.7;2.3;1.7;1.4;0.6;34.2;36.8;5.2;4.3;39.9;35.1;0.0;1.2;0.0;0.6;0.6;0.3;0.3;0.6;0.9;0.9;1.4;0.3,37.36,0.1,0.0,0.07,14.457,0.857,5322.0,10400.0,4,16,,,,,,,,,,,,,,,,,,,,,,,,,,,,,,,,,,,,,,,,,,,,,,,,,,,,,,,,,,,,,
18,34,,,,,,,100,95,66,19,218.7,2730,10801,35,0,8.1,2.4;14.8;2.6;2.1;1.8;1.5;45.6;20.2;5.3;7.1;37.2;45.3;2.1;0.3;0.9;0.3;0.9;0.3;0.0;0.0;0.6;0.3;1.2;0.3,37.37,0.1,0.0,0.1,14.457,0.857,3369.0,24609.0,4,16,,,,,,,,,,,,,,,,,,,,,,,,,,,,,,,,,,,,,,,,,,,,,,,,,,,,,,,,,,,,,
18,35,,,,,,,100,95,65,19,217.2,2730,10801,35,0,7.2,0.6;18.2;2.6;0.0;0.9;0.3;62.3;18.0;2.9;4.1;24.9;34.8;0.0;0.3;0.0;0.0;0.0;0.0;0.3;0.0;0.0;0.0;0.6;0.0,37.36,0.1,0.0,0.05,14.457,0.857,3955.0,29833.0,4,16,,,,,,,,,,,,,,,,,,,,,,,,,,,,,,,,,,,,,,,,,,,,,,,,,,,,,,,,,,,,,
18,36,,,,,,,100,93,65,19,218.0,2730,10801,35,0,7.2,1.2;12.4;2.1;1.8;0.3;0.3;33.2;36.4;3.5;6.7;30.5;42.4;0.3;0.3;0.0;0.0;0.0;0.0;0.0;0.0;0.0;1.2;0.0;0.0,37.36,0.1,0.0,0.07,14.457,0.857,7666.0,21728.0,4,16,,,,,,,,,,,,,,,,,,,,,,,,,,,,,,,,,,,,,,,,,,,,,,,,,,,,,,,,,,,,,
18,37,,,,,,,100,94,66,19,219.6,2730,10801,35,0,7.5,1.2;17.8;1.8;1.5;0.3;0.6;27.2;27.9;4.4;3.6;46.4;42.6;0.9;0.6;0.0;0.0;0.3;0.6;0.0;0.0;0.0;0.3;0.0;0.0,37.36,0.1,0.01,0.06,14.457,0.857,27246.0,68408.0,4,16,,,,,,,,,,,,,,,,,,,,,,,,,,,,,,,,,,,,,,,,,,,,,,,,,,,,,,,,,,,,,
18,38,,,,,,,96,92,65,19,218.7,2730,10801,35,0,7.1,0.6;14.5;1.8;0.3;1.5;0.3;71.2;25.6;2.9;6.8;14.1;28.4;0.3;0.6;0.0;0.0;0.0;0.0;0.3;0.0;0.0;0.6;0.0;0.0,37.35,0.1,0.0,0.02,14.457,0.857,14990.0,341796.0,4,16,,,,,,,,,,,,,,,,,,,,,,,,,,,,,,,,,,,,,,,,,,,,,,,,,,,,,,,,,,,,,
18,39,,,,,,,98,94,66,18,220.0,2730,10801,35,0,7.4,1.7;16.0;2.0;1.4;0.6;0.9;43.6;25.9;3.5;3.5;25.0;49.6;0.0;0.6;0.0;0.0;0.3;0.3;0.0;0.0;0.3;1.1;0.0;0.0,37.36,0.1,0.0,0.04,14.457,0.857,3906.0,16259.0,4,16,,,,,,,,,,,,,,,,,,,,,,,,,,,,,,,,,,,,,,,,,,,,,,,,,,,,,,,,,,,,,
18,40,,,,,,,96,89,66,19,219.3,2730,10801,35,0,7.2,1.2;12.0;1.8;2.1;0.6;0.6;25.0;33.0;6.5;4.4;27.7;53.1;0.3;0.3;0.0;0.0;0.0;0.3;0.0;0.0;0.0;2.6;0.0;0.0,37.36,0.1,0.0,0.03,14.457,0.857,4003.0,22656.0,4,16,,,,,,,,,,,,,,,,,,,,,,,,,,,,,,,,,,,,,,,,,,,,,,,,,,,,,,,,,,,,,
18,41,,,,,,,100,99,66,19,219.4,2730,10801,35,0,8.2,1.2;17.0;2.9;4.1;0.9;2.6;52.9;29.2;7.0;4.7;40.4;28.3;1.7;0.6;0.0;0.0;0.3;0.3;0.0;0.0;0.3;0.9;0.9;0.0,37.38,0.1,0.0,0.06,14.457,0.857,76806.0,155273.0,4,16,,,,,,,,,,,,,,,,,,,,,,,,,,,,,,,,,,,,,,,,,,,,,,,,,,,,,,,,,,,,,
18,42,,,,,,,100,94,65,18,219.2,2730,10801,35,0,8.0,2.1;15.0;1.2;4.1;2.6;1.8;40.9;33.7;5.0;5.6;33.6;42.2;0.6;0.3;0.0;0.0;0.0;0.3;0.0;0.0;0.3;0.0;0.6;0.3,37.36,0.1,0.01,0.12,14.457,0.857,6542.0,10107.0,4,16,,,,,,,,,,,,,,,,,,,,,,,,,,,,,,,,,,,,,,,,,,,,,,,,,,,,,,,,,,,,,
18,43,,,,,,,96,92,66,17,218.3,2730,10801,35,0,7.3,1.4;11.0;3.7;1.2;0.6;0.3;30.3;22.2;3.8;7.0;30.6;61.8;0.3;0.3;0.0;0.0;0.0;0.0;0.0;0.0;0.0;0.0;0.0;0.0,37.37,0.1,0.0,0.03,14.457,0.857,3906.0,18603.0,4,16,,,,,,,,,,,,,,,,,,,,,,,,,,,,,,,,,,,,,,,,,,,,,,,,,,,,,,,,,,,,,
18,44,,,,,,,100,100,65,16,219.9,2730,10801,35,0,8.5,3.5;16.0;4.1;2.9;0.6;1.5;67.7;20.8;5.9;8.2;23.4;41.3;0.6;1.2;0.0;0.0;0.9;0.6;0.3;0.3;0.6;1.2;0.6;0.6,37.36,0.1,0.0,0.03,14.457,0.857,9570.0,19580.0,4,16,,,,,,,,,,,,,,,,,,,,,,,,,,,,,,,,,,,,,,,,,,,,,,,,,,,,,,,,,,,,,
18,45,,,,,,,98,90,67,18,217.9,2730,10801,35,0,6.8,0.6;11.2;1.8;1.2;1.2;1.2;29.8;28.1;5.6;4.1;57.8;17.7;0.0;0.9;0.0;0.0;0.0;0.0;0.0;0.0;0.0;1.2;0.6;0.0,37.36,0.1,0.0,0.12,14.457,0.857,9814.0,45898.0,4,16,,,,,,,,,,,,,,,,,,,,,,,,,,,,,,,,,,,,,,,,,,,,,,,,,,,,,,,,,,,,,
18,46,,,,,,,97,93,65,18,218.7,2730,10801,35,0,6.5,1.0;11.5;1.0;1.0;1.0;0.0;14.1;38.8;1.5;4.9;57.1;18.9;0.0;0.0;0.0;0.0;0.0;0.0;0.0;0.0;0.0;0.0;2.9;0.0,37.36,0.1,0.02,0.16,14.457,0.857,146.0,1611.0,4,16,,,,,,,,,,,,,,,,,,,,,,,,,,,,,,,,,,,,,,,,,,,,,,,,,,,,,,,,,,,,,
18,summary,0.39407385801484474,0.9865703701397752,0.3965280522723703,0.9859224499876512,0.00098103,252.0,,,,,,,,,,,,,,,,,,,,,,72,97.63,100,69,93.39,100,62,65.37,67,16,18.74,26,186.2,217.88,220.0,2730.0,10801.0,35.0,0,6.5,8.65,50.9,37.33,37.37,37.51,63.16,0.1,0.1,0.1,19.04,0.0,0.0,0.03,0.01,0.69,6.72,10.733,13.6,14.457,14.46,14.457,15.992,0.857,0.86,0.857,146.0,19449.04,186279.0,1611.0,45700.46,341796.0,4,4.0,4,16,16.0,16,4,16,191.0,47.31
19,1,,,,,,,62,63,58,20,156.9,2745,10801,35,0,51.8,71.0;73.7;87.3;81.3;88.2;86.3;97.0;97.1;73.8;78.1;95.8;95.7;44.8;46.3;5.4;5.0;24.5;27.2;3.2;2.7;16.8;17.0;11.8;11.7,37.52,0.1,0.0,0.09,14.457,0.857,12451.0,169726.0,4,16,,,,,,,,,,,,,,,,,,,,,,,,,,,,,,,,,,,,,,,,,,,,,,,,,,,,,,,,,,,,,
19,2,,,,,,,96,92,64,20,218.3,2745,10801,35,0,7.6,1.4;16.5;2.0;1.2;0.9;1.2;46.2;27.9;5.5;4.9;23.1;46.1;2.3;0.3;0.0;0.0;0.6;0.3;0.0;0.0;0.0;1.7;0.6;0.0,37.47,0.1,0.0,8.18,14.457,0.857,9716.0,280859.0,4,16,,,,,,,,,,,,,,,,,,,,,,,,,,,,,,,,,,,,,,,,,,,,,,,,,,,,,,,,,,,,,
19,3,,,,,,,96,91,66,20,218.3,2745,10801,35,0,6.8,0.3;9.5;0.9;0.3;0.3;0.0;23.2;39.1;2.4;2.6;26.8;55.1;0.6;0.3;0.0;0.0;0.0;0.0;0.0;0.0;0.0;0.0;0.6;0.0,37.45,0.1,0.0,4.41,14.457,0.857,3955.0,29443.0,4,16,,,,,,,,,,,,,,,,,,,,,,,,,,,,,,,,,,,,,,,,,,,,,,,,,,,,,,,,,,,,,
19,4,,,,,,,100,100,66,18,219.4,2745,10801,35,0,8.1,2.9;13.1;4.1;3.2;2.1;0.9;40.9;32.6;5.3;4.1;37.5;40.1;1.2;1.8;0.0;0.3;0.3;0.6;0.3;0.0;0.9;1.8;0.6;0.3,37.44,0.1,0.03,2.81,14.457,0.857,7470.0,27343.0,4,16,,,,,,,,,,,,,,,,,,,,,,,,,,,,,,,,,,,,,,,,,,,,,,,,,,,,,,,,,,,,,
19,5,,,,,,,97,88,65,19,220.4,2745,10801,35,0,8.2,2.6;20.7;2.0;3.2;1.5;1.2;59.4;22.3;6.4;5.9;16.6;48.2;0.6;0.6;0.3;0.0;0.3;0.0;0.0;0.0;0.9;0.0;1.5;0.9,37.42,0.1,0.0,3.04,14.457,0.857,12500.0,23095.0,4,16,,,,,,,,,,,,,,,,,,,,,,,,,,,,,,,,,,,,,,,,,,,,,,,,,,,,,,,,,,,,,
19,6,,,,,,,100,100,65,18,219.2,2745,10801,35,0,7.5,1.2;19.4;1.7;0.6;1.2;0.0;20.9;42.0;6.9;2.3;22.0;56.5;0.9;0.6;0.0;0.0;0.0;0.3;0.3;0.0;0.6;0.3;0.3;0.6,37.41,0.1,0.0,2.29,14.457,0.857,6103.0,23388.0,4,16,,,,,,,,,,,,,,,,,,,,,,,,,,,,,,,,,,,,,,,,,,,,,,,,,,,,,,,,,,,,,
19,7,,,,,,,100,93,66,19,218.2,2745,10801,35,0,7.6,1.2;13.7;1.8;0.9;0.6;0.9;24.0;57.9;3.2;3.5;21.1;44.4;0.9;0.9;0.3;0.6;0.3;0.3;0.3;0.0;0.9;0.3;3.2;0.6,37.4,0.1,0.0,2.11,14.457,0.857,3759.0,27734.0,4,16,,,,,,,,,,,,,,,,,,,,,,,,,,,,,,,,,,,,,,,,,,,,,,,,,,,,,,,,,,,,,
19,8,,,,,,,97,93,64,19,217.1,2745,10801,35,0,7.6,0.6;17.1;2.4;1.8;0.0;0.9;58.7;26.9;5.0;5.3;26.8;33.0;0.9;0.0;0.0;0.0;0.3;0.6;0.0;0.0;0.0;0.0;0.6;0.0,37.39,0.1,0.0,1.56,14.457,0.857,3808.0,20751.0,4,16,,,,,,,,,,,,,,,,,,,,,,,,,,,,,,,,,,,,,,,,,,,,,,,,,,,,,,,,,,,,,
19,9,,,,,,,96,92,65,19,219.3,2745,10801,35,0,8.1,2.9;18.5;2.4;2.6;0.9;0.9;42.9;24.3;5.3;5.0;21.6;58.7;2.3;1.2;0.9;0.0;0.3;0.6;0.0;0.0;0.3;1.2;0.0;0.9,37.39,0.1,0.0,1.53,14.457,0.857,41845.0,52832.0,4,16,,,,,,,,,,,,,,,,,,,,,,,,,,,,,,,,,,,,,,,,,,,,,,,,,,,,,,,,,,,,,
19,10,,,,,,,100,94,67,18,219.0,2745,10801,35,0,7.8,1.4;12.0;1.4;2.3;0.6;1.7;24.0;49.7;5.5;9.2;24.5;50.0;0.9;0.9;0.0;0.0;0.0;0.3;0.0;0.0;1.2;1.4;0.0;0.0,37.39,0.1,0.01,3.85,14.457,0.857,16357.0,19335.0,4,16,,,,,,,,,,,,,,,,,,,,,,,,,,,,,,,,,,,,,,,,,,,,,,,,,,,,,,,,,,,,,
19,11,,,,,,,97,91,65,19,217.8,2745,10801,35,0,8.0,1.5;16.3;3.8;2.9;1.8;0.6;57.2;28.6;5.6;5.3;27.9;34.7;0.9;1.2;0.0;0.0;0.3;0.0;0.0;0.0;0.3;0.0;1.2;0.0,37.38,0.1,0.0,0.09,14.457,0.857,16943.0,30761.0,4,16,,,,,,,,,,,,,,,,,,,,,,,,,,,,,,,,,,,,,,,,,,,,,,,,,,,,,,,,,,,,,
19,12,,,,,,,100,100,65,18,219.2,2745,10801,35,0,7.4,0.6;10.6;2.9;1.5;1.5;0.6;21.9;41.8;6.5;4.4;34.6;49.6;0.3;0.3;0.0;0.0;0.0;0.0;0.3;0.0;0.3;1.2;0.0;0.3,37.37,0.1,0.0,0.04,14.457,0.857,4101.0,24511.0,4,16,,,,,,,,,,,,,,,,,,,,,,,,,,,,,,,,,,,,,,,,,,,,,,,,,,,,,,,,,,,,,
19,13,,,,,,,100,99,66,19,218.7,2745,10801,35,0,8.6,1.2;15.6;2.9;3.8;1.2;2.6;36.9;26.5;10.0;4.7;30.7;59.2;0.3;1.2;0.0;0.0;0.6;0.9;0.0;0.3;1.5;1.7;1.2;0.9,37.38,0.1,0.0,0.09,14.457,0.857,5175.0,10888.0,4,16,,,,,,,,,,,,,,,,,,,,,,,,,,,,,,,,,,,,,,,,,,,,,,,,,,,,,,,,,,,,,
19,14,,,,,,,100,100,65,19,218.7,2745,10801,35,0,7.5,1.2;15.1;2.0;1.4;0.9;1.4;33.3;52.0;5.2;4.9;29.6;31.9;0.3;0.0;0.0;0.0;0.3;0.0;0.0;0.0;0.0;0.6;0.0;0.0,37.38,0.1,0.01,0.04,14.457,0.857,4931.0,10644.0,4,16,,,,,,,,,,,,,,,,,,,,,,,,,,,,,,,,,,,,,,,,,,,,,,,,,,,,,,,,,,,,,
19,15,,,,,,,100,94,66,19,219.0,2745,10801,35,0,7.7,1.2;10.8;1.8;1.8;1.2;0.6;52.2;26.0;3.8;7.9;29.5;45.3;0.0;0.6;0.0;0.0;0.0;0.0;0.0;0.0;0.3;1.2;0.6;0.0,37.36,0.1,0.0,0.03,14.457,0.857,3710.0,26806.0,4,16,,,,,,,,,,,,,,,,,,,,,,,,,,,,,,,,,,,,,,,,,,,,,,,,,,,,,,,,,,,,,
19,16,,,,,,,100,95,66,19,220.1,2745,10801,35,0,8.4,1.8;13.8;2.9;3.2;1.2;1.2;35.0;35.0;6.7;9.9;26.8;59.6;0.6;0.3;0.0;0.0;0.0;0.0;0.3;0.0;0.0;0.9;0.3;0.3,37.35,0.1,0.0,0.04,14.457,0.857,3369.0,24414.0,4,16,,,,,,,,,,,,,,,,,,,,,,,,,,,,,,,,,,,,,,,,,,,,,,,,,,,,,,,,,,,,,
19,17,,,,,,,96,90,66,17,217.6,2745,10801,35,0,8.7,1.2;15.9;3.8;1.2;0.9;1.2;61.0;42.7;9.3;7.9;30.4;29.1;1.2;0.0;0.0;0.0;0.3;0.0;0.3;0.0;0.0;0.6;0.0;0.9,37.37,0.1,0.0,0.06,14.457,0.857,3369.0,217431.0,4,16,,,,,,,,,,,,,,,,,,,,,,,,,,,,,,,,,,,,,,,,,,,,,,,,,,,,,,,,,,,,,
19,18,,,,,,,100,94,65,19,219.3,2745,10801,35,0,8.2,0.3;27.3;0.9;1.7;1.2;0.6;23.3;57.2;4.9;3.5;24.8;41.5;2.3;1.2;0.0;0.0;0.6;0.3;0.0;0.0;0.6;0.3;2.0;0.3,37.36,0.1,0.0,0.09,14.457,0.857,15673.0,109326.0,4,16,,,,,,,,,,,,,,,,,,,,,,,,,,,,,,,,,,,,,,,,,,,,,,,,,,,,,,,,,,,,,
19,19,,,,,,,96,86,66,20,219.4,2745,10801,35,0,7.7,2.1;13.8;1.5;1.2;0.6;0.9;28.9;32.4;5.3;6.2;22.0;63.7;1.5;1.2;0.0;0.0;0.6;0.6;0.0;0.0;0.6;0.6;0.6;0.3,37.36,0.1,0.01,0.08,14.457,0.857,12646.0,46728.0,4,16,,,,,,,,,,,,,,,,,,,,,,,,,,,,,,,,,,,,,,,,,,,,,,,,,,,,,,,,,,,,,
19,20,,,,,,,100,100,66,19,218.8,2745,10801,35,0,7.4,1.2;16.0;2.6;1.5;0.3;0.9;36.8;49.0;6.2;3.5;29.3;26.3;0.3;0.6;0.0;0.0;0.0;0.0;0.3;0.0;0.3;2.3;0.3;0.0,37.36,0.1,0.0,0.05,14.457,0.857,16113.0,10937.0,4,16,,,,,,,,,,,,,,,,,,,,,,,,,,,,,,,,,,,,,,,,,,,,,,,,,,,,,,,,,,,,,
19,21,,,,,,,100,94,64,18,219.0,2745,10801,35,0,7.7,0.6;17.3;3.2;2.1;0.3;0.9;21.2;62.3;6.2;3.8;20.9;41.8;1.8;0.0;0.0;0.0;0.0;0.0;0.3;0.0;0.0;0.9;0.0;0.0,37.36,0.1,0.0,0.04,14.457,0.857,15234.0,13378.0,4,16,,,,,,,,,,,,,,,,,,,,,,,,,,,,,,,,,,,,,,,,,,,,,,,,,,,,,,,,,,,,,
19,22,,,,,,,96,94,66,17,218.5,2745,10801,35,0,7.1,2.0;16.2;2.3;0.6;0.6;0.6;17.8;41.1;5.7;3.2;13.8;62.9;0.3;0.0;0.0;0.0;0.3;0.0;0.0;0.0;0.0;0.6;1.7;0.0,37.36,0.1,0.0,0.09,14.457,0.857,13232.0,72900.0,4,16,,,,,,,,,,,,,,,,,,,,,,,,,,,,,,,,,,,,,,,,,,,,,,,,,,,,,,,,,,,,,
19,23,,,,,,,97,91,65,18,217.8,2745,10801,35,0,8.4,2.4;21.8;2.9;2.6;1.5;0.9;31.9;51.2;5.0;5.3;30.5;35.8;2.1;1.2;0.3;0.3;1.5;0.3;0.0;0.0;0.6;1.2;0.9;0.9,37.36,0.1,0.01,0.05,14.457,0.857,16455.0,10644.0,4,16,,,,,,,,,,,,,,,,,,,,,,,,,,,,,,,,,,,,,,,,,,,,,,,,,,,,,,,,,,,,,
19,24,,,,,,,100,95,65,19,219.6,2745,10801,35,0,7.2,0.9;14.5;1.5;1.8;0.6;0.9;13.6;59.4;4.1;4.4;29.5;39.1;0.6;0.6;0.0;0.0;0.0;0.0;0.0;0.0;0.0;0.0;0.0;0.0,37.36,0.1,0.01,0.03,14.457,0.857,5468.0,10498.0,4,16,,,,,,,,,,,,,,,,,,,,,,,,,,,,,,,,,,,,,,,,,,,,,,,,,,,,,,,,,,,,,
19,25,,,,,,,96,84,65,18,219.9,2745,10801,35,0,8.4,2.9;15.5;3.2;2.0;1.7;1.8;26.0;36.4;6.1;5.3;25.5;64.3;2.6;1.2;0.0;0.6;0.0;0.9;0.3;0.0;1.2;1.8;0.3;0.3,37.37,0.1,0.0,0.05,14.457,0.857,3564.0,14843.0,4,16,,,,,,,,,,,,,,,,,,,,,,,,,,,,,,,,,,,,,,,,,,,,,,,,,,,,,,,,,,,,,
19,26,,,,,,,100,98,67,17,217.3,2745,10801,35,0,7.3,1.4;15.7;2.3;0.9;1.1;0.3;46.6;29.2;5.2;3.2;20.7;43.5;0.9;0.6;0.0;0.3;0.0;0.0;0.0;0.0;0.0;1.1;0.0;0.0,37.37,0.1,0.0,0.03,14.457,0.857,48779.0,193652.0,4,16,,,,,,,,,,,,,,,,,,,,,,,,,,,,,,,,,,,,,,,,,,,,,,,,,,,,,,,,,,,,,
19,27,,,,,,,96,91,66,19,217.8,2745,10801,35,0,7.5,0.6;15.6;2.4;0.3;0.6;0.6;18.2;68.0;3.5;5.0;27.6;34.4;0.3;0.6;0.0;0.0;0.0;0.6;0.0;0.0;0.0;0.9;0.6;0.0,37.36,0.1,0.0,0.03,14.457,0.857,15087.0,15966.0,4,16,,,,,,,,,,,,,,,,,,,,,,,,,,,,,,,,,,,,,,,,,,,,,,,,,,,,,,,,,,,,,
19,28,,,,,,,96,94,67,18,219.2,2745,10801,35,0,8.0,1.8;17.1;4.4;2.1;1.5;2.9;32.2;24.6;8.2;6.8;18.3;68.1;0.6;0.9;0.3;0.0;0.0;0.6;0.3;0.0;0.0;0.6;0.0;0.0,37.37,0.1,0.01,0.09,14.457,0.857,15429.0,56250.0,4,16,,,,,,,,,,,,,,,,,,,,,,,,,,,,,,,,,,,,,,,,,,,,,,,,,,,,,,,,,,,,,
19,29,,,,,,,100,95,65,18,218.8,2745,10801,35,0,7.8,1.2;13.7;3.5;3.5;2.1;0.9;51.8;29.0;6.5;5.6;18.8;46.8;0.6;0.6;0.0;0.0;0.0;0.0;0.0;0.0;0.0;0.0;1.2;0.0,37.37,0.1,0.0,0.02,14.457,0.857,3857.0,28320.0,4,16,,,,,,,,,,,,,,,,,,,,,,,,,,,,,,,,,,,,,,,,,,,,,,,,,,,,,,,,,,,,,
19,30,,,,,,,96,92,67,19,218.6,2745,10801,35,0,8.2,2.9;14.1;3.2;3.2;1.4;3.7;25.4;60.5;8.1;4.1;29.8;36.3;0.9;0.6;0.3;0.0;0.0;0.6;0.0;0.3;0.3;0.3;0.3;0.0,37.36,0.1,0.0,0.03,14.457,0.857,5468.0,29541.0,4,16,,,,,,,,,,,,,,,,,,,,,,,,,,,,,,,,,,,,,,,,,,,,,,,,,,,,,,,,,,,,,
19,31,,,,,,,96,92,65,19,219.0,2745,10801,35,0,7.8,0.9;12.7;1.8;2.4;1.5;0.6;38.3;31.3;7.3;2.9;28.1;56.3;0.3;0.3;0.0;0.0;0.6;0.3;0.0;0.0;0.0;0.6;0.0;0.0,37.36,0.1,0.0,0.07,14.457,0.857,4052.0,23095.0,4,16,,,,,,,,,,,,,,,,,,,,,,,,,,,,,,,,,,,,,,,,,,,,,,,,,,,,,,,,,,,,,
19,32,,,,,,,100,100,65,19,219.4,2745,10801,35,0,7.9,0.9;14.0;2.9;1.5;0.6;0.9;44.9;36.2;10.0;5.3;35.6;35.0;0.9;0.3;0.0;0.0;0.0;0.3;0.0;0.0;0.0;0.3;0.3;0.0,37.36,0.1,0.0,0.03,14.457,0.857,5615.0,10791.0,4,16,,,,,,,,,,,,,,,,,,,,,,,,,,,,,,,,,,,,,,,,,,,,,,,,,,,,,,,,,,,,,
19,33,,,,,,,96,84,65,18,220.6,2745,10801,35,0,7.8,0.6;13.5;4.1;1.5;1.2;0.6;38.1;52.8;3.8;6.5;36.7;23.5;0.6;0.6;0.0;0.3;0.0;0.3;0.0;0.0;0.3;0.0;0.9;0.0,37.36,0.1,0.01,0.06,14.457,0.857,9472.0,14355.0,4,16,,,,,,,,,,,,,,,,,,,,,,,,,,,,,,,,,,,,,,,,,,,,,,,,,,,,,,,,,,,,,
19,34,,,,,,,100,99,65,19,219.2,2745,10801,35,0,8.0,2.3;14.0;3.7;2.3;0.0;0.9;39.2;26.0;4.3;9.0;24.0;61.3;0.6;0.6;0.3;0.3;0.0;0.0;0.3;0.0;0.3;0.9;0.6;0.0,37.37,0.1,0.0,0.07,14.457,0.857,3417.0,14355.0,4,16,,,,,,,,,,,,,,,,,,,,,,,,,,,,,,,,,,,,,,,,,,,,,,,,,,,,,,,,,,,,,
19,35,,,,,,,100,93,65,19,219.2,2745,10801,35,0,8.9,0.3;28.8;1.8;3.3;0.9;1.2;49.4;31.3;8.2;5.6;28.6;50.9;0.3;0.6;0.0;0.0;0.0;0.0;0.0;0.0;0.0;0.0;0.0;0.0,37.37,0.1,0.0,0.12,14.457,0.857,4003.0,25537.0,4,16,,,,,,,,,,,,,,,,,,,,,,,,,,,,,,,,,,,,,,,,,,,,,,,,,,,,,,,,,,,,,
19,36,,,,,,,96,92,66,17,217.8,2745,10801,35,0,8.0,1.5;18.9;5.0;2.0;2.6;1.8;41.1;33.1;6.5;4.7;35.5;36.7;1.5;0.9;0.0;0.0;0.3;0.0;0.0;0.0;0.0;0.0;0.0;0.0,37.36,0.1,0.0,0.03,14.457,0.857,4980.0,18847.0,4,16,,,,,,,,,,,,,,,,,,,,,,,,,,,,,,,,,,,,,,,,,,,,,,,,,,,,,,,,,,,,,
19,37,,,,,,,96,89,67,17,218.4,2745,10801,35,0,7.4,1.5;12.7;1.8;1.2;1.8;0.6;37.3;30.8;3.2;3.2;21.1;57.2;0.3;0.9;0.3;0.0;0.3;0.0;0.0;0.0;0.6;1.5;0.0;0.0,37.35,0.1,0.01,0.09,14.457,0.857,28125.0,42675.0,4,16,,,,,,,,,,,,,,,,,,,,,,,,,,,,,,,,,,,,,,,,,,,,,,,,,,,,,,,,,,,,,
19,38,,,,,,,100,93,66,18,219.7,2745,10801,35,0,8.2,2.6;17.9;3.5;2.0;1.5;2.3;40.3;19.8;8.1;5.2;40.3;47.1;0.9;1.2;0.0;0.0;0.0;0.3;0.3;0.0;0.0;0.9;1.4;0.6,37.36,0.1,0.0,0.04,14.457,0.857,16113.0,10742.0,4,16,,,,,,,,,,,,,,,,,,,,,,,,,,,,,,,,,,,,,,,,,,,,,,,,,,,,,,,,,,,,,
19,39,,,,,,,97,95,67,19,219.8,2745,10801,35,0,7.8,2.4;13.3;3.2;2.7;2.1;2.4;46.2;35.0;6.2;5.0;23.8;41.5;0.6;0.6;0.0;0.0;0.3;0.0;0.0;0.0;0.3;0.6;0.0;0.0,37.35,0.1,0.0,0.04,14.457,0.857,5371.0,10498.0,4,16,,,,,,,,,,,,,,,,,,,,,,,,,,,,,,,,,,,,,,,,,,,,,,,,,,,,,,,,,,,,,
19,40,,,,,,,96,87,65,19,218.5,2745,10801,35,0,8.0,1.8;14.0;2.9;2.3;1.8;1.8;41.9;25.5;9.1;5.3;21.1;53.2;2.4;0.9;0.0;0.3;0.6;0.9;0.6;0.9;1.2;2.9;0.0;0.0,37.36,0.1,0.0,0.06,14.457,0.857,12939.0,15478.0,4,16,,,,,,,,,,,,,,,,,,,,,,,,,,,,,,,,,,,,,,,,,,,,,,,,,,,,,,,,,,,,,
19,41,,,,,,,100,93,65,19,218.3,2745,10801,35,0,7.8,1.5;14.8;3.2;1.5;1.5;0.6;29.5;34.8;6.5;5.3;25.1;59.6;0.6;0.3;0.6;0.0;0.3;0.3;0.0;0.0;0.0;0.6;1.2;0.0,37.37,0.1,0.01,0.35,14.457,0.857,4003.0,32324.0,4,16,,,,,,,,,,,,,,,,,,,,,,,,,,,,,,,,,,,,,,,,,,,,,,,,,,,,,,,,,,,,,
19,42,,,,,,,97,92,65,18,220.0,2745,10801,35,0,7.4,1.4;11.7;2.6;1.2;0.6;0.3;42.4;32.4;2.6;2.6;30.6;41.6;0.9;1.4;0.6;0.6;0.3;0.6;0.0;0.6;0.6;0.9;1.7;0.6,37.37,0.1,0.01,0.1,14.457,0.857,4101.0,29296.0,4,16,,,,,,,,,,,,,,,,,,,,,,,,,,,,,,,,,,,,,,,,,,,,,,,,,,,,,,,,,,,,,
19,43,,,,,,,96,88,65,18,219.4,2745,10801,35,0,8.9,2.1;18.5;3.2;3.5;2.1;2.6;43.9;28.7;7.0;7.9;33.1;44.7;1.8;2.6;0.3;0.3;1.2;0.6;0.6;0.3;1.2;0.6;4.3;1.2,37.38,0.1,0.0,0.03,14.457,0.857,9326.0,19580.0,4,16,,,,,,,,,,,,,,,,,,,,,,,,,,,,,,,,,,,,,,,,,,,,,,,,,,,,,,,,,,,,,
19,44,,,,,,,96,91,65,18,218.6,2745,10801,35,0,7.8,1.5;12.5;3.5;1.8;1.2;1.8;38.1;28.4;5.0;7.6;20.2;59.1;0.6;0.6;0.3;0.0;0.0;0.0;0.6;0.0;0.6;3.8;0.9;0.3,37.38,0.1,0.0,0.64,14.457,0.857,3564.0,29248.0,4,16,,,,,,,,,,,,,,,,,,,,,,,,,,,,,,,,,,,,,,,,,,,,,,,,,,,,,,,,,,,,,
19,45,,,,,,,100,94,67,18,218.0,2745,10801,35,0,7.0,2.4;14.1;3.8;3.2;1.8;0.9;17.4;28.4;6.4;3.8;51.5;27.7;0.6;0.6;0.0;0.6;0.0;0.6;0.0;0.3;0.0;0.9;1.5;0.3,37.37,0.1,0.0,0.04,14.457,0.857,118945.0,19287.0,4,16,,,,,,,,,,,,,,,,,,,,,,,,,,,,,,,,,,,,,,,,,,,,,,,,,,,,,,,,,,,,,
19,46,,,,,,,100,97,66,18,211.5,2745,10801,35,0,6.5,1.4;16.4;1.9;1.4;1.9;0.5;23.9;26.0;2.4;3.4;23.1;48.1;0.5;0.0;0.0;0.0;0.0;0.0;0.0;0.0;0.5;2.8;0.0;0.5,37.38,0.1,0.0,0.03,14.457,0.857,390.0,1757.0,4,16,,,,,,,,,,,,,,,,,,,,,,,,,,,,,,,,,,,,,,,,,,,,,,,,,,,,,,,,,,,,,
19,summary,0.39367762128160755,0.9864084923575008,0.40085870794076817,0.9857813216667255,0.00097883,252.0,,,,,,,,,,,,,,,,,,,,,,62,97.3,100,63,92.65,100,58,65.39,67,17,18.52,20,156.9,217.36,220.6,2745.0,10801.0,35.0,0,6.5,8.77,51.8,37.35,37.38,37.52,63.16,0.1,0.1,0.1,19.04,0.0,0.0,0.03,0.02,0.71,8.18,10.734,13.6,14.457,14.46,14.457,15.992,0.857,0.86,0.857,390.0,12630.07,118945.0,1757.0,42408.89,280859.0,4,4.0,4,16,16.0,16,4,16,190.13,48.17
20,1,,,,,,,4,1,58,22,162.9,2745,10801,35,0,51.2,66.0;64.9;81.2;84.2;85.9;83.6;96.7;97.2;73.6;78.7;95.7;96.9;47.1;50.9;6.4;6.4;20.2;22.2;4.5;4.3;17.6;18.3;13.2;13.0,37.55,0.1,0.01,0.05,14.457,0.857,36230.0,73242.0,4,16,,,,,,,,,,,,,,,,,,,,,,,,,,,,,,,,,,,,,,,,,,,,,,,,,,,,,,,,,,,,,
20,2,,,,,,,98,96,66,19,218.3,2745,10801,35,0,7.6,0.6;10.1;3.2;2.4;0.9;2.6;57.1;30.7;5.0;3.8;35.7;28.8;0.3;0.6;0.0;0.0;0.0;0.0;0.0;0.3;0.0;0.0;0.6;0.0,37.5,0.1,0.0,8.44,14.457,0.857,4052.0,18310.0,4,16,,,,,,,,,,,,,,,,,,,,,,,,,,,,,,,,,,,,,,,,,,,,,,,,,,,,,,,,,,,,,
20,3,,,,,,,100,100,66,19,219.2,2745,10801,35,0,7.4,0.0;15.5;2.9;1.8;0.6;0.9;37.8;32.8;4.1;4.7;30.1;45.2;0.0;0.6;0.0;0.0;0.0;0.0;0.0;0.0;0.0;0.0;0.6;0.0,37.47,0.1,0.0,4.33,14.457,0.857,16162.0,19580.0,4,16,,,,,,,,,,,,,,,,,,,,,,,,,,,,,,,,,,,,,,,,,,,,,,,,,,,,,,,,,,,,,
20,4,,,,,,,100,92,66,18,218.8,2745,10801,35,0,7.7,1.2;12.5;2.1;2.1;1.5;0.9;29.0;24.3;6.5;9.4;48.8;43.8;0.9;0.6;0.0;0.0;0.9;0.3;0.0;0.0;0.0;0.3;0.0;0.0,37.45,0.1,0.0,2.66,14.457,0.857,3906.0,13916.0,4,16,,,,,,,,,,,,,,,,,,,,,,,,,,,,,,,,,,,,,,,,,,,,,,,,,,,,,,,,,,,,,
20,5,,,,,,,96,93,65,18,210.5,2745,10801,35,0,9.3,0.9;25.8;5.7;3.2;1.4;1.4;64.1;32.8;8.6;6.3;34.5;31.0;0.6;0.6;0.3;0.0;0.6;0.6;0.3;0.6;0.9;1.2;0.0;0.6,37.42,0.1,0.01,3.05,14.457,0.857,9960.0,28466.0,4,16,,,,,,,,,,,,,,,,,,,,,,,,,,,,,,,,,,,,,,,,,,,,,,,,,,,,,,,,,,,,,
20,6,,,,,,,100,96,67,18,219.2,2745,10801,35,0,7.8,2.0;20.6;3.5;1.2;0.0;1.8;46.9;27.0;5.8;2.1;31.9;39.6;1.8;0.3;0.0;0.0;0.3;0.0;0.3;0.3;0.0;0.0;0.6;0.6,37.41,0.1,0.0,2.35,14.457,0.857,8300.0,87548.0,4,16,,,,,,,,,,,,,,,,,,,,,,,,,,,,,,,,,,,,,,,,,,,,,,,,,,,,,,,,,,,,,
20,7,,,,,,,99,96,66,19,219.8,2745,10801,35,0,7.5,2.6;13.5;2.1;1.2;1.8;1.5;34.7;22.6;6.5;5.0;27.9;56.6;0.6;0.3;0.0;0.0;0.6;0.0;0.0;0.0;0.3;0.6;1.5;0.0,37.4,0.1,0.03,2.12,14.457,0.857,5419.0,12255.0,4,16,,,,,,,,,,,,,,,,,,,,,,,,,,,,,,,,,,,,,,,,,,,,,,,,,,,,,,,,,,,,,
20,8,,,,,,,97,90,65,19,217.9,2745,10801,35,0,7.0,0.6;11.4;2.9;0.9;1.5;1.2;63.7;12.3;5.3;2.6;37.1;25.6;0.3;0.3;0.0;0.0;0.0;0.0;0.0;0.0;0.0;1.2;0.0;0.0,37.4,0.1,0.0,1.52,14.457,0.857,15332.0,15771.0,4,16,,,,,,,,,,,,,,,,,,,,,,,,,,,,,,,,,,,,,,,,,,,,,,,,,,,,,,,,,,,,,
20,9,,,,,,,100,95,65,17,210.6,2745,10801,35,0,7.9,2.0;18.3;2.0;2.9;1.2;1.7;48.1;38.5;6.0;5.5;28.0;27.8;1.4;0.6;0.3;0.3;0.6;0.6;0.6;0.0;0.3;0.6;1.4;0.3,37.39,0.1,0.0,1.65,14.457,0.857,21386.0,56933.0,4,16,,,,,,,,,,,,,,,,,,,,,,,,,,,,,,,,,,,,,,,,,,,,,,,,,,,,,,,,,,,,,
20,10,,,,,,,97,87,66,18,219.9,2745,10801,35,0,7.1,0.9;12.7;1.5;1.2;1.5;1.2;34.5;23.6;2.7;4.4;18.0;65.2;0.9;0.6;0.0;0.0;0.3;0.0;0.0;0.0;0.0;0.0;0.0;0.0,37.37,0.1,0.01,3.9,14.457,0.857,9765.0,10693.0,4,16,,,,,,,,,,,,,,,,,,,,,,,,,,,,,,,,,,,,,,,,,,,,,,,,,,,,,,,,,,,,,
20,11,,,,,,,99,100,66,18,219.7,2745,10801,35,0,7.4,2.1;15.5;2.6;1.2;0.3;2.3;48.7;20.2;5.9;3.8;37.2;33.1;0.3;0.6;0.0;0.0;0.3;0.0;0.0;0.0;0.6;1.5;0.0;0.3,37.37,0.1,0.0,0.05,14.457,0.857,3515.0,25195.0,4,16,,,,,,,,,,,,,,,,,,,,,,,,,,,,,,,,,,,,,,,,,,,,,,,,,,,,,,,,,,,,,
20,12,,,,,,,100,98,66,18,220.3,2745,10801,35,0,7.2,1.2;10.1;2.4;0.6;0.9;0.6;52.6;28.2;3.2;5.9;45.1;19.5;0.3;0.6;0.0;0.0;0.0;0.3;0.0;0.0;0.0;0.0;0.0;0.0,37.38,0.1,0.01,0.04,14.457,0.857,4101.0,29882.0,4,16,,,,,,,,,,,,,,,,,,,,,,,,,,,,,,,,,,,,,,,,,,,,,,,,,,,,,,,,,,,,,
20,13,,,,,,,96,93,66,17,209.5,2745,10801,35,0,7.6,1.7;15.9;3.2;3.2;1.7;1.4;31.5;27.5;3.2;5.8;18.7;63.4;0.3;0.6;0.0;0.0;0.9;0.6;0.3;0.0;0.9;1.2;0.0;0.0,37.37,0.1,0.0,0.11,14.457,0.857,4101.0,84667.0,4,16,,,,,,,,,,,,,,,,,,,,,,,,,,,,,,,,,,,,,,,,,,,,,,,,,,,,,,,,,,,,,
20,14,,,,,,,100,96,66,18,219.4,2745,10801,35,0,8.1,2.6;18.8;3.5;2.4;1.8;0.9;42.1;33.8;3.5;4.7;44.0;27.3;0.3;2.3;0.3;0.0;0.3;0.9;0.0;0.0;0.3;1.5;2.3;0.3,37.37,0.1,0.01,0.07,14.457,0.857,13134.0,11865.0,4,16,,,,,,,,,,,,,,,,,,,,,,,,,,,,,,,,,,,,,,,,,,,,,,,,,,,,,,,,,,,,,
20,15,,,,,,,100,94,67,18,219.4,2745,10801,35,0,7.3,0.6;13.5;1.8;2.6;0.9;0.3;57.5;28.8;4.7;5.6;36.2;20.9;0.6;1.2;0.0;0.0;0.0;0.0;0.0;0.3;0.0;0.0;0.3;0.0,37.38,0.1,0.01,0.17,14.457,0.857,13574.0,13574.0,4,16,,,,,,,,,,,,,,,,,,,,,,,,,,,,,,,,,,,,,,,,,,,,,,,,,,,,,,,,,,,,,
20,16,,,,,,,100,95,66,17,219.4,2745,10801,35,0,8.3,3.8;16.5;4.1;4.1;1.8;2.9;17.5;32.7;4.9;7.0;40.5;56.7;1.5;0.6;0.0;0.0;0.3;1.5;0.3;0.0;0.0;0.0;0.6;0.6,37.38,0.1,0.0,0.03,14.457,0.857,13183.0,400537.0,4,16,,,,,,,,,,,,,,,,,,,,,,,,,,,,,,,,,,,,,,,,,,,,,,,,,,,,,,,,,,,,,
20,17,,,,,,,100,100,66,18,209.5,2745,10801,35,0,7.9,1.2;9.7;2.0;4.0;0.6;2.0;47.8;37.0;6.1;7.2;27.7;41.3;0.3;0.6;0.3;0.0;0.3;0.0;0.3;0.0;0.0;1.2;0.0;0.0,37.38,0.1,0.0,0.07,14.457,0.857,4101.0,16357.0,4,16,,,,,,,,,,,,,,,,,,,,,,,,,,,,,,,,,,,,,,,,,,,,,,,,,,,,,,,,,,,,,
20,18,,,,,,,98,92,66,19,218.3,2745,10801,35,0,7.7,0.3;9.6;1.8;4.1;0.6;0.6;64.9;27.9;5.2;6.5;26.4;32.2;0.6;0.6;0.3;0.0;0.0;0.3;0.0;0.3;0.0;0.0;1.5;0.0,37.38,0.1,0.0,0.05,14.457,0.857,38525.0,52197.0,4,16,,,,,,,,,,,,,,,,,,,,,,,,,,,,,,,,,,,,,,,,,,,,,,,,,,,,,,,,,,,,,
20,19,,,,,,,96,89,67,17,219.3,2745,10801,35,0,7.9,1.2;12.5;2.1;1.8;0.9;0.3;40.2;31.7;4.4;6.8;31.7;51.0;0.6;0.9;0.0;0.0;0.3;0.9;0.0;0.3;0.0;0.9;0.3;0.0,37.38,0.1,0.01,0.05,14.457,0.857,14746.0,275830.0,4,16,,,,,,,,,,,,,,,,,,,,,,,,,,,,,,,,,,,,,,,,,,,,,,,,,,,,,,,,,,,,,
20,20,,,,,,,100,99,68,17,219.4,2745,10801,36,0,7.3,0.6;12.0;1.8;1.8;0.6;0.6;32.1;35.4;2.7;7.7;22.9;54.4;0.9;0.0;0.0;0.0;0.0;0.0;0.0;0.0;0.0;0.6;0.0;0.0,37.38,0.1,0.0,0.08,14.457,0.857,3662.0,20947.0,4,16,,,,,,,,,,,,,,,,,,,,,,,,,,,,,,,,,,,,,,,,,,,,,,,,,,,,,,,,,,,,,
20,21,,,,,,,96,94,66,20,209.8,2745,10801,35,0,7.3,0.3;14.2;0.9;1.1;0.0;1.7;57.3;26.2;3.7;6.6;24.8;35.1;0.6;0.3;0.0;0.0;0.3;0.3;0.0;0.0;0.0;1.7;0.0;0.3,37.37,0.1,0.0,0.06,14.457,0.857,8398.0,10253.0,4,16,,,,,,,,,,,,,,,,,,,,,,,,,,,,,,,,,,,,,,,,,,,,,,,,,,,,,,,,,,,,,
20,22,,,,,,,97,93,66,18,219.2,2745,10801,36,0,8.5,1.5;14.0;2.9;2.9;1.2;1.8;44.3;44.7;6.1;10.9;28.0;42.5;1.2;0.6;0.0;0.0;0.3;0.0;0.0;0.0;0.0;0.6;0.0;0.3,37.38,0.1,0.0,0.01,14.457,0.857,7226.0,295996.0,4,16,,,,,,,,,,,,,,,,,,,,,,,,,,,,,,,,,,,,,,,,,,,,,,,,,,,,,,,,,,,,,
20,23,,,,,,,100,100,67,18,219.2,2745,10801,35,0,9.8,1.8;29.4;3.5;2.4;2.1;0.9;35.4;32.6;7.7;10.3;40.8;54.6;1.5;0.9;0.9;0.3;1.5;1.5;0.0;0.6;0.6;2.1;0.0;0.6,37.38,0.1,0.0,0.06,14.457,0.857,4248.0,24609.0,4,16,,,,,,,,,,,,,,,,,,,,,,,,,,,,,,,,,,,,,,,,,,,,,,,,,,,,,,,,,,,,,
20,24,,,,,,,98,91,67,19,220.7,2745,10801,35,0,7.0,0.6;15.2;1.2;1.5;0.3;0.3;60.9;19.4;3.8;6.8;23.8;32.4;0.3;0.6;0.0;0.0;0.0;0.0;0.0;0.0;0.0;0.0;0.6;0.0,37.38,0.1,0.01,0.06,14.457,0.857,42675.0,10351.0,4,16,,,,,,,,,,,,,,,,,,,,,,,,,,,,,,,,,,,,,,,,,,,,,,,,,,,,,,,,,,,,,
20,25,,,,,,,100,100,66,17,211.2,2745,10801,35,0,7.2,0.9;14.1;2.0;1.4;1.2;0.9;43.9;30.4;4.9;7.0;9.3;55.1;0.6;0.9;0.0;0.0;0.0;0.0;0.0;0.0;0.3;0.6;0.3;0.0,37.37,0.1,0.0,0.03,14.457,0.857,4101.0,314941.0,4,16,,,,,,,,,,,,,,,,,,,,,,,,,,,,,,,,,,,,,,,,,,,,,,,,,,,,,,,,,,,,,
20,26,,,,,,,100,96,67,18,218.7,2745,10801,35,0,7.4,0.6;14.9;2.3;1.2;0.6;0.0;28.9;22.2;3.5;6.1;31.5;61.6;0.6;0.9;0.0;0.0;0.0;0.0;0.0;0.0;0.0;0.3;0.6;0.9,37.36,0.1,0.0,0.03,14.457,0.857,13671.0,200927.0,4,16,,,,,,,,,,,,,,,,,,,,,,,,,,,,,,,,,,,,,,,,,,,,,,,,,,,,,,,,,,,,,
20,27,,,,,,,96,89,68,18,218.2,2745,10801,35,0,7.5,0.6;15.5;2.1;2.6;1.5;1.8;35.0;36.5;2.9;3.5;34.1;39.7;0.3;0.9;0.0;0.0;0.0;0.3;0.9;0.3;0.3;0.3;0.6;0.3,37.37,0.1,0.0,0.07,14.457,0.857,8398.0,10156.0,4,16,,,,,,,,,,,,,,,,,,,,,,,,,,,,,,,,,,,,,,,,,,,,,,,,,,,,,,,,,,,,,
20,28,,,,,,,96,93,67,18,218.7,2745,10801,35,0,8.7,2.1;17.5;3.2;2.3;1.8;0.6;53.1;32.5;2.6;7.3;33.0;44.9;1.5;0.9;0.6;0.0;0.6;0.0;0.6;0.3;0.0;1.2;0.9;0.9,37.37,0.1,0.04,1.51,14.457,0.857,25537.0,238476.0,4,16,,,,,,,,,,,,,,,,,,,,,,,,,,,,,,,,,,,,,,,,,,,,,,,,,,,,,,,,,,,,,
20,29,,,,,,,100,92,66,17,210.3,2745,10801,36,0,7.7,2.9;18.3;0.9;2.9;0.6;0.9;23.3;27.9;3.2;5.2;29.2;60.6;1.2;1.2;0.3;0.0;1.2;0.0;0.0;0.0;1.5;1.2;0.6;0.0,37.37,0.1,0.0,0.12,14.457,0.857,9375.0,29736.0,4,16,,,,,,,,,,,,,,,,,,,,,,,,,,,,,,,,,,,,,,,,,,,,,,,,,,,,,,,,,,,,,
20,30,,,,,,,99,98,66,17,219.0,2745,10801,35,0,7.2,0.6;12.7;1.8;1.5;1.2;0.3;44.9;36.8;2.1;5.3;16.8;45.3;0.9;0.0;0.0;0.0;0.3;0.3;0.0;0.0;0.0;0.9;0.6;1.2,37.38,0.1,0.01,0.05,14.457,0.857,4150.0,20458.0,4,16,,,,,,,,,,,,,,,,,,,,,,,,,,,,,,,,,,,,,,,,,,,,,,,,,,,,,,,,,,,,,
20,31,,,,,,,100,99,66,17,220.6,2745,10801,36,0,7.6,1.2;17.5;2.1;1.8;1.5;0.3;54.3;19.7;4.7;5.3;24.6;44.9;0.9;0.3;0.3;0.0;0.3;0.3;0.0;0.0;0.0;0.0;0.9;0.3,37.38,0.1,0.0,0.12,14.457,0.857,39062.0,19970.0,4,16,,,,,,,,,,,,,,,,,,,,,,,,,,,,,,,,,,,,,,,,,,,,,,,,,,,,,,,,,,,,,
20,32,,,,,,,100,91,65,16,219.5,2745,10801,36,0,7.3,0.0;16.4;2.0;0.9;0.9;0.6;32.2;30.0;3.5;7.6;38.3;40.4;0.0;0.3;0.0;0.0;0.0;0.0;0.0;0.3;0.0;0.0;0.6;0.0,37.38,0.1,0.01,0.01,14.457,0.857,12646.0,60595.0,4,16,,,,,,,,,,,,,,,,,,,,,,,,,,,,,,,,,,,,,,,,,,,,,,,,,,,,,,,,,,,,,
20,33,,,,,,,100,90,65,18,210.9,2745,10801,35,0,8.7,2.6;18.6;4.6;2.0;2.0;2.3;40.4;42.9;7.5;8.6;20.2;47.0;1.7;4.0;0.3;0.6;0.3;0.6;0.3;0.0;0.0;0.3;0.6;0.9,37.37,0.1,0.0,0.2,14.457,0.857,3662.0,14892.0,4,16,,,,,,,,,,,,,,,,,,,,,,,,,,,,,,,,,,,,,,,,,,,,,,,,,,,,,,,,,,,,,
20,34,,,,,,,100,96,66,19,219.6,2745,10801,35,0,8.5,3.2;11.7;3.8;4.4;2.6;2.3;56.6;32.6;4.7;9.4;22.0;41.5;0.9;0.6;0.0;0.6;1.2;0.6;0.0;0.0;1.2;1.8;0.3;0.9,37.38,0.1,0.02,0.09,14.457,0.857,8398.0,10156.0,4,16,,,,,,,,,,,,,,,,,,,,,,,,,,,,,,,,,,,,,,,,,,,,,,,,,,,,,,,,,,,,,
20,35,,,,,,,98,93,67,19,219.7,2745,10801,35,0,7.9,2.1;16.8;2.1;2.4;0.9;1.2;20.9;43.1;5.0;6.2;35.3;48.4;1.2;0.0;0.0;0.0;0.3;0.0;0.0;0.0;0.3;0.9;0.6;0.0,37.37,0.1,0.0,0.04,14.457,0.857,16259.0,15625.0,4,16,,,,,,,,,,,,,,,,,,,,,,,,,,,,,,,,,,,,,,,,,,,,,,,,,,,,,,,,,,,,,
20,36,,,,,,,97,90,66,18,217.8,2745,10801,35,0,8.5,2.1;13.8;2.6;3.5;0.3;4.1;36.3;29.4;8.3;10.7;33.2;56.2;1.2;0.0;0.0;0.0;0.0;0.0;0.0;0.0;0.0;1.2;0.3;0.0,37.38,0.1,0.01,0.04,14.457,0.857,9912.0,29589.0,4,16,,,,,,,,,,,,,,,,,,,,,,,,,,,,,,,,,,,,,,,,,,,,,,,,,,,,,,,,,,,,,
20,37,,,,,,,100,95,66,19,210.8,2745,10801,36,0,8.0,2.0;14.4;4.9;1.7;2.0;1.7;58.7;30.8;4.0;6.9;23.6;34.6;2.0;0.6;0.0;0.0;0.3;1.1;0.0;0.3;0.6;0.3;1.4;0.0,37.38,0.1,0.0,0.02,14.457,0.857,39208.0,44287.0,4,16,,,,,,,,,,,,,,,,,,,,,,,,,,,,,,,,,,,,,,,,,,,,,,,,,,,,,,,,,,,,,
20,38,,,,,,,97,85,66,19,220.6,2745,10801,35,0,7.8,0.6;13.5;1.5;1.8;0.9;0.0;39.9;36.2;6.2;8.3;29.5;43.4;0.9;0.3;0.0;0.0;0.6;0.3;0.0;0.0;0.0;0.3;1.7;0.3,37.37,0.1,0.0,0.06,14.457,0.857,47558.0,25097.0,4,16,,,,,,,,,,,,,,,,,,,,,,,,,,,,,,,,,,,,,,,,,,,,,,,,,,,,,,,,,,,,,
20,39,,,,,,,100,100,66,16,219.5,2745,10801,35,0,7.6,0.9;13.7;2.1;1.2;1.8;0.9;46.9;24.8;5.0;3.2;24.2;55.3;0.3;0.9;0.0;0.0;0.3;0.0;0.0;0.0;0.0;0.6;1.2;0.0,37.38,0.1,0.0,0.03,14.457,0.857,10400.0,23388.0,4,16,,,,,,,,,,,,,,,,,,,,,,,,,,,,,,,,,,,,,,,,,,,,,,,,,,,,,,,,,,,,,
20,40,,,,,,,100,96,65,18,220.9,2745,10801,35,0,9.4,1.2;18.5;3.2;4.4;1.8;0.9;80.0;27.8;7.4;8.5;27.9;36.3;1.5;0.6;0.3;0.0;0.0;0.6;0.3;0.3;0.0;1.2;1.2;0.3,37.4,0.1,0.0,0.11,14.457,0.857,3857.0,28271.0,4,16,,,,,,,,,,,,,,,,,,,,,,,,,,,,,,,,,,,,,,,,,,,,,,,,,,,,,,,,,,,,,
20,41,,,,,,,96,94,68,18,210.1,2745,10801,35,0,8.4,1.4;22.0;2.6;2.9;1.4;0.9;38.2;34.1;4.0;8.1;45.2;31.8;0.6;0.6;0.6;0.0;0.0;0.0;2.0;0.6;0.3;0.9;0.6;0.3,37.42,0.1,0.04,0.16,14.457,0.857,7617.0,11718.0,4,16,,,,,,,,,,,,,,,,,,,,,,,,,,,,,,,,,,,,,,,,,,,,,,,,,,,,,,,,,,,,,
20,42,,,,,,,100,100,66,17,218.6,2745,10801,36,0,10.0,2.3;17.0;3.8;8.4;2.3;2.0;42.3;52.5;10.5;15.5;35.2;43.3;0.9;0.6;0.6;0.6;0.0;0.0;0.0;0.9;0.0;0.6;0.6;0.0,37.43,0.1,0.12,0.56,14.457,0.857,7421.0,23095.0,4,16,,,,,,,,,,,,,,,,,,,,,,,,,,,,,,,,,,,,,,,,,,,,,,,,,,,,,,,,,,,,,
20,43,,,,,,,96,85,66,18,219.7,2745,10801,36,0,8.0,1.8;11.7;3.5;2.1;1.2;2.1;68.5;23.8;5.3;5.0;23.8;32.3;0.9;0.9;0.3;0.3;0.9;0.6;0.3;0.3;1.2;2.0;2.6;0.9,37.43,0.1,0.01,0.1,14.457,0.857,3759.0,14062.0,4,16,,,,,,,,,,,,,,,,,,,,,,,,,,,,,,,,,,,,,,,,,,,,,,,,,,,,,,,,,,,,,
20,44,,,,,,,96,93,67,18,219.2,2745,10801,36,0,7.5,0.9;13.8;2.1;2.4;1.5;0.9;57.9;18.8;3.2;6.5;37.1;31.5;0.3;0.3;0.0;0.0;0.3;0.3;0.0;0.0;0.9;0.6;0.6;0.9,37.44,0.1,0.0,0.06,14.457,0.857,8496.0,11230.0,4,16,,,,,,,,,,,,,,,,,,,,,,,,,,,,,,,,,,,,,,,,,,,,,,,,,,,,,,,,,,,,,
20,45,,,,,,,96,94,65,18,208.9,2730,10801,36,0,6.4,0.9;13.6;0.9;2.3;2.3;0.6;12.5;36.7;2.9;6.4;31.3;38.0;0.6;0.9;0.0;0.0;0.3;0.0;0.0;0.0;0.6;1.7;0.0;0.3,37.42,0.1,0.02,0.04,14.457,0.857,3759.0,77832.0,4,16,,,,,,,,,,,,,,,,,,,,,,,,,,,,,,,,,,,,,,,,,,,,,,,,,,,,,,,,,,,,,
20,46,,,,,,,97,86,66,18,220.1,2730,10801,36,0,6.2,0.0;13.2;1.5;0.5;1.0;1.0;74.6;18.0;2.0;3.9;25.9;3.9;0.5;0.5;0.0;0.0;0.0;0.0;0.5;0.5;0.0;0.0;0.0;0.0,37.43,0.1,0.01,0.07,14.457,0.857,683.0,1464.0,4,16,,,,,,,,,,,,,,,,,,,,,,,,,,,,,,,,,,,,,,,,,,,,,,,,,,,,,,,,,,,,,
20,summary,0.3925886862027045,0.986912803909971,0.3956899347013573,0.9859224499876512,0.00097650,251.9,,,,,,,,,,,,,,,,,,,,,,4,96.41,100,1,92.07,100,58,66.0,68,16,18.04,22,162.9,215.93,220.9,2744.3,10801.0,35.2,0,6.2,8.77,51.2,37.36,37.4,37.55,63.16,0.1,0.1,0.1,19.04,0.0,0.01,0.12,0.01,0.75,8.44,10.732,13.6,14.457,14.46,14.457,15.992,0.857,0.86,0.857,683.0,12905.0,47558.0,1464.0,61629.11,400537.0,4,4.0,4,16,16.0,16,4,16,191.15,47.11
21,1,,,,,,,7,1,59,22,171.5,2745,10801,36,0,51.1,64.7;62.3;83.4;81.7;85.0;84.0;97.7;97.7;72.0;70.6;94.4;95.7;46.9;47.4;5.5;5.4;26.7;26.5;4.1;4.1;20.0;19.9;16.4;15.4,37.59,0.1,0.0,0.04,14.457,0.857,3564.0,194482.0,4,16,,,,,,,,,,,,,,,,,,,,,,,,,,,,,,,,,,,,,,,,,,,,,,,,,,,,,,,,,,,,,
21,2,,,,,,,96,92,66,19,218.2,2730,10801,35,0,7.7,0.9;15.0;2.4;2.1;2.4;1.2;26.5;35.0;5.3;5.0;57.9;26.5;1.5;0.9;0.0;0.0;0.0;0.6;0.0;0.0;0.0;0.0;1.2;0.3,37.54,0.1,0.0,7.83,14.457,0.857,72705.0,29150.0,4,16,,,,,,,,,,,,,,,,,,,,,,,,,,,,,,,,,,,,,,,,,,,,,,,,,,,,,,,,,,,,,
21,3,,,,,,,100,96,66,19,220.0,2730,10801,35,0,8.3,2.6;15.3;2.9;3.5;0.6;2.1;52.8;32.7;5.3;4.4;31.7;38.7;0.6;0.6;0.0;0.3;0.6;0.3;0.3;0.0;0.6;0.6;1.2;0.0,37.53,0.1,0.0,3.4,14.457,0.857,14892.0,10839.0,4,16,,,,,,,,,,,,,,,,,,,,,,,,,,,,,,,,,,,,,,,,,,,,,,,,,,,,,,,,,,,,,
21,4,,,,,,,96,87,65,17,219.7,2730,10801,35,0,7.8,0.9;15.6;3.5;2.3;1.2;1.5;44.4;32.4;5.0;6.8;27.9;43.6;0.9;0.9;0.0;0.0;0.0;0.0;0.0;0.0;0.0;0.0;0.0;0.0,37.52,0.1,0.0,3.94,14.457,0.857,3857.0,22802.0,4,16,,,,,,,,,,,,,,,,,,,,,,,,,,,,,,,,,,,,,,,,,,,,,,,,,,,,,,,,,,,,,
21,5,,,,,,,100,97,66,19,218.9,2730,10801,35,0,8.1,2.3;12.6;3.2;2.6;1.2;2.6;31.8;30.7;8.9;4.9;57.8;27.1;0.9;1.2;0.0;0.0;0.3;0.0;0.0;0.0;1.7;2.9;0.6;0.0,37.49,0.1,0.0,3.01,14.457,0.857,3662.0,15039.0,4,16,,,,,,,,,,,,,,,,,,,,,,,,,,,,,,,,,,,,,,,,,,,,,,,,,,,,,,,,,,,,,
21,6,,,,,,,96,89,66,19,220.5,2730,10801,36,0,7.7,0.6;10.9;4.7;2.9;0.3;1.2;58.1;28.2;6.5;5.0;30.1;34.9;0.0;0.3;0.0;0.0;0.3;0.0;0.0;0.3;0.0;0.0;0.3;0.3,37.46,0.1,0.01,2.54,14.457,0.857,16699.0,17724.0,4,16,,,,,,,,,,,,,,,,,,,,,,,,,,,,,,,,,,,,,,,,,,,,,,,,,,,,,,,,,,,,,
21,7,,,,,,,96,94,65,17,219.0,2730,10801,36,0,7.8,1.2;13.4;1.5;1.5;1.2;1.2;59.4;23.4;5.3;5.6;20.8;46.6;0.6;0.3;0.0;0.0;0.0;0.9;0.0;0.3;0.6;1.2;0.9;0.3,37.45,0.1,0.0,2.25,14.457,0.857,16162.0,31152.0,4,16,,,,,,,,,,,,,,,,,,,,,,,,,,,,,,,,,,,,,,,,,,,,,,,,,,,,,,,,,,,,,
21,8,,,,,,,98,95,67,17,217.9,2730,10801,35,0,9.3,3.2;17.4;4.1;5.0;2.3;2.6;22.2;37.0;7.1;9.9;61.9;39.0;1.8;1.2;0.0;0.3;1.5;0.6;0.0;0.0;2.3;0.6;2.3;1.7,37.44,0.1,0.0,1.54,14.457,0.857,30761.0,16455.0,4,16,,,,,,,,,,,,,,,,,,,,,,,,,,,,,,,,,,,,,,,,,,,,,,,,,,,,,,,,,,,,,
21,9,,,,,,,96,93,66,18,220.1,2730,10801,36,0,7.9,0.9;13.6;2.9;1.7;1.4;0.3;61.3;17.9;8.6;5.2;20.9;49.7;0.3;0.9;0.6;0.0;0.9;0.3;0.0;0.3;0.0;0.3;0.6;0.0,37.43,0.1,0.0,1.5,14.457,0.857,33789.0,64697.0,4,16,,,,,,,,,,,,,,,,,,,,,,,,,,,,,,,,,,,,,,,,,,,,,,,,,,,,,,,,,,,,,
21,10,,,,,,,98,94,67,18,219.1,2730,10801,36,0,8.7,1.5;14.8;0.9;2.4;1.2;0.3;61.9;22.7;9.6;8.8;30.4;48.1;0.6;0.6;0.0;0.0;0.0;0.0;0.3;0.0;0.6;2.9;0.0;0.0,37.42,0.1,0.0,4.1,14.457,0.857,3613.0,16113.0,4,16,,,,,,,,,,,,,,,,,,,,,,,,,,,,,,,,,,,,,,,,,,,,,,,,,,,,,,,,,,,,,
21,11,,,,,,,100,100,66,18,219.8,2730,10801,35,0,8.9,2.9;30.9;3.5;1.5;2.1;1.5;23.2;36.4;7.9;4.7;50.6;40.3;0.9;0.9;0.0;0.0;0.3;0.3;0.3;0.0;0.0;0.6;0.3;0.0,37.41,0.1,0.0,0.04,14.457,0.857,3955.0,27832.0,4,16,,,,,,,,,,,,,,,,,,,,,,,,,,,,,,,,,,,,,,,,,,,,,,,,,,,,,,,,,,,,,
21,12,,,,,,,96,86,67,18,220.0,2730,10801,36,0,7.2,0.9;14.3;3.5;0.3;0.3;1.2;41.2;29.8;7.4;3.5;29.8;38.9;1.2;0.3;0.3;0.3;0.0;0.0;0.0;0.0;0.0;0.0;0.0;0.0,37.41,0.1,0.0,0.03,14.457,0.857,7226.0,12011.0,4,16,,,,,,,,,,,,,,,,,,,,,,,,,,,,,,,,,,,,,,,,,,,,,,,,,,,,,,,,,,,,,
21,13,,,,,,,100,96,66,16,219.7,2730,10801,36,0,7.7,2.0;13.2;4.6;2.0;0.6;0.9;57.2;19.5;6.3;4.3;39.1;28.2;0.6;0.3;0.0;0.0;0.0;0.3;0.3;0.3;0.9;0.9;2.3;0.3,37.42,0.1,0.0,0.06,14.457,0.857,3613.0,15234.0,4,16,,,,,,,,,,,,,,,,,,,,,,,,,,,,,,,,,,,,,,,,,,,,,,,,,,,,,,,,,,,,,
21,14,,,,,,,100,94,68,17,219.4,2730,10801,36,0,7.8,2.1;15.5;3.5;0.3;1.2;1.2;37.4;29.5;7.6;3.5;23.4;52.5;2.0;0.3;0.3;0.3;0.0;0.3;0.3;0.3;0.9;2.0;0.6;0.6,37.41,0.1,0.0,0.04,14.457,0.857,12988.0,210302.0,4,16,,,,,,,,,,,,,,,,,,,,,,,,,,,,,,,,,,,,,,,,,,,,,,,,,,,,,,,,,,,,,
21,15,,,,,,,96,92,66,17,218.7,2730,10801,36,0,7.8,1.5;17.1;2.1;1.2;1.2;0.9;46.7;22.4;5.6;2.9;26.0;51.9;1.5;0.9;0.0;0.0;0.3;0.3;0.3;0.3;0.6;0.9;0.9;0.0,37.41,0.1,0.0,0.09,14.457,0.857,15380.0,75488.0,4,16,,,,,,,,,,,,,,,,,,,,,,,,,,,,,,,,,,,,,,,,,,,,,,,,,,,,,,,,,,,,,
21,16,,,,,,,100,100,66,17,218.8,2730,10801,36,0,8.1,3.5;14.9;3.8;2.0;1.5;1.5;51.2;33.0;7.6;3.2;36.7;26.1;1.5;0.6;0.0;0.0;1.2;0.6;0.0;0.0;2.3;2.6;0.6;0.3,37.41,0.1,0.0,0.11,14.457,0.857,8544.0,10546.0,4,16,,,,,,,,,,,,,,,,,,,,,,,,,,,,,,,,,,,,,,,,,,,,,,,,,,,,,,,,,,,,,
21,17,,,,,,,96,88,66,18,219.1,2730,10801,36,0,7.1,0.6;13.5;2.0;0.9;0.3;0.3;29.7;43.1;5.5;2.3;28.5;40.9;0.3;0.3;0.0;0.0;0.0;0.0;0.0;0.6;0.0;1.7;0.0;0.0,37.42,0.1,0.0,0.04,14.457,0.857,7861.0,230224.0,4,16,,,,,,,,,,,,,,,,,,,,,,,,,,,,,,,,,,,,,,,,,,,,,,,,,,,,,,,,,,,,,
21,18,,,,,,,100,100,66,19,219.4,2730,10801,36,0,7.1,0.6;15.6;0.9;1.5;0.6;0.0;35.4;24.5;7.1;2.1;24.5;56.3;0.9;0.0;0.0;0.0;0.0;0.0;0.0;0.0;0.0;0.6;0.0;0.0,37.42,0.1,0.0,0.04,14.457,0.857,39697.0,45117.0,4,16,,,,,,,,,,,,,,,,,,,,,,,,,,,,,,,,,,,,,,,,,,,,,,,,,,,,,,,,,,,,,
21,19,,,,,,,100,97,66,18,220.3,2730,10801,36,0,7.2,0.9;13.2;2.7;1.8;0.3;0.0;64.0;23.9;6.8;0.9;41.6;15.0;1.2;0.6;0.0;0.0;0.0;0.0;0.0;0.0;0.0;0.0;0.0;0.0,37.42,0.1,0.07,0.09,14.457,0.857,22998.0,58935.0,4,16,,,,,,,,,,,,,,,,,,,,,,,,,,,,,,,,,,,,,,,,,,,,,,,,,,,,,,,,,,,,,
21,20,,,,,,,100,95,65,18,219.9,2730,10801,36,0,7.4,2.3;13.5;2.0;2.6;0.9;0.9;36.8;26.4;5.9;1.8;26.8;54.1;0.6;0.3;0.0;0.0;0.0;0.3;0.0;0.0;0.0;0.0;0.9;0.9,37.42,0.1,0.0,0.04,14.457,0.857,9228.0,15185.0,4,16,,,,,,,,,,,,,,,,,,,,,,,,,,,,,,,,,,,,,,,,,,,,,,,,,,,,,,,,,,,,,
21,21,,,,,,,100,94,65,19,219.3,2730,10801,36,0,7.5,1.4;15.5;4.9;0.9;1.7;0.6;32.8;29.0;7.8;5.2;28.8;50.3;0.6;0.9;0.0;0.0;0.0;0.0;0.0;0.0;0.0;0.0;0.0;0.0,37.43,0.1,0.0,0.02,14.457,0.857,3955.0,14111.0,4,16,,,,,,,,,,,,,,,,,,,,,,,,,,,,,,,,,,,,,,,,,,,,,,,,,,,,,,,,,,,,,
21,22,,,,,,,100,95,66,19,219.9,2730,10801,36,0,7.4,1.5;12.2;1.2;1.2;0.3;0.6;56.8;27.4;8.2;5.3;26.5;33.3;0.9;0.6;0.0;0.0;0.6;0.0;0.0;0.0;0.0;0.0;0.6;0.3,37.41,0.1,0.0,0.06,14.457,0.857,4003.0,15576.0,4,16,,,,,,,,,,,,,,,,,,,,,,,,,,,,,,,,,,,,,,,,,,,,,,,,,,,,,,,,,,,,,
21,23,,,,,,,100,96,67,18,220.1,2730,10801,36,0,7.6,1.2;15.7;2.3;2.0;1.2;2.0;46.2;24.6;4.9;3.2;29.7;43.6;2.0;0.9;0.0;0.0;0.3;0.0;0.3;0.6;0.0;0.0;1.7;0.0,37.41,0.1,0.0,0.08,14.457,0.857,16210.0,77294.0,4,16,,,,,,,,,,,,,,,,,,,,,,,,,,,,,,,,,,,,,,,,,,,,,,,,,,,,,,,,,,,,,
21,24,,,,,,,100,100,67,19,219.3,2730,10801,36,0,8.0,2.3;14.0;2.3;1.5;1.2;1.5;38.9;18.5;9.1;4.1;26.4;67.4;0.6;0.3;0.6;0.0;0.6;0.3;0.3;0.3;0.3;1.2;0.9;0.3,37.41,0.1,0.11,0.26,14.457,0.857,5859.0,105957.0,4,16,,,,,,,,,,,,,,,,,,,,,,,,,,,,,,,,,,,,,,,,,,,,,,,,,,,,,,,,,,,,,
21,25,,,,,,,96,90,67,17,219.6,2730,10801,36,0,7.7,1.2;15.2;1.7;2.0;1.4;0.9;63.6;22.5;5.8;4.0;25.7;33.5;1.4;0.3;0.0;0.0;0.6;0.0;0.0;0.3;0.0;0.6;1.7;0.6,37.41,0.1,0.0,0.04,14.457,0.857,8789.0,10253.0,4,16,,,,,,,,,,,,,,,,,,,,,,,,,,,,,,,,,,,,,,,,,,,,,,,,,,,,,,,,,,,,,
21,26,,,,,,,97,94,67,18,218.7,2730,10801,36,0,7.2,1.8;8.7;1.8;2.9;0.9;0.3;24.3;49.9;6.5;3.8;33.1;37.8;0.3;0.6;0.0;0.0;0.0;0.0;0.0;0.0;0.3;0.3;0.0;0.0,37.39,0.1,0.0,0.06,14.457,0.857,3662.0,13378.0,4,16,,,,,,,,,,,,,,,,,,,,,,,,,,,,,,,,,,,,,,,,,,,,,,,,,,,,,,,,,,,,,
21,27,,,,,,,98,89,65,18,216.6,2730,10801,36,0,7.7,1.8;13.8;2.9;2.6;0.6;0.9;26.2;34.3;5.0;3.5;19.3;66.8;0.3;1.2;0.9;0.3;0.3;0.9;0.0;0.6;0.9;0.3;0.0;0.3,37.4,0.1,0.0,0.03,14.457,0.857,8056.0,11230.0,4,16,,,,,,,,,,,,,,,,,,,,,,,,,,,,,,,,,,,,,,,,,,,,,,,,,,,,,,,,,,,,,
21,28,,,,,,,100,92,66,18,218.9,2730,10801,36,0,9.5,1.8;26.5;2.1;1.2;1.5;0.3;34.7;56.1;12.7;10.2;32.2;41.8;2.1;0.3;0.0;0.3;0.9;0.0;0.0;0.6;0.3;0.3;0.0;0.3,37.39,0.1,0.0,0.04,14.457,0.857,14355.0,55078.0,4,16,,,,,,,,,,,,,,,,,,,,,,,,,,,,,,,,,,,,,,,,,,,,,,,,,,,,,,,,,,,,,
21,29,,,,,,,96,91,66,16,218.5,2730,10801,36,0,8.2,2.3;18.1;3.2;1.7;2.0;1.7;29.2;48.7;6.6;4.0;34.0;35.8;0.6;0.6;0.9;0.3;0.9;0.9;0.3;0.3;0.0;0.3;1.4;0.9,37.37,0.1,0.0,0.09,14.457,0.857,24902.0,24218.0,4,16,,,,,,,,,,,,,,,,,,,,,,,,,,,,,,,,,,,,,,,,,,,,,,,,,,,,,,,,,,,,,
21,30,,,,,,,100,99,67,15,219.6,2730,10801,36,0,7.5,0.9;12.4;2.6;1.5;0.0;1.2;38.2;17.8;7.9;3.8;25.3;64.3;0.3;0.6;0.0;0.0;0.6;0.0;0.0;0.0;0.0;0.6;0.0;0.0,37.38,0.1,0.0,0.02,14.457,0.857,16699.0,10644.0,4,16,,,,,,,,,,,,,,,,,,,,,,,,,,,,,,,,,,,,,,,,,,,,,,,,,,,,,,,,,,,,,
21,31,,,,,,,98,88,66,17,220.9,2730,10801,36,0,7.0,0.9;9.8;1.5;1.5;0.9;0.6;50.0;25.6;7.1;2.4;28.4;37.4;0.6;0.6;0.0;0.0;0.3;0.0;0.0;0.0;0.0;0.0;0.0;0.0,37.38,0.1,0.01,0.11,14.457,0.857,17089.0,10400.0,4,16,,,,,,,,,,,,,,,,,,,,,,,,,,,,,,,,,,,,,,,,,,,,,,,,,,,,,,,,,,,,,
21,32,,,,,,,96,90,66,18,220.1,2730,10801,36,0,7.3,1.5;10.6;2.6;0.3;0.3;1.8;33.8;48.4;5.3;1.8;31.5;33.5;0.9;0.3;0.3;0.0;0.0;0.3;0.0;0.0;0.0;0.6;0.3;0.0,37.38,0.1,0.0,0.11,14.457,0.857,3710.0,25390.0,4,16,,,,,,,,,,,,,,,,,,,,,,,,,,,,,,,,,,,,,,,,,,,,,,,,,,,,,,,,,,,,,
21,33,,,,,,,100,93,65,18,219.5,2730,10801,36,0,7.7,3.2;14.6;4.3;0.6;1.4;0.3;25.9;27.4;6.9;2.6;22.0;68.6;0.9;0.3;0.0;0.0;0.0;0.6;0.3;0.0;1.7;2.9;0.0;0.3,37.38,0.1,0.0,0.02,14.457,0.857,3906.0,13671.0,4,16,,,,,,,,,,,,,,,,,,,,,,,,,,,,,,,,,,,,,,,,,,,,,,,,,,,,,,,,,,,,,
21,34,,,,,,,96,93,66,18,220.6,2730,10801,36,0,7.4,1.2;15.8;2.1;0.6;0.9;0.0;34.7;40.9;7.9;2.6;28.8;38.8;0.3;0.3;0.0;0.0;0.0;0.0;0.0;0.0;0.0;1.2;0.0;0.0,37.39,0.1,0.0,0.04,14.457,0.857,8398.0,10888.0,4,16,,,,,,,,,,,,,,,,,,,,,,,,,,,,,,,,,,,,,,,,,,,,,,,,,,,,,,,,,,,,,
21,35,,,,,,,96,92,67,18,218.7,2730,10801,36,0,7.3,1.8;14.0;2.1;1.8;1.8;0.9;28.1;54.8;5.9;1.5;37.1;23.5;0.6;0.3;0.0;0.0;0.0;0.3;0.0;0.0;0.3;0.6;0.0;0.0,37.39,0.1,0.0,0.08,14.457,0.857,9521.0,14746.0,4,16,,,,,,,,,,,,,,,,,,,,,,,,,,,,,,,,,,,,,,,,,,,,,,,,,,,,,,,,,,,,,
21,36,,,,,,,99,93,66,18,218.9,2730,10801,36,0,7.8,1.2;18.3;2.6;1.8;2.1;0.6;34.4;27.1;7.4;4.4;24.0;60.8;0.0;0.6;0.0;0.0;0.0;0.0;0.0;0.0;0.0;0.6;0.0;0.0,37.39,0.1,0.0,0.03,14.457,0.857,4052.0,20410.0,4,16,,,,,,,,,,,,,,,,,,,,,,,,,,,,,,,,,,,,,,,,,,,,,,,,,,,,,,,,,,,,,
21,37,,,,,,,96,92,68,19,220.5,2730,10801,36,0,7.0,0.0;15.8;1.4;1.2;0.3;0.9;48.1;17.6;5.2;1.7;21.1;50.6;0.6;0.6;0.0;0.0;0.3;0.0;0.0;0.0;0.0;0.6;0.6;0.0,37.39,0.1,0.0,0.02,14.457,0.857,26025.0,60449.0,4,16,,,,,,,,,,,,,,,,,,,,,,,,,,,,,,,,,,,,,,,,,,,,,,,,,,,,,,,,,,,,,
21,38,,,,,,,97,91,66,18,220.4,2730,10801,36,0,7.8,1.8;13.1;2.1;1.5;2.9;2.1;34.8;47.2;6.8;3.2;33.3;31.0;1.8;0.0;0.3;0.0;1.2;0.6;0.0;1.2;0.3;0.0;0.0;0.9,37.39,0.1,0.0,0.08,14.457,0.857,3857.0,28320.0,4,16,,,,,,,,,,,,,,,,,,,,,,,,,,,,,,,,,,,,,,,,,,,,,,,,,,,,,,,,,,,,,
21,39,,,,,,,100,94,66,18,221.3,2730,10801,36,0,8.0,1.8;16.3;2.9;3.2;1.8;2.3;33.6;34.2;9.4;2.6;23.0;57.8;0.3;0.6;0.3;0.0;0.0;0.0;0.0;0.0;0.0;0.0;0.9;0.0,37.4,0.1,0.0,0.03,14.457,0.857,12695.0,9277.0,4,16,,,,,,,,,,,,,,,,,,,,,,,,,,,,,,,,,,,,,,,,,,,,,,,,,,,,,,,,,,,,,
21,40,,,,,,,97,83,66,18,220.7,2730,10801,36,0,7.8,1.2;10.3;3.2;2.3;1.2;1.8;40.5;31.6;7.0;3.5;22.9;57.3;0.9;0.6;0.0;0.0;0.9;0.6;0.0;0.0;0.3;0.0;0.0;0.0,37.45,0.1,0.01,0.02,14.46,0.86,3857.0,13476.0,4,16,,,,,,,,,,,,,,,,,,,,,,,,,,,,,,,,,,,,,,,,,,,,,,,,,,,,,,,,,,,,,
21,41,,,,,,,100,92,65,18,219.0,2730,10801,36,0,7.7,0.9;14.1;1.7;2.0;2.0;0.9;24.5;67.3;8.1;3.8;22.1;33.1;0.6;0.6;0.0;0.0;0.0;0.0;0.0;0.0;0.0;2.3;0.6;0.0,37.41,0.1,0.0,0.1,14.457,0.857,3857.0,19091.0,4,16,,,,,,,,,,,,,,,,,,,,,,,,,,,,,,,,,,,,,,,,,,,,,,,,,,,,,,,,,,,,,
21,42,,,,,,,100,95,66,18,221.0,2730,10801,36,0,8.2,1.8;14.0;2.0;1.5;1.8;2.1;34.9;45.3;7.6;9.0;25.7;49.3;1.2;1.2;0.0;0.0;0.0;0.3;0.0;0.0;0.0;0.3;0.0;0.0,37.41,0.1,0.0,0.07,14.457,0.857,9277.0,19531.0,4,16,,,,,,,,,,,,,,,,,,,,,,,,,,,,,,,,,,,,,,,,,,,,,,,,,,,,,,,,,,,,,
21,43,,,,,,,96,91,66,17,219.9,2730,10801,36,0,8.0,0.9;19.0;1.8;2.3;1.5;1.5;28.7;42.4;5.0;6.1;24.1;53.8;0.3;1.2;0.0;0.3;0.0;0.3;0.3;0.0;0.0;0.0;0.9;0.3,37.41,0.1,0.0,0.06,14.457,0.857,3857.0,15527.0,4,16,,,,,,,,,,,,,,,,,,,,,,,,,,,,,,,,,,,,,,,,,,,,,,,,,,,,,,,,,,,,,
21,44,,,,,,,100,100,68,18,219.2,2730,10801,36,0,7.9,0.9;13.0;2.4;2.1;0.3;1.5;23.5;68.5;4.1;5.6;32.4;28.8;0.3;0.6;0.0;0.0;0.0;0.0;0.0;0.3;0.6;3.2;0.6;0.0,37.4,0.1,0.0,0.04,14.457,0.857,4052.0,19140.0,4,16,,,,,,,,,,,,,,,,,,,,,,,,,,,,,,,,,,,,,,,,,,,,,,,,,,,,,,,,,,,,,
21,45,,,,,,,96,85,66,16,220.2,2730,10801,36,0,7.5,1.4;16.5;2.0;2.3;0.0;1.4;26.7;39.4;4.6;6.1;35.6;38.8;0.3;0.6;0.0;0.0;0.3;0.0;0.0;0.0;0.0;0.0;1.2;0.0,37.39,0.1,0.0,0.05,14.457,0.857,4345.0,29687.0,4,16,,,,,,,,,,,,,,,,,,,,,,,,,,,,,,,,,,,,,,,,,,,,,,,,,,,,,,,,,,,,,
21,46,,,,,,,100,95,66,18,219.2,2730,10801,36,0,8.9,0.5;38.4;2.9;2.9;2.0;1.5;34.5;58.5;4.9;5.4;19.0;26.8;2.5;2.0;0.0;0.5;0.5;1.0;0.0;0.5;0.0;0.5;0.0;0.5,37.4,0.1,0.0,0.07,14.457,0.857,439.0,537.0,4,16,,,,,,,,,,,,,,,,,,,,,,,,,,,,,,,,,,,,,,,,,,,,,,,,,,,,,,,,,,,,,
21,summary,0.3915943228747195,0.9874046633253432,0.3973563549795589,0.9870514765550576,0.00097406,251.9,,,,,,,,,,,,,,,,,,,,,,7,96.2,100,1,91.15,100,59,66.02,68,15,17.89,22,171.5,218.49,221.3,2730.3,10801.0,35.9,0,7.0,8.75,51.1,37.37,37.42,37.59,63.16,0.1,0.1,0.1,19.04,0.0,0.0,0.11,0.02,0.7,7.83,10.733,13.6,14.457,14.46,14.46,15.992,0.857,0.86,0.86,439.0,12100.46,72705.0,537.0,38426.22,230224.0,4,4.0,4,16,16.0,16,4,16,191.04,47.23
22,1,,,,,,,3,1,61,20,188.2,2730,10801,36,0,50.9,66.4;67.7;82.4;82.7;84.1;84.9;96.0;96.4;71.7;77.2;95.6;96.2;47.6;45.8;6.3;5.2;24.4;25.5;3.8;5.4;16.8;18.1;11.8;11.1,37.54,0.1,0.0,0.06,14.457,0.857,3320.0,229541.0,4,16,,,,,,,,,,,,,,,,,,,,,,,,,,,,,,,,,,,,,,,,,,,,,,,,,,,,,,,,,,,,,
22,2,,,,,,,100,94,67,18,220.6,2745,10801,36,0,8.3,2.4;14.9;5.6;3.8;2.4;1.2;25.4;50.4;9.1;5.3;27.9;43.8;1.8;0.3;0.3;0.0;0.3;0.6;0.3;0.0;0.6;1.2;0.0;0.6,37.54,0.1,0.01,6.93,14.457,0.857,17041.0,24218.0,4,16,,,,,,,,,,,,,,,,,,,,,,,,,,,,,,,,,,,,,,,,,,,,,,,,,,,,,,,,,,,,,
22,3,,,,,,,96,92,65,17,219.6,2745,10801,36,0,7.2,1.5;16.4;0.6;0.6;0.6;1.2;26.1;31.3;2.3;3.8;30.5;57.8;0.0;0.0;0.0;0.0;0.0;0.0;0.0;0.0;0.0;0.0;0.3;0.0,37.51,0.1,0.0,4.84,14.457,0.857,57763.0,199755.0,4,16,,,,,,,,,,,,,,,,,,,,,,,,,,,,,,,,,,,,,,,,,,,,,,,,,,,,,,,,,,,,,
22,4,,,,,,,100,96,68,19,220.8,2745,10801,36,0,7.3,0.9;16.5;2.6;0.9;0.6;0.6;34.7;51.4;4.6;5.2;35.5;18.5;0.9;0.6;0.0;0.0;0.0;0.0;0.0;0.0;0.0;0.6;0.0;0.0,37.49,0.1,0.0,2.82,14.457,0.857,5175.0,10595.0,4,16,,,,,,,,,,,,,,,,,,,,,,,,,,,,,,,,,,,,,,,,,,,,,,,,,,,,,,,,,,,,,
22,5,,,,,,,100,96,66,17,220.8,2745,10801,35,0,7.1,0.6;18.0;1.5;1.2;0.3;0.9;31.8;38.2;2.9;2.4;25.9;44.3;0.0;0.0;0.0;0.0;0.0;0.0;0.0;0.0;0.0;0.6;0.0;0.0,37.48,0.1,0.0,3.21,14.457,0.857,6982.0,23437.0,4,16,,,,,,,,,,,,,,,,,,,,,,,,,,,,,,,,,,,,,,,,,,,,,,,,,,,,,,,,,,,,,
22,6,,,,,,,99,100,66,17,219.7,2745,10801,36,0,7.7,1.2;17.3;2.9;4.4;1.5;2.1;32.9;21.1;4.7;4.4;11.5;75.1;0.6;0.9;0.0;0.0;0.3;0.3;0.0;0.0;0.6;0.3;0.3;0.3,37.47,0.1,0.0,2.52,14.457,0.857,69433.0,202001.0,4,16,,,,,,,,,,,,,,,,,,,,,,,,,,,,,,,,,,,,,,,,,,,,,,,,,,,,,,,,,,,,,
22,7,,,,,,,100,100,66,17,218.7,2745,10801,36,0,7.8,2.9;14.8;3.8;3.5;0.9;1.5;44.4;48.1;3.2;4.4;29.6;23.7;1.5;0.6;0.0;0.3;0.0;0.6;0.0;0.3;1.5;1.2;0.3;0.6,37.45,0.1,0.0,2.26,14.457,0.857,8203.0,71093.0,4,16,,,,,,,,,,,,,,,,,,,,,,,,,,,,,,,,,,,,,,,,,,,,,,,,,,,,,,,,,,,,,
22,8,,,,,,,96,90,65,17,218.8,2745,10801,36,0,11.4,6.0;21.1;10.3;6.0;6.6;3.5;39.7;42.1;14.1;10.6;40.2;43.1;4.9;3.7;0.9;1.2;3.2;2.9;1.4;2.6;2.9;2.3;2.6;0.6,37.57,0.1,1.07,1.78,14.457,0.857,3369.0,124218.0,4,16,,,,,,,,,,,,,,,,,,,,,,,,,,,,,,,,,,,,,,,,,,,,,,,,,,,,,,,,,,,,,
22,9,,,,,,,96,91,66,18,220.2,2745,10801,36,0,9.6,1.2;13.6;4.4;4.1;2.7;1.8;38.1;37.1;11.5;12.9;31.6;60.8;2.4;1.5;0.6;0.3;0.9;0.3;0.9;0.0;0.9;0.9;1.2;0.0,37.54,0.1,0.83,1.9,14.476,0.876,90527.0,45751.0,4,16,,,,,,,,,,,,,,,,,,,,,,,,,,,,,,,,,,,,,,,,,,,,,,,,,,,,,,,,,,,,,
22,10,,,,,,,100,100,66,17,220.9,2745,10801,36,0,8.2,1.5;13.1;3.0;2.1;1.5;1.2;57.1;20.2;7.2;7.1;30.1;46.3;0.9;1.5;0.0;0.0;0.3;0.0;0.0;0.3;0.0;1.2;0.0;0.3,37.52,0.1,0.0,4.47,14.48,0.88,5175.0,14257.0,4,16,,,,,,,,,,,,,,,,,,,,,,,,,,,,,,,,,,,,,,,,,,,,,,,,,,,,,,,,,,,,,
22,11,,,,,,,100,93,68,18,220.3,2745,10801,36,0,8.0,1.5;14.2;2.6;2.6;1.8;0.6;55.0;24.9;5.6;5.6;35.8;38.1;1.2;1.2;0.0;0.0;0.3;0.3;0.0;0.0;0.0;0.3;1.2;0.0,37.51,0.1,0.04,0.18,14.464,0.864,13769.0,24169.0,4,16,,,,,,,,,,,,,,,,,,,,,,,,,,,,,,,,,,,,,,,,,,,,,,,,,,,,,,,,,,,,,
22,12,,,,,,,96,92,66,17,219.5,2745,10801,36,0,8.4,2.0;14.9;4.0;4.9;1.7;2.3;26.8;37.4;6.1;8.0;20.2;71.5;0.0;0.3;0.0;0.0;0.6;0.0;0.0;0.0;0.3;0.0;0.9;0.0,37.54,0.1,0.0,0.07,14.467,0.867,10839.0,316699.0,4,16,,,,,,,,,,,,,,,,,,,,,,,,,,,,,,,,,,,,,,,,,,,,,,,,,,,,,,,,,,,,,
22,13,,,,,,,100,96,66,17,220.6,2745,10801,36,0,8.6,2.3;13.0;2.9;3.2;2.6;2.6;64.3;23.3;6.7;9.1;28.4;40.4;0.6;0.6;0.6;0.0;0.9;0.0;0.9;0.0;0.9;3.2;0.3;0.0,37.53,0.1,0.0,0.09,14.463,0.863,7666.0,10449.0,4,16,,,,,,,,,,,,,,,,,,,,,,,,,,,,,,,,,,,,,,,,,,,,,,,,,,,,,,,,,,,,,
22,14,,,,,,,96,89,66,17,220.4,2745,10801,36,0,8.6,3.2;15.4;2.9;4.4;1.8;2.6;55.0;26.8;6.1;9.1;24.5;47.2;1.2;0.6;0.0;0.0;0.0;0.3;0.3;0.3;0.3;0.9;1.5;1.2,37.49,0.1,0.02,0.1,14.463,0.863,3613.0,23437.0,4,16,,,,,,,,,,,,,,,,,,,,,,,,,,,,,,,,,,,,,,,,,,,,,,,,,,,,,,,,,,,,,
22,15,,,,,,,97,93,66,17,220.1,2745,10801,36,0,8.9,1.5;12.3;2.1;5.3;2.6;2.1;29.2;38.5;8.2;8.2;45.3;52.5;1.2;1.5;0.3;2.1;0.0;0.0;0.3;0.0;0.0;0.0;0.0;0.0,37.48,0.1,0.01,0.1,14.463,0.863,16552.0,10351.0,4,16,,,,,,,,,,,,,,,,,,,,,,,,,,,,,,,,,,,,,,,,,,,,,,,,,,,,,,,,,,,,,
22,16,,,,,,,96,94,65,17,220.4,2745,10801,36,0,8.7,2.0;27.0;2.3;2.3;2.3;0.9;47.7;25.4;3.5;6.9;44.1;34.3;1.7;1.4;0.0;0.0;0.9;0.3;0.0;0.0;0.3;1.7;0.3;0.0,37.48,0.1,0.0,0.06,14.463,0.863,14111.0,10791.0,4,16,,,,,,,,,,,,,,,,,,,,,,,,,,,,,,,,,,,,,,,,,,,,,,,,,,,,,,,,,,,,,
22,17,,,,,,,96,91,67,18,218.3,2745,10801,36,0,7.3,0.9;14.0;1.8;2.4;0.6;0.9;49.0;28.5;3.8;4.4;26.7;37.8;0.6;0.6;0.0;0.0;0.6;0.0;0.3;0.6;0.3;0.3;0.6;0.0,37.48,0.1,0.0,0.02,14.463,0.863,7031.0,58203.0,4,16,,,,,,,,,,,,,,,,,,,,,,,,,,,,,,,,,,,,,,,,,,,,,,,,,,,,,,,,,,,,,
22,18,,,,,,,98,93,68,17,218.6,2745,10801,36,0,7.7,1.8;13.5;3.2;1.8;2.9;1.2;29.4;33.7;4.7;6.2;30.5;48.1;0.0;1.8;0.6;0.3;0.3;1.2;0.3;0.3;0.9;0.3;1.5;0.9,37.46,0.1,0.0,0.32,14.463,0.863,40087.0,58789.0,4,16,,,,,,,,,,,,,,,,,,,,,,,,,,,,,,,,,,,,,,,,,,,,,,,,,,,,,,,,,,,,,
22,19,,,,,,,99,92,67,17,220.0,2745,10801,36,0,7.3,0.9;10.1;2.7;0.3;1.5;0.9;29.2;37.8;3.8;5.3;35.1;42.5;0.9;0.6;0.3;0.3;0.0;0.6;0.3;0.6;0.0;0.0;0.0;0.3,37.47,0.1,0.0,0.06,14.463,0.863,26806.0,54736.0,4,16,,,,,,,,,,,,,,,,,,,,,,,,,,,,,,,,,,,,,,,,,,,,,,,,,,,,,,,,,,,,,
22,20,,,,,,,100,100,66,18,220.3,2745,10801,36,0,8.6,1.4;20.6;1.7;3.5;2.9;2.6;32.7;43.4;5.2;4.0;39.3;38.7;1.2;1.2;0.3;0.0;0.9;0.0;2.6;0.9;0.0;2.0;0.0;0.0,37.42,0.1,0.03,0.47,14.463,0.863,16503.0,12304.0,4,16,,,,,,,,,,,,,,,,,,,,,,,,,,,,,,,,,,,,,,,,,,,,,,,,,,,,,,,,,,,,,
22,21,,,,,,,100,99,68,16,220.5,2745,10801,36,0,7.9,2.6;16.1;1.8;1.2;1.5;1.2;42.7;23.4;4.4;7.3;21.6;57.7;0.6;0.6;0.0;0.0;0.0;0.6;0.6;0.0;0.6;1.2;1.8;0.9,37.42,0.1,0.01,0.07,14.463,0.863,3759.0,15380.0,4,16,,,,,,,,,,,,,,,,,,,,,,,,,,,,,,,,,,,,,,,,,,,,,,,,,,,,,,,,,,,,,
22,22,,,,,,,96,88,67,18,221.4,2745,10801,36,0,7.5,1.5;14.5;2.4;1.8;1.5;1.2;30.4;30.5;2.9;5.6;53.7;28.2;1.2;1.5;0.0;0.0;0.0;0.6;0.0;0.0;0.3;0.3;0.0;0.6,37.42,0.1,0.0,0.03,14.463,0.863,3808.0,27539.0,4,16,,,,,,,,,,,,,,,,,,,,,,,,,,,,,,,,,,,,,,,,,,,,,,,,,,,,,,,,,,,,,
22,23,,,,,,,96,92,68,18,219.7,2745,10801,36,0,8.2,2.9;18.3;2.4;2.1;1.2;0.9;55.4;23.0;7.1;6.2;45.6;23.8;0.3;0.6;0.3;0.0;0.9;1.2;0.6;0.0;0.3;1.2;0.6;1.5,37.42,0.1,0.0,0.02,14.463,0.863,16796.0,10449.0,4,16,,,,,,,,,,,,,,,,,,,,,,,,,,,,,,,,,,,,,,,,,,,,,,,,,,,,,,,,,,,,,
22,24,,,,,,,100,96,67,17,221.0,2745,10801,36,0,7.2,1.1;12.4;3.4;2.0;1.4;0.9;49.3;25.0;2.6;6.6;28.2;36.5;0.3;0.3;0.0;0.0;0.3;0.0;0.0;0.0;0.0;0.0;1.1;0.0,37.41,0.1,0.01,0.23,14.463,0.863,20507.0,99804.0,4,16,,,,,,,,,,,,,,,,,,,,,,,,,,,,,,,,,,,,,,,,,,,,,,,,,,,,,,,,,,,,,
22,25,,,,,,,96,91,66,17,219.2,2745,10801,36,0,7.3,0.6;14.2;2.4;2.9;0.9;1.2;38.2;25.1;3.5;2.9;52.6;25.6;0.6;0.0;0.0;0.0;0.0;0.3;0.6;0.3;0.0;0.6;1.2;0.0,37.41,0.1,0.0,0.04,14.463,0.863,5419.0,24853.0,4,16,,,,,,,,,,,,,,,,,,,,,,,,,,,,,,,,,,,,,,,,,,,,,,,,,,,,,,,,,,,,,
22,26,,,,,,,100,100,66,17,218.8,2745,10801,36,0,8.2,1.8;18.1;2.3;3.8;1.2;0.9;59.6;22.5;5.0;6.1;40.8;27.9;1.5;1.2;0.0;0.3;0.3;0.9;0.0;0.0;0.0;0.0;0.6;0.0,37.42,0.1,0.0,0.03,14.463,0.863,16455.0,13623.0,4,16,,,,,,,,,,,,,,,,,,,,,,,,,,,,,,,,,,,,,,,,,,,,,,,,,,,,,,,,,,,,,
22,27,,,,,,,100,94,66,18,219.2,2745,10801,36,0,8.1,0.9;16.9;2.6;3.5;1.2;2.1;51.9;21.0;5.9;8.6;35.0;41.2;0.0;0.6;0.0;0.3;0.0;0.0;0.0;0.0;0.0;0.3;0.6;0.3,37.42,0.1,0.0,0.08,14.463,0.863,5615.0,23339.0,4,16,,,,,,,,,,,,,,,,,,,,,,,,,,,,,,,,,,,,,,,,,,,,,,,,,,,,,,,,,,,,,
22,28,,,,,,,100,100,68,17,220.7,2745,10801,36,0,7.9,2.0;14.1;3.2;2.3;1.4;0.9;28.2;29.7;8.7;7.7;42.5;46.2;0.9;0.9;0.0;0.3;0.0;0.3;0.0;0.0;0.0;1.1;0.3;0.0,37.42,0.1,0.0,0.04,14.463,0.863,22021.0,65869.0,4,16,,,,,,,,,,,,,,,,,,,,,,,,,,,,,,,,,,,,,,,,,,,,,,,,,,,,,,,,,,,,,
22,29,,,,,,,100,96,65,17,220.7,2745,10801,36,0,7.8,1.2;13.5;3.2;2.1;2.4;2.1;54.5;18.5;5.6;6.4;47.1;24.4;1.2;0.9;0.0;0.0;0.0;0.0;0.3;0.6;0.0;0.3;2.9;0.3,37.41,0.1,0.0,0.03,14.463,0.863,3613.0,15673.0,4,16,,,,,,,,,,,,,,,,,,,,,,,,,,,,,,,,,,,,,,,,,,,,,,,,,,,,,,,,,,,,,
22,30,,,,,,,100,95,67,17,221.2,2745,10801,36,0,8.0,0.6;16.1;4.4;3.2;1.8;0.9;54.6;21.8;5.6;6.5;23.6;49.0;0.6;1.2;0.0;0.0;0.0;0.6;0.0;0.0;0.0;0.6;1.2;0.0,37.41,0.1,0.0,0.03,14.463,0.863,3857.0,18750.0,4,16,,,,,,,,,,,,,,,,,,,,,,,,,,,,,,,,,,,,,,,,,,,,,,,,,,,,,,,,,,,,,
22,31,,,,,,,96,91,67,17,220.5,2745,10801,36,0,8.8,2.9;17.1;4.4;2.9;2.1;1.8;34.2;28.4;8.1;6.4;51.0;37.1;0.9;1.8;0.6;0.9;0.9;0.3;0.0;0.3;2.6;3.2;0.3;1.2,37.41,0.1,0.0,0.08,14.463,0.863,9472.0,14208.0,4,16,,,,,,,,,,,,,,,,,,,,,,,,,,,,,,,,,,,,,,,,,,,,,,,,,,,,,,,,,,,,,
22,32,,,,,,,100,95,67,17,221.4,2745,10801,36,0,7.9,1.1;11.4;0.9;4.3;2.9;0.3;38.6;34.2;7.2;8.9;55.6;19.3;1.2;0.3;0.0;0.3;0.3;0.0;0.0;0.0;0.0;1.1;0.6;0.0,37.41,0.1,0.0,0.06,14.463,0.863,3906.0,12744.0,4,16,,,,,,,,,,,,,,,,,,,,,,,,,,,,,,,,,,,,,,,,,,,,,,,,,,,,,,,,,,,,,
22,33,,,,,,,96,89,67,18,220.9,2745,10801,36,0,9.6,3.2;22.7;4.7;1.8;1.5;4.1;67.2;25.9;8.5;8.2;30.0;44.4;1.8;0.9;0.0;0.0;0.3;0.3;0.0;0.3;0.6;2.3;0.3;0.0,37.41,0.1,0.0,0.06,14.463,0.863,7519.0,10400.0,4,16,,,,,,,,,,,,,,,,,,,,,,,,,,,,,,,,,,,,,,,,,,,,,,,,,,,,,,,,,,,,,
22,34,,,,,,,100,99,67,18,220.0,2745,10801,36,0,8.1,1.8;26.3;1.2;1.8;1.5;0.6;25.6;28.2;2.9;5.0;66.0;26.7;0.6;0.6;0.0;0.0;0.0;0.0;0.0;0.0;0.6;0.6;1.2;0.6,37.4,0.1,0.0,0.04,14.463,0.863,15087.0,15625.0,4,16,,,,,,,,,,,,,,,,,,,,,,,,,,,,,,,,,,,,,,,,,,,,,,,,,,,,,,,,,,,,,
22,35,,,,,,,100,92,66,17,219.5,2745,10801,36,0,8.0,3.2;18.5;2.9;2.1;2.3;1.8;42.9;25.0;4.1;4.4;34.8;42.4;1.2;1.5;0.3;0.3;0.6;0.0;0.6;0.0;0.3;1.7;0.3;0.0,37.39,0.1,0.0,0.05,14.463,0.863,40966.0,15478.0,4,16,,,,,,,,,,,,,,,,,,,,,,,,,,,,,,,,,,,,,,,,,,,,,,,,,,,,,,,,,,,,,
22,36,,,,,,,96,90,67,17,218.5,2745,10801,36,0,8.6,0.9;15.9;3.8;2.6;1.7;1.4;60.1;21.9;6.6;8.0;18.0;44.8;2.3;1.4;0.6;0.6;1.2;2.0;0.3;1.7;2.3;3.1;2.6;0.9,37.41,0.1,0.0,0.04,14.463,0.863,4052.0,28125.0,4,16,,,,,,,,,,,,,,,,,,,,,,,,,,,,,,,,,,,,,,,,,,,,,,,,,,,,,,,,,,,,,
22,37,,,,,,,100,93,66,18,220.4,2745,10801,36,0,8.4,4.4;15.9;2.4;2.3;2.9;1.5;37.2;31.5;4.4;3.5;27.9;58.2;2.1;1.2;0.0;0.3;0.6;0.3;0.3;0.0;0.0;0.6;2.3;0.9,37.4,0.1,0.0,0.06,14.463,0.863,33642.0,58154.0,4,16,,,,,,,,,,,,,,,,,,,,,,,,,,,,,,,,,,,,,,,,,,,,,,,,,,,,,,,,,,,,,
22,38,,,,,,,100,92,67,19,220.9,2745,10801,36,0,7.5,0.9;14.4;1.8;2.1;0.9;0.3;37.1;36.5;3.5;5.0;36.5;37.1;0.6;0.0;0.0;0.3;0.0;0.3;0.3;0.6;0.0;0.0;0.9;0.0,37.39,0.1,0.0,0.08,14.463,0.863,3906.0,28955.0,4,16,,,,,,,,,,,,,,,,,,,,,,,,,,,,,,,,,,,,,,,,,,,,,,,,,,,,,,,,,,,,,
22,39,,,,,,,98,90,68,17,221.3,2745,10801,36,0,7.6,1.2;14.2;2.6;0.6;1.5;0.6;50.7;34.2;3.5;6.5;28.8;33.4;0.6;0.9;0.0;0.0;0.0;0.3;0.0;0.0;0.0;0.0;0.9;0.0,37.4,0.1,0.0,0.04,14.463,0.863,6738.0,11816.0,4,16,,,,,,,,,,,,,,,,,,,,,,,,,,,,,,,,,,,,,,,,,,,,,,,,,,,,,,,,,,,,,
22,40,,,,,,,100,96,67,16,220.6,2745,10801,36,0,7.4,0.6;15.0;2.6;0.9;1.4;0.3;29.2;34.6;4.9;2.6;37.3;44.0;1.1;0.6;0.0;0.6;0.6;0.0;0.6;0.0;0.3;1.4;0.0;0.0,37.39,0.1,0.0,0.04,14.463,0.863,13281.0,15429.0,4,16,,,,,,,,,,,,,,,,,,,,,,,,,,,,,,,,,,,,,,,,,,,,,,,,,,,,,,,,,,,,,
22,41,,,,,,,96,84,67,17,220.8,2745,10801,36,0,7.2,0.6;11.4;2.3;0.9;0.9;0.0;40.2;29.6;3.8;3.8;27.2;47.2;0.9;0.3;0.0;0.0;0.3;0.3;0.0;0.0;0.0;1.7;0.0;0.0,37.4,0.1,0.0,0.05,14.463,0.863,3613.0,23388.0,4,16,,,,,,,,,,,,,,,,,,,,,,,,,,,,,,,,,,,,,,,,,,,,,,,,,,,,,,,,,,,,,
22,42,,,,,,,96,94,68,17,219.9,2745,10801,36,0,8.5,0.9;22.3;2.3;2.0;1.2;0.9;44.4;46.4;5.9;7.3;25.7;36.4;0.6;0.6;0.0;0.0;0.0;0.3;2.3;0.0;0.3;1.2;1.2;0.0,37.41,0.1,0.02,0.36,14.463,0.863,3662.0,82666.0,4,16,,,,,,,,,,,,,,,,,,,,,,,,,,,,,,,,,,,,,,,,,,,,,,,,,,,,,,,,,,,,,
22,43,,,,,,,100,95,66,17,220.3,2745,10801,36,0,7.3,0.6;14.6;1.8;1.2;1.2;0.6;38.5;32.4;4.7;5.0;23.8;48.5;0.6;0.9;0.0;0.0;0.0;0.0;0.0;0.0;0.0;0.0;0.6;0.0,37.4,0.1,0.0,0.14,14.463,0.863,3955.0,28662.0,4,16,,,,,,,,,,,,,,,,,,,,,,,,,,,,,,,,,,,,,,,,,,,,,,,,,,,,,,,,,,,,,
22,44,,,,,,,96,91,66,18,219.3,2745,10801,36,0,8.7,3.5;17.6;6.0;2.9;2.3;1.4;39.9;28.2;7.2;5.7;37.1;45.0;2.6;0.6;0.9;0.6;0.6;1.2;0.6;0.6;1.4;0.9;2.3;0.6,37.4,0.1,0.01,0.05,14.463,0.863,14843.0,11035.0,4,16,,,,,,,,,,,,,,,,,,,,,,,,,,,,,,,,,,,,,,,,,,,,,,,,,,,,,,,,,,,,,
22,45,,,,,,,98,97,67,16,219.7,2745,10801,36,0,6.3,0.6;14.8;0.9;0.9;0.9;0.6;35.1;37.1;4.7;1.8;39.7;13.0;0.0;0.3;0.0;0.0;0.3;0.0;0.0;0.0;0.0;0.0;0.0;0.0,37.41,0.1,0.0,0.04,14.463,0.863,9667.0,10498.0,4,16,,,,,,,,,,,,,,,,,,,,,,,,,,,,,,,,,,,,,,,,,,,,,,,,,,,,,,,,,,,,,
22,46,,,,,,,97,93,68,18,221.6,2745,10801,36,0,6.3,1.0;11.7;2.0;2.0;1.5;0.5;5.4;87.3;2.5;4.4;13.7;16.3;0.0;0.0;0.0;0.0;0.5;0.0;0.0;0.5;0.0;1.0;0.0;0.0,37.4,0.1,0.0,0.09,14.463,0.863,390.0,4101.0,4,16,,,,,,,,,,,,,,,,,,,,,,,,,,,,,,,,,,,,,,,,,,,,,,,,,,,,,,,,,,,,,
22,summary,0.3915451235021997,0.9874171154624413,0.4050214679627371,0.9837702430935328,0.00097149,251.9,,,,,,,,,,,,,,,,,,,,,,3,96.2,100,1,91.85,100,61,66.52,68,16,17.37,20,188.2,219.45,221.6,2744.7,10801.0,36.0,0,6.3,8.95,50.9,37.39,37.45,37.57,63.16,0.1,0.1,0.1,19.04,0.0,0.04,1.07,0.02,0.74,6.93,10.733,13.6,14.457,14.46,14.48,15.992,0.857,0.86,0.88,390.0,15228.57,90527.0,4101.0,48072.98,316699.0,4,4.0,4,16,16.0,16,4,16,190.57,47.69
23,1,,,,,,,66,64,64,20,188.6,2745,10801,36,0,50.8,66.2;66.9;82.8;82.6;84.8;83.7;96.6;96.3;75.8;78.1;96.4;96.6;47.8;49.5;3.0;3.3;24.9;27.1;2.6;2.1;15.9;15.2;10.2;10.2,37.56,0.1,0.01,0.07,14.463,0.863,102099.0,302148.0,4,16,,,,,,,,,,,,,,,,,,,,,,,,,,,,,,,,,,,,,,,,,,,,,,,,,,,,,,,,,,,,,
23,2,,,,,,,96,93,65,18,220.2,2745,10801,36,0,8.8,2.9;16.8;5.0;3.8;3.2;2.9;69.7;25.3;5.8;6.8;22.1;35.4;2.3;0.6;0.6;0.0;0.6;0.6;0.6;0.3;2.3;2.9;1.2;0.0,37.5,0.1,0.0,8.27,14.463,0.863,4882.0,22363.0,4,16,,,,,,,,,,,,,,,,,,,,,,,,,,,,,,,,,,,,,,,,,,,,,,,,,,,,,,,,,,,,,
23,3,,,,,,,100,95,68,18,211.6,2745,10801,36,0,7.9,0.0;10.7;2.6;1.7;1.2;0.9;40.6;30.4;9.2;9.0;18.4;61.6;0.9;1.2;0.0;0.0;0.0;0.0;0.3;0.0;0.0;0.0;0.9;0.0,37.42,0.1,0.0,4.29,14.463,0.863,12744.0,11718.0,4,16,,,,,,,,,,,,,,,,,,,,,,,,,,,,,,,,,,,,,,,,,,,,,,,,,,,,,,,,,,,,,
23,4,,,,,,,96,93,66,18,219.7,2745,10801,36,0,9.2,2.1;28.0;3.2;2.6;1.8;1.5;42.2;36.4;5.9;9.1;37.0;40.2;0.9;0.0;0.0;0.0;0.0;0.3;0.0;0.0;0.9;3.5;0.6;0.3,37.4,0.1,0.0,2.85,14.463,0.863,13378.0,150732.0,4,16,,,,,,,,,,,,,,,,,,,,,,,,,,,,,,,,,,,,,,,,,,,,,,,,,,,,,,,,,,,,,
23,5,,,,,,,98,95,67,19,219.4,2745,10801,36,0,6.8,0.3;11.4;2.6;0.9;0.3;0.3;51.5;28.8;2.9;0.9;20.9;40.0;0.9;0.0;0.0;0.0;0.0;0.0;0.0;0.0;0.9;0.9;0.0;0.0,37.38,0.1,0.0,3.06,14.463,0.863,4248.0,29443.0,4,16,,,,,,,,,,,,,,,,,,,,,,,,,,,,,,,,,,,,,,,,,,,,,,,,,,,,,,,,,,,,,
23,6,,,,,,,100,99,67,18,220.7,2745,10801,36,0,7.5,0.9;15.6;3.5;1.2;1.5;0.9;47.4;32.0;2.0;7.0;22.4;40.5;0.9;0.9;0.0;0.3;0.0;0.6;0.0;0.3;0.3;1.2;0.3;0.6,37.37,0.1,0.0,2.29,14.463,0.863,3466.0,99121.0,4,16,,,,,,,,,,,,,,,,,,,,,,,,,,,,,,,,,,,,,,,,,,,,,,,,,,,,,,,,,,,,,
23,7,,,,,,,96,93,66,17,209.8,2745,10801,36,0,6.9,0.0;12.0;1.4;1.4;1.2;0.0;9.6;46.1;4.1;6.9;31.3;48.6;0.9;0.3;0.0;0.0;0.3;0.0;0.0;0.0;0.0;0.6;0.0;0.0,37.35,0.1,0.0,2.12,14.463,0.863,73437.0,26562.0,4,16,,,,,,,,,,,,,,,,,,,,,,,,,,,,,,,,,,,,,,,,,,,,,,,,,,,,,,,,,,,,,
23,8,,,,,,,100,93,68,17,218.7,2745,10801,36,0,7.6,2.6;11.1;1.8;2.1;0.6;0.3;38.1;41.3;5.8;7.0;27.6;38.0;1.5;1.5;0.0;0.0;0.6;0.3;1.2;0.3;0.0;0.6;0.3;0.6,37.35,0.1,0.0,1.54,14.463,0.863,5371.0,62402.0,4,16,,,,,,,,,,,,,,,,,,,,,,,,,,,,,,,,,,,,,,,,,,,,,,,,,,,,,,,,,,,,,
23,9,,,,,,,100,94,68,18,220.0,2745,10801,36,0,8.4,3.8;19.8;4.1;1.8;1.8;1.8;45.2;34.7;6.7;5.0;14.3;52.9;1.2;0.9;0.0;0.0;0.9;0.0;0.0;0.0;3.2;2.6;0.0;0.3,37.35,0.1,0.0,1.53,14.463,0.863,38671.0,60009.0,4,16,,,,,,,,,,,,,,,,,,,,,,,,,,,,,,,,,,,,,,,,,,,,,,,,,,,,,,,,,,,,,
23,10,,,,,,,96,92,66,17,220.0,2745,10801,36,0,6.9,1.2;11.2;0.9;0.9;0.9;0.0;31.3;38.3;2.1;3.8;33.6;40.0;0.6;0.3;0.0;0.0;0.0;0.0;0.0;0.0;0.3;0.0;0.6;0.0,37.32,0.1,0.0,3.9,14.463,0.863,17626.0,18066.0,4,16,,,,,,,,,,,,,,,,,,,,,,,,,,,,,,,,,,,,,,,,,,,,,,,,,,,,,,,,,,,,,
23,11,,,,,,,100,96,67,16,211.1,2745,10801,36,0,8.3,2.0;23.7;3.2;1.2;2.0;0.3;56.5;22.8;7.5;7.5;25.6;42.2;2.0;0.3;0.0;0.0;0.3;0.0;0.0;0.0;0.6;0.6;0.0;0.0,37.35,0.1,0.0,0.28,14.463,0.863,5712.0,22216.0,4,16,,,,,,,,,,,,,,,,,,,,,,,,,,,,,,,,,,,,,,,,,,,,,,,,,,,,,,,,,,,,,
23,12,,,,,,,96,84,67,16,220.7,2745,10801,36,0,7.7,1.2;22.5;0.6;2.0;0.3;1.2;49.7;21.8;3.8;5.9;29.6;43.2;0.6;0.6;0.0;0.0;0.0;0.0;0.0;0.0;0.0;0.3;0.0;0.0,37.34,0.1,0.0,0.03,14.463,0.863,4345.0,27392.0,4,16,,,,,,,,,,,,,,,,,,,,,,,,,,,,,,,,,,,,,,,,,,,,,,,,,,,,,,,,,,,,,
23,13,,,,,,,100,100,66,16,219.9,2745,10801,36,0,8.2,2.9;14.5;2.0;2.9;1.2;1.8;41.2;26.1;6.5;5.3;32.6;52.2;0.6;1.5;0.0;0.3;0.9;0.3;0.6;0.0;0.3;0.9;1.2;1.8,37.32,0.1,0.0,0.09,14.463,0.863,6835.0,14990.0,4,16,,,,,,,,,,,,,,,,,,,,,,,,,,,,,,,,,,,,,,,,,,,,,,,,,,,,,,,,,,,,,
23,14,,,,,,,100,93,68,16,220.2,2745,10801,36,0,8.0,2.1;17.1;3.8;2.6;1.8;1.2;36.4;33.7;6.5;4.7;25.8;50.6;0.9;0.9;0.0;0.0;0.3;0.0;0.0;0.6;0.0;1.5;0.6;0.0,37.32,0.1,0.0,0.1,14.463,0.863,3955.0,23193.0,4,16,,,,,,,,,,,,,,,,,,,,,,,,,,,,,,,,,,,,,,,,,,,,,,,,,,,,,,,,,,,,,
23,15,,,,,,,96,92,66,19,210.7,2745,10801,36,0,7.7,0.6;15.9;4.0;2.0;0.9;0.3;45.4;37.9;8.0;6.1;41.9;17.5;0.3;0.3;0.0;0.0;0.3;0.0;0.0;0.0;0.9;1.7;0.0;0.0,37.33,0.1,0.0,0.11,14.463,0.863,12548.0,71679.0,4,16,,,,,,,,,,,,,,,,,,,,,,,,,,,,,,,,,,,,,,,,,,,,,,,,,,,,,,,,,,,,,
23,16,,,,,,,99,100,67,18,219.7,2745,10801,36,0,8.1,0.6;15.3;4.4;2.6;2.1;1.2;41.3;26.3;8.3;7.6;34.5;46.9;0.9;0.3;0.0;0.0;0.0;0.0;0.0;0.0;0.0;0.6;0.6;0.0,37.33,0.1,0.0,0.07,14.463,0.863,13134.0,286425.0,4,16,,,,,,,,,,,,,,,,,,,,,,,,,,,,,,,,,,,,,,,,,,,,,,,,,,,,,,,,,,,,,
23,17,,,,,,,98,92,66,18,219.0,2745,10801,36,0,8.1,1.5;12.6;3.2;2.3;1.5;0.0;37.2;31.0;5.8;5.0;44.9;45.6;1.5;0.3;0.0;0.3;0.0;0.0;0.0;0.0;0.0;0.3;0.3;0.0,37.32,0.1,0.0,0.03,14.463,0.863,5712.0,10791.0,4,16,,,,,,,,,,,,,,,,,,,,,,,,,,,,,,,,,,,,,,,,,,,,,,,,,,,,,,,,,,,,,
23,18,,,,,,,96,85,66,17,220.2,2745,10801,36,0,7.4,0.3;13.8;2.1;1.8;0.3;0.6;61.8;21.9;4.1;4.4;23.0;39.6;1.8;0.3;0.0;0.0;0.0;0.0;0.0;0.0;0.0;0.6;0.0;0.0,37.32,0.1,0.0,0.05,14.463,0.863,10742.0,72607.0,4,16,,,,,,,,,,,,,,,,,,,,,,,,,,,,,,,,,,,,,,,,,,,,,,,,,,,,,,,,,,,,,
23,19,,,,,,,100,100,66,18,212.1,2745,10801,36,0,7.6,0.9;13.4;2.3;1.7;0.6;0.6;36.6;29.0;6.6;6.6;28.2;51.4;0.6;0.6;0.0;0.0;0.6;0.0;0.3;0.0;0.0;1.1;0.9;0.3,37.32,0.1,0.0,0.04,14.463,0.863,147607.0,288720.0,4,16,,,,,,,,,,,,,,,,,,,,,,,,,,,,,,,,,,,,,,,,,,,,,,,,,,,,,,,,,,,,,
23,20,,,,,,,96,88,67,18,221.1,2745,10801,36,0,8.1,2.3;12.2;4.1;2.4;3.5;1.2;34.2;28.0;6.5;7.1;32.1;56.3;0.9;0.3;0.0;0.0;0.0;0.0;0.0;0.0;0.6;1.2;0.0;1.8,37.31,0.1,0.0,0.06,14.463,0.863,16015.0,10449.0,4,16,,,,,,,,,,,,,,,,,,,,,,,,,,,,,,,,,,,,,,,,,,,,,,,,,,,,,,,,,,,,,
23,21,,,,,,,97,94,67,18,220.5,2745,10801,36,0,9.6,1.2;28.4;2.6;2.4;0.3;1.2;63.2;33.1;8.5;8.2;33.4;40.1;1.2;0.6;0.3;0.0;0.3;0.0;0.0;0.0;0.0;0.3;0.3;0.6,37.31,0.1,0.0,0.11,14.463,0.863,13574.0,10449.0,4,16,,,,,,,,,,,,,,,,,,,,,,,,,,,,,,,,,,,,,,,,,,,,,,,,,,,,,,,,,,,,,
23,22,,,,,,,100,93,66,18,219.8,2745,10801,36,0,7.2,0.9;16.5;2.4;1.8;1.2;0.3;41.8;26.8;2.6;2.9;33.0;40.3;0.3;0.3;0.0;0.0;0.0;0.3;0.0;0.0;0.0;0.0;0.6;0.0,37.3,0.1,0.0,0.07,14.463,0.863,3906.0,35351.0,4,16,,,,,,,,,,,,,,,,,,,,,,,,,,,,,,,,,,,,,,,,,,,,,,,,,,,,,,,,,,,,,
23,23,,,,,,,95,42,67,17,211.3,2745,10801,36,0,7.1,0.6;14.3;2.0;1.2;0.6;0.6;43.5;24.9;5.2;5.8;25.6;43.9;0.3;0.6;0.0;0.0;0.0;0.0;0.0;0.0;0.0;0.0;0.0;0.0,37.29,0.1,0.0,0.08,14.463,0.863,3857.0,25292.0,4,16,,,,,,,,,,,,,,,,,,,,,,,,,,,,,,,,,,,,,,,,,,,,,,,,,,,,,,,,,,,,,
23,24,,,,,,,96,90,66,17,219.9,2745,10801,36,0,7.2,1.5;10.9;1.8;1.5;0.9;1.2;63.4;22.1;6.5;3.2;21.2;35.6;0.6;1.5;0.0;0.0;0.3;0.0;0.0;0.0;0.0;0.0;0.0;0.0,37.29,0.1,0.0,0.05,14.463,0.863,4003.0,29199.0,4,16,,,,,,,,,,,,,,,,,,,,,,,,,,,,,,,,,,,,,,,,,,,,,,,,,,,,,,,,,,,,,
23,25,,,,,,,100,100,67,17,220.9,2745,10801,36,0,7.3,2.0;12.2;2.0;3.2;1.5;0.9;40.8;21.6;5.0;3.5;39.1;40.6;1.5;0.3;0.0;0.0;0.0;0.0;0.3;0.0;0.0;0.0;0.0;0.6,37.29,0.1,0.0,0.03,14.463,0.863,5224.0,31445.0,4,16,,,,,,,,,,,,,,,,,,,,,,,,,,,,,,,,,,,,,,,,,,,,,,,,,,,,,,,,,,,,,
23,26,,,,,,,96,84,66,17,219.4,2745,10801,36,0,7.0,0.0;10.9;1.2;0.6;0.3;0.3;25.1;31.9;2.4;4.4;41.6;47.2;0.6;0.6;0.0;0.0;0.0;0.0;0.0;0.0;0.3;0.6;0.0;0.0,37.29,0.1,0.0,0.11,14.463,0.863,4199.0,27832.0,4,16,,,,,,,,,,,,,,,,,,,,,,,,,,,,,,,,,,,,,,,,,,,,,,,,,,,,,,,,,,,,,
23,27,,,,,,,100,100,66,17,210.8,2745,10801,36,0,6.9,0.9;12.5;2.9;1.7;0.6;0.0;49.0;32.9;2.3;4.3;26.0;29.4;0.3;0.9;0.0;0.0;0.3;0.3;0.0;0.0;0.0;0.6;0.9;0.0,37.3,0.1,0.0,0.02,14.463,0.863,5224.0,10742.0,4,16,,,,,,,,,,,,,,,,,,,,,,,,,,,,,,,,,,,,,,,,,,,,,,,,,,,,,,,,,,,,,
23,28,,,,,,,100,97,67,16,220.7,2745,10801,36,0,7.8,1.7;12.9;2.3;0.9;1.8;2.1;36.1;33.4;5.3;4.1;31.9;50.7;0.6;0.9;0.0;0.3;0.0;0.3;0.0;0.0;0.6;0.9;0.3;0.0,37.29,0.1,0.0,0.03,14.463,0.863,35351.0,463134.0,4,16,,,,,,,,,,,,,,,,,,,,,,,,,,,,,,,,,,,,,,,,,,,,,,,,,,,,,,,,,,,,,
23,29,,,,,,,97,95,68,16,221.6,2745,10801,36,0,8.2,1.8;17.8;2.4;3.5;0.9;1.5;30.2;25.1;5.0;6.4;37.5;53.4;2.0;0.6;0.0;0.9;0.6;1.2;0.6;0.9;1.5;1.2;0.3;0.6,37.3,0.1,0.0,0.1,14.463,0.863,3662.0,22558.0,4,16,,,,,,,,,,,,,,,,,,,,,,,,,,,,,,,,,,,,,,,,,,,,,,,,,,,,,,,,,,,,,
23,30,,,,,,,96,91,67,16,220.4,2745,10801,36,0,8.1,0.9;20.1;4.4;2.6;2.1;2.1;55.4;24.0;5.3;3.8;28.4;37.9;1.8;0.9;0.0;0.6;0.6;0.0;0.0;0.0;0.6;0.6;0.0;0.3,37.3,0.1,0.0,0.06,14.463,0.863,16796.0,10302.0,4,16,,,,,,,,,,,,,,,,,,,,,,,,,,,,,,,,,,,,,,,,,,,,,,,,,,,,,,,,,,,,,
23,31,,,,,,,100,96,67,18,211.1,2745,10801,36,0,7.2,0.9;12.8;1.2;1.2;1.2;0.3;47.0;28.4;3.8;2.6;28.3;42.7;0.3;0.3;0.0;0.0;0.0;0.0;0.0;0.0;0.0;0.6;1.2;0.0,37.29,0.1,0.0,0.04,14.463,0.863,3857.0,245556.0,4,16,,,,,,,,,,,,,,,,,,,,,,,,,,,,,,,,,,,,,,,,,,,,,,,,,,,,,,,,,,,,,
23,32,,,,,,,98,95,66,18,219.3,2745,10801,36,0,7.7,2.6;13.2;2.9;2.0;0.6;0.9;38.3;33.9;7.0;3.8;34.7;40.4;0.3;0.6;0.3;0.0;0.0;0.0;0.6;0.3;0.3;0.9;1.5;0.0,37.29,0.1,0.0,0.04,14.463,0.863,3369.0,52734.0,4,16,,,,,,,,,,,,,,,,,,,,,,,,,,,,,,,,,,,,,,,,,,,,,,,,,,,,,,,,,,,,,
23,33,,,,,,,100,96,65,18,221.3,2745,10801,36,0,7.7,2.0;13.2;2.3;2.1;1.5;0.0;39.1;28.5;6.5;5.2;39.6;38.7;0.9;0.3;0.3;0.0;0.3;0.3;0.3;0.9;0.0;0.3;0.6;0.3,37.28,0.1,0.0,0.05,14.463,0.863,10498.0,164404.0,4,16,,,,,,,,,,,,,,,,,,,,,,,,,,,,,,,,,,,,,,,,,,,,,,,,,,,,,,,,,,,,,
23,34,,,,,,,100,95,67,18,221.2,2745,10801,36,0,8.9,2.9;14.3;4.1;4.7;1.5;1.8;40.9;37.1;7.7;7.6;35.7;43.8;0.9;1.8;0.0;0.0;0.6;1.2;0.3;0.0;1.8;2.9;1.5;0.6,37.28,0.1,0.0,0.07,14.463,0.863,4736.0,10742.0,4,16,,,,,,,,,,,,,,,,,,,,,,,,,,,,,,,,,,,,,,,,,,,,,,,,,,,,,,,,,,,,,
23,35,,,,,,,94,74,65,17,216.6,2745,10801,36,0,8.6,3.2;19.4;4.0;2.6;2.6;0.9;40.2;20.5;8.4;4.6;34.9;58.2;0.9;0.9;0.0;0.0;0.0;0.3;0.0;0.0;0.6;1.7;0.6;0.6,37.28,0.1,0.0,0.06,14.463,0.863,5126.0,19433.0,4,16,,,,,,,,,,,,,,,,,,,,,,,,,,,,,,,,,,,,,,,,,,,,,,,,,,,,,,,,,,,,,
23,36,,,,,,,100,93,66,18,219.4,2745,10801,36,0,7.5,1.5;14.8;2.1;1.2;0.6;0.3;41.8;33.0;7.4;5.3;26.3;43.1;0.6;0.3;0.0;0.0;0.0;0.0;0.0;0.0;0.0;0.0;1.8;0.0,37.29,0.1,0.0,0.03,14.463,0.863,4101.0,20214.0,4,16,,,,,,,,,,,,,,,,,,,,,,,,,,,,,,,,,,,,,,,,,,,,,,,,,,,,,,,,,,,,,
23,37,,,,,,,98,92,67,17,221.0,2745,10801,36,0,7.8,1.5;13.2;1.8;1.2;0.6;0.9;51.9;34.5;6.2;4.1;32.0;34.6;1.2;0.0;0.0;0.0;0.6;0.0;0.0;0.0;0.3;1.2;1.2;0.3,37.28,0.1,0.0,0.04,14.463,0.863,37011.0,66406.0,4,16,,,,,,,,,,,,,,,,,,,,,,,,,,,,,,,,,,,,,,,,,,,,,,,,,,,,,,,,,,,,,
23,38,,,,,,,98,95,66,17,220.7,2745,10801,36,0,8.6,1.8;16.1;1.8;2.7;1.5;0.6;47.8;17.1;8.8;10.0;22.4;71.5;1.2;0.6;0.0;0.0;0.3;0.3;0.0;0.0;0.3;0.0;0.0;0.0,37.29,0.1,0.0,0.08,14.463,0.863,20361.0,10302.0,4,16,,,,,,,,,,,,,,,,,,,,,,,,,,,,,,,,,,,,,,,,,,,,,,,,,,,,,,,,,,,,,
23,39,,,,,,,98,83,66,15,211.8,2745,10801,36,0,9.0,1.4;31.5;3.7;2.3;1.2;1.4;47.3;27.5;8.9;5.5;36.8;40.6;0.6;0.6;0.0;0.0;0.3;0.6;0.0;0.0;0.3;1.1;0.6;0.0,37.29,0.1,0.0,0.05,14.463,0.863,6250.0,24169.0,4,16,,,,,,,,,,,,,,,,,,,,,,,,,,,,,,,,,,,,,,,,,,,,,,,,,,,,,,,,,,,,,
23,40,,,,,,,96,93,68,17,221.2,2745,10801,36,0,7.4,1.2;16.3;2.3;2.4;1.2;0.3;37.1;35.2;5.9;3.8;27.9;41.8;0.3;0.3;0.0;0.0;0.0;0.0;0.0;0.0;0.3;0.0;0.6;0.0,37.28,0.1,0.0,0.03,14.463,0.863,3369.0,14160.0,4,16,,,,,,,,,,,,,,,,,,,,,,,,,,,,,,,,,,,,,,,,,,,,,,,,,,,,,,,,,,,,,
23,41,,,,,,,100,94,66,16,220.8,2745,10801,37,0,7.5,1.5;14.0;1.5;2.1;1.2;1.5;35.4;30.4;4.1;4.7;16.8;61.7;1.2;1.5;0.0;0.0;0.6;0.3;0.0;0.0;0.6;0.0;0.3;0.0,37.28,0.1,0.0,0.04,14.463,0.863,3906.0,20214.0,4,16,,,,,,,,,,,,,,,,,,,,,,,,,,,,,,,,,,,,,,,,,,,,,,,,,,,,,,,,,,,,,
23,42,,,,,,,100,91,66,17,220.7,2745,10801,36,0,7.9,2.4;16.1;3.5;4.1;0.9;1.2;45.9;20.9;7.3;5.0;38.2;36.2;1.2;0.3;0.3;0.9;0.9;0.6;0.9;0.6;0.3;1.5;0.6;0.3,37.26,0.1,0.0,0.04,14.463,0.863,13037.0,11865.0,4,16,,,,,,,,,,,,,,,,,,,,,,,,,,,,,,,,,,,,,,,,,,,,,,,,,,,,,,,,,,,,,
23,43,,,,,,,97,92,67,18,211.4,2745,10801,36,0,7.0,1.2;14.3;1.2;0.6;1.2;0.3;42.1;40.9;5.2;3.8;24.3;30.1;0.0;0.3;0.0;0.0;0.6;0.0;0.0;0.0;0.0;0.0;1.1;0.3,37.26,0.1,0.0,0.04,14.463,0.863,7519.0,12158.0,4,16,,,,,,,,,,,,,,,,,,,,,,,,,,,,,,,,,,,,,,,,,,,,,,,,,,,,,,,,,,,,,
23,44,,,,,,,100,95,67,17,220.3,2745,10801,36,0,9.1,1.8;14.8;6.4;3.2;3.5;4.1;45.2;32.7;11.4;9.4;38.1;39.6;0.9;1.2;0.0;0.3;1.2;0.3;0.6;0.0;1.2;0.3;0.6;0.6,37.31,0.1,0.03,0.24,14.463,0.863,5322.0,27246.0,4,16,,,,,,,,,,,,,,,,,,,,,,,,,,,,,,,,,,,,,,,,,,,,,,,,,,,,,,,,,,,,,
23,45,,,,,,,100,93,67,17,219.7,2745,10801,36,0,6.6,0.9;10.6;3.5;2.9;2.4;0.6;32.8;45.6;5.3;3.5;17.1;31.2;0.9;0.0;0.0;0.6;0.0;0.3;0.3;0.3;0.0;0.0;0.3;0.3,37.3,0.1,0.0,0.08,14.472,0.872,21240.0,51562.0,4,16,,,,,,,,,,,,,,,,,,,,,,,,,,,,,,,,,,,,,,,,,,,,,,,,,,,,,,,,,,,,,
23,46,,,,,,,100,96,66,17,222.7,2745,10801,36,0,10.3,6.9;20.2;7.8;6.9;4.0;9.8;29.6;42.4;11.8;10.3;35.6;34.8;4.4;2.0;0.5;0.0;2.5;0.5;1.0;1.0;1.0;7.2;1.5;2.5,37.3,0.1,0.0,0.56,14.483,0.883,146.0,1464.0,4,16,,,,,,,,,,,,,,,,,,,,,,,,,,,,,,,,,,,,,,,,,,,,,,,,,,,,,,,,,,,,,
23,summary,0.3908618389704759,0.9874420197366373,0.3998118494412719,0.9859224499876512,0.00096882,251.6,,,,,,,,,,,,,,,,,,,,,,66,97.5,100,42,91.3,100,64,66.52,68,15,17.3,20,188.6,217.56,222.7,2745.0,10801.0,36.0,0,6.6,8.81,50.8,37.26,37.32,37.56,63.16,0.1,0.1,0.1,19.04,0.0,0.0,0.03,0.02,0.72,8.27,10.733,13.6,14.463,14.46,14.483,15.992,0.863,0.86,0.883,146.0,16264.59,147607.0,1464.0,65868.67,463134.0,4,4.0,4,16,16.0,16,4,16,190.39,47.9
24,1,,,,,,,1,42,42,42,20.6,210,405,30,0,7.6,5.7;7.3;3.6;2.8;2.5;2.0;29.1;41.9;6.0;5.5;24.8;38.8;1.6;1.2;1.3;0.6;1.2;0.7;1.0;2.3;1.0;0.7;1.1;0.6,35.96,0.05,0.02,0.91,5.013,0.0,11083.0,44384.0,1,16,,,,,,,,,,,,,,,,,,,,,,,,,,,,,,,,,,,,,,,,,,,,,,,,,,,,,,,,,,,,,
24,2,,,,,,,98,94,54,30,212.7,2760,10801,30,0,7.0,0.9;16.1;0.6;2.0;0.6;0.9;67.7;16.6;2.9;2.9;15.4;35.8;0.0;0.3;0.0;0.6;0.0;0.0;0.0;0.6;0.6;1.7;0.6;0.3,35.96,0.05,0.01,0.06,14.501,0.796,4541.0,13085.0,4,16,,,,,,,,,,,,,,,,,,,,,,,,,,,,,,,,,,,,,,,,,,,,,,,,,,,,,,,,,,,,,
24,3,,,,,,,100,96,54,29,213.0,2760,10801,30,0,6.9,0.9;13.7;1.7;0.6;1.4;0.3;47.1;21.6;2.3;3.2;21.8;47.4;0.0;0.6;0.0;0.3;0.0;0.3;0.3;0.0;0.3;0.3;0.0;0.3,36.02,0.05,0.01,0.03,14.522,0.795,3906.0,23339.0,4,16,,,,,,,,,,,,,,,,,,,,,,,,,,,,,,,,,,,,,,,,,,,,,,,,,,,,,,,,,,,,,
24,4,,,,,,,100,94,56,27,213.7,2745,10801,30,0,6.6,0.6;14.2;0.3;0.6;1.8;1.2;19.7;32.9;2.1;3.5;27.9;53.2;0.0;0.3;0.0;0.0;0.0;0.0;0.0;0.0;0.0;0.6;0.0;0.0,36.02,0.05,0.01,0.04,14.522,0.795,4052.0,14013.0,4,16,,,,,,,,,,,,,,,,,,,,,,,,,,,,,,,,,,,,,,,,,,,,,,,,,,,,,,,,,,,,,
24,5,,,,,,,96,94,58,25,213.7,2745,10801,30,0,7.1,0.3;14.2;1.8;2.9;1.8;1.8;11.7;68.5;3.2;3.8;18.1;40.0;0.0;0.0;0.0;0.0;0.3;0.0;0.0;0.0;0.3;0.6;0.0;0.6,36.01,0.05,0.0,0.01,14.522,0.795,7861.0,75292.0,4,16,,,,,,,,,,,,,,,,,,,,,,,,,,,,,,,,,,,,,,,,,,,,,,,,,,,,,,,,,,,,,
24,6,,,,,,,96,92,58,25,213.6,2745,10801,30,0,6.9,0.9;14.2;1.2;0.6;0.6;0.3;50.6;25.9;0.9;3.5;21.5;43.8;0.6;0.6;0.0;0.0;0.0;0.0;0.0;0.0;0.0;0.0;1.2;0.0,36.01,0.05,0.0,0.2,14.522,0.795,15917.0,10839.0,4,16,,,,,,,,,,,,,,,,,,,,,,,,,,,,,,,,,,,,,,,,,,,,,,,,,,,,,,,,,,,,,
24,7,,,,,,,100,96,59,26,214.3,2745,10801,30,0,7.4,2.6;11.5;3.2;2.0;1.7;0.9;28.7;22.8;3.5;4.3;13.8;72.9;0.6;0.3;0.3;1.1;0.0;0.0;0.0;0.3;1.4;0.6;2.6;1.4,36.02,0.05,0.0,0.04,14.526,0.796,16210.0,14208.0,4,16,,,,,,,,,,,,,,,,,,,,,,,,,,,,,,,,,,,,,,,,,,,,,,,,,,,,,,,,,,,,,
24,8,,,,,,,96,90,58,26,212.7,2745,10801,30,0,7.2,1.2;13.7;1.2;1.2;0.3;0.6;62.9;19.6;2.6;3.8;19.9;40.2;0.6;1.2;0.0;0.6;0.3;0.0;0.0;0.0;0.3;0.3;1.5;0.3,36.01,0.05,0.0,0.05,14.526,0.796,3662.0,190283.0,4,16,,,,,,,,,,,,,,,,,,,,,,,,,,,,,,,,,,,,,,,,,,,,,,,,,,,,,,,,,,,,,
24,9,,,,,,,100,100,60,25,215.2,2745,10801,30,0,6.7,0.3;9.6;0.9;2.1;0.3;0.3;21.6;39.5;0.3;5.9;33.6;44.4;0.3;0.3;0.0;0.0;0.0;0.0;0.0;0.0;0.0;0.0;1.2;0.3,36.01,0.05,0.0,0.05,14.526,0.796,85595.0,70703.0,4,16,,,,,,,,,,,,,,,,,,,,,,,,,,,,,,,,,,,,,,,,,,,,,,,,,,,,,,,,,,,,,
24,10,,,,,,,100,98,60,24,216.0,2745,10801,30,0,8.4,2.6;16.7;2.6;2.3;1.5;0.9;26.1;31.6;3.2;6.4;33.4;65.7;0.9;0.6;0.3;0.0;0.0;0.6;0.0;0.0;1.5;1.7;1.5;0.6,36.02,0.05,0.0,0.05,14.526,0.796,16796.0,10986.0,4,16,,,,,,,,,,,,,,,,,,,,,,,,,,,,,,,,,,,,,,,,,,,,,,,,,,,,,,,,,,,,,
24,11,,,,,,,100,100,60,24,216.3,2745,10801,30,0,8.2,1.7;30.8;1.4;1.2;0.9;0.0;56.4;26.4;2.0;5.5;15.8;43.9;0.0;0.0;0.0;0.0;0.6;0.0;0.0;0.0;1.7;0.9;2.3;0.3,35.98,0.05,0.0,0.03,14.526,0.796,5322.0,8935.0,4,16,,,,,,,,,,,,,,,,,,,,,,,,,,,,,,,,,,,,,,,,,,,,,,,,,,,,,,,,,,,,,
24,12,,,,,,,100,94,60,24,216.7,2745,10801,30,0,6.6,0.6;14.7;0.6;1.2;0.6;0.0;55.3;24.4;2.1;3.8;8.8;43.8;0.6;0.0;0.0;0.0;0.3;0.0;0.0;0.0;0.0;0.0;0.0;0.3,36.0,0.05,0.0,0.08,14.526,0.796,15917.0,11132.0,4,16,,,,,,,,,,,,,,,,,,,,,,,,,,,,,,,,,,,,,,,,,,,,,,,,,,,,,,,,,,,,,
24,13,,,,,,,100,92,61,24,216.5,2745,10801,30,0,6.4,0.0;11.9;1.2;0.9;0.3;0.0;30.1;21.2;0.9;4.1;15.6;64.3;0.6;0.0;0.0;0.0;0.0;0.0;0.0;0.0;0.0;1.8;0.0;0.0,36.02,0.05,0.0,0.02,14.526,0.796,6298.0,10400.0,4,16,,,,,,,,,,,,,,,,,,,,,,,,,,,,,,,,,,,,,,,,,,,,,,,,,,,,,,,,,,,,,
24,14,,,,,,,96,91,63,22,216.2,2745,10801,30,0,7.0,0.9;10.9;1.5;2.1;0.6;1.2;51.5;19.4;5.0;2.6;20.5;49.9;0.6;0.6;0.3;0.0;0.6;0.0;0.0;0.0;0.3;0.0;0.0;0.0,36.0,0.05,0.01,0.07,14.526,0.796,3857.0,16064.0,4,16,,,,,,,,,,,,,,,,,,,,,,,,,,,,,,,,,,,,,,,,,,,,,,,,,,,,,,,,,,,,,
24,15,,,,,,,100,94,62,22,217.2,2745,10801,30,0,7.9,0.6;10.7;1.1;0.6;0.3;0.6;21.3;69.5;2.6;6.0;12.1;37.5;0.3;0.6;0.0;0.0;0.0;0.0;10.5;12.8;0.3;1.7;0.9;0.0,35.58,0.06,0.06,1.66,14.528,0.796,35644.0,192041.0,4,16,,,,,,,,,,,,,,,,,,,,,,,,,,,,,,,,,,,,,,,,,,,,,,,,,,,,,,,,,,,,,
24,16,,,,,,,98,87,63,21,217.2,2745,10801,30,0,7.1,0.3;10.1;1.5;1.5;0.0;0.3;38.3;21.8;2.7;5.3;25.4;55.0;0.3;0.9;0.0;0.0;0.6;0.3;0.9;4.7;0.3;0.0;0.0;0.0,35.32,0.07,0.0,1.98,14.528,0.796,4443.0,29931.0,4,16,,,,,,,,,,,,,,,,,,,,,,,,,,,,,,,,,,,,,,,,,,,,,,,,,,,,,,,,,,,,,
24,17,,,,,,,98,92,63,22,215.2,2745,10801,30,0,7.1,0.6;13.7;1.5;1.8;0.3;0.3;48.1;20.5;1.8;4.4;20.8;51.9;0.3;0.6;0.0;0.3;0.0;0.0;0.0;0.0;0.3;0.0;1.8;0.6,35.32,0.07,0.0,0.03,14.528,0.796,4833.0,57080.0,4,16,,,,,,,,,,,,,,,,,,,,,,,,,,,,,,,,,,,,,,,,,,,,,,,,,,,,,,,,,,,,,
24,18,,,,,,,100,100,62,21,216.7,2745,10801,31,0,6.5,0.3;13.2;1.2;0.3;0.3;1.2;62.6;20.3;1.5;3.5;22.4;27.4;0.0;0.0;0.0;0.0;0.0;0.0;0.0;0.0;0.3;0.0;0.6;0.0,35.32,0.07,0.01,0.08,14.528,0.796,48046.0,51708.0,4,16,,,,,,,,,,,,,,,,,,,,,,,,,,,,,,,,,,,,,,,,,,,,,,,,,,,,,,,,,,,,,
24,19,,,,,,,96,87,64,20,218.8,2745,10801,31,0,6.4,0.6;11.3;1.2;1.2;0.0;1.5;24.7;29.7;3.8;1.7;17.2;59.0;0.6;0.0;0.3;0.0;0.0;0.0;0.6;0.0;0.3;0.0;0.6;0.0,35.31,0.07,0.0,0.04,14.528,0.796,21142.0,48242.0,4,16,,,,,,,,,,,,,,,,,,,,,,,,,,,,,,,,,,,,,,,,,,,,,,,,,,,,,,,,,,,,,
24,20,,,,,,,100,100,64,20,218.4,2745,10801,31,0,6.6,0.6;14.5;0.3;0.9;0.9;0.0;37.1;24.6;2.4;2.4;21.7;50.3;0.6;0.3;0.3;0.0;0.3;0.3;0.0;0.0;0.0;0.0;0.0;0.0,35.32,0.07,0.0,0.05,14.528,0.796,4882.0,23828.0,4,16,,,,,,,,,,,,,,,,,,,,,,,,,,,,,,,,,,,,,,,,,,,,,,,,,,,,,,,,,,,,,
24,21,,,,,,,100,99,64,20,218.6,2745,10801,32,0,6.4,0.0;8.7;0.6;0.3;0.0;0.6;20.3;65.0;1.2;1.2;27.1;25.6;0.6;0.0;0.0;0.0;0.3;0.0;0.0;0.0;0.6;0.0;0.6;0.0,35.32,0.07,0.0,0.05,14.528,0.796,3613.0,14062.0,4,16,,,,,,,,,,,,,,,,,,,,,,,,,,,,,,,,,,,,,,,,,,,,,,,,,,,,,,,,,,,,,
24,22,,,,,,,100,93,63,20,218.8,2745,10801,32,0,7.1,0.9;14.2;2.4;2.1;1.2;1.2;39.3;20.2;4.1;2.9;22.6;57.1;0.0;0.0;0.9;0.0;0.0;0.0;0.0;0.0;0.6;0.0;0.6;0.0,35.31,0.07,0.0,0.03,14.528,0.796,4785.0,37402.0,4,16,,,,,,,,,,,,,,,,,,,,,,,,,,,,,,,,,,,,,,,,,,,,,,,,,,,,,,,,,,,,,
24,23,,,,,,,100,96,63,19,218.6,2745,10801,32,0,6.8,0.0;18.2;0.9;1.2;0.0;0.6;15.9;43.8;3.5;1.7;21.7;53.3;0.6;0.6;0.0;0.0;0.0;0.3;0.0;0.0;0.0;0.6;0.0;0.0,35.31,0.07,0.02,0.07,14.528,0.796,3662.0,19091.0,4,16,,,,,,,,,,,,,,,,,,,,,,,,,,,,,,,,,,,,,,,,,,,,,,,,,,,,,,,,,,,,,
24,24,,,,,,,100,95,64,18,219.3,2745,10801,32,0,6.9,0.0;14.0;1.2;0.0;0.0;0.0;58.1;25.5;2.6;2.9;32.4;23.2;0.3;0.6;0.9;0.3;0.3;0.0;0.6;0.0;0.6;0.0;0.0;0.0,35.31,0.07,0.0,0.02,14.528,0.796,15136.0,10058.0,4,16,,,,,,,,,,,,,,,,,,,,,,,,,,,,,,,,,,,,,,,,,,,,,,,,,,,,,,,,,,,,,
24,25,,,,,,,100,95,64,19,219.9,2745,10801,33,0,7.0,0.9;13.2;1.8;0.9;1.5;1.8;44.3;16.4;5.3;2.1;29.8;47.8;0.3;0.3;0.0;0.0;0.0;0.0;0.0;0.6;0.6;0.0;0.6;0.9,35.3,0.07,0.0,0.06,14.528,0.796,3857.0,22558.0,4,16,,,,,,,,,,,,,,,,,,,,,,,,,,,,,,,,,,,,,,,,,,,,,,,,,,,,,,,,,,,,,
24,26,,,,,,,96,91,65,19,218.1,2745,10801,32,0,7.0,1.5;11.2;1.8;0.9;1.2;0.6;32.4;19.1;2.9;3.8;47.6;41.0;0.9;0.9;0.0;0.3;0.0;0.3;0.0;0.0;0.3;0.3;0.3;0.0,35.3,0.07,0.04,0.67,14.528,0.796,4052.0,16210.0,4,16,,,,,,,,,,,,,,,,,,,,,,,,,,,,,,,,,,,,,,,,,,,,,,,,,,,,,,,,,,,,,
24,27,,,,,,,100,94,64,19,218.8,2745,10801,33,0,6.9,0.3;11.0;0.9;0.6;0.6;0.9;57.2;25.8;2.3;2.3;25.2;35.2;0.6;0.3;0.0;0.0;0.0;0.3;0.0;0.0;0.3;0.0;1.2;0.0,35.3,0.07,0.0,0.05,14.528,0.796,3857.0,16357.0,4,16,,,,,,,,,,,,,,,,,,,,,,,,,,,,,,,,,,,,,,,,,,,,,,,,,,,,,,,,,,,,,
24,28,,,,,,,100,96,65,18,220.0,2730,10801,33,0,8.2,0.0;17.3;2.7;1.8;0.6;0.3;51.8;24.3;4.4;4.7;24.9;61.6;0.3;0.6;0.3;0.0;0.0;0.0;0.0;0.0;0.0;0.3;0.0;0.0,35.26,0.07,0.0,0.02,14.528,0.796,180371.0,93554.0,4,16,,,,,,,,,,,,,,,,,,,,,,,,,,,,,,,,,,,,,,,,,,,,,,,,,,,,,,,,,,,,,
24,29,,,,,,,96,92,65,18,220.5,2730,10801,33,0,7.8,1.8;24.4;2.6;3.5;0.0;1.2;32.8;14.1;4.7;2.1;16.4;78.6;0.3;0.0;0.0;0.0;0.0;0.0;0.3;0.0;0.3;0.6;2.0;0.9,35.23,0.07,0.0,0.01,14.528,0.796,16406.0,160058.0,4,16,,,,,,,,,,,,,,,,,,,,,,,,,,,,,,,,,,,,,,,,,,,,,,,,,,,,,,,,,,,,,
24,30,,,,,,,96,93,65,17,219.6,2730,10801,33,0,16.0,4.1;16.8;7.9;11.1;5.5;5.0;62.6;70.2;15.7;18.0;46.4;34.7;2.6;2.0;0.9;0.9;1.8;0.3;2.9;66.7;2.0;1.8;2.3;1.2,35.34,0.07,8.16,17.99,14.528,0.796,3125.0,216015.0,4,16,,,,,,,,,,,,,,,,,,,,,,,,,,,,,,,,,,,,,,,,,,,,,,,,,,,,,,,,,,,,,
24,31,,,,,,,100,95,65,18,220.0,2730,10801,34,0,10.6,1.4;16.5;5.2;4.0;1.7;1.2;49.3;23.6;10.0;9.5;54.7;40.2;1.4;0.3;0.0;0.0;0.0;0.0;26.6;5.8;0.0;0.0;1.4;0.6,35.42,0.07,5.03,7.7,14.528,0.796,97216.0,123876.0,4,16,,,,,,,,,,,,,,,,,,,,,,,,,,,,,,,,,,,,,,,,,,,,,,,,,,,,,,,,,,,,,
24,32,,,,,,,96,91,65,18,219.4,2730,10801,34,0,11.3,2.1;14.6;5.8;6.2;2.6;3.5;28.8;60.0;16.9;13.5;57.6;43.4;1.8;1.2;0.6;0.3;0.9;0.9;0.3;0.6;2.3;2.9;2.6;0.6,35.42,0.07,1.17,9.44,14.528,0.796,3906.0,16015.0,4,16,,,,,,,,,,,,,,,,,,,,,,,,,,,,,,,,,,,,,,,,,,,,,,,,,,,,,,,,,,,,,
24,33,,,,,,,100,100,65,18,219.5,2730,10801,34,0,8.3,1.2;13.0;3.2;3.2;0.9;2.6;41.1;40.0;7.1;11.7;25.6;47.1;0.6;0.3;0.0;0.0;0.3;0.0;0.3;0.0;0.0;0.0;0.3;0.0,35.43,0.07,0.63,4.72,14.528,0.796,9375.0,10156.0,4,16,,,,,,,,,,,,,,,,,,,,,,,,,,,,,,,,,,,,,,,,,,,,,,,,,,,,,,,,,,,,,
24,34,,,,,,,100,93,66,19,220.0,2730,10801,34,0,10.7,0.9;16.9;3.2;2.0;1.8;2.0;42.3;50.9;14.5;11.1;67.3;35.0;1.2;0.3;0.3;0.3;0.3;0.0;0.9;0.6;0.3;1.2;0.9;0.9,35.44,0.07,3.2,1.38,14.528,0.796,3125.0,215478.0,4,16,,,,,,,,,,,,,,,,,,,,,,,,,,,,,,,,,,,,,,,,,,,,,,,,,,,,,,,,,,,,,
24,35,,,,,,,96,91,66,17,218.8,2730,10801,34,0,10.0,0.9;18.8;4.0;5.2;2.6;1.1;30.9;48.1;9.2;16.7;43.5;49.3;0.6;1.1;0.3;0.0;0.3;0.0;4.3;0.9;0.6;1.1;0.6;0.0,35.49,0.07,24.32,1.62,14.528,0.796,6250.0,151708.0,4,16,,,,,,,,,,,,,,,,,,,,,,,,,,,,,,,,,,,,,,,,,,,,,,,,,,,,,,,,,,,,,
24,36,,,,,,,100,95,66,17,220.2,2730,10801,34,0,9.2,0.9;15.4;1.2;5.3;1.5;2.6;50.4;17.0;7.6;19.0;41.6;42.9;0.0;0.3;0.0;0.3;0.0;0.3;10.9;0.6;0.0;0.6;0.6;0.0,35.47,0.07,141.4,1.07,14.528,0.796,3564.0,15722.0,4,16,,,,,,,,,,,,,,,,,,,,,,,,,,,,,,,,,,,,,,,,,,,,,,,,,,,,,,,,,,,,,
24,37,,,,,,,96,84,66,16,220.8,2730,10801,34,0,9.5,0.6;21.1;2.9;10.0;1.2;3.2;34.6;45.6;3.8;20.1;19.9;55.3;0.0;0.3;0.0;0.0;0.0;0.0;5.3;0.0;0.3;0.6;1.2;0.0,35.55,0.07,240.3,1.48,14.528,0.796,24072.0,234667.0,4,16,,,,,,,,,,,,,,,,,,,,,,,,,,,,,,,,,,,,,,,,,,,,,,,,,,,,,,,,,,,,,
24,38,,,,,,,96,94,65,17,220.1,2730,10801,34,0,9.4,1.5;17.8;9.4;4.1;0.6;1.5;27.2;37.5;19.3;11.1;34.1;57.2;0.6;0.3;0.0;0.0;0.0;0.3;0.0;0.0;0.0;1.2;1.5;0.0,35.54,0.07,116.41,2.68,14.528,0.796,79248.0,176855.0,4,16,,,,,,,,,,,,,,,,,,,,,,,,,,,,,,,,,,,,,,,,,,,,,,,,,,,,,,,,,,,,,
24,39,,,,,,,97,93,65,19,221.1,2730,10801,34,0,9.0,1.2;17.0;9.6;1.7;1.4;2.0;49.7;19.1;21.4;8.1;28.6;52.2;0.0;0.9;0.0;0.0;0.0;0.3;0.0;0.0;0.3;0.3;0.6;0.0,35.57,0.07,272.89,1.21,14.528,0.796,5371.0,15332.0,4,16,,,,,,,,,,,,,,,,,,,,,,,,,,,,,,,,,,,,,,,,,,,,,,,,,,,,,,,,,,,,,
24,40,,,,,,,96,91,67,18,220.2,2730,10801,34,0,7.6,2.1;11.9;3.2;2.1;2.1;1.8;49.7;32.1;4.7;4.1;37.4;27.1;0.9;0.6;0.0;0.0;0.0;0.0;0.0;0.0;0.6;0.6;0.3;0.0,35.42,0.07,32.2,1.32,14.528,0.796,3613.0,21386.0,4,16,,,,,,,,,,,,,,,,,,,,,,,,,,,,,,,,,,,,,,,,,,,,,,,,,,,,,,,,,,,,,
24,41,,,,,,,98,98,67,18,220.3,2730,10801,35,0,7.3,0.0;10.6;4.4;1.8;0.6;2.1;33.5;27.1;5.0;2.9;48.8;37.6;0.3;0.3;0.0;0.0;0.0;0.0;0.0;0.0;0.0;0.0;0.0;0.0,35.42,0.07,0.0,0.17,14.528,0.796,8056.0,17773.0,4,16,,,,,,,,,,,,,,,,,,,,,,,,,,,,,,,,,,,,,,,,,,,,,,,,,,,,,,,,,,,,,
24,42,,,,,,,100,96,66,16,221.5,2730,10801,35,0,7.9,2.1;16.1;2.4;1.2;0.9;0.3;49.6;16.8;4.7;4.1;30.8;54.8;0.6;0.6;0.0;0.0;0.6;0.6;0.0;0.0;0.9;0.3;1.2;0.0,35.4,0.07,0.0,0.11,14.528,0.796,13671.0,11669.0,4,16,,,,,,,,,,,,,,,,,,,,,,,,,,,,,,,,,,,,,,,,,,,,,,,,,,,,,,,,,,,,,
24,43,,,,,,,98,98,66,17,220.4,2730,10801,34,0,7.0,0.9;10.1;1.2;0.3;0.6;0.6;68.0;13.3;5.7;3.7;25.9;33.3;0.6;0.6;0.3;0.0;0.0;0.0;0.0;0.0;0.9;0.6;0.9;0.0,35.41,0.07,0.0,0.19,14.528,0.796,6738.0,20751.0,4,16,,,,,,,,,,,,,,,,,,,,,,,,,,,,,,,,,,,,,,,,,,,,,,,,,,,,,,,,,,,,,
24,44,,,,,,,100,100,67,17,220.5,2730,10801,35,0,7.3,1.5;12.8;1.2;1.5;0.9;0.3;38.1;20.4;2.9;4.4;30.6;56.6;0.3;0.9;0.3;0.0;0.0;0.6;0.3;0.0;0.3;0.6;0.9;0.0,35.4,0.07,0.0,0.07,14.528,0.796,7763.0,10400.0,4,16,,,,,,,,,,,,,,,,,,,,,,,,,,,,,,,,,,,,,,,,,,,,,,,,,,,,,,,,,,,,,
24,45,,,,,,,97,85,67,18,220.0,2730,10801,35,0,6.5,1.2;11.4;1.8;1.2;2.1;1.5;40.8;23.8;3.5;3.5;13.9;48.1;0.3;0.3;0.0;0.0;0.0;0.3;0.0;0.0;0.3;0.6;1.2;0.3,35.39,0.07,0.0,0.02,14.528,0.796,15283.0,15673.0,4,16,,,,,,,,,,,,,,,,,,,,,,,,,,,,,,,,,,,,,,,,,,,,,,,,,,,,,,,,,,,,,
24,46,,,,,,,99,99,67,19,220.8,2730,10801,35,0,7.7,0.5;18.1;1.9;2.4;1.0;1.4;30.9;59.4;5.3;5.8;12.0;40.6;2.0;1.4;0.0;0.0;0.0;0.0;1.0;0.0;0.0;0.0;0.0;0.0,35.39,0.07,0.0,0.01,14.528,0.796,195.0,1562.0,4,16,,,,,,,,,,,,,,,,,,,,,,,,,,,,,,,,,,,,,,,,,,,,,,,,,,,,,,,,,,,,,
24,summary,0.40013658122720513,0.9847025495750709,0.4029570585011267,0.9839113714144586,0.00096602,297.9,,,,,,,,,,,,,,,,,,,,,,1,96.35,100,42,93.04,100,42,62.59,67,16,21.04,42,20.6,213.71,221.5,2684.3,10575.0,32.1,0,6.4,7.85,16.0,35.23,35.57,36.02,63.16,0.05,0.06,0.07,16.0,0.0,18.39,272.89,0.01,1.25,17.99,10.841,13.732,5.013,14.32,14.528,15.992,0.0,0.78,0.796,195.0,18398.2,180371.0,1562.0,56106.11,234667.0,1,3.93,4,16,16.0,16,4,16,237.62,46.67
25,1,,,,,,,3,1,59,25,160.9,2745,10801,35,0,50.3,58.5;68.1;86.7;88.3;89.3;88.2;97.1;97.1;90.9;93.9;96.9;96.7;46.7;49.8;2.4;2.0;11.7;14.8;1.2;1.4;7.0;8.0;4.9;5.4,35.58,0.07,0.01,0.08,14.529,0.797,3076.0,226171.0,4,16,,,,,,,,,,,,,,,,,,,,,,,,,,,,,,,,,,,,,,,,,,,,,,,,,,,,,,,,,,,,,
25,2,,,,,,,100,100,66,18,220.4,2730,10801,35,0,6.4,0.3;12.0;2.0;0.0;0.6;0.0;39.7;17.1;2.3;2.0;16.8;58.3;0.9;0.0;0.0;0.0;0.3;0.0;0.0;0.0;0.3;0.0;0.0;0.0,35.53,0.07,0.0,8.29,14.529,0.797,27636.0,10351.0,4,16,,,,,,,,,,,,,,,,,,,,,,,,,,,,,,,,,,,,,,,,,,,,,,,,,,,,,,,,,,,,,
25,3,,,,,,,96,87,66,18,221.4,2730,10801,35,0,6.6,0.9;10.6;2.4;0.6;0.6;0.6;36.8;34.7;2.1;2.3;22.9;41.2;0.6;0.0;0.0;0.0;0.3;0.0;0.0;0.0;0.0;0.0;1.2;0.0,35.5,0.07,0.0,4.36,14.529,0.797,3906.0,14208.0,4,16,,,,,,,,,,,,,,,,,,,,,,,,,,,,,,,,,,,,,,,,,,,,,,,,,,,,,,,,,,,,,
25,4,,,,,,,96,90,68,18,220.7,2730,10801,35,0,7.1,0.6;20.1;1.2;0.6;0.9;0.3;34.0;25.2;4.4;2.6;20.5;56.6;0.6;0.3;0.0;0.0;0.0;0.0;0.0;0.3;0.0;0.0;1.2;0.0,35.49,0.07,0.0,2.89,14.529,0.797,14892.0,10058.0,4,16,,,,,,,,,,,,,,,,,,,,,,,,,,,,,,,,,,,,,,,,,,,,,,,,,,,,,,,,,,,,,
25,5,,,,,,,97,93,68,16,220.0,2730,10801,35,0,7.1,2.3;14.5;1.5;2.1;0.6;0.0;47.4;14.7;2.4;2.4;15.8;58.8;0.3;1.8;0.0;0.0;0.9;0.0;0.6;0.3;0.6;0.0;1.2;0.9,35.47,0.07,0.0,3.04,14.529,0.797,4003.0,10302.0,4,16,,,,,,,,,,,,,,,,,,,,,,,,,,,,,,,,,,,,,,,,,,,,,,,,,,,,,,,,,,,,,
25,6,,,,,,,96,94,68,19,220.5,2730,10801,35,0,6.6,0.6;13.6;2.3;0.6;0.3;0.3;28.1;56.8;3.5;1.7;23.5;24.6;0.3;0.3;0.3;0.0;0.0;0.0;0.0;0.0;0.6;0.6;0.6;0.0,35.45,0.07,0.0,2.31,14.529,0.797,23632.0,278417.0,4,16,,,,,,,,,,,,,,,,,,,,,,,,,,,,,,,,,,,,,,,,,,,,,,,,,,,,,,,,,,,,,
25,7,,,,,,,96,92,67,16,219.0,2730,10801,35,0,6.8,0.9;13.0;0.6;2.6;0.3;0.6;15.0;50.6;2.6;3.5;17.6;51.9;0.6;0.3;0.0;0.0;0.0;0.0;0.0;0.0;0.6;1.8;0.3;0.0,35.45,0.07,0.0,2.13,14.529,0.797,6103.0,22900.0,4,16,,,,,,,,,,,,,,,,,,,,,,,,,,,,,,,,,,,,,,,,,,,,,,,,,,,,,,,,,,,,,
25,8,,,,,,,98,97,66,18,218.0,2730,10801,35,0,6.6,0.6;10.1;1.5;2.0;0.6;0.3;44.4;18.2;2.4;1.5;14.1;60.1;0.3;0.9;0.0;0.0;0.0;0.0;0.0;0.3;0.3;1.2;0.0;0.0,35.41,0.07,0.0,1.54,14.529,0.797,13183.0,24169.0,4,16,,,,,,,,,,,,,,,,,,,,,,,,,,,,,,,,,,,,,,,,,,,,,,,,,,,,,,,,,,,,,
25,9,,,,,,,100,95,66,18,220.7,2730,10801,35,0,7.3,0.9;13.8;2.7;1.8;2.9;0.9;15.0;72.4;4.1;5.0;22.9;28.0;1.5;0.3;0.0;0.6;0.0;0.6;0.6;0.3;0.6;0.6;0.3;0.3,35.39,0.07,0.0,1.87,14.529,0.797,29345.0,51562.0,4,16,,,,,,,,,,,,,,,,,,,,,,,,,,,,,,,,,,,,,,,,,,,,,,,,,,,,,,,,,,,,,
25,10,,,,,,,96,91,67,19,220.0,2730,10801,35,0,7.5,0.0;18.8;2.3;3.5;0.9;1.2;35.0;34.5;6.1;2.9;24.8;45.2;0.6;0.6;0.0;0.3;0.0;0.0;0.0;0.0;0.3;0.6;0.3;0.3,35.38,0.07,0.0,3.86,14.529,0.797,7226.0,14160.0,4,16,,,,,,,,,,,,,,,,,,,,,,,,,,,,,,,,,,,,,,,,,,,,,,,,,,,,,,,,,,,,,
25,11,,,,,,,99,99,66,18,220.5,2730,10801,35,0,7.8,1.2;13.5;2.3;3.2;0.9;1.2;29.4;27.1;3.5;3.8;19.1;71.7;1.5;0.3;0.0;0.3;0.9;0.6;0.3;1.5;1.5;3.2;0.0;0.3,35.37,0.07,0.01,0.03,14.529,0.797,12548.0,15722.0,4,16,,,,,,,,,,,,,,,,,,,,,,,,,,,,,,,,,,,,,,,,,,,,,,,,,,,,,,,,,,,,,
25,12,,,,,,,99,96,66,18,221.5,2730,10801,35,0,7.8,1.8;14.5;2.6;3.5;0.9;0.6;42.9;45.9;5.3;5.6;22.4;35.5;0.6;0.0;0.0;0.3;0.0;0.3;0.0;0.0;0.9;0.3;2.6;1.2,35.37,0.07,0.0,0.04,14.529,0.797,3808.0,28076.0,4,16,,,,,,,,,,,,,,,,,,,,,,,,,,,,,,,,,,,,,,,,,,,,,,,,,,,,,,,,,,,,,
25,13,,,,,,,96,87,67,18,220.7,2730,10801,35,0,7.0,0.6;12.2;1.2;1.5;0.9;0.3;13.5;63.2;5.3;2.6;21.2;44.1;0.6;0.0;0.0;0.0;0.0;0.0;0.0;0.0;0.0;0.0;0.0;0.0,35.36,0.07,0.0,0.03,14.529,0.797,4150.0,18847.0,4,16,,,,,,,,,,,,,,,,,,,,,,,,,,,,,,,,,,,,,,,,,,,,,,,,,,,,,,,,,,,,,
25,14,,,,,,,100,99,67,17,220.8,2730,10801,35,0,7.1,0.0;12.5;0.3;1.2;1.2;1.4;37.9;20.2;4.6;2.0;24.3;60.4;0.6;1.5;0.0;0.0;0.3;0.0;0.0;0.0;0.0;1.4;0.6;0.3,35.36,0.07,0.0,0.01,14.529,0.797,4199.0,14941.0,4,16,,,,,,,,,,,,,,,,,,,,,,,,,,,,,,,,,,,,,,,,,,,,,,,,,,,,,,,,,,,,,
25,15,,,,,,,96,89,67,18,220.2,2730,10801,35,0,7.5,1.2;13.3;2.1;1.2;0.0;1.2;30.7;51.5;5.6;3.2;23.7;40.6;1.8;0.9;0.0;0.3;0.3;0.3;0.3;0.0;0.0;0.6;0.3;0.3,35.35,0.07,0.0,0.05,14.529,0.797,12744.0,10253.0,4,16,,,,,,,,,,,,,,,,,,,,,,,,,,,,,,,,,,,,,,,,,,,,,,,,,,,,,,,,,,,,,
25,16,,,,,,,96,94,68,18,219.9,2730,10801,35,0,8.3,0.9;17.6;2.6;1.2;0.6;0.3;59.4;40.6;7.0;4.7;24.0;37.9;0.0;0.6;0.0;0.0;0.0;0.0;0.0;0.0;0.0;0.0;0.6;0.6,35.35,0.07,0.0,0.05,14.529,0.797,15283.0,15673.0,4,16,,,,,,,,,,,,,,,,,,,,,,,,,,,,,,,,,,,,,,,,,,,,,,,,,,,,,,,,,,,,,
25,17,,,,,,,100,93,65,19,219.4,2730,10801,35,0,7.6,0.9;23.4;0.9;1.8;0.6;0.6;20.3;43.3;4.1;1.8;21.5;56.8;1.2;0.3;0.3;0.0;0.3;0.0;0.0;0.0;0.9;1.2;0.0;0.6,35.35,0.07,0.0,0.17,14.529,0.797,3808.0,15283.0,4,16,,,,,,,,,,,,,,,,,,,,,,,,,,,,,,,,,,,,,,,,,,,,,,,,,,,,,,,,,,,,,
25,18,,,,,,,96,87,67,17,219.5,2730,10801,35,0,7.1,1.2;15.6;2.3;0.9;0.3;0.9;27.2;44.8;2.9;3.2;26.0;37.7;0.9;1.2;0.0;0.0;0.3;0.3;0.0;0.3;0.6;1.7;0.0;0.6,35.34,0.07,0.0,0.03,14.529,0.797,41503.0,58740.0,4,16,,,,,,,,,,,,,,,,,,,,,,,,,,,,,,,,,,,,,,,,,,,,,,,,,,,,,,,,,,,,,
25,19,,,,,,,96,94,68,17,220.2,2730,10801,36,0,6.6,0.6;11.2;2.7;0.3;0.3;0.3;21.8;55.9;2.4;2.7;28.6;29.2;0.3;0.0;0.0;0.3;0.0;0.0;0.0;0.0;0.3;1.2;0.0;0.9,35.35,0.07,0.0,0.08,14.529,0.797,39843.0,46191.0,4,16,,,,,,,,,,,,,,,,,,,,,,,,,,,,,,,,,,,,,,,,,,,,,,,,,,,,,,,,,,,,,
25,20,,,,,,,100,95,65,18,221.1,2730,10801,35,0,6.4,0.6;11.4;0.9;0.6;0.0;0.3;20.9;32.1;3.2;2.1;16.1;64.1;0.3;0.0;0.0;0.3;0.0;0.0;0.0;0.0;0.0;0.0;0.3;0.0,35.35,0.07,0.0,0.02,14.529,0.797,3515.0,16015.0,4,16,,,,,,,,,,,,,,,,,,,,,,,,,,,,,,,,,,,,,,,,,,,,,,,,,,,,,,,,,,,,,
25,21,,,,,,,100,95,66,19,220.8,2730,10801,35,0,6.6,0.9;14.0;1.8;0.3;0.3;0.0;34.4;28.5;3.8;2.1;26.2;45.3;0.3;0.9;0.0;0.0;0.3;0.0;0.0;0.0;0.0;0.0;0.0;0.0,35.34,0.07,0.0,0.05,14.529,0.797,3320.0,15966.0,4,16,,,,,,,,,,,,,,,,,,,,,,,,,,,,,,,,,,,,,,,,,,,,,,,,,,,,,,,,,,,,,
25,22,,,,,,,96,93,67,17,219.6,2730,10801,35,0,6.4,0.0;17.2;2.0;0.3;0.0;0.3;52.8;28.1;2.6;1.4;22.8;22.6;0.3;0.9;0.0;0.0;0.0;0.0;0.0;0.0;0.0;0.6;0.0;0.0,35.32,0.07,0.0,0.03,14.529,0.797,5957.0,30224.0,4,16,,,,,,,,,,,,,,,,,,,,,,,,,,,,,,,,,,,,,,,,,,,,,,,,,,,,,,,,,,,,,
25,23,,,,,,,100,95,66,17,220.5,2730,10801,35,0,7.1,2.1;12.7;1.5;0.3;1.2;0.6;36.2;18.2;1.8;4.4;26.0;60.2;0.6;0.6;0.0;0.3;0.0;0.0;0.0;0.3;0.9;0.6;0.6;1.2,35.35,0.07,0.0,0.04,14.529,0.797,36962.0,145214.0,4,16,,,,,,,,,,,,,,,,,,,,,,,,,,,,,,,,,,,,,,,,,,,,,,,,,,,,,,,,,,,,,
25,24,,,,,,,100,96,67,18,220.6,2730,10801,35,0,6.4,0.6;11.6;1.5;0.3;0.3;0.6;37.8;24.0;2.6;1.8;24.0;47.2;0.0;0.3;0.0;0.0;0.0;0.0;0.0;0.0;0.0;0.6;0.0;0.0,35.35,0.07,0.0,0.01,14.529,0.797,7080.0,23486.0,4,16,,,,,,,,,,,,,,,,,,,,,,,,,,,,,,,,,,,,,,,,,,,,,,,,,,,,,,,,,,,,,
25,25,,,,,,,96,84,66,18,221.6,2730,10801,35,0,7.2,1.2;15.8;1.8;0.9;0.6;0.0;32.7;47.9;3.2;2.7;23.3;33.0;0.3;0.3;0.0;0.0;0.0;0.0;0.6;5.7;0.6;0.0;0.0;0.0,35.32,0.07,0.0,0.05,14.529,0.797,12500.0,14746.0,4,16,,,,,,,,,,,,,,,,,,,,,,,,,,,,,,,,,,,,,,,,,,,,,,,,,,,,,,,,,,,,,
25,26,,,,,,,100,100,66,15,219.5,2730,10801,36,0,6.3,0.3;12.5;0.6;0.3;0.3;0.0;19.1;49.6;2.0;3.5;9.8;52.3;0.3;0.3;0.0;0.0;0.0;0.0;0.0;0.0;0.3;0.0;0.0;0.3,35.34,0.07,0.0,0.03,14.529,0.797,10058.0,25830.0,4,16,,,,,,,,,,,,,,,,,,,,,,,,,,,,,,,,,,,,,,,,,,,,,,,,,,,,,,,,,,,,,
25,27,,,,,,,98,89,68,17,219.5,2730,10801,35,0,6.5,1.2;14.0;1.8;0.6;0.3;0.0;41.8;14.1;1.8;3.2;21.4;56.5;0.3;0.0;0.0;0.0;0.0;0.0;0.0;0.0;0.3;0.0;0.3;0.0,35.35,0.07,0.0,0.02,14.529,0.797,3808.0,15966.0,4,16,,,,,,,,,,,,,,,,,,,,,,,,,,,,,,,,,,,,,,,,,,,,,,,,,,,,,,,,,,,,,
25,28,,,,,,,96,87,67,18,220.5,2730,10801,36,0,6.9,0.9;11.7;2.1;1.2;0.6;0.0;60.8;24.2;2.9;3.3;15.1;37.5;0.9;0.3;0.6;0.0;0.0;0.0;0.6;0.9;0.6;0.6;0.0;0.0,35.34,0.07,0.0,0.03,14.529,0.797,33544.0,54345.0,4,16,,,,,,,,,,,,,,,,,,,,,,,,,,,,,,,,,,,,,,,,,,,,,,,,,,,,,,,,,,,,,
25,29,,,,,,,100,100,68,17,220.9,2730,10801,36,0,6.9,1.2;8.8;1.2;1.5;0.3;0.9;40.8;23.3;2.9;4.1;37.4;38.5;0.3;0.9;0.0;0.0;0.0;0.0;0.3;0.0;0.0;0.6;1.5;0.9,35.35,0.07,0.0,0.01,14.529,0.797,5371.0,27880.0,4,16,,,,,,,,,,,,,,,,,,,,,,,,,,,,,,,,,,,,,,,,,,,,,,,,,,,,,,,,,,,,,
25,30,,,,,,,96,85,67,16,221.2,2730,10801,35,0,7.1,2.6;12.8;1.2;1.4;0.6;0.3;36.8;26.7;2.6;4.9;21.3;54.3;0.3;0.3;0.0;0.3;0.0;0.0;0.0;0.3;0.9;1.2;0.0;0.9,35.35,0.07,0.0,0.05,14.529,0.797,12841.0,28369.0,4,16,,,,,,,,,,,,,,,,,,,,,,,,,,,,,,,,,,,,,,,,,,,,,,,,,,,,,,,,,,,,,
25,31,,,,,,,97,93,68,16,220.2,2730,10801,36,0,6.8,1.2;11.4;1.5;1.5;0.9;0.6;59.4;23.2;1.5;3.2;32.4;25.1;0.6;0.0;0.0;0.0;0.0;0.0;0.0;0.0;0.0;0.9;0.0;0.3,35.32,0.07,0.0,0.03,14.529,0.797,3955.0,29150.0,4,16,,,,,,,,,,,,,,,,,,,,,,,,,,,,,,,,,,,,,,,,,,,,,,,,,,,,,,,,,,,,,
25,32,,,,,,,100,96,67,17,220.7,2730,10801,36,0,7.1,1.2;13.4;0.9;1.8;0.0;0.0;44.2;25.1;0.9;2.3;50.0;23.5;0.0;0.3;0.6;0.0;0.3;0.3;0.0;0.0;0.3;0.6;1.5;0.9,35.33,0.07,0.0,0.02,14.529,0.797,13818.0,10156.0,4,16,,,,,,,,,,,,,,,,,,,,,,,,,,,,,,,,,,,,,,,,,,,,,,,,,,,,,,,,,,,,,
25,33,,,,,,,96,92,66,17,220.6,2730,10801,36,0,7.5,1.2;15.9;2.6;2.4;1.2;0.3;30.4;26.5;2.4;5.6;25.4;62.8;0.3;0.3;0.0;0.0;0.0;0.3;0.0;0.0;0.3;0.3;0.6;0.0,35.33,0.07,0.0,0.01,14.529,0.797,19384.0,383398.0,4,16,,,,,,,,,,,,,,,,,,,,,,,,,,,,,,,,,,,,,,,,,,,,,,,,,,,,,,,,,,,,,
25,34,,,,,,,100,95,68,18,220.5,2730,10801,36,0,8.4,0.3;31.6;0.9;1.4;0.3;0.6;55.6;32.3;3.7;4.6;34.8;28.2;0.0;0.3;0.0;0.0;0.0;0.0;0.0;0.0;0.0;0.9;0.0;0.9,35.34,0.07,0.0,0.03,14.53,0.798,6591.0,24169.0,4,16,,,,,,,,,,,,,,,,,,,,,,,,,,,,,,,,,,,,,,,,,,,,,,,,,,,,,,,,,,,,,
25,35,,,,,,,97,92,66,17,219.6,2730,10801,36,0,6.7,1.8;11.9;1.5;0.9;0.6;0.0;43.7;19.5;1.8;2.4;44.0;29.7;0.6;0.3;0.0;0.3;0.0;0.0;0.0;0.3;0.3;0.6;0.9;0.3,35.34,0.07,0.0,0.03,14.53,0.798,9082.0,15332.0,4,16,,,,,,,,,,,,,,,,,,,,,,,,,,,,,,,,,,,,,,,,,,,,,,,,,,,,,,,,,,,,,
25,36,,,,,,,96,90,66,17,218.8,2730,10801,36,0,6.7,1.2;12.7;0.3;0.6;0.9;0.0;31.6;22.0;1.8;4.1;23.2;59.4;0.6;0.6;0.0;0.0;0.0;0.0;0.0;0.0;0.9;0.6;0.0;0.0,35.34,0.07,0.0,0.02,14.53,0.798,12695.0,283105.0,4,16,,,,,,,,,,,,,,,,,,,,,,,,,,,,,,,,,,,,,,,,,,,,,,,,,,,,,,,,,,,,,
25,37,,,,,,,99,100,67,17,219.0,2730,10801,36,0,6.9,1.8;11.7;0.9;0.6;0.6;0.0;60.6;18.8;0.9;3.8;39.9;20.1;0.9;0.3;0.0;0.0;0.0;0.3;0.0;0.0;0.6;0.6;1.8;0.9,35.34,0.07,0.0,0.04,14.53,0.798,40966.0,54736.0,4,16,,,,,,,,,,,,,,,,,,,,,,,,,,,,,,,,,,,,,,,,,,,,,,,,,,,,,,,,,,,,,
25,38,,,,,,,96,88,66,18,220.2,2730,10801,36,0,6.9,0.6;17.0;0.9;2.0;0.3;0.3;45.8;17.9;2.3;1.7;26.4;46.8;0.6;0.6;0.0;0.0;0.0;0.0;0.0;0.0;0.6;0.6;0.0;0.3,35.34,0.07,0.04,0.22,14.53,0.798,7324.0,139257.0,4,16,,,,,,,,,,,,,,,,,,,,,,,,,,,,,,,,,,,,,,,,,,,,,,,,,,,,,,,,,,,,,
25,39,,,,,,,100,100,67,17,220.8,2730,10801,36,0,6.5,0.6;13.5;0.9;1.2;0.0;0.0;21.0;27.4;1.8;2.4;66.6;18.9;0.6;0.9;0.0;0.0;0.0;0.3;0.0;0.0;0.0;0.6;0.0;0.0,35.32,0.07,0.0,0.04,14.53,0.798,4248.0,18798.0,4,16,,,,,,,,,,,,,,,,,,,,,,,,,,,,,,,,,,,,,,,,,,,,,,,,,,,,,,,,,,,,,
25,40,,,,,,,100,96,67,18,221.2,2730,10801,36,0,7.0,0.9;12.2;1.2;2.3;1.2;0.6;51.3;19.9;2.6;4.1;45.8;21.7;1.2;1.2;0.0;0.0;0.0;0.0;0.0;0.0;0.3;0.3;0.0;0.0,35.35,0.07,0.01,0.08,14.53,0.798,9960.0,10449.0,4,16,,,,,,,,,,,,,,,,,,,,,,,,,,,,,,,,,,,,,,,,,,,,,,,,,,,,,,,,,,,,,
25,41,,,,,,,97,87,66,17,221.2,2730,10801,36,0,6.4,0.3;11.7;0.6;0.9;0.6;0.3;60.8;10.9;0.9;3.5;23.9;36.5;0.3;0.9;0.6;0.0;0.0;0.0;0.0;0.0;0.3;0.0;0.0;0.0,35.35,0.07,0.0,0.01,14.53,0.798,13378.0,11328.0,4,16,,,,,,,,,,,,,,,,,,,,,,,,,,,,,,,,,,,,,,,,,,,,,,,,,,,,,,,,,,,,,
25,42,,,,,,,100,98,67,18,220.7,2730,10801,36,0,7.4,1.4;14.6;3.5;2.0;2.3;0.9;24.1;22.5;3.2;4.6;37.6;51.3;0.6;0.9;0.0;0.6;0.6;0.0;0.0;0.0;0.9;0.3;3.1;2.0,35.32,0.07,0.0,0.02,14.53,0.798,3515.0,15332.0,4,16,,,,,,,,,,,,,,,,,,,,,,,,,,,,,,,,,,,,,,,,,,,,,,,,,,,,,,,,,,,,,
25,43,,,,,,,100,93,68,19,221.6,2730,10801,36,0,7.4,0.6;18.8;0.9;2.7;0.3;1.8;46.0;17.7;2.1;8.0;49.1;24.1;0.3;0.6;0.0;0.0;0.6;0.3;0.0;0.0;0.0;0.6;1.2;0.6,35.34,0.07,0.0,0.13,14.53,0.798,4003.0,24414.0,4,16,,,,,,,,,,,,,,,,,,,,,,,,,,,,,,,,,,,,,,,,,,,,,,,,,,,,,,,,,,,,,
25,44,,,,,,,97,94,67,18,220.7,2730,10801,36,0,6.8,0.9;13.0;0.6;2.1;0.9;0.6;57.4;20.6;2.6;2.9;41.6;17.4;0.9;0.3;0.0;0.0;0.3;0.0;0.0;0.0;0.9;0.0;0.6;0.0,35.35,0.07,0.0,0.02,14.53,0.798,3710.0,14892.0,4,16,,,,,,,,,,,,,,,,,,,,,,,,,,,,,,,,,,,,,,,,,,,,,,,,,,,,,,,,,,,,,
25,45,,,,,,,97,92,66,17,220.1,2730,10801,36,0,6.3,1.2;15.5;1.2;1.8;0.9;0.6;18.9;18.5;1.5;4.7;20.0;59.9;0.9;0.3;0.3;0.9;0.3;0.6;0.0;0.0;0.3;0.3;2.1;0.3,35.34,0.07,0.0,0.03,14.53,0.798,3857.0,19189.0,4,16,,,,,,,,,,,,,,,,,,,,,,,,,,,,,,,,,,,,,,,,,,,,,,,,,,,,,,,,,,,,,
25,46,,,,,,,96,87,66,19,222.6,2730,10801,36,0,6.3,1.4;11.3;1.9;1.9;0.5;0.9;55.2;12.3;6.1;4.3;39.8;6.6;0.5;0.9;0.0;0.9;0.5;0.0;0.0;0.5;1.9;1.4;1.4;0.5,35.34,0.07,0.0,0.16,14.53,0.798,390.0,1611.0,4,16,,,,,,,,,,,,,,,,,,,,,,,,,,,,,,,,,,,,,,,,,,,,,,,,,,,,,,,,,,,,,
25,summary,0.3958995327748238,0.9858170158453444,0.3994303405320632,0.9852520904632537,0.00096311,251.7,,,,,,,,,,,,,,,,,,,,,,3,95.78,100,1,91.09,100,59,66.59,68,15,17.72,25,160.9,219.1,222.6,2730.3,10801.0,35.4,0,6.3,7.91,50.3,35.32,35.37,35.58,63.16,0.07,0.07,0.07,16.0,0.0,0.0,0.04,0.01,0.7,8.29,10.842,13.732,14.529,14.53,14.53,15.992,0.797,0.8,0.798,390.0,12233.04,41503.0,1611.0,50856.11,383398.0,4,4.0,4,16,16.0,16,4,16,191.87,46.19
26,1,,,,,,,58,61,59,25,158.5,2745,10801,36,0,50.5,73.9;73.2;87.3;88.0;87.2;89.0;98.3;98.8;80.5;83.5;96.9;96.0;51.7;52.7;1.9;1.3;13.6;12.7;1.2;0.7;7.0;6.9;3.5;4.3,35.49,0.07,0.0,0.02,14.53,0.798,3173.0,200292.0,4,16,,,,,,,,,,,,,,,,,,,,,,,,,,,,,,,,,,,,,,,,,,,,,,,,,,,,,,,,,,,,,
26,2,,,,,,,100,94,68,17,221.2,2730,10801,36,0,6.9,0.9;12.5;2.9;1.8;0.3;0.6;30.4;21.5;2.1;4.4;65.2;19.8;0.0;1.2;0.0;0.3;0.0;0.3;0.3;0.0;0.0;0.9;0.0;0.3,35.47,0.07,0.0,8.28,14.53,0.798,3857.0,22802.0,4,16,,,,,,,,,,,,,,,,,,,,,,,,,,,,,,,,,,,,,,,,,,,,,,,,,,,,,,,,,,,,,
26,3,,,,,,,100,95,67,18,221.8,2730,10801,36,0,7.7,0.9;14.4;2.6;2.9;0.3;0.9;41.8;28.7;2.6;3.8;31.1;48.8;0.6;0.3;0.0;0.9;0.3;0.0;0.0;0.3;0.0;0.9;0.6;0.0,35.44,0.07,0.0,3.4,14.53,0.798,9667.0,19628.0,4,16,,,,,,,,,,,,,,,,,,,,,,,,,,,,,,,,,,,,,,,,,,,,,,,,,,,,,,,,,,,,,
26,4,,,,,,,96,91,66,18,220.3,2730,10801,36,0,9.0,1.5;25.1;0.9;2.1;2.6;0.6;61.6;28.3;5.8;7.1;26.0;46.6;0.3;0.9;0.0;0.0;0.3;0.6;0.0;0.0;0.0;0.6;0.9;0.9,35.42,0.07,0.0,3.82,14.53,0.798,11328.0,11962.0,4,16,,,,,,,,,,,,,,,,,,,,,,,,,,,,,,,,,,,,,,,,,,,,,,,,,,,,,,,,,,,,,
26,5,,,,,,,100,100,67,19,220.2,2730,10801,36,0,6.7,0.9;20.5;1.7;0.3;0.9;0.3;25.1;21.6;1.1;3.7;45.8;37.8;0.0;0.0;0.0;0.0;0.0;0.0;0.0;0.0;0.3;0.0;0.0;0.0,35.41,0.07,0.0,3.0,14.53,0.798,3955.0,14453.0,4,16,,,,,,,,,,,,,,,,,,,,,,,,,,,,,,,,,,,,,,,,,,,,,,,,,,,,,,,,,,,,,
26,6,,,,,,,96,85,67,17,221.2,2730,10801,36,0,6.6,0.9;13.8;0.0;0.3;0.0;0.6;37.2;27.4;2.1;3.2;51.6;19.5;0.3;0.0;0.0;0.0;0.0;0.0;0.0;0.0;0.3;1.8;0.0;0.0,35.4,0.07,0.0,2.27,14.53,0.798,4150.0,27929.0,4,16,,,,,,,,,,,,,,,,,,,,,,,,,,,,,,,,,,,,,,,,,,,,,,,,,,,,,,,,,,,,,
26,7,,,,,,,100,99,67,17,219.9,2730,10801,36,0,6.6,0.9;10.6;0.9;0.6;0.3;0.3;63.2;24.0;2.1;3.2;20.9;29.0;0.6;0.3;0.0;0.0;0.0;0.0;0.0;0.0;0.3;0.9;1.2;0.0,35.36,0.07,0.0,2.11,14.53,0.798,3906.0,27734.0,4,16,,,,,,,,,,,,,,,,,,,,,,,,,,,,,,,,,,,,,,,,,,,,,,,,,,,,,,,,,,,,,
26,8,,,,,,,100,94,66,17,220.5,2730,10801,36,0,6.7,0.6;14.2;2.0;1.5;0.0;1.2;32.8;27.2;1.5;4.1;39.6;34.3;0.6;0.3;0.0;0.0;0.0;0.3;0.0;0.0;0.0;0.9;0.6;0.0,35.38,0.07,0.0,1.54,14.53,0.798,9521.0,17822.0,4,16,,,,,,,,,,,,,,,,,,,,,,,,,,,,,,,,,,,,,,,,,,,,,,,,,,,,,,,,,,,,,
26,9,,,,,,,100,91,66,17,221.5,2730,10801,36,0,6.7,0.6;17.6;1.5;0.6;0.6;0.3;32.3;22.4;1.2;2.9;27.5;49.4;0.6;0.3;0.0;0.0;0.0;0.0;0.0;0.0;0.0;0.0;0.6;0.6,35.38,0.07,0.0,1.49,14.53,0.798,28759.0,67871.0,4,16,,,,,,,,,,,,,,,,,,,,,,,,,,,,,,,,,,,,,,,,,,,,,,,,,,,,,,,,,,,,,
26,10,,,,,,,100,100,68,16,221.8,2730,10801,36,0,6.7,1.5;13.2;0.9;1.2;0.3;0.6;74.0;20.9;2.7;3.5;12.4;27.4;0.3;0.0;0.0;0.0;0.0;0.0;0.0;0.0;0.3;0.3;0.6;0.0,35.35,0.07,0.0,3.9,14.53,0.798,3955.0,28222.0,4,16,,,,,,,,,,,,,,,,,,,,,,,,,,,,,,,,,,,,,,,,,,,,,,,,,,,,,,,,,,,,,
26,11,,,,,,,100,93,66,17,222.3,2730,10801,36,0,6.7,1.2;12.6;1.5;1.5;0.6;1.5;39.0;22.6;4.1;1.8;21.9;51.0;0.6;0.0;0.0;0.0;0.0;0.3;0.3;0.3;0.0;0.0;0.0;0.0,35.35,0.07,0.0,0.03,14.53,0.798,9326.0,19628.0,4,16,,,,,,,,,,,,,,,,,,,,,,,,,,,,,,,,,,,,,,,,,,,,,,,,,,,,,,,,,,,,,
26,12,,,,,,,100,95,67,17,222.7,2730,10801,36,0,6.8,0.9;15.2;0.3;2.9;0.0;0.0;36.5;25.6;3.2;2.6;55.0;18.8;0.0;0.3;0.0;0.0;0.0;0.0;0.0;0.0;0.0;0.0;0.0;0.0,35.35,0.07,0.0,0.02,14.53,0.798,4052.0,17041.0,4,16,,,,,,,,,,,,,,,,,,,,,,,,,,,,,,,,,,,,,,,,,,,,,,,,,,,,,,,,,,,,,
26,13,,,,,,,96,91,67,18,221.6,2730,10801,36,0,7.3,0.9;18.7;2.3;2.6;1.4;0.9;55.8;26.1;2.8;3.4;35.2;20.5;0.0;0.3;0.0;0.0;0.0;0.3;0.0;0.0;1.1;1.4;0.6;0.8,35.35,0.07,0.0,0.03,14.53,0.798,3955.0,15039.0,4,16,,,,,,,,,,,,,,,,,,,,,,,,,,,,,,,,,,,,,,,,,,,,,,,,,,,,,,,,,,,,,
26,14,,,,,,,96,94,68,18,221.9,2730,10801,36,0,6.8,0.3;13.7;1.2;1.2;0.3;0.3;37.1;33.4;2.7;5.0;18.6;48.1;0.3;0.0;0.0;0.0;0.0;0.0;0.0;0.0;0.3;0.0;0.0;0.0,35.36,0.07,0.0,0.01,14.53,0.798,9619.0,14501.0,4,16,,,,,,,,,,,,,,,,,,,,,,,,,,,,,,,,,,,,,,,,,,,,,,,,,,,,,,,,,,,,,
26,15,,,,,,,97,92,67,15,221.0,2730,10801,36,0,7.3,0.3;17.7;1.2;0.6;1.8;1.2;28.1;30.2;4.1;3.5;27.6;55.7;0.3;0.0;0.0;0.0;0.0;0.3;0.3;0.3;0.0;0.0;0.3;0.3,35.35,0.07,0.0,0.02,14.53,0.798,3906.0,12451.0,4,16,,,,,,,,,,,,,,,,,,,,,,,,,,,,,,,,,,,,,,,,,,,,,,,,,,,,,,,,,,,,,
26,16,,,,,,,98,98,67,17,221.5,2730,10801,36,0,7.4,2.1;12.9;0.9;2.9;1.2;0.3;68.2;21.8;4.7;5.9;17.6;33.9;0.0;0.6;0.0;0.0;0.0;0.3;0.0;0.0;0.9;0.0;0.9;0.0,35.36,0.07,0.0,0.03,14.53,0.798,4150.0,18408.0,4,16,,,,,,,,,,,,,,,,,,,,,,,,,,,,,,,,,,,,,,,,,,,,,,,,,,,,,,,,,,,,,
26,17,,,,,,,100,96,67,20,220.8,2730,10801,36,0,7.0,0.3;14.3;1.7;1.2;0.3;0.6;33.7;37.2;3.8;3.8;24.7;43.4;1.2;0.3;0.0;0.0;0.0;0.0;0.3;0.0;0.3;0.9;1.2;0.0,35.36,0.07,0.0,0.03,14.53,0.798,3759.0,15429.0,4,16,,,,,,,,,,,,,,,,,,,,,,,,,,,,,,,,,,,,,,,,,,,,,,,,,,,,,,,,,,,,,
26,18,,,,,,,96,90,67,17,219.9,2730,10801,36,0,7.3,0.6;13.0;2.0;1.5;0.0;0.9;22.2;26.7;4.4;4.1;33.9;63.0;0.6;0.3;0.0;0.0;0.3;0.3;0.0;0.0;0.6;0.0;0.3;0.3,35.36,0.07,0.01,0.04,14.53,0.798,43408.0,50732.0,4,16,,,,,,,,,,,,,,,,,,,,,,,,,,,,,,,,,,,,,,,,,,,,,,,,,,,,,,,,,,,,,
26,19,,,,,,,100,100,68,18,221.5,2730,10801,36,0,7.4,2.1;12.3;2.7;3.5;0.9;0.3;67.3;18.9;6.5;4.1;19.2;36.1;1.5;0.0;0.0;0.0;0.0;0.3;0.0;0.0;0.0;0.3;1.5;0.6,35.36,0.07,0.0,0.01,14.53,0.798,22021.0,50927.0,4,16,,,,,,,,,,,,,,,,,,,,,,,,,,,,,,,,,,,,,,,,,,,,,,,,,,,,,,,,,,,,,
26,20,,,,,,,98,94,67,17,223.2,2730,10801,36,0,7.4,0.6;14.8;0.3;1.8;0.6;0.3;45.1;32.9;4.1;4.1;26.8;42.8;0.6;0.0;0.0;0.0;0.0;0.0;0.0;0.0;0.0;0.6;0.3;0.3,35.33,0.07,0.0,0.04,14.53,0.798,4345.0,18847.0,4,16,,,,,,,,,,,,,,,,,,,,,,,,,,,,,,,,,,,,,,,,,,,,,,,,,,,,,,,,,,,,,
26,21,,,,,,,96,87,67,20,222.3,2730,10801,36,0,8.7,3.2;16.3;4.0;2.6;0.9;2.0;46.7;26.8;6.3;6.3;25.7;59.3;0.6;1.7;0.0;0.0;0.3;0.0;0.6;0.6;1.7;0.3;1.7;0.6,35.35,0.07,0.0,0.04,14.53,0.798,5615.0,10449.0,4,16,,,,,,,,,,,,,,,,,,,,,,,,,,,,,,,,,,,,,,,,,,,,,,,,,,,,,,,,,,,,,
26,22,,,,,,,100,96,67,17,221.9,2730,10801,36,0,8.2,0.9;28.9;2.7;1.8;1.2;0.0;52.8;22.9;3.5;5.0;30.4;42.9;0.6;0.0;0.0;0.0;0.0;0.0;0.0;0.0;0.0;0.0;0.3;0.0,35.34,0.07,0.0,0.02,14.53,0.798,14501.0,13037.0,4,16,,,,,,,,,,,,,,,,,,,,,,,,,,,,,,,,,,,,,,,,,,,,,,,,,,,,,,,,,,,,,
26,23,,,,,,,96,86,68,17,222.2,2730,10801,36,0,7.0,0.9;14.6;0.6;0.9;0.0;0.0;60.0;23.4;2.9;3.5;22.3;35.2;0.3;0.3;0.0;0.0;0.0;0.0;0.0;0.0;0.9;0.3;1.5;0.3,35.34,0.07,0.0,0.04,14.53,0.798,15478.0,15820.0,4,16,,,,,,,,,,,,,,,,,,,,,,,,,,,,,,,,,,,,,,,,,,,,,,,,,,,,,,,,,,,,,
26,24,,,,,,,97,94,70,18,222.1,2730,10801,36,0,6.9,0.6;14.2;1.2;0.6;0.3;0.3;25.6;23.2;1.8;2.1;24.3;66.9;1.2;0.6;0.0;0.0;0.0;0.0;0.0;0.0;0.0;0.6;1.2;0.0,35.34,0.07,0.0,0.03,14.53,0.798,4541.0,29833.0,4,16,,,,,,,,,,,,,,,,,,,,,,,,,,,,,,,,,,,,,,,,,,,,,,,,,,,,,,,,,,,,,
26,25,,,,,,,93,60,66,18,217.4,2730,10801,36,0,7.0,1.2;15.9;2.3;1.7;1.4;0.6;51.9;19.6;1.7;2.3;24.3;40.6;0.6;0.0;0.6;0.0;0.8;0.0;0.0;0.0;0.3;0.0;1.1;1.1,35.34,0.07,0.0,0.05,14.53,0.798,13525.0,10498.0,4,16,,,,,,,,,,,,,,,,,,,,,,,,,,,,,,,,,,,,,,,,,,,,,,,,,,,,,,,,,,,,,
26,26,,,,,,,96,94,69,16,220.5,2730,10801,36,0,6.9,0.3;13.5;2.1;1.2;0.9;1.2;37.2;52.9;3.5;1.8;17.4;28.0;1.5;0.9;0.3;0.0;0.3;0.0;0.6;0.0;0.0;0.3;1.8;0.3,35.34,0.07,0.0,0.06,14.53,0.798,5371.0,10693.0,4,16,,,,,,,,,,,,,,,,,,,,,,,,,,,,,,,,,,,,,,,,,,,,,,,,,,,,,,,,,,,,,
26,27,,,,,,,96,90,68,17,220.4,2730,10801,36,0,6.9,0.3;15.3;1.5;0.6;0.9;0.0;29.7;22.9;3.5;2.1;20.6;63.6;0.9;0.3;0.0;0.0;0.9;0.0;0.0;0.0;0.3;0.3;1.5;0.6,35.35,0.07,0.0,0.02,14.53,0.798,15820.0,26464.0,4,16,,,,,,,,,,,,,,,,,,,,,,,,,,,,,,,,,,,,,,,,,,,,,,,,,,,,,,,,,,,,,
26,28,,,,,,,100,91,66,16,221.9,2730,10801,36,0,6.8,1.5;16.3;0.9;1.5;0.6;0.0;44.0;15.9;2.9;3.2;25.6;49.6;0.3;0.6;0.0;0.0;0.3;0.0;0.0;0.0;0.0;0.0;0.0;0.0,35.34,0.07,0.0,0.11,14.53,0.798,36523.0,197167.0,4,16,,,,,,,,,,,,,,,,,,,,,,,,,,,,,,,,,,,,,,,,,,,,,,,,,,,,,,,,,,,,,
26,29,,,,,,,97,92,68,16,221.1,2730,10801,36,0,6.4,0.3;15.2;0.6;0.9;0.3;0.3;56.8;35.2;3.2;1.4;10.1;28.2;0.9;0.0;0.0;0.0;0.0;0.0;0.0;0.0;0.3;0.6;0.0;0.0,35.35,0.07,0.0,0.04,14.53,0.798,3906.0,220117.0,4,16,,,,,,,,,,,,,,,,,,,,,,,,,,,,,,,,,,,,,,,,,,,,,,,,,,,,,,,,,,,,,
26,30,,,,,,,98,91,67,16,222.6,2730,10801,36,0,6.5,0.3;11.1;1.2;0.0;0.6;0.0;49.0;17.4;1.8;3.0;17.7;52.5;0.3;0.3;0.0;0.0;0.0;0.0;0.0;0.0;0.0;0.6;0.6;0.0,35.35,0.07,0.0,0.03,14.53,0.798,13476.0,24707.0,4,16,,,,,,,,,,,,,,,,,,,,,,,,,,,,,,,,,,,,,,,,,,,,,,,,,,,,,,,,,,,,,
26,31,,,,,,,98,98,67,16,221.9,2730,10801,37,0,7.5,0.6;24.7;2.1;0.3;1.2;1.2;21.5;44.2;2.9;3.5;23.0;48.8;0.9;0.0;0.3;0.6;0.6;0.0;0.3;0.0;0.6;0.0;0.3;0.0,35.34,0.07,0.0,0.01,14.53,0.798,4248.0,24316.0,4,16,,,,,,,,,,,,,,,,,,,,,,,,,,,,,,,,,,,,,,,,,,,,,,,,,,,,,,,,,,,,,
26,32,,,,,,,100,100,67,16,222.2,2730,10801,37,0,9.0,1.5;11.4;2.6;0.6;1.2;0.6;45.7;61.2;4.7;4.7;26.3;30.9;0.9;0.3;0.0;0.0;0.3;0.0;1.2;20.5;0.0;0.0;0.0;0.0,34.98,0.08,0.0,2.95,14.53,0.798,12841.0,9667.0,4,16,,,,,,,,,,,,,,,,,,,,,,,,,,,,,,,,,,,,,,,,,,,,,,,,,,,,,,,,,,,,,
26,33,,,,,,,100,97,68,17,222.0,2730,10801,36,0,6.8,0.9;11.5;2.0;1.7;1.7;0.6;18.3;46.7;7.2;1.7;20.3;48.1;0.3;0.6;0.0;0.0;0.0;0.0;0.0;0.0;0.0;0.0;0.0;0.0,34.99,0.08,0.0,0.04,14.53,0.798,4248.0,19091.0,4,16,,,,,,,,,,,,,,,,,,,,,,,,,,,,,,,,,,,,,,,,,,,,,,,,,,,,,,,,,,,,,
26,34,,,,,,,97,94,66,16,222.6,2730,10801,36,0,8.0,1.2;13.0;4.1;1.2;1.2;2.0;33.9;31.2;6.7;3.5;29.1;57.1;0.9;0.9;0.0;0.0;0.3;0.3;0.3;0.0;3.3;0.6;1.2;0.0,34.99,0.08,0.0,0.02,14.53,0.798,16113.0,10400.0,4,16,,,,,,,,,,,,,,,,,,,,,,,,,,,,,,,,,,,,,,,,,,,,,,,,,,,,,,,,,,,,,
26,35,,,,,,,100,96,68,15,221.3,2730,10801,37,0,7.7,2.4;15.3;4.1;1.5;1.5;0.9;42.4;47.7;3.5;2.6;26.8;31.8;0.6;0.3;0.3;0.0;0.3;0.0;0.0;0.0;0.3;0.9;0.9;0.3,34.98,0.08,0.0,0.02,14.53,0.798,4296.0,24365.0,4,16,,,,,,,,,,,,,,,,,,,,,,,,,,,,,,,,,,,,,,,,,,,,,,,,,,,,,,,,,,,,,
26,36,,,,,,,100,95,69,14,220.6,2730,10801,37,0,7.0,1.2;11.1;1.5;0.9;0.3;0.3;40.5;30.8;4.7;2.6;21.3;50.1;0.3;0.9;0.0;0.0;0.0;0.0;0.0;0.0;0.0;0.0;0.6;0.3,34.99,0.08,0.0,0.04,14.53,0.798,3759.0,112451.0,4,16,,,,,,,,,,,,,,,,,,,,,,,,,,,,,,,,,,,,,,,,,,,,,,,,,,,,,,,,,,,,,
26,37,,,,,,,94,32,65,19,210.3,2730,10801,36,0,7.4,0.0;14.5;1.4;1.2;0.3;0.3;31.9;29.9;5.8;2.6;21.0;62.2;2.6;0.6;0.0;0.0;0.3;0.3;0.0;0.0;0.3;0.3;1.2;0.3,34.98,0.08,0.0,0.02,14.53,0.798,37988.0,51757.0,4,16,,,,,,,,,,,,,,,,,,,,,,,,,,,,,,,,,,,,,,,,,,,,,,,,,,,,,,,,,,,,,
26,38,,,,,,,100,93,69,17,222.1,2730,10801,37,0,7.0,0.9;12.2;2.1;1.5;0.6;0.3;18.9;70.1;4.4;1.8;22.2;30.2;0.6;0.6;0.0;0.0;0.0;0.0;0.0;0.0;0.0;0.6;0.6;0.0,34.97,0.08,0.0,0.03,14.53,0.798,18945.0,396630.0,4,16,,,,,,,,,,,,,,,,,,,,,,,,,,,,,,,,,,,,,,,,,,,,,,,,,,,,,,,,,,,,,
26,39,,,,,,,100,92,69,17,221.9,2730,10801,37,0,8.3,0.6;19.8;1.5;0.9;0.6;0.6;52.9;32.5;3.8;4.1;20.7;56.3;0.6;0.6;0.0;0.0;0.3;0.0;0.0;0.0;0.0;0.0;0.6;0.0,34.98,0.08,0.0,0.04,14.53,0.798,5908.0,9863.0,4,16,,,,,,,,,,,,,,,,,,,,,,,,,,,,,,,,,,,,,,,,,,,,,,,,,,,,,,,,,,,,,
26,40,,,,,,,96,88,68,17,220.8,2730,10801,36,0,7.6,1.5;28.0;0.6;1.5;0.0;0.0;29.3;19.7;2.7;2.4;22.4;66.1;1.2;0.6;0.0;0.6;0.0;0.0;0.0;0.0;0.0;0.6;1.2;0.3,34.98,0.08,0.0,0.01,14.53,0.798,5664.0,28710.0,4,16,,,,,,,,,,,,,,,,,,,,,,,,,,,,,,,,,,,,,,,,,,,,,,,,,,,,,,,,,,,,,
26,41,,,,,,,98,95,68,18,221.2,2730,10801,36,0,6.5,0.3;14.7;1.2;1.7;0.9;0.3;54.5;19.9;3.2;1.4;17.0;40.3;0.3;0.0;0.0;0.0;0.0;0.0;0.0;0.0;0.0;0.0;0.0;0.0,34.97,0.08,0.0,0.02,14.53,0.798,15380.0,199951.0,4,16,,,,,,,,,,,,,,,,,,,,,,,,,,,,,,,,,,,,,,,,,,,,,,,,,,,,,,,,,,,,,
26,42,,,,,,,97,88,68,18,223.0,2730,10801,37,0,6.4,0.6;11.7;0.6;0.0;0.3;0.3;54.3;19.2;1.2;2.7;16.8;44.2;0.6;0.3;0.0;0.3;0.0;0.0;0.0;0.3;0.3;0.6;0.3;0.0,34.97,0.08,0.0,0.03,14.53,0.798,10009.0,23193.0,4,16,,,,,,,,,,,,,,,,,,,,,,,,,,,,,,,,,,,,,,,,,,,,,,,,,,,,,,,,,,,,,
26,43,,,,,,,98,95,69,17,221.2,2730,10801,37,0,7.0,0.3;14.6;1.8;2.6;0.3;0.0;26.9;27.9;3.8;2.1;32.3;51.5;0.6;0.6;0.0;0.0;0.0;0.0;0.3;0.0;0.0;0.6;1.2;0.3,34.97,0.08,0.0,0.05,14.53,0.798,9863.0,14501.0,4,16,,,,,,,,,,,,,,,,,,,,,,,,,,,,,,,,,,,,,,,,,,,,,,,,,,,,,,,,,,,,,
26,44,,,,,,,100,100,67,16,221.5,2730,10801,37,0,6.6,0.6;16.8;0.9;1.2;0.0;0.0;54.6;19.2;2.9;0.9;51.6;8.5;0.6;0.3;0.0;0.0;0.0;0.0;0.0;0.0;0.0;0.0;0.0;0.0,34.96,0.08,0.0,0.03,14.53,0.798,13232.0,13574.0,4,16,,,,,,,,,,,,,,,,,,,,,,,,,,,,,,,,,,,,,,,,,,,,,,,,,,,,,,,,,,,,,
26,45,,,,,,,100,98,68,19,221.0,2730,10801,37,0,5.8,2.6;13.2;1.2;1.2;0.9;0.6;10.1;70.8;2.9;2.6;14.4;17.1;0.3;0.3;0.0;0.0;0.0;0.0;0.0;0.0;0.3;0.6;0.3;0.0,34.96,0.08,0.0,0.03,14.53,0.798,9619.0,15136.0,4,16,,,,,,,,,,,,,,,,,,,,,,,,,,,,,,,,,,,,,,,,,,,,,,,,,,,,,,,,,,,,,
26,46,,,,,,,99,95,68,17,222.2,2730,10801,37,0,5.5,0.0;12.1;0.5;0.0;0.5;1.0;5.0;83.3;3.5;2.5;21.3;1.5;0.0;0.5;0.0;0.0;0.0;0.0;0.0;0.0;0.0;0.0;0.0;0.0,34.97,0.08,0.0,0.02,14.53,0.798,146.0,1904.0,4,16,,,,,,,,,,,,,,,,,,,,,,,,,,,,,,,,,,,,,,,,,,,,,,,,,,,,,,,,,,,,,
26,summary,0.3944620224802594,0.9860971889300502,0.4030881778062393,0.9838408072539957,0.00096009,251.7,,,,,,,,,,,,,,,,,,,,,,58,97.33,100,32,91.09,100,59,67.22,70,14,17.28,25,158.5,219.82,223.2,2730.3,10801.0,36.2,0,5.5,8.06,50.5,34.96,35.24,35.49,63.16,0.07,0.07,0.08,16.0,0.0,0.0,0.01,0.01,0.74,8.28,10.84,13.732,14.53,14.53,14.53,15.992,0.798,0.8,0.798,146.0,10691.89,43408.0,1904.0,47522.0,396630.0,4,4.0,4,16,16.0,16,4,16,192.01,46.04
27,1,,,,,,,58,55,65,24,188.7,2730,10801,37,0,50.7,55.3;65.0;87.3;87.4;87.6;88.5;98.1;98.1;90.2;93.3;98.0;98.0;51.4;55.5;2.9;2.0;16.3;9.8;2.0;1.8;10.1;9.3;4.2;3.9,35.14,0.08,0.0,0.03,14.53,0.798,52734.0,7568.0,4,16,,,,,,,,,,,,,,,,,,,,,,,,,,,,,,,,,,,,,,,,,,,,,,,,,,,,,,,,,,,,,
27,2,,,,,,,97,94,68,17,221.4,2730,10801,36,0,6.8,0.6;14.2;1.2;0.0;0.3;0.0;46.6;23.5;3.8;3.5;22.6;43.5;0.3;0.6;0.0;0.0;0.0;0.0;0.0;0.0;0.6;0.0;0.9;0.0,35.09,0.08,0.0,8.16,14.53,0.798,8496.0,11132.0,4,16,,,,,,,,,,,,,,,,,,,,,,,,,,,,,,,,,,,,,,,,,,,,,,,,,,,,,,,,,,,,,
27,3,,,,,,,96,92,68,18,221.3,2730,10801,37,0,6.6,0.3;13.2;0.0;0.6;0.3;0.0;31.5;19.9;1.8;2.1;13.2;73.2;0.3;0.3;0.0;0.0;0.0;0.0;0.0;0.0;0.0;1.7;0.0;0.0,35.08,0.08,0.0,4.36,14.53,0.798,12011.0,10498.0,4,16,,,,,,,,,,,,,,,,,,,,,,,,,,,,,,,,,,,,,,,,,,,,,,,,,,,,,,,,,,,,,
27,4,,,,,,,100,94,67,18,222.1,2730,10801,37,0,6.7,0.3;12.5;2.9;0.3;0.6;0.3;45.6;19.8;4.1;1.2;32.1;39.2;0.3;0.6;0.0;0.0;0.0;0.0;0.0;0.0;0.9;0.6;0.3;0.0,35.03,0.08,0.0,2.87,14.53,0.798,9570.0,11767.0,4,16,,,,,,,,,,,,,,,,,,,,,,,,,,,,,,,,,,,,,,,,,,,,,,,,,,,,,,,,,,,,,
27,5,,,,,,,96,92,68,17,221.1,2730,10801,37,0,7.3,0.6;17.1;1.7;1.4;0.6;0.9;52.6;24.3;4.3;3.8;30.8;28.9;0.6;1.4;0.9;0.6;0.9;0.0;0.0;0.0;0.9;1.7;0.6;0.0,35.04,0.08,0.0,2.97,14.53,0.798,4296.0,10693.0,4,16,,,,,,,,,,,,,,,,,,,,,,,,,,,,,,,,,,,,,,,,,,,,,,,,,,,,,,,,,,,,,
27,6,,,,,,,98,96,67,17,221.0,2730,10801,36,0,7.1,0.9;17.0;1.5;0.3;0.3;0.0;33.1;14.4;3.5;3.5;44.9;48.4;0.3;0.0;0.0;0.0;0.0;0.0;0.0;0.0;0.6;1.2;0.0;0.0,35.03,0.08,0.0,2.29,14.53,0.798,3955.0,27832.0,4,16,,,,,,,,,,,,,,,,,,,,,,,,,,,,,,,,,,,,,,,,,,,,,,,,,,,,,,,,,,,,,
27,7,,,,,,,100,96,68,17,220.7,2730,10801,37,0,7.2,0.6;15.7;1.5;1.5;0.9;0.3;45.7;28.3;3.8;2.9;31.7;36.4;0.3;0.0;0.0;0.0;0.0;0.0;0.0;0.0;0.3;0.3;0.6;0.0,34.99,0.08,0.0,2.11,14.53,0.798,6884.0,9960.0,4,16,,,,,,,,,,,,,,,,,,,,,,,,,,,,,,,,,,,,,,,,,,,,,,,,,,,,,,,,,,,,,
27,8,,,,,,,96,84,67,17,220.9,2730,10801,37,0,7.0,0.6;15.0;2.4;0.3;0.0;0.3;48.2;30.3;5.6;2.6;37.1;25.3;0.3;0.3;0.0;0.0;0.0;0.0;0.0;0.0;0.3;0.0;0.3;0.0,35.01,0.08,0.0,1.52,14.53,0.798,16259.0,10546.0,4,16,,,,,,,,,,,,,,,,,,,,,,,,,,,,,,,,,,,,,,,,,,,,,,,,,,,,,,,,,,,,,
27,9,,,,,,,100,100,66,17,221.3,2730,10801,37,0,7.2,0.9;13.6;1.5;0.9;1.2;0.3;36.8;20.5;3.8;3.2;23.7;65.8;0.3;0.0;0.0;0.0;0.0;0.3;0.3;0.0;0.0;0.0;0.0;0.0,34.99,0.08,0.0,1.5,14.53,0.798,21142.0,54736.0,4,16,,,,,,,,,,,,,,,,,,,,,,,,,,,,,,,,,,,,,,,,,,,,,,,,,,,,,,,,,,,,,
27,10,,,,,,,98,93,67,17,222.7,2730,10801,37,0,8.1,1.5;28.8;2.3;1.5;0.3;1.2;51.5;20.3;3.8;3.5;18.5;55.0;0.0;0.6;0.3;0.0;0.0;0.0;0.0;0.0;0.0;0.0;1.8;0.3,34.98,0.08,0.0,3.91,14.53,0.798,102783.0,89501.0,4,16,,,,,,,,,,,,,,,,,,,,,,,,,,,,,,,,,,,,,,,,,,,,,,,,,,,,,,,,,,,,,
27,11,,,,,,,96,85,68,16,221.5,2730,10801,37,0,7.4,2.3;17.3;1.8;2.1;1.2;0.9;56.1;28.1;3.2;1.8;21.6;35.8;0.0;0.6;0.0;0.3;0.3;0.3;0.0;0.0;0.6;0.3;1.8;0.3,34.99,0.08,0.0,0.01,14.53,0.798,3417.0,94287.0,4,16,,,,,,,,,,,,,,,,,,,,,,,,,,,,,,,,,,,,,,,,,,,,,,,,,,,,,,,,,,,,,
27,12,,,,,,,100,97,66,16,222.0,2730,10801,37,0,6.9,0.9;15.8;2.1;0.9;1.2;0.3;35.9;14.5;2.1;3.8;27.4;57.1;1.2;0.0;0.0;0.0;0.3;0.0;0.0;0.0;0.0;0.0;1.5;0.0,34.95,0.08,0.0,0.03,14.53,0.798,16210.0,16113.0,4,16,,,,,,,,,,,,,,,,,,,,,,,,,,,,,,,,,,,,,,,,,,,,,,,,,,,,,,,,,,,,,
27,13,,,,,,,97,94,68,17,221.7,2730,10801,37,0,6.7,0.6;10.7;2.9;2.3;0.9;0.0;42.4;18.8;3.2;2.3;17.1;58.6;0.3;0.0;0.0;0.0;0.0;0.0;0.0;0.0;0.0;0.6;0.0;0.0,34.98,0.08,0.0,0.03,14.53,0.798,4052.0,21777.0,4,16,,,,,,,,,,,,,,,,,,,,,,,,,,,,,,,,,,,,,,,,,,,,,,,,,,,,,,,,,,,,,
27,14,,,,,,,96,92,68,15,221.3,2730,10801,37,0,6.8,1.2;15.1;0.0;1.8;0.0;0.3;61.2;20.9;2.9;3.2;28.8;25.9;0.3;0.0;0.0;0.0;0.0;0.0;0.0;0.0;0.3;0.6;0.3;0.0,34.99,0.08,0.0,0.02,14.53,0.798,4248.0,18847.0,4,16,,,,,,,,,,,,,,,,,,,,,,,,,,,,,,,,,,,,,,,,,,,,,,,,,,,,,,,,,,,,,
27,15,,,,,,,97,92,67,16,221.1,2730,10801,37,0,6.4,0.3;9.7;0.6;0.3;1.2;0.0;40.9;22.2;2.0;1.8;16.1;55.3;0.0;0.9;0.0;0.0;0.0;0.0;0.0;0.0;0.0;0.6;0.6;0.0,34.99,0.08,0.0,0.04,14.53,0.798,3955.0,23828.0,4,16,,,,,,,,,,,,,,,,,,,,,,,,,,,,,,,,,,,,,,,,,,,,,,,,,,,,,,,,,,,,,
27,16,,,,,,,98,93,68,15,221.8,2730,10801,37,0,7.5,2.3;12.5;2.9;0.3;1.5;0.3;38.9;18.5;2.3;5.2;22.0;63.9;0.3;1.2;0.0;0.0;0.0;0.3;0.0;0.0;1.5;3.2;0.0;0.9,34.97,0.08,0.0,0.06,14.53,0.798,16113.0,86523.0,4,16,,,,,,,,,,,,,,,,,,,,,,,,,,,,,,,,,,,,,,,,,,,,,,,,,,,,,,,,,,,,,
27,17,,,,,,,100,100,67,18,220.3,2730,10801,37,0,6.6,0.6;12.8;1.2;1.2;0.9;0.3;47.1;26.3;3.5;2.6;24.2;34.7;1.1;0.6;0.0;0.3;0.0;0.0;0.0;0.0;0.9;1.2;0.0;0.0,34.97,0.08,0.0,0.02,14.53,0.798,16064.0,20068.0,4,16,,,,,,,,,,,,,,,,,,,,,,,,,,,,,,,,,,,,,,,,,,,,,,,,,,,,,,,,,,,,,
27,18,,,,,,,100,93,66,18,220.8,2730,10801,37,0,6.6,0.9;14.0;0.6;0.9;0.0;1.2;40.9;14.2;1.5;3.2;15.0;62.6;0.6;0.0;0.0;0.0;0.3;0.0;0.0;0.0;0.0;0.0;1.8;0.0,34.97,0.08,0.0,0.01,14.53,0.798,33837.0,54003.0,4,16,,,,,,,,,,,,,,,,,,,,,,,,,,,,,,,,,,,,,,,,,,,,,,,,,,,,,,,,,,,,,
27,19,,,,,,,97,91,68,17,222.4,2730,10801,37,0,7.0,0.6;15.6;1.8;1.2;1.8;0.9;34.7;10.3;2.1;2.9;76.2;13.6;2.1;1.2;0.3;0.0;0.3;0.0;0.0;0.0;0.9;0.0;0.6;0.0,34.97,0.08,0.0,0.04,14.53,0.798,21533.0,34082.0,4,16,,,,,,,,,,,,,,,,,,,,,,,,,,,,,,,,,,,,,,,,,,,,,,,,,,,,,,,,,,,,,
27,20,,,,,,,97,94,70,17,222.5,2730,10801,37,0,6.7,0.6;16.3;1.5;0.9;0.3;0.3;56.8;22.9;2.9;2.1;32.0;20.6;0.3;0.3;0.0;0.0;0.0;0.0;0.3;0.0;0.0;0.0;1.2;0.0,34.97,0.08,0.0,0.03,14.53,0.798,3662.0,14746.0,4,16,,,,,,,,,,,,,,,,,,,,,,,,,,,,,,,,,,,,,,,,,,,,,,,,,,,,,,,,,,,,,
27,21,,,,,,,100,94,67,17,222.8,2730,10801,37,0,6.5,0.3;14.5;1.4;0.6;1.2;0.3;23.3;56.2;2.3;2.3;15.6;36.2;0.3;0.9;0.3;0.0;0.0;0.0;0.0;0.0;0.3;0.0;0.0;0.0,34.95,0.08,0.01,0.05,14.53,0.798,3857.0,15673.0,4,16,,,,,,,,,,,,,,,,,,,,,,,,,,,,,,,,,,,,,,,,,,,,,,,,,,,,,,,,,,,,,
27,22,,,,,,,96,92,69,17,221.5,2730,10801,37,0,7.4,1.5;13.5;1.2;1.8;0.9;0.6;40.5;18.7;2.9;4.7;15.2;65.9;0.9;0.6;0.3;0.0;0.6;0.0;0.0;0.3;0.9;3.5;0.3;0.0,34.97,0.08,0.0,0.03,14.53,0.798,16259.0,11230.0,4,16,,,,,,,,,,,,,,,,,,,,,,,,,,,,,,,,,,,,,,,,,,,,,,,,,,,,,,,,,,,,,
27,23,,,,,,,98,95,67,17,221.0,2730,10801,37,0,7.0,1.2;12.2;1.8;2.1;1.8;0.0;51.9;31.5;1.8;2.9;19.5;38.9;0.3;0.0;0.0;0.0;0.0;0.0;0.0;0.0;0.6;1.2;0.0;0.0,34.97,0.08,0.0,0.02,14.53,0.798,142285.0,87304.0,4,16,,,,,,,,,,,,,,,,,,,,,,,,,,,,,,,,,,,,,,,,,,,,,,,,,,,,,,,,,,,,,
27,24,,,,,,,100,100,67,18,221.6,2730,10801,37,0,7.0,0.3;12.2;2.4;1.2;0.9;0.9;21.2;56.2;2.9;3.2;23.5;37.9;0.9;0.6;0.0;0.3;0.0;0.0;0.0;0.0;0.0;1.8;0.6;0.0,34.95,0.08,0.0,0.02,14.53,0.798,13378.0,23583.0,4,16,,,,,,,,,,,,,,,,,,,,,,,,,,,,,,,,,,,,,,,,,,,,,,,,,,,,,,,,,,,,,
27,25,,,,,,,98,94,67,17,219.8,2730,10801,37,0,7.0,1.4;14.1;1.7;1.7;0.9;0.0;30.6;20.9;2.0;1.7;25.1;65.0;0.3;0.3;0.0;0.0;0.0;0.0;0.0;0.0;0.3;0.3;0.0;0.3,34.97,0.08,0.0,0.07,14.53,0.798,9960.0,11865.0,4,16,,,,,,,,,,,,,,,,,,,,,,,,,,,,,,,,,,,,,,,,,,,,,,,,,,,,,,,,,,,,,
27,26,,,,,,,100,100,67,17,220.4,2730,10801,37,0,7.1,0.6;13.5;2.1;2.1;0.9;0.6;52.9;31.5;3.5;1.8;18.2;40.9;0.3;0.6;0.0;0.0;0.0;0.0;0.0;0.0;0.0;0.6;0.0;0.0,34.97,0.08,0.01,0.03,14.53,0.798,3564.0,24169.0,4,16,,,,,,,,,,,,,,,,,,,,,,,,,,,,,,,,,,,,,,,,,,,,,,,,,,,,,,,,,,,,,
27,27,,,,,,,100,92,66,18,219.6,2730,10801,37,0,8.5,0.0;27.9;1.8;1.5;1.5;1.2;38.6;49.3;5.3;3.8;26.5;39.9;0.9;0.3;0.0;0.0;0.0;0.0;0.0;0.0;0.0;0.9;0.0;0.0,34.98,0.08,0.0,0.02,14.53,0.798,3906.0,26074.0,4,16,,,,,,,,,,,,,,,,,,,,,,,,,,,,,,,,,,,,,,,,,,,,,,,,,,,,,,,,,,,,,
27,28,,,,,,,96,85,67,18,222.0,2730,10801,37,0,6.7,0.6;14.8;0.9;0.3;1.5;0.3;27.4;24.8;3.2;0.9;16.5;67.6;0.3;0.6;0.0;0.0;0.0;0.0;0.0;0.0;0.3;0.0;1.2;0.0,34.98,0.08,0.0,0.05,14.53,0.798,23291.0,51318.0,4,16,,,,,,,,,,,,,,,,,,,,,,,,,,,,,,,,,,,,,,,,,,,,,,,,,,,,,,,,,,,,,
27,29,,,,,,,99,100,67,17,221.3,2730,10801,37,0,6.5,1.4;11.7;1.7;1.2;0.9;0.3;18.0;44.3;3.5;1.2;27.7;41.7;0.6;0.3;0.0;0.0;0.3;0.3;0.0;0.0;0.3;0.3;0.6;0.3,34.97,0.08,0.0,0.02,14.53,0.798,21630.0,28369.0,4,16,,,,,,,,,,,,,,,,,,,,,,,,,,,,,,,,,,,,,,,,,,,,,,,,,,,,,,,,,,,,,
27,30,,,,,,,100,95,66,16,221.8,2730,10801,37,0,6.7,0.6;14.2;1.2;0.6;0.0;0.6;25.6;60.3;2.6;2.4;20.9;28.5;0.3;0.0;0.0;0.3;0.9;0.0;0.0;0.0;0.0;0.6;0.0;0.0,34.98,0.08,0.0,0.03,14.53,0.798,4101.0,23730.0,4,16,,,,,,,,,,,,,,,,,,,,,,,,,,,,,,,,,,,,,,,,,,,,,,,,,,,,,,,,,,,,,
27,31,,,,,,,96,92,68,16,220.9,2730,10801,37,0,6.4,0.3;12.2;0.6;0.9;0.3;0.0;19.7;42.4;2.4;1.5;15.6;56.3;0.3;0.0;0.0;0.0;0.0;0.0;0.0;0.0;0.0;0.3;0.0;0.0,34.98,0.08,0.0,0.04,14.53,0.798,6347.0,29785.0,4,16,,,,,,,,,,,,,,,,,,,,,,,,,,,,,,,,,,,,,,,,,,,,,,,,,,,,,,,,,,,,,
27,32,,,,,,,100,94,68,16,221.4,2730,10801,37,0,6.7,1.5;12.4;1.2;2.1;0.3;0.3;20.8;45.5;2.3;1.2;24.0;48.2;0.9;0.0;0.0;0.0;0.0;0.0;0.0;0.0;0.3;0.3;0.0;0.0,34.96,0.08,0.0,0.02,14.53,0.798,6787.0,19970.0,4,16,,,,,,,,,,,,,,,,,,,,,,,,,,,,,,,,,,,,,,,,,,,,,,,,,,,,,,,,,,,,,
27,33,,,,,,,96,92,67,16,220.6,2730,10801,37,0,6.6,0.6;16.8;0.9;1.2;0.9;0.6;44.2;33.8;3.2;2.3;25.7;25.4;0.3;0.6;0.3;0.0;0.6;0.0;0.0;0.3;0.0;0.0;0.6;0.0,34.95,0.08,0.0,0.01,14.53,0.798,3857.0,22412.0,4,16,,,,,,,,,,,,,,,,,,,,,,,,,,,,,,,,,,,,,,,,,,,,,,,,,,,,,,,,,,,,,
27,34,,,,,,,100,95,69,16,222.3,2730,10801,37,0,6.7,1.2;12.7;0.6;0.9;0.3;0.0;33.6;24.5;2.1;4.7;23.3;54.9;0.0;0.3;0.0;0.0;0.0;0.0;0.0;0.0;0.0;0.0;1.7;0.3,34.97,0.08,0.0,0.04,14.53,0.798,3955.0,24169.0,4,16,,,,,,,,,,,,,,,,,,,,,,,,,,,,,,,,,,,,,,,,,,,,,,,,,,,,,,,,,,,,,
27,35,,,,,,,100,96,67,16,221.4,2730,10801,37,0,6.8,1.5;14.5;1.2;0.0;0.9;0.3;45.0;25.5;3.2;2.3;22.5;42.8;1.2;0.0;0.0;0.0;0.0;0.0;0.0;0.0;0.3;0.0;1.5;0.3,34.96,0.08,0.0,0.03,14.53,0.798,4931.0,9814.0,4,16,,,,,,,,,,,,,,,,,,,,,,,,,,,,,,,,,,,,,,,,,,,,,,,,,,,,,,,,,,,,,
27,36,,,,,,,96,90,67,17,220.1,2730,10801,37,0,7.0,0.9;19.7;2.1;1.5;0.9;0.9;49.0;40.6;2.9;2.4;13.2;31.1;0.9;0.6;0.0;0.0;0.3;0.0;0.0;0.0;0.3;0.6;0.0;0.0,34.97,0.08,0.0,0.02,14.53,0.798,8642.0,261914.0,4,16,,,,,,,,,,,,,,,,,,,,,,,,,,,,,,,,,,,,,,,,,,,,,,,,,,,,,,,,,,,,,
27,37,,,,,,,100,96,67,17,222.2,2730,10801,37,0,6.9,0.6;15.6;2.0;3.2;0.0;0.9;17.4;47.4;2.6;4.1;18.0;50.6;0.3;0.3;0.0;0.0;0.0;0.3;0.0;0.0;0.6;0.6;1.2;0.6,34.96,0.08,0.0,0.04,14.53,0.798,23779.0,47949.0,4,16,,,,,,,,,,,,,,,,,,,,,,,,,,,,,,,,,,,,,,,,,,,,,,,,,,,,,,,,,,,,,
27,38,,,,,,,96,85,66,17,221.9,2730,10801,37,0,7.3,1.8;11.7;1.5;2.9;0.3;0.6;11.4;42.4;5.0;4.1;21.1;68.8;0.3;1.2;0.0;0.0;0.6;0.0;0.0;0.6;0.3;0.3;0.0;0.3,34.97,0.08,0.0,0.03,14.53,0.798,9863.0,10253.0,4,16,,,,,,,,,,,,,,,,,,,,,,,,,,,,,,,,,,,,,,,,,,,,,,,,,,,,,,,,,,,,,
27,39,,,,,,,100,100,67,16,221.9,2730,10801,37,0,7.2,0.3;13.2;1.2;2.0;0.6;0.3;68.8;20.8;3.2;5.3;17.6;37.5;0.9;0.0;0.0;0.0;0.0;0.0;0.0;0.0;0.3;0.0;0.0;0.3,34.97,0.08,0.0,0.03,14.53,0.798,6201.0,10400.0,4,16,,,,,,,,,,,,,,,,,,,,,,,,,,,,,,,,,,,,,,,,,,,,,,,,,,,,,,,,,,,,,
27,40,,,,,,,100,95,68,16,221.3,2730,10801,37,0,7.8,0.6;13.5;2.1;1.8;0.6;1.5;32.0;33.4;5.6;5.6;30.0;52.4;1.2;0.3;0.3;0.6;0.6;0.0;0.0;0.0;1.5;2.0;1.2;1.8,34.97,0.08,0.0,0.03,14.53,0.798,4052.0,14843.0,4,16,,,,,,,,,,,,,,,,,,,,,,,,,,,,,,,,,,,,,,,,,,,,,,,,,,,,,,,,,,,,,
27,41,,,,,,,97,94,66,17,222.2,2730,10801,37,0,7.4,0.9;16.5;2.3;2.6;1.7;0.0;20.3;38.8;3.5;5.5;23.2;60.0;0.6;0.9;0.0;0.0;0.0;0.0;0.0;0.0;0.9;0.9;0.0;0.0,34.97,0.08,0.0,0.04,14.53,0.798,4052.0,15869.0,4,16,,,,,,,,,,,,,,,,,,,,,,,,,,,,,,,,,,,,,,,,,,,,,,,,,,,,,,,,,,,,,
27,42,,,,,,,96,93,67,17,221.0,2730,10801,37,0,7.8,2.6;16.0;1.2;1.2;1.2;0.3;45.9;51.3;2.1;2.9;20.8;33.3;0.6;0.0;0.0;0.0;0.0;0.0;0.0;0.0;0.6;0.6;3.5;0.6,34.98,0.08,0.0,0.07,14.53,0.798,5859.0,9765.0,4,16,,,,,,,,,,,,,,,,,,,,,,,,,,,,,,,,,,,,,,,,,,,,,,,,,,,,,,,,,,,,,
27,43,,,,,,,100,95,69,17,221.2,2730,10801,37,0,7.1,0.3;12.6;1.8;0.3;0.0;0.3;54.5;21.3;4.4;2.9;36.3;31.8;0.9;0.3;0.0;0.0;0.0;0.0;0.0;0.0;0.0;1.2;0.0;0.0,34.97,0.08,0.0,0.01,14.53,0.798,3710.0,199755.0,4,16,,,,,,,,,,,,,,,,,,,,,,,,,,,,,,,,,,,,,,,,,,,,,,,,,,,,,,,,,,,,,
27,44,,,,,,,96,85,67,17,221.4,2730,10801,37,0,8.0,1.2;16.5;0.9;0.6;0.3;0.0;29.8;43.4;5.0;2.4;22.1;64.0;0.6;0.6;0.0;0.0;0.0;0.9;0.6;0.6;0.3;0.0;0.3;0.3,34.98,0.08,0.0,0.05,14.53,0.798,4101.0,26562.0,4,16,,,,,,,,,,,,,,,,,,,,,,,,,,,,,,,,,,,,,,,,,,,,,,,,,,,,,,,,,,,,,
27,45,,,,,,,100,100,67,17,220.9,2730,10801,37,0,6.5,1.2;28.2;0.9;0.3;0.0;0.6;37.2;24.3;2.0;1.7;36.0;15.4;0.6;1.1;0.0;0.3;0.0;0.0;0.0;0.0;0.0;0.0;1.7;0.6,34.98,0.08,0.0,0.02,14.53,0.798,9863.0,29492.0,4,16,,,,,,,,,,,,,,,,,,,,,,,,,,,,,,,,,,,,,,,,,,,,,,,,,,,,,,,,,,,,,
27,46,,,,,,,97,93,67,15,221.8,2730,10801,37,0,5.9,1.5;12.8;1.0;2.0;0.0;0.5;4.9;10.8;3.9;2.5;5.9;94.1;0.0;0.5;0.0;0.0;0.0;0.0;0.0;0.0;0.0;1.0;1.0;0.5,34.97,0.08,0.0,0.03,14.53,0.798,146.0,1513.0,4,16,,,,,,,,,,,,,,,,,,,,,,,,,,,,,,,,,,,,,,,,,,,,,,,,,,,,,,,,,,,,,
27,summary,0.3934033825116344,0.9868194128817358,0.3999377242053392,0.986063578308577,0.00095695,251.7,,,,,,,,,,,,,,,,,,,,,,58,97.26,100,55,92.8,100,65,67.26,70,15,16.93,24,188.7,220.67,222.8,2730.0,10801.0,37.0,0,5.9,7.95,50.7,34.95,34.99,35.14,63.16,0.08,0.08,0.08,16.0,0.0,0.0,0.01,0.01,0.67,8.16,10.841,13.732,14.53,14.53,14.53,15.992,0.798,0.8,0.798,146.0,15426.02,142285.0,1513.0,36223.63,261914.0,4,4.0,4,16,16.0,16,4,16,192.21,45.88
28,1,,,,,,,7,1,60,20,172.2,2745,10801,37,0,50.3,61.5;68.1;85.4;84.2;82.6;86.0;97.7;97.3;90.1;93.7;98.4;98.4;52.6;51.8;2.5;2.7;15.5;11.6;1.3;1.5;6.7;5.8;6.0;5.7,35.14,0.08,0.0,0.02,14.53,0.798,13427.0,139599.0,4,16,,,,,,,,,,,,,,,,,,,,,,,,,,,,,,,,,,,,,,,,,,,,,,,,,,,,,,,,,,,,,
28,2,,,,,,,100,99,67,18,221.4,2730,10801,37,0,6.7,0.3;11.4;0.3;1.5;0.9;0.6;41.2;38.8;3.5;3.2;17.1;39.3;0.3;0.6;0.0;0.0;0.0;0.3;0.0;0.0;0.0;0.0;0.0;0.0,35.09,0.08,0.0,6.56,14.53,0.798,105224.0,10400.0,4,16,,,,,,,,,,,,,,,,,,,,,,,,,,,,,,,,,,,,,,,,,,,,,,,,,,,,,,,,,,,,,
28,3,,,,,,,100,93,67,16,221.6,2730,10801,37,0,6.7,1.5;12.4;1.5;1.2;0.6;0.6;51.6;16.7;1.5;4.1;15.8;50.6;0.3;0.6;0.0;0.0;0.0;0.3;0.0;0.3;0.0;0.6;0.3;0.0,35.06,0.08,0.0,3.71,14.53,0.798,3808.0,14453.0,4,16,,,,,,,,,,,,,,,,,,,,,,,,,,,,,,,,,,,,,,,,,,,,,,,,,,,,,,,,,,,,,
28,4,,,,,,,96,92,66,18,221.0,2730,10801,36,0,6.6,0.3;15.7;1.4;0.6;0.0;0.6;28.6;22.3;3.8;1.7;62.0;18.4;0.3;0.9;0.3;0.0;0.0;0.0;0.0;0.0;0.0;0.0;0.6;0.0,35.05,0.08,0.0,3.9,14.53,0.798,3759.0,15771.0,4,16,,,,,,,,,,,,,,,,,,,,,,,,,,,,,,,,,,,,,,,,,,,,,,,,,,,,,,,,,,,,,
28,5,,,,,,,97,92,67,18,220.4,2730,10801,36,0,7.1,2.1;13.0;2.4;1.8;1.2;1.8;60.4;10.9;3.2;5.0;42.4;23.7;0.6;0.0;0.0;0.0;0.0;0.0;0.0;0.0;0.6;0.3;0.3;0.0,35.02,0.08,0.0,3.22,14.53,0.798,9814.0,27734.0,4,16,,,,,,,,,,,,,,,,,,,,,,,,,,,,,,,,,,,,,,,,,,,,,,,,,,,,,,,,,,,,,
28,6,,,,,,,100,95,67,17,221.8,2730,10801,37,0,7.6,1.5;15.1;2.1;1.8;1.5;1.2;49.4;23.9;4.1;6.8;36.0;34.9;0.9;0.6;0.0;0.0;0.6;0.0;0.0;0.0;0.0;0.6;0.0;0.0,35.05,0.08,0.2,2.87,14.53,0.798,4101.0,23144.0,4,16,,,,,,,,,,,,,,,,,,,,,,,,,,,,,,,,,,,,,,,,,,,,,,,,,,,,,,,,,,,,,
28,7,,,,,,,100,96,67,18,221.4,2730,10801,37,0,8.0,1.2;13.7;2.1;2.1;0.9;0.9;24.1;34.4;4.1;9.4;57.1;37.1;0.6;0.6;0.0;0.0;0.0;0.3;0.0;0.0;0.3;0.0;1.8;0.9,35.05,0.08,0.0,2.38,14.53,0.798,12939.0,10400.0,4,16,,,,,,,,,,,,,,,,,,,,,,,,,,,,,,,,,,,,,,,,,,,,,,,,,,,,,,,,,,,,,
28,8,,,,,,,100,100,67,17,220.1,2730,10801,37,0,7.0,0.9;12.8;1.2;0.9;0.3;0.3;57.6;19.4;3.5;2.0;39.0;23.6;0.3;1.2;0.3;0.0;0.3;0.3;0.0;0.3;0.6;2.6;0.6;0.0,35.03,0.08,0.0,1.57,14.53,0.798,16894.0,10546.0,4,16,,,,,,,,,,,,,,,,,,,,,,,,,,,,,,,,,,,,,,,,,,,,,,,,,,,,,,,,,,,,,
28,9,,,,,,,100,95,67,18,222.3,2730,10801,37,0,7.2,1.5;13.0;0.6;2.1;0.0;0.3;52.6;23.5;5.3;2.4;43.4;27.4;0.6;0.3;0.0;0.0;0.3;0.0;0.3;0.0;0.0;0.0;0.0;0.0,35.03,0.08,0.0,1.52,14.53,0.798,33642.0,61181.0,4,16,,,,,,,,,,,,,,,,,,,,,,,,,,,,,,,,,,,,,,,,,,,,,,,,,,,,,,,,,,,,,
28,10,,,,,,,98,89,67,16,223.0,2730,10801,37,0,7.2,1.2;11.9;1.5;1.5;0.6;0.9;34.7;27.4;3.8;3.8;44.7;37.2;0.6;0.3;0.0;0.0;0.0;0.0;0.0;0.0;0.9;0.0;0.3;0.0,35.01,0.08,0.0,4.49,14.53,0.798,6933.0,10400.0,4,16,,,,,,,,,,,,,,,,,,,,,,,,,,,,,,,,,,,,,,,,,,,,,,,,,,,,,,,,,,,,,
28,11,,,,,,,98,94,66,16,221.1,2730,10801,37,0,7.2,1.2;11.7;2.1;0.9;0.6;0.9;45.3;17.4;5.0;3.8;24.8;54.7;0.6;0.9;0.0;0.0;0.0;0.0;0.3;0.0;0.0;0.0;1.5;0.0,34.99,0.08,0.0,0.17,14.53,0.798,7324.0,11865.0,4,16,,,,,,,,,,,,,,,,,,,,,,,,,,,,,,,,,,,,,,,,,,,,,,,,,,,,,,,,,,,,,
28,12,,,,,,,98,90,67,17,222.0,2730,10801,36,0,7.9,3.2;14.0;3.2;3.2;1.1;0.6;58.3;24.5;4.6;3.8;43.2;23.4;0.0;0.6;0.3;0.3;0.0;0.0;0.0;0.0;0.6;1.2;1.1;1.4,34.99,0.08,0.0,0.04,14.53,0.798,9912.0,14160.0,4,16,,,,,,,,,,,,,,,,,,,,,,,,,,,,,,,,,,,,,,,,,,,,,,,,,,,,,,,,,,,,,
28,13,,,,,,,96,87,68,17,222.3,2730,10801,37,0,7.6,1.8;13.2;2.4;0.6;0.6;0.3;32.1;31.0;3.5;5.0;68.6;17.3;0.9;0.6;0.3;0.3;0.6;0.0;0.0;0.0;0.9;0.3;0.6;0.6,35.0,0.08,0.0,0.01,14.53,0.798,3955.0,23388.0,4,16,,,,,,,,,,,,,,,,,,,,,,,,,,,,,,,,,,,,,,,,,,,,,,,,,,,,,,,,,,,,,
28,14,,,,,,,100,99,68,18,221.9,2730,10801,37,0,7.8,0.6;14.8;1.5;3.5;0.9;0.3;45.2;31.0;2.4;3.2;25.6;54.7;1.2;0.3;0.0;0.0;0.3;0.0;0.0;0.0;0.0;0.0;0.6;0.3,34.99,0.08,0.0,0.03,14.53,0.798,8398.0,11181.0,4,16,,,,,,,,,,,,,,,,,,,,,,,,,,,,,,,,,,,,,,,,,,,,,,,,,,,,,,,,,,,,,
28,15,,,,,,,100,93,66,18,221.3,2730,10801,37,0,8.0,0.9;28.0;0.6;1.2;0.9;0.0;70.5;20.3;2.6;2.6;21.1;35.6;0.6;0.6;0.0;0.0;0.0;0.0;0.0;0.0;0.3;0.6;1.2;0.0,34.99,0.08,0.0,0.06,14.53,0.798,24414.0,257666.0,4,16,,,,,,,,,,,,,,,,,,,,,,,,,,,,,,,,,,,,,,,,,,,,,,,,,,,,,,,,,,,,,
28,16,,,,,,,97,91,68,17,220.8,2730,10801,37,0,6.7,0.6;16.0;0.6;0.6;0.3;0.0;23.2;24.3;1.2;3.5;19.7;63.8;0.9;0.9;0.0;0.0;0.3;0.0;0.0;0.0;1.2;1.7;1.2;0.0,35.0,0.08,0.0,0.05,14.53,0.798,6933.0,10400.0,4,16,,,,,,,,,,,,,,,,,,,,,,,,,,,,,,,,,,,,,,,,,,,,,,,,,,,,,,,,,,,,,
28,17,,,,,,,100,93,66,17,220.0,2730,10801,37,0,6.6,0.3;11.4;0.9;0.9;0.3;1.5;36.0;21.7;4.1;2.1;36.0;41.0;0.6;0.6;0.0;0.0;0.3;0.0;0.0;0.0;0.3;0.0;0.0;0.0,35.0,0.08,0.0,0.05,14.53,0.798,6982.0,10449.0,4,16,,,,,,,,,,,,,,,,,,,,,,,,,,,,,,,,,,,,,,,,,,,,,,,,,,,,,,,,,,,,,
28,18,,,,,,,100,93,66,17,220.4,2730,10801,37,0,6.6,0.9;11.4;0.6;0.9;0.3;0.9;61.6;17.0;1.8;1.5;37.1;22.6;0.9;0.3;0.0;0.0;0.3;0.3;0.0;0.0;0.0;0.6;0.0;0.0,34.99,0.08,0.0,0.11,14.53,0.798,35351.0,52392.0,4,16,,,,,,,,,,,,,,,,,,,,,,,,,,,,,,,,,,,,,,,,,,,,,,,,,,,,,,,,,,,,,
28,19,,,,,,,99,95,67,18,220.9,2730,10801,37,0,6.7,0.6;11.5;2.1;1.2;0.6;0.6;29.8;28.0;2.7;2.9;21.2;54.0;0.6;0.9;0.0;0.0;0.6;0.0;0.0;0.0;0.6;2.0;0.6;0.6,35.0,0.08,0.0,0.04,14.53,0.798,21533.0,33544.0,4,16,,,,,,,,,,,,,,,,,,,,,,,,,,,,,,,,,,,,,,,,,,,,,,,,,,,,,,,,,,,,,
28,20,,,,,,,100,93,66,17,212.5,2730,10801,37,0,5.9,0.3;9.1;0.3;0.3;0.3;0.0;32.5;23.8;1.4;1.7;31.0;40.0;0.0;0.0;0.0;0.0;0.0;0.0;0.0;0.0;0.0;1.2;0.0;0.0,35.0,0.08,0.0,0.02,14.53,0.798,6884.0,10546.0,4,16,,,,,,,,,,,,,,,,,,,,,,,,,,,,,,,,,,,,,,,,,,,,,,,,,,,,,,,,,,,,,
28,21,,,,,,,100,95,67,16,221.9,2730,10801,36,0,6.8,1.8;11.1;1.2;1.2;1.2;1.2;71.0;12.3;4.7;3.2;29.8;22.0;0.0;0.3;0.0;0.0;0.0;0.3;0.0;0.3;0.9;0.9;0.0;0.3,34.98,0.08,0.0,0.03,14.53,0.798,3759.0,22509.0,4,16,,,,,,,,,,,,,,,,,,,,,,,,,,,,,,,,,,,,,,,,,,,,,,,,,,,,,,,,,,,,,
28,22,,,,,,,98,93,67,17,222.9,2730,10801,37,0,6.9,1.2;13.5;3.5;3.2;1.2;0.6;37.6;30.0;2.1;2.4;14.4;51.8;0.9;1.2;0.0;0.0;0.0;0.3;0.3;0.0;0.3;0.3;1.2;0.3,34.99,0.08,0.0,0.01,14.53,0.798,3808.0,18701.0,4,16,,,,,,,,,,,,,,,,,,,,,,,,,,,,,,,,,,,,,,,,,,,,,,,,,,,,,,,,,,,,,
28,23,,,,,,,98,93,67,17,221.1,2730,10801,37,0,6.6,0.0;14.5;1.2;0.3;0.9;1.2;36.3;16.8;2.4;2.9;20.9;60.5;0.0;0.3;0.3;0.0;0.0;0.0;0.0;0.0;0.3;0.0;0.0;0.0,34.98,0.08,0.0,0.05,14.53,0.798,4345.0,19238.0,4,16,,,,,,,,,,,,,,,,,,,,,,,,,,,,,,,,,,,,,,,,,,,,,,,,,,,,,,,,,,,,,
28,24,,,,,,,98,91,68,16,222.7,2730,10801,37,0,6.5,0.3;11.9;0.9;0.6;0.3;0.3;53.7;18.7;1.7;2.0;35.9;25.0;0.3;1.4;0.0;0.0;0.0;0.0;0.0;0.0;0.0;0.6;1.7;0.3,34.98,0.08,0.0,0.02,14.53,0.798,3320.0,205224.0,4,16,,,,,,,,,,,,,,,,,,,,,,,,,,,,,,,,,,,,,,,,,,,,,,,,,,,,,,,,,,,,,
28,25,,,,,,,97,94,68,16,221.3,2730,10801,37,0,6.8,0.9;15.3;0.3;1.8;0.6;0.3;46.9;25.3;3.2;1.5;29.2;36.5;0.6;0.3;0.0;0.0;0.0;0.0;0.0;0.0;0.3;0.0;0.3;0.0,34.98,0.08,0.0,0.02,14.53,0.798,168017.0,39160.0,4,16,,,,,,,,,,,,,,,,,,,,,,,,,,,,,,,,,,,,,,,,,,,,,,,,,,,,,,,,,,,,,
28,26,,,,,,,100,93,66,15,220.3,2730,10801,37,0,6.6,0.0;16.0;1.2;0.6;0.9;0.3;26.5;17.1;1.8;2.1;63.7;27.1;0.6;0.3;0.0;0.0;0.0;0.0;0.0;0.0;0.0;0.0;0.0;0.0,34.98,0.08,0.0,0.03,14.53,0.798,16210.0,11230.0,4,16,,,,,,,,,,,,,,,,,,,,,,,,,,,,,,,,,,,,,,,,,,,,,,,,,,,,,,,,,,,,,
28,27,,,,,,,100,93,67,16,220.4,2730,10801,37,0,6.8,1.2;11.9;2.1;0.3;0.3;0.9;68.2;13.0;3.5;4.4;15.3;39.5;0.3;0.3;0.0;0.0;0.0;0.0;0.3;0.0;0.0;0.0;0.3;0.0,34.99,0.08,0.0,0.03,14.53,0.798,3808.0,20410.0,4,16,,,,,,,,,,,,,,,,,,,,,,,,,,,,,,,,,,,,,,,,,,,,,,,,,,,,,,,,,,,,,
28,28,,,,,,,96,94,68,17,221.3,2730,10801,37,0,6.6,1.2;14.6;1.2;1.2;1.2;0.0;42.0;26.7;2.0;3.8;41.3;21.7;0.6;0.3;0.0;0.0;0.0;0.0;0.0;0.0;0.3;0.3;0.3;0.0,34.99,0.08,0.0,0.02,14.53,0.798,33691.0,70214.0,4,16,,,,,,,,,,,,,,,,,,,,,,,,,,,,,,,,,,,,,,,,,,,,,,,,,,,,,,,,,,,,,
28,29,,,,,,,100,94,66,17,221.9,2730,10801,37,0,7.3,3.2;13.2;1.8;1.2;0.6;0.6;27.5;23.8;3.2;2.6;32.6;58.4;0.6;0.6;0.0;0.6;0.6;0.0;0.0;0.0;0.3;0.0;1.8;0.3,34.99,0.08,0.0,0.03,14.53,0.798,8349.0,11083.0,4,16,,,,,,,,,,,,,,,,,,,,,,,,,,,,,,,,,,,,,,,,,,,,,,,,,,,,,,,,,,,,,
28,30,,,,,,,100,93,68,16,221.1,2730,10801,37,0,7.0,1.5;13.3;2.4;2.4;0.9;0.0;43.2;40.0;5.6;2.6;20.5;32.8;0.3;0.6;0.3;0.0;0.0;0.0;0.0;0.0;0.0;0.0;1.2;0.3,34.99,0.08,0.0,0.05,14.53,0.798,13330.0,11132.0,4,16,,,,,,,,,,,,,,,,,,,,,,,,,,,,,,,,,,,,,,,,,,,,,,,,,,,,,,,,,,,,,
28,31,,,,,,,100,96,68,15,223.3,2730,10801,37,0,7.2,0.3;13.0;1.2;0.3;1.5;0.3;55.4;26.8;4.7;3.2;22.2;38.1;0.9;0.3;0.0;0.0;0.0;0.0;0.0;0.0;0.0;0.9;1.5;0.0,34.99,0.08,0.0,0.01,14.53,0.798,5859.0,10546.0,4,16,,,,,,,,,,,,,,,,,,,,,,,,,,,,,,,,,,,,,,,,,,,,,,,,,,,,,,,,,,,,,
28,32,,,,,,,100,95,67,17,212.8,2730,10801,37,0,8.4,0.6;27.5;1.4;0.9;0.3;0.6;32.1;36.7;3.8;4.9;33.7;52.0;0.3;0.3;0.0;0.0;0.0;0.3;0.0;0.3;0.6;0.9;0.9;0.0,34.99,0.08,0.0,0.02,14.53,0.798,9716.0,15136.0,4,16,,,,,,,,,,,,,,,,,,,,,,,,,,,,,,,,,,,,,,,,,,,,,,,,,,,,,,,,,,,,,
28,33,,,,,,,100,96,68,17,221.6,2730,10801,37,0,6.8,0.3;18.5;0.3;0.3;1.2;0.3;47.9;25.0;2.1;2.9;18.0;42.8;0.0;0.6;0.0;0.0;0.3;0.3;0.0;0.0;0.0;0.0;1.8;0.0,34.98,0.08,0.0,0.03,14.53,0.798,14111.0,10498.0,4,16,,,,,,,,,,,,,,,,,,,,,,,,,,,,,,,,,,,,,,,,,,,,,,,,,,,,,,,,,,,,,
28,34,,,,,,,100,100,68,17,222.2,2730,10801,37,0,7.1,1.2;14.5;2.0;0.9;0.3;0.6;71.5;15.0;3.8;2.6;22.6;31.8;0.3;0.3;0.0;0.0;0.0;0.9;0.0;0.0;0.0;0.0;0.6;0.0,34.98,0.08,0.01,0.02,14.53,0.798,3808.0,27783.0,4,16,,,,,,,,,,,,,,,,,,,,,,,,,,,,,,,,,,,,,,,,,,,,,,,,,,,,,,,,,,,,,
28,35,,,,,,,96,86,67,17,221.3,2730,10801,37,0,7.3,1.5;10.9;2.6;2.1;1.8;0.3;36.2;18.2;6.7;2.9;26.6;59.2;0.3;0.6;0.0;0.0;0.9;0.0;0.0;0.0;1.2;0.9;0.6;0.6,34.99,0.08,0.0,0.03,14.53,0.798,4101.0,24072.0,4,16,,,,,,,,,,,,,,,,,,,,,,,,,,,,,,,,,,,,,,,,,,,,,,,,,,,,,,,,,,,,,
28,36,,,,,,,100,100,67,18,220.3,2730,10801,37,0,7.4,1.2;13.8;2.0;2.6;0.9;0.9;58.4;18.6;5.2;4.0;22.3;38.5;0.3;0.9;0.3;0.0;0.0;0.6;0.3;0.0;1.7;1.4;1.4;0.0,34.98,0.08,0.0,0.07,14.53,0.798,4199.0,25927.0,4,16,,,,,,,,,,,,,,,,,,,,,,,,,,,,,,,,,,,,,,,,,,,,,,,,,,,,,,,,,,,,,
28,37,,,,,,,100,99,68,17,221.4,2730,10801,37,0,7.2,2.3;13.5;1.8;1.5;0.9;0.9;51.3;30.8;2.9;3.8;22.8;35.5;0.6;0.6;0.0;0.0;0.0;0.3;0.0;0.0;0.9;0.0;2.1;0.0,34.99,0.08,0.0,0.02,14.53,0.798,15234.0,43750.0,4,16,,,,,,,,,,,,,,,,,,,,,,,,,,,,,,,,,,,,,,,,,,,,,,,,,,,,,,,,,,,,,
28,38,,,,,,,97,87,68,17,222.7,2730,10801,37,0,7.0,1.2;15.1;0.6;0.6;0.6;0.3;33.6;26.2;2.4;2.4;15.3;64.5;0.3;0.3;0.3;0.3;0.0;0.0;0.3;0.0;0.9;0.9;0.9;0.0,34.99,0.08,0.0,0.03,14.53,0.798,10058.0,27148.0,4,16,,,,,,,,,,,,,,,,,,,,,,,,,,,,,,,,,,,,,,,,,,,,,,,,,,,,,,,,,,,,,
28,39,,,,,,,96,89,67,16,222.4,2730,10801,37,0,6.6,1.2;14.5;1.5;0.3;0.0;0.3;48.5;17.9;1.5;3.2;12.6;53.5;0.9;0.6;0.0;0.0;0.0;0.0;0.0;0.0;0.6;0.0;0.0;0.0,34.99,0.08,0.0,0.03,14.53,0.798,4101.0,22851.0,4,16,,,,,,,,,,,,,,,,,,,,,,,,,,,,,,,,,,,,,,,,,,,,,,,,,,,,,,,,,,,,,
28,40,,,,,,,100,97,68,18,221.9,2730,10801,37,0,6.6,1.2;15.2;1.4;1.2;0.3;0.9;37.8;44.5;1.7;2.6;22.8;25.6;0.9;0.6;0.9;0.0;0.0;0.0;0.0;0.0;0.0;0.0;0.3;0.0,34.98,0.08,0.0,0.02,14.53,0.798,5908.0,37207.0,4,16,,,,,,,,,,,,,,,,,,,,,,,,,,,,,,,,,,,,,,,,,,,,,,,,,,,,,,,,,,,,,
28,41,,,,,,,96,94,67,18,222.3,2730,10801,37,0,6.9,0.6;19.5;1.8;1.2;0.9;0.6;23.9;34.5;1.8;2.4;15.6;60.8;0.6;0.3;0.0;0.0;0.0;0.0;0.0;0.0;0.0;0.0;0.3;0.0,34.99,0.08,0.0,0.04,14.53,0.798,13671.0,10449.0,4,16,,,,,,,,,,,,,,,,,,,,,,,,,,,,,,,,,,,,,,,,,,,,,,,,,,,,,,,,,,,,,
28,42,,,,,,,96,92,67,15,222.2,2730,10801,37,0,6.7,1.5;11.4;1.5;1.8;1.8;0.9;43.1;17.6;3.8;2.3;27.6;46.5;0.6;0.3;0.0;0.0;0.0;0.0;0.0;0.0;0.3;0.0;0.0;0.0,34.97,0.08,0.0,0.04,14.53,0.798,120263.0,15332.0,4,16,,,,,,,,,,,,,,,,,,,,,,,,,,,,,,,,,,,,,,,,,,,,,,,,,,,,,,,,,,,,,
28,43,,,,,,,97,92,67,17,220.9,2730,10801,37,0,7.0,1.2;12.2;2.1;0.6;1.5;0.9;45.0;40.3;3.2;5.6;26.1;27.9;0.6;0.9;0.0;0.0;0.0;0.0;0.0;0.0;0.3;0.0;0.0;0.0,34.98,0.08,0.0,0.01,14.53,0.798,4101.0,15625.0,4,16,,,,,,,,,,,,,,,,,,,,,,,,,,,,,,,,,,,,,,,,,,,,,,,,,,,,,,,,,,,,,
28,44,,,,,,,96,92,67,16,219.8,2730,10801,37,0,6.6,0.9;12.8;1.2;2.0;0.6;0.6;31.6;26.7;3.2;3.2;19.1;53.3;0.9;0.6;0.0;0.0;0.0;0.0;0.0;0.0;0.0;0.6;1.4;0.0,34.98,0.08,0.0,0.06,14.53,0.798,5126.0,28320.0,4,16,,,,,,,,,,,,,,,,,,,,,,,,,,,,,,,,,,,,,,,,,,,,,,,,,,,,,,,,,,,,,
28,45,,,,,,,97,92,67,17,220.4,2730,10801,37,0,5.8,0.0;11.7;0.6;1.2;0.9;0.6;24.2;23.2;2.4;1.8;22.1;48.7;0.3;0.0;0.0;0.0;0.0;0.0;0.0;0.0;0.3;0.0;0.3;0.0,34.97,0.08,0.0,0.04,14.53,0.798,6787.0,27685.0,4,16,,,,,,,,,,,,,,,,,,,,,,,,,,,,,,,,,,,,,,,,,,,,,,,,,,,,,,,,,,,,,
28,46,,,,,,,97,93,68,15,222.5,2730,10801,37,0,5.6,0.0;12.4;1.0;0.5;0.5;0.5;2.4;26.8;1.5;2.0;72.7;9.8;0.5;0.5;0.0;0.0;0.0;0.0;0.0;0.0;0.5;0.0;1.5;0.0,34.97,0.08,0.0,0.02,14.53,0.798,146.0,1855.0,4,16,,,,,,,,,,,,,,,,,,,,,,,,,,,,,,,,,,,,,,,,,,,,,,,,,,,,,,,,,,,,,
28,summary,0.3938301215057366,0.986912803909971,0.39681606141857123,0.9865575274318173,0.00095370,251.6,,,,,,,,,,,,,,,,,,,,,,7,96.54,100,1,91.59,100,60,66.98,68,15,16.91,20,172.2,220.03,223.3,2730.3,10801.0,36.9,0,5.6,7.9,50.3,34.97,35.0,35.14,63.16,0.08,0.08,0.08,16.0,0.0,0.0,0.2,0.01,0.69,6.56,10.841,13.732,14.53,14.53,14.53,15.992,0.798,0.8,0.798,146.0,18001.15,168017.0,1855.0,33310.96,257666.0,4,4.0,4,16,16.0,16,4,16,191.99,45.94
29,1,,,,,,,69,67,64,25,189.3,2730,10801,37,0,50.3,65.0;66.2;88.7;89.1;88.3;87.6;97.9;97.8;91.3;93.0;97.7;97.6;53.3;52.6;2.1;2.5;10.2;8.0;0.3;0.9;4.7;4.9;3.0;3.1,35.14,0.08,0.0,0.01,14.53,0.798,20214.0,137939.0,4,16,,,,,,,,,,,,,,,,,,,,,,,,,,,,,,,,,,,,,,,,,,,,,,,,,,,,,,,,,,,,,
29,2,,,,,,,100,100,67,18,221.2,2730,10801,37,0,7.9,0.0;15.1;1.8;1.5;0.9;0.3;34.2;46.3;1.5;6.5;18.4;62.9;0.0;0.3;0.0;0.0;0.0;0.0;0.0;0.0;0.3;0.3;0.0;0.0,35.1,0.08,0.0,6.51,14.53,0.798,3906.0,28369.0,4,16,,,,,,,,,,,,,,,,,,,,,,,,,,,,,,,,,,,,,,,,,,,,,,,,,,,,,,,,,,,,,
29,3,,,,,,,100,93,69,17,221.1,2730,10801,37,0,7.4,0.0;26.0;2.0;1.8;0.9;0.9;59.1;32.7;2.6;1.5;24.0;20.8;0.3;0.3;0.0;0.0;0.3;0.0;0.0;0.0;0.3;1.2;0.3;0.0,35.08,0.08,0.0,4.74,14.53,0.798,11572.0,11132.0,4,16,,,,,,,,,,,,,,,,,,,,,,,,,,,,,,,,,,,,,,,,,,,,,,,,,,,,,,,,,,,,,
29,4,,,,,,,96,91,67,16,220.8,2730,10801,37,0,7.5,1.4;16.0;2.3;2.3;0.9;0.9;23.7;43.4;3.8;5.5;20.5;54.5;0.9;0.3;0.3;0.0;0.0;0.3;0.0;0.0;0.3;1.1;0.0;0.0,35.09,0.08,0.04,3.77,14.53,0.798,5322.0,14941.0,4,16,,,,,,,,,,,,,,,,,,,,,,,,,,,,,,,,,,,,,,,,,,,,,,,,,,,,,,,,,,,,,
29,5,,,,,,,100,95,67,16,221.8,2730,10801,37,0,6.9,1.2;14.0;2.1;1.2;0.3;0.3;19.3;39.3;3.2;3.2;15.8;61.4;0.3;0.9;0.0;0.0;0.0;0.0;0.3;0.0;0.0;0.0;2.3;0.0,35.05,0.08,0.0,2.33,14.53,0.798,4003.0,16308.0,4,16,,,,,,,,,,,,,,,,,,,,,,,,,,,,,,,,,,,,,,,,,,,,,,,,,,,,,,,,,,,,,
29,6,,,,,,,98,91,67,16,222.7,2730,10801,37,0,6.9,0.3;13.5;0.9;1.5;0.3;0.3;17.1;70.2;4.4;1.2;16.8;37.6;0.9;0.0;0.0;0.0;0.3;0.0;0.0;0.0;0.0;0.0;0.0;0.0,35.08,0.08,0.0,2.69,14.53,0.798,3906.0,14599.0,4,16,,,,,,,,,,,,,,,,,,,,,,,,,,,,,,,,,,,,,,,,,,,,,,,,,,,,,,,,,,,,,
29,7,,,,,,,98,96,67,17,219.7,2730,10801,37,0,6.9,0.6;11.2;0.6;0.9;1.2;0.6;26.0;50.7;2.9;3.8;29.2;35.6;0.9;0.0;0.0;0.0;0.0;0.0;0.3;0.0;0.0;0.6;0.6;0.0,35.06,0.08,0.0,2.42,14.53,0.798,4150.0,18896.0,4,16,,,,,,,,,,,,,,,,,,,,,,,,,,,,,,,,,,,,,,,,,,,,,,,,,,,,,,,,,,,,,
29,8,,,,,,,100,94,67,17,220.6,2730,10801,37,0,7.3,2.3;17.2;1.4;2.3;1.4;0.9;24.6;31.4;1.4;2.3;17.6;66.0;1.2;0.9;0.3;0.3;0.6;0.3;0.3;0.3;0.3;0.9;0.6;0.3,35.03,0.08,0.06,1.51,14.53,0.798,4199.0,27929.0,4,16,,,,,,,,,,,,,,,,,,,,,,,,,,,,,,,,,,,,,,,,,,,,,,,,,,,,,,,,,,,,,
29,9,,,,,,,97,84,66,17,221.6,2730,10801,37,0,6.9,0.9;17.7;0.9;0.3;0.0;1.2;15.9;63.1;1.8;3.8;26.8;30.1;0.6;0.6;0.3;0.0;0.0;0.0;0.0;0.0;0.3;0.6;0.9;0.3,35.05,0.08,0.0,1.54,14.53,0.798,25292.0,55908.0,4,16,,,,,,,,,,,,,,,,,,,,,,,,,,,,,,,,,,,,,,,,,,,,,,,,,,,,,,,,,,,,,
29,10,,,,,,,98,94,66,16,220.8,2730,10801,37,0,6.9,0.0;19.1;1.2;1.5;0.6;0.6;12.6;58.5;2.6;2.9;17.3;44.4;0.3;0.3;0.6;0.0;0.0;0.0;0.0;0.0;0.0;0.0;1.2;0.3,35.02,0.08,0.0,4.51,14.53,0.798,13037.0,9863.0,4,16,,,,,,,,,,,,,,,,,,,,,,,,,,,,,,,,,,,,,,,,,,,,,,,,,,,,,,,,,,,,,
29,11,,,,,,,100,100,67,17,221.3,2730,10801,37,0,7.3,1.2;16.8;0.9;2.1;0.9;1.5;33.5;19.1;5.9;1.5;30.7;59.0;0.6;0.3;0.0;0.0;0.3;0.3;0.0;0.0;0.0;0.0;0.3;0.0,35.0,0.08,0.02,0.24,14.53,0.798,13623.0,12255.0,4,16,,,,,,,,,,,,,,,,,,,,,,,,,,,,,,,,,,,,,,,,,,,,,,,,,,,,,,,,,,,,,
29,12,,,,,,,96,89,67,17,221.8,2730,10801,37,0,6.8,0.0;17.0;1.2;0.6;0.6;0.0;67.6;8.1;3.5;2.0;19.7;38.3;0.3;0.6;0.0;0.0;0.0;0.0;0.0;0.0;0.3;1.1;0.0;0.0,35.01,0.08,0.0,0.05,14.53,0.798,16845.0,10400.0,4,16,,,,,,,,,,,,,,,,,,,,,,,,,,,,,,,,,,,,,,,,,,,,,,,,,,,,,,,,,,,,,
29,13,,,,,,,100,100,67,17,221.7,2730,10801,37,0,7.1,0.6;12.1;2.6;1.8;0.9;0.9;43.3;38.3;4.7;3.8;25.3;35.7;0.0;0.6;0.3;0.3;0.0;0.0;0.3;0.0;0.0;0.3;0.0;0.0,35.02,0.08,0.0,0.05,14.53,0.798,12646.0,200488.0,4,16,,,,,,,,,,,,,,,,,,,,,,,,,,,,,,,,,,,,,,,,,,,,,,,,,,,,,,,,,,,,,
29,14,,,,,,,100,95,67,17,221.4,2730,10801,37,0,7.6,1.8;13.5;2.7;2.1;0.6;1.8;38.1;18.6;4.7;3.5;19.2;69.3;0.9;0.3;0.0;0.0;0.0;0.0;0.0;0.0;0.3;1.5;1.8;0.6,35.01,0.08,0.0,0.04,14.53,0.798,123974.0,10546.0,4,16,,,,,,,,,,,,,,,,,,,,,,,,,,,,,,,,,,,,,,,,,,,,,,,,,,,,,,,,,,,,,
29,15,,,,,,,99,92,67,17,221.7,2730,10801,37,0,7.3,1.5;13.2;2.9;1.5;0.6;0.3;52.8;19.4;6.2;3.5;24.3;48.2;0.3;0.3;0.0;0.0;0.0;0.0;0.0;0.0;0.3;0.0;0.0;0.3,35.01,0.08,0.0,0.02,14.53,0.798,9667.0,10546.0,4,16,,,,,,,,,,,,,,,,,,,,,,,,,,,,,,,,,,,,,,,,,,,,,,,,,,,,,,,,,,,,,
29,16,,,,,,,99,100,67,17,220.7,2730,10801,37,0,7.2,1.2;13.5;1.4;2.0;0.6;0.6;46.2;28.7;3.2;4.3;24.6;44.5;0.3;0.9;0.0;0.0;0.0;0.0;0.0;0.0;0.0;0.0;0.0;0.0,35.02,0.08,0.05,0.79,14.53,0.798,4150.0,10595.0,4,16,,,,,,,,,,,,,,,,,,,,,,,,,,,,,,,,,,,,,,,,,,,,,,,,,,,,,,,,,,,,,
29,17,,,,,,,100,95,68,18,220.2,2730,10801,37,0,7.1,0.9;11.4;1.8;0.9;0.9;0.0;32.1;17.4;3.5;4.4;18.6;74.2;0.3;0.3;0.0;0.0;0.0;0.0;0.3;0.0;0.3;0.0;2.3;0.3,35.0,0.08,0.0,0.04,14.53,0.798,12988.0,10546.0,4,16,,,,,,,,,,,,,,,,,,,,,,,,,,,,,,,,,,,,,,,,,,,,,,,,,,,,,,,,,,,,,
29,18,,,,,,,98,92,67,16,221.0,2730,10801,37,0,7.3,1.5;14.5;1.5;1.2;0.6;0.9;57.5;13.8;5.3;3.8;20.5;50.7;0.3;0.3;0.3;0.0;0.0;0.0;0.0;0.0;0.0;0.9;1.5;0.6,35.02,0.08,0.0,0.03,14.53,0.798,40917.0,54248.0,4,16,,,,,,,,,,,,,,,,,,,,,,,,,,,,,,,,,,,,,,,,,,,,,,,,,,,,,,,,,,,,,
29,19,,,,,,,96,91,67,17,221.1,2730,10801,37,0,7.1,0.3;12.5;0.6;0.6;1.5;0.3;65.5;30.6;2.7;1.5;23.0;29.5;0.3;0.0;0.0;0.0;0.0;0.0;0.0;0.0;0.0;0.0;0.6;0.0,35.02,0.08,0.0,0.04,14.53,0.798,30273.0,66845.0,4,16,,,,,,,,,,,,,,,,,,,,,,,,,,,,,,,,,,,,,,,,,,,,,,,,,,,,,,,,,,,,,
29,20,,,,,,,100,96,67,16,222.5,2730,10801,37,0,8.4,0.9;31.0;2.3;0.9;1.2;0.3;40.2;24.1;4.0;4.0;20.5;62.6;0.9;1.5;0.3;0.0;0.3;0.0;0.0;0.0;0.3;0.0;1.4;0.0,35.02,0.08,0.0,0.11,14.53,0.798,13476.0,15917.0,4,16,,,,,,,,,,,,,,,,,,,,,,,,,,,,,,,,,,,,,,,,,,,,,,,,,,,,,,,,,,,,,
29,21,,,,,,,96,86,67,17,221.8,2730,10801,37,0,6.5,0.6;14.2;0.9;0.0;0.3;0.0;45.6;13.7;2.9;1.2;16.4;58.5;0.0;0.0;0.0;0.0;0.0;0.3;0.0;0.0;0.0;0.3;0.0;0.3,35.01,0.08,0.0,0.02,14.53,0.798,13623.0,9960.0,4,16,,,,,,,,,,,,,,,,,,,,,,,,,,,,,,,,,,,,,,,,,,,,,,,,,,,,,,,,,,,,,
29,22,,,,,,,100,100,68,18,221.5,2730,10801,37,0,6.7,1.5;12.7;0.9;0.9;0.6;0.3;57.6;25.6;2.6;1.2;20.9;33.1;0.6;0.6;0.0;0.0;0.0;0.0;0.0;0.0;0.0;0.9;0.3;0.0,34.99,0.08,0.0,0.04,14.53,0.798,5419.0,23828.0,4,16,,,,,,,,,,,,,,,,,,,,,,,,,,,,,,,,,,,,,,,,,,,,,,,,,,,,,,,,,,,,,
29,23,,,,,,,100,97,66,17,221.4,2730,10801,37,0,7.3,0.3;14.8;1.8;1.8;1.2;0.3;36.8;20.8;4.1;5.9;15.6;66.5;0.9;1.2;0.0;0.0;0.0;1.5;0.0;0.3;0.3;0.6;0.3;0.0,35.02,0.08,0.0,0.02,14.53,0.798,3955.0,27490.0,4,16,,,,,,,,,,,,,,,,,,,,,,,,,,,,,,,,,,,,,,,,,,,,,,,,,,,,,,,,,,,,,
29,24,,,,,,,97,94,68,16,221.8,2730,10801,37,0,6.5,1.2;13.4;1.7;1.7;0.0;0.6;36.7;18.2;0.9;2.6;66.6;10.4;0.3;0.3;0.0;0.0;0.3;0.0;0.0;0.0;0.6;0.6;0.0;0.3,35.01,0.08,0.0,0.03,14.53,0.798,13867.0,10693.0,4,16,,,,,,,,,,,,,,,,,,,,,,,,,,,,,,,,,,,,,,,,,,,,,,,,,,,,,,,,,,,,,
29,25,,,,,,,100,99,68,17,221.2,2730,10801,37,0,7.2,1.8;15.7;0.9;2.1;0.3;0.6;52.6;34.3;2.4;3.5;22.0;30.2;0.9;0.3;0.0;0.0;2.3;0.0;0.0;0.0;0.3;0.0;0.9;0.6,34.98,0.08,0.0,0.03,14.53,0.798,13574.0,19970.0,4,16,,,,,,,,,,,,,,,,,,,,,,,,,,,,,,,,,,,,,,,,,,,,,,,,,,,,,,,,,,,,,
29,26,,,,,,,100,95,67,17,220.3,2730,10801,37,0,6.7,0.9;14.0;0.9;0.9;0.6;0.6;33.6;25.7;2.1;3.2;24.1;51.6;0.6;0.3;0.0;0.0;0.0;0.0;0.0;0.0;0.3;0.0;0.3;1.2,35.01,0.08,0.0,0.04,14.53,0.798,14941.0,13818.0,4,16,,,,,,,,,,,,,,,,,,,,,,,,,,,,,,,,,,,,,,,,,,,,,,,,,,,,,,,,,,,,,
29,27,,,,,,,100,94,68,18,219.8,2730,10801,37,0,6.6,0.3;12.2;1.5;0.6;0.3;0.3;27.4;26.8;2.1;2.4;39.6;39.9;0.6;0.3;0.0;0.0;1.2;0.0;0.0;0.0;0.0;0.9;0.0;0.3,35.01,0.08,0.0,0.01,14.53,0.798,9619.0,29785.0,4,16,,,,,,,,,,,,,,,,,,,,,,,,,,,,,,,,,,,,,,,,,,,,,,,,,,,,,,,,,,,,,
29,28,,,,,,,100,98,67,16,221.5,2730,10801,37,0,6.7,1.4;12.1;2.6;2.0;0.9;1.2;70.9;11.6;1.7;1.7;34.9;15.7;0.6;0.6;0.0;0.0;0.0;0.0;0.0;0.0;0.3;1.2;0.6;0.3,34.98,0.08,0.0,0.06,14.53,0.798,29541.0,64648.0,4,16,,,,,,,,,,,,,,,,,,,,,,,,,,,,,,,,,,,,,,,,,,,,,,,,,,,,,,,,,,,,,
29,29,,,,,,,100,90,66,17,221.3,2730,10801,37,0,6.9,0.9;11.9;1.2;2.1;0.3;0.9;39.4;20.9;3.5;2.1;15.9;62.2;0.6;0.6;0.3;0.0;0.0;0.3;0.0;0.0;1.2;0.6;0.0;0.3,35.01,0.08,0.0,0.02,14.53,0.798,25927.0,12109.0,4,16,,,,,,,,,,,,,,,,,,,,,,,,,,,,,,,,,,,,,,,,,,,,,,,,,,,,,,,,,,,,,
29,30,,,,,,,100,94,67,17,221.6,2730,10801,37,0,6.8,0.6;13.2;2.1;1.5;0.3;1.5;38.4;25.2;4.1;1.8;12.3;58.7;0.3;1.5;0.0;0.0;0.0;0.0;0.0;0.0;0.0;0.0;0.6;0.0,35.0,0.08,0.0,0.01,14.53,0.798,3759.0,23730.0,4,16,,,,,,,,,,,,,,,,,,,,,,,,,,,,,,,,,,,,,,,,,,,,,,,,,,,,,,,,,,,,,
29,31,,,,,,,97,93,68,17,220.4,2730,10801,37,0,7.4,1.5;15.5;2.1;1.5;0.9;0.6;47.6;27.4;3.8;2.9;32.6;33.6;0.9;0.9;0.0;0.3;0.3;0.9;0.0;0.0;0.9;0.9;0.6;0.3,35.0,0.08,0.01,0.08,14.53,0.798,53369.0,107226.0,4,16,,,,,,,,,,,,,,,,,,,,,,,,,,,,,,,,,,,,,,,,,,,,,,,,,,,,,,,,,,,,,
29,32,,,,,,,100,95,67,16,221.6,2730,10801,37,0,8.1,2.3;13.0;2.6;2.9;1.4;1.4;44.4;21.8;6.0;3.7;45.8;34.6;1.7;1.4;0.0;0.6;0.3;0.3;0.3;0.3;0.9;3.4;1.7;1.2,35.01,0.08,0.0,0.02,14.53,0.798,4003.0,29199.0,4,16,,,,,,,,,,,,,,,,,,,,,,,,,,,,,,,,,,,,,,,,,,,,,,,,,,,,,,,,,,,,,
29,33,,,,,,,98,91,69,16,221.6,2730,10801,37,0,7.2,0.6;12.9;1.5;0.6;0.0;0.3;33.7;23.8;4.1;1.8;17.9;70.7;1.2;0.6;0.0;0.0;0.0;0.0;0.0;0.0;0.6;1.5;0.3;0.3,35.01,0.08,0.0,0.01,14.53,0.798,8544.0,10253.0,4,16,,,,,,,,,,,,,,,,,,,,,,,,,,,,,,,,,,,,,,,,,,,,,,,,,,,,,,,,,,,,,
29,34,,,,,,,99,100,68,17,221.9,2730,10801,37,0,7.2,0.9;13.0;1.8;0.9;0.3;0.9;46.9;31.3;4.7;2.1;23.3;43.5;0.6;0.3;0.0;0.0;0.0;0.0;0.0;0.0;0.0;1.2;0.0;0.3,34.97,0.08,0.0,0.04,14.53,0.798,5224.0,175244.0,4,16,,,,,,,,,,,,,,,,,,,,,,,,,,,,,,,,,,,,,,,,,,,,,,,,,,,,,,,,,,,,,
29,35,,,,,,,96,88,67,17,220.9,2730,10801,37,0,7.2,1.5;10.3;1.8;1.8;0.6;0.6;55.6;25.8;4.7;2.4;24.3;39.7;0.3;0.0;0.0;0.3;0.0;0.0;0.0;0.0;0.6;0.6;0.6;0.3,35.0,0.08,0.0,0.04,14.53,0.798,12939.0,13867.0,4,16,,,,,,,,,,,,,,,,,,,,,,,,,,,,,,,,,,,,,,,,,,,,,,,,,,,,,,,,,,,,,
29,36,,,,,,,100,95,68,16,219.5,2730,10801,37,0,6.7,0.3;12.8;1.2;0.3;0.9;0.0;27.7;29.5;1.4;1.7;18.8;65.6;0.0;0.3;0.0;0.3;0.0;0.0;0.0;0.0;0.0;0.3;0.0;0.0,35.0,0.08,0.0,0.03,14.53,0.798,4150.0,26025.0,4,16,,,,,,,,,,,,,,,,,,,,,,,,,,,,,,,,,,,,,,,,,,,,,,,,,,,,,,,,,,,,,
29,37,,,,,,,96,85,68,16,221.8,2730,10801,37,0,8.4,0.6;19.4;2.1;0.6;0.6;0.3;56.0;32.4;5.9;3.3;36.8;37.1;0.6;0.9;0.0;0.0;0.0;0.0;0.0;0.0;0.9;1.2;0.0;0.6,35.0,0.08,0.0,0.02,14.53,0.798,30908.0,51464.0,4,16,,,,,,,,,,,,,,,,,,,,,,,,,,,,,,,,,,,,,,,,,,,,,,,,,,,,,,,,,,,,,
29,38,,,,,,,96,89,68,16,220.8,2730,10801,37,0,7.2,1.2;22.3;2.3;1.5;0.9;0.3;21.1;56.9;2.6;2.1;29.3;29.3;0.0;0.0;0.0;0.0;0.0;0.0;0.0;0.0;0.0;0.0;0.3;1.2,35.0,0.08,0.0,0.03,14.53,0.798,3564.0,14550.0,4,16,,,,,,,,,,,,,,,,,,,,,,,,,,,,,,,,,,,,,,,,,,,,,,,,,,,,,,,,,,,,,
29,39,,,,,,,97,95,66,15,221.3,2730,10801,37,0,6.6,0.9;11.7;1.5;0.9;1.5;0.0;28.9;17.4;3.2;3.2;15.9;71.1;0.0;0.0;0.0;0.0;0.0;0.0;0.0;0.0;0.3;0.3;0.0;0.3,35.0,0.08,0.0,0.09,14.53,0.798,5615.0,14111.0,4,16,,,,,,,,,,,,,,,,,,,,,,,,,,,,,,,,,,,,,,,,,,,,,,,,,,,,,,,,,,,,,
29,40,,,,,,,96,91,68,17,221.8,2730,10801,37,0,7.0,1.7;13.0;2.0;1.4;0.3;0.9;49.3;22.2;3.5;6.2;21.2;42.2;0.9;0.3;0.3;0.0;0.0;0.0;0.0;0.0;0.3;0.3;0.6;2.0,35.0,0.08,0.0,0.02,14.53,0.798,15039.0,14160.0,4,16,,,,,,,,,,,,,,,,,,,,,,,,,,,,,,,,,,,,,,,,,,,,,,,,,,,,,,,,,,,,,
29,41,,,,,,,96,92,66,16,220.4,2730,10801,37,0,6.4,0.3;9.8;1.2;0.9;0.0;0.3;14.4;73.2;2.6;3.8;17.4;27.0;0.3;0.6;0.0;0.0;0.6;0.3;0.0;0.3;0.3;0.0;0.6;0.0,35.0,0.08,0.01,0.03,14.53,0.798,8349.0,27783.0,4,16,,,,,,,,,,,,,,,,,,,,,,,,,,,,,,,,,,,,,,,,,,,,,,,,,,,,,,,,,,,,,
29,42,,,,,,,98,97,67,17,220.0,2730,10801,37,0,6.7,0.9;13.0;2.4;0.9;0.9;0.6;36.6;22.4;2.7;2.1;18.0;56.6;0.6;0.0;0.0;0.0;0.3;0.3;0.0;0.0;0.3;0.3;1.5;0.3,35.0,0.08,0.0,0.03,14.53,0.798,12988.0,13671.0,4,16,,,,,,,,,,,,,,,,,,,,,,,,,,,,,,,,,,,,,,,,,,,,,,,,,,,,,,,,,,,,,
29,43,,,,,,,100,96,67,16,222.0,2730,10801,37,0,7.2,1.2;14.3;0.6;1.8;1.2;0.6;26.5;40.6;2.9;3.8;22.0;52.8;0.3;0.6;0.3;0.6;0.0;0.0;0.0;0.0;1.2;0.0;0.0;0.6,35.01,0.08,0.02,0.03,14.53,0.798,8007.0,15380.0,4,16,,,,,,,,,,,,,,,,,,,,,,,,,,,,,,,,,,,,,,,,,,,,,,,,,,,,,,,,,,,,,
29,44,,,,,,,96,92,67,17,219.5,2730,10801,37,0,6.7,1.2;15.2;1.2;0.6;0.0;0.6;17.1;68.7;2.0;2.3;19.4;29.8;1.4;0.3;0.0;0.0;0.0;0.0;0.0;0.0;0.0;0.3;0.0;0.6,35.0,0.08,0.0,0.04,14.53,0.798,12451.0,14599.0,4,16,,,,,,,,,,,,,,,,,,,,,,,,,,,,,,,,,,,,,,,,,,,,,,,,,,,,,,,,,,,,,
29,45,,,,,,,100,100,68,16,219.3,2730,10801,37,0,5.6,0.0;12.7;0.6;0.9;0.3;0.0;12.4;51.8;2.9;0.9;6.5;43.3;0.3;0.6;0.0;0.0;0.0;0.0;0.0;0.0;0.0;0.0;0.6;0.3,34.97,0.08,0.0,0.03,14.53,0.798,6884.0,13964.0,4,16,,,,,,,,,,,,,,,,,,,,,,,,,,,,,,,,,,,,,,,,,,,,,,,,,,,,,,,,,,,,,
29,46,,,,,,,97,90,67,17,220.6,2730,10801,37,0,6.0,0.0;19.1;0.5;1.5;0.5;0.5;30.4;31.4;2.0;1.5;39.7;12.2;0.0;0.0;0.0;0.0;0.5;0.0;0.0;0.0;0.5;0.0;2.0;0.0,35.0,0.08,0.0,0.98,14.53,0.798,390.0,195.0,4,16,,,,,,,,,,,,,,,,,,,,,,,,,,,,,,,,,,,,,,,,,,,,,,,,,,,,,,,,,,,,,
29,summary,0.38950538544203883,0.9878280359866762,0.3991629380667188,0.9848992696609392,0.00095033,251.7,,,,,,,,,,,,,,,,,,,,,,69,97.8,100,67,93.28,100,64,67.15,69,15,16.87,25,189.3,220.4,222.7,2730.0,10801.0,37.0,0,5.6,7.99,50.3,34.97,35.02,35.14,63.16,0.08,0.08,0.08,16.0,0.0,0.0,0.06,0.01,0.72,6.51,10.841,13.732,14.53,14.53,14.53,15.992,0.798,0.8,0.798,390.0,15234.98,123974.0,195.0,32956.35,200488.0,4,4.0,4,16,16.0,16,4,16,192.03,45.99
30,1,,,,,,,5,1,61,21,175.8,2730,10801,37,0,50.1,57.9;65.0;91.7;91.1;89.1;88.0;98.4;98.0;90.4;92.0;98.6;97.7;47.7;50.8;1.6;1.8;13.5;12.0;0.9;0.4;5.0;4.9;2.7;2.6,35.15,0.08,0.0,0.03,14.53,0.798,6640.0,210400.0,4,16,,,,,,,,,,,,,,,,,,,,,,,,,,,,,,,,,,,,,,,,,,,,,,,,,,,,,,,,,,,,,
30,2,,,,,,,100,97,67,18,220.8,2730,10801,37,0,7.1,1.8;11.5;2.7;0.9;0.6;1.2;20.1;42.8;4.4;2.9;17.2;60.0;0.9;0.3;0.0;0.0;0.6;0.0;0.0;0.0;0.9;0.0;0.9;0.3,35.11,0.08,0.0,8.25,14.53,0.798,3466.0,29248.0,4,16,,,,,,,,,,,,,,,,,,,,,,,,,,,,,,,,,,,,,,,,,,,,,,,,,,,,,,,,,,,,,
30,3,,,,,,,100,100,66,17,220.3,2730,10801,37,0,7.5,1.7;18.2;2.3;2.0;1.4;0.6;30.6;36.1;3.7;5.2;14.7;56.0;0.6;0.3;0.3;0.0;0.3;0.3;0.3;0.0;0.9;0.3;2.0;0.0,35.08,0.08,0.0,4.3,14.53,0.798,11914.0,19531.0,4,16,,,,,,,,,,,,,,,,,,,,,,,,,,,,,,,,,,,,,,,,,,,,,,,,,,,,,,,,,,,,,
30,4,,,,,,,100,96,67,18,220.7,2730,10801,37,0,7.3,2.0;11.4;2.6;2.1;0.3;0.6;49.1;40.5;3.8;5.3;19.6;33.4;0.6;0.0;0.0;0.0;0.3;0.0;0.0;0.0;1.2;0.0;0.9;0.6,35.07,0.08,0.0,2.83,14.53,0.798,14746.0,11083.0,4,16,,,,,,,,,,,,,,,,,,,,,,,,,,,,,,,,,,,,,,,,,,,,,,,,,,,,,,,,,,,,,
30,5,,,,,,,100,94,68,18,220.7,2730,10801,37,0,6.8,0.6;13.8;1.5;1.2;0.6;0.3;30.7;27.4;3.8;1.8;11.5;69.0;0.3;0.0;0.3;0.0;0.0;0.0;0.0;0.0;0.0;0.0;0.3;0.3,35.06,0.08,0.0,3.04,14.53,0.798,9667.0,14550.0,4,16,,,,,,,,,,,,,,,,,,,,,,,,,,,,,,,,,,,,,,,,,,,,,,,,,,,,,,,,,,,,,
30,6,,,,,,,96,94,66,16,220.5,2730,10801,37,0,7.0,0.9;11.1;0.9;1.5;0.6;0.3;42.1;23.9;2.9;5.3;27.4;49.3;0.6;0.6;0.0;0.0;0.0;0.0;0.0;0.0;0.0;0.0;0.0;0.0,35.04,0.08,0.0,2.29,14.53,0.798,3759.0,29394.0,4,16,,,,,,,,,,,,,,,,,,,,,,,,,,,,,,,,,,,,,,,,,,,,,,,,,,,,,,,,,,,,,
30,7,,,,,,,100,95,68,17,220.0,2730,10801,37,0,8.1,1.4;17.0;2.9;2.6;1.2;0.9;47.1;48.8;7.8;5.5;26.1;29.8;0.6;1.2;0.0;0.0;0.0;0.0;0.0;0.0;0.0;0.0;0.3;0.0,35.05,0.08,0.01,2.04,14.53,0.798,3710.0,13964.0,4,16,,,,,,,,,,,,,,,,,,,,,,,,,,,,,,,,,,,,,,,,,,,,,,,,,,,,,,,,,,,,,
30,8,,,,,,,100,94,67,17,219.2,2730,10801,37,0,7.7,1.2;28.9;0.9;1.5;0.3;0.3;18.3;44.0;3.2;3.8;22.1;54.9;0.0;0.9;0.6;0.3;0.0;0.0;0.0;0.0;0.3;0.3;0.3;0.3,35.03,0.08,0.0,1.59,14.53,0.798,3808.0,28173.0,4,16,,,,,,,,,,,,,,,,,,,,,,,,,,,,,,,,,,,,,,,,,,,,,,,,,,,,,,,,,,,,,
30,9,,,,,,,96,92,68,18,221.2,2730,10801,37,0,6.5,0.3;12.0;2.1;0.3;0.6;0.3;40.4;18.3;2.9;3.8;13.2;61.1;0.3;0.6;0.0;0.0;0.0;0.0;0.0;0.0;0.3;0.0;0.0;0.0,35.02,0.08,0.0,1.54,14.53,0.798,30664.0,60937.0,4,16,,,,,,,,,,,,,,,,,,,,,,,,,,,,,,,,,,,,,,,,,,,,,,,,,,,,,,,,,,,,,
30,10,,,,,,,97,92,66,18,220.3,2730,10801,37,0,6.5,0.3;12.7;2.4;0.0;0.6;0.3;59.1;18.0;1.5;2.4;23.6;31.9;0.9;0.9;0.3;0.0;0.0;0.0;0.0;0.0;0.0;0.0;0.0;0.0,35.0,0.08,0.0,3.91,14.53,0.798,73681.0,18701.0,4,16,,,,,,,,,,,,,,,,,,,,,,,,,,,,,,,,,,,,,,,,,,,,,,,,,,,,,,,,,,,,,
30,11,,,,,,,100,96,68,18,221.4,2730,10801,37,0,6.6,1.4;14.2;2.0;1.4;0.6;0.0;43.6;17.9;2.3;1.7;13.8;54.9;0.6;0.6;0.0;0.0;0.0;0.0;0.0;0.0;0.0;1.1;0.0;0.0,34.97,0.08,0.0,0.01,14.53,0.798,4052.0,14648.0,4,16,,,,,,,,,,,,,,,,,,,,,,,,,,,,,,,,,,,,,,,,,,,,,,,,,,,,,,,,,,,,,
30,12,,,,,,,96,89,66,17,220.0,2730,10801,37,0,7.0,0.9;14.5;1.2;1.2;1.2;0.6;36.2;23.8;4.4;2.4;21.8;56.9;0.6;1.5;0.0;0.0;0.0;0.3;0.0;0.0;0.3;0.3;0.3;0.0,35.0,0.08,0.0,0.06,14.53,0.798,17773.0,10498.0,4,16,,,,,,,,,,,,,,,,,,,,,,,,,,,,,,,,,,,,,,,,,,,,,,,,,,,,,,,,,,,,,
30,13,,,,,,,100,100,67,18,221.1,2730,10801,37,0,6.4,1.2;9.5;2.3;0.6;0.3;0.6;56.4;18.3;2.6;2.6;18.5;40.9;0.3;0.3;0.0;0.0;0.0;0.0;0.0;0.0;0.0;0.0;0.0;0.3,35.0,0.08,0.0,0.02,14.53,0.798,7666.0,16845.0,4,16,,,,,,,,,,,,,,,,,,,,,,,,,,,,,,,,,,,,,,,,,,,,,,,,,,,,,,,,,,,,,
30,14,,,,,,,100,97,67,18,221.2,2730,10801,37,0,6.6,0.9;10.0;0.9;1.2;0.3;0.6;52.5;18.1;2.6;3.8;21.4;43.7;0.9;0.6;0.0;0.0;0.0;0.0;0.0;0.0;0.0;0.0;0.3;0.0,35.0,0.08,0.0,0.02,14.53,0.798,3857.0,14550.0,4,16,,,,,,,,,,,,,,,,,,,,,,,,,,,,,,,,,,,,,,,,,,,,,,,,,,,,,,,,,,,,,
30,15,,,,,,,100,100,66,16,221.2,2730,10801,37,0,6.7,1.4;15.0;1.7;1.4;0.9;0.0;28.0;23.4;2.3;2.9;28.6;53.2;0.6;0.3;0.0;0.0;0.0;0.0;0.0;0.0;0.3;0.6;0.0;0.0,35.0,0.08,0.0,0.04,14.53,0.798,16406.0,12890.0,4,16,,,,,,,,,,,,,,,,,,,,,,,,,,,,,,,,,,,,,,,,,,,,,,,,,,,,,,,,,,,,,
30,16,,,,,,,100,93,66,16,219.9,2730,10801,37,0,6.8,0.6;16.4;1.2;1.2;0.9;0.3;43.4;40.8;2.1;3.5;20.1;30.8;0.6;0.6;0.0;0.0;0.0;0.0;0.0;0.0;0.0;0.0;0.0;0.3,34.99,0.08,0.0,0.01,14.53,0.798,4345.0,49658.0,4,16,,,,,,,,,,,,,,,,,,,,,,,,,,,,,,,,,,,,,,,,,,,,,,,,,,,,,,,,,,,,,
30,17,,,,,,,100,95,66,17,220.1,2730,10801,37,0,6.5,0.6;10.4;1.8;0.3;0.6;0.3;28.6;52.8;1.8;2.7;15.6;37.2;0.9;0.3;0.0;0.0;0.0;0.0;0.0;0.0;0.0;0.6;0.6;0.0,34.97,0.08,0.0,0.02,14.53,0.798,15039.0,15625.0,4,16,,,,,,,,,,,,,,,,,,,,,,,,,,,,,,,,,,,,,,,,,,,,,,,,,,,,,,,,,,,,,
30,18,,,,,,,97,93,68,17,220.5,2730,10801,37,0,6.5,0.0;9.8;1.2;1.2;0.3;0.0;31.6;20.5;2.9;3.2;22.1;60.6;0.3;0.6;0.0;0.0;0.0;0.0;0.0;0.0;0.6;0.0;0.0;0.0,34.99,0.08,0.0,0.05,14.53,0.798,22265.0,45849.0,4,16,,,,,,,,,,,,,,,,,,,,,,,,,,,,,,,,,,,,,,,,,,,,,,,,,,,,,,,,,,,,,
30,19,,,,,,,100,94,66,18,221.0,2730,10801,37,0,6.3,0.3;11.5;2.6;0.3;1.2;0.6;39.2;26.1;2.0;2.0;22.9;42.2;0.6;0.0;0.0;0.0;0.3;0.0;0.0;0.0;0.0;0.3;0.0;0.0,34.99,0.08,0.0,0.02,14.53,0.798,26220.0,40722.0,4,16,,,,,,,,,,,,,,,,,,,,,,,,,,,,,,,,,,,,,,,,,,,,,,,,,,,,,,,,,,,,,
30,20,,,,,,,100,95,67,16,221.1,2730,10801,37,0,6.7,0.3;12.7;2.0;0.3;0.6;0.0;60.3;15.0;2.6;2.9;10.8;49.4;0.6;0.6;0.0;0.0;0.0;0.0;0.0;0.0;0.0;1.7;0.0;0.0,34.98,0.08,0.0,0.02,14.53,0.798,3759.0,14697.0,4,16,,,,,,,,,,,,,,,,,,,,,,,,,,,,,,,,,,,,,,,,,,,,,,,,,,,,,,,,,,,,,
30,21,,,,,,,97,92,67,17,220.6,2730,10801,37,0,7.2,1.8;13.8;1.2;1.8;1.8;0.0;28.2;21.5;4.1;4.1;69.0;22.6;0.3;0.0;0.0;0.0;0.3;0.0;0.0;0.0;0.6;0.9;0.0;0.0,34.99,0.08,0.0,0.04,14.53,0.798,4003.0,29003.0,4,16,,,,,,,,,,,,,,,,,,,,,,,,,,,,,,,,,,,,,,,,,,,,,,,,,,,,,,,,,,,,,
30,22,,,,,,,100,100,68,16,220.8,2730,10801,37,0,6.9,0.0;13.7;1.2;0.3;0.6;0.3;37.1;22.4;2.6;2.9;56.5;24.3;0.9;0.3;0.0;0.0;0.0;0.3;0.0;0.0;0.9;0.0;0.0;0.0,34.97,0.08,0.0,0.03,14.53,0.798,8642.0,13916.0,4,16,,,,,,,,,,,,,,,,,,,,,,,,,,,,,,,,,,,,,,,,,,,,,,,,,,,,,,,,,,,,,
30,23,,,,,,,96,84,66,18,222.0,2730,10801,37,0,7.0,1.4;14.7;1.7;0.9;0.6;0.0;72.5;9.5;1.7;4.6;29.2;27.5;0.3;0.6;0.3;0.0;0.3;0.0;0.0;0.0;0.3;0.9;1.4;0.0,34.99,0.08,0.0,0.01,14.53,0.798,14990.0,10986.0,4,16,,,,,,,,,,,,,,,,,,,,,,,,,,,,,,,,,,,,,,,,,,,,,,,,,,,,,,,,,,,,,
30,24,,,,,,,100,100,66,17,220.7,2730,10801,37,0,7.5,0.6;15.7;0.6;1.2;0.0;0.3;28.6;35.6;3.5;5.3;47.1;37.5;0.0;0.0;0.0;0.0;0.0;0.0;0.6;0.6;0.0;0.6;0.3;0.0,35.0,0.08,0.0,0.03,14.53,0.798,14648.0,22753.0,4,16,,,,,,,,,,,,,,,,,,,,,,,,,,,,,,,,,,,,,,,,,,,,,,,,,,,,,,,,,,,,,
30,25,,,,,,,100,98,68,18,220.3,2730,10801,37,0,8.7,0.6;30.4;1.5;1.8;0.3;0.9;40.1;26.4;3.2;6.8;22.6;66.2;0.0;0.3;0.3;0.0;0.0;0.0;0.0;0.0;0.9;0.0;1.2;0.3,35.0,0.08,0.0,0.02,14.53,0.798,16845.0,13378.0,4,16,,,,,,,,,,,,,,,,,,,,,,,,,,,,,,,,,,,,,,,,,,,,,,,,,,,,,,,,,,,,,
30,26,,,,,,,100,93,66,16,219.5,2730,10801,37,0,6.6,0.0;15.0;0.0;0.6;0.3;0.6;68.9;13.5;0.9;2.9;15.9;37.1;0.3;0.3;0.0;0.0;0.0;0.0;0.0;0.0;0.0;0.6;0.0;0.0,35.0,0.08,0.0,0.03,14.53,0.798,3857.0,27734.0,4,16,,,,,,,,,,,,,,,,,,,,,,,,,,,,,,,,,,,,,,,,,,,,,,,,,,,,,,,,,,,,,
30,27,,,,,,,100,100,66,19,219.7,2730,10801,37,0,7.1,1.4;15.2;2.0;1.4;1.2;0.6;28.0;32.9;2.9;4.0;38.7;38.0;0.6;0.0;0.0;0.0;0.0;0.0;0.3;0.0;0.3;0.3;1.4;0.9,35.01,0.08,0.0,0.06,14.53,0.798,3710.0,28076.0,4,16,,,,,,,,,,,,,,,,,,,,,,,,,,,,,,,,,,,,,,,,,,,,,,,,,,,,,,,,,,,,,
30,28,,,,,,,100,96,68,18,220.5,2730,10801,37,0,6.8,1.2;13.3;0.9;1.2;0.6;0.6;43.5;22.8;2.1;3.8;46.2;25.7;0.3;0.3;0.0;0.0;0.0;0.0;0.0;0.0;0.3;0.0;0.3;0.0,35.01,0.08,0.0,0.04,14.53,0.798,22460.0,54589.0,4,16,,,,,,,,,,,,,,,,,,,,,,,,,,,,,,,,,,,,,,,,,,,,,,,,,,,,,,,,,,,,,
30,29,,,,,,,100,93,66,18,220.5,2730,10801,37,0,6.7,0.9;10.9;1.5;0.6;0.3;0.3;72.2;14.4;2.3;4.1;28.8;21.2;0.0;0.6;0.0;0.0;0.0;0.3;0.3;0.0;0.0;0.6;0.0;0.0,35.01,0.08,0.0,0.02,14.53,0.798,3759.0,28808.0,4,16,,,,,,,,,,,,,,,,,,,,,,,,,,,,,,,,,,,,,,,,,,,,,,,,,,,,,,,,,,,,,
30,30,,,,,,,97,94,68,18,221.1,2730,10801,36,0,7.0,1.2;16.8;0.6;1.5;0.3;0.3;35.3;17.0;3.5;2.1;37.5;47.4;0.3;0.6;0.0;0.0;0.0;0.0;0.0;0.0;0.3;0.6;1.5;0.0,35.01,0.08,0.0,0.02,14.53,0.798,94775.0,108935.0,4,16,,,,,,,,,,,,,,,,,,,,,,,,,,,,,,,,,,,,,,,,,,,,,,,,,,,,,,,,,,,,,
30,31,,,,,,,100,93,65,18,220.9,2730,10801,37,0,6.6,0.3;11.8;0.9;2.3;0.6;0.3;33.0;26.1;2.6;3.2;57.4;15.9;1.2;0.3;0.0;0.0;0.0;0.0;0.0;0.0;0.6;0.0;0.0;0.0,35.02,0.08,0.0,0.18,14.53,0.798,4052.0,14941.0,4,16,,,,,,,,,,,,,,,,,,,,,,,,,,,,,,,,,,,,,,,,,,,,,,,,,,,,,,,,,,,,,
30,32,,,,,,,100,95,67,18,220.6,2730,10801,37,0,7.4,0.6;14.3;3.2;3.5;2.4;0.9;65.6;25.2;2.3;3.8;31.2;21.4;0.6;1.5;0.0;0.0;0.0;0.0;0.0;0.0;0.3;1.2;0.3;0.0,35.02,0.08,0.0,0.05,14.53,0.798,8398.0,10644.0,4,16,,,,,,,,,,,,,,,,,,,,,,,,,,,,,,,,,,,,,,,,,,,,,,,,,,,,,,,,,,,,,
30,33,,,,,,,97,93,68,17,219.9,2730,10801,37,0,7.2,2.1;15.1;2.9;1.2;0.3;0.9;33.1;49.6;1.2;3.2;32.0;24.4;0.6;0.9;0.0;0.0;0.3;0.3;0.0;0.0;1.5;0.0;1.5;0.3,35.01,0.08,0.0,0.05,14.53,0.798,16162.0,10693.0,4,16,,,,,,,,,,,,,,,,,,,,,,,,,,,,,,,,,,,,,,,,,,,,,,,,,,,,,,,,,,,,,
30,34,,,,,,,97,92,67,16,220.1,2730,10801,37,0,7.1,0.0;13.8;3.8;1.8;1.8;0.3;27.5;24.1;3.2;4.1;31.3;54.4;0.6;1.2;0.3;0.0;0.3;0.0;0.0;0.0;0.0;0.0;0.6;0.0,35.01,0.08,0.0,0.02,14.53,0.798,5517.0,16162.0,4,16,,,,,,,,,,,,,,,,,,,,,,,,,,,,,,,,,,,,,,,,,,,,,,,,,,,,,,,,,,,,,
30,35,,,,,,,100,96,67,18,219.7,2730,10801,37,0,7.1,1.5;13.8;2.6;0.6;1.4;0.6;64.5;17.3;2.9;3.5;35.8;21.3;0.9;0.6;0.6;0.0;0.0;0.0;0.0;0.0;0.0;0.0;1.2;0.0,35.01,0.08,0.0,0.02,14.53,0.798,7763.0,10400.0,4,16,,,,,,,,,,,,,,,,,,,,,,,,,,,,,,,,,,,,,,,,,,,,,,,,,,,,,,,,,,,,,
30,36,,,,,,,100,94,66,18,220.1,2730,10801,37,0,7.1,0.6;10.3;2.9;2.3;1.5;1.2;39.3;28.7;3.8;5.3;54.4;16.7;0.0;0.3;0.0;0.0;0.0;0.0;0.0;0.0;0.0;1.7;0.3;0.6,35.01,0.08,0.0,0.02,14.53,0.798,3613.0,14941.0,4,16,,,,,,,,,,,,,,,,,,,,,,,,,,,,,,,,,,,,,,,,,,,,,,,,,,,,,,,,,,,,,
30,37,,,,,,,96,84,67,18,220.9,2730,10801,37,0,7.2,1.2;10.3;2.6;0.9;2.3;0.6;33.9;24.0;3.5;2.6;57.4;33.0;0.0;0.0;0.0;0.0;0.0;0.0;0.0;0.0;0.3;0.0;0.0;0.0,35.02,0.08,0.0,0.15,14.53,0.798,18652.0,47314.0,4,16,,,,,,,,,,,,,,,,,,,,,,,,,,,,,,,,,,,,,,,,,,,,,,,,,,,,,,,,,,,,,
30,38,,,,,,,96,94,66,19,221.0,2730,10801,37,0,7.1,0.6;15.5;1.8;0.6;0.3;0.0;55.3;24.5;2.7;4.1;45.7;16.5;0.6;0.3;0.3;0.0;0.0;0.0;0.0;0.0;0.0;0.0;1.2;0.0,35.01,0.08,0.0,0.02,14.53,0.798,3662.0,24414.0,4,16,,,,,,,,,,,,,,,,,,,,,,,,,,,,,,,,,,,,,,,,,,,,,,,,,,,,,,,,,,,,,
30,39,,,,,,,96,85,66,16,221.4,2730,10801,37,0,7.1,0.3;13.7;2.0;0.6;0.9;0.0;52.6;26.0;4.3;4.0;22.8;38.6;1.2;1.1;0.0;0.3;0.0;0.3;0.0;0.0;0.0;0.3;0.6;0.0,35.02,0.08,0.01,0.05,14.53,0.798,14208.0,11474.0,4,16,,,,,,,,,,,,,,,,,,,,,,,,,,,,,,,,,,,,,,,,,,,,,,,,,,,,,,,,,,,,,
30,40,,,,,,,97,92,68,17,221.4,2730,10801,37,0,7.6,1.5;15.2;2.1;0.3;0.6;0.3;30.9;31.8;3.8;4.7;56.5;32.8;0.6;0.3;0.0;0.0;0.0;0.0;0.0;0.0;0.0;0.0;0.9;0.0,35.0,0.08,0.0,0.1,14.53,0.798,8251.0,11132.0,4,16,,,,,,,,,,,,,,,,,,,,,,,,,,,,,,,,,,,,,,,,,,,,,,,,,,,,,,,,,,,,,
30,41,,,,,,,96,94,66,17,220.7,2730,10801,37,0,7.8,0.6;13.3;0.9;2.4;0.3;0.9;56.5;19.2;3.8;4.7;50.6;29.1;0.6;0.0;0.6;0.0;0.0;0.3;0.0;0.0;0.3;0.6;0.9;0.3,35.02,0.08,0.0,0.02,14.53,0.798,13916.0,10595.0,4,16,,,,,,,,,,,,,,,,,,,,,,,,,,,,,,,,,,,,,,,,,,,,,,,,,,,,,,,,,,,,,
30,42,,,,,,,100,94,69,18,220.3,2730,10801,37,0,8.7,0.9;24.8;1.5;0.6;0.9;0.3;66.9;29.9;2.4;5.3;35.1;34.8;0.6;0.6;0.3;0.0;0.0;0.3;0.0;0.0;0.0;0.0;0.6;0.0,35.0,0.08,0.0,0.04,14.53,0.798,5761.0,14404.0,4,16,,,,,,,,,,,,,,,,,,,,,,,,,,,,,,,,,,,,,,,,,,,,,,,,,,,,,,,,,,,,,
30,43,,,,,,,96,94,66,17,220.5,2730,10801,37,0,7.4,1.4;19.8;1.2;1.2;0.9;0.9;24.9;23.9;2.9;4.3;25.7;61.8;0.0;0.3;0.3;0.0;0.0;0.0;0.0;0.0;1.7;0.3;2.9;0.6,35.0,0.08,0.0,0.03,14.53,0.798,16601.0,132275.0,4,16,,,,,,,,,,,,,,,,,,,,,,,,,,,,,,,,,,,,,,,,,,,,,,,,,,,,,,,,,,,,,
30,44,,,,,,,96,90,67,18,219.2,2730,10801,37,0,7.0,0.9;13.8;1.8;1.8;0.0;0.0;36.8;25.1;1.5;4.1;63.9;11.8;0.9;0.6;0.0;0.0;0.0;0.3;0.0;0.0;0.3;0.0;2.3;0.6,35.03,0.08,0.0,0.06,14.53,0.798,13769.0,23486.0,4,16,,,,,,,,,,,,,,,,,,,,,,,,,,,,,,,,,,,,,,,,,,,,,,,,,,,,,,,,,,,,,
30,45,,,,,,,100,92,68,17,218.8,2730,10801,37,0,5.5,0.9;10.9;1.2;1.8;0.3;0.0;31.1;32.9;0.9;2.9;22.1;25.6;0.3;0.0;0.0;0.0;0.0;0.0;0.0;0.0;0.0;0.0;0.0;0.0,35.03,0.08,0.0,0.03,14.53,0.798,3906.0,28417.0,4,16,,,,,,,,,,,,,,,,,,,,,,,,,,,,,,,,,,,,,,,,,,,,,,,,,,,,,,,,,,,,,
30,46,,,,,,,100,97,67,16,220.0,2730,10801,36,0,6.6,2.0;11.3;4.4;3.9;0.5;1.0;43.1;8.8;2.5;3.4;6.9;62.7;0.0;0.0;0.5;0.0;0.5;0.0;0.5;0.0;2.5;2.9;0.5;0.0,35.04,0.08,0.2,0.04,14.53,0.798,146.0,1513.0,4,16,,,,,,,,,,,,,,,,,,,,,,,,,,,,,,,,,,,,,,,,,,,,,,,,,,,,,,,,,,,,,
30,summary,0.38878694058459157,0.9883697039504405,0.40990453467887084,0.9819355749214974,0.00094686,251.6,,,,,,,,,,,,,,,,,,,,,,5,96.61,100,1,92.09,100,61,66.74,69,16,17.43,21,175.8,219.53,222.0,2730.0,10801.0,37.0,0,5.5,7.97,50.1,34.97,35.02,35.15,63.16,0.08,0.08,0.08,16.0,0.0,0.0,0.2,0.01,0.68,8.25,10.842,13.732,14.53,14.53,14.53,15.992,0.798,0.8,0.798,146.0,13380.5,94775.0,1513.0,30281.43,210400.0,4,4.0,4,16,16.0,16,4,16,191.97,46.0
