epoch,sample_point,train_loss,train_acc,val_loss,val_acc,lr,epoch_time_s,cuda_util_pct,cuda_mem_util_pct,gpu_temp_c,gpu_temp_tlimit_c,gpu_power_w,gpu_clock_sm_mhz,gpu_clock_mem_mhz,gpu_fan_pct,gpu_throttled,cpu_pct,cpu_pct_per_core,ram_used_gb,swap_used_gb,disk_read_mb_s,disk_write_mb_s,nvsmi_vram_used_gb,vram_other_processes_gb,pcie_tx_kb_s,pcie_rx_kb_s,pcie_link_gen_current,pcie_link_width_current,cuda_util_pct_min,cuda_util_pct_avg,cuda_util_pct_max,cuda_mem_util_pct_min,cuda_mem_util_pct_avg,cuda_mem_util_pct_max,gpu_temp_c_min,gpu_temp_c_avg,gpu_temp_c_max,gpu_temp_tlimit_c_min,gpu_temp_tlimit_c_avg,gpu_temp_tlimit_c_max,gpu_power_w_min,gpu_power_w_avg,gpu_power_w_max,gpu_clock_sm_mhz_avg,gpu_clock_mem_mhz_avg,gpu_fan_pct_avg,gpu_throttled_any,cpu_pct_min,cpu_pct_avg,cpu_pct_max,ram_used_gb_min,ram_used_gb_avg,ram_used_gb_max,ram_total_gb,swap_used_gb_min,swap_used_gb_avg,swap_used_gb_max,swap_total_gb,disk_read_mb_s_min,disk_read_mb_s_avg,disk_read_mb_s_max,disk_write_mb_s_min,disk_write_mb_s_avg,disk_write_mb_s_max,vram_peak_alloc_gb,vram_peak_reserved_gb,nvsmi_vram_used_gb_min,nvsmi_vram_used_gb_avg,nvsmi_vram_used_gb_max,nvsmi_vram_total_gb,vram_other_processes_gb_min,vram_other_processes_gb_avg,vram_other_processes_gb_max,pcie_tx_kb_s_min,pcie_tx_kb_s_avg,pcie_tx_kb_s_max,pcie_rx_kb_s_min,pcie_rx_kb_s_avg,pcie_rx_kb_s_max,pcie_link_gen_current_min,pcie_link_gen_current_avg,pcie_link_gen_current_max,pcie_link_width_current_min,pcie_link_width_current_avg,pcie_link_width_current_max,pcie_link_gen_max,pcie_link_width_max,data_wait_s,compute_s
1,1,,,,,,,100,98,52,34,48.5,2760,10801,30,0,11.2,6.0;2.0;7.0;8.3;3.1;3.8;49.8;44.8;14.1;27.2;71.4;21.0;2.1;1.5;0.4;0.5;0.9;0.8;0.4;0.2;0.6;0.7;0.5;1.3,36.09,0.08,0.01,0.47,14.932,0.76,2539.0,2099.0,4,16,,,,,,,,,,,,,,,,,,,,,,,,,,,,,,,,,,,,,,,,,,,,,,,,,,,,,,,,,,,,,
1,2,,,,,,,100,96,57,27,216.7,2745,10801,30,0,15.9,17.7;3.9;14.2;14.5;6.4;9.2;60.4;60.2;24.3;51.4;76.0;23.0;3.6;1.7;0.3;0.3;2.0;2.5;0.3;0.0;1.1;1.1;2.0;4.2,36.08,0.08,0.01,0.17,14.938,0.76,34814.0,17968.0,4,16,,,,,,,,,,,,,,,,,,,,,,,,,,,,,,,,,,,,,,,,,,,,,,,,,,,,,,,,,,,,,
1,3,,,,,,,96,84,58,27,217.4,2745,10801,30,0,14.6,15.3;1.7;9.8;8.1;4.5;2.0;35.0;84.9;17.3;51.4;84.2;24.2;1.4;1.7;0.3;0.8;2.0;1.7;0.0;0.0;1.4;1.4;0.8;0.6,36.07,0.08,0.0,0.03,14.938,0.76,41308.0,12060.0,4,16,,,,,,,,,,,,,,,,,,,,,,,,,,,,,,,,,,,,,,,,,,,,,,,,,,,,,,,,,,,,,
1,4,,,,,,,100,94,58,25,218.0,2745,10801,30,0,14.1,12.5;2.0;7.8;6.4;2.8;2.0;49.4;60.3;19.4;54.7;58.1;61.2;0.3;1.1;0.3;0.0;0.0;0.0;0.0;0.0;0.0;0.0;0.0;1.1,36.08,0.08,0.0,0.08,14.938,0.76,6152.0,25927.0,4,16,,,,,,,,,,,,,,,,,,,,,,,,,,,,,,,,,,,,,,,,,,,,,,,,,,,,,,,,,,,,,
1,5,,,,,,,58,14,55,29,207.7,2745,10801,30,0,14.6,14.4;1.9;11.8;4.4;4.6;3.3;68.5;32.0;24.8;40.7;73.5;62.6;1.1;1.4;0.0;0.0;0.5;1.1;0.0;0.0;0.0;0.3;0.5;1.9,36.16,0.08,0.0,0.06,14.941,0.759,4736.0,26123.0,4,16,,,,,,,,,,,,,,,,,,,,,,,,,,,,,,,,,,,,,,,,,,,,,,,,,,,,,,,,,,,,,
1,6,,,,,,,97,87,60,23,218.9,2745,10801,30,0,14.7,17.7;1.7;12.4;8.7;5.9;3.9;40.4;77.2;42.9;29.1;78.4;23.5;0.8;1.1;0.0;0.8;0.6;1.4;0.0;0.0;0.8;0.6;0.6;1.9,36.16,0.08,0.02,0.1,14.941,0.759,19433.0,10937.0,4,16,,,,,,,,,,,,,,,,,,,,,,,,,,,,,,,,,,,,,,,,,,,,,,,,,,,,,,,,,,,,,
1,7,,,,,,,96,92,60,24,219.3,2745,10801,30,0,14.2,11.9;2.0;12.3;5.3;3.1;3.4;58.0;80.2;34.0;22.3;99.4;0.6;1.1;1.4;0.0;0.0;0.6;1.7;0.0;0.0;2.2;1.4;0.3;0.0,36.17,0.08,0.0,0.04,14.941,0.759,36914.0,67968.0,4,16,,,,,,,,,,,,,,,,,,,,,,,,,,,,,,,,,,,,,,,,,,,,,,,,,,,,,,,,,,,,,
1,8,,,,,,,100,91,62,24,219.7,2745,10801,30,0,14.8,12.7;2.2;15.9;3.6;6.1;2.8;76.9;70.8;34.7;24.7;93.6;5.3;1.4;1.1;0.0;0.3;0.6;0.8;0.0;0.0;0.0;0.6;0.6;1.4,36.16,0.08,0.0,0.06,14.941,0.759,4589.0,47607.0,4,16,,,,,,,,,,,,,,,,,,,,,,,,,,,,,,,,,,,,,,,,,,,,,,,,,,,,,,,,,,,,,
1,9,,,,,,,94,26,59,24,209.4,2745,10801,30,0,13.9,13.2;2.2;14.0;9.6;4.1;3.0;56.5;44.7;34.7;17.6;61.1;59.1;1.7;1.4;0.6;0.3;1.4;1.6;0.8;0.8;1.1;0.3;0.3;2.7,36.14,0.08,0.0,0.56,14.945,0.759,62011.0,270751.0,4,16,,,,,,,,,,,,,,,,,,,,,,,,,,,,,,,,,,,,,,,,,,,,,,,,,,,,,,,,,,,,,
1,10,,,,,,,100,95,62,21,221.3,2745,10801,30,0,11.0,13.7;3.1;4.2;5.3;2.0;2.2;42.4;60.3;10.1;15.2;98.0;2.2;0.6;0.6;0.3;0.0;0.3;0.6;0.0;0.0;1.1;0.3;0.3;2.2,36.12,0.08,0.0,0.04,14.945,0.759,42041.0,60009.0,4,16,,,,,,,,,,,,,,,,,,,,,,,,,,,,,,,,,,,,,,,,,,,,,,,,,,,,,,,,,,,,,
1,11,,,,,,,71,60,61,23,216.9,2745,10801,30,0,12.7,28.4;0.0;5.0;15.0;3.4;1.7;85.0;6.7;8.3;40.0;26.7;75.0;1.7;0.0;0.0;0.0;1.7;0.0;0.0;0.0;0.0;0.0;0.0;0.0,36.16,0.08,0.02,0.13,14.945,0.759,1318.0,195.0,4,16,,,,,,,,,,,,,,,,,,,,,,,,,,,,,,,,,,,,,,,,,,,,,,,,,,,,,,,,,,,,,
1,summary,2.6776272144265203,0.20887125131863163,0.9983805234667827,0.8078893859292395,0.00046000,103.4,,,,,,,,,,,,,,,,,,,,,,58,92.0,100,14,76.09,98,52,58.55,62,21,25.55,34,48.5,201.25,221.3,2746.4,10801.0,30.0,0,11.0,13.79,15.9,36.07,36.13,36.17,63.16,0.08,0.08,0.08,19.04,0.0,0.01,0.02,0.03,0.16,0.56,11.336,14.186,14.932,14.94,14.945,15.992,0.759,0.76,0.76,1318.0,23259.55,62011.0,195.0,49240.36,270751.0,4,4.0,4,16,16.0,16,4,16,89.24,10.23
2,1,,,,,,,7,7,54,24,114.0,2745,10801,30,0,57.4,79.6;80.7;88.4;89.4;79.9;87.4;96.2;97.6;77.6;86.0;94.5;83.3;38.4;59.1;8.5;10.5;43.7;54.2;8.2;9.5;32.1;35.2;22.2;15.4,36.22,0.08,0.0,12.87,14.945,0.759,3857.0,164355.0,4,16,,,,,,,,,,,,,,,,,,,,,,,,,,,,,,,,,,,,,,,,,,,,,,,,,,,,,,,,,,,,,
2,2,,,,,,,98,89,61,23,220.6,2745,10801,30,0,14.5,15.2;1.7;8.7;7.9;2.5;5.6;62.6;57.3;40.0;21.3;74.8;41.9;1.4;0.8;0.6;0.3;0.8;0.3;0.3;0.6;0.8;0.0;0.0;1.4,36.18,0.08,0.0,5.56,14.945,0.759,5371.0,53955.0,4,16,,,,,,,,,,,,,,,,,,,,,,,,,,,,,,,,,,,,,,,,,,,,,,,,,,,,,,,,,,,,,
2,3,,,,,,,96,91,62,21,220.8,2745,10801,30,0,15.0,16.6;2.0;7.5;8.9;2.2;4.7;67.7;52.2;47.6;24.9;82.5;29.9;2.2;2.0;0.6;0.6;2.2;0.6;0.3;0.3;1.1;0.8;0.6;1.7,36.18,0.08,0.0,3.63,14.945,0.759,18994.0,34423.0,4,16,,,,,,,,,,,,,,,,,,,,,,,,,,,,,,,,,,,,,,,,,,,,,,,,,,,,,,,,,,,,,
2,4,,,,,,,96,90,63,21,210.9,2745,10801,30,0,14.4,16.8;1.1;5.8;11.0;2.5;2.8;76.0;43.8;47.4;20.7;82.8;25.9;1.9;1.4;0.0;0.0;0.8;1.1;0.3;0.3;1.6;0.5;0.0;0.5,36.17,0.08,0.0,2.85,14.945,0.759,27294.0,15917.0,4,16,,,,,,,,,,,,,,,,,,,,,,,,,,,,,,,,,,,,,,,,,,,,,,,,,,,,,,,,,,,,,
2,5,,,,,,,100,100,64,21,222.5,2745,10801,31,0,14.2,16.1;1.4;6.7;8.9;1.4;3.4;53.2;53.8;54.6;25.4;77.9;33.9;2.2;0.6;0.0;0.0;0.0;0.0;0.0;0.0;0.3;0.3;0.0;1.1,36.15,0.08,0.02,2.38,14.945,0.759,34912.0,15576.0,4,16,,,,,,,,,,,,,,,,,,,,,,,,,,,,,,,,,,,,,,,,,,,,,,,,,,,,,,,,,,,,,
2,6,,,,,,,100,96,63,20,221.6,2730,10801,31,0,14.4,14.9;2.8;7.0;13.4;1.7;3.9;44.0;57.5;48.2;19.8;82.4;44.1;1.7;0.8;0.0;0.0;0.3;0.8;0.0;0.0;0.3;0.3;0.3;2.5,36.13,0.08,0.01,2.02,14.945,0.759,18066.0,11962.0,4,16,,,,,,,,,,,,,,,,,,,,,,,,,,,,,,,,,,,,,,,,,,,,,,,,,,,,,,,,,,,,,
2,7,,,,,,,97,87,64,21,222.1,2730,10801,31,0,15.9,16.2;3.6;10.2;10.6;4.5;5.6;67.1;40.7;46.0;26.4;61.8;69.3;2.8;3.6;0.8;1.1;2.0;1.4;1.1;0.8;1.4;1.7;0.8;1.4,36.12,0.08,0.0,1.5,14.945,0.759,41113.0,43652.0,4,16,,,,,,,,,,,,,,,,,,,,,,,,,,,,,,,,,,,,,,,,,,,,,,,,,,,,,,,,,,,,,
2,8,,,,,,,100,91,65,20,213.1,2730,10801,31,0,14.1,14.2;1.4;8.0;9.9;2.5;4.1;79.2;24.0;49.5;33.1;67.2;40.2;1.1;0.8;0.3;0.3;0.0;0.3;0.0;0.0;0.0;0.0;0.0;2.7,36.12,0.08,0.01,1.47,14.945,0.759,4687.0,52734.0,4,16,,,,,,,,,,,,,,,,,,,,,,,,,,,,,,,,,,,,,,,,,,,,,,,,,,,,,,,,,,,,,
2,9,,,,,,,96,92,63,20,222.7,2730,10801,32,0,13.3,15.0;0.8;8.2;9.5;3.1;2.0;58.9;48.2;35.7;14.0;65.9;54.5;1.1;0.6;0.0;0.0;0.0;0.0;0.0;0.0;0.6;0.0;0.0;0.8,36.09,0.08,0.0,3.64,14.945,0.759,100830.0,11962.0,4,16,,,,,,,,,,,,,,,,,,,,,,,,,,,,,,,,,,,,,,,,,,,,,,,,,,,,,,,,,,,,,
2,10,,,,,,,96,92,64,21,223.0,2730,10801,32,0,10.9,15.1;0.6;6.4;2.5;2.8;1.4;43.6;57.2;20.0;7.3;57.0;44.7;0.8;0.0;0.0;0.0;0.3;0.0;0.3;0.0;0.6;0.0;0.0;0.3,36.08,0.08,0.0,0.05,14.945,0.759,5517.0,45166.0,4,16,,,,,,,,,,,,,,,,,,,,,,,,,,,,,,,,,,,,,,,,,,,,,,,,,,,,,,,,,,,,,
2,11,,,,,,,96,93,65,19,223.0,2730,10801,32,0,12.5,11.5;1.7;8.6;6.9;5.2;3.4;98.3;3.4;30.5;31.0;89.7;3.4;0.0;1.7;0.0;0.0;1.7;0.0;0.0;0.0;0.0;0.0;0.0;0.0,36.11,0.08,0.03,0.12,14.945,0.759,2441.0,292.0,4,16,,,,,,,,,,,,,,,,,,,,,,,,,,,,,,,,,,,,,,,,,,,,,,,,,,,,,,,,,,,,,
2,summary,0.7309637896491017,0.8785854222132918,0.51037010021838,0.9447742984953234,0.00092000,55.7,,,,,,,,,,,,,,,,,,,,,,7,89.27,100,7,84.36,100,54,62.55,65,19,21.0,24,114.0,210.39,223.0,2736.8,10801.0,30.9,0,10.9,17.87,57.4,36.08,36.14,36.22,63.16,0.08,0.08,0.08,19.04,0.0,0.01,0.03,0.05,3.28,12.87,11.336,14.186,14.945,14.95,14.945,15.992,0.759,0.76,0.759,2441.0,23916.55,100830.0,292.0,40908.55,164355.0,4,4.0,4,16,16.0,16,4,16,42.46,9.29
3,1,,,,,,,4,0,58,27,150.8,2745,10801,32,0,57.5,87.0;85.9;87.2;91.1;85.6;85.9;96.2;94.5;85.9;91.0;96.6;89.7;57.0;55.9;7.9;8.3;41.6;40.0;6.2;4.8;28.3;28.2;14.1;9.7,36.29,0.08,0.01,0.06,14.945,0.759,49511.0,224804.0,4,16,,,,,,,,,,,,,,,,,,,,,,,,,,,,,,,,,,,,,,,,,,,,,,,,,,,,,,,,,,,,,
3,2,,,,,,,97,92,64,20,223.3,2745,10801,32,0,15.1,12.5;2.5;8.9;9.5;2.8;3.9;65.4;64.5;29.1;41.1;87.2;19.8;2.8;2.0;0.8;1.7;2.2;1.1;0.6;0.8;1.9;0.3;0.6;1.1,36.25,0.08,0.0,8.13,14.945,0.759,40332.0,178759.0,4,16,,,,,,,,,,,,,,,,,,,,,,,,,,,,,,,,,,,,,,,,,,,,,,,,,,,,,,,,,,,,,
3,3,,,,,,,96,93,64,19,223.1,2745,10801,32,0,14.1,13.3;1.9;10.7;12.6;2.8;1.7;43.4;57.3;15.4;52.5;68.0;46.8;1.4;1.4;0.0;0.3;1.1;1.1;0.6;0.6;0.8;1.1;1.6;3.0,36.21,0.08,0.0,4.8,14.945,0.759,5029.0,31787.0,4,16,,,,,,,,,,,,,,,,,,,,,,,,,,,,,,,,,,,,,,,,,,,,,,,,,,,,,,,,,,,,,
3,4,,,,,,,100,98,64,19,222.4,2745,10801,32,0,15.3,15.9;3.1;11.7;5.6;6.7;5.0;67.9;56.9;26.5;51.3;98.3;2.5;2.2;1.4;0.6;0.6;0.6;1.4;0.8;1.1;1.7;1.4;1.1;2.2,36.18,0.08,0.0,4.17,14.945,0.759,30908.0,19091.0,4,16,,,,,,,,,,,,,,,,,,,,,,,,,,,,,,,,,,,,,,,,,,,,,,,,,,,,,,,,,,,,,
3,5,,,,,,,98,89,64,20,223.3,2745,10801,33,0,14.8,13.5;2.0;11.2;7.5;4.8;5.0;67.0;44.8;31.9;44.3;81.0;31.9;1.4;2.0;0.0;0.3;0.3;0.8;0.8;0.3;0.6;0.6;0.0;1.9,36.17,0.08,0.0,3.27,14.945,0.759,57910.0,11767.0,4,16,,,,,,,,,,,,,,,,,,,,,,,,,,,,,,,,,,,,,,,,,,,,,,,,,,,,,,,,,,,,,
3,6,,,,,,,96,91,65,19,223.6,2745,10801,33,0,14.4,11.7;1.7;13.1;6.7;3.6;3.6;67.6;58.1;17.9;52.1;98.1;3.1;0.8;0.8;0.3;0.6;0.6;0.6;0.3;0.6;0.6;0.3;0.0;1.7,36.16,0.08,0.01,2.75,14.945,0.759,25781.0,54101.0,4,16,,,,,,,,,,,,,,,,,,,,,,,,,,,,,,,,,,,,,,,,,,,,,,,,,,,,,,,,,,,,,
3,7,,,,,,,100,92,65,20,223.5,2745,10801,33,0,14.1,13.7;0.8;9.0;7.7;6.6;2.5;57.4;43.1;26.4;52.1;91.0;21.4;1.1;1.1;0.3;0.0;0.5;0.3;0.3;0.0;0.0;0.8;0.3;1.4,36.15,0.08,0.0,2.18,14.945,0.759,34912.0,47021.0,4,16,,,,,,,,,,,,,,,,,,,,,,,,,,,,,,,,,,,,,,,,,,,,,,,,,,,,,,,,,,,,,
3,8,,,,,,,96,92,67,19,223.5,2745,10801,33,0,14.2,14.2;1.1;7.9;7.0;2.3;2.8;69.7;59.8;21.7;44.7;92.4;9.6;1.4;0.8;0.0;0.3;0.3;0.6;0.0;0.0;1.1;1.1;0.0;0.6,36.14,0.08,0.0,1.83,14.945,0.759,8251.0,34521.0,4,16,,,,,,,,,,,,,,,,,,,,,,,,,,,,,,,,,,,,,,,,,,,,,,,,,,,,,,,,,,,,,
3,9,,,,,,,100,94,64,18,224.0,2745,10801,33,0,13.6,11.9;2.5;5.3;10.3;2.5;3.6;47.9;64.9;20.2;36.4;95.0;13.4;2.2;1.4;0.8;1.4;0.0;1.1;0.0;0.3;0.6;1.4;0.8;2.5,36.13,0.08,0.0,1.49,14.945,0.759,24707.0,16162.0,4,16,,,,,,,,,,,,,,,,,,,,,,,,,,,,,,,,,,,,,,,,,,,,,,,,,,,,,,,,,,,,,
3,10,,,,,,,96,84,65,19,223.5,2745,10801,33,0,10.7,16.8;0.6;3.1;2.5;1.4;1.1;65.8;35.9;8.7;15.9;99.7;0.3;0.3;0.3;0.0;0.0;0.0;0.3;0.0;0.6;0.6;0.6;0.0;0.6,36.1,0.08,0.01,1.49,14.945,0.759,5419.0,46484.0,4,16,,,,,,,,,,,,,,,,,,,,,,,,,,,,,,,,,,,,,,,,,,,,,,,,,,,,,,,,,,,,,
3,11,,,,,,,100,100,65,19,224.1,2745,10801,33,0,12.4,23.0;0.0;3.6;8.9;5.4;3.6;14.3;76.8;25.0;35.7;100.0;0.0;0.0;0.0;0.0;0.0;0.0;0.0;0.0;0.0;0.0;0.0;0.0;0.0,36.11,0.08,0.0,21.48,14.945,0.759,0.0,2343.0,4,16,,,,,,,,,,,,,,,,,,,,,,,,,,,,,,,,,,,,,,,,,,,,,,,,,,,,,,,,,,,,,
3,summary,0.5633413449980628,0.9252811286769191,0.4974634171647238,0.9381862545750305,0.00099996,55.7,,,,,,,,,,,,,,,,,,,,,,4,89.36,100,0,84.09,100,58,64.09,67,18,19.91,27,150.8,216.83,224.1,2745.0,10801.0,32.6,0,10.7,17.84,57.5,36.1,36.17,36.29,63.16,0.08,0.08,0.08,19.04,0.0,0.0,0.01,0.06,4.7,21.48,11.336,14.186,14.945,14.95,14.945,15.992,0.759,0.76,0.759,0.0,25705.45,57910.0,2343.0,60621.82,224804.0,4,4.0,4,16,16.0,16,4,16,42.44,9.27
4,1,,,,,,,0,0,58,26,141.3,2745,10801,34,0,58.3,85.3;85.2;91.8;87.7;81.9;82.8;96.9;96.6;91.8;93.8;95.9;82.1;52.4;54.3;10.0;11.3;45.5;42.6;7.6;9.7;30.6;29.1;18.2;15.8,36.27,0.08,0.01,0.15,14.945,0.759,7958.0,200341.0,4,16,,,,,,,,,,,,,,,,,,,,,,,,,,,,,,,,,,,,,,,,,,,,,,,,,,,,,,,,,,,,,
4,2,,,,,,,96,91,65,19,223.7,2730,10801,34,0,14.5,17.0;1.1;9.1;8.2;3.6;4.7;22.0;85.2;22.9;47.8;79.2;42.3;1.4;0.5;0.0;0.0;0.3;0.5;0.3;0.3;0.3;0.8;0.0;0.8,36.21,0.08,0.0,7.96,14.945,0.759,4736.0,60839.0,4,16,,,,,,,,,,,,,,,,,,,,,,,,,,,,,,,,,,,,,,,,,,,,,,,,,,,,,,,,,,,,,
4,3,,,,,,,100,100,65,19,224.0,2730,10801,34,0,14.6,13.2;2.2;11.5;12.3;3.4;3.1;61.1;46.8;19.3;53.5;74.4;39.0;1.4;1.4;0.8;0.3;0.0;0.8;0.8;0.3;0.8;0.3;0.3;2.2,36.19,0.08,0.03,5.11,14.945,0.759,26513.0,22851.0,4,16,,,,,,,,,,,,,,,,,,,,,,,,,,,,,,,,,,,,,,,,,,,,,,,,,,,,,,,,,,,,,
4,4,,,,,,,100,94,67,18,223.6,2730,10801,33,0,14.3,14.6;1.7;5.3;8.4;3.6;3.4;79.9;50.3;22.8;48.5;91.7;6.4;0.8;0.8;0.0;0.0;0.3;0.3;0.0;0.0;1.4;1.1;0.0;0.6,36.17,0.08,0.0,4.21,14.945,0.759,4980.0,18652.0,4,16,,,,,,,,,,,,,,,,,,,,,,,,,,,,,,,,,,,,,,,,,,,,,,,,,,,,,,,,,,,,,
4,5,,,,,,,96,92,66,18,223.5,2730,10801,34,0,14.7,18.4;3.1;10.3;10.3;2.8;3.3;42.7;79.1;28.5;43.7;99.7;0.8;1.1;2.2;0.0;0.6;0.3;0.8;0.3;0.3;0.0;1.7;0.3;2.5,36.15,0.08,0.03,3.3,14.945,0.759,10449.0,18603.0,4,16,,,,,,,,,,,,,,,,,,,,,,,,,,,,,,,,,,,,,,,,,,,,,,,,,,,,,,,,,,,,,
4,6,,,,,,,96,89,66,19,223.4,2730,10801,34,0,14.0,14.7;0.8;7.7;9.9;2.2;2.5;57.3;54.1;38.9;36.2;81.6;25.9;0.6;0.8;0.0;0.0;0.3;1.1;0.0;0.0;0.0;0.0;0.0;1.1,36.14,0.08,0.01,2.73,14.945,0.759,18798.0,12207.0,4,16,,,,,,,,,,,,,,,,,,,,,,,,,,,,,,,,,,,,,,,,,,,,,,,,,,,,,,,,,,,,,
4,7,,,,,,,100,100,66,18,224.3,2730,10801,34,0,14.9,13.3;2.2;18.8;7.5;6.4;3.6;53.6;46.4;47.2;25.8;73.9;44.4;2.2;2.8;0.8;0.8;1.7;0.3;0.3;0.3;0.8;1.4;0.8;1.4,36.12,0.08,0.0,2.22,14.945,0.759,17675.0,9179.0,4,16,,,,,,,,,,,,,,,,,,,,,,,,,,,,,,,,,,,,,,,,,,,,,,,,,,,,,,,,,,,,,
4,8,,,,,,,100,91,65,16,224.0,2730,10801,34,0,14.6,14.5;1.7;13.6;5.0;4.2;3.1;62.1;44.0;52.1;32.7;58.7;51.4;2.2;0.3;0.0;0.0;1.7;0.8;0.0;0.0;0.6;0.3;0.0;1.9,36.12,0.08,0.0,1.88,14.945,0.759,4199.0,63183.0,4,16,,,,,,,,,,,,,,,,,,,,,,,,,,,,,,,,,,,,,,,,,,,,,,,,,,,,,,,,,,,,,
4,9,,,,,,,96,86,66,18,224.2,2730,10801,34,0,12.9,12.9;0.3;8.7;5.6;2.2;1.7;65.2;35.4;39.0;14.0;52.8;67.4;1.1;0.6;0.3;0.6;0.0;0.3;0.0;0.0;0.0;0.0;0.3;2.2,36.1,0.08,0.0,1.45,14.945,0.759,34277.0,239697.0,4,16,,,,,,,,,,,,,,,,,,,,,,,,,,,,,,,,,,,,,,,,,,,,,,,,,,,,,,,,,,,,,
4,10,,,,,,,100,93,66,19,224.2,2730,10801,34,0,10.6,15.2;0.6;6.9;1.1;1.7;0.6;33.4;67.5;11.6;11.0;65.7;32.8;0.3;0.8;0.0;0.3;0.3;0.3;0.6;0.3;1.1;0.0;0.0;1.1,36.08,0.08,0.0,4.65,14.945,0.759,12500.0,11914.0,4,16,,,,,,,,,,,,,,,,,,,,,,,,,,,,,,,,,,,,,,,,,,,,,,,,,,,,,,,,,,,,,
4,11,,,,,,,98,99,66,19,224.0,2730,10801,34,0,12.4,20.6;3.3;11.3;3.2;9.7;1.6;95.2;4.8;17.7;25.8;21.0;75.4;4.8;0.0;0.0;0.0;0.0;0.0;0.0;0.0;0.0;0.0;0.0;0.0,36.11,0.08,0.0,0.07,14.945,0.759,878.0,3369.0,4,16,,,,,,,,,,,,,,,,,,,,,,,,,,,,,,,,,,,,,,,,,,,,,,,,,,,,,,,,,,,,,
4,summary,0.5258105370704768,0.936009587438733,0.47889495531006915,0.9488409922732818,0.00099979,55.9,,,,,,,,,,,,,,,,,,,,,,0,89.27,100,0,85.0,100,58,65.09,67,16,19.0,26,141.3,216.38,224.3,2731.4,10801.0,33.9,0,10.6,17.8,58.3,36.08,36.15,36.27,63.16,0.08,0.08,0.08,19.04,0.0,0.01,0.03,0.07,3.07,7.96,11.336,14.186,14.945,14.95,14.945,15.992,0.759,0.76,0.759,878.0,12996.64,34277.0,3369.0,60075.91,239697.0,4,4.0,4,16,16.0,16,4,16,42.48,9.36
5,1,,,,,,,5,0,59,20,144.9,2745,10801,34,0,58.1,85.8;84.2;92.1;93.8;79.0;88.0;95.9;97.6;84.9;92.8;97.3;78.1;50.3;55.1;7.2;8.6;46.1;45.7;5.5;3.8;37.5;31.5;17.9;15.1,36.26,0.08,0.0,2.24,14.945,0.759,20800.0,197216.0,4,16,,,,,,,,,,,,,,,,,,,,,,,,,,,,,,,,,,,,,,,,,,,,,,,,,,,,,,,,,,,,,
5,2,,,,,,,96,92,67,19,223.3,2730,10801,34,0,14.4,13.2;2.2;10.7;6.2;5.6;3.7;54.8;70.5;52.1;21.1;84.3;15.7;1.1;0.6;0.3;0.6;0.6;0.6;0.3;0.0;0.8;0.3;0.3;0.3,36.22,0.08,0.03,6.35,14.945,0.759,4687.0,30126.0,4,16,,,,,,,,,,,,,,,,,,,,,,,,,,,,,,,,,,,,,,,,,,,,,,,,,,,,,,,,,,,,,
5,3,,,,,,,100,94,64,17,223.6,2730,10801,34,0,14.6,13.5;2.2;12.3;4.2;3.9;3.4;65.7;64.9;44.4;18.7;83.8;27.9;1.4;1.1;0.6;0.3;0.0;0.3;0.3;0.0;1.1;0.0;0.3;0.0,36.19,0.08,0.0,5.08,14.945,0.759,32080.0,49267.0,4,16,,,,,,,,,,,,,,,,,,,,,,,,,,,,,,,,,,,,,,,,,,,,,,,,,,,,,,,,,,,,,
5,4,,,,,,,100,91,66,17,223.7,2730,10801,34,0,14.3,13.9;1.7;16.5;3.1;2.8;1.4;71.8;48.5;45.7;17.4;81.0;35.0;1.1;0.8;0.3;0.0;0.3;0.0;0.0;0.0;0.3;0.0;0.0;1.4,36.16,0.08,0.0,4.13,14.945,0.759,24755.0,11132.0,4,16,,,,,,,,,,,,,,,,,,,,,,,,,,,,,,,,,,,,,,,,,,,,,,,,,,,,,,,,,,,,,
5,5,,,,,,,100,99,66,18,223.6,2730,10801,34,0,14.3,15.9;1.4;11.5;4.1;4.1;1.7;69.8;71.1;31.9;23.7;90.4;11.3;0.8;1.1;0.3;0.0;0.8;0.3;0.0;0.3;0.6;0.0;0.3;1.4,36.16,0.08,0.0,3.27,14.945,0.759,24414.0,40429.0,4,16,,,,,,,,,,,,,,,,,,,,,,,,,,,,,,,,,,,,,,,,,,,,,,,,,,,,,,,,,,,,,
5,6,,,,,,,98,89,65,17,223.6,2730,10801,34,0,14.7,15.6;2.2;10.0;8.3;2.5;3.9;59.8;64.0;46.2;22.8;98.3;6.4;2.0;2.8;0.3;0.6;2.2;1.4;0.0;0.6;0.6;0.6;0.6;1.1,36.14,0.08,0.01,2.77,14.945,0.759,10546.0,49462.0,4,16,,,,,,,,,,,,,,,,,,,,,,,,,,,,,,,,,,,,,,,,,,,,,,,,,,,,,,,,,,,,,
5,7,,,,,,,96,91,66,18,223.9,2730,10801,34,0,15.3,14.7;3.6;15.3;11.2;4.5;5.0;78.1;50.8;48.7;19.6;100.0;1.4;1.7;3.1;0.0;0.8;0.8;1.1;0.8;0.3;1.4;0.3;0.8;3.6,36.13,0.08,0.0,2.17,14.945,0.759,42724.0,34570.0,4,16,,,,,,,,,,,,,,,,,,,,,,,,,,,,,,,,,,,,,,,,,,,,,,,,,,,,,,,,,,,,,
5,8,,,,,,,100,100,66,18,224.4,2730,10801,34,0,14.5,15.1;2.5;8.6;8.3;5.0;3.1;48.2;70.0;49.3;28.6;79.5;25.3;1.4;1.4;0.3;0.0;0.6;0.6;0.0;0.0;0.0;0.6;0.3;0.0,36.11,0.08,0.0,1.83,14.945,0.759,20947.0,60937.0,4,16,,,,,,,,,,,,,,,,,,,,,,,,,,,,,,,,,,,,,,,,,,,,,,,,,,,,,,,,,,,,,
5,9,,,,,,,96,92,66,17,224.3,2730,10801,34,0,13.8,14.9;1.4;9.4;5.0;4.1;3.3;51.5;67.2;34.0;26.4;98.6;2.8;1.9;0.6;0.3;0.0;1.7;0.6;1.1;1.1;1.1;0.8;0.6;1.9,36.1,0.08,0.0,1.46,14.945,0.759,22021.0,40771.0,4,16,,,,,,,,,,,,,,,,,,,,,,,,,,,,,,,,,,,,,,,,,,,,,,,,,,,,,,,,,,,,,
5,10,,,,,,,100,91,66,18,223.5,2730,10801,35,0,10.3,11.1;0.8;3.1;2.2;1.4;2.0;61.7;38.4;12.8;9.2;98.9;3.4;0.6;0.0;0.0;0.0;0.0;0.0;0.0;0.0;1.1;0.0;0.0;0.0,36.08,0.08,0.0,4.73,14.945,0.759,8886.0,11181.0,4,16,,,,,,,,,,,,,,,,,,,,,,,,,,,,,,,,,,,,,,,,,,,,,,,,,,,,,,,,,,,,,
5,11,,,,,,,100,91,68,16,224.0,2730,10801,34,0,12.0,8.1;3.3;20.0;1.7;3.3;3.3;26.7;71.7;6.7;33.3;98.3;0.0;0.0;1.7;0.0;0.0;0.0;1.7;1.7;1.7;1.7;0.0;0.0;3.3,36.11,0.08,0.0,0.16,14.945,0.759,0.0,2197.0,4,16,,,,,,,,,,,,,,,,,,,,,,,,,,,,,,,,,,,,,,,,,,,,,,,,,,,,,,,,,,,,,
5,summary,0.5106464873202083,0.9408391879381983,0.47872032913651685,0.9498576657177714,0.00099950,55.7,,,,,,,,,,,,,,,,,,,,,,5,90.09,100,0,84.55,100,59,65.36,68,16,17.73,20,144.9,216.62,224.4,2731.4,10801.0,34.1,0,10.3,17.85,58.1,36.08,36.15,36.26,63.16,0.08,0.08,0.08,19.04,0.0,0.0,0.03,0.16,3.11,6.35,11.335,14.186,14.945,14.95,14.945,15.992,0.759,0.76,0.759,0.0,19260.0,42724.0,2197.0,47935.27,197216.0,4,4.0,4,16,16.0,16,4,16,42.14,9.59
6,1,,,,,,,0,0,59,22,132.0,2745,10801,35,0,59.9,76.3;80.0;88.0;85.6;72.6;79.7;96.2;93.5;82.8;79.1;94.5;88.0;51.9;43.8;18.7;21.2;39.9;46.6;19.6;16.4;46.1;46.8;43.3;28.6,36.26,0.08,0.01,2.21,14.945,0.759,3466.0,224560.0,4,16,,,,,,,,,,,,,,,,,,,,,,,,,,,,,,,,,,,,,,,,,,,,,,,,,,,,,,,,,,,,,
6,2,,,,,,,100,98,66,19,223.7,2730,10801,34,0,14.9,13.0;3.6;11.7;10.0;5.0;3.6;48.1;80.5;23.4;41.9;96.1;10.0;2.8;1.9;0.3;0.3;0.3;0.0;0.0;0.0;1.4;0.3;0.3;1.9,36.22,0.08,0.0,6.35,14.945,0.759,4492.0,47460.0,4,16,,,,,,,,,,,,,,,,,,,,,,,,,,,,,,,,,,,,,,,,,,,,,,,,,,,,,,,,,,,,,
6,3,,,,,,,95,48,65,21,212.9,2730,10801,35,0,13.9,16.1;1.1;8.2;8.8;2.5;2.7;32.4;71.9;25.5;29.6;85.2;44.8;1.7;1.9;0.0;0.0;0.0;0.0;0.0;0.0;0.0;0.0;0.0;1.6,36.2,0.08,0.01,4.97,14.945,0.759,7421.0,49609.0,4,16,,,,,,,,,,,,,,,,,,,,,,,,,,,,,,,,,,,,,,,,,,,,,,,,,,,,,,,,,,,,,
6,4,,,,,,,100,98,66,18,224.3,2730,10801,35,0,14.1,15.6;1.7;12.8;7.3;2.5;2.5;45.4;64.1;38.7;44.0;82.7;15.4;1.1;0.6;0.0;0.0;1.4;0.0;0.6;0.0;0.0;0.3;0.0;1.1,36.17,0.08,0.0,4.18,14.945,0.759,34521.0,10205.0,4,16,,,,,,,,,,,,,,,,,,,,,,,,,,,,,,,,,,,,,,,,,,,,,,,,,,,,,,,,,,,,,
6,5,,,,,,,98,91,66,18,223.6,2730,10801,35,0,14.7,15.0;2.2;16.5;8.7;8.1;2.2;57.4;51.3;29.1;41.1;91.3;19.6;2.0;1.1;0.3;0.8;1.7;2.0;0.0;0.8;1.4;0.0;0.3;1.1,36.16,0.08,0.0,3.27,14.945,0.759,41845.0,19140.0,4,16,,,,,,,,,,,,,,,,,,,,,,,,,,,,,,,,,,,,,,,,,,,,,,,,,,,,,,,,,,,,,
6,6,,,,,,,96,91,66,18,224.3,2730,10801,35,0,14.1,14.4;0.6;10.0;5.0;4.2;2.2;62.2;38.0;17.8;42.5;68.9;69.1;1.1;0.0;0.0;0.0;0.3;0.3;0.0;0.3;0.6;0.0;0.0;1.1,36.14,0.08,0.0,2.72,14.945,0.759,36376.0,46191.0,4,16,,,,,,,,,,,,,,,,,,,,,,,,,,,,,,,,,,,,,,,,,,,,,,,,,,,,,,,,,,,,,
6,7,,,,,,,100,92,68,19,224.2,2730,10801,35,0,14.0,13.7;1.6;12.0;5.5;3.6;1.6;32.9;73.2;30.9;47.7;79.4;31.5;1.1;1.4;0.0;0.3;0.0;0.0;0.0;0.0;0.0;0.0;0.0;0.3,36.13,0.08,0.0,2.16,14.945,0.759,41357.0,74853.0,4,16,,,,,,,,,,,,,,,,,,,,,,,,,,,,,,,,,,,,,,,,,,,,,,,,,,,,,,,,,,,,,
6,8,,,,,,,98,93,66,17,224.7,2730,10801,35,0,14.6,13.2;1.1;11.2;10.7;4.8;2.0;27.0;84.6;22.8;42.4;94.1;28.4;1.1;1.7;0.0;0.0;1.1;0.6;0.0;0.3;0.3;0.3;0.8;2.5,36.12,0.08,0.01,1.92,14.945,0.759,5273.0,54785.0,4,16,,,,,,,,,,,,,,,,,,,,,,,,,,,,,,,,,,,,,,,,,,,,,,,,,,,,,,,,,,,,,
6,9,,,,,,,100,91,68,18,224.7,2730,10801,35,0,13.1,12.0;0.8;8.4;8.7;3.6;2.2;54.2;48.3;17.1;44.0;61.2;48.6;1.4;0.8;0.0;0.0;0.3;1.1;0.0;0.0;0.8;0.3;0.0;0.6,36.11,0.08,0.0,1.5,14.945,0.759,15185.0,12841.0,4,16,,,,,,,,,,,,,,,,,,,,,,,,,,,,,,,,,,,,,,,,,,,,,,,,,,,,,,,,,,,,,
6,10,,,,,,,97,93,66,18,224.0,2730,10801,35,0,11.3,13.8;1.1;5.6;4.5;2.8;3.1;55.7;46.9;17.2;13.4;99.7;1.4;0.6;0.6;0.3;0.3;0.0;0.3;0.6;0.3;0.3;0.3;0.6;1.1,36.07,0.08,0.0,4.73,14.945,0.759,8203.0,11181.0,4,16,,,,,,,,,,,,,,,,,,,,,,,,,,,,,,,,,,,,,,,,,,,,,,,,,,,,,,,,,,,,,
6,11,,,,,,,100,91,68,18,224.7,2730,10801,35,0,12.4,21.0;0.0;22.8;3.5;5.3;5.3;12.3;80.7;8.8;31.6;21.1;75.4;1.8;1.8;1.8;0.0;1.8;0.0;0.0;0.0;0.0;1.8;0.0;0.0,36.1,0.08,0.0,0.0,14.945,0.759,0.0,1953.0,4,16,,,,,,,,,,,,,,,,,,,,,,,,,,,,,,,,,,,,,,,,,,,,,,,,,,,,,,,,,,,,,
6,summary,0.4980641901987108,0.9445851782215875,0.47609771183226446,0.9514843432289548,0.00099908,55.7,,,,,,,,,,,,,,,,,,,,,,0,89.45,100,0,80.55,98,59,65.82,68,17,18.73,22,132.0,214.83,224.7,2731.4,10801.0,34.9,0,11.3,17.91,59.9,36.07,36.15,36.26,63.16,0.08,0.08,0.08,19.04,0.0,0.0,0.01,0.0,3.09,6.35,11.334,14.186,14.945,14.95,14.945,15.992,0.759,0.76,0.759,0.0,18012.64,41845.0,1953.0,50252.55,224560.0,4,4.0,4,16,16.0,16,4,16,42.55,9.22
7,1,,,,,,,1,0,59,20,124.2,2745,10801,35,0,59.0,80.3;88.3;92.0;94.5;84.8;89.6;95.5;95.5;78.1;87.5;96.2;89.9;55.6;49.0;11.8;14.1;47.2;49.0;8.7;9.0;31.0;30.6;20.7;17.0,36.33,0.08,0.03,2.34,14.945,0.759,19921.0,196386.0,4,16,,,,,,,,,,,,,,,,,,,,,,,,,,,,,,,,,,,,,,,,,,,,,,,,,,,,,,,,,,,,,
7,2,,,,,,,98,97,66,19,213.6,2745,10801,35,0,14.8,14.2;2.5;12.3;8.8;4.1;2.8;50.1;72.6;19.5;49.3;78.8;29.0;1.4;1.4;0.3;0.3;1.1;0.8;0.3;1.1;0.8;0.3;0.6;3.3,36.22,0.08,0.03,6.26,14.945,0.759,32910.0,12548.0,4,16,,,,,,,,,,,,,,,,,,,,,,,,,,,,,,,,,,,,,,,,,,,,,,,,,,,,,,,,,,,,,
7,3,,,,,,,100,91,68,16,225.9,2745,10801,35,0,14.3,16.5;1.1;7.6;10.3;2.5;4.7;59.3;49.3;12.0;64.1;64.0;47.5;0.6;0.3;1.1;0.0;0.3;0.0;0.0;0.0;0.6;0.3;0.0;1.7,36.17,0.08,0.0,5.08,14.945,0.759,7812.0,17724.0,4,16,,,,,,,,,,,,,,,,,,,,,,,,,,,,,,,,,,,,,,,,,,,,,,,,,,,,,,,,,,,,,
7,4,,,,,,,97,94,67,18,224.1,2745,10801,35,0,14.4,14.8;0.8;6.7;13.6;1.7;2.8;55.1;62.8;20.0;55.6;84.2;22.5;1.1;0.8;0.0;0.0;0.3;0.3;0.0;0.0;0.0;0.6;0.0;0.6,36.15,0.08,0.0,4.18,14.945,0.759,19628.0,30712.0,4,16,,,,,,,,,,,,,,,,,,,,,,,,,,,,,,,,,,,,,,,,,,,,,,,,,,,,,,,,,,,,,
7,5,,,,,,,97,91,66,18,224.5,2745,10801,35,0,15.1,16.7;2.0;7.8;10.8;3.1;3.9;61.6;51.4;24.7;51.0;79.9;35.5;1.4;3.3;0.0;0.3;1.1;1.4;0.8;0.0;1.4;0.6;0.8;3.6,36.14,0.08,0.0,3.28,14.945,0.759,29492.0,50732.0,4,16,,,,,,,,,,,,,,,,,,,,,,,,,,,,,,,,,,,,,,,,,,,,,,,,,,,,,,,,,,,,,
7,6,,,,,,,96,93,65,17,214.1,2745,10801,35,0,14.3,13.5;0.8;8.2;8.8;3.6;4.4;60.9;50.0;34.9;44.5;81.9;23.4;0.8;1.4;0.3;0.6;0.8;0.6;0.8;0.3;0.8;1.1;0.3;0.8,36.13,0.08,0.03,2.69,14.945,0.759,9667.0,36474.0,4,16,,,,,,,,,,,,,,,,,,,,,,,,,,,,,,,,,,,,,,,,,,,,,,,,,,,,,,,,,,,,,
7,7,,,,,,,100,100,67,17,224.7,2745,10801,35,0,14.0,12.2;1.7;9.8;12.3;2.0;2.5;71.6;37.1;34.0;34.5;81.7;31.4;0.8;0.6;0.0;0.0;0.3;0.3;0.0;0.0;0.0;0.0;0.0;2.2,36.12,0.08,0.0,2.24,14.945,0.759,6250.0,25585.0,4,16,,,,,,,,,,,,,,,,,,,,,,,,,,,,,,,,,,,,,,,,,,,,,,,,,,,,,,,,,,,,,
7,8,,,,,,,98,90,66,17,224.8,2745,10801,35,0,13.9,13.4;0.8;7.8;6.7;1.4;2.2;48.2;85.5;38.0;22.3;96.1;8.1;0.8;0.0;0.3;0.3;0.6;0.6;0.3;0.0;0.3;0.8;0.0;0.0,36.11,0.08,0.0,1.82,14.945,0.759,4248.0,39257.0,4,16,,,,,,,,,,,,,,,,,,,,,,,,,,,,,,,,,,,,,,,,,,,,,,,,,,,,,,,,,,,,,
7,9,,,,,,,96,91,66,18,225.1,2745,10801,35,0,13.3,13.6;2.5;5.9;6.2;3.1;3.4;51.0;57.7;39.8;29.2;98.3;1.7;0.6;1.1;0.0;0.0;2.0;1.7;0.0;0.0;0.0;0.0;0.0;1.9,36.09,0.08,0.01,1.5,14.945,0.759,8251.0,12109.0,4,16,,,,,,,,,,,,,,,,,,,,,,,,,,,,,,,,,,,,,,,,,,,,,,,,,,,,,,,,,,,,,
7,10,,,,,,,100,92,67,17,217.2,2745,10801,35,0,11.0,15.0;0.6;5.2;3.9;2.5;2.2;33.7;66.0;11.6;17.1;99.4;1.1;1.1;0.3;0.3;0.3;0.3;0.6;0.3;0.0;0.8;0.6;0.6;0.6,36.07,0.08,0.01,4.66,14.945,0.759,9326.0,12353.0,4,16,,,,,,,,,,,,,,,,,,,,,,,,,,,,,,,,,,,,,,,,,,,,,,,,,,,,,,,,,,,,,
7,11,,,,,,,97,92,67,18,225.3,2745,10801,35,0,12.6,19.4;0.0;8.8;19.3;5.3;3.5;93.0;5.3;14.0;31.6;93.0;1.8;1.8;0.0;0.0;0.0;0.0;0.0;0.0;0.0;0.0;0.0;0.0;3.4,36.1,0.08,0.0,0.04,14.945,0.759,976.0,97.0,4,16,,,,,,,,,,,,,,,,,,,,,,,,,,,,,,,,,,,,,,,,,,,,,,,,,,,,,,,,,,,,,
7,summary,0.4910187009349302,0.9456903171174533,0.45964573724524865,0.9545343635624237,0.00099853,55.7,,,,,,,,,,,,,,,,,,,,,,1,89.09,100,0,84.64,100,59,65.82,68,16,17.73,20,124.2,213.05,225.9,2745.0,10801.0,35.0,0,11.0,17.88,59.0,36.07,36.15,36.33,63.16,0.08,0.08,0.08,19.04,0.0,0.01,0.03,0.04,3.1,6.26,11.333,14.186,14.945,14.95,14.945,15.992,0.759,0.76,0.759,976.0,13498.27,32910.0,97.0,39452.45,196386.0,4,4.0,4,16,16.0,16,4,16,42.11,9.68
8,1,,,,,,,16,17,64,20,119.0,2745,10801,35,0,57.9,79.9;80.5;90.4;87.0;84.6;89.3;95.9;98.3;77.5;87.7;95.2;75.7;44.0;53.6;11.7;15.1;36.4;48.6;8.2;12.3;41.1;41.4;21.0;16.0,36.26,0.08,0.0,2.25,14.945,0.759,14990.0,206982.0,4,16,,,,,,,,,,,,,,,,,,,,,,,,,,,,,,,,,,,,,,,,,,,,,,,,,,,,,,,,,,,,,
8,2,,,,,,,100,91,66,19,223.9,2730,10801,35,0,14.2,12.5;0.6;11.2;6.5;5.3;0.8;75.8;29.8;53.5;20.2;65.4;52.2;2.8;0.3;0.0;0.0;0.6;0.8;0.3;0.0;0.8;0.6;0.0;0.6,36.23,0.08,0.0,6.34,14.945,0.759,25390.0,13476.0,4,16,,,,,,,,,,,,,,,,,,,,,,,,,,,,,,,,,,,,,,,,,,,,,,,,,,,,,,,,,,,,,
8,3,,,,,,,96,92,68,18,223.7,2730,10801,35,0,15.7,16.0;4.5;16.2;8.6;5.9;4.5;34.9;83.3;54.9;18.8;88.3;22.1;2.2;1.7;0.8;0.6;0.3;2.2;0.3;0.6;2.0;2.5;0.8;3.4,36.21,0.08,0.0,5.08,14.945,0.759,4931.0,23583.0,4,16,,,,,,,,,,,,,,,,,,,,,,,,,,,,,,,,,,,,,,,,,,,,,,,,,,,,,,,,,,,,,
8,4,,,,,,,100,96,67,17,224.7,2730,10801,35,0,14.8,18.9;1.7;12.5;6.4;4.8;2.2;36.7;64.6;55.6;14.8;61.2;65.1;2.0;1.4;0.6;0.3;0.3;2.0;0.3;0.0;1.1;0.3;0.8;0.8,36.17,0.08,0.0,4.16,14.945,0.759,30419.0,59375.0,4,16,,,,,,,,,,,,,,,,,,,,,,,,,,,,,,,,,,,,,,,,,,,,,,,,,,,,,,,,,,,,,
8,5,,,,,,,98,96,66,16,224.4,2730,10801,35,0,15.0,17.6;1.1;15.1;5.8;5.5;2.5;68.2;67.9;34.2;21.3;91.0;18.6;1.6;0.8;0.0;0.0;1.1;1.6;0.5;0.5;1.1;0.0;0.5;1.4,36.16,0.08,0.0,3.23,14.945,0.759,17089.0,12353.0,4,16,,,,,,,,,,,,,,,,,,,,,,,,,,,,,,,,,,,,,,,,,,,,,,,,,,,,,,,,,,,,,
8,6,,,,,,,100,100,68,16,224.7,2730,10801,35,0,14.9,18.5;3.0;13.0;6.7;6.1;3.1;68.1;65.0;46.9;15.3;98.6;2.2;2.2;1.4;0.3;0.3;1.1;0.6;0.3;0.3;0.8;0.6;0.8;1.9,36.16,0.08,0.01,2.75,14.945,0.759,4492.0,148730.0,4,16,,,,,,,,,,,,,,,,,,,,,,,,,,,,,,,,,,,,,,,,,,,,,,,,,,,,,,,,,,,,,
8,7,,,,,,,96,84,66,17,224.6,2730,10801,35,0,14.2,15.2;1.9;12.7;3.9;3.6;3.1;38.9;92.8;39.7;19.4;91.1;13.1;1.7;1.1;0.0;0.3;0.8;0.6;0.0;0.6;0.0;0.3;0.0;1.1,36.14,0.08,0.01,2.18,14.945,0.759,3955.0,196777.0,4,16,,,,,,,,,,,,,,,,,,,,,,,,,,,,,,,,,,,,,,,,,,,,,,,,,,,,,,,,,,,,,
8,8,,,,,,,100,96,68,18,224.7,2730,10801,35,0,14.5,13.7;2.5;13.4;5.9;3.9;3.6;53.8;57.7;49.2;24.9;89.6;22.6;2.0;1.4;0.0;0.0;0.6;0.8;0.0;0.0;1.1;0.3;0.3;1.4,36.14,0.08,0.04,1.93,14.945,0.759,4882.0,25878.0,4,16,,,,,,,,,,,,,,,,,,,,,,,,,,,,,,,,,,,,,,,,,,,,,,,,,,,,,,,,,,,,,
8,9,,,,,,,99,100,66,18,226.3,2730,10801,35,0,13.4,13.4;0.6;9.1;3.9;2.7;2.5;67.5;42.3;31.5;24.8;88.5;26.4;1.9;0.3;0.0;0.0;1.4;0.8;0.6;0.0;0.3;0.3;0.6;2.2,36.11,0.08,0.01,1.82,14.945,0.759,16259.0,136816.0,4,16,,,,,,,,,,,,,,,,,,,,,,,,,,,,,,,,,,,,,,,,,,,,,,,,,,,,,,,,,,,,,
8,10,,,,,,,100,99,68,17,225.4,2730,10801,35,0,11.3,14.4;2.2;6.1;4.8;2.2;1.4;35.1;68.9;7.3;19.0;99.2;0.8;1.1;1.1;0.6;0.0;1.1;1.4;0.0;0.3;2.2;0.6;0.6;1.1,36.07,0.08,0.0,4.38,14.945,0.759,19677.0,52587.0,4,16,,,,,,,,,,,,,,,,,,,,,,,,,,,,,,,,,,,,,,,,,,,,,,,,,,,,,,,,,,,,,
8,11,,,,,,,96,92,66,17,225.4,2730,10801,35,0,11.8,8.5;3.5;22.8;3.5;1.8;3.5;12.3;86.0;22.4;26.3;71.9;19.3;0.0;0.0;0.0;0.0;0.0;0.0;0.0;0.0;0.0;0.0;0.0;0.0,36.11,0.08,0.0,0.03,14.945,0.759,4052.0,2001.0,4,16,,,,,,,,,,,,,,,,,,,,,,,,,,,,,,,,,,,,,,,,,,,,,,,,,,,,,,,,,,,,,
8,summary,0.48181417720161407,0.9487186847411894,0.4614580152358598,0.9557543716958113,0.00099786,55.8,,,,,,,,,,,,,,,,,,,,,,16,91.0,100,17,87.55,100,64,66.64,68,16,17.55,20,119.0,215.16,226.3,2731.4,10801.0,35.0,0,11.3,17.97,57.9,36.07,36.16,36.26,63.16,0.08,0.08,0.08,19.04,0.0,0.01,0.04,0.03,3.1,6.34,11.336,14.186,14.945,14.95,14.945,15.992,0.759,0.76,0.759,3955.0,13285.09,30419.0,2001.0,79868.91,206982.0,4,4.0,4,16,16.0,16,4,16,42.56,9.23
9,1,,,,,,,26,22,60,20,159.2,2745,10801,36,0,58.2,88.6;89.6;96.5;91.7;91.0;88.9;97.2;95.5;84.8;88.9;97.2;76.6;53.3;59.0;8.2;10.2;36.3;41.6;4.5;6.8;31.3;30.8;14.9;13.7,36.25,0.08,0.03,1.93,14.945,0.759,48730.0,26464.0,4,16,,,,,,,,,,,,,,,,,,,,,,,,,,,,,,,,,,,,,,,,,,,,,,,,,,,,,,,,,,,,,
9,2,,,,,,,100,100,66,19,224.8,2730,10801,35,0,14.4,15.8;2.2;11.1;8.6;3.1;2.2;68.1;46.5;34.7;46.4;95.0;3.9;0.6;1.4;0.6;0.3;1.1;1.1;0.3;0.0;0.6;0.6;1.1;0.8,36.2,0.08,0.02,5.4,14.945,0.759,22167.0,156494.0,4,16,,,,,,,,,,,,,,,,,,,,,,,,,,,,,,,,,,,,,,,,,,,,,,,,,,,,,,,,,,,,,
9,3,,,,,,,98,90,66,18,224.4,2730,10801,35,0,14.5,13.1;1.7;9.5;9.8;2.5;4.5;58.3;68.3;34.2;33.2;98.0;3.6;0.8;1.7;0.6;0.8;1.1;0.8;0.0;0.3;0.8;1.1;0.0;2.5,36.17,0.08,0.01,4.34,14.945,0.759,20947.0,21142.0,4,16,,,,,,,,,,,,,,,,,,,,,,,,,,,,,,,,,,,,,,,,,,,,,,,,,,,,,,,,,,,,,
9,4,,,,,,,100,91,66,18,224.6,2730,10801,35,0,14.6,12.6;2.2;7.7;10.5;3.0;7.1;75.0;53.4;23.9;34.4;93.1;18.2;0.8;1.7;0.3;0.0;0.6;0.6;0.6;0.3;0.6;0.0;0.8;1.9,36.15,0.08,0.01,3.45,14.945,0.759,21923.0,11230.0,4,16,,,,,,,,,,,,,,,,,,,,,,,,,,,,,,,,,,,,,,,,,,,,,,,,,,,,,,,,,,,,,
9,5,,,,,,,96,93,68,18,224.3,2730,10801,35,0,14.6,11.4;2.0;9.7;10.9;3.6;3.6;55.6;56.7;23.7;45.8;92.5;27.4;0.8;0.6;0.3;0.3;0.6;1.1;0.3;0.0;1.1;1.1;0.0;1.4,36.13,0.08,0.04,2.95,14.945,0.759,29296.0,10888.0,4,16,,,,,,,,,,,,,,,,,,,,,,,,,,,,,,,,,,,,,,,,,,,,,,,,,,,,,,,,,,,,,
9,6,,,,,,,100,100,66,16,224.9,2730,10801,35,0,14.5,12.2;1.1;5.6;11.9;3.3;4.7;68.0;58.8;38.9;37.8;95.0;3.3;1.4;1.9;0.3;0.0;0.8;0.6;0.0;0.0;0.3;0.0;0.0;1.9,36.13,0.08,0.02,2.18,14.945,0.759,4394.0,31933.0,4,16,,,,,,,,,,,,,,,,,,,,,,,,,,,,,,,,,,,,,,,,,,,,,,,,,,,,,,,,,,,,,
9,7,,,,,,,100,90,66,18,224.6,2730,10801,35,0,14.8,14.4;2.5;7.0;11.2;3.4;4.5;56.3;75.1;30.8;39.7;97.2;4.7;0.6;0.6;0.3;0.0;1.1;0.3;0.3;0.3;1.1;1.4;0.8;0.8,36.12,0.08,0.0,2.06,14.945,0.759,32324.0,25146.0,4,16,,,,,,,,,,,,,,,,,,,,,,,,,,,,,,,,,,,,,,,,,,,,,,,,,,,,,,,,,,,,,
9,8,,,,,,,100,100,66,18,224.9,2730,10801,35,0,14.3,15.5;2.2;5.2;9.9;3.3;5.5;72.1;62.7;24.0;37.6;99.2;1.1;0.6;0.8;0.0;0.0;0.6;0.8;0.0;0.0;0.8;0.3;0.0;1.1,36.12,0.08,0.0,1.45,14.945,0.759,4980.0,30419.0,4,16,,,,,,,,,,,,,,,,,,,,,,,,,,,,,,,,,,,,,,,,,,,,,,,,,,,,,,,,,,,,,
9,9,,,,,,,100,92,67,15,225.0,2730,10801,36,0,13.1,15.0;2.2;7.8;4.5;3.9;3.9;74.3;46.5;17.5;31.1;98.0;5.3;0.6;2.2;0.0;0.0;0.6;0.0;0.0;0.0;0.0;0.0;0.3;0.6,36.1,0.08,0.0,1.84,14.945,0.759,21923.0,22509.0,4,16,,,,,,,,,,,,,,,,,,,,,,,,,,,,,,,,,,,,,,,,,,,,,,,,,,,,,,,,,,,,,
9,10,,,,,,,97,93,68,18,224.7,2730,10801,35,0,11.4,13.1;1.1;6.0;4.4;3.0;2.5;36.5;67.4;17.9;10.2;100.0;1.7;1.4;1.9;0.0;0.3;0.0;1.1;0.3;0.3;1.4;0.3;0.8;1.6,36.08,0.08,0.0,3.31,14.945,0.759,5419.0,27880.0,4,16,,,,,,,,,,,,,,,,,,,,,,,,,,,,,,,,,,,,,,,,,,,,,,,,,,,,,,,,,,,,,
9,11,,,,,,,96,85,67,16,215.9,2730,10801,36,0,12.6,19.4;1.8;18.2;12.5;5.5;1.8;92.7;8.8;24.6;18.2;94.6;0.0;0.0;0.0;0.0;0.0;0.0;1.8;0.0;0.0;0.0;0.0;0.0;0.0,36.1,0.08,0.0,0.02,14.945,0.759,488.0,390.0,4,16,,,,,,,,,,,,,,,,,,,,,,,,,,,,,,,,,,,,,,,,,,,,,,,,,,,,,,,,,,,,,
9,summary,0.4747613928736504,0.9514815319808538,0.45240333097259317,0.963440422936153,0.00099707,55.8,,,,,,,,,,,,,,,,,,,,,,26,92.09,100,22,86.91,100,60,66.0,68,15,17.64,20,159.2,217.94,225.0,2731.4,10801.0,35.3,0,11.4,17.91,58.2,36.08,36.14,36.25,63.16,0.08,0.08,0.08,19.04,0.0,0.01,0.04,0.02,2.63,5.4,11.336,14.186,14.945,14.95,14.945,15.992,0.759,0.76,0.759,488.0,19326.45,48730.0,390.0,33135.91,156494.0,4,4.0,4,16,16.0,16,4,16,42.42,9.39
10,1,,,,,,,6,0,59,19,151.6,2745,10801,35,0,58.9,77.5;83.1;88.6;91.7;89.0;91.0;95.5;98.6;75.0;92.0;90.6;88.5;48.4;62.3;12.7;13.4;45.7;54.5;7.8;7.9;33.1;32.9;20.3;16.6,36.29,0.08,0.0,2.3,14.945,0.759,58300.0,45166.0,4,16,,,,,,,,,,,,,,,,,,,,,,,,,,,,,,,,,,,,,,,,,,,,,,,,,,,,,,,,,,,,,
10,2,,,,,,,99,100,66,19,224.6,2730,10801,36,0,14.6,13.7;0.6;10.9;7.0;4.2;2.2;49.7;61.3;21.4;50.3;87.5;30.9;1.1;2.2;0.6;0.6;1.7;0.6;0.6;0.0;0.6;0.3;0.8;1.7,36.24,0.08,0.02,6.34,14.945,0.759,41748.0,10449.0,4,16,,,,,,,,,,,,,,,,,,,,,,,,,,,,,,,,,,,,,,,,,,,,,,,,,,,,,,,,,,,,,
10,3,,,,,,,97,87,66,18,223.9,2730,10801,35,0,14.2,11.3;1.9;11.8;7.7;2.5;2.5;45.3;70.5;18.7;46.6;72.9;42.5;1.7;0.8;0.0;0.0;1.1;0.3;0.0;0.0;0.8;0.6;0.3;1.9,36.22,0.08,0.0,5.0,14.945,0.759,33300.0,24755.0,4,16,,,,,,,,,,,,,,,,,,,,,,,,,,,,,,,,,,,,,,,,,,,,,,,,,,,,,,,,,,,,,
10,4,,,,,,,96,92,66,19,224.9,2730,10801,36,0,14.2,14.2;2.0;10.3;6.1;3.4;3.6;66.0;50.8;29.5;44.7;75.3;28.8;0.6;1.1;0.0;0.0;0.0;0.3;0.0;0.0;0.3;0.6;0.6;1.1,36.2,0.08,0.02,4.17,14.945,0.759,35986.0,11523.0,4,16,,,,,,,,,,,,,,,,,,,,,,,,,,,,,,,,,,,,,,,,,,,,,,,,,,,,,,,,,,,,,
10,5,,,,,,,100,92,67,17,224.0,2730,10801,36,0,15.0,16.0;1.7;12.3;8.6;3.9;5.0;29.6;73.2;23.7;47.6;56.1;70.1;1.7;2.8;0.3;0.3;0.8;1.4;0.6;0.6;1.1;0.6;0.3;1.4,36.18,0.08,0.0,3.26,14.945,0.759,26318.0,11572.0,4,16,,,,,,,,,,,,,,,,,,,,,,,,,,,,,,,,,,,,,,,,,,,,,,,,,,,,,,,,,,,,,
10,6,,,,,,,96,93,68,17,223.3,2730,10801,36,0,15.0,16.9;1.7;12.8;6.4;3.9;5.3;54.6;55.0;25.1;44.1;64.1;56.0;2.0;2.8;0.6;0.8;1.7;3.1;0.0;0.0;0.8;0.6;0.3;1.1,36.16,0.08,0.0,2.76,14.945,0.759,24804.0,23974.0,4,16,,,,,,,,,,,,,,,,,,,,,,,,,,,,,,,,,,,,,,,,,,,,,,,,,,,,,,,,,,,,,
10,7,,,,,,,100,90,66,17,224.1,2730,10801,36,0,14.5,12.0;1.4;10.4;10.2;4.4;3.0;50.3;74.8;32.8;37.1;94.3;5.5;1.1;1.6;0.3;0.0;1.4;1.1;0.5;0.3;1.4;0.5;0.3;1.6,36.14,0.08,0.02,2.2,14.981,0.795,13183.0,35400.0,4,16,,,,,,,,,,,,,,,,,,,,,,,,,,,,,,,,,,,,,,,,,,,,,,,,,,,,,,,,,,,,,
10,8,,,,,,,100,92,69,16,224.6,2730,10801,36,0,14.9,15.3;3.6;9.0;9.5;3.1;3.4;65.5;35.2;31.6;35.0;67.4;67.5;2.0;2.5;0.6;0.3;0.6;0.8;0.0;0.0;0.6;1.1;0.3;1.4,36.12,0.08,0.0,1.87,14.979,0.793,4833.0,51806.0,4,16,,,,,,,,,,,,,,,,,,,,,,,,,,,,,,,,,,,,,,,,,,,,,,,,,,,,,,,,,,,,,
10,9,,,,,,,97,86,66,18,224.1,2730,10801,36,0,13.0,8.6;1.1;6.7;5.9;2.0;2.2;34.5;65.0;21.8;26.3;76.5;55.2;0.6;1.4;0.0;0.0;1.1;0.3;0.8;0.0;0.0;0.6;0.6;1.9,36.12,0.08,0.01,1.87,14.979,0.793,32861.0,59814.0,4,16,,,,,,,,,,,,,,,,,,,,,,,,,,,,,,,,,,,,,,,,,,,,,,,,,,,,,,,,,,,,,
10,10,,,,,,,99,100,66,18,225.3,2730,10801,36,0,10.8,15.1;1.1;3.4;4.2;2.0;1.4;56.0;43.7;8.7;16.4;100.0;0.6;0.8;0.8;0.0;0.0;0.0;0.6;0.3;0.0;0.6;0.6;0.0;1.9,36.09,0.08,0.02,4.39,14.979,0.793,5517.0,23486.0,4,16,,,,,,,,,,,,,,,,,,,,,,,,,,,,,,,,,,,,,,,,,,,,,,,,,,,,,,,,,,,,,
10,11,,,,,,,98,90,66,20,224.4,2730,10801,36,0,12.3,12.3;0.0;16.4;11.5;6.5;3.3;86.9;11.5;24.6;16.4;77.4;21.0;1.6;1.6;0.0;0.0;0.0;1.6;0.0;0.0;1.6;0.0;0.0;0.0,36.12,0.08,0.0,0.03,14.979,0.793,14453.0,1953.0,4,16,,,,,,,,,,,,,,,,,,,,,,,,,,,,,,,,,,,,,,,,,,,,,,,,,,,,,,,,,,,,,
10,summary,0.4724104072825403,0.9521919784139103,0.46312655465493313,0.9570963806425377,0.00099614,55.7,,,,,,,,,,,,,,,,,,,,,,6,89.82,100,0,83.82,100,59,65.91,69,16,18.0,20,151.6,217.71,225.3,2731.4,10801.0,35.8,0,10.8,17.95,58.9,36.09,36.17,36.29,63.16,0.08,0.08,0.08,19.04,0.0,0.01,0.02,0.03,3.11,6.34,11.336,14.186,14.945,14.96,14.981,15.992,0.759,0.77,0.795,4833.0,26482.09,58300.0,1953.0,27263.45,59814.0,4,4.0,4,16,16.0,16,4,16,42.23,9.54
11,1,,,,,,,0,0,59,25,133.8,2745,10801,36,0,58.8,86.1;86.8;91.3;90.9;89.5;87.1;97.9;94.4;81.5;84.3;96.2;89.2;57.1;54.9;8.7;9.8;44.8;47.8;7.0;8.0;32.1;30.2;17.8;18.1,36.3,0.08,0.0,1.88,14.979,0.793,32617.0,199072.0,4,16,,,,,,,,,,,,,,,,,,,,,,,,,,,,,,,,,,,,,,,,,,,,,,,,,,,,,,,,,,,,,
11,2,,,,,,,99,99,66,18,224.8,2730,10801,36,0,14.3,10.4;1.1;6.7;13.1;2.5;3.3;76.5;57.0;36.9;22.9;92.0;11.5;1.4;1.4;0.3;0.6;0.6;1.4;0.0;0.3;0.8;0.3;0.0;1.7,36.2,0.08,0.02,5.43,14.979,0.793,8886.0,11865.0,4,16,,,,,,,,,,,,,,,,,,,,,,,,,,,,,,,,,,,,,,,,,,,,,,,,,,,,,,,,,,,,,
11,3,,,,,,,100,91,68,19,224.6,2730,10801,35,0,15.0,14.7;3.6;8.4;7.8;3.6;3.9;50.1;67.6;41.1;38.4;84.9;20.1;1.9;3.3;0.0;0.6;1.7;2.0;0.3;0.3;2.2;1.4;0.8;1.4,36.19,0.08,0.0,4.35,14.979,0.793,4833.0,27490.0,4,16,,,,,,,,,,,,,,,,,,,,,,,,,,,,,,,,,,,,,,,,,,,,,,,,,,,,,,,,,,,,,
11,4,,,,,,,96,93,65,18,224.7,2730,10801,35,0,14.5,14.4;1.1;12.4;7.3;3.6;4.5;65.0;53.2;39.3;33.4;95.5;5.3;2.5;2.8;0.3;0.3;0.6;0.6;0.0;0.0;0.3;0.6;0.8;3.6,36.14,0.08,0.0,3.47,14.979,0.793,12109.0,13183.0,4,16,,,,,,,,,,,,,,,,,,,,,,,,,,,,,,,,,,,,,,,,,,,,,,,,,,,,,,,,,,,,,
11,5,,,,,,,95,80,66,20,222.2,2730,10801,36,0,13.7,12.0;1.4;6.6;8.5;2.2;4.1;58.2;52.9;39.4;27.7;62.9;49.3;0.3;0.3;0.3;0.3;0.8;0.8;0.0;0.0;0.0;0.0;0.3;0.0,36.12,0.08,0.02,2.95,14.979,0.793,5371.0,49218.0,4,16,,,,,,,,,,,,,,,,,,,,,,,,,,,,,,,,,,,,,,,,,,,,,,,,,,,,,,,,,,,,,
11,6,,,,,,,96,92,66,17,223.2,2730,10801,36,0,14.7,13.9;3.6;13.1;8.4;5.3;3.3;66.2;34.5;52.2;12.0;65.8;59.3;1.1;1.7;0.0;0.0;1.1;1.9;0.0;0.3;1.4;2.2;1.4;4.1,36.11,0.08,0.0,2.21,14.979,0.793,10205.0,25195.0,4,16,,,,,,,,,,,,,,,,,,,,,,,,,,,,,,,,,,,,,,,,,,,,,,,,,,,,,,,,,,,,,
11,7,,,,,,,100,100,66,16,223.8,2730,10801,36,0,13.8,13.6;0.8;10.8;5.6;2.8;2.5;69.6;50.0;43.5;14.5;87.0;25.8;0.8;0.6;0.3;0.3;0.6;0.6;0.0;0.0;0.3;0.3;0.3;0.8,36.1,0.08,0.0,2.0,14.979,0.793,47705.0,191943.0,4,16,,,,,,,,,,,,,,,,,,,,,,,,,,,,,,,,,,,,,,,,,,,,,,,,,,,,,,,,,,,,,
11,8,,,,,,,96,84,67,17,224.4,2730,10801,36,0,15.0,16.6;1.9;15.0;9.5;3.9;2.8;53.6;53.8;43.5;27.7;68.6;52.8;1.9;1.1;0.6;0.3;0.6;0.6;0.0;0.0;1.1;0.8;0.8;0.8,36.1,0.08,0.0,1.48,14.979,0.793,5664.0,18652.0,4,16,,,,,,,,,,,,,,,,,,,,,,,,,,,,,,,,,,,,,,,,,,,,,,,,,,,,,,,,,,,,,
11,9,,,,,,,92,44,67,19,218.9,2730,10801,36,0,13.5,16.7;2.8;10.2;6.4;2.8;3.0;46.4;62.0;46.0;16.0;80.6;23.3;0.6;1.4;0.0;0.0;0.8;0.3;0.0;0.0;0.6;1.7;0.6;2.2,36.08,0.08,0.0,1.81,14.979,0.793,5566.0,53369.0,4,16,,,,,,,,,,,,,,,,,,,,,,,,,,,,,,,,,,,,,,,,,,,,,,,,,,,,,,,,,,,,,
11,10,,,,,,,98,91,66,16,224.4,2730,10801,36,0,11.1,13.4;1.1;7.5;3.1;1.7;0.8;59.9;41.7;10.1;19.6;90.6;11.2;0.8;0.8;0.0;0.3;0.3;0.6;0.6;0.3;0.3;0.0;0.0;0.0,36.08,0.08,0.0,3.3,14.979,0.793,10644.0,11962.0,4,16,,,,,,,,,,,,,,,,,,,,,,,,,,,,,,,,,,,,,,,,,,,,,,,,,,,,,,,,,,,,,
11,11,,,,,,,100,100,67,17,224.6,2730,10801,36,0,18.0,21.9;13.6;23.3;21.3;15.0;13.1;19.7;73.3;32.8;30.0;98.3;5.0;5.0;8.3;3.4;3.4;10.0;9.8;1.7;0.0;3.4;1.7;8.3;6.5,36.09,0.08,0.0,0.04,14.979,0.793,683.0,0.0,4,16,,,,,,,,,,,,,,,,,,,,,,,,,,,,,,,,,,,,,,,,,,,,,,,,,,,,,,,,,,,,,
11,summary,0.4683898862995529,0.9530961829650733,0.4530364517275518,0.9633997559983734,0.00099510,55.7,,,,,,,,,,,,,,,,,,,,,,0,88.36,100,0,79.45,100,59,65.73,68,16,18.36,25,133.8,215.4,224.8,2731.4,10801.0,35.8,0,11.1,18.4,58.8,36.08,36.14,36.3,63.16,0.08,0.08,0.08,19.04,0.0,0.0,0.02,0.04,2.63,5.43,11.336,14.186,14.979,14.98,14.979,15.992,0.793,0.79,0.793,683.0,13116.64,47705.0,0.0,54722.64,199072.0,4,4.0,4,16,16.0,16,4,16,42.43,9.28
12,1,,,,,,,7,7,59,25,121.0,2745,10801,36,0,58.4,82.4;82.7;89.2;92.7;88.5;89.2;97.9;98.3;78.7;83.3;88.9;80.8;52.1;50.5;13.1;13.5;46.2;47.6;7.6;9.7;29.5;37.2;25.6;18.2,36.2,0.08,0.0,1.83,14.979,0.793,4199.0,209912.0,4,16,,,,,,,,,,,,,,,,,,,,,,,,,,,,,,,,,,,,,,,,,,,,,,,,,,,,,,,,,,,,,
12,2,,,,,,,100,92,66,16,224.3,2730,10801,36,0,15.5,14.3;2.2;10.0;7.2;6.1;4.7;68.1;72.4;39.3;31.2;95.5;6.7;2.0;2.2;0.3;0.8;1.4;1.1;0.3;0.0;1.4;1.7;1.1;1.7,36.17,0.08,0.0,5.41,14.979,0.793,7714.0,47705.0,4,16,,,,,,,,,,,,,,,,,,,,,,,,,,,,,,,,,,,,,,,,,,,,,,,,,,,,,,,,,,,,,
12,3,,,,,,,96,90,66,18,223.9,2730,10801,36,0,14.9,16.1;1.1;14.0;7.0;4.8;3.1;72.5;54.7;31.7;35.7;98.9;1.4;2.0;2.5;1.1;0.6;1.4;0.3;0.3;0.6;2.8;2.8;1.1;1.7,36.15,0.08,0.02,4.37,14.979,0.793,5419.0,17773.0,4,16,,,,,,,,,,,,,,,,,,,,,,,,,,,,,,,,,,,,,,,,,,,,,,,,,,,,,,,,,,,,,
12,4,,,,,,,96,90,66,16,214.4,2730,10801,36,0,14.5,17.4;0.5;16.6;11.2;4.1;1.1;70.2;57.9;25.5;36.1;100.0;0.3;2.2;0.5;0.0;0.3;0.5;0.8;0.0;0.0;0.3;0.0;0.8;0.3,36.14,0.08,0.07,3.42,14.979,0.793,28808.0,76171.0,4,16,,,,,,,,,,,,,,,,,,,,,,,,,,,,,,,,,,,,,,,,,,,,,,,,,,,,,,,,,,,,,
12,5,,,,,,,96,92,66,18,224.1,2730,10801,36,0,13.8,10.2;1.4;9.8;7.5;2.0;2.8;33.1;83.2;26.1;46.8;89.7;15.4;0.6;0.8;0.0;0.0;0.0;0.3;0.0;0.0;0.8;0.6;0.6;0.6,36.13,0.08,0.0,2.95,14.979,0.793,15917.0,18359.0,4,16,,,,,,,,,,,,,,,,,,,,,,,,,,,,,,,,,,,,,,,,,,,,,,,,,,,,,,,,,,,,,
12,6,,,,,,,100,91,68,18,224.5,2730,10801,36,0,14.6,16.9;1.4;12.6;10.9;3.6;2.5;57.4;68.4;32.5;33.3;96.1;4.2;0.6;2.0;1.1;0.6;1.1;1.1;0.0;0.3;1.1;0.3;0.8;0.0,36.12,0.08,0.02,2.27,14.979,0.793,40234.0,21679.0,4,16,,,,,,,,,,,,,,,,,,,,,,,,,,,,,,,,,,,,,,,,,,,,,,,,,,,,,,,,,,,,,
12,7,,,,,,,96,87,67,18,224.0,2730,10801,36,0,15.1,15.1;3.9;10.6;8.9;3.6;3.9;60.8;60.0;35.2;44.6;100.0;0.3;3.6;2.2;0.8;0.0;0.8;0.8;0.0;0.3;1.4;1.1;0.8;2.8,36.1,0.08,0.0,2.01,14.979,0.793,8447.0,10888.0,4,16,,,,,,,,,,,,,,,,,,,,,,,,,,,,,,,,,,,,,,,,,,,,,,,,,,,,,,,,,,,,,
12,8,,,,,,,100,91,66,17,215.4,2730,10801,36,0,14.0,15.2;2.2;10.4;7.4;2.2;2.5;39.9;75.5;24.2;45.3;96.4;7.4;0.8;1.1;0.0;0.3;0.3;0.6;0.0;0.3;1.4;1.1;0.0;1.9,36.09,0.08,0.0,1.44,14.979,0.793,4736.0,39453.0,4,16,,,,,,,,,,,,,,,,,,,,,,,,,,,,,,,,,,,,,,,,,,,,,,,,,,,,,,,,,,,,,
12,9,,,,,,,96,91,68,17,224.5,2730,10801,36,0,13.9,17.1;3.6;10.9;13.0;3.6;6.4;69.6;27.7;19.3;36.6;54.3;63.6;1.4;0.6;0.0;0.0;2.5;1.1;0.0;0.0;0.6;0.3;0.3;1.4,36.08,0.08,0.01,1.85,14.979,0.793,10205.0,12792.0,4,16,,,,,,,,,,,,,,,,,,,,,,,,,,,,,,,,,,,,,,,,,,,,,,,,,,,,,,,,,,,,,
12,10,,,,,,,98,93,66,18,224.6,2730,10801,36,0,10.9,12.6;2.0;3.9;5.3;2.0;2.8;19.6;77.4;9.8;18.7;86.3;16.5;0.3;0.3;0.6;0.8;0.3;0.0;0.0;0.0;0.0;0.3;0.0;0.8,36.06,0.08,0.0,3.28,14.979,0.793,5078.0,46826.0,4,16,,,,,,,,,,,,,,,,,,,,,,,,,,,,,,,,,,,,,,,,,,,,,,,,,,,,,,,,,,,,,
12,11,,,,,,,97,94,68,19,224.6,2730,10801,36,0,14.6,14.3;11.7;23.7;11.9;6.8;6.8;23.3;72.9;8.5;32.2;100.0;5.1;5.1;3.4;0.0;1.7;3.4;3.4;1.7;1.7;1.7;5.0;1.7;3.3,36.1,0.08,0.0,0.02,14.979,0.793,1611.0,2294.0,4,16,,,,,,,,,,,,,,,,,,,,,,,,,,,,,,,,,,,,,,,,,,,,,,,,,,,,,,,,,,,,,
12,summary,0.46485121171072674,0.9546534241365205,0.46026845986690884,0.9563643757625051,0.00099392,55.7,,,,,,,,,,,,,,,,,,,,,,7,89.27,100,7,83.45,94,59,66.0,68,16,18.18,25,121.0,213.21,224.6,2731.4,10801.0,36.0,0,10.9,18.2,58.4,36.06,36.12,36.2,63.16,0.08,0.08,0.08,19.04,0.0,0.01,0.07,0.02,2.62,5.41,11.336,14.186,14.979,14.98,14.979,15.992,0.793,0.79,0.793,1611.0,12033.45,40234.0,2294.0,45804.73,209912.0,4,4.0,4,16,16.0,16,4,16,42.48,9.25
13,1,,,,,,,24,19,60,21,158.5,2745,10801,36,0,59.3,76.5;82.6;88.5;89.2;91.6;92.7;94.8;99.0;85.7;93.7;92.7;86.7;46.3;55.0;12.4;11.5;43.2;49.0;8.0;8.4;38.7;38.0;18.5;21.2,36.31,0.08,0.03,2.0,14.979,0.793,52148.0,197070.0,4,16,,,,,,,,,,,,,,,,,,,,,,,,,,,,,,,,,,,,,,,,,,,,,,,,,,,,,,,,,,,,,
13,2,,,,,,,100,100,67,18,224.1,2730,10801,36,0,14.5,16.4;2.5;9.5;9.0;3.6;3.1;81.6;28.8;22.4;42.3;67.9;53.8;0.0;1.4;0.3;0.0;1.1;0.3;0.3;0.0;0.3;0.0;0.3;1.7,36.19,0.08,0.0,5.38,14.979,0.793,40625.0,11621.0,4,16,,,,,,,,,,,,,,,,,,,,,,,,,,,,,,,,,,,,,,,,,,,,,,,,,,,,,,,,,,,,,
13,3,,,,,,,96,84,66,18,223.5,2730,10801,36,0,14.8,18.0;3.3;7.9;11.7;4.9;4.1;78.8;28.6;26.6;56.8;77.6;25.2;2.2;1.1;0.3;0.5;1.4;0.3;0.8;0.0;1.6;0.3;0.5;1.6,36.17,0.08,0.0,4.3,14.979,0.793,4589.0,60693.0,4,16,,,,,,,,,,,,,,,,,,,,,,,,,,,,,,,,,,,,,,,,,,,,,,,,,,,,,,,,,,,,,
13,4,,,,,,,99,100,66,18,224.4,2730,10801,36,0,14.3,13.2;1.4;11.5;4.8;3.6;2.2;62.4;72.3;24.1;38.4;96.6;7.8;1.4;0.3;0.0;0.0;0.8;0.8;0.0;0.0;0.0;0.6;0.0;1.1,36.16,0.08,0.0,3.45,14.979,0.793,30322.0,23046.0,4,16,,,,,,,,,,,,,,,,,,,,,,,,,,,,,,,,,,,,,,,,,,,,,,,,,,,,,,,,,,,,,
13,5,,,,,,,100,91,66,18,224.1,2730,10801,36,0,15.2,20.2;1.7;11.4;9.2;5.0;5.6;52.9;82.2;25.1;32.3;96.4;8.9;2.0;1.9;0.0;0.0;1.4;2.0;0.0;0.0;1.7;0.6;0.8;1.9,36.13,0.08,0.0,2.95,14.979,0.793,22558.0,16894.0,4,16,,,,,,,,,,,,,,,,,,,,,,,,,,,,,,,,,,,,,,,,,,,,,,,,,,,,,,,,,,,,,
13,6,,,,,,,96,94,68,18,223.5,2730,10801,36,0,14.5,13.7;2.2;12.3;8.4;2.5;5.9;67.8;55.9;24.0;44.6;95.8;8.1;2.0;2.5;0.0;0.0;0.0;0.3;0.6;0.6;0.0;0.3;0.3;0.8,36.11,0.08,0.0,2.17,14.979,0.793,6591.0,39746.0,4,16,,,,,,,,,,,,,,,,,,,,,,,,,,,,,,,,,,,,,,,,,,,,,,,,,,,,,,,,,,,,,
13,7,,,,,,,100,92,66,18,223.4,2730,10801,36,0,13.7,14.9;0.6;9.6;5.0;3.0;2.5;73.9;28.5;32.3;38.3;74.9;43.4;0.8;0.3;0.3;0.6;0.3;0.0;0.0;0.0;0.0;0.0;0.0;0.6,36.11,0.08,0.15,2.35,14.979,0.793,8447.0,11865.0,4,16,,,,,,,,,,,,,,,,,,,,,,,,,,,,,,,,,,,,,,,,,,,,,,,,,,,,,,,,,,,,,
13,8,,,,,,,96,92,67,18,223.3,2730,10801,36,0,15.2,14.1;2.0;13.9;9.2;6.4;3.1;39.4;61.7;31.8;26.9;52.1;90.0;2.0;2.5;0.3;0.8;2.2;0.8;0.3;0.0;1.9;0.8;0.8;2.2,36.11,0.08,0.01,1.59,14.979,0.793,19042.0,11572.0,4,16,,,,,,,,,,,,,,,,,,,,,,,,,,,,,,,,,,,,,,,,,,,,,,,,,,,,,,,,,,,,,
13,9,,,,,,,100,100,66,18,224.4,2730,10801,36,0,13.1,11.7;2.0;11.4;6.2;2.8;1.7;38.7;73.9;29.1;23.8;87.7;18.5;2.2;0.6;0.0;0.0;0.6;0.0;0.0;0.0;1.7;1.1;0.3;1.1,36.1,0.08,0.05,1.53,14.979,0.793,4345.0,47705.0,4,16,,,,,,,,,,,,,,,,,,,,,,,,,,,,,,,,,,,,,,,,,,,,,,,,,,,,,,,,,,,,,
13,10,,,,,,,100,93,67,18,224.8,2730,10801,36,0,13.6,11.4;1.7;14.2;10.7;6.2;3.9;46.9;57.3;16.3;53.2;72.2;27.0;2.2;1.4;0.0;0.6;1.1;0.0;0.0;0.0;0.6;0.3;0.0;0.6,36.14,0.08,1.97,5.99,14.979,0.793,15576.0,12744.0,4,16,,,,,,,,,,,,,,,,,,,,,,,,,,,,,,,,,,,,,,,,,,,,,,,,,,,,,,,,,,,,,
13,11,,,,,,,99,99,66,17,225.1,2730,10801,36,0,11.5,12.5;0.0;10.0;11.7;1.7;3.3;16.7;76.7;11.7;26.7;100.0;0.0;0.0;0.0;0.0;0.0;0.0;0.0;0.0;0.0;0.0;0.0;1.7;0.0,36.18,0.08,0.0,0.06,14.979,0.793,244.0,2001.0,4,16,,,,,,,,,,,,,,,,,,,,,,,,,,,,,,,,,,,,,,,,,,,,,,,,,,,,,,,,,,,,,
13,summary,0.459750207661744,0.9560097309632649,0.4665209473270185,0.9559170394469296,0.00099263,55.7,,,,,,,,,,,,,,,,,,,,,,24,91.82,100,19,87.64,100,60,65.91,68,17,18.18,21,158.5,218.1,225.1,2731.4,10801.0,36.0,0,11.5,18.15,59.3,36.1,36.16,36.31,63.16,0.08,0.08,0.08,19.04,0.0,0.2,1.97,0.06,2.89,5.99,11.334,14.186,14.979,14.98,14.979,15.992,0.793,0.79,0.793,244.0,18589.73,52148.0,2001.0,39541.55,197070.0,4,4.0,4,16,16.0,16,4,16,42.42,9.26
14,1,,,,,,,0,0,59,25,141.5,2745,10801,36,0,57.9,83.0;78.5;91.0;85.4;93.4;87.5;99.3;99.3;92.4;81.9;97.9;83.0;62.6;49.0;8.7;6.2;47.8;49.0;3.8;5.2;28.8;28.5;13.5;14.5,36.36,0.08,0.18,2.43,14.979,0.793,59619.0,0.0,4,16,,,,,,,,,,,,,,,,,,,,,,,,,,,,,,,,,,,,,,,,,,,,,,,,,,,,,,,,,,,,,
14,2,,,,,,,96,94,68,18,223.8,2730,10801,36,0,14.5,15.5;0.6;11.3;12.4;4.4;3.0;54.7;68.2;41.6;29.3;98.9;2.5;2.2;0.3;0.0;0.0;0.8;0.0;0.0;0.6;0.3;0.0;0.3;2.2,36.24,0.08,0.2,5.87,14.979,0.793,20263.0,62744.0,4,16,,,,,,,,,,,,,,,,,,,,,,,,,,,,,,,,,,,,,,,,,,,,,,,,,,,,,,,,,,,,,
14,3,,,,,,,98,93,66,16,224.3,2730,10801,36,0,15.2,14.9;2.5;10.0;9.1;3.9;6.1;63.9;55.6;37.5;40.6;96.1;9.4;1.9;1.7;0.6;0.6;1.4;1.4;0.6;0.6;2.5;2.8;0.6;1.1,36.22,0.08,0.08,4.55,14.979,0.793,10693.0,281787.0,4,16,,,,,,,,,,,,,,,,,,,,,,,,,,,,,,,,,,,,,,,,,,,,,,,,,,,,,,,,,,,,,
14,4,,,,,,,100,91,66,16,224.6,2730,10801,35,0,14.2,12.9;3.1;9.3;8.1;2.2;3.1;74.2;44.7;32.9;30.9;89.6;24.7;1.4;2.0;0.3;0.0;0.3;0.0;0.0;0.0;0.0;0.0;0.0;0.6,36.2,0.08,0.02,3.43,14.979,0.793,32324.0,16894.0,4,16,,,,,,,,,,,,,,,,,,,,,,,,,,,,,,,,,,,,,,,,,,,,,,,,,,,,,,,,,,,,,
14,5,,,,,,,96,92,68,18,224.0,2730,10801,36,0,14.5,13.6;1.4;8.3;10.5;3.3;3.6;70.8;59.2;33.1;39.1;98.1;1.9;1.4;0.8;0.0;0.0;0.6;0.3;0.0;0.0;0.3;0.3;0.0;1.1,36.19,0.08,0.02,2.93,14.979,0.793,6298.0,84667.0,4,16,,,,,,,,,,,,,,,,,,,,,,,,,,,,,,,,,,,,,,,,,,,,,,,,,,,,,,,,,,,,,
14,6,,,,,,,96,90,67,19,223.7,2730,10801,36,0,15.0,15.3;4.6;10.7;10.7;3.3;3.3;73.9;29.7;42.1;36.1;54.8;60.8;4.1;1.1;0.3;0.6;0.5;1.1;0.3;0.3;0.6;1.1;1.6;3.5,36.18,0.08,0.06,2.44,14.979,0.793,18701.0,32666.0,4,16,,,,,,,,,,,,,,,,,,,,,,,,,,,,,,,,,,,,,,,,,,,,,,,,,,,,,,,,,,,,,
14,7,,,,,,,100,100,66,18,224.8,2730,10801,36,0,14.3,12.9;1.7;5.6;8.9;2.8;3.1;50.1;70.2;41.8;23.9;89.2;27.0;0.6;1.1;0.3;0.6;0.8;0.0;0.0;0.0;0.3;0.3;0.3;0.3,36.17,0.08,0.01,2.03,14.979,0.793,17529.0,146728.0,4,16,,,,,,,,,,,,,,,,,,,,,,,,,,,,,,,,,,,,,,,,,,,,,,,,,,,,,,,,,,,,,
14,8,,,,,,,100,92,66,17,224.2,2730,10801,36,0,14.4,14.5;0.8;8.4;10.6;3.1;2.5;70.9;70.6;31.4;25.2;95.6;5.0;1.4;1.1;0.0;0.6;0.0;0.8;0.0;0.0;0.0;0.3;0.3;1.4,36.15,0.08,0.02,1.51,14.979,0.793,42236.0,11669.0,4,16,,,,,,,,,,,,,,,,,,,,,,,,,,,,,,,,,,,,,,,,,,,,,,,,,,,,,,,,,,,,,
14,9,,,,,,,96,93,67,16,224.1,2730,10801,36,0,13.6,14.5;1.7;7.3;7.3;2.8;2.5;63.8;66.3;26.7;27.4;99.2;1.1;1.1;1.1;0.0;0.3;0.8;0.3;0.0;0.3;0.3;0.3;0.0;0.6,36.15,0.08,0.03,1.54,14.979,0.793,14111.0,12353.0,4,16,,,,,,,,,,,,,,,,,,,,,,,,,,,,,,,,,,,,,,,,,,,,,,,,,,,,,,,,,,,,,
14,10,,,,,,,99,92,66,17,224.9,2730,10801,36,0,11.6,16.6;2.2;4.7;6.6;1.6;4.1;46.7;55.5;14.3;14.5;98.9;1.9;1.7;0.8;0.3;0.0;0.8;0.6;0.3;0.0;0.6;0.3;0.8;3.8,36.13,0.08,0.0,3.6,14.979,0.793,5664.0,54736.0,4,16,,,,,,,,,,,,,,,,,,,,,,,,,,,,,,,,,,,,,,,,,,,,,,,,,,,,,,,,,,,,,
14,11,,,,,,,100,100,66,17,225.5,2730,10801,36,0,12.7,20.3;1.7;3.3;13.8;10.2;3.4;15.3;83.1;25.4;20.3;100.0;0.0;1.7;1.7;0.0;0.0;0.0;0.0;0.0;0.0;0.0;0.0;0.0;3.3,36.17,0.08,0.0,0.16,14.979,0.793,12646.0,15576.0,4,16,,,,,,,,,,,,,,,,,,,,,,,,,,,,,,,,,,,,,,,,,,,,,,,,,,,,,,,,,,,,,
14,summary,0.4601314555374567,0.9559451449238962,0.45696901456279065,0.9579097193981293,0.00099121,55.8,,,,,,,,,,,,,,,,,,,,,,0,89.18,100,0,85.18,100,59,65.91,68,16,17.91,25,141.5,216.85,225.5,2731.4,10801.0,35.9,0,11.6,17.99,57.9,36.13,36.2,36.36,63.16,0.08,0.08,0.08,19.04,0.0,0.06,0.2,0.16,2.77,5.87,11.335,14.186,14.979,14.98,14.979,15.992,0.793,0.79,0.793,5664.0,21825.82,59619.0,0.0,65438.18,281787.0,4,4.0,4,16,16.0,16,4,16,42.13,9.72
15,1,,,,,,,0,0,59,26,141.9,2745,10801,36,0,58.2,79.5;83.5;87.3;88.7;84.2;87.6;95.5;98.3;79.0;79.4;94.5;82.5;48.8;50.2;12.4;15.1;45.1;50.7;7.2;11.3;34.5;38.1;25.4;17.2,36.28,0.08,0.01,1.85,14.979,0.793,3955.0,222265.0,4,16,,,,,,,,,,,,,,,,,,,,,,,,,,,,,,,,,,,,,,,,,,,,,,,,,,,,,,,,,,,,,
15,2,,,,,,,96,82,66,18,223.1,2730,10801,36,0,15.3,18.4;3.9;11.5;13.1;6.1;5.0;40.1;62.6;41.5;23.8;64.7;63.3;2.5;1.7;0.8;0.8;1.1;0.6;0.3;0.0;1.1;1.1;0.3;2.5,36.25,0.08,0.02,5.47,14.979,0.793,33935.0,25000.0,4,16,,,,,,,,,,,,,,,,,,,,,,,,,,,,,,,,,,,,,,,,,,,,,,,,,,,,,,,,,,,,,
15,3,,,,,,,98,94,66,19,223.3,2730,10801,36,0,14.6,13.9;2.0;16.9;8.7;4.7;3.1;65.5;36.9;40.9;35.3;68.0;45.9;1.4;2.8;0.0;0.0;0.6;0.6;0.0;0.0;1.1;0.3;0.0;2.5,36.21,0.08,0.01,4.36,14.979,0.793,11328.0,11718.0,4,16,,,,,,,,,,,,,,,,,,,,,,,,,,,,,,,,,,,,,,,,,,,,,,,,,,,,,,,,,,,,,
15,4,,,,,,,96,93,68,19,223.3,2730,10801,36,0,14.2,14.1;1.7;8.9;7.3;3.4;1.4;48.9;65.9;39.4;28.2;89.1;26.5;1.1;1.1;0.0;0.0;0.3;0.3;0.6;0.3;0.0;0.0;0.3;0.6,36.19,0.08,0.0,3.46,15.004,0.818,34179.0,10351.0,4,16,,,,,,,,,,,,,,,,,,,,,,,,,,,,,,,,,,,,,,,,,,,,,,,,,,,,,,,,,,,,,
15,5,,,,,,,100,93,66,18,224.2,2730,10801,36,0,14.3,17.6;1.1;11.6;9.0;3.9;2.2;51.9;52.6;26.6;42.4;85.1;32.1;2.2;1.7;0.0;0.0;0.0;0.3;0.0;0.0;0.3;0.3;0.6;1.1,36.18,0.08,0.01,2.94,14.987,0.801,31396.0,19238.0,4,16,,,,,,,,,,,,,,,,,,,,,,,,,,,,,,,,,,,,,,,,,,,,,,,,,,,,,,,,,,,,,
15,6,,,,,,,96,93,66,16,224.0,2730,10801,36,0,14.6,16.8;2.0;14.6;7.3;5.6;3.4;43.5;73.0;31.8;37.1;84.1;22.5;1.1;1.4;0.0;0.0;0.6;0.6;0.3;0.0;0.6;0.3;0.6;1.4,36.16,0.08,0.0,2.21,14.987,0.801,32226.0,360400.0,4,16,,,,,,,,,,,,,,,,,,,,,,,,,,,,,,,,,,,,,,,,,,,,,,,,,,,,,,,,,,,,,
15,7,,,,,,,100,91,69,18,224.5,2730,10801,36,0,14.4,16.3;1.1;12.1;6.4;5.5;1.1;69.8;50.3;26.0;49.2;76.1;25.5;1.9;0.8;0.0;0.0;0.8;0.8;0.0;0.0;0.8;0.6;0.0;0.8,36.16,0.08,0.0,2.0,14.987,0.801,41210.0,8935.0,4,16,,,,,,,,,,,,,,,,,,,,,,,,,,,,,,,,,,,,,,,,,,,,,,,,,,,,,,,,,,,,,
15,8,,,,,,,96,88,67,17,223.2,2730,10801,36,0,14.3,11.3;2.2;13.2;6.5;3.1;2.5;47.1;59.6;32.6;44.0;79.8;34.8;0.6;1.1;0.0;0.3;0.0;0.8;0.3;0.0;0.6;0.3;0.3;2.2,36.16,0.08,0.0,1.5,14.987,0.801,13720.0,61523.0,4,16,,,,,,,,,,,,,,,,,,,,,,,,,,,,,,,,,,,,,,,,,,,,,,,,,,,,,,,,,,,,,
15,9,,,,,,,100,92,67,18,224.4,2730,10801,36,0,13.9,15.8;2.5;9.5;5.2;4.6;3.0;74.4;62.6;17.2;27.5;99.5;1.4;1.9;1.6;1.1;0.3;1.1;0.6;0.8;0.6;0.3;0.0;0.3;0.5,36.12,0.08,0.01,1.8,14.987,0.801,5322.0,34423.0,4,16,,,,,,,,,,,,,,,,,,,,,,,,,,,,,,,,,,,,,,,,,,,,,,,,,,,,,,,,,,,,,
15,10,,,,,,,97,84,67,17,224.2,2730,10801,36,0,10.8,13.6;0.8;4.5;3.6;1.4;2.2;20.4;82.6;6.7;19.8;99.7;1.1;0.6;0.3;0.0;0.0;0.0;0.3;0.8;0.0;0.0;0.0;0.0;1.1,36.12,0.08,0.0,3.29,14.987,0.801,40966.0,27978.0,4,16,,,,,,,,,,,,,,,,,,,,,,,,,,,,,,,,,,,,,,,,,,,,,,,,,,,,,,,,,,,,,
15,11,,,,,,,100,99,67,17,224.7,2730,10801,36,0,12.7,15.0;3.6;28.1;0.0;1.8;7.0;71.9;22.8;19.3;27.1;100.0;0.0;3.6;0.0;0.0;0.0;1.8;0.0;0.0;0.0;0.0;0.0;0.0;0.0,36.15,0.08,0.0,0.01,14.987,0.801,732.0,0.0,4,16,,,,,,,,,,,,,,,,,,,,,,,,,,,,,,,,,,,,,,,,,,,,,,,,,,,,,,,,,,,,,
15,summary,0.45317221049880946,0.957875549878363,0.45707836057559026,0.9577063847092314,0.00098966,55.7,,,,,,,,,,,,,,,,,,,,,,0,89.0,100,0,82.64,99,59,66.18,69,16,18.45,26,141.9,216.44,224.7,2731.4,10801.0,36.0,0,10.8,17.94,58.2,36.12,36.18,36.28,63.16,0.08,0.08,0.08,19.04,0.0,0.01,0.02,0.01,2.63,5.47,11.335,14.186,14.979,14.99,15.004,15.992,0.793,0.8,0.818,732.0,22633.55,41210.0,0.0,71075.55,360400.0,4,4.0,4,16,16.0,16,4,16,42.4,9.34
16,1,,,,,,,25,26,59,19,121.1,2745,10801,36,0,59.8,83.9;81.5;91.0;89.0;88.3;91.7;95.9;96.9;74.0;72.9;92.8;87.0;41.6;52.6;15.8;18.2;44.7;49.5;15.8;17.5;35.4;40.8;34.0;23.8,36.26,0.08,0.0,1.84,14.987,0.801,30908.0,196728.0,4,16,,,,,,,,,,,,,,,,,,,,,,,,,,,,,,,,,,,,,,,,,,,,,,,,,,,,,,,,,,,,,
16,2,,,,,,,96,84,66,18,223.8,2730,10801,36,0,14.4,13.0;1.4;9.8;7.6;3.7;3.9;64.0;36.7;22.2;46.9;58.7;72.3;1.1;1.1;0.3;0.0;0.0;0.0;0.0;0.0;0.3;0.8;0.0;0.8,36.22,0.08,0.02,5.47,14.987,0.801,32470.0,12158.0,4,16,,,,,,,,,,,,,,,,,,,,,,,,,,,,,,,,,,,,,,,,,,,,,,,,,,,,,,,,,,,,,
16,3,,,,,,,98,93,66,20,224.7,2730,10801,36,0,14.3,14.9;1.4;7.4;13.9;2.7;4.7;60.4;69.5;21.4;36.3;97.8;3.0;1.6;1.4;0.3;0.0;1.1;0.3;0.3;0.3;1.1;0.3;0.0;2.7,36.19,0.08,0.0,4.28,14.987,0.801,34619.0,10839.0,4,16,,,,,,,,,,,,,,,,,,,,,,,,,,,,,,,,,,,,,,,,,,,,,,,,,,,,,,,,,,,,,
16,4,,,,,,,96,93,65,18,223.9,2730,10801,36,0,14.6,14.1;1.7;7.0;11.5;3.1;2.0;26.0;74.4;28.7;44.8;59.2;68.0;1.1;1.1;0.6;0.6;0.6;1.1;0.8;0.8;1.1;0.3;0.3;0.6,36.17,0.08,0.01,3.51,14.987,0.801,4882.0,42480.0,4,16,,,,,,,,,,,,,,,,,,,,,,,,,,,,,,,,,,,,,,,,,,,,,,,,,,,,,,,,,,,,,
16,5,,,,,,,97,92,66,18,224.2,2730,10801,36,0,14.3,17.8;1.7;6.2;9.0;2.2;2.5;68.4;45.5;34.6;44.1;86.6;20.2;0.8;0.0;0.0;0.0;0.6;0.3;0.0;0.0;0.0;0.3;0.3;0.3,36.16,0.08,0.0,2.93,14.987,0.801,29882.0,31396.0,4,16,,,,,,,,,,,,,,,,,,,,,,,,,,,,,,,,,,,,,,,,,,,,,,,,,,,,,,,,,,,,,
16,6,,,,,,,100,90,67,17,223.9,2730,10801,36,0,14.4,11.7;0.8;15.6;12.6;3.1;2.5;61.8;47.8;26.5;42.2;81.3;31.8;1.7;1.4;0.0;0.0;0.6;0.6;0.3;0.0;0.0;0.6;0.0;1.9,36.14,0.08,0.0,2.2,14.987,0.801,5126.0,48388.0,4,16,,,,,,,,,,,,,,,,,,,,,,,,,,,,,,,,,,,,,,,,,,,,,,,,,,,,,,,,,,,,,
16,7,,,,,,,96,91,67,20,223.9,2730,10801,36,0,14.0,12.7;2.2;6.8;7.9;4.1;2.7;66.6;70.9;26.3;32.3;99.7;0.3;1.1;0.3;0.0;0.0;0.5;0.3;0.0;0.0;0.0;0.3;0.0;1.1,36.11,0.08,0.01,2.02,14.987,0.801,4687.0,20703.0,4,16,,,,,,,,,,,,,,,,,,,,,,,,,,,,,,,,,,,,,,,,,,,,,,,,,,,,,,,,,,,,,
16,8,,,,,,,100,92,66,16,224.4,2730,10801,36,0,15.5,17.4;2.5;11.1;6.7;4.4;2.8;67.6;82.4;27.9;29.0;96.4;5.0;2.8;1.4;1.4;0.0;1.7;1.9;0.6;1.4;1.9;1.1;1.9;3.3,36.11,0.08,0.01,1.48,14.987,0.801,20996.0,19482.0,4,16,,,,,,,,,,,,,,,,,,,,,,,,,,,,,,,,,,,,,,,,,,,,,,,,,,,,,,,,,,,,,
16,9,,,,,,,96,92,66,18,224.4,2730,10801,36,0,13.7,12.5;2.0;12.8;8.4;3.1;2.8;77.8;37.5;36.0;17.9;86.3;27.8;0.8;0.0;0.3;0.0;0.0;0.0;0.0;0.0;0.8;0.8;0.3;0.6,36.12,0.08,0.0,1.49,14.987,0.801,28027.0,72998.0,4,16,,,,,,,,,,,,,,,,,,,,,,,,,,,,,,,,,,,,,,,,,,,,,,,,,,,,,,,,,,,,,
16,10,,,,,,,99,99,67,18,225.3,2730,10801,36,0,10.7,14.8;0.6;5.8;1.7;1.7;0.3;27.3;75.2;16.4;8.6;99.7;0.3;0.0;0.8;0.0;0.0;0.6;0.3;0.6;0.0;0.0;0.0;0.0;0.6,36.09,0.08,0.0,3.69,14.987,0.801,4931.0,33398.0,4,16,,,,,,,,,,,,,,,,,,,,,,,,,,,,,,,,,,,,,,,,,,,,,,,,,,,,,,,,,,,,,
16,11,,,,,,,96,93,68,17,225.3,2730,10801,36,0,12.0,10.3;0.0;20.0;0.0;10.7;7.3;83.6;9.1;21.8;25.5;100.0;0.0;0.0;0.0;0.0;0.0;0.0;0.0;0.0;0.0;0.0;0.0;0.0;0.0,36.12,0.08,0.0,0.0,14.987,0.801,1806.0,3564.0,4,16,,,,,,,,,,,,,,,,,,,,,,,,,,,,,,,,,,,,,,,,,,,,,,,,,,,,,,,,,,,,,
16,summary,0.4532877460753768,0.958227184981593,0.45654169460194244,0.9564863765758438,0.00098800,55.7,,,,,,,,,,,,,,,,,,,,,,25,90.82,100,26,85.91,99,59,65.73,68,16,18.09,20,121.1,214.99,225.3,2731.4,10801.0,36.0,0,10.7,17.97,59.8,36.09,36.15,36.26,63.16,0.08,0.08,0.08,19.04,0.0,0.0,0.02,0.0,2.63,5.47,11.335,14.186,14.987,14.99,14.987,15.992,0.801,0.8,0.801,1806.0,18030.36,34619.0,3564.0,44739.45,196728.0,4,4.0,4,16,16.0,16,4,16,42.13,9.63
17,1,,,,,,,15,10,61,19,155.4,2745,10801,36,0,58.2,81.5;77.5;91.8;90.1;83.6;92.2;100.0;95.9;87.4;82.2;96.9;83.6;54.9;42.8;12.3;10.6;41.3;45.9;7.8;9.9;35.6;34.4;20.9;15.7,36.25,0.08,0.0,1.82,14.987,0.801,18701.0,120605.0,4,16,,,,,,,,,,,,,,,,,,,,,,,,,,,,,,,,,,,,,,,,,,,,,,,,,,,,,,,,,,,,,
17,2,,,,,,,100,93,66,18,214.6,2730,10801,36,0,15.8,19.5;3.8;11.3;8.0;4.9;2.8;37.2;64.7;33.8;33.2;70.2;70.6;3.3;2.2;0.6;1.4;1.6;1.9;0.3;0.6;2.2;2.7;1.6;1.6,36.21,0.08,0.0,5.82,14.987,0.801,17822.0,11816.0,4,16,,,,,,,,,,,,,,,,,,,,,,,,,,,,,,,,,,,,,,,,,,,,,,,,,,,,,,,,,,,,,
17,3,,,,,,,96,91,66,18,224.1,2730,10801,36,0,14.4,14.0;1.1;9.5;6.2;5.0;3.6;25.7;93.6;37.6;21.6;81.3;36.6;1.1;1.1;0.0;0.0;0.8;0.8;0.3;0.0;1.7;0.6;0.6;2.5,36.18,0.08,0.0,4.35,14.987,0.801,11328.0,30712.0,4,16,,,,,,,,,,,,,,,,,,,,,,,,,,,,,,,,,,,,,,,,,,,,,,,,,,,,,,,,,,,,,
17,4,,,,,,,100,91,66,17,224.5,2730,10801,36,0,15.5,16.7;3.4;13.1;6.4;7.0;4.2;67.9;33.4;27.6;32.0;78.8;64.2;4.2;2.8;0.3;0.6;0.8;1.7;0.3;0.0;2.0;0.8;1.4;1.4,36.16,0.08,0.0,3.41,14.987,0.801,14941.0,10937.0,4,16,,,,,,,,,,,,,,,,,,,,,,,,,,,,,,,,,,,,,,,,,,,,,,,,,,,,,,,,,,,,,
17,5,,,,,,,96,91,67,17,223.1,2730,10801,36,0,14.6,11.2;1.7;12.0;10.1;5.0;2.5;51.5;53.9;34.2;32.2;78.1;50.4;1.1;1.4;0.0;0.3;0.8;0.8;0.3;0.0;0.3;1.7;0.6;1.4,36.15,0.08,0.0,2.93,14.987,0.801,34326.0,12158.0,4,16,,,,,,,,,,,,,,,,,,,,,,,,,,,,,,,,,,,,,,,,,,,,,,,,,,,,,,,,,,,,,
17,6,,,,,,,100,93,65,17,221.0,2730,10801,36,0,14.5,16.2;2.2;16.4;5.5;3.9;1.4;30.9;69.4;33.3;37.6;62.1;58.6;1.4;2.2;0.3;0.0;1.1;1.6;0.0;0.0;1.7;0.8;0.3;1.4,36.14,0.08,0.01,2.17,14.987,0.801,32421.0,45068.0,4,16,,,,,,,,,,,,,,,,,,,,,,,,,,,,,,,,,,,,,,,,,,,,,,,,,,,,,,,,,,,,,
17,7,,,,,,,96,83,66,18,224.8,2730,10801,36,0,14.2,11.6;2.2;5.8;9.2;4.2;2.5;65.8;74.9;30.4;29.5;99.7;0.8;1.1;1.1;0.0;0.0;0.8;0.0;0.0;0.0;0.8;0.6;0.0;0.8,36.14,0.08,0.0,1.98,14.987,0.801,4199.0,115380.0,4,16,,,,,,,,,,,,,,,,,,,,,,,,,,,,,,,,,,,,,,,,,,,,,,,,,,,,,,,,,,,,,
17,8,,,,,,,100,100,66,16,224.6,2730,10801,36,0,14.9,16.5;1.7;8.1;10.9;4.2;3.4;63.7;56.6;34.5;39.7;95.3;14.8;2.2;1.1;0.6;0.0;0.6;1.1;0.0;0.6;0.0;0.6;0.0;0.8,36.12,0.08,0.0,1.48,14.987,0.801,20654.0,11572.0,4,16,,,,,,,,,,,,,,,,,,,,,,,,,,,,,,,,,,,,,,,,,,,,,,,,,,,,,,,,,,,,,
17,9,,,,,,,100,92,66,17,224.3,2730,10801,36,0,13.0,8.9;1.7;4.8;8.1;1.7;1.7;72.8;33.4;33.7;31.9;90.4;22.1;0.3;0.0;0.0;0.0;0.3;0.3;0.0;0.0;0.0;0.0;0.0;0.6,36.12,0.08,0.0,1.48,14.987,0.801,5517.0,52539.0,4,16,,,,,,,,,,,,,,,,,,,,,,,,,,,,,,,,,,,,,,,,,,,,,,,,,,,,,,,,,,,,,
17,10,,,,,,,98,96,66,17,224.6,2730,10801,36,0,10.9,15.9;2.2;3.6;3.6;1.4;1.9;38.6;62.0;7.7;19.7;76.4;24.0;0.8;0.6;0.0;0.0;0.6;0.0;0.0;0.0;0.3;0.6;0.0;1.1,36.1,0.08,0.0,3.61,14.987,0.801,16552.0,12304.0,4,16,,,,,,,,,,,,,,,,,,,,,,,,,,,,,,,,,,,,,,,,,,,,,,,,,,,,,,,,,,,,,
17,11,,,,,,,97,93,68,16,224.6,2730,10801,36,0,15.1,23.8;7.0;14.0;10.3;5.3;8.8;93.0;3.5;15.8;36.2;93.1;12.1;3.5;3.5;3.4;0.0;1.8;5.2;3.4;3.5;3.4;3.6;3.4;3.4,36.12,0.08,0.0,0.13,14.987,0.801,0.0,2490.0,4,16,,,,,,,,,,,,,,,,,,,,,,,,,,,,,,,,,,,,,,,,,,,,,,,,,,,,,,,,,,,,,
17,summary,0.4509346294812334,0.9584209430996993,0.4518958707561625,0.9632777551850346,0.00098621,55.8,,,,,,,,,,,,,,,,,,,,,,15,90.73,100,10,84.82,100,61,65.73,68,16,17.27,19,155.4,216.87,224.8,2731.4,10801.0,36.0,0,10.9,18.28,58.2,36.1,36.15,36.25,63.16,0.08,0.08,0.08,19.04,0.0,0.0,0.01,0.13,2.65,5.82,11.335,14.186,14.987,14.99,14.987,15.992,0.801,0.8,0.801,0.0,16041.91,34326.0,2490.0,38689.18,120605.0,4,4.0,4,16,16.0,16,4,16,42.11,9.73
18,1,,,,,,,5,0,59,25,151.3,2745,10801,36,0,59.4,79.9;80.2;88.1;91.1;89.1;91.1;96.6;96.6;70.1;82.9;92.5;81.9;40.6;55.5;16.4;19.7;47.1;50.7;10.3;14.7;36.4;43.3;25.5;24.2,36.28,0.08,0.0,2.27,14.987,0.801,9130.0,110156.0,4,16,,,,,,,,,,,,,,,,,,,,,,,,,,,,,,,,,,,,,,,,,,,,,,,,,,,,,,,,,,,,,
18,2,,,,,,,100,100,66,18,224.2,2730,10801,36,0,15.0,12.4;3.9;8.3;14.8;4.4;3.9;68.5;59.9;42.3;24.7;95.6;4.7;1.1;3.6;1.1;1.1;0.3;1.7;0.8;0.0;1.9;1.1;1.4;2.5,36.23,0.08,0.0,6.32,14.987,0.801,19091.0,154882.0,4,16,,,,,,,,,,,,,,,,,,,,,,,,,,,,,,,,,,,,,,,,,,,,,,,,,,,,,,,,,,,,,
18,3,,,,,,,98,90,66,17,223.8,2730,10801,36,0,14.6,16.7;2.5;8.7;12.0;3.4;3.9;80.7;30.5;38.0;29.8;91.6;25.2;1.4;2.0;0.0;0.0;1.1;0.6;0.6;0.3;0.8;0.3;0.3;1.1,36.21,0.08,0.03,5.08,14.987,0.801,4248.0,60888.0,4,16,,,,,,,,,,,,,,,,,,,,,,,,,,,,,,,,,,,,,,,,,,,,,,,,,,,,,,,,,,,,,
18,4,,,,,,,96,91,66,17,224.2,2730,10801,36,0,14.8,15.5;3.1;7.0;9.5;3.4;4.7;45.9;54.9;41.5;30.6;59.9;65.8;2.5;1.7;0.6;0.6;1.4;2.2;0.3;0.8;1.4;0.8;0.3;1.9,36.18,0.08,0.0,4.17,14.987,0.801,28320.0,25585.0,4,16,,,,,,,,,,,,,,,,,,,,,,,,,,,,,,,,,,,,,,,,,,,,,,,,,,,,,,,,,,,,,
18,5,,,,,,,96,93,69,16,223.3,2730,10801,36,0,14.0,14.4;2.5;8.3;8.2;1.4;2.2;55.9;62.5;26.2;37.7;85.7;27.0;0.3;0.8;0.3;0.3;0.0;0.3;0.0;0.0;0.0;0.0;0.0;1.6,36.16,0.08,0.02,3.25,14.987,0.801,7080.0,36425.0,4,16,,,,,,,,,,,,,,,,,,,,,,,,,,,,,,,,,,,,,,,,,,,,,,,,,,,,,,,,,,,,,
18,6,,,,,,,100,100,66,18,224.9,2730,10801,36,0,15.1,13.4;2.8;13.5;8.4;4.7;3.1;52.5;63.5;35.2;24.3;89.4;37.4;2.2;1.7;0.6;0.6;1.1;0.8;0.3;0.6;1.4;1.1;0.8;2.2,36.15,0.08,0.01,2.77,14.987,0.801,3320.0,49707.0,4,16,,,,,,,,,,,,,,,,,,,,,,,,,,,,,,,,,,,,,,,,,,,,,,,,,,,,,,,,,,,,,
18,7,,,,,,,100,91,66,18,224.1,2730,10801,36,0,14.5,15.0;2.3;10.1;7.0;3.9;0.8;56.9;75.3;29.9;39.0;98.3;2.3;1.4;0.8;0.0;0.6;0.8;0.6;0.0;0.0;0.3;0.0;0.3;1.4,36.14,0.08,0.0,2.23,14.987,0.801,5273.0,27343.0,4,16,,,,,,,,,,,,,,,,,,,,,,,,,,,,,,,,,,,,,,,,,,,,,,,,,,,,,,,,,,,,,
18,8,,,,,,,96,82,67,17,223.9,2730,10801,36,0,15.1,17.7;1.4;10.0;8.9;4.7;3.3;59.7;76.2;29.6;35.6;94.8;5.3;1.7;1.9;1.7;1.4;1.4;0.8;0.3;0.0;0.8;1.4;1.1;1.9,36.13,0.08,0.0,1.83,14.987,0.801,17480.0,126123.0,4,16,,,,,,,,,,,,,,,,,,,,,,,,,,,,,,,,,,,,,,,,,,,,,,,,,,,,,,,,,,,,,
18,9,,,,,,,100,93,67,18,224.3,2730,10801,36,0,13.6,12.6;2.8;8.0;8.0;3.6;3.0;54.0;63.7;22.4;26.3;80.3;27.9;3.0;1.9;0.3;0.8;1.1;1.1;0.3;0.0;0.8;1.7;0.8;1.9,36.09,0.08,0.0,1.83,14.987,0.801,34863.0,25048.0,4,16,,,,,,,,,,,,,,,,,,,,,,,,,,,,,,,,,,,,,,,,,,,,,,,,,,,,,,,,,,,,,
18,10,,,,,,,96,92,67,18,224.0,2730,10801,36,0,11.0,11.9;0.8;5.8;2.8;2.8;1.1;57.8;45.3;17.7;10.9;96.6;3.6;1.4;0.6;0.0;0.0;0.0;0.3;0.0;0.0;1.7;0.3;0.6;1.4,36.08,0.08,0.0,4.38,14.987,0.801,36572.0,13183.0,4,16,,,,,,,,,,,,,,,,,,,,,,,,,,,,,,,,,,,,,,,,,,,,,,,,,,,,,,,,,,,,,
18,11,,,,,,,100,91,66,17,224.6,2730,10801,36,0,11.8,6.8;3.5;17.5;5.2;5.3;5.3;93.0;7.0;7.0;34.5;94.7;3.4;0.0;1.7;0.0;0.0;0.0;1.7;0.0;0.0;0.0;0.0;0.0;0.0,36.1,0.08,0.0,0.14,14.987,0.801,488.0,341.0,4,16,,,,,,,,,,,,,,,,,,,,,,,,,,,,,,,,,,,,,,,,,,,,,,,,,,,,,,,,,,,,,
18,summary,0.44950331318330455,0.9589017502816669,0.46052700433851307,0.9566897112647418,0.00098429,55.7,,,,,,,,,,,,,,,,,,,,,,5,89.73,100,0,83.91,100,59,65.91,69,16,18.09,25,151.3,217.51,224.9,2731.4,10801.0,36.0,0,11.0,18.08,59.4,36.08,36.16,36.28,63.16,0.08,0.08,0.08,19.04,0.0,0.01,0.03,0.14,3.12,6.32,11.335,14.186,14.987,14.99,14.987,15.992,0.801,0.8,0.801,488.0,15078.64,36572.0,341.0,57243.73,154882.0,4,4.0,4,16,16.0,16,4,16,42.33,9.43
19,1,,,,,,,5,0,59,21,147.4,2745,10801,36,0,57.5,85.3;87.3;92.8;89.0;92.4;93.2;98.6;95.5;88.4;75.7;94.5;86.9;62.6;54.6;7.9;9.6;42.6;41.0;4.1;4.1;28.0;25.1;10.3;11.0,36.23,0.08,0.0,1.81,14.987,0.801,3906.0,209814.0,4,16,,,,,,,,,,,,,,,,,,,,,,,,,,,,,,,,,,,,,,,,,,,,,,,,,,,,,,,,,,,,,
19,2,,,,,,,97,91,66,18,223.7,2730,10801,36,0,14.3,12.1;0.8;12.3;9.4;3.3;2.8;76.4;48.5;23.7;42.4;93.1;9.2;1.7;2.8;0.6;0.6;0.6;0.8;0.3;0.0;0.8;0.3;0.0;0.8,36.2,0.08,0.0,5.41,14.987,0.801,33154.0,23632.0,4,16,,,,,,,,,,,,,,,,,,,,,,,,,,,,,,,,,,,,,,,,,,,,,,,,,,,,,,,,,,,,,
19,3,,,,,,,100,100,66,17,223.8,2730,10801,36,0,14.1,16.0;1.1;10.0;5.6;4.5;1.9;47.6;58.8;25.3;37.3;85.0;42.9;0.3;0.3;0.0;0.0;0.3;0.0;0.0;0.0;0.6;0.0;0.0;1.1,36.17,0.08,0.0,4.34,14.987,0.801,4443.0,174560.0,4,16,,,,,,,,,,,,,,,,,,,,,,,,,,,,,,,,,,,,,,,,,,,,,,,,,,,,,,,,,,,,,
19,4,,,,,,,100,100,66,18,224.3,2730,10801,36,0,13.9,14.6;0.8;7.5;6.9;2.5;1.7;35.6;63.2;27.9;42.7;61.7;63.8;0.6;0.8;0.0;0.0;0.3;0.0;0.0;0.0;0.8;0.3;0.0;0.6,36.14,0.08,0.01,3.44,14.987,0.801,12548.0,11035.0,4,16,,,,,,,,,,,,,,,,,,,,,,,,,,,,,,,,,,,,,,,,,,,,,,,,,,,,,,,,,,,,,
19,5,,,,,,,100,91,66,17,224.1,2730,10801,36,0,14.6,12.7;2.5;8.4;12.8;3.1;4.5;62.5;55.9;27.5;50.7;92.7;7.6;1.4;1.1;0.0;0.8;0.6;1.7;0.0;0.0;0.3;1.1;0.3;1.9,36.14,0.08,0.03,2.91,14.987,0.801,19384.0,12792.0,4,16,,,,,,,,,,,,,,,,,,,,,,,,,,,,,,,,,,,,,,,,,,,,,,,,,,,,,,,,,,,,,
19,6,,,,,,,97,93,68,18,224.1,2730,10801,36,0,14.4,10.9;1.9;13.3;11.4;1.7;2.8;78.4;40.4;31.0;37.8;84.2;24.2;0.8;0.3;0.3;0.0;0.6;0.6;0.0;0.0;1.1;0.3;0.3;4.1,36.14,0.08,0.08,2.32,14.987,0.801,15283.0,104980.0,4,16,,,,,,,,,,,,,,,,,,,,,,,,,,,,,,,,,,,,,,,,,,,,,,,,,,,,,,,,,,,,,
19,7,,,,,,,100,91,65,18,223.7,2730,10801,36,0,15.7,17.1;3.1;14.2;14.5;4.2;5.0;29.5;72.9;25.3;42.1;80.7;51.8;2.2;2.8;0.6;0.0;1.4;0.8;1.7;0.3;1.7;0.0;1.1;2.5,36.13,0.08,0.03,2.03,14.987,0.801,4980.0,30029.0,4,16,,,,,,,,,,,,,,,,,,,,,,,,,,,,,,,,,,,,,,,,,,,,,,,,,,,,,,,,,,,,,
19,8,,,,,,,96,91,68,18,223.6,2730,10801,36,0,13.9,16.5;1.1;8.0;8.8;2.5;2.5;50.1;74.9;20.9;43.0;100.0;0.6;0.8;1.6;0.3;0.0;0.3;0.0;0.0;0.0;0.3;0.0;0.3;1.1,36.12,0.08,0.0,1.81,14.987,0.801,27783.0,23242.0,4,16,,,,,,,,,,,,,,,,,,,,,,,,,,,,,,,,,,,,,,,,,,,,,,,,,,,,,,,,,,,,,
19,9,,,,,,,100,96,67,17,224.0,2730,10801,36,0,13.2,12.2;1.4;7.6;9.2;2.0;2.0;56.5;70.8;23.6;28.2;99.7;0.3;0.0;0.6;0.3;0.0;0.6;0.3;0.0;0.0;0.6;0.3;0.0;0.6,36.11,0.08,0.0,1.51,14.987,0.801,5322.0,20361.0,4,16,,,,,,,,,,,,,,,,,,,,,,,,,,,,,,,,,,,,,,,,,,,,,,,,,,,,,,,,,,,,,
19,10,,,,,,,97,86,67,17,224.3,2730,10801,36,0,10.9,18.3;1.7;0.8;4.5;0.6;1.4;65.6;37.4;9.5;18.9;98.9;1.1;0.3;0.3;0.0;0.0;0.6;0.0;0.0;0.0;0.0;0.0;0.0;1.4,36.08,0.08,0.0,3.28,14.987,0.801,25732.0,23437.0,4,16,,,,,,,,,,,,,,,,,,,,,,,,,,,,,,,,,,,,,,,,,,,,,,,,,,,,,,,,,,,,,
19,11,,,,,,,100,100,66,17,223.7,2730,10801,36,0,12.0,19.4;7.0;8.8;7.0;1.8;3.5;15.8;73.7;8.8;38.6;73.7;26.3;0.0;1.8;0.0;0.0;0.0;1.8;0.0;0.0;0.0;0.0;0.0;0.0,36.12,0.08,0.0,0.02,14.987,0.801,537.0,2343.0,4,16,,,,,,,,,,,,,,,,,,,,,,,,,,,,,,,,,,,,,,,,,,,,,,,,,,,,,,,,,,,,,
19,summary,0.44644697376819914,0.960767569196765,0.4687495031677741,0.9487189914599431,0.00098226,55.8,,,,,,,,,,,,,,,,,,,,,,5,90.18,100,0,85.36,100,59,65.82,68,17,17.82,21,147.4,216.97,224.3,2731.4,10801.0,36.0,0,10.9,17.68,57.5,36.08,36.14,36.23,63.16,0.08,0.08,0.08,19.04,0.0,0.01,0.08,0.02,2.63,5.41,11.335,14.186,14.987,14.99,14.987,15.992,0.801,0.8,0.801,537.0,13915.64,33154.0,2343.0,57838.64,209814.0,4,4.0,4,16,16.0,16,4,16,42.54,9.25
20,1,,,,,,,0,0,59,19,132.4,2745,10801,36,0,59.3,76.3;81.4;90.7;91.7;86.9;91.7;97.6;98.6;79.9;84.5;92.7;86.3;46.2;57.1;15.2;13.8;42.1;52.4;13.4;12.8;35.1;37.1;20.3;18.6,36.27,0.08,0.0,1.86,14.987,0.801,38818.0,55273.0,4,16,,,,,,,,,,,,,,,,,,,,,,,,,,,,,,,,,,,,,,,,,,,,,,,,,,,,,,,,,,,,,
20,2,,,,,,,100,100,67,18,224.0,2730,10801,36,0,14.5,13.9;2.2;7.3;9.2;2.2;5.0;56.7;80.5;25.4;37.3;99.2;1.4;2.0;1.4;0.0;0.6;0.6;0.0;0.3;0.0;0.8;0.6;0.3;0.6,36.2,0.08,0.01,5.41,14.987,0.801,4345.0,46386.0,4,16,,,,,,,,,,,,,,,,,,,,,,,,,,,,,,,,,,,,,,,,,,,,,,,,,,,,,,,,,,,,,
20,3,,,,,,,96,92,66,18,223.6,2730,10801,36,0,14.4,13.9;1.7;10.4;4.9;3.3;2.2;80.8;43.3;46.0;26.1;91.2;12.1;1.7;2.5;0.0;0.0;1.7;1.7;0.0;0.3;0.8;0.3;0.0;0.3,36.18,0.08,0.02,4.33,14.987,0.801,17529.0,16748.0,4,16,,,,,,,,,,,,,,,,,,,,,,,,,,,,,,,,,,,,,,,,,,,,,,,,,,,,,,,,,,,,,
20,4,,,,,,,99,100,66,18,224.8,2730,10801,36,0,14.3,14.6;1.1;10.9;6.2;3.9;3.1;60.2;65.2;41.0;28.9;93.3;6.2;2.0;0.6;0.6;0.6;0.6;0.3;0.3;0.3;0.6;0.6;0.3;2.5,36.17,0.08,0.0,3.47,14.987,0.801,47412.0,22167.0,4,16,,,,,,,,,,,,,,,,,,,,,,,,,,,,,,,,,,,,,,,,,,,,,,,,,,,,,,,,,,,,,
20,5,,,,,,,100,91,67,18,224.7,2730,10801,36,0,14.2,18.0;1.4;9.5;3.6;1.7;2.2;50.6;71.2;38.3;22.6;98.1;16.4;1.1;1.4;0.8;0.0;0.3;0.6;0.0;0.0;0.3;0.0;0.3;1.1,36.15,0.08,0.0,2.94,14.987,0.801,22314.0,124804.0,4,16,,,,,,,,,,,,,,,,,,,,,,,,,,,,,,,,,,,,,,,,,,,,,,,,,,,,,,,,,,,,,
20,6,,,,,,,96,94,65,16,224.8,2730,10801,36,0,14.7,15.2;2.0;14.2;8.9;2.5;3.9;57.0;57.1;37.2;33.0;80.5;24.6;1.9;1.1;0.8;0.8;2.5;1.7;0.3;0.6;0.6;0.6;0.6;4.1,36.14,0.08,0.03,2.25,14.987,0.801,5029.0,58349.0,4,16,,,,,,,,,,,,,,,,,,,,,,,,,,,,,,,,,,,,,,,,,,,,,,,,,,,,,,,,,,,,,
20,7,,,,,,,97,85,66,18,224.6,2730,10801,36,0,14.4,15.1;2.7;9.6;11.0;2.5;4.1;44.7;53.8;38.3;20.1;80.5;52.7;1.1;2.2;0.3;0.0;0.8;0.5;0.3;0.5;0.5;0.8;0.0;1.9,36.14,0.08,0.0,1.99,14.987,0.801,6005.0,22314.0,4,16,,,,,,,,,,,,,,,,,,,,,,,,,,,,,,,,,,,,,,,,,,,,,,,,,,,,,,,,,,,,,
20,8,,,,,,,96,93,68,17,224.5,2730,10801,36,0,14.9,15.3;2.8;12.8;7.0;3.6;2.5;65.0;80.1;30.3;27.6;99.2;2.2;1.1;1.1;0.3;0.8;0.6;1.1;0.3;0.3;1.7;0.6;0.8;1.7,36.12,0.08,0.02,1.52,14.987,0.801,14550.0,22070.0,4,16,,,,,,,,,,,,,,,,,,,,,,,,,,,,,,,,,,,,,,,,,,,,,,,,,,,,,,,,,,,,,
20,9,,,,,,,100,100,67,17,224.8,2730,10801,36,0,13.3,11.9;1.1;10.9;6.2;2.8;2.8;49.7;70.6;27.1;27.5;98.9;1.1;1.1;1.7;0.0;0.6;0.6;1.7;0.0;0.0;0.8;1.1;0.3;0.8,36.11,0.08,0.02,1.91,14.987,0.801,5615.0,36865.0,4,16,,,,,,,,,,,,,,,,,,,,,,,,,,,,,,,,,,,,,,,,,,,,,,,,,,,,,,,,,,,,,
20,10,,,,,,,100,94,66,18,225.1,2730,10801,36,0,11.4,14.0;2.0;7.6;3.7;3.7;3.1;48.2;52.4;10.4;18.0;56.0;47.1;0.8;1.4;0.0;0.3;0.8;0.3;0.0;0.0;0.3;0.0;1.1;2.0,36.09,0.08,0.0,3.32,14.987,0.801,43164.0,22265.0,4,16,,,,,,,,,,,,,,,,,,,,,,,,,,,,,,,,,,,,,,,,,,,,,,,,,,,,,,,,,,,,,
20,11,,,,,,,100,100,68,20,224.6,2730,10801,36,0,15.5,30.0;6.5;19.4;14.3;14.3;4.8;27.0;79.0;12.9;38.7;85.5;8.1;1.6;4.8;0.0;3.3;3.2;1.6;0.0;0.0;3.2;3.2;0.0;9.4,36.11,0.08,0.02,0.06,14.987,0.801,439.0,2246.0,4,16,,,,,,,,,,,,,,,,,,,,,,,,,,,,,,,,,,,,,,,,,,,,,,,,,,,,,,,,,,,,,
20,summary,0.445877209122799,0.961133556753188,0.4662950203228695,0.9542903619357462,0.00098010,55.7,,,,,,,,,,,,,,,,,,,,,,0,89.45,100,0,86.27,100,59,65.91,68,16,17.91,20,132.4,216.17,225.1,2731.4,10801.0,36.0,0,11.4,18.26,59.3,36.09,36.15,36.27,63.16,0.08,0.08,0.08,19.04,0.0,0.01,0.03,0.06,2.64,5.41,11.336,14.186,14.987,14.99,14.987,15.992,0.801,0.8,0.801,439.0,18656.36,47412.0,2246.0,39044.27,124804.0,4,4.0,4,16,16.0,16,4,16,42.21,9.57
21,1,,,,,,,0,0,59,21,124.1,2745,10801,36,0,59.8,80.7;85.1;90.7;86.9;88.9;90.0;96.9;95.2;74.8;81.7;92.1;79.7;51.0;50.9;15.9;16.8;49.7;46.4;12.7;15.5;40.7;44.2;28.0;21.6,36.25,0.08,0.0,1.86,14.987,0.801,3955.0,234521.0,4,16,,,,,,,,,,,,,,,,,,,,,,,,,,,,,,,,,,,,,,,,,,,,,,,,,,,,,,,,,,,,,
21,2,,,,,,,96,92,67,19,223.7,2730,10801,36,0,15.1,15.2;2.0;8.7;15.3;3.3;5.6;45.0;77.2;20.0;47.6;91.4;17.3;1.4;0.8;0.6;1.4;3.3;2.5;0.3;0.3;1.1;0.6;0.6;1.4,36.22,0.08,0.0,5.45,14.987,0.801,43457.0,23632.0,4,16,,,,,,,,,,,,,,,,,,,,,,,,,,,,,,,,,,,,,,,,,,,,,,,,,,,,,,,,,,,,,
21,3,,,,,,,100,100,66,19,224.5,2730,10801,36,0,14.0,11.2;2.3;4.5;9.3;1.4;3.9;45.6;53.5;21.4;40.8;80.0;56.6;0.8;0.6;0.0;0.0;0.6;0.8;0.0;0.0;0.0;0.3;0.3;0.8,36.18,0.08,0.0,4.34,14.987,0.801,5664.0,25000.0,4,16,,,,,,,,,,,,,,,,,,,,,,,,,,,,,,,,,,,,,,,,,,,,,,,,,,,,,,,,,,,,,
21,4,,,,,,,100,93,66,16,224.5,2730,10801,36,0,14.7,13.8;3.3;7.8;11.4;3.3;4.2;63.7;70.8;26.0;40.6;97.5;2.2;1.7;0.8;0.0;0.3;0.3;0.6;0.0;0.0;1.1;0.3;0.6;2.7,36.16,0.08,0.0,3.48,14.987,0.801,30859.0,9423.0,4,16,,,,,,,,,,,,,,,,,,,,,,,,,,,,,,,,,,,,,,,,,,,,,,,,,,,,,,,,,,,,,
21,5,,,,,,,91,23,64,20,216.3,2730,10801,36,0,14.1,14.7;1.4;3.9;11.0;1.7;3.8;41.2;67.8;19.8;45.7;57.3;62.9;0.8;1.7;0.0;0.0;0.0;0.6;0.0;0.3;0.8;1.1;0.8;1.6,36.16,0.08,0.0,2.88,14.987,0.801,33105.0,39306.0,4,16,,,,,,,,,,,,,,,,,,,,,,,,,,,,,,,,,,,,,,,,,,,,,,,,,,,,,,,,,,,,,
21,6,,,,,,,100,92,66,17,224.3,2730,10801,36,0,14.4,14.1;2.5;7.5;11.1;3.3;4.2;65.8;38.3;28.7;32.3;60.4;68.1;0.8;2.0;0.8;0.6;0.3;0.6;0.3;0.6;0.0;0.6;1.4;0.8,36.14,0.08,0.0,2.18,14.987,0.801,13427.0,50927.0,4,16,,,,,,,,,,,,,,,,,,,,,,,,,,,,,,,,,,,,,,,,,,,,,,,,,,,,,,,,,,,,,
21,7,,,,,,,96,92,66,15,223.8,2730,10801,36,0,14.2,16.0;2.2;8.1;11.5;2.0;4.2;46.4;59.3;20.9;41.2;75.8;47.9;1.1;1.4;0.0;0.0;0.3;0.6;0.3;0.0;0.8;0.0;0.0;0.0,36.14,0.08,0.0,2.02,14.987,0.801,18408.0,93994.0,4,16,,,,,,,,,,,,,,,,,,,,,,,,,,,,,,,,,,,,,,,,,,,,,,,,,,,,,,,,,,,,,
21,8,,,,,,,100,91,69,18,223.8,2730,10801,36,0,14.0,16.6;1.7;8.7;9.5;2.2;4.5;45.8;66.0;21.3;48.9;75.8;33.1;0.3;0.8;0.0;0.0;0.3;0.3;0.0;0.0;0.0;0.3;0.0;0.6,36.13,0.08,0.01,1.48,14.987,0.801,4687.0,34130.0,4,16,,,,,,,,,,,,,,,,,,,,,,,,,,,,,,,,,,,,,,,,,,,,,,,,,,,,,,,,,,,,,
21,9,,,,,,,96,86,66,19,223.7,2730,10801,36,0,13.9,12.7;3.9;8.5;11.2;4.1;3.9;62.0;59.2;15.7;36.1;99.2;3.6;0.8;1.7;0.3;0.3;0.8;0.3;0.6;0.3;0.8;0.8;1.9;4.1,36.1,0.08,0.01,1.82,14.987,0.801,26464.0,14257.0,4,16,,,,,,,,,,,,,,,,,,,,,,,,,,,,,,,,,,,,,,,,,,,,,,,,,,,,,,,,,,,,,
21,10,,,,,,,100,97,66,18,223.9,2730,10801,36,0,10.8,17.3;0.3;1.7;4.5;0.6;1.7;61.6;40.2;10.9;15.1;100.0;0.3;1.1;0.3;0.0;0.0;0.3;0.0;0.0;0.0;0.3;0.0;0.0;1.1,36.08,0.08,0.0,3.28,14.987,0.801,26318.0,27001.0,4,16,,,,,,,,,,,,,,,,,,,,,,,,,,,,,,,,,,,,,,,,,,,,,,,,,,,,,,,,,,,,,
21,11,,,,,,,96,91,66,17,223.9,2730,10801,36,0,13.4,27.7;3.6;8.8;7.0;5.3;8.8;28.1;67.9;7.0;40.4;98.2;3.5;3.5;0.0;1.8;0.0;3.6;1.8;0.0;0.0;1.8;0.0;0.0;0.0,36.11,0.08,0.05,0.09,14.987,0.801,781.0,2099.0,4,16,,,,,,,,,,,,,,,,,,,,,,,,,,,,,,,,,,,,,,,,,,,,,,,,,,,,,,,,,,,,,
21,summary,0.4426165173005903,0.9619157654522099,0.46518790495497464,0.955103700691338,0.00097782,55.7,,,,,,,,,,,,,,,,,,,,,,0,88.64,100,0,77.91,100,59,65.55,69,15,18.09,21,124.1,214.23,224.5,2731.4,10801.0,36.0,0,10.8,18.04,59.8,36.08,36.15,36.25,63.16,0.08,0.08,0.08,19.04,0.0,0.01,0.05,0.09,2.63,5.45,11.336,14.186,14.987,14.99,14.987,15.992,0.801,0.8,0.801,781.0,18829.55,43457.0,2099.0,50390.0,234521.0,4,4.0,4,16,16.0,16,4,16,42.47,9.26
22,1,,,,,,,25,22,60,25,159.1,2745,10801,36,0,59.2,81.2;82.6;89.2;87.5;91.6;92.0;99.0;97.9;80.9;71.8;95.2;85.0;56.2;39.4;15.6;13.5;48.6;51.4;10.4;8.3;40.1;36.8;26.7;19.4,36.35,0.08,0.0,1.9,14.987,0.801,51660.0,13330.0,4,16,,,,,,,,,,,,,,,,,,,,,,,,,,,,,,,,,,,,,,,,,,,,,,,,,,,,,,,,,,,,,
22,2,,,,,,,96,91,66,17,223.7,2730,10801,36,0,14.9,14.8;2.8;15.4;12.8;4.2;3.9;51.0;71.5;31.3;35.1;87.2;17.4;2.8;2.5;0.0;0.3;0.8;0.6;0.0;0.3;0.8;0.3;0.3;0.6,36.19,0.08,0.01,5.41,14.987,0.801,4443.0,49267.0,4,16,,,,,,,,,,,,,,,,,,,,,,,,,,,,,,,,,,,,,,,,,,,,,,,,,,,,,,,,,,,,,
22,3,,,,,,,100,91,66,18,223.3,2730,10801,36,0,14.2,12.2;0.8;10.3;8.4;2.5;3.9;25.5;72.0;34.6;47.9;67.2;50.6;2.0;0.6;0.0;0.3;0.3;1.1;0.0;0.0;0.8;0.3;0.0;0.3,36.18,0.08,0.02,4.46,14.987,0.801,26660.0,14160.0,4,16,,,,,,,,,,,,,,,,,,,,,,,,,,,,,,,,,,,,,,,,,,,,,,,,,,,,,,,,,,,,,
22,4,,,,,,,100,99,66,16,214.2,2730,10801,36,0,14.5,17.4;2.2;9.9;8.2;2.2;4.1;72.0;25.1;35.3;34.6;60.3;66.4;1.7;1.1;0.0;0.0;2.5;1.9;0.0;0.0;0.5;0.6;0.8;1.4,36.16,0.08,0.01,3.38,14.987,0.801,4687.0,29833.0,4,16,,,,,,,,,,,,,,,,,,,,,,,,,,,,,,,,,,,,,,,,,,,,,,,,,,,,,,,,,,,,,
22,5,,,,,,,100,94,68,18,224.0,2730,10801,36,0,14.5,19.2;1.7;14.2;8.7;3.1;3.9;63.8;36.6;31.0;42.1;46.4;70.4;0.6;1.7;0.0;0.0;0.8;1.4;0.0;0.0;0.0;0.8;0.6;1.9,36.16,0.08,0.04,2.95,14.987,0.801,15087.0,69775.0,4,16,,,,,,,,,,,,,,,,,,,,,,,,,,,,,,,,,,,,,,,,,,,,,,,,,,,,,,,,,,,,,
22,6,,,,,,,96,91,66,18,223.9,2730,10801,36,0,14.9,14.5;2.2;14.8;8.4;3.6;3.9;60.1;66.9;35.8;38.4;84.8;14.8;2.0;0.8;0.0;0.3;0.6;0.8;0.3;0.6;1.1;1.1;0.0;1.1,36.15,0.08,0.02,2.26,14.987,0.801,39746.0,50195.0,4,16,,,,,,,,,,,,,,,,,,,,,,,,,,,,,,,,,,,,,,,,,,,,,,,,,,,,,,,,,,,,,
22,7,,,,,,,100,100,67,18,224.1,2730,10801,36,0,14.1,12.1;1.4;12.6;6.1;3.9;2.0;23.2;80.8;32.4;27.9;65.1;65.9;0.3;1.1;0.3;0.0;0.0;0.0;0.0;0.0;0.6;0.0;0.3;1.1,36.13,0.08,0.01,2.0,14.987,0.801,21240.0,29199.0,4,16,,,,,,,,,,,,,,,,,,,,,,,,,,,,,,,,,,,,,,,,,,,,,,,,,,,,,,,,,,,,,
22,8,,,,,,,96,92,67,18,213.5,2730,10801,36,0,14.4,15.5;1.9;14.6;4.4;3.6;3.0;50.6;60.9;29.8;30.9;79.3;42.8;0.8;0.6;0.6;0.3;0.8;0.6;0.3;0.3;0.6;0.6;1.4;1.6,36.11,0.08,0.01,1.5,14.987,0.801,26025.0,22412.0,4,16,,,,,,,,,,,,,,,,,,,,,,,,,,,,,,,,,,,,,,,,,,,,,,,,,,,,,,,,,,,,,
22,9,,,,,,,100,92,65,17,224.0,2730,10801,36,0,13.4,15.6;1.7;9.8;3.9;2.0;2.2;73.0;35.3;22.7;30.3;79.8;36.4;1.4;0.8;0.0;0.3;0.8;0.8;0.3;0.6;0.3;0.6;0.8;0.6,36.1,0.08,0.01,1.85,14.987,0.801,16601.0,11572.0,4,16,,,,,,,,,,,,,,,,,,,,,,,,,,,,,,,,,,,,,,,,,,,,,,,,,,,,,,,,,,,,,
22,10,,,,,,,96,84,66,17,224.4,2730,10801,36,0,11.3,11.7;0.8;5.3;6.4;1.4;3.4;44.0;57.3;9.2;19.0;47.3;58.5;0.6;1.1;0.3;0.0;1.1;1.4;0.0;0.0;0.8;0.8;0.3;1.1,36.08,0.08,0.02,3.3,14.987,0.801,37011.0,52587.0,4,16,,,,,,,,,,,,,,,,,,,,,,,,,,,,,,,,,,,,,,,,,,,,,,,,,,,,,,,,,,,,,
22,11,,,,,,,100,99,67,17,224.6,2730,10801,36,0,12.8,18.8;1.7;8.5;18.6;1.7;10.2;10.2;83.1;13.6;31.7;100.0;0.0;1.7;1.7;0.0;0.0;0.0;1.7;0.0;0.0;0.0;0.0;0.0;3.3,36.12,0.08,0.0,0.17,14.987,0.801,488.0,2001.0,4,16,,,,,,,,,,,,,,,,,,,,,,,,,,,,,,,,,,,,,,,,,,,,,,,,,,,,,,,,,,,,,
22,summary,0.44152726202283354,0.9618296507330516,0.46184374656363103,0.9540463603090688,0.00097542,55.7,,,,,,,,,,,,,,,,,,,,,,25,91.73,100,22,86.82,100,60,65.82,68,16,18.09,25,159.1,216.25,224.6,2731.4,10801.0,36.0,0,11.3,18.02,59.2,36.08,36.16,36.35,63.16,0.08,0.08,0.08,19.04,0.0,0.01,0.04,0.17,2.65,5.41,11.334,14.186,14.987,14.99,14.987,15.992,0.801,0.8,0.801,488.0,22149.82,51660.0,2001.0,31302.82,69775.0,4,4.0,4,16,16.0,16,4,16,42.26,9.42
23,1,,,,,,,3,0,59,20,141.9,2745,10801,36,0,58.3,81.6;88.9;87.1;96.2;86.8;90.6;99.0;96.5;76.3;93.4;96.5;82.9;42.5;63.4;7.3;9.8;41.3;50.3;4.5;5.9;33.1;33.0;14.6;15.6,36.33,0.08,0.0,1.86,14.987,0.801,27783.0,107958.0,4,16,,,,,,,,,,,,,,,,,,,,,,,,,,,,,,,,,,,,,,,,,,,,,,,,,,,,,,,,,,,,,
23,2,,,,,,,100,93,67,18,223.8,2730,10801,36,0,15.9,16.5;3.9;14.0;9.2;4.8;5.3;65.6;69.7;40.9;33.6;99.7;2.5;1.1;2.5;0.0;0.6;1.4;1.7;0.3;0.0;1.4;1.7;2.0;2.8,36.22,0.08,0.01,5.47,14.987,0.801,5566.0,27539.0,4,16,,,,,,,,,,,,,,,,,,,,,,,,,,,,,,,,,,,,,,,,,,,,,,,,,,,,,,,,,,,,,
23,3,,,,,,,100,100,67,18,224.0,2730,10801,36,0,14.1,15.8;1.4;11.2;7.1;2.2;4.4;57.0;62.8;30.1;30.9;89.9;17.5;0.8;1.4;0.8;0.0;0.3;1.1;0.3;0.3;0.8;0.3;0.3;0.5,36.19,0.08,0.01,4.3,14.987,0.801,35498.0,11523.0,4,16,,,,,,,,,,,,,,,,,,,,,,,,,,,,,,,,,,,,,,,,,,,,,,,,,,,,,,,,,,,,,
23,4,,,,,,,100,92,66,18,224.3,2730,10801,36,0,14.9,13.5;2.0;10.3;7.2;3.6;5.3;45.8;69.1;29.2;26.1;84.7;51.8;1.7;1.7;0.3;0.6;0.3;0.8;0.8;0.0;0.6;0.3;0.6;1.7,36.17,0.08,0.02,3.42,14.987,0.801,31152.0,49560.0,4,16,,,,,,,,,,,,,,,,,,,,,,,,,,,,,,,,,,,,,,,,,,,,,,,,,,,,,,,,,,,,,
23,5,,,,,,,96,92,68,18,224.3,2730,10801,36,0,13.9,12.6;2.5;11.2;5.1;2.8;2.2;49.6;68.0;41.7;23.9;72.2;38.4;0.8;0.6;0.0;0.0;0.6;0.3;0.6;0.0;0.8;0.0;0.0;0.0,36.14,0.08,0.01,2.98,14.987,0.801,16162.0,11474.0,4,16,,,,,,,,,,,,,,,,,,,,,,,,,,,,,,,,,,,,,,,,,,,,,,,,,,,,,,,,,,,,,
23,6,,,,,,,100,92,65,18,224.6,2730,10801,36,0,14.6,14.6;3.3;8.4;6.1;2.2;4.2;73.2;72.6;27.7;29.9;100.0;0.3;1.1;1.4;0.0;0.3;1.4;0.8;0.3;0.0;0.6;1.1;0.3;1.4,36.13,0.08,0.01,2.19,14.987,0.801,19628.0,18505.0,4,16,,,,,,,,,,,,,,,,,,,,,,,,,,,,,,,,,,,,,,,,,,,,,,,,,,,,,,,,,,,,,
23,7,,,,,,,99,100,66,18,224.7,2730,10801,36,0,14.3,17.2;2.7;10.1;10.1;3.0;3.3;51.9;64.4;38.9;34.0;99.7;0.8;0.5;0.8;0.0;0.0;1.1;0.3;0.0;0.0;0.8;1.1;0.3;0.5,36.12,0.08,0.01,2.0,14.987,0.801,8007.0,172265.0,4,16,,,,,,,,,,,,,,,,,,,,,,,,,,,,,,,,,,,,,,,,,,,,,,,,,,,,,,,,,,,,,
23,8,,,,,,,100,91,66,18,224.4,2730,10801,36,0,14.1,11.0;0.6;13.1;3.4;2.5;1.4;66.8;36.0;36.0;30.8;61.3;69.7;1.4;0.0;0.8;0.3;0.8;0.3;0.0;0.0;0.6;0.3;0.3;1.1,36.12,0.08,0.01,1.5,14.987,0.801,4345.0,54833.0,4,16,,,,,,,,,,,,,,,,,,,,,,,,,,,,,,,,,,,,,,,,,,,,,,,,,,,,,,,,,,,,,
23,9,,,,,,,96,86,67,18,224.0,2730,10801,36,0,13.0,14.7;0.8;7.9;4.8;2.2;2.5;36.4;63.8;27.8;15.7;64.4;66.7;0.6;0.3;0.3;0.0;0.3;0.3;0.0;0.0;0.0;0.6;0.0;0.6,36.11,0.08,0.03,1.5,14.987,0.801,5957.0,30029.0,4,16,,,,,,,,,,,,,,,,,,,,,,,,,,,,,,,,,,,,,,,,,,,,,,,,,,,,,,,,,,,,,
23,10,,,,,,,99,100,67,17,224.8,2730,10801,36,0,11.0,10.9;1.1;6.4;1.7;3.4;2.0;44.8;58.4;22.0;6.1;97.8;2.0;1.1;1.7;0.0;0.0;0.8;0.3;0.0;0.3;1.7;0.0;0.6;1.7,36.1,0.08,0.01,3.68,14.987,0.801,7714.0,26171.0,4,16,,,,,,,,,,,,,,,,,,,,,,,,,,,,,,,,,,,,,,,,,,,,,,,,,,,,,,,,,,,,,
23,11,,,,,,,98,89,66,18,224.4,2730,10801,36,0,13.0,21.9;6.8;22.4;1.7;5.2;3.4;93.1;6.9;28.3;22.4;93.1;0.0;1.7;0.0;0.0;0.0;0.0;0.0;0.0;0.0;0.0;0.0;0.0;0.0,36.12,0.08,0.0,0.05,14.987,0.801,1123.0,2197.0,4,16,,,,,,,,,,,,,,,,,,,,,,,,,,,,,,,,,,,,,,,,,,,,,,,,,,,,,,,,,,,,,
23,summary,0.4408952320779238,0.9638174655002907,0.4539479409184287,0.9603497356649044,0.00097290,55.7,,,,,,,,,,,,,,,,,,,,,,3,90.09,100,0,85.0,100,59,65.82,68,17,18.09,20,141.9,216.84,224.8,2731.4,10801.0,36.0,0,11.0,17.92,58.3,36.1,36.16,36.33,63.16,0.08,0.08,0.08,19.04,0.0,0.01,0.03,0.05,2.63,5.47,11.333,14.186,14.987,14.99,14.987,15.992,0.801,0.8,0.801,1123.0,14812.27,35498.0,2197.0,46550.36,172265.0,4,4.0,4,16,16.0,16,4,16,42.21,9.49
24,1,,,,,,,0,0,59,19,133.6,2745,10801,36,0,58.2,79.6;73.4;89.3;86.3;90.0;84.5;99.0;98.3;89.0;81.1;97.6;81.8;47.9;46.4;13.4;13.3;48.6;46.1;10.3;12.7;37.8;32.6;23.0;15.9,36.25,0.08,0.02,1.88,14.987,0.801,38330.0,175634.0,4,16,,,,,,,,,,,,,,,,,,,,,,,,,,,,,,,,,,,,,,,,,,,,,,,,,,,,,,,,,,,,,
24,2,,,,,,,100,93,66,17,224.3,2730,10801,36,0,13.8,13.6;0.6;12.2;6.9;4.4;2.5;53.2;46.3;34.5;27.9;65.5;58.7;1.1;0.6;0.0;0.3;0.3;0.6;0.0;0.0;0.8;0.0;0.0;1.1,36.2,0.08,0.0,5.3,14.987,0.801,19335.0,35400.0,4,16,,,,,,,,,,,,,,,,,,,,,,,,,,,,,,,,,,,,,,,,,,,,,,,,,,,,,,,,,,,,,
24,3,,,,,,,96,92,67,18,224.7,2730,10801,36,0,14.5,14.2;2.8;11.9;7.5;3.9;2.8;77.4;39.7;33.3;39.3;82.2;25.3;1.1;1.4;0.3;0.3;1.7;0.6;0.3;0.0;0.3;0.0;0.3;2.2,36.17,0.08,0.01,4.35,14.987,0.801,5224.0,22412.0,4,16,,,,,,,,,,,,,,,,,,,,,,,,,,,,,,,,,,,,,,,,,,,,,,,,,,,,,,,,,,,,,
24,4,,,,,,,100,92,65,19,224.6,2730,10801,36,0,14.3,14.2;0.8;13.4;10.1;3.7;2.5;36.5;64.1;25.9;41.3;75.6;50.8;0.8;1.1;0.0;0.0;0.3;0.3;0.0;0.0;0.0;0.3;0.3;1.9,36.16,0.08,0.02,3.53,14.987,0.801,12304.0,12011.0,4,16,,,,,,,,,,,,,,,,,,,,,,,,,,,,,,,,,,,,,,,,,,,,,,,,,,,,,,,,,,,,,
24,5,,,,,,,100,91,67,18,224.3,2730,10801,36,0,14.7,13.0;3.1;13.3;5.6;5.3;1.4;62.1;47.1;26.7;44.3;75.4;45.8;0.8;0.8;0.0;0.3;0.6;0.6;0.0;0.0;1.9;0.0;1.1;2.8,36.15,0.08,0.03,2.94,14.987,0.801,15576.0,43212.0,4,16,,,,,,,,,,,,,,,,,,,,,,,,,,,,,,,,,,,,,,,,,,,,,,,,,,,,,,,,,,,,,
24,6,,,,,,,100,96,67,19,223.8,2730,10801,36,0,14.9,18.2;3.0;11.2;6.3;5.7;1.9;52.1;72.7;24.4;42.3;90.9;17.5;1.7;1.7;0.3;0.3;1.9;0.8;0.3;0.0;0.0;1.1;0.8;1.1,36.14,0.08,0.01,2.17,14.987,0.801,35351.0,18847.0,4,16,,,,,,,,,,,,,,,,,,,,,,,,,,,,,,,,,,,,,,,,,,,,,,,,,,,,,,,,,,,,,
24,7,,,,,,,96,83,67,16,224.3,2730,10801,36,0,14.2,11.7;2.0;9.0;8.1;3.4;3.9;54.6;52.5;20.3;49.6;57.0;64.0;1.4;1.7;0.0;0.0;1.1;0.6;0.0;0.0;0.3;1.1;0.0;0.6,36.13,0.08,0.01,2.02,14.987,0.801,20410.0,50097.0,4,16,,,,,,,,,,,,,,,,,,,,,,,,,,,,,,,,,,,,,,,,,,,,,,,,,,,,,,,,,,,,,
24,8,,,,,,,99,92,66,17,224.4,2730,10801,36,0,14.4,16.4;0.8;5.3;7.6;2.5;4.8;31.7;67.8;25.0;48.7;70.9;53.5;0.6;0.3;0.6;0.6;0.6;1.1;0.8;0.8;0.0;0.0;0.3;2.2,36.12,0.08,0.01,1.47,14.987,0.801,6347.0,55126.0,4,16,,,,,,,,,,,,,,,,,,,,,,,,,,,,,,,,,,,,,,,,,,,,,,,,,,,,,,,,,,,,,
24,9,,,,,,,96,91,67,16,224.9,2730,10801,36,0,13.4,12.7;2.2;10.6;9.5;2.2;3.4;79.1;23.2;17.1;38.5;86.0;26.5;2.0;1.7;0.3;0.6;1.4;0.8;0.3;0.8;0.0;1.1;0.3;1.7,36.1,0.08,0.01,1.5,14.987,0.801,21972.0,11962.0,4,16,,,,,,,,,,,,,,,,,,,,,,,,,,,,,,,,,,,,,,,,,,,,,,,,,,,,,,,,,,,,,
24,10,,,,,,,100,92,67,17,224.7,2730,10801,36,0,11.0,13.0;1.7;6.1;4.7;3.0;2.7;43.5;53.7;10.4;19.0;83.0;19.0;0.6;1.9;0.0;0.3;0.0;0.3;0.0;0.0;0.0;0.6;0.0;0.5,36.09,0.08,0.0,3.62,14.987,0.801,5371.0,31542.0,4,16,,,,,,,,,,,,,,,,,,,,,,,,,,,,,,,,,,,,,,,,,,,,,,,,,,,,,,,,,,,,,
24,11,,,,,,,97,92,67,17,224.8,2730,10801,36,0,12.8,8.8;3.6;16.1;8.9;8.9;1.8;93.0;7.0;8.8;37.9;71.9;32.1;0.0;1.8;0.0;0.0;3.6;0.0;0.0;0.0;0.0;0.0;0.0;0.0,36.12,0.08,0.03,0.1,14.987,0.801,18261.0,15527.0,4,16,,,,,,,,,,,,,,,,,,,,,,,,,,,,,,,,,,,,,,,,,,,,,,,,,,,,,,,,,,,,,
24,summary,0.4387285942583009,0.9632577198257612,0.455985037426776,0.9597803985359903,0.00097026,55.8,,,,,,,,,,,,,,,,,,,,,,0,89.45,100,0,83.09,96,59,65.91,67,16,17.55,19,133.6,216.22,224.9,2731.4,10801.0,36.0,0,11.0,17.84,58.2,36.09,36.15,36.25,63.16,0.08,0.08,0.08,19.04,0.0,0.01,0.03,0.1,2.63,5.3,11.335,14.186,14.987,14.99,14.987,15.992,0.801,0.8,0.801,5224.0,18043.73,38330.0,11962.0,42888.18,175634.0,4,4.0,4,16,16.0,16,4,16,42.21,9.6
25,1,,,,,,,38,41,59,21,122.1,2745,10801,36,0,58.0,77.3;78.0;89.4;87.6;88.7;87.3;99.0;97.9;84.8;87.6;96.6;84.9;45.7;55.0;9.6;10.6;40.5;47.3;7.6;7.9;37.2;34.2;18.2;18.4,36.25,0.08,0.02,1.86,14.987,0.801,3906.0,226318.0,4,16,,,,,,,,,,,,,,,,,,,,,,,,,,,,,,,,,,,,,,,,,,,,,,,,,,,,,,,,,,,,,
25,2,,,,,,,100,91,67,18,224.2,2730,10801,36,0,14.5,14.2;0.8;8.9;9.5;2.0;3.4;69.6;65.7;31.6;34.2;100.0;0.6;1.4;0.8;0.3;0.0;0.8;0.6;0.0;0.0;0.6;0.0;0.0;0.8,36.22,0.08,0.01,5.4,14.987,0.801,33447.0,12548.0,4,16,,,,,,,,,,,,,,,,,,,,,,,,,,,,,,,,,,,,,,,,,,,,,,,,,,,,,,,,,,,,,
25,3,,,,,,,96,92,65,17,224.1,2730,10801,36,0,14.4,11.5;1.7;9.2;6.7;2.2;3.4;71.3;64.0;28.2;39.0;100.0;0.6;1.7;2.5;0.0;0.0;0.6;1.4;0.0;0.0;0.8;0.0;0.6;1.7,36.2,0.08,0.03,4.42,14.987,0.801,21093.0,21582.0,4,16,,,,,,,,,,,,,,,,,,,,,,,,,,,,,,,,,,,,,,,,,,,,,,,,,,,,,,,,,,,,,
25,4,,,,,,,100,95,67,18,224.0,2730,10801,36,0,14.6,11.7;2.5;8.4;9.2;3.4;6.1;63.6;68.1;30.3;35.5;98.0;1.4;1.7;2.5;0.0;0.0;1.1;0.8;0.0;0.3;1.4;0.8;0.3;2.8,36.18,0.08,0.01,3.5,14.987,0.801,11425.0,13281.0,4,16,,,,,,,,,,,,,,,,,,,,,,,,,,,,,,,,,,,,,,,,,,,,,,,,,,,,,,,,,,,,,
25,5,,,,,,,96,93,65,17,223.7,2730,10801,36,0,14.6,14.4;2.7;13.9;14.8;4.9;4.6;45.0;64.3;44.5;23.4;78.5;30.7;2.2;2.2;0.0;0.0;0.8;0.5;0.3;0.0;0.3;0.3;0.0;1.1,36.15,0.08,0.0,2.9,14.987,0.801,29785.0,11669.0,4,16,,,,,,,,,,,,,,,,,,,,,,,,,,,,,,,,,,,,,,,,,,,,,,,,,,,,,,,,,,,,,
25,6,,,,,,,100,98,66,18,223.9,2730,10801,36,0,15.1,18.9;1.7;16.4;6.1;5.3;3.1;72.2;49.0;48.7;28.7;98.9;1.1;3.1;1.4;0.3;0.0;2.5;0.6;0.0;0.0;0.3;0.3;0.3;2.2,36.14,0.08,0.09,2.34,14.987,0.801,4443.0,50146.0,4,16,,,,,,,,,,,,,,,,,,,,,,,,,,,,,,,,,,,,,,,,,,,,,,,,,,,,,,,,,,,,,
25,7,,,,,,,98,88,67,19,224.2,2730,10801,36,0,14.1,16.0;1.1;13.8;5.9;2.8;2.5;32.9;73.7;50.3;31.9;76.4;26.4;1.4;1.4;0.0;0.3;1.1;0.6;0.0;0.0;0.0;0.0;0.0;0.6,36.14,0.08,0.0,2.18,14.987,0.801,28222.0,11132.0,4,16,,,,,,,,,,,,,,,,,,,,,,,,,,,,,,,,,,,,,,,,,,,,,,,,,,,,,,,,,,,,,
25,8,,,,,,,96,91,66,17,224.7,2730,10801,36,0,14.8,15.8;2.5;13.7;6.7;4.4;3.3;60.3;54.7;40.6;33.1;89.2;18.6;1.4;1.9;0.0;0.3;1.9;1.4;0.3;0.3;1.7;0.8;1.1;1.9,36.13,0.08,0.0,1.52,14.987,0.801,29248.0,75048.0,4,16,,,,,,,,,,,,,,,,,,,,,,,,,,,,,,,,,,,,,,,,,,,,,,,,,,,,,,,,,,,,,
25,9,,,,,,,96,93,66,18,224.7,2730,10801,36,0,13.8,17.7;3.3;9.1;7.2;4.9;2.8;71.2;54.8;31.5;19.0;97.3;4.4;1.1;0.3;0.3;0.3;0.3;0.8;0.3;0.8;0.0;0.3;0.3;2.5,36.1,0.08,0.01,1.84,14.987,0.801,20263.0,43896.0,4,16,,,,,,,,,,,,,,,,,,,,,,,,,,,,,,,,,,,,,,,,,,,,,,,,,,,,,,,,,,,,,
25,10,,,,,,,97,91,66,18,224.5,2730,10801,36,0,11.5,15.8;1.1;4.2;4.5;3.6;1.7;47.1;57.5;15.1;13.4;99.2;2.0;0.8;0.3;0.3;0.3;0.8;0.8;0.0;0.0;0.6;0.8;1.4;3.8,36.07,0.08,0.0,3.3,14.987,0.801,20996.0,12304.0,4,16,,,,,,,,,,,,,,,,,,,,,,,,,,,,,,,,,,,,,,,,,,,,,,,,,,,,,,,,,,,,,
25,11,,,,,,,96,92,67,17,224.5,2730,10801,36,0,12.3,16.1;1.7;8.6;8.3;5.2;3.4;82.8;6.8;39.7;11.9;74.1;25.4;3.4;1.7;0.0;0.0;0.0;0.0;1.7;6.8;0.0;0.0;0.0;0.0,36.11,0.08,0.0,0.1,14.987,0.801,1806.0,0.0,4,16,,,,,,,,,,,,,,,,,,,,,,,,,,,,,,,,,,,,,,,,,,,,,,,,,,,,,,,,,,,,,
25,summary,0.43594674203130457,0.964470502120575,0.4511477770820872,0.9618137454249694,0.00096751,55.7,,,,,,,,,,,,,,,,,,,,,,38,92.09,100,41,87.73,98,59,65.55,67,17,18.0,21,122.1,214.96,224.7,2731.4,10801.0,36.0,0,11.5,17.97,58.0,36.07,36.15,36.25,63.16,0.08,0.08,0.08,19.04,0.0,0.02,0.09,0.1,2.67,5.4,11.335,14.186,14.987,14.99,14.987,15.992,0.801,0.8,0.801,1806.0,18603.09,33447.0,0.0,43447.64,226318.0,4,4.0,4,16,16.0,16,4,16,42.6,9.17
26,1,,,,,,,5,0,61,21,153.3,2745,10801,36,0,57.5,81.5;85.6;84.2;88.7;90.7;93.1;97.3;98.6;75.0;88.4;94.2;86.6;46.0;53.4;7.9;8.9;51.9;51.0;4.5;6.9;27.1;30.5;17.2;11.3,36.26,0.08,0.01,2.25,14.987,0.801,29345.0,149755.0,4,16,,,,,,,,,,,,,,,,,,,,,,,,,,,,,,,,,,,,,,,,,,,,,,,,,,,,,,,,,,,,,
26,2,,,,,,,100,100,66,18,223.8,2730,10801,36,0,14.6,13.3;2.5;14.6;8.7;5.3;3.1;66.3;40.7;35.7;30.8;78.9;42.1;0.8;1.7;0.3;0.6;0.6;0.6;0.3;0.3;1.1;0.6;0.0;1.1,36.23,0.08,0.01,6.34,14.987,0.801,5664.0,60449.0,4,16,,,,,,,,,,,,,,,,,,,,,,,,,,,,,,,,,,,,,,,,,,,,,,,,,,,,,,,,,,,,,
26,3,,,,,,,100,93,66,20,223.8,2730,10801,36,0,14.1,14.7;1.1;12.8;9.3;4.4;1.9;47.8;64.9;44.8;25.8;72.7;32.8;1.4;1.6;0.0;0.3;0.5;0.5;0.0;0.0;0.3;0.0;0.0;0.5,36.21,0.08,0.0,5.1,14.987,0.801,84277.0,367968.0,4,16,,,,,,,,,,,,,,,,,,,,,,,,,,,,,,,,,,,,,,,,,,,,,,,,,,,,,,,,,,,,,
26,4,,,,,,,100,92,68,17,224.1,2730,10801,36,0,15.7,16.5;5.3;11.2;12.5;5.3;6.1;62.2;47.9;39.3;47.5;72.1;32.1;3.1;3.6;0.3;0.6;2.0;2.5;0.3;0.6;1.1;1.4;1.7;1.9,36.18,0.08,0.0,4.13,14.987,0.801,4589.0,19335.0,4,16,,,,,,,,,,,,,,,,,,,,,,,,,,,,,,,,,,,,,,,,,,,,,,,,,,,,,,,,,,,,,
26,5,,,,,,,96,93,66,16,223.6,2730,10801,36,0,14.8,14.4;2.2;9.2;11.5;2.5;4.5;45.1;72.6;31.3;35.0;83.5;33.9;1.7;2.5;0.3;0.3;0.3;0.0;0.3;0.0;1.1;0.6;0.6;1.7,36.17,0.08,0.0,3.3,14.987,0.801,31445.0,11083.0,4,16,,,,,,,,,,,,,,,,,,,,,,,,,,,,,,,,,,,,,,,,,,,,,,,,,,,,,,,,,,,,,
26,6,,,,,,,96,91,67,16,223.8,2730,10801,36,0,14.5,14.7;0.8;10.4;10.6;1.7;3.6;78.4;39.8;25.8;40.6;81.1;30.9;0.6;3.1;0.3;0.0;0.8;1.4;0.0;0.6;0.0;0.8;0.3;0.8,36.15,0.08,0.02,2.76,14.987,0.801,19433.0,11816.0,4,16,,,,,,,,,,,,,,,,,,,,,,,,,,,,,,,,,,,,,,,,,,,,,,,,,,,,,,,,,,,,,
26,7,,,,,,,100,91,69,18,224.6,2730,10801,36,0,14.1,17.0;1.4;8.5;7.4;1.6;3.0;79.9;43.0;24.9;31.7;92.1;21.1;1.4;1.1;0.0;0.0;0.8;0.0;0.0;0.0;0.3;0.0;0.0;2.2,36.14,0.08,0.01,2.15,14.987,0.801,4492.0,29248.0,4,16,,,,,,,,,,,,,,,,,,,,,,,,,,,,,,,,,,,,,,,,,,,,,,,,,,,,,,,,,,,,,
26,8,,,,,,,100,100,68,16,225.2,2730,10801,36,0,14.3,12.7;1.4;8.4;9.0;1.7;2.8;55.3;46.9;35.6;31.1;79.8;52.0;0.3;0.8;0.0;0.0;0.8;0.8;0.0;0.0;0.3;0.6;0.0;2.2,36.12,0.08,0.0,1.86,14.987,0.801,23193.0,23632.0,4,16,,,,,,,,,,,,,,,,,,,,,,,,,,,,,,,,,,,,,,,,,,,,,,,,,,,,,,,,,,,,,
26,9,,,,,,,99,91,66,18,224.3,2730,10801,36,0,13.8,16.4;3.3;8.7;5.9;2.2;3.4;63.0;66.1;20.1;29.1;99.2;1.4;1.1;0.6;0.8;0.8;0.3;1.4;0.0;0.0;1.9;1.4;0.0;2.5,36.11,0.08,0.0,1.82,14.987,0.801,12158.0,12939.0,4,16,,,,,,,,,,,,,,,,,,,,,,,,,,,,,,,,,,,,,,,,,,,,,,,,,,,,,,,,,,,,,
26,10,,,,,,,97,91,67,18,224.3,2730,10801,36,0,10.9,13.2;0.3;4.5;4.2;1.4;1.7;43.5;58.3;12.9;14.9;53.4;48.6;0.3;0.6;0.0;0.0;0.3;0.3;0.3;0.3;0.3;0.0;0.0;1.4,36.09,0.08,0.0,4.38,14.987,0.801,10742.0,51904.0,4,16,,,,,,,,,,,,,,,,,,,,,,,,,,,,,,,,,,,,,,,,,,,,,,,,,,,,,,,,,,,,,
26,11,,,,,,,100,90,67,18,224.2,2730,10801,36,0,11.4,15.9;1.7;6.7;6.7;3.4;1.7;16.9;86.7;8.5;25.0;81.7;6.7;5.0;1.7;0.0;0.0;1.7;0.0;0.0;0.0;0.0;0.0;1.7;0.0,36.11,0.08,0.0,0.15,14.987,0.801,732.0,2050.0,4,16,,,,,,,,,,,,,,,,,,,,,,,,,,,,,,,,,,,,,,,,,,,,,,,,,,,,,,,,,,,,,
26,summary,0.4347541885226816,0.9653603542185448,0.4598696730591602,0.9551850345668971,0.00096463,55.7,,,,,,,,,,,,,,,,,,,,,,5,90.27,100,0,84.73,100,61,66.45,69,16,17.82,21,153.3,217.73,225.2,2731.4,10801.0,36.0,0,10.9,17.79,57.5,36.09,36.16,36.26,63.16,0.08,0.08,0.08,19.04,0.0,0.0,0.02,0.15,3.11,6.34,11.335,14.186,14.987,14.99,14.987,15.992,0.801,0.8,0.801,732.0,20551.82,84277.0,2050.0,67289.0,367968.0,4,4.0,4,16,16.0,16,4,16,42.35,9.41
27,1,,,,,,,5,0,59,21,150.2,2730,10801,36,0,58.5,82.5;79.9;93.8;89.7;91.7;93.4;95.5;98.3;87.6;73.3;93.1;90.7;60.8;47.1;10.7;9.3;43.9;47.1;8.7;7.3;30.1;35.2;17.0;16.3,36.25,0.08,0.0,1.86,14.987,0.801,25390.0,193847.0,4,16,,,,,,,,,,,,,,,,,,,,,,,,,,,,,,,,,,,,,,,,,,,,,,,,,,,,,,,,,,,,,
27,2,,,,,,,100,100,66,17,224.2,2745,10801,36,0,14.8,17.3;2.2;8.3;10.4;2.8;4.7;74.2;41.9;36.0;34.4;88.2;22.3;2.2;1.9;0.8;0.3;0.8;1.1;0.0;0.8;1.1;0.6;0.0;1.1,36.21,0.08,0.0,5.33,14.987,0.801,29296.0,51074.0,4,16,,,,,,,,,,,,,,,,,,,,,,,,,,,,,,,,,,,,,,,,,,,,,,,,,,,,,,,,,,,,,
27,3,,,,,,,100,90,67,18,224.1,2745,10801,36,0,14.9,18.7;1.7;12.8;10.6;4.2;4.2;43.4;62.2;41.5;32.5;81.2;36.3;1.1;1.1;0.6;0.3;1.1;0.6;0.6;0.8;0.3;0.3;0.8;0.8,36.19,0.08,0.0,4.35,14.987,0.801,31152.0,10839.0,4,16,,,,,,,,,,,,,,,,,,,,,,,,,,,,,,,,,,,,,,,,,,,,,,,,,,,,,,,,,,,,,
27,4,,,,,,,96,94,68,18,223.9,2745,10801,36,0,14.3,9.1;1.4;9.0;6.4;3.9;2.5;67.2;57.3;33.5;46.6;92.2;6.4;2.0;1.4;0.3;0.0;0.3;0.6;0.0;0.3;1.4;0.6;0.8;0.8,36.16,0.08,0.0,3.43,14.987,0.801,4199.0,34570.0,4,16,,,,,,,,,,,,,,,,,,,,,,,,,,,,,,,,,,,,,,,,,,,,,,,,,,,,,,,,,,,,,
27,5,,,,,,,100,97,67,17,224.7,2745,10801,36,0,14.6,13.2;2.0;12.0;3.9;2.5;3.9;64.9;48.6;34.6;35.2;72.6;48.2;2.0;2.5;0.0;0.3;1.1;0.0;0.6;0.6;0.8;0.8;0.3;0.3,36.16,0.08,0.0,2.92,14.987,0.801,18994.0,12402.0,4,16,,,,,,,,,,,,,,,,,,,,,,,,,,,,,,,,,,,,,,,,,,,,,,,,,,,,,,,,,,,,,
27,6,,,,,,,97,92,66,17,214.2,2745,10801,36,0,14.1,17.1;1.7;17.8;5.8;2.5;2.2;33.0;69.1;27.7;41.3;81.6;34.7;1.1;0.3;0.0;0.0;0.0;0.0;0.0;0.0;1.1;0.0;0.0;1.1,36.14,0.08,0.0,2.17,14.987,0.801,4541.0,44580.0,4,16,,,,,,,,,,,,,,,,,,,,,,,,,,,,,,,,,,,,,,,,,,,,,,,,,,,,,,,,,,,,,
27,7,,,,,,,100,100,66,18,225.6,2745,10801,36,0,15.2,18.8;3.1;10.9;8.9;4.7;3.3;23.5;79.7;31.2;48.6;66.5;53.1;1.4;1.4;0.3;0.3;1.4;0.8;0.3;0.8;1.1;0.8;0.6;2.2,36.14,0.08,0.01,2.15,14.987,0.801,4541.0,17089.0,4,16,,,,,,,,,,,,,,,,,,,,,,,,,,,,,,,,,,,,,,,,,,,,,,,,,,,,,,,,,,,,,
27,8,,,,,,,100,91,66,18,224.7,2745,10801,36,0,15.1,13.6;2.2;15.6;12.3;6.2;2.8;64.4;40.2;29.2;40.5;65.5;55.2;2.2;2.2;0.0;0.0;2.2;0.8;0.3;0.0;1.4;1.1;2.5;2.0,36.13,0.08,0.0,1.46,14.987,0.801,30761.0,11865.0,4,16,,,,,,,,,,,,,,,,,,,,,,,,,,,,,,,,,,,,,,,,,,,,,,,,,,,,,,,,,,,,,
27,9,,,,,,,97,93,69,18,224.5,2745,10801,36,0,13.8,13.2;2.0;13.1;6.4;5.6;2.8;76.7;40.6;24.0;32.2;60.3;46.5;1.4;0.8;0.3;0.0;0.0;1.1;0.0;0.0;0.8;0.3;0.6;1.4,36.12,0.08,0.03,1.48,14.987,0.801,12011.0,33935.0,4,16,,,,,,,,,,,,,,,,,,,,,,,,,,,,,,,,,,,,,,,,,,,,,,,,,,,,,,,,,,,,,
27,10,,,,,,,96,83,67,17,215.2,2745,10801,36,0,11.6,16.8;1.1;5.5;4.1;3.9;3.6;62.1;41.9;18.4;13.4;96.2;5.8;1.1;1.4;0.0;0.0;0.3;1.1;0.0;0.3;0.3;0.3;0.0;0.6,36.07,0.08,0.0,3.63,14.987,0.801,16162.0,59423.0,4,16,,,,,,,,,,,,,,,,,,,,,,,,,,,,,,,,,,,,,,,,,,,,,,,,,,,,,,,,,,,,,
27,11,,,,,,,100,100,66,18,225.7,2745,10801,36,0,11.4,14.8;1.8;5.3;8.8;1.8;1.8;13.8;87.7;14.0;29.8;64.9;28.1;1.8;0.0;0.0;0.0;0.0;0.0;0.0;0.0;0.0;0.0;0.0;0.0,36.1,0.08,0.0,0.03,14.987,0.801,0.0,1953.0,4,16,,,,,,,,,,,,,,,,,,,,,,,,,,,,,,,,,,,,,,,,,,,,,,,,,,,,,,,,,,,,,
27,summary,0.43507574835356844,0.9645063832535576,0.45391089247707045,0.9628710858072387,0.00096164,55.8,,,,,,,,,,,,,,,,,,,,,,5,90.09,100,0,85.45,100,59,66.09,69,17,17.91,21,150.2,216.09,225.7,2743.6,10801.0,36.0,0,11.4,18.03,58.5,36.07,36.15,36.25,63.16,0.08,0.08,0.08,19.04,0.0,0.0,0.03,0.03,2.62,5.33,11.334,14.186,14.987,14.99,14.987,15.992,0.801,0.8,0.801,0.0,16095.18,31152.0,1953.0,42870.64,193847.0,4,4.0,4,16,16.0,16,4,16,42.28,9.51
28,1,,,,,,,1,0,59,21,142.9,2745,10801,36,0,58.2,79.3;85.9;90.0;96.2;94.1;93.4;96.6;97.9;87.2;88.3;94.9;80.3;44.5;63.1;9.7;10.7;39.9;46.0;8.3;7.9;26.6;27.1;15.5;14.0,36.23,0.08,0.0,1.82,14.987,0.801,3417.0,202587.0,4,16,,,,,,,,,,,,,,,,,,,,,,,,,,,,,,,,,,,,,,,,,,,,,,,,,,,,,,,,,,,,,
28,2,,,,,,,96,82,66,18,223.9,2730,10801,36,0,14.9,10.7;3.9;11.7;9.1;3.3;5.6;35.3;81.4;26.1;38.4;63.8;56.9;1.7;2.2;0.0;0.3;1.1;1.1;0.0;0.3;1.9;0.6;0.3;2.5,36.19,0.08,0.0,5.41,14.987,0.801,4101.0,204052.0,4,16,,,,,,,,,,,,,,,,,,,,,,,,,,,,,,,,,,,,,,,,,,,,,,,,,,,,,,,,,,,,,
28,3,,,,,,,100,100,66,17,224.7,2730,10801,36,0,14.4,16.2;2.0;7.8;14.5;2.8;3.6;76.8;33.3;32.5;30.2;92.4;26.1;1.7;1.1;0.0;0.0;0.3;0.6;0.0;0.0;0.6;0.6;0.3;1.9,36.18,0.08,0.0,4.34,14.987,0.801,8496.0,48388.0,4,16,,,,,,,,,,,,,,,,,,,,,,,,,,,,,,,,,,,,,,,,,,,,,,,,,,,,,,,,,,,,,
28,4,,,,,,,100,93,65,17,224.8,2730,10801,36,0,14.8,15.9;2.8;6.7;10.0;2.0;5.6;70.6;47.2;33.7;48.2;85.5;17.3;1.7;2.0;0.3;0.3;0.6;1.1;0.3;0.0;0.6;1.1;0.6;1.4,36.17,0.08,0.0,3.44,14.987,0.801,4833.0,65332.0,4,16,,,,,,,,,,,,,,,,,,,,,,,,,,,,,,,,,,,,,,,,,,,,,,,,,,,,,,,,,,,,,
28,5,,,,,,,99,100,67,17,225.1,2730,10801,36,0,14.1,15.4;1.1;4.7;8.2;1.1;5.0;66.6;70.4;20.4;40.3;99.7;0.3;0.6;1.4;0.0;0.3;0.0;0.3;0.0;0.0;0.6;0.3;0.3;0.6,36.15,0.08,0.0,2.88,14.987,0.801,25244.0,12109.0,4,16,,,,,,,,,,,,,,,,,,,,,,,,,,,,,,,,,,,,,,,,,,,,,,,,,,,,,,,,,,,,,
28,6,,,,,,,100,91,67,17,225.0,2730,10801,36,0,15.5,18.8;2.5;11.4;12.3;3.4;5.9;78.8;64.5;26.3;36.6;93.6;5.6;3.1;2.2;0.0;0.3;1.4;1.7;0.0;0.0;0.6;1.4;0.8;1.1,36.14,0.08,0.01,2.24,14.987,0.801,5419.0,38818.0,4,16,,,,,,,,,,,,,,,,,,,,,,,,,,,,,,,,,,,,,,,,,,,,,,,,,,,,,,,,,,,,,
28,7,,,,,,,96,94,69,17,224.6,2730,10801,36,0,15.3,18.3;3.6;6.7;15.5;3.6;5.0;62.8;42.6;30.9;41.6;75.8;48.5;1.1;2.5;0.6;0.8;0.3;1.1;0.6;0.6;1.1;1.1;0.8;0.6,36.12,0.08,0.0,2.02,14.987,0.801,5126.0,55859.0,4,16,,,,,,,,,,,,,,,,,,,,,,,,,,,,,,,,,,,,,,,,,,,,,,,,,,,,,,,,,,,,,
28,8,,,,,,,100,99,67,17,224.8,2730,10801,36,0,14.6,16.7;1.9;5.3;13.6;2.2;4.5;45.3;71.1;28.9;38.4;72.5;44.3;1.1;0.8;0.3;0.0;0.3;0.6;0.3;0.0;0.6;0.6;0.0;0.6,36.11,0.08,0.0,1.47,14.987,0.801,4492.0,43945.0,4,16,,,,,,,,,,,,,,,,,,,,,,,,,,,,,,,,,,,,,,,,,,,,,,,,,,,,,,,,,,,,,
28,9,,,,,,,96,93,68,18,224.9,2730,10801,36,0,12.9,9.5;1.7;8.3;11.9;1.4;2.2;47.1;66.9;29.1;26.2;97.5;2.8;0.8;1.1;0.0;0.3;0.6;0.3;0.0;0.0;1.1;0.6;0.3;1.1,36.11,0.08,0.0,1.85,14.987,0.801,5322.0,27099.0,4,16,,,,,,,,,,,,,,,,,,,,,,,,,,,,,,,,,,,,,,,,,,,,,,,,,,,,,,,,,,,,,
28,10,,,,,,,100,100,68,17,225.8,2730,10801,36,0,11.8,14.1;2.0;6.1;5.0;4.7;1.4;29.0;73.1;18.0;13.9;76.3;29.0;1.7;2.2;0.3;0.3;0.3;2.8;0.0;0.0;0.8;0.8;0.6;1.4,36.09,0.08,0.0,3.28,14.987,0.801,4199.0,26416.0,4,16,,,,,,,,,,,,,,,,,,,,,,,,,,,,,,,,,,,,,,,,,,,,,,,,,,,,,,,,,,,,,
28,11,,,,,,,96,88,68,20,224.7,2730,10801,36,0,11.6,15.0;3.6;8.8;7.1;5.4;0.0;10.5;80.7;12.3;29.8;98.2;1.8;0.0;0.0;0.0;0.0;0.0;0.0;0.0;0.0;1.8;0.0;0.0;0.0,36.11,0.08,0.02,0.08,14.987,0.801,537.0,1953.0,4,16,,,,,,,,,,,,,,,,,,,,,,,,,,,,,,,,,,,,,,,,,,,,,,,,,,,,,,,,,,,,,
28,summary,0.43431864870025816,0.9646570840120847,0.4539511441845097,0.9620984139894266,0.00095853,55.7,,,,,,,,,,,,,,,,,,,,,,1,89.45,100,0,85.45,100,59,66.36,69,17,17.82,21,142.9,217.38,225.8,2731.4,10801.0,36.0,0,11.6,18.01,58.2,36.09,36.15,36.23,63.16,0.08,0.08,0.08,19.04,0.0,0.0,0.02,0.08,2.62,5.41,11.336,14.186,14.987,14.99,14.987,15.992,0.801,0.8,0.801,537.0,6471.45,25244.0,1953.0,66050.73,204052.0,4,4.0,4,16,16.0,16,4,16,42.31,9.44
29,1,,,,,,,0,0,59,25,130.8,2745,10801,36,0,58.2,74.7;78.6;89.3;87.2;89.7;88.0;97.2;96.9;87.9;86.2;97.2;87.2;45.9;49.0;10.0;12.4;46.9;46.2;10.3;9.3;30.3;30.6;24.1;20.6,36.24,0.08,0.01,1.9,14.987,0.801,3515.0,225390.0,4,16,,,,,,,,,,,,,,,,,,,,,,,,,,,,,,,,,,,,,,,,,,,,,,,,,,,,,,,,,,,,,
29,2,,,,,,,100,100,66,18,224.2,2730,10801,36,0,14.9,15.1;1.9;11.7;9.2;3.0;4.2;58.7;52.4;46.4;23.3;72.7;47.1;2.2;1.4;0.8;0.6;1.4;1.4;0.0;0.6;0.3;1.4;0.8;1.7,36.2,0.08,0.01,5.41,14.987,0.801,4589.0,105419.0,4,16,,,,,,,,,,,,,,,,,,,,,,,,,,,,,,,,,,,,,,,,,,,,,,,,,,,,,,,,,,,,,
29,3,,,,,,,100,93,67,17,224.7,2730,10801,36,0,14.4,17.2;1.7;12.8;5.6;4.5;2.2;67.3;55.7;45.8;19.8;84.6;21.2;1.4;1.4;0.0;0.3;0.8;0.6;0.0;0.0;0.0;0.3;0.6;0.8,36.18,0.08,0.02,4.41,14.987,0.801,27099.0,15527.0,4,16,,,,,,,,,,,,,,,,,,,,,,,,,,,,,,,,,,,,,,,,,,,,,,,,,,,,,,,,,,,,,
29,4,,,,,,,100,100,67,18,224.2,2730,10801,36,0,14.4,14.4;1.7;10.7;4.7;3.3;3.3;48.6;64.9;41.7;24.7;88.4;27.6;2.2;1.9;0.3;0.6;1.1;1.4;0.3;0.0;0.3;0.8;0.0;2.2,36.15,0.08,0.01,3.39,14.987,0.801,26318.0,11279.0,4,16,,,,,,,,,,,,,,,,,,,,,,,,,,,,,,,,,,,,,,,,,,,,,,,,,,,,,,,,,,,,,
29,5,,,,,,,100,94,68,17,224.6,2730,10801,36,0,14.4,15.8;1.7;9.5;6.7;3.6;2.5;59.8;55.6;43.9;27.6;86.1;26.7;1.7;1.4;0.3;0.0;0.0;0.6;0.0;0.3;0.3;0.0;0.0;0.0,36.17,0.08,0.02,3.03,14.987,0.801,13916.0,37304.0,4,16,,,,,,,,,,,,,,,,,,,,,,,,,,,,,,,,,,,,,,,,,,,,,,,,,,,,,,,,,,,,,
29,6,,,,,,,100,91,66,17,224.4,2730,10801,36,0,13.8,11.9;1.1;9.8;3.4;1.7;1.7;65.9;64.8;38.2;23.7;94.2;11.7;0.8;0.8;0.0;0.0;0.3;0.0;0.0;0.0;0.0;0.0;0.0;0.8,36.14,0.08,0.0,2.98,14.987,0.801,4687.0,23583.0,4,16,,,,,,,,,,,,,,,,,,,,,,,,,,,,,,,,,,,,,,,,,,,,,,,,,,,,,,,,,,,,,
29,7,,,,,,,97,93,66,17,224.7,2730,10801,36,0,15.1,19.1;3.4;12.8;5.6;6.1;3.9;70.4;58.9;36.4;32.1;98.1;3.1;2.0;1.4;1.1;1.1;1.4;0.6;0.0;0.8;0.6;0.0;0.3;1.9,36.12,0.08,0.0,2.02,14.987,0.801,4638.0,46435.0,4,16,,,,,,,,,,,,,,,,,,,,,,,,,,,,,,,,,,,,,,,,,,,,,,,,,,,,,,,,,,,,,
29,8,,,,,,,96,92,68,15,224.0,2730,10801,36,0,14.8,17.9;2.5;14.4;9.5;4.7;2.2;42.7;74.3;33.4;27.7;69.1;48.2;1.6;1.1;0.3;0.3;0.3;0.8;0.0;0.0;1.1;1.4;0.3;1.9,36.14,0.08,0.07,1.79,14.987,0.801,86816.0,120703.0,4,16,,,,,,,,,,,,,,,,,,,,,,,,,,,,,,,,,,,,,,,,,,,,,,,,,,,,,,,,,,,,,
29,9,,,,,,,97,91,67,17,223.8,2730,10801,36,0,14.7,18.3;3.9;9.6;15.4;4.2;7.3;58.7;38.8;32.9;33.9;68.6;51.8;1.4;1.7;0.0;0.0;0.3;1.4;0.0;0.0;0.6;0.6;0.3;2.2,36.13,0.08,0.02,2.08,14.987,0.801,5224.0,19335.0,4,16,,,,,,,,,,,,,,,,,,,,,,,,,,,,,,,,,,,,,,,,,,,,,,,,,,,,,,,,,,,,,
29,10,,,,,,,100,91,68,17,224.7,2730,10801,36,0,10.7,11.9;1.1;2.5;5.0;1.4;1.4;59.8;41.3;5.0;23.5;100.0;0.6;0.3;0.3;0.0;0.0;0.0;0.3;0.0;0.0;0.0;0.0;0.0;1.1,36.11,0.08,0.0,3.37,14.987,0.801,4687.0,20556.0,4,16,,,,,,,,,,,,,,,,,,,,,,,,,,,,,,,,,,,,,,,,,,,,,,,,,,,,,,,,,,,,,
29,11,,,,,,,96,85,66,17,224.9,2730,10801,36,0,13.7,13.6;1.8;10.7;15.8;8.9;3.6;15.8;80.7;5.4;40.4;100.0;1.8;5.4;5.3;1.8;0.0;3.6;3.6;0.0;0.0;1.8;3.5;3.5;0.0,36.14,0.08,0.0,0.1,14.987,0.801,14746.0,1220.0,4,16,,,,,,,,,,,,,,,,,,,,,,,,,,,,,,,,,,,,,,,,,,,,,,,,,,,,,,,,,,,,,
29,summary,0.4324010347513981,0.9653603542185448,0.4607276236104403,0.957747051647011,0.00095531,55.8,,,,,,,,,,,,,,,,,,,,,,0,89.64,100,0,84.55,100,59,66.18,68,15,17.73,25,130.8,215.91,224.9,2731.4,10801.0,36.0,0,10.7,18.1,58.2,36.11,36.16,36.24,63.16,0.08,0.08,0.08,19.04,0.0,0.01,0.07,0.1,2.77,5.41,11.336,14.186,14.987,14.99,14.987,15.992,0.801,0.8,0.801,3515.0,17839.55,86816.0,1220.0,56977.36,225390.0,4,4.0,4,16,16.0,16,4,16,42.49,9.3
30,1,,,,,,,37,39,59,19,120.8,2745,10801,36,0,57.7,82.0;84.2;95.2;88.0;90.4;91.1;97.9;98.6;83.2;88.7;92.1;86.9;48.1;59.2;7.9;7.9;42.3;49.5;5.2;4.1;26.5;28.5;14.1;12.4,36.27,0.08,0.08,1.88,14.987,0.801,12353.0,156201.0,4,16,,,,,,,,,,,,,,,,,,,,,,,,,,,,,,,,,,,,,,,,,,,,,,,,,,,,,,,,,,,,,
30,2,,,,,,,100,91,69,18,224.7,2730,10801,36,0,14.8,15.4;3.1;11.2;12.0;3.1;4.2;31.6;80.8;24.9;50.6;76.3;34.6;0.8;1.4;0.6;0.6;0.6;0.3;0.0;0.0;1.4;0.3;0.3;0.3,36.24,0.08,0.0,5.41,14.987,0.801,18896.0,75097.0,4,16,,,,,,,,,,,,,,,,,,,,,,,,,,,,,,,,,,,,,,,,,,,,,,,,,,,,,,,,,,,,,
30,3,,,,,,,100,99,67,16,224.3,2730,10801,36,0,14.0,15.9;1.4;5.5;10.5;3.0;3.0;30.3;78.2;31.2;47.7;83.8;21.8;0.8;0.8;0.0;0.0;0.3;0.0;0.0;0.0;0.8;0.3;0.3;0.6,36.22,0.08,0.08,4.45,14.987,0.801,17822.0,26025.0,4,16,,,,,,,,,,,,,,,,,,,,,,,,,,,,,,,,,,,,,,,,,,,,,,,,,,,,,,,,,,,,,
30,4,,,,,,,100,93,66,18,224.0,2730,10801,36,0,14.5,13.9;1.4;6.2;7.5;2.8;3.9;71.7;28.6;15.9;39.5;78.2;71.8;1.1;1.7;0.0;0.0;0.6;1.4;0.0;0.3;0.3;0.0;0.0;0.3,36.2,0.08,0.0,3.46,14.987,0.801,5664.0,20019.0,4,16,,,,,,,,,,,,,,,,,,,,,,,,,,,,,,,,,,,,,,,,,,,,,,,,,,,,,,,,,,,,,
30,5,,,,,,,96,91,67,18,223.5,2730,10801,36,0,14.4,15.8;1.1;14.7;8.9;4.5;4.7;52.4;60.2;30.3;49.7;95.0;4.5;0.6;1.1;0.0;0.0;0.6;0.0;0.0;0.0;0.0;0.6;0.6;0.6,36.17,0.08,0.24,2.98,14.987,0.801,6884.0,41455.0,4,16,,,,,,,,,,,,,,,,,,,,,,,,,,,,,,,,,,,,,,,,,,,,,,,,,,,,,,,,,,,,,
30,6,,,,,,,100,100,66,17,224.9,2730,10801,36,0,15.1,13.5;3.6;11.7;12.3;3.1;5.6;63.6;52.6;33.7;49.3;94.7;5.3;1.1;2.5;0.6;0.6;0.6;1.7;0.0;0.0;1.1;0.0;1.4;3.3,36.16,0.08,0.0,2.2,14.987,0.801,21289.0,24755.0,4,16,,,,,,,,,,,,,,,,,,,,,,,,,,,,,,,,,,,,,,,,,,,,,,,,,,,,,,,,,,,,,
30,7,,,,,,,97,93,66,17,224.5,2730,10801,36,0,13.7,13.9;0.3;9.6;6.9;1.4;1.4;38.0;61.2;21.5;42.1;56.7;70.5;1.1;1.9;0.0;0.0;0.8;0.3;0.0;0.0;0.0;0.3;0.3;0.3,36.15,0.08,0.0,1.98,14.987,0.801,4394.0,25488.0,4,16,,,,,,,,,,,,,,,,,,,,,,,,,,,,,,,,,,,,,,,,,,,,,,,,,,,,,,,,,,,,,
30,8,,,,,,,100,92,67,17,225.0,2730,10801,36,0,14.1,13.8;1.1;10.1;4.8;3.6;2.8;41.5;72.1;28.3;46.2;81.0;27.1;1.1;1.1;0.0;0.6;0.8;0.3;0.3;0.3;0.6;0.6;0.0;0.3,36.15,0.08,0.02,1.51,14.987,0.801,19921.0,31689.0,4,16,,,,,,,,,,,,,,,,,,,,,,,,,,,,,,,,,,,,,,,,,,,,,,,,,,,,,,,,,,,,,
30,9,,,,,,,96,83,68,17,224.5,2730,10801,36,0,14.1,15.1;2.8;10.5;7.2;5.3;3.9;67.8;56.7;25.3;30.6;100.0;0.3;2.2;2.2;0.3;0.0;1.1;0.3;0.8;0.3;1.4;0.0;0.6;1.7,36.13,0.08,0.01,1.98,14.987,0.801,21875.0,13525.0,4,16,,,,,,,,,,,,,,,,,,,,,,,,,,,,,,,,,,,,,,,,,,,,,,,,,,,,,,,,,,,,,
30,10,,,,,,,99,99,66,15,224.9,2730,10801,36,0,10.7,11.4;0.6;5.0;2.5;1.4;1.4;51.3;53.1;17.8;9.2;99.7;0.8;0.6;0.6;0.0;0.0;0.0;0.6;0.0;0.0;0.0;0.0;0.3;0.6,36.12,0.08,0.01,3.31,14.987,0.801,51123.0,324511.0,4,16,,,,,,,,,,,,,,,,,,,,,,,,,,,,,,,,,,,,,,,,,,,,,,,,,,,,,,,,,,,,,
30,11,,,,,,,96,89,67,20,220.0,2730,10801,36,0,11.6,22.9;1.6;1.6;4.8;1.6;3.2;46.8;45.2;16.1;24.2;72.6;27.9;1.6;4.9;0.0;0.0;0.0;0.0;0.0;0.0;0.0;0.0;0.0;0.0,36.15,0.08,0.0,0.04,14.987,0.801,0.0,41259.0,4,16,,,,,,,,,,,,,,,,,,,,,,,,,,,,,,,,,,,,,,,,,,,,,,,,,,,,,,,,,,,,,
30,summary,0.43137253614160437,0.966092329331391,0.45789432851654477,0.9572997153314355,0.00095197,55.8,,,,,,,,,,,,,,,,,,,,,,37,92.82,100,39,88.09,100,59,66.18,69,15,17.45,20,120.8,214.65,225.0,2731.4,10801.0,36.0,0,10.7,17.7,57.7,36.12,36.18,36.27,63.16,0.08,0.08,0.08,19.04,0.0,0.04,0.24,0.04,2.65,5.41,11.334,14.186,14.987,14.99,14.987,15.992,0.801,0.8,0.801,0.0,16383.73,51123.0,13525.0,70911.27,324511.0,4,4.0,4,16,16.0,16,4,16,42.57,9.27
31,1,,,,,,,19,20,59,24,117.6,2745,10801,36,0,58.2,77.6;83.9;89.3;92.1;86.6;88.7;94.5;96.9;77.7;88.3;95.5;87.7;43.2;56.5;13.0;13.3;46.6;49.0;6.5;7.5;28.0;32.8;21.5;19.6,36.27,0.08,0.0,1.85,14.987,0.801,16259.0,167871.0,4,16,,,,,,,,,,,,,,,,,,,,,,,,,,,,,,,,,,,,,,,,,,,,,,,,,,,,,,,,,,,,,
31,2,,,,,,,100,92,68,17,224.2,2730,10801,36,0,14.5,13.8;2.5;14.9;11.8;4.5;2.8;67.7;55.3;24.6;38.4;92.1;16.6;0.8;1.4;0.0;0.0;0.3;0.0;0.0;0.0;0.3;0.3;0.3;0.3,36.23,0.08,0.01,5.44,14.987,0.801,43359.0,20996.0,4,16,,,,,,,,,,,,,,,,,,,,,,,,,,,,,,,,,,,,,,,,,,,,,,,,,,,,,,,,,,,,,
31,3,,,,,,,96,93,65,16,223.7,2730,10801,36,0,14.7,14.6;2.2;11.7;6.7;5.0;2.8;63.8;70.4;26.2;42.9;99.7;0.8;0.8;1.4;0.0;0.0;0.3;0.8;0.0;0.0;1.1;0.3;1.1;1.1,36.2,0.08,0.0,4.35,14.987,0.801,34130.0,11523.0,4,16,,,,,,,,,,,,,,,,,,,,,,,,,,,,,,,,,,,,,,,,,,,,,,,,,,,,,,,,,,,,,
31,4,,,,,,,100,98,67,18,224.1,2730,10801,36,0,13.8,12.6;0.8;11.7;6.1;2.5;2.2;75.8;49.2;29.1;33.2;86.1;17.6;0.6;0.8;0.0;0.3;0.6;0.6;0.0;0.0;0.0;0.0;0.0;1.7,36.19,0.08,0.0,3.47,14.987,0.801,7373.0,34228.0,4,16,,,,,,,,,,,,,,,,,,,,,,,,,,,,,,,,,,,,,,,,,,,,,,,,,,,,,,,,,,,,,
31,5,,,,,,,96,85,67,16,224.2,2730,10801,36,0,14.2,15.3;1.6;10.4;8.8;3.3;4.4;38.9;66.2;30.4;33.3;60.5;58.2;2.5;0.8;0.5;0.3;0.0;0.0;0.3;0.0;1.1;0.5;0.3;2.4,36.16,0.08,0.0,2.88,14.987,0.801,8837.0,8837.0,4,16,,,,,,,,,,,,,,,,,,,,,,,,,,,,,,,,,,,,,,,,,,,,,,,,,,,,,,,,,,,,,
31,6,,,,,,,100,96,67,15,224.0,2730,10801,36,0,15.1,18.9;1.7;10.9;10.1;3.1;3.4;41.9;77.0;40.6;41.6;93.3;9.8;1.7;1.1;0.6;0.6;1.7;1.1;0.0;0.6;0.3;0.8;0.6;1.1,36.16,0.08,0.0,2.19,14.987,0.801,38525.0,27539.0,4,16,,,,,,,,,,,,,,,,,,,,,,,,,,,,,,,,,,,,,,,,,,,,,,,,,,,,,,,,,,,,,
31,7,,,,,,,96,82,67,18,224.4,2730,10801,36,0,13.9,14.8;1.4;8.1;7.2;2.8;2.8;53.5;65.8;25.1;43.8;98.1;5.6;1.9;0.6;0.0;0.0;0.3;0.0;0.0;0.0;0.0;0.0;0.0;1.1,36.15,0.08,0.0,2.02,14.987,0.801,50976.0,54687.0,4,16,,,,,,,,,,,,,,,,,,,,,,,,,,,,,,,,,,,,,,,,,,,,,,,,,,,,,,,,,,,,,
31,8,,,,,,,100,100,67,16,224.9,2730,10801,36,0,14.3,14.3;0.6;8.1;7.8;2.8;2.8;65.9;65.5;35.4;31.8;98.3;2.5;1.4;0.8;0.8;0.0;0.0;0.6;0.0;0.3;0.6;0.6;1.1;0.8,36.16,0.08,0.03,1.88,14.987,0.801,7714.0,165039.0,4,16,,,,,,,,,,,,,,,,,,,,,,,,,,,,,,,,,,,,,,,,,,,,,,,,,,,,,,,,,,,,,
31,9,,,,,,,100,93,66,20,225.1,2730,10801,36,0,13.8,18.2;3.9;7.7;5.2;3.0;4.1;32.4;76.5;25.8;34.1;61.2;45.7;1.9;2.8;0.6;0.0;1.1;1.4;0.0;0.3;1.1;0.6;0.3;3.6,36.13,0.08,0.0,1.46,14.987,0.801,7275.0,51123.0,4,16,,,,,,,,,,,,,,,,,,,,,,,,,,,,,,,,,,,,,,,,,,,,,,,,,,,,,,,,,,,,,
31,10,,,,,,,100,100,68,16,224.9,2730,10801,36,0,12.0,18.0;2.8;7.5;5.6;1.9;4.7;54.5;44.7;8.9;23.1;74.7;28.2;1.4;1.4;0.3;0.0;0.3;1.4;0.3;0.6;1.9;0.3;1.1;2.8,36.11,0.08,0.02,3.34,14.987,0.801,5664.0,47607.0,4,16,,,,,,,,,,,,,,,,,,,,,,,,,,,,,,,,,,,,,,,,,,,,,,,,,,,,,,,,,,,,,
31,11,,,,,,,97,94,68,16,224.9,2730,10801,36,0,11.5,16.4;1.8;5.3;10.5;3.5;3.5;50.0;50.9;14.0;24.1;77.6;12.3;1.8;1.8;0.0;0.0;0.0;0.0;0.0;0.0;0.0;0.0;0.0;0.0,36.14,0.08,0.02,0.15,14.987,0.801,488.0,2636.0,4,16,,,,,,,,,,,,,,,,,,,,,,,,,,,,,,,,,,,,,,,,,,,,,,,,,,,,,,,,,,,,,
31,summary,0.4311969993963939,0.9655756410164408,0.46156433356782683,0.9551850345668971,0.00094852,55.8,,,,,,,,,,,,,,,,,,,,,,19,91.27,100,20,86.64,100,59,66.27,68,15,17.45,24,117.6,214.73,225.1,2731.4,10801.0,36.0,0,11.5,17.82,58.2,36.11,36.17,36.27,63.16,0.08,0.08,0.08,19.04,0.0,0.01,0.03,0.15,2.64,5.44,11.335,14.186,14.987,14.99,14.987,15.992,0.801,0.8,0.801,488.0,20054.55,50976.0,2636.0,53826.0,167871.0,4,4.0,4,16,16.0,16,4,16,42.48,9.32
32,1,,,,,,,4,0,60,20,152.9,2745,10801,36,0,59.8,80.5;85.6;91.3;88.2;87.8;86.2;95.8;94.5;84.5;84.8;96.9;84.7;49.7;45.9;16.6;19.0;44.1;53.1;14.2;17.7;29.9;39.1;24.2;20.1,36.36,0.08,0.02,1.9,14.987,0.801,29882.0,178613.0,4,16,,,,,,,,,,,,,,,,,,,,,,,,,,,,,,,,,,,,,,,,,,,,,,,,,,,,,,,,,,,,,
32,2,,,,,,,100,100,66,19,224.7,2730,10801,36,0,14.4,15.6;1.1;8.7;10.0;2.2;3.1;62.0;61.5;40.5;31.9;94.1;9.8;0.8;1.1;0.0;0.0;0.6;0.0;0.0;0.0;0.3;0.3;0.0;0.6,36.25,0.08,0.0,5.41,14.987,0.801,4345.0,37939.0,4,16,,,,,,,,,,,,,,,,,,,,,,,,,,,,,,,,,,,,,,,,,,,,,,,,,,,,,,,,,,,,,
32,3,,,,,,,100,94,66,16,224.9,2730,10801,36,0,15.2,13.5;5.3;9.8;10.3;3.9;6.7;58.4;64.9;46.8;24.3;74.4;32.2;1.4;3.4;0.6;0.8;1.1;2.2;0.0;0.6;1.9;0.8;1.1;1.4,36.23,0.08,0.02,4.37,14.987,0.801,4785.0,61083.0,4,16,,,,,,,,,,,,,,,,,,,,,,,,,,,,,,,,,,,,,,,,,,,,,,,,,,,,,,,,,,,,,
32,4,,,,,,,98,99,67,18,214.2,2730,10801,36,0,14.3,18.8;2.5;7.2;9.9;3.9;1.9;67.4;39.0;44.4;21.3;79.1;41.0;0.8;1.4;0.3;0.3;0.0;0.6;0.0;0.0;0.6;0.0;0.0;1.1,36.19,0.08,0.02,3.44,14.987,0.801,6005.0,26660.0,4,16,,,,,,,,,,,,,,,,,,,,,,,,,,,,,,,,,,,,,,,,,,,,,,,,,,,,,,,,,,,,,
32,5,,,,,,,100,90,66,16,224.8,2730,10801,36,0,14.6,12.9;2.5;15.2;5.8;3.6;2.8;87.5;51.3;43.9;16.4;99.7;0.6;1.1;1.7;0.0;0.3;0.8;0.3;0.6;0.3;0.3;0.6;0.6;1.4,36.18,0.08,0.01,3.48,14.987,0.801,15087.0,29687.0,4,16,,,,,,,,,,,,,,,,,,,,,,,,,,,,,,,,,,,,,,,,,,,,,,,,,,,,,,,,,,,,,
32,6,,,,,,,96,93,68,15,224.9,2730,10801,36,0,14.3,19.1;1.1;11.3;7.5;4.2;1.1;57.1;65.5;42.2;27.6;99.7;0.6;0.3;2.2;0.3;0.3;0.3;0.6;0.0;0.0;0.0;0.0;0.0;0.6,36.18,0.08,0.0,2.19,14.987,0.801,6591.0,25000.0,4,16,,,,,,,,,,,,,,,,,,,,,,,,,,,,,,,,,,,,,,,,,,,,,,,,,,,,,,,,,,,,,
32,7,,,,,,,98,93,66,17,224.9,2730,10801,36,0,14.4,11.7;2.8;14.5;6.7;3.3;4.2;65.5;61.2;51.0;19.0;99.4;0.6;1.1;1.1;0.0;0.0;0.3;0.6;0.0;0.3;0.8;0.3;0.6;0.8,36.17,0.08,0.0,2.05,14.987,0.801,4345.0,160644.0,4,16,,,,,,,,,,,,,,,,,,,,,,,,,,,,,,,,,,,,,,,,,,,,,,,,,,,,,,,,,,,,,
32,8,,,,,,,96,91,68,17,214.0,2730,10801,36,0,14.1,13.9;1.9;9.3;9.0;4.4;3.9;68.0;54.7;47.5;19.8;94.8;4.7;1.6;0.3;0.0;0.6;0.8;0.6;0.0;0.0;0.6;0.0;0.6;0.5,36.16,0.08,0.0,1.79,14.987,0.801,13085.0,11816.0,4,16,,,,,,,,,,,,,,,,,,,,,,,,,,,,,,,,,,,,,,,,,,,,,,,,,,,,,,,,,,,,,
32,9,,,,,,,100,91,66,16,225.4,2730,10801,36,0,13.3,13.3;1.7;11.8;7.9;2.0;2.5;52.0;63.5;32.3;19.4;87.6;17.9;0.8;0.8;0.0;0.8;0.6;0.6;0.3;0.0;1.4;0.6;0.8;1.1,36.14,0.08,0.05,1.51,14.987,0.801,14306.0,179248.0,4,16,,,,,,,,,,,,,,,,,,,,,,,,,,,,,,,,,,,,,,,,,,,,,,,,,,,,,,,,,,,,,
32,10,,,,,,,96,83,67,17,225.2,2730,10801,36,0,12.0,16.5;1.1;8.9;5.0;3.6;2.5;56.7;46.9;18.8;12.8;80.2;21.6;3.1;1.9;0.3;0.0;1.1;1.1;0.0;0.3;0.8;0.3;0.3;2.5,36.12,0.08,0.0,3.3,14.987,0.801,4833.0,49804.0,4,16,,,,,,,,,,,,,,,,,,,,,,,,,,,,,,,,,,,,,,,,,,,,,,,,,,,,,,,,,,,,,
32,11,,,,,,,100,99,69,16,225.5,2730,10801,36,0,11.8,13.6;1.8;14.0;7.1;7.1;3.6;81.8;8.9;10.7;28.6;98.2;3.6;0.0;1.8;0.0;0.0;0.0;0.0;0.0;0.0;0.0;0.0;0.0;0.0,36.15,0.08,0.16,0.4,14.987,0.801,488.0,390.0,4,16,,,,,,,,,,,,,,,,,,,,,,,,,,,,,,,,,,,,,,,,,,,,,,,,,,,,,,,,,,,,,
32,summary,0.4272158589433007,0.9677428614485931,0.4533551872043214,0.9627490849939,0.00094495,55.7,,,,,,,,,,,,,,,,,,,,,,4,89.82,100,0,84.82,100,60,66.27,69,15,17.0,20,152.9,216.49,225.5,2731.4,10801.0,36.0,0,11.8,18.02,59.8,36.12,36.19,36.36,63.16,0.08,0.08,0.08,19.04,0.0,0.03,0.16,0.4,2.71,5.41,11.334,14.186,14.987,14.99,14.987,15.992,0.801,0.8,0.801,488.0,9432.0,29882.0,390.0,69171.27,179248.0,4,4.0,4,16,16.0,16,4,16,42.5,9.22
33,1,,,,,,,0,0,59,25,142.3,2745,10801,36,0,58.7,76.9;81.0;90.7;92.7;87.9;91.0;97.2;98.3;84.5;90.3;94.1;79.2;56.4;53.4;11.0;13.4;47.6;50.2;6.6;7.9;32.8;29.3;19.2;17.9,36.27,0.08,0.01,1.87,14.987,0.801,31054.0,157617.0,4,16,,,,,,,,,,,,,,,,,,,,,,,,,,,,,,,,,,,,,,,,,,,,,,,,,,,,,,,,,,,,,
33,2,,,,,,,98,90,66,17,224.6,2730,10801,36,0,14.8,17.3;2.2;16.1;10.1;2.2;3.3;43.3;69.3;41.0;38.0;92.2;10.3;2.8;0.6;0.6;0.6;0.8;0.0;0.6;0.3;0.6;0.6;0.3;1.1,36.22,0.08,0.0,5.43,14.987,0.801,33398.0,9521.0,4,16,,,,,,,,,,,,,,,,,,,,,,,,,,,,,,,,,,,,,,,,,,,,,,,,,,,,,,,,,,,,,
33,3,,,,,,,100,100,66,17,224.5,2730,10801,36,0,14.3,16.5;2.5;12.1;10.5;3.0;3.8;56.4;49.9;30.4;34.3;66.9;50.8;0.6;1.7;0.3;0.0;0.3;0.6;0.0;0.0;0.6;0.3;0.0;1.1,36.21,0.08,0.01,4.32,14.987,0.801,4443.0,58691.0,4,16,,,,,,,,,,,,,,,,,,,,,,,,,,,,,,,,,,,,,,,,,,,,,,,,,,,,,,,,,,,,,
33,4,,,,,,,100,93,67,17,224.5,2730,10801,36,0,14.5,16.8;2.0;10.6;8.7;1.7;5.3;66.0;32.4;34.2;49.4;48.9;63.3;2.0;1.1;0.0;0.6;0.6;0.0;0.0;0.0;0.3;0.3;0.3;2.5,36.19,0.08,0.0,3.44,14.987,0.801,31689.0,23632.0,4,16,,,,,,,,,,,,,,,,,,,,,,,,,,,,,,,,,,,,,,,,,,,,,,,,,,,,,,,,,,,,,
33,5,,,,,,,96,93,68,18,224.3,2730,10801,36,0,14.6,15.8;2.5;6.7;12.5;1.7;4.7;55.4;61.3;27.3;43.7;95.0;16.7;1.4;2.2;0.6;0.6;0.0;0.6;0.0;0.0;1.1;0.6;0.3;0.6,36.16,0.08,0.01,2.92,14.987,0.801,8349.0,136962.0,4,16,,,,,,,,,,,,,,,,,,,,,,,,,,,,,,,,,,,,,,,,,,,,,,,,,,,,,,,,,,,,,
33,6,,,,,,,100,89,66,17,224.9,2730,10801,36,0,14.4,12.2;1.1;8.7;13.4;2.2;6.2;52.2;57.1;28.2;44.1;64.3;50.6;0.8;1.1;0.3;0.3;0.0;0.6;0.0;0.0;0.8;0.3;0.0;1.4,36.15,0.08,0.0,2.23,14.987,0.801,21533.0,12158.0,4,16,,,,,,,,,,,,,,,,,,,,,,,,,,,,,,,,,,,,,,,,,,,,,,,,,,,,,,,,,,,,,
33,7,,,,,,,100,100,66,17,225.7,2730,10801,36,0,14.1,11.3;2.5;8.5;10.7;4.1;5.2;56.4;58.2;20.5;45.8;92.6;10.7;2.5;3.8;0.0;0.3;1.6;0.3;0.5;0.3;1.1;0.0;0.5;2.2,36.13,0.08,0.0,1.97,14.987,0.801,4638.0,25585.0,4,16,,,,,,,,,,,,,,,,,,,,,,,,,,,,,,,,,,,,,,,,,,,,,,,,,,,,,,,,,,,,,
33,8,,,,,,,100,91,66,17,224.9,2730,10801,36,0,14.9,13.5;4.2;9.2;14.8;4.2;7.2;69.0;31.1;22.8;52.0;70.0;47.8;2.2;2.0;1.1;0.8;0.8;1.4;0.3;0.0;0.8;0.8;0.0;2.2,36.11,0.08,0.01,1.49,14.987,0.801,14794.0,12597.0,4,16,,,,,,,,,,,,,,,,,,,,,,,,,,,,,,,,,,,,,,,,,,,,,,,,,,,,,,,,,,,,,
33,9,,,,,,,96,86,67,17,224.3,2730,10801,36,0,13.4,12.5;3.7;3.9;10.6;2.8;1.7;42.1;54.5;14.0;37.5;70.2;62.5;2.0;0.8;0.0;0.0;0.3;0.6;0.0;0.0;0.3;0.6;0.6;0.3,36.11,0.08,0.0,1.83,14.987,0.801,37939.0,33398.0,4,16,,,,,,,,,,,,,,,,,,,,,,,,,,,,,,,,,,,,,,,,,,,,,,,,,,,,,,,,,,,,,
33,10,,,,,,,99,100,67,17,225.4,2730,10801,36,0,10.6,12.0;0.8;5.0;3.9;0.6;1.4;30.3;69.0;10.0;16.6;50.3;53.1;0.0;0.3;0.0;0.0;0.0;0.3;0.0;0.0;0.0;0.0;0.0;0.0,36.1,0.08,0.0,3.3,14.987,0.801,8691.0,8984.0,4,16,,,,,,,,,,,,,,,,,,,,,,,,,,,,,,,,,,,,,,,,,,,,,,,,,,,,,,,,,,,,,
33,11,,,,,,,96,82,67,16,222.7,2730,10801,36,0,12.1,12.9;3.4;3.4;10.2;3.4;3.4;84.7;8.3;15.3;28.3;98.3;3.4;0.0;5.1;1.7;0.0;0.0;1.7;0.0;1.7;0.0;1.7;1.7;1.7,36.14,0.08,0.0,0.05,14.987,0.801,488.0,2294.0,4,16,,,,,,,,,,,,,,,,,,,,,,,,,,,,,,,,,,,,,,,,,,,,,,,,,,,,,,,,,,,,,
33,summary,0.42627174444686705,0.9675132221975041,0.4623862718605035,0.9549816998779992,0.00094128,55.8,,,,,,,,,,,,,,,,,,,,,,0,89.55,100,0,84.0,100,59,65.91,68,16,17.73,25,142.3,217.1,225.7,2731.4,10801.0,36.0,0,10.6,17.85,58.7,36.1,36.16,36.27,63.16,0.08,0.08,0.08,19.04,0.0,0.0,0.01,0.05,2.62,5.43,11.335,14.186,14.987,14.99,14.987,15.992,0.801,0.8,0.801,488.0,17910.55,37939.0,2294.0,43767.18,157617.0,4,4.0,4,16,16.0,16,4,16,42.58,9.19
34,1,,,,,,,0,0,59,25,125.5,2745,10801,36,0,58.7,75.7;84.6;85.9;91.1;86.6;90.3;96.6;97.2;86.0;82.8;97.2;82.4;48.8;55.0;12.1;13.4;48.1;53.8;8.6;6.9;32.3;34.8;19.6;20.1,36.25,0.08,0.0,1.85,14.987,0.801,15917.0,44677.0,4,16,,,,,,,,,,,,,,,,,,,,,,,,,,,,,,,,,,,,,,,,,,,,,,,,,,,,,,,,,,,,,
34,2,,,,,,,96,86,67,17,224.4,2730,10801,36,0,14.8,16.9;3.9;9.1;8.0;3.6;4.4;67.9;45.9;30.5;55.1;97.0;2.5;2.5;0.8;0.3;0.0;1.1;0.3;0.0;0.0;1.1;1.9;0.8;1.1,36.22,0.08,0.04,5.38,14.987,0.801,38183.0,18896.0,4,16,,,,,,,,,,,,,,,,,,,,,,,,,,,,,,,,,,,,,,,,,,,,,,,,,,,,,,,,,,,,,
34,3,,,,,,,96,82,66,16,223.8,2730,10801,36,0,14.9,16.4;1.4;14.9;7.5;4.2;3.6;66.1;46.8;27.5;41.9;83.8;33.1;1.4;2.2;0.0;0.6;0.8;0.0;0.6;0.3;0.3;0.3;0.6;1.7,36.21,0.08,0.0,4.41,14.99,0.804,20605.0,12500.0,4,16,,,,,,,,,,,,,,,,,,,,,,,,,,,,,,,,,,,,,,,,,,,,,,,,,,,,,,,,,,,,,
34,4,,,,,,,96,93,67,18,224.1,2730,10801,36,0,14.5,14.7;1.4;7.5;6.7;2.8;2.5;51.9;65.7;28.2;39.2;82.7;37.2;2.0;1.1;0.0;0.0;0.6;1.7;0.0;0.3;0.8;0.0;0.3;1.1,36.17,0.08,0.04,3.48,14.99,0.804,31005.0,14746.0,4,16,,,,,,,,,,,,,,,,,,,,,,,,,,,,,,,,,,,,,,,,,,,,,,,,,,,,,,,,,,,,,
34,5,,,,,,,100,99,67,18,224.5,2730,10801,36,0,14.3,14.2;1.4;13.1;7.2;4.7;2.2;58.9;59.6;31.8;42.5;73.1;29.0;1.4;0.3;0.0;0.3;1.1;1.1;0.6;0.0;0.3;0.3;0.6;0.0,36.17,0.08,0.01,3.49,14.987,0.801,24267.0,80322.0,4,16,,,,,,,,,,,,,,,,,,,,,,,,,,,,,,,,,,,,,,,,,,,,,,,,,,,,,,,,,,,,,
34,6,,,,,,,98,95,68,17,224.5,2730,10801,36,0,13.7,11.2;1.4;12.1;6.3;3.3;1.9;59.1;47.7;38.5;42.7;82.0;20.9;0.0;0.8;0.0;0.0;0.5;0.0;0.0;0.0;0.5;0.0;0.0;0.5,36.16,0.08,0.0,2.16,14.987,0.801,4052.0,73681.0,4,16,,,,,,,,,,,,,,,,,,,,,,,,,,,,,,,,,,,,,,,,,,,,,,,,,,,,,,,,,,,,,
34,7,,,,,,,100,92,67,17,224.7,2730,10801,36,0,14.2,12.4;0.6;13.4;6.1;2.2;2.2;52.9;72.1;43.0;32.0;98.6;1.1;1.1;1.7;0.0;0.0;0.3;0.0;0.0;0.0;0.0;0.0;0.0;0.0,36.14,0.08,0.01,2.08,14.987,0.801,5761.0,235742.0,4,16,,,,,,,,,,,,,,,,,,,,,,,,,,,,,,,,,,,,,,,,,,,,,,,,,,,,,,,,,,,,,
34,8,,,,,,,96,92,66,16,224.8,2730,10801,36,0,14.3,17.9;0.6;10.1;4.2;4.2;2.2;58.9;65.8;36.7;35.3;96.9;7.3;0.6;0.8;0.0;0.0;0.0;0.0;0.0;0.0;0.3;0.0;0.0;1.1,36.14,0.08,0.0,1.83,14.987,0.801,26416.0,178613.0,4,16,,,,,,,,,,,,,,,,,,,,,,,,,,,,,,,,,,,,,,,,,,,,,,,,,,,,,,,,,,,,,
34,9,,,,,,,100,100,66,17,225.0,2730,10801,36,0,13.0,13.0;0.6;11.8;4.8;2.5;2.0;40.4;67.8;24.6;27.0;70.5;46.1;0.3;0.3;0.0;0.0;0.3;0.3;0.3;0.0;0.0;0.0;0.0;0.6,36.13,0.08,0.04,2.01,14.987,0.801,10839.0,12548.0,4,16,,,,,,,,,,,,,,,,,,,,,,,,,,,,,,,,,,,,,,,,,,,,,,,,,,,,,,,,,,,,,
34,10,,,,,,,95,91,67,16,224.6,2730,10801,36,0,11.6,19.4;1.9;5.2;6.1;2.5;3.8;72.6;28.7;15.0;12.3;71.8;29.2;1.7;1.1;0.0;0.3;0.8;0.3;0.0;0.0;0.3;1.1;0.8;2.5,36.07,0.08,0.0,3.37,14.987,0.801,22412.0,11816.0,4,16,,,,,,,,,,,,,,,,,,,,,,,,,,,,,,,,,,,,,,,,,,,,,,,,,,,,,,,,,,,,,
34,11,,,,,,,100,91,69,16,224.6,2730,10801,36,0,11.8,11.7;1.8;10.3;12.3;7.0;1.8;86.0;7.0;14.0;28.1;100.0;0.0;1.8;0.0;0.0;0.0;1.8;0.0;0.0;0.0;0.0;0.0;0.0;0.0,36.11,0.08,0.02,0.13,14.987,0.801,488.0,3564.0,4,16,,,,,,,,,,,,,,,,,,,,,,,,,,,,,,,,,,,,,,,,,,,,,,,,,,,,,,,,,,,,,
34,summary,0.4269647193076152,0.9675203984241006,0.4584705593722678,0.9609190727938186,0.00093749,55.8,,,,,,,,,,,,,,,,,,,,,,0,88.82,100,0,83.73,100,59,66.27,69,16,17.55,25,125.5,215.5,225.0,2731.4,10801.0,36.0,0,11.6,17.8,58.7,36.07,36.16,36.25,63.16,0.08,0.08,0.08,19.04,0.0,0.01,0.04,0.13,2.74,5.38,11.335,14.186,14.987,14.99,14.99,15.992,0.801,0.8,0.804,488.0,18176.82,38183.0,3564.0,62464.09,235742.0,4,4.0,4,16,16.0,16,4,16,42.45,9.42
35,1,,,,,,,0,0,59,22,125.1,2745,10801,36,0,58.1,77.1;74.1;90.0;84.8;92.8;90.0;99.0;96.9;91.1;84.8;97.3;85.5;59.7;51.4;8.3;10.0;40.5;48.3;7.2;7.6;26.6;32.1;21.7;16.8,36.23,0.08,0.03,2.51,14.987,0.801,3417.0,204296.0,4,16,,,,,,,,,,,,,,,,,,,,,,,,,,,,,,,,,,,,,,,,,,,,,,,,,,,,,,,,,,,,,
35,2,,,,,,,96,93,65,18,224.2,2730,10801,36,0,14.6,14.2;2.0;10.6;8.9;2.5;4.2;32.7;66.7;40.7;35.1;77.3;49.4;1.1;1.1;0.3;0.3;0.0;0.6;0.0;0.3;0.8;0.3;0.6;0.3,36.2,0.08,0.0,5.4,14.987,0.801,20849.0,44580.0,4,16,,,,,,,,,,,,,,,,,,,,,,,,,,,,,,,,,,,,,,,,,,,,,,,,,,,,,,,,,,,,,
35,3,,,,,,,100,97,67,17,224.2,2730,10801,36,0,14.5,15.5;1.4;13.4;9.5;2.2;2.8;58.5;60.9;35.2;29.2;95.3;13.4;2.2;1.7;0.0;0.6;0.6;1.7;0.0;0.0;0.6;0.8;0.3;1.1,36.18,0.08,0.0,4.86,14.987,0.801,5175.0,52099.0,4,16,,,,,,,,,,,,,,,,,,,,,,,,,,,,,,,,,,,,,,,,,,,,,,,,,,,,,,,,,,,,,
35,4,,,,,,,97,85,67,18,224.5,2730,10801,36,0,14.5,13.6;2.2;9.5;7.2;3.3;3.1;61.5;40.5;31.1;32.2;76.5;59.9;0.6;2.5;0.0;0.0;0.6;1.1;0.3;1.4;0.0;0.6;0.0;0.0,36.17,0.08,0.0,3.44,14.987,0.801,4833.0,60107.0,4,16,,,,,,,,,,,,,,,,,,,,,,,,,,,,,,,,,,,,,,,,,,,,,,,,,,,,,,,,,,,,,
35,5,,,,,,,100,100,67,17,224.2,2730,10801,36,0,14.2,15.8;3.0;10.7;9.1;3.8;4.9;51.6;56.4;46.2;29.7;91.0;9.1;0.5;0.8;0.5;0.0;0.8;0.5;0.0;0.0;1.1;0.8;1.1;2.7,36.16,0.08,0.01,2.9,14.987,0.801,38964.0,37060.0,4,16,,,,,,,,,,,,,,,,,,,,,,,,,,,,,,,,,,,,,,,,,,,,,,,,,,,,,,,,,,,,,
35,6,,,,,,,99,93,66,18,224.9,2730,10801,36,0,14.6,16.4;3.6;10.9;10.1;3.1;4.2;55.5;69.0;41.1;23.5;89.5;16.2;0.8;0.3;0.3;0.0;0.0;0.0;0.0;0.0;1.7;1.4;0.0;1.7,36.15,0.08,0.0,2.23,14.987,0.801,4785.0,34423.0,4,16,,,,,,,,,,,,,,,,,,,,,,,,,,,,,,,,,,,,,,,,,,,,,,,,,,,,,,,,,,,,,
35,7,,,,,,,96,92,67,16,224.8,2730,10801,36,0,14.3,12.4;1.4;9.5;5.8;1.7;4.7;36.2;64.9;38.4;24.0;68.2;73.1;0.8;0.6;0.0;0.0;0.8;0.0;0.0;0.0;0.0;0.0;0.0;0.0,36.13,0.08,0.0,2.0,14.987,0.801,34179.0,154199.0,4,16,,,,,,,,,,,,,,,,,,,,,,,,,,,,,,,,,,,,,,,,,,,,,,,,,,,,,,,,,,,,,
35,8,,,,,,,100,92,69,18,224.8,2730,10801,36,0,14.4,14.8;1.1;9.2;9.0;3.4;3.7;53.7;66.6;38.0;26.5;91.6;18.5;1.1;2.2;0.3;0.0;0.0;0.3;0.3;0.6;0.8;0.0;0.8;2.5,36.13,0.08,0.0,1.84,14.987,0.801,20068.0,47753.0,4,16,,,,,,,,,,,,,,,,,,,,,,,,,,,,,,,,,,,,,,,,,,,,,,,,,,,,,,,,,,,,,
35,9,,,,,,,97,92,66,18,224.8,2730,10801,36,0,14.1,17.8;3.3;8.2;9.6;3.0;4.1;48.2;71.0;40.5;18.4;99.5;1.4;3.3;1.4;0.0;0.5;0.8;1.9;0.0;0.0;1.4;0.5;0.8;2.4,36.11,0.08,0.01,1.47,14.987,0.801,21533.0,10742.0,4,16,,,,,,,,,,,,,,,,,,,,,,,,,,,,,,,,,,,,,,,,,,,,,,,,,,,,,,,,,,,,,
35,10,,,,,,,100,91,68,16,224.8,2730,10801,36,0,11.7,16.2;2.2;5.0;2.5;4.2;2.8;45.3;56.1;19.5;11.5;68.2;35.9;2.2;0.8;0.3;0.6;1.7;0.3;0.6;1.4;0.3;0.6;0.6;1.7,36.11,0.08,0.0,3.3,14.987,0.801,19873.0,50000.0,4,16,,,,,,,,,,,,,,,,,,,,,,,,,,,,,,,,,,,,,,,,,,,,,,,,,,,,,,,,,,,,,
35,11,,,,,,,100,100,68,19,224.8,2730,10801,36,0,15.0,12.3;3.6;17.2;10.7;8.8;5.4;92.9;16.1;16.1;35.7;19.0;82.1;0.0;3.6;0.0;0.0;0.0;0.0;0.0;0.0;8.8;1.8;8.8;15.0,36.13,0.08,0.02,0.07,14.987,0.801,488.0,2343.0,4,16,,,,,,,,,,,,,,,,,,,,,,,,,,,,,,,,,,,,,,,,,,,,,,,,,,,,,,,,,,,,,
35,summary,0.4257059060218122,0.9682093161773676,0.45173601544257247,0.9623830825538837,0.00093359,55.7,,,,,,,,,,,,,,,,,,,,,,0,89.55,100,0,85.0,100,59,66.27,69,16,17.91,22,125.1,215.55,224.9,2731.4,10801.0,36.0,0,11.7,18.18,58.1,36.11,36.15,36.23,63.16,0.08,0.08,0.08,19.04,0.0,0.01,0.03,0.07,2.73,5.4,11.335,14.186,14.987,14.99,14.987,15.992,0.801,0.8,0.801,488.0,15833.09,38964.0,2343.0,63418.36,204296.0,4,4.0,4,16,16.0,16,4,16,42.44,9.29
36,1,,,,,,,60,63,59,18,125.1,2745,10801,36,0,59.5,81.9;83.2;88.3;94.8;83.8;87.9;96.9;97.9;74.9;87.3;95.2;92.1;48.5;55.1;10.0;16.2;45.5;49.7;12.7;9.6;36.6;37.1;23.6;19.5,36.3,0.08,0.0,1.86,14.987,0.801,6054.0,224121.0,4,16,,,,,,,,,,,,,,,,,,,,,,,,,,,,,,,,,,,,,,,,,,,,,,,,,,,,,,,,,,,,,
36,2,,,,,,,100,91,65,18,224.9,2730,10801,36,0,14.5,13.8;2.2;14.8;2.5;4.5;3.4;76.0;61.9;43.6;15.7;95.0;6.7;1.7;1.7;1.1;0.6;0.6;0.3;0.0;0.0;0.3;0.8;0.3;0.8,36.22,0.08,0.0,5.42,14.987,0.801,37744.0,168408.0,4,16,,,,,,,,,,,,,,,,,,,,,,,,,,,,,,,,,,,,,,,,,,,,,,,,,,,,,,,,,,,,,
36,3,,,,,,,96,86,67,19,224.2,2730,10801,36,0,14.0,15.1;0.8;8.2;6.3;2.7;1.7;59.0;71.6;38.1;28.9;95.3;2.8;1.1;0.8;0.0;0.0;0.6;1.1;0.0;0.0;0.3;0.8;0.5;0.8,36.19,0.08,0.0,4.29,14.987,0.801,37304.0,11914.0,4,16,,,,,,,,,,,,,,,,,,,,,,,,,,,,,,,,,,,,,,,,,,,,,,,,,,,,,,,,,,,,,
36,4,,,,,,,100,91,67,16,224.8,2730,10801,36,0,14.3,13.4;1.7;10.3;5.3;2.5;2.8;60.6;73.9;32.0;32.1;99.2;0.6;1.1;0.8;0.0;0.3;1.1;0.3;0.0;0.0;1.7;0.8;0.3;0.8,36.17,0.08,0.01,3.47,14.987,0.801,25439.0,48095.0,4,16,,,,,,,,,,,,,,,,,,,,,,,,,,,,,,,,,,,,,,,,,,,,,,,,,,,,,,,,,,,,,
36,5,,,,,,,96,92,68,18,224.3,2730,10801,36,0,14.1,14.6;0.6;14.8;7.0;2.5;2.8;48.0;58.9;28.2;40.2;80.2;33.8;1.1;1.1;0.0;0.3;0.6;0.8;0.3;0.6;0.3;0.0;0.3;0.6,36.17,0.08,0.0,2.98,14.987,0.801,19189.0,23242.0,4,16,,,,,,,,,,,,,,,,,,,,,,,,,,,,,,,,,,,,,,,,,,,,,,,,,,,,,,,,,,,,,
36,6,,,,,,,98,94,66,17,225.1,2730,10801,36,0,14.4,16.8;2.2;8.9;8.9;2.8;3.1;58.1;49.6;24.5;43.6;76.5;41.6;1.4;1.4;0.6;0.0;0.6;0.6;0.3;0.0;1.4;0.3;0.0;2.2,36.15,0.08,0.01,2.71,14.987,0.801,30664.0,11572.0,4,16,,,,,,,,,,,,,,,,,,,,,,,,,,,,,,,,,,,,,,,,,,,,,,,,,,,,,,,,,,,,,
36,7,,,,,,,100,91,66,20,224.3,2730,10801,36,0,14.9,16.2;4.4;9.1;9.9;3.3;3.6;71.1;57.6;30.9;37.6;99.7;1.4;2.2;1.4;0.3;0.3;2.5;1.1;1.1;0.0;0.8;0.0;0.3;3.0,36.15,0.08,0.0,2.03,14.987,0.801,22119.0,193652.0,4,16,,,,,,,,,,,,,,,,,,,,,,,,,,,,,,,,,,,,,,,,,,,,,,,,,,,,,,,,,,,,,
36,8,,,,,,,100,98,68,17,224.7,2730,10801,36,0,14.3,18.0;2.5;12.5;9.7;4.7;2.5;71.6;41.9;19.5;47.6;75.0;30.6;0.6;1.1;0.3;0.0;0.6;0.0;0.0;0.0;0.0;0.0;0.0;3.0,36.14,0.08,0.0,1.86,14.987,0.801,40380.0,21582.0,4,16,,,,,,,,,,,,,,,,,,,,,,,,,,,,,,,,,,,,,,,,,,,,,,,,,,,,,,,,,,,,,
36,9,,,,,,,98,89,66,18,224.1,2730,10801,36,0,13.6,11.8;1.7;6.8;8.7;2.2;4.7;84.6;37.5;20.5;37.5;70.3;30.9;1.1;2.2;0.8;0.6;0.8;0.8;0.6;0.6;0.6;0.0;0.0;0.8,36.1,0.08,0.0,1.46,14.987,0.801,19091.0,59423.0,4,16,,,,,,,,,,,,,,,,,,,,,,,,,,,,,,,,,,,,,,,,,,,,,,,,,,,,,,,,,,,,,
36,10,,,,,,,97,91,66,17,224.0,2730,10801,36,0,10.6,14.3;1.1;3.1;3.1;1.4;2.0;36.9;62.1;7.8;19.2;71.7;30.2;0.8;0.0;0.0;0.0;0.0;0.0;0.0;0.0;0.0;0.0;0.0;0.0,36.08,0.08,0.01,3.83,14.987,0.801,23583.0,17529.0,4,16,,,,,,,,,,,,,,,,,,,,,,,,,,,,,,,,,,,,,,,,,,,,,,,,,,,,,,,,,,,,,
36,11,,,,,,,100,92,67,18,224.6,2730,10801,36,0,12.0,9.7;4.9;6.7;10.0;3.3;0.0;32.8;73.3;11.5;33.3;88.3;0.0;3.3;5.0;0.0;0.0;0.0;0.0;1.7;1.7;0.0;1.7;1.7;0.0,36.11,0.08,0.0,0.23,14.987,0.801,1074.0,2246.0,4,16,,,,,,,,,,,,,,,,,,,,,,,,,,,,,,,,,,,,,,,,,,,,,,,,,,,,,,,,,,,,,
36,summary,0.4234587219227865,0.9691278731817236,0.4618163672052006,0.9591297275315169,0.00092958,55.7,,,,,,,,,,,,,,,,,,,,,,60,95.0,100,63,88.91,98,59,65.91,68,16,17.82,20,125.1,215.46,225.1,2731.4,10801.0,36.0,0,10.6,17.84,59.5,36.08,36.16,36.3,63.16,0.08,0.08,0.08,19.04,0.0,0.0,0.01,0.23,2.74,5.42,11.336,14.186,14.987,14.99,14.987,15.992,0.801,0.8,0.801,1074.0,23876.45,40380.0,2246.0,71071.27,224121.0,4,4.0,4,16,16.0,16,4,16,42.48,9.23
37,1,,,,,,,6,0,60,18,150.4,2745,10801,36,0,58.4,80.1;82.4;92.8;87.6;89.0;93.1;98.6;94.2;85.2;84.5;95.5;82.4;48.3;56.5;11.7;11.7;37.2;41.0;9.3;10.0;32.1;38.5;22.1;18.2,36.23,0.08,0.02,2.44,14.987,0.801,3613.0,228906.0,4,16,,,,,,,,,,,,,,,,,,,,,,,,,,,,,,,,,,,,,,,,,,,,,,,,,,,,,,,,,,,,,
37,2,,,,,,,100,92,65,17,220.6,2730,10801,36,0,14.3,12.7;2.2;7.7;11.8;2.5;4.4;50.3;67.9;16.5;57.1;100.0;0.5;1.6;1.6;0.3;0.0;0.5;1.4;0.0;0.0;1.6;0.5;0.3;0.0,36.21,0.08,0.0,5.31,14.987,0.801,41308.0,9423.0,4,16,,,,,,,,,,,,,,,,,,,,,,,,,,,,,,,,,,,,,,,,,,,,,,,,,,,,,,,,,,,,,
37,3,,,,,,,96,85,67,17,223.2,2730,10801,36,0,14.6,16.6;1.4;6.5;9.8;2.8;3.9;26.7;86.8;26.3;48.2;89.3;21.1;1.7;1.1;0.6;0.6;0.8;0.8;0.3;0.6;0.6;0.8;0.6;1.4,36.19,0.08,0.0,4.4,14.987,0.801,4589.0,33837.0,4,16,,,,,,,,,,,,,,,,,,,,,,,,,,,,,,,,,,,,,,,,,,,,,,,,,,,,,,,,,,,,,
37,4,,,,,,,100,100,67,18,224.2,2730,10801,36,0,14.1,14.7;1.7;9.7;11.6;2.2;1.4;27.4;84.6;15.1;63.1;84.7;17.0;1.1;1.9;0.0;0.0;0.0;0.6;0.0;0.0;0.0;0.0;0.6;0.0,36.17,0.08,0.01,3.5,14.987,0.801,12548.0,220458.0,4,16,,,,,,,,,,,,,,,,,,,,,,,,,,,,,,,,,,,,,,,,,,,,,,,,,,,,,,,,,,,,,
37,5,,,,,,,100,90,67,18,223.9,2730,10801,36,0,14.2,12.2;1.1;7.3;12.0;3.1;5.0;66.1;46.6;22.7;47.4;81.6;30.3;1.4;1.4;0.0;0.0;0.0;0.3;0.3;0.0;1.1;0.0;0.0;0.8,36.16,0.08,0.01,2.93,14.987,0.801,14697.0,10986.0,4,16,,,,,,,,,,,,,,,,,,,,,,,,,,,,,,,,,,,,,,,,,,,,,,,,,,,,,,,,,,,,,
37,6,,,,,,,98,96,66,18,223.8,2730,10801,36,0,14.9,14.9;1.4;9.6;11.7;1.9;3.6;77.4;29.1;21.1;44.1;68.7;60.2;2.5;1.4;0.3;0.3;1.4;1.4;0.3;0.3;1.4;0.8;0.8;2.2,36.13,0.08,0.01,2.19,14.987,0.801,5175.0,57763.0,4,16,,,,,,,,,,,,,,,,,,,,,,,,,,,,,,,,,,,,,,,,,,,,,,,,,,,,,,,,,,,,,
37,7,,,,,,,100,91,66,18,223.4,2730,10801,36,0,14.9,17.3;1.9;11.7;8.3;4.2;3.3;59.0;51.5;29.5;42.3;81.1;37.3;2.5;0.8;0.3;0.8;1.4;0.8;0.8;0.0;0.8;0.8;0.0;1.4,36.13,0.08,0.0,1.99,14.987,0.801,40820.0,8935.0,4,16,,,,,,,,,,,,,,,,,,,,,,,,,,,,,,,,,,,,,,,,,,,,,,,,,,,,,,,,,,,,,
37,8,,,,,,,96,89,68,17,223.8,2730,10801,36,0,14.5,14.6;2.0;10.9;7.5;4.5;3.9;49.3;65.8;30.2;40.1;91.6;18.7;1.1;1.7;0.0;0.0;1.4;1.1;0.0;0.0;0.3;0.0;0.3;3.6,36.11,0.08,0.0,1.85,14.987,0.801,31005.0,50585.0,4,16,,,,,,,,,,,,,,,,,,,,,,,,,,,,,,,,,,,,,,,,,,,,,,,,,,,,,,,,,,,,,
37,9,,,,,,,100,93,65,18,224.4,2730,10801,36,0,13.2,13.4;0.3;13.1;3.4;5.1;0.3;75.4;26.1;29.6;36.0;79.2;30.1;1.7;1.4;0.0;0.0;0.3;0.0;0.0;0.0;1.1;0.0;0.3;0.0,36.11,0.08,0.0,1.51,14.987,0.801,5419.0,35205.0,4,16,,,,,,,,,,,,,,,,,,,,,,,,,,,,,,,,,,,,,,,,,,,,,,,,,,,,,,,,,,,,,
37,10,,,,,,,98,98,67,18,213.7,2730,10801,36,0,11.5,13.9;1.4;6.8;4.9;3.6;2.2;73.1;28.8;21.3;11.0;98.9;1.4;1.4;1.4;0.6;0.3;0.6;1.4;0.3;0.6;0.6;0.3;0.6;1.4,36.09,0.08,0.0,3.27,14.987,0.801,30761.0,12207.0,4,16,,,,,,,,,,,,,,,,,,,,,,,,,,,,,,,,,,,,,,,,,,,,,,,,,,,,,,,,,,,,,
37,11,,,,,,,100,93,66,17,224.0,2730,10801,36,0,11.4,16.1;0.0;5.3;5.3;1.8;5.3;0.0;100.0;15.8;24.6;12.3;80.7;0.0;1.8;0.0;0.0;0.0;0.0;0.0;0.0;0.0;0.0;0.0;3.4,36.12,0.08,0.0,0.0,14.987,0.801,1123.0,146.0,4,16,,,,,,,,,,,,,,,,,,,,,,,,,,,,,,,,,,,,,,,,,,,,,,,,,,,,,,,,,,,,,
37,summary,0.421829685220739,0.9699674916935177,0.4555465013721989,0.9605937372915819,0.00092546,55.8,,,,,,,,,,,,,,,,,,,,,,6,90.36,100,0,84.27,100,60,65.82,68,17,17.64,18,150.4,215.95,224.4,2731.4,10801.0,36.0,0,11.4,17.82,58.4,36.09,36.15,36.23,63.16,0.08,0.08,0.08,19.04,0.0,0.0,0.02,0.0,2.67,5.31,11.336,14.186,14.987,14.99,14.987,15.992,0.801,0.8,0.801,1123.0,17368.91,41308.0,146.0,60768.27,228906.0,4,4.0,4,16,16.0,16,4,16,42.48,9.35
38,1,,,,,,,5,0,59,25,148.8,2745,10801,36,0,59.6,75.1;80.2;88.9;92.0;88.9;91.3;96.2;97.9;86.4;84.7;94.1;85.5;54.7;50.3;13.8;12.5;49.0;48.3;10.4;11.4;37.0;35.4;26.1;21.5,36.32,0.08,0.0,1.89,14.987,0.801,24365.0,257910.0,4,16,,,,,,,,,,,,,,,,,,,,,,,,,,,,,,,,,,,,,,,,,,,,,,,,,,,,,,,,,,,,,
38,2,,,,,,,96,92,68,18,223.5,2745,10801,36,0,14.5,16.4;0.8;13.7;4.5;4.2;1.7;44.3;81.5;44.6;35.3;84.6;10.1;1.4;0.8;0.0;0.3;0.3;0.3;0.0;0.0;0.6;0.3;0.8;0.8,36.21,0.08,0.02,5.41,14.987,0.801,15380.0,21777.0,4,16,,,,,,,,,,,,,,,,,,,,,,,,,,,,,,,,,,,,,,,,,,,,,,,,,,,,,,,,,,,,,
38,3,,,,,,,100,100,66,19,224.5,2745,10801,36,0,14.8,14.4;3.1;11.1;6.4;4.2;1.7;69.7;58.5;56.3;18.1;90.8;10.6;1.9;1.7;0.0;0.0;0.8;0.8;0.0;0.3;0.6;0.6;0.8;2.8,36.2,0.08,0.01,4.36,14.987,0.801,19287.0,93603.0,4,16,,,,,,,,,,,,,,,,,,,,,,,,,,,,,,,,,,,,,,,,,,,,,,,,,,,,,,,,,,,,,
38,4,,,,,,,100,91,66,17,224.7,2745,10801,36,0,16.0,20.5;3.1;15.4;6.2;5.0;3.4;66.8;72.1;47.9;20.0;98.6;2.8;2.5;3.1;1.4;0.3;2.2;2.8;0.0;0.8;1.4;1.7;2.0;3.9,36.17,0.08,0.01,3.47,14.987,0.801,37255.0,11572.0,4,16,,,,,,,,,,,,,,,,,,,,,,,,,,,,,,,,,,,,,,,,,,,,,,,,,,,,,,,,,,,,,
38,5,,,,,,,100,100,66,18,224.6,2745,10801,36,0,13.8,13.4;0.6;9.9;3.3;3.0;1.7;44.6;88.2;35.0;21.3;93.2;12.4;0.6;0.3;0.0;0.0;0.0;0.3;0.3;0.3;0.3;0.3;0.0;1.1,36.15,0.08,0.0,2.91,14.987,0.801,27001.0,19775.0,4,16,,,,,,,,,,,,,,,,,,,,,,,,,,,,,,,,,,,,,,,,,,,,,,,,,,,,,,,,,,,,,
38,6,,,,,,,100,92,66,18,224.1,2745,10801,36,0,14.9,13.9;3.1;8.1;12.2;5.6;3.1;53.6;73.0;44.7;29.5;98.9;0.8;1.1;2.2;0.0;0.6;0.8;1.1;0.0;0.0;1.9;0.3;1.4;2.5,36.15,0.08,0.02,2.23,14.987,0.801,40869.0,159960.0,4,16,,,,,,,,,,,,,,,,,,,,,,,,,,,,,,,,,,,,,,,,,,,,,,,,,,,,,,,,,,,,,
38,7,,,,,,,96,92,68,16,224.3,2745,10801,36,0,14.6,16.6;1.1;10.1;11.1;5.0;2.8;55.8;58.2;50.1;21.8;90.2;16.2;2.0;0.8;0.3;0.6;1.9;1.1;0.6;0.6;1.7;0.0;0.6;0.3,36.14,0.08,0.0,2.0,14.987,0.801,18457.0,9765.0,4,16,,,,,,,,,,,,,,,,,,,,,,,,,,,,,,,,,,,,,,,,,,,,,,,,,,,,,,,,,,,,,
38,8,,,,,,,100,91,66,17,224.1,2745,10801,36,0,14.7,14.7;2.0;9.5;8.1;2.8;3.6;54.5;50.8;37.0;30.3;70.9;61.8;1.7;1.1;0.0;0.0;0.3;1.1;0.0;0.0;0.0;0.6;0.3;0.6,36.13,0.08,0.0,1.85,14.987,0.801,5126.0,18847.0,4,16,,,,,,,,,,,,,,,,,,,,,,,,,,,,,,,,,,,,,,,,,,,,,,,,,,,,,,,,,,,,,
38,9,,,,,,,97,93,69,17,224.6,2745,10801,36,0,12.9,12.0;1.4;5.5;6.1;1.4;1.7;62.3;50.4;24.9;32.7;75.1;32.7;0.8;0.8;0.0;0.0;0.3;0.0;0.6;0.6;0.0;0.3;0.0;0.0,36.12,0.08,0.0,1.47,14.987,0.801,5224.0,37597.0,4,16,,,,,,,,,,,,,,,,,,,,,,,,,,,,,,,,,,,,,,,,,,,,,,,,,,,,,,,,,,,,,
38,10,,,,,,,96,92,66,17,224.4,2745,10801,36,0,11.3,12.7;1.4;3.1;7.0;1.4;3.1;55.9;45.3;5.9;22.8;96.9;3.9;1.1;1.1;0.3;0.3;1.7;0.8;0.0;0.6;0.3;0.6;0.8;3.0,36.09,0.08,0.0,3.3,14.987,0.801,41455.0,38574.0,4,16,,,,,,,,,,,,,,,,,,,,,,,,,,,,,,,,,,,,,,,,,,,,,,,,,,,,,,,,,,,,,
38,11,,,,,,,100,91,68,17,224.6,2745,10801,36,0,13.0,30.3;0.0;5.2;8.6;3.5;0.0;15.5;79.3;11.9;37.9;100.0;1.8;10.3;0.0;0.0;0.0;1.8;0.0;0.0;0.0;0.0;1.8;0.0;0.0,36.11,0.08,0.0,0.04,14.987,0.801,0.0,3710.0,4,16,,,,,,,,,,,,,,,,,,,,,,,,,,,,,,,,,,,,,,,,,,,,,,,,,,,,,,,,,,,,,
38,summary,0.4229350298561201,0.969091992048741,0.45928160050090805,0.958438389589264,0.00092124,55.7,,,,,,,,,,,,,,,,,,,,,,5,90.0,100,0,84.91,100,59,66.18,69,16,18.09,25,148.8,217.47,224.7,2745.0,10801.0,36.0,0,11.3,18.19,59.6,36.09,36.16,36.32,63.16,0.08,0.08,0.08,19.04,0.0,0.01,0.02,0.04,2.63,5.41,11.335,14.186,14.987,14.99,14.987,15.992,0.801,0.8,0.801,0.0,21310.82,41455.0,3710.0,61190.0,257910.0,4,4.0,4,16,16.0,16,4,16,42.26,9.44
39,1,,,,,,,0,0,59,25,123.9,2745,10801,36,0,58.4,75.4;85.5;87.2;95.2;86.9;94.1;93.8;97.2;81.2;90.0;98.3;85.9;40.8;65.5;10.3;13.8;38.6;46.9;8.0;8.0;28.4;35.3;18.6;15.6,36.33,0.08,0.0,1.87,14.987,0.801,54541.0,115966.0,4,16,,,,,,,,,,,,,,,,,,,,,,,,,,,,,,,,,,,,,,,,,,,,,,,,,,,,,,,,,,,,,
39,2,,,,,,,96,84,66,16,223.3,2745,10801,36,0,14.8,14.5;3.4;5.9;15.3;3.7;5.0;66.9;61.9;37.3;32.9;99.4;1.7;1.1;1.4;0.3;0.0;0.3;0.8;0.0;0.3;0.3;0.6;1.1;0.3,36.2,0.08,0.0,5.38,14.987,0.801,5712.0,27148.0,4,16,,,,,,,,,,,,,,,,,,,,,,,,,,,,,,,,,,,,,,,,,,,,,,,,,,,,,,,,,,,,,
39,3,,,,,,,100,100,67,18,224.5,2745,10801,36,0,14.0,13.8;1.9;6.7;10.3;1.1;3.6;81.1;34.4;39.8;36.5;67.1;36.0;0.8;0.6;0.3;0.0;0.0;0.0;0.0;0.0;0.3;0.3;0.0;1.1,36.19,0.08,0.0,4.34,14.987,0.801,17822.0,11767.0,4,16,,,,,,,,,,,,,,,,,,,,,,,,,,,,,,,,,,,,,,,,,,,,,,,,,,,,,,,,,,,,,
39,4,,,,,,,96,93,66,18,224.8,2745,10801,36,0,14.2,17.1;3.9;11.1;8.3;3.3;3.6;30.5;70.1;37.6;33.4;70.6;47.0;1.1;1.9;0.0;0.0;0.6;0.0;0.0;0.3;0.3;0.0;0.0;0.6,36.17,0.08,0.0,3.43,14.987,0.801,14404.0,12304.0,4,16,,,,,,,,,,,,,,,,,,,,,,,,,,,,,,,,,,,,,,,,,,,,,,,,,,,,,,,,,,,,,
39,5,,,,,,,96,92,67,17,225.1,2745,10801,36,0,14.5,14.1;3.1;10.5;8.3;1.7;2.2;36.8;81.1;37.2;23.7;83.6;40.1;1.4;1.9;0.0;0.0;0.3;0.0;0.0;0.3;0.0;0.3;0.6;0.0,36.17,0.08,0.01,2.91,14.987,0.801,34570.0,10546.0,4,16,,,,,,,,,,,,,,,,,,,,,,,,,,,,,,,,,,,,,,,,,,,,,,,,,,,,,,,,,,,,,
39,6,,,,,,,100,92,69,17,224.6,2745,10801,36,0,14.4,15.2;2.2;10.1;9.8;4.8;2.0;79.3;31.5;32.9;39.0;69.7;43.8;0.8;0.8;0.0;0.3;0.6;0.3;0.0;0.0;0.3;0.0;0.0;0.8,36.14,0.08,0.0,2.21,14.987,0.801,12402.0,40429.0,4,16,,,,,,,,,,,,,,,,,,,,,,,,,,,,,,,,,,,,,,,,,,,,,,,,,,,,,,,,,,,,,
39,7,,,,,,,96,93,66,18,224.3,2745,10801,36,0,14.8,13.3;3.0;11.2;8.3;2.8;3.3;81.3;38.4;38.5;29.3;85.7;30.7;1.7;0.8;0.3;0.3;1.1;0.6;0.0;0.0;1.1;0.6;0.6;1.4,36.12,0.08,0.0,2.06,14.987,0.801,12207.0,280029.0,4,16,,,,,,,,,,,,,,,,,,,,,,,,,,,,,,,,,,,,,,,,,,,,,,,,,,,,,,,,,,,,,
39,8,,,,,,,96,93,67,17,224.6,2745,10801,36,0,14.2,13.3;1.6;7.7;8.8;4.1;2.2;72.4;68.2;23.6;32.0;100.0;1.1;1.1;0.8;0.0;0.0;0.6;0.3;0.3;0.0;1.1;0.6;0.6;0.6,36.12,0.08,0.01,1.84,14.987,0.801,6298.0,57470.0,4,16,,,,,,,,,,,,,,,,,,,,,,,,,,,,,,,,,,,,,,,,,,,,,,,,,,,,,,,,,,,,,
39,9,,,,,,,97,93,67,17,224.5,2745,10801,36,0,13.3,13.2;1.7;9.2;8.4;2.5;3.6;33.3;68.6;21.0;37.8;85.8;27.7;0.8;1.1;0.0;0.0;0.3;0.0;0.0;0.0;1.1;0.3;0.8;1.1,36.12,0.08,0.02,1.51,14.987,0.801,35107.0,12353.0,4,16,,,,,,,,,,,,,,,,,,,,,,,,,,,,,,,,,,,,,,,,,,,,,,,,,,,,,,,,,,,,,
39,10,,,,,,,100,96,68,18,224.5,2745,10801,36,0,11.3,15.5;0.8;6.1;4.2;3.6;0.8;41.8;61.3;18.1;10.6;99.2;2.0;1.7;0.8;0.0;0.0;0.3;0.3;0.0;0.0;0.6;0.0;0.8;1.7,36.11,0.08,0.04,3.34,14.987,0.801,5468.0,59326.0,4,16,,,,,,,,,,,,,,,,,,,,,,,,,,,,,,,,,,,,,,,,,,,,,,,,,,,,,,,,,,,,,
39,11,,,,,,,98,93,68,18,224.5,2745,10801,36,0,11.0,10.0;1.7;5.2;1.7;6.9;0.0;86.2;8.6;12.1;31.0;98.3;0.0;1.7;0.0;0.0;0.0;0.0;0.0;0.0;0.0;0.0;0.0;0.0;0.0,36.13,0.08,0.0,0.03,14.987,0.801,41455.0,11132.0,4,16,,,,,,,,,,,,,,,,,,,,,,,,,,,,,,,,,,,,,,,,,,,,,,,,,,,,,,,,,,,,,
39,summary,0.4204777417637589,0.9709291060574529,0.4601612845781907,0.9611224074827166,0.00091691,55.7,,,,,,,,,,,,,,,,,,,,,,0,88.64,100,0,84.45,100,59,66.36,69,16,18.09,25,123.9,215.33,225.1,2745.0,10801.0,36.0,0,11.0,17.72,58.4,36.11,36.16,36.33,63.16,0.08,0.08,0.08,19.04,0.0,0.01,0.04,0.03,2.63,5.38,11.336,14.186,14.987,14.99,14.987,15.992,0.801,0.8,0.801,5468.0,21816.91,54541.0,10546.0,58042.73,280029.0,4,4.0,4,16,16.0,16,4,16,42.44,9.28
40,1,,,,,,,34,29,64,21,159.9,2745,10801,36,0,59.5,81.8;77.3;90.3;86.9;91.7;93.1;97.9;96.2;86.9;82.5;94.2;77.5;61.5;49.7;14.5;13.0;51.7;45.9;13.4;11.3;32.0;30.4;26.2;22.3,36.32,0.08,0.03,1.93,14.987,0.801,5615.0,200146.0,4,16,,,,,,,,,,,,,,,,,,,,,,,,,,,,,,,,,,,,,,,,,,,,,,,,,,,,,,,,,,,,,
40,2,,,,,,,100,100,67,18,225.0,2745,10801,36,0,14.6,14.5;0.3;8.1;9.3;2.8;4.5;48.0;66.9;28.8;44.7;80.3;29.5;2.5;2.2;0.8;0.6;2.0;2.2;0.0;0.0;1.4;1.4;0.0;0.3,36.23,0.08,0.0,5.41,14.987,0.801,20214.0,60986.0,4,16,,,,,,,,,,,,,,,,,,,,,,,,,,,,,,,,,,,,,,,,,,,,,,,,,,,,,,,,,,,,,
40,3,,,,,,,97,92,66,18,224.2,2745,10801,36,0,14.8,15.2;3.0;9.3;10.4;4.1;4.1;56.6;53.8;20.6;51.8;75.7;36.8;2.2;2.7;0.0;0.3;0.8;0.8;1.1;0.8;0.8;1.4;0.0;1.9,36.2,0.08,0.03,4.34,14.987,0.801,31201.0,12011.0,4,16,,,,,,,,,,,,,,,,,,,,,,,,,,,,,,,,,,,,,,,,,,,,,,,,,,,,,,,,,,,,,
40,4,,,,,,,100,91,68,16,224.7,2745,10801,36,0,14.4,15.1;3.6;3.6;13.6;2.5;4.7;51.1;64.3;17.6;47.9;75.4;38.8;2.2;0.8;0.0;0.6;0.8;0.3;0.0;0.0;0.6;0.0;0.3;0.3,36.18,0.08,0.01,3.44,14.987,0.801,8935.0,8837.0,4,16,,,,,,,,,,,,,,,,,,,,,,,,,,,,,,,,,,,,,,,,,,,,,,,,,,,,,,,,,,,,,
40,5,,,,,,,96,93,67,17,224.1,2745,10801,36,0,14.0,14.1;1.9;6.3;8.2;1.9;2.7;67.0;61.8;14.0;46.6;95.4;9.1;1.9;1.4;0.0;0.0;0.8;0.8;0.0;0.0;0.0;0.0;0.3;1.6,36.17,0.08,0.0,2.92,14.987,0.801,7031.0,134277.0,4,16,,,,,,,,,,,,,,,,,,,,,,,,,,,,,,,,,,,,,,,,,,,,,,,,,,,,,,,,,,,,,
40,6,,,,,,,100,90,68,17,224.5,2745,10801,36,0,14.7,15.7;1.7;7.9;14.0;3.4;3.9;82.7;31.2;10.7;52.2;73.1;43.4;2.0;2.2;0.8;0.6;0.8;0.6;1.1;0.3;0.6;0.3;0.3;2.2,36.16,0.08,0.0,2.18,14.987,0.801,14941.0,11230.0,4,16,,,,,,,,,,,,,,,,,,,,,,,,,,,,,,,,,,,,,,,,,,,,,,,,,,,,,,,,,,,,,
40,7,,,,,,,100,100,66,17,224.4,2745,10801,36,0,14.3,15.9;2.7;5.8;10.7;2.7;4.4;43.7;76.4;9.6;45.1;84.7;35.2;1.1;1.6;0.3;0.0;0.8;0.8;0.0;0.0;0.5;0.3;0.5;0.0,36.15,0.08,0.0,2.35,14.987,0.801,4638.0,33349.0,4,16,,,,,,,,,,,,,,,,,,,,,,,,,,,,,,,,,,,,,,,,,,,,,,,,,,,,,,,,,,,,,
40,8,,,,,,,100,93,66,17,224.2,2745,10801,36,0,14.1,11.9;0.3;6.4;9.2;2.8;3.6;76.9;64.1;18.3;38.1;99.2;0.8;1.4;1.4;0.0;0.0;0.3;1.7;0.0;0.0;0.8;0.3;0.0;1.9,36.14,0.08,0.03,1.51,14.987,0.801,4150.0,215625.0,4,16,,,,,,,,,,,,,,,,,,,,,,,,,,,,,,,,,,,,,,,,,,,,,,,,,,,,,,,,,,,,,
40,9,,,,,,,96,91,66,16,224.6,2745,10801,36,0,13.5,13.5;2.0;9.2;7.6;5.0;3.7;58.7;54.3;18.5;43.7;96.6;2.8;1.1;1.1;0.0;0.6;0.6;0.8;0.0;0.0;1.1;0.8;0.0;0.8,36.13,0.08,0.01,1.5,14.987,0.801,32666.0,11328.0,4,16,,,,,,,,,,,,,,,,,,,,,,,,,,,,,,,,,,,,,,,,,,,,,,,,,,,,,,,,,,,,,
40,10,,,,,,,100,100,67,18,226.0,2745,10801,36,0,11.1,8.6;2.5;3.9;5.9;3.1;2.2;30.7;74.6;7.0;22.0;98.1;0.8;0.8;0.6;0.0;0.0;0.8;0.3;0.3;0.3;0.0;0.0;0.0;1.7,36.1,0.08,0.01,3.35,14.987,0.801,5712.0,58935.0,4,16,,,,,,,,,,,,,,,,,,,,,,,,,,,,,,,,,,,,,,,,,,,,,,,,,,,,,,,,,,,,,
40,11,,,,,,,96,92,68,18,218.9,2745,10801,36,0,14.1,34.2;0.0;8.2;9.8;1.6;8.2;53.3;50.8;11.5;32.8;78.7;18.0;4.9;3.3;1.7;1.7;1.7;3.3;1.7;0.0;0.0;0.0;1.7;6.3,36.14,0.08,0.0,0.06,14.987,0.801,0.0,5517.0,4,16,,,,,,,,,,,,,,,,,,,,,,,,,,,,,,,,,,,,,,,,,,,,,,,,,,,,,,,,,,,,,
40,summary,0.4198667785787888,0.9711300404021558,0.4545744528514479,0.9625864172427816,0.00091247,55.8,,,,,,,,,,,,,,,,,,,,,,34,92.64,100,29,88.27,100,64,66.64,68,16,17.55,21,159.9,218.23,226.0,2745.0,10801.0,36.0,0,11.1,18.1,59.5,36.1,36.17,36.32,63.16,0.08,0.08,0.08,19.04,0.0,0.01,0.03,0.06,2.64,5.41,11.337,14.186,14.987,14.99,14.987,15.992,0.801,0.8,0.801,0.0,12282.09,32666.0,5517.0,68385.55,215625.0,4,4.0,4,16,16.0,16,4,16,42.54,9.32
41,1,,,,,,,45,48,65,25,122.0,2745,10801,36,0,58.6,69.9;82.7;89.3;90.3;88.2;91.3;97.9;99.0;77.9;91.7;96.5;88.9;46.0;58.1;10.7;13.4;42.4;49.5;12.0;11.7;31.4;34.0;17.9;16.9,36.26,0.08,0.0,1.9,14.987,0.801,33447.0,137744.0,4,16,,,,,,,,,,,,,,,,,,,,,,,,,,,,,,,,,,,,,,,,,,,,,,,,,,,,,,,,,,,,,
41,2,,,,,,,100,92,65,18,224.9,2745,10801,36,0,15.0,16.2;2.2;15.9;7.0;5.9;3.6;54.9;55.0;41.1;24.1;80.1;43.9;1.7;1.1;0.0;0.3;0.8;0.8;0.6;0.6;1.4;0.6;0.6;0.8,36.21,0.08,0.03,5.46,14.987,0.801,4736.0,152294.0,4,16,,,,,,,,,,,,,,,,,,,,,,,,,,,,,,,,,,,,,,,,,,,,,,,,,,,,,,,,,,,,,
41,3,,,,,,,96,84,66,17,223.6,2745,10801,36,0,14.1,13.6;0.6;15.2;8.1;3.4;1.4;46.4;68.8;31.9;29.2;87.4;28.4;1.7;1.4;0.0;0.0;0.8;0.3;0.0;0.0;0.3;0.0;0.0;0.0,36.19,0.08,0.04,4.37,14.987,0.801,47070.0,12597.0,4,16,,,,,,,,,,,,,,,,,,,,,,,,,,,,,,,,,,,,,,,,,,,,,,,,,,,,,,,,,,,,,
41,4,,,,,,,98,96,66,18,224.3,2745,10801,36,0,14.5,15.2;1.1;11.1;4.2;2.8;1.9;69.0;65.9;47.1;22.5;99.2;1.1;2.2;1.4;0.0;0.0;0.8;0.6;0.6;0.3;0.6;0.3;0.6;0.3,36.17,0.08,0.01,3.45,14.987,0.801,45019.0,184912.0,4,16,,,,,,,,,,,,,,,,,,,,,,,,,,,,,,,,,,,,,,,,,,,,,,,,,,,,,,,,,,,,,
41,5,,,,,,,100,91,66,19,224.6,2745,10801,36,0,14.2,15.0;1.7;15.6;3.3;3.3;4.7;65.6;48.8;41.0;21.7;81.5;28.5;1.1;1.1;0.0;0.0;0.6;0.8;0.6;0.0;1.7;1.1;0.8;1.9,36.16,0.08,0.0,2.89,14.987,0.801,6591.0,21582.0,4,16,,,,,,,,,,,,,,,,,,,,,,,,,,,,,,,,,,,,,,,,,,,,,,,,,,,,,,,,,,,,,
41,6,,,,,,,98,94,66,17,224.2,2745,10801,36,0,15.0,15.7;2.5;12.5;6.7;5.0;2.5;44.2;70.1;42.6;29.2;86.7;32.3;1.7;1.4;0.0;0.3;1.7;0.6;0.3;0.8;0.6;0.6;0.3;0.8,36.14,0.08,0.0,2.23,14.987,0.801,4687.0,47363.0,4,16,,,,,,,,,,,,,,,,,,,,,,,,,,,,,,,,,,,,,,,,,,,,,,,,,,,,,,,,,,,,,
41,7,,,,,,,100,91,66,16,224.8,2745,10801,36,0,15.9,16.7;4.2;16.9;9.2;5.6;5.3;78.6;39.2;46.8;24.3;74.2;44.6;2.8;3.9;1.1;0.0;0.6;2.5;0.3;0.6;0.8;0.8;0.6;3.0,36.12,0.08,0.06,2.09,14.987,0.801,13427.0,25292.0,4,16,,,,,,,,,,,,,,,,,,,,,,,,,,,,,,,,,,,,,,,,,,,,,,,,,,,,,,,,,,,,,
41,8,,,,,,,96,92,68,18,224.8,2745,10801,36,0,14.3,17.5;1.1;11.7;5.6;2.2;2.5;43.7;59.6;58.3;28.9;90.8;15.7;0.6;0.8;0.0;0.0;0.8;0.6;0.0;0.0;0.3;0.3;0.0;1.1,36.11,0.08,0.02,1.84,14.987,0.801,29394.0,11572.0,4,16,,,,,,,,,,,,,,,,,,,,,,,,,,,,,,,,,,,,,,,,,,,,,,,,,,,,,,,,,,,,,
41,9,,,,,,,100,98,66,18,225.2,2745,10801,36,0,13.2,14.9;0.8;10.7;5.0;4.7;1.1;47.5;67.1;43.3;14.9;82.9;19.0;0.3;0.8;0.3;0.0;0.3;0.3;0.0;0.0;0.0;0.0;0.3;1.4,36.11,0.08,0.0,1.45,14.987,0.801,35937.0,11376.0,4,16,,,,,,,,,,,,,,,,,,,,,,,,,,,,,,,,,,,,,,,,,,,,,,,,,,,,,,,,,,,,,
41,10,,,,,,,96,92,66,17,224.6,2745,10801,36,0,10.8,15.4;0.3;6.1;2.5;3.1;2.0;52.1;49.4;15.6;12.6;84.3;14.0;0.8;0.6;0.0;0.0;0.0;0.3;0.0;0.3;0.0;0.0;0.0;0.0,36.08,0.08,0.01,3.36,14.987,0.801,6835.0,20117.0,4,16,,,,,,,,,,,,,,,,,,,,,,,,,,,,,,,,,,,,,,,,,,,,,,,,,,,,,,,,,,,,,
41,11,,,,,,,100,93,67,18,224.6,2745,10801,36,0,11.7,18.0;3.5;10.5;3.5;3.6;1.8;58.9;36.8;30.4;12.3;100.0;0.0;0.0;3.5;0.0;0.0;0.0;0.0;0.0;0.0;0.0;0.0;0.0;0.0,36.11,0.08,0.0,0.17,14.987,0.801,1123.0,2001.0,4,16,,,,,,,,,,,,,,,,,,,,,,,,,,,,,,,,,,,,,,,,,,,,,,,,,,,,,,,,,,,,,
41,summary,0.41889070763991837,0.9712305075745071,0.4624095117042296,0.9579910532736885,0.00090793,55.7,,,,,,,,,,,,,,,,,,,,,,45,93.55,100,48,88.27,98,65,66.09,68,16,18.27,25,122.0,215.24,225.2,2745.0,10801.0,36.0,0,10.8,17.94,58.6,36.08,36.15,36.26,63.16,0.08,0.08,0.08,19.04,0.0,0.02,0.06,0.17,2.66,5.46,11.336,14.186,14.987,14.99,14.987,15.992,0.801,0.8,0.801,1123.0,20751.45,47070.0,2001.0,56986.36,184912.0,4,4.0,4,16,16.0,16,4,16,42.3,9.42
42,1,,,,,,,6,0,59,25,149.7,2745,10801,36,0,58.4,77.7;78.2;89.4;92.2;87.0;92.4;97.9;96.2;85.9;89.0;96.2;82.5;49.5;56.8;12.7;13.7;41.8;45.1;11.2;11.3;30.2;29.3;19.5;15.6,36.27,0.08,0.0,1.86,14.987,0.801,16894.0,105712.0,4,16,,,,,,,,,,,,,,,,,,,,,,,,,,,,,,,,,,,,,,,,,,,,,,,,,,,,,,,,,,,,,
42,2,,,,,,,96,92,66,17,224.3,2730,10801,36,0,15.1,15.7;2.8;12.3;7.8;5.6;5.8;69.7;57.9;31.4;27.8;89.2;23.4;0.8;1.7;0.3;0.6;1.4;0.8;0.6;0.0;1.1;1.4;1.4;3.0,36.21,0.08,0.01,5.39,14.987,0.801,18798.0,120849.0,4,16,,,,,,,,,,,,,,,,,,,,,,,,,,,,,,,,,,,,,,,,,,,,,,,,,,,,,,,,,,,,,
42,3,,,,,,,100,99,67,17,224.1,2730,10801,36,0,14.6,19.1;1.1;9.8;7.0;3.9;3.6;42.0;58.8;39.0;32.9;75.3;50.0;1.7;1.4;0.0;0.0;0.6;0.3;0.0;0.0;0.6;0.0;0.3;2.2,36.2,0.08,0.01,4.41,14.987,0.801,4736.0,59033.0,4,16,,,,,,,,,,,,,,,,,,,,,,,,,,,,,,,,,,,,,,,,,,,,,,,,,,,,,,,,,,,,,
42,4,,,,,,,96,92,66,16,213.4,2730,10801,36,0,15.5,17.2;3.8;13.5;13.2;4.7;6.0;51.1;57.7;42.2;32.1;64.5;47.3;1.6;3.8;0.8;0.0;2.2;1.6;0.8;0.0;1.6;1.9;1.4;2.7,36.18,0.08,0.0,3.41,14.987,0.801,41845.0,94189.0,4,16,,,,,,,,,,,,,,,,,,,,,,,,,,,,,,,,,,,,,,,,,,,,,,,,,,,,,,,,,,,,,
42,5,,,,,,,100,92,67,16,224.2,2730,10801,36,0,14.5,14.5;1.4;8.1;10.3;3.6;5.0;45.8;76.8;35.7;39.3;98.9;0.8;1.7;0.8;0.0;0.0;0.3;1.1;0.3;0.6;1.4;0.8;0.0;0.8,36.17,0.08,0.0,2.91,14.987,0.801,36474.0,48291.0,4,16,,,,,,,,,,,,,,,,,,,,,,,,,,,,,,,,,,,,,,,,,,,,,,,,,,,,,,,,,,,,,
42,6,,,,,,,96,93,68,18,224.1,2730,10801,36,0,14.8,12.2;3.6;9.2;8.9;4.7;3.4;65.4;35.8;25.7;40.5;73.5;60.6;1.7;1.9;0.0;0.8;1.7;0.8;0.3;0.6;0.6;0.0;0.8;2.5,36.17,0.08,0.14,2.87,14.987,0.801,40527.0,46875.0,4,16,,,,,,,,,,,,,,,,,,,,,,,,,,,,,,,,,,,,,,,,,,,,,,,,,,,,,,,,,,,,,
42,7,,,,,,,96,91,66,18,224.6,2730,10801,36,0,14.9,13.0;3.6;9.7;9.6;2.8;4.2;58.6;65.7;38.7;44.0;92.2;6.4;1.7;1.4;0.3;0.6;0.8;0.3;0.0;0.0;0.6;0.6;0.3;0.8,36.16,0.08,0.09,2.29,14.987,0.801,34912.0,90039.0,4,16,,,,,,,,,,,,,,,,,,,,,,,,,,,,,,,,,,,,,,,,,,,,,,,,,,,,,,,,,,,,,
42,8,,,,,,,96,91,68,17,213.6,2730,10801,36,0,14.7,15.0;3.9;6.9;12.5;3.9;4.4;26.3;84.3;37.4;39.0;74.0;34.2;2.5;1.4;0.3;0.6;0.3;0.8;0.6;0.3;1.7;1.1;0.3;2.2,36.12,0.08,0.01,1.82,14.987,0.801,28613.0,31396.0,4,16,,,,,,,,,,,,,,,,,,,,,,,,,,,,,,,,,,,,,,,,,,,,,,,,,,,,,,,,,,,,,
42,9,,,,,,,100,97,67,17,224.9,2730,10801,36,0,14.3,17.6;4.2;11.6;9.7;3.6;5.6;46.1;56.1;25.3;28.8;54.9;63.2;2.8;2.0;0.3;0.6;2.2;2.5;0.3;0.0;1.4;1.7;0.6;1.4,36.1,0.08,0.0,1.47,14.987,0.801,74511.0,90087.0,4,16,,,,,,,,,,,,,,,,,,,,,,,,,,,,,,,,,,,,,,,,,,,,,,,,,,,,,,,,,,,,,
42,10,,,,,,,97,86,67,18,225.0,2730,10801,36,0,10.8,11.6;0.6;5.9;2.0;2.0;1.4;56.3;45.4;18.2;10.4;76.5;25.4;1.1;0.0;0.0;0.0;0.6;0.0;0.0;0.0;0.0;0.3;0.3;1.1,36.08,0.08,0.0,3.33,14.987,0.801,5419.0,33300.0,4,16,,,,,,,,,,,,,,,,,,,,,,,,,,,,,,,,,,,,,,,,,,,,,,,,,,,,,,,,,,,,,
42,11,,,,,,,100,100,66,18,225.0,2730,10801,36,0,11.8,14.3;1.7;6.7;3.4;5.0;5.1;11.7;80.0;23.3;20.0;95.0;6.8;1.7;3.4;0.0;0.0;0.0;0.0;0.0;0.0;0.0;0.0;0.0;0.0,36.11,0.08,0.0,0.03,14.987,0.801,683.0,2050.0,4,16,,,,,,,,,,,,,,,,,,,,,,,,,,,,,,,,,,,,,,,,,,,,,,,,,,,,,,,,,,,,,
42,summary,0.41899757554928396,0.9712233313479106,0.4591127380674183,0.963440422936153,0.00090329,55.8,,,,,,,,,,,,,,,,,,,,,,6,89.36,100,0,84.82,100,59,66.09,68,16,17.91,25,149.7,215.72,225.0,2731.4,10801.0,36.0,0,10.8,18.13,58.4,36.08,36.16,36.27,63.16,0.08,0.08,0.08,19.04,0.0,0.02,0.14,0.03,2.71,5.39,11.335,14.186,14.987,14.99,14.987,15.992,0.801,0.8,0.801,683.0,27582.91,74511.0,2050.0,65620.09,120849.0,4,4.0,4,16,16.0,16,4,16,42.3,9.46
43,1,,,,,,,3,0,59,25,142.4,2745,10801,36,0,58.1,89.1;87.5;94.1;91.7;93.4;94.4;99.0;99.3;87.1;83.7;99.3;76.4;58.1;56.4;6.6;8.6;39.6;44.7;3.8;4.2;26.5;23.5;15.6;14.2,36.34,0.08,0.0,1.85,14.987,0.801,33544.0,304541.0,4,16,,,,,,,,,,,,,,,,,,,,,,,,,,,,,,,,,,,,,,,,,,,,,,,,,,,,,,,,,,,,,
43,2,,,,,,,100,93,67,18,225.0,2730,10801,36,0,14.5,16.8;1.7;13.9;7.8;6.1;2.8;56.1;54.7;28.2;52.9;95.3;3.6;2.0;1.7;0.0;0.0;1.1;0.0;0.0;0.0;0.8;0.8;0.0;1.1,36.22,0.08,0.0,5.91,14.987,0.801,40673.0,10107.0,4,16,,,,,,,,,,,,,,,,,,,,,,,,,,,,,,,,,,,,,,,,,,,,,,,,,,,,,,,,,,,,,
43,3,,,,,,,100,91,66,18,224.1,2730,10801,36,0,13.8,15.5;1.4;12.1;5.0;2.5;1.7;24.9;82.9;30.6;44.2;78.8;27.8;0.8;0.8;0.0;0.3;0.0;0.3;0.0;0.0;0.0;0.0;0.0;0.6,36.2,0.08,0.01,4.31,14.987,0.801,40234.0,22998.0,4,16,,,,,,,,,,,,,,,,,,,,,,,,,,,,,,,,,,,,,,,,,,,,,,,,,,,,,,,,,,,,,
43,4,,,,,,,100,92,66,18,224.7,2730,10801,36,0,14.8,14.4;1.4;14.5;10.3;5.6;2.0;52.8;60.2;27.9;45.7;94.4;15.6;1.9;0.6;0.3;0.3;2.0;1.7;0.6;0.0;0.6;0.6;0.3;0.8,36.19,0.08,0.0,3.47,14.987,0.801,32275.0,10644.0,4,16,,,,,,,,,,,,,,,,,,,,,,,,,,,,,,,,,,,,,,,,,,,,,,,,,,,,,,,,,,,,,
43,5,,,,,,,97,93,68,17,224.5,2730,10801,36,0,14.7,17.7;3.1;10.4;9.5;3.9;2.5;47.6;49.0;29.5;51.4;76.8;42.9;2.0;2.0;0.0;0.0;0.8;0.3;0.0;0.3;0.8;0.6;0.8;0.8,36.15,0.08,0.0,2.93,14.987,0.801,14648.0,26806.0,4,16,,,,,,,,,,,,,,,,,,,,,,,,,,,,,,,,,,,,,,,,,,,,,,,,,,,,,,,,,,,,,
43,6,,,,,,,100,93,65,17,224.1,2730,10801,36,0,14.8,15.4;2.8;10.1;9.8;3.9;3.9;34.1;70.1;21.8;38.4;76.2;56.0;1.7;1.4;0.6;0.6;0.3;0.3;0.0;0.0;1.4;0.6;0.3;4.9,36.15,0.08,0.0,2.19,14.987,0.801,14746.0,12304.0,4,16,,,,,,,,,,,,,,,,,,,,,,,,,,,,,,,,,,,,,,,,,,,,,,,,,,,,,,,,,,,,,
43,7,,,,,,,96,83,66,17,224.4,2730,10801,36,0,14.6,14.6;2.5;9.6;6.9;4.4;3.0;76.5;29.4;34.3;44.0;78.3;39.6;1.4;1.4;0.0;0.0;0.3;0.5;0.5;0.5;0.3;0.0;0.5;1.9,36.14,0.08,0.0,1.98,14.987,0.801,43310.0,11914.0,4,16,,,,,,,,,,,,,,,,,,,,,,,,,,,,,,,,,,,,,,,,,,,,,,,,,,,,,,,,,,,,,
43,8,,,,,,,96,93,66,16,224.1,2730,10801,36,0,14.1,14.1;1.4;6.4;7.0;1.1;2.5;73.2;61.7;11.7;46.9;99.7;0.3;0.6;1.7;0.0;0.3;3.1;2.8;0.0;0.0;0.8;0.3;0.0;1.9,36.14,0.08,0.0,1.9,14.987,0.801,4296.0,34228.0,4,16,,,,,,,,,,,,,,,,,,,,,,,,,,,,,,,,,,,,,,,,,,,,,,,,,,,,,,,,,,,,,
43,9,,,,,,,100,100,67,18,225.1,2730,10801,36,0,13.3,16.4;1.4;8.4;7.0;2.8;4.5;78.4;26.7;15.4;43.2;54.2;56.2;1.1;2.2;0.0;0.0;0.0;0.8;0.0;0.0;0.0;0.0;0.0;0.6,36.11,0.08,0.01,1.53,14.987,0.801,8496.0,12011.0,4,16,,,,,,,,,,,,,,,,,,,,,,,,,,,,,,,,,,,,,,,,,,,,,,,,,,,,,,,,,,,,,
43,10,,,,,,,100,93,66,17,225.7,2730,10801,36,0,11.2,15.8;0.6;4.8;9.2;1.7;2.8;49.2;51.4;6.2;22.1;82.9;17.9;0.3;0.6;0.0;0.0;0.6;0.3;0.0;0.3;0.3;0.6;0.0;0.0,36.1,0.08,0.0,3.83,14.987,0.801,5761.0,60253.0,4,16,,,,,,,,,,,,,,,,,,,,,,,,,,,,,,,,,,,,,,,,,,,,,,,,,,,,,,,,,,,,,
43,11,,,,,,,100,100,67,17,225.0,2730,10801,36,0,12.2,25.4;0.0;3.5;7.0;1.8;3.5;64.9;29.8;7.0;40.4;19.3;80.7;1.8;0.0;0.0;0.0;1.8;1.8;0.0;0.0;0.0;0.0;1.8;0.0,36.13,0.08,0.02,0.04,14.987,0.801,488.0,2392.0,4,16,,,,,,,,,,,,,,,,,,,,,,,,,,,,,,,,,,,,,,,,,,,,,,,,,,,,,,,,,,,,,
43,summary,0.41695853495384144,0.9720485974065117,0.46235535372171327,0.9595363969093127,0.00089854,55.6,,,,,,,,,,,,,,,,,,,,,,3,90.18,100,0,84.64,100,59,65.73,68,16,18.0,25,142.4,217.19,225.7,2731.4,10801.0,36.0,0,11.2,17.83,58.1,36.1,36.17,36.34,63.16,0.08,0.08,0.08,19.04,0.0,0.0,0.02,0.04,2.72,5.91,11.334,14.186,14.987,14.99,14.987,15.992,0.801,0.8,0.801,488.0,21679.18,43310.0,2392.0,46199.82,304541.0,4,4.0,4,16,16.0,16,4,16,42.49,9.21
44,1,,,,,,,19,21,59,19,118.0,2745,10801,36,0,57.6,76.1;88.2;87.6;93.1;85.1;92.7;97.2;95.5;78.6;92.4;99.7;83.4;45.5;60.6;9.3;10.4;41.5;52.4;5.9;5.5;26.6;27.0;14.2;13.8,36.26,0.08,0.0,1.89,14.987,0.801,3955.0,234765.0,4,16,,,,,,,,,,,,,,,,,,,,,,,,,,,,,,,,,,,,,,,,,,,,,,,,,,,,,,,,,,,,,
44,2,,,,,,,96,93,65,18,224.2,2730,10801,36,0,14.8,17.3;2.5;12.9;12.3;6.0;4.1;71.2;36.4;31.9;41.8;85.2;21.4;2.5;2.2;0.0;0.3;0.3;0.8;0.3;0.0;2.5;0.5;0.8;0.8,36.22,0.08,0.0,5.31,14.987,0.801,7568.0,49658.0,4,16,,,,,,,,,,,,,,,,,,,,,,,,,,,,,,,,,,,,,,,,,,,,,,,,,,,,,,,,,,,,,
44,3,,,,,,,100,98,67,18,224.0,2730,10801,36,0,14.5,11.8;1.4;11.7;13.3;2.5;3.6;63.5;42.2;34.0;44.7;81.3;31.2;1.4;1.7;0.6;0.0;0.3;0.0;0.0;0.0;0.8;0.3;0.0;0.6,36.2,0.08,0.0,4.39,14.987,0.801,48583.0,143408.0,4,16,,,,,,,,,,,,,,,,,,,,,,,,,,,,,,,,,,,,,,,,,,,,,,,,,,,,,,,,,,,,,
44,4,,,,,,,96,82,66,19,223.4,2730,10801,36,0,14.7,14.5;3.4;11.2;9.2;1.7;5.6;73.1;57.8;28.9;37.3;99.4;0.8;2.2;2.0;0.3;0.3;0.6;1.4;0.0;0.3;0.6;0.6;0.8;0.8,36.18,0.08,0.0,3.51,14.987,0.801,5859.0,52099.0,4,16,,,,,,,,,,,,,,,,,,,,,,,,,,,,,,,,,,,,,,,,,,,,,,,,,,,,,,,,,,,,,
44,5,,,,,,,97,93,66,17,223.7,2730,10801,36,0,14.1,13.5;2.2;8.1;9.5;3.4;2.5;30.9;78.2;30.5;35.0;94.1;27.5;0.8;0.0;0.3;0.0;0.3;0.3;0.0;0.0;0.0;0.0;0.0;1.7,36.17,0.08,0.0,3.41,14.987,0.801,34912.0,11083.0,4,16,,,,,,,,,,,,,,,,,,,,,,,,,,,,,,,,,,,,,,,,,,,,,,,,,,,,,,,,,,,,,
44,6,,,,,,,99,93,66,18,224.6,2730,10801,36,0,14.0,14.8;0.3;11.2;7.7;1.9;1.4;58.0;41.4;37.9;30.5;62.2;65.1;1.1;0.5;0.0;0.0;0.8;0.0;0.3;0.0;0.0;0.0;0.0;0.5,36.16,0.08,0.0,2.17,14.987,0.801,4736.0,60791.0,4,16,,,,,,,,,,,,,,,,,,,,,,,,,,,,,,,,,,,,,,,,,,,,,,,,,,,,,,,,,,,,,
44,7,,,,,,,97,92,66,18,224.6,2730,10801,36,0,13.9,11.7;1.4;13.1;3.9;3.4;1.4;77.2;26.3;47.2;25.1;74.6;42.5;1.7;0.8;0.3;0.6;0.0;0.6;0.0;0.0;0.3;0.0;0.0;0.6,36.15,0.08,0.0,2.0,14.987,0.801,28808.0,21777.0,4,16,,,,,,,,,,,,,,,,,,,,,,,,,,,,,,,,,,,,,,,,,,,,,,,,,,,,,,,,,,,,,
44,8,,,,,,,100,90,67,17,224.6,2730,10801,36,0,14.2,13.9;1.1;14.7;7.3;3.6;1.4;59.6;71.5;42.1;16.5;93.0;13.1;0.8;0.0;0.0;0.0;0.0;0.3;0.3;0.0;0.6;0.0;0.3;0.0,36.15,0.08,0.0,1.87,14.987,0.801,4736.0,177880.0,4,16,,,,,,,,,,,,,,,,,,,,,,,,,,,,,,,,,,,,,,,,,,,,,,,,,,,,,,,,,,,,,
44,9,,,,,,,96,92,66,16,224.5,2730,10801,36,0,14.0,15.0;2.5;15.6;8.7;3.9;4.7;35.6;74.2;41.1;15.0;67.0;45.4;1.4;1.1;0.0;0.3;0.6;0.6;0.3;0.0;0.8;0.8;0.0;1.1,36.1,0.08,0.01,1.5,14.987,0.801,16406.0,13037.0,4,16,,,,,,,,,,,,,,,,,,,,,,,,,,,,,,,,,,,,,,,,,,,,,,,,,,,,,,,,,,,,,
44,10,,,,,,,100,91,68,17,224.7,2730,10801,36,0,10.8,13.9;1.1;4.1;3.3;2.8;1.1;72.7;27.8;19.0;8.8;99.7;0.8;0.3;0.3;0.3;0.0;0.0;0.3;0.6;0.6;0.6;0.0;0.0;1.4,36.08,0.08,0.0,3.27,14.987,0.801,43701.0,45751.0,4,16,,,,,,,,,,,,,,,,,,,,,,,,,,,,,,,,,,,,,,,,,,,,,,,,,,,,,,,,,,,,,
44,11,,,,,,,95,82,66,17,224.6,2730,10801,36,0,11.5,21.5;3.3;3.3;1.7;3.3;3.3;5.0;91.7;11.7;23.3;90.0;6.7;1.7;1.7;0.0;0.0;0.0;1.7;0.0;0.0;3.3;0.0;0.0;1.7,36.12,0.08,0.0,0.16,14.987,0.801,1074.0,292.0,4,16,,,,,,,,,,,,,,,,,,,,,,,,,,,,,,,,,,,,,,,,,,,,,,,,,,,,,,,,,,,,,
44,summary,0.4158334694444799,0.9723284702437764,0.4641140999470168,0.9561610410736071,0.00089370,55.8,,,,,,,,,,,,,,,,,,,,,,19,90.45,100,21,84.27,98,59,65.64,68,16,17.64,19,118.0,214.63,224.7,2731.4,10801.0,36.0,0,10.8,17.65,57.6,36.08,36.16,36.26,63.16,0.08,0.08,0.08,19.04,0.0,0.0,0.01,0.16,2.68,5.31,11.335,14.186,14.987,14.99,14.987,15.992,0.801,0.8,0.801,1074.0,18212.55,48583.0,292.0,73685.55,234765.0,4,4.0,4,16,16.0,16,4,16,42.18,9.65
45,1,,,,,,,8,8,59,25,119.1,2745,10801,36,0,59.2,83.7;80.1;92.5;90.3;90.7;92.8;96.9;98.3;86.2;80.1;91.4;79.7;57.5;57.5;12.7;13.7;47.8;43.3;10.3;11.3;30.3;31.8;23.8;19.7,36.25,0.08,0.0,1.82,14.987,0.801,3515.0,229443.0,4,16,,,,,,,,,,,,,,,,,,,,,,,,,,,,,,,,,,,,,,,,,,,,,,,,,,,,,,,,,,,,,
45,2,,,,,,,100,92,66,18,224.1,2730,10801,36,0,14.2,12.0;1.4;13.4;7.0;3.9;1.7;56.0;63.3;41.9;32.2;81.5;21.3;1.1;0.8;0.0;0.0;0.3;0.6;0.8;0.0;0.3;0.3;0.0;0.6,36.22,0.08,0.03,5.42,14.987,0.801,32128.0,49414.0,4,16,,,,,,,,,,,,,,,,,,,,,,,,,,,,,,,,,,,,,,,,,,,,,,,,,,,,,,,,,,,,,
45,3,,,,,,,96,93,66,18,224.4,2730,10801,36,0,14.9,16.4;0.8;14.5;7.0;3.4;3.9;74.4;39.1;57.1;23.4;79.1;27.9;1.4;0.6;0.6;0.0;0.6;0.8;0.3;0.0;1.1;0.8;0.8;2.5,36.2,0.08,0.02,4.43,14.987,0.801,8642.0,10937.0,4,16,,,,,,,,,,,,,,,,,,,,,,,,,,,,,,,,,,,,,,,,,,,,,,,,,,,,,,,,,,,,,
45,4,,,,,,,100,91,68,16,224.3,2730,10801,36,0,14.6,14.2;2.2;11.4;8.6;3.6;4.2;44.1;55.3;46.9;29.8;72.6;47.9;1.7;1.7;0.0;0.0;1.7;1.1;0.3;0.3;0.6;0.6;0.0;0.6,36.18,0.08,0.03,3.42,14.987,0.801,35400.0,20605.0,4,16,,,,,,,,,,,,,,,,,,,,,,,,,,,,,,,,,,,,,,,,,,,,,,,,,,,,,,,,,,,,,
45,5,,,,,,,100,100,67,18,224.7,2730,10801,36,0,15.3,17.2;3.6;12.9;10.2;6.1;5.5;68.2;58.1;32.0;30.4;84.3;21.2;2.2;1.9;0.8;1.4;1.9;1.4;0.6;0.6;2.2;1.4;1.7;1.7,36.17,0.08,0.01,2.89,14.987,0.801,29492.0,17382.0,4,16,,,,,,,,,,,,,,,,,,,,,,,,,,,,,,,,,,,,,,,,,,,,,,,,,,,,,,,,,,,,,
45,6,,,,,,,100,97,67,18,224.3,2730,10801,36,0,14.8,14.5;1.9;5.6;12.0;3.4;4.7;56.3;43.9;41.9;31.2;54.5;73.5;1.7;1.9;0.6;0.3;0.8;2.0;0.0;0.0;0.8;0.8;1.9;1.7,36.15,0.08,0.0,2.19,14.987,0.801,8886.0,10986.0,4,16,,,,,,,,,,,,,,,,,,,,,,,,,,,,,,,,,,,,,,,,,,,,,,,,,,,,,,,,,,,,,
45,7,,,,,,,96,84,67,18,223.8,2730,10801,36,0,14.5,12.2;2.2;8.9;5.8;3.1;4.7;52.6;59.4;38.0;41.2;84.7;27.4;1.4;2.0;0.0;0.0;0.6;0.8;0.0;0.0;0.0;0.3;0.3;1.4,36.13,0.08,0.0,2.01,14.987,0.801,4394.0,47753.0,4,16,,,,,,,,,,,,,,,,,,,,,,,,,,,,,,,,,,,,,,,,,,,,,,,,,,,,,,,,,,,,,
45,8,,,,,,,96,92,66,17,224.6,2730,10801,36,0,14.1,12.7;1.4;7.3;8.4;2.5;3.4;33.5;79.0;42.5;40.5;69.0;33.6;0.8;0.3;0.3;0.6;0.6;0.8;0.0;0.0;0.0;0.3;0.0;1.1,36.12,0.08,0.0,1.83,14.987,0.801,4785.0,23925.0,4,16,,,,,,,,,,,,,,,,,,,,,,,,,,,,,,,,,,,,,,,,,,,,,,,,,,,,,,,,,,,,,
45,9,,,,,,,96,92,68,16,224.6,2730,10801,36,0,13.5,11.8;2.2;11.0;11.9;2.8;5.2;56.2;42.0;22.4;33.9;52.2;66.8;0.3;1.1;0.0;0.0;0.3;1.1;0.0;0.0;0.8;1.1;0.8;1.1,36.11,0.08,0.1,1.78,14.987,0.801,9521.0,61230.0,4,16,,,,,,,,,,,,,,,,,,,,,,,,,,,,,,,,,,,,,,,,,,,,,,,,,,,,,,,,,,,,,
45,10,,,,,,,97,92,67,16,224.7,2730,10801,36,0,11.1,16.1;0.3;4.2;3.6;1.7;3.1;14.8;86.7;6.4;24.4;97.2;3.9;0.3;0.3;0.0;0.0;0.3;0.8;0.0;0.0;0.0;0.0;0.3;0.6,36.09,0.08,0.01,3.31,14.987,0.801,20703.0,87060.0,4,16,,,,,,,,,,,,,,,,,,,,,,,,,,,,,,,,,,,,,,,,,,,,,,,,,,,,,,,,,,,,,
45,11,,,,,,,96,90,67,16,224.7,2730,10801,36,0,12.3,19.7;0.0;7.1;10.7;1.8;1.8;46.4;51.8;14.3;39.3;66.1;33.9;0.0;0.0;0.0;0.0;1.8;0.0;0.0;0.0;0.0;0.0;0.0;0.0,36.12,0.08,0.0,0.07,14.987,0.801,1611.0,0.0,4,16,,,,,,,,,,,,,,,,,,,,,,,,,,,,,,,,,,,,,,,,,,,,,,,,,,,,,,,,,,,,,
45,summary,0.41279457356890614,0.9731322076225879,0.455539872778194,0.9616510776738512,0.00088875,55.7,,,,,,,,,,,,,,,,,,,,,,8,89.55,100,8,84.64,100,59,66.18,68,16,17.82,25,119.1,214.85,224.7,2731.4,10801.0,36.0,0,11.1,18.05,59.2,36.09,36.16,36.25,63.16,0.08,0.08,0.08,19.04,0.0,0.02,0.1,0.07,2.65,5.42,11.335,14.186,14.987,14.99,14.987,15.992,0.801,0.8,0.801,1611.0,14461.55,35400.0,0.0,50794.09,229443.0,4,4.0,4,16,16.0,16,4,16,42.29,9.43
