epoch,sample_point,train_loss,train_acc,val_loss,val_acc,lr,epoch_time_s,cuda_util_pct,cuda_mem_util_pct,gpu_temp_c,gpu_temp_tlimit_c,gpu_power_w,gpu_clock_sm_mhz,gpu_clock_mem_mhz,gpu_fan_pct,gpu_throttled,cpu_pct,cpu_pct_per_core,ram_used_gb,swap_used_gb,disk_read_mb_s,disk_write_mb_s,nvsmi_vram_used_gb,vram_other_processes_gb,pcie_tx_kb_s,pcie_rx_kb_s,pcie_link_gen_current,pcie_link_width_current,cuda_util_pct_min,cuda_util_pct_avg,cuda_util_pct_max,cuda_mem_util_pct_min,cuda_mem_util_pct_avg,cuda_mem_util_pct_max,gpu_temp_c_min,gpu_temp_c_avg,gpu_temp_c_max,gpu_temp_tlimit_c_min,gpu_temp_tlimit_c_avg,gpu_temp_tlimit_c_max,gpu_power_w_min,gpu_power_w_avg,gpu_power_w_max,gpu_clock_sm_mhz_avg,gpu_clock_mem_mhz_avg,gpu_fan_pct_avg,gpu_throttled_any,cpu_pct_min,cpu_pct_avg,cpu_pct_max,ram_used_gb_min,ram_used_gb_avg,ram_used_gb_max,ram_total_gb,swap_used_gb_min,swap_used_gb_avg,swap_used_gb_max,swap_total_gb,disk_read_mb_s_min,disk_read_mb_s_avg,disk_read_mb_s_max,disk_write_mb_s_min,disk_write_mb_s_avg,disk_write_mb_s_max,vram_peak_alloc_gb,vram_peak_reserved_gb,nvsmi_vram_used_gb_min,nvsmi_vram_used_gb_avg,nvsmi_vram_used_gb_max,nvsmi_vram_total_gb,vram_other_processes_gb_min,vram_other_processes_gb_avg,vram_other_processes_gb_max,pcie_tx_kb_s_min,pcie_tx_kb_s_avg,pcie_tx_kb_s_max,pcie_rx_kb_s_min,pcie_rx_kb_s_avg,pcie_rx_kb_s_max,pcie_link_gen_current_min,pcie_link_gen_current_avg,pcie_link_gen_current_max,pcie_link_width_current_min,pcie_link_width_current_avg,pcie_link_width_current_max,pcie_link_gen_max,pcie_link_width_max,data_wait_s,compute_s
1,1,,,,,,,100,48,59,28,61.9,2745,10801,30,0,13.2,7.9;5.1;9.7;14.7;6.1;7.0;45.1;46.3;14.9;31.8;73.2;19.8;4.1;3.9;2.3;2.1;3.6;3.3;1.7;1.8;3.2;3.4;2.9;3.6,33.15,0.12,0.01,0.63,14.952,0.735,3857.0,17529.0,4,16,,,,,,,,,,,,,,,,,,,,,,,,,,,,,,,,,,,,,,,,,,,,,,,,,,,,,,,,,,,,,
1,2,,,,,,,98,76,63,28,235.0,2745,10801,30,0,19.8,8.8;2.8;16.9;13.3;6.9;6.2;80.0;79.3;65.8;40.0;86.2;50.2;1.9;2.1;1.1;0.4;1.4;1.6;3.0;1.4;0.7;1.0;1.5;1.6,33.21,0.12,0.0,0.12,14.954,0.737,1513.0,5957.0,4,16,,,,,,,,,,,,,,,,,,,,,,,,,,,,,,,,,,,,,,,,,,,,,,,,,,,,,,,,,,,,,
1,3,,,,,,,100,83,63,21,234.3,2745,10801,31,0,19.6,7.5;2.7;18.0;13.4;6.4;5.9;91.4;87.2;46.4;53.1;81.6;37.6;2.3;3.4;0.4;0.5;1.0;1.6;1.4;4.6;0.9;1.1;0.7;1.6,33.21,0.12,0.0,0.06,14.954,0.737,634.0,1416.0,4,16,,,,,,,,,,,,,,,,,,,,,,,,,,,,,,,,,,,,,,,,,,,,,,,,,,,,,,,,,,,,,
1,4,,,,,,,100,49,68,20,238.0,2745,10801,33,0,19.9,8.4;4.0;19.4;21.7;5.4;8.1;70.5;77.4;41.2;59.7;93.9;49.0;2.0;3.1;1.4;0.6;2.0;1.9;1.7;1.0;0.7;1.0;1.0;1.1,33.2,0.12,0.0,0.06,14.954,0.737,1025.0,146.0,4,16,,,,,,,,,,,,,,,,,,,,,,,,,,,,,,,,,,,,,,,,,,,,,,,,,,,,,,,,,,,,,
1,5,,,,,,,100,49,69,19,241.8,2745,10801,34,0,19.7,6.2;4.2;14.1;19.4;4.7;5.8;58.2;69.4;43.3;61.6;95.9;69.0;2.1;3.0;0.7;1.4;1.4;1.1;3.0;2.0;1.9;1.6;1.2;1.6,33.2,0.12,0.0,0.06,14.954,0.737,341.0,25585.0,4,16,,,,,,,,,,,,,,,,,,,,,,,,,,,,,,,,,,,,,,,,,,,,,,,,,,,,,,,,,,,,,
1,6,,,,,,,100,69,68,23,241.8,2730,10801,34,0,14.9,4.1;1.9;10.5;9.5;3.8;3.8;51.2;65.9;35.1;31.2;90.7;38.8;1.1;1.1;0.3;0.3;0.5;0.3;3.3;0.5;0.4;0.5;0.4;1.3,33.2,0.12,0.0,0.21,14.954,0.737,292.0,488.0,4,16,,,,,,,,,,,,,,,,,,,,,,,,,,,,,,,,,,,,,,,,,,,,,,,,,,,,,,,,,,,,,
1,7,,,,,,,100,87,65,17,239.0,2730,10801,35,0,11.1,5.5;1.9;5.0;2.0;2.3;1.7;57.9;43.1;19.9;6.9;54.3;54.2;0.7;1.9;0.9;0.9;0.1;0.3;3.8;1.0;0.4;0.0;0.3;0.4,33.23,0.12,0.0,0.08,14.958,0.737,0.0,1513.0,4,16,,,,,,,,,,,,,,,,,,,,,,,,,,,,,,,,,,,,,,,,,,,,,,,,,,,,,,,,,,,,,
1,summary,1.0801397805343707,0.7180176159290262,0.3343845438957214,0.9901111111111112,0.00100000,138.5,,,,,,,,,,,,,,,,,,,,,,98,99.71,100,48,65.86,87,59,65.0,69,17,22.29,28,61.9,213.11,241.8,2740.7,10801.0,32.4,0,11.1,16.89,19.9,33.15,33.2,33.23,63.16,0.12,0.12,0.12,17.01,0.0,0.0,0.01,0.06,0.17,0.63,11.268,14.221,14.952,14.95,14.958,15.992,0.735,0.74,0.737,0.0,1094.57,3857.0,146.0,7519.14,25585.0,4,4.0,4,16,16.0,16,4,16,47.7,73.19
2,1,,,,,,,100,57,67,19,107.4,2730,10801,36,0,41.6,33.9;30.2;60.7;60.7;44.6;37.8;89.9;84.5;80.2;78.0;94.8;65.0;26.7;26.2;15.1;14.8;22.3;22.6;13.6;15.8;21.8;22.4;19.9;17.6,33.09,0.12,0.0,0.09,13.979,0.0,1123.0,1464.0,4,16,,,,,,,,,,,,,,,,,,,,,,,,,,,,,,,,,,,,,,,,,,,,,,,,,,,,,,,,,,,,,
2,2,,,,,,,100,77,70,16,240.7,2730,10801,36,0,23.6,11.7;7.8;29.9;16.9;12.8;10.4;70.0;80.4;67.0;45.5;90.3;56.8;7.9;6.8;3.5;4.8;4.8;4.8;7.3;5.5;5.3;5.3;4.5;4.9,33.35,0.12,0.0,4.36,13.979,0.0,48.0,1464.0,4,16,,,,,,,,,,,,,,,,,,,,,,,,,,,,,,,,,,,,,,,,,,,,,,,,,,,,,,,,,,,,,
2,3,,,,,,,100,82,67,16,240.1,2730,10801,36,0,18.0,4.1;2.4;15.5;11.7;3.0;4.7;80.2;72.0;56.2;47.7;86.3;44.0;1.6;1.1;0.0;0.1;0.0;0.4;0.0;0.0;0.0;0.0;0.0;0.9,33.33,0.12,0.0,2.09,13.979,0.0,15429.0,16992.0,4,16,,,,,,,,,,,,,,,,,,,,,,,,,,,,,,,,,,,,,,,,,,,,,,,,,,,,,,,,,,,,,
2,4,,,,,,,98,76,66,15,239.4,2730,10801,36,0,18.4,5.7;2.6;13.4;11.7;4.2;5.5;55.8;62.9;50.3;50.5;94.3;77.2;2.0;1.3;0.0;0.5;0.1;1.3;0.1;0.0;0.5;1.1;0.4;1.0,33.27,0.12,0.01,2.73,13.979,0.0,2197.0,97.0,4,16,,,,,,,,,,,,,,,,,,,,,,,,,,,,,,,,,,,,,,,,,,,,,,,,,,,,,,,,,,,,,
2,5,,,,,,,100,56,69,16,244.0,2730,10801,37,0,18.4,4.1;2.0;9.8;17.6;3.5;5.9;78.2;81.7;33.8;67.8;91.3;39.1;0.8;2.0;0.1;0.0;0.3;0.8;0.0;0.0;0.1;0.1;0.3;1.3,33.29,0.12,0.0,0.06,13.979,0.0,1074.0,1416.0,4,16,,,,,,,,,,,,,,,,,,,,,,,,,,,,,,,,,,,,,,,,,,,,,,,,,,,,,,,,,,,,,
2,6,,,,,,,100,61,72,13,242.6,2730,10801,37,0,13.7,3.8;1.3;7.8;7.8;2.5;4.5;54.9;49.4;28.4;26.0;94.7;42.7;0.9;1.1;0.3;0.1;0.3;0.1;0.1;0.1;0.1;0.4;0.1;0.6,33.27,0.12,0.0,0.08,13.979,0.0,1416.0,0.0,4,16,,,,,,,,,,,,,,,,,,,,,,,,,,,,,,,,,,,,,,,,,,,,,,,,,,,,,,,,,,,,,
2,7,,,,,,,100,82,69,21,242.4,2730,10801,37,0,10.7,3.3;1.2;5.5;2.5;2.5;2.8;62.9;40.8;19.1;9.7;99.4;1.9;0.6;0.3;0.0;0.0;0.6;0.1;0.1;0.1;0.4;0.4;0.4;2.6,33.25,0.12,0.0,0.05,13.983,0.0,341.0,0.0,4,16,,,,,,,,,,,,,,,,,,,,,,,,,,,,,,,,,,,,,,,,,,,,,,,,,,,,,,,,,,,,,
2,summary,0.4999105620124922,0.9335736471531237,0.30846298837661745,0.9945555555555555,0.00100000,92.2,,,,,,,,,,,,,,,,,,,,,,98,99.71,100,56,70.14,82,66,68.57,72,13,16.57,21,107.4,222.37,244.0,2730.0,10801.0,36.4,0,10.7,20.63,41.6,33.09,33.26,33.35,63.16,0.12,0.12,0.12,17.01,0.0,0.0,0.01,0.05,1.35,4.36,11.269,14.221,13.979,13.98,13.983,15.992,0.0,0.0,0.0,48.0,3089.71,15429.0,0.0,3061.86,16992.0,4,4.0,4,16,16.0,16,4,16,2.45,71.95
3,1,,,,,,,100,83,68,18,127.7,2730,10801,37,0,40.5,32.3;29.0;62.0;57.4;41.7;34.0;93.2;93.8;76.1;69.7;93.4;63.6;26.0;25.4;13.8;15.8;20.8;21.5;11.6;11.7;20.4;21.5;19.9;17.0,33.17,0.12,0.0,0.05,15.416,0.715,0.0,1367.0,4,16,,,,,,,,,,,,,,,,,,,,,,,,,,,,,,,,,,,,,,,,,,,,,,,,,,,,,,,,,,,,,
3,2,,,,,,,100,81,72,15,239.8,2730,10801,37,0,22.1,10.0;6.1;28.2;17.0;11.8;7.2;73.1;72.6;54.4;53.3;92.2;56.4;6.1;5.4;3.7;3.5;4.0;4.0;2.7;2.9;3.9;3.7;3.8;4.3,33.38,0.12,0.0,3.69,15.44,0.739,732.0,1611.0,4,16,,,,,,,,,,,,,,,,,,,,,,,,,,,,,,,,,,,,,,,,,,,,,,,,,,,,,,,,,,,,,
3,3,,,,,,,100,83,71,17,241.6,2730,10801,37,0,18.1,5.1;1.8;15.0;10.0;3.3;4.5;67.8;70.3;57.9;41.9;84.5;66.6;2.0;1.6;0.0;0.1;0.6;0.5;0.0;0.0;0.4;0.1;0.4;0.5,33.38,0.12,0.0,2.44,15.44,0.739,244.0,1562.0,4,16,,,,,,,,,,,,,,,,,,,,,,,,,,,,,,,,,,,,,,,,,,,,,,,,,,,,,,,,,,,,,
3,4,,,,,,,100,49,70,16,242.6,2730,10801,37,0,18.8,4.4;2.9;19.4;15.2;3.5;5.3;69.4;70.3;42.0;61.4;93.1;58.3;1.4;1.8;0.0;0.4;0.3;0.9;0.1;0.1;0.1;0.8;0.3;0.8,33.31,0.12,0.0,1.5,15.44,0.739,585.0,8398.0,4,16,,,,,,,,,,,,,,,,,,,,,,,,,,,,,,,,,,,,,,,,,,,,,,,,,,,,,,,,,,,,,
3,5,,,,,,,100,72,69,18,242.9,2730,10801,38,0,19.4,4.9;4.4;18.6;14.6;4.7;5.8;85.9;55.9;56.0;52.0;93.7;55.2;1.9;2.4;0.4;0.1;1.0;1.1;0.8;0.4;0.6;1.6;1.4;2.0,33.32,0.12,0.02,2.23,15.44,0.739,585.0,6738.0,4,16,,,,,,,,,,,,,,,,,,,,,,,,,,,,,,,,,,,,,,,,,,,,,,,,,,,,,,,,,,,,,
3,6,,,,,,,100,88,66,15,240.9,2730,10801,38,0,13.8,2.9;1.5;7.8;9.3;2.1;2.7;62.9;77.5;35.3;23.4;90.9;9.0;0.9;0.8;0.1;0.1;0.4;0.6;0.0;0.3;0.1;0.0;0.1;2.1,33.29,0.12,0.0,0.07,15.44,0.739,1318.0,1513.0,4,16,,,,,,,,,,,,,,,,,,,,,,,,,,,,,,,,,,,,,,,,,,,,,,,,,,,,,,,,,,,,,
3,7,,,,,,,98,73,71,13,240.9,2730,10801,38,0,9.9,1.7;0.7;2.8;2.3;0.4;1.5;61.4;39.0;15.8;9.6;59.6;41.0;0.7;0.4;0.0;0.0;0.3;0.1;0.0;0.3;0.0;0.0;0.0;0.6,33.29,0.12,0.01,0.1,15.444,0.739,2783.0,1464.0,4,16,,,,,,,,,,,,,,,,,,,,,,,,,,,,,,,,,,,,,,,,,,,,,,,,,,,,,,,,,,,,,
3,summary,0.4144070260106947,0.9614139196808366,0.3002357749938965,0.9961111111111111,0.00100000,92.2,,,,,,,,,,,,,,,,,,,,,,98,99.71,100,49,75.57,88,66,69.57,72,13,16.0,18,127.7,225.2,242.9,2730.0,10801.0,37.4,0,9.9,20.37,40.5,33.17,33.31,33.38,63.16,0.12,0.12,0.12,18.02,0.0,0.0,0.02,0.05,1.44,3.69,11.269,14.705,15.416,15.44,15.444,15.992,0.715,0.74,0.739,0.0,892.43,2783.0,1367.0,3236.14,8398.0,4,4.0,4,16,16.0,16,4,16,2.5,71.98
4,1,,,,,,,32,25,63,21,64.3,2745,10801,38,0,40.2,32.9;28.6;61.2;59.1;42.3;38.0;96.4;94.2;74.0;75.1;94.5;47.5;25.8;25.1;13.2;13.5;23.2;22.8;9.8;8.9;20.8;21.1;19.6;17.4,33.22,0.12,0.0,0.07,15.44,0.735,1464.0,1416.0,4,16,,,,,,,,,,,,,,,,,,,,,,,,,,,,,,,,,,,,,,,,,,,,,,,,,,,,,,,,,,,,,
4,2,,,,,,,100,82,70,16,240.7,2730,10801,38,0,22.2,8.9;7.2;27.4;17.1;9.3;9.8;84.0;86.1;38.1;69.8;94.4;32.7;5.3;5.5;3.0;3.1;4.3;4.7;3.1;3.8;3.4;3.8;2.4;4.3,33.41,0.12,0.01,3.73,15.44,0.735,0.0,1367.0,4,16,,,,,,,,,,,,,,,,,,,,,,,,,,,,,,,,,,,,,,,,,,,,,,,,,,,,,,,,,,,,,
4,3,,,,,,,100,46,71,14,242.7,2730,10801,38,0,18.3,6.1;2.1;12.1;10.6;5.5;4.2;63.3;82.1;43.3;57.6;90.4;53.8;1.1;2.1;0.1;0.4;0.6;1.1;0.5;0.3;0.5;0.8;0.4;1.0,33.35,0.12,0.0,2.38,15.44,0.735,5664.0,1464.0,4,16,,,,,,,,,,,,,,,,,,,,,,,,,,,,,,,,,,,,,,,,,,,,,,,,,,,,,,,,,,,,,
4,4,,,,,,,100,68,68,16,242.6,2730,10801,38,0,18.8,3.7;3.5;15.0;23.0;3.5;5.3;75.5;76.2;59.6;41.0;93.3;45.9;1.3;1.0;0.3;0.3;0.3;0.6;0.3;0.1;0.4;0.3;0.3;1.8,33.33,0.12,0.0,1.49,15.44,0.735,585.0,0.0,4,16,,,,,,,,,,,,,,,,,,,,,,,,,,,,,,,,,,,,,,,,,,,,,,,,,,,,,,,,,,,,,
4,5,,,,,,,100,85,68,17,241.1,2730,10801,38,0,18.5,4.9;2.5;18.8;13.5;2.4;5.8;65.3;75.8;45.2;57.9;96.1;48.7;1.3;2.1;0.3;0.1;0.4;0.6;0.1;0.3;0.0;0.3;0.5;1.0,33.31,0.12,0.0,1.62,15.44,0.735,244.0,1416.0,4,16,,,,,,,,,,,,,,,,,,,,,,,,,,,,,,,,,,,,,,,,,,,,,,,,,,,,,,,,,,,,,
4,6,,,,,,,99,74,69,13,243.3,2730,10801,38,0,14.0,2.9;1.9;9.1;9.6;2.9;3.5;57.0;65.4;27.4;34.5;94.0;19.1;1.4;0.9;0.1;0.0;0.9;0.3;0.4;0.4;0.5;0.8;0.5;1.8,33.29,0.12,0.03,0.18,15.44,0.735,1269.0,97.0,4,16,,,,,,,,,,,,,,,,,,,,,,,,,,,,,,,,,,,,,,,,,,,,,,,,,,,,,,,,,,,,,
4,7,,,,,,,100,83,69,13,241.4,2730,10801,38,0,10.2,2.8;0.7;2.6;3.1;1.2;1.5;64.1;38.6;10.4;15.1;97.2;3.4;0.4;0.9;0.0;0.3;0.1;0.1;0.0;0.1;0.1;0.1;0.0;0.3,33.31,0.12,0.0,0.06,15.444,0.739,976.0,1562.0,4,16,,,,,,,,,,,,,,,,,,,,,,,,,,,,,,,,,,,,,,,,,,,,,,,,,,,,,,,,,,,,,
4,summary,0.3866376027907204,0.9704131636714729,0.2963969497680664,0.9968888888888889,0.00100000,91.7,,,,,,,,,,,,,,,,,,,,,,32,90.14,100,25,66.14,85,63,68.29,71,13,15.71,21,64.3,216.59,243.3,2732.1,10801.0,38.0,0,10.2,20.31,40.2,33.22,33.32,33.41,63.16,0.12,0.12,0.12,18.02,0.0,0.01,0.03,0.06,1.36,3.73,11.269,14.705,15.44,15.44,15.444,15.992,0.735,0.74,0.739,0.0,1457.43,5664.0,0.0,1046.0,1562.0,4,4.0,4,16,16.0,16,4,16,2.61,71.95
5,1,,,,,,,100,58,69,17,110.5,2730,10801,38,0,41.4,33.1;33.1;56.3;61.9;39.8;38.8;85.0;90.9;77.0;70.2;92.9;74.2;26.5;27.3;13.6;16.5;22.6;25.5;12.7;11.5;22.4;22.1;20.9;18.7,33.21,0.12,0.01,0.08,15.44,0.735,0.0,1464.0,4,16,,,,,,,,,,,,,,,,,,,,,,,,,,,,,,,,,,,,,,,,,,,,,,,,,,,,,,,,,,,,,
5,2,,,,,,,100,75,70,19,241.3,2730,10801,38,0,22.5,9.9;6.6;30.2;23.2;8.8;10.4;85.4;72.4;47.6;63.9;87.5;48.1;4.6;6.3;2.9;2.8;3.5;3.8;2.4;2.9;5.1;4.3;3.0;5.1,33.38,0.12,0.0,3.71,15.44,0.735,585.0,1464.0,4,16,,,,,,,,,,,,,,,,,,,,,,,,,,,,,,,,,,,,,,,,,,,,,,,,,,,,,,,,,,,,,
5,3,,,,,,,100,85,68,15,240.9,2730,10801,38,0,18.3,4.1;1.8;20.5;13.7;3.7;4.2;63.1;69.3;37.6;60.0;87.8;66.5;1.3;1.3;0.1;0.0;0.5;0.5;0.3;0.3;0.5;0.5;0.4;0.8,33.37,0.12,0.0,2.37,15.44,0.735,781.0,0.0,4,16,,,,,,,,,,,,,,,,,,,,,,,,,,,,,,,,,,,,,,,,,,,,,,,,,,,,,,,,,,,,,
5,4,,,,,,,98,77,70,15,239.9,2730,10801,38,0,18.4,4.9;3.4;13.1;15.0;5.0;5.9;80.4;65.7;35.8;65.0;93.1;48.0;0.9;2.0;0.3;0.1;0.5;0.4;0.5;0.5;0.1;0.3;0.4;1.3,33.34,0.12,0.0,1.53,15.44,0.735,244.0,1416.0,4,16,,,,,,,,,,,,,,,,,,,,,,,,,,,,,,,,,,,,,,,,,,,,,,,,,,,,,,,,,,,,,
5,5,,,,,,,100,73,69,16,243.7,2730,10801,38,0,18.4,5.2;2.4;13.3;17.0;3.2;5.4;80.9;67.6;49.0;50.1;86.0;50.6;1.6;2.3;0.3;0.4;0.9;1.4;0.1;0.3;0.4;0.8;0.6;1.4,33.33,0.12,0.0,1.69,15.44,0.735,878.0,1513.0,4,16,,,,,,,,,,,,,,,,,,,,,,,,,,,,,,,,,,,,,,,,,,,,,,,,,,,,,,,,,,,,,
5,6,,,,,,,100,58,71,20,242.7,2730,10801,38,0,13.9,4.9;2.7;6.4;11.6;2.4;3.8;44.8;64.5;17.9;35.1;89.6;41.4;1.4;1.9;0.3;0.3;0.4;1.1;0.5;0.1;0.3;0.5;0.5;1.5,33.3,0.12,0.0,0.06,15.44,0.735,1025.0,97.0,4,16,,,,,,,,,,,,,,,,,,,,,,,,,,,,,,,,,,,,,,,,,,,,,,,,,,,,,,,,,,,,,
5,7,,,,,,,100,80,69,15,242.5,2730,10801,38,0,10.3,3.7;1.3;3.4;4.7;1.5;2.3;46.3;56.5;10.8;13.3;91.7;8.8;0.1;0.3;0.0;0.0;0.1;0.3;0.0;0.0;0.0;0.1;0.0;0.6,33.28,0.12,0.0,0.04,15.444,0.739,0.0,1611.0,4,16,,,,,,,,,,,,,,,,,,,,,,,,,,,,,,,,,,,,,,,,,,,,,,,,,,,,,,,,,,,,,
5,summary,0.37214205463712835,0.9748194230646615,0.2947331887880961,0.9967777777777778,0.00100000,92.4,,,,,,,,,,,,,,,,,,,,,,98,99.71,100,58,72.29,85,68,69.43,71,15,16.71,20,110.5,223.07,243.7,2730.0,10801.0,38.0,0,10.3,20.46,41.4,33.21,33.32,33.38,63.16,0.12,0.12,0.12,18.02,0.0,0.0,0.01,0.04,1.35,3.71,11.269,14.705,15.44,15.44,15.444,15.992,0.735,0.74,0.739,0.0,501.86,1025.0,0.0,1080.71,1611.0,4,4.0,4,16,16.0,16,4,16,2.64,71.97
6,1,,,,,,,100,86,48,26,17.8,2565,10801,30,0,20.4,12.4;11.4;22.0;28.8;14.2;15.4;52.6;55.1;30.7;47.1;71.7;41.4;9.2;10.0;5.1;5.6;7.8;8.7;4.3;4.3;8.3;8.2;6.9;7.7,33.69,0.12,0.01,1.91,15.155,0.45,341.0,1464.0,4,16,,,,,,,,,,,,,,,,,,,,,,,,,,,,,,,,,,,,,,,,,,,,,,,,,,,,,,,,,,,,,
6,2,,,,,,,100,52,63,20,238.5,2745,10801,30,0,18.5,4.5;2.4;20.3;14.8;4.1;3.5;93.0;74.8;56.9;42.0;88.7;32.5;1.5;1.8;0.6;0.1;0.3;0.7;0.4;0.3;0.7;0.1;0.4;0.3,33.26,0.12,0.0,0.1,15.155,0.45,830.0,1416.0,4,16,,,,,,,,,,,,,,,,,,,,,,,,,,,,,,,,,,,,,,,,,,,,,,,,,,,,,,,,,,,,,
6,3,,,,,,,99,82,66,21,236.0,2745,10801,31,0,18.6,4.6;2.2;23.2;10.8;4.3;3.6;75.3;84.9;47.6;53.8;83.2;47.6;0.7;1.5;0.3;0.4;0.6;0.4;0.0;0.0;0.1;0.1;0.1;0.7,33.26,0.12,0.0,0.06,15.155,0.45,341.0,0.0,4,16,,,,,,,,,,,,,,,,,,,,,,,,,,,,,,,,,,,,,,,,,,,,,,,,,,,,,,,,,,,,,
6,4,,,,,,,100,85,64,23,238.5,2745,10801,32,0,18.2,5.5;2.7;22.5;10.6;5.3;3.8;70.1;80.1;40.8;55.9;89.3;43.9;1.7;1.0;0.3;0.3;0.7;0.6;0.0;0.1;0.0;0.1;0.7;1.1,33.27,0.12,0.0,0.07,15.155,0.45,1416.0,0.0,4,16,,,,,,,,,,,,,,,,,,,,,,,,,,,,,,,,,,,,,,,,,,,,,,,,,,,,,,,,,,,,,
6,5,,,,,,,100,48,66,19,239.2,2745,10801,33,0,18.2,5.8;1.8;20.6;16.5;6.4;2.8;59.3;79.2;33.1;63.3;96.2;46.9;1.7;1.3;0.1;0.1;0.3;0.7;0.0;0.1;0.6;0.1;0.3;0.3,33.26,0.12,0.0,0.06,15.155,0.45,341.0,1806.0,4,16,,,,,,,,,,,,,,,,,,,,,,,,,,,,,,,,,,,,,,,,,,,,,,,,,,,,,,,,,,,,,
6,6,,,,,,,95,75,65,19,235.0,2730,10801,34,0,18.5,3.9;2.4;23.8;10.2;5.6;3.8;66.7;61.2;31.9;71.7;91.6;67.2;1.0;1.1;0.0;0.0;0.3;0.3;0.0;0.3;0.6;0.1;0.4;0.4,33.27,0.12,0.0,0.05,15.155,0.45,15722.0,15576.0,4,16,,,,,,,,,,,,,,,,,,,,,,,,,,,,,,,,,,,,,,,,,,,,,,,,,,,,,,,,,,,,,
6,7,,,,,,,100,82,66,17,237.8,2730,10801,35,0,11.4,5.0;1.5;7.7;4.2;3.9;1.8;41.8;58.5;14.8;17.2;59.2;52.2;0.8;0.8;0.3;0.1;0.3;0.4;0.3;0.3;0.1;0.1;0.8;0.8,33.27,0.12,0.0,0.04,15.155,0.45,976.0,195.0,4,16,,,,,,,,,,,,,,,,,,,,,,,,,,,,,,,,,,,,,,,,,,,,,,,,,,,,,,,,,,,,,
6,8,,,,,,,95,73,65,16,237.7,2730,10801,35,0,10.0,4.0;0.0;4.3;2.7;1.3;0.8;60.8;40.1;9.4;14.5;35.2;66.4;0.5;0.3;0.0;0.0;0.0;0.0;0.0;0.0;0.0;0.3;0.0;0.0,33.28,0.12,0.0,0.07,15.155,0.45,6347.0,116699.0,4,16,,,,,,,,,,,,,,,,,,,,,,,,,,,,,,,,,,,,,,,,,,,,,,,,,,,,,,,,,,,,,
6,summary,0.3620078948630855,0.9778115806060826,0.2933819777170817,0.9972222222222222,0.00100000,138.1,,,,,,,,,,,,,,,,,,,,,,95,98.62,100,48,72.88,86,48,62.88,66,16,20.12,26,17.8,210.06,239.2,2716.9,10801.0,32.5,0,10.0,16.73,20.4,33.26,33.32,33.69,63.16,0.12,0.12,0.12,17.01,0.0,0.0,0.01,0.04,0.29,1.91,11.269,14.705,15.155,15.15,15.155,15.992,0.45,0.45,0.45,341.0,3289.25,15722.0,0.0,17144.5,116699.0,4,4.0,4,16,16.0,16,4,16,48.99,72.24
7,1,,,,,,,100,79,56,31,88.4,2745,10801,30,0,19.6,12.6;11.2;23.2;27.1;13.4;14.7;50.2;57.3;27.8;46.0;76.0;29.7;10.0;9.6;4.7;5.3;7.9;7.9;4.4;3.9;6.9;7.3;6.1;6.3,34.14,0.12,0.0,1.75,12.953,0.0,292.0,1464.0,4,16,,,,,,,,,,,,,,,,,,,,,,,,,,,,,,,,,,,,,,,,,,,,,,,,,,,,,,,,,,,,,
7,2,,,,,,,98,73,64,22,233.0,2745,10801,30,0,18.0,6.7;3.1;19.6;9.5;7.4;5.4;74.1;67.1;56.9;43.3;85.2;40.9;2.6;2.0;0.4;1.2;1.5;0.1;0.3;0.4;0.6;0.6;0.4;1.9,33.72,0.12,0.0,0.06,13.766,0.0,0.0,1611.0,4,16,,,,,,,,,,,,,,,,,,,,,,,,,,,,,,,,,,,,,,,,,,,,,,,,,,,,,,,,,,,,,
7,3,,,,,,,98,76,62,27,234.8,2745,10801,30,0,18.7,4.9;2.5;24.4;9.6;8.2;3.1;91.0;92.4;64.5;38.7;85.8;19.2;1.7;0.8;0.3;0.2;0.8;0.3;0.3;0.2;0.0;0.3;0.5;0.0,33.63,0.12,0.01,0.12,13.766,0.0,292.0,732.0,4,16,,,,,,,,,,,,,,,,,,,,,,,,,,,,,,,,,,,,,,,,,,,,,,,,,,,,,,,,,,,,,
7,4,,,,,,,100,81,64,20,237.4,2745,10801,31,0,18.6,4.6;2.5;19.3;9.8;5.6;3.7;78.4;72.7;59.8;45.8;94.6;41.8;2.0;1.4;0.5;0.2;0.3;0.6;0.5;0.0;0.8;0.0;0.8;0.9,33.62,0.12,0.0,0.07,13.766,0.0,292.0,1708.0,4,16,,,,,,,,,,,,,,,,,,,,,,,,,,,,,,,,,,,,,,,,,,,,,,,,,,,,,,,,,,,,,
7,5,,,,,,,100,75,65,20,239.1,2745,10801,32,0,19.1,6.8;2.8;22.4;16.0;3.9;7.4;59.9;47.4;39.8;62.0;92.3;87.3;1.9;1.7;0.0;0.3;0.5;0.6;0.6;0.5;0.9;0.5;0.6;1.7,33.64,0.12,0.0,0.1,13.766,0.0,1220.0,36279.0,4,16,,,,,,,,,,,,,,,,,,,,,,,,,,,,,,,,,,,,,,,,,,,,,,,,,,,,,,,,,,,,,
7,6,,,,,,,100,58,67,17,240.6,2745,10801,33,0,18.5,5.2;2.5;14.4;19.7;4.3;5.7;69.1;49.0;41.1;59.4;88.1;76.2;1.7;1.9;0.0;0.3;0.8;0.8;0.6;0.3;0.2;0.8;0.3;0.8,33.64,0.12,0.0,0.06,13.766,0.0,26708.0,105810.0,4,16,,,,,,,,,,,,,,,,,,,,,,,,,,,,,,,,,,,,,,,,,,,,,,,,,,,,,,,,,,,,,
7,7,,,,,,,100,68,68,22,238.2,2745,10801,34,0,17.0,4.7;2.5;10.2;14.8;3.9;4.8;56.6;63.0;37.7;48.0;81.8;69.9;1.7;1.2;0.5;0.2;1.2;1.2;0.6;0.5;0.6;0.3;0.6;1.5,33.66,0.12,0.0,0.06,13.766,0.0,3173.0,1562.0,4,16,,,,,,,,,,,,,,,,,,,,,,,,,,,,,,,,,,,,,,,,,,,,,,,,,,,,,,,,,,,,,
7,8,,,,,,,98,76,67,18,237.6,2745,10801,34,0,10.4,3.5;0.9;2.9;3.7;1.7;1.4;49.0;49.6;15.8;14.1;96.4;4.5;0.6;0.6;0.3;0.0;0.2;0.2;0.3;0.5;0.3;0.5;0.3;2.3,33.64,0.12,0.0,0.04,13.766,0.0,0.0,1708.0,4,16,,,,,,,,,,,,,,,,,,,,,,,,,,,,,,,,,,,,,,,,,,,,,,,,,,,,,,,,,,,,,
7,9,,,,,,,100,86,68,18,240.2,2730,10801,34,0,10.5,3.8;0.0;5.1;6.3;3.8;2.5;90.4;9.6;12.7;17.0;82.9;12.7;1.3;0.0;0.0;0.0;0.0;0.6;0.0;0.0;0.0;0.6;0.0;1.3,33.66,0.12,0.0,0.06,13.77,0.0,0.0,2929.0,4,16,,,,,,,,,,,,,,,,,,,,,,,,,,,,,,,,,,,,,,,,,,,,,,,,,,,,,,,,,,,,,
7,summary,0.3556151605649625,0.979810906573638,0.29202691634496053,0.9976666666666667,0.00100000,138.1,,,,,,,,,,,,,,,,,,,,,,98,99.33,100,58,74.67,86,56,64.56,68,17,21.67,31,88.4,221.03,240.6,2743.3,10801.0,32.0,0,10.4,16.71,19.6,33.62,33.71,34.14,63.16,0.12,0.12,0.12,16.0,0.0,0.0,0.01,0.04,0.26,1.75,11.269,15.584,12.953,13.68,13.77,15.992,0.0,0.0,0.0,0.0,3553.0,26708.0,732.0,17089.22,105810.0,4,4.0,4,16,16.0,16,4,16,49.05,74.53
8,1,,,,,,,72,61,65,18,70.1,2745,10801,34,0,40.0,33.9;30.0;57.7;62.3;40.3;36.3;94.1;94.4;61.3;76.0;92.7;60.7;24.5;22.8;13.7;14.8;22.0;22.4;10.7;11.6;20.2;21.3;19.2;17.6,33.0,0.12,0.0,0.05,15.219,0.0,537.0,0.0,4,16,,,,,,,,,,,,,,,,,,,,,,,,,,,,,,,,,,,,,,,,,,,,,,,,,,,,,,,,,,,,,
8,2,,,,,,,100,84,65,16,240.0,2730,10801,34,0,22.3,10.4;7.4;19.8;24.0;9.0;12.0;42.8;69.5;39.9;66.2;87.5;90.9;7.4;6.9;3.6;3.7;4.0;4.8;3.4;2.5;5.3;5.3;4.5;4.9,33.26,0.12,0.0,3.69,15.219,0.0,3125.0,1367.0,4,16,,,,,,,,,,,,,,,,,,,,,,,,,,,,,,,,,,,,,,,,,,,,,,,,,,,,,,,,,,,,,
8,3,,,,,,,100,88,65,19,240.2,2730,10801,35,0,18.0,5.2;1.9;16.4;10.8;4.9;5.9;76.4;73.9;40.6;55.2;87.7;48.1;0.9;1.2;0.2;0.2;0.3;0.3;0.2;0.2;0.2;0.5;0.0;0.8,33.23,0.12,0.0,2.64,15.219,0.0,1660.0,0.0,4,16,,,,,,,,,,,,,,,,,,,,,,,,,,,,,,,,,,,,,,,,,,,,,,,,,,,,,,,,,,,,,
8,4,,,,,,,100,53,69,17,239.6,2730,10801,35,0,18.6,4.9;2.0;21.1;11.8;6.0;6.2;92.1;65.1;35.2;64.8;87.0;43.0;2.3;0.6;0.0;0.2;0.5;1.1;0.0;0.2;0.6;0.6;0.8;1.1,33.22,0.12,0.0,2.01,15.219,0.0,292.0,1757.0,4,16,,,,,,,,,,,,,,,,,,,,,,,,,,,,,,,,,,,,,,,,,,,,,,,,,,,,,,,,,,,,,
8,5,,,,,,,100,73,69,14,240.4,2730,10801,36,0,18.2,3.1;3.9;17.3;10.8;4.3;4.2;87.9;83.2;57.2;46.2;79.6;32.8;0.9;1.1;0.3;0.3;0.9;1.4;0.3;0.0;0.3;0.2;0.2;0.9,33.18,0.12,0.0,2.95,15.219,0.0,976.0,195.0,4,16,,,,,,,,,,,,,,,,,,,,,,,,,,,,,,,,,,,,,,,,,,,,,,,,,,,,,,,,,,,,,
8,6,,,,,,,98,75,69,17,239.2,2730,10801,36,0,18.0,4.3;1.7;14.5;14.0;3.1;5.4;92.1;84.6;51.4;48.5;88.6;20.4;0.6;1.4;0.0;0.0;0.2;0.3;0.2;0.0;0.3;0.0;0.6;0.6,33.19,0.12,0.0,0.09,15.219,0.0,66992.0,102587.0,4,16,,,,,,,,,,,,,,,,,,,,,,,,,,,,,,,,,,,,,,,,,,,,,,,,,,,,,,,,,,,,,
8,7,,,,,,,100,78,68,17,241.2,2730,10801,36,0,16.9,4.4;2.2;15.0;14.2;4.5;3.9;79.5;54.4;45.5;39.3;89.2;47.7;1.1;1.7;0.3;0.2;0.5;0.3;0.0;0.0;0.0;0.3;0.8;0.6,33.18,0.12,0.01,0.08,15.219,0.0,2587.0,1416.0,4,16,,,,,,,,,,,,,,,,,,,,,,,,,,,,,,,,,,,,,,,,,,,,,,,,,,,,,,,,,,,,,
8,8,,,,,,,100,77,68,16,242.1,2730,10801,36,0,10.2,3.7;1.1;2.8;2.3;1.7;0.9;47.8;53.6;13.2;13.3;58.7;43.3;0.3;0.5;0.0;0.0;0.5;0.5;0.0;0.0;0.0;0.6;0.0;0.8,33.19,0.12,0.0,0.08,15.219,0.0,1464.0,6054.0,4,16,,,,,,,,,,,,,,,,,,,,,,,,,,,,,,,,,,,,,,,,,,,,,,,,,,,,,,,,,,,,,
8,9,,,,,,,100,54,72,13,240.4,2730,10801,37,0,10.7,3.8;1.9;5.7;3.2;2.5;3.1;95.6;0.6;9.5;21.4;13.2;88.5;2.5;1.3;0.0;0.0;0.6;0.6;0.0;0.0;0.6;0.6;0.0;0.0,33.19,0.12,0.0,0.07,15.223,0.0,1123.0,4833.0,4,16,,,,,,,,,,,,,,,,,,,,,,,,,,,,,,,,,,,,,,,,,,,,,,,,,,,,,,,,,,,,,
8,summary,0.3494440235787757,0.9816257844735715,0.29078828636805215,0.9977777777777778,0.00100000,89.3,,,,,,,,,,,,,,,,,,,,,,72,96.67,100,53,71.44,88,65,67.78,72,13,16.33,19,70.1,221.47,242.1,2731.7,10801.0,35.4,0,10.2,19.21,40.0,33.0,33.18,33.26,63.16,0.12,0.12,0.12,18.03,0.0,0.0,0.01,0.05,1.3,3.69,11.269,15.584,15.219,15.22,15.223,15.992,0.0,0.0,0.0,292.0,8750.67,66992.0,0.0,13134.33,102587.0,4,4.0,4,16,16.0,16,4,16,2.6,71.99
9,1,,,,,,,0,0,57,18,60.4,2745,10801,37,0,40.3,31.4;30.6;57.0;58.2;38.4;38.0;89.7;73.3;75.5;74.5;91.9;85.3;26.1;26.5;12.3;14.9;21.9;24.1;8.6;9.2;21.0;21.4;19.2;18.1,33.24,0.12,0.0,0.08,15.219,0.0,12353.0,18505.0,4,16,,,,,,,,,,,,,,,,,,,,,,,,,,,,,,,,,,,,,,,,,,,,,,,,,,,,,,,,,,,,,
9,2,,,,,,,100,79,70,22,240.6,2730,10801,36,0,20.5,8.1;5.8;26.3;12.2;10.2;5.9;67.4;89.8;55.6;47.5;82.3;53.7;4.6;3.4;1.7;1.4;3.1;2.5;1.5;1.5;2.0;1.7;2.6;2.2,33.24,0.12,0.0,3.61,15.219,0.0,1123.0,1416.0,4,16,,,,,,,,,,,,,,,,,,,,,,,,,,,,,,,,,,,,,,,,,,,,,,,,,,,,,,,,,,,,,
9,3,,,,,,,100,50,71,16,239.4,2730,10801,37,0,18.9,6.1;3.6;18.4;9.9;6.3;4.9;74.0;73.3;38.5;59.4;95.4;50.1;2.2;2.2;0.0;0.8;1.4;1.2;0.5;0.0;0.6;0.9;0.6;3.2,33.22,0.12,0.0,2.93,15.219,0.0,341.0,6445.0,4,16,,,,,,,,,,,,,,,,,,,,,,,,,,,,,,,,,,,,,,,,,,,,,,,,,,,,,,,,,,,,,
9,4,,,,,,,98,73,70,15,239.2,2730,10801,37,0,19.2,6.0;2.9;17.5;19.0;6.5;5.2;74.2;70.8;51.9;51.1;92.4;54.1;2.0;2.5;0.0;0.6;0.8;0.8;0.2;0.3;0.8;0.6;0.6;0.5,33.19,0.12,0.0,1.75,15.219,0.0,1123.0,1464.0,4,16,,,,,,,,,,,,,,,,,,,,,,,,,,,,,,,,,,,,,,,,,,,,,,,,,,,,,,,,,,,,,
9,5,,,,,,,100,88,69,16,241.0,2730,10801,37,0,18.4,6.8;2.5;23.6;11.1;4.3;3.4;68.5;70.6;45.4;51.6;90.6;57.0;1.5;1.9;0.2;0.0;0.2;0.6;0.2;0.2;0.3;0.3;0.5;0.2,33.21,0.12,0.0,2.94,15.219,0.0,2929.0,97.0,4,16,,,,,,,,,,,,,,,,,,,,,,,,,,,,,,,,,,,,,,,,,,,,,,,,,,,,,,,,,,,,,
9,6,,,,,,,100,82,69,17,240.9,2730,10801,37,0,18.4,4.3;2.0;21.2;13.0;3.9;3.4;52.1;67.2;53.5;46.4;91.0;77.5;1.4;1.7;0.0;0.2;0.3;0.5;0.0;0.0;0.2;0.3;0.3;1.2,33.16,0.12,0.0,0.06,15.219,0.0,25390.0,4589.0,4,16,,,,,,,,,,,,,,,,,,,,,,,,,,,,,,,,,,,,,,,,,,,,,,,,,,,,,,,,,,,,,
9,7,,,,,,,100,78,70,14,241.8,2730,10801,37,0,17.1,5.5;3.7;16.2;11.6;2.9;4.8;63.5;88.7;41.4;48.5;85.9;28.3;1.7;1.9;0.2;0.3;1.1;0.5;0.0;0.0;0.8;0.5;0.3;1.2,33.16,0.12,0.01,0.07,15.219,0.0,830.0,0.0,4,16,,,,,,,,,,,,,,,,,,,,,,,,,,,,,,,,,,,,,,,,,,,,,,,,,,,,,,,,,,,,,
9,8,,,,,,,100,58,71,16,241.1,2730,10801,37,0,10.2,3.5;0.8;2.3;3.3;0.8;1.4;66.3;35.7;14.7;11.1;69.2;31.9;0.5;0.5;0.0;0.0;0.2;0.0;0.0;0.0;0.2;0.0;0.3;1.2,33.17,0.12,0.0,0.04,15.219,0.0,1464.0,1464.0,4,16,,,,,,,,,,,,,,,,,,,,,,,,,,,,,,,,,,,,,,,,,,,,,,,,,,,,,,,,,,,,,
9,9,,,,,,,100,58,70,15,240.9,2730,10801,37,0,10.3,1.3;1.3;2.5;5.7;0.6;2.5;50.6;50.0;11.4;17.1;86.1;13.8;1.3;0.0;0.0;0.0;0.6;0.0;0.0;0.0;0.0;0.6;0.0;1.3,33.17,0.12,0.0,0.05,15.223,0.0,244.0,8154.0,4,16,,,,,,,,,,,,,,,,,,,,,,,,,,,,,,,,,,,,,,,,,,,,,,,,,,,,,,,,,,,,,
9,summary,0.34466150808442064,0.9830489948718882,0.29013381735483806,0.998,0.00100000,89.4,,,,,,,,,,,,,,,,,,,,,,0,88.67,100,0,62.89,88,57,68.56,71,14,16.56,22,60.4,220.59,241.8,2731.7,10801.0,36.9,0,10.2,19.26,40.3,33.16,33.2,33.24,63.16,0.12,0.12,0.12,18.03,0.0,0.0,0.01,0.04,1.28,3.61,11.269,15.584,15.219,15.22,15.223,15.992,0.0,0.0,0.0,244.0,5088.56,25390.0,0.0,4681.56,18505.0,4,4.0,4,16,16.0,16,4,16,2.85,71.99
10,1,,,,,,,100,77,64,19,80.4,2745,10801,37,0,39.9,31.9;29.9;61.7;60.4;36.2;37.2;89.5;86.9;70.4;70.6;95.1;69.3;23.5;27.8;12.2;14.3;22.2;23.7;8.5;9.9;20.4;20.8;17.0;18.3,33.11,0.12,0.0,0.06,15.219,0.0,0.0,1513.0,4,16,,,,,,,,,,,,,,,,,,,,,,,,,,,,,,,,,,,,,,,,,,,,,,,,,,,,,,,,,,,,,
10,2,,,,,,,100,90,69,22,241.3,2730,10801,37,0,21.4,8.6;7.4;25.8;23.4;8.0;9.3;82.9;79.4;56.5;49.5;90.3;34.6;5.1;4.8;2.0;2.2;2.9;3.7;1.9;2.0;3.1;3.4;3.1;3.5,33.24,0.12,0.0,3.64,15.219,0.0,2148.0,1464.0,4,16,,,,,,,,,,,,,,,,,,,,,,,,,,,,,,,,,,,,,,,,,,,,,,,,,,,,,,,,,,,,,
10,3,,,,,,,100,89,71,16,242.1,2730,10801,37,0,19.1,7.2;3.1;24.5;14.6;4.8;2.6;79.6;92.0;57.0;46.1;72.3;44.3;2.0;1.7;0.6;0.3;0.8;1.2;0.3;0.3;1.1;0.6;0.8;1.5,33.25,0.12,0.0,2.69,15.219,0.0,1416.0,0.0,4,16,,,,,,,,,,,,,,,,,,,,,,,,,,,,,,,,,,,,,,,,,,,,,,,,,,,,,,,,,,,,,
10,4,,,,,,,100,77,68,15,242.8,2730,10801,37,0,18.4,6.2;2.5;19.8;13.3;2.9;4.8;59.9;93.3;45.7;53.6;92.4;37.7;2.0;2.5;0.0;0.2;1.1;0.6;0.0;0.0;0.3;0.5;0.5;1.7,33.21,0.12,0.01,2.49,15.219,0.0,488.0,1367.0,4,16,,,,,,,,,,,,,,,,,,,,,,,,,,,,,,,,,,,,,,,,,,,,,,,,,,,,,,,,,,,,,
10,5,,,,,,,100,51,71,13,241.7,2730,10801,37,0,17.9,3.8;1.5;17.9;11.1;3.6;5.3;62.8;51.5;53.5;40.6;93.8;78.6;1.1;2.8;0.0;0.0;0.3;0.3;0.0;0.2;0.2;0.0;0.3;0.5,33.2,0.12,0.0,2.99,15.219,0.0,341.0,0.0,4,16,,,,,,,,,,,,,,,,,,,,,,,,,,,,,,,,,,,,,,,,,,,,,,,,,,,,,,,,,,,,,
10,6,,,,,,,100,78,71,21,240.3,2730,10801,38,0,18.4,6.8;1.7;15.4;10.5;6.1;2.8;72.1;67.1;48.8;52.4;90.6;56.5;2.6;1.1;0.3;0.2;0.9;1.1;0.2;0.3;0.6;0.5;0.8;0.9,33.19,0.12,0.01,0.09,15.219,0.0,634.0,1562.0,4,16,,,,,,,,,,,,,,,,,,,,,,,,,,,,,,,,,,,,,,,,,,,,,,,,,,,,,,,,,,,,,
10,7,,,,,,,98,75,69,15,240.3,2730,10801,38,0,17.4,5.6;2.3;19.0;15.5;5.4;5.1;63.7;56.4;35.7;54.0;87.1;64.0;1.4;1.4;0.2;0.0;0.2;0.3;0.2;0.2;0.0;0.5;0.5;0.2,33.2,0.12,0.0,0.08,15.219,0.0,1220.0,1513.0,4,16,,,,,,,,,,,,,,,,,,,,,,,,,,,,,,,,,,,,,,,,,,,,,,,,,,,,,,,,,,,,,
10,8,,,,,,,100,79,69,20,242.5,2730,10801,38,0,10.3,4.0;1.4;2.6;4.9;2.0;2.0;39.1;62.8;10.7;12.3;98.2;2.8;0.6;0.5;0.3;0.3;0.3;0.3;0.0;0.0;0.2;0.2;0.0;0.8,33.18,0.12,0.0,0.07,15.219,0.0,683.0,1367.0,4,16,,,,,,,,,,,,,,,,,,,,,,,,,,,,,,,,,,,,,,,,,,,,,,,,,,,,,,,,,,,,,
10,9,,,,,,,100,52,71,21,240.8,2730,10801,38,0,10.9,3.7;2.5;3.7;5.0;1.9;3.8;6.8;91.9;13.0;20.5;53.1;51.2;1.2;1.2;0.6;0.0;1.9;0.0;0.0;0.0;0.6;0.0;0.0;0.0,33.18,0.12,0.0,0.04,15.223,0.0,244.0,1416.0,4,16,,,,,,,,,,,,,,,,,,,,,,,,,,,,,,,,,,,,,,,,,,,,,,,,,,,,,,,,,,,,,
10,summary,0.34133407065484583,0.9838892582910544,0.28932504828770955,0.9981111111111111,0.00100000,89.4,,,,,,,,,,,,,,,,,,,,,,98,99.78,100,51,74.22,90,64,69.22,71,13,18.0,22,80.4,223.58,242.8,2731.7,10801.0,37.4,0,10.3,19.3,39.9,33.11,33.2,33.25,63.16,0.12,0.12,0.12,18.03,0.0,0.0,0.01,0.04,1.35,3.64,11.269,15.584,15.219,15.22,15.223,15.992,0.0,0.0,0.0,0.0,797.11,2148.0,0.0,1133.56,1562.0,4,4.0,4,16,16.0,16,4,16,2.79,71.98
11,1,,,,,,,100,83,48,30,15.8,2565,10801,30,0,19.3,11.4;10.2;21.0;26.9;14.3;13.8;53.7;52.3;28.7;44.9;74.0;34.6;8.5;9.1;4.6;5.3;7.7;8.0;3.8;3.7;6.9;7.5;6.3;6.7,33.36,0.12,0.01,1.87,12.457,0.0,537.0,1757.0,4,16,,,,,,,,,,,,,,,,,,,,,,,,,,,,,,,,,,,,,,,,,,,,,,,,,,,,,,,,,,,,,
11,2,,,,,,,100,78,61,22,233.3,2745,10801,30,0,18.7,5.8;2.1;23.4;12.3;4.1;3.4;87.3;93.0;49.8;51.7;99.5;1.5;2.9;2.1;0.3;0.7;1.9;1.0;0.7;0.7;1.2;1.2;0.3;1.0,33.15,0.12,0.0,0.33,12.457,0.0,976.0,1757.0,4,16,,,,,,,,,,,,,,,,,,,,,,,,,,,,,,,,,,,,,,,,,,,,,,,,,,,,,,,,,,,,,
11,3,,,,,,,100,48,65,23,235.6,2745,10801,30,0,18.3,4.2;1.5;18.5;12.1;3.1;6.3;78.4;92.5;59.7;39.8;90.4;25.8;1.2;1.9;0.2;0.2;0.5;0.5;0.3;0.2;0.2;0.5;0.0;1.4,33.12,0.12,0.0,0.15,12.457,0.0,6738.0,48.0,4,16,,,,,,,,,,,,,,,,,,,,,,,,,,,,,,,,,,,,,,,,,,,,,,,,,,,,,,,,,,,,,
11,4,,,,,,,98,79,65,19,235.6,2745,10801,32,0,18.6,3.2;1.2;15.8;12.9;5.8;3.6;65.3;72.6;60.9;44.3;88.9;66.8;1.4;1.7;0.2;0.0;0.3;0.3;0.2;0.0;0.2;0.3;0.2;1.0,33.14,0.12,0.0,0.05,12.457,0.0,341.0,251855.0,4,16,,,,,,,,,,,,,,,,,,,,,,,,,,,,,,,,,,,,,,,,,,,,,,,,,,,,,,,,,,,,,
11,5,,,,,,,100,81,66,20,237.0,2745,10801,32,0,17.7,6.5;1.5;14.3;9.7;3.9;3.4;92.0;66.2;53.1;44.5;93.0;28.2;1.4;1.7;0.3;0.7;0.5;1.2;0.0;0.0;0.2;0.0;0.5;1.2,33.14,0.12,0.0,0.05,12.457,0.0,0.0,1416.0,4,16,,,,,,,,,,,,,,,,,,,,,,,,,,,,,,,,,,,,,,,,,,,,,,,,,,,,,,,,,,,,,
11,6,,,,,,,100,75,67,17,236.7,2745,10801,33,0,17.7,4.6;1.7;12.1;10.1;2.7;2.1;77.4;75.4;39.7;57.8;95.0;40.2;1.2;1.4;0.2;0.0;0.3;0.3;0.0;0.0;0.2;0.2;0.0;1.0,33.13,0.12,0.0,0.08,12.457,0.0,1416.0,48.0,4,16,,,,,,,,,,,,,,,,,,,,,,,,,,,,,,,,,,,,,,,,,,,,,,,,,,,,,,,,,,,,,
11,7,,,,,,,100,64,66,23,238.5,2745,10801,34,0,18.6,5.8;2.6;12.3;18.8;5.6;4.8;87.0;48.4;25.4;72.3;94.4;58.0;2.4;1.7;0.0;0.7;1.0;0.7;0.0;0.0;0.9;0.7;0.5;1.2,33.13,0.12,0.0,0.04,12.457,0.0,1464.0,1416.0,4,16,,,,,,,,,,,,,,,,,,,,,,,,,,,,,,,,,,,,,,,,,,,,,,,,,,,,,,,,,,,,,
11,8,,,,,,,98,77,66,17,237.9,2745,10801,35,0,15.0,5.4;1.5;9.7;13.2;3.9;1.7;49.4;77.2;28.4;41.6;95.9;28.8;1.2;0.9;0.0;0.0;0.2;0.3;0.0;0.0;0.0;0.2;0.0;0.2,33.13,0.12,0.0,0.05,12.457,0.0,341.0,1416.0,4,16,,,,,,,,,,,,,,,,,,,,,,,,,,,,,,,,,,,,,,,,,,,,,,,,,,,,,,,,,,,,,
11,9,,,,,,,100,78,68,17,237.6,2730,10801,35,0,10.1,2.9;0.3;5.0;1.7;1.4;0.9;61.7;40.4;13.2;12.8;92.8;7.5;0.3;0.5;0.0;0.0;0.2;0.2;0.0;0.0;0.0;0.0;0.0;0.7,33.13,0.12,0.0,0.04,12.457,0.0,16210.0,1660.0,4,16,,,,,,,,,,,,,,,,,,,,,,,,,,,,,,,,,,,,,,,,,,,,,,,,,,,,,,,,,,,,,
11,10,,,,,,,30,19,63,21,237.6,2730,10801,35,0,13.0,13.3;3.4;17.2;10.3;0.0;10.3;62.1;31.0;44.8;20.7;69.0;24.1;0.0;0.0;0.0;0.0;0.0;0.0;0.0;0.0;0.0;0.0;0.0;0.0,33.16,0.12,0.0,0.07,12.461,0.0,1416.0,390.0,4,16,,,,,,,,,,,,,,,,,,,,,,,,,,,,,,,,,,,,,,,,,,,,,,,,,,,,,,,,,,,,,
11,summary,0.3384804732205346,0.9844517110404692,0.28876447296142577,0.9981111111111111,0.00100000,133.7,,,,,,,,,,,,,,,,,,,,,,30,92.6,100,19,68.2,83,48,63.5,68,17,20.9,30,15.8,214.56,238.5,2724.0,10801.0,32.6,0,10.1,16.7,19.3,33.12,33.16,33.36,63.16,0.12,0.12,0.12,16.0,0.0,0.0,0.01,0.04,0.27,1.87,11.269,15.584,12.457,12.46,12.461,15.992,0.0,0.0,0.0,0.0,2943.9,16210.0,48.0,26176.3,251855.0,4,4.0,4,16,16.0,16,4,16,48.1,72.23
12,1,,,,,,,43,34,56,24,65.5,2745,10801,35,0,40.1,30.3;31.2;56.9;61.3;41.2;36.8;82.3;93.4;77.0;82.0;94.7;55.2;25.3;25.7;12.9;13.7;21.7;23.9;11.5;11.0;20.0;19.8;18.0;16.7,33.15,0.12,0.0,0.06,14.316,0.0,0.0,1513.0,4,16,,,,,,,,,,,,,,,,,,,,,,,,,,,,,,,,,,,,,,,,,,,,,,,,,,,,,,,,,,,,,
12,2,,,,,,,100,67,68,15,238.7,2730,10801,35,0,20.4,7.5;5.3;23.6;19.7;9.2;4.1;41.9;71.0;55.5;52.2;91.3;84.2;3.4;2.9;1.2;1.4;2.4;2.4;1.2;0.9;2.2;2.0;1.4;2.4,33.21,0.12,0.0,4.59,14.316,0.0,341.0,0.0,4,16,,,,,,,,,,,,,,,,,,,,,,,,,,,,,,,,,,,,,,,,,,,,,,,,,,,,,,,,,,,,,
12,3,,,,,,,100,62,69,17,238.7,2730,10801,35,0,18.5,8.9;2.6;20.2;12.5;5.3;2.7;64.0;94.2;38.8;62.1;94.6;27.9;1.7;1.2;0.2;0.2;0.5;1.4;0.3;0.7;0.7;0.3;0.7;0.9,33.19,0.12,0.0,2.68,14.316,0.0,1464.0,1513.0,4,16,,,,,,,,,,,,,,,,,,,,,,,,,,,,,,,,,,,,,,,,,,,,,,,,,,,,,,,,,,,,,
12,4,,,,,,,100,68,67,17,239.8,2730,10801,35,0,18.7,6.1;2.0;19.0;14.5;5.3;3.8;69.5;79.2;34.2;63.7;93.8;45.7;1.5;1.0;0.5;0.5;1.4;1.2;0.9;0.7;0.9;0.7;0.9;1.4,33.17,0.12,0.0,1.93,14.316,0.0,1416.0,1367.0,4,16,,,,,,,,,,,,,,,,,,,,,,,,,,,,,,,,,,,,,,,,,,,,,,,,,,,,,,,,,,,,,
12,5,,,,,,,100,84,69,17,238.4,2730,10801,35,0,18.7,6.4;2.2;16.8;10.6;4.8;3.6;71.0;91.8;61.4;40.1;90.4;37.2;1.5;2.2;0.9;0.7;0.7;1.0;1.0;0.5;0.5;0.3;0.0;2.2,33.14,0.12,0.0,3.27,14.316,0.0,585.0,48.0,4,16,,,,,,,,,,,,,,,,,,,,,,,,,,,,,,,,,,,,,,,,,,,,,,,,,,,,,,,,,,,,,
12,6,,,,,,,100,62,70,16,239.2,2730,10801,36,0,18.8,4.9;3.1;26.2;9.4;3.6;5.1;88.2;92.1;51.7;52.1;80.1;27.6;1.2;1.0;0.0;0.0;0.3;0.5;0.0;0.2;0.5;0.9;0.3;1.0,33.15,0.12,0.03,0.17,14.316,0.0,927.0,8740.0,4,16,,,,,,,,,,,,,,,,,,,,,,,,,,,,,,,,,,,,,,,,,,,,,,,,,,,,,,,,,,,,,
12,7,,,,,,,100,64,68,15,240.0,2730,10801,36,0,19.3,8.7;3.9;19.6;15.5;4.8;6.6;85.7;75.4;51.8;56.8;82.9;36.2;2.0;3.6;1.0;0.9;0.9;1.2;0.3;0.3;1.4;0.7;1.2;2.4,33.15,0.12,0.0,0.04,14.316,0.0,12353.0,16259.0,4,16,,,,,,,,,,,,,,,,,,,,,,,,,,,,,,,,,,,,,,,,,,,,,,,,,,,,,,,,,,,,,
12,8,,,,,,,100,74,70,20,240.1,2730,10801,36,0,15.3,5.4;2.2;13.1;8.5;5.0;2.7;62.2;61.0;33.4;38.3;57.8;72.3;2.1;0.7;0.0;0.2;0.5;0.7;0.0;0.0;0.3;0.2;0.2;1.0,33.14,0.12,0.0,0.07,14.316,0.0,341.0,1708.0,4,16,,,,,,,,,,,,,,,,,,,,,,,,,,,,,,,,,,,,,,,,,,,,,,,,,,,,,,,,,,,,,
12,9,,,,,,,98,78,67,14,238.9,2730,10801,37,0,10.5,4.7;0.7;4.5;4.3;1.7;1.7;53.8;46.1;9.6;17.2;39.2;65.7;0.3;0.2;0.0;0.2;0.2;0.5;0.5;0.5;0.5;0.2;0.3;0.3,33.13,0.12,0.0,0.06,14.316,0.0,292.0,1806.0,4,16,,,,,,,,,,,,,,,,,,,,,,,,,,,,,,,,,,,,,,,,,,,,,,,,,,,,,,,,,,,,,
12,10,,,,,,,0,0,65,15,238.9,2730,10801,37,0,14.0,7.1;6.9;27.6;17.9;14.3;0.0;21.4;62.1;24.1;50.0;82.8;14.3;3.4;0.0;0.0;0.0;3.4;0.0;0.0;0.0;0.0;0.0;0.0;0.0,33.17,0.12,0.0,0.08,14.32,0.0,1416.0,1416.0,4,16,,,,,,,,,,,,,,,,,,,,,,,,,,,,,,,,,,,,,,,,,,,,,,,,,,,,,,,,,,,,,
12,summary,0.334590543988279,0.9859682840409156,0.28816411836942035,0.9981111111111111,0.00100000,88.3,,,,,,,,,,,,,,,,,,,,,,0,84.1,100,0,59.3,84,56,66.9,70,14,17.0,24,65.5,221.82,240.1,2731.5,10801.0,35.7,0,10.5,19.43,40.1,33.13,33.16,33.21,63.16,0.12,0.12,0.12,17.02,0.0,0.0,0.03,0.04,1.29,4.59,11.269,15.584,14.316,14.32,14.32,15.992,0.0,0.0,0.0,0.0,1913.5,12353.0,0.0,3437.0,16259.0,4,4.0,4,16,16.0,16,4,16,2.9,72.04
13,1,,,,,,,100,64,68,17,81.7,2745,10801,37,0,40.1,34.0;31.0;53.9;65.0;38.3;38.1;86.6;90.9;74.6;76.4;95.7;57.0;26.3;26.5;11.3;15.0;20.7;23.0;11.1;10.9;20.9;20.1;18.6;16.0,33.16,0.12,0.0,0.06,15.246,0.0,537.0,8691.0,4,16,,,,,,,,,,,,,,,,,,,,,,,,,,,,,,,,,,,,,,,,,,,,,,,,,,,,,,,,,,,,,
13,2,,,,,,,98,81,68,20,238.1,2730,10801,37,0,20.7,6.6;5.0;26.6;20.7;8.3;7.0;58.4;55.4;51.5;50.1;88.9;85.1;5.3;4.4;1.4;1.5;4.1;3.1;1.7;1.4;2.4;2.4;1.9;2.7,33.23,0.12,0.04,3.77,15.246,0.0,14404.0,272216.0,4,16,,,,,,,,,,,,,,,,,,,,,,,,,,,,,,,,,,,,,,,,,,,,,,,,,,,,,,,,,,,,,
13,3,,,,,,,100,56,68,15,239.3,2730,10801,37,0,18.9,5.2;2.6;20.3;13.1;4.8;4.9;84.1;75.6;56.8;45.6;92.2;35.0;2.2;2.0;0.5;0.7;0.9;0.9;0.3;0.3;1.2;0.3;0.7;3.4,33.2,0.12,0.0,3.1,15.246,0.0,0.0,1513.0,4,16,,,,,,,,,,,,,,,,,,,,,,,,,,,,,,,,,,,,,,,,,,,,,,,,,,,,,,,,,,,,,
13,4,,,,,,,100,58,70,16,238.5,2730,10801,37,0,18.2,5.2;2.6;18.8;10.1;4.1;4.3;68.3;90.8;47.5;52.4;98.3;27.4;2.1;1.9;0.0;0.0;0.0;0.5;0.2;0.0;0.2;0.2;0.2;0.9,33.2,0.12,0.0,2.11,15.246,0.0,1660.0,1416.0,4,16,,,,,,,,,,,,,,,,,,,,,,,,,,,,,,,,,,,,,,,,,,,,,,,,,,,,,,,,,,,,,
13,5,,,,,,,98,75,69,13,241.0,2730,10801,37,0,17.8,6.5;1.5;15.5;15.6;2.7;4.3;74.0;78.2;46.3;50.8;92.5;33.2;2.2;0.9;0.0;0.0;0.5;0.7;0.2;0.3;0.5;0.3;0.0;1.2,33.24,0.12,0.01,1.46,15.246,0.0,14697.0,97.0,4,16,,,,,,,,,,,,,,,,,,,,,,,,,,,,,,,,,,,,,,,,,,,,,,,,,,,,,,,,,,,,,
13,6,,,,,,,100,68,69,15,240.7,2730,10801,37,0,18.0,3.6;3.1;13.2;17.5;4.6;5.8;65.0;67.2;39.7;57.9;89.6;58.7;1.2;0.7;0.7;0.0;0.7;0.7;0.5;0.2;0.5;0.3;0.3;0.9,33.14,0.12,0.0,2.38,15.246,0.0,0.0,1806.0,4,16,,,,,,,,,,,,,,,,,,,,,,,,,,,,,,,,,,,,,,,,,,,,,,,,,,,,,,,,,,,,,
13,7,,,,,,,100,78,68,16,241.7,2730,10801,37,0,18.1,4.7;1.7;15.2;13.9;3.3;3.3;68.7;64.3;45.5;57.8;89.9;59.6;1.2;1.4;0.3;0.2;0.3;0.3;0.0;0.5;0.5;0.2;0.2;0.5,33.14,0.12,0.0,0.08,15.246,0.0,292.0,195.0,4,16,,,,,,,,,,,,,,,,,,,,,,,,,,,,,,,,,,,,,,,,,,,,,,,,,,,,,,,,,,,,,
13,8,,,,,,,100,51,71,14,241.9,2730,10801,37,0,15.4,2.7;1.5;8.2;11.5;2.4;5.3;84.6;50.3;37.8;34.0;94.2;27.8;1.5;2.0;0.0;0.3;0.3;0.5;0.2;0.2;0.2;0.5;1.4;2.0,33.13,0.12,0.0,0.08,15.246,0.0,341.0,341.0,4,16,,,,,,,,,,,,,,,,,,,,,,,,,,,,,,,,,,,,,,,,,,,,,,,,,,,,,,,,,,,,,
13,9,,,,,,,99,75,71,21,241.7,2730,10801,38,0,10.5,4.4;1.9;2.7;5.3;2.1;2.4;55.3;48.0;6.9;18.7;95.1;4.3;1.4;0.5;0.2;0.0;0.3;0.5;0.0;0.2;0.3;0.0;0.5;1.5,33.13,0.12,0.0,0.05,15.246,0.0,341.0,439.0,4,16,,,,,,,,,,,,,,,,,,,,,,,,,,,,,,,,,,,,,,,,,,,,,,,,,,,,,,,,,,,,,
13,10,,,,,,,67,55,69,16,241.7,2730,10801,38,0,12.9,3.4;3.4;6.9;20.0;6.9;0.0;72.4;24.1;24.1;41.4;24.1;62.1;3.4;3.4;0.0;0.0;0.0;6.7;0.0;0.0;3.4;0.0;3.4;0.0,33.17,0.12,0.0,0.1,15.25,0.0,20898.0,97.0,4,16,,,,,,,,,,,,,,,,,,,,,,,,,,,,,,,,,,,,,,,,,,,,,,,,,,,,,,,,,,,,,
13,summary,0.33285591948746523,0.9862665889404028,0.28770182879765827,0.9982222222222222,0.00100000,88.5,,,,,,,,,,,,,,,,,,,,,,67,96.2,100,51,66.1,81,68,69.1,71,13,16.3,21,81.7,224.63,241.9,2731.5,10801.0,37.2,0,10.5,19.06,40.1,33.13,33.17,33.24,63.16,0.12,0.12,0.12,18.03,0.0,0.01,0.04,0.05,1.32,3.77,11.269,15.584,15.246,15.25,15.25,15.992,0.0,0.0,0.0,0.0,5317.0,20898.0,97.0,28681.1,272216.0,4,4.0,4,16,16.0,16,4,16,2.94,72.03
14,1,,,,,,,26,21,65,22,64.3,2745,10801,37,0,39.9,29.2;32.9;54.7;62.3;36.8;36.7;89.9;91.0;71.4;75.3;94.4;58.1;25.1;24.0;13.8;14.4;21.0;23.4;12.3;10.2;22.5;20.1;19.3;18.9,33.19,0.12,0.0,0.06,14.184,0.0,11083.0,37988.0,4,16,,,,,,,,,,,,,,,,,,,,,,,,,,,,,,,,,,,,,,,,,,,,,,,,,,,,,,,,,,,,,
14,2,,,,,,,100,61,67,15,241.0,2730,10801,37,0,20.5,6.7;5.5;25.9;22.6;4.8;7.5;75.6;80.7;43.8;55.2;95.1;40.7;3.6;3.9;1.2;1.0;2.1;2.6;1.5;1.2;2.1;2.2;1.9;4.6,33.21,0.12,0.0,3.6,14.184,0.0,2587.0,1416.0,4,16,,,,,,,,,,,,,,,,,,,,,,,,,,,,,,,,,,,,,,,,,,,,,,,,,,,,,,,,,,,,,
14,3,,,,,,,100,61,67,15,240.9,2730,10801,37,0,18.9,6.4;2.7;19.2;14.9;5.5;6.0;57.1;72.9;45.3;55.7;94.4;62.3;1.9;2.4;0.2;0.7;1.2;0.3;0.2;0.9;0.9;0.9;0.3;1.9,33.19,0.12,0.0,3.06,14.184,0.0,1123.0,1367.0,4,16,,,,,,,,,,,,,,,,,,,,,,,,,,,,,,,,,,,,,,,,,,,,,,,,,,,,,,,,,,,,,
14,4,,,,,,,100,55,70,14,240.8,2730,10801,38,0,18.2,8.5;2.1;16.4;12.5;5.1;4.8;77.8;69.0;59.6;37.4;92.6;44.5;1.2;2.2;0.0;0.0;0.3;0.2;0.0;0.0;0.3;0.0;0.2;1.7,33.17,0.12,0.0,2.16,14.184,0.0,244.0,1416.0,4,16,,,,,,,,,,,,,,,,,,,,,,,,,,,,,,,,,,,,,,,,,,,,,,,,,,,,,,,,,,,,,
14,5,,,,,,,98,75,69,14,240.8,2730,10801,37,0,18.6,4.7;1.4;19.9;15.1;6.0;3.6;85.8;75.1;58.3;41.1;92.3;34.6;2.7;1.4;0.3;0.3;0.5;0.2;0.2;0.3;0.7;0.5;0.7;1.5,33.15,0.12,0.0,1.38,14.184,0.0,1464.0,0.0,4,16,,,,,,,,,,,,,,,,,,,,,,,,,,,,,,,,,,,,,,,,,,,,,,,,,,,,,,,,,,,,,
14,6,,,,,,,100,85,68,15,241.2,2730,10801,38,0,18.5,6.9;1.5;21.5;11.6;5.0;4.5;93.8;75.6;50.3;48.8;97.6;17.4;2.2;1.5;0.2;0.3;0.3;0.5;0.7;1.2;0.3;0.5;0.5;1.9,33.14,0.12,0.0,2.39,14.184,0.0,830.0,1757.0,4,16,,,,,,,,,,,,,,,,,,,,,,,,,,,,,,,,,,,,,,,,,,,,,,,,,,,,,,,,,,,,,
14,7,,,,,,,100,85,71,13,239.6,2730,10801,38,0,18.9,8.7;3.2;17.4;13.6;4.6;5.5;91.5;84.1;56.3;45.4;98.6;14.8;2.7;1.0;0.2;0.2;1.0;1.0;0.2;0.3;0.9;0.2;1.0;1.0,33.13,0.12,0.0,0.06,14.184,0.0,0.0,1464.0,4,16,,,,,,,,,,,,,,,,,,,,,,,,,,,,,,,,,,,,,,,,,,,,,,,,,,,,,,,,,,,,,
14,8,,,,,,,100,56,71,13,240.7,2730,10801,38,0,15.6,6.4;2.6;10.5;12.0;4.0;4.0;67.7;66.8;41.9;31.1;68.8;46.5;1.4;1.7;1.5;0.5;0.9;1.2;0.0;0.3;1.0;0.7;1.7;1.9,33.13,0.12,0.0,0.07,14.184,0.0,634.0,1708.0,4,16,,,,,,,,,,,,,,,,,,,,,,,,,,,,,,,,,,,,,,,,,,,,,,,,,,,,,,,,,,,,,
14,9,,,,,,,100,64,69,15,241.8,2730,10801,38,0,10.0,3.2;1.5;4.1;3.6;1.5;1.0;57.9;41.4;12.1;9.5;40.9;60.9;0.3;0.5;0.0;0.0;0.2;0.2;0.2;0.0;0.0;0.3;0.0;0.9,33.13,0.12,0.0,0.04,14.184,0.0,634.0,1611.0,4,16,,,,,,,,,,,,,,,,,,,,,,,,,,,,,,,,,,,,,,,,,,,,,,,,,,,,,,,,,,,,,
14,10,,,,,,,64,53,69,14,241.8,2730,10801,38,0,14.2,16.1;3.4;17.2;20.7;10.3;6.9;31.0;44.8;51.7;13.8;100.0;0.0;10.3;3.4;0.0;0.0;3.4;3.4;0.0;0.0;0.0;0.0;0.0;0.0,33.16,0.12,0.0,0.08,14.188,0.0,683.0,1660.0,4,16,,,,,,,,,,,,,,,,,,,,,,,,,,,,,,,,,,,,,,,,,,,,,,,,,,,,,,,,,,,,,
14,summary,0.33097463335435356,0.9868563673294652,0.2873910742600759,0.9982222222222222,0.00100000,88.2,,,,,,,,,,,,,,,,,,,,,,26,88.8,100,21,61.6,85,65,68.6,71,13,15.0,22,64.3,223.29,241.8,2731.5,10801.0,37.6,0,10.0,19.33,39.9,33.13,33.16,33.21,63.16,0.12,0.12,0.12,18.03,0.0,0.0,0.0,0.04,1.29,3.6,11.269,15.584,14.184,14.18,14.188,15.992,0.0,0.0,0.0,0.0,1928.2,11083.0,0.0,5038.7,37988.0,4,4.0,4,16,16.0,16,4,16,2.92,72.04
15,1,,,,,,,100,89,66,21,112.7,2730,10801,38,0,40.0,30.4;32.0;55.8;62.3;36.1;40.8;82.7;91.3;74.0;67.1;93.7;77.8;24.1;26.3;12.7;14.2;21.0;22.7;10.6;9.8;20.5;20.3;17.4;17.5,33.17,0.12,0.0,0.05,14.184,0.0,12988.0,1562.0,4,16,,,,,,,,,,,,,,,,,,,,,,,,,,,,,,,,,,,,,,,,,,,,,,,,,,,,,,,,,,,,,
15,2,,,,,,,100,71,67,20,240.9,2730,10801,38,0,20.5,9.9;4.6;23.4;19.8;8.9;7.9;62.6;84.6;46.6;54.5;83.9;55.9;4.6;3.6;2.4;1.5;2.2;2.9;1.4;1.4;1.7;2.2;2.1;3.1,33.23,0.12,0.01,3.61,14.184,0.0,244.0,1562.0,4,16,,,,,,,,,,,,,,,,,,,,,,,,,,,,,,,,,,,,,,,,,,,,,,,,,,,,,,,,,,,,,
15,3,,,,,,,100,88,68,15,240.5,2730,10801,38,0,18.6,7.6;3.1;18.8;13.1;6.0;3.9;70.2;79.6;50.1;49.1;87.7;49.9;2.7;1.0;0.0;0.0;0.3;0.7;0.0;0.2;0.3;0.3;0.3;1.2,33.18,0.12,0.0,3.02,14.184,0.0,976.0,2001.0,4,16,,,,,,,,,,,,,,,,,,,,,,,,,,,,,,,,,,,,,,,,,,,,,,,,,,,,,,,,,,,,,
15,4,,,,,,,100,85,70,16,240.0,2730,10801,38,0,18.9,5.3;3.7;20.5;13.0;7.9;3.9;62.5;74.5;46.8;50.0;88.7;65.8;3.1;2.2;0.0;0.2;1.2;0.7;0.0;0.2;0.5;0.3;0.5;1.5,33.17,0.12,0.0,2.14,14.184,0.0,1464.0,1464.0,4,16,,,,,,,,,,,,,,,,,,,,,,,,,,,,,,,,,,,,,,,,,,,,,,,,,,,,,,,,,,,,,
15,5,,,,,,,100,58,71,14,240.8,2730,10801,38,0,18.2,6.1;2.1;16.3;13.4;4.5;3.1;71.5;80.8;45.5;53.0;94.9;40.5;1.9;1.2;0.2;0.2;0.2;0.3;0.0;0.0;0.2;0.3;0.2;0.3,33.15,0.12,0.0,1.37,14.184,0.0,244.0,1464.0,4,16,,,,,,,,,,,,,,,,,,,,,,,,,,,,,,,,,,,,,,,,,,,,,,,,,,,,,,,,,,,,,
15,6,,,,,,,100,74,71,14,241.4,2730,10801,38,0,19.4,8.5;3.1;22.7;15.7;8.2;4.4;65.0;80.8;45.4;55.1;94.4;52.6;2.2;1.5;0.3;0.9;1.5;0.7;0.3;0.3;0.7;0.7;0.5;0.7,33.12,0.12,0.0,2.38,14.184,0.0,1464.0,1367.0,4,16,,,,,,,,,,,,,,,,,,,,,,,,,,,,,,,,,,,,,,,,,,,,,,,,,,,,,,,,,,,,,
15,7,,,,,,,100,85,71,13,241.6,2730,10801,38,0,18.3,5.9;0.9;20.5;9.9;5.1;4.1;53.2;86.5;45.5;49.1;85.5;66.9;0.9;1.0;0.3;0.2;0.9;0.0;0.3;0.0;0.0;0.2;0.2;1.4,33.13,0.12,0.0,0.08,14.184,0.0,1416.0,1367.0,4,16,,,,,,,,,,,,,,,,,,,,,,,,,,,,,,,,,,,,,,,,,,,,,,,,,,,,,,,,,,,,,
15,8,,,,,,,100,56,68,14,240.6,2730,10801,38,0,14.9,5.5;1.0;9.8;11.9;2.4;3.4;63.2;67.5;37.6;28.8;74.7;44.6;1.4;0.7;0.3;0.5;0.5;0.2;0.2;0.3;0.9;0.3;0.3;0.9,33.12,0.12,0.0,0.08,14.184,0.0,1416.0,1416.0,4,16,,,,,,,,,,,,,,,,,,,,,,,,,,,,,,,,,,,,,,,,,,,,,,,,,,,,,,,,,,,,,
15,9,,,,,,,100,76,69,15,240.4,2730,10801,38,0,11.5,3.9;2.4;6.7;5.1;3.6;3.8;67.6;35.4;19.8;19.8;78.5;23.1;0.7;2.1;0.2;0.2;1.0;0.7;0.0;0.0;0.3;0.5;0.3;0.2,33.16,0.12,0.01,0.65,14.184,0.0,17578.0,16015.0,4,16,,,,,,,,,,,,,,,,,,,,,,,,,,,,,,,,,,,,,,,,,,,,,,,,,,,,,,,,,,,,,
15,10,,,,,,,100,73,69,14,240.4,2730,10801,38,0,13.3,3.6;3.6;7.1;14.3;3.6;7.1;86.2;6.9;48.3;20.7;96.6;3.6;0.0;0.0;0.0;0.0;0.0;0.0;0.0;0.0;3.6;0.0;0.0;6.7,33.17,0.12,0.0,0.0,14.188,0.0,244.0,1806.0,4,16,,,,,,,,,,,,,,,,,,,,,,,,,,,,,,,,,,,,,,,,,,,,,,,,,,,,,,,,,,,,,
15,summary,0.3283889004741201,0.987730787798191,0.2872859823703766,0.9984444444444445,0.00100000,88.1,,,,,,,,,,,,,,,,,,,,,,100,100.0,100,56,75.5,89,66,69.0,71,13,15.6,21,112.7,227.93,241.6,2730.0,10801.0,38.0,0,11.5,19.36,40.0,33.12,33.16,33.23,63.16,0.12,0.12,0.12,18.03,0.0,0.0,0.01,0.0,1.34,3.61,11.269,15.584,14.184,14.18,14.188,15.992,0.0,0.0,0.0,244.0,3803.4,17578.0,1367.0,3002.4,16015.0,4,4.0,4,16,16.0,16,4,16,2.87,72.05
16,1,,,,,,,0,0,65,17,59.6,2745,10801,38,0,41.5,33.2;34.4;64.7;66.9;41.4;49.2;93.0;89.0;72.8;69.3;92.0;57.9;25.8;26.3;14.2;15.9;21.1;23.3;12.7;11.4;22.0;21.8;19.6;17.0,33.21,0.12,0.01,0.27,14.184,0.0,292.0,1367.0,4,16,,,,,,,,,,,,,,,,,,,,,,,,,,,,,,,,,,,,,,,,,,,,,,,,,,,,,,,,,,,,,
16,2,,,,,,,100,58,70,16,239.9,2730,10801,38,0,20.7,7.6;5.1;23.8;20.8;8.4;8.2;60.8;95.9;49.0;57.8;92.0;39.9;3.1;4.8;2.4;2.1;2.9;2.1;1.4;1.7;1.5;2.1;1.5;1.9,33.23,0.12,0.0,3.56,14.184,0.0,1220.0,146.0,4,16,,,,,,,,,,,,,,,,,,,,,,,,,,,,,,,,,,,,,,,,,,,,,,,,,,,,,,,,,,,,,
16,3,,,,,,,100,55,68,15,239.4,2730,10801,38,0,18.6,5.2;2.4;18.8;11.4;6.0;3.3;76.5;69.7;49.1;49.8;93.7;50.7;1.5;2.4;0.0;0.7;0.9;0.5;0.7;0.3;0.5;1.2;1.0;1.2,33.2,0.12,0.0,3.06,14.184,0.0,585.0,1806.0,4,16,,,,,,,,,,,,,,,,,,,,,,,,,,,,,,,,,,,,,,,,,,,,,,,,,,,,,,,,,,,,,
16,4,,,,,,,100,72,70,13,240.4,2730,10801,38,0,18.8,5.1;2.6;25.1;12.0;6.0;4.8;88.0;88.3;49.7;48.5;94.5;14.9;2.1;2.4;0.0;0.2;1.5;1.4;0.0;0.3;0.3;0.5;0.5;1.9,33.19,0.12,0.0,2.14,14.184,0.0,195.0,1416.0,4,16,,,,,,,,,,,,,,,,,,,,,,,,,,,,,,,,,,,,,,,,,,,,,,,,,,,,,,,,,,,,,
16,5,,,,,,,100,85,69,14,239.5,2730,10801,38,0,18.9,6.7;4.3;22.9;6.3;5.3;5.1;78.1;80.0;53.4;50.9;91.3;33.5;3.1;1.7;0.5;0.7;1.5;1.4;0.2;1.0;1.0;1.2;1.7;2.4,33.17,0.12,0.0,1.48,14.184,0.0,1416.0,0.0,4,16,,,,,,,,,,,,,,,,,,,,,,,,,,,,,,,,,,,,,,,,,,,,,,,,,,,,,,,,,,,,,
16,6,,,,,,,100,53,68,21,240.3,2730,10801,38,0,18.2,4.9;1.5;19.7;9.4;4.6;2.9;87.0;87.0;39.8;60.4;92.0;19.9;2.2;0.9;0.2;0.2;0.3;0.5;0.2;0.2;0.3;0.5;0.3;1.4,33.15,0.12,0.0,2.36,14.184,0.0,0.0,1416.0,4,16,,,,,,,,,,,,,,,,,,,,,,,,,,,,,,,,,,,,,,,,,,,,,,,,,,,,,,,,,,,,,
16,7,,,,,,,100,58,67,17,239.6,2730,10801,38,0,19.4,7.2;3.1;19.5;12.4;7.2;5.3;88.7;73.1;56.6;42.8;90.6;38.1;2.9;2.9;0.5;1.0;3.6;2.6;0.5;0.5;1.9;1.0;0.7;3.4,33.14,0.12,0.0,0.11,14.184,0.0,341.0,488.0,4,16,,,,,,,,,,,,,,,,,,,,,,,,,,,,,,,,,,,,,,,,,,,,,,,,,,,,,,,,,,,,,
16,8,,,,,,,100,70,71,20,241.5,2730,10801,38,0,15.6,7.2;2.9;19.5;6.8;4.6;3.6;72.1;59.1;27.5;42.7;81.5;37.9;1.4;1.7;0.2;0.0;1.4;1.0;0.2;0.5;0.5;0.5;0.3;2.2,33.16,0.12,0.0,0.06,14.184,0.0,3369.0,1611.0,4,16,,,,,,,,,,,,,,,,,,,,,,,,,,,,,,,,,,,,,,,,,,,,,,,,,,,,,,,,,,,,,
16,9,,,,,,,100,85,69,16,240.1,2730,10801,38,0,12.5,4.9;3.9;7.9;8.9;3.4;5.1;48.4;52.4;17.7;25.7;60.1;41.6;3.1;2.4;0.3;1.2;1.5;1.7;0.3;1.0;1.7;1.4;1.2;3.1,33.34,0.12,0.02,0.65,14.184,0.0,1318.0,1611.0,4,16,,,,,,,,,,,,,,,,,,,,,,,,,,,,,,,,,,,,,,,,,,,,,,,,,,,,,,,,,,,,,
16,10,,,,,,,0,0,61,14,240.1,2730,10801,38,0,14.4,3.4;3.4;17.2;31.0;10.3;6.9;6.9;72.4;37.9;34.5;96.6;3.4;10.0;3.4;0.0;0.0;6.9;0.0;0.0;0.0;0.0;0.0;0.0;0.0,33.37,0.12,0.0,0.02,14.188,0.0,634.0,1611.0,4,16,,,,,,,,,,,,,,,,,,,,,,,,,,,,,,,,,,,,,,,,,,,,,,,,,,,,,,,,,,,,,
16,summary,0.3264313043379971,0.9882476978148597,0.28695045336087543,0.9985555555555555,0.00100000,88.4,,,,,,,,,,,,,,,,,,,,,,0,80.0,100,0,53.6,85,61,67.8,71,13,16.3,21,59.6,222.04,241.5,2731.5,10801.0,38.0,0,12.5,19.86,41.5,33.14,33.22,33.37,63.16,0.12,0.12,0.12,18.03,0.0,0.0,0.02,0.02,1.37,3.56,11.269,15.584,14.184,14.18,14.188,15.992,0.0,0.0,0.0,0.0,937.0,3369.0,0.0,1147.2,1806.0,4,4.0,4,16,16.0,16,4,16,2.93,72.04
17,1,,,,,,,37,28,65,23,65.0,2745,10801,38,0,40.2,31.4;31.3;62.6;57.5;36.2;40.6;86.0;76.1;68.3;78.2;92.4;80.1;26.0;27.7;10.9;15.2;23.5;24.9;9.1;9.0;19.9;21.6;17.2;18.6,33.36,0.12,0.01,0.13,14.184,0.0,341.0,0.0,4,16,,,,,,,,,,,,,,,,,,,,,,,,,,,,,,,,,,,,,,,,,,,,,,,,,,,,,,,,,,,,,
17,2,,,,,,,100,56,69,16,240.3,2730,10801,38,0,20.3,7.1;3.6;12.6;25.0;5.5;7.2;61.4;85.3;47.9;61.9;93.7;52.4;3.9;3.3;1.4;1.0;1.7;1.7;0.7;1.5;1.9;1.4;1.7;3.1,33.34,0.12,0.0,3.57,14.184,0.0,0.0,1464.0,4,16,,,,,,,,,,,,,,,,,,,,,,,,,,,,,,,,,,,,,,,,,,,,,,,,,,,,,,,,,,,,,
17,3,,,,,,,100,59,69,16,240.2,2730,10801,38,0,18.3,6.2;2.7;17.4;14.0;3.1;4.8;71.8;78.8;41.0;56.9;94.9;40.1;1.7;1.4;0.0;0.2;0.5;0.3;0.2;0.0;0.3;0.2;0.5;1.2,33.31,0.12,0.0,3.04,14.184,0.0,1660.0,0.0,4,16,,,,,,,,,,,,,,,,,,,,,,,,,,,,,,,,,,,,,,,,,,,,,,,,,,,,,,,,,,,,,
17,4,,,,,,,100,48,69,21,240.8,2730,10801,38,0,18.6,4.4;2.7;19.5;12.2;6.3;4.8;80.0;60.3;49.7;53.8;92.8;51.3;1.4;1.4;0.2;0.2;1.4;0.7;0.2;0.2;0.7;0.9;0.3;1.4,33.28,0.12,0.0,2.15,14.184,0.0,0.0,3271.0,4,16,,,,,,,,,,,,,,,,,,,,,,,,,,,,,,,,,,,,,,,,,,,,,,,,,,,,,,,,,,,,,
17,5,,,,,,,98,77,66,17,240.4,2730,10801,38,0,18.6,6.5;2.4;20.0;10.5;5.9;5.8;88.0;90.4;56.1;45.3;85.9;19.9;1.7;1.5;0.8;0.3;0.5;0.7;0.5;0.3;0.8;0.3;1.0;1.0,33.29,0.12,0.0,1.35,14.184,0.0,2441.0,390.0,4,16,,,,,,,,,,,,,,,,,,,,,,,,,,,,,,,,,,,,,,,,,,,,,,,,,,,,,,,,,,,,,
17,6,,,,,,,100,85,70,17,240.8,2730,10801,38,0,18.7,6.1;3.1;21.7;11.0;8.4;3.8;71.5;59.0;46.2;54.6;93.9;53.9;2.4;1.7;0.9;0.9;1.2;1.5;0.5;0.9;1.5;1.2;1.0;2.2,33.22,0.12,0.0,2.36,14.184,0.0,1416.0,0.0,4,16,,,,,,,,,,,,,,,,,,,,,,,,,,,,,,,,,,,,,,,,,,,,,,,,,,,,,,,,,,,,,
17,7,,,,,,,100,57,71,19,240.2,2730,10801,38,0,18.8,4.1;2.6;19.3;8.2;5.1;3.6;71.5;75.8;56.9;49.9;92.0;48.0;2.9;2.2;0.5;0.7;0.9;1.0;0.2;0.9;0.3;1.4;1.5;2.7,33.17,0.12,0.0,0.07,14.184,0.0,341.0,1464.0,4,16,,,,,,,,,,,,,,,,,,,,,,,,,,,,,,,,,,,,,,,,,,,,,,,,,,,,,,,,,,,,,
17,8,,,,,,,100,68,68,17,240.6,2730,10801,38,0,14.8,4.6;1.2;16.0;4.6;3.3;2.6;61.5;85.0;38.5;28.9;98.8;5.7;0.9;1.2;0.0;0.0;0.3;0.5;0.0;0.2;0.0;0.0;0.0;0.7,33.17,0.12,0.0,0.07,14.184,0.0,537.0,48.0,4,16,,,,,,,,,,,,,,,,,,,,,,,,,,,,,,,,,,,,,,,,,,,,,,,,,,,,,,,,,,,,,
17,9,,,,,,,100,84,70,20,240.7,2730,10801,38,0,10.1,3.1;0.3;5.0;2.6;1.2;1.0;54.6;44.7;14.1;11.3;59.8;43.3;0.5;0.5;0.0;0.0;0.2;0.0;0.2;0.2;0.0;0.0;0.3;0.9,33.16,0.12,0.0,0.06,14.184,0.0,927.0,195.0,4,16,,,,,,,,,,,,,,,,,,,,,,,,,,,,,,,,,,,,,,,,,,,,,,,,,,,,,,,,,,,,,
17,10,,,,,,,0,0,62,16,240.7,2730,10801,38,0,13.0,12.9;6.7;10.0;3.3;13.3;6.7;80.0;3.3;16.7;50.0;100.0;0.0;3.3;0.0;3.3;0.0;0.0;0.0;0.0;0.0;0.0;0.0;3.3;0.0,33.2,0.12,0.0,0.09,14.188,0.0,12207.0,15380.0,4,16,,,,,,,,,,,,,,,,,,,,,,,,,,,,,,,,,,,,,,,,,,,,,,,,,,,,,,,,,,,,,
17,summary,0.32456915514727375,0.9888260905207356,0.28671419763565065,0.9984444444444445,0.00100000,88.2,,,,,,,,,,,,,,,,,,,,,,0,83.5,100,0,56.2,85,62,67.9,71,16,18.2,23,65.0,222.97,240.8,2731.5,10801.0,38.0,0,10.1,19.14,40.2,33.16,33.25,33.36,63.16,0.12,0.12,0.12,18.03,0.0,0.0,0.01,0.06,1.29,3.57,11.269,15.584,14.184,14.18,14.188,15.992,0.0,0.0,0.0,0.0,1987.0,12207.0,0.0,2221.2,15380.0,4,4.0,4,16,16.0,16,4,16,3.01,72.04
18,1,,,,,,,100,56,65,16,84.7,2745,10801,38,0,41.0,34.1;32.4;58.4;62.7;38.9;44.6;92.4;75.4;73.8;80.4;92.4;69.0;25.0;26.6;12.7;14.0;23.6;23.6;10.8;10.7;21.6;22.2;20.0;18.2,33.3,0.12,0.02,0.04,14.184,0.0,341.0,97.0,4,16,,,,,,,,,,,,,,,,,,,,,,,,,,,,,,,,,,,,,,,,,,,,,,,,,,,,,,,,,,,,,
18,2,,,,,,,98,78,67,17,238.1,2730,10801,38,0,19.7,7.2;3.1;22.9;20.8;5.6;7.7;78.3;88.5;44.0;55.7;90.9;28.7;3.1;2.1;1.4;1.4;1.5;1.5;0.3;0.7;1.5;2.2;1.9;2.0,33.29,0.12,0.0,3.58,14.184,0.0,1171.0,97.0,4,16,,,,,,,,,,,,,,,,,,,,,,,,,,,,,,,,,,,,,,,,,,,,,,,,,,,,,,,,,,,,,
18,3,,,,,,,100,60,71,19,240.3,2730,10801,38,0,17.8,3.6;1.5;14.2;15.8;4.3;4.6;56.9;49.7;52.9;44.3;89.2;85.3;1.2;2.6;0.0;0.0;0.5;0.0;0.0;0.0;0.3;0.2;0.0;0.7,33.21,0.12,0.0,3.01,14.184,0.0,878.0,1416.0,4,16,,,,,,,,,,,,,,,,,,,,,,,,,,,,,,,,,,,,,,,,,,,,,,,,,,,,,,,,,,,,,
18,4,,,,,,,100,66,69,15,239.6,2730,10801,38,0,18.3,5.9;2.7;13.8;14.0;4.8;3.3;67.9;63.7;52.1;48.5;91.8;60.3;2.6;1.7;0.5;0.5;0.3;0.0;0.3;0.3;0.7;1.0;0.7;1.0,33.2,0.12,0.0,2.16,14.184,0.0,0.0,1757.0,4,16,,,,,,,,,,,,,,,,,,,,,,,,,,,,,,,,,,,,,,,,,,,,,,,,,,,,,,,,,,,,,
18,5,,,,,,,100,69,69,17,240.4,2730,10801,38,0,18.5,6.1;2.6;18.8;16.2;5.5;3.8;43.5;61.2;40.6;56.3;90.9;88.1;1.5;2.0;0.2;0.3;1.0;1.0;0.7;0.0;0.5;0.7;0.9;1.4,33.19,0.12,0.0,1.37,14.184,0.0,1416.0,97.0,4,16,,,,,,,,,,,,,,,,,,,,,,,,,,,,,,,,,,,,,,,,,,,,,,,,,,,,,,,,,,,,,
18,6,,,,,,,98,81,69,14,239.1,2730,10801,38,0,19.3,8.7;2.6;16.3;12.8;8.0;4.1;62.1;69.3;41.6;63.8;85.6;73.5;1.9;3.2;0.5;0.5;2.1;1.5;0.9;0.3;0.5;0.9;1.5;1.9,33.16,0.12,0.0,2.39,14.184,0.0,1660.0,1367.0,4,16,,,,,,,,,,,,,,,,,,,,,,,,,,,,,,,,,,,,,,,,,,,,,,,,,,,,,,,,,,,,,
18,7,,,,,,,100,60,67,16,240.6,2730,10801,38,0,18.3,6.7;1.5;23.4;9.2;7.0;3.3;64.4;83.3;50.1;47.9;89.7;45.4;0.3;2.1;0.5;0.7;0.3;0.3;0.3;0.5;0.7;0.5;0.7;1.2,33.19,0.12,0.0,0.07,14.184,0.0,292.0,0.0,4,16,,,,,,,,,,,,,,,,,,,,,,,,,,,,,,,,,,,,,,,,,,,,,,,,,,,,,,,,,,,,,
18,8,,,,,,,100,67,69,14,240.4,2730,10801,38,0,15.5,4.4;2.6;15.2;8.0;3.3;3.4;78.8;64.8;36.0;33.8;94.7;17.7;1.9;0.7;0.0;0.2;0.2;0.5;1.4;3.4;0.5;0.2;0.0;0.7,33.17,0.12,0.0,0.06,14.184,0.0,30517.0,10546.0,4,16,,,,,,,,,,,,,,,,,,,,,,,,,,,,,,,,,,,,,,,,,,,,,,,,,,,,,,,,,,,,,
18,9,,,,,,,100,68,71,15,240.2,2730,10801,38,0,10.1,3.2;0.2;3.8;2.7;1.2;1.0;48.1;51.5;18.9;6.5;54.9;47.7;0.3;0.2;0.2;0.0;0.0;0.0;0.0;0.2;0.2;0.0;0.0;0.7,33.18,0.12,0.0,0.08,14.184,0.0,244.0,1367.0,4,16,,,,,,,,,,,,,,,,,,,,,,,,,,,,,,,,,,,,,,,,,,,,,,,,,,,,,,,,,,,,,
18,10,,,,,,,59,48,67,15,240.2,2730,10801,38,0,12.8,3.4;0.0;20.7;3.4;3.4;10.3;24.1;58.6;13.8;55.2;100.0;3.4;10.3;0.0;0.0;0.0;0.0;0.0;0.0;0.0;0.0;0.0;0.0;0.0,33.2,0.12,0.0,0.07,14.188,0.0,0.0,1416.0,4,16,,,,,,,,,,,,,,,,,,,,,,,,,,,,,,,,,,,,,,,,,,,,,,,,,,,,,,,,,,,,,
18,summary,0.3239375367110929,0.9889171759862279,0.2864265862305959,0.9986666666666667,0.00100000,88.5,,,,,,,,,,,,,,,,,,,,,,59,95.5,100,48,65.3,81,65,68.4,71,14,15.8,19,84.7,224.36,240.6,2731.5,10801.0,38.0,0,10.1,19.13,41.0,33.16,33.21,33.3,63.16,0.12,0.12,0.12,18.03,0.0,0.0,0.02,0.04,1.28,3.58,11.269,15.584,14.184,14.18,14.188,15.992,0.0,0.0,0.0,0.0,3651.9,30517.0,0.0,1816.0,10546.0,4,4.0,4,16,16.0,16,4,16,3.07,72.04
19,1,,,,,,,100,68,68,23,80.5,2745,10801,38,0,40.6,31.3;30.9;63.5;60.6;41.5;38.0;82.4;84.6;75.2;65.9;94.1;73.5;24.4;25.3;13.6;13.6;22.7;24.3;11.5;11.0;23.0;24.3;20.3;19.7,33.2,0.12,0.0,0.05,14.184,0.0,1708.0,97.0,4,16,,,,,,,,,,,,,,,,,,,,,,,,,,,,,,,,,,,,,,,,,,,,,,,,,,,,,,,,,,,,,
19,2,,,,,,,100,88,66,14,239.5,2730,10801,38,0,20.8,6.7;4.7;19.0;24.7;6.1;9.9;76.6;66.3;60.3;45.8;91.5;55.7;3.7;2.9;1.5;1.5;3.1;2.7;2.0;1.7;1.9;3.2;2.7;3.6,33.25,0.12,0.0,3.57,14.184,0.0,341.0,0.0,4,16,,,,,,,,,,,,,,,,,,,,,,,,,,,,,,,,,,,,,,,,,,,,,,,,,,,,,,,,,,,,,
19,3,,,,,,,100,77,67,15,239.7,2730,10801,38,0,18.6,3.9;2.7;14.4;13.7;3.6;5.6;89.9;68.4;54.6;47.9;85.7;47.1;1.9;2.9;0.2;0.3;0.5;0.3;0.2;1.2;0.2;0.2;0.3;0.7,33.26,0.12,0.0,3.12,14.184,0.0,0.0,1806.0,4,16,,,,,,,,,,,,,,,,,,,,,,,,,,,,,,,,,,,,,,,,,,,,,,,,,,,,,,,,,,,,,
19,4,,,,,,,100,52,69,20,239.2,2730,10801,38,0,18.4,5.4;3.4;15.4;13.8;3.1;6.3;72.5;95.1;60.2;41.0;96.3;19.3;1.4;1.7;0.3;0.5;0.3;1.0;0.5;1.4;0.5;0.2;0.9;1.4,33.2,0.12,0.0,2.21,14.184,0.0,1416.0,244.0,4,16,,,,,,,,,,,,,,,,,,,,,,,,,,,,,,,,,,,,,,,,,,,,,,,,,,,,,,,,,,,,,
19,5,,,,,,,98,80,68,14,241.3,2730,10801,38,0,18.5,4.9;2.4;14.8;14.9;3.4;7.4;91.2;92.6;58.2;43.0;92.0;10.3;2.1;1.5;0.3;0.2;0.7;1.4;0.0;0.2;0.5;0.7;0.2;0.5,33.19,0.12,0.0,1.37,14.184,0.0,830.0,439.0,4,16,,,,,,,,,,,,,,,,,,,,,,,,,,,,,,,,,,,,,,,,,,,,,,,,,,,,,,,,,,,,,
19,6,,,,,,,100,78,68,19,239.4,2730,10801,38,0,18.8,3.9;3.1;18.8;16.5;4.4;7.2;86.5;59.3;44.4;55.3;93.5;45.3;2.2;2.4;0.2;0.3;1.4;0.7;0.5;0.3;0.7;0.3;0.9;2.4,33.17,0.12,0.0,2.42,14.184,0.0,634.0,2050.0,4,16,,,,,,,,,,,,,,,,,,,,,,,,,,,,,,,,,,,,,,,,,,,,,,,,,,,,,,,,,,,,,
19,7,,,,,,,100,76,67,14,239.7,2730,10801,38,0,18.3,7.2;1.9;18.4;7.3;3.8;3.1;81.2;70.3;49.5;50.0;94.9;42.0;1.4;2.4;0.3;0.3;0.2;0.9;0.2;0.0;0.7;0.3;0.3;2.9,33.18,0.12,0.0,0.09,14.184,0.0,14355.0,1416.0,4,16,,,,,,,,,,,,,,,,,,,,,,,,,,,,,,,,,,,,,,,,,,,,,,,,,,,,,,,,,,,,,
19,8,,,,,,,100,52,70,16,240.6,2730,10801,38,0,15.3,4.1;1.5;11.0;10.5;4.1;2.7;81.8;55.3;26.8;45.1;62.1;55.3;1.5;1.5;0.0;0.2;0.7;0.3;0.0;0.2;0.5;0.3;0.2;2.0,33.17,0.12,0.0,0.1,14.184,0.0,585.0,1367.0,4,16,,,,,,,,,,,,,,,,,,,,,,,,,,,,,,,,,,,,,,,,,,,,,,,,,,,,,,,,,,,,,
19,9,,,,,,,98,72,71,14,240.4,2730,10801,38,0,10.0,1.9;0.2;3.3;2.2;0.5;1.5;47.3;53.0;15.7;8.9;70.0;32.1;0.5;0.2;0.0;0.0;0.3;0.2;0.2;0.2;0.0;0.2;0.2;1.4,33.18,0.12,0.0,0.05,14.184,0.0,585.0,1367.0,4,16,,,,,,,,,,,,,,,,,,,,,,,,,,,,,,,,,,,,,,,,,,,,,,,,,,,,,,,,,,,,,
19,10,,,,,,,52,45,69,14,240.4,2730,10801,38,0,12.2,3.3;3.3;13.3;3.3;3.3;3.3;80.0;10.0;30.0;36.7;83.3;13.3;3.3;3.3;0.0;0.0;0.0;0.0;0.0;0.0;0.0;3.3;0.0;0.0,33.21,0.12,0.0,0.06,14.188,0.0,10107.0,9765.0,4,16,,,,,,,,,,,,,,,,,,,,,,,,,,,,,,,,,,,,,,,,,,,,,,,,,,,,,,,,,,,,,
19,summary,0.3225231344698209,0.9892018180658912,0.2863366854985555,0.9984444444444445,0.00100000,88.2,,,,,,,,,,,,,,,,,,,,,,52,94.8,100,45,68.8,88,66,68.3,71,14,16.3,23,80.5,224.07,241.3,2731.5,10801.0,38.0,0,10.0,19.15,40.6,33.17,33.2,33.26,63.16,0.12,0.12,0.12,18.03,0.0,0.0,0.0,0.05,1.3,3.57,11.269,15.584,14.184,14.18,14.188,15.992,0.0,0.0,0.0,0.0,3056.1,14355.0,0.0,1855.1,9765.0,4,4.0,4,16,16.0,16,4,16,3.0,72.04
20,1,,,,,,,0,0,58,22,60.9,2745,10801,38,0,40.6,35.0;31.2;72.5;57.3;40.8;40.0;73.5;95.8;77.0;71.9;97.0;54.8;26.7;26.8;11.3;15.6;23.6;24.0;10.1;9.8;21.7;21.4;19.1;18.3,33.19,0.12,0.0,0.08,14.184,0.0,0.0,1464.0,4,16,,,,,,,,,,,,,,,,,,,,,,,,,,,,,,,,,,,,,,,,,,,,,,,,,,,,,,,,,,,,,
20,2,,,,,,,100,48,68,15,239.6,2730,10801,38,0,21.4,7.1;5.1;17.5;25.3;6.5;9.4;46.8;85.0;60.6;48.8;88.0;75.0;3.4;4.3;2.9;2.1;3.3;4.3;3.1;3.1;2.2;3.2;2.6;5.1,33.22,0.12,0.0,3.6,14.184,0.0,976.0,146.0,4,16,,,,,,,,,,,,,,,,,,,,,,,,,,,,,,,,,,,,,,,,,,,,,,,,,,,,,,,,,,,,,
20,3,,,,,,,98,77,69,16,239.7,2730,10801,38,0,18.5,5.7;2.6;9.9;19.7;3.2;4.6;68.0;77.0;33.6;63.7;89.1;57.8;2.6;1.7;0.0;0.2;0.5;0.7;0.0;0.9;0.2;0.3;0.2;0.9,33.19,0.12,0.0,3.04,14.184,0.0,488.0,1367.0,4,16,,,,,,,,,,,,,,,,,,,,,,,,,,,,,,,,,,,,,,,,,,,,,,,,,,,,,,,,,,,,,
20,4,,,,,,,98,76,69,14,240.0,2730,10801,38,0,19.3,6.1;3.8;16.8;19.9;4.5;7.7;74.7;67.4;53.9;43.5;85.8;64.7;1.4;3.2;0.2;0.5;1.4;1.4;0.9;0.7;0.3;0.9;1.2;2.1,33.2,0.12,0.0,2.18,14.184,0.0,488.0,1708.0,4,16,,,,,,,,,,,,,,,,,,,,,,,,,,,,,,,,,,,,,,,,,,,,,,,,,,,,,,,,,,,,,
20,5,,,,,,,100,80,71,17,239.9,2730,10801,38,0,18.8,6.9;2.1;13.1;13.8;3.4;7.9;75.5;75.2;50.3;52.4;88.4;47.3;2.1;2.4;0.7;0.5;0.7;1.5;0.7;0.9;0.5;0.9;0.7;2.2,33.22,0.12,0.0,1.39,14.184,0.0,927.0,9667.0,4,16,,,,,,,,,,,,,,,,,,,,,,,,,,,,,,,,,,,,,,,,,,,,,,,,,,,,,,,,,,,,,
20,6,,,,,,,100,79,70,13,241.3,2730,10801,38,0,18.3,6.2;4.8;11.6;15.0;2.4;6.8;71.1;85.5;46.6;52.0;86.7;41.3;1.5;1.7;0.0;0.2;1.5;0.9;0.3;0.0;0.5;0.3;0.7;0.7,33.16,0.12,0.0,2.38,14.184,0.0,9521.0,119091.0,4,16,,,,,,,,,,,,,,,,,,,,,,,,,,,,,,,,,,,,,,,,,,,,,,,,,,,,,,,,,,,,,
20,7,,,,,,,100,53,69,16,239.8,2730,10801,38,0,18.6,7.5;2.7;15.0;15.3;5.3;5.1;83.1;84.3;51.5;48.5;90.8;27.8;1.4;2.2;0.2;0.0;0.5;0.9;0.2;0.5;0.2;0.3;0.9;1.7,33.16,0.12,0.05,0.25,14.184,0.0,292.0,97.0,4,16,,,,,,,,,,,,,,,,,,,,,,,,,,,,,,,,,,,,,,,,,,,,,,,,,,,,,,,,,,,,,
20,8,,,,,,,98,74,68,20,238.6,2730,10801,38,0,14.9,6.3;2.6;12.3;7.9;3.8;2.2;76.3;64.4;39.1;28.4;95.5;13.4;1.4;0.2;0.2;0.2;1.0;0.0;0.0;0.0;0.3;0.0;0.2;1.4,33.15,0.12,0.0,0.08,14.184,0.0,1123.0,1464.0,4,16,,,,,,,,,,,,,,,,,,,,,,,,,,,,,,,,,,,,,,,,,,,,,,,,,,,,,,,,,,,,,
20,9,,,,,,,100,80,69,16,239.7,2730,10801,38,0,11.1,5.4;2.2;5.7;3.6;3.1;1.9;28.0;73.5;18.6;10.7;94.7;7.5;2.1;1.2;0.2;0.2;0.9;1.2;0.7;0.7;0.3;1.0;1.0;2.4,33.16,0.12,0.0,0.06,14.184,0.0,2392.0,1708.0,4,16,,,,,,,,,,,,,,,,,,,,,,,,,,,,,,,,,,,,,,,,,,,,,,,,,,,,,,,,,,,,,
20,10,,,,,,,23,15,64,15,239.7,2730,10801,38,0,12.2,3.6;0.0;7.1;10.7;7.1;3.6;20.7;65.5;13.8;48.3;100.0;3.6;0.0;0.0;0.0;0.0;0.0;0.0;0.0;0.0;0.0;0.0;0.0;0.0,33.18,0.12,0.0,0.03,14.188,0.0,732.0,1367.0,4,16,,,,,,,,,,,,,,,,,,,,,,,,,,,,,,,,,,,,,,,,,,,,,,,,,,,,,,,,,,,,,
20,summary,0.32125225750811065,0.989741499448933,0.2862494602998098,0.9985555555555555,0.00100000,88.5,,,,,,,,,,,,,,,,,,,,,,0,81.7,100,0,58.2,80,58,67.5,71,13,16.4,22,60.9,221.92,241.3,2731.5,10801.0,38.0,0,11.1,19.37,40.6,33.15,33.18,33.22,63.16,0.12,0.12,0.12,18.03,0.0,0.01,0.05,0.03,1.31,3.6,11.269,15.584,14.184,14.18,14.188,15.992,0.0,0.0,0.0,0.0,1693.9,9521.0,97.0,13807.9,119091.0,4,4.0,4,16,16.0,16,4,16,2.91,72.04
21,1,,,,,,,0,0,58,19,62.8,2745,10801,38,0,39.9,30.9;30.3;61.0;57.9;39.4;38.9;78.0;81.7;72.0;72.3;95.3;78.0;22.9;24.8;13.8;15.4;21.6;21.2;12.4;11.4;20.7;21.1;18.9;17.9,33.15,0.12,0.0,0.07,14.184,0.0,341.0,0.0,4,16,,,,,,,,,,,,,,,,,,,,,,,,,,,,,,,,,,,,,,,,,,,,,,,,,,,,,,,,,,,,,
21,2,,,,,,,100,61,71,22,240.1,2730,10801,38,0,21.3,9.5;4.9;28.6;10.2;10.7;7.0;91.3;70.4;50.4;61.6;96.4;35.5;5.1;4.1;1.9;2.4;2.7;2.9;1.7;1.9;2.6;2.6;2.6;3.4,33.23,0.12,0.0,3.56,14.184,0.0,18066.0,16455.0,4,16,,,,,,,,,,,,,,,,,,,,,,,,,,,,,,,,,,,,,,,,,,,,,,,,,,,,,,,,,,,,,
21,3,,,,,,,98,74,68,16,240.2,2730,10801,38,0,19.0,4.9;3.2;21.9;14.0;6.2;6.8;65.4;87.7;51.2;51.7;83.4;47.4;2.9;1.9;0.2;0.3;1.7;0.9;0.7;0.5;0.5;1.2;0.3;1.7,33.21,0.12,0.03,3.24,14.184,0.0,0.0,1708.0,4,16,,,,,,,,,,,,,,,,,,,,,,,,,,,,,,,,,,,,,,,,,,,,,,,,,,,,,,,,,,,,,
21,4,,,,,,,100,84,68,21,240.3,2730,10801,38,0,19.5,6.9;3.6;22.2;18.9;4.8;7.0;52.6;73.2;59.7;42.9;91.2;75.6;2.4;1.7;0.2;0.2;0.3;0.3;0.3;0.0;0.5;0.2;0.9;2.2,33.19,0.12,0.01,2.15,14.184,0.0,1464.0,341.0,4,16,,,,,,,,,,,,,,,,,,,,,,,,,,,,,,,,,,,,,,,,,,,,,,,,,,,,,,,,,,,,,
21,5,,,,,,,100,88,68,14,239.4,2730,10801,38,0,18.7,8.4;3.6;13.2;17.4;4.3;4.1;88.7;81.6;43.3;55.2;93.5;19.6;1.9;2.1;0.5;0.5;1.7;1.5;0.5;1.0;1.4;0.9;1.5;2.4,33.18,0.12,0.02,1.53,14.184,0.0,341.0,341.0,4,16,,,,,,,,,,,,,,,,,,,,,,,,,,,,,,,,,,,,,,,,,,,,,,,,,,,,,,,,,,,,,
21,6,,,,,,,100,53,69,16,239.5,2730,10801,38,0,17.8,4.6;2.4;14.1;13.5;4.1;3.3;83.9;74.7;32.7;60.3;94.5;33.2;1.4;1.0;0.2;0.2;1.0;0.0;0.0;0.0;0.0;0.3;0.3;2.5,33.16,0.12,0.0,2.39,14.184,0.0,1416.0,1269.0,4,16,,,,,,,,,,,,,,,,,,,,,,,,,,,,,,,,,,,,,,,,,,,,,,,,,,,,,,,,,,,,,
21,7,,,,,,,98,74,69,14,240.7,2730,10801,38,0,18.7,5.4;2.7;16.8;16.0;5.7;3.8;79.0;61.9;40.6;61.3;92.8;55.8;1.5;1.4;0.0;0.0;0.7;0.5;0.0;0.5;0.5;0.3;0.5;1.5,33.14,0.12,0.0,0.05,14.184,0.0,1416.0,2685.0,4,16,,,,,,,,,,,,,,,,,,,,,,,,,,,,,,,,,,,,,,,,,,,,,,,,,,,,,,,,,,,,,
21,8,,,,,,,100,88,66,16,240.5,2730,10801,38,0,15.0,5.1;1.9;10.8;9.9;3.4;3.4;60.4;51.8;34.5;36.3;69.6;68.0;0.7;0.7;0.5;0.2;0.2;0.2;0.3;0.2;0.3;0.0;0.3;1.2,33.14,0.12,0.0,0.07,14.184,0.0,488.0,2685.0,4,16,,,,,,,,,,,,,,,,,,,,,,,,,,,,,,,,,,,,,,,,,,,,,,,,,,,,,,,,,,,,,
21,9,,,,,,,100,57,69,14,239.5,2730,10801,38,0,10.1,3.1;0.7;5.5;1.4;2.4;0.3;42.6;58.8;18.2;6.2;44.5;57.5;0.2;0.2;0.0;0.0;0.0;0.0;0.3;0.2;0.0;0.2;0.0;0.3,33.14,0.12,0.0,0.05,14.184,0.0,1464.0,2636.0,4,16,,,,,,,,,,,,,,,,,,,,,,,,,,,,,,,,,,,,,,,,,,,,,,,,,,,,,,,,,,,,,
21,10,,,,,,,95,78,63,14,237.5,2730,10801,38,0,14.3,7.1;0.0;42.9;3.4;14.3;3.4;86.2;0.0;20.7;55.2;65.5;34.5;10.3;0.0;0.0;0.0;3.4;0.0;0.0;0.0;0.0;0.0;0.0;0.0,33.18,0.12,0.0,0.04,14.188,0.0,976.0,1757.0,4,16,,,,,,,,,,,,,,,,,,,,,,,,,,,,,,,,,,,,,,,,,,,,,,,,,,,,,,,,,,,,,
21,summary,0.32000168312831256,0.9900580214415186,0.28627826809883117,0.9986666666666667,0.00100000,88.4,,,,,,,,,,,,,,,,,,,,,,0,89.1,100,0,65.7,88,58,66.9,71,14,16.6,22,62.8,222.05,240.7,2731.5,10801.0,38.0,0,10.1,19.43,39.9,33.14,33.17,33.23,63.16,0.12,0.12,0.12,18.03,0.0,0.01,0.03,0.04,1.31,3.56,11.269,15.584,14.184,14.18,14.188,15.992,0.0,0.0,0.0,0.0,2597.2,18066.0,0.0,2987.7,16455.0,4,4.0,4,16,16.0,16,4,16,2.86,72.04
22,1,,,,,,,84,68,67,18,74.1,2745,10801,38,0,39.6,31.6;28.0;61.5;59.7;41.8;35.8;92.8;88.0;66.4;70.5;88.8;69.1;24.6;23.7;12.4;13.9;21.1;22.9;9.1;10.4;20.5;21.6;18.2;17.0,33.05,0.12,0.0,0.05,14.184,0.0,13232.0,24072.0,4,16,,,,,,,,,,,,,,,,,,,,,,,,,,,,,,,,,,,,,,,,,,,,,,,,,,,,,,,,,,,,,
22,2,,,,,,,100,58,67,17,239.2,2730,10801,38,0,21.7,8.0;5.5;30.3;19.3;10.9;5.8;83.0;47.9;39.9;67.2;88.5;74.8;5.3;5.0;2.4;3.3;2.9;3.4;2.9;1.5;3.2;3.3;3.1;3.9,33.22,0.12,0.0,2.47,14.184,0.0,0.0,1367.0,4,16,,,,,,,,,,,,,,,,,,,,,,,,,,,,,,,,,,,,,,,,,,,,,,,,,,,,,,,,,,,,,
22,3,,,,,,,100,59,67,15,239.3,2730,10801,38,0,18.4,4.2;2.0;24.7;12.6;6.5;2.6;75.5;36.3;37.4;65.3;89.1;80.7;0.9;1.4;0.0;0.0;0.3;0.2;0.2;0.5;0.0;0.0;0.3;1.0,33.19,0.12,0.0,2.18,14.184,0.0,292.0,48.0,4,16,,,,,,,,,,,,,,,,,,,,,,,,,,,,,,,,,,,,,,,,,,,,,,,,,,,,,,,,,,,,,
22,4,,,,,,,98,75,68,17,239.3,2730,10801,38,0,18.5,5.4;2.1;17.0;15.2;5.1;3.1;58.8;55.5;35.3;62.9;88.7;83.1;2.4;2.2;0.3;0.2;1.0;1.0;0.2;0.2;0.0;0.7;0.7;1.0,33.18,0.12,0.0,1.6,14.184,0.0,781.0,292.0,4,16,,,,,,,,,,,,,,,,,,,,,,,,,,,,,,,,,,,,,,,,,,,,,,,,,,,,,,,,,,,,,
22,5,,,,,,,100,88,66,22,239.0,2730,10801,38,0,17.9,4.1;2.2;14.9;10.8;5.3;3.6;80.0;80.9;60.3;44.2;92.4;26.9;1.4;0.7;0.0;0.0;0.5;0.0;0.0;0.0;0.9;0.0;0.2;0.5,33.14,0.12,0.0,2.17,14.184,0.0,1171.0,1464.0,4,16,,,,,,,,,,,,,,,,,,,,,,,,,,,,,,,,,,,,,,,,,,,,,,,,,,,,,,,,,,,,,
22,6,,,,,,,100,50,70,16,239.3,2730,10801,38,0,19.0,4.9;3.7;17.1;18.5;4.1;4.8;77.3;59.7;47.7;53.2;93.7;55.9;2.9;1.7;0.7;0.2;2.6;1.4;0.3;0.3;1.4;1.2;1.2;1.4,33.14,0.12,0.0,0.07,14.184,0.0,830.0,97.0,4,16,,,,,,,,,,,,,,,,,,,,,,,,,,,,,,,,,,,,,,,,,,,,,,,,,,,,,,,,,,,,,
22,7,,,,,,,100,58,70,18,239.2,2730,10801,38,0,17.9,4.3;2.6;14.3;11.5;4.0;3.3;59.7;55.1;48.3;52.9;91.2;76.4;0.9;1.2;0.0;0.2;0.3;0.5;0.0;0.3;0.5;0.9;0.3;1.0,33.15,0.12,0.0,0.06,14.184,0.0,292.0,97.0,4,16,,,,,,,,,,,,,,,,,,,,,,,,,,,,,,,,,,,,,,,,,,,,,,,,,,,,,,,,,,,,,
22,8,,,,,,,100,75,70,16,239.8,2730,10801,38,0,15.2,3.1;1.9;12.5;8.2;3.1;3.1;64.8;59.1;38.1;33.1;87.0;44.7;2.2;1.2;0.3;0.0;0.3;1.0;0.2;0.0;0.3;0.3;0.0;0.7,33.14,0.12,0.01,0.14,14.184,0.0,585.0,97.0,4,16,,,,,,,,,,,,,,,,,,,,,,,,,,,,,,,,,,,,,,,,,,,,,,,,,,,,,,,,,,,,,
22,9,,,,,,,98,78,68,22,237.6,2730,10801,38,0,10.5,3.7;1.7;4.6;2.9;1.5;1.7;57.6;45.2;12.8;12.5;99.1;0.9;1.0;0.7;0.3;0.3;0.2;0.5;0.5;0.9;0.3;0.9;0.2;1.4,33.15,0.12,0.0,0.04,14.184,0.0,195.0,1416.0,4,16,,,,,,,,,,,,,,,,,,,,,,,,,,,,,,,,,,,,,,,,,,,,,,,,,,,,,,,,,,,,,
22,10,,,,,,,0,0,60,15,237.6,2730,10801,38,0,12.6,0.0;10.0;16.7;10.0;6.7;3.3;6.7;80.0;23.3;40.0;86.7;6.7;6.7;3.3;0.0;0.0;0.0;3.3;0.0;0.0;0.0;0.0;0.0;0.0,33.19,0.12,0.0,0.02,14.188,0.0,537.0,1416.0,4,16,,,,,,,,,,,,,,,,,,,,,,,,,,,,,,,,,,,,,,,,,,,,,,,,,,,,,,,,,,,,,
22,summary,0.31866017358920706,0.990477014582783,0.28618572147687277,0.999,0.00100000,88.3,,,,,,,,,,,,,,,,,,,,,,0,88.0,100,0,60.9,88,60,67.3,70,15,17.6,22,74.1,222.44,239.8,2731.5,10801.0,38.0,0,10.5,19.13,39.6,33.05,33.16,33.22,63.16,0.12,0.12,0.12,18.03,0.0,0.0,0.01,0.02,0.88,2.47,11.269,15.584,14.184,14.18,14.188,15.992,0.0,0.0,0.0,0.0,1791.5,13232.0,48.0,3036.6,24072.0,4,4.0,4,16,16.0,16,4,16,2.79,72.05
23,1,,,,,,,100,53,68,19,97.2,2745,10801,38,0,39.5,33.2;30.0;59.8;57.6;39.8;37.8;64.6;71.1;76.8;74.4;94.8;89.1;25.4;25.2;12.6;13.4;22.9;22.5;10.0;11.4;19.8;20.3;17.7;18.6,33.08,0.12,0.0,0.07,14.184,0.0,48.0,1416.0,4,16,,,,,,,,,,,,,,,,,,,,,,,,,,,,,,,,,,,,,,,,,,,,,,,,,,,,,,,,,,,,,
23,2,,,,,,,100,87,66,14,239.1,2730,10801,38,0,21.3,8.6;5.8;28.7;13.9;8.6;8.2;90.8;94.3;42.2;60.8;85.4;24.9;5.5;5.1;2.9;2.4;2.9;3.3;2.4;2.4;3.3;3.9;2.7;2.9,33.22,0.12,0.0,3.56,14.184,0.0,1464.0,48.0,4,16,,,,,,,,,,,,,,,,,,,,,,,,,,,,,,,,,,,,,,,,,,,,,,,,,,,,,,,,,,,,,
23,3,,,,,,,100,76,69,16,239.7,2730,10801,38,0,18.1,5.7;2.2;19.1;12.0;5.8;4.1;72.5;85.1;57.1;41.8;95.9;26.3;1.7;1.0;0.3;0.2;0.7;0.7;0.2;0.3;0.7;0.3;0.9;0.7,33.2,0.12,0.0,3.04,14.184,0.0,585.0,1464.0,4,16,,,,,,,,,,,,,,,,,,,,,,,,,,,,,,,,,,,,,,,,,,,,,,,,,,,,,,,,,,,,,
23,4,,,,,,,100,83,70,16,239.8,2730,10801,38,0,19.2,7.4;4.4;23.3;8.2;6.1;3.3;69.0;79.6;48.4;52.2;91.5;50.8;2.9;2.2;0.9;1.9;1.2;1.2;0.9;0.3;0.7;1.0;1.4;3.2,33.19,0.12,0.03,2.32,14.184,0.0,1708.0,0.0,4,16,,,,,,,,,,,,,,,,,,,,,,,,,,,,,,,,,,,,,,,,,,,,,,,,,,,,,,,,,,,,,
23,5,,,,,,,100,49,69,14,240.7,2730,10801,38,0,18.1,5.4;2.1;11.6;16.9;3.8;3.4;63.2;61.5;43.6;56.1;94.0;68.5;1.0;1.0;0.0;0.0;0.5;0.2;0.2;0.0;0.0;0.3;0.2;0.0,33.19,0.12,0.0,1.39,14.184,0.0,0.0,1367.0,4,16,,,,,,,,,,,,,,,,,,,,,,,,,,,,,,,,,,,,,,,,,,,,,,,,,,,,,,,,,,,,,
23,6,,,,,,,98,79,66,21,240.3,2730,10801,37,0,19.2,5.9;5.3;15.4;18.6;5.6;7.7;63.7;84.6;38.6;57.2;86.2;51.6;3.1;2.4;1.4;0.9;1.4;2.2;1.2;0.7;1.5;1.7;1.5;3.2,33.16,0.12,0.0,2.39,14.184,0.0,341.0,10253.0,4,16,,,,,,,,,,,,,,,,,,,,,,,,,,,,,,,,,,,,,,,,,,,,,,,,,,,,,,,,,,,,,
23,7,,,,,,,100,80,69,16,240.4,2730,10801,38,0,18.7,6.7;3.7;14.5;15.3;3.8;6.0;69.3;66.3;46.4;51.5;91.1;61.4;1.9;2.4;0.5;0.7;1.5;0.7;0.3;0.3;0.9;0.7;0.3;1.5,33.17,0.12,0.0,0.15,14.184,0.0,5175.0,1416.0,4,16,,,,,,,,,,,,,,,,,,,,,,,,,,,,,,,,,,,,,,,,,,,,,,,,,,,,,,,,,,,,,
23,8,,,,,,,100,76,70,19,241.4,2730,10801,38,0,15.1,5.1;2.2;10.8;14.4;2.7;3.4;64.9;69.2;17.2;53.7;90.1;22.3;1.5;0.5;0.2;0.2;0.3;0.2;0.2;0.0;0.5;0.2;0.3;0.9,33.16,0.12,0.0,0.04,14.184,0.0,3466.0,1660.0,4,16,,,,,,,,,,,,,,,,,,,,,,,,,,,,,,,,,,,,,,,,,,,,,,,,,,,,,,,,,,,,,
23,9,,,,,,,100,58,71,13,240.8,2730,10801,38,0,10.7,4.1;1.5;3.8;6.2;1.9;1.9;44.3;56.9;11.0;15.9;44.6;59.5;0.9;0.7;0.0;0.2;0.5;0.2;0.2;0.3;0.2;0.3;0.5;1.5,33.16,0.12,0.0,0.07,14.184,0.0,4541.0,1562.0,4,16,,,,,,,,,,,,,,,,,,,,,,,,,,,,,,,,,,,,,,,,,,,,,,,,,,,,,,,,,,,,,
23,10,,,,,,,100,53,70,16,240.8,2730,10801,38,0,14.1,7.1;3.4;20.7;10.3;3.4;13.8;20.7;65.5;24.1;44.8;100.0;0.0;6.9;6.9;0.0;0.0;3.4;0.0;0.0;0.0;0.0;0.0;0.0;0.0,33.19,0.12,0.0,0.13,14.188,0.0,634.0,2929.0,4,16,,,,,,,,,,,,,,,,,,,,,,,,,,,,,,,,,,,,,,,,,,,,,,,,,,,,,,,,,,,,,
23,summary,0.31769761294163157,0.9908299707615655,0.2859836796919505,0.999,0.00100000,88.3,,,,,,,,,,,,,,,,,,,,,,98,99.8,100,49,69.4,87,66,68.8,71,13,16.4,21,97.2,226.02,241.4,2731.5,10801.0,37.9,0,10.7,19.4,39.5,33.08,33.17,33.22,63.16,0.12,0.12,0.12,18.03,0.0,0.0,0.03,0.04,1.32,3.56,11.269,15.584,14.184,14.18,14.188,15.992,0.0,0.0,0.0,0.0,1796.2,5175.0,0.0,2211.5,10253.0,4,4.0,4,16,16.0,16,4,16,2.79,72.04
24,1,,,,,,,100,52,66,18,86.5,2745,10801,38,0,39.8,30.8;30.5;65.8;54.1;39.6;38.2;95.9;92.9;79.8;74.2;97.2;41.0;24.7;25.2;13.4;13.3;20.7;22.2;10.6;11.4;19.6;19.5;16.8;18.7,33.21,0.12,0.0,0.1,14.184,0.0,146.0,97.0,4,16,,,,,,,,,,,,,,,,,,,,,,,,,,,,,,,,,,,,,,,,,,,,,,,,,,,,,,,,,,,,,
24,2,,,,,,,98,75,68,21,238.4,2730,10801,38,0,20.8,8.4;5.3;27.1;15.4;9.6;8.5;89.0;63.8;56.5;52.9;85.5;48.5;4.1;3.9;1.4;1.9;3.3;2.7;1.4;1.5;2.1;2.6;2.1;2.4,33.25,0.12,0.0,3.59,14.184,0.0,1416.0,1367.0,4,16,,,,,,,,,,,,,,,,,,,,,,,,,,,,,,,,,,,,,,,,,,,,,,,,,,,,,,,,,,,,,
24,3,,,,,,,100,61,70,16,240.6,2730,10801,38,0,18.5,6.6;2.7;16.0;13.8;4.9;4.3;74.4;81.3;37.6;60.4;91.1;41.5;2.2;1.5;0.0;0.5;0.7;0.9;0.2;0.0;0.3;0.3;0.2;1.4,33.21,0.12,0.0,3.05,14.184,0.0,38964.0,116357.0,4,16,,,,,,,,,,,,,,,,,,,,,,,,,,,,,,,,,,,,,,,,,,,,,,,,,,,,,,,,,,,,,
24,4,,,,,,,100,61,71,14,240.9,2730,10801,37,0,17.8,4.1;1.9;19.3;11.1;3.9;3.6;76.5;79.3;49.7;47.4;84.8;41.1;0.7;1.5;0.0;0.0;0.2;0.2;0.0;0.0;0.0;0.2;0.0;0.9,33.19,0.12,0.0,2.14,14.184,0.0,585.0,97.0,4,16,,,,,,,,,,,,,,,,,,,,,,,,,,,,,,,,,,,,,,,,,,,,,,,,,,,,,,,,,,,,,
24,5,,,,,,,100,70,71,14,240.8,2730,10801,38,0,18.4,4.8;2.2;17.9;10.4;5.5;3.1;74.4;92.5;56.3;43.3;96.6;23.1;2.4;2.1;0.7;0.3;1.5;1.0;0.5;0.2;1.2;0.9;0.3;1.5,33.19,0.12,0.0,1.36,14.184,0.0,244.0,1416.0,4,16,,,,,,,,,,,,,,,,,,,,,,,,,,,,,,,,,,,,,,,,,,,,,,,,,,,,,,,,,,,,,
24,6,,,,,,,100,86,71,15,240.1,2730,10801,38,0,19.6,7.7;4.4;22.4;13.1;7.7;5.6;76.5;88.3;60.4;46.3;96.1;20.5;3.4;3.2;1.2;0.7;1.2;2.4;0.2;0.5;2.4;1.7;1.5;2.4,33.13,0.11,0.0,2.41,14.184,0.0,1123.0,1367.0,4,16,,,,,,,,,,,,,,,,,,,,,,,,,,,,,,,,,,,,,,,,,,,,,,,,,,,,,,,,,,,,,
24,7,,,,,,,100,59,67,13,240.4,2730,10801,38,0,18.5,6.4;2.7;17.2;15.7;4.3;6.7;63.1;69.1;53.3;48.2;93.0;56.8;2.2;2.1;0.2;0.2;0.5;0.3;0.2;0.0;0.2;0.3;0.3;0.7,33.12,0.11,0.0,0.06,14.184,0.0,1123.0,1416.0,4,16,,,,,,,,,,,,,,,,,,,,,,,,,,,,,,,,,,,,,,,,,,,,,,,,,,,,,,,,,,,,,
24,8,,,,,,,100,75,69,14,240.1,2730,10801,38,0,15.1,4.1;1.2;10.3;10.8;2.2;3.3;43.1;84.0;37.1;30.2;97.6;35.6;0.3;1.4;0.0;0.2;0.2;0.2;0.0;0.0;0.2;0.0;0.3;0.7,33.12,0.11,0.0,0.04,14.184,0.0,1123.0,1416.0,4,16,,,,,,,,,,,,,,,,,,,,,,,,,,,,,,,,,,,,,,,,,,,,,,,,,,,,,,,,,,,,,
24,9,,,,,,,100,49,71,16,240.6,2730,10801,38,0,11.0,4.9;2.4;3.6;6.0;2.2;3.6;42.3;58.9;11.5;15.7;66.9;35.5;0.3;1.0;0.3;0.7;0.3;1.5;1.4;0.3;1.2;0.7;1.0;2.6,33.12,0.11,0.0,0.08,14.184,0.0,1123.0,1367.0,4,16,,,,,,,,,,,,,,,,,,,,,,,,,,,,,,,,,,,,,,,,,,,,,,,,,,,,,,,,,,,,,
24,10,,,,,,,100,52,69,15,240.6,2730,10801,38,0,15.4,9.7;0.0;25.8;16.1;9.7;6.5;67.7;35.5;12.9;48.4;96.8;3.3;3.3;3.3;0.0;0.0;0.0;3.3;3.3;6.7;0.0;6.5;0.0;6.2,33.16,0.11,0.0,0.08,14.188,0.0,43652.0,19384.0,4,16,,,,,,,,,,,,,,,,,,,,,,,,,,,,,,,,,,,,,,,,,,,,,,,,,,,,,,,,,,,,,
24,summary,0.31686269081300045,0.9910166959658248,0.28590230011940004,0.9988888888888889,0.00100000,88.3,,,,,,,,,,,,,,,,,,,,,,98,99.8,100,49,64.0,86,66,69.3,71,13,15.6,21,86.5,224.9,240.9,2731.5,10801.0,37.9,0,11.0,19.49,39.8,33.12,33.17,33.25,63.16,0.11,0.11,0.12,18.03,0.0,0.0,0.0,0.04,1.29,3.59,11.269,15.584,14.184,14.18,14.188,15.992,0.0,0.0,0.0,146.0,8949.9,43652.0,97.0,14428.4,116357.0,4,4.0,4,16,16.0,16,4,16,2.9,72.04
25,1,,,,,,,100,80,66,16,106.0,2730,10801,38,0,40.0,30.2;31.4;62.9;56.4;39.6;35.1;81.6;94.1;67.9;63.9;88.6;83.4;24.1;26.3;12.9;14.7;23.0;24.6;8.5;10.9;21.5;22.5;18.6;18.2,33.12,0.11,0.0,0.06,14.184,0.0,585.0,0.0,4,16,,,,,,,,,,,,,,,,,,,,,,,,,,,,,,,,,,,,,,,,,,,,,,,,,,,,,,,,,,,,,
25,2,,,,,,,100,63,70,14,239.6,2730,10801,38,0,21.0,7.3;4.6;23.0;18.0;9.4;7.4;82.7;51.8;60.7;51.2;94.5;60.2;5.1;5.1;2.1;1.7;2.9;2.9;1.4;2.1;2.4;2.4;2.1;3.2,33.2,0.11,0.0,3.57,14.184,0.0,11425.0,115087.0,4,16,,,,,,,,,,,,,,,,,,,,,,,,,,,,,,,,,,,,,,,,,,,,,,,,,,,,,,,,,,,,,
25,3,,,,,,,98,74,69,16,240.7,2730,10801,38,0,19.1,8.4;2.6;19.5;19.1;7.2;4.8;85.6;70.3;61.8;37.0;94.2;32.8;3.6;2.4;0.7;0.3;1.9;1.4;0.3;0.2;1.2;1.0;1.5;1.2,33.19,0.11,0.0,3.01,14.184,0.0,292.0,1904.0,4,16,,,,,,,,,,,,,,,,,,,,,,,,,,,,,,,,,,,,,,,,,,,,,,,,,,,,,,,,,,,,,
25,4,,,,,,,100,80,69,15,240.0,2730,10801,38,0,18.3,5.4;1.4;23.0;12.3;3.9;2.2;80.3;69.8;34.1;69.0;93.7;40.5;1.2;0.5;0.0;0.0;0.2;0.0;0.0;0.0;0.5;0.3;0.0;0.0,33.16,0.11,0.0,2.17,14.184,0.0,634.0,2001.0,4,16,,,,,,,,,,,,,,,,,,,,,,,,,,,,,,,,,,,,,,,,,,,,,,,,,,,,,,,,,,,,,
25,5,,,,,,,100,77,67,13,240.9,2730,10801,38,0,18.3,6.8;1.5;21.5;10.3;4.3;3.3;54.9;70.5;38.8;57.3;85.2;76.3;1.7;1.9;0.3;0.2;0.9;1.0;0.2;0.2;0.3;0.2;0.7;0.2,33.14,0.11,0.0,1.39,14.184,0.0,927.0,1611.0,4,16,,,,,,,,,,,,,,,,,,,,,,,,,,,,,,,,,,,,,,,,,,,,,,,,,,,,,,,,,,,,,
25,6,,,,,,,100,50,71,15,241.0,2730,10801,38,0,18.1,5.7;2.7;23.4;9.8;4.4;3.7;90.2;82.3;40.3;59.0;96.8;13.7;0.3;1.5;0.0;0.0;0.3;0.0;0.0;0.0;0.3;0.2;0.2;0.0,33.17,0.11,0.0,2.38,14.184,0.0,1123.0,1513.0,4,16,,,,,,,,,,,,,,,,,,,,,,,,,,,,,,,,,,,,,,,,,,,,,,,,,,,,,,,,,,,,,
25,7,,,,,,,100,88,67,15,240.4,2730,10801,38,0,18.2,6.6;1.2;20.9;14.4;3.8;5.1;87.0;90.9;54.5;40.9;93.2;12.7;1.9;1.7;0.0;0.3;0.9;0.7;0.0;0.2;0.0;0.0;0.2;0.3,33.13,0.11,0.0,0.05,14.184,0.0,976.0,195.0,4,16,,,,,,,,,,,,,,,,,,,,,,,,,,,,,,,,,,,,,,,,,,,,,,,,,,,,,,,,,,,,,
25,8,,,,,,,100,53,68,15,240.7,2730,10801,38,0,14.9,4.6;1.2;13.9;7.6;1.5;5.0;61.0;59.5;33.1;34.6;87.3;41.9;0.3;1.2;0.3;0.3;0.2;1.0;0.3;0.2;0.5;0.2;0.0;1.5,33.13,0.11,0.0,0.06,14.184,0.0,2636.0,1513.0,4,16,,,,,,,,,,,,,,,,,,,,,,,,,,,,,,,,,,,,,,,,,,,,,,,,,,,,,,,,,,,,,
25,9,,,,,,,100,78,69,17,240.3,2730,10801,38,0,11.3,4.4;2.6;5.1;5.3;2.6;3.6;38.7;63.6;9.2;19.8;83.9;19.4;1.5;1.0;0.7;0.5;1.2;1.4;0.5;0.2;0.7;1.2;0.9;4.1,33.14,0.11,0.0,0.07,14.184,0.0,976.0,146.0,4,16,,,,,,,,,,,,,,,,,,,,,,,,,,,,,,,,,,,,,,,,,,,,,,,,,,,,,,,,,,,,,
25,10,,,,,,,100,78,69,14,240.3,2730,10801,38,0,14.2,13.3;6.9;17.2;20.7;10.3;10.3;65.5;17.2;48.3;20.7;44.8;55.2;3.4;6.9;0.0;0.0;0.0;0.0;0.0;0.0;0.0;0.0;0.0;0.0,33.16,0.11,0.03,0.12,14.188,0.0,781.0,1757.0,4,16,,,,,,,,,,,,,,,,,,,,,,,,,,,,,,,,,,,,,,,,,,,,,,,,,,,,,,,,,,,,,
25,summary,0.31633860807304726,0.9913582664614208,0.2856329481601715,0.9987777777777778,0.00100000,88.5,,,,,,,,,,,,,,,,,,,,,,98,99.8,100,50,72.1,88,66,68.5,71,13,15.0,17,106.0,226.99,241.0,2730.0,10801.0,38.0,0,11.3,19.34,40.0,33.12,33.15,33.2,63.16,0.11,0.11,0.11,18.03,0.0,0.0,0.03,0.05,1.29,3.57,11.269,15.584,14.184,14.18,14.188,15.992,0.0,0.0,0.0,292.0,2035.5,11425.0,0.0,12572.7,115087.0,4,4.0,4,16,16.0,16,4,16,2.86,72.04
26,1,,,,,,,100,72,66,17,102.8,2730,10801,38,0,39.6,30.7;31.9;58.0;62.3;37.0;38.9;79.5;92.7;75.5;59.1;87.4;83.2;23.2;25.7;14.0;12.6;22.0;23.0;9.2;10.0;20.6;19.8;17.8;17.1,33.06,0.11,0.0,0.05,14.184,0.0,0.0,1855.0,4,16,,,,,,,,,,,,,,,,,,,,,,,,,,,,,,,,,,,,,,,,,,,,,,,,,,,,,,,,,,,,,
26,2,,,,,,,100,70,69,14,239.1,2730,10801,38,0,21.6,8.6;6.2;22.6;25.0;8.6;9.8;82.8;69.0;40.4;68.5;86.6;51.5;5.5;4.6;2.2;2.7;3.6;3.6;1.9;2.1;2.9;3.3;2.4;3.1,33.21,0.11,0.0,3.58,14.184,0.0,1416.0,0.0,4,16,,,,,,,,,,,,,,,,,,,,,,,,,,,,,,,,,,,,,,,,,,,,,,,,,,,,,,,,,,,,,
26,3,,,,,,,100,75,68,22,239.7,2730,10801,38,0,18.8,5.1;3.1;14.6;20.8;4.6;7.3;78.7;86.8;56.2;45.7;88.2;31.5;2.1;1.4;0.5;0.7;0.2;0.5;0.2;0.2;0.7;0.5;0.3;1.0,33.19,0.11,0.0,3.02,14.184,0.0,976.0,146.0,4,16,,,,,,,,,,,,,,,,,,,,,,,,,,,,,,,,,,,,,,,,,,,,,,,,,,,,,,,,,,,,,
26,4,,,,,,,100,88,68,16,239.6,2730,10801,38,0,18.4,5.4;1.5;23.3;12.9;5.7;3.1;67.1;76.6;41.9;56.2;87.5;51.2;1.9;1.5;0.3;0.5;0.3;0.5;0.5;0.2;0.5;0.7;0.0;2.0,33.16,0.11,0.0,2.14,14.184,0.0,976.0,537.0,4,16,,,,,,,,,,,,,,,,,,,,,,,,,,,,,,,,,,,,,,,,,,,,,,,,,,,,,,,,,,,,,
26,5,,,,,,,87,71,68,21,237.8,2730,10801,38,0,19.3,6.9;3.4;19.3;13.5;5.3;5.5;53.5;86.9;62.8;44.8;89.4;55.0;3.2;2.7;1.2;1.0;0.9;0.7;0.9;0.5;1.2;1.0;0.5;2.9,33.16,0.11,0.0,1.37,14.184,0.0,1416.0,48.0,4,16,,,,,,,,,,,,,,,,,,,,,,,,,,,,,,,,,,,,,,,,,,,,,,,,,,,,,,,,,,,,,
26,6,,,,,,,100,65,71,16,239.9,2730,10801,38,0,18.2,5.1;1.9;18.3;8.0;5.1;2.7;65.7;58.2;54.3;48.8;92.0;68.7;1.7;1.9;0.3;0.0;0.9;0.5;0.3;0.2;0.7;0.2;0.2;1.4,33.15,0.11,0.0,2.39,14.184,0.0,781.0,1367.0,4,16,,,,,,,,,,,,,,,,,,,,,,,,,,,,,,,,,,,,,,,,,,,,,,,,,,,,,,,,,,,,,
26,7,,,,,,,100,69,70,20,241.2,2730,10801,38,0,18.2,5.6;2.1;15.7;11.5;4.5;4.6;77.6;66.0;40.2;58.4;92.4;48.5;2.1;2.1;0.2;0.3;0.5;0.7;0.7;0.3;0.9;0.2;1.0;1.2,33.13,0.11,0.0,0.06,14.184,0.0,585.0,1464.0,4,16,,,,,,,,,,,,,,,,,,,,,,,,,,,,,,,,,,,,,,,,,,,,,,,,,,,,,,,,,,,,,
26,8,,,,,,,98,77,68,15,240.5,2730,10801,38,0,16.9,7.0;4.1;20.5;16.3;8.7;6.5;36.5;94.5;36.0;40.1;92.6;28.5;4.1;3.1;0.5;0.5;1.5;1.9;0.2;0.9;0.0;0.9;0.3;1.5,33.19,0.11,0.02,0.48,14.184,0.0,0.0,108105.0,4,16,,,,,,,,,,,,,,,,,,,,,,,,,,,,,,,,,,,,,,,,,,,,,,,,,,,,,,,,,,,,,
26,9,,,,,,,100,81,69,15,239.9,2730,10801,38,0,11.8,2.7;2.6;3.8;7.4;3.8;2.7;54.2;46.8;7.5;24.5;83.2;36.6;1.0;0.2;0.3;0.5;0.2;0.3;2.2;0.3;0.3;0.2;0.7;1.4,33.24,0.11,0.02,0.56,14.184,0.0,2246.0,1513.0,4,16,,,,,,,,,,,,,,,,,,,,,,,,,,,,,,,,,,,,,,,,,,,,,,,,,,,,,,,,,,,,,
26,10,,,,,,,23,15,64,19,239.9,2730,10801,38,0,15.3,6.9;7.1;16.7;23.3;3.4;6.9;72.4;13.8;31.0;34.5;86.2;21.4;17.2;0.0;3.6;3.6;0.0;3.6;0.0;0.0;0.0;7.1;3.6;0.0,33.27,0.11,0.03,0.62,14.188,0.0,1464.0,341.0,4,16,,,,,,,,,,,,,,,,,,,,,,,,,,,,,,,,,,,,,,,,,,,,,,,,,,,,,,,,,,,,,
26,summary,0.3152686577260674,0.9916383542678094,0.2854892877737681,0.9987777777777778,0.00100000,88.1,,,,,,,,,,,,,,,,,,,,,,23,90.8,100,15,68.3,88,64,68.1,71,14,17.5,22,102.8,226.04,241.2,2730.0,10801.0,38.0,0,11.8,19.81,39.6,33.06,33.18,33.27,63.16,0.11,0.11,0.11,18.03,0.0,0.01,0.03,0.05,1.43,3.58,11.269,15.584,14.184,14.18,14.188,15.992,0.0,0.0,0.0,0.0,986.0,2246.0,0.0,11537.6,108105.0,4,4.0,4,16,16.0,16,4,16,2.74,72.03
27,1,,,,,,,0,0,58,18,59.3,2745,10801,38,0,44.4,35.5;37.6;64.2;66.7;49.1;50.8;90.5;95.3;66.7;68.8;93.7;78.2;25.5;28.0;18.3;18.8;23.6;25.4;20.9;18.5;23.8;24.4;21.1;22.5,33.26,0.09,1.8,19.61,14.184,0.0,585.0,1464.0,4,16,,,,,,,,,,,,,,,,,,,,,,,,,,,,,,,,,,,,,,,,,,,,,,,,,,,,,,,,,,,,,
27,2,,,,,,,100,67,70,15,240.1,2730,10801,38,0,24.5,11.3;9.4;44.3;48.0;14.7;15.8;91.6;51.3;54.9;67.7;89.6;44.9;6.5;5.1;1.9;3.1;3.6;3.4;2.4;2.4;3.4;3.6;3.1;3.2,33.36,0.09,0.18,4.17,14.184,0.0,1416.0,1464.0,4,16,,,,,,,,,,,,,,,,,,,,,,,,,,,,,,,,,,,,,,,,,,,,,,,,,,,,,,,,,,,,,
27,3,,,,,,,100,69,70,13,240.3,2730,10801,38,0,18.4,8.2;4.1;11.3;15.4;3.4;6.0;73.8;76.0;43.9;58.2;82.6;49.9;1.9;1.9;0.2;0.3;0.7;0.3;0.0;0.2;0.3;0.5;0.3;1.2,33.31,0.09,0.14,3.42,14.184,0.0,488.0,1513.0,4,16,,,,,,,,,,,,,,,,,,,,,,,,,,,,,,,,,,,,,,,,,,,,,,,,,,,,,,,,,,,,,
27,4,,,,,,,98,78,68,15,237.9,2730,10801,38,0,18.1,6.1;2.7;17.8;11.3;5.1;2.7;78.9;57.3;48.0;51.8;89.4;55.3;1.7;1.7;0.3;0.0;0.2;0.3;0.5;0.3;0.3;0.2;0.3;1.4,33.3,0.09,0.05,2.27,14.184,0.0,537.0,0.0,4,16,,,,,,,,,,,,,,,,,,,,,,,,,,,,,,,,,,,,,,,,,,,,,,,,,,,,,,,,,,,,,
27,5,,,,,,,100,62,68,14,241.0,2730,10801,38,0,18.7,6.1;3.6;19.5;11.1;7.7;3.6;93.5;83.1;49.6;52.1;96.6;10.2;2.1;1.4;0.7;0.2;1.0;0.9;0.7;0.9;0.5;0.7;1.0;3.4,33.29,0.09,0.01,1.45,14.184,0.0,3808.0,112792.0,4,16,,,,,,,,,,,,,,,,,,,,,,,,,,,,,,,,,,,,,,,,,,,,,,,,,,,,,,,,,,,,,
27,6,,,,,,,100,68,69,14,240.6,2730,10801,38,0,19.4,6.9;2.2;19.2;16.4;7.3;7.0;86.0;87.7;43.7;57.8;90.3;23.3;2.7;3.4;0.0;0.3;1.7;1.7;0.0;0.3;1.0;1.2;1.0;2.7,33.27,0.09,0.01,2.41,14.184,0.0,0.0,1611.0,4,16,,,,,,,,,,,,,,,,,,,,,,,,,,,,,,,,,,,,,,,,,,,,,,,,,,,,,,,,,,,,,
27,7,,,,,,,100,68,71,21,239.7,2730,10801,38,0,18.0,4.3;0.9;20.9;8.0;5.5;1.9;86.7;76.0;40.2;59.1;93.5;30.5;0.9;0.7;0.0;0.2;0.5;0.2;0.0;0.3;0.5;0.2;0.3;0.3,33.3,0.09,0.01,0.14,14.184,0.0,7128.0,1513.0,4,16,,,,,,,,,,,,,,,,,,,,,,,,,,,,,,,,,,,,,,,,,,,,,,,,,,,,,,,,,,,,,
27,8,,,,,,,98,81,69,16,238.7,2730,10801,38,0,15.2,4.2;1.2;13.5;7.7;4.5;2.1;80.0;62.4;32.0;37.7;94.7;20.1;1.5;0.9;0.2;0.2;0.0;0.2;0.0;0.5;0.3;0.0;0.0;0.7,33.24,0.09,0.0,0.06,14.184,0.0,878.0,1562.0,4,16,,,,,,,,,,,,,,,,,,,,,,,,,,,,,,,,,,,,,,,,,,,,,,,,,,,,,,,,,,,,,
27,9,,,,,,,100,71,69,21,240.0,2730,10801,38,0,10.1,2.9;0.9;3.6;2.4;1.7;0.9;33.7;67.2;12.2;13.1;76.6;24.9;0.7;0.5;0.0;0.0;0.2;0.2;0.0;0.3;0.2;0.0;0.3;0.5,33.24,0.09,0.0,0.05,14.184,0.0,2246.0,1562.0,4,16,,,,,,,,,,,,,,,,,,,,,,,,,,,,,,,,,,,,,,,,,,,,,,,,,,,,,,,,,,,,,
27,10,,,,,,,48,39,62,16,240.0,2730,10801,38,0,17.3,9.7;10.0;10.3;26.7;6.9;20.7;80.0;31.0;40.0;30.0;60.0;26.7;3.4;13.3;6.9;3.4;3.4;6.9;6.9;0.0;0.0;6.9;3.4;3.3,33.27,0.09,0.0,0.22,14.188,0.0,0.0,2294.0,4,16,,,,,,,,,,,,,,,,,,,,,,,,,,,,,,,,,,,,,,,,,,,,,,,,,,,,,,,,,,,,,
27,summary,0.31444175904459526,0.9918865621612759,0.28537009048461914,0.999,0.00100000,88.2,,,,,,,,,,,,,,,,,,,,,,0,84.4,100,0,60.3,81,58,67.4,71,13,16.3,21,59.3,221.76,241.0,2731.5,10801.0,38.0,0,10.1,20.41,44.4,33.24,33.28,33.36,63.16,0.09,0.09,0.09,18.03,0.0,0.22,1.8,0.05,3.38,19.61,11.269,15.584,14.184,14.18,14.188,15.992,0.0,0.0,0.0,0.0,1708.6,7128.0,0.0,12577.5,112792.0,4,4.0,4,16,16.0,16,4,16,3.02,72.06
28,1,,,,,,,9,5,63,20,59.7,2745,10801,38,0,40.8,32.6;33.3;61.5;57.9;39.6;40.6;85.4;80.3;62.6;82.3;90.8;78.3;25.8;26.5;14.5;13.9;23.4;25.0;11.1;10.2;21.9;22.2;21.4;19.1,33.41,0.09,0.03,0.34,14.184,0.0,1367.0,1416.0,4,16,,,,,,,,,,,,,,,,,,,,,,,,,,,,,,,,,,,,,,,,,,,,,,,,,,,,,,,,,,,,,
28,2,,,,,,,100,52,68,15,239.2,2730,10801,38,0,19.8,6.6;3.3;18.4;25.7;6.2;7.4;60.9;77.8;44.6;53.3;91.4;61.1;4.6;2.6;1.0;0.5;1.7;1.9;0.7;0.2;0.9;0.7;1.2;2.0,33.33,0.09,0.02,3.65,14.184,0.0,341.0,1416.0,4,16,,,,,,,,,,,,,,,,,,,,,,,,,,,,,,,,,,,,,,,,,,,,,,,,,,,,,,,,,,,,,
28,3,,,,,,,100,65,70,14,240.6,2730,10801,38,0,18.1,6.2;1.5;13.9;16.4;3.2;5.3;62.4;67.1;29.6;67.0;88.2;66.2;1.7;1.4;0.2;0.0;1.0;0.2;0.2;0.0;0.0;0.5;0.7;1.0,33.3,0.09,0.0,3.05,14.184,0.0,1123.0,1464.0,4,16,,,,,,,,,,,,,,,,,,,,,,,,,,,,,,,,,,,,,,,,,,,,,,,,,,,,,,,,,,,,,
28,4,,,,,,,100,72,71,13,240.3,2730,10801,38,0,18.2,5.6;2.1;13.8;18.7;4.9;4.8;80.5;87.2;38.7;60.0;92.9;23.4;0.9;1.4;0.0;0.2;0.2;0.5;0.0;0.2;0.3;0.2;0.2;0.7,33.27,0.09,0.0,2.16,14.184,0.0,17675.0,15185.0,4,16,,,,,,,,,,,,,,,,,,,,,,,,,,,,,,,,,,,,,,,,,,,,,,,,,,,,,,,,,,,,,
28,5,,,,,,,100,85,71,16,239.2,2730,10801,38,0,18.6,4.9;3.1;16.1;13.8;2.7;5.7;90.2;59.2;46.1;51.7;92.1;49.9;2.4;1.7;0.5;0.2;0.5;1.0;0.7;0.7;0.7;0.5;1.0;1.2,33.24,0.09,0.0,1.37,14.184,0.0,0.0,1367.0,4,16,,,,,,,,,,,,,,,,,,,,,,,,,,,,,,,,,,,,,,,,,,,,,,,,,,,,,,,,,,,,,
28,6,,,,,,,100,57,70,13,240.0,2730,10801,38,0,17.9,5.2;1.0;16.7;12.5;6.1;2.7;72.1;54.4;57.0;42.0;89.7;64.9;1.4;1.2;0.2;0.2;1.0;0.2;0.3;0.0;0.3;0.0;0.0;1.4,33.22,0.09,0.0,2.39,14.184,0.0,781.0,1367.0,4,16,,,,,,,,,,,,,,,,,,,,,,,,,,,,,,,,,,,,,,,,,,,,,,,,,,,,,,,,,,,,,
28,7,,,,,,,100,58,68,16,240.7,2730,10801,38,0,18.6,6.6;2.2;21.7;16.4;7.2;4.3;81.5;73.3;55.1;47.7;95.2;27.6;2.1;1.0;0.2;0.5;1.4;0.9;0.2;0.0;0.0;0.2;0.2;0.3,33.2,0.09,0.0,0.07,14.184,0.0,0.0,1855.0,4,16,,,,,,,,,,,,,,,,,,,,,,,,,,,,,,,,,,,,,,,,,,,,,,,,,,,,,,,,,,,,,
28,8,,,,,,,100,70,70,21,240.9,2730,10801,38,0,15.6,6.2;2.6;16.9;7.9;6.3;2.6;54.0;69.1;33.4;34.0;70.8;61.4;2.9;2.2;0.2;0.0;0.5;1.0;0.3;0.0;0.7;0.5;0.2;1.5,33.21,0.09,0.01,0.05,14.184,0.0,1171.0,244.0,4,16,,,,,,,,,,,,,,,,,,,,,,,,,,,,,,,,,,,,,,,,,,,,,,,,,,,,,,,,,,,,,
28,9,,,,,,,98,77,69,13,239.3,2730,10801,38,0,10.7,3.4;1.0;4.4;2.9;3.1;0.9;52.6;51.5;14.8;15.2;97.8;2.7;1.0;0.9;0.3;0.2;0.3;0.2;0.3;0.3;0.2;0.3;0.3;1.2,33.19,0.09,0.0,0.07,14.184,0.0,0.0,1855.0,4,16,,,,,,,,,,,,,,,,,,,,,,,,,,,,,,,,,,,,,,,,,,,,,,,,,,,,,,,,,,,,,
28,10,,,,,,,0,0,61,16,239.3,2730,10801,38,0,14.5,6.5;6.7;3.2;12.9;0.0;6.5;87.1;10.0;25.8;51.6;100.0;10.0;6.7;3.3;3.3;0.0;0.0;3.3;3.3;0.0;3.3;0.0;0.0;0.0,33.23,0.09,0.0,0.12,14.188,0.0,11474.0,18017.0,4,16,,,,,,,,,,,,,,,,,,,,,,,,,,,,,,,,,,,,,,,,,,,,,,,,,,,,,,,,,,,,,
28,summary,0.31373829702905265,0.9921598185577527,0.2853375725746155,0.9991111111111111,0.00100000,88.4,,,,,,,,,,,,,,,,,,,,,,0,80.7,100,0,54.1,85,61,68.1,71,13,15.7,21,59.7,221.92,240.9,2731.5,10801.0,38.0,0,10.7,19.28,40.8,33.19,33.26,33.41,63.16,0.09,0.09,0.09,18.03,0.0,0.01,0.03,0.05,1.33,3.65,11.269,15.584,14.184,14.18,14.188,15.992,0.0,0.0,0.0,0.0,3393.2,17675.0,244.0,4418.6,18017.0,4,4.0,4,16,16.0,16,4,16,3.08,72.04
29,1,,,,,,,37,28,65,23,67.0,2745,10801,38,0,40.2,33.0;30.9;63.3;59.1;38.1;40.0;81.0;85.1;68.2;78.1;95.5;69.6;24.8;24.0;12.6;15.4;23.3;23.7;10.2;9.2;20.2;21.8;19.8;18.4,33.21,0.09,0.0,0.06,14.184,0.0,1123.0,1464.0,4,16,,,,,,,,,,,,,,,,,,,,,,,,,,,,,,,,,,,,,,,,,,,,,,,,,,,,,,,,,,,,,
29,2,,,,,,,100,67,70,16,238.9,2730,10801,38,0,21.2,9.0;4.1;21.0;17.7;6.8;9.2;84.0;90.8;64.8;38.9;86.0;41.2;3.8;6.0;2.4;2.2;2.6;3.2;2.1;1.7;3.4;3.2;2.1;3.4,33.27,0.09,0.0,3.57,14.184,0.0,5078.0,1367.0,4,16,,,,,,,,,,,,,,,,,,,,,,,,,,,,,,,,,,,,,,,,,,,,,,,,,,,,,,,,,,,,,
29,3,,,,,,,100,84,70,15,239.5,2730,10801,38,0,18.4,3.7;2.2;21.0;13.1;5.7;4.5;74.1;77.3;42.6;60.8;89.1;41.4;1.0;1.0;0.3;0.0;0.3;0.9;0.2;0.2;0.2;0.2;0.7;0.9,33.25,0.09,0.0,3.05,14.184,0.0,292.0,97.0,4,16,,,,,,,,,,,,,,,,,,,,,,,,,,,,,,,,,,,,,,,,,,,,,,,,,,,,,,,,,,,,,
29,4,,,,,,,100,55,71,14,240.9,2730,10801,38,0,18.5,5.1;3.4;12.5;12.8;4.5;6.2;89.2;91.3;44.1;53.3;82.7;26.4;3.1;2.6;0.2;0.5;1.9;0.5;0.2;0.5;1.0;0.9;0.3;1.2,33.24,0.09,0.0,2.12,14.184,0.0,292.0,0.0,4,16,,,,,,,,,,,,,,,,,,,,,,,,,,,,,,,,,,,,,,,,,,,,,,,,,,,,,,,,,,,,,
29,5,,,,,,,100,71,69,15,240.7,2730,10801,38,0,18.6,4.1;4.4;20.8;15.5;5.1;5.8;84.1;65.4;50.6;48.0;94.4;39.7;1.9;1.4;0.2;0.0;0.7;0.9;0.2;0.3;0.3;0.7;0.2;1.0,33.22,0.09,0.0,1.4,14.184,0.0,634.0,1562.0,4,16,,,,,,,,,,,,,,,,,,,,,,,,,,,,,,,,,,,,,,,,,,,,,,,,,,,,,,,,,,,,,
29,6,,,,,,,100,85,69,13,239.6,2730,10801,38,0,18.5,3.7;3.4;13.5;17.7;4.4;5.6;76.4;76.8;46.8;55.6;85.0;44.3;2.0;2.1;0.0;0.5;1.0;0.7;0.3;0.2;0.5;0.7;0.9;1.7,33.2,0.09,0.0,2.38,14.184,0.0,15087.0,390.0,4,16,,,,,,,,,,,,,,,,,,,,,,,,,,,,,,,,,,,,,,,,,,,,,,,,,,,,,,,,,,,,,
29,7,,,,,,,98,82,71,15,238.1,2730,10801,38,0,19.0,8.5;4.8;20.0;10.1;6.1;5.5;45.5;67.7;39.3;62.6;87.9;81.8;2.1;3.8;0.3;0.7;1.2;0.5;0.5;0.7;1.2;1.0;1.0;2.9,33.21,0.09,0.0,0.08,14.184,0.0,1464.0,97.0,4,16,,,,,,,,,,,,,,,,,,,,,,,,,,,,,,,,,,,,,,,,,,,,,,,,,,,,,,,,,,,,,
29,8,,,,,,,100,56,70,20,239.9,2730,10801,38,0,15.6,4.4;2.9;11.4;13.2;2.6;4.9;41.9;60.8;34.1;38.9;65.2;81.6;1.2;1.9;0.3;0.2;1.2;0.9;1.0;0.2;0.5;1.0;1.0;2.2,33.2,0.09,0.0,0.04,14.184,0.0,1416.0,97.0,4,16,,,,,,,,,,,,,,,,,,,,,,,,,,,,,,,,,,,,,,,,,,,,,,,,,,,,,,,,,,,,,
29,9,,,,,,,98,74,70,16,240.8,2730,10801,38,0,10.6,4.7;1.2;4.1;4.1;1.2;3.3;59.9;43.2;10.1;13.7;99.0;2.9;1.4;0.7;0.0;0.2;0.5;0.5;0.3;0.3;0.3;0.5;0.2;1.7,33.19,0.09,0.0,0.07,14.184,0.0,244.0,1367.0,4,16,,,,,,,,,,,,,,,,,,,,,,,,,,,,,,,,,,,,,,,,,,,,,,,,,,,,,,,,,,,,,
29,10,,,,,,,60,49,61,14,240.8,2730,10801,38,0,13.4,10.0;3.3;13.3;13.3;0.0;6.7;80.6;6.7;38.7;25.8;80.6;20.0;3.3;3.3;0.0;0.0;0.0;3.3;0.0;0.0;3.3;3.3;0.0;0.0,33.22,0.09,0.0,0.09,14.188,0.0,1464.0,0.0,4,16,,,,,,,,,,,,,,,,,,,,,,,,,,,,,,,,,,,,,,,,,,,,,,,,,,,,,,,,,,,,,
29,summary,0.31375270261910637,0.9921097215517319,0.28528312905629477,0.999,0.00100000,88.4,,,,,,,,,,,,,,,,,,,,,,37,89.3,100,28,65.1,85,61,68.6,71,13,16.1,23,67.0,222.62,240.9,2731.5,10801.0,38.0,0,10.6,19.4,40.2,33.19,33.22,33.27,63.16,0.09,0.09,0.09,18.03,0.0,0.0,0.0,0.04,1.29,3.57,11.269,15.584,14.184,14.18,14.188,15.992,0.0,0.0,0.0,244.0,2709.4,15087.0,0.0,644.1,1562.0,4,4.0,4,16,16.0,16,4,16,2.98,72.04
30,1,,,,,,,100,50,66,16,90.4,2730,10801,38,0,40.1,32.2;33.2;62.0;58.5;38.7;39.9;88.4;95.0;66.1;75.0;94.4;56.8;25.4;24.2;14.4;14.5;21.9;22.8;11.7;10.0;20.5;20.9;19.5;16.7,33.25,0.09,0.0,0.06,14.184,0.0,781.0,97.0,4,16,,,,,,,,,,,,,,,,,,,,,,,,,,,,,,,,,,,,,,,,,,,,,,,,,,,,,,,,,,,,,
30,2,,,,,,,100,85,70,16,238.7,2730,10801,38,0,20.0,7.6;4.1;15.0;22.4;6.5;6.8;87.0;66.1;53.6;52.6;91.1;40.9;3.8;3.6;1.2;1.5;2.6;2.1;0.9;1.4;2.1;2.7;1.9;1.9,33.28,0.09,0.0,3.57,14.184,0.0,1464.0,0.0,4,16,,,,,,,,,,,,,,,,,,,,,,,,,,,,,,,,,,,,,,,,,,,,,,,,,,,,,,,,,,,,,
30,3,,,,,,,100,53,70,17,240.3,2730,10801,38,0,18.6,5.4;2.4;10.6;19.3;2.7;6.5;86.0;82.3;35.8;64.4;90.3;30.3;1.9;1.9;0.2;0.3;1.4;0.0;0.2;0.0;0.5;1.0;0.7;1.4,33.25,0.09,0.0,3.06,14.184,0.0,1416.0,48.0,4,16,,,,,,,,,,,,,,,,,,,,,,,,,,,,,,,,,,,,,,,,,,,,,,,,,,,,,,,,,,,,,
30,4,,,,,,,100,62,71,13,240.6,2730,10801,38,0,17.9,4.4;3.1;11.6;16.9;1.9;7.9;70.0;82.3;39.1;57.9;91.0;37.4;1.0;1.5;0.0;0.2;0.5;0.5;0.2;0.2;0.2;0.5;0.3;0.9,33.26,0.09,0.0,2.17,14.184,0.0,341.0,439.0,4,16,,,,,,,,,,,,,,,,,,,,,,,,,,,,,,,,,,,,,,,,,,,,,,,,,,,,,,,,,,,,,
30,5,,,,,,,100,71,70,16,240.5,2730,10801,38,0,19.0,3.9;3.8;12.0;17.5;2.6;6.8;84.6;82.5;65.9;35.2;95.0;33.8;2.9;1.7;0.2;0.3;0.5;1.4;0.2;0.3;0.3;1.4;0.5;2.0,33.23,0.09,0.01,1.54,14.184,0.0,976.0,292.0,4,16,,,,,,,,,,,,,,,,,,,,,,,,,,,,,,,,,,,,,,,,,,,,,,,,,,,,,,,,,,,,,
30,6,,,,,,,98,79,69,13,238.7,2730,10801,38,0,18.5,5.4;3.1;14.9;17.4;2.2;6.7;92.5;85.8;45.5;53.1;88.4;20.9;1.7;2.2;0.0;0.3;1.0;0.9;0.3;0.0;0.3;0.3;0.7;1.0,33.22,0.09,0.0,2.41,14.184,0.0,1660.0,1416.0,4,16,,,,,,,,,,,,,,,,,,,,,,,,,,,,,,,,,,,,,,,,,,,,,,,,,,,,,,,,,,,,,
30,7,,,,,,,100,64,70,16,240.0,2730,10801,38,0,18.6,4.6;1.9;14.6;17.0;3.3;4.6;73.1;95.4;59.9;46.7;78.0;42.3;1.5;2.2;0.0;0.0;0.3;0.2;0.2;0.2;0.5;0.2;0.0;0.7,33.21,0.09,0.0,0.07,14.184,0.0,488.0,1367.0,4,16,,,,,,,,,,,,,,,,,,,,,,,,,,,,,,,,,,,,,,,,,,,,,,,,,,,,,,,,,,,,,
30,8,,,,,,,100,67,71,13,240.4,2730,10801,38,0,15.1,3.5;1.9;13.6;9.4;2.7;3.1;60.1;73.1;35.4;34.9;81.3;38.8;1.0;1.0;0.0;0.2;0.7;0.2;0.2;0.3;0.5;0.5;0.7;0.2,33.19,0.09,0.0,0.11,14.184,0.0,341.0,390.0,4,16,,,,,,,,,,,,,,,,,,,,,,,,,,,,,,,,,,,,,,,,,,,,,,,,,,,,,,,,,,,,,
30,9,,,,,,,98,74,72,15,240.7,2730,10801,38,0,10.8,4.7;1.5;3.8;4.6;3.1;2.1;25.9;76.2;12.5;14.7;80.2;22.9;1.5;0.7;0.0;0.2;1.0;0.2;0.0;0.0;0.9;0.5;0.3;1.9,33.2,0.09,0.0,0.1,14.184,0.0,1513.0,0.0,4,16,,,,,,,,,,,,,,,,,,,,,,,,,,,,,,,,,,,,,,,,,,,,,,,,,,,,,,,,,,,,,
30,10,,,,,,,26,20,67,14,240.7,2730,10801,38,0,15.7,16.7;0.0;20.7;3.4;20.0;3.4;75.0;17.2;55.2;34.5;70.0;32.1;6.9;10.7;0.0;0.0;0.0;3.6;3.6;0.0;0.0;0.0;0.0;0.0,33.23,0.09,0.0,0.01,14.188,0.0,341.0,7275.0,4,16,,,,,,,,,,,,,,,,,,,,,,,,,,,,,,,,,,,,,,,,,,,,,,,,,,,,,,,,,,,,,
30,summary,0.31321973671234465,0.9921757585142139,0.28523795636494953,0.9991111111111111,0.00100000,88.2,,,,,,,,,,,,,,,,,,,,,,26,92.2,100,20,62.5,85,66,69.6,72,13,14.9,17,90.4,225.1,240.7,2730.0,10801.0,38.0,0,10.8,19.43,40.1,33.19,33.23,33.28,63.16,0.09,0.09,0.09,18.03,0.0,0.0,0.01,0.01,1.31,3.57,11.269,15.584,14.184,14.18,14.188,15.992,0.0,0.0,0.0,341.0,932.1,1660.0,0.0,1132.4,7275.0,4,4.0,4,16,16.0,16,4,16,3.0,72.05
31,1,,,,,,,100,80,67,18,107.5,2730,10801,39,0,40.8,31.5;32.4;55.5;66.2;36.9;41.6;89.6;82.9;69.6;73.0;95.4;74.4;24.9;25.8;14.2;17.4;21.0;23.2;11.1;13.5;21.3;20.5;19.1;18.1,33.23,0.09,0.0,0.08,14.184,0.0,0.0,1367.0,4,16,,,,,,,,,,,,,,,,,,,,,,,,,,,,,,,,,,,,,,,,,,,,,,,,,,,,,,,,,,,,,
31,2,,,,,,,100,58,70,15,239.9,2730,10801,38,0,20.0,7.6;3.6;22.8;12.5;7.7;7.2;85.3;80.8;58.6;44.9;95.0;25.2;3.3;4.5;1.7;1.4;2.6;2.4;2.4;2.2;2.1;2.1;2.2;2.6,33.3,0.09,0.0,3.59,14.184,0.0,634.0,1562.0,4,16,,,,,,,,,,,,,,,,,,,,,,,,,,,,,,,,,,,,,,,,,,,,,,,,,,,,,,,,,,,,,
31,3,,,,,,,98,80,70,15,240.6,2730,10801,38,0,18.1,3.6;2.9;14.7;16.6;4.5;3.9;68.2;69.0;44.1;56.1;85.6;57.2;1.4;2.1;0.0;0.2;1.4;0.3;0.3;0.3;0.5;0.0;0.3;1.0,33.25,0.09,0.0,3.06,14.184,0.0,1220.0,97.0,4,16,,,,,,,,,,,,,,,,,,,,,,,,,,,,,,,,,,,,,,,,,,,,,,,,,,,,,,,,,,,,,
31,4,,,,,,,100,80,70,13,240.5,2730,10801,38,0,18.0,5.1;1.2;16.2;13.3;2.4;4.8;92.5;70.2;39.7;58.9;87.5;32.0;1.7;1.5;0.2;0.0;0.3;0.3;0.3;0.3;0.7;0.7;0.0;1.4,33.25,0.09,0.0,2.13,14.184,0.0,1464.0,97.0,4,16,,,,,,,,,,,,,,,,,,,,,,,,,,,,,,,,,,,,,,,,,,,,,,,,,,,,,,,,,,,,,
31,5,,,,,,,100,47,71,16,240.1,2730,10801,38,0,18.9,5.6;3.4;19.8;18.5;3.6;7.7;66.0;82.1;49.9;49.6;88.8;49.3;1.0;2.6;0.2;0.3;0.7;1.0;0.3;0.0;0.3;0.3;0.9;1.2,33.22,0.09,0.0,1.39,14.184,0.0,292.0,1367.0,4,16,,,,,,,,,,,,,,,,,,,,,,,,,,,,,,,,,,,,,,,,,,,,,,,,,,,,,,,,,,,,,
31,6,,,,,,,100,50,70,14,240.6,2730,10801,38,0,17.9,4.4;3.1;9.6;16.0;2.2;5.6;60.4;57.5;50.4;50.7;90.1;74.0;0.3;2.2;0.0;0.2;0.0;0.3;0.2;0.3;0.2;0.3;0.0;1.2,33.21,0.09,0.0,2.39,14.184,0.0,878.0,244.0,4,16,,,,,,,,,,,,,,,,,,,,,,,,,,,,,,,,,,,,,,,,,,,,,,,,,,,,,,,,,,,,,
31,7,,,,,,,98,72,72,15,240.3,2730,10801,38,0,18.5,3.6;2.9;12.3;14.0;2.4;3.9;85.1;90.8;43.3;56.8;94.7;20.0;1.2;2.4;0.2;0.2;0.9;0.7;5.0;1.9;0.2;0.3;0.7;0.2,33.24,0.09,0.0,0.1,14.184,0.0,21630.0,1416.0,4,16,,,,,,,,,,,,,,,,,,,,,,,,,,,,,,,,,,,,,,,,,,,,,,,,,,,,,,,,,,,,,
31,8,,,,,,,100,77,68,14,241.3,2730,10801,39,0,15.4,4.4;2.7;8.5;12.7;2.2;4.6;43.3;67.5;37.1;34.4;95.8;49.2;0.5;1.4;0.8;0.2;0.8;0.3;0.0;0.0;0.3;0.5;0.3;1.7,33.22,0.09,0.0,0.07,14.184,0.0,16064.0,1416.0,4,16,,,,,,,,,,,,,,,,,,,,,,,,,,,,,,,,,,,,,,,,,,,,,,,,,,,,,,,,,,,,,
31,9,,,,,,,100,66,71,13,241.0,2730,10801,38,0,10.3,2.0;1.0;5.7;3.4;1.0;1.9;56.8;45.4;14.0;11.0;84.6;16.5;0.5;0.7;0.0;0.0;0.0;0.2;0.0;0.2;0.3;0.3;0.2;1.5,33.19,0.09,0.0,0.04,14.184,0.0,585.0,1660.0,4,16,,,,,,,,,,,,,,,,,,,,,,,,,,,,,,,,,,,,,,,,,,,,,,,,,,,,,,,,,,,,,
31,10,,,,,,,100,66,71,13,241.0,2730,10801,38,0,13.0,10.7;0.0;20.7;10.7;10.3;3.6;65.5;10.3;13.8;48.3;100.0;0.0;7.1;0.0;3.4;0.0;0.0;0.0;0.0;0.0;0.0;0.0;0.0;0.0,33.22,0.09,0.0,0.09,14.188,0.0,1660.0,1416.0,4,16,,,,,,,,,,,,,,,,,,,,,,,,,,,,,,,,,,,,,,,,,,,,,,,,,,,,,,,,,,,,,
31,summary,0.3119129566610035,0.9926926685308826,0.28509328166643777,0.999,0.00100000,88.3,,,,,,,,,,,,,,,,,,,,,,98,99.6,100,47,67.6,80,67,70.0,72,13,14.6,18,107.5,227.28,241.3,2730.0,10801.0,38.2,0,10.3,19.09,40.8,33.19,33.23,33.3,63.16,0.09,0.09,0.09,18.03,0.0,0.0,0.0,0.04,1.29,3.59,11.269,15.584,14.184,14.18,14.188,15.992,0.0,0.0,0.0,0.0,4442.7,21630.0,97.0,1064.2,1660.0,4,4.0,4,16,16.0,16,4,16,2.93,72.04
32,1,,,,,,,100,80,66,18,117.2,2730,10801,39,0,40.1,32.6;31.9;60.3;62.4;39.3;38.8;89.7;91.1;61.9;81.8;86.7;61.1;26.1;26.8;12.7;12.2;23.1;23.1;10.4;11.9;20.6;21.6;18.3;17.2,33.27,0.09,0.0,0.07,14.184,0.0,1464.0,1367.0,4,16,,,,,,,,,,,,,,,,,,,,,,,,,,,,,,,,,,,,,,,,,,,,,,,,,,,,,,,,,,,,,
32,2,,,,,,,100,62,71,16,239.7,2730,10801,38,0,20.6,7.9;5.8;20.2;16.9;9.0;6.7;92.3;62.5;42.8;61.1;87.1;49.8;5.5;4.1;1.9;1.9;2.7;2.4;1.2;0.9;3.1;2.9;2.7;3.2,33.3,0.09,0.0,3.6,14.184,0.0,0.0,1513.0,4,16,,,,,,,,,,,,,,,,,,,,,,,,,,,,,,,,,,,,,,,,,,,,,,,,,,,,,,,,,,,,,
32,3,,,,,,,100,71,70,15,240.4,2730,10801,38,0,18.1,5.9;2.4;15.2;13.8;5.8;5.5;86.4;76.2;38.8;57.5;86.4;33.8;1.2;2.1;0.0;0.3;0.3;0.9;0.2;0.2;0.3;0.2;0.2;1.0,33.28,0.09,0.0,3.04,14.184,0.0,341.0,3417.0,4,16,,,,,,,,,,,,,,,,,,,,,,,,,,,,,,,,,,,,,,,,,,,,,,,,,,,,,,,,,,,,,
32,4,,,,,,,98,78,68,12,238.2,2730,10801,38,0,18.7,5.9;2.4;16.0;10.3;7.5;3.7;81.3;68.5;51.0;48.6;88.2;51.6;2.0;2.0;0.5;0.7;0.5;0.9;0.7;1.0;0.5;1.5;0.7;1.9,33.26,0.09,0.0,2.15,14.184,0.0,292.0,14355.0,4,16,,,,,,,,,,,,,,,,,,,,,,,,,,,,,,,,,,,,,,,,,,,,,,,,,,,,,,,,,,,,,
32,5,,,,,,,91,75,69,16,238.5,2730,10801,38,0,18.8,3.6;2.7;18.8;16.0;3.8;6.0;95.2;73.5;47.9;55.7;90.6;27.7;1.7;2.1;0.2;0.0;0.2;1.0;0.0;0.0;0.3;0.5;0.3;2.7,33.22,0.09,0.0,1.38,14.184,0.0,28222.0,17529.0,4,16,,,,,,,,,,,,,,,,,,,,,,,,,,,,,,,,,,,,,,,,,,,,,,,,,,,,,,,,,,,,,
32,6,,,,,,,100,54,72,18,240.1,2730,10801,38,0,18.9,6.7;3.2;16.7;10.9;5.6;5.4;84.6;82.4;46.2;55.9;95.6;25.5;2.4;2.9;1.0;0.0;1.4;1.5;0.2;0.3;0.9;1.2;1.2;2.2,33.21,0.09,0.0,2.38,14.184,0.0,1074.0,1464.0,4,16,,,,,,,,,,,,,,,,,,,,,,,,,,,,,,,,,,,,,,,,,,,,,,,,,,,,,,,,,,,,,
32,7,,,,,,,100,68,69,15,241.2,2730,10801,38,0,18.4,4.6;2.7;19.1;15.0;4.3;5.1;75.9;94.0;36.4;61.3;89.2;23.5;1.0;2.1;0.5;0.3;0.7;1.2;0.2;0.5;0.3;0.2;0.9;1.7,33.21,0.09,0.0,0.04,14.184,0.0,830.0,1367.0,4,16,,,,,,,,,,,,,,,,,,,,,,,,,,,,,,,,,,,,,,,,,,,,,,,,,,,,,,,,,,,,,
32,8,,,,,,,100,85,70,17,240.6,2730,10801,38,0,14.9,4.7;0.9;12.0;10.6;2.7;3.6;67.3;59.8;33.6;37.3;82.5;37.7;1.0;1.4;0.0;0.0;0.2;0.3;0.0;0.0;0.3;0.0;0.2;0.7,33.21,0.09,0.0,0.09,14.184,0.0,585.0,0.0,4,16,,,,,,,,,,,,,,,,,,,,,,,,,,,,,,,,,,,,,,,,,,,,,,,,,,,,,,,,,,,,,
32,9,,,,,,,100,62,73,15,241.3,2730,10801,38,0,10.2,3.7;0.3;2.1;3.8;1.4;1.2;41.2;61.2;4.6;21.2;99.0;1.5;0.7;0.0;0.2;0.0;0.0;0.2;0.0;0.2;0.2;0.2;0.2;0.9,33.21,0.09,0.0,0.04,14.184,0.0,585.0,1757.0,4,16,,,,,,,,,,,,,,,,,,,,,,,,,,,,,,,,,,,,,,,,,,,,,,,,,,,,,,,,,,,,,
32,10,,,,,,,71,56,69,13,236.6,2730,10801,38,0,15.2,6.9;13.3;10.3;10.3;10.3;6.9;14.3;75.9;24.1;51.6;93.1;10.7;0.0;0.0;0.0;3.6;3.4;7.1;0.0;3.6;3.4;3.6;0.0;6.7,33.24,0.09,0.0,0.04,14.188,0.0,2197.0,2441.0,4,16,,,,,,,,,,,,,,,,,,,,,,,,,,,,,,,,,,,,,,,,,,,,,,,,,,,,,,,,,,,,,
32,summary,0.31153212551258985,0.9926972228041572,0.2848095447222392,0.9991111111111111,0.00100000,88.4,,,,,,,,,,,,,,,,,,,,,,71,96.0,100,54,69.1,85,66,69.7,73,12,15.5,18,117.2,227.38,241.3,2730.0,10801.0,38.1,0,10.2,19.39,40.1,33.21,33.24,33.3,63.16,0.09,0.09,0.09,18.03,0.0,0.0,0.0,0.04,1.28,3.6,11.269,15.584,14.184,14.18,14.188,15.992,0.0,0.0,0.0,0.0,3559.0,28222.0,0.0,4521.0,17529.0,4,4.0,4,16,16.0,16,4,16,2.96,72.04
33,1,,,,,,,0,0,58,22,61.2,2745,10801,39,0,40.0,30.5;31.3;56.7;64.9;37.4;38.4;88.9;87.8;63.1;79.7;93.5;62.0;25.6;24.4;14.0;15.1;21.7;23.2;10.5;10.9;21.6;22.0;17.7;19.4,33.25,0.09,0.0,0.05,14.184,0.0,1855.0,1513.0,4,16,,,,,,,,,,,,,,,,,,,,,,,,,,,,,,,,,,,,,,,,,,,,,,,,,,,,,,,,,,,,,
33,2,,,,,,,100,81,69,15,239.9,2730,10801,38,0,20.9,10.8;4.1;20.0;23.0;7.5;6.0;60.0;89.1;63.1;46.9;92.5;43.8;5.1;4.1;2.2;2.2;2.9;3.4;1.7;2.4;2.7;2.9;2.9;2.9,33.31,0.09,0.0,3.59,14.184,0.0,1220.0,97.0,4,16,,,,,,,,,,,,,,,,,,,,,,,,,,,,,,,,,,,,,,,,,,,,,,,,,,,,,,,,,,,,,
33,3,,,,,,,100,72,69,15,240.4,2730,10801,38,0,19.1,6.6;1.2;21.6;9.6;5.8;3.6;46.2;82.9;57.7;52.2;93.0;68.3;2.2;1.9;0.2;0.3;1.4;0.5;0.0;0.0;0.9;0.7;0.2;0.3,33.27,0.09,0.0,3.0,14.184,0.0,878.0,1562.0,4,16,,,,,,,,,,,,,,,,,,,,,,,,,,,,,,,,,,,,,,,,,,,,,,,,,,,,,,,,,,,,,
33,4,,,,,,,99,84,70,14,240.2,2730,10801,38,0,19.1,8.4;3.2;18.2;16.4;7.7;4.5;76.8;69.6;41.4;59.7;89.2;50.2;3.1;1.4;0.5;0.5;1.0;0.9;0.5;0.5;0.7;0.5;1.2;1.5,33.26,0.09,0.0,2.16,14.184,0.0,1074.0,48.0,4,16,,,,,,,,,,,,,,,,,,,,,,,,,,,,,,,,,,,,,,,,,,,,,,,,,,,,,,,,,,,,,
33,5,,,,,,,100,58,68,13,241.4,2730,10801,38,0,18.1,5.1;1.0;17.4;8.9;4.0;4.1;85.1;57.0;49.9;54.1;86.3;53.6;2.1;1.4;0.2;0.5;0.9;0.7;0.0;0.5;1.2;0.5;0.3;0.7,33.25,0.09,0.01,1.52,14.184,0.0,830.0,439.0,4,16,,,,,,,,,,,,,,,,,,,,,,,,,,,,,,,,,,,,,,,,,,,,,,,,,,,,,,,,,,,,,
33,6,,,,,,,100,70,69,14,240.6,2730,10801,38,0,19.2,6.4;2.9;15.0;17.0;4.3;5.5;65.9;81.8;52.7;49.0;82.6;61.6;2.2;3.2;0.5;0.9;1.9;1.4;0.3;0.2;1.4;1.2;0.9;2.0,33.23,0.09,0.07,2.57,14.184,0.0,683.0,1562.0,4,16,,,,,,,,,,,,,,,,,,,,,,,,,,,,,,,,,,,,,,,,,,,,,,,,,,,,,,,,,,,,,
33,7,,,,,,,100,56,71,15,241.4,2730,10801,38,0,17.9,4.9;1.4;14.7;13.4;2.6;3.9;71.2;73.9;44.5;56.6;87.9;50.1;1.2;0.3;0.0;0.0;0.2;0.0;0.0;0.0;0.0;0.0;0.5;1.2,33.24,0.09,0.0,0.06,14.184,0.0,1464.0,0.0,4,16,,,,,,,,,,,,,,,,,,,,,,,,,,,,,,,,,,,,,,,,,,,,,,,,,,,,,,,,,,,,,
33,8,,,,,,,98,81,69,20,239.7,2730,10801,38,0,15.7,4.9;2.1;12.0;14.7;2.9;4.3;59.5;52.2;44.2;29.6;87.7;53.0;2.9;0.5;0.2;0.3;0.5;1.4;0.2;0.3;0.7;0.9;0.3;0.7,33.2,0.09,0.0,0.11,14.184,0.0,537.0,48.0,4,16,,,,,,,,,,,,,,,,,,,,,,,,,,,,,,,,,,,,,,,,,,,,,,,,,,,,,,,,,,,,,
33,9,,,,,,,100,59,68,15,241.7,2730,10801,38,0,10.1,2.0;0.2;1.7;5.0;1.4;1.0;31.6;68.0;10.3;16.3;82.6;18.9;0.5;0.0;0.0;0.0;0.2;0.0;0.0;0.0;0.0;0.0;0.0;1.7,33.2,0.09,0.02,0.22,14.184,0.0,1562.0,1806.0,4,16,,,,,,,,,,,,,,,,,,,,,,,,,,,,,,,,,,,,,,,,,,,,,,,,,,,,,,,,,,,,,
33,10,,,,,,,77,59,63,14,241.7,2730,10801,38,0,13.8,10.0;6.9;10.3;13.8;6.9;6.9;75.9;13.8;31.0;44.8;100.0;0.0;0.0;0.0;0.0;0.0;0.0;0.0;3.6;0.0;3.7;0.0;0.0;0.0,33.23,0.09,0.0,0.34,14.188,0.0,1416.0,439.0,4,16,,,,,,,,,,,,,,,,,,,,,,,,,,,,,,,,,,,,,,,,,,,,,,,,,,,,,,,,,,,,,
33,summary,0.31191870618800543,0.992688114257608,0.28462647342681885,0.9991111111111111,0.00100000,88.3,,,,,,,,,,,,,,,,,,,,,,0,87.4,100,0,62.0,84,58,67.4,71,13,15.7,22,61.2,222.82,241.7,2731.5,10801.0,38.1,0,10.1,19.39,40.0,33.2,33.24,33.31,63.16,0.09,0.09,0.09,18.03,0.0,0.01,0.07,0.05,1.36,3.59,11.269,15.584,14.184,14.18,14.188,15.992,0.0,0.0,0.0,537.0,1151.9,1855.0,0.0,751.4,1806.0,4,4.0,4,16,16.0,16,4,16,2.96,72.05
34,1,,,,,,,73,58,68,17,71.2,2730,10801,38,0,40.4,32.5;33.4;67.4;56.0;37.0;45.4;67.1;83.2;73.4;70.3;97.1;89.5;26.1;26.6;13.5;12.4;22.6;22.0;8.9;11.4;20.4;20.1;17.9;16.4,33.24,0.09,0.0,0.08,14.184,0.0,976.0,10791.0,4,16,,,,,,,,,,,,,,,,,,,,,,,,,,,,,,,,,,,,,,,,,,,,,,,,,,,,,,,,,,,,,
34,2,,,,,,,100,77,69,14,240.4,2730,10801,38,0,20.4,9.2;4.6;30.5;10.1;8.2;7.5;72.7;81.5;57.8;46.7;93.0;41.5;4.6;2.9;1.2;1.9;2.7;1.9;1.7;1.2;2.1;1.7;1.4;2.6,33.27,0.09,0.0,3.59,14.184,0.0,1123.0,1416.0,4,16,,,,,,,,,,,,,,,,,,,,,,,,,,,,,,,,,,,,,,,,,,,,,,,,,,,,,,,,,,,,,
34,3,,,,,,,100,76,69,14,241.0,2730,10801,38,0,18.2,3.9;1.2;20.0;8.6;4.3;3.8;63.6;77.7;52.3;46.2;94.0;55.1;2.2;1.9;0.0;0.0;0.2;0.2;0.0;0.0;0.3;0.7;0.2;0.9,33.25,0.09,0.0,3.03,14.184,0.0,292.0,1611.0,4,16,,,,,,,,,,,,,,,,,,,,,,,,,,,,,,,,,,,,,,,,,,,,,,,,,,,,,,,,,,,,,
34,4,,,,,,,100,47,72,20,239.5,2730,10801,38,0,18.1,4.7;0.5;21.7;7.2;4.6;3.1;85.3;65.1;52.5;53.3;95.9;36.8;1.0;0.5;0.0;0.2;0.5;0.3;0.0;0.0;0.3;0.0;0.2;0.5,33.25,0.09,0.0,2.13,14.184,0.0,1220.0,146.0,4,16,,,,,,,,,,,,,,,,,,,,,,,,,,,,,,,,,,,,,,,,,,,,,,,,,,,,,,,,,,,,,
34,5,,,,,,,98,79,71,15,241.0,2730,10801,38,0,19.1,8.9;3.6;22.9;7.0;8.4;3.9;91.3;83.6;47.3;53.6;98.3;12.3;2.7;3.2;0.5;0.7;1.2;1.7;0.3;1.0;2.0;0.9;1.9;1.7,33.21,0.09,0.0,1.4,14.184,0.0,781.0,1611.0,4,16,,,,,,,,,,,,,,,,,,,,,,,,,,,,,,,,,,,,,,,,,,,,,,,,,,,,,,,,,,,,,
34,6,,,,,,,100,80,69,19,241.1,2730,10801,38,0,18.4,3.4;1.7;21.2;8.4;5.8;1.9;66.0;90.6;39.3;59.8;91.1;45.5;1.2;0.9;0.2;0.3;0.3;0.3;0.5;0.2;0.2;0.3;0.5;2.2,33.19,0.09,0.0,2.4,14.184,0.0,0.0,1806.0,4,16,,,,,,,,,,,,,,,,,,,,,,,,,,,,,,,,,,,,,,,,,,,,,,,,,,,,,,,,,,,,,
34,7,,,,,,,100,48,71,15,241.3,2730,10801,38,0,18.0,4.6;2.6;15.4;12.5;3.4;3.4;91.3;75.0;43.0;56.0;89.9;30.0;1.4;0.9;0.0;0.2;0.5;0.3;0.0;0.0;0.2;0.2;0.7;1.0,33.21,0.09,0.0,0.06,14.184,0.0,1660.0,48.0,4,16,,,,,,,,,,,,,,,,,,,,,,,,,,,,,,,,,,,,,,,,,,,,,,,,,,,,,,,,,,,,,
34,8,,,,,,,100,51,70,18,241.0,2730,10801,38,0,15.9,6.4;2.2;11.8;15.0;4.1;4.3;55.9;65.5;41.4;27.5;74.2;62.9;1.7;0.9;0.5;0.3;1.0;0.5;0.5;0.2;0.9;0.3;0.7;1.9,33.2,0.09,0.0,0.07,14.184,0.0,1660.0,4785.0,4,16,,,,,,,,,,,,,,,,,,,,,,,,,,,,,,,,,,,,,,,,,,,,,,,,,,,,,,,,,,,,,
34,9,,,,,,,98,75,70,15,241.3,2730,10801,39,0,10.8,5.4;1.4;4.6;3.9;2.9;1.4;49.0;55.6;16.3;11.4;82.1;17.8;0.7;0.9;0.0;0.2;0.5;1.4;0.3;0.5;0.2;0.3;0.9;1.7,33.2,0.09,0.0,0.06,14.184,0.0,1074.0,4785.0,4,16,,,,,,,,,,,,,,,,,,,,,,,,,,,,,,,,,,,,,,,,,,,,,,,,,,,,,,,,,,,,,
34,10,,,,,,,55,45,70,13,241.3,2730,10801,39,0,14.5,0.0;0.0;20.7;17.9;14.3;10.3;44.8;67.9;10.7;62.1;86.2;0.0;0.0;3.6;0.0;0.0;0.0;0.0;0.0;0.0;0.0;0.0;3.6;0.0,33.23,0.09,0.0,0.09,14.188,0.0,341.0,1904.0,4,16,,,,,,,,,,,,,,,,,,,,,,,,,,,,,,,,,,,,,,,,,,,,,,,,,,,,,,,,,,,,,
34,summary,0.31153161058366224,0.9927655369032763,0.28449791208902997,0.999,0.00100000,88.3,,,,,,,,,,,,,,,,,,,,,,55,92.4,100,45,63.6,80,68,69.9,72,13,16.0,20,71.2,223.91,241.3,2730.0,10801.0,38.2,0,10.8,19.38,40.4,33.19,33.23,33.27,63.16,0.09,0.09,0.09,18.03,0.0,0.0,0.0,0.06,1.29,3.59,11.269,15.584,14.184,14.18,14.188,15.992,0.0,0.0,0.0,0.0,912.7,1660.0,48.0,2890.3,10791.0,4,4.0,4,16,16.0,16,4,16,2.88,72.05
35,1,,,,,,,100,52,67,21,98.1,2730,10801,39,0,40.5,31.6;30.4;55.7;65.0;37.7;44.3;98.1;81.1;73.7;65.2;90.7;64.8;25.1;24.6;13.4;16.2;23.1;24.4;13.0;11.9;22.9;23.0;19.0;16.7,33.24,0.09,0.0,0.13,14.184,0.0,732.0,1416.0,4,16,,,,,,,,,,,,,,,,,,,,,,,,,,,,,,,,,,,,,,,,,,,,,,,,,,,,,,,,,,,,,
35,2,,,,,,,98,75,70,13,240.8,2730,10801,38,0,20.7,7.3;4.8;23.7;22.6;8.0;6.5;74.7;83.5;53.2;47.3;83.5;52.3;3.4;3.6;2.4;1.9;2.6;2.6;1.4;1.7;2.4;2.2;1.9;2.4,33.27,0.09,0.0,3.57,14.184,0.0,1123.0,1367.0,4,16,,,,,,,,,,,,,,,,,,,,,,,,,,,,,,,,,,,,,,,,,,,,,,,,,,,,,,,,,,,,,
35,3,,,,,,,100,85,69,16,241.2,2730,10801,38,0,18.7,5.6;3.6;19.2;15.5;7.0;2.2;82.6;79.3;47.2;55.8;88.1;34.4;2.2;1.9;0.2;0.3;0.3;0.7;0.2;0.2;1.0;0.7;0.9;0.2,33.24,0.09,0.0,3.02,14.184,0.0,2441.0,7910.0,4,16,,,,,,,,,,,,,,,,,,,,,,,,,,,,,,,,,,,,,,,,,,,,,,,,,,,,,,,,,,,,,
35,4,,,,,,,100,85,68,13,240.8,2730,10801,39,0,18.6,5.9;3.2;16.6;15.4;5.8;2.9;89.4;66.8;37.2;62.7;84.0;45.6;2.4;2.2;0.9;0.3;0.7;0.2;0.7;0.3;0.3;0.2;0.3;2.0,33.22,0.09,0.0,2.15,14.184,0.0,9521.0,146.0,4,16,,,,,,,,,,,,,,,,,,,,,,,,,,,,,,,,,,,,,,,,,,,,,,,,,,,,,,,,,,,,,
35,5,,,,,,,100,57,72,14,240.2,2730,10801,39,0,18.0,4.9;1.4;17.9;9.1;5.1;1.7;94.0;91.6;62.7;37.8;92.5;8.6;0.5;1.5;0.5;0.5;0.3;0.7;0.0;0.2;0.0;0.0;0.2;0.7,33.21,0.09,0.0,1.37,14.184,0.0,1220.0,97.0,4,16,,,,,,,,,,,,,,,,,,,,,,,,,,,,,,,,,,,,,,,,,,,,,,,,,,,,,,,,,,,,,
35,6,,,,,,,98,74,71,12,240.7,2730,10801,39,0,19.5,6.4;3.4;23.6;14.2;8.4;4.5;71.7;62.4;43.0;58.6;92.8;60.5;2.4;2.6;1.4;1.0;2.6;1.5;0.3;0.3;2.2;0.7;1.7;2.2,33.2,0.09,0.0,2.41,14.184,0.0,878.0,1513.0,4,16,,,,,,,,,,,,,,,,,,,,,,,,,,,,,,,,,,,,,,,,,,,,,,,,,,,,,,,,,,,,,
35,7,,,,,,,100,85,69,17,241.0,2730,10801,38,0,19.0,6.9;2.6;22.9;14.0;7.2;2.9;85.2;61.0;34.4;65.8;89.9;49.6;2.2;2.1;0.3;0.3;1.9;1.4;0.3;0.3;1.7;0.9;0.3;1.9,33.18,0.09,0.0,0.1,14.184,0.0,585.0,1806.0,4,16,,,,,,,,,,,,,,,,,,,,,,,,,,,,,,,,,,,,,,,,,,,,,,,,,,,,,,,,,,,,,
35,8,,,,,,,100,85,70,12,239.7,2730,10801,39,0,15.3,5.7;2.4;12.6;12.2;4.1;5.1;68.6;71.0;32.2;35.3;94.0;17.5;2.4;1.5;0.3;0.2;0.7;0.3;0.0;0.3;0.0;0.2;0.9;0.3,33.18,0.09,0.0,0.06,14.184,0.0,585.0,8398.0,4,16,,,,,,,,,,,,,,,,,,,,,,,,,,,,,,,,,,,,,,,,,,,,,,,,,,,,,,,,,,,,,
35,9,,,,,,,100,65,71,14,241.3,2730,10801,39,0,10.4,4.5;0.7;3.8;3.6;2.7;1.7;49.2;53.2;12.1;13.4;98.8;0.7;0.9;0.9;0.0;0.0;0.3;0.3;0.0;0.2;0.5;0.0;0.3;0.5,33.19,0.09,0.0,0.07,14.184,0.0,2490.0,146.0,4,16,,,,,,,,,,,,,,,,,,,,,,,,,,,,,,,,,,,,,,,,,,,,,,,,,,,,,,,,,,,,,
35,10,,,,,,,100,61,69,15,241.3,2730,10801,39,0,13.4,3.6;7.1;14.3;10.3;7.1;10.7;78.6;24.1;20.7;48.3;24.1;58.6;3.6;3.6;0.0;0.0;0.0;0.0;0.0;0.0;3.6;0.0;0.0;0.0,33.21,0.09,0.0,0.09,14.188,0.0,341.0,0.0,4,16,,,,,,,,,,,,,,,,,,,,,,,,,,,,,,,,,,,,,,,,,,,,,,,,,,,,,,,,,,,,,
35,summary,0.31001346113165223,0.9932460127337481,0.2844662727514903,0.999,0.00100000,88.0,,,,,,,,,,,,,,,,,,,,,,98,99.6,100,52,72.4,85,67,69.6,72,12,14.7,21,98.1,226.51,241.3,2730.0,10801.0,38.7,0,10.4,19.41,40.5,33.18,33.21,33.27,63.16,0.09,0.09,0.09,18.03,0.0,0.0,0.0,0.06,1.3,3.57,11.269,15.584,14.184,14.18,14.188,15.992,0.0,0.0,0.0,341.0,1991.6,9521.0,0.0,2279.9,8398.0,4,4.0,4,16,16.0,16,4,16,2.89,72.05
36,1,,,,,,,57,49,59,16,68.7,2745,10801,39,0,40.8,32.6;32.0;56.4;62.2;36.4;39.3;96.2;93.2;77.6;79.7;89.0;54.5;26.6;26.8;14.1;13.1;23.2;24.3;10.3;10.9;21.5;22.0;19.1;18.7,33.19,0.09,0.0,0.03,14.184,0.0,927.0,1562.0,4,16,,,,,,,,,,,,,,,,,,,,,,,,,,,,,,,,,,,,,,,,,,,,,,,,,,,,,,,,,,,,,
36,2,,,,,,,100,73,71,19,239.5,2730,10801,39,0,20.7,6.2;5.6;19.2;26.2;6.0;7.7;73.9;97.1;51.6;50.7;94.9;29.8;3.8;3.4;1.4;1.7;2.2;2.2;1.4;1.5;2.2;2.7;2.6;2.6,33.28,0.09,0.0,3.6,14.184,0.0,2783.0,146.0,4,16,,,,,,,,,,,,,,,,,,,,,,,,,,,,,,,,,,,,,,,,,,,,,,,,,,,,,,,,,,,,,
36,3,,,,,,,100,78,67,13,241.1,2730,10801,39,0,17.9,3.7;2.4;11.7;14.8;2.4;3.4;43.1;86.4;42.4;57.6;92.3;63.6;1.7;1.4;0.3;0.3;0.3;0.2;0.3;0.3;0.3;0.3;0.2;0.5,33.24,0.09,0.0,3.03,14.184,0.0,1416.0,97.0,4,16,,,,,,,,,,,,,,,,,,,,,,,,,,,,,,,,,,,,,,,,,,,,,,,,,,,,,,,,,,,,,
36,4,,,,,,,100,57,70,14,242.2,2730,10801,38,0,18.9,5.9;3.8;17.7;15.7;5.3;7.0;77.1;87.3;53.9;45.4;85.8;37.7;1.7;1.5;0.5;0.5;0.9;1.0;0.2;0.3;0.9;0.3;1.5;2.4,33.22,0.09,0.0,2.14,14.184,0.0,1025.0,1367.0,4,16,,,,,,,,,,,,,,,,,,,,,,,,,,,,,,,,,,,,,,,,,,,,,,,,,,,,,,,,,,,,,
36,5,,,,,,,98,74,70,13,241.6,2730,10801,39,0,18.7,5.4;3.1;23.1;10.9;5.1;4.8;75.6;71.5;48.0;53.4;97.1;44.9;1.0;1.4;0.3;0.0;0.5;1.2;0.2;0.0;0.3;0.3;0.2;0.9,33.22,0.09,0.0,1.37,14.184,0.0,634.0,1562.0,4,16,,,,,,,,,,,,,,,,,,,,,,,,,,,,,,,,,,,,,,,,,,,,,,,,,,,,,,,,,,,,,
36,6,,,,,,,100,89,68,13,241.4,2730,10801,38,0,18.2,5.3;2.7;16.6;9.3;4.6;5.0;51.6;57.4;38.1;63.1;87.5;88.0;1.7;1.5;0.0;0.0;0.5;1.0;0.0;0.2;0.5;0.0;0.5;1.0,33.19,0.09,0.0,2.39,14.184,0.0,1123.0,1416.0,4,16,,,,,,,,,,,,,,,,,,,,,,,,,,,,,,,,,,,,,,,,,,,,,,,,,,,,,,,,,,,,,
36,7,,,,,,,100,58,71,13,240.4,2730,10801,39,0,18.1,4.4;2.7;20.2;6.7;1.7;3.6;55.0;67.8;46.3;53.5;89.5;75.2;1.4;1.4;0.5;0.2;1.0;0.3;0.3;0.5;1.0;0.7;0.3;0.9,33.19,0.09,0.0,0.07,14.184,0.0,1416.0,0.0,4,16,,,,,,,,,,,,,,,,,,,,,,,,,,,,,,,,,,,,,,,,,,,,,,,,,,,,,,,,,,,,,
36,8,,,,,,,100,64,70,12,241.5,2730,10801,38,0,15.8,7.7;2.7;14.8;7.3;4.6;3.8;68.4;82.2;37.9;34.8;97.1;7.9;1.4;2.6;0.3;0.5;1.0;0.7;0.3;0.2;1.0;0.3;0.5;2.2,33.19,0.09,0.0,0.04,14.184,0.0,1123.0,1416.0,4,16,,,,,,,,,,,,,,,,,,,,,,,,,,,,,,,,,,,,,,,,,,,,,,,,,,,,,,,,,,,,,
36,9,,,,,,,100,69,72,15,241.8,2730,10801,39,0,10.2,3.4;0.3;3.8;4.3;1.2;1.0;50.2;50.1;11.0;15.3;61.8;39.8;0.5;0.2;0.0;0.2;0.2;0.0;0.0;0.0;0.0;0.2;0.0;1.0,33.19,0.09,0.0,0.07,14.184,0.0,341.0,1562.0,4,16,,,,,,,,,,,,,,,,,,,,,,,,,,,,,,,,,,,,,,,,,,,,,,,,,,,,,,,,,,,,,
36,10,,,,,,,96,68,71,13,241.8,2730,10801,39,0,11.5,0.0;3.3;6.7;3.3;0.0;3.3;83.3;6.7;16.7;43.3;86.7;3.3;3.3;6.7;0.0;0.0;6.7;3.3;0.0;0.0;0.0;0.0;0.0;0.0,33.23,0.09,0.0,0.09,14.188,0.0,1416.0,0.0,4,16,,,,,,,,,,,,,,,,,,,,,,,,,,,,,,,,,,,,,,,,,,,,,,,,,,,,,,,,,,,,,
36,summary,0.3100076479319683,0.9932778926466703,0.2844927299817403,0.999,0.00100000,88.3,,,,,,,,,,,,,,,,,,,,,,57,95.1,100,49,67.9,89,59,68.9,72,12,14.1,19,68.7,224.0,242.2,2731.5,10801.0,38.7,0,10.2,19.08,40.8,33.19,33.21,33.28,63.16,0.09,0.09,0.09,18.03,0.0,0.0,0.0,0.03,1.28,3.6,11.269,15.584,14.184,14.18,14.188,15.992,0.0,0.0,0.0,341.0,1220.4,2783.0,0.0,912.8,1562.0,4,4.0,4,16,16.0,16,4,16,2.84,72.04
37,1,,,,,,,100,52,67,15,89.3,2730,10801,39,0,40.0,32.2;31.1;51.8;66.2;34.3;40.4;89.0;90.9;72.9;72.4;92.2;58.4;24.0;27.2;15.1;16.2;21.2;22.2;10.3;10.7;22.3;21.7;18.7;19.3,33.14,0.09,0.0,0.05,14.184,0.0,0.0,1416.0,4,16,,,,,,,,,,,,,,,,,,,,,,,,,,,,,,,,,,,,,,,,,,,,,,,,,,,,,,,,,,,,,
37,2,,,,,,,98,75,71,14,240.7,2730,10801,39,0,21.2,8.6;6.3;19.1;20.2;6.2;11.3;73.6;73.2;45.5;57.8;93.3;59.7;4.1;4.3;1.5;1.9;3.3;2.9;1.7;1.5;2.6;2.7;2.7;5.3,33.24,0.09,0.0,2.48,14.184,0.0,1416.0,1464.0,4,16,,,,,,,,,,,,,,,,,,,,,,,,,,,,,,,,,,,,,,,,,,,,,,,,,,,,,,,,,,,,,
37,3,,,,,,,100,76,70,13,240.0,2730,10801,38,0,18.4,6.0;4.1;16.9;13.3;2.6;7.2;94.9;67.5;54.5;41.7;91.3;34.0;0.7;2.1;0.0;0.3;0.7;0.5;0.3;0.3;0.3;0.7;0.5;0.7,33.21,0.09,0.0,2.15,14.184,0.0,1367.0,1806.0,4,16,,,,,,,,,,,,,,,,,,,,,,,,,,,,,,,,,,,,,,,,,,,,,,,,,,,,,,,,,,,,,
37,4,,,,,,,100,79,69,15,240.5,2730,10801,39,0,18.8,6.2;2.1;14.2;20.6;3.6;7.7;88.4;91.3;60.3;39.8;90.8;17.3;1.7;2.1;0.0;0.0;0.7;0.3;0.0;0.3;0.5;0.3;0.2;0.5,33.2,0.09,0.0,1.57,14.184,0.0,439.0,1416.0,4,16,,,,,,,,,,,,,,,,,,,,,,,,,,,,,,,,,,,,,,,,,,,,,,,,,,,,,,,,,,,,,
37,5,,,,,,,100,47,70,21,241.0,2730,10801,39,0,18.4,8.3;2.1;15.5;10.8;6.0;6.0;93.7;63.9;48.1;52.2;87.9;38.2;2.7;1.9;0.3;0.3;0.9;1.0;0.3;0.2;0.5;0.5;0.2;1.2,33.2,0.09,0.0,2.2,14.184,0.0,341.0,1416.0,4,16,,,,,,,,,,,,,,,,,,,,,,,,,,,,,,,,,,,,,,,,,,,,,,,,,,,,,,,,,,,,,
37,6,,,,,,,98,80,70,16,242.2,2730,10801,39,0,18.4,5.2;3.9;18.8;8.5;5.5;5.6;76.9;75.1;49.2;48.5;90.1;44.5;2.6;1.9;0.3;0.0;1.4;0.7;0.2;0.0;0.5;0.5;0.5;1.2,33.17,0.09,0.0,0.08,14.184,0.0,1416.0,97.0,4,16,,,,,,,,,,,,,,,,,,,,,,,,,,,,,,,,,,,,,,,,,,,,,,,,,,,,,,,,,,,,,
37,7,,,,,,,100,79,69,18,240.6,2730,10801,39,0,18.2,5.9;1.9;19.6;11.1;4.1;3.2;64.4;68.1;33.1;65.8;89.8;63.4;1.9;1.4;0.0;0.9;0.5;0.5;0.0;0.3;0.7;0.2;0.5;0.5,33.19,0.09,0.0,0.02,14.184,0.0,34375.0,117871.0,4,16,,,,,,,,,,,,,,,,,,,,,,,,,,,,,,,,,,,,,,,,,,,,,,,,,,,,,,,,,,,,,
37,8,,,,,,,100,79,69,13,240.4,2730,10801,39,0,15.2,5.5;2.4;13.2;7.5;3.6;2.4;59.0;62.6;30.1;41.0;94.2;39.5;1.7;1.0;0.0;0.2;0.3;0.3;0.3;0.5;0.0;0.2;0.0;0.5,33.19,0.09,0.0,0.08,14.184,0.0,48.0,33300.0,4,16,,,,,,,,,,,,,,,,,,,,,,,,,,,,,,,,,,,,,,,,,,,,,,,,,,,,,,,,,,,,,
37,9,,,,,,,100,64,72,14,241.8,2730,10801,39,0,10.9,4.6;1.2;5.8;3.4;2.6;2.9;34.6;67.5;19.2;9.8;99.8;1.9;1.0;0.9;0.0;0.2;0.7;0.9;0.5;0.2;0.9;0.7;0.3;1.2,33.19,0.09,0.0,0.07,14.184,0.0,341.0,18115.0,4,16,,,,,,,,,,,,,,,,,,,,,,,,,,,,,,,,,,,,,,,,,,,,,,,,,,,,,,,,,,,,,
37,10,,,,,,,100,66,70,14,241.8,2730,10801,39,0,14.2,13.3;6.7;13.3;10.0;10.0;6.7;20.0;67.7;20.0;58.1;100.0;6.5;0.0;0.0;0.0;0.0;0.0;0.0;0.0;0.0;3.3;0.0;0.0;0.0,33.22,0.09,0.0,0.08,14.188,0.0,1464.0,0.0,4,16,,,,,,,,,,,,,,,,,,,,,,,,,,,,,,,,,,,,,,,,,,,,,,,,,,,,,,,,,,,,,
37,summary,0.3094951614073937,0.9933894723418984,0.28443023045857746,0.999,0.00100000,88.4,,,,,,,,,,,,,,,,,,,,,,98,99.6,100,47,69.7,80,67,69.7,72,13,15.3,21,89.3,225.83,242.2,2730.0,10801.0,38.9,0,10.9,19.37,40.0,33.14,33.2,33.24,63.16,0.09,0.09,0.09,18.03,0.0,0.0,0.0,0.02,0.88,2.48,11.269,15.584,14.184,14.18,14.188,15.992,0.0,0.0,0.0,0.0,4120.7,34375.0,0.0,17690.1,117871.0,4,4.0,4,16,16.0,16,4,16,2.87,72.06
38,1,,,,,,,100,56,69,22,102.1,2745,10801,39,0,39.4,32.3;29.3;55.9;57.5;35.3;38.4;94.5;94.1;73.7;57.7;89.9;72.2;26.2;23.7;12.0;13.5;21.9;22.9;9.6;8.9;20.4;20.3;18.6;17.9,33.16,0.09,0.0,0.05,14.184,0.0,341.0,97.0,4,16,,,,,,,,,,,,,,,,,,,,,,,,,,,,,,,,,,,,,,,,,,,,,,,,,,,,,,,,,,,,,
38,2,,,,,,,98,74,70,14,240.8,2730,10801,39,0,21.7,9.3;7.4;20.5;21.0;9.4;10.4;82.8;86.6;40.3;66.4;89.6;32.1;4.6;6.7;2.7;2.7;3.9;3.9;3.3;2.2;4.5;4.1;2.7;4.6,33.27,0.09,0.0,3.57,14.184,0.0,0.0,1757.0,4,16,,,,,,,,,,,,,,,,,,,,,,,,,,,,,,,,,,,,,,,,,,,,,,,,,,,,,,,,,,,,,
38,3,,,,,,,100,89,68,17,241.0,2730,10801,38,0,18.1,4.7;2.6;14.2;14.1;3.6;3.9;85.5;84.2;47.1;51.6;95.4;23.0;1.7;0.7;0.2;0.2;0.0;0.2;0.0;0.0;0.3;0.0;0.3;0.5,33.24,0.09,0.0,3.03,14.184,0.0,17089.0,15478.0,4,16,,,,,,,,,,,,,,,,,,,,,,,,,,,,,,,,,,,,,,,,,,,,,,,,,,,,,,,,,,,,,
38,4,,,,,,,100,88,68,13,240.8,2730,10801,39,0,19.0,7.3;3.3;18.5;17.9;5.3;5.7;80.4;44.8;35.7;65.8;92.6;68.2;2.7;1.4;0.3;0.0;0.9;1.5;0.2;0.2;1.0;0.7;0.9;1.9,33.22,0.09,0.0,2.16,14.184,0.0,585.0,1806.0,4,16,,,,,,,,,,,,,,,,,,,,,,,,,,,,,,,,,,,,,,,,,,,,,,,,,,,,,,,,,,,,,
38,5,,,,,,,100,57,70,14,241.1,2730,10801,38,0,18.0,4.3;2.4;15.6;17.5;2.4;3.6;81.2;91.3;40.7;58.7;87.4;23.3;1.0;0.5;0.3;0.0;0.2;0.0;0.0;0.5;0.0;0.0;0.2;0.5,33.21,0.09,0.0,1.38,14.184,0.0,1464.0,146.0,4,16,,,,,,,,,,,,,,,,,,,,,,,,,,,,,,,,,,,,,,,,,,,,,,,,,,,,,,,,,,,,,
38,6,,,,,,,100,76,70,14,240.9,2730,10801,39,0,18.7,6.4;2.7;18.4;9.2;6.0;4.4;66.9;85.9;45.3;56.0;95.1;42.2;2.1;1.2;0.5;0.2;1.7;0.7;0.3;0.0;0.7;0.9;1.0;1.2,33.19,0.09,0.0,2.42,14.184,0.0,1708.0,0.0,4,16,,,,,,,,,,,,,,,,,,,,,,,,,,,,,,,,,,,,,,,,,,,,,,,,,,,,,,,,,,,,,
38,7,,,,,,,100,85,69,15,240.3,2730,10801,39,0,18.6,6.6;1.7;19.0;8.4;5.1;3.6;92.3;83.9;52.9;50.9;92.3;16.4;3.6;1.2;0.0;0.3;0.9;0.9;0.0;0.2;0.9;0.5;1.2;2.9,33.2,0.09,0.0,0.06,14.184,0.0,341.0,732.0,4,16,,,,,,,,,,,,,,,,,,,,,,,,,,,,,,,,,,,,,,,,,,,,,,,,,,,,,,,,,,,,,
38,8,,,,,,,100,85,68,14,240.8,2730,10801,39,0,14.9,3.6;1.0;16.3;6.9;3.1;2.1;55.7;81.8;35.1;32.2;92.0;24.2;1.4;0.7;0.0;0.0;0.5;0.7;0.0;0.0;0.0;0.2;0.3;1.0,33.18,0.09,0.0,0.04,14.184,0.0,1171.0,1562.0,4,16,,,,,,,,,,,,,,,,,,,,,,,,,,,,,,,,,,,,,,,,,,,,,,,,,,,,,,,,,,,,,
38,9,,,,,,,100,58,72,14,240.2,2730,10801,39,0,10.4,4.9;0.7;6.5;1.9;1.7;1.2;61.9;39.7;20.8;8.1;99.0;1.5;0.0;0.7;0.2;0.2;0.0;0.0;0.0;0.0;0.0;0.0;0.2;0.5,33.18,0.09,0.0,0.06,14.184,0.0,878.0,292.0,4,16,,,,,,,,,,,,,,,,,,,,,,,,,,,,,,,,,,,,,,,,,,,,,,,,,,,,,,,,,,,,,
38,10,,,,,,,100,63,70,15,240.2,2730,10801,39,0,13.6,15.2;3.2;16.1;6.5;6.5;6.5;75.0;3.3;25.8;48.4;100.0;0.0;0.0;3.3;0.0;0.0;0.0;0.0;0.0;0.0;0.0;0.0;0.0;0.0,33.22,0.09,0.0,0.08,14.188,0.0,634.0,1611.0,4,16,,,,,,,,,,,,,,,,,,,,,,,,,,,,,,,,,,,,,,,,,,,,,,,,,,,,,,,,,,,,,
38,summary,0.30955965184876144,0.9932892783298569,0.2843760716915131,0.9991111111111111,0.00100000,88.3,,,,,,,,,,,,,,,,,,,,,,98,99.8,100,56,73.1,89,68,69.4,72,13,15.2,22,102.1,226.82,241.1,2731.5,10801.0,38.8,0,10.4,19.24,39.4,33.16,33.21,33.27,63.16,0.09,0.09,0.09,18.03,0.0,0.0,0.0,0.04,1.28,3.57,11.269,15.584,14.184,14.18,14.188,15.992,0.0,0.0,0.0,0.0,2421.1,17089.0,0.0,2348.1,15478.0,4,4.0,4,16,16.0,16,4,16,2.83,72.04
39,1,,,,,,,100,50,68,19,96.0,2730,10801,39,0,40.0,32.5;28.8;59.8;57.0;37.9;38.7;89.6;65.5;79.4;79.1;96.9;73.3;25.4;23.9;13.9;14.0;21.4;23.0;11.5;11.3;19.8;21.3;18.1;17.8,33.22,0.09,0.0,0.05,14.184,0.0,488.0,1416.0,4,16,,,,,,,,,,,,,,,,,,,,,,,,,,,,,,,,,,,,,,,,,,,,,,,,,,,,,,,,,,,,,
39,2,,,,,,,98,81,69,16,238.8,2730,10801,38,0,20.2,8.6;4.8;22.8;14.4;7.2;8.9;77.7;90.8;53.8;48.4;87.3;31.6;4.1;5.1;1.2;1.5;2.7;2.2;1.2;1.2;1.7;2.1;2.2;4.3,33.28,0.09,0.0,3.57,14.184,0.0,244.0,8203.0,4,16,,,,,,,,,,,,,,,,,,,,,,,,,,,,,,,,,,,,,,,,,,,,,,,,,,,,,,,,,,,,,
39,3,,,,,,,100,80,69,15,240.4,2730,10801,38,0,18.3,3.4;1.7;13.8;15.4;5.5;4.3;84.5;76.5;57.2;42.3;82.6;45.4;1.2;0.9;0.5;0.2;0.3;1.4;0.7;0.2;0.0;0.5;0.3;0.9,33.26,0.09,0.0,3.06,14.184,0.0,585.0,3320.0,4,16,,,,,,,,,,,,,,,,,,,,,,,,,,,,,,,,,,,,,,,,,,,,,,,,,,,,,,,,,,,,,
39,4,,,,,,,100,78,69,21,240.1,2730,10801,38,0,18.7,5.9;4.8;15.9;16.0;3.6;5.8;66.3;81.0;47.4;55.1;91.7;43.6;2.4;2.1;0.5;0.2;0.9;1.0;0.2;0.2;1.4;1.0;0.9;0.9,33.24,0.09,0.0,2.13,14.184,0.0,38330.0,1562.0,4,16,,,,,,,,,,,,,,,,,,,,,,,,,,,,,,,,,,,,,,,,,,,,,,,,,,,,,,,,,,,,,
39,5,,,,,,,100,58,71,16,241.1,2730,10801,39,0,18.2,5.4;4.6;10.6;13.6;3.2;6.0;57.1;72.8;37.9;62.1;92.7;60.2;2.4;1.9;0.2;0.0;1.2;1.0;0.2;0.2;0.5;0.7;0.7;1.7,33.23,0.09,0.0,1.39,14.184,0.0,292.0,1757.0,4,16,,,,,,,,,,,,,,,,,,,,,,,,,,,,,,,,,,,,,,,,,,,,,,,,,,,,,,,,,,,,,
39,6,,,,,,,98,81,69,13,239.6,2730,10801,39,0,18.2,4.6;2.4;10.4;16.2;2.9;5.0;69.3;86.8;43.4;58.1;96.2;32.8;1.2;1.4;0.3;0.9;0.7;0.7;0.3;0.0;0.3;1.2;0.5;2.0,33.19,0.09,0.0,2.38,14.184,0.0,1416.0,0.0,4,16,,,,,,,,,,,,,,,,,,,,,,,,,,,,,,,,,,,,,,,,,,,,,,,,,,,,,,,,,,,,,
39,7,,,,,,,100,58,70,15,240.6,2730,10801,39,0,18.6,4.8;2.9;19.3;13.4;6.3;3.4;78.8;64.2;47.7;58.2;94.5;42.5;2.4;2.6;0.2;0.5;0.5;1.0;0.2;0.3;0.7;0.3;0.3;1.2,33.19,0.09,0.0,0.07,14.184,0.0,830.0,1367.0,4,16,,,,,,,,,,,,,,,,,,,,,,,,,,,,,,,,,,,,,,,,,,,,,,,,,,,,,,,,,,,,,
39,8,,,,,,,100,63,70,15,241.2,2730,10801,39,0,14.6,5.5;1.2;9.1;7.5;4.3;2.2;59.2;52.2;38.2;31.5;91.9;44.8;0.7;0.5;0.0;0.0;0.3;0.5;0.0;0.0;0.3;0.0;0.2;0.2,33.19,0.09,0.0,0.04,14.184,0.0,537.0,1708.0,4,16,,,,,,,,,,,,,,,,,,,,,,,,,,,,,,,,,,,,,,,,,,,,,,,,,,,,,,,,,,,,,
39,9,,,,,,,100,57,71,13,241.6,2730,10801,38,0,10.1,3.2;0.5;4.8;1.0;2.1;1.2;52.7;47.3;14.8;10.5;56.4;45.3;0.7;0.2;0.2;0.2;0.3;0.3;0.0;0.0;0.3;0.2;0.0;1.2,33.2,0.09,0.0,0.04,14.184,0.0,7763.0,103662.0,4,16,,,,,,,,,,,,,,,,,,,,,,,,,,,,,,,,,,,,,,,,,,,,,,,,,,,,,,,,,,,,,
39,10,,,,,,,100,62,69,14,241.6,2730,10801,38,0,13.0,3.4;3.7;13.8;6.9;10.3;3.4;75.9;3.4;10.3;51.7;96.7;3.4;3.8;0.0;0.0;0.0;3.6;0.0;0.0;0.0;0.0;0.0;0.0;6.7,33.22,0.09,0.0,0.05,14.188,0.0,341.0,1806.0,4,16,,,,,,,,,,,,,,,,,,,,,,,,,,,,,,,,,,,,,,,,,,,,,,,,,,,,,,,,,,,,,
39,summary,0.3092966040872012,0.9933758095220746,0.2842938057581584,0.9991111111111111,0.00100000,88.3,,,,,,,,,,,,,,,,,,,,,,98,99.6,100,50,66.8,81,68,69.5,71,13,15.7,21,96.0,226.1,241.6,2730.0,10801.0,38.5,0,10.1,18.99,40.0,33.19,33.22,33.28,63.16,0.09,0.09,0.09,18.03,0.0,0.0,0.0,0.04,1.28,3.57,11.269,15.584,14.184,14.18,14.188,15.992,0.0,0.0,0.0,244.0,5082.6,38330.0,0.0,12480.1,103662.0,4,4.0,4,16,16.0,16,4,16,2.94,72.05
40,1,,,,,,,0,0,58,18,77.6,2745,10801,39,0,39.9,33.2;28.9;66.5;54.2;41.2;33.8;94.0;91.5;64.4;73.3;92.5;62.8;26.5;25.0;12.1;14.3;22.3;23.3;11.3;10.0;19.9;20.0;19.0;19.2,33.12,0.09,0.01,0.09,14.184,0.0,341.0,48.0,4,16,,,,,,,,,,,,,,,,,,,,,,,,,,,,,,,,,,,,,,,,,,,,,,,,,,,,,,,,,,,,,
40,2,,,,,,,100,61,68,15,240.0,2730,10801,38,0,21.4,7.6;5.0;20.6;18.9;11.1;7.0;88.7;90.9;54.7;54.3;93.5;17.2;5.0;5.1;2.7;2.4;3.9;3.9;2.2;1.9;3.8;3.8;3.9;4.3,33.29,0.09,0.0,3.58,14.184,0.0,1123.0,1464.0,4,16,,,,,,,,,,,,,,,,,,,,,,,,,,,,,,,,,,,,,,,,,,,,,,,,,,,,,,,,,,,,,
40,3,,,,,,,100,68,71,15,240.5,2730,10801,38,0,17.9,5.2;1.7;13.6;14.3;3.1;3.6;81.3;71.7;45.1;52.6;87.1;43.7;1.2;1.0;0.2;0.2;0.5;0.9;0.2;0.0;0.2;0.3;0.7;2.2,33.25,0.09,0.0,3.02,14.184,0.0,1123.0,1513.0,4,16,,,,,,,,,,,,,,,,,,,,,,,,,,,,,,,,,,,,,,,,,,,,,,,,,,,,,,,,,,,,,
40,4,,,,,,,98,76,69,15,238.2,2730,10801,38,0,18.4,5.5;3.2;14.1;14.6;5.1;3.6;76.9;49.5;57.7;39.9;91.9;71.1;1.9;2.2;0.5;0.2;1.7;0.3;0.2;0.0;0.8;0.8;0.5;0.5,33.27,0.09,0.0,2.14,14.184,0.0,488.0,1513.0,4,16,,,,,,,,,,,,,,,,,,,,,,,,,,,,,,,,,,,,,,,,,,,,,,,,,,,,,,,,,,,,,
40,5,,,,,,,100,52,69,13,239.6,2730,10801,39,0,18.0,4.9;1.0;13.7;15.2;2.6;4.6;56.5;67.5;54.9;44.5;84.4;74.8;1.9;1.5;0.0;0.2;1.0;0.3;0.2;0.3;0.2;0.5;0.3;0.7,33.22,0.09,0.0,1.38,14.184,0.0,1660.0,48.0,4,16,,,,,,,,,,,,,,,,,,,,,,,,,,,,,,,,,,,,,,,,,,,,,,,,,,,,,,,,,,,,,
40,6,,,,,,,100,48,71,14,240.6,2730,10801,38,0,18.4,4.4;2.1;14.9;13.1;3.1;4.1;59.4;76.6;53.8;45.0;90.9;63.4;1.9;1.4;0.7;0.7;1.0;0.5;0.2;0.2;0.7;0.5;0.9;1.2,33.2,0.09,0.0,2.41,14.184,0.0,1660.0,48.0,4,16,,,,,,,,,,,,,,,,,,,,,,,,,,,,,,,,,,,,,,,,,,,,,,,,,,,,,,,,,,,,,
40,7,,,,,,,98,74,71,13,240.4,2730,10801,38,0,18.9,5.9;3.1;16.6;19.4;6.3;4.3;83.0;77.4;50.9;52.9;92.8;30.0;2.1;2.1;0.0;0.7;1.7;0.3;0.2;0.2;0.9;0.5;0.9;0.9,33.22,0.09,0.0,0.05,14.184,0.0,244.0,107275.0,4,16,,,,,,,,,,,,,,,,,,,,,,,,,,,,,,,,,,,,,,,,,,,,,,,,,,,,,,,,,,,,,
40,8,,,,,,,100,85,67,15,239.8,2730,10801,39,0,15.2,7.3;1.0;12.9;11.3;4.1;3.2;58.4;88.7;28.1;36.9;84.7;23.1;1.2;1.2;0.2;0.0;0.2;1.0;0.0;0.2;0.3;0.2;0.2;0.7,33.21,0.09,0.0,0.12,14.184,0.0,195.0,1513.0,4,16,,,,,,,,,,,,,,,,,,,,,,,,,,,,,,,,,,,,,,,,,,,,,,,,,,,,,,,,,,,,,
40,9,,,,,,,100,47,71,14,239.8,2730,10801,38,0,10.5,3.2;1.0;4.6;3.8;2.1;1.4;67.9;33.8;20.5;7.9;99.8;1.4;0.2;0.5;0.2;0.0;0.2;0.3;0.0;0.0;0.2;0.2;0.5;2.9,33.19,0.09,0.0,0.05,14.184,0.0,1416.0,1464.0,4,16,,,,,,,,,,,,,,,,,,,,,,,,,,,,,,,,,,,,,,,,,,,,,,,,,,,,,,,,,,,,,
40,10,,,,,,,100,85,67,18,240.3,2730,10801,39,0,13.8,6.2;0.0;15.2;12.5;12.5;3.1;84.8;9.4;27.3;40.6;100.0;0.0;9.4;3.1;0.0;0.0;3.1;0.0;0.0;0.0;0.0;0.0;0.0;0.0,33.22,0.09,0.0,0.09,14.188,0.0,244.0,1367.0,4,16,,,,,,,,,,,,,,,,,,,,,,,,,,,,,,,,,,,,,,,,,,,,,,,,,,,,,,,,,,,,,
40,summary,0.30863292949295035,0.9936923315146602,0.28439832282066346,0.999,0.00100000,88.2,,,,,,,,,,,,,,,,,,,,,,0,89.6,100,0,59.6,85,58,68.2,71,13,15.0,18,77.6,223.68,240.6,2731.5,10801.0,38.4,0,10.5,19.24,39.9,33.12,33.22,33.29,63.16,0.09,0.09,0.09,18.03,0.0,0.0,0.01,0.05,1.29,3.58,11.269,15.584,14.184,14.18,14.188,15.992,0.0,0.0,0.0,195.0,849.4,1660.0,48.0,11625.3,107275.0,4,4.0,4,16,16.0,16,4,16,2.8,72.04
41,1,,,,,,,97,75,65,16,75.6,2745,10801,39,0,39.8,32.0;29.4;65.9;53.6;41.7;35.1;89.5;88.4;78.4;67.7;96.4;57.8;24.4;23.0;12.7;15.1;21.6;22.1;10.7;12.8;20.1;20.9;19.6;17.3,33.15,0.09,0.01,0.08,14.184,0.0,781.0,0.0,4,16,,,,,,,,,,,,,,,,,,,,,,,,,,,,,,,,,,,,,,,,,,,,,,,,,,,,,,,,,,,,,
41,2,,,,,,,100,81,70,15,239.2,2730,10801,38,0,20.7,8.0;5.3;20.7;12.1;7.9;8.2;79.7;85.1;55.1;54.5;91.1;36.2;4.6;4.3;1.5;2.1;3.1;3.1;2.2;1.7;3.1;3.4;2.4;2.2,33.25,0.09,0.0,2.51,14.184,0.0,2880.0,97.0,4,16,,,,,,,,,,,,,,,,,,,,,,,,,,,,,,,,,,,,,,,,,,,,,,,,,,,,,,,,,,,,,
41,3,,,,,,,100,90,68,13,239.5,2730,10801,38,0,18.3,6.1;2.2;20.6;6.7;4.6;3.4;74.5;68.4;52.8;50.8;92.7;44.9;1.7;1.7;0.9;0.7;1.0;1.2;0.5;0.5;1.4;0.3;1.0;1.5,33.25,0.09,0.0,2.17,14.184,0.0,48.0,1611.0,4,16,,,,,,,,,,,,,,,,,,,,,,,,,,,,,,,,,,,,,,,,,,,,,,,,,,,,,,,,,,,,,
41,4,,,,,,,100,50,72,13,239.0,2730,10801,39,0,18.4,3.1;2.2;16.1;12.8;4.3;5.1;81.9;84.5;45.9;53.5;95.4;26.8;1.7;2.2;0.3;0.5;0.7;1.2;0.2;0.5;0.3;1.4;0.7;0.9,33.23,0.09,0.0,1.58,14.184,0.0,1123.0,1416.0,4,16,,,,,,,,,,,,,,,,,,,,,,,,,,,,,,,,,,,,,,,,,,,,,,,,,,,,,,,,,,,,,
41,5,,,,,,,98,79,70,17,240.6,2730,10801,38,0,19.0,5.8;4.1;15.2;13.8;4.6;5.8;71.3;85.5;52.0;48.2;95.2;39.1;2.7;2.6;0.3;0.5;1.4;0.3;1.0;0.7;1.4;1.0;0.9;2.2,33.17,0.09,0.0,2.2,14.184,0.0,244.0,8349.0,4,16,,,,,,,,,,,,,,,,,,,,,,,,,,,,,,,,,,,,,,,,,,,,,,,,,,,,,,,,,,,,,
41,6,,,,,,,100,77,70,13,238.8,2730,10801,39,0,18.8,8.1;2.7;16.1;16.2;3.4;5.8;57.3;69.2;34.9;68.1;87.6;72.2;1.7;1.5;0.5;0.0;0.3;1.0;0.5;0.2;0.9;1.2;1.0;0.7,33.19,0.09,0.0,0.06,14.184,0.0,3271.0,1416.0,4,16,,,,,,,,,,,,,,,,,,,,,,,,,,,,,,,,,,,,,,,,,,,,,,,,,,,,,,,,,,,,,
41,7,,,,,,,100,81,70,14,239.1,2730,10801,38,0,17.9,5.6;1.2;14.4;10.9;2.9;7.0;88.0;72.0;40.4;56.5;93.7;33.0;0.9;1.4;0.2;0.0;0.0;0.2;0.5;0.0;0.2;0.2;0.0;0.7,33.19,0.09,0.0,0.07,14.184,0.0,1367.0,1416.0,4,16,,,,,,,,,,,,,,,,,,,,,,,,,,,,,,,,,,,,,,,,,,,,,,,,,,,,,,,,,,,,,
41,8,,,,,,,100,47,70,14,240.1,2730,10801,38,0,15.6,5.4;2.6;10.6;13.3;3.8;3.6;83.3;68.2;35.9;35.2;96.8;5.3;1.4;1.2;0.0;0.2;0.3;1.2;0.5;0.3;0.7;0.3;0.3;2.5,33.2,0.09,0.0,0.05,14.184,0.0,585.0,48.0,4,16,,,,,,,,,,,,,,,,,,,,,,,,,,,,,,,,,,,,,,,,,,,,,,,,,,,,,,,,,,,,,
41,9,,,,,,,98,74,67,17,240.6,2730,10801,39,0,10.2,4.1;0.3;3.6;4.0;1.0;0.9;52.0;48.9;16.0;10.4;57.9;44.3;0.2;0.2;0.0;0.0;0.2;0.0;0.0;0.2;0.0;0.0;0.0;0.0,33.2,0.09,0.0,0.06,14.184,0.0,195.0,1367.0,4,16,,,,,,,,,,,,,,,,,,,,,,,,,,,,,,,,,,,,,,,,,,,,,,,,,,,,,,,,,,,,,
41,10,,,,,,,53,44,61,14,240.6,2730,10801,39,0,12.4,3.4;0.0;17.2;6.9;6.9;6.9;20.7;62.1;10.3;55.2;100.0;0.0;3.4;0.0;0.0;0.0;3.4;0.0;0.0;0.0;0.0;0.0;0.0;0.0,33.24,0.09,0.0,0.17,14.188,0.0,0.0,1904.0,4,16,,,,,,,,,,,,,,,,,,,,,,,,,,,,,,,,,,,,,,,,,,,,,,,,,,,,,,,,,,,,,
41,summary,0.3081980247466157,0.9938312368495359,0.28431929063796996,0.9992222222222222,0.00100000,88.2,,,,,,,,,,,,,,,,,,,,,,53,94.6,100,44,69.8,90,61,68.3,72,13,14.6,17,75.6,223.31,240.6,2731.5,10801.0,38.5,0,10.2,19.11,39.8,33.15,33.21,33.25,63.16,0.09,0.09,0.09,18.03,0.0,0.0,0.01,0.05,0.89,2.51,11.269,15.584,14.184,14.18,14.188,15.992,0.0,0.0,0.0,0.0,1049.4,3271.0,0.0,1762.4,8349.0,4,4.0,4,16,16.0,16,4,16,2.85,72.05
42,1,,,,,,,100,49,68,16,90.8,2730,10801,39,0,40.3,35.1;29.4;55.2;68.2;41.8;38.4;88.8;76.2;77.6;70.6;95.6;65.1;23.9;25.7;14.3;14.9;21.9;23.8;10.5;11.2;19.5;20.5;19.8;18.3,33.21,0.09,0.0,0.07,14.184,0.0,341.0,195.0,4,16,,,,,,,,,,,,,,,,,,,,,,,,,,,,,,,,,,,,,,,,,,,,,,,,,,,,,,,,,,,,,
42,2,,,,,,,98,81,69,16,238.8,2730,10801,38,0,20.2,10.7;4.5;21.6;18.3;7.4;6.0;69.9;69.7;57.0;47.6;90.1;58.2;4.3;2.7;1.4;1.5;2.1;1.9;0.9;1.2;2.4;1.9;2.2;2.6,33.25,0.09,0.0,2.46,14.184,0.0,341.0,390.0,4,16,,,,,,,,,,,,,,,,,,,,,,,,,,,,,,,,,,,,,,,,,,,,,,,,,,,,,,,,,,,,,
42,3,,,,,,,100,78,68,15,239.7,2730,10801,39,0,18.9,6.6;2.6;22.2;10.4;7.7;4.3;59.7;73.2;48.4;49.7;88.7;67.5;2.9;2.6;0.0;0.2;1.0;1.2;0.2;0.5;0.9;0.5;0.7;0.9,33.23,0.09,0.0,2.15,14.184,0.0,1220.0,1953.0,4,16,,,,,,,,,,,,,,,,,,,,,,,,,,,,,,,,,,,,,,,,,,,,,,,,,,,,,,,,,,,,,
42,4,,,,,,,100,84,66,13,239.9,2730,10801,38,0,19.2,9.0;2.6;21.7;9.4;5.7;5.7;80.4;74.8;36.5;61.8;93.5;42.4;4.8;3.2;0.9;0.9;1.5;0.7;0.3;0.2;1.7;0.3;0.9;1.7,33.22,0.09,0.0,1.6,14.184,0.0,7861.0,108935.0,4,16,,,,,,,,,,,,,,,,,,,,,,,,,,,,,,,,,,,,,,,,,,,,,,,,,,,,,,,,,,,,,
42,5,,,,,,,100,58,70,15,239.9,2730,10801,38,0,18.7,5.6;4.4;15.2;15.6;7.4;3.9;76.5;86.0;49.3;53.6;80.0;37.3;2.9;3.7;0.2;0.2;1.2;1.9;0.5;0.0;1.2;1.0;1.0;1.7,33.19,0.09,0.0,2.19,14.184,0.0,781.0,48.0,4,16,,,,,,,,,,,,,,,,,,,,,,,,,,,,,,,,,,,,,,,,,,,,,,,,,,,,,,,,,,,,,
42,6,,,,,,,98,74,71,12,240.1,2730,10801,38,0,19.2,4.2;4.6;14.0;14.3;3.9;8.0;90.3;89.0;39.4;64.7;81.2;32.0;2.4;3.4;0.2;0.5;1.4;1.4;0.3;0.3;0.5;1.0;0.9;2.0,33.19,0.09,0.0,0.09,14.184,0.0,1123.0,1416.0,4,16,,,,,,,,,,,,,,,,,,,,,,,,,,,,,,,,,,,,,,,,,,,,,,,,,,,,,,,,,,,,,
42,7,,,,,,,100,84,67,15,239.8,2730,10801,38,0,18.0,5.4;2.2;15.4;19.6;3.9;3.2;86.0;89.1;52.3;47.3;93.7;9.7;1.4;1.2;0.2;0.2;0.2;0.0;0.0;0.0;0.2;0.0;0.0;0.3,33.19,0.09,0.0,0.06,14.184,0.0,1123.0,1416.0,4,16,,,,,,,,,,,,,,,,,,,,,,,,,,,,,,,,,,,,,,,,,,,,,,,,,,,,,,,,,,,,,
42,8,,,,,,,100,87,66,21,239.8,2730,10801,39,0,14.7,4.4;1.7;8.7;10.3;1.4;3.4;36.8;72.4;35.4;33.7;90.6;49.7;1.4;0.5;0.0;0.2;0.5;0.3;0.0;0.0;0.3;0.0;0.0;0.3,33.18,0.09,0.0,0.08,14.184,0.0,585.0,1562.0,4,16,,,,,,,,,,,,,,,,,,,,,,,,,,,,,,,,,,,,,,,,,,,,,,,,,,,,,,,,,,,,,
42,9,,,,,,,100,54,71,13,240.6,2730,10801,39,0,9.9,1.7;0.2;2.2;5.1;1.0;1.4;59.1;41.9;8.2;14.8;62.5;38.0;0.5;0.5;0.0;0.0;0.2;0.3;0.0;0.0;0.2;0.0;0.0;0.2,33.18,0.09,0.0,0.04,14.184,0.0,0.0,1757.0,4,16,,,,,,,,,,,,,,,,,,,,,,,,,,,,,,,,,,,,,,,,,,,,,,,,,,,,,,,,,,,,,
42,10,,,,,,,100,52,69,14,240.6,2730,10801,39,0,15.4,6.9;3.6;50.0;7.1;10.7;7.1;0.0;100.0;17.9;64.3;28.6;64.3;6.9;3.6;0.0;0.0;0.0;0.0;0.0;0.0;0.0;0.0;0.0;0.0,33.22,0.09,0.0,0.05,14.188,0.0,14648.0,1806.0,4,16,,,,,,,,,,,,,,,,,,,,,,,,,,,,,,,,,,,,,,,,,,,,,,,,,,,,,,,,,,,,,
42,summary,0.30763336092531446,0.9939405394081267,0.2842192313671112,0.9992222222222222,0.00100000,88.4,,,,,,,,,,,,,,,,,,,,,,98,99.6,100,49,70.1,87,66,68.5,71,12,15.0,21,90.8,225.0,240.6,2730.0,10801.0,38.5,0,9.9,19.45,40.3,33.18,33.21,33.25,63.16,0.09,0.09,0.09,18.03,0.0,0.0,0.0,0.04,0.88,2.46,11.269,15.584,14.184,14.18,14.188,15.992,0.0,0.0,0.0,0.0,2802.3,14648.0,48.0,11947.8,108935.0,4,4.0,4,16,16.0,16,4,16,2.93,72.03
43,1,,,,,,,100,53,67,17,86.6,2730,10801,39,0,39.6,31.4;31.1;59.2;60.4;39.4;36.5;95.2;91.0;72.1;74.9;93.5;54.1;23.7;26.7;11.3;13.2;21.2;23.2;8.5;9.7;19.6;20.4;17.5;16.0,33.22,0.09,0.0,0.07,14.184,0.0,14746.0,17236.0,4,16,,,,,,,,,,,,,,,,,,,,,,,,,,,,,,,,,,,,,,,,,,,,,,,,,,,,,,,,,,,,,
43,2,,,,,,,100,85,70,20,238.2,2730,10801,38,0,20.4,6.3;5.0;24.2;20.2;8.0;6.7;69.2;85.7;47.2;58.9;95.1;41.0;3.9;3.8;1.7;1.2;1.5;1.4;1.4;0.7;1.7;1.7;1.5;2.2,33.27,0.09,0.0,3.6,14.184,0.0,1416.0,0.0,4,16,,,,,,,,,,,,,,,,,,,,,,,,,,,,,,,,,,,,,,,,,,,,,,,,,,,,,,,,,,,,,
43,3,,,,,,,100,56,70,14,240.6,2730,10801,38,0,18.6,6.3;2.7;17.9;12.3;4.9;4.8;77.6;42.7;55.3;43.2;88.5;78.5;3.1;0.7;0.2;0.3;1.5;0.9;0.2;0.0;1.0;0.5;0.5;1.5,33.26,0.09,0.0,3.01,14.184,0.0,341.0,439.0,4,16,,,,,,,,,,,,,,,,,,,,,,,,,,,,,,,,,,,,,,,,,,,,,,,,,,,,,,,,,,,,,
43,4,,,,,,,100,57,69,14,239.9,2730,10801,38,0,18.6,7.2;3.4;19.5;10.7;6.5;5.6;62.9;69.1;48.7;54.1;82.9;64.3;2.2;2.0;0.3;0.3;1.0;1.0;0.0;0.2;1.0;0.5;0.3;2.4,33.21,0.09,0.0,2.14,14.184,0.0,1464.0,1464.0,4,16,,,,,,,,,,,,,,,,,,,,,,,,,,,,,,,,,,,,,,,,,,,,,,,,,,,,,,,,,,,,,
43,5,,,,,,,98,77,70,13,239.7,2730,10801,38,0,18.5,7.4;3.6;18.4;9.9;4.0;5.5;55.8;64.9;43.9;57.0;88.0;73.8;2.2;2.4;0.5;0.3;1.0;1.2;0.7;0.3;0.7;0.3;0.9;1.9,33.2,0.09,0.0,1.38,14.184,0.0,732.0,1562.0,4,16,,,,,,,,,,,,,,,,,,,,,,,,,,,,,,,,,,,,,,,,,,,,,,,,,,,,,,,,,,,,,
43,6,,,,,,,100,85,70,15,239.4,2730,10801,39,0,18.8,4.9;3.2;16.0;20.3;2.6;7.0;71.8;77.6;44.5;51.8;94.0;50.2;1.2;2.2;0.3;0.2;0.7;0.5;0.2;0.0;0.2;0.0;0.9;1.0,33.19,0.09,0.0,2.42,14.184,0.0,292.0,390.0,4,16,,,,,,,,,,,,,,,,,,,,,,,,,,,,,,,,,,,,,,,,,,,,,,,,,,,,,,,,,,,,,
43,7,,,,,,,100,57,70,15,239.2,2730,10801,38,0,18.8,5.6;1.9;16.8;15.6;3.3;4.8;72.2;73.8;48.6;53.6;92.3;51.4;2.9;1.5;0.2;0.2;1.0;0.9;0.3;0.2;0.5;0.5;1.0;1.9,33.19,0.09,0.02,0.2,14.184,0.0,1757.0,1806.0,4,16,,,,,,,,,,,,,,,,,,,,,,,,,,,,,,,,,,,,,,,,,,,,,,,,,,,,,,,,,,,,,
43,8,,,,,,,100,65,70,14,238.8,2730,10801,38,0,15.1,5.2;3.2;10.3;11.3;2.4;3.9;86.7;46.6;18.8;51.6;70.0;49.7;1.4;0.9;0.2;0.2;0.3;0.2;0.0;0.0;0.3;0.0;0.0;0.0,33.19,0.09,0.0,0.05,14.184,0.0,1123.0,1464.0,4,16,,,,,,,,,,,,,,,,,,,,,,,,,,,,,,,,,,,,,,,,,,,,,,,,,,,,,,,,,,,,,
43,9,,,,,,,100,61,71,13,240.4,2730,10801,38,0,10.7,3.1;1.4;3.3;5.5;1.9;1.7;58.0;43.6;10.5;19.3;55.7;47.1;0.3;1.0;0.0;0.2;0.5;0.2;0.2;0.2;0.2;0.0;0.3;1.5,33.18,0.09,0.0,0.07,14.184,0.0,1464.0,1416.0,4,16,,,,,,,,,,,,,,,,,,,,,,,,,,,,,,,,,,,,,,,,,,,,,,,,,,,,,,,,,,,,,
43,10,,,,,,,100,65,70,20,240.4,2730,10801,38,0,14.2,6.2;9.4;12.9;12.9;12.9;3.2;6.5;77.4;48.4;22.6;54.8;45.2;9.7;6.5;3.2;0.0;0.0;3.2;3.2;0.0;3.2;0.0;0.0;0.0,33.22,0.09,0.0,0.22,14.188,0.0,976.0,195.0,4,16,,,,,,,,,,,,,,,,,,,,,,,,,,,,,,,,,,,,,,,,,,,,,,,,,,,,,,,,,,,,,
43,summary,0.30758978114377244,0.9938676710357328,0.2842046547730764,0.9992222222222222,0.00100000,88.3,,,,,,,,,,,,,,,,,,,,,,98,99.8,100,53,66.1,85,67,69.7,71,13,15.5,20,86.6,224.32,240.6,2730.0,10801.0,38.2,0,10.7,19.33,39.6,33.18,33.21,33.27,63.16,0.09,0.09,0.09,18.03,0.0,0.0,0.02,0.05,1.32,3.6,11.269,15.584,14.184,14.18,14.188,15.992,0.0,0.0,0.0,292.0,2431.1,14746.0,0.0,2597.2,17236.0,4,4.0,4,16,16.0,16,4,16,2.92,72.03
44,1,,,,,,,100,80,67,17,107.5,2730,10801,39,0,41.1,31.9;32.5;59.6;66.3;42.6;41.2;90.1;76.6;68.3;69.8;88.6;76.9;23.8;25.9;15.9;16.2;24.0;24.5;11.3;14.4;22.4;22.6;20.7;19.2,33.26,0.09,0.0,0.12,14.184,0.0,1416.0,0.0,4,16,,,,,,,,,,,,,,,,,,,,,,,,,,,,,,,,,,,,,,,,,,,,,,,,,,,,,,,,,,,,,
44,2,,,,,,,100,64,68,15,239.5,2730,10801,38,0,20.0,8.8;3.6;22.7;14.9;8.0;8.5;75.6;77.6;54.6;47.6;85.1;49.4;3.7;4.6;1.0;1.5;2.2;1.0;1.0;0.8;1.9;1.5;1.7;3.7,33.3,0.09,0.0,3.56,14.184,0.0,0.0,1855.0,4,16,,,,,,,,,,,,,,,,,,,,,,,,,,,,,,,,,,,,,,,,,,,,,,,,,,,,,,,,,,,,,
44,3,,,,,,,100,79,71,15,238.2,2730,10801,38,0,18.0,5.2;1.7;17.2;7.2;3.8;2.4;81.3;80.7;52.0;44.9;95.7;30.8;1.4;1.5;0.7;0.7;0.5;0.7;0.3;0.0;0.3;0.2;0.3;0.9,33.25,0.09,0.0,3.0,14.184,0.0,1025.0,97.0,4,16,,,,,,,,,,,,,,,,,,,,,,,,,,,,,,,,,,,,,,,,,,,,,,,,,,,,,,,,,,,,,
44,4,,,,,,,100,80,70,13,239.3,2730,10801,38,0,18.0,5.7;1.7;19.6;6.8;3.8;3.8;64.6;72.7;54.3;47.9;94.0;48.7;1.9;0.9;0.0;0.0;0.2;0.5;0.2;0.0;1.2;0.9;0.2;0.9,33.23,0.09,0.0,2.15,14.184,0.0,0.0,1416.0,4,16,,,,,,,,,,,,,,,,,,,,,,,,,,,,,,,,,,,,,,,,,,,,,,,,,,,,,,,,,,,,,
44,5,,,,,,,100,52,71,20,239.7,2730,10801,38,0,18.4,7.6;3.1;22.7;7.5;6.6;3.9;85.1;88.0;49.8;45.1;95.2;16.1;2.2;1.7;0.2;0.2;1.2;0.7;0.3;0.2;1.0;0.3;1.0;2.4,33.23,0.09,0.0,1.46,14.184,0.0,1464.0,0.0,4,16,,,,,,,,,,,,,,,,,,,,,,,,,,,,,,,,,,,,,,,,,,,,,,,,,,,,,,,,,,,,,
44,6,,,,,,,98,78,71,16,241.4,2730,10801,38,0,18.2,7.4;2.4;18.1;9.6;6.8;3.8;84.8;89.1;44.4;51.6;92.6;19.7;1.4;1.4;0.0;0.3;0.5;0.3;0.0;0.2;0.0;0.2;0.2;1.9,33.23,0.09,0.0,2.47,14.184,0.0,1416.0,0.0,4,16,,,,,,,,,,,,,,,,,,,,,,,,,,,,,,,,,,,,,,,,,,,,,,,,,,,,,,,,,,,,,
44,7,,,,,,,100,74,69,20,239.8,2730,10801,39,0,18.9,7.5;2.7;20.2;14.0;5.1;3.9;93.0;88.6;54.0;44.9;93.2;15.0;2.9;2.4;0.0;0.3;1.4;0.7;0.5;0.2;1.0;0.7;0.3;1.4,33.21,0.09,0.0,0.1,14.184,0.0,976.0,195.0,4,16,,,,,,,,,,,,,,,,,,,,,,,,,,,,,,,,,,,,,,,,,,,,,,,,,,,,,,,,,,,,,
44,8,,,,,,,100,67,70,13,240.1,2730,10801,39,0,15.7,5.2;2.1;13.9;8.7;3.4;3.8;86.2;46.4;20.7;51.7;70.8;57.5;0.5;1.2;0.0;0.0;0.3;0.9;0.2;0.5;0.5;0.7;0.0;1.0,33.19,0.09,0.0,0.09,14.191,0.0,244.0,4248.0,4,16,,,,,,,,,,,,,,,,,,,,,,,,,,,,,,,,,,,,,,,,,,,,,,,,,,,,,,,,,,,,,
44,9,,,,,,,100,52,71,15,240.8,2730,10801,39,0,9.9,2.4;0.3;2.6;3.3;1.0;1.4;39.7;60.4;8.4;14.0;31.1;70.9;0.3;0.0;0.0;0.0;0.0;0.2;0.0;0.0;0.2;0.3;0.0;0.5,33.21,0.09,0.0,0.03,14.187,0.0,976.0,239306.0,4,16,,,,,,,,,,,,,,,,,,,,,,,,,,,,,,,,,,,,,,,,,,,,,,,,,,,,,,,,,,,,,
44,10,,,,,,,90,64,68,14,240.8,2730,10801,39,0,13.6,10.3;0.0;17.2;10.3;6.9;3.4;0.0;100.0;13.8;56.7;41.4;41.4;0.0;6.9;0.0;0.0;0.0;3.4;0.0;0.0;0.0;0.0;0.0;6.7,33.24,0.09,0.0,0.29,14.19,0.0,341.0,1611.0,4,16,,,,,,,,,,,,,,,,,,,,,,,,,,,,,,,,,,,,,,,,,,,,,,,,,,,,,,,,,,,,,
44,summary,0.3077114435203072,0.9938927195387433,0.28412463267644245,0.9992222222222222,0.00100000,88.5,,,,,,,,,,,,,,,,,,,,,,90,98.8,100,52,69.0,80,67,69.6,71,13,15.8,20,107.5,226.71,241.4,2730.0,10801.0,38.5,0,9.9,19.18,41.1,33.19,33.23,33.3,63.16,0.09,0.09,0.09,18.03,0.0,0.0,0.0,0.03,1.33,3.56,11.269,15.584,14.184,14.19,14.191,15.992,0.0,0.0,0.0,0.0,785.8,1464.0,0.0,24872.8,239306.0,4,4.0,4,16,16.0,16,4,16,3.11,72.04
45,1,,,,,,,100,59,66,15,99.0,2730,10801,39,0,40.0,31.6;30.6;59.9;56.7;36.4;38.1;92.4;90.5;72.7;73.0;92.7;62.8;24.7;26.1;12.0;13.4;21.9;24.4;11.9;11.8;19.0;21.5;18.7;18.2,33.21,0.09,0.0,0.19,14.187,0.0,1464.0,1513.0,4,16,,,,,,,,,,,,,,,,,,,,,,,,,,,,,,,,,,,,,,,,,,,,,,,,,,,,,,,,,,,,,
45,2,,,,,,,98,74,69,17,240.1,2730,10801,39,0,20.6,7.8;3.9;18.2;20.8;7.9;9.2;95.5;60.4;48.4;56.7;90.7;45.2;3.8;3.6;2.1;2.6;2.7;3.1;1.5;1.4;2.4;2.6;2.2;2.2,33.28,0.09,0.0,3.58,14.187,0.0,292.0,1562.0,4,16,,,,,,,,,,,,,,,,,,,,,,,,,,,,,,,,,,,,,,,,,,,,,,,,,,,,,,,,,,,,,
45,3,,,,,,,100,85,72,15,239.7,2730,10801,38,0,17.6,3.2;1.2;15.8;12.7;3.8;2.1;67.1;42.4;46.1;52.1;87.3;86.1;0.3;1.4;0.0;0.0;0.0;0.0;0.2;0.2;0.0;0.0;0.2;0.0,33.25,0.09,0.0,3.11,14.187,0.0,585.0,341.0,4,16,,,,,,,,,,,,,,,,,,,,,,,,,,,,,,,,,,,,,,,,,,,,,,,,,,,,,,,,,,,,,
45,4,,,,,,,100,52,68,20,239.4,2730,10801,39,0,18.6,5.1;2.9;20.9;11.2;5.3;3.9;71.7;85.9;52.4;45.5;83.0;47.7;2.9;1.7;0.7;0.5;0.5;1.2;0.5;0.5;0.5;0.3;0.3;2.0,33.24,0.09,0.0,2.14,14.187,0.0,14550.0,1416.0,4,16,,,,,,,,,,,,,,,,,,,,,,,,,,,,,,,,,,,,,,,,,,,,,,,,,,,,,,,,,,,,,
45,5,,,,,,,100,48,70,15,240.6,2730,10801,38,0,18.4,6.1;1.5;21.4;11.7;5.3;2.6;63.2;83.7;46.1;58.9;90.3;43.8;2.2;1.2;0.3;0.0;0.3;0.3;0.2;0.2;0.3;0.5;0.2;0.7,33.24,0.09,0.0,1.36,14.187,0.0,1123.0,1416.0,4,16,,,,,,,,,,,,,,,,,,,,,,,,,,,,,,,,,,,,,,,,,,,,,,,,,,,,,,,,,,,,,
45,6,,,,,,,98,72,71,15,240.2,2730,10801,39,0,18.5,5.9;1.7;22.7;6.7;5.8;3.9;63.0;66.5;47.7;52.8;96.4;59.1;2.2;2.4;0.0;0.2;1.0;0.9;0.2;0.5;0.3;0.7;1.0;2.4,33.22,0.09,0.0,2.37,14.187,0.0,1416.0,0.0,4,16,,,,,,,,,,,,,,,,,,,,,,,,,,,,,,,,,,,,,,,,,,,,,,,,,,,,,,,,,,,,,
45,7,,,,,,,100,76,68,14,240.5,2730,10801,39,0,18.7,6.2;2.7;23.1;9.0;7.2;3.8;80.8;77.6;44.2;55.7;89.1;41.8;2.2;1.5;0.3;0.3;1.4;1.2;0.2;0.2;0.3;0.5;0.2;0.9,33.22,0.09,0.0,0.09,14.187,0.0,0.0,1855.0,4,16,,,,,,,,,,,,,,,,,,,,,,,,,,,,,,,,,,,,,,,,,,,,,,,,,,,,,,,,,,,,,
45,8,,,,,,,100,47,72,14,240.2,2730,10801,39,0,15.2,4.6;1.4;13.9;7.2;4.6;2.2;63.6;82.8;32.2;37.1;96.1;13.9;0.9;1.5;0.2;0.0;0.2;0.0;0.3;0.0;0.2;0.2;0.0;0.5,33.19,0.09,0.0,0.08,14.187,0.0,0.0,1806.0,4,16,,,,,,,,,,,,,,,,,,,,,,,,,,,,,,,,,,,,,,,,,,,,,,,,,,,,,,,,,,,,,
45,9,,,,,,,100,56,69,12,240.5,2730,10801,39,0,10.9,3.2;1.5;5.8;4.1;1.4;2.4;42.0;60.8;11.5;18.8;95.0;6.5;0.9;1.4;0.0;0.0;1.0;0.2;0.0;0.2;0.5;0.2;0.9;2.2,33.18,0.09,0.0,0.09,14.187,0.0,0.0,1708.0,4,16,,,,,,,,,,,,,,,,,,,,,,,,,,,,,,,,,,,,,,,,,,,,,,,,,,,,,,,,,,,,,
45,10,,,,,,,100,61,69,20,240.5,2730,10801,39,0,18.7,19.4;16.1;19.4;16.7;19.4;6.7;70.0;40.0;20.0;56.7;80.0;16.7;12.9;3.3;6.9;0.0;3.4;13.8;3.6;0.0;0.0;3.4;3.4;12.5,33.22,0.09,0.0,0.0,14.19,0.0,537.0,1611.0,4,16,,,,,,,,,,,,,,,,,,,,,,,,,,,,,,,,,,,,,,,,,,,,,,,,,,,,,,,,,,,,,
45,summary,0.3068314297702181,0.9942684470838988,0.2840786421298981,0.9993333333333333,0.00100000,88.0,,,,,,,,,,,,,,,,,,,,,,98,99.6,100,47,63.0,85,66,69.4,72,12,15.7,20,99.0,226.07,240.6,2730.0,10801.0,38.8,0,10.9,19.72,40.0,33.18,33.23,33.28,63.16,0.09,0.09,0.09,18.03,0.0,0.0,0.0,0.0,1.3,3.58,11.269,15.584,14.187,14.19,14.19,15.992,0.0,0.0,0.0,0.0,1996.7,14550.0,0.0,1322.8,1855.0,4,4.0,4,16,16.0,16,4,16,2.85,72.05
46,1,,,,,,,0,0,59,17,60.2,2745,10801,39,0,41.1,32.7;33.7;67.1;57.1;39.6;41.7;86.3;80.2;69.3;73.3;96.4;77.6;25.3;27.2;13.6;14.0;22.2;24.3;9.9;11.5;21.4;22.4;20.0;18.8,33.17,0.08,0.0,0.04,14.187,0.0,2050.0,1367.0,4,16,,,,,,,,,,,,,,,,,,,,,,,,,,,,,,,,,,,,,,,,,,,,,,,,,,,,,,,,,,,,,
46,2,,,,,,,100,80,69,16,238.8,2730,10801,39,0,20.6,7.7;5.5;25.7;15.6;8.5;7.2;70.7;75.6;59.6;51.2;94.6;46.9;2.6;2.6;1.4;1.5;1.7;1.9;4.1;1.5;1.9;1.9;1.4;2.7,33.17,0.08,0.0,3.58,14.187,0.0,14501.0,244.0,4,16,,,,,,,,,,,,,,,,,,,,,,,,,,,,,,,,,,,,,,,,,,,,,,,,,,,,,,,,,,,,,
46,3,,,,,,,100,69,71,12,239.2,2730,10801,39,0,18.9,5.6;2.6;15.5;14.3;2.4;7.5;77.1;84.9;54.5;48.2;92.0;38.4;2.4;1.4;0.5;0.3;0.7;1.4;0.7;0.2;0.5;0.3;0.7;0.5,33.15,0.08,0.0,3.02,14.187,0.0,634.0,2978.0,4,16,,,,,,,,,,,,,,,,,,,,,,,,,,,,,,,,,,,,,,,,,,,,,,,,,,,,,,,,,,,,,
46,4,,,,,,,98,78,68,15,238.2,2730,10801,39,0,18.4,4.2;2.4;15.9;16.6;5.6;3.8;65.5;82.9;50.5;47.9;88.8;46.7;2.4;2.9;0.0;0.2;0.2;0.5;0.2;0.3;0.5;0.3;0.5;1.5,33.12,0.08,0.0,2.13,14.187,0.0,1318.0,244.0,4,16,,,,,,,,,,,,,,,,,,,,,,,,,,,,,,,,,,,,,,,,,,,,,,,,,,,,,,,,,,,,,
46,5,,,,,,,100,59,68,14,239.7,2730,10801,39,0,18.3,4.3;3.1;20.0;9.4;3.1;4.8;65.9;86.6;43.3;61.2;85.4;44.9;1.2;0.9;0.0;0.5;0.3;0.5;0.2;0.3;0.2;0.5;0.7;1.5,33.11,0.08,0.0,1.36,14.187,0.0,2294.0,1708.0,4,16,,,,,,,,,,,,,,,,,,,,,,,,,,,,,,,,,,,,,,,,,,,,,,,,,,,,,,,,,,,,,
46,6,,,,,,,100,73,69,15,239.2,2730,10801,39,0,18.9,5.5;2.7;21.6;14.6;3.3;5.6;82.7;59.0;39.7;63.7;92.8;50.3;2.2;2.6;0.3;0.2;1.0;0.9;0.5;0.2;0.9;1.0;0.2;2.0,33.08,0.08,0.0,2.41,14.187,0.0,927.0,1464.0,4,16,,,,,,,,,,,,,,,,,,,,,,,,,,,,,,,,,,,,,,,,,,,,,,,,,,,,,,,,,,,,,
46,7,,,,,,,100,65,71,20,239.3,2730,10801,39,0,18.7,8.1;3.6;18.0;11.0;3.4;6.3;70.0;77.9;52.6;45.1;82.4;61.5;1.5;2.1;0.2;0.2;1.0;0.3;0.3;0.2;0.5;0.3;0.7;1.2,33.09,0.08,0.0,0.06,14.187,0.0,537.0,1464.0,4,16,,,,,,,,,,,,,,,,,,,,,,,,,,,,,,,,,,,,,,,,,,,,,,,,,,,,,,,,,,,,,
46,8,,,,,,,98,79,69,16,240.2,2730,10801,38,0,15.4,4.9;2.2;18.1;5.8;5.3;3.6;53.7;65.8;40.2;29.6;90.4;38.4;2.4;1.9;0.2;0.2;0.7;1.2;0.2;0.2;1.2;0.9;0.7;1.9,33.09,0.08,0.0,0.07,14.187,0.0,0.0,23974.0,4,16,,,,,,,,,,,,,,,,,,,,,,,,,,,,,,,,,,,,,,,,,,,,,,,,,,,,,,,,,,,,,
46,9,,,,,,,100,87,70,19,239.8,2730,10801,39,0,10.3,5.0;1.0;3.2;2.7;0.5;1.4;48.9;51.5;11.4;16.7;63.7;38.5;0.3;0.3;0.0;0.0;0.5;0.0;0.0;0.0;0.0;0.0;0.0;1.0,33.09,0.08,0.0,0.04,14.187,0.0,40673.0,13525.0,4,16,,,,,,,,,,,,,,,,,,,,,,,,,,,,,,,,,,,,,,,,,,,,,,,,,,,,,,,,,,,,,
46,10,,,,,,,0,0,63,15,239.8,2730,10801,39,0,14.4,6.9;10.7;13.8;27.6;10.3;7.1;3.4;93.1;3.6;58.6;44.8;46.4;7.1;0.0;0.0;0.0;0.0;3.6;0.0;0.0;3.6;0.0;0.0;0.0,33.13,0.08,0.0,0.15,14.19,0.0,585.0,1757.0,4,16,,,,,,,,,,,,,,,,,,,,,,,,,,,,,,,,,,,,,,,,,,,,,,,,,,,,,,,,,,,,,
46,summary,0.3072889486291002,0.9940111306438831,0.2839640089670817,0.9994444444444445,0.00100000,88.2,,,,,,,,,,,,,,,,,,,,,,0,79.6,100,0,59.0,87,59,67.7,71,12,15.9,20,60.2,221.44,240.2,2731.5,10801.0,38.9,0,10.3,19.5,41.1,33.08,33.12,33.17,63.16,0.08,0.08,0.08,18.03,0.0,0.0,0.0,0.04,1.29,3.58,11.269,15.584,14.187,14.19,14.19,15.992,0.0,0.0,0.0,0.0,6351.9,40673.0,244.0,4872.5,23974.0,4,4.0,4,16,16.0,16,4,16,3.04,72.04
47,1,,,,,,,100,55,67,23,84.5,2745,10801,39,0,40.9,32.6;34.1;58.4;68.8;37.8;39.9;90.5;82.2;80.6;76.3;94.1;55.8;27.8;28.7;12.9;14.8;23.0;24.3;9.2;10.6;20.6;22.2;19.0;18.6,33.25,0.08,0.0,0.07,14.187,0.0,17285.0,3857.0,4,16,,,,,,,,,,,,,,,,,,,,,,,,,,,,,,,,,,,,,,,,,,,,,,,,,,,,,,,,,,,,,
47,2,,,,,,,100,85,69,15,239.4,2730,10801,38,0,19.9,4.9;4.5;21.8;20.9;4.3;6.2;73.5;87.0;47.0;60.9;95.2;36.0;3.6;3.1;0.3;0.3;2.1;1.0;0.7;0.5;1.2;1.0;1.4;0.9,33.18,0.08,0.0,3.58,14.187,0.0,0.0,1708.0,4,16,,,,,,,,,,,,,,,,,,,,,,,,,,,,,,,,,,,,,,,,,,,,,,,,,,,,,,,,,,,,,
47,3,,,,,,,100,65,71,21,240.3,2730,10801,39,0,18.0,6.9;2.2;9.9;18.0;2.7;5.6;88.7;86.6;52.7;41.5;93.5;18.9;0.5;1.4;0.0;0.0;0.7;0.7;0.7;0.0;0.0;0.3;0.2;1.0,33.17,0.08,0.0,3.05,14.187,0.0,585.0,1611.0,4,16,,,,,,,,,,,,,,,,,,,,,,,,,,,,,,,,,,,,,,,,,,,,,,,,,,,,,,,,,,,,,
47,4,,,,,,,100,76,71,16,239.2,2730,10801,39,0,17.9,2.7;1.9;11.0;16.1;2.7;5.0;70.9;73.3;47.6;52.1;84.6;55.3;2.1;1.0;0.5;0.2;0.2;0.7;0.0;0.2;0.3;0.3;0.2;1.4,33.14,0.08,0.0,2.19,14.187,0.0,1171.0,195.0,4,16,,,,,,,,,,,,,,,,,,,,,,,,,,,,,,,,,,,,,,,,,,,,,,,,,,,,,,,,,,,,,
47,5,,,,,,,100,63,69,18,239.6,2730,10801,39,0,18.4,4.1;2.9;23.0;13.8;3.9;5.7;60.7;89.9;44.9;50.2;86.0;46.8;2.1;1.4;0.7;0.2;1.0;1.0;0.0;0.2;0.7;0.2;0.0;1.4,33.13,0.08,0.0,1.4,14.187,0.0,244.0,1855.0,4,16,,,,,,,,,,,,,,,,,,,,,,,,,,,,,,,,,,,,,,,,,,,,,,,,,,,,,,,,,,,,,
47,6,,,,,,,98,76,70,15,240.0,2730,10801,39,0,18.2,6.2;2.1;20.3;13.4;5.1;2.6;92.1;86.8;43.1;53.9;93.2;10.3;1.4;1.7;0.3;0.3;0.3;0.9;0.3;0.2;0.9;0.2;0.3;2.0,33.11,0.08,0.0,2.38,14.187,0.0,927.0,341.0,4,16,,,,,,,,,,,,,,,,,,,,,,,,,,,,,,,,,,,,,,,,,,,,,,,,,,,,,,,,,,,,,
47,7,,,,,,,100,73,71,18,238.7,2730,10801,39,0,18.9,5.4;2.9;17.0;15.1;5.3;5.3;80.1;89.0;55.3;48.6;89.0;28.0;2.6;2.6;0.0;0.0;0.7;0.9;0.2;0.7;0.3;0.0;1.2;3.2,33.11,0.08,0.0,0.07,14.187,0.0,2490.0,195.0,4,16,,,,,,,,,,,,,,,,,,,,,,,,,,,,,,,,,,,,,,,,,,,,,,,,,,,,,,,,,,,,,
47,8,,,,,,,100,77,71,15,240.4,2730,10801,39,0,15.3,5.6;1.9;13.4;9.7;3.4;2.9;58.2;60.9;38.4;33.1;59.8;72.7;2.2;0.5;0.7;0.2;0.5;0.5;0.0;0.0;0.5;0.7;0.3;0.5,33.12,0.08,0.0,0.04,14.187,0.0,1464.0,48.0,4,16,,,,,,,,,,,,,,,,,,,,,,,,,,,,,,,,,,,,,,,,,,,,,,,,,,,,,,,,,,,,,
47,9,,,,,,,100,50,72,17,240.2,2730,10801,39,0,10.2,2.9;0.3;5.0;1.9;1.4;1.0;35.0;67.8;13.8;12.7;90.4;9.6;0.7;0.2;0.0;0.0;0.7;0.5;0.0;0.0;0.5;0.2;0.2;1.2,33.12,0.08,0.0,0.15,14.187,0.0,292.0,390.0,4,16,,,,,,,,,,,,,,,,,,,,,,,,,,,,,,,,,,,,,,,,,,,,,,,,,,,,,,,,,,,,,
47,10,,,,,,,100,62,69,16,240.2,2730,10801,39,0,12.1,6.5;3.3;16.7;0.0;6.7;3.3;50.0;50.0;22.6;46.7;76.7;3.3;0.0;0.0;0.0;0.0;0.0;0.0;0.0;0.0;0.0;0.0;0.0;0.0,33.16,0.08,0.0,0.11,14.19,0.0,9863.0,195.0,4,16,,,,,,,,,,,,,,,,,,,,,,,,,,,,,,,,,,,,,,,,,,,,,,,,,,,,,,,,,,,,,
47,summary,0.30714115452049556,0.9939746964576862,0.2839638571739197,0.9994444444444445,0.00100000,88.4,,,,,,,,,,,,,,,,,,,,,,98,99.8,100,50,68.2,85,67,70.0,72,15,17.4,23,84.5,224.25,240.4,2731.5,10801.0,38.9,0,10.2,18.98,40.9,33.11,33.15,33.25,63.16,0.08,0.08,0.08,18.03,0.0,0.0,0.0,0.04,1.3,3.58,11.269,15.584,14.187,14.19,14.19,15.992,0.0,0.0,0.0,0.0,3432.1,17285.0,48.0,1039.5,3857.0,4,4.0,4,16,16.0,16,4,16,3.01,72.04
48,1,,,,,,,100,80,67,17,106.8,2730,10801,39,0,39.8,32.0;28.6;62.1;60.5;40.5;35.4;81.5;91.6;72.6;71.9;88.0;70.6;24.2;24.9;14.1;14.8;21.8;22.5;10.6;9.8;20.2;21.3;17.5;17.5,33.09,0.08,0.0,0.07,14.187,0.0,341.0,292.0,4,16,,,,,,,,,,,,,,,,,,,,,,,,,,,,,,,,,,,,,,,,,,,,,,,,,,,,,,,,,,,,,
48,2,,,,,,,100,63,71,15,239.8,2730,10801,39,0,20.8,8.1;5.0;21.2;16.9;5.8;9.4;63.9;60.4;51.4;52.8;91.3;80.3;3.6;4.6;2.4;1.9;2.6;3.6;2.1;1.5;2.2;2.7;2.1;3.6,33.18,0.08,0.0,3.59,14.187,0.0,1171.0,1562.0,4,16,,,,,,,,,,,,,,,,,,,,,,,,,,,,,,,,,,,,,,,,,,,,,,,,,,,,,,,,,,,,,
48,3,,,,,,,98,75,69,15,240.1,2730,10801,38,0,18.6,4.6;2.4;20.1;14.8;3.4;6.0;52.2;63.1;47.9;48.5;87.1;82.8;2.6;1.5;0.5;0.3;1.5;0.9;0.3;0.2;0.7;1.2;0.9;1.9,33.17,0.08,0.01,3.06,14.187,0.0,1123.0,1562.0,4,16,,,,,,,,,,,,,,,,,,,,,,,,,,,,,,,,,,,,,,,,,,,,,,,,,,,,,,,,,,,,,
48,4,,,,,,,100,67,71,13,240.0,2730,10801,39,0,17.9,6.7;1.7;13.5;15.4;3.6;3.2;88.2;89.4;36.5;60.1;94.9;11.1;1.0;0.7;0.2;0.2;0.2;0.2;0.0;0.0;0.5;0.0;0.3;2.2,33.15,0.08,0.0,2.13,14.187,0.0,1904.0,0.0,4,16,,,,,,,,,,,,,,,,,,,,,,,,,,,,,,,,,,,,,,,,,,,,,,,,,,,,,,,,,,,,,
48,5,,,,,,,100,80,69,14,239.0,2730,10801,39,0,19.4,7.4;4.9;20.4;12.0;5.1;7.7;84.1;63.1;44.2;54.8;94.7;47.6;3.1;2.7;1.0;0.5;1.9;2.0;0.2;0.2;1.7;1.5;1.7;2.0,33.12,0.08,0.0,1.37,14.187,0.0,1074.0,1416.0,4,16,,,,,,,,,,,,,,,,,,,,,,,,,,,,,,,,,,,,,,,,,,,,,,,,,,,,,,,,,,,,,
48,6,,,,,,,100,57,71,20,240.3,2730,10801,39,0,18.1,7.0;2.1;15.0;11.9;4.1;5.1;65.6;81.9;56.7;42.1;88.9;47.3;1.5;1.2;0.0;0.3;0.5;0.3;0.0;0.0;0.2;0.7;0.2;1.0,33.12,0.08,0.0,2.4,14.187,0.0,1123.0,1416.0,4,16,,,,,,,,,,,,,,,,,,,,,,,,,,,,,,,,,,,,,,,,,,,,,,,,,,,,,,,,,,,,,
48,7,,,,,,,96,73,69,15,238.1,2730,10801,39,0,19.2,7.6;3.6;26.5;9.0;7.8;5.0;62.1;50.3;45.1;53.8;86.0;87.9;2.1;3.6;0.2;0.5;1.7;1.9;0.0;0.5;0.9;1.5;2.4;1.9,33.12,0.08,0.0,0.05,14.187,0.0,244.0,1416.0,4,16,,,,,,,,,,,,,,,,,,,,,,,,,,,,,,,,,,,,,,,,,,,,,,,,,,,,,,,,,,,,,
48,8,,,,,,,100,63,70,16,240.8,2730,10801,39,0,15.5,6.3;3.1;14.0;9.8;8.0;4.4;68.7;59.1;40.4;28.3;93.5;25.2;2.7;2.2;0.2;0.3;0.5;1.4;0.3;0.2;0.5;0.5;0.5;2.4,33.12,0.08,0.0,0.13,14.187,0.0,2636.0,97.0,4,16,,,,,,,,,,,,,,,,,,,,,,,,,,,,,,,,,,,,,,,,,,,,,,,,,,,,,,,,,,,,,
48,9,,,,,,,100,77,69,16,239.6,2730,10801,39,0,10.8,5.9;1.2;5.7;4.6;2.6;2.2;64.8;37.8;15.1;10.7;99.5;1.4;1.0;0.9;0.5;0.0;0.3;0.7;0.3;0.2;0.9;0.3;0.3;1.4,33.12,0.08,0.0,0.03,14.187,0.0,5371.0,7275.0,4,16,,,,,,,,,,,,,,,,,,,,,,,,,,,,,,,,,,,,,,,,,,,,,,,,,,,,,,,,,,,,,
48,10,,,,,,,100,77,69,14,239.6,2730,10801,39,0,14.8,10.3;3.6;17.2;27.6;13.8;6.9;17.2;65.5;10.3;55.2;100.0;0.0;3.4;6.9;0.0;0.0;3.4;3.6;0.0;0.0;6.9;0.0;0.0;0.0,33.14,0.08,0.0,0.08,14.19,0.0,341.0,488.0,4,16,,,,,,,,,,,,,,,,,,,,,,,,,,,,,,,,,,,,,,,,,,,,,,,,,,,,,,,,,,,,,
48,summary,0.3059640274048872,0.9945098235674533,0.28398864674568175,0.9994444444444445,0.00100000,88.0,,,,,,,,,,,,,,,,,,,,,,96,99.4,100,57,71.2,80,67,69.5,71,13,15.5,20,106.8,226.41,240.8,2730.0,10801.0,38.9,0,10.8,19.49,39.8,33.09,33.13,33.18,63.16,0.08,0.08,0.08,18.03,0.0,0.0,0.01,0.03,1.29,3.59,11.269,15.584,14.187,14.19,14.19,15.992,0.0,0.0,0.0,244.0,1532.8,5371.0,0.0,1552.4,7275.0,4,4.0,4,16,16.0,16,4,16,2.81,72.06
49,1,,,,,,,100,54,67,17,86.8,2745,10801,39,0,40.6,34.1;31.9;62.1;56.0;37.7;39.0;86.2;96.1;71.9;72.4;94.8;63.3;25.3;26.5;14.2;15.9;21.5;23.9;12.1;10.9;21.5;21.4;19.3;16.1,33.09,0.08,0.0,0.06,14.187,0.0,5712.0,97.0,4,16,,,,,,,,,,,,,,,,,,,,,,,,,,,,,,,,,,,,,,,,,,,,,,,,,,,,,,,,,,,,,
49,2,,,,,,,98,77,69,20,237.2,2730,10801,38,0,20.7,7.6;4.6;23.9;19.9;7.7;8.7;55.6;81.2;54.7;51.9;82.1;70.8;4.4;3.4;1.4;1.4;2.4;2.4;1.4;1.5;2.4;2.2;2.1;2.0,33.17,0.08,0.0,2.47,14.187,0.0,292.0,4101.0,4,16,,,,,,,,,,,,,,,,,,,,,,,,,,,,,,,,,,,,,,,,,,,,,,,,,,,,,,,,,,,,,
49,3,,,,,,,100,58,70,14,239.1,2730,10801,39,0,18.9,9.8;4.6;13.3;15.4;4.1;5.6;78.3;63.9;49.3;57.0;93.5;42.8;3.4;2.9;0.5;0.7;1.7;1.5;0.3;0.3;0.9;1.9;0.3;1.9,33.16,0.08,0.0,2.13,14.187,0.0,0.0,12011.0,4,16,,,,,,,,,,,,,,,,,,,,,,,,,,,,,,,,,,,,,,,,,,,,,,,,,,,,,,,,,,,,,
49,4,,,,,,,100,56,69,15,239.4,2730,10801,39,0,19.1,6.2;5.1;15.4;18.9;6.2;7.0;62.2;53.8;55.0;43.2;93.4;78.3;2.7;3.2;0.5;0.3;2.0;1.4;0.7;0.3;0.9;0.7;0.7;1.7,33.14,0.08,0.0,1.61,14.187,0.0,22216.0,97.0,4,16,,,,,,,,,,,,,,,,,,,,,,,,,,,,,,,,,,,,,,,,,,,,,,,,,,,,,,,,,,,,,
49,5,,,,,,,100,69,71,13,239.8,2730,10801,38,0,18.5,4.9;2.7;18.0;12.5;5.1;4.6;76.0;75.5;54.0;44.9;87.2;50.3;0.9;3.1;0.0;0.0;0.7;0.5;0.0;0.3;0.3;0.3;0.3;0.7,33.13,0.08,0.0,2.18,14.187,0.0,781.0,1416.0,4,16,,,,,,,,,,,,,,,,,,,,,,,,,,,,,,,,,,,,,,,,,,,,,,,,,,,,,,,,,,,,,
49,6,,,,,,,100,87,69,14,240.2,2730,10801,39,0,18.6,4.9;3.6;14.5;15.0;4.3;4.6;72.8;76.3;54.4;46.1;90.6;49.1;1.5;2.2;0.3;0.2;1.4;0.3;0.0;0.3;0.3;0.2;0.7;2.0,33.14,0.08,0.0,0.1,14.187,0.0,1416.0,0.0,4,16,,,,,,,,,,,,,,,,,,,,,,,,,,,,,,,,,,,,,,,,,,,,,,,,,,,,,,,,,,,,,
49,7,,,,,,,100,58,71,14,241.1,2730,10801,39,0,18.8,4.7;4.6;17.9;13.5;4.8;6.3;74.3;82.6;45.3;55.0;82.9;48.8;2.1;3.1;0.0;0.3;1.0;1.0;0.2;0.3;1.0;0.7;0.7;1.2,33.11,0.08,0.0,0.04,14.187,0.0,2734.0,1367.0,4,16,,,,,,,,,,,,,,,,,,,,,,,,,,,,,,,,,,,,,,,,,,,,,,,,,,,,,,,,,,,,,
49,8,,,,,,,100,82,71,16,239.9,2730,10801,39,0,14.7,5.0;1.5;17.5;7.0;3.9;2.7;71.9;74.6;36.9;28.1;84.3;17.0;1.2;0.3;0.0;0.0;0.0;0.2;0.0;0.0;0.0;0.0;0.2;0.7,33.1,0.08,0.01,0.1,14.187,0.0,292.0,97.0,4,16,,,,,,,,,,,,,,,,,,,,,,,,,,,,,,,,,,,,,,,,,,,,,,,,,,,,,,,,,,,,,
49,9,,,,,,,100,58,72,20,240.8,2730,10801,39,0,10.6,3.2;1.0;6.4;2.2;2.2;2.0;36.3;66.0;11.3;15.6;73.7;28.1;1.2;1.2;0.3;0.0;0.8;0.5;0.0;0.0;0.2;0.0;0.2;1.5,33.11,0.08,0.01,0.06,14.187,0.0,2294.0,97.0,4,16,,,,,,,,,,,,,,,,,,,,,,,,,,,,,,,,,,,,,,,,,,,,,,,,,,,,,,,,,,,,,
49,10,,,,,,,92,65,67,14,240.8,2730,10801,39,0,13.3,3.4;3.4;6.9;13.8;10.3;3.4;37.9;69.0;23.3;44.8;82.8;6.9;3.4;6.9;0.0;0.0;3.4;0.0;0.0;0.0;0.0;0.0;0.0;0.0,33.15,0.08,0.0,0.08,14.19,0.0,292.0,634.0,4,16,,,,,,,,,,,,,,,,,,,,,,,,,,,,,,,,,,,,,,,,,,,,,,,,,,,,,,,,,,,,,
49,summary,0.3064423663366094,0.9943458697295673,0.28388593196868894,0.9995555555555555,0.00100000,88.5,,,,,,,,,,,,,,,,,,,,,,92,99.0,100,54,66.4,87,67,69.6,72,13,15.7,20,86.8,224.51,241.1,2731.5,10801.0,38.8,0,10.6,19.38,40.6,33.09,33.13,33.17,63.16,0.08,0.08,0.08,18.03,0.0,0.0,0.01,0.04,0.88,2.47,11.269,15.584,14.187,14.19,14.19,15.992,0.0,0.0,0.0,0.0,3602.9,22216.0,0.0,1991.7,12011.0,4,4.0,4,16,16.0,16,4,16,3.01,72.05
50,1,,,,,,,100,56,69,18,98.9,2745,10801,39,0,39.8,32.3;29.1;59.7;61.0;40.1;35.1;80.6;81.9;72.1;80.0;89.1;73.7;25.5;24.6;12.2;14.1;21.2;23.7;10.3;9.3;20.4;21.8;18.6;17.7,33.03,0.08,0.0,0.05,14.187,0.0,1123.0,0.0,4,16,,,,,,,,,,,,,,,,,,,,,,,,,,,,,,,,,,,,,,,,,,,,,,,,,,,,,,,,,,,,,
50,2,,,,,,,98,77,67,15,239.6,2730,10801,39,0,22.6,12.0;7.0;23.7;21.2;11.6;8.9;88.9;91.1;39.9;71.0;94.0;17.7;7.2;6.7;3.8;4.3;4.6;5.1;2.1;2.2;4.3;4.4;4.4;5.1,33.19,0.08,0.0,3.59,14.187,0.0,976.0,244.0,4,16,,,,,,,,,,,,,,,,,,,,,,,,,,,,,,,,,,,,,,,,,,,,,,,,,,,,,,,,,,,,,
50,3,,,,,,,100,77,71,13,240.8,2730,10801,39,0,18.3,5.6;1.7;18.8;13.8;7.0;4.8;84.6;70.0;43.4;55.9;81.8;45.9;1.4;1.4;0.2;0.2;0.9;0.7;0.2;0.0;0.3;0.7;0.2;1.0,33.16,0.08,0.01,3.13,14.187,0.0,1806.0,1464.0,4,16,,,,,,,,,,,,,,,,,,,,,,,,,,,,,,,,,,,,,,,,,,,,,,,,,,,,,,,,,,,,,
50,4,,,,,,,100,83,71,15,240.5,2730,10801,38,0,18.5,5.1;4.1;13.7;16.6;3.3;4.6;62.8;76.2;43.5;57.6;86.0;65.0;1.5;1.5;0.2;0.2;0.0;0.9;0.2;0.0;0.2;0.2;0.5;0.7,33.12,0.08,0.0,2.12,14.187,0.0,0.0,1757.0,4,16,,,,,,,,,,,,,,,,,,,,,,,,,,,,,,,,,,,,,,,,,,,,,,,,,,,,,,,,,,,,,
50,5,,,,,,,100,47,70,12,240.2,2730,10801,39,0,17.9,4.6;2.2;12.0;14.6;2.7;4.3;80.1;63.0;44.3;55.7;85.6;55.7;1.7;1.4;0.0;0.0;0.7;0.3;0.0;0.0;0.0;0.2;0.0;0.3,33.12,0.08,0.0,1.37,14.187,0.0,1464.0,1416.0,4,16,,,,,,,,,,,,,,,,,,,,,,,,,,,,,,,,,,,,,,,,,,,,,,,,,,,,,,,,,,,,,
50,6,,,,,,,98,77,67,13,240.7,2730,10801,39,0,18.4,4.6;1.7;13.5;15.8;5.0;4.3;94.5;55.0;50.3;52.5;93.7;43.7;1.0;1.7;0.5;0.0;0.3;0.3;0.2;0.3;0.2;0.2;0.3;0.3,33.11,0.08,0.0,2.39,14.187,0.0,6738.0,116210.0,4,16,,,,,,,,,,,,,,,,,,,,,,,,,,,,,,,,,,,,,,,,,,,,,,,,,,,,,,,,,,,,,
50,7,,,,,,,100,81,71,20,239.8,2730,10801,39,0,18.3,5.4;3.4;13.3;15.4;2.7;7.0;93.8;76.5;52.3;45.0;90.1;30.1;1.2;1.2;0.2;0.0;0.3;0.5;0.2;0.2;0.0;0.2;0.2;0.7,33.11,0.08,0.0,0.08,14.187,0.0,2490.0,292.0,4,16,,,,,,,,,,,,,,,,,,,,,,,,,,,,,,,,,,,,,,,,,,,,,,,,,,,,,,,,,,,,,
50,8,,,,,,,100,77,71,15,240.8,2730,10801,39,0,15.2,7.5;1.5;12.2;12.5;2.6;3.8;61.6;72.9;36.7;27.7;63.9;55.1;0.3;0.9;0.3;0.2;0.9;0.5;0.2;0.0;0.9;0.7;0.2;0.7,33.1,0.08,0.0,0.07,14.187,0.0,976.0,1660.0,4,16,,,,,,,,,,,,,,,,,,,,,,,,,,,,,,,,,,,,,,,,,,,,,,,,,,,,,,,,,,,,,
50,9,,,,,,,100,58,71,20,240.5,2730,10801,39,0,10.5,2.9;1.4;6.3;2.4;2.4;0.9;53.7;49.8;15.9;11.0;98.8;1.4;1.0;0.7;0.0;0.2;0.2;0.5;0.2;0.0;0.0;0.0;0.5;2.5,33.1,0.08,0.0,0.04,14.187,0.0,1367.0,1416.0,4,16,,,,,,,,,,,,,,,,,,,,,,,,,,,,,,,,,,,,,,,,,,,,,,,,,,,,,,,,,,,,,
50,10,,,,,,,100,54,70,15,240.5,2730,10801,39,0,14.9,7.1;10.7;27.6;14.3;10.3;6.9;41.4;64.3;51.7;13.8;58.6;41.4;3.6;0.0;0.0;0.0;0.0;0.0;0.0;0.0;0.0;0.0;0.0;0.0,33.13,0.08,0.0,0.21,14.19,0.0,0.0,1855.0,4,16,,,,,,,,,,,,,,,,,,,,,,,,,,,,,,,,,,,,,,,,,,,,,,,,,,,,,,,,,,,,,
50,summary,0.305650589770929,0.9945121007040907,0.28385103233655296,0.9995555555555555,0.00100000,88.1,,,,,,,,,,,,,,,,,,,,,,98,99.6,100,47,68.7,83,67,69.8,71,12,15.6,20,98.9,226.23,240.8,2731.5,10801.0,38.9,0,10.5,19.44,39.8,33.03,33.12,33.19,63.16,0.08,0.08,0.08,18.03,0.0,0.0,0.01,0.04,1.31,3.59,11.269,15.584,14.187,14.19,14.19,15.992,0.0,0.0,0.0,0.0,1694.0,6738.0,0.0,12631.4,116210.0,4,4.0,4,16,16.0,16,4,16,2.79,72.08
51,1,,,,,,,0,0,59,17,61.2,2745,10801,39,0,40.4,33.9;30.4;59.6;62.1;40.9;39.2;83.1;85.8;73.4;66.5;96.7;70.5;26.5;25.7;13.4;14.3;22.9;24.2;11.3;11.4;20.8;21.0;18.7;17.4,33.09,0.08,0.03,0.08,14.187,0.0,0.0,1464.0,4,16,,,,,,,,,,,,,,,,,,,,,,,,,,,,,,,,,,,,,,,,,,,,,,,,,,,,,,,,,,,,,
51,2,,,,,,,100,58,69,15,240.4,2730,10801,39,0,21.1,8.6;5.1;27.5;11.3;10.3;5.5;67.5;74.1;62.1;44.8;90.9;63.6;3.4;3.6;1.7;2.4;2.9;3.1;2.6;2.7;3.1;2.9;2.7;2.6,33.18,0.08,0.03,3.66,14.187,0.0,341.0,537.0,4,16,,,,,,,,,,,,,,,,,,,,,,,,,,,,,,,,,,,,,,,,,,,,,,,,,,,,,,,,,,,,,
51,3,,,,,,,100,69,71,13,240.8,2730,10801,39,0,18.5,7.1;2.4;21.8;6.2;6.2;3.1;81.3;89.6;55.7;43.5;91.0;27.4;2.2;1.4;0.2;0.2;0.5;0.7;0.0;0.0;0.3;0.2;0.7;1.0,33.15,0.08,0.0,3.06,14.187,0.0,1708.0,1464.0,4,16,,,,,,,,,,,,,,,,,,,,,,,,,,,,,,,,,,,,,,,,,,,,,,,,,,,,,,,,,,,,,
51,4,,,,,,,100,85,70,16,240.2,2730,10801,39,0,18.7,5.4;2.1;18.5;7.7;5.5;4.1;80.0;88.1;38.9;62.1;95.6;28.9;1.9;2.1;0.5;0.3;0.7;0.5;1.0;0.7;0.9;0.5;0.7;1.7,33.14,0.08,0.0,2.14,14.187,0.0,781.0,0.0,4,16,,,,,,,,,,,,,,,,,,,,,,,,,,,,,,,,,,,,,,,,,,,,,,,,,,,,,,,,,,,,,
51,5,,,,,,,100,56,69,20,240.8,2730,10801,39,0,18.7,7.1;2.6;17.1;13.5;3.4;3.9;72.1;91.5;54.2;49.7;86.3;35.8;1.5;1.5;0.0;0.9;0.5;1.7;0.3;0.3;0.5;0.5;0.7;2.0,33.16,0.08,0.0,1.38,14.187,0.0,927.0,1562.0,4,16,,,,,,,,,,,,,,,,,,,,,,,,,,,,,,,,,,,,,,,,,,,,,,,,,,,,,,,,,,,,,
51,6,,,,,,,100,64,72,15,240.9,2730,10801,39,0,19.0,7.0;2.6;16.2;13.6;5.5;5.8;87.2;84.9;53.8;48.0;88.7;26.2;2.2;3.2;0.9;0.3;1.7;0.5;0.5;0.3;1.2;1.7;1.7;1.5,33.12,0.08,0.0,2.96,14.187,0.0,14453.0,116992.0,4,16,,,,,,,,,,,,,,,,,,,,,,,,,,,,,,,,,,,,,,,,,,,,,,,,,,,,,,,,,,,,,
51,7,,,,,,,98,75,72,15,241.0,2730,10801,39,0,18.3,3.1;2.6;17.6;11.1;3.4;5.1;82.1;75.4;41.0;60.1;91.5;35.7;1.7;1.5;0.5;0.2;0.5;1.0;0.3;0.2;0.3;0.3;1.0;2.2,33.11,0.08,0.0,0.03,14.187,0.0,878.0,8935.0,4,16,,,,,,,,,,,,,,,,,,,,,,,,,,,,,,,,,,,,,,,,,,,,,,,,,,,,,,,,,,,,,
51,8,,,,,,,100,79,70,12,240.7,2730,10801,39,0,14.8,4.9;1.5;9.7;8.9;2.4;2.7;70.0;58.6;23.8;45.2;79.4;43.3;1.2;1.2;0.0;0.0;0.2;0.2;0.0;0.0;0.0;0.2;0.2;0.5,33.12,0.08,0.0,0.11,14.187,0.0,14257.0,1464.0,4,16,,,,,,,,,,,,,,,,,,,,,,,,,,,,,,,,,,,,,,,,,,,,,,,,,,,,,,,,,,,,,
51,9,,,,,,,100,50,72,15,242.2,2730,10801,39,0,10.4,4.1;1.2;3.1;2.9;0.7;2.6;72.3;30.2;6.9;19.8;60.7;41.2;0.3;1.0;0.0;0.0;0.2;0.3;0.0;0.0;0.3;0.0;0.3;1.4,33.12,0.08,0.0,0.05,14.187,0.0,3906.0,1464.0,4,16,,,,,,,,,,,,,,,,,,,,,,,,,,,,,,,,,,,,,,,,,,,,,,,,,,,,,,,,,,,,,
51,10,,,,,,,100,85,65,14,241.7,2730,10801,39,0,13.2,13.3;0.0;6.9;20.0;6.9;10.3;100.0;0.0;13.8;51.7;20.7;66.7;0.0;0.0;0.0;0.0;3.4;0.0;0.0;0.0;0.0;0.0;0.0;0.0,33.14,0.08,0.0,0.0,14.19,0.0,2539.0,1367.0,4,16,,,,,,,,,,,,,,,,,,,,,,,,,,,,,,,,,,,,,,,,,,,,,,,,,,,,,,,,,,,,,
51,summary,0.30525034100293136,0.9946669459954275,0.2837987032731374,0.9995555555555555,0.00100000,88.5,,,,,,,,,,,,,,,,,,,,,,0,89.8,100,0,62.1,85,59,68.9,72,12,15.2,20,61.2,222.99,242.2,2731.5,10801.0,39.0,0,10.4,19.31,40.4,33.09,33.13,33.18,63.16,0.08,0.08,0.08,18.03,0.0,0.01,0.03,0.0,1.35,3.66,11.269,15.584,14.187,14.19,14.19,15.992,0.0,0.0,0.0,0.0,3979.0,14453.0,0.0,13524.9,116992.0,4,4.0,4,16,16.0,16,4,16,2.89,72.05
52,1,,,,,,,100,68,69,22,83.5,2745,10801,39,0,39.8,33.5;29.2;54.2;59.2;43.6;37.5;94.0;93.6;64.1;74.6;91.8;57.1;25.2;25.0;14.1;14.9;24.2;23.5;10.2;10.2;20.6;21.1;18.3;17.0,33.23,0.08,0.0,0.04,14.187,0.0,12695.0,15722.0,4,16,,,,,,,,,,,,,,,,,,,,,,,,,,,,,,,,,,,,,,,,,,,,,,,,,,,,,,,,,,,,,
52,2,,,,,,,100,88,67,13,240.3,2730,10801,39,0,20.0,7.1;4.4;24.1;17.2;9.2;4.4;63.1;87.7;33.7;71.1;91.7;48.0;2.6;2.6;1.0;0.5;1.7;1.9;0.3;0.5;1.2;1.7;1.7;3.0,33.2,0.08,0.0,3.57,14.187,0.0,976.0,195.0,4,16,,,,,,,,,,,,,,,,,,,,,,,,,,,,,,,,,,,,,,,,,,,,,,,,,,,,,,,,,,,,,
52,3,,,,,,,100,49,71,15,240.8,2730,10801,38,0,18.4,4.7;1.7;18.9;16.3;5.5;3.9;58.5;75.3;45.8;56.1;89.1;58.7;1.5;1.9;0.2;0.0;0.3;1.0;0.0;0.2;0.5;0.3;0.0;0.3,33.16,0.08,0.0,3.04,14.187,0.0,0.0,1806.0,4,16,,,,,,,,,,,,,,,,,,,,,,,,,,,,,,,,,,,,,,,,,,,,,,,,,,,,,,,,,,,,,
52,4,,,,,,,100,55,70,14,240.8,2730,10801,38,0,18.4,4.6;2.4;21.5;10.4;4.3;2.2;73.1;76.1;44.3;56.5;83.1;57.7;2.9;1.5;0.0;0.0;0.5;0.2;0.2;0.0;0.2;0.0;0.0;1.2,33.14,0.08,0.0,2.15,14.187,0.0,4492.0,3369.0,4,16,,,,,,,,,,,,,,,,,,,,,,,,,,,,,,,,,,,,,,,,,,,,,,,,,,,,,,,,,,,,,
52,5,,,,,,,98,75,70,13,240.6,2730,10801,39,0,18.4,4.1;1.4;29.8;13.5;4.4;2.6;78.0;53.8;47.4;46.0;93.7;61.4;2.0;1.7;0.0;0.2;0.2;0.3;0.2;0.0;0.2;0.2;0.2;0.3,33.13,0.08,0.0,1.6,14.187,0.0,0.0,179541.0,4,16,,,,,,,,,,,,,,,,,,,,,,,,,,,,,,,,,,,,,,,,,,,,,,,,,,,,,,,,,,,,,
52,6,,,,,,,100,80,69,19,240.2,2730,10801,39,0,18.2,4.2;2.7;9.7;16.0;4.4;3.9;83.7;78.3;57.2;42.5;83.8;44.2;0.5;1.4;0.2;0.0;0.7;0.3;0.2;0.5;0.5;0.2;0.3;1.0,33.11,0.08,0.01,2.19,14.187,0.0,4882.0,1416.0,4,16,,,,,,,,,,,,,,,,,,,,,,,,,,,,,,,,,,,,,,,,,,,,,,,,,,,,,,,,,,,,,
52,7,,,,,,,100,65,71,14,239.6,2730,10801,39,0,18.6,5.4;3.4;14.7;16.0;4.4;6.6;70.3;89.6;51.8;44.9;83.8;47.7;1.9;1.0;0.0;0.5;1.0;0.7;0.0;0.3;0.7;0.3;0.3;1.0,33.11,0.08,0.0,0.06,14.187,0.0,1464.0,97.0,4,16,,,,,,,,,,,,,,,,,,,,,,,,,,,,,,,,,,,,,,,,,,,,,,,,,,,,,,,,,,,,,
52,8,,,,,,,100,53,72,12,241.4,2730,10801,39,0,15.9,5.2;2.6;14.4;13.0;2.2;7.0;40.8;74.4;44.1;28.8;55.3;81.8;1.7;2.1;0.5;0.5;0.9;1.9;0.7;0.2;0.9;0.7;0.7;2.4,33.12,0.08,0.0,0.04,14.187,0.0,1464.0,0.0,4,16,,,,,,,,,,,,,,,,,,,,,,,,,,,,,,,,,,,,,,,,,,,,,,,,,,,,,,,,,,,,,
52,9,,,,,,,100,73,69,12,242.1,2730,10801,39,0,11.0,4.6;0.9;2.2;4.3;1.4;2.2;59.5;42.1;7.4;22.4;61.0;43.0;1.5;1.5;1.2;0.9;0.5;1.2;0.9;0.3;0.9;0.5;1.4;0.9,33.1,0.08,0.0,0.1,14.187,0.0,51318.0,17041.0,4,16,,,,,,,,,,,,,,,,,,,,,,,,,,,,,,,,,,,,,,,,,,,,,,,,,,,,,,,,,,,,,
52,10,,,,,,,56,45,62,14,242.1,2730,10801,39,0,12.2,10.0;0.0;3.4;17.2;6.9;0.0;55.2;31.0;51.7;17.2;86.2;6.9;0.0;3.4;0.0;0.0;3.4;0.0;0.0;0.0;0.0;0.0;0.0;0.0,33.13,0.08,0.0,0.13,14.19,0.0,1464.0,97.0,4,16,,,,,,,,,,,,,,,,,,,,,,,,,,,,,,,,,,,,,,,,,,,,,,,,,,,,,,,,,,,,,
52,summary,0.3054017823542084,0.994796742783754,0.2838208433787028,0.9995555555555555,0.00100000,88.7,,,,,,,,,,,,,,,,,,,,,,56,95.4,100,45,65.1,88,62,69.0,72,12,14.8,22,83.5,225.14,242.1,2731.5,10801.0,38.8,0,11.0,19.09,39.8,33.1,33.14,33.23,63.16,0.08,0.08,0.08,18.03,0.0,0.0,0.01,0.04,1.29,3.57,11.269,15.584,14.187,14.19,14.19,15.992,0.0,0.0,0.0,0.0,7875.5,51318.0,0.0,21928.4,179541.0,4,4.0,4,16,16.0,16,4,16,3.13,72.04
53,1,,,,,,,100,62,65,16,86.4,2745,10801,39,0,39.9,30.5;32.0;60.6;65.7;34.8;40.6;68.1;77.6;73.4;76.5;95.3;80.6;24.5;24.8;12.9;15.8;22.6;24.0;9.3;9.9;20.6;22.1;17.7;16.6,33.01,0.08,0.0,0.07,14.187,0.0,341.0,488.0,4,16,,,,,,,,,,,,,,,,,,,,,,,,,,,,,,,,,,,,,,,,,,,,,,,,,,,,,,,,,,,,,
53,2,,,,,,,100,85,70,19,239.4,2730,10801,39,0,22.4,9.4;6.7;24.8;21.6;8.5;11.6;68.3;88.5;56.9;52.1;76.7;63.5;5.1;6.0;2.9;3.6;3.9;4.6;2.7;3.1;4.5;3.3;4.5;4.1,33.16,0.08,0.0,2.49,14.187,0.0,1367.0,1416.0,4,16,,,,,,,,,,,,,,,,,,,,,,,,,,,,,,,,,,,,,,,,,,,,,,,,,,,,,,,,,,,,,
53,3,,,,,,,100,60,71,15,241.4,2730,10801,39,0,18.2,6.4;3.6;21.0;9.1;3.4;4.1;51.7;84.1;52.7;46.3;95.9;52.6;1.7;0.5;0.3;0.2;0.5;0.5;0.2;0.0;0.3;0.5;0.5;0.7,33.15,0.08,0.0,2.12,14.187,0.0,781.0,1367.0,4,16,,,,,,,,,,,,,,,,,,,,,,,,,,,,,,,,,,,,,,,,,,,,,,,,,,,,,,,,,,,,,
53,4,,,,,,,100,67,69,19,240.6,2730,10801,39,0,17.4,6.7;1.5;14.5;7.9;2.9;3.3;77.4;51.9;31.0;66.4;86.6;64.7;1.4;0.9;0.0;0.0;0.2;0.2;0.0;0.0;0.0;0.0;0.0;0.0,33.14,0.08,0.0,1.61,14.187,0.0,341.0,3027.0,4,16,,,,,,,,,,,,,,,,,,,,,,,,,,,,,,,,,,,,,,,,,,,,,,,,,,,,,,,,,,,,,
53,5,,,,,,,100,67,70,15,240.8,2730,10801,39,0,18.7,5.6;3.1;26.3;14.5;5.3;5.0;89.1;71.6;56.8;37.6;96.2;27.5;1.4;2.1;0.2;0.5;0.5;0.7;0.2;0.2;0.9;0.9;0.7;1.2,33.14,0.08,0.0,2.18,14.187,0.0,1464.0,1318.0,4,16,,,,,,,,,,,,,,,,,,,,,,,,,,,,,,,,,,,,,,,,,,,,,,,,,,,,,,,,,,,,,
53,6,,,,,,,98,82,71,14,239.1,2730,10801,39,0,18.4,7.4;2.1;17.9;13.1;3.8;4.5;88.2;83.7;35.4;62.3;90.6;26.5;1.5;2.2;0.0;0.0;0.7;0.7;0.0;0.0;0.5;0.3;0.3;0.5,33.12,0.08,0.0,0.07,14.187,0.0,1074.0,292.0,4,16,,,,,,,,,,,,,,,,,,,,,,,,,,,,,,,,,,,,,,,,,,,,,,,,,,,,,,,,,,,,,
53,7,,,,,,,100,65,72,14,240.7,2730,10801,39,0,18.2,6.4;2.4;15.1;17.0;2.6;6.7;46.2;57.4;46.7;50.2;90.2;88.2;1.5;1.7;0.3;0.3;1.0;1.0;0.0;0.3;0.3;0.7;0.5;1.2,33.12,0.08,0.0,0.07,14.187,0.0,39111.0,16259.0,4,16,,,,,,,,,,,,,,,,,,,,,,,,,,,,,,,,,,,,,,,,,,,,,,,,,,,,,,,,,,,,,
53,8,,,,,,,100,75,71,15,241.1,2730,10801,39,0,16.1,6.4;3.1;11.2;13.6;4.6;4.6;75.3;49.1;26.8;43.4;85.5;48.5;2.0;1.7;0.7;0.5;2.2;1.4;0.0;0.2;1.4;0.9;1.9;2.4,33.13,0.08,0.0,0.05,14.187,0.0,0.0,1513.0,4,16,,,,,,,,,,,,,,,,,,,,,,,,,,,,,,,,,,,,,,,,,,,,,,,,,,,,,,,,,,,,,
53,9,,,,,,,100,72,70,14,241.6,2730,10801,39,0,10.4,4.2;0.3;3.4;5.8;2.2;2.2;41.9;60.9;6.4;18.4;99.7;0.7;0.3;0.3;0.0;0.3;0.3;0.5;0.0;0.2;0.3;0.2;0.5;0.5,33.14,0.08,0.02,0.19,14.187,0.0,0.0,1416.0,4,16,,,,,,,,,,,,,,,,,,,,,,,,,,,,,,,,,,,,,,,,,,,,,,,,,,,,,,,,,,,,,
53,10,,,,,,,92,65,68,19,241.6,2730,10801,39,0,13.8,6.9;0.0;31.0;13.8;10.3;0.0;13.8;72.4;17.2;58.6;100.0;0.0;3.4;3.4;0.0;0.0;0.0;0.0;0.0;0.0;0.0;0.0;0.0;0.0,33.17,0.08,0.0,0.01,14.19,0.0,878.0,1464.0,4,16,,,,,,,,,,,,,,,,,,,,,,,,,,,,,,,,,,,,,,,,,,,,,,,,,,,,,,,,,,,,,
53,summary,0.30507502618705484,0.9947625857341944,0.2838183697064718,0.9995555555555555,0.00100000,88.0,,,,,,,,,,,,,,,,,,,,,,92,99.0,100,60,70.0,85,65,69.7,72,14,16.0,19,86.4,225.27,241.6,2731.5,10801.0,39.0,0,10.4,19.35,39.9,33.01,33.13,33.17,63.16,0.08,0.08,0.08,18.03,0.0,0.0,0.02,0.01,0.89,2.49,11.269,15.584,14.187,14.19,14.19,15.992,0.0,0.0,0.0,0.0,4535.7,39111.0,292.0,2856.0,16259.0,4,4.0,4,16,16.0,16,4,16,2.81,72.05
54,1,,,,,,,3,2,64,17,61.0,2745,10801,38,0,40.4,31.4;33.9;52.2;66.7;38.9;42.8;91.0;89.5;69.5;69.4;90.8;70.7;26.2;25.4;13.9;14.0;21.1;23.7;10.7;11.7;19.7;21.0;18.2;17.6,33.06,0.08,0.0,0.07,14.187,0.0,439.0,1416.0,4,16,,,,,,,,,,,,,,,,,,,,,,,,,,,,,,,,,,,,,,,,,,,,,,,,,,,,,,,,,,,,,
54,2,,,,,,,100,50,70,15,240.7,2730,10801,39,0,22.1,8.3;6.8;23.3;13.8;9.6;13.1;58.0;86.7;54.6;48.5;95.1;62.4;6.8;5.3;3.8;3.2;5.3;3.8;1.9;2.4;4.1;3.9;3.6;5.1,33.18,0.08,0.0,2.53,14.187,0.0,292.0,1855.0,4,16,,,,,,,,,,,,,,,,,,,,,,,,,,,,,,,,,,,,,,,,,,,,,,,,,,,,,,,,,,,,,
54,3,,,,,,,100,57,69,15,240.7,2730,10801,39,0,18.3,5.6;2.7;18.6;10.9;4.4;5.8;66.6;77.2;39.2;57.2;88.1;54.3;1.2;2.6;0.5;0.3;1.4;1.0;0.0;0.3;0.3;0.5;0.5;0.9,33.21,0.08,0.0,2.12,14.187,0.0,1074.0,1464.0,4,16,,,,,,,,,,,,,,,,,,,,,,,,,,,,,,,,,,,,,,,,,,,,,,,,,,,,,,,,,,,,,
54,4,,,,,,,98,77,70,13,240.6,2730,10801,39,0,19.2,8.7;1.5;23.6;9.6;6.8;3.9;42.7;65.7;55.1;50.4;89.2;90.8;2.4;2.4;0.2;0.3;0.9;1.0;0.3;0.2;1.0;0.7;0.9;1.5,33.15,0.08,0.0,1.62,14.187,0.0,0.0,23144.0,4,16,,,,,,,,,,,,,,,,,,,,,,,,,,,,,,,,,,,,,,,,,,,,,,,,,,,,,,,,,,,,,
54,5,,,,,,,100,77,69,17,241.4,2730,10801,39,0,18.4,4.2;1.7;20.3;8.5;5.8;2.7;67.4;70.4;54.7;45.6;93.5;56.0;2.2;1.7;0.2;0.3;0.9;0.9;0.5;0.5;1.2;0.7;0.5;1.5,33.15,0.08,0.0,2.18,14.187,0.0,27929.0,269384.0,4,16,,,,,,,,,,,,,,,,,,,,,,,,,,,,,,,,,,,,,,,,,,,,,,,,,,,,,,,,,,,,,
54,6,,,,,,,100,80,70,13,241.4,2730,10801,39,0,18.4,4.6;2.4;19.4;10.9;7.3;3.6;85.3;82.5;53.3;45.1;91.5;26.5;1.9;1.4;0.0;0.3;0.2;0.7;0.2;0.2;0.7;1.2;0.3;1.2,33.13,0.08,0.0,0.11,14.187,0.0,0.0,1416.0,4,16,,,,,,,,,,,,,,,,,,,,,,,,,,,,,,,,,,,,,,,,,,,,,,,,,,,,,,,,,,,,,
54,7,,,,,,,100,68,72,16,241.0,2730,10801,39,0,18.8,7.4;3.1;19.9;13.1;6.0;5.1;62.9;79.5;42.1;61.6;97.1;46.6;1.5;1.4;0.3;0.0;1.4;0.5;0.2;0.2;0.7;0.3;0.2;0.9,33.15,0.08,0.0,0.06,14.187,0.0,14648.0,1513.0,4,16,,,,,,,,,,,,,,,,,,,,,,,,,,,,,,,,,,,,,,,,,,,,,,,,,,,,,,,,,,,,,
54,8,,,,,,,99,84,71,19,241.0,2730,10801,39,0,15.2,5.4;1.5;7.5;9.9;2.6;3.1;59.3;82.9;36.3;34.6;72.6;41.1;1.0;0.7;0.7;0.2;0.9;0.9;0.0;0.7;1.0;0.5;1.0;1.4,33.15,0.08,0.0,0.08,14.187,0.0,927.0,1513.0,4,16,,,,,,,,,,,,,,,,,,,,,,,,,,,,,,,,,,,,,,,,,,,,,,,,,,,,,,,,,,,,,
54,9,,,,,,,100,65,71,13,242.0,2730,10801,39,0,10.2,4.1;0.5;4.1;3.4;1.4;2.2;45.1;56.2;6.0;17.2;79.4;22.3;0.3;0.7;0.0;0.0;0.0;0.5;0.2;0.0;0.0;0.3;0.0;0.0,33.12,0.08,0.0,0.09,14.187,0.0,634.0,1806.0,4,16,,,,,,,,,,,,,,,,,,,,,,,,,,,,,,,,,,,,,,,,,,,,,,,,,,,,,,,,,,,,,
54,10,,,,,,,63,49,63,14,242.0,2730,10801,39,0,15.1,10.3;0.0;13.8;10.3;10.3;13.8;72.4;16.7;17.2;55.2;100.0;0.0;6.9;6.7;0.0;0.0;6.9;10.0;0.0;0.0;3.4;3.4;0.0;6.7,33.15,0.08,0.0,0.0,14.19,0.0,488.0,1806.0,4,16,,,,,,,,,,,,,,,,,,,,,,,,,,,,,,,,,,,,,,,,,,,,,,,,,,,,,,,,,,,,,
54,summary,0.30479104924450834,0.9947739714173809,0.2836990948518117,0.9995555555555555,0.00100000,88.4,,,,,,,,,,,,,,,,,,,,,,3,86.3,100,2,60.9,84,63,68.9,72,13,15.2,19,61.0,223.18,242.0,2731.5,10801.0,38.9,0,10.2,19.61,40.4,33.06,33.14,33.21,63.16,0.08,0.08,0.08,18.03,0.0,0.0,0.0,0.0,0.89,2.53,11.269,15.584,14.187,14.19,14.19,15.992,0.0,0.0,0.0,0.0,4643.1,27929.0,1416.0,30531.7,269384.0,4,4.0,4,16,16.0,16,4,16,2.89,72.06
55,1,,,,,,,0,0,61,15,61.4,2745,10801,39,0,39.6,30.9;33.0;60.5;62.6;36.6;41.3;91.0;84.9;64.4;81.5;97.0;49.3;24.5;23.8;13.8;13.4;21.4;21.9;11.0;11.2;20.6;21.2;17.9;16.9,33.1,0.08,0.0,0.05,14.187,0.0,341.0,1367.0,4,16,,,,,,,,,,,,,,,,,,,,,,,,,,,,,,,,,,,,,,,,,,,,,,,,,,,,,,,,,,,,,
55,2,,,,,,,100,47,71,13,240.7,2730,10801,39,0,21.2,7.8;5.8;18.8;18.7;8.3;9.4;63.0;65.7;48.7;59.3;77.5;86.7;5.1;4.8;2.2;2.4;3.4;2.9;2.2;2.1;3.8;3.8;2.9;3.9,33.23,0.08,0.01,3.61,14.187,0.0,4638.0,97.0,4,16,,,,,,,,,,,,,,,,,,,,,,,,,,,,,,,,,,,,,,,,,,,,,,,,,,,,,,,,,,,,,
55,3,,,,,,,100,48,72,19,241.0,2730,10801,39,0,18.9,5.4;2.9;17.1;15.9;5.5;2.9;49.1;80.9;45.5;58.8;89.9;67.6;1.7;1.4;0.2;0.5;0.9;1.4;0.5;0.5;0.9;1.4;1.2;1.5,33.2,0.08,0.0,3.02,14.187,0.0,2587.0,1611.0,4,16,,,,,,,,,,,,,,,,,,,,,,,,,,,,,,,,,,,,,,,,,,,,,,,,,,,,,,,,,,,,,
55,4,,,,,,,98,75,71,15,241.0,2730,10801,39,0,18.2,4.6;2.1;19.0;12.0;5.3;3.2;80.1;87.3;47.0;53.7;93.8;23.7;1.2;1.0;0.2;0.0;0.2;0.2;0.0;0.2;0.2;0.0;0.2;0.5,33.17,0.08,0.0,2.15,14.187,0.0,292.0,23388.0,4,16,,,,,,,,,,,,,,,,,,,,,,,,,,,,,,,,,,,,,,,,,,,,,,,,,,,,,,,,,,,,,
55,5,,,,,,,100,83,67,20,241.2,2730,10801,39,0,19.1,6.6;3.4;21.8;11.9;7.0;2.9;92.6;64.3;54.0;47.0;86.3;40.5;3.2;3.4;0.0;1.4;1.9;1.7;1.0;0.2;1.2;1.4;1.5;2.9,33.15,0.08,0.0,1.38,14.187,0.0,1464.0,1464.0,4,16,,,,,,,,,,,,,,,,,,,,,,,,,,,,,,,,,,,,,,,,,,,,,,,,,,,,,,,,,,,,,
55,6,,,,,,,100,79,72,12,240.3,2730,10801,39,0,18.5,6.7;1.5;22.3;10.6;6.1;3.6;64.1;62.3;41.3;62.4;89.0;66.4;2.4;0.9;0.3;0.0;1.0;0.3;0.3;0.5;0.7;0.2;0.2;1.0,33.14,0.08,0.0,2.4,14.187,0.0,537.0,0.0,4,16,,,,,,,,,,,,,,,,,,,,,,,,,,,,,,,,,,,,,,,,,,,,,,,,,,,,,,,,,,,,,
55,7,,,,,,,100,81,70,15,240.9,2730,10801,39,0,18.2,7.2;1.4;25.0;6.8;4.1;2.6;69.6;92.6;48.5;50.2;94.9;29.2;1.7;1.4;0.0;0.2;0.3;0.2;0.0;0.0;0.0;0.3;0.0;0.5,33.14,0.08,0.0,0.08,14.187,0.0,1416.0,1367.0,4,16,,,,,,,,,,,,,,,,,,,,,,,,,,,,,,,,,,,,,,,,,,,,,,,,,,,,,,,,,,,,,
55,8,,,,,,,100,51,72,14,241.8,2730,10801,39,0,15.0,6.1;1.4;18.0;5.5;3.4;2.9;56.3;77.4;32.7;35.2;67.4;49.4;1.4;0.9;0.0;0.0;0.5;0.0;0.2;0.2;0.0;0.3;0.3;0.5,33.13,0.08,0.0,0.04,14.187,0.0,1416.0,1367.0,4,16,,,,,,,,,,,,,,,,,,,,,,,,,,,,,,,,,,,,,,,,,,,,,,,,,,,,,,,,,,,,,
55,9,,,,,,,98,75,72,18,242.2,2730,10801,39,0,10.1,3.1;0.3;2.6;4.0;0.7;0.9;62.9;38.6;5.7;20.0;93.8;7.7;0.5;0.5;0.0;0.0;0.0;0.0;0.0;0.0;0.2;0.0;0.0;1.7,33.13,0.08,0.0,0.08,14.187,0.0,1464.0,1416.0,4,16,,,,,,,,,,,,,,,,,,,,,,,,,,,,,,,,,,,,,,,,,,,,,,,,,,,,,,,,,,,,,
55,10,,,,,,,63,52,63,14,242.2,2730,10801,39,0,15.1,6.5;6.5;3.2;25.8;9.7;9.7;45.2;54.8;35.5;38.7;58.1;41.9;9.7;3.2;0.0;0.0;3.2;3.2;0.0;0.0;0.0;3.2;3.2;0.0,33.17,0.08,0.03,0.11,14.19,0.0,585.0,105957.0,4,16,,,,,,,,,,,,,,,,,,,,,,,,,,,,,,,,,,,,,,,,,,,,,,,,,,,,,,,,,,,,,
55,summary,0.30417206469107433,0.9950199021742101,0.28369530709584556,0.9995555555555555,0.00100000,88.2,,,,,,,,,,,,,,,,,,,,,,0,85.9,100,0,59.1,83,61,69.1,72,12,15.5,20,61.4,223.27,242.2,2731.5,10801.0,39.0,0,10.1,19.39,39.6,33.1,33.16,33.23,63.16,0.08,0.08,0.08,18.03,0.0,0.0,0.03,0.04,1.29,3.61,11.269,15.584,14.187,14.19,14.19,15.992,0.0,0.0,0.0,292.0,1474.0,4638.0,0.0,13803.4,105957.0,4,4.0,4,16,16.0,16,4,16,2.79,72.05
56,1,,,,,,,0,0,59,15,60.1,2745,10801,39,0,40.5,31.7;32.4;50.7;62.8;35.5;44.2;86.4;94.8;66.1;79.8;94.6;60.6;24.3;28.2;14.5;14.6;23.2;24.7;11.5;11.2;21.3;21.7;18.8;17.4,33.63,0.08,0.0,0.06,14.187,0.0,7568.0,97.0,4,16,,,,,,,,,,,,,,,,,,,,,,,,,,,,,,,,,,,,,,,,,,,,,,,,,,,,,,,,,,,,,
56,2,,,,,,,100,48,71,16,240.3,2730,10801,39,0,19.1,5.6;2.9;13.8;19.8;3.1;6.6;90.8;72.3;50.3;56.6;92.0;36.1;2.1;1.4;0.2;0.5;0.9;1.0;0.0;0.3;0.5;0.3;0.5;0.0,33.21,0.08,0.0,3.96,14.187,0.0,341.0,1367.0,4,16,,,,,,,,,,,,,,,,,,,,,,,,,,,,,,,,,,,,,,,,,,,,,,,,,,,,,,,,,,,,,
56,3,,,,,,,98,73,67,17,241.3,2730,10801,39,0,18.0,5.7;3.1;14.2;17.9;4.1;4.3;49.7;59.7;46.2;53.1;85.8;81.7;1.9;0.9;0.3;0.2;0.0;0.2;0.3;0.2;0.9;0.2;0.2;1.0,33.19,0.08,0.0,2.58,14.187,0.0,1123.0,1416.0,4,16,,,,,,,,,,,,,,,,,,,,,,,,,,,,,,,,,,,,,,,,,,,,,,,,,,,,,,,,,,,,,
56,4,,,,,,,100,80,70,12,240.4,2730,10801,39,0,18.1,4.6;2.7;14.5;17.9;4.3;3.6;65.4;47.2;50.3;46.2;87.7;82.7;1.4;1.7;0.2;0.2;0.3;0.7;0.5;0.3;0.3;0.3;0.3;0.5,33.17,0.08,0.0,2.16,14.187,0.0,1660.0,1416.0,4,16,,,,,,,,,,,,,,,,,,,,,,,,,,,,,,,,,,,,,,,,,,,,,,,,,,,,,,,,,,,,,
56,5,,,,,,,100,77,70,15,241.9,2730,10801,39,0,18.2,5.1;0.9;16.6;19.1;5.5;2.6;86.3;71.3;54.5;45.1;87.9;37.4;1.4;1.0;0.3;0.0;0.2;0.2;0.0;0.0;0.2;0.3;0.2;0.9,33.15,0.08,0.0,1.61,14.187,0.0,1464.0,0.0,4,16,,,,,,,,,,,,,,,,,,,,,,,,,,,,,,,,,,,,,,,,,,,,,,,,,,,,,,,,,,,,,
56,6,,,,,,,100,48,70,12,241.2,2730,10801,39,0,17.6,5.6;1.5;15.8;7.5;2.7;2.4;81.2;79.1;43.8;49.4;94.4;34.6;0.7;0.3;0.0;0.0;0.2;0.5;0.3;0.2;0.2;0.5;0.2;1.5,33.14,0.08,0.0,2.21,14.187,0.0,781.0,1708.0,4,16,,,,,,,,,,,,,,,,,,,,,,,,,,,,,,,,,,,,,,,,,,,,,,,,,,,,,,,,,,,,,
56,7,,,,,,,98,80,69,14,243.0,2730,10801,39,0,18.1,5.1;1.4;15.5;11.6;4.6;2.1;72.4;81.7;48.8;50.3;85.0;49.0;1.7;1.5;0.0;0.2;0.5;0.2;0.2;0.9;0.9;0.0;0.2;1.7,33.13,0.08,0.0,0.04,14.187,0.0,341.0,4150.0,4,16,,,,,,,,,,,,,,,,,,,,,,,,,,,,,,,,,,,,,,,,,,,,,,,,,,,,,,,,,,,,,
56,8,,,,,,,100,71,70,19,241.6,2730,10801,39,0,14.6,5.4;1.4;10.9;3.6;2.6;2.0;69.9;65.6;25.3;39.5;94.5;25.8;1.4;0.9;0.3;0.3;0.7;0.2;0.3;0.0;0.2;0.3;0.0;0.7,33.11,0.08,0.0,0.06,14.187,0.0,14550.0,1367.0,4,16,,,,,,,,,,,,,,,,,,,,,,,,,,,,,,,,,,,,,,,,,,,,,,,,,,,,,,,,,,,,,
56,9,,,,,,,100,77,70,15,241.3,2730,10801,39,0,10.1,2.2;0.7;4.5;1.5;2.1;1.5;60.2;42.0;15.4;8.7;84.9;15.8;0.3;0.2;0.3;0.0;0.3;0.5;0.0;0.3;0.3;0.2;0.0;0.2,33.12,0.08,0.0,0.05,14.187,0.0,341.0,0.0,4,16,,,,,,,,,,,,,,,,,,,,,,,,,,,,,,,,,,,,,,,,,,,,,,,,,,,,,,,,,,,,,
56,10,,,,,,,100,77,68,13,241.3,2730,10801,39,0,15.8,24.1;3.6;27.6;10.7;17.9;0.0;100.0;0.0;20.7;51.7;24.1;69.0;7.1;0.0;3.6;0.0;0.0;3.6;0.0;0.0;0.0;3.6;3.6;0.0,33.15,0.08,0.0,0.12,14.19,0.0,1708.0,48.0,4,16,,,,,,,,,,,,,,,,,,,,,,,,,,,,,,,,,,,,,,,,,,,,,,,,,,,,,,,,,,,,,
56,summary,0.30391092725167423,0.9951018790931531,0.2836818465391795,0.9995555555555555,0.00100000,88.7,,,,,,,,,,,,,,,,,,,,,,0,89.6,100,0,63.1,80,59,68.4,71,12,14.8,19,60.1,223.24,243.0,2731.5,10801.0,39.0,0,10.1,19.01,40.5,33.11,33.2,33.63,63.16,0.08,0.08,0.08,18.03,0.0,0.0,0.0,0.04,1.28,3.96,11.269,15.584,14.187,14.19,14.19,15.992,0.0,0.0,0.0,341.0,2987.7,14550.0,0.0,1156.9,4150.0,4,4.0,4,16,16.0,16,4,16,3.2,72.08
57,1,,,,,,,0,0,59,17,69.0,2745,10801,39,0,39.6,29.0;29.2;51.6;65.9;34.9;39.1;93.5;82.5;68.0;81.6;93.6;62.0;25.2;25.7;11.9;14.5;18.6;21.7;11.6;11.7;20.5;20.6;18.9;19.0,33.06,0.08,0.0,0.05,14.187,0.0,2148.0,1367.0,4,16,,,,,,,,,,,,,,,,,,,,,,,,,,,,,,,,,,,,,,,,,,,,,,,,,,,,,,,,,,,,,
57,2,,,,,,,100,75,70,16,239.8,2730,10801,39,0,21.4,7.9;5.5;21.3;24.3;6.7;9.6;70.8;79.7;50.7;59.1;92.7;43.2;5.3;4.8;2.7;2.6;3.2;4.1;2.1;2.4;3.2;4.4;3.4;5.1,33.2,0.08,0.0,3.63,14.187,0.0,341.0,48.0,4,16,,,,,,,,,,,,,,,,,,,,,,,,,,,,,,,,,,,,,,,,,,,,,,,,,,,,,,,,,,,,,
57,3,,,,,,,100,68,72,12,240.7,2730,10801,39,0,17.9,2.9;2.7;14.2;11.9;1.5;4.3;72.0;93.7;43.2;57.9;86.5;33.7;1.4;0.7;0.0;0.2;0.3;0.0;0.2;0.3;0.2;0.3;0.2;0.7,33.18,0.08,0.0,3.02,14.187,0.0,1123.0,1464.0,4,16,,,,,,,,,,,,,,,,,,,,,,,,,,,,,,,,,,,,,,,,,,,,,,,,,,,,,,,,,,,,,
57,4,,,,,,,98,74,70,15,239.5,2730,10801,39,0,18.4,3.9;1.9;14.2;15.1;3.6;4.4;75.6;90.3;41.6;62.0;88.6;32.8;2.1;1.5;0.3;0.5;0.2;0.7;0.0;0.2;0.2;0.5;0.7;1.2,33.14,0.08,0.0,2.21,14.187,0.0,537.0,0.0,4,16,,,,,,,,,,,,,,,,,,,,,,,,,,,,,,,,,,,,,,,,,,,,,,,,,,,,,,,,,,,,,
57,5,,,,,,,100,64,70,13,241.1,2730,10801,39,0,18.2,5.2;1.4;11.8;15.0;3.9;5.5;54.8;47.1;62.3;37.0;91.1;96.2;1.2;0.9;0.2;0.2;0.3;0.5;0.2;0.7;0.2;0.5;0.2;0.9,33.15,0.08,0.0,1.39,14.187,0.0,2587.0,9082.0,4,16,,,,,,,,,,,,,,,,,,,,,,,,,,,,,,,,,,,,,,,,,,,,,,,,,,,,,,,,,,,,,
57,6,,,,,,,100,68,70,14,241.2,2730,10801,39,0,18.6,5.1;3.1;19.5;11.6;6.7;4.8;61.2;89.6;42.1;57.4;97.3;37.8;1.7;1.9;1.0;0.2;1.2;0.7;0.2;0.0;0.3;0.7;0.9;1.5,33.13,0.08,0.0,2.4,14.187,0.0,341.0,1562.0,4,16,,,,,,,,,,,,,,,,,,,,,,,,,,,,,,,,,,,,,,,,,,,,,,,,,,,,,,,,,,,,,
57,7,,,,,,,100,68,72,20,241.8,2730,10801,39,0,18.5,5.1;2.2;20.7;13.6;7.0;4.5;89.7;56.8;54.8;46.7;89.4;44.3;2.1;1.9;0.2;0.2;1.0;1.4;0.0;0.0;0.3;0.7;0.7;0.7,33.13,0.08,0.0,0.05,14.187,0.0,585.0,8105.0,4,16,,,,,,,,,,,,,,,,,,,,,,,,,,,,,,,,,,,,,,,,,,,,,,,,,,,,,,,,,,,,,
57,8,,,,,,,98,78,69,13,239.6,2730,10801,39,0,15.2,4.2;1.0;13.8;12.5;5.0;2.4;53.8;87.5;37.1;33.2;65.7;42.6;0.9;1.4;0.0;0.0;0.2;0.9;0.0;0.3;0.2;0.0;0.3;1.2,33.13,0.08,0.0,0.05,14.187,0.0,27392.0,7666.0,4,16,,,,,,,,,,,,,,,,,,,,,,,,,,,,,,,,,,,,,,,,,,,,,,,,,,,,,,,,,,,,,
57,9,,,,,,,100,73,70,13,241.6,2730,10801,39,0,10.2,2.2;0.3;5.1;2.7;1.2;1.5;60.5;39.7;19.5;5.4;61.9;40.6;0.7;0.7;0.0;0.0;0.5;0.5;0.2;0.2;0.5;0.2;0.0;0.5,33.14,0.08,0.0,0.08,14.187,0.0,634.0,1513.0,4,16,,,,,,,,,,,,,,,,,,,,,,,,,,,,,,,,,,,,,,,,,,,,,,,,,,,,,,,,,,,,,
57,10,,,,,,,45,35,63,15,233.4,2730,10801,39,0,13.8,10.7;3.6;7.1;7.1;14.3;3.6;100.0;0.0;21.4;53.6;78.6;0.0;10.7;7.1;0.0;0.0;3.6;0.0;0.0;0.0;3.6;0.0;0.0;3.6,33.18,0.08,0.0,0.01,14.19,0.0,4394.0,2197.0,4,16,,,,,,,,,,,,,,,,,,,,,,,,,,,,,,,,,,,,,,,,,,,,,,,,,,,,,,,,,,,,,
57,summary,0.30413333125599024,0.9950199021742101,0.2836681803862254,0.9995555555555555,0.00100000,88.0,,,,,,,,,,,,,,,,,,,,,,0,84.1,100,0,60.3,78,59,68.5,72,12,14.8,20,69.0,222.77,241.8,2731.5,10801.0,39.0,0,10.2,19.18,39.6,33.06,33.14,33.2,63.16,0.08,0.08,0.08,18.03,0.0,0.0,0.0,0.01,1.29,3.63,11.269,15.584,14.187,14.19,14.19,15.992,0.0,0.0,0.0,341.0,4008.2,27392.0,0.0,3300.4,9082.0,4,4.0,4,16,16.0,16,4,16,2.84,72.06
58,1,,,,,,,0,0,59,18,89.7,2745,10801,39,0,40.0,32.9;30.8;65.2;57.1;36.1;39.9;94.9;82.0;76.0;68.8;92.5;60.5;24.3;27.4;12.4;14.4;21.7;23.9;10.5;10.5;21.3;21.7;19.3;17.1,33.01,0.08,0.0,0.05,14.187,0.0,244.0,342578.0,4,16,,,,,,,,,,,,,,,,,,,,,,,,,,,,,,,,,,,,,,,,,,,,,,,,,,,,,,,,,,,,,
58,2,,,,,,,100,55,71,15,241.3,2730,10801,39,0,22.1,8.9;7.1;20.4;20.2;8.3;9.5;66.6;71.0;63.4;50.3;96.1;62.0;5.3;4.9;2.7;2.9;4.9;3.9;2.7;2.9;4.2;3.7;3.2;4.9,33.21,0.08,0.0,3.57,14.187,0.0,0.0,1416.0,4,16,,,,,,,,,,,,,,,,,,,,,,,,,,,,,,,,,,,,,,,,,,,,,,,,,,,,,,,,,,,,,
58,3,,,,,,,100,83,67,16,242.5,2730,10801,39,0,19.0,6.9;4.5;13.0;20.8;4.0;6.4;68.0;84.9;37.0;64.6;96.7;36.2;1.5;1.9;0.5;0.5;1.4;1.7;0.2;0.2;0.5;1.2;1.4;1.2,33.18,0.08,0.0,3.02,14.187,0.0,781.0,1757.0,4,16,,,,,,,,,,,,,,,,,,,,,,,,,,,,,,,,,,,,,,,,,,,,,,,,,,,,,,,,,,,,,
58,4,,,,,,,100,58,71,13,240.5,2730,10801,39,0,18.2,5.4;3.1;12.5;13.4;4.1;6.3;89.6;69.7;42.2;57.1;91.8;34.6;1.9;1.9;0.0;0.0;0.5;0.3;0.3;0.0;0.2;0.3;0.5;0.7,33.17,0.08,0.0,2.13,14.187,0.0,2587.0,1464.0,4,16,,,,,,,,,,,,,,,,,,,,,,,,,,,,,,,,,,,,,,,,,,,,,,,,,,,,,,,,,,,,,
58,5,,,,,,,100,53,69,16,240.8,2730,10801,39,0,19.0,9.5;5.5;16.1;19.8;7.0;6.7;83.6;58.7;54.9;44.0;91.6;46.5;1.5;1.7;0.5;0.2;1.9;1.5;0.2;0.2;0.5;0.9;1.2;2.6,33.2,0.08,0.0,1.42,14.187,0.0,781.0,97.0,4,16,,,,,,,,,,,,,,,,,,,,,,,,,,,,,,,,,,,,,,,,,,,,,,,,,,,,,,,,,,,,,
58,6,,,,,,,100,57,72,14,240.5,2730,10801,39,0,19.0,5.0;3.2;13.1;20.5;3.1;6.1;59.6;86.5;54.1;53.5;91.0;51.0;1.2;1.7;0.2;0.0;1.0;0.3;0.9;1.2;0.0;0.5;0.5;1.2,33.13,0.08,0.0,2.42,14.187,0.0,2734.0,0.0,4,16,,,,,,,,,,,,,,,,,,,,,,,,,,,,,,,,,,,,,,,,,,,,,,,,,,,,,,,,,,,,,
58,7,,,,,,,98,76,67,15,240.8,2730,10801,39,0,18.1,5.5;1.7;21.3;13.3;5.0;2.7;78.0;71.5;33.6;64.9;82.5;50.3;0.8;0.8;0.0;0.0;0.2;0.2;0.3;0.7;0.5;0.2;0.3;0.0,33.13,0.08,0.0,0.06,14.187,0.0,341.0,1367.0,4,16,,,,,,,,,,,,,,,,,,,,,,,,,,,,,,,,,,,,,,,,,,,,,,,,,,,,,,,,,,,,,
58,8,,,,,,,100,67,69,13,241.3,2730,10801,39,0,15.2,5.2;1.5;18.0;5.7;4.3;3.4;51.0;73.6;36.4;30.2;93.5;35.5;1.5;1.9;0.2;0.2;0.3;0.5;0.0;0.2;0.0;1.0;0.2;1.5,33.12,0.08,0.0,0.09,14.187,0.0,1220.0,97.0,4,16,,,,,,,,,,,,,,,,,,,,,,,,,,,,,,,,,,,,,,,,,,,,,,,,,,,,,,,,,,,,,
58,9,,,,,,,100,54,71,16,241.6,2730,10801,39,0,10.4,4.6;0.7;4.1;2.4;1.4;1.4;41.9;60.3;18.8;6.2;69.0;32.6;1.0;0.7;0.0;0.0;0.2;0.5;0.3;0.3;0.3;0.2;0.2;2.0,33.13,0.08,0.0,0.05,14.187,0.0,1220.0,1513.0,4,16,,,,,,,,,,,,,,,,,,,,,,,,,,,,,,,,,,,,,,,,,,,,,,,,,,,,,,,,,,,,,
58,10,,,,,,,100,62,69,14,241.6,2730,10801,39,0,14.7,6.9;3.4;13.8;6.9;10.3;6.9;62.1;34.5;24.1;51.7;37.9;62.1;10.3;0.0;3.4;0.0;3.4;3.4;0.0;0.0;3.4;3.4;0.0;3.4,33.15,0.08,0.0,0.03,14.19,0.0,292.0,18115.0,4,16,,,,,,,,,,,,,,,,,,,,,,,,,,,,,,,,,,,,,,,,,,,,,,,,,,,,,,,,,,,,,
58,summary,0.30387990719820124,0.9950153479009355,0.28357334462801614,0.9996666666666667,0.00100000,88.3,,,,,,,,,,,,,,,,,,,,,,0,89.8,100,0,56.5,83,59,68.5,72,13,15.0,18,89.7,226.06,242.5,2731.5,10801.0,39.0,0,10.4,19.57,40.0,33.01,33.14,33.21,63.16,0.08,0.08,0.08,18.03,0.0,0.0,0.0,0.03,1.28,3.57,11.269,15.584,14.187,14.19,14.19,15.992,0.0,0.0,0.0,0.0,1020.0,2734.0,0.0,36840.4,342578.0,4,4.0,4,16,16.0,16,4,16,2.95,72.07
59,1,,,,,,,100,52,66,15,87.1,2745,10801,39,0,40.9,33.1;32.5;67.2;57.9;38.3;37.6;89.8;84.6;72.2;72.0;95.9;68.0;25.6;25.1;15.0;15.1;22.0;22.7;13.5;11.2;21.9;22.5;20.5;17.7,33.28,0.08,0.0,0.07,14.187,0.0,12451.0,17187.0,4,16,,,,,,,,,,,,,,,,,,,,,,,,,,,,,,,,,,,,,,,,,,,,,,,,,,,,,,,,,,,,,
59,2,,,,,,,98,74,69,13,239.0,2730,10801,39,0,20.2,6.6;5.5;20.7;17.8;7.2;8.9;50.4;71.5;48.8;50.9;89.6;83.1;3.6;3.6;1.0;1.0;2.1;2.7;0.5;0.7;2.6;1.9;2.2;2.7,33.19,0.08,0.0,3.58,14.187,0.0,1416.0,97.0,4,16,,,,,,,,,,,,,,,,,,,,,,,,,,,,,,,,,,,,,,,,,,,,,,,,,,,,,,,,,,,,,
59,3,,,,,,,100,69,69,21,240.0,2730,10801,39,0,18.7,4.7;2.6;14.9;19.9;3.2;7.0;52.3;75.4;46.7;53.2;87.9;71.1;1.4;2.2;0.2;0.2;0.3;1.2;0.2;0.2;0.3;0.9;0.7;1.9,33.21,0.08,0.0,3.05,14.187,0.0,0.0,1416.0,4,16,,,,,,,,,,,,,,,,,,,,,,,,,,,,,,,,,,,,,,,,,,,,,,,,,,,,,,,,,,,,,
59,4,,,,,,,100,65,71,15,239.8,2730,10801,39,0,18.9,6.9;3.3;11.6;17.1;6.0;7.4;90.3;68.5;44.7;55.5;91.0;36.5;2.7;1.9;0.9;0.5;1.5;1.4;0.7;1.0;0.3;1.4;1.0;2.0,33.16,0.08,0.0,2.14,14.187,0.0,878.0,1416.0,4,16,,,,,,,,,,,,,,,,,,,,,,,,,,,,,,,,,,,,,,,,,,,,,,,,,,,,,,,,,,,,,
59,5,,,,,,,100,70,69,17,240.0,2730,10801,39,0,18.7,6.2;2.7;11.1;17.4;3.8;6.5;79.6;79.1;42.8;64.3;95.1;32.2;1.2;2.2;0.0;0.2;0.9;0.9;0.2;0.5;0.7;0.3;0.5;0.3,33.15,0.08,0.0,1.39,14.187,0.0,2734.0,5078.0,4,16,,,,,,,,,,,,,,,,,,,,,,,,,,,,,,,,,,,,,,,,,,,,,,,,,,,,,,,,,,,,,
59,6,,,,,,,96,73,69,15,238.9,2730,10801,39,0,18.3,3.6;2.4;12.7;14.3;1.9;5.0;86.5;94.9;49.7;50.2;92.3;18.7;1.5;1.2;0.3;0.2;0.7;1.0;0.2;0.5;0.5;0.2;0.5;0.7,33.13,0.08,0.0,2.42,14.187,0.0,585.0,0.0,4,16,,,,,,,,,,,,,,,,,,,,,,,,,,,,,,,,,,,,,,,,,,,,,,,,,,,,,,,,,,,,,
59,7,,,,,,,100,61,72,16,240.0,2730,10801,39,0,17.7,3.2;2.4;8.4;15.4;1.0;3.4;77.7;51.2;36.8;61.8;86.7;69.7;1.9;1.5;0.0;0.0;0.5;0.5;0.0;0.0;0.0;0.3;0.2;0.9,33.14,0.08,0.0,0.03,14.187,0.0,1416.0,1367.0,4,16,,,,,,,,,,,,,,,,,,,,,,,,,,,,,,,,,,,,,,,,,,,,,,,,,,,,,,,,,,,,,
59,8,,,,,,,100,69,69,13,240.6,2730,10801,39,0,15.0,4.4;1.0;10.4;9.6;2.2;2.6;62.8;70.8;38.0;31.6;95.2;25.0;1.0;1.5;0.0;0.0;0.7;0.5;0.2;0.0;0.0;0.3;0.0;1.5,33.12,0.08,0.0,0.08,14.187,0.0,488.0,1416.0,4,16,,,,,,,,,,,,,,,,,,,,,,,,,,,,,,,,,,,,,,,,,,,,,,,,,,,,,,,,,,,,,
59,9,,,,,,,100,52,69,17,240.9,2730,10801,39,0,10.5,3.4;0.7;5.0;4.5;2.9;2.2;69.3;33.3;13.2;10.1;74.4;27.2;1.2;1.9;0.0;0.0;0.5;0.7;0.3;0.0;0.2;0.5;0.0;1.0,33.12,0.08,0.0,0.04,14.187,0.0,1123.0,1416.0,4,16,,,,,,,,,,,,,,,,,,,,,,,,,,,,,,,,,,,,,,,,,,,,,,,,,,,,,,,,,,,,,
59,10,,,,,,,100,52,71,16,240.9,2730,10801,39,0,12.2,0.0;0.0;3.6;25.0;3.6;3.6;3.6;96.6;20.7;42.9;82.8;0.0;3.4;3.4;0.0;0.0;0.0;0.0;0.0;0.0;0.0;0.0;0.0;0.0,33.16,0.08,0.0,0.12,14.19,0.0,683.0,1708.0,4,16,,,,,,,,,,,,,,,,,,,,,,,,,,,,,,,,,,,,,,,,,,,,,,,,,,,,,,,,,,,,,
59,summary,0.3040728774954448,0.9949333709819924,0.2835262548923492,0.9996666666666667,0.00100000,88.2,,,,,,,,,,,,,,,,,,,,,,96,99.4,100,52,63.7,74,66,69.4,72,13,15.8,21,87.1,224.72,240.9,2731.5,10801.0,39.0,0,10.5,19.11,40.9,33.12,33.17,33.28,63.16,0.08,0.08,0.08,18.03,0.0,0.0,0.0,0.03,1.29,3.58,11.269,15.584,14.187,14.19,14.19,15.992,0.0,0.0,0.0,0.0,2177.4,12451.0,0.0,3110.1,17187.0,4,4.0,4,16,16.0,16,4,16,2.97,72.06
60,1,,,,,,,75,61,68,16,71.8,2745,10801,39,0,40.3,32.2;30.7;60.4;64.1;39.9;42.4;93.6;90.7;72.9;69.4;90.5;55.8;26.3;26.4;13.0;12.8;22.3;23.3;10.0;10.4;22.7;22.0;17.9;16.5,33.05,0.08,0.0,0.05,14.187,0.0,1123.0,107421.0,4,16,,,,,,,,,,,,,,,,,,,,,,,,,,,,,,,,,,,,,,,,,,,,,,,,,,,,,,,,,,,,,
60,2,,,,,,,100,80,70,15,239.1,2730,10801,39,0,21.5,8.2;5.8;23.0;24.9;8.0;8.2;75.3;50.1;40.5;65.2;88.9;79.2;3.4;5.1;1.5;2.9;3.9;4.3;2.2;1.7;3.4;4.4;2.6;3.2,33.22,0.08,0.0,3.62,14.187,0.0,341.0,0.0,4,16,,,,,,,,,,,,,,,,,,,,,,,,,,,,,,,,,,,,,,,,,,,,,,,,,,,,,,,,,,,,,
60,3,,,,,,,100,66,70,17,240.3,2730,10801,39,0,18.7,5.6;2.6;14.8;20.9;5.3;5.7;52.6;76.2;50.0;52.0;90.9;58.7;2.7;2.6;0.2;0.5;1.4;0.7;0.9;0.0;0.5;1.2;1.9;1.7,33.18,0.08,0.01,3.05,14.187,0.0,48.0,1464.0,4,16,,,,,,,,,,,,,,,,,,,,,,,,,,,,,,,,,,,,,,,,,,,,,,,,,,,,,,,,,,,,,
60,4,,,,,,,100,69,71,14,239.6,2730,10801,39,0,18.6,5.1;2.6;11.1;20.5;2.2;6.8;81.1;81.3;55.9;49.0;79.3;43.2;2.1;2.2;0.2;0.0;0.7;0.2;0.3;0.0;0.9;0.3;0.0;1.7,33.15,0.08,0.0,2.12,14.187,0.0,1416.0,97.0,4,16,,,,,,,,,,,,,,,,,,,,,,,,,,,,,,,,,,,,,,,,,,,,,,,,,,,,,,,,,,,,,
60,5,,,,,,,98,77,69,14,238.5,2730,10801,39,0,19.0,6.4;3.1;16.4;22.4;3.4;5.5;86.6;71.6;56.2;46.6;86.5;43.1;1.5;1.5;0.5;0.2;0.7;1.2;0.0;0.0;0.5;0.5;0.7;1.0,33.14,0.08,0.0,1.4,14.187,0.0,1416.0,1464.0,4,16,,,,,,,,,,,,,,,,,,,,,,,,,,,,,,,,,,,,,,,,,,,,,,,,,,,,,,,,,,,,,
60,6,,,,,,,100,75,69,14,239.2,2730,10801,38,0,18.2,5.9;2.7;16.9;15.4;4.3;3.6;69.2;88.4;53.3;47.7;90.2;34.0;1.2;1.7;0.0;0.2;0.9;0.5;0.0;0.2;0.0;0.2;0.5;0.9,33.12,0.08,0.0,2.42,14.187,0.0,1025.0,1806.0,4,16,,,,,,,,,,,,,,,,,,,,,,,,,,,,,,,,,,,,,,,,,,,,,,,,,,,,,,,,,,,,,
60,7,,,,,,,100,80,70,16,240.0,2730,10801,39,0,18.3,3.9;2.4;13.4;14.2;4.8;3.1;92.0;86.3;38.1;62.6;87.2;22.7;1.4;1.4;0.3;0.2;0.3;0.9;0.3;0.0;0.7;0.5;0.7;1.5,33.13,0.08,0.01,0.1,14.187,0.0,537.0,48.0,4,16,,,,,,,,,,,,,,,,,,,,,,,,,,,,,,,,,,,,,,,,,,,,,,,,,,,,,,,,,,,,,
60,8,,,,,,,100,53,69,13,240.4,2730,10801,39,0,15.5,6.2;3.8;11.0;7.9;4.1;4.4;76.5;75.3;30.7;38.5;95.0;8.4;1.2;1.5;0.2;0.2;1.5;1.2;0.5;0.2;1.2;0.7;0.5;1.9,33.14,0.08,0.0,0.06,14.187,0.0,1416.0,48.0,4,16,,,,,,,,,,,,,,,,,,,,,,,,,,,,,,,,,,,,,,,,,,,,,,,,,,,,,,,,,,,,,
60,9,,,,,,,98,72,71,20,240.5,2730,10801,39,0,10.3,4.9;0.2;3.9;2.7;1.0;1.5;40.5;61.6;18.5;5.8;52.9;48.9;0.7;0.3;0.2;0.3;0.0;0.2;0.0;0.2;0.0;0.7;0.2;0.7,33.13,0.08,0.0,0.05,14.187,0.0,1416.0,0.0,4,16,,,,,,,,,,,,,,,,,,,,,,,,,,,,,,,,,,,,,,,,,,,,,,,,,,,,,,,,,,,,,
60,10,,,,,,,40,34,69,14,240.5,2730,10801,39,0,15.8,6.7;10.3;6.7;23.3;17.2;0.0;13.8;93.3;28.1;43.3;58.6;33.3;6.9;6.9;0.0;0.0;6.7;3.4;0.0;0.0;3.4;0.0;6.7;6.7,33.16,0.08,0.0,0.04,14.19,0.0,292.0,195.0,4,16,,,,,,,,,,,,,,,,,,,,,,,,,,,,,,,,,,,,,,,,,,,,,,,,,,,,,,,,,,,,,
60,summary,0.303888663184148,0.9949880222612878,0.28350305326779685,0.9996666666666667,0.00100000,88.1,,,,,,,,,,,,,,,,,,,,,,40,91.1,100,34,66.7,80,68,69.6,71,13,15.3,20,71.8,222.99,240.5,2731.5,10801.0,38.9,0,10.3,19.62,40.3,33.05,33.14,33.22,63.16,0.08,0.08,0.08,18.03,0.0,0.0,0.01,0.04,1.29,3.62,11.269,15.584,14.187,14.19,14.19,15.992,0.0,0.0,0.0,48.0,903.0,1416.0,0.0,11254.3,107421.0,4,4.0,4,16,16.0,16,4,16,2.76,72.05
61,1,,,,,,,100,76,67,23,104.3,2730,10801,39,0,40.0,31.8;32.0;58.7;52.8;40.3;37.0;87.4;87.7;79.9;75.7;94.0;62.4;25.7;26.3;12.4;14.2;24.6;22.8;9.7;8.2;20.5;20.4;18.2;17.7,33.12,0.08,0.0,0.07,14.187,0.0,1416.0,146.0,4,16,,,,,,,,,,,,,,,,,,,,,,,,,,,,,,,,,,,,,,,,,,,,,,,,,,,,,,,,,,,,,
61,2,,,,,,,100,75,71,16,240.0,2730,10801,39,0,20.8,9.4;5.7;24.0;12.2;8.0;7.9;82.9;68.7;50.9;53.6;89.9;46.7;3.8;4.5;2.9;2.4;3.1;3.6;2.9;2.4;3.4;3.3;3.3;3.6,33.21,0.08,0.0,3.57,14.187,0.0,1025.0,1416.0,4,16,,,,,,,,,,,,,,,,,,,,,,,,,,,,,,,,,,,,,,,,,,,,,,,,,,,,,,,,,,,,,
61,3,,,,,,,100,85,69,21,239.2,2730,10801,39,0,18.1,6.2;1.4;22.2;10.6;3.9;1.4;69.5;56.9;48.5;49.9;90.3;68.0;0.9;1.0;0.7;0.3;1.0;0.5;0.3;0.3;0.0;0.7;0.3;0.5,33.22,0.08,0.0,3.04,14.187,0.0,634.0,1513.0,4,16,,,,,,,,,,,,,,,,,,,,,,,,,,,,,,,,,,,,,,,,,,,,,,,,,,,,,,,,,,,,,
61,4,,,,,,,100,54,69,15,239.9,2730,10801,38,0,18.9,5.4;3.6;22.9;13.7;6.5;3.1;82.2;46.4;49.1;53.2;86.7;66.9;2.4;2.4;0.2;0.2;1.7;1.0;0.5;0.9;0.7;0.5;1.7;2.1,33.18,0.08,0.02,2.16,14.187,0.0,2734.0,1416.0,4,16,,,,,,,,,,,,,,,,,,,,,,,,,,,,,,,,,,,,,,,,,,,,,,,,,,,,,,,,,,,,,
61,5,,,,,,,100,86,70,19,239.0,2730,10801,39,0,18.2,3.7;2.2;15.9;16.7;3.6;6.3;57.3;47.2;55.3;45.0;93.5;84.3;1.9;0.9;0.0;0.0;0.5;0.5;0.0;0.0;0.2;0.3;0.0;0.0,33.15,0.08,0.01,1.48,14.187,0.0,341.0,35351.0,4,16,,,,,,,,,,,,,,,,,,,,,,,,,,,,,,,,,,,,,,,,,,,,,,,,,,,,,,,,,,,,,
61,6,,,,,,,100,58,72,14,239.8,2730,10801,39,0,18.2,4.9;1.9;14.2;12.8;3.9;5.8;62.2;60.8;34.2;65.3;91.3;69.3;2.6;1.5;0.2;0.2;0.9;0.3;0.2;0.7;0.5;0.7;0.3;2.0,33.14,0.08,0.0,2.41,14.187,0.0,30810.0,195.0,4,16,,,,,,,,,,,,,,,,,,,,,,,,,,,,,,,,,,,,,,,,,,,,,,,,,,,,,,,,,,,,,
61,7,,,,,,,98,75,72,14,240.8,2730,10801,38,0,18.3,4.4;1.5;19.0;14.5;5.1;3.9;71.2;54.8;40.7;59.2;87.1;73.6;1.0;0.5;0.0;0.2;0.7;0.2;0.3;0.3;0.2;0.2;0.3;1.4,33.14,0.08,0.0,0.07,14.187,0.0,21972.0,97.0,4,16,,,,,,,,,,,,,,,,,,,,,,,,,,,,,,,,,,,,,,,,,,,,,,,,,,,,,,,,,,,,,
61,8,,,,,,,100,85,68,13,241.1,2730,10801,39,0,15.0,5.1;1.2;13.2;8.9;2.2;2.7;60.5;85.1;37.6;31.2;97.9;10.0;1.2;0.3;0.2;0.0;0.2;0.9;0.0;0.0;0.2;0.2;0.0;1.0,33.14,0.08,0.0,0.3,14.187,0.0,18359.0,1757.0,4,16,,,,,,,,,,,,,,,,,,,,,,,,,,,,,,,,,,,,,,,,,,,,,,,,,,,,,,,,,,,,,
61,9,,,,,,,100,61,72,18,240.7,2730,10801,39,0,10.3,3.7;1.2;3.9;2.6;1.5;1.2;47.1;55.7;15.1;10.8;99.5;1.0;0.7;0.7;0.0;0.0;0.3;0.0;0.2;0.0;0.0;0.0;0.0;0.9,33.13,0.08,0.0,0.05,14.187,0.0,19384.0,8203.0,4,16,,,,,,,,,,,,,,,,,,,,,,,,,,,,,,,,,,,,,,,,,,,,,,,,,,,,,,,,,,,,,
61,10,,,,,,,72,57,69,14,236.3,2730,10801,39,0,12.6,6.7;0.0;13.8;10.3;17.2;0.0;58.6;20.7;24.1;34.5;96.6;0.0;0.0;10.3;0.0;0.0;3.4;0.0;0.0;0.0;0.0;3.4;0.0;3.4,33.16,0.08,0.03,0.08,14.19,0.0,878.0,1611.0,4,16,,,,,,,,,,,,,,,,,,,,,,,,,,,,,,,,,,,,,,,,,,,,,,,,,,,,,,,,,,,,,
61,summary,0.30385308998909977,0.9950517820871324,0.2834725069999695,0.9996666666666667,0.00100000,88.3,,,,,,,,,,,,,,,,,,,,,,72,97.0,100,54,71.2,86,67,69.9,72,13,16.7,23,104.3,226.11,241.1,2730.0,10801.0,38.8,0,10.3,19.04,40.0,33.12,33.16,33.22,63.16,0.08,0.08,0.08,18.03,0.0,0.01,0.03,0.05,1.32,3.57,11.269,15.584,14.187,14.19,14.19,15.992,0.0,0.0,0.0,341.0,9755.3,30810.0,97.0,5170.5,35351.0,4,4.0,4,16,16.0,16,4,16,2.83,72.05
62,1,,,,,,,0,0,59,17,60.7,2745,10801,38,0,39.8,32.7;31.1;64.1;54.9;42.6;36.7;89.6;86.8;61.4;69.9;92.8;75.4;27.7;25.4;13.2;12.4;22.5;22.5;9.9;9.8;19.6;19.5;17.8;17.6,33.13,0.08,0.03,0.39,14.187,0.0,488.0,1757.0,4,16,,,,,,,,,,,,,,,,,,,,,,,,,,,,,,,,,,,,,,,,,,,,,,,,,,,,,,,,,,,,,
62,2,,,,,,,100,85,70,16,239.4,2730,10801,38,0,20.9,8.0;5.1;25.4;18.2;8.4;6.8;88.0;85.2;40.6;62.2;95.6;22.8;4.8;4.5;2.6;1.9;2.9;2.4;2.1;2.2;2.9;3.1;1.7;2.9,33.23,0.08,0.0,3.6,14.187,0.0,341.0,439.0,4,16,,,,,,,,,,,,,,,,,,,,,,,,,,,,,,,,,,,,,,,,,,,,,,,,,,,,,,,,,,,,,
62,3,,,,,,,100,56,72,15,240.5,2730,10801,38,0,19.0,4.9;4.1;19.9;14.1;7.1;3.9;90.0;76.1;38.5;64.1;96.8;24.1;2.2;2.9;0.3;0.5;0.3;1.2;0.2;0.0;0.9;0.7;0.8;1.7,33.22,0.08,0.0,3.02,14.187,0.0,0.0,1416.0,4,16,,,,,,,,,,,,,,,,,,,,,,,,,,,,,,,,,,,,,,,,,,,,,,,,,,,,,,,,,,,,,
62,4,,,,,,,98,75,70,14,240.5,2730,10801,38,0,18.3,5.6;1.9;25.5;9.4;4.1;2.4;70.0;85.4;43.9;53.3;87.2;40.0;1.2;1.4;0.7;1.0;1.0;0.9;0.3;0.5;1.0;1.2;0.9;2.0,33.18,0.08,0.0,2.11,14.187,0.0,781.0,97.0,4,16,,,,,,,,,,,,,,,,,,,,,,,,,,,,,,,,,,,,,,,,,,,,,,,,,,,,,,,,,,,,,
62,5,,,,,,,100,79,71,14,239.6,2730,10801,39,0,18.2,5.4;2.1;19.5;10.2;6.0;4.1;88.5;77.1;56.8;43.8;88.7;27.0;1.7;1.5;0.3;0.5;0.7;0.5;0.5;0.3;0.7;0.2;0.5;1.0,33.16,0.08,0.0,1.37,14.187,0.0,1660.0,1757.0,4,16,,,,,,,,,,,,,,,,,,,,,,,,,,,,,,,,,,,,,,,,,,,,,,,,,,,,,,,,,,,,,
62,6,,,,,,,100,77,71,14,241.0,2730,10801,39,0,17.8,2.6;1.7;11.1;12.3;2.2;4.3;78.9;93.7;46.2;52.8;89.6;26.0;1.0;1.4;0.0;0.3;0.2;0.2;0.0;0.2;0.5;0.2;0.3;0.3,33.14,0.08,0.01,2.53,14.187,0.0,8251.0,102929.0,4,16,,,,,,,,,,,,,,,,,,,,,,,,,,,,,,,,,,,,,,,,,,,,,,,,,,,,,,,,,,,,,
62,7,,,,,,,100,48,70,13,240.9,2730,10801,39,0,18.4,7.7;2.9;19.0;12.1;3.4;6.3;61.4;81.5;38.1;64.7;88.4;49.7;1.4;0.7;0.3;0.2;0.3;0.3;0.2;0.0;0.5;0.3;0.7;1.5,33.16,0.08,0.0,0.07,14.187,0.0,1416.0,0.0,4,16,,,,,,,,,,,,,,,,,,,,,,,,,,,,,,,,,,,,,,,,,,,,,,,,,,,,,,,,,,,,,
62,8,,,,,,,98,81,70,15,241.7,2730,10801,38,0,15.1,3.7;1.0;8.6;12.7;3.1;2.6;71.9;56.1;36.3;33.1;93.5;31.4;2.2;1.9;0.0;0.0;0.7;0.2;0.5;0.3;0.2;0.2;0.2;1.5,33.15,0.08,0.0,0.02,14.187,0.0,341.0,1367.0,4,16,,,,,,,,,,,,,,,,,,,,,,,,,,,,,,,,,,,,,,,,,,,,,,,,,,,,,,,,,,,,,
62,9,,,,,,,100,77,68,13,241.9,2730,10801,38,0,10.1,3.4;0.5;1.5;5.2;0.7;2.4;58.8;41.9;9.8;14.9;68.5;33.3;0.5;0.2;0.0;0.0;0.0;0.0;0.5;0.0;0.0;0.0;0.2;0.3,33.15,0.08,0.0,0.07,14.187,0.0,0.0,1904.0,4,16,,,,,,,,,,,,,,,,,,,,,,,,,,,,,,,,,,,,,,,,,,,,,,,,,,,,,,,,,,,,,
62,10,,,,,,,11,4,62,19,241.9,2730,10801,38,0,12.6,6.9;3.4;6.9;13.8;3.4;6.9;0.0;100.0;13.8;51.7;20.7;65.5;0.0;0.0;0.0;3.4;0.0;0.0;0.0;0.0;0.0;0.0;3.4;0.0,33.18,0.08,0.0,0.09,14.19,0.0,1074.0,1416.0,4,16,,,,,,,,,,,,,,,,,,,,,,,,,,,,,,,,,,,,,,,,,,,,,,,,,,,,,,,,,,,,,
62,summary,0.3030588378805225,0.9952954357073241,0.2834655078252157,0.9996666666666667,0.00100000,88.4,,,,,,,,,,,,,,,,,,,,,,0,80.7,100,0,58.2,85,59,68.3,72,13,15.0,19,60.7,222.81,241.9,2731.5,10801.0,38.3,0,10.1,19.02,39.8,33.13,33.17,33.23,63.16,0.08,0.08,0.08,18.03,0.0,0.0,0.03,0.02,1.33,3.6,11.269,15.584,14.187,14.19,14.19,15.992,0.0,0.0,0.0,0.0,1435.2,8251.0,0.0,11308.2,102929.0,4,4.0,4,16,16.0,16,4,16,2.87,72.03
63,1,,,,,,,100,66,68,18,102.1,2730,10801,38,0,40.6,32.8;32.0;60.7;56.9;37.0;40.9;80.3;84.1;74.3;76.7;92.6;79.3;24.9;25.1;13.7;14.7;22.8;22.6;12.6;12.1;20.0;21.2;19.1;18.3,33.31,0.08,0.0,0.06,14.187,0.0,14453.0,8837.0,4,16,,,,,,,,,,,,,,,,,,,,,,,,,,,,,,,,,,,,,,,,,,,,,,,,,,,,,,,,,,,,,
63,2,,,,,,,98,75,71,20,239.4,2730,10801,39,0,19.9,9.0;3.4;22.8;16.3;8.3;5.4;84.9;84.4;50.8;54.2;91.6;24.3;4.4;2.4;1.0;0.7;1.9;2.7;1.4;1.0;1.7;1.0;1.0;2.4,33.2,0.08,0.0,3.6,14.187,0.0,341.0,0.0,4,16,,,,,,,,,,,,,,,,,,,,,,,,,,,,,,,,,,,,,,,,,,,,,,,,,,,,,,,,,,,,,
63,3,,,,,,,100,79,69,15,239.3,2730,10801,38,0,18.6,6.9;2.9;24.1;14.2;4.8;4.6;86.5;59.6;55.2;42.2;92.0;43.9;1.9;2.4;0.3;0.0;1.4;0.9;0.2;0.0;0.7;0.9;1.0;0.3,33.18,0.08,0.0,3.02,14.187,0.0,2148.0,0.0,4,16,,,,,,,,,,,,,,,,,,,,,,,,,,,,,,,,,,,,,,,,,,,,,,,,,,,,,,,,,,,,,
63,4,,,,,,,100,79,69,15,239.9,2730,10801,38,0,17.9,6.5;2.2;18.3;11.0;4.3;2.6;88.6;74.1;46.7;53.0;90.9;28.7;1.2;0.7;0.0;0.0;0.2;0.3;0.0;0.0;0.2;0.0;0.0;0.7,33.2,0.08,0.01,2.18,14.187,0.0,1123.0,1416.0,4,16,,,,,,,,,,,,,,,,,,,,,,,,,,,,,,,,,,,,,,,,,,,,,,,,,,,,,,,,,,,,,
63,5,,,,,,,100,54,69,21,239.6,2730,10801,38,0,18.1,4.6;0.7;20.6;12.1;3.2;3.8;86.0;79.3;42.4;59.5;84.8;33.7;1.7;1.5;0.3;0.3;0.3;0.3;0.0;0.2;0.0;0.0;0.0;0.0,33.15,0.08,0.0,1.58,14.187,0.0,390.0,0.0,4,16,,,,,,,,,,,,,,,,,,,,,,,,,,,,,,,,,,,,,,,,,,,,,,,,,,,,,,,,,,,,,
63,6,,,,,,,98,76,70,16,239.5,2730,10801,39,0,18.0,4.1;1.4;19.4;10.2;4.4;3.9;79.1;72.8;34.7;63.7;79.1;53.3;1.5;1.0;0.0;0.5;0.5;0.5;0.0;0.0;0.2;0.7;0.3;1.2,33.14,0.08,0.0,2.19,14.187,0.0,1123.0,1513.0,4,16,,,,,,,,,,,,,,,,,,,,,,,,,,,,,,,,,,,,,,,,,,,,,,,,,,,,,,,,,,,,,
63,7,,,,,,,100,78,70,19,240.0,2730,10801,39,0,19.0,7.7;2.7;12.8;19.4;4.8;6.0;83.0;74.5;43.7;60.6;84.2;43.4;2.7;2.1;0.2;0.3;2.4;0.5;0.3;0.3;0.7;0.5;1.2;2.9,33.13,0.08,0.0,0.05,14.187,0.0,1123.0,1855.0,4,16,,,,,,,,,,,,,,,,,,,,,,,,,,,,,,,,,,,,,,,,,,,,,,,,,,,,,,,,,,,,,
63,8,,,,,,,100,80,68,14,240.6,2730,10801,39,0,15.6,6.9;3.4;13.4;8.4;4.8;5.0;63.5;57.8;29.5;42.4;91.5;38.4;1.9;2.4;0.3;0.2;1.5;1.2;0.0;0.2;0.7;0.9;0.2;0.9,33.12,0.08,0.0,0.03,14.187,0.0,1367.0,1806.0,4,16,,,,,,,,,,,,,,,,,,,,,,,,,,,,,,,,,,,,,,,,,,,,,,,,,,,,,,,,,,,,,
63,9,,,,,,,100,58,71,12,240.9,2730,10801,39,0,10.2,5.1;0.9;1.5;5.3;0.7;2.1;42.8;58.7;11.3;11.9;99.1;2.2;0.3;0.5;0.0;0.0;0.2;0.3;0.2;0.0;0.2;0.0;0.2;0.3,33.13,0.08,0.0,0.07,14.187,0.0,1123.0,1513.0,4,16,,,,,,,,,,,,,,,,,,,,,,,,,,,,,,,,,,,,,,,,,,,,,,,,,,,,,,,,,,,,,
63,10,,,,,,,100,56,68,17,240.9,2730,10801,39,0,13.1,3.6;7.1;10.7;13.8;14.3;0.0;14.3;75.9;13.8;51.7;96.6;0.0;7.1;0.0;0.0;0.0;0.0;0.0;0.0;0.0;0.0;0.0;0.0;0.0,33.17,0.08,0.0,0.15,14.19,0.0,0.0,1708.0,4,16,,,,,,,,,,,,,,,,,,,,,,,,,,,,,,,,,,,,,,,,,,,,,,,,,,,,,,,,,,,,,
63,summary,0.30312815111412483,0.9954024611292775,0.2834404186407725,0.9996666666666667,0.00100000,88.3,,,,,,,,,,,,,,,,,,,,,,98,99.6,100,54,70.1,80,68,69.3,71,12,16.7,21,102.1,226.22,240.9,2730.0,10801.0,38.6,0,10.2,19.1,40.6,33.12,33.17,33.31,63.16,0.08,0.08,0.08,18.03,0.0,0.0,0.01,0.03,1.29,3.6,11.269,15.584,14.187,14.19,14.19,15.992,0.0,0.0,0.0,0.0,2319.1,14453.0,0.0,1864.8,8837.0,4,4.0,4,16,16.0,16,4,16,3.04,72.05
64,1,,,,,,,39,30,65,22,67.2,2745,10801,39,0,40.9,31.7;33.2;59.0;65.5;41.6;45.0;92.0;69.5;78.5;76.8;93.6;67.3;24.4;27.1;13.2;14.5;22.0;24.0;9.6;11.7;21.6;22.4;17.1;19.4,33.12,0.08,0.02,0.16,14.187,0.0,1318.0,7763.0,4,16,,,,,,,,,,,,,,,,,,,,,,,,,,,,,,,,,,,,,,,,,,,,,,,,,,,,,,,,,,,,,
64,2,,,,,,,100,65,71,13,240.2,2730,10801,39,0,21.2,6.8;5.6;19.8;21.3;6.5;9.7;91.9;91.1;51.1;57.8;97.6;14.3;3.9;4.4;2.2;1.9;2.7;3.2;2.4;1.9;2.7;3.2;2.0;3.1,33.26,0.08,0.0,3.62,14.187,0.0,341.0,0.0,4,16,,,,,,,,,,,,,,,,,,,,,,,,,,,,,,,,,,,,,,,,,,,,,,,,,,,,,,,,,,,,,
64,3,,,,,,,100,54,69,15,240.3,2730,10801,38,0,18.7,5.7;1.4;21.2;9.0;2.9;4.6;63.4;83.9;54.3;51.7;88.7;48.9;2.4;2.9;0.7;0.5;1.0;0.9;0.0;0.9;1.0;0.7;0.7;1.9,33.18,0.08,0.0,2.99,14.187,0.0,341.0,1660.0,4,16,,,,,,,,,,,,,,,,,,,,,,,,,,,,,,,,,,,,,,,,,,,,,,,,,,,,,,,,,,,,,
64,4,,,,,,,100,57,72,15,241.3,2730,10801,39,0,18.7,5.9;3.1;22.0;11.9;5.8;3.9;93.3;81.0;49.8;53.0;93.9;19.3;1.7;1.0;0.2;0.2;0.2;0.7;0.0;0.2;0.2;0.7;0.9;0.7,33.17,0.08,0.0,2.2,14.187,0.0,927.0,1464.0,4,16,,,,,,,,,,,,,,,,,,,,,,,,,,,,,,,,,,,,,,,,,,,,,,,,,,,,,,,,,,,,,
64,5,,,,,,,98,75,73,13,240.6,2730,10801,38,0,18.4,5.8;2.2;17.4;10.2;5.0;5.1;51.3;76.6;43.8;54.9;89.4;68.5;1.4;2.7;1.0;0.5;1.5;0.5;0.5;0.5;1.0;0.2;0.7;1.5,33.17,0.08,0.0,1.39,14.187,0.0,1416.0,0.0,4,16,,,,,,,,,,,,,,,,,,,,,,,,,,,,,,,,,,,,,,,,,,,,,,,,,,,,,,,,,,,,,
64,6,,,,,,,100,88,68,15,240.5,2730,10801,39,0,18.2,5.7;1.9;28.5;12.0;4.3;2.6;64.0;88.5;39.9;57.7;83.4;42.7;1.5;0.3;0.0;0.2;0.2;0.5;0.0;0.2;0.3;0.3;0.0;0.7,33.14,0.08,0.0,2.43,14.187,0.0,1464.0,439.0,4,16,,,,,,,,,,,,,,,,,,,,,,,,,,,,,,,,,,,,,,,,,,,,,,,,,,,,,,,,,,,,,
64,7,,,,,,,100,84,70,14,238.6,2730,10801,38,0,17.9,4.7;0.5;22.2;6.3;2.9;3.1;74.9;58.4;49.8;50.0;89.7;62.2;1.5;1.2;0.2;0.0;0.3;0.3;0.0;0.0;0.3;0.2;0.0;0.0,33.15,0.08,0.0,0.07,14.187,0.0,0.0,1562.0,4,16,,,,,,,,,,,,,,,,,,,,,,,,,,,,,,,,,,,,,,,,,,,,,,,,,,,,,,,,,,,,,
64,8,,,,,,,100,55,70,12,240.7,2730,10801,38,0,15.9,5.6;2.7;17.1;9.4;5.3;5.1;64.0;80.8;37.0;32.6;82.0;28.5;1.5;2.4;0.3;0.3;1.2;0.7;0.2;0.5;1.9;0.9;1.2;1.0,33.15,0.08,0.01,0.06,14.187,0.0,878.0,1562.0,4,16,,,,,,,,,,,,,,,,,,,,,,,,,,,,,,,,,,,,,,,,,,,,,,,,,,,,,,,,,,,,,
64,9,,,,,,,100,69,70,15,241.1,2730,10801,39,0,10.7,2.4;2.1;2.9;3.3;2.4;1.9;71.0;32.8;13.0;15.0;74.8;26.0;1.5;1.0;0.0;0.5;0.3;0.3;0.7;0.2;0.2;0.0;1.2;3.6,33.16,0.08,0.0,0.1,14.187,0.0,1123.0,1513.0,4,16,,,,,,,,,,,,,,,,,,,,,,,,,,,,,,,,,,,,,,,,,,,,,,,,,,,,,,,,,,,,,
64,10,,,,,,,100,71,66,15,241.1,2730,10801,39,0,15.5,16.7;3.6;10.3;24.1;6.9;10.3;27.6;67.9;34.5;41.4;100.0;7.1;10.7;3.6;0.0;0.0;3.6;0.0;0.0;0.0;0.0;0.0;0.0;0.0,33.19,0.08,0.0,0.0,14.19,0.0,244.0,11132.0,4,16,,,,,,,,,,,,,,,,,,,,,,,,,,,,,,,,,,,,,,,,,,,,,,,,,,,,,,,,,,,,,
64,summary,0.3031762187906591,0.9953273156202465,0.2834023807048798,0.9996666666666667,0.00100000,88.3,,,,,,,,,,,,,,,,,,,,,,39,93.7,100,30,64.8,88,65,69.4,73,12,14.9,22,67.2,223.16,241.3,2731.5,10801.0,38.6,0,10.7,19.61,40.9,33.12,33.17,33.26,63.16,0.08,0.08,0.08,18.03,0.0,0.0,0.02,0.0,1.3,3.62,11.269,15.584,14.187,14.19,14.19,15.992,0.0,0.0,0.0,0.0,805.2,1464.0,0.0,2709.5,11132.0,4,4.0,4,16,16.0,16,4,16,2.81,72.05
65,1,,,,,,,100,90,65,21,113.7,2730,10801,38,0,38.9,31.8;30.0;62.0;58.0;39.5;36.0;83.1;90.2;76.4;68.9;97.6;58.1;23.3;25.2;11.0;12.1;19.9;21.2;8.3;9.2;18.7;20.1;16.4;15.9,33.02,0.08,0.0,0.07,14.187,0.0,537.0,0.0,4,16,,,,,,,,,,,,,,,,,,,,,,,,,,,,,,,,,,,,,,,,,,,,,,,,,,,,,,,,,,,,,
65,2,,,,,,,100,49,69,15,239.2,2730,10801,38,0,22.4,8.3;7.2;19.0;24.6;7.9;10.3;78.9;86.1;51.1;59.3;95.2;36.7;5.7;6.5;4.5;3.8;4.3;5.3;2.9;3.8;3.8;4.3;4.3;4.3,33.25,0.08,0.0,3.62,14.187,0.0,1416.0,1367.0,4,16,,,,,,,,,,,,,,,,,,,,,,,,,,,,,,,,,,,,,,,,,,,,,,,,,,,,,,,,,,,,,
65,3,,,,,,,98,76,70,18,239.8,2730,10801,38,0,18.1,4.2;3.3;14.7;14.2;2.7;4.6;69.2;53.4;49.6;50.3;93.3;64.3;1.5;2.1;0.5;0.0;0.5;0.9;0.5;0.0;0.9;0.2;0.7;1.5,33.21,0.08,0.0,3.05,14.187,0.0,1123.0,1416.0,4,16,,,,,,,,,,,,,,,,,,,,,,,,,,,,,,,,,,,,,,,,,,,,,,,,,,,,,,,,,,,,,
65,4,,,,,,,100,84,69,14,239.6,2730,10801,38,0,18.4,5.2;2.4;18.3;7.4;4.6;3.8;69.6;57.6;46.3;54.5;89.1;72.3;2.1;2.4;0.3;0.3;0.5;1.7;0.5;0.2;0.9;0.2;0.9;1.5,33.17,0.08,0.0,2.15,14.187,0.0,341.0,2197.0,4,16,,,,,,,,,,,,,,,,,,,,,,,,,,,,,,,,,,,,,,,,,,,,,,,,,,,,,,,,,,,,,
65,5,,,,,,,100,87,68,17,239.9,2730,10801,38,0,18.4,5.9;2.7;21.1;6.8;5.1;4.1;83.8;83.4;41.9;58.2;91.8;27.1;1.9;2.4;0.3;0.5;0.3;0.7;0.0;0.2;0.5;0.9;0.7;1.7,33.16,0.08,0.0,1.35,14.187,0.0,1123.0,1464.0,4,16,,,,,,,,,,,,,,,,,,,,,,,,,,,,,,,,,,,,,,,,,,,,,,,,,,,,,,,,,,,,,
65,6,,,,,,,100,57,71,14,240.4,2730,10801,38,0,19.4,7.6;3.8;20.1;15.4;7.7;6.5;76.3;53.1;42.6;57.5;89.4;66.4;3.2;3.1;0.7;1.0;1.5;1.9;0.5;0.9;1.4;0.7;1.2;2.9,33.14,0.08,0.0,2.39,14.187,0.0,537.0,6787.0,4,16,,,,,,,,,,,,,,,,,,,,,,,,,,,,,,,,,,,,,,,,,,,,,,,,,,,,,,,,,,,,,
65,7,,,,,,,98,75,69,15,240.1,2730,10801,38,0,17.6,3.4;1.9;18.2;8.7;4.4;1.7;76.1;84.8;43.0;52.4;93.0;32.1;0.7;1.0;0.0;0.0;0.2;0.2;0.0;0.0;0.2;0.2;0.0;0.2,33.18,0.08,0.01,0.1,14.187,0.0,341.0,1513.0,4,16,,,,,,,,,,,,,,,,,,,,,,,,,,,,,,,,,,,,,,,,,,,,,,,,,,,,,,,,,,,,,
65,8,,,,,,,100,75,69,21,240.3,2730,10801,38,0,14.8,3.1;1.2;8.9;8.4;3.1;3.6;69.3;63.2;35.6;37.7;93.0;24.1;0.7;1.5;0.2;0.3;0.2;0.3;0.3;0.3;0.3;0.3;0.2;0.5,33.14,0.08,0.0,0.05,14.187,0.0,2392.0,146.0,4,16,,,,,,,,,,,,,,,,,,,,,,,,,,,,,,,,,,,,,,,,,,,,,,,,,,,,,,,,,,,,,
65,9,,,,,,,100,78,70,15,240.7,2730,10801,38,0,11.3,4.9;2.6;4.5;7.4;2.7;2.7;41.6;61.0;12.1;14.2;55.0;49.8;2.7;0.9;0.0;0.3;1.2;1.5;0.2;0.2;0.5;0.3;1.0;4.0,33.15,0.08,0.0,0.06,14.187,0.0,0.0,1757.0,4,16,,,,,,,,,,,,,,,,,,,,,,,,,,,,,,,,,,,,,,,,,,,,,,,,,,,,,,,,,,,,,
65,10,,,,,,,100,81,64,16,240.7,2730,10801,38,0,14.9,17.2;3.4;13.3;20.7;10.3;10.3;6.9;96.7;17.2;50.0;20.0;60.0;6.9;13.3;0.0;0.0;3.4;0.0;0.0;0.0;0.0;0.0;0.0;0.0,33.18,0.08,0.0,0.03,14.19,0.0,537.0,97.0,4,16,,,,,,,,,,,,,,,,,,,,,,,,,,,,,,,,,,,,,,,,,,,,,,,,,,,,,,,,,,,,,
65,summary,0.3032328260080969,0.9953273156202465,0.2833977222442627,0.9996666666666667,0.00100000,88.2,,,,,,,,,,,,,,,,,,,,,,98,99.6,100,49,75.2,90,64,68.4,71,14,16.6,21,113.7,227.44,240.7,2730.0,10801.0,38.0,0,11.3,19.42,38.9,33.02,33.16,33.25,63.16,0.08,0.08,0.08,18.03,0.0,0.0,0.01,0.03,1.29,3.62,11.269,15.584,14.187,14.19,14.19,15.992,0.0,0.0,0.0,0.0,834.7,2392.0,0.0,1674.4,6787.0,4,4.0,4,16,16.0,16,4,16,2.72,72.04
66,1,,,,,,,0,0,63,16,65.8,2745,10801,38,0,39.3,29.3;30.3;60.1;56.8;35.7;36.2;86.9;91.4;64.4;74.9;95.5;68.7;23.9;25.5;11.7;13.3;22.8;23.1;8.8;9.6;20.0;21.0;18.6;16.0,33.03,0.08,0.0,0.06,14.187,0.0,341.0,1416.0,4,16,,,,,,,,,,,,,,,,,,,,,,,,,,,,,,,,,,,,,,,,,,,,,,,,,,,,,,,,,,,,,
66,2,,,,,,,100,57,70,15,239.7,2730,10801,38,0,22.0,8.1;6.3;23.7;21.6;8.2;10.4;88.6;61.8;32.2;71.7;89.2;58.2;5.7;5.5;3.1;3.1;3.8;3.8;3.4;2.2;4.3;4.5;3.6;4.4,33.23,0.08,0.0,3.58,14.187,0.0,1123.0,1416.0,4,16,,,,,,,,,,,,,,,,,,,,,,,,,,,,,,,,,,,,,,,,,,,,,,,,,,,,,,,,,,,,,
66,3,,,,,,,100,58,69,15,239.6,2730,10801,38,0,19.1,7.1;4.3;14.7;19.9;5.8;6.7;59.4;74.5;45.6;56.0;88.9;66.5;1.5;2.4;0.2;0.5;0.7;0.3;0.3;0.0;1.4;0.7;0.3;0.7,33.2,0.08,0.0,3.04,14.187,0.0,585.0,11767.0,4,16,,,,,,,,,,,,,,,,,,,,,,,,,,,,,,,,,,,,,,,,,,,,,,,,,,,,,,,,,,,,,
66,4,,,,,,,100,74,72,14,240.1,2730,10801,38,0,19.0,5.9;3.4;15.4;18.7;5.3;6.8;56.4;71.8;56.7;43.7;91.5;70.0;2.6;1.5;0.7;0.7;0.5;1.2;0.0;0.3;0.5;0.5;0.2;1.9,33.19,0.08,0.0,2.15,14.187,0.0,32910.0,1611.0,4,16,,,,,,,,,,,,,,,,,,,,,,,,,,,,,,,,,,,,,,,,,,,,,,,,,,,,,,,,,,,,,
66,5,,,,,,,100,88,72,14,240.0,2730,10801,38,0,17.9,6.7;1.4;17.4;8.9;2.6;2.9;67.2;84.5;39.0;58.7;92.6;43.9;0.7;0.2;0.0;0.0;0.5;0.7;0.0;0.0;0.5;0.2;0.0;1.0,33.19,0.08,0.0,1.38,14.187,0.0,12451.0,1416.0,4,16,,,,,,,,,,,,,,,,,,,,,,,,,,,,,,,,,,,,,,,,,,,,,,,,,,,,,,,,,,,,,
66,6,,,,,,,100,62,68,15,240.3,2730,10801,38,0,18.5,5.5;3.4;19.2;8.0;6.6;3.6;79.0;93.5;49.2;51.2;91.1;20.0;2.2;2.2;1.2;0.9;0.9;0.7;0.9;0.9;1.0;1.0;0.7;2.0,33.15,0.08,0.0,2.43,14.187,0.0,4638.0,48.0,4,16,,,,,,,,,,,,,,,,,,,,,,,,,,,,,,,,,,,,,,,,,,,,,,,,,,,,,,,,,,,,,
66,7,,,,,,,100,56,69,15,239.7,2730,10801,38,0,18.5,6.1;2.9;17.1;11.1;5.3;3.4;93.2;74.4;45.7;53.0;87.3;34.5;1.7;1.7;0.7;0.0;1.2;0.9;0.3;0.0;1.0;0.5;0.7;1.2,33.19,0.08,0.0,0.06,14.187,0.0,585.0,0.0,4,16,,,,,,,,,,,,,,,,,,,,,,,,,,,,,,,,,,,,,,,,,,,,,,,,,,,,,,,,,,,,,
66,8,,,,,,,98,74,71,17,241.3,2730,10801,38,0,15.1,5.9;1.9;13.2;7.9;3.4;3.9;54.9;96.7;24.5;43.1;97.4;2.7;0.9;1.4;0.2;0.2;0.9;0.9;0.0;0.2;0.3;0.5;0.3;1.4,33.14,0.08,0.0,0.08,14.187,0.0,781.0,2978.0,4,16,,,,,,,,,,,,,,,,,,,,,,,,,,,,,,,,,,,,,,,,,,,,,,,,,,,,,,,,,,,,,
66,9,,,,,,,100,87,68,13,240.4,2730,10801,38,0,10.1,4.4;0.7;4.9;1.4;1.0;0.3;20.2;81.4;16.3;9.6;96.4;4.3;0.5;0.0;0.0;0.0;0.2;0.2;0.0;0.0;0.0;0.2;0.0;0.3,33.15,0.08,0.0,0.05,14.187,0.0,244.0,1464.0,4,16,,,,,,,,,,,,,,,,,,,,,,,,,,,,,,,,,,,,,,,,,,,,,,,,,,,,,,,,,,,,,
66,10,,,,,,,1,0,62,19,240.4,2730,10801,38,0,12.1,6.9;3.4;13.8;10.3;6.9;10.3;65.5;13.8;10.3;44.8;100.0;0.0;3.4;0.0;0.0;0.0;0.0;0.0;0.0;0.0;0.0;0.0;0.0;0.0,33.18,0.08,0.0,0.08,14.19,0.0,195.0,1367.0,4,16,,,,,,,,,,,,,,,,,,,,,,,,,,,,,,,,,,,,,,,,,,,,,,,,,,,,,,,,,,,,,
66,summary,0.30286930756344493,0.9953591955331688,0.28335774755477905,0.9996666666666667,0.00100000,88.2,,,,,,,,,,,,,,,,,,,,,,0,79.9,100,0,55.6,88,62,68.4,72,13,15.3,19,65.8,222.73,241.3,2731.5,10801.0,38.0,0,10.1,19.16,39.3,33.03,33.16,33.23,63.16,0.08,0.08,0.08,18.03,0.0,0.0,0.0,0.05,1.29,3.58,11.269,15.584,14.187,14.19,14.19,15.992,0.0,0.0,0.0,195.0,5385.3,32910.0,0.0,2348.3,11767.0,4,4.0,4,16,16.0,16,4,16,2.74,72.05
67,1,,,,,,,0,0,58,17,59.8,2745,10801,39,0,40.0,32.0;31.6;60.0;65.6;37.1;38.2;86.5;67.7;75.5;76.7;96.0;76.5;24.0;26.7;11.9;13.5;21.5;22.2;10.2;8.5;21.1;21.3;17.4;17.2,33.23,0.08,0.0,0.05,14.187,0.0,683.0,1708.0,4,16,,,,,,,,,,,,,,,,,,,,,,,,,,,,,,,,,,,,,,,,,,,,,,,,,,,,,,,,,,,,,
67,2,,,,,,,100,57,68,16,239.2,2730,10801,38,0,20.4,6.6;3.9;17.5;21.1;5.1;7.9;81.3;88.5;49.5;57.7;94.0;27.1;5.1;4.5;1.7;1.7;1.9;2.2;1.5;1.7;1.7;2.2;2.7;3.1,33.23,0.08,0.0,3.61,14.187,0.0,1464.0,195.0,4,16,,,,,,,,,,,,,,,,,,,,,,,,,,,,,,,,,,,,,,,,,,,,,,,,,,,,,,,,,,,,,
67,3,,,,,,,100,75,70,21,239.7,2730,10801,38,0,18.3,3.9;3.2;11.1;19.8;4.4;6.2;86.0;59.7;46.2;52.0;90.1;49.1;1.2;2.2;0.5;0.2;0.5;0.5;0.2;0.0;0.5;0.5;0.7;1.5,33.19,0.08,0.0,3.03,14.187,0.0,634.0,8007.0,4,16,,,,,,,,,,,,,,,,,,,,,,,,,,,,,,,,,,,,,,,,,,,,,,,,,,,,,,,,,,,,,
67,4,,,,,,,98,77,66,16,239.4,2730,10801,38,0,19.2,8.8;3.7;13.4;19.4;7.2;6.4;87.9;63.8;46.8;57.4;94.7;35.3;3.1;3.1;0.7;0.5;1.0;1.5;1.0;0.2;1.0;1.2;1.4;1.5,33.19,0.08,0.0,2.15,14.187,0.0,56738.0,14404.0,4,16,,,,,,,,,,,,,,,,,,,,,,,,,,,,,,,,,,,,,,,,,,,,,,,,,,,,,,,,,,,,,
67,5,,,,,,,56,47,69,15,232.3,2730,10801,38,0,20.1,8.5;4.3;19.8;22.4;6.1;6.5;63.5;93.7;46.8;58.0;92.0;41.7;2.4;3.2;0.5;0.7;2.6;1.4;1.2;0.3;1.2;0.9;1.5;2.2,33.19,0.08,0.02,1.55,14.187,0.0,585.0,0.0,4,16,,,,,,,,,,,,,,,,,,,,,,,,,,,,,,,,,,,,,,,,,,,,,,,,,,,,,,,,,,,,,
67,6,,,,,,,100,61,71,20,239.8,2730,10801,38,0,18.7,5.7;3.2;19.1;11.0;4.8;4.4;64.0;82.2;44.4;58.9;96.8;46.6;1.7;1.2;0.2;0.2;0.7;0.7;0.0;0.0;0.2;0.7;0.2;1.0,33.16,0.08,0.0,2.45,14.187,0.0,1220.0,1660.0,4,16,,,,,,,,,,,,,,,,,,,,,,,,,,,,,,,,,,,,,,,,,,,,,,,,,,,,,,,,,,,,,
67,7,,,,,,,100,68,69,15,240.3,2730,10801,38,0,18.6,6.4;3.6;21.3;11.2;5.8;3.1;70.1;50.7;48.2;47.9;93.2;75.5;2.2;1.5;0.7;0.0;0.9;0.3;0.2;0.2;0.9;0.7;0.2;1.7,33.15,0.08,0.0,0.07,14.187,0.0,1025.0,48.0,4,16,,,,,,,,,,,,,,,,,,,,,,,,,,,,,,,,,,,,,,,,,,,,,,,,,,,,,,,,,,,,,
67,8,,,,,,,100,85,70,18,239.6,2730,10801,38,0,14.8,4.9;1.2;11.5;3.4;3.8;2.1;69.9;51.6;31.3;38.6;95.6;37.0;0.5;1.4;0.0;0.0;0.3;0.0;0.0;0.2;0.5;0.0;0.3;1.2,33.15,0.08,0.0,0.07,14.187,0.0,537.0,146.0,4,16,,,,,,,,,,,,,,,,,,,,,,,,,,,,,,,,,,,,,,,,,,,,,,,,,,,,,,,,,,,,,
67,9,,,,,,,100,61,72,15,241.0,2730,10801,38,0,10.4,4.4;0.5;5.3;1.7;2.6;1.2;50.1;52.5;16.7;12.0;89.2;10.1;0.5;0.2;0.0;0.3;0.0;0.2;0.0;0.2;0.5;0.3;0.7;1.0,33.15,0.08,0.0,0.04,14.187,0.0,585.0,48.0,4,16,,,,,,,,,,,,,,,,,,,,,,,,,,,,,,,,,,,,,,,,,,,,,,,,,,,,,,,,,,,,,
67,10,,,,,,,72,57,69,14,236.1,2730,10801,38,0,13.7,10.3;0.0;17.9;10.7;7.1;7.1;21.4;67.9;25.0;57.1;7.1;92.9;0.0;0.0;0.0;0.0;0.0;3.6;0.0;0.0;0.0;0.0;0.0;0.0,33.19,0.08,0.0,0.01,14.19,0.0,2490.0,7910.0,4,16,,,,,,,,,,,,,,,,,,,,,,,,,,,,,,,,,,,,,,,,,,,,,,,,,,,,,,,,,,,,,
67,summary,0.3031265957967556,0.9952134587883812,0.28333770338694253,0.9996666666666667,0.00100000,88.3,,,,,,,,,,,,,,,,,,,,,,0,82.6,100,0,58.8,85,58,68.2,72,14,16.7,21,59.8,220.72,241.0,2731.5,10801.0,38.1,0,10.4,19.42,40.0,33.15,33.18,33.23,63.16,0.08,0.08,0.08,18.03,0.0,0.0,0.02,0.01,1.3,3.61,11.269,15.584,14.187,14.19,14.19,15.992,0.0,0.0,0.0,537.0,6596.1,56738.0,0.0,3412.6,14404.0,4,4.0,4,16,16.0,16,4,16,3.0,72.04
68,1,,,,,,,48,40,59,16,70.5,2745,10801,38,0,40.1,33.9;29.3;58.7;67.1;42.9;34.1;89.1;93.2;72.8;67.1;93.2;60.1;25.7;25.0;14.6;14.2;22.1;21.9;10.7;10.9;20.1;20.7;17.4;17.3,33.18,0.08,0.0,0.04,14.187,0.0,1416.0,5126.0,4,16,,,,,,,,,,,,,,,,,,,,,,,,,,,,,,,,,,,,,,,,,,,,,,,,,,,,,,,,,,,,,
68,2,,,,,,,100,70,68,20,239.1,2730,10801,38,0,21.3,8.4;4.8;17.1;19.3;8.2;6.8;77.6;67.9;56.7;47.1;88.8;71.2;4.1;5.0;2.6;2.2;3.8;3.8;2.1;2.6;3.2;3.2;2.4;2.7,33.26,0.08,0.0,3.63,14.187,0.0,20263.0,15869.0,4,16,,,,,,,,,,,,,,,,,,,,,,,,,,,,,,,,,,,,,,,,,,,,,,,,,,,,,,,,,,,,,
68,3,,,,,,,100,78,71,16,239.0,2730,10801,38,0,18.3,4.7;1.5;14.4;16.2;3.9;3.2;86.9;60.4;54.7;45.9;85.7;54.6;1.5;2.2;0.0;0.0;0.0;0.2;0.2;0.2;0.3;0.3;0.3;0.7,33.22,0.08,0.0,3.05,14.187,0.0,46679.0,1562.0,4,16,,,,,,,,,,,,,,,,,,,,,,,,,,,,,,,,,,,,,,,,,,,,,,,,,,,,,,,,,,,,,
68,4,,,,,,,100,64,68,16,240.6,2730,10801,38,0,18.1,6.1;3.2;15.4;13.7;3.6;4.3;83.2;82.6;43.5;54.9;92.2;25.9;0.9;1.4;0.3;0.2;0.7;0.3;0.2;0.2;0.3;0.2;0.2;0.9,33.2,0.08,0.0,2.15,14.187,0.0,292.0,390.0,4,16,,,,,,,,,,,,,,,,,,,,,,,,,,,,,,,,,,,,,,,,,,,,,,,,,,,,,,,,,,,,,
68,5,,,,,,,98,79,68,14,238.2,2730,10801,38,0,18.2,5.8;2.6;16.6;12.5;5.8;3.6;80.0;72.9;44.7;54.9;86.8;44.9;0.7;1.9;0.2;0.2;0.5;0.0;0.3;0.0;0.2;0.2;0.3;0.3,33.18,0.08,0.0,1.39,14.187,0.0,976.0,1562.0,4,16,,,,,,,,,,,,,,,,,,,,,,,,,,,,,,,,,,,,,,,,,,,,,,,,,,,,,,,,,,,,,
68,6,,,,,,,100,65,71,15,239.9,2730,10801,38,0,18.1,6.1;3.8;10.8;17.1;5.0;3.1;81.0;78.8;37.0;60.8;93.2;28.6;1.7;2.2;0.0;0.0;0.3;0.9;0.3;0.2;0.5;0.3;0.9;1.4,33.16,0.08,0.0,2.4,14.187,0.0,1123.0,1367.0,4,16,,,,,,,,,,,,,,,,,,,,,,,,,,,,,,,,,,,,,,,,,,,,,,,,,,,,,,,,,,,,,
68,7,,,,,,,100,72,69,13,239.1,2730,10801,39,0,18.5,5.2;2.6;19.9;12.4;5.3;2.6;95.2;83.1;44.6;55.3;91.8;16.6;2.2;2.2;0.2;0.2;1.2;1.0;0.0;0.2;0.2;0.2;0.3;1.0,33.17,0.08,0.0,0.06,14.187,0.0,292.0,0.0,4,16,,,,,,,,,,,,,,,,,,,,,,,,,,,,,,,,,,,,,,,,,,,,,,,,,,,,,,,,,,,,,
68,8,,,,,,,100,69,72,13,240.2,2730,10801,38,0,15.1,5.3;0.9;14.0;10.0;3.6;1.5;65.1;58.1;30.0;39.9;63.7;63.2;0.7;0.9;0.3;0.3;0.7;0.9;0.0;0.2;0.9;0.3;0.3;0.9,33.16,0.08,0.0,0.09,14.187,0.0,341.0,1757.0,4,16,,,,,,,,,,,,,,,,,,,,,,,,,,,,,,,,,,,,,,,,,,,,,,,,,,,,,,,,,,,,,
68,9,,,,,,,98,76,70,13,241.4,2730,10801,38,0,10.7,4.2;1.5;4.8;2.6;2.6;1.7;41.7;59.1;16.1;13.7;56.6;46.2;0.9;0.9;0.2;0.2;0.0;0.7;0.7;0.2;0.3;0.2;0.0;0.7,33.15,0.08,0.0,0.1,14.187,0.0,341.0,1660.0,4,16,,,,,,,,,,,,,,,,,,,,,,,,,,,,,,,,,,,,,,,,,,,,,,,,,,,,,,,,,,,,,
68,10,,,,,,,10,7,67,20,241.4,2730,10801,38,0,12.9,0.0;0.0;14.3;10.7;17.9;3.6;0.0;100.0;21.4;46.4;10.7;85.7;0.0;0.0;0.0;0.0;0.0;0.0;0.0;0.0;0.0;0.0;0.0;0.0,33.18,0.08,0.0,0.01,14.19,0.0,878.0,8496.0,4,16,,,,,,,,,,,,,,,,,,,,,,,,,,,,,,,,,,,,,,,,,,,,,,,,,,,,,,,,,,,,,
68,summary,0.30284911565977957,0.9953045442538734,0.28331208690007526,0.9996666666666667,0.00100000,88.1,,,,,,,,,,,,,,,,,,,,,,10,85.4,100,7,62.0,79,59,68.3,72,13,15.6,20,70.5,222.94,241.4,2731.5,10801.0,38.1,0,10.7,19.13,40.1,33.15,33.19,33.26,63.16,0.08,0.08,0.08,18.03,0.0,0.0,0.0,0.01,1.29,3.63,11.269,15.584,14.187,14.19,14.19,15.992,0.0,0.0,0.0,292.0,7260.1,46679.0,0.0,3778.9,15869.0,4,4.0,4,16,16.0,16,4,16,2.87,72.04
69,1,,,,,,,100,80,68,17,107.3,2730,10801,38,0,40.9,32.5;31.2;62.5;55.5;44.2;36.4;85.5;93.5;66.3;78.0;95.3;67.1;26.1;25.2;12.8;14.2;24.1;25.1;10.9;10.9;23.0;22.1;18.9;19.5,33.1,0.08,0.0,0.05,14.187,0.0,0.0,1464.0,4,16,,,,,,,,,,,,,,,,,,,,,,,,,,,,,,,,,,,,,,,,,,,,,,,,,,,,,,,,,,,,,
69,2,,,,,,,100,62,72,14,239.7,2730,10801,38,0,22.2,10.6;7.0;25.1;21.0;10.9;8.2;88.1;62.3;57.4;51.8;89.2;57.4;4.8;6.1;2.7;2.9;3.4;3.9;2.4;2.6;3.6;3.6;3.9;4.3,33.23,0.08,0.01,3.59,14.187,0.0,18408.0,106347.0,4,16,,,,,,,,,,,,,,,,,,,,,,,,,,,,,,,,,,,,,,,,,,,,,,,,,,,,,,,,,,,,,
69,3,,,,,,,98,75,69,15,239.2,2730,10801,38,0,18.4,5.8;2.0;13.4;21.5;2.5;5.1;61.3;45.8;47.4;52.3;95.8;85.9;1.7;0.5;0.0;0.0;0.2;0.5;0.2;0.0;0.0;0.2;0.2;0.0,33.21,0.08,0.0,3.06,14.187,0.0,292.0,1855.0,4,16,,,,,,,,,,,,,,,,,,,,,,,,,,,,,,,,,,,,,,,,,,,,,,,,,,,,,,,,,,,,,
69,4,,,,,,,100,82,67,14,241.9,2730,10801,38,0,18.3,5.4;2.7;12.7;16.3;3.2;4.4;83.3;67.1;45.4;53.7;91.0;45.5;1.7;1.5;0.0;0.3;0.7;1.4;0.0;0.2;0.7;0.7;0.5;1.5,33.19,0.08,0.0,2.11,14.187,0.0,1416.0,97.0,4,16,,,,,,,,,,,,,,,,,,,,,,,,,,,,,,,,,,,,,,,,,,,,,,,,,,,,,,,,,,,,,
69,5,,,,,,,100,51,71,15,240.7,2730,10801,38,0,18.5,3.9;3.9;8.7;19.5;5.6;6.7;71.2;77.0;44.2;55.2;86.9;44.4;3.6;3.1;0.5;0.2;1.4;1.7;0.5;0.5;0.5;0.7;1.2;1.5,33.19,0.08,0.0,1.39,14.187,0.0,47412.0,13427.0,4,16,,,,,,,,,,,,,,,,,,,,,,,,,,,,,,,,,,,,,,,,,,,,,,,,,,,,,,,,,,,,,
69,6,,,,,,,98,80,70,16,240.6,2730,10801,38,0,18.9,3.9;3.4;18.3;23.7;3.9;5.5;90.0;52.1;47.8;49.8;96.6;48.3;1.9;2.2;0.3;0.3;0.9;0.9;0.2;0.2;0.5;0.7;0.7;1.0,33.16,0.08,0.0,2.42,14.187,0.0,1416.0,146.0,4,16,,,,,,,,,,,,,,,,,,,,,,,,,,,,,,,,,,,,,,,,,,,,,,,,,,,,,,,,,,,,,
69,7,,,,,,,100,77,69,19,239.5,2730,10801,38,0,18.9,6.7;3.9;12.0;16.1;4.8;8.7;85.8;64.1;46.2;58.0;86.3;49.5;2.1;3.3;0.0;0.0;1.2;0.9;0.0;0.0;0.5;0.3;0.9;2.2,33.14,0.08,0.0,0.06,14.187,0.0,1416.0,97.0,4,16,,,,,,,,,,,,,,,,,,,,,,,,,,,,,,,,,,,,,,,,,,,,,,,,,,,,,,,,,,,,,
69,8,,,,,,,100,47,71,14,240.9,2730,10801,38,0,15.2,5.4;0.9;8.6;10.4;2.7;3.1;41.6;68.3;32.4;41.4;90.8;51.5;1.5;1.5;0.3;0.0;0.2;0.5;0.0;0.3;0.3;0.3;0.3;1.4,33.15,0.08,0.0,0.08,14.187,0.0,781.0,1367.0,4,16,,,,,,,,,,,,,,,,,,,,,,,,,,,,,,,,,,,,,,,,,,,,,,,,,,,,,,,,,,,,,
69,9,,,,,,,100,57,70,20,240.7,2730,10801,38,0,10.2,4.7;0.9;4.5;3.4;1.7;1.4;23.3;77.0;9.6;12.7;74.2;29.2;0.5;0.7;0.0;0.0;0.2;0.0;0.3;0.0;0.0;0.2;0.0;0.0,33.18,0.08,0.0,0.04,14.214,0.0,585.0,0.0,4,16,,,,,,,,,,,,,,,,,,,,,,,,,,,,,,,,,,,,,,,,,,,,,,,,,,,,,,,,,,,,,
69,10,,,,,,,100,51,70,15,240.7,2730,10801,38,0,13.2,13.3;6.9;24.1;10.3;10.3;3.4;72.4;10.3;13.8;51.7;58.6;34.5;3.4;0.0;0.0;0.0;0.0;3.4;0.0;0.0;0.0;0.0;0.0;0.0,33.22,0.08,0.0,0.04,14.218,0.0,1416.0,97.0,4,16,,,,,,,,,,,,,,,,,,,,,,,,,,,,,,,,,,,,,,,,,,,,,,,,,,,,,,,,,,,,,
69,summary,0.30231147050446017,0.995598294880086,0.2833086938858032,0.9996666666666667,0.00100000,88.1,,,,,,,,,,,,,,,,,,,,,,98,99.6,100,47,66.2,82,67,69.7,72,14,15.9,20,107.3,227.12,241.9,2730.0,10801.0,38.0,0,10.2,19.47,40.9,33.1,33.18,33.23,63.16,0.08,0.08,0.08,18.03,0.0,0.0,0.01,0.04,1.28,3.59,11.269,15.584,14.187,14.19,14.218,15.992,0.0,0.0,0.0,0.0,7314.2,47412.0,0.0,12489.7,106347.0,4,4.0,4,16,16.0,16,4,16,2.94,72.05
70,1,,,,,,,93,71,67,17,76.0,2745,10801,38,0,40.5,33.3;32.7;63.9;61.2;43.9;39.7;67.8;92.5;68.9;76.2;94.7;66.5;26.8;27.6;14.1;13.1;21.1;23.4;11.4;10.0;21.7;21.6;20.4;18.5,33.16,0.08,0.0,0.07,14.214,0.0,585.0,0.0,4,16,,,,,,,,,,,,,,,,,,,,,,,,,,,,,,,,,,,,,,,,,,,,,,,,,,,,,,,,,,,,,
70,2,,,,,,,100,78,67,16,240.2,2730,10801,38,0,21.7,10.2;6.2;25.2;13.0;10.9;8.7;64.7;45.1;52.1;53.8;94.2;92.3;6.3;3.9;1.9;2.6;4.3;4.4;2.4;2.6;3.1;3.4;4.1;4.4,33.29,0.08,0.0,3.6,14.214,0.0,16162.0,15478.0,4,16,,,,,,,,,,,,,,,,,,,,,,,,,,,,,,,,,,,,,,,,,,,,,,,,,,,,,,,,,,,,,
70,3,,,,,,,100,53,69,21,239.2,2730,10801,38,0,18.2,4.8;1.5;17.7;14.7;7.7;3.4;63.2;78.5;43.2;53.7;94.9;44.3;2.2;2.2;0.2;0.2;1.2;0.5;0.2;0.0;0.5;0.0;0.5;1.2,33.23,0.08,0.0,3.01,14.214,0.0,878.0,1513.0,4,16,,,,,,,,,,,,,,,,,,,,,,,,,,,,,,,,,,,,,,,,,,,,,,,,,,,,,,,,,,,,,
70,4,,,,,,,100,77,70,16,239.4,2730,10801,38,0,17.8,4.5;1.7;10.9;14.1;3.1;4.3;65.5;91.1;52.2;49.7;88.7;36.1;1.4;1.4;0.0;0.0;0.2;0.2;0.5;0.2;0.0;0.0;0.0;0.3,33.21,0.08,0.0,2.18,14.214,0.0,1416.0,48.0,4,16,,,,,,,,,,,,,,,,,,,,,,,,,,,,,,,,,,,,,,,,,,,,,,,,,,,,,,,,,,,,,
70,5,,,,,,,100,68,69,16,240.0,2730,10801,38,0,18.2,6.5;3.2;11.3;15.9;3.9;4.1;62.7;80.1;44.0;53.8;80.7;65.3;1.9;0.5;0.2;0.0;0.0;0.3;0.3;0.0;0.0;0.2;0.2;1.0,33.22,0.08,0.0,1.35,14.214,0.0,292.0,97.0,4,16,,,,,,,,,,,,,,,,,,,,,,,,,,,,,,,,,,,,,,,,,,,,,,,,,,,,,,,,,,,,,
70,6,,,,,,,98,78,69,14,238.5,2730,10801,38,0,18.7,4.9;3.2;13.7;19.9;4.4;5.6;64.2;93.7;44.7;52.7;86.2;44.6;2.6;2.2;0.3;0.7;0.9;1.4;0.0;0.2;0.3;0.5;0.5;1.5,33.18,0.08,0.0,2.41,14.214,0.0,1660.0,1416.0,4,16,,,,,,,,,,,,,,,,,,,,,,,,,,,,,,,,,,,,,,,,,,,,,,,,,,,,,,,,,,,,,
70,7,,,,,,,100,61,71,14,240.0,2730,10801,38,0,18.2,4.9;2.9;14.2;17.8;3.8;6.6;69.2;91.1;41.3;52.3;93.2;28.9;1.9;2.4;0.2;0.2;1.4;1.0;0.3;0.7;0.5;0.9;0.5;1.7,33.19,0.08,0.0,0.09,14.214,0.0,341.0,390.0,4,16,,,,,,,,,,,,,,,,,,,,,,,,,,,,,,,,,,,,,,,,,,,,,,,,,,,,,,,,,,,,,
70,8,,,,,,,100,67,69,12,240.5,2730,10801,38,0,14.9,5.7;2.1;7.7;11.3;2.9;3.4;71.2;52.1;18.6;49.8;96.9;31.4;1.2;1.5;0.0;0.0;0.2;0.0;0.0;0.0;0.5;0.3;0.2;1.4,33.19,0.08,0.0,0.06,14.214,0.0,341.0,390.0,4,16,,,,,,,,,,,,,,,,,,,,,,,,,,,,,,,,,,,,,,,,,,,,,,,,,,,,,,,,,,,,,
70,9,,,,,,,100,54,70,14,240.3,2730,10801,38,0,10.1,3.9;0.3;4.1;2.6;1.7;1.5;38.1;62.9;7.4;14.8;68.9;33.2;0.7;0.2;0.0;0.0;0.5;0.3;0.0;0.0;0.0;0.0;0.0;0.0,33.17,0.08,0.0,0.07,14.214,0.0,0.0,1757.0,4,16,,,,,,,,,,,,,,,,,,,,,,,,,,,,,,,,,,,,,,,,,,,,,,,,,,,,,,,,,,,,,
70,10,,,,,,,100,53,69,16,240.3,2730,10801,38,0,12.9,6.9;0.0;24.1;6.9;6.9;3.4;75.9;3.4;20.7;51.7;79.3;24.1;6.9;0.0;0.0;0.0;0.0;0.0;0.0;0.0;0.0;0.0;0.0;0.0,33.21,0.08,0.0,0.03,14.218,0.0,1123.0,2783.0,4,16,,,,,,,,,,,,,,,,,,,,,,,,,,,,,,,,,,,,,,,,,,,,,,,,,,,,,,,,,,,,,
70,summary,0.3025365356970651,0.9954912694581326,0.2832278920014699,0.9996666666666667,0.00100000,88.2,,,,,,,,,,,,,,,,,,,,,,93,99.1,100,53,66.0,78,67,69.0,71,12,15.6,21,76.0,223.44,240.5,2731.5,10801.0,38.0,0,10.1,19.12,40.5,33.16,33.2,33.29,63.16,0.08,0.08,0.08,18.03,0.0,0.0,0.0,0.03,1.29,3.6,11.269,15.584,14.214,14.21,14.218,15.992,0.0,0.0,0.0,0.0,2279.8,16162.0,0.0,2387.2,15478.0,4,4.0,4,16,16.0,16,4,16,2.85,72.05
71,1,,,,,,,100,78,68,17,105.3,2730,10801,38,0,40.1,32.9;29.2;65.9;54.8;41.8;35.2;83.5;88.2;65.9;73.1;90.0;78.3;26.1;25.2;12.5;14.6;22.9;24.1;10.2;9.3;20.9;21.8;18.2;18.0,33.17,0.08,0.0,0.05,14.214,0.0,341.0,0.0,4,16,,,,,,,,,,,,,,,,,,,,,,,,,,,,,,,,,,,,,,,,,,,,,,,,,,,,,,,,,,,,,
71,2,,,,,,,100,68,69,21,239.5,2730,10801,38,0,20.7,6.4;5.0;27.4;12.5;7.7;6.8;72.6;64.0;52.7;52.4;95.2;63.9;4.8;3.9;1.7;1.2;2.7;2.4;1.2;1.9;2.4;2.7;2.6;3.1,33.26,0.08,0.0,3.62,14.214,0.0,0.0,4833.0,4,16,,,,,,,,,,,,,,,,,,,,,,,,,,,,,,,,,,,,,,,,,,,,,,,,,,,,,,,,,,,,,
71,3,,,,,,,98,78,69,16,237.6,2730,10801,38,0,18.6,5.4;2.7;20.6;11.3;5.1;4.3;88.1;83.8;39.7;65.0;87.4;22.9;1.7;1.7;0.2;0.2;1.9;0.9;0.0;0.0;1.7;0.3;0.3;1.9,33.22,0.08,0.0,3.01,14.214,0.0,40283.0,1562.0,4,16,,,,,,,,,,,,,,,,,,,,,,,,,,,,,,,,,,,,,,,,,,,,,,,,,,,,,,,,,,,,,
71,4,,,,,,,100,52,70,17,239.7,2730,10801,38,0,18.1,4.2;1.4;18.9;11.1;3.9;3.1;59.8;65.7;47.0;49.4;93.2;72.0;1.2;0.3;0.2;0.2;0.3;0.2;0.2;0.3;0.2;0.2;0.3;0.7,33.21,0.08,0.0,2.13,14.214,0.0,537.0,439.0,4,16,,,,,,,,,,,,,,,,,,,,,,,,,,,,,,,,,,,,,,,,,,,,,,,,,,,,,,,,,,,,,
71,5,,,,,,,100,55,72,13,240.0,2730,10801,38,0,18.8,7.6;3.1;20.4;9.8;6.5;5.0;60.5;53.3;46.1;58.9;86.2;82.8;2.1;1.7;0.2;0.3;0.5;0.3;0.2;0.7;1.0;1.0;0.7;2.0,33.19,0.08,0.0,1.4,14.214,0.0,537.0,488.0,4,16,,,,,,,,,,,,,,,,,,,,,,,,,,,,,,,,,,,,,,,,,,,,,,,,,,,,,,,,,,,,,
71,6,,,,,,,100,70,71,17,239.5,2730,10801,38,0,18.4,4.7;2.6;12.3;21.2;2.9;5.8;80.5;56.5;45.7;52.3;83.9;69.3;1.0;1.0;0.2;0.0;0.2;0.2;0.3;0.3;0.2;0.0;0.2;0.5,33.16,0.08,0.03,2.45,14.214,0.0,1318.0,1416.0,4,16,,,,,,,,,,,,,,,,,,,,,,,,,,,,,,,,,,,,,,,,,,,,,,,,,,,,,,,,,,,,,
71,7,,,,,,,100,85,71,15,239.6,2730,10801,38,0,18.4,4.1;2.7;13.2;13.7;4.6;4.8;88.5;56.4;27.6;71.6;94.7;48.0;2.4;1.5;0.3;0.5;1.0;0.9;0.3;0.3;0.3;0.3;0.0;2.4,33.17,0.08,0.0,0.08,14.214,0.0,1367.0,1416.0,4,16,,,,,,,,,,,,,,,,,,,,,,,,,,,,,,,,,,,,,,,,,,,,,,,,,,,,,,,,,,,,,
71,8,,,,,,,100,64,70,17,240.0,2730,10801,38,0,15.4,5.7;2.6;12.6;10.9;2.9;4.6;25.1;82.8;35.9;36.8;94.5;46.7;1.2;1.7;0.3;0.3;1.0;0.7;0.2;0.0;0.5;1.0;0.7;1.9,33.18,0.08,0.0,0.1,14.214,0.0,0.0,1416.0,4,16,,,,,,,,,,,,,,,,,,,,,,,,,,,,,,,,,,,,,,,,,,,,,,,,,,,,,,,,,,,,,
71,9,,,,,,,100,67,71,13,239.7,2730,10801,38,0,10.6,3.4;0.9;4.6;5.0;2.6;1.4;43.2;58.8;8.2;17.0;85.1;17.0;1.5;2.2;0.2;0.0;0.2;1.0;0.0;0.2;0.3;0.7;0.3;1.7,33.17,0.08,0.0,0.06,14.214,0.0,29150.0,14160.0,4,16,,,,,,,,,,,,,,,,,,,,,,,,,,,,,,,,,,,,,,,,,,,,,,,,,,,,,,,,,,,,,
71,10,,,,,,,100,63,68,19,239.7,2730,10801,38,0,12.5,6.7;6.9;3.4;13.8;6.9;3.4;0.0;100.0;34.5;37.9;51.7;24.1;0.0;6.9;0.0;0.0;0.0;0.0;0.0;0.0;3.4;0.0;0.0;0.0,33.21,0.08,0.0,0.04,14.218,0.0,1025.0,439.0,4,16,,,,,,,,,,,,,,,,,,,,,,,,,,,,,,,,,,,,,,,,,,,,,,,,,,,,,,,,,,,,,
71,summary,0.3022023755221788,0.9955800777869875,0.28321642033259076,0.9996666666666667,0.00100000,88.4,,,,,,,,,,,,,,,,,,,,,,98,99.8,100,52,68.0,85,68,69.9,72,13,16.5,21,105.3,226.06,240.0,2730.0,10801.0,38.0,0,10.6,19.16,40.1,33.16,33.19,33.26,63.16,0.08,0.08,0.08,18.03,0.0,0.0,0.03,0.04,1.29,3.62,11.269,15.584,14.214,14.21,14.218,15.992,0.0,0.0,0.0,0.0,7455.8,40283.0,0.0,2616.9,14160.0,4,4.0,4,16,16.0,16,4,16,2.92,72.04
72,1,,,,,,,99,76,67,18,75.9,2745,10801,38,0,40.0,32.6;30.1;59.0;56.2;39.2;38.4;77.6;95.4;73.3;73.6;96.2;65.2;25.1;26.2;13.3;13.6;22.5;22.0;10.3;10.6;21.6;22.4;18.0;17.1,33.32,0.08,0.0,0.09,14.214,0.0,341.0,341.0,4,16,,,,,,,,,,,,,,,,,,,,,,,,,,,,,,,,,,,,,,,,,,,,,,,,,,,,,,,,,,,,,
72,2,,,,,,,100,77,68,16,239.4,2730,10801,38,0,19.5,8.4;1.9;19.5;20.5;7.4;5.7;69.3;56.9;60.4;43.5;94.9;67.8;2.9;1.2;0.7;0.7;0.5;1.7;0.7;1.0;0.3;0.9;1.0;0.9,33.24,0.08,0.0,3.62,14.214,0.0,1123.0,1416.0,4,16,,,,,,,,,,,,,,,,,,,,,,,,,,,,,,,,,,,,,,,,,,,,,,,,,,,,,,,,,,,,,
72,3,,,,,,,100,84,66,14,239.6,2730,10801,38,0,19.5,6.7;3.9;25.2;10.1;8.0;4.5;72.0;64.0;53.5;48.0;85.8;65.7;2.7;3.2;0.9;1.5;2.2;1.2;0.5;0.9;1.4;0.9;2.1;3.4,33.23,0.08,0.0,3.03,14.214,0.0,781.0,390.0,4,16,,,,,,,,,,,,,,,,,,,,,,,,,,,,,,,,,,,,,,,,,,,,,,,,,,,,,,,,,,,,,
72,4,,,,,,,100,57,69,15,240.2,2730,10801,38,0,18.4,5.9;1.0;19.7;12.5;6.5;2.7;67.0;73.9;37.6;61.8;90.1;55.0;1.5;1.4;0.0;0.2;0.3;1.0;0.2;0.2;0.5;0.0;0.3;0.7,33.21,0.08,0.0,2.69,14.214,0.0,341.0,1757.0,4,16,,,,,,,,,,,,,,,,,,,,,,,,,,,,,,,,,,,,,,,,,,,,,,,,,,,,,,,,,,,,,
72,5,,,,,,,100,75,70,15,240.9,2730,10801,38,0,18.2,3.4;2.6;19.4;13.4;5.3;3.1;66.0;89.6;46.9;49.4;89.4;38.9;2.4;1.9;0.0;0.2;0.3;0.0;0.2;0.0;0.5;0.0;0.7;2.4,33.2,0.08,0.01,1.38,14.214,0.0,1123.0,1416.0,4,16,,,,,,,,,,,,,,,,,,,,,,,,,,,,,,,,,,,,,,,,,,,,,,,,,,,,,,,,,,,,,
72,6,,,,,,,100,88,68,15,239.5,2730,10801,38,0,18.1,3.6;3.1;16.1;9.6;3.9;3.8;75.2;63.1;47.8;51.8;92.0;56.4;1.4;0.9;0.3;0.2;0.5;0.7;0.5;0.3;0.7;0.5;0.5;1.7,33.18,0.08,0.0,2.43,14.214,0.0,15576.0,14697.0,4,16,,,,,,,,,,,,,,,,,,,,,,,,,,,,,,,,,,,,,,,,,,,,,,,,,,,,,,,,,,,,,
72,7,,,,,,,100,57,70,13,240.3,2730,10801,38,0,19.1,5.4;3.1;18.0;20.2;6.7;5.0;84.4;79.3;53.0;50.3;88.9;29.3;2.1;2.7;0.3;0.5;1.5;1.4;0.3;0.2;1.2;1.0;0.5;1.9,33.19,0.08,0.0,0.07,14.214,0.0,2001.0,48.0,4,16,,,,,,,,,,,,,,,,,,,,,,,,,,,,,,,,,,,,,,,,,,,,,,,,,,,,,,,,,,,,,
72,8,,,,,,,100,57,68,14,240.1,2730,10801,38,0,15.3,5.2;2.7;12.3;9.6;3.2;3.9;56.6;54.5;29.8;38.9;83.9;57.6;1.7;1.7;0.3;0.5;0.7;1.0;0.5;0.7;0.9;0.5;0.7;0.3,33.16,0.08,0.0,0.07,14.214,0.0,341.0,1757.0,4,16,,,,,,,,,,,,,,,,,,,,,,,,,,,,,,,,,,,,,,,,,,,,,,,,,,,,,,,,,,,,,
72,9,,,,,,,100,65,71,15,240.4,2730,10801,38,0,10.6,4.9;1.5;2.6;3.8;2.7;1.4;30.8;72.3;6.5;22.0;100.0;1.2;0.9;0.7;0.2;0.2;0.3;0.2;0.0;0.2;0.3;0.2;0.5;1.9,33.16,0.08,0.0,0.1,14.214,0.0,292.0,1660.0,4,16,,,,,,,,,,,,,,,,,,,,,,,,,,,,,,,,,,,,,,,,,,,,,,,,,,,,,,,,,,,,,
72,10,,,,,,,100,67,70,15,240.4,2730,10801,38,0,13.6,6.9;3.6;14.3;17.9;10.7;0.0;17.9;71.4;14.3;57.1;100.0;0.0;7.1;3.6;0.0;0.0;0.0;0.0;0.0;0.0;0.0;0.0;0.0;0.0,33.19,0.08,0.0,0.03,14.218,0.0,1464.0,1416.0,4,16,,,,,,,,,,,,,,,,,,,,,,,,,,,,,,,,,,,,,,,,,,,,,,,,,,,,,,,,,,,,,
72,summary,0.30189466398939785,0.9957053203020394,0.2832571245034536,0.9997777777777778,0.00100000,88.3,,,,,,,,,,,,,,,,,,,,,,99,99.9,100,57,70.3,88,66,68.7,71,13,15.0,18,75.9,223.67,240.9,2731.5,10801.0,38.0,0,10.6,19.23,40.0,33.16,33.21,33.32,63.16,0.08,0.08,0.08,18.03,0.0,0.0,0.01,0.03,1.35,3.62,11.269,15.584,14.214,14.21,14.218,15.992,0.0,0.0,0.0,292.0,2338.3,15576.0,48.0,2489.8,14697.0,4,4.0,4,16,16.0,16,4,16,2.96,72.04
73,1,,,,,,,0,0,58,18,80.5,2745,10801,38,0,39.0,29.6;30.6;55.1;66.7;36.1;40.3;96.5;82.7;65.8;69.1;92.9;63.8;23.2;25.5;11.6;14.2;20.4;21.1;9.6;9.7;19.2;19.3;17.3;16.3,33.01,0.08,0.0,0.06,14.214,0.0,1123.0,1464.0,4,16,,,,,,,,,,,,,,,,,,,,,,,,,,,,,,,,,,,,,,,,,,,,,,,,,,,,,,,,,,,,,
73,2,,,,,,,100,54,69,18,239.3,2730,10801,38,0,22.1,9.1;5.3;21.7;27.0;9.8;9.4;83.6;53.3;52.6;55.1;88.5;64.3;5.0;5.5;4.3;3.6;3.9;4.8;3.8;3.3;4.5;4.6;3.8;4.4,33.23,0.08,0.0,2.49,14.214,0.0,537.0,0.0,4,16,,,,,,,,,,,,,,,,,,,,,,,,,,,,,,,,,,,,,,,,,,,,,,,,,,,,,,,,,,,,,
73,3,,,,,,,100,77,71,14,238.8,2730,10801,38,0,18.6,5.9;2.1;25.7;14.0;5.1;5.3;70.8;69.2;40.0;64.3;88.2;49.9;1.2;1.2;0.3;0.3;0.3;0.5;0.2;0.2;0.3;0.2;0.7;0.9,33.24,0.08,0.0,2.15,14.214,0.0,585.0,1708.0,4,16,,,,,,,,,,,,,,,,,,,,,,,,,,,,,,,,,,,,,,,,,,,,,,,,,,,,,,,,,,,,,
73,4,,,,,,,100,52,70,18,239.9,2730,10801,38,0,18.4,4.2;2.6;19.6;8.5;6.0;4.1;91.1;79.7;42.3;56.7;93.6;23.8;1.9;1.2;0.2;0.0;0.9;0.9;0.3;0.7;0.7;0.2;0.5;0.2,33.19,0.08,0.0,1.59,14.214,0.0,976.0,195.0,4,16,,,,,,,,,,,,,,,,,,,,,,,,,,,,,,,,,,,,,,,,,,,,,,,,,,,,,,,,,,,,,
73,5,,,,,,,98,80,69,14,241.3,2730,10801,38,0,18.5,5.9;2.2;18.1;9.7;4.8;3.4;82.0;74.1;50.7;48.8;97.1;38.5;1.7;2.9;0.0;0.0;1.4;0.3;0.7;0.7;0.3;0.2;0.5;1.2,33.17,0.08,0.0,2.18,14.214,0.0,1123.0,1416.0,4,16,,,,,,,,,,,,,,,,,,,,,,,,,,,,,,,,,,,,,,,,,,,,,,,,,,,,,,,,,,,,,
73,6,,,,,,,100,80,70,18,239.6,2730,10801,38,0,18.0,4.9;2.6;21.0;8.9;5.5;2.7;60.9;81.9;48.7;50.5;95.4;44.6;1.4;1.4;0.0;0.2;0.0;0.3;0.0;0.0;0.2;0.2;0.2;1.4,33.21,0.08,0.0,0.05,14.214,0.0,830.0,6542.0,4,16,,,,,,,,,,,,,,,,,,,,,,,,,,,,,,,,,,,,,,,,,,,,,,,,,,,,,,,,,,,,,
73,7,,,,,,,100,77,71,14,238.7,2730,10801,38,0,18.9,6.0;4.1;19.7;11.4;5.6;6.6;78.7;59.6;48.6;52.3;87.9;61.2;2.6;1.7;0.0;0.2;0.9;0.9;0.5;0.2;1.7;1.5;0.9;0.7,33.18,0.08,0.0,0.13,14.214,0.0,0.0,10205.0,4,16,,,,,,,,,,,,,,,,,,,,,,,,,,,,,,,,,,,,,,,,,,,,,,,,,,,,,,,,,,,,,
73,8,,,,,,,100,60,69,14,240.0,2730,10801,38,0,15.3,4.7;1.2;11.9;11.6;2.9;4.8;55.5;87.2;32.3;38.6;92.3;16.1;1.4;1.7;0.0;0.0;0.3;0.9;0.3;0.2;0.3;0.3;0.9;0.9,33.19,0.08,0.0,0.05,14.214,0.0,52636.0,15966.0,4,16,,,,,,,,,,,,,,,,,,,,,,,,,,,,,,,,,,,,,,,,,,,,,,,,,,,,,,,,,,,,,
73,9,,,,,,,98,79,69,20,238.4,2730,10801,38,0,10.6,4.6;1.0;4.8;5.3;0.9;1.9;45.7;56.4;6.4;20.5;99.3;0.9;1.0;0.9;0.2;0.3;0.7;0.3;0.2;0.3;0.2;1.0;0.3;1.0,33.17,0.08,0.0,0.05,14.214,0.0,976.0,7763.0,4,16,,,,,,,,,,,,,,,,,,,,,,,,,,,,,,,,,,,,,,,,,,,,,,,,,,,,,,,,,,,,,
73,10,,,,,,,0,0,62,15,238.4,2730,10801,38,0,14.7,3.4;3.4;6.9;13.8;20.7;6.9;3.4;100.0;17.2;51.7;82.8;10.3;3.4;6.9;0.0;0.0;6.7;0.0;0.0;3.4;0.0;6.7;0.0;6.7,33.2,0.08,0.0,0.32,14.218,0.0,781.0,1367.0,4,16,,,,,,,,,,,,,,,,,,,,,,,,,,,,,,,,,,,,,,,,,,,,,,,,,,,,,,,,,,,,,
73,summary,0.3023646548239052,0.995598294880086,0.2831694053808848,0.9997777777777778,0.00100000,88.2,,,,,,,,,,,,,,,,,,,,,,0,79.6,100,0,55.9,80,58,67.8,71,14,16.3,20,80.5,223.49,241.3,2731.5,10801.0,38.0,0,10.6,19.41,39.0,33.01,33.18,33.24,63.16,0.08,0.08,0.08,18.03,0.0,0.0,0.0,0.05,0.91,2.49,11.269,15.584,14.214,14.21,14.218,15.992,0.0,0.0,0.0,0.0,5956.7,52636.0,0.0,4662.6,15966.0,4,4.0,4,16,16.0,16,4,16,2.71,72.04
74,1,,,,,,,100,85,67,17,116.8,2730,10801,38,0,40.1,31.6;31.2;58.6;58.7;37.9;42.1;81.4;94.2;71.9;67.5;93.5;74.4;25.7;25.3;11.1;13.1;23.4;23.6;10.2;11.5;18.9;20.2;19.5;17.4,33.7,0.08,0.0,0.05,14.214,0.0,16259.0,18212.0,4,16,,,,,,,,,,,,,,,,,,,,,,,,,,,,,,,,,,,,,,,,,,,,,,,,,,,,,,,,,,,,,
74,2,,,,,,,100,64,68,14,238.9,2730,10801,38,0,18.4,4.1;3.9;15.2;17.6;4.8;6.0;80.2;63.0;51.4;49.5;83.4;57.1;2.1;1.7;0.0;0.2;0.0;0.3;0.2;0.0;0.2;0.2;0.0;0.9,33.27,0.08,0.0,3.56,14.214,0.0,292.0,97.0,4,16,,,,,,,,,,,,,,,,,,,,,,,,,,,,,,,,,,,,,,,,,,,,,,,,,,,,,,,,,,,,,
74,3,,,,,,,98,78,68,21,237.5,2730,10801,38,0,18.5,4.2;2.7;22.0;12.5;5.6;5.5;63.1;67.7;54.1;46.9;90.1;63.9;1.4;1.7;0.3;0.2;0.0;0.5;0.0;0.0;0.3;0.2;0.0;0.7,33.24,0.08,0.03,3.19,14.214,0.0,341.0,1757.0,4,16,,,,,,,,,,,,,,,,,,,,,,,,,,,,,,,,,,,,,,,,,,,,,,,,,,,,,,,,,,,,,
74,4,,,,,,,100,67,71,14,239.6,2730,10801,38,0,18.9,6.6;3.1;25.2;10.3;9.2;3.1;71.4;83.5;46.1;53.6;76.9;50.0;2.6;1.9;0.7;0.7;1.0;1.2;0.3;0.5;1.4;0.7;1.7;2.2,33.22,0.08,0.0,2.15,14.214,0.0,878.0,1513.0,4,16,,,,,,,,,,,,,,,,,,,,,,,,,,,,,,,,,,,,,,,,,,,,,,,,,,,,,,,,,,,,,
74,5,,,,,,,100,80,68,13,239.0,2730,10801,38,0,18.1,6.1;2.4;19.6;9.9;5.5;3.8;77.2;67.2;50.9;44.6;95.4;41.0;2.1;1.7;0.0;0.3;1.4;0.9;0.5;0.2;1.0;0.2;0.7;1.5,33.21,0.08,0.0,1.58,14.214,0.0,781.0,0.0,4,16,,,,,,,,,,,,,,,,,,,,,,,,,,,,,,,,,,,,,,,,,,,,,,,,,,,,,,,,,,,,,
74,6,,,,,,,100,53,69,15,240.0,2730,10801,38,0,18.2,3.9;1.9;21.4;13.5;5.3;3.4;67.1;54.5;51.3;50.4;86.5;70.5;1.5;1.2;0.0;0.3;0.3;0.7;0.0;0.5;0.5;0.3;0.7;1.0,33.18,0.08,0.02,2.28,14.214,0.0,585.0,292.0,4,16,,,,,,,,,,,,,,,,,,,,,,,,,,,,,,,,,,,,,,,,,,,,,,,,,,,,,,,,,,,,,
74,7,,,,,,,98,80,69,14,240.5,2730,10801,38,0,18.8,7.6;2.9;20.8;5.8;7.0;4.1;57.4;49.4;39.0;60.5;94.2;89.1;3.1;2.1;0.0;0.5;1.4;0.9;0.2;0.3;0.5;0.7;1.0;2.5,33.18,0.08,0.0,0.03,14.214,0.0,634.0,1660.0,4,16,,,,,,,,,,,,,,,,,,,,,,,,,,,,,,,,,,,,,,,,,,,,,,,,,,,,,,,,,,,,,
74,8,,,,,,,100,79,69,13,240.0,2730,10801,38,0,15.2,3.2;0.5;11.6;13.7;3.9;1.9;66.5;45.6;27.9;42.3;94.5;47.5;0.9;1.0;0.0;0.0;0.3;0.0;0.3;0.3;0.0;0.0;0.0;1.4,33.19,0.08,0.0,0.09,14.214,0.0,1123.0,1855.0,4,16,,,,,,,,,,,,,,,,,,,,,,,,,,,,,,,,,,,,,,,,,,,,,,,,,,,,,,,,,,,,,
74,9,,,,,,,100,80,70,20,240.2,2730,10801,38,0,10.2,3.9;1.2;3.9;3.4;1.2;0.9;56.5;45.4;5.8;17.7;44.3;58.0;0.0;0.5;0.0;0.0;0.0;0.0;0.0;0.0;0.0;0.2;0.0;0.9,33.19,0.08,0.0,0.07,14.214,0.0,585.0,48.0,4,16,,,,,,,,,,,,,,,,,,,,,,,,,,,,,,,,,,,,,,,,,,,,,,,,,,,,,,,,,,,,,
74,10,,,,,,,100,77,66,14,240.2,2730,10801,38,0,14.0,16.7;0.0;23.3;13.3;6.7;10.0;100.0;0.0;23.3;48.4;20.0;60.0;0.0;0.0;0.0;0.0;6.9;0.0;0.0;0.0;0.0;0.0;0.0;0.0,33.23,0.08,0.0,0.05,14.218,0.0,1123.0,1611.0,4,16,,,,,,,,,,,,,,,,,,,,,,,,,,,,,,,,,,,,,,,,,,,,,,,,,,,,,,,,,,,,,
74,summary,0.3018432349783409,0.9956802717990291,0.28315092182159424,0.9997777777777778,0.00100000,88.6,,,,,,,,,,,,,,,,,,,,,,98,99.6,100,53,74.3,85,66,68.5,71,13,15.5,21,116.8,227.27,240.5,2730.0,10801.0,38.0,0,10.2,19.04,40.1,33.18,33.26,33.7,63.16,0.08,0.08,0.08,18.03,0.0,0.01,0.03,0.03,1.3,3.56,11.269,15.584,14.214,14.21,14.218,15.992,0.0,0.0,0.0,292.0,2260.1,16259.0,0.0,2704.5,18212.0,4,4.0,4,16,16.0,16,4,16,3.11,72.03
75,1,,,,,,,31,24,65,23,64.8,2730,10801,38,0,40.1,30.3;32.7;56.1;64.6;37.1;39.8;86.7;79.9;66.5;79.6;94.7;68.5;25.9;26.0;11.8;13.6;22.9;24.6;10.8;11.5;21.3;21.1;18.3;18.2,33.36,0.08,0.0,0.9,14.214,0.0,634.0,1660.0,4,16,,,,,,,,,,,,,,,,,,,,,,,,,,,,,,,,,,,,,,,,,,,,,,,,,,,,,,,,,,,,,
75,2,,,,,,,100,61,69,14,239.6,2730,10801,38,0,19.8,6.6;4.1;15.6;22.9;5.7;5.8;75.0;61.1;44.9;62.1;91.8;63.2;2.6;2.7;0.9;0.5;1.2;1.9;0.3;0.2;1.2;1.4;1.2;2.7,33.25,0.08,0.0,3.72,14.214,0.0,2001.0,1416.0,4,16,,,,,,,,,,,,,,,,,,,,,,,,,,,,,,,,,,,,,,,,,,,,,,,,,,,,,,,,,,,,,
75,3,,,,,,,100,72,68,18,238.9,2730,10801,38,0,19.0,6.0;3.9;16.8;12.6;5.3;7.8;66.6;89.6;48.8;51.6;89.8;36.5;3.8;2.9;0.7;0.7;2.9;1.5;0.3;0.7;1.9;1.2;1.4;3.7,33.23,0.08,0.0,2.26,14.214,0.0,0.0,1367.0,4,16,,,,,,,,,,,,,,,,,,,,,,,,,,,,,,,,,,,,,,,,,,,,,,,,,,,,,,,,,,,,,
75,4,,,,,,,100,58,70,14,240.5,2730,10801,38,0,18.4,6.4;2.4;18.7;11.0;4.4;2.7;58.5;89.1;48.7;50.2;97.3;43.0;1.2;1.9;0.3;0.2;0.7;0.2;0.7;1.0;0.3;0.7;0.2;1.0,33.22,0.08,0.0,1.92,14.214,0.0,12646.0,15380.0,4,16,,,,,,,,,,,,,,,,,,,,,,,,,,,,,,,,,,,,,,,,,,,,,,,,,,,,,,,,,,,,,
75,5,,,,,,,100,88,67,14,240.1,2730,10801,38,0,18.3,5.6;1.7;23.8;5.5;5.1;2.6;68.1;64.3;48.3;50.0;81.5;76.6;1.4;1.2;0.2;0.3;0.9;0.7;0.0;0.0;0.5;0.2;0.0;1.0,33.2,0.08,0.0,3.28,14.214,0.0,1123.0,1416.0,4,16,,,,,,,,,,,,,,,,,,,,,,,,,,,,,,,,,,,,,,,,,,,,,,,,,,,,,,,,,,,,,
75,6,,,,,,,100,57,70,21,240.4,2730,10801,38,0,19.0,6.3;3.1;21.1;13.5;7.0;3.1;86.0;46.8;56.2;45.6;92.8;65.4;2.2;1.2;0.2;0.2;1.2;0.9;0.3;0.2;0.9;0.7;0.5;1.0,33.2,0.08,0.0,0.07,14.214,0.0,488.0,1367.0,4,16,,,,,,,,,,,,,,,,,,,,,,,,,,,,,,,,,,,,,,,,,,,,,,,,,,,,,,,,,,,,,
75,7,,,,,,,100,57,69,16,240.4,2730,10801,38,0,18.2,6.2;1.0;16.1;9.4;3.6;2.1;78.4;58.9;49.3;52.8;82.3;70.3;2.4;1.0;0.0;0.0;0.3;0.5;0.3;0.0;0.0;0.0;0.0;0.7,33.17,0.08,0.0,0.06,14.214,0.0,0.0,1757.0,4,16,,,,,,,,,,,,,,,,,,,,,,,,,,,,,,,,,,,,,,,,,,,,,,,,,,,,,,,,,,,,,
75,8,,,,,,,99,76,71,20,239.5,2730,10801,38,0,14.8,4.9;0.9;12.6;9.8;4.1;2.1;66.2;67.9;32.4;34.5;98.5;17.7;0.9;0.7;0.2;0.0;0.3;0.2;0.0;0.0;0.0;0.0;0.2;0.7,33.18,0.08,0.0,0.08,14.214,0.0,634.0,1562.0,4,16,,,,,,,,,,,,,,,,,,,,,,,,,,,,,,,,,,,,,,,,,,,,,,,,,,,,,,,,,,,,,
75,9,,,,,,,98,80,69,14,238.6,2730,10801,38,0,10.3,5.4;0.9;3.6;2.2;1.5;1.2;35.9;65.9;15.7;12.3;97.1;3.1;1.0;0.2;0.2;0.0;0.2;0.2;0.0;0.2;0.2;0.0;0.3;0.5,33.18,0.08,0.0,0.06,14.214,0.0,341.0,1708.0,4,16,,,,,,,,,,,,,,,,,,,,,,,,,,,,,,,,,,,,,,,,,,,,,,,,,,,,,,,,,,,,,
75,10,,,,,,,0,0,67,14,238.6,2730,10801,38,0,13.6,21.2;10.0;20.0;6.7;0.0;3.3;87.1;3.2;19.4;51.6;90.3;6.7;0.0;0.0;0.0;0.0;0.0;0.0;0.0;0.0;0.0;0.0;0.0;0.0,33.22,0.08,0.0,0.04,14.218,0.0,292.0,48.0,4,16,,,,,,,,,,,,,,,,,,,,,,,,,,,,,,,,,,,,,,,,,,,,,,,,,,,,,,,,,,,,,
75,summary,0.30166460363661435,0.9957554173080602,0.28313491543134056,0.9997777777777778,0.00100000,88.6,,,,,,,,,,,,,,,,,,,,,,0,82.8,100,0,57.3,88,65,68.5,71,14,16.8,23,64.8,222.14,240.5,2730.0,10801.0,38.0,0,10.3,19.15,40.1,33.17,33.22,33.36,63.16,0.08,0.08,0.08,18.03,0.0,0.0,0.0,0.04,1.24,3.72,11.269,15.584,14.214,14.21,14.218,15.992,0.0,0.0,0.0,0.0,1815.9,12646.0,48.0,2768.1,15380.0,4,4.0,4,16,16.0,16,4,16,3.14,72.04
76,1,,,,,,,93,71,66,17,76.3,2745,10801,38,0,39.4,30.0;32.5;56.2;65.8;31.8;41.5;73.2;89.0;70.2;70.2;91.2;81.1;22.5;24.0;13.6;14.6;21.2;22.7;9.6;11.1;19.7;20.1;17.2;16.8,33.17,0.08,0.0,0.05,14.214,0.0,12402.0,1416.0,4,16,,,,,,,,,,,,,,,,,,,,,,,,,,,,,,,,,,,,,,,,,,,,,,,,,,,,,,,,,,,,,
76,2,,,,,,,100,80,70,16,238.9,2730,10801,38,0,21.6,10.0;6.8;18.6;22.0;4.6;10.4;71.8;77.9;46.6;63.7;96.9;48.1;4.8;6.5;2.2;1.7;4.1;4.5;1.2;2.7;3.3;3.3;2.7;2.9,33.26,0.08,0.01,3.59,14.214,0.0,1416.0,97.0,4,16,,,,,,,,,,,,,,,,,,,,,,,,,,,,,,,,,,,,,,,,,,,,,,,,,,,,,,,,,,,,,
76,3,,,,,,,100,73,68,15,239.3,2730,10801,38,0,18.5,5.4;2.1;15.9;18.7;3.1;4.6;86.7;82.9;55.5;46.3;84.8;31.2;1.5;1.5;0.0;0.3;0.3;0.2;1.4;1.0;0.3;0.3;0.2;0.0,33.25,0.08,0.0,3.03,14.214,0.0,585.0,1416.0,4,16,,,,,,,,,,,,,,,,,,,,,,,,,,,,,,,,,,,,,,,,,,,,,,,,,,,,,,,,,,,,,
76,4,,,,,,,100,74,70,16,239.4,2730,10801,38,0,19.2,9.1;3.4;14.6;17.7;6.0;7.7;74.1;62.7;42.6;55.1;92.0;57.0;3.9;3.2;0.0;0.0;2.1;2.1;0.3;0.2;2.1;1.2;1.9;1.9,33.22,0.08,0.0,2.12,14.214,0.0,0.0,1416.0,4,16,,,,,,,,,,,,,,,,,,,,,,,,,,,,,,,,,,,,,,,,,,,,,,,,,,,,,,,,,,,,,
76,5,,,,,,,100,53,69,20,240.8,2730,10801,38,0,18.7,9.0;4.1;15.7;17.8;5.3;6.0;89.2;74.1;42.3;53.1;89.6;31.4;1.4;2.6;0.5;0.3;0.9;1.0;0.5;0.5;0.3;0.7;1.0;2.5,33.21,0.08,0.0,1.38,14.214,0.0,341.0,341.0,4,16,,,,,,,,,,,,,,,,,,,,,,,,,,,,,,,,,,,,,,,,,,,,,,,,,,,,,,,,,,,,,
76,6,,,,,,,98,80,67,14,240.0,2730,10801,38,0,18.4,5.7;1.9;19.6;9.2;4.8;2.7;88.9;78.8;61.3;41.2;97.3;21.2;1.9;1.2;0.5;0.5;0.7;1.2;0.2;0.0;0.7;0.3;0.3;1.7,33.2,0.08,0.0,2.44,14.214,0.0,1416.0,4882.0,4,16,,,,,,,,,,,,,,,,,,,,,,,,,,,,,,,,,,,,,,,,,,,,,,,,,,,,,,,,,,,,,
76,7,,,,,,,100,76,70,20,239.8,2730,10801,38,0,17.7,3.9;1.5;16.7;8.9;3.8;3.9;70.0;93.3;46.6;54.8;94.5;19.9;2.1;0.9;0.2;0.3;0.9;0.7;0.0;0.2;1.0;0.3;0.5;0.9,33.2,0.08,0.0,0.08,14.214,0.0,537.0,10595.0,4,16,,,,,,,,,,,,,,,,,,,,,,,,,,,,,,,,,,,,,,,,,,,,,,,,,,,,,,,,,,,,,
76,8,,,,,,,100,77,70,16,240.9,2730,10801,38,0,14.8,4.2;1.7;10.9;7.2;2.9;2.4;56.9;69.4;37.9;32.6;84.8;37.5;1.0;0.7;0.0;0.5;1.4;0.2;0.0;0.2;0.9;0.2;0.3;0.9,33.2,0.08,0.0,0.08,14.214,0.0,341.0,10644.0,4,16,,,,,,,,,,,,,,,,,,,,,,,,,,,,,,,,,,,,,,,,,,,,,,,,,,,,,,,,,,,,,
76,9,,,,,,,100,58,72,21,239.9,2730,10801,38,0,11.8,7.2;3.2;7.1;4.8;4.1;3.2;74.8;29.2;14.3;16.4;65.7;38.5;2.0;1.5;0.5;0.3;1.7;1.0;0.3;0.5;1.7;0.7;1.7;3.4,33.19,0.08,0.0,0.06,14.214,0.0,537.0,0.0,4,16,,,,,,,,,,,,,,,,,,,,,,,,,,,,,,,,,,,,,,,,,,,,,,,,,,,,,,,,,,,,,
76,10,,,,,,,83,62,65,15,239.9,2730,10801,38,0,13.4,7.1;0.0;23.3;10.7;10.7;10.7;86.2;0.0;39.3;37.9;24.1;65.5;3.6;0.0;0.0;0.0;0.0;0.0;0.0;0.0;0.0;0.0;0.0;0.0,33.22,0.08,0.0,0.03,14.218,0.0,683.0,390.0,4,16,,,,,,,,,,,,,,,,,,,,,,,,,,,,,,,,,,,,,,,,,,,,,,,,,,,,,,,,,,,,,
76,summary,0.30117223967611095,0.995880659823112,0.2831065582434336,0.9998888888888889,0.00100000,88.4,,,,,,,,,,,,,,,,,,,,,,83,97.4,100,53,70.4,80,65,68.7,72,14,17.0,21,76.3,223.52,240.9,2731.5,10801.0,38.0,0,11.8,19.35,39.4,33.17,33.21,33.26,63.16,0.08,0.08,0.08,18.03,0.0,0.0,0.01,0.03,1.29,3.59,11.269,15.584,14.214,14.21,14.218,15.992,0.0,0.0,0.0,0.0,1825.8,12402.0,0.0,3119.7,10644.0,4,4.0,4,16,16.0,16,4,16,2.89,72.04
77,1,,,,,,,100,79,67,19,108.9,2730,10801,38,0,39.6,31.7;31.5;57.9;61.6;35.2;37.2;68.2;82.8;67.3;83.9;96.7;79.4;25.0;24.7;12.4;13.3;21.6;23.2;11.0;9.4;21.1;19.6;18.2;17.7,33.13,0.08,0.0,0.06,14.214,0.0,341.0,1464.0,4,16,,,,,,,,,,,,,,,,,,,,,,,,,,,,,,,,,,,,,,,,,,,,,,,,,,,,,,,,,,,,,
77,2,,,,,,,100,69,68,14,239.2,2730,10801,38,0,21.5,9.1;6.7;16.6;23.6;6.7;11.5;78.2;58.6;53.9;52.2;89.8;63.6;5.1;5.3;2.9;3.1;3.6;3.9;3.1;2.7;3.6;4.1;3.4;4.3,33.28,0.08,0.0,3.57,14.214,0.0,927.0,1611.0,4,16,,,,,,,,,,,,,,,,,,,,,,,,,,,,,,,,,,,,,,,,,,,,,,,,,,,,,,,,,,,,,
77,3,,,,,,,100,86,69,16,240.2,2730,10801,38,0,17.6,5.2;2.2;11.5;14.2;3.6;3.3;79.6;82.0;42.5;55.2;92.0;27.4;1.4;1.0;0.0;0.0;0.3;0.2;0.2;0.0;0.3;0.0;0.0;0.9,33.25,0.08,0.01,3.05,14.214,0.0,0.0,2197.0,4,16,,,,,,,,,,,,,,,,,,,,,,,,,,,,,,,,,,,,,,,,,,,,,,,,,,,,,,,,,,,,,
77,4,,,,,,,100,58,71,19,239.5,2730,10801,38,0,18.2,3.7;2.6;14.6;18.8;3.9;4.1;64.2;68.2;42.1;58.0;86.3;61.7;2.2;1.7;0.3;0.2;0.9;0.5;0.0;0.0;0.3;0.2;0.2;1.0,33.24,0.08,0.0,2.15,14.214,0.0,634.0,1562.0,4,16,,,,,,,,,,,,,,,,,,,,,,,,,,,,,,,,,,,,,,,,,,,,,,,,,,,,,,,,,,,,,
77,5,,,,,,,100,62,68,16,240.3,2730,10801,38,0,18.6,6.9;1.9;16.4;16.9;3.9;4.1;72.4;79.6;47.5;53.2;86.0;49.4;2.4;1.9;0.5;0.0;1.0;0.2;0.3;0.2;0.3;0.3;0.5;1.0,33.21,0.08,0.0,1.36,14.214,0.0,1464.0,195.0,4,16,,,,,,,,,,,,,,,,,,,,,,,,,,,,,,,,,,,,,,,,,,,,,,,,,,,,,,,,,,,,,
77,6,,,,,,,100,71,69,19,240.3,2730,10801,38,0,17.7,5.2;1.7;12.3;15.0;4.8;3.3;83.4;88.0;36.0;60.8;96.9;12.5;1.5;1.0;0.2;0.3;0.2;0.5;0.0;0.2;0.0;0.3;0.5;0.3,33.19,0.08,0.01,2.45,14.214,0.0,537.0,1464.0,4,16,,,,,,,,,,,,,,,,,,,,,,,,,,,,,,,,,,,,,,,,,,,,,,,,,,,,,,,,,,,,,
77,7,,,,,,,98,79,68,15,238.5,2730,10801,38,0,17.6,5.7;1.7;17.0;7.7;6.3;1.5;73.5;65.8;39.4;61.0;93.2;43.8;1.7;1.0;0.0;0.0;0.5;0.5;0.2;0.0;0.5;0.0;0.2;0.7,33.17,0.08,0.01,0.07,14.214,0.0,244.0,1416.0,4,16,,,,,,,,,,,,,,,,,,,,,,,,,,,,,,,,,,,,,,,,,,,,,,,,,,,,,,,,,,,,,
77,8,,,,,,,100,62,67,20,240.8,2730,10801,38,0,14.9,6.6;1.4;11.5;6.5;4.5;1.2;64.3;52.3;30.7;37.2;92.6;39.0;1.9;1.7;0.9;0.7;0.5;0.7;0.0;0.0;0.5;0.2;1.4;1.9,33.18,0.08,0.0,0.07,14.214,0.0,1367.0,1757.0,4,16,,,,,,,,,,,,,,,,,,,,,,,,,,,,,,,,,,,,,,,,,,,,,,,,,,,,,,,,,,,,,
77,9,,,,,,,100,80,69,16,240.1,2730,10801,38,0,10.4,4.2;0.9;5.3;2.4;3.4;0.5;41.4;58.6;18.6;5.7;66.8;36.0;1.2;0.5;0.2;0.2;0.3;0.0;0.0;0.2;0.3;0.2;0.5;1.2,33.17,0.08,0.0,0.05,14.214,0.0,0.0,1660.0,4,16,,,,,,,,,,,,,,,,,,,,,,,,,,,,,,,,,,,,,,,,,,,,,,,,,,,,,,,,,,,,,
77,10,,,,,,,100,83,64,16,240.1,2730,10801,38,0,13.5,10.0;6.7;10.0;13.3;6.7;0.0;20.0;63.3;23.3;46.7;100.0;3.3;3.3;6.7;0.0;0.0;3.3;0.0;0.0;0.0;3.3;0.0;0.0;3.3,33.21,0.08,0.0,0.09,14.218,0.0,1416.0,97.0,4,16,,,,,,,,,,,,,,,,,,,,,,,,,,,,,,,,,,,,,,,,,,,,,,,,,,,,,,,,,,,,,
77,summary,0.3016886904475886,0.995650669022744,0.2830639502207438,0.9998888888888889,0.00100000,88.0,,,,,,,,,,,,,,,,,,,,,,98,99.8,100,58,72.9,86,64,68.0,71,14,17.0,20,108.9,226.79,240.8,2730.0,10801.0,38.0,0,10.4,18.96,39.6,33.13,33.2,33.28,63.16,0.08,0.08,0.08,18.03,0.0,0.0,0.01,0.05,1.29,3.57,11.269,15.584,14.214,14.21,14.218,15.992,0.0,0.0,0.0,0.0,693.0,1464.0,97.0,1342.3,2197.0,4,4.0,4,16,16.0,16,4,16,2.71,72.03
78,1,,,,,,,0,0,58,16,61.7,2745,10801,38,0,40.1,33.3;29.2;55.8;63.0;40.2;40.5;84.3;91.8;71.0;71.2;92.1;73.1;26.4;24.5;13.1;13.5;23.5;22.5;9.7;9.0;19.2;21.2;17.2;15.6,33.19,0.08,0.0,0.05,14.214,0.0,292.0,488.0,4,16,,,,,,,,,,,,,,,,,,,,,,,,,,,,,,,,,,,,,,,,,,,,,,,,,,,,,,,,,,,,,
78,2,,,,,,,100,76,67,20,240.3,2730,10801,38,0,20.7,7.3;4.8;18.8;20.7;7.0;8.6;68.7;91.1;57.5;56.8;95.5;30.5;5.3;3.8;1.4;1.9;3.6;2.9;1.2;1.2;2.1;1.9;2.4;2.9,33.27,0.08,0.0,3.6,14.214,0.0,292.0,1757.0,4,16,,,,,,,,,,,,,,,,,,,,,,,,,,,,,,,,,,,,,,,,,,,,,,,,,,,,,,,,,,,,,
78,3,,,,,,,100,48,69,17,240.2,2730,10801,38,0,18.4,6.9;2.6;22.9;16.4;5.1;4.3;73.8;88.0;48.0;51.3;85.2;30.7;1.0;1.4;0.0;0.7;0.3;0.7;0.0;0.2;0.3;0.5;0.9;1.2,33.23,0.08,0.0,3.06,14.214,0.0,927.0,195.0,4,16,,,,,,,,,,,,,,,,,,,,,,,,,,,,,,,,,,,,,,,,,,,,,,,,,,,,,,,,,,,,,
78,4,,,,,,,98,77,70,20,240.0,2730,10801,38,0,18.8,5.6;4.1;18.6;12.0;4.6;6.5;70.3;83.0;47.9;55.7;87.9;39.6;2.9;2.6;0.9;0.9;1.9;0.9;0.5;0.9;0.7;1.0;0.7;1.7,33.21,0.08,0.0,2.12,14.214,0.0,1220.0,97.0,4,16,,,,,,,,,,,,,,,,,,,,,,,,,,,,,,,,,,,,,,,,,,,,,,,,,,,,,,,,,,,,,
78,5,,,,,,,100,79,67,17,239.8,2730,10801,38,0,18.3,4.4;1.2;14.1;14.0;3.4;6.5;73.8;86.1;64.7;33.8;93.0;35.7;2.1;1.0;0.2;0.3;0.5;0.9;0.0;0.5;0.5;0.5;0.3;1.7,33.2,0.08,0.0,1.4,14.214,0.0,1464.0,48.0,4,16,,,,,,,,,,,,,,,,,,,,,,,,,,,,,,,,,,,,,,,,,,,,,,,,,,,,,,,,,,,,,
78,6,,,,,,,100,57,70,12,239.9,2730,10801,38,0,18.8,5.8;3.4;18.5;15.6;7.0;4.6;66.4;77.8;57.7;44.6;91.6;50.0;1.0;1.4;0.0;0.2;1.4;0.9;0.2;0.0;0.5;0.5;0.5;1.5,33.19,0.08,0.0,2.4,14.214,0.0,2880.0,0.0,4,16,,,,,,,,,,,,,,,,,,,,,,,,,,,,,,,,,,,,,,,,,,,,,,,,,,,,,,,,,,,,,
78,7,,,,,,,100,60,68,13,240.4,2730,10801,38,0,18.3,7.6;2.1;12.5;15.2;4.5;5.0;45.2;78.5;45.8;52.6;85.8;73.8;2.7;3.2;0.0;0.2;0.9;1.4;0.5;0.2;0.2;0.2;0.2;1.0,33.19,0.08,0.0,0.31,14.214,0.0,537.0,7958.0,4,16,,,,,,,,,,,,,,,,,,,,,,,,,,,,,,,,,,,,,,,,,,,,,,,,,,,,,,,,,,,,,
78,8,,,,,,,100,71,70,13,240.4,2730,10801,38,0,15.5,4.6;2.4;13.0;8.7;4.8;2.1;53.0;58.6;38.2;31.3;73.4;71.4;1.5;1.2;0.7;0.3;1.2;1.4;0.5;0.0;0.5;1.0;1.2;1.2,33.17,0.08,0.0,0.05,14.214,0.0,27978.0,11767.0,4,16,,,,,,,,,,,,,,,,,,,,,,,,,,,,,,,,,,,,,,,,,,,,,,,,,,,,,,,,,,,,,
78,9,,,,,,,98,76,69,14,239.3,2730,10801,38,0,10.4,3.7;0.9;6.1;2.2;1.0;1.2;56.5;45.5;18.9;6.0;60.4;42.0;0.9;0.2;0.2;0.3;0.3;0.7;0.0;0.0;0.7;0.0;0.2;1.0,33.17,0.08,0.0,0.06,14.214,0.0,1660.0,48.0,4,16,,,,,,,,,,,,,,,,,,,,,,,,,,,,,,,,,,,,,,,,,,,,,,,,,,,,,,,,,,,,,
78,10,,,,,,,0,0,64,15,239.3,2730,10801,38,0,13.3,17.2;3.3;10.3;6.7;0.0;13.8;82.8;3.4;55.2;6.7;93.3;7.1;6.9;0.0;0.0;0.0;3.4;0.0;0.0;0.0;3.4;0.0;3.3;0.0,33.21,0.08,0.0,0.1,14.218,0.0,292.0,292.0,4,16,,,,,,,,,,,,,,,,,,,,,,,,,,,,,,,,,,,,,,,,,,,,,,,,,,,,,,,,,,,,,
78,summary,0.30147878872639955,0.9957349230783243,0.2830789513587952,0.9997777777777778,0.00100000,88.2,,,,,,,,,,,,,,,,,,,,,,0,79.6,100,0,54.4,79,58,67.2,70,12,15.7,20,61.7,222.13,240.4,2731.5,10801.0,38.0,0,10.4,19.26,40.1,33.17,33.2,33.27,63.16,0.08,0.08,0.08,18.03,0.0,0.0,0.0,0.05,1.31,3.6,11.269,15.584,14.214,14.21,14.218,15.992,0.0,0.0,0.0,292.0,3754.2,27978.0,0.0,2265.0,11767.0,4,4.0,4,16,16.0,16,4,16,2.81,72.04
79,1,,,,,,,100,54,66,18,89.6,2730,10801,38,0,40.4,32.6;31.5;57.7;63.3;40.2;38.9;67.4;91.3;74.0;73.0;95.2;79.5;27.3;23.8;13.2;14.4;23.8;23.1;10.2;10.6;21.0;21.8;18.5;17.5,33.17,0.08,0.0,0.05,14.214,0.0,1123.0,1513.0,4,16,,,,,,,,,,,,,,,,,,,,,,,,,,,,,,,,,,,,,,,,,,,,,,,,,,,,,,,,,,,,,
79,2,,,,,,,100,87,66,16,238.7,2730,10801,38,0,20.2,6.3;3.9;25.8;13.5;8.4;5.7;86.1;53.0;46.2;56.4;89.2;61.6;4.3;4.5;1.2;1.4;2.2;2.1;1.2;1.2;2.6;2.1;2.1;3.2,33.24,0.08,0.0,2.48,14.214,0.0,292.0,1367.0,4,16,,,,,,,,,,,,,,,,,,,,,,,,,,,,,,,,,,,,,,,,,,,,,,,,,,,,,,,,,,,,,
79,3,,,,,,,100,85,68,14,239.6,2730,10801,38,0,18.2,4.7;2.6;18.1;9.7;5.6;2.4;68.3;61.2;37.4;60.9;83.1;77.0;2.1;1.2;0.3;0.0;0.3;0.7;0.2;0.2;0.2;0.5;0.2;1.4,33.23,0.08,0.01,2.17,14.214,0.0,1464.0,1757.0,4,16,,,,,,,,,,,,,,,,,,,,,,,,,,,,,,,,,,,,,,,,,,,,,,,,,,,,,,,,,,,,,
79,4,,,,,,,100,85,70,17,239.7,2730,10801,38,0,18.4,6.2;1.5;13.2;16.8;2.9;5.3;78.9;79.8;52.0;50.3;94.2;33.7;1.0;2.1;0.0;0.2;0.5;0.5;0.2;0.2;0.3;0.2;0.5;1.2,33.19,0.08,0.01,1.6,14.214,0.0,0.0,1806.0,4,16,,,,,,,,,,,,,,,,,,,,,,,,,,,,,,,,,,,,,,,,,,,,,,,,,,,,,,,,,,,,,
79,5,,,,,,,100,62,71,14,240.4,2730,10801,38,0,18.6,5.6;3.3;12.3;18.1;4.8;5.3;91.3;58.7;45.7;58.4;85.2;47.9;1.7;1.5;0.7;0.2;0.7;0.5;0.2;0.2;0.5;0.0;0.2;1.9,33.17,0.08,0.0,2.19,14.214,0.0,1171.0,146.0,4,16,,,,,,,,,,,,,,,,,,,,,,,,,,,,,,,,,,,,,,,,,,,,,,,,,,,,,,,,,,,,,
79,6,,,,,,,100,69,70,19,240.7,2730,10801,38,0,18.3,7.0;2.6;14.9;12.9;2.6;5.1;68.9;71.2;40.1;59.8;88.4;60.8;1.7;1.4;0.0;0.0;0.5;0.5;0.0;0.0;0.2;0.0;0.2;1.4,33.18,0.08,0.0,0.06,14.214,0.0,1416.0,1464.0,4,16,,,,,,,,,,,,,,,,,,,,,,,,,,,,,,,,,,,,,,,,,,,,,,,,,,,,,,,,,,,,,
79,7,,,,,,,98,79,69,14,238.3,2730,10801,38,0,18.7,6.1;2.2;16.9;15.6;4.1;7.2;52.6;72.6;51.3;50.1;89.9;69.4;0.9;2.4;0.2;0.2;0.9;1.0;0.3;0.5;0.9;0.3;0.5;1.2,33.19,0.08,0.0,0.06,14.214,0.0,1708.0,1367.0,4,16,,,,,,,,,,,,,,,,,,,,,,,,,,,,,,,,,,,,,,,,,,,,,,,,,,,,,,,,,,,,,
79,8,,,,,,,100,66,70,19,241.0,2730,10801,38,0,15.7,5.1;3.2;13.6;14.0;3.1;3.3;54.1;58.4;31.2;35.4;85.1;58.3;2.1;1.0;0.7;0.3;0.7;1.0;0.3;0.5;1.0;0.9;0.7;2.2,33.19,0.08,0.0,0.08,14.214,0.0,244.0,1806.0,4,16,,,,,,,,,,,,,,,,,,,,,,,,,,,,,,,,,,,,,,,,,,,,,,,,,,,,,,,,,,,,,
79,9,,,,,,,100,77,70,16,240.8,2730,10801,38,0,10.3,2.9;1.2;5.8;2.2;2.2;1.5;55.0;45.9;12.0;10.8;51.9;50.5;1.4;0.3;0.3;0.2;0.7;0.5;0.0;0.0;0.3;0.2;0.2;0.7,33.19,0.08,0.0,0.04,14.214,0.0,1708.0,8007.0,4,16,,,,,,,,,,,,,,,,,,,,,,,,,,,,,,,,,,,,,,,,,,,,,,,,,,,,,,,,,,,,,
79,10,,,,,,,100,85,67,15,240.8,2730,10801,38,0,13.1,10.7;3.7;3.6;10.7;7.1;3.6;14.3;67.9;10.7;58.6;100.0;3.6;3.7;0.0;0.0;0.0;7.4;0.0;0.0;0.0;0.0;0.0;0.0;0.0,33.23,0.08,0.0,0.38,14.218,0.0,976.0,1562.0,4,16,,,,,,,,,,,,,,,,,,,,,,,,,,,,,,,,,,,,,,,,,,,,,,,,,,,,,,,,,,,,,
79,summary,0.3011693385469186,0.9959466967855939,0.2830776355266571,0.9998888888888889,0.00100000,88.0,,,,,,,,,,,,,,,,,,,,,,98,99.8,100,54,74.9,87,66,68.7,71,14,16.2,19,89.6,224.96,241.0,2730.0,10801.0,38.0,0,10.3,19.19,40.4,33.17,33.2,33.24,63.16,0.08,0.08,0.08,18.03,0.0,0.0,0.01,0.04,0.91,2.48,11.269,15.584,14.214,14.21,14.218,15.992,0.0,0.0,0.0,0.0,1010.2,1708.0,146.0,2079.5,8007.0,4,4.0,4,16,16.0,16,4,16,2.82,72.05
80,1,,,,,,,0,0,58,19,60.9,2745,10801,38,0,40.6,33.8;30.4;58.2;60.6;40.1;39.7;81.9;92.4;76.7;69.7;95.9;67.7;27.1;26.8;13.2;13.1;23.9;23.4;9.5;10.6;21.8;22.0;19.0;16.1,33.36,0.08,0.0,0.05,14.214,0.0,1025.0,1464.0,4,16,,,,,,,,,,,,,,,,,,,,,,,,,,,,,,,,,,,,,,,,,,,,,,,,,,,,,,,,,,,,,
80,2,,,,,,,100,70,68,15,239.5,2730,10801,38,0,19.9,7.5;2.9;24.2;17.2;6.5;6.5;79.2;89.6;49.4;56.7;98.1;22.8;2.9;3.4;0.3;0.5;1.9;1.5;0.9;0.9;0.9;1.0;1.4;1.4,33.23,0.08,0.0,2.47,14.214,0.0,1416.0,0.0,4,16,,,,,,,,,,,,,,,,,,,,,,,,,,,,,,,,,,,,,,,,,,,,,,,,,,,,,,,,,,,,,
80,3,,,,,,,100,69,68,14,240.3,2730,10801,38,0,18.0,6.9;1.9;19.7;8.9;3.8;3.9;70.0;93.5;48.8;44.7;92.1;28.5;1.9;0.9;0.3;0.3;0.3;0.3;0.0;0.3;0.2;1.0;0.2;3.0,33.21,0.08,0.0,2.13,14.214,0.0,585.0,0.0,4,16,,,,,,,,,,,,,,,,,,,,,,,,,,,,,,,,,,,,,,,,,,,,,,,,,,,,,,,,,,,,,
80,4,,,,,,,100,85,71,14,239.8,2730,10801,38,0,18.7,3.7;2.4;20.3;14.0;4.5;6.0;80.0;86.8;58.4;42.7;86.7;33.6;1.9;1.4;0.2;0.0;0.2;1.0;0.2;0.3;0.3;0.3;0.3;1.9,33.21,0.08,0.0,1.62,14.214,0.0,927.0,1611.0,4,16,,,,,,,,,,,,,,,,,,,,,,,,,,,,,,,,,,,,,,,,,,,,,,,,,,,,,,,,,,,,,
80,5,,,,,,,100,61,69,13,240.4,2730,10801,38,0,18.2,7.4;1.7;11.8;12.5;2.6;5.0;75.3;76.3;50.8;48.5;85.8;50.9;1.4;2.4;0.3;0.3;0.5;0.3;0.2;0.0;0.3;0.0;0.3;1.2,33.19,0.08,0.0,2.22,14.214,0.0,2539.0,1464.0,4,16,,,,,,,,,,,,,,,,,,,,,,,,,,,,,,,,,,,,,,,,,,,,,,,,,,,,,,,,,,,,,
80,6,,,,,,,100,79,69,15,239.0,2730,10801,38,0,18.3,5.7;2.7;14.2;14.2;3.1;5.5;65.5;83.2;44.6;53.7;84.2;52.8;1.9;1.7;0.0;0.5;0.9;1.0;0.0;0.3;0.2;0.7;0.7;1.5,33.19,0.08,0.0,0.07,14.214,0.0,1513.0,1416.0,4,16,,,,,,,,,,,,,,,,,,,,,,,,,,,,,,,,,,,,,,,,,,,,,,,,,,,,,,,,,,,,,
80,7,,,,,,,100,50,71,14,239.9,2730,10801,38,0,18.6,5.4;2.7;13.1;16.6;4.1;5.2;68.4;87.1;48.8;53.1;94.4;39.8;2.2;1.2;0.0;0.0;0.3;0.3;0.3;0.3;0.2;0.5;0.3;0.9,33.19,0.08,0.0,0.05,14.214,0.0,1464.0,8105.0,4,16,,,,,,,,,,,,,,,,,,,,,,,,,,,,,,,,,,,,,,,,,,,,,,,,,,,,,,,,,,,,,
80,8,,,,,,,98,75,71,15,240.3,2730,10801,38,0,14.9,5.4;2.9;6.8;10.2;3.4;3.7;57.4;83.2;27.9;37.9;55.5;57.0;1.7;0.9;0.3;0.0;0.3;0.9;0.0;0.0;1.0;0.7;0.3;1.4,33.19,0.08,0.0,0.07,14.214,0.0,19335.0,13085.0,4,16,,,,,,,,,,,,,,,,,,,,,,,,,,,,,,,,,,,,,,,,,,,,,,,,,,,,,,,,,,,,,
80,9,,,,,,,100,81,70,12,240.5,2730,10801,38,0,10.2,4.9;0.5;2.7;4.5;1.2;1.0;60.2;39.8;9.2;12.8;75.3;29.3;0.5;0.3;0.0;0.0;0.0;0.2;0.2;0.0;0.3;0.3;0.0;0.2,33.19,0.08,0.0,0.09,14.214,0.0,1123.0,1953.0,4,16,,,,,,,,,,,,,,,,,,,,,,,,,,,,,,,,,,,,,,,,,,,,,,,,,,,,,,,,,,,,,
80,10,,,,,,,22,14,62,17,240.5,2730,10801,38,0,13.3,6.7;6.9;17.2;3.4;10.3;6.9;44.8;41.4;58.6;17.2;100.0;0.0;0.0;0.0;0.0;0.0;0.0;3.4;0.0;0.0;0.0;0.0;3.4;0.0,33.23,0.08,0.0,0.04,14.218,0.0,2978.0,25195.0,4,16,,,,,,,,,,,,,,,,,,,,,,,,,,,,,,,,,,,,,,,,,,,,,,,,,,,,,,,,,,,,,
80,summary,0.30120075897414,0.9958055143140809,0.2830517519315084,0.9998888888888889,0.00100000,88.3,,,,,,,,,,,,,,,,,,,,,,0,82.0,100,0,58.4,85,58,67.7,71,12,14.8,19,60.9,222.11,240.5,2731.5,10801.0,38.0,0,10.2,19.07,40.6,33.19,33.22,33.36,63.16,0.08,0.08,0.08,18.03,0.0,0.0,0.0,0.04,0.88,2.47,11.269,15.584,14.214,14.21,14.218,15.992,0.0,0.0,0.0,585.0,3290.5,19335.0,0.0,5429.3,25195.0,4,4.0,4,16,16.0,16,4,16,3.05,72.04
81,1,,,,,,,100,58,66,20,101.8,2730,10801,38,0,39.9,34.4;30.4;65.9;58.0;41.6;37.0;86.5;92.3;71.2;78.0;92.3;49.8;24.4;22.4;13.1;14.4;22.9;23.4;11.2;10.7;20.6;21.6;17.8;18.1,33.13,0.08,0.0,0.07,14.214,0.0,732.0,1416.0,4,16,,,,,,,,,,,,,,,,,,,,,,,,,,,,,,,,,,,,,,,,,,,,,,,,,,,,,,,,,,,,,
81,2,,,,,,,98,74,70,15,239.9,2730,10801,38,0,21.4,9.1;5.5;29.8;13.8;9.4;6.5;91.0;79.2;43.4;57.2;90.0;35.8;5.8;4.9;2.0;2.7;4.4;4.1;1.5;2.6;3.9;3.8;3.2;3.6,33.27,0.08,0.0,3.61,14.214,0.0,1123.0,1367.0,4,16,,,,,,,,,,,,,,,,,,,,,,,,,,,,,,,,,,,,,,,,,,,,,,,,,,,,,,,,,,,,,
81,3,,,,,,,100,80,68,14,238.9,2730,10801,38,0,18.7,7.9;0.9;20.4;15.0;6.0;5.1;82.2;75.9;52.7;47.5;91.4;35.3;2.1;1.2;0.2;0.2;0.9;0.7;0.2;0.0;0.9;0.2;1.0;0.7,33.24,0.08,0.0,3.02,14.214,0.0,341.0,1855.0,4,16,,,,,,,,,,,,,,,,,,,,,,,,,,,,,,,,,,,,,,,,,,,,,,,,,,,,,,,,,,,,,
81,4,,,,,,,100,77,67,14,239.9,2730,10801,38,0,19.4,7.1;3.6;16.0;15.9;5.8;4.8;65.7;71.3;59.4;46.3;89.2;63.9;2.1;2.0;0.9;0.5;1.2;1.2;0.9;0.9;1.2;0.7;1.4;3.4,33.22,0.08,0.0,2.15,14.214,0.0,0.0,1806.0,4,16,,,,,,,,,,,,,,,,,,,,,,,,,,,,,,,,,,,,,,,,,,,,,,,,,,,,,,,,,,,,,
81,5,,,,,,,100,50,71,15,240.1,2730,10801,38,0,17.7,3.9;2.2;17.0;8.7;6.7;2.7;79.6;81.0;57.8;41.9;93.1;23.3;0.9;1.2;0.3;0.0;0.9;0.9;0.0;0.2;0.3;0.7;0.3;1.0,33.21,0.08,0.0,1.38,14.214,0.0,1464.0,0.0,4,16,,,,,,,,,,,,,,,,,,,,,,,,,,,,,,,,,,,,,,,,,,,,,,,,,,,,,,,,,,,,,
81,6,,,,,,,98,76,70,21,239.6,2730,10801,38,0,18.6,5.6;3.1;15.5;17.4;3.2;6.1;83.9;80.0;46.3;52.6;88.4;33.4;1.5;2.6;0.2;0.0;1.5;1.9;0.5;0.2;1.0;0.5;0.3;1.5,33.19,0.08,0.0,2.41,14.214,0.0,292.0,97.0,4,16,,,,,,,,,,,,,,,,,,,,,,,,,,,,,,,,,,,,,,,,,,,,,,,,,,,,,,,,,,,,,
81,7,,,,,,,100,80,69,16,239.7,2730,10801,38,0,18.5,6.6;2.4;14.6;14.6;5.7;6.3;72.8;85.8;34.2;65.0;89.4;38.2;1.4;1.7;0.7;0.5;1.2;1.0;0.2;0.2;0.2;0.5;0.9;1.0,33.2,0.08,0.0,0.07,14.214,0.0,1416.0,97.0,4,16,,,,,,,,,,,,,,,,,,,,,,,,,,,,,,,,,,,,,,,,,,,,,,,,,,,,,,,,,,,,,
81,8,,,,,,,100,50,71,20,240.4,2730,10801,38,0,14.7,4.2;0.5;11.5;8.2;2.4;2.4;59.1;54.1;34.0;32.4;78.0;62.3;0.7;0.3;0.2;0.2;0.2;0.2;0.3;0.0;0.0;0.0;0.2;0.7,33.2,0.08,0.02,0.07,14.214,0.0,25781.0,100146.0,4,16,,,,,,,,,,,,,,,,,,,,,,,,,,,,,,,,,,,,,,,,,,,,,,,,,,,,,,,,,,,,,
81,9,,,,,,,100,55,68,15,240.3,2730,10801,38,0,10.9,5.8;1.2;4.5;6.0;1.7;2.4;57.0;43.7;9.9;17.3;48.3;55.0;1.0;1.0;0.3;0.3;0.9;0.3;0.3;0.3;0.7;0.2;0.7;1.9,33.21,0.08,0.0,0.05,14.214,0.0,683.0,1708.0,4,16,,,,,,,,,,,,,,,,,,,,,,,,,,,,,,,,,,,,,,,,,,,,,,,,,,,,,,,,,,,,,
81,10,,,,,,,100,62,68,15,240.3,2730,10801,38,0,12.3,6.9;0.0;6.9;10.3;6.9;3.6;24.1;65.5;13.8;48.3;100.0;0.0;3.6;0.0;0.0;0.0;0.0;0.0;0.0;0.0;0.0;0.0;0.0;0.0,33.23,0.08,0.0,0.03,14.218,0.0,732.0,1367.0,4,16,,,,,,,,,,,,,,,,,,,,,,,,,,,,,,,,,,,,,,,,,,,,,,,,,,,,,,,,,,,,,
81,summary,0.3017111989282533,0.9956984888921275,0.2830055667559306,0.9998888888888889,0.00100000,88.3,,,,,,,,,,,,,,,,,,,,,,98,99.6,100,50,66.2,80,66,68.8,71,14,16.5,21,101.8,226.09,240.4,2730.0,10801.0,38.0,0,10.9,19.21,39.9,33.13,33.21,33.27,63.16,0.08,0.08,0.08,18.03,0.0,0.0,0.02,0.03,1.29,3.61,11.269,15.584,14.214,14.21,14.218,15.992,0.0,0.0,0.0,0.0,3256.4,25781.0,0.0,10985.9,100146.0,4,4.0,4,16,16.0,16,4,16,2.76,72.04
82,1,,,,,,,100,56,65,22,115.0,2730,10801,38,0,39.8,30.9;30.1;59.9;65.1;39.2;38.4;94.0;87.4;70.5;66.7;94.1;62.6;24.7;25.4;12.6;13.2;22.0;22.2;9.8;10.2;20.5;19.9;18.6;16.3,33.22,0.08,0.0,0.05,14.214,0.0,292.0,0.0,4,16,,,,,,,,,,,,,,,,,,,,,,,,,,,,,,,,,,,,,,,,,,,,,,,,,,,,,,,,,,,,,
82,2,,,,,,,100,64,68,16,239.6,2730,10801,38,0,20.8,9.6;4.5;28.3;14.7;9.5;6.8;57.3;74.4;43.9;64.4;90.6;70.8;4.3;4.1;1.2;1.4;2.2;2.2;1.4;1.0;1.9;1.9;2.2;1.7,33.26,0.08,0.0,3.58,14.214,0.0,0.0,1708.0,4,16,,,,,,,,,,,,,,,,,,,,,,,,,,,,,,,,,,,,,,,,,,,,,,,,,,,,,,,,,,,,,
82,3,,,,,,,98,79,68,16,239.4,2730,10801,38,0,19.0,6.9;3.9;18.3;11.6;6.2;4.4;51.0;74.1;45.2;58.8;93.2;65.0;3.4;2.4;0.9;1.0;2.2;0.5;1.0;1.0;0.9;0.9;0.5;2.6,33.23,0.08,0.0,3.02,14.214,0.0,0.0,1904.0,4,16,,,,,,,,,,,,,,,,,,,,,,,,,,,,,,,,,,,,,,,,,,,,,,,,,,,,,,,,,,,,,
82,4,,,,,,,100,75,71,16,238.8,2730,10801,38,0,18.7,7.7;2.2;25.1;9.8;9.1;4.8;91.5;76.0;41.7;54.7;84.6;32.2;2.1;1.9;0.5;0.2;0.3;0.9;0.2;0.0;0.7;0.2;0.7;0.7,33.23,0.08,0.0,2.14,14.214,0.0,1220.0,195.0,4,16,,,,,,,,,,,,,,,,,,,,,,,,,,,,,,,,,,,,,,,,,,,,,,,,,,,,,,,,,,,,,
82,5,,,,,,,100,80,70,16,239.0,2730,10801,38,0,18.2,4.2;1.9;17.4;7.5;3.9;3.1;92.2;60.3;53.6;46.3;88.9;46.3;1.9;2.2;0.3;0.5;0.5;0.7;0.3;0.9;0.9;0.2;0.5;2.0,33.21,0.08,0.0,1.37,14.214,0.0,18359.0,16894.0,4,16,,,,,,,,,,,,,,,,,,,,,,,,,,,,,,,,,,,,,,,,,,,,,,,,,,,,,,,,,,,,,
82,6,,,,,,,100,71,69,17,239.5,2730,10801,38,0,17.7,5.1;1.5;15.2;12.5;4.4;2.4;57.5;59.5;45.8;52.4;89.6;72.6;1.9;1.4;0.0;0.0;0.3;0.3;0.0;0.0;0.5;0.0;0.0;0.5,33.2,0.08,0.0,2.42,14.214,0.0,5566.0,244.0,4,16,,,,,,,,,,,,,,,,,,,,,,,,,,,,,,,,,,,,,,,,,,,,,,,,,,,,,,,,,,,,,
82,7,,,,,,,100,85,69,13,238.8,2730,10801,38,0,18.4,7.5;2.7;12.6;15.1;3.6;6.2;69.4;84.4;58.2;45.0;89.5;40.1;1.0;1.2;0.5;0.0;0.9;0.9;0.3;0.2;0.9;0.3;0.9;1.0,33.19,0.08,0.0,0.05,14.214,0.0,1123.0,1806.0,4,16,,,,,,,,,,,,,,,,,,,,,,,,,,,,,,,,,,,,,,,,,,,,,,,,,,,,,,,,,,,,,
82,8,,,,,,,100,85,69,15,238.5,2730,10801,38,0,15.0,5.7;1.4;6.0;12.0;2.6;3.6;57.5;66.0;40.0;29.1;92.6;36.1;1.7;1.7;0.0;0.0;0.3;0.2;0.0;0.0;0.5;0.5;0.7;1.9,33.19,0.08,0.0,0.06,14.214,0.0,1171.0,1464.0,4,16,,,,,,,,,,,,,,,,,,,,,,,,,,,,,,,,,,,,,,,,,,,,,,,,,,,,,,,,,,,,,
82,9,,,,,,,100,66,71,14,239.3,2730,10801,38,0,10.7,4.1;2.4;3.9;4.5;2.4;2.2;45.4;57.2;13.1;14.7;100.0;0.9;0.9;0.9;0.5;0.2;0.2;0.5;0.0;0.0;0.2;0.3;0.7;2.0,33.19,0.08,0.0,0.04,14.214,0.0,1123.0,1416.0,4,16,,,,,,,,,,,,,,,,,,,,,,,,,,,,,,,,,,,,,,,,,,,,,,,,,,,,,,,,,,,,,
82,10,,,,,,,100,74,68,21,239.3,2730,10801,38,0,17.8,10.0;6.9;24.1;17.2;17.2;6.7;44.8;62.1;53.6;40.0;100.0;0.0;6.9;0.0;0.0;0.0;0.0;10.0;0.0;0.0;0.0;3.6;3.3;6.5,33.23,0.08,0.0,0.8,14.218,0.0,1171.0,97.0,4,16,,,,,,,,,,,,,,,,,,,,,,,,,,,,,,,,,,,,,,,,,,,,,,,,,,,,,,,,,,,,,
82,summary,0.3012804592936568,0.995910262599397,0.2830031643708547,0.9998888888888889,0.00100000,88.1,,,,,,,,,,,,,,,,,,,,,,98,99.8,100,56,73.5,85,65,68.8,71,13,16.6,22,115.0,226.72,239.6,2730.0,10801.0,38.0,0,10.7,19.61,39.8,33.19,33.21,33.26,63.16,0.08,0.08,0.08,18.03,0.0,0.0,0.0,0.04,1.35,3.58,11.269,15.584,14.214,14.21,14.218,15.992,0.0,0.0,0.0,0.0,3002.5,18359.0,0.0,2572.8,16894.0,4,4.0,4,16,16.0,16,4,16,2.92,72.05
83,1,,,,,,,32,24,58,23,64.7,2745,10801,38,0,40.4,31.2;34.5;60.3;63.9;36.2;40.0;93.8;83.7;63.8;71.9;93.0;75.0;26.2;25.0;12.1;14.5;22.8;24.5;9.5;9.8;21.6;21.0;17.2;18.4,33.55,0.08,0.0,0.07,14.214,0.0,1074.0,1464.0,4,16,,,,,,,,,,,,,,,,,,,,,,,,,,,,,,,,,,,,,,,,,,,,,,,,,,,,,,,,,,,,,
83,2,,,,,,,100,71,67,20,238.8,2730,10801,38,0,19.4,8.0;2.7;18.1;23.9;6.0;5.4;61.8;87.7;47.1;54.5;85.5;54.9;2.7;2.2;1.0;0.2;1.2;0.5;0.2;0.2;0.0;0.7;0.3;1.4,33.27,0.08,0.0,3.94,14.214,0.0,341.0,390.0,4,16,,,,,,,,,,,,,,,,,,,,,,,,,,,,,,,,,,,,,,,,,,,,,,,,,,,,,,,,,,,,,
83,3,,,,,,,100,85,67,16,239.1,2730,10801,38,0,18.5,5.6;1.7;20.0;15.3;6.5;5.0;55.0;77.6;54.5;46.7;88.2;57.5;2.4;1.5;0.7;0.5;0.7;0.2;0.2;0.3;0.5;0.3;0.3;1.2,33.24,0.08,0.0,2.6,14.214,0.0,292.0,390.0,4,16,,,,,,,,,,,,,,,,,,,,,,,,,,,,,,,,,,,,,,,,,,,,,,,,,,,,,,,,,,,,,
83,4,,,,,,,100,61,67,21,239.1,2730,10801,38,0,18.2,5.7;1.5;17.5;13.5;5.1;4.1;85.3;81.8;49.8;48.3;93.7;25.4;2.0;1.2;0.0;0.2;0.5;0.2;0.0;0.0;0.5;0.3;0.0;1.2,33.23,0.08,0.0,2.15,14.214,0.0,1123.0,1367.0,4,16,,,,,,,,,,,,,,,,,,,,,,,,,,,,,,,,,,,,,,,,,,,,,,,,,,,,,,,,,,,,,
83,5,,,,,,,100,52,68,15,238.5,2730,10801,38,0,18.8,7.2;1.9;18.7;16.4;4.5;3.8;70.0;78.9;58.1;44.1;89.9;44.5;2.4;1.9;0.7;0.7;1.4;1.0;0.7;0.2;1.0;0.5;1.0;2.6,33.21,0.08,0.0,1.59,14.214,0.0,341.0,1757.0,4,16,,,,,,,,,,,,,,,,,,,,,,,,,,,,,,,,,,,,,,,,,,,,,,,,,,,,,,,,,,,,,
83,6,,,,,,,100,76,70,14,239.1,2730,10801,38,0,18.2,6.4;2.4;17.9;12.5;5.5;2.6;67.0;86.0;32.8;66.0;88.4;43.6;1.4;1.2;0.2;0.3;0.3;0.3;0.3;0.3;0.0;0.5;0.2;1.9,33.2,0.08,0.0,2.18,14.214,0.0,1416.0,1269.0,4,16,,,,,,,,,,,,,,,,,,,,,,,,,,,,,,,,,,,,,,,,,,,,,,,,,,,,,,,,,,,,,
83,7,,,,,,,100,88,67,14,239.1,2730,10801,38,0,18.1,4.9;2.1;17.3;10.6;6.5;2.4;60.9;79.5;42.0;53.9;90.4;54.8;1.7;1.4;0.3;0.5;0.5;1.0;0.2;0.2;1.0;0.3;0.5;0.7,33.21,0.08,0.01,0.1,14.214,0.0,1171.0,195.0,4,16,,,,,,,,,,,,,,,,,,,,,,,,,,,,,,,,,,,,,,,,,,,,,,,,,,,,,,,,,,,,,
83,8,,,,,,,100,58,70,15,238.4,2730,10801,38,0,15.4,4.6;2.2;9.4;10.9;3.6;4.8;69.3;68.2;31.5;41.5;93.3;20.7;1.9;2.2;0.0;0.2;0.7;0.9;0.0;0.0;0.3;0.7;0.3;2.0,33.2,0.08,0.0,0.05,14.214,0.0,585.0,1806.0,4,16,,,,,,,,,,,,,,,,,,,,,,,,,,,,,,,,,,,,,,,,,,,,,,,,,,,,,,,,,,,,,
83,9,,,,,,,100,66,70,15,238.9,2730,10801,38,0,10.5,5.9;1.0;2.6;4.1;1.4;1.4;59.2;41.3;11.0;16.2;65.2;37.2;0.5;1.4;0.0;0.2;0.2;0.9;0.3;0.3;0.3;0.3;0.0;0.5,33.2,0.08,0.0,0.04,14.214,0.0,830.0,1416.0,4,16,,,,,,,,,,,,,,,,,,,,,,,,,,,,,,,,,,,,,,,,,,,,,,,,,,,,,,,,,,,,,
83,10,,,,,,,100,73,68,14,238.9,2730,10801,38,0,15.7,10.7;3.4;17.2;25.0;17.9;7.1;0.0;100.0;27.6;60.7;28.6;64.3;6.9;6.9;0.0;0.0;0.0;0.0;0.0;0.0;3.4;3.4;0.0;0.0,33.23,0.08,0.0,0.13,14.218,0.0,25683.0,2783.0,4,16,,,,,,,,,,,,,,,,,,,,,,,,,,,,,,,,,,,,,,,,,,,,,,,,,,,,,,,,,,,,,
83,summary,0.30103644316292016,0.9959125397360343,0.2830018634001414,0.9998888888888889,0.00100000,88.6,,,,,,,,,,,,,,,,,,,,,,32,93.2,100,24,65.4,88,58,67.2,70,14,16.7,23,64.7,221.46,239.1,2731.5,10801.0,38.0,0,10.5,19.32,40.4,33.2,33.25,33.55,63.16,0.08,0.08,0.08,18.03,0.0,0.0,0.01,0.04,1.28,3.94,11.269,15.584,14.214,14.21,14.218,15.992,0.0,0.0,0.0,292.0,3285.6,25683.0,195.0,1283.7,2783.0,4,4.0,4,16,16.0,16,4,16,3.15,72.04
84,1,,,,,,,100,57,66,19,95.7,2730,10801,38,0,40.1,32.7;31.4;66.0;56.4;39.2;41.1;84.9;77.7;72.0;74.1;96.9;68.5;24.8;24.4;14.4;14.8;20.9;23.5;9.9;10.8;20.6;21.8;18.4;18.0,33.31,0.08,0.0,0.49,14.214,0.0,341.0,1806.0,4,16,,,,,,,,,,,,,,,,,,,,,,,,,,,,,,,,,,,,,,,,,,,,,,,,,,,,,,,,,,,,,
84,2,,,,,,,98,73,70,16,238.3,2730,10801,38,0,19.7,6.2;3.3;16.1;20.9;6.2;8.2;61.3;66.6;45.4;60.7;94.5;63.0;3.6;2.9;1.0;2.1;1.7;1.4;0.3;0.5;1.5;2.1;1.7;2.0,33.25,0.08,0.01,3.9,14.214,0.0,1123.0,1416.0,4,16,,,,,,,,,,,,,,,,,,,,,,,,,,,,,,,,,,,,,,,,,,,,,,,,,,,,,,,,,,,,,
84,3,,,,,,,100,77,67,14,238.7,2730,10801,38,0,17.9,3.8;2.1;16.6;11.6;3.3;4.3;63.5;56.8;47.0;49.0;90.2;74.0;2.2;1.4;0.0;0.3;0.9;0.3;0.2;0.0;0.5;0.3;0.3;0.2,33.24,0.08,0.0,2.72,14.214,0.0,341.0,1660.0,4,16,,,,,,,,,,,,,,,,,,,,,,,,,,,,,,,,,,,,,,,,,,,,,,,,,,,,,,,,,,,,,
84,4,,,,,,,100,50,69,15,239.0,2730,10801,38,0,19.2,7.1;3.9;24.7;9.6;6.8;3.1;75.4;55.7;49.2;53.1;84.8;71.3;1.9;2.2;1.2;0.7;1.9;1.0;0.9;0.5;1.4;0.9;1.2;2.2,33.24,0.08,0.01,1.81,14.214,0.0,976.0,244.0,4,16,,,,,,,,,,,,,,,,,,,,,,,,,,,,,,,,,,,,,,,,,,,,,,,,,,,,,,,,,,,,,
84,5,,,,,,,100,57,69,13,238.8,2730,10801,38,0,18.0,4.1;1.2;21.7;8.7;4.8;2.6;83.0;78.6;43.4;59.0;89.6;31.2;2.4;0.3;0.0;0.0;0.7;0.0;0.2;0.2;0.0;0.0;0.2;0.0,33.2,0.08,0.02,3.57,14.214,0.0,1171.0,146.0,4,16,,,,,,,,,,,,,,,,,,,,,,,,,,,,,,,,,,,,,,,,,,,,,,,,,,,,,,,,,,,,,
84,6,,,,,,,100,75,70,14,239.4,2730,10801,38,0,18.8,8.7;2.6;24.4;10.6;8.2;3.9;64.5;69.3;56.3;41.7;93.8;54.0;3.1;3.6;0.3;0.2;0.9;1.0;0.0;0.3;0.5;0.9;0.9;0.3,33.19,0.08,0.01,0.1,14.214,0.0,1416.0,97.0,4,16,,,,,,,,,,,,,,,,,,,,,,,,,,,,,,,,,,,,,,,,,,,,,,,,,,,,,,,,,,,,,
84,7,,,,,,,100,85,71,14,237.8,2730,10801,38,0,18.1,6.4;1.0;17.9;7.5;5.8;2.1;81.4;75.9;55.2;39.6;94.5;42.9;1.4;1.7;0.0;0.0;0.2;0.2;0.2;0.0;0.0;0.3;0.0;0.3,33.19,0.08,0.03,0.14,14.214,0.0,488.0,1367.0,4,16,,,,,,,,,,,,,,,,,,,,,,,,,,,,,,,,,,,,,,,,,,,,,,,,,,,,,,,,,,,,,
84,8,,,,,,,100,53,68,15,238.0,2730,10801,38,0,15.2,6.8;2.6;12.6;9.8;3.4;2.9;67.4;58.5;32.9;33.4;94.3;34.2;1.4;1.4;0.0;0.0;0.5;0.2;0.0;0.3;0.2;0.0;0.5;0.9,33.2,0.08,0.0,0.09,14.214,0.0,1464.0,1757.0,4,16,,,,,,,,,,,,,,,,,,,,,,,,,,,,,,,,,,,,,,,,,,,,,,,,,,,,,,,,,,,,,
84,9,,,,,,,100,77,69,14,238.5,2730,10801,38,0,10.3,5.0;0.7;4.3;3.1;1.4;1.5;44.0;58.8;13.4;9.8;98.5;2.4;0.3;0.3;0.5;0.0;0.3;0.2;0.3;0.2;0.3;0.3;0.7;0.7,33.2,0.08,0.0,0.05,14.214,0.0,830.0,1806.0,4,16,,,,,,,,,,,,,,,,,,,,,,,,,,,,,,,,,,,,,,,,,,,,,,,,,,,,,,,,,,,,,
84,10,,,,,,,100,77,69,14,238.5,2730,10801,38,0,12.8,7.1;0.0;7.1;6.9;7.1;7.1;17.9;62.1;14.3;53.3;100.0;0.0;3.6;3.6;0.0;0.0;3.6;0.0;0.0;0.0;3.4;3.4;3.4;0.0,33.24,0.08,0.0,0.04,14.218,0.0,1416.0,1464.0,4,16,,,,,,,,,,,,,,,,,,,,,,,,,,,,,,,,,,,,,,,,,,,,,,,,,,,,,,,,,,,,,
84,summary,0.3007136278613637,0.9960559993441847,0.283004710038503,0.9998888888888889,0.00100000,88.2,,,,,,,,,,,,,,,,,,,,,,98,99.8,100,50,68.1,85,66,68.8,71,13,14.8,19,95.7,224.27,239.4,2730.0,10801.0,38.0,0,10.3,19.01,40.1,33.19,33.23,33.31,63.16,0.08,0.08,0.08,18.03,0.0,0.01,0.03,0.04,1.29,3.9,11.269,15.584,14.214,14.21,14.218,15.992,0.0,0.0,0.0,341.0,956.6,1464.0,97.0,1176.3,1806.0,4,4.0,4,16,16.0,16,4,16,2.94,72.03
85,1,,,,,,,96,73,65,18,75.5,2745,10801,38,0,40.0,33.3;31.7;59.5;59.8;39.2;38.9;94.5;84.9;66.7;71.8;88.6;72.7;26.7;26.0;13.0;12.2;22.7;24.0;9.8;9.6;20.1;21.4;16.7;16.6,33.16,0.08,0.0,0.07,14.214,0.0,1464.0,1416.0,4,16,,,,,,,,,,,,,,,,,,,,,,,,,,,,,,,,,,,,,,,,,,,,,,,,,,,,,,,,,,,,,
85,2,,,,,,,100,84,68,15,237.3,2730,10801,38,0,21.2,8.5;6.5;18.5;22.6;8.7;9.4;79.1;92.8;47.3;58.5;91.4;26.0;5.0;6.0;2.1;1.9;2.7;4.3;1.5;2.7;4.3;3.1;3.2;3.2,33.26,0.08,0.0,2.53,14.214,0.0,1611.0,1708.0,4,16,,,,,,,,,,,,,,,,,,,,,,,,,,,,,,,,,,,,,,,,,,,,,,,,,,,,,,,,,,,,,
85,3,,,,,,,100,88,68,15,238.2,2730,10801,38,0,18.3,4.9;1.5;17.0;14.7;3.9;5.8;60.5;78.7;43.7;53.8;88.9;58.8;1.9;1.0;0.2;0.0;0.7;0.7;0.0;0.2;0.3;0.0;0.5;0.7,33.24,0.08,0.0,2.15,14.214,0.0,341.0,1806.0,4,16,,,,,,,,,,,,,,,,,,,,,,,,,,,,,,,,,,,,,,,,,,,,,,,,,,,,,,,,,,,,,
85,4,,,,,,,100,58,70,16,237.8,2730,10801,38,0,18.4,5.4;2.9;19.6;15.0;3.6;5.5;63.3;85.3;53.0;49.4;90.1;40.1;1.4;1.7;0.0;0.2;1.0;1.0;0.2;0.5;0.9;0.2;0.0;0.7,33.22,0.08,0.01,1.7,14.214,0.0,1318.0,1367.0,4,16,,,,,,,,,,,,,,,,,,,,,,,,,,,,,,,,,,,,,,,,,,,,,,,,,,,,,,,,,,,,,
85,5,,,,,,,98,76,70,15,239.0,2730,10801,38,0,17.9,4.9;1.5;15.2;10.3;6.7;2.4;62.7;66.2;46.9;49.9;85.1;70.9;1.5;1.2;0.3;0.2;0.7;0.5;0.0;0.2;0.9;0.3;0.5;1.2,33.2,0.08,0.0,2.23,14.219,0.0,390.0,1757.0,4,16,,,,,,,,,,,,,,,,,,,,,,,,,,,,,,,,,,,,,,,,,,,,,,,,,,,,,,,,,,,,,
85,6,,,,,,,100,78,70,21,238.8,2730,10801,38,0,17.8,4.4;2.4;19.2;7.7;4.6;2.4;73.5;61.8;39.1;58.7;91.5;56.5;1.4;0.3;0.3;0.5;0.9;0.2;0.2;0.0;0.5;0.0;0.2;0.7,33.19,0.08,0.0,0.07,14.214,0.0,2441.0,1513.0,4,16,,,,,,,,,,,,,,,,,,,,,,,,,,,,,,,,,,,,,,,,,,,,,,,,,,,,,,,,,,,,,
85,7,,,,,,,100,88,68,16,238.6,2730,10801,38,0,18.9,6.3;1.7;27.0;5.5;9.7;2.2;86.2;86.1;49.8;53.8;90.0;27.2;1.7;2.9;0.2;0.2;0.3;0.5;0.0;0.0;0.5;0.2;0.3;0.0,33.2,0.08,0.0,0.05,14.214,0.0,830.0,97.0,4,16,,,,,,,,,,,,,,,,,,,,,,,,,,,,,,,,,,,,,,,,,,,,,,,,,,,,,,,,,,,,,
85,8,,,,,,,100,50,70,19,239.2,2730,10801,38,0,15.1,4.3;1.5;13.7;6.2;3.3;3.3;72.0;71.2;24.1;42.4;64.8;46.2;1.2;1.4;0.5;0.5;0.7;0.3;0.0;0.0;0.5;0.2;1.0;1.7,33.19,0.08,0.0,0.06,14.214,0.0,11474.0,116210.0,4,16,,,,,,,,,,,,,,,,,,,,,,,,,,,,,,,,,,,,,,,,,,,,,,,,,,,,,,,,,,,,,
85,9,,,,,,,100,72,67,16,239.0,2730,10801,38,0,10.6,5.6;1.2;5.0;3.4;2.2;1.5;54.4;46.8;15.6;11.9;55.4;47.4;0.3;0.2;0.3;0.0;0.2;0.2;0.3;0.2;0.2;0.3;0.7;1.5,33.2,0.08,0.0,0.14,14.214,0.0,537.0,97.0,4,16,,,,,,,,,,,,,,,,,,,,,,,,,,,,,,,,,,,,,,,,,,,,,,,,,,,,,,,,,,,,,
85,10,,,,,,,93,65,66,14,239.0,2730,10801,38,0,13.8,6.7;0.0;6.7;6.7;13.3;0.0;0.0;100.0;33.3;50.0;86.7;6.7;3.3;0.0;0.0;0.0;6.7;0.0;0.0;0.0;3.3;0.0;0.0;6.5,33.24,0.08,0.0,0.04,14.218,0.0,22021.0,10253.0,4,16,,,,,,,,,,,,,,,,,,,,,,,,,,,,,,,,,,,,,,,,,,,,,,,,,,,,,,,,,,,,,
85,summary,0.3005552396272034,0.9960764935739204,0.28297783398628235,0.9998888888888889,0.00100000,88.1,,,,,,,,,,,,,,,,,,,,,,93,98.7,100,50,73.2,88,65,68.2,70,14,16.5,21,75.5,222.24,239.2,2731.5,10801.0,38.0,0,10.6,19.2,40.0,33.16,33.21,33.26,63.16,0.08,0.08,0.08,18.03,0.0,0.0,0.01,0.04,0.9,2.53,11.269,15.584,14.214,14.21,14.219,15.992,0.0,0.0,0.0,341.0,4242.7,22021.0,97.0,13622.4,116210.0,4,4.0,4,16,16.0,16,4,16,2.87,72.03
86,1,,,,,,,100,72,64,23,82.2,2745,10801,38,0,40.5,32.5;32.2;60.0;64.5;37.1;43.0;86.1;82.1;75.6;67.3;96.1;66.4;25.7;27.8;12.1;14.9;24.0;24.3;8.5;10.2;22.0;21.8;19.3;18.9,33.31,0.08,0.0,0.06,14.214,0.0,1660.0,2685.0,4,16,,,,,,,,,,,,,,,,,,,,,,,,,,,,,,,,,,,,,,,,,,,,,,,,,,,,,,,,,,,,,
86,2,,,,,,,100,86,66,15,237.9,2730,10801,38,0,19.3,4.1;5.1;14.4;21.5;4.5;6.2;69.8;69.4;47.7;59.5;89.1;57.5;2.4;1.5;0.7;0.7;1.5;2.1;0.7;0.2;1.4;1.0;0.9;1.4,33.27,0.08,0.0,3.59,14.214,0.0,5761.0,2685.0,4,16,,,,,,,,,,,,,,,,,,,,,,,,,,,,,,,,,,,,,,,,,,,,,,,,,,,,,,,,,,,,,
86,3,,,,,,,100,55,67,19,237.9,2730,10801,38,0,18.5,7.5;2.6;10.6;16.4;2.6;6.7;77.0;57.0;44.1;57.5;88.2;64.4;2.9;2.2;0.7;0.3;0.7;0.9;0.0;0.2;0.5;0.3;0.5;1.4,33.26,0.08,0.0,3.04,14.214,0.0,585.0,1513.0,4,16,,,,,,,,,,,,,,,,,,,,,,,,,,,,,,,,,,,,,,,,,,,,,,,,,,,,,,,,,,,,,
86,4,,,,,,,100,51,68,15,238.4,2730,10801,38,0,18.0,5.1;1.5;13.7;13.1;2.7;5.2;89.9;95.0;49.8;49.3;100.0;0.2;1.4;2.4;0.2;0.7;0.2;0.0;0.3;0.0;0.0;0.0;0.0;0.5,33.23,0.08,0.0,2.14,14.214,0.0,1171.0,1562.0,4,16,,,,,,,,,,,,,,,,,,,,,,,,,,,,,,,,,,,,,,,,,,,,,,,,,,,,,,,,,,,,,
86,5,,,,,,,100,70,69,16,238.7,2730,10801,38,0,18.6,5.9;1.9;14.4;15.3;4.1;7.4;89.0;78.9;41.2;58.5;84.4;37.4;1.2;1.5;0.2;0.5;0.7;1.0;0.5;0.3;0.3;0.3;0.2;0.3,33.22,0.08,0.0,1.62,14.214,0.0,24414.0,100927.0,4,16,,,,,,,,,,,,,,,,,,,,,,,,,,,,,,,,,,,,,,,,,,,,,,,,,,,,,,,,,,,,,
86,6,,,,,,,98,78,67,14,236.1,2730,10801,38,0,18.8,3.9;3.9;23.3;13.0;2.7;5.5;90.1;90.2;48.0;50.9;90.1;19.0;2.1;2.2;0.0;0.3;0.7;0.7;0.2;0.2;0.9;0.3;0.5;1.5,33.21,0.08,0.0,2.2,14.214,0.0,1416.0,1513.0,4,16,,,,,,,,,,,,,,,,,,,,,,,,,,,,,,,,,,,,,,,,,,,,,,,,,,,,,,,,,,,,,
86,7,,,,,,,100,73,68,18,237.6,2730,10801,38,0,18.3,2.6;2.1;20.2;8.7;3.6;6.3;63.2;66.4;51.6;55.1;85.3;69.6;1.4;1.7;0.0;0.0;0.3;0.2;0.0;0.0;0.0;0.0;0.2;1.4,33.21,0.08,0.0,0.1,14.214,0.0,3222.0,1416.0,4,16,,,,,,,,,,,,,,,,,,,,,,,,,,,,,,,,,,,,,,,,,,,,,,,,,,,,,,,,,,,,,
86,8,,,,,,,100,76,68,16,238.6,2730,10801,38,0,14.9,3.1;1.4;11.3;6.2;1.7;2.7;55.2;54.4;37.0;35.9;87.6;57.6;0.3;0.7;0.2;0.0;0.3;0.0;0.0;0.0;0.2;0.0;0.2;1.0,33.18,0.08,0.0,0.07,14.214,0.0,1660.0,1367.0,4,16,,,,,,,,,,,,,,,,,,,,,,,,,,,,,,,,,,,,,,,,,,,,,,,,,,,,,,,,,,,,,
86,9,,,,,,,100,56,69,15,238.9,2730,10801,38,0,10.7,6.2;0.9;4.8;4.0;1.9;1.7;56.2;44.2;11.2;16.0;42.3;60.7;0.5;0.5;0.2;0.2;0.7;1.0;0.0;0.3;0.2;0.2;0.7;1.7,33.18,0.08,0.0,0.06,14.214,0.0,1562.0,1513.0,4,16,,,,,,,,,,,,,,,,,,,,,,,,,,,,,,,,,,,,,,,,,,,,,,,,,,,,,,,,,,,,,
86,10,,,,,,,100,60,70,17,238.9,2730,10801,38,0,12.3,3.4;0.0;13.8;6.9;6.9;0.0;0.0;100.0;13.8;58.6;17.2;62.1;3.4;0.0;0.0;0.0;3.4;0.0;0.0;0.0;3.4;0.0;0.0;0.0,33.22,0.08,0.0,0.08,14.218,0.0,48.0,1757.0,4,16,,,,,,,,,,,,,,,,,,,,,,,,,,,,,,,,,,,,,,,,,,,,,,,,,,,,,,,,,,,,,
86,summary,0.30020417024621776,0.9961584704928634,0.28295029520988463,0.9998888888888889,0.00100000,88.3,,,,,,,,,,,,,,,,,,,,,,98,99.8,100,51,67.7,86,64,67.6,70,14,16.8,23,82.2,222.52,238.9,2731.5,10801.0,38.0,0,10.7,18.99,40.5,33.18,33.23,33.31,63.16,0.08,0.08,0.08,18.03,0.0,0.0,0.0,0.06,1.3,3.59,11.269,15.584,14.214,14.21,14.218,15.992,0.0,0.0,0.0,48.0,4149.9,24414.0,1367.0,11693.8,100927.0,4,4.0,4,16,16.0,16,4,16,2.96,72.03
87,1,,,,,,,0,0,58,22,60.8,2745,10801,38,0,39.9,33.2;30.9;64.2;59.1;40.9;37.1;88.3;94.9;69.2;79.6;95.7;48.4;26.1;25.6;12.1;12.5;21.7;23.9;10.2;8.1;21.3;20.7;16.5;17.0,33.27,0.08,0.0,0.05,14.214,0.0,732.0,1464.0,4,16,,,,,,,,,,,,,,,,,,,,,,,,,,,,,,,,,,,,,,,,,,,,,,,,,,,,,,,,,,,,,
87,2,,,,,,,100,48,68,16,238.3,2730,10801,38,0,19.7,5.6;4.6;13.6;18.9;4.3;7.5;64.6;92.0;57.8;52.6;95.9;33.0;2.9;2.9;1.0;1.0;1.9;1.7;1.0;1.2;1.4;1.2;1.9;2.4,33.27,0.08,0.0,3.58,14.214,0.0,244.0,1757.0,4,16,,,,,,,,,,,,,,,,,,,,,,,,,,,,,,,,,,,,,,,,,,,,,,,,,,,,,,,,,,,,,
87,3,,,,,,,98,74,68,20,238.6,2730,10801,38,0,18.1,4.9;3.3;8.4;18.7;2.6;5.0;82.0;77.7;44.0;58.4;88.0;33.3;1.0;2.4;0.2;0.3;0.3;0.3;0.0;0.0;0.3;0.2;0.5;2.7,33.26,0.08,0.0,3.09,14.214,0.0,244.0,1757.0,4,16,,,,,,,,,,,,,,,,,,,,,,,,,,,,,,,,,,,,,,,,,,,,,,,,,,,,,,,,,,,,,
87,4,,,,,,,100,88,70,17,238.0,2730,10801,38,0,17.9,4.9;2.4;9.8;19.1;1.5;5.5;90.9;85.1;46.8;51.3;94.0;14.9;1.0;1.5;0.0;0.0;0.3;0.5;0.0;0.0;0.2;0.2;0.0;0.5,33.23,0.08,0.01,2.18,14.214,0.0,1416.0,1416.0,4,16,,,,,,,,,,,,,,,,,,,,,,,,,,,,,,,,,,,,,,,,,,,,,,,,,,,,,,,,,,,,,
87,5,,,,,,,100,58,68,20,238.4,2730,10801,38,0,18.5,4.7;2.4;12.6;17.3;3.1;5.3;89.6;83.8;54.4;47.4;96.3;18.5;1.2;3.1;0.2;0.0;0.7;0.5;0.2;0.0;0.2;0.0;0.5;1.0,33.21,0.08,0.0,1.4,14.214,0.0,23632.0,115429.0,4,16,,,,,,,,,,,,,,,,,,,,,,,,,,,,,,,,,,,,,,,,,,,,,,,,,,,,,,,,,,,,,
87,6,,,,,,,100,54,67,14,238.1,2730,10801,38,0,18.8,4.9;4.2;17.9;15.4;2.4;6.8;78.7;56.8;48.6;51.0;89.3;59.8;2.7;1.7;0.3;0.5;1.0;0.9;0.9;0.0;1.0;1.2;1.5;2.4,33.2,0.08,0.0,2.45,14.214,0.0,292.0,390.0,4,16,,,,,,,,,,,,,,,,,,,,,,,,,,,,,,,,,,,,,,,,,,,,,,,,,,,,,,,,,,,,,
87,7,,,,,,,100,75,71,17,238.3,2730,10801,38,0,18.7,6.8;1.9;17.4;12.0;4.5;3.4;80.7;67.2;51.8;50.6;91.5;51.1;2.1;2.1;0.0;0.3;0.5;1.5;0.0;0.2;0.7;0.5;0.2;1.0,33.19,0.08,0.0,0.06,14.214,0.0,878.0,1464.0,4,16,,,,,,,,,,,,,,,,,,,,,,,,,,,,,,,,,,,,,,,,,,,,,,,,,,,,,,,,,,,,,
87,8,,,,,,,100,85,72,15,239.4,2730,10801,38,0,14.8,3.6;1.2;16.4;6.3;3.9;3.1;55.7;84.4;29.3;39.6;92.1;16.8;0.3;1.0;0.2;0.0;0.3;0.2;0.0;0.0;0.2;0.3;0.0;0.9,33.21,0.08,0.0,0.07,14.214,0.0,1123.0,1416.0,4,16,,,,,,,,,,,,,,,,,,,,,,,,,,,,,,,,,,,,,,,,,,,,,,,,,,,,,,,,,,,,,
87,9,,,,,,,100,60,67,18,239.6,2730,10801,38,0,10.5,4.9;1.0;3.4;3.4;2.6;1.5;42.5;60.7;10.6;15.4;97.8;2.1;0.2;0.9;0.0;0.2;0.9;0.3;0.2;0.0;0.0;0.3;0.0;1.5,33.22,0.08,0.0,0.04,14.214,0.0,1171.0,1855.0,4,16,,,,,,,,,,,,,,,,,,,,,,,,,,,,,,,,,,,,,,,,,,,,,,,,,,,,,,,,,,,,,
87,10,,,,,,,77,59,62,15,239.6,2730,10801,38,0,13.6,18.8;3.2;12.9;0.0;9.7;6.2;9.7;87.1;25.8;48.4;59.4;38.7;0.0;3.2;0.0;0.0;0.0;0.0;0.0;0.0;0.0;0.0;0.0;0.0,33.24,0.08,0.0,0.04,14.218,0.0,0.0,41699.0,4,16,,,,,,,,,,,,,,,,,,,,,,,,,,,,,,,,,,,,,,,,,,,,,,,,,,,,,,,,,,,,,
87,summary,0.3004543921718197,0.9960423365243608,0.2830096746285756,1.0,0.00100000,88.3,,,,,,,,,,,,,,,,,,,,,,0,87.5,100,0,60.1,88,58,67.1,72,14,17.4,22,60.8,220.91,239.6,2731.5,10801.0,38.0,0,10.5,19.05,39.9,33.19,33.23,33.27,63.16,0.08,0.08,0.08,18.03,0.0,0.0,0.01,0.04,1.3,3.58,11.269,15.584,14.214,14.21,14.218,15.992,0.0,0.0,0.0,0.0,2973.2,23632.0,390.0,16864.7,115429.0,4,4.0,4,16,16.0,16,4,16,2.84,72.04
88,1,,,,,,,81,63,66,18,117.5,2730,10801,38,0,40.2,31.9;30.1;61.5;63.4;37.6;38.9;93.9;81.9;74.9;68.3;92.5;64.0;25.3;24.6;13.7;14.1;23.1;23.3;10.9;10.8;22.1;20.8;18.4;19.1,33.28,0.08,0.0,0.09,14.214,0.0,14648.0,1513.0,4,16,,,,,,,,,,,,,,,,,,,,,,,,,,,,,,,,,,,,,,,,,,,,,,,,,,,,,,,,,,,,,
88,2,,,,,,,100,55,71,22,238.0,2730,10801,38,0,19.3,5.2;2.7;21.5;15.2;7.1;5.8;57.4;70.9;45.7;52.7;83.8;82.6;1.7;2.5;0.8;1.0;1.2;1.0;0.8;0.8;0.8;1.0;0.5;1.2,33.25,0.08,0.0,2.58,14.214,0.0,0.0,1464.0,4,16,,,,,,,,,,,,,,,,,,,,,,,,,,,,,,,,,,,,,,,,,,,,,,,,,,,,,,,,,,,,,
88,3,,,,,,,100,85,68,22,238.1,2730,10801,38,0,17.9,2.4;2.9;11.5;12.3;3.9;2.6;72.7;91.6;46.9;51.1;96.4;25.1;1.5;1.5;0.9;0.2;0.9;0.7;0.0;0.3;1.2;0.2;0.9;1.7,33.24,0.08,0.0,2.13,14.214,0.0,0.0,1855.0,4,16,,,,,,,,,,,,,,,,,,,,,,,,,,,,,,,,,,,,,,,,,,,,,,,,,,,,,,,,,,,,,
88,4,,,,,,,100,86,68,14,238.4,2730,10801,38,0,18.7,4.7;2.4;13.6;15.5;4.8;6.8;92.8;93.0;41.6;55.4;94.9;11.3;1.5;3.1;0.3;0.5;0.9;1.0;0.3;0.3;0.7;0.7;0.5;1.4,33.21,0.08,0.0,1.59,14.214,0.0,0.0,1855.0,4,16,,,,,,,,,,,,,,,,,,,,,,,,,,,,,,,,,,,,,,,,,,,,,,,,,,,,,,,,,,,,,
88,5,,,,,,,100,58,70,15,238.5,2730,10801,38,0,18.8,5.2;2.7;19.0;18.2;4.7;5.9;69.5;84.7;56.1;50.0;89.3;35.9;1.0;2.0;0.7;0.5;1.0;1.0;0.5;0.0;0.8;0.2;0.7;2.2,33.22,0.08,0.0,2.2,14.214,0.0,1660.0,1855.0,4,16,,,,,,,,,,,,,,,,,,,,,,,,,,,,,,,,,,,,,,,,,,,,,,,,,,,,,,,,,,,,,
88,6,,,,,,,98,78,68,17,236.5,2730,10801,38,0,18.4,7.5;1.0;18.1;14.0;3.4;4.8;72.9;88.2;39.9;62.7;97.3;25.1;1.2;1.2;0.2;0.3;0.2;0.2;0.0;0.0;0.5;0.3;0.2;1.4,33.22,0.08,0.0,0.03,14.214,0.0,585.0,0.0,4,16,,,,,,,,,,,,,,,,,,,,,,,,,,,,,,,,,,,,,,,,,,,,,,,,,,,,,,,,,,,,,
88,7,,,,,,,100,59,71,15,239.2,2730,10801,38,0,18.4,5.1;1.5;16.3;13.7;5.3;3.1;59.3;73.5;63.0;42.0;90.3;63.1;1.7;0.7;0.0;0.0;0.5;0.9;0.2;0.0;0.2;0.3;0.3;0.2,33.21,0.08,0.0,0.06,14.214,0.0,1123.0,1367.0,4,16,,,,,,,,,,,,,,,,,,,,,,,,,,,,,,,,,,,,,,,,,,,,,,,,,,,,,,,,,,,,,
88,8,,,,,,,100,67,69,16,239.5,2730,10801,38,0,14.9,6.1;2.1;14.0;6.8;3.4;1.9;61.5;57.2;36.5;32.4;92.0;38.7;0.7;0.9;0.2;0.2;0.7;0.5;0.2;0.2;0.7;0.2;0.2;1.4,33.18,0.08,0.0,0.04,14.214,0.0,12939.0,15771.0,4,16,,,,,,,,,,,,,,,,,,,,,,,,,,,,,,,,,,,,,,,,,,,,,,,,,,,,,,,,,,,,,
88,9,,,,,,,100,59,70,14,239.1,2730,10801,37,0,10.3,3.2;1.2;4.6;2.2;1.9;1.2;43.1;57.4;13.4;12.9;55.6;46.9;0.3;1.0;0.0;0.0;0.3;0.5;0.2;0.0;0.2;0.3;0.3;1.0,33.19,0.08,0.0,0.1,14.214,0.0,1123.0,1367.0,4,16,,,,,,,,,,,,,,,,,,,,,,,,,,,,,,,,,,,,,,,,,,,,,,,,,,,,,,,,,,,,,
88,10,,,,,,,100,62,67,15,239.1,2730,10801,37,0,13.2,3.6;3.6;3.6;17.9;3.6;3.6;24.1;65.5;24.1;51.7;100.0;0.0;3.6;0.0;0.0;0.0;0.0;0.0;0.0;0.0;0.0;0.0;0.0;0.0,33.23,0.08,0.0,0.09,14.218,0.0,292.0,390.0,4,16,,,,,,,,,,,,,,,,,,,,,,,,,,,,,,,,,,,,,,,,,,,,,,,,,,,,,,,,,,,,,
88,summary,0.300575283242958,0.9960218422946251,0.2829678727785746,1.0,0.00100000,88.7,,,,,,,,,,,,,,,,,,,,,,81,97.9,100,55,67.2,86,66,68.8,71,14,16.8,22,117.5,226.39,239.5,2730.0,10801.0,37.8,0,10.3,19.01,40.2,33.18,33.22,33.28,63.16,0.08,0.08,0.08,18.03,0.0,0.0,0.0,0.03,0.89,2.58,11.269,15.584,14.214,14.21,14.218,15.992,0.0,0.0,0.0,0.0,3237.0,14648.0,0.0,2743.7,15771.0,4,4.0,4,16,16.0,16,4,16,3.22,72.03
89,1,,,,,,,60,50,58,16,69.0,2745,10801,38,0,40.0,33.7;30.3;62.8;57.8;39.0;37.6;97.3;93.4;83.0;66.9;94.5;40.2;26.0;25.7;11.9;14.6;23.3;24.2;10.7;8.8;21.6;21.9;18.2;17.8,33.24,0.08,0.0,0.05,14.214,0.0,1123.0,1416.0,4,16,,,,,,,,,,,,,,,,,,,,,,,,,,,,,,,,,,,,,,,,,,,,,,,,,,,,,,,,,,,,,
89,2,,,,,,,100,80,70,16,236.6,2730,10801,38,0,19.7,7.8;3.2;17.9;19.7;9.2;5.1;89.7;74.2;52.1;50.5;93.2;28.9;3.4;3.1;1.2;1.4;1.4;1.4;1.5;0.9;1.2;1.7;1.5;2.6,33.26,0.08,0.0,2.49,14.214,0.0,1318.0,1757.0,4,16,,,,,,,,,,,,,,,,,,,,,,,,,,,,,,,,,,,,,,,,,,,,,,,,,,,,,,,,,,,,,
89,3,,,,,,,100,79,69,14,237.8,2730,10801,37,0,18.4,4.4;1.2;19.7;8.7;8.1;3.9;93.0;79.2;48.2;52.2;98.8;14.6;1.9;1.4;0.0;0.0;1.4;0.5;0.0;0.0;0.7;0.2;0.3;2.0,33.23,0.08,0.0,2.13,14.214,0.0,1123.0,8447.0,4,16,,,,,,,,,,,,,,,,,,,,,,,,,,,,,,,,,,,,,,,,,,,,,,,,,,,,,,,,,,,,,
89,4,,,,,,,100,48,70,15,238.5,2730,10801,38,0,18.3,5.2;2.2;17.0;15.2;5.6;4.3;70.2;82.6;48.1;50.9;91.0;37.4;1.5;1.5;0.5;0.2;1.2;0.0;0.3;0.5;0.7;0.5;0.3;2.0,33.26,0.08,0.0,1.61,14.214,0.0,2001.0,1660.0,4,16,,,,,,,,,,,,,,,,,,,,,,,,,,,,,,,,,,,,,,,,,,,,,,,,,,,,,,,,,,,,,
89,5,,,,,,,98,77,69,18,237.9,2730,10801,38,0,17.8,3.1;1.2;16.1;9.9;4.6;3.6;68.8;75.3;59.3;39.1;92.8;47.8;1.4;1.4;0.2;0.0;0.3;0.0;0.0;0.3;0.0;0.0;0.0;0.7,33.2,0.08,0.0,2.2,14.214,0.0,38232.0,11816.0,4,16,,,,,,,,,,,,,,,,,,,,,,,,,,,,,,,,,,,,,,,,,,,,,,,,,,,,,,,,,,,,,
89,6,,,,,,,100,66,70,15,239.0,2730,10801,38,0,19.1,4.4;3.1;17.7;19.8;4.9;6.0;76.3;90.8;39.5;61.5;94.6;26.2;3.1;2.2;0.7;0.3;0.5;1.4;1.0;0.2;0.2;1.0;0.3;2.0,33.2,0.08,0.0,0.06,14.214,0.0,38964.0,62109.0,4,16,,,,,,,,,,,,,,,,,,,,,,,,,,,,,,,,,,,,,,,,,,,,,,,,,,,,,,,,,,,,,
89,7,,,,,,,100,61,70,14,238.9,2730,10801,38,0,19.3,6.8;5.1;17.2;17.3;5.1;8.2;68.5;66.7;49.4;50.8;90.8;60.0;3.1;2.5;0.3;0.5;1.5;1.7;0.3;0.5;1.5;0.7;1.4;2.7,33.24,0.08,0.0,0.11,14.214,0.0,585.0,1367.0,4,16,,,,,,,,,,,,,,,,,,,,,,,,,,,,,,,,,,,,,,,,,,,,,,,,,,,,,,,,,,,,,
89,8,,,,,,,98,77,69,20,239.5,2730,10801,38,0,15.3,4.9;3.2;9.6;11.5;3.6;4.1;84.4;44.3;24.9;43.6;70.3;53.9;1.5;1.9;0.0;0.0;0.5;0.9;0.0;0.0;0.3;1.0;0.2;1.5,33.22,0.08,0.01,0.15,14.214,0.0,0.0,1757.0,4,16,,,,,,,,,,,,,,,,,,,,,,,,,,,,,,,,,,,,,,,,,,,,,,,,,,,,,,,,,,,,,
89,9,,,,,,,100,85,70,16,238.8,2730,10801,38,0,10.5,4.2;0.7;4.0;3.6;2.1;2.6;59.6;43.1;8.9;16.5;94.7;6.2;0.0;0.9;0.0;0.3;0.5;0.2;0.2;0.0;0.5;0.2;0.5;1.4,33.22,0.08,0.0,0.04,14.214,0.0,341.0,1708.0,4,16,,,,,,,,,,,,,,,,,,,,,,,,,,,,,,,,,,,,,,,,,,,,,,,,,,,,,,,,,,,,,
89,10,,,,,,,0,0,62,16,238.8,2730,10801,38,0,13.1,13.3;3.4;17.2;6.9;6.9;0.0;0.0;100.0;27.6;41.4;79.3;3.4;10.3;0.0;0.0;0.0;0.0;0.0;0.0;0.0;0.0;0.0;0.0;0.0,33.24,0.08,0.0,0.05,14.218,0.0,1123.0,1513.0,4,16,,,,,,,,,,,,,,,,,,,,,,,,,,,,,,,,,,,,,,,,,,,,,,,,,,,,,,,,,,,,,
89,summary,0.30033863223526214,0.9961243134433039,0.2830010666847229,1.0,0.00100000,88.4,,,,,,,,,,,,,,,,,,,,,,0,85.6,100,0,62.3,85,58,67.7,70,14,16.0,20,69.0,221.48,239.5,2731.5,10801.0,37.9,0,10.5,19.15,40.0,33.2,33.23,33.26,63.16,0.08,0.08,0.08,18.03,0.0,0.0,0.01,0.04,0.89,2.49,11.269,15.584,14.214,14.21,14.218,15.992,0.0,0.0,0.0,0.0,8481.0,38964.0,1367.0,9355.0,62109.0,4,4.0,4,16,16.0,16,4,16,3.07,72.04
90,1,,,,,,,91,71,67,18,75.5,2745,10801,38,0,40.3,33.2;29.9;65.8;58.7;39.8;41.1;86.6;91.5;71.9;67.6;90.0;68.6;25.2;26.4;12.5;16.1;21.7;23.3;9.4;8.5;21.9;21.7;18.7;16.9,33.37,0.08,0.0,0.05,14.214,0.0,830.0,2832.0,4,16,,,,,,,,,,,,,,,,,,,,,,,,,,,,,,,,,,,,,,,,,,,,,,,,,,,,,,,,,,,,,
90,2,,,,,,,100,67,69,15,237.8,2730,10801,38,0,19.7,5.8;2.9;24.0;11.9;8.7;5.1;74.4;63.8;62.7;39.6;92.0;64.6;3.8;3.6;0.3;0.7;1.7;1.4;0.7;0.5;1.2;0.7;1.2;1.4,33.25,0.08,0.0,2.51,14.214,0.0,3417.0,1367.0,4,16,,,,,,,,,,,,,,,,,,,,,,,,,,,,,,,,,,,,,,,,,,,,,,,,,,,,,,,,,,,,,
90,3,,,,,,,100,73,67,19,237.1,2730,10801,38,0,18.1,5.3;1.9;24.1;10.8;5.6;2.9;85.3;74.4;53.2;41.0;87.0;36.0;2.2;1.9;0.2;0.2;1.0;0.3;0.0;0.5;0.9;0.3;0.2;0.5,33.24,0.08,0.0,2.11,14.214,0.0,341.0,292.0,4,16,,,,,,,,,,,,,,,,,,,,,,,,,,,,,,,,,,,,,,,,,,,,,,,,,,,,,,,,,,,,,
90,4,,,,,,,100,56,70,14,238.7,2730,10801,37,0,18.1,5.7;1.0;16.2;10.3;4.8;2.6;85.4;70.8;39.8;60.4;83.2;47.1;1.5;1.5;0.2;0.2;0.7;0.5;0.5;0.0;0.0;0.5;0.5;1.2,33.23,0.08,0.0,1.63,14.214,0.0,927.0,1660.0,4,16,,,,,,,,,,,,,,,,,,,,,,,,,,,,,,,,,,,,,,,,,,,,,,,,,,,,,,,,,,,,,
90,5,,,,,,,98,77,68,18,238.5,2730,10801,37,0,18.2,5.7;2.6;14.4;15.0;3.9;3.8;67.0;79.1;51.4;50.7;95.4;41.5;1.2;1.5;0.0;0.2;0.5;0.9;0.2;0.0;0.2;0.5;1.0;1.0,33.19,0.08,0.0,2.22,14.214,0.0,1269.0,1611.0,4,16,,,,,,,,,,,,,,,,,,,,,,,,,,,,,,,,,,,,,,,,,,,,,,,,,,,,,,,,,,,,,
90,6,,,,,,,100,69,68,15,237.2,2730,10801,37,0,18.8,5.9;2.7;15.1;18.9;2.9;6.0;52.0;51.9;55.3;52.6;92.5;88.5;0.7;2.7;0.2;0.2;0.2;0.5;0.0;0.0;0.2;0.2;0.3;1.4,33.22,0.08,0.0,0.07,14.214,0.0,195.0,1953.0,4,16,,,,,,,,,,,,,,,,,,,,,,,,,,,,,,,,,,,,,,,,,,,,,,,,,,,,,,,,,,,,,
90,7,,,,,,,100,53,69,19,237.9,2730,10801,38,0,18.2,3.2;2.1;17.0;19.7;3.3;4.0;85.9;80.6;41.3;61.7;92.0;17.3;1.7;1.0;0.3;0.3;0.7;0.9;0.2;0.3;0.2;0.5;0.3;1.9,33.21,0.08,0.01,0.06,14.214,0.0,1416.0,1562.0,4,16,,,,,,,,,,,,,,,,,,,,,,,,,,,,,,,,,,,,,,,,,,,,,,,,,,,,,,,,,,,,,
90,8,,,,,,,100,50,70,16,239.2,2730,10801,38,0,15.1,3.7;1.9;6.5;12.3;2.4;4.6;86.4;52.1;30.1;42.7;91.1;21.1;1.7;1.7;0.0;0.3;0.3;0.3;0.0;0.2;0.3;0.5;0.0;2.2,33.21,0.08,0.0,0.04,14.214,0.0,781.0,390.0,4,16,,,,,,,,,,,,,,,,,,,,,,,,,,,,,,,,,,,,,,,,,,,,,,,,,,,,,,,,,,,,,
90,9,,,,,,,100,54,70,14,238.4,2730,10801,38,0,10.7,4.6;1.7;3.3;4.1;1.5;2.6;43.8;57.7;6.2;21.5;71.0;32.6;1.2;1.0;0.2;0.0;0.9;0.5;0.2;0.0;0.7;0.7;0.2;1.4,33.21,0.08,0.0,0.07,14.214,0.0,1074.0,1367.0,4,16,,,,,,,,,,,,,,,,,,,,,,,,,,,,,,,,,,,,,,,,,,,,,,,,,,,,,,,,,,,,,
90,10,,,,,,,100,53,70,18,238.4,2730,10801,38,0,13.1,10.3;0.0;10.3;24.1;3.4;6.9;0.0;100.0;10.3;48.3;37.9;51.7;3.4;6.9;0.0;0.0;0.0;0.0;0.0;0.0;0.0;0.0;0.0;0.0,33.24,0.08,0.0,0.03,14.218,0.0,634.0,1562.0,4,16,,,,,,,,,,,,,,,,,,,,,,,,,,,,,,,,,,,,,,,,,,,,,,,,,,,,,,,,,,,,,
90,summary,0.29978811985294085,0.996370244200133,0.2829140285650889,1.0,0.00100000,88.2,,,,,,,,,,,,,,,,,,,,,,91,98.9,100,50,62.3,77,67,68.8,70,14,16.6,19,75.5,221.87,239.2,2731.5,10801.0,37.7,0,10.7,19.03,40.3,33.19,33.24,33.37,63.16,0.08,0.08,0.08,18.03,0.0,0.0,0.01,0.03,0.88,2.51,11.269,15.584,14.214,14.21,14.218,15.992,0.0,0.0,0.0,195.0,1088.4,3417.0,292.0,1459.6,2832.0,4,4.0,4,16,16.0,16,4,16,2.97,72.03
91,1,,,,,,,100,85,66,23,116.1,2730,10801,38,0,40.7,32.2;31.7;64.1;58.2;41.2;39.3;96.4;93.4;74.9;74.6;96.2;47.2;25.4;26.7;13.4;13.3;23.1;24.2;10.2;11.8;22.0;22.5;19.4;16.7,33.53,0.08,0.0,0.06,14.214,0.0,488.0,1464.0,4,16,,,,,,,,,,,,,,,,,,,,,,,,,,,,,,,,,,,,,,,,,,,,,,,,,,,,,,,,,,,,,
91,2,,,,,,,100,52,69,15,238.2,2730,10801,37,0,19.6,6.4;3.6;24.0;13.1;9.5;5.8;81.0;89.1;49.5;52.1;92.5;31.8;2.4;2.7;0.3;0.7;1.2;1.2;0.7;1.0;0.5;0.7;0.5;0.9,33.29,0.08,0.0,3.6,14.214,0.0,537.0,1416.0,4,16,,,,,,,,,,,,,,,,,,,,,,,,,,,,,,,,,,,,,,,,,,,,,,,,,,,,,,,,,,,,,
91,3,,,,,,,98,75,68,16,237.0,2730,10801,38,0,18.1,6.9;2.2;18.8;10.1;4.5;1.4;84.3;76.4;56.3;46.7;92.1;26.7;1.4;1.5;0.0;0.3;0.9;0.3;0.5;0.0;0.3;1.0;0.2;0.9,33.27,0.08,0.0,3.01,14.214,0.0,32080.0,11035.0,4,16,,,,,,,,,,,,,,,,,,,,,,,,,,,,,,,,,,,,,,,,,,,,,,,,,,,,,,,,,,,,,
91,4,,,,,,,100,65,71,14,238.9,2730,10801,37,0,18.5,5.7;2.5;20.6;8.8;5.9;3.2;79.6;89.3;48.9;51.6;86.3;27.8;1.9;1.9;1.0;0.2;1.5;1.5;0.2;0.2;1.4;2.0;0.9;0.8,33.24,0.08,0.0,2.15,14.214,0.0,10546.0,253906.0,4,16,,,,,,,,,,,,,,,,,,,,,,,,,,,,,,,,,,,,,,,,,,,,,,,,,,,,,,,,,,,,,
91,5,,,,,,,100,53,70,14,238.7,2730,10801,37,0,18.0,4.6;2.6;18.6;7.9;6.7;2.6;51.4;71.5;44.0;55.4;89.1;69.6;1.4;2.6;0.2;0.0;0.7;0.7;0.0;0.0;0.2;0.2;0.2;1.2,33.24,0.08,0.0,1.6,14.214,0.0,1025.0,1416.0,4,16,,,,,,,,,,,,,,,,,,,,,,,,,,,,,,,,,,,,,,,,,,,,,,,,,,,,,,,,,,,,,
91,6,,,,,,,98,76,68,16,238.6,2730,10801,38,0,18.4,7.5;1.9;16.4;13.0;4.8;3.9;78.8;57.4;49.9;49.7;93.0;61.0;1.2;1.5;0.2;0.2;0.7;0.5;0.0;0.0;0.0;0.2;0.0;0.7,33.2,0.08,0.0,2.2,14.214,0.0,976.0,195.0,4,16,,,,,,,,,,,,,,,,,,,,,,,,,,,,,,,,,,,,,,,,,,,,,,,,,,,,,,,,,,,,,
91,7,,,,,,,100,77,69,13,239.9,2730,10801,38,0,18.7,5.2;3.6;17.8;14.0;3.6;7.0;71.3;81.4;50.0;53.9;93.0;35.3;1.5;3.2;0.3;0.5;1.0;0.9;0.3;0.3;1.0;0.9;0.5;1.2,33.21,0.08,0.0,0.09,14.214,0.0,2441.0,1464.0,4,16,,,,,,,,,,,,,,,,,,,,,,,,,,,,,,,,,,,,,,,,,,,,,,,,,,,,,,,,,,,,,
91,8,,,,,,,100,87,68,14,239.0,2730,10801,38,0,15.7,3.2;1.9;8.9;14.1;2.9;5.5;61.2;57.1;40.5;36.2;74.4;60.4;2.1;1.2;0.2;0.2;0.9;0.9;0.0;0.0;1.4;0.9;1.0;2.7,33.21,0.08,0.0,0.07,14.214,0.0,24755.0,115722.0,4,16,,,,,,,,,,,,,,,,,,,,,,,,,,,,,,,,,,,,,,,,,,,,,,,,,,,,,,,,,,,,,
91,9,,,,,,,100,59,71,13,239.2,2730,10801,38,0,10.0,2.2;0.3;2.1;2.9;1.0;1.2;41.8;57.9;5.8;18.7;64.6;37.9;0.2;0.2;0.0;0.0;0.2;0.2;0.0;0.0;0.2;0.0;0.3;2.0,33.2,0.08,0.03,0.15,14.214,0.0,1220.0,1513.0,4,16,,,,,,,,,,,,,,,,,,,,,,,,,,,,,,,,,,,,,,,,,,,,,,,,,,,,,,,,,,,,,
91,10,,,,,,,100,66,69,21,239.2,2730,10801,38,0,16.5,12.1;6.2;15.6;18.8;3.1;18.8;21.9;81.2;25.0;45.5;81.2;6.2;6.2;15.2;3.1;0.0;0.0;6.2;6.1;0.0;6.1;6.1;0.0;11.8,33.22,0.08,0.03,0.15,14.218,0.0,830.0,1416.0,4,16,,,,,,,,,,,,,,,,,,,,,,,,,,,,,,,,,,,,,,,,,,,,,,,,,,,,,,,,,,,,,
91,summary,0.30082438608289847,0.9959057083261224,0.2828824421564738,1.0,0.00100000,88.6,,,,,,,,,,,,,,,,,,,,,,98,99.6,100,52,69.5,87,66,68.9,71,13,15.9,23,116.1,226.48,239.9,2730.0,10801.0,37.7,0,10.0,19.42,40.7,33.2,33.26,33.53,63.16,0.08,0.08,0.08,18.03,0.0,0.01,0.03,0.06,1.31,3.6,11.269,15.584,14.214,14.21,14.218,15.992,0.0,0.0,0.0,488.0,7489.8,32080.0,195.0,38954.7,253906.0,4,4.0,4,16,16.0,16,4,16,3.11,72.03
92,1,,,,,,,100,74,64,22,76.6,2745,10801,38,0,40.1,30.5;32.6;48.8;65.8;37.9;41.1;91.3;96.7;80.8;84.9;93.6;35.0;23.3;26.7;13.7;14.0;21.0;24.0;8.8;11.9;21.0;22.4;18.7;17.7,33.33,0.08,0.0,0.06,14.214,0.0,585.0,1660.0,4,16,,,,,,,,,,,,,,,,,,,,,,,,,,,,,,,,,,,,,,,,,,,,,,,,,,,,,,,,,,,,,
92,2,,,,,,,100,86,66,15,237.2,2730,10801,38,0,20.1,9.2;3.6;26.7;16.2;9.0;6.3;74.2;57.5;53.0;54.1;84.1;68.0;3.9;3.3;0.3;0.5;2.6;2.2;1.0;0.3;1.2;1.5;1.0;1.7,33.26,0.08,0.0,3.6,14.214,0.0,878.0,1513.0,4,16,,,,,,,,,,,,,,,,,,,,,,,,,,,,,,,,,,,,,,,,,,,,,,,,,,,,,,,,,,,,,
92,3,,,,,,,100,87,63,16,237.7,2730,10801,37,0,19.1,7.1;3.9;21.4;8.7;6.5;6.1;68.5;68.7;50.6;53.7;92.0;56.8;2.2;2.4;0.5;0.7;0.9;1.4;0.2;0.2;0.5;1.0;1.2;3.4,33.24,0.08,0.0,3.02,14.214,0.0,21044.0,18310.0,4,16,,,,,,,,,,,,,,,,,,,,,,,,,,,,,,,,,,,,,,,,,,,,,,,,,,,,,,,,,,,,,
92,4,,,,,,,100,58,70,14,237.5,2730,10801,38,0,17.9,3.9;2.1;16.5;6.7;3.8;2.6;86.5;90.6;46.1;53.8;92.0;18.7;1.0;2.2;0.2;0.2;0.7;0.3;0.2;0.5;0.5;0.0;0.5;0.9,33.22,0.08,0.0,2.17,14.214,0.0,341.0,3125.0,4,16,,,,,,,,,,,,,,,,,,,,,,,,,,,,,,,,,,,,,,,,,,,,,,,,,,,,,,,,,,,,,
92,5,,,,,,,100,69,70,17,238.4,2730,10801,38,0,18.3,4.2;1.2;18.4;11.4;6.2;3.9;83.6;74.8;39.0;60.5;89.6;34.8;2.6;2.6;0.2;0.3;0.7;0.5;0.5;0.2;0.3;0.2;1.2;1.7,33.22,0.08,0.0,1.36,14.214,0.0,1660.0,1318.0,4,16,,,,,,,,,,,,,,,,,,,,,,,,,,,,,,,,,,,,,,,,,,,,,,,,,,,,,,,,,,,,,
92,6,,,,,,,100,86,69,15,238.6,2730,10801,38,0,18.4,4.8;2.6;21.7;9.4;5.8;3.3;67.2;51.3;55.1;44.6;91.7;73.2;1.2;1.7;0.3;0.2;1.4;1.7;0.0;0.2;0.5;0.7;1.0;2.4,33.21,0.08,0.0,2.43,14.214,0.0,341.0,2832.0,4,16,,,,,,,,,,,,,,,,,,,,,,,,,,,,,,,,,,,,,,,,,,,,,,,,,,,,,,,,,,,,,
92,7,,,,,,,100,55,68,16,239.2,2730,10801,38,0,19.2,6.1;3.6;22.1;12.5;6.0;4.5;72.0;55.8;60.5;43.7;90.1;70.1;3.1;1.5;0.5;0.7;1.2;0.5;0.9;1.0;0.9;1.0;0.7;1.7,33.19,0.08,0.0,0.07,14.214,0.0,292.0,2636.0,4,16,,,,,,,,,,,,,,,,,,,,,,,,,,,,,,,,,,,,,,,,,,,,,,,,,,,,,,,,,,,,,
92,8,,,,,,,100,67,70,15,239.4,2730,10801,38,0,15.1,4.4;2.1;6.2;13.7;2.6;3.8;63.0;58.0;24.4;39.9;79.1;55.4;0.9;2.2;0.5;0.0;0.7;1.0;0.2;0.2;0.2;0.9;0.7;2.9,33.18,0.08,0.0,0.05,14.214,0.0,0.0,3027.0,4,16,,,,,,,,,,,,,,,,,,,,,,,,,,,,,,,,,,,,,,,,,,,,,,,,,,,,,,,,,,,,,
92,9,,,,,,,100,54,69,18,239.7,2730,10801,38,0,11.0,5.9;0.7;3.4;5.8;2.2;2.2;50.0;53.3;9.8;20.1;99.3;1.4;1.0;1.9;0.0;0.3;0.3;1.0;0.5;0.3;0.3;0.3;0.7;1.9,33.18,0.08,0.0,0.04,14.214,0.0,48.0,2929.0,4,16,,,,,,,,,,,,,,,,,,,,,,,,,,,,,,,,,,,,,,,,,,,,,,,,,,,,,,,,,,,,,
92,10,,,,,,,100,63,70,15,239.7,2730,10801,38,0,14.5,13.8;0.0;20.7;20.7;0.0;21.4;79.3;13.8;32.1;41.4;82.8;13.8;3.6;0.0;0.0;0.0;0.0;0.0;0.0;0.0;0.0;0.0;0.0;0.0,33.22,0.08,0.0,0.01,14.218,0.0,878.0,1562.0,4,16,,,,,,,,,,,,,,,,,,,,,,,,,,,,,,,,,,,,,,,,,,,,,,,,,,,,,,,,,,,,,
92,summary,0.3002965320007064,0.99605144507091,0.2829076934655507,1.0,0.00100000,88.4,,,,,,,,,,,,,,,,,,,,,,100,100.0,100,54,69.9,87,63,67.9,70,14,16.3,22,76.6,222.4,239.7,2731.5,10801.0,37.9,0,11.0,19.37,40.1,33.18,33.23,33.33,63.16,0.08,0.08,0.08,18.03,0.0,0.0,0.0,0.01,1.28,3.6,11.269,15.584,14.214,14.21,14.218,15.992,0.0,0.0,0.0,0.0,2606.7,21044.0,1318.0,3891.2,18310.0,4,4.0,4,16,16.0,16,4,16,2.96,72.02
93,1,,,,,,,85,68,65,20,74.2,2745,10801,38,0,40.0,30.8;31.0;65.4;58.3;34.9;42.1;87.2;83.8;73.9;75.3;96.6;61.0;23.0;26.6;13.6;15.6;21.8;23.6;9.2;11.7;20.0;20.0;17.7;17.4,33.26,0.08,0.0,0.37,14.214,0.0,781.0,1416.0,4,16,,,,,,,,,,,,,,,,,,,,,,,,,,,,,,,,,,,,,,,,,,,,,,,,,,,,,,,,,,,,,
93,2,,,,,,,100,77,66,16,239.3,2730,10801,38,0,20.4,6.8;4.3;19.7;21.1;5.3;8.4;76.0;84.7;47.9;59.8;93.0;38.5;3.9;3.9;1.0;2.2;2.9;3.1;1.0;0.7;1.4;0.9;0.9;2.9,33.25,0.08,0.01,2.58,14.214,0.0,292.0,1806.0,4,16,,,,,,,,,,,,,,,,,,,,,,,,,,,,,,,,,,,,,,,,,,,,,,,,,,,,,,,,,,,,,
93,3,,,,,,,100,57,69,17,238.8,2730,10801,37,0,18.4,3.2;2.9;16.0;12.6;4.6;6.3;65.6;88.6;52.0;48.0;93.5;38.8;2.9;2.0;0.2;0.2;0.2;1.5;0.2;0.0;0.7;0.7;0.7;1.4,33.24,0.08,0.0,2.16,14.214,0.0,0.0,1464.0,4,16,,,,,,,,,,,,,,,,,,,,,,,,,,,,,,,,,,,,,,,,,,,,,,,,,,,,,,,,,,,,,
93,4,,,,,,,100,48,71,14,238.7,2730,10801,38,0,18.5,4.9;2.9;20.1;10.5;5.8;5.7;56.5;91.1;40.1;57.1;91.3;43.6;2.2;2.4;0.0;0.5;1.2;2.1;0.0;0.3;1.0;0.9;0.9;2.2,33.21,0.08,0.0,1.6,14.214,0.0,292.0,292.0,4,16,,,,,,,,,,,,,,,,,,,,,,,,,,,,,,,,,,,,,,,,,,,,,,,,,,,,,,,,,,,,,
93,5,,,,,,,98,76,70,14,239.2,2730,10801,38,0,18.7,4.4;2.4;18.2;13.7;3.3;5.3;77.7;87.7;50.5;52.2;85.0;36.9;1.2;1.2;0.9;0.0;0.9;1.2;0.3;4.8;0.2;0.3;0.2;0.5,33.23,0.08,0.0,2.21,14.214,0.0,1171.0,1513.0,4,16,,,,,,,,,,,,,,,,,,,,,,,,,,,,,,,,,,,,,,,,,,,,,,,,,,,,,,,,,,,,,
93,6,,,,,,,100,75,68,13,241.7,2730,10801,38,0,18.2,5.4;2.6;19.6;10.4;5.6;5.0;75.0;75.1;37.3;63.0;85.0;49.8;1.7;0.9;0.0;0.0;0.2;0.3;0.0;0.0;0.0;0.0;0.0;0.0,33.18,0.08,0.0,0.08,14.214,0.0,781.0,97.0,4,16,,,,,,,,,,,,,,,,,,,,,,,,,,,,,,,,,,,,,,,,,,,,,,,,,,,,,,,,,,,,,
93,7,,,,,,,100,47,71,14,239.7,2730,10801,38,0,18.1,5.7;2.6;21.0;9.1;3.1;4.1;53.8;49.1;47.1;50.9;89.9;90.8;1.2;1.7;0.2;0.3;0.9;0.5;0.2;0.2;0.3;0.9;0.2;0.9,33.19,0.08,0.0,0.07,14.214,0.0,927.0,1708.0,4,16,,,,,,,,,,,,,,,,,,,,,,,,,,,,,,,,,,,,,,,,,,,,,,,,,,,,,,,,,,,,,
93,8,,,,,,,100,48,69,20,239.6,2730,10801,38,0,15.0,4.9;2.2;13.2;7.5;2.6;4.8;54.9;53.8;22.1;43.3;84.7;58.8;1.2;1.0;0.3;0.0;1.4;0.3;0.0;0.3;0.3;0.9;0.5;0.7,33.2,0.08,0.0,0.05,14.214,0.0,1464.0,1367.0,4,16,,,,,,,,,,,,,,,,,,,,,,,,,,,,,,,,,,,,,,,,,,,,,,,,,,,,,,,,,,,,,
93,9,,,,,,,100,56,70,14,240.2,2730,10801,38,0,10.6,2.9;1.7;1.9;6.2;1.9;1.7;41.1;59.6;4.1;23.4;42.3;60.0;0.9;1.0;0.2;0.3;0.3;1.2;0.2;0.3;0.3;0.3;0.2;2.2,33.2,0.08,0.0,0.07,14.214,0.0,292.0,6445.0,4,16,,,,,,,,,,,,,,,,,,,,,,,,,,,,,,,,,,,,,,,,,,,,,,,,,,,,,,,,,,,,,
93,10,,,,,,,100,64,67,15,240.2,2730,10801,38,0,13.0,6.7;0.0;0.0;26.7;10.0;0.0;93.5;3.3;10.0;54.8;25.8;58.1;0.0;6.7;3.3;0.0;3.3;0.0;0.0;0.0;0.0;3.3;0.0;0.0,33.22,0.08,0.0,0.01,14.218,0.0,1220.0,1464.0,4,16,,,,,,,,,,,,,,,,,,,,,,,,,,,,,,,,,,,,,,,,,,,,,,,,,,,,,,,,,,,,,
93,summary,0.30027442523993964,0.9961561933562262,0.2829052302837372,1.0,0.00100000,88.3,,,,,,,,,,,,,,,,,,,,,,85,98.3,100,47,61.6,77,65,68.6,71,13,15.7,20,74.2,223.16,241.7,2731.5,10801.0,37.9,0,10.6,19.09,40.0,33.18,33.22,33.26,63.16,0.08,0.08,0.08,18.03,0.0,0.0,0.01,0.01,0.92,2.58,11.269,15.584,14.214,14.21,14.218,15.992,0.0,0.0,0.0,0.0,722.0,1464.0,97.0,1757.2,6445.0,4,4.0,4,16,16.0,16,4,16,3.04,72.03
94,1,,,,,,,0,0,58,16,62.1,2745,10801,38,0,39.6,30.8;30.1;57.1;63.1;36.3;39.2;94.4;88.6;68.7;77.5;91.8;59.3;25.1;26.5;12.6;13.2;20.8;22.7;8.7;9.2;18.9;21.4;17.9;16.4,33.13,0.08,0.0,0.06,14.214,0.0,0.0,1513.0,4,16,,,,,,,,,,,,,,,,,,,,,,,,,,,,,,,,,,,,,,,,,,,,,,,,,,,,,,,,,,,,,
94,2,,,,,,,100,76,70,17,238.5,2730,10801,38,0,20.9,8.6;5.3;17.7;20.9;5.3;10.7;79.2;64.0;56.6;50.1;88.4;57.8;4.1;3.9;2.6;2.4;3.1;3.9;2.4;2.4;2.9;2.9;2.7;3.2,33.26,0.08,0.0,2.48,14.214,0.0,1660.0,0.0,4,16,,,,,,,,,,,,,,,,,,,,,,,,,,,,,,,,,,,,,,,,,,,,,,,,,,,,,,,,,,,,,
94,3,,,,,,,100,53,69,21,237.9,2730,10801,38,0,18.4,6.3;1.9;17.7;11.9;2.0;7.2;80.5;51.9;37.4;65.8;92.8;60.5;1.0;1.5;0.2;0.0;0.5;1.0;0.0;0.5;0.0;0.2;0.0;0.3,33.24,0.08,0.0,2.16,14.214,0.0,634.0,10058.0,4,16,,,,,,,,,,,,,,,,,,,,,,,,,,,,,,,,,,,,,,,,,,,,,,,,,,,,,,,,,,,,,
94,4,,,,,,,98,76,68,15,237.9,2730,10801,38,0,18.4,6.1;2.9;20.6;10.9;4.6;4.3;79.1;56.7;46.7;51.5;91.5;55.2;1.2;1.7;0.3;0.2;1.0;1.0;0.3;0.2;0.7;1.7;0.9;1.4,33.23,0.08,0.0,1.61,14.214,0.0,43212.0,195.0,4,16,,,,,,,,,,,,,,,,,,,,,,,,,,,,,,,,,,,,,,,,,,,,,,,,,,,,,,,,,,,,,
94,5,,,,,,,100,67,70,16,238.6,2730,10801,38,0,18.5,4.7;3.1;20.4;11.5;5.6;3.9;57.6;69.2;52.3;48.2;90.3;68.3;1.4;2.7;0.0;0.3;0.2;0.3;0.0;0.3;0.0;0.2;0.7;1.2,33.2,0.08,0.0,2.21,14.214,0.0,1464.0,1416.0,4,16,,,,,,,,,,,,,,,,,,,,,,,,,,,,,,,,,,,,,,,,,,,,,,,,,,,,,,,,,,,,,
94,6,,,,,,,100,61,70,21,238.6,2730,10801,38,0,18.2,6.4;2.4;17.9;8.9;4.3;3.6;64.4;71.0;48.9;49.5;91.6;60.2;1.5;1.9;0.2;0.2;0.3;0.3;0.3;0.3;0.0;0.5;0.3;1.0,33.19,0.08,0.05,0.25,14.214,0.0,927.0,1611.0,4,16,,,,,,,,,,,,,,,,,,,,,,,,,,,,,,,,,,,,,,,,,,,,,,,,,,,,,,,,,,,,,
94,7,,,,,,,100,75,68,17,238.8,2730,10801,38,0,18.8,5.9;2.1;19.7;12.5;6.8;5.8;81.7;57.0;47.2;51.8;87.4;62.6;2.1;2.4;0.0;0.5;1.0;0.5;0.9;0.5;1.0;0.9;0.2;1.2,33.18,0.08,0.01,0.1,14.214,0.0,1074.0,6787.0,4,16,,,,,,,,,,,,,,,,,,,,,,,,,,,,,,,,,,,,,,,,,,,,,,,,,,,,,,,,,,,,,
94,8,,,,,,,100,85,67,18,238.7,2730,10801,38,0,15.7,6.7;2.9;15.2;5.5;4.8;3.2;58.5;89.0;37.5;34.4;98.8;8.5;1.5;2.1;0.3;0.5;0.9;1.2;0.3;0.7;0.5;0.3;1.4;1.9,33.2,0.08,0.01,0.08,14.214,0.0,341.0,8154.0,4,16,,,,,,,,,,,,,,,,,,,,,,,,,,,,,,,,,,,,,,,,,,,,,,,,,,,,,,,,,,,,,
94,9,,,,,,,100,52,69,16,239.0,2730,10801,38,0,10.3,5.2;1.4;3.6;1.5;1.2;1.5;46.3;56.1;13.7;13.3;98.5;1.7;1.4;0.3;0.0;0.0;0.5;0.0;0.3;0.2;0.0;0.0;0.0;0.5,33.2,0.08,0.02,0.13,14.214,0.0,2392.0,97.0,4,16,,,,,,,,,,,,,,,,,,,,,,,,,,,,,,,,,,,,,,,,,,,,,,,,,,,,,,,,,,,,,
94,10,,,,,,,89,72,63,14,236.3,2730,10801,38,0,11.8,3.4;0.0;0.0;17.2;6.9;0.0;13.8;62.1;48.3;24.1;100.0;0.0;3.4;0.0;0.0;3.4;0.0;0.0;0.0;0.0;0.0;0.0;0.0;0.0,33.23,0.08,0.0,0.0,14.218,0.0,537.0,0.0,4,16,,,,,,,,,,,,,,,,,,,,,,,,,,,,,,,,,,,,,,,,,,,,,,,,,,,,,,,,,,,,,
94,summary,0.30002763318005904,0.9962336160018945,0.2829282499949137,1.0,0.00100000,88.2,,,,,,,,,,,,,,,,,,,,,,0,88.7,100,0,61.7,85,58,67.2,70,14,17.1,21,62.1,220.64,239.0,2731.5,10801.0,38.0,0,10.3,19.06,39.6,33.13,33.21,33.26,63.16,0.08,0.08,0.08,18.03,0.0,0.01,0.05,0.0,0.91,2.48,11.269,15.584,14.214,14.21,14.218,15.992,0.0,0.0,0.0,0.0,5224.1,43212.0,0.0,2983.1,10058.0,4,4.0,4,16,16.0,16,4,16,2.9,72.04
95,1,,,,,,,100,74,67,21,76.8,2745,10801,38,0,40.3,33.3;33.0;65.6;53.2;40.6;40.8;76.3;93.6;64.2;80.0;90.3;69.4;23.8;27.6;12.4;14.2;23.3;25.4;8.6;10.0;21.2;22.3;18.0;19.0,33.14,0.08,0.0,0.05,14.214,0.0,1757.0,0.0,4,16,,,,,,,,,,,,,,,,,,,,,,,,,,,,,,,,,,,,,,,,,,,,,,,,,,,,,,,,,,,,,
95,2,,,,,,,100,86,66,16,238.5,2730,10801,38,0,21.5,9.0;6.0;26.2;17.0;8.4;12.2;53.7;83.5;61.5;42.4;81.5;72.9;5.7;5.5;1.9;2.1;3.1;4.8;2.2;1.7;4.1;4.1;2.9;3.4,33.27,0.08,0.01,2.53,14.214,0.0,1464.0,0.0,4,16,,,,,,,,,,,,,,,,,,,,,,,,,,,,,,,,,,,,,,,,,,,,,,,,,,,,,,,,,,,,,
95,3,,,,,,,100,54,67,18,238.7,2730,10801,38,0,18.2,6.2;2.6;17.1;14.8;3.6;5.5;79.1;47.5;35.4;64.6;79.8;73.0;1.0;2.2;0.3;0.3;0.3;0.3;0.2;0.2;0.3;0.2;0.2;1.0,33.25,0.08,0.01,2.16,14.214,0.0,341.0,1464.0,4,16,,,,,,,,,,,,,,,,,,,,,,,,,,,,,,,,,,,,,,,,,,,,,,,,,,,,,,,,,,,,,
95,4,,,,,,,100,65,69,14,238.8,2730,10801,37,0,18.7,4.4;2.2;15.6;16.3;2.7;5.7;56.0;75.9;47.1;56.1;82.4;76.9;2.4;1.5;0.2;0.0;0.5;0.9;0.0;0.0;0.5;0.3;0.2;0.5,33.24,0.08,0.01,1.65,14.214,0.0,341.0,1416.0,4,16,,,,,,,,,,,,,,,,,,,,,,,,,,,,,,,,,,,,,,,,,,,,,,,,,,,,,,,,,,,,,
95,5,,,,,,,100,67,70,19,239.1,2730,10801,38,0,18.0,2.4;1.7;19.6;10.1;4.3;3.9;70.0;67.9;55.5;44.9;90.4;56.7;1.7;1.4;0.2;0.0;0.0;0.5;0.2;0.0;0.2;0.0;0.0;0.5,33.23,0.08,0.0,2.47,14.214,0.0,292.0,1660.0,4,16,,,,,,,,,,,,,,,,,,,,,,,,,,,,,,,,,,,,,,,,,,,,,,,,,,,,,,,,,,,,,
95,6,,,,,,,98,77,69,17,238.3,2730,10801,37,0,18.9,6.7;2.7;23.0;10.9;6.0;3.9;80.1;52.6;43.5;58.3;85.2;69.0;2.4;2.2;0.5;0.5;1.0;0.3;0.7;0.5;0.9;0.3;0.9;2.0,33.23,0.08,0.0,0.06,14.214,0.0,976.0,292.0,4,16,,,,,,,,,,,,,,,,,,,,,,,,,,,,,,,,,,,,,,,,,,,,,,,,,,,,,,,,,,,,,
95,7,,,,,,,100,62,67,17,239.5,2730,10801,38,0,18.2,5.1;2.2;20.7;8.1;5.8;3.8;66.9;66.3;42.6;55.2;86.6;68.4;1.4;1.7;0.0;0.0;0.2;0.7;0.2;0.0;0.3;0.3;0.2;0.7,33.22,0.08,0.0,0.05,14.214,0.0,3027.0,1562.0,4,16,,,,,,,,,,,,,,,,,,,,,,,,,,,,,,,,,,,,,,,,,,,,,,,,,,,,,,,,,,,,,
95,8,,,,,,,100,80,68,14,238.5,2730,10801,37,0,15.6,6.2;2.7;15.2;5.7;4.1;3.4;61.7;43.8;38.0;32.6;86.1;66.9;1.7;2.1;0.5;0.2;0.0;1.4;0.0;0.3;0.3;0.2;0.5;0.9,33.21,0.08,0.0,0.07,14.214,0.0,488.0,1757.0,4,16,,,,,,,,,,,,,,,,,,,,,,,,,,,,,,,,,,,,,,,,,,,,,,,,,,,,,,,,,,,,,
95,9,,,,,,,100,48,70,20,239.4,2730,10801,38,0,10.3,5.8;1.2;4.6;1.4;1.7;1.0;45.8;55.6;13.3;12.2;99.3;1.0;0.9;0.2;0.0;0.0;0.2;0.2;0.2;0.2;0.0;0.0;0.3;1.7,33.22,0.08,0.0,0.07,14.214,0.0,17822.0,16650.0,4,16,,,,,,,,,,,,,,,,,,,,,,,,,,,,,,,,,,,,,,,,,,,,,,,,,,,,,,,,,,,,,
95,10,,,,,,,100,71,69,17,239.4,2730,10801,38,0,12.2,10.7;3.6;3.4;10.3;3.6;0.0;24.1;62.1;26.7;37.9;89.7;10.7;0.0;0.0;0.0;0.0;0.0;0.0;0.0;0.0;0.0;3.6;0.0;0.0,33.25,0.08,0.0,0.25,14.218,0.0,537.0,1562.0,4,16,,,,,,,,,,,,,,,,,,,,,,,,,,,,,,,,,,,,,,,,,,,,,,,,,,,,,,,,,,,,,
95,summary,0.2993533159418642,0.9964180640695164,0.2829431931177775,1.0,0.00100000,88.3,,,,,,,,,,,,,,,,,,,,,,98,99.8,100,48,68.4,86,66,68.2,70,14,17.3,21,76.8,222.7,239.5,2731.5,10801.0,37.7,0,10.3,19.19,40.3,33.14,33.23,33.27,63.16,0.08,0.08,0.08,18.03,0.0,0.0,0.01,0.05,0.94,2.53,11.269,15.584,14.214,14.21,14.218,15.992,0.0,0.0,0.0,292.0,2704.5,17822.0,0.0,2636.3,16650.0,4,4.0,4,16,16.0,16,4,16,2.82,72.03
96,1,,,,,,,100,65,67,18,100.9,2730,10801,38,0,39.8,32.1;28.6;53.1;67.1;37.9;37.3;88.1;94.4;68.2;70.4;93.0;66.1;24.0;24.5;14.3;14.5;20.6;24.0;10.7;10.8;19.8;20.2;18.6;16.2,33.13,0.08,0.0,0.05,14.214,0.0,1416.0,1416.0,4,16,,,,,,,,,,,,,,,,,,,,,,,,,,,,,,,,,,,,,,,,,,,,,,,,,,,,,,,,,,,,,
96,2,,,,,,,100,74,70,22,239.1,2730,10801,38,0,21.5,10.3;6.0;21.9;17.0;8.9;7.8;89.9;82.5;52.8;56.5;86.4;32.8;5.3;5.8;2.9;3.4;3.4;4.1;2.6;2.2;2.9;3.9;2.9;3.6,33.28,0.08,0.0,2.53,14.214,0.0,537.0,1367.0,4,16,,,,,,,,,,,,,,,,,,,,,,,,,,,,,,,,,,,,,,,,,,,,,,,,,,,,,,,,,,,,,
96,3,,,,,,,100,75,67,15,238.2,2730,10801,37,0,18.9,7.2;2.4;14.9;18.7;5.1;6.7;78.5;71.3;52.9;46.8;96.6;43.2;2.1;1.7;0.0;0.5;1.0;0.9;0.2;0.2;0.3;0.9;0.5;1.4,33.25,0.08,0.0,2.15,14.214,0.0,341.0,1904.0,4,16,,,,,,,,,,,,,,,,,,,,,,,,,,,,,,,,,,,,,,,,,,,,,,,,,,,,,,,,,,,,,
96,4,,,,,,,100,47,70,16,239.1,2730,10801,37,0,18.5,6.9;2.1;14.5;13.6;3.6;5.4;86.9;91.8;36.9;58.9;97.4;11.6;2.4;3.6;0.3;0.7;1.2;1.2;0.2;0.2;1.7;0.5;0.2;1.4,33.23,0.08,0.0,1.58,14.214,0.0,1367.0,1416.0,4,16,,,,,,,,,,,,,,,,,,,,,,,,,,,,,,,,,,,,,,,,,,,,,,,,,,,,,,,,,,,,,
96,5,,,,,,,100,52,68,14,238.8,2730,10801,38,0,18.0,5.9;0.7;13.7;13.7;3.9;4.6;88.9;90.7;53.3;44.7;90.6;15.8;2.1;1.0;0.2;0.0;0.3;0.2;0.2;0.2;0.2;0.0;0.3;0.7,33.22,0.08,0.0,2.23,14.214,0.0,341.0,1513.0,4,16,,,,,,,,,,,,,,,,,,,,,,,,,,,,,,,,,,,,,,,,,,,,,,,,,,,,,,,,,,,,,
96,6,,,,,,,98,80,70,14,238.4,2730,10801,38,0,18.6,6.7;2.6;20.2;10.1;6.5;6.0;90.9;72.6;53.6;42.7;84.6;40.9;1.5;1.2;0.2;0.9;0.5;0.7;0.2;0.5;0.3;0.5;0.7;1.2,33.23,0.08,0.0,0.06,14.214,0.0,341.0,19287.0,4,16,,,,,,,,,,,,,,,,,,,,,,,,,,,,,,,,,,,,,,,,,,,,,,,,,,,,,,,,,,,,,
96,7,,,,,,,100,80,70,14,239.3,2730,10801,38,0,18.9,5.9;3.8;15.6;12.3;6.2;4.3;84.2;83.8;51.5;53.1;88.3;32.0;3.3;1.2;0.3;0.9;0.9;1.2;0.5;0.0;1.0;0.5;1.2;0.7,33.23,0.08,0.0,0.09,14.214,0.0,927.0,244.0,4,16,,,,,,,,,,,,,,,,,,,,,,,,,,,,,,,,,,,,,,,,,,,,,,,,,,,,,,,,,,,,,
96,8,,,,,,,100,49,70,16,239.1,2730,10801,38,0,15.2,4.4;1.5;12.3;10.6;3.9;3.6;43.6;86.0;35.8;37.6;92.8;21.1;2.2;2.6;1.0;0.3;1.4;1.0;0.2;0.0;0.7;0.5;0.5;1.9,33.23,0.08,0.0,0.05,14.214,0.0,1171.0,16015.0,4,16,,,,,,,,,,,,,,,,,,,,,,,,,,,,,,,,,,,,,,,,,,,,,,,,,,,,,,,,,,,,,
96,9,,,,,,,100,79,71,21,239.7,2730,10801,38,0,10.7,3.2;1.9;5.1;2.6;2.4;3.1;46.2;56.1;17.7;11.4;59.8;41.8;1.4;0.5;0.3;0.0;0.2;0.2;0.0;0.3;0.2;0.9;1.0;1.0,33.23,0.08,0.0,0.07,14.214,0.0,341.0,1416.0,4,16,,,,,,,,,,,,,,,,,,,,,,,,,,,,,,,,,,,,,,,,,,,,,,,,,,,,,,,,,,,,,
96,10,,,,,,,100,59,69,15,239.7,2730,10801,38,0,11.5,13.3;6.5;6.7;6.7;0.0;3.3;43.3;33.3;43.3;20.0;83.3;16.7;0.0;0.0;0.0;0.0;0.0;0.0;0.0;0.0;0.0;0.0;0.0;0.0,33.25,0.08,0.0,0.0,14.218,0.0,1171.0,1464.0,4,16,,,,,,,,,,,,,,,,,,,,,,,,,,,,,,,,,,,,,,,,,,,,,,,,,,,,,,,,,,,,,
96,summary,0.29971434365485067,0.996222230318708,0.2828902264436086,1.0,0.00100000,88.1,,,,,,,,,,,,,,,,,,,,,,98,99.8,100,47,66.0,80,67,69.2,71,14,16.5,22,100.9,225.23,239.7,2730.0,10801.0,37.8,0,10.7,19.16,39.8,33.13,33.23,33.28,63.16,0.08,0.08,0.08,18.03,0.0,0.0,0.0,0.0,0.88,2.53,11.269,15.584,14.214,14.21,14.218,15.992,0.0,0.0,0.0,341.0,795.3,1416.0,244.0,4604.2,19287.0,4,4.0,4,16,16.0,16,4,16,2.92,72.04
97,1,,,,,,,100,84,66,17,111.5,2730,10801,38,0,41.3,34.0;34.6;59.9;64.7;40.4;43.9;87.0;95.3;75.4;81.8;96.1;46.6;28.0;26.8;13.2;13.6;23.8;23.4;11.2;11.9;21.5;21.5;18.0;19.5,33.78,0.08,0.0,0.07,14.214,0.0,634.0,1611.0,4,16,,,,,,,,,,,,,,,,,,,,,,,,,,,,,,,,,,,,,,,,,,,,,,,,,,,,,,,,,,,,,
97,2,,,,,,,100,70,68,15,239.1,2730,10801,38,0,19.3,4.9;3.9;16.9;22.0;5.1;7.2;92.0;73.1;53.4;50.3;83.0;42.5;2.2;1.5;0.3;0.5;1.0;1.0;0.2;0.0;0.5;0.2;0.2;1.0,33.27,0.08,0.0,2.45,14.214,0.0,1464.0,97.0,4,16,,,,,,,,,,,,,,,,,,,,,,,,,,,,,,,,,,,,,,,,,,,,,,,,,,,,,,,,,,,,,
97,3,,,,,,,100,85,67,21,239.4,2730,10801,38,0,18.7,5.6;2.4;17.9;19.9;3.2;7.0;69.3;87.9;34.3;61.8;89.9;36.0;1.7;2.4;0.2;0.7;1.2;1.7;0.9;0.5;0.5;1.5;0.9;2.0,33.26,0.08,0.0,2.17,14.214,0.0,2441.0,2050.0,4,16,,,,,,,,,,,,,,,,,,,,,,,,,,,,,,,,,,,,,,,,,,,,,,,,,,,,,,,,,,,,,
97,4,,,,,,,99,83,70,16,237.6,2730,10801,38,0,18.7,5.6;4.1;13.1;21.0;3.4;7.5;65.5;85.1;40.6;58.6;80.9;54.5;1.2;2.9;0.5;0.2;0.5;0.7;0.2;0.0;0.2;0.7;1.0;0.9,33.24,0.08,0.0,1.59,14.214,0.0,1220.0,2734.0,4,16,,,,,,,,,,,,,,,,,,,,,,,,,,,,,,,,,,,,,,,,,,,,,,,,,,,,,,,,,,,,,
97,5,,,,,,,100,62,72,20,239.2,2730,10801,38,0,18.4,6.6;2.9;13.4;23.4;3.9;6.2;67.1;53.3;50.9;50.6;90.4;68.0;1.4;2.1;0.0;0.3;0.7;0.3;0.2;0.2;0.0;0.0;0.0;0.2,33.23,0.08,0.0,2.24,14.214,0.0,488.0,2734.0,4,16,,,,,,,,,,,,,,,,,,,,,,,,,,,,,,,,,,,,,,,,,,,,,,,,,,,,,,,,,,,,,
97,6,,,,,,,100,70,69,16,239.5,2730,10801,37,0,17.9,5.2;1.7;14.4;14.4;2.4;5.0;87.3;66.7;44.9;54.9;90.8;36.8;0.7;1.4;0.0;0.0;0.5;0.7;0.0;0.0;0.3;0.0;0.3;0.2,33.23,0.08,0.0,0.07,14.214,0.0,341.0,1708.0,4,16,,,,,,,,,,,,,,,,,,,,,,,,,,,,,,,,,,,,,,,,,,,,,,,,,,,,,,,,,,,,,
97,7,,,,,,,98,82,70,20,237.7,2730,10801,38,0,19.2,7.5;4.3;13.2;16.7;6.9;6.8;77.0;60.6;46.2;56.9;82.5;65.0;2.2;2.7;0.2;0.3;2.4;1.9;0.7;0.2;0.9;1.4;0.9;2.9,33.23,0.08,0.0,0.05,14.214,0.0,1757.0,1367.0,4,16,,,,,,,,,,,,,,,,,,,,,,,,,,,,,,,,,,,,,,,,,,,,,,,,,,,,,,,,,,,,,
97,8,,,,,,,100,85,68,14,239.5,2730,10801,38,0,15.7,7.1;2.7;12.7;7.9;3.2;3.9;71.4;64.7;39.4;33.4;94.0;24.9;1.7;1.9;0.7;0.3;0.9;1.4;0.7;0.7;0.7;0.9;0.7;1.2,33.22,0.08,0.0,0.06,14.214,0.0,341.0,1562.0,4,16,,,,,,,,,,,,,,,,,,,,,,,,,,,,,,,,,,,,,,,,,,,,,,,,,,,,,,,,,,,,,
97,9,,,,,,,100,63,71,16,239.5,2730,10801,38,0,10.7,5.0;1.2;4.4;3.9;2.7;2.4;50.2;52.7;19.8;8.5;99.2;1.5;0.5;0.5;0.3;0.2;0.2;1.2;0.2;0.0;0.5;0.5;0.2;1.4,33.22,0.08,0.0,0.08,14.214,0.0,341.0,195.0,4,16,,,,,,,,,,,,,,,,,,,,,,,,,,,,,,,,,,,,,,,,,,,,,,,,,,,,,,,,,,,,,
97,10,,,,,,,100,63,67,22,239.5,2730,10801,38,0,12.5,3.2;3.2;12.9;9.7;3.2;6.2;29.0;58.1;61.3;19.4;67.7;31.2;3.1;0.0;0.0;0.0;0.0;0.0;0.0;0.0;0.0;0.0;0.0;0.0,33.26,0.08,0.03,0.09,14.218,0.0,976.0,146.0,4,16,,,,,,,,,,,,,,,,,,,,,,,,,,,,,,,,,,,,,,,,,,,,,,,,,,,,,,,,,,,,,
97,summary,0.29981608074486044,0.9962768815980034,0.2829028947353363,1.0,0.00100000,88.7,,,,,,,,,,,,,,,,,,,,,,98,99.7,100,62,74.7,85,66,68.8,72,14,17.7,22,111.5,226.25,239.5,2730.0,10801.0,37.9,0,10.7,19.24,41.3,33.22,33.29,33.78,63.16,0.08,0.08,0.08,18.03,0.0,0.0,0.03,0.05,0.89,2.45,11.269,15.584,14.214,14.21,14.218,15.992,0.0,0.0,0.0,341.0,1000.3,2441.0,97.0,1420.4,2734.0,4,4.0,4,16,16.0,16,4,16,3.22,72.03
98,1,,,,,,,100,70,67,17,79.6,2745,10801,38,0,40.3,32.3;33.2;59.0;65.4;41.5;36.6;72.3;92.0;68.4;77.5;96.0;66.6;25.0;23.6;14.3;15.1;22.9;23.4;12.1;10.8;20.4;20.9;19.3;17.7,33.22,0.08,0.0,0.07,14.214,0.0,22998.0,0.0,4,16,,,,,,,,,,,,,,,,,,,,,,,,,,,,,,,,,,,,,,,,,,,,,,,,,,,,,,,,,,,,,
98,2,,,,,,,100,88,66,18,238.4,2730,10801,38,0,20.1,8.6;4.8;25.8;16.4;8.5;5.6;54.7;67.1;51.0;51.3;84.1;75.6;3.4;4.3;1.5;1.5;3.6;2.6;1.2;0.9;3.4;2.4;2.1;2.7,33.3,0.08,0.0,2.52,14.214,0.0,56396.0,683.0,4,16,,,,,,,,,,,,,,,,,,,,,,,,,,,,,,,,,,,,,,,,,,,,,,,,,,,,,,,,,,,,,
98,3,,,,,,,100,89,64,14,238.0,2730,10801,37,0,18.3,5.1;2.1;13.8;14.7;3.2;6.1;51.6;78.8;39.6;58.4;92.2;65.1;1.9;1.5;0.0;0.5;0.5;0.5;0.7;0.0;0.7;0.0;0.3;1.5,33.27,0.08,0.0,2.14,14.214,0.0,244.0,1708.0,4,16,,,,,,,,,,,,,,,,,,,,,,,,,,,,,,,,,,,,,,,,,,,,,,,,,,,,,,,,,,,,,
98,4,,,,,,,100,48,69,16,239.4,2730,10801,38,0,19.2,7.8;4.9;16.5;18.2;3.9;8.2;78.3;87.7;44.7;55.1;92.2;27.0;2.9;3.6;0.3;1.4;1.0;1.7;0.9;0.5;0.5;1.7;1.4;1.5,33.25,0.08,0.04,1.86,14.214,0.0,1074.0,1367.0,4,16,,,,,,,,,,,,,,,,,,,,,,,,,,,,,,,,,,,,,,,,,,,,,,,,,,,,,,,,,,,,,
98,5,,,,,,,98,79,70,14,238.4,2730,10801,38,0,18.1,5.1;1.9;15.6;12.5;3.4;5.1;61.6;87.5;49.4;49.0;89.4;48.5;0.9;1.2;0.0;0.2;0.5;0.0;0.0;0.2;0.2;0.0;0.2;1.0,33.23,0.08,0.0,2.24,14.214,0.0,1123.0,1416.0,4,16,,,,,,,,,,,,,,,,,,,,,,,,,,,,,,,,,,,,,,,,,,,,,,,,,,,,,,,,,,,,,
98,6,,,,,,,100,78,68,15,239.3,2730,10801,38,0,18.3,6.5;3.1;15.4;10.4;3.1;4.5;63.7;60.5;44.6;55.2;92.8;72.9;1.0;1.2;0.0;0.2;0.7;0.5;0.2;0.0;0.3;0.0;0.2;1.5,33.23,0.08,0.0,0.06,14.214,0.0,341.0,439.0,4,16,,,,,,,,,,,,,,,,,,,,,,,,,,,,,,,,,,,,,,,,,,,,,,,,,,,,,,,,,,,,,
98,7,,,,,,,100,48,71,21,239.0,2730,10801,38,0,18.3,4.7;2.2;13.6;20.4;4.3;5.3;60.2;75.4;53.0;45.1;86.1;62.6;1.0;1.2;0.0;0.3;0.2;0.5;0.0;0.0;0.3;0.3;0.3;1.4,33.24,0.08,0.01,0.07,14.214,0.0,537.0,0.0,4,16,,,,,,,,,,,,,,,,,,,,,,,,,,,,,,,,,,,,,,,,,,,,,,,,,,,,,,,,,,,,,
98,8,,,,,,,100,48,71,16,239.6,2730,10801,38,0,15.5,5.4;2.6;9.9;12.7;3.9;4.8;57.5;55.7;33.6;37.2;95.4;44.6;1.5;1.7;0.3;0.5;0.5;1.5;0.3;0.5;0.3;0.7;0.3;1.0,33.22,0.08,0.0,0.1,14.214,0.0,1464.0,48.0,4,16,,,,,,,,,,,,,,,,,,,,,,,,,,,,,,,,,,,,,,,,,,,,,,,,,,,,,,,,,,,,,
98,9,,,,,,,98,77,69,20,239.7,2730,10801,38,0,10.5,5.2;0.5;4.6;2.4;1.7;1.5;49.8;51.9;20.1;7.9;99.8;1.2;0.9;0.3;0.2;0.2;0.3;0.3;0.5;0.0;0.2;0.0;0.5;0.9,33.22,0.08,0.0,0.07,14.214,0.0,1464.0,0.0,4,16,,,,,,,,,,,,,,,,,,,,,,,,,,,,,,,,,,,,,,,,,,,,,,,,,,,,,,,,,,,,,
98,10,,,,,,,51,43,69,15,239.7,2730,10801,38,0,12.5,0.0;0.0;17.2;10.3;3.4;3.6;55.2;34.5;34.5;34.5;89.7;10.7;0.0;0.0;0.0;0.0;0.0;0.0;0.0;0.0;0.0;0.0;0.0;0.0,33.26,0.08,0.0,0.1,14.218,0.0,341.0,488.0,4,16,,,,,,,,,,,,,,,,,,,,,,,,,,,,,,,,,,,,,,,,,,,,,,,,,,,,,,,,,,,,,
98,summary,0.2994943874327286,0.9964112326596045,0.2828610147635142,1.0,0.00100000,88.3,,,,,,,,,,,,,,,,,,,,,,51,94.7,100,43,66.8,89,64,68.4,71,14,16.6,21,79.6,223.11,239.7,2731.5,10801.0,37.9,0,10.5,19.11,40.3,33.22,33.24,33.3,63.16,0.08,0.08,0.08,18.03,0.0,0.01,0.04,0.06,0.92,2.52,11.269,15.584,14.214,14.21,14.218,15.992,0.0,0.0,0.0,244.0,8598.2,56396.0,0.0,614.9,1708.0,4,4.0,4,16,16.0,16,4,16,2.96,72.04
99,1,,,,,,,100,77,66,18,108.7,2730,10801,38,0,40.2,32.3;30.2;55.8;60.8;42.1;38.1;90.5;93.8;67.5;79.7;91.2;66.4;26.4;25.7;12.2;12.4;21.5;21.7;10.9;10.4;19.3;20.9;18.5;16.3,33.2,0.08,0.01,0.07,14.214,0.0,878.0,244.0,4,16,,,,,,,,,,,,,,,,,,,,,,,,,,,,,,,,,,,,,,,,,,,,,,,,,,,,,,,,,,,,,
99,2,,,,,,,100,53,69,16,237.8,2730,10801,38,0,21.2,6.6;6.5;27.6;13.2;6.8;8.1;89.0;68.3;51.8;52.0;89.2;46.1;3.9;6.7;2.9;3.1;3.9;3.9;2.7;2.2;3.6;4.1;3.4;3.6,33.3,0.08,0.0,3.64,14.214,0.0,1416.0,0.0,4,16,,,,,,,,,,,,,,,,,,,,,,,,,,,,,,,,,,,,,,,,,,,,,,,,,,,,,,,,,,,,,
99,3,,,,,,,98,80,69,14,239.5,2730,10801,38,0,19.0,5.1;4.4;16.4;14.9;6.5;5.0;72.3;71.7;49.5;53.3;87.2;56.7;1.7;2.4;0.2;0.2;1.2;1.4;0.7;0.5;0.5;1.5;1.0;2.2,33.29,0.08,0.0,3.03,14.214,0.0,0.0,1464.0,4,16,,,,,,,,,,,,,,,,,,,,,,,,,,,,,,,,,,,,,,,,,,,,,,,,,,,,,,,,,,,,,
99,4,,,,,,,100,77,69,16,238.7,2730,10801,38,0,18.3,6.7;2.9;16.1;15.6;3.8;5.1;82.5;72.3;50.5;46.1;90.8;39.6;1.5;1.4;0.0;0.3;0.2;1.2;0.3;0.0;0.2;0.2;0.2;0.7,33.3,0.08,0.0,2.16,14.214,0.0,292.0,292.0,4,16,,,,,,,,,,,,,,,,,,,,,,,,,,,,,,,,,,,,,,,,,,,,,,,,,,,,,,,,,,,,,
99,5,,,,,,,100,54,69,14,238.9,2730,10801,38,0,18.2,3.4;1.7;16.4;20.0;3.1;6.2;77.9;63.5;53.1;46.5;87.0;50.6;1.5;1.4;0.2;0.0;0.3;0.3;0.3;0.0;0.5;0.5;0.3;1.2,33.26,0.08,0.0,1.38,14.214,0.0,878.0,13769.0,4,16,,,,,,,,,,,,,,,,,,,,,,,,,,,,,,,,,,,,,,,,,,,,,,,,,,,,,,,,,,,,,
99,6,,,,,,,100,48,70,15,238.7,2730,10801,38,0,18.4,5.9;1.7;16.0;17.1;2.2;6.3;81.3;82.5;48.5;52.2;92.8;27.5;2.0;1.2;0.7;0.2;0.9;0.9;0.3;0.0;0.9;0.5;0.3;0.7,33.26,0.08,0.0,2.42,14.214,0.0,2929.0,1562.0,4,16,,,,,,,,,,,,,,,,,,,,,,,,,,,,,,,,,,,,,,,,,,,,,,,,,,,,,,,,,,,,,
99,7,,,,,,,98,77,69,21,239.0,2730,10801,38,0,18.5,5.6;2.7;16.6;20.5;3.3;6.5;74.8;74.3;45.2;56.0;88.7;43.7;0.3;2.7;0.2;0.2;0.5;0.5;0.3;0.2;0.3;0.2;0.5;0.7,33.24,0.08,0.0,0.08,14.214,0.0,1660.0,1269.0,4,16,,,,,,,,,,,,,,,,,,,,,,,,,,,,,,,,,,,,,,,,,,,,,,,,,,,,,,,,,,,,,
99,8,,,,,,,98,82,71,14,238.2,2730,10801,38,0,14.9,3.6;2.2;8.4;7.7;2.2;3.4;51.7;75.2;37.3;39.4;75.4;45.6;1.4;1.5;0.0;0.2;0.3;0.5;0.2;0.0;0.5;0.3;0.2;0.9,33.22,0.08,0.0,0.03,14.214,0.0,781.0,1318.0,4,16,,,,,,,,,,,,,,,,,,,,,,,,,,,,,,,,,,,,,,,,,,,,,,,,,,,,,,,,,,,,,
99,9,,,,,,,69,55,69,21,234.8,2730,10801,38,0,9.8,3.0;0.3;3.9;2.1;1.0;1.2;58.2;42.5;12.9;9.8;99.5;0.2;0.2;0.0;0.0;0.0;0.0;0.0;0.0;0.0;0.0;0.0;0.0;0.3,33.22,0.08,0.0,0.07,14.214,0.0,292.0,1708.0,4,16,,,,,,,,,,,,,,,,,,,,,,,,,,,,,,,,,,,,,,,,,,,,,,,,,,,,,,,,,,,,,
99,10,,,,,,,69,55,69,16,234.8,2730,10801,38,0,19.2,30.0;7.1;38.7;6.7;10.3;14.3;78.6;20.0;30.0;58.6;93.3;13.3;7.1;0.0;3.6;0.0;3.6;0.0;4.5;3.6;6.9;6.9;3.6;10.0,33.26,0.08,0.03,0.16,14.218,0.0,1123.0,1562.0,4,16,,,,,,,,,,,,,,,,,,,,,,,,,,,,,,,,,,,,,,,,,,,,,,,,,,,,,,,,,,,,,
99,summary,0.29926735807686916,0.9965341980380191,0.28285172788302104,1.0,0.00100000,88.1,,,,,,,,,,,,,,,,,,,,,,69,93.2,100,48,65.8,82,66,69.0,71,14,16.5,21,108.7,224.91,239.5,2730.0,10801.0,38.0,0,9.8,19.77,40.2,33.2,33.26,33.3,63.16,0.08,0.08,0.08,18.03,0.0,0.0,0.03,0.03,1.3,3.64,11.269,15.584,14.214,14.21,14.218,15.992,0.0,0.0,0.0,0.0,1024.9,2929.0,0.0,2318.8,13769.0,4,4.0,4,16,16.0,16,4,16,2.82,72.04
100,1,,,,,,,0,0,58,19,59.6,2745,10801,38,0,40.6,32.0;32.3;56.8;68.6;39.8;38.6;74.1;90.1;72.8;72.1;93.3;76.2;27.6;26.9;13.1;13.7;22.4;24.0;9.7;11.0;22.0;21.4;17.7;18.5,33.6,0.08,0.0,0.05,14.214,0.0,3369.0,4248.0,4,16,,,,,,,,,,,,,,,,,,,,,,,,,,,,,,,,,,,,,,,,,,,,,,,,,,,,,,,,,,,,,
100,2,,,,,,,100,67,69,17,238.5,2730,10801,38,0,19.0,4.8;3.1;19.6;12.6;6.7;4.9;71.0;66.6;48.7;56.4;94.2;56.0;2.2;2.0;0.5;0.2;1.2;0.3;1.0;0.3;0.5;1.5;0.7;1.4,33.32,0.08,0.0,3.61,14.214,0.0,41162.0,21142.0,4,16,,,,,,,,,,,,,,,,,,,,,,,,,,,,,,,,,,,,,,,,,,,,,,,,,,,,,,,,,,,,,
100,3,,,,,,,100,74,69,16,238.2,2730,10801,38,0,18.3,4.4;2.2;16.6;12.1;5.5;4.8;67.1;66.2;37.0;64.8;93.8;56.1;1.2;1.5;0.2;0.2;0.9;0.9;0.2;0.0;0.7;0.3;0.7;1.4,33.3,0.08,0.0,3.02,14.214,0.0,1660.0,0.0,4,16,,,,,,,,,,,,,,,,,,,,,,,,,,,,,,,,,,,,,,,,,,,,,,,,,,,,,,,,,,,,,
100,4,,,,,,,100,87,69,14,237.9,2730,10801,38,0,19.2,7.6;4.3;20.5;9.2;6.0;4.8;66.5;64.0;36.8;65.5;89.3;65.6;2.9;3.1;0.7;1.0;1.7;1.4;1.2;0.9;1.2;1.7;1.5;3.2,33.26,0.08,0.0,2.16,14.214,0.0,585.0,1757.0,4,16,,,,,,,,,,,,,,,,,,,,,,,,,,,,,,,,,,,,,,,,,,,,,,,,,,,,,,,,,,,,,
100,5,,,,,,,94,78,69,14,236.6,2730,10801,38,0,18.0,3.7;2.2;15.4;19.1;3.1;5.5;83.7;76.6;55.4;39.6;90.8;30.4;0.9;1.7;0.0;0.2;0.3;0.3;0.0;0.0;0.2;0.2;0.2;0.5,33.25,0.08,0.0,1.61,14.214,0.0,1123.0,1367.0,4,16,,,,,,,,,,,,,,,,,,,,,,,,,,,,,,,,,,,,,,,,,,,,,,,,,,,,,,,,,,,,,
100,6,,,,,,,100,54,71,16,238.3,2730,10801,38,0,18.1,3.9;1.0;13.2;16.5;3.2;5.3;85.4;83.6;42.4;58.4;90.5;25.8;2.1;2.1;0.0;0.2;0.3;0.0;0.0;0.0;0.2;0.2;0.0;0.9,33.24,0.08,0.01,2.22,14.214,0.0,781.0,0.0,4,16,,,,,,,,,,,,,,,,,,,,,,,,,,,,,,,,,,,,,,,,,,,,,,,,,,,,,,,,,,,,,
100,7,,,,,,,100,76,70,19,238.9,2730,10801,38,0,18.3,2.0;1.5;17.8;12.8;3.4;5.7;92.8;85.1;53.4;46.7;93.4;15.4;2.1;2.4;0.2;0.0;0.5;0.9;0.2;0.0;0.3;0.2;0.3;1.2,33.23,0.08,0.0,0.06,14.214,0.0,292.0,1416.0,4,16,,,,,,,,,,,,,,,,,,,,,,,,,,,,,,,,,,,,,,,,,,,,,,,,,,,,,,,,,,,,,
100,8,,,,,,,100,86,70,15,239.5,2730,10801,38,0,16.6,6.4;4.3;10.4;17.7;4.8;7.1;59.1;67.7;35.2;39.8;85.1;46.0;2.6;2.9;0.3;0.5;1.9;0.7;0.3;0.2;1.0;1.0;1.4;1.0,33.22,0.08,0.0,0.07,14.214,0.0,1220.0,97.0,4,16,,,,,,,,,,,,,,,,,,,,,,,,,,,,,,,,,,,,,,,,,,,,,,,,,,,,,,,,,,,,,
100,9,,,,,,,100,56,71,19,239.2,2730,10801,38,0,10.9,5.4;1.7;3.8;5.5;1.7;2.1;59.4;42.5;12.8;15.0;56.2;47.3;0.9;1.2;0.3;0.2;0.7;1.0;0.2;0.0;0.3;0.3;0.3;2.9,33.21,0.08,0.0,0.05,14.214,0.0,1513.0,1416.0,4,16,,,,,,,,,,,,,,,,,,,,,,,,,,,,,,,,,,,,,,,,,,,,,,,,,,,,,,,,,,,,,
100,10,,,,,,,82,65,69,16,236.1,2730,10801,38,0,12.1,3.4;3.4;6.9;6.9;10.3;6.9;96.6;0.0;20.7;48.3;24.1;62.1;0.0;0.0;0.0;0.0;0.0;0.0;0.0;0.0;0.0;0.0;0.0;0.0,33.25,0.08,0.0,0.44,14.218,0.0,1464.0,1611.0,4,16,,,,,,,,,,,,,,,,,,,,,,,,,,,,,,,,,,,,,,,,,,,,,,,,,,,,,,,,,,,,,
100,summary,0.2998125411129839,0.9961721333126873,0.2828965620199839,1.0,0.00100000,88.6,,,,,,,,,,,,,,,,,,,,,,0,87.6,100,0,64.3,87,58,68.5,71,14,16.5,19,59.6,220.28,239.5,2731.5,10801.0,38.0,0,10.9,19.11,40.6,33.21,33.29,33.6,63.16,0.08,0.08,0.08,18.03,0.0,0.0,0.01,0.05,1.33,3.61,11.269,15.584,14.214,14.21,14.218,15.992,0.0,0.0,0.0,292.0,5316.9,41162.0,0.0,3305.4,21142.0,4,4.0,4,16,16.0,16,4,16,3.09,72.03
101,1,,,,,,,0,0,66,20,69.6,2745,10801,38,0,39.0,31.7;27.3;56.5;58.8;38.8;37.6;86.3;91.1;71.5;69.9;92.8;70.8;24.3;24.6;10.8;11.3;22.1;23.3;8.2;7.7;19.7;19.6;16.5;14.8,33.09,0.08,0.0,0.04,14.214,0.0,1220.0,97.0,4,16,,,,,,,,,,,,,,,,,,,,,,,,,,,,,,,,,,,,,,,,,,,,,,,,,,,,,,,,,,,,,
101,2,,,,,,,100,55,70,15,239.2,2730,10801,38,0,22.1,9.7;6.2;24.1;20.2;8.2;7.9;81.5;95.2;45.3;61.9;93.7;28.0;6.3;5.5;2.9;2.6;5.3;4.8;2.1;2.7;4.6;3.8;3.1;3.4,33.27,0.08,0.0,2.54,14.214,0.0,1416.0,1416.0,4,16,,,,,,,,,,,,,,,,,,,,,,,,,,,,,,,,,,,,,,,,,,,,,,,,,,,,,,,,,,,,,
101,3,,,,,,,100,58,68,15,238.8,2730,10801,38,0,18.7,6.9;2.4;19.6;10.8;7.5;5.0;64.0;94.9;46.0;53.7;89.6;38.9;2.4;1.0;0.5;0.2;0.9;0.9;0.0;0.2;1.0;0.5;0.5;1.2,33.27,0.08,0.04,2.16,14.219,0.0,244.0,1806.0,4,16,,,,,,,,,,,,,,,,,,,,,,,,,,,,,,,,,,,,,,,,,,,,,,,,,,,,,,,,,,,,,
101,4,,,,,,,100,71,71,14,239.2,2730,10801,38,0,18.9,7.4;3.1;19.8;10.4;5.3;5.6;60.5;60.2;53.5;47.3;91.5;77.1;2.6;1.5;0.2;0.0;0.7;1.4;0.2;0.2;1.0;0.9;1.2;1.7,33.28,0.08,0.0,1.63,14.219,0.0,1708.0,0.0,4,16,,,,,,,,,,,,,,,,,,,,,,,,,,,,,,,,,,,,,,,,,,,,,,,,,,,,,,,,,,,,,
101,5,,,,,,,100,85,69,15,238.8,2730,10801,38,0,17.9,4.6;1.4;19.4;9.9;5.3;2.1;85.6;61.2;50.9;48.5;98.3;37.7;1.0;1.2;0.2;0.3;0.2;0.2;0.3;0.2;0.3;0.3;0.2;0.3,33.27,0.08,0.0,2.21,14.219,0.0,0.0,1416.0,4,16,,,,,,,,,,,,,,,,,,,,,,,,,,,,,,,,,,,,,,,,,,,,,,,,,,,,,,,,,,,,,
101,6,,,,,,,100,57,69,15,239.2,2730,10801,38,0,18.3,7.2;2.1;18.1;9.1;6.5;3.9;78.9;54.0;46.6;50.9;97.8;56.1;1.7;1.4;0.0;0.7;1.4;0.5;0.0;0.2;0.5;0.5;0.7;0.9,33.24,0.08,0.0,0.07,14.219,0.0,341.0,390.0,4,16,,,,,,,,,,,,,,,,,,,,,,,,,,,,,,,,,,,,,,,,,,,,,,,,,,,,,,,,,,,,,
101,7,,,,,,,100,64,70,15,239.3,2730,10801,38,0,18.0,4.9;1.7;11.3;22.2;3.8;3.9;53.3;90.4;54.7;42.0;87.1;51.7;0.9;1.2;0.3;0.3;0.3;0.3;0.0;0.0;0.0;0.2;0.2;0.5,33.24,0.08,0.01,0.07,14.219,0.0,341.0,341.0,4,16,,,,,,,,,,,,,,,,,,,,,,,,,,,,,,,,,,,,,,,,,,,,,,,,,,,,,,,,,,,,,
101,8,,,,,,,100,68,71,13,239.3,2730,10801,38,0,15.4,5.9;1.9;17.6;9.3;3.1;6.3;60.0;77.3;27.1;38.3;93.3;18.7;2.6;1.7;0.2;0.3;1.0;0.9;0.2;0.2;0.7;0.5;0.2;1.4,33.25,0.08,0.0,0.09,14.219,0.0,1416.0,1464.0,4,16,,,,,,,,,,,,,,,,,,,,,,,,,,,,,,,,,,,,,,,,,,,,,,,,,,,,,,,,,,,,,
101,9,,,,,,,98,78,70,14,239.8,2730,10801,38,0,10.7,3.1;1.7;4.6;4.8;1.4;2.1;67.5;36.4;13.9;12.2;85.3;16.0;1.0;0.7;0.0;0.2;0.9;0.7;0.5;0.5;0.3;0.5;1.0;1.4,33.26,0.08,0.0,0.06,14.219,0.0,976.0,1708.0,4,16,,,,,,,,,,,,,,,,,,,,,,,,,,,,,,,,,,,,,,,,,,,,,,,,,,,,,,,,,,,,,
101,10,,,,,,,12,10,67,17,239.8,2730,10801,38,0,15.4,16.7;7.1;39.3;10.3;7.1;17.9;75.0;13.8;44.8;20.7;79.3;20.7;0.0;13.8;0.0;0.0;0.0;0.0;0.0;0.0;0.0;0.0;0.0;0.0,33.28,0.08,0.0,0.04,14.223,0.0,1074.0,1367.0,4,16,,,,,,,,,,,,,,,,,,,,,,,,,,,,,,,,,,,,,,,,,,,,,,,,,,,,,,,,,,,,,
101,summary,0.2993825151765111,0.9963634127902211,0.2828463430404663,1.0,0.00100000,87.9,,,,,,,,,,,,,,,,,,,,,,0,81.0,100,0,54.6,85,66,69.1,71,13,15.3,20,69.6,222.3,239.8,2731.5,10801.0,38.0,0,10.7,19.44,39.0,33.09,33.25,33.28,63.16,0.08,0.08,0.08,18.03,0.0,0.01,0.04,0.04,0.89,2.54,11.269,15.584,14.214,14.22,14.223,15.992,0.0,0.0,0.0,0.0,873.6,1708.0,0.0,1000.5,1806.0,4,4.0,4,16,16.0,16,4,16,2.64,72.05
102,1,,,,,,,100,58,68,22,94.1,2730,10801,38,0,40.1,33.6;33.7;64.7;61.2;37.2;39.2;85.4;74.5;66.0;74.4;91.8;79.6;26.5;23.9;13.6;12.8;23.8;24.2;9.1;9.9;20.6;21.6;19.0;16.9,33.25,0.08,0.0,0.05,14.219,0.0,1660.0,0.0,4,16,,,,,,,,,,,,,,,,,,,,,,,,,,,,,,,,,,,,,,,,,,,,,,,,,,,,,,,,,,,,,
102,2,,,,,,,98,72,70,14,237.4,2730,10801,38,0,20.6,8.1;4.6;30.0;13.6;7.5;6.0;74.8;62.3;57.8;45.9;90.3;63.0;3.6;3.6;2.6;1.9;1.7;2.7;1.2;1.7;2.9;2.7;2.7;3.2,33.32,0.08,0.07,3.76,14.219,0.0,5566.0,1367.0,4,16,,,,,,,,,,,,,,,,,,,,,,,,,,,,,,,,,,,,,,,,,,,,,,,,,,,,,,,,,,,,,
102,3,,,,,,,100,89,66,19,238.1,2730,10801,38,0,18.2,5.4;2.7;17.0;10.4;5.5;1.9;71.6;90.6;43.9;55.5;89.4;35.2;2.0;2.1;0.3;0.5;0.2;0.5;0.0;0.0;0.5;0.5;0.5;1.5,33.3,0.08,0.03,3.15,14.219,0.0,927.0,292.0,4,16,,,,,,,,,,,,,,,,,,,,,,,,,,,,,,,,,,,,,,,,,,,,,,,,,,,,,,,,,,,,,
102,4,,,,,,,100,48,69,15,238.7,2730,10801,38,0,18.3,4.4;2.4;18.0;9.8;5.0;4.3;90.4;90.9;47.6;56.8;96.6;4.1;2.6;1.4;0.0;0.3;0.3;0.7;0.0;0.2;0.9;0.3;0.3;1.2,33.27,0.08,0.0,2.14,14.219,0.0,1464.0,48.0,4,16,,,,,,,,,,,,,,,,,,,,,,,,,,,,,,,,,,,,,,,,,,,,,,,,,,,,,,,,,,,,,
102,5,,,,,,,100,55,70,14,238.8,2730,10801,38,0,18.2,4.4;1.5;21.6;5.8;5.3;3.3;90.3;85.8;45.6;55.4;97.9;11.5;2.7;2.1;0.3;0.2;0.5;0.5;0.2;0.0;1.0;0.3;0.2;0.5,33.27,0.08,0.0,1.38,14.219,0.0,244.0,1757.0,4,16,,,,,,,,,,,,,,,,,,,,,,,,,,,,,,,,,,,,,,,,,,,,,,,,,,,,,,,,,,,,,
102,6,,,,,,,98,74,69,14,239.6,2730,10801,38,0,19.3,8.3;2.9;24.2;13.0;6.7;5.8;73.5;79.8;45.9;54.6;92.0;41.6;3.1;2.7;0.2;1.5;1.9;0.7;0.5;0.2;1.2;1.5;0.5;1.2,33.26,0.08,0.0,2.44,14.219,0.0,1416.0,0.0,4,16,,,,,,,,,,,,,,,,,,,,,,,,,,,,,,,,,,,,,,,,,,,,,,,,,,,,,,,,,,,,,
102,7,,,,,,,98,77,66,15,239.1,2730,10801,38,0,18.4,5.4;2.2;17.1;15.7;5.0;4.3;78.4;70.9;48.8;55.6;92.8;38.9;2.2;1.2;0.2;0.0;0.7;0.5;0.0;0.0;0.5;0.0;0.2;0.9,33.25,0.08,0.04,0.28,14.219,0.0,1416.0,1416.0,4,16,,,,,,,,,,,,,,,,,,,,,,,,,,,,,,,,,,,,,,,,,,,,,,,,,,,,,,,,,,,,,
102,8,,,,,,,100,79,71,15,238.2,2730,10801,38,0,14.7,4.1;2.1;7.7;9.4;2.7;3.4;43.7;72.7;36.8;36.8;83.4;47.2;0.7;0.7;0.0;0.0;0.3;0.3;0.2;0.2;0.0;0.2;0.7;0.0,33.25,0.08,0.0,0.1,14.219,0.0,1611.0,1562.0,4,16,,,,,,,,,,,,,,,,,,,,,,,,,,,,,,,,,,,,,,,,,,,,,,,,,,,,,,,,,,,,,
102,9,,,,,,,100,88,68,15,239.4,2730,10801,38,0,10.9,3.6;2.6;4.8;4.6;2.4;3.2;62.6;40.1;11.0;13.7;94.5;7.7;1.0;1.9;0.5;1.0;0.5;0.9;0.3;0.5;0.7;0.3;0.5;2.0,33.25,0.08,0.02,0.21,14.219,0.0,292.0,20605.0,4,16,,,,,,,,,,,,,,,,,,,,,,,,,,,,,,,,,,,,,,,,,,,,,,,,,,,,,,,,,,,,,
102,10,,,,,,,100,82,67,14,239.4,2730,10801,38,0,12.9,0.0;0.0;13.8;13.8;0.0;6.9;86.2;13.3;40.0;37.9;69.0;17.2;3.4;0.0;0.0;0.0;0.0;0.0;0.0;0.0;3.6;0.0;0.0;0.0,33.29,0.08,0.0,0.24,14.223,0.0,14257.0,1416.0,4,16,,,,,,,,,,,,,,,,,,,,,,,,,,,,,,,,,,,,,,,,,,,,,,,,,,,,,,,,,,,,,
102,summary,0.2994459440439376,0.9964544982557133,0.28285521841049194,1.0,0.00100000,88.2,,,,,,,,,,,,,,,,,,,,,,98,99.4,100,48,72.2,89,66,68.4,71,14,15.7,22,94.1,224.28,239.6,2730.0,10801.0,38.0,0,10.9,19.16,40.1,33.25,33.27,33.32,63.16,0.08,0.08,0.08,18.03,0.0,0.02,0.07,0.05,1.38,3.76,11.269,15.584,14.219,14.22,14.223,15.992,0.0,0.0,0.0,244.0,2885.3,14257.0,0.0,2846.3,20605.0,4,4.0,4,16,16.0,16,4,16,2.88,72.03
103,1,,,,,,,32,24,58,16,65.3,2745,10801,38,0,40.1,31.7;30.0;59.4;59.4;37.6;37.4;92.0;82.1;68.1;69.1;94.4;82.2;25.5;25.3;12.7;13.5;21.5;21.7;10.5;12.4;20.6;21.7;16.8;17.8,33.16,0.08,0.0,0.06,14.219,0.0,1464.0,97.0,4,16,,,,,,,,,,,,,,,,,,,,,,,,,,,,,,,,,,,,,,,,,,,,,,,,,,,,,,,,,,,,,
103,2,,,,,,,100,64,70,16,238.8,2730,10801,38,0,20.9,8.9;5.6;18.0;19.9;8.7;8.0;92.0;87.9;52.1;56.8;98.1;6.0;5.1;5.7;1.9;2.6;3.9;3.8;1.7;2.4;3.9;3.8;2.9;2.7,33.31,0.08,0.0,2.47,14.219,0.0,244.0,1367.0,4,16,,,,,,,,,,,,,,,,,,,,,,,,,,,,,,,,,,,,,,,,,,,,,,,,,,,,,,,,,,,,,
103,3,,,,,,,100,74,70,19,239.0,2730,10801,38,0,18.7,4.9;3.6;13.4;9.5;5.9;6.1;63.7;76.6;52.5;48.7;92.7;61.1;1.4;1.7;0.2;0.5;1.2;1.0;0.8;0.3;0.7;0.5;0.3;2.0,33.29,0.08,0.01,2.16,14.219,0.0,585.0,1611.0,4,16,,,,,,,,,,,,,,,,,,,,,,,,,,,,,,,,,,,,,,,,,,,,,,,,,,,,,,,,,,,,,
103,4,,,,,,,98,80,67,19,238.8,2730,10801,38,0,18.0,5.6;1.4;20.8;8.2;3.6;2.9;92.6;77.9;44.6;54.7;95.7;17.8;1.7;1.0;0.0;0.0;0.2;0.2;0.0;0.0;0.3;0.3;0.2;1.5,33.27,0.08,0.0,1.58,14.219,0.0,537.0,0.0,4,16,,,,,,,,,,,,,,,,,,,,,,,,,,,,,,,,,,,,,,,,,,,,,,,,,,,,,,,,,,,,,
103,5,,,,,,,100,77,71,16,238.7,2730,10801,38,0,18.3,6.7;3.4;16.5;8.2;3.9;3.2;77.8;84.0;58.7;44.6;92.2;28.4;1.9;1.5;0.0;0.2;1.0;0.7;0.3;1.0;0.9;0.9;0.7;2.7,33.25,0.08,0.0,2.2,14.219,0.0,2441.0,1660.0,4,16,,,,,,,,,,,,,,,,,,,,,,,,,,,,,,,,,,,,,,,,,,,,,,,,,,,,,,,,,,,,,
103,6,,,,,,,100,89,68,20,239.0,2730,10801,38,0,18.4,6.2;2.2;16.9;13.7;5.1;3.4;61.5;62.5;34.9;63.2;96.1;67.6;2.1;1.2;0.0;0.2;0.7;0.5;0.2;0.2;0.3;0.7;0.7;0.9,33.24,0.08,0.0,0.07,14.219,0.0,1464.0,97.0,4,16,,,,,,,,,,,,,,,,,,,,,,,,,,,,,,,,,,,,,,,,,,,,,,,,,,,,,,,,,,,,,
103,7,,,,,,,100,53,70,16,239.6,2730,10801,38,0,18.4,6.2;1.5;15.1;16.9;4.6;4.9;56.5;56.6;36.7;60.1;88.9;85.7;2.4;1.0;0.2;0.3;0.5;0.9;0.0;0.0;0.5;0.3;0.2;0.7,33.25,0.08,0.0,0.04,14.219,0.0,585.0,1611.0,4,16,,,,,,,,,,,,,,,,,,,,,,,,,,,,,,,,,,,,,,,,,,,,,,,,,,,,,,,,,,,,,
103,8,,,,,,,98,74,67,17,238.8,2730,10801,38,0,15.1,4.6;1.9;13.7;8.0;3.4;2.9;63.9;59.9;31.9;37.4;92.7;37.0;1.4;0.7;0.3;0.0;0.0;0.5;0.5;0.0;0.2;0.0;0.0;0.9,33.25,0.08,0.0,0.08,14.219,0.0,40087.0,114257.0,4,16,,,,,,,,,,,,,,,,,,,,,,,,,,,,,,,,,,,,,,,,,,,,,,,,,,,,,,,,,,,,,
103,9,,,,,,,100,81,67,14,240.2,2730,10801,38,0,10.9,5.9;1.5;4.8;5.3;2.6;1.5;59.2;43.2;12.0;17.7;84.2;16.6;0.9;0.9;0.3;0.3;0.5;0.5;0.5;0.2;0.9;0.0;1.2;1.5,33.25,0.08,0.0,0.05,14.219,0.0,0.0,1757.0,4,16,,,,,,,,,,,,,,,,,,,,,,,,,,,,,,,,,,,,,,,,,,,,,,,,,,,,,,,,,,,,,
103,10,,,,,,,1,1,62,20,240.2,2730,10801,38,0,13.1,10.3;0.0;39.3;3.4;7.1;10.7;69.0;17.9;10.7;50.0;89.3;3.6;6.9;0.0;0.0;0.0;0.0;0.0;0.0;0.0;0.0;0.0;0.0;0.0,33.27,0.08,0.03,0.1,14.223,0.0,878.0,1611.0,4,16,,,,,,,,,,,,,,,,,,,,,,,,,,,,,,,,,,,,,,,,,,,,,,,,,,,,,,,,,,,,,
103,summary,0.2995550137623667,0.9962654959148168,0.2828329321543376,1.0,0.00100000,88.3,,,,,,,,,,,,,,,,,,,,,,1,82.9,100,1,61.7,89,58,67.0,71,14,17.3,20,65.3,221.84,240.2,2731.5,10801.0,38.0,0,10.9,19.19,40.1,33.16,33.25,33.31,63.16,0.08,0.08,0.08,18.03,0.0,0.0,0.03,0.04,0.88,2.47,11.269,15.584,14.219,14.22,14.223,15.992,0.0,0.0,0.0,0.0,4828.5,40087.0,0.0,12406.8,114257.0,4,4.0,4,16,16.0,16,4,16,2.9,72.05
104,1,,,,,,,2,0,65,22,60.1,2745,10801,38,0,40.3,32.4;32.2;59.8;58.4;35.0;42.3;70.4;89.0;80.4;76.0;95.1;71.5;25.4;24.9;12.5;14.6;23.7;24.7;9.6;9.2;21.6;20.9;19.7;17.1,33.28,0.08,0.0,0.05,14.219,0.0,341.0,1855.0,4,16,,,,,,,,,,,,,,,,,,,,,,,,,,,,,,,,,,,,,,,,,,,,,,,,,,,,,,,,,,,,,
104,2,,,,,,,100,80,67,13,238.6,2730,10801,38,0,20.4,6.9;5.8;20.0;22.0;6.7;10.9;61.7;66.4;52.6;53.1;92.0;69.2;2.7;2.9;1.2;1.2;1.4;2.2;1.2;1.0;1.7;2.1;1.7;1.7,33.33,0.08,0.0,3.58,14.219,0.0,1464.0,1464.0,4,16,,,,,,,,,,,,,,,,,,,,,,,,,,,,,,,,,,,,,,,,,,,,,,,,,,,,,,,,,,,,,
104,3,,,,,,,100,47,70,16,237.4,2730,10801,38,0,18.6,6.5;2.9;12.8;21.0;2.9;6.8;42.0;82.2;53.6;47.4;90.5;67.8;2.7;2.7;0.0;0.2;0.5;1.0;0.2;0.2;0.3;0.3;0.9;0.9,33.3,0.08,0.0,3.11,14.219,0.0,0.0,1806.0,4,16,,,,,,,,,,,,,,,,,,,,,,,,,,,,,,,,,,,,,,,,,,,,,,,,,,,,,,,,,,,,,
104,4,,,,,,,98,80,70,18,239.4,2730,10801,38,0,18.4,4.6;1.4;19.8;12.8;2.4;5.3;81.5;71.4;42.2;58.0;93.2;40.6;2.2;1.5;0.2;0.3;0.7;0.5;0.5;0.0;0.7;0.9;0.5;0.9,33.28,0.08,0.0,2.14,14.219,0.0,1464.0,97.0,4,16,,,,,,,,,,,,,,,,,,,,,,,,,,,,,,,,,,,,,,,,,,,,,,,,,,,,,,,,,,,,,
104,5,,,,,,,100,79,69,13,238.9,2730,10801,38,0,18.6,6.7;3.8;20.0;7.2;4.8;4.8;71.1;63.1;56.8;46.3;93.5;57.9;2.1;1.5;0.2;0.3;0.5;0.7;0.0;0.0;1.2;0.3;0.9;1.7,33.28,0.08,0.0,1.36,14.219,0.0,17236.0,17138.0,4,16,,,,,,,,,,,,,,,,,,,,,,,,,,,,,,,,,,,,,,,,,,,,,,,,,,,,,,,,,,,,,
104,6,,,,,,,100,77,68,16,239.4,2730,10801,38,0,19.0,6.9;2.6;21.0;11.1;7.0;4.3;79.3;84.1;50.3;53.8;91.1;28.4;2.6;3.1;0.7;1.2;0.5;1.7;1.4;0.2;1.2;0.7;0.7;3.2,33.25,0.08,0.0,2.42,14.219,0.0,537.0,0.0,4,16,,,,,,,,,,,,,,,,,,,,,,,,,,,,,,,,,,,,,,,,,,,,,,,,,,,,,,,,,,,,,
104,7,,,,,,,100,53,69,14,239.0,2730,10801,38,0,18.3,5.2;1.9;16.9;14.4;5.5;5.1;80.7;62.3;42.1;54.7;81.7;57.9;2.6;0.9;0.2;0.2;0.9;0.9;0.0;0.2;1.0;0.7;0.2;2.4,33.24,0.08,0.01,0.09,14.219,0.0,1464.0,1367.0,4,16,,,,,,,,,,,,,,,,,,,,,,,,,,,,,,,,,,,,,,,,,,,,,,,,,,,,,,,,,,,,,
104,8,,,,,,,98,78,69,14,240.0,2730,10801,38,0,15.5,6.2;2.1;14.9;7.9;3.6;3.6;66.9;69.6;25.8;46.3;80.3;37.2;1.4;1.7;0.2;0.2;0.5;0.3;0.0;0.2;0.2;0.9;0.7;0.5,33.26,0.08,0.04,0.25,14.219,0.0,244.0,1464.0,4,16,,,,,,,,,,,,,,,,,,,,,,,,,,,,,,,,,,,,,,,,,,,,,,,,,,,,,,,,,,,,,
104,9,,,,,,,100,79,69,12,239.0,2730,10801,39,0,10.6,6.0;1.0;3.6;3.1;2.6;1.4;54.0;47.9;12.3;12.8;94.7;8.2;1.0;0.9;0.3;0.7;0.7;0.5;0.9;0.2;0.7;0.0;0.3;1.7,33.25,0.08,0.0,0.04,14.219,0.0,244.0,1513.0,4,16,,,,,,,,,,,,,,,,,,,,,,,,,,,,,,,,,,,,,,,,,,,,,,,,,,,,,,,,,,,,,
104,10,,,,,,,17,11,62,20,239.0,2730,10801,39,0,12.0,6.7;0.0;10.0;13.3;6.7;3.3;33.3;53.3;0.0;56.7;100.0;0.0;0.0;0.0;0.0;0.0;0.0;0.0;0.0;0.0;0.0;0.0;0.0;0.0,33.29,0.08,0.0,0.46,14.223,0.0,830.0,48.0,4,16,,,,,,,,,,,,,,,,,,,,,,,,,,,,,,,,,,,,,,,,,,,,,,,,,,,,,,,,,,,,,
104,summary,0.29910471614434303,0.9965250894914699,0.282806032816569,1.0,0.00100000,88.1,,,,,,,,,,,,,,,,,,,,,,2,81.5,100,0,58.4,80,62,67.8,70,12,15.8,22,60.1,221.08,240.0,2731.5,10801.0,38.2,0,10.6,19.17,40.3,33.24,33.28,33.33,63.16,0.08,0.08,0.08,18.03,0.0,0.01,0.04,0.04,1.35,3.58,11.269,15.584,14.219,14.22,14.223,15.992,0.0,0.0,0.0,0.0,2382.4,17236.0,0.0,2675.2,17138.0,4,4.0,4,16,16.0,16,4,16,2.94,72.05
105,1,,,,,,,100,50,68,20,93.5,2730,10801,38,0,40.4,32.7;30.9;60.6;61.4;39.6;40.0;93.5;88.1;65.2;67.1;92.8;77.4;27.6;26.0;11.4;13.3;23.3;23.7;7.7;10.1;20.6;20.8;18.1;17.2,33.29,0.08,0.01,0.1,14.219,0.0,488.0,1416.0,4,16,,,,,,,,,,,,,,,,,,,,,,,,,,,,,,,,,,,,,,,,,,,,,,,,,,,,,,,,,,,,,
105,2,,,,,,,98,78,69,14,237.8,2730,10801,38,0,20.4,8.7;5.6;23.2;18.6;7.0;8.4;74.4;81.9;47.1;55.3;86.6;44.7;4.3;3.9;1.5;1.4;2.6;2.1;2.1;1.7;2.1;1.9;2.2;2.4,33.33,0.08,0.01,3.6,14.219,0.0,292.0,48.0,4,16,,,,,,,,,,,,,,,,,,,,,,,,,,,,,,,,,,,,,,,,,,,,,,,,,,,,,,,,,,,,,
105,3,,,,,,,100,80,67,16,239.0,2730,10801,38,0,18.5,5.8;2.6;13.5;15.9;2.9;5.5;81.2;62.7;51.2;47.5;85.9;58.2;2.2;1.2;0.9;0.5;1.7;0.9;0.2;0.0;0.3;0.9;0.7;1.7,33.31,0.08,0.0,3.07,14.219,0.0,1123.0,1464.0,4,16,,,,,,,,,,,,,,,,,,,,,,,,,,,,,,,,,,,,,,,,,,,,,,,,,,,,,,,,,,,,,
105,4,,,,,,,100,49,71,14,239.4,2730,10801,38,0,19.1,7.5;4.4;19.6;17.6;6.0;6.0;73.8;70.3;47.6;53.4;85.6;56.1;2.6;2.2;0.3;0.5;0.9;0.7;0.0;0.0;0.5;0.9;1.4;1.5,33.29,0.08,0.0,2.14,14.219,0.0,341.0,195.0,4,16,,,,,,,,,,,,,,,,,,,,,,,,,,,,,,,,,,,,,,,,,,,,,,,,,,,,,,,,,,,,,
105,5,,,,,,,100,50,72,15,239.5,2730,10801,38,0,18.3,6.3;2.1;20.8;13.4;5.8;4.0;84.9;57.2;50.1;52.6;91.1;41.1;1.0;2.1;0.0;0.5;1.9;1.7;0.3;0.0;0.9;0.3;1.0;1.0,33.3,0.08,0.0,1.41,14.219,0.0,292.0,341.0,4,16,,,,,,,,,,,,,,,,,,,,,,,,,,,,,,,,,,,,,,,,,,,,,,,,,,,,,,,,,,,,,
105,6,,,,,,,98,75,69,12,239.2,2730,10801,38,0,18.3,5.1;3.1;22.1;7.8;4.6;3.1;52.5;78.8;46.6;50.9;87.7;66.5;2.6;1.9;0.3;0.9;1.5;0.9;0.2;0.2;0.3;0.3;0.2;0.5,33.27,0.08,0.0,2.49,14.219,0.0,12207.0,16943.0,4,16,,,,,,,,,,,,,,,,,,,,,,,,,,,,,,,,,,,,,,,,,,,,,,,,,,,,,,,,,,,,,
105,7,,,,,,,98,77,70,14,239.3,2730,10801,38,0,18.6,5.9;2.4;21.6;11.3;8.9;2.4;73.9;54.6;42.8;57.2;88.0;66.6;2.2;1.2;0.5;0.3;1.0;0.5;0.0;0.2;0.3;0.5;0.9;1.7,33.26,0.08,0.0,0.09,14.219,0.0,1123.0,2734.0,4,16,,,,,,,,,,,,,,,,,,,,,,,,,,,,,,,,,,,,,,,,,,,,,,,,,,,,,,,,,,,,,
105,8,,,,,,,100,67,70,20,240.2,2730,10801,39,0,14.7,4.4;2.1;12.8;4.8;2.9;1.0;60.7;47.0;36.2;33.2;81.8;61.6;1.2;1.0;0.0;0.0;0.0;0.0;0.0;0.0;0.2;0.0;0.3;0.3,33.26,0.08,0.0,0.08,14.219,0.0,1660.0,1318.0,4,16,,,,,,,,,,,,,,,,,,,,,,,,,,,,,,,,,,,,,,,,,,,,,,,,,,,,,,,,,,,,,
105,9,,,,,,,100,78,70,14,240.3,2730,10801,38,0,10.1,4.4;0.5;4.8;1.2;1.5;1.5;58.0;43.5;11.2;10.1;41.3;60.0;0.7;0.5;0.0;0.2;0.5;0.9;0.3;0.3;0.0;0.2;0.2;0.5,33.26,0.08,0.0,0.06,14.219,0.0,1660.0,1269.0,4,16,,,,,,,,,,,,,,,,,,,,,,,,,,,,,,,,,,,,,,,,,,,,,,,,,,,,,,,,,,,,,
105,10,,,,,,,100,81,68,14,240.3,2730,10801,38,0,12.9,6.9;3.4;30.0;6.7;10.0;3.3;6.7;83.3;6.7;53.3;43.3;48.3;0.0;0.0;0.0;0.0;0.0;0.0;0.0;0.0;0.0;0.0;0.0;0.0,33.3,0.08,0.0,0.0,14.223,0.0,292.0,195.0,4,16,,,,,,,,,,,,,,,,,,,,,,,,,,,,,,,,,,,,,,,,,,,,,,,,,,,,,,,,,,,,,
105,summary,0.29876481023306417,0.9965797407707652,0.2828204345703125,1.0,0.00100000,88.3,,,,,,,,,,,,,,,,,,,,,,98,99.4,100,49,68.5,81,67,69.4,72,12,15.3,20,93.5,224.85,240.3,2730.0,10801.0,38.1,0,10.1,19.13,40.4,33.26,33.29,33.33,63.16,0.08,0.08,0.08,18.03,0.0,0.0,0.01,0.0,1.3,3.6,11.269,15.584,14.219,14.22,14.223,15.992,0.0,0.0,0.0,292.0,1947.8,12207.0,48.0,2592.3,16943.0,4,4.0,4,16,16.0,16,4,16,2.91,72.04
106,1,,,,,,,0,0,59,17,61.7,2745,10801,38,0,39.6,32.1;29.7;67.1;56.4;40.4;37.0;92.8;93.7;74.6;68.2;92.5;51.8;25.3;25.3;13.2;14.0;21.5;22.4;8.2;9.6;20.6;20.7;17.9;16.8,33.18,0.08,0.0,0.06,14.219,0.0,2099.0,4736.0,4,16,,,,,,,,,,,,,,,,,,,,,,,,,,,,,,,,,,,,,,,,,,,,,,,,,,,,,,,,,,,,,
106,2,,,,,,,100,89,68,21,238.3,2730,10801,38,0,21.8,8.4;6.3;23.5;21.0;9.4;9.1;52.2;85.9;50.4;57.5;88.4;68.7;3.8;6.2;2.9;3.6;2.9;3.9;2.9;2.9;3.8;3.9;2.9;3.6,33.33,0.08,0.01,2.56,14.219,0.0,25000.0,5078.0,4,16,,,,,,,,,,,,,,,,,,,,,,,,,,,,,,,,,,,,,,,,,,,,,,,,,,,,,,,,,,,,,
106,3,,,,,,,100,50,71,13,238.8,2730,10801,39,0,18.2,4.9;3.4;14.5;12.7;6.8;4.4;72.1;55.5;54.3;44.8;94.2;60.5;2.2;2.2;0.3;0.3;0.5;0.9;0.0;0.0;0.5;0.2;0.3;1.4,33.31,0.08,0.0,2.14,14.219,0.0,341.0,106494.0,4,16,,,,,,,,,,,,,,,,,,,,,,,,,,,,,,,,,,,,,,,,,,,,,,,,,,,,,,,,,,,,,
106,4,,,,,,,98,75,69,16,239.5,2730,10801,38,0,18.3,5.4;2.7;13.4;13.2;5.3;4.8;70.0;70.3;44.6;54.6;97.6;49.0;1.5;1.2;0.3;0.2;1.2;0.5;0.0;0.0;0.7;0.9;1.0;1.5,33.28,0.08,0.0,1.58,14.219,0.0,1416.0,97.0,4,16,,,,,,,,,,,,,,,,,,,,,,,,,,,,,,,,,,,,,,,,,,,,,,,,,,,,,,,,,,,,,
106,5,,,,,,,100,73,69,14,239.2,2730,10801,38,0,19.0,7.4;2.1;18.6;17.9;5.3;6.0;60.2;92.3;46.6;55.9;90.9;40.0;1.7;2.7;1.2;1.0;0.7;0.7;0.5;0.0;0.9;1.2;1.4;1.4,33.27,0.08,0.0,2.21,14.219,0.0,2148.0,1464.0,4,16,,,,,,,,,,,,,,,,,,,,,,,,,,,,,,,,,,,,,,,,,,,,,,,,,,,,,,,,,,,,,
106,6,,,,,,,100,77,71,16,239.0,2730,10801,38,0,18.1,5.1;3.3;16.8;14.2;5.3;5.0;56.8;79.3;50.0;49.3;84.8;59.6;0.5;1.2;0.2;0.2;0.3;0.3;0.3;0.3;0.0;0.3;0.3;1.0,33.26,0.08,0.0,0.05,14.219,0.0,488.0,1416.0,4,16,,,,,,,,,,,,,,,,,,,,,,,,,,,,,,,,,,,,,,,,,,,,,,,,,,,,,,,,,,,,,
106,7,,,,,,,100,48,70,14,239.6,2730,10801,39,0,18.8,8.4;2.4;26.6;11.1;5.5;5.5;54.9;84.6;54.4;44.6;76.4;65.0;3.4;2.1;0.0;0.2;1.5;0.9;0.5;0.3;0.3;0.3;0.5;2.0,33.26,0.08,0.0,0.07,14.219,0.0,1464.0,48.0,4,16,,,,,,,,,,,,,,,,,,,,,,,,,,,,,,,,,,,,,,,,,,,,,,,,,,,,,,,,,,,,,
106,8,,,,,,,98,79,67,14,239.1,2730,10801,39,0,14.9,4.7;1.2;13.1;8.0;4.6;2.1;55.1;44.3;26.9;39.2;73.2;80.2;1.7;0.2;0.0;0.0;0.2;0.2;0.2;0.2;0.2;0.0;0.2;2.0,33.27,0.08,0.0,0.09,14.219,0.0,0.0,1513.0,4,16,,,,,,,,,,,,,,,,,,,,,,,,,,,,,,,,,,,,,,,,,,,,,,,,,,,,,,,,,,,,,
106,9,,,,,,,100,80,70,13,239.8,2730,10801,39,0,10.8,5.2;0.5;6.1;2.9;2.2;2.4;58.1;44.1;14.5;14.2;98.8;2.4;1.4;0.9;0.0;0.3;1.2;0.2;0.0;0.0;0.5;0.3;0.5;1.5,33.25,0.08,0.0,0.05,14.219,0.0,0.0,1904.0,4,16,,,,,,,,,,,,,,,,,,,,,,,,,,,,,,,,,,,,,,,,,,,,,,,,,,,,,,,,,,,,,
106,10,,,,,,,21,14,62,20,239.8,2730,10801,39,0,14.8,3.4;3.4;17.2;6.9;10.3;3.4;75.9;20.7;27.6;53.3;100.0;0.0;6.9;10.0;0.0;0.0;3.4;0.0;0.0;0.0;0.0;3.4;6.9;0.0,33.29,0.08,0.03,0.17,14.223,0.0,32617.0,23925.0,4,16,,,,,,,,,,,,,,,,,,,,,,,,,,,,,,,,,,,,,,,,,,,,,,,,,,,,,,,,,,,,,
106,summary,0.2995133889574706,0.9962837130079153,0.2827954104741414,1.0,0.00100000,88.1,,,,,,,,,,,,,,,,,,,,,,0,81.7,100,0,58.5,89,59,67.6,71,13,15.8,21,61.7,221.48,239.8,2731.5,10801.0,38.5,0,10.8,19.43,39.6,33.18,33.27,33.33,63.16,0.08,0.08,0.08,18.03,0.0,0.0,0.03,0.05,0.9,2.56,11.269,15.584,14.219,14.22,14.223,15.992,0.0,0.0,0.0,0.0,6557.3,32617.0,48.0,14667.5,106494.0,4,4.0,4,16,16.0,16,4,16,2.79,72.04
107,1,,,,,,,35,26,65,23,67.2,2745,10801,39,0,40.5,33.1;31.4;60.2;60.2;43.0;39.2;88.9;91.7;76.5;71.1;95.2;54.4;26.3;24.9;13.0;14.2;24.3;24.8;10.6;10.2;21.6;21.2;18.5;16.9,33.36,0.08,0.0,0.05,14.219,0.0,537.0,8251.0,4,16,,,,,,,,,,,,,,,,,,,,,,,,,,,,,,,,,,,,,,,,,,,,,,,,,,,,,,,,,,,,,
107,2,,,,,,,98,83,63,22,237.5,2730,10801,38,0,19.6,6.2;5.3;15.1;24.4;6.3;8.5;62.8;77.9;63.9;40.3;89.3;52.7;3.2;3.2;0.7;0.3;1.9;1.7;0.8;0.9;1.0;1.9;1.7;1.4,33.33,0.08,0.0,3.6,14.219,0.0,2441.0,1416.0,4,16,,,,,,,,,,,,,,,,,,,,,,,,,,,,,,,,,,,,,,,,,,,,,,,,,,,,,,,,,,,,,
107,3,,,,,,,100,52,70,16,238.7,2730,10801,38,0,18.0,5.7;1.4;12.9;15.6;2.2;5.1;65.9;87.3;44.3;51.1;95.2;38.9;0.9;1.9;0.2;0.0;0.7;0.5;0.0;0.0;0.0;0.5;0.3;2.6,33.31,0.08,0.0,3.0,14.219,0.0,244.0,1708.0,4,16,,,,,,,,,,,,,,,,,,,,,,,,,,,,,,,,,,,,,,,,,,,,,,,,,,,,,,,,,,,,,
107,4,,,,,,,98,72,71,21,237.9,2730,10801,38,0,18.4,5.7;2.7;7.9;14.4;4.3;5.0;55.8;54.8;48.5;49.7;94.3;85.8;1.5;1.2;0.5;0.3;0.9;1.4;0.5;0.5;0.9;0.7;0.9;2.5,33.3,0.08,0.0,2.14,14.219,0.0,976.0,146.0,4,16,,,,,,,,,,,,,,,,,,,,,,,,,,,,,,,,,,,,,,,,,,,,,,,,,,,,,,,,,,,,,
107,5,,,,,,,100,78,69,15,238.7,2730,10801,38,0,18.1,4.2;1.9;14.5;13.0;3.8;4.6;82.3;50.7;53.1;46.8;96.8;56.9;0.7;1.5;0.3;0.5;0.3;0.2;0.3;0.2;0.5;0.5;0.0;0.9,33.27,0.08,0.0,1.6,14.219,0.0,488.0,1904.0,4,16,,,,,,,,,,,,,,,,,,,,,,,,,,,,,,,,,,,,,,,,,,,,,,,,,,,,,,,,,,,,,
107,6,,,,,,,100,79,67,17,239.5,2730,10801,38,0,18.2,4.4;1.5;22.3;12.7;2.6;4.1;83.6;69.0;36.5;60.4;88.7;43.1;1.4;1.9;0.0;0.3;0.5;0.9;0.3;0.0;0.3;0.2;0.3;1.4,33.25,0.08,0.0,2.21,14.219,0.0,585.0,0.0,4,16,,,,,,,,,,,,,,,,,,,,,,,,,,,,,,,,,,,,,,,,,,,,,,,,,,,,,,,,,,,,,
107,7,,,,,,,100,50,71,15,239.7,2730,10801,38,0,18.3,4.9;2.4;12.1;15.1;3.2;3.6;79.4;83.2;54.0;47.8;88.6;35.4;2.7;1.5;0.3;0.5;0.7;0.3;0.3;0.3;0.5;0.9;0.5;1.0,33.24,0.08,0.0,0.1,14.219,0.0,1464.0,1464.0,4,16,,,,,,,,,,,,,,,,,,,,,,,,,,,,,,,,,,,,,,,,,,,,,,,,,,,,,,,,,,,,,
107,8,,,,,,,98,75,71,16,239.3,2730,10801,38,0,14.6,4.4;1.2;12.3;3.6;3.8;3.3;56.2;60.0;28.4;38.8;81.0;53.0;1.2;1.2;0.0;0.0;0.7;0.0;0.0;0.2;0.3;0.2;0.3;1.0,33.26,0.08,0.0,0.06,14.219,0.0,488.0,1367.0,4,16,,,,,,,,,,,,,,,,,,,,,,,,,,,,,,,,,,,,,,,,,,,,,,,,,,,,,,,,,,,,,
107,9,,,,,,,100,82,67,14,239.2,2730,10801,38,0,10.1,2.0;0.7;4.6;2.2;2.1;1.0;30.8;70.7;9.5;12.7;88.2;14.2;1.0;0.5;0.0;0.0;0.5;0.3;0.2;0.2;0.3;0.3;0.3;0.2,33.26,0.08,0.0,0.06,14.219,0.0,244.0,1416.0,4,16,,,,,,,,,,,,,,,,,,,,,,,,,,,,,,,,,,,,,,,,,,,,,,,,,,,,,,,,,,,,,
107,10,,,,,,,0,0,62,13,239.2,2730,10801,38,0,14.2,20.7;3.6;21.4;32.1;10.7;7.1;3.4;92.9;7.1;62.1;24.1;57.1;3.6;0.0;0.0;0.0;0.0;0.0;0.0;0.0;0.0;0.0;0.0;0.0,33.29,0.08,0.0,0.37,14.223,0.0,0.0,1757.0,4,16,,,,,,,,,,,,,,,,,,,,,,,,,,,,,,,,,,,,,,,,,,,,,,,,,,,,,,,,,,,,,
107,summary,0.2988591121519393,0.996511426671646,0.28278208899497986,1.0,0.00100000,88.4,,,,,,,,,,,,,,,,,,,,,,0,82.9,100,0,59.7,83,62,67.6,71,13,17.2,23,67.2,221.69,239.7,2731.5,10801.0,38.1,0,10.1,19.0,40.5,33.24,33.29,33.36,63.16,0.08,0.08,0.08,18.03,0.0,0.0,0.0,0.05,1.32,3.6,11.269,15.584,14.219,14.22,14.223,15.992,0.0,0.0,0.0,0.0,746.7,2441.0,0.0,1942.9,8251.0,4,4.0,4,16,16.0,16,4,16,3.03,72.05
108,1,,,,,,,4,2,65,20,60.5,2745,10801,38,0,40.2,30.9;31.9;64.2;54.7;38.6;39.1;92.8;91.6;66.2;81.1;95.4;50.6;25.5;25.2;13.2;16.3;22.4;23.8;9.7;11.4;21.8;21.2;18.8;17.5,33.29,0.08,0.0,0.05,14.219,0.0,585.0,0.0,4,16,,,,,,,,,,,,,,,,,,,,,,,,,,,,,,,,,,,,,,,,,,,,,,,,,,,,,,,,,,,,,
108,2,,,,,,,100,55,68,14,237.6,2730,10801,38,0,20.4,11.4;4.4;19.0;16.2;7.3;8.4;83.8;75.0;48.3;56.7;85.9;46.8;4.3;3.2;1.2;1.7;1.7;1.9;1.5;1.2;2.4;2.0;2.6;2.4,33.34,0.08,0.0,3.61,14.219,0.0,292.0,1367.0,4,16,,,,,,,,,,,,,,,,,,,,,,,,,,,,,,,,,,,,,,,,,,,,,,,,,,,,,,,,,,,,,
108,3,,,,,,,100,49,70,15,237.9,2730,10801,38,0,19.2,6.6;2.7;18.7;21.1;5.7;7.8;86.7;79.5;49.2;51.2;93.5;26.2;2.4;2.4;0.9;0.5;1.0;1.5;0.2;0.3;0.2;0.7;0.9;2.0,33.31,0.08,0.02,3.2,14.219,0.0,244.0,1367.0,4,16,,,,,,,,,,,,,,,,,,,,,,,,,,,,,,,,,,,,,,,,,,,,,,,,,,,,,,,,,,,,,
108,4,,,,,,,98,75,69,13,238.5,2730,10801,38,0,18.6,5.1;2.5;13.7;13.3;4.6;5.6;69.9;75.7;43.2;56.2;96.6;47.5;2.9;1.7;0.0;0.3;1.4;0.5;0.3;0.2;0.8;0.3;0.8;2.2,33.31,0.08,0.0,2.15,14.219,0.0,1220.0,97.0,4,16,,,,,,,,,,,,,,,,,,,,,,,,,,,,,,,,,,,,,,,,,,,,,,,,,,,,,,,,,,,,,
108,5,,,,,,,100,54,68,15,238.7,2730,10801,38,0,18.0,3.7;1.2;14.7;15.0;4.1;3.6;78.7;92.5;44.4;56.8;87.7;26.5;0.2;0.3;0.2;0.3;0.3;0.3;0.0;0.0;0.2;0.0;0.5;0.9,33.29,0.08,0.0,1.58,14.219,0.0,1464.0,1806.0,4,16,,,,,,,,,,,,,,,,,,,,,,,,,,,,,,,,,,,,,,,,,,,,,,,,,,,,,,,,,,,,,
108,6,,,,,,,100,87,70,15,238.2,2730,10801,38,0,18.3,4.8;2.1;16.3;15.6;3.8;4.5;87.4;95.0;44.3;55.0;97.8;3.3;1.5;2.2;0.5;0.7;0.9;1.4;0.2;0.2;1.0;0.5;0.0;0.9,33.27,0.08,0.0,2.22,14.219,0.0,48.0,1806.0,4,16,,,,,,,,,,,,,,,,,,,,,,,,,,,,,,,,,,,,,,,,,,,,,,,,,,,,,,,,,,,,,
108,7,,,,,,,100,56,71,15,238.7,2730,10801,39,0,18.5,3.6;2.7;14.5;21.8;3.6;3.6;72.4;68.6;41.1;61.7;92.8;52.3;1.4;0.5;0.2;0.2;0.2;0.0;0.0;0.3;0.3;0.2;0.0;0.9,33.27,0.08,0.0,0.06,14.219,0.0,15576.0,2490.0,4,16,,,,,,,,,,,,,,,,,,,,,,,,,,,,,,,,,,,,,,,,,,,,,,,,,,,,,,,,,,,,,
108,8,,,,,,,98,75,69,16,238.5,2730,10801,39,0,15.8,3.7;4.8;13.4;10.1;4.6;6.3;61.7;53.2;42.0;31.1;61.1;76.8;1.7;2.9;0.2;0.5;0.9;1.5;0.2;0.7;0.9;0.5;0.2;0.9,33.26,0.08,0.0,0.06,14.219,0.0,0.0,1757.0,4,16,,,,,,,,,,,,,,,,,,,,,,,,,,,,,,,,,,,,,,,,,,,,,,,,,,,,,,,,,,,,,
108,9,,,,,,,100,85,71,20,238.1,2730,10801,38,0,10.2,3.0;0.7;4.8;4.5;1.2;0.5;48.5;52.6;12.6;12.2;98.6;2.6;0.5;0.0;0.2;0.5;0.2;0.2;0.0;0.3;0.0;0.2;0.3;1.5,33.26,0.08,0.0,0.06,14.219,0.0,634.0,1953.0,4,16,,,,,,,,,,,,,,,,,,,,,,,,,,,,,,,,,,,,,,,,,,,,,,,,,,,,,,,,,,,,,
108,10,,,,,,,0,0,63,15,238.1,2730,10801,38,0,17.6,7.1;20.7;20.7;13.8;13.8;17.9;0.0;100.0;33.3;53.3;79.3;17.2;10.7;7.1;0.0;0.0;10.7;7.1;0.0;0.0;0.0;0.0;0.0;0.0,33.28,0.08,0.03,0.2,14.223,0.0,1123.0,1513.0,4,16,,,,,,,,,,,,,,,,,,,,,,,,,,,,,,,,,,,,,,,,,,,,,,,,,,,,,,,,,,,,,
108,summary,0.2987769899794189,0.9965364751746564,0.28276933312416075,1.0,0.00100000,88.5,,,,,,,,,,,,,,,,,,,,,,0,80.0,100,0,53.8,87,63,68.4,71,13,15.8,20,60.5,220.48,238.7,2731.5,10801.0,38.2,0,10.2,19.68,40.2,33.26,33.29,33.34,63.16,0.08,0.08,0.08,18.03,0.0,0.01,0.03,0.05,1.32,3.61,11.269,15.584,14.219,14.22,14.223,15.992,0.0,0.0,0.0,0.0,2118.6,15576.0,0.0,1415.6,2490.0,4,4.0,4,16,16.0,16,4,16,3.02,72.04
109,1,,,,,,,9,6,58,19,61.1,2745,10801,38,0,39.5,32.5;28.7;61.7;59.8;38.4;38.7;89.6;91.4;69.3;77.8;92.6;52.8;25.4;24.9;10.9;14.2;21.0;22.9;10.1;10.9;18.4;21.1;17.5;17.0,33.29,0.08,0.0,0.05,14.219,0.0,1416.0,2050.0,4,16,,,,,,,,,,,,,,,,,,,,,,,,,,,,,,,,,,,,,,,,,,,,,,,,,,,,,,,,,,,,,
109,2,,,,,,,100,62,71,19,238.7,2730,10801,38,0,20.7,9.1;4.8;22.6;12.5;7.0;6.7;60.4;72.1;58.3;54.7;92.2;65.9;3.4;4.1;1.9;2.1;2.6;2.9;1.7;1.4;2.6;2.6;2.7;2.9,33.32,0.08,0.0,3.62,14.219,0.0,1123.0,1416.0,4,16,,,,,,,,,,,,,,,,,,,,,,,,,,,,,,,,,,,,,,,,,,,,,,,,,,,,,,,,,,,,,
109,3,,,,,,,100,67,69,16,238.9,2730,10801,38,0,18.7,6.4;3.4;17.4;9.2;5.8;4.8;56.2;74.7;62.5;37.1;83.4;75.7;2.4;2.9;0.9;0.0;0.3;0.9;0.3;0.7;0.7;0.7;0.7;1.7,33.3,0.08,0.0,3.0,14.219,0.0,292.0,1757.0,4,16,,,,,,,,,,,,,,,,,,,,,,,,,,,,,,,,,,,,,,,,,,,,,,,,,,,,,,,,,,,,,
109,4,,,,,,,100,68,70,16,238.4,2730,10801,38,0,18.1,4.9;1.9;14.7;13.1;4.4;2.9;60.9;76.6;52.5;48.5;82.8;61.7;2.1;1.7;0.2;0.3;0.3;1.0;0.3;0.3;0.5;0.7;0.5;0.9,33.28,0.08,0.0,2.15,14.219,0.0,13525.0,22900.0,4,16,,,,,,,,,,,,,,,,,,,,,,,,,,,,,,,,,,,,,,,,,,,,,,,,,,,,,,,,,,,,,
109,5,,,,,,,100,87,68,13,238.7,2730,10801,38,0,17.8,4.4;1.2;15.3;12.4;3.4;3.4;53.8;85.0;56.6;42.2;86.9;56.4;1.4;1.2;0.0;0.3;0.7;0.7;0.0;0.0;0.0;0.5;0.0;1.5,33.29,0.08,0.0,1.39,14.219,0.0,1318.0,1611.0,4,16,,,,,,,,,,,,,,,,,,,,,,,,,,,,,,,,,,,,,,,,,,,,,,,,,,,,,,,,,,,,,
109,6,,,,,,,100,82,70,16,238.9,2730,10801,38,0,19.1,3.7;3.4;13.7;17.3;5.0;5.8;50.8;82.5;40.9;60.1;88.7;72.7;2.1;2.4;0.5;0.5;2.0;1.2;0.5;0.0;1.0;0.7;0.9;2.5,33.26,0.08,0.01,2.43,14.219,0.0,0.0,1757.0,4,16,,,,,,,,,,,,,,,,,,,,,,,,,,,,,,,,,,,,,,,,,,,,,,,,,,,,,,,,,,,,,
109,7,,,,,,,100,56,71,20,238.1,2730,10801,38,0,18.5,4.6;2.4;11.0;23.2;4.6;4.3;61.7;61.9;56.8;45.2;90.9;68.4;2.1;1.4;0.2;0.5;0.5;0.7;0.0;0.9;0.3;1.4;0.2;0.7,33.26,0.08,0.0,0.07,14.219,0.0,1464.0,48.0,4,16,,,,,,,,,,,,,,,,,,,,,,,,,,,,,,,,,,,,,,,,,,,,,,,,,,,,,,,,,,,,,
109,8,,,,,,,98,75,72,16,239.2,2730,10801,38,0,15.3,4.6;2.4;6.9;11.0;1.4;4.5;78.8;45.5;35.7;36.6;84.9;46.6;1.5;1.7;0.0;0.2;0.5;0.3;0.3;0.3;0.5;0.3;0.7;1.9,33.26,0.08,0.0,0.05,14.219,0.0,1464.0,0.0,4,16,,,,,,,,,,,,,,,,,,,,,,,,,,,,,,,,,,,,,,,,,,,,,,,,,,,,,,,,,,,,,
109,9,,,,,,,100,85,70,12,238.2,2730,10801,38,0,10.2,2.7;1.4;3.6;4.3;1.2;1.2;45.3;55.5;7.4;17.5;88.5;12.4;0.7;0.7;0.0;0.0;0.5;0.5;0.2;0.0;0.3;0.5;0.3;0.0,33.25,0.08,0.0,0.09,14.219,0.0,634.0,1562.0,4,16,,,,,,,,,,,,,,,,,,,,,,,,,,,,,,,,,,,,,,,,,,,,,,,,,,,,,,,,,,,,,
109,10,,,,,,,0,0,64,17,238.2,2730,10801,38,0,13.9,3.2;3.2;22.6;9.7;9.7;6.2;12.9;87.1;19.4;51.6;87.1;0.0;12.5;0.0;0.0;0.0;0.0;0.0;0.0;6.7;0.0;0.0;0.0;0.0,33.29,0.08,0.0,0.33,14.223,0.0,2246.0,1513.0,4,16,,,,,,,,,,,,,,,,,,,,,,,,,,,,,,,,,,,,,,,,,,,,,,,,,,,,,,,,,,,,,
109,summary,0.29874375722613883,0.9965501379944802,0.28285473720232646,1.0,0.00100000,88.1,,,,,,,,,,,,,,,,,,,,,,0,80.7,100,0,58.8,87,58,68.3,72,12,16.4,20,61.1,220.84,239.2,2731.5,10801.0,38.0,0,10.2,19.18,39.5,33.25,33.28,33.32,63.16,0.08,0.08,0.08,18.03,0.0,0.0,0.01,0.05,1.32,3.62,11.269,15.584,14.219,14.22,14.223,15.992,0.0,0.0,0.0,0.0,2348.2,13525.0,0.0,3461.4,22900.0,4,4.0,4,16,16.0,16,4,16,2.87,72.04
110,1,,,,,,,100,58,67,19,93.4,2730,10801,38,0,40.3,33.6;32.7;60.1;61.6;39.6;39.8;85.2;77.9;72.7;70.6;93.0;76.8;26.4;27.8;11.7;13.9;22.0;24.1;8.9;7.9;20.7;22.3;19.4;17.7,33.29,0.08,0.0,0.05,14.219,0.0,585.0,1269.0,4,16,,,,,,,,,,,,,,,,,,,,,,,,,,,,,,,,,,,,,,,,,,,,,,,,,,,,,,,,,,,,,
110,2,,,,,,,98,79,69,16,237.3,2730,10801,38,0,20.1,8.9;5.0;21.7;16.9;6.5;6.0;59.4;59.5;47.5;57.3;84.4;80.9;3.6;3.4;1.4;1.4;2.6;2.9;1.0;1.2;1.9;2.1;2.6;3.7,33.32,0.08,0.0,2.52,14.219,0.0,25585.0,114746.0,4,16,,,,,,,,,,,,,,,,,,,,,,,,,,,,,,,,,,,,,,,,,,,,,,,,,,,,,,,,,,,,,
110,3,,,,,,,100,80,68,14,237.1,2730,10801,38,0,17.8,4.6;1.0;13.5;9.4;4.5;3.4;85.9;46.2;40.3;54.7;92.5;65.4;0.9;1.2;0.0;0.0;0.2;0.5;0.0;0.2;0.5;0.2;0.5;0.5,33.29,0.08,0.0,2.16,14.219,0.0,1953.0,5078.0,4,16,,,,,,,,,,,,,,,,,,,,,,,,,,,,,,,,,,,,,,,,,,,,,,,,,,,,,,,,,,,,,
110,4,,,,,,,100,76,68,15,238.0,2730,10801,38,0,18.1,7.9;2.1;19.9;8.2;6.2;4.8;67.6;56.4;42.0;59.4;94.2;62.2;0.9;1.2;0.2;0.0;0.5;0.5;0.0;0.0;0.5;0.3;0.0;0.5,33.28,0.08,0.0,1.6,14.219,0.0,23632.0,1367.0,4,16,,,,,,,,,,,,,,,,,,,,,,,,,,,,,,,,,,,,,,,,,,,,,,,,,,,,,,,,,,,,,
110,5,,,,,,,100,53,69,14,237.7,2730,10801,38,0,18.4,4.6;3.2;17.0;10.1;4.4;3.6;65.1;66.1;54.0;44.7;90.0;68.1;2.4;1.9;0.2;0.0;1.0;0.7;0.0;0.2;0.9;1.0;0.7;2.0,33.25,0.08,0.0,2.21,14.219,0.0,0.0,1513.0,4,16,,,,,,,,,,,,,,,,,,,,,,,,,,,,,,,,,,,,,,,,,,,,,,,,,,,,,,,,,,,,,
110,6,,,,,,,98,77,71,16,238.1,2730,10801,38,0,17.9,4.1;2.2;8.4;17.7;3.2;3.4;83.9;54.9;42.1;54.8;88.7;58.4;1.4;2.2;0.0;0.0;0.5;0.5;0.2;0.2;0.7;0.7;0.2;0.9,33.25,0.08,0.0,0.04,14.219,0.0,1171.0,1562.0,4,16,,,,,,,,,,,,,,,,,,,,,,,,,,,,,,,,,,,,,,,,,,,,,,,,,,,,,,,,,,,,,
110,7,,,,,,,100,67,70,19,238.3,2730,10801,38,0,17.9,5.2;1.9;10.8;14.4;4.1;3.9;89.4;63.0;43.3;56.7;97.1;32.6;1.5;1.4;0.5;0.5;0.5;0.3;0.2;0.5;0.2;0.3;0.3;1.5,33.24,0.08,0.0,0.07,14.219,0.0,1708.0,1806.0,4,16,,,,,,,,,,,,,,,,,,,,,,,,,,,,,,,,,,,,,,,,,,,,,,,,,,,,,,,,,,,,,
110,8,,,,,,,100,80,69,16,238.1,2730,10801,38,0,14.9,4.6;1.9;7.7;14.2;1.9;3.1;83.7;58.5;30.7;39.4;66.5;41.0;1.0;0.7;0.2;0.0;0.2;0.5;0.0;0.0;0.2;0.0;0.2;0.3,33.25,0.08,0.0,0.05,14.219,0.0,1660.0,1416.0,4,16,,,,,,,,,,,,,,,,,,,,,,,,,,,,,,,,,,,,,,,,,,,,,,,,,,,,,,,,,,,,,
110,9,,,,,,,100,50,70,13,238.3,2730,10801,38,0,10.2,3.7;0.9;3.8;3.1;0.7;1.4;20.6;79.6;4.5;22.4;88.5;12.5;0.2;0.3;0.0;0.0;0.2;0.2;0.2;0.2;0.0;0.2;0.0;1.9,33.25,0.08,0.0,0.07,14.219,0.0,1464.0,1562.0,4,16,,,,,,,,,,,,,,,,,,,,,,,,,,,,,,,,,,,,,,,,,,,,,,,,,,,,,,,,,,,,,
110,10,,,,,,,100,54,68,17,238.3,2730,10801,38,0,13.5,3.6;7.1;28.6;0.0;7.1;14.3;75.0;7.1;35.7;39.3;100.0;0.0;3.6;0.0;0.0;0.0;3.6;0.0;0.0;0.0;0.0;0.0;0.0;0.0,33.28,0.08,0.0,0.04,14.223,0.0,292.0,1757.0,4,16,,,,,,,,,,,,,,,,,,,,,,,,,,,,,,,,,,,,,,,,,,,,,,,,,,,,,,,,,,,,,
110,summary,0.2989061035845157,0.9965774636341279,0.28281225911776225,1.0,0.00100000,88.2,,,,,,,,,,,,,,,,,,,,,,98,99.6,100,50,67.4,80,67,68.9,71,13,15.9,19,93.4,223.46,238.3,2730.0,10801.0,38.0,0,10.2,18.91,40.3,33.24,33.27,33.32,63.16,0.08,0.08,0.08,18.03,0.0,0.0,0.0,0.04,0.88,2.52,11.269,15.584,14.219,14.22,14.223,15.992,0.0,0.0,0.0,0.0,5805.0,25585.0,1269.0,13207.6,114746.0,4,4.0,4,16,16.0,16,4,16,2.95,72.03
111,1,,,,,,,0,0,65,19,60.3,2745,10801,38,0,40.3,32.7;29.3;56.9;62.3;36.5;43.2;80.8;75.7;73.3;69.8;95.3;88.5;24.9;26.2;13.2;15.6;21.4;23.4;11.2;10.4;20.4;20.7;18.4;17.7,33.16,0.08,0.0,0.06,14.219,0.0,244.0,1660.0,4,16,,,,,,,,,,,,,,,,,,,,,,,,,,,,,,,,,,,,,,,,,,,,,,,,,,,,,,,,,,,,,
111,2,,,,,,,100,58,69,15,237.6,2730,10801,38,0,21.2,8.6;6.3;22.4;20.9;8.9;11.3;77.1;84.4;42.3;62.2;91.3;34.1;4.5;4.8;3.1;3.1;3.1;2.9;1.7;2.4;2.9;3.4;3.8;4.1,33.31,0.08,0.0,2.52,14.219,0.0,35888.0,104833.0,4,16,,,,,,,,,,,,,,,,,,,,,,,,,,,,,,,,,,,,,,,,,,,,,,,,,,,,,,,,,,,,,
111,3,,,,,,,100,62,68,16,238.8,2730,10801,38,0,18.7,6.2;2.1;21.3;12.5;4.4;4.3;87.2;54.4;48.3;55.4;92.8;48.7;2.1;1.2;0.2;0.0;0.9;0.7;0.2;0.2;0.9;1.2;0.9;1.9,33.3,0.08,0.0,2.14,14.219,0.0,1171.0,97.0,4,16,,,,,,,,,,,,,,,,,,,,,,,,,,,,,,,,,,,,,,,,,,,,,,,,,,,,,,,,,,,,,
111,4,,,,,,,100,71,69,15,238.3,2730,10801,38,0,19.9,10.6;4.1;21.1;11.9;8.0;5.0;63.1;79.5;49.7;53.8;86.3;58.9;5.3;4.6;0.7;0.9;4.6;2.6;0.9;0.3;1.0;2.1;0.7;2.7,33.28,0.08,0.01,1.62,14.219,0.0,585.0,390.0,4,16,,,,,,,,,,,,,,,,,,,,,,,,,,,,,,,,,,,,,,,,,,,,,,,,,,,,,,,,,,,,,
111,5,,,,,,,98,80,69,15,238.3,2730,10801,38,0,18.1,6.1;2.1;17.8;9.6;6.0;2.7;63.6;60.3;40.6;56.7;90.2;73.8;1.2;1.0;0.0;0.2;0.3;0.9;0.0;0.0;0.3;0.2;0.3;0.7,33.27,0.08,0.0,2.22,14.219,0.0,1464.0,1464.0,4,16,,,,,,,,,,,,,,,,,,,,,,,,,,,,,,,,,,,,,,,,,,,,,,,,,,,,,,,,,,,,,
111,6,,,,,,,100,85,68,13,240.2,2730,10801,38,0,18.4,6.1;1.9;20.9;13.7;5.6;4.1;68.9;68.3;54.5;46.0;83.8;63.0;1.4;0.7;0.0;0.2;0.3;0.5;0.0;0.2;0.2;0.0;0.0;0.3,33.27,0.08,0.0,0.08,14.219,0.0,1318.0,1416.0,4,16,,,,,,,,,,,,,,,,,,,,,,,,,,,,,,,,,,,,,,,,,,,,,,,,,,,,,,,,,,,,,
111,7,,,,,,,100,87,70,14,237.8,2730,10801,38,0,18.6,7.1;3.9;16.6;13.5;5.5;5.8;73.3;62.0;54.5;44.4;95.6;53.7;2.2;3.3;0.2;0.3;0.9;1.2;0.0;0.3;0.3;0.5;0.5;1.4,33.25,0.08,0.0,0.05,14.219,0.0,341.0,341.0,4,16,,,,,,,,,,,,,,,,,,,,,,,,,,,,,,,,,,,,,,,,,,,,,,,,,,,,,,,,,,,,,
111,8,,,,,,,100,52,71,14,238.7,2730,10801,38,0,14.7,4.4;1.7;8.9;9.2;3.8;1.9;77.9;54.2;37.6;30.3;75.9;41.0;1.0;1.2;0.2;0.2;0.3;0.5;0.0;0.0;0.7;0.2;0.2;1.4,33.25,0.08,0.0,0.06,14.219,0.0,927.0,2001.0,4,16,,,,,,,,,,,,,,,,,,,,,,,,,,,,,,,,,,,,,,,,,,,,,,,,,,,,,,,,,,,,,
111,9,,,,,,,98,74,72,13,239.5,2730,10801,38,0,10.3,5.6;0.5;5.3;1.7;3.3;1.0;60.7;40.0;7.4;15.2;75.5;25.6;1.2;0.7;0.0;0.0;0.2;0.7;0.0;0.5;0.0;0.2;0.2;0.5,33.25,0.08,0.0,0.07,14.219,0.0,1660.0,0.0,4,16,,,,,,,,,,,,,,,,,,,,,,,,,,,,,,,,,,,,,,,,,,,,,,,,,,,,,,,,,,,,,
111,10,,,,,,,64,53,63,16,239.5,2730,10801,38,0,15.8,6.7;13.3;13.3;32.3;10.0;10.0;13.3;73.3;30.0;43.3;30.0;66.7;6.7;0.0;0.0;0.0;0.0;3.3;0.0;16.7;3.3;0.0;6.5;0.0,33.3,0.08,0.0,0.2,14.223,0.0,1220.0,195.0,4,16,,,,,,,,,,,,,,,,,,,,,,,,,,,,,,,,,,,,,,,,,,,,,,,,,,,,,,,,,,,,,
111,summary,0.29922957767573716,0.9964066783863299,0.282851114432017,1.0,0.00100000,88.2,,,,,,,,,,,,,,,,,,,,,,0,86.0,100,0,62.2,87,63,68.4,72,13,15.0,19,60.3,220.9,240.2,2731.5,10801.0,38.0,0,10.3,19.6,40.3,33.16,33.26,33.31,63.16,0.08,0.08,0.08,18.03,0.0,0.0,0.01,0.05,0.9,2.52,11.269,15.584,14.219,14.22,14.223,15.992,0.0,0.0,0.0,244.0,4481.8,35888.0,0.0,11239.7,104833.0,4,4.0,4,16,16.0,16,4,16,2.82,72.04
112,1,,,,,,,100,54,67,18,85.1,2745,10801,38,0,40.2,32.1;32.7;62.5;57.3;37.9;41.2;89.5;93.3;70.7;65.9;91.3;65.1;25.0;28.0;12.7;15.0;21.9;24.6;11.7;11.0;20.0;20.5;19.0;16.4,33.28,0.08,0.0,0.08,14.219,0.0,830.0,97.0,4,16,,,,,,,,,,,,,,,,,,,,,,,,,,,,,,,,,,,,,,,,,,,,,,,,,,,,,,,,,,,,,
112,2,,,,,,,98,80,69,16,236.3,2730,10801,38,0,20.0,7.1;4.4;22.4;20.1;7.5;6.8;91.0;55.3;42.7;64.4;94.4;42.1;4.1;3.1;1.5;1.4;1.9;2.0;0.9;1.0;1.7;1.5;2.0;1.9,33.34,0.08,0.0,2.57,14.219,0.0,537.0,0.0,4,16,,,,,,,,,,,,,,,,,,,,,,,,,,,,,,,,,,,,,,,,,,,,,,,,,,,,,,,,,,,,,
112,3,,,,,,,100,86,68,15,238.0,2730,10801,38,0,19.0,5.4;1.2;23.4;10.4;8.2;4.1;63.9;85.1;55.8;50.3;93.8;46.2;1.7;1.5;0.0;0.3;0.7;0.5;0.5;0.9;0.3;0.7;0.9;1.4,33.29,0.08,0.02,2.2,14.219,0.0,292.0,488.0,4,16,,,,,,,,,,,,,,,,,,,,,,,,,,,,,,,,,,,,,,,,,,,,,,,,,,,,,,,,,,,,,
112,4,,,,,,,100,57,71,14,238.1,2730,10801,38,0,18.2,6.7;1.0;19.9;7.0;5.1;1.5;73.2;65.9;58.1;46.1;90.6;57.4;1.2;1.0;0.2;0.3;0.5;0.5;0.2;0.0;0.0;0.0;0.0;0.5,33.28,0.08,0.0,1.85,14.219,0.0,976.0,1660.0,4,16,,,,,,,,,,,,,,,,,,,,,,,,,,,,,,,,,,,,,,,,,,,,,,,,,,,,,,,,,,,,,
112,5,,,,,,,100,74,69,14,238.3,2730,10801,38,0,17.8,5.9;1.0;20.1;3.9;4.6;0.7;49.7;85.8;55.1;43.7;86.7;66.2;1.2;2.2;0.0;0.0;0.0;0.0;0.0;0.0;0.0;0.0;0.0;0.3,33.29,0.08,0.0,2.23,14.219,0.0,1367.0,1464.0,4,16,,,,,,,,,,,,,,,,,,,,,,,,,,,,,,,,,,,,,,,,,,,,,,,,,,,,,,,,,,,,,
112,6,,,,,,,100,85,68,12,238.4,2730,10801,38,0,18.6,5.7;1.4;26.5;7.9;6.8;3.2;80.9;83.9;48.4;53.8;83.4;36.9;1.9;1.4;0.2;0.2;0.9;0.2;0.9;0.5;0.5;0.3;0.3;0.9,33.27,0.08,0.0,0.11,14.219,0.0,292.0,390.0,4,16,,,,,,,,,,,,,,,,,,,,,,,,,,,,,,,,,,,,,,,,,,,,,,,,,,,,,,,,,,,,,
112,7,,,,,,,100,86,71,15,237.6,2730,10801,38,0,18.7,7.7;2.2;22.4;11.0;8.0;2.7;73.1;67.1;45.8;49.8;92.3;58.9;1.9;1.7;0.2;0.2;1.0;0.2;0.2;0.0;0.0;1.0;0.3;1.0,33.26,0.08,0.0,0.03,14.219,0.0,634.0,11376.0,4,16,,,,,,,,,,,,,,,,,,,,,,,,,,,,,,,,,,,,,,,,,,,,,,,,,,,,,,,,,,,,,
112,8,,,,,,,100,53,68,12,238.5,2730,10801,38,0,14.9,4.7;1.0;11.3;9.7;3.1;2.6;91.1;61.1;27.3;39.1;84.2;17.3;1.0;1.2;0.2;0.0;0.5;1.0;0.0;0.2;0.2;0.0;0.0;1.5,33.26,0.08,0.0,0.09,14.219,0.0,1464.0,0.0,4,16,,,,,,,,,,,,,,,,,,,,,,,,,,,,,,,,,,,,,,,,,,,,,,,,,,,,,,,,,,,,,
112,9,,,,,,,100,74,72,13,238.8,2730,10801,38,0,10.7,5.6;1.0;5.7;4.5;2.4;1.9;39.3;61.0;12.6;12.3;66.4;36.2;1.0;0.5;0.3;0.2;0.5;0.5;0.3;0.0;0.2;1.0;0.9;1.4,33.26,0.08,0.0,0.06,14.219,0.0,1123.0,0.0,4,16,,,,,,,,,,,,,,,,,,,,,,,,,,,,,,,,,,,,,,,,,,,,,,,,,,,,,,,,,,,,,
112,10,,,,,,,78,59,70,15,238.8,2730,10801,38,0,13.5,7.1;7.1;7.1;14.3;7.1;10.3;0.0;100.0;24.1;53.6;25.0;64.3;3.6;0.0;0.0;0.0;0.0;0.0;0.0;0.0;0.0;0.0;0.0;0.0,33.29,0.08,0.0,0.1,14.223,0.0,1171.0,97.0,4,16,,,,,,,,,,,,,,,,,,,,,,,,,,,,,,,,,,,,,,,,,,,,,,,,,,,,,,,,,,,,,
112,summary,0.29910284319378,0.9964271726160656,0.28279894518852233,1.0,0.00100000,88.4,,,,,,,,,,,,,,,,,,,,,,78,97.6,100,53,70.8,86,67,69.3,72,12,14.4,18,85.1,222.79,238.8,2731.5,10801.0,38.0,0,10.7,19.16,40.2,33.26,33.28,33.34,63.16,0.08,0.08,0.08,18.03,0.0,0.0,0.02,0.03,0.93,2.57,11.269,15.584,14.219,14.22,14.223,15.992,0.0,0.0,0.0,292.0,868.6,1464.0,0.0,1557.2,11376.0,4,4.0,4,16,16.0,16,4,16,2.92,72.04
113,1,,,,,,,7,4,63,18,60.1,2745,10801,38,0,39.9,31.4;29.2;66.0;55.1;33.7;41.2;91.5;89.0;75.3;59.3;92.9;66.4;24.4;25.4;11.3;15.5;23.9;24.4;10.1;10.8;20.9;22.2;18.9;18.1,33.37,0.08,0.0,0.04,14.219,0.0,585.0,1416.0,4,16,,,,,,,,,,,,,,,,,,,,,,,,,,,,,,,,,,,,,,,,,,,,,,,,,,,,,,,,,,,,,
113,2,,,,,,,100,58,70,15,238.2,2730,10801,38,0,19.7,8.8;3.6;13.0;18.9;6.3;6.7;92.8;72.9;50.3;52.6;84.7;41.5;2.9;2.9;1.5;1.4;1.9;2.2;1.2;1.0;1.0;1.7;1.4;1.9,33.33,0.08,0.0,2.49,14.219,0.0,1464.0,1416.0,4,16,,,,,,,,,,,,,,,,,,,,,,,,,,,,,,,,,,,,,,,,,,,,,,,,,,,,,,,,,,,,,
113,3,,,,,,,100,58,70,15,237.7,2730,10801,38,0,17.9,4.4;3.3;12.7;10.2;4.3;3.4;90.0;63.4;49.5;42.9;95.4;44.2;1.0;1.4;0.2;0.2;0.7;0.5;0.5;0.2;0.3;0.5;0.3;0.7,33.32,0.08,0.0,2.15,14.219,0.0,3564.0,1416.0,4,16,,,,,,,,,,,,,,,,,,,,,,,,,,,,,,,,,,,,,,,,,,,,,,,,,,,,,,,,,,,,,
113,4,,,,,,,98,74,70,15,238.9,2730,10801,38,0,18.8,5.9;2.6;21.6;8.0;7.7;2.7;58.3;67.0;41.5;62.7;85.3;73.6;2.1;1.5;0.3;0.7;1.9;1.7;0.7;0.2;0.9;0.5;0.7;2.5,33.29,0.08,0.0,1.59,14.219,0.0,1123.0,9082.0,4,16,,,,,,,,,,,,,,,,,,,,,,,,,,,,,,,,,,,,,,,,,,,,,,,,,,,,,,,,,,,,,
113,5,,,,,,,100,89,66,13,238.7,2730,10801,38,0,18.2,4.1;1.4;16.9;8.0;5.5;3.4;65.8;73.1;56.9;47.6;93.7;54.9;1.4;1.5;0.0;0.0;0.3;0.2;0.0;0.3;0.2;0.0;0.0;0.7,33.25,0.08,0.0,2.23,14.219,0.0,6640.0,1416.0,4,16,,,,,,,,,,,,,,,,,,,,,,,,,,,,,,,,,,,,,,,,,,,,,,,,,,,,,,,,,,,,,
113,6,,,,,,,100,52,70,13,238.8,2730,10801,38,0,18.8,6.6;2.4;20.3;12.3;8.4;3.1;75.4;65.8;44.3;56.6;87.3;57.1;1.5;1.9;0.5;0.5;2.1;0.3;0.3;0.5;0.9;0.3;1.2;1.2,33.25,0.08,0.0,0.06,14.219,0.0,341.0,48.0,4,16,,,,,,,,,,,,,,,,,,,,,,,,,,,,,,,,,,,,,,,,,,,,,,,,,,,,,,,,,,,,,
113,7,,,,,,,100,59,68,20,238.6,2730,10801,38,0,18.6,7.4;2.1;19.0;10.3;4.8;2.7;96.6;53.7;45.1;55.5;89.8;49.0;2.2;1.9;0.3;0.7;0.9;0.3;0.0;0.3;0.5;1.0;0.2;0.7,33.25,0.08,0.0,0.04,14.219,0.0,244.0,1416.0,4,16,,,,,,,,,,,,,,,,,,,,,,,,,,,,,,,,,,,,,,,,,,,,,,,,,,,,,,,,,,,,,
113,8,,,,,,,98,74,71,16,238.6,2730,10801,38,0,14.7,5.4;0.5;9.2;9.1;3.4;2.2;78.5;43.7;29.7;37.3;80.2;48.5;1.2;0.7;0.0;0.0;0.5;0.2;0.2;0.5;0.2;0.2;0.2;0.5,33.24,0.08,0.0,0.05,14.219,0.0,1708.0,0.0,4,16,,,,,,,,,,,,,,,,,,,,,,,,,,,,,,,,,,,,,,,,,,,,,,,,,,,,,,,,,,,,,
113,9,,,,,,,100,87,71,20,238.6,2730,10801,38,0,10.2,3.1;1.2;1.9;3.1;0.9;1.2;40.0;62.2;10.9;15.2;98.3;3.1;0.0;0.7;0.2;0.0;0.0;0.2;0.3;0.2;0.2;0.2;0.0;1.4,33.25,0.08,0.0,0.08,14.219,0.0,1660.0,48.0,4,16,,,,,,,,,,,,,,,,,,,,,,,,,,,,,,,,,,,,,,,,,,,,,,,,,,,,,,,,,,,,,
113,10,,,,,,,0,0,63,15,238.6,2730,10801,38,0,13.1,10.0;3.4;17.2;3.4;6.9;16.7;0.0;100.0;17.2;48.3;27.6;44.8;0.0;0.0;0.0;0.0;3.4;0.0;0.0;0.0;0.0;0.0;0.0;12.9,33.29,0.08,0.0,0.05,14.223,0.0,976.0,244.0,4,16,,,,,,,,,,,,,,,,,,,,,,,,,,,,,,,,,,,,,,,,,,,,,,,,,,,,,,,,,,,,,
113,summary,0.2985254928710032,0.9966047892737756,0.2828862861792247,1.0,0.00100000,88.4,,,,,,,,,,,,,,,,,,,,,,0,80.3,100,0,55.5,89,63,68.2,71,13,16.0,20,60.1,220.68,238.9,2731.5,10801.0,38.0,0,10.2,18.99,39.9,33.24,33.28,33.37,63.16,0.08,0.08,0.08,18.03,0.0,0.0,0.0,0.04,0.88,2.49,11.269,15.584,14.219,14.22,14.223,15.992,0.0,0.0,0.0,244.0,1830.5,6640.0,0.0,1650.2,9082.0,4,4.0,4,16,16.0,16,4,16,3.02,72.05
114,1,,,,,,,0,0,58,16,60.5,2745,10801,38,0,40.3,33.5;33.0;63.4;59.1;35.8;40.8;91.3;89.9;72.5;70.3;94.1;60.7;24.2;28.2;11.4;13.9;23.7;24.5;8.7;7.8;21.4;22.7;18.3;19.0,33.35,0.08,0.0,0.05,14.219,0.0,244.0,4833.0,4,16,,,,,,,,,,,,,,,,,,,,,,,,,,,,,,,,,,,,,,,,,,,,,,,,,,,,,,,,,,,,,
114,2,,,,,,,100,51,70,14,237.8,2730,10801,38,0,19.1,5.6;3.8;14.6;16.0;3.6;7.0;63.9;93.7;63.4;42.1;92.0;39.7;2.4;1.2;0.7;0.7;1.2;1.0;0.0;0.7;1.0;0.9;0.3;1.5,33.3,0.08,0.0,2.49,14.219,0.0,1416.0,5126.0,4,16,,,,,,,,,,,,,,,,,,,,,,,,,,,,,,,,,,,,,,,,,,,,,,,,,,,,,,,,,,,,,
114,3,,,,,,,100,49,70,14,238.3,2730,10801,38,0,18.1,4.9;2.2;9.3;22.8;3.6;5.7;74.6;70.8;39.9;60.3;85.6;47.1;1.9;1.9;0.0;0.0;0.5;0.7;0.0;0.5;0.0;0.2;0.3;1.2,33.29,0.08,0.0,2.17,14.219,0.0,1660.0,4736.0,4,16,,,,,,,,,,,,,,,,,,,,,,,,,,,,,,,,,,,,,,,,,,,,,,,,,,,,,,,,,,,,,
114,4,,,,,,,98,74,70,15,238.1,2730,10801,38,0,18.5,7.0;3.1;14.8;21.9;3.3;4.6;72.3;65.8;42.4;57.1;81.0;56.4;2.4;3.1;0.2;1.2;1.2;1.7;0.7;0.3;0.9;0.9;0.9;2.2,33.28,0.08,0.0,1.58,14.219,0.0,4833.0,1367.0,4,16,,,,,,,,,,,,,,,,,,,,,,,,,,,,,,,,,,,,,,,,,,,,,,,,,,,,,,,,,,,,,
114,5,,,,,,,98,74,70,13,238.0,2730,10801,38,0,18.1,4.4;2.4;22.4;5.8;3.8;4.3;60.5;80.1;54.9;45.5;89.9;52.7;2.7;1.7;0.0;0.2;0.5;0.7;0.3;0.3;0.5;0.3;0.2;0.0,33.27,0.08,0.0,2.22,14.219,0.0,3466.0,48.0,4,16,,,,,,,,,,,,,,,,,,,,,,,,,,,,,,,,,,,,,,,,,,,,,,,,,,,,,,,,,,,,,
114,6,,,,,,,100,90,68,15,238.3,2730,10801,38,0,18.2,4.4;2.7;15.6;15.2;5.1;3.1;80.5;65.0;41.4;57.3;90.8;47.4;1.9;1.7;0.0;0.2;0.7;0.3;0.3;0.2;0.0;0.3;0.3;1.0,33.25,0.08,0.0,0.05,14.219,0.0,1806.0,1855.0,4,16,,,,,,,,,,,,,,,,,,,,,,,,,,,,,,,,,,,,,,,,,,,,,,,,,,,,,,,,,,,,,
114,7,,,,,,,100,85,69,15,238.7,2730,10801,38,0,18.5,5.1;2.2;18.6;11.8;5.7;4.3;92.5;71.8;48.4;50.5;93.5;26.7;2.4;2.7;0.3;0.3;1.0;1.2;0.3;0.0;0.9;1.2;1.2;1.5,33.24,0.08,0.0,0.05,14.219,0.0,878.0,1562.0,4,16,,,,,,,,,,,,,,,,,,,,,,,,,,,,,,,,,,,,,,,,,,,,,,,,,,,,,,,,,,,,,
114,8,,,,,,,100,56,70,14,238.8,2730,10801,38,0,15.0,3.4;1.5;15.4;12.2;3.3;1.9;60.5;56.1;24.3;40.7;97.4;40.0;0.7;1.0;0.0;0.2;0.2;0.0;0.0;0.0;0.2;0.0;0.0;0.0,33.25,0.08,0.0,0.07,14.219,0.0,878.0,1611.0,4,16,,,,,,,,,,,,,,,,,,,,,,,,,,,,,,,,,,,,,,,,,,,,,,,,,,,,,,,,,,,,,
114,9,,,,,,,100,68,71,13,238.9,2730,10801,38,0,11.4,4.9;2.4;5.1;5.1;4.1;2.4;45.1;57.0;18.1;12.3;53.1;50.8;2.0;1.7;0.5;0.0;0.9;0.5;0.3;0.5;1.2;0.5;0.9;3.9,33.24,0.08,0.01,0.06,14.219,0.0,878.0,108056.0,4,16,,,,,,,,,,,,,,,,,,,,,,,,,,,,,,,,,,,,,,,,,,,,,,,,,,,,,,,,,,,,,
114,10,,,,,,,100,71,66,21,238.9,2730,10801,38,0,13.2,8.3;5.7;20.0;5.7;11.4;2.9;48.6;48.6;17.1;42.9;100.0;0.0;0.0;5.7;0.0;0.0;0.0;0.0;0.0;0.0;0.0;0.0;0.0;0.0,33.28,0.08,0.0,0.38,14.223,0.0,14257.0,28271.0,4,16,,,,,,,,,,,,,,,,,,,,,,,,,,,,,,,,,,,,,,,,,,,,,,,,,,,,,,,,,,,,,
114,summary,0.29857381876067646,0.996600235000501,0.2828265318870544,1.0,0.00100000,88.3,,,,,,,,,,,,,,,,,,,,,,0,89.6,100,0,61.8,90,58,68.2,71,13,15.0,21,60.5,220.63,238.9,2731.5,10801.0,38.0,0,11.4,19.04,40.3,33.24,33.27,33.35,63.16,0.08,0.08,0.08,18.03,0.0,0.0,0.01,0.05,0.91,2.49,11.269,15.584,14.219,14.22,14.223,15.992,0.0,0.0,0.0,244.0,3031.6,14257.0,48.0,15746.5,108056.0,4,4.0,4,16,16.0,16,4,16,2.95,72.04
115,1,,,,,,,100,69,66,18,83.8,2745,10801,39,0,40.9,30.7;33.8;62.5;58.4;40.1;40.4;87.7;87.0;65.6;67.9;88.4;82.8;27.1;28.2;14.6;14.7;22.9;25.6;9.3;11.0;21.4;23.1;19.4;19.3,33.51,0.08,0.01,0.14,14.219,0.0,585.0,6396.0,4,16,,,,,,,,,,,,,,,,,,,,,,,,,,,,,,,,,,,,,,,,,,,,,,,,,,,,,,,,,,,,,
115,2,,,,,,,100,85,67,19,238.5,2730,10801,38,0,19.5,5.1;5.0;17.0;24.6;3.6;5.7;63.2;49.9;49.1;54.5;93.0;85.9;1.2;3.9;0.2;0.2;1.2;1.0;0.2;0.3;0.7;0.5;0.7;2.0,33.31,0.08,0.0,2.49,14.219,0.0,20751.0,1757.0,4,16,,,,,,,,,,,,,,,,,,,,,,,,,,,,,,,,,,,,,,,,,,,,,,,,,,,,,,,,,,,,,
115,3,,,,,,,100,85,63,14,237.0,2730,10801,38,0,17.8,5.5;2.0;17.4;13.2;1.5;4.4;87.3;42.2;47.2;49.2;91.3;62.0;0.5;1.4;0.0;0.0;0.2;0.0;0.2;0.2;0.0;0.3;0.0;0.3,33.32,0.08,0.01,2.18,14.219,0.0,585.0,48.0,4,16,,,,,,,,,,,,,,,,,,,,,,,,,,,,,,,,,,,,,,,,,,,,,,,,,,,,,,,,,,,,,
115,4,,,,,,,100,48,70,15,238.1,2730,10801,38,0,18.3,5.2;1.7;16.3;20.2;3.8;5.8;68.4;58.6;46.0;49.5;81.4;74.2;1.4;2.0;0.2;0.2;0.9;0.7;0.0;0.2;0.5;0.0;0.3;0.9,33.29,0.08,0.01,1.6,14.219,0.0,0.0,1367.0,4,16,,,,,,,,,,,,,,,,,,,,,,,,,,,,,,,,,,,,,,,,,,,,,,,,,,,,,,,,,,,,,
115,5,,,,,,,98,80,67,20,238.4,2730,10801,38,0,19.1,6.9;4.4;19.9;15.2;3.1;6.7;83.8;84.6;43.8;56.3;89.4;28.5;2.9;2.2;0.3;0.3;1.0;2.2;0.0;0.0;0.9;0.7;1.4;2.7,33.28,0.08,0.0,2.22,14.219,0.0,26367.0,103759.0,4,16,,,,,,,,,,,,,,,,,,,,,,,,,,,,,,,,,,,,,,,,,,,,,,,,,,,,,,,,,,,,,
115,6,,,,,,,100,80,69,16,237.9,2730,10801,38,0,18.7,7.5;3.9;20.8;8.0;5.3;2.9;59.6;62.7;53.6;50.7;89.7;69.6;2.7;2.4;0.7;0.3;1.5;0.5;0.2;0.7;1.0;1.0;1.4;1.9,33.27,0.08,0.0,0.09,14.219,0.0,1855.0,1464.0,4,16,,,,,,,,,,,,,,,,,,,,,,,,,,,,,,,,,,,,,,,,,,,,,,,,,,,,,,,,,,,,,
115,7,,,,,,,100,77,69,20,238.5,2730,10801,38,0,18.6,6.4;2.6;19.4;11.7;6.8;4.1;81.4;70.5;50.3;53.3;82.9;47.7;2.6;1.0;0.0;0.3;0.9;0.3;0.3;0.3;0.3;0.5;0.5;1.4,33.27,0.08,0.0,0.05,14.219,0.0,1464.0,0.0,4,16,,,,,,,,,,,,,,,,,,,,,,,,,,,,,,,,,,,,,,,,,,,,,,,,,,,,,,,,,,,,,
115,8,,,,,,,100,62,72,14,238.7,2730,10801,38,0,15.0,6.2;1.9;11.0;10.3;3.6;2.9;45.7;80.5;32.8;38.5;93.3;28.6;1.9;0.9;0.0;0.0;0.3;0.3;0.3;0.0;0.0;0.0;0.0;0.7,33.26,0.08,0.0,0.05,14.219,0.0,0.0,1708.0,4,16,,,,,,,,,,,,,,,,,,,,,,,,,,,,,,,,,,,,,,,,,,,,,,,,,,,,,,,,,,,,,
115,9,,,,,,,98,79,69,16,239.6,2730,10801,38,0,10.2,3.9;0.3;3.9;2.7;1.5;1.2;59.7;43.3;14.8;9.3;97.9;2.4;0.7;0.7;0.0;0.0;0.3;0.3;0.0;0.0;0.2;0.2;0.0;0.3,33.25,0.08,0.0,0.07,14.219,0.0,0.0,1611.0,4,16,,,,,,,,,,,,,,,,,,,,,,,,,,,,,,,,,,,,,,,,,,,,,,,,,,,,,,,,,,,,,
115,10,,,,,,,15,11,67,16,239.6,2730,10801,38,0,11.1,0.0;3.4;10.3;3.4;0.0;3.4;75.9;0.0;17.2;51.7;100.0;0.0;0.0;0.0;0.0;0.0;0.0;0.0;0.0;0.0;0.0;0.0;0.0;0.0,33.28,0.08,0.0,0.09,14.223,0.0,1416.0,48.0,4,16,,,,,,,,,,,,,,,,,,,,,,,,,,,,,,,,,,,,,,,,,,,,,,,,,,,,,,,,,,,,,
115,summary,0.29882039724181614,0.9965706322242159,0.2828207213878632,1.0,0.00100000,88.5,,,,,,,,,,,,,,,,,,,,,,15,91.1,100,11,67.6,85,63,67.9,72,14,16.8,20,83.8,223.01,239.6,2731.5,10801.0,38.1,0,10.2,18.92,40.9,33.25,33.3,33.51,63.16,0.08,0.08,0.08,18.03,0.0,0.0,0.01,0.05,0.9,2.49,11.269,15.584,14.219,14.22,14.223,15.992,0.0,0.0,0.0,0.0,5302.3,26367.0,0.0,11815.8,103759.0,4,4.0,4,16,16.0,16,4,16,3.15,72.04
116,1,,,,,,,100,55,66,22,96.1,2730,10801,38,0,40.2,33.9;30.3;65.4;61.5;41.9;36.7;70.1;92.9;74.6;65.9;92.7;72.3;26.2;26.0;12.3;14.8;24.1;23.8;9.9;8.6;20.9;22.1;17.8;19.2,33.17,0.08,0.0,0.07,14.219,0.0,1123.0,4785.0,4,16,,,,,,,,,,,,,,,,,,,,,,,,,,,,,,,,,,,,,,,,,,,,,,,,,,,,,,,,,,,,,
116,2,,,,,,,98,80,70,15,238.6,2730,10801,38,0,22.1,9.9;7.2;22.6;18.8;8.2;10.6;95.6;66.7;61.1;51.8;91.1;40.2;6.7;5.6;3.1;3.6;3.6;4.4;2.7;2.1;4.1;3.6;3.9;4.3,33.33,0.08,0.01,2.53,14.219,0.0,3515.0,1367.0,4,16,,,,,,,,,,,,,,,,,,,,,,,,,,,,,,,,,,,,,,,,,,,,,,,,,,,,,,,,,,,,,
116,3,,,,,,,100,81,69,14,237.7,2730,10801,38,0,19.4,5.7;6.0;18.1;16.4;6.5;7.7;65.5;77.0;51.4;47.2;86.5;59.6;2.7;4.1;0.5;0.7;1.0;2.0;0.7;0.3;1.5;0.5;0.5;2.5,33.29,0.08,0.0,2.14,14.219,0.0,2978.0,107714.0,4,16,,,,,,,,,,,,,,,,,,,,,,,,,,,,,,,,,,,,,,,,,,,,,,,,,,,,,,,,,,,,,
116,4,,,,,,,100,80,69,15,237.7,2730,10801,38,0,17.9,4.4;1.7;14.1;17.6;3.6;5.1;53.7;80.1;40.3;60.7;86.1;57.4;1.4;1.7;0.2;0.2;0.0;0.2;0.0;0.0;0.0;0.0;0.0;0.3,33.27,0.08,0.0,1.63,14.219,0.0,292.0,439.0,4,16,,,,,,,,,,,,,,,,,,,,,,,,,,,,,,,,,,,,,,,,,,,,,,,,,,,,,,,,,,,,,
116,5,,,,,,,100,53,69,15,238.5,2730,10801,38,0,18.2,6.1;2.1;16.4;15.7;3.9;3.6;82.9;91.3;47.8;52.2;98.6;7.7;1.0;1.4;0.3;0.2;0.3;0.9;0.7;0.2;0.3;0.0;0.2;1.7,33.26,0.08,0.0,2.23,14.219,0.0,976.0,1562.0,4,16,,,,,,,,,,,,,,,,,,,,,,,,,,,,,,,,,,,,,,,,,,,,,,,,,,,,,,,,,,,,,
116,6,,,,,,,98,80,70,20,239.8,2730,10801,38,0,18.2,3.1;2.2;18.9;14.1;3.6;4.1;81.5;89.7;42.1;56.9;95.8;19.1;1.4;1.5;0.0;0.2;0.2;0.0;0.0;0.0;0.3;0.7;0.5;0.9,33.26,0.08,0.0,0.09,14.219,0.0,781.0,0.0,4,16,,,,,,,,,,,,,,,,,,,,,,,,,,,,,,,,,,,,,,,,,,,,,,,,,,,,,,,,,,,,,
116,7,,,,,,,100,67,71,15,239.1,2730,10801,38,0,18.8,6.2;2.2;24.2;6.8;7.2;3.4;85.8;90.1;45.1;61.4;95.7;6.0;3.8;1.7;1.2;0.3;1.7;1.7;0.7;0.3;1.7;1.0;1.4;2.0,33.26,0.08,0.0,0.13,14.219,0.0,1708.0,1464.0,4,16,,,,,,,,,,,,,,,,,,,,,,,,,,,,,,,,,,,,,,,,,,,,,,,,,,,,,,,,,,,,,
116,8,,,,,,,100,77,70,17,238.8,2730,10801,38,0,15.2,4.6;3.2;14.5;7.5;5.7;2.6;59.1;53.5;27.4;41.2;88.2;48.7;2.2;1.7;0.2;0.7;1.2;0.5;0.3;0.0;0.5;0.9;0.3;1.2,33.26,0.08,0.0,0.08,14.219,0.0,878.0,1464.0,4,16,,,,,,,,,,,,,,,,,,,,,,,,,,,,,,,,,,,,,,,,,,,,,,,,,,,,,,,,,,,,,
116,9,,,,,,,100,49,71,16,239.3,2730,10801,38,0,10.2,5.4;0.3;5.3;1.2;2.7;0.3;35.2;64.3;18.9;7.0;73.7;27.7;0.2;0.3;0.0;0.0;0.0;0.2;0.0;0.0;0.0;0.0;0.0;1.7,33.27,0.08,0.0,0.06,14.219,0.0,927.0,1513.0,4,16,,,,,,,,,,,,,,,,,,,,,,,,,,,,,,,,,,,,,,,,,,,,,,,,,,,,,,,,,,,,,
116,10,,,,,,,100,53,70,14,239.3,2730,10801,38,0,15.6,9.4;3.1;15.6;17.6;15.6;6.2;87.5;9.4;25.0;50.0;53.1;56.2;0.0;6.2;0.0;0.0;6.2;6.1;0.0;0.0;0.0;3.1;3.1;0.0,33.29,0.08,0.0,0.04,14.223,0.0,32958.0,238671.0,4,16,,,,,,,,,,,,,,,,,,,,,,,,,,,,,,,,,,,,,,,,,,,,,,,,,,,,,,,,,,,,,
116,summary,0.2987974057684606,0.9965364751746564,0.28285185631116233,1.0,0.00100000,88.3,,,,,,,,,,,,,,,,,,,,,,98,99.6,100,49,67.5,81,66,69.5,71,14,16.3,22,96.1,224.49,239.8,2730.0,10801.0,38.0,0,10.2,19.58,40.2,33.17,33.27,33.33,63.16,0.08,0.08,0.08,18.03,0.0,0.0,0.01,0.04,0.9,2.53,11.269,15.584,14.219,14.22,14.223,15.992,0.0,0.0,0.0,292.0,4613.6,32958.0,0.0,35897.9,238671.0,4,4.0,4,16,16.0,16,4,16,2.84,72.06
117,1,,,,,,,68,55,67,15,70.1,2730,10801,39,0,39.8,32.1;29.4;58.4;63.2;39.3;36.7;83.2;92.3;71.9;68.8;93.4;63.5;25.9;26.7;13.5;14.4;23.5;23.3;9.6;10.1;20.5;20.8;18.5;15.7,33.32,0.08,0.0,0.06,14.219,0.0,830.0,48.0,4,16,,,,,,,,,,,,,,,,,,,,,,,,,,,,,,,,,,,,,,,,,,,,,,,,,,,,,,,,,,,,,
117,2,,,,,,,100,78,68,15,238.4,2730,10801,38,0,19.4,7.1;2.4;19.6;16.4;7.0;5.3;68.9;81.6;49.5;51.3;94.2;43.6;2.9;2.4;0.9;0.3;2.1;1.7;1.4;0.5;0.7;1.5;1.4;2.7,33.32,0.08,0.0,2.53,14.219,0.0,341.0,1513.0,4,16,,,,,,,,,,,,,,,,,,,,,,,,,,,,,,,,,,,,,,,,,,,,,,,,,,,,,,,,,,,,,
117,3,,,,,,,100,51,71,13,238.8,2730,10801,38,0,18.9,7.7;1.9;15.7;15.4;4.6;5.0;69.1;49.9;46.8;55.9;93.5;77.8;2.6;2.6;0.9;0.3;0.7;1.0;0.2;0.2;0.5;0.7;0.7;1.2,33.31,0.08,0.0,2.13,14.219,0.0,537.0,0.0,4,16,,,,,,,,,,,,,,,,,,,,,,,,,,,,,,,,,,,,,,,,,,,,,,,,,,,,,,,,,,,,,
117,4,,,,,,,100,47,71,14,238.1,2730,10801,38,0,18.2,4.7;2.7;12.2;17.0;3.4;4.1;80.1;68.4;46.9;58.5;85.6;42.5;1.7;3.2;0.2;0.2;0.7;1.0;0.3;0.2;0.5;0.7;0.2;2.0,33.3,0.08,0.0,1.61,14.219,0.0,1464.0,1367.0,4,16,,,,,,,,,,,,,,,,,,,,,,,,,,,,,,,,,,,,,,,,,,,,,,,,,,,,,,,,,,,,,
117,5,,,,,,,100,53,71,21,239.3,2730,10801,38,0,18.5,5.6;2.6;13.8;17.7;4.8;4.1;66.7;92.7;45.6;56.2;91.8;30.4;2.9;1.4;0.3;1.0;0.7;0.2;0.3;0.3;1.0;0.9;0.5;1.7,33.27,0.08,0.0,2.19,14.219,0.0,341.0,97.0,4,16,,,,,,,,,,,,,,,,,,,,,,,,,,,,,,,,,,,,,,,,,,,,,,,,,,,,,,,,,,,,,
117,6,,,,,,,98,76,69,16,237.6,2730,10801,38,0,18.1,6.5;1.0;11.7;18.1;4.1;2.9;69.3;61.3;48.4;51.6;94.2;59.0;1.9;2.1;0.0;0.0;0.3;0.5;0.0;0.0;0.0;0.3;0.2;0.7,33.26,0.08,0.0,0.06,14.219,0.0,1464.0,1464.0,4,16,,,,,,,,,,,,,,,,,,,,,,,,,,,,,,,,,,,,,,,,,,,,,,,,,,,,,,,,,,,,,
117,7,,,,,,,100,72,69,20,239.1,2730,10801,38,0,18.7,5.8;2.6;15.9;17.4;4.6;5.5;81.5;80.5;39.8;61.7;93.7;32.2;1.5;1.5;0.2;0.5;0.2;0.9;0.2;0.3;0.3;0.2;0.2;1.7,33.26,0.08,0.0,0.06,14.219,0.0,1367.0,1367.0,4,16,,,,,,,,,,,,,,,,,,,,,,,,,,,,,,,,,,,,,,,,,,,,,,,,,,,,,,,,,,,,,
117,8,,,,,,,100,79,71,13,239.5,2730,10801,38,0,15.1,4.6;0.5;8.9;9.6;2.7;1.9;57.6;85.3;45.0;24.4;94.5;20.7;1.0;0.9;0.2;0.2;0.7;0.3;0.2;0.5;0.7;0.5;0.5;0.7,33.26,0.08,0.0,0.04,14.219,0.0,244.0,1416.0,4,16,,,,,,,,,,,,,,,,,,,,,,,,,,,,,,,,,,,,,,,,,,,,,,,,,,,,,,,,,,,,,
117,9,,,,,,,100,48,70,20,238.9,2730,10801,39,0,10.9,7.2;2.2;6.1;3.2;3.6;1.9;56.5;46.7;18.5;7.9;87.9;12.5;0.5;1.4;0.0;0.2;0.9;0.9;0.7;0.3;0.0;0.2;0.5;1.2,33.27,0.08,0.0,0.06,14.219,0.0,1123.0,1464.0,4,16,,,,,,,,,,,,,,,,,,,,,,,,,,,,,,,,,,,,,,,,,,,,,,,,,,,,,,,,,,,,,
117,10,,,,,,,100,66,69,14,238.9,2730,10801,39,0,13.3,0.0;3.6;10.7;14.3;7.1;3.6;93.1;6.9;17.2;55.2;86.2;7.1;3.6;0.0;0.0;0.0;3.6;0.0;0.0;0.0;0.0;0.0;0.0;0.0,33.3,0.08,0.03,0.1,14.223,0.0,341.0,390.0,4,16,,,,,,,,,,,,,,,,,,,,,,,,,,,,,,,,,,,,,,,,,,,,,,,,,,,,,,,,,,,,,
117,summary,0.2983500535158017,0.9966435005966098,0.2828505992094676,1.0,0.00100000,88.2,,,,,,,,,,,,,,,,,,,,,,68,96.6,100,47,62.5,79,67,69.6,71,13,16.1,21,70.1,221.87,239.5,2730.0,10801.0,38.3,0,10.9,19.09,39.8,33.26,33.29,33.32,63.16,0.08,0.08,0.08,18.03,0.0,0.0,0.03,0.04,0.88,2.53,11.269,15.584,14.219,14.22,14.223,15.992,0.0,0.0,0.0,244.0,805.2,1464.0,0.0,912.6,1513.0,4,4.0,4,16,16.0,16,4,16,2.98,72.07
118,1,,,,,,,100,82,67,22,110.9,2730,10801,38,0,40.7,33.7;31.1;57.3;61.6;42.7;38.4;91.6;75.7;60.1;82.5;91.2;81.7;27.5;27.1;13.0;14.8;24.0;23.9;8.9;9.8;21.9;21.8;17.4;19.1,33.89,0.08,0.0,0.05,14.219,0.0,244.0,1464.0,4,16,,,,,,,,,,,,,,,,,,,,,,,,,,,,,,,,,,,,,,,,,,,,,,,,,,,,,,,,,,,,,
118,2,,,,,,,98,80,68,15,239.7,2730,10801,38,0,20.2,9.8;5.0;21.5;15.9;7.8;6.0;89.6;68.4;52.1;58.5;91.6;34.5;4.8;4.3;0.7;1.2;2.6;2.4;0.5;0.3;2.1;1.2;1.5;2.2,33.3,0.08,0.0,2.47,14.219,0.0,0.0,1464.0,4,16,,,,,,,,,,,,,,,,,,,,,,,,,,,,,,,,,,,,,,,,,,,,,,,,,,,,,,,,,,,,,
118,3,,,,,,,100,77,70,14,237.8,2730,10801,38,0,18.3,6.2;1.0;16.8;13.7;8.0;3.2;69.1;46.4;44.8;58.5;88.9;77.1;0.7;1.5;0.2;0.2;0.3;0.0;0.0;0.2;0.5;0.0;0.3;1.7,33.29,0.08,0.0,2.19,14.219,0.0,2490.0,244.0,4,16,,,,,,,,,,,,,,,,,,,,,,,,,,,,,,,,,,,,,,,,,,,,,,,,,,,,,,,,,,,,,
118,4,,,,,,,100,77,71,15,239.1,2730,10801,38,0,18.3,6.2;1.4;9.8;19.4;4.4;4.5;76.4;85.3;38.1;58.3;86.1;42.4;1.5;0.9;0.7;0.3;0.2;0.5;0.2;0.2;0.2;0.3;0.3;1.2,33.28,0.08,0.0,1.59,14.219,0.0,1318.0,1416.0,4,16,,,,,,,,,,,,,,,,,,,,,,,,,,,,,,,,,,,,,,,,,,,,,,,,,,,,,,,,,,,,,
118,5,,,,,,,100,48,69,13,238.6,2730,10801,39,0,18.7,5.9;1.5;16.5;20.9;4.3;6.0;75.6;81.4;45.4;53.0;97.4;30.5;2.1;2.9;0.0;0.0;1.0;1.9;0.2;0.0;0.2;0.7;0.7;1.0,33.27,0.08,0.0,2.23,14.219,0.0,488.0,1757.0,4,16,,,,,,,,,,,,,,,,,,,,,,,,,,,,,,,,,,,,,,,,,,,,,,,,,,,,,,,,,,,,,
118,6,,,,,,,98,76,67,15,238.3,2730,10801,38,0,19.0,7.7;2.0;14.8;14.8;5.9;5.4;89.1;73.7;46.0;62.0;94.6;24.4;3.1;3.1;0.3;0.3;1.2;1.9;0.5;0.3;0.2;1.4;1.0;1.7,33.29,0.08,0.0,0.04,14.219,0.0,15380.0,97.0,4,16,,,,,,,,,,,,,,,,,,,,,,,,,,,,,,,,,,,,,,,,,,,,,,,,,,,,,,,,,,,,,
118,7,,,,,,,100,70,69,20,238.4,2730,10801,39,0,17.9,3.9;1.7;14.9;14.0;3.4;4.8;83.5;81.7;32.0;64.8;92.5;26.8;1.2;1.2;0.0;0.0;0.2;0.5;0.0;0.0;0.3;0.0;0.2;0.3,33.28,0.08,0.0,0.07,14.219,0.0,1904.0,1660.0,4,16,,,,,,,,,,,,,,,,,,,,,,,,,,,,,,,,,,,,,,,,,,,,,,,,,,,,,,,,,,,,,
118,8,,,,,,,100,77,69,15,237.8,2730,10801,39,0,14.9,4.4;0.9;11.1;8.7;3.3;1.7;88.4;37.0;18.3;50.3;88.7;40.5;0.9;0.7;0.0;0.0;0.3;1.2;0.3;0.0;0.3;0.5;0.0;0.7,33.26,0.08,0.0,0.06,14.219,0.0,927.0,1611.0,4,16,,,,,,,,,,,,,,,,,,,,,,,,,,,,,,,,,,,,,,,,,,,,,,,,,,,,,,,,,,,,,
118,9,,,,,,,100,47,71,20,238.6,2730,10801,38,0,10.1,3.7;0.7;3.9;2.9;0.9;0.7;55.1;45.3;17.8;6.5;62.3;39.6;0.9;0.3;0.0;0.0;0.3;0.2;0.0;0.2;0.2;0.0;0.2;0.9,33.27,0.08,0.0,0.06,14.219,0.0,634.0,11816.0,4,16,,,,,,,,,,,,,,,,,,,,,,,,,,,,,,,,,,,,,,,,,,,,,,,,,,,,,,,,,,,,,
118,10,,,,,,,100,51,69,16,238.6,2730,10801,38,0,15.2,3.4;10.3;20.7;24.1;20.7;6.9;90.0;3.3;27.6;33.3;36.7;58.6;3.4;6.9;0.0;0.0;0.0;7.1;6.9;3.6;0.0;0.0;0.0;0.0,33.3,0.08,0.0,0.16,14.223,0.0,292.0,390.0,4,16,,,,,,,,,,,,,,,,,,,,,,,,,,,,,,,,,,,,,,,,,,,,,,,,,,,,,,,,,,,,,
118,summary,0.2984150898996553,0.996711814695729,0.28282717935244245,1.0,0.00100000,88.4,,,,,,,,,,,,,,,,,,,,,,98,99.6,100,47,68.5,82,67,69.0,71,13,16.5,22,110.9,225.78,239.7,2730.0,10801.0,38.3,0,10.1,19.33,40.7,33.26,33.34,33.89,63.16,0.08,0.08,0.08,18.03,0.0,0.0,0.0,0.04,0.89,2.47,11.269,15.584,14.219,14.22,14.223,15.992,0.0,0.0,0.0,0.0,2367.7,15380.0,97.0,2191.9,11816.0,4,4.0,4,16,16.0,16,4,16,3.14,72.04
119,1,,,,,,,0,0,59,18,116.1,2745,10801,38,0,40.8,36.3;30.7;58.5;63.7;44.0;36.4;87.4;93.8;62.9;73.6;93.0;72.5;26.5;25.9;12.8;13.3;22.8;23.6;10.5;10.8;21.9;20.5;19.1;18.4,33.28,0.08,5.08,0.26,14.219,0.0,0.0,1513.0,4,16,,,,,,,,,,,,,,,,,,,,,,,,,,,,,,,,,,,,,,,,,,,,,,,,,,,,,,,,,,,,,
119,2,,,,,,,100,50,70,14,239.0,2730,10801,39,0,19.9,6.1;4.1;25.1;15.1;9.6;6.7;63.7;71.1;54.9;43.8;94.0;60.4;4.1;2.9;1.2;0.9;2.1;2.6;1.4;0.9;1.9;2.1;1.4;1.4,33.33,0.08,0.01,2.56,14.219,0.0,976.0,1562.0,4,16,,,,,,,,,,,,,,,,,,,,,,,,,,,,,,,,,,,,,,,,,,,,,,,,,,,,,,,,,,,,,
119,3,,,,,,,98,73,71,20,239.7,2730,10801,39,0,19.0,7.0;2.2;26.1;11.5;6.7;5.1;67.8;84.8;45.5;58.6;76.4;56.4;1.4;1.5;0.2;0.3;0.5;0.2;0.5;0.9;0.2;0.0;0.5;1.4,33.3,0.08,0.01,2.14,14.219,0.0,878.0,1513.0,4,16,,,,,,,,,,,,,,,,,,,,,,,,,,,,,,,,,,,,,,,,,,,,,,,,,,,,,,,,,,,,,
119,4,,,,,,,100,77,67,15,239.5,2730,10801,38,0,18.3,6.7;1.2;22.9;9.8;4.8;4.8;77.2;91.9;42.9;59.8;92.2;18.6;1.5;1.2;0.2;0.3;0.9;0.7;0.2;0.0;0.5;0.5;0.0;0.9,33.29,0.08,0.0,1.57,14.219,0.0,1074.0,1416.0,4,16,,,,,,,,,,,,,,,,,,,,,,,,,,,,,,,,,,,,,,,,,,,,,,,,,,,,,,,,,,,,,
119,5,,,,,,,100,57,70,20,239.2,2730,10801,38,0,18.5,6.2;1.7;15.6;18.4;2.2;6.5;91.6;76.1;38.5;58.3;91.3;29.8;1.0;1.7;0.2;0.5;0.3;0.3;0.3;0.0;0.5;0.3;0.2;0.7,33.28,0.08,0.02,2.32,14.219,0.0,5761.0,99560.0,4,16,,,,,,,,,,,,,,,,,,,,,,,,,,,,,,,,,,,,,,,,,,,,,,,,,,,,,,,,,,,,,
119,6,,,,,,,100,56,68,13,238.7,2730,10801,39,0,18.2,4.7;1.0;12.5;12.6;3.1;4.5;81.2;53.2;44.4;57.3;86.6;67.2;2.2;1.0;0.2;0.2;0.5;1.0;0.0;0.3;0.5;0.2;0.5;1.2,33.29,0.08,0.0,0.08,14.219,0.0,3173.0,1513.0,4,16,,,,,,,,,,,,,,,,,,,,,,,,,,,,,,,,,,,,,,,,,,,,,,,,,,,,,,,,,,,,,
119,7,,,,,,,100,74,71,20,239.2,2730,10801,39,0,18.1,3.9;3.9;13.9;13.4;3.3;3.8;79.6;60.9;49.8;50.3;91.6;54.5;0.5;1.4;0.2;0.2;0.5;0.5;0.0;0.0;0.0;0.2;0.3;0.7,33.28,0.08,0.01,0.07,14.219,0.0,1708.0,1416.0,4,16,,,,,,,,,,,,,,,,,,,,,,,,,,,,,,,,,,,,,,,,,,,,,,,,,,,,,,,,,,,,,
119,8,,,,,,,98,82,69,14,237.9,2730,10801,39,0,15.0,3.9;1.9;10.6;11.6;3.4;3.4;60.8;58.8;26.8;42.4;81.5;50.2;0.9;0.9;0.0;0.0;0.5;0.2;0.7;0.2;0.3;0.3;0.9;1.0,33.26,0.08,0.0,0.04,14.219,0.0,1367.0,1416.0,4,16,,,,,,,,,,,,,,,,,,,,,,,,,,,,,,,,,,,,,,,,,,,,,,,,,,,,,,,,,,,,,
119,9,,,,,,,100,72,69,14,238.7,2730,10801,38,0,10.6,6.0;1.9;3.8;4.3;1.0;2.4;43.8;57.9;8.6;20.0;95.9;4.8;0.3;0.5;0.0;0.0;0.0;0.5;0.3;0.0;0.0;0.0;0.3;1.4,33.25,0.08,0.0,0.06,14.219,0.0,1708.0,1806.0,4,16,,,,,,,,,,,,,,,,,,,,,,,,,,,,,,,,,,,,,,,,,,,,,,,,,,,,,,,,,,,,,
119,10,,,,,,,48,38,62,19,238.7,2730,10801,39,0,12.8,12.9;0.0;6.7;6.7;6.7;0.0;16.7;63.3;43.3;33.3;66.7;33.3;3.3;6.7;0.0;0.0;3.3;0.0;0.0;0.0;0.0;0.0;0.0;3.3,33.29,0.08,0.0,0.04,14.223,0.0,341.0,292.0,4,16,,,,,,,,,,,,,,,,,,,,,,,,,,,,,,,,,,,,,,,,,,,,,,,,,,,,,,,,,,,,,
119,summary,0.2987649035834703,0.9965341980380191,0.28282845759391784,1.0,0.00100000,88.3,,,,,,,,,,,,,,,,,,,,,,0,84.4,100,0,57.9,82,59,67.6,71,13,16.7,20,116.1,226.67,239.7,2731.5,10801.0,38.6,0,10.6,19.12,40.8,33.25,33.29,33.33,63.16,0.08,0.08,0.08,18.03,0.0,0.51,5.08,0.04,0.91,2.56,11.269,15.584,14.219,14.22,14.223,15.992,0.0,0.0,0.0,0.0,1698.6,5761.0,292.0,11200.7,99560.0,4,4.0,4,16,16.0,16,4,16,2.87,72.03
120,1,,,,,,,0,0,64,19,60.0,2745,10801,38,0,39.9,31.4;28.5;58.4;66.3;37.2;39.1;92.9;87.4;74.6;72.5;93.1;56.5;25.4;25.8;11.8;11.8;23.1;23.8;9.7;11.3;20.4;21.9;17.8;17.6,33.21,0.08,0.0,0.06,14.219,0.0,292.0,0.0,4,16,,,,,,,,,,,,,,,,,,,,,,,,,,,,,,,,,,,,,,,,,,,,,,,,,,,,,,,,,,,,,
120,2,,,,,,,100,57,69,14,238.0,2730,10801,39,0,20.9,8.1;5.6;24.7;15.2;7.7;7.7;84.4;76.1;52.6;54.4;91.3;42.1;3.9;4.4;2.1;2.1;3.1;3.1;1.5;1.2;3.1;2.4;2.6;2.4,33.31,0.08,0.0,2.53,14.219,0.0,683.0,1611.0,4,16,,,,,,,,,,,,,,,,,,,,,,,,,,,,,,,,,,,,,,,,,,,,,,,,,,,,,,,,,,,,,
120,3,,,,,,,100,52,68,16,239.0,2730,10801,38,0,18.7,4.9;3.8;19.1;7.5;5.8;3.6;54.0;80.0;47.3;50.7;89.4;68.4;2.1;2.4;0.3;0.3;1.5;1.5;0.0;0.2;0.7;0.5;1.2;2.4,33.3,0.08,0.0,2.15,14.219,0.0,878.0,1611.0,4,16,,,,,,,,,,,,,,,,,,,,,,,,,,,,,,,,,,,,,,,,,,,,,,,,,,,,,,,,,,,,,
120,4,,,,,,,100,56,69,14,238.8,2730,10801,39,0,18.0,6.4;1.2;15.7;13.1;4.1;3.2;57.6;88.4;42.5;56.9;92.5;46.5;0.9;1.0;0.2;0.5;0.3;0.2;0.2;0.0;0.5;0.3;0.3;0.0,33.29,0.08,0.0,1.63,14.219,0.0,2392.0,1367.0,4,16,,,,,,,,,,,,,,,,,,,,,,,,,,,,,,,,,,,,,,,,,,,,,,,,,,,,,,,,,,,,,
120,5,,,,,,,98,75,72,15,238.8,2730,10801,38,0,18.8,5.4;2.4;18.4;10.9;3.4;5.0;82.5;77.1;51.7;52.3;93.4;36.6;2.6;1.9;0.2;0.5;1.0;1.7;0.3;0.7;1.0;0.9;0.7;1.0,33.26,0.08,0.0,2.23,14.219,0.0,1464.0,0.0,4,16,,,,,,,,,,,,,,,,,,,,,,,,,,,,,,,,,,,,,,,,,,,,,,,,,,,,,,,,,,,,,
120,6,,,,,,,100,83,71,15,240.1,2730,10801,38,0,19.7,8.7;5.3;19.1;20.2;4.4;9.4;93.5;64.7;42.9;59.2;92.2;36.1;2.6;3.4;0.9;0.9;1.2;1.9;0.5;0.5;1.0;1.5;0.9;3.2,33.26,0.08,0.0,0.07,14.219,0.0,2441.0,28564.0,4,16,,,,,,,,,,,,,,,,,,,,,,,,,,,,,,,,,,,,,,,,,,,,,,,,,,,,,,,,,,,,,
120,7,,,,,,,100,82,70,16,239.2,2730,10801,39,0,18.0,2.7;2.6;12.9;15.5;4.6;4.4;78.4;83.9;35.1;67.2;82.5;35.6;0.7;1.5;0.2;0.5;0.2;0.5;0.3;0.3;0.0;0.0;0.7;0.5,33.25,0.08,0.0,0.07,14.219,0.0,341.0,341.0,4,16,,,,,,,,,,,,,,,,,,,,,,,,,,,,,,,,,,,,,,,,,,,,,,,,,,,,,,,,,,,,,
120,8,,,,,,,100,50,71,20,239.9,2730,10801,39,0,15.5,4.3;3.8;7.5;12.0;3.3;5.8;52.2;85.1;24.4;43.3;56.7;62.3;1.9;2.1;0.5;0.7;1.0;1.2;0.3;0.5;0.3;0.5;0.9;1.7,33.26,0.08,0.0,0.05,14.219,0.0,927.0,8349.0,4,16,,,,,,,,,,,,,,,,,,,,,,,,,,,,,,,,,,,,,,,,,,,,,,,,,,,,,,,,,,,,,
120,9,,,,,,,98,74,70,13,239.3,2730,10801,38,0,11.1,4.6;1.7;3.8;6.5;1.9;3.8;43.9;59.9;10.8;18.8;78.1;25.5;1.0;1.2;0.5;0.3;0.7;0.3;0.0;0.2;0.3;0.5;1.2;1.7,33.26,0.08,0.0,0.06,14.219,0.0,12158.0,6787.0,4,16,,,,,,,,,,,,,,,,,,,,,,,,,,,,,,,,,,,,,,,,,,,,,,,,,,,,,,,,,,,,,
120,10,,,,,,,52,44,61,15,239.3,2730,10801,38,0,15.0,16.7;6.7;10.3;31.0;6.9;10.3;75.9;17.2;37.9;34.5;100.0;3.4;6.9;3.4;0.0;0.0;0.0;0.0;0.0;0.0;0.0;0.0;0.0;0.0,33.29,0.08,0.0,0.01,14.223,0.0,2099.0,2978.0,4,16,,,,,,,,,,,,,,,,,,,,,,,,,,,,,,,,,,,,,,,,,,,,,,,,,,,,,,,,,,,,,
120,summary,0.29863839069797377,0.9964932095785476,0.2828029872576396,1.0,0.00100000,88.3,,,,,,,,,,,,,,,,,,,,,,0,84.8,100,0,57.3,83,61,68.5,72,13,15.7,20,60.0,221.24,240.1,2731.5,10801.0,38.4,0,11.1,19.56,39.9,33.21,33.27,33.31,63.16,0.08,0.08,0.08,18.03,0.0,0.0,0.0,0.01,0.89,2.53,11.269,15.584,14.219,14.22,14.223,15.992,0.0,0.0,0.0,292.0,2367.5,12158.0,0.0,5160.8,28564.0,4,4.0,4,16,16.0,16,4,16,2.86,72.03
121,1,,,,,,,100,57,66,15,87.8,2745,10801,38,0,39.8,30.4;30.8;51.6;68.5;36.8;38.7;69.3;84.0;78.3;67.5;95.1;85.9;25.0;25.2;12.9;13.2;23.1;23.4;9.5;11.3;21.1;20.8;17.4;16.3,33.21,0.08,0.0,0.05,14.219,0.0,17919.0,15625.0,4,16,,,,,,,,,,,,,,,,,,,,,,,,,,,,,,,,,,,,,,,,,,,,,,,,,,,,,,,,,,,,,
121,2,,,,,,,100,86,68,15,239.1,2730,10801,38,0,22.1,9.9;7.8;27.7;20.0;11.9;9.0;65.0;89.3;63.1;47.5;89.3;53.0;5.3;5.6;2.1;2.4;3.4;3.2;1.4;1.2;2.4;3.6;2.6;3.1,33.35,0.08,0.0,2.56,14.219,0.0,341.0,439.0,4,16,,,,,,,,,,,,,,,,,,,,,,,,,,,,,,,,,,,,,,,,,,,,,,,,,,,,,,,,,,,,,
121,3,,,,,,,100,86,69,16,239.2,2730,10801,38,0,18.7,6.7;2.9;20.0;13.4;6.0;4.3;84.4;78.2;48.4;50.2;84.9;36.7;1.4;3.3;0.5;0.3;1.0;1.4;0.0;0.0;0.5;0.7;0.0;2.5,33.32,0.08,0.01,2.21,14.219,0.0,1416.0,1513.0,4,16,,,,,,,,,,,,,,,,,,,,,,,,,,,,,,,,,,,,,,,,,,,,,,,,,,,,,,,,,,,,,
121,4,,,,,,,100,57,71,13,237.9,2730,10801,39,0,18.4,8.0;2.1;17.5;11.4;5.3;4.6;86.7;90.6;56.2;43.8;95.8;9.1;3.2;1.9;0.3;0.0;0.5;0.5;0.2;0.0;0.2;0.7;0.9;1.0,33.3,0.08,0.0,1.6,14.219,0.0,244.0,1416.0,4,16,,,,,,,,,,,,,,,,,,,,,,,,,,,,,,,,,,,,,,,,,,,,,,,,,,,,,,,,,,,,,
121,5,,,,,,,100,76,70,15,239.6,2730,10801,38,0,18.2,3.6;3.3;21.2;10.4;3.8;4.3;77.2;59.4;41.0;57.7;86.8;63.0;2.1;1.2;0.0;0.0;0.5;0.3;0.0;0.0;0.3;0.0;0.2;1.2,33.29,0.08,0.0,2.27,14.219,0.0,1464.0,97.0,4,16,,,,,,,,,,,,,,,,,,,,,,,,,,,,,,,,,,,,,,,,,,,,,,,,,,,,,,,,,,,,,
121,6,,,,,,,100,84,71,14,239.7,2730,10801,38,0,18.5,6.1;3.1;17.4;9.9;4.8;4.3;93.3;69.9;50.3;54.1;97.6;26.5;1.5;1.2;0.7;0.3;0.7;0.7;0.2;0.5;0.3;0.2;0.0;0.5,33.29,0.08,0.0,0.07,14.219,0.0,1464.0,0.0,4,16,,,,,,,,,,,,,,,,,,,,,,,,,,,,,,,,,,,,,,,,,,,,,,,,,,,,,,,,,,,,,
121,7,,,,,,,100,62,68,16,240.7,2730,10801,38,0,18.1,4.6;2.7;15.4;13.8;3.1;5.8;53.0;79.1;38.5;61.6;93.2;58.4;0.9;1.0;0.0;0.0;0.3;0.3;0.0;0.0;0.2;0.2;0.2;0.5,33.25,0.08,0.0,0.1,14.219,0.0,1416.0,0.0,4,16,,,,,,,,,,,,,,,,,,,,,,,,,,,,,,,,,,,,,,,,,,,,,,,,,,,,,,,,,,,,,
121,8,,,,,,,100,71,69,13,239.0,2730,10801,38,0,15.0,3.9;1.4;12.7;8.7;1.4;5.0;77.4;62.8;24.1;42.9;96.9;15.4;1.7;1.4;0.0;0.0;0.2;0.5;0.0;0.0;0.7;0.3;0.3;1.9,33.26,0.08,0.0,0.03,14.219,0.0,1416.0,0.0,4,16,,,,,,,,,,,,,,,,,,,,,,,,,,,,,,,,,,,,,,,,,,,,,,,,,,,,,,,,,,,,,
121,9,,,,,,,100,55,71,16,239.9,2730,10801,39,0,10.8,4.9;1.4;3.4;6.1;2.2;3.1;50.6;52.6;8.2;19.7;99.8;1.7;1.0;0.9;0.0;0.2;0.0;1.7;0.3;0.0;0.2;0.2;0.2;1.4,33.25,0.08,0.0,0.08,14.219,0.0,0.0,1611.0,4,16,,,,,,,,,,,,,,,,,,,,,,,,,,,,,,,,,,,,,,,,,,,,,,,,,,,,,,,,,,,,,
121,10,,,,,,,100,67,70,16,239.9,2730,10801,39,0,19.5,23.3;6.9;31.0;17.2;20.0;30.0;30.0;69.0;10.3;58.6;100.0;9.7;16.7;10.3;6.5;6.7;3.3;0.0;0.0;0.0;3.3;6.5;3.4;10.0,33.3,0.08,0.0,0.12,14.223,0.0,1123.0,1416.0,4,16,,,,,,,,,,,,,,,,,,,,,,,,,,,,,,,,,,,,,,,,,,,,,,,,,,,,,,,,,,,,,
121,summary,0.2982037616704224,0.9967049832858171,0.2828462566534678,1.0,0.00100000,88.1,,,,,,,,,,,,,,,,,,,,,,100,100.0,100,55,70.1,86,66,69.3,71,13,14.9,16,87.8,224.28,240.7,2731.5,10801.0,38.3,0,10.8,19.91,39.8,33.21,33.28,33.35,63.16,0.08,0.08,0.08,18.03,0.0,0.0,0.01,0.03,0.91,2.56,11.269,15.584,14.219,14.22,14.223,15.992,0.0,0.0,0.0,0.0,2680.3,17919.0,0.0,2211.7,15625.0,4,4.0,4,16,16.0,16,4,16,2.81,72.05
122,1,,,,,,,100,63,69,18,83.1,2730,10801,38,0,40.3,34.2;34.2;61.5;56.2;39.7;39.5;83.1;85.6;74.6;77.8;97.0;59.5;26.0;27.1;12.7;14.8;22.6;22.0;10.6;10.8;21.4;21.5;18.5;16.8,33.49,0.08,0.0,0.05,14.219,0.0,830.0,97.0,4,16,,,,,,,,,,,,,,,,,,,,,,,,,,,,,,,,,,,,,,,,,,,,,,,,,,,,,,,,,,,,,
122,2,,,,,,,100,85,70,15,237.5,2730,10801,39,0,19.1,5.8;3.4;15.2;23.7;7.7;5.8;62.3;77.2;54.2;49.8;95.2;48.5;2.2;2.7;0.5;0.2;0.9;1.0;0.3;0.0;0.5;0.3;0.5;1.0,33.31,0.08,0.0,2.51,14.219,0.0,0.0,1660.0,4,16,,,,,,,,,,,,,,,,,,,,,,,,,,,,,,,,,,,,,,,,,,,,,,,,,,,,,,,,,,,,,
122,3,,,,,,,100,62,70,20,239.0,2730,10801,39,0,17.9,4.6;1.4;17.9;10.4;5.1;5.0;74.3;90.7;43.4;55.1;88.3;31.6;0.5;0.9;0.0;0.3;0.3;0.0;0.2;0.0;0.2;0.2;0.0;0.0,33.31,0.08,0.0,2.16,14.219,0.0,2148.0,1562.0,4,16,,,,,,,,,,,,,,,,,,,,,,,,,,,,,,,,,,,,,,,,,,,,,,,,,,,,,,,,,,,,,
122,4,,,,,,,100,73,69,14,238.9,2730,10801,39,0,18.6,7.0;3.1;20.7;11.1;8.5;4.3;57.2;85.8;58.9;40.5;90.1;46.2;2.2;2.2;0.7;1.0;1.2;1.7;0.2;0.3;0.9;0.7;0.3;1.5,33.27,0.08,0.0,1.63,14.219,0.0,1464.0,13183.0,4,16,,,,,,,,,,,,,,,,,,,,,,,,,,,,,,,,,,,,,,,,,,,,,,,,,,,,,,,,,,,,,
122,5,,,,,,,100,71,70,19,239.5,2730,10801,38,0,18.5,5.9;2.4;20.7;9.7;6.3;3.1;84.0;88.2;35.5;62.5;89.0;25.1;1.5;1.7;0.7;0.2;1.0;1.5;0.3;0.9;1.2;0.7;0.9;1.5,33.26,0.08,0.03,2.27,14.219,0.0,25830.0,369433.0,4,16,,,,,,,,,,,,,,,,,,,,,,,,,,,,,,,,,,,,,,,,,,,,,,,,,,,,,,,,,,,,,
122,6,,,,,,,100,88,68,21,239.5,2730,10801,38,0,19.2,9.1;3.4;26.5;9.5;9.2;2.9;81.5;94.2;48.2;55.6;92.0;13.4;2.7;2.7;0.3;0.2;1.2;0.9;1.0;0.3;1.5;0.7;1.0;2.0,33.26,0.08,0.0,0.07,14.219,0.0,537.0,390.0,4,16,,,,,,,,,,,,,,,,,,,,,,,,,,,,,,,,,,,,,,,,,,,,,,,,,,,,,,,,,,,,,
122,7,,,,,,,100,78,69,14,238.7,2730,10801,38,0,18.0,5.9;1.2;16.6;7.3;6.7;2.9;68.0;80.7;42.2;54.6;93.0;48.8;1.7;1.4;0.0;0.0;0.2;0.3;0.2;0.0;0.0;0.0;0.2;0.7,33.26,0.08,0.0,0.08,14.219,0.0,2929.0,1416.0,4,16,,,,,,,,,,,,,,,,,,,,,,,,,,,,,,,,,,,,,,,,,,,,,,,,,,,,,,,,,,,,,
122,8,,,,,,,100,52,69,17,239.8,2730,10801,38,0,14.8,6.6;2.4;11.0;7.0;2.9;2.4;61.7;66.7;29.2;37.4;90.1;33.3;1.4;1.2;0.0;0.0;0.3;0.3;0.3;0.0;0.7;0.0;0.2;0.3,33.26,0.08,0.0,0.07,14.219,0.0,1123.0,1367.0,4,16,,,,,,,,,,,,,,,,,,,,,,,,,,,,,,,,,,,,,,,,,,,,,,,,,,,,,,,,,,,,,
122,9,,,,,,,98,73,71,16,239.5,2730,10801,39,0,10.5,2.6;0.5;4.6;3.8;1.4;2.4;54.1;48.5;6.5;19.8;99.7;1.2;1.2;0.9;0.3;0.2;0.3;0.7;0.2;0.2;0.2;0.2;0.3;2.2,33.27,0.08,0.0,0.06,14.219,0.0,976.0,1562.0,4,16,,,,,,,,,,,,,,,,,,,,,,,,,,,,,,,,,,,,,,,,,,,,,,,,,,,,,,,,,,,,,
122,10,,,,,,,53,45,70,15,239.5,2730,10801,39,0,11.8,0.0;3.6;0.0;17.9;10.7;0.0;78.6;0.0;21.4;50.0;100.0;0.0;0.0;0.0;0.0;0.0;0.0;0.0;0.0;0.0;0.0;0.0;0.0;0.0,33.31,0.08,0.0,0.05,14.223,0.0,1464.0,1464.0,4,16,,,,,,,,,,,,,,,,,,,,,,,,,,,,,,,,,,,,,,,,,,,,,,,,,,,,,,,,,,,,,
122,summary,0.29825255788068494,0.9966958747392679,0.28283185640970865,1.0,0.00100000,88.5,,,,,,,,,,,,,,,,,,,,,,53,95.1,100,45,69.0,88,68,69.5,71,14,16.9,21,83.1,223.5,239.8,2730.0,10801.0,38.5,0,10.5,18.87,40.3,33.26,33.3,33.49,63.16,0.08,0.08,0.08,18.03,0.0,0.0,0.03,0.05,0.89,2.51,11.269,15.584,14.219,14.22,14.223,15.992,0.0,0.0,0.0,0.0,3730.1,25830.0,97.0,39213.4,369433.0,4,4.0,4,16,16.0,16,4,16,3.1,72.04
123,1,,,,,,,100,56,66,16,98.7,2745,10801,39,0,39.9,31.7;31.3;54.8;62.9;37.6;38.7;92.6;86.4;64.3;70.3;92.0;78.8;25.2;25.0;12.1;13.3;21.5;23.8;8.4;9.2;20.1;21.2;18.2;18.4,33.16,0.08,0.0,0.09,14.219,0.0,1123.0,1464.0,4,16,,,,,,,,,,,,,,,,,,,,,,,,,,,,,,,,,,,,,,,,,,,,,,,,,,,,,,,,,,,,,
123,2,,,,,,,98,74,71,21,239.5,2730,10801,38,0,21.1,8.7;6.2;18.6;23.2;6.7;7.7;59.7;63.7;46.5;54.9;92.6;79.0;4.4;5.3;3.6;2.7;3.4;3.4;2.2;2.4;2.7;3.6;2.6;3.6,33.33,0.08,0.0,2.54,14.219,0.0,1220.0,1513.0,4,16,,,,,,,,,,,,,,,,,,,,,,,,,,,,,,,,,,,,,,,,,,,,,,,,,,,,,,,,,,,,,
123,3,,,,,,,98,77,67,16,238.8,2730,10801,38,0,18.2,6.4;2.7;15.5;14.5;4.6;4.4;75.7;56.5;43.3;55.5;91.1;59.4;1.9;1.4;0.0;0.2;0.5;0.9;0.2;0.3;0.3;0.7;1.0;1.0,33.3,0.08,0.0,2.12,14.219,0.0,1123.0,1464.0,4,16,,,,,,,,,,,,,,,,,,,,,,,,,,,,,,,,,,,,,,,,,,,,,,,,,,,,,,,,,,,,,
123,4,,,,,,,100,80,71,16,238.7,2730,10801,38,0,18.1,4.9;1.4;18.2;7.9;6.7;2.1;76.0;61.7;57.7;42.2;92.1;57.5;0.9;1.9;0.0;0.0;0.2;0.3;0.7;0.0;0.5;0.2;0.5;0.5,33.28,0.08,0.0,1.59,14.219,0.0,292.0,1562.0,4,16,,,,,,,,,,,,,,,,,,,,,,,,,,,,,,,,,,,,,,,,,,,,,,,,,,,,,,,,,,,,,
123,5,,,,,,,100,77,70,14,238.5,2730,10801,38,0,18.5,7.2;2.4;19.3;10.1;5.5;2.6;97.3;66.0;46.9;55.2;93.0;31.7;1.0;1.0;0.0;0.2;0.9;0.7;0.2;0.5;0.7;0.5;0.2;1.4,33.28,0.08,0.0,2.23,14.219,0.0,24267.0,115136.0,4,16,,,,,,,,,,,,,,,,,,,,,,,,,,,,,,,,,,,,,,,,,,,,,,,,,,,,,,,,,,,,,
123,6,,,,,,,100,49,69,16,239.3,2730,10801,39,0,18.4,5.2;1.9;20.0;14.3;5.3;3.3;75.8;57.6;45.1;55.2;81.9;66.5;2.2;1.2;0.2;0.0;1.2;0.9;0.0;0.5;0.5;0.2;0.2;1.4,33.26,0.08,0.0,0.08,14.219,0.0,781.0,1611.0,4,16,,,,,,,,,,,,,,,,,,,,,,,,,,,,,,,,,,,,,,,,,,,,,,,,,,,,,,,,,,,,,
123,7,,,,,,,98,79,67,13,238.7,2730,10801,39,0,18.3,5.9;1.7;17.8;15.6;5.5;3.3;67.6;73.2;43.8;54.7;78.2;65.0;1.0;0.5;0.0;0.3;0.2;0.7;0.0;0.5;0.2;0.5;0.7;3.0,33.26,0.08,0.0,0.09,14.219,0.0,781.0,1660.0,4,16,,,,,,,,,,,,,,,,,,,,,,,,,,,,,,,,,,,,,,,,,,,,,,,,,,,,,,,,,,,,,
123,8,,,,,,,100,81,71,16,239.9,2730,10801,38,0,16.1,7.7;3.9;15.3;7.8;5.2;4.6;80.0;29.8;41.1;29.8;93.8;52.0;2.5;2.5;0.0;1.0;1.2;1.9;0.0;0.0;1.4;1.4;1.5;2.0,33.26,0.08,0.0,0.05,14.219,0.0,1464.0,1757.0,4,16,,,,,,,,,,,,,,,,,,,,,,,,,,,,,,,,,,,,,,,,,,,,,,,,,,,,,,,,,,,,,
123,9,,,,,,,100,67,71,18,239.4,2730,10801,39,0,10.4,4.1;1.4;5.1;3.3;2.2;1.4;52.7;49.3;9.3;14.9;98.1;3.1;0.7;0.2;0.0;0.2;0.2;0.7;0.2;0.2;0.3;0.3;0.3;1.2,33.27,0.08,0.01,0.07,14.219,0.0,341.0,390.0,4,16,,,,,,,,,,,,,,,,,,,,,,,,,,,,,,,,,,,,,,,,,,,,,,,,,,,,,,,,,,,,,
123,10,,,,,,,100,76,69,15,239.4,2730,10801,39,0,14.2,3.1;9.4;21.9;12.5;9.4;6.2;56.2;40.6;15.6;56.2;100.0;3.1;3.1;0.0;0.0;0.0;0.0;0.0;0.0;0.0;0.0;0.0;0.0;0.0,33.3,0.08,0.0,0.05,14.223,0.0,341.0,0.0,4,16,,,,,,,,,,,,,,,,,,,,,,,,,,,,,,,,,,,,,,,,,,,,,,,,,,,,,,,,,,,,,
123,summary,0.2984591481766793,0.9967209232422782,0.2827832607428233,1.0,0.00100000,88.3,,,,,,,,,,,,,,,,,,,,,,98,99.4,100,49,71.6,81,66,69.2,71,13,16.1,21,98.7,225.09,239.9,2731.5,10801.0,38.5,0,10.4,19.32,39.9,33.16,33.27,33.33,63.16,0.08,0.08,0.08,18.03,0.0,0.0,0.01,0.05,0.89,2.54,11.269,15.584,14.219,14.22,14.223,15.992,0.0,0.0,0.0,292.0,3173.3,24267.0,0.0,12655.7,115136.0,4,4.0,4,16,16.0,16,4,16,2.89,72.03
