epoch,sample_point,train_loss,train_acc,val_loss,val_acc,lr,epoch_time_s,cuda_util_pct,cuda_mem_util_pct,gpu_temp_c,gpu_temp_tlimit_c,gpu_power_w,gpu_clock_sm_mhz,gpu_clock_mem_mhz,gpu_fan_pct,gpu_throttled,cpu_pct,cpu_pct_per_core,ram_used_gb,swap_used_gb,disk_read_mb_s,disk_write_mb_s,nvsmi_vram_used_gb,vram_other_processes_gb,pcie_tx_kb_s,pcie_rx_kb_s,pcie_link_gen_current,pcie_link_width_current,cuda_util_pct_min,cuda_util_pct_avg,cuda_util_pct_max,cuda_mem_util_pct_min,cuda_mem_util_pct_avg,cuda_mem_util_pct_max,gpu_temp_c_min,gpu_temp_c_avg,gpu_temp_c_max,gpu_temp_tlimit_c_min,gpu_temp_tlimit_c_avg,gpu_temp_tlimit_c_max,gpu_power_w_min,gpu_power_w_avg,gpu_power_w_max,gpu_clock_sm_mhz_avg,gpu_clock_mem_mhz_avg,gpu_fan_pct_avg,gpu_throttled_any,cpu_pct_min,cpu_pct_avg,cpu_pct_max,ram_used_gb_min,ram_used_gb_avg,ram_used_gb_max,ram_total_gb,swap_used_gb_min,swap_used_gb_avg,swap_used_gb_max,swap_total_gb,disk_read_mb_s_min,disk_read_mb_s_avg,disk_read_mb_s_max,disk_write_mb_s_min,disk_write_mb_s_avg,disk_write_mb_s_max,vram_peak_alloc_gb,vram_peak_reserved_gb,nvsmi_vram_used_gb_min,nvsmi_vram_used_gb_avg,nvsmi_vram_used_gb_max,nvsmi_vram_total_gb,vram_other_processes_gb_min,vram_other_processes_gb_avg,vram_other_processes_gb_max,pcie_tx_kb_s_min,pcie_tx_kb_s_avg,pcie_tx_kb_s_max,pcie_rx_kb_s_min,pcie_rx_kb_s_avg,pcie_rx_kb_s_max,pcie_link_gen_current_min,pcie_link_gen_current_avg,pcie_link_gen_current_max,pcie_link_width_current_min,pcie_link_width_current_avg,pcie_link_width_current_max,pcie_link_gen_max,pcie_link_width_max,data_wait_s,compute_s
1,1,,,,,,,80,47,51,35,61.8,2760,10801,30,0,6.4,0.9;8.4;1.5;1.8;0.8;0.7;24.7;44.7;4.6;5.1;19.7;37.5;0.6;0.4;0.1;0.1;0.2;0.2;0.0;0.1;0.3;0.4;0.4;0.5,35.31,0.06,0.27,1.02,14.371,0.783,390.0,1611.0,4,16,,,,,,,,,,,,,,,,,,,,,,,,,,,,,,,,,,,,,,,,,,,,,,,,,,,,,,,,,,,,,
1,2,,,,,,,97,93,56,27,212.8,2745,10801,30,0,6.5,0.6;12.0;0.9;0.0;0.3;0.6;27.2;51.0;0.9;3.5;23.8;32.5;1.5;0.0;0.0;0.0;0.0;0.3;0.0;0.0;0.0;0.3;0.3;0.9,35.32,0.06,0.03,0.03,14.373,0.783,6591.0,10546.0,4,16,,,,,,,,,,,,,,,,,,,,,,,,,,,,,,,,,,,,,,,,,,,,,,,,,,,,,,,,,,,,,
1,3,,,,,,,96,91,57,27,213.1,2745,10801,30,0,6.7,0.6;16.8;0.9;0.6;0.0;1.2;32.7;40.6;1.5;4.7;20.1;40.6;0.6;0.0;0.0;0.0;0.0;0.0;0.0;0.0;0.0;0.0;0.0;0.0,35.33,0.06,0.03,0.11,14.373,0.783,53173.0,48974.0,4,16,,,,,,,,,,,,,,,,,,,,,,,,,,,,,,,,,,,,,,,,,,,,,,,,,,,,,,,,,,,,,
1,4,,,,,,,100,100,58,27,213.7,2745,10801,30,0,7.2,0.3;13.3;1.5;1.5;1.2;0.3;31.7;24.9;2.1;5.3;29.3;57.2;0.3;0.6;0.0;0.6;0.0;0.3;0.0;0.6;0.0;0.6;1.5;0.9,35.31,0.06,0.0,0.01,14.373,0.783,29541.0,45947.0,4,16,,,,,,,,,,,,,,,,,,,,,,,,,,,,,,,,,,,,,,,,,,,,,,,,,,,,,,,,,,,,,
1,5,,,,,,,100,96,58,25,215.6,2745,10801,30,0,7.1,1.1;14.7;3.2;1.4;1.1;0.9;46.6;26.4;3.2;5.2;14.7;45.4;0.9;0.3;0.0;0.0;0.0;0.6;0.0;0.0;1.4;0.0;1.4;0.3,35.38,0.06,0.03,0.09,14.381,0.783,38378.0,48681.0,4,16,,,,,,,,,,,,,,,,,,,,,,,,,,,,,,,,,,,,,,,,,,,,,,,,,,,,,,,,,,,,,
1,6,,,,,,,100,95,58,25,214.3,2745,10801,30,0,6.6,0.9;14.0;0.0;1.2;0.3;0.3;41.8;24.4;2.4;1.5;24.8;44.4;0.3;0.0;0.0;0.0;0.0;0.0;0.6;0.0;0.3;0.0;1.2;0.3,35.38,0.06,0.0,0.04,14.381,0.783,30224.0,63330.0,4,16,,,,,,,,,,,,,,,,,,,,,,,,,,,,,,,,,,,,,,,,,,,,,,,,,,,,,,,,,,,,,
1,7,,,,,,,99,93,59,25,214.2,2745,10801,30,0,6.8,0.9;12.7;1.5;1.8;0.9;0.3;22.4;33.8;2.9;3.5;24.8;56.0;0.0;0.6;0.0;0.0;0.0;0.0;0.0;0.0;0.0;0.3;0.3;0.6,35.38,0.06,0.05,0.11,14.381,0.783,101757.0,63232.0,4,16,,,,,,,,,,,,,,,,,,,,,,,,,,,,,,,,,,,,,,,,,,,,,,,,,,,,,,,,,,,,,
1,8,,,,,,,97,92,61,25,214.1,2745,10801,30,0,7.0,0.3;12.4;1.8;1.8;0.3;1.5;47.8;28.9;2.1;6.2;14.4;47.6;0.3;0.6;0.0;0.0;0.0;0.0;0.0;0.0;0.0;0.3;0.6;0.0,35.38,0.06,0.03,0.08,14.381,0.783,9033.0,15917.0,4,16,,,,,,,,,,,,,,,,,,,,,,,,,,,,,,,,,,,,,,,,,,,,,,,,,,,,,,,,,,,,,
1,9,,,,,,,96,92,62,24,214.3,2745,10801,30,0,6.4,0.3;16.0;1.2;0.6;0.3;0.3;11.3;68.6;0.6;4.1;17.7;31.1;0.6;0.9;0.0;0.3;0.0;0.0;0.0;0.0;0.3;0.0;0.0;0.0,35.38,0.06,0.02,0.06,14.381,0.783,9570.0,10449.0,4,16,,,,,,,,,,,,,,,,,,,,,,,,,,,,,,,,,,,,,,,,,,,,,,,,,,,,,,,,,,,,,
1,10,,,,,,,100,95,61,22,214.8,2745,10801,30,0,6.9,0.6;12.6;2.0;2.0;0.6;1.5;30.0;25.7;2.0;5.0;16.7;65.6;0.6;0.6;0.0;0.0;0.0;0.0;0.0;0.0;0.0;0.0;0.0;0.0,35.38,0.06,0.04,0.16,14.381,0.783,5859.0,187744.0,4,16,,,,,,,,,,,,,,,,,,,,,,,,,,,,,,,,,,,,,,,,,,,,,,,,,,,,,,,,,,,,,
1,11,,,,,,,97,92,63,22,214.6,2745,10801,30,0,7.1,0.0;16.1;1.8;1.2;0.3;0.9;59.8;14.5;3.2;4.4;15.0;49.7;0.3;0.6;0.0;0.6;0.0;0.0;0.0;0.3;0.0;0.0;0.0;0.9,35.38,0.06,0.0,0.02,14.381,0.783,3857.0,16064.0,4,16,,,,,,,,,,,,,,,,,,,,,,,,,,,,,,,,,,,,,,,,,,,,,,,,,,,,,,,,,,,,,
1,12,,,,,,,96,91,61,22,215.4,2745,10801,30,0,7.2,0.3;10.6;2.1;2.9;0.3;0.9;60.1;21.2;4.1;4.4;35.3;26.8;0.6;0.3;0.0;0.0;0.0;0.0;0.0;0.0;0.3;0.6;0.6;0.6,35.29,0.06,0.06,0.15,14.381,0.783,3710.0,18212.0,4,16,,,,,,,,,,,,,,,,,,,,,,,,,,,,,,,,,,,,,,,,,,,,,,,,,,,,,,,,,,,,,
1,13,,,,,,,98,95,60,24,216.4,2745,10801,30,0,7.1,0.3;13.5;2.0;2.6;0.6;1.4;47.8;24.6;3.2;4.1;29.0;39.4;0.3;0.3;0.0;0.3;0.3;0.0;0.0;0.0;0.0;0.0;0.6;0.3,35.31,0.06,0.01,0.03,14.381,0.783,5468.0,14111.0,4,16,,,,,,,,,,,,,,,,,,,,,,,,,,,,,,,,,,,,,,,,,,,,,,,,,,,,,,,,,,,,,
1,14,,,,,,,97,93,63,22,216.9,2745,10801,30,0,7.6,0.6;12.5;2.6;3.5;1.2;1.2;55.1;18.6;5.0;5.3;37.2;37.5;0.3;0.3;0.0;0.0;0.0;0.0;0.0;0.0;0.0;0.6;0.0;0.0,35.31,0.06,0.02,0.08,14.381,0.783,4003.0,22216.0,4,16,,,,,,,,,,,,,,,,,,,,,,,,,,,,,,,,,,,,,,,,,,,,,,,,,,,,,,,,,,,,,
1,15,,,,,,,96,91,62,20,217.0,2745,10801,30,0,7.4,0.6;15.7;1.5;0.9;1.2;0.3;71.0;22.4;2.6;5.3;13.2;38.1;0.3;0.6;0.0;0.6;0.6;0.0;0.0;0.0;0.0;1.5;0.6;0.0,35.31,0.06,0.01,0.06,14.381,0.783,3759.0,24609.0,4,16,,,,,,,,,,,,,,,,,,,,,,,,,,,,,,,,,,,,,,,,,,,,,,,,,,,,,,,,,,,,,
1,16,,,,,,,100,93,63,21,217.2,2745,10801,30,0,6.9,0.3;11.2;0.9;1.5;0.0;0.3;44.2;23.4;1.5;6.8;23.8;49.4;0.0;0.3;0.0;0.0;0.0;0.0;0.0;0.0;0.0;0.0;0.6;0.0,35.31,0.06,0.05,0.12,14.381,0.783,4150.0,16699.0,4,16,,,,,,,,,,,,,,,,,,,,,,,,,,,,,,,,,,,,,,,,,,,,,,,,,,,,,,,,,,,,,
1,17,,,,,,,100,96,64,22,218.4,2745,10801,31,0,7.4,0.9;14.5;3.5;2.3;0.0;1.4;44.5;22.3;4.6;5.5;19.1;57.3;0.9;0.0;0.0;0.0;0.0;0.0;0.0;0.0;0.0;0.9;0.0;0.0,35.31,0.06,0.01,0.03,14.381,0.783,4052.0,16162.0,4,16,,,,,,,,,,,,,,,,,,,,,,,,,,,,,,,,,,,,,,,,,,,,,,,,,,,,,,,,,,,,,
1,18,,,,,,,97,89,63,20,217.7,2745,10801,31,0,8.0,0.9;11.7;2.3;1.5;0.6;0.3;35.5;65.2;2.9;4.1;23.3;39.2;0.6;0.0;0.6;0.0;0.0;0.3;0.3;0.0;0.3;1.2;0.6;0.3,35.31,0.06,0.03,0.11,14.381,0.783,3955.0,22802.0,4,16,,,,,,,,,,,,,,,,,,,,,,,,,,,,,,,,,,,,,,,,,,,,,,,,,,,,,,,,,,,,,
1,19,,,,,,,100,95,64,18,218.8,2745,10801,31,0,8.4,0.3;31.5;1.2;2.1;0.6;0.6;56.2;17.9;4.4;5.0;14.5;61.1;0.3;0.9;0.0;0.0;0.3;0.0;0.0;0.0;0.6;0.0;1.2;0.0,35.31,0.06,0.03,0.08,14.381,0.783,3613.0,28808.0,4,16,,,,,,,,,,,,,,,,,,,,,,,,,,,,,,,,,,,,,,,,,,,,,,,,,,,,,,,,,,,,,
1,20,,,,,,,100,96,64,20,219.1,2745,10801,31,0,6.5,0.6;11.9;1.2;1.2;0.0;0.0;27.1;22.6;2.7;3.2;10.9;72.4;0.6;0.9;0.0;0.0;0.0;0.0;0.0;0.0;0.0;0.0;0.3;0.0,35.31,0.06,0.01,0.01,14.381,0.783,3906.0,22705.0,4,16,,,,,,,,,,,,,,,,,,,,,,,,,,,,,,,,,,,,,,,,,,,,,,,,,,,,,,,,,,,,,
1,21,,,,,,,98,92,65,21,220.1,2745,10801,32,0,6.4,0.6;13.1;0.6;1.5;0.3;0.6;45.6;36.6;1.4;2.9;21.8;27.0;1.2;0.3;0.0;0.0;0.0;0.0;0.0;0.0;0.0;0.0;0.0;0.0,35.32,0.06,0.03,0.08,14.381,0.783,4150.0,15283.0,4,16,,,,,,,,,,,,,,,,,,,,,,,,,,,,,,,,,,,,,,,,,,,,,,,,,,,,,,,,,,,,,
1,22,,,,,,,100,96,64,20,219.9,2745,10801,32,0,6.8,0.3;10.4;1.5;1.5;1.5;0.3;20.9;45.0;2.9;2.6;18.2;54.4;0.3;1.2;0.3;0.3;0.0;0.0;0.0;0.0;0.3;0.3;0.9;0.6,35.31,0.06,0.02,0.06,14.381,0.783,3857.0,15527.0,4,16,,,,,,,,,,,,,,,,,,,,,,,,,,,,,,,,,,,,,,,,,,,,,,,,,,,,,,,,,,,,,
1,23,,,,,,,98,92,65,18,220.0,2730,10801,32,0,7.0,2.0;11.7;1.8;2.1;0.6;0.6;24.9;30.8;1.8;2.3;17.0;68.7;0.3;0.3;0.6;0.0;0.0;0.0;0.0;0.0;0.0;0.0;0.6;0.6,35.3,0.06,0.0,0.01,14.381,0.783,13037.0,64550.0,4,16,,,,,,,,,,,,,,,,,,,,,,,,,,,,,,,,,,,,,,,,,,,,,,,,,,,,,,,,,,,,,
1,24,,,,,,,97,92,65,18,219.3,2730,10801,32,0,6.6,0.6;11.4;1.2;0.9;0.6;0.3;55.9;18.0;2.4;2.6;21.7;40.6;0.9;0.0;0.0;0.0;0.0;0.0;0.0;0.0;0.3;0.0;0.0;0.0,35.28,0.06,0.01,0.04,14.381,0.783,16650.0,13525.0,4,16,,,,,,,,,,,,,,,,,,,,,,,,,,,,,,,,,,,,,,,,,,,,,,,,,,,,,,,,,,,,,
1,25,,,,,,,93,55,63,21,213.2,2730,10801,33,0,6.7,0.6;15.8;0.9;0.6;0.3;0.3;47.6;23.0;3.2;2.6;20.7;39.8;0.3;0.9;0.0;0.3;0.3;0.0;0.0;0.0;0.0;1.1;0.9;0.0,35.31,0.06,0.02,0.05,14.381,0.783,3808.0,15039.0,4,16,,,,,,,,,,,,,,,,,,,,,,,,,,,,,,,,,,,,,,,,,,,,,,,,,,,,,,,,,,,,,
1,26,,,,,,,96,94,66,20,219.2,2730,10801,33,0,7.0,0.9;13.5;1.5;2.6;0.6;0.0;32.8;13.5;2.9;2.6;18.5;75.6;0.0;0.0;0.0;0.0;0.0;0.0;0.0;0.0;0.9;1.5;0.9;0.0,35.3,0.06,0.01,0.06,14.381,0.783,14599.0,22460.0,4,16,,,,,,,,,,,,,,,,,,,,,,,,,,,,,,,,,,,,,,,,,,,,,,,,,,,,,,,,,,,,,
1,27,,,,,,,97,91,65,19,218.8,2730,10801,33,0,6.8,0.9;12.4;1.8;1.2;1.2;0.3;61.4;17.0;5.2;1.2;39.2;18.1;0.3;0.6;0.0;0.0;0.0;0.0;0.0;0.0;0.6;0.6;0.0;0.0,35.31,0.06,0.02,0.06,14.381,0.783,38037.0,236621.0,4,16,,,,,,,,,,,,,,,,,,,,,,,,,,,,,,,,,,,,,,,,,,,,,,,,,,,,,,,,,,,,,
1,28,,,,,,,100,99,65,20,218.8,2730,10801,33,0,7.0,1.2;13.5;1.5;0.9;0.9;0.6;59.4;17.1;3.2;2.9;22.3;40.1;0.3;0.3;0.0;0.0;0.0;0.0;0.0;0.0;0.0;0.0;2.1;0.0,35.31,0.06,0.01,0.05,14.381,0.783,18896.0,50585.0,4,16,,,,,,,,,,,,,,,,,,,,,,,,,,,,,,,,,,,,,,,,,,,,,,,,,,,,,,,,,,,,,
1,29,,,,,,,96,85,65,22,220.9,2730,10801,33,0,6.6,0.9;14.2;0.9;0.3;0.3;0.0;29.5;15.6;2.3;3.5;16.4;70.8;0.6;0.9;0.0;0.3;0.3;0.0;0.3;0.3;0.3;0.9;0.3;0.0,35.31,0.06,0.01,0.04,14.381,0.783,13378.0,59521.0,4,16,,,,,,,,,,,,,,,,,,,,,,,,,,,,,,,,,,,,,,,,,,,,,,,,,,,,,,,,,,,,,
1,30,,,,,,,100,99,65,18,219.8,2730,10801,33,0,7.0,2.1;14.0;1.5;0.6;0.3;0.3;53.4;16.1;4.1;2.9;18.8;50.1;0.0;0.0;0.0;0.0;0.0;0.0;0.0;0.0;0.6;0.9;0.9;0.0,35.32,0.06,0.3,0.6,14.381,0.783,18896.0,52001.0,4,16,,,,,,,,,,,,,,,,,,,,,,,,,,,,,,,,,,,,,,,,,,,,,,,,,,,,,,,,,,,,,
1,31,,,,,,,100,93,64,18,219.3,2730,10801,33,0,6.8,0.3;13.5;1.2;1.2;0.3;0.6;54.0;25.1;3.2;2.9;24.7;33.3;0.3;0.9;0.0;0.0;0.0;0.0;0.0;0.0;0.0;0.0;0.9;0.0,35.31,0.06,0.01,0.05,14.381,0.783,3955.0,15820.0,4,16,,,,,,,,,,,,,,,,,,,,,,,,,,,,,,,,,,,,,,,,,,,,,,,,,,,,,,,,,,,,,
1,32,,,,,,,100,92,66,18,218.9,2730,10801,33,0,6.9,1.8;11.4;1.5;0.3;0.9;0.0;24.6;36.8;4.1;1.8;18.5;62.1;0.9;0.0;0.0;0.3;0.0;0.3;0.3;0.0;0.0;0.0;1.2;0.0,35.31,0.06,0.0,0.01,14.381,0.783,3564.0,28662.0,4,16,,,,,,,,,,,,,,,,,,,,,,,,,,,,,,,,,,,,,,,,,,,,,,,,,,,,,,,,,,,,,
1,33,,,,,,,100,95,67,19,218.5,2730,10801,34,0,6.8,0.3;13.3;1.4;0.3;0.3;0.9;44.8;24.0;3.8;1.4;13.0;54.6;1.2;0.9;0.3;0.0;0.3;0.0;0.3;0.0;0.3;0.0;0.0;0.3,35.31,0.06,0.02,0.06,14.381,0.783,151806.0,27099.0,4,16,,,,,,,,,,,,,,,,,,,,,,,,,,,,,,,,,,,,,,,,,,,,,,,,,,,,,,,,,,,,,
1,34,,,,,,,96,91,66,18,219.0,2730,10801,34,0,7.3,0.9;15.5;4.1;1.5;0.6;0.3;55.1;27.0;4.4;3.5;34.9;22.2;0.6;0.6;0.0;0.0;0.0;0.0;0.0;0.0;0.3;0.3;1.2;0.6,35.31,0.06,0.01,0.05,14.381,0.783,5224.0,10058.0,4,16,,,,,,,,,,,,,,,,,,,,,,,,,,,,,,,,,,,,,,,,,,,,,,,,,,,,,,,,,,,,,
1,35,,,,,,,100,95,65,18,219.7,2730,10801,34,0,7.6,2.1;13.9;2.3;1.2;1.2;0.9;41.1;20.5;6.7;6.5;21.2;63.0;0.0;0.9;0.0;0.0;0.0;0.0;0.0;0.0;0.6;0.0;1.5;0.3,35.29,0.06,0.01,0.03,14.381,0.783,13574.0,10644.0,4,16,,,,,,,,,,,,,,,,,,,,,,,,,,,,,,,,,,,,,,,,,,,,,,,,,,,,,,,,,,,,,
1,36,,,,,,,98,93,65,18,221.1,2730,10801,34,0,7.8,0.3;11.7;2.1;1.2;0.0;0.6;56.6;18.2;5.3;7.1;51.3;30.3;0.3;0.3;0.0;0.0;0.0;0.0;0.0;0.0;0.0;0.0;0.0;0.3,35.32,0.06,0.04,0.09,14.381,0.783,4150.0,10351.0,4,16,,,,,,,,,,,,,,,,,,,,,,,,,,,,,,,,,,,,,,,,,,,,,,,,,,,,,,,,,,,,,
1,37,,,,,,,91,9,63,18,212.7,2730,10801,34,0,7.6,0.0;28.7;0.9;1.2;0.6;0.3;52.9;25.4;4.6;4.0;29.2;29.6;0.3;0.9;0.0;0.0;0.0;0.0;0.0;0.0;0.0;0.0;0.3;0.0,35.29,0.06,0.01,0.07,14.383,0.783,16552.0,10498.0,4,16,,,,,,,,,,,,,,,,,,,,,,,,,,,,,,,,,,,,,,,,,,,,,,,,,,,,,,,,,,,,,
1,38,,,,,,,100,92,65,16,221.3,2730,10801,34,0,7.3,2.1;14.6;1.8;2.1;0.9;0.3;37.9;23.8;3.5;3.5;51.8;24.9;1.5;0.3;0.0;0.0;0.3;0.3;0.0;0.0;1.5;1.5;1.2;0.0,35.29,0.06,0.02,0.07,14.383,0.783,16894.0,10498.0,4,16,,,,,,,,,,,,,,,,,,,,,,,,,,,,,,,,,,,,,,,,,,,,,,,,,,,,,,,,,,,,,
1,39,,,,,,,97,85,66,18,221.2,2730,10801,34,0,6.0,0.9;9.8;0.6;0.9;0.3;0.6;32.7;15.9;3.2;5.3;19.1;51.0;0.6;0.3;0.0;0.0;0.3;0.3;0.0;0.0;0.6;0.6;0.9;0.0,35.29,0.06,0.01,0.04,14.383,0.783,6347.0,11767.0,4,16,,,,,,,,,,,,,,,,,,,,,,,,,,,,,,,,,,,,,,,,,,,,,,,,,,,,,,,,,,,,,
1,40,,,,,,,100,100,66,19,218.6,2730,10801,34,0,5.7,0.0;16.5;0.4;0.9;0.0;0.0;23.9;52.8;2.6;2.1;26.5;9.0;0.0;0.0;0.0;0.0;0.0;0.0;0.0;0.0;0.4;0.0;0.0;0.0,35.29,0.06,0.02,0.07,14.383,0.783,390.0,195.0,4,16,,,,,,,,,,,,,,,,,,,,,,,,,,,,,,,,,,,,,,,,,,,,,,,,,,,,,,,,,,,,,
1,summary,1.3651901390485983,0.654292459938715,0.49813451167285416,0.9495729971533143,0.00099999,261.8,,,,,,,,,,,,,,,,,,,,,,80,97.58,100,9,89.12,100,51,62.73,67,16,21.25,35,61.8,213.51,221.3,2738.6,10801.0,31.7,0,5.7,6.97,8.4,35.28,35.32,35.38,63.16,0.06,0.06,0.06,16.0,0.0,0.03,0.3,0.01,0.1,1.02,10.734,13.6,14.371,14.38,14.383,15.992,0.783,0.78,0.783,390.0,17318.83,151806.0,195.0,34488.07,236621.0,4,4.0,4,16,16.0,16,4,16,209.29,40.68
2,1,,,,,,,0,1,58,26,153.8,2745,10801,34,0,50.3,65.3;67.4;88.9;87.9;83.6;84.2;97.0;97.0;90.6;93.0;97.3;97.2;46.3;55.8;1.3;1.6;14.4;13.5;1.0;0.6;7.0;6.7;3.4;4.1,35.49,0.06,0.02,0.02,14.383,0.783,12353.0,243505.0,4,16,,,,,,,,,,,,,,,,,,,,,,,,,,,,,,,,,,,,,,,,,,,,,,,,,,,,,,,,,,,,,
2,2,,,,,,,97,90,66,18,220.3,2745,10801,34,0,7.3,1.8;15.5;1.2;2.6;0.6;0.6;51.8;22.6;3.2;2.9;29.5;36.3;1.2;0.0;0.9;0.0;0.3;0.6;0.3;0.3;0.9;0.3;1.2;0.0,35.41,0.06,0.01,14.37,14.383,0.783,9521.0,74121.0,4,16,,,,,,,,,,,,,,,,,,,,,,,,,,,,,,,,,,,,,,,,,,,,,,,,,,,,,,,,,,,,,
2,3,,,,,,,100,92,66,18,219.8,2745,10801,34,0,7.0,1.2;15.4;1.5;1.2;1.7;0.0;47.7;27.7;2.9;2.6;23.3;36.6;0.3;0.0;0.0;0.0;0.0;0.0;0.6;0.6;0.6;2.3;0.6;0.6,35.39,0.06,0.01,4.11,14.383,0.783,28759.0,50878.0,4,16,,,,,,,,,,,,,,,,,,,,,,,,,,,,,,,,,,,,,,,,,,,,,,,,,,,,,,,,,,,,,
2,4,,,,,,,100,95,67,18,219.0,2745,10801,34,0,7.1,0.6;13.5;1.8;2.1;0.3;0.6;35.3;19.1;3.2;2.3;15.2;70.7;0.3;0.9;0.9;0.6;0.3;0.3;0.3;0.0;0.0;1.5;0.6;0.0,35.37,0.06,0.03,2.72,14.383,0.783,44189.0,37744.0,4,16,,,,,,,,,,,,,,,,,,,,,,,,,,,,,,,,,,,,,,,,,,,,,,,,,,,,,,,,,,,,,
2,5,,,,,,,96,92,65,18,219.8,2745,10801,34,0,7.0,1.2;16.8;1.2;0.9;0.3;0.3;62.7;11.4;3.5;2.3;33.7;28.9;0.3;0.0;0.0;0.3;0.0;0.0;0.0;0.0;0.0;0.0;1.7;0.3,35.36,0.06,0.01,3.05,14.383,0.783,50048.0,45410.0,4,16,,,,,,,,,,,,,,,,,,,,,,,,,,,,,,,,,,,,,,,,,,,,,,,,,,,,,,,,,,,,,
2,6,,,,,,,98,93,66,19,218.6,2745,10801,34,0,6.7,0.9;11.9;0.9;0.9;0.0;0.3;51.6;20.2;2.3;1.8;20.8;45.9;0.3;0.3;0.0;0.0;0.0;0.0;0.0;0.0;0.0;0.0;1.2;0.0,35.34,0.06,0.01,2.32,14.383,0.783,33300.0,55664.0,4,16,,,,,,,,,,,,,,,,,,,,,,,,,,,,,,,,,,,,,,,,,,,,,,,,,,,,,,,,,,,,,
2,7,,,,,,,96,84,65,18,219.7,2745,10801,34,0,7.0,1.4;14.8;1.7;1.7;0.6;2.0;33.9;18.0;3.8;3.2;15.7;66.2;0.6;0.6;0.0;0.0;0.0;0.0;0.0;0.3;0.3;0.6;0.6;0.6,35.34,0.06,0.0,1.86,14.383,0.783,5322.0,10498.0,4,16,,,,,,,,,,,,,,,,,,,,,,,,,,,,,,,,,,,,,,,,,,,,,,,,,,,,,,,,,,,,,
2,8,,,,,,,100,100,66,18,219.1,2745,10801,34,0,6.8,0.6;12.2;0.9;0.3;0.0;0.0;49.7;20.6;3.8;2.6;38.2;30.9;0.6;0.3;0.0;0.0;0.6;0.0;0.0;0.0;0.0;0.6;0.0;0.0,35.34,0.06,0.01,1.56,14.383,0.783,4541.0,11523.0,4,16,,,,,,,,,,,,,,,,,,,,,,,,,,,,,,,,,,,,,,,,,,,,,,,,,,,,,,,,,,,,,
2,9,,,,,,,100,99,66,16,218.1,2745,10801,34,0,7.3,1.2;14.3;0.9;2.1;0.9;1.5;49.0;27.1;3.5;5.0;30.3;36.2;0.6;0.6;0.0;0.0;0.0;0.0;0.0;0.0;0.6;1.5;0.0;0.0,35.32,0.06,0.01,1.55,14.383,0.783,14257.0,418750.0,4,16,,,,,,,,,,,,,,,,,,,,,,,,,,,,,,,,,,,,,,,,,,,,,,,,,,,,,,,,,,,,,
2,10,,,,,,,100,92,65,18,218.7,2745,10801,35,0,6.9,0.9;14.8;2.0;0.9;0.6;0.3;34.5;19.9;4.7;1.8;18.1;65.1;0.6;0.3;0.0;0.0;0.3;0.0;0.0;0.0;0.3;0.3;0.6;0.0,35.31,0.06,0.01,3.63,14.383,0.783,3662.0,14160.0,4,16,,,,,,,,,,,,,,,,,,,,,,,,,,,,,,,,,,,,,,,,,,,,,,,,,,,,,,,,,,,,,
2,11,,,,,,,96,94,68,18,219.7,2745,10801,35,0,7.3,0.6;17.5;1.2;1.2;1.4;0.9;38.9;21.4;3.7;4.9;33.4;45.1;1.4;0.3;0.0;0.0;0.0;0.0;0.0;0.0;0.6;0.6;0.9;0.0,35.31,0.06,0.0,0.02,14.383,0.783,6640.0,10205.0,4,16,,,,,,,,,,,,,,,,,,,,,,,,,,,,,,,,,,,,,,,,,,,,,,,,,,,,,,,,,,,,,
2,12,,,,,,,100,95,66,19,219.3,2745,10801,34,0,7.7,0.9;14.5;2.3;1.8;1.8;0.6;55.0;41.1;4.4;5.3;24.0;30.7;0.6;0.6;0.0;0.0;0.3;0.3;0.0;0.0;0.0;0.0;0.0;0.0,35.3,0.06,0.06,0.15,14.383,0.783,155029.0,66894.0,4,16,,,,,,,,,,,,,,,,,,,,,,,,,,,,,,,,,,,,,,,,,,,,,,,,,,,,,,,,,,,,,
2,13,,,,,,,100,93,66,17,220.2,2745,10801,35,0,8.6,1.2;28.2;1.8;0.9;0.3;0.9;34.3;38.1;4.7;5.3;18.9;65.4;0.3;0.3;0.0;0.0;0.6;0.9;0.0;0.0;0.3;0.3;0.6;0.0,35.32,0.06,0.01,0.04,14.383,0.783,15380.0,10693.0,4,16,,,,,,,,,,,,,,,,,,,,,,,,,,,,,,,,,,,,,,,,,,,,,,,,,,,,,,,,,,,,,
2,14,,,,,,,96,89,66,18,219.0,2745,10801,35,0,6.5,0.0;15.2;1.2;0.3;0.3;0.3;25.0;38.7;3.2;1.8;14.7;53.2;0.0;0.6;0.0;0.0;0.0;0.0;0.0;0.0;0.0;0.6;0.6;0.0,35.32,0.06,0.04,0.12,14.383,0.783,15185.0,16015.0,4,16,,,,,,,,,,,,,,,,,,,,,,,,,,,,,,,,,,,,,,,,,,,,,,,,,,,,,,,,,,,,,
2,15,,,,,,,99,95,67,19,221.2,2745,10801,35,0,6.2,0.3;10.7;1.4;1.1;0.6;0.0;15.9;60.2;2.0;0.9;25.6;28.0;0.3;0.0;0.0;0.0;0.0;0.0;0.0;0.0;0.3;0.6;0.6;0.6,35.3,0.06,0.01,0.03,14.383,0.783,3759.0,146484.0,4,16,,,,,,,,,,,,,,,,,,,,,,,,,,,,,,,,,,,,,,,,,,,,,,,,,,,,,,,,,,,,,
2,16,,,,,,,98,92,67,19,222.0,2745,10801,35,0,6.6,0.9;14.8;1.2;0.3;0.3;0.6;27.2;31.4;0.9;3.6;17.2;57.6;0.0;0.0;0.0;0.0;0.0;0.0;0.0;0.0;0.0;0.6;0.0;0.3,35.29,0.06,0.0,0.02,14.383,0.783,4199.0,31396.0,4,16,,,,,,,,,,,,,,,,,,,,,,,,,,,,,,,,,,,,,,,,,,,,,,,,,,,,,,,,,,,,,
2,17,,,,,,,97,93,66,16,220.1,2745,10801,35,0,7.8,2.3;15.8;3.2;0.9;1.5;0.6;33.5;35.3;5.9;3.5;16.1;56.4;1.2;1.7;0.0;0.9;0.6;0.9;0.3;0.0;1.8;1.2;1.2;0.9,35.3,0.06,0.01,0.05,14.383,0.783,12744.0,10156.0,4,16,,,,,,,,,,,,,,,,,,,,,,,,,,,,,,,,,,,,,,,,,,,,,,,,,,,,,,,,,,,,,
2,18,,,,,,,100,100,67,16,221.9,2745,10801,35,0,7.0,1.2;17.6;1.2;1.5;1.2;1.2;33.7;48.2;2.7;2.1;23.6;30.8;0.0;0.3;0.0;0.0;0.0;0.3;0.0;0.0;0.3;0.0;0.6;0.6,35.3,0.06,0.02,0.06,14.383,0.783,4443.0,18798.0,4,16,,,,,,,,,,,,,,,,,,,,,,,,,,,,,,,,,,,,,,,,,,,,,,,,,,,,,,,,,,,,,
2,19,,,,,,,96,85,66,17,222.3,2745,10801,35,0,6.7,1.2;16.0;2.6;1.4;0.9;0.6;35.0;30.8;2.6;1.7;19.3;46.0;0.6;0.3;0.0;0.0;0.0;0.6;0.0;0.0;0.3;0.0;0.3;0.0,35.29,0.06,0.0,0.01,14.383,0.783,4052.0,24853.0,4,16,,,,,,,,,,,,,,,,,,,,,,,,,,,,,,,,,,,,,,,,,,,,,,,,,,,,,,,,,,,,,
2,20,,,,,,,98,97,66,18,221.0,2745,10801,35,0,6.9,1.2;16.2;1.2;1.2;1.2;0.6;40.9;20.8;3.5;2.9;12.0;60.6;0.6;1.2;0.3;0.0;0.0;0.0;0.0;0.0;0.3;0.0;0.0;0.0,35.31,0.06,0.01,0.04,14.383,0.783,12744.0,11816.0,4,16,,,,,,,,,,,,,,,,,,,,,,,,,,,,,,,,,,,,,,,,,,,,,,,,,,,,,,,,,,,,,
2,21,,,,,,,100,99,67,19,222.0,2745,10801,35,0,6.6,0.3;10.9;1.5;0.3;0.9;0.3;39.1;43.1;3.3;3.3;20.6;34.3;0.6;0.3;0.0;0.0;0.0;0.0;0.0;0.0;0.0;0.3;0.0;0.3,35.3,0.06,0.02,0.06,14.383,0.783,9472.0,10498.0,4,16,,,,,,,,,,,,,,,,,,,,,,,,,,,,,,,,,,,,,,,,,,,,,,,,,,,,,,,,,,,,,
2,22,,,,,,,100,94,65,17,221.9,2745,10801,35,0,7.1,0.0;12.9;2.9;1.7;0.9;0.6;51.9;18.4;3.8;2.3;20.1;51.3;0.3;0.6;0.0;0.0;0.0;0.0;0.0;0.0;0.3;0.6;0.3;0.0,35.28,0.06,0.01,0.04,14.383,0.783,10742.0,310449.0,4,16,,,,,,,,,,,,,,,,,,,,,,,,,,,,,,,,,,,,,,,,,,,,,,,,,,,,,,,,,,,,,
2,23,,,,,,,100,98,67,16,221.8,2745,10801,35,0,6.8,0.3;16.7;1.2;1.7;0.3;0.6;28.4;19.4;4.1;1.4;15.0;71.6;0.3;0.6;0.0;0.0;0.0;0.0;0.0;0.0;0.9;0.6;0.0;0.0,35.29,0.06,0.01,0.05,14.383,0.783,3857.0,14453.0,4,16,,,,,,,,,,,,,,,,,,,,,,,,,,,,,,,,,,,,,,,,,,,,,,,,,,,,,,,,,,,,,
2,24,,,,,,,100,95,66,17,221.8,2745,10801,35,0,7.2,1.2;12.2;2.1;1.8;0.9;0.3;17.4;70.5;4.4;3.2;19.4;33.2;0.6;0.0;0.0;0.0;0.0;0.0;0.0;0.0;0.9;0.9;0.3;1.2,35.29,0.06,0.01,0.05,14.383,0.783,3906.0,28466.0,4,16,,,,,,,,,,,,,,,,,,,,,,,,,,,,,,,,,,,,,,,,,,,,,,,,,,,,,,,,,,,,,
2,25,,,,,,,100,96,66,18,221.5,2745,10801,35,0,7.0,1.5;15.3;1.8;0.9;0.6;0.9;15.3;62.8;3.8;4.4;19.7;40.9;0.3;0.0;0.0;0.0;0.0;0.0;0.0;0.0;0.3;0.6;0.0;0.0,35.28,0.06,0.0,0.01,14.383,0.783,15234.0,35302.0,4,16,,,,,,,,,,,,,,,,,,,,,,,,,,,,,,,,,,,,,,,,,,,,,,,,,,,,,,,,,,,,,
2,26,,,,,,,96,92,68,18,221.3,2745,10801,35,0,7.0,0.6;9.6;1.2;1.8;0.6;0.3;21.4;34.1;4.1;3.2;18.2;70.1;0.6;0.3;0.0;0.0;0.0;0.0;0.0;0.0;0.3;2.0;0.0;0.0,35.3,0.06,0.01,0.04,14.383,0.783,18505.0,11621.0,4,16,,,,,,,,,,,,,,,,,,,,,,,,,,,,,,,,,,,,,,,,,,,,,,,,,,,,,,,,,,,,,
2,27,,,,,,,100,92,67,17,220.8,2745,10801,35,0,7.1,0.9;12.1;2.6;2.3;0.6;0.6;17.7;58.8;6.6;3.2;32.9;28.7;0.6;0.3;0.0;0.0;0.0;0.0;0.0;0.0;1.2;1.2;0.0;0.3,35.29,0.06,0.02,0.08,14.383,0.783,32861.0,55664.0,4,16,,,,,,,,,,,,,,,,,,,,,,,,,,,,,,,,,,,,,,,,,,,,,,,,,,,,,,,,,,,,,
2,28,,,,,,,100,96,66,18,221.5,2745,10801,35,0,7.2,0.6;9.0;2.4;1.2;1.5;0.6;57.6;30.5;3.8;2.6;20.9;38.2;0.6;0.3;0.0;0.0;0.6;0.0;0.0;0.0;0.3;0.0;0.6;0.3,35.28,0.06,0.03,0.07,14.383,0.783,17773.0,50830.0,4,16,,,,,,,,,,,,,,,,,,,,,,,,,,,,,,,,,,,,,,,,,,,,,,,,,,,,,,,,,,,,,
2,29,,,,,,,96,92,66,17,219.8,2745,10801,35,0,7.9,1.5;14.2;2.1;2.4;1.2;1.8;26.0;37.9;6.2;2.9;22.6;64.8;0.9;0.3;0.0;0.3;0.3;0.0;0.0;0.0;1.2;1.2;0.0;0.9,35.28,0.06,0.03,0.09,14.383,0.783,31494.0,70166.0,4,16,,,,,,,,,,,,,,,,,,,,,,,,,,,,,,,,,,,,,,,,,,,,,,,,,,,,,,,,,,,,,
2,30,,,,,,,100,97,66,18,220.2,2745,10801,35,0,8.9,1.2;17.0;2.9;2.3;0.9;2.9;32.9;53.8;8.5;5.6;21.9;50.4;1.5;1.8;0.6;0.6;0.9;0.6;0.6;0.6;1.2;1.7;0.9;0.6,35.29,0.06,0.01,0.16,14.383,0.783,30371.0,68164.0,4,16,,,,,,,,,,,,,,,,,,,,,,,,,,,,,,,,,,,,,,,,,,,,,,,,,,,,,,,,,,,,,
2,31,,,,,,,96,85,67,16,220.7,2745,10801,35,0,7.9,0.9;31.9;0.9;0.9;0.9;0.3;17.5;77.5;2.6;3.5;23.1;25.1;0.3;0.9;0.0;0.0;0.0;0.0;0.0;0.0;0.0;0.0;0.0;0.0,35.29,0.06,0.0,0.01,14.383,0.783,3662.0,14501.0,4,16,,,,,,,,,,,,,,,,,,,,,,,,,,,,,,,,,,,,,,,,,,,,,,,,,,,,,,,,,,,,,
2,32,,,,,,,100,100,67,16,220.3,2745,10801,35,0,7.1,0.6;11.2;2.4;1.8;2.1;0.6;25.7;35.7;4.1;3.5;18.0;58.1;0.9;0.9;0.3;0.0;0.3;0.0;0.3;0.0;0.3;0.3;0.9;1.8,35.29,0.06,0.03,0.07,14.383,0.783,5419.0,27001.0,4,16,,,,,,,,,,,,,,,,,,,,,,,,,,,,,,,,,,,,,,,,,,,,,,,,,,,,,,,,,,,,,
2,33,,,,,,,100,96,65,17,219.9,2745,10801,36,0,6.5,0.3;13.7;0.3;0.6;0.3;0.6;45.9;26.2;2.4;2.6;15.0;46.6;0.6;0.3;0.0;0.3;0.0;0.0;0.0;0.0;0.0;0.0;0.0;0.0,35.3,0.06,0.02,0.09,14.383,0.783,8496.0,10449.0,4,16,,,,,,,,,,,,,,,,,,,,,,,,,,,,,,,,,,,,,,,,,,,,,,,,,,,,,,,,,,,,,
2,34,,,,,,,100,95,66,18,220.2,2745,10801,35,0,6.5,0.3;12.9;2.4;0.3;0.6;0.3;61.5;25.9;2.6;2.1;14.1;30.6;0.6;0.0;0.0;0.0;0.0;0.0;0.0;0.0;0.0;0.6;0.0;0.0,35.29,0.06,0.04,0.06,14.383,0.783,9423.0,20751.0,4,16,,,,,,,,,,,,,,,,,,,,,,,,,,,,,,,,,,,,,,,,,,,,,,,,,,,,,,,,,,,,,
2,35,,,,,,,100,97,66,18,219.9,2745,10801,35,0,6.4,0.3;12.2;1.4;0.0;0.3;0.0;27.2;26.9;2.6;2.6;23.1;54.3;0.3;0.3;0.0;0.0;0.0;0.0;0.0;0.0;0.0;0.6;0.0;0.0,35.29,0.06,0.01,0.05,14.383,0.783,21142.0,321337.0,4,16,,,,,,,,,,,,,,,,,,,,,,,,,,,,,,,,,,,,,,,,,,,,,,,,,,,,,,,,,,,,,
2,36,,,,,,,96,93,66,18,220.2,2745,10801,35,0,6.8,1.2;16.6;1.2;1.2;0.6;0.6;17.7;40.6;2.6;3.2;28.3;48.1;0.3;0.3;0.0;0.0;0.0;0.0;0.0;0.0;0.0;0.0;0.0;0.0,35.28,0.06,0.0,0.02,14.383,0.783,12939.0,13378.0,4,16,,,,,,,,,,,,,,,,,,,,,,,,,,,,,,,,,,,,,,,,,,,,,,,,,,,,,,,,,,,,,
2,37,,,,,,,97,92,66,16,220.8,2745,10801,35,0,7.0,1.2;14.7;0.6;1.5;0.3;0.0;68.0;18.8;2.6;2.9;24.3;28.4;0.9;0.3;0.0;0.3;0.0;0.0;0.0;0.0;0.0;0.0;0.6;1.2,35.27,0.06,0.05,0.11,14.383,0.783,3955.0,13232.0,4,16,,,,,,,,,,,,,,,,,,,,,,,,,,,,,,,,,,,,,,,,,,,,,,,,,,,,,,,,,,,,,
2,38,,,,,,,100,95,67,16,221.9,2745,10801,35,0,6.8,0.0;15.1;1.8;0.0;0.3;0.9;35.2;22.2;2.9;3.6;23.2;56.8;0.3;0.3;0.0;0.0;0.3;0.0;0.0;0.0;0.0;0.9;0.0;0.3,35.28,0.06,0.01,0.04,14.383,0.783,4052.0,13867.0,4,16,,,,,,,,,,,,,,,,,,,,,,,,,,,,,,,,,,,,,,,,,,,,,,,,,,,,,,,,,,,,,
2,39,,,,,,,97,92,67,18,220.7,2745,10801,35,0,6.3,1.4;16.8;1.4;1.7;0.3;0.6;39.4;13.0;2.0;3.2;10.7;54.2;1.2;0.9;0.0;0.0;0.0;0.0;0.0;0.6;0.0;0.0;0.9;0.6,35.28,0.06,0.02,0.07,14.383,0.783,5566.0,15625.0,4,16,,,,,,,,,,,,,,,,,,,,,,,,,,,,,,,,,,,,,,,,,,,,,,,,,,,,,,,,,,,,,
2,40,,,,,,,100,93,67,17,220.2,2745,10801,35,0,5.8,0.4;13.0;1.3;0.0;0.0;0.4;35.9;10.4;5.5;3.0;25.5;42.9;0.4;0.0;0.0;0.0;0.0;0.0;0.0;0.0;0.9;0.0;0.0;0.0,35.27,0.06,0.0,0.01,14.383,0.783,3613.0,198583.0,4,16,,,,,,,,,,,,,,,,,,,,,,,,,,,,,,,,,,,,,,,,,,,,,,,,,,,,,,,,,,,,,
2,summary,0.5575844831142074,0.9258982841642208,0.4886176558615183,0.9477836518910127,0.00099986,218.4,,,,,,,,,,,,,,,,,,,,,,0,96.12,100,1,91.5,100,58,66.08,68,16,17.73,26,153.8,218.78,222.3,2745.0,10801.0,34.8,0,5.8,8.12,50.3,35.27,35.31,35.49,63.16,0.06,0.06,0.06,16.0,0.0,0.02,0.06,0.01,0.92,14.37,10.733,13.6,14.383,14.38,14.383,15.992,0.783,0.78,0.783,3613.0,17315.22,155029.0,10156.0,65347.5,418750.0,4,4.0,4,16,16.0,16,4,16,166.1,40.42
3,1,,,,,,,7,8,59,25,157.4,2745,10801,36,0,50.9,64.2;67.5;88.2;91.3;82.8;84.9;98.3;97.4;87.7;90.3;96.4;96.4;51.6;56.9;1.9;2.3;13.9;19.4;1.3;1.7;8.6;10.5;4.7;4.0,35.48,0.06,0.01,0.04,14.383,0.783,6054.0,304687.0,4,16,,,,,,,,,,,,,,,,,,,,,,,,,,,,,,,,,,,,,,,,,,,,,,,,,,,,,,,,,,,,,
3,2,,,,,,,97,86,66,19,222.1,2730,10801,36,0,7.6,0.3;14.0;1.5;1.8;0.9;0.6;62.4;20.0;4.1;3.8;31.2;36.8;0.9;0.3;0.0;0.3;0.0;0.3;0.0;0.6;0.6;0.0;0.0;0.6,35.41,0.06,0.01,14.58,14.383,0.783,9472.0,15039.0,4,16,,,,,,,,,,,,,,,,,,,,,,,,,,,,,,,,,,,,,,,,,,,,,,,,,,,,,,,,,,,,,
3,3,,,,,,,96,91,66,18,220.9,2730,10801,36,0,7.7,0.6;11.5;3.2;2.6;0.6;1.5;59.1;25.7;2.9;8.2;40.5;25.2;0.6;0.9;0.3;0.3;0.3;0.0;0.0;0.3;0.6;1.2;0.3;0.3,35.38,0.06,0.04,3.31,14.383,0.783,16308.0,51806.0,4,16,,,,,,,,,,,,,,,,,,,,,,,,,,,,,,,,,,,,,,,,,,,,,,,,,,,,,,,,,,,,,
3,4,,,,,,,100,96,67,17,220.7,2730,10801,35,0,7.2,1.2;14.3;2.0;1.4;0.3;0.9;19.9;28.0;3.5;5.5;28.1;64.2;0.0;0.6;0.0;0.0;0.0;0.0;0.0;0.0;0.3;0.0;1.2;0.3,35.35,0.06,0.02,3.59,14.383,0.783,40185.0,48193.0,4,16,,,,,,,,,,,,,,,,,,,,,,,,,,,,,,,,,,,,,,,,,,,,,,,,,,,,,,,,,,,,,
3,5,,,,,,,96,89,66,18,221.7,2730,10801,35,0,7.1,0.3;12.7;2.1;0.6;0.9;1.8;60.9;18.6;2.9;4.7;40.9;22.9;0.0;0.6;0.0;0.0;0.3;0.0;0.0;0.3;0.6;0.0;0.0;0.0,35.36,0.06,0.01,2.86,14.383,0.783,34082.0,70947.0,4,16,,,,,,,,,,,,,,,,,,,,,,,,,,,,,,,,,,,,,,,,,,,,,,,,,,,,,,,,,,,,,
3,6,,,,,,,96,90,65,18,220.1,2730,10801,36,0,7.4,0.6;13.9;1.2;2.6;0.9;0.9;56.7;26.2;4.1;4.4;32.7;30.3;0.9;0.9;0.0;0.0;0.6;0.0;0.3;0.0;0.3;0.3;0.6;0.0,35.34,0.06,0.01,2.32,14.383,0.783,38085.0,70312.0,4,16,,,,,,,,,,,,,,,,,,,,,,,,,,,,,,,,,,,,,,,,,,,,,,,,,,,,,,,,,,,,,
3,7,,,,,,,97,90,66,18,219.6,2730,10801,36,0,8.6,0.3;21.6;1.5;2.4;0.3;0.6;33.4;28.4;9.1;5.6;51.3;46.6;0.0;0.3;0.0;0.0;0.0;0.0;0.0;0.3;0.3;0.6;0.0;0.0,35.34,0.06,0.03,1.97,14.383,0.783,16064.0,10546.0,4,16,,,,,,,,,,,,,,,,,,,,,,,,,,,,,,,,,,,,,,,,,,,,,,,,,,,,,,,,,,,,,
3,8,,,,,,,96,92,65,17,219.9,2730,10801,36,0,6.6,0.3;20.6;0.3;1.2;0.0;0.9;43.9;17.7;1.2;2.0;46.2;21.8;0.0;0.6;0.0;0.0;0.3;0.0;0.0;0.0;0.0;0.0;0.6;0.0,35.32,0.06,0.0,1.5,14.383,0.783,77392.0,153710.0,4,16,,,,,,,,,,,,,,,,,,,,,,,,,,,,,,,,,,,,,,,,,,,,,,,,,,,,,,,,,,,,,
3,9,,,,,,,96,91,67,17,219.3,2730,10801,36,0,7.0,1.2;14.9;0.3;2.1;0.3;0.9;60.8;19.6;0.9;3.8;33.7;24.9;0.9;0.6;0.0;0.0;0.0;0.0;0.0;0.0;0.0;0.0;1.7;0.3,35.32,0.06,0.01,1.55,14.383,0.783,6982.0,10595.0,4,16,,,,,,,,,,,,,,,,,,,,,,,,,,,,,,,,,,,,,,,,,,,,,,,,,,,,,,,,,,,,,
3,10,,,,,,,98,98,66,17,219.8,2730,10801,36,0,6.6,0.6;12.0;0.9;1.5;0.9;0.3;32.7;17.7;2.1;4.1;25.1;58.7;0.3;0.3;0.0;0.0;0.0;0.0;0.0;0.0;0.0;0.0;0.6;0.0,35.27,0.06,0.01,3.65,14.383,0.783,5419.0,10351.0,4,16,,,,,,,,,,,,,,,,,,,,,,,,,,,,,,,,,,,,,,,,,,,,,,,,,,,,,,,,,,,,,
3,11,,,,,,,100,96,66,18,220.7,2730,10801,36,0,7.1,0.6;12.4;1.5;3.5;1.2;0.6;49.7;17.4;2.6;4.4;47.4;22.9;0.6;0.6;0.9;0.3;0.0;0.0;0.3;0.0;0.9;2.3;0.9;0.3,35.28,0.06,0.01,0.04,14.383,0.783,13525.0,17773.0,4,16,,,,,,,,,,,,,,,,,,,,,,,,,,,,,,,,,,,,,,,,,,,,,,,,,,,,,,,,,,,,,
3,12,,,,,,,96,92,66,17,220.3,2730,10801,36,0,6.6,0.3;16.9;1.7;1.2;0.6;0.6;63.1;15.3;1.7;3.2;27.3;22.8;0.3;0.3;1.2;0.3;0.0;0.0;0.0;0.0;0.0;0.0;0.6;0.0,35.29,0.06,0.0,0.01,14.383,0.783,3710.0,107812.0,4,16,,,,,,,,,,,,,,,,,,,,,,,,,,,,,,,,,,,,,,,,,,,,,,,,,,,,,,,,,,,,,
3,13,,,,,,,100,100,67,16,220.8,2730,10801,36,0,6.7,0.0;13.2;0.6;0.9;0.9;0.0;22.9;33.2;4.1;3.5;52.9;25.6;0.3;0.3;0.3;0.0;0.3;0.6;0.0;0.0;0.0;0.3;1.5;0.3,35.29,0.06,0.01,0.05,14.383,0.783,12841.0,9619.0,4,16,,,,,,,,,,,,,,,,,,,,,,,,,,,,,,,,,,,,,,,,,,,,,,,,,,,,,,,,,,,,,
3,14,,,,,,,96,86,66,17,222.1,2730,10801,36,0,6.5,0.3;13.5;1.2;0.0;0.0;0.3;37.9;23.3;1.8;2.9;35.4;36.3;0.3;0.6;0.0;0.0;0.0;0.0;0.0;0.0;0.0;0.9;0.0;0.0,35.29,0.06,0.01,0.09,14.383,0.783,16162.0,10595.0,4,16,,,,,,,,,,,,,,,,,,,,,,,,,,,,,,,,,,,,,,,,,,,,,,,,,,,,,,,,,,,,,
3,15,,,,,,,96,93,67,17,221.2,2730,10801,36,0,6.5,0.0;12.7;0.3;0.9;0.6;0.6;63.5;12.9;2.1;4.4;36.5;19.1;0.3;0.0;0.0;0.0;0.0;0.0;0.0;0.0;0.0;0.6;0.0;0.0,35.29,0.06,0.04,0.05,14.383,0.783,3857.0,22216.0,4,16,,,,,,,,,,,,,,,,,,,,,,,,,,,,,,,,,,,,,,,,,,,,,,,,,,,,,,,,,,,,,
3,16,,,,,,,100,94,65,18,221.1,2730,10801,36,0,7.0,1.2;14.1;1.4;1.7;0.6;0.6;27.7;25.4;2.0;4.9;23.6;57.4;0.6;1.2;0.0;0.0;0.3;0.3;0.3;0.0;0.3;0.0;1.4;1.2,35.3,0.06,0.04,0.12,14.383,0.783,13232.0,10449.0,4,16,,,,,,,,,,,,,,,,,,,,,,,,,,,,,,,,,,,,,,,,,,,,,,,,,,,,,,,,,,,,,
3,17,,,,,,,96,92,67,17,221.8,2730,10801,36,0,7.0,0.9;17.3;0.6;0.9;1.2;1.5;47.6;18.3;2.1;3.5;52.9;18.3;0.0;0.9;0.0;0.0;0.0;0.3;0.0;0.0;0.6;0.0;0.3;0.0,35.29,0.06,0.01,0.03,14.383,0.783,5468.0,10546.0,4,16,,,,,,,,,,,,,,,,,,,,,,,,,,,,,,,,,,,,,,,,,,,,,,,,,,,,,,,,,,,,,
3,18,,,,,,,96,94,67,17,221.5,2730,10801,36,0,6.7,0.3;14.2;0.9;1.8;0.0;0.6;62.2;16.4;3.2;4.1;28.7;26.4;0.3;0.0;0.0;0.3;0.0;0.0;0.0;0.0;0.0;0.6;0.6;0.6,35.29,0.06,0.03,0.08,14.383,0.783,3710.0,22265.0,4,16,,,,,,,,,,,,,,,,,,,,,,,,,,,,,,,,,,,,,,,,,,,,,,,,,,,,,,,,,,,,,
3,19,,,,,,,96,91,66,16,220.8,2730,10801,36,0,6.9,1.2;10.0;0.6;1.8;0.0;0.9;34.9;29.2;2.1;4.1;53.4;23.7;0.3;0.6;0.0;0.0;0.0;0.0;0.0;0.0;0.0;0.6;1.2;0.0,35.28,0.06,0.01,0.06,14.383,0.783,4980.0,40966.0,4,16,,,,,,,,,,,,,,,,,,,,,,,,,,,,,,,,,,,,,,,,,,,,,,,,,,,,,,,,,,,,,
3,20,,,,,,,97,92,67,16,220.9,2730,10801,36,0,6.6,0.0;14.1;0.6;1.5;0.3;0.0;33.1;19.8;2.6;3.5;34.7;45.6;0.6;0.3;0.0;0.0;0.0;0.0;0.0;0.0;0.3;0.0;0.0;0.0,35.29,0.06,0.02,0.06,14.383,0.783,3759.0,28222.0,4,16,,,,,,,,,,,,,,,,,,,,,,,,,,,,,,,,,,,,,,,,,,,,,,,,,,,,,,,,,,,,,
3,21,,,,,,,97,92,66,17,220.8,2730,10801,36,0,7.1,0.0;11.7;0.9;3.5;0.9;0.3;71.0;19.8;2.7;3.5;27.7;23.3;1.5;0.6;0.0;0.3;0.0;0.3;0.0;0.3;0.0;0.6;0.3;0.3,35.29,0.06,0.04,0.03,14.383,0.783,94091.0,76660.0,4,16,,,,,,,,,,,,,,,,,,,,,,,,,,,,,,,,,,,,,,,,,,,,,,,,,,,,,,,,,,,,,
3,22,,,,,,,100,100,67,18,220.8,2730,10801,36,0,7.1,1.2;13.2;0.9;1.2;0.3;0.9;49.3;21.6;1.2;3.5;32.6;41.2;1.2;0.3;0.0;0.0;0.0;0.3;0.0;0.0;0.6;0.3;0.6;0.6,35.31,0.06,0.0,0.01,14.383,0.783,5224.0,10009.0,4,16,,,,,,,,,,,,,,,,,,,,,,,,,,,,,,,,,,,,,,,,,,,,,,,,,,,,,,,,,,,,,
3,23,,,,,,,98,89,67,18,222.1,2730,10801,36,0,7.1,1.2;12.7;1.5;1.8;1.2;0.0;19.6;30.8;2.4;3.8;70.9;18.8;1.5;0.0;0.0;0.0;0.0;0.6;0.0;0.0;0.0;0.6;1.8;0.3,35.3,0.06,0.01,0.07,14.383,0.783,9960.0,14990.0,4,16,,,,,,,,,,,,,,,,,,,,,,,,,,,,,,,,,,,,,,,,,,,,,,,,,,,,,,,,,,,,,
3,24,,,,,,,100,100,68,19,220.7,2730,10801,36,0,7.4,0.6;12.3;1.5;2.0;0.9;0.3;59.1;28.1;5.8;3.2;34.0;27.9;0.6;1.4;0.0;0.0;0.0;0.0;0.0;0.0;0.0;0.0;0.0;0.0,35.3,0.06,0.01,0.04,14.383,0.783,6835.0,10595.0,4,16,,,,,,,,,,,,,,,,,,,,,,,,,,,,,,,,,,,,,,,,,,,,,,,,,,,,,,,,,,,,,
3,25,,,,,,,100,100,66,17,221.7,2730,10801,36,0,8.6,1.8;27.7;2.1;1.5;2.1;0.9;49.1;23.8;5.6;6.7;49.3;29.1;0.6;0.3;0.0;0.0;0.3;0.0;0.0;0.0;0.3;1.2;0.3;0.0,35.31,0.06,0.01,0.05,14.383,0.783,14697.0,13671.0,4,16,,,,,,,,,,,,,,,,,,,,,,,,,,,,,,,,,,,,,,,,,,,,,,,,,,,,,,,,,,,,,
3,26,,,,,,,96,84,66,18,222.7,2730,10801,36,0,6.5,0.6;11.2;0.9;0.9;0.9;0.6;31.3;19.5;2.1;2.1;28.3;56.3;0.0;0.0;0.0;0.0;0.0;0.0;0.0;0.0;0.0;0.0;0.0;0.0,35.3,0.06,0.01,0.05,14.383,0.783,13476.0,24902.0,4,16,,,,,,,,,,,,,,,,,,,,,,,,,,,,,,,,,,,,,,,,,,,,,,,,,,,,,,,,,,,,,
3,27,,,,,,,96,89,67,18,221.8,2730,10801,36,0,6.5,1.2;11.7;0.6;0.9;0.9;0.0;43.2;25.9;2.6;2.9;20.6;42.8;0.3;0.0;0.0;0.0;0.0;0.0;0.0;0.0;0.9;0.0;0.6;0.0,35.3,0.06,0.0,0.01,14.383,0.783,20019.0,47167.0,4,16,,,,,,,,,,,,,,,,,,,,,,,,,,,,,,,,,,,,,,,,,,,,,,,,,,,,,,,,,,,,,
3,28,,,,,,,100,98,68,18,220.7,2730,10801,36,0,6.4,0.0;10.9;0.9;0.9;0.6;0.9;52.3;17.4;1.7;2.6;11.0;49.9;0.9;0.6;0.0;0.0;0.0;0.0;0.0;0.0;0.0;0.0;2.3;0.3,35.31,0.06,0.01,0.05,14.383,0.783,37792.0,49316.0,4,16,,,,,,,,,,,,,,,,,,,,,,,,,,,,,,,,,,,,,,,,,,,,,,,,,,,,,,,,,,,,,
3,29,,,,,,,96,86,67,18,221.7,2730,10801,36,0,7.0,1.8;12.4;0.9;2.3;1.2;0.3;32.9;21.3;3.5;2.6;36.8;50.6;0.0;0.3;0.0;0.0;0.0;0.0;0.0;0.0;0.3;0.0;0.6;0.3,35.29,0.06,0.02,0.07,14.383,0.783,34228.0,45507.0,4,16,,,,,,,,,,,,,,,,,,,,,,,,,,,,,,,,,,,,,,,,,,,,,,,,,,,,,,,,,,,,,
3,30,,,,,,,97,93,68,17,220.8,2730,10801,36,0,6.6,0.0;11.1;1.5;0.6;0.3;0.0;60.6;14.4;5.0;3.8;17.4;40.9;0.3;0.0;0.0;0.0;0.0;0.0;0.0;0.0;0.0;1.5;0.3;0.0,35.29,0.06,0.0,0.02,14.383,0.783,44091.0,46582.0,4,16,,,,,,,,,,,,,,,,,,,,,,,,,,,,,,,,,,,,,,,,,,,,,,,,,,,,,,,,,,,,,
3,31,,,,,,,100,94,65,17,221.0,2730,10801,36,0,7.1,1.2;14.0;2.1;1.8;1.2;0.6;52.2;31.9;3.2;5.6;19.8;33.6;1.2;0.3;0.0;0.3;0.0;0.3;0.0;0.3;0.3;0.3;0.0;0.0,35.3,0.06,0.03,0.07,14.383,0.783,7324.0,12255.0,4,16,,,,,,,,,,,,,,,,,,,,,,,,,,,,,,,,,,,,,,,,,,,,,,,,,,,,,,,,,,,,,
3,32,,,,,,,97,92,67,18,220.2,2730,10801,36,0,6.9,1.4;13.3;2.0;0.9;0.6;0.0;23.1;37.9;1.7;3.2;27.5;48.8;0.3;0.0;0.0;0.0;0.0;0.3;0.0;0.0;0.9;0.6;1.2;0.0,35.29,0.06,0.03,0.17,14.383,0.783,4833.0,10644.0,4,16,,,,,,,,,,,,,,,,,,,,,,,,,,,,,,,,,,,,,,,,,,,,,,,,,,,,,,,,,,,,,
3,33,,,,,,,97,91,66,18,219.4,2730,10801,36,0,6.9,0.6;15.0;1.5;1.2;0.3;0.9;48.7;15.3;5.0;3.2;21.2;49.3;0.3;0.3;0.0;0.0;0.0;0.3;0.0;0.0;0.3;1.2;0.6;0.3,35.28,0.06,0.01,0.03,14.383,0.783,13085.0,13769.0,4,16,,,,,,,,,,,,,,,,,,,,,,,,,,,,,,,,,,,,,,,,,,,,,,,,,,,,,,,,,,,,,
3,34,,,,,,,100,95,66,18,219.3,2730,10801,36,0,6.9,1.2;11.9;2.6;2.3;0.3;0.3;70.9;13.8;4.4;3.2;24.1;26.5;0.9;0.9;0.0;0.0;0.6;0.6;0.0;0.0;0.6;0.3;0.6;0.3,35.28,0.06,0.01,0.04,14.383,0.783,3515.0,16210.0,4,16,,,,,,,,,,,,,,,,,,,,,,,,,,,,,,,,,,,,,,,,,,,,,,,,,,,,,,,,,,,,,
3,35,,,,,,,100,95,66,19,221.1,2730,10801,36,0,7.0,0.9;18.8;1.5;1.5;0.6;0.3;33.7;30.9;2.9;4.4;29.4;41.1;0.0;0.0;0.0;0.0;0.0;0.0;0.0;0.0;0.9;0.6;0.0;0.0,35.29,0.06,0.04,0.1,14.383,0.783,3808.0,14843.0,4,16,,,,,,,,,,,,,,,,,,,,,,,,,,,,,,,,,,,,,,,,,,,,,,,,,,,,,,,,,,,,,
3,36,,,,,,,96,88,66,18,220.2,2730,10801,36,0,7.6,1.2;15.1;2.3;2.0;0.6;1.2;22.5;45.5;3.2;4.6;15.5;57.7;0.6;0.6;0.3;0.3;0.6;0.0;0.0;0.3;2.6;0.3;3.4;0.6,35.29,0.06,0.01,0.05,14.383,0.783,3906.0,29101.0,4,16,,,,,,,,,,,,,,,,,,,,,,,,,,,,,,,,,,,,,,,,,,,,,,,,,,,,,,,,,,,,,
3,37,,,,,,,100,100,67,17,221.2,2730,10801,36,0,7.5,2.1;15.5;2.6;2.3;0.6;0.9;62.8;23.8;3.5;3.8;36.7;20.2;0.0;0.6;0.0;0.3;0.0;0.0;0.0;0.0;1.7;0.6;1.2;0.0,35.29,0.06,0.01,0.04,14.383,0.783,6689.0,193310.0,4,16,,,,,,,,,,,,,,,,,,,,,,,,,,,,,,,,,,,,,,,,,,,,,,,,,,,,,,,,,,,,,
3,38,,,,,,,96,86,67,18,221.5,2730,10801,36,0,7.1,0.3;11.9;2.4;1.5;1.5;0.3;32.4;31.9;2.1;3.8;23.5;54.9;0.3;0.0;0.0;0.0;0.0;0.3;0.0;0.0;0.0;0.6;1.2;0.3,35.28,0.06,0.03,0.12,14.383,0.783,20751.0,274755.0,4,16,,,,,,,,,,,,,,,,,,,,,,,,,,,,,,,,,,,,,,,,,,,,,,,,,,,,,,,,,,,,,
3,39,,,,,,,97,93,67,18,221.9,2730,10801,36,0,6.3,0.6;13.0;1.7;1.4;0.6;1.2;7.5;55.4;2.6;4.1;13.0;44.5;0.0;0.3;0.0;0.0;0.3;0.0;0.0;0.0;1.4;2.3;0.3;0.0,35.28,0.06,0.0,0.01,14.383,0.783,15478.0,13476.0,4,16,,,,,,,,,,,,,,,,,,,,,,,,,,,,,,,,,,,,,,,,,,,,,,,,,,,,,,,,,,,,,
3,40,,,,,,,97,92,66,16,211.3,2730,10801,36,0,5.8,0.4;12.4;0.0;1.7;0.4;1.3;28.0;50.4;4.2;3.0;24.9;12.8;0.0;0.0;0.0;0.0;0.0;0.0;0.0;0.0;0.0;0.0;0.0;0.0,35.28,0.06,0.0,0.02,14.383,0.783,20703.0,200537.0,4,16,,,,,,,,,,,,,,,,,,,,,,,,,,,,,,,,,,,,,,,,,,,,,,,,,,,,,,,,,,,,,
3,summary,0.5230702130572735,0.936009587438733,0.47772674497524475,0.950793005286702,0.00099962,218.4,,,,,,,,,,,,,,,,,,,,,,7,95.3,100,8,90.45,100,59,66.25,68,16,17.7,25,157.4,219.09,222.7,2730.4,10801.0,36.0,0,5.8,8.09,50.9,35.27,35.31,35.48,63.16,0.06,0.06,0.06,16.0,0.0,0.02,0.04,0.01,0.93,14.58,10.733,13.6,14.383,14.38,14.383,15.992,0.783,0.78,0.783,3515.0,17794.8,94091.0,9619.0,53623.7,304687.0,4,4.0,4,16,16.0,16,4,16,166.06,40.46
4,1,,,,,,,5,1,59,25,170.5,2745,10801,36,0,51.1,62.9;75.9;86.6;89.2;81.7;85.2;97.8;96.9;88.6;92.4;97.3;96.7;57.7;56.5;1.5;1.1;14.1;23.3;0.6;0.6;4.5;6.4;3.8;4.1,35.49,0.06,0.02,0.06,14.383,0.783,3271.0,232128.0,4,16,,,,,,,,,,,,,,,,,,,,,,,,,,,,,,,,,,,,,,,,,,,,,,,,,,,,,,,,,,,,,
4,2,,,,,,,100,94,65,18,220.4,2730,10801,36,0,7.8,0.6;31.8;0.9;1.2;1.2;0.6;54.7;18.2;3.8;2.9;28.5;34.8;0.3;0.9;0.0;0.0;0.3;0.0;0.0;0.0;0.3;1.5;0.3;0.0,35.41,0.06,0.01,14.04,14.383,0.783,3857.0,25390.0,4,16,,,,,,,,,,,,,,,,,,,,,,,,,,,,,,,,,,,,,,,,,,,,,,,,,,,,,,,,,,,,,
4,3,,,,,,,100,93,66,18,221.4,2730,10801,36,0,6.4,0.3;13.7;0.6;0.6;0.6;0.6;14.1;50.6;1.8;1.5;14.1;53.1;0.0;0.3;0.0;0.0;0.0;0.0;0.0;0.0;0.0;1.7;0.3;0.0,35.39,0.06,0.02,3.27,14.383,0.783,29101.0,49218.0,4,16,,,,,,,,,,,,,,,,,,,,,,,,,,,,,,,,,,,,,,,,,,,,,,,,,,,,,,,,,,,,,
4,4,,,,,,,100,96,66,17,220.2,2730,10801,36,0,7.1,1.2;12.5;2.4;1.2;1.8;1.2;15.9;36.8;3.2;3.5;27.6;57.1;0.3;0.9;0.0;0.3;0.0;0.6;0.0;0.3;0.9;1.5;0.3;0.0,35.36,0.06,0.01,3.63,14.383,0.783,40185.0,62207.0,4,16,,,,,,,,,,,,,,,,,,,,,,,,,,,,,,,,,,,,,,,,,,,,,,,,,,,,,,,,,,,,,
4,5,,,,,,,97,91,67,15,211.8,2730,10801,36,0,6.7,1.4;13.3;2.0;0.6;0.9;0.3;67.8;10.1;3.5;3.5;17.1;35.4;0.6;1.2;0.0;0.0;0.0;0.0;0.0;0.3;0.0;0.3;1.7;0.3,35.34,0.06,0.03,3.04,14.383,0.783,22314.0,45117.0,4,16,,,,,,,,,,,,,,,,,,,,,,,,,,,,,,,,,,,,,,,,,,,,,,,,,,,,,,,,,,,,,
4,6,,,,,,,100,100,67,17,220.2,2730,10801,36,0,6.8,0.6;12.4;1.2;1.5;0.3;0.9;35.2;39.7;1.5;2.4;16.8;46.0;0.9;0.3;0.3;0.0;0.0;0.0;0.0;0.0;0.3;1.2;0.0;0.0,35.33,0.06,0.02,2.34,14.383,0.783,35644.0,68701.0,4,16,,,,,,,,,,,,,,,,,,,,,,,,,,,,,,,,,,,,,,,,,,,,,,,,,,,,,,,,,,,,,
4,7,,,,,,,100,96,67,17,219.2,2730,10801,36,0,6.6,0.0;15.8;0.6;0.9;0.0;0.0;19.7;30.3;2.6;3.5;11.8;71.8;0.0;0.3;0.0;0.0;0.0;0.0;0.0;0.0;0.3;0.0;0.3;0.0,35.31,0.06,0.03,2.12,14.383,0.783,28466.0,16113.0,4,16,,,,,,,,,,,,,,,,,,,,,,,,,,,,,,,,,,,,,,,,,,,,,,,,,,,,,,,,,,,,,
4,8,,,,,,,96,86,66,18,220.8,2730,10801,36,0,6.7,0.6;17.9;0.9;1.2;0.0;0.3;38.7;37.0;1.5;2.3;19.4;40.2;0.3;0.0;0.0;0.0;0.0;0.0;0.0;0.0;0.0;0.0;0.0;0.0,35.32,0.06,0.03,1.55,14.383,0.783,14208.0,9716.0,4,16,,,,,,,,,,,,,,,,,,,,,,,,,,,,,,,,,,,,,,,,,,,,,,,,,,,,,,,,,,,,,
4,9,,,,,,,100,96,67,18,212.3,2730,10801,36,0,6.9,0.3;18.3;0.3;1.2;0.0;0.0;25.2;51.9;3.2;2.6;24.3;32.6;0.6;0.6;0.0;0.0;0.0;0.0;0.0;0.3;0.3;1.7;0.0;0.6,35.31,0.06,0.04,1.6,14.383,0.783,5175.0,10595.0,4,16,,,,,,,,,,,,,,,,,,,,,,,,,,,,,,,,,,,,,,,,,,,,,,,,,,,,,,,,,,,,,
4,10,,,,,,,100,93,68,16,220.4,2730,10801,36,0,7.7,0.9;18.8;2.6;1.2;0.3;0.9;24.4;34.9;2.9;3.8;21.9;61.6;1.5;0.9;0.0;0.0;0.3;0.9;0.6;0.0;0.6;2.1;1.2;0.6,35.29,0.06,0.01,3.94,14.383,0.783,9716.0,17089.0,4,16,,,,,,,,,,,,,,,,,,,,,,,,,,,,,,,,,,,,,,,,,,,,,,,,,,,,,,,,,,,,,
4,11,,,,,,,97,94,65,16,220.3,2730,10801,36,0,7.2,0.6;17.3;1.2;1.5;0.6;1.2;40.3;28.7;3.8;4.4;23.5;43.5;0.9;0.3;2.1;0.3;0.3;0.0;0.0;0.0;0.0;0.6;1.2;0.6,35.29,0.06,0.02,0.06,14.383,0.783,9472.0,15429.0,4,16,,,,,,,,,,,,,,,,,,,,,,,,,,,,,,,,,,,,,,,,,,,,,,,,,,,,,,,,,,,,,
4,12,,,,,,,97,93,66,17,220.9,2730,10801,36,0,7.3,1.2;15.3;1.8;2.7;0.0;0.3;22.6;63.1;5.9;1.5;22.7;34.9;0.3;0.6;0.0;0.0;0.0;0.3;0.0;0.0;0.6;0.0;0.9;0.0,35.29,0.06,0.04,0.11,14.383,0.783,4394.0,13964.0,4,16,,,,,,,,,,,,,,,,,,,,,,,,,,,,,,,,,,,,,,,,,,,,,,,,,,,,,,,,,,,,,
4,13,,,,,,,100,95,68,17,212.4,2730,10801,36,0,7.2,0.3;16.7;2.0;0.9;0.0;0.6;39.1;26.5;4.9;2.6;19.9;56.0;0.3;0.0;0.0;0.0;0.0;0.0;0.0;0.0;0.0;0.6;0.0;0.0,35.29,0.06,0.01,0.04,14.383,0.783,12500.0,14013.0,4,16,,,,,,,,,,,,,,,,,,,,,,,,,,,,,,,,,,,,,,,,,,,,,,,,,,,,,,,,,,,,,
4,14,,,,,,,97,92,66,18,220.7,2730,10801,36,0,7.3,1.2;12.2;2.7;0.9;0.9;0.6;55.8;13.3;5.9;2.1;14.4;61.9;0.9;0.6;0.0;0.0;0.0;0.0;0.0;0.3;0.0;0.6;0.6;0.0,35.29,0.06,0.0,0.02,14.383,0.783,17773.0,16699.0,4,16,,,,,,,,,,,,,,,,,,,,,,,,,,,,,,,,,,,,,,,,,,,,,,,,,,,,,,,,,,,,,
4,15,,,,,,,96,88,66,17,220.7,2730,10801,36,0,7.5,1.5;11.1;2.1;2.3;0.9;0.9;66.0;20.6;5.3;4.1;23.4;36.8;0.6;1.2;0.3;0.3;0.0;0.3;0.3;0.0;0.6;1.2;0.3;0.3,35.29,0.06,0.01,0.05,14.383,0.783,3955.0,27441.0,4,16,,,,,,,,,,,,,,,,,,,,,,,,,,,,,,,,,,,,,,,,,,,,,,,,,,,,,,,,,,,,,
4,16,,,,,,,100,100,67,16,221.1,2730,10801,36,0,7.3,0.6;15.5;2.3;1.5;1.2;0.6;42.8;20.9;5.0;2.9;17.5;61.2;0.3;0.6;0.0;0.0;0.0;0.0;0.0;0.9;0.3;0.3;0.0;0.0,35.29,0.06,0.01,0.05,14.383,0.783,4150.0,15234.0,4,16,,,,,,,,,,,,,,,,,,,,,,,,,,,,,,,,,,,,,,,,,,,,,,,,,,,,,,,,,,,,,
4,17,,,,,,,96,92,67,16,212.9,2730,10801,36,0,8.1,0.9;16.7;3.2;1.7;1.4;0.3;28.4;29.6;6.9;3.7;26.1;70.8;0.3;1.5;0.0;0.0;0.0;0.0;0.0;0.0;0.3;0.9;0.6;0.3,35.3,0.06,0.04,0.1,14.383,0.783,3125.0,221191.0,4,16,,,,,,,,,,,,,,,,,,,,,,,,,,,,,,,,,,,,,,,,,,,,,,,,,,,,,,,,,,,,,
4,18,,,,,,,100,100,66,19,221.8,2730,10801,36,0,7.4,0.6;12.5;1.2;0.6;0.0;0.3;52.2;34.4;3.2;3.2;30.5;37.4;0.3;0.6;0.0;0.0;0.0;0.0;0.0;0.0;0.0;0.6;0.0;0.0,35.31,0.06,0.01,0.04,14.383,0.783,15625.0,9912.0,4,16,,,,,,,,,,,,,,,,,,,,,,,,,,,,,,,,,,,,,,,,,,,,,,,,,,,,,,,,,,,,,
4,19,,,,,,,100,93,67,17,221.8,2730,10801,36,0,8.6,0.6;29.9;1.5;1.5;0.3;0.6;41.3;33.5;5.0;4.1;25.0;54.0;1.2;1.2;0.3;0.0;0.6;0.6;0.0;0.0;0.0;0.6;0.6;0.0,35.28,0.06,0.01,0.05,14.383,0.783,14648.0,77880.0,4,16,,,,,,,,,,,,,,,,,,,,,,,,,,,,,,,,,,,,,,,,,,,,,,,,,,,,,,,,,,,,,
4,20,,,,,,,97,94,65,18,221.4,2730,10801,36,0,6.8,2.1;13.3;1.2;1.5;0.3;0.9;47.6;8.8;3.0;1.8;14.7;64.7;0.6;0.9;0.0;0.0;0.0;0.3;0.0;0.0;0.3;0.6;0.3;0.0,35.3,0.06,0.0,0.03,14.383,0.783,13671.0,12109.0,4,16,,,,,,,,,,,,,,,,,,,,,,,,,,,,,,,,,,,,,,,,,,,,,,,,,,,,,,,,,,,,,
4,21,,,,,,,100,94,68,17,212.9,2730,10801,36,0,6.5,0.9;14.3;0.9;0.6;0.6;0.3;61.7;23.1;3.7;2.3;19.1;25.4;0.9;0.6;0.0;0.0;0.0;0.0;0.0;0.0;0.0;0.6;1.2;0.0,35.31,0.06,0.03,0.08,14.383,0.783,5322.0,10400.0,4,16,,,,,,,,,,,,,,,,,,,,,,,,,,,,,,,,,,,,,,,,,,,,,,,,,,,,,,,,,,,,,
4,22,,,,,,,100,95,67,18,221.3,2730,10801,36,0,6.7,0.3;14.2;0.6;0.6;0.3;0.3;38.4;26.7;3.5;3.5;32.8;36.7;0.3;0.6;0.3;0.0;0.0;0.0;0.0;0.0;0.0;0.0;0.6;0.0,35.3,0.06,0.01,0.06,14.383,0.783,4150.0,21777.0,4,16,,,,,,,,,,,,,,,,,,,,,,,,,,,,,,,,,,,,,,,,,,,,,,,,,,,,,,,,,,,,,
4,23,,,,,,,97,92,66,18,220.5,2730,10801,36,0,7.4,0.6;13.5;0.0;1.2;0.3;0.0;31.8;27.4;3.8;3.8;37.9;47.2;0.3;0.3;0.0;0.0;0.0;0.0;1.2;5.6;0.0;0.0;0.9;0.6,35.19,0.06,0.0,0.48,14.383,0.783,14453.0,24072.0,4,16,,,,,,,,,,,,,,,,,,,,,,,,,,,,,,,,,,,,,,,,,,,,,,,,,,,,,,,,,,,,,
4,24,,,,,,,98,93,68,18,221.0,2730,10801,36,0,7.2,0.9;16.5;2.1;1.5;0.9;2.1;52.5;19.9;2.6;4.1;29.4;34.6;0.9;0.3;0.6;0.3;0.6;0.3;0.3;0.3;0.3;0.3;0.9;0.3,35.18,0.06,0.01,0.04,14.383,0.783,12646.0,10009.0,4,16,,,,,,,,,,,,,,,,,,,,,,,,,,,,,,,,,,,,,,,,,,,,,,,,,,,,,,,,,,,,,
4,25,,,,,,,97,86,66,17,211.7,2730,10801,36,0,6.3,0.6;10.7;0.6;2.9;0.0;0.6;49.9;18.6;2.6;3.2;19.4;40.3;0.6;0.0;0.0;0.0;0.3;0.0;0.0;0.0;0.3;0.6;0.0;0.0,35.16,0.06,0.03,0.09,14.383,0.783,7910.0,11083.0,4,16,,,,,,,,,,,,,,,,,,,,,,,,,,,,,,,,,,,,,,,,,,,,,,,,,,,,,,,,,,,,,
4,26,,,,,,,99,99,67,18,221.7,2730,10801,36,0,7.5,2.4;15.8;1.8;1.5;0.6;1.5;31.9;30.6;5.0;3.2;17.3;62.2;0.9;1.2;0.6;0.0;0.6;0.0;0.0;0.0;0.6;0.3;0.3;0.3,35.18,0.06,0.01,0.04,14.383,0.783,16259.0,11083.0,4,16,,,,,,,,,,,,,,,,,,,,,,,,,,,,,,,,,,,,,,,,,,,,,,,,,,,,,,,,,,,,,
4,27,,,,,,,100,100,66,16,221.4,2730,10801,36,0,6.9,0.6;16.1;2.7;0.9;1.5;0.6;54.0;29.0;4.7;3.5;23.5;26.3;0.6;0.3;0.0;0.0;0.0;0.3;0.0;0.0;0.0;0.0;0.6;0.3,35.18,0.06,0.01,0.04,14.383,0.783,36083.0,60937.0,4,16,,,,,,,,,,,,,,,,,,,,,,,,,,,,,,,,,,,,,,,,,,,,,,,,,,,,,,,,,,,,,
4,28,,,,,,,100,93,66,18,221.5,2730,10801,36,0,7.3,0.9;19.5;0.6;2.0;0.3;1.8;54.1;17.6;3.2;3.8;20.9;44.6;0.6;0.3;0.0;0.0;0.0;0.0;0.0;0.0;0.0;2.6;0.6;0.0,35.18,0.06,0.01,0.06,14.383,0.783,29687.0,58496.0,4,16,,,,,,,,,,,,,,,,,,,,,,,,,,,,,,,,,,,,,,,,,,,,,,,,,,,,,,,,,,,,,
4,29,,,,,,,100,100,66,15,214.0,2730,10801,36,0,6.8,0.9;14.5;2.9;1.4;0.3;1.2;31.6;15.4;5.2;3.7;43.6;40.3;0.3;0.3;0.0;0.0;0.0;0.3;0.0;0.0;0.0;1.2;0.0;0.0,35.17,0.06,0.0,0.02,14.383,0.783,28759.0,51123.0,4,16,,,,,,,,,,,,,,,,,,,,,,,,,,,,,,,,,,,,,,,,,,,,,,,,,,,,,,,,,,,,,
4,30,,,,,,,100,94,66,17,221.4,2730,10801,36,0,7.0,0.6;11.6;1.2;0.9;0.9;1.2;55.7;17.8;3.2;3.2;24.6;44.6;0.3;0.3;0.0;0.0;0.0;0.0;0.0;0.0;0.0;0.6;0.3;0.0,35.17,0.06,0.01,0.04,14.383,0.783,37646.0,312500.0,4,16,,,,,,,,,,,,,,,,,,,,,,,,,,,,,,,,,,,,,,,,,,,,,,,,,,,,,,,,,,,,,
4,31,,,,,,,99,91,67,17,220.2,2730,10801,36,0,7.2,0.6;10.7;1.5;2.1;0.6;1.2;53.7;21.5;3.3;3.6;23.4;47.8;0.6;0.6;0.0;0.0;0.3;0.3;0.0;0.0;0.0;0.3;0.9;0.3,35.16,0.06,0.02,0.08,14.383,0.783,6445.0,28515.0,4,16,,,,,,,,,,,,,,,,,,,,,,,,,,,,,,,,,,,,,,,,,,,,,,,,,,,,,,,,,,,,,
4,32,,,,,,,96,90,68,16,220.0,2730,10801,36,0,7.4,0.3;11.6;1.8;2.3;0.3;0.9;37.5;23.8;4.4;5.0;17.4;68.5;0.3;0.3;0.0;0.0;0.0;0.6;0.0;0.0;0.0;1.7;0.3;0.0,35.17,0.06,0.0,0.01,14.383,0.783,9130.0,12597.0,4,16,,,,,,,,,,,,,,,,,,,,,,,,,,,,,,,,,,,,,,,,,,,,,,,,,,,,,,,,,,,,,
4,33,,,,,,,99,94,66,16,212.9,2730,10801,36,0,7.0,0.3;14.1;1.7;1.7;0.6;1.7;50.7;20.3;3.8;3.2;35.0;32.9;0.0;0.0;0.0;0.0;0.0;0.0;0.0;0.0;0.3;0.3;0.0;0.3,35.18,0.06,0.01,0.05,14.383,0.783,3662.0,27441.0,4,16,,,,,,,,,,,,,,,,,,,,,,,,,,,,,,,,,,,,,,,,,,,,,,,,,,,,,,,,,,,,,
4,34,,,,,,,100,95,67,16,221.2,2730,10801,36,0,7.2,1.2;14.7;1.2;1.5;0.0;1.5;59.4;21.6;2.3;3.5;19.2;43.4;0.3;0.3;0.0;0.0;0.0;0.0;0.0;0.0;0.3;0.0;0.6;0.0,35.18,0.06,0.03,0.1,14.383,0.783,8496.0,25537.0,4,16,,,,,,,,,,,,,,,,,,,,,,,,,,,,,,,,,,,,,,,,,,,,,,,,,,,,,,,,,,,,,
4,35,,,,,,,97,92,67,16,220.4,2730,10801,36,0,8.1,2.1;16.2;3.2;3.0;0.9;0.6;33.8;23.3;3.8;5.0;48.1;47.8;0.9;0.6;0.0;0.3;0.9;0.6;0.0;0.0;0.6;0.6;0.6;0.0,35.18,0.06,0.01,0.04,14.383,0.783,9521.0,10986.0,4,16,,,,,,,,,,,,,,,,,,,,,,,,,,,,,,,,,,,,,,,,,,,,,,,,,,,,,,,,,,,,,
4,36,,,,,,,98,94,66,17,220.5,2730,10801,36,0,8.3,1.2;14.0;1.5;1.8;1.2;0.9;42.6;38.9;6.2;4.1;24.5;58.7;0.9;0.9;0.0;0.0;0.0;0.0;0.0;0.0;0.3;0.0;0.6;0.0,35.19,0.06,0.01,0.05,14.383,0.783,6396.0,11718.0,4,16,,,,,,,,,,,,,,,,,,,,,,,,,,,,,,,,,,,,,,,,,,,,,,,,,,,,,,,,,,,,,
4,37,,,,,,,98,94,66,18,213.1,2730,10801,36,0,7.8,0.9;27.3;1.4;2.6;0.3;0.6;57.5;23.4;3.5;3.2;32.6;25.4;0.3;0.0;0.0;0.6;0.6;0.0;0.0;0.0;0.3;0.3;3.1;0.6,35.18,0.06,0.05,0.03,14.383,0.783,3808.0,14501.0,4,16,,,,,,,,,,,,,,,,,,,,,,,,,,,,,,,,,,,,,,,,,,,,,,,,,,,,,,,,,,,,,
4,38,,,,,,,96,92,66,17,221.4,2730,10801,36,0,7.1,0.3;17.7;1.5;1.2;0.9;0.3;34.3;15.0;3.8;3.5;13.2;72.1;0.6;1.8;0.0;0.0;0.0;0.0;0.0;0.0;0.0;1.5;0.0;0.0,35.19,0.06,0.01,0.04,14.383,0.783,5419.0,15722.0,4,16,,,,,,,,,,,,,,,,,,,,,,,,,,,,,,,,,,,,,,,,,,,,,,,,,,,,,,,,,,,,,
4,39,,,,,,,99,100,67,15,222.0,2730,10801,36,0,5.8,0.9;13.3;0.9;0.9;0.3;0.6;31.4;15.0;2.7;0.9;41.4;28.5;0.3;0.3;0.0;0.0;0.3;0.0;0.0;0.0;0.3;0.0;0.3;0.0,35.18,0.06,0.02,0.07,14.383,0.783,9814.0,10644.0,4,16,,,,,,,,,,,,,,,,,,,,,,,,,,,,,,,,,,,,,,,,,,,,,,,,,,,,,,,,,,,,,
4,40,,,,,,,98,90,68,18,222.0,2730,10801,36,0,6.1,0.4;12.2;3.4;1.3;0.9;0.9;13.9;77.5;2.6;4.3;13.9;11.3;0.0;0.9;0.0;0.0;0.0;0.4;0.4;0.0;0.4;1.3;0.9;0.0,35.2,0.06,0.05,0.15,14.383,0.783,4248.0,193554.0,4,16,,,,,,,,,,,,,,,,,,,,,,,,,,,,,,,,,,,,,,,,,,,,,,,,,,,,,,,,,,,,,
4,summary,0.5035220748002656,0.9431068755427021,0.464488770022243,0.958438389589264,0.00099925,218.3,,,,,,,,,,,,,,,,,,,,,,5,96.22,100,1,91.62,100,59,66.38,68,15,17.2,25,170.5,217.81,222.0,2730.4,10801.0,36.0,0,5.8,8.25,51.1,35.16,35.26,35.49,63.16,0.06,0.06,0.06,16.0,0.0,0.02,0.05,0.01,0.94,14.04,10.734,13.6,14.383,14.38,14.383,15.992,0.783,0.78,0.783,3125.0,13777.6,40185.0,9716.0,47071.03,312500.0,4,4.0,4,16,16.0,16,4,16,166.47,39.95
5,1,,,,,,,1,1,59,23,162.6,2745,10801,36,0,50.4,62.2;67.9;86.7;87.2;84.4;85.6;96.7;96.8;91.8;94.5;97.7;97.2;56.6;50.4;1.8;1.7;13.4;15.0;1.0;1.5;4.9;5.9;2.9;3.2,35.39,0.06,0.01,0.06,14.383,0.783,3417.0,210888.0,4,16,,,,,,,,,,,,,,,,,,,,,,,,,,,,,,,,,,,,,,,,,,,,,,,,,,,,,,,,,,,,,
5,2,,,,,,,96,94,68,18,221.9,2730,10801,36,0,7.4,1.2;14.9;1.2;3.5;1.8;0.0;58.9;27.8;4.4;2.6;23.8;30.8;0.6;0.3;0.0;0.0;0.3;0.0;0.0;0.9;1.7;0.6;0.9;0.6,35.34,0.06,0.06,8.72,14.383,0.783,3710.0,24218.0,4,16,,,,,,,,,,,,,,,,,,,,,,,,,,,,,,,,,,,,,,,,,,,,,,,,,,,,,,,,,,,,,
5,3,,,,,,,100,93,66,18,221.5,2730,10801,36,0,7.4,1.5;18.3;1.7;0.9;1.2;1.7;49.1;28.6;2.3;4.1;17.9;44.5;1.2;0.6;0.0;0.0;0.0;0.0;0.0;0.3;2.3;0.3;0.6;0.0,35.3,0.06,0.01,5.24,14.383,0.783,125585.0,71289.0,4,16,,,,,,,,,,,,,,,,,,,,,,,,,,,,,,,,,,,,,,,,,,,,,,,,,,,,,,,,,,,,,
5,4,,,,,,,100,91,66,18,222.2,2730,10801,36,0,6.7,1.5;13.0;1.8;1.2;0.9;1.2;39.3;10.9;3.2;2.6;14.0;67.0;0.3;0.3;0.0;0.0;0.0;0.0;0.0;0.0;0.9;1.7;0.0;0.0,35.27,0.06,0.01,3.41,14.383,0.783,25830.0,49023.0,4,16,,,,,,,,,,,,,,,,,,,,,,,,,,,,,,,,,,,,,,,,,,,,,,,,,,,,,,,,,,,,,
5,5,,,,,,,96,88,66,18,220.9,2730,10801,36,0,6.5,0.3;13.3;0.9;0.9;0.3;0.3;40.4;40.1;2.7;1.8;18.8;33.3;0.0;0.3;0.0;0.0;0.0;0.0;0.0;0.0;0.0;0.0;1.2;0.0,35.27,0.06,0.03,3.68,14.383,0.783,21093.0,52880.0,4,16,,,,,,,,,,,,,,,,,,,,,,,,,,,,,,,,,,,,,,,,,,,,,,,,,,,,,,,,,,,,,
5,6,,,,,,,99,100,66,18,221.0,2730,10801,36,0,6.8,0.9;15.3;1.2;0.9;0.6;0.6;21.5;56.5;2.4;2.4;17.4;41.8;0.3;0.6;0.0;0.0;0.0;0.0;0.0;0.0;0.0;0.0;0.6;0.6,35.26,0.06,0.01,3.05,14.383,0.783,28955.0,65673.0,4,16,,,,,,,,,,,,,,,,,,,,,,,,,,,,,,,,,,,,,,,,,,,,,,,,,,,,,,,,,,,,,
5,7,,,,,,,96,81,66,17,220.8,2730,10801,36,0,7.5,1.7;17.5;2.3;2.3;1.4;0.3;20.1;39.5;4.6;2.9;20.0;60.5;0.3;0.3;0.0;0.3;0.0;0.0;0.0;0.0;0.0;0.6;2.3;2.0,35.23,0.06,0.01,2.24,14.383,0.783,3417.0,43652.0,4,16,,,,,,,,,,,,,,,,,,,,,,,,,,,,,,,,,,,,,,,,,,,,,,,,,,,,,,,,,,,,,
5,8,,,,,,,100,97,66,17,220.2,2730,10801,36,0,6.6,0.3;11.4;0.6;0.9;0.3;0.0;48.7;28.3;2.9;2.9;18.3;41.0;0.9;0.3;0.0;0.0;0.0;0.0;0.0;0.0;0.0;0.0;0.0;0.0,35.22,0.06,0.01,2.12,14.383,0.783,5566.0,29199.0,4,16,,,,,,,,,,,,,,,,,,,,,,,,,,,,,,,,,,,,,,,,,,,,,,,,,,,,,,,,,,,,,
5,9,,,,,,,100,94,65,17,219.9,2730,10801,36,0,6.9,0.6;11.1;1.2;1.2;0.3;0.3;25.9;50.0;2.9;2.9;25.2;40.5;0.0;0.9;0.0;0.0;0.0;0.0;0.0;0.0;0.3;0.0;0.6;0.3,35.23,0.06,0.02,1.56,14.383,0.783,3955.0,18652.0,4,16,,,,,,,,,,,,,,,,,,,,,,,,,,,,,,,,,,,,,,,,,,,,,,,,,,,,,,,,,,,,,
5,10,,,,,,,100,95,66,17,221.1,2730,10801,36,0,6.8,0.0;11.7;0.3;0.9;0.3;0.3;29.5;32.9;5.0;2.9;14.7;61.1;1.2;0.9;0.0;0.0;0.0;0.0;0.0;0.0;0.3;0.3;0.3;0.0,35.19,0.06,0.0,1.53,14.383,0.783,9472.0,10644.0,4,16,,,,,,,,,,,,,,,,,,,,,,,,,,,,,,,,,,,,,,,,,,,,,,,,,,,,,,,,,,,,,
5,11,,,,,,,100,96,65,16,220.1,2730,10801,36,0,6.8,0.9;14.8;1.7;1.7;0.3;0.0;63.0;8.4;2.3;3.5;21.0;41.6;0.3;0.3;0.0;0.0;0.0;0.0;0.0;0.0;0.0;0.0;2.0;0.3,35.2,0.06,0.01,3.77,14.383,0.783,11035.0,10498.0,4,16,,,,,,,,,,,,,,,,,,,,,,,,,,,,,,,,,,,,,,,,,,,,,,,,,,,,,,,,,,,,,
5,12,,,,,,,100,95,66,17,221.5,2730,10801,36,0,7.1,0.3;11.4;0.9;0.6;0.3;0.6;16.4;67.4;2.9;2.1;29.0;33.2;0.3;1.2;0.6;0.0;0.3;0.0;0.0;0.0;0.3;0.6;0.0;0.0,35.2,0.06,0.03,0.08,14.383,0.783,9521.0,10400.0,4,16,,,,,,,,,,,,,,,,,,,,,,,,,,,,,,,,,,,,,,,,,,,,,,,,,,,,,,,,,,,,,
5,13,,,,,,,100,96,66,17,220.9,2730,10801,36,0,9.2,1.8;30.2;2.4;1.5;0.9;1.5;46.0;28.1;8.5;6.2;23.2;63.3;0.6;0.0;0.0;0.0;0.0;0.3;0.0;0.0;0.0;1.8;0.3;0.3,35.2,0.06,0.0,0.01,14.383,0.783,9619.0,12011.0,4,16,,,,,,,,,,,,,,,,,,,,,,,,,,,,,,,,,,,,,,,,,,,,,,,,,,,,,,,,,,,,,
5,14,,,,,,,100,95,68,16,221.8,2730,10801,36,0,7.0,0.3;17.0;1.2;0.9;0.9;0.9;20.9;57.1;2.4;3.5;19.4;38.6;0.9;1.2;0.0;0.0;0.0;0.0;0.0;0.0;0.0;0.3;0.3;0.6,35.21,0.06,0.03,0.08,14.383,0.783,3613.0,23876.0,4,16,,,,,,,,,,,,,,,,,,,,,,,,,,,,,,,,,,,,,,,,,,,,,,,,,,,,,,,,,,,,,
5,15,,,,,,,97,92,67,18,220.5,2730,10801,36,0,6.6,0.3;16.2;1.2;0.9;0.3;0.0;20.5;61.4;1.4;1.7;24.8;27.1;0.6;0.3;0.0;0.0;0.0;0.0;0.0;0.3;0.3;0.6;0.0;0.0,35.2,0.06,0.01,0.04,14.383,0.783,4345.0,38769.0,4,16,,,,,,,,,,,,,,,,,,,,,,,,,,,,,,,,,,,,,,,,,,,,,,,,,,,,,,,,,,,,,
5,16,,,,,,,100,100,68,17,221.8,2730,10801,36,0,6.4,0.0;10.4;1.2;0.6;0.3;0.9;22.1;32.2;2.1;3.2;21.2;56.8;0.0;0.0;0.0;0.0;0.0;0.0;0.0;0.0;0.0;0.0;1.2;0.0,35.2,0.06,0.0,0.02,14.383,0.783,4101.0,18750.0,4,16,,,,,,,,,,,,,,,,,,,,,,,,,,,,,,,,,,,,,,,,,,,,,,,,,,,,,,,,,,,,,
5,17,,,,,,,98,89,66,16,222.9,2730,10801,36,0,7.3,2.6;12.2;2.9;2.3;0.9;0.6;37.4;31.0;4.1;3.5;23.6;47.2;0.9;0.6;0.0;0.6;0.3;0.0;0.0;0.0;0.3;1.5;1.2;0.3,35.21,0.06,0.01,0.04,14.383,0.783,19824.0,19824.0,4,16,,,,,,,,,,,,,,,,,,,,,,,,,,,,,,,,,,,,,,,,,,,,,,,,,,,,,,,,,,,,,
5,18,,,,,,,96,89,66,16,222.0,2730,10801,36,0,6.6,0.9;12.7;1.2;1.2;0.6;0.3;28.0;49.7;2.4;2.7;23.8;32.2;0.0;0.3;0.0;0.0;0.0;0.0;0.0;0.0;0.0;0.6;0.0;0.6,35.2,0.06,0.02,0.08,14.383,0.783,13720.0,23388.0,4,16,,,,,,,,,,,,,,,,,,,,,,,,,,,,,,,,,,,,,,,,,,,,,,,,,,,,,,,,,,,,,
5,19,,,,,,,100,98,66,18,221.8,2730,10801,36,0,6.4,0.3;14.6;1.2;0.6;0.6;0.0;28.9;30.9;3.2;1.7;15.9;55.1;0.0;0.0;0.0;0.0;0.0;0.0;0.0;0.0;0.0;0.0;0.6;0.3,35.19,0.06,0.0,0.01,14.383,0.783,12988.0,194726.0,4,16,,,,,,,,,,,,,,,,,,,,,,,,,,,,,,,,,,,,,,,,,,,,,,,,,,,,,,,,,,,,,
5,20,,,,,,,96,88,66,17,222.2,2730,10801,36,0,6.7,0.6;13.5;0.0;1.2;0.3;0.0;32.6;30.0;2.9;3.5;19.7;53.8;0.3;0.0;0.3;0.0;0.0;0.0;0.0;0.0;0.3;0.9;0.3;0.0,35.19,0.06,0.01,0.03,14.383,0.783,16845.0,13818.0,4,16,,,,,,,,,,,,,,,,,,,,,,,,,,,,,,,,,,,,,,,,,,,,,,,,,,,,,,,,,,,,,
5,21,,,,,,,96,94,65,18,221.3,2730,10801,36,0,6.7,1.5;13.5;1.2;0.0;0.0;0.0;47.2;29.7;3.2;0.3;25.7;35.7;0.3;0.6;0.0;0.0;0.0;0.0;0.0;0.0;0.0;0.0;0.6;0.3,35.19,0.06,0.04,0.1,14.383,0.783,8398.0,24462.0,4,16,,,,,,,,,,,,,,,,,,,,,,,,,,,,,,,,,,,,,,,,,,,,,,,,,,,,,,,,,,,,,
5,22,,,,,,,96,93,66,17,221.1,2730,10801,36,0,6.9,0.9;12.9;1.2;1.2;0.9;0.9;40.9;25.3;3.2;2.4;26.5;46.5;1.2;0.0;0.0;0.0;0.6;0.0;0.0;0.0;0.0;0.0;0.6;0.0,35.2,0.06,0.02,0.07,14.383,0.783,3710.0,28613.0,4,16,,,,,,,,,,,,,,,,,,,,,,,,,,,,,,,,,,,,,,,,,,,,,,,,,,,,,,,,,,,,,
5,23,,,,,,,96,93,66,19,221.8,2730,10801,36,0,6.6,0.3;15.0;1.2;1.4;0.9;0.0;33.4;21.9;1.7;2.3;23.1;55.2;0.3;0.6;0.0;0.0;0.0;0.0;0.0;0.0;0.0;0.0;0.6;0.0,35.2,0.06,0.02,0.11,14.383,0.783,4052.0,28857.0,4,16,,,,,,,,,,,,,,,,,,,,,,,,,,,,,,,,,,,,,,,,,,,,,,,,,,,,,,,,,,,,,
5,24,,,,,,,97,94,66,18,221.3,2730,10801,36,0,7.0,0.3;17.0;2.1;1.2;0.6;0.0;37.8;47.8;4.7;2.6;17.9;32.1;0.6;0.3;0.0;0.0;0.0;0.0;0.0;0.0;0.3;0.3;0.3;0.9,35.21,0.06,0.01,0.05,14.383,0.783,3369.0,24560.0,4,16,,,,,,,,,,,,,,,,,,,,,,,,,,,,,,,,,,,,,,,,,,,,,,,,,,,,,,,,,,,,,
5,25,,,,,,,96,93,66,18,221.0,2730,10801,36,0,7.0,0.3;7.7;4.1;2.9;0.3;0.3;55.3;22.1;3.8;3.5;30.9;29.7;0.0;1.2;0.0;0.0;0.6;0.0;0.0;0.0;0.3;0.9;1.8;0.3,35.2,0.06,0.01,0.04,14.383,0.783,3515.0,16259.0,4,16,,,,,,,,,,,,,,,,,,,,,,,,,,,,,,,,,,,,,,,,,,,,,,,,,,,,,,,,,,,,,
5,26,,,,,,,100,95,67,18,222.1,2730,10801,36,0,6.8,0.9;11.7;2.3;0.9;1.5;0.3;34.3;17.5;2.3;3.2;19.4;66.4;0.6;0.0;0.0;0.0;0.0;0.0;0.0;0.0;0.0;0.0;0.6;0.0,35.21,0.06,0.02,0.07,14.383,0.783,12304.0,22021.0,4,16,,,,,,,,,,,,,,,,,,,,,,,,,,,,,,,,,,,,,,,,,,,,,,,,,,,,,,,,,,,,,
5,27,,,,,,,96,89,67,18,220.2,2730,10801,36,0,6.9,0.9;17.1;1.5;1.2;1.2;0.3;56.7;22.4;4.1;2.6;33.7;22.4;0.6;0.9;0.0;0.0;0.0;0.0;0.0;0.0;0.3;0.0;0.6;0.0,35.21,0.06,0.02,0.07,14.383,0.783,17333.0,62646.0,4,16,,,,,,,,,,,,,,,,,,,,,,,,,,,,,,,,,,,,,,,,,,,,,,,,,,,,,,,,,,,,,
5,28,,,,,,,99,98,66,19,220.6,2730,10801,36,0,7.0,0.9;12.9;0.9;0.9;0.6;1.2;47.8;17.0;4.4;2.3;34.3;42.1;0.3;0.3;0.0;0.0;0.0;0.0;0.0;0.0;0.6;0.0;0.6;0.3,35.17,0.06,0.02,0.06,14.383,0.783,43603.0,47949.0,4,16,,,,,,,,,,,,,,,,,,,,,,,,,,,,,,,,,,,,,,,,,,,,,,,,,,,,,,,,,,,,,
5,29,,,,,,,100,96,66,17,222.2,2730,10801,36,0,7.2,1.8;9.9;2.7;1.5;0.9;0.0;24.2;34.1;3.5;3.2;52.8;34.3;0.3;0.3;0.0;0.0;0.0;0.0;0.0;0.3;0.6;2.3;0.3;0.3,35.2,0.06,0.0,0.01,14.383,0.783,32617.0,218115.0,4,16,,,,,,,,,,,,,,,,,,,,,,,,,,,,,,,,,,,,,,,,,,,,,,,,,,,,,,,,,,,,,
5,30,,,,,,,96,84,67,18,221.3,2730,10801,36,0,7.7,1.2;11.4;2.9;1.2;0.3;0.3;54.3;29.2;5.3;2.4;25.9;47.1;0.9;0.3;0.0;0.0;0.0;0.0;0.0;0.0;0.6;2.0;0.0;0.0,35.2,0.06,0.01,0.05,14.383,0.783,31298.0,73583.0,4,16,,,,,,,,,,,,,,,,,,,,,,,,,,,,,,,,,,,,,,,,,,,,,,,,,,,,,,,,,,,,,
5,31,,,,,,,100,97,67,18,219.5,2730,10801,36,0,8.2,0.6;29.8;1.2;2.3;0.6;0.6;61.0;19.0;4.0;2.3;27.1;38.4;0.3;0.6;0.0;0.3;0.3;0.0;0.0;0.6;0.0;1.2;0.9;0.3,35.2,0.06,0.01,0.03,14.383,0.783,3759.0,15234.0,4,16,,,,,,,,,,,,,,,,,,,,,,,,,,,,,,,,,,,,,,,,,,,,,,,,,,,,,,,,,,,,,
5,32,,,,,,,97,84,67,18,220.5,2730,10801,36,0,6.5,0.3;10.1;0.9;0.3;0.3;0.6;23.6;26.5;3.2;2.7;56.8;27.7;0.6;0.3;0.0;0.6;0.0;0.0;0.0;0.0;0.3;0.0;0.0;0.3,35.2,0.06,0.01,0.04,14.383,0.783,4589.0,23291.0,4,16,,,,,,,,,,,,,,,,,,,,,,,,,,,,,,,,,,,,,,,,,,,,,,,,,,,,,,,,,,,,,
5,33,,,,,,,97,93,66,19,220.1,2730,10801,36,0,7.0,1.5;14.5;0.6;1.8;0.9;0.9;57.2;15.0;2.1;3.2;47.1;18.8;0.9;1.5;0.0;0.0;0.6;0.0;0.0;0.0;0.3;0.3;0.3;0.9,35.2,0.06,0.02,0.06,14.383,0.783,9619.0,10302.0,4,16,,,,,,,,,,,,,,,,,,,,,,,,,,,,,,,,,,,,,,,,,,,,,,,,,,,,,,,,,,,,,
5,34,,,,,,,100,99,67,19,219.8,2730,10801,36,0,6.6,0.6;13.8;1.5;0.3;0.3;0.6;48.4;30.3;2.9;3.2;37.2;17.1;0.3;0.3;0.0;0.0;0.0;0.0;0.0;0.0;0.3;0.3;1.2;0.0,35.21,0.06,0.01,0.04,14.383,0.783,13085.0,10253.0,4,16,,,,,,,,,,,,,,,,,,,,,,,,,,,,,,,,,,,,,,,,,,,,,,,,,,,,,,,,,,,,,
5,35,,,,,,,96,91,67,17,220.5,2730,10801,36,0,6.8,2.0;15.1;1.4;1.7;0.9;1.2;30.0;29.0;2.6;2.0;41.6;32.4;0.3;0.3;0.0;0.3;0.0;0.0;0.0;0.0;0.9;0.9;0.6;0.3,35.2,0.06,0.01,0.03,14.383,0.783,4003.0,28076.0,4,16,,,,,,,,,,,,,,,,,,,,,,,,,,,,,,,,,,,,,,,,,,,,,,,,,,,,,,,,,,,,,
5,36,,,,,,,97,94,68,18,221.0,2730,10801,36,0,6.8,0.3;18.3;0.9;0.6;0.9;0.0;49.0;22.4;3.2;2.1;32.4;31.0;0.3;0.3;0.0;0.0;0.0;0.0;0.0;0.0;0.0;0.9;0.0;0.0,35.2,0.06,0.0,0.65,14.383,0.783,5419.0,158251.0,4,16,,,,,,,,,,,,,,,,,,,,,,,,,,,,,,,,,,,,,,,,,,,,,,,,,,,,,,,,,,,,,
5,37,,,,,,,100,95,65,17,221.4,2730,10801,36,0,7.4,1.8;14.5;2.6;2.1;0.9;2.4;54.4;24.3;2.4;4.7;39.4;20.7;0.9;0.0;0.3;0.3;0.3;0.0;0.0;0.0;1.5;1.8;0.3;1.2,35.2,0.06,0.03,0.07,14.383,0.783,13378.0,15917.0,4,16,,,,,,,,,,,,,,,,,,,,,,,,,,,,,,,,,,,,,,,,,,,,,,,,,,,,,,,,,,,,,
5,38,,,,,,,100,94,65,19,221.7,2730,10801,36,0,7.0,1.2;16.8;3.8;2.9;0.9;0.6;28.7;28.2;3.2;3.8;54.7;21.5;0.3;0.0;0.0;0.0;0.3;0.0;0.0;0.0;0.0;0.6;0.0;0.0,35.2,0.06,0.03,0.08,14.383,0.783,3808.0,23095.0,4,16,,,,,,,,,,,,,,,,,,,,,,,,,,,,,,,,,,,,,,,,,,,,,,,,,,,,,,,,,,,,,
5,39,,,,,,,97,95,68,18,221.5,2730,10801,36,0,5.5,0.0;15.8;0.6;0.3;0.0;0.0;36.3;11.3;1.5;1.5;21.5;42.3;0.0;0.3;0.0;0.0;0.0;0.0;0.0;0.0;0.0;0.0;0.0;0.0,35.19,0.06,0.01,0.05,14.383,0.783,13183.0,10498.0,4,16,,,,,,,,,,,,,,,,,,,,,,,,,,,,,,,,,,,,,,,,,,,,,,,,,,,,,,,,,,,,,
5,40,,,,,,,99,89,66,19,219.8,2730,10801,36,0,6.1,0.0;19.2;0.4;1.3;2.2;0.0;34.8;37.2;3.0;1.3;6.9;36.6;0.0;0.4;0.0;0.0;0.4;0.0;0.0;0.0;0.0;1.3;0.0;0.0,35.19,0.06,0.0,0.03,14.383,0.783,13085.0,195996.0,4,16,,,,,,,,,,,,,,,,,,,,,,,,,,,,,,,,,,,,,,,,,,,,,,,,,,,,,,,,,,,,,
5,summary,0.49801419585172657,0.9446641167141494,0.47261553672136647,0.9527856852379016,0.00099875,218.3,,,,,,,,,,,,,,,,,,,,,,1,95.75,100,1,90.8,100,59,66.15,68,16,17.77,23,162.6,219.66,222.9,2730.4,10801.0,36.0,0,5.5,8.02,50.4,35.17,35.22,35.39,63.16,0.06,0.06,0.06,16.0,0.0,0.01,0.06,0.01,0.94,8.72,10.735,13.6,14.383,14.38,14.383,15.992,0.783,0.78,0.783,3369.0,14518.45,125585.0,10253.0,49503.9,218115.0,4,4.0,4,16,16.0,16,4,16,166.1,40.35
6,1,,,,,,,6,7,63,19,155.8,2745,10801,36,0,51.1,61.8;68.7;89.3;89.6;87.5;89.6;97.7;98.0;89.0;93.9;98.2;98.0;52.2;55.7;2.1;2.0;16.0;14.7;0.9;1.1;5.3;7.6;3.4;4.4,35.37,0.06,0.01,0.03,14.383,0.783,13720.0,42871.0,4,16,,,,,,,,,,,,,,,,,,,,,,,,,,,,,,,,,,,,,,,,,,,,,,,,,,,,,,,,,,,,,
6,2,,,,,,,100,95,66,17,220.6,2730,10801,36,0,7.2,0.9;14.7;2.1;1.8;0.6;1.2;67.3;18.2;4.7;2.6;25.7;32.6;0.0;0.0;0.0;0.0;0.0;0.0;0.0;0.0;0.0;0.6;0.6;0.0,35.32,0.06,0.01,6.67,14.383,0.783,8496.0,17675.0,4,16,,,,,,,,,,,,,,,,,,,,,,,,,,,,,,,,,,,,,,,,,,,,,,,,,,,,,,,,,,,,,
6,3,,,,,,,96,85,66,17,221.4,2730,10801,36,0,7.3,0.6;14.3;2.4;0.9;0.3;1.2;42.1;23.6;4.1;5.0;28.2;47.8;0.3;1.5;0.0;0.0;0.0;0.0;0.9;0.0;0.6;0.0;0.0;0.0,35.31,0.06,0.04,3.68,14.383,0.783,36572.0,58886.0,4,16,,,,,,,,,,,,,,,,,,,,,,,,,,,,,,,,,,,,,,,,,,,,,,,,,,,,,,,,,,,,,
6,4,,,,,,,100,99,65,19,220.0,2730,10801,36,0,7.6,0.9;16.5;2.6;2.0;1.7;0.6;29.6;19.6;5.2;5.5;32.9;59.5;0.9;0.9;0.0;0.0;0.3;0.6;0.0;0.3;0.6;1.7;0.0;0.3,35.27,0.06,0.02,3.95,14.383,0.783,38330.0,51269.0,4,16,,,,,,,,,,,,,,,,,,,,,,,,,,,,,,,,,,,,,,,,,,,,,,,,,,,,,,,,,,,,,
6,5,,,,,,,96,87,67,18,221.0,2730,10801,36,0,7.5,0.6;12.2;3.8;0.3;0.3;0.6;65.0;20.6;4.1;2.9;38.0;26.2;0.0;0.6;0.6;0.6;0.0;0.0;0.0;0.0;0.3;0.9;0.6;0.6,35.28,0.06,0.01,3.24,14.383,0.783,36669.0,61816.0,4,16,,,,,,,,,,,,,,,,,,,,,,,,,,,,,,,,,,,,,,,,,,,,,,,,,,,,,,,,,,,,,
6,6,,,,,,,97,92,68,18,219.6,2730,10801,36,0,7.3,1.2;11.4;0.9;1.8;0.6;0.0;41.8;26.4;2.1;3.8;60.1;20.2;0.0;0.9;0.3;0.0;0.3;0.3;0.0;0.3;0.0;0.0;1.7;0.3,35.26,0.06,0.01,2.69,14.383,0.783,18359.0,61230.0,4,16,,,,,,,,,,,,,,,,,,,,,,,,,,,,,,,,,,,,,,,,,,,,,,,,,,,,,,,,,,,,,
6,7,,,,,,,100,94,65,18,220.0,2730,10801,36,0,8.9,0.3;30.2;2.1;1.5;0.0;0.9;32.0;36.0;4.4;4.7;37.9;56.4;0.3;0.3;0.0;0.0;0.0;0.0;0.0;0.0;0.3;0.0;0.6;0.3,35.25,0.06,0.01,2.31,14.383,0.783,5126.0,10546.0,4,16,,,,,,,,,,,,,,,,,,,,,,,,,,,,,,,,,,,,,,,,,,,,,,,,,,,,,,,,,,,,,
6,8,,,,,,,96,93,68,18,219.1,2730,10801,36,0,7.4,1.2;17.3;1.7;2.0;0.3;0.3;64.1;15.5;3.2;5.2;32.1;28.8;0.0;1.1;0.0;0.3;0.0;0.0;0.0;0.0;1.1;0.6;0.9;1.7,35.22,0.06,0.01,1.56,14.383,0.783,17041.0,11376.0,4,16,,,,,,,,,,,,,,,,,,,,,,,,,,,,,,,,,,,,,,,,,,,,,,,,,,,,,,,,,,,,,
6,9,,,,,,,96,91,66,19,219.5,2730,10801,36,0,6.7,0.6;14.0;2.1;0.6;0.3;0.0;49.7;22.9;1.8;4.4;42.9;20.6;0.9;0.6;0.0;0.0;0.0;0.0;0.0;0.0;0.0;0.0;0.0;0.0,35.23,0.06,0.0,1.53,14.383,0.783,7128.0,23632.0,4,16,,,,,,,,,,,,,,,,,,,,,,,,,,,,,,,,,,,,,,,,,,,,,,,,,,,,,,,,,,,,,
6,10,,,,,,,98,96,66,17,219.5,2730,10801,36,0,6.8,0.3;15.5;1.2;0.6;0.9;0.0;27.0;19.7;2.6;3.2;22.4;66.0;0.6;0.6;0.0;0.0;0.0;0.0;0.0;0.3;0.0;0.0;0.6;0.3,35.2,0.06,0.02,4.25,14.383,0.783,3417.0,16015.0,4,16,,,,,,,,,,,,,,,,,,,,,,,,,,,,,,,,,,,,,,,,,,,,,,,,,,,,,,,,,,,,,
6,11,,,,,,,100,96,66,18,220.3,2730,10801,36,0,6.7,0.3;12.7;0.6;0.6;0.3;0.3;52.6;22.0;3.2;4.1;32.5;27.9;0.6;0.9;0.0;0.0;0.0;0.0;0.0;0.0;0.3;0.6;0.0;0.3,35.2,0.06,0.04,0.11,14.383,0.783,3857.0,28271.0,4,16,,,,,,,,,,,,,,,,,,,,,,,,,,,,,,,,,,,,,,,,,,,,,,,,,,,,,,,,,,,,,
6,12,,,,,,,98,94,66,18,220.1,2730,10801,36,0,6.6,0.6;16.7;0.6;1.2;0.6;0.3;56.1;20.2;2.3;2.3;29.4;24.3;0.9;0.9;0.0;0.0;0.0;0.0;0.0;0.3;0.0;0.0;0.3;0.3,35.23,0.06,0.0,0.01,14.383,0.783,138623.0,58105.0,4,16,,,,,,,,,,,,,,,,,,,,,,,,,,,,,,,,,,,,,,,,,,,,,,,,,,,,,,,,,,,,,
6,13,,,,,,,100,100,66,18,220.9,2730,10801,36,0,6.9,0.3;14.5;0.9;2.4;1.2;1.2;18.5;24.4;3.2;3.5;76.5;15.8;0.9;0.6;0.0;0.0;0.0;0.0;0.0;0.0;0.0;0.0;0.0;0.0,35.21,0.06,0.01,0.05,14.383,0.783,9619.0,13476.0,4,16,,,,,,,,,,,,,,,,,,,,,,,,,,,,,,,,,,,,,,,,,,,,,,,,,,,,,,,,,,,,,
6,14,,,,,,,96,83,66,18,222.0,2730,10801,36,0,7.2,2.1;12.8;2.1;2.4;1.2;1.5;50.3;22.7;2.1;5.0;20.6;45.3;0.6;0.9;0.0;0.3;0.6;0.0;0.0;0.0;0.6;0.6;0.6;0.3,35.18,0.06,0.01,0.04,14.383,0.783,4101.0,29687.0,4,16,,,,,,,,,,,,,,,,,,,,,,,,,,,,,,,,,,,,,,,,,,,,,,,,,,,,,,,,,,,,,
6,15,,,,,,,96,91,67,18,221.2,2730,10801,36,0,6.8,1.8;11.6;1.2;1.8;0.0;0.3;58.8;24.0;2.4;3.8;20.0;33.8;0.3;0.3;0.0;0.0;0.0;0.0;0.0;0.0;0.3;0.0;1.8;0.6,35.2,0.06,0.01,0.04,14.383,0.783,5468.0,10351.0,4,16,,,,,,,,,,,,,,,,,,,,,,,,,,,,,,,,,,,,,,,,,,,,,,,,,,,,,,,,,,,,,
6,16,,,,,,,100,95,65,18,221.1,2730,10801,36,0,7.5,1.2;20.4;3.4;3.2;1.4;0.6;31.1;21.1;3.2;4.3;20.7;63.3;0.3;0.0;0.3;0.3;0.3;0.0;0.0;0.0;0.3;0.6;2.3;0.9,35.21,0.06,0.04,0.12,14.383,0.783,9619.0,10253.0,4,16,,,,,,,,,,,,,,,,,,,,,,,,,,,,,,,,,,,,,,,,,,,,,,,,,,,,,,,,,,,,,
6,17,,,,,,,96,87,67,18,221.1,2730,10801,36,0,6.9,0.6;13.9;1.5;2.3;0.0;0.9;44.6;25.3;2.3;5.6;11.5;54.0;0.6;0.6;0.0;0.0;0.6;0.0;0.0;0.0;0.3;1.2;0.0;0.0,35.21,0.06,0.04,0.1,14.383,0.783,3857.0,14160.0,4,16,,,,,,,,,,,,,,,,,,,,,,,,,,,,,,,,,,,,,,,,,,,,,,,,,,,,,,,,,,,,,
6,18,,,,,,,97,95,68,18,221.3,2730,10801,36,0,7.1,0.6;12.0;2.1;2.4;0.3;0.6;40.9;53.7;3.0;3.8;19.5;28.6;0.3;0.6;0.0;0.0;0.0;0.0;0.0;0.0;0.9;0.6;0.0;0.3,35.21,0.06,0.03,0.03,14.383,0.783,3857.0,13916.0,4,16,,,,,,,,,,,,,,,,,,,,,,,,,,,,,,,,,,,,,,,,,,,,,,,,,,,,,,,,,,,,,
6,19,,,,,,,100,94,65,18,221.4,2730,10801,36,0,7.6,0.9;15.8;1.5;1.8;0.9;0.6;46.0;21.8;2.4;5.0;24.1;55.1;0.9;0.3;0.3;0.0;0.0;0.9;0.0;0.0;0.9;0.3;0.9;0.0,35.21,0.06,0.02,0.05,14.383,0.783,7958.0,15039.0,4,16,,,,,,,,,,,,,,,,,,,,,,,,,,,,,,,,,,,,,,,,,,,,,,,,,,,,,,,,,,,,,
6,20,,,,,,,96,93,67,17,221.7,2730,10801,36,0,7.6,1.4;17.9;2.3;1.7;0.3;1.1;40.9;35.2;3.2;5.8;19.6;46.3;0.6;0.3;0.0;0.0;0.0;0.0;0.0;0.0;0.9;1.4;0.6;0.6,35.22,0.06,0.03,0.09,14.383,0.783,3808.0,15576.0,4,16,,,,,,,,,,,,,,,,,,,,,,,,,,,,,,,,,,,,,,,,,,,,,,,,,,,,,,,,,,,,,
6,21,,,,,,,96,92,68,17,221.3,2730,10801,36,0,7.3,1.2;14.0;2.4;1.2;0.3;1.5;74.3;19.2;2.4;5.3;20.4;30.7;0.6;0.3;0.0;0.0;0.0;0.0;0.0;0.0;0.6;0.6;0.0;0.0,35.21,0.06,0.0,0.02,14.383,0.783,3808.0,15234.0,4,16,,,,,,,,,,,,,,,,,,,,,,,,,,,,,,,,,,,,,,,,,,,,,,,,,,,,,,,,,,,,,
6,22,,,,,,,100,95,67,17,220.9,2730,10801,36,0,7.0,0.6;12.7;1.2;2.6;0.3;0.9;19.1;49.6;2.4;4.4;18.3;54.6;0.3;0.6;0.0;0.0;0.3;0.0;0.0;0.0;0.3;0.3;0.6;0.0,35.21,0.06,0.01,0.03,14.383,0.783,9521.0,297705.0,4,16,,,,,,,,,,,,,,,,,,,,,,,,,,,,,,,,,,,,,,,,,,,,,,,,,,,,,,,,,,,,,
6,23,,,,,,,97,92,67,18,221.3,2730,10801,36,0,7.2,0.3;12.2;0.9;1.5;1.2;0.3;40.2;30.9;2.4;4.4;22.5;55.7;0.0;0.0;0.0;0.0;0.0;0.0;0.0;0.0;0.0;0.0;0.3;0.0,35.21,0.06,0.01,0.05,14.383,0.783,16259.0,10302.0,4,16,,,,,,,,,,,,,,,,,,,,,,,,,,,,,,,,,,,,,,,,,,,,,,,,,,,,,,,,,,,,,
6,24,,,,,,,100,96,67,16,221.9,2730,10801,36,0,7.9,1.2;13.6;0.3;1.4;0.3;0.3;36.5;55.9;2.9;6.6;25.1;38.8;0.6;1.4;0.3;0.0;0.0;0.3;0.0;0.0;0.3;0.3;1.4;0.6,35.21,0.06,0.0,0.01,14.383,0.783,8398.0,10742.0,4,16,,,,,,,,,,,,,,,,,,,,,,,,,,,,,,,,,,,,,,,,,,,,,,,,,,,,,,,,,,,,,
6,25,,,,,,,96,92,66,17,221.0,2730,10801,36,0,7.9,0.6;26.6;0.9;1.8;0.6;0.6;14.6;59.7;3.8;4.1;24.9;47.4;0.6;0.3;0.0;0.0;0.0;0.0;0.0;0.0;0.0;0.6;1.2;0.0,35.18,0.06,0.02,0.06,14.383,0.783,13085.0,9912.0,4,16,,,,,,,,,,,,,,,,,,,,,,,,,,,,,,,,,,,,,,,,,,,,,,,,,,,,,,,,,,,,,
6,26,,,,,,,98,97,67,17,221.2,2730,10801,36,0,6.5,0.6;10.1;0.3;0.3;0.0;1.5;24.3;30.9;2.4;3.8;22.6;55.1;0.3;0.6;0.0;0.0;0.0;0.0;0.0;0.0;0.0;0.3;1.2;1.5,35.2,0.06,0.01,0.06,14.383,0.783,6103.0,15039.0,4,16,,,,,,,,,,,,,,,,,,,,,,,,,,,,,,,,,,,,,,,,,,,,,,,,,,,,,,,,,,,,,
6,27,,,,,,,100,100,67,16,221.7,2730,10801,36,0,6.9,1.2;13.8;1.8;0.9;0.3;0.3;69.3;15.9;1.5;3.8;22.4;30.1;0.3;1.2;0.0;0.3;0.6;0.0;0.0;0.0;1.2;0.9;0.0;0.0,35.21,0.06,0.0,0.01,14.383,0.783,24951.0,58105.0,4,16,,,,,,,,,,,,,,,,,,,,,,,,,,,,,,,,,,,,,,,,,,,,,,,,,,,,,,,,,,,,,
6,28,,,,,,,98,94,68,17,220.6,2730,10801,36,0,6.9,0.9;14.8;1.7;1.2;0.3;0.6;46.4;25.8;2.3;4.6;27.5;35.3;0.9;0.6;0.0;0.0;0.3;0.0;0.0;0.0;0.3;0.0;0.9;0.0,35.21,0.06,0.01,0.04,14.383,0.783,34619.0,50000.0,4,16,,,,,,,,,,,,,,,,,,,,,,,,,,,,,,,,,,,,,,,,,,,,,,,,,,,,,,,,,,,,,
6,29,,,,,,,100,100,66,16,221.2,2730,10801,36,0,6.5,1.2;13.1;0.3;0.3;0.3;0.0;38.0;24.3;2.3;2.3;22.5;50.4;0.0;0.3;0.0;0.0;0.0;0.0;0.0;0.0;0.0;0.6;0.0;0.0,35.2,0.06,0.01,0.05,14.383,0.783,35351.0,59033.0,4,16,,,,,,,,,,,,,,,,,,,,,,,,,,,,,,,,,,,,,,,,,,,,,,,,,,,,,,,,,,,,,
6,30,,,,,,,100,91,67,16,220.3,2730,10801,36,0,6.4,0.9;10.7;1.5;2.1;0.0;0.0;25.3;48.2;2.7;1.8;21.6;37.6;0.3;0.3;0.0;0.0;0.0;0.0;0.0;0.0;0.0;0.3;0.3;1.2,35.22,0.06,0.04,0.09,14.383,0.783,33300.0,67919.0,4,16,,,,,,,,,,,,,,,,,,,,,,,,,,,,,,,,,,,,,,,,,,,,,,,,,,,,,,,,,,,,,
6,31,,,,,,,96,91,68,17,220.3,2730,10801,36,0,7.0,0.9;17.0;1.8;1.5;0.3;0.0;38.5;35.0;2.6;3.2;19.9;44.4;0.3;0.3;0.3;0.0;0.3;0.0;0.0;0.0;0.0;0.0;1.5;0.0,35.19,0.06,0.01,0.05,14.383,0.783,4833.0,12451.0,4,16,,,,,,,,,,,,,,,,,,,,,,,,,,,,,,,,,,,,,,,,,,,,,,,,,,,,,,,,,,,,,
6,32,,,,,,,100,92,67,16,220.6,2730,10801,36,0,7.4,1.1;17.0;2.9;3.2;1.4;0.6;28.8;30.7;3.7;3.5;23.6;54.5;1.1;0.6;0.3;0.0;0.6;0.9;0.0;0.0;0.6;0.3;1.1;0.6,35.21,0.06,0.07,0.17,14.383,0.783,3857.0,22949.0,4,16,,,,,,,,,,,,,,,,,,,,,,,,,,,,,,,,,,,,,,,,,,,,,,,,,,,,,,,,,,,,,
6,33,,,,,,,100,92,67,18,220.6,2730,10801,36,0,6.4,0.0;11.7;0.6;0.6;0.3;0.3;18.9;57.8;1.5;3.5;13.9;43.7;0.3;0.9;0.0;0.0;0.0;0.0;0.0;0.0;0.0;0.6;0.0;0.0,35.21,0.06,0.01,0.04,14.383,0.783,12744.0,23876.0,4,16,,,,,,,,,,,,,,,,,,,,,,,,,,,,,,,,,,,,,,,,,,,,,,,,,,,,,,,,,,,,,
6,34,,,,,,,97,89,66,18,220.0,2730,10801,36,0,7.3,0.9;14.0;1.2;0.9;0.6;0.6;33.1;55.4;4.1;2.1;21.1;34.4;0.9;0.3;0.3;0.0;0.0;0.3;0.6;0.0;0.3;0.6;0.6;0.9,35.22,0.06,0.04,0.11,14.383,0.783,5273.0,15869.0,4,16,,,,,,,,,,,,,,,,,,,,,,,,,,,,,,,,,,,,,,,,,,,,,,,,,,,,,,,,,,,,,
6,35,,,,,,,96,92,67,17,220.8,2730,10801,36,0,6.6,0.3;13.0;0.6;0.6;0.3;0.0;29.8;22.4;2.1;2.4;17.1;68.7;0.3;0.3;0.0;0.0;0.0;0.0;0.0;0.0;0.0;0.0;0.0;0.0,35.22,0.06,0.07,0.16,14.383,0.783,12792.0,24169.0,4,16,,,,,,,,,,,,,,,,,,,,,,,,,,,,,,,,,,,,,,,,,,,,,,,,,,,,,,,,,,,,,
6,36,,,,,,,100,92,67,17,221.7,2730,10801,36,0,6.5,0.9;17.5;0.6;0.9;0.6;0.0;19.9;41.1;2.6;2.9;24.0;42.2;0.0;0.0;0.0;0.0;0.3;0.3;0.0;0.0;0.0;0.9;0.0;0.0,35.22,0.06,0.0,0.03,14.383,0.783,3271.0,14013.0,4,16,,,,,,,,,,,,,,,,,,,,,,,,,,,,,,,,,,,,,,,,,,,,,,,,,,,,,,,,,,,,,
6,37,,,,,,,97,92,66,17,220.1,2730,10801,36,0,7.0,0.3;14.8;2.1;1.2;0.0;0.3;22.9;52.5;2.7;2.9;24.8;37.8;0.9;0.3;0.3;0.0;0.3;0.0;0.0;0.3;0.3;0.3;0.9;0.9,35.22,0.06,0.01,0.04,14.383,0.783,5224.0,25000.0,4,16,,,,,,,,,,,,,,,,,,,,,,,,,,,,,,,,,,,,,,,,,,,,,,,,,,,,,,,,,,,,,
6,38,,,,,,,97,92,66,17,221.2,2730,10801,36,0,7.1,1.5;12.7;3.2;1.8;0.9;0.6;26.8;36.2;4.1;3.5;14.5;60.8;0.6;0.9;0.3;0.0;0.0;0.0;0.9;0.0;0.3;0.3;0.6;0.0,35.22,0.06,0.02,0.08,14.383,0.783,3759.0,14404.0,4,16,,,,,,,,,,,,,,,,,,,,,,,,,,,,,,,,,,,,,,,,,,,,,,,,,,,,,,,,,,,,,
6,39,,,,,,,100,100,67,16,221.5,2730,10801,36,0,6.1,0.9;10.9;1.8;0.6;0.6;0.3;7.7;26.8;2.1;3.2;43.4;45.7;0.0;0.6;0.0;0.0;0.0;0.0;0.0;0.0;0.9;0.0;0.9;0.3,35.21,0.06,0.0,0.02,14.4,0.8,15136.0,20410.0,4,16,,,,,,,,,,,,,,,,,,,,,,,,,,,,,,,,,,,,,,,,,,,,,,,,,,,,,,,,,,,,,
6,40,,,,,,,98,94,67,16,219.2,2730,10801,36,0,5.4,0.0;10.8;0.8;0.4;0.0;0.0;5.9;32.4;3.4;3.0;21.9;48.1;0.0;0.8;0.4;0.0;0.0;0.0;0.0;0.0;0.0;0.8;0.8;0.0,35.21,0.06,0.03,0.09,14.389,0.789,10205.0,169628.0,4,16,,,,,,,,,,,,,,,,,,,,,,,,,,,,,,,,,,,,,,,,,,,,,,,,,,,,,,,,,,,,,
6,summary,0.4888587106053451,0.946874394505881,0.4726392372879084,0.9509150061000406,0.00099814,218.3,,,,,,,,,,,,,,,,,,,,,,6,95.75,100,7,91.05,100,63,66.53,68,16,17.38,19,155.8,219.12,222.0,2730.4,10801.0,36.0,0,5.4,8.15,51.1,35.18,35.22,35.37,63.16,0.06,0.06,0.06,16.0,0.0,0.02,0.07,0.01,0.79,6.67,10.733,13.6,14.383,14.38,14.4,15.992,0.783,0.78,0.8,3271.0,15952.85,138623.0,9912.0,37522.75,297705.0,4,4.0,4,16,16.0,16,4,16,166.17,40.29
7,1,,,,,,,67,65,64,25,189.0,2730,10801,36,0,51.6,68.8;70.3;92.0;91.7;88.3;91.7;98.3;98.2;87.0;88.9;97.6;97.2;51.8;57.7;2.4;1.4;15.3;12.1;1.8;1.3;5.9;6.0;6.5;6.2,35.39,0.06,0.01,0.02,14.383,0.783,18017.0,179736.0,4,16,,,,,,,,,,,,,,,,,,,,,,,,,,,,,,,,,,,,,,,,,,,,,,,,,,,,,,,,,,,,,
7,2,,,,,,,100,100,66,18,221.4,2730,10801,36,0,7.2,0.9;22.2;1.5;1.5;1.8;0.9;20.4;56.0;2.7;2.4;22.7;35.6;0.3;0.3;0.0;0.3;0.0;0.0;0.0;0.6;0.3;1.2;0.0;0.0,35.34,0.06,0.01,4.58,14.383,0.783,6835.0,10595.0,4,16,,,,,,,,,,,,,,,,,,,,,,,,,,,,,,,,,,,,,,,,,,,,,,,,,,,,,,,,,,,,,
7,3,,,,,,,100,93,65,18,221.6,2730,10801,36,0,6.8,1.2;12.2;0.6;1.2;1.2;0.3;38.2;30.0;2.9;2.9;26.9;42.4;0.3;0.9;0.0;0.0;0.0;0.0;0.0;0.3;0.0;0.6;0.9;0.3,35.32,0.06,0.06,3.92,14.383,0.783,20654.0,54931.0,4,16,,,,,,,,,,,,,,,,,,,,,,,,,,,,,,,,,,,,,,,,,,,,,,,,,,,,,,,,,,,,,
7,4,,,,,,,96,94,67,18,221.8,2730,10801,36,0,6.8,1.2;12.6;1.5;2.6;0.3;1.2;33.9;17.5;3.2;2.9;23.7;59.8;0.3;0.3;0.0;0.3;0.0;0.0;0.0;0.0;0.6;0.6;0.0;0.0,35.29,0.06,0.0,4.33,14.383,0.783,27343.0,246289.0,4,16,,,,,,,,,,,,,,,,,,,,,,,,,,,,,,,,,,,,,,,,,,,,,,,,,,,,,,,,,,,,,
7,5,,,,,,,100,94,66,17,221.5,2730,10801,36,0,6.7,0.3;16.5;1.4;1.4;0.6;0.0;61.4;24.1;2.0;2.3;16.2;29.0;0.0;0.9;0.0;0.0;0.0;0.0;0.0;0.0;0.9;0.6;1.7;0.0,35.28,0.06,0.01,3.37,14.383,0.783,29638.0,45410.0,4,16,,,,,,,,,,,,,,,,,,,,,,,,,,,,,,,,,,,,,,,,,,,,,,,,,,,,,,,,,,,,,
7,6,,,,,,,100,94,66,16,220.4,2730,10801,36,0,6.7,0.9;14.5;0.6;1.8;0.6;0.0;45.9;13.2;1.5;3.8;46.5;28.2;0.3;0.0;0.0;0.6;0.3;0.3;0.0;0.0;0.0;0.0;0.6;0.0,35.27,0.06,0.05,2.98,14.383,0.783,13574.0,51953.0,4,16,,,,,,,,,,,,,,,,,,,,,,,,,,,,,,,,,,,,,,,,,,,,,,,,,,,,,,,,,,,,,
7,7,,,,,,,97,90,66,17,220.1,2730,10801,36,0,6.7,1.2;10.6;1.2;1.8;0.9;0.6;30.8;25.0;2.6;3.2;13.8;65.9;0.3;0.6;0.6;0.3;0.3;0.0;0.0;0.0;0.3;0.0;1.2;0.0,35.25,0.06,0.0,2.27,14.383,0.783,5126.0,29492.0,4,16,,,,,,,,,,,,,,,,,,,,,,,,,,,,,,,,,,,,,,,,,,,,,,,,,,,,,,,,,,,,,
7,8,,,,,,,100,100,66,18,219.1,2730,10801,36,0,7.0,0.3;14.1;0.6;0.6;0.6;0.3;60.0;19.1;4.7;2.1;17.4;44.8;0.3;0.9;0.0;0.0;0.6;0.9;0.0;0.0;0.6;0.0;0.3;0.0,35.24,0.06,0.04,1.99,14.383,0.783,125195.0,23632.0,4,16,,,,,,,,,,,,,,,,,,,,,,,,,,,,,,,,,,,,,,,,,,,,,,,,,,,,,,,,,,,,,
7,9,,,,,,,96,84,66,18,219.9,2730,10801,36,0,7.2,1.2;19.8;1.2;2.0;0.9;1.4;46.0;17.6;3.8;2.0;18.4;50.0;0.9;1.4;0.0;0.0;0.3;0.9;0.0;0.0;0.9;1.7;1.4;0.0,35.25,0.06,0.12,1.79,14.383,0.783,3857.0,28027.0,4,16,,,,,,,,,,,,,,,,,,,,,,,,,,,,,,,,,,,,,,,,,,,,,,,,,,,,,,,,,,,,,
7,10,,,,,,,99,100,66,17,219.3,2730,10801,36,0,7.2,0.6;22.3;0.9;0.9;0.0;0.3;35.4;17.9;3.2;3.8;38.7;43.6;0.6;0.3;0.0;0.0;0.0;0.0;0.0;0.0;0.3;0.0;2.0;0.6,35.24,0.06,0.01,1.54,14.383,0.783,9179.0,108789.0,4,16,,,,,,,,,,,,,,,,,,,,,,,,,,,,,,,,,,,,,,,,,,,,,,,,,,,,,,,,,,,,,
7,11,,,,,,,100,96,65,17,220.5,2730,10801,36,0,7.5,0.6;19.3;2.1;1.8;2.1;0.6;47.4;22.1;2.7;4.4;21.8;50.7;0.3;0.6;0.6;0.0;0.3;0.3;0.0;0.0;0.0;0.0;1.2;0.6,35.22,0.06,0.0,3.43,14.383,0.783,89013.0,74560.0,4,16,,,,,,,,,,,,,,,,,,,,,,,,,,,,,,,,,,,,,,,,,,,,,,,,,,,,,,,,,,,,,
7,12,,,,,,,100,91,66,17,220.6,2730,10801,36,0,6.6,0.3;10.6;1.2;2.1;0.6;0.3;45.0;21.5;3.2;2.9;21.5;47.5;0.6;0.0;0.0;0.3;0.0;0.0;0.3;0.0;0.3;0.0;0.9;0.0,35.21,0.06,0.03,0.08,14.383,0.783,14892.0,13671.0,4,16,,,,,,,,,,,,,,,,,,,,,,,,,,,,,,,,,,,,,,,,,,,,,,,,,,,,,,,,,,,,,
7,13,,,,,,,100,95,65,18,221.3,2730,10801,36,0,6.6,0.0;13.0;2.6;0.3;0.3;0.3;27.2;23.2;3.5;2.3;15.7;66.3;0.6;0.0;0.0;1.2;0.0;0.0;0.0;0.0;0.0;0.0;0.6;0.0,35.19,0.06,0.01,0.03,14.383,0.783,7861.0,10400.0,4,16,,,,,,,,,,,,,,,,,,,,,,,,,,,,,,,,,,,,,,,,,,,,,,,,,,,,,,,,,,,,,
7,14,,,,,,,100,94,66,18,220.6,2730,10801,36,0,7.2,2.0;15.0;2.6;1.2;0.6;1.2;52.6;19.7;3.8;3.2;23.8;42.6;0.3;0.3;0.0;0.0;0.0;0.0;0.0;0.0;0.3;0.0;1.5;0.0,35.22,0.06,0.0,0.02,14.383,0.783,15380.0,15722.0,4,16,,,,,,,,,,,,,,,,,,,,,,,,,,,,,,,,,,,,,,,,,,,,,,,,,,,,,,,,,,,,,
7,15,,,,,,,100,95,67,18,221.1,2730,10801,36,0,6.6,0.6;10.9;1.5;0.0;0.0;0.0;62.5;19.5;2.4;3.2;22.4;34.5;0.3;0.0;0.0;0.0;0.0;0.3;0.0;0.0;0.0;0.6;0.0;0.0,35.22,0.06,0.05,0.13,14.383,0.783,3906.0,28857.0,4,16,,,,,,,,,,,,,,,,,,,,,,,,,,,,,,,,,,,,,,,,,,,,,,,,,,,,,,,,,,,,,
7,16,,,,,,,97,93,68,17,220.5,2730,10801,36,0,7.0,1.2;11.4;1.8;1.5;0.6;0.3;43.1;15.2;3.2;2.9;45.2;37.9;0.6;0.3;0.3;0.0;0.3;0.0;0.0;0.0;0.6;0.0;1.5;0.3,35.22,0.06,0.01,0.03,14.383,0.783,13232.0,12792.0,4,16,,,,,,,,,,,,,,,,,,,,,,,,,,,,,,,,,,,,,,,,,,,,,,,,,,,,,,,,,,,,,
7,17,,,,,,,100,96,66,19,221.8,2730,10801,36,0,6.6,0.9;11.0;2.0;0.3;0.0;0.3;38.4;24.6;3.2;2.3;43.6;29.9;1.2;1.1;0.0;0.0;0.0;0.0;0.0;0.0;0.0;0.6;0.0;0.0,35.22,0.06,0.01,0.04,14.383,0.783,3564.0,23681.0,4,16,,,,,,,,,,,,,,,,,,,,,,,,,,,,,,,,,,,,,,,,,,,,,,,,,,,,,,,,,,,,,
7,18,,,,,,,100,96,66,17,222.1,2730,10801,36,0,8.1,1.2;13.5;2.6;2.3;0.6;0.9;63.2;35.4;5.3;4.4;32.6;29.2;1.2;0.0;0.0;0.0;0.0;0.0;0.0;0.0;0.0;0.9;0.3;0.3,35.21,0.06,0.01,0.04,14.383,0.783,5273.0,19824.0,4,16,,,,,,,,,,,,,,,,,,,,,,,,,,,,,,,,,,,,,,,,,,,,,,,,,,,,,,,,,,,,,
7,19,,,,,,,98,95,66,18,219.9,2730,10801,36,0,8.1,0.6;30.1;1.5;1.2;0.3;0.6;41.2;20.9;4.1;2.9;23.6;62.9;0.3;0.6;0.0;0.0;0.0;0.0;0.0;0.0;0.0;0.0;0.0;0.0,35.22,0.06,0.07,0.24,14.383,0.783,8056.0,13916.0,4,16,,,,,,,,,,,,,,,,,,,,,,,,,,,,,,,,,,,,,,,,,,,,,,,,,,,,,,,,,,,,,
7,20,,,,,,,100,100,66,18,221.6,2730,10801,36,0,6.8,0.9;12.7;0.3;0.6;0.6;0.3;37.6;34.4;2.6;3.5;26.7;41.3;0.6;0.3;0.0;0.0;0.0;0.0;0.0;0.3;0.3;0.0;0.0;0.3,35.22,0.06,0.03,0.1,14.383,0.783,9033.0,15771.0,4,16,,,,,,,,,,,,,,,,,,,,,,,,,,,,,,,,,,,,,,,,,,,,,,,,,,,,,,,,,,,,,
7,21,,,,,,,96,85,67,17,221.2,2730,10801,36,0,7.0,1.7;14.8;2.3;0.9;1.4;1.5;50.9;32.6;2.3;3.2;19.5;33.9;0.3;0.0;0.0;0.3;0.0;0.0;0.0;0.0;0.0;0.0;1.2;0.3,35.22,0.06,0.26,0.56,14.383,0.783,15185.0,11816.0,4,16,,,,,,,,,,,,,,,,,,,,,,,,,,,,,,,,,,,,,,,,,,,,,,,,,,,,,,,,,,,,,
7,22,,,,,,,100,100,67,18,221.3,2730,10801,36,0,6.9,0.6;13.3;2.9;1.8;0.3;0.6;37.2;19.6;3.8;2.6;14.4;63.0;0.9;0.3;0.0;0.0;0.3;0.0;0.0;0.0;0.9;2.0;0.3;0.3,35.22,0.06,0.13,0.37,14.383,0.783,4882.0,28662.0,4,16,,,,,,,,,,,,,,,,,,,,,,,,,,,,,,,,,,,,,,,,,,,,,,,,,,,,,,,,,,,,,
7,23,,,,,,,100,98,66,19,220.7,2730,10801,36,0,6.8,1.2;15.5;1.5;1.2;0.0;0.0;42.8;14.7;2.6;2.4;20.3;55.3;0.3;0.9;0.0;0.3;0.0;0.0;0.3;0.0;0.3;2.0;0.0;0.0,35.2,0.06,0.0,0.02,14.383,0.783,3662.0,23291.0,4,16,,,,,,,,,,,,,,,,,,,,,,,,,,,,,,,,,,,,,,,,,,,,,,,,,,,,,,,,,,,,,
7,24,,,,,,,100,93,65,18,221.5,2730,10801,36,0,6.8,0.0;12.5;1.2;1.5;0.3;0.6;65.5;25.7;5.6;1.2;20.4;26.3;0.6;0.6;0.0;0.0;0.0;0.0;0.0;0.0;0.3;0.0;0.0;0.0,35.2,0.06,0.01,0.05,14.383,0.783,3906.0,19238.0,4,16,,,,,,,,,,,,,,,,,,,,,,,,,,,,,,,,,,,,,,,,,,,,,,,,,,,,,,,,,,,,,
7,25,,,,,,,100,99,67,18,221.5,2730,10801,36,0,6.6,0.6;13.5;2.0;0.3;0.9;0.3;41.1;14.1;2.9;2.3;31.1;45.8;0.6;0.6;0.0;0.0;0.0;0.6;0.0;0.0;0.3;1.1;0.0;0.0,35.2,0.06,0.02,0.07,14.383,0.783,8447.0,28369.0,4,16,,,,,,,,,,,,,,,,,,,,,,,,,,,,,,,,,,,,,,,,,,,,,,,,,,,,,,,,,,,,,
7,26,,,,,,,100,95,65,18,221.5,2730,10801,36,0,7.4,2.7;15.0;2.1;1.2;0.6;0.9;41.0;20.8;4.7;0.6;21.8;57.1;0.3;0.6;1.2;0.0;0.9;0.6;0.0;0.0;1.5;1.8;0.3;0.3,35.21,0.06,0.1,0.29,14.383,0.783,13769.0,10498.0,4,16,,,,,,,,,,,,,,,,,,,,,,,,,,,,,,,,,,,,,,,,,,,,,,,,,,,,,,,,,,,,,
7,27,,,,,,,100,95,67,18,220.8,2730,10801,36,0,6.8,0.6;14.3;1.8;0.6;0.9;0.3;53.7;30.0;3.8;1.2;28.3;24.5;0.6;0.6;0.0;0.0;0.0;0.0;0.0;0.3;0.0;1.2;0.0;0.0,35.21,0.06,0.03,0.07,14.383,0.783,25878.0,67041.0,4,16,,,,,,,,,,,,,,,,,,,,,,,,,,,,,,,,,,,,,,,,,,,,,,,,,,,,,,,,,,,,,
7,28,,,,,,,97,92,67,19,220.5,2730,10801,36,0,6.7,0.3;12.4;2.6;0.9;0.6;0.3;52.9;15.0;3.8;2.1;24.0;45.0;0.3;0.0;0.0;0.0;0.0;0.0;0.0;0.0;0.0;0.0;0.3;0.0,35.2,0.06,0.02,0.07,14.383,0.783,30468.0,60009.0,4,16,,,,,,,,,,,,,,,,,,,,,,,,,,,,,,,,,,,,,,,,,,,,,,,,,,,,,,,,,,,,,
7,29,,,,,,,99,92,66,17,220.4,2730,10801,36,0,6.9,1.7;14.8;1.4;2.0;0.6;1.2;40.3;19.1;5.5;2.6;19.7;54.8;0.3;0.3;0.0;0.0;0.0;0.0;0.0;0.0;0.0;0.6;0.0;0.0,35.2,0.06,0.0,0.02,14.383,0.783,29345.0,53515.0,4,16,,,,,,,,,,,,,,,,,,,,,,,,,,,,,,,,,,,,,,,,,,,,,,,,,,,,,,,,,,,,,
7,30,,,,,,,100,95,66,18,219.7,2730,10801,36,0,7.0,0.6;13.9;1.5;1.8;0.3;0.0;38.7;44.4;5.9;0.9;25.9;30.9;0.6;0.6;0.0;0.0;0.0;0.0;0.0;0.0;0.0;0.6;0.0;0.0,35.2,0.06,0.01,0.03,14.383,0.783,29248.0,63818.0,4,16,,,,,,,,,,,,,,,,,,,,,,,,,,,,,,,,,,,,,,,,,,,,,,,,,,,,,,,,,,,,,
7,31,,,,,,,96,90,66,18,220.3,2730,10801,36,0,7.3,1.5;13.0;2.1;2.9;0.3;0.3;33.6;38.9;8.5;3.2;21.8;47.5;0.3;0.6;0.0;0.0;0.3;0.0;0.0;0.0;0.6;0.3;0.0;0.0,35.17,0.06,0.02,0.07,14.383,0.783,4492.0,20068.0,4,16,,,,,,,,,,,,,,,,,,,,,,,,,,,,,,,,,,,,,,,,,,,,,,,,,,,,,,,,,,,,,
7,32,,,,,,,97,82,65,18,219.3,2730,10801,36,0,7.7,1.2;12.2;3.2;1.2;1.5;0.6;33.4;23.2;6.5;2.9;18.5;74.5;1.2;0.6;0.0;0.6;0.0;0.3;0.6;0.6;0.6;0.3;0.0;0.0,35.2,0.06,0.04,0.11,14.383,0.783,4101.0,29833.0,4,16,,,,,,,,,,,,,,,,,,,,,,,,,,,,,,,,,,,,,,,,,,,,,,,,,,,,,,,,,,,,,
7,33,,,,,,,100,100,66,16,219.4,2730,10801,36,0,7.2,0.9;12.3;2.9;2.3;0.6;1.7;17.6;64.3;5.5;4.3;23.1;33.6;0.3;0.3;0.6;0.0;0.0;0.6;0.3;0.0;0.6;0.0;0.3;1.2,35.2,0.06,0.0,0.05,14.383,0.783,4248.0,23437.0,4,16,,,,,,,,,,,,,,,,,,,,,,,,,,,,,,,,,,,,,,,,,,,,,,,,,,,,,,,,,,,,,
7,34,,,,,,,96,85,66,18,219.4,2730,10801,36,0,8.3,0.6;13.0;3.5;2.9;2.3;1.5;62.0;17.0;5.9;7.6;31.2;47.4;1.2;0.3;0.0;0.0;0.0;0.0;0.0;0.0;0.6;0.3;0.6;0.6,35.22,0.06,0.01,0.07,14.383,0.783,41455.0,140673.0,4,16,,,,,,,,,,,,,,,,,,,,,,,,,,,,,,,,,,,,,,,,,,,,,,,,,,,,,,,,,,,,,
7,35,,,,,,,96,88,65,19,220.1,2730,10801,36,0,7.3,1.5;12.5;0.6;1.2;0.6;0.9;23.8;29.9;3.5;3.2;20.2;73.3;0.6;0.6;0.0;0.0;0.0;0.0;0.0;0.0;0.3;0.0;0.0;0.3,35.21,0.06,0.05,0.08,14.383,0.783,12548.0,10253.0,4,16,,,,,,,,,,,,,,,,,,,,,,,,,,,,,,,,,,,,,,,,,,,,,,,,,,,,,,,,,,,,,
7,36,,,,,,,97,94,65,18,220.1,2730,10801,36,0,9.7,2.4;25.0;4.4;3.8;1.2;1.5;35.1;58.1;4.1;5.9;30.7;48.0;0.3;1.2;0.0;0.3;0.0;0.6;0.0;0.0;1.5;5.0;0.0;0.9,35.22,0.06,0.14,0.03,14.383,0.783,9521.0,10400.0,4,16,,,,,,,,,,,,,,,,,,,,,,,,,,,,,,,,,,,,,,,,,,,,,,,,,,,,,,,,,,,,,
7,37,,,,,,,96,88,65,17,220.6,2730,10801,36,0,6.6,0.3;21.0;0.6;0.3;0.3;0.6;51.0;20.0;3.5;1.2;20.6;38.0;0.6;0.0;0.0;0.0;0.0;0.0;0.0;0.0;0.0;0.0;0.0;0.0,35.22,0.06,0.03,0.15,14.383,0.783,6982.0,10644.0,4,16,,,,,,,,,,,,,,,,,,,,,,,,,,,,,,,,,,,,,,,,,,,,,,,,,,,,,,,,,,,,,
7,38,,,,,,,97,94,65,16,221.1,2730,10801,36,0,6.9,0.6;17.7;0.0;0.9;0.6;0.6;26.8;35.6;2.6;1.5;18.8;56.8;0.9;0.9;0.0;0.0;0.0;0.0;0.0;0.0;0.0;0.9;0.0;0.3,35.22,0.06,0.01,0.02,14.383,0.783,14599.0,11767.0,4,16,,,,,,,,,,,,,,,,,,,,,,,,,,,,,,,,,,,,,,,,,,,,,,,,,,,,,,,,,,,,,
7,39,,,,,,,97,94,65,17,220.9,2730,10801,36,0,5.6,0.3;10.4;0.6;0.3;0.0;0.3;24.3;39.4;0.6;1.2;27.4;27.7;0.6;0.3;0.0;0.0;0.0;0.0;0.0;0.0;0.0;0.3;0.0;0.6,35.22,0.06,0.0,0.05,14.383,0.783,16845.0,12255.0,4,16,,,,,,,,,,,,,,,,,,,,,,,,,,,,,,,,,,,,,,,,,,,,,,,,,,,,,,,,,,,,,
7,40,,,,,,,100,94,67,19,219.4,2730,10801,36,0,6.1,0.9;13.8;2.2;1.7;0.4;0.4;19.9;50.2;3.0;1.7;29.0;16.9;0.9;0.9;0.4;0.4;0.4;0.4;0.0;0.4;0.4;1.7;0.4;0.8,35.2,0.06,0.05,0.16,14.383,0.783,122656.0,220361.0,4,16,,,,,,,,,,,,,,,,,,,,,,,,,,,,,,,,,,,,,,,,,,,,,,,,,,,,,,,,,,,,,
7,summary,0.48524220497722187,0.94886220927312,0.46228821522678576,0.9565270435136234,0.00099740,218.2,,,,,,,,,,,,,,,,,,,,,,67,97.85,100,65,92.95,100,64,65.92,68,16,17.88,25,189.0,219.84,222.1,2730.0,10801.0,36.0,0,5.6,8.17,51.6,35.17,35.23,35.39,63.16,0.06,0.06,0.06,16.0,0.0,0.04,0.26,0.02,0.83,4.58,10.733,13.6,14.383,14.38,14.383,15.992,0.783,0.78,0.783,3564.0,20796.62,125195.0,10253.0,46599.9,246289.0,4,4.0,4,16,16.0,16,4,16,166.37,40.03
8,1,,,,,,,44,42,64,22,186.8,2730,10801,36,0,50.3,65.6;64.3;89.3;90.2;84.1;85.6;97.0;97.5;84.5;87.4;95.7;95.6;52.9;58.1;2.5;2.0;15.8;14.2;1.8;1.0;5.8;5.8;5.1;4.2,35.4,0.06,0.01,0.02,14.383,0.783,8154.0,198144.0,4,16,,,,,,,,,,,,,,,,,,,,,,,,,,,,,,,,,,,,,,,,,,,,,,,,,,,,,,,,,,,,,
8,2,,,,,,,91,18,63,19,213.8,2745,10801,36,0,6.7,0.3;16.1;2.6;1.2;0.6;0.6;35.8;45.6;2.0;4.1;22.0;28.2;0.9;0.9;0.0;0.0;0.0;0.0;0.0;0.0;0.3;0.0;0.0;0.0,35.35,0.06,0.01,8.65,14.383,0.783,10302.0,27929.0,4,16,,,,,,,,,,,,,,,,,,,,,,,,,,,,,,,,,,,,,,,,,,,,,,,,,,,,,,,,,,,,,
8,3,,,,,,,100,100,66,19,220.6,2745,10801,36,0,6.7,0.6;12.7;1.2;0.9;1.5;0.9;44.1;18.9;2.4;2.9;14.5;56.0;0.3;0.0;0.9;0.6;0.6;0.0;0.6;0.0;0.0;0.6;0.9;0.0,35.32,0.06,0.01,5.13,14.383,0.783,22656.0,50976.0,4,16,,,,,,,,,,,,,,,,,,,,,,,,,,,,,,,,,,,,,,,,,,,,,,,,,,,,,,,,,,,,,
8,4,,,,,,,96,85,65,19,221.3,2745,10801,36,0,6.6,0.6;12.9;1.5;0.9;0.6;0.3;29.8;22.9;2.9;1.5;27.2;55.3;0.0;0.0;0.0;0.0;0.0;0.0;0.0;0.0;0.0;0.6;0.0;0.0,35.31,0.06,0.0,3.41,14.383,0.783,39160.0,62695.0,4,16,,,,,,,,,,,,,,,,,,,,,,,,,,,,,,,,,,,,,,,,,,,,,,,,,,,,,,,,,,,,,
8,5,,,,,,,97,92,65,20,220.7,2745,10801,36,0,6.7,1.2;9.3;2.4;2.7;0.9;0.6;50.1;43.1;4.1;3.2;9.5;33.3;0.6;0.0;0.0;0.0;0.3;0.0;0.0;0.0;0.0;0.0;0.0;0.0,35.3,0.06,0.03,3.67,14.383,0.783,20361.0,62988.0,4,16,,,,,,,,,,,,,,,,,,,,,,,,,,,,,,,,,,,,,,,,,,,,,,,,,,,,,,,,,,,,,
8,6,,,,,,,100,91,67,19,211.6,2745,10801,36,0,6.7,0.3;13.4;1.4;1.4;0.6;0.3;40.8;27.1;3.7;2.3;18.4;48.7;0.3;0.6;0.0;0.0;0.0;0.0;0.0;0.0;0.0;0.0;1.1;0.0,35.27,0.06,0.01,2.98,14.383,0.783,40527.0,49707.0,4,16,,,,,,,,,,,,,,,,,,,,,,,,,,,,,,,,,,,,,,,,,,,,,,,,,,,,,,,,,,,,,
8,7,,,,,,,97,92,65,18,220.3,2745,10801,36,0,7.1,0.9;11.7;1.5;1.8;0.6;0.6;49.9;17.3;5.0;3.2;27.1;49.7;0.9;0.0;0.0;0.0;0.0;0.0;0.0;0.0;0.0;0.0;0.0;0.0,35.25,0.06,0.0,2.28,14.383,0.783,12841.0,16113.0,4,16,,,,,,,,,,,,,,,,,,,,,,,,,,,,,,,,,,,,,,,,,,,,,,,,,,,,,,,,,,,,,
8,8,,,,,,,96,91,65,19,219.4,2745,10801,36,0,7.4,0.0;13.8;2.4;2.4;1.2;0.9;49.4;40.2;3.8;2.6;18.8;38.6;0.3;0.0;0.0;0.0;0.0;0.0;0.0;0.0;0.9;1.2;0.0;0.3,35.25,0.06,0.02,2.17,14.383,0.783,13476.0,37011.0,4,16,,,,,,,,,,,,,,,,,,,,,,,,,,,,,,,,,,,,,,,,,,,,,,,,,,,,,,,,,,,,,
8,9,,,,,,,97,92,65,19,219.2,2745,10801,36,0,7.5,0.3;13.2;2.1;0.9;0.6;0.9;36.7;45.5;2.9;4.7;39.4;29.1;1.2;0.3;0.0;0.0;0.0;0.0;0.0;0.0;0.0;0.9;0.6;0.3,35.26,0.06,0.02,1.55,14.383,0.783,3857.0,15185.0,4,16,,,,,,,,,,,,,,,,,,,,,,,,,,,,,,,,,,,,,,,,,,,,,,,,,,,,,,,,,,,,,
8,10,,,,,,,100,95,66,18,219.2,2745,10801,36,0,7.9,2.0;12.3;2.9;3.5;0.9;1.2;26.8;27.5;4.0;10.1;32.2;60.5;0.6;1.2;0.0;0.0;0.3;0.0;0.0;0.0;0.6;1.2;0.9;0.0,35.25,0.06,0.06,1.76,14.383,0.783,21923.0,291552.0,4,16,,,,,,,,,,,,,,,,,,,,,,,,,,,,,,,,,,,,,,,,,,,,,,,,,,,,,,,,,,,,,
8,11,,,,,,,97,92,65,18,218.7,2745,10801,36,0,7.6,0.6;10.9;1.5;2.3;0.6;1.8;54.6;31.8;5.0;5.9;26.2;38.3;0.0;0.6;0.0;0.0;0.6;0.3;0.0;0.0;0.0;0.0;0.6;0.0,35.2,0.06,0.07,4.01,14.383,0.783,3906.0,18652.0,4,16,,,,,,,,,,,,,,,,,,,,,,,,,,,,,,,,,,,,,,,,,,,,,,,,,,,,,,,,,,,,,
8,12,,,,,,,100,100,66,19,220.0,2745,10801,36,0,7.7,0.3;12.4;1.5;1.5;0.6;1.2;53.2;32.6;3.5;5.0;26.3;45.3;0.3;0.3;0.0;0.0;0.0;0.0;0.0;0.0;0.0;0.0;0.0;0.0,35.22,0.06,0.01,0.03,14.383,0.783,16552.0,10498.0,4,16,,,,,,,,,,,,,,,,,,,,,,,,,,,,,,,,,,,,,,,,,,,,,,,,,,,,,,,,,,,,,
8,13,,,,,,,98,92,67,18,220.9,2745,10801,36,0,8.1,0.3;30.8;1.5;1.2;1.2;0.9;39.8;19.5;2.7;3.8;26.5;61.9;0.3;0.3;0.0;0.0;0.0;0.0;0.0;0.0;0.0;0.0;0.6;0.0,35.22,0.06,0.01,0.04,14.383,0.783,16992.0,12109.0,4,16,,,,,,,,,,,,,,,,,,,,,,,,,,,,,,,,,,,,,,,,,,,,,,,,,,,,,,,,,,,,,
8,14,,,,,,,91,15,65,18,213.8,2745,10801,36,0,7.1,1.2;17.1;0.9;1.7;0.3;0.9;59.7;16.8;2.0;2.9;16.8;42.6;0.0;0.6;0.0;0.0;0.0;0.0;0.0;0.0;0.9;4.3;0.0;0.0,35.21,0.06,0.01,0.06,14.383,0.783,13720.0,10693.0,4,16,,,,,,,,,,,,,,,,,,,,,,,,,,,,,,,,,,,,,,,,,,,,,,,,,,,,,,,,,,,,,
8,15,,,,,,,100,100,66,17,220.7,2745,10801,36,0,6.6,0.0;13.4;0.0;0.9;0.6;0.0;44.0;25.0;2.1;3.8;12.1;52.2;0.9;0.6;0.0;0.0;0.0;0.0;0.0;0.0;0.0;0.6;0.6;0.0,35.22,0.06,0.01,0.04,14.383,0.783,7031.0,23095.0,4,16,,,,,,,,,,,,,,,,,,,,,,,,,,,,,,,,,,,,,,,,,,,,,,,,,,,,,,,,,,,,,
8,16,,,,,,,96,86,66,18,221.8,2745,10801,36,0,6.7,0.9;12.3;1.8;0.0;1.5;0.6;17.9;32.6;1.5;3.8;24.6;60.2;0.3;0.6;0.0;0.0;0.0;0.6;0.0;0.3;0.0;0.3;0.3;0.3,35.21,0.06,0.02,0.08,14.383,0.783,12988.0,16259.0,4,16,,,,,,,,,,,,,,,,,,,,,,,,,,,,,,,,,,,,,,,,,,,,,,,,,,,,,,,,,,,,,
8,17,,,,,,,96,90,66,17,221.0,2745,10801,36,0,6.5,0.6;11.2;0.9;0.6;0.0;0.0;50.1;18.6;1.5;1.8;32.7;35.1;0.3;0.3;0.0;0.3;0.0;0.0;0.0;0.0;0.0;0.0;1.8;0.6,35.21,0.06,0.03,0.12,14.383,0.783,104589.0,31591.0,4,16,,,,,,,,,,,,,,,,,,,,,,,,,,,,,,,,,,,,,,,,,,,,,,,,,,,,,,,,,,,,,
8,18,,,,,,,100,97,65,18,212.2,2745,10801,36,0,6.6,0.9;14.6;0.9;0.6;0.3;0.9;50.3;26.5;2.9;2.9;28.0;26.6;0.3;0.0;0.0;0.0;0.0;0.0;0.0;0.0;0.0;0.0;1.4;0.3,35.22,0.06,0.01,0.04,14.383,0.783,12402.0,14062.0,4,16,,,,,,,,,,,,,,,,,,,,,,,,,,,,,,,,,,,,,,,,,,,,,,,,,,,,,,,,,,,,,
8,19,,,,,,,96,86,66,17,220.9,2745,10801,36,0,6.1,0.0;7.4;0.6;0.6;0.9;0.9;22.3;22.6;1.2;3.5;56.5;29.7;0.3;0.0;0.0;0.0;0.0;0.0;0.0;0.0;0.0;0.0;0.0;0.3,35.19,0.06,0.02,0.05,14.383,0.783,3857.0,13183.0,4,16,,,,,,,,,,,,,,,,,,,,,,,,,,,,,,,,,,,,,,,,,,,,,,,,,,,,,,,,,,,,,
8,20,,,,,,,96,94,68,17,220.4,2745,10801,36,0,7.3,2.6;14.3;3.2;1.8;0.3;0.9;46.6;19.8;2.9;5.0;52.4;20.0;0.3;0.6;0.0;0.0;0.6;0.0;0.0;0.0;1.5;1.2;0.3;0.6,35.21,0.06,0.01,0.06,14.383,0.783,4003.0,34277.0,4,16,,,,,,,,,,,,,,,,,,,,,,,,,,,,,,,,,,,,,,,,,,,,,,,,,,,,,,,,,,,,,
8,21,,,,,,,100,97,65,18,220.5,2745,10801,36,0,6.6,0.9;14.0;0.6;1.2;0.3;1.2;69.3;13.9;2.7;2.7;20.9;28.9;0.3;0.0;0.0;0.0;0.0;0.0;0.0;0.0;0.0;0.0;0.0;0.6,35.2,0.06,0.03,0.09,14.383,0.783,3906.0,23388.0,4,16,,,,,,,,,,,,,,,,,,,,,,,,,,,,,,,,,,,,,,,,,,,,,,,,,,,,,,,,,,,,,
8,22,,,,,,,100,92,65,19,220.5,2745,10801,36,0,6.4,0.6;13.2;0.9;0.9;0.0;0.0;25.7;22.8;2.3;3.8;40.5;40.2;0.3;0.6;0.0;0.0;0.0;0.0;0.0;0.0;0.0;0.0;1.1;0.0,35.2,0.06,0.02,0.08,14.383,0.783,3564.0,13427.0,4,16,,,,,,,,,,,,,,,,,,,,,,,,,,,,,,,,,,,,,,,,,,,,,,,,,,,,,,,,,,,,,
8,23,,,,,,,97,92,67,19,220.3,2745,10801,36,0,7.2,1.5;16.8;1.2;1.8;1.2;0.0;43.4;24.5;2.1;3.2;50.4;19.7;0.9;0.3;0.0;0.0;0.0;0.0;0.0;0.0;0.9;2.6;0.0;0.6,35.21,0.06,0.03,0.07,14.383,0.783,4003.0,28369.0,4,16,,,,,,,,,,,,,,,,,,,,,,,,,,,,,,,,,,,,,,,,,,,,,,,,,,,,,,,,,,,,,
8,24,,,,,,,100,93,65,17,220.5,2745,10801,36,0,6.6,0.6;10.6;0.6;0.9;0.0;0.9;59.4;21.2;2.3;4.1;30.9;24.6;0.3;0.3;0.0;0.0;0.0;0.0;0.0;0.0;0.3;0.3;1.2;0.0,35.2,0.06,0.05,0.14,14.383,0.783,3759.0,18701.0,4,16,,,,,,,,,,,,,,,,,,,,,,,,,,,,,,,,,,,,,,,,,,,,,,,,,,,,,,,,,,,,,
8,25,,,,,,,99,93,65,18,220.8,2745,10801,36,0,6.7,0.9;12.7;1.5;0.9;0.6;0.3;39.1;19.1;1.8;2.9;26.5;51.9;0.9;0.3;0.0;0.0;0.0;0.0;0.0;0.0;0.0;0.0;1.5;0.0,35.21,0.06,0.01,0.03,14.383,0.783,16601.0,10498.0,4,16,,,,,,,,,,,,,,,,,,,,,,,,,,,,,,,,,,,,,,,,,,,,,,,,,,,,,,,,,,,,,
8,26,,,,,,,93,27,66,18,211.6,2745,10801,36,0,7.2,0.9;14.8;0.6;1.4;0.9;0.3;28.1;28.7;2.3;4.3;54.3;29.6;0.3;0.3;0.0;0.3;0.0;0.0;0.3;0.0;0.6;3.4;0.6;0.3,35.2,0.06,0.0,0.03,14.383,0.783,3906.0,29736.0,4,16,,,,,,,,,,,,,,,,,,,,,,,,,,,,,,,,,,,,,,,,,,,,,,,,,,,,,,,,,,,,,
8,27,,,,,,,100,95,65,19,220.7,2745,10801,36,0,7.0,0.6;14.3;2.4;0.6;0.3;0.6;63.2;21.2;2.4;4.7;33.2;22.4;0.9;0.6;0.0;0.0;0.0;0.0;0.0;0.0;0.0;0.6;0.0;0.0,35.2,0.06,0.03,0.09,14.383,0.783,51416.0,63867.0,4,16,,,,,,,,,,,,,,,,,,,,,,,,,,,,,,,,,,,,,,,,,,,,,,,,,,,,,,,,,,,,,
8,28,,,,,,,100,96,65,18,221.3,2745,10801,36,0,6.9,0.6;10.1;1.8;1.5;0.6;0.6;35.5;24.0;4.1;5.3;34.3;44.2;0.3;0.6;0.0;0.0;0.3;0.0;0.0;0.0;0.3;0.0;0.6;0.3,35.2,0.06,0.02,0.08,14.383,0.783,47460.0,44189.0,4,16,,,,,,,,,,,,,,,,,,,,,,,,,,,,,,,,,,,,,,,,,,,,,,,,,,,,,,,,,,,,,
8,29,,,,,,,98,90,66,17,221.0,2745,10801,36,0,7.6,0.3;12.7;1.2;2.3;0.9;0.6;30.3;29.5;2.6;6.7;57.6;33.4;0.6;0.9;0.3;0.0;0.0;0.0;0.0;0.0;0.9;0.3;0.6;0.3,35.19,0.06,0.01,0.04,14.383,0.783,34130.0,43359.0,4,16,,,,,,,,,,,,,,,,,,,,,,,,,,,,,,,,,,,,,,,,,,,,,,,,,,,,,,,,,,,,,
8,30,,,,,,,100,100,65,20,211.0,2745,10801,36,0,9.2,2.6;33.8;1.7;2.9;1.2;0.9;63.6;25.4;3.5;3.8;29.5;39.2;0.9;0.3;0.0;0.6;0.6;0.9;0.0;0.3;1.2;2.6;0.6;0.3,35.19,0.06,0.01,0.05,14.383,0.783,108349.0,195654.0,4,16,,,,,,,,,,,,,,,,,,,,,,,,,,,,,,,,,,,,,,,,,,,,,,,,,,,,,,,,,,,,,
8,31,,,,,,,98,92,66,18,220.4,2745,10801,36,0,6.7,0.6;14.2;0.9;1.2;0.3;0.3;44.7;22.6;2.1;3.2;37.8;30.0;0.0;0.6;0.0;0.0;0.0;0.0;0.0;0.0;0.9;0.6;0.9;0.0,35.19,0.06,0.01,0.04,14.383,0.783,14794.0,10546.0,4,16,,,,,,,,,,,,,,,,,,,,,,,,,,,,,,,,,,,,,,,,,,,,,,,,,,,,,,,,,,,,,
8,32,,,,,,,96,88,66,17,219.7,2745,10801,36,0,6.7,0.6;13.3;0.6;0.9;0.3;0.0;18.6;26.5;2.9;5.0;29.9;59.3;0.3;0.0;0.6;0.3;0.0;0.0;0.0;0.0;0.3;0.0;0.3;0.0,35.2,0.06,0.31,0.85,14.383,0.783,8447.0,10205.0,4,16,,,,,,,,,,,,,,,,,,,,,,,,,,,,,,,,,,,,,,,,,,,,,,,,,,,,,,,,,,,,,
8,33,,,,,,,100,100,65,19,220.1,2745,10801,36,0,6.7,0.9;13.5;2.1;0.6;0.6;0.3;52.8;18.3;2.9;2.9;41.3;21.2;0.9;0.6;0.0;0.0;0.0;0.0;0.0;0.0;0.0;0.0;0.0;0.0,35.2,0.06,0.29,0.69,14.383,0.783,11132.0,10546.0,4,16,,,,,,,,,,,,,,,,,,,,,,,,,,,,,,,,,,,,,,,,,,,,,,,,,,,,,,,,,,,,,
8,34,,,,,,,100,98,64,20,219.2,2745,10801,36,0,6.5,0.6;13.2;1.4;1.2;0.6;0.3;53.3;11.0;1.7;5.2;37.9;28.0;0.6;0.6;0.0;0.0;0.0;0.0;0.0;0.0;0.3;0.3;0.3;0.0,35.2,0.06,0.19,0.44,14.383,0.783,6152.0,11376.0,4,16,,,,,,,,,,,,,,,,,,,,,,,,,,,,,,,,,,,,,,,,,,,,,,,,,,,,,,,,,,,,,
8,35,,,,,,,96,92,66,17,219.9,2745,10801,35,0,6.8,0.6;12.5;0.6;1.5;0.3;1.5;25.5;21.5;1.8;2.4;18.5;71.5;0.6;1.2;0.3;0.0;0.3;0.0;0.0;0.0;0.9;0.6;0.3;0.0,35.21,0.06,0.05,0.14,14.383,0.783,4003.0,28417.0,4,16,,,,,,,,,,,,,,,,,,,,,,,,,,,,,,,,,,,,,,,,,,,,,,,,,,,,,,,,,,,,,
8,36,,,,,,,100,98,65,17,220.1,2745,10801,36,0,6.8,0.9;12.7;1.2;2.1;0.6;0.3;49.7;20.6;2.1;5.6;46.8;17.9;0.9;0.0;0.0;0.0;0.3;0.0;0.0;0.0;0.0;0.3;0.3;0.0,35.2,0.06,0.0,0.01,14.383,0.783,17333.0,23339.0,4,16,,,,,,,,,,,,,,,,,,,,,,,,,,,,,,,,,,,,,,,,,,,,,,,,,,,,,,,,,,,,,
8,37,,,,,,,99,92,65,18,221.3,2745,10801,36,0,6.7,0.9;11.7;0.9;1.8;0.6;0.6;49.1;19.2;1.5;2.7;23.3;44.0;0.9;0.6;0.3;0.0;0.3;0.3;0.0;0.0;0.0;0.0;0.9;0.3,35.2,0.06,0.01,0.15,14.383,0.783,7714.0,174462.0,4,16,,,,,,,,,,,,,,,,,,,,,,,,,,,,,,,,,,,,,,,,,,,,,,,,,,,,,,,,,,,,,
8,38,,,,,,,95,47,66,18,211.7,2745,10801,35,0,6.4,0.3;15.5;0.9;1.2;0.9;0.0;20.3;20.9;1.7;3.2;53.6;32.9;0.3;0.3;0.0;0.0;0.0;0.0;0.0;0.0;0.0;0.0;1.7;0.0,35.21,0.06,0.06,0.31,14.383,0.783,6835.0,10791.0,4,16,,,,,,,,,,,,,,,,,,,,,,,,,,,,,,,,,,,,,,,,,,,,,,,,,,,,,,,,,,,,,
8,39,,,,,,,100,94,65,19,221.8,2745,10801,36,0,6.4,0.9;20.2;1.2;1.5;0.6;0.9;38.5;36.8;1.5;2.9;23.1;22.4;0.6;0.3;0.0;0.3;0.3;0.0;0.0;0.0;0.3;0.0;0.0;0.0,35.2,0.06,0.01,0.04,14.383,0.783,7910.0,13134.0,4,16,,,,,,,,,,,,,,,,,,,,,,,,,,,,,,,,,,,,,,,,,,,,,,,,,,,,,,,,,,,,,
8,40,,,,,,,100,93,66,17,220.0,2745,10801,36,0,6.0,0.4;19.5;1.3;1.7;0.0;0.9;21.5;12.9;1.3;3.9;59.5;18.1;0.0;0.4;0.0;0.0;0.0;0.0;0.0;0.0;0.9;0.0;0.0;0.0,35.21,0.06,0.0,0.04,14.383,0.783,11669.0,174072.0,4,16,,,,,,,,,,,,,,,,,,,,,,,,,,,,,,,,,,,,,,,,,,,,,,,,,,,,,,,,,,,,,
8,summary,0.48181983098419906,0.9492856066423153,0.4545787348525221,0.9617324115494104,0.00099653,218.3,,,,,,,,,,,,,,,,,,,,,,44,96.47,100,15,85.47,100,63,65.47,68,17,18.3,22,186.8,218.14,221.8,2744.6,10801.0,36.0,0,6.0,8.03,50.3,35.19,35.23,35.4,63.16,0.06,0.06,0.06,16.0,0.0,0.04,0.31,0.01,0.99,8.65,10.734,13.6,14.383,14.38,14.383,15.992,0.783,0.78,0.783,3564.0,19059.5,108349.0,10205.0,48369.88,291552.0,4,4.0,4,16,16.0,16,4,16,166.65,39.76
9,1,,,,,,,6,2,60,25,176.7,2745,10801,36,0,50.5,57.0;66.7;84.9;85.4;89.7;88.0;98.7;98.0;89.5;92.2;98.2;98.3;49.2;58.0;1.8;2.6;12.3;13.8;1.3;0.9;5.6;7.4;4.8;6.4,35.38,0.06,0.01,0.04,14.383,0.783,9277.0,197656.0,4,16,,,,,,,,,,,,,,,,,,,,,,,,,,,,,,,,,,,,,,,,,,,,,,,,,,,,,,,,,,,,,
9,2,,,,,,,100,100,66,18,220.3,2745,10801,36,0,6.8,1.2;9.9;2.6;1.2;1.2;0.9;66.0;25.1;2.4;3.5;22.1;26.0;0.0;0.3;0.0;0.0;0.3;0.0;0.0;0.0;0.3;0.3;0.9;0.0,35.34,0.06,0.02,7.09,14.383,0.783,16162.0,10253.0,4,16,,,,,,,,,,,,,,,,,,,,,,,,,,,,,,,,,,,,,,,,,,,,,,,,,,,,,,,,,,,,,
9,3,,,,,,,100,94,66,18,221.2,2745,10801,35,0,6.9,0.3;13.7;1.2;0.9;0.6;0.0;36.8;27.4;3.8;4.4;38.2;36.2;0.3;0.6;0.0;0.0;0.3;0.0;0.0;0.0;0.0;0.0;0.6;0.0,35.31,0.06,0.0,4.35,14.383,0.783,21875.0,53564.0,4,16,,,,,,,,,,,,,,,,,,,,,,,,,,,,,,,,,,,,,,,,,,,,,,,,,,,,,,,,,,,,,
9,4,,,,,,,96,92,66,19,219.7,2745,10801,36,0,7.0,0.3;9.9;1.2;1.4;1.2;1.2;31.3;29.5;4.3;4.3;52.0;26.9;0.9;0.3;0.0;0.0;0.3;0.3;0.0;0.3;0.0;0.6;0.9;0.3,35.3,0.06,0.14,4.94,14.383,0.783,26318.0,59960.0,4,16,,,,,,,,,,,,,,,,,,,,,,,,,,,,,,,,,,,,,,,,,,,,,,,,,,,,,,,,,,,,,
9,5,,,,,,,100,97,66,18,220.4,2745,10801,36,0,7.6,1.2;11.7;2.1;1.2;0.0;0.3;39.5;52.1;4.1;5.0;22.4;30.7;0.0;1.2;1.7;1.2;0.6;0.0;1.2;1.8;0.6;0.0;2.3;0.6,35.27,0.06,0.09,4.21,14.383,0.783,18701.0,52246.0,4,16,,,,,,,,,,,,,,,,,,,,,,,,,,,,,,,,,,,,,,,,,,,,,,,,,,,,,,,,,,,,,
9,6,,,,,,,96,84,65,18,221.0,2745,10801,36,0,8.5,0.6;16.5;3.2;3.5;0.0;0.3;47.1;32.4;5.3;7.1;23.3;59.1;0.3;1.2;0.0;0.0;0.3;0.0;0.0;0.0;0.3;0.3;1.2;0.0,35.26,0.06,0.05,3.14,14.383,0.783,22802.0,51757.0,4,16,,,,,,,,,,,,,,,,,,,,,,,,,,,,,,,,,,,,,,,,,,,,,,,,,,,,,,,,,,,,,
9,7,,,,,,,96,92,65,18,220.3,2745,10801,36,0,7.9,1.5;28.7;1.5;2.0;0.9;0.6;28.1;24.0;3.2;3.8;32.8;56.0;0.3;0.6;0.0;0.0;0.0;0.0;0.0;0.0;1.2;0.9;0.9;0.3,35.25,0.06,0.0,2.45,14.383,0.783,5273.0,10205.0,4,16,,,,,,,,,,,,,,,,,,,,,,,,,,,,,,,,,,,,,,,,,,,,,,,,,,,,,,,,,,,,,
9,8,,,,,,,100,94,67,18,219.7,2745,10801,36,0,6.9,0.9;15.9;2.0;1.2;0.3;1.4;50.0;31.7;1.5;3.2;15.7;37.7;0.0;0.9;0.0;0.0;0.0;0.0;0.3;0.0;0.0;0.0;3.5;0.0,35.25,0.06,0.12,2.6,14.383,0.783,3857.0,29687.0,4,16,,,,,,,,,,,,,,,,,,,,,,,,,,,,,,,,,,,,,,,,,,,,,,,,,,,,,,,,,,,,,
9,9,,,,,,,96,93,65,17,220.0,2745,10801,36,0,6.8,0.6;11.0;1.5;2.3;0.0;0.9;43.3;31.8;2.9;2.9;28.9;33.8;0.6;0.9;0.0;0.0;0.0;0.3;0.0;0.0;0.3;0.0;0.3;0.0,35.23,0.06,0.0,1.51,14.383,0.783,3710.0,25683.0,4,16,,,,,,,,,,,,,,,,,,,,,,,,,,,,,,,,,,,,,,,,,,,,,,,,,,,,,,,,,,,,,
9,10,,,,,,,97,92,66,17,219.2,2745,10801,36,0,6.6,0.0;15.8;0.3;0.3;0.6;0.0;35.0;17.9;2.4;1.5;18.5;63.6;0.0;0.6;0.0;0.0;0.0;0.0;0.0;0.0;0.0;0.0;0.0;0.0,35.22,0.06,0.02,1.56,14.383,0.783,3906.0,14990.0,4,16,,,,,,,,,,,,,,,,,,,,,,,,,,,,,,,,,,,,,,,,,,,,,,,,,,,,,,,,,,,,,
9,11,,,,,,,100,100,67,15,220.6,2745,10801,36,0,6.5,0.9;12.7;0.6;0.9;0.3;0.6;55.8;22.9;1.8;2.7;18.0;37.2;1.2;0.6;0.0;0.0;0.3;0.0;0.0;0.0;0.3;0.0;0.3;0.0,35.17,0.06,0.02,4.26,14.383,0.783,4003.0,13378.0,4,16,,,,,,,,,,,,,,,,,,,,,,,,,,,,,,,,,,,,,,,,,,,,,,,,,,,,,,,,,,,,,
9,12,,,,,,,96,91,66,19,220.1,2745,10801,36,0,6.6,0.9;14.1;1.4;0.6;0.0;0.0;29.0;41.4;3.5;2.6;19.7;41.4;0.9;0.6;0.0;0.0;0.0;0.0;0.0;0.0;0.3;0.0;0.0;0.0,35.2,0.06,0.0,0.02,14.383,0.783,5859.0,14892.0,4,16,,,,,,,,,,,,,,,,,,,,,,,,,,,,,,,,,,,,,,,,,,,,,,,,,,,,,,,,,,,,,
9,13,,,,,,,99,100,66,18,221.1,2745,10801,36,0,7.1,0.3;18.1;2.1;1.2;0.6;0.3;22.1;31.5;3.5;2.4;12.7;72.0;0.0;0.9;0.0;0.0;0.0;0.0;0.0;0.0;0.6;1.2;0.6;0.0,35.2,0.06,0.01,0.03,14.383,0.783,3808.0,246240.0,4,16,,,,,,,,,,,,,,,,,,,,,,,,,,,,,,,,,,,,,,,,,,,,,,,,,,,,,,,,,,,,,
9,14,,,,,,,100,97,66,18,221.5,2745,10801,35,0,6.8,0.3;14.4;2.1;0.3;0.3;0.6;54.0;17.3;4.4;1.8;23.2;41.9;0.3;0.3;0.0;0.0;0.0;0.0;0.0;0.0;0.0;1.2;0.3;0.0,35.2,0.06,0.0,0.02,14.383,0.783,16699.0,10351.0,4,16,,,,,,,,,,,,,,,,,,,,,,,,,,,,,,,,,,,,,,,,,,,,,,,,,,,,,,,,,,,,,
9,15,,,,,,,96,83,67,17,221.6,2745,10801,36,0,6.6,0.6;10.1;1.2;1.2;0.9;0.6;38.5;35.6;3.8;0.9;27.9;34.1;0.3;0.9;0.0;0.0;0.0;0.0;0.0;0.0;0.0;0.6;0.6;0.0,35.2,0.06,0.02,0.06,14.383,0.783,12500.0,10546.0,4,16,,,,,,,,,,,,,,,,,,,,,,,,,,,,,,,,,,,,,,,,,,,,,,,,,,,,,,,,,,,,,
9,16,,,,,,,100,100,66,19,221.5,2745,10801,36,0,7.4,1.7;18.0;2.9;1.2;2.0;0.9;21.9;34.5;5.2;2.3;24.0;58.8;0.9;0.3;0.0;0.0;0.0;0.9;0.3;0.0;0.0;0.6;0.3;0.0,35.19,0.06,0.01,0.05,14.383,0.783,8300.0,10400.0,4,16,,,,,,,,,,,,,,,,,,,,,,,,,,,,,,,,,,,,,,,,,,,,,,,,,,,,,,,,,,,,,
9,17,,,,,,,100,97,66,19,221.6,2745,10801,36,0,7.1,0.3;15.0;2.9;0.6;0.6;0.3;25.2;36.8;5.6;3.5;35.2;40.0;0.0;0.6;0.0;0.0;0.0;0.0;0.0;0.0;0.6;2.3;0.3;0.0,35.18,0.06,0.04,0.13,14.383,0.783,6494.0,23339.0,4,16,,,,,,,,,,,,,,,,,,,,,,,,,,,,,,,,,,,,,,,,,,,,,,,,,,,,,,,,,,,,,
9,18,,,,,,,96,87,66,18,221.7,2745,10801,36,0,7.4,1.2;14.4;2.4;2.1;0.9;2.1;35.3;53.2;4.7;4.1;24.7;27.1;0.0;0.6;0.0;0.3;0.9;0.9;0.3;0.0;0.6;0.3;0.9;0.6,35.19,0.06,0.01,0.03,14.383,0.783,7666.0,10302.0,4,16,,,,,,,,,,,,,,,,,,,,,,,,,,,,,,,,,,,,,,,,,,,,,,,,,,,,,,,,,,,,,
9,19,,,,,,,97,94,65,18,221.7,2745,10801,36,0,7.4,0.3;13.5;2.4;0.9;1.8;0.9;27.7;34.0;4.1;2.1;19.7;65.9;0.6;0.0;0.0;0.0;0.3;0.0;0.0;0.0;0.6;1.8;0.0;0.0,35.19,0.06,0.0,0.01,14.383,0.783,16015.0,12060.0,4,16,,,,,,,,,,,,,,,,,,,,,,,,,,,,,,,,,,,,,,,,,,,,,,,,,,,,,,,,,,,,,
9,20,,,,,,,100,93,67,19,221.4,2745,10801,36,0,6.8,0.6;11.0;1.7;0.6;0.3;0.9;36.1;29.6;3.8;1.7;28.2;47.8;0.6;0.0;0.0;0.0;0.0;0.3;0.0;0.0;0.0;0.9;0.0;0.0,35.18,0.06,0.03,0.08,14.383,0.783,27343.0,10693.0,4,16,,,,,,,,,,,,,,,,,,,,,,,,,,,,,,,,,,,,,,,,,,,,,,,,,,,,,,,,,,,,,
9,21,,,,,,,97,92,67,18,222.0,2745,10801,36,0,7.3,0.9;16.9;1.7;0.9;0.0;0.6;11.7;74.5;5.0;2.3;19.6;34.8;0.9;1.2;1.5;0.3;0.3;0.0;0.0;0.0;0.0;0.9;0.3;0.3,35.19,0.06,0.01,0.03,14.383,0.783,3759.0,14062.0,4,16,,,,,,,,,,,,,,,,,,,,,,,,,,,,,,,,,,,,,,,,,,,,,,,,,,,,,,,,,,,,,
9,22,,,,,,,97,93,67,17,220.9,2745,10801,36,0,7.7,0.9;11.2;2.6;0.9;0.3;0.0;42.1;21.5;4.4;4.7;34.2;56.5;0.9;1.2;0.0;0.0;0.0;0.0;0.0;0.3;0.3;0.6;1.5;0.0,35.17,0.06,0.01,0.02,14.383,0.783,3759.0,26171.0,4,16,,,,,,,,,,,,,,,,,,,,,,,,,,,,,,,,,,,,,,,,,,,,,,,,,,,,,,,,,,,,,
9,23,,,,,,,97,92,66,18,221.0,2745,10801,36,0,8.2,2.4;12.8;2.6;1.8;0.6;0.0;31.2;52.4;4.1;6.2;21.4;56.5;0.6;0.6;0.0;0.0;0.0;0.0;0.0;0.0;0.6;0.6;0.9;0.3,35.18,0.06,0.01,0.05,14.383,0.783,4052.0,18945.0,4,16,,,,,,,,,,,,,,,,,,,,,,,,,,,,,,,,,,,,,,,,,,,,,,,,,,,,,,,,,,,,,
9,24,,,,,,,96,94,67,18,221.7,2745,10801,36,0,8.7,0.3;27.4;2.3;1.7;1.4;0.3;28.9;70.5;6.3;4.9;29.9;24.8;0.6;0.9;0.6;0.0;0.0;0.3;0.0;0.3;0.3;0.6;2.6;0.3,35.18,0.06,0.03,0.03,14.383,0.783,3857.0,16064.0,4,16,,,,,,,,,,,,,,,,,,,,,,,,,,,,,,,,,,,,,,,,,,,,,,,,,,,,,,,,,,,,,
9,25,,,,,,,97,93,67,19,220.7,2745,10801,36,0,6.7,0.9;12.9;1.8;0.9;0.3;0.3;16.5;47.2;3.5;2.6;13.5;58.5;1.2;0.3;0.0;0.0;0.0;0.0;0.0;0.0;0.0;0.0;0.0;0.0,35.19,0.06,0.03,0.08,14.383,0.783,3955.0,29980.0,4,16,,,,,,,,,,,,,,,,,,,,,,,,,,,,,,,,,,,,,,,,,,,,,,,,,,,,,,,,,,,,,
9,26,,,,,,,97,92,66,17,220.4,2745,10801,36,0,6.6,0.6;13.7;0.3;1.2;0.6;0.3;45.3;17.6;4.1;2.6;16.4;54.3;0.3;0.3;0.0;0.0;0.0;0.0;0.0;0.0;0.0;1.2;0.0;0.0,35.19,0.06,0.0,0.01,14.383,0.783,8349.0,68554.0,4,16,,,,,,,,,,,,,,,,,,,,,,,,,,,,,,,,,,,,,,,,,,,,,,,,,,,,,,,,,,,,,
9,27,,,,,,,100,94,66,18,221.2,2745,10801,36,0,7.4,1.8;15.6;2.4;1.8;0.9;1.5;31.4;50.3;6.2;3.3;20.4;36.4;1.8;0.6;0.0;0.0;0.3;0.6;0.0;0.0;0.3;0.3;0.6;0.0,35.2,0.06,0.05,0.13,14.383,0.783,47167.0,66894.0,4,16,,,,,,,,,,,,,,,,,,,,,,,,,,,,,,,,,,,,,,,,,,,,,,,,,,,,,,,,,,,,,
9,28,,,,,,,98,93,66,18,220.1,2745,10801,36,0,6.7,0.9;15.5;1.2;1.2;0.9;0.3;32.9;31.2;3.5;1.2;16.1;52.4;0.6;0.9;0.0;0.3;0.3;0.3;0.3;0.0;0.0;0.3;0.6;0.0,35.18,0.06,0.0,0.04,14.383,0.783,31298.0,55468.0,4,16,,,,,,,,,,,,,,,,,,,,,,,,,,,,,,,,,,,,,,,,,,,,,,,,,,,,,,,,,,,,,
9,29,,,,,,,100,99,66,18,220.5,2745,10801,36,0,7.3,0.0;19.6;1.8;1.5;0.3;0.3;21.3;38.5;3.2;2.0;14.6;65.2;0.0;0.9;0.6;0.0;0.0;0.3;0.0;0.0;0.0;0.3;1.2;0.9,35.2,0.06,0.04,0.09,14.383,0.783,27343.0,61523.0,4,16,,,,,,,,,,,,,,,,,,,,,,,,,,,,,,,,,,,,,,,,,,,,,,,,,,,,,,,,,,,,,
9,30,,,,,,,96,85,67,18,221.1,2745,10801,36,0,6.8,0.3;10.6;1.5;0.6;1.2;0.9;55.2;26.5;4.1;1.5;23.5;30.1;1.2;0.3;0.6;0.0;0.3;0.6;0.6;0.6;0.3;0.6;2.3;0.0,35.2,0.06,0.02,0.08,14.383,0.783,34960.0,435156.0,4,16,,,,,,,,,,,,,,,,,,,,,,,,,,,,,,,,,,,,,,,,,,,,,,,,,,,,,,,,,,,,,
9,31,,,,,,,96,92,66,18,219.8,2745,10801,36,0,7.5,0.6;18.2;1.5;1.2;0.9;0.9;41.5;30.1;3.8;3.5;21.0;47.8;0.9;1.2;0.3;0.3;0.3;0.3;0.3;0.0;1.8;2.0;1.2;0.6,35.2,0.06,0.0,0.01,14.383,0.783,3662.0,24218.0,4,16,,,,,,,,,,,,,,,,,,,,,,,,,,,,,,,,,,,,,,,,,,,,,,,,,,,,,,,,,,,,,
9,32,,,,,,,100,95,66,16,219.0,2745,10801,36,0,6.6,0.9;18.5;0.6;1.2;0.0;0.0;38.0;9.0;4.3;1.7;13.6;68.3;0.6;0.3;0.0;0.0;0.3;0.0;0.0;0.0;0.0;0.0;0.3;0.0,35.2,0.06,0.01,0.05,14.383,0.783,5126.0,17578.0,4,16,,,,,,,,,,,,,,,,,,,,,,,,,,,,,,,,,,,,,,,,,,,,,,,,,,,,,,,,,,,,,
9,33,,,,,,,97,91,68,18,219.4,2745,10801,36,0,7.4,0.6;15.1;2.9;1.8;1.5;1.5;50.6;31.5;4.4;3.2;21.8;38.1;0.9;0.9;0.0;0.0;0.3;0.3;0.3;0.0;0.3;0.3;0.9;0.0,35.2,0.06,0.0,0.04,14.383,0.783,15722.0,18603.0,4,16,,,,,,,,,,,,,,,,,,,,,,,,,,,,,,,,,,,,,,,,,,,,,,,,,,,,,,,,,,,,,
9,34,,,,,,,97,92,66,18,218.9,2745,10801,36,0,7.4,2.1;16.2;3.8;2.1;0.9;0.3;45.7;26.9;3.5;2.6;21.3;46.2;0.6;0.3;0.3;0.0;0.0;0.0;0.3;0.0;0.3;0.6;1.8;0.3,35.21,0.06,0.02,0.05,14.383,0.783,3369.0,14355.0,4,16,,,,,,,,,,,,,,,,,,,,,,,,,,,,,,,,,,,,,,,,,,,,,,,,,,,,,,,,,,,,,
9,35,,,,,,,99,100,66,17,220.1,2745,10801,36,0,7.1,1.5;9.1;3.5;2.4;0.0;1.2;42.6;12.4;6.5;1.8;18.5;69.7;0.0;0.0;0.0;0.0;0.0;0.0;0.0;0.0;0.3;0.6;0.9;0.0,35.2,0.06,0.01,0.05,14.383,0.783,8544.0,10449.0,4,16,,,,,,,,,,,,,,,,,,,,,,,,,,,,,,,,,,,,,,,,,,,,,,,,,,,,,,,,,,,,,
9,36,,,,,,,97,91,66,17,219.2,2745,10801,36,0,7.6,0.6;13.0;2.3;2.9;1.4;0.3;44.7;25.9;5.8;4.6;29.0;42.4;0.6;1.5;0.0;0.3;0.6;0.3;0.0;0.3;0.0;1.2;2.6;0.6,35.19,0.06,0.01,0.05,14.383,0.783,3857.0,19580.0,4,16,,,,,,,,,,,,,,,,,,,,,,,,,,,,,,,,,,,,,,,,,,,,,,,,,,,,,,,,,,,,,
9,37,,,,,,,98,95,66,17,219.7,2745,10801,36,0,7.0,1.2;11.4;0.9;1.5;0.9;0.0;61.2;17.3;3.8;1.2;22.9;41.7;0.6;0.3;0.0;0.0;0.0;0.0;0.0;0.0;0.0;0.0;1.7;0.3,35.17,0.06,0.01,0.04,14.383,0.783,4101.0,28369.0,4,16,,,,,,,,,,,,,,,,,,,,,,,,,,,,,,,,,,,,,,,,,,,,,,,,,,,,,,,,,,,,,
9,38,,,,,,,100,100,65,18,220.7,2745,10801,36,0,7.4,1.5;11.1;2.9;1.8;0.9;0.9;31.6;25.0;6.8;3.2;31.7;57.1;0.0;0.3;0.3;0.0;0.3;0.3;0.0;0.0;0.9;0.6;0.0;0.0,35.2,0.06,0.0,0.01,14.383,0.783,16259.0,10449.0,4,16,,,,,,,,,,,,,,,,,,,,,,,,,,,,,,,,,,,,,,,,,,,,,,,,,,,,,,,,,,,,,
9,39,,,,,,,100,96,66,17,222.9,2745,10801,36,0,6.3,0.6;13.3;2.1;0.9;1.2;1.2;53.6;15.3;3.0;1.5;20.1;36.8;0.6;0.0;0.0;0.0;0.0;0.0;0.0;0.0;0.0;0.3;0.9;0.3,35.19,0.06,0.03,0.08,14.383,0.783,4003.0,30029.0,4,16,,,,,,,,,,,,,,,,,,,,,,,,,,,,,,,,,,,,,,,,,,,,,,,,,,,,,,,,,,,,,
9,40,,,,,,,100,100,66,18,219.6,2745,10801,36,0,6.9,0.8;13.8;2.1;2.5;0.8;0.8;48.1;14.3;3.8;0.8;13.8;54.9;0.8;0.8;0.0;0.0;0.8;0.9;0.0;0.0;0.4;0.8;1.3;1.7,35.17,0.06,0.01,0.04,14.383,0.783,12548.0,161425.0,4,16,,,,,,,,,,,,,,,,,,,,,,,,,,,,,,,,,,,,,,,,,,,,,,,,,,,,,,,,,,,,,
9,summary,0.47449894516336083,0.952227859546893,0.4726534145835358,0.9526636844245628,0.00099554,218.3,,,,,,,,,,,,,,,,,,,,,,6,95.75,100,2,91.53,100,60,66.0,68,15,17.98,25,176.7,219.51,222.9,2745.0,10801.0,36.0,0,6.3,8.25,50.5,35.17,35.21,35.38,63.16,0.06,0.06,0.06,16.0,0.0,0.02,0.14,0.01,0.94,7.09,10.732,13.6,14.383,14.38,14.383,15.992,0.783,0.78,0.783,3369.0,12156.45,47167.0,10205.0,49901.85,435156.0,4,4.0,4,16,16.0,16,4,16,165.93,40.5
10,1,,,,,,,10,6,59,21,180.0,2745,10801,36,0,50.9,64.2;75.3;88.8;89.2;83.8;85.6;95.9;96.7;92.6;94.0;97.1;98.0;52.6;58.8;1.0;1.0;14.6;15.2;0.6;0.6;5.9;4.3;3.2;3.3,35.37,0.06,0.0,0.02,14.383,0.783,29687.0,91113.0,4,16,,,,,,,,,,,,,,,,,,,,,,,,,,,,,,,,,,,,,,,,,,,,,,,,,,,,,,,,,,,,,
10,2,,,,,,,100,93,65,19,220.0,2745,10801,36,0,6.6,0.9;12.4;1.2;1.8;0.6;0.0;58.4;20.5;3.2;1.8;20.8;34.6;0.0;0.6;0.0;0.0;0.0;0.0;0.0;0.0;0.0;0.6;0.6;0.0,35.33,0.06,0.01,4.57,14.383,0.783,12890.0,38232.0,4,16,,,,,,,,,,,,,,,,,,,,,,,,,,,,,,,,,,,,,,,,,,,,,,,,,,,,,,,,,,,,,
10,3,,,,,,,96,93,67,17,220.5,2745,10801,36,0,6.9,0.3;14.8;1.8;2.9;1.2;0.6;34.4;26.8;4.7;1.5;18.9;56.8;0.3;0.6;0.0;0.0;0.0;0.0;0.0;0.0;0.3;0.3;0.0;0.0,35.33,0.06,0.01,3.8,14.383,0.783,37207.0,75439.0,4,16,,,,,,,,,,,,,,,,,,,,,,,,,,,,,,,,,,,,,,,,,,,,,,,,,,,,,,,,,,,,,
10,4,,,,,,,96,89,66,19,219.2,2745,10801,36,0,6.8,1.2;16.0;0.9;0.6;0.3;0.0;40.3;13.5;5.0;1.5;17.1;63.5;0.0;0.6;0.3;0.0;0.3;0.0;0.0;0.0;0.3;0.6;0.9;0.3,35.29,0.06,0.04,4.46,14.383,0.783,44091.0,62646.0,4,16,,,,,,,,,,,,,,,,,,,,,,,,,,,,,,,,,,,,,,,,,,,,,,,,,,,,,,,,,,,,,
10,5,,,,,,,100,94,65,18,220.7,2745,10801,36,0,6.6,0.9;17.5;0.6;0.6;0.6;0.3;56.1;23.5;0.9;1.4;19.9;32.2;0.0;0.0;0.0;0.0;0.0;0.0;0.0;0.0;0.0;1.4;0.9;0.0,35.29,0.06,0.01,3.36,14.383,0.783,18457.0,51123.0,4,16,,,,,,,,,,,,,,,,,,,,,,,,,,,,,,,,,,,,,,,,,,,,,,,,,,,,,,,,,,,,,
10,6,,,,,,,96,91,67,18,219.1,2745,10801,36,0,6.8,1.5;13.5;2.0;1.2;0.9;0.6;38.9;23.2;2.6;1.8;17.5;57.2;0.3;0.3;0.0;0.0;0.0;0.0;0.0;0.0;0.9;0.6;0.0;0.0,35.27,0.06,0.01,2.9,14.383,0.783,45507.0,51220.0,4,16,,,,,,,,,,,,,,,,,,,,,,,,,,,,,,,,,,,,,,,,,,,,,,,,,,,,,,,,,,,,,
10,7,,,,,,,98,93,65,18,219.1,2745,10801,36,0,6.4,0.6;12.7;0.6;1.2;0.0;0.3;29.1;21.5;2.6;0.9;35.3;46.5;0.0;0.3;0.0;0.0;0.0;0.0;0.0;0.0;0.0;0.0;0.0;0.0,35.23,0.06,0.04,2.35,14.383,0.783,4052.0,28515.0,4,16,,,,,,,,,,,,,,,,,,,,,,,,,,,,,,,,,,,,,,,,,,,,,,,,,,,,,,,,,,,,,
10,8,,,,,,,100,100,65,19,218.7,2745,10801,36,0,7.1,1.8;18.0;1.2;0.3;0.3;0.3;49.4;29.6;5.0;1.5;27.4;32.6;0.3;0.3;0.0;0.0;0.3;0.0;0.0;0.0;0.0;1.2;0.3;0.0,35.26,0.06,0.01,1.92,14.383,0.783,12402.0,9960.0,4,16,,,,,,,,,,,,,,,,,,,,,,,,,,,,,,,,,,,,,,,,,,,,,,,,,,,,,,,,,,,,,
10,9,,,,,,,96,84,66,18,219.8,2745,10801,36,0,6.4,0.9;12.3;0.9;2.0;0.6;0.0;52.3;13.3;3.2;1.4;28.8;36.5;0.6;0.3;0.0;0.0;0.6;0.0;0.0;0.0;0.0;0.6;0.0;0.0,35.24,0.06,0.01,1.52,14.383,0.783,24462.0,258251.0,4,16,,,,,,,,,,,,,,,,,,,,,,,,,,,,,,,,,,,,,,,,,,,,,,,,,,,,,,,,,,,,,
10,10,,,,,,,96,89,66,19,220.3,2745,10801,36,0,6.7,0.3;16.3;1.2;1.5;0.3;1.2;29.8;18.3;4.4;0.6;28.9;56.6;0.3;0.3;0.0;0.0;0.3;0.3;0.0;0.0;0.3;0.0;0.0;0.0,35.23,0.06,0.02,1.59,14.383,0.783,16601.0,10546.0,4,16,,,,,,,,,,,,,,,,,,,,,,,,,,,,,,,,,,,,,,,,,,,,,,,,,,,,,,,,,,,,,
10,11,,,,,,,97,94,65,18,220.7,2745,10801,36,0,6.8,0.9;10.9;1.8;0.3;0.0;0.3;56.6;22.9;3.2;2.6;45.7;14.4;0.6;0.6;0.0;0.0;0.3;0.0;0.0;0.0;0.9;0.3;0.6;0.3,35.23,0.06,0.03,3.51,14.383,0.783,5615.0,13085.0,4,16,,,,,,,,,,,,,,,,,,,,,,,,,,,,,,,,,,,,,,,,,,,,,,,,,,,,,,,,,,,,,
10,12,,,,,,,100,95,66,18,220.3,2745,10801,36,0,7.0,1.5;14.5;1.5;1.5;0.3;0.3;47.9;27.1;4.7;1.8;25.7;37.1;0.6;0.3;0.0;0.0;0.0;0.0;0.0;0.0;0.6;0.9;0.0;0.3,35.21,0.06,0.01,0.14,14.383,0.783,5664.0,14306.0,4,16,,,,,,,,,,,,,,,,,,,,,,,,,,,,,,,,,,,,,,,,,,,,,,,,,,,,,,,,,,,,,
10,13,,,,,,,96,92,66,15,220.6,2745,10801,36,0,7.1,1.2;13.7;1.2;1.4;0.3;1.1;34.0;19.0;4.9;4.0;44.5;39.7;0.6;0.6;0.6;0.0;0.9;0.0;0.0;0.0;0.3;1.1;0.3;0.6,35.2,0.06,0.05,0.19,14.383,0.783,4345.0,49218.0,4,16,,,,,,,,,,,,,,,,,,,,,,,,,,,,,,,,,,,,,,,,,,,,,,,,,,,,,,,,,,,,,
10,14,,,,,,,96,93,66,17,220.0,2745,10801,36,0,7.0,1.2;14.0;2.6;0.9;0.9;0.9;64.2;12.1;2.6;3.2;22.3;40.5;0.6;0.6;0.0;0.0;0.3;0.0;0.0;0.0;0.6;0.3;0.9;0.0,35.21,0.06,0.01,0.04,14.383,0.783,16357.0,155419.0,4,16,,,,,,,,,,,,,,,,,,,,,,,,,,,,,,,,,,,,,,,,,,,,,,,,,,,,,,,,,,,,,
10,15,,,,,,,100,95,66,17,220.8,2745,10801,36,0,6.8,0.6;13.0;2.1;0.6;0.6;0.3;55.4;18.6;2.7;2.1;20.4;43.4;0.0;0.9;0.0;0.3;0.0;0.0;0.0;0.0;0.0;1.2;0.6;0.0,35.19,0.06,0.0,0.02,14.383,0.783,13085.0,10742.0,4,16,,,,,,,,,,,,,,,,,,,,,,,,,,,,,,,,,,,,,,,,,,,,,,,,,,,,,,,,,,,,,
10,16,,,,,,,99,95,65,18,221.5,2745,10801,36,0,7.2,0.6;12.8;1.2;1.5;0.6;0.3;41.3;18.0;5.6;5.6;18.0;64.6;0.3;0.6;0.0;0.0;0.0;0.6;0.0;0.0;0.0;0.0;0.3;0.0,35.17,0.06,0.01,0.05,14.383,0.783,13623.0,12011.0,4,16,,,,,,,,,,,,,,,,,,,,,,,,,,,,,,,,,,,,,,,,,,,,,,,,,,,,,,,,,,,,,
10,17,,,,,,,99,100,66,19,219.9,2745,10801,36,0,7.7,0.3;13.3;2.9;2.0;0.6;0.9;58.2;19.8;5.5;3.5;26.5;46.0;0.9;1.1;0.0;0.0;0.0;0.0;0.3;0.0;0.3;0.9;0.3;1.2,35.2,0.06,0.02,0.06,14.383,0.783,13330.0,10742.0,4,16,,,,,,,,,,,,,,,,,,,,,,,,,,,,,,,,,,,,,,,,,,,,,,,,,,,,,,,,,,,,,
10,18,,,,,,,100,96,65,17,221.6,2745,10801,36,0,8.2,0.9;28.4;1.5;1.5;0.3;0.0;51.0;29.2;4.7;4.4;37.5;29.3;0.3;0.6;0.3;0.0;0.9;0.3;0.6;0.0;0.0;0.9;0.6;0.3,35.2,0.06,0.0,0.02,14.383,0.783,7324.0,10839.0,4,16,,,,,,,,,,,,,,,,,,,,,,,,,,,,,,,,,,,,,,,,,,,,,,,,,,,,,,,,,,,,,
10,19,,,,,,,96,84,67,16,221.4,2745,10801,36,0,6.8,0.9;12.2;1.5;0.9;0.9;0.6;26.8;29.1;3.2;1.8;17.4;62.8;1.2;0.6;0.0;0.0;0.0;0.3;0.0;0.0;0.6;0.6;0.6;0.3,35.17,0.06,0.01,0.05,14.383,0.783,89208.0,13281.0,4,16,,,,,,,,,,,,,,,,,,,,,,,,,,,,,,,,,,,,,,,,,,,,,,,,,,,,,,,,,,,,,
10,20,,,,,,,100,100,66,18,220.6,2745,10801,36,0,6.8,0.6;14.9;1.2;0.9;0.3;0.0;20.2;37.5;2.9;2.3;18.4;59.8;0.0;0.3;0.0;0.0;0.0;0.0;0.0;0.0;0.3;1.2;0.9;0.6,35.19,0.06,0.01,0.04,14.383,0.783,3808.0,13183.0,4,16,,,,,,,,,,,,,,,,,,,,,,,,,,,,,,,,,,,,,,,,,,,,,,,,,,,,,,,,,,,,,
10,21,,,,,,,97,88,66,19,222.5,2745,10801,36,0,7.0,1.1;16.6;2.3;1.7;0.9;0.6;28.0;64.0;3.8;3.2;19.4;23.1;0.9;0.0;0.3;0.0;0.0;0.0;0.0;0.0;0.0;0.9;1.2;0.6,35.21,0.06,0.03,0.09,14.383,0.783,6347.0,73339.0,4,16,,,,,,,,,,,,,,,,,,,,,,,,,,,,,,,,,,,,,,,,,,,,,,,,,,,,,,,,,,,,,
10,22,,,,,,,96,93,67,18,221.2,2745,10801,36,0,6.6,0.3;8.8;2.4;1.8;0.6;0.6;17.6;37.5;4.1;2.9;13.3;64.3;0.3;0.3;0.0;0.0;0.0;0.0;0.6;0.3;0.0;0.9;0.6;0.3,35.2,0.06,0.03,0.07,14.383,0.783,9521.0,291503.0,4,16,,,,,,,,,,,,,,,,,,,,,,,,,,,,,,,,,,,,,,,,,,,,,,,,,,,,,,,,,,,,,
10,23,,,,,,,96,94,65,19,220.7,2745,10801,36,0,6.8,0.6;14.2;0.9;0.6;0.0;0.6;50.6;10.9;2.0;2.1;20.3;53.8;0.3;0.6;0.3;0.0;0.0;0.3;0.3;0.0;0.0;0.3;1.2;1.2,35.2,0.06,0.01,0.06,14.383,0.783,8349.0,116015.0,4,16,,,,,,,,,,,,,,,,,,,,,,,,,,,,,,,,,,,,,,,,,,,,,,,,,,,,,,,,,,,,,
10,24,,,,,,,100,94,67,19,221.0,2745,10801,36,0,7.4,2.1;12.8;2.4;1.5;0.9;1.2;18.2;64.6;3.5;4.7;27.2;31.3;1.2;0.6;0.0;0.0;0.0;0.3;0.0;0.0;0.6;1.2;2.0;1.8,35.21,0.06,1.96,0.61,14.383,0.783,17089.0,13769.0,4,16,,,,,,,,,,,,,,,,,,,,,,,,,,,,,,,,,,,,,,,,,,,,,,,,,,,,,,,,,,,,,
10,25,,,,,,,97,92,65,20,220.5,2745,10801,36,0,6.8,1.4;16.0;1.2;2.0;0.3;0.9;40.6;17.6;2.9;1.7;12.7;61.6;0.9;0.3;0.3;0.0;0.0;0.3;0.3;0.0;0.0;0.3;0.3;1.2,35.18,0.06,0.21,0.49,14.383,0.783,3857.0,23339.0,4,16,,,,,,,,,,,,,,,,,,,,,,,,,,,,,,,,,,,,,,,,,,,,,,,,,,,,,,,,,,,,,
10,26,,,,,,,97,90,65,20,219.6,2745,10801,36,0,6.9,0.6;14.8;0.0;1.2;1.5;0.3;36.5;27.4;2.9;0.9;15.2;58.5;0.9;0.0;0.0;0.0;0.0;0.0;0.0;0.0;0.0;2.6;0.6;0.0,35.22,0.06,0.14,0.32,14.383,0.783,3808.0,15087.0,4,16,,,,,,,,,,,,,,,,,,,,,,,,,,,,,,,,,,,,,,,,,,,,,,,,,,,,,,,,,,,,,
10,27,,,,,,,99,91,67,19,220.7,2745,10801,36,0,7.2,0.9;21.4;0.9;0.9;0.6;0.9;72.4;17.9;2.7;2.1;18.5;28.9;0.6;0.3;0.0;0.0;0.3;0.0;0.0;0.0;0.6;0.6;0.0;0.3,35.22,0.06,0.04,0.09,14.383,0.783,28808.0,65039.0,4,16,,,,,,,,,,,,,,,,,,,,,,,,,,,,,,,,,,,,,,,,,,,,,,,,,,,,,,,,,,,,,
10,28,,,,,,,100,96,65,19,221.1,2745,10801,36,0,6.8,0.6;14.2;1.2;0.9;0.6;1.2;37.9;19.4;1.8;3.2;12.6;65.6;0.9;0.6;0.3;0.0;0.3;0.0;0.0;0.0;0.3;0.0;0.6;0.0,35.21,0.06,0.0,0.02,14.383,0.783,31738.0,53759.0,4,16,,,,,,,,,,,,,,,,,,,,,,,,,,,,,,,,,,,,,,,,,,,,,,,,,,,,,,,,,,,,,
10,29,,,,,,,99,98,66,19,219.1,2745,10801,36,0,6.9,0.9;13.6;2.3;2.3;0.3;0.6;18.8;48.6;3.2;1.7;24.3;44.9;0.3;0.9;0.0;0.3;0.6;0.3;0.0;0.0;0.3;0.3;0.6;0.3,35.21,0.06,0.0,0.01,14.383,0.783,30810.0,55517.0,4,16,,,,,,,,,,,,,,,,,,,,,,,,,,,,,,,,,,,,,,,,,,,,,,,,,,,,,,,,,,,,,
10,30,,,,,,,100,94,65,19,219.9,2745,10801,36,0,6.9,1.2;11.4;2.4;2.1;0.3;0.6;34.3;45.5;2.7;2.4;26.7;34.1;0.6;0.3;0.0;0.0;0.0;0.0;0.0;0.0;0.0;0.6;0.6;0.3,35.21,0.06,0.16,0.45,14.383,0.783,29980.0,53369.0,4,16,,,,,,,,,,,,,,,,,,,,,,,,,,,,,,,,,,,,,,,,,,,,,,,,,,,,,,,,,,,,,
10,31,,,,,,,96,84,66,20,219.7,2745,10801,36,0,6.9,0.3;11.4;1.5;1.5;1.2;0.0;47.1;37.9;2.4;4.7;17.9;38.2;0.3;0.0;0.0;0.0;0.0;0.0;0.0;0.0;0.0;0.3;0.0;0.0,35.2,0.06,0.01,0.05,14.383,0.783,7275.0,11669.0,4,16,,,,,,,,,,,,,,,,,,,,,,,,,,,,,,,,,,,,,,,,,,,,,,,,,,,,,,,,,,,,,
10,32,,,,,,,100,100,66,18,218.7,2745,10801,36,0,6.9,0.0;14.1;1.5;0.9;0.3;0.3;14.9;32.2;2.9;3.2;37.4;56.1;0.0;0.6;0.0;0.3;0.0;0.0;0.0;0.0;0.3;0.3;0.0;0.3,35.2,0.06,0.06,0.13,14.383,0.783,11230.0,348388.0,4,16,,,,,,,,,,,,,,,,,,,,,,,,,,,,,,,,,,,,,,,,,,,,,,,,,,,,,,,,,,,,,
10,33,,,,,,,97,85,66,19,219.0,2745,10801,36,0,7.1,1.4;13.4;1.2;1.2;1.5;0.3;44.8;41.4;1.2;4.1;22.6;33.6;0.3;0.3;0.0;0.3;0.3;0.0;0.0;0.0;0.0;0.0;1.2;0.6,35.2,0.06,0.0,0.02,14.383,0.783,9423.0,14257.0,4,16,,,,,,,,,,,,,,,,,,,,,,,,,,,,,,,,,,,,,,,,,,,,,,,,,,,,,,,,,,,,,
10,34,,,,,,,97,92,66,18,218.7,2745,10801,36,0,7.7,2.1;13.0;2.7;2.6;0.6;0.3;57.2;23.0;6.2;4.7;14.4;52.1;0.0;0.9;0.6;0.0;0.3;0.0;0.0;0.0;0.9;0.3;1.2;0.3,35.2,0.06,0.01,0.04,14.383,0.783,15966.0,11914.0,4,16,,,,,,,,,,,,,,,,,,,,,,,,,,,,,,,,,,,,,,,,,,,,,,,,,,,,,,,,,,,,,
10,35,,,,,,,100,99,66,19,219.3,2745,10801,36,0,8.8,1.2;26.3;2.6;2.3;0.9;0.6;29.7;34.6;8.5;3.5;19.4;73.5;0.0;1.5;0.0;0.0;0.0;0.0;0.0;0.0;0.3;2.6;0.0;0.9,35.2,0.06,0.02,0.06,14.383,0.783,4003.0,15625.0,4,16,,,,,,,,,,,,,,,,,,,,,,,,,,,,,,,,,,,,,,,,,,,,,,,,,,,,,,,,,,,,,
10,36,,,,,,,100,96,64,19,220.4,2745,10801,36,0,6.8,1.5;11.1;1.2;1.5;0.9;0.6;40.4;30.8;2.3;4.1;27.8;37.8;0.9;0.0;0.0;0.3;0.3;0.0;0.0;0.0;1.5;0.3;0.6;0.6,35.21,0.06,0.04,0.07,14.383,0.783,13183.0,70312.0,4,16,,,,,,,,,,,,,,,,,,,,,,,,,,,,,,,,,,,,,,,,,,,,,,,,,,,,,,,,,,,,,
10,37,,,,,,,96,95,67,19,220.6,2745,10801,36,0,6.4,0.0;14.8;0.6;1.5;0.0;0.0;32.6;43.0;1.7;3.5;17.4;37.5;0.3;0.3;0.0;0.0;0.0;0.0;0.0;0.0;0.0;0.0;0.0;0.0,35.21,0.06,0.01,0.05,14.383,0.783,4003.0,24755.0,4,16,,,,,,,,,,,,,,,,,,,,,,,,,,,,,,,,,,,,,,,,,,,,,,,,,,,,,,,,,,,,,
10,38,,,,,,,100,94,65,18,220.4,2745,10801,36,0,6.6,0.9;8.8;0.6;0.9;0.0;0.6;28.9;25.7;2.1;3.5;24.6;58.1;0.6;0.3;0.0;0.0;0.0;0.0;0.0;0.0;1.8;0.9;0.6;0.0,35.21,0.06,0.01,0.03,14.383,0.783,3710.0,16357.0,4,16,,,,,,,,,,,,,,,,,,,,,,,,,,,,,,,,,,,,,,,,,,,,,,,,,,,,,,,,,,,,,
10,39,,,,,,,100,93,64,19,220.3,2745,10801,36,0,5.7,0.6;14.7;0.9;0.6;0.3;0.3;43.4;7.3;1.8;2.9;22.3;40.5;0.0;0.0;0.0;0.0;0.0;0.0;0.0;0.0;0.0;0.3;0.0;0.0,35.2,0.06,0.01,0.04,14.383,0.783,3710.0,20117.0,4,16,,,,,,,,,,,,,,,,,,,,,,,,,,,,,,,,,,,,,,,,,,,,,,,,,,,,,,,,,,,,,
10,40,,,,,,,96,90,66,19,218.8,2745,10801,36,0,5.9,0.4;15.4;0.9;2.2;2.2;0.9;38.9;16.6;2.6;1.7;6.1;53.7;0.0;0.4;0.0;0.0;0.0;0.0;0.0;0.0;0.0;0.0;0.0;0.0,35.2,0.06,0.02,0.06,14.383,0.783,3613.0,198339.0,4,16,,,,,,,,,,,,,,,,,,,,,,,,,,,,,,,,,,,,,,,,,,,,,,,,,,,,,,,,,,,,,
10,summary,0.4698607646826732,0.953254059950197,0.4605751904204106,0.9601464009760065,0.00099443,218.2,,,,,,,,,,,,,,,,,,,,,,10,95.85,100,6,90.85,100,59,65.58,67,15,18.45,21,180.0,219.18,222.5,2745.0,10801.0,36.0,0,5.7,8.02,50.9,35.17,35.22,35.37,63.16,0.06,0.06,0.06,16.0,0.0,0.08,1.96,0.01,0.83,4.57,10.734,13.6,14.383,14.38,14.383,15.992,0.783,0.78,0.783,3613.0,16603.45,89208.0,9960.0,61808.5,348388.0,4,4.0,4,16,16.0,16,4,16,166.31,40.08
11,1,,,,,,,2,1,58,26,163.7,2745,10801,35,0,50.3,73.9;68.4;91.7;90.1;79.2;80.3;97.4;97.8;86.4;90.2;97.3;97.5;48.7;51.1;1.3;1.5;13.4;16.0;1.4;1.5;6.4;6.5;4.8;4.7,35.39,0.06,0.01,0.04,14.383,0.783,12060.0,169238.0,4,16,,,,,,,,,,,,,,,,,,,,,,,,,,,,,,,,,,,,,,,,,,,,,,,,,,,,,,,,,,,,,
11,2,,,,,,,98,94,65,19,216.1,2730,10801,36,0,6.7,1.1;12.0;1.4;0.9;0.6;0.3;15.0;64.3;2.6;3.7;21.8;32.6;1.2;0.6;0.0;0.0;0.0;0.0;0.0;0.0;0.6;0.6;0.6;0.0,35.34,0.06,0.0,7.97,14.383,0.783,4052.0,24414.0,4,16,,,,,,,,,,,,,,,,,,,,,,,,,,,,,,,,,,,,,,,,,,,,,,,,,,,,,,,,,,,,,
11,3,,,,,,,100,94,65,19,220.5,2730,10801,35,0,7.3,3.2;13.0;2.4;0.9;0.3;0.3;34.9;27.2;5.0;3.6;25.6;56.6;0.6;0.3;0.0;0.0;0.0;0.0;0.0;0.0;0.0;0.3;0.9;0.9,35.32,0.06,0.02,4.4,14.383,0.783,38525.0,67724.0,4,16,,,,,,,,,,,,,,,,,,,,,,,,,,,,,,,,,,,,,,,,,,,,,,,,,,,,,,,,,,,,,
11,4,,,,,,,96,85,65,18,220.2,2730,10801,35,0,6.8,0.6;13.2;2.9;0.6;0.6;0.6;33.9;27.8;3.8;1.8;28.2;47.5;1.2;0.3;0.0;0.0;0.0;0.0;0.0;0.0;0.0;0.0;0.6;0.0,35.31,0.06,0.01,3.62,14.383,0.783,41015.0,47460.0,4,16,,,,,,,,,,,,,,,,,,,,,,,,,,,,,,,,,,,,,,,,,,,,,,,,,,,,,,,,,,,,,
11,5,,,,,,,100,100,65,17,220.0,2730,10801,35,0,7.4,0.6;16.8;2.1;1.8;1.5;0.9;72.9;21.5;3.8;2.6;25.3;25.9;0.3;0.3;0.0;0.0;0.0;0.3;0.0;0.0;0.0;0.3;0.6;0.0,35.28,0.06,0.02,2.88,14.383,0.783,50000.0,332031.0,4,16,,,,,,,,,,,,,,,,,,,,,,,,,,,,,,,,,,,,,,,,,,,,,,,,,,,,,,,,,,,,,
11,6,,,,,,,96,83,66,20,210.6,2730,10801,35,0,6.9,1.7;11.0;2.3;0.9;0.3;1.2;43.2;19.1;2.9;3.2;21.4;56.5;0.3;0.3;0.3;0.0;0.3;0.0;0.0;0.0;0.0;0.0;0.3;0.3,35.26,0.06,0.04,2.35,14.383,0.783,40136.0,51367.0,4,16,,,,,,,,,,,,,,,,,,,,,,,,,,,,,,,,,,,,,,,,,,,,,,,,,,,,,,,,,,,,,
11,7,,,,,,,96,92,68,18,218.8,2730,10801,35,0,7.4,0.9;16.5;1.2;2.3;1.2;0.6;36.2;23.5;3.8;3.2;33.5;51.6;0.3;0.3;0.0;0.0;0.0;0.0;0.0;0.0;0.0;0.3;0.6;0.3,35.22,0.06,0.0,1.9,14.383,0.783,3662.0,13671.0,4,16,,,,,,,,,,,,,,,,,,,,,,,,,,,,,,,,,,,,,,,,,,,,,,,,,,,,,,,,,,,,,
11,8,,,,,,,100,92,64,19,219.3,2730,10801,35,0,7.1,0.6;9.3;1.8;1.8;1.2;0.3;61.2;21.8;4.7;2.9;37.4;24.2;1.5;0.6;0.0;0.0;0.0;0.0;0.0;0.0;0.0;0.3;0.6;0.0,35.23,0.06,0.04,1.6,14.383,0.783,4003.0,15673.0,4,16,,,,,,,,,,,,,,,,,,,,,,,,,,,,,,,,,,,,,,,,,,,,,,,,,,,,,,,,,,,,,
11,9,,,,,,,100,94,65,18,219.2,2730,10801,35,0,7.4,0.3;11.6;1.8;1.8;0.6;0.3;34.2;27.6;6.5;6.4;59.9;24.5;0.0;0.6;0.0;0.0;0.0;0.0;0.0;0.0;0.0;0.0;0.0;0.0,35.22,0.06,0.0,1.51,14.383,0.783,4492.0,16699.0,4,16,,,,,,,,,,,,,,,,,,,,,,,,,,,,,,,,,,,,,,,,,,,,,,,,,,,,,,,,,,,,,
11,10,,,,,,,96,91,65,18,209.6,2730,10801,35,0,7.2,0.6;11.0;1.7;0.6;0.6;0.0;28.9;24.0;5.2;3.2;54.3;39.6;0.9;0.0;0.0;0.6;0.0;0.0;0.0;0.0;0.6;0.6;0.3;0.0,35.21,0.06,0.02,3.44,14.383,0.783,8398.0,14257.0,4,16,,,,,,,,,,,,,,,,,,,,,,,,,,,,,,,,,,,,,,,,,,,,,,,,,,,,,,,,,,,,,
11,11,,,,,,,98,98,66,19,219.8,2730,10801,35,0,8.5,0.3;15.7;1.8;1.2;0.6;0.6;61.7;32.7;11.0;7.8;37.8;31.1;0.0;1.2;0.0;0.0;0.0;0.3;0.0;0.0;0.0;0.0;0.0;0.0,35.22,0.06,0.01,0.03,14.383,0.783,3906.0,118847.0,4,16,,,,,,,,,,,,,,,,,,,,,,,,,,,,,,,,,,,,,,,,,,,,,,,,,,,,,,,,,,,,,
11,12,,,,,,,97,87,65,19,221.1,2730,10801,36,0,7.4,0.9;26.5;2.1;0.3;0.0;0.9;42.2;23.1;2.9;1.8;38.4;35.2;0.3;0.3;0.0;0.0;0.0;0.0;0.0;0.0;0.0;0.6;0.0;0.0,35.21,0.06,0.0,0.01,14.383,0.783,3515.0,43066.0,4,16,,,,,,,,,,,,,,,,,,,,,,,,,,,,,,,,,,,,,,,,,,,,,,,,,,,,,,,,,,,,,
11,13,,,,,,,96,94,66,19,221.4,2730,10801,35,0,6.7,0.6;14.5;2.3;0.9;0.0;0.3;35.0;21.8;3.2;2.1;46.9;32.2;0.6;0.9;0.0;0.0;0.0;0.0;0.0;0.0;0.0;0.0;0.3;0.3,35.18,0.06,0.02,0.06,14.383,0.783,8251.0,11181.0,4,16,,,,,,,,,,,,,,,,,,,,,,,,,,,,,,,,,,,,,,,,,,,,,,,,,,,,,,,,,,,,,
11,14,,,,,,,100,94,65,18,211.9,2730,10801,35,0,6.2,0.6;12.3;0.9;0.3;0.0;0.3;59.9;13.9;1.2;1.7;37.2;16.2;0.3;0.3;0.0;0.0;0.0;0.0;0.0;0.0;0.0;0.6;0.0;0.0,35.2,0.06,0.04,0.11,14.383,0.783,3710.0,23876.0,4,16,,,,,,,,,,,,,,,,,,,,,,,,,,,,,,,,,,,,,,,,,,,,,,,,,,,,,,,,,,,,,
11,15,,,,,,,97,92,66,18,221.0,2730,10801,36,0,7.0,0.6;15.3;0.6;1.8;1.2;0.3;55.6;20.5;3.2;2.9;43.2;18.8;0.3;0.3;0.0;0.0;0.9;0.0;0.3;0.0;1.2;0.3;0.9;0.0,35.2,0.06,0.0,0.01,14.383,0.783,16357.0,10644.0,4,16,,,,,,,,,,,,,,,,,,,,,,,,,,,,,,,,,,,,,,,,,,,,,,,,,,,,,,,,,,,,,
11,16,,,,,,,97,94,67,18,221.3,2730,10801,35,0,6.9,1.5;15.8;0.6;1.2;0.3;0.6;18.8;22.6;2.6;1.8;45.2;49.4;0.3;0.9;2.9;0.6;0.0;0.0;0.0;0.0;0.0;0.0;0.6;0.0,35.21,0.06,0.01,0.06,14.383,0.783,13281.0,10253.0,4,16,,,,,,,,,,,,,,,,,,,,,,,,,,,,,,,,,,,,,,,,,,,,,,,,,,,,,,,,,,,,,
11,17,,,,,,,100,93,65,18,220.7,2730,10801,35,0,6.5,0.0;15.1;0.6;0.6;0.6;0.0;56.9;18.0;0.9;4.1;36.3;21.2;0.0;0.3;0.0;0.0;0.0;0.0;0.0;0.0;0.0;0.0;1.8;0.0,35.2,0.06,0.01,0.03,14.383,0.783,11035.0,13867.0,4,16,,,,,,,,,,,,,,,,,,,,,,,,,,,,,,,,,,,,,,,,,,,,,,,,,,,,,,,,,,,,,
11,18,,,,,,,100,94,67,17,213.0,2730,10801,35,0,6.7,0.0;14.6;1.7;0.9;0.9;0.3;50.6;19.9;2.6;1.4;44.1;21.0;0.3;0.3;0.0;0.0;0.0;0.0;0.0;0.0;0.0;0.0;0.6;0.0,35.2,0.06,0.0,0.01,14.383,0.783,13476.0,202490.0,4,16,,,,,,,,,,,,,,,,,,,,,,,,,,,,,,,,,,,,,,,,,,,,,,,,,,,,,,,,,,,,,
11,19,,,,,,,100,92,67,18,221.1,2730,10801,35,0,6.8,0.3;14.0;0.9;2.4;1.5;0.3;26.2;28.5;1.8;3.5;58.7;20.9;0.6;0.3;0.3;0.0;0.0;0.3;0.3;0.0;0.6;1.5;0.6;0.0,35.21,0.06,0.02,0.07,14.383,0.783,12792.0,13964.0,4,16,,,,,,,,,,,,,,,,,,,,,,,,,,,,,,,,,,,,,,,,,,,,,,,,,,,,,,,,,,,,,
11,20,,,,,,,97,93,65,17,220.8,2730,10801,35,0,6.9,1.2;11.5;2.4;0.9;2.1;0.9;53.8;19.5;1.8;3.0;50.0;13.6;0.3;0.0;0.0;0.0;0.0;0.3;0.0;0.0;0.3;1.2;1.8;0.0,35.2,0.06,0.04,0.09,14.383,0.783,15722.0,11816.0,4,16,,,,,,,,,,,,,,,,,,,,,,,,,,,,,,,,,,,,,,,,,,,,,,,,,,,,,,,,,,,,,
11,21,,,,,,,96,91,66,17,220.7,2730,10801,36,0,7.2,0.9;12.9;2.9;2.3;0.6;1.2;74.5;20.8;4.1;4.7;16.7;27.6;0.0;0.6;0.3;0.0;0.0;0.0;0.0;0.0;0.6;0.9;0.3;0.0,35.21,0.06,0.0,0.01,14.383,0.783,3955.0,21679.0,4,16,,,,,,,,,,,,,,,,,,,,,,,,,,,,,,,,,,,,,,,,,,,,,,,,,,,,,,,,,,,,,
11,22,,,,,,,100,96,66,16,211.3,2730,10801,36,0,7.1,0.6;16.5;1.4;2.0;1.4;1.2;24.3;24.9;6.1;4.0;48.0;37.6;0.6;0.6;0.0;0.0;0.0;0.0;0.0;0.0;0.3;0.0;0.3;0.3,35.21,0.06,0.05,0.12,14.383,0.783,3955.0,27636.0,4,16,,,,,,,,,,,,,,,,,,,,,,,,,,,,,,,,,,,,,,,,,,,,,,,,,,,,,,,,,,,,,
11,23,,,,,,,97,92,66,17,220.2,2730,10801,36,0,7.8,1.2;15.1;2.3;4.1;1.2;1.2;45.0;24.7;3.8;5.3;31.9;42.6;1.5;0.6;0.3;0.0;0.3;0.0;0.3;0.3;0.6;0.6;3.2;0.3,35.2,0.06,0.02,0.11,14.383,0.783,3906.0,19824.0,4,16,,,,,,,,,,,,,,,,,,,,,,,,,,,,,,,,,,,,,,,,,,,,,,,,,,,,,,,,,,,,,
11,24,,,,,,,99,100,66,17,221.2,2730,10801,35,0,7.7,1.5;13.3;2.1;3.8;0.9;1.8;71.9;28.9;3.5;5.0;22.2;27.3;0.0;0.0;0.0;0.3;0.0;0.3;0.0;0.0;0.3;0.0;0.9;0.0,35.21,0.06,0.0,0.01,14.383,0.783,4443.0,10205.0,4,16,,,,,,,,,,,,,,,,,,,,,,,,,,,,,,,,,,,,,,,,,,,,,,,,,,,,,,,,,,,,,
11,25,,,,,,,100,100,66,18,221.4,2730,10801,35,0,7.5,0.9;12.7;2.1;2.1;1.5;0.9;34.2;24.3;5.5;3.5;26.7;60.9;1.2;0.9;0.3;0.3;0.0;0.9;0.3;0.0;0.3;0.3;0.6;0.3,35.19,0.06,0.01,0.04,14.383,0.783,9912.0,260253.0,4,16,,,,,,,,,,,,,,,,,,,,,,,,,,,,,,,,,,,,,,,,,,,,,,,,,,,,,,,,,,,,,
11,26,,,,,,,100,100,67,18,213.6,2730,10801,36,0,6.9,0.6;14.3;1.5;1.4;0.3;0.6;35.8;24.6;4.7;2.9;54.8;22.6;1.2;0.6;0.0;0.0;0.3;0.0;0.0;0.0;0.0;0.0;0.0;0.0,35.19,0.06,0.01,0.05,14.383,0.783,16357.0,10205.0,4,16,,,,,,,,,,,,,,,,,,,,,,,,,,,,,,,,,,,,,,,,,,,,,,,,,,,,,,,,,,,,,
11,27,,,,,,,100,98,67,18,221.4,2730,10801,36,0,7.3,0.3;12.9;2.1;1.2;0.9;0.3;65.0;16.7;3.8;4.4;26.7;37.0;0.6;0.6;0.0;0.0;0.3;0.0;0.0;0.0;0.0;0.9;0.6;0.0,35.2,0.06,0.0,0.02,14.383,0.783,32373.0,52929.0,4,16,,,,,,,,,,,,,,,,,,,,,,,,,,,,,,,,,,,,,,,,,,,,,,,,,,,,,,,,,,,,,
11,28,,,,,,,100,92,68,16,221.1,2730,10801,36,0,7.6,0.6;12.7;0.6;2.9;0.6;0.6;37.6;30.8;1.8;4.4;14.3;73.1;0.6;0.0;0.0;0.0;0.0;0.0;0.0;0.0;0.0;0.6;0.0;0.0,35.2,0.06,0.03,0.08,14.383,0.783,24414.0,54687.0,4,16,,,,,,,,,,,,,,,,,,,,,,,,,,,,,,,,,,,,,,,,,,,,,,,,,,,,,,,,,,,,,
11,29,,,,,,,97,94,65,17,221.6,2730,10801,35,0,8.7,0.9;31.5;2.6;1.8;0.6;0.9;38.9;28.2;2.9;5.6;56.4;29.2;2.1;0.9;0.0;0.3;0.6;0.0;0.0;0.0;0.6;0.0;0.6;0.0,35.2,0.06,0.03,0.09,14.383,0.783,45166.0,48583.0,4,16,,,,,,,,,,,,,,,,,,,,,,,,,,,,,,,,,,,,,,,,,,,,,,,,,,,,,,,,,,,,,
11,30,,,,,,,100,90,68,18,212.8,2730,10801,36,0,6.7,1.2;16.3;1.2;1.5;0.9;0.3;70.6;13.9;2.9;2.9;17.4;27.0;0.3;0.3;0.0;0.0;0.0;0.0;0.0;0.0;0.0;0.9;2.0;0.3,35.19,0.06,0.0,0.02,14.383,0.783,26318.0,70947.0,4,16,,,,,,,,,,,,,,,,,,,,,,,,,,,,,,,,,,,,,,,,,,,,,,,,,,,,,,,,,,,,,
11,31,,,,,,,100,93,67,18,220.4,2730,10801,36,0,6.7,0.9;12.6;0.6;1.5;0.0;0.3;36.3;24.0;3.2;4.4;43.6;29.8;0.9;0.9;0.0;0.0;0.0;0.0;0.0;0.0;0.0;0.0;0.3;0.0,35.2,0.06,0.01,0.04,14.383,0.783,3613.0,38037.0,4,16,,,,,,,,,,,,,,,,,,,,,,,,,,,,,,,,,,,,,,,,,,,,,,,,,,,,,,,,,,,,,
11,32,,,,,,,96,89,66,17,219.8,2730,10801,36,0,6.6,0.6;13.7;0.6;0.6;0.3;0.3;31.3;24.8;2.4;4.1;46.9;31.0;0.0;0.3;0.3;0.0;0.0;0.0;0.0;0.0;0.6;1.2;0.3;0.0,35.2,0.06,0.01,0.05,14.383,0.783,4199.0,15429.0,4,16,,,,,,,,,,,,,,,,,,,,,,,,,,,,,,,,,,,,,,,,,,,,,,,,,,,,,,,,,,,,,
11,33,,,,,,,100,100,68,18,221.4,2730,10801,36,0,7.2,2.6;13.2;0.3;1.8;0.9;0.3;62.6;27.2;2.1;4.1;25.8;26.6;0.9;0.6;0.0;0.0;0.0;0.6;0.0;0.0;0.9;1.2;1.2;0.0,35.19,0.06,0.01,0.04,14.383,0.783,4150.0,23535.0,4,16,,,,,,,,,,,,,,,,,,,,,,,,,,,,,,,,,,,,,,,,,,,,,,,,,,,,,,,,,,,,,
11,34,,,,,,,97,86,66,18,211.6,2730,10801,36,0,6.5,0.9;16.2;0.3;0.9;1.2;1.4;34.4;28.9;1.7;2.9;14.7;49.6;0.3;0.3;0.0;0.0;0.0;0.0;0.0;0.0;0.9;0.0;0.0;0.3,35.2,0.06,0.01,0.04,14.383,0.783,3613.0,22998.0,4,16,,,,,,,,,,,,,,,,,,,,,,,,,,,,,,,,,,,,,,,,,,,,,,,,,,,,,,,,,,,,,
11,35,,,,,,,100,100,67,19,219.7,2730,10801,36,0,6.8,1.2;15.9;0.9;0.9;0.9;0.3;27.7;29.5;1.5;4.1;21.6;56.7;0.6;0.3;0.0;0.0;0.0;0.0;0.0;0.0;0.0;0.0;0.9;0.0,35.2,0.06,0.03,0.06,14.383,0.783,16113.0,199365.0,4,16,,,,,,,,,,,,,,,,,,,,,,,,,,,,,,,,,,,,,,,,,,,,,,,,,,,,,,,,,,,,,
11,36,,,,,,,100,94,68,18,220.5,2730,10801,36,0,6.4,0.3;10.1;1.5;0.6;0.6;0.0;55.4;20.4;1.8;2.9;19.9;37.6;0.6;0.3;0.0;0.0;0.0;0.0;0.0;0.0;0.3;0.6;0.6;0.0,35.18,0.06,0.02,0.06,14.383,0.783,3759.0,26562.0,4,16,,,,,,,,,,,,,,,,,,,,,,,,,,,,,,,,,,,,,,,,,,,,,,,,,,,,,,,,,,,,,
11,37,,,,,,,100,95,66,19,222.2,2730,10801,36,0,7.2,2.3;15.5;1.5;2.6;0.9;0.0;60.6;20.0;1.8;3.8;17.9;39.0;0.6;0.0;0.6;0.0;0.0;0.0;0.0;0.0;2.6;2.3;0.9;0.0,35.2,0.06,0.02,0.07,14.383,0.783,3613.0,27050.0,4,16,,,,,,,,,,,,,,,,,,,,,,,,,,,,,,,,,,,,,,,,,,,,,,,,,,,,,,,,,,,,,
11,38,,,,,,,96,91,66,18,219.1,2730,10801,36,0,7.1,1.7;20.4;1.4;1.2;0.6;0.6;29.3;29.8;2.6;4.9;21.1;53.2;0.0;0.3;0.0;0.0;0.0;0.0;0.0;0.0;0.6;0.9;0.9;0.0,35.2,0.06,0.01,0.06,14.383,0.783,9277.0,16699.0,4,16,,,,,,,,,,,,,,,,,,,,,,,,,,,,,,,,,,,,,,,,,,,,,,,,,,,,,,,,,,,,,
11,39,,,,,,,100,96,66,18,221.9,2730,10801,36,0,6.6,1.8;14.3;2.9;2.4;0.6;0.9;30.6;23.8;3.5;2.9;39.8;27.1;0.3;0.9;0.0;0.0;0.3;0.0;0.0;0.0;0.6;0.9;2.9;0.6,35.2,0.06,0.0,0.02,14.383,0.783,15869.0,12744.0,4,16,,,,,,,,,,,,,,,,,,,,,,,,,,,,,,,,,,,,,,,,,,,,,,,,,,,,,,,,,,,,,
11,40,,,,,,,97,91,66,18,220.0,2730,10801,36,0,5.9,2.2;13.0;3.0;0.9;0.0;0.4;15.2;33.9;1.3;2.6;8.3;58.7;0.0;0.0;0.0;0.0;0.0;0.0;0.0;0.0;0.9;0.4;0.9;0.0,35.2,0.06,0.02,0.05,14.383,0.783,27197.0,105175.0,4,16,,,,,,,,,,,,,,,,,,,,,,,,,,,,,,,,,,,,,,,,,,,,,,,,,,,,,,,,,,,,,
11,summary,0.4689249272391802,0.9543520226194663,0.4644530490192275,0.9554697031313543,0.00099320,218.4,,,,,,,,,,,,,,,,,,,,,,2,96.03,100,1,91.12,100,58,65.9,68,16,18.15,26,163.7,217.3,222.2,2730.4,10801.0,35.5,0,5.9,8.14,50.3,35.18,35.22,35.39,63.16,0.06,0.06,0.06,16.0,0.0,0.01,0.05,0.01,0.78,7.97,10.736,13.6,14.383,14.38,14.383,15.992,0.783,0.78,0.783,3515.0,14264.75,50000.0,10205.0,56927.0,332031.0,4,4.0,4,16,16.0,16,4,16,165.99,40.56
12,1,,,,,,,5,1,59,20,172.5,2745,10801,36,0,50.5,62.1;69.8;89.8;89.0;83.2;85.4;98.4;97.8;90.1;91.9;98.5;97.7;52.9;58.6;1.5;1.7;10.8;11.0;0.6;0.9;5.5;6.6;3.2;3.4,35.38,0.06,0.01,0.05,14.383,0.783,9277.0,182324.0,4,16,,,,,,,,,,,,,,,,,,,,,,,,,,,,,,,,,,,,,,,,,,,,,,,,,,,,,,,,,,,,,
12,2,,,,,,,100,94,65,18,220.9,2730,10801,36,0,6.8,0.3;10.6;0.3;2.7;0.6;0.3;58.7;23.0;4.4;2.9;27.4;29.5;1.2;0.3;0.0;0.0;0.0;0.0;0.0;0.3;0.0;0.0;0.6;0.3,35.32,0.06,0.01,8.36,14.383,0.783,14355.0,15625.0,4,16,,,,,,,,,,,,,,,,,,,,,,,,,,,,,,,,,,,,,,,,,,,,,,,,,,,,,,,,,,,,,
12,3,,,,,,,100,93,66,17,220.6,2730,10801,36,0,6.9,0.9;11.7;1.2;1.5;0.9;0.3;26.3;31.3;4.4;2.9;18.4;65.4;0.0;0.6;0.0;0.0;0.3;0.0;0.0;0.0;0.0;0.6;0.0;0.0,35.31,0.06,0.01,3.43,14.383,0.783,23779.0,60693.0,4,16,,,,,,,,,,,,,,,,,,,,,,,,,,,,,,,,,,,,,,,,,,,,,,,,,,,,,,,,,,,,,
12,4,,,,,,,97,92,66,19,220.2,2730,10801,36,0,7.6,2.6;16.9;1.2;3.8;0.9;0.9;36.5;30.4;3.2;4.9;15.9;58.7;0.0;0.9;0.0;0.0;0.0;0.0;0.0;0.0;0.9;0.0;2.3;0.9,35.29,0.06,0.01,3.55,14.383,0.783,29931.0,51074.0,4,16,,,,,,,,,,,,,,,,,,,,,,,,,,,,,,,,,,,,,,,,,,,,,,,,,,,,,,,,,,,,,
12,5,,,,,,,100,98,66,19,220.2,2730,10801,36,0,8.6,2.0;17.2;1.5;2.3;0.9;1.5;35.2;65.7;5.5;6.7;30.5;32.3;0.0;0.6;0.3;0.6;0.0;0.3;0.3;0.0;0.0;0.0;1.2;0.3,35.27,0.06,0.0,3.03,14.383,0.783,42675.0,40625.0,4,16,,,,,,,,,,,,,,,,,,,,,,,,,,,,,,,,,,,,,,,,,,,,,,,,,,,,,,,,,,,,,
12,6,,,,,,,99,91,66,18,221.2,2730,10801,36,0,7.6,0.3;29.2;0.9;1.8;0.3;0.3;28.8;20.6;3.2;2.4;23.5;65.3;0.6;0.3;0.0;0.0;0.3;0.0;0.0;0.0;0.0;0.3;0.0;0.0,35.26,0.06,0.02,2.97,14.383,0.783,32177.0,67187.0,4,16,,,,,,,,,,,,,,,,,,,,,,,,,,,,,,,,,,,,,,,,,,,,,,,,,,,,,,,,,,,,,
12,7,,,,,,,96,87,66,17,220.2,2730,10801,36,0,6.7,0.0;14.8;1.2;0.9;0.0;1.2;14.7;41.5;3.2;2.1;24.9;52.6;0.3;0.0;0.0;0.0;0.3;0.0;0.0;0.0;0.3;1.2;0.0;0.0,35.25,0.06,0.02,2.13,14.383,0.783,3515.0,24023.0,4,16,,,,,,,,,,,,,,,,,,,,,,,,,,,,,,,,,,,,,,,,,,,,,,,,,,,,,,,,,,,,,
12,8,,,,,,,100,98,67,17,219.8,2730,10801,36,0,6.2,0.3;11.7;0.9;0.6;0.3;0.3;58.8;31.8;2.0;3.2;14.7;24.0;0.3;0.0;0.0;0.0;0.0;0.0;0.0;0.0;0.0;0.0;0.0;0.0,35.24,0.06,0.0,1.49,14.383,0.783,3466.0,27783.0,4,16,,,,,,,,,,,,,,,,,,,,,,,,,,,,,,,,,,,,,,,,,,,,,,,,,,,,,,,,,,,,,
12,9,,,,,,,97,86,67,18,220.2,2730,10801,36,0,6.6,0.0;12.7;0.9;0.6;0.9;0.3;39.5;23.6;0.6;3.8;16.8;55.8;0.6;0.3;0.6;0.3;0.0;0.0;0.0;0.0;0.3;0.0;0.6;0.0,35.24,0.06,0.01,1.56,14.383,0.783,3857.0,14501.0,4,16,,,,,,,,,,,,,,,,,,,,,,,,,,,,,,,,,,,,,,,,,,,,,,,,,,,,,,,,,,,,,
12,10,,,,,,,96,94,67,19,219.9,2730,10801,36,0,6.5,0.9;12.5;1.2;2.1;0.6;0.6;17.7;38.1;1.2;3.2;16.5;59.9;0.3;0.3;0.0;0.0;0.0;0.0;0.0;0.0;0.6;0.0;0.3;0.3,35.23,0.06,0.05,3.9,14.383,0.783,4052.0,31982.0,4,16,,,,,,,,,,,,,,,,,,,,,,,,,,,,,,,,,,,,,,,,,,,,,,,,,,,,,,,,,,,,,
12,11,,,,,,,100,98,65,18,219.8,2730,10801,36,0,6.6,0.3;11.7;1.5;0.9;0.6;0.0;45.5;46.5;1.5;2.6;12.6;31.2;0.3;0.6;0.0;0.0;0.0;0.0;0.0;0.0;0.6;1.2;0.0;0.0,35.21,0.06,0.01,0.05,14.383,0.783,9033.0,268505.0,4,16,,,,,,,,,,,,,,,,,,,,,,,,,,,,,,,,,,,,,,,,,,,,,,,,,,,,,,,,,,,,,
12,12,,,,,,,97,94,67,18,220.5,2730,10801,36,0,6.7,0.9;16.3;0.6;1.4;0.0;0.6;37.7;26.4;1.4;3.5;20.0;48.1;0.3;0.3;0.0;0.0;0.0;0.0;0.0;0.0;0.3;0.0;2.9;0.3,35.18,0.06,0.01,0.05,14.383,0.783,4199.0,18750.0,4,16,,,,,,,,,,,,,,,,,,,,,,,,,,,,,,,,,,,,,,,,,,,,,,,,,,,,,,,,,,,,,
12,13,,,,,,,96,92,67,18,220.4,2730,10801,36,0,6.4,0.3;10.3;0.9;0.3;0.0;0.3;19.4;27.9;2.9;2.1;11.5;71.2;0.9;0.0;0.0;0.0;0.0;0.0;0.0;0.0;0.0;0.6;4.6;0.6,35.2,0.06,0.01,0.03,14.383,0.783,4101.0,16601.0,4,16,,,,,,,,,,,,,,,,,,,,,,,,,,,,,,,,,,,,,,,,,,,,,,,,,,,,,,,,,,,,,
12,14,,,,,,,100,94,65,18,220.6,2730,10801,36,0,6.7,0.6;13.7;0.6;0.9;0.6;0.6;15.8;69.6;4.1;2.9;16.7;32.3;0.6;0.9;0.0;0.0;0.0;0.0;0.0;0.0;0.3;0.0;0.6;0.0,35.2,0.06,0.0,0.02,14.383,0.783,9375.0,19531.0,4,16,,,,,,,,,,,,,,,,,,,,,,,,,,,,,,,,,,,,,,,,,,,,,,,,,,,,,,,,,,,,,
12,15,,,,,,,100,95,66,19,221.5,2730,10801,36,0,6.6,0.3;11.7;0.3;0.6;0.6;0.6;36.0;32.4;2.4;4.4;22.4;44.0;0.3;0.3;0.0;0.0;0.0;0.0;0.0;0.0;0.0;0.6;0.9;0.0,35.21,0.06,0.02,0.08,14.383,0.783,13378.0,24267.0,4,16,,,,,,,,,,,,,,,,,,,,,,,,,,,,,,,,,,,,,,,,,,,,,,,,,,,,,,,,,,,,,
12,16,,,,,,,96,91,66,18,220.7,2730,10801,36,0,7.1,1.4;16.7;1.4;2.3;0.3;0.3;25.4;37.0;2.6;4.3;17.1;56.5;0.0;0.6;0.0;0.0;0.0;0.0;0.0;0.6;0.0;1.2;0.0;1.4,35.2,0.06,0.02,0.06,14.383,0.783,12646.0,13867.0,4,16,,,,,,,,,,,,,,,,,,,,,,,,,,,,,,,,,,,,,,,,,,,,,,,,,,,,,,,,,,,,,
12,17,,,,,,,99,100,66,19,220.9,2730,10801,36,0,6.9,0.3;13.8;1.5;1.8;1.5;0.0;36.7;45.3;3.2;3.8;16.5;39.3;0.0;0.0;0.0;0.0;0.6;0.0;0.0;0.3;0.3;0.0;1.2;0.3,35.21,0.06,0.0,0.02,14.383,0.783,3662.0,29101.0,4,16,,,,,,,,,,,,,,,,,,,,,,,,,,,,,,,,,,,,,,,,,,,,,,,,,,,,,,,,,,,,,
12,18,,,,,,,99,96,66,18,222.1,2730,10801,36,0,7.3,2.1;13.5;1.8;2.4;1.2;0.3;18.8;58.5;2.9;3.5;24.3;39.4;0.3;1.2;0.3;0.0;0.0;0.0;0.3;0.0;0.0;0.0;2.3;1.8,35.21,0.06,0.01,0.04,14.383,0.783,12255.0,11132.0,4,16,,,,,,,,,,,,,,,,,,,,,,,,,,,,,,,,,,,,,,,,,,,,,,,,,,,,,,,,,,,,,
12,19,,,,,,,96,83,66,18,222.0,2730,10801,36,0,7.2,1.2;11.7;1.8;1.2;0.6;1.2;22.1;38.5;2.7;3.8;29.8;53.6;0.3;0.6;0.0;0.0;0.0;0.0;0.0;0.6;0.3;1.2;0.6;0.0,35.19,0.06,0.01,0.05,14.383,0.783,4248.0,29345.0,4,16,,,,,,,,,,,,,,,,,,,,,,,,,,,,,,,,,,,,,,,,,,,,,,,,,,,,,,,,,,,,,
12,20,,,,,,,100,100,65,17,221.2,2730,10801,36,0,7.0,1.7;13.2;2.0;0.0;0.6;0.3;27.7;56.2;0.9;2.9;24.7;32.1;0.9;0.3;0.0;0.0;0.0;0.3;0.3;0.0;0.0;0.3;1.2;0.9,35.2,0.06,0.01,0.04,14.383,0.783,4199.0,22753.0,4,16,,,,,,,,,,,,,,,,,,,,,,,,,,,,,,,,,,,,,,,,,,,,,,,,,,,,,,,,,,,,,
12,21,,,,,,,97,85,65,18,222.4,2730,10801,36,0,7.2,0.9;15.3;1.5;0.3;0.3;0.0;57.6;27.7;3.2;4.7;18.5;39.1;0.6;0.0;0.0;0.0;0.0;0.0;0.0;0.0;0.0;0.6;0.6;0.3,35.19,0.06,0.04,0.13,14.383,0.783,91894.0,132568.0,4,16,,,,,,,,,,,,,,,,,,,,,,,,,,,,,,,,,,,,,,,,,,,,,,,,,,,,,,,,,,,,,
12,22,,,,,,,96,89,66,19,221.6,2730,10801,36,0,7.9,0.6;14.2;1.5;2.3;0.3;0.6;33.9;27.8;3.5;6.1;26.5;70.7;0.6;0.0;0.0;0.0;0.0;0.0;0.0;0.0;0.3;0.6;0.0;0.0,35.19,0.06,0.01,0.06,14.383,0.783,5078.0,12500.0,4,16,,,,,,,,,,,,,,,,,,,,,,,,,,,,,,,,,,,,,,,,,,,,,,,,,,,,,,,,,,,,,
12,23,,,,,,,100,100,66,18,221.5,2730,10801,36,0,8.4,0.9;27.1;0.9;2.9;0.9;0.9;54.7;25.4;3.5;4.1;30.3;46.0;0.3;0.3;0.0;0.0;0.0;0.0;0.0;0.0;0.0;0.0;0.0;0.0,35.19,0.06,0.01,0.03,14.383,0.783,10937.0,10058.0,4,16,,,,,,,,,,,,,,,,,,,,,,,,,,,,,,,,,,,,,,,,,,,,,,,,,,,,,,,,,,,,,
12,24,,,,,,,96,88,66,17,221.5,2730,10801,36,0,6.7,0.6;17.5;1.2;2.0;0.6;0.3;53.5;28.0;1.2;3.5;35.3;14.4;0.0;0.3;0.6;0.0;0.0;0.0;0.0;0.0;0.3;0.0;1.1;0.0,35.17,0.06,0.01,0.03,14.383,0.783,13476.0,10791.0,4,16,,,,,,,,,,,,,,,,,,,,,,,,,,,,,,,,,,,,,,,,,,,,,,,,,,,,,,,,,,,,,
12,25,,,,,,,100,91,66,17,220.2,2730,10801,36,0,6.9,1.5;13.1;1.2;1.5;0.3;0.3;40.1;13.1;2.3;2.9;28.9;55.4;0.6;0.6;0.0;0.0;0.3;0.0;0.0;0.0;0.0;0.0;0.9;1.5,35.2,0.06,0.02,0.07,14.383,0.783,6152.0,203271.0,4,16,,,,,,,,,,,,,,,,,,,,,,,,,,,,,,,,,,,,,,,,,,,,,,,,,,,,,,,,,,,,,
12,26,,,,,,,97,92,65,17,220.0,2730,10801,36,0,6.6,0.6;13.2;0.0;0.3;0.6;0.9;47.9;16.1;2.6;1.2;18.8;51.8;0.3;0.6;0.0;0.0;0.0;0.0;0.0;0.0;0.0;2.3;0.0;0.3,35.19,0.06,0.04,0.09,14.383,0.783,16113.0,40380.0,4,16,,,,,,,,,,,,,,,,,,,,,,,,,,,,,,,,,,,,,,,,,,,,,,,,,,,,,,,,,,,,,
12,27,,,,,,,99,100,65,17,220.8,2730,10801,36,0,6.8,0.0;15.6;0.9;1.7;0.3;0.0;51.7;27.0;2.9;2.3;27.5;29.9;0.6;0.6;0.0;0.0;0.0;0.0;0.0;0.0;0.0;1.4;0.6;0.3,35.19,0.06,0.0,0.01,14.383,0.783,45263.0,49169.0,4,16,,,,,,,,,,,,,,,,,,,,,,,,,,,,,,,,,,,,,,,,,,,,,,,,,,,,,,,,,,,,,
12,28,,,,,,,96,92,65,18,220.3,2730,10801,36,0,6.5,0.9;13.0;1.2;0.0;1.2;0.0;39.0;15.7;1.7;2.3;10.1;67.0;0.9;0.3;0.0;0.0;0.0;0.0;0.0;0.0;0.0;0.0;2.3;0.0,35.19,0.06,0.01,0.05,14.383,0.783,42236.0,52929.0,4,16,,,,,,,,,,,,,,,,,,,,,,,,,,,,,,,,,,,,,,,,,,,,,,,,,,,,,,,,,,,,,
12,29,,,,,,,97,90,65,18,219.3,2730,10801,36,0,6.9,0.3;16.1;2.1;1.2;0.9;0.0;37.6;22.3;3.5;3.8;17.6;57.8;0.0;0.3;0.0;0.0;0.0;0.0;0.0;0.0;0.0;0.0;0.9;0.6,35.19,0.06,0.01,0.04,14.383,0.783,32128.0,49169.0,4,16,,,,,,,,,,,,,,,,,,,,,,,,,,,,,,,,,,,,,,,,,,,,,,,,,,,,,,,,,,,,,
12,30,,,,,,,100,93,67,19,220.8,2730,10801,36,0,7.4,1.8;15.6;1.5;1.2;1.8;0.9;59.4;25.1;5.0;4.1;26.8;28.8;1.2;0.6;0.0;0.0;0.0;0.6;0.0;0.3;0.3;0.6;0.0;0.3,35.19,0.06,0.02,0.06,14.383,0.783,47412.0,56689.0,4,16,,,,,,,,,,,,,,,,,,,,,,,,,,,,,,,,,,,,,,,,,,,,,,,,,,,,,,,,,,,,,
12,31,,,,,,,98,93,65,19,220.2,2730,10801,36,0,6.8,0.9;13.2;0.3;2.0;0.9;0.3;38.7;28.1;2.9;2.9;19.6;49.3;0.3;0.9;0.0;0.0;0.0;0.3;0.0;0.0;0.0;0.0;1.2;0.3,35.2,0.06,0.0,0.02,14.383,0.783,3906.0,22949.0,4,16,,,,,,,,,,,,,,,,,,,,,,,,,,,,,,,,,,,,,,,,,,,,,,,,,,,,,,,,,,,,,
12,32,,,,,,,100,100,65,18,219.8,2730,10801,36,0,7.4,1.7;18.0;2.9;2.0;0.6;0.3;30.1;32.7;2.9;3.2;23.6;55.1;0.6;0.3;0.0;0.0;0.0;0.0;0.0;0.0;0.0;0.3;0.0;1.2,35.19,0.06,0.01,0.04,14.383,0.783,8105.0,10156.0,4,16,,,,,,,,,,,,,,,,,,,,,,,,,,,,,,,,,,,,,,,,,,,,,,,,,,,,,,,,,,,,,
12,33,,,,,,,98,89,65,18,220.1,2730,10801,36,0,7.4,0.6;14.8;1.5;2.1;0.6;1.2;66.8;23.3;4.4;4.1;26.5;28.4;1.2;0.9;0.0;0.0;0.0;0.0;0.0;0.3;0.0;0.9;0.6;0.0,35.2,0.06,0.01,0.06,14.383,0.783,16503.0,15625.0,4,16,,,,,,,,,,,,,,,,,,,,,,,,,,,,,,,,,,,,,,,,,,,,,,,,,,,,,,,,,,,,,
12,34,,,,,,,96,85,67,18,220.4,2730,10801,36,0,7.1,0.0;14.2;2.9;1.8;1.2;0.9;45.0;19.9;5.3;2.4;25.2;50.0;0.9;0.3;0.0;0.0;0.0;0.0;0.0;0.0;0.0;0.6;0.0;0.0,35.19,0.06,0.02,0.07,14.383,0.783,4199.0,15869.0,4,16,,,,,,,,,,,,,,,,,,,,,,,,,,,,,,,,,,,,,,,,,,,,,,,,,,,,,,,,,,,,,
12,35,,,,,,,96,92,67,19,220.8,2730,10801,36,0,8.2,1.2;13.7;3.5;2.6;1.2;1.2;38.7;23.3;8.2;5.5;25.3;65.0;0.9;0.6;0.0;0.0;0.6;0.0;0.0;0.3;1.2;1.5;0.3;0.6,35.19,0.06,0.0,0.03,14.383,0.783,3662.0,24804.0,4,16,,,,,,,,,,,,,,,,,,,,,,,,,,,,,,,,,,,,,,,,,,,,,,,,,,,,,,,,,,,,,
12,36,,,,,,,96,87,65,17,220.7,2730,10801,36,0,7.3,1.2;13.1;2.6;1.7;0.9;0.0;59.2;17.6;4.9;2.6;27.6;39.5;0.0;0.6;0.3;0.0;0.0;0.0;0.0;0.0;0.3;1.2;1.4;0.6,35.21,0.06,0.01,0.03,14.383,0.783,4296.0,19287.0,4,16,,,,,,,,,,,,,,,,,,,,,,,,,,,,,,,,,,,,,,,,,,,,,,,,,,,,,,,,,,,,,
12,37,,,,,,,97,93,68,18,221.2,2730,10801,36,0,7.1,0.6;12.1;0.9;1.2;0.3;0.3;51.5;19.3;5.8;2.3;26.1;46.6;0.9;0.6;0.0;0.0;0.0;0.0;0.0;0.0;0.0;0.0;0.0;0.9,35.2,0.06,0.01,0.06,14.383,0.783,24072.0,11376.0,4,16,,,,,,,,,,,,,,,,,,,,,,,,,,,,,,,,,,,,,,,,,,,,,,,,,,,,,,,,,,,,,
12,38,,,,,,,97,92,65,17,220.7,2730,10801,36,0,7.9,1.2;14.5;4.1;0.9;1.8;2.4;36.8;23.8;7.4;3.8;22.6;67.3;0.9;0.6;0.0;0.3;0.0;0.0;0.0;0.6;0.0;0.3;0.0;0.6,35.19,0.06,0.02,0.06,14.383,0.783,16406.0,10498.0,4,16,,,,,,,,,,,,,,,,,,,,,,,,,,,,,,,,,,,,,,,,,,,,,,,,,,,,,,,,,,,,,
12,39,,,,,,,100,93,67,19,221.8,2730,10801,36,0,6.5,2.1;12.2;0.6;1.2;0.6;0.0;24.6;16.8;2.9;1.8;31.5;59.0;0.0;0.0;0.0;0.0;0.0;0.0;0.0;0.3;0.6;1.2;0.0;0.6,35.18,0.06,0.02,0.06,14.383,0.783,16455.0,10546.0,4,16,,,,,,,,,,,,,,,,,,,,,,,,,,,,,,,,,,,,,,,,,,,,,,,,,,,,,,,,,,,,,
12,40,,,,,,,96,92,66,18,219.8,2730,10801,36,0,6.9,0.0;16.7;0.4;0.8;1.3;0.0;29.8;67.4;5.9;3.8;15.9;22.7;0.0;0.0;0.0;0.0;0.0;0.0;0.0;0.0;0.0;0.0;0.0;0.0,35.18,0.06,0.0,0.05,14.383,0.783,3662.0,200097.0,4,16,,,,,,,,,,,,,,,,,,,,,,,,,,,,,,,,,,,,,,,,,,,,,,,,,,,,,,,,,,,,,
12,summary,0.467559854551705,0.9534908754278825,0.46782060206639375,0.9572590483936559,0.00099185,218.4,,,,,,,,,,,,,,,,,,,,,,5,95.62,100,1,90.33,100,59,65.75,68,17,18.05,20,172.5,219.48,222.4,2730.4,10801.0,36.0,0,6.2,8.16,50.5,35.17,35.22,35.38,63.16,0.06,0.06,0.06,16.0,0.0,0.01,0.05,0.01,0.8,8.36,10.734,13.6,14.383,14.38,14.383,15.992,0.783,0.78,0.783,3466.0,16403.38,91894.0,10058.0,48210.0,268505.0,4,4.0,4,16,16.0,16,4,16,166.69,39.87
13,1,,,,,,,8,2,60,23,175.7,2745,10801,36,0,50.6,63.9;71.3;85.9;87.5;84.8;83.3;98.2;97.2;88.8;90.3;97.4;97.3;53.2;58.2;2.0;2.4;16.9;12.4;0.6;0.8;7.7;6.3;3.2;3.3,35.37,0.06,0.02,0.04,14.383,0.783,3759.0,15380.0,4,16,,,,,,,,,,,,,,,,,,,,,,,,,,,,,,,,,,,,,,,,,,,,,,,,,,,,,,,,,,,,,
13,2,,,,,,,96,92,65,19,219.2,2730,10801,35,0,6.7,0.9;13.0;0.6;0.3;0.0;0.9;66.5;15.9;2.7;1.2;24.9;29.7;0.3;0.0;0.0;0.0;0.0;0.0;0.0;0.0;0.0;0.0;1.8;0.9,35.32,0.06,0.01,8.19,14.383,0.783,16601.0,13769.0,4,16,,,,,,,,,,,,,,,,,,,,,,,,,,,,,,,,,,,,,,,,,,,,,,,,,,,,,,,,,,,,,
13,3,,,,,,,100,93,66,19,220.9,2730,10801,35,0,6.9,0.6;13.4;1.2;1.5;0.6;0.6;28.9;28.7;3.5;1.5;50.1;31.5;0.6;0.0;0.0;0.0;0.3;0.0;0.0;0.0;0.3;0.0;1.2;1.2,35.3,0.06,0.01,3.41,14.383,0.783,88574.0,158984.0,4,16,,,,,,,,,,,,,,,,,,,,,,,,,,,,,,,,,,,,,,,,,,,,,,,,,,,,,,,,,,,,,
13,4,,,,,,,96,81,65,19,221.3,2730,10801,35,0,6.8,0.6;10.7;1.8;0.6;0.9;0.6;44.0;18.9;3.8;3.8;17.1;55.9;0.6;0.3;0.0;0.3;0.0;0.0;0.0;1.2;0.6;0.6;0.0;0.6,35.28,0.06,0.01,3.81,14.383,0.783,47363.0,59326.0,4,16,,,,,,,,,,,,,,,,,,,,,,,,,,,,,,,,,,,,,,,,,,,,,,,,,,,,,,,,,,,,,
13,5,,,,,,,100,97,66,19,219.8,2730,10801,35,0,7.1,1.2;19.8;2.3;0.3;0.9;0.3;55.0;21.6;3.7;1.4;22.2;36.4;0.3;0.6;0.0;0.0;0.0;0.0;0.0;0.0;1.2;1.1;0.3;0.3,35.27,0.06,0.02,3.01,14.383,0.783,44873.0,58789.0,4,16,,,,,,,,,,,,,,,,,,,,,,,,,,,,,,,,,,,,,,,,,,,,,,,,,,,,,,,,,,,,,
13,6,,,,,,,96,84,66,19,220.9,2730,10801,36,0,7.2,2.3;14.2;1.2;2.6;1.5;0.0;38.7;27.0;3.2;1.8;34.3;40.9;0.6;0.0;0.0;0.0;0.3;0.0;0.0;0.0;0.0;0.6;2.0;0.9,35.25,0.06,0.01,2.31,14.383,0.783,37500.0,244824.0,4,16,,,,,,,,,,,,,,,,,,,,,,,,,,,,,,,,,,,,,,,,,,,,,,,,,,,,,,,,,,,,,
13,7,,,,,,,96,92,68,20,220.3,2730,10801,35,0,6.9,0.3;18.1;1.8;1.2;0.6;0.6;36.0;19.2;4.1;1.8;16.8;61.4;0.9;0.3;0.6;0.0;0.3;0.0;0.0;0.0;0.0;1.2;0.6;0.0,35.25,0.06,0.01,2.09,14.383,0.783,3808.0,23242.0,4,16,,,,,,,,,,,,,,,,,,,,,,,,,,,,,,,,,,,,,,,,,,,,,,,,,,,,,,,,,,,,,
13,8,,,,,,,97,93,66,19,219.6,2730,10801,35,0,7.0,1.2;13.7;0.9;1.2;1.2;1.2;60.3;24.9;5.9;2.3;22.4;29.7;1.2;0.9;0.0;0.0;0.0;0.0;0.3;0.0;0.3;0.3;0.0;0.0,35.24,0.06,0.04,1.6,14.383,0.783,8203.0,11376.0,4,16,,,,,,,,,,,,,,,,,,,,,,,,,,,,,,,,,,,,,,,,,,,,,,,,,,,,,,,,,,,,,
13,9,,,,,,,96,91,67,18,220.0,2730,10801,36,0,7.0,0.9;13.3;2.0;1.2;0.0;0.3;27.5;39.4;7.0;3.5;17.4;51.0;1.7;0.3;0.0;0.0;0.6;0.0;0.0;0.0;0.6;1.2;0.0;0.3,35.23,0.06,0.03,1.6,14.383,0.783,9082.0,14892.0,4,16,,,,,,,,,,,,,,,,,,,,,,,,,,,,,,,,,,,,,,,,,,,,,,,,,,,,,,,,,,,,,
13,10,,,,,,,96,93,66,19,220.4,2730,10801,36,0,7.2,0.9;12.2;1.5;2.6;1.2;0.9;13.5;45.9;6.2;1.8;24.2;59.1;0.6;0.3;0.0;0.0;0.0;0.0;0.0;0.3;0.0;1.2;0.0;0.0,35.21,0.06,0.01,3.86,14.383,0.783,3710.0,117431.0,4,16,,,,,,,,,,,,,,,,,,,,,,,,,,,,,,,,,,,,,,,,,,,,,,,,,,,,,,,,,,,,,
13,11,,,,,,,100,100,65,19,220.2,2730,10801,35,0,7.0,0.3;14.8;0.6;1.8;0.6;0.3;31.6;50.7;4.4;3.8;31.9;25.7;0.6;0.3;0.0;0.0;0.0;0.0;0.0;0.0;0.0;0.0;0.0;0.0,35.2,0.06,0.01,0.07,14.383,0.783,4248.0,15576.0,4,16,,,,,,,,,,,,,,,,,,,,,,,,,,,,,,,,,,,,,,,,,,,,,,,,,,,,,,,,,,,,,
13,12,,,,,,,100,96,65,19,221.3,2730,10801,36,0,7.3,0.3;15.5;2.4;1.5;0.6;0.3;48.7;18.0;5.0;2.9;31.3;46.9;0.6;0.0;0.0;0.3;0.0;0.0;0.0;0.0;0.3;0.0;0.6;0.0,35.2,0.06,0.0,0.01,14.383,0.783,5517.0,15576.0,4,16,,,,,,,,,,,,,,,,,,,,,,,,,,,,,,,,,,,,,,,,,,,,,,,,,,,,,,,,,,,,,
13,13,,,,,,,98,95,65,18,220.4,2730,10801,35,0,7.0,0.9;15.2;1.7;1.4;0.3;0.6;16.1;39.3;2.9;3.8;20.2;64.5;0.6;0.3;0.0;0.0;0.0;0.0;0.0;0.0;0.3;0.3;0.3;0.0,35.21,0.06,0.02,0.07,14.383,0.783,5908.0,30419.0,4,16,,,,,,,,,,,,,,,,,,,,,,,,,,,,,,,,,,,,,,,,,,,,,,,,,,,,,,,,,,,,,
13,14,,,,,,,100,100,65,19,220.9,2730,10801,35,0,7.3,0.9;10.6;2.4;0.6;0.3;0.0;68.5;22.0;6.2;7.6;23.1;31.5;0.6;0.0;0.3;0.0;0.0;0.0;0.0;0.0;0.0;0.0;0.6;0.6,35.2,0.06,0.02,0.08,14.383,0.783,4003.0,28857.0,4,16,,,,,,,,,,,,,,,,,,,,,,,,,,,,,,,,,,,,,,,,,,,,,,,,,,,,,,,,,,,,,
13,15,,,,,,,96,85,65,18,221.7,2730,10801,35,0,7.5,0.6;15.6;0.6;0.9;0.6;0.0;42.6;34.9;4.1;2.9;26.0;46.9;0.3;0.3;0.0;0.3;0.0;0.0;0.0;0.0;0.6;1.2;0.6;0.0,35.2,0.06,0.02,0.07,14.383,0.783,4443.0,19335.0,4,16,,,,,,,,,,,,,,,,,,,,,,,,,,,,,,,,,,,,,,,,,,,,,,,,,,,,,,,,,,,,,
13,16,,,,,,,96,89,66,18,222.0,2730,10801,35,0,7.7,0.3;15.0;2.1;0.6;1.2;0.3;35.6;28.2;6.5;1.5;21.1;69.7;1.2;0.3;0.0;0.0;0.0;0.0;0.0;0.0;0.0;1.2;0.0;0.0,35.2,0.06,0.0,0.02,14.383,0.783,4052.0,25341.0,4,16,,,,,,,,,,,,,,,,,,,,,,,,,,,,,,,,,,,,,,,,,,,,,,,,,,,,,,,,,,,,,
13,17,,,,,,,100,98,66,17,221.3,2730,10801,35,0,7.9,0.6;30.8;1.2;0.9;0.9;0.6;45.4;34.7;4.9;2.9;20.2;39.8;0.6;0.9;0.0;0.0;0.0;0.0;0.0;0.0;0.0;0.0;0.6;0.0,35.2,0.06,0.03,0.08,14.383,0.783,3710.0,25195.0,4,16,,,,,,,,,,,,,,,,,,,,,,,,,,,,,,,,,,,,,,,,,,,,,,,,,,,,,,,,,,,,,
13,18,,,,,,,96,88,66,18,221.6,2730,10801,35,0,6.8,1.2;11.9;0.6;1.2;0.6;0.0;35.0;38.3;2.9;2.7;29.8;35.1;0.9;0.3;0.0;0.3;0.0;0.3;0.0;0.0;0.3;0.0;0.9;0.9,35.19,0.06,0.01,0.04,14.383,0.783,5371.0,10351.0,4,16,,,,,,,,,,,,,,,,,,,,,,,,,,,,,,,,,,,,,,,,,,,,,,,,,,,,,,,,,,,,,
13,19,,,,,,,96,94,66,19,221.3,2730,10801,35,0,7.0,2.1;11.6;2.1;2.0;0.6;0.6;16.8;38.5;3.2;2.1;19.7;62.6;0.9;0.6;0.0;0.0;0.9;0.3;0.6;0.3;0.9;0.9;0.0;0.9,35.21,0.06,0.02,0.06,14.383,0.783,14062.0,11914.0,4,16,,,,,,,,,,,,,,,,,,,,,,,,,,,,,,,,,,,,,,,,,,,,,,,,,,,,,,,,,,,,,
13,20,,,,,,,100,98,66,18,221.4,2730,10801,35,0,7.5,1.5;16.7;1.5;1.8;2.6;0.9;38.4;32.5;3.8;5.0;23.0;42.7;1.2;0.6;0.0;0.0;0.0;0.6;0.3;0.6;1.5;2.0;0.9;0.9,35.19,0.06,0.01,0.05,14.383,0.783,3417.0,160253.0,4,16,,,,,,,,,,,,,,,,,,,,,,,,,,,,,,,,,,,,,,,,,,,,,,,,,,,,,,,,,,,,,
13,21,,,,,,,96,91,67,19,220.8,2730,10801,35,0,6.5,0.3;12.3;1.5;0.6;0.9;1.2;12.2;76.5;2.6;3.2;16.6;24.7;0.3;0.9;0.3;0.0;0.3;0.0;0.0;0.3;0.3;0.0;0.6;0.3,35.2,0.06,0.01,0.05,14.383,0.783,6396.0,24023.0,4,16,,,,,,,,,,,,,,,,,,,,,,,,,,,,,,,,,,,,,,,,,,,,,,,,,,,,,,,,,,,,,
13,22,,,,,,,96,91,66,17,220.7,2730,10801,36,0,6.5,0.3;12.7;0.6;0.6;0.0;0.3;33.2;23.5;4.1;0.6;22.1;54.1;0.0;0.3;0.0;0.0;0.0;0.6;0.0;0.0;0.3;0.0;1.7;0.0,35.19,0.06,0.01,0.04,14.383,0.783,4003.0,20605.0,4,16,,,,,,,,,,,,,,,,,,,,,,,,,,,,,,,,,,,,,,,,,,,,,,,,,,,,,,,,,,,,,
13,23,,,,,,,100,95,65,18,221.1,2730,10801,36,0,6.6,1.5;12.2;0.9;1.5;0.0;0.3;49.3;19.1;3.5;1.5;25.5;40.8;0.3;0.6;0.3;0.0;0.0;0.0;0.0;0.0;0.0;0.3;1.5;0.3,35.2,0.06,0.02,0.04,14.383,0.783,16308.0,10595.0,4,16,,,,,,,,,,,,,,,,,,,,,,,,,,,,,,,,,,,,,,,,,,,,,,,,,,,,,,,,,,,,,
13,24,,,,,,,100,96,65,18,221.8,2730,10801,35,0,6.4,0.6;9.6;1.2;0.9;0.6;1.2;62.1;21.5;0.9;3.2;20.4;31.1;0.3;0.3;0.0;0.0;0.0;0.0;0.0;0.0;0.0;0.0;0.6;0.0,35.2,0.06,0.01,0.06,14.383,0.783,15771.0,11181.0,4,16,,,,,,,,,,,,,,,,,,,,,,,,,,,,,,,,,,,,,,,,,,,,,,,,,,,,,,,,,,,,,
13,25,,,,,,,96,92,65,19,220.4,2730,10801,35,0,6.7,0.3;12.8;0.9;0.6;0.9;0.0;34.9;24.1;2.6;2.9;15.9;60.6;0.9;0.3;0.0;0.0;0.3;0.0;0.0;0.0;0.0;1.4;0.9;0.3,35.2,0.06,0.03,0.08,14.383,0.783,3662.0,22998.0,4,16,,,,,,,,,,,,,,,,,,,,,,,,,,,,,,,,,,,,,,,,,,,,,,,,,,,,,,,,,,,,,
13,26,,,,,,,98,95,65,18,220.7,2730,10801,35,0,7.0,0.3;14.5;0.9;0.9;0.0;0.9;41.9;24.3;2.9;3.8;25.3;47.8;0.3;0.6;0.3;0.3;0.0;0.0;0.0;0.0;0.9;0.0;1.2;0.3,35.2,0.06,0.01,0.03,14.383,0.783,3906.0,143750.0,4,16,,,,,,,,,,,,,,,,,,,,,,,,,,,,,,,,,,,,,,,,,,,,,,,,,,,,,,,,,,,,,
13,27,,,,,,,98,89,67,18,222.3,2730,10801,35,0,6.7,0.6;10.9;0.6;0.6;0.3;0.3;67.6;15.2;2.6;1.5;26.5;29.3;0.9;0.3;0.0;0.0;0.0;0.0;0.0;0.0;0.9;1.5;0.3;0.0,35.2,0.06,0.01,0.07,14.383,0.783,43896.0,49804.0,4,16,,,,,,,,,,,,,,,,,,,,,,,,,,,,,,,,,,,,,,,,,,,,,,,,,,,,,,,,,,,,,
13,28,,,,,,,96,89,66,17,221.7,2730,10801,35,0,6.7,0.6;12.2;2.4;1.2;0.6;0.0;21.2;35.4;1.2;4.4;28.6;49.1;0.6;1.2;0.0;0.0;0.3;0.0;0.0;0.0;0.0;0.3;0.0;0.3,35.19,0.06,0.04,0.1,14.383,0.783,23388.0,51513.0,4,16,,,,,,,,,,,,,,,,,,,,,,,,,,,,,,,,,,,,,,,,,,,,,,,,,,,,,,,,,,,,,
13,29,,,,,,,100,96,65,17,220.8,2730,10801,35,0,6.9,0.3;14.5;2.0;1.2;0.6;1.2;44.1;26.0;2.0;4.3;19.7;46.7;0.6;0.3;0.0;0.0;0.0;0.0;0.0;0.0;0.3;0.0;0.6;0.0,35.21,0.06,0.09,0.41,14.383,0.783,44873.0,333593.0,4,16,,,,,,,,,,,,,,,,,,,,,,,,,,,,,,,,,,,,,,,,,,,,,,,,,,,,,,,,,,,,,
13,30,,,,,,,96,87,66,19,220.9,2730,10801,35,0,6.9,0.9;14.3;0.9;0.9;0.0;0.9;65.3;16.7;3.2;2.1;21.5;35.6;0.3;0.6;0.0;0.0;0.0;0.0;0.0;0.0;0.0;1.2;0.0;0.0,35.2,0.06,0.0,0.05,14.383,0.783,26562.0,55371.0,4,16,,,,,,,,,,,,,,,,,,,,,,,,,,,,,,,,,,,,,,,,,,,,,,,,,,,,,,,,,,,,,
13,31,,,,,,,96,93,66,19,219.4,2730,10801,35,0,6.9,0.6;13.7;0.9;0.9;0.9;0.6;25.8;44.9;3.2;4.1;20.5;48.1;0.6;0.3;0.0;0.0;0.0;0.0;0.0;0.3;0.0;0.0;0.0;0.0,35.19,0.06,0.02,0.06,14.383,0.783,12255.0,25244.0,4,16,,,,,,,,,,,,,,,,,,,,,,,,,,,,,,,,,,,,,,,,,,,,,,,,,,,,,,,,,,,,,
13,32,,,,,,,100,93,64,19,220.4,2730,10801,35,0,7.5,0.6;12.0;2.1;3.0;1.5;1.5;47.5;19.5;4.1;6.2;26.6;50.1;0.6;1.8;0.0;0.0;0.3;0.6;0.0;0.0;0.6;0.0;0.6;0.3,35.21,0.06,0.04,0.06,14.383,0.783,6738.0,10546.0,4,16,,,,,,,,,,,,,,,,,,,,,,,,,,,,,,,,,,,,,,,,,,,,,,,,,,,,,,,,,,,,,
13,33,,,,,,,97,93,67,19,219.6,2730,10801,35,0,7.1,0.6;15.7;2.0;1.2;0.6;0.0;58.2;26.1;4.0;3.2;19.3;36.3;0.3;0.6;0.0;0.0;0.0;0.3;0.0;0.0;0.0;0.6;0.3;0.0,35.2,0.06,0.05,0.19,14.383,0.783,3515.0,43701.0,4,16,,,,,,,,,,,,,,,,,,,,,,,,,,,,,,,,,,,,,,,,,,,,,,,,,,,,,,,,,,,,,
13,34,,,,,,,100,95,65,19,219.2,2730,10801,35,0,8.7,0.9;28.9;0.9;1.2;0.6;0.9;64.0;24.9;4.4;7.6;14.7;51.6;0.6;0.0;0.0;0.0;0.6;0.6;0.3;0.0;0.0;1.2;2.3;0.0,35.2,0.06,0.07,0.01,14.383,0.783,3710.0,28906.0,4,16,,,,,,,,,,,,,,,,,,,,,,,,,,,,,,,,,,,,,,,,,,,,,,,,,,,,,,,,,,,,,
13,35,,,,,,,96,91,65,19,218.8,2730,10801,35,0,6.7,0.9;14.8;1.5;1.2;0.0;0.3;21.5;32.9;1.5;4.4;51.6;27.7;0.6;0.0;0.0;0.3;0.0;0.0;0.0;0.0;0.0;0.0;0.6;0.0,35.21,0.06,0.02,0.05,14.383,0.783,4052.0,23388.0,4,16,,,,,,,,,,,,,,,,,,,,,,,,,,,,,,,,,,,,,,,,,,,,,,,,,,,,,,,,,,,,,
13,36,,,,,,,99,99,65,19,220.2,2730,10801,35,0,6.7,0.9;13.7;1.2;1.2;0.6;0.3;65.7;15.8;2.6;3.5;21.5;31.6;0.0;0.9;0.3;0.0;0.0;0.0;0.0;0.0;0.0;0.0;0.9;0.3,35.21,0.06,0.04,0.13,14.383,0.783,16210.0,10498.0,4,16,,,,,,,,,,,,,,,,,,,,,,,,,,,,,,,,,,,,,,,,,,,,,,,,,,,,,,,,,,,,,
13,37,,,,,,,98,91,65,18,221.8,2730,10801,36,0,6.7,0.3;13.4;1.2;2.3;0.6;0.0;40.6;18.3;2.0;3.8;38.2;35.7;0.0;0.3;0.6;0.0;0.0;0.0;0.0;0.0;0.9;1.4;0.3;0.0,35.18,0.06,0.0,0.01,14.383,0.783,4150.0,19189.0,4,16,,,,,,,,,,,,,,,,,,,,,,,,,,,,,,,,,,,,,,,,,,,,,,,,,,,,,,,,,,,,,
13,38,,,,,,,98,93,66,19,220.0,2730,10801,35,0,6.7,0.6;11.1;1.5;0.6;2.1;0.6;24.2;26.5;3.2;7.1;40.7;40.7;0.0;0.9;0.0;0.0;0.6;0.0;0.0;0.0;0.0;0.0;0.9;0.0,35.2,0.06,0.12,0.7,14.383,0.783,4248.0,26953.0,4,16,,,,,,,,,,,,,,,,,,,,,,,,,,,,,,,,,,,,,,,,,,,,,,,,,,,,,,,,,,,,,
13,39,,,,,,,100,100,66,20,220.4,2730,10801,35,0,6.2,0.6;16.5;2.1;1.2;0.6;2.1;20.4;33.6;1.8;3.2;40.4;23.3;0.0;0.9;0.0;0.0;0.0;0.3;0.9;0.0;0.0;0.0;0.0;0.0,35.2,0.06,0.04,0.12,14.383,0.783,4150.0,17236.0,4,16,,,,,,,,,,,,,,,,,,,,,,,,,,,,,,,,,,,,,,,,,,,,,,,,,,,,,,,,,,,,,
13,40,,,,,,,97,83,65,17,219.4,2730,10801,36,0,6.0,0.4;14.9;0.4;0.9;0.9;0.9;3.9;46.2;3.0;1.7;23.2;42.4;0.4;0.9;0.0;0.0;0.0;0.0;0.0;0.0;0.4;1.3;0.4;1.3,35.21,0.06,0.01,0.05,14.383,0.783,16015.0,198144.0,4,16,,,,,,,,,,,,,,,,,,,,,,,,,,,,,,,,,,,,,,,,,,,,,,,,,,,,,,,,,,,,,
13,summary,0.46518421966119056,0.9550839977323125,0.4569903979799814,0.9620170801138674,0.00099037,218.3,,,,,,,,,,,,,,,,,,,,,,8,95.5,100,2,90.33,100,60,65.53,68,17,18.62,23,175.7,219.52,222.3,2730.4,10801.0,35.2,0,6.0,8.06,50.6,35.18,35.22,35.37,63.16,0.06,0.06,0.06,16.0,0.0,0.02,0.12,0.01,0.82,8.19,10.734,13.6,14.383,14.38,14.383,15.992,0.783,0.78,0.783,3417.0,14550.3,88574.0,10351.0,54701.7,333593.0,4,4.0,4,16,16.0,16,4,16,166.42,39.97
14,1,,,,,,,0,1,58,26,163.0,2745,10801,35,0,50.3,66.0;69.8;89.0;89.7;80.6;83.3;97.7;97.6;87.6;91.6;98.2;98.0;53.2;50.8;1.9;2.2;15.6;13.8;0.9;0.8;5.5;5.1;4.5;3.1,35.38,0.06,0.01,0.03,14.383,0.783,6298.0,201025.0,4,16,,,,,,,,,,,,,,,,,,,,,,,,,,,,,,,,,,,,,,,,,,,,,,,,,,,,,,,,,,,,,
14,2,,,,,,,96,91,65,18,219.4,2730,10801,35,0,6.6,0.3;14.3;1.7;0.3;1.2;0.6;54.0;21.7;1.4;2.9;30.9;26.0;0.3;0.6;0.0;0.0;0.6;0.0;0.0;0.0;0.0;0.6;0.0;0.0,35.35,0.06,0.01,7.7,14.383,0.783,13818.0,23242.0,4,16,,,,,,,,,,,,,,,,,,,,,,,,,,,,,,,,,,,,,,,,,,,,,,,,,,,,,,,,,,,,,
14,3,,,,,,,100,93,66,19,220.5,2730,10801,35,0,6.9,0.9;18.2;0.0;1.8;0.0;0.3;28.5;29.6;0.9;3.2;46.8;31.5;0.6;0.3;0.0;0.0;0.0;0.0;0.0;0.0;0.0;1.2;0.3;0.0,35.33,0.06,0.0,4.33,14.383,0.783,38525.0,59130.0,4,16,,,,,,,,,,,,,,,,,,,,,,,,,,,,,,,,,,,,,,,,,,,,,,,,,,,,,,,,,,,,,
14,4,,,,,,,100,96,65,19,220.8,2730,10801,35,0,7.1,1.2;11.2;1.5;2.9;1.2;1.5;42.2;27.1;4.4;4.4;39.2;29.3;0.9;0.6;0.3;0.0;0.0;0.9;0.0;0.0;0.6;0.3;0.9;0.3,35.3,0.06,0.04,2.97,14.383,0.783,31640.0,48437.0,4,16,,,,,,,,,,,,,,,,,,,,,,,,,,,,,,,,,,,,,,,,,,,,,,,,,,,,,,,,,,,,,
14,5,,,,,,,96,91,66,18,219.7,2730,10801,35,0,7.2,1.8;13.7;1.5;2.3;1.8;0.3;63.9;26.4;2.3;3.5;5.3;40.5;0.3;0.6;0.0;0.0;0.9;0.0;0.3;0.0;1.5;1.7;2.9;0.3,35.29,0.06,0.02,3.08,14.383,0.783,21337.0,64013.0,4,16,,,,,,,,,,,,,,,,,,,,,,,,,,,,,,,,,,,,,,,,,,,,,,,,,,,,,,,,,,,,,
14,6,,,,,,,100,94,65,20,221.0,2730,10801,35,0,6.8,0.6;12.3;2.6;1.2;1.2;0.9;26.6;33.4;2.9;3.8;40.8;35.3;0.6;1.4;0.0;0.0;0.0;0.0;0.0;0.0;0.0;0.0;0.3;0.0,35.27,0.06,0.04,2.5,14.383,0.783,44042.0,51611.0,4,16,,,,,,,,,,,,,,,,,,,,,,,,,,,,,,,,,,,,,,,,,,,,,,,,,,,,,,,,,,,,,
14,7,,,,,,,96,90,66,19,219.4,2730,10801,35,0,6.9,0.9;10.7;0.3;2.4;0.0;0.0;36.3;22.1;1.8;4.1;33.4;48.7;1.2;0.0;0.0;0.0;0.6;0.0;0.0;0.0;0.3;0.3;2.3;0.6,35.23,0.06,0.01,2.11,14.383,0.783,4248.0,20312.0,4,16,,,,,,,,,,,,,,,,,,,,,,,,,,,,,,,,,,,,,,,,,,,,,,,,,,,,,,,,,,,,,
14,8,,,,,,,100,98,65,19,219.9,2730,10801,35,0,7.4,3.5;12.7;1.2;2.1;0.6;0.9;62.3;27.0;2.3;6.5;34.7;20.9;0.9;0.0;0.0;0.0;0.0;0.0;0.0;0.0;0.6;0.3;1.8;0.0,35.23,0.06,0.0,1.53,14.383,0.783,5322.0,12207.0,4,16,,,,,,,,,,,,,,,,,,,,,,,,,,,,,,,,,,,,,,,,,,,,,,,,,,,,,,,,,,,,,
14,9,,,,,,,100,93,66,18,219.5,2730,10801,35,0,7.5,0.6;12.9;1.5;0.9;0.9;0.3;36.3;31.8;1.7;5.2;35.9;47.7;0.0;0.6;0.0;0.0;0.6;0.3;0.0;0.6;0.6;0.0;0.6;0.0,35.22,0.06,0.01,1.53,14.383,0.783,6542.0,190820.0,4,16,,,,,,,,,,,,,,,,,,,,,,,,,,,,,,,,,,,,,,,,,,,,,,,,,,,,,,,,,,,,,
14,10,,,,,,,96,93,66,18,219.9,2730,10801,36,0,8.1,0.6;17.5;2.6;1.2;0.6;0.6;30.3;33.2;2.3;8.4;37.1;55.7;1.5;0.9;0.0;0.0;0.0;0.0;0.0;0.0;0.0;0.6;0.3;0.0,35.2,0.06,0.02,4.01,14.383,0.783,3906.0,14160.0,4,16,,,,,,,,,,,,,,,,,,,,,,,,,,,,,,,,,,,,,,,,,,,,,,,,,,,,,,,,,,,,,
14,11,,,,,,,96,92,66,18,219.7,2730,10801,35,0,7.5,0.6;25.1;2.4;0.6;0.0;1.2;63.8;18.9;2.6;6.8;24.2;30.4;0.0;0.0;0.0;0.0;0.0;0.0;0.0;0.0;0.0;0.9;0.3;0.0,35.2,0.06,0.0,0.01,14.383,0.783,3808.0,23681.0,4,16,,,,,,,,,,,,,,,,,,,,,,,,,,,,,,,,,,,,,,,,,,,,,,,,,,,,,,,,,,,,,
14,12,,,,,,,100,95,66,19,220.5,2730,10801,35,0,6.6,0.6;11.1;0.6;2.6;0.0;0.9;40.9;19.1;1.2;2.6;25.8;51.0;0.3;0.0;0.0;0.0;0.0;0.0;0.0;0.0;0.0;0.0;1.2;0.0,35.21,0.06,0.01,0.04,14.383,0.783,8251.0,10546.0,4,16,,,,,,,,,,,,,,,,,,,,,,,,,,,,,,,,,,,,,,,,,,,,,,,,,,,,,,,,,,,,,
14,13,,,,,,,0,1,60,25,193.5,2745,10801,35,0,6.6,0.0;12.3;1.4;1.4;0.3;0.5;17.7;24.3;3.0;7.1;34.0;53.4;0.5;0.3;0.0;0.0;0.0;0.0;0.0;0.0;0.0;0.5;0.8;0.0,35.19,0.06,0.01,0.07,14.383,0.783,390.0,1513.0,4,16,,,,,,,,,,,,,,,,,,,,,,,,,,,,,,,,,,,,,,,,,,,,,,,,,,,,,,,,,,,,,
14,14,,,,,,,96,92,66,18,220.3,2745,10801,35,0,7.0,1.2;14.8;1.5;0.9;0.3;1.5;51.9;22.2;0.6;3.8;44.2;21.2;0.3;0.3;0.0;0.3;0.6;0.6;0.3;0.0;0.3;1.4;0.9;0.0,35.19,0.06,0.05,0.14,14.383,0.783,8007.0,11816.0,4,16,,,,,,,,,,,,,,,,,,,,,,,,,,,,,,,,,,,,,,,,,,,,,,,,,,,,,,,,,,,,,
14,15,,,,,,,100,100,67,18,220.7,2745,10801,35,0,6.9,1.2;15.6;1.2;2.1;0.3;0.3;47.6;20.6;0.3;2.6;41.6;29.9;0.0;0.0;0.0;0.0;0.0;0.0;0.0;0.0;0.6;1.2;0.0;0.0,35.19,0.06,0.01,0.04,14.383,0.783,5419.0,15527.0,4,16,,,,,,,,,,,,,,,,,,,,,,,,,,,,,,,,,,,,,,,,,,,,,,,,,,,,,,,,,,,,,
14,16,,,,,,,100,100,66,18,220.9,2745,10801,35,0,6.6,1.2;14.0;1.8;1.8;0.0;0.0;25.7;17.4;1.5;4.4;31.6;57.5;0.6;0.9;0.0;0.0;0.0;0.0;0.0;0.0;0.3;0.0;0.0;0.0,35.19,0.06,0.0,0.03,14.383,0.783,13378.0,15820.0,4,16,,,,,,,,,,,,,,,,,,,,,,,,,,,,,,,,,,,,,,,,,,,,,,,,,,,,,,,,,,,,,
14,17,,,,,,,96,86,66,19,221.9,2745,10801,35,0,7.0,1.2;17.0;1.5;1.2;0.6;0.9;46.3;18.7;2.9;4.1;51.3;18.5;0.0;0.3;0.0;0.0;0.3;0.3;0.0;0.0;0.3;0.9;0.6;0.0,35.18,0.06,0.01,0.04,14.383,0.783,15820.0,9472.0,4,16,,,,,,,,,,,,,,,,,,,,,,,,,,,,,,,,,,,,,,,,,,,,,,,,,,,,,,,,,,,,,
14,18,,,,,,,100,100,65,18,220.7,2745,10801,35,0,6.6,0.6;17.1;0.6;1.7;0.3;1.2;44.9;24.6;2.0;3.5;19.7;39.7;0.6;0.0;0.0;0.0;0.0;0.0;0.0;0.0;0.0;0.6;0.6;0.0,35.17,0.06,0.0,0.01,14.383,0.783,3759.0,15527.0,4,16,,,,,,,,,,,,,,,,,,,,,,,,,,,,,,,,,,,,,,,,,,,,,,,,,,,,,,,,,,,,,
14,19,,,,,,,100,95,65,17,220.1,2745,10801,35,0,7.4,1.5;15.3;2.1;2.9;1.5;0.6;20.0;26.5;2.9;4.1;72.6;20.9;1.8;0.6;0.0;0.6;0.0;0.0;0.0;0.0;1.5;0.9;1.8;0.3,35.19,0.06,0.05,0.2,14.383,0.783,4003.0,15136.0,4,16,,,,,,,,,,,,,,,,,,,,,,,,,,,,,,,,,,,,,,,,,,,,,,,,,,,,,,,,,,,,,
14,20,,,,,,,96,90,66,19,221.0,2745,10801,35,0,7.3,0.6;16.3;1.8;2.1;0.3;0.9;55.8;20.6;2.4;2.9;38.4;29.5;0.3;0.0;0.0;0.0;0.0;0.3;0.0;0.0;0.3;0.0;1.5;0.3,35.18,0.06,0.02,0.15,14.383,0.783,3759.0,12890.0,4,16,,,,,,,,,,,,,,,,,,,,,,,,,,,,,,,,,,,,,,,,,,,,,,,,,,,,,,,,,,,,,
14,21,,,,,,,97,94,66,19,220.5,2745,10801,35,0,7.0,1.2;11.4;2.1;2.4;1.5;1.8;59.7;21.4;3.5;5.0;17.9;37.6;0.3;1.2;0.0;0.0;0.0;0.3;0.0;0.0;0.3;0.0;0.3;0.3,35.2,0.06,0.0,0.01,14.383,0.783,15429.0,10888.0,4,16,,,,,,,,,,,,,,,,,,,,,,,,,,,,,,,,,,,,,,,,,,,,,,,,,,,,,,,,,,,,,
14,22,,,,,,,100,93,64,18,220.8,2745,10801,35,0,7.1,0.6;12.1;2.6;2.6;0.6;0.6;26.4;29.0;4.4;5.5;44.6;37.2;1.2;0.3;0.0;0.0;0.0;0.3;0.0;0.0;0.0;0.3;1.2;0.0,35.19,0.06,0.01,0.05,14.383,0.783,3955.0,18994.0,4,16,,,,,,,,,,,,,,,,,,,,,,,,,,,,,,,,,,,,,,,,,,,,,,,,,,,,,,,,,,,,,
14,23,,,,,,,97,93,66,19,220.7,2745,10801,35,0,7.2,0.9;14.2;1.5;2.6;0.6;0.6;53.7;29.0;3.5;2.9;18.2;42.6;0.6;0.3;0.0;0.0;0.0;0.0;0.0;0.0;0.9;0.0;0.0;0.0,35.19,0.06,0.01,0.04,14.383,0.783,8300.0,10058.0,4,16,,,,,,,,,,,,,,,,,,,,,,,,,,,,,,,,,,,,,,,,,,,,,,,,,,,,,,,,,,,,,
14,24,,,,,,,97,94,66,18,220.9,2745,10801,36,0,7.4,1.8;14.3;2.1;3.5;1.2;1.5;22.6;65.8;3.2;6.5;19.1;35.1;0.0;0.3;0.0;0.3;0.0;0.3;0.3;0.0;0.3;0.0;0.0;0.0,35.18,0.06,0.01,0.05,14.383,0.783,10888.0,251562.0,4,16,,,,,,,,,,,,,,,,,,,,,,,,,,,,,,,,,,,,,,,,,,,,,,,,,,,,,,,,,,,,,
14,25,,,,,,,100,94,64,18,220.5,2745,10801,35,0,7.1,0.3;13.2;1.2;2.1;0.6;0.3;13.8;43.8;4.7;2.6;22.5;62.1;0.6;0.3;0.0;0.0;0.3;0.0;0.0;0.0;0.6;0.3;1.2;0.0,35.18,0.06,0.01,0.05,14.383,0.783,6396.0,10693.0,4,16,,,,,,,,,,,,,,,,,,,,,,,,,,,,,,,,,,,,,,,,,,,,,,,,,,,,,,,,,,,,,
14,26,,,,,,,97,94,68,18,220.8,2745,10801,35,0,7.2,0.3;12.2;1.4;0.9;0.6;1.2;55.3;21.4;5.8;5.2;16.7;48.7;0.6;0.6;0.0;0.0;0.0;0.0;0.0;0.0;0.0;0.0;0.0;0.0,35.19,0.06,0.02,0.05,14.383,0.783,5273.0,19970.0,4,16,,,,,,,,,,,,,,,,,,,,,,,,,,,,,,,,,,,,,,,,,,,,,,,,,,,,,,,,,,,,,
14,27,,,,,,,97,93,66,19,219.8,2745,10801,35,0,7.8,0.6;11.5;1.8;0.6;0.3;1.5;22.8;80.9;3.6;6.5;25.0;29.5;0.6;0.6;0.0;0.0;0.3;0.3;0.0;0.0;0.3;0.0;0.6;0.3,35.18,0.06,0.0,0.04,14.383,0.783,20556.0,50732.0,4,16,,,,,,,,,,,,,,,,,,,,,,,,,,,,,,,,,,,,,,,,,,,,,,,,,,,,,,,,,,,,,
14,28,,,,,,,100,93,65,19,220.0,2745,10801,35,0,8.2,1.2;27.7;1.2;1.2;0.6;0.9;21.6;48.7;2.9;5.3;20.5;60.3;0.0;0.3;0.0;0.0;0.0;0.0;0.0;0.0;0.0;0.6;0.0;0.0,35.19,0.06,0.03,0.07,14.383,0.783,22460.0,49609.0,4,16,,,,,,,,,,,,,,,,,,,,,,,,,,,,,,,,,,,,,,,,,,,,,,,,,,,,,,,,,,,,,
14,29,,,,,,,99,91,66,18,220.6,2745,10801,35,0,6.9,0.3;10.6;0.3;1.8;1.2;0.3;42.4;14.6;3.2;5.6;19.6;60.6;0.0;0.0;0.0;0.3;0.6;0.0;0.3;0.0;0.3;0.0;1.5;0.6,35.18,0.06,0.04,0.11,14.383,0.783,30615.0,67529.0,4,16,,,,,,,,,,,,,,,,,,,,,,,,,,,,,,,,,,,,,,,,,,,,,,,,,,,,,,,,,,,,,
14,30,,,,,,,98,92,65,19,218.3,2745,10801,35,0,6.2,0.3;10.4;0.6;0.9;0.0;0.3;33.2;52.0;1.7;0.9;23.4;24.6;0.3;0.0;0.0;0.0;0.0;0.0;0.0;0.0;0.3;0.0;0.6;0.0,35.19,0.06,0.01,0.04,14.383,0.783,29101.0,57470.0,4,16,,,,,,,,,,,,,,,,,,,,,,,,,,,,,,,,,,,,,,,,,,,,,,,,,,,,,,,,,,,,,
14,31,,,,,,,100,100,65,18,219.0,2745,10801,35,0,6.7,1.8;10.6;1.2;0.9;0.6;0.3;20.6;41.9;2.1;2.3;15.5;61.0;0.3;0.3;0.0;0.0;0.0;0.0;0.0;0.0;0.0;0.3;0.9;0.6,35.19,0.06,0.01,0.04,14.383,0.783,8349.0,10351.0,4,16,,,,,,,,,,,,,,,,,,,,,,,,,,,,,,,,,,,,,,,,,,,,,,,,,,,,,,,,,,,,,
14,32,,,,,,,98,88,65,18,220.2,2745,10801,35,0,6.7,0.9;13.2;0.9;3.8;0.3;0.6;39.7;23.8;1.5;3.8;11.2;58.9;0.3;0.6;0.0;0.0;0.0;0.0;0.0;0.0;0.0;0.3;0.0;0.0,35.18,0.06,0.01,0.05,14.383,0.783,3466.0,164453.0,4,16,,,,,,,,,,,,,,,,,,,,,,,,,,,,,,,,,,,,,,,,,,,,,,,,,,,,,,,,,,,,,
14,33,,,,,,,96,95,67,18,218.7,2745,10801,35,0,6.7,0.3;16.3;1.5;0.9;0.3;0.6;24.8;54.0;3.8;3.8;22.7;29.0;0.3;0.0;0.0;0.0;0.0;0.0;0.0;0.0;0.0;0.0;0.6;0.0,35.19,0.06,0.01,0.04,14.383,0.783,3808.0,28710.0,4,16,,,,,,,,,,,,,,,,,,,,,,,,,,,,,,,,,,,,,,,,,,,,,,,,,,,,,,,,,,,,,
14,34,,,,,,,100,94,64,18,219.1,2745,10801,35,0,6.8,0.9;14.7;1.4;1.4;0.3;0.3;29.7;38.7;2.3;2.6;16.7;50.9;0.6;0.3;0.0;0.0;0.0;0.0;0.0;0.0;0.0;0.0;0.6;0.9,35.19,0.06,0.01,0.04,14.383,0.783,3710.0,13085.0,4,16,,,,,,,,,,,,,,,,,,,,,,,,,,,,,,,,,,,,,,,,,,,,,,,,,,,,,,,,,,,,,
14,35,,,,,,,97,92,66,19,219.6,2745,10801,35,0,6.9,0.6;18.6;1.8;0.9;0.6;0.9;15.4;40.1;1.8;4.1;18.0;60.0;0.3;0.3;0.0;0.0;0.0;0.3;0.0;0.0;0.9;0.0;0.0;0.6,35.19,0.06,0.02,0.05,14.383,0.783,12939.0,15625.0,4,16,,,,,,,,,,,,,,,,,,,,,,,,,,,,,,,,,,,,,,,,,,,,,,,,,,,,,,,,,,,,,
14,36,,,,,,,97,94,67,18,219.5,2745,10801,35,0,6.9,0.0;14.3;1.8;1.5;0.0;1.2;60.1;27.1;3.2;2.7;20.4;31.0;0.6;0.3;0.0;0.0;0.0;0.0;0.0;0.0;0.0;0.6;1.8;0.0,35.19,0.06,0.0,0.02,14.383,0.783,3759.0,28564.0,4,16,,,,,,,,,,,,,,,,,,,,,,,,,,,,,,,,,,,,,,,,,,,,,,,,,,,,,,,,,,,,,
14,37,,,,,,,100,94,64,17,219.6,2745,10801,35,0,7.1,0.9;17.0;0.3;1.5;0.6;1.2;16.5;63.4;3.2;3.5;18.5;38.8;0.6;0.0;0.0;0.0;0.0;0.0;0.0;0.0;0.0;2.0;0.6;0.0,35.19,0.06,0.05,0.1,14.383,0.783,4003.0,15429.0,4,16,,,,,,,,,,,,,,,,,,,,,,,,,,,,,,,,,,,,,,,,,,,,,,,,,,,,,,,,,,,,,
14,38,,,,,,,96,94,68,19,220.7,2745,10801,35,0,7.0,0.6;14.7;1.2;1.7;1.1;0.9;27.0;28.1;6.1;2.9;18.2;61.6;0.3;0.6;0.3;0.0;0.3;0.0;0.0;0.0;0.0;0.6;0.3;0.0,35.19,0.06,0.03,0.09,14.383,0.783,16748.0,10107.0,4,16,,,,,,,,,,,,,,,,,,,,,,,,,,,,,,,,,,,,,,,,,,,,,,,,,,,,,,,,,,,,,
14,39,,,,,,,97,93,66,18,220.3,2745,10801,35,0,6.2,0.6;14.0;0.6;1.8;0.6;0.3;26.9;48.1;3.3;3.2;17.2;27.1;0.6;0.6;0.0;0.3;0.0;0.3;0.0;0.0;0.3;1.2;0.0;0.0,35.19,0.06,0.0,0.01,14.383,0.783,4052.0,18652.0,4,16,,,,,,,,,,,,,,,,,,,,,,,,,,,,,,,,,,,,,,,,,,,,,,,,,,,,,,,,,,,,,
14,40,,,,,,,100,94,65,18,219.3,2745,10801,35,0,7.3,4.3;14.5;1.7;4.7;0.4;0.9;11.1;71.9;3.0;5.2;9.1;39.0;0.0;0.0;0.0;0.0;0.9;0.0;0.0;0.0;0.9;2.6;3.4;0.9,35.19,0.06,0.02,0.07,14.383,0.783,39160.0,56054.0,4,16,,,,,,,,,,,,,,,,,,,,,,,,,,,,,,,,,,,,,,,,,,,,,,,,,,,,,,,,,,,,,
14,summary,0.4622087260637543,0.9572870992974474,0.4696322081776449,0.9521756811712078,0.00098877,218.7,,,,,,,,,,,,,,,,,,,,,,0,93.28,100,1,89.0,100,58,65.35,68,17,18.73,26,163.0,218.03,221.9,2740.9,10801.0,35.0,0,6.2,8.12,50.3,35.17,35.21,35.38,63.16,0.06,0.06,0.06,16.0,0.0,0.02,0.05,0.01,0.79,7.7,10.733,13.6,14.383,14.38,14.383,15.992,0.783,0.78,0.783,390.0,12380.98,44042.0,1513.0,43135.5,251562.0,4,4.0,4,16,16.0,16,4,16,166.61,40.25
15,1,,,,,,,1,1,61,26,161.4,2745,10801,35,0,51.0,64.3;71.3;85.4;84.1;83.2;80.9;96.4;95.9;91.7;93.9;98.0;98.0;58.5;54.5;2.0;2.9;18.8;18.9;0.9;1.3;8.3;7.8;4.2;3.6,35.37,0.06,0.0,0.02,14.383,0.783,12695.0,197412.0,4,16,,,,,,,,,,,,,,,,,,,,,,,,,,,,,,,,,,,,,,,,,,,,,,,,,,,,,,,,,,,,,
15,2,,,,,,,96,86,65,19,220.9,2745,10801,35,0,7.3,0.6;15.8;1.8;1.2;1.2;0.3;43.4;48.7;2.9;3.8;25.0;28.5;0.0;0.0;0.0;0.6;0.0;0.0;0.3;0.3;0.3;0.0;0.0;0.0,35.32,0.06,0.04,6.53,14.383,0.783,15576.0,11132.0,4,16,,,,,,,,,,,,,,,,,,,,,,,,,,,,,,,,,,,,,,,,,,,,,,,,,,,,,,,,,,,,,
15,3,,,,,,,96,91,65,18,210.1,2745,10801,35,0,7.4,0.6;12.6;1.7;1.7;0.9;1.7;33.4;24.1;5.2;3.8;14.0;74.1;0.9;0.6;0.0;0.0;0.0;0.0;0.0;0.0;0.6;0.3;0.9;0.6,35.31,0.06,0.01,4.7,14.383,0.783,31787.0,64257.0,4,16,,,,,,,,,,,,,,,,,,,,,,,,,,,,,,,,,,,,,,,,,,,,,,,,,,,,,,,,,,,,,
15,4,,,,,,,95,87,64,19,218.6,2745,10801,35,0,8.8,2.1;25.7;2.1;2.9;1.5;0.3;26.9;51.9;2.6;5.3;30.2;50.9;0.6;0.6;0.0;0.0;0.3;0.6;0.0;0.0;1.5;2.0;0.6;0.0,35.28,0.06,0.0,2.83,14.383,0.783,39892.0,49316.0,4,16,,,,,,,,,,,,,,,,,,,,,,,,,,,,,,,,,,,,,,,,,,,,,,,,,,,,,,,,,,,,,
15,5,,,,,,,100,91,66,20,220.0,2745,10801,35,0,6.9,0.9;17.8;1.2;2.4;0.0;0.3;54.0;26.7;2.6;2.6;29.7;24.7;0.6;0.3;0.0;0.0;0.0;0.0;0.0;0.0;0.0;0.0;0.9;0.0,35.26,0.06,0.03,3.25,14.383,0.783,29101.0,44482.0,4,16,,,,,,,,,,,,,,,,,,,,,,,,,,,,,,,,,,,,,,,,,,,,,,,,,,,,,,,,,,,,,
15,6,,,,,,,100,94,67,19,219.8,2745,10801,35,0,6.6,0.6;13.2;1.2;1.2;0.3;0.3;40.8;19.9;3.2;2.4;14.1;58.4;0.0;0.3;0.0;0.0;0.0;0.0;0.0;0.0;0.0;0.9;0.0;0.0,35.25,0.06,0.01,2.72,14.383,0.783,28808.0,62402.0,4,16,,,,,,,,,,,,,,,,,,,,,,,,,,,,,,,,,,,,,,,,,,,,,,,,,,,,,,,,,,,,,
15,7,,,,,,,96,90,65,20,209.7,2745,10801,35,0,6.4,0.0;14.3;0.9;0.6;0.3;0.6;14.2;48.7;3.8;1.7;25.2;41.2;0.6;0.6;0.0;0.0;0.0;0.6;0.0;0.0;0.0;0.0;0.6;0.0,35.24,0.06,0.01,2.26,14.383,0.783,3466.0,15722.0,4,16,,,,,,,,,,,,,,,,,,,,,,,,,,,,,,,,,,,,,,,,,,,,,,,,,,,,,,,,,,,,,
15,8,,,,,,,100,94,66,18,219.2,2745,10801,35,0,6.7,0.6;14.3;1.2;1.5;0.6;0.6;34.4;50.7;2.4;2.4;20.6;29.6;0.3;0.0;0.0;0.0;0.0;0.0;0.0;0.0;0.3;0.6;0.0;0.0,35.23,0.06,0.01,1.55,14.383,0.783,12207.0,54833.0,4,16,,,,,,,,,,,,,,,,,,,,,,,,,,,,,,,,,,,,,,,,,,,,,,,,,,,,,,,,,,,,,
15,9,,,,,,,97,89,65,17,219.2,2745,10801,35,0,6.7,0.3;14.6;0.6;0.9;0.6;0.6;28.3;35.5;3.2;2.4;17.6;53.4;0.6;0.3;0.0;0.0;0.0;0.0;0.0;0.0;0.0;0.0;0.6;0.3,35.22,0.06,0.01,1.56,14.383,0.783,14208.0,10791.0,4,16,,,,,,,,,,,,,,,,,,,,,,,,,,,,,,,,,,,,,,,,,,,,,,,,,,,,,,,,,,,,,
15,10,,,,,,,98,96,65,19,217.9,2745,10801,35,0,6.9,1.8;14.8;1.5;1.2;0.9;0.0;37.8;23.8;2.9;1.2;18.8;58.1;0.3;0.6;0.0;0.3;0.0;0.3;0.0;0.0;0.6;0.3;0.3;0.3,35.2,0.06,0.0,4.4,14.383,0.783,7763.0,144873.0,4,16,,,,,,,,,,,,,,,,,,,,,,,,,,,,,,,,,,,,,,,,,,,,,,,,,,,,,,,,,,,,,
15,11,,,,,,,98,95,64,18,210.1,2745,10801,35,0,6.5,0.0;16.0;0.6;1.2;0.0;0.3;59.4;19.9;3.8;2.3;26.0;25.1;0.0;0.6;0.3;0.0;0.0;0.0;0.0;0.0;0.0;0.0;0.6;0.0,35.2,0.06,0.03,0.07,14.383,0.783,5517.0,11669.0,4,16,,,,,,,,,,,,,,,,,,,,,,,,,,,,,,,,,,,,,,,,,,,,,,,,,,,,,,,,,,,,,
15,12,,,,,,,96,86,65,19,220.4,2745,10801,35,0,6.9,2.1;14.8;1.2;0.9;0.3;0.6;49.4;23.8;2.9;1.5;33.6;30.3;0.6;0.3;0.0;0.0;0.0;0.0;0.0;0.0;0.0;0.6;0.9;0.6,35.21,0.06,0.0,0.02,14.383,0.783,7128.0,10400.0,4,16,,,,,,,,,,,,,,,,,,,,,,,,,,,,,,,,,,,,,,,,,,,,,,,,,,,,,,,,,,,,,
15,13,,,,,,,100,100,66,18,219.8,2745,10801,35,0,6.8,1.2;14.3;0.3;0.6;0.9;0.3;30.9;24.0;3.8;2.1;32.2;49.6;0.0;0.6;0.0;0.0;0.3;0.0;0.0;0.0;0.3;1.5;0.3;0.6,35.2,0.06,0.01,0.06,14.383,0.783,13330.0,10595.0,4,16,,,,,,,,,,,,,,,,,,,,,,,,,,,,,,,,,,,,,,,,,,,,,,,,,,,,,,,,,,,,,
15,14,,,,,,,100,100,65,18,220.0,2745,10801,35,0,6.5,0.6;11.6;0.9;0.3;0.0;0.6;54.8;23.8;2.3;2.3;31.7;26.7;0.9;0.3;0.0;0.0;0.0;0.0;0.0;0.0;0.0;0.0;0.3;0.0,35.21,0.06,0.0,0.01,14.383,0.783,3857.0,14501.0,4,16,,,,,,,,,,,,,,,,,,,,,,,,,,,,,,,,,,,,,,,,,,,,,,,,,,,,,,,,,,,,,
15,15,,,,,,,96,88,64,19,211.6,2745,10801,35,0,6.6,0.9;13.0;2.6;0.6;0.3;0.6;46.2;20.5;3.2;1.4;31.6;34.1;0.3;0.3;0.0;0.0;0.0;0.3;0.0;0.0;0.3;0.6;0.0;0.0,35.2,0.06,0.04,0.18,14.383,0.783,9375.0,15283.0,4,16,,,,,,,,,,,,,,,,,,,,,,,,,,,,,,,,,,,,,,,,,,,,,,,,,,,,,,,,,,,,,
15,16,,,,,,,100,100,66,19,220.8,2745,10801,35,0,6.9,0.6;14.7;1.5;0.6;0.3;0.3;32.6;17.6;4.7;1.5;41.6;46.6;0.3;0.6;0.0;0.0;0.3;0.0;0.0;0.3;0.3;0.3;0.0;0.0,35.22,0.06,0.02,0.07,14.383,0.783,3759.0,14501.0,4,16,,,,,,,,,,,,,,,,,,,,,,,,,,,,,,,,,,,,,,,,,,,,,,,,,,,,,,,,,,,,,
15,17,,,,,,,100,96,65,19,220.6,2745,10801,35,0,7.1,0.3;14.3;0.6;1.8;0.9;1.5;59.7;22.3;6.2;2.1;23.3;33.6;0.3;0.9;0.0;0.0;0.0;0.0;0.0;0.0;0.0;0.0;0.3;0.3,35.21,0.06,0.0,0.01,14.383,0.783,6347.0,29052.0,4,16,,,,,,,,,,,,,,,,,,,,,,,,,,,,,,,,,,,,,,,,,,,,,,,,,,,,,,,,,,,,,
15,18,,,,,,,100,93,66,18,220.4,2745,10801,35,0,6.9,0.6;12.4;0.6;1.5;0.3;0.0;47.2;24.3;2.6;4.1;20.2;48.5;0.6;0.3;0.0;0.3;0.6;0.0;0.3;0.0;0.0;0.0;0.3;0.0,35.2,0.06,0.04,0.12,14.383,0.783,16650.0,10009.0,4,16,,,,,,,,,,,,,,,,,,,,,,,,,,,,,,,,,,,,,,,,,,,,,,,,,,,,,,,,,,,,,
15,19,,,,,,,96,92,64,18,211.0,2745,10801,35,0,6.7,0.9;12.0;2.0;2.0;0.3;0.3;25.7;18.2;4.0;3.4;31.2;59.0;0.6;0.3;0.0;0.0;0.3;0.0;0.0;0.0;0.0;0.0;0.0;0.3,35.21,0.06,0.03,0.08,14.383,0.783,12207.0,82666.0,4,16,,,,,,,,,,,,,,,,,,,,,,,,,,,,,,,,,,,,,,,,,,,,,,,,,,,,,,,,,,,,,
15,20,,,,,,,100,95,67,19,220.2,2745,10801,35,0,7.0,0.3;11.1;1.8;1.8;0.3;0.6;51.9;19.7;3.3;3.5;22.4;48.7;0.6;0.3;0.0;0.0;0.0;0.0;0.0;0.0;0.0;0.3;0.0;0.0,35.2,0.06,0.0,0.01,14.383,0.783,14892.0,293603.0,4,16,,,,,,,,,,,,,,,,,,,,,,,,,,,,,,,,,,,,,,,,,,,,,,,,,,,,,,,,,,,,,
15,21,,,,,,,100,92,65,19,220.1,2745,10801,35,0,8.5,0.6;17.6;1.5;1.5;1.8;1.2;56.6;28.9;4.1;5.9;26.7;51.6;0.3;0.0;0.0;0.3;0.0;0.0;0.0;0.0;0.0;2.3;0.0;0.3,35.2,0.06,0.03,0.08,14.383,0.783,6933.0,10156.0,4,16,,,,,,,,,,,,,,,,,,,,,,,,,,,,,,,,,,,,,,,,,,,,,,,,,,,,,,,,,,,,,
15,22,,,,,,,96,90,65,20,219.2,2745,10801,35,0,7.3,0.3;27.6;1.5;0.9;0.3;0.0;28.2;16.8;3.2;2.1;17.9;73.5;0.3;0.0;0.0;0.0;0.0;0.0;0.0;0.0;0.0;0.0;0.0;0.0,35.2,0.06,0.03,0.1,14.383,0.783,14794.0,15625.0,4,16,,,,,,,,,,,,,,,,,,,,,,,,,,,,,,,,,,,,,,,,,,,,,,,,,,,,,,,,,,,,,
15,23,,,,,,,100,95,65,20,211.4,2745,10801,35,0,6.4,0.3;11.0;0.9;0.9;0.6;0.3;55.9;10.1;4.3;1.7;27.2;38.6;0.6;0.9;0.0;0.0;0.3;0.0;0.0;0.0;0.0;0.3;0.0;0.3,35.19,0.06,0.0,0.01,14.383,0.783,6445.0,13134.0,4,16,,,,,,,,,,,,,,,,,,,,,,,,,,,,,,,,,,,,,,,,,,,,,,,,,,,,,,,,,,,,,
15,24,,,,,,,100,95,66,18,220.7,2745,10801,35,0,6.7,1.8;11.7;2.4;1.5;0.3;1.5;48.7;23.3;2.9;1.5;45.1;18.0;0.6;0.6;0.0;0.0;0.3;0.3;0.0;0.0;0.9;0.3;0.3;0.0,35.19,0.06,0.03,0.13,14.383,0.783,14550.0,10595.0,4,16,,,,,,,,,,,,,,,,,,,,,,,,,,,,,,,,,,,,,,,,,,,,,,,,,,,,,,,,,,,,,
15,25,,,,,,,96,91,65,20,218.8,2745,10801,35,0,6.6,0.6;11.1;0.9;0.3;0.6;0.3;22.4;26.5;2.9;2.4;15.6;72.9;0.0;0.6;0.0;0.0;0.0;0.0;0.0;0.0;0.6;1.2;0.0;0.0,35.19,0.06,0.03,0.06,14.383,0.783,24560.0,16406.0,4,16,,,,,,,,,,,,,,,,,,,,,,,,,,,,,,,,,,,,,,,,,,,,,,,,,,,,,,,,,,,,,
15,26,,,,,,,98,94,65,20,219.3,2745,10801,35,0,7.1,0.9;13.8;2.1;1.5;0.3;0.9;48.4;14.5;5.0;1.5;18.8;55.9;0.6;0.3;0.3;0.3;0.6;0.0;0.3;0.3;0.9;0.0;1.2;0.3,35.19,0.06,0.0,0.01,14.383,0.783,5957.0,24316.0,4,16,,,,,,,,,,,,,,,,,,,,,,,,,,,,,,,,,,,,,,,,,,,,,,,,,,,,,,,,,,,,,
15,27,,,,,,,100,96,65,20,211.5,2745,10801,35,0,6.5,0.9;13.8;1.2;1.2;0.3;0.3;58.8;20.6;2.0;2.0;23.1;29.5;0.6;0.0;0.0;0.0;0.3;0.0;0.0;0.0;0.0;0.6;0.0;0.0,35.2,0.06,0.02,0.11,14.383,0.783,27587.0,67041.0,4,16,,,,,,,,,,,,,,,,,,,,,,,,,,,,,,,,,,,,,,,,,,,,,,,,,,,,,,,,,,,,,
15,28,,,,,,,96,92,65,20,218.8,2745,10801,35,0,6.7,0.6;14.2;2.3;2.3;0.3;0.6;26.7;24.9;1.5;3.5;53.4;29.0;0.6;0.0;0.0;0.0;0.3;0.0;0.0;0.0;0.3;0.0;0.0;0.0,35.19,0.06,0.02,0.11,14.383,0.783,49316.0,49023.0,4,16,,,,,,,,,,,,,,,,,,,,,,,,,,,,,,,,,,,,,,,,,,,,,,,,,,,,,,,,,,,,,
15,29,,,,,,,100,100,65,17,219.8,2745,10801,35,0,6.6,0.3;11.4;1.2;0.6;0.3;0.6;40.1;17.1;3.5;2.4;20.6;55.9;0.6;0.9;0.0;0.0;0.3;0.0;0.0;0.3;0.3;0.3;0.3;0.3,35.19,0.06,0.0,0.01,14.383,0.783,29785.0,59716.0,4,16,,,,,,,,,,,,,,,,,,,,,,,,,,,,,,,,,,,,,,,,,,,,,,,,,,,,,,,,,,,,,
15,30,,,,,,,100,99,66,18,219.0,2745,10801,35,0,7.0,0.6;19.0;3.2;1.5;0.0;0.3;60.2;25.1;2.4;1.8;19.2;31.9;0.0;0.3;0.0;0.0;0.0;0.0;0.0;0.6;0.3;0.6;0.0;0.0,35.19,0.06,0.02,0.1,14.383,0.783,37792.0,55371.0,4,16,,,,,,,,,,,,,,,,,,,,,,,,,,,,,,,,,,,,,,,,,,,,,,,,,,,,,,,,,,,,,
15,31,,,,,,,91,11,64,18,211.1,2745,10801,35,0,6.6,0.9;16.9;0.6;0.6;0.3;0.0;29.5;30.1;2.6;1.2;15.5;56.4;0.3;0.3;0.0;0.0;0.0;0.0;0.0;0.0;0.3;1.1;0.3;0.3,35.2,0.06,0.02,0.05,14.383,0.783,6054.0,18750.0,4,16,,,,,,,,,,,,,,,,,,,,,,,,,,,,,,,,,,,,,,,,,,,,,,,,,,,,,,,,,,,,,
15,32,,,,,,,100,97,66,19,218.7,2745,10801,35,0,6.9,0.3;12.2;2.1;2.9;0.6;0.9;37.6;22.1;3.2;4.1;41.2;35.5;0.6;0.3;0.0;0.0;0.0;0.0;0.0;0.0;0.0;0.0;0.9;0.0,35.2,0.06,0.0,0.01,14.383,0.783,5224.0,10595.0,4,16,,,,,,,,,,,,,,,,,,,,,,,,,,,,,,,,,,,,,,,,,,,,,,,,,,,,,,,,,,,,,
15,33,,,,,,,100,93,64,20,218.7,2745,10801,35,0,6.9,0.6;11.2;1.5;2.1;1.2;1.2;42.2;31.9;3.5;4.1;22.1;42.4;0.9;0.0;0.0;0.0;0.0;0.0;0.0;0.0;0.3;0.3;0.0;0.6,35.19,0.06,0.01,0.05,14.383,0.783,5224.0,10693.0,4,16,,,,,,,,,,,,,,,,,,,,,,,,,,,,,,,,,,,,,,,,,,,,,,,,,,,,,,,,,,,,,
15,34,,,,,,,96,92,66,19,218.6,2745,10801,35,0,7.1,1.2;12.7;2.1;2.4;1.2;0.6;43.5;28.5;5.0;3.5;19.4;47.6;0.3;0.9;0.0;0.0;0.0;0.0;0.0;0.0;0.0;1.2;0.0;0.0,35.19,0.06,0.02,0.09,14.383,0.783,6787.0,11718.0,4,16,,,,,,,,,,,,,,,,,,,,,,,,,,,,,,,,,,,,,,,,,,,,,,,,,,,,,,,,,,,,,
15,35,,,,,,,100,94,64,19,210.9,2745,10801,35,0,7.0,0.9;15.3;0.9;1.2;0.9;1.2;34.4;20.9;4.9;1.7;28.6;53.0;0.0;0.6;0.0;0.0;0.0;0.0;0.3;0.0;0.9;0.3;0.6;0.3,35.18,0.06,0.01,0.04,14.383,0.783,12890.0,11962.0,4,16,,,,,,,,,,,,,,,,,,,,,,,,,,,,,,,,,,,,,,,,,,,,,,,,,,,,,,,,,,,,,
15,36,,,,,,,100,93,64,19,219.7,2745,10801,35,0,6.8,0.6;14.2;0.9;1.2;0.3;0.9;64.0;16.8;5.0;3.2;28.5;25.4;0.6;0.9;0.0;0.0;0.0;0.0;0.0;0.0;0.0;0.0;0.6;0.3,35.18,0.06,0.04,0.09,14.383,0.783,13232.0,10498.0,4,16,,,,,,,,,,,,,,,,,,,,,,,,,,,,,,,,,,,,,,,,,,,,,,,,,,,,,,,,,,,,,
15,37,,,,,,,97,93,66,20,220.3,2745,10801,35,0,7.6,0.6;14.5;3.2;3.5;1.2;0.6;27.0;38.3;5.0;4.1;20.2;58.8;0.9;0.6;0.0;0.0;0.0;0.3;0.0;0.0;0.0;1.2;0.0;0.6,35.19,0.06,0.01,0.05,14.383,0.783,7763.0,13671.0,4,16,,,,,,,,,,,,,,,,,,,,,,,,,,,,,,,,,,,,,,,,,,,,,,,,,,,,,,,,,,,,,
15,38,,,,,,,96,91,66,20,220.2,2745,10801,35,0,7.7,0.0;15.7;0.9;1.8;1.5;0.6;34.5;27.7;2.3;5.6;23.8;68.3;0.6;0.6;0.0;0.0;0.3;0.0;0.0;0.0;0.6;0.0;0.0;0.3,35.18,0.06,0.01,0.03,14.383,0.783,3417.0,124609.0,4,16,,,,,,,,,,,,,,,,,,,,,,,,,,,,,,,,,,,,,,,,,,,,,,,,,,,,,,,,,,,,,
15,39,,,,,,,100,95,65,20,211.2,2745,10801,35,0,7.5,1.2;30.8;0.9;2.3;0.0;1.2;49.6;16.3;2.6;2.6;40.9;23.1;0.9;0.3;0.0;0.0;0.0;0.0;0.0;0.6;0.0;0.6;1.4;0.6,35.18,0.06,0.02,0.07,14.383,0.783,4541.0,11914.0,4,16,,,,,,,,,,,,,,,,,,,,,,,,,,,,,,,,,,,,,,,,,,,,,,,,,,,,,,,,,,,,,
15,40,,,,,,,97,92,66,18,218.2,2745,10801,35,0,5.9,0.9;16.3;1.7;1.3;1.3;0.4;5.6;63.2;3.0;2.2;10.4;32.0;0.0;0.4;0.0;0.0;0.4;0.0;0.0;0.4;0.4;0.9;0.0;0.0,35.18,0.06,0.03,0.13,14.383,0.783,43212.0,49853.0,4,16,,,,,,,,,,,,,,,,,,,,,,,,,,,,,,,,,,,,,,,,,,,,,,,,,,,,,,,,,,,,,
15,summary,0.46264318460909964,0.9563111324803192,0.45982754062520337,0.9596990646604311,0.00098705,218.2,,,,,,,,,,,,,,,,,,,,,,1,95.7,100,1,88.97,100,61,65.1,67,17,19.1,26,161.4,215.95,220.9,2745.0,10801.0,35.0,0,5.9,8.05,51.0,35.18,35.21,35.37,63.16,0.06,0.06,0.06,16.0,0.0,0.02,0.04,0.01,0.79,6.53,10.734,13.6,14.383,14.38,14.383,15.992,0.783,0.78,0.783,3417.0,15365.7,49316.0,10009.0,43578.62,293603.0,4,4.0,4,16,16.0,16,4,16,166.32,40.04
16,1,,,,,,,66,67,64,21,188.3,2745,10801,35,0,50.5,70.5;73.2;87.0;88.9;87.4;83.7;97.2;96.6;87.2;90.7;96.2;95.4;51.0;50.4;1.5;1.9;12.5;13.3;0.9;0.9;7.6;9.1;5.0;3.2,35.39,0.06,0.05,0.15,14.383,0.783,48144.0,28076.0,4,16,,,,,,,,,,,,,,,,,,,,,,,,,,,,,,,,,,,,,,,,,,,,,,,,,,,,,,,,,,,,,
16,2,,,,,,,100,93,64,19,219.1,2730,10801,35,0,6.5,0.3;11.1;1.2;0.9;0.3;0.3;56.3;19.5;2.1;1.5;24.7;34.1;0.0;0.6;0.3;0.0;0.3;0.0;0.0;0.0;0.0;0.6;0.3;0.3,35.33,0.06,0.02,5.96,14.383,0.783,5273.0,10546.0,4,16,,,,,,,,,,,,,,,,,,,,,,,,,,,,,,,,,,,,,,,,,,,,,,,,,,,,,,,,,,,,,
16,3,,,,,,,100,95,65,19,219.5,2730,10801,35,0,6.7,0.9;10.1;0.9;2.9;0.9;0.6;23.0;30.1;3.5;1.8;27.1;56.9;0.6;0.0;0.0;0.6;0.0;0.0;0.0;0.0;0.0;0.0;0.0;0.0,35.32,0.06,0.01,3.62,14.383,0.783,53662.0,402685.0,4,16,,,,,,,,,,,,,,,,,,,,,,,,,,,,,,,,,,,,,,,,,,,,,,,,,,,,,,,,,,,,,
16,4,,,,,,,97,94,66,18,219.6,2730,10801,35,0,7.0,1.5;17.0;0.6;0.9;0.6;0.0;39.8;30.5;3.5;3.2;14.1;51.6;0.6;0.6;0.9;0.9;0.3;0.0;0.0;0.0;0.0;0.3;0.9;0.0,35.29,0.06,0.01,4.18,14.383,0.783,38818.0,57666.0,4,16,,,,,,,,,,,,,,,,,,,,,,,,,,,,,,,,,,,,,,,,,,,,,,,,,,,,,,,,,,,,,
16,5,,,,,,,99,93,64,19,219.7,2730,10801,35,0,7.3,1.7;16.5;3.8;2.9;0.9;2.0;58.1;30.2;2.9;6.1;7.5;36.4;0.9;0.9;0.0;0.0;0.3;0.0;0.0;0.0;1.2;1.1;1.4;0.6,35.26,0.06,0.16,3.49,14.383,0.783,27392.0,54980.0,4,16,,,,,,,,,,,,,,,,,,,,,,,,,,,,,,,,,,,,,,,,,,,,,,,,,,,,,,,,,,,,,
16,6,,,,,,,99,94,66,19,219.1,2730,10801,35,0,6.9,0.9;15.6;2.4;1.2;0.6;0.6;36.9;17.1;2.4;4.4;26.0;54.3;0.6;0.0;0.0;0.0;0.0;0.0;0.0;0.0;0.0;0.0;2.3;0.0,35.22,0.06,0.0,2.7,14.383,0.783,41162.0,46191.0,4,16,,,,,,,,,,,,,,,,,,,,,,,,,,,,,,,,,,,,,,,,,,,,,,,,,,,,,,,,,,,,,
16,7,,,,,,,97,90,65,19,217.8,2730,10801,35,0,7.2,0.3;14.5;1.2;2.9;0.0;1.5;38.1;23.8;4.7;2.9;20.8;57.9;0.6;0.9;0.0;0.0;0.0;0.3;0.0;0.0;0.0;1.2;0.3;0.0,35.23,0.06,0.02,2.3,14.383,0.783,4101.0,26806.0,4,16,,,,,,,,,,,,,,,,,,,,,,,,,,,,,,,,,,,,,,,,,,,,,,,,,,,,,,,,,,,,,
16,8,,,,,,,100,100,65,19,218.1,2730,10801,35,0,7.1,0.3;13.7;2.3;2.3;1.5;1.5;31.7;51.9;4.1;2.6;19.9;34.8;0.6;0.0;0.3;0.3;0.0;0.0;0.0;0.0;0.9;0.3;0.6;0.0,35.22,0.06,0.02,1.78,14.383,0.783,16113.0,28417.0,4,16,,,,,,,,,,,,,,,,,,,,,,,,,,,,,,,,,,,,,,,,,,,,,,,,,,,,,,,,,,,,,
16,9,,,,,,,96,85,65,18,218.9,2730,10801,35,0,7.1,0.6;16.6;0.9;2.6;0.6;1.4;38.7;22.5;3.8;3.5;23.6;52.9;0.6;0.6;0.0;0.0;0.0;0.3;0.0;0.0;0.0;0.3;0.6;0.0,35.2,0.06,0.01,1.51,14.383,0.783,9619.0,17871.0,4,16,,,,,,,,,,,,,,,,,,,,,,,,,,,,,,,,,,,,,,,,,,,,,,,,,,,,,,,,,,,,,
16,10,,,,,,,100,100,64,20,218.9,2730,10801,35,0,7.4,1.5;9.8;2.7;1.2;0.6;1.5;35.9;35.2;5.9;4.1;25.7;51.8;0.3;0.6;0.0;0.0;0.0;0.3;0.0;0.0;0.6;0.3;0.0;0.0,35.2,0.06,0.0,4.6,14.383,0.783,12988.0,10839.0,4,16,,,,,,,,,,,,,,,,,,,,,,,,,,,,,,,,,,,,,,,,,,,,,,,,,,,,,,,,,,,,,
16,11,,,,,,,100,96,65,20,219.7,2730,10801,35,0,7.0,1.2;11.9;1.5;0.9;0.6;0.9;67.8;19.8;2.1;2.7;20.9;36.5;0.3;0.0;0.0;0.0;0.0;0.0;0.0;0.0;0.3;0.0;0.0;0.0,35.19,0.06,0.03,0.12,14.383,0.783,15039.0,15478.0,4,16,,,,,,,,,,,,,,,,,,,,,,,,,,,,,,,,,,,,,,,,,,,,,,,,,,,,,,,,,,,,,
16,12,,,,,,,97,94,65,18,220.1,2730,10801,35,0,6.8,0.3;11.7;1.5;0.9;0.3;0.0;57.6;25.9;3.5;4.1;24.3;32.3;0.9;0.0;0.0;0.0;0.3;0.0;0.0;0.0;0.0;0.0;0.0;0.0,35.17,0.06,0.02,0.06,14.383,0.783,3662.0,29101.0,4,16,,,,,,,,,,,,,,,,,,,,,,,,,,,,,,,,,,,,,,,,,,,,,,,,,,,,,,,,,,,,,
16,13,,,,,,,96,91,65,19,219.7,2730,10801,35,0,7.2,0.9;16.0;1.2;2.3;0.6;0.3;42.8;21.4;3.2;3.5;21.2;57.4;0.0;0.0;0.0;0.0;0.0;0.0;0.0;0.0;0.0;0.6;1.2;0.0,35.2,0.06,0.01,0.04,14.383,0.783,5664.0,24755.0,4,16,,,,,,,,,,,,,,,,,,,,,,,,,,,,,,,,,,,,,,,,,,,,,,,,,,,,,,,,,,,,,
16,14,,,,,,,96,90,64,19,220.0,2730,10801,35,0,7.2,0.6;11.9;1.8;1.8;0.0;0.0;69.4;28.5;4.1;5.0;15.6;32.5;0.0;0.3;0.0;0.0;0.6;0.6;0.0;0.0;0.0;0.0;0.6;0.0,35.19,0.06,0.01,0.07,14.383,0.783,3759.0,20507.0,4,16,,,,,,,,,,,,,,,,,,,,,,,,,,,,,,,,,,,,,,,,,,,,,,,,,,,,,,,,,,,,,
16,15,,,,,,,97,92,65,19,220.0,2730,10801,35,0,8.4,0.6;24.5;1.2;1.2;0.3;0.0;55.3;25.3;3.2;9.3;22.8;51.9;0.9;0.3;0.0;0.0;0.0;0.0;0.0;0.0;0.0;1.2;0.0;0.0,35.19,0.06,0.0,0.01,14.383,0.783,3955.0,23632.0,4,16,,,,,,,,,,,,,,,,,,,,,,,,,,,,,,,,,,,,,,,,,,,,,,,,,,,,,,,,,,,,,
16,16,,,,,,,100,93,67,20,220.3,2730,10801,35,0,7.2,1.5;18.0;2.1;0.6;1.2;2.3;32.4;20.0;3.5;2.7;24.2;57.2;0.9;0.6;0.3;0.0;0.6;0.6;0.3;0.0;0.6;1.2;0.9;0.6,35.2,0.06,0.02,0.05,14.383,0.783,16455.0,10791.0,4,16,,,,,,,,,,,,,,,,,,,,,,,,,,,,,,,,,,,,,,,,,,,,,,,,,,,,,,,,,,,,,
16,17,,,,,,,96,93,65,19,219.3,2730,10801,35,0,6.6,0.6;19.0;0.6;0.9;0.9;0.3;50.6;19.9;2.0;2.3;23.1;35.3;0.6;0.9;0.0;0.0;0.0;0.0;0.0;0.0;0.6;0.3;0.0;0.0,35.2,0.06,0.03,0.1,14.383,0.783,8154.0,10693.0,4,16,,,,,,,,,,,,,,,,,,,,,,,,,,,,,,,,,,,,,,,,,,,,,,,,,,,,,,,,,,,,,
16,18,,,,,,,97,92,65,19,220.1,2730,10801,35,0,7.0,1.2;13.1;1.8;0.6;0.6;0.0;49.7;20.1;2.1;5.9;21.5;45.1;0.9;0.3;0.6;0.3;0.0;0.0;0.0;0.6;1.5;0.3;0.9;0.3,35.19,0.06,0.01,0.03,14.383,0.783,4003.0,29931.0,4,16,,,,,,,,,,,,,,,,,,,,,,,,,,,,,,,,,,,,,,,,,,,,,,,,,,,,,,,,,,,,,
16,19,,,,,,,100,96,66,18,221.0,2730,10801,35,0,6.7,1.5;12.2;1.2;1.2;0.9;1.2;14.0;42.9;2.9;2.9;9.7;68.5;0.3;0.3;0.0;0.0;0.0;0.0;0.0;0.0;0.3;0.3;0.3;0.0,35.19,0.06,0.01,0.04,14.383,0.783,13476.0,12109.0,4,16,,,,,,,,,,,,,,,,,,,,,,,,,,,,,,,,,,,,,,,,,,,,,,,,,,,,,,,,,,,,,
16,20,,,,,,,100,96,65,19,221.0,2730,10801,35,0,6.5,0.6;14.0;0.6;1.8;0.0;0.0;31.2;47.2;2.3;3.8;9.1;43.7;0.3;0.0;0.0;0.0;0.0;0.0;0.0;0.0;0.0;0.6;1.2;0.0,35.2,0.06,0.0,0.02,14.383,0.783,4101.0,22460.0,4,16,,,,,,,,,,,,,,,,,,,,,,,,,,,,,,,,,,,,,,,,,,,,,,,,,,,,,,,,,,,,,
16,21,,,,,,,99,100,65,19,220.7,2730,10801,35,0,6.7,1.2;15.3;0.6;1.2;1.2;0.6;27.8;49.4;0.9;3.8;21.2;33.5;0.3;0.6;0.0;0.0;0.3;0.0;0.0;0.0;0.3;0.3;0.6;0.3,35.2,0.06,0.01,0.04,14.383,0.783,16210.0,10839.0,4,16,,,,,,,,,,,,,,,,,,,,,,,,,,,,,,,,,,,,,,,,,,,,,,,,,,,,,,,,,,,,,
16,22,,,,,,,100,96,65,19,221.1,2730,10801,35,0,6.6,1.2;12.7;1.8;0.6;0.6;0.3;29.0;18.5;1.5;2.6;15.9;73.2;0.3;0.0;0.0;0.0;0.0;0.0;0.0;0.0;0.0;0.6;0.3;0.0,35.2,0.06,0.01,0.04,14.383,0.783,13720.0,13867.0,4,16,,,,,,,,,,,,,,,,,,,,,,,,,,,,,,,,,,,,,,,,,,,,,,,,,,,,,,,,,,,,,
16,23,,,,,,,96,84,65,18,221.3,2730,10801,35,0,7.0,0.3;20.2;1.5;0.3;0.6;0.0;44.4;23.0;2.4;4.4;22.1;46.3;0.6;0.0;0.0;0.0;0.0;0.0;0.0;0.0;0.3;0.0;0.0;0.0,35.2,0.06,0.01,0.04,14.383,0.783,14208.0,28369.0,4,16,,,,,,,,,,,,,,,,,,,,,,,,,,,,,,,,,,,,,,,,,,,,,,,,,,,,,,,,,,,,,
16,24,,,,,,,99,99,65,18,220.4,2730,10801,35,0,7.0,2.6;12.2;1.8;1.2;0.9;0.3;63.9;17.6;5.0;2.3;21.8;34.9;1.8;0.9;0.0;0.0;0.0;0.0;0.0;0.0;0.0;0.0;0.3;0.3,35.19,0.06,0.01,0.04,14.383,0.783,3857.0,14941.0,4,16,,,,,,,,,,,,,,,,,,,,,,,,,,,,,,,,,,,,,,,,,,,,,,,,,,,,,,,,,,,,,
16,25,,,,,,,97,90,65,18,220.2,2730,10801,35,0,6.8,0.6;12.3;1.4;1.4;1.4;1.2;23.5;24.0;4.9;3.8;46.8;39.4;0.3;0.6;0.0;0.0;0.0;0.0;0.3;0.0;0.0;0.3;1.4;0.0,35.19,0.06,0.0,0.01,14.383,0.783,22265.0,28173.0,4,16,,,,,,,,,,,,,,,,,,,,,,,,,,,,,,,,,,,,,,,,,,,,,,,,,,,,,,,,,,,,,
16,26,,,,,,,96,85,65,19,220.5,2730,10801,35,0,7.5,1.2;13.6;4.1;2.9;0.9;1.2;59.0;17.1;6.2;2.7;43.5;24.8;0.3;0.3;0.0;0.0;0.3;0.6;0.0;0.0;0.3;0.0;0.9;0.0,35.19,0.06,0.01,0.06,14.383,0.783,14404.0,37109.0,4,16,,,,,,,,,,,,,,,,,,,,,,,,,,,,,,,,,,,,,,,,,,,,,,,,,,,,,,,,,,,,,
16,27,,,,,,,100,100,66,18,219.7,2730,10801,35,0,8.0,1.8;11.1;2.9;3.5;2.1;1.2;60.3;33.9;6.4;5.0;19.6;34.0;0.6;0.6;0.6;0.0;0.3;0.3;0.3;0.3;0.9;1.5;3.2;0.6,35.19,0.06,0.02,0.06,14.383,0.783,32666.0,80517.0,4,16,,,,,,,,,,,,,,,,,,,,,,,,,,,,,,,,,,,,,,,,,,,,,,,,,,,,,,,,,,,,,
16,28,,,,,,,100,95,66,18,219.8,2730,10801,35,0,7.7,0.9;13.5;1.8;3.8;1.2;0.6;32.7;27.0;6.5;3.2;49.7;38.8;0.9;0.6;0.0;0.0;0.3;0.3;0.0;0.0;1.8;0.9;0.6;0.3,35.19,0.06,0.0,0.02,14.383,0.783,31250.0,72216.0,4,16,,,,,,,,,,,,,,,,,,,,,,,,,,,,,,,,,,,,,,,,,,,,,,,,,,,,,,,,,,,,,
16,29,,,,,,,96,91,65,18,219.0,2730,10801,35,0,6.8,0.6;11.2;2.0;1.7;0.6;0.6;47.3;24.0;2.9;3.2;43.5;22.8;0.6;0.6;0.0;0.0;0.3;0.0;0.0;0.0;0.0;0.0;0.9;0.0,35.19,0.06,0.01,0.04,14.383,0.783,24511.0,56396.0,4,16,,,,,,,,,,,,,,,,,,,,,,,,,,,,,,,,,,,,,,,,,,,,,,,,,,,,,,,,,,,,,
16,30,,,,,,,96,88,64,18,218.1,2730,10801,35,0,7.2,0.0;11.6;1.5;1.8;0.9;1.2;64.7;27.1;4.1;3.5;25.6;29.5;0.6;0.3;0.0;0.0;0.0;0.0;0.0;0.0;0.0;0.0;0.9;0.0,35.18,0.06,0.01,0.04,14.383,0.783,40283.0,55468.0,4,16,,,,,,,,,,,,,,,,,,,,,,,,,,,,,,,,,,,,,,,,,,,,,,,,,,,,,,,,,,,,,
16,31,,,,,,,100,92,67,19,218.6,2730,10801,35,0,7.4,0.6;13.5;1.2;1.5;0.3;1.5;28.4;28.8;3.5;2.4;49.0;43.7;0.6;0.3;0.0;0.0;0.0;0.3;0.0;0.0;0.6;0.6;0.0;0.0,35.19,0.06,0.04,0.1,14.383,0.783,3662.0,16162.0,4,16,,,,,,,,,,,,,,,,,,,,,,,,,,,,,,,,,,,,,,,,,,,,,,,,,,,,,,,,,,,,,
16,32,,,,,,,100,95,65,18,218.3,2730,10801,35,0,7.8,0.9;9.6;2.1;1.8;0.6;0.3;48.4;30.5;5.9;3.3;37.1;44.2;0.6;0.6;0.0;0.0;0.0;0.0;0.0;0.0;0.0;0.0;0.6;0.0,35.16,0.06,0.01,0.05,14.383,0.783,5517.0,15234.0,4,16,,,,,,,,,,,,,,,,,,,,,,,,,,,,,,,,,,,,,,,,,,,,,,,,,,,,,,,,,,,,,
16,33,,,,,,,96,92,65,19,217.6,2730,10801,35,0,7.7,0.3;30.9;0.9;0.9;0.6;0.6;63.7;21.0;1.7;3.7;28.3;24.3;0.6;0.6;0.0;0.3;0.3;0.0;0.3;0.3;0.3;0.0;0.3;0.0,35.18,0.06,0.01,0.04,14.383,0.783,48486.0,15527.0,4,16,,,,,,,,,,,,,,,,,,,,,,,,,,,,,,,,,,,,,,,,,,,,,,,,,,,,,,,,,,,,,
16,34,,,,,,,100,95,65,18,218.4,2730,10801,35,0,6.5,0.6;15.0;0.9;0.9;0.3;0.3;33.1;19.7;1.8;2.9;7.9;70.6;0.0;0.9;0.0;0.0;0.0;0.0;0.0;0.0;0.3;0.3;0.6;0.0,35.18,0.06,0.02,0.06,14.383,0.783,12841.0,24218.0,4,16,,,,,,,,,,,,,,,,,,,,,,,,,,,,,,,,,,,,,,,,,,,,,,,,,,,,,,,,,,,,,
16,35,,,,,,,100,95,65,18,219.7,2730,10801,35,0,7.3,1.8;16.5;2.3;1.8;0.6;0.3;32.4;27.9;2.6;5.3;24.0;51.6;0.6;0.3;0.3;0.0;0.0;0.3;0.3;0.3;1.2;2.0;1.2;0.0,35.18,0.06,0.02,0.07,14.383,0.783,16943.0,14550.0,4,16,,,,,,,,,,,,,,,,,,,,,,,,,,,,,,,,,,,,,,,,,,,,,,,,,,,,,,,,,,,,,
16,36,,,,,,,96,91,65,18,219.0,2730,10801,35,0,6.9,0.9;16.8;0.6;0.9;0.6;0.3;67.4;19.5;4.1;1.5;27.4;23.2;0.9;0.3;0.0;0.3;0.0;0.3;0.0;0.0;0.0;0.3;0.3;0.0,35.19,0.06,0.03,0.08,14.383,0.783,9472.0,12011.0,4,16,,,,,,,,,,,,,,,,,,,,,,,,,,,,,,,,,,,,,,,,,,,,,,,,,,,,,,,,,,,,,
16,37,,,,,,,99,95,65,19,220.0,2730,10801,35,0,6.5,0.9;13.1;1.2;0.3;0.3;0.3;45.8;15.4;2.0;2.9;19.1;51.9;1.2;1.1;0.0;0.0;0.0;0.0;0.0;0.0;0.6;0.3;0.0;0.0,35.19,0.06,0.05,0.11,14.383,0.783,3808.0,28125.0,4,16,,,,,,,,,,,,,,,,,,,,,,,,,,,,,,,,,,,,,,,,,,,,,,,,,,,,,,,,,,,,,
16,38,,,,,,,97,85,65,19,221.6,2730,10801,35,0,6.7,0.9;14.2;0.3;0.9;0.9;0.0;35.4;26.6;1.5;2.1;27.0;46.8;0.9;0.6;0.0;0.0;0.0;0.0;0.0;0.0;0.9;1.5;0.0;0.0,35.19,0.06,0.02,0.05,14.383,0.783,16601.0,11132.0,4,16,,,,,,,,,,,,,,,,,,,,,,,,,,,,,,,,,,,,,,,,,,,,,,,,,,,,,,,,,,,,,
16,39,,,,,,,98,95,65,18,219.4,2730,10801,35,0,5.9,0.6;15.5;1.2;0.9;0.0;0.6;20.3;60.7;2.4;2.1;16.5;18.9;0.3;0.6;0.0;0.0;0.0;0.0;0.0;0.0;0.3;0.0;0.3;0.0,35.18,0.06,0.01,0.04,14.383,0.783,18017.0,10449.0,4,16,,,,,,,,,,,,,,,,,,,,,,,,,,,,,,,,,,,,,,,,,,,,,,,,,,,,,,,,,,,,,
16,40,,,,,,,100,99,66,19,219.0,2730,10801,35,0,5.8,0.4;14.6;1.7;0.4;0.9;0.4;4.8;72.2;2.2;1.3;9.6;27.3;1.3;0.4;0.0;0.0;0.0;0.4;0.4;0.0;0.4;0.0;0.0;0.4,35.19,0.06,0.01,0.07,14.383,0.783,16162.0,196972.0,4,16,,,,,,,,,,,,,,,,,,,,,,,,,,,,,,,,,,,,,,,,,,,,,,,,,,,,,,,,,,,,,
16,summary,0.4567960630695573,0.9579329596911352,0.46103764815561266,0.9612850752338349,0.00098521,218.2,,,,,,,,,,,,,,,,,,,,,,66,97.45,100,67,92.65,100,64,65.1,67,18,18.73,21,188.3,218.81,221.6,2730.4,10801.0,35.0,0,5.8,8.1,50.5,35.16,35.21,35.39,63.16,0.06,0.06,0.06,16.0,0.0,0.02,0.16,0.01,0.8,5.96,10.733,13.6,14.383,14.38,14.383,15.992,0.783,0.78,0.783,3662.0,17510.58,53662.0,10449.0,40645.22,402685.0,4,4.0,4,16,16.0,16,4,16,166.98,39.37
17,1,,,,,,,41,39,59,27,184.6,2745,10801,35,0,50.4,65.7;65.3;87.0;86.9;80.5;81.3;97.3;96.8;87.4;91.7;99.0;97.6;54.7;61.7;1.6;2.0;16.6;13.7;2.3;0.9;5.3;6.9;3.9;3.1,35.35,0.06,0.02,0.72,14.383,0.783,7031.0,10400.0,4,16,,,,,,,,,,,,,,,,,,,,,,,,,,,,,,,,,,,,,,,,,,,,,,,,,,,,,,,,,,,,,
17,2,,,,,,,96,91,66,19,219.9,2730,10801,35,0,6.7,1.2;14.8;2.0;1.7;0.6;0.6;55.9;12.5;4.1;2.6;13.9;47.4;0.3;0.0;0.0;0.0;0.0;0.0;0.0;0.0;0.3;0.6;0.3;0.6,35.31,0.06,0.0,5.58,14.383,0.783,9667.0,10449.0,4,16,,,,,,,,,,,,,,,,,,,,,,,,,,,,,,,,,,,,,,,,,,,,,,,,,,,,,,,,,,,,,
17,3,,,,,,,100,95,64,18,218.7,2730,10801,35,0,6.7,0.0;12.7;0.3;1.8;0.9;0.3;15.9;24.7;1.8;2.1;83.6;13.2;0.6;0.3;0.0;0.3;0.0;0.3;0.0;0.0;0.0;0.6;0.0;0.3,35.28,0.06,0.01,3.44,14.383,0.783,25830.0,49853.0,4,16,,,,,,,,,,,,,,,,,,,,,,,,,,,,,,,,,,,,,,,,,,,,,,,,,,,,,,,,,,,,,
17,4,,,,,,,100,95,65,19,219.5,2730,10801,35,0,7.2,0.9;14.5;2.4;1.2;0.9;0.0;56.0;16.8;2.1;5.3;35.6;34.3;0.6;0.3;0.0;0.3;0.0;0.0;0.0;0.0;0.9;0.6;0.3;0.0,35.27,0.06,0.01,4.03,14.383,0.783,13427.0,47216.0,4,16,,,,,,,,,,,,,,,,,,,,,,,,,,,,,,,,,,,,,,,,,,,,,,,,,,,,,,,,,,,,,
17,5,,,,,,,98,91,65,19,220.7,2730,10801,35,0,7.0,0.6;10.4;1.5;0.3;0.9;1.8;56.5;26.8;2.4;4.1;37.8;19.9;0.6;0.3;0.0;0.0;0.0;0.0;0.0;0.0;0.9;1.8;0.6;0.0,35.25,0.06,0.02,3.07,14.383,0.783,32763.0,63623.0,4,16,,,,,,,,,,,,,,,,,,,,,,,,,,,,,,,,,,,,,,,,,,,,,,,,,,,,,,,,,,,,,
17,6,,,,,,,100,100,66,17,219.2,2730,10801,35,0,6.7,0.3;12.5;0.6;0.9;0.3;0.3;40.3;29.8;1.4;2.3;39.3;28.6;0.3;0.6;0.0;0.0;0.0;0.3;0.0;0.0;0.0;1.1;0.3;0.0,35.24,0.06,0.0,2.46,14.383,0.783,24560.0,59130.0,4,16,,,,,,,,,,,,,,,,,,,,,,,,,,,,,,,,,,,,,,,,,,,,,,,,,,,,,,,,,,,,,
17,7,,,,,,,98,91,66,18,219.6,2730,10801,35,0,7.3,0.9;13.0;1.8;1.5;1.2;0.6;47.1;22.6;4.4;4.4;29.2;45.0;0.3;1.2;0.0;0.0;0.0;0.0;0.0;0.0;1.2;1.2;0.6;0.0,35.23,0.06,0.01,2.32,14.383,0.783,4150.0,29101.0,4,16,,,,,,,,,,,,,,,,,,,,,,,,,,,,,,,,,,,,,,,,,,,,,,,,,,,,,,,,,,,,,
17,8,,,,,,,97,90,66,18,218.7,2730,10801,35,0,7.1,0.6;12.9;0.9;0.6;0.6;0.3;58.4;17.3;4.4;3.2;31.7;36.4;0.3;0.3;0.0;0.6;0.0;0.0;0.0;0.0;0.0;0.6;0.0;0.0,35.23,0.06,0.02,1.57,14.383,0.783,3710.0,19531.0,4,16,,,,,,,,,,,,,,,,,,,,,,,,,,,,,,,,,,,,,,,,,,,,,,,,,,,,,,,,,,,,,
17,9,,,,,,,100,96,65,19,218.2,2730,10801,35,0,8.4,0.3;30.1;0.6;0.0;0.9;0.3;45.1;27.8;3.5;3.5;51.9;32.0;0.3;0.6;0.0;0.0;0.0;0.0;0.0;0.0;0.0;0.0;0.6;0.0,35.22,0.06,0.0,1.52,14.383,0.783,13281.0,24462.0,4,16,,,,,,,,,,,,,,,,,,,,,,,,,,,,,,,,,,,,,,,,,,,,,,,,,,,,,,,,,,,,,
17,10,,,,,,,97,93,66,19,218.6,2730,10801,35,0,6.6,0.9;17.6;0.3;0.9;0.3;0.3;35.7;20.9;2.6;2.0;34.7;39.6;0.0;0.6;0.0;0.0;0.0;0.0;0.0;0.0;0.0;0.0;0.9;0.0,35.2,0.06,0.03,4.22,14.383,0.783,12792.0,11865.0,4,16,,,,,,,,,,,,,,,,,,,,,,,,,,,,,,,,,,,,,,,,,,,,,,,,,,,,,,,,,,,,,
17,11,,,,,,,97,92,67,19,219.2,2730,10801,35,0,6.6,0.3;13.0;0.3;1.5;0.6;0.6;52.5;26.0;2.1;1.5;29.4;28.4;0.6;0.0;0.0;0.0;0.0;0.0;0.0;0.3;0.0;0.6;0.0;0.6,35.21,0.06,0.01,0.03,14.383,0.783,4003.0,28662.0,4,16,,,,,,,,,,,,,,,,,,,,,,,,,,,,,,,,,,,,,,,,,,,,,,,,,,,,,,,,,,,,,
17,12,,,,,,,100,95,65,18,219.0,2730,10801,35,0,6.7,0.3;16.5;1.2;0.6;0.3;0.9;41.2;25.3;2.4;1.8;12.4;57.1;0.0;0.6;0.0;0.0;0.0;0.0;0.0;0.0;0.0;0.3;0.0;0.0,35.2,0.06,0.0,0.01,14.383,0.783,4199.0,27050.0,4,16,,,,,,,,,,,,,,,,,,,,,,,,,,,,,,,,,,,,,,,,,,,,,,,,,,,,,,,,,,,,,
17,13,,,,,,,100,95,66,17,220.0,2730,10801,35,0,6.6,1.2;12.2;0.9;0.9;1.8;0.9;46.3;9.7;3.8;2.3;18.5;57.5;0.9;0.0;0.0;0.0;0.0;0.0;0.0;0.0;0.0;0.6;0.0;0.3,35.2,0.06,0.01,0.04,14.383,0.783,16064.0,11718.0,4,16,,,,,,,,,,,,,,,,,,,,,,,,,,,,,,,,,,,,,,,,,,,,,,,,,,,,,,,,,,,,,
17,14,,,,,,,96,91,66,19,219.6,2730,10801,35,0,6.7,1.4;13.6;1.2;1.5;0.6;0.6;35.9;50.9;2.6;4.4;24.7;20.9;0.3;0.3;0.0;0.0;0.3;0.0;0.3;0.0;0.0;0.0;0.0;0.0,35.21,0.06,0.04,0.07,14.383,0.783,4199.0,26757.0,4,16,,,,,,,,,,,,,,,,,,,,,,,,,,,,,,,,,,,,,,,,,,,,,,,,,,,,,,,,,,,,,
17,15,,,,,,,100,95,66,19,219.5,2730,10801,35,0,6.7,1.2;15.4;1.2;0.3;0.3;0.3;16.9;50.4;3.2;0.9;21.4;47.7;0.3;0.6;0.0;0.0;0.0;0.0;0.0;0.0;0.3;0.6;0.0;0.0,35.2,0.06,0.03,0.08,14.383,0.783,5517.0,19531.0,4,16,,,,,,,,,,,,,,,,,,,,,,,,,,,,,,,,,,,,,,,,,,,,,,,,,,,,,,,,,,,,,
17,16,,,,,,,100,96,65,19,221.7,2730,10801,35,0,6.6,1.2;11.7;2.1;0.3;0.9;0.3;15.3;41.9;2.6;2.7;13.6;62.8;0.6;0.3;0.0;0.0;0.0;0.0;0.0;0.0;0.0;0.3;1.2;0.0,35.2,0.06,0.01,0.06,14.383,0.783,53955.0,11767.0,4,16,,,,,,,,,,,,,,,,,,,,,,,,,,,,,,,,,,,,,,,,,,,,,,,,,,,,,,,,,,,,,
17,17,,,,,,,96,83,66,18,220.8,2730,10801,35,0,6.9,1.5;15.0;0.9;1.5;0.0;0.9;29.8;54.0;2.6;3.8;18.2;35.0;0.0;0.0;0.0;0.0;0.0;0.0;0.0;0.6;0.0;0.3;1.5;0.6,35.2,0.06,0.09,0.22,14.383,0.783,3808.0,22656.0,4,16,,,,,,,,,,,,,,,,,,,,,,,,,,,,,,,,,,,,,,,,,,,,,,,,,,,,,,,,,,,,,
17,18,,,,,,,100,100,66,20,220.4,2730,10801,35,0,6.6,0.3;18.5;0.6;0.9;0.3;0.6;33.7;34.0;1.2;1.2;22.1;43.0;0.3;0.6;0.0;0.0;0.0;0.0;0.0;0.0;0.0;0.0;0.0;0.0,35.21,0.06,0.01,0.04,14.383,0.783,4248.0,28662.0,4,16,,,,,,,,,,,,,,,,,,,,,,,,,,,,,,,,,,,,,,,,,,,,,,,,,,,,,,,,,,,,,
17,19,,,,,,,97,86,65,18,220.1,2730,10801,35,0,7.1,0.6;17.8;2.3;1.8;0.9;1.2;17.3;37.7;2.9;2.9;16.9;65.5;0.3;0.3;0.0;0.0;0.0;0.0;0.0;0.0;0.0;0.0;0.0;0.0,35.19,0.06,0.02,0.08,14.383,0.783,10693.0,284814.0,4,16,,,,,,,,,,,,,,,,,,,,,,,,,,,,,,,,,,,,,,,,,,,,,,,,,,,,,,,,,,,,,
17,20,,,,,,,96,93,66,19,219.6,2730,10801,35,0,7.1,1.8;13.5;2.1;2.1;0.6;0.6;57.5;30.0;2.9;4.1;21.4;27.9;0.0;1.2;0.0;0.0;0.0;0.0;0.0;0.3;0.9;2.3;0.0;0.3,35.2,0.06,0.0,0.02,14.383,0.783,15820.0,10888.0,4,16,,,,,,,,,,,,,,,,,,,,,,,,,,,,,,,,,,,,,,,,,,,,,,,,,,,,,,,,,,,,,
17,21,,,,,,,96,91,66,19,219.7,2730,10801,35,0,7.0,2.1;11.7;1.8;0.9;1.2;0.3;14.5;65.6;2.4;3.5;18.5;38.9;1.2;0.6;0.6;0.3;0.0;0.0;0.0;0.0;0.6;0.9;0.6;0.6,35.2,0.06,0.01,0.04,14.383,0.783,10742.0,10595.0,4,16,,,,,,,,,,,,,,,,,,,,,,,,,,,,,,,,,,,,,,,,,,,,,,,,,,,,,,,,,,,,,
17,22,,,,,,,100,95,67,19,220.0,2730,10801,35,0,6.7,0.3;14.8;2.0;0.9;0.3;0.3;26.4;24.6;1.2;3.8;15.1;69.1;0.3;0.6;0.0;0.0;0.0;0.0;0.0;0.0;0.0;0.6;0.0;0.0,35.2,0.06,0.0,0.02,14.383,0.783,3857.0,20068.0,4,16,,,,,,,,,,,,,,,,,,,,,,,,,,,,,,,,,,,,,,,,,,,,,,,,,,,,,,,,,,,,,
17,23,,,,,,,100,94,67,19,220.2,2730,10801,35,0,6.9,0.9;15.3;1.8;0.9;0.3;0.3;64.1;19.6;3.2;4.1;16.8;37.6;0.3;0.3;0.0;0.0;0.0;0.3;0.0;0.3;0.0;0.3;0.0;0.0,35.2,0.06,0.02,0.05,14.383,0.783,6494.0,10498.0,4,16,,,,,,,,,,,,,,,,,,,,,,,,,,,,,,,,,,,,,,,,,,,,,,,,,,,,,,,,,,,,,
17,24,,,,,,,96,94,65,19,220.5,2730,10801,35,0,7.2,0.9;14.0;0.9;1.8;0.6;1.2;34.3;42.4;3.2;5.0;21.1;43.8;0.6;0.6;0.0;0.0;0.0;0.0;0.3;0.3;0.3;0.0;0.6;0.6,35.2,0.06,0.02,0.04,14.383,0.783,8154.0,11035.0,4,16,,,,,,,,,,,,,,,,,,,,,,,,,,,,,,,,,,,,,,,,,,,,,,,,,,,,,,,,,,,,,
17,25,,,,,,,96,93,66,19,219.3,2730,10801,35,0,7.4,1.5;16.3;1.8;0.9;0.3;0.9;19.8;41.0;2.9;5.0;18.1;67.1;0.0;0.9;0.0;0.3;0.3;0.0;0.0;0.0;0.0;0.6;0.0;0.3,35.2,0.06,0.02,0.07,14.383,0.783,16796.0,13574.0,4,16,,,,,,,,,,,,,,,,,,,,,,,,,,,,,,,,,,,,,,,,,,,,,,,,,,,,,,,,,,,,,
17,26,,,,,,,99,93,67,18,220.3,2730,10801,35,0,7.9,0.6;15.0;0.6;1.2;0.3;1.7;45.5;42.0;2.3;8.1;22.8;47.2;0.3;0.6;0.0;0.0;0.0;0.0;0.3;0.0;0.3;0.9;0.0;0.6,35.19,0.06,0.01,0.03,14.383,0.783,6054.0,16650.0,4,16,,,,,,,,,,,,,,,,,,,,,,,,,,,,,,,,,,,,,,,,,,,,,,,,,,,,,,,,,,,,,
17,27,,,,,,,96,92,66,18,220.0,2730,10801,35,0,7.7,0.9;30.2;1.5;0.9;0.0;0.3;13.0;70.5;3.5;2.9;28.9;27.4;0.3;0.3;0.0;0.0;0.0;0.0;0.0;0.0;0.0;0.0;0.0;0.0,35.2,0.06,0.03,0.07,14.383,0.783,39794.0,40283.0,4,16,,,,,,,,,,,,,,,,,,,,,,,,,,,,,,,,,,,,,,,,,,,,,,,,,,,,,,,,,,,,,
17,28,,,,,,,98,93,66,19,219.3,2730,10801,35,0,6.5,0.6;12.9;0.9;1.5;0.9;0.3;15.3;38.5;1.8;1.8;28.5;50.6;0.9;0.3;0.0;0.3;0.0;0.0;0.0;0.0;0.3;0.9;0.3;0.0,35.2,0.06,0.01,0.05,14.383,0.783,22363.0,56396.0,4,16,,,,,,,,,,,,,,,,,,,,,,,,,,,,,,,,,,,,,,,,,,,,,,,,,,,,,,,,,,,,,
17,29,,,,,,,100,100,66,19,219.6,2730,10801,35,0,6.9,1.2;13.7;0.9;1.2;0.3;0.6;46.2;30.8;0.6;4.7;15.3;45.7;0.6;0.6;0.0;0.0;0.0;0.0;0.0;0.0;0.0;0.6;0.3;0.3,35.2,0.06,0.02,0.06,14.383,0.783,47363.0,72119.0,4,16,,,,,,,,,,,,,,,,,,,,,,,,,,,,,,,,,,,,,,,,,,,,,,,,,,,,,,,,,,,,,
17,30,,,,,,,96,90,65,18,219.8,2730,10801,35,0,6.4,0.9;13.7;0.3;1.4;0.0;0.3;16.1;68.7;2.6;2.0;23.3;21.9;0.0;0.3;0.0;0.6;0.0;0.0;0.0;0.0;0.3;0.0;0.6;0.3,35.2,0.06,0.02,0.06,14.383,0.783,44042.0,54736.0,4,16,,,,,,,,,,,,,,,,,,,,,,,,,,,,,,,,,,,,,,,,,,,,,,,,,,,,,,,,,,,,,
17,31,,,,,,,100,99,65,19,219.2,2730,10801,35,0,6.6,0.6;11.4;1.5;0.3;0.9;0.3;37.5;24.9;1.8;2.9;17.1;57.4;0.6;0.6;0.0;0.0;0.3;0.0;0.0;0.0;0.0;0.0;0.6;0.3,35.2,0.06,0.01,0.05,14.383,0.783,14550.0,13818.0,4,16,,,,,,,,,,,,,,,,,,,,,,,,,,,,,,,,,,,,,,,,,,,,,,,,,,,,,,,,,,,,,
17,32,,,,,,,100,95,67,18,219.7,2730,10801,35,0,6.5,0.3;12.2;1.8;0.9;0.3;0.3;54.7;17.9;2.4;2.1;14.1;46.9;0.3;0.3;0.0;0.0;0.0;0.0;0.0;0.0;0.0;0.0;0.0;0.6,35.18,0.06,0.01,0.03,14.383,0.783,8349.0,13378.0,4,16,,,,,,,,,,,,,,,,,,,,,,,,,,,,,,,,,,,,,,,,,,,,,,,,,,,,,,,,,,,,,
17,33,,,,,,,96,91,66,18,219.2,2730,10801,35,0,6.6,0.9;10.3;0.6;0.9;0.0;1.2;32.3;50.9;2.4;2.3;17.2;37.1;0.9;0.6;0.0;0.0;0.0;0.0;0.0;0.0;0.0;0.0;0.6;0.0,35.21,0.06,0.04,0.12,14.383,0.783,3613.0,33398.0,4,16,,,,,,,,,,,,,,,,,,,,,,,,,,,,,,,,,,,,,,,,,,,,,,,,,,,,,,,,,,,,,
17,34,,,,,,,100,92,66,17,219.0,2730,10801,35,0,7.0,0.9;17.5;0.6;0.3;1.2;0.3;22.0;39.6;3.2;2.6;16.2;58.8;0.3;0.0;0.0;0.0;0.3;0.0;0.0;0.6;0.0;0.3;1.2;0.0,35.2,0.06,0.01,0.05,14.383,0.783,3857.0,15527.0,4,16,,,,,,,,,,,,,,,,,,,,,,,,,,,,,,,,,,,,,,,,,,,,,,,,,,,,,,,,,,,,,
17,35,,,,,,,100,95,66,18,220.1,2730,10801,35,0,6.5,0.0;14.2;0.9;0.3;0.3;0.0;42.8;13.5;3.8;1.8;13.8;63.9;0.0;0.0;0.0;0.0;0.0;0.0;0.0;0.0;0.3;0.6;0.0;0.0,35.2,0.06,0.01,0.04,14.383,0.783,3710.0,28662.0,4,16,,,,,,,,,,,,,,,,,,,,,,,,,,,,,,,,,,,,,,,,,,,,,,,,,,,,,,,,,,,,,
17,36,,,,,,,97,94,65,19,219.7,2730,10801,35,0,7.2,1.5;16.5;3.8;1.5;0.3;0.6;25.2;59.7;3.8;4.1;19.9;33.4;0.3;0.0;0.3;0.0;0.0;0.0;0.0;0.0;0.0;0.6;0.3;0.0,35.2,0.06,0.0,0.03,14.383,0.783,9716.0,18896.0,4,16,,,,,,,,,,,,,,,,,,,,,,,,,,,,,,,,,,,,,,,,,,,,,,,,,,,,,,,,,,,,,
17,37,,,,,,,97,91,66,18,219.8,2730,10801,35,0,7.2,0.6;10.1;3.5;2.7;1.2;1.8;21.5;55.9;6.2;3.5;19.9;44.7;0.9;0.3;0.0;0.0;0.0;0.0;0.0;0.0;0.0;0.0;0.6;0.0,35.21,0.06,0.06,0.1,14.383,0.783,6835.0,21777.0,4,16,,,,,,,,,,,,,,,,,,,,,,,,,,,,,,,,,,,,,,,,,,,,,,,,,,,,,,,,,,,,,
17,38,,,,,,,100,95,65,19,221.1,2730,10801,35,0,7.2,0.9;18.5;0.9;1.4;0.3;0.3;44.3;13.3;4.6;3.2;17.6;64.4;0.3;0.0;0.0;0.3;0.0;0.0;0.0;0.0;0.0;0.0;0.6;0.3,35.2,0.06,0.02,0.1,14.383,0.783,12988.0,12158.0,4,16,,,,,,,,,,,,,,,,,,,,,,,,,,,,,,,,,,,,,,,,,,,,,,,,,,,,,,,,,,,,,
17,39,,,,,,,97,93,66,15,219.7,2730,10801,35,0,7.2,0.3;15.8;3.5;1.8;2.3;1.2;36.3;32.4;5.3;4.1;36.8;26.2;0.9;0.9;1.2;0.3;0.3;0.0;0.6;0.0;0.6;0.3;0.3;0.0,35.18,0.06,0.0,0.01,14.383,0.783,9960.0,18701.0,4,16,,,,,,,,,,,,,,,,,,,,,,,,,,,,,,,,,,,,,,,,,,,,,,,,,,,,,,,,,,,,,
17,40,,,,,,,100,100,66,18,218.9,2730,10801,35,0,6.8,0.0;13.8;1.7;1.3;0.0;0.9;18.8;21.0;3.9;3.9;23.9;67.8;0.4;0.0;0.0;0.0;0.0;0.0;0.0;0.0;0.4;0.9;1.7;0.9,35.18,0.06,0.01,0.02,14.383,0.783,47705.0,25878.0,4,16,,,,,,,,,,,,,,,,,,,,,,,,,,,,,,,,,,,,,,,,,,,,,,,,,,,,,,,,,,,,,
17,summary,0.4561644740280954,0.958456824232682,0.4732194281438833,0.950793005286702,0.00098325,218.3,,,,,,,,,,,,,,,,,,,,,,41,96.83,100,39,92.17,100,59,65.62,67,15,18.62,27,184.6,218.82,221.7,2730.4,10801.0,35.0,0,6.4,8.03,50.4,35.18,35.21,35.35,63.16,0.06,0.06,0.06,16.0,0.0,0.02,0.09,0.01,0.77,5.58,10.733,13.6,14.383,14.38,14.383,15.992,0.783,0.78,0.783,3613.0,14916.48,53955.0,10400.0,32657.05,284814.0,4,4.0,4,16,16.0,16,4,16,166.29,40.18
18,1,,,,,,,19,17,59,22,181.4,2730,10801,35,0,50.8,70.9;75.7;85.7;86.4;85.8;79.5;96.9;96.7;85.7;87.8;95.4;95.0;56.5;58.6;1.5;1.8;16.9;17.1;1.0;0.6;7.2;6.4;3.9;5.5,35.37,0.06,0.02,0.05,14.383,0.783,3125.0,200390.0,4,16,,,,,,,,,,,,,,,,,,,,,,,,,,,,,,,,,,,,,,,,,,,,,,,,,,,,,,,,,,,,,
18,2,,,,,,,100,93,65,19,220.9,2745,10801,35,0,7.7,0.3;14.7;1.8;1.2;0.6;0.6;59.6;22.5;3.2;5.6;25.2;47.1;0.3;0.0;0.0;0.0;0.0;0.0;0.0;0.0;0.0;0.0;0.6;0.0,35.34,0.06,0.02,4.61,14.384,0.784,13330.0,202392.0,4,16,,,,,,,,,,,,,,,,,,,,,,,,,,,,,,,,,,,,,,,,,,,,,,,,,,,,,,,,,,,,,
18,3,,,,,,,97,92,66,19,219.4,2745,10801,35,0,8.2,0.3;28.2;1.4;1.7;0.6;0.3;38.2;27.0;4.1;3.8;41.4;45.8;0.6;0.3;0.0;0.0;0.0;0.0;0.0;0.0;0.3;0.6;0.0;0.0,35.29,0.06,0.01,4.85,14.384,0.784,20263.0,63818.0,4,16,,,,,,,,,,,,,,,,,,,,,,,,,,,,,,,,,,,,,,,,,,,,,,,,,,,,,,,,,,,,,
18,4,,,,,,,100,95,65,18,220.9,2745,10801,35,0,6.6,1.5;14.5;0.3;1.8;0.6;0.3;52.6;12.3;2.1;2.9;25.4;40.9;0.0;0.3;0.0;0.0;0.0;0.0;0.0;0.0;0.3;0.6;0.3;0.0,35.3,0.06,0.0,3.22,14.384,0.784,40380.0,49707.0,4,16,,,,,,,,,,,,,,,,,,,,,,,,,,,,,,,,,,,,,,,,,,,,,,,,,,,,,,,,,,,,,
18,5,,,,,,,98,92,67,19,220.7,2745,10801,35,0,6.6,0.6;12.7;1.2;0.9;0.6;0.0;47.8;28.7;1.5;2.6;18.5;41.5;0.3;0.0;0.0;0.3;0.0;0.0;0.0;0.0;0.0;0.0;1.2;0.0,35.28,0.06,0.01,3.42,14.384,0.784,22021.0,57080.0,4,16,,,,,,,,,,,,,,,,,,,,,,,,,,,,,,,,,,,,,,,,,,,,,,,,,,,,,,,,,,,,,
18,6,,,,,,,97,90,65,19,219.5,2745,10801,35,0,7.0,0.6;14.5;2.3;1.5;0.9;0.6;31.7;22.4;2.6;4.1;14.1;69.4;0.0;0.3;0.0;0.0;0.0;0.0;0.0;0.0;0.3;0.0;0.6;0.3,35.26,0.06,0.01,2.9,14.384,0.784,42919.0,50097.0,4,16,,,,,,,,,,,,,,,,,,,,,,,,,,,,,,,,,,,,,,,,,,,,,,,,,,,,,,,,,,,,,
18,7,,,,,,,98,92,66,18,211.2,2745,10801,35,0,7.1,0.9;16.3;2.9;1.7;0.9;1.2;46.0;17.9;3.2;2.9;25.3;47.1;0.3;0.0;0.0;0.3;0.0;0.0;0.0;0.3;2.0;1.4;0.0;0.0,35.25,0.06,0.01,2.26,14.384,0.784,3662.0,27978.0,4,16,,,,,,,,,,,,,,,,,,,,,,,,,,,,,,,,,,,,,,,,,,,,,,,,,,,,,,,,,,,,,
18,8,,,,,,,96,88,66,18,220.3,2745,10801,35,0,6.4,0.6;8.5;1.2;0.6;0.6;1.2;59.0;21.2;1.8;2.7;36.3;19.2;0.0;0.6;0.0;0.6;0.0;0.0;0.0;0.0;0.0;0.0;0.3;0.0,35.24,0.06,0.04,1.98,14.384,0.784,3808.0,14599.0,4,16,,,,,,,,,,,,,,,,,,,,,,,,,,,,,,,,,,,,,,,,,,,,,,,,,,,,,,,,,,,,,
18,9,,,,,,,100,100,65,19,219.1,2745,10801,35,0,7.0,0.3;14.5;1.2;1.2;0.6;0.0;35.3;23.5;1.5;4.7;24.3;55.6;1.2;1.2;0.0;0.3;0.3;0.0;0.0;0.0;0.3;0.3;0.3;0.3,35.24,0.06,0.01,1.55,14.384,0.784,3320.0,13085.0,4,16,,,,,,,,,,,,,,,,,,,,,,,,,,,,,,,,,,,,,,,,,,,,,,,,,,,,,,,,,,,,,
18,10,,,,,,,100,95,64,18,218.9,2745,10801,35,0,6.9,1.5;11.7;1.8;3.2;0.3;1.7;43.4;20.3;4.4;1.5;22.3;52.5;0.3;0.3;0.0;0.0;0.0;0.0;0.6;0.6;0.3;0.0;0.0;0.0,35.24,0.06,0.01,1.54,14.384,0.784,8349.0,10644.0,4,16,,,,,,,,,,,,,,,,,,,,,,,,,,,,,,,,,,,,,,,,,,,,,,,,,,,,,,,,,,,,,
18,11,,,,,,,96,91,66,18,219.8,2745,10801,35,0,7.1,3.2;14.8;1.2;1.2;0.0;1.2;62.9;17.1;4.1;4.1;22.0;32.3;0.6;0.3;0.0;0.0;0.9;0.3;0.0;0.0;0.6;0.0;1.4;1.2,35.19,0.06,0.0,3.41,14.384,0.784,3808.0,21826.0,4,16,,,,,,,,,,,,,,,,,,,,,,,,,,,,,,,,,,,,,,,,,,,,,,,,,,,,,,,,,,,,,
18,12,,,,,,,100,100,65,18,219.5,2745,10801,35,0,7.2,0.9;18.2;2.4;1.5;1.5;1.2;41.1;19.6;3.5;3.8;14.9;60.6;0.3;0.9;0.0;0.0;0.0;0.0;0.0;0.0;0.9;0.3;0.6;0.3,35.2,0.06,0.03,0.08,14.384,0.784,8300.0,10986.0,4,16,,,,,,,,,,,,,,,,,,,,,,,,,,,,,,,,,,,,,,,,,,,,,,,,,,,,,,,,,,,,,
18,13,,,,,,,100,95,64,19,220.6,2745,10801,35,0,6.9,0.9;12.5;2.6;2.9;0.9;1.5;35.3;28.2;4.1;2.1;18.3;55.3;0.3;0.0;0.0;0.0;0.0;0.0;0.0;0.0;0.6;0.0;0.3;0.9,35.2,0.06,0.01,0.03,14.384,0.784,16455.0,10107.0,4,16,,,,,,,,,,,,,,,,,,,,,,,,,,,,,,,,,,,,,,,,,,,,,,,,,,,,,,,,,,,,,
18,14,,,,,,,99,94,65,18,221.3,2745,10801,35,0,7.3,1.2;11.8;3.0;1.8;0.9;0.9;46.2;29.9;5.3;4.1;32.1;32.7;1.2;0.9;0.0;0.0;0.0;0.0;0.0;0.0;0.3;0.6;0.6;0.3,35.2,0.06,0.02,0.07,14.384,0.784,12744.0,12158.0,4,16,,,,,,,,,,,,,,,,,,,,,,,,,,,,,,,,,,,,,,,,,,,,,,,,,,,,,,,,,,,,,
18,15,,,,,,,100,97,64,17,212.6,2745,10801,35,0,7.0,0.9;13.3;1.2;1.7;0.3;0.3;33.2;27.2;4.6;3.2;21.3;60.1;0.0;0.0;0.0;0.3;0.0;0.0;0.0;0.0;0.0;0.0;0.0;0.3,35.2,0.06,0.01,0.04,14.384,0.784,115966.0,10400.0,4,16,,,,,,,,,,,,,,,,,,,,,,,,,,,,,,,,,,,,,,,,,,,,,,,,,,,,,,,,,,,,,
18,16,,,,,,,100,93,64,16,221.1,2745,10801,35,0,7.4,0.9;13.8;1.2;1.5;1.2;0.9;23.0;33.8;4.4;5.0;34.1;55.5;0.6;0.0;0.0;0.0;0.0;0.0;0.0;0.0;0.6;0.0;0.0;0.3,35.21,0.06,0.03,0.69,14.384,0.784,9570.0,10693.0,4,16,,,,,,,,,,,,,,,,,,,,,,,,,,,,,,,,,,,,,,,,,,,,,,,,,,,,,,,,,,,,,
18,17,,,,,,,100,94,65,18,221.2,2745,10801,35,0,7.5,0.9;12.7;2.6;1.2;1.2;0.9;64.2;25.9;7.1;3.5;39.5;15.9;1.2;0.9;0.3;0.6;0.6;0.0;0.3;0.0;0.3;0.0;0.3;0.0,35.2,0.06,0.01,0.03,14.384,0.784,13085.0,10400.0,4,16,,,,,,,,,,,,,,,,,,,,,,,,,,,,,,,,,,,,,,,,,,,,,,,,,,,,,,,,,,,,,
18,18,,,,,,,97,95,67,18,221.1,2745,10801,35,0,7.4,2.4;13.0;2.6;1.5;0.3;0.6;62.6;14.5;3.8;4.1;19.4;49.6;0.3;0.6;0.0;0.0;0.0;0.0;0.0;0.0;0.0;0.0;0.9;0.3,35.2,0.06,0.0,0.07,14.384,0.784,13623.0,10253.0,4,16,,,,,,,,,,,,,,,,,,,,,,,,,,,,,,,,,,,,,,,,,,,,,,,,,,,,,,,,,,,,,
18,19,,,,,,,100,94,65,18,211.5,2745,10801,35,0,7.2,0.9;12.0;1.2;0.3;0.6;0.6;33.2;34.3;5.8;2.3;20.7;58.3;0.3;0.6;0.0;0.0;0.0;0.0;0.0;0.0;0.0;0.0;0.0;0.0,35.21,0.06,0.01,0.05,14.384,0.784,9521.0,13964.0,4,16,,,,,,,,,,,,,,,,,,,,,,,,,,,,,,,,,,,,,,,,,,,,,,,,,,,,,,,,,,,,,
18,20,,,,,,,100,95,66,16,221.1,2745,10801,35,0,7.9,0.6;11.5;2.4;0.9;0.9;0.6;60.9;29.7;5.0;3.0;34.1;37.0;0.3;0.3;0.0;0.0;0.0;0.0;0.0;0.0;0.0;0.6;0.6;0.3,35.18,0.06,0.0,0.02,14.384,0.784,16259.0,11865.0,4,16,,,,,,,,,,,,,,,,,,,,,,,,,,,,,,,,,,,,,,,,,,,,,,,,,,,,,,,,,,,,,
18,21,,,,,,,96,93,67,18,220.2,2745,10801,35,0,7.8,1.5;28.6;1.2;1.2;0.6;0.0;48.2;31.6;5.5;1.5;21.3;39.5;0.6;0.3;0.0;0.0;0.0;0.0;0.0;0.0;0.0;0.3;1.2;0.9,35.2,0.06,0.02,0.08,14.384,0.784,3710.0,40625.0,4,16,,,,,,,,,,,,,,,,,,,,,,,,,,,,,,,,,,,,,,,,,,,,,,,,,,,,,,,,,,,,,
18,22,,,,,,,98,93,65,18,220.1,2745,10801,35,0,7.1,1.2;11.7;3.2;1.5;0.9;0.6;26.1;33.5;4.1;2.9;28.7;51.8;0.6;1.8;0.0;0.0;0.0;0.3;0.0;0.3;0.3;0.3;0.9;0.0,35.2,0.06,0.0,0.01,14.384,0.784,3662.0,15917.0,4,16,,,,,,,,,,,,,,,,,,,,,,,,,,,,,,,,,,,,,,,,,,,,,,,,,,,,,,,,,,,,,
18,23,,,,,,,100,96,65,19,221.1,2745,10801,35,0,6.8,0.6;13.9;2.6;0.3;0.3;0.6;67.2;16.9;2.9;3.2;30.0;20.1;0.9;0.9;0.3;0.3;0.0;0.0;0.0;0.0;0.9;0.0;0.6;0.3,35.2,0.06,0.01,0.05,14.384,0.784,13330.0,19189.0,4,16,,,,,,,,,,,,,,,,,,,,,,,,,,,,,,,,,,,,,,,,,,,,,,,,,,,,,,,,,,,,,
18,24,,,,,,,96,90,65,18,219.4,2745,10801,35,0,6.7,0.6;14.7;1.5;0.9;0.3;0.3;41.8;26.4;3.5;1.8;35.5;30.8;0.3;0.6;0.0;0.0;0.0;0.6;0.0;0.0;0.0;0.6;1.2;0.0,35.21,0.06,0.01,0.04,14.384,0.784,4003.0,72851.0,4,16,,,,,,,,,,,,,,,,,,,,,,,,,,,,,,,,,,,,,,,,,,,,,,,,,,,,,,,,,,,,,
18,25,,,,,,,98,98,66,18,220.3,2745,10801,35,0,6.5,0.3;11.6;0.9;0.3;0.9;0.0;31.2;16.4;2.1;3.2;48.8;38.2;0.6;0.3;0.0;0.0;0.0;0.0;0.0;0.0;0.0;0.0;0.6;0.3,35.2,0.06,0.0,0.01,14.384,0.784,3662.0,32861.0,4,16,,,,,,,,,,,,,,,,,,,,,,,,,,,,,,,,,,,,,,,,,,,,,,,,,,,,,,,,,,,,,
18,26,,,,,,,100,95,65,18,219.9,2745,10801,35,0,6.6,0.3;11.9;1.8;0.9;0.6;0.3;46.9;17.7;2.1;3.5;27.7;41.1;1.8;0.0;0.3;0.0;0.0;0.0;0.0;0.0;0.0;0.0;0.6;0.0,35.21,0.06,0.02,0.08,14.384,0.784,4199.0,30029.0,4,16,,,,,,,,,,,,,,,,,,,,,,,,,,,,,,,,,,,,,,,,,,,,,,,,,,,,,,,,,,,,,
18,27,,,,,,,96,92,65,19,211.2,2745,10801,35,0,6.5,0.6;16.3;2.3;0.0;1.4;0.3;37.7;38.6;4.3;1.2;15.7;35.8;0.3;0.0;0.0;0.0;0.3;0.0;0.0;0.0;0.0;0.6;1.1;0.0,35.2,0.06,0.0,0.03,14.384,0.784,26660.0,50000.0,4,16,,,,,,,,,,,,,,,,,,,,,,,,,,,,,,,,,,,,,,,,,,,,,,,,,,,,,,,,,,,,,
18,28,,,,,,,96,84,66,19,221.4,2745,10801,35,0,6.8,0.6;15.6;0.9;0.6;0.0;0.0;35.0;18.0;2.9;3.8;19.8;63.8;0.3;0.0;0.0;0.0;0.0;0.0;0.0;0.0;0.3;0.0;0.0;0.0,35.21,0.06,0.04,0.09,14.384,0.784,26025.0,42773.0,4,16,,,,,,,,,,,,,,,,,,,,,,,,,,,,,,,,,,,,,,,,,,,,,,,,,,,,,,,,,,,,,
18,29,,,,,,,96,88,65,19,219.6,2745,10801,35,0,7.0,0.6;15.7;2.0;1.5;0.9;0.3;44.9;31.3;3.8;2.6;19.9;39.6;0.6;0.6;0.3;0.3;0.0;0.3;0.0;0.0;0.0;0.6;0.6;0.0,35.21,0.06,0.0,0.01,14.384,0.784,25781.0,51513.0,4,16,,,,,,,,,,,,,,,,,,,,,,,,,,,,,,,,,,,,,,,,,,,,,,,,,,,,,,,,,,,,,
18,30,,,,,,,100,99,65,16,220.5,2745,10801,35,0,7.0,1.8;15.3;2.4;0.6;0.3;0.3;60.5;21.2;3.2;3.8;26.8;28.0;0.6;0.3;0.3;0.0;0.0;0.0;0.0;0.0;0.9;0.0;0.9;0.6,35.21,0.06,0.03,0.09,14.384,0.784,30957.0,61083.0,4,16,,,,,,,,,,,,,,,,,,,,,,,,,,,,,,,,,,,,,,,,,,,,,,,,,,,,,,,,,,,,,
18,31,,,,,,,96,86,65,19,220.1,2745,10801,35,0,6.7,0.3;14.2;1.7;2.3;0.3;0.9;20.8;31.2;3.8;2.0;16.2;64.5;0.3;0.0;0.0;0.0;0.0;0.0;0.0;0.0;0.0;0.0;1.1;0.0,35.21,0.06,0.02,0.03,14.384,0.784,9277.0,10009.0,4,16,,,,,,,,,,,,,,,,,,,,,,,,,,,,,,,,,,,,,,,,,,,,,,,,,,,,,,,,,,,,,
18,32,,,,,,,97,94,64,18,219.2,2745,10801,35,0,6.8,1.2;14.8;1.2;0.6;1.2;0.0;57.4;10.9;4.7;1.5;22.1;43.8;0.3;0.3;0.0;0.0;0.0;0.3;0.0;0.0;0.0;0.6;0.3;0.3,35.2,0.06,0.01,0.05,14.384,0.784,12744.0,338525.0,4,16,,,,,,,,,,,,,,,,,,,,,,,,,,,,,,,,,,,,,,,,,,,,,,,,,,,,,,,,,,,,,
18,33,,,,,,,100,96,65,19,219.4,2745,10801,35,0,7.0,0.0;12.7;2.0;0.9;1.2;0.0;24.3;49.6;3.8;3.2;26.7;38.5;0.3;0.3;0.3;0.0;0.3;0.0;0.0;0.0;0.9;2.0;0.0;0.3,35.2,0.06,0.01,0.07,14.384,0.784,6445.0,16357.0,4,16,,,,,,,,,,,,,,,,,,,,,,,,,,,,,,,,,,,,,,,,,,,,,,,,,,,,,,,,,,,,,
18,34,,,,,,,100,94,66,18,220.0,2745,10801,35,0,7.2,1.8;12.0;2.4;0.9;0.6;0.0;39.1;26.0;4.4;3.6;25.7;53.2;0.9;0.0;0.3;0.0;0.0;0.0;0.0;0.0;0.9;0.3;0.3;0.3,35.2,0.06,0.04,0.09,14.384,0.784,13037.0,25000.0,4,16,,,,,,,,,,,,,,,,,,,,,,,,,,,,,,,,,,,,,,,,,,,,,,,,,,,,,,,,,,,,,
18,35,,,,,,,97,93,65,18,220.5,2745,10801,35,0,6.9,0.6;14.0;0.6;0.0;0.9;0.0;23.6;39.4;4.3;1.7;35.3;41.2;0.0;0.3;0.0;0.3;0.0;0.0;0.0;0.3;0.3;0.0;2.3;1.1,35.2,0.06,0.01,0.04,14.384,0.784,4101.0,12744.0,4,16,,,,,,,,,,,,,,,,,,,,,,,,,,,,,,,,,,,,,,,,,,,,,,,,,,,,,,,,,,,,,
18,36,,,,,,,100,93,66,19,220.9,2745,10801,35,0,7.1,0.3;14.0;0.3;0.0;0.3;0.0;32.0;44.9;4.7;4.1;35.3;30.3;0.6;0.9;0.0;0.0;0.0;0.0;0.0;0.0;0.0;0.9;0.0;0.0,35.2,0.06,0.01,0.03,14.384,0.784,13183.0,15429.0,4,16,,,,,,,,,,,,,,,,,,,,,,,,,,,,,,,,,,,,,,,,,,,,,,,,,,,,,,,,,,,,,
18,37,,,,,,,100,95,66,19,221.4,2745,10801,35,0,7.4,0.9;12.2;0.9;1.8;0.6;0.6;41.6;30.7;5.3;3.2;15.3;63.3;0.0;0.6;0.0;0.0;0.0;0.0;0.0;0.3;0.0;0.0;0.3;0.3,35.2,0.06,0.01,0.04,14.384,0.784,4052.0,16259.0,4,16,,,,,,,,,,,,,,,,,,,,,,,,,,,,,,,,,,,,,,,,,,,,,,,,,,,,,,,,,,,,,
18,38,,,,,,,97,93,65,19,220.8,2745,10801,35,0,9.0,1.2;30.8;1.5;1.2;0.9;0.3;45.2;28.9;7.3;5.6;21.1;63.3;0.6;0.6;0.0;0.0;0.0;0.0;0.0;0.0;0.6;0.3;1.5;0.6,35.18,0.06,0.02,0.04,14.384,0.784,5517.0,23046.0,4,16,,,,,,,,,,,,,,,,,,,,,,,,,,,,,,,,,,,,,,,,,,,,,,,,,,,,,,,,,,,,,
18,39,,,,,,,99,94,66,20,212.6,2745,10801,35,0,5.4,0.9;10.5;1.2;0.9;0.3;0.0;48.6;21.7;2.3;2.0;16.2;22.3;0.0;0.0;0.0;0.0;0.0;0.0;0.0;0.0;0.6;0.0;2.0;0.0,35.18,0.06,0.01,0.05,14.384,0.784,13427.0,28710.0,4,16,,,,,,,,,,,,,,,,,,,,,,,,,,,,,,,,,,,,,,,,,,,,,,,,,,,,,,,,,,,,,
18,40,,,,,,,97,90,65,17,219.1,2745,10801,35,0,6.2,0.9;12.7;2.2;0.9;0.9;1.3;6.5;27.3;4.3;4.7;34.2;50.9;0.0;0.0;0.0;0.0;0.0;0.0;0.0;0.0;1.3;0.0;0.0;0.4,35.18,0.06,0.02,0.06,14.384,0.784,12011.0,165087.0,4,16,,,,,,,,,,,,,,,,,,,,,,,,,,,,,,,,,,,,,,,,,,,,,,,,,,,,,,,,,,,,,
18,summary,0.45315643638336706,0.9592964427444761,0.4644463165788546,0.9579097193981293,0.00098117,218.2,,,,,,,,,,,,,,,,,,,,,,19,96.4,100,17,91.45,100,59,65.15,67,16,18.32,22,181.4,218.24,221.4,2744.6,10801.0,35.0,0,5.4,8.14,50.8,35.18,35.22,35.37,63.16,0.06,0.06,0.06,16.0,0.0,0.01,0.04,0.01,0.8,4.85,10.734,13.6,14.383,14.38,14.384,15.992,0.783,0.78,0.784,3125.0,15407.27,115966.0,10009.0,47011.22,338525.0,4,4.0,4,16,16.0,16,4,16,165.98,40.4
19,1,,,,,,,2,1,58,26,164.8,2745,10801,35,0,50.0,62.5;69.3;86.5;87.5;83.7;86.5;97.8;97.3;89.3;91.3;98.6;97.1;44.9;55.4;1.7;1.6;16.4;15.9;0.5;1.0;6.0;4.2;3.6;2.4,35.37,0.06,0.02,0.05,14.384,0.784,12158.0,198828.0,4,16,,,,,,,,,,,,,,,,,,,,,,,,,,,,,,,,,,,,,,,,,,,,,,,,,,,,,,,,,,,,,
19,2,,,,,,,97,92,65,19,220.7,2745,10801,35,0,6.8,0.9;14.3;2.4;0.9;0.3;0.6;56.0;28.6;2.9;2.7;14.2;35.7;0.0;0.0;0.0;0.0;0.9;0.0;0.0;0.0;0.3;0.3;0.0;0.0,35.34,0.06,0.01,4.59,14.384,0.784,7128.0,10498.0,4,16,,,,,,,,,,,,,,,,,,,,,,,,,,,,,,,,,,,,,,,,,,,,,,,,,,,,,,,,,,,,,
19,3,,,,,,,100,100,66,19,220.4,2745,10801,35,0,6.8,0.9;13.0;1.5;0.9;0.6;1.2;28.5;18.8;2.1;3.8;25.4;61.5;0.0;0.0;0.0;0.0;0.3;0.0;0.0;0.0;0.3;2.9;0.6;0.0,35.32,0.06,0.0,3.78,14.384,0.784,31347.0,50537.0,4,16,,,,,,,,,,,,,,,,,,,,,,,,,,,,,,,,,,,,,,,,,,,,,,,,,,,,,,,,,,,,,
19,4,,,,,,,100,98,66,19,220.7,2745,10801,35,0,6.8,1.4;17.3;1.4;0.3;0.3;0.0;53.8;19.5;3.7;2.8;16.4;42.9;0.6;0.3;0.0;0.0;0.0;0.0;0.0;0.0;0.0;0.0;2.2;0.3,35.29,0.06,0.03,5.12,14.384,0.784,1074.0,7226.0,4,16,,,,,,,,,,,,,,,,,,,,,,,,,,,,,,,,,,,,,,,,,,,,,,,,,,,,,,,,,,,,,
19,5,,,,,,,100,89,66,20,219.5,2745,10801,35,0,6.6,1.5;12.8;2.1;0.3;1.2;0.6;47.2;30.7;2.9;2.4;9.4;45.3;0.0;0.0;0.0;0.0;0.3;0.0;0.3;0.3;0.3;0.6;0.0;0.0,35.28,0.06,0.01,2.5,14.384,0.784,47021.0,62500.0,4,16,,,,,,,,,,,,,,,,,,,,,,,,,,,,,,,,,,,,,,,,,,,,,,,,,,,,,,,,,,,,,
19,6,,,,,,,97,91,66,19,220.6,2745,10801,35,0,7.2,3.2;14.3;1.5;0.6;0.9;1.2;35.5;20.1;2.9;4.4;15.2;68.8;0.3;0.0;0.3;0.0;0.0;0.0;0.0;0.0;1.2;0.6;1.8;0.3,35.26,0.06,0.0,2.87,14.384,0.784,29003.0,50878.0,4,16,,,,,,,,,,,,,,,,,,,,,,,,,,,,,,,,,,,,,,,,,,,,,,,,,,,,,,,,,,,,,
19,7,,,,,,,96,90,67,19,219.1,2745,10801,35,0,7.0,1.5;15.7;2.1;1.5;0.6;0.6;47.8;22.0;3.2;2.9;16.1;50.3;0.0;0.3;0.3;0.0;0.0;0.3;0.0;0.3;0.0;0.0;1.5;0.0,35.25,0.06,0.01,2.29,14.384,0.784,3906.0,14599.0,4,16,,,,,,,,,,,,,,,,,,,,,,,,,,,,,,,,,,,,,,,,,,,,,,,,,,,,,,,,,,,,,
19,8,,,,,,,98,94,65,21,218.2,2745,10801,35,0,7.0,1.4;14.7;2.5;1.4;0.6;0.8;68.5;15.0;3.7;4.0;7.0;41.0;0.6;1.4;0.3;0.0;0.0;0.0;0.0;0.3;1.4;0.8;2.5;0.3,35.24,0.06,0.01,1.85,14.384,0.784,634.0,195.0,4,16,,,,,,,,,,,,,,,,,,,,,,,,,,,,,,,,,,,,,,,,,,,,,,,,,,,,,,,,,,,,,
19,9,,,,,,,100,100,65,19,219.0,2745,10801,35,0,7.1,0.9;13.3;2.4;0.9;0.6;0.6;29.5;25.1;5.9;2.7;17.1;67.2;0.9;1.5;0.0;0.0;0.3;0.0;0.0;0.0;0.0;0.0;0.0;0.3,35.23,0.06,0.01,1.54,14.384,0.784,4541.0,14208.0,4,16,,,,,,,,,,,,,,,,,,,,,,,,,,,,,,,,,,,,,,,,,,,,,,,,,,,,,,,,,,,,,
19,10,,,,,,,96,85,65,19,218.9,2745,10801,35,0,6.9,0.6;10.1;1.2;1.8;0.6;0.0;50.0;19.1;3.5;3.8;21.7;50.3;0.0;0.6;0.0;0.0;0.0;0.0;0.3;0.0;0.9;0.3;0.6;0.0,35.22,0.06,0.04,1.61,14.384,0.784,12841.0,10449.0,4,16,,,,,,,,,,,,,,,,,,,,,,,,,,,,,,,,,,,,,,,,,,,,,,,,,,,,,,,,,,,,,
19,11,,,,,,,96,87,66,17,220.1,2745,10801,35,0,7.0,0.9;13.2;2.9;1.5;0.9;0.3;66.3;19.9;4.1;3.8;12.0;39.5;0.3;0.3;0.0;0.0;0.6;0.0;0.3;0.0;0.0;0.0;0.0;0.3,35.2,0.06,0.01,3.5,14.384,0.784,3808.0,22705.0,4,16,,,,,,,,,,,,,,,,,,,,,,,,,,,,,,,,,,,,,,,,,,,,,,,,,,,,,,,,,,,,,
19,12,,,,,,,96,95,66,21,220.4,2745,10801,35,0,6.5,1.4;11.3;0.6;0.8;0.6;0.0;38.2;24.6;2.0;2.3;23.2;49.0;0.6;0.6;0.0;0.0;0.0;0.0;0.0;0.0;0.3;0.0;0.3;0.0,35.2,0.06,0.0,0.02,14.384,0.784,390.0,585.0,4,16,,,,,,,,,,,,,,,,,,,,,,,,,,,,,,,,,,,,,,,,,,,,,,,,,,,,,,,,,,,,,
19,13,,,,,,,100,94,64,18,220.8,2745,10801,35,0,7.5,0.6;14.6;0.9;1.8;1.2;0.3;30.4;37.2;2.7;4.1;36.3;46.9;0.3;0.3;0.0;0.6;0.6;0.3;0.0;0.0;0.6;0.0;0.3;0.6,35.2,0.06,0.02,0.06,14.384,0.784,4052.0,29003.0,4,16,,,,,,,,,,,,,,,,,,,,,,,,,,,,,,,,,,,,,,,,,,,,,,,,,,,,,,,,,,,,,
19,14,,,,,,,100,95,65,19,220.9,2745,10801,35,0,8.8,1.2;20.1;0.9;1.2;1.2;0.6;64.8;34.5;2.9;4.1;30.7;42.6;1.5;0.9;0.0;0.0;0.6;0.3;0.0;0.0;0.6;0.6;0.3;0.0,35.21,0.06,0.0,0.02,14.384,0.784,7714.0,12158.0,4,16,,,,,,,,,,,,,,,,,,,,,,,,,,,,,,,,,,,,,,,,,,,,,,,,,,,,,,,,,,,,,
19,15,,,,,,,100,95,65,19,221.2,2745,10801,35,0,7.2,0.6;25.3;1.5;0.9;0.9;0.6;43.8;20.6;2.1;2.6;21.5;48.2;0.3;0.6;0.0;0.0;0.0;0.0;0.0;0.0;0.0;0.0;0.0;0.0,35.2,0.06,0.01,0.04,14.384,0.784,10449.0,10595.0,4,16,,,,,,,,,,,,,,,,,,,,,,,,,,,,,,,,,,,,,,,,,,,,,,,,,,,,,,,,,,,,,
19,16,,,,,,,99,96,65,19,222.1,2745,10801,35,0,6.5,1.1;14.1;0.8;0.3;0.3;0.0;34.2;16.6;3.4;2.0;60.7;20.2;0.6;0.6;0.0;0.0;0.0;0.0;0.0;0.3;0.8;0.6;0.3;0.0,35.2,0.06,0.01,0.03,14.384,0.784,20458.0,1513.0,4,16,,,,,,,,,,,,,,,,,,,,,,,,,,,,,,,,,,,,,,,,,,,,,,,,,,,,,,,,,,,,,
19,17,,,,,,,100,100,65,18,220.5,2745,10801,35,0,6.7,1.2;12.4;2.4;1.2;0.3;0.3;63.2;15.0;2.6;2.4;25.6;31.2;0.9;1.2;0.0;0.0;0.0;0.3;0.0;0.0;0.3;0.0;0.0;0.0,35.21,0.06,0.03,0.06,14.384,0.784,15820.0,11816.0,4,16,,,,,,,,,,,,,,,,,,,,,,,,,,,,,,,,,,,,,,,,,,,,,,,,,,,,,,,,,,,,,
19,18,,,,,,,100,95,64,18,221.5,2745,10801,35,0,6.6,0.3;12.7;0.9;0.6;0.0;0.0;51.0;23.0;1.8;1.8;41.0;22.6;0.3;0.3;0.0;0.0;0.0;0.0;0.0;0.0;0.9;0.9;0.0;0.0,35.2,0.06,0.02,0.06,14.384,0.784,3906.0,18554.0,4,16,,,,,,,,,,,,,,,,,,,,,,,,,,,,,,,,,,,,,,,,,,,,,,,,,,,,,,,,,,,,,
19,19,,,,,,,100,95,66,19,221.4,2745,10801,35,0,6.6,0.0;13.8;0.9;0.6;0.3;0.0;25.4;24.7;2.4;2.9;33.0;51.9;0.9;0.0;0.0;0.0;0.0;0.0;0.0;0.0;0.3;1.2;0.0;0.0,35.2,0.06,0.01,0.04,14.384,0.784,3857.0,28564.0,4,16,,,,,,,,,,,,,,,,,,,,,,,,,,,,,,,,,,,,,,,,,,,,,,,,,,,,,,,,,,,,,
19,20,,,,,,,99,95,65,19,221.8,2745,10801,35,0,6.8,1.1;17.4;0.6;0.8;1.7;0.6;61.3;16.0;2.0;3.6;35.9;19.0;0.8;0.3;0.3;0.0;0.3;0.0;0.0;0.0;0.0;0.6;0.6;0.0,35.21,0.06,0.0,0.04,14.384,0.784,390.0,1562.0,4,16,,,,,,,,,,,,,,,,,,,,,,,,,,,,,,,,,,,,,,,,,,,,,,,,,,,,,,,,,,,,,
19,21,,,,,,,100,100,65,19,220.3,2745,10801,35,0,6.9,1.5;13.8;2.4;1.5;1.2;0.3;51.6;18.8;3.2;4.4;25.7;38.5;0.0;0.3;0.0;0.0;0.0;0.3;0.3;0.0;0.3;0.0;0.6;0.0,35.21,0.06,0.04,0.09,14.384,0.784,6787.0,10791.0,4,16,,,,,,,,,,,,,,,,,,,,,,,,,,,,,,,,,,,,,,,,,,,,,,,,,,,,,,,,,,,,,
19,22,,,,,,,100,97,64,19,220.7,2745,10801,35,0,7.0,0.6;14.0;0.9;2.4;1.2;0.9;30.9;31.5;2.9;3.5;30.0;47.6;0.6;0.3;0.0;0.0;0.0;0.0;0.0;0.0;0.0;0.0;0.9;0.0,35.21,0.06,0.0,0.02,14.384,0.784,13232.0,232324.0,4,16,,,,,,,,,,,,,,,,,,,,,,,,,,,,,,,,,,,,,,,,,,,,,,,,,,,,,,,,,,,,,
19,23,,,,,,,100,91,64,20,220.7,2745,10801,35,0,6.7,0.3;14.5;1.2;0.3;0.6;0.6;38.1;27.9;1.8;2.4;51.2;19.7;0.3;0.3;0.0;0.0;0.0;0.0;0.0;0.0;0.6;0.3;0.0;0.0,35.21,0.06,0.04,0.12,14.384,0.784,3710.0,14990.0,4,16,,,,,,,,,,,,,,,,,,,,,,,,,,,,,,,,,,,,,,,,,,,,,,,,,,,,,,,,,,,,,
19,24,,,,,,,100,95,65,21,221.1,2745,10801,35,0,6.9,0.3;16.3;1.1;0.8;0.8;1.4;62.4;15.4;5.3;2.8;10.1;43.0;0.3;0.0;1.4;0.3;0.0;0.6;0.0;0.0;0.9;0.6;0.8;0.0,35.22,0.06,0.02,0.06,14.384,0.784,341.0,244.0,4,16,,,,,,,,,,,,,,,,,,,,,,,,,,,,,,,,,,,,,,,,,,,,,,,,,,,,,,,,,,,,,
19,25,,,,,,,98,97,65,20,220.6,2745,10801,35,0,7.3,1.5;11.9;3.2;2.9;0.6;0.0;28.9;27.6;4.1;4.7;27.8;60.2;0.6;0.3;0.0;0.0;0.3;0.0;0.0;0.0;0.3;0.3;0.3;0.3,35.21,0.06,0.01,0.03,14.384,0.784,5175.0,174707.0,4,16,,,,,,,,,,,,,,,,,,,,,,,,,,,,,,,,,,,,,,,,,,,,,,,,,,,,,,,,,,,,,
19,26,,,,,,,100,96,64,19,220.9,2745,10801,35,0,6.9,0.3;11.7;0.6;2.9;0.6;0.0;53.4;18.6;3.8;2.4;44.8;24.1;0.6;0.3;0.0;0.0;0.0;0.0;0.0;0.0;0.0;0.3;0.3;0.0,35.2,0.06,0.03,0.09,14.384,0.784,7275.0,10791.0,4,16,,,,,,,,,,,,,,,,,,,,,,,,,,,,,,,,,,,,,,,,,,,,,,,,,,,,,,,,,,,,,
19,27,,,,,,,99,95,64,20,221.3,2745,10801,35,0,7.3,0.9;12.4;0.9;1.5;0.6;0.9;56.3;23.8;4.7;3.8;45.0;20.5;0.3;0.3;0.0;0.3;0.3;0.0;0.0;0.0;0.6;0.3;0.0;0.6,35.21,0.06,0.02,0.06,14.384,0.784,25292.0,48828.0,4,16,,,,,,,,,,,,,,,,,,,,,,,,,,,,,,,,,,,,,,,,,,,,,,,,,,,,,,,,,,,,,
19,28,,,,,,,100,93,65,21,220.4,2745,10801,35,0,7.2,0.6;15.7;0.8;0.8;1.4;0.6;32.3;21.8;4.0;5.7;15.3;69.6;0.8;0.0;0.0;0.0;0.0;0.0;0.0;0.0;0.0;0.3;0.6;0.6,35.18,0.06,0.0,0.02,14.384,0.784,1074.0,6884.0,4,16,,,,,,,,,,,,,,,,,,,,,,,,,,,,,,,,,,,,,,,,,,,,,,,,,,,,,,,,,,,,,
19,29,,,,,,,97,94,67,19,219.9,2745,10801,35,0,8.2,1.2;16.7;2.7;1.5;2.6;0.9;42.3;28.6;4.1;8.2;38.3;40.2;1.2;0.6;0.3;0.3;0.9;0.0;0.0;0.6;1.2;0.9;1.5;0.6,35.21,0.06,0.01,0.05,14.384,0.784,22558.0,54785.0,4,16,,,,,,,,,,,,,,,,,,,,,,,,,,,,,,,,,,,,,,,,,,,,,,,,,,,,,,,,,,,,,
19,30,,,,,,,97,91,65,19,219.2,2745,10801,35,0,7.0,0.3;10.6;1.2;1.5;0.6;0.3;63.5;28.4;2.1;2.9;29.1;27.4;0.3;0.0;0.0;0.0;0.0;0.0;0.0;0.0;0.0;0.0;0.6;0.0,35.21,0.06,0.01,0.03,14.384,0.784,52246.0,52832.0,4,16,,,,,,,,,,,,,,,,,,,,,,,,,,,,,,,,,,,,,,,,,,,,,,,,,,,,,,,,,,,,,
19,31,,,,,,,100,94,65,19,219.4,2745,10801,35,0,8.1,1.5;15.5;1.5;2.6;0.9;0.9;50.3;22.8;4.7;6.5;39.2;45.1;0.9;0.0;0.3;0.0;0.0;0.0;0.0;0.0;0.6;0.3;0.9;0.6,35.21,0.06,0.0,0.02,14.384,0.784,13085.0,18310.0,4,16,,,,,,,,,,,,,,,,,,,,,,,,,,,,,,,,,,,,,,,,,,,,,,,,,,,,,,,,,,,,,
19,32,,,,,,,100,99,63,21,219.2,2745,10801,35,0,7.9,1.1;26.7;2.0;1.1;0.8;0.6;33.6;32.6;3.1;3.4;45.9;32.1;0.3;0.3;0.0;0.0;0.0;0.3;0.0;0.0;0.3;1.1;0.0;0.6,35.22,0.06,0.02,0.07,14.384,0.784,146.0,1513.0,4,16,,,,,,,,,,,,,,,,,,,,,,,,,,,,,,,,,,,,,,,,,,,,,,,,,,,,,,,,,,,,,
19,33,,,,,,,96,86,65,18,219.6,2745,10801,35,0,6.9,1.5;10.9;1.5;1.2;1.2;0.3;62.7;18.5;3.3;3.0;31.7;26.8;1.2;0.3;0.0;0.3;0.0;0.3;0.0;0.0;0.0;0.9;0.6;0.0,35.2,0.06,0.01,0.1,14.384,0.784,3955.0,27587.0,4,16,,,,,,,,,,,,,,,,,,,,,,,,,,,,,,,,,,,,,,,,,,,,,,,,,,,,,,,,,,,,,
19,34,,,,,,,96,94,66,18,219.6,2745,10801,35,0,6.6,0.3;12.4;2.0;1.5;0.6;0.6;46.3;19.9;1.5;2.6;10.3;56.6;0.3;0.0;0.0;0.3;0.0;0.0;0.0;0.0;0.0;0.0;2.3;0.0,35.21,0.06,0.03,0.1,14.384,0.784,3710.0,24169.0,4,16,,,,,,,,,,,,,,,,,,,,,,,,,,,,,,,,,,,,,,,,,,,,,,,,,,,,,,,,,,,,,
19,35,,,,,,,100,99,67,19,219.9,2745,10801,35,0,7.1,0.6;16.8;1.8;1.2;0.9;1.8;23.2;30.9;3.2;4.4;17.9;62.2;0.6;0.6;0.0;0.6;0.0;0.0;0.0;0.0;0.6;0.9;0.3;0.3,35.21,0.06,0.03,0.11,14.384,0.784,17822.0,10107.0,4,16,,,,,,,,,,,,,,,,,,,,,,,,,,,,,,,,,,,,,,,,,,,,,,,,,,,,,,,,,,,,,
19,36,,,,,,,96,92,64,20,219.9,2745,10801,35,0,6.7,0.6;15.7;2.5;0.3;0.6;0.0;51.1;23.6;1.4;3.7;20.7;37.2;0.0;0.0;0.0;0.3;0.6;0.0;0.3;0.0;0.3;0.6;0.0;0.0,35.21,0.06,0.02,0.07,14.384,0.784,341.0,1660.0,4,16,,,,,,,,,,,,,,,,,,,,,,,,,,,,,,,,,,,,,,,,,,,,,,,,,,,,,,,,,,,,,
19,37,,,,,,,96,92,64,19,220.3,2745,10801,35,0,7.3,1.5;15.6;2.4;2.1;1.8;0.9;44.2;26.8;2.9;3.2;19.9;49.9;0.6;0.9;0.3;0.0;0.0;0.3;0.0;0.0;0.6;0.9;0.9;0.6,35.2,0.06,0.0,0.03,14.384,0.784,16113.0,17675.0,4,16,,,,,,,,,,,,,,,,,,,,,,,,,,,,,,,,,,,,,,,,,,,,,,,,,,,,,,,,,,,,,
19,38,,,,,,,97,91,65,19,219.9,2745,10801,35,0,6.4,0.3;12.7;0.6;0.0;0.0;0.3;33.4;15.0;2.1;2.6;18.5;66.4;0.3;0.6;0.0;0.0;0.0;0.0;0.0;0.0;0.0;0.0;0.0;0.0,35.2,0.06,0.01,0.06,14.384,0.784,3662.0,15332.0,4,16,,,,,,,,,,,,,,,,,,,,,,,,,,,,,,,,,,,,,,,,,,,,,,,,,,,,,,,,,,,,,
19,39,,,,,,,99,92,66,20,219.9,2745,10801,35,0,6.7,2.4;12.0;1.5;2.4;1.2;1.2;45.3;25.7;4.4;4.7;15.2;37.3;1.8;0.0;0.0;0.0;0.6;0.0;0.6;0.3;1.5;1.8;0.9;0.9,35.19,0.06,0.01,0.03,14.384,0.784,5517.0,15673.0,4,16,,,,,,,,,,,,,,,,,,,,,,,,,,,,,,,,,,,,,,,,,,,,,,,,,,,,,,,,,,,,,
19,40,,,,,,,97,91,65,19,219.3,2745,10801,35,0,7.1,2.6;12.6;3.4;3.4;3.9;2.6;34.9;13.4;3.9;3.9;18.5;57.6;0.9;1.8;0.4;0.4;0.4;0.9;1.3;0.9;0.4;1.3;0.4;0.9,35.15,0.06,0.0,0.02,14.384,0.784,43701.0,39013.0,4,16,,,,,,,,,,,,,,,,,,,,,,,,,,,,,,,,,,,,,,,,,,,,,,,,,,,,,,,,,,,,,
19,summary,0.4523349595892508,0.9599566555913569,0.4575626887020516,0.9613257421716145,0.00097897,219.4,,,,,,,,,,,,,,,,,,,,,,2,96.1,100,1,91.65,100,58,64.95,67,17,19.4,26,164.8,218.87,222.1,2745.0,10801.0,35.0,0,6.4,8.12,50.0,35.15,35.22,35.37,63.16,0.06,0.06,0.06,16.0,0.0,0.01,0.04,0.02,0.78,5.12,10.734,13.6,14.384,14.38,14.384,15.992,0.784,0.78,0.784,146.0,11655.98,52246.0,195.0,33379.7,232324.0,4,4.0,4,16,16.0,16,4,16,167.63,39.91
20,1,,,,,,,4,2,58,27,165.0,2745,10801,35,0,50.6,68.8;68.8;83.0;85.9;86.5;85.8;98.7;98.2;91.7;93.9;97.8;97.4;51.9;54.5;1.9;2.9;14.8;16.5;0.8;0.9;4.7;4.6;2.0;2.9,35.35,0.06,0.03,0.07,14.384,0.784,3417.0,208251.0,4,16,,,,,,,,,,,,,,,,,,,,,,,,,,,,,,,,,,,,,,,,,,,,,,,,,,,,,,,,,,,,,
20,2,,,,,,,99,99,65,19,219.5,2745,10801,35,0,7.3,2.0;14.9;1.2;2.3;1.2;0.6;79.7;15.4;3.2;5.5;18.7;27.0;0.0;0.6;0.0;0.3;0.0;0.0;0.0;0.0;0.6;0.6;0.3;0.6,35.3,0.06,0.01,4.52,14.384,0.784,4003.0,18701.0,4,16,,,,,,,,,,,,,,,,,,,,,,,,,,,,,,,,,,,,,,,,,,,,,,,,,,,,,,,,,,,,,
20,3,,,,,,,100,94,65,19,220.9,2745,10801,35,0,7.1,0.0;12.2;1.8;2.6;0.3;1.2;20.8;36.5;3.5;4.4;29.3;55.7;0.3;0.3;0.3;0.3;0.0;0.0;0.0;0.0;0.3;0.6;0.0;0.3,35.3,0.06,0.0,4.91,14.384,0.784,32714.0,46044.0,4,16,,,,,,,,,,,,,,,,,,,,,,,,,,,,,,,,,,,,,,,,,,,,,,,,,,,,,,,,,,,,,
20,4,,,,,,,97,87,65,20,221.3,2745,10801,35,0,7.2,1.2;12.0;1.8;1.8;0.9;0.6;23.5;48.1;3.5;3.5;13.8;59.9;0.3;0.3;0.0;0.0;0.0;0.0;0.0;0.0;0.3;0.0;1.2;0.0,35.28,0.06,0.01,3.25,14.384,0.784,23681.0,75000.0,4,16,,,,,,,,,,,,,,,,,,,,,,,,,,,,,,,,,,,,,,,,,,,,,,,,,,,,,,,,,,,,,
20,5,,,,,,,98,96,65,19,219.7,2745,10801,35,0,7.4,1.8;14.5;1.2;0.9;0.6;0.3;36.5;53.2;3.8;3.5;19.7;36.3;0.6;0.3;0.0;0.0;0.3;0.0;0.0;0.0;1.8;2.0;0.0;0.0,35.27,0.06,0.01,3.43,14.384,0.784,26708.0,49365.0,4,16,,,,,,,,,,,,,,,,,,,,,,,,,,,,,,,,,,,,,,,,,,,,,,,,,,,,,,,,,,,,,
20,6,,,,,,,98,89,65,20,220.8,2745,10801,35,0,7.8,2.3;13.3;1.7;1.7;0.6;2.3;30.2;37.0;3.5;5.5;23.6;60.3;0.6;0.3;0.0;0.0;0.0;0.3;0.0;0.0;1.7;1.4;1.2;0.0,35.25,0.06,0.01,2.86,14.384,0.784,43994.0,49462.0,4,16,,,,,,,,,,,,,,,,,,,,,,,,,,,,,,,,,,,,,,,,,,,,,,,,,,,,,,,,,,,,,
20,7,,,,,,,96,90,65,18,219.6,2745,10801,35,0,7.5,1.2;13.3;1.5;1.5;0.6;0.6;43.5;27.1;6.8;3.2;24.7;53.4;0.0;0.3;0.0;0.0;0.0;0.3;0.0;0.0;0.3;0.0;1.2;0.0,35.24,0.06,0.01,2.32,14.384,0.784,15283.0,12451.0,4,16,,,,,,,,,,,,,,,,,,,,,,,,,,,,,,,,,,,,,,,,,,,,,,,,,,,,,,,,,,,,,
20,8,,,,,,,97,95,64,18,219.1,2745,10801,35,0,9.0,0.6;31.8;2.6;2.9;1.5;0.6;65.0;29.0;3.5;5.9;30.6;33.6;1.2;0.0;0.3;0.3;0.9;0.0;0.6;0.0;0.0;0.3;0.6;0.0,35.23,0.06,0.0,1.9,14.384,0.784,12841.0,15771.0,4,16,,,,,,,,,,,,,,,,,,,,,,,,,,,,,,,,,,,,,,,,,,,,,,,,,,,,,,,,,,,,,
20,9,,,,,,,100,93,66,19,219.2,2745,10801,35,0,6.6,0.3;15.2;0.3;0.9;0.6;0.6;40.2;23.4;2.6;0.9;23.4;48.5;0.3;0.3;0.0;0.3;0.3;0.0;0.3;0.0;0.3;0.0;0.0;0.0,35.22,0.06,0.02,1.55,14.384,0.784,15234.0,41845.0,4,16,,,,,,,,,,,,,,,,,,,,,,,,,,,,,,,,,,,,,,,,,,,,,,,,,,,,,,,,,,,,,
20,10,,,,,,,97,95,64,19,219.6,2745,10801,35,0,6.8,0.6;14.1;1.5;1.2;1.2;0.9;27.0;27.0;3.2;5.5;17.2;62.0;0.9;0.3;0.0;0.0;0.0;0.0;0.0;0.0;0.0;0.0;0.0;0.0,35.22,0.06,0.07,1.58,14.384,0.784,9375.0,415625.0,4,16,,,,,,,,,,,,,,,,,,,,,,,,,,,,,,,,,,,,,,,,,,,,,,,,,,,,,,,,,,,,,
20,11,,,,,,,96,92,65,19,220.0,2745,10801,35,0,6.7,0.3;13.7;0.3;0.9;0.0;0.6;30.9;60.5;2.0;2.6;17.5;27.8;0.6;0.6;0.0;0.0;0.0;0.0;0.0;0.0;0.6;0.3;0.6;1.2,35.18,0.06,0.03,3.54,14.384,0.784,13134.0,196044.0,4,16,,,,,,,,,,,,,,,,,,,,,,,,,,,,,,,,,,,,,,,,,,,,,,,,,,,,,,,,,,,,,
20,12,,,,,,,100,95,65,19,220.7,2745,10801,35,0,6.8,1.2;13.5;1.8;1.2;0.6;0.9;57.5;20.4;3.3;2.4;15.5;40.8;0.3;0.0;0.0;0.0;0.3;0.0;0.0;0.0;0.6;0.9;0.9;0.0,35.2,0.06,0.03,0.05,14.384,0.784,6835.0,10498.0,4,16,,,,,,,,,,,,,,,,,,,,,,,,,,,,,,,,,,,,,,,,,,,,,,,,,,,,,,,,,,,,,
20,13,,,,,,,98,92,65,17,222.2,2745,10801,35,0,6.5,0.3;11.3;0.6;0.9;0.6;0.3;28.4;32.9;2.6;1.2;15.8;59.1;0.9;0.6;0.0;0.0;0.0;0.0;0.0;0.0;0.0;1.2;0.0;0.0,35.19,0.06,0.04,0.13,14.384,0.784,6689.0,75830.0,4,16,,,,,,,,,,,,,,,,,,,,,,,,,,,,,,,,,,,,,,,,,,,,,,,,,,,,,,,,,,,,,
20,14,,,,,,,100,100,64,20,220.8,2745,10801,35,0,6.6,0.3;13.3;2.0;0.6;0.0;0.3;21.4;60.0;1.4;3.5;15.6;35.4;0.6;0.3;0.0;0.0;0.0;0.0;0.0;0.6;0.3;0.6;0.6;0.3,35.18,0.06,0.0,0.03,14.384,0.784,4052.0,15429.0,4,16,,,,,,,,,,,,,,,,,,,,,,,,,,,,,,,,,,,,,,,,,,,,,,,,,,,,,,,,,,,,,
20,15,,,,,,,98,88,65,19,221.9,2745,10801,35,0,7.2,1.8;13.6;1.8;4.1;0.3;0.6;36.8;34.0;5.0;3.5;33.0;34.1;0.0;0.3;0.0;0.0;0.0;0.0;0.0;0.3;0.0;0.6;0.6;1.2,35.21,0.06,0.02,0.06,14.384,0.784,13427.0,57128.0,4,16,,,,,,,,,,,,,,,,,,,,,,,,,,,,,,,,,,,,,,,,,,,,,,,,,,,,,,,,,,,,,
20,16,,,,,,,96,92,66,19,222.0,2745,10801,35,0,6.7,0.3;14.2;1.8;1.2;0.6;0.3;15.9;44.1;2.4;2.4;23.5;51.0;0.3;0.6;0.0;0.0;0.0;0.0;0.0;0.0;0.0;0.0;0.9;0.0,35.2,0.06,0.02,0.07,14.384,0.784,16210.0,10888.0,4,16,,,,,,,,,,,,,,,,,,,,,,,,,,,,,,,,,,,,,,,,,,,,,,,,,,,,,,,,,,,,,
20,17,,,,,,,100,99,65,19,220.7,2745,10801,35,0,6.8,1.2;13.7;0.9;1.2;0.6;0.6;49.9;31.1;2.9;2.9;23.2;30.6;0.9;0.0;0.0;0.0;0.0;0.0;0.0;0.0;0.9;0.9;0.3;0.0,35.21,0.06,0.01,0.04,14.384,0.784,7226.0,10742.0,4,16,,,,,,,,,,,,,,,,,,,,,,,,,,,,,,,,,,,,,,,,,,,,,,,,,,,,,,,,,,,,,
20,18,,,,,,,96,87,66,19,221.7,2745,10801,35,0,7.0,1.4;14.4;2.6;2.3;0.9;0.3;38.4;38.8;3.5;2.6;23.5;34.0;0.0;0.3;0.0;0.0;0.0;0.0;0.0;0.0;0.9;1.7;0.6;0.9,35.2,0.06,0.0,0.01,14.384,0.784,14208.0,10302.0,4,16,,,,,,,,,,,,,,,,,,,,,,,,,,,,,,,,,,,,,,,,,,,,,,,,,,,,,,,,,,,,,
20,19,,,,,,,97,94,66,20,221.5,2745,10801,35,0,6.8,0.6;14.2;1.5;0.9;0.0;0.3;31.1;27.3;2.1;2.9;15.0;64.3;0.3;0.3;0.0;0.0;0.0;0.0;0.0;0.0;0.0;0.0;1.2;0.3,35.2,0.06,0.01,0.05,14.384,0.784,3564.0,47363.0,4,16,,,,,,,,,,,,,,,,,,,,,,,,,,,,,,,,,,,,,,,,,,,,,,,,,,,,,,,,,,,,,
20,20,,,,,,,97,93,66,20,220.8,2745,10801,35,0,6.8,0.3;13.0;2.1;1.5;0.9;0.3;49.7;23.2;3.2;2.6;23.7;41.2;0.3;0.3;0.0;0.0;0.0;0.0;0.0;0.0;0.0;0.0;0.0;0.0,35.21,0.06,0.02,0.06,14.384,0.784,97753.0,63720.0,4,16,,,,,,,,,,,,,,,,,,,,,,,,,,,,,,,,,,,,,,,,,,,,,,,,,,,,,,,,,,,,,
20,21,,,,,,,100,95,65,19,221.6,2745,10801,35,0,7.0,0.6;14.5;0.9;1.8;0.3;0.0;18.5;69.9;3.8;2.9;21.9;28.7;0.0;0.0;0.3;0.3;0.0;0.0;0.0;0.0;0.0;0.6;0.6;0.0,35.19,0.06,0.0,0.02,14.384,0.784,8398.0,60644.0,4,16,,,,,,,,,,,,,,,,,,,,,,,,,,,,,,,,,,,,,,,,,,,,,,,,,,,,,,,,,,,,,
20,22,,,,,,,96,91,65,19,220.1,2745,10801,35,0,6.9,1.2;11.7;1.7;1.4;0.6;0.6;28.5;22.0;4.6;2.9;17.1;69.7;1.2;1.1;0.0;0.0;0.3;0.0;0.0;0.0;0.3;0.3;1.1;0.3,35.2,0.06,0.04,0.11,14.384,0.784,8447.0,44531.0,4,16,,,,,,,,,,,,,,,,,,,,,,,,,,,,,,,,,,,,,,,,,,,,,,,,,,,,,,,,,,,,,
20,23,,,,,,,100,100,65,19,220.7,2745,10801,35,0,7.0,0.9;12.2;2.9;1.5;0.3;0.6;21.7;50.4;2.7;3.8;23.2;44.7;0.9;0.3;0.0;0.0;0.0;0.3;0.0;0.0;0.0;0.3;0.6;0.3,35.19,0.06,0.0,0.02,14.384,0.784,9863.0,317187.0,4,16,,,,,,,,,,,,,,,,,,,,,,,,,,,,,,,,,,,,,,,,,,,,,,,,,,,,,,,,,,,,,
20,24,,,,,,,97,87,66,19,222.5,2745,10801,35,0,7.0,0.6;11.1;2.1;1.5;0.3;0.3;60.7;31.2;4.1;3.5;21.1;29.5;0.3;0.3;0.0;0.0;0.0;0.0;0.0;0.0;0.0;0.0;0.0;0.0,35.19,0.06,0.03,0.09,14.384,0.784,13427.0,10546.0,4,16,,,,,,,,,,,,,,,,,,,,,,,,,,,,,,,,,,,,,,,,,,,,,,,,,,,,,,,,,,,,,
20,25,,,,,,,97,94,66,19,221.4,2745,10801,35,0,8.7,1.5;17.2;2.1;2.1;0.0;1.2;39.7;38.1;6.2;5.0;21.6;68.3;0.9;0.6;0.0;0.0;0.3;0.0;0.0;0.0;1.8;1.2;0.6;0.0,35.18,0.06,0.01,0.06,14.384,0.784,43115.0,29882.0,4,16,,,,,,,,,,,,,,,,,,,,,,,,,,,,,,,,,,,,,,,,,,,,,,,,,,,,,,,,,,,,,
20,26,,,,,,,100,94,64,17,221.4,2745,10801,35,0,8.4,1.2;26.8;1.2;4.3;0.9;1.2;41.3;28.6;8.1;4.3;26.2;51.3;0.9;1.1;0.0;0.0;0.3;0.3;0.0;0.0;0.3;0.9;0.3;0.0,35.25,0.06,0.07,0.07,14.384,0.784,3808.0,15185.0,4,16,,,,,,,,,,,,,,,,,,,,,,,,,,,,,,,,,,,,,,,,,,,,,,,,,,,,,,,,,,,,,
20,27,,,,,,,96,89,65,18,221.9,2745,10801,35,0,8.5,1.2;12.4;2.9;4.7;0.6;1.8;29.1;51.2;7.1;10.6;34.1;44.1;0.0;0.6;0.0;0.0;0.6;0.0;0.0;0.0;0.6;1.7;0.0;0.0,35.22,0.06,0.25,0.61,14.384,0.784,46777.0,35205.0,4,16,,,,,,,,,,,,,,,,,,,,,,,,,,,,,,,,,,,,,,,,,,,,,,,,,,,,,,,,,,,,,
20,28,,,,,,,96,94,66,19,220.9,2745,10801,35,0,6.9,0.3;13.7;1.5;0.6;0.6;0.6;35.8;29.4;3.5;3.2;17.8;53.7;1.2;0.3;0.0;0.0;0.3;0.0;0.0;0.0;0.0;1.5;0.3;0.3,35.22,0.06,0.1,0.23,14.384,0.784,26123.0,60449.0,4,16,,,,,,,,,,,,,,,,,,,,,,,,,,,,,,,,,,,,,,,,,,,,,,,,,,,,,,,,,,,,,
20,29,,,,,,,100,92,64,19,220.8,2745,10801,35,0,7.0,1.2;16.1;0.3;0.6;1.2;0.3;33.4;22.4;3.6;2.4;30.5;49.4;0.6;0.9;0.3;0.0;0.0;0.3;0.0;0.0;0.0;0.3;2.3;0.0,35.23,0.06,0.04,0.11,14.384,0.784,29541.0,50585.0,4,16,,,,,,,,,,,,,,,,,,,,,,,,,,,,,,,,,,,,,,,,,,,,,,,,,,,,,,,,,,,,,
20,30,,,,,,,97,93,66,20,220.4,2745,10801,35,0,6.5,0.9;16.5;1.2;1.2;0.3;0.3;68.8;10.1;2.0;2.9;18.2;30.6;0.3;0.6;0.0;0.0;0.6;0.0;0.3;0.0;0.0;0.0;0.0;0.6,35.22,0.06,0.02,0.07,14.384,0.784,29101.0,67529.0,4,16,,,,,,,,,,,,,,,,,,,,,,,,,,,,,,,,,,,,,,,,,,,,,,,,,,,,,,,,,,,,,
20,31,,,,,,,96,85,65,19,218.3,2745,10801,35,0,6.5,1.2;14.0;0.9;0.3;0.0;0.9;30.6;25.2;2.9;1.8;33.5;42.9;0.3;0.3;0.0;0.0;0.0;0.0;0.0;0.0;0.0;0.9;0.0;0.0,35.21,0.06,0.04,0.12,14.384,0.784,3955.0,23437.0,4,16,,,,,,,,,,,,,,,,,,,,,,,,,,,,,,,,,,,,,,,,,,,,,,,,,,,,,,,,,,,,,
20,32,,,,,,,99,90,65,18,219.2,2745,10801,35,0,6.4,0.3;11.2;1.8;0.3;0.6;0.0;36.6;13.6;2.4;2.9;15.0;67.8;0.6;0.3;0.0;0.0;0.0;0.0;0.0;0.0;0.3;0.0;0.0;0.0,35.22,0.06,0.37,0.85,14.384,0.784,3955.0,24755.0,4,16,,,,,,,,,,,,,,,,,,,,,,,,,,,,,,,,,,,,,,,,,,,,,,,,,,,,,,,,,,,,,
20,33,,,,,,,100,95,65,19,219.3,2745,10801,35,0,6.8,0.9;13.7;1.8;1.5;0.3;0.6;49.1;29.2;3.8;2.6;27.1;30.5;0.3;0.0;0.0;0.0;0.0;0.0;0.0;0.0;0.0;1.2;0.3;0.0,35.21,0.06,0.01,0.04,14.384,0.784,4150.0,30078.0,4,16,,,,,,,,,,,,,,,,,,,,,,,,,,,,,,,,,,,,,,,,,,,,,,,,,,,,,,,,,,,,,
20,34,,,,,,,98,95,65,19,218.2,2745,10801,35,0,6.8,0.9;15.7;1.4;0.9;0.3;0.3;32.9;26.0;3.5;2.3;18.8;56.4;0.3;0.6;0.0;0.0;0.6;0.0;0.3;0.0;0.3;0.6;0.9;0.0,35.19,0.06,0.01,0.04,14.384,0.784,5957.0,11376.0,4,16,,,,,,,,,,,,,,,,,,,,,,,,,,,,,,,,,,,,,,,,,,,,,,,,,,,,,,,,,,,,,
20,35,,,,,,,100,100,64,19,220.3,2745,10801,35,0,6.9,0.6;14.9;0.9;0.6;0.9;0.3;34.3;21.1;2.6;2.1;15.5;68.1;0.0;0.3;0.0;0.0;0.0;0.0;0.0;0.3;0.0;0.9;0.3;0.0,35.21,0.06,0.01,0.05,14.384,0.784,15527.0,37353.0,4,16,,,,,,,,,,,,,,,,,,,,,,,,,,,,,,,,,,,,,,,,,,,,,,,,,,,,,,,,,,,,,
20,36,,,,,,,96,86,65,19,220.5,2745,10801,35,0,6.9,1.8;13.5;1.8;1.2;0.3;0.3;44.8;30.7;2.4;2.1;23.0;41.4;0.9;0.3;0.0;0.0;0.3;0.0;0.0;0.0;0.9;0.3;0.3;0.0,35.2,0.06,0.0,0.02,14.384,0.784,4296.0,10449.0,4,16,,,,,,,,,,,,,,,,,,,,,,,,,,,,,,,,,,,,,,,,,,,,,,,,,,,,,,,,,,,,,
20,37,,,,,,,96,92,66,17,221.2,2745,10801,35,0,7.0,1.2;12.9;2.3;2.1;0.9;1.2;44.6;25.1;2.9;2.3;21.4;45.2;0.3;1.2;0.0;0.0;0.3;0.3;0.3;0.0;0.3;0.9;0.9;0.3,35.19,0.06,0.02,0.05,14.384,0.784,3857.0,15380.0,4,16,,,,,,,,,,,,,,,,,,,,,,,,,,,,,,,,,,,,,,,,,,,,,,,,,,,,,,,,,,,,,
20,38,,,,,,,100,94,64,20,220.4,2745,10801,35,0,7.0,1.2;12.8;1.7;0.9;0.9;1.2;39.2;20.6;4.6;2.6;41.7;35.9;0.9;0.0;0.0;0.3;0.0;0.0;0.0;0.3;0.9;1.2;0.0;0.0,35.2,0.06,0.17,0.38,14.384,0.784,9667.0,14697.0,4,16,,,,,,,,,,,,,,,,,,,,,,,,,,,,,,,,,,,,,,,,,,,,,,,,,,,,,,,,,,,,,
20,39,,,,,,,97,89,66,18,220.8,2745,10801,35,0,6.1,0.9;13.0;3.5;2.1;0.6;0.6;51.8;15.1;2.4;2.4;25.4;25.4;0.0;0.0;0.0;0.3;0.6;0.0;0.0;0.0;0.6;0.0;0.0;0.3,35.18,0.06,0.02,0.05,14.384,0.784,6152.0,11718.0,4,16,,,,,,,,,,,,,,,,,,,,,,,,,,,,,,,,,,,,,,,,,,,,,,,,,,,,,,,,,,,,,
20,40,,,,,,,100,99,66,18,218.9,2745,10801,35,0,6.0,1.3;13.0;0.9;0.9;0.9;0.4;24.1;47.6;3.4;1.7;6.5;41.6;0.0;0.9;0.0;0.0;0.0;0.0;0.0;0.0;0.0;0.0;0.0;0.4,35.18,0.06,0.0,0.02,14.384,0.784,16992.0,197509.0,4,16,,,,,,,,,,,,,,,,,,,,,,,,,,,,,,,,,,,,,,,,,,,,,,,,,,,,,,,,,,,,,
20,summary,0.45085853167318096,0.9607460405169753,0.4556550157705232,0.9631964213094754,0.00097665,218.3,,,,,,,,,,,,,,,,,,,,,,4,95.62,100,2,90.65,100,58,64.95,66,17,19.07,27,165.0,219.14,222.5,2745.0,10801.0,35.0,0,6.0,8.14,50.6,35.18,35.22,35.35,63.16,0.06,0.06,0.06,16.0,0.0,0.04,0.37,0.01,0.84,4.91,10.733,13.6,14.384,14.38,14.384,15.992,0.784,0.78,0.784,3417.0,16586.4,97753.0,10302.0,62473.85,415625.0,4,4.0,4,16,16.0,16,4,16,166.01,40.49
21,1,,,,,,,7,1,58,27,162.2,2745,10801,35,0,51.1,62.0;68.5;87.2;88.4;89.3;89.3;98.0;98.5;88.8;92.4;98.5;97.3;53.0;64.5;1.7;0.8;11.0;13.9;0.9;1.7;7.4;6.6;4.1;2.9,35.37,0.06,0.01,0.03,14.384,0.784,12011.0,203662.0,4,16,,,,,,,,,,,,,,,,,,,,,,,,,,,,,,,,,,,,,,,,,,,,,,,,,,,,,,,,,,,,,
21,2,,,,,,,97,95,64,21,220.4,2745,10801,35,0,8.0,0.0;27.4;1.5;1.5;0.6;0.0;68.2;23.2;3.5;4.1;22.6;33.3;0.0;0.9;0.0;0.0;0.0;0.0;0.3;0.0;0.0;0.3;0.6;0.0,35.32,0.06,0.01,4.64,14.384,0.784,14892.0,71484.0,4,16,,,,,,,,,,,,,,,,,,,,,,,,,,,,,,,,,,,,,,,,,,,,,,,,,,,,,,,,,,,,,
21,3,,,,,,,99,93,66,19,219.4,2745,10801,35,0,6.6,0.3;12.4;1.4;1.2;0.3;0.3;28.2;25.9;2.9;2.6;23.6;56.8;0.0;0.3;0.0;0.0;0.0;0.0;0.0;0.0;0.0;0.0;1.7;0.0,35.31,0.06,0.02,4.87,14.384,0.784,39697.0,48242.0,4,16,,,,,,,,,,,,,,,,,,,,,,,,,,,,,,,,,,,,,,,,,,,,,,,,,,,,,,,,,,,,,
21,4,,,,,,,98,89,65,19,220.3,2745,10801,35,0,6.6,0.3;13.3;1.2;0.6;0.0;0.0;34.3;29.3;1.8;3.0;19.0;54.4;0.3;0.3;0.0;0.0;0.0;0.0;0.0;0.0;1.5;0.0;0.0;0.0,35.3,0.06,0.0,3.22,14.384,0.784,29345.0,43945.0,4,16,,,,,,,,,,,,,,,,,,,,,,,,,,,,,,,,,,,,,,,,,,,,,,,,,,,,,,,,,,,,,
21,5,,,,,,,96,89,65,19,218.8,2745,10801,35,0,7.0,1.5;15.2;1.2;0.3;0.3;0.3;61.5;17.0;3.8;2.6;26.0;32.9;0.3;0.3;0.0;0.3;0.0;0.0;0.0;0.0;0.9;0.9;1.7;0.0,35.28,0.06,0.01,3.41,14.384,0.784,31738.0,68701.0,4,16,,,,,,,,,,,,,,,,,,,,,,,,,,,,,,,,,,,,,,,,,,,,,,,,,,,,,,,,,,,,,
21,6,,,,,,,100,98,65,19,219.7,2745,10801,35,0,6.6,0.0;14.4;0.3;1.2;0.3;0.0;31.1;22.6;2.6;2.4;16.1;65.4;0.3;0.3;0.0;0.0;0.0;0.0;0.0;0.0;0.0;0.0;0.0;0.0,35.27,0.06,0.0,2.87,14.384,0.784,96386.0,103564.0,4,16,,,,,,,,,,,,,,,,,,,,,,,,,,,,,,,,,,,,,,,,,,,,,,,,,,,,,,,,,,,,,
21,7,,,,,,,96,89,64,19,218.8,2745,10801,35,0,6.6,1.2;10.8;1.7;1.5;0.6;0.3;48.7;8.1;4.7;3.8;32.8;40.6;0.3;0.6;0.6;0.0;0.0;0.0;0.0;0.0;0.3;0.6;0.0;0.0,35.25,0.06,0.01,2.28,14.384,0.784,12548.0,13769.0,4,16,,,,,,,,,,,,,,,,,,,,,,,,,,,,,,,,,,,,,,,,,,,,,,,,,,,,,,,,,,,,,
21,8,,,,,,,96,93,65,18,218.3,2745,10801,35,0,6.9,0.0;13.7;0.6;1.2;0.9;0.6;44.3;30.3;2.9;2.6;47.8;17.0;0.6;0.3;0.0;0.0;0.0;0.0;0.3;0.0;0.3;1.5;0.3;0.0,35.22,0.06,0.0,1.9,14.384,0.784,4980.0,180371.0,4,16,,,,,,,,,,,,,,,,,,,,,,,,,,,,,,,,,,,,,,,,,,,,,,,,,,,,,,,,,,,,,
21,9,,,,,,,100,95,66,17,218.7,2745,10801,35,0,6.7,0.6;14.0;1.5;1.2;0.3;0.6;43.5;20.1;3.2;2.1;40.1;29.9;0.9;0.6;0.3;0.0;0.6;0.0;0.0;0.0;0.0;0.0;0.0;0.0,35.24,0.06,0.04,1.61,14.384,0.784,4199.0,25585.0,4,16,,,,,,,,,,,,,,,,,,,,,,,,,,,,,,,,,,,,,,,,,,,,,,,,,,,,,,,,,,,,,
21,10,,,,,,,100,96,65,18,218.9,2745,10801,35,0,7.5,0.3;23.6;2.1;2.1;1.5;1.5;36.0;15.9;2.6;2.9;49.0;37.4;0.3;0.6;0.0;0.0;0.0;0.3;0.0;0.0;0.3;0.9;1.2;0.0,35.24,0.06,0.01,1.54,14.384,0.784,15234.0,29638.0,4,16,,,,,,,,,,,,,,,,,,,,,,,,,,,,,,,,,,,,,,,,,,,,,,,,,,,,,,,,,,,,,
21,11,,,,,,,97,92,65,19,219.2,2745,10801,35,0,7.1,1.2;20.3;2.0;0.6;0.6;0.6;70.8;10.7;4.3;2.9;28.0;24.9;0.9;0.3;0.0;0.0;0.3;0.0;0.0;0.0;0.0;0.0;1.1;0.0,35.22,0.06,0.0,3.42,14.384,0.784,3906.0,19238.0,4,16,,,,,,,,,,,,,,,,,,,,,,,,,,,,,,,,,,,,,,,,,,,,,,,,,,,,,,,,,,,,,
21,12,,,,,,,99,95,67,19,219.9,2745,10801,35,0,7.5,0.9;18.0;2.6;2.3;0.6;0.3;50.7;20.5;4.4;3.5;48.1;22.9;0.6;0.6;0.6;0.0;0.0;0.0;0.0;0.0;0.9;0.6;1.2;0.3,35.2,0.06,0.01,0.06,14.384,0.784,3906.0,96728.0,4,16,,,,,,,,,,,,,,,,,,,,,,,,,,,,,,,,,,,,,,,,,,,,,,,,,,,,,,,,,,,,,
21,13,,,,,,,96,84,65,19,221.2,2745,10801,35,0,7.6,1.2;14.5;1.8;1.5;0.9;0.6;29.9;22.6;4.7;7.6;23.1;69.8;0.6;0.3;0.3;0.0;0.0;0.0;0.0;0.0;0.3;0.6;1.8;0.0,35.21,0.06,0.01,0.03,14.384,0.784,4003.0,14208.0,4,16,,,,,,,,,,,,,,,,,,,,,,,,,,,,,,,,,,,,,,,,,,,,,,,,,,,,,,,,,,,,,
21,14,,,,,,,96,91,66,18,220.8,2745,10801,35,0,7.5,0.9;12.5;3.5;2.3;0.9;0.9;62.6;23.8;4.7;2.1;22.9;40.0;0.0;0.6;0.0;0.0;0.0;0.0;0.0;0.0;0.0;0.0;0.9;0.3,35.18,0.06,0.0,0.02,14.384,0.784,13476.0,106445.0,4,16,,,,,,,,,,,,,,,,,,,,,,,,,,,,,,,,,,,,,,,,,,,,,,,,,,,,,,,,,,,,,
21,15,,,,,,,96,86,66,20,220.8,2745,10801,35,0,7.4,2.0;13.1;3.7;1.4;0.9;1.1;45.1;24.4;4.6;2.0;34.9;38.3;1.7;0.6;0.0;0.0;0.0;0.0;0.0;0.0;2.3;0.9;0.6;0.0,35.2,0.06,0.01,0.05,14.384,0.784,3906.0,15087.0,4,16,,,,,,,,,,,,,,,,,,,,,,,,,,,,,,,,,,,,,,,,,,,,,,,,,,,,,,,,,,,,,
21,16,,,,,,,100,100,66,18,220.5,2745,10801,35,0,6.7,0.6;8.5;1.5;0.3;0.3;0.3;26.5;23.0;3.5;4.7;27.1;62.4;0.3;0.6;0.0;0.0;0.0;0.0;0.0;0.0;0.6;1.2;0.0;0.0,35.2,0.06,0.01,0.04,14.384,0.784,5566.0,10400.0,4,16,,,,,,,,,,,,,,,,,,,,,,,,,,,,,,,,,,,,,,,,,,,,,,,,,,,,,,,,,,,,,
21,17,,,,,,,100,100,65,19,220.7,2745,10801,35,0,7.2,0.6;10.3;1.2;1.2;1.5;0.3;64.5;18.8;4.7;3.5;27.0;37.5;0.3;0.0;0.0;0.0;0.0;0.0;0.0;0.0;0.3;0.9;0.3;0.0,35.2,0.06,0.01,0.04,14.384,0.784,15185.0,22802.0,4,16,,,,,,,,,,,,,,,,,,,,,,,,,,,,,,,,,,,,,,,,,,,,,,,,,,,,,,,,,,,,,
21,18,,,,,,,96,86,64,19,221.2,2745,10801,35,0,7.5,1.2;11.2;2.1;1.5;0.9;0.9;18.2;62.9;4.1;5.6;22.4;46.2;0.6;0.9;0.0;0.0;0.0;0.0;0.0;0.0;0.3;0.0;1.8;0.0,35.21,0.06,0.0,0.03,14.384,0.784,15039.0,15576.0,4,16,,,,,,,,,,,,,,,,,,,,,,,,,,,,,,,,,,,,,,,,,,,,,,,,,,,,,,,,,,,,,
21,19,,,,,,,100,100,65,18,221.0,2745,10801,35,0,8.5,1.2;24.5;1.2;1.4;0.9;0.3;35.4;31.4;3.7;7.2;30.9;59.4;0.0;0.6;0.6;0.9;0.3;0.3;0.3;0.0;0.6;0.6;0.0;0.3,35.2,0.06,0.03,0.17,14.384,0.784,116113.0,158496.0,4,16,,,,,,,,,,,,,,,,,,,,,,,,,,,,,,,,,,,,,,,,,,,,,,,,,,,,,,,,,,,,,
21,20,,,,,,,100,95,65,19,221.5,2745,10801,35,0,6.9,0.3;18.1;0.6;0.6;0.6;0.6;37.6;40.1;2.6;2.6;16.5;39.8;0.9;0.9;0.3;0.0;0.3;0.0;0.0;0.0;0.6;0.0;0.9;0.3,35.2,0.06,0.04,0.11,14.384,0.784,3759.0,13916.0,4,16,,,,,,,,,,,,,,,,,,,,,,,,,,,,,,,,,,,,,,,,,,,,,,,,,,,,,,,,,,,,,
21,21,,,,,,,96,84,65,18,221.7,2745,10801,35,0,6.7,0.9;14.8;1.5;1.2;0.6;1.2;45.3;30.0;2.1;2.9;17.1;39.7;0.6;0.9;0.0;0.0;0.0;0.6;0.0;0.0;0.9;0.9;0.0;0.0,35.21,0.06,0.0,0.03,14.384,0.784,14208.0,19824.0,4,16,,,,,,,,,,,,,,,,,,,,,,,,,,,,,,,,,,,,,,,,,,,,,,,,,,,,,,,,,,,,,
21,22,,,,,,,97,94,66,18,221.5,2745,10801,35,0,6.6,0.0;14.8;0.9;0.6;0.3;0.6;27.6;30.7;2.9;2.4;18.6;57.8;0.6;0.3;0.0;0.0;0.0;0.0;0.0;0.0;0.0;0.0;0.3;0.0,35.21,0.06,0.01,0.05,14.384,0.784,14062.0,30175.0,4,16,,,,,,,,,,,,,,,,,,,,,,,,,,,,,,,,,,,,,,,,,,,,,,,,,,,,,,,,,,,,,
21,23,,,,,,,100,96,64,18,221.4,2745,10801,35,0,6.4,0.6;12.2;0.9;1.2;0.3;0.0;50.4;17.3;2.3;3.5;19.1;43.1;0.0;0.6;0.6;0.0;0.0;0.0;0.3;0.0;0.3;0.3;0.6;0.0,35.18,0.06,0.02,0.06,14.384,0.784,3857.0,17187.0,4,16,,,,,,,,,,,,,,,,,,,,,,,,,,,,,,,,,,,,,,,,,,,,,,,,,,,,,,,,,,,,,
21,24,,,,,,,96,88,66,19,221.9,2745,10801,35,0,6.7,0.0;11.1;0.9;0.9;0.0;0.6;70.4;19.4;2.0;2.1;16.9;34.0;1.2;1.2;0.0;0.3;0.3;0.0;0.0;0.0;0.0;0.0;0.0;0.0,35.2,0.06,0.01,0.05,14.384,0.784,3710.0,14208.0,4,16,,,,,,,,,,,,,,,,,,,,,,,,,,,,,,,,,,,,,,,,,,,,,,,,,,,,,,,,,,,,,
21,25,,,,,,,96,94,67,18,221.4,2745,10801,35,0,7.0,0.9;15.3;1.5;0.9;1.8;0.3;42.4;21.3;4.1;4.7;17.9;53.5;0.6;0.3;0.0;0.0;0.0;0.0;0.0;0.0;1.8;0.0;0.3;0.0,35.21,0.06,0.02,0.05,14.384,0.784,15087.0,76757.0,4,16,,,,,,,,,,,,,,,,,,,,,,,,,,,,,,,,,,,,,,,,,,,,,,,,,,,,,,,,,,,,,
21,26,,,,,,,97,91,65,18,219.6,2745,10801,35,0,6.8,0.6;14.3;0.6;1.5;0.3;0.3;31.6;28.3;2.1;2.7;22.7;55.8;0.6;0.3;0.0;0.0;0.0;0.0;0.0;0.0;0.3;0.6;0.6;0.0,35.18,0.06,0.01,0.04,14.384,0.784,69433.0,68554.0,4,16,,,,,,,,,,,,,,,,,,,,,,,,,,,,,,,,,,,,,,,,,,,,,,,,,,,,,,,,,,,,,
21,27,,,,,,,97,94,66,18,220.2,2745,10801,35,0,6.4,0.6;12.8;1.2;1.7;1.7;0.3;48.1;28.7;3.2;2.3;22.0;29.2;0.3;0.3;0.0;0.0;0.0;0.0;0.0;0.0;0.0;1.2;0.0;0.0,35.2,0.06,0.02,0.05,14.384,0.784,21044.0,34472.0,4,16,,,,,,,,,,,,,,,,,,,,,,,,,,,,,,,,,,,,,,,,,,,,,,,,,,,,,,,,,,,,,
21,28,,,,,,,96,92,66,17,219.8,2745,10801,35,0,7.3,0.9;14.8;2.6;1.8;1.8;0.9;28.5;27.1;3.8;3.2;21.7;62.4;0.9;0.6;0.0;0.0;0.9;0.0;0.0;0.0;0.9;1.5;0.3;0.3,35.21,0.06,0.01,0.05,14.384,0.784,37304.0,54492.0,4,16,,,,,,,,,,,,,,,,,,,,,,,,,,,,,,,,,,,,,,,,,,,,,,,,,,,,,,,,,,,,,
21,29,,,,,,,99,98,66,18,219.4,2745,10801,35,0,6.8,1.5;14.2;1.2;0.9;0.3;0.3;48.1;23.2;2.1;2.1;21.7;46.2;0.0;0.3;0.0;0.0;0.0;0.0;0.0;0.0;0.3;0.0;0.0;0.0,35.19,0.06,0.0,0.01,14.384,0.784,28027.0,41748.0,4,16,,,,,,,,,,,,,,,,,,,,,,,,,,,,,,,,,,,,,,,,,,,,,,,,,,,,,,,,,,,,,
21,30,,,,,,,100,94,65,18,220.0,2745,10801,35,0,7.4,1.2;11.9;3.2;2.1;1.2;2.1;48.5;42.4;5.0;2.4;21.1;33.2;0.9;0.3;0.0;0.0;0.0;0.3;0.0;0.0;0.0;0.3;0.3;0.0,35.2,0.06,0.01,0.05,14.384,0.784,43798.0,45068.0,4,16,,,,,,,,,,,,,,,,,,,,,,,,,,,,,,,,,,,,,,,,,,,,,,,,,,,,,,,,,,,,,
21,31,,,,,,,100,100,65,18,220.1,2745,10801,35,0,7.2,0.9;12.6;2.6;1.4;0.9;1.2;46.4;22.0;3.5;4.3;19.9;52.3;0.6;0.0;0.3;0.0;0.3;0.6;0.0;0.0;0.6;0.0;0.9;0.0,35.2,0.06,0.0,0.03,14.384,0.784,4345.0,18505.0,4,16,,,,,,,,,,,,,,,,,,,,,,,,,,,,,,,,,,,,,,,,,,,,,,,,,,,,,,,,,,,,,
21,32,,,,,,,100,100,65,19,219.6,2745,10801,35,0,7.7,0.6;16.0;2.6;1.5;1.5;1.8;44.1;23.2;3.8;6.2;22.9;54.7;0.9;0.3;0.9;0.0;0.6;0.0;0.0;0.0;0.6;0.6;2.0;0.3,35.16,0.06,0.01,0.05,14.384,0.784,8398.0,10058.0,4,16,,,,,,,,,,,,,,,,,,,,,,,,,,,,,,,,,,,,,,,,,,,,,,,,,,,,,,,,,,,,,
21,33,,,,,,,96,85,66,17,220.4,2745,10801,35,0,7.5,0.9;10.9;2.1;2.1;0.9;1.8;56.5;37.4;4.4;3.2;19.9;33.8;0.9;0.6;1.5;0.0;0.3;0.0;0.0;0.0;0.3;0.6;1.2;0.0,35.18,0.06,0.0,0.01,14.384,0.784,3759.0,17236.0,4,16,,,,,,,,,,,,,,,,,,,,,,,,,,,,,,,,,,,,,,,,,,,,,,,,,,,,,,,,,,,,,
21,34,,,,,,,97,91,66,18,219.3,2745,10801,35,0,7.2,0.9;13.5;2.1;1.2;1.2;0.0;36.3;26.0;3.8;4.1;32.7;49.4;0.6;0.3;0.0;0.0;0.0;0.0;0.0;0.0;0.0;0.0;0.6;0.0,35.19,0.06,0.01,0.05,14.384,0.784,9619.0,12060.0,4,16,,,,,,,,,,,,,,,,,,,,,,,,,,,,,,,,,,,,,,,,,,,,,,,,,,,,,,,,,,,,,
21,35,,,,,,,100,94,64,19,219.8,2745,10801,35,0,7.2,0.6;13.5;0.9;2.0;0.9;0.3;32.4;21.4;4.6;4.0;21.6;69.1;0.3;0.6;0.0;0.0;0.0;0.0;0.0;0.0;0.0;0.6;0.3;0.0,35.18,0.06,0.01,0.04,14.384,0.784,7373.0,24414.0,4,16,,,,,,,,,,,,,,,,,,,,,,,,,,,,,,,,,,,,,,,,,,,,,,,,,,,,,,,,,,,,,
21,36,,,,,,,96,89,65,19,220.8,2745,10801,35,0,7.9,0.9;13.6;2.7;2.9;0.9;1.2;72.2;21.5;6.2;4.4;21.3;36.8;1.2;0.6;0.0;0.0;0.0;0.0;0.6;0.0;0.3;0.6;0.3;0.0,35.18,0.06,0.01,0.03,14.384,0.784,7519.0,10693.0,4,16,,,,,,,,,,,,,,,,,,,,,,,,,,,,,,,,,,,,,,,,,,,,,,,,,,,,,,,,,,,,,
21,37,,,,,,,97,94,66,19,221.4,2745,10801,35,0,8.1,0.3;28.6;1.8;1.8;1.5;0.0;42.7;36.1;2.9;2.1;29.1;43.3;0.6;0.6;0.0;0.0;0.0;0.0;0.0;0.0;0.6;0.0;0.9;0.0,35.19,0.06,0.03,0.08,14.384,0.784,16357.0,22753.0,4,16,,,,,,,,,,,,,,,,,,,,,,,,,,,,,,,,,,,,,,,,,,,,,,,,,,,,,,,,,,,,,
21,38,,,,,,,100,99,67,18,221.2,2745,10801,35,0,6.6,0.3;9.9;0.9;0.3;0.6;0.0;19.2;28.1;2.4;3.3;33.0;58.0;0.3;0.3;0.0;0.0;0.0;0.3;0.0;0.0;0.0;0.6;1.2;0.0,35.19,0.06,0.01,0.05,14.384,0.784,8837.0,10595.0,4,16,,,,,,,,,,,,,,,,,,,,,,,,,,,,,,,,,,,,,,,,,,,,,,,,,,,,,,,,,,,,,
21,39,,,,,,,96,89,65,19,220.8,2745,10801,35,0,5.8,0.3;13.6;0.9;0.3;0.3;0.0;26.6;20.6;2.9;2.3;33.8;34.7;0.3;0.0;0.0;0.3;0.3;0.0;0.0;0.0;0.3;1.2;0.3;0.0,35.18,0.06,0.01,0.04,14.384,0.784,9472.0,10302.0,4,16,,,,,,,,,,,,,,,,,,,,,,,,,,,,,,,,,,,,,,,,,,,,,,,,,,,,,,,,,,,,,
21,40,,,,,,,100,99,65,18,219.7,2745,10801,35,0,6.0,0.4;15.7;1.3;1.7;0.9;0.4;6.9;24.2;2.2;3.9;13.9;70.6;0.9;0.0;0.0;0.0;0.0;0.0;0.0;0.0;0.4;0.0;0.0;0.0,35.19,0.06,0.03,0.13,14.384,0.784,38574.0,107470.0,4,16,,,,,,,,,,,,,,,,,,,,,,,,,,,,,,,,,,,,,,,,,,,,,,,,,,,,,,,,,,,,,
21,summary,0.4510813860059369,0.9603800529605523,0.4631444476396391,0.9591297275315169,0.00097421,218.4,,,,,,,,,,,,,,,,,,,,,,7,95.62,100,1,90.8,100,58,65.17,67,17,18.7,27,162.2,218.81,221.9,2745.0,10801.0,35.0,0,5.8,8.17,51.1,35.16,35.22,35.37,63.16,0.06,0.06,0.06,16.0,0.0,0.01,0.04,0.01,0.78,4.87,10.734,13.6,14.384,14.38,14.384,15.992,0.784,0.78,0.784,3710.0,20266.8,116113.0,10058.0,47710.7,203662.0,4,4.0,4,16,16.0,16,4,16,166.09,40.43
22,1,,,,,,,6,1,58,27,174.8,2745,10801,35,0,50.5,66.6;68.4;87.4;87.5;82.4;79.8;96.6;97.5;91.2;94.0;98.5;98.3;48.2;55.2;2.0;1.5;18.5;14.2;1.0;1.3;6.1;6.7;4.2;4.2,35.38,0.06,0.02,0.03,14.384,0.784,6787.0,195507.0,4,16,,,,,,,,,,,,,,,,,,,,,,,,,,,,,,,,,,,,,,,,,,,,,,,,,,,,,,,,,,,,,
22,2,,,,,,,100,96,65,19,219.9,2745,10801,35,0,6.8,0.9;13.0;1.2;2.4;0.9;0.6;54.6;20.9;2.1;2.7;26.0;33.4;0.0;0.0;0.0;0.0;0.3;0.0;0.6;0.0;0.3;0.3;1.5;0.0,35.32,0.06,0.01,4.67,14.384,0.784,4101.0,16845.0,4,16,,,,,,,,,,,,,,,,,,,,,,,,,,,,,,,,,,,,,,,,,,,,,,,,,,,,,,,,,,,,,
22,3,,,,,,,100,93,65,20,220.8,2745,10801,35,0,6.8,0.3;13.3;0.3;1.2;0.6;0.3;31.0;26.2;2.6;2.7;16.5;64.6;0.0;0.9;0.0;0.0;0.0;0.0;0.3;0.0;0.0;0.6;0.3;0.0,35.32,0.06,0.0,3.78,14.384,0.784,31591.0,68212.0,4,16,,,,,,,,,,,,,,,,,,,,,,,,,,,,,,,,,,,,,,,,,,,,,,,,,,,,,,,,,,,,,
22,4,,,,,,,96,88,65,20,210.3,2745,10801,35,0,6.5,0.9;15.2;1.4;0.9;0.3;0.3;41.5;24.2;0.9;2.0;38.6;26.2;0.0;0.0;0.6;0.0;0.0;0.0;0.0;0.0;0.3;0.6;0.3;0.0,35.31,0.06,0.01,4.31,14.384,0.784,13183.0,59423.0,4,16,,,,,,,,,,,,,,,,,,,,,,,,,,,,,,,,,,,,,,,,,,,,,,,,,,,,,,,,,,,,,
22,5,,,,,,,100,100,65,19,219.0,2745,10801,35,0,7.3,2.6;14.8;0.3;2.0;1.2;0.6;71.3;18.4;4.7;4.1;20.2;28.7;0.6;0.6;0.6;0.0;0.6;0.3;0.6;0.0;1.5;0.9;0.6;0.3,35.26,0.06,0.0,3.39,14.384,0.784,25537.0,247753.0,4,16,,,,,,,,,,,,,,,,,,,,,,,,,,,,,,,,,,,,,,,,,,,,,,,,,,,,,,,,,,,,,
22,6,,,,,,,96,84,65,19,220.0,2745,10801,35,0,6.4,0.0;12.4;0.9;0.6;0.0;0.6;40.9;29.7;1.2;2.9;44.1;17.4;0.6;0.0;0.0;0.0;0.3;0.0;0.0;0.0;0.0;0.6;0.6;0.0,35.25,0.06,0.01,2.89,14.384,0.784,15380.0,60205.0,4,16,,,,,,,,,,,,,,,,,,,,,,,,,,,,,,,,,,,,,,,,,,,,,,,,,,,,,,,,,,,,,
22,7,,,,,,,96,89,65,19,218.6,2745,10801,35,0,7.4,1.5;13.8;2.1;2.4;0.3;1.5;40.6;20.5;3.8;4.4;41.8;37.6;1.2;0.6;0.3;0.0;0.0;0.9;0.0;0.0;0.6;0.0;2.6;0.3,35.25,0.06,0.0,2.28,14.384,0.784,4785.0,10644.0,4,16,,,,,,,,,,,,,,,,,,,,,,,,,,,,,,,,,,,,,,,,,,,,,,,,,,,,,,,,,,,,,
22,8,,,,,,,100,94,64,18,210.6,2745,10801,35,0,7.2,2.9;12.3;1.4;3.2;1.2;0.3;66.1;22.3;3.5;4.1;17.6;30.5;0.6;0.3;0.0;0.6;0.9;0.0;0.3;0.6;0.3;1.2;1.7;0.9,35.24,0.06,0.01,1.9,14.384,0.784,16406.0,10498.0,4,16,,,,,,,,,,,,,,,,,,,,,,,,,,,,,,,,,,,,,,,,,,,,,,,,,,,,,,,,,,,,,
22,9,,,,,,,96,92,66,18,218.7,2745,10801,35,0,6.6,0.0;9.0;1.2;1.5;0.3;0.0;39.0;20.8;1.5;2.1;60.1;20.6;0.6;0.0;0.3;0.0;0.0;0.3;0.0;0.0;0.0;0.0;0.0;0.0,35.23,0.06,0.01,1.55,14.384,0.784,10351.0,350244.0,4,16,,,,,,,,,,,,,,,,,,,,,,,,,,,,,,,,,,,,,,,,,,,,,,,,,,,,,,,,,,,,,
22,10,,,,,,,97,92,66,19,218.3,2745,10801,35,0,6.9,0.0;15.8;1.2;0.3;0.9;0.9;34.5;18.9;2.7;2.9;49.7;34.5;0.6;0.3;0.0;0.0;0.0;0.0;0.0;0.0;0.0;1.2;0.3;0.0,35.22,0.06,0.0,1.52,14.384,0.784,3808.0,16406.0,4,16,,,,,,,,,,,,,,,,,,,,,,,,,,,,,,,,,,,,,,,,,,,,,,,,,,,,,,,,,,,,,
22,11,,,,,,,97,93,65,18,218.1,2745,10801,35,0,7.2,0.3;14.6;0.6;0.9;0.6;0.3;60.1;18.3;4.4;3.8;33.4;32.0;0.3;0.3;0.0;0.0;0.0;0.0;0.0;0.3;1.5;0.9;0.0;0.3,35.19,0.06,0.01,3.53,14.384,0.784,5419.0,15380.0,4,16,,,,,,,,,,,,,,,,,,,,,,,,,,,,,,,,,,,,,,,,,,,,,,,,,,,,,,,,,,,,,
22,12,,,,,,,100,95,66,20,210.4,2745,10801,35,0,7.5,0.9;12.8;2.6;0.6;1.4;1.2;39.3;31.5;4.9;4.6;23.0;50.7;0.3;0.6;0.0;0.0;0.3;0.0;0.0;0.0;1.4;1.4;1.7;0.3,35.18,0.06,0.01,0.04,14.384,0.784,6591.0,22802.0,4,16,,,,,,,,,,,,,,,,,,,,,,,,,,,,,,,,,,,,,,,,,,,,,,,,,,,,,,,,,,,,,
22,13,,,,,,,100,96,65,19,221.1,2745,10801,35,0,8.9,0.6;27.7;1.5;2.4;1.5;0.0;42.6;28.4;5.3;6.1;28.4;61.3;0.3;0.9;0.0;0.0;0.0;0.0;0.0;0.0;0.9;0.6;0.3;0.6,35.2,0.06,0.0,0.02,14.384,0.784,3662.0,24462.0,4,16,,,,,,,,,,,,,,,,,,,,,,,,,,,,,,,,,,,,,,,,,,,,,,,,,,,,,,,,,,,,,
22,14,,,,,,,96,91,65,18,219.3,2745,10801,35,0,6.7,0.0;13.4;0.6;0.6;0.9;0.0;66.4;19.3;2.9;2.0;32.5;18.7;0.6;0.6;0.0;0.0;0.0;0.0;0.0;0.0;0.3;1.2;0.0;0.0,35.21,0.06,0.02,0.06,14.384,0.784,7470.0,195947.0,4,16,,,,,,,,,,,,,,,,,,,,,,,,,,,,,,,,,,,,,,,,,,,,,,,,,,,,,,,,,,,,,
22,15,,,,,,,100,100,65,18,220.8,2745,10801,35,0,6.5,0.9;14.3;1.8;0.6;0.3;0.0;49.1;22.5;2.7;0.9;36.4;26.0;0.3;0.0;0.0;0.3;0.0;0.0;0.0;0.0;0.6;0.0;0.0;0.0,35.2,0.06,0.01,0.06,14.384,0.784,7275.0,10156.0,4,16,,,,,,,,,,,,,,,,,,,,,,,,,,,,,,,,,,,,,,,,,,,,,,,,,,,,,,,,,,,,,
22,16,,,,,,,96,86,66,19,211.6,2745,10801,35,0,6.4,0.6;11.4;0.3;0.3;0.6;0.3;26.0;20.7;2.9;3.5;60.1;24.9;0.9;0.0;0.0;0.0;0.0;0.0;0.0;0.0;0.3;0.3;0.0;0.0,35.2,0.06,0.0,0.01,14.384,0.784,4882.0,19824.0,4,16,,,,,,,,,,,,,,,,,,,,,,,,,,,,,,,,,,,,,,,,,,,,,,,,,,,,,,,,,,,,,
22,17,,,,,,,100,100,66,18,220.3,2745,10801,35,0,6.5,0.6;9.6;0.9;0.9;0.6;0.3;50.9;23.7;2.7;3.0;36.1;24.9;0.0;0.6;0.0;0.0;0.6;0.0;0.0;0.0;0.0;0.6;0.0;0.0,35.2,0.06,0.01,0.04,14.384,0.784,7226.0,11865.0,4,16,,,,,,,,,,,,,,,,,,,,,,,,,,,,,,,,,,,,,,,,,,,,,,,,,,,,,,,,,,,,,
22,18,,,,,,,100,99,66,19,221.6,2745,10801,35,0,6.7,0.0;12.2;1.2;1.2;0.3;0.3;46.6;24.9;4.1;1.8;36.4;28.7;0.9;0.3;0.3;0.0;0.3;0.0;0.0;0.3;0.0;0.3;0.6;0.6,35.21,0.06,0.01,0.09,14.384,0.784,13427.0,23339.0,4,16,,,,,,,,,,,,,,,,,,,,,,,,,,,,,,,,,,,,,,,,,,,,,,,,,,,,,,,,,,,,,
22,19,,,,,,,100,95,66,17,220.6,2745,10801,35,0,6.5,0.6;9.8;2.3;2.1;0.6;0.6;36.6;19.2;3.8;2.7;58.7;17.9;0.9;0.0;0.0;0.0;0.0;0.0;0.0;0.0;0.3;0.3;0.9;0.0,35.2,0.06,0.0,0.01,14.384,0.784,9619.0,14062.0,4,16,,,,,,,,,,,,,,,,,,,,,,,,,,,,,,,,,,,,,,,,,,,,,,,,,,,,,,,,,,,,,
22,20,,,,,,,100,100,64,19,212.7,2745,10801,35,0,6.4,1.2;11.4;0.9;0.9;0.3;0.3;55.8;13.6;3.2;2.3;19.7;39.8;0.3;0.6;0.0;0.0;0.0;0.3;0.0;0.0;0.6;0.9;0.3;0.6,35.2,0.06,0.01,0.04,14.384,0.784,7324.0,22705.0,4,16,,,,,,,,,,,,,,,,,,,,,,,,,,,,,,,,,,,,,,,,,,,,,,,,,,,,,,,,,,,,,
22,21,,,,,,,100,97,66,17,221.2,2745,10801,35,0,7.0,1.8;13.5;2.1;2.0;0.3;0.9;50.3;30.8;2.6;3.5;29.1;29.4;0.6;0.3;0.0;0.3;0.0;0.3;0.0;0.3;0.0;0.0;0.3;0.0,35.21,0.06,0.01,0.06,14.384,0.784,3857.0,14746.0,4,16,,,,,,,,,,,,,,,,,,,,,,,,,,,,,,,,,,,,,,,,,,,,,,,,,,,,,,,,,,,,,
22,22,,,,,,,100,95,66,19,220.7,2745,10801,35,0,6.7,2.1;13.0;1.8;1.2;0.0;0.6;27.6;23.4;2.7;4.7;72.1;9.8;0.6;0.3;0.0;0.3;0.0;0.0;0.0;0.0;0.6;0.6;0.0;0.0,35.21,0.06,0.0,0.01,14.384,0.784,3906.0,28759.0,4,16,,,,,,,,,,,,,,,,,,,,,,,,,,,,,,,,,,,,,,,,,,,,,,,,,,,,,,,,,,,,,
22,23,,,,,,,97,94,64,19,220.0,2745,10801,35,0,7.7,3.5;16.7;4.4;2.6;0.3;0.3;49.7;16.6;4.1;2.6;20.2;56.4;0.3;0.3;0.0;0.0;0.3;0.6;0.0;0.0;2.4;2.6;0.0;0.0,35.2,0.06,0.01,0.06,14.384,0.784,4833.0,13574.0,4,16,,,,,,,,,,,,,,,,,,,,,,,,,,,,,,,,,,,,,,,,,,,,,,,,,,,,,,,,,,,,,
22,24,,,,,,,100,91,66,20,212.2,2745,10801,35,0,6.6,0.3;13.3;2.0;0.9;0.3;0.6;60.1;20.2;4.0;1.7;25.8;27.0;0.3;0.0;0.0;0.0;0.0;0.0;0.0;0.0;0.6;0.0;0.9;0.3,35.22,0.06,0.01,0.04,14.384,0.784,3515.0,13671.0,4,16,,,,,,,,,,,,,,,,,,,,,,,,,,,,,,,,,,,,,,,,,,,,,,,,,,,,,,,,,,,,,
22,25,,,,,,,100,95,67,18,220.6,2745,10801,35,0,6.5,0.9;8.2;1.5;0.3;0.6;0.0;32.6;12.1;3.8;2.6;22.0;68.2;0.6;0.0;0.0;0.0;0.3;0.3;0.0;0.0;0.0;0.6;0.0;0.0,35.21,0.06,0.0,0.01,14.384,0.784,15429.0,9619.0,4,16,,,,,,,,,,,,,,,,,,,,,,,,,,,,,,,,,,,,,,,,,,,,,,,,,,,,,,,,,,,,,
22,26,,,,,,,96,92,65,19,221.0,2745,10801,35,0,7.6,2.4;13.1;3.5;1.2;1.2;0.9;42.1;22.1;5.6;2.7;25.3;55.2;0.6;1.2;0.3;0.3;0.3;0.3;0.3;0.0;1.5;2.1;0.0;0.3,35.2,0.06,0.02,0.06,14.384,0.784,147607.0,26611.0,4,16,,,,,,,,,,,,,,,,,,,,,,,,,,,,,,,,,,,,,,,,,,,,,,,,,,,,,,,,,,,,,
22,27,,,,,,,97,91,66,18,220.1,2730,10801,35,0,7.1,0.3;15.4;0.6;1.2;0.6;0.3;64.6;22.5;4.1;2.6;25.6;28.9;1.2;0.9;0.0;0.0;0.0;0.0;0.0;0.0;0.3;0.0;0.6;0.0,35.2,0.06,0.03,0.1,14.384,0.784,31591.0,93310.0,4,16,,,,,,,,,,,,,,,,,,,,,,,,,,,,,,,,,,,,,,,,,,,,,,,,,,,,,,,,,,,,,
22,28,,,,,,,98,90,66,19,212.5,2745,10801,35,0,6.6,0.9;12.8;1.7;0.6;0.6;0.0;28.7;16.6;2.3;2.6;17.2;71.8;0.6;0.9;0.0;0.0;0.0;0.6;0.0;0.0;0.0;0.6;1.2;0.0,35.2,0.06,0.0,0.02,14.384,0.784,26269.0,70263.0,4,16,,,,,,,,,,,,,,,,,,,,,,,,,,,,,,,,,,,,,,,,,,,,,,,,,,,,,,,,,,,,,
22,29,,,,,,,98,97,66,18,220.0,2745,10801,35,0,7.4,1.5;15.2;1.2;2.6;0.6;1.2;47.1;24.6;5.6;2.6;20.4;51.8;0.0;0.6;0.0;0.0;0.0;0.0;0.3;0.0;0.0;0.0;1.7;0.3,35.18,0.06,0.01,0.04,14.384,0.784,28808.0,339794.0,4,16,,,,,,,,,,,,,,,,,,,,,,,,,,,,,,,,,,,,,,,,,,,,,,,,,,,,,,,,,,,,,
22,30,,,,,,,100,97,66,18,220.4,2730,10801,35,0,8.2,0.3;15.3;1.2;1.8;1.5;0.3;71.5;23.9;6.2;6.2;41.8;24.0;0.3;0.0;0.0;0.0;0.0;0.0;0.0;0.0;0.0;0.0;0.9;0.0,35.19,0.06,0.0,0.03,14.384,0.784,34863.0,64648.0,4,16,,,,,,,,,,,,,,,,,,,,,,,,,,,,,,,,,,,,,,,,,,,,,,,,,,,,,,,,,,,,,
22,31,,,,,,,100,93,67,18,219.9,2730,10801,35,0,7.7,0.3;30.7;0.9;0.0;0.9;0.3;51.9;19.1;2.6;2.1;17.6;53.4;0.0;0.3;0.0;0.0;0.0;0.0;0.0;0.0;0.0;1.2;0.0;0.0,35.18,0.06,0.01,0.04,14.384,0.784,13623.0,11718.0,4,16,,,,,,,,,,,,,,,,,,,,,,,,,,,,,,,,,,,,,,,,,,,,,,,,,,,,,,,,,,,,,
22,32,,,,,,,96,93,67,18,210.1,2745,10801,35,0,7.4,1.7;15.5;2.0;1.2;1.4;0.9;33.4;23.9;5.8;1.7;22.5;57.8;0.9;0.3;0.3;0.3;0.3;0.3;0.3;0.3;0.6;1.4;2.9;1.4,35.18,0.06,0.0,0.03,14.384,0.784,3808.0,22802.0,4,16,,,,,,,,,,,,,,,,,,,,,,,,,,,,,,,,,,,,,,,,,,,,,,,,,,,,,,,,,,,,,
22,33,,,,,,,100,94,65,19,219.6,2730,10801,35,0,7.2,0.9;15.0;1.2;1.2;0.6;0.3;43.3;36.2;2.6;2.6;28.2;31.2;2.6;0.9;0.0;0.0;0.0;0.3;0.9;0.6;0.0;1.2;0.6;0.6,35.19,0.06,0.01,0.06,14.384,0.784,3662.0,14111.0,4,16,,,,,,,,,,,,,,,,,,,,,,,,,,,,,,,,,,,,,,,,,,,,,,,,,,,,,,,,,,,,,
22,34,,,,,,,100,95,66,18,220.4,2730,10801,35,0,6.9,1.8;15.0;1.2;1.2;1.2;0.0;32.4;36.8;1.8;2.1;20.0;49.0;0.3;0.0;0.0;0.0;0.0;0.3;0.0;0.0;0.6;1.8;0.0;0.6,35.19,0.06,0.01,0.05,14.384,0.784,3955.0,22509.0,4,16,,,,,,,,,,,,,,,,,,,,,,,,,,,,,,,,,,,,,,,,,,,,,,,,,,,,,,,,,,,,,
22,35,,,,,,,97,93,67,18,219.9,2730,10801,35,0,6.8,0.3;15.0;1.5;0.9;0.3;0.0;31.5;22.4;3.8;3.2;18.2;63.6;0.3;0.3;0.0;0.3;0.3;0.0;0.0;0.3;0.6;0.0;0.0;0.0,35.16,0.06,0.0,0.01,14.384,0.784,3564.0,26513.0,4,16,,,,,,,,,,,,,,,,,,,,,,,,,,,,,,,,,,,,,,,,,,,,,,,,,,,,,,,,,,,,,
22,36,,,,,,,100,95,66,17,210.9,2745,10801,35,0,7.1,1.4;17.7;2.6;2.0;0.6;1.2;15.9;59.7;4.0;3.8;17.9;38.9;0.6;0.3;0.3;0.0;0.3;0.0;0.0;0.3;0.0;0.3;0.9;0.0,35.2,0.06,0.03,0.07,14.384,0.784,3759.0,24316.0,4,16,,,,,,,,,,,,,,,,,,,,,,,,,,,,,,,,,,,,,,,,,,,,,,,,,,,,,,,,,,,,,
22,37,,,,,,,100,96,66,18,221.6,2730,10801,35,0,7.5,2.1;13.5;2.1;1.5;1.2;0.6;36.7;38.9;5.2;3.0;29.4;38.2;0.3;0.0;0.3;0.0;0.9;0.0;0.9;0.9;1.2;0.9;1.2;0.6,35.19,0.06,0.01,0.08,14.384,0.784,3759.0,25732.0,4,16,,,,,,,,,,,,,,,,,,,,,,,,,,,,,,,,,,,,,,,,,,,,,,,,,,,,,,,,,,,,,
22,38,,,,,,,97,92,65,19,219.9,2730,10801,35,0,6.5,0.3;11.9;1.5;0.3;0.0;0.6;24.3;29.6;3.2;2.1;19.6;59.8;0.3;0.3;0.0;0.3;0.3;0.0;0.0;0.0;0.3;0.6;0.0;0.0,35.19,0.06,0.0,0.01,14.384,0.784,9716.0,11230.0,4,16,,,,,,,,,,,,,,,,,,,,,,,,,,,,,,,,,,,,,,,,,,,,,,,,,,,,,,,,,,,,,
22,39,,,,,,,98,95,65,17,219.7,2730,10801,35,0,6.0,1.8;14.8;1.8;1.5;0.9;0.9;47.0;23.4;3.8;0.6;37.6;8.0;0.3;0.3;0.0;0.0;0.0;0.3;0.0;0.0;0.0;0.0;0.0;0.6,35.19,0.06,0.02,0.05,14.384,0.784,4394.0,23437.0,4,16,,,,,,,,,,,,,,,,,,,,,,,,,,,,,,,,,,,,,,,,,,,,,,,,,,,,,,,,,,,,,
22,40,,,,,,,99,92,66,17,219.7,2730,10801,35,0,5.8,0.4;17.1;1.7;0.4;0.0;0.4;2.6;53.4;3.0;1.3;6.1;50.6;0.0;0.4;0.0;0.0;0.0;0.0;0.0;0.0;0.0;0.4;0.0;0.4,35.17,0.06,0.0,0.02,14.384,0.784,43652.0,58789.0,4,16,,,,,,,,,,,,,,,,,,,,,,,,,,,,,,,,,,,,,,,,,,,,,,,,,,,,,,,,,,,,,
22,summary,0.44659106167542684,0.9624396299937567,0.46074807079597524,0.9600650671004474,0.00097165,218.2,,,,,,,,,,,,,,,,,,,,,,6,96.22,100,1,91.53,100,58,65.4,67,17,18.68,27,174.8,216.95,221.6,2741.2,10801.0,35.0,0,5.8,8.05,50.5,35.16,35.22,35.38,63.16,0.06,0.06,0.06,16.0,0.0,0.01,0.03,0.01,0.78,4.67,10.733,13.6,14.384,14.38,14.384,15.992,0.784,0.78,0.784,3515.0,14984.85,147607.0,9619.0,57810.78,350244.0,4,4.0,4,16,16.0,16,4,16,166.3,40.07
23,1,,,,,,,1,1,62,26,160.8,2745,10801,35,0,51.0,62.5;66.3;88.1;87.5;88.6;86.8;98.2;97.8;87.5;89.1;98.1;97.3;59.4;59.9;2.9;2.4;12.3;10.7;1.3;1.9;6.7;8.3;5.8;5.1,35.38,0.06,0.01,0.03,14.384,0.784,14208.0,199511.0,4,16,,,,,,,,,,,,,,,,,,,,,,,,,,,,,,,,,,,,,,,,,,,,,,,,,,,,,,,,,,,,,
23,2,,,,,,,99,100,65,18,220.2,2745,10801,35,0,7.1,0.3;13.9;3.2;2.6;0.9;1.7;57.1;22.0;3.5;3.8;31.0;27.0;0.6;0.6;0.0;0.0;0.0;0.0;0.0;0.0;0.3;0.0;1.7;0.0,35.33,0.06,0.01,4.53,14.384,0.784,14990.0,11865.0,4,16,,,,,,,,,,,,,,,,,,,,,,,,,,,,,,,,,,,,,,,,,,,,,,,,,,,,,,,,,,,,,
23,3,,,,,,,100,100,65,19,220.5,2745,10801,35,0,7.5,1.5;13.7;1.8;2.1;0.6;0.3;27.9;36.5;4.1;4.7;23.5;61.5;0.3;0.3;0.0;0.0;0.0;0.3;0.0;0.0;0.0;0.0;0.6;0.3,35.29,0.06,0.02,4.96,14.384,0.784,34228.0,54980.0,4,16,,,,,,,,,,,,,,,,,,,,,,,,,,,,,,,,,,,,,,,,,,,,,,,,,,,,,,,,,,,,,
23,4,,,,,,,100,94,65,18,220.3,2745,10801,35,0,6.9,0.9;8.8;1.5;1.5;0.9;0.6;31.0;39.5;4.1;2.7;18.0;54.3;0.0;0.6;0.0;0.0;0.0;0.0;0.0;0.0;0.3;0.9;0.9;0.0,35.29,0.06,0.01,3.26,14.384,0.784,30859.0,63671.0,4,16,,,,,,,,,,,,,,,,,,,,,,,,,,,,,,,,,,,,,,,,,,,,,,,,,,,,,,,,,,,,,
23,5,,,,,,,96,89,66,17,220.4,2745,10801,35,0,7.2,0.3;13.2;1.5;2.0;0.0;0.9;22.6;67.8;3.5;3.5;22.2;34.3;0.3;0.3;0.0;0.0;0.0;0.0;0.0;0.3;0.0;0.3;0.0;0.0,35.27,0.06,0.39,4.24,14.384,0.784,23437.0,323730.0,4,16,,,,,,,,,,,,,,,,,,,,,,,,,,,,,,,,,,,,,,,,,,,,,,,,,,,,,,,,,,,,,
23,6,,,,,,,100,97,65,18,219.8,2745,10801,35,0,7.1,0.6;14.5;2.0;0.6;0.6;0.3;33.2;28.9;3.2;2.6;19.6;62.7;0.3;0.0;0.0;0.0;0.0;0.0;0.0;0.0;0.3;0.9;0.3;0.0,35.23,0.06,0.02,2.88,14.384,0.784,27685.0,59716.0,4,16,,,,,,,,,,,,,,,,,,,,,,,,,,,,,,,,,,,,,,,,,,,,,,,,,,,,,,,,,,,,,
23,7,,,,,,,100,94,66,18,219.4,2745,10801,35,0,8.8,0.9;28.9;0.9;1.2;0.0;0.6;48.7;33.6;3.8;6.5;23.4;55.3;0.6;0.3;0.0;0.0;0.0;0.0;0.0;0.0;0.0;0.0;1.8;0.3,35.25,0.06,0.02,2.32,14.384,0.784,9423.0,10595.0,4,16,,,,,,,,,,,,,,,,,,,,,,,,,,,,,,,,,,,,,,,,,,,,,,,,,,,,,,,,,,,,,
23,8,,,,,,,97,90,67,18,219.6,2745,10801,35,0,7.0,1.2;12.2;0.3;1.8;1.5;0.6;32.1;57.9;2.1;2.9;23.5;26.2;0.3;0.9;0.0;0.0;0.3;0.0;0.6;0.0;0.0;1.5;1.8;0.0,35.25,0.06,0.01,1.91,14.384,0.784,6591.0,23095.0,4,16,,,,,,,,,,,,,,,,,,,,,,,,,,,,,,,,,,,,,,,,,,,,,,,,,,,,,,,,,,,,,
23,9,,,,,,,97,91,66,19,218.9,2745,10801,35,0,6.9,1.2;13.8;0.6;0.9;0.9;0.0;20.9;43.4;2.1;2.4;21.2;52.8;0.3;0.0;0.3;0.3;0.0;0.3;0.0;0.0;0.3;0.9;1.5;0.6,35.21,0.06,0.02,1.57,14.384,0.784,15380.0,16406.0,4,16,,,,,,,,,,,,,,,,,,,,,,,,,,,,,,,,,,,,,,,,,,,,,,,,,,,,,,,,,,,,,
23,10,,,,,,,100,96,67,19,220.2,2745,10801,35,0,6.4,0.9;13.2;0.9;0.3;0.6;1.2;32.8;32.2;2.3;1.7;23.2;43.4;0.0;0.0;0.0;0.0;0.0;0.0;0.0;0.0;0.0;0.0;0.0;0.3,35.26,0.06,0.1,1.65,14.384,0.784,3662.0,66357.0,4,16,,,,,,,,,,,,,,,,,,,,,,,,,,,,,,,,,,,,,,,,,,,,,,,,,,,,,,,,,,,,,
23,11,,,,,,,98,94,66,19,218.8,2745,10801,35,0,6.8,0.9;15.6;1.5;1.2;0.6;0.3;25.4;57.9;2.6;2.9;23.9;26.0;0.3;0.6;0.0;0.0;0.3;0.0;0.0;0.0;0.6;0.6;0.9;0.3,35.22,0.06,0.02,3.52,14.384,0.784,4052.0,18945.0,4,16,,,,,,,,,,,,,,,,,,,,,,,,,,,,,,,,,,,,,,,,,,,,,,,,,,,,,,,,,,,,,
23,12,,,,,,,100,100,65,19,220.3,2745,10801,35,0,6.6,1.2;14.5;0.9;0.6;0.6;0.6;20.6;42.4;1.8;3.8;9.7;60.3;0.0;0.6;0.0;0.0;0.0;0.6;0.0;0.0;0.0;0.0;0.0;0.0,35.24,0.06,0.03,0.08,14.384,0.784,5224.0,10839.0,4,16,,,,,,,,,,,,,,,,,,,,,,,,,,,,,,,,,,,,,,,,,,,,,,,,,,,,,,,,,,,,,
23,13,,,,,,,100,98,67,17,221.6,2745,10801,35,0,7.7,0.9;16.3;2.7;3.2;1.2;1.2;31.6;29.5;5.3;5.3;18.4;64.0;0.3;0.6;0.6;0.0;0.0;0.0;0.0;0.0;0.0;0.0;1.8;0.3,35.24,0.06,0.04,0.17,14.384,0.784,12597.0,10546.0,4,16,,,,,,,,,,,,,,,,,,,,,,,,,,,,,,,,,,,,,,,,,,,,,,,,,,,,,,,,,,,,,
23,14,,,,,,,100,100,66,17,221.1,2745,10801,35,0,6.9,0.0;14.8;1.2;0.9;0.0;0.9;47.5;37.4;1.4;4.0;23.4;30.1;0.6;0.3;0.0;0.0;0.0;0.0;0.0;0.0;0.9;0.3;0.6;0.6,35.25,0.06,0.01,0.03,14.384,0.784,4003.0,18603.0,4,16,,,,,,,,,,,,,,,,,,,,,,,,,,,,,,,,,,,,,,,,,,,,,,,,,,,,,,,,,,,,,
23,15,,,,,,,100,100,66,18,221.9,2745,10801,35,0,7.0,1.5;17.5;1.5;1.5;1.2;0.6;13.9;47.5;1.5;3.5;36.0;39.5;0.3;0.0;0.0;0.0;0.0;0.6;0.0;0.0;0.0;0.0;0.3;0.0,35.24,0.06,0.0,0.03,14.384,0.784,4296.0,16699.0,4,16,,,,,,,,,,,,,,,,,,,,,,,,,,,,,,,,,,,,,,,,,,,,,,,,,,,,,,,,,,,,,
23,16,,,,,,,100,93,65,19,221.1,2745,10801,35,0,7.0,1.8;15.9;1.5;0.9;0.0;0.6;40.2;8.2;3.8;3.2;14.9;74.2;0.0;0.3;0.0;0.0;0.0;0.0;0.0;0.0;0.3;0.6;1.2;0.6,35.24,0.06,0.01,0.06,14.384,0.784,3662.0,21923.0,4,16,,,,,,,,,,,,,,,,,,,,,,,,,,,,,,,,,,,,,,,,,,,,,,,,,,,,,,,,,,,,,
23,17,,,,,,,97,88,66,17,220.8,2745,10801,35,0,7.8,1.8;14.9;3.6;3.5;2.7;3.5;55.0;27.5;5.9;5.3;26.3;30.7;1.8;1.2;0.3;0.3;0.0;0.9;0.0;0.0;0.3;0.3;0.9;0.3,35.24,0.06,0.01,0.03,14.384,0.784,5322.0,11279.0,4,16,,,,,,,,,,,,,,,,,,,,,,,,,,,,,,,,,,,,,,,,,,,,,,,,,,,,,,,,,,,,,
23,18,,,,,,,100,98,67,18,221.2,2745,10801,35,0,7.0,0.9;12.0;1.2;1.4;0.6;0.9;34.3;31.1;4.0;3.7;31.7;44.2;0.6;0.3;0.0;0.0;0.0;0.0;0.0;0.0;0.3;0.6;0.0;0.0,35.23,0.06,0.0,0.02,14.389,0.789,12304.0,10693.0,4,16,,,,,,,,,,,,,,,,,,,,,,,,,,,,,,,,,,,,,,,,,,,,,,,,,,,,,,,,,,,,,
23,19,,,,,,,100,94,65,18,220.4,2745,10801,35,0,6.9,0.0;10.9;0.9;2.4;0.0;0.3;29.2;20.9;3.5;2.9;34.5;56.5;1.5;0.3;0.0;0.6;0.0;0.0;0.0;0.0;0.0;0.0;0.3;0.0,35.23,0.06,0.01,0.04,14.383,0.783,7519.0,10400.0,4,16,,,,,,,,,,,,,,,,,,,,,,,,,,,,,,,,,,,,,,,,,,,,,,,,,,,,,,,,,,,,,
23,20,,,,,,,100,92,66,19,220.3,2745,10801,35,0,7.2,0.3;11.9;2.9;1.2;0.0;0.6;58.1;21.5;5.0;3.8;45.7;19.4;0.0;0.6;0.0;0.0;0.0;0.0;0.0;0.0;0.0;0.0;0.0;0.0,35.24,0.06,0.01,0.06,14.383,0.783,5029.0,10498.0,4,16,,,,,,,,,,,,,,,,,,,,,,,,,,,,,,,,,,,,,,,,,,,,,,,,,,,,,,,,,,,,,
23,21,,,,,,,100,93,68,18,221.2,2745,10801,35,0,6.7,0.6;6.3;1.5;1.5;0.6;0.3;43.4;28.8;4.7;2.7;22.7;48.1;0.3;0.0;0.0;0.0;0.0;0.0;0.0;0.0;0.3;0.0;0.3;0.3,35.21,0.06,0.01,0.03,14.383,0.783,4394.0,10400.0,4,16,,,,,,,,,,,,,,,,,,,,,,,,,,,,,,,,,,,,,,,,,,,,,,,,,,,,,,,,,,,,,
23,22,,,,,,,96,94,65,18,220.9,2745,10801,35,0,7.1,0.9;14.0;1.4;2.3;0.0;0.6;38.2;22.5;2.6;3.5;15.6;66.5;0.3;0.0;0.3;0.0;0.3;0.0;0.0;0.0;0.0;0.3;0.6;0.0,35.21,0.06,0.02,0.07,14.383,0.783,3857.0,23144.0,4,16,,,,,,,,,,,,,,,,,,,,,,,,,,,,,,,,,,,,,,,,,,,,,,,,,,,,,,,,,,,,,
23,23,,,,,,,100,93,67,17,221.3,2745,10801,35,0,7.4,0.9;12.7;1.5;2.7;0.0;1.2;48.2;30.1;2.9;5.3;27.7;41.9;0.3;0.6;0.0;0.0;0.0;0.0;0.0;0.0;0.6;0.0;0.6;0.0,35.2,0.06,0.02,0.07,14.383,0.783,13574.0,14941.0,4,16,,,,,,,,,,,,,,,,,,,,,,,,,,,,,,,,,,,,,,,,,,,,,,,,,,,,,,,,,,,,,
23,24,,,,,,,100,95,68,18,221.7,2745,10801,35,0,8.0,1.5;11.5;1.2;0.9;0.6;0.6;59.7;33.8;2.7;5.3;31.5;38.6;0.6;0.3;0.0;0.0;0.0;0.0;0.0;0.0;0.3;1.2;0.6;0.0,35.22,0.06,0.0,0.02,14.383,0.783,16748.0,16113.0,4,16,,,,,,,,,,,,,,,,,,,,,,,,,,,,,,,,,,,,,,,,,,,,,,,,,,,,,,,,,,,,,
23,25,,,,,,,96,94,65,19,221.2,2745,10801,35,0,8.1,0.3;28.8;1.8;1.5;0.0;0.6;25.6;30.5;4.7;2.9;66.8;23.8;0.9;1.4;0.0;0.0;0.6;0.0;0.3;0.0;0.3;0.9;0.6;0.0,35.21,0.06,0.01,0.04,14.383,0.783,6591.0,14160.0,4,16,,,,,,,,,,,,,,,,,,,,,,,,,,,,,,,,,,,,,,,,,,,,,,,,,,,,,,,,,,,,,
23,26,,,,,,,100,95,67,18,221.2,2745,10801,35,0,7.7,1.7;15.6;3.2;2.0;0.9;1.4;44.5;25.1;3.5;6.1;23.1;49.6;0.6;0.3;0.6;0.3;0.3;0.3;0.0;0.0;1.4;0.6;1.2;1.4,35.22,0.06,0.01,0.07,14.383,0.783,9814.0,11914.0,4,16,,,,,,,,,,,,,,,,,,,,,,,,,,,,,,,,,,,,,,,,,,,,,,,,,,,,,,,,,,,,,
23,27,,,,,,,100,95,67,18,221.2,2745,10801,35,0,6.9,1.2;10.6;2.3;2.3;2.9;1.8;71.2;9.1;0.9;3.2;19.6;35.5;0.3;1.5;0.0;0.0;0.3;0.0;0.6;0.0;1.2;1.5;0.0;0.0,35.22,0.06,0.0,0.03,14.383,0.783,47167.0,49316.0,4,16,,,,,,,,,,,,,,,,,,,,,,,,,,,,,,,,,,,,,,,,,,,,,,,,,,,,,,,,,,,,,
23,28,,,,,,,97,93,66,18,220.1,2745,10801,35,0,6.2,0.6;9.5;0.3;0.9;0.3;0.6;43.8;15.0;2.1;2.1;32.9;40.9;0.3;0.9;0.0;0.0;0.0;0.0;0.0;0.0;0.0;0.0;0.0;0.0,35.21,0.06,0.04,0.1,14.383,0.783,18652.0,47412.0,4,16,,,,,,,,,,,,,,,,,,,,,,,,,,,,,,,,,,,,,,,,,,,,,,,,,,,,,,,,,,,,,
23,29,,,,,,,96,90,66,18,220.1,2745,10801,35,0,6.7,0.3;15.3;1.5;1.2;0.0;0.0;46.9;16.8;2.7;2.7;16.2;56.5;0.0;0.0;0.0;0.0;0.0;0.0;0.0;0.0;0.0;0.0;0.6;0.0,35.21,0.06,0.0,0.08,14.383,0.783,137988.0,94873.0,4,16,,,,,,,,,,,,,,,,,,,,,,,,,,,,,,,,,,,,,,,,,,,,,,,,,,,,,,,,,,,,,
23,30,,,,,,,98,90,66,17,220.2,2745,10801,36,0,6.5,0.3;13.5;1.4;0.3;0.3;0.9;51.3;25.3;1.2;2.3;24.8;31.7;0.3;0.3;0.0;0.0;0.0;0.0;0.0;0.0;0.3;0.6;0.6;0.0,35.21,0.06,0.01,0.04,14.383,0.783,40234.0,51953.0,4,16,,,,,,,,,,,,,,,,,,,,,,,,,,,,,,,,,,,,,,,,,,,,,,,,,,,,,,,,,,,,,
23,31,,,,,,,97,90,66,18,219.3,2745,10801,35,0,6.9,1.7;14.7;0.9;0.0;0.9;0.6;37.8;27.1;2.1;2.4;14.4;57.6;0.3;0.3;0.0;0.0;0.0;0.0;0.0;0.0;0.9;0.0;2.0;0.9,35.19,0.06,0.0,0.01,14.383,0.783,3808.0,14208.0,4,16,,,,,,,,,,,,,,,,,,,,,,,,,,,,,,,,,,,,,,,,,,,,,,,,,,,,,,,,,,,,,
23,32,,,,,,,100,100,65,18,219.7,2745,10801,36,0,6.4,0.3;11.9;0.9;1.5;0.6;0.3;35.7;18.0;1.8;2.1;19.7;61.1;0.3;0.0;0.0;0.0;0.0;0.3;0.0;0.0;0.0;0.0;0.0;0.0,35.21,0.06,0.01,0.06,14.383,0.783,8203.0,15576.0,4,16,,,,,,,,,,,,,,,,,,,,,,,,,,,,,,,,,,,,,,,,,,,,,,,,,,,,,,,,,,,,,
23,33,,,,,,,100,93,67,18,219.1,2745,10801,36,0,6.7,0.0;14.2;0.9;2.1;0.0;0.6;58.2;21.2;2.6;4.4;20.9;32.6;0.3;0.6;0.0;0.0;0.0;0.0;0.0;0.0;0.0;0.0;0.3;0.0,35.21,0.06,0.01,0.04,14.383,0.783,3759.0,15673.0,4,16,,,,,,,,,,,,,,,,,,,,,,,,,,,,,,,,,,,,,,,,,,,,,,,,,,,,,,,,,,,,,
23,34,,,,,,,100,100,68,16,219.8,2745,10801,35,0,6.6,0.6;14.6;1.2;1.4;0.3;1.2;31.3;23.7;1.4;2.6;16.5;59.7;0.0;0.3;0.0;0.0;0.0;0.3;0.0;0.0;0.9;0.0;0.9;0.3,35.2,0.06,0.01,0.06,14.383,0.783,15039.0,15478.0,4,16,,,,,,,,,,,,,,,,,,,,,,,,,,,,,,,,,,,,,,,,,,,,,,,,,,,,,,,,,,,,,
23,35,,,,,,,100,99,67,17,220.6,2745,10801,35,0,6.7,0.6;14.0;0.9;0.9;0.9;0.0;29.7;23.5;2.7;3.5;28.6;54.0;0.6;0.0;0.0;0.0;0.0;0.0;0.0;0.0;0.0;0.0;1.5;0.0,35.2,0.06,0.01,0.06,14.383,0.783,3857.0,14550.0,4,16,,,,,,,,,,,,,,,,,,,,,,,,,,,,,,,,,,,,,,,,,,,,,,,,,,,,,,,,,,,,,
23,36,,,,,,,100,94,67,17,220.9,2745,10801,36,0,6.9,1.5;14.5;1.2;0.9;0.3;1.2;66.2;22.4;2.6;3.2;27.1;22.0;0.3;0.6;0.0;0.0;0.0;0.0;0.0;0.0;0.3;0.6;0.3;0.0,35.19,0.06,0.03,0.02,14.383,0.783,4003.0,20458.0,4,16,,,,,,,,,,,,,,,,,,,,,,,,,,,,,,,,,,,,,,,,,,,,,,,,,,,,,,,,,,,,,
23,37,,,,,,,97,93,68,18,220.9,2745,10801,36,0,7.2,0.3;14.2;2.4;1.2;0.6;1.5;46.0;16.5;3.2;5.9;17.0;61.3;0.3;0.3;0.0;0.0;0.0;0.0;0.0;0.0;0.0;0.6;0.6;0.0,35.19,0.06,0.02,0.05,14.383,0.783,4101.0,28125.0,4,16,,,,,,,,,,,,,,,,,,,,,,,,,,,,,,,,,,,,,,,,,,,,,,,,,,,,,,,,,,,,,
23,38,,,,,,,100,94,65,18,221.1,2745,10801,35,0,6.8,0.9;15.3;1.2;0.6;0.3;0.9;31.0;19.4;1.2;2.9;29.3;55.4;0.9;0.9;0.0;0.3;0.0;0.6;0.0;0.0;0.0;1.7;0.9;0.0,35.19,0.06,0.06,0.24,14.383,0.783,4003.0,24804.0,4,16,,,,,,,,,,,,,,,,,,,,,,,,,,,,,,,,,,,,,,,,,,,,,,,,,,,,,,,,,,,,,
23,39,,,,,,,100,93,65,16,221.1,2745,10801,36,0,6.1,0.0;16.1;1.2;0.0;0.0;0.0;17.1;10.6;2.3;2.7;82.9;10.3;0.9;0.6;0.0;0.0;0.0;0.3;0.0;0.0;0.0;0.0;0.0;0.0,35.18,0.06,0.0,0.02,14.383,0.783,17333.0,24511.0,4,16,,,,,,,,,,,,,,,,,,,,,,,,,,,,,,,,,,,,,,,,,,,,,,,,,,,,,,,,,,,,,
23,40,,,,,,,96,91,68,18,219.6,2745,10801,35,0,6.0,0.4;11.4;0.9;1.3;0.0;0.9;11.6;87.6;3.0;2.2;6.5;14.7;0.4;0.4;0.0;0.0;0.0;0.0;0.0;0.0;0.0;0.0;0.9;0.0,35.19,0.06,0.05,0.09,14.383,0.783,10351.0,169335.0,4,16,,,,,,,,,,,,,,,,,,,,,,,,,,,,,,,,,,,,,,,,,,,,,,,,,,,,,,,,,,,,,
23,summary,0.44645326982099764,0.9622602243288434,0.4625569170497694,0.9588043920292803,0.00096898,218.2,,,,,,,,,,,,,,,,,,,,,,1,96.45,100,1,92.2,100,62,66.1,68,16,18.1,26,160.8,218.97,221.9,2745.0,10801.0,35.1,0,6.0,8.11,51.0,35.18,35.23,35.38,63.16,0.06,0.06,0.06,16.0,0.0,0.03,0.39,0.01,0.81,4.96,10.734,13.6,14.383,14.38,14.389,15.992,0.783,0.78,0.789,3662.0,15448.67,137988.0,10400.0,41182.38,323730.0,4,4.0,4,16,16.0,16,4,16,166.19,40.17
24,1,,,,,,,67,68,64,22,189.3,2745,10801,35,0,51.6,68.7;75.8;86.5;85.6;83.9;85.1;97.8;97.2;91.8;92.2;98.7;98.1;55.6;58.2;2.4;2.0;17.8;14.4;1.8;1.6;9.0;8.3;2.7;5.0,35.37,0.06,0.02,0.06,14.383,0.783,3417.0,208105.0,4,16,,,,,,,,,,,,,,,,,,,,,,,,,,,,,,,,,,,,,,,,,,,,,,,,,,,,,,,,,,,,,
24,2,,,,,,,100,100,65,19,220.5,2730,10801,35,0,7.3,0.6;20.4;1.8;1.5;0.0;0.9;45.9;20.6;3.2;5.6;27.3;44.1;0.3;0.6;0.0;0.0;0.0;0.0;0.0;0.0;0.3;0.6;0.9;0.3,35.34,0.06,0.0,4.59,14.383,0.783,8544.0,10351.0,4,16,,,,,,,,,,,,,,,,,,,,,,,,,,,,,,,,,,,,,,,,,,,,,,,,,,,,,,,,,,,,,
24,3,,,,,,,96,87,66,18,220.0,2730,10801,35,0,6.5,0.3;16.0;0.3;0.6;0.3;0.3;22.6;24.3;2.3;3.5;56.8;25.4;0.6;0.3;0.0;0.0;0.3;0.0;0.0;0.0;0.3;0.6;0.0;0.0,35.33,0.06,0.0,4.89,14.383,0.783,29541.0,69775.0,4,16,,,,,,,,,,,,,,,,,,,,,,,,,,,,,,,,,,,,,,,,,,,,,,,,,,,,,,,,,,,,,
24,4,,,,,,,100,100,65,19,220.0,2730,10801,35,0,6.5,0.6;13.7;0.6;0.9;0.3;0.0;61.3;9.1;2.9;2.3;39.3;23.2;0.9;0.9;0.0;0.0;0.0;0.0;0.0;0.0;0.0;0.6;0.3;0.0,35.31,0.06,0.02,3.24,14.383,0.783,35205.0,59277.0,4,16,,,,,,,,,,,,,,,,,,,,,,,,,,,,,,,,,,,,,,,,,,,,,,,,,,,,,,,,,,,,,
24,5,,,,,,,100,94,65,19,220.1,2730,10801,35,0,7.0,0.6;14.0;0.6;1.5;0.3;0.3;55.9;18.6;2.6;3.5;42.4;22.4;0.6;0.6;0.0;0.0;0.0;0.0;0.3;0.0;0.9;2.3;0.6;0.0,35.29,0.06,0.0,3.47,14.383,0.783,214599.0,66943.0,4,16,,,,,,,,,,,,,,,,,,,,,,,,,,,,,,,,,,,,,,,,,,,,,,,,,,,,,,,,,,,,,
24,6,,,,,,,99,90,66,19,219.3,2730,10801,35,0,6.6,0.6;13.5;0.9;0.9;0.3;0.3;23.5;27.9;3.2;2.9;17.2;66.4;0.0;0.0;0.0;0.0;0.0;0.3;0.0;0.0;0.0;0.0;0.6;0.0,35.27,0.06,0.01,2.88,14.383,0.783,29541.0,52490.0,4,16,,,,,,,,,,,,,,,,,,,,,,,,,,,,,,,,,,,,,,,,,,,,,,,,,,,,,,,,,,,,,
24,7,,,,,,,99,89,65,18,219.9,2730,10801,35,0,6.9,1.2;11.7;1.2;1.2;0.9;0.9;39.4;26.3;2.9;2.9;19.1;51.9;0.9;0.3;0.0;0.3;0.0;0.3;0.0;0.0;0.0;0.3;2.0;0.6,35.25,0.06,0.01,2.26,14.383,0.783,10107.0,20458.0,4,16,,,,,,,,,,,,,,,,,,,,,,,,,,,,,,,,,,,,,,,,,,,,,,,,,,,,,,,,,,,,,
24,8,,,,,,,100,93,65,18,219.2,2730,10801,35,0,7.1,1.5;17.9;1.8;1.5;0.9;0.6;47.7;38.9;1.8;3.8;18.9;30.6;0.3;0.9;0.0;0.0;0.0;0.0;0.6;0.0;0.9;0.6;1.2;0.0,35.24,0.06,0.0,1.92,14.383,0.783,20898.0,53173.0,4,16,,,,,,,,,,,,,,,,,,,,,,,,,,,,,,,,,,,,,,,,,,,,,,,,,,,,,,,,,,,,,
24,9,,,,,,,96,84,66,18,220.0,2730,10801,36,0,7.2,0.9;19.7;2.1;0.3;0.3;0.9;44.4;24.2;1.8;3.5;28.3;40.4;0.3;0.9;0.0;0.0;0.3;0.0;0.0;0.0;0.9;0.0;1.2;0.0,35.23,0.06,0.02,1.58,14.383,0.783,4248.0,20605.0,4,16,,,,,,,,,,,,,,,,,,,,,,,,,,,,,,,,,,,,,,,,,,,,,,,,,,,,,,,,,,,,,
24,10,,,,,,,99,100,67,19,219.1,2730,10801,35,0,7.1,2.1;13.5;2.9;2.4;1.5;0.3;46.0;17.8;2.9;4.4;17.6;54.4;1.2;0.9;0.6;0.0;0.6;0.0;0.3;0.0;0.6;0.0;1.5;0.0,35.23,0.06,0.01,1.55,14.383,0.783,7226.0,11230.0,4,16,,,,,,,,,,,,,,,,,,,,,,,,,,,,,,,,,,,,,,,,,,,,,,,,,,,,,,,,,,,,,
24,11,,,,,,,96,84,65,18,219.8,2730,10801,35,0,6.4,1.2;15.8;0.3;0.9;0.0;0.0;24.1;61.6;2.3;2.6;7.5;34.2;0.6;0.6;0.0;0.0;0.0;0.0;0.0;0.0;0.0;1.2;0.0;0.3,35.21,0.06,0.0,3.43,14.383,0.783,3613.0,24853.0,4,16,,,,,,,,,,,,,,,,,,,,,,,,,,,,,,,,,,,,,,,,,,,,,,,,,,,,,,,,,,,,,
24,12,,,,,,,96,88,66,17,220.5,2730,10801,35,0,6.8,1.2;13.5;0.9;1.2;0.9;0.9;30.1;34.2;2.9;3.2;20.3;49.9;0.6;0.6;0.0;0.0;0.3;0.3;0.0;0.0;0.0;0.0;0.6;0.3,35.21,0.06,0.01,0.06,14.383,0.783,4443.0,20166.0,4,16,,,,,,,,,,,,,,,,,,,,,,,,,,,,,,,,,,,,,,,,,,,,,,,,,,,,,,,,,,,,,
24,13,,,,,,,100,100,65,18,219.4,2730,10801,35,0,6.4,0.9;8.5;1.2;0.3;0.6;0.0;42.1;21.2;3.5;1.2;18.8;54.4;0.6;0.3;0.0;0.0;0.0;0.0;0.0;0.0;0.0;0.0;0.9;0.0,35.22,0.06,0.05,0.08,14.383,0.783,5322.0,22460.0,4,16,,,,,,,,,,,,,,,,,,,,,,,,,,,,,,,,,,,,,,,,,,,,,,,,,,,,,,,,,,,,,
24,14,,,,,,,100,95,65,18,220.1,2730,10801,36,0,6.7,0.6;11.6;2.4;0.3;0.0;0.0;10.9;85.0;3.2;3.5;15.3;27.0;0.6;0.3;0.0;0.0;0.3;0.0;0.0;0.0;0.0;0.0;0.0;0.0,35.19,0.06,0.0,0.02,14.383,0.783,9375.0,10595.0,4,16,,,,,,,,,,,,,,,,,,,,,,,,,,,,,,,,,,,,,,,,,,,,,,,,,,,,,,,,,,,,,
24,15,,,,,,,96,94,66,19,220.1,2730,10801,35,0,7.1,0.3;11.2;2.9;1.2;1.2;0.9;48.0;24.3;3.4;4.0;22.3;47.8;1.4;0.6;0.3;0.0;0.0;0.0;0.0;0.0;0.9;0.9;0.3;0.0,35.21,0.06,0.03,0.08,14.383,0.783,14355.0,10449.0,4,16,,,,,,,,,,,,,,,,,,,,,,,,,,,,,,,,,,,,,,,,,,,,,,,,,,,,,,,,,,,,,
24,16,,,,,,,100,98,66,18,219.7,2730,10801,35,0,7.0,0.9;13.3;0.3;0.9;0.6;0.6;35.8;21.2;4.7;3.2;33.5;48.7;0.9;0.9;0.0;0.0;0.6;0.0;0.3;0.0;0.0;0.3;0.3;0.9,35.22,0.06,0.02,0.06,14.383,0.783,13427.0,12158.0,4,16,,,,,,,,,,,,,,,,,,,,,,,,,,,,,,,,,,,,,,,,,,,,,,,,,,,,,,,,,,,,,
24,17,,,,,,,100,93,65,17,220.0,2730,10801,35,0,7.0,0.0;14.2;1.5;0.3;0.6;0.0;62.0;23.2;4.1;3.8;12.1;45.0;0.3;0.3;0.0;0.0;0.0;0.0;0.0;0.0;0.0;0.0;0.0;0.0,35.22,0.06,0.0,0.02,14.383,0.783,3857.0,22949.0,4,16,,,,,,,,,,,,,,,,,,,,,,,,,,,,,,,,,,,,,,,,,,,,,,,,,,,,,,,,,,,,,
24,18,,,,,,,100,95,65,18,220.4,2730,10801,35,0,7.8,0.0;12.7;1.8;1.8;0.6;0.9;22.9;67.8;6.5;4.1;24.0;39.2;0.6;0.6;0.0;0.0;0.9;0.0;0.0;0.0;0.3;0.9;0.0;0.0,35.21,0.06,0.03,0.11,14.383,0.783,15136.0,16308.0,4,16,,,,,,,,,,,,,,,,,,,,,,,,,,,,,,,,,,,,,,,,,,,,,,,,,,,,,,,,,,,,,
24,19,,,,,,,100,93,64,19,220.0,2730,10801,35,0,8.6,0.0;33.2;1.4;0.3;0.3;0.6;40.6;28.2;4.3;6.4;24.6;54.9;1.5;0.6;0.0;0.0;0.3;0.0;0.0;0.0;1.2;0.6;0.9;0.6,35.22,0.06,0.01,0.04,14.383,0.783,13574.0,10449.0,4,16,,,,,,,,,,,,,,,,,,,,,,,,,,,,,,,,,,,,,,,,,,,,,,,,,,,,,,,,,,,,,
24,20,,,,,,,100,91,65,19,220.2,2730,10801,36,0,6.7,1.8;14.2;0.9;0.3;0.9;0.3;61.9;19.0;2.3;1.5;14.9;40.2;0.6;0.3;0.0;0.0;0.0;0.0;0.0;0.0;0.9;0.6;0.0;0.0,35.22,0.06,0.0,0.02,14.383,0.783,3662.0,15673.0,4,16,,,,,,,,,,,,,,,,,,,,,,,,,,,,,,,,,,,,,,,,,,,,,,,,,,,,,,,,,,,,,
24,21,,,,,,,100,96,65,19,221.2,2730,10801,35,0,6.6,0.9;12.7;0.3;0.9;0.0;0.9;26.2;49.6;1.8;1.8;33.2;27.9;0.3;0.3;0.0;0.0;0.0;0.0;0.0;0.0;0.3;0.0;0.0;0.3,35.21,0.06,0.01,0.05,14.383,0.783,3857.0,19335.0,4,16,,,,,,,,,,,,,,,,,,,,,,,,,,,,,,,,,,,,,,,,,,,,,,,,,,,,,,,,,,,,,
24,22,,,,,,,97,92,65,18,219.4,2730,10801,36,0,6.6,0.6;14.4;1.5;0.6;0.3;0.0;15.5;33.7;3.8;2.6;16.7;67.8;0.0;0.6;0.0;0.0;0.0;0.0;0.0;0.0;0.0;0.3;0.3;0.0,35.22,0.06,0.01,0.05,14.383,0.783,4589.0,28564.0,4,16,,,,,,,,,,,,,,,,,,,,,,,,,,,,,,,,,,,,,,,,,,,,,,,,,,,,,,,,,,,,,
24,23,,,,,,,99,96,65,19,220.5,2730,10801,35,0,6.5,0.3;14.8;1.4;0.6;0.9;0.3;45.2;28.1;2.3;2.9;9.3;46.1;0.3;0.3;0.0;0.0;0.0;0.0;0.0;0.0;0.3;0.6;0.6;0.0,35.22,0.06,0.01,0.03,14.383,0.783,15527.0,11376.0,4,16,,,,,,,,,,,,,,,,,,,,,,,,,,,,,,,,,,,,,,,,,,,,,,,,,,,,,,,,,,,,,
24,24,,,,,,,96,85,65,19,220.3,2730,10801,35,0,6.9,0.3;17.3;1.5;0.9;0.6;0.3;53.5;22.4;4.1;3.2;21.4;36.5;0.6;0.3;0.0;0.3;0.3;0.3;0.0;0.3;0.0;1.2;0.0;0.3,35.22,0.06,0.01,0.01,14.383,0.783,12646.0,22998.0,4,16,,,,,,,,,,,,,,,,,,,,,,,,,,,,,,,,,,,,,,,,,,,,,,,,,,,,,,,,,,,,,
24,25,,,,,,,96,86,67,18,221.0,2730,10801,35,0,6.8,0.9;11.4;2.0;0.9;0.3;1.5;18.1;35.7;2.9;1.8;24.3;60.1;0.3;0.6;0.0;0.3;0.0;0.0;0.0;0.0;0.0;1.2;0.0;0.0,35.2,0.06,0.02,0.06,14.383,0.783,221630.0,10156.0,4,16,,,,,,,,,,,,,,,,,,,,,,,,,,,,,,,,,,,,,,,,,,,,,,,,,,,,,,,,,,,,,
24,26,,,,,,,96,93,64,19,219.9,2730,10801,35,0,6.8,1.2;10.6;0.9;2.6;1.5;1.2;58.4;12.6;3.5;3.5;16.8;46.8;0.0;0.3;0.3;0.0;0.3;0.0;0.0;0.0;0.0;0.6;1.5;0.9,35.16,0.06,0.01,0.71,14.383,0.783,16113.0,19726.0,4,16,,,,,,,,,,,,,,,,,,,,,,,,,,,,,,,,,,,,,,,,,,,,,,,,,,,,,,,,,,,,,
24,27,,,,,,,100,95,66,19,220.1,2730,10801,35,0,6.6,0.6;15.1;1.4;1.4;0.6;0.3;54.9;22.6;3.5;2.0;14.8;40.3;0.3;0.3;0.0;0.0;0.0;0.0;0.0;0.0;0.3;0.0;0.0;0.0,35.19,0.06,0.04,0.09,14.383,0.783,40820.0,49902.0,4,16,,,,,,,,,,,,,,,,,,,,,,,,,,,,,,,,,,,,,,,,,,,,,,,,,,,,,,,,,,,,,
24,28,,,,,,,96,92,65,19,220.1,2730,10801,35,0,7.7,2.3;16.8;2.1;2.9;0.9;0.6;42.1;23.8;6.2;2.6;30.2;49.0;0.3;0.3;0.0;0.0;0.3;0.0;0.3;0.0;0.3;0.6;0.6;1.5,35.19,0.06,0.01,0.07,14.383,0.783,38085.0,48925.0,4,16,,,,,,,,,,,,,,,,,,,,,,,,,,,,,,,,,,,,,,,,,,,,,,,,,,,,,,,,,,,,,
24,29,,,,,,,97,90,66,19,219.6,2730,10801,35,0,8.2,2.9;11.5;5.0;2.9;1.8;0.0;36.0;35.0;6.5;5.3;32.2;49.4;0.6;0.0;0.3;0.3;0.3;0.0;0.0;0.0;0.3;1.2;2.1;2.1,35.2,0.06,0.05,0.25,14.383,0.783,40673.0,45361.0,4,16,,,,,,,,,,,,,,,,,,,,,,,,,,,,,,,,,,,,,,,,,,,,,,,,,,,,,,,,,,,,,
24,30,,,,,,,100,100,65,20,219.1,2730,10801,35,0,6.9,0.3;13.4;1.5;2.3;1.2;0.6;55.1;21.6;4.7;1.5;20.5;41.9;0.9;0.6;0.0;0.0;0.3;0.0;0.0;0.0;0.0;0.0;0.0;0.0,35.21,0.06,0.04,0.09,14.383,0.783,28466.0,42089.0,4,16,,,,,,,,,,,,,,,,,,,,,,,,,,,,,,,,,,,,,,,,,,,,,,,,,,,,,,,,,,,,,
24,31,,,,,,,97,90,66,19,218.1,2730,10801,35,0,8.2,1.7;15.5;5.2;3.2;2.6;1.2;38.2;24.0;5.5;5.2;21.1;62.6;0.6;0.3;0.0;0.0;0.3;0.0;0.0;0.0;1.4;1.2;4.3;1.2,35.21,0.06,0.03,0.14,14.383,0.783,4345.0,25732.0,4,16,,,,,,,,,,,,,,,,,,,,,,,,,,,,,,,,,,,,,,,,,,,,,,,,,,,,,,,,,,,,,
24,32,,,,,,,100,100,65,19,219.1,2730,10801,35,0,7.1,0.6;12.7;1.5;1.2;0.3;0.3;49.4;21.2;5.0;3.5;12.7;58.4;0.6;0.3;0.0;0.0;0.9;0.0;0.0;0.0;0.0;0.0;0.3;0.0,35.2,0.06,0.0,0.02,14.383,0.783,4687.0,19970.0,4,16,,,,,,,,,,,,,,,,,,,,,,,,,,,,,,,,,,,,,,,,,,,,,,,,,,,,,,,,,,,,,
24,33,,,,,,,100,99,66,19,218.6,2730,10801,35,0,6.9,0.0;10.1;1.8;1.5;0.9;0.6;65.6;19.4;3.5;2.6;17.9;38.5;0.9;0.3;0.0;0.0;0.6;0.3;0.0;0.3;0.0;1.2;0.0;0.0,35.22,0.06,0.01,0.04,14.383,0.783,9814.0,13720.0,4,16,,,,,,,,,,,,,,,,,,,,,,,,,,,,,,,,,,,,,,,,,,,,,,,,,,,,,,,,,,,,,
24,34,,,,,,,96,86,65,18,219.7,2730,10801,35,0,7.6,1.2;11.4;1.2;1.8;0.6;0.6;50.7;17.6;6.1;5.0;60.5;22.3;0.0;0.6;0.0;0.3;0.0;0.0;0.0;0.0;0.0;0.6;0.3;0.6,35.21,0.06,0.01,0.04,14.383,0.783,12744.0,11181.0,4,16,,,,,,,,,,,,,,,,,,,,,,,,,,,,,,,,,,,,,,,,,,,,,,,,,,,,,,,,,,,,,
24,35,,,,,,,100,100,65,18,219.8,2730,10801,35,0,8.1,2.0;12.3;2.9;1.4;1.7;1.2;34.8;31.5;4.3;8.4;52.0;32.8;0.9;0.6;0.3;0.6;0.6;0.0;0.0;0.3;0.9;0.9;2.9;1.7,35.2,0.06,0.02,0.08,14.383,0.783,13134.0,28125.0,4,16,,,,,,,,,,,,,,,,,,,,,,,,,,,,,,,,,,,,,,,,,,,,,,,,,,,,,,,,,,,,,
24,36,,,,,,,100,96,66,18,220.7,2730,10801,35,0,8.8,1.5;30.5;0.9;2.4;0.9;0.6;61.7;31.0;4.4;4.4;33.8;30.7;0.9;0.3;0.0;0.3;0.3;0.0;0.0;0.0;0.0;0.6;0.9;0.6,35.21,0.06,0.01,0.04,14.383,0.783,13818.0,10449.0,4,16,,,,,,,,,,,,,,,,,,,,,,,,,,,,,,,,,,,,,,,,,,,,,,,,,,,,,,,,,,,,,
24,37,,,,,,,96,86,65,17,219.8,2730,10801,36,0,6.9,1.5;14.2;1.7;1.7;0.6;0.0;40.6;18.7;2.3;2.3;21.2;56.3;0.0;0.0;0.0;0.0;0.0;0.0;0.0;0.0;2.0;0.3;0.3;0.6,35.22,0.06,0.0,0.03,14.383,0.783,3613.0,83251.0,4,16,,,,,,,,,,,,,,,,,,,,,,,,,,,,,,,,,,,,,,,,,,,,,,,,,,,,,,,,,,,,,
24,38,,,,,,,96,92,65,18,219.7,2730,10801,35,0,6.6,0.0;11.4;1.5;0.9;0.6;0.3;32.2;21.5;3.3;2.7;46.9;33.9;0.6;0.9;0.0;0.0;0.0;0.0;0.0;0.0;0.0;0.0;0.9;0.3,35.19,0.06,0.01,0.04,14.383,0.783,3857.0,26757.0,4,16,,,,,,,,,,,,,,,,,,,,,,,,,,,,,,,,,,,,,,,,,,,,,,,,,,,,,,,,,,,,,
24,39,,,,,,,100,92,66,18,221.2,2730,10801,35,0,5.9,0.9;16.8;1.5;0.3;0.9;0.3;46.7;10.1;3.2;2.3;41.4;14.2;0.3;0.9;0.0;0.0;0.0;0.0;0.0;0.0;0.0;0.0;1.2;0.0,35.2,0.06,0.0,0.01,14.383,0.783,13867.0,30566.0,4,16,,,,,,,,,,,,,,,,,,,,,,,,,,,,,,,,,,,,,,,,,,,,,,,,,,,,,,,,,,,,,
24,40,,,,,,,97,91,65,18,219.8,2730,10801,35,0,5.8,0.9;13.7;0.9;2.2;0.4;0.0;20.0;28.7;1.7;1.7;15.2;52.2;0.0;0.0;0.0;0.0;0.4;0.0;0.0;0.4;0.0;0.0;0.0;0.0,35.21,0.06,0.04,0.16,14.383,0.783,5419.0,187402.0,4,16,,,,,,,,,,,,,,,,,,,,,,,,,,,,,,,,,,,,,,,,,,,,,,,,,,,,,,,,,,,,,
24,summary,0.44588000797832056,0.9631285477470236,0.4659619966625634,0.9563643757625051,0.00096619,218.4,,,,,,,,,,,,,,,,,,,,,,67,97.58,100,68,92.33,100,64,65.33,67,17,18.52,22,189.3,219.13,221.2,2730.4,10801.0,35.1,0,5.8,8.14,51.6,35.16,35.23,35.37,63.16,0.06,0.06,0.06,16.0,0.0,0.01,0.05,0.01,0.81,4.89,10.735,13.6,14.383,14.38,14.383,15.992,0.783,0.78,0.783,3417.0,23944.85,221630.0,10156.0,36851.3,208105.0,4,4.0,4,16,16.0,16,4,16,166.46,40.04
25,1,,,,,,,75,76,64,22,188.6,2730,10801,35,0,50.4,69.8;71.9;90.2;90.4;82.1;83.9;98.1;98.6;89.4;92.1;98.2;97.7;49.8;45.8;1.5;1.4;13.9;13.5;0.6;1.0;5.2;5.6;4.8;4.2,35.37,0.06,0.01,0.02,14.383,0.783,8789.0,333984.0,4,16,,,,,,,,,,,,,,,,,,,,,,,,,,,,,,,,,,,,,,,,,,,,,,,,,,,,,,,,,,,,,
25,2,,,,,,,98,98,65,19,219.7,2745,10801,35,0,6.9,0.3;19.4;2.1;1.5;0.3;0.9;46.2;20.0;2.1;4.4;30.9;32.9;1.2;0.0;0.3;0.0;0.3;0.0;0.0;0.0;0.0;0.3;0.6;0.0,35.31,0.06,0.02,4.67,14.383,0.783,3808.0,16015.0,4,16,,,,,,,,,,,,,,,,,,,,,,,,,,,,,,,,,,,,,,,,,,,,,,,,,,,,,,,,,,,,,
25,3,,,,,,,100,100,65,19,219.7,2745,10801,35,0,6.7,0.9;14.2;0.9;1.2;0.3;1.5;27.1;24.4;2.4;3.5;26.2;57.4;0.3;0.6;0.0;0.0;0.0;0.0;0.0;0.3;0.0;0.0;0.6;0.0,35.3,0.06,0.01,3.8,14.383,0.783,31298.0,39941.0,4,16,,,,,,,,,,,,,,,,,,,,,,,,,,,,,,,,,,,,,,,,,,,,,,,,,,,,,,,,,,,,,
25,4,,,,,,,100,100,65,19,215.9,2745,10801,35,0,6.5,0.0;11.5;0.9;1.2;0.3;0.3;43.5;21.7;3.5;1.7;18.6;49.6;0.3;0.3;0.0;0.0;0.0;0.0;0.0;0.0;0.0;1.2;0.6;0.0,35.29,0.06,0.01,4.32,14.383,0.783,30761.0,55957.0,4,16,,,,,,,,,,,,,,,,,,,,,,,,,,,,,,,,,,,,,,,,,,,,,,,,,,,,,,,,,,,,,
25,5,,,,,,,100,99,67,19,219.6,2745,10801,35,0,7.3,1.5;15.8;1.5;2.3;0.6;1.8;67.7;17.5;4.4;3.5;15.5;39.9;0.9;0.3;0.0;0.0;0.6;0.0;0.0;0.0;0.0;0.0;0.3;0.3,35.28,0.06,0.01,3.43,14.383,0.783,33935.0,47705.0,4,16,,,,,,,,,,,,,,,,,,,,,,,,,,,,,,,,,,,,,,,,,,,,,,,,,,,,,,,,,,,,,
25,6,,,,,,,100,93,65,19,219.2,2745,10801,35,0,8.4,3.2;13.6;4.7;4.1;2.1;3.2;32.0;24.6;9.9;4.7;19.1;72.6;1.2;0.0;0.0;0.0;0.6;0.0;0.3;0.3;1.2;0.9;0.9;0.9,35.27,0.06,0.01,2.88,14.383,0.783,39550.0,50732.0,4,16,,,,,,,,,,,,,,,,,,,,,,,,,,,,,,,,,,,,,,,,,,,,,,,,,,,,,,,,,,,,,
25,7,,,,,,,96,93,66,20,219.6,2745,10801,35,0,8.0,0.6;15.0;2.9;3.2;2.3;1.2;45.3;27.5;7.4;3.5;31.3;44.2;0.6;0.3;0.0;0.0;0.0;0.0;0.0;0.0;2.6;0.9;0.3;0.6,35.26,0.06,0.0,2.27,14.383,0.783,5664.0,15380.0,4,16,,,,,,,,,,,,,,,,,,,,,,,,,,,,,,,,,,,,,,,,,,,,,,,,,,,,,,,,,,,,,
25,8,,,,,,,100,93,65,19,219.3,2745,10801,35,0,7.2,0.6;14.3;1.7;2.3;0.9;0.0;58.0;34.8;4.9;2.0;21.4;29.0;0.9;0.3;0.0;0.0;0.0;0.0;0.0;0.0;0.0;0.9;0.0;0.0,35.24,0.06,0.1,2.08,14.383,0.783,3759.0,15625.0,4,16,,,,,,,,,,,,,,,,,,,,,,,,,,,,,,,,,,,,,,,,,,,,,,,,,,,,,,,,,,,,,
25,9,,,,,,,100,95,65,18,218.8,2745,10801,35,0,7.6,1.5;14.3;1.8;2.3;1.5;0.0;39.6;22.2;4.1;3.8;21.2;62.9;0.9;0.3;0.0;0.0;0.9;0.0;0.0;0.0;0.6;0.9;1.5;1.2,35.24,0.06,0.0,1.54,14.383,0.783,3271.0,25195.0,4,16,,,,,,,,,,,,,,,,,,,,,,,,,,,,,,,,,,,,,,,,,,,,,,,,,,,,,,,,,,,,,
25,10,,,,,,,97,93,66,19,219.4,2745,10801,35,0,7.2,0.6;16.3;0.3;1.2;0.3;0.3;45.1;16.2;5.6;2.7;28.6;54.1;0.0;0.3;0.0;0.0;0.3;0.0;0.0;0.0;0.0;0.3;0.0;0.0,35.23,0.06,0.01,1.57,14.383,0.783,3710.0,15332.0,4,16,,,,,,,,,,,,,,,,,,,,,,,,,,,,,,,,,,,,,,,,,,,,,,,,,,,,,,,,,,,,,
25,11,,,,,,,97,92,65,19,219.1,2745,10801,35,0,7.7,0.3;15.0;2.4;0.9;1.2;0.0;72.4;16.2;4.7;4.7;33.5;28.8;0.3;0.6;0.0;0.0;0.3;0.0;0.0;0.0;0.0;0.9;1.2;0.0,35.2,0.06,0.08,3.77,14.383,0.783,3906.0,155078.0,4,16,,,,,,,,,,,,,,,,,,,,,,,,,,,,,,,,,,,,,,,,,,,,,,,,,,,,,,,,,,,,,
25,12,,,,,,,100,94,65,18,220.2,2745,10801,35,0,8.1,1.2;14.1;0.6;2.6;0.3;1.7;45.5;24.5;5.2;6.1;30.9;58.7;0.6;0.3;0.0;0.0;0.6;0.6;0.0;0.0;0.6;0.6;0.0;0.0,35.22,0.06,0.01,0.11,14.383,0.783,3955.0,14892.0,4,16,,,,,,,,,,,,,,,,,,,,,,,,,,,,,,,,,,,,,,,,,,,,,,,,,,,,,,,,,,,,,
25,13,,,,,,,97,89,66,17,219.7,2745,10801,35,0,7.4,0.3;28.2;0.6;0.3;0.6;0.6;36.8;17.4;4.1;2.4;19.5;61.7;0.6;0.3;0.0;0.3;0.3;0.0;0.0;0.0;0.0;0.3;0.0;0.3,35.23,0.06,0.0,0.07,14.383,0.783,12060.0,21386.0,4,16,,,,,,,,,,,,,,,,,,,,,,,,,,,,,,,,,,,,,,,,,,,,,,,,,,,,,,,,,,,,,
25,14,,,,,,,97,92,65,19,220.4,2745,10801,35,0,7.4,1.5;15.0;2.1;2.1;1.8;1.8;58.5;30.0;4.7;5.8;25.0;24.7;0.0;0.6;0.3;0.0;0.3;0.0;0.3;1.2;0.6;0.3;0.0;0.6,35.18,0.06,0.04,0.14,14.383,0.783,3808.0,27539.0,4,16,,,,,,,,,,,,,,,,,,,,,,,,,,,,,,,,,,,,,,,,,,,,,,,,,,,,,,,,,,,,,
25,15,,,,,,,99,100,66,19,220.1,2745,10801,35,0,6.5,0.0;9.6;1.2;0.6;0.3;0.0;37.1;23.3;4.1;3.2;32.7;41.9;0.6;0.6;0.0;0.0;0.0;0.0;0.0;0.0;0.0;0.0;0.0;0.3,35.2,0.06,0.0,0.02,14.383,0.783,8642.0,10449.0,4,16,,,,,,,,,,,,,,,,,,,,,,,,,,,,,,,,,,,,,,,,,,,,,,,,,,,,,,,,,,,,,
25,16,,,,,,,97,92,66,18,218.2,2745,10801,35,0,6.5,0.9;15.8;0.3;0.6;0.6;0.3;27.0;27.0;1.7;2.3;21.1;54.8;0.6;0.6;0.0;0.3;0.0;0.3;0.3;0.0;0.0;0.3;0.0;0.3,35.2,0.06,0.01,0.05,14.383,0.783,3808.0,29052.0,4,16,,,,,,,,,,,,,,,,,,,,,,,,,,,,,,,,,,,,,,,,,,,,,,,,,,,,,,,,,,,,,
25,17,,,,,,,98,96,65,19,219.3,2745,10801,35,0,6.8,0.9;15.0;2.0;1.2;0.3;0.3;47.5;28.8;1.2;2.1;32.9;27.1;0.3;0.9;0.0;0.0;0.3;0.0;0.0;0.0;0.3;1.2;0.0;0.3,35.19,0.06,0.0,0.18,14.383,0.783,4150.0,27441.0,4,16,,,,,,,,,,,,,,,,,,,,,,,,,,,,,,,,,,,,,,,,,,,,,,,,,,,,,,,,,,,,,
25,18,,,,,,,100,100,66,18,220.7,2745,10801,35,0,6.8,0.0;11.1;1.2;1.8;1.5;0.3;40.4;31.7;3.8;2.6;18.1;47.8;0.9;0.6;0.0;0.0;0.0;0.3;0.0;0.3;0.3;0.0;0.0;0.0,35.21,0.06,0.02,0.07,14.383,0.783,9033.0,20849.0,4,16,,,,,,,,,,,,,,,,,,,,,,,,,,,,,,,,,,,,,,,,,,,,,,,,,,,,,,,,,,,,,
25,19,,,,,,,97,85,65,19,221.4,2745,10801,35,0,6.6,0.0;12.2;1.5;1.2;0.0;0.6;25.7;17.7;2.9;2.9;30.4;60.2;0.6;0.3;0.0;0.0;0.0;0.0;0.0;0.0;0.0;0.6;0.6;0.0,35.2,0.06,0.0,0.02,14.383,0.783,7568.0,12353.0,4,16,,,,,,,,,,,,,,,,,,,,,,,,,,,,,,,,,,,,,,,,,,,,,,,,,,,,,,,,,,,,,
25,20,,,,,,,100,100,66,18,220.1,2745,10801,35,0,7.1,1.5;15.3;2.0;1.2;0.6;1.4;56.5;29.2;2.9;4.6;21.1;31.2;0.0;0.9;0.3;0.0;0.0;0.0;0.0;0.0;0.6;0.3;0.3;0.6,35.19,0.06,0.01,0.06,14.383,0.783,8740.0,10693.0,4,16,,,,,,,,,,,,,,,,,,,,,,,,,,,,,,,,,,,,,,,,,,,,,,,,,,,,,,,,,,,,,
25,21,,,,,,,100,100,65,19,220.1,2745,10801,35,0,7.0,0.9;15.5;1.2;2.6;0.9;0.0;17.0;60.2;2.6;2.7;22.4;37.9;1.2;0.3;0.0;0.0;0.9;0.0;0.0;0.3;0.3;0.3;0.6;0.3,35.21,0.06,0.01,0.05,14.383,0.783,13720.0,20898.0,4,16,,,,,,,,,,,,,,,,,,,,,,,,,,,,,,,,,,,,,,,,,,,,,,,,,,,,,,,,,,,,,
25,22,,,,,,,96,85,65,18,220.8,2745,10801,35,0,6.6,0.3;13.0;0.0;1.5;0.0;0.3;30.1;22.0;1.5;3.5;17.5;66.9;0.0;0.6;0.0;0.0;0.0;0.0;0.0;0.0;0.0;0.0;0.0;0.0,35.2,0.06,0.0,0.01,14.383,0.783,16064.0,10156.0,4,16,,,,,,,,,,,,,,,,,,,,,,,,,,,,,,,,,,,,,,,,,,,,,,,,,,,,,,,,,,,,,
25,23,,,,,,,96,91,65,19,220.4,2745,10801,35,0,7.5,2.1;17.3;0.9;2.9;0.6;1.2;53.8;21.7;5.3;3.2;32.6;33.6;0.6;0.0;0.0;0.0;0.9;0.0;0.0;0.0;0.3;1.5;0.3;0.3,35.2,0.06,0.05,0.18,14.383,0.783,16601.0,10156.0,4,16,,,,,,,,,,,,,,,,,,,,,,,,,,,,,,,,,,,,,,,,,,,,,,,,,,,,,,,,,,,,,
25,24,,,,,,,100,98,65,18,220.7,2745,10801,35,0,7.0,0.3;14.4;2.0;1.7;0.9;0.6;42.0;38.6;2.9;5.2;21.4;32.6;1.2;1.7;0.3;0.0;0.0;0.3;0.0;0.0;0.3;0.3;0.3;0.3,35.2,0.06,0.01,0.1,14.383,0.783,6103.0,16992.0,4,16,,,,,,,,,,,,,,,,,,,,,,,,,,,,,,,,,,,,,,,,,,,,,,,,,,,,,,,,,,,,,
25,25,,,,,,,96,88,66,19,220.5,2745,10801,35,0,6.6,0.6;10.1;0.6;2.1;0.6;0.0;17.9;34.4;2.1;2.6;16.8;67.2;0.6;0.0;0.0;0.0;0.0;0.3;0.0;0.0;0.6;0.6;0.0;0.3,35.2,0.06,0.02,0.06,14.383,0.783,12939.0,14843.0,4,16,,,,,,,,,,,,,,,,,,,,,,,,,,,,,,,,,,,,,,,,,,,,,,,,,,,,,,,,,,,,,
25,26,,,,,,,97,93,67,19,220.5,2745,10801,35,0,7.2,1.8;13.7;1.8;3.8;0.6;0.6;34.6;40.1;3.8;3.2;18.1;46.8;0.6;1.2;0.0;0.0;0.0;0.0;0.0;0.3;0.0;0.0;0.6;0.3,35.19,0.06,0.03,0.04,14.383,0.783,13037.0,15527.0,4,16,,,,,,,,,,,,,,,,,,,,,,,,,,,,,,,,,,,,,,,,,,,,,,,,,,,,,,,,,,,,,
25,27,,,,,,,100,98,66,18,220.3,2745,10801,35,0,7.1,0.3;10.1;1.5;1.5;0.6;0.6;10.3;81.5;2.7;3.8;22.9;26.4;0.6;0.3;0.0;0.0;0.6;0.0;0.0;0.0;0.3;2.6;1.2;1.2,35.21,0.06,0.0,0.02,14.383,0.783,25000.0,80468.0,4,16,,,,,,,,,,,,,,,,,,,,,,,,,,,,,,,,,,,,,,,,,,,,,,,,,,,,,,,,,,,,,
25,28,,,,,,,96,91,65,18,220.4,2745,10801,35,0,6.9,1.4;11.7;3.5;2.0;0.6;0.6;24.6;28.8;5.8;4.3;32.1;50.7;0.0;0.0;0.0;0.0;0.0;0.0;0.0;0.0;0.3;0.6;0.0;0.3,35.2,0.06,0.01,0.11,14.383,0.783,21826.0,51416.0,4,16,,,,,,,,,,,,,,,,,,,,,,,,,,,,,,,,,,,,,,,,,,,,,,,,,,,,,,,,,,,,,
25,29,,,,,,,96,92,66,16,219.7,2745,10801,35,0,8.0,0.6;12.0;2.6;1.5;0.0;0.3;32.7;49.9;5.3;6.1;31.2;42.8;0.9;0.6;0.3;0.0;0.6;0.6;0.0;0.6;1.5;0.9;0.0;0.0,35.2,0.06,0.01,0.04,14.383,0.783,31005.0,58886.0,4,16,,,,,,,,,,,,,,,,,,,,,,,,,,,,,,,,,,,,,,,,,,,,,,,,,,,,,,,,,,,,,
25,30,,,,,,,96,93,64,19,219.5,2745,10801,35,0,8.0,0.9;28.1;1.2;1.7;0.3;0.3;31.3;51.2;2.9;1.7;33.2;32.9;0.0;0.9;0.0;0.0;0.0;0.0;0.0;0.0;0.0;1.2;0.0;0.0,35.21,0.06,0.0,0.02,14.383,0.783,25781.0,241601.0,4,16,,,,,,,,,,,,,,,,,,,,,,,,,,,,,,,,,,,,,,,,,,,,,,,,,,,,,,,,,,,,,
25,31,,,,,,,98,93,66,18,218.0,2745,10801,35,0,7.2,0.9;13.1;3.3;2.1;1.2;1.5;28.0;30.5;3.2;3.2;21.8;58.3;0.3;0.3;0.0;0.3;0.0;0.3;0.0;0.3;1.8;1.2;0.9;0.3,35.17,0.06,0.04,0.11,14.383,0.783,4101.0,28564.0,4,16,,,,,,,,,,,,,,,,,,,,,,,,,,,,,,,,,,,,,,,,,,,,,,,,,,,,,,,,,,,,,
25,32,,,,,,,97,85,65,19,219.0,2745,10801,35,0,6.7,0.3;17.0;0.9;0.6;0.0;0.6;15.0;53.5;2.9;2.6;23.9;40.2;0.9;0.0;0.0;0.0;0.0;0.0;0.0;0.0;0.0;0.0;0.3;0.0,35.19,0.06,0.01,0.04,14.383,0.783,13818.0,19433.0,4,16,,,,,,,,,,,,,,,,,,,,,,,,,,,,,,,,,,,,,,,,,,,,,,,,,,,,,,,,,,,,,
25,33,,,,,,,98,95,65,19,217.8,2745,10801,35,0,7.0,1.2;13.5;1.2;1.5;0.3;1.2;22.8;56.6;3.2;4.1;27.8;28.5;1.2;0.6;0.3;0.0;0.3;0.6;0.0;0.0;0.3;0.6;1.5;0.3,35.2,0.06,0.0,0.01,14.383,0.783,3955.0,27685.0,4,16,,,,,,,,,,,,,,,,,,,,,,,,,,,,,,,,,,,,,,,,,,,,,,,,,,,,,,,,,,,,,
25,34,,,,,,,100,100,65,18,218.8,2745,10801,35,0,6.7,1.8;11.7;0.0;1.5;0.0;0.0;46.6;18.0;2.4;3.5;18.5;54.5;0.3;0.0;0.0;0.0;0.0;0.0;0.0;0.0;0.3;0.3;0.3;0.3,35.17,0.06,0.01,0.06,14.383,0.783,9716.0,232958.0,4,16,,,,,,,,,,,,,,,,,,,,,,,,,,,,,,,,,,,,,,,,,,,,,,,,,,,,,,,,,,,,,
25,35,,,,,,,100,98,65,17,219.3,2745,10801,35,0,6.7,0.9;11.9;0.6;0.9;0.6;0.0;31.2;30.3;2.1;2.9;25.3;49.6;1.7;0.9;0.0;0.0;0.3;0.0;0.0;0.0;0.0;0.6;0.3;0.0,35.19,0.06,0.0,0.01,14.383,0.783,3320.0,19140.0,4,16,,,,,,,,,,,,,,,,,,,,,,,,,,,,,,,,,,,,,,,,,,,,,,,,,,,,,,,,,,,,,
25,36,,,,,,,99,99,65,19,216.0,2745,10801,35,0,6.5,0.6;13.3;0.6;0.9;0.9;0.6;35.1;47.5;1.2;3.2;23.5;25.8;0.3;0.0;0.0;0.0;0.0;0.0;0.0;0.0;0.3;2.0;0.6;0.0,35.2,0.06,0.01,0.04,14.383,0.783,4199.0,27880.0,4,16,,,,,,,,,,,,,,,,,,,,,,,,,,,,,,,,,,,,,,,,,,,,,,,,,,,,,,,,,,,,,
25,37,,,,,,,100,100,65,19,219.8,2745,10801,35,0,6.6,0.3;13.2;1.2;1.5;0.0;0.3;21.5;39.6;2.9;2.9;19.4;54.5;0.6;0.6;0.0;0.0;0.0;0.0;0.0;0.0;0.0;0.0;0.0;0.0,35.19,0.06,0.01,0.06,14.383,0.783,3662.0,19384.0,4,16,,,,,,,,,,,,,,,,,,,,,,,,,,,,,,,,,,,,,,,,,,,,,,,,,,,,,,,,,,,,,
25,38,,,,,,,100,93,66,19,219.6,2745,10801,35,0,6.7,0.0;14.7;0.9;0.6;0.6;0.3;32.6;29.6;2.4;2.3;18.8;56.3;0.6;0.6;0.0;0.0;0.3;0.0;0.0;0.0;0.0;0.0;0.0;0.0,35.18,0.06,0.0,0.01,14.383,0.783,15869.0,10888.0,4,16,,,,,,,,,,,,,,,,,,,,,,,,,,,,,,,,,,,,,,,,,,,,,,,,,,,,,,,,,,,,,
25,39,,,,,,,97,90,65,17,221.1,2745,10801,35,0,6.1,1.2;15.4;0.9;0.9;0.3;0.3;18.9;48.4;2.1;2.4;21.8;29.7;0.3;0.3;0.0;0.0;0.3;0.0;0.3;0.3;0.0;0.3;0.6;0.3,35.18,0.06,0.01,0.05,14.383,0.783,4101.0,23828.0,4,16,,,,,,,,,,,,,,,,,,,,,,,,,,,,,,,,,,,,,,,,,,,,,,,,,,,,,,,,,,,,,
25,40,,,,,,,97,94,64,21,219.3,2745,10801,35,0,6.0,0.8;14.5;0.8;1.2;0.4;0.8;23.0;47.3;2.9;3.7;6.9;35.4;0.8;0.0;0.0;0.0;0.0;0.0;0.0;0.0;0.8;0.0;2.9;0.8,35.19,0.06,0.0,0.02,14.383,0.783,634.0,195.0,4,16,,,,,,,,,,,,,,,,,,,,,,,,,,,,,,,,,,,,,,,,,,,,,,,,,,,,,,,,,,,,,
25,summary,0.44329148883928193,0.9631931337863925,0.46466224307013315,0.9585603904026027,0.00096329,218.3,,,,,,,,,,,,,,,,,,,,,,75,97.67,100,76,93.9,100,64,65.33,67,16,18.65,22,188.6,218.77,221.4,2744.6,10801.0,35.0,0,6.0,8.13,50.4,35.17,35.22,35.37,63.16,0.06,0.06,0.06,16.0,0.0,0.01,0.1,0.01,0.8,4.67,10.734,13.6,14.383,14.38,14.383,15.992,0.783,0.78,0.783,634.0,11891.65,39550.0,195.0,46912.4,333984.0,4,4.0,4,16,16.0,16,4,16,166.4,40.05
26,1,,,,,,,70,70,65,20,189.0,2745,10801,35,0,50.3,66.0;64.9;88.9;88.3;88.3;86.3;98.5;97.7;88.9;90.1;97.5;97.2;50.7;57.0;1.9;1.8;11.7;12.0;0.6;1.0;4.7;5.3;2.6;2.6,35.37,0.06,0.01,0.03,14.383,0.783,12158.0,196972.0,4,16,,,,,,,,,,,,,,,,,,,,,,,,,,,,,,,,,,,,,,,,,,,,,,,,,,,,,,,,,,,,,
26,2,,,,,,,96,93,64,20,219.9,2745,10801,35,0,7.0,0.9;12.7;1.5;2.4;0.6;0.0;23.4;63.3;6.5;3.0;20.1;31.4;0.3;0.3;0.0;0.0;0.6;0.0;0.3;0.0;0.6;0.6;0.9;0.0,35.34,0.06,0.0,4.62,14.384,0.784,12597.0,10449.0,4,16,,,,,,,,,,,,,,,,,,,,,,,,,,,,,,,,,,,,,,,,,,,,,,,,,,,,,,,,,,,,,
26,3,,,,,,,96,91,65,18,219.0,2745,10801,35,0,7.1,0.0;13.4;2.0;1.8;0.6;0.6;21.1;33.3;6.2;2.6;24.9;60.4;0.3;0.3;0.3;0.0;0.3;0.0;0.0;0.3;0.0;0.3;0.6;0.0,35.33,0.06,0.01,3.82,14.384,0.784,26855.0,54980.0,4,16,,,,,,,,,,,,,,,,,,,,,,,,,,,,,,,,,,,,,,,,,,,,,,,,,,,,,,,,,,,,,
26,4,,,,,,,100,94,66,18,219.4,2745,10801,35,0,7.4,0.6;12.7;2.9;0.9;1.5;1.5;27.4;40.6;6.7;4.1;19.2;55.8;1.2;0.3;0.3;0.0;0.3;0.0;0.0;0.0;0.6;0.0;0.0;0.0,35.29,0.06,0.02,4.39,14.384,0.784,18603.0,69677.0,4,16,,,,,,,,,,,,,,,,,,,,,,,,,,,,,,,,,,,,,,,,,,,,,,,,,,,,,,,,,,,,,
26,5,,,,,,,100,95,65,21,219.4,2745,10801,35,0,7.4,0.6;16.0;2.3;1.2;1.2;1.4;31.5;58.2;5.2;4.0;28.0;26.3;0.3;0.3;0.0;0.0;0.0;0.0;0.0;0.0;0.0;0.0;0.3;0.0,35.27,0.06,0.0,3.37,14.384,0.784,20996.0,44824.0,4,16,,,,,,,,,,,,,,,,,,,,,,,,,,,,,,,,,,,,,,,,,,,,,,,,,,,,,,,,,,,,,
26,6,,,,,,,98,97,65,19,218.1,2745,10801,35,0,9.1,1.2;26.4;3.8;3.5;0.9;0.6;40.4;33.8;7.6;5.0;28.2;59.6;0.6;0.9;0.0;0.0;0.0;0.3;0.0;0.0;0.0;0.0;2.1;0.0,35.27,0.06,0.03,2.91,14.384,0.784,34912.0,73242.0,4,16,,,,,,,,,,,,,,,,,,,,,,,,,,,,,,,,,,,,,,,,,,,,,,,,,,,,,,,,,,,,,
26,7,,,,,,,100,94,65,20,218.3,2745,10801,35,0,7.2,0.9;15.9;0.9;1.5;0.9;0.6;33.6;39.2;4.1;2.6;18.1;47.4;0.6;0.3;0.3;0.0;0.0;0.0;0.3;0.0;1.2;2.9;0.0;0.0,35.25,0.06,0.01,2.31,14.384,0.784,3515.0,51367.0,4,16,,,,,,,,,,,,,,,,,,,,,,,,,,,,,,,,,,,,,,,,,,,,,,,,,,,,,,,,,,,,,
26,8,,,,,,,96,87,64,19,219.0,2745,10801,35,0,7.3,1.5;16.1;2.7;1.2;0.3;0.0;53.1;37.4;2.9;4.1;19.1;30.4;0.6;0.0;0.0;0.0;0.3;0.0;0.3;0.0;1.5;0.3;2.3;0.3,35.25,0.06,0.0,1.95,14.384,0.784,3466.0,23095.0,4,16,,,,,,,,,,,,,,,,,,,,,,,,,,,,,,,,,,,,,,,,,,,,,,,,,,,,,,,,,,,,,
26,9,,,,,,,92,40,63,21,212.3,2745,10801,35,0,6.6,1.2;12.5;0.9;0.9;0.3;0.6;32.1;24.6;3.5;3.5;31.2;44.2;0.3;0.0;0.3;0.0;0.0;0.0;0.3;0.0;0.9;0.0;0.3;0.3,35.25,0.06,0.0,1.5,14.384,0.784,4199.0,32080.0,4,16,,,,,,,,,,,,,,,,,,,,,,,,,,,,,,,,,,,,,,,,,,,,,,,,,,,,,,,,,,,,,
26,10,,,,,,,96,87,66,20,218.8,2745,10801,35,0,6.9,0.6;14.2;1.5;1.8;0.0;0.6;38.6;11.5;3.5;3.2;19.8;62.8;0.6;0.3;0.0;0.0;0.3;0.0;0.0;0.0;1.5;2.6;0.6;0.0,35.23,0.06,0.0,1.54,14.384,0.784,3906.0,14111.0,4,16,,,,,,,,,,,,,,,,,,,,,,,,,,,,,,,,,,,,,,,,,,,,,,,,,,,,,,,,,,,,,
26,11,,,,,,,96,90,66,19,219.0,2745,10801,35,0,7.0,0.6;16.3;1.5;1.8;1.2;0.6;59.4;18.2;1.8;4.7;21.4;36.9;0.6;0.0;0.0;0.3;0.0;0.6;0.0;0.0;0.0;0.0;1.5;1.2,35.2,0.06,0.0,3.52,14.384,0.784,3955.0,14990.0,4,16,,,,,,,,,,,,,,,,,,,,,,,,,,,,,,,,,,,,,,,,,,,,,,,,,,,,,,,,,,,,,
26,12,,,,,,,100,94,64,18,218.0,2745,10801,35,0,6.6,0.6;11.4;1.8;1.2;0.9;0.3;39.1;25.6;1.8;2.9;19.4;51.2;0.6;0.3;0.0;0.0;0.3;0.0;0.0;0.0;0.0;0.0;0.3;0.0,35.21,0.06,0.0,0.03,14.384,0.784,3955.0,14697.0,4,16,,,,,,,,,,,,,,,,,,,,,,,,,,,,,,,,,,,,,,,,,,,,,,,,,,,,,,,,,,,,,
26,13,,,,,,,100,94,64,21,219.4,2745,10801,35,0,7.1,2.0;17.3;0.6;1.2;0.6;0.3;38.8;22.7;4.1;3.8;20.3;51.9;0.6;1.2;0.0;0.6;0.6;0.0;0.0;0.3;1.2;0.9;0.9;0.6,35.21,0.06,0.0,0.03,14.384,0.784,152978.0,14794.0,4,16,,,,,,,,,,,,,,,,,,,,,,,,,,,,,,,,,,,,,,,,,,,,,,,,,,,,,,,,,,,,,
26,14,,,,,,,96,95,66,20,219.8,2745,10801,35,0,6.7,0.6;13.5;0.6;0.6;0.3;0.0;66.8;15.8;3.8;1.8;22.0;30.9;0.6;0.6;0.0;0.0;0.0;0.0;0.0;0.0;0.0;0.6;1.2;0.0,35.22,0.06,0.0,0.02,14.384,0.784,3906.0,19384.0,4,16,,,,,,,,,,,,,,,,,,,,,,,,,,,,,,,,,,,,,,,,,,,,,,,,,,,,,,,,,,,,,
26,15,,,,,,,100,95,64,20,219.9,2745,10801,35,0,7.3,0.3;20.1;2.1;2.1;1.5;0.3;37.1;28.2;6.5;4.1;40.1;28.0;1.2;0.3;0.0;0.0;0.0;0.3;0.0;0.0;0.3;0.6;0.3;0.0,35.21,0.06,0.0,0.05,14.384,0.784,4345.0,27880.0,4,16,,,,,,,,,,,,,,,,,,,,,,,,,,,,,,,,,,,,,,,,,,,,,,,,,,,,,,,,,,,,,
26,16,,,,,,,100,94,65,20,219.9,2745,10801,35,0,7.4,0.9;16.6;2.9;1.2;1.5;0.9;42.4;12.6;4.1;4.4;45.3;39.7;0.3;0.3;0.3;0.0;0.0;0.0;0.0;0.0;0.0;0.6;1.5;0.6,35.23,0.06,0.0,0.02,14.384,0.784,16015.0,13769.0,4,16,,,,,,,,,,,,,,,,,,,,,,,,,,,,,,,,,,,,,,,,,,,,,,,,,,,,,,,,,,,,,
26,17,,,,,,,100,95,64,21,220.4,2745,10801,35,0,7.4,1.7;15.5;2.6;2.0;1.4;0.6;52.4;26.0;4.6;4.6;24.8;37.4;0.3;0.3;1.2;0.0;0.0;0.0;0.0;0.0;0.0;0.6;0.0;0.6,35.22,0.06,0.0,0.02,14.384,0.784,12500.0,10156.0,4,16,,,,,,,,,,,,,,,,,,,,,,,,,,,,,,,,,,,,,,,,,,,,,,,,,,,,,,,,,,,,,
26,18,,,,,,,96,92,65,19,219.0,2745,10801,35,0,6.9,0.3;11.7;0.6;0.9;0.3;0.9;38.5;34.7;5.3;2.4;20.6;49.1;0.0;0.3;0.0;0.0;0.0;0.0;0.0;0.0;0.0;0.6;0.0;0.0,35.22,0.06,0.0,0.04,14.384,0.784,15869.0,9765.0,4,16,,,,,,,,,,,,,,,,,,,,,,,,,,,,,,,,,,,,,,,,,,,,,,,,,,,,,,,,,,,,,
26,19,,,,,,,100,95,65,20,220.5,2745,10801,35,0,7.1,0.6;14.8;0.9;1.5;0.9;0.0;34.8;28.0;4.7;2.7;24.7;55.6;0.0;0.0;0.6;0.0;0.0;0.0;0.0;0.0;0.0;0.6;0.0;0.0,35.22,0.06,0.0,0.01,14.384,0.784,5029.0,23925.0,4,16,,,,,,,,,,,,,,,,,,,,,,,,,,,,,,,,,,,,,,,,,,,,,,,,,,,,,,,,,,,,,
26,20,,,,,,,99,95,65,20,220.8,2745,10801,35,0,7.4,0.9;13.3;1.5;1.8;0.6;0.6;57.1;26.0;2.9;4.1;38.3;25.6;0.6;0.3;0.0;0.0;0.0;0.0;0.0;0.0;0.3;0.6;2.1;0.0,35.23,0.06,0.0,0.04,14.384,0.784,120996.0,15478.0,4,16,,,,,,,,,,,,,,,,,,,,,,,,,,,,,,,,,,,,,,,,,,,,,,,,,,,,,,,,,,,,,
26,21,,,,,,,90,11,64,22,212.0,2745,10801,35,0,7.0,0.6;14.2;0.9;1.7;0.9;0.0;51.3;24.8;3.7;3.2;25.6;38.2;0.3;0.3;0.0;0.0;0.0;0.0;0.0;0.0;0.3;0.6;0.6;0.0,35.2,0.06,0.0,0.03,14.384,0.784,4199.0,23437.0,4,16,,,,,,,,,,,,,,,,,,,,,,,,,,,,,,,,,,,,,,,,,,,,,,,,,,,,,,,,,,,,,
26,22,,,,,,,100,96,65,19,221.2,2745,10801,35,0,7.7,2.6;12.5;1.5;0.6;0.0;1.2;34.4;26.8;5.0;4.7;16.3;76.7;0.6;0.0;0.0;0.0;0.0;0.0;0.0;0.0;1.5;0.0;0.6;0.3,35.2,0.06,0.0,0.02,14.384,0.784,14062.0,11425.0,4,16,,,,,,,,,,,,,,,,,,,,,,,,,,,,,,,,,,,,,,,,,,,,,,,,,,,,,,,,,,,,,
26,23,,,,,,,97,87,66,19,221.3,2745,10801,35,0,8.3,1.8;15.0;2.3;1.5;1.7;1.5;61.1;34.3;1.8;8.2;46.8;21.2;0.0;0.3;0.0;0.3;0.0;0.3;0.3;0.0;0.0;0.6;0.3;0.0,35.21,0.06,0.0,0.02,14.384,0.784,6396.0,111523.0,4,16,,,,,,,,,,,,,,,,,,,,,,,,,,,,,,,,,,,,,,,,,,,,,,,,,,,,,,,,,,,,,
26,24,,,,,,,100,100,65,19,220.2,2745,10801,35,0,7.7,0.6;26.8;1.8;1.5;1.2;0.9;52.8;19.4;2.1;5.3;37.2;29.2;0.3;0.9;0.0;0.0;0.0;0.9;0.0;0.0;0.3;0.0;0.3;0.0,35.2,0.06,0.0,0.03,14.384,0.784,16308.0,9912.0,4,16,,,,,,,,,,,,,,,,,,,,,,,,,,,,,,,,,,,,,,,,,,,,,,,,,,,,,,,,,,,,,
26,25,,,,,,,100,93,64,20,219.9,2745,10801,35,0,6.4,1.2;13.4;0.6;0.6;0.3;0.3;24.9;16.8;1.7;3.2;16.2;74.0;0.3;0.0;0.0;0.0;0.0;0.0;0.0;0.0;0.0;0.0;0.6;0.0,35.19,0.06,0.0,0.03,14.384,0.784,5126.0,46289.0,4,16,,,,,,,,,,,,,,,,,,,,,,,,,,,,,,,,,,,,,,,,,,,,,,,,,,,,,,,,,,,,,
26,26,,,,,,,96,94,66,18,220.1,2745,10801,35,0,7.0,1.5;11.9;2.1;1.5;0.3;0.6;49.3;20.8;2.4;4.7;48.2;18.9;0.6;0.3;0.3;0.0;0.0;0.0;0.0;0.0;0.6;1.2;1.8;0.0,35.2,0.06,0.0,0.02,14.384,0.784,3808.0,15722.0,4,16,,,,,,,,,,,,,,,,,,,,,,,,,,,,,,,,,,,,,,,,,,,,,,,,,,,,,,,,,,,,,
26,27,,,,,,,100,94,64,19,220.7,2745,10801,35,0,7.4,1.8;16.3;2.1;1.8;1.5;0.6;58.8;19.1;4.7;3.8;25.9;37.8;0.0;0.6;0.0;0.0;0.0;0.3;0.0;0.0;0.6;0.0;1.8;0.3,35.19,0.06,0.0,0.03,14.384,0.784,26171.0,67968.0,4,16,,,,,,,,,,,,,,,,,,,,,,,,,,,,,,,,,,,,,,,,,,,,,,,,,,,,,,,,,,,,,
26,28,,,,,,,99,94,65,19,219.9,2745,10801,35,0,6.5,0.9;10.3;0.6;0.0;0.3;0.3;25.5;18.8;0.9;3.5;61.2;30.5;0.9;0.6;0.0;0.0;0.0;0.0;0.0;0.3;0.3;0.3;0.9;0.3,35.2,0.06,0.0,0.03,14.384,0.784,25390.0,54345.0,4,16,,,,,,,,,,,,,,,,,,,,,,,,,,,,,,,,,,,,,,,,,,,,,,,,,,,,,,,,,,,,,
26,29,,,,,,,100,94,65,20,220.3,2745,10801,35,0,7.5,0.9;13.5;1.2;0.9;0.9;0.9;32.6;35.0;3.2;3.5;52.6;31.2;0.3;0.6;0.0;0.0;0.0;0.0;1.2;0.0;0.0;0.0;0.3;0.0,35.21,0.06,0.32,1.69,14.384,0.784,29052.0,64062.0,4,16,,,,,,,,,,,,,,,,,,,,,,,,,,,,,,,,,,,,,,,,,,,,,,,,,,,,,,,,,,,,,
26,30,,,,,,,98,92,64,17,218.2,2745,10801,35,0,6.8,0.3;15.7;1.5;0.6;0.9;1.5;52.8;26.4;1.2;3.5;34.3;22.0;0.9;0.0;0.0;0.3;0.3;0.3;0.0;0.0;0.0;0.3;0.0;0.0,35.2,0.06,0.43,1.08,14.384,0.784,33740.0,58398.0,4,16,,,,,,,,,,,,,,,,,,,,,,,,,,,,,,,,,,,,,,,,,,,,,,,,,,,,,,,,,,,,,
26,31,,,,,,,100,94,65,19,219.6,2745,10801,35,0,6.5,0.3;14.8;0.3;0.6;0.6;0.6;33.9;21.8;1.8;2.7;42.6;33.6;0.6;0.3;0.0;0.0;0.0;0.0;0.0;0.0;0.3;0.6;0.6;0.0,35.2,0.06,0.24,0.6,14.384,0.784,9716.0,14892.0,4,16,,,,,,,,,,,,,,,,,,,,,,,,,,,,,,,,,,,,,,,,,,,,,,,,,,,,,,,,,,,,,
26,32,,,,,,,96,84,65,19,219.4,2745,10801,35,0,7.7,2.0;15.5;0.9;2.1;0.6;0.0;40.5;21.1;4.1;3.2;44.6;41.9;0.9;0.0;0.0;0.0;0.0;0.0;0.0;0.0;2.0;0.6;2.9;0.3,35.21,0.06,0.17,0.39,14.384,0.784,15771.0,15771.0,4,16,,,,,,,,,,,,,,,,,,,,,,,,,,,,,,,,,,,,,,,,,,,,,,,,,,,,,,,,,,,,,
26,33,,,,,,,92,44,63,21,209.8,2745,10801,35,0,7.2,0.9;12.5;1.4;2.0;1.4;0.9;52.2;27.5;5.2;6.1;25.8;33.0;0.6;0.6;0.0;0.0;0.0;0.0;0.0;0.0;0.0;0.3;1.2;0.3,35.2,0.06,0.06,0.17,14.384,0.784,3662.0,261962.0,4,16,,,,,,,,,,,,,,,,,,,,,,,,,,,,,,,,,,,,,,,,,,,,,,,,,,,,,,,,,,,,,
26,34,,,,,,,100,100,66,19,219.0,2745,10801,35,0,7.1,0.0;14.3;1.5;1.8;0.3;0.0;30.1;28.0;4.1;2.9;44.0;41.6;0.6;0.3;0.0;0.0;0.0;0.0;0.0;0.0;0.0;1.8;0.0;0.0,35.18,0.06,0.0,0.03,14.384,0.784,3808.0,15771.0,4,16,,,,,,,,,,,,,,,,,,,,,,,,,,,,,,,,,,,,,,,,,,,,,,,,,,,,,,,,,,,,,
26,35,,,,,,,100,94,66,19,219.8,2745,10801,35,0,8.1,2.1;9.8;2.9;2.9;3.2;2.0;43.4;26.7;7.0;7.3;37.5;42.8;0.9;0.6;0.0;0.0;0.0;0.3;0.0;0.0;1.5;0.0;2.1;0.0,35.23,0.06,0.26,1.89,14.384,0.784,10107.0,14453.0,4,16,,,,,,,,,,,,,,,,,,,,,,,,,,,,,,,,,,,,,,,,,,,,,,,,,,,,,,,,,,,,,
26,36,,,,,,,96,94,64,18,219.3,2745,10801,35,0,7.4,0.9;13.7;2.6;3.2;0.6;0.6;19.1;71.6;4.7;5.6;13.5;38.5;0.3;0.6;0.0;0.0;0.0;0.0;0.0;0.0;0.0;1.2;1.8;0.0,35.23,0.06,0.14,0.39,14.384,0.784,9375.0,19628.0,4,16,,,,,,,,,,,,,,,,,,,,,,,,,,,,,,,,,,,,,,,,,,,,,,,,,,,,,,,,,,,,,
26,37,,,,,,,96,93,65,19,219.5,2745,10801,35,0,8.2,2.3;13.2;3.8;3.2;0.9;2.6;42.1;28.8;4.9;5.8;24.9;55.0;0.3;0.6;0.3;0.0;0.6;0.0;0.3;0.0;1.2;0.3;2.9;1.4,35.22,0.06,0.09,0.22,14.384,0.784,13476.0,10791.0,4,16,,,,,,,,,,,,,,,,,,,,,,,,,,,,,,,,,,,,,,,,,,,,,,,,,,,,,,,,,,,,,
26,38,,,,,,,100,95,66,17,220.4,2745,10801,35,0,7.4,0.0;14.8;1.8;1.2;0.3;0.6;41.3;25.9;2.9;3.2;31.1;51.8;0.9;0.6;0.0;0.0;0.3;0.0;0.0;0.0;0.0;0.0;0.0;0.0,35.2,0.06,0.0,0.02,14.384,0.784,7421.0,15332.0,4,16,,,,,,,,,,,,,,,,,,,,,,,,,,,,,,,,,,,,,,,,,,,,,,,,,,,,,,,,,,,,,
26,39,,,,,,,97,93,65,19,219.9,2745,10801,35,0,6.6,1.8;11.4;1.8;1.2;0.3;0.0;14.7;65.3;4.7;2.4;16.2;34.5;0.3;0.0;0.0;0.0;0.0;0.0;0.0;0.3;0.9;0.9;0.6;0.6,35.22,0.06,0.0,0.03,14.384,0.784,14550.0,15820.0,4,16,,,,,,,,,,,,,,,,,,,,,,,,,,,,,,,,,,,,,,,,,,,,,,,,,,,,,,,,,,,,,
26,40,,,,,,,98,96,65,18,218.0,2745,10801,35,0,6.6,0.0;11.9;1.7;2.6;0.9;0.9;27.0;34.2;2.6;8.7;22.6;45.7;0.4;0.0;0.0;0.0;0.0;0.0;0.0;0.0;0.4;0.0;0.0;0.0,35.21,0.06,0.0,0.04,14.384,0.784,5175.0,197460.0,4,16,,,,,,,,,,,,,,,,,,,,,,,,,,,,,,,,,,,,,,,,,,,,,,,,,,,,,,,,,,,,,
26,summary,0.44082609238232356,0.9641834530567137,0.46200845753967207,0.960390402602684,0.00096027,218.2,,,,,,,,,,,,,,,,,,,,,,70,97.15,100,11,88.22,100,63,64.85,66,17,19.35,22,189.0,218.21,221.3,2745.0,10801.0,35.0,0,6.4,8.31,50.3,35.18,35.23,35.37,63.16,0.06,0.06,0.06,16.0,0.0,0.04,0.43,0.01,0.92,4.62,10.733,13.6,14.383,14.38,14.384,15.992,0.783,0.78,0.784,3466.0,18451.7,152978.0,9765.0,44514.9,261962.0,4,4.0,4,16,16.0,16,4,16,166.16,40.22
27,1,,,,,,,7,3,60,27,177.7,2745,10801,35,0,51.0,67.5;77.8;88.2;89.2;88.2;86.8;98.5;97.7;87.2;90.3;98.1;98.4;45.8;51.1;1.4;1.3;13.7;15.0;1.5;0.6;6.1;7.2;3.3;5.2,35.39,0.06,0.09,0.27,14.384,0.784,16064.0,197314.0,4,16,,,,,,,,,,,,,,,,,,,,,,,,,,,,,,,,,,,,,,,,,,,,,,,,,,,,,,,,,,,,,
27,2,,,,,,,100,93,66,19,219.7,2745,10801,35,0,6.7,0.3;14.8;0.6;0.9;0.3;0.0;61.7;19.8;1.5;3.8;14.4;41.0;0.3;0.0;0.0;0.0;0.3;0.0;0.0;0.0;0.3;0.6;0.6;0.0,35.36,0.06,0.0,4.61,14.384,0.784,3857.0,25878.0,4,16,,,,,,,,,,,,,,,,,,,,,,,,,,,,,,,,,,,,,,,,,,,,,,,,,,,,,,,,,,,,,
27,3,,,,,,,97,90,64,18,218.0,2745,10801,35,0,6.4,0.3;13.6;0.9;1.2;1.2;0.0;22.0;22.0;1.7;2.3;24.6;62.6;0.0;0.0;0.0;0.0;0.0;0.0;0.0;0.0;0.0;0.0;0.0;0.0,35.34,0.06,0.0,4.87,14.384,0.784,28808.0,62744.0,4,16,,,,,,,,,,,,,,,,,,,,,,,,,,,,,,,,,,,,,,,,,,,,,,,,,,,,,,,,,,,,,
27,4,,,,,,,100,93,66,19,218.7,2745,10801,35,0,6.8,0.6;15.4;0.6;1.8;0.9;0.0;53.5;13.7;0.9;4.4;23.9;44.0;0.3;0.3;0.0;0.0;0.3;0.0;0.0;0.0;0.0;0.0;0.6;0.0,35.32,0.06,0.0,3.22,14.384,0.784,20703.0,50146.0,4,16,,,,,,,,,,,,,,,,,,,,,,,,,,,,,,,,,,,,,,,,,,,,,,,,,,,,,,,,,,,,,
27,5,,,,,,,100,93,65,19,219.3,2745,10801,35,0,6.8,0.3;11.9;1.8;1.5;0.3;0.9;53.2;35.1;3.2;5.9;7.4;35.7;0.6;0.3;0.0;0.0;0.9;0.0;0.0;0.0;0.3;2.6;0.9;0.0,35.3,0.06,0.0,3.42,14.384,0.784,32958.0,63818.0,4,16,,,,,,,,,,,,,,,,,,,,,,,,,,,,,,,,,,,,,,,,,,,,,,,,,,,,,,,,,,,,,
27,6,,,,,,,97,91,64,20,218.9,2745,10801,35,0,7.4,1.2;17.3;2.3;2.1;1.5;1.5;29.8;30.8;4.4;3.5;20.5;59.4;0.3;0.3;0.0;0.0;0.0;0.0;0.0;0.0;0.6;0.9;1.2;0.0,35.29,0.06,0.01,2.93,14.384,0.784,90966.0,155078.0,4,16,,,,,,,,,,,,,,,,,,,,,,,,,,,,,,,,,,,,,,,,,,,,,,,,,,,,,,,,,,,,,
27,7,,,,,,,100,94,65,20,218.6,2745,10801,35,0,7.3,1.7;19.7;1.7;0.9;1.2;0.9;36.7;34.3;2.9;4.0;14.7;51.7;0.0;0.0;0.0;0.0;0.0;0.3;0.0;0.0;1.5;0.6;0.0;0.0,35.27,0.06,0.0,2.23,14.384,0.784,13671.0,24511.0,4,16,,,,,,,,,,,,,,,,,,,,,,,,,,,,,,,,,,,,,,,,,,,,,,,,,,,,,,,,,,,,,
27,8,,,,,,,98,89,65,19,218.9,2745,10801,35,0,6.6,1.2;11.7;2.1;2.7;0.3;0.9;48.1;29.8;2.6;3.2;20.2;35.1;0.0;0.0;0.3;0.0;0.0;0.0;0.0;0.6;0.0;0.0;0.0;0.0,35.26,0.06,0.02,1.97,14.384,0.784,4150.0,28417.0,4,16,,,,,,,,,,,,,,,,,,,,,,,,,,,,,,,,,,,,,,,,,,,,,,,,,,,,,,,,,,,,,
27,9,,,,,,,98,92,65,18,218.0,2745,10801,35,0,6.6,0.6;13.7;0.6;2.1;0.3;0.0;29.8;29.5;1.8;3.8;32.2;43.1;0.0;0.3;0.0;0.0;0.0;0.0;0.0;0.0;0.0;0.6;0.6;0.0,35.27,0.06,0.0,1.54,14.384,0.784,3955.0,23876.0,4,16,,,,,,,,,,,,,,,,,,,,,,,,,,,,,,,,,,,,,,,,,,,,,,,,,,,,,,,,,,,,,
27,10,,,,,,,100,100,66,19,218.2,2745,10801,35,0,6.7,0.9;12.4;2.0;0.6;0.0;0.6;44.3;20.0;1.8;2.1;25.6;47.6;0.6;0.6;0.0;0.0;0.3;0.0;0.0;0.0;0.6;0.6;0.0;0.0,35.25,0.06,0.05,1.58,14.384,0.784,4052.0,26074.0,4,16,,,,,,,,,,,,,,,,,,,,,,,,,,,,,,,,,,,,,,,,,,,,,,,,,,,,,,,,,,,,,
27,11,,,,,,,96,86,65,19,220.6,2745,10801,35,0,7.2,1.7;19.3;1.7;1.2;0.3;0.9;64.7;20.5;1.4;2.6;27.6;24.6;0.3;0.3;0.3;0.3;0.3;0.0;0.3;0.3;0.0;0.3;1.4;0.9,35.21,0.06,0.02,3.5,14.384,0.784,4052.0,17578.0,4,16,,,,,,,,,,,,,,,,,,,,,,,,,,,,,,,,,,,,,,,,,,,,,,,,,,,,,,,,,,,,,
27,12,,,,,,,100,100,66,19,218.9,2745,10801,35,0,7.3,2.1;14.9;1.8;1.2;0.6;0.6;39.2;26.3;5.5;2.6;26.6;50.0;0.9;0.3;0.0;0.0;0.0;0.0;0.0;0.0;0.9;1.5;0.0;0.0,35.24,0.06,0.0,0.05,14.384,0.784,4003.0,22851.0,4,16,,,,,,,,,,,,,,,,,,,,,,,,,,,,,,,,,,,,,,,,,,,,,,,,,,,,,,,,,,,,,
27,13,,,,,,,100,100,65,18,219.8,2745,10801,35,0,7.0,0.6;15.0;0.9;1.8;0.6;0.3;33.2;24.9;1.8;5.0;24.1;57.6;0.3;0.3;0.0;0.0;0.3;0.0;0.0;0.0;0.0;0.3;0.9;0.0,35.23,0.06,0.0,0.01,14.384,0.784,16162.0,11279.0,4,16,,,,,,,,,,,,,,,,,,,,,,,,,,,,,,,,,,,,,,,,,,,,,,,,,,,,,,,,,,,,,
27,14,,,,,,,100,95,64,18,220.6,2745,10801,35,0,7.3,1.2;11.2;2.4;2.4;1.8;0.9;45.9;39.6;2.4;5.3;23.8;33.7;0.9;0.3;0.0;0.0;0.3;0.3;0.0;0.0;0.6;0.6;0.9;0.0,35.23,0.06,0.0,0.02,14.384,0.784,3955.0,29345.0,4,16,,,,,,,,,,,,,,,,,,,,,,,,,,,,,,,,,,,,,,,,,,,,,,,,,,,,,,,,,,,,,
27,15,,,,,,,100,100,64,19,220.4,2745,10801,35,0,7.0,1.4;14.3;0.6;0.6;0.9;0.6;22.6;44.1;4.6;3.5;20.6;49.0;0.3;0.3;0.6;0.6;0.0;0.3;0.0;0.0;0.0;0.0;1.7;0.3,35.23,0.06,0.0,0.04,14.384,0.784,3955.0,20068.0,4,16,,,,,,,,,,,,,,,,,,,,,,,,,,,,,,,,,,,,,,,,,,,,,,,,,,,,,,,,,,,,,
27,16,,,,,,,100,98,67,20,220.5,2745,10801,35,0,7.8,1.2;14.8;1.5;0.6;0.0;1.5;28.8;35.4;4.1;3.8;35.6;56.8;0.9;0.6;0.0;0.3;0.0;0.0;0.0;0.3;0.3;0.0;0.0;0.0,35.22,0.06,0.0,0.01,14.384,0.784,5566.0,13378.0,4,16,,,,,,,,,,,,,,,,,,,,,,,,,,,,,,,,,,,,,,,,,,,,,,,,,,,,,,,,,,,,,
27,17,,,,,,,100,94,64,19,220.4,2745,10801,35,0,9.0,1.2;27.6;2.3;1.5;0.9;1.8;45.9;50.3;4.7;5.0;25.4;43.5;0.3;0.3;0.0;0.0;0.0;0.0;0.0;0.0;0.0;0.0;1.2;0.9,35.22,0.06,0.0,0.04,14.384,0.784,3417.0,57226.0,4,16,,,,,,,,,,,,,,,,,,,,,,,,,,,,,,,,,,,,,,,,,,,,,,,,,,,,,,,,,,,,,
27,18,,,,,,,96,92,66,18,220.5,2745,10801,35,0,6.8,0.6;17.0;1.5;1.2;0.3;0.0;36.8;28.9;3.5;2.1;17.6;50.0;0.9;0.6;0.0;0.0;0.3;0.0;0.0;0.0;0.6;0.0;0.0;0.0,35.22,0.06,0.0,0.02,14.384,0.784,3808.0,16650.0,4,16,,,,,,,,,,,,,,,,,,,,,,,,,,,,,,,,,,,,,,,,,,,,,,,,,,,,,,,,,,,,,
27,19,,,,,,,100,93,64,19,220.4,2745,10801,35,0,6.8,0.3;17.5;0.9;0.9;1.4;0.3;30.9;18.7;1.7;3.5;15.3;67.9;0.6;1.1;0.0;0.0;0.3;0.0;0.0;0.0;0.0;0.3;0.3;0.0,35.19,0.06,0.0,0.02,14.384,0.784,95166.0,78173.0,4,16,,,,,,,,,,,,,,,,,,,,,,,,,,,,,,,,,,,,,,,,,,,,,,,,,,,,,,,,,,,,,
27,20,,,,,,,100,92,64,17,220.2,2745,10801,35,0,6.9,0.6;15.0;0.9;1.5;0.6;0.9;29.1;52.2;1.8;4.1;15.3;40.1;0.3;0.6;0.0;0.0;0.0;0.0;0.0;0.0;0.0;1.5;0.0;0.3,35.21,0.06,0.0,0.03,14.384,0.784,3759.0,15917.0,4,16,,,,,,,,,,,,,,,,,,,,,,,,,,,,,,,,,,,,,,,,,,,,,,,,,,,,,,,,,,,,,
27,21,,,,,,,97,93,66,18,220.2,2745,10801,35,0,6.8,0.3;12.0;1.2;2.4;0.9;1.2;19.2;50.7;3.2;3.8;16.9;47.0;0.3;0.9;0.0;0.3;0.0;0.0;0.0;0.0;0.3;0.0;0.3;1.2,35.21,0.06,0.0,0.07,14.384,0.784,3955.0,17285.0,4,16,,,,,,,,,,,,,,,,,,,,,,,,,,,,,,,,,,,,,,,,,,,,,,,,,,,,,,,,,,,,,
27,22,,,,,,,96,91,65,19,219.9,2745,10801,35,0,6.7,0.3;11.9;0.3;1.2;0.0;0.9;38.4;21.8;1.5;2.7;25.4;55.0;0.0;0.0;0.0;0.0;0.0;0.0;0.0;0.0;0.0;0.9;1.2;0.0,35.22,0.06,0.0,0.03,14.384,0.784,4052.0,20849.0,4,16,,,,,,,,,,,,,,,,,,,,,,,,,,,,,,,,,,,,,,,,,,,,,,,,,,,,,,,,,,,,,
27,23,,,,,,,100,95,65,20,221.2,2745,10801,35,0,6.3,0.3;13.5;1.2;0.6;0.9;0.9;53.2;14.2;1.7;2.3;17.6;43.6;0.9;0.0;0.0;0.0;0.0;0.0;0.0;0.0;0.0;0.6;0.0;0.0,35.21,0.06,0.0,0.02,14.384,0.784,4101.0,16406.0,4,16,,,,,,,,,,,,,,,,,,,,,,,,,,,,,,,,,,,,,,,,,,,,,,,,,,,,,,,,,,,,,
27,24,,,,,,,97,93,66,17,220.2,2745,10801,35,0,6.6,0.9;12.2;0.3;0.9;0.3;0.0;45.5;27.9;2.6;4.1;33.0;28.2;0.3;0.3;0.0;0.0;0.0;0.3;0.0;0.0;0.3;0.6;0.0;0.0,35.21,0.06,0.0,0.04,14.384,0.784,10839.0,81445.0,4,16,,,,,,,,,,,,,,,,,,,,,,,,,,,,,,,,,,,,,,,,,,,,,,,,,,,,,,,,,,,,,
27,25,,,,,,,100,100,66,18,220.3,2745,10801,35,0,6.9,1.2;10.8;1.8;1.2;0.6;0.9;26.1;27.0;2.6;4.1;52.8;31.3;0.3;0.6;0.3;0.0;0.0;0.0;0.0;0.0;1.2;2.6;0.0;0.6,35.2,0.06,0.02,0.07,14.384,0.784,3759.0,22412.0,4,16,,,,,,,,,,,,,,,,,,,,,,,,,,,,,,,,,,,,,,,,,,,,,,,,,,,,,,,,,,,,,
27,26,,,,,,,100,97,65,19,220.1,2745,10801,35,0,7.2,0.9;16.8;0.9;1.8;1.2;1.2;40.3;27.1;2.9;3.5;24.8;47.9;0.6;0.6;0.0;0.0;0.0;0.3;0.0;0.0;0.6;0.3;0.9;0.3,35.22,0.06,0.0,0.02,14.384,0.784,9082.0,238525.0,4,16,,,,,,,,,,,,,,,,,,,,,,,,,,,,,,,,,,,,,,,,,,,,,,,,,,,,,,,,,,,,,
27,27,,,,,,,100,100,66,19,219.7,2745,10801,35,0,6.5,0.3;12.8;0.6;0.9;0.6;0.6;56.5;16.2;1.2;2.3;39.0;22.0;0.6;0.3;0.0;0.0;0.0;0.0;0.0;0.0;0.0;0.0;0.6;0.0,35.21,0.06,0.0,0.03,14.384,0.784,21875.0,47900.0,4,16,,,,,,,,,,,,,,,,,,,,,,,,,,,,,,,,,,,,,,,,,,,,,,,,,,,,,,,,,,,,,
27,28,,,,,,,100,99,66,18,219.4,2745,10801,35,0,6.4,0.3;11.1;1.2;1.5;0.6;0.3;36.1;15.0;2.1;3.5;54.7;25.0;0.6;0.6;0.0;0.0;0.0;0.0;0.0;0.0;0.0;0.0;0.0;0.0,35.2,0.06,0.02,0.08,14.384,0.784,40527.0,63330.0,4,16,,,,,,,,,,,,,,,,,,,,,,,,,,,,,,,,,,,,,,,,,,,,,,,,,,,,,,,,,,,,,
27,29,,,,,,,100,92,65,19,219.5,2745,10801,35,0,6.6,0.6;11.4;1.8;1.2;1.2;0.6;43.5;24.9;2.9;0.6;31.9;36.4;0.6;0.0;0.0;0.0;0.0;0.0;0.0;0.0;0.0;0.0;0.0;0.0,35.23,0.06,0.0,0.02,14.384,0.784,41552.0,59423.0,4,16,,,,,,,,,,,,,,,,,,,,,,,,,,,,,,,,,,,,,,,,,,,,,,,,,,,,,,,,,,,,,
27,30,,,,,,,96,92,66,20,219.5,2745,10801,35,0,7.0,0.9;10.1;1.2;0.6;0.6;0.9;60.6;19.1;4.1;5.3;20.5;40.2;0.9;0.6;0.0;0.0;0.0;0.0;0.0;0.0;1.2;0.6;0.0;0.3,35.22,0.06,0.0,0.04,14.384,0.784,18505.0,55468.0,4,16,,,,,,,,,,,,,,,,,,,,,,,,,,,,,,,,,,,,,,,,,,,,,,,,,,,,,,,,,,,,,
27,31,,,,,,,100,93,64,19,219.2,2745,10801,35,0,6.6,0.0;11.4;1.2;0.9;0.9;0.3;36.3;16.1;2.6;2.6;17.9;65.1;0.0;0.3;0.0;0.0;0.3;0.0;0.0;0.0;0.3;1.4;0.0;0.3,35.21,0.06,0.01,0.07,14.384,0.784,3466.0,113134.0,4,16,,,,,,,,,,,,,,,,,,,,,,,,,,,,,,,,,,,,,,,,,,,,,,,,,,,,,,,,,,,,,
27,32,,,,,,,100,95,66,19,218.7,2745,10801,35,0,7.1,0.6;11.4;2.7;1.5;0.0;0.9;53.1;19.6;3.8;2.9;30.4;37.8;0.9;1.2;0.3;0.0;0.0;0.0;0.0;0.0;0.3;0.6;0.9;0.9,35.23,0.06,0.0,0.03,14.384,0.784,3955.0,13720.0,4,16,,,,,,,,,,,,,,,,,,,,,,,,,,,,,,,,,,,,,,,,,,,,,,,,,,,,,,,,,,,,,
27,33,,,,,,,97,90,65,19,217.9,2745,10801,35,0,7.6,1.5;15.0;1.5;2.6;0.6;1.5;57.2;28.4;4.1;2.9;28.4;33.4;0.3;0.6;0.0;0.0;0.6;0.3;0.0;0.0;0.9;0.3;1.2;1.2,35.23,0.06,0.0,0.04,14.384,0.784,16552.0,46386.0,4,16,,,,,,,,,,,,,,,,,,,,,,,,,,,,,,,,,,,,,,,,,,,,,,,,,,,,,,,,,,,,,
27,34,,,,,,,100,100,66,18,217.6,2745,10801,35,0,8.4,1.5;10.9;2.1;2.1;0.3;0.3;37.8;35.4;7.6;6.7;43.3;47.9;0.3;0.6;0.3;0.0;0.3;0.0;0.0;0.0;0.3;0.3;0.9;0.9,35.22,0.06,0.0,0.03,14.384,0.784,16162.0,11230.0,4,16,,,,,,,,,,,,,,,,,,,,,,,,,,,,,,,,,,,,,,,,,,,,,,,,,,,,,,,,,,,,,
27,35,,,,,,,96,85,65,18,219.9,2745,10801,35,0,7.6,1.2;29.1;2.0;0.9;0.9;0.3;36.9;22.5;3.8;2.9;36.3;41.6;0.3;0.0;0.0;0.0;0.0;0.0;0.0;0.6;0.0;0.6;0.6;0.0,35.21,0.06,0.0,0.02,14.384,0.784,4345.0,28173.0,4,16,,,,,,,,,,,,,,,,,,,,,,,,,,,,,,,,,,,,,,,,,,,,,,,,,,,,,,,,,,,,,
27,36,,,,,,,99,100,66,18,218.8,2745,10801,35,0,6.7,0.6;12.5;3.2;0.3;0.3;0.9;57.9;23.5;4.4;2.9;44.1;8.8;0.6;0.3;0.0;0.0;0.0;0.0;0.0;0.0;0.0;0.0;0.3;0.0,35.22,0.06,0.03,0.1,14.384,0.784,4394.0,30371.0,4,16,,,,,,,,,,,,,,,,,,,,,,,,,,,,,,,,,,,,,,,,,,,,,,,,,,,,,,,,,,,,,
27,37,,,,,,,100,100,64,18,219.1,2745,10801,35,0,6.7,0.0;15.8;0.6;0.0;0.0;0.6;40.6;19.7;4.7;1.5;25.9;48.2;0.6;0.3;0.0;0.0;0.0;0.0;0.0;0.0;0.0;0.6;1.2;0.0,35.22,0.06,0.0,0.03,14.384,0.784,4150.0,14843.0,4,16,,,,,,,,,,,,,,,,,,,,,,,,,,,,,,,,,,,,,,,,,,,,,,,,,,,,,,,,,,,,,
27,38,,,,,,,100,97,65,19,220.1,2745,10801,35,0,7.2,1.8;14.0;2.6;1.5;0.6;0.3;39.1;13.8;4.1;1.8;28.5;56.0;0.3;0.9;0.3;1.2;0.3;0.3;0.3;0.3;0.3;0.9;1.8;0.6,35.21,0.06,0.0,0.01,14.384,0.784,6738.0,11328.0,4,16,,,,,,,,,,,,,,,,,,,,,,,,,,,,,,,,,,,,,,,,,,,,,,,,,,,,,,,,,,,,,
27,39,,,,,,,100,100,65,17,219.8,2745,10801,35,0,6.0,1.4;12.5;1.5;1.2;0.9;0.0;17.3;55.5;3.2;2.0;32.8;11.9;0.3;0.0;0.0;0.0;0.0;0.0;0.0;0.3;0.6;0.6;1.4;0.6,35.21,0.06,0.0,0.03,14.384,0.784,36083.0,127099.0,4,16,,,,,,,,,,,,,,,,,,,,,,,,,,,,,,,,,,,,,,,,,,,,,,,,,,,,,,,,,,,,,
27,40,,,,,,,100,96,64,18,218.2,2745,10801,35,0,5.9,0.4;12.6;0.9;1.7;0.9;0.0;5.6;34.6;3.5;1.3;6.5;68.8;0.0;0.0;0.0;0.0;0.0;0.0;0.0;0.0;0.0;2.1;0.0;0.4,35.21,0.06,0.0,0.06,14.384,0.784,14208.0,198095.0,4,16,,,,,,,,,,,,,,,,,,,,,,,,,,,,,,,,,,,,,,,,,,,,,,,,,,,,,,,,,,,,,
27,summary,0.4405607687461057,0.9646570840120847,0.47191131467885145,0.9534770231801545,0.00095714,218.3,,,,,,,,,,,,,,,,,,,,,,7,96.67,100,3,92.4,100,60,65.03,67,17,18.85,27,177.7,218.44,221.2,2745.0,10801.0,35.0,0,5.9,8.05,51.0,35.19,35.24,35.39,63.16,0.06,0.06,0.06,16.0,0.0,0.01,0.09,0.01,0.78,4.87,10.733,13.6,14.384,14.38,14.384,15.992,0.784,0.78,0.784,3417.0,15783.17,95166.0,11230.0,53943.57,238525.0,4,4.0,4,16,16.0,16,4,16,166.25,40.18
28,1,,,,,,,39,39,59,25,173.1,2745,10801,35,0,50.4,70.4;71.8;84.8;82.9;84.3;85.1;98.0;98.1;85.2;86.4;98.4;98.1;55.4;59.8;1.5;1.5;14.6;13.7;1.0;1.0;5.5;5.6;2.8;3.3,35.39,0.06,0.0,0.01,14.384,0.784,6542.0,158349.0,4,16,,,,,,,,,,,,,,,,,,,,,,,,,,,,,,,,,,,,,,,,,,,,,,,,,,,,,,,,,,,,,
28,2,,,,,,,97,91,65,20,218.8,2745,10801,35,0,7.1,1.8;8.0;2.4;0.9;1.5;1.2;58.4;14.7;7.0;1.5;15.2;52.2;1.2;0.6;0.3;0.0;0.6;0.0;0.3;0.6;1.2;0.6;0.3;0.3,35.36,0.06,0.0,4.71,14.384,0.784,4101.0,15283.0,4,16,,,,,,,,,,,,,,,,,,,,,,,,,,,,,,,,,,,,,,,,,,,,,,,,,,,,,,,,,,,,,
28,3,,,,,,,100,93,66,19,220.0,2745,10801,35,0,7.1,1.5;13.5;2.1;3.2;1.5;1.8;35.0;13.2;3.8;2.6;13.5;75.7;0.6;0.3;0.0;0.0;0.3;0.0;0.3;0.0;0.0;1.7;0.3;0.0,35.34,0.06,0.0,3.76,14.384,0.784,40771.0,61083.0,4,16,,,,,,,,,,,,,,,,,,,,,,,,,,,,,,,,,,,,,,,,,,,,,,,,,,,,,,,,,,,,,
28,4,,,,,,,96,91,65,19,218.6,2745,10801,35,0,7.3,0.9;16.1;0.9;2.0;0.9;1.2;36.1;33.3;5.8;3.5;39.4;31.0;0.6;0.6;0.0;0.0;0.0;0.0;0.0;0.0;0.3;0.0;1.7;0.3,35.32,0.06,0.0,4.32,14.384,0.784,46630.0,61718.0,4,16,,,,,,,,,,,,,,,,,,,,,,,,,,,,,,,,,,,,,,,,,,,,,,,,,,,,,,,,,,,,,
28,5,,,,,,,100,100,64,19,219.1,2745,10801,35,0,8.1,1.5;17.8;4.4;2.4;1.2;2.3;61.5;22.6;7.9;2.1;23.8;37.6;0.6;0.3;0.3;0.6;0.9;0.3;0.0;0.6;0.9;1.7;0.9;0.6,35.31,0.06,0.0,3.46,14.384,0.784,31347.0,59033.0,4,16,,,,,,,,,,,,,,,,,,,,,,,,,,,,,,,,,,,,,,,,,,,,,,,,,,,,,,,,,,,,,
28,6,,,,,,,98,91,65,20,219.8,2745,10801,35,0,7.3,0.9;15.0;2.1;1.2;0.9;0.9;29.1;21.1;5.3;2.6;72.1;21.8;0.3;0.0;0.0;0.3;0.3;0.0;0.3;0.0;0.3;1.5;0.0;0.0,35.29,0.06,0.02,2.89,14.384,0.784,23925.0,47216.0,4,16,,,,,,,,,,,,,,,,,,,,,,,,,,,,,,,,,,,,,,,,,,,,,,,,,,,,,,,,,,,,,
28,7,,,,,,,96,89,65,20,219.1,2745,10801,35,0,7.2,1.5;13.8;2.1;1.2;0.3;0.9;43.2;19.5;5.3;2.1;38.3;39.8;0.6;0.0;0.0;0.0;0.0;0.6;0.0;0.0;0.0;0.0;2.1;0.3,35.28,0.06,0.0,2.28,14.384,0.784,3808.0,19238.0,4,16,,,,,,,,,,,,,,,,,,,,,,,,,,,,,,,,,,,,,,,,,,,,,,,,,,,,,,,,,,,,,
28,8,,,,,,,100,96,65,20,217.9,2745,10801,35,0,7.5,0.6;16.7;3.7;2.0;0.3;1.2;56.1;23.0;6.4;2.6;29.1;33.2;0.3;0.3;0.0;0.0;0.6;0.0;0.0;0.0;0.3;0.6;2.0;0.0,35.27,0.06,0.0,1.9,14.384,0.784,3857.0,28125.0,4,16,,,,,,,,,,,,,,,,,,,,,,,,,,,,,,,,,,,,,,,,,,,,,,,,,,,,,,,,,,,,,
28,9,,,,,,,96,88,65,19,218.9,2745,10801,35,0,7.5,1.2;16.0;1.5;2.4;0.6;0.6;39.7;14.4;5.0;4.1;62.2;29.0;0.3;0.3;0.0;0.0;0.0;0.0;0.3;0.0;0.3;0.0;0.0;0.3,35.25,0.06,0.0,1.56,14.384,0.784,13720.0,11279.0,4,16,,,,,,,,,,,,,,,,,,,,,,,,,,,,,,,,,,,,,,,,,,,,,,,,,,,,,,,,,,,,,
28,10,,,,,,,96,94,64,19,219.3,2745,10801,35,0,7.4,0.9;13.7;1.2;1.8;0.0;0.9;37.9;35.9;3.5;4.4;36.2;41.3;0.0;0.3;0.0;0.0;0.0;0.0;0.0;0.0;0.0;0.0;0.0;0.0,35.24,0.06,0.0,1.54,14.384,0.784,13867.0,9716.0,4,16,,,,,,,,,,,,,,,,,,,,,,,,,,,,,,,,,,,,,,,,,,,,,,,,,,,,,,,,,,,,,
28,11,,,,,,,96,93,65,20,219.5,2745,10801,35,0,8.8,0.6;29.0;2.4;1.5;0.6;0.9;44.1;51.9;5.3;2.9;25.5;36.7;0.9;0.3;0.0;0.0;0.0;0.3;0.9;0.6;1.5;0.9;0.0;0.3,35.22,0.06,0.0,3.51,14.384,0.784,3369.0,22900.0,4,16,,,,,,,,,,,,,,,,,,,,,,,,,,,,,,,,,,,,,,,,,,,,,,,,,,,,,,,,,,,,,
28,12,,,,,,,96,94,64,19,219.7,2745,10801,35,0,6.4,1.4;13.6;0.9;0.6;1.2;0.0;36.5;16.9;3.2;2.9;29.6;46.7;0.3;0.3;0.0;0.0;0.0;0.0;0.0;0.0;0.0;0.6;0.0;0.0,35.23,0.06,0.02,0.07,14.384,0.784,13085.0,10888.0,4,16,,,,,,,,,,,,,,,,,,,,,,,,,,,,,,,,,,,,,,,,,,,,,,,,,,,,,,,,,,,,,
28,13,,,,,,,96,92,64,19,220.6,2745,10801,35,0,6.7,1.2;12.2;2.1;0.9;0.9;0.3;50.4;15.3;2.1;2.6;20.1;49.4;0.3;0.9;0.0;0.0;0.0;0.0;0.0;0.0;0.6;0.0;0.0;0.0,35.21,0.06,0.0,0.02,14.384,0.784,6298.0,12060.0,4,16,,,,,,,,,,,,,,,,,,,,,,,,,,,,,,,,,,,,,,,,,,,,,,,,,,,,,,,,,,,,,
28,14,,,,,,,96,92,65,19,219.9,2745,10801,35,0,6.8,0.9;11.7;1.8;2.4;0.6;0.9;10.8;70.3;3.8;2.1;37.4;17.9;0.3;0.0;0.0;0.0;0.3;0.0;0.3;0.0;0.6;0.6;0.9;0.0,35.21,0.06,0.01,0.04,14.384,0.784,3662.0,14843.0,4,16,,,,,,,,,,,,,,,,,,,,,,,,,,,,,,,,,,,,,,,,,,,,,,,,,,,,,,,,,,,,,
28,15,,,,,,,100,95,67,18,220.3,2745,10801,35,0,6.8,2.7;12.2;1.5;0.3;0.6;0.0;51.6;15.0;4.4;2.4;13.7;55.9;0.6;0.6;0.0;0.0;0.0;0.0;0.0;0.0;0.6;0.0;0.0;0.6,35.21,0.06,0.0,0.03,14.384,0.784,4101.0,14892.0,4,16,,,,,,,,,,,,,,,,,,,,,,,,,,,,,,,,,,,,,,,,,,,,,,,,,,,,,,,,,,,,,
28,16,,,,,,,96,90,65,18,219.8,2745,10801,35,0,6.5,0.3;10.7;2.3;0.6;0.9;0.6;32.9;29.8;4.1;1.4;15.3;54.2;0.0;0.6;0.0;0.0;0.0;0.0;0.3;0.0;0.3;0.6;1.2;0.0,35.2,0.06,0.0,0.02,14.384,0.784,13232.0,10498.0,4,16,,,,,,,,,,,,,,,,,,,,,,,,,,,,,,,,,,,,,,,,,,,,,,,,,,,,,,,,,,,,,
28,17,,,,,,,96,92,65,19,219.8,2745,10801,35,0,6.5,0.0;13.4;0.9;0.0;0.3;0.0;58.7;23.8;1.5;2.6;21.6;29.6;0.3;0.3;0.0;0.0;0.0;0.0;0.0;0.0;0.0;0.6;2.9;0.0,35.2,0.06,0.0,0.03,14.384,0.784,3906.0,28320.0,4,16,,,,,,,,,,,,,,,,,,,,,,,,,,,,,,,,,,,,,,,,,,,,,,,,,,,,,,,,,,,,,
28,18,,,,,,,100,95,65,19,221.3,2745,10801,35,0,6.6,0.3;15.6;0.9;1.2;0.3;0.3;23.3;43.1;2.9;2.4;15.6;51.0;0.3;0.3;0.0;0.0;0.3;0.0;0.0;0.0;0.0;0.0;0.6;0.0,35.2,0.06,0.0,0.02,14.384,0.784,123486.0,49414.0,4,16,,,,,,,,,,,,,,,,,,,,,,,,,,,,,,,,,,,,,,,,,,,,,,,,,,,,,,,,,,,,,
28,19,,,,,,,98,88,65,19,221.3,2745,10801,35,0,6.5,0.6;12.4;1.8;0.6;0.3;0.6;17.3;28.7;3.5;1.5;22.3;64.5;0.0;0.3;0.0;0.0;0.0;0.3;0.0;0.0;0.3;0.0;0.3;0.0,35.18,0.06,0.01,0.03,14.384,0.784,16357.0,26513.0,4,16,,,,,,,,,,,,,,,,,,,,,,,,,,,,,,,,,,,,,,,,,,,,,,,,,,,,,,,,,,,,,
28,20,,,,,,,100,100,65,18,220.2,2745,10801,35,0,7.7,1.4;18.8;2.9;2.6;1.4;1.2;35.3;43.5;5.5;4.9;22.8;37.9;0.9;0.3;0.3;0.0;0.3;0.6;0.3;0.0;1.4;0.6;1.2;0.3,35.2,0.06,0.0,0.06,14.384,0.784,15332.0,10546.0,4,16,,,,,,,,,,,,,,,,,,,,,,,,,,,,,,,,,,,,,,,,,,,,,,,,,,,,,,,,,,,,,
28,21,,,,,,,96,84,66,18,221.1,2745,10801,35,0,7.6,2.1;11.2;2.6;1.8;0.9;1.8;25.4;56.4;5.3;4.1;17.5;45.7;0.9;0.6;0.3;0.0;0.0;0.6;0.0;0.0;2.6;1.7;0.3;0.0,35.2,0.06,0.01,0.09,14.384,0.784,3759.0,161718.0,4,16,,,,,,,,,,,,,,,,,,,,,,,,,,,,,,,,,,,,,,,,,,,,,,,,,,,,,,,,,,,,,
28,22,,,,,,,96,92,66,17,220.5,2745,10801,35,0,7.4,1.2;12.6;2.9;1.8;1.2;0.9;32.0;28.2;5.8;1.8;13.5;70.4;0.9;0.6;0.3;0.0;0.0;0.0;0.3;0.0;0.9;1.5;0.0;0.0,35.2,0.06,0.0,0.01,14.384,0.784,16552.0,136865.0,4,16,,,,,,,,,,,,,,,,,,,,,,,,,,,,,,,,,,,,,,,,,,,,,,,,,,,,,,,,,,,,,
28,23,,,,,,,100,94,64,18,220.2,2745,10801,35,0,7.4,1.2;13.5;2.9;0.6;0.6;1.2;20.1;62.1;6.8;2.7;24.3;36.7;0.3;0.9;0.6;0.0;0.3;0.0;0.0;0.0;0.0;0.0;1.5;0.0,35.2,0.06,0.0,0.04,14.384,0.784,3857.0,29296.0,4,16,,,,,,,,,,,,,,,,,,,,,,,,,,,,,,,,,,,,,,,,,,,,,,,,,,,,,,,,,,,,,
28,24,,,,,,,96,94,67,18,220.5,2745,10801,35,0,7.5,0.6;14.6;2.0;3.2;1.7;0.3;26.5;52.9;4.3;3.8;26.1;40.1;0.3;0.6;0.3;0.0;0.3;0.0;0.0;0.0;0.9;0.0;0.9;0.6,35.2,0.06,0.0,0.02,14.384,0.784,7080.0,10595.0,4,16,,,,,,,,,,,,,,,,,,,,,,,,,,,,,,,,,,,,,,,,,,,,,,,,,,,,,,,,,,,,,
28,25,,,,,,,96,93,66,19,219.8,2745,10801,35,0,7.2,1.2;11.7;1.2;2.0;0.6;1.5;20.5;31.4;4.4;1.5;24.0;68.0;1.8;0.9;0.0;0.0;0.3;0.0;0.0;0.0;0.3;0.3;0.3;0.0,35.19,0.06,0.0,0.01,14.384,0.784,3662.0,23730.0,4,16,,,,,,,,,,,,,,,,,,,,,,,,,,,,,,,,,,,,,,,,,,,,,,,,,,,,,,,,,,,,,
28,26,,,,,,,100,100,65,19,220.0,2745,10801,35,0,7.2,0.6;13.2;2.6;1.2;0.0;0.0;49.3;34.3;4.1;4.7;25.0;34.8;0.3;0.3;0.0;0.0;0.3;0.3;0.0;0.0;0.0;0.0;1.2;0.3,35.2,0.06,0.02,0.09,14.384,0.784,3955.0,14062.0,4,16,,,,,,,,,,,,,,,,,,,,,,,,,,,,,,,,,,,,,,,,,,,,,,,,,,,,,,,,,,,,,
28,27,,,,,,,100,94,65,19,221.0,2745,10801,35,0,7.2,0.9;13.5;0.6;2.1;0.9;0.6;18.8;64.8;4.1;2.4;24.4;37.4;0.9;0.3;0.0;0.0;0.3;0.0;0.0;0.0;0.0;0.3;0.6;0.0,35.21,0.06,0.0,0.04,14.384,0.784,16748.0,50927.0,4,16,,,,,,,,,,,,,,,,,,,,,,,,,,,,,,,,,,,,,,,,,,,,,,,,,,,,,,,,,,,,,
28,28,,,,,,,98,93,65,20,219.2,2745,10801,35,0,8.5,0.9;22.0;2.0;1.7;1.2;1.7;36.1;31.6;5.2;4.9;18.7;73.6;0.3;0.9;0.0;0.0;0.0;0.0;0.0;0.0;0.3;0.0;0.3;0.3,35.19,0.06,0.0,0.03,14.384,0.784,46240.0,59863.0,4,16,,,,,,,,,,,,,,,,,,,,,,,,,,,,,,,,,,,,,,,,,,,,,,,,,,,,,,,,,,,,,
28,29,,,,,,,100,99,65,19,219.4,2745,10801,35,0,7.4,0.6;26.3;0.9;0.9;0.6;0.3;52.4;28.8;5.3;1.8;21.8;33.2;0.3;0.0;0.0;0.0;0.0;0.0;0.0;0.0;0.0;0.0;1.2;0.0,35.19,0.06,0.0,0.03,14.384,0.784,26025.0,49511.0,4,16,,,,,,,,,,,,,,,,,,,,,,,,,,,,,,,,,,,,,,,,,,,,,,,,,,,,,,,,,,,,,
28,30,,,,,,,97,85,65,19,221.1,2745,10801,35,0,6.5,0.3;12.7;0.6;0.9;0.6;0.0;38.8;47.1;1.8;2.4;22.1;26.8;0.3;0.3;0.0;0.0;0.0;0.3;0.0;0.0;0.0;0.3;0.0;0.0,35.2,0.06,0.0,0.02,14.384,0.784,42236.0,46240.0,4,16,,,,,,,,,,,,,,,,,,,,,,,,,,,,,,,,,,,,,,,,,,,,,,,,,,,,,,,,,,,,,
28,31,,,,,,,96,90,66,19,218.9,2745,10801,35,0,7.1,2.6;11.7;2.1;1.2;0.9;0.9;22.4;41.5;2.4;3.2;19.2;55.8;0.0;0.3;0.0;0.3;0.3;0.0;0.0;0.0;0.9;2.6;0.9;0.6,35.17,0.06,0.0,0.01,14.384,0.784,12402.0,247070.0,4,16,,,,,,,,,,,,,,,,,,,,,,,,,,,,,,,,,,,,,,,,,,,,,,,,,,,,,,,,,,,,,
28,32,,,,,,,100,95,65,19,219.0,2745,10801,35,0,6.5,1.4;13.0;1.4;2.0;0.6;0.6;33.4;28.5;2.9;1.2;20.2;47.3;0.3;1.2;0.0;0.0;0.0;0.0;0.0;0.0;0.0;0.3;1.1;0.3,35.19,0.06,0.02,0.08,14.384,0.784,3613.0,138183.0,4,16,,,,,,,,,,,,,,,,,,,,,,,,,,,,,,,,,,,,,,,,,,,,,,,,,,,,,,,,,,,,,
28,33,,,,,,,96,92,68,18,219.1,2745,10801,35,0,7.1,0.9;15.5;0.6;1.8;0.6;0.6;44.6;31.9;2.1;4.1;30.5;31.4;0.3;0.9;0.0;0.3;0.3;0.3;0.6;0.0;0.3;0.0;0.6;0.6,35.2,0.06,0.0,0.05,14.384,0.784,4931.0,46435.0,4,16,,,,,,,,,,,,,,,,,,,,,,,,,,,,,,,,,,,,,,,,,,,,,,,,,,,,,,,,,,,,,
28,34,,,,,,,96,91,65,19,218.6,2745,10801,35,0,6.7,1.8;12.2;0.6;2.1;1.8;0.3;35.9;26.8;3.5;3.2;14.7;56.9;0.3;0.3;0.0;0.3;0.0;0.0;0.0;0.0;0.0;1.2;0.0;0.0,35.2,0.06,0.0,0.06,14.384,0.784,16308.0,19775.0,4,16,,,,,,,,,,,,,,,,,,,,,,,,,,,,,,,,,,,,,,,,,,,,,,,,,,,,,,,,,,,,,
28,35,,,,,,,100,100,65,20,219.0,2745,10801,35,0,7.4,0.6;11.2;2.1;1.5;0.6;0.9;49.1;20.6;2.1;4.1;23.0;59.3;0.6;0.6;0.3;0.0;0.3;0.0;0.0;0.0;0.3;0.3;0.3;0.0,35.24,0.06,0.02,0.07,14.384,0.784,14697.0,10546.0,4,16,,,,,,,,,,,,,,,,,,,,,,,,,,,,,,,,,,,,,,,,,,,,,,,,,,,,,,,,,,,,,
28,36,,,,,,,97,90,66,18,218.4,2745,10801,35,0,7.6,1.2;14.8;1.4;2.6;1.1;1.2;41.7;54.5;3.8;6.3;19.8;24.0;1.1;0.9;0.3;0.6;1.5;0.3;0.3;0.6;1.4;0.3;1.2;0.0,35.22,0.06,0.03,0.18,14.384,0.784,5322.0,60302.0,4,16,,,,,,,,,,,,,,,,,,,,,,,,,,,,,,,,,,,,,,,,,,,,,,,,,,,,,,,,,,,,,
28,37,,,,,,,100,100,65,19,219.1,2745,10801,35,0,7.0,0.3;21.8;0.3;0.9;0.6;0.6;40.1;20.4;2.1;2.9;14.7;60.1;0.6;0.3;0.3;0.0;0.0;0.0;0.0;0.0;0.0;0.0;0.0;0.0,35.22,0.06,0.0,0.03,14.384,0.784,4492.0,28466.0,4,16,,,,,,,,,,,,,,,,,,,,,,,,,,,,,,,,,,,,,,,,,,,,,,,,,,,,,,,,,,,,,
28,38,,,,,,,100,100,65,18,220.0,2745,10801,35,0,7.4,1.7;10.4;1.8;2.4;1.5;0.9;33.5;23.1;4.1;3.5;40.6;46.0;0.6;0.6;0.0;0.6;0.0;0.9;0.0;0.0;0.6;0.3;2.0;1.5,35.22,0.06,0.01,0.05,14.384,0.784,3417.0,16064.0,4,16,,,,,,,,,,,,,,,,,,,,,,,,,,,,,,,,,,,,,,,,,,,,,,,,,,,,,,,,,,,,,
28,39,,,,,,,97,85,65,18,221.7,2745,10801,35,0,5.9,0.3;14.8;0.3;0.6;0.3;0.6;26.3;20.6;1.2;2.7;33.3;37.9;0.0;0.6;0.0;0.0;0.0;0.0;0.0;0.0;0.0;0.0;0.3;0.0,35.22,0.06,0.0,0.05,14.384,0.784,4589.0,14990.0,4,16,,,,,,,,,,,,,,,,,,,,,,,,,,,,,,,,,,,,,,,,,,,,,,,,,,,,,,,,,,,,,
28,40,,,,,,,100,100,66,19,210.7,2745,10801,35,0,5.8,0.4;16.3;2.9;1.7;0.0;0.8;24.1;16.0;1.3;1.7;6.8;65.1;0.0;0.0;0.0;0.0;0.0;0.0;0.0;0.0;0.0;0.0;0.8;0.0,35.22,0.06,0.0,0.04,14.384,0.784,11230.0,164648.0,4,16,,,,,,,,,,,,,,,,,,,,,,,,,,,,,,,,,,,,,,,,,,,,,,,,,,,,,,,,,,,,,
28,summary,0.4390963060027648,0.9652168296866142,0.4739026422518063,0.9564457096380643,0.00095389,218.3,,,,,,,,,,,,,,,,,,,,,,39,96.33,100,39,91.85,100,59,65.08,68,17,19.02,25,173.1,218.36,221.7,2745.0,10801.0,35.0,0,5.8,8.21,50.4,35.17,35.23,35.39,63.16,0.06,0.06,0.06,16.0,0.0,0.0,0.03,0.01,0.78,4.71,10.733,13.6,14.384,14.38,14.384,15.992,0.784,0.78,0.784,3369.0,16062.77,123486.0,9716.0,50030.0,247070.0,4,4.0,4,16,16.0,16,4,16,166.15,40.32
