epoch,sample_point,train_loss,train_acc,val_loss,val_acc,lr,epoch_time_s,cuda_util_pct,cuda_mem_util_pct,gpu_temp_c,gpu_temp_tlimit_c,gpu_power_w,gpu_clock_sm_mhz,gpu_clock_mem_mhz,gpu_fan_pct,gpu_throttled,cpu_pct,cpu_pct_per_core,ram_used_gb,swap_used_gb,disk_read_mb_s,disk_write_mb_s,nvsmi_vram_used_gb,vram_other_processes_gb,pcie_tx_kb_s,pcie_rx_kb_s,pcie_link_gen_current,pcie_link_width_current,cuda_util_pct_min,cuda_util_pct_avg,cuda_util_pct_max,cuda_mem_util_pct_min,cuda_mem_util_pct_avg,cuda_mem_util_pct_max,gpu_temp_c_min,gpu_temp_c_avg,gpu_temp_c_max,gpu_temp_tlimit_c_min,gpu_temp_tlimit_c_avg,gpu_temp_tlimit_c_max,gpu_power_w_min,gpu_power_w_avg,gpu_power_w_max,gpu_clock_sm_mhz_avg,gpu_clock_mem_mhz_avg,gpu_fan_pct_avg,gpu_throttled_any,cpu_pct_min,cpu_pct_avg,cpu_pct_max,ram_used_gb_min,ram_used_gb_avg,ram_used_gb_max,ram_total_gb,swap_used_gb_min,swap_used_gb_avg,swap_used_gb_max,swap_total_gb,disk_read_mb_s_min,disk_read_mb_s_avg,disk_read_mb_s_max,disk_write_mb_s_min,disk_write_mb_s_avg,disk_write_mb_s_max,vram_peak_alloc_gb,vram_peak_reserved_gb,nvsmi_vram_used_gb_min,nvsmi_vram_used_gb_avg,nvsmi_vram_used_gb_max,nvsmi_vram_total_gb,vram_other_processes_gb_min,vram_other_processes_gb_avg,vram_other_processes_gb_max,pcie_tx_kb_s_min,pcie_tx_kb_s_avg,pcie_tx_kb_s_max,pcie_rx_kb_s_min,pcie_rx_kb_s_avg,pcie_rx_kb_s_max,pcie_link_gen_current_min,pcie_link_gen_current_avg,pcie_link_gen_current_max,pcie_link_width_current_min,pcie_link_width_current_avg,pcie_link_width_current_max,pcie_link_gen_max,pcie_link_width_max,data_wait_s,compute_s
1,1,,,,,,,100,55,57,32,59.0,2760,10801,30,0,10.9,10.6;7.6;8.7;9.1;7.8;7.5;26.9;44.0;10.9;12.7;25.7;38.8;5.7;5.8;2.7;3.0;5.1;5.9;2.2;2.7;4.8;5.3;4.2;4.6,32.42,0.11,0.01,0.69,14.979,0.743,0.0,3271.0,4,16,,,,,,,,,,,,,,,,,,,,,,,,,,,,,,,,,,,,,,,,,,,,,,,,,,,,,,,,,,,,,
1,2,,,,,,,100,83,61,21,231.6,2745,10801,30,0,33.9,29.9;29.2;42.6;43.3;30.9;30.7;81.3;67.5;53.6;54.6;71.3;64.1;24.7;27.1;9.6;10.4;22.2;24.3;8.1;6.4;19.3;23.0;16.3;21.5,33.52,0.11,0.0,0.1,14.98,0.744,488.0,48.0,4,16,,,,,,,,,,,,,,,,,,,,,,,,,,,,,,,,,,,,,,,,,,,,,,,,,,,,,,,,,,,,,
1,3,,,,,,,100,55,64,19,234.5,2745,10801,30,0,5.6,4.5;0.4;1.1;0.8;0.6;0.0;34.7;29.0;4.0;2.1;21.7;35.3;0.4;0.2;0.0;0.0;0.4;0.0;0.0;0.0;0.0;0.4;0.0;0.0,33.54,0.11,0.01,0.15,14.98,0.744,146.0,17187.0,4,16,,,,,,,,,,,,,,,,,,,,,,,,,,,,,,,,,,,,,,,,,,,,,,,,,,,,,,,,,,,,,
1,summary,1.2300921328973118,0.6649238980935812,0.33977803587913513,0.9855555555555555,0.00100000,82.9,,,,,,,,,,,,,,,,,,,,,,100,100.0,100,55,64.33,83,57,60.67,64,19,24.0,32,59.0,175.03,234.5,2750.0,10801.0,30.0,0,5.6,16.8,33.9,32.42,33.16,33.54,63.16,0.11,0.11,0.11,17.01,0.0,0.01,0.01,0.1,0.31,0.69,10.041,14.236,14.979,14.98,14.98,15.992,0.743,0.74,0.744,0.0,211.33,488.0,48.0,6835.33,17187.0,4,4.0,4,16,16.0,16,4,16,46.77,19.62
2,1,,,,,,,100,73,60,24,86.2,2745,10801,30,0,54.1,61.3;60.8;68.3;68.5;63.8;62.9;82.9;81.8;72.1;74.7;79.5;90.1;48.6;50.6;20.6;23.9;46.4;48.6;19.4;18.3;42.5;44.5;31.2;37.2,33.3,0.11,0.01,0.62,14.811,0.575,0.0,11865.0,4,16,,,,,,,,,,,,,,,,,,,,,,,,,,,,,,,,,,,,,,,,,,,,,,,,,,,,,,,,,,,,,
2,2,,,,,,,98,77,62,23,231.3,2745,10801,31,0,31.8,28.9;24.8;39.5;42.3;30.3;28.1;67.4;67.5;50.9;49.5;76.8;62.2;23.3;22.4;7.5;10.5;19.7;22.1;8.0;7.1;18.8;21.2;14.3;19.2,33.71,0.11,0.0,3.54,14.811,0.575,585.0,4248.0,4,16,,,,,,,,,,,,,,,,,,,,,,,,,,,,,,,,,,,,,,,,,,,,,,,,,,,,,,,,,,,,,
2,3,,,,,,,100,89,62,20,234.5,2745,10801,32,0,6.0,2.7;0.4;2.9;2.1;1.0;0.8;41.7;20.5;3.3;4.2;34.9;26.4;0.0;0.8;0.0;0.0;0.0;0.2;0.2;0.0;0.4;0.4;0.4;0.0,33.71,0.11,0.0,2.07,14.811,0.575,244.0,14550.0,4,16,,,,,,,,,,,,,,,,,,,,,,,,,,,,,,,,,,,,,,,,,,,,,,,,,,,,,,,,,,,,,
2,summary,0.6389349467528274,0.8770232359022471,0.3161357641220093,0.9917777777777778,0.00100000,40.6,,,,,,,,,,,,,,,,,,,,,,98,99.33,100,73,79.67,89,60,61.33,62,20,22.33,24,86.2,184.0,234.5,2745.0,10801.0,31.0,0,6.0,30.63,54.1,33.3,33.57,33.71,63.16,0.11,0.11,0.11,17.01,0.0,0.0,0.01,0.62,2.08,3.54,10.042,14.236,14.811,14.81,14.811,15.992,0.575,0.57,0.575,0.0,276.33,585.0,4248.0,10221.0,14550.0,4,4.0,4,16,16.0,16,4,16,4.67,19.56
3,1,,,,,,,100,44,60,24,70.2,2745,10801,32,0,55.0,57.1;56.9;68.0;70.5;62.4;65.3;91.1;84.5;71.0;74.9;81.5;84.4;51.9;51.4;23.1;24.7;48.0;50.9;18.0;19.2;44.6;45.9;35.0;39.0,33.34,0.11,0.0,3.09,12.33,0.0,1367.0,0.0,4,16,,,,,,,,,,,,,,,,,,,,,,,,,,,,,,,,,,,,,,,,,,,,,,,,,,,,,,,,,,,,,
3,2,,,,,,,100,77,65,18,236.5,2745,10801,32,0,33.2,29.1;28.2;44.1;40.6;32.0;29.9;66.0;74.9;50.3;53.9;66.5;72.8;23.9;25.7;10.8;9.2;22.9;23.5;7.3;5.7;20.9;22.4;15.6;19.7,33.7,0.11,0.01,3.23,12.33,0.0,439.0,97.0,4,16,,,,,,,,,,,,,,,,,,,,,,,,,,,,,,,,,,,,,,,,,,,,,,,,,,,,,,,,,,,,,
3,3,,,,,,,100,61,64,18,236.4,2730,10801,32,0,6.2,4.1;1.3;2.9;1.9;0.8;0.2;26.1;32.6;3.6;4.0;28.1;37.3;0.6;0.6;0.0;0.4;0.0;0.0;0.0;0.0;0.8;2.1;0.2;0.2,33.69,0.11,0.0,2.07,12.33,0.0,146.0,585.0,4,16,,,,,,,,,,,,,,,,,,,,,,,,,,,,,,,,,,,,,,,,,,,,,,,,,,,,,,,,,,,,,
3,summary,0.4995035534685215,0.9288964085000957,0.3077027499675751,0.9935555555555555,0.00100000,40.3,,,,,,,,,,,,,,,,,,,,,,100,100.0,100,44,60.67,77,60,63.0,65,18,20.0,24,70.2,181.03,236.5,2740.0,10801.0,32.0,0,6.2,31.47,55.0,33.34,33.58,33.7,63.16,0.11,0.11,0.11,17.01,0.0,0.0,0.01,2.07,2.8,3.23,10.042,14.236,12.33,12.33,12.33,15.992,0.0,0.0,0.0,146.0,650.67,1367.0,0.0,227.33,585.0,4,4.0,4,16,16.0,16,4,16,4.62,19.58
4,1,,,,,,,100,63,61,22,83.2,2745,10801,33,0,55.8,57.8;58.8;69.1;70.8;65.5;64.9;93.1;86.4;75.1;77.7;82.8;83.3;50.8;52.2;25.3;26.4;49.9;54.2;18.0;16.4;42.6;46.2;31.2;40.2,33.29,0.11,0.0,2.85,12.832,0.0,732.0,48.0,4,16,,,,,,,,,,,,,,,,,,,,,,,,,,,,,,,,,,,,,,,,,,,,,,,,,,,,,,,,,,,,,
4,2,,,,,,,100,73,64,18,234.9,2745,10801,33,0,32.5,29.1;25.8;38.5;44.6;28.7;29.6;72.8;64.3;52.3;53.8;69.9;70.9;25.9;26.3;6.5;8.6;23.3;23.8;5.9;5.4;19.9;21.1;10.5;21.4,33.7,0.11,0.02,3.0,12.832,0.0,0.0,97.0,4,16,,,,,,,,,,,,,,,,,,,,,,,,,,,,,,,,,,,,,,,,,,,,,,,,,,,,,,,,,,,,,
4,3,,,,,,,98,77,65,17,233.9,2745,10801,33,0,6.2,5.3;0.8;2.1;2.5;1.2;0.2;18.8;46.2;2.9;3.5;30.6;32.1;0.0;0.0;0.0;0.2;0.6;0.0;0.2;0.0;0.2;0.4;0.0;0.4,33.71,0.11,0.0,2.44,12.832,0.0,1123.0,0.0,4,16,,,,,,,,,,,,,,,,,,,,,,,,,,,,,,,,,,,,,,,,,,,,,,,,,,,,,,,,,,,,,
4,summary,0.4401608632485436,0.9506726661626604,0.3025224208831787,0.9954444444444445,0.00100000,40.5,,,,,,,,,,,,,,,,,,,,,,98,99.33,100,63,71.0,77,61,63.33,65,17,19.0,22,83.2,184.0,234.9,2745.0,10801.0,33.0,0,6.2,31.5,55.8,33.29,33.57,33.71,63.16,0.11,0.11,0.11,17.01,0.0,0.01,0.02,2.44,2.76,3.0,10.042,14.236,12.832,12.83,12.832,15.992,0.0,0.0,0.0,0.0,618.33,1123.0,0.0,48.33,97.0,4,4.0,4,16,16.0,16,4,16,4.75,19.51
5,1,,,,,,,100,50,58,21,54.3,2565,10801,33,0,55.2,59.7;57.5;70.8;70.1;64.2;64.3;83.9;88.7;72.9;75.9;82.3;84.6;51.1;51.9;22.4;23.5;49.5;52.4;17.3;17.2;44.4;47.3;33.2;39.7,33.33,0.11,0.0,2.91,12.832,0.0,0.0,48.0,4,16,,,,,,,,,,,,,,,,,,,,,,,,,,,,,,,,,,,,,,,,,,,,,,,,,,,,,,,,,,,,,
5,2,,,,,,,100,70,67,19,236.4,2730,10801,33,0,31.2,26.1;24.9;35.4;46.2;28.7;31.3;74.2;65.9;46.6;51.3;65.5;62.3;22.3;22.9;7.0;8.6;21.5;21.8;7.0;6.2;19.5;22.0;14.3;18.3,33.71,0.11,0.0,3.34,12.832,0.0,0.0,97.0,4,16,,,,,,,,,,,,,,,,,,,,,,,,,,,,,,,,,,,,,,,,,,,,,,,,,,,,,,,,,,,,,
5,3,,,,,,,100,61,67,23,237.9,2730,10801,33,0,7.4,6.6;1.9;4.6;3.4;0.8;2.7;31.2;40.8;4.4;7.9;32.6;32.4;0.6;0.4;0.6;0.6;0.4;0.2;0.2;0.2;1.7;1.1;1.0;0.6,33.72,0.11,0.0,2.23,12.832,0.0,0.0,390.0,4,16,,,,,,,,,,,,,,,,,,,,,,,,,,,,,,,,,,,,,,,,,,,,,,,,,,,,,,,,,,,,,
5,summary,0.41158494129967654,0.9608901782542559,0.3003203868865967,0.996,0.00100000,40.7,,,,,,,,,,,,,,,,,,,,,,100,100.0,100,50,60.33,70,58,64.0,67,19,21.0,23,54.3,176.2,237.9,2675.0,10801.0,33.0,0,7.4,31.27,55.2,33.33,33.59,33.72,63.16,0.11,0.11,0.11,17.01,0.0,0.0,0.0,2.23,2.83,3.34,10.042,14.236,12.832,12.83,12.832,15.992,0.0,0.0,0.0,0.0,0.0,0.0,48.0,178.33,390.0,4,4.0,4,16,16.0,16,4,16,4.84,19.6
6,1,,,,,,,100,71,62,25,91.8,2745,10801,33,0,55.0,57.7;57.6;71.1;69.1;61.9;66.0;80.7;90.1;72.1;76.7;87.7;83.2;52.2;50.8;22.6;24.0;47.8;51.5;18.3;17.1;41.9;48.0;34.3;37.9,33.4,0.11,0.0,2.69,12.832,0.0,0.0,48.0,4,16,,,,,,,,,,,,,,,,,,,,,,,,,,,,,,,,,,,,,,,,,,,,,,,,,,,,,,,,,,,,,
6,2,,,,,,,98,72,64,19,235.1,2745,10801,33,0,31.7,29.3;26.1;36.5;44.0;28.2;31.1;65.3;65.5;45.4;52.5;62.1;80.5;24.0;23.1;8.6;8.7;23.0;22.1;5.7;5.9;18.4;21.0;15.1;17.1,33.72,0.11,0.01,3.26,12.832,0.0,16748.0,2587.0,4,16,,,,,,,,,,,,,,,,,,,,,,,,,,,,,,,,,,,,,,,,,,,,,,,,,,,,,,,,,,,,,
6,3,,,,,,,100,77,68,18,236.9,2730,10801,34,0,6.1,3.3;1.9;1.9;1.9;1.0;1.0;27.9;31.4;2.9;2.9;37.0;29.8;0.4;0.6;0.0;0.0;0.4;1.2;0.4;0.0;0.4;0.8;0.0;0.4,33.7,0.11,0.0,2.32,12.832,0.0,1123.0,439.0,4,16,,,,,,,,,,,,,,,,,,,,,,,,,,,,,,,,,,,,,,,,,,,,,,,,,,,,,,,,,,,,,
6,summary,0.39478595584430903,0.9664509459225591,0.29833000898361206,0.9966666666666667,0.00100000,40.9,,,,,,,,,,,,,,,,,,,,,,98,99.33,100,71,73.33,77,62,64.67,68,18,20.67,25,91.8,187.93,236.9,2740.0,10801.0,33.3,0,6.1,30.93,55.0,33.4,33.61,33.72,63.16,0.11,0.11,0.11,17.01,0.0,0.0,0.01,2.32,2.76,3.26,10.042,14.236,12.832,12.83,12.832,15.992,0.0,0.0,0.0,0.0,5957.0,16748.0,48.0,1024.67,2587.0,4,4.0,4,16,16.0,16,4,16,4.85,19.56
7,1,,,,,,,100,46,63,22,63.9,2745,10801,33,0,54.7,58.4;56.8;65.9;71.8;63.5;64.1;86.3;81.4;73.0;76.4;91.9;81.3;51.4;50.5;23.0;22.2;47.0;49.6;15.9;16.8;43.5;45.1;36.0;41.0,33.4,0.11,0.0,2.62,12.832,0.0,244.0,3417.0,4,16,,,,,,,,,,,,,,,,,,,,,,,,,,,,,,,,,,,,,,,,,,,,,,,,,,,,,,,,,,,,,
7,2,,,,,,,100,85,64,23,235.9,2730,10801,33,0,34.8,34.1;29.5;43.8;44.2;32.5;33.6;66.4;69.2;51.2;54.1;69.7;77.8;27.3;27.7;10.2;9.6;25.1;27.7;7.8;7.7;23.2;23.4;17.5;22.5,33.75,0.11,0.0,3.49,12.832,0.0,1123.0,146.0,4,16,,,,,,,,,,,,,,,,,,,,,,,,,,,,,,,,,,,,,,,,,,,,,,,,,,,,,,,,,,,,,
7,3,,,,,,,100,57,68,17,237.5,2730,10801,34,0,5.8,2.1;0.6;2.5;1.0;1.3;0.2;31.2;38.3;2.1;4.6;23.4;29.9;0.2;0.6;0.0;0.0;0.0;0.0;0.0;0.2;0.2;0.4;0.0;0.0,33.77,0.11,0.0,2.14,12.858,0.0,781.0,341.0,4,16,,,,,,,,,,,,,,,,,,,,,,,,,,,,,,,,,,,,,,,,,,,,,,,,,,,,,,,,,,,,,
7,summary,0.3830866878187436,0.9703949465783744,0.296684205532074,0.9971111111111111,0.00100000,40.3,,,,,,,,,,,,,,,,,,,,,,100,100.0,100,46,62.67,85,63,65.0,68,17,20.67,23,63.9,179.1,237.5,2735.0,10801.0,33.3,0,5.8,31.77,54.7,33.4,33.64,33.77,63.16,0.11,0.11,0.11,17.01,0.0,0.0,0.0,2.14,2.75,3.49,10.042,14.236,12.832,12.84,12.858,15.992,0.0,0.0,0.0,244.0,716.0,1123.0,146.0,1301.33,3417.0,4,4.0,4,16,16.0,16,4,16,4.54,19.51
8,1,,,,,,,100,71,61,23,49.7,2565,10801,34,0,54.8,58.4;58.8;67.0;71.4;63.4;63.4;82.4;83.9;73.8;77.2;85.5;89.5;52.0;52.7;20.7;23.8;49.3;51.6;15.2;15.4;44.2;45.1;33.4;37.2,33.39,0.11,0.03,3.2,12.855,0.0,0.0,0.0,4,16,,,,,,,,,,,,,,,,,,,,,,,,,,,,,,,,,,,,,,,,,,,,,,,,,,,,,,,,,,,,,
8,2,,,,,,,100,63,65,20,237.3,2730,10801,34,0,32.9,25.9;25.3;43.2;40.2;29.3;33.0;67.8;61.3;48.8;53.7;77.0;68.5;24.5;22.1;11.6;12.5;22.0;23.4;12.1;10.8;19.4;20.8;17.9;19.6,33.75,0.11,0.01,3.27,12.855,0.0,1123.0,97.0,4,16,,,,,,,,,,,,,,,,,,,,,,,,,,,,,,,,,,,,,,,,,,,,,,,,,,,,,,,,,,,,,
8,3,,,,,,,100,66,66,18,237.4,2730,10801,34,0,5.7,3.9;1.3;2.1;1.0;0.6;0.4;35.4;21.8;3.1;2.3;31.7;30.8;0.8;0.4;0.2;0.0;0.0;0.0;0.0;0.0;0.2;0.0;0.0;0.0,33.73,0.11,0.0,2.09,12.855,0.0,0.0,0.0,4,16,,,,,,,,,,,,,,,,,,,,,,,,,,,,,,,,,,,,,,,,,,,,,,,,,,,,,,,,,,,,,
8,summary,0.37566160341848925,0.9725650577937278,0.295351505279541,0.9971111111111111,0.00100000,40.5,,,,,,,,,,,,,,,,,,,,,,100,100.0,100,63,66.67,71,61,64.0,66,18,20.33,23,49.7,174.8,237.4,2675.0,10801.0,34.0,0,5.7,31.13,54.8,33.39,33.62,33.75,63.16,0.11,0.11,0.11,17.01,0.0,0.01,0.03,2.09,2.85,3.27,10.042,14.236,12.855,12.85,12.855,15.992,0.0,0.0,0.0,0.0,374.33,1123.0,0.0,32.33,97.0,4,4.0,4,16,16.0,16,4,16,4.74,19.48
9,1,,,,,,,100,66,59,21,41.0,2565,10801,34,0,54.9,57.7;55.8;66.8;71.3;62.8;63.3;83.5;81.6;72.9;76.8;85.0;90.7;50.3;50.6;23.0;22.5;48.1;52.2;19.3;18.4;45.2;46.3;34.7;37.6,33.32,0.11,0.0,2.83,12.855,0.0,4052.0,127001.0,4,16,,,,,,,,,,,,,,,,,,,,,,,,,,,,,,,,,,,,,,,,,,,,,,,,,,,,,,,,,,,,,
9,2,,,,,,,100,48,66,20,237.1,2730,10801,34,0,33.2,30.0;24.6;40.1;39.8;32.7;32.0;71.1;68.0;50.7;54.6;65.3;73.1;26.2;24.4;9.7;10.1;24.3;24.5;7.6;7.6;22.5;20.6;17.0;19.7,33.75,0.11,0.0,2.95,12.855,0.0,97.0,292.0,4,16,,,,,,,,,,,,,,,,,,,,,,,,,,,,,,,,,,,,,,,,,,,,,,,,,,,,,,,,,,,,,
9,3,,,,,,,100,47,68,19,238.0,2730,10801,34,0,6.1,10.8;0.6;1.9;1.7;0.8;0.6;28.2;36.7;3.1;2.3;24.9;30.2;0.4;0.2;0.2;0.0;0.2;0.0;0.2;0.0;0.4;0.0;0.4;1.0,33.75,0.11,0.0,2.46,12.855,0.0,878.0,292.0,4,16,,,,,,,,,,,,,,,,,,,,,,,,,,,,,,,,,,,,,,,,,,,,,,,,,,,,,,,,,,,,,
9,summary,0.36784878856581765,0.9753841529507137,0.2942376732826233,0.9974444444444445,0.00100000,40.4,,,,,,,,,,,,,,,,,,,,,,100,100.0,100,47,53.67,66,59,64.33,68,19,20.0,21,41.0,172.03,238.0,2675.0,10801.0,34.0,0,6.1,31.4,54.9,33.32,33.61,33.75,63.16,0.11,0.11,0.11,17.01,0.0,0.0,0.0,2.46,2.75,2.95,10.042,14.236,12.855,12.85,12.855,15.992,0.0,0.0,0.0,97.0,1675.67,4052.0,292.0,42528.33,127001.0,4,4.0,4,16,16.0,16,4,16,4.61,19.58
10,1,,,,,,,100,43,61,21,84.9,2745,10801,34,0,55.3,57.5;59.4;69.4;70.0;63.9;66.6;87.9;81.1;70.4;76.6;85.8;86.4;50.4;50.9;22.5;23.8;51.6;52.9;18.6;17.0;44.8;45.8;32.2;42.0,33.47,0.11,0.0,2.82,12.855,0.0,2636.0,0.0,4,16,,,,,,,,,,,,,,,,,,,,,,,,,,,,,,,,,,,,,,,,,,,,,,,,,,,,,,,,,,,,,
10,2,,,,,,,73,59,67,19,230.9,2745,10801,34,0,31.6,28.0;25.4;38.7;42.5;29.8;30.3;65.3;65.5;45.1;49.3;66.6;70.8;23.6;23.5;8.6;8.5;21.9;22.4;7.0;9.0;22.5;21.0;14.4;18.3,33.77,0.11,0.0,2.94,12.855,0.0,0.0,97.0,4,16,,,,,,,,,,,,,,,,,,,,,,,,,,,,,,,,,,,,,,,,,,,,,,,,,,,,,,,,,,,,,
10,3,,,,,,,68,51,66,17,231.0,2745,10801,34,0,5.7,4.7;0.4;1.5;1.3;0.2;0.2;35.3;19.5;2.7;2.5;27.7;37.8;0.2;0.2;0.4;0.4;0.0;0.2;0.0;0.2;0.0;0.0;0.0;0.0,33.74,0.11,0.0,2.46,12.855,0.0,244.0,0.0,4,16,,,,,,,,,,,,,,,,,,,,,,,,,,,,,,,,,,,,,,,,,,,,,,,,,,,,,,,,,,,,,
10,summary,0.3621325066646071,0.9770851740187818,0.2932007312774658,0.9973333333333333,0.00100000,41.0,,,,,,,,,,,,,,,,,,,,,,68,80.33,100,43,51.0,59,61,64.67,67,17,19.0,21,84.9,182.27,231.0,2745.0,10801.0,34.0,0,5.7,30.87,55.3,33.47,33.66,33.77,63.16,0.11,0.11,0.11,17.01,0.0,0.0,0.0,2.46,2.74,2.94,10.042,14.236,12.855,12.85,12.855,15.992,0.0,0.0,0.0,0.0,960.0,2636.0,0.0,32.33,97.0,4,4.0,4,16,16.0,16,4,16,5.02,19.57
11,1,,,,,,,100,43,60,25,65.9,2745,10801,34,0,54.6,59.9;58.8;69.7;68.1;60.3;62.4;88.4;85.2;73.7;75.9;81.1;83.0;49.9;49.6;23.2;24.9;48.0;50.1;18.6;18.8;44.0;44.7;34.8;38.2,33.52,0.11,0.01,2.61,12.855,0.0,244.0,0.0,4,16,,,,,,,,,,,,,,,,,,,,,,,,,,,,,,,,,,,,,,,,,,,,,,,,,,,,,,,,,,,,,
11,2,,,,,,,100,87,66,19,235.4,2730,10801,34,0,33.4,29.5;27.8;39.7;44.8;31.4;32.5;69.8;68.7;49.6;53.7;74.5;64.9;26.7;26.1;9.2;11.0;23.5;24.5;6.5;5.7;22.2;21.8;17.2;20.2,33.77,0.11,0.0,3.38,12.855,0.0,878.0,195.0,4,16,,,,,,,,,,,,,,,,,,,,,,,,,,,,,,,,,,,,,,,,,,,,,,,,,,,,,,,,,,,,,
11,3,,,,,,,100,62,67,15,236.7,2745,10801,34,0,6.0,4.9;1.0;1.9;2.7;0.4;0.2;31.4;31.9;2.9;3.2;33.9;27.1;0.6;0.0;0.2;0.0;0.0;0.2;0.0;0.0;0.2;0.0;0.0;0.0,33.75,0.11,0.0,2.43,12.855,0.0,1367.0,48.0,4,16,,,,,,,,,,,,,,,,,,,,,,,,,,,,,,,,,,,,,,,,,,,,,,,,,,,,,,,,,,,,,
11,summary,0.35935276518699827,0.9777774235565231,0.2927197813987732,0.9972222222222222,0.00100000,40.3,,,,,,,,,,,,,,,,,,,,,,100,100.0,100,43,64.0,87,60,64.33,67,15,19.67,25,65.9,179.33,236.7,2740.0,10801.0,34.0,0,6.0,31.33,54.6,33.52,33.68,33.77,63.16,0.11,0.11,0.11,17.01,0.0,0.0,0.01,2.43,2.81,3.38,10.042,14.236,12.855,12.85,12.855,15.992,0.0,0.0,0.0,244.0,829.67,1367.0,0.0,81.0,195.0,4,4.0,4,16,16.0,16,4,16,4.46,19.56
12,1,,,,,,,100,65,58,21,50.7,2565,10801,34,0,54.9,59.2;61.3;71.0;69.1;60.7;62.8;78.5;91.8;72.8;77.1;81.2;87.9;51.7;51.2;22.0;23.6;49.3;52.2;15.8;15.3;44.0;45.2;34.6;39.0,33.44,0.11,0.0,2.84,12.855,0.0,5468.0,125390.0,4,16,,,,,,,,,,,,,,,,,,,,,,,,,,,,,,,,,,,,,,,,,,,,,,,,,,,,,,,,,,,,,
12,2,,,,,,,100,63,67,18,238.2,2730,10801,34,0,32.3,28.8;27.2;37.7;41.5;25.9;32.1;70.5;69.6;49.6;53.2;69.5;65.2;25.8;25.2;8.5;10.0;24.0;24.9;5.7;4.9;18.7;21.4;14.9;19.8,33.76,0.11,0.0,3.19,12.855,0.0,1123.0,97.0,4,16,,,,,,,,,,,,,,,,,,,,,,,,,,,,,,,,,,,,,,,,,,,,,,,,,,,,,,,,,,,,,
12,3,,,,,,,100,59,68,17,237.8,2730,10801,34,0,6.1,7.1;0.4;2.5;1.0;0.6;0.4;22.2;40.0;2.9;3.5;38.0;23.6;0.4;0.8;0.0;0.0;0.0;0.2;0.2;0.4;0.0;0.2;0.0;0.0,33.76,0.11,0.0,2.06,12.855,0.0,146.0,341.0,4,16,,,,,,,,,,,,,,,,,,,,,,,,,,,,,,,,,,,,,,,,,,,,,,,,,,,,,,,,,,,,,
12,summary,0.35377485039403833,0.9797266525180577,0.29192468523979187,0.9974444444444445,0.00100000,40.7,,,,,,,,,,,,,,,,,,,,,,100,100.0,100,59,62.33,65,58,64.33,68,17,18.67,21,50.7,175.57,238.2,2675.0,10801.0,34.0,0,6.1,31.1,54.9,33.44,33.65,33.76,63.16,0.11,0.11,0.11,17.01,0.0,0.0,0.0,2.06,2.7,3.19,10.042,14.236,12.855,12.85,12.855,15.992,0.0,0.0,0.0,146.0,2245.67,5468.0,97.0,41942.67,125390.0,4,4.0,4,16,16.0,16,4,16,4.7,19.53
13,1,,,,,,,100,60,61,21,83.2,2745,10801,34,0,54.2,60.5;60.8;67.1;70.6;63.5;62.9;83.9;85.8;72.2;75.5;88.7;81.9;51.8;51.3;21.0;23.1;48.8;51.0;13.6;14.6;44.0;44.4;27.3;37.3,33.44,0.11,0.0,2.84,12.855,0.0,195.0,0.0,4,16,,,,,,,,,,,,,,,,,,,,,,,,,,,,,,,,,,,,,,,,,,,,,,,,,,,,,,,,,,,,,
13,2,,,,,,,100,89,63,18,235.3,2730,10801,34,0,32.7,29.2;25.4;39.8;40.6;34.2;31.7;63.6;72.0;48.8;52.3;68.2;74.4;24.8;23.9;9.4;10.1;23.1;22.7;7.4;7.5;21.5;20.7;13.4;18.7,33.76,0.11,0.0,3.23,12.855,0.0,0.0,48.0,4,16,,,,,,,,,,,,,,,,,,,,,,,,,,,,,,,,,,,,,,,,,,,,,,,,,,,,,,,,,,,,,
13,3,,,,,,,100,74,67,17,236.3,2730,10801,34,0,6.0,4.1;1.0;3.1;2.1;0.4;0.8;25.5;33.0;5.0;4.0;41.1;22.5;0.4;0.2;0.0;0.0;0.0;0.2;0.4;0.0;0.0;0.0;0.0;0.2,33.74,0.11,0.0,2.09,12.855,0.0,21093.0,195.0,4,16,,,,,,,,,,,,,,,,,,,,,,,,,,,,,,,,,,,,,,,,,,,,,,,,,,,,,,,,,,,,,
13,summary,0.35308678017060485,0.9797357610646069,0.2912503480911255,0.9974444444444445,0.00100000,40.3,,,,,,,,,,,,,,,,,,,,,,100,100.0,100,60,74.33,89,61,63.67,67,17,18.67,21,83.2,184.93,236.3,2735.0,10801.0,34.0,0,6.0,30.97,54.2,33.44,33.65,33.76,63.16,0.11,0.11,0.11,17.01,0.0,0.0,0.0,2.09,2.72,3.23,10.042,14.236,12.855,12.85,12.855,15.992,0.0,0.0,0.0,0.0,7096.0,21093.0,0.0,81.0,195.0,4,4.0,4,16,16.0,16,4,16,4.79,19.48
14,1,,,,,,,100,44,61,21,64.1,2745,10801,34,0,55.8,61.4;61.0;69.3;72.3;63.2;65.5;83.3;84.5;73.4;77.6;90.8;85.0;52.3;52.3;23.0;22.9;50.0;52.4;19.2;18.6;44.4;46.7;31.7;38.7,33.5,0.11,0.01,2.85,12.855,0.0,0.0,390.0,4,16,,,,,,,,,,,,,,,,,,,,,,,,,,,,,,,,,,,,,,,,,,,,,,,,,,,,,,,,,,,,,
14,2,,,,,,,100,88,63,20,235.3,2730,10801,34,0,32.3,29.2;26.3;39.5;38.2;28.8;31.8;66.1;74.7;50.0;54.0;72.8;67.6;24.6;23.4;7.0;9.3;21.4;22.3;6.0;5.2;21.4;21.2;13.7;20.0,33.78,0.11,0.0,3.22,12.855,0.0,585.0,341.0,4,16,,,,,,,,,,,,,,,,,,,,,,,,,,,,,,,,,,,,,,,,,,,,,,,,,,,,,,,,,,,,,
14,3,,,,,,,100,64,65,19,237.4,2745,10801,34,0,5.8,3.5;0.6;1.3;1.3;0.4;0.2;18.3;28.2;3.6;2.5;34.9;42.9;0.2;0.0;0.0;0.0;0.0;0.0;0.2;0.0;0.0;0.0;0.2;0.2,33.73,0.11,0.0,2.1,12.855,0.0,2441.0,244.0,4,16,,,,,,,,,,,,,,,,,,,,,,,,,,,,,,,,,,,,,,,,,,,,,,,,,,,,,,,,,,,,,
14,summary,0.3486703618433495,0.9811817428292967,0.290621280670166,0.9978888888888889,0.00100000,40.4,,,,,,,,,,,,,,,,,,,,,,100,100.0,100,44,65.33,88,61,63.0,65,19,20.0,21,64.1,178.93,237.4,2740.0,10801.0,34.0,0,5.8,31.3,55.8,33.5,33.67,33.78,63.16,0.11,0.11,0.11,17.01,0.0,0.0,0.01,2.1,2.72,3.22,10.042,14.236,12.855,12.85,12.855,15.992,0.0,0.0,0.0,0.0,1008.67,2441.0,244.0,325.0,390.0,4,4.0,4,16,16.0,16,4,16,4.85,19.47
15,1,,,,,,,100,53,62,21,55.7,2565,10801,34,0,55.5,61.0;60.8;71.1;70.2;64.3;64.7;82.0;83.6;72.4;74.2;88.1;87.3;51.9;50.9;24.5;24.7;49.7;52.3;19.0;17.9;43.5;44.4;32.6;39.7,33.39,0.11,0.0,3.04,12.855,0.0,0.0,48.0,4,16,,,,,,,,,,,,,,,,,,,,,,,,,,,,,,,,,,,,,,,,,,,,,,,,,,,,,,,,,,,,,
15,2,,,,,,,100,72,68,18,236.0,2730,10801,34,0,32.1,28.9;25.6;33.9;47.1;29.6;31.2;72.3;61.1;46.5;51.9;76.3;66.6;25.8;24.4;7.4;7.7;23.5;22.9;6.9;6.2;21.6;21.4;10.4;20.0,33.76,0.11,0.06,3.38,12.855,0.0,0.0,292.0,4,16,,,,,,,,,,,,,,,,,,,,,,,,,,,,,,,,,,,,,,,,,,,,,,,,,,,,,,,,,,,,,
15,3,,,,,,,100,75,66,17,236.9,2730,10801,34,0,6.4,4.2;1.3;2.1;3.8;1.9;0.4;49.7;23.3;2.9;3.6;25.8;31.3;1.0;0.2;0.2;0.0;0.0;0.2;0.2;0.2;0.0;0.2;0.4;0.0,33.74,0.11,0.0,2.44,12.855,0.0,634.0,244.0,4,16,,,,,,,,,,,,,,,,,,,,,,,,,,,,,,,,,,,,,,,,,,,,,,,,,,,,,,,,,,,,,
15,summary,0.34563304235712033,0.9823544681975097,0.29018282890319824,0.9978888888888889,0.00100000,40.7,,,,,,,,,,,,,,,,,,,,,,100,100.0,100,53,66.67,75,62,65.33,68,17,18.67,21,55.7,176.2,236.9,2675.0,10801.0,34.0,0,6.4,31.33,55.5,33.39,33.63,33.76,63.16,0.11,0.11,0.11,17.01,0.0,0.02,0.06,2.44,2.95,3.38,10.042,14.236,12.855,12.85,12.855,15.992,0.0,0.0,0.0,0.0,211.33,634.0,48.0,194.67,292.0,4,4.0,4,16,16.0,16,4,16,4.79,19.58
16,1,,,,,,,100,25,58,26,36.5,2565,10801,34,0,54.8,58.3;61.0;68.8;69.1;62.0;64.3;81.1;85.4;71.6;75.5;85.3;88.3;50.2;49.7;22.6;24.3;48.9;49.9;20.6;20.3;41.2;45.8;30.0;40.7,33.44,0.11,0.0,2.6,12.855,0.0,146.0,439.0,4,16,,,,,,,,,,,,,,,,,,,,,,,,,,,,,,,,,,,,,,,,,,,,,,,,,,,,,,,,,,,,,
16,2,,,,,,,100,48,69,19,236.2,2730,10801,34,0,32.7,29.9;28.7;42.8;39.2;30.3;30.7;66.8;73.1;48.1;55.4;66.0;73.6;25.0;23.6;8.5;9.7;22.3;23.2;7.0;6.8;21.1;21.9;10.9;20.7,33.78,0.11,0.01,3.37,12.855,0.0,1513.0,146.0,4,16,,,,,,,,,,,,,,,,,,,,,,,,,,,,,,,,,,,,,,,,,,,,,,,,,,,,,,,,,,,,,
16,3,,,,,,,100,53,69,23,237.3,2730,10801,34,0,6.5,5.0;0.8;2.1;1.9;0.6;1.0;33.2;23.5;4.0;4.2;22.4;49.4;0.6;0.8;0.2;0.2;0.2;0.8;0.0;0.2;0.4;0.0;2.3;0.6,33.75,0.11,0.0,2.49,12.855,0.0,634.0,292.0,4,16,,,,,,,,,,,,,,,,,,,,,,,,,,,,,,,,,,,,,,,,,,,,,,,,,,,,,,,,,,,,,
16,summary,0.34422160526030005,0.9828918724439141,0.28986796736717224,0.9978888888888889,0.00100000,40.3,,,,,,,,,,,,,,,,,,,,,,100,100.0,100,25,42.0,53,58,65.33,69,19,22.67,26,36.5,170.0,237.3,2675.0,10801.0,34.0,0,6.5,31.33,54.8,33.44,33.66,33.78,63.16,0.11,0.11,0.11,17.01,0.0,0.0,0.01,2.49,2.82,3.37,10.042,14.236,12.855,12.85,12.855,15.992,0.0,0.0,0.0,146.0,764.33,1513.0,146.0,292.33,439.0,4,4.0,4,16,16.0,16,4,16,4.77,19.48
17,1,,,,,,,100,43,62,26,70.4,2565,10801,34,0,55.3,59.3;60.0;71.7;68.5;60.5;62.5;84.3;84.5;74.5;76.9;90.6;83.6;49.4;50.7;23.5;26.8;49.4;52.0;17.9;17.5;45.1;46.6;33.1;39.2,33.45,0.11,0.02,2.87,12.855,0.0,146.0,97.0,4,16,,,,,,,,,,,,,,,,,,,,,,,,,,,,,,,,,,,,,,,,,,,,,,,,,,,,,,,,,,,,,
17,2,,,,,,,98,75,66,16,234.1,2730,10801,33,0,33.8,30.4;28.9;40.2;44.0;32.6;32.8;70.3;68.6;48.0;49.4;64.1;74.2;26.7;26.7;11.0;11.7;24.2;25.0;8.5;8.2;23.5;21.8;18.7;21.6,33.78,0.11,0.01,3.22,12.855,0.0,244.0,0.0,4,16,,,,,,,,,,,,,,,,,,,,,,,,,,,,,,,,,,,,,,,,,,,,,,,,,,,,,,,,,,,,,
17,3,,,,,,,100,68,69,15,236.2,2730,10801,34,0,5.8,6.1;1.0;0.8;1.0;0.6;1.3;27.5;38.8;1.1;4.6;30.7;23.9;0.0;0.2;0.0;0.0;0.0;0.0;0.2;0.0;0.0;0.0;0.2;0.2,33.77,0.11,0.0,2.09,12.855,0.0,1025.0,244.0,4,16,,,,,,,,,,,,,,,,,,,,,,,,,,,,,,,,,,,,,,,,,,,,,,,,,,,,,,,,,,,,,
17,summary,0.34289940881996456,0.9830262235055153,0.2894212007522583,0.9978888888888889,0.00100000,40.3,,,,,,,,,,,,,,,,,,,,,,98,99.33,100,43,62.0,75,62,65.67,69,15,19.0,26,70.4,180.23,236.2,2675.0,10801.0,33.7,0,5.8,31.63,55.3,33.45,33.67,33.78,63.16,0.11,0.11,0.11,17.01,0.0,0.01,0.02,2.09,2.73,3.22,10.042,14.236,12.855,12.85,12.855,15.992,0.0,0.0,0.0,146.0,471.67,1025.0,0.0,113.67,244.0,4,4.0,4,16,16.0,16,4,16,4.56,19.59
18,1,,,,,,,100,27,55,21,38.5,2475,10801,34,0,55.3,60.8;61.8;67.9;70.8;63.1;63.8;89.1;89.3;72.3;77.6;81.2;85.0;49.8;49.6;21.6;21.6;50.0;51.3;18.7;18.8;43.4;47.5;34.5;38.3,33.39,0.11,0.0,2.88,12.855,0.0,195.0,4003.0,4,16,,,,,,,,,,,,,,,,,,,,,,,,,,,,,,,,,,,,,,,,,,,,,,,,,,,,,,,,,,,,,
18,2,,,,,,,100,51,68,23,236.4,2730,10801,34,0,33.6,30.5;29.0;42.4;39.3;30.6;35.2;76.9;67.3;48.7;55.4;67.9;68.8;25.0;25.1;9.4;9.6;24.6;24.1;7.3;7.8;20.3;22.6;16.4;20.8,33.77,0.11,0.0,2.96,12.855,0.0,0.0,341.0,4,16,,,,,,,,,,,,,,,,,,,,,,,,,,,,,,,,,,,,,,,,,,,,,,,,,,,,,,,,,,,,,
18,3,,,,,,,100,65,66,18,235.5,2730,10801,34,0,6.2,9.7;2.9;0.8;1.9;0.6;0.6;26.8;38.5;2.7;5.0;30.1;25.4;0.2;0.6;0.0;0.2;0.0;0.0;0.0;0.0;0.4;0.0;0.6;0.2,33.74,0.11,0.0,2.44,12.855,0.0,1953.0,146.0,4,16,,,,,,,,,,,,,,,,,,,,,,,,,,,,,,,,,,,,,,,,,,,,,,,,,,,,,,,,,,,,,
18,summary,0.3405978559513342,0.9837412444096295,0.2891990840435028,0.998,0.00100000,40.4,,,,,,,,,,,,,,,,,,,,,,100,100.0,100,27,47.67,65,55,63.0,68,18,20.67,23,38.5,170.13,236.4,2645.0,10801.0,34.0,0,6.2,31.7,55.3,33.39,33.63,33.77,63.16,0.11,0.11,0.11,17.01,0.0,0.0,0.0,2.44,2.76,2.96,10.042,14.236,12.855,12.85,12.855,15.992,0.0,0.0,0.0,0.0,716.0,1953.0,146.0,1496.67,4003.0,4,4.0,4,16,16.0,16,4,16,4.54,19.54
19,1,,,,,,,100,89,61,21,102.6,2745,10801,34,0,54.8,58.6;58.8;69.9;71.9;62.8;66.3;82.2;92.5;71.6;74.9;81.1;82.3;48.4;48.8;22.5;25.1;48.8;51.9;19.0;17.2;43.6;45.3;32.0;39.8,33.37,0.11,0.0,2.6,12.855,0.0,244.0,48.0,4,16,,,,,,,,,,,,,,,,,,,,,,,,,,,,,,,,,,,,,,,,,,,,,,,,,,,,,,,,,,,,,
19,2,,,,,,,100,68,68,22,235.3,2730,10801,34,0,32.5,29.1;26.2;39.0;41.9;30.2;30.9;74.1;70.7;49.3;55.1;66.4;64.2;25.7;25.4;6.4;9.6;23.2;23.8;6.4;4.9;22.4;21.2;11.3;21.9,33.78,0.11,0.0,3.37,12.855,0.0,1123.0,146.0,4,16,,,,,,,,,,,,,,,,,,,,,,,,,,,,,,,,,,,,,,,,,,,,,,,,,,,,,,,,,,,,,
19,3,,,,,,,98,70,68,18,235.4,2745,10801,34,0,5.6,4.9;0.2;0.8;1.7;0.6;0.2;33.2;28.8;2.1;1.5;29.6;27.6;0.4;0.8;0.0;0.0;0.0;0.0;0.0;0.0;0.0;0.0;0.0;0.6,33.77,0.11,0.0,2.1,12.855,0.0,244.0,0.0,4,16,,,,,,,,,,,,,,,,,,,,,,,,,,,,,,,,,,,,,,,,,,,,,,,,,,,,,,,,,,,,,
19,summary,0.33987839287326344,0.9839552952535364,0.2889673411846161,0.9981111111111111,0.00100000,40.5,,,,,,,,,,,,,,,,,,,,,,98,99.33,100,68,75.67,89,61,65.67,68,18,20.33,22,102.6,191.1,235.4,2740.0,10801.0,34.0,0,5.6,30.97,54.8,33.37,33.64,33.78,63.16,0.11,0.11,0.11,17.01,0.0,0.0,0.0,2.1,2.69,3.37,10.042,14.236,12.855,12.85,12.855,15.992,0.0,0.0,0.0,244.0,537.0,1123.0,0.0,64.67,146.0,4,4.0,4,16,16.0,16,4,16,4.61,19.55
20,1,,,,,,,100,52,62,21,55.6,2565,10801,34,0,54.9,59.8;59.0;68.2;71.0;63.0;63.1;82.4;90.7;69.2;72.7;85.1;82.3;51.7;50.4;22.2;23.6;50.0;50.9;19.1;18.7;44.2;47.7;35.0;38.0,33.36,0.11,0.0,2.95,12.855,0.0,97.0,244.0,4,16,,,,,,,,,,,,,,,,,,,,,,,,,,,,,,,,,,,,,,,,,,,,,,,,,,,,,,,,,,,,,
20,2,,,,,,,100,80,66,20,236.4,2730,10801,34,0,32.6,28.4;28.5;37.0;42.5;30.7;31.6;64.2;75.3;48.3;52.7;61.0;72.1;24.7;24.7;10.0;9.1;23.8;23.8;5.8;6.0;22.2;23.8;14.8;20.0,33.78,0.11,0.01,3.21,12.855,0.0,634.0,244.0,4,16,,,,,,,,,,,,,,,,,,,,,,,,,,,,,,,,,,,,,,,,,,,,,,,,,,,,,,,,,,,,,
20,3,,,,,,,100,75,67,18,237.4,2745,10801,34,0,5.9,4.9;1.5;1.9;1.9;0.2;0.2;31.1;22.0;2.9;2.7;25.1;45.6;0.8;0.2;0.0;0.0;0.0;0.4;0.2;0.0;0.2;0.0;0.0;0.6,33.75,0.11,0.0,2.07,12.855,0.0,683.0,0.0,4,16,,,,,,,,,,,,,,,,,,,,,,,,,,,,,,,,,,,,,,,,,,,,,,,,,,,,,,,,,,,,,
20,summary,0.3374023836686672,0.9847955586727026,0.28885236382484436,0.9981111111111111,0.00100000,41.0,,,,,,,,,,,,,,,,,,,,,,100,100.0,100,52,69.0,80,62,65.0,67,18,19.67,21,55.6,176.47,237.4,2680.0,10801.0,34.0,0,5.9,31.13,54.9,33.36,33.63,33.78,63.16,0.11,0.11,0.11,17.01,0.0,0.0,0.01,2.07,2.74,3.21,10.042,14.236,12.855,12.85,12.855,15.992,0.0,0.0,0.0,97.0,471.33,683.0,0.0,162.67,244.0,4,4.0,4,16,16.0,16,4,16,4.78,19.58
21,1,,,,,,,100,63,62,20,83.9,2745,10801,34,0,54.3,61.5;59.3;68.3;70.2;62.8;63.5;85.4;81.7;69.2;72.3;85.6;84.8;48.2;49.3;20.4;22.9;48.9;51.2;16.5;15.7;44.5;47.0;34.9;39.9,33.48,0.11,0.01,2.82,12.855,0.0,1025.0,195.0,4,16,,,,,,,,,,,,,,,,,,,,,,,,,,,,,,,,,,,,,,,,,,,,,,,,,,,,,,,,,,,,,
21,2,,,,,,,98,77,66,19,233.9,2730,10801,34,0,33.4,30.0;25.9;45.3;39.5;31.5;30.2;71.5;72.1;48.9;53.0;69.7;65.3;27.1;24.8;8.7;11.2;23.5;23.4;9.7;10.1;20.6;22.4;17.6;18.1,33.77,0.11,0.01,3.21,12.855,0.0,1562.0,195.0,4,16,,,,,,,,,,,,,,,,,,,,,,,,,,,,,,,,,,,,,,,,,,,,,,,,,,,,,,,,,,,,,
21,3,,,,,,,100,72,67,21,237.1,2730,10801,34,0,6.5,6.0;2.1;2.3;1.9;1.3;0.6;25.2;32.6;3.8;2.5;39.2;32.5;0.8;0.4;0.2;0.0;0.2;0.2;0.4;0.4;0.6;0.6;0.4;0.2,33.77,0.11,0.0,2.05,12.855,0.0,878.0,4296.0,4,16,,,,,,,,,,,,,,,,,,,,,,,,,,,,,,,,,,,,,,,,,,,,,,,,,,,,,,,,,,,,,
21,summary,0.337296833161849,0.9847158588903968,0.2888028025627136,0.9981111111111111,0.00100000,40.2,,,,,,,,,,,,,,,,,,,,,,98,99.33,100,63,70.67,77,62,65.0,67,19,20.0,21,83.9,184.97,237.1,2735.0,10801.0,34.0,0,6.5,31.4,54.3,33.48,33.67,33.77,63.16,0.11,0.11,0.11,17.01,0.0,0.01,0.01,2.05,2.69,3.21,10.042,14.236,12.855,12.85,12.855,15.992,0.0,0.0,0.0,878.0,1155.0,1562.0,195.0,1562.0,4296.0,4,4.0,4,16,16.0,16,4,16,4.71,19.47
22,1,,,,,,,100,44,62,26,66.3,2745,10801,34,0,55.7,62.1;61.4;72.1;71.2;64.6;65.6;86.0;82.3;71.0;73.6;82.1;93.0;52.1;50.6;22.1;25.0;50.3;53.1;18.1;16.6;42.3;48.1;33.5;40.2,33.37,0.11,0.0,2.87,12.855,0.0,244.0,0.0,4,16,,,,,,,,,,,,,,,,,,,,,,,,,,,,,,,,,,,,,,,,,,,,,,,,,,,,,,,,,,,,,
22,2,,,,,,,100,77,66,18,233.1,2730,10801,34,0,31.3,26.4;25.0;36.0;44.3;27.5;27.7;72.6;61.8;47.1;51.4;73.3;65.1;23.7;23.1;7.6;10.1;20.7;22.4;5.0;6.2;17.8;21.6;13.6;20.8,33.73,0.11,0.0,3.26,12.855,0.0,0.0,390.0,4,16,,,,,,,,,,,,,,,,,,,,,,,,,,,,,,,,,,,,,,,,,,,,,,,,,,,,,,,,,,,,,
22,3,,,,,,,100,66,66,17,237.1,2745,10801,34,0,6.6,6.2;3.3;3.6;3.8;2.1;1.5;41.7;28.6;2.7;2.9;26.8;32.2;0.8;0.2;0.0;0.0;0.2;0.2;0.2;0.0;0.8;0.0;0.0;0.0,33.72,0.11,0.18,3.76,12.855,0.0,488.0,195.0,4,16,,,,,,,,,,,,,,,,,,,,,,,,,,,,,,,,,,,,,,,,,,,,,,,,,,,,,,,,,,,,,
22,summary,0.33446744172255616,0.9857451246504595,0.2886574864387512,0.9981111111111111,0.00100000,40.7,,,,,,,,,,,,,,,,,,,,,,100,100.0,100,44,62.33,77,62,64.67,66,17,20.33,26,66.3,178.83,237.1,2740.0,10801.0,34.0,0,6.6,31.2,55.7,33.37,33.61,33.73,63.16,0.11,0.11,0.11,17.01,0.0,0.06,0.18,2.87,3.3,3.76,10.042,14.236,12.855,12.85,12.855,15.992,0.0,0.0,0.0,0.0,244.0,488.0,0.0,195.0,390.0,4,4.0,4,16,16.0,16,4,16,4.88,19.59
23,1,,,,,,,100,53,55,25,41.3,315,5001,34,0,55.4,59.1;60.0;71.1;71.1;63.2;63.7;84.4;82.6;71.9;75.0;85.5;90.8;50.7;51.4;21.8;24.2;50.5;54.1;16.5;17.5;42.7;49.4;37.1;34.7,33.51,0.11,0.0,2.84,12.855,0.0,48.0,195.0,4,16,,,,,,,,,,,,,,,,,,,,,,,,,,,,,,,,,,,,,,,,,,,,,,,,,,,,,,,,,,,,,
23,2,,,,,,,100,44,68,17,236.9,2745,10801,34,0,31.7,27.6;27.1;37.8;41.6;29.7;28.1;66.0;68.6;44.1;53.3;70.2;69.3;24.3;23.4;8.9;8.3;22.9;22.2;6.4;6.8;20.2;21.9;14.5;17.6,33.78,0.11,0.0,3.24,12.855,0.0,0.0,0.0,4,16,,,,,,,,,,,,,,,,,,,,,,,,,,,,,,,,,,,,,,,,,,,,,,,,,,,,,,,,,,,,,
23,3,,,,,,,100,47,67,23,237.4,2730,10801,34,0,5.8,3.7;1.3;1.7;2.3;0.2;0.2;39.7;29.1;3.4;2.3;26.4;27.5;0.2;0.0;0.0;0.0;0.2;0.4;0.0;0.2;0.0;0.0;0.4;0.0,33.76,0.11,0.0,2.06,12.855,0.0,0.0,439.0,4,16,,,,,,,,,,,,,,,,,,,,,,,,,,,,,,,,,,,,,,,,,,,,,,,,,,,,,,,,,,,,,
23,summary,0.3338311425206509,0.9858407643892264,0.2885897159576416,0.9981111111111111,0.00100000,40.5,,,,,,,,,,,,,,,,,,,,,,100,100.0,100,44,48.0,53,55,63.33,68,17,21.67,25,41.3,171.87,237.4,1930.0,8867.7,34.0,0,5.8,30.97,55.4,33.51,33.68,33.78,63.16,0.11,0.11,0.11,17.01,0.0,0.0,0.0,2.06,2.71,3.24,10.042,14.236,12.855,12.85,12.855,15.992,0.0,0.0,0.0,0.0,16.0,48.0,0.0,211.33,439.0,4,4.0,4,16,16.0,16,4,16,4.78,19.57
24,1,,,,,,,100,84,62,22,100.7,2745,10801,34,0,56.0,60.5;59.9;71.4;69.3;65.7;65.0;93.0;84.3;70.7;73.6;83.8;82.6;51.7;51.1;23.7;24.9;49.1;52.7;19.7;19.7;45.0;47.6;36.6;41.4,33.39,0.11,0.0,2.82,12.855,0.0,244.0,48.0,4,16,,,,,,,,,,,,,,,,,,,,,,,,,,,,,,,,,,,,,,,,,,,,,,,,,,,,,,,,,,,,,
24,2,,,,,,,98,74,66,21,234.2,2745,10801,34,0,31.3,25.9;25.0;39.7;38.4;31.7;27.8;65.3;66.1;46.8;51.3;65.7;76.2;23.5;22.3;8.5;8.2;20.3;22.0;6.9;6.8;19.6;20.6;14.3;17.9,33.78,0.11,0.0,2.95,12.855,0.0,1367.0,29687.0,4,16,,,,,,,,,,,,,,,,,,,,,,,,,,,,,,,,,,,,,,,,,,,,,,,,,,,,,,,,,,,,,
24,3,,,,,,,99,74,66,18,234.1,2730,10801,34,0,6.0,6.0;1.0;2.3;1.3;1.7;1.5;30.4;39.5;1.9;2.7;17.4;33.8;0.0;0.2;0.0;0.0;0.4;0.0;0.0;0.0;0.4;0.4;0.4;1.3,33.76,0.11,0.0,2.45,12.855,0.0,1074.0,48.0,4,16,,,,,,,,,,,,,,,,,,,,,,,,,,,,,,,,,,,,,,,,,,,,,,,,,,,,,,,,,,,,,
24,summary,0.3328959023974092,0.9861686720649986,0.28844213485717773,0.9981111111111111,0.00100000,40.7,,,,,,,,,,,,,,,,,,,,,,98,99.0,100,74,77.33,84,62,64.67,66,18,20.33,22,100.7,189.67,234.2,2740.0,10801.0,34.0,0,6.0,31.1,56.0,33.39,33.64,33.78,63.16,0.11,0.11,0.11,17.01,0.0,0.0,0.0,2.45,2.74,2.95,10.042,14.236,12.855,12.85,12.855,15.992,0.0,0.0,0.0,244.0,895.0,1367.0,48.0,9927.67,29687.0,4,4.0,4,16,16.0,16,4,16,4.97,19.45
25,1,,,,,,,100,56,62,22,54.8,2565,10801,34,0,55.7,58.1;59.3;67.5;71.3;64.2;65.9;90.8;86.0;72.8;76.3;84.0;86.5;51.4;51.0;21.7;22.7;49.1;52.5;19.2;17.2;44.9;49.8;34.9;38.4,33.42,0.11,0.0,2.81,12.855,0.0,0.0,97.0,4,16,,,,,,,,,,,,,,,,,,,,,,,,,,,,,,,,,,,,,,,,,,,,,,,,,,,,,,,,,,,,,
25,2,,,,,,,100,68,67,23,236.4,2730,10801,34,0,31.7,29.2;24.1;38.1;42.5;30.5;32.2;66.6;66.4;44.8;53.8;72.8;65.3;24.7;23.7;8.0;9.0;22.4;22.4;5.2;6.1;18.8;22.4;14.7;18.0,33.78,0.11,0.0,2.96,12.855,0.0,0.0,488.0,4,16,,,,,,,,,,,,,,,,,,,,,,,,,,,,,,,,,,,,,,,,,,,,,,,,,,,,,,,,,,,,,
25,3,,,,,,,100,69,66,17,236.6,2730,10801,34,0,6.0,3.3;0.4;1.5;1.3;1.0;0.6;26.1;38.8;3.3;4.8;38.5;20.3;0.2;0.4;0.0;0.4;0.0;0.4;0.6;0.0;0.6;0.0;0.4;0.2,33.76,0.11,0.0,2.45,12.855,0.0,1123.0,0.0,4,16,,,,,,,,,,,,,,,,,,,,,,,,,,,,,,,,,,,,,,,,,,,,,,,,,,,,,,,,,,,,,
25,summary,0.331794662548803,0.9864510370080246,0.2883421778678894,0.9981111111111111,0.00100000,40.9,,,,,,,,,,,,,,,,,,,,,,100,100.0,100,56,64.33,69,62,65.0,67,17,20.67,23,54.8,175.93,236.6,2675.0,10801.0,34.0,0,6.0,31.13,55.7,33.42,33.65,33.78,63.16,0.11,0.11,0.11,17.01,0.0,0.0,0.0,2.45,2.74,2.96,10.042,14.236,12.855,12.85,12.855,15.992,0.0,0.0,0.0,0.0,374.33,1123.0,0.0,195.0,488.0,4,4.0,4,16,16.0,16,4,16,4.81,19.6
26,1,,,,,,,100,63,60,23,50.3,2565,10801,34,0,54.7,58.8;58.4;68.3;71.7;65.5;64.4;80.7;91.1;70.6;75.7;85.4;82.2;51.4;52.3;22.6;23.0;46.9;49.8;17.2;17.4;41.2;45.9;33.9;38.1,33.43,0.11,0.0,2.79,12.855,0.0,732.0,0.0,4,16,,,,,,,,,,,,,,,,,,,,,,,,,,,,,,,,,,,,,,,,,,,,,,,,,,,,,,,,,,,,,
26,2,,,,,,,100,57,66,19,236.6,2730,10801,34,0,31.9,28.9;27.1;37.9;46.0;29.7;31.5;70.2;70.1;50.0;52.1;65.3;67.8;23.0;23.1;8.1;8.2;21.5;21.9;5.7;5.2;18.3;20.7;13.3;18.4,33.76,0.11,0.02,3.0,12.855,0.0,1123.0,195.0,4,16,,,,,,,,,,,,,,,,,,,,,,,,,,,,,,,,,,,,,,,,,,,,,,,,,,,,,,,,,,,,,
26,3,,,,,,,100,54,66,17,237.4,2730,10801,34,0,5.9,4.7;1.7;1.7;1.7;0.2;0.4;22.5;30.9;3.6;3.1;33.8;34.2;0.2;0.4;0.0;0.0;0.2;0.0;0.0;0.2;0.4;0.8;0.0;0.0,33.76,0.11,0.0,2.47,12.855,0.0,0.0,0.0,4,16,,,,,,,,,,,,,,,,,,,,,,,,,,,,,,,,,,,,,,,,,,,,,,,,,,,,,,,,,,,,,
26,summary,0.3312514519360725,0.9865808337963511,0.28819289803504944,0.9981111111111111,0.00100000,40.7,,,,,,,,,,,,,,,,,,,,,,100,100.0,100,54,58.0,63,60,64.0,66,17,19.67,23,50.3,174.77,237.4,2675.0,10801.0,34.0,0,5.9,30.83,54.7,33.43,33.65,33.76,63.16,0.11,0.11,0.11,17.01,0.0,0.01,0.02,2.47,2.75,3.0,10.042,14.236,12.855,12.85,12.855,15.992,0.0,0.0,0.0,0.0,618.33,1123.0,0.0,65.0,195.0,4,4.0,4,16,16.0,16,4,16,4.95,19.52
27,1,,,,,,,100,25,58,26,35.6,2565,10801,34,0,55.2,58.8;59.8;68.8;72.4;63.6;64.4;82.0;86.7;72.2;76.6;88.3;84.6;49.9;51.6;21.4;22.9;47.8;51.0;17.3;17.3;42.6;47.9;35.1;41.4,33.44,0.11,0.0,2.59,12.855,0.0,2490.0,244.0,4,16,,,,,,,,,,,,,,,,,,,,,,,,,,,,,,,,,,,,,,,,,,,,,,,,,,,,,,,,,,,,,
27,2,,,,,,,100,46,68,18,236.4,2730,10801,34,0,33.0,29.7;27.5;39.3;42.5;32.4;32.8;64.7;76.3;49.1;54.0;68.6;67.9;24.8;26.9;9.5;9.8;24.2;22.9;6.5;5.7;20.2;22.2;16.0;17.4,33.77,0.11,0.0,3.39,12.855,0.0,0.0,341.0,4,16,,,,,,,,,,,,,,,,,,,,,,,,,,,,,,,,,,,,,,,,,,,,,,,,,,,,,,,,,,,,,
27,3,,,,,,,100,68,68,16,233.7,2730,10801,34,0,5.9,8.5;0.6;1.3;0.8;0.4;0.6;23.6;29.4;2.1;1.7;34.5;37.8;0.2;0.2;0.0;0.0;0.0;0.0;0.0;0.0;0.2;0.2;0.2;0.0,33.75,0.11,0.0,2.44,12.855,0.0,1269.0,97.0,4,16,,,,,,,,,,,,,,,,,,,,,,,,,,,,,,,,,,,,,,,,,,,,,,,,,,,,,,,,,,,,,
27,summary,0.32994763321115667,0.9870430925337244,0.2880651652812958,0.9982222222222222,0.00100000,40.3,,,,,,,,,,,,,,,,,,,,,,100,100.0,100,25,46.33,68,58,64.67,68,16,20.0,26,35.6,168.57,236.4,2675.0,10801.0,34.0,0,5.9,31.37,55.2,33.44,33.65,33.77,63.16,0.11,0.11,0.11,17.01,0.0,0.0,0.0,2.44,2.81,3.39,10.042,14.236,12.855,12.85,12.855,15.992,0.0,0.0,0.0,0.0,1253.0,2490.0,97.0,227.33,341.0,4,4.0,4,16,16.0,16,4,16,4.75,19.47
28,1,,,,,,,100,52,62,21,58.7,2565,10801,34,0,55.2,61.6;58.3;69.8;71.4;64.8;64.5;86.0;84.3;72.5;76.3;88.1;84.1;51.4;52.8;20.4;21.9;50.0;52.9;14.9;15.1;44.1;47.4;32.2;39.0,33.4,0.11,0.0,2.87,12.855,0.0,0.0,97.0,4,16,,,,,,,,,,,,,,,,,,,,,,,,,,,,,,,,,,,,,,,,,,,,,,,,,,,,,,,,,,,,,
28,2,,,,,,,100,80,65,19,234.6,2730,10801,34,0,33.6,30.3;27.2;39.3;44.0;32.7;33.9;64.6;71.0;50.3;51.5;72.1;71.5;26.9;26.3;8.7;10.2;25.4;25.0;6.4;7.1;20.5;23.8;17.4;19.9,33.77,0.11,0.0,3.2,12.855,0.0,1123.0,0.0,4,16,,,,,,,,,,,,,,,,,,,,,,,,,,,,,,,,,,,,,,,,,,,,,,,,,,,,,,,,,,,,,
28,3,,,,,,,100,67,69,17,234.8,2730,10801,34,0,5.8,3.7;0.8;2.5;2.5;0.6;0.8;30.8;39.5;3.5;2.9;28.5;19.9;0.8;0.4;0.0;0.0;0.4;0.0;0.0;0.0;0.8;0.4;0.0;0.0,33.76,0.11,0.0,2.08,12.855,0.0,146.0,97.0,4,16,,,,,,,,,,,,,,,,,,,,,,,,,,,,,,,,,,,,,,,,,,,,,,,,,,,,,,,,,,,,,
28,summary,0.3290385880683814,0.9874006029857816,0.2879791855812073,0.9982222222222222,0.00100000,40.5,,,,,,,,,,,,,,,,,,,,,,100,100.0,100,52,66.33,80,62,65.33,69,17,19.0,21,58.7,176.03,234.8,2675.0,10801.0,34.0,0,5.8,31.53,55.2,33.4,33.64,33.77,63.16,0.11,0.11,0.11,17.01,0.0,0.0,0.0,2.08,2.72,3.2,10.042,14.236,12.855,12.85,12.855,15.992,0.0,0.0,0.0,0.0,423.0,1123.0,0.0,64.67,97.0,4,4.0,4,16,16.0,16,4,16,4.57,19.57
29,1,,,,,,,100,89,61,23,101.1,2745,10801,34,0,54.9,57.0;57.8;67.0;72.7;62.7;65.2;80.3;83.4;73.2;75.1;85.4;90.6;51.9;52.5;20.8;22.6;48.8;52.3;18.7;18.2;43.8;48.1;32.5;37.7,33.43,0.11,0.0,2.82,12.855,0.0,1367.0,0.0,4,16,,,,,,,,,,,,,,,,,,,,,,,,,,,,,,,,,,,,,,,,,,,,,,,,,,,,,,,,,,,,,
29,2,,,,,,,100,75,66,17,233.0,2745,10801,33,0,32.3,27.1;25.8;38.0;42.9;31.5;33.4;71.1;63.9;43.8;51.9;73.1;71.5;24.6;23.4;8.9;9.4;22.7;23.0;7.0;7.8;19.9;22.2;14.5;18.3,33.77,0.11,0.0,3.21,12.855,0.0,146.0,4003.0,4,16,,,,,,,,,,,,,,,,,,,,,,,,,,,,,,,,,,,,,,,,,,,,,,,,,,,,,,,,,,,,,
29,3,,,,,,,98,77,65,19,232.5,2730,10801,34,0,5.6,2.5;0.6;1.7;1.7;0.4;0.2;24.4;32.6;2.5;1.5;35.9;29.6;0.2;0.0;0.0;0.0;0.0;0.2;0.0;0.4;0.0;0.0;0.0;0.0,33.78,0.11,0.0,2.05,12.855,0.0,634.0,195.0,4,16,,,,,,,,,,,,,,,,,,,,,,,,,,,,,,,,,,,,,,,,,,,,,,,,,,,,,,,,,,,,,
29,summary,0.32776806933418573,0.9876875222020822,0.2878957688808441,0.9982222222222222,0.00100000,40.7,,,,,,,,,,,,,,,,,,,,,,98,99.33,100,75,80.33,89,61,64.0,66,17,19.67,23,101.1,188.87,233.0,2740.0,10801.0,33.7,0,5.6,30.93,54.9,33.43,33.66,33.78,63.16,0.11,0.11,0.11,17.01,0.0,0.0,0.0,2.05,2.69,3.21,10.042,14.236,12.855,12.85,12.855,15.992,0.0,0.0,0.0,146.0,715.67,1367.0,0.0,1399.33,4003.0,4,4.0,4,16,16.0,16,4,16,4.83,19.56
30,1,,,,,,,100,63,57,21,50.1,2565,10801,34,0,55.2,59.4;57.9;66.5;72.0;63.5;64.1;87.5;83.4;71.4;74.3;80.8;89.5;51.4;52.8;23.6;26.0;49.9;52.0;17.9;17.1;44.2;46.6;33.2;39.6,33.55,0.11,0.05,3.23,12.855,0.0,48.0,390.0,4,16,,,,,,,,,,,,,,,,,,,,,,,,,,,,,,,,,,,,,,,,,,,,,,,,,,,,,,,,,,,,,
30,2,,,,,,,100,53,66,19,236.2,2730,10801,34,0,32.3,27.1;26.6;36.5;41.8;29.9;30.5;66.9;72.7;47.2;52.2;70.7;63.6;24.5;23.0;10.1;10.2;22.2;23.3;6.6;7.5;23.4;21.0;15.9;19.1,33.78,0.11,0.0,3.19,12.855,0.0,878.0,97.0,4,16,,,,,,,,,,,,,,,,,,,,,,,,,,,,,,,,,,,,,,,,,,,,,,,,,,,,,,,,,,,,,
30,3,,,,,,,100,54,69,18,236.7,2730,10801,34,0,5.7,3.3;0.2;1.7;0.6;0.8;0.2;42.3;37.3;2.7;3.2;21.5;21.4;0.4;0.0;0.0;0.0;0.2;0.0;0.0;0.0;0.2;0.0;0.2;0.0,33.76,0.11,0.0,2.09,12.855,0.0,488.0,97.0,4,16,,,,,,,,,,,,,,,,,,,,,,,,,,,,,,,,,,,,,,,,,,,,,,,,,,,,,,,,,,,,,
30,summary,0.3267895237721756,0.9881270095730824,0.28769367933273315,0.9983333333333333,0.00100000,40.6,,,,,,,,,,,,,,,,,,,,,,100,100.0,100,53,56.67,63,57,64.0,69,18,19.33,21,50.1,174.33,236.7,2675.0,10801.0,34.0,0,5.7,31.07,55.2,33.55,33.7,33.78,63.16,0.11,0.11,0.11,17.01,0.0,0.02,0.05,2.09,2.84,3.23,10.042,14.236,12.855,12.85,12.855,15.992,0.0,0.0,0.0,48.0,471.33,878.0,97.0,194.67,390.0,4,4.0,4,16,16.0,16,4,16,4.85,19.58
31,1,,,,,,,100,27,54,22,34.3,2565,10801,34,0,55.4,59.8;59.0;67.9;71.1;62.4;65.1;95.4;81.7;72.9;76.7;81.9;85.0;52.3;51.8;21.7;23.4;50.8;52.4;17.5;17.3;45.0;47.6;30.8;39.5,33.4,0.11,0.0,2.83,12.855,0.0,878.0,146.0,4,16,,,,,,,,,,,,,,,,,,,,,,,,,,,,,,,,,,,,,,,,,,,,,,,,,,,,,,,,,,,,,
31,2,,,,,,,100,47,66,22,236.1,2745,10801,34,0,32.1,28.0;27.1;39.1;43.6;28.6;30.0;62.2;69.1;46.9;52.7;70.5;74.0;25.4;24.4;8.1;9.7;22.8;22.6;6.9;6.6;18.7;20.7;12.1;19.8,33.8,0.11,0.0,2.97,12.855,0.0,1123.0,0.0,4,16,,,,,,,,,,,,,,,,,,,,,,,,,,,,,,,,,,,,,,,,,,,,,,,,,,,,,,,,,,,,,
31,3,,,,,,,100,66,68,16,235.2,2730,10801,34,0,5.7,4.3;0.6;1.5;0.6;0.0;0.6;30.3;33.1;3.1;2.7;33.1;25.6;0.2;0.2;0.2;0.0;0.0;0.0;0.2;0.0;0.8;0.6;0.0;0.0,33.78,0.11,0.0,2.45,12.855,0.0,927.0,97.0,4,16,,,,,,,,,,,,,,,,,,,,,,,,,,,,,,,,,,,,,,,,,,,,,,,,,,,,,,,,,,,,,
31,summary,0.3268935068671811,0.9879630557351964,0.28757619857788086,0.9983333333333333,0.00100000,40.8,,,,,,,,,,,,,,,,,,,,,,100,100.0,100,27,46.67,66,54,62.67,68,16,20.0,22,34.3,168.53,236.1,2680.0,10801.0,34.0,0,5.7,31.07,55.4,33.4,33.66,33.8,63.16,0.11,0.11,0.11,17.01,0.0,0.0,0.0,2.45,2.75,2.97,10.042,14.236,12.855,12.85,12.855,15.992,0.0,0.0,0.0,878.0,976.0,1123.0,0.0,81.0,146.0,4,4.0,4,16,16.0,16,4,16,4.81,19.46
32,1,,,,,,,100,26,57,22,38.1,2565,10801,34,0,54.4,60.6;59.5;69.0;69.5;61.9;62.8;83.1;93.9;71.5;75.9;81.5;80.7;50.3;50.3;20.8;22.8;49.3;51.5;18.0;18.0;42.1;44.8;30.1;38.1,33.52,0.11,0.0,2.79,12.855,0.0,2099.0,146.0,4,16,,,,,,,,,,,,,,,,,,,,,,,,,,,,,,,,,,,,,,,,,,,,,,,,,,,,,,,,,,,,,
32,2,,,,,,,100,52,68,19,237.4,2730,10801,33,0,31.6,28.2;27.1;38.9;40.5;28.9;29.0;77.9;65.1;45.7;48.9;67.5;62.6;24.6;23.8;9.3;10.6;23.6;22.4;6.4;5.7;19.3;19.6;12.4;19.9,33.8,0.11,0.01,2.94,12.855,0.0,244.0,195.0,4,16,,,,,,,,,,,,,,,,,,,,,,,,,,,,,,,,,,,,,,,,,,,,,,,,,,,,,,,,,,,,,
32,3,,,,,,,98,70,69,16,234.2,2730,10801,34,0,5.9,3.1;1.0;0.8;1.7;0.6;1.0;25.3;33.7;3.3;1.7;33.4;33.5;0.6;0.2;0.0;0.2;0.2;0.0;0.0;0.0;0.2;0.8;0.0;0.0,33.78,0.11,0.0,2.49,12.855,0.0,878.0,390.0,4,16,,,,,,,,,,,,,,,,,,,,,,,,,,,,,,,,,,,,,,,,,,,,,,,,,,,,,,,,,,,,,
32,summary,0.3250037183842447,0.9884867971617769,0.28747910261154175,0.9983333333333333,0.00100000,40.6,,,,,,,,,,,,,,,,,,,,,,98,99.33,100,26,49.33,70,57,64.67,69,16,19.0,22,38.1,169.9,237.4,2675.0,10801.0,33.7,0,5.9,30.63,54.4,33.52,33.7,33.8,63.16,0.11,0.11,0.11,17.01,0.0,0.0,0.01,2.49,2.74,2.94,10.042,14.236,12.855,12.85,12.855,15.992,0.0,0.0,0.0,244.0,1073.67,2099.0,146.0,243.67,390.0,4,4.0,4,16,16.0,16,4,16,4.85,19.55
33,1,,,,,,,100,86,62,22,100.4,2745,10801,34,0,55.1,59.2;59.0;69.2;69.9;60.7;61.8;81.0;92.6;74.4;76.6;85.3;83.9;52.0;50.6;22.9;25.9;50.8;52.4;18.4;17.8;42.8;46.1;33.6;34.8,33.44,0.11,0.05,3.1,12.855,0.0,244.0,48.0,4,16,,,,,,,,,,,,,,,,,,,,,,,,,,,,,,,,,,,,,,,,,,,,,,,,,,,,,,,,,,,,,
33,2,,,,,,,98,74,67,19,233.8,2745,10801,34,0,33.2,29.3;27.9;39.9;40.4;29.8;32.3;71.6;75.4;49.7;54.7;67.4;65.3;25.7;24.6;10.5;9.0;23.7;24.7;7.9;7.2;23.1;21.2;18.2;18.0,33.79,0.11,0.0,2.95,12.855,0.0,244.0,3320.0,4,16,,,,,,,,,,,,,,,,,,,,,,,,,,,,,,,,,,,,,,,,,,,,,,,,,,,,,,,,,,,,,
33,3,,,,,,,100,87,66,22,231.3,2730,10801,34,0,5.4,3.7;0.0;1.7;0.6;0.2;0.0;21.8;28.1;2.3;2.1;34.4;33.1;0.2;0.0;0.0;0.0;0.0;0.0;0.0;0.0;0.0;0.0;0.0;0.0,33.77,0.11,0.0,2.46,12.855,0.0,878.0,146.0,4,16,,,,,,,,,,,,,,,,,,,,,,,,,,,,,,,,,,,,,,,,,,,,,,,,,,,,,,,,,,,,,
33,summary,0.32450415343891775,0.9886575824095749,0.2874082326889038,0.9983333333333333,0.00100000,40.5,,,,,,,,,,,,,,,,,,,,,,98,99.33,100,74,82.33,87,62,65.0,67,19,21.0,22,100.4,188.5,233.8,2740.0,10801.0,34.0,0,5.4,31.23,55.1,33.44,33.67,33.79,63.16,0.11,0.11,0.11,17.01,0.0,0.02,0.05,2.46,2.84,3.1,10.042,14.236,12.855,12.85,12.855,15.992,0.0,0.0,0.0,244.0,455.33,878.0,48.0,1171.33,3320.0,4,4.0,4,16,16.0,16,4,16,4.77,19.49
34,1,,,,,,,100,66,61,26,51.0,2565,10801,34,0,55.9,61.2;61.0;69.3;70.8;62.7;65.5;86.4;85.4;73.3;77.0;88.4;83.7;52.5;52.6;23.1;24.4;52.0;52.9;18.3;17.3;47.3;46.9;31.6;38.6,33.37,0.11,0.01,2.81,12.855,0.0,244.0,0.0,4,16,,,,,,,,,,,,,,,,,,,,,,,,,,,,,,,,,,,,,,,,,,,,,,,,,,,,,,,,,,,,,
34,2,,,,,,,100,67,67,16,234.6,2730,10801,33,0,32.2,32.6;24.8;38.3;37.3;30.5;30.8;67.9;75.7;49.9;52.2;65.0;69.0;23.6;23.5;10.1;9.8;22.0;22.0;6.6;5.8;20.8;20.5;13.5;19.3,33.76,0.11,0.01,3.24,12.855,0.0,97.0,683.0,4,16,,,,,,,,,,,,,,,,,,,,,,,,,,,,,,,,,,,,,,,,,,,,,,,,,,,,,,,,,,,,,
34,3,,,,,,,82,67,66,16,233.2,2730,10801,34,0,6.3,4.7;1.7;3.5;1.7;1.5;0.6;25.4;28.0;3.8;2.9;42.9;29.6;0.2;0.8;0.2;0.0;0.0;0.0;0.0;0.0;0.4;1.3;0.4;1.3,33.74,0.11,0.0,2.4,12.855,0.0,0.0,244.0,4,16,,,,,,,,,,,,,,,,,,,,,,,,,,,,,,,,,,,,,,,,,,,,,,,,,,,,,,,,,,,,,
34,summary,0.32391397019355656,0.9888169819741863,0.2872741222381592,0.9986666666666667,0.00100000,40.7,,,,,,,,,,,,,,,,,,,,,,82,94.0,100,66,66.67,67,61,64.67,67,16,19.33,26,51.0,172.93,234.6,2675.0,10801.0,33.7,0,6.3,31.47,55.9,33.37,33.62,33.76,63.16,0.11,0.11,0.11,17.01,0.0,0.01,0.01,2.4,2.82,3.24,10.042,14.236,12.855,12.85,12.855,15.992,0.0,0.0,0.0,0.0,113.67,244.0,0.0,309.0,683.0,4,4.0,4,16,16.0,16,4,16,4.85,19.57
35,1,,,,,,,100,73,58,22,49.6,2565,10801,34,0,54.8,60.9;60.9;69.1;71.2;60.2;63.2;84.6;81.8;71.4;73.2;87.3;87.0;49.5;49.0;20.9;23.5;51.1;53.7;18.8;17.6;44.7;44.0;33.0;38.0,33.4,0.11,0.0,2.73,12.855,0.0,17578.0,3613.0,4,16,,,,,,,,,,,,,,,,,,,,,,,,,,,,,,,,,,,,,,,,,,,,,,,,,,,,,,,,,,,,,
35,2,,,,,,,100,56,67,17,236.8,2745,10801,34,0,32.1,27.7;25.8;37.8;42.7;27.9;31.9;62.8;71.3;49.1;52.1;72.0;65.3;24.3;24.1;9.6;9.2;21.8;24.2;6.9;5.5;19.3;20.5;16.7;20.3,33.76,0.11,0.0,3.22,12.855,0.0,1367.0,48.0,4,16,,,,,,,,,,,,,,,,,,,,,,,,,,,,,,,,,,,,,,,,,,,,,,,,,,,,,,,,,,,,,
35,3,,,,,,,100,55,68,18,237.2,2730,10801,34,0,5.9,3.1;1.3;1.5;2.5;0.8;1.5;39.1;30.1;1.9;2.9;17.4;37.9;0.2;0.2;0.0;0.0;0.0;0.0;0.0;0.2;0.0;0.0;0.2;0.6,33.75,0.11,0.0,2.04,12.855,0.0,732.0,292.0,4,16,,,,,,,,,,,,,,,,,,,,,,,,,,,,,,,,,,,,,,,,,,,,,,,,,,,,,,,,,,,,,
35,summary,0.32299622602821393,0.9891221182835855,0.28712859749794006,0.9987777777777778,0.00100000,40.5,,,,,,,,,,,,,,,,,,,,,,100,100.0,100,55,61.33,73,58,64.33,68,17,19.0,22,49.6,174.53,237.2,2680.0,10801.0,34.0,0,5.9,30.93,54.8,33.4,33.64,33.76,63.16,0.11,0.11,0.11,17.01,0.0,0.0,0.0,2.04,2.66,3.22,10.042,14.236,12.855,12.85,12.855,15.992,0.0,0.0,0.0,732.0,6559.0,17578.0,48.0,1317.67,3613.0,4,4.0,4,16,16.0,16,4,16,4.78,19.47
36,1,,,,,,,100,64,62,22,90.9,2745,10801,34,0,55.4,60.5;61.0;70.3;70.6;62.1;63.9;79.7;86.8;73.2;76.0;81.1;91.8;51.6;51.3;21.9;23.2;51.6;51.9;17.3;18.1;44.9;47.0;33.9;40.3,33.44,0.11,0.0,2.87,12.855,0.0,244.0,195.0,4,16,,,,,,,,,,,,,,,,,,,,,,,,,,,,,,,,,,,,,,,,,,,,,,,,,,,,,,,,,,,,,
36,2,,,,,,,98,72,64,16,233.4,2745,10801,34,0,31.2,26.3;25.1;33.7;46.5;28.5;32.5;66.2;63.0;45.6;51.1;72.1;72.6;23.5;23.2;6.9;7.9;22.1;21.4;5.1;5.1;19.0;19.3;13.2;19.0,33.75,0.11,0.0,3.21,12.855,0.0,634.0,830.0,4,16,,,,,,,,,,,,,,,,,,,,,,,,,,,,,,,,,,,,,,,,,,,,,,,,,,,,,,,,,,,,,
36,3,,,,,,,100,89,66,19,235.4,2730,10801,34,0,7.1,11.8;2.3;4.6;3.8;0.6;0.2;31.7;18.9;5.2;4.4;31.7;46.0;0.8;0.8;0.2;0.0;0.8;0.4;0.2;0.2;0.6;0.6;1.3;1.9,33.75,0.11,0.0,2.09,12.855,0.0,9033.0,125878.0,4,16,,,,,,,,,,,,,,,,,,,,,,,,,,,,,,,,,,,,,,,,,,,,,,,,,,,,,,,,,,,,,
36,summary,0.3229694885057889,0.9890492499111917,0.2870583236217499,0.9986666666666667,0.00100000,40.7,,,,,,,,,,,,,,,,,,,,,,98,99.33,100,64,75.0,89,62,64.0,66,16,19.0,22,90.9,186.57,235.4,2740.0,10801.0,34.0,0,7.1,31.23,55.4,33.44,33.65,33.75,63.16,0.11,0.11,0.11,17.01,0.0,0.0,0.0,2.09,2.72,3.21,10.042,14.236,12.855,12.85,12.855,15.992,0.0,0.0,0.0,244.0,3303.67,9033.0,195.0,42301.0,125878.0,4,4.0,4,16,16.0,16,4,16,4.86,19.54
37,1,,,,,,,100,44,63,22,63.7,2745,10801,34,0,55.3,60.0;58.9;70.6;68.9;61.2;61.9;88.8;85.3;73.3;75.7;81.7;85.1;53.1;52.2;22.6;25.2;50.6;52.5;16.7;18.1;42.2;47.6;35.5;39.2,33.44,0.11,0.0,2.85,12.855,0.0,0.0,0.0,4,16,,,,,,,,,,,,,,,,,,,,,,,,,,,,,,,,,,,,,,,,,,,,,,,,,,,,,,,,,,,,,
37,2,,,,,,,100,81,66,19,235.0,2730,10801,34,0,32.1,29.0;27.1;37.6;42.0;30.2;33.1;60.2;69.8;46.7;54.3;66.8;77.0;24.1;23.8;10.2;9.6;18.9;21.7;7.3;6.2;17.8;22.3;15.3;19.2,33.77,0.11,0.0,3.78,12.855,0.0,1367.0,0.0,4,16,,,,,,,,,,,,,,,,,,,,,,,,,,,,,,,,,,,,,,,,,,,,,,,,,,,,,,,,,,,,,
37,3,,,,,,,100,55,68,17,237.2,2730,10801,34,0,5.9,3.5;1.3;1.9;1.7;0.6;0.8;34.2;30.2;2.5;1.5;16.9;43.9;0.6;0.6;0.2;0.0;0.2;0.2;0.0;0.0;0.4;0.0;0.0;0.0,33.76,0.11,0.0,2.07,12.855,0.0,0.0,195.0,4,16,,,,,,,,,,,,,,,,,,,,,,,,,,,,,,,,,,,,,,,,,,,,,,,,,,,,,,,,,,,,,
37,summary,0.32217411541624547,0.9893475548106788,0.2868649363517761,0.9986666666666667,0.00100000,40.7,,,,,,,,,,,,,,,,,,,,,,100,100.0,100,44,60.0,81,63,65.67,68,17,19.33,22,63.7,178.63,237.2,2735.0,10801.0,34.0,0,5.9,31.1,55.3,33.44,33.66,33.77,63.16,0.11,0.11,0.11,17.01,0.0,0.0,0.0,2.07,2.9,3.78,10.042,14.236,12.855,12.85,12.855,15.992,0.0,0.0,0.0,0.0,455.67,1367.0,0.0,65.0,195.0,4,4.0,4,16,16.0,16,4,16,4.75,19.48
38,1,,,,,,,100,89,61,22,102.6,2745,10801,34,0,54.6,59.2;60.2;71.6;66.9;63.3;62.8;89.9;82.8;69.4;76.0;78.6;85.4;50.4;50.0;22.6;23.8;50.3;53.4;18.7;17.5;40.7;45.6;33.0;39.1,33.4,0.11,0.0,2.82,12.855,0.0,390.0,48.0,4,16,,,,,,,,,,,,,,,,,,,,,,,,,,,,,,,,,,,,,,,,,,,,,,,,,,,,,,,,,,,,,
38,2,,,,,,,100,70,68,19,234.8,2730,10801,34,0,32.5,27.9;26.4;37.2;43.9;29.2;32.3;69.5;71.2;49.4;50.1;68.9;67.7;25.2;23.9;8.1;8.4;22.6;23.7;6.2;6.6;20.3;23.4;16.1;19.3,33.78,0.11,0.01,2.95,12.855,0.0,0.0,97.0,4,16,,,,,,,,,,,,,,,,,,,,,,,,,,,,,,,,,,,,,,,,,,,,,,,,,,,,,,,,,,,,,
38,3,,,,,,,98,76,68,16,233.4,2730,10801,34,0,6.0,5.1;0.4;1.9;1.3;0.6;0.8;38.8;32.2;2.5;4.2;26.4;26.5;0.2;0.8;0.0;0.0;0.4;0.0;0.0;0.2;0.0;0.0;0.0;0.6,33.76,0.11,0.0,2.53,12.855,0.0,0.0,341.0,4,16,,,,,,,,,,,,,,,,,,,,,,,,,,,,,,,,,,,,,,,,,,,,,,,,,,,,,,,,,,,,,
38,summary,0.32200281524006275,0.9894135917731608,0.2867116928100586,0.9987777777777778,0.00100000,40.5,,,,,,,,,,,,,,,,,,,,,,98,99.33,100,70,78.33,89,61,65.67,68,16,19.0,22,102.6,190.27,234.8,2735.0,10801.0,34.0,0,6.0,31.03,54.6,33.4,33.65,33.78,63.16,0.11,0.11,0.11,17.01,0.0,0.0,0.01,2.53,2.77,2.95,10.042,14.236,12.855,12.85,12.855,15.992,0.0,0.0,0.0,0.0,130.0,390.0,48.0,162.0,341.0,4,4.0,4,16,16.0,16,4,16,4.67,19.54
39,1,,,,,,,100,63,62,20,83.7,2745,10801,34,0,55.1,61.1;59.5;69.0;68.7;64.1;62.8;87.5;87.8;71.4;76.7;81.0;85.5;51.4;49.9;23.3;23.8;48.8;52.8;17.6;16.3;41.8;48.5;34.2;38.1,33.42,0.11,0.0,2.85,12.855,0.0,0.0,0.0,4,16,,,,,,,,,,,,,,,,,,,,,,,,,,,,,,,,,,,,,,,,,,,,,,,,,,,,,,,,,,,,,
39,2,,,,,,,98,75,67,17,233.0,2730,10801,34,0,32.6,27.7;27.2;39.5;44.3;33.1;34.4;69.2;71.0;45.0;52.9;67.0;61.8;25.5;23.7;9.0;9.0;23.4;22.7;6.7;7.5;20.6;22.8;16.6;20.3,33.78,0.11,0.01,2.95,12.855,0.0,1171.0,878.0,4,16,,,,,,,,,,,,,,,,,,,,,,,,,,,,,,,,,,,,,,,,,,,,,,,,,,,,,,,,,,,,,
39,3,,,,,,,100,83,65,15,235.6,2745,10801,34,0,6.5,6.1;1.0;2.9;3.3;1.5;2.1;34.9;38.1;2.1;5.0;25.3;31.0;0.4;0.4;0.0;0.2;0.2;0.4;0.2;0.0;0.4;0.2;0.4;0.6,33.77,0.11,0.0,2.47,12.855,0.0,683.0,29150.0,4,16,,,,,,,,,,,,,,,,,,,,,,,,,,,,,,,,,,,,,,,,,,,,,,,,,,,,,,,,,,,,,
39,summary,0.3207883085441586,0.9899555502928398,0.28656020760536194,0.9987777777777778,0.00100000,40.5,,,,,,,,,,,,,,,,,,,,,,98,99.33,100,63,73.67,83,62,64.67,67,15,17.33,20,83.7,184.1,235.6,2740.0,10801.0,34.0,0,6.5,31.4,55.1,33.42,33.66,33.78,63.16,0.11,0.11,0.11,17.01,0.0,0.0,0.01,2.47,2.76,2.95,10.042,14.236,12.855,12.85,12.855,15.992,0.0,0.0,0.0,0.0,618.0,1171.0,0.0,10009.33,29150.0,4,4.0,4,16,16.0,16,4,16,4.65,19.52
40,1,,,,,,,100,29,57,26,37.8,2565,10801,34,0,55.4,59.5;60.8;68.1;72.6;65.1;66.0;81.2;92.6;68.6;75.3;85.7;82.0;50.7;53.6;21.2;23.6;50.1;52.8;17.5;17.5;44.7;47.2;34.1;38.0,33.39,0.11,0.0,2.81,12.855,0.0,1123.0,439.0,4,16,,,,,,,,,,,,,,,,,,,,,,,,,,,,,,,,,,,,,,,,,,,,,,,,,,,,,,,,,,,,,
40,2,,,,,,,100,46,68,19,235.9,2730,10801,34,0,32.0,27.6;28.4;39.4;39.3;29.8;29.8;69.4;71.8;50.1;51.2;64.7;66.4;25.8;24.8;7.7;7.7;22.6;23.4;5.3;6.0;19.8;22.2;14.6;19.8,33.78,0.11,0.0,2.94,12.855,0.0,0.0,341.0,4,16,,,,,,,,,,,,,,,,,,,,,,,,,,,,,,,,,,,,,,,,,,,,,,,,,,,,,,,,,,,,,
40,3,,,,,,,100,57,69,15,236.9,2730,10801,34,0,6.6,5.2;1.5;4.0;2.9;0.6;0.6;25.6;26.3;5.2;8.2;43.2;34.0;0.0;0.4;0.0;0.0;0.2;0.0;0.0;0.0;0.0;0.0;0.2;0.4,33.78,0.11,0.0,2.53,12.855,0.0,634.0,195.0,4,16,,,,,,,,,,,,,,,,,,,,,,,,,,,,,,,,,,,,,,,,,,,,,,,,,,,,,,,,,,,,,
40,summary,0.3196268987980084,0.9902424695091404,0.28646188974380493,0.9987777777777778,0.00100000,40.9,,,,,,,,,,,,,,,,,,,,,,100,100.0,100,29,44.0,57,57,64.67,69,15,20.0,26,37.8,170.2,236.9,2675.0,10801.0,34.0,0,6.6,31.33,55.4,33.39,33.65,33.78,63.16,0.11,0.11,0.11,17.01,0.0,0.0,0.0,2.53,2.76,2.94,10.042,14.236,12.855,12.85,12.855,15.992,0.0,0.0,0.0,0.0,585.67,1123.0,195.0,325.0,439.0,4,4.0,4,16,16.0,16,4,16,4.89,19.52
41,1,,,,,,,100,65,63,25,84.5,2745,10801,34,0,54.3,60.0;59.3;69.5;69.3;63.7;62.7;83.2;82.9;70.0;72.5;87.3;83.9;50.4;51.2;20.3;23.2;49.0;50.2;15.2;15.2;45.0;45.9;34.1;40.1,33.39,0.11,0.0,2.58,12.855,0.0,244.0,0.0,4,16,,,,,,,,,,,,,,,,,,,,,,,,,,,,,,,,,,,,,,,,,,,,,,,,,,,,,,,,,,,,,
41,2,,,,,,,98,79,67,19,232.6,2730,10801,34,0,32.6,29.9;28.1;45.5;38.9;32.5;29.7;69.0;72.8;47.4;48.8;62.7;69.5;25.3;24.2;9.3;9.2;24.4;24.8;6.9;7.2;20.6;20.6;15.7;20.2,33.79,0.11,0.0,3.41,12.855,0.0,2343.0,97.0,4,16,,,,,,,,,,,,,,,,,,,,,,,,,,,,,,,,,,,,,,,,,,,,,,,,,,,,,,,,,,,,,
41,3,,,,,,,100,77,68,19,234.9,2730,10801,34,0,6.1,3.7;1.3;1.5;2.9;1.5;0.6;37.2;22.9;5.0;2.3;33.4;29.9;1.3;0.4;0.2;0.0;0.0;0.4;0.2;0.0;0.4;0.0;0.0;0.4,33.75,0.11,0.0,2.5,12.855,0.0,0.0,781.0,4,16,,,,,,,,,,,,,,,,,,,,,,,,,,,,,,,,,,,,,,,,,,,,,,,,,,,,,,,,,,,,,
41,summary,0.3201228271933085,0.9900147558454098,0.2864852249622345,0.9987777777777778,0.00100000,40.5,,,,,,,,,,,,,,,,,,,,,,98,99.33,100,65,73.67,79,63,66.0,68,19,21.0,25,84.5,184.0,234.9,2735.0,10801.0,34.0,0,6.1,31.0,54.3,33.39,33.64,33.79,63.16,0.11,0.11,0.11,17.01,0.0,0.0,0.0,2.5,2.83,3.41,10.042,14.236,12.855,12.85,12.855,15.992,0.0,0.0,0.0,0.0,862.33,2343.0,0.0,292.67,781.0,4,4.0,4,16,16.0,16,4,16,4.67,19.57
42,1,,,,,,,100,52,60,19,62.7,2565,10801,34,0,55.1,59.4;59.4;69.4;70.9;64.3;64.1;83.8;84.2;69.8;73.7;88.3;85.7;50.1;49.2;23.0;24.9;49.3;52.6;18.1;20.0;45.1;48.1;32.9;37.1,33.43,0.11,0.0,2.54,12.855,0.0,97.0,390.0,4,16,,,,,,,,,,,,,,,,,,,,,,,,,,,,,,,,,,,,,,,,,,,,,,,,,,,,,,,,,,,,,
42,2,,,,,,,100,83,65,23,234.3,2730,10801,34,0,31.7,26.9;26.1;38.9;42.4;29.2;30.5;68.3;69.9;47.1;51.9;72.3;62.7;25.1;23.1;8.9;10.6;21.2;23.6;5.5;6.0;19.3;19.8;13.4;18.9,33.76,0.11,0.0,2.21,12.855,0.0,244.0,0.0,4,16,,,,,,,,,,,,,,,,,,,,,,,,,,,,,,,,,,,,,,,,,,,,,,,,,,,,,,,,,,,,,
42,3,,,,,,,100,84,66,17,235.1,2730,10801,34,0,5.7,3.5;1.1;3.1;0.8;1.0;0.4;30.6;29.4;4.2;2.1;28.0;32.3;0.6;0.4;0.0;0.0;0.0;0.0;0.0;0.0;0.2;0.0;0.0;0.0,33.75,0.11,0.0,1.38,12.855,0.0,878.0,146.0,4,16,,,,,,,,,,,,,,,,,,,,,,,,,,,,,,,,,,,,,,,,,,,,,,,,,,,,,,,,,,,,,
42,summary,0.31895702625912364,0.990283457968612,0.28640368580818176,0.9988888888888889,0.00100000,40.8,,,,,,,,,,,,,,,,,,,,,,100,100.0,100,52,73.0,84,60,63.67,66,17,19.67,23,62.7,177.37,235.1,2675.0,10801.0,34.0,0,5.7,30.83,55.1,33.43,33.65,33.76,63.16,0.11,0.11,0.11,17.01,0.0,0.0,0.0,1.38,2.04,2.54,10.042,14.236,12.855,12.85,12.855,15.992,0.0,0.0,0.0,97.0,406.33,878.0,0.0,178.67,390.0,4,4.0,4,16,16.0,16,4,16,4.66,19.65
43,1,,,,,,,100,46,61,22,67.5,2745,10801,34,0,54.4,60.9;59.9;70.1;68.2;63.2;62.5;88.8;82.7;70.4;72.7;85.3;83.3;49.5;48.6;22.2;22.9;47.7;51.2;17.8;17.0;42.7;46.3;34.1;37.4,33.42,0.11,0.0,1.67,12.855,0.0,146.0,244.0,4,16,,,,,,,,,,,,,,,,,,,,,,,,,,,,,,,,,,,,,,,,,,,,,,,,,,,,,,,,,,,,,
43,2,,,,,,,100,89,61,16,234.5,2730,10801,34,0,33.2,34.2;26.4;39.1;45.2;31.6;28.3;67.7;64.5;51.5;51.8;77.0;66.2;26.2;24.7;8.8;9.0;24.6;24.3;7.1;6.2;21.3;23.6;15.4;19.7,33.78,0.11,0.0,3.56,12.855,0.0,0.0,439.0,4,16,,,,,,,,,,,,,,,,,,,,,,,,,,,,,,,,,,,,,,,,,,,,,,,,,,,,,,,,,,,,,
43,3,,,,,,,100,67,65,18,235.7,2730,10801,34,0,6.0,6.6;1.3;1.7;1.5;1.0;0.4;31.4;34.5;3.5;2.5;26.4;29.1;0.2;0.2;0.2;0.2;0.2;0.2;0.6;0.4;0.6;0.2;0.0;0.4,33.75,0.11,0.0,2.07,12.855,0.0,1513.0,48.0,4,16,,,,,,,,,,,,,,,,,,,,,,,,,,,,,,,,,,,,,,,,,,,,,,,,,,,,,,,,,,,,,
43,summary,0.3190294687406486,0.9903677120241923,0.28634825348854065,0.999,0.00100000,40.4,,,,,,,,,,,,,,,,,,,,,,100,100.0,100,46,67.33,89,61,62.33,65,16,18.67,22,67.5,179.23,235.7,2735.0,10801.0,34.0,0,6.0,31.2,54.4,33.42,33.65,33.78,63.16,0.11,0.11,0.11,17.01,0.0,0.0,0.0,1.67,2.43,3.56,10.042,14.236,12.855,12.85,12.855,15.992,0.0,0.0,0.0,0.0,553.0,1513.0,48.0,243.67,439.0,4,4.0,4,16,16.0,16,4,16,4.75,19.56
44,1,,,,,,,100,71,60,20,50.6,2565,10801,34,0,56.0,61.3;62.0;72.1;70.9;64.7;64.4;85.4;87.8;68.5;73.6;84.6;84.7;53.3;53.8;21.8;25.1;53.9;54.0;16.5;16.5;45.3;47.2;35.8;41.6,33.48,0.11,0.0,3.12,12.855,0.0,0.0,48.0,4,16,,,,,,,,,,,,,,,,,,,,,,,,,,,,,,,,,,,,,,,,,,,,,,,,,,,,,,,,,,,,,
44,2,,,,,,,100,61,65,19,235.8,2730,10801,34,0,31.9,27.6;27.2;39.3;40.6;30.0;33.0;66.0;67.1;47.0;51.4;61.0;75.6;24.6;23.8;8.5;9.8;22.0;24.1;6.5;6.8;20.3;23.2;14.3;16.5,33.77,0.11,0.0,3.27,12.855,0.0,341.0,3955.0,4,16,,,,,,,,,,,,,,,,,,,,,,,,,,,,,,,,,,,,,,,,,,,,,,,,,,,,,,,,,,,,,
44,3,,,,,,,100,57,68,16,236.9,2730,10801,34,0,5.9,3.3;0.6;1.9;1.5;0.8;1.3;29.6;34.0;2.7;2.5;25.2;34.6;0.8;0.8;0.0;0.0;0.6;0.4;0.0;0.0;0.0;0.4;0.0;0.4,33.75,0.11,0.01,2.16,12.855,0.0,0.0,195.0,4,16,,,,,,,,,,,,,,,,,,,,,,,,,,,,,,,,,,,,,,,,,,,,,,,,,,,,,,,,,,,,,
44,summary,0.3183921899390368,0.9906113656443841,0.28632503747940063,0.9988888888888889,0.00100000,40.7,,,,,,,,,,,,,,,,,,,,,,100,100.0,100,57,63.0,71,60,64.33,68,16,18.33,20,50.6,174.43,236.9,2675.0,10801.0,34.0,0,5.9,31.27,56.0,33.48,33.67,33.77,63.16,0.11,0.11,0.11,17.01,0.0,0.0,0.01,2.16,2.85,3.27,10.042,14.236,12.855,12.85,12.855,15.992,0.0,0.0,0.0,0.0,113.67,341.0,48.0,1399.33,3955.0,4,4.0,4,16,16.0,16,4,16,4.93,19.49
45,1,,,,,,,100,64,61,20,89.5,2745,10801,34,0,55.4,60.0;59.1;70.8;68.9;66.7;66.0;92.5;84.3;70.8;74.5;84.1;81.5;54.8;53.6;21.2;22.3;49.1;51.7;15.9;16.4;45.0;47.5;33.2;38.6,33.45,0.11,0.0,3.17,12.855,0.0,244.0,48.0,4,16,,,,,,,,,,,,,,,,,,,,,,,,,,,,,,,,,,,,,,,,,,,,,,,,,,,,,,,,,,,,,
45,2,,,,,,,98,76,66,18,233.4,2730,10801,34,0,31.7,27.9;25.1;40.6;41.6;31.2;33.4;61.7;74.0;45.7;49.9;63.9;70.0;24.3;23.6;8.2;8.1;22.5;23.0;5.7;5.8;19.7;21.9;13.9;19.7,33.79,0.11,0.0,3.23,12.855,0.0,830.0,195.0,4,16,,,,,,,,,,,,,,,,,,,,,,,,,,,,,,,,,,,,,,,,,,,,,,,,,,,,,,,,,,,,,
45,3,,,,,,,100,67,67,21,236.1,2730,10801,35,0,6.2,6.4;1.7;2.1;2.5;1.9;0.6;31.3;36.3;3.6;2.3;32.9;23.9;0.0;0.2;0.2;0.2;0.0;0.0;0.2;0.0;0.6;0.2;0.2;0.6,33.76,0.11,0.01,2.13,12.855,0.0,488.0,439.0,4,16,,,,,,,,,,,,,,,,,,,,,,,,,,,,,,,,,,,,,,,,,,,,,,,,,,,,,,,,,,,,,
45,summary,0.31767103420567183,0.9908003679852806,0.28636494278907776,0.9987777777777778,0.00100000,40.7,,,,,,,,,,,,,,,,,,,,,,98,99.33,100,64,69.0,76,61,64.67,67,18,19.67,21,89.5,186.33,236.1,2735.0,10801.0,34.3,0,6.2,31.1,55.4,33.45,33.67,33.79,63.16,0.11,0.11,0.11,17.01,0.0,0.0,0.01,2.13,2.84,3.23,10.042,14.236,12.855,12.85,12.855,15.992,0.0,0.0,0.0,244.0,520.67,830.0,48.0,227.33,439.0,4,4.0,4,16,16.0,16,4,16,4.96,19.51
46,1,,,,,,,100,17,59,21,38.2,2565,10801,34,0,55.2,58.2;58.7;67.5;70.8;63.4;65.7;82.9;93.3;70.8;76.9;81.8;83.9;50.0;50.0;22.6;25.3;50.8;52.7;18.1;18.4;43.5;44.6;33.0;41.8,33.34,0.11,0.0,2.58,12.855,0.0,17089.0,2636.0,4,16,,,,,,,,,,,,,,,,,,,,,,,,,,,,,,,,,,,,,,,,,,,,,,,,,,,,,,,,,,,,,
46,2,,,,,,,100,50,69,18,236.6,2730,10801,34,0,31.7,27.4;26.0;39.0;39.1;27.8;30.7;77.7;69.1;49.3;54.7;68.0;63.2;24.2;23.7;7.2;9.3;20.9;22.7;4.8;4.5;20.3;21.1;12.2;19.1,33.77,0.11,0.0,2.02,12.855,0.0,488.0,0.0,4,16,,,,,,,,,,,,,,,,,,,,,,,,,,,,,,,,,,,,,,,,,,,,,,,,,,,,,,,,,,,,,
46,3,,,,,,,100,49,67,16,236.7,2730,10801,34,0,5.8,3.7;0.8;2.1;1.9;0.6;0.6;29.4;36.5;2.1;4.0;25.6;29.3;0.4;0.0;0.0;0.2;0.4;0.0;0.2;0.4;0.6;0.0;0.2;0.0,33.75,0.11,0.0,1.64,12.855,0.0,585.0,195.0,4,16,,,,,,,,,,,,,,,,,,,,,,,,,,,,,,,,,,,,,,,,,,,,,,,,,,,,,,,,,,,,,
46,summary,0.31730891561237157,0.9909438275934309,0.2863508462905884,0.9987777777777778,0.00100000,40.7,,,,,,,,,,,,,,,,,,,,,,100,100.0,100,17,38.67,50,59,65.0,69,16,18.33,21,38.2,170.5,236.7,2675.0,10801.0,34.0,0,5.8,30.9,55.2,33.34,33.62,33.77,63.16,0.11,0.11,0.11,17.01,0.0,0.0,0.0,1.64,2.08,2.58,10.042,14.236,12.855,12.85,12.855,15.992,0.0,0.0,0.0,488.0,6054.0,17089.0,0.0,943.67,2636.0,4,4.0,4,16,16.0,16,4,16,4.83,19.56
47,1,,,,,,,100,78,62,26,87.5,2745,10801,34,0,55.4,58.4;58.5;71.3;70.0;63.7;65.6;83.2;91.8;72.9;77.4;82.3;84.8;50.0;50.9;21.9;23.2;52.1;54.1;17.1;17.5;44.5;48.8;31.6;39.8,33.39,0.11,0.0,1.5,12.855,0.0,0.0,97.0,4,16,,,,,,,,,,,,,,,,,,,,,,,,,,,,,,,,,,,,,,,,,,,,,,,,,,,,,,,,,,,,,
47,2,,,,,,,98,75,64,17,234.2,2745,10801,34,0,31.9,28.2;25.4;36.0;42.8;34.3;31.5;68.0;74.1;45.9;49.5;64.6;68.7;23.8;24.7;7.8;9.3;23.1;21.9;5.4;6.1;19.6;19.9;14.3;21.0,33.78,0.11,0.0,2.51,12.855,0.0,1123.0,439.0,4,16,,,,,,,,,,,,,,,,,,,,,,,,,,,,,,,,,,,,,,,,,,,,,,,,,,,,,,,,,,,,,
47,3,,,,,,,100,85,66,22,235.1,2730,10801,34,0,5.8,3.1;1.0;1.9;1.5;0.6;0.6;29.0;31.7;2.5;3.4;39.9;22.8;0.6;0.4;0.0;0.2;0.0;0.0;0.0;0.0;0.0;0.2;0.0;0.0,33.76,0.11,0.0,1.38,12.855,0.0,1074.0,927.0,4,16,,,,,,,,,,,,,,,,,,,,,,,,,,,,,,,,,,,,,,,,,,,,,,,,,,,,,,,,,,,,,
47,summary,0.3164657752947042,0.9911920354868974,0.28628605604171753,0.9987777777777778,0.00100000,40.5,,,,,,,,,,,,,,,,,,,,,,98,99.33,100,75,79.33,85,62,64.0,66,17,21.67,26,87.5,185.6,235.1,2740.0,10801.0,34.0,0,5.8,31.03,55.4,33.39,33.64,33.78,63.16,0.11,0.11,0.11,17.01,0.0,0.0,0.0,1.38,1.8,2.51,10.042,14.236,12.855,12.85,12.855,15.992,0.0,0.0,0.0,0.0,732.33,1123.0,97.0,487.67,927.0,4,4.0,4,16,16.0,16,4,16,4.85,19.57
48,1,,,,,,,100,44,62,21,63.8,2745,10801,34,0,55.4,57.5;57.0;70.1;69.0;64.9;64.0;82.7;84.7;73.0;78.4;88.7;85.7;52.7;51.9;22.3;23.8;51.0;52.7;18.1;17.9;44.0;45.6;33.6;39.1,33.42,0.11,0.0,2.36,12.855,0.0,97.0,195.0,4,16,,,,,,,,,,,,,,,,,,,,,,,,,,,,,,,,,,,,,,,,,,,,,,,,,,,,,,,,,,,,,
48,2,,,,,,,100,81,65,16,235.2,2730,10801,34,0,32.3,26.7;26.7;41.1;41.8;28.6;30.2;70.7;68.5;47.1;50.3;66.3;70.9;23.8;23.7;8.7;6.4;23.4;23.0;6.9;7.2;24.0;23.3;14.5;21.0,33.79,0.11,0.0,3.19,12.855,0.0,0.0,537.0,4,16,,,,,,,,,,,,,,,,,,,,,,,,,,,,,,,,,,,,,,,,,,,,,,,,,,,,,,,,,,,,,
48,3,,,,,,,98,80,67,17,235.5,2730,10801,34,0,5.6,3.7;0.6;1.7;1.9;0.6;0.4;24.0;36.2;1.9;1.9;24.1;36.0;0.2;0.2;0.0;0.0;0.2;0.0;0.0;0.2;0.0;0.0;0.0;0.0,33.76,0.11,0.0,2.13,12.855,0.0,878.0,195.0,4,16,,,,,,,,,,,,,,,,,,,,,,,,,,,,,,,,,,,,,,,,,,,,,,,,,,,,,,,,,,,,,
48,summary,0.3168064868176972,0.9911032271580424,0.2861923575401306,0.9987777777777778,0.00100000,40.7,,,,,,,,,,,,,,,,,,,,,,98,99.33,100,44,68.33,81,62,64.67,67,16,18.0,21,63.8,178.17,235.5,2735.0,10801.0,34.0,0,5.6,31.1,55.4,33.42,33.66,33.79,63.16,0.11,0.11,0.11,17.01,0.0,0.0,0.0,2.13,2.56,3.19,10.042,14.236,12.855,12.85,12.855,15.992,0.0,0.0,0.0,0.0,325.0,878.0,195.0,309.0,537.0,4,4.0,4,16,16.0,16,4,16,4.94,19.47
49,1,,,,,,,100,84,64,21,104.1,2745,10801,34,0,55.2,58.4;59.2;67.9;72.2;63.7;64.7;81.7;84.4;73.2;75.4;84.6;92.3;50.0;52.3;21.8;21.3;50.7;54.2;18.6;18.0;44.3;45.5;32.0;38.6,33.42,0.11,0.0,2.8,12.855,0.0,634.0,292.0,4,16,,,,,,,,,,,,,,,,,,,,,,,,,,,,,,,,,,,,,,,,,,,,,,,,,,,,,,,,,,,,,
49,2,,,,,,,100,62,66,17,236.3,2745,10801,34,0,32.2,27.8;26.3;42.5;37.1;29.5;30.5;73.6;68.0;50.7;53.9;73.7;61.6;25.6;25.8;6.8;5.8;23.8;23.9;4.8;4.0;23.1;21.0;13.3;19.7,33.78,0.11,0.0,3.22,12.855,0.0,30322.0,195.0,4,16,,,,,,,,,,,,,,,,,,,,,,,,,,,,,,,,,,,,,,,,,,,,,,,,,,,,,,,,,,,,,
49,3,,,,,,,98,76,67,17,234.3,2730,10801,34,0,6.1,4.0;2.7;2.5;2.5;1.3;0.4;43.1;25.3;2.9;3.6;24.7;30.3;0.6;0.2;0.2;0.0;0.0;0.2;0.0;0.0;0.0;0.2;0.2;0.4,33.77,0.11,0.0,2.03,12.855,0.0,0.0,341.0,4,16,,,,,,,,,,,,,,,,,,,,,,,,,,,,,,,,,,,,,,,,,,,,,,,,,,,,,,,,,,,,,
49,summary,0.3163358296125776,0.9912444096295554,0.2860766351222992,0.9987777777777778,0.00100000,40.7,,,,,,,,,,,,,,,,,,,,,,98,99.33,100,62,74.0,84,64,65.67,67,17,18.33,21,104.1,191.57,236.3,2740.0,10801.0,34.0,0,6.1,31.17,55.2,33.42,33.66,33.78,63.16,0.11,0.11,0.11,17.01,0.0,0.0,0.0,2.03,2.68,3.22,10.042,14.236,12.855,12.85,12.855,15.992,0.0,0.0,0.0,0.0,10318.67,30322.0,195.0,276.0,341.0,4,4.0,4,16,16.0,16,4,16,4.82,19.56
50,1,,,,,,,100,63,60,20,51.0,2565,10801,34,0,55.4,59.6;57.6;70.5;69.8;64.6;64.1;81.6;86.5;72.6;75.4;83.3;90.0;51.5;50.9;23.1;24.8;52.2;52.9;17.2;17.8;44.4;47.3;30.3;40.6,33.45,0.11,0.0,2.81,12.855,0.0,1367.0,110058.0,4,16,,,,,,,,,,,,,,,,,,,,,,,,,,,,,,,,,,,,,,,,,,,,,,,,,,,,,,,,,,,,,
50,2,,,,,,,100,57,65,17,237.1,2730,10801,34,0,32.0,28.6;26.8;36.9;42.8;29.9;31.3;66.0;63.4;46.3;51.5;69.5;71.4;25.6;24.0;7.7;9.2;24.8;23.5;5.4;6.1;22.2;20.6;12.7;21.2,33.79,0.11,0.0,3.2,12.855,0.0,0.0,292.0,4,16,,,,,,,,,,,,,,,,,,,,,,,,,,,,,,,,,,,,,,,,,,,,,,,,,,,,,,,,,,,,,
50,3,,,,,,,100,57,66,17,238.3,2745,10801,34,0,5.8,3.1;0.8;2.5;2.1;1.2;1.5;31.4;25.3;2.5;2.9;26.1;38.5;0.0;0.4;0.0;0.0;0.4;0.6;0.0;0.0;0.0;0.4;0.0;0.2,33.78,0.11,0.0,2.07,12.855,0.0,878.0,97.0,4,16,,,,,,,,,,,,,,,,,,,,,,,,,,,,,,,,,,,,,,,,,,,,,,,,,,,,,,,,,,,,,
50,summary,0.3159549158777963,0.9911943126235346,0.2860568165779114,0.9987777777777778,0.00100000,40.9,,,,,,,,,,,,,,,,,,,,,,100,100.0,100,57,59.0,63,60,63.67,66,17,18.0,20,51.0,175.47,238.3,2680.0,10801.0,34.0,0,5.8,31.07,55.4,33.45,33.67,33.79,63.16,0.11,0.11,0.11,17.01,0.0,0.0,0.0,2.07,2.69,3.2,10.042,14.236,12.855,12.85,12.855,15.992,0.0,0.0,0.0,0.0,748.33,1367.0,97.0,36815.67,110058.0,4,4.0,4,16,16.0,16,4,16,4.91,19.52
51,1,,,,,,,100,28,57,22,37.6,2565,10801,34,0,54.5,56.7;58.7;69.2;66.8;63.5;63.6;86.4;81.9;71.6;77.7;84.0;85.9;50.3;52.1;20.8;24.1;50.1;52.7;16.2;15.6;45.3;47.9;27.6;40.2,33.44,0.11,0.0,2.83,12.855,0.0,2783.0,0.0,4,16,,,,,,,,,,,,,,,,,,,,,,,,,,,,,,,,,,,,,,,,,,,,,,,,,,,,,,,,,,,,,
51,2,,,,,,,100,47,66,18,238.1,2745,10801,34,0,34.2,30.3;27.7;41.5;45.4;32.5;34.1;63.9;69.3;50.3;58.3;64.8;80.9;26.4;25.5;9.8;8.2;25.5;26.8;6.9;7.0;22.2;24.0;16.3;22.5,33.79,0.11,0.0,2.95,12.855,0.0,146.0,146.0,4,16,,,,,,,,,,,,,,,,,,,,,,,,,,,,,,,,,,,,,,,,,,,,,,,,,,,,,,,,,,,,,
51,3,,,,,,,100,63,68,17,236.2,2730,10801,35,0,5.8,3.9;1.9;2.7;2.3;0.4;0.8;34.1;32.2;2.7;2.9;18.2;34.9;0.2;0.4;0.0;0.0;0.2;0.0;0.0;0.0;0.0;0.0;0.0;0.0,33.77,0.11,0.0,2.46,12.855,0.0,634.0,195.0,4,16,,,,,,,,,,,,,,,,,,,,,,,,,,,,,,,,,,,,,,,,,,,,,,,,,,,,,,,,,,,,,
51,summary,0.31565456999848085,0.9912922294989388,0.28598570823669434,0.9987777777777778,0.00100000,40.3,,,,,,,,,,,,,,,,,,,,,,100,100.0,100,28,46.0,63,57,63.67,68,17,19.0,22,37.6,170.63,238.1,2680.0,10801.0,34.3,0,5.8,31.5,54.5,33.44,33.67,33.79,63.16,0.11,0.11,0.11,17.01,0.0,0.0,0.0,2.46,2.75,2.95,10.042,14.236,12.855,12.85,12.855,15.992,0.0,0.0,0.0,146.0,1187.67,2783.0,0.0,113.67,195.0,4,4.0,4,16,16.0,16,4,16,4.52,19.51
52,1,,,,,,,100,45,63,20,65.5,2745,10801,34,0,55.2,57.2;57.8;69.2;70.2;65.0;64.3;91.0;86.0;73.5;77.5;83.5;81.8;50.8;50.3;22.4;23.6;48.6;51.2;17.4;17.3;44.4;45.2;34.6;43.1,33.41,0.11,0.0,3.03,12.855,0.0,244.0,0.0,4,16,,,,,,,,,,,,,,,,,,,,,,,,,,,,,,,,,,,,,,,,,,,,,,,,,,,,,,,,,,,,,
52,2,,,,,,,100,77,66,17,236.8,2730,10801,34,0,32.5,30.7;26.1;41.3;40.0;29.8;32.4;69.7;69.5;47.1;53.3;65.5;72.9;24.4;24.3;8.4;9.6;23.2;22.9;5.3;6.5;21.8;21.4;13.0;19.6,33.78,0.11,0.0,3.21,12.855,0.0,781.0,4199.0,4,16,,,,,,,,,,,,,,,,,,,,,,,,,,,,,,,,,,,,,,,,,,,,,,,,,,,,,,,,,,,,,
52,3,,,,,,,100,65,66,17,236.5,2730,10801,34,0,5.5,3.5;0.2;1.1;0.4;1.1;0.2;28.8;34.2;1.7;1.7;24.5;32.3;0.8;0.2;0.2;0.0;0.4;0.0;0.2;0.2;0.0;0.0;0.2;0.0,33.78,0.11,0.0,2.48,12.855,0.0,732.0,390.0,4,16,,,,,,,,,,,,,,,,,,,,,,,,,,,,,,,,,,,,,,,,,,,,,,,,,,,,,,,,,,,,,
52,summary,0.3148058158855323,0.9916816198639183,0.2859800457954407,0.9987777777777778,0.00100000,40.7,,,,,,,,,,,,,,,,,,,,,,100,100.0,100,45,62.33,77,63,65.0,66,17,18.0,20,65.5,179.6,236.8,2735.0,10801.0,34.0,0,5.5,31.07,55.2,33.41,33.66,33.78,63.16,0.11,0.11,0.11,17.01,0.0,0.0,0.0,2.48,2.91,3.21,10.042,14.236,12.855,12.85,12.855,15.992,0.0,0.0,0.0,244.0,585.67,781.0,0.0,1529.67,4199.0,4,4.0,4,16,16.0,16,4,16,4.83,19.5
53,1,,,,,,,100,31,55,26,40.6,270,5001,34,0,55.1,56.2;58.2;71.0;70.8;64.6;64.7;85.8;87.5;71.5;75.3;83.2;83.0;51.0;51.0;22.2;24.0;50.4;50.6;18.9;17.2;46.8;45.7;34.0;38.9,33.44,0.11,0.0,2.81,12.855,0.0,97.0,3369.0,4,16,,,,,,,,,,,,,,,,,,,,,,,,,,,,,,,,,,,,,,,,,,,,,,,,,,,,,,,,,,,,,
53,2,,,,,,,100,48,69,17,238.0,2745,10801,34,0,32.0,26.0;26.8;36.0;40.8;30.2;32.3;74.0;60.6;47.2;51.1;70.5;69.4;22.2;24.9;7.7;8.1;23.4;22.9;7.2;6.0;23.1;21.8;16.4;19.6,33.77,0.11,0.0,2.97,12.855,0.0,0.0,390.0,4,16,,,,,,,,,,,,,,,,,,,,,,,,,,,,,,,,,,,,,,,,,,,,,,,,,,,,,,,,,,,,,
53,3,,,,,,,100,46,69,16,237.7,2730,10801,34,0,5.9,4.1;0.6;1.7;2.9;1.0;0.8;28.8;36.3;2.7;3.3;32.2;25.0;0.6;0.4;0.2;0.0;0.0;0.2;0.2;0.0;0.6;0.4;0.0;0.2,33.76,0.11,0.0,2.47,12.855,0.0,0.0,0.0,4,16,,,,,,,,,,,,,,,,,,,,,,,,,,,,,,,,,,,,,,,,,,,,,,,,,,,,,,,,,,,,,
53,summary,0.31452117277949443,0.9917339940065764,0.2859662175178528,0.9987777777777778,0.00100000,40.7,,,,,,,,,,,,,,,,,,,,,,100,100.0,100,31,41.67,48,55,64.33,69,16,19.67,26,40.6,172.1,238.0,1915.0,8867.7,34.0,0,5.9,31.0,55.1,33.44,33.66,33.77,63.16,0.11,0.11,0.11,17.01,0.0,0.0,0.0,2.47,2.75,2.97,10.042,14.236,12.855,12.85,12.855,15.992,0.0,0.0,0.0,0.0,32.33,97.0,0.0,1253.0,3369.0,4,4.0,4,16,16.0,16,4,16,4.79,19.56
54,1,,,,,,,100,44,62,21,64.6,2745,10801,34,0,55.4,60.1;58.8;69.0;70.3;63.0;63.4;81.5;88.7;74.3;76.0;87.8;83.8;50.2;49.7;22.0;25.4;48.7;51.3;19.1;19.1;44.8;46.7;35.2;40.2,33.4,0.11,0.0,2.6,12.855,0.0,341.0,0.0,4,16,,,,,,,,,,,,,,,,,,,,,,,,,,,,,,,,,,,,,,,,,,,,,,,,,,,,,,,,,,,,,
54,2,,,,,,,100,78,68,20,236.1,2730,10801,34,0,31.4,26.9;26.0;40.9;41.5;27.5;30.5;71.9;66.2;47.8;49.6;62.1;72.8;24.8;23.2;7.6;9.5;20.4;21.9;6.1;6.2;16.3;21.4;13.5;18.2,33.76,0.11,0.01,3.36,12.855,0.0,634.0,195.0,4,16,,,,,,,,,,,,,,,,,,,,,,,,,,,,,,,,,,,,,,,,,,,,,,,,,,,,,,,,,,,,,
54,3,,,,,,,100,75,67,18,236.5,2730,10801,34,0,6.0,9.8;1.0;3.3;2.3;0.4;0.2;31.0;29.6;2.7;2.7;21.2;37.9;0.4;0.0;0.0;0.0;0.4;0.0;1.5;0.0;0.0;0.0;0.0;0.0,33.74,0.11,0.0,2.49,12.855,0.0,244.0,0.0,4,16,,,,,,,,,,,,,,,,,,,,,,,,,,,,,,,,,,,,,,,,,,,,,,,,,,,,,,,,,,,,,
54,summary,0.314208800770413,0.9917749824660479,0.28595101833343506,0.9987777777777778,0.00100000,40.6,,,,,,,,,,,,,,,,,,,,,,100,100.0,100,44,65.67,78,62,65.67,68,18,19.67,21,64.6,179.07,236.5,2735.0,10801.0,34.0,0,6.0,30.93,55.4,33.4,33.63,33.76,63.16,0.11,0.11,0.11,17.01,0.0,0.0,0.01,2.49,2.82,3.36,10.042,14.236,12.855,12.85,12.855,15.992,0.0,0.0,0.0,244.0,406.33,634.0,0.0,65.0,195.0,4,4.0,4,16,16.0,16,4,16,4.93,19.49
55,1,,,,,,,100,63,58,21,51.2,2565,10801,34,0,54.9,58.8;60.5;71.0;71.4;61.5;61.4;90.0;83.0;72.7;77.0;86.0;84.9;51.1;51.9;23.3;23.3;46.2;50.9;18.1;15.3;41.9;47.7;33.3;37.3,33.42,0.11,0.0,2.84,12.855,0.0,244.0,0.0,4,16,,,,,,,,,,,,,,,,,,,,,,,,,,,,,,,,,,,,,,,,,,,,,,,,,,,,,,,,,,,,,
55,2,,,,,,,100,57,67,20,237.3,2745,10801,34,0,32.6,31.2;27.4;44.3;37.1;34.1;30.6;63.4;73.9;50.2;53.4;64.2;71.8;25.9;25.8;5.2;7.1;23.7;23.7;4.5;3.7;23.2;22.6;15.7;18.8,33.77,0.11,0.0,3.2,12.855,0.0,439.0,292.0,4,16,,,,,,,,,,,,,,,,,,,,,,,,,,,,,,,,,,,,,,,,,,,,,,,,,,,,,,,,,,,,,
55,3,,,,,,,100,56,69,18,237.6,2730,10801,34,0,5.4,3.1;0.0;1.1;2.9;0.2;0.4;31.5;22.1;2.3;1.9;24.6;38.9;0.2;0.0;0.0;0.2;0.0;0.2;0.0;0.0;0.0;0.2;0.0;0.0,33.77,0.11,0.0,2.07,12.855,0.0,0.0,439.0,4,16,,,,,,,,,,,,,,,,,,,,,,,,,,,,,,,,,,,,,,,,,,,,,,,,,,,,,,,,,,,,,
55,summary,0.3136425888454101,0.9921165529616439,0.28594353795051575,0.9987777777777778,0.00100000,40.5,,,,,,,,,,,,,,,,,,,,,,100,100.0,100,56,58.67,63,58,64.67,69,18,19.67,21,51.2,175.37,237.6,2680.0,10801.0,34.0,0,5.4,30.97,54.9,33.42,33.65,33.77,63.16,0.11,0.11,0.11,17.01,0.0,0.0,0.0,2.07,2.7,3.2,10.042,14.236,12.855,12.85,12.855,15.992,0.0,0.0,0.0,0.0,227.67,439.0,0.0,243.67,439.0,4,4.0,4,16,16.0,16,4,16,4.72,19.52
56,1,,,,,,,100,62,62,22,83.6,2745,10801,34,0,54.7,60.8;59.8;71.1;69.4;63.0;61.9;88.0;80.4;73.0;76.5;82.9;87.4;50.7;50.7;21.5;23.1;47.9;50.9;15.4;16.3;44.8;46.6;33.3;37.8,33.41,0.11,0.0,2.8,12.855,0.0,146.0,537.0,4,16,,,,,,,,,,,,,,,,,,,,,,,,,,,,,,,,,,,,,,,,,,,,,,,,,,,,,,,,,,,,,
56,2,,,,,,,98,74,66,20,233.4,2730,10801,34,0,31.8,27.0;26.9;39.6;39.8;29.5;31.8;73.1;64.2;49.2;50.5;77.0;60.8;25.6;24.9;7.7;6.8;22.5;22.7;3.6;3.7;19.9;21.6;14.6;19.5,33.77,0.11,0.01,3.21,12.855,0.0,4882.0,146.0,4,16,,,,,,,,,,,,,,,,,,,,,,,,,,,,,,,,,,,,,,,,,,,,,,,,,,,,,,,,,,,,,
56,3,,,,,,,100,78,66,16,235.9,2730,10801,34,0,5.8,3.1;0.8;1.7;1.3;0.6;0.4;38.5;22.9;3.2;1.9;28.9;34.4;0.4;0.2;0.0;0.0;0.0;0.0;0.0;0.2;0.0;0.0;0.8;0.6,33.75,0.11,0.0,2.07,12.855,0.0,146.0,732.0,4,16,,,,,,,,,,,,,,,,,,,,,,,,,,,,,,,,,,,,,,,,,,,,,,,,,,,,,,,,,,,,,
56,summary,0.31308179080773496,0.9921666499676647,0.2858723998069763,0.9987777777777778,0.00100000,40.6,,,,,,,,,,,,,,,,,,,,,,98,99.33,100,62,71.33,78,62,64.67,66,16,19.33,22,83.6,184.3,235.9,2735.0,10801.0,34.0,0,5.8,30.77,54.7,33.41,33.64,33.77,63.16,0.11,0.11,0.11,17.01,0.0,0.0,0.01,2.07,2.69,3.21,10.042,14.236,12.855,12.85,12.855,15.992,0.0,0.0,0.0,146.0,1724.67,4882.0,146.0,471.67,732.0,4,4.0,4,16,16.0,16,4,16,4.93,19.48
57,1,,,,,,,100,66,59,19,42.3,2565,10801,34,0,55.9,62.4;62.0;74.4;69.3;61.6;63.2;83.3;86.5;73.7;76.4;81.9;92.8;50.9;52.0;20.7;23.3;52.2;53.5;17.3;16.6;44.3;48.2;36.2;38.0,33.36,0.11,0.0,2.83,12.855,0.0,16308.0,5468.0,4,16,,,,,,,,,,,,,,,,,,,,,,,,,,,,,,,,,,,,,,,,,,,,,,,,,,,,,,,,,,,,,
57,2,,,,,,,100,47,66,22,237.0,2730,10801,34,0,31.7,28.7;25.7;35.9;42.7;27.1;26.4;72.3;66.9;48.7;53.8;64.2;70.3;23.6;22.9;8.1;9.9;22.4;22.6;7.7;7.7;18.8;20.8;16.2;16.6,33.69,0.11,0.01,3.21,12.855,0.0,0.0,97.0,4,16,,,,,,,,,,,,,,,,,,,,,,,,,,,,,,,,,,,,,,,,,,,,,,,,,,,,,,,,,,,,,
57,3,,,,,,,100,50,68,16,237.3,2730,10801,34,0,6.0,3.3;0.0;1.0;1.9;3.5;1.9;28.2;43.7;1.5;5.9;28.9;22.9;0.2;0.6;0.0;0.0;0.0;0.2;0.2;0.0;0.2;0.2;0.0;0.0,33.67,0.11,0.0,2.04,12.855,0.0,0.0,195.0,4,16,,,,,,,,,,,,,,,,,,,,,,,,,,,,,,,,,,,,,,,,,,,,,,,,,,,,,,,,,,,,,
57,summary,0.3129310702751398,0.9922417954766958,0.28577664494514465,0.9987777777777778,0.00100000,40.7,,,,,,,,,,,,,,,,,,,,,,100,100.0,100,47,54.33,66,59,64.33,68,16,19.0,22,42.3,172.2,237.3,2675.0,10801.0,34.0,0,6.0,31.2,55.9,33.36,33.57,33.69,63.16,0.11,0.11,0.11,17.01,0.0,0.0,0.01,2.04,2.69,3.21,10.042,14.236,12.855,12.85,12.855,15.992,0.0,0.0,0.0,0.0,5436.0,16308.0,97.0,1920.0,5468.0,4,4.0,4,16,16.0,16,4,16,4.82,19.59
58,1,,,,,,,100,43,63,22,71.1,2745,10801,34,0,55.0,61.1;60.6;68.4;72.1;61.8;63.9;90.1;81.9;73.2;75.4;83.2;85.8;51.1;51.3;20.4;21.9;49.7;52.5;17.3;14.9;43.8;45.7;33.5;40.1,33.35,0.11,0.0,2.82,12.855,0.0,195.0,195.0,4,16,,,,,,,,,,,,,,,,,,,,,,,,,,,,,,,,,,,,,,,,,,,,,,,,,,,,,,,,,,,,,
58,2,,,,,,,100,80,66,16,236.0,2730,10801,34,0,31.4,27.6;26.6;40.2;40.3;30.3;29.5;66.0;71.9;45.6;53.2;66.2;67.7;23.0;22.3;7.0;10.1;22.1;21.9;5.4;6.4;17.2;20.3;14.1;18.3,33.68,0.11,0.0,3.19,12.855,0.0,244.0,97.0,4,16,,,,,,,,,,,,,,,,,,,,,,,,,,,,,,,,,,,,,,,,,,,,,,,,,,,,,,,,,,,,,
58,3,,,,,,,100,60,66,16,237.2,2730,10801,34,0,5.8,2.9;1.4;2.7;1.9;0.6;0.4;31.4;34.5;4.0;2.9;18.4;36.0;0.4;0.0;0.0;0.0;0.0;0.0;0.2;0.0;0.2;0.0;0.0;0.4,33.67,0.11,0.01,2.11,12.855,0.0,390.0,146.0,4,16,,,,,,,,,,,,,,,,,,,,,,,,,,,,,,,,,,,,,,,,,,,,,,,,,,,,,,,,,,,,,
58,summary,0.31380897479217273,0.9918455737018044,0.28567877411842346,0.9988888888888889,0.00100000,40.9,,,,,,,,,,,,,,,,,,,,,,100,100.0,100,43,61.0,80,63,65.0,66,16,18.0,22,71.1,181.43,237.2,2735.0,10801.0,34.0,0,5.8,30.73,55.0,33.35,33.57,33.68,63.16,0.11,0.11,0.11,17.01,0.0,0.0,0.01,2.11,2.71,3.19,10.042,14.236,12.855,12.85,12.855,15.992,0.0,0.0,0.0,195.0,276.33,390.0,97.0,146.0,195.0,4,4.0,4,16,16.0,16,4,16,4.82,19.59
59,1,,,,,,,100,31,55,26,37.7,270,5001,34,0,54.4,59.8;59.9;67.9;69.4;61.4;64.1;88.7;84.2;71.7;77.3;78.3;84.1;49.4;50.0;21.3;22.1;50.5;52.2;16.2;16.1;43.8;46.6;32.2;39.2,33.32,0.11,0.0,2.8,12.855,0.0,27832.0,13134.0,4,16,,,,,,,,,,,,,,,,,,,,,,,,,,,,,,,,,,,,,,,,,,,,,,,,,,,,,,,,,,,,,
59,2,,,,,,,100,48,68,16,237.3,2745,10801,34,0,32.8,30.1;28.3;39.3;41.2;30.6;30.8;73.1;62.8;49.5;54.0;69.9;70.0;25.3;25.0;8.4;11.1;22.9;24.1;6.0;5.2;20.4;22.0;15.5;21.1,33.69,0.11,0.0,3.61,12.855,0.0,488.0,0.0,4,16,,,,,,,,,,,,,,,,,,,,,,,,,,,,,,,,,,,,,,,,,,,,,,,,,,,,,,,,,,,,,
59,3,,,,,,,100,64,67,22,235.1,2730,10801,34,0,6.3,3.9;2.1;2.3;2.5;1.1;1.3;23.4;37.5;3.5;5.6;31.0;32.3;1.1;0.6;0.2;0.0;0.2;0.0;0.6;0.4;0.0;0.6;0.0;0.4,33.68,0.11,0.0,2.54,12.855,0.0,0.0,390.0,4,16,,,,,,,,,,,,,,,,,,,,,,,,,,,,,,,,,,,,,,,,,,,,,,,,,,,,,,,,,,,,,
59,summary,0.3131625219767352,0.9920983358685455,0.2855965495109558,0.9988888888888889,0.00100000,40.7,,,,,,,,,,,,,,,,,,,,,,100,100.0,100,31,47.67,64,55,63.33,68,16,21.33,26,37.7,170.03,237.3,1915.0,8867.7,34.0,0,6.3,31.17,54.4,33.32,33.56,33.69,63.16,0.11,0.11,0.11,17.01,0.0,0.0,0.0,2.54,2.98,3.61,10.042,14.236,12.855,12.85,12.855,15.992,0.0,0.0,0.0,0.0,9440.0,27832.0,0.0,4508.0,13134.0,4,4.0,4,16,16.0,16,4,16,4.65,19.57
60,1,,,,,,,100,50,60,21,59.2,2565,10801,34,0,54.5,59.8;59.2;67.9;69.2;61.3;61.6;84.5;93.2;71.4;74.4;79.6;80.7;49.9;49.8;22.1;23.6;50.3;51.5;17.6;18.1;43.3;47.2;33.6;38.3,33.36,0.11,0.0,2.82,12.855,0.0,0.0,0.0,4,16,,,,,,,,,,,,,,,,,,,,,,,,,,,,,,,,,,,,,,,,,,,,,,,,,,,,,,,,,,,,,
60,2,,,,,,,100,76,68,17,236.2,2745,10801,34,0,33.0,29.4;26.7;38.7;46.4;27.9;32.4;74.8;68.2;47.3;52.6;68.2;66.3;25.3;24.2;9.5;10.5;24.9;23.8;6.4;7.7;21.4;22.7;17.6;19.0,33.7,0.11,0.0,2.97,12.855,0.0,0.0,341.0,4,16,,,,,,,,,,,,,,,,,,,,,,,,,,,,,,,,,,,,,,,,,,,,,,,,,,,,,,,,,,,,,
60,3,,,,,,,100,82,68,18,235.9,2730,10801,34,0,5.8,3.5;0.6;2.5;0.6;0.6;0.8;25.4;25.2;3.8;4.2;31.7;37.4;0.4;0.2;0.0;0.0;0.6;0.2;0.2;0.0;0.0;0.0;0.0;0.0,33.69,0.11,0.0,2.46,12.855,0.0,0.0,341.0,4,16,,,,,,,,,,,,,,,,,,,,,,,,,,,,,,,,,,,,,,,,,,,,,,,,,,,,,,,,,,,,,
60,summary,0.3123644558986654,0.9922782296628927,0.28543686866760254,0.999,0.00100000,40.3,,,,,,,,,,,,,,,,,,,,,,100,100.0,100,50,69.33,82,60,65.33,68,17,18.67,21,59.2,177.1,236.2,2680.0,10801.0,34.0,0,5.8,31.1,54.5,33.36,33.58,33.7,63.16,0.11,0.11,0.11,17.01,0.0,0.0,0.0,2.46,2.75,2.97,10.042,14.236,12.855,12.85,12.855,15.992,0.0,0.0,0.0,0.0,0.0,0.0,0.0,227.33,341.0,4,4.0,4,16,16.0,16,4,16,4.65,19.61
61,1,,,,,,,100,64,62,21,83.2,2745,10801,34,0,55.7,61.1;60.9;72.2;70.3;62.0;63.6;83.1;90.9;69.8;74.0;87.9;83.4;51.0;50.8;21.3;23.8;52.2;53.1;18.1;16.6;44.8;48.1;35.8;40.7,33.27,0.11,0.0,2.65,12.855,0.0,244.0,0.0,4,16,,,,,,,,,,,,,,,,,,,,,,,,,,,,,,,,,,,,,,,,,,,,,,,,,,,,,,,,,,,,,
61,2,,,,,,,98,76,66,22,233.3,2730,10801,34,0,33.3,31.7;29.2;40.0;44.7;31.1;34.8;62.7;75.7;45.4;53.0;61.6;73.6;25.7;25.6;8.2;9.1;25.4;24.7;7.3;6.2;22.5;22.7;16.5;20.2,33.72,0.11,0.0,3.4,12.855,0.0,0.0,195.0,4,16,,,,,,,,,,,,,,,,,,,,,,,,,,,,,,,,,,,,,,,,,,,,,,,,,,,,,,,,,,,,,
61,3,,,,,,,100,77,68,17,235.7,2730,10801,34,0,5.8,5.1;0.2;2.3;1.9;0.8;0.4;9.8;42.1;3.5;2.5;43.5;26.9;0.4;0.2;0.0;0.0;0.0;0.2;0.0;0.0;0.2;0.0;0.0;0.0,33.68,0.11,0.01,2.48,12.855,0.0,21679.0,2636.0,4,16,,,,,,,,,,,,,,,,,,,,,,,,,,,,,,,,,,,,,,,,,,,,,,,,,,,,,,,,,,,,,
61,summary,0.31160686373959284,0.9926402943882244,0.2852778434753418,0.999,0.00100000,40.5,,,,,,,,,,,,,,,,,,,,,,98,99.33,100,64,72.33,77,62,65.33,68,17,20.0,22,83.2,184.07,235.7,2735.0,10801.0,34.0,0,5.8,31.6,55.7,33.27,33.56,33.72,63.16,0.11,0.11,0.11,17.01,0.0,0.0,0.01,2.48,2.84,3.4,10.042,14.236,12.855,12.85,12.855,15.992,0.0,0.0,0.0,0.0,7307.67,21679.0,0.0,943.67,2636.0,4,4.0,4,16,16.0,16,4,16,4.68,19.52
62,1,,,,,,,100,23,58,20,39.8,2565,10801,34,0,55.2,59.0;59.4;67.6;72.9;63.4;64.3;82.9;81.1;70.3;74.0;93.0;83.5;49.8;50.7;22.7;23.4;51.5;53.1;17.0;16.8;42.2;48.6;35.6;41.3,33.34,0.11,0.0,2.87,12.871,0.0,1367.0,48.0,4,16,,,,,,,,,,,,,,,,,,,,,,,,,,,,,,,,,,,,,,,,,,,,,,,,,,,,,,,,,,,,,
62,2,,,,,,,100,51,68,18,237.9,2745,10801,34,0,32.0,29.2;25.5;41.2;40.8;31.2;29.0;68.2;64.1;48.9;50.7;65.7;75.2;24.0;23.9;8.2;9.8;21.2;21.4;6.4;6.4;21.3;21.8;14.8;18.1,33.7,0.11,0.0,3.25,12.855,0.0,1367.0,195.0,4,16,,,,,,,,,,,,,,,,,,,,,,,,,,,,,,,,,,,,,,,,,,,,,,,,,,,,,,,,,,,,,
62,3,,,,,,,100,67,67,17,235.0,2730,10801,34,0,5.3,2.9;0.0;0.4;0.6;0.2;0.2;33.6;21.7;2.7;0.0;36.5;27.3;0.2;0.0;0.0;0.0;0.0;0.0;0.0;0.0;0.0;0.0;0.0;0.0,33.68,0.11,0.0,2.32,12.855,0.0,878.0,97.0,4,16,,,,,,,,,,,,,,,,,,,,,,,,,,,,,,,,,,,,,,,,,,,,,,,,,,,,,,,,,,,,,
62,summary,0.3112274281681873,0.9927473198101779,0.28515052795410156,0.9991111111111111,0.00100000,40.9,,,,,,,,,,,,,,,,,,,,,,100,100.0,100,23,47.0,67,58,64.33,68,17,18.33,20,39.8,170.9,237.9,2680.0,10801.0,34.0,0,5.3,30.83,55.2,33.34,33.57,33.7,63.16,0.11,0.11,0.11,17.01,0.0,0.0,0.0,2.32,2.81,3.25,10.042,14.236,12.855,12.86,12.871,15.992,0.0,0.0,0.0,878.0,1204.0,1367.0,48.0,113.33,195.0,4,4.0,4,16,16.0,16,4,16,4.82,19.59
63,1,,,,,,,100,27,57,22,38.0,2565,10801,34,0,54.8,60.0;59.6;68.8;69.5;62.3;62.3;82.3;83.3;70.5;72.6;86.8;89.4;52.1;51.0;23.2;23.7;46.9;52.2;17.8;18.8;43.2;46.7;34.1;38.1,33.33,0.11,0.0,2.6,12.855,0.0,1611.0,0.0,4,16,,,,,,,,,,,,,,,,,,,,,,,,,,,,,,,,,,,,,,,,,,,,,,,,,,,,,,,,,,,,,
63,2,,,,,,,100,43,65,17,236.8,2730,10801,34,0,32.0,27.7;25.0;38.6;42.9;30.0;31.2;74.1;65.6;46.6;52.6;75.1;62.2;23.3;23.6;9.2;9.0;22.1;22.3;6.6;7.2;19.7;19.9;15.6;17.9,33.7,0.11,0.0,3.38,12.855,0.0,48.0,634.0,4,16,,,,,,,,,,,,,,,,,,,,,,,,,,,,,,,,,,,,,,,,,,,,,,,,,,,,,,,,,,,,,
63,3,,,,,,,100,52,66,17,235.3,2730,10801,34,0,6.6,10.1;2.3;2.9;3.8;0.8;0.8;35.8;28.9;2.7;4.8;20.7;41.3;0.2;0.2;0.2;0.0;0.6;0.2;0.0;0.0;0.4;0.2;1.0;0.6,33.69,0.11,0.0,2.32,12.855,0.0,634.0,195.0,4,16,,,,,,,,,,,,,,,,,,,,,,,,,,,,,,,,,,,,,,,,,,,,,,,,,,,,,,,,,,,,,
63,summary,0.3113819460902952,0.9926334629783126,0.28505629301071167,0.9991111111111111,0.00100000,40.5,,,,,,,,,,,,,,,,,,,,,,100,100.0,100,27,40.67,52,57,62.67,66,17,18.67,22,38.0,170.03,236.8,2675.0,10801.0,34.0,0,6.6,31.13,54.8,33.33,33.57,33.7,63.16,0.11,0.11,0.11,17.01,0.0,0.0,0.0,2.32,2.77,3.38,10.042,14.236,12.855,12.85,12.855,15.992,0.0,0.0,0.0,48.0,764.33,1611.0,0.0,276.33,634.0,4,4.0,4,16,16.0,16,4,16,4.84,19.53
64,1,,,,,,,100,66,61,21,52.2,2565,10801,34,0,55.6,60.0;61.1;67.7;72.1;64.7;65.7;82.2;86.2;68.9;74.3;82.8;88.1;51.8;50.7;22.5;25.9;49.1;51.8;20.0;22.2;43.6;46.4;33.8;42.2,33.29,0.11,0.0,2.76,12.855,0.0,244.0,0.0,4,16,,,,,,,,,,,,,,,,,,,,,,,,,,,,,,,,,,,,,,,,,,,,,,,,,,,,,,,,,,,,,
64,2,,,,,,,100,61,66,18,236.1,2730,10801,34,0,32.7,30.0;26.5;40.9;40.7;32.8;33.7;66.8;67.6;45.0;51.8;71.1;70.8;25.3;24.3;7.6;10.8;21.5;23.1;8.2;7.2;19.9;23.2;15.3;20.5,33.71,0.11,0.0,3.21,12.855,0.0,1123.0,97.0,4,16,,,,,,,,,,,,,,,,,,,,,,,,,,,,,,,,,,,,,,,,,,,,,,,,,,,,,,,,,,,,,
64,3,,,,,,,100,61,66,16,237.4,2730,10801,34,0,5.6,2.9;0.6;1.3;1.5;0.4;0.2;31.0;35.4;3.4;2.7;25.7;28.8;0.0;0.6;0.0;0.0;0.0;0.0;0.0;0.0;0.0;0.0;0.0;0.0,33.69,0.11,0.0,2.04,12.855,0.0,146.0,537.0,4,16,,,,,,,,,,,,,,,,,,,,,,,,,,,,,,,,,,,,,,,,,,,,,,,,,,,,,,,,,,,,,
64,summary,0.3109819540212559,0.9927974168161986,0.2849961817264557,0.9991111111111111,0.00100000,40.7,,,,,,,,,,,,,,,,,,,,,,100,100.0,100,61,62.67,66,61,64.33,66,16,18.33,21,52.2,175.23,237.4,2675.0,10801.0,34.0,0,5.6,31.3,55.6,33.29,33.56,33.71,63.16,0.11,0.11,0.11,17.01,0.0,0.0,0.0,2.04,2.67,3.21,10.042,14.236,12.855,12.85,12.855,15.992,0.0,0.0,0.0,146.0,504.33,1123.0,0.0,211.33,537.0,4,4.0,4,16,16.0,16,4,16,4.62,19.56
65,1,,,,,,,100,59,62,25,81.6,2745,10801,34,0,54.2,58.4;59.0;66.4;70.7;62.0;62.6;90.5;80.2;69.2;74.9;84.6;84.8;48.7;47.7;20.4;24.6;48.6;51.7;16.7;17.4;41.7;45.8;35.5;39.6,33.38,0.11,0.0,2.8,12.855,0.0,244.0,0.0,4,16,,,,,,,,,,,,,,,,,,,,,,,,,,,,,,,,,,,,,,,,,,,,,,,,,,,,,,,,,,,,,
65,2,,,,,,,100,89,64,16,233.0,2730,10801,34,0,32.7,29.2;27.9;40.6;39.8;32.7;33.7;65.8;76.5;41.9;51.0;60.6;70.6;25.8;25.0;9.7;11.6;23.3;24.3;7.6;8.9;18.6;23.4;16.6;19.0,33.7,0.11,0.0,3.2,12.855,0.0,1855.0,0.0,4,16,,,,,,,,,,,,,,,,,,,,,,,,,,,,,,,,,,,,,,,,,,,,,,,,,,,,,,,,,,,,,
65,3,,,,,,,100,78,66,18,233.8,2730,10801,35,0,6.1,5.4;1.1;2.3;2.5;1.5;1.5;28.3;40.2;2.9;3.4;25.4;30.1;0.4;0.6;0.0;0.0;0.0;0.0;0.0;0.2;0.0;0.0;0.2;0.0,33.7,0.11,0.0,2.06,12.855,0.0,15673.0,61962.0,4,16,,,,,,,,,,,,,,,,,,,,,,,,,,,,,,,,,,,,,,,,,,,,,,,,,,,,,,,,,,,,,
65,summary,0.31063201297144627,0.992934045014437,0.28487521409988403,0.9991111111111111,0.00100000,40.5,,,,,,,,,,,,,,,,,,,,,,100,100.0,100,59,75.33,89,62,64.0,66,16,19.67,25,81.6,182.8,233.8,2735.0,10801.0,34.3,0,6.1,31.0,54.2,33.38,33.59,33.7,63.16,0.11,0.11,0.11,17.01,0.0,0.0,0.0,2.06,2.69,3.2,10.042,14.236,12.855,12.85,12.855,15.992,0.0,0.0,0.0,244.0,5924.0,15673.0,0.0,20654.0,61962.0,4,4.0,4,16,16.0,16,4,16,4.75,19.44
66,1,,,,,,,100,55,63,21,80.6,2745,10801,34,0,54.7,58.4;58.8;67.8;71.0;60.2;62.1;85.3;89.8;71.4;73.6;81.3;84.0;49.7;50.3;22.0;23.9;50.1;52.6;16.9;18.1;44.0;48.2;35.4;38.4,33.34,0.11,0.0,2.86,12.855,0.0,0.0,146.0,4,16,,,,,,,,,,,,,,,,,,,,,,,,,,,,,,,,,,,,,,,,,,,,,,,,,,,,,,,,,,,,,
66,2,,,,,,,75,60,66,24,229.4,2745,10801,34,0,32.5,27.8;25.9;39.6;39.7;31.0;30.5;77.9;67.5;48.1;53.9;67.3;64.3;25.2;25.1;8.6;8.7;24.5;24.2;6.6;5.2;21.2;20.9;14.5;20.5,33.71,0.11,0.01,2.94,12.855,0.0,48.0,341.0,4,16,,,,,,,,,,,,,,,,,,,,,,,,,,,,,,,,,,,,,,,,,,,,,,,,,,,,,,,,,,,,,
66,3,,,,,,,100,74,68,16,235.5,2745,10801,34,0,6.0,1.9;0.4;1.9;1.9;2.1;1.0;31.3;23.2;1.9;3.8;32.6;39.6;0.0;0.2;0.0;0.0;0.4;0.2;0.0;0.2;0.6;0.2;0.0;0.4,33.69,0.11,0.0,2.43,12.855,0.0,244.0,97.0,4,16,,,,,,,,,,,,,,,,,,,,,,,,,,,,,,,,,,,,,,,,,,,,,,,,,,,,,,,,,,,,,
66,summary,0.3108755594206007,0.992911273648064,0.28484612703323364,0.9991111111111111,0.00100000,40.5,,,,,,,,,,,,,,,,,,,,,,75,91.67,100,55,63.0,74,63,65.67,68,16,20.33,24,80.6,181.83,235.5,2745.0,10801.0,34.0,0,6.0,31.07,54.7,33.34,33.58,33.71,63.16,0.11,0.11,0.11,17.01,0.0,0.0,0.01,2.43,2.74,2.94,10.042,14.236,12.855,12.85,12.855,15.992,0.0,0.0,0.0,0.0,97.33,244.0,97.0,194.67,341.0,4,4.0,4,16,16.0,16,4,16,4.77,19.45
67,1,,,,,,,100,67,55,23,41.4,2565,10801,34,0,55.7,58.8;58.3;69.4;70.4;63.9;63.6;81.9;94.5;72.8;75.1;83.3;83.3;51.1;51.7;22.9;24.0;50.0;52.5;18.6;18.9;47.3;49.4;35.0;40.4,33.33,0.11,0.0,3.19,12.855,0.0,1660.0,634.0,4,16,,,,,,,,,,,,,,,,,,,,,,,,,,,,,,,,,,,,,,,,,,,,,,,,,,,,,,,,,,,,,
67,2,,,,,,,100,55,67,19,236.1,2730,10801,34,0,32.2,26.5;25.0;37.7;46.0;27.2;32.4;70.3;65.4;47.5;51.0;77.2;63.3;25.7;24.0;8.5;7.6;22.4;23.4;5.2;6.3;21.2;23.0;14.8;19.3,33.7,0.11,0.0,2.95,12.855,0.0,29589.0,195.0,4,16,,,,,,,,,,,,,,,,,,,,,,,,,,,,,,,,,,,,,,,,,,,,,,,,,,,,,,,,,,,,,
67,3,,,,,,,100,49,67,21,236.6,2730,10801,34,0,6.5,3.7;0.6;4.0;1.0;1.3;1.1;24.1;37.2;4.0;5.2;32.9;35.9;0.4;0.6;0.4;0.6;0.4;0.6;0.8;0.4;0.2;0.0;0.2;0.2,33.68,0.11,0.01,2.51,12.855,0.0,0.0,390.0,4,16,,,,,,,,,,,,,,,,,,,,,,,,,,,,,,,,,,,,,,,,,,,,,,,,,,,,,,,,,,,,,
67,summary,0.3102629160001417,0.9931321559018828,0.2847917377948761,0.9991111111111111,0.00100000,40.7,,,,,,,,,,,,,,,,,,,,,,100,100.0,100,49,57.0,67,55,63.0,67,19,21.0,23,41.4,171.37,236.6,2675.0,10801.0,34.0,0,6.5,31.47,55.7,33.33,33.57,33.7,63.16,0.11,0.11,0.11,17.01,0.0,0.0,0.01,2.51,2.88,3.19,10.042,14.236,12.855,12.85,12.855,15.992,0.0,0.0,0.0,0.0,10416.33,29589.0,195.0,406.33,634.0,4,4.0,4,16,16.0,16,4,16,4.77,19.58
68,1,,,,,,,100,49,64,22,68.1,2745,10801,34,0,54.8,57.0;57.2;69.9;68.9;63.8;64.2;83.7;85.6;72.1;77.0;86.2;84.1;50.0;51.2;21.8;24.0;47.3;50.4;17.1;18.9;42.7;46.7;35.8;40.6,33.36,0.11,0.0,3.03,12.855,0.0,0.0,97.0,4,16,,,,,,,,,,,,,,,,,,,,,,,,,,,,,,,,,,,,,,,,,,,,,,,,,,,,,,,,,,,,,
68,2,,,,,,,100,89,61,23,236.1,2730,10801,34,0,32.0,27.1;26.4;38.0;42.6;32.5;32.6;58.8;71.2;48.7;53.0;63.5;77.7;25.3;24.3;7.0;7.0;21.7;23.1;5.3;5.2;21.5;22.3;14.3;18.0,33.7,0.11,0.0,2.95,12.855,0.0,146.0,341.0,4,16,,,,,,,,,,,,,,,,,,,,,,,,,,,,,,,,,,,,,,,,,,,,,,,,,,,,,,,,,,,,,
68,3,,,,,,,100,59,66,18,236.8,2730,10801,34,0,5.7,4.1;1.1;1.3;1.9;0.2;0.0;25.2;34.3;2.3;2.3;28.0;32.6;0.2;0.2;0.0;0.0;0.0;0.2;0.0;0.0;1.9;0.6;0.0;0.0,33.7,0.11,0.0,2.46,12.855,0.0,48.0,390.0,4,16,,,,,,,,,,,,,,,,,,,,,,,,,,,,,,,,,,,,,,,,,,,,,,,,,,,,,,,,,,,,,
68,summary,0.30970980293812417,0.9931594815415304,0.2846963107585907,0.9991111111111111,0.00100000,40.7,,,,,,,,,,,,,,,,,,,,,,100,100.0,100,49,65.67,89,61,63.67,66,18,21.0,23,68.1,180.33,236.8,2735.0,10801.0,34.0,0,5.7,30.83,54.8,33.36,33.59,33.7,63.16,0.11,0.11,0.11,17.01,0.0,0.0,0.0,2.46,2.81,3.03,10.042,14.236,12.855,12.85,12.855,15.992,0.0,0.0,0.0,0.0,64.67,146.0,97.0,276.0,390.0,4,4.0,4,16,16.0,16,4,16,4.81,19.56
69,1,,,,,,,100,88,61,22,102.2,2745,10801,34,0,55.1,59.0;56.5;70.0;67.0;64.1;65.4;89.3;80.1;72.4;75.9;86.1;87.1;53.7;51.1;21.4;22.8;48.7;52.8;16.9;16.5;44.9;47.7;33.8;40.6,33.36,0.11,0.0,2.8,12.855,0.0,0.0,390.0,4,16,,,,,,,,,,,,,,,,,,,,,,,,,,,,,,,,,,,,,,,,,,,,,,,,,,,,,,,,,,,,,
69,2,,,,,,,98,73,67,18,235.0,2730,10801,34,0,31.8,26.4;25.8;39.2;43.4;30.9;28.7;69.4;70.6;49.4;49.9;66.3;68.3;25.2;24.6;7.8;7.0;21.8;23.1;5.2;6.5;20.1;20.7;14.1;19.4,33.71,0.11,0.0,2.95,12.855,0.0,6298.0,195.0,4,16,,,,,,,,,,,,,,,,,,,,,,,,,,,,,,,,,,,,,,,,,,,,,,,,,,,,,,,,,,,,,
69,3,,,,,,,98,75,66,17,233.6,2730,10801,35,0,5.6,2.1;1.5;2.5;1.3;0.6;0.6;31.6;35.2;2.7;2.9;15.3;38.3;0.0;0.0;0.0;0.4;0.2;0.0;0.0;0.0;0.0;0.0;0.0;0.0,33.7,0.11,0.0,2.48,12.855,0.0,0.0,0.0,4,16,,,,,,,,,,,,,,,,,,,,,,,,,,,,,,,,,,,,,,,,,,,,,,,,,,,,,,,,,,,,,
69,summary,0.31009721084589714,0.9931048302622351,0.28464367985725403,0.9991111111111111,0.00100000,40.9,,,,,,,,,,,,,,,,,,,,,,98,98.67,100,73,78.67,88,61,64.67,67,17,19.0,22,102.2,190.27,235.0,2735.0,10801.0,34.3,0,5.6,30.83,55.1,33.36,33.59,33.71,63.16,0.11,0.11,0.11,17.01,0.0,0.0,0.0,2.48,2.74,2.95,10.042,14.236,12.855,12.85,12.855,15.992,0.0,0.0,0.0,0.0,2099.33,6298.0,0.0,195.0,390.0,4,4.0,4,16,16.0,16,4,16,4.89,19.52
70,1,,,,,,,100,52,62,23,55.6,2565,10801,34,0,54.8,55.3;56.1;68.3;71.1;62.9;63.1;84.3;86.3;72.0;74.8;85.4;85.9;49.8;49.4;24.2;25.5;46.3;48.4;18.8;18.4;44.4;46.6;35.8;40.8,33.38,0.11,0.0,2.59,12.855,0.0,0.0,6689.0,4,16,,,,,,,,,,,,,,,,,,,,,,,,,,,,,,,,,,,,,,,,,,,,,,,,,,,,,,,,,,,,,
70,2,,,,,,,100,74,67,18,235.2,2730,10801,34,0,34.0,30.9;29.2;36.9;44.3;32.3;31.4;78.1;64.5;50.3;55.2;74.0;63.9;27.1;27.0;9.4;10.6;24.4;24.9;7.8;8.8;22.5;24.0;16.5;21.8,33.71,0.11,0.0,3.38,12.855,0.0,1123.0,4003.0,4,16,,,,,,,,,,,,,,,,,,,,,,,,,,,,,,,,,,,,,,,,,,,,,,,,,,,,,,,,,,,,,
70,3,,,,,,,100,50,69,17,237.6,2745,10801,34,0,6.1,5.6;1.3;1.7;3.3;1.7;0.6;36.4;22.6;3.3;3.8;34.3;30.3;0.0;0.2;0.0;0.0;0.6;0.4;0.0;0.0;0.0;0.2;0.2;0.0,33.68,0.11,0.0,2.44,12.855,0.0,1123.0,244.0,4,16,,,,,,,,,,,,,,,,,,,,,,,,,,,,,,,,,,,,,,,,,,,,,,,,,,,,,,,,,,,,,
70,summary,0.3104319490238329,0.9929773106105458,0.2845795452594757,0.9991111111111111,0.00100000,40.5,,,,,,,,,,,,,,,,,,,,,,100,100.0,100,50,58.67,74,62,66.0,69,17,19.33,23,55.6,176.13,237.6,2680.0,10801.0,34.0,0,6.1,31.63,54.8,33.38,33.59,33.71,63.16,0.11,0.11,0.11,17.01,0.0,0.0,0.0,2.44,2.8,3.38,10.042,14.236,12.855,12.85,12.855,15.992,0.0,0.0,0.0,0.0,748.67,1123.0,244.0,3645.33,6689.0,4,4.0,4,16,16.0,16,4,16,4.57,19.59
71,1,,,,,,,100,28,58,26,37.1,2565,10801,34,0,54.7,57.2;55.9;67.6;71.4;63.5;65.0;84.4;86.0;73.0;74.3;80.5;89.0;51.2;49.1;22.7;24.5;48.3;51.9;16.5;18.3;43.5;45.6;33.3;39.8,33.4,0.11,0.0,2.82,12.855,0.0,341.0,585.0,4,16,,,,,,,,,,,,,,,,,,,,,,,,,,,,,,,,,,,,,,,,,,,,,,,,,,,,,,,,,,,,,
71,2,,,,,,,100,45,67,18,236.6,2745,10801,34,0,33.6,29.9;27.2;43.3;41.4;33.4;31.4;62.4;66.8;49.1;52.0;65.1;82.2;26.4;25.8;9.2;10.4;24.6;26.0;6.5;7.8;24.5;21.8;15.1;22.5,33.71,0.11,0.0,3.21,12.855,0.0,439.0,0.0,4,16,,,,,,,,,,,,,,,,,,,,,,,,,,,,,,,,,,,,,,,,,,,,,,,,,,,,,,,,,,,,,
71,3,,,,,,,100,56,67,22,237.5,2745,10801,34,0,6.0,4.7;1.5;1.5;2.3;0.6;0.6;31.0;32.2;1.5;4.4;28.4;29.4;0.2;0.2;0.0;0.2;0.2;0.6;0.0;0.4;1.9;1.3;0.2;0.2,33.69,0.11,0.0,2.05,12.855,0.0,0.0,0.0,4,16,,,,,,,,,,,,,,,,,,,,,,,,,,,,,,,,,,,,,,,,,,,,,,,,,,,,,,,,,,,,,
71,summary,0.3088885867837377,0.9935101605836757,0.28451842069625854,0.9992222222222222,0.00100000,40.6,,,,,,,,,,,,,,,,,,,,,,100,100.0,100,28,43.0,56,58,64.0,67,18,22.0,26,37.1,170.4,237.5,2685.0,10801.0,34.0,0,6.0,31.43,54.7,33.4,33.6,33.71,63.16,0.11,0.11,0.11,17.01,0.0,0.0,0.0,2.05,2.69,3.21,10.042,14.236,12.855,12.85,12.855,15.992,0.0,0.0,0.0,0.0,260.0,439.0,0.0,195.0,585.0,4,4.0,4,16,16.0,16,4,16,4.69,19.5
72,1,,,,,,,100,56,59,26,55.1,2565,10801,34,0,54.8,54.6;57.5;69.7;70.8;62.5;63.6;88.7;82.3;72.4;76.6;85.8;84.5;50.1;51.0;20.8;23.7;50.5;53.4;16.8;18.1;42.0;44.2;34.4;40.5,33.43,0.11,0.0,2.78,12.855,0.0,8300.0,125390.0,4,16,,,,,,,,,,,,,,,,,,,,,,,,,,,,,,,,,,,,,,,,,,,,,,,,,,,,,,,,,,,,,
72,2,,,,,,,100,79,67,16,236.1,2730,10801,34,0,32.1,26.3;27.0;38.2;41.0;28.8;29.3;65.0;71.4;50.1;54.9;68.0;70.1;24.2;25.1;8.1;9.6;21.8;23.2;5.7;6.0;21.5;20.7;15.0;19.4,33.7,0.11,0.0,3.22,12.855,0.0,244.0,0.0,4,16,,,,,,,,,,,,,,,,,,,,,,,,,,,,,,,,,,,,,,,,,,,,,,,,,,,,,,,,,,,,,
72,3,,,,,,,100,75,67,15,236.6,2730,10801,34,0,6.1,7.5;0.4;2.9;3.1;1.0;0.8;22.5;34.6;2.1;6.7;33.4;26.6;1.0;1.0;0.4;0.4;0.4;0.4;0.2;0.2;0.0;0.0;0.0;0.2,33.69,0.11,0.0,2.06,12.855,0.0,1367.0,0.0,4,16,,,,,,,,,,,,,,,,,,,,,,,,,,,,,,,,,,,,,,,,,,,,,,,,,,,,,,,,,,,,,
72,summary,0.3086461072070711,0.9936058003224425,0.2845085859298706,0.9992222222222222,0.00100000,40.6,,,,,,,,,,,,,,,,,,,,,,100,100.0,100,56,70.0,79,59,64.33,67,15,19.0,26,55.1,175.93,236.6,2675.0,10801.0,34.0,0,6.1,31.0,54.8,33.43,33.61,33.7,63.16,0.11,0.11,0.11,17.01,0.0,0.0,0.0,2.06,2.69,3.22,10.042,14.236,12.855,12.85,12.855,15.992,0.0,0.0,0.0,244.0,3303.67,8300.0,0.0,41796.67,125390.0,4,4.0,4,16,16.0,16,4,16,4.82,19.58
73,1,,,,,,,100,11,55,21,36.3,2550,10801,34,0,55.3,59.6;58.0;69.8;72.5;65.2;63.4;85.6;92.5;71.9;76.1;83.9;81.8;53.5;53.5;20.1;23.4;50.2;52.3;16.7;17.8;45.5;45.2;29.3;40.2,33.36,0.11,0.0,2.83,12.855,0.0,5468.0,48.0,4,16,,,,,,,,,,,,,,,,,,,,,,,,,,,,,,,,,,,,,,,,,,,,,,,,,,,,,,,,,,,,,
73,2,,,,,,,100,46,67,16,236.2,2730,10801,34,0,31.8,26.4;25.0;35.5;44.5;28.9;29.5;72.0;68.7;45.0;50.5;68.6;61.5;22.4;21.6;12.6;12.8;23.9;22.3;10.1;10.2;18.8;20.6;13.1;18.4,33.71,0.11,0.0,3.22,12.855,0.0,1123.0,146.0,4,16,,,,,,,,,,,,,,,,,,,,,,,,,,,,,,,,,,,,,,,,,,,,,,,,,,,,,,,,,,,,,
73,3,,,,,,,100,61,67,18,234.9,2730,10801,34,0,5.5,4.1;0.6;1.3;1.0;0.6;0.4;20.1;32.9;2.9;2.1;38.7;26.8;0.2;0.4;0.0;0.0;0.0;0.0;0.0;0.0;0.0;0.0;0.0;0.2,33.7,0.11,0.0,2.05,12.855,0.0,0.0,27734.0,4,16,,,,,,,,,,,,,,,,,,,,,,,,,,,,,,,,,,,,,,,,,,,,,,,,,,,,,,,,,,,,,
73,summary,0.30905535236556547,0.9934213522548206,0.28447332978248596,0.9992222222222222,0.00100000,40.6,,,,,,,,,,,,,,,,,,,,,,100,100.0,100,11,39.33,61,55,63.0,67,16,18.33,21,36.3,169.13,236.2,2670.0,10801.0,34.0,0,5.5,30.87,55.3,33.36,33.59,33.71,63.16,0.11,0.11,0.11,17.01,0.0,0.0,0.0,2.05,2.7,3.22,10.042,14.236,12.855,12.85,12.855,15.992,0.0,0.0,0.0,0.0,2197.0,5468.0,48.0,9309.33,27734.0,4,4.0,4,16,16.0,16,4,16,4.88,19.5
74,1,,,,,,,100,86,65,21,104.2,2745,10801,34,0,55.3,58.7;59.7;72.1;69.2;61.0;63.5;81.9;90.8;72.4;76.6;84.3;86.6;50.5;49.8;21.5;23.4;50.9;53.1;17.4;17.9;45.5;47.1;32.5;40.7,33.39,0.11,0.0,2.87,12.855,0.0,0.0,97.0,4,16,,,,,,,,,,,,,,,,,,,,,,,,,,,,,,,,,,,,,,,,,,,,,,,,,,,,,,,,,,,,,
74,2,,,,,,,100,72,68,23,234.0,2730,10801,34,0,33.1,29.2;30.0;37.4;42.4;31.2;31.6;72.1;71.2;52.6;53.7;65.7;67.4;25.6;25.3;10.2;9.2;23.0;24.3;6.5;7.3;21.6;22.0;14.6;19.7,33.75,0.11,0.02,3.78,12.855,0.0,1123.0,130029.0,4,16,,,,,,,,,,,,,,,,,,,,,,,,,,,,,,,,,,,,,,,,,,,,,,,,,,,,,,,,,,,,,
74,3,,,,,,,98,73,67,16,232.7,2730,10801,34,0,5.8,4.8;0.2;1.5;1.7;0.4;0.4;27.3;31.3;4.6;2.7;31.6;32.6;0.0;0.0;0.0;0.0;0.2;0.0;0.0;0.0;0.4;0.2;0.2;0.0,33.73,0.11,0.0,2.51,12.855,0.0,0.0,0.0,4,16,,,,,,,,,,,,,,,,,,,,,,,,,,,,,,,,,,,,,,,,,,,,,,,,,,,,,,,,,,,,,
74,summary,0.308837730705478,0.9934623407142922,0.2844299077987671,0.9992222222222222,0.00100000,40.5,,,,,,,,,,,,,,,,,,,,,,98,99.33,100,72,77.0,86,65,66.67,68,16,20.0,23,104.2,190.3,234.0,2735.0,10801.0,34.0,0,5.8,31.4,55.3,33.39,33.62,33.75,63.16,0.11,0.11,0.11,17.01,0.0,0.01,0.02,2.51,3.05,3.78,10.042,14.236,12.855,12.85,12.855,15.992,0.0,0.0,0.0,0.0,374.33,1123.0,0.0,43375.33,130029.0,4,4.0,4,16,16.0,16,4,16,4.64,19.58
75,1,,,,,,,100,66,61,23,50.8,2565,10801,34,0,55.3,59.6;58.5;70.2;73.2;61.6;62.3;83.5;84.4;73.2;75.6;88.6;85.0;49.5;49.9;21.5;23.9;51.0;53.5;17.3;17.1;43.6;49.5;34.9;38.9,33.35,0.11,0.0,2.81,12.855,0.0,7324.0,128857.0,4,16,,,,,,,,,,,,,,,,,,,,,,,,,,,,,,,,,,,,,,,,,,,,,,,,,,,,,,,,,,,,,
75,2,,,,,,,100,67,66,20,235.0,2730,10801,34,0,31.3,27.5;25.4;40.6;38.7;29.1;30.1;62.9;74.0;50.0;48.5;68.5;66.9;23.8;22.9;6.6;10.4;20.9;21.6;6.4;6.7;17.3;21.0;13.0;19.4,33.76,0.11,0.0,2.95,12.855,0.0,0.0,97.0,4,16,,,,,,,,,,,,,,,,,,,,,,,,,,,,,,,,,,,,,,,,,,,,,,,,,,,,,,,,,,,,,
75,3,,,,,,,100,67,66,18,235.6,2730,10801,34,0,5.9,4.4;1.3;2.1;2.7;1.3;0.0;27.2;18.2;4.6;1.9;41.4;36.2;0.2;0.0;0.2;0.2;0.2;0.0;0.0;0.0;0.0;0.0;0.2;0.0,33.74,0.11,0.0,2.45,12.855,0.0,1123.0,48.0,4,16,,,,,,,,,,,,,,,,,,,,,,,,,,,,,,,,,,,,,,,,,,,,,,,,,,,,,,,,,,,,,
75,summary,0.30851205360433714,0.9935693661362457,0.284403532743454,0.9992222222222222,0.00100000,40.7,,,,,,,,,,,,,,,,,,,,,,100,100.0,100,66,66.67,67,61,64.33,66,18,20.33,23,50.8,173.8,235.6,2675.0,10801.0,34.0,0,5.9,30.83,55.3,33.35,33.62,33.76,63.16,0.11,0.11,0.11,17.01,0.0,0.0,0.0,2.45,2.74,2.95,10.042,14.236,12.855,12.85,12.855,15.992,0.0,0.0,0.0,0.0,2815.67,7324.0,48.0,43000.67,128857.0,4,4.0,4,16,16.0,16,4,16,4.88,19.55
76,1,,,,,,,100,63,61,21,101.2,2745,10801,34,0,55.1,60.5;59.0;66.8;73.8;61.4;65.0;80.8;84.2;70.6;76.2;88.6;87.8;49.8;50.3;22.2;26.2;49.9;52.1;18.2;19.1;41.0;46.5;33.0;39.7,33.36,0.11,0.0,2.81,12.855,0.0,7763.0,0.0,4,16,,,,,,,,,,,,,,,,,,,,,,,,,,,,,,,,,,,,,,,,,,,,,,,,,,,,,,,,,,,,,
76,2,,,,,,,100,77,66,18,235.1,2730,10801,34,0,31.0,27.7;26.1;39.7;37.0;29.0;29.4;62.1;71.0;44.9;50.7;70.7;68.2;22.9;22.2;6.5;8.4;19.4;20.8;6.9;6.3;19.2;20.2;14.5;18.4,33.76,0.11,0.0,2.93,12.855,0.0,1123.0,3613.0,4,16,,,,,,,,,,,,,,,,,,,,,,,,,,,,,,,,,,,,,,,,,,,,,,,,,,,,,,,,,,,,,
76,3,,,,,,,100,59,65,18,236.4,2730,10801,34,0,6.0,3.9;1.3;1.7;1.5;1.7;1.0;32.4;34.5;4.0;2.5;23.6;31.0;0.6;0.8;0.4;0.0;0.8;0.8;0.2;0.4;0.2;0.6;0.0;0.6,33.74,0.11,0.0,2.5,12.855,0.0,2392.0,195.0,4,16,,,,,,,,,,,,,,,,,,,,,,,,,,,,,,,,,,,,,,,,,,,,,,,,,,,,,,,,,,,,,
76,summary,0.3086530138656279,0.9934919434905772,0.2843950390815735,0.9992222222222222,0.00100000,40.7,,,,,,,,,,,,,,,,,,,,,,100,100.0,100,59,66.33,77,61,64.0,66,18,19.0,21,101.2,190.9,236.4,2735.0,10801.0,34.0,0,6.0,30.7,55.1,33.36,33.62,33.76,63.16,0.11,0.11,0.11,17.01,0.0,0.0,0.0,2.5,2.75,2.93,10.042,14.236,12.855,12.85,12.855,15.992,0.0,0.0,0.0,1123.0,3759.33,7763.0,0.0,1269.33,3613.0,4,4.0,4,16,16.0,16,4,16,4.96,19.52
77,1,,,,,,,100,46,63,25,64.6,2745,10801,34,0,55.5,60.7;60.9;72.0;69.3;63.4;64.9;83.8;85.0;73.4;74.8;84.2;89.3;51.9;51.4;23.3;23.8;50.1;52.8;16.3;16.4;44.2;47.0;33.0;40.3,33.41,0.11,0.0,2.6,12.855,0.0,244.0,0.0,4,16,,,,,,,,,,,,,,,,,,,,,,,,,,,,,,,,,,,,,,,,,,,,,,,,,,,,,,,,,,,,,
77,2,,,,,,,100,83,65,16,235.2,2745,10801,34,0,32.8,28.8;26.1;39.6;42.3;30.0;30.1;66.5;66.2;50.5;53.3;73.7;70.9;26.8;24.0;8.5;10.1;23.7;24.2;6.4;7.4;22.5;20.9;15.6;20.1,33.73,0.11,0.0,3.4,12.855,0.0,0.0,97.0,4,16,,,,,,,,,,,,,,,,,,,,,,,,,,,,,,,,,,,,,,,,,,,,,,,,,,,,,,,,,,,,,
77,3,,,,,,,100,67,65,17,236.6,2745,10801,34,0,5.9,2.7;1.0;1.5;0.4;0.0;0.2;29.2;32.2;3.6;2.1;34.8;25.1;0.6;0.4;0.4;0.0;0.8;0.4;0.2;0.4;1.3;1.9;0.6;0.6,33.72,0.11,0.0,2.45,12.855,0.0,0.0,830.0,4,16,,,,,,,,,,,,,,,,,,,,,,,,,,,,,,,,,,,,,,,,,,,,,,,,,,,,,,,,,,,,,
77,summary,0.30817454659175586,0.9936968857879348,0.284315288066864,0.9993333333333333,0.00100000,40.5,,,,,,,,,,,,,,,,,,,,,,100,100.0,100,46,65.33,83,63,64.33,65,16,19.33,25,64.6,178.8,236.6,2745.0,10801.0,34.0,0,5.9,31.4,55.5,33.41,33.62,33.73,63.16,0.11,0.11,0.11,17.01,0.0,0.0,0.0,2.45,2.82,3.4,10.042,14.236,12.855,12.85,12.855,15.992,0.0,0.0,0.0,0.0,81.33,244.0,0.0,309.0,830.0,4,4.0,4,16,16.0,16,4,16,4.68,19.5
78,1,,,,,,,100,45,60,23,64.9,2565,10801,34,0,54.9,59.9;59.9;70.3;69.7;62.2;64.4;85.5;85.6;74.4;76.6;83.5;84.9;52.7;50.9;20.7;23.4;49.6;51.6;17.4;17.2;41.8;45.6;31.7;38.9,33.32,0.11,0.0,2.84,12.855,0.0,488.0,6494.0,4,16,,,,,,,,,,,,,,,,,,,,,,,,,,,,,,,,,,,,,,,,,,,,,,,,,,,,,,,,,,,,,
78,2,,,,,,,100,89,68,18,234.8,2745,10801,34,0,33.4,28.4;27.9;38.4;44.5;28.7;31.2;63.0;77.6;52.5;57.2;66.9;78.1;25.4;26.3;7.2;8.5;22.8;24.2;4.6;4.2;22.9;22.7;16.6;20.1,33.74,0.11,0.0,3.21,12.855,0.0,0.0,97.0,4,16,,,,,,,,,,,,,,,,,,,,,,,,,,,,,,,,,,,,,,,,,,,,,,,,,,,,,,,,,,,,,
78,3,,,,,,,100,78,68,18,235.1,2730,10801,34,0,5.9,2.3;0.4;1.5;2.1;0.6;0.8;39.5;41.2;3.4;4.2;18.4;26.0;0.2;0.6;0.0;0.0;0.0;0.0;0.2;0.0;0.4;0.2;0.0;0.0,33.74,0.11,0.0,2.03,12.855,0.0,0.0,341.0,4,16,,,,,,,,,,,,,,,,,,,,,,,,,,,,,,,,,,,,,,,,,,,,,,,,,,,,,,,,,,,,,
78,summary,0.30803456324058714,0.9937674770236913,0.28431183099746704,0.9993333333333333,0.00100000,40.7,,,,,,,,,,,,,,,,,,,,,,100,100.0,100,45,70.67,89,60,65.33,68,18,19.67,23,64.9,178.27,235.1,2680.0,10801.0,34.0,0,5.9,31.4,54.9,33.32,33.6,33.74,63.16,0.11,0.11,0.11,17.01,0.0,0.0,0.0,2.03,2.69,3.21,10.042,14.236,12.855,12.85,12.855,15.992,0.0,0.0,0.0,0.0,162.67,488.0,97.0,2310.67,6494.0,4,4.0,4,16,16.0,16,4,16,4.75,19.48
79,1,,,,,,,100,43,62,24,69.8,2745,10801,34,0,54.7,57.1;58.0;69.4;69.2;62.1;63.7;98.0;80.3;69.8;75.2;80.0;82.0;50.6;51.6;21.4;23.4;51.3;53.0;16.1;18.3;43.6;47.2;31.2;39.7,33.34,0.11,0.0,2.79,12.855,0.0,0.0,97.0,4,16,,,,,,,,,,,,,,,,,,,,,,,,,,,,,,,,,,,,,,,,,,,,,,,,,,,,,,,,,,,,,
79,2,,,,,,,100,88,65,18,234.9,2730,10801,34,0,31.8,27.8;24.7;40.2;43.6;29.6;28.3;67.0;70.9;46.9;51.5;70.0;69.6;22.6;23.1;6.8;8.2;22.6;22.8;5.3;5.0;19.4;21.1;15.4;20.5,33.73,0.11,0.0,3.2,12.855,0.0,0.0,341.0,4,16,,,,,,,,,,,,,,,,,,,,,,,,,,,,,,,,,,,,,,,,,,,,,,,,,,,,,,,,,,,,,
79,3,,,,,,,95,78,68,18,234.2,2730,10801,34,0,6.8,7.0;4.0;3.8;2.7;2.3;1.9;49.3;32.8;5.2;4.6;24.0;17.6;0.8;1.3;0.6;0.0;0.6;0.4;0.4;0.4;0.6;0.8;0.2;0.6,33.7,0.11,0.0,2.07,12.855,0.0,1123.0,0.0,4,16,,,,,,,,,,,,,,,,,,,,,,,,,,,,,,,,,,,,,,,,,,,,,,,,,,,,,,,,,,,,,
79,summary,0.3081396918254923,0.993705994334484,0.2842124104499817,0.9993333333333333,0.00100000,40.7,,,,,,,,,,,,,,,,,,,,,,95,98.33,100,43,69.67,88,62,65.0,68,18,20.0,24,69.8,179.63,234.9,2735.0,10801.0,34.0,0,6.8,31.1,54.7,33.34,33.59,33.73,63.16,0.11,0.11,0.11,17.01,0.0,0.0,0.0,2.07,2.69,3.2,10.042,14.236,12.855,12.85,12.855,15.992,0.0,0.0,0.0,0.0,374.33,1123.0,0.0,146.0,341.0,4,4.0,4,16,16.0,16,4,16,4.84,19.57
80,1,,,,,,,100,55,58,21,54.7,2565,10801,34,0,54.8,58.1;56.8;69.4;68.2;65.1;64.6;80.5;91.8;73.7;76.7;83.5;81.8;49.6;50.0;20.8;24.3;51.9;54.4;16.5;16.1;44.2;48.1;33.1;36.4,33.33,0.11,0.0,2.86,12.855,0.0,5615.0,292.0,4,16,,,,,,,,,,,,,,,,,,,,,,,,,,,,,,,,,,,,,,,,,,,,,,,,,,,,,,,,,,,,,
80,2,,,,,,,100,60,65,20,235.6,2730,10801,34,0,33.7,26.7;28.9;36.5;47.6;31.2;34.5;74.3;68.0;46.6;55.7;70.6;64.7;27.1;26.7;9.5;10.1;26.6;26.3;5.8;5.7;23.9;24.5;16.4;21.5,33.73,0.11,0.0,3.2,12.855,0.0,0.0,390.0,4,16,,,,,,,,,,,,,,,,,,,,,,,,,,,,,,,,,,,,,,,,,,,,,,,,,,,,,,,,,,,,,
80,3,,,,,,,100,60,67,17,236.8,2745,10801,34,0,5.6,4.9;0.4;1.9;2.7;0.8;0.4;19.0;39.8;0.8;4.6;31.5;27.9;0.0;0.0;0.0;0.0;0.0;0.0;0.0;0.0;0.0;0.0;0.0;0.0,33.71,0.11,0.0,2.09,12.855,0.0,1123.0,0.0,4,16,,,,,,,,,,,,,,,,,,,,,,,,,,,,,,,,,,,,,,,,,,,,,,,,,,,,,,,,,,,,,
80,summary,0.3073250676512656,0.9938107426198002,0.2841748595237732,0.9993333333333333,0.00100000,40.3,,,,,,,,,,,,,,,,,,,,,,100,100.0,100,55,58.33,60,58,63.33,67,17,19.33,21,54.7,175.7,236.8,2680.0,10801.0,34.0,0,5.6,31.37,54.8,33.33,33.59,33.73,63.16,0.11,0.11,0.11,17.01,0.0,0.0,0.0,2.09,2.72,3.2,10.042,14.236,12.855,12.85,12.855,15.992,0.0,0.0,0.0,0.0,2246.0,5615.0,0.0,227.33,390.0,4,4.0,4,16,16.0,16,4,16,4.55,19.64
81,1,,,,,,,100,45,62,22,64.8,2745,10801,34,0,55.5,57.0;58.3;71.0;71.5;64.0;65.6;82.9;92.5;70.8;75.6;84.8;83.7;50.9;51.5;21.8;24.2;49.9;53.2;19.0;19.1;44.1;47.2;33.8;41.0,33.51,0.11,0.0,2.86,12.855,0.0,244.0,0.0,4,16,,,,,,,,,,,,,,,,,,,,,,,,,,,,,,,,,,,,,,,,,,,,,,,,,,,,,,,,,,,,,
81,2,,,,,,,100,88,64,17,235.5,2745,10801,34,0,33.1,29.6;25.7;43.6;40.3;30.5;33.2;70.2;74.5;50.4;50.9;67.8;64.9;26.0;25.2;8.2;10.0;25.7;24.1;6.2;6.1;20.7;23.0;14.6;22.0,33.74,0.11,0.0,2.96,12.855,0.0,97.0,537.0,4,16,,,,,,,,,,,,,,,,,,,,,,,,,,,,,,,,,,,,,,,,,,,,,,,,,,,,,,,,,,,,,
81,3,,,,,,,100,59,66,16,235.9,2730,10801,34,0,5.8,4.5;0.6;2.1;0.8;0.6;0.8;30.5;22.9;2.1;3.8;32.4;34.4;0.4;0.0;0.0;0.0;0.4;0.4;0.0;0.2;0.4;0.4;0.0;0.2,33.72,0.11,0.0,3.02,12.855,0.0,634.0,195.0,4,16,,,,,,,,,,,,,,,,,,,,,,,,,,,,,,,,,,,,,,,,,,,,,,,,,,,,,,,,,,,,,
81,summary,0.30701216508744406,0.9940134077805205,0.28415560722351074,0.9993333333333333,0.00100000,40.6,,,,,,,,,,,,,,,,,,,,,,100,100.0,100,45,64.0,88,62,64.0,66,16,18.33,22,64.8,178.73,235.9,2740.0,10801.0,34.0,0,5.8,31.47,55.5,33.51,33.66,33.74,63.16,0.11,0.11,0.11,17.01,0.0,0.0,0.0,2.86,2.95,3.02,10.042,14.236,12.855,12.85,12.855,15.992,0.0,0.0,0.0,97.0,325.0,634.0,0.0,244.0,537.0,4,4.0,4,16,16.0,16,4,16,4.65,19.53
82,1,,,,,,,100,46,62,21,68.3,2745,10801,34,0,54.7,58.5;54.9;68.0;67.6;64.8;64.3;81.4;85.1;73.1;75.1;91.9;81.3;50.6;50.9;20.6;24.6;49.6;52.1;17.2;17.4;43.9;47.9;33.3;37.6,33.36,0.11,0.0,2.94,12.855,0.0,292.0,244.0,4,16,,,,,,,,,,,,,,,,,,,,,,,,,,,,,,,,,,,,,,,,,,,,,,,,,,,,,,,,,,,,,
82,2,,,,,,,100,75,66,19,235.2,2730,10801,34,0,31.6,28.6;26.6;40.3;38.5;29.9;30.8;61.8;75.2;44.8;50.9;56.2;73.1;24.4;23.2;7.8;7.9;23.4;22.9;7.2;7.7;20.3;22.6;15.2;18.3,33.76,0.11,0.0,2.93,12.855,0.0,634.0,146.0,4,16,,,,,,,,,,,,,,,,,,,,,,,,,,,,,,,,,,,,,,,,,,,,,,,,,,,,,,,,,,,,,
82,3,,,,,,,100,48,67,16,237.7,2730,10801,34,0,5.9,3.5;0.6;2.7;1.9;1.1;2.5;26.1;25.4;3.8;4.8;29.2;37.9;0.4;0.6;0.0;0.0;0.0;0.4;0.0;0.0;0.2;0.0;0.0;0.4,33.73,0.11,0.01,2.5,12.855,0.0,1123.0,97.0,4,16,,,,,,,,,,,,,,,,,,,,,,,,,,,,,,,,,,,,,,,,,,,,,,,,,,,,,,,,,,,,,
82,summary,0.3077587080355592,0.9938084654831628,0.28411224484443665,0.9994444444444445,0.00100000,40.8,,,,,,,,,,,,,,,,,,,,,,100,100.0,100,46,56.33,75,62,65.0,67,16,18.67,21,68.3,180.4,237.7,2735.0,10801.0,34.0,0,5.9,30.73,54.7,33.36,33.62,33.76,63.16,0.11,0.11,0.11,17.01,0.0,0.0,0.01,2.5,2.79,2.94,10.042,14.236,12.855,12.85,12.855,15.992,0.0,0.0,0.0,292.0,683.0,1123.0,97.0,162.33,244.0,4,4.0,4,16,16.0,16,4,16,4.96,19.52
83,1,,,,,,,100,73,61,25,48.7,2565,10801,34,0,54.6,58.2;58.7;69.2;69.2;62.2;65.1;81.8;81.6;69.8;75.3;94.0;83.0;50.3;52.2;24.0;24.3;47.1;50.6;16.3;17.2;41.0;45.8;32.7;39.7,33.28,0.11,0.0,2.84,12.855,0.0,781.0,0.0,4,16,,,,,,,,,,,,,,,,,,,,,,,,,,,,,,,,,,,,,,,,,,,,,,,,,,,,,,,,,,,,,
83,2,,,,,,,100,67,66,18,235.7,2745,10801,34,0,32.7,26.9;26.8;38.3;45.9;31.1;34.1;67.5;66.4;41.3;52.9;76.5;66.3;24.7;24.1;10.0;10.8;24.2;26.0;6.1;5.9;20.7;21.9;18.2;19.1,33.72,0.11,0.0,2.97,12.855,0.0,1025.0,195.0,4,16,,,,,,,,,,,,,,,,,,,,,,,,,,,,,,,,,,,,,,,,,,,,,,,,,,,,,,,,,,,,,
83,3,,,,,,,100,60,67,22,236.3,2730,10801,34,0,5.9,2.3;1.3;1.5;1.3;0.6;1.0;31.4;20.7;1.7;2.5;25.4;47.7;0.2;0.4;0.0;0.0;0.2;0.0;0.4;0.0;0.0;0.0;1.3;1.3,33.7,0.11,0.0,2.43,12.855,0.0,0.0,390.0,4,16,,,,,,,,,,,,,,,,,,,,,,,,,,,,,,,,,,,,,,,,,,,,,,,,,,,,,,,,,,,,,
83,summary,0.3075114643016625,0.9939291537249401,0.284053772687912,0.9994444444444445,0.00100000,40.3,,,,,,,,,,,,,,,,,,,,,,100,100.0,100,60,66.67,73,61,64.67,67,18,21.67,25,48.7,173.57,236.3,2680.0,10801.0,34.0,0,5.9,31.07,54.6,33.28,33.57,33.72,63.16,0.11,0.11,0.11,17.01,0.0,0.0,0.0,2.43,2.75,2.97,10.042,14.236,12.855,12.85,12.855,15.992,0.0,0.0,0.0,0.0,602.0,1025.0,0.0,195.0,390.0,4,4.0,4,16,16.0,16,4,16,4.72,19.47
84,1,,,,,,,100,77,63,25,87.6,2745,10801,34,0,55.8,64.6;62.4;70.1;70.0;65.6;64.8;84.5;89.7;73.7;74.0;83.8;86.2;54.3;53.9;21.5;23.7;48.4;52.7;15.8;15.3;43.7;47.8;30.9;41.7,33.37,0.11,0.0,2.88,12.855,0.0,97.0,146.0,4,16,,,,,,,,,,,,,,,,,,,,,,,,,,,,,,,,,,,,,,,,,,,,,,,,,,,,,,,,,,,,,
84,2,,,,,,,98,72,66,18,232.5,2730,10801,34,0,32.3,27.8;26.1;42.1;40.7;31.0;31.1;72.5;64.0;46.8;50.1;73.9;66.8;24.2;23.7;8.9;9.8;20.9;23.1;7.5;7.7;20.8;22.1;14.9;19.6,33.77,0.11,0.0,3.19,12.855,0.0,1269.0,48.0,4,16,,,,,,,,,,,,,,,,,,,,,,,,,,,,,,,,,,,,,,,,,,,,,,,,,,,,,,,,,,,,,
84,3,,,,,,,100,78,67,17,235.7,2730,10801,34,0,6.5,6.1;1.7;3.1;2.5;0.6;0.6;38.2;30.7;3.6;2.7;27.8;32.5;0.4;1.7;0.0;0.0;0.8;0.2;0.2;0.4;0.2;0.4;0.2;0.2,33.71,0.11,0.0,2.05,12.855,0.0,0.0,97.0,4,16,,,,,,,,,,,,,,,,,,,,,,,,,,,,,,,,,,,,,,,,,,,,,,,,,,,,,,,,,,,,,
84,summary,0.30736472058871905,0.9939245994516654,0.284010112285614,0.9995555555555555,0.00100000,40.7,,,,,,,,,,,,,,,,,,,,,,98,99.33,100,72,75.67,78,63,65.33,67,17,20.0,25,87.6,185.27,235.7,2735.0,10801.0,34.0,0,6.5,31.53,55.8,33.37,33.62,33.77,63.16,0.11,0.11,0.11,17.01,0.0,0.0,0.0,2.05,2.71,3.19,10.042,14.236,12.855,12.85,12.855,15.992,0.0,0.0,0.0,0.0,455.33,1269.0,48.0,97.0,146.0,4,4.0,4,16,16.0,16,4,16,4.62,19.62
85,1,,,,,,,100,16,55,21,36.3,2385,10801,34,0,54.8,59.9;60.0;70.4;71.9;61.7;63.7;86.2;86.0;71.0;74.3;81.0;88.2;50.1;49.7;24.8;25.6;43.8;48.8;19.5;20.1;40.6;44.3;32.9;38.9,33.42,0.11,0.0,2.82,12.855,0.0,488.0,0.0,4,16,,,,,,,,,,,,,,,,,,,,,,,,,,,,,,,,,,,,,,,,,,,,,,,,,,,,,,,,,,,,,
85,2,,,,,,,100,44,66,24,236.1,2730,10801,34,0,32.5,28.6;26.9;41.9;38.3;30.9;31.7;62.8;64.2;49.0;52.0;64.2;82.9;23.8;23.9;11.9;10.8;21.6;23.7;6.3;8.9;17.6;21.9;17.8;17.4,33.74,0.11,0.0,3.21,12.855,0.0,244.0,48.0,4,16,,,,,,,,,,,,,,,,,,,,,,,,,,,,,,,,,,,,,,,,,,,,,,,,,,,,,,,,,,,,,
85,3,,,,,,,100,67,67,16,234.9,2730,10801,34,0,5.7,4.6;0.6;1.1;1.5;0.8;1.1;30.0;31.1;4.0;2.1;31.7;28.1;0.2;0.0;0.0;0.0;0.0;0.0;0.0;0.0;0.2;0.0;0.0;0.0,33.73,0.11,0.0,2.03,12.855,0.0,634.0,146.0,4,16,,,,,,,,,,,,,,,,,,,,,,,,,,,,,,,,,,,,,,,,,,,,,,,,,,,,,,,,,,,,,
85,summary,0.30724260032861583,0.9939291537249401,0.2839716374874115,0.9995555555555555,0.00100000,40.7,,,,,,,,,,,,,,,,,,,,,,100,100.0,100,16,42.33,67,55,62.67,67,16,20.33,24,36.3,169.1,236.1,2615.0,10801.0,34.0,0,5.7,31.0,54.8,33.42,33.63,33.74,63.16,0.11,0.11,0.11,17.01,0.0,0.0,0.0,2.03,2.69,3.21,10.042,14.236,12.855,12.85,12.855,15.992,0.0,0.0,0.0,244.0,455.33,634.0,0.0,64.67,146.0,4,4.0,4,16,16.0,16,4,16,4.76,19.48
86,1,,,,,,,100,64,55,21,41.3,2565,10801,34,0,54.7,60.3;58.8;69.5;70.9;62.0;61.8;86.2;83.0;72.9;74.2;86.9;84.6;51.0;49.9;21.5;23.6;47.7;52.0;16.9;15.7;44.5;45.7;34.7;39.4,33.42,0.11,0.0,2.79,12.855,0.0,1171.0,439.0,4,16,,,,,,,,,,,,,,,,,,,,,,,,,,,,,,,,,,,,,,,,,,,,,,,,,,,,,,,,,,,,,
86,2,,,,,,,100,45,68,18,236.1,2730,10801,34,0,31.0,25.9;24.9;41.2;36.0;27.8;31.3;69.2;71.6;45.4;49.1;66.4;63.0;23.4;22.7;7.8;9.4;20.5;22.6;6.9;7.2;19.0;19.1;15.3;18.1,33.73,0.11,0.0,3.22,12.855,0.0,0.0,439.0,4,16,,,,,,,,,,,,,,,,,,,,,,,,,,,,,,,,,,,,,,,,,,,,,,,,,,,,,,,,,,,,,
86,3,,,,,,,100,47,67,18,236.5,2730,10801,34,0,6.2,4.3;1.3;1.3;1.7;3.1;1.3;19.5;35.0;1.9;4.2;35.4;35.8;0.6;0.4;0.0;0.4;0.2;0.6;0.2;0.0;0.2;0.4;0.0;0.4,33.72,0.11,0.01,2.07,12.855,0.0,1123.0,97.0,4,16,,,,,,,,,,,,,,,,,,,,,,,,,,,,,,,,,,,,,,,,,,,,,,,,,,,,,,,,,,,,,
86,summary,0.30694093293874697,0.9940817218796396,0.2839513123035431,0.9995555555555555,0.00100000,40.7,,,,,,,,,,,,,,,,,,,,,,100,100.0,100,45,52.0,64,55,63.33,68,18,19.0,21,41.3,171.3,236.5,2675.0,10801.0,34.0,0,6.2,30.63,54.7,33.42,33.62,33.73,63.16,0.11,0.11,0.11,17.01,0.0,0.0,0.01,2.07,2.69,3.22,10.042,14.236,12.855,12.85,12.855,15.992,0.0,0.0,0.0,0.0,764.67,1171.0,97.0,325.0,439.0,4,4.0,4,16,16.0,16,4,16,4.8,19.59
87,1,,,,,,,100,42,63,20,65.5,2745,10801,34,0,55.2,57.7;59.7;71.1;68.6;63.8;65.4;83.2;94.0;70.8;76.5;80.0;83.0;51.7;51.9;20.7;25.4;47.9;52.6;17.0;17.2;46.3;48.4;33.8;37.4,33.41,0.11,0.0,2.81,12.855,0.0,8105.0,146.0,4,16,,,,,,,,,,,,,,,,,,,,,,,,,,,,,,,,,,,,,,,,,,,,,,,,,,,,,,,,,,,,,
87,2,,,,,,,100,77,66,18,235.0,2745,10801,34,0,31.4,26.4;25.1;38.7;38.0;28.6;29.7;71.8;67.9;49.7;51.3;74.8;60.4;23.3;23.2;7.2;9.5;22.0;22.8;5.3;5.9;20.1;19.4;15.1;17.4,33.73,0.11,0.01,3.22,12.855,0.0,732.0,0.0,4,16,,,,,,,,,,,,,,,,,,,,,,,,,,,,,,,,,,,,,,,,,,,,,,,,,,,,,,,,,,,,,
87,3,,,,,,,100,53,67,17,236.6,2745,10801,34,0,6.5,6.1;0.8;2.5;2.3;0.6;0.8;25.1;37.6;5.6;5.0;43.6;19.2;0.4;1.5;0.2;0.6;0.4;0.4;0.4;0.4;0.2;0.2;0.6;0.4,33.72,0.11,0.0,2.06,12.855,0.0,0.0,48.0,4,16,,,,,,,,,,,,,,,,,,,,,,,,,,,,,,,,,,,,,,,,,,,,,,,,,,,,,,,,,,,,,
87,summary,0.30682525560240137,0.9940862761529142,0.28390389680862427,0.9996666666666667,0.00100000,40.9,,,,,,,,,,,,,,,,,,,,,,100,100.0,100,42,57.33,77,63,65.33,67,17,18.33,20,65.5,179.03,236.6,2745.0,10801.0,34.0,0,6.5,31.03,55.2,33.41,33.62,33.73,63.16,0.11,0.11,0.11,17.01,0.0,0.0,0.01,2.06,2.7,3.22,10.042,14.236,12.855,12.85,12.855,15.992,0.0,0.0,0.0,0.0,2945.67,8105.0,0.0,64.67,146.0,4,4.0,4,16,16.0,16,4,16,4.88,19.54
88,1,,,,,,,100,45,62,20,69.8,2745,10801,34,0,54.6,60.2;59.9;68.6;68.6;62.6;63.6;81.6;86.4;73.3;75.3;90.6;82.0;52.8;52.2;21.7;23.0;47.8;53.1;13.8;15.6;43.9;45.5;29.1;38.5,33.5,0.11,0.0,2.82,12.855,0.0,0.0,97.0,4,16,,,,,,,,,,,,,,,,,,,,,,,,,,,,,,,,,,,,,,,,,,,,,,,,,,,,,,,,,,,,,
88,2,,,,,,,100,89,63,20,234.9,2730,10801,34,0,31.2,28.3;25.2;37.7;41.3;30.4;28.7;65.6;76.5;45.1;51.9;66.1;64.1;24.6;23.4;7.9;9.3;19.6;22.9;6.5;5.2;20.1;18.8;10.9;19.1,33.74,0.11,0.0,3.2,12.855,0.0,1123.0,6445.0,4,16,,,,,,,,,,,,,,,,,,,,,,,,,,,,,,,,,,,,,,,,,,,,,,,,,,,,,,,,,,,,,
88,3,,,,,,,100,72,67,18,234.9,2730,10801,34,0,5.7,3.5;1.3;2.1;1.0;0.4;0.2;23.6;23.9;4.2;2.5;43.0;28.5;0.6;0.2;0.0;0.0;0.0;0.0;0.2;0.4;0.4;0.0;0.0;0.0,33.73,0.11,0.0,2.06,12.855,0.0,488.0,48.0,4,16,,,,,,,,,,,,,,,,,,,,,,,,,,,,,,,,,,,,,,,,,,,,,,,,,,,,,,,,,,,,,
88,summary,0.3061077208146957,0.9942957727235465,0.2838836908340454,0.9996666666666667,0.00100000,40.6,,,,,,,,,,,,,,,,,,,,,,100,100.0,100,45,68.67,89,62,64.0,67,18,19.33,20,69.8,179.87,234.9,2735.0,10801.0,34.0,0,5.7,30.5,54.6,33.5,33.66,33.74,63.16,0.11,0.11,0.11,17.01,0.0,0.0,0.0,2.06,2.69,3.2,10.042,14.236,12.855,12.85,12.855,15.992,0.0,0.0,0.0,0.0,537.0,1123.0,48.0,2196.67,6445.0,4,4.0,4,16,16.0,16,4,16,4.79,19.6
89,1,,,,,,,100,66,61,26,50.3,2565,10801,34,0,55.4,58.2;59.0;70.3;70.2;64.6;64.9;84.0;84.0;72.7;75.8;92.8;80.0;53.5;52.8;23.9;26.1;49.3;52.7;16.2;16.5;42.7;43.2;34.8;40.8,33.41,0.11,0.0,3.27,12.855,0.0,16406.0,2490.0,4,16,,,,,,,,,,,,,,,,,,,,,,,,,,,,,,,,,,,,,,,,,,,,,,,,,,,,,,,,,,,,,
89,2,,,,,,,100,67,65,18,236.1,2730,10801,34,0,31.7,25.3;25.5;36.6;44.1;27.0;31.9;60.0;73.2;47.9;52.6;69.3;66.8;23.6;20.9;9.4;9.0;23.1;23.8;6.5;7.2;19.5;20.7;15.5;20.5,33.76,0.11,0.0,3.21,12.855,0.0,0.0,195.0,4,16,,,,,,,,,,,,,,,,,,,,,,,,,,,,,,,,,,,,,,,,,,,,,,,,,,,,,,,,,,,,,
89,3,,,,,,,100,59,68,16,236.8,2730,10801,34,0,6.0,2.5;1.5;2.9;1.5;1.0;0.4;34.5;21.9;4.0;3.6;26.4;40.3;0.2;0.6;0.0;0.2;0.2;0.0;0.0;0.0;0.2;0.4;0.6;0.8,33.74,0.11,0.0,2.06,12.855,0.0,878.0,97.0,4,16,,,,,,,,,,,,,,,,,,,,,,,,,,,,,,,,,,,,,,,,,,,,,,,,,,,,,,,,,,,,,
89,summary,0.30613284839442123,0.9941864701649558,0.2838640809059143,0.9996666666666667,0.00100000,40.5,,,,,,,,,,,,,,,,,,,,,,100,100.0,100,59,64.0,67,61,64.67,68,16,20.0,26,50.3,174.4,236.8,2675.0,10801.0,34.0,0,6.0,31.03,55.4,33.41,33.64,33.76,63.16,0.11,0.11,0.11,17.01,0.0,0.0,0.0,2.06,2.85,3.27,10.042,14.236,12.855,12.85,12.855,15.992,0.0,0.0,0.0,0.0,5761.33,16406.0,97.0,927.33,2490.0,4,4.0,4,16,16.0,16,4,16,4.84,19.54
90,1,,,,,,,100,25,55,21,36.0,210,5001,34,0,55.3,59.4;58.5;70.1;69.1;64.0;63.3;82.8;86.9;75.6;76.2;83.6;89.9;52.8;51.6;22.0;23.6;49.7;52.4;16.6;16.8;46.2;46.1;32.4;37.9,33.36,0.11,0.0,2.64,12.855,0.0,244.0,0.0,4,16,,,,,,,,,,,,,,,,,,,,,,,,,,,,,,,,,,,,,,,,,,,,,,,,,,,,,,,,,,,,,
90,2,,,,,,,100,56,67,23,236.6,2745,10801,34,0,34.4,31.9;26.6;39.2;48.1;32.5;33.7;76.5;66.9;49.4;53.7;73.6;65.5;27.5;27.4;9.9;9.6;25.1;26.5;6.6;6.6;23.7;24.4;16.1;23.4,33.74,0.11,0.0,3.38,12.855,0.0,4003.0,146.0,4,16,,,,,,,,,,,,,,,,,,,,,,,,,,,,,,,,,,,,,,,,,,,,,,,,,,,,,,,,,,,,,
90,3,,,,,,,98,77,66,17,233.0,2730,10801,34,0,5.9,4.1;1.0;2.1;1.0;1.0;0.4;30.5;20.3;2.7;3.1;34.2;37.9;1.0;0.2;0.0;0.0;0.2;0.2;0.4;0.2;0.2;0.6;0.0;0.0,33.72,0.11,0.0,2.46,12.855,0.0,0.0,48.0,4,16,,,,,,,,,,,,,,,,,,,,,,,,,,,,,,,,,,,,,,,,,,,,,,,,,,,,,,,,,,,,,
90,summary,0.3066127969118784,0.99422518148779,0.28383010625839233,0.9996666666666667,0.00100000,40.6,,,,,,,,,,,,,,,,,,,,,,98,99.33,100,25,52.67,77,55,62.67,67,17,20.33,23,36.0,168.53,236.6,1895.0,8867.7,34.0,0,5.9,31.87,55.3,33.36,33.61,33.74,63.16,0.11,0.11,0.11,17.01,0.0,0.0,0.0,2.46,2.83,3.38,10.042,14.236,12.855,12.85,12.855,15.992,0.0,0.0,0.0,0.0,1415.67,4003.0,0.0,64.67,146.0,4,4.0,4,16,16.0,16,4,16,4.63,19.47
91,1,,,,,,,100,67,55,23,41.4,2565,10801,34,0,54.6,56.2;56.9;67.7;72.8;63.2;63.1;81.3;88.9;72.1;76.8;80.2;87.4;50.6;52.4;21.2;24.0;50.5;53.2;16.1;15.5;43.8;45.9;32.7;37.2,33.39,0.11,0.0,2.57,12.855,0.0,1367.0,97.0,4,16,,,,,,,,,,,,,,,,,,,,,,,,,,,,,,,,,,,,,,,,,,,,,,,,,,,,,,,,,,,,,
91,2,,,,,,,100,50,68,16,236.8,2730,10801,34,0,32.2,27.2;26.1;39.4;42.2;28.6;31.6;66.6;68.7;47.6;56.0;68.0;69.9;23.5;23.6;7.3;9.0;22.7;23.9;6.2;7.3;21.8;20.8;14.6;19.0,33.74,0.11,0.01,3.42,12.855,0.0,585.0,48.0,4,16,,,,,,,,,,,,,,,,,,,,,,,,,,,,,,,,,,,,,,,,,,,,,,,,,,,,,,,,,,,,,
91,3,,,,,,,100,47,68,20,236.1,2730,10801,34,0,6.0,1.7;1.7;2.5;2.3;0.4;1.3;35.8;37.7;2.5;3.1;25.5;26.4;0.0;1.3;0.0;0.0;0.0;0.0;0.4;0.0;0.4;0.4;0.0;0.0,33.74,0.11,0.0,3.06,12.855,0.0,0.0,390.0,4,16,,,,,,,,,,,,,,,,,,,,,,,,,,,,,,,,,,,,,,,,,,,,,,,,,,,,,,,,,,,,,
91,summary,0.3066125871544214,0.99416597593522,0.28385138511657715,0.9996666666666667,0.00100000,40.6,,,,,,,,,,,,,,,,,,,,,,100,100.0,100,47,54.67,67,55,63.67,68,16,19.67,23,41.4,171.43,236.8,2675.0,10801.0,34.0,0,6.0,30.93,54.6,33.39,33.62,33.74,63.16,0.11,0.11,0.11,17.01,0.0,0.0,0.01,2.57,3.02,3.42,10.042,14.236,12.855,12.85,12.855,15.992,0.0,0.0,0.0,0.0,650.67,1367.0,48.0,178.33,390.0,4,4.0,4,16,16.0,16,4,16,4.67,19.6
92,1,,,,,,,100,44,61,21,64.9,2745,10801,34,0,55.0,57.4;58.4;70.4;68.6;62.7;65.0;94.6;81.5;73.8;76.4;82.3;83.9;51.7;51.3;21.6;25.5;51.9;52.3;16.0;17.2;42.2;46.1;32.7;38.4,33.3,0.11,0.0,2.55,12.855,0.0,6689.0,128417.0,4,16,,,,,,,,,,,,,,,,,,,,,,,,,,,,,,,,,,,,,,,,,,,,,,,,,,,,,,,,,,,,,
92,2,,,,,,,100,88,65,22,236.0,2745,10801,34,0,31.8,28.7;25.6;39.7;39.7;30.9;30.5;66.2;73.1;45.9;51.7;61.7;69.4;24.5;24.0;8.4;8.3;21.6;23.3;4.8;5.6;21.9;23.3;13.4;19.7,33.72,0.11,0.0,2.19,12.855,0.0,0.0,341.0,4,16,,,,,,,,,,,,,,,,,,,,,,,,,,,,,,,,,,,,,,,,,,,,,,,,,,,,,,,,,,,,,
92,3,,,,,,,100,59,66,18,236.4,2730,10801,34,0,5.7,4.7;0.8;1.3;2.1;0.2;0.6;41.7;25.5;2.3;2.9;31.7;21.8;0.6;0.0;0.0;0.0;0.0;0.4;0.0;0.0;0.4;0.6;0.0;0.0,33.71,0.11,0.0,1.68,12.855,0.0,878.0,97.0,4,16,,,,,,,,,,,,,,,,,,,,,,,,,,,,,,,,,,,,,,,,,,,,,,,,,,,,,,,,,,,,,
92,summary,0.30577966420820546,0.9944870522010802,0.28383076190948486,0.9996666666666667,0.00100000,40.7,,,,,,,,,,,,,,,,,,,,,,100,100.0,100,44,63.67,88,61,64.0,66,18,20.33,22,64.9,179.1,236.4,2740.0,10801.0,34.0,0,5.7,30.83,55.0,33.3,33.58,33.72,63.16,0.11,0.11,0.11,17.01,0.0,0.0,0.0,1.68,2.14,2.55,10.042,14.236,12.855,12.85,12.855,15.992,0.0,0.0,0.0,0.0,2522.33,6689.0,97.0,42951.67,128417.0,4,4.0,4,16,16.0,16,4,16,4.95,19.47
93,1,,,,,,,100,72,61,22,50.0,2565,10801,34,0,54.9,57.2;55.7;69.1;69.7;63.0;64.8;90.5;83.2;73.1;78.5;83.5;83.6;50.3;49.6;21.3;23.7;52.0;52.8;17.1;18.4;44.3;43.1;33.9;38.7,33.33,0.11,0.0,1.42,12.855,0.0,244.0,48.0,4,16,,,,,,,,,,,,,,,,,,,,,,,,,,,,,,,,,,,,,,,,,,,,,,,,,,,,,,,,,,,,,
93,2,,,,,,,100,56,66,18,235.8,2730,10801,34,0,33.6,30.1;28.0;38.8;48.0;30.9;33.1;70.9;67.9;47.9;53.7;65.4;67.1;26.8;27.0;8.9;9.9;26.1;25.5;7.0;7.4;23.8;22.9;16.2;22.0,33.72,0.11,0.0,2.53,12.855,0.0,48.0,0.0,4,16,,,,,,,,,,,,,,,,,,,,,,,,,,,,,,,,,,,,,,,,,,,,,,,,,,,,,,,,,,,,,
93,3,,,,,,,100,47,68,15,237.9,2730,10801,34,0,5.9,6.0;1.0;1.7;1.9;0.8;0.6;25.6;27.6;1.5;3.6;26.2;41.6;0.4;0.4;0.6;0.2;0.0;0.2;0.0;0.0;0.2;0.2;0.0;0.2,33.71,0.11,0.0,1.4,12.855,0.0,585.0,195.0,4,16,,,,,,,,,,,,,,,,,,,,,,,,,,,,,,,,,,,,,,,,,,,,,,,,,,,,,,,,,,,,,
93,summary,0.305773683795524,0.9944756665178938,0.283817321062088,0.9996666666666667,0.00100000,40.6,,,,,,,,,,,,,,,,,,,,,,100,100.0,100,47,58.33,72,61,65.0,68,15,18.33,22,50.0,174.57,237.9,2675.0,10801.0,34.0,0,5.9,31.47,54.9,33.33,33.59,33.72,63.16,0.11,0.11,0.11,17.01,0.0,0.0,0.0,1.4,1.78,2.53,10.042,14.236,12.855,12.85,12.855,15.992,0.0,0.0,0.0,48.0,292.33,585.0,0.0,81.0,195.0,4,4.0,4,16,16.0,16,4,16,4.78,19.5
94,1,,,,,,,100,28,58,21,38.3,2565,10801,34,0,54.9,56.8;58.3;67.0;71.7;61.9;64.4;85.1;88.8;71.8;76.3;83.3;83.3;50.1;51.5;22.3;24.4;50.4;52.0;18.4;18.9;44.8;45.9;30.4;40.1,33.36,0.11,0.0,2.36,12.855,0.0,1806.0,48.0,4,16,,,,,,,,,,,,,,,,,,,,,,,,,,,,,,,,,,,,,,,,,,,,,,,,,,,,,,,,,,,,,
94,2,,,,,,,100,47,67,18,236.2,2730,10801,34,0,33.7,29.9;28.8;39.6;43.2;32.6;32.7;75.7;65.6;51.0;54.8;73.7;64.7;26.7;25.9;8.0;10.2;24.8;23.5;6.1;6.8;24.2;21.4;16.8;21.6,33.74,0.11,0.0,3.28,12.855,0.0,48.0,390.0,4,16,,,,,,,,,,,,,,,,,,,,,,,,,,,,,,,,,,,,,,,,,,,,,,,,,,,,,,,,,,,,,
94,3,,,,,,,100,65,68,15,234.4,2730,10801,34,0,5.9,3.1;0.6;3.1;1.3;0.4;0.6;28.2;37.2;3.5;3.8;34.4;22.5;0.8;0.2;0.4;0.0;0.2;0.0;0.2;0.0;0.6;0.2;0.0;0.0,33.75,0.11,0.0,2.07,12.855,0.0,0.0,97.0,4,16,,,,,,,,,,,,,,,,,,,,,,,,,,,,,,,,,,,,,,,,,,,,,,,,,,,,,,,,,,,,,
94,summary,0.3056554817607864,0.994366363959303,0.2837967276573181,0.9996666666666667,0.00100000,40.2,,,,,,,,,,,,,,,,,,,,,,100,100.0,100,28,46.67,65,58,64.33,68,15,18.0,21,38.3,169.63,236.2,2675.0,10801.0,34.0,0,5.9,31.5,54.9,33.36,33.62,33.75,63.16,0.11,0.11,0.11,17.01,0.0,0.0,0.0,2.07,2.57,3.28,10.042,14.236,12.855,12.85,12.855,15.992,0.0,0.0,0.0,0.0,618.0,1806.0,48.0,178.33,390.0,4,4.0,4,16,16.0,16,4,16,4.61,19.51
95,1,,,,,,,100,64,60,26,51.1,2565,10801,34,0,55.3,60.4;59.3;70.1;71.9;61.9;64.3;85.8;88.6;71.3;76.5;83.3;84.6;50.1;48.3;23.3;23.1;50.4;52.2;17.6;18.2;45.2;46.0;34.8;40.9,33.34,0.11,0.0,2.88,12.855,0.0,244.0,195.0,4,16,,,,,,,,,,,,,,,,,,,,,,,,,,,,,,,,,,,,,,,,,,,,,,,,,,,,,,,,,,,,,
95,2,,,,,,,100,57,65,19,235.9,2730,10801,34,0,32.7,28.4;28.0;35.3;49.1;31.5;32.9;68.8;73.4;45.4;51.8;60.2;68.3;25.7;24.8;9.8;9.4;24.1;24.2;7.5;7.2;22.0;22.6;14.6;19.9,33.75,0.11,0.0,2.98,12.855,0.0,0.0,341.0,4,16,,,,,,,,,,,,,,,,,,,,,,,,,,,,,,,,,,,,,,,,,,,,,,,,,,,,,,,,,,,,,
95,3,,,,,,,100,57,68,22,236.7,2730,10801,35,0,5.6,3.7;0.4;2.5;0.8;0.4;0.0;13.2;32.7;2.5;2.3;40.5;34.2;0.4;0.2;0.0;0.0;0.2;0.0;0.2;0.0;0.0;0.0;0.2;0.2,33.74,0.11,0.0,2.44,12.855,0.0,1171.0,0.0,4,16,,,,,,,,,,,,,,,,,,,,,,,,,,,,,,,,,,,,,,,,,,,,,,,,,,,,,,,,,,,,,
95,summary,0.305408320618415,0.9945280406605518,0.28377875685691833,0.9996666666666667,0.00100000,40.7,,,,,,,,,,,,,,,,,,,,,,100,100.0,100,57,59.33,64,60,64.33,68,19,22.33,26,51.1,174.57,236.7,2675.0,10801.0,34.3,0,5.6,31.2,55.3,33.34,33.61,33.75,63.16,0.11,0.11,0.11,17.01,0.0,0.0,0.0,2.44,2.77,2.98,10.042,14.236,12.855,12.85,12.855,15.992,0.0,0.0,0.0,0.0,471.67,1171.0,0.0,178.67,341.0,4,4.0,4,16,16.0,16,4,16,4.63,19.58
96,1,,,,,,,100,47,62,26,70.2,2565,10801,34,0,54.8,59.2;61.0;69.0;70.3;61.7;64.7;82.3;83.0;71.8;76.7;87.6;86.6;52.5;52.0;21.5;21.3;50.5;53.1;15.9;16.3;42.8;46.0;31.9;38.0,33.41,0.11,0.0,2.79,12.855,0.0,48.0,97.0,4,16,,,,,,,,,,,,,,,,,,,,,,,,,,,,,,,,,,,,,,,,,,,,,,,,,,,,,,,,,,,,,
96,2,,,,,,,100,87,68,19,236.0,2745,10801,34,0,31.8,28.1;25.7;39.5;36.2;30.8;30.2;64.6;70.0;47.8;51.0;75.5;63.0;22.3;22.7;7.9;10.4;22.8;22.3;6.8;6.9;21.7;22.0;15.5;18.8,33.76,0.11,0.01,3.36,12.855,0.0,1025.0,146.0,4,16,,,,,,,,,,,,,,,,,,,,,,,,,,,,,,,,,,,,,,,,,,,,,,,,,,,,,,,,,,,,,
96,3,,,,,,,94,77,67,19,235.1,2730,10801,34,0,6.1,5.0;2.1;2.3;0.6;0.2;0.6;47.7;32.6;3.6;2.1;22.6;23.7;0.2;0.4;0.0;0.0;0.0;0.0;0.6;1.7;0.0;0.0;0.4;1.0,33.75,0.11,0.0,2.87,12.855,0.0,0.0,390.0,4,16,,,,,,,,,,,,,,,,,,,,,,,,,,,,,,,,,,,,,,,,,,,,,,,,,,,,,,,,,,,,,
96,summary,0.3051415805321537,0.9945713062566606,0.2837522327899933,0.9996666666666667,0.00100000,40.9,,,,,,,,,,,,,,,,,,,,,,94,98.0,100,47,70.33,87,62,65.67,68,19,21.33,26,70.2,180.43,236.0,2680.0,10801.0,34.0,0,6.1,30.9,54.8,33.41,33.64,33.76,63.16,0.11,0.11,0.11,17.01,0.0,0.0,0.01,2.79,3.01,3.36,10.042,14.236,12.855,12.85,12.855,15.992,0.0,0.0,0.0,0.0,357.67,1025.0,97.0,211.0,390.0,4,4.0,4,16,16.0,16,4,16,4.85,19.58
97,1,,,,,,,100,44,62,21,66.8,2745,10801,34,0,55.2,59.9;59.1;72.7;66.7;61.2;60.5;82.5;87.2;75.8;77.3;85.6;87.0;51.0;50.0;22.0;23.9;51.4;52.1;17.1;17.1;46.6;46.3;34.1;37.4,33.47,0.11,0.0,2.82,12.855,0.0,7470.0,195.0,4,16,,,,,,,,,,,,,,,,,,,,,,,,,,,,,,,,,,,,,,,,,,,,,,,,,,,,,,,,,,,,,
97,2,,,,,,,100,78,68,22,235.6,2730,10801,34,0,31.6,29.5;26.1;40.3;41.6;28.4;30.5;69.8;64.7;46.2;49.9;69.1;65.1;24.0;21.8;9.6;10.3;23.1;21.6;7.2;6.9;20.2;19.2;15.0;18.7,33.75,0.11,0.0,2.95,12.855,0.0,634.0,146.0,4,16,,,,,,,,,,,,,,,,,,,,,,,,,,,,,,,,,,,,,,,,,,,,,,,,,,,,,,,,,,,,,
97,3,,,,,,,100,78,68,18,237.1,2745,10801,34,0,5.6,3.7;0.4;2.1;0.8;0.6;0.8;25.6;27.3;2.5;4.6;33.1;31.9;0.2;0.2;0.0;0.0;0.2;0.0;0.0;0.0;0.0;0.0;0.0;0.2,33.75,0.11,0.0,2.46,12.855,0.0,1123.0,0.0,4,16,,,,,,,,,,,,,,,,,,,,,,,,,,,,,,,,,,,,,,,,,,,,,,,,,,,,,,,,,,,,,
97,summary,0.30500883784260857,0.9946327889458679,0.28374606370925903,0.9996666666666667,0.00100000,40.7,,,,,,,,,,,,,,,,,,,,,,100,100.0,100,44,66.67,78,62,66.0,68,18,20.33,22,66.8,179.83,237.1,2740.0,10801.0,34.0,0,5.6,30.8,55.2,33.47,33.66,33.75,63.16,0.11,0.11,0.11,17.01,0.0,0.0,0.0,2.46,2.74,2.95,10.042,14.236,12.855,12.85,12.855,15.992,0.0,0.0,0.0,634.0,3075.67,7470.0,0.0,113.67,195.0,4,4.0,4,16,16.0,16,4,16,4.91,19.57
98,1,,,,,,,100,71,58,20,49.8,2565,10801,34,0,55.3,60.5;60.8;71.1;68.2;60.7;62.4;86.2;81.5;69.4;73.0;84.3;92.1;51.1;52.0;23.4;25.8;50.8;53.4;18.7;19.9;46.4;45.4;32.1;39.5,33.39,0.11,0.0,2.84,12.855,0.0,1708.0,4052.0,4,16,,,,,,,,,,,,,,,,,,,,,,,,,,,,,,,,,,,,,,,,,,,,,,,,,,,,,,,,,,,,,
98,2,,,,,,,100,47,67,17,236.9,2745,10801,34,0,32.2,28.7;27.6;42.7;39.6;28.6;32.9;69.1;65.8;44.4;51.8;73.3;68.3;24.0;23.3;8.8;9.7;21.4;22.4;6.8;7.9;21.3;21.3;14.1;19.2,33.76,0.11,0.0,2.94,12.855,0.0,439.0,6542.0,4,16,,,,,,,,,,,,,,,,,,,,,,,,,,,,,,,,,,,,,,,,,,,,,,,,,,,,,,,,,,,,,
98,3,,,,,,,100,51,67,17,238.0,2745,10801,34,0,5.7,3.1;1.5;2.5;0.4;1.1;0.0;33.9;23.8;4.8;1.1;33.5;29.1;0.8;0.0;0.0;0.2;0.6;0.6;0.4;0.0;0.2;0.0;0.2;0.0,33.75,0.11,0.01,2.45,12.855,0.0,390.0,97.0,4,16,,,,,,,,,,,,,,,,,,,,,,,,,,,,,,,,,,,,,,,,,,,,,,,,,,,,,,,,,,,,,
98,summary,0.30459840176716535,0.9949265395720804,0.2837478816509247,0.9996666666666667,0.00100000,40.5,,,,,,,,,,,,,,,,,,,,,,100,100.0,100,47,56.33,71,58,64.0,67,17,18.0,20,49.8,174.9,238.0,2685.0,10801.0,34.0,0,5.7,31.07,55.3,33.39,33.63,33.76,63.16,0.11,0.11,0.11,17.01,0.0,0.0,0.01,2.45,2.74,2.94,10.042,14.236,12.855,12.85,12.855,15.992,0.0,0.0,0.0,390.0,845.67,1708.0,97.0,3563.67,6542.0,4,4.0,4,16,16.0,16,4,16,4.85,19.46
99,1,,,,,,,100,26,57,22,37.8,2565,10801,34,0,55.1,61.6;58.8;71.3;67.1;62.5;63.6;88.9;83.1;72.2;75.9;87.5;81.6;52.8;49.7;22.4;25.3;49.5;51.6;17.1;17.7;43.6;46.5;32.3;40.4,33.42,0.11,0.0,2.58,12.855,0.0,2050.0,195.0,4,16,,,,,,,,,,,,,,,,,,,,,,,,,,,,,,,,,,,,,,,,,,,,,,,,,,,,,,,,,,,,,
99,2,,,,,,,100,45,67,17,235.7,2730,10801,34,0,32.8,32.9;26.8;36.8;48.3;30.0;30.5;63.3;71.0;49.3;51.7;65.7;71.1;25.0;25.0;9.3;10.8;23.0;24.1;7.3;7.5;20.8;22.8;16.1;18.5,33.73,0.11,0.01,2.17,12.855,0.0,830.0,195.0,4,16,,,,,,,,,,,,,,,,,,,,,,,,,,,,,,,,,,,,,,,,,,,,,,,,,,,,,,,,,,,,,
99,3,,,,,,,100,59,68,17,235.3,2730,10801,34,0,5.6,2.9;0.8;2.7;1.5;0.8;0.6;27.9;33.1;3.8;2.5;20.8;36.5;0.2;0.6;0.2;0.0;0.2;0.0;0.0;0.0;0.0;0.0;0.0;0.2,33.73,0.11,0.0,1.44,12.855,0.0,0.0,195.0,4,16,,,,,,,,,,,,,,,,,,,,,,,,,,,,,,,,,,,,,,,,,,,,,,,,,,,,,,,,,,,,,
99,summary,0.3045632769916492,0.9948627797462359,0.28371062874794006,0.9996666666666667,0.00100000,40.5,,,,,,,,,,,,,,,,,,,,,,100,100.0,100,26,43.33,59,57,64.0,68,17,18.67,22,37.8,169.6,235.7,2675.0,10801.0,34.0,0,5.6,31.17,55.1,33.42,33.63,33.73,63.16,0.11,0.11,0.11,17.01,0.0,0.0,0.01,1.44,2.06,2.58,10.042,14.236,12.855,12.85,12.855,15.992,0.0,0.0,0.0,0.0,960.0,2050.0,195.0,195.0,195.0,4,4.0,4,16,16.0,16,4,16,4.68,19.54
100,1,,,,,,,100,71,61,22,49.8,2565,10801,34,0,54.8,58.7;59.6;68.6;69.0;60.7;61.9;89.8;85.9;76.2;77.1;82.8;83.7;49.9;50.2;20.8;23.7;48.6;50.6;15.2;16.8;44.0;48.7;33.1;39.6,33.37,0.11,0.0,1.73,12.855,0.0,146.0,146.0,4,16,,,,,,,,,,,,,,,,,,,,,,,,,,,,,,,,,,,,,,,,,,,,,,,,,,,,,,,,,,,,,
100,2,,,,,,,100,56,67,19,236.9,2730,10801,34,0,34.3,31.2;29.2;41.0;43.8;30.9;34.8;77.5;69.4;48.9;54.7;69.8;67.0;27.2;26.6;9.3;11.3;24.6;26.3;7.5;7.2;20.5;24.7;18.7;19.3,33.76,0.11,0.05,3.55,12.855,0.0,0.0,341.0,4,16,,,,,,,,,,,,,,,,,,,,,,,,,,,,,,,,,,,,,,,,,,,,,,,,,,,,,,,,,,,,,
100,3,,,,,,,100,52,66,16,237.7,2745,10801,34,0,6.6,5.2;2.5;3.8;3.9;1.9;1.7;34.5;28.6;3.8;2.9;34.7;33.0;0.2;0.2;0.0;0.4;0.2;0.0;0.0;0.8;0.0;0.4;0.0;0.0,33.74,0.11,0.0,2.06,12.855,0.0,537.0,0.0,4,16,,,,,,,,,,,,,,,,,,,,,,,,,,,,,,,,,,,,,,,,,,,,,,,,,,,,,,,,,,,,,
100,summary,0.3044744361711588,0.9947648628708317,0.28370577096939087,0.9996666666666667,0.00100000,40.5,,,,,,,,,,,,,,,,,,,,,,100,100.0,100,52,59.67,71,61,64.67,67,16,19.0,22,49.8,174.8,237.7,2680.0,10801.0,34.0,0,6.6,31.9,54.8,33.37,33.62,33.76,63.16,0.11,0.11,0.11,17.01,0.0,0.02,0.05,1.73,2.45,3.55,10.042,14.236,12.855,12.85,12.855,15.992,0.0,0.0,0.0,0.0,227.67,537.0,0.0,162.33,341.0,4,4.0,4,16,16.0,16,4,16,4.58,19.46
101,1,,,,,,,100,53,62,23,55.2,2565,10801,34,0,54.7,60.6;58.6;68.7;71.6;61.7;64.7;82.4;87.0;72.0;75.1;81.5;89.0;51.9;50.3;21.7;24.0;49.3;51.2;16.6;15.6;44.2;46.4;29.7;38.6,33.44,0.11,0.0,3.07,12.855,0.0,16796.0,2587.0,4,16,,,,,,,,,,,,,,,,,,,,,,,,,,,,,,,,,,,,,,,,,,,,,,,,,,,,,,,,,,,,,
101,2,,,,,,,100,72,68,19,236.0,2730,10801,34,0,31.5,27.4;25.9;36.1;45.1;30.2;29.3;72.7;66.9;43.4;51.3;73.1;58.9;25.5;23.1;8.7;8.9;21.4;22.8;6.0;6.0;20.1;21.1;15.4;16.8,33.76,0.11,0.0,3.19,12.855,0.0,0.0,292.0,4,16,,,,,,,,,,,,,,,,,,,,,,,,,,,,,,,,,,,,,,,,,,,,,,,,,,,,,,,,,,,,,
101,3,,,,,,,100,74,66,16,236.9,2730,10801,34,0,6.2,7.5;0.2;1.7;2.1;0.6;0.2;24.4;41.2;3.8;4.2;39.1;22.1;0.2;0.2;0.0;0.0;0.6;0.2;0.0;0.0;0.0;0.0;0.0;0.0,33.76,0.11,0.0,2.22,12.855,0.0,634.0,146.0,4,16,,,,,,,,,,,,,,,,,,,,,,,,,,,,,,,,,,,,,,,,,,,,,,,,,,,,,,,,,,,,,
101,summary,0.3048348398109678,0.9947580314609198,0.28370147943496704,0.9996666666666667,0.00100000,40.7,,,,,,,,,,,,,,,,,,,,,,100,100.0,100,53,66.33,74,62,65.33,68,16,19.33,23,55.2,176.03,236.9,2675.0,10801.0,34.0,0,6.2,30.8,54.7,33.44,33.65,33.76,63.16,0.11,0.11,0.11,17.01,0.0,0.0,0.0,2.22,2.83,3.19,10.042,14.236,12.855,12.85,12.855,15.992,0.0,0.0,0.0,0.0,5810.0,16796.0,146.0,1008.33,2587.0,4,4.0,4,16,16.0,16,4,16,4.81,19.59
102,1,,,,,,,100,58,63,21,82.8,2745,10801,34,0,54.5,58.2;59.0;69.1;70.6;60.3;62.8;80.4;87.4;72.1;75.6;89.2;82.5;48.6;49.4;21.9;24.9;46.9;50.1;18.9;19.1;41.2;47.7;34.6;37.7,33.38,0.11,0.0,2.87,12.855,0.0,390.0,0.0,4,16,,,,,,,,,,,,,,,,,,,,,,,,,,,,,,,,,,,,,,,,,,,,,,,,,,,,,,,,,,,,,
102,2,,,,,,,98,76,66,16,232.8,2730,10801,34,0,33.6,27.9;27.0;40.5;38.8;29.4;35.8;67.0;81.8;50.6;54.4;60.9;76.4;25.3;25.9;9.0;11.0;24.4;24.3;6.8;7.7;21.0;24.3;17.7;18.7,33.78,0.11,0.0,3.01,12.855,0.0,488.0,0.0,4,16,,,,,,,,,,,,,,,,,,,,,,,,,,,,,,,,,,,,,,,,,,,,,,,,,,,,,,,,,,,,,
102,3,,,,,,,100,77,67,19,237.1,2730,10801,34,0,6.4,4.6;1.1;1.9;2.1;0.6;0.8;17.6;40.3;4.0;6.1;42.0;30.0;1.0;0.4;0.0;0.2;0.0;0.2;0.0;0.8;0.0;0.0;0.0;0.4,33.76,0.11,0.0,2.63,12.855,0.0,1416.0,390.0,4,16,,,,,,,,,,,,,,,,,,,,,,,,,,,,,,,,,,,,,,,,,,,,,,,,,,,,,,,,,,,,,
102,summary,0.3050707050598725,0.9946510060389664,0.2836619019508362,0.9995555555555555,0.00100000,40.5,,,,,,,,,,,,,,,,,,,,,,98,99.33,100,58,70.33,77,63,65.33,67,16,18.67,21,82.8,184.23,237.1,2735.0,10801.0,34.0,0,6.4,31.5,54.5,33.38,33.64,33.78,63.16,0.11,0.11,0.11,17.01,0.0,0.0,0.0,2.63,2.84,3.01,10.042,14.236,12.855,12.85,12.855,15.992,0.0,0.0,0.0,390.0,764.67,1416.0,0.0,130.0,390.0,4,4.0,4,16,16.0,16,4,16,4.57,19.47
103,1,,,,,,,100,67,55,23,43.2,2565,10801,34,0,54.9,58.4;58.4;71.1;67.2;64.0;62.8;84.6;79.7;70.0;74.7;94.0;80.9;50.9;48.3;23.4;25.3;45.9;48.7;21.6;21.4;43.8;48.3;34.7;38.8,33.41,0.11,0.0,2.85,12.855,0.0,1367.0,0.0,4,16,,,,,,,,,,,,,,,,,,,,,,,,,,,,,,,,,,,,,,,,,,,,,,,,,,,,,,,,,,,,,
103,2,,,,,,,100,50,68,18,237.0,2730,10801,34,0,33.2,31.6;26.6;43.0;41.4;30.5;33.7;66.1;72.7;46.7;53.0;68.4;68.4;25.6;25.7;12.1;10.9;21.0;23.8;7.8;7.5;19.1;23.8;16.9;19.8,33.76,0.11,0.0,2.96,12.855,0.0,0.0,113574.0,4,16,,,,,,,,,,,,,,,,,,,,,,,,,,,,,,,,,,,,,,,,,,,,,,,,,,,,,,,,,,,,,
103,3,,,,,,,100,47,67,22,236.9,2730,10801,34,0,5.6,3.5;0.8;0.8;1.0;1.0;0.6;26.8;27.5;2.9;2.3;28.0;38.2;0.0;0.2;0.0;0.0;0.2;0.0;0.0;0.0;0.0;0.0;0.0;0.0,33.74,0.11,0.0,2.48,12.855,0.0,0.0,341.0,4,16,,,,,,,,,,,,,,,,,,,,,,,,,,,,,,,,,,,,,,,,,,,,,,,,,,,,,,,,,,,,,
103,summary,0.30428463657911675,0.9948536711996867,0.28364577889442444,0.9995555555555555,0.00100000,40.5,,,,,,,,,,,,,,,,,,,,,,100,100.0,100,47,54.67,67,55,63.33,68,18,21.0,23,43.2,172.37,237.0,2675.0,10801.0,34.0,0,5.6,31.23,54.9,33.41,33.64,33.76,63.16,0.11,0.11,0.11,17.01,0.0,0.0,0.0,2.48,2.76,2.96,10.042,14.236,12.855,12.85,12.855,15.992,0.0,0.0,0.0,0.0,455.67,1367.0,0.0,37971.67,113574.0,4,4.0,4,16,16.0,16,4,16,4.59,19.58
104,1,,,,,,,100,46,60,20,65.0,2565,10801,34,0,54.7,59.4;60.3;70.0;69.7;61.1;63.6;80.8;82.2;67.6;75.5;85.6;91.9;50.8;50.1;21.9;24.2;47.3;50.6;19.4;19.3;42.1;47.8;32.6;38.4,33.38,0.11,0.02,3.24,12.868,0.0,17968.0,26806.0,4,16,,,,,,,,,,,,,,,,,,,,,,,,,,,,,,,,,,,,,,,,,,,,,,,,,,,,,,,,,,,,,
104,2,,,,,,,100,89,68,23,235.2,2730,10801,34,0,31.6,27.1;26.9;38.0;41.5;29.9;32.7;68.3;65.5;42.0;52.5;70.4;69.0;23.8;22.9;10.1;11.0;21.6;21.9;6.4;6.5;17.5;20.9;16.2;15.2,33.76,0.11,0.0,2.97,12.855,0.0,732.0,0.0,4,16,,,,,,,,,,,,,,,,,,,,,,,,,,,,,,,,,,,,,,,,,,,,,,,,,,,,,,,,,,,,,
104,3,,,,,,,100,54,67,16,236.8,2730,10801,34,0,5.7,2.7;0.6;1.0;1.5;1.0;1.0;36.7;22.6;3.1;2.3;14.6;47.6;0.2;0.2;0.0;0.0;0.4;0.2;0.2;0.0;0.0;0.0;0.0;0.0,33.74,0.11,0.0,2.47,12.855,0.0,0.0,244.0,4,16,,,,,,,,,,,,,,,,,,,,,,,,,,,,,,,,,,,,,,,,,,,,,,,,,,,,,,,,,,,,,
104,summary,0.3043521706390193,0.994974359441464,0.28363099694252014,0.9995555555555555,0.00100000,40.4,,,,,,,,,,,,,,,,,,,,,,100,100.0,100,46,63.0,89,60,65.0,68,16,19.67,23,65.0,179.0,236.8,2675.0,10801.0,34.0,0,5.7,30.67,54.7,33.38,33.63,33.76,63.16,0.11,0.11,0.11,17.01,0.0,0.01,0.02,2.47,2.89,3.24,10.042,14.236,12.855,12.86,12.868,15.992,0.0,0.0,0.0,0.0,6233.33,17968.0,0.0,9016.67,26806.0,4,4.0,4,16,16.0,16,4,16,4.87,19.5
105,1,,,,,,,100,69,64,21,92.2,2745,10801,34,0,55.6,60.2;59.9;70.8;70.3;65.0;65.2;88.0;85.8;71.7;75.3;83.6;86.8;52.4;50.8;26.0;25.9;48.1;51.9;17.9;19.8;40.7;49.0;35.0;35.0,33.4,0.11,0.0,2.92,12.855,0.0,0.0,0.0,4,16,,,,,,,,,,,,,,,,,,,,,,,,,,,,,,,,,,,,,,,,,,,,,,,,,,,,,,,,,,,,,
105,2,,,,,,,98,78,66,17,233.6,2730,10801,34,0,32.7,30.2;26.8;40.0;41.5;29.7;33.2;66.9;73.4;50.9;52.8;66.9;69.6;25.9;24.2;9.8;10.2;23.3;22.1;5.8;6.4;19.2;22.4;15.1;18.3,33.77,0.11,0.0,3.22,12.855,0.0,2197.0,195.0,4,16,,,,,,,,,,,,,,,,,,,,,,,,,,,,,,,,,,,,,,,,,,,,,,,,,,,,,,,,,,,,,
105,3,,,,,,,100,79,68,17,235.7,2730,10801,34,0,5.9,4.3;0.6;1.5;1.7;1.0;0.6;32.6;30.8;3.1;2.3;31.7;27.0;0.6;0.6;0.2;0.2;0.2;0.0;0.0;0.2;0.4;0.2;0.0;0.4,33.76,0.11,0.0,2.02,12.855,0.0,292.0,0.0,4,16,,,,,,,,,,,,,,,,,,,,,,,,,,,,,,,,,,,,,,,,,,,,,,,,,,,,,,,,,,,,,
105,summary,0.3043249638668983,0.9948627797462359,0.2836095690727234,0.9995555555555555,0.00100000,40.3,,,,,,,,,,,,,,,,,,,,,,98,99.33,100,69,75.33,79,64,66.0,68,17,18.33,21,92.2,187.17,235.7,2735.0,10801.0,34.0,0,5.9,31.4,55.6,33.4,33.64,33.77,63.16,0.11,0.11,0.11,17.01,0.0,0.0,0.0,2.02,2.72,3.22,10.042,14.236,12.855,12.85,12.855,15.992,0.0,0.0,0.0,0.0,829.67,2197.0,0.0,65.0,195.0,4,4.0,4,16,16.0,16,4,16,4.64,19.57
106,1,,,,,,,100,69,62,25,49.0,2565,10801,34,0,55.3,60.0;61.2;69.0;71.0;59.9;62.8;86.9;81.5;73.0;77.5;88.9;84.2;51.0;50.1;21.6;24.3;49.0;51.7;18.0;19.7;41.6;48.7;36.1;38.3,33.34,0.11,0.0,2.9,12.855,0.0,488.0,48.0,4,16,,,,,,,,,,,,,,,,,,,,,,,,,,,,,,,,,,,,,,,,,,,,,,,,,,,,,,,,,,,,,
106,2,,,,,,,100,61,65,17,236.4,2745,10801,34,0,33.8,29.6;29.5;46.0;41.3;30.4;31.9;61.0;70.8;49.1;53.9;70.2;79.1;25.4;26.2;8.6;10.4;21.5;25.5;6.6;7.8;20.7;24.6;17.0;22.8,33.78,0.11,0.0,2.96,12.855,0.0,48144.0,244.0,4,16,,,,,,,,,,,,,,,,,,,,,,,,,,,,,,,,,,,,,,,,,,,,,,,,,,,,,,,,,,,,,
106,3,,,,,,,100,58,68,15,237.6,2745,10801,34,0,6.1,5.2;1.3;2.7;2.1;1.5;0.6;32.2;32.8;3.4;3.2;23.6;33.8;0.2;0.6;0.8;0.0;0.2;0.2;0.6;0.0;0.6;0.6;0.0;0.0,33.77,0.11,0.0,2.48,12.855,0.0,683.0,195.0,4,16,,,,,,,,,,,,,,,,,,,,,,,,,,,,,,,,,,,,,,,,,,,,,,,,,,,,,,,,,,,,,
106,summary,0.30401205892756666,0.994878719702697,0.28359919786453247,0.9995555555555555,0.00100000,40.5,,,,,,,,,,,,,,,,,,,,,,100,100.0,100,58,62.67,69,62,65.0,68,15,19.0,25,49.0,174.33,237.6,2685.0,10801.0,34.0,0,6.1,31.73,55.3,33.34,33.63,33.78,63.16,0.11,0.11,0.11,17.01,0.0,0.0,0.0,2.48,2.78,2.96,10.042,14.236,12.855,12.85,12.855,15.992,0.0,0.0,0.0,488.0,16438.33,48144.0,48.0,162.33,244.0,4,4.0,4,16,16.0,16,4,16,4.56,19.45
107,1,,,,,,,100,64,61,24,84.1,2745,10801,34,0,55.0,58.9;59.3;69.2;72.0;64.4;65.2;84.9;85.6;69.9;74.6;86.7;80.3;49.5;51.0;25.0;27.4;47.5;50.9;17.4;18.9;41.8;47.1;33.7;38.0,33.38,0.11,0.0,2.82,12.855,0.0,292.0,0.0,4,16,,,,,,,,,,,,,,,,,,,,,,,,,,,,,,,,,,,,,,,,,,,,,,,,,,,,,,,,,,,,,
107,2,,,,,,,98,76,66,19,233.2,2730,10801,34,0,32.3,29.6;27.5;41.8;41.4;29.3;32.2;72.1;61.0;46.8;50.9;71.1;66.7;25.2;24.4;10.0;9.7;22.7;23.8;6.6;7.5;20.2;21.1;14.5;18.5,33.76,0.11,0.0,2.96,12.855,0.0,732.0,390.0,4,16,,,,,,,,,,,,,,,,,,,,,,,,,,,,,,,,,,,,,,,,,,,,,,,,,,,,,,,,,,,,,
107,3,,,,,,,100,77,67,21,236.2,2730,10801,34,0,5.7,5.1;0.6;1.9;2.3;0.2;0.4;37.2;34.2;2.5;2.9;29.0;20.5;0.0;0.4;0.0;0.0;0.2;0.2;0.0;0.0;0.0;0.2;0.0;0.0,33.76,0.11,0.0,2.46,12.855,0.0,0.0,439.0,4,16,,,,,,,,,,,,,,,,,,,,,,,,,,,,,,,,,,,,,,,,,,,,,,,,,,,,,,,,,,,,,
107,summary,0.3041921721798454,0.9948468397897747,0.28357207775115967,0.9995555555555555,0.00100000,40.7,,,,,,,,,,,,,,,,,,,,,,98,99.33,100,64,72.33,77,61,64.67,67,19,21.33,24,84.1,184.5,236.2,2735.0,10801.0,34.0,0,5.7,31.0,55.0,33.38,33.63,33.76,63.16,0.11,0.11,0.11,17.01,0.0,0.0,0.0,2.46,2.75,2.96,10.042,14.236,12.855,12.85,12.855,15.992,0.0,0.0,0.0,0.0,341.33,732.0,0.0,276.33,439.0,4,4.0,4,16,16.0,16,4,16,4.67,19.56
108,1,,,,,,,100,60,62,21,82.7,2745,10801,34,0,54.3,59.3;59.0;70.0;68.8;59.0;61.7;80.1;92.5;70.8;75.5;81.5;82.4;49.1;48.9;22.4;24.1;48.5;51.7;17.3;19.6;40.3;46.0;33.9;39.6,33.35,0.11,0.0,2.6,12.855,0.0,46533.0,197753.0,4,16,,,,,,,,,,,,,,,,,,,,,,,,,,,,,,,,,,,,,,,,,,,,,,,,,,,,,,,,,,,,,
108,2,,,,,,,100,78,66,23,233.8,2730,10801,34,0,33.7,31.3;29.9;38.3;47.0;29.1;33.2;71.8;75.3;46.4;55.1;65.9;67.3;27.0;25.1;9.2;10.0;25.5;26.1;7.3;7.0;20.1;23.5;15.9;20.2,33.76,0.11,0.0,3.38,12.855,0.0,0.0,4003.0,4,16,,,,,,,,,,,,,,,,,,,,,,,,,,,,,,,,,,,,,,,,,,,,,,,,,,,,,,,,,,,,,
108,3,,,,,,,100,86,66,17,236.1,2730,10801,34,0,6.2,5.8;2.1;3.1;3.8;1.3;1.7;18.2;51.6;3.8;1.9;31.1;22.4;0.2;0.4;0.2;0.0;0.4;0.0;0.0;0.0;0.4;0.2;0.2;0.2,33.76,0.11,0.0,2.43,12.855,0.0,1123.0,0.0,4,16,,,,,,,,,,,,,,,,,,,,,,,,,,,,,,,,,,,,,,,,,,,,,,,,,,,,,,,,,,,,,
108,summary,0.30393774417873304,0.9949652508949147,0.28356432914733887,0.9995555555555555,0.00100000,40.2,,,,,,,,,,,,,,,,,,,,,,100,100.0,100,60,74.67,86,62,64.67,66,17,20.33,23,82.7,184.2,236.1,2735.0,10801.0,34.0,0,6.2,31.4,54.3,33.35,33.62,33.76,63.16,0.11,0.11,0.11,17.01,0.0,0.0,0.0,2.43,2.8,3.38,10.042,14.236,12.855,12.85,12.855,15.992,0.0,0.0,0.0,0.0,15885.33,46533.0,0.0,67252.0,197753.0,4,4.0,4,16,16.0,16,4,16,4.68,19.47
109,1,,,,,,,100,60,60,19,54.4,2565,10801,34,0,55.5,59.8;61.3;69.9;70.6;63.0;66.1;83.5;86.9;72.3;75.4;87.7;85.1;51.5;51.2;22.5;24.1;48.3;52.8;17.8;18.8;43.6;47.4;33.8;38.7,33.45,0.11,0.0,2.87,12.855,0.0,1660.0,6933.0,4,16,,,,,,,,,,,,,,,,,,,,,,,,,,,,,,,,,,,,,,,,,,,,,,,,,,,,,,,,,,,,,
109,2,,,,,,,100,57,69,18,236.0,2730,10801,34,0,31.5,26.4;26.1;38.9;39.6;29.0;30.1;63.5;79.2;44.9;51.5;65.3;65.3;23.9;24.0;7.3;9.7;20.2;23.7;6.2;6.2;20.2;20.5;15.4;18.8,33.75,0.11,0.0,3.19,12.855,0.0,0.0,390.0,4,16,,,,,,,,,,,,,,,,,,,,,,,,,,,,,,,,,,,,,,,,,,,,,,,,,,,,,,,,,,,,,
109,3,,,,,,,100,61,69,15,237.3,2730,10801,34,0,5.9,3.1;1.5;1.5;1.5;0.8;0.2;27.9;36.1;3.6;3.4;43.5;16.3;0.2;0.0;0.2;0.0;0.2;0.0;0.0;0.2;0.2;0.2;0.2;0.0,33.74,0.11,0.0,2.04,12.855,0.0,1123.0,0.0,4,16,,,,,,,,,,,,,,,,,,,,,,,,,,,,,,,,,,,,,,,,,,,,,,,,,,,,,,,,,,,,,
109,summary,0.3032490235832088,0.9951269275961635,0.28354746103286743,0.9995555555555555,0.00100000,40.8,,,,,,,,,,,,,,,,,,,,,,100,100.0,100,57,59.33,61,60,66.0,69,15,17.33,19,54.4,175.9,237.3,2675.0,10801.0,34.0,0,5.9,30.97,55.5,33.45,33.65,33.75,63.16,0.11,0.11,0.11,17.01,0.0,0.0,0.0,2.04,2.7,3.19,10.042,14.236,12.855,12.85,12.855,15.992,0.0,0.0,0.0,0.0,927.67,1660.0,0.0,2441.0,6933.0,4,4.0,4,16,16.0,16,4,16,4.85,19.53
110,1,,,,,,,100,88,62,19,101.8,2745,10801,34,0,54.5,61.4;59.9;69.4;68.1;63.2;64.2;85.8;80.4;70.0;72.2;89.0;82.7;50.5;49.3;22.0;25.7;49.2;53.1;16.6;16.9;41.9;47.6;32.1;36.8,33.33,0.11,0.0,2.85,12.855,0.0,0.0,3906.0,4,16,,,,,,,,,,,,,,,,,,,,,,,,,,,,,,,,,,,,,,,,,,,,,,,,,,,,,,,,,,,,,
110,2,,,,,,,100,78,67,19,234.2,2730,10801,34,0,33.1,31.2;28.5;35.5;42.3;33.0;36.5;70.2;70.1;47.9;49.3;66.0;68.9;26.0;26.1;9.7;10.4;22.3;23.8;8.0;8.4;19.7;23.3;15.2;20.7,33.75,0.11,0.0,3.2,12.855,0.0,878.0,195.0,4,16,,,,,,,,,,,,,,,,,,,,,,,,,,,,,,,,,,,,,,,,,,,,,,,,,,,,,,,,,,,,,
110,3,,,,,,,98,79,67,16,235.2,2730,10801,34,0,7.0,12.6;1.5;1.9;1.9;0.6;1.3;30.7;35.1;4.4;3.8;27.2;36.6;1.2;1.2;0.8;0.4;0.0;0.4;0.6;0.2;0.6;1.0;0.4;2.9,33.74,0.11,0.0,2.05,12.855,0.0,31396.0,292.0,4,16,,,,,,,,,,,,,,,,,,,,,,,,,,,,,,,,,,,,,,,,,,,,,,,,,,,,,,,,,,,,,
110,summary,0.303635611004302,0.9950312878573966,0.2835409343242645,0.9995555555555555,0.00100000,40.5,,,,,,,,,,,,,,,,,,,,,,98,99.33,100,78,81.67,88,62,65.33,67,16,18.0,19,101.8,190.4,235.2,2735.0,10801.0,34.0,0,7.0,31.53,54.5,33.33,33.61,33.75,63.16,0.11,0.11,0.11,17.01,0.0,0.0,0.0,2.05,2.7,3.2,10.042,14.236,12.855,12.85,12.855,15.992,0.0,0.0,0.0,0.0,10758.0,31396.0,195.0,1464.33,3906.0,4,4.0,4,16,16.0,16,4,16,4.66,19.55
111,1,,,,,,,100,65,62,22,55.2,2565,10801,34,0,55.0,60.5;60.4;71.8;67.7;64.2;65.6;80.6;86.0;70.8;74.8;85.5;87.6;50.8;51.5;20.0;21.6;52.3;53.7;13.9;15.0;47.0;46.9;30.4;41.3,33.38,0.11,0.0,2.86,12.855,0.0,1269.0,97.0,4,16,,,,,,,,,,,,,,,,,,,,,,,,,,,,,,,,,,,,,,,,,,,,,,,,,,,,,,,,,,,,,
111,2,,,,,,,100,72,68,19,235.7,2730,10801,34,0,33.0,28.5;28.0;41.0;45.8;29.0;30.1;73.3;61.6;48.9;50.9;77.6;68.3;24.3;25.2;7.3;8.9;25.3;24.8;6.1;6.1;22.1;21.3;13.3;23.8,33.77,0.11,0.0,3.77,12.855,0.0,1367.0,4003.0,4,16,,,,,,,,,,,,,,,,,,,,,,,,,,,,,,,,,,,,,,,,,,,,,,,,,,,,,,,,,,,,,
111,3,,,,,,,100,74,66,18,237.7,2730,10801,34,0,6.3,4.5;1.9;1.5;2.1;0.8;1.0;35.6;29.3;3.8;4.8;37.9;26.6;0.2;1.0;0.0;0.0;0.0;0.0;0.0;0.2;0.2;0.0;0.2;0.2,33.76,0.11,0.0,2.11,12.855,0.0,0.0,341.0,4,16,,,,,,,,,,,,,,,,,,,,,,,,,,,,,,,,,,,,,,,,,,,,,,,,,,,,,,,,,,,,,
111,summary,0.303789677296641,0.9950085164910235,0.28351572155952454,0.9996666666666667,0.00100000,40.5,,,,,,,,,,,,,,,,,,,,,,100,100.0,100,65,70.33,74,62,65.33,68,18,19.67,22,55.2,176.2,237.7,2675.0,10801.0,34.0,0,6.3,31.43,55.0,33.38,33.64,33.77,63.16,0.11,0.11,0.11,17.01,0.0,0.0,0.0,2.11,2.91,3.77,10.042,14.236,12.855,12.85,12.855,15.992,0.0,0.0,0.0,0.0,878.67,1367.0,97.0,1480.33,4003.0,4,4.0,4,16,16.0,16,4,16,4.78,19.57
112,1,,,,,,,100,46,63,21,64.2,2745,10801,34,0,55.4,58.6;56.3;71.4;68.8;63.5;65.2;86.6;87.2;73.2;76.4;83.8;86.1;51.5;52.3;20.7;24.0;50.4;52.5;15.6;16.8;47.3;47.7;33.9;40.2,33.43,0.11,0.01,2.87,12.855,0.0,244.0,48.0,4,16,,,,,,,,,,,,,,,,,,,,,,,,,,,,,,,,,,,,,,,,,,,,,,,,,,,,,,,,,,,,,
112,2,,,,,,,100,86,64,16,235.7,2730,10801,34,0,33.3,29.3;26.7;42.7;42.6;30.4;31.2;66.8;71.9;49.7;52.5;68.9;70.8;26.9;25.8;9.0;9.2;23.5;25.5;6.2;7.4;23.9;21.4;16.0;21.0,33.77,0.11,0.0,2.95,12.855,0.0,878.0,146.0,4,16,,,,,,,,,,,,,,,,,,,,,,,,,,,,,,,,,,,,,,,,,,,,,,,,,,,,,,,,,,,,,
112,3,,,,,,,100,55,68,15,237.4,2730,10801,34,0,6.0,5.2;0.8;3.1;2.5;0.4;0.6;33.2;29.0;1.1;2.5;29.9;33.5;0.0;0.2;0.0;0.0;0.0;0.0;0.0;0.0;0.4;0.2;0.0;0.0,33.77,0.11,0.0,2.45,12.855,0.0,341.0,195.0,4,16,,,,,,,,,,,,,,,,,,,,,,,,,,,,,,,,,,,,,,,,,,,,,,,,,,,,,,,,,,,,,
112,summary,0.30336264924762346,0.9952316758814795,0.28348782658576965,0.9996666666666667,0.00100000,40.5,,,,,,,,,,,,,,,,,,,,,,100,100.0,100,46,62.33,86,63,65.0,68,15,17.33,21,64.2,179.1,237.4,2735.0,10801.0,34.0,0,6.0,31.57,55.4,33.43,33.66,33.77,63.16,0.11,0.11,0.11,17.01,0.0,0.0,0.01,2.45,2.76,2.95,10.042,14.236,12.855,12.85,12.855,15.992,0.0,0.0,0.0,244.0,487.67,878.0,48.0,129.67,195.0,4,4.0,4,16,16.0,16,4,16,4.7,19.5
113,1,,,,,,,100,85,61,24,101.2,2745,10801,34,0,55.1,58.1;59.5;68.8;69.7;62.3;66.0;88.7;82.6;74.7;77.7;81.6;86.8;51.0;52.4;22.8;22.3;50.7;53.1;13.0;13.7;47.0;47.3;32.6;40.6,33.46,0.11,0.0,2.83,12.855,0.0,244.0,97.0,4,16,,,,,,,,,,,,,,,,,,,,,,,,,,,,,,,,,,,,,,,,,,,,,,,,,,,,,,,,,,,,,
113,2,,,,,,,100,74,67,19,233.9,2730,10801,34,0,32.7,27.9;26.6;41.6;41.9;31.0;28.9;62.4;74.7;46.2;51.3;66.3;68.9;25.1;24.6;10.5;12.1;22.6;23.5;8.0;7.7;22.8;22.3;16.2;20.5,33.78,0.11,0.0,2.93,12.855,0.0,1464.0,146.0,4,16,,,,,,,,,,,,,,,,,,,,,,,,,,,,,,,,,,,,,,,,,,,,,,,,,,,,,,,,,,,,,
113,3,,,,,,,98,78,68,20,234.2,2730,10801,34,0,5.7,3.1;0.6;0.8;1.2;0.4;0.6;33.8;34.7;2.3;1.9;35.4;21.8;0.6;0.0;0.0;0.0;0.0;0.0;0.0;0.0;0.0;0.0;0.0;0.0,33.77,0.11,0.0,2.52,12.855,0.0,195.0,195.0,4,16,,,,,,,,,,,,,,,,,,,,,,,,,,,,,,,,,,,,,,,,,,,,,,,,,,,,,,,,,,,,,
113,summary,0.3033450012945413,0.9951519760991738,0.2834709882736206,0.9996666666666667,0.00100000,40.9,,,,,,,,,,,,,,,,,,,,,,98,99.33,100,74,79.0,85,61,65.33,68,19,21.0,24,101.2,189.77,234.2,2735.0,10801.0,34.0,0,5.7,31.17,55.1,33.46,33.67,33.78,63.16,0.11,0.11,0.11,17.01,0.0,0.0,0.0,2.52,2.76,2.93,10.042,14.236,12.855,12.85,12.855,15.992,0.0,0.0,0.0,195.0,634.33,1464.0,97.0,146.0,195.0,4,4.0,4,16,16.0,16,4,16,4.92,19.52
114,1,,,,,,,100,28,55,22,37.6,210,5001,34,0,54.8,58.0;57.1;69.3;68.4;63.5;65.6;89.1;86.6;71.9;74.8;82.2;82.7;47.2;47.3;22.8;24.2;50.2;52.2;17.5;17.1;46.9;47.2;33.5;39.1,33.48,0.11,0.0,2.82,12.855,0.0,732.0,7519.0,4,16,,,,,,,,,,,,,,,,,,,,,,,,,,,,,,,,,,,,,,,,,,,,,,,,,,,,,,,,,,,,,
114,2,,,,,,,100,47,68,17,236.8,2730,10801,34,0,32.2,30.1;26.6;42.3;42.8;30.3;32.3;77.0;59.4;45.7;53.0;68.4;65.4;24.6;23.8;6.7;10.0;24.0;22.1;5.4;6.4;21.6;20.0;15.3;19.2,33.79,0.11,0.02,3.07,12.855,0.0,683.0,146.0,4,16,,,,,,,,,,,,,,,,,,,,,,,,,,,,,,,,,,,,,,,,,,,,,,,,,,,,,,,,,,,,,
114,3,,,,,,,98,71,68,18,237.5,2730,10801,34,0,6.1,3.7;1.7;1.3;1.9;2.1;2.3;15.9;48.8;3.8;3.1;35.1;23.3;0.8;0.2;0.0;0.0;0.0;0.2;0.0;0.0;0.8;0.4;0.0;0.2,33.76,0.11,0.0,2.44,12.855,0.0,195.0,292.0,4,16,,,,,,,,,,,,,,,,,,,,,,,,,,,,,,,,,,,,,,,,,,,,,,,,,,,,,,,,,,,,,
114,summary,0.3033225651481716,0.995204350241832,0.2834731638431549,0.9996666666666667,0.00100000,40.7,,,,,,,,,,,,,,,,,,,,,,98,99.33,100,28,48.67,71,55,63.67,68,17,19.0,22,37.6,170.63,237.5,1890.0,8867.7,34.0,0,6.1,31.03,54.8,33.48,33.68,33.79,63.16,0.11,0.11,0.11,17.01,0.0,0.01,0.02,2.44,2.78,3.07,10.042,14.236,12.855,12.85,12.855,15.992,0.0,0.0,0.0,195.0,536.67,732.0,146.0,2652.33,7519.0,4,4.0,4,16,16.0,16,4,16,4.9,19.54
115,1,,,,,,,100,86,62,21,107.9,2745,10801,34,0,55.9,58.8;59.7;70.3;71.5;63.9;65.8;79.8;93.1;72.1;77.5;84.9;84.7;51.2;52.8;23.0;21.8;51.5;53.3;18.9;18.7;45.0;48.7;33.7;40.0,33.34,0.11,0.0,2.39,12.855,0.0,683.0,48.0,4,16,,,,,,,,,,,,,,,,,,,,,,,,,,,,,,,,,,,,,,,,,,,,,,,,,,,,,,,,,,,,,
115,2,,,,,,,100,78,68,23,235.6,2745,10801,34,0,32.4,28.3;28.1;38.9;43.1;29.2;32.3;66.9;71.8;46.8;51.6;65.8;67.6;25.2;25.1;7.5;8.7;23.0;25.2;6.7;6.7;23.0;21.7;13.6;21.3,33.75,0.11,0.0,2.35,12.855,0.0,244.0,97.0,4,16,,,,,,,,,,,,,,,,,,,,,,,,,,,,,,,,,,,,,,,,,,,,,,,,,,,,,,,,,,,,,
115,3,,,,,,,100,89,67,17,236.0,2730,10801,34,0,5.9,2.9;0.8;2.9;1.3;1.3;0.8;25.2;24.1;3.6;4.4;39.5;32.7;0.2;0.2;0.0;0.0;0.0;0.2;0.0;0.0;0.0;0.0;0.2;0.0,33.73,0.11,0.0,1.67,12.855,0.0,0.0,341.0,4,16,,,,,,,,,,,,,,,,,,,,,,,,,,,,,,,,,,,,,,,,,,,,,,,,,,,,,,,,,,,,,
115,summary,0.303056988565891,0.99525672438449,0.28345105051994324,0.9996666666666667,0.00100000,40.8,,,,,,,,,,,,,,,,,,,,,,100,100.0,100,78,84.33,89,62,65.67,68,17,20.33,23,107.9,193.17,236.0,2740.0,10801.0,34.0,0,5.9,31.4,55.9,33.34,33.61,33.75,63.16,0.11,0.11,0.11,17.01,0.0,0.0,0.0,1.67,2.14,2.39,10.042,14.236,12.855,12.85,12.855,15.992,0.0,0.0,0.0,0.0,309.0,683.0,48.0,162.0,341.0,4,4.0,4,16,16.0,16,4,16,4.87,19.45
116,1,,,,,,,100,88,62,21,102.1,2745,10801,34,0,54.7,57.6;55.7;68.9;71.4;61.7;62.5;84.8;86.5;74.7;76.0;87.9;82.3;50.3;49.0;22.5;24.7;49.5;50.6;17.4;18.3;45.1;46.1;31.1;39.3,33.32,0.11,0.0,1.69,12.855,0.0,3271.0,48.0,4,16,,,,,,,,,,,,,,,,,,,,,,,,,,,,,,,,,,,,,,,,,,,,,,,,,,,,,,,,,,,,,
116,2,,,,,,,100,80,68,19,233.6,2730,10801,34,0,32.9,29.0;26.3;40.5;41.2;31.3;33.1;64.0;76.5;50.0;52.1;64.1;72.6;25.6;24.7;7.3;8.9;24.6;25.5;5.7;6.2;22.8;21.5;15.3;20.6,33.77,0.11,0.0,3.53,12.855,0.0,244.0,0.0,4,16,,,,,,,,,,,,,,,,,,,,,,,,,,,,,,,,,,,,,,,,,,,,,,,,,,,,,,,,,,,,,
116,3,,,,,,,98,74,67,17,233.8,2730,10801,34,0,6.0,5.5;0.0;2.9;1.7;1.3;0.6;25.4;31.9;4.4;2.1;38.5;27.9;0.2;0.0;0.0;0.2;0.0;0.2;0.0;0.2;0.0;0.2;0.0;0.6,33.73,0.11,0.0,2.05,12.855,0.0,781.0,244.0,4,16,,,,,,,,,,,,,,,,,,,,,,,,,,,,,,,,,,,,,,,,,,,,,,,,,,,,,,,,,,,,,
116,summary,0.3028803405217982,0.9952202901982931,0.2834383249282837,0.9996666666666667,0.00100000,40.6,,,,,,,,,,,,,,,,,,,,,,98,99.33,100,74,80.67,88,62,65.67,68,17,19.0,21,102.1,189.83,233.8,2735.0,10801.0,34.0,0,6.0,31.2,54.7,33.32,33.61,33.77,63.16,0.11,0.11,0.11,17.01,0.0,0.0,0.0,1.69,2.42,3.53,10.042,14.236,12.855,12.85,12.855,15.992,0.0,0.0,0.0,244.0,1432.0,3271.0,0.0,97.33,244.0,4,4.0,4,16,16.0,16,4,16,4.79,19.53
117,1,,,,,,,100,25,58,21,37.0,2565,10801,34,0,55.4,58.5;58.9;67.4;71.1;63.6;65.8;80.7;82.7;71.1;77.2;90.1;87.3;50.9;52.3;22.6;25.7;51.2;52.5;18.2;18.0;46.1;45.3;32.9;39.9,33.33,0.11,0.0,3.18,12.855,0.0,244.0,195.0,4,16,,,,,,,,,,,,,,,,,,,,,,,,,,,,,,,,,,,,,,,,,,,,,,,,,,,,,,,,,,,,,
117,2,,,,,,,100,48,68,18,237.1,2730,10801,34,0,34.4,32.1;28.4;42.3;43.2;33.2;31.5;66.5;73.7;53.6;55.9;76.8;68.2;27.7;26.6;7.7;9.8;25.4;25.7;6.0;6.9;23.4;24.2;15.2;20.7,33.76,0.11,0.0,2.94,12.855,0.0,16845.0,2832.0,4,16,,,,,,,,,,,,,,,,,,,,,,,,,,,,,,,,,,,,,,,,,,,,,,,,,,,,,,,,,,,,,
117,3,,,,,,,100,64,68,15,236.3,2745,10801,34,0,5.4,2.1;0.2;0.6;0.8;0.4;0.0;25.9;33.1;4.0;0.8;21.3;38.7;0.4;0.2;0.0;0.0;0.0;0.0;0.0;0.0;0.4;0.0;0.0;0.0,33.73,0.11,0.0,2.49,12.855,0.0,146.0,537.0,4,16,,,,,,,,,,,,,,,,,,,,,,,,,,,,,,,,,,,,,,,,,,,,,,,,,,,,,,,,,,,,,
117,summary,0.3028077713857644,0.9953295927568838,0.28341203927993774,0.9996666666666667,0.00100000,40.2,,,,,,,,,,,,,,,,,,,,,,100,100.0,100,25,45.67,64,58,64.67,68,15,18.0,21,37.0,170.13,237.1,2680.0,10801.0,34.0,0,5.4,31.73,55.4,33.33,33.61,33.76,63.16,0.11,0.11,0.11,17.01,0.0,0.0,0.0,2.49,2.87,3.18,10.042,14.236,12.855,12.85,12.855,15.992,0.0,0.0,0.0,146.0,5745.0,16845.0,195.0,1188.0,2832.0,4,4.0,4,16,16.0,16,4,16,4.54,19.46
118,1,,,,,,,100,42,62,20,66.8,2745,10801,34,0,55.6,62.2;60.3;70.7;68.7;62.5;63.2;84.9;84.8;74.3;75.3;83.3;93.2;53.0;51.8;22.8;26.3;49.5;53.4;17.1;18.5;43.5;44.1;32.8;39.0,33.42,0.11,0.0,2.82,12.855,0.0,9619.0,95263.0,4,16,,,,,,,,,,,,,,,,,,,,,,,,,,,,,,,,,,,,,,,,,,,,,,,,,,,,,,,,,,,,,
118,2,,,,,,,100,85,64,18,236.0,2745,10801,34,0,31.2,28.1;23.9;37.3;36.1;31.1;28.4;71.0;62.9;46.5;50.3;80.2;62.9;23.2;22.0;8.1;9.5;22.5;21.6;6.0;6.8;19.9;18.0;13.5;18.0,33.76,0.11,0.0,2.95,12.855,0.0,0.0,390.0,4,16,,,,,,,,,,,,,,,,,,,,,,,,,,,,,,,,,,,,,,,,,,,,,,,,,,,,,,,,,,,,,
118,3,,,,,,,100,67,67,17,237.6,2745,10801,35,0,6.1,4.9;0.8;2.1;1.7;0.6;1.3;45.7;21.5;5.6;2.7;20.5;37.2;0.0;0.8;0.0;0.0;0.0;0.0;0.0;0.0;0.2;0.0;0.0;0.0,33.74,0.11,0.01,2.97,12.855,0.0,1367.0,3613.0,4,16,,,,,,,,,,,,,,,,,,,,,,,,,,,,,,,,,,,,,,,,,,,,,,,,,,,,,,,,,,,,,
118,summary,0.30265879401499424,0.9954001839926403,0.2833878993988037,0.9996666666666667,0.00100000,40.7,,,,,,,,,,,,,,,,,,,,,,100,100.0,100,42,64.67,85,62,64.33,67,17,18.33,20,66.8,180.13,237.6,2745.0,10801.0,34.3,0,6.1,30.97,55.6,33.42,33.64,33.76,63.16,0.11,0.11,0.11,17.01,0.0,0.0,0.01,2.82,2.91,2.97,10.042,14.236,12.855,12.85,12.855,15.992,0.0,0.0,0.0,0.0,3662.0,9619.0,390.0,33088.67,95263.0,4,4.0,4,16,16.0,16,4,16,4.87,19.54
119,1,,,,,,,100,66,61,25,52.1,2565,10801,34,0,54.9,58.7;58.7;68.8;69.7;60.1;63.9;86.7;81.8;71.9;75.7;83.5;89.8;49.9;51.7;21.1;26.7;48.8;51.0;19.1;19.0;40.6;46.6;35.4;38.0,33.39,0.11,0.0,3.09,12.855,0.0,244.0,48.0,4,16,,,,,,,,,,,,,,,,,,,,,,,,,,,,,,,,,,,,,,,,,,,,,,,,,,,,,,,,,,,,,
119,2,,,,,,,100,63,65,19,236.7,2730,10801,34,0,32.9,27.7;27.3;40.2;42.3;32.0;30.4;62.7;66.9;49.1;53.1;63.0;80.7;25.8;25.1;9.2;10.0;22.7;25.3;5.3;5.3;22.0;23.9;15.8;22.3,33.77,0.11,0.0,2.94,12.855,0.0,244.0,97.0,4,16,,,,,,,,,,,,,,,,,,,,,,,,,,,,,,,,,,,,,,,,,,,,,,,,,,,,,,,,,,,,,
119,3,,,,,,,100,60,68,23,237.5,2730,10801,34,0,6.2,11.0;1.1;1.7;2.3;0.6;0.0;36.3;31.9;4.0;4.0;26.8;27.5;0.2;0.4;0.0;0.2;0.0;0.0;0.2;0.0;0.4;0.6;0.0;0.2,33.73,0.11,0.0,2.49,12.855,0.0,0.0,390.0,4,16,,,,,,,,,,,,,,,,,,,,,,,,,,,,,,,,,,,,,,,,,,,,,,,,,,,,,,,,,,,,,
119,summary,0.30294976799867696,0.9952134587883812,0.283369779586792,0.9996666666666667,0.00100000,40.3,,,,,,,,,,,,,,,,,,,,,,100,100.0,100,60,63.0,66,61,64.67,68,19,22.33,25,52.1,175.43,237.5,2675.0,10801.0,34.0,0,6.2,31.33,54.9,33.39,33.63,33.77,63.16,0.11,0.11,0.11,17.01,0.0,0.0,0.0,2.49,2.84,3.09,10.042,14.236,12.855,12.85,12.855,15.992,0.0,0.0,0.0,0.0,162.67,244.0,48.0,178.33,390.0,4,4.0,4,16,16.0,16,4,16,4.66,19.57
120,1,,,,,,,100,24,55,21,36.1,210,5001,34,0,55.0,60.6;60.5;70.7;70.4;62.1;61.5;88.9;80.4;74.6;75.7;91.5;80.4;49.5;48.5;21.5;25.9;51.3;53.0;17.2;17.4;43.8;48.5;33.0;33.4,33.44,0.11,0.0,2.92,12.855,0.0,439.0,3857.0,4,16,,,,,,,,,,,,,,,,,,,,,,,,,,,,,,,,,,,,,,,,,,,,,,,,,,,,,,,,,,,,,
120,2,,,,,,,100,46,67,17,237.5,2730,10801,34,0,34.5,32.3;29.2;40.8;43.0;30.9;33.3;66.4;70.8;52.1;55.8;72.3;73.5;28.6;27.7;8.9;10.9;26.3;23.6;6.7;8.8;22.8;25.0;18.0;19.5,33.79,0.11,0.01,3.22,12.855,0.0,292.0,97.0,4,16,,,,,,,,,,,,,,,,,,,,,,,,,,,,,,,,,,,,,,,,,,,,,,,,,,,,,,,,,,,,,
120,3,,,,,,,100,60,67,18,236.9,2730,10801,34,0,6.4,6.7;1.5;3.8;2.3;2.5;1.5;33.8;33.3;2.5;5.3;18.5;36.3;0.6;1.0;0.2;0.4;0.8;0.2;0.0;0.2;0.6;0.4;0.2;0.2,33.74,0.11,0.0,2.04,12.855,0.0,7666.0,115869.0,4,16,,,,,,,,,,,,,,,,,,,,,,,,,,,,,,,,,,,,,,,,,,,,,,,,,,,,,,,,,,,,,
120,summary,0.30240185895849075,0.9954571124085729,0.28333142399787903,0.9996666666666667,0.00100000,40.3,,,,,,,,,,,,,,,,,,,,,,100,100.0,100,24,43.33,60,55,63.0,67,17,18.67,21,36.1,170.17,237.5,1890.0,8867.7,34.0,0,6.4,31.97,55.0,33.44,33.66,33.79,63.16,0.11,0.11,0.11,17.01,0.0,0.0,0.01,2.04,2.73,3.22,10.042,14.236,12.855,12.85,12.855,15.992,0.0,0.0,0.0,292.0,2799.0,7666.0,97.0,39941.0,115869.0,4,4.0,4,16,16.0,16,4,16,4.53,19.46
121,1,,,,,,,100,86,62,20,107.3,2745,10801,34,0,54.7,60.3;60.1;70.9;69.3;60.4;65.2;88.9;87.4;72.9;76.6;80.8;81.8;48.6;48.0;20.3;24.1;48.9;50.7;18.1;19.5;41.3;47.6;33.6;38.5,33.37,0.11,0.0,2.85,12.855,0.0,0.0,97.0,4,16,,,,,,,,,,,,,,,,,,,,,,,,,,,,,,,,,,,,,,,,,,,,,,,,,,,,,,,,,,,,,
121,2,,,,,,,98,76,64,18,234.8,2730,10801,34,0,33.6,28.3;26.7;40.1;44.9;28.5;32.6;71.3;65.6;53.1;52.6;78.7;63.9;25.6;25.5;10.7;11.4;22.1;24.0;6.6;9.3;22.0;24.3;18.1;19.6,33.78,0.11,0.09,3.41,12.855,0.0,1562.0,292.0,4,16,,,,,,,,,,,,,,,,,,,,,,,,,,,,,,,,,,,,,,,,,,,,,,,,,,,,,,,,,,,,,
121,3,,,,,,,100,89,65,17,236.3,2730,10801,34,0,5.9,3.1;0.4;2.3;0.8;0.6;0.4;26.0;32.3;4.0;4.8;32.6;32.1;0.4;0.2;0.0;0.0;0.2;0.0;0.2;0.0;0.0;0.0;0.0;0.4,33.76,0.11,0.0,2.49,12.855,0.0,634.0,195.0,4,16,,,,,,,,,,,,,,,,,,,,,,,,,,,,,,,,,,,,,,,,,,,,,,,,,,,,,,,,,,,,,
121,summary,0.30244418585975935,0.9953295927568838,0.2833085060119629,0.9996666666666667,0.00100000,40.8,,,,,,,,,,,,,,,,,,,,,,98,99.33,100,76,83.67,89,62,63.67,65,17,18.33,20,107.3,192.8,236.3,2735.0,10801.0,34.0,0,5.9,31.4,54.7,33.37,33.64,33.78,63.16,0.11,0.11,0.11,17.01,0.0,0.03,0.09,2.49,2.92,3.41,10.042,14.236,12.855,12.85,12.855,15.992,0.0,0.0,0.0,0.0,732.0,1562.0,97.0,194.67,292.0,4,4.0,4,16,16.0,16,4,16,4.77,19.52
122,1,,,,,,,100,87,65,20,105.6,2745,10801,34,0,54.4,58.5;57.8;68.3;70.8;61.1;63.9;79.5;91.4;72.2;75.1;82.6;83.8;49.7;51.8;23.1;27.8;46.0;49.8;17.7;17.9;40.0;46.7;32.9;38.0,33.33,0.11,0.0,2.82,12.855,0.0,2294.0,97.0,4,16,,,,,,,,,,,,,,,,,,,,,,,,,,,,,,,,,,,,,,,,,,,,,,,,,,,,,,,,,,,,,
122,2,,,,,,,100,69,66,23,235.2,2730,10801,34,0,32.0,27.3;26.5;38.7;43.6;29.2;28.9;68.9;63.9;47.7;50.3;65.2;75.5;24.0;24.1;9.2;8.8;22.8;23.8;6.5;7.9;19.1;22.3;14.8;17.7,33.73,0.11,0.0,2.95,12.855,0.0,48.0,390.0,4,16,,,,,,,,,,,,,,,,,,,,,,,,,,,,,,,,,,,,,,,,,,,,,,,,,,,,,,,,,,,,,
122,3,,,,,,,98,70,68,18,236.4,2745,10801,35,0,5.6,3.5;0.6;0.4;2.1;0.2;0.8;31.4;27.8;1.9;2.7;34.7;27.9;0.2;0.2;0.0;0.0;0.0;0.0;0.0;0.0;0.0;0.0;0.4;0.4,33.72,0.11,0.0,2.43,12.855,0.0,585.0,292.0,4,16,,,,,,,,,,,,,,,,,,,,,,,,,,,,,,,,,,,,,,,,,,,,,,,,,,,,,,,,,,,,,
122,summary,0.302861911969486,0.9951633617823604,0.2832963764667511,0.9997777777777778,0.00100000,40.8,,,,,,,,,,,,,,,,,,,,,,98,99.33,100,69,75.33,87,65,66.33,68,18,20.33,23,105.6,192.4,236.4,2740.0,10801.0,34.3,0,5.6,30.67,54.4,33.33,33.59,33.73,63.16,0.11,0.11,0.11,17.01,0.0,0.0,0.0,2.43,2.73,2.95,10.042,14.236,12.855,12.85,12.855,15.992,0.0,0.0,0.0,48.0,975.67,2294.0,97.0,259.67,390.0,4,4.0,4,16,16.0,16,4,16,4.73,19.55
123,1,,,,,,,100,58,62,21,82.0,2745,10801,34,0,55.2,58.6;58.8;68.7;70.6;60.6;62.5;79.5;82.8;73.1;75.4;91.7;85.5;50.3;50.8;25.3;28.3;50.3;51.1;19.9;21.3;42.1;44.8;35.7;36.9,33.32,0.11,0.21,3.02,12.855,0.0,1123.0,6396.0,4,16,,,,,,,,,,,,,,,,,,,,,,,,,,,,,,,,,,,,,,,,,,,,,,,,,,,,,,,,,,,,,
123,2,,,,,,,98,74,68,16,234.3,2730,10801,34,0,34.5,29.7;29.4;44.6;41.1;32.8;34.2;63.8;78.0;51.2;55.5;64.6;73.4;28.5;28.2;8.8;11.9;23.1;26.1;8.1;8.7;22.0;25.3;18.2;19.8,33.77,0.11,0.01,2.95,12.855,0.0,1562.0,292.0,4,16,,,,,,,,,,,,,,,,,,,,,,,,,,,,,,,,,,,,,,,,,,,,,,,,,,,,,,,,,,,,,
123,3,,,,,,,100,76,67,17,236.5,2730,10801,34,0,6.3,7.3;4.4;2.5;2.7;0.6;0.8;21.8;32.9;1.9;3.6;37.7;29.5;1.0;0.0;0.2;0.2;0.6;0.2;0.2;0.2;0.8;0.6;0.4;0.0,33.75,0.11,0.01,2.46,12.855,0.0,634.0,195.0,4,16,,,,,,,,,,,,,,,,,,,,,,,,,,,,,,,,,,,,,,,,,,,,,,,,,,,,,,,,,,,,,
123,summary,0.30294726483596257,0.995145144689262,0.28329670429229736,0.9998888888888889,0.00100000,40.3,,,,,,,,,,,,,,,,,,,,,,98,99.33,100,58,69.33,76,62,65.67,68,16,18.0,21,82.0,184.27,236.5,2735.0,10801.0,34.0,0,6.3,32.0,55.2,33.32,33.61,33.77,63.16,0.11,0.11,0.11,17.01,0.01,0.08,0.21,2.46,2.81,3.02,10.042,14.236,12.855,12.85,12.855,15.992,0.0,0.0,0.0,634.0,1106.33,1562.0,195.0,2294.33,6396.0,4,4.0,4,16,16.0,16,4,16,4.53,19.47
124,1,,,,,,,100,26,59,20,39.8,2565,10801,34,0,55.1,60.1;59.7;69.7;71.2;63.7;63.3;88.6;83.0;70.7;75.3;84.9;84.7;50.7;52.0;23.1;25.3;46.1;50.2;17.1;20.5;43.3;46.3;33.2;38.3,33.4,0.11,0.01,2.61,12.855,0.0,244.0,341.0,4,16,,,,,,,,,,,,,,,,,,,,,,,,,,,,,,,,,,,,,,,,,,,,,,,,,,,,,,,,,,,,,
124,2,,,,,,,100,46,66,18,237.1,2730,10801,34,0,31.9,29.5;25.0;38.7;39.2;28.9;30.8;65.1;66.0;49.0;50.5;78.7;65.7;23.6;23.0;8.2;9.4;21.8;21.5;6.0;7.3;20.2;22.5;15.7;18.7,33.74,0.11,0.02,2.16,12.855,0.0,1123.0,97.0,4,16,,,,,,,,,,,,,,,,,,,,,,,,,,,,,,,,,,,,,,,,,,,,,,,,,,,,,,,,,,,,,
124,3,,,,,,,100,53,67,16,236.1,2730,10801,34,0,6.0,3.1;1.0;2.3;1.9;0.2;0.6;30.8;22.5;2.3;2.1;37.0;36.7;0.4;0.0;0.0;0.4;0.0;0.2;0.6;0.2;0.4;0.0;0.2;0.6,33.73,0.11,0.0,1.73,12.855,0.0,0.0,0.0,4,16,,,,,,,,,,,,,,,,,,,,,,,,,,,,,,,,,,,,,,,,,,,,,,,,,,,,,,,,,,,,,
124,summary,0.3020979170425754,0.9954889923214952,0.28328147530555725,0.9997777777777778,0.00100000,40.7,,,,,,,,,,,,,,,,,,,,,,100,100.0,100,26,41.67,53,59,64.0,67,16,18.0,20,39.8,171.0,237.1,2675.0,10801.0,34.0,0,6.0,31.0,55.1,33.4,33.62,33.74,63.16,0.11,0.11,0.11,17.01,0.0,0.01,0.02,1.73,2.17,2.61,10.042,14.236,12.855,12.85,12.855,15.992,0.0,0.0,0.0,0.0,455.67,1123.0,0.0,146.0,341.0,4,4.0,4,16,16.0,16,4,16,4.81,19.58
125,1,,,,,,,100,47,55,23,35.6,210,5001,34,0,54.8,61.4;59.4;66.7;70.2;65.5;65.6;81.7;82.4;69.5;71.2;82.9;93.3;52.4;52.0;22.2;23.8;47.9;53.1;16.9;17.1;41.6;47.3;33.3;38.5,33.42,0.11,0.01,1.95,12.855,0.0,244.0,97.0,4,16,,,,,,,,,,,,,,,,,,,,,,,,,,,,,,,,,,,,,,,,,,,,,,,,,,,,,,,,,,,,,
125,2,,,,,,,100,75,67,18,237.2,2730,10801,34,0,33.2,29.2;28.2;36.8;41.6;31.6;30.9;71.4;67.0;48.3;55.6;70.1;70.4;26.8;26.0;9.3;10.4;24.0;24.9;7.2;8.8;19.7;23.2;17.2;18.7,33.78,0.11,0.0,3.39,12.855,0.0,1269.0,244.0,4,16,,,,,,,,,,,,,,,,,,,,,,,,,,,,,,,,,,,,,,,,,,,,,,,,,,,,,,,,,,,,,
125,3,,,,,,,98,75,68,22,234.7,2730,10801,34,0,6.0,3.9;1.5;1.9;2.7;1.0;1.5;32.3;35.5;1.5;4.6;19.1;36.0;1.1;0.2;0.0;0.0;0.2;0.4;0.0;0.0;0.0;0.0;0.0;0.2,33.76,0.11,0.0,2.1,12.855,0.0,0.0,0.0,4,16,,,,,,,,,,,,,,,,,,,,,,,,,,,,,,,,,,,,,,,,,,,,,,,,,,,,,,,,,,,,,
125,summary,0.3019055670042833,0.9955299807809668,0.2832678556442261,0.9997777777777778,0.00100000,40.4,,,,,,,,,,,,,,,,,,,,,,98,99.33,100,47,65.67,75,55,63.33,68,18,21.0,23,35.6,169.17,237.2,1890.0,8867.7,34.0,0,6.0,31.33,54.8,33.42,33.65,33.78,63.16,0.11,0.11,0.11,17.01,0.0,0.0,0.01,1.95,2.48,3.39,10.042,14.236,12.855,12.85,12.855,15.992,0.0,0.0,0.0,0.0,504.33,1269.0,0.0,113.67,244.0,4,4.0,4,16,16.0,16,4,16,4.65,19.49
126,1,,,,,,,100,72,58,21,50.7,2565,10801,34,0,54.9,60.5;59.7;72.8;70.4;61.3;64.0;86.2;83.5;69.7;74.3;86.3;86.7;49.7;51.7;24.5;25.8;47.1;48.8;16.1;19.1;41.2;45.9;33.5;39.5,33.43,0.11,0.01,3.24,12.855,0.0,0.0,390.0,4,16,,,,,,,,,,,,,,,,,,,,,,,,,,,,,,,,,,,,,,,,,,,,,,,,,,,,,,,,,,,,,
126,2,,,,,,,100,55,68,23,237.5,2730,10801,34,0,34.2,34.1;28.5;42.0;45.3;34.4;34.3;62.2;73.5;45.8;52.5;71.7;72.4;25.9;26.4;10.9;11.3;24.3;25.3;7.5;8.2;21.7;24.5;16.0;21.5,33.78,0.11,0.06,3.53,12.855,0.0,634.0,195.0,4,16,,,,,,,,,,,,,,,,,,,,,,,,,,,,,,,,,,,,,,,,,,,,,,,,,,,,,,,,,,,,,
126,3,,,,,,,100,54,69,18,238.0,2745,10801,34,0,5.7,6.3;0.6;1.5;1.4;0.2;0.2;23.9;34.9;1.9;1.9;24.3;37.8;0.8;0.0;0.4;0.4;0.4;0.4;0.0;0.0;0.4;0.0;0.0;0.0,33.78,0.11,0.0,2.06,12.855,0.0,5615.0,126025.0,4,16,,,,,,,,,,,,,,,,,,,,,,,,,,,,,,,,,,,,,,,,,,,,,,,,,,,,,,,,,,,,,
126,summary,0.302184316915587,0.9954502809986611,0.28325778245925903,0.9998888888888889,0.00100000,40.5,,,,,,,,,,,,,,,,,,,,,,100,100.0,100,54,60.33,72,58,65.0,69,18,20.67,23,50.7,175.4,238.0,2680.0,10801.0,34.0,0,5.7,31.6,54.9,33.43,33.66,33.78,63.16,0.11,0.11,0.11,17.01,0.0,0.02,0.06,2.06,2.94,3.53,10.042,14.236,12.855,12.85,12.855,15.992,0.0,0.0,0.0,0.0,2083.0,5615.0,195.0,42203.33,126025.0,4,4.0,4,16,16.0,16,4,16,4.55,19.49
127,1,,,,,,,100,59,63,19,82.0,2745,10801,34,0,54.9,59.7;59.4;70.2;70.9;62.4;64.6;94.1;83.3;69.7;73.1;81.1;81.6;51.0;49.5;23.2;24.6;50.0;51.8;17.4;18.4;40.2;48.7;33.5;39.2,33.35,0.11,0.0,2.82,12.855,0.0,244.0,48.0,4,16,,,,,,,,,,,,,,,,,,,,,,,,,,,,,,,,,,,,,,,,,,,,,,,,,,,,,,,,,,,,,
127,2,,,,,,,98,76,66,21,233.6,2730,10801,34,0,32.2,28.3;26.5;40.1;41.7;27.9;30.8;75.1;62.9;45.6;55.5;60.7;76.8;24.5;25.1;8.8;9.2;22.8;23.6;6.1;6.4;18.9;23.3;15.3;17.7,33.79,0.11,0.01,3.23,12.855,0.0,2783.0,97.0,4,16,,,,,,,,,,,,,,,,,,,,,,,,,,,,,,,,,,,,,,,,,,,,,,,,,,,,,,,,,,,,,
127,3,,,,,,,100,85,66,16,236.8,2730,10801,34,0,5.5,3.1;0.8;1.0;1.5;0.2;0.4;22.6;40.7;3.1;2.7;33.2;20.8;0.4;0.8;0.0;0.0;0.6;0.0;0.0;0.2;0.0;0.2;0.2;0.0,33.77,0.11,0.0,2.09,12.855,0.0,878.0,244.0,4,16,,,,,,,,,,,,,,,,,,,,,,,,,,,,,,,,,,,,,,,,,,,,,,,,,,,,,,,,,,,,,
127,summary,0.30218854767919173,0.9954548352719357,0.28323453664779663,0.9998888888888889,0.00100000,40.5,,,,,,,,,,,,,,,,,,,,,,98,99.33,100,59,73.33,85,63,65.0,66,16,18.67,21,82.0,184.13,236.8,2735.0,10801.0,34.0,0,5.5,30.87,54.9,33.35,33.64,33.79,63.16,0.11,0.11,0.11,17.01,0.0,0.0,0.01,2.09,2.71,3.23,10.042,14.236,12.855,12.85,12.855,15.992,0.0,0.0,0.0,244.0,1301.67,2783.0,48.0,129.67,244.0,4,4.0,4,16,16.0,16,4,16,4.77,19.46
128,1,,,,,,,100,66,55,21,42.7,2565,10801,34,0,55.1,59.7;61.1;70.2;70.2;62.3;64.7;83.9;88.4;73.1;76.1;83.0;84.3;50.3;50.1;22.9;25.7;47.7;50.8;16.7;17.1;42.6;48.5;36.2;37.7,33.39,0.11,0.0,2.83,12.855,0.0,1513.0,146.0,4,16,,,,,,,,,,,,,,,,,,,,,,,,,,,,,,,,,,,,,,,,,,,,,,,,,,,,,,,,,,,,,
128,2,,,,,,,100,48,66,19,237.7,2730,10801,34,0,31.7,27.4;25.4;39.4;39.8;28.6;31.4;70.5;73.7;44.4;52.1;68.3;62.4;23.8;23.6;7.1;10.2;22.5;22.3;5.4;6.5;20.1;22.0;16.1;18.4,33.81,0.11,0.0,2.96,12.855,0.0,16455.0,2636.0,4,16,,,,,,,,,,,,,,,,,,,,,,,,,,,,,,,,,,,,,,,,,,,,,,,,,,,,,,,,,,,,,
128,3,,,,,,,98,68,68,16,235.0,2730,10801,34,0,6.5,11.4;2.3;4.0;3.5;0.8;0.6;23.5;25.4;3.8;2.9;38.7;36.1;1.5;0.6;0.0;0.2;0.0;0.2;0.0;0.2;0.2;0.0;0.4;0.0,33.77,0.11,0.0,2.46,12.855,0.0,878.0,195.0,4,16,,,,,,,,,,,,,,,,,,,,,,,,,,,,,,,,,,,,,,,,,,,,,,,,,,,,,,,,,,,,,
128,summary,0.3019312313803331,0.9954662209551222,0.28324007987976074,0.9997777777777778,0.00100000,40.7,,,,,,,,,,,,,,,,,,,,,,98,99.33,100,48,60.67,68,55,63.0,68,16,18.67,21,42.7,171.8,237.7,2675.0,10801.0,34.0,0,6.5,31.1,55.1,33.39,33.66,33.81,63.16,0.11,0.11,0.11,17.01,0.0,0.0,0.0,2.46,2.75,2.96,10.042,14.236,12.855,12.85,12.855,15.992,0.0,0.0,0.0,878.0,6282.0,16455.0,146.0,992.33,2636.0,4,4.0,4,16,16.0,16,4,16,4.85,19.61
129,1,,,,,,,100,45,62,21,66.4,2745,10801,34,0,55.3,60.0;60.6;69.5;70.1;63.4;64.4;83.3;89.3;69.5;74.9;86.8;81.4;52.1;49.6;23.0;26.3;50.1;52.0;15.6;16.1;45.9;49.7;35.1;39.2,33.45,0.11,0.0,2.55,12.855,0.0,14501.0,17236.0,4,16,,,,,,,,,,,,,,,,,,,,,,,,,,,,,,,,,,,,,,,,,,,,,,,,,,,,,,,,,,,,,
129,2,,,,,,,100,87,64,18,235.5,2730,10801,34,0,31.8,28.0;24.7;36.9;44.6;29.7;30.3;74.0;65.1;47.4;48.6;62.3;69.9;24.4;23.8;6.9;9.3;22.5;22.3;5.7;7.2;19.9;21.5;16.1;21.0,33.8,0.11,0.01,2.02,12.855,0.0,634.0,4199.0,4,16,,,,,,,,,,,,,,,,,,,,,,,,,,,,,,,,,,,,,,,,,,,,,,,,,,,,,,,,,,,,,
129,3,,,,,,,100,59,65,15,236.8,2730,10801,35,0,5.9,2.5;0.6;2.3;2.5;0.8;1.0;24.3;25.1;5.4;1.9;39.4;32.2;0.4;0.4;0.0;0.4;0.0;0.2;0.0;0.0;0.2;0.0;1.0;1.9,33.73,0.11,0.0,1.65,12.855,0.0,488.0,0.0,4,16,,,,,,,,,,,,,,,,,,,,,,,,,,,,,,,,,,,,,,,,,,,,,,,,,,,,,,,,,,,,,
129,summary,0.3018161143082122,0.9955368121908788,0.2832419276237488,0.9996666666666667,0.00100000,40.7,,,,,,,,,,,,,,,,,,,,,,100,100.0,100,45,63.67,87,62,63.67,65,15,18.0,21,66.4,179.57,236.8,2735.0,10801.0,34.3,0,5.9,31.0,55.3,33.45,33.66,33.8,63.16,0.11,0.11,0.11,17.01,0.0,0.0,0.01,1.65,2.07,2.55,10.042,14.236,12.855,12.85,12.855,15.992,0.0,0.0,0.0,488.0,5207.67,14501.0,0.0,7145.0,17236.0,4,4.0,4,16,16.0,16,4,16,4.93,19.51
130,1,,,,,,,100,55,62,25,82.0,2745,10801,34,0,54.8,60.1;60.7;70.6;70.4;62.5;64.1;82.6;83.2;68.3;73.6;92.4;83.4;49.0;49.0;24.9;25.0;46.4;50.0;17.9;18.8;44.4;46.2;33.4;38.7,33.44,0.11,0.0,1.54,12.855,0.0,0.0,0.0,4,16,,,,,,,,,,,,,,,,,,,,,,,,,,,,,,,,,,,,,,,,,,,,,,,,,,,,,,,,,,,,,
130,2,,,,,,,98,75,68,19,233.0,2730,10801,34,0,34.8,31.8;29.5;43.1;42.0;32.2;34.7;63.6;82.5;51.2;56.0;67.1;71.1;27.8;29.0;8.2;11.2;26.8;26.8;5.6;6.2;23.3;24.9;16.7;24.3,33.76,0.11,0.0,2.51,12.855,0.0,976.0,4541.0,4,16,,,,,,,,,,,,,,,,,,,,,,,,,,,,,,,,,,,,,,,,,,,,,,,,,,,,,,,,,,,,,
130,3,,,,,,,100,77,66,23,236.3,2730,10801,34,0,6.3,6.1;3.1;3.1;3.1;0.6;0.6;29.5;24.8;3.8;1.9;31.4;41.2;0.4;0.0;0.0;0.0;0.2;0.0;0.0;0.0;0.0;0.0;0.4;1.2,33.73,0.11,0.0,1.38,12.855,0.0,34716.0,279199.0,4,16,,,,,,,,,,,,,,,,,,,,,,,,,,,,,,,,,,,,,,,,,,,,,,,,,,,,,,,,,,,,,
130,summary,0.30167059705664534,0.9956233433830963,0.2832413911819458,0.9997777777777778,0.00100000,40.5,,,,,,,,,,,,,,,,,,,,,,98,99.33,100,55,69.0,77,62,65.33,68,19,22.33,25,82.0,183.77,236.3,2735.0,10801.0,34.0,0,6.3,31.97,54.8,33.44,33.64,33.76,63.16,0.11,0.11,0.11,17.01,0.0,0.0,0.0,1.38,1.81,2.51,10.042,14.236,12.855,12.85,12.855,15.992,0.0,0.0,0.0,0.0,11897.33,34716.0,0.0,94580.0,279199.0,4,4.0,4,16,16.0,16,4,16,4.57,19.47
131,1,,,,,,,100,24,58,22,35.5,2565,10801,34,0,54.6,59.9;56.6;69.6;70.3;63.0;62.9;81.6;79.5;72.6;72.7;87.5;90.4;51.3;49.1;21.9;24.4;51.7;52.9;17.9;17.8;44.2;45.5;30.1;38.8,33.37,0.11,0.0,2.08,12.855,0.0,97.0,390.0,4,16,,,,,,,,,,,,,,,,,,,,,,,,,,,,,,,,,,,,,,,,,,,,,,,,,,,,,,,,,,,,,
131,2,,,,,,,100,47,66,17,237.4,2745,10801,34,0,32.8,29.1;24.5;42.2;40.2;29.3;29.8;70.9;69.9;52.4;54.2;72.5;66.1;23.9;25.2;8.9;9.6;21.9;24.1;5.3;6.4;22.4;23.5;14.5;19.4,33.75,0.11,0.0,2.2,12.855,0.0,0.0,19042.0,4,16,,,,,,,,,,,,,,,,,,,,,,,,,,,,,,,,,,,,,,,,,,,,,,,,,,,,,,,,,,,,,
131,3,,,,,,,100,54,67,22,237.4,2730,10801,34,0,5.8,4.1;0.2;1.5;2.1;0.6;1.0;33.8;23.5;4.1;2.1;30.9;31.4;0.6;0.2;0.2;0.4;0.4;0.0;0.2;0.0;0.4;0.2;0.0;0.8,33.72,0.11,0.0,1.38,12.855,0.0,0.0,214892.0,4,16,,,,,,,,,,,,,,,,,,,,,,,,,,,,,,,,,,,,,,,,,,,,,,,,,,,,,,,,,,,,,
131,summary,0.30219193929407057,0.9954297867689252,0.28322505950927734,0.9996666666666667,0.00100000,40.3,,,,,,,,,,,,,,,,,,,,,,100,100.0,100,24,41.67,54,58,63.67,67,17,20.33,22,35.5,170.1,237.4,2680.0,10801.0,34.0,0,5.8,31.07,54.6,33.37,33.61,33.75,63.16,0.11,0.11,0.11,17.01,0.0,0.0,0.0,1.38,1.89,2.2,10.042,14.236,12.855,12.85,12.855,15.992,0.0,0.0,0.0,0.0,32.33,97.0,390.0,78108.0,214892.0,4,4.0,4,16,16.0,16,4,16,4.75,19.46
132,1,,,,,,,100,26,55,21,35.8,210,5001,34,0,55.6,57.4;59.1;70.5;68.9;65.5;65.4;82.3;85.6;74.3;78.1;83.0;93.6;52.9;52.0;22.3;23.2;51.8;53.5;14.7;16.2;46.5;47.4;30.9;38.9,33.38,0.11,0.0,1.71,12.855,0.0,97.0,97.0,4,16,,,,,,,,,,,,,,,,,,,,,,,,,,,,,,,,,,,,,,,,,,,,,,,,,,,,,,,,,,,,,
132,2,,,,,,,100,47,68,16,237.0,2745,10801,34,0,32.0,28.0;27.0;38.8;37.2;30.5;31.4;71.8;60.0;47.9;53.4;64.7;73.2;26.2;25.2;8.0;8.3;24.0;24.3;4.4;5.8;21.0;22.5;14.8;20.4,33.78,0.11,0.0,3.59,12.855,0.0,48.0,0.0,4,16,,,,,,,,,,,,,,,,,,,,,,,,,,,,,,,,,,,,,,,,,,,,,,,,,,,,,,,,,,,,,
132,3,,,,,,,98,70,68,16,235.4,2745,10801,34,0,5.9,2.9;1.5;2.1;1.0;1.3;1.3;34.3;24.5;4.2;1.3;28.2;34.6;0.4;0.0;0.0;0.2;0.6;1.0;0.2;0.2;0.0;0.6;0.0;0.4,33.74,0.11,0.0,2.03,12.855,0.0,8642.0,9667.0,4,16,,,,,,,,,,,,,,,,,,,,,,,,,,,,,,,,,,,,,,,,,,,,,,,,,,,,,,,,,,,,,
132,summary,0.3013388710716161,0.9957508630347855,0.2832218408584595,0.9996666666666667,0.00100000,40.7,,,,,,,,,,,,,,,,,,,,,,98,99.33,100,26,47.67,70,55,63.67,68,16,17.67,21,35.8,169.4,237.0,1900.0,8867.7,34.0,0,5.9,31.17,55.6,33.38,33.63,33.78,63.16,0.11,0.11,0.11,17.01,0.0,0.0,0.0,1.71,2.44,3.59,10.042,14.236,12.855,12.85,12.855,15.992,0.0,0.0,0.0,48.0,2929.0,8642.0,0.0,3254.67,9667.0,4,4.0,4,16,16.0,16,4,16,5.0,19.45
133,1,,,,,,,100,45,62,21,69.2,2745,10801,34,0,55.5,60.0;56.8;70.5;67.0;63.5;61.8;84.5;86.1;76.0;76.1;82.8;89.5;51.8;50.6;23.6;24.8;49.1;52.9;16.5;18.5;47.2;48.1;32.6;41.4,33.38,0.11,0.0,3.1,12.855,0.0,0.0,97.0,4,16,,,,,,,,,,,,,,,,,,,,,,,,,,,,,,,,,,,,,,,,,,,,,,,,,,,,,,,,,,,,,
133,2,,,,,,,100,90,67,17,236.3,2745,10801,34,0,32.9,29.6;25.3;39.8;45.1;31.9;32.5;60.3;71.3;50.5;54.1;64.3;76.3;24.7;24.7;9.2;10.9;24.3;24.0;5.6;5.8;21.2;22.2;14.8;20.0,33.76,0.11,0.06,3.67,12.855,0.0,146.0,244.0,4,16,,,,,,,,,,,,,,,,,,,,,,,,,,,,,,,,,,,,,,,,,,,,,,,,,,,,,,,,,,,,,
133,3,,,,,,,100,64,68,18,237.4,2730,10801,34,0,6.1,4.9;1.0;2.9;2.1;0.6;1.0;35.5;26.7;2.5;3.1;24.1;37.6;1.3;0.4;0.0;0.0;0.0;0.4;0.0;0.0;0.4;0.0;0.0;0.0,33.73,0.11,0.1,2.64,12.855,0.0,48.0,4248.0,4,16,,,,,,,,,,,,,,,,,,,,,,,,,,,,,,,,,,,,,,,,,,,,,,,,,,,,,,,,,,,,,
133,summary,0.3015779559930985,0.9957508630347855,0.28321918845176697,0.9997777777777778,0.00100000,40.7,,,,,,,,,,,,,,,,,,,,,,100,100.0,100,45,66.33,90,62,65.67,68,17,18.67,21,69.2,180.97,237.4,2740.0,10801.0,34.0,0,6.1,31.5,55.5,33.38,33.62,33.76,63.16,0.11,0.11,0.11,17.01,0.0,0.05,0.1,2.64,3.14,3.67,10.042,14.236,12.855,12.85,12.855,15.992,0.0,0.0,0.0,0.0,64.67,146.0,97.0,1529.67,4248.0,4,4.0,4,16,16.0,16,4,16,4.8,19.58
134,1,,,,,,,100,31,55,20,39.3,390,5001,34,0,55.1,57.7;58.7;70.1;71.4;64.1;65.0;93.0;82.9;73.0;75.9;82.2;83.7;48.4;48.3;23.4;24.9;50.5;51.6;16.5;18.2;43.8;45.2;31.3;42.3,33.39,0.11,0.0,2.83,12.855,0.0,0.0,97.0,4,16,,,,,,,,,,,,,,,,,,,,,,,,,,,,,,,,,,,,,,,,,,,,,,,,,,,,,,,,,,,,,
134,2,,,,,,,100,56,66,23,236.4,2730,10801,34,0,32.2,26.6;26.1;39.3;41.8;30.0;31.4;65.3;69.9;45.8;54.2;65.8;73.0;24.4;24.3;8.8;8.2;24.9;23.5;4.7;6.1;21.8;21.8;13.0;20.6,33.78,0.11,0.0,3.19,12.855,0.0,1318.0,3515.0,4,16,,,,,,,,,,,,,,,,,,,,,,,,,,,,,,,,,,,,,,,,,,,,,,,,,,,,,,,,,,,,,
134,3,,,,,,,98,71,68,18,234.5,2730,10801,34,0,6.3,4.3;2.9;1.9;3.8;1.0;2.1;29.2;40.0;3.5;4.0;29.1;27.9;0.2;0.2;0.0;0.0;0.0;0.2;0.0;0.0;0.4;0.2;0.0;0.2,33.75,0.11,0.0,2.06,12.855,0.0,2929.0,322265.0,4,16,,,,,,,,,,,,,,,,,,,,,,,,,,,,,,,,,,,,,,,,,,,,,,,,,,,,,,,,,,,,,
134,summary,0.3017796946405595,0.9954707752283968,0.28321656584739685,0.9997777777777778,0.00100000,40.8,,,,,,,,,,,,,,,,,,,,,,98,99.33,100,31,52.67,71,55,63.0,68,18,20.33,23,39.3,170.07,236.4,1950.0,8867.7,34.0,0,6.3,31.2,55.1,33.39,33.64,33.78,63.16,0.11,0.11,0.11,17.01,0.0,0.0,0.0,2.06,2.69,3.19,10.042,14.236,12.855,12.85,12.855,15.992,0.0,0.0,0.0,0.0,1415.67,2929.0,97.0,108625.67,322265.0,4,4.0,4,16,16.0,16,4,16,4.75,19.58
135,1,,,,,,,100,71,62,21,49.4,2565,10801,34,0,54.6,57.6;57.2;70.7;69.2;64.0;63.4;85.0;91.4;72.9;75.7;81.5;81.1;50.6;48.8;22.5;24.2;50.2;52.6;16.9;18.4;43.4;45.7;30.0;38.3,33.41,0.11,0.0,2.8,12.855,0.0,48.0,0.0,4,16,,,,,,,,,,,,,,,,,,,,,,,,,,,,,,,,,,,,,,,,,,,,,,,,,,,,,,,,,,,,,
135,2,,,,,,,100,56,68,17,236.2,2730,10801,34,0,32.6,29.7;25.8;42.3;41.9;30.6;30.7;74.4;67.4;46.6;52.1;67.6;66.0;25.2;23.9;10.5;11.2;22.7;23.6;6.9;6.8;20.4;22.0;14.5;19.7,33.76,0.11,0.0,3.21,12.855,0.0,0.0,390.0,4,16,,,,,,,,,,,,,,,,,,,,,,,,,,,,,,,,,,,,,,,,,,,,,,,,,,,,,,,,,,,,,
135,3,,,,,,,100,56,66,17,237.4,2745,10801,34,0,5.8,5.3;1.3;1.0;1.5;0.4;0.4;29.6;35.0;1.3;3.1;31.8;27.7;0.0;0.0;0.4;0.0;0.0;0.0;0.0;0.0;0.4;0.0;0.0;0.0,33.75,0.11,0.0,2.06,12.855,0.0,1123.0,0.0,4,16,,,,,,,,,,,,,,,,,,,,,,,,,,,,,,,,,,,,,,,,,,,,,,,,,,,,,,,,,,,,,
135,summary,0.30115805169456017,0.9958373942270032,0.283224880695343,0.9997777777777778,0.00100000,40.5,,,,,,,,,,,,,,,,,,,,,,100,100.0,100,56,61.0,71,62,65.33,68,17,18.33,21,49.4,174.33,237.4,2680.0,10801.0,34.0,0,5.8,31.0,54.6,33.41,33.64,33.76,63.16,0.11,0.11,0.11,17.01,0.0,0.0,0.0,2.06,2.69,3.21,10.042,14.236,12.855,12.85,12.855,15.992,0.0,0.0,0.0,0.0,390.33,1123.0,0.0,130.0,390.0,4,4.0,4,16,16.0,16,4,16,4.82,19.45
136,1,,,,,,,100,63,61,20,82.9,2745,10801,34,0,55.5,58.5;59.1;70.7;71.9;65.4;67.5;83.7;90.8;73.0;74.9;83.8;84.8;51.3;51.8;21.2;23.2;49.7;53.3;16.9;17.9;44.9;46.3;32.6;39.4,33.34,0.11,0.0,2.56,12.855,0.0,244.0,48.0,4,16,,,,,,,,,,,,,,,,,,,,,,,,,,,,,,,,,,,,,,,,,,,,,,,,,,,,,,,,,,,,,
136,2,,,,,,,100,88,66,18,235.6,2730,10801,34,0,32.0,24.5;25.4;39.3;41.6;27.4;32.3;68.2;71.8;47.2;52.3;68.2;67.4;24.0;22.7;9.3;10.1;23.5;23.6;6.1;7.0;21.9;20.2;13.0;19.3,33.76,0.11,0.0,2.18,12.855,0.0,1416.0,390.0,4,16,,,,,,,,,,,,,,,,,,,,,,,,,,,,,,,,,,,,,,,,,,,,,,,,,,,,,,,,,,,,,
136,3,,,,,,,100,78,67,20,235.6,2730,10801,34,0,5.8,4.5;1.0;1.7;1.5;0.6;0.4;18.0;27.1;3.3;3.8;41.2;34.4;0.0;1.0;0.0;0.0;0.2;0.0;0.0;0.0;0.0;0.0;0.0;0.0,33.75,0.11,0.0,1.4,12.855,0.0,0.0,0.0,4,16,,,,,,,,,,,,,,,,,,,,,,,,,,,,,,,,,,,,,,,,,,,,,,,,,,,,,,,,,,,,,
136,summary,0.3014611703842634,0.9956370062029202,0.28321409225463867,0.9997777777777778,0.00100000,40.5,,,,,,,,,,,,,,,,,,,,,,100,100.0,100,63,76.33,88,61,64.67,67,18,19.33,20,82.9,184.7,235.6,2735.0,10801.0,34.0,0,5.8,31.1,55.5,33.34,33.62,33.76,63.16,0.11,0.11,0.11,17.01,0.0,0.0,0.0,1.4,2.05,2.56,10.042,14.236,12.855,12.85,12.855,15.992,0.0,0.0,0.0,0.0,553.33,1416.0,0.0,146.0,390.0,4,4.0,4,16,16.0,16,4,16,4.94,19.51
137,1,,,,,,,100,46,62,23,66.7,2745,10801,34,0,55.9,61.1;61.6;70.5;71.3;62.9;63.9;86.0;82.5;72.7;77.9;90.1;83.9;52.2;52.4;21.9;24.9;51.1;50.7;17.7;19.9;43.3;43.4;35.6;43.2,33.39,0.11,0.0,1.72,12.855,0.0,244.0,0.0,4,16,,,,,,,,,,,,,,,,,,,,,,,,,,,,,,,,,,,,,,,,,,,,,,,,,,,,,,,,,,,,,
137,2,,,,,,,100,77,66,19,232.6,2730,10801,34,0,31.9,29.3;25.1;38.4;42.1;30.4;30.5;61.6;71.8;46.2;51.6;69.5;68.1;22.8;23.2;9.8;10.1;23.3;22.8;5.4;7.7;21.5;20.6;13.9;18.9,33.72,0.11,0.0,3.55,12.855,0.0,1123.0,97.0,4,16,,,,,,,,,,,,,,,,,,,,,,,,,,,,,,,,,,,,,,,,,,,,,,,,,,,,,,,,,,,,,
137,3,,,,,,,100,83,66,22,236.0,2730,10801,34,0,5.9,9.2;1.4;0.8;1.5;0.6;0.6;29.7;32.8;1.2;3.5;33.7;25.3;0.4;0.0;0.0;0.0;0.0;0.0;0.0;0.0;0.0;0.2;0.0;0.2,33.71,0.11,0.0,2.07,12.855,0.0,2099.0,302783.0,4,16,,,,,,,,,,,,,,,,,,,,,,,,,,,,,,,,,,,,,,,,,,,,,,,,,,,,,,,,,,,,,
137,summary,0.3015753396267836,0.9956301747930083,0.28320837020874023,0.9997777777777778,0.00100000,40.7,,,,,,,,,,,,,,,,,,,,,,100,100.0,100,46,68.67,83,62,64.67,66,19,21.33,23,66.7,178.43,236.0,2735.0,10801.0,34.0,0,5.9,31.23,55.9,33.39,33.61,33.72,63.16,0.11,0.11,0.11,17.01,0.0,0.0,0.0,1.72,2.45,3.55,10.042,14.236,12.855,12.85,12.855,15.992,0.0,0.0,0.0,244.0,1155.33,2099.0,0.0,100960.0,302783.0,4,4.0,4,16,16.0,16,4,16,4.82,19.56
138,1,,,,,,,100,29,55,21,37.1,210,5001,34,0,55.5,61.4;60.7;69.5;70.9;63.8;65.0;82.4;84.3;73.5;75.5;88.3;84.6;50.1;49.5;23.1;25.3;50.3;52.5;17.2;19.1;45.4;45.3;34.2;39.5,33.35,0.11,0.0,3.12,12.855,0.0,390.0,3369.0,4,16,,,,,,,,,,,,,,,,,,,,,,,,,,,,,,,,,,,,,,,,,,,,,,,,,,,,,,,,,,,,,
138,2,,,,,,,100,47,68,17,237.1,2730,10801,34,0,32.0,26.8;26.6;40.8;39.7;28.0;30.0;69.9;65.2;45.6;49.6;68.7;72.8;24.7;23.1;9.6;9.8;22.4;23.6;4.7;7.5;21.4;20.6;16.6;20.3,33.75,0.11,0.0,3.22,12.855,0.0,1269.0,195.0,4,16,,,,,,,,,,,,,,,,,,,,,,,,,,,,,,,,,,,,,,,,,,,,,,,,,,,,,,,,,,,,,
138,3,,,,,,,100,60,67,18,234.9,2730,10801,34,0,5.4,3.3;0.0;1.0;0.2;0.2;0.2;32.9;23.8;2.7;1.0;23.1;40.2;0.2;0.0;0.0;0.0;0.0;0.0;0.0;0.0;0.0;0.0;0.0;0.0,33.76,0.11,0.0,2.07,12.855,0.0,48.0,0.0,4,16,,,,,,,,,,,,,,,,,,,,,,,,,,,,,,,,,,,,,,,,,,,,,,,,,,,,,,,,,,,,,
138,summary,0.3013075852186277,0.9956962117554902,0.283221036195755,0.9997777777777778,0.00100000,40.9,,,,,,,,,,,,,,,,,,,,,,100,100.0,100,29,45.33,60,55,63.33,68,17,18.67,21,37.1,169.7,237.1,1890.0,8867.7,34.0,0,5.4,30.97,55.5,33.35,33.62,33.76,63.16,0.11,0.11,0.11,17.01,0.0,0.0,0.0,2.07,2.8,3.22,10.042,14.236,12.855,12.85,12.855,15.992,0.0,0.0,0.0,48.0,569.0,1269.0,0.0,1188.0,3369.0,4,4.0,4,16,16.0,16,4,16,4.87,19.51
139,1,,,,,,,100,43,61,22,66.5,2745,10801,34,0,54.4,59.3;59.4;70.8;69.4;61.1;62.0;81.7;82.6;73.7;75.5;84.0;90.4;49.9;49.3;21.5;24.1;49.6;50.2;17.5;18.0;41.6;45.5;31.8;37.2,33.32,0.11,0.0,2.53,12.855,0.0,390.0,97.0,4,16,,,,,,,,,,,,,,,,,,,,,,,,,,,,,,,,,,,,,,,,,,,,,,,,,,,,,,,,,,,,,
139,2,,,,,,,100,89,67,16,235.2,2730,10801,34,0,33.2,29.4;26.9;41.6;46.4;28.7;29.4;77.2;62.1;51.3;52.9;73.6;66.8;26.2;24.7;8.4;10.4;23.1;24.5;6.8;6.5;20.7;22.8;16.4;19.9,33.74,0.11,0.0,2.18,12.855,0.0,195.0,390.0,4,16,,,,,,,,,,,,,,,,,,,,,,,,,,,,,,,,,,,,,,,,,,,,,,,,,,,,,,,,,,,,,
139,3,,,,,,,100,67,67,17,236.2,2730,10801,34,0,6.0,4.1;1.5;2.7;2.1;0.4;1.2;54.0;17.5;5.4;2.7;26.0;26.5;0.2;0.2;0.0;0.0;0.0;0.0;0.0;0.0;0.0;0.0;0.0;0.0,33.75,0.11,0.0,1.37,12.855,0.0,0.0,146.0,4,16,,,,,,,,,,,,,,,,,,,,,,,,,,,,,,,,,,,,,,,,,,,,,,,,,,,,,,,,,,,,,
139,summary,0.30159758512238705,0.9955778006503502,0.2832080125808716,0.9997777777777778,0.00100000,40.3,,,,,,,,,,,,,,,,,,,,,,100,100.0,100,43,66.33,89,61,65.0,67,16,18.33,22,66.5,179.3,236.2,2735.0,10801.0,34.0,0,6.0,31.2,54.4,33.32,33.6,33.75,63.16,0.11,0.11,0.11,17.01,0.0,0.0,0.0,1.37,2.03,2.53,10.042,14.236,12.855,12.85,12.855,15.992,0.0,0.0,0.0,0.0,195.0,390.0,97.0,211.0,390.0,4,4.0,4,16,16.0,16,4,16,4.65,19.54
140,1,,,,,,,100,63,62,22,84.2,2745,10801,34,0,56.6,62.1;60.2;72.2;70.5;65.3;63.8;86.7;89.7;74.9;77.5;85.7;89.2;53.0;51.0;23.8;26.6;51.4;52.0;17.0;17.6;45.3;50.1;34.1;37.9,33.36,0.11,0.01,2.57,12.855,0.0,244.0,0.0,4,16,,,,,,,,,,,,,,,,,,,,,,,,,,,,,,,,,,,,,,,,,,,,,,,,,,,,,,,,,,,,,
140,2,,,,,,,98,76,65,19,232.8,2730,10801,34,0,33.8,29.9;31.2;40.4;42.2;29.5;33.5;62.6;73.4;50.9;56.8;66.6;76.9;26.4;26.4;9.8;9.6;24.9;25.7;5.5;6.2;21.6;25.3;15.8;19.8,33.8,0.11,0.0,2.96,12.855,0.0,2539.0,195.0,4,16,,,,,,,,,,,,,,,,,,,,,,,,,,,,,,,,,,,,,,,,,,,,,,,,,,,,,,,,,,,,,
140,3,,,,,,,100,65,65,23,236.5,2730,10801,34,0,6.7,5.6;3.1;4.2;3.8;1.7;0.4;40.8;35.3;3.1;3.1;23.1;31.9;0.4;0.2;0.2;0.2;0.0;0.0;0.2;0.2;0.6;1.5;0.2;0.4,33.79,0.11,0.0,2.42,12.855,0.0,634.0,195.0,4,16,,,,,,,,,,,,,,,,,,,,,,,,,,,,,,,,,,,,,,,,,,,,,,,,,,,,,,,,,,,,,
140,summary,0.30118218675002373,0.9957144288485886,0.28321170806884766,0.9997777777777778,0.00100000,40.6,,,,,,,,,,,,,,,,,,,,,,98,99.33,100,63,68.0,76,62,64.0,65,19,21.33,23,84.2,184.5,236.5,2735.0,10801.0,34.0,0,6.7,32.37,56.6,33.36,33.65,33.8,63.16,0.11,0.11,0.11,17.01,0.0,0.0,0.01,2.42,2.65,2.96,10.042,14.236,12.855,12.85,12.855,15.992,0.0,0.0,0.0,244.0,1139.0,2539.0,0.0,130.0,195.0,4,4.0,4,16,16.0,16,4,16,4.74,19.52
141,1,,,,,,,100,27,58,22,39.5,2565,10801,34,0,54.8,59.8;60.3;71.6;68.6;61.9;62.0;90.1;83.0;73.0;76.5;85.6;82.7;49.9;50.9;22.3;24.5;48.0;51.4;16.6;18.2;43.3;44.6;33.6;37.9,33.38,0.11,0.0,2.88,12.855,0.0,1562.0,48.0,4,16,,,,,,,,,,,,,,,,,,,,,,,,,,,,,,,,,,,,,,,,,,,,,,,,,,,,,,,,,,,,,
141,2,,,,,,,100,52,68,17,237.7,2730,10801,34,0,32.1,27.9;26.4;41.3;41.9;27.4;28.8;66.1;69.9;48.1;52.4;68.8;72.7;24.4;23.5;7.9;10.4;22.7;23.5;6.7;5.9;17.9;21.6;14.7;18.9,33.79,0.11,0.01,2.06,12.855,0.0,195.0,195.0,4,16,,,,,,,,,,,,,,,,,,,,,,,,,,,,,,,,,,,,,,,,,,,,,,,,,,,,,,,,,,,,,
141,3,,,,,,,98,76,68,19,233.9,2730,10801,34,0,5.7,4.8;0.6;1.2;0.8;0.2;0.2;34.3;29.6;3.9;1.9;29.8;27.5;0.0;0.4;0.0;0.0;0.0;0.0;0.2;0.2;0.4;0.0;0.0;0.0,33.79,0.11,0.0,1.65,12.855,0.0,341.0,44287.0,4,16,,,,,,,,,,,,,,,,,,,,,,,,,,,,,,,,,,,,,,,,,,,,,,,,,,,,,,,,,,,,,
141,summary,0.3013305511015697,0.9956825489356663,0.2832106351852417,0.9997777777777778,0.00100000,40.9,,,,,,,,,,,,,,,,,,,,,,98,99.33,100,27,51.67,76,58,64.67,68,17,19.33,22,39.5,170.37,237.7,2675.0,10801.0,34.0,0,5.7,30.87,54.8,33.38,33.65,33.79,63.16,0.11,0.11,0.11,17.01,0.0,0.0,0.01,1.65,2.2,2.88,10.042,14.236,12.855,12.85,12.855,15.992,0.0,0.0,0.0,195.0,699.33,1562.0,48.0,14843.33,44287.0,4,4.0,4,16,16.0,16,4,16,4.85,19.55
142,1,,,,,,,100,66,62,21,85.2,2745,10801,34,0,55.6,62.6;61.0;72.5;69.7;62.6;62.7;85.7;90.8;76.6;77.2;84.0;82.6;52.4;52.2;22.2;24.3;49.4;51.6;15.5;17.0;42.6;46.7;35.5;37.0,33.58,0.11,0.01,2.13,12.855,0.0,244.0,0.0,4,16,,,,,,,,,,,,,,,,,,,,,,,,,,,,,,,,,,,,,,,,,,,,,,,,,,,,,,,,,,,,,
142,2,,,,,,,98,74,66,18,233.4,2730,10801,34,0,31.5,24.9;25.8;41.3;41.6;29.4;29.6;72.1;68.1;46.2;51.7;69.9;62.3;23.4;22.4;8.4;9.3;20.9;21.6;6.4;7.4;18.7;20.7;16.0;17.6,33.84,0.11,0.0,2.19,12.855,0.0,0.0,830.0,4,16,,,,,,,,,,,,,,,,,,,,,,,,,,,,,,,,,,,,,,,,,,,,,,,,,,,,,,,,,,,,,
142,3,,,,,,,100,79,66,15,236.0,2730,10801,34,0,5.8,5.7;0.2;1.5;1.3;0.2;0.2;14.4;40.6;3.8;0.6;31.0;37.6;0.2;0.2;0.2;0.2;0.0;0.0;0.0;0.0;0.0;0.0;0.0;0.0,33.82,0.11,0.0,1.41,12.855,0.0,488.0,0.0,4,16,,,,,,,,,,,,,,,,,,,,,,,,,,,,,,,,,,,,,,,,,,,,,,,,,,,,,,,,,,,,,
142,summary,0.3007209916336402,0.9960263965678997,0.28321385383605957,0.9997777777777778,0.00100000,40.8,,,,,,,,,,,,,,,,,,,,,,98,99.33,100,66,73.0,79,62,64.67,66,15,18.0,21,85.2,184.87,236.0,2735.0,10801.0,34.0,0,5.8,30.97,55.6,33.58,33.75,33.84,63.16,0.11,0.11,0.11,17.01,0.0,0.0,0.01,1.41,1.91,2.19,10.042,14.236,12.855,12.85,12.855,15.992,0.0,0.0,0.0,0.0,244.0,488.0,0.0,276.67,830.0,4,4.0,4,16,16.0,16,4,16,4.93,19.57
143,1,,,,,,,100,46,64,24,64.7,2745,10801,34,0,55.0,60.0;61.1;68.2;72.2;65.9;65.9;80.3;91.8;68.0;75.1;84.7;82.4;49.2;50.7;21.3;23.2;49.2;52.5;17.4;17.6;43.5;46.7;34.1;39.3,33.5,0.11,0.0,1.54,12.855,0.0,3564.0,146.0,4,16,,,,,,,,,,,,,,,,,,,,,,,,,,,,,,,,,,,,,,,,,,,,,,,,,,,,,,,,,,,,,
143,2,,,,,,,100,78,66,19,232.8,2745,10801,34,0,33.5,30.1;26.7;38.4;41.4;33.9;33.9;67.8;73.5;47.3;51.0;69.5;68.2;25.7;25.1;8.8;10.9;25.0;25.3;7.4;8.3;21.2;23.8;17.7;21.2,33.79,0.11,0.0,2.53,12.855,0.0,488.0,97.0,4,16,,,,,,,,,,,,,,,,,,,,,,,,,,,,,,,,,,,,,,,,,,,,,,,,,,,,,,,,,,,,,
143,3,,,,,,,100,88,65,23,236.9,2730,10801,34,0,5.9,1.7;0.8;2.9;2.3;0.2;0.6;32.0;23.9;4.0;5.0;27.8;38.4;0.8;0.4;0.0;0.0;0.2;0.2;0.0;0.0;0.0;0.0;0.0;0.0,33.79,0.11,0.0,1.37,12.855,0.0,1562.0,97.0,4,16,,,,,,,,,,,,,,,,,,,,,,,,,,,,,,,,,,,,,,,,,,,,,,,,,,,,,,,,,,,,,
143,summary,0.3010342502416571,0.9958442256369151,0.28320634365081787,0.9997777777777778,0.00100000,40.5,,,,,,,,,,,,,,,,,,,,,,100,100.0,100,46,70.67,88,64,65.0,66,19,22.0,24,64.7,178.13,236.9,2740.0,10801.0,34.0,0,5.9,31.47,55.0,33.5,33.69,33.79,63.16,0.11,0.11,0.11,17.01,0.0,0.0,0.0,1.37,1.81,2.53,10.042,14.236,12.855,12.85,12.855,15.992,0.0,0.0,0.0,488.0,1871.33,3564.0,97.0,113.33,146.0,4,4.0,4,16,16.0,16,4,16,4.72,19.48
144,1,,,,,,,100,28,55,22,38.5,210,5001,34,0,55.0,59.8;58.1;68.5;68.4;65.0;64.5;83.6;80.3;71.9;72.7;94.6;81.1;48.8;49.2;23.3;24.6;49.0;50.5;19.3;18.2;43.6;47.3;35.1;41.4,33.43,0.11,0.01,2.37,12.855,0.0,1367.0,0.0,4,16,,,,,,,,,,,,,,,,,,,,,,,,,,,,,,,,,,,,,,,,,,,,,,,,,,,,,,,,,,,,,
144,2,,,,,,,100,47,68,17,237.4,2730,10801,34,0,32.1,29.9;25.5;40.7;42.2;28.9;30.7;63.0;77.4;47.0;49.7;66.8;68.4;23.6;23.2;8.2;11.7;21.5;22.9;6.1;6.6;19.5;20.9;15.6;18.7,33.81,0.11,0.0,3.22,12.855,0.0,146.0,97.0,4,16,,,,,,,,,,,,,,,,,,,,,,,,,,,,,,,,,,,,,,,,,,,,,,,,,,,,,,,,,,,,,
144,3,,,,,,,100,63,68,18,236.1,2730,10801,34,0,5.8,4.8;0.8;0.4;0.8;0.6;0.4;13.2;31.9;1.9;2.5;31.0;48.8;0.0;0.2;0.0;0.4;0.0;0.4;0.2;0.0;0.4;0.2;0.0;0.6,33.79,0.11,0.0,2.04,12.855,0.0,781.0,341.0,4,16,,,,,,,,,,,,,,,,,,,,,,,,,,,,,,,,,,,,,,,,,,,,,,,,,,,,,,,,,,,,,
144,summary,0.3007531900470577,0.9958988769162105,0.28319990634918213,0.9997777777777778,0.00100000,40.9,,,,,,,,,,,,,,,,,,,,,,100,100.0,100,28,46.0,63,55,63.67,68,17,19.0,22,38.5,170.67,237.4,1890.0,8867.7,34.0,0,5.8,30.97,55.0,33.43,33.68,33.81,63.16,0.11,0.11,0.11,17.01,0.0,0.0,0.01,2.04,2.54,3.22,10.042,14.236,12.855,12.85,12.855,15.992,0.0,0.0,0.0,146.0,764.67,1367.0,0.0,146.0,341.0,4,4.0,4,16,16.0,16,4,16,4.85,19.54
145,1,,,,,,,100,27,55,21,40.0,2565,10801,34,0,54.9,60.3;59.4;68.0;72.1;64.5;65.4;85.9;85.6;68.9;76.1;85.7;83.4;50.7;50.6;21.4;23.8;49.5;51.3;17.1;17.7;39.5;46.9;34.3;38.4,33.46,0.11,0.04,2.87,12.855,0.0,244.0,0.0,4,16,,,,,,,,,,,,,,,,,,,,,,,,,,,,,,,,,,,,,,,,,,,,,,,,,,,,,,,,,,,,,
145,2,,,,,,,100,44,69,17,237.1,2730,10801,34,0,31.9,29.1;27.0;43.4;38.6;31.2;31.8;68.7;65.7;45.6;49.1;71.1;64.1;23.6;23.7;8.0;9.8;22.5;22.1;5.7;6.9;19.0;22.8;15.4;20.6,33.83,0.11,0.0,3.23,12.855,0.0,634.0,292.0,4,16,,,,,,,,,,,,,,,,,,,,,,,,,,,,,,,,,,,,,,,,,,,,,,,,,,,,,,,,,,,,,
145,3,,,,,,,100,52,68,19,235.9,2730,10801,35,0,5.6,3.7;0.6;1.7;1.7;0.6;0.4;31.9;19.2;1.3;2.1;32.6;38.0;0.2;0.4;0.0;0.0;0.2;0.0;0.2;0.0;0.0;0.2;0.0;0.0,33.81,0.11,0.0,2.05,12.855,0.0,24511.0,2636.0,4,16,,,,,,,,,,,,,,,,,,,,,,,,,,,,,,,,,,,,,,,,,,,,,,,,,,,,,,,,,,,,,
145,summary,0.3006966799429469,0.9958897683696613,0.2831985056400299,0.9997777777777778,0.00100000,40.7,,,,,,,,,,,,,,,,,,,,,,100,100.0,100,27,41.0,52,55,64.0,69,17,19.0,21,40.0,171.0,237.1,2675.0,10801.0,34.3,0,5.6,30.8,54.9,33.46,33.7,33.83,63.16,0.11,0.11,0.11,17.01,0.0,0.01,0.04,2.05,2.72,3.23,10.042,14.236,12.855,12.85,12.855,15.992,0.0,0.0,0.0,244.0,8463.0,24511.0,0.0,976.0,2636.0,4,4.0,4,16,16.0,16,4,16,4.79,19.58
146,1,,,,,,,100,44,62,19,67.2,2745,10801,34,0,55.1,60.4;59.6;67.5;70.8;65.4;64.8;85.7;88.3;70.9;73.3;83.1;84.6;50.9;49.8;21.1;25.6;49.1;51.3;17.5;17.4;43.4;47.2;34.3;39.7,33.45,0.11,0.01,2.83,12.855,0.0,244.0,0.0,4,16,,,,,,,,,,,,,,,,,,,,,,,,,,,,,,,,,,,,,,,,,,,,,,,,,,,,,,,,,,,,,
146,2,,,,,,,100,89,65,22,236.4,2730,10801,34,0,32.0,33.5;26.7;42.1;37.5;29.6;30.0;66.8;70.6;49.7;50.7;74.5;61.0;22.2;22.6;7.8;8.5;22.8;22.4;5.8;6.4;21.5;22.8;13.9;19.2,33.82,0.11,0.0,3.25,12.855,0.0,0.0,537.0,4,16,,,,,,,,,,,,,,,,,,,,,,,,,,,,,,,,,,,,,,,,,,,,,,,,,,,,,,,,,,,,,
146,3,,,,,,,100,61,66,15,238.1,2730,10801,34,0,6.0,3.5;1.9;1.5;1.0;0.6;0.8;32.8;39.1;3.6;1.7;23.2;30.2;0.0;0.0;0.4;0.0;0.0;0.2;0.2;0.0;0.8;0.8;0.0;0.0,33.81,0.11,0.02,2.17,12.855,0.0,878.0,97.0,4,16,,,,,,,,,,,,,,,,,,,,,,,,,,,,,,,,,,,,,,,,,,,,,,,,,,,,,,,,,,,,,
146,summary,0.30022428131739154,0.99599223951834,0.28319528698921204,0.9997777777777778,0.00100000,40.5,,,,,,,,,,,,,,,,,,,,,,100,100.0,100,44,64.67,89,62,64.33,66,15,18.67,22,67.2,180.57,238.1,2735.0,10801.0,34.0,0,6.0,31.03,55.1,33.45,33.69,33.82,63.16,0.11,0.11,0.11,17.01,0.0,0.01,0.02,2.17,2.75,3.25,10.042,14.236,12.855,12.85,12.855,15.992,0.0,0.0,0.0,0.0,374.0,878.0,0.0,211.33,537.0,4,4.0,4,16,16.0,16,4,16,4.85,19.55
147,1,,,,,,,100,56,62,19,56.1,2565,10801,34,0,56.0,60.7;60.8;69.9;72.8;65.3;66.0;91.8;83.8;69.2;74.9;81.7;87.0;52.0;52.4;22.0;24.1;52.7;55.3;16.0;17.1;44.8;50.2;33.0;41.0,33.4,0.11,0.0,2.87,12.855,0.0,341.0,4003.0,4,16,,,,,,,,,,,,,,,,,,,,,,,,,,,,,,,,,,,,,,,,,,,,,,,,,,,,,,,,,,,,,
147,2,,,,,,,100,77,66,20,236.3,2745,10801,34,0,31.9,27.2;27.4;43.3;39.7;27.5;30.1;58.4;76.3;43.4;51.7;64.9;73.0;24.1;23.9;9.0;10.4;23.2;22.0;6.0;7.0;19.1;21.7;16.5;20.4,33.81,0.11,0.01,2.95,12.855,0.0,97.0,0.0,4,16,,,,,,,,,,,,,,,,,,,,,,,,,,,,,,,,,,,,,,,,,,,,,,,,,,,,,,,,,,,,,
147,3,,,,,,,100,74,66,18,237.7,2730,10801,35,0,6.4,5.4;1.9;2.7;3.3;1.3;2.1;34.4;27.8;3.6;3.2;31.0;34.9;0.8;0.2;0.0;0.0;0.2;0.2;0.0;0.0;0.0;0.2;0.0;0.0,33.8,0.11,0.0,2.48,12.855,0.0,0.0,390.0,4,16,,,,,,,,,,,,,,,,,,,,,,,,,,,,,,,,,,,,,,,,,,,,,,,,,,,,,,,,,,,,,
147,summary,0.30049112206436485,0.9959512510588685,0.2831941545009613,0.9997777777777778,0.00100000,40.7,,,,,,,,,,,,,,,,,,,,,,100,100.0,100,56,69.0,77,62,64.67,66,18,19.0,20,56.1,176.7,237.7,2680.0,10801.0,34.3,0,6.4,31.43,56.0,33.4,33.67,33.81,63.16,0.11,0.11,0.11,17.01,0.0,0.0,0.01,2.48,2.77,2.95,10.042,14.236,12.855,12.85,12.855,15.992,0.0,0.0,0.0,0.0,146.0,341.0,0.0,1464.33,4003.0,4,4.0,4,16,16.0,16,4,16,4.77,19.58
148,1,,,,,,,100,24,57,21,38.5,2565,10801,34,0,55.0,59.7;58.6;67.5;72.6;62.9;64.5;89.3;84.9;68.9;72.9;85.3;80.8;50.3;51.1;24.3;26.7;48.7;49.7;17.8;18.3;45.1;47.5;33.2;40.6,33.42,0.11,0.0,2.91,12.855,0.0,244.0,390.0,4,16,,,,,,,,,,,,,,,,,,,,,,,,,,,,,,,,,,,,,,,,,,,,,,,,,,,,,,,,,,,,,
148,2,,,,,,,100,45,66,18,236.9,2730,10801,34,0,34.0,32.0;29.1;45.1;41.2;33.9;32.0;70.0;63.6;49.3;54.6;74.1;70.3;26.1;25.4;8.1;12.4;24.7;24.5;7.7;7.3;20.9;24.4;16.8;22.4,33.82,0.11,0.01,3.58,12.855,0.0,0.0,6689.0,4,16,,,,,,,,,,,,,,,,,,,,,,,,,,,,,,,,,,,,,,,,,,,,,,,,,,,,,,,,,,,,,
148,3,,,,,,,100,54,67,17,235.0,2730,10801,34,0,5.8,3.7;0.6;1.3;1.3;0.6;0.8;32.4;32.3;2.7;3.3;27.0;31.2;0.4;0.4;0.0;0.0;0.0;0.0;0.0;0.0;0.0;0.0;0.2;0.2,33.79,0.11,0.0,2.46,12.855,0.0,878.0,40429.0,4,16,,,,,,,,,,,,,,,,,,,,,,,,,,,,,,,,,,,,,,,,,,,,,,,,,,,,,,,,,,,,,
148,summary,0.30053911576402487,0.995939865375682,0.28318148851394653,0.9997777777777778,0.00100000,40.5,,,,,,,,,,,,,,,,,,,,,,100,100.0,100,24,41.0,54,57,63.33,67,17,18.67,21,38.5,170.13,236.9,2675.0,10801.0,34.0,0,5.8,31.6,55.0,33.42,33.68,33.82,63.16,0.11,0.11,0.11,17.01,0.0,0.0,0.01,2.46,2.98,3.58,10.042,14.236,12.855,12.85,12.855,15.992,0.0,0.0,0.0,0.0,374.0,878.0,390.0,15836.0,40429.0,4,4.0,4,16,16.0,16,4,16,4.67,19.52
149,1,,,,,,,100,44,62,25,66.5,2745,10801,34,0,55.2,59.9;60.3;71.5;67.5;64.0;63.5;87.1;92.0;71.2;73.6;79.0;84.8;49.4;50.7;22.9;25.4;47.8;51.7;18.6;19.0;44.4;49.7;35.6;34.6,33.45,0.11,0.0,2.83,12.867,0.0,488.0,0.0,4,16,,,,,,,,,,,,,,,,,,,,,,,,,,,,,,,,,,,,,,,,,,,,,,,,,,,,,,,,,,,,,
149,2,,,,,,,100,84,65,16,235.6,2745,10801,34,0,32.2,26.5;26.4;39.0;44.1;28.5;29.6;75.4;67.2;45.6;50.1;71.8;66.5;23.8;22.3;9.9;9.1;22.4;22.8;6.3;5.7;20.8;21.3;15.3;20.1,33.84,0.11,0.0,3.01,12.855,0.0,1367.0,0.0,4,16,,,,,,,,,,,,,,,,,,,,,,,,,,,,,,,,,,,,,,,,,,,,,,,,,,,,,,,,,,,,,
149,3,,,,,,,100,90,68,18,236.4,2745,10801,34,0,5.8,2.9;0.4;1.7;1.5;0.8;0.4;17.8;39.5;2.7;2.9;37.9;28.8;0.6;0.2;0.0;0.0;0.0;0.0;0.4;0.2;0.0;0.2;0.4;0.0,33.81,0.11,0.0,2.48,12.855,0.0,244.0,0.0,4,16,,,,,,,,,,,,,,,,,,,,,,,,,,,,,,,,,,,,,,,,,,,,,,,,,,,,,,,,,,,,,
149,summary,0.3004148071162425,0.995969468151967,0.28317931294441223,0.9997777777777778,0.00100000,40.6,,,,,,,,,,,,,,,,,,,,,,100,100.0,100,44,72.67,90,62,65.0,68,16,19.67,25,66.5,179.5,236.4,2745.0,10801.0,34.0,0,5.8,31.07,55.2,33.45,33.7,33.84,63.16,0.11,0.11,0.11,17.01,0.0,0.0,0.0,2.48,2.77,3.01,10.042,14.236,12.855,12.86,12.867,15.992,0.0,0.0,0.0,244.0,699.67,1367.0,0.0,0.0,0.0,4,4.0,4,16,16.0,16,4,16,4.79,19.54
150,1,,,,,,,100,44,62,23,67.0,2565,10801,34,0,55.0,59.0;56.3;69.2;69.7;64.9;66.5;80.5;92.9;71.0;76.0;84.8;80.6;49.7;49.6;24.9;26.3;48.0;52.2;17.9;17.1;42.5;47.1;33.6;38.8,33.48,0.11,0.0,2.85,12.872,0.0,0.0,0.0,4,16,,,,,,,,,,,,,,,,,,,,,,,,,,,,,,,,,,,,,,,,,,,,,,,,,,,,,,,,,,,,,
150,2,,,,,,,100,83,66,18,235.3,2730,10801,34,0,33.6,30.9;25.3;39.4;41.2;30.5;32.4;70.8;74.3;51.8;51.1;63.8;68.7;26.5;27.4;9.7;11.0;25.5;25.5;6.4;7.7;21.3;23.1;19.4;23.7,33.82,0.11,0.0,3.21,12.863,0.0,1367.0,4980.0,4,16,,,,,,,,,,,,,,,,,,,,,,,,,,,,,,,,,,,,,,,,,,,,,,,,,,,,,,,,,,,,,
150,3,,,,,,,100,78,67,17,233.3,2730,10801,34,0,5.7,3.1;1.5;1.9;1.3;0.0;0.2;22.5;27.0;3.1;1.3;36.4;36.7;0.2;0.2;0.0;0.0;0.2;0.0;0.4;0.0;0.0;0.0;0.0;0.0,33.81,0.11,0.0,2.04,12.863,0.0,634.0,244.0,4,16,,,,,,,,,,,,,,,,,,,,,,,,,,,,,,,,,,,,,,,,,,,,,,,,,,,,,,,,,,,,,
150,summary,0.30058203783358156,0.9959421425123193,0.28315797448158264,0.9997777777777778,0.00100000,40.7,,,,,,,,,,,,,,,,,,,,,,100,100.0,100,44,68.33,83,62,65.0,67,17,19.33,23,67.0,178.53,235.3,2675.0,10801.0,34.0,0,5.7,31.43,55.0,33.48,33.7,33.82,63.16,0.11,0.11,0.11,17.01,0.0,0.0,0.0,2.04,2.7,3.21,10.042,14.236,12.863,12.87,12.872,15.992,0.0,0.0,0.0,0.0,667.0,1367.0,0.0,1741.33,4980.0,4,4.0,4,16,16.0,16,4,16,4.67,19.6
151,1,,,,,,,100,89,64,21,110.5,2745,10801,34,0,54.9,58.5;57.4;68.6;71.8;62.9;63.7;82.5;83.2;72.2;76.0;89.7;85.5;50.9;49.9;22.9;23.4;48.6;51.1;17.0;16.7;45.4;46.8;34.4;37.9,33.56,0.11,0.0,2.83,12.863,0.0,48.0,97.0,4,16,,,,,,,,,,,,,,,,,,,,,,,,,,,,,,,,,,,,,,,,,,,,,,,,,,,,,,,,,,,,,
151,2,,,,,,,100,69,66,17,234.5,2730,10801,34,0,33.0,27.8;27.5;42.3;45.1;31.0;34.1;62.9;70.7;45.3;52.3;64.6;74.1;25.4;25.3;9.8;9.4;24.1;24.9;6.1;5.4;21.5;22.6;16.8;23.3,33.83,0.11,0.0,3.25,12.855,0.0,146.0,195.0,4,16,,,,,,,,,,,,,,,,,,,,,,,,,,,,,,,,,,,,,,,,,,,,,,,,,,,,,,,,,,,,,
151,3,,,,,,,98,76,65,18,233.4,2730,10801,34,0,5.7,5.2;0.4;1.5;0.8;0.0;0.0;25.8;26.4;4.4;2.9;32.4;36.7;0.2;0.4;0.0;0.0;0.0;0.0;0.0;0.0;0.0;0.0;0.0;0.0,33.81,0.11,0.0,2.17,12.855,0.0,634.0,146.0,4,16,,,,,,,,,,,,,,,,,,,,,,,,,,,,,,,,,,,,,,,,,,,,,,,,,,,,,,,,,,,,,
151,summary,0.3003226810834192,0.995910262599397,0.2831621468067169,0.9997777777777778,0.00100000,40.5,,,,,,,,,,,,,,,,,,,,,,98,99.33,100,69,78.0,89,64,65.0,66,17,18.67,21,110.5,192.8,234.5,2735.0,10801.0,34.0,0,5.7,31.2,54.9,33.56,33.73,33.83,63.16,0.11,0.11,0.11,17.01,0.0,0.0,0.0,2.17,2.75,3.25,10.042,14.236,12.855,12.86,12.863,15.992,0.0,0.0,0.0,48.0,276.0,634.0,97.0,146.0,195.0,4,4.0,4,16,16.0,16,4,16,4.64,19.57
152,1,,,,,,,100,58,62,21,81.0,2745,10801,34,0,54.5,59.5;58.0;65.8;71.8;63.7;66.9;81.7;84.4;68.8;74.3;88.3;84.7;49.2;49.8;23.1;24.7;48.6;50.6;16.4;16.3;44.9;46.4;32.2;38.0,33.44,0.11,0.0,2.56,12.855,0.0,244.0,0.0,4,16,,,,,,,,,,,,,,,,,,,,,,,,,,,,,,,,,,,,,,,,,,,,,,,,,,,,,,,,,,,,,
152,2,,,,,,,98,79,65,21,232.7,2730,10801,34,0,33.4,31.4;27.2;40.0;42.1;32.3;31.6;71.6;66.0;48.0;53.6;80.4;62.1;26.2;24.8;9.5;10.9;22.5;24.8;6.9;6.9;22.2;22.3;16.9;21.5,33.79,0.11,0.01,2.21,12.855,0.0,0.0,634.0,4,16,,,,,,,,,,,,,,,,,,,,,,,,,,,,,,,,,,,,,,,,,,,,,,,,,,,,,,,,,,,,,
152,3,,,,,,,100,84,65,18,234.8,2730,10801,34,0,5.7,3.7;0.4;1.9;1.3;1.0;0.2;35.3;14.7;3.2;2.3;38.4;31.1;0.4;0.2;0.0;0.2;0.2;0.2;0.2;0.2;0.0;0.0;0.4;1.0,33.78,0.11,0.0,1.37,12.855,0.0,634.0,195.0,4,16,,,,,,,,,,,,,,,,,,,,,,,,,,,,,,,,,,,,,,,,,,,,,,,,,,,,,,,,,,,,,
152,summary,0.3002193813665488,0.9960423365243608,0.28312617540359497,0.9997777777777778,0.00100000,40.5,,,,,,,,,,,,,,,,,,,,,,98,99.33,100,58,73.67,84,62,64.0,65,18,20.0,21,81.0,182.83,234.8,2735.0,10801.0,34.0,0,5.7,31.2,54.5,33.44,33.67,33.79,63.16,0.11,0.11,0.11,17.01,0.0,0.0,0.01,1.37,2.05,2.56,10.042,14.236,12.855,12.85,12.855,15.992,0.0,0.0,0.0,0.0,292.67,634.0,0.0,276.33,634.0,4,4.0,4,16,16.0,16,4,16,4.75,19.47
153,1,,,,,,,100,46,63,22,63.7,2745,10801,34,0,55.0,59.5;59.0;69.9;72.2;63.0;67.2;84.3;81.7;72.3;74.7;80.2;94.4;49.7;49.0;22.8;24.7;51.2;52.2;17.8;17.8;43.6;46.3;28.8;36.9,33.5,0.11,0.0,1.71,12.855,0.0,244.0,48.0,4,16,,,,,,,,,,,,,,,,,,,,,,,,,,,,,,,,,,,,,,,,,,,,,,,,,,,,,,,,,,,,,
153,2,,,,,,,100,85,64,18,235.1,2730,10801,34,0,33.6,27.2;27.9;41.2;42.1;32.6;30.8;68.4;67.3;50.5;52.9;74.2;68.8;26.4;26.7;10.2;12.0;24.9;25.6;7.4;6.8;21.9;23.9;12.8;22.8,33.81,0.11,0.0,3.56,12.855,0.0,0.0,390.0,4,16,,,,,,,,,,,,,,,,,,,,,,,,,,,,,,,,,,,,,,,,,,,,,,,,,,,,,,,,,,,,,
153,3,,,,,,,100,57,68,15,237.3,2730,10801,34,0,6.1,4.5;1.3;2.9;2.7;1.1;0.6;44.1;25.3;3.1;2.1;16.1;37.0;1.1;0.6;0.2;0.4;0.4;0.2;0.2;0.2;0.4;0.2;0.4;0.4,33.8,0.11,0.0,2.06,12.855,0.0,0.0,341.0,4,16,,,,,,,,,,,,,,,,,,,,,,,,,,,,,,,,,,,,,,,,,,,,,,,,,,,,,,,,,,,,,
153,summary,0.3001167551473637,0.9960628307540965,0.28311026096343994,0.9997777777777778,0.00100000,40.7,,,,,,,,,,,,,,,,,,,,,,100,100.0,100,46,62.67,85,63,65.0,68,15,18.33,22,63.7,178.7,237.3,2735.0,10801.0,34.0,0,6.1,31.57,55.0,33.5,33.7,33.81,63.16,0.11,0.11,0.11,17.01,0.0,0.0,0.0,1.71,2.44,3.56,10.042,14.236,12.855,12.85,12.855,15.992,0.0,0.0,0.0,0.0,81.33,244.0,48.0,259.67,390.0,4,4.0,4,16,16.0,16,4,16,4.71,19.5
154,1,,,,,,,100,42,63,23,70.2,2745,10801,34,0,54.8,55.4;57.0;68.5;72.4;64.0;65.9;88.0;83.7;72.3;77.0;85.5;84.4;52.2;50.1;21.1;24.1;51.0;52.4;16.3;17.6;43.9;44.2;30.1;39.1,33.56,0.11,0.0,3.09,12.855,0.0,146.0,244.0,4,16,,,,,,,,,,,,,,,,,,,,,,,,,,,,,,,,,,,,,,,,,,,,,,,,,,,,,,,,,,,,,
154,2,,,,,,,100,85,64,18,235.2,2730,10801,34,0,31.6,25.3;23.2;41.2;38.4;29.8;29.7;63.1;68.8;45.4;52.3;63.2;77.1;22.7;22.7;10.0;10.0;22.3;22.4;7.2;8.0;21.7;20.1;12.9;21.1,33.81,0.11,0.0,3.25,12.855,0.0,1123.0,0.0,4,16,,,,,,,,,,,,,,,,,,,,,,,,,,,,,,,,,,,,,,,,,,,,,,,,,,,,,,,,,,,,,
154,3,,,,,,,100,67,68,17,236.4,2730,10801,34,0,6.3,5.6;2.7;2.5;3.6;0.6;1.9;35.4;34.0;3.3;3.2;26.1;27.5;0.2;0.4;0.0;0.0;0.0;0.0;0.2;0.2;1.3;0.6;0.8;0.8,33.8,0.11,0.0,2.03,12.855,0.0,244.0,341.0,4,16,,,,,,,,,,,,,,,,,,,,,,,,,,,,,,,,,,,,,,,,,,,,,,,,,,,,,,,,,,,,,
154,summary,0.3002199996398008,0.9960605536174593,0.2831194996833801,0.9998888888888889,0.00100000,40.7,,,,,,,,,,,,,,,,,,,,,,100,100.0,100,42,64.67,85,63,65.0,68,17,19.33,23,70.2,180.6,236.4,2735.0,10801.0,34.0,0,6.3,30.9,54.8,33.56,33.72,33.81,63.16,0.11,0.11,0.11,17.01,0.0,0.0,0.0,2.03,2.79,3.25,10.042,14.236,12.855,12.85,12.855,15.992,0.0,0.0,0.0,146.0,504.33,1123.0,0.0,195.0,341.0,4,4.0,4,16,16.0,16,4,16,4.8,19.59
155,1,,,,,,,100,65,60,26,50.9,2565,10801,34,0,54.8,58.7;58.5;71.6;68.6;64.3;63.2;92.2;87.1;72.8;76.7;80.6;81.0;48.9;51.9;23.1;23.3;49.4;52.0;15.9;15.0;44.1;44.1;32.7;39.9,33.36,0.11,0.0,2.56,12.855,0.0,244.0,3320.0,4,16,,,,,,,,,,,,,,,,,,,,,,,,,,,,,,,,,,,,,,,,,,,,,,,,,,,,,,,,,,,,,
155,2,,,,,,,100,89,65,19,235.2,2730,10801,34,0,33.3,31.9;27.7;37.5;46.8;30.2;32.8;70.9;73.1;47.8;53.4;67.9;66.7;24.9;25.1;8.5;8.6;23.9;24.4;5.8;6.0;23.3;24.0;15.6;22.3,33.8,0.11,0.0,2.17,12.855,0.0,1123.0,0.0,4,16,,,,,,,,,,,,,,,,,,,,,,,,,,,,,,,,,,,,,,,,,,,,,,,,,,,,,,,,,,,,,
155,3,,,,,,,94,77,68,22,234.8,2730,10801,34,0,5.6,4.7;0.0;1.7;0.4;0.6;0.6;33.2;32.5;2.5;1.7;26.5;27.3;0.2;0.4;0.0;0.2;0.6;0.0;0.0;0.2;0.6;0.0;0.6;0.0,33.78,0.11,0.04,2.03,12.855,0.0,488.0,28076.0,4,16,,,,,,,,,,,,,,,,,,,,,,,,,,,,,,,,,,,,,,,,,,,,,,,,,,,,,,,,,,,,,
155,summary,0.299960410060335,0.9960787707105577,0.28309735655784607,0.9998888888888889,0.00100000,40.3,,,,,,,,,,,,,,,,,,,,,,94,98.0,100,65,77.0,89,60,64.33,68,19,22.33,26,50.9,173.63,235.2,2675.0,10801.0,34.0,0,5.6,31.23,54.8,33.36,33.65,33.8,63.16,0.11,0.11,0.11,17.01,0.0,0.01,0.04,2.03,2.25,2.56,10.042,14.236,12.855,12.85,12.855,15.992,0.0,0.0,0.0,244.0,618.33,1123.0,0.0,10465.33,28076.0,4,4.0,4,16,16.0,16,4,16,4.7,19.52
156,1,,,,,,,100,66,57,22,51.6,2565,10801,34,0,55.8,59.4;62.2;72.4;69.0;62.4;67.0;86.6;91.5;74.0;77.8;81.0;83.6;53.3;52.7;21.2;22.2;50.8;53.9;15.5;15.6;45.9;45.9;35.2;39.2,33.45,0.11,0.0,1.87,12.855,0.0,244.0,0.0,4,16,,,,,,,,,,,,,,,,,,,,,,,,,,,,,,,,,,,,,,,,,,,,,,,,,,,,,,,,,,,,,
156,2,,,,,,,100,65,66,17,235.4,2730,10801,34,0,31.8,26.9;25.4;36.2;45.8;26.4;33.2;66.6;63.5;45.0;50.5;79.2;63.9;22.9;23.0;8.8;11.7;22.5;23.2;6.9;6.2;19.9;20.4;15.8;19.6,33.81,0.11,0.0,3.59,12.855,0.0,390.0,195.0,4,16,,,,,,,,,,,,,,,,,,,,,,,,,,,,,,,,,,,,,,,,,,,,,,,,,,,,,,,,,,,,,
156,3,,,,,,,100,55,68,17,236.8,2730,10801,34,0,5.8,4.1;1.3;1.3;1.9;0.6;0.0;29.6;27.5;2.1;3.6;35.1;28.5;0.2;0.6;0.0;0.4;0.4;0.2;0.0;0.0;0.2;0.2;0.8;0.2,33.8,0.11,0.0,2.09,12.855,0.0,634.0,195.0,4,16,,,,,,,,,,,,,,,,,,,,,,,,,,,,,,,,,,,,,,,,,,,,,,,,,,,,,,,,,,,,,
156,summary,0.300014820912821,0.9961539162195888,0.283102810382843,0.9998888888888889,0.00100000,40.7,,,,,,,,,,,,,,,,,,,,,,100,100.0,100,55,62.0,66,57,63.67,68,17,18.67,22,51.6,174.6,236.8,2675.0,10801.0,34.0,0,5.8,31.13,55.8,33.45,33.69,33.81,63.16,0.11,0.11,0.11,17.01,0.0,0.0,0.0,1.87,2.52,3.59,10.042,14.236,12.855,12.85,12.855,15.992,0.0,0.0,0.0,244.0,422.67,634.0,0.0,130.0,195.0,4,4.0,4,16,16.0,16,4,16,4.87,19.56
157,1,,,,,,,100,27,55,21,35.5,2385,10801,34,0,55.4,59.8;59.9;70.9;72.4;60.4;62.6;84.4;86.0;72.6;75.3;83.7;86.0;51.1;50.7;23.6;24.5;50.2;53.0;17.8;18.5;47.6;47.4;33.4;38.8,33.42,0.11,0.0,2.85,12.855,0.0,244.0,0.0,4,16,,,,,,,,,,,,,,,,,,,,,,,,,,,,,,,,,,,,,,,,,,,,,,,,,,,,,,,,,,,,,
157,2,,,,,,,100,47,68,22,236.3,2730,10801,34,0,33.2,27.7;27.6;41.0;40.4;29.4;33.2;64.5;74.9;50.1;52.5;74.0;69.7;25.1;24.1;9.4;10.6;23.7;24.5;6.9;8.2;21.5;22.9;14.5;20.6,33.81,0.11,0.0,2.24,12.855,0.0,195.0,488.0,4,16,,,,,,,,,,,,,,,,,,,,,,,,,,,,,,,,,,,,,,,,,,,,,,,,,,,,,,,,,,,,,
157,3,,,,,,,100,66,68,15,234.3,2730,10801,34,0,6.3,11.4;1.2;0.6;2.3;0.6;1.0;19.0;29.6;4.1;2.7;31.1;45.5;0.4;0.0;0.0;0.0;0.4;0.2;0.0;0.0;0.2;0.4;0.0;0.2,33.79,0.11,0.0,1.39,12.855,0.0,20507.0,329199.0,4,16,,,,,,,,,,,,,,,,,,,,,,,,,,,,,,,,,,,,,,,,,,,,,,,,,,,,,,,,,,,,,
157,summary,0.29963720447124337,0.99616985617605,0.2831054627895355,0.9998888888888889,0.00100000,40.7,,,,,,,,,,,,,,,,,,,,,,100,100.0,100,27,46.67,66,55,63.67,68,15,19.33,22,35.5,168.7,236.3,2615.0,10801.0,34.0,0,6.3,31.63,55.4,33.42,33.67,33.81,63.16,0.11,0.11,0.11,17.01,0.0,0.0,0.0,1.39,2.16,2.85,10.042,14.236,12.855,12.85,12.855,15.992,0.0,0.0,0.0,195.0,6982.0,20507.0,0.0,109895.67,329199.0,4,4.0,4,16,16.0,16,4,16,4.78,19.46
158,1,,,,,,,100,29,59,22,39.8,2565,10801,34,0,54.9,59.2;60.9;67.3;72.5;60.4;65.2;81.6;82.8;70.3;77.7;91.9;84.9;50.5;51.9;20.8;22.7;49.6;51.3;18.4;17.2;46.3;46.0;30.3;39.1,33.46,0.11,0.0,1.52,12.855,0.0,1562.0,0.0,4,16,,,,,,,,,,,,,,,,,,,,,,,,,,,,,,,,,,,,,,,,,,,,,,,,,,,,,,,,,,,,,
158,2,,,,,,,100,48,68,22,236.6,2745,10801,34,0,31.4,27.2;25.5;39.6;37.0;26.6;30.2;64.8;74.5;45.5;50.1;62.6;72.2;22.8;21.1;9.9;10.4;22.2;23.1;8.3;7.9;19.0;20.1;14.6;18.6,33.81,0.11,0.0,2.51,12.855,0.0,0.0,341.0,4,16,,,,,,,,,,,,,,,,,,,,,,,,,,,,,,,,,,,,,,,,,,,,,,,,,,,,,,,,,,,,,
158,3,,,,,,,100,50,68,18,236.5,2730,10801,34,0,6.4,3.9;2.7;4.6;1.5;0.2;0.8;36.0;19.9;6.1;2.3;34.4;35.4;0.2;1.3;0.0;0.0;0.6;0.2;0.0;0.0;0.6;0.6;0.6;0.4,33.8,0.11,0.0,1.4,12.855,0.0,1513.0,146.0,4,16,,,,,,,,,,,,,,,,,,,,,,,,,,,,,,,,,,,,,,,,,,,,,,,,,,,,,,,,,,,,,
158,summary,0.29988903109393217,0.9961379762631277,0.2830966114997864,0.9998888888888889,0.00100000,40.7,,,,,,,,,,,,,,,,,,,,,,100,100.0,100,29,42.33,50,59,65.0,68,18,20.67,22,39.8,170.97,236.6,2680.0,10801.0,34.0,0,6.4,30.9,54.9,33.46,33.69,33.81,63.16,0.11,0.11,0.11,17.01,0.0,0.0,0.0,1.4,1.81,2.51,10.042,14.236,12.855,12.85,12.855,15.992,0.0,0.0,0.0,0.0,1025.0,1562.0,0.0,162.33,341.0,4,4.0,4,16,16.0,16,4,16,4.83,19.57
159,1,,,,,,,100,44,63,21,64.3,2745,10801,34,0,54.6,60.1;59.0;67.6;70.0;61.2;62.1;84.3;85.9;72.8;75.5;84.2;86.8;49.7;48.7;19.0;23.6;49.5;52.1;19.1;17.9;44.3;45.1;35.5;37.6,33.46,0.11,0.01,2.35,12.855,0.0,244.0,48.0,4,16,,,,,,,,,,,,,,,,,,,,,,,,,,,,,,,,,,,,,,,,,,,,,,,,,,,,,,,,,,,,,
159,2,,,,,,,100,87,64,18,235.4,2730,10801,34,0,32.0,28.3;25.1;38.8;43.1;29.5;31.4;74.7;64.5;45.3;53.3;71.9;62.6;24.5;23.3;8.6;8.6;22.6;22.7;6.4;7.1;19.9;22.9;16.0;17.4,33.8,0.11,0.0,3.26,12.855,0.0,634.0,292.0,4,16,,,,,,,,,,,,,,,,,,,,,,,,,,,,,,,,,,,,,,,,,,,,,,,,,,,,,,,,,,,,,
159,3,,,,,,,100,55,68,16,236.6,2730,10801,34,0,5.7,2.3;0.4;1.5;0.6;0.2;0.0;30.8;25.6;3.1;3.1;24.1;41.6;0.4;0.2;0.0;0.0;0.4;0.0;0.4;0.4;0.2;0.6;0.4;0.0,33.79,0.11,0.0,2.06,12.855,0.0,439.0,0.0,4,16,,,,,,,,,,,,,,,,,,,,,,,,,,,,,,,,,,,,,,,,,,,,,,,,,,,,,,,,,,,,,
159,summary,0.3000062706002782,0.996081047847195,0.2830826938152313,0.9998888888888889,0.00100000,40.5,,,,,,,,,,,,,,,,,,,,,,100,100.0,100,44,62.0,87,63,65.0,68,16,18.33,21,64.3,178.77,236.6,2735.0,10801.0,34.0,0,5.7,30.77,54.6,33.46,33.68,33.8,63.16,0.11,0.11,0.11,17.01,0.0,0.0,0.01,2.06,2.56,3.26,10.042,14.236,12.855,12.85,12.855,15.992,0.0,0.0,0.0,244.0,439.0,634.0,0.0,113.33,292.0,4,4.0,4,16,16.0,16,4,16,4.88,19.49
160,1,,,,,,,100,58,61,23,54.3,2565,10801,34,0,55.9,60.8;61.8;71.0;72.4;64.9;65.4;81.5;84.9;72.5;75.0;81.4;95.0;50.4;51.3;23.1;24.8;51.5;52.4;19.5;19.5;40.4;44.7;36.3;41.8,33.45,0.11,0.0,2.86,12.855,0.0,0.0,0.0,4,16,,,,,,,,,,,,,,,,,,,,,,,,,,,,,,,,,,,,,,,,,,,,,,,,,,,,,,,,,,,,,
160,2,,,,,,,100,75,67,18,236.3,2745,10801,34,0,31.9,27.1;24.9;35.6;43.4;28.1;29.4;69.8;70.7;48.6;49.8;73.5;65.3;22.8;22.9;9.2;9.6;21.4;21.3;6.9;6.3;19.3;22.0;16.0;21.3,33.84,0.11,0.0,3.22,12.855,0.0,0.0,26806.0,4,16,,,,,,,,,,,,,,,,,,,,,,,,,,,,,,,,,,,,,,,,,,,,,,,,,,,,,,,,,,,,,
160,3,,,,,,,100,49,68,16,237.2,2745,10801,34,0,6.0,3.9;1.9;1.9;2.3;0.4;1.1;27.2;35.5;2.5;2.7;30.8;30.8;0.2;0.4;0.0;0.0;0.4;0.0;0.0;0.0;0.4;0.2;0.2;0.2,33.8,0.11,0.01,2.69,12.855,0.0,48.0,97.0,4,16,,,,,,,,,,,,,,,,,,,,,,,,,,,,,,,,,,,,,,,,,,,,,,,,,,,,,,,,,,,,,
160,summary,0.3000289184118966,0.9961083734868427,0.2830527722835541,1.0,0.00100000,40.5,,,,,,,,,,,,,,,,,,,,,,100,100.0,100,49,60.67,75,61,65.33,68,16,19.0,23,54.3,175.93,237.2,2685.0,10801.0,34.0,0,6.0,31.27,55.9,33.45,33.7,33.84,63.16,0.11,0.11,0.11,17.01,0.0,0.0,0.01,2.69,2.92,3.22,10.042,14.236,12.855,12.85,12.855,15.992,0.0,0.0,0.0,0.0,16.0,48.0,0.0,8967.67,26806.0,4,4.0,4,16,16.0,16,4,16,4.77,19.55
161,1,,,,,,,100,46,64,25,83.5,2745,10801,34,0,55.1,59.8;60.3;70.2;70.7;63.1;62.8;83.9;82.0;70.4;75.0;86.6;87.9;49.6;49.9;20.8;25.4;52.2;53.3;18.5;17.5;42.8;46.3;34.6;38.9,33.42,0.11,0.0,2.89,12.855,0.0,244.0,3662.0,4,16,,,,,,,,,,,,,,,,,,,,,,,,,,,,,,,,,,,,,,,,,,,,,,,,,,,,,,,,,,,,,
161,2,,,,,,,98,77,66,18,232.8,2730,10801,34,0,33.4,31.7;27.5;42.0;43.2;31.1;31.8;63.5;72.6;47.9;52.7;65.0;77.1;24.9;26.1;9.6;11.1;23.8;25.2;6.3;6.5;20.1;24.4;18.1;19.7,33.82,0.11,0.01,2.97,12.855,0.0,390.0,146.0,4,16,,,,,,,,,,,,,,,,,,,,,,,,,,,,,,,,,,,,,,,,,,,,,,,,,,,,,,,,,,,,,
161,3,,,,,,,100,76,68,19,235.4,2730,10801,34,0,6.2,3.3;2.1;2.5;2.1;1.0;0.4;27.4;49.5;4.4;3.7;21.9;24.4;0.4;1.2;0.6;0.0;0.8;0.0;0.2;0.0;0.8;0.6;0.6;0.0,33.81,0.11,0.0,2.44,12.855,0.0,244.0,198242.0,4,16,,,,,,,,,,,,,,,,,,,,,,,,,,,,,,,,,,,,,,,,,,,,,,,,,,,,,,,,,,,,,
161,summary,0.29998265659317125,0.9960423365243608,0.2830537259578705,1.0,0.00100000,40.4,,,,,,,,,,,,,,,,,,,,,,98,99.33,100,46,66.33,77,64,66.0,68,18,20.67,25,83.5,183.9,235.4,2735.0,10801.0,34.0,0,6.2,31.57,55.1,33.42,33.68,33.82,63.16,0.11,0.11,0.11,17.01,0.0,0.0,0.01,2.44,2.77,2.97,10.042,14.236,12.855,12.85,12.855,15.992,0.0,0.0,0.0,244.0,292.67,390.0,146.0,67350.0,198242.0,4,4.0,4,16,16.0,16,4,16,4.67,19.5
162,1,,,,,,,100,48,62,24,68.9,2745,10801,34,0,55.3,59.2;59.9;68.6;71.8;63.7;65.6;90.8;85.5;69.0;72.7;84.1;83.2;49.9;49.9;22.8;25.8;48.8;50.8;19.3;18.7;43.4;48.2;36.8;39.7,33.39,0.11,0.0,2.4,12.855,0.0,390.0,146.0,4,16,,,,,,,,,,,,,,,,,,,,,,,,,,,,,,,,,,,,,,,,,,,,,,,,,,,,,,,,,,,,,
162,2,,,,,,,100,89,68,17,235.0,2730,10801,34,0,32.9,29.4;26.5;38.2;45.0;30.3;31.7;66.1;69.7;47.8;55.4;68.3;73.5;24.3;25.0;8.1;11.0;22.9;24.8;7.5;7.1;20.4;22.8;14.0;18.8,33.8,0.11,0.0,2.33,12.855,0.0,14160.0,121484.0,4,16,,,,,,,,,,,,,,,,,,,,,,,,,,,,,,,,,,,,,,,,,,,,,,,,,,,,,,,,,,,,,
162,3,,,,,,,96,78,68,17,234.3,2730,10801,34,0,5.3,2.5;0.2;1.0;1.1;0.2;0.6;22.4;39.1;2.5;2.1;33.8;20.8;0.0;0.2;0.0;0.0;0.0;0.2;0.0;0.2;0.0;0.2;0.0;0.0,33.79,0.11,0.01,1.42,12.855,0.0,0.0,195.0,4,16,,,,,,,,,,,,,,,,,,,,,,,,,,,,,,,,,,,,,,,,,,,,,,,,,,,,,,,,,,,,,
162,summary,0.2996191872402222,0.9962040132256096,0.2830461263656616,1.0,0.00100000,40.7,,,,,,,,,,,,,,,,,,,,,,96,98.67,100,48,71.67,89,62,66.0,68,17,19.33,24,68.9,179.4,235.0,2735.0,10801.0,34.0,0,5.3,31.17,55.3,33.39,33.66,33.8,63.16,0.11,0.11,0.11,17.01,0.0,0.0,0.01,1.42,2.05,2.4,10.042,14.236,12.855,12.85,12.855,15.992,0.0,0.0,0.0,0.0,4850.0,14160.0,146.0,40608.33,121484.0,4,4.0,4,16,16.0,16,4,16,4.62,19.6
163,1,,,,,,,100,89,62,21,102.3,2745,10801,34,0,54.4,60.1;59.9;70.3;67.4;63.6;63.9;83.3;90.8;69.7;76.6;83.3;80.0;50.8;49.1;21.2;22.6;48.1;50.3;17.3;16.1;43.8;46.6;31.8;40.0,33.51,0.11,0.0,2.55,12.855,0.0,8251.0,125341.0,4,16,,,,,,,,,,,,,,,,,,,,,,,,,,,,,,,,,,,,,,,,,,,,,,,,,,,,,,,,,,,,,
163,2,,,,,,,100,73,65,23,234.4,2730,10801,34,0,33.1,29.3;28.0;41.2;41.0;30.9;33.6;77.0;64.6;44.8;53.8;68.9;66.4;25.9;25.8;10.1;9.6;23.8;23.9;7.7;6.6;20.8;23.5;17.4;20.1,33.81,0.11,0.0,3.41,12.855,0.0,0.0,488.0,4,16,,,,,,,,,,,,,,,,,,,,,,,,,,,,,,,,,,,,,,,,,,,,,,,,,,,,,,,,,,,,,
163,3,,,,,,,98,76,65,18,233.4,2730,10801,35,0,6.7,5.7;2.3;2.3;2.3;1.5;1.5;31.7;38.3;5.8;3.8;29.3;27.5;0.6;0.6;0.9;0.4;0.4;0.0;0.2;0.0;1.0;1.9;0.4;0.6,33.8,0.11,0.0,2.1,12.855,0.0,244.0,19775.0,4,16,,,,,,,,,,,,,,,,,,,,,,,,,,,,,,,,,,,,,,,,,,,,,,,,,,,,,,,,,,,,,
163,summary,0.2997260287682167,0.9962495559583557,0.2830200791358948,1.0,0.00100000,40.7,,,,,,,,,,,,,,,,,,,,,,98,99.33,100,73,79.33,89,62,64.0,65,18,20.67,23,102.3,190.03,234.4,2735.0,10801.0,34.3,0,6.7,31.4,54.4,33.51,33.71,33.81,63.16,0.11,0.11,0.11,17.01,0.0,0.0,0.0,2.1,2.69,3.41,10.042,14.236,12.855,12.85,12.855,15.992,0.0,0.0,0.0,0.0,2831.67,8251.0,488.0,48534.67,125341.0,4,4.0,4,16,16.0,16,4,16,4.66,19.54
164,1,,,,,,,100,63,60,19,52.8,2565,10801,34,0,54.9,60.9;59.7;71.1;68.5;64.9;64.3;82.1;88.0;71.8;76.5;86.4;84.4;49.1;48.7;23.1;23.8;49.5;51.2;18.5;18.0;42.5;46.7;30.8;38.8,33.5,0.11,0.0,2.83,12.867,0.0,244.0,0.0,4,16,,,,,,,,,,,,,,,,,,,,,,,,,,,,,,,,,,,,,,,,,,,,,,,,,,,,,,,,,,,,,
164,2,,,,,,,100,67,66,22,236.2,2745,10801,34,0,33.6,32.3;28.8;41.1;45.5;31.2;32.1;66.8;78.2;47.9;53.9;61.2;73.2;26.5;26.5;9.2;10.4;24.8;24.6;5.7;5.9;21.3;23.3;15.4;20.2,33.82,0.11,0.0,3.23,12.855,0.0,0.0,439.0,4,16,,,,,,,,,,,,,,,,,,,,,,,,,,,,,,,,,,,,,,,,,,,,,,,,,,,,,,,,,,,,,
164,3,,,,,,,100,74,67,16,235.9,2730,10801,34,0,5.9,2.5;1.4;3.1;1.5;0.8;1.2;30.8;32.0;3.3;2.9;21.3;38.8;0.4;0.4;0.0;0.4;0.4;0.0;0.2;0.0;0.2;0.2;0.0;0.4,33.79,0.11,0.0,2.09,12.855,0.0,16503.0,179833.0,4,16,,,,,,,,,,,,,,,,,,,,,,,,,,,,,,,,,,,,,,,,,,,,,,,,,,,,,,,,,,,,,
164,summary,0.29914113564423606,0.996317870057475,0.28301724791526794,1.0,0.00100000,40.7,,,,,,,,,,,,,,,,,,,,,,100,100.0,100,63,68.0,74,60,64.33,67,16,19.0,22,52.8,174.97,236.2,2680.0,10801.0,34.0,0,5.9,31.47,54.9,33.5,33.7,33.82,63.16,0.11,0.11,0.11,17.01,0.0,0.0,0.0,2.09,2.72,3.23,10.042,14.236,12.855,12.86,12.867,15.992,0.0,0.0,0.0,0.0,5582.33,16503.0,0.0,60090.67,179833.0,4,4.0,4,16,16.0,16,4,16,4.66,19.52
165,1,,,,,,,100,63,62,21,83.8,2745,10801,34,0,54.4,58.2;58.7;71.8;65.6;63.0;64.1;83.8;83.5;71.1;74.0;92.5;81.2;48.6;49.0;21.8;24.8;47.9;49.4;17.2;17.5;44.1;47.3;33.9;35.9,33.46,0.11,0.0,2.81,12.855,0.0,244.0,48.0,4,16,,,,,,,,,,,,,,,,,,,,,,,,,,,,,,,,,,,,,,,,,,,,,,,,,,,,,,,,,,,,,
165,2,,,,,,,98,76,65,18,231.7,2730,10801,34,0,33.0,30.3;25.8;39.4;45.7;29.8;32.1;61.8;78.2;47.0;51.3;73.4;66.3;25.2;24.5;10.5;9.8;23.3;25.1;7.1;6.3;20.2;22.6;16.7;18.8,33.83,0.11,0.01,3.21,12.855,0.0,146.0,585.0,4,16,,,,,,,,,,,,,,,,,,,,,,,,,,,,,,,,,,,,,,,,,,,,,,,,,,,,,,,,,,,,,
165,3,,,,,,,100,84,65,16,235.4,2730,10801,34,0,5.4,2.9;0.4;0.8;1.2;0.0;0.4;32.1;29.6;1.7;2.5;36.6;20.2;0.2;0.0;0.0;0.0;0.0;0.0;0.0;0.0;1.4;0.2;0.0;0.0,33.79,0.11,0.0,2.05,12.855,0.0,1855.0,634.0,4,16,,,,,,,,,,,,,,,,,,,,,,,,,,,,,,,,,,,,,,,,,,,,,,,,,,,,,,,,,,,,,
165,summary,0.2995326181315956,0.9961129277601173,0.28302717208862305,1.0,0.00100000,40.4,,,,,,,,,,,,,,,,,,,,,,98,99.33,100,63,74.33,84,62,64.0,65,16,18.33,21,83.8,183.63,235.4,2735.0,10801.0,34.0,0,5.4,30.93,54.4,33.46,33.69,33.83,63.16,0.11,0.11,0.11,17.01,0.0,0.0,0.01,2.05,2.69,3.21,10.042,14.236,12.855,12.85,12.855,15.992,0.0,0.0,0.0,146.0,748.33,1855.0,48.0,422.33,634.0,4,4.0,4,16,16.0,16,4,16,4.65,19.51
166,1,,,,,,,100,63,59,22,40.7,2565,10801,34,0,55.4,61.7;61.3;72.3;70.9;66.4;65.9;88.4;81.6;71.9;74.5;86.1;85.1;51.0;50.4;20.8;23.6;50.3;52.5;15.5;17.3;43.6;47.8;32.8;37.9,33.41,0.11,0.0,2.55,12.855,0.0,97.0,4150.0,4,16,,,,,,,,,,,,,,,,,,,,,,,,,,,,,,,,,,,,,,,,,,,,,,,,,,,,,,,,,,,,,
166,2,,,,,,,100,49,68,18,235.8,2730,10801,34,0,31.7,28.5;27.6;38.7;41.7;28.0;31.1;70.3;69.9;45.7;52.8;67.6;64.1;24.7;24.7;8.8;10.6;20.4;22.1;4.8;5.2;18.2;22.3;15.7;17.3,33.81,0.11,0.0,2.18,12.855,0.0,1025.0,97.0,4,16,,,,,,,,,,,,,,,,,,,,,,,,,,,,,,,,,,,,,,,,,,,,,,,,,,,,,,,,,,,,,
166,3,,,,,,,100,51,68,16,235.9,2730,10801,34,0,6.7,10.2;1.5;2.3;2.5;0.6;0.4;27.0;22.8;3.5;3.5;36.9;42.6;0.6;0.6;0.0;0.4;0.6;0.4;0.2;0.2;1.9;0.6;0.4;0.6,33.79,0.11,0.0,1.42,12.855,0.0,488.0,0.0,4,16,,,,,,,,,,,,,,,,,,,,,,,,,,,,,,,,,,,,,,,,,,,,,,,,,,,,,,,,,,,,,
166,summary,0.2993816016600145,0.9962746044613661,0.28301894664764404,1.0,0.00100000,40.7,,,,,,,,,,,,,,,,,,,,,,100,100.0,100,49,54.33,63,59,65.0,68,16,18.67,22,40.7,170.8,235.9,2675.0,10801.0,34.0,0,6.7,31.27,55.4,33.41,33.67,33.81,63.16,0.11,0.11,0.11,17.01,0.0,0.0,0.0,1.42,2.05,2.55,10.042,14.236,12.855,12.85,12.855,15.992,0.0,0.0,0.0,97.0,536.67,1025.0,0.0,1415.67,4150.0,4,4.0,4,16,16.0,16,4,16,4.81,19.59
167,1,,,,,,,100,45,62,21,87.2,2745,10801,34,0,55.8,61.1;61.8;71.0;71.9;66.1;67.5;82.9;86.1;69.5;72.5;82.3;90.8;52.2;50.6;23.6;25.4;50.2;52.7;16.6;16.3;44.2;49.1;33.8;40.4,33.43,0.11,0.02,1.55,12.855,0.0,146.0,195.0,4,16,,,,,,,,,,,,,,,,,,,,,,,,,,,,,,,,,,,,,,,,,,,,,,,,,,,,,,,,,,,,,
167,2,,,,,,,98,73,64,18,233.7,2730,10801,34,0,31.8,28.8;25.2;39.2;44.0;28.9;29.0;61.0;73.8;47.4;51.0;74.4;63.2;23.9;24.7;8.9;8.5;21.6;22.1;4.6;5.6;20.4;23.4;14.3;19.1,33.83,0.11,0.05,2.65,12.855,0.0,2197.0,146.0,4,16,,,,,,,,,,,,,,,,,,,,,,,,,,,,,,,,,,,,,,,,,,,,,,,,,,,,,,,,,,,,,
167,3,,,,,,,100,89,68,16,235.0,2730,10801,34,0,6.0,3.7;0.8;1.3;2.1;0.8;1.0;37.7;39.4;4.4;3.6;26.6;18.2;0.6;0.6;0.0;0.2;0.2;0.4;0.2;0.0;0.4;0.2;0.2;0.2,33.8,0.11,0.0,1.39,12.855,0.0,439.0,146.0,4,16,,,,,,,,,,,,,,,,,,,,,,,,,,,,,,,,,,,,,,,,,,,,,,,,,,,,,,,,,,,,,
167,summary,0.299487395292999,0.9962199531820707,0.28302866220474243,1.0,0.00100000,40.7,,,,,,,,,,,,,,,,,,,,,,98,99.33,100,45,69.0,89,62,64.67,68,16,18.33,21,87.2,185.3,235.0,2735.0,10801.0,34.0,0,6.0,31.2,55.8,33.43,33.69,33.83,63.16,0.11,0.11,0.11,17.01,0.0,0.02,0.05,1.39,1.86,2.65,10.042,14.236,12.855,12.85,12.855,15.992,0.0,0.0,0.0,146.0,927.33,2197.0,146.0,162.33,195.0,4,4.0,4,16,16.0,16,4,16,4.79,19.59
168,1,,,,,,,100,26,55,23,38.0,2565,10801,34,0,55.0,61.1;60.2;70.2;69.8;63.9;64.7;91.2;80.5;72.9;74.8;81.8;85.6;51.5;52.3;22.2;23.8;46.9;50.5;15.7;15.7;44.8;46.8;34.3;39.6,33.42,0.11,0.0,2.08,12.855,0.0,244.0,0.0,4,16,,,,,,,,,,,,,,,,,,,,,,,,,,,,,,,,,,,,,,,,,,,,,,,,,,,,,,,,,,,,,
168,2,,,,,,,100,47,66,16,235.5,2730,10801,34,0,31.6,27.1;25.7;39.8;39.3;29.5;31.3;59.9;72.0;46.9;53.6;60.2;78.3;23.9;23.1;8.9;10.0;21.9;22.3;6.5;5.2;18.8;20.8;14.9;17.9,33.81,0.11,0.0,2.18,12.855,0.0,1171.0,244.0,4,16,,,,,,,,,,,,,,,,,,,,,,,,,,,,,,,,,,,,,,,,,,,,,,,,,,,,,,,,,,,,,
168,3,,,,,,,100,54,68,21,234.1,2730,10801,34,0,6.2,4.5;1.1;1.5;2.9;1.5;1.3;29.3;31.6;2.7;4.2;24.3;42.6;0.2;0.6;0.2;0.2;0.4;0.0;0.2;0.0;0.0;0.0;0.0;0.0,33.78,0.11,0.0,1.43,12.855,0.0,0.0,390.0,4,16,,,,,,,,,,,,,,,,,,,,,,,,,,,,,,,,,,,,,,,,,,,,,,,,,,,,,,,,,,,,,
168,summary,0.2997817751923971,0.9962313388652573,0.28303489089012146,1.0,0.00100000,40.9,,,,,,,,,,,,,,,,,,,,,,100,100.0,100,26,42.33,54,55,63.0,68,16,20.0,23,38.0,169.2,235.5,2675.0,10801.0,34.0,0,6.2,30.93,55.0,33.42,33.67,33.81,63.16,0.11,0.11,0.11,17.01,0.0,0.0,0.0,1.43,1.9,2.18,10.042,14.236,12.855,12.85,12.855,15.992,0.0,0.0,0.0,0.0,471.67,1171.0,0.0,211.33,390.0,4,4.0,4,16,16.0,16,4,16,4.83,19.56
169,1,,,,,,,100,26,55,22,37.2,2520,10801,34,0,54.7,57.9;58.2;69.3;70.5;63.3;65.6;88.5;87.0;70.5;74.6;79.2;83.1;51.3;50.8;21.3;23.8;49.9;54.2;15.9;16.3;43.9;48.2;31.8;37.9,33.48,0.11,0.0,1.89,12.858,0.0,244.0,0.0,4,16,,,,,,,,,,,,,,,,,,,,,,,,,,,,,,,,,,,,,,,,,,,,,,,,,,,,,,,,,,,,,
169,2,,,,,,,100,46,67,17,235.9,2745,10801,34,0,31.8,28.4;25.8;40.8;44.8;29.0;27.1;73.2;68.6;47.1;50.5;67.0;66.0;23.0;23.6;8.9;10.5;19.3;21.6;6.6;6.5;19.7;20.4;16.0;18.5,33.82,0.11,0.0,2.2,12.855,0.0,927.0,146.0,4,16,,,,,,,,,,,,,,,,,,,,,,,,,,,,,,,,,,,,,,,,,,,,,,,,,,,,,,,,,,,,,
169,3,,,,,,,100,64,66,18,234.5,2745,10801,34,0,5.9,3.7;1.0;1.9;1.7;0.6;0.6;28.5;35.0;1.9;3.5;33.3;28.0;0.2;0.0;0.0;0.0;0.0;0.4;0.0;0.0;0.6;0.2;0.0;0.4,33.8,0.11,0.0,1.39,12.855,0.0,0.0,0.0,4,16,,,,,,,,,,,,,,,,,,,,,,,,,,,,,,,,,,,,,,,,,,,,,,,,,,,,,,,,,,,,,
169,summary,0.2992805433893103,0.9963611356535838,0.28304004669189453,1.0,0.00100000,40.7,,,,,,,,,,,,,,,,,,,,,,100,100.0,100,26,45.33,64,55,62.67,67,17,19.0,22,37.2,169.2,235.9,2670.0,10801.0,34.0,0,5.9,30.8,54.7,33.48,33.7,33.82,63.16,0.11,0.11,0.11,17.01,0.0,0.0,0.0,1.39,1.83,2.2,10.042,14.236,12.855,12.86,12.858,15.992,0.0,0.0,0.0,0.0,390.33,927.0,0.0,48.67,146.0,4,4.0,4,16,16.0,16,4,16,4.86,19.57
170,1,,,,,,,100,42,61,22,66.4,2745,10801,34,0,55.6,60.3;58.6;70.7;70.5;65.3;65.2;82.4;92.8;74.0;77.8;82.5;82.2;51.7;50.1;23.4;24.5;47.6;51.6;17.7;16.9;43.2;48.3;36.9;39.0,33.44,0.11,0.0,1.53,12.855,0.0,244.0,3271.0,4,16,,,,,,,,,,,,,,,,,,,,,,,,,,,,,,,,,,,,,,,,,,,,,,,,,,,,,,,,,,,,,
170,2,,,,,,,100,88,64,23,234.8,2745,10801,34,0,32.0,27.6;25.3;40.8;40.3;29.5;31.6;69.4;67.8;46.3;53.0;72.6;64.4;25.3;25.2;8.4;9.3;21.2;22.3;7.2;5.9;19.0;21.1;15.9;17.8,33.84,0.11,0.0,2.9,12.858,0.0,0.0,439.0,4,16,,,,,,,,,,,,,,,,,,,,,,,,,,,,,,,,,,,,,,,,,,,,,,,,,,,,,,,,,,,,,
170,3,,,,,,,100,55,68,17,236.2,2730,10801,34,0,6.2,2.5;1.5;0.8;1.7;0.8;1.0;18.2;39.3;4.8;2.1;40.6;31.8;0.8;0.4;0.0;0.0;0.0;0.8;0.0;0.0;0.4;0.2;0.0;0.0,33.8,0.11,0.13,1.97,12.855,0.0,1074.0,0.0,4,16,,,,,,,,,,,,,,,,,,,,,,,,,,,,,,,,,,,,,,,,,,,,,,,,,,,,,,,,,,,,,
170,summary,0.2996367576394565,0.996317870057475,0.2830398380756378,1.0,0.00100000,40.7,,,,,,,,,,,,,,,,,,,,,,100,100.0,100,42,61.67,88,61,64.33,68,17,20.67,23,66.4,179.13,236.2,2740.0,10801.0,34.0,0,6.2,31.27,55.6,33.44,33.69,33.84,63.16,0.11,0.11,0.11,17.01,0.0,0.04,0.13,1.53,2.13,2.9,10.042,14.236,12.855,12.86,12.858,15.992,0.0,0.0,0.0,0.0,439.33,1074.0,0.0,1236.67,3271.0,4,4.0,4,16,16.0,16,4,16,4.85,19.58
171,1,,,,,,,100,65,62,23,50.3,2565,10801,34,0,54.9,58.6;58.1;69.2;68.1;65.4;66.5;80.9;87.2;71.9;76.7;87.5;84.7;50.1;50.8;21.9;24.2;50.3;51.4;16.4;15.8;43.7;46.7;34.2;37.9,33.51,0.11,0.0,2.11,12.855,0.0,439.0,146.0,4,16,,,,,,,,,,,,,,,,,,,,,,,,,,,,,,,,,,,,,,,,,,,,,,,,,,,,,,,,,,,,,
171,2,,,,,,,100,63,65,19,235.7,2730,10801,34,0,33.5,31.0;28.4;42.1;41.6;30.8;34.5;63.5;76.0;50.0;55.0;67.7;69.9;25.1;24.6;9.2;10.5;23.5;25.1;6.2;5.7;21.6;23.5;15.6;22.6,33.82,0.11,0.0,2.23,12.855,0.0,3662.0,5517.0,4,16,,,,,,,,,,,,,,,,,,,,,,,,,,,,,,,,,,,,,,,,,,,,,,,,,,,,,,,,,,,,,
171,3,,,,,,,100,68,66,17,236.8,2730,10801,34,0,5.8,2.3;1.0;1.3;1.3;0.6;0.8;35.3;28.2;3.6;1.9;34.6;25.6;0.2;0.0;0.0;0.0;0.0;0.0;0.0;0.0;0.4;0.4;0.0;1.0,33.79,0.11,0.0,1.54,12.855,0.0,1953.0,146.0,4,16,,,,,,,,,,,,,,,,,,,,,,,,,,,,,,,,,,,,,,,,,,,,,,,,,,,,,,,,,,,,,
171,summary,0.29909738418587667,0.9963429185604853,0.2830342948436737,0.9998888888888889,0.00100000,40.5,,,,,,,,,,,,,,,,,,,,,,100,100.0,100,63,65.33,68,62,64.33,66,17,19.67,23,50.3,174.27,236.8,2675.0,10801.0,34.0,0,5.8,31.4,54.9,33.51,33.71,33.82,63.16,0.11,0.11,0.11,17.01,0.0,0.0,0.0,1.54,1.96,2.23,10.042,14.236,12.855,12.85,12.855,15.992,0.0,0.0,0.0,439.0,2018.0,3662.0,146.0,1936.33,5517.0,4,4.0,4,16,16.0,16,4,16,4.68,19.53
172,1,,,,,,,100,59,62,22,53.3,2565,10801,34,0,55.4,59.5;58.8;70.1;74.4;64.1;64.8;89.1;80.6;74.1;76.1;87.1;85.3;51.7;51.3;23.1;23.9;49.7;51.7;17.3;16.8;46.1;45.6;31.1;37.1,33.49,0.11,0.0,1.52,12.855,0.0,0.0,292.0,4,16,,,,,,,,,,,,,,,,,,,,,,,,,,,,,,,,,,,,,,,,,,,,,,,,,,,,,,,,,,,,,
172,2,,,,,,,100,66,66,17,234.4,2745,10801,34,0,31.3,26.6;23.6;37.7;41.8;30.4;30.1;63.3;74.4;48.2;50.1;66.1;62.9;22.7;23.1;8.1;8.5;22.7;23.0;6.5;6.1;20.8;20.8;14.1;19.4,33.85,0.11,0.0,2.55,12.855,0.0,15234.0,120800.0,4,16,,,,,,,,,,,,,,,,,,,,,,,,,,,,,,,,,,,,,,,,,,,,,,,,,,,,,,,,,,,,,
172,3,,,,,,,100,47,67,18,236.4,2730,10801,34,0,6.2,7.3;2.1;2.5;2.3;1.0;0.6;30.8;29.9;3.5;1.2;26.2;34.5;1.2;0.4;0.4;0.0;0.4;0.6;0.2;0.2;0.8;0.6;0.8;0.2,33.83,0.11,0.0,1.68,12.855,0.0,732.0,97.0,4,16,,,,,,,,,,,,,,,,,,,,,,,,,,,,,,,,,,,,,,,,,,,,,,,,,,,,,,,,,,,,,
172,summary,0.2990993290543214,0.9963725213367703,0.28302156925201416,1.0,0.00100000,40.9,,,,,,,,,,,,,,,,,,,,,,100,100.0,100,47,57.33,66,62,65.0,67,17,19.0,22,53.3,174.7,236.4,2680.0,10801.0,34.0,0,6.2,30.97,55.4,33.49,33.72,33.85,63.16,0.11,0.11,0.11,17.01,0.0,0.0,0.0,1.52,1.92,2.55,10.042,14.236,12.855,12.85,12.855,15.992,0.0,0.0,0.0,0.0,5322.0,15234.0,97.0,40396.33,120800.0,4,4.0,4,16,16.0,16,4,16,5.01,19.58
173,1,,,,,,,100,88,61,26,82.8,2745,10801,34,0,55.5,57.8;58.6;69.4;71.6;63.1;66.9;85.5;84.7;74.4;75.7;82.0;91.0;49.4;50.4;23.3;23.0;51.4;53.9;18.5;17.4;44.4;47.6;33.1;39.2,33.44,0.11,0.0,2.0,12.855,0.0,97.0,146.0,4,16,,,,,,,,,,,,,,,,,,,,,,,,,,,,,,,,,,,,,,,,,,,,,,,,,,,,,,,,,,,,,
173,2,,,,,,,98,74,67,19,234.4,2730,10801,34,0,32.5,32.1;27.1;41.7;38.5;33.5;32.8;74.3;64.5;45.6;52.4;71.7;62.6;24.7;23.7;8.1;8.8;24.2;23.8;6.6;6.9;21.1;21.9;14.3;20.0,33.8,0.11,0.0,2.19,12.855,0.0,878.0,488.0,4,16,,,,,,,,,,,,,,,,,,,,,,,,,,,,,,,,,,,,,,,,,,,,,,,,,,,,,,,,,,,,,
173,3,,,,,,,100,84,68,19,234.8,2730,10801,34,0,6.1,4.6;1.5;2.1;1.5;0.4;0.6;32.6;26.4;4.6;4.2;31.0;32.7;0.2;0.6;0.2;0.0;0.0;0.0;0.4;1.3;0.0;0.0;0.8;0.8,33.78,0.11,0.0,1.39,12.855,0.0,0.0,390.0,4,16,,,,,,,,,,,,,,,,,,,,,,,,,,,,,,,,,,,,,,,,,,,,,,,,,,,,,,,,,,,,,
173,summary,0.2991566535435991,0.9963907384298687,0.28300759196281433,1.0,0.00100000,40.9,,,,,,,,,,,,,,,,,,,,,,98,99.33,100,74,82.0,88,61,65.33,68,19,21.33,26,82.8,184.0,234.8,2735.0,10801.0,34.0,0,6.1,31.37,55.5,33.44,33.67,33.8,63.16,0.11,0.11,0.11,17.01,0.0,0.0,0.0,1.39,1.86,2.19,10.042,14.236,12.855,12.85,12.855,15.992,0.0,0.0,0.0,0.0,325.0,878.0,146.0,341.33,488.0,4,4.0,4,16,16.0,16,4,16,4.96,19.52
174,1,,,,,,,100,63,57,26,51.0,2565,10801,34,0,54.8,57.7;56.0;68.5;68.4;64.8;63.6;85.1;83.0;73.0;74.2;81.0;92.3;49.2;49.3;23.8;24.9;49.7;51.3;18.3;17.4;46.1;45.6;32.9;38.1,33.45,0.11,0.0,1.71,12.855,0.0,0.0,390.0,4,16,,,,,,,,,,,,,,,,,,,,,,,,,,,,,,,,,,,,,,,,,,,,,,,,,,,,,,,,,,,,,
174,2,,,,,,,100,63,68,19,235.8,2745,10801,33,0,33.1,28.3;24.7;39.3;42.9;30.0;30.2;70.4;66.3;49.7;54.0;67.8;75.4;26.3;25.4;8.8;10.6;25.2;24.7;7.2;6.1;22.7;21.6;15.3;21.1,33.83,0.11,0.0,3.56,12.855,0.0,1269.0,97.0,4,16,,,,,,,,,,,,,,,,,,,,,,,,,,,,,,,,,,,,,,,,,,,,,,,,,,,,,,,,,,,,,
174,3,,,,,,,100,67,67,23,237.4,2730,10801,34,0,5.7,6.8;0.6;2.5;0.4;0.6;0.2;32.2;28.2;5.5;2.7;22.7;32.1;0.4;0.2;0.2;0.2;0.0;0.2;0.4;0.0;0.4;0.4;0.4;0.4,33.81,0.11,0.0,2.12,12.855,0.0,0.0,0.0,4,16,,,,,,,,,,,,,,,,,,,,,,,,,,,,,,,,,,,,,,,,,,,,,,,,,,,,,,,,,,,,,
174,summary,0.29908611754557723,0.9963816298833195,0.2830160856246948,1.0,0.00100000,40.7,,,,,,,,,,,,,,,,,,,,,,100,100.0,100,63,64.33,67,57,64.0,68,19,22.67,26,51.0,174.73,237.4,2680.0,10801.0,33.7,0,5.7,31.2,54.8,33.45,33.7,33.83,63.16,0.11,0.11,0.11,17.01,0.0,0.0,0.0,1.71,2.46,3.56,10.042,14.236,12.855,12.85,12.855,15.992,0.0,0.0,0.0,0.0,423.0,1269.0,0.0,162.33,390.0,4,4.0,4,16,16.0,16,4,16,4.64,19.54
175,1,,,,,,,100,64,62,22,85.1,2745,10801,34,0,54.8,58.0;60.2;69.3;69.6;63.3;64.7;91.0;82.3;71.3;75.3;83.8;85.0;50.3;51.1;23.7;24.4;48.7;50.6;18.3;17.3;43.6;41.6;33.1;38.3,33.38,0.11,0.0,2.82,12.855,0.0,11279.0,178662.0,4,16,,,,,,,,,,,,,,,,,,,,,,,,,,,,,,,,,,,,,,,,,,,,,,,,,,,,,,,,,,,,,
175,2,,,,,,,98,76,66,17,233.2,2730,10801,34,0,33.1,29.5;27.8;41.9;40.5;29.4;32.9;67.1;76.8;48.4;55.2;60.0;73.2;26.2;24.1;11.3;9.8;22.6;23.7;7.7;7.7;20.8;22.3;15.1;19.5,33.79,0.11,0.0,2.19,12.855,0.0,146.0,48.0,4,16,,,,,,,,,,,,,,,,,,,,,,,,,,,,,,,,,,,,,,,,,,,,,,,,,,,,,,,,,,,,,
175,3,,,,,,,100,74,67,16,235.6,2730,10801,35,0,6.0,7.9;1.1;2.1;1.5;0.6;0.4;11.7;57.8;2.9;4.4;16.8;35.4;0.2;0.6;0.0;0.0;0.0;0.2;0.0;0.2;0.4;0.0;0.0;0.0,33.79,0.11,0.0,1.45,12.855,0.0,1123.0,537.0,4,16,,,,,,,,,,,,,,,,,,,,,,,,,,,,,,,,,,,,,,,,,,,,,,,,,,,,,,,,,,,,,
175,summary,0.29919508037799764,0.9962677730514542,0.28300875425338745,0.9998888888888889,0.00100000,40.3,,,,,,,,,,,,,,,,,,,,,,98,99.33,100,64,71.33,76,62,65.0,67,16,18.33,22,85.1,184.63,235.6,2735.0,10801.0,34.3,0,6.0,31.3,54.8,33.38,33.65,33.79,63.16,0.11,0.11,0.11,17.01,0.0,0.0,0.0,1.45,2.15,2.82,10.042,14.236,12.855,12.85,12.855,15.992,0.0,0.0,0.0,146.0,4182.67,11279.0,48.0,59749.0,178662.0,4,4.0,4,16,16.0,16,4,16,4.71,19.54
176,1,,,,,,,100,88,61,21,101.4,2745,10801,34,0,55.6,60.6;60.5;70.1;70.8;62.6;64.8;90.0;85.5;74.1;76.9;86.1;85.1;50.7;50.3;21.3;25.4;50.4;52.6;18.0;16.6;44.3;46.9;32.8;37.6,33.42,0.11,0.0,1.56,12.855,0.0,4882.0,128076.0,4,16,,,,,,,,,,,,,,,,,,,,,,,,,,,,,,,,,,,,,,,,,,,,,,,,,,,,,,,,,,,,,
176,2,,,,,,,100,77,67,22,234.8,2730,10801,34,0,32.9,30.2;28.0;42.3;45.6;29.4;32.8;80.1;66.4;44.9;50.4;65.6;63.5;24.6;25.5;10.4;10.0;22.6;24.2;7.2;7.3;19.7;22.2;17.5;18.2,33.79,0.11,0.01,2.59,12.855,0.0,1074.0,48.0,4,16,,,,,,,,,,,,,,,,,,,,,,,,,,,,,,,,,,,,,,,,,,,,,,,,,,,,,,,,,,,,,
176,3,,,,,,,98,77,67,17,234.7,2730,10801,34,0,5.8,2.3;0.8;1.3;1.5;1.7;1.3;32.7;42.5;3.6;3.8;24.7;20.5;0.2;0.0;0.2;0.0;0.2;0.2;0.4;0.0;0.2;0.4;0.0;0.2,33.79,0.11,0.0,1.4,12.855,0.0,0.0,390.0,4,16,,,,,,,,,,,,,,,,,,,,,,,,,,,,,,,,,,,,,,,,,,,,,,,,,,,,,,,,,,,,,
176,summary,0.2989978569396871,0.9963042072376511,0.28299805521965027,0.9998888888888889,0.00100000,40.5,,,,,,,,,,,,,,,,,,,,,,98,99.33,100,77,80.67,88,61,65.0,67,17,20.0,22,101.4,190.3,234.8,2735.0,10801.0,34.0,0,5.8,31.43,55.6,33.42,33.67,33.79,63.16,0.11,0.11,0.11,17.01,0.0,0.0,0.01,1.4,1.85,2.59,10.042,14.236,12.855,12.85,12.855,15.992,0.0,0.0,0.0,0.0,1985.33,4882.0,48.0,42838.0,128076.0,4,4.0,4,16,16.0,16,4,16,4.71,19.49
177,1,,,,,,,100,63,61,21,51.2,2565,10801,34,0,55.1,61.6;61.2;69.2;69.7;63.3;64.5;85.9;87.8;70.1;74.5;80.5;86.8;50.5;50.5;21.5;23.0;50.8;52.3;18.3;16.6;43.8;47.2;32.9;40.0,33.46,0.11,0.0,2.37,12.855,0.0,341.0,3320.0,4,16,,,,,,,,,,,,,,,,,,,,,,,,,,,,,,,,,,,,,,,,,,,,,,,,,,,,,,,,,,,,,
177,2,,,,,,,100,62,66,19,236.5,2730,10801,34,0,32.5,27.3;28.1;39.0;43.0;28.9;33.5;72.8;68.0;46.0;52.2;69.4;68.4;24.9;27.0;7.7;7.9;22.7;23.3;5.9;6.2;20.2;23.6;14.1;18.5,33.82,0.11,0.0,3.2,12.855,0.0,781.0,0.0,4,16,,,,,,,,,,,,,,,,,,,,,,,,,,,,,,,,,,,,,,,,,,,,,,,,,,,,,,,,,,,,,
177,3,,,,,,,100,60,68,16,237.7,2730,10801,34,0,6.2,6.3;0.8;1.9;3.4;0.6;0.6;26.9;34.7;3.3;3.4;34.2;29.9;0.2;0.6;0.2;0.0;0.2;0.2;0.0;0.0;0.4;0.4;0.2;0.0,33.8,0.11,0.0,2.08,12.855,0.0,48974.0,114453.0,4,16,,,,,,,,,,,,,,,,,,,,,,,,,,,,,,,,,,,,,,,,,,,,,,,,,,,,,,,,,,,,,
177,summary,0.298851261117243,0.9964613296656253,0.2830023467540741,0.9998888888888889,0.00100000,40.9,,,,,,,,,,,,,,,,,,,,,,100,100.0,100,60,61.67,63,61,65.0,68,16,18.67,21,51.2,175.13,237.7,2675.0,10801.0,34.0,0,6.2,31.27,55.1,33.46,33.69,33.82,63.16,0.11,0.11,0.11,17.01,0.0,0.0,0.0,2.08,2.55,3.2,10.042,14.236,12.855,12.85,12.855,15.992,0.0,0.0,0.0,341.0,16698.67,48974.0,0.0,39257.67,114453.0,4,4.0,4,16,16.0,16,4,16,4.82,19.55
178,1,,,,,,,100,71,61,20,49.3,2565,10801,34,0,54.9,59.4;60.1;67.8;70.5;60.9;63.0;82.7;87.3;73.9;77.3;91.5;82.7;51.3;51.4;19.3;21.4;50.8;51.5;16.3;16.1;42.9;47.6;33.3;38.1,33.46,0.11,0.01,2.9,12.855,0.0,8544.0,146.0,4,16,,,,,,,,,,,,,,,,,,,,,,,,,,,,,,,,,,,,,,,,,,,,,,,,,,,,,,,,,,,,,
178,2,,,,,,,100,56,67,16,236.2,2730,10801,34,0,31.5,27.0;25.2;37.6;37.4;28.7;29.7;64.3;77.2;47.4;48.2;63.3;68.5;24.8;24.0;10.1;10.4;22.1;21.1;7.7;7.7;18.1;21.6;16.5;16.7,33.8,0.11,0.0,2.2,12.855,0.0,683.0,0.0,4,16,,,,,,,,,,,,,,,,,,,,,,,,,,,,,,,,,,,,,,,,,,,,,,,,,,,,,,,,,,,,,
178,3,,,,,,,100,53,67,16,237.8,2730,10801,34,0,5.7,3.9;0.6;1.7;1.7;0.4;1.0;34.0;19.4;3.3;3.8;27.6;38.0;0.6;0.2;0.0;0.0;0.2;0.2;0.2;0.0;0.0;0.4;0.2;0.4,33.8,0.11,0.0,1.39,12.855,0.0,16552.0,2636.0,4,16,,,,,,,,,,,,,,,,,,,,,,,,,,,,,,,,,,,,,,,,,,,,,,,,,,,,,,,,,,,,,
178,summary,0.29880705763143195,0.9964021241130553,0.2829718589782715,0.9998888888888889,0.00100000,40.9,,,,,,,,,,,,,,,,,,,,,,100,100.0,100,53,60.0,71,61,65.0,67,16,17.33,20,49.3,174.43,237.8,2675.0,10801.0,34.0,0,5.7,30.7,54.9,33.46,33.69,33.8,63.16,0.11,0.11,0.11,17.01,0.0,0.0,0.01,1.39,2.16,2.9,10.042,14.236,12.855,12.85,12.855,15.992,0.0,0.0,0.0,683.0,8593.0,16552.0,0.0,927.33,2636.0,4,4.0,4,16,16.0,16,4,16,4.98,19.49
179,1,,,,,,,100,44,61,26,64.5,2565,10801,34,0,54.7,58.8;58.5;66.8;71.6;61.6;62.2;84.9;80.1;73.8;76.3;90.6;84.8;47.2;46.8;22.3;25.2;48.7;51.2;18.8;19.9;42.1;46.2;35.8;38.3,33.54,0.11,0.0,1.69,12.855,0.0,0.0,390.0,4,16,,,,,,,,,,,,,,,,,,,,,,,,,,,,,,,,,,,,,,,,,,,,,,,,,,,,,,,,,,,,,
179,2,,,,,,,100,77,68,18,235.9,2730,10801,34,0,31.5,27.6;25.4;38.9;39.4;26.9;31.5;64.3;71.8;45.1;51.7;66.2;70.6;23.4;22.7;10.1;10.6;21.9;21.4;7.0;5.5;18.8;20.9;15.9;18.5,33.83,0.11,0.0,3.53,12.855,0.0,1123.0,6689.0,4,16,,,,,,,,,,,,,,,,,,,,,,,,,,,,,,,,,,,,,,,,,,,,,,,,,,,,,,,,,,,,,
179,3,,,,,,,100,86,66,15,236.1,2730,10801,34,0,6.1,3.5;1.5;1.9;3.7;1.3;0.8;25.8;34.2;2.3;4.0;26.2;38.0;0.4;0.4;0.2;0.2;0.8;0.4;0.0;0.0;0.2;0.2;0.0;0.2,33.82,0.11,0.0,2.05,12.855,0.0,6494.0,122412.0,4,16,,,,,,,,,,,,,,,,,,,,,,,,,,,,,,,,,,,,,,,,,,,,,,,,,,,,,,,,,,,,,
179,summary,0.29881114019073446,0.9964135097962418,0.28297626972198486,0.9998888888888889,0.00100000,40.7,,,,,,,,,,,,,,,,,,,,,,100,100.0,100,44,69.0,86,61,65.0,68,15,19.67,26,64.5,178.83,236.1,2675.0,10801.0,34.0,0,6.1,30.77,54.7,33.54,33.73,33.83,63.16,0.11,0.11,0.11,17.01,0.0,0.0,0.0,1.69,2.42,3.53,10.042,14.236,12.855,12.85,12.855,15.992,0.0,0.0,0.0,0.0,2539.0,6494.0,390.0,43163.67,122412.0,4,4.0,4,16,16.0,16,4,16,4.89,19.49
180,1,,,,,,,100,90,62,26,111.5,2745,10801,34,0,55.3,61.0;61.3;68.8;69.7;63.7;64.3;80.9;84.2;73.4;77.9;84.8;89.7;48.3;49.9;22.6;24.9;50.6;52.9;17.7;17.1;43.3;48.3;34.8;37.6,33.44,0.11,0.0,2.83,12.855,0.0,0.0,146.0,4,16,,,,,,,,,,,,,,,,,,,,,,,,,,,,,,,,,,,,,,,,,,,,,,,,,,,,,,,,,,,,,
180,2,,,,,,,98,74,66,17,233.8,2730,10801,34,0,31.0,27.5;24.3;35.3;41.5;28.2;28.8;69.1;64.9;46.3;51.9;76.6;62.1;22.6;21.9;7.8;8.2;21.1;22.1;6.0;6.2;16.9;21.4;14.5;18.1,33.8,0.11,0.01,2.18,12.855,0.0,11328.0,12597.0,4,16,,,,,,,,,,,,,,,,,,,,,,,,,,,,,,,,,,,,,,,,,,,,,,,,,,,,,,,,,,,,,
180,3,,,,,,,98,76,66,19,234.0,2730,10801,34,0,5.6,4.7;0.6;3.4;0.4;0.2;0.4;33.3;23.0;2.5;2.3;32.6;29.0;0.0;0.2;0.0;0.0;0.0;0.0;0.0;0.0;0.0;0.2;0.8;0.2,33.8,0.11,0.0,1.4,12.855,0.0,537.0,97.0,4,16,,,,,,,,,,,,,,,,,,,,,,,,,,,,,,,,,,,,,,,,,,,,,,,,,,,,,,,,,,,,,
180,summary,0.29922704257977206,0.9962791587346407,0.2829644978046417,0.9998888888888889,0.00100000,40.5,,,,,,,,,,,,,,,,,,,,,,98,98.67,100,74,80.0,90,62,64.67,66,17,20.67,26,111.5,193.1,234.0,2735.0,10801.0,34.0,0,5.6,30.63,55.3,33.44,33.68,33.8,63.16,0.11,0.11,0.11,17.01,0.0,0.0,0.01,1.4,2.14,2.83,10.042,14.236,12.855,12.85,12.855,15.992,0.0,0.0,0.0,0.0,3955.0,11328.0,97.0,4280.0,12597.0,4,4.0,4,16,16.0,16,4,16,4.88,19.57
181,1,,,,,,,100,68,62,23,84.3,2745,10801,34,0,55.6,60.4;60.2;68.8;70.4;62.7;63.4;87.3;86.4;73.9;77.2;84.4;86.2;50.3;48.2;20.9;23.9;50.0;52.2;18.7;19.7;44.2;49.5;36.1;38.6,33.56,0.11,0.0,1.72,12.855,0.0,2929.0,0.0,4,16,,,,,,,,,,,,,,,,,,,,,,,,,,,,,,,,,,,,,,,,,,,,,,,,,,,,,,,,,,,,,
181,2,,,,,,,100,89,63,22,235.5,2730,10801,34,0,32.0,29.3;26.7;39.4;45.3;27.1;30.0;62.1;72.5;47.7;50.3;67.5;73.4;23.1;23.6;7.6;8.8;21.1;23.0;6.1;5.9;20.2;23.1;14.7;19.4,33.82,0.11,0.0,3.54,12.855,0.0,878.0,292.0,4,16,,,,,,,,,,,,,,,,,,,,,,,,,,,,,,,,,,,,,,,,,,,,,,,,,,,,,,,,,,,,,
181,3,,,,,,,100,79,66,16,236.1,2730,10801,34,0,5.4,4.9;0.2;0.4;0.8;0.2;0.6;36.5;24.9;2.7;1.0;21.5;34.9;0.6;0.0;0.0;0.0;0.0;0.0;0.0;0.0;0.0;0.0;0.0;0.4,33.82,0.11,0.0,2.08,12.855,0.0,1416.0,341.0,4,16,,,,,,,,,,,,,,,,,,,,,,,,,,,,,,,,,,,,,,,,,,,,,,,,,,,,,,,,,,,,,
181,summary,0.29865095864436836,0.9965273666281071,0.28296729922294617,0.9998888888888889,0.00100000,40.5,,,,,,,,,,,,,,,,,,,,,,100,100.0,100,68,78.67,89,62,63.67,66,16,20.33,23,84.3,185.3,236.1,2735.0,10801.0,34.0,0,5.4,31.0,55.6,33.56,33.73,33.82,63.16,0.11,0.11,0.11,17.01,0.0,0.0,0.0,1.72,2.45,3.54,10.042,14.236,12.855,12.85,12.855,15.992,0.0,0.0,0.0,878.0,1741.0,2929.0,0.0,211.0,341.0,4,4.0,4,16,16.0,16,4,16,4.86,19.57
182,1,,,,,,,100,42,62,21,66.8,2745,10801,34,0,55.6,60.7;61.7;69.9;71.1;64.6;65.7;87.8;83.1;74.2;76.0;83.5;89.7;51.1;51.7;21.4;22.1;48.9;53.4;18.5;17.5;41.4;47.9;31.9;39.5,33.53,0.11,0.0,2.86,12.855,0.0,7861.0,0.0,4,16,,,,,,,,,,,,,,,,,,,,,,,,,,,,,,,,,,,,,,,,,,,,,,,,,,,,,,,,,,,,,
182,2,,,,,,,100,90,63,16,235.5,2730,10801,34,0,32.4,29.6;27.2;43.9;43.6;29.2;30.6;65.3;71.0;46.8;50.1;70.8;71.3;23.8;24.0;6.4;8.1;22.1;23.9;5.8;5.5;19.7;22.1;13.9;22.2,33.8,0.11,0.01,2.21,12.855,0.0,488.0,97.0,4,16,,,,,,,,,,,,,,,,,,,,,,,,,,,,,,,,,,,,,,,,,,,,,,,,,,,,,,,,,,,,,
182,3,,,,,,,100,63,65,18,236.8,2730,10801,35,0,5.5,3.1;0.4;0.8;1.5;0.0;0.4;24.1;38.9;3.6;1.5;30.2;27.2;0.0;0.0;0.2;0.2;0.0;0.4;0.0;0.2;0.0;0.0;0.0;0.2,33.79,0.11,0.0,1.39,12.855,0.0,1562.0,195.0,4,16,,,,,,,,,,,,,,,,,,,,,,,,,,,,,,,,,,,,,,,,,,,,,,,,,,,,,,,,,,,,,
182,summary,0.29853251270845804,0.9965228123548325,0.28297045826911926,0.9998888888888889,0.00100000,40.5,,,,,,,,,,,,,,,,,,,,,,100,100.0,100,42,65.0,90,62,63.33,65,16,18.33,21,66.8,179.7,236.8,2735.0,10801.0,34.3,0,5.5,31.17,55.6,33.53,33.71,33.8,63.16,0.11,0.11,0.11,17.01,0.0,0.0,0.01,1.39,2.15,2.86,10.042,14.236,12.855,12.85,12.855,15.992,0.0,0.0,0.0,488.0,3303.67,7861.0,0.0,97.33,195.0,4,4.0,4,16,16.0,16,4,16,4.83,19.56
183,1,,,,,,,100,63,62,19,84.3,2745,10801,34,0,55.7,59.9;60.4;72.6;70.0;64.3;65.2;87.8;85.9;72.3;74.2;84.3;83.3;49.7;49.2;23.8;25.8;49.9;52.1;18.8;18.0;45.3;50.9;35.5;38.5,33.5,0.11,0.0,1.58,12.855,0.0,341.0,0.0,4,16,,,,,,,,,,,,,,,,,,,,,,,,,,,,,,,,,,,,,,,,,,,,,,,,,,,,,,,,,,,,,
183,2,,,,,,,98,77,66,20,233.1,2745,10801,34,0,33.6,29.8;27.9;41.7;43.1;32.1;33.2;72.4;69.9;46.0;51.1;65.9;72.0;27.7;26.3;9.2;11.6;24.6;25.3;7.4;7.4;20.8;24.0;16.1;20.2,33.95,0.11,11.97,2.53,12.855,0.0,0.0,732.0,4,16,,,,,,,,,,,,,,,,,,,,,,,,,,,,,,,,,,,,,,,,,,,,,,,,,,,,,,,,,,,,,
183,3,,,,,,,100,79,66,16,235.7,2730,10801,34,0,12.4,6.2;2.1;6.2;4.6;1.7;1.5;47.6;37.6;19.0;14.0;64.4;59.5;4.1;2.1;0.6;2.3;0.8;3.3;4.1;1.2;3.9;3.7;4.5;2.3,33.86,0.11,8.39,8.24,12.855,0.0,1269.0,146.0,4,16,,,,,,,,,,,,,,,,,,,,,,,,,,,,,,,,,,,,,,,,,,,,,,,,,,,,,,,,,,,,,
183,summary,0.2986877363036406,0.9964157869328791,0.28295081853866577,0.9998888888888889,0.00100000,40.6,,,,,,,,,,,,,,,,,,,,,,98,99.33,100,63,73.0,79,62,64.67,66,16,18.33,20,84.3,184.37,235.7,2740.0,10801.0,34.0,0,12.4,33.9,55.7,33.5,33.77,33.95,63.16,0.11,0.11,0.11,17.01,0.0,6.79,11.97,1.58,4.12,8.24,10.042,14.236,12.855,12.85,12.855,15.992,0.0,0.0,0.0,0.0,536.67,1269.0,0.0,292.67,732.0,4,4.0,4,16,16.0,16,4,16,4.72,19.5
184,1,,,,,,,100,25,58,21,38.2,2565,10801,34,0,63.2,66.2;67.1;79.6;76.3;66.6;69.8;88.7;92.0;77.8;81.7;85.4;87.5;59.9;60.4;34.7;37.0;56.5;60.1;30.5;33.6;55.0;57.0;45.7;48.5,33.54,0.11,17.37,48.59,12.855,0.0,878.0,244.0,4,16,,,,,,,,,,,,,,,,,,,,,,,,,,,,,,,,,,,,,,,,,,,,,,,,,,,,,,,,,,,,,
184,2,,,,,,,100,52,67,17,236.9,2730,10801,34,0,36.0,35.9;30.3;49.1;41.0;42.0;42.6;75.0;67.9;56.4;51.8;75.7;77.6;25.4;25.7;9.0;8.6;24.1;24.1;11.8;9.7;21.6;21.6;15.5;20.5,34.13,0.11,5.8,10.6,12.855,0.0,927.0,97.0,4,16,,,,,,,,,,,,,,,,,,,,,,,,,,,,,,,,,,,,,,,,,,,,,,,,,,,,,,,,,,,,,
184,3,,,,,,,99,70,69,16,234.5,2730,10801,34,0,9.8,6.6;1.1;3.2;3.6;3.8;3.4;29.4;45.0;10.6;8.4;55.8;45.3;0.0;0.6;0.0;0.0;2.1;2.3;6.5;4.8;0.8;1.1;0.0;0.2,34.05,0.11,2.02,5.62,12.855,0.0,0.0,439.0,4,16,,,,,,,,,,,,,,,,,,,,,,,,,,,,,,,,,,,,,,,,,,,,,,,,,,,,,,,,,,,,,
184,summary,0.29891336265328844,0.9963975698397807,0.28293582797050476,0.9998888888888889,0.00100000,41.8,,,,,,,,,,,,,,,,,,,,,,99,99.67,100,25,49.0,70,58,64.67,69,16,18.0,21,38.2,169.87,236.9,2675.0,10801.0,34.0,0,9.8,36.33,63.2,33.54,33.91,34.13,63.16,0.11,0.11,0.11,17.01,2.02,8.4,17.37,5.62,21.6,48.59,10.042,14.236,12.855,12.85,12.855,15.992,0.0,0.0,0.0,0.0,601.67,927.0,97.0,260.0,439.0,4,4.0,4,16,16.0,16,4,16,5.75,19.59
185,1,,,,,,,100,59,63,21,82.4,2745,10801,34,0,55.1,62.3;60.9;70.1;69.8;64.7;65.2;84.3;91.1;72.7;74.7;85.3;81.2;50.9;51.6;20.0;23.8;48.9;52.0;17.7;14.9;44.5;46.1;31.1;37.4,33.64,0.11,0.55,8.39,12.855,0.0,0.0,0.0,4,16,,,,,,,,,,,,,,,,,,,,,,,,,,,,,,,,,,,,,,,,,,,,,,,,,,,,,,,,,,,,,
185,2,,,,,,,99,77,66,17,232.8,2745,10801,34,0,33.0,28.9;28.2;42.4;45.3;32.9;30.0;64.1;73.5;45.6;53.8;62.9;74.8;25.5;25.3;10.7;9.8;23.9;22.9;7.0;6.4;21.1;20.3;15.5;20.3,34.03,0.11,0.3,4.82,12.855,0.0,0.0,390.0,4,16,,,,,,,,,,,,,,,,,,,,,,,,,,,,,,,,,,,,,,,,,,,,,,,,,,,,,,,,,,,,,
185,3,,,,,,,100,78,68,17,235.8,2745,10801,34,0,6.0,4.9;1.7;1.9;1.0;0.6;0.4;31.2;22.2;4.2;3.1;34.0;37.0;0.4;0.2;0.0;0.0;0.2;0.2;0.0;0.0;0.2;0.2;0.0;0.2,33.99,0.11,0.1,3.35,12.855,0.0,2832.0,48.0,4,16,,,,,,,,,,,,,,,,,,,,,,,,,,,,,,,,,,,,,,,,,,,,,,,,,,,,,,,,,,,,,
185,summary,0.2987351643159311,0.996370244200133,0.2829367220401764,0.9998888888888889,0.00100000,40.5,,,,,,,,,,,,,,,,,,,,,,99,99.67,100,59,71.33,78,63,65.67,68,17,18.33,21,82.4,183.67,235.8,2745.0,10801.0,34.0,0,6.0,31.37,55.1,33.64,33.89,34.03,63.16,0.11,0.11,0.11,17.01,0.1,0.32,0.55,3.35,5.52,8.39,10.042,14.236,12.855,12.85,12.855,15.992,0.0,0.0,0.0,0.0,944.0,2832.0,0.0,146.0,390.0,4,4.0,4,16,16.0,16,4,16,4.72,19.48
186,1,,,,,,,100,92,54,24,31.5,210,810,34,0,55.4,60.1;61.0;68.6;70.4;63.5;64.6;85.6;81.2;74.7;75.9;90.6;85.9;51.2;52.7;24.4;26.4;47.4;52.2;19.1;17.2;43.1;44.2;35.5;34.1,33.72,0.11,0.1,4.28,12.855,0.0,0.0,48.0,4,16,,,,,,,,,,,,,,,,,,,,,,,,,,,,,,,,,,,,,,,,,,,,,,,,,,,,,,,,,,,,,
186,2,,,,,,,100,52,68,19,236.5,2730,10801,34,0,31.1,28.2;25.6;42.2;39.0;28.6;28.8;62.9;69.8;48.5;50.0;63.1;71.5;22.0;22.6;7.0;9.8;19.9;21.9;6.2;5.5;19.8;20.1;13.8;18.6,34.0,0.11,0.21,2.52,12.855,0.0,97.0,390.0,4,16,,,,,,,,,,,,,,,,,,,,,,,,,,,,,,,,,,,,,,,,,,,,,,,,,,,,,,,,,,,,,
186,3,,,,,,,100,68,65,22,234.4,2730,10801,34,0,7.3,3.7;1.5;1.7;2.7;0.6;0.6;33.1;30.9;7.3;2.5;40.8;45.5;0.0;0.2;0.6;0.2;0.2;0.0;0.6;0.6;0.6;0.4;0.0;1.0,33.99,0.11,16.93,3.08,12.855,0.0,1171.0,0.0,4,16,,,,,,,,,,,,,,,,,,,,,,,,,,,,,,,,,,,,,,,,,,,,,,,,,,,,,,,,,,,,,
186,summary,0.29813348273103785,0.9966799347828067,0.28293532133102417,0.9998888888888889,0.00100000,40.7,,,,,,,,,,,,,,,,,,,,,,100,100.0,100,52,70.67,92,54,62.33,68,19,21.67,24,31.5,167.47,236.5,1890.0,7470.7,34.0,0,7.3,31.27,55.4,33.72,33.9,34.0,63.16,0.11,0.11,0.11,17.01,0.1,5.75,16.93,2.52,3.29,4.28,10.042,14.236,12.855,12.85,12.855,15.992,0.0,0.0,0.0,0.0,422.67,1171.0,0.0,146.0,390.0,4,4.0,4,16,16.0,16,4,16,4.88,19.59
187,1,,,,,,,100,45,61,23,64.4,2745,10801,34,0,55.4,63.1;60.9;71.2;71.3;65.0;66.0;81.7;87.5;70.7;72.8;86.2;84.3;50.0;50.4;23.4;23.2;48.3;51.4;17.7;18.3;43.4;48.7;34.2;40.2,33.75,0.11,0.02,1.79,12.855,0.0,878.0,97.0,4,16,,,,,,,,,,,,,,,,,,,,,,,,,,,,,,,,,,,,,,,,,,,,,,,,,,,,,,,,,,,,,
187,2,,,,,,,100,85,64,19,234.0,2730,10801,34,0,31.6,28.6;25.6;39.4;41.4;27.7;29.9;68.7;61.7;46.0;50.7;76.4;64.0;22.7;22.7;9.5;9.3;22.5;22.7;7.7;7.7;20.6;18.5;16.4;18.5,34.03,0.11,0.02,3.61,12.867,0.0,12548.0,122656.0,4,16,,,,,,,,,,,,,,,,,,,,,,,,,,,,,,,,,,,,,,,,,,,,,,,,,,,,,,,,,,,,,
187,3,,,,,,,100,61,66,23,234.9,2730,10801,34,0,6.7,4.8;2.5;3.8;4.0;1.9;1.0;36.5;32.5;3.4;4.2;29.6;31.0;0.4;0.6;0.2;0.2;1.0;0.2;0.2;0.0;0.6;0.6;1.5;0.4,34.0,0.11,0.01,2.14,12.867,0.0,0.0,390.0,4,16,,,,,,,,,,,,,,,,,,,,,,,,,,,,,,,,,,,,,,,,,,,,,,,,,,,,,,,,,,,,,
187,summary,0.29812513942176116,0.9966913204659933,0.2829342484474182,0.9998888888888889,0.00100000,40.7,,,,,,,,,,,,,,,,,,,,,,100,100.0,100,45,63.67,85,61,63.67,66,19,21.67,23,64.4,177.77,234.9,2735.0,10801.0,34.0,0,6.7,31.23,55.4,33.75,33.93,34.03,63.16,0.11,0.11,0.11,17.01,0.01,0.02,0.02,1.79,2.51,3.61,10.042,14.236,12.855,12.86,12.867,15.992,0.0,0.0,0.0,0.0,4475.33,12548.0,97.0,41047.67,122656.0,4,4.0,4,16,16.0,16,4,16,4.93,19.48
188,1,,,,,,,100,77,61,21,44.6,2565,10801,34,0,55.3,56.7;58.6;70.4;73.0;64.1;64.8;86.3;86.0;71.5;77.0;82.3;86.1;48.9;50.3;22.5;25.6;49.2;52.8;18.1;19.1;43.1;45.5;34.7;40.9,33.6,0.11,0.01,3.15,12.867,0.0,0.0,0.0,4,16,,,,,,,,,,,,,,,,,,,,,,,,,,,,,,,,,,,,,,,,,,,,,,,,,,,,,,,,,,,,,
188,2,,,,,,,100,57,67,23,235.3,2730,10801,34,0,32.6,28.7;24.9;42.0;41.8;30.4;29.7;64.2;73.6;50.5;51.1;68.6;69.5;25.6;25.6;7.4;10.2;22.8;24.0;5.2;5.7;21.9;22.3;16.9;19.8,34.01,0.11,0.12,3.67,12.867,0.0,0.0,439.0,4,16,,,,,,,,,,,,,,,,,,,,,,,,,,,,,,,,,,,,,,,,,,,,,,,,,,,,,,,,,,,,,
188,3,,,,,,,100,54,66,18,236.3,2745,10801,34,0,5.9,3.5;1.5;1.3;1.0;0.6;0.8;24.0;39.2;3.8;3.8;31.6;29.0;0.0;0.0;0.0;0.0;0.0;0.0;0.0;0.0;0.4;0.4;0.0;0.0,33.94,0.11,0.0,2.08,12.867,0.0,1269.0,146.0,4,16,,,,,,,,,,,,,,,,,,,,,,,,,,,,,,,,,,,,,,,,,,,,,,,,,,,,,,,,,,,,,
188,summary,0.2983246947906134,0.9965842950440398,0.2829250693321228,1.0,0.00100000,40.7,,,,,,,,,,,,,,,,,,,,,,100,100.0,100,54,62.67,77,61,64.67,67,18,20.67,23,44.6,172.07,236.3,2680.0,10801.0,34.0,0,5.9,31.27,55.3,33.6,33.85,34.01,63.16,0.11,0.11,0.11,17.01,0.0,0.04,0.12,2.08,2.97,3.67,10.042,14.236,12.867,12.87,12.867,15.992,0.0,0.0,0.0,0.0,423.0,1269.0,0.0,195.0,439.0,4,4.0,4,16,16.0,16,4,16,4.66,19.58
189,1,,,,,,,100,74,61,21,49.1,2565,10801,34,0,55.5,59.9;58.0;69.1;72.1;65.9;65.8;91.3;86.2;75.5;77.1;83.6;82.0;51.9;50.4;21.8;22.5;50.9;52.4;15.4;13.9;45.6;46.7;32.9;40.1,33.62,0.11,0.02,2.96,12.867,0.0,97.0,0.0,4,16,,,,,,,,,,,,,,,,,,,,,,,,,,,,,,,,,,,,,,,,,,,,,,,,,,,,,,,,,,,,,
189,2,,,,,,,100,58,65,22,235.1,2730,10801,34,0,32.0,27.5;23.4;39.3;42.9;32.0;28.8;66.6;69.6;44.8;50.0;63.4;74.4;23.9;22.9;8.6;10.5;22.5;22.9;8.2;7.2;22.7;20.5;15.0;19.3,33.97,0.11,0.01,3.23,12.867,0.0,878.0,146.0,4,16,,,,,,,,,,,,,,,,,,,,,,,,,,,,,,,,,,,,,,,,,,,,,,,,,,,,,,,,,,,,,
189,3,,,,,,,100,58,68,16,236.3,2730,10801,34,0,5.7,4.3;0.6;1.3;1.7;0.4;0.6;36.7;37.3;2.1;2.3;26.3;21.6;0.0;0.0;0.2;0.0;0.0;0.0;0.2;0.2;0.0;0.0;0.8;0.4,33.94,0.11,0.0,2.08,12.867,0.0,15869.0,2783.0,4,16,,,,,,,,,,,,,,,,,,,,,,,,,,,,,,,,,,,,,,,,,,,,,,,,,,,,,,,,,,,,,
189,summary,0.2985094098467272,0.9965433065845684,0.28291505575180054,1.0,0.00100000,40.9,,,,,,,,,,,,,,,,,,,,,,100,100.0,100,58,63.33,74,61,64.67,68,16,19.67,22,49.1,173.5,236.3,2675.0,10801.0,34.0,0,5.7,31.07,55.5,33.62,33.84,33.97,63.16,0.11,0.11,0.11,17.01,0.0,0.01,0.02,2.08,2.76,3.23,10.042,14.236,12.867,12.87,12.867,15.992,0.0,0.0,0.0,97.0,5614.67,15869.0,0.0,976.33,2783.0,4,4.0,4,16,16.0,16,4,16,4.91,19.48
190,1,,,,,,,100,61,62,20,83.3,2745,10801,34,0,54.7,56.3;59.3;69.5;71.9;62.0;63.5;84.3;86.9;72.6;76.9;81.7;84.2;51.1;51.7;21.5;23.4;49.7;52.2;17.1;16.2;44.3;44.8;32.7;37.9,33.55,0.11,0.0,2.84,12.867,0.0,244.0,0.0,4,16,,,,,,,,,,,,,,,,,,,,,,,,,,,,,,,,,,,,,,,,,,,,,,,,,,,,,,,,,,,,,
190,2,,,,,,,98,79,65,22,233.2,2745,10801,34,0,33.1,25.9;27.8;41.6;43.4;31.0;34.0;69.8;70.4;46.1;54.4;73.2;65.0;25.4;25.9;8.9;9.4;23.6;24.3;7.2;7.7;22.2;21.7;15.0;19.7,33.96,0.11,0.0,3.23,12.867,0.0,0.0,488.0,4,16,,,,,,,,,,,,,,,,,,,,,,,,,,,,,,,,,,,,,,,,,,,,,,,,,,,,,,,,,,,,,
190,3,,,,,,,100,86,64,17,235.2,2730,10801,34,0,6.1,3.3;2.5;2.1;2.7;0.4;0.8;21.5;42.6;1.9;2.5;33.5;29.6;0.4;0.2;0.0;0.0;0.0;0.0;0.4;0.2;0.0;0.0;0.0;0.2,33.92,0.11,0.0,2.05,12.867,0.0,1123.0,0.0,4,16,,,,,,,,,,,,,,,,,,,,,,,,,,,,,,,,,,,,,,,,,,,,,,,,,,,,,,,,,,,,,
190,summary,0.29859682498629964,0.9964021241130553,0.2828972041606903,1.0,0.00100000,40.3,,,,,,,,,,,,,,,,,,,,,,98,99.33,100,61,75.33,86,62,63.67,65,17,19.67,22,83.3,183.9,235.2,2740.0,10801.0,34.0,0,6.1,31.3,54.7,33.55,33.81,33.96,63.16,0.11,0.11,0.11,17.01,0.0,0.0,0.0,2.05,2.71,3.23,10.042,14.236,12.867,12.87,12.867,15.992,0.0,0.0,0.0,0.0,455.67,1123.0,0.0,162.67,488.0,4,4.0,4,16,16.0,16,4,16,4.7,19.5
191,1,,,,,,,100,66,57,22,52.7,2565,10801,34,0,55.5,58.5;59.0;72.7;69.7;64.3;66.0;81.9;95.5;72.8;77.6;82.9;84.4;50.4;50.4;22.4;23.7;50.6;53.4;16.4;17.1;45.8;46.9;31.1;39.4,33.59,0.11,0.01,2.86,12.867,0.0,244.0,390.0,4,16,,,,,,,,,,,,,,,,,,,,,,,,,,,,,,,,,,,,,,,,,,,,,,,,,,,,,,,,,,,,,
191,2,,,,,,,100,58,68,18,236.2,2730,10801,34,0,31.8,28.3;25.5;37.9;43.7;29.9;30.5;72.6;68.7;46.0;48.8;68.3;65.9;22.4;22.8;9.8;10.6;22.5;21.9;6.0;6.1;22.1;19.9;14.2;19.3,33.96,0.11,0.06,3.22,12.867,0.0,48.0,439.0,4,16,,,,,,,,,,,,,,,,,,,,,,,,,,,,,,,,,,,,,,,,,,,,,,,,,,,,,,,,,,,,,
191,3,,,,,,,100,56,68,16,237.2,2730,10801,34,0,6.7,5.3;1.9;2.1;2.1;0.2;1.3;26.9;40.5;5.0;3.3;43.7;21.9;1.3;1.5;0.0;0.4;0.0;0.8;1.3;0.4;0.6;0.2;0.2;0.0,33.97,0.11,1.36,2.13,12.867,0.0,244.0,97.0,4,16,,,,,,,,,,,,,,,,,,,,,,,,,,,,,,,,,,,,,,,,,,,,,,,,,,,,,,,,,,,,,
191,summary,0.2984631033205822,0.9964385582992522,0.2828926146030426,1.0,0.00100000,41.0,,,,,,,,,,,,,,,,,,,,,,100,100.0,100,56,60.0,66,57,64.33,68,16,18.67,22,52.7,175.37,237.2,2675.0,10801.0,34.0,0,6.7,31.33,55.5,33.59,33.84,33.97,63.16,0.11,0.11,0.11,17.01,0.01,0.48,1.36,2.13,2.74,3.22,10.042,14.236,12.867,12.87,12.867,15.992,0.0,0.0,0.0,48.0,178.67,244.0,97.0,308.67,439.0,4,4.0,4,16,16.0,16,4,16,5.0,19.56
192,1,,,,,,,100,63,63,21,84.4,2745,10801,34,0,54.8,56.6;58.4;69.8;70.3;63.4;66.7;82.0;87.0;68.0;73.5;87.2;82.7;51.1;50.7;22.6;24.9;48.5;50.5;17.0;16.2;46.4;47.1;34.2;39.8,33.59,0.11,0.01,2.86,12.867,0.0,683.0,48.0,4,16,,,,,,,,,,,,,,,,,,,,,,,,,,,,,,,,,,,,,,,,,,,,,,,,,,,,,,,,,,,,,
192,2,,,,,,,98,77,66,18,234.3,2745,10801,34,0,33.4,30.0;27.9;42.1;41.6;33.5;34.5;60.5;75.8;50.3;53.4;67.5;73.2;26.7;25.7;7.8;9.0;23.9;23.0;6.8;6.2;22.6;22.5;16.6;20.8,33.94,0.11,0.02,3.31,12.867,0.0,1611.0,21386.0,4,16,,,,,,,,,,,,,,,,,,,,,,,,,,,,,,,,,,,,,,,,,,,,,,,,,,,,,,,,,,,,,
192,3,,,,,,,100,84,65,17,235.3,2730,10801,35,0,5.9,3.5;1.5;3.1;2.5;0.8;0.6;18.9;26.9;4.6;2.5;43.5;32.8;0.4;0.4;0.0;0.0;0.0;0.0;0.0;0.2;0.0;0.0;0.0;0.0,33.91,0.11,0.01,2.53,12.867,0.0,1171.0,48.0,4,16,,,,,,,,,,,,,,,,,,,,,,,,,,,,,,,,,,,,,,,,,,,,,,,,,,,,,,,,,,,,,
192,summary,0.2978629901798482,0.9966981518759052,0.2828894853591919,1.0,0.00100000,40.5,,,,,,,,,,,,,,,,,,,,,,98,99.33,100,63,74.67,84,63,64.67,66,17,18.67,21,84.4,184.67,235.3,2740.0,10801.0,34.3,0,5.9,31.37,54.8,33.59,33.81,33.94,63.16,0.11,0.11,0.11,17.01,0.01,0.01,0.02,2.53,2.9,3.31,10.042,14.236,12.867,12.87,12.867,15.992,0.0,0.0,0.0,683.0,1155.0,1611.0,48.0,7160.67,21386.0,4,4.0,4,16,16.0,16,4,16,4.7,19.5
193,1,,,,,,,100,45,62,25,64.9,2745,10801,34,0,55.2,59.5;58.6;70.3;70.8;62.7;63.0;88.4;80.7;75.0;76.9;90.1;84.1;51.1;51.8;22.8;23.5;49.2;51.6;17.7;18.5;43.2;45.8;31.7;38.3,33.58,0.11,0.04,3.2,12.867,0.0,439.0,0.0,4,16,,,,,,,,,,,,,,,,,,,,,,,,,,,,,,,,,,,,,,,,,,,,,,,,,,,,,,,,,,,,,
193,2,,,,,,,100,83,66,18,235.1,2730,10801,34,0,34.2,33.2;28.0;43.7;42.4;32.8;32.3;71.4;72.2;51.7;55.1;74.1;65.2;27.5;28.3;7.4;7.7;25.9;26.1;6.1;4.5;23.7;22.9;14.8;23.0,33.94,0.11,0.01,2.98,12.867,0.0,878.0,48.0,4,16,,,,,,,,,,,,,,,,,,,,,,,,,,,,,,,,,,,,,,,,,,,,,,,,,,,,,,,,,,,,,
193,3,,,,,,,100,54,67,20,236.5,2730,10801,34,0,5.2,1.2;0.2;0.6;0.6;0.4;0.2;34.3;22.4;2.1;0.8;26.8;34.2;0.0;0.2;0.0;0.0;0.4;0.0;0.0;0.0;1.0;0.0;0.0;0.0,33.92,0.11,0.01,2.5,12.867,0.0,488.0,0.0,4,16,,,,,,,,,,,,,,,,,,,,,,,,,,,,,,,,,,,,,,,,,,,,,,,,,,,,,,,,,,,,,
193,summary,0.29816204622750686,0.9966252835035113,0.282882958650589,1.0,0.00100000,40.5,,,,,,,,,,,,,,,,,,,,,,100,100.0,100,45,60.67,83,62,65.0,67,18,21.0,25,64.9,178.83,236.5,2735.0,10801.0,34.0,0,5.2,31.53,55.2,33.58,33.81,33.94,63.16,0.11,0.11,0.11,17.01,0.01,0.02,0.04,2.5,2.89,3.2,10.042,14.236,12.867,12.87,12.867,15.992,0.0,0.0,0.0,439.0,601.67,878.0,0.0,16.0,48.0,4,4.0,4,16,16.0,16,4,16,4.66,19.53
194,1,,,,,,,100,89,60,23,102.7,2745,10801,34,0,55.1,58.5;57.5;67.7;70.4;63.1;64.5;84.5;84.2;72.6;74.7;82.3;92.0;51.2;50.9;21.4;25.1;51.0;51.7;18.6;17.5;45.8;45.2;33.8;38.8,33.59,0.11,0.01,2.87,12.867,0.0,244.0,48.0,4,16,,,,,,,,,,,,,,,,,,,,,,,,,,,,,,,,,,,,,,,,,,,,,,,,,,,,,,,,,,,,,
194,2,,,,,,,100,68,68,19,233.7,2730,10801,34,0,31.6,26.1;26.4;40.5;41.3;29.0;30.5;73.1;66.8;46.1;48.5;67.9;62.9;23.6;24.9;8.5;8.5;23.1;22.6;6.5;5.8;21.5;19.9;14.3;20.3,33.92,0.11,0.01,2.99,12.867,0.0,1269.0,146.0,4,16,,,,,,,,,,,,,,,,,,,,,,,,,,,,,,,,,,,,,,,,,,,,,,,,,,,,,,,,,,,,,
194,3,,,,,,,98,74,68,21,232.9,2730,10801,34,0,5.8,3.9;0.8;1.9;1.7;0.8;1.3;31.9;34.3;2.5;1.7;23.7;31.5;0.4;0.4;0.6;0.0;0.2;0.2;0.0;0.2;0.0;0.2;0.0;0.4,33.9,0.11,0.03,2.51,12.867,0.0,244.0,97.0,4,16,,,,,,,,,,,,,,,,,,,,,,,,,,,,,,,,,,,,,,,,,,,,,,,,,,,,,,,,,,,,,
194,summary,0.29824941207368466,0.9965842950440398,0.2828795611858368,1.0,0.00100000,40.7,,,,,,,,,,,,,,,,,,,,,,98,99.33,100,68,77.0,89,60,65.33,68,19,21.0,23,102.7,189.77,233.7,2735.0,10801.0,34.0,0,5.8,30.83,55.1,33.59,33.8,33.92,63.16,0.11,0.11,0.11,17.01,0.01,0.02,0.03,2.51,2.79,2.99,10.042,14.236,12.867,12.87,12.867,15.992,0.0,0.0,0.0,244.0,585.67,1269.0,48.0,97.0,146.0,4,4.0,4,16,16.0,16,4,16,4.77,19.58
195,1,,,,,,,100,66,61,21,51.0,2565,10801,34,0,55.1,60.1;60.2;69.0;73.4;63.1;62.8;83.7;87.0;72.3;75.3;85.4;87.2;53.0;52.3;21.1;21.4;51.2;54.0;13.1;14.7;45.3;44.1;32.7;39.7,33.54,0.11,0.01,2.86,12.867,0.0,195.0,0.0,4,16,,,,,,,,,,,,,,,,,,,,,,,,,,,,,,,,,,,,,,,,,,,,,,,,,,,,,,,,,,,,,
195,2,,,,,,,100,68,66,18,235.7,2745,10801,34,0,32.1,29.3;27.9;38.9;39.5;29.5;31.8;68.9;67.0;48.4;51.8;66.4;72.7;25.3;24.0;9.4;9.3;23.3;22.5;5.6;6.6;19.5;20.4;12.7;19.7,33.89,0.11,0.01,3.01,12.867,0.0,25292.0,129345.0,4,16,,,,,,,,,,,,,,,,,,,,,,,,,,,,,,,,,,,,,,,,,,,,,,,,,,,,,,,,,,,,,
195,3,,,,,,,100,60,68,18,235.8,2730,10801,34,0,6.4,10.8;1.9;1.9;2.5;0.6;0.6;30.8;27.0;3.6;2.7;32.1;37.7;0.2;0.0;0.0;0.0;0.0;0.0;0.0;0.0;0.2;0.0;0.0;0.2,33.88,0.11,0.03,2.53,12.867,0.0,0.0,390.0,4,16,,,,,,,,,,,,,,,,,,,,,,,,,,,,,,,,,,,,,,,,,,,,,,,,,,,,,,,,,,,,,
195,summary,0.29825852716150525,0.9966184520935994,0.2828651964664459,1.0,0.00100000,40.8,,,,,,,,,,,,,,,,,,,,,,100,100.0,100,60,64.67,68,61,65.0,68,18,19.0,21,51.0,174.17,235.8,2680.0,10801.0,34.0,0,6.4,31.2,55.1,33.54,33.77,33.89,63.16,0.11,0.11,0.11,17.01,0.01,0.02,0.03,2.53,2.8,3.01,10.042,14.236,12.867,12.87,12.867,15.992,0.0,0.0,0.0,0.0,8495.67,25292.0,0.0,43245.0,129345.0,4,4.0,4,16,16.0,16,4,16,4.82,19.56
196,1,,,,,,,100,80,61,23,44.8,2565,10801,34,0,54.9,60.7;59.9;71.0;70.7;62.1;64.0;88.3;87.5;72.4;74.6;82.9;82.3;50.5;50.2;20.3;22.6;51.7;51.2;18.0;17.1;46.3;45.3;29.5;39.2,33.46,0.11,0.01,2.81,12.867,0.0,0.0,0.0,4,16,,,,,,,,,,,,,,,,,,,,,,,,,,,,,,,,,,,,,,,,,,,,,,,,,,,,,,,,,,,,,
196,2,,,,,,,100,54,67,17,235.7,2730,10801,34,0,31.5,27.8;26.3;41.0;37.2;27.7;27.9;67.4;66.6;46.4;51.8;66.8;73.8;23.5;22.7;8.2;7.8;22.7;22.0;5.8;6.8;21.2;20.8;14.2;18.5,33.84,0.11,0.01,2.99,12.867,0.0,16455.0,195.0,4,16,,,,,,,,,,,,,,,,,,,,,,,,,,,,,,,,,,,,,,,,,,,,,,,,,,,,,,,,,,,,,
196,3,,,,,,,100,62,68,15,233.7,2730,10801,34,0,5.8,4.5;0.8;1.9;1.5;0.4;0.2;22.9;45.2;2.1;4.2;26.9;27.0;0.0;1.1;0.0;0.0;0.0;0.0;0.0;0.2;0.0;0.2;0.0;0.0,33.82,0.11,0.01,2.46,12.867,0.0,146.0,537.0,4,16,,,,,,,,,,,,,,,,,,,,,,,,,,,,,,,,,,,,,,,,,,,,,,,,,,,,,,,,,,,,,
196,summary,0.29813932087317024,0.9967391403353767,0.28287583589553833,1.0,0.00100000,40.8,,,,,,,,,,,,,,,,,,,,,,100,100.0,100,54,65.33,80,61,65.33,68,15,18.33,23,44.8,171.4,235.7,2675.0,10801.0,34.0,0,5.8,30.73,54.9,33.46,33.71,33.84,63.16,0.11,0.11,0.11,17.01,0.01,0.01,0.01,2.46,2.75,2.99,10.042,14.236,12.867,12.87,12.867,15.992,0.0,0.0,0.0,0.0,5533.67,16455.0,0.0,244.0,537.0,4,4.0,4,16,16.0,16,4,16,4.9,19.62
197,1,,,,,,,100,89,62,22,102.3,2745,10801,34,0,55.5,60.7;61.3;70.3;69.6;64.1;62.8;83.4;92.7;73.2;77.7;80.6;85.4;52.2;51.6;21.5;24.9;50.8;50.9;18.2;16.7;44.3;47.1;33.6;37.9,33.35,0.11,0.02,2.62,12.867,0.0,18408.0,9716.0,4,16,,,,,,,,,,,,,,,,,,,,,,,,,,,,,,,,,,,,,,,,,,,,,,,,,,,,,,,,,,,,,
197,2,,,,,,,100,73,65,19,233.7,2730,10801,34,0,32.3,26.5;27.5;39.0;40.0;28.4;32.4;74.7;63.5;48.6;53.1;64.1;69.6;25.4;24.6;8.1;10.1;22.7;23.8;5.6;5.4;19.9;22.4;18.0;20.8,33.8,0.11,0.01,2.03,12.867,0.0,732.0,244.0,4,16,,,,,,,,,,,,,,,,,,,,,,,,,,,,,,,,,,,,,,,,,,,,,,,,,,,,,,,,,,,,,
197,3,,,,,,,98,77,66,16,232.7,2730,10801,34,0,5.6,3.1;0.6;1.5;1.5;0.6;0.2;29.8;23.3;2.5;3.8;32.3;33.9;0.0;0.0;0.0;0.0;0.0;0.0;0.0;0.2;0.4;0.2;0.0;0.0,33.79,0.11,0.02,1.73,12.867,0.0,488.0,195.0,4,16,,,,,,,,,,,,,,,,,,,,,,,,,,,,,,,,,,,,,,,,,,,,,,,,,,,,,,,,,,,,,
197,summary,0.2978999123703537,0.9967140918323663,0.2828740179538727,1.0,0.00100000,40.6,,,,,,,,,,,,,,,,,,,,,,98,99.33,100,73,79.67,89,62,64.33,66,16,19.0,22,102.3,189.57,233.7,2735.0,10801.0,34.0,0,5.6,31.13,55.5,33.35,33.65,33.8,63.16,0.11,0.11,0.11,17.01,0.01,0.02,0.02,1.73,2.13,2.62,10.042,14.236,12.867,12.87,12.867,15.992,0.0,0.0,0.0,488.0,6542.67,18408.0,195.0,3385.0,9716.0,4,4.0,4,16,16.0,16,4,16,4.75,19.56
198,1,,,,,,,97,74,63,20,105.0,2745,10801,34,0,55.3,59.8;60.3;71.7;70.2;62.1;63.2;83.2;92.3;73.7;76.2;85.7;84.2;49.4;49.5;22.1;23.7;47.8;50.8;17.5;18.1;44.3;48.3;32.9;39.4,33.46,0.11,0.01,1.54,12.867,0.0,146.0,85058.0,4,16,,,,,,,,,,,,,,,,,,,,,,,,,,,,,,,,,,,,,,,,,,,,,,,,,,,,,,,,,,,,,
198,2,,,,,,,100,64,68,19,233.6,2730,10801,34,0,30.7,27.7;25.3;36.1;41.2;26.7;29.2;67.7;71.3;44.2;49.4;63.4;67.7;23.0;21.9;7.3;8.6;21.4;21.6;6.1;6.8;18.4;21.4;13.7;16.8,33.81,0.11,0.01,2.53,12.867,0.0,25244.0,9423.0,4,16,,,,,,,,,,,,,,,,,,,,,,,,,,,,,,,,,,,,,,,,,,,,,,,,,,,,,,,,,,,,,
198,3,,,,,,,98,71,68,18,234.9,2730,10801,34,0,6.4,3.7;2.1;3.8;4.2;0.8;0.8;19.9;27.2;3.6;4.4;31.8;45.4;1.5;1.0;0.0;0.0;0.4;0.0;0.0;0.4;0.6;0.4;0.0;0.2,33.79,0.11,0.01,1.78,12.867,0.0,488.0,0.0,4,16,,,,,,,,,,,,,,,,,,,,,,,,,,,,,,,,,,,,,,,,,,,,,,,,,,,,,,,,,,,,,
198,summary,0.29818313727978263,0.9966389463233352,0.2828822135925293,1.0,0.00100000,40.9,,,,,,,,,,,,,,,,,,,,,,97,98.33,100,64,69.67,74,63,66.33,68,18,19.0,20,105.0,191.17,234.9,2735.0,10801.0,34.0,0,6.4,30.8,55.3,33.46,33.69,33.81,63.16,0.11,0.11,0.11,17.01,0.01,0.01,0.01,1.54,1.95,2.53,10.042,14.236,12.867,12.87,12.867,15.992,0.0,0.0,0.0,146.0,8626.0,25244.0,0.0,31493.67,85058.0,4,4.0,4,16,16.0,16,4,16,4.97,19.6
199,1,,,,,,,100,63,57,26,50.0,2565,10801,34,0,54.9,60.0;61.9;69.5;70.5;61.0;62.9;81.5;86.1;71.7;75.8;89.2;81.7;50.1;50.4;22.3;24.0;50.1;52.2;16.8;17.4;42.1;47.7;34.4;38.8,33.43,0.11,0.01,2.01,12.867,0.0,0.0,0.0,4,16,,,,,,,,,,,,,,,,,,,,,,,,,,,,,,,,,,,,,,,,,,,,,,,,,,,,,,,,,,,,,
199,2,,,,,,,100,46,68,24,235.9,2730,10801,34,0,31.4,28.1;25.4;40.9;35.4;29.1;31.7;63.3;81.9;46.9;49.9;61.6;66.1;23.6;22.5;9.6;10.0;20.3;20.8;6.6;6.5;20.4;19.7;15.1;18.6,33.79,0.11,0.02,2.19,12.867,0.0,244.0,195.0,4,16,,,,,,,,,,,,,,,,,,,,,,,,,,,,,,,,,,,,,,,,,,,,,,,,,,,,,,,,,,,,,
199,3,,,,,,,100,66,69,17,234.2,2730,10801,34,0,6.0,6.0;1.5;2.1;1.9;0.4;0.4;32.4;28.8;4.2;2.7;32.9;28.9;0.4;0.2;0.0;0.0;0.4;0.0;0.0;0.4;0.0;0.0;0.0;0.2,33.79,0.11,0.01,1.69,12.867,0.0,2343.0,0.0,4,16,,,,,,,,,,,,,,,,,,,,,,,,,,,,,,,,,,,,,,,,,,,,,,,,,,,,,,,,,,,,,
199,summary,0.2983031231407017,0.996541029447931,0.28286832571029663,1.0,0.00100000,40.7,,,,,,,,,,,,,,,,,,,,,,100,100.0,100,46,58.33,66,57,64.67,69,17,22.33,26,50.0,173.37,235.9,2675.0,10801.0,34.0,0,6.0,30.77,54.9,33.43,33.67,33.79,63.16,0.11,0.11,0.11,17.01,0.01,0.01,0.02,1.69,1.96,2.19,10.042,14.236,12.867,12.87,12.867,15.992,0.0,0.0,0.0,0.0,862.33,2343.0,0.0,65.0,195.0,4,4.0,4,16,16.0,16,4,16,4.94,19.58
200,1,,,,,,,100,62,62,26,82.1,2745,10801,34,0,55.7,61.7;59.6;69.6;71.3;61.7;61.9;85.6;81.7;72.5;75.3;86.8;88.7;53.2;50.8;26.3;26.6;49.0;51.3;20.0;18.4;42.1;48.7;35.3;37.7,33.44,0.11,0.02,1.81,12.867,0.0,927.0,146.0,4,16,,,,,,,,,,,,,,,,,,,,,,,,,,,,,,,,,,,,,,,,,,,,,,,,,,,,,,,,,,,,,
200,2,,,,,,,98,76,66,19,231.9,2730,10801,34,0,31.4,27.2;25.0;39.7;42.0;27.4;29.6;62.5;67.9;46.3;47.3;78.3;65.5;23.7;22.3;8.6;9.4;21.9;22.8;5.3;6.9;19.8;23.3;12.4;18.5,33.8,0.11,0.02,2.55,12.867,0.0,0.0,97.0,4,16,,,,,,,,,,,,,,,,,,,,,,,,,,,,,,,,,,,,,,,,,,,,,,,,,,,,,,,,,,,,,
200,3,,,,,,,100,58,66,18,236.3,2730,10801,34,0,5.4,2.5;0.2;1.3;0.4;0.4;0.0;37.7;29.6;2.5;2.5;21.4;30.0;0.4;0.0;0.0;0.0;0.0;0.0;0.0;0.2;0.0;0.0;0.2;0.0,33.79,0.11,0.0,1.37,12.867,0.0,1025.0,244.0,4,16,,,,,,,,,,,,,,,,,,,,,,,,,,,,,,,,,,,,,,,,,,,,,,,,,,,,,,,,,,,,,
200,summary,0.2978233389533809,0.9967254775155528,0.2828797698020935,1.0,0.00100000,40.9,,,,,,,,,,,,,,,,,,,,,,98,99.33,100,58,65.33,76,62,64.67,66,18,21.0,26,82.1,183.43,236.3,2735.0,10801.0,34.0,0,5.4,30.83,55.7,33.44,33.68,33.8,63.16,0.11,0.11,0.11,17.01,0.0,0.01,0.02,1.37,1.91,2.55,10.042,14.236,12.867,12.87,12.867,15.992,0.0,0.0,0.0,0.0,650.67,1025.0,97.0,162.33,244.0,4,4.0,4,16,16.0,16,4,16,4.98,19.51
201,1,,,,,,,100,26,58,22,39.1,2565,10801,34,0,54.8,59.7;60.3;69.8;67.9;60.4;63.5;84.8;82.8;73.6;75.5;82.6;90.6;49.8;51.3;21.5;22.7;48.4;51.7;17.5;17.2;43.8;48.8;32.7;38.5,33.45,0.11,0.01,2.11,12.867,0.0,1660.0,0.0,4,16,,,,,,,,,,,,,,,,,,,,,,,,,,,,,,,,,,,,,,,,,,,,,,,,,,,,,,,,,,,,,
201,2,,,,,,,100,47,66,18,236.2,2745,10801,34,0,32.8,28.7;27.2;40.4;43.5;29.7;30.9;71.9;64.1;49.8;52.3;73.7;65.9;24.2;24.3;9.1;9.8;22.9;24.3;7.9;7.3;20.4;23.5;16.4;19.7,33.79,0.11,0.02,2.24,12.867,0.0,1123.0,97.0,4,16,,,,,,,,,,,,,,,,,,,,,,,,,,,,,,,,,,,,,,,,,,,,,,,,,,,,,,,,,,,,,
201,3,,,,,,,100,67,67,17,234.7,2730,10801,34,0,6.2,4.7;1.0;2.1;2.7;1.0;1.7;35.2;23.6;4.4;1.5;32.4;34.0;0.4;0.4;0.6;0.0;0.2;0.6;0.0;0.0;0.4;0.2;0.2;0.4,33.77,0.11,0.01,1.4,12.867,0.0,0.0,390.0,4,16,,,,,,,,,,,,,,,,,,,,,,,,,,,,,,,,,,,,,,,,,,,,,,,,,,,,,,,,,,,,,
201,summary,0.2977472438160827,0.9966981518759052,0.28286707401275635,1.0,0.00100000,40.4,,,,,,,,,,,,,,,,,,,,,,100,100.0,100,26,46.67,67,58,63.67,67,17,19.0,22,39.1,170.0,236.2,2680.0,10801.0,34.0,0,6.2,31.27,54.8,33.45,33.67,33.79,63.16,0.11,0.11,0.11,17.01,0.01,0.01,0.02,1.4,1.92,2.24,10.042,14.236,12.867,12.87,12.867,15.992,0.0,0.0,0.0,0.0,927.67,1660.0,0.0,162.33,390.0,4,4.0,4,16,16.0,16,4,16,4.66,19.56
202,1,,,,,,,100,45,64,20,64.5,2745,10801,34,0,55.9,62.5;60.8;72.1;70.2;66.4;65.0;93.0;80.9;70.9;73.8;82.5;85.1;49.9;49.2;22.7;26.3;51.8;53.3;19.0;17.9;45.2;50.7;33.1;39.3,33.37,0.11,0.01,1.91,12.867,0.0,244.0,0.0,4,16,,,,,,,,,,,,,,,,,,,,,,,,,,,,,,,,,,,,,,,,,,,,,,,,,,,,,,,,,,,,,
202,2,,,,,,,100,77,67,21,236.5,2745,10801,34,0,32.0,31.4;25.1;40.8;38.4;27.4;27.4;66.0;68.7;49.0;54.0;63.3;80.4;22.8;23.0;8.4;9.0;22.8;22.2;5.7;6.0;20.5;22.3;14.6;19.2,33.79,0.11,0.01,2.21,12.867,0.0,732.0,0.0,4,16,,,,,,,,,,,,,,,,,,,,,,,,,,,,,,,,,,,,,,,,,,,,,,,,,,,,,,,,,,,,,
202,3,,,,,,,100,55,67,18,237.2,2730,10801,35,0,5.5,3.9;0.6;1.0;0.2;0.2;0.0;34.8;35.2;2.9;1.5;16.7;33.1;0.6;0.0;0.0;0.0;0.4;0.0;0.2;0.6;0.2;0.0;0.2;0.4,33.78,0.11,0.01,1.41,12.867,0.0,0.0,488.0,4,16,,,,,,,,,,,,,,,,,,,,,,,,,,,,,,,,,,,,,,,,,,,,,,,,,,,,,,,,,,,,,
202,summary,0.2980035169834384,0.9966913204659933,0.28286778926849365,0.9998888888888889,0.00100000,40.5,,,,,,,,,,,,,,,,,,,,,,100,100.0,100,45,59.0,77,64,66.0,67,18,19.67,21,64.5,179.4,237.2,2740.0,10801.0,34.3,0,5.5,31.13,55.9,33.37,33.65,33.79,63.16,0.11,0.11,0.11,17.01,0.01,0.01,0.01,1.41,1.84,2.21,10.042,14.236,12.867,12.87,12.867,15.992,0.0,0.0,0.0,0.0,325.33,732.0,0.0,162.67,488.0,4,4.0,4,16,16.0,16,4,16,5.01,19.47
203,1,,,,,,,100,71,59,22,48.9,2565,10801,34,0,55.4,61.3;62.4;68.2;71.9;64.1;66.9;89.0;84.4;69.4;74.0;85.6;82.3;48.1;50.2;22.7;23.7;49.0;52.5;17.9;16.9;43.9;50.0;35.8;38.5,33.37,0.11,0.01,1.59,12.867,0.0,1074.0,390.0,4,16,,,,,,,,,,,,,,,,,,,,,,,,,,,,,,,,,,,,,,,,,,,,,,,,,,,,,,,,,,,,,
203,2,,,,,,,100,59,68,18,235.2,2730,10801,34,0,34.7,30.3;29.3;47.2;45.0;31.8;32.0;66.3;73.7;50.7;53.0;68.3;76.5;26.4;27.5;8.6;10.6;26.8;26.3;7.0;5.6;23.5;25.1;18.6;22.1,33.8,0.11,0.05,2.7,12.867,0.0,0.0,341.0,4,16,,,,,,,,,,,,,,,,,,,,,,,,,,,,,,,,,,,,,,,,,,,,,,,,,,,,,,,,,,,,,
203,3,,,,,,,100,53,69,15,236.4,2730,10801,34,0,6.0,2.9;1.3;2.7;2.7;0.0;0.6;40.7;30.3;1.7;4.4;30.1;22.9;0.4;0.8;0.0;0.0;0.2;0.2;0.0;0.0;0.4;0.0;0.0;0.4,33.79,0.11,0.0,1.41,12.867,0.0,878.0,97.0,4,16,,,,,,,,,,,,,,,,,,,,,,,,,,,,,,,,,,,,,,,,,,,,,,,,,,,,,,,,,,,,,
203,summary,0.29803281174991064,0.9966890433293559,0.2828633189201355,0.9998888888888889,0.00100000,40.4,,,,,,,,,,,,,,,,,,,,,,100,100.0,100,53,61.0,71,59,65.33,69,15,18.33,22,48.9,173.5,236.4,2675.0,10801.0,34.0,0,6.0,32.03,55.4,33.37,33.65,33.8,63.16,0.11,0.11,0.11,17.01,0.0,0.02,0.05,1.41,1.9,2.7,10.042,14.236,12.867,12.87,12.867,15.992,0.0,0.0,0.0,0.0,650.67,1074.0,97.0,276.0,390.0,4,4.0,4,16,16.0,16,4,16,4.58,19.47
204,1,,,,,,,100,87,62,20,100.8,2745,10801,34,0,54.4,64.4;63.5;65.1;69.3;63.2;67.2;78.4;78.4;64.4;71.2;72.1;75.4;55.1;53.3;29.3;35.6;43.0;44.5;30.8;29.5;34.8;40.3;37.3;38.2,33.46,0.11,0.05,2.47,12.867,0.0,1464.0,0.0,4,16,,,,,,,,,,,,,,,,,,,,,,,,,,,,,,,,,,,,,,,,,,,,,,,,,,,,,,,,,,,,,
204,2,,,,,,,100,50,67,19,230.1,2730,10801,34,0,31.1,31.7;39.3;37.6;41.0;32.8;41.9;58.3;54.6;36.7;44.8;49.6;53.5;26.9;32.0;14.8;15.2;19.9;20.1;13.1;15.8;16.2;19.0;13.9;18.4,33.86,0.11,0.06,3.39,12.945,0.0,2978.0,9960.0,4,16,,,,,,,,,,,,,,,,,,,,,,,,,,,,,,,,,,,,,,,,,,,,,,,,,,,,,,,,,,,,,
204,3,,,,,,,100,47,67,16,236.2,2730,10801,34,0,10.6,22.3;5.1;8.9;7.3;4.5;6.7;24.6;43.0;13.4;13.9;39.6;46.1;2.5;3.0;1.0;0.2;1.6;1.8;1.2;0.0;1.4;1.4;2.7;1.0,33.95,0.11,2.93,3.59,12.998,0.0,97.0,439.0,4,16,,,,,,,,,,,,,,,,,,,,,,,,,,,,,,,,,,,,,,,,,,,,,,,,,,,,,,,,,,,,,
204,summary,0.2981170049179459,0.9965774636341279,0.28286290168762207,0.9998888888888889,0.00100000,41.7,,,,,,,,,,,,,,,,,,,,,,100,100.0,100,47,61.33,87,62,65.33,67,16,18.33,20,100.8,189.03,236.2,2735.0,10801.0,34.0,0,10.6,32.03,54.4,33.46,33.76,33.95,63.16,0.11,0.11,0.11,17.01,0.05,1.01,2.93,2.47,3.15,3.59,10.042,14.236,12.867,12.94,12.998,15.992,0.0,0.0,0.0,97.0,1513.0,2978.0,0.0,3466.33,9960.0,4,4.0,4,16,16.0,16,4,16,4.24,20.29
205,1,,,,,,,88,27,51,32,47.3,2760,10801,30,0,12.2,10.7;8.7;10.2;10.3;8.4;8.9;29.2;43.9;13.4;16.9;24.7;42.7;6.8;7.3;3.9;4.0;5.6;6.7;5.0;3.7;6.1;6.3;5.1;5.0,32.95,0.12,0.16,1.02,13.938,0.967,390.0,3759.0,4,16,,,,,,,,,,,,,,,,,,,,,,,,,,,,,,,,,,,,,,,,,,,,,,,,,,,,,,,,,,,,,
205,2,,,,,,,100,75,60,23,231.3,2745,10801,30,0,34.3,33.1;39.1;36.3;43.4;28.4;42.9;55.6;58.7;35.8;48.4;61.8;53.5;27.5;36.2;15.3;21.8;22.8;33.2;14.8;17.8;19.7;31.3;18.1;26.2,34.13,0.12,0.23,0.65,13.936,0.965,341.0,1611.0,4,16,,,,,,,,,,,,,,,,,,,,,,,,,,,,,,,,,,,,,,,,,,,,,,,,,,,,,,,,,,,,,
205,3,,,,,,,100,47,61,24,231.9,2745,10801,30,0,7.3,17.6;0.6;1.3;2.0;0.6;1.1;26.6;43.7;3.5;6.4;34.0;32.7;0.7;0.6;0.0;0.0;0.2;0.2;0.0;0.0;0.6;0.7;0.2;0.4,34.11,0.12,0.0,0.15,13.903,0.932,878.0,244.0,4,16,,,,,,,,,,,,,,,,,,,,,,,,,,,,,,,,,,,,,,,,,,,,,,,,,,,,,,,,,,,,,
205,summary,0.3007219928708203,0.995657500432656,0.28366023302078247,0.9995555555555555,0.00100000,84.7,,,,,,,,,,,,,,,,,,,,,,88,96.0,100,27,49.67,75,51,57.33,61,23,26.33,32,47.3,170.17,231.9,2750.0,10801.0,30.0,0,7.3,17.93,34.3,32.95,33.73,34.13,63.16,0.12,0.12,0.12,16.0,0.0,0.13,0.23,0.15,0.61,1.02,9.281,12.971,13.903,13.93,13.938,15.992,0.932,0.95,0.967,341.0,536.33,878.0,244.0,1871.33,3759.0,4,4.0,4,16,16.0,16,4,16,48.97,19.63
206,1,,,,,,,100,71,58,26,83.1,2745,10801,30,0,55.2,65.6;62.4;73.8;73.4;69.7;71.9;85.1;85.1;73.3;75.4;83.9;77.7;51.2;51.4;20.9;21.6;44.4;48.9;17.9;17.8;42.0;44.1;32.1;35.1,33.85,0.12,0.07,0.9,14.011,1.04,341.0,292.0,4,16,,,,,,,,,,,,,,,,,,,,,,,,,,,,,,,,,,,,,,,,,,,,,,,,,,,,,,,,,,,,,
206,2,,,,,,,98,77,62,22,231.2,2745,10801,30,0,40.0,40.6;48.8;58.4;57.6;53.7;55.9;67.6;74.0;59.5;59.2;73.5;73.9;28.0;29.1;10.9;11.2;25.4;26.6;9.3;8.0;24.5;25.8;17.9;21.2,34.14,0.11,0.5,2.2,14.011,1.04,830.0,244.0,4,16,,,,,,,,,,,,,,,,,,,,,,,,,,,,,,,,,,,,,,,,,,,,,,,,,,,,,,,,,,,,,
206,3,,,,,,,100,75,64,26,234.1,2745,10801,30,0,6.0,4.3;0.0;2.4;0.9;1.3;0.9;34.6;34.2;4.0;4.6;35.0;21.5;0.0;0.6;0.0;0.0;0.0;0.0;0.0;0.0;0.7;0.0;0.2;0.0,34.13,0.11,0.0,1.58,14.011,1.04,439.0,1611.0,4,16,,,,,,,,,,,,,,,,,,,,,,,,,,,,,,,,,,,,,,,,,,,,,,,,,,,,,,,,,,,,,
206,summary,0.3065803704910277,0.9936968857879348,0.28373029828071594,0.9996666666666667,0.00100000,39.6,,,,,,,,,,,,,,,,,,,,,,98,99.33,100,71,74.33,77,58,61.33,64,22,24.67,26,83.1,182.8,234.1,2745.0,10801.0,30.0,0,6.0,33.73,55.2,33.85,34.04,34.14,63.16,0.11,0.11,0.12,16.0,0.0,0.19,0.5,0.9,1.56,2.2,9.281,12.971,14.011,14.01,14.011,15.992,1.04,1.04,1.04,341.0,536.67,830.0,244.0,715.67,1611.0,4,4.0,4,16,16.0,16,4,16,4.23,19.44
207,1,,,,,,,100,74,60,27,101.3,2745,10801,31,0,56.2,63.4;66.9;73.8;73.1;71.5;73.8;90.6;82.6;72.5;76.0;80.1;82.1;52.3;53.6;21.7;23.3;48.0;51.4;17.2;16.8;44.3;45.2;31.5;36.4,33.86,0.11,0.04,2.37,14.896,1.925,97.0,1562.0,4,16,,,,,,,,,,,,,,,,,,,,,,,,,,,,,,,,,,,,,,,,,,,,,,,,,,,,,,,,,,,,,
207,2,,,,,,,100,68,64,19,233.4,2745,10801,31,0,37.2,39.8;42.1;54.9;55.1;49.3;52.2;66.3;69.9;56.2;57.7;70.9;74.2;23.9;25.5;9.3;11.4;20.3;23.7;8.2;8.3;19.6;20.5;14.9;19.4,34.15,0.11,0.01,2.22,14.896,1.925,341.0,585.0,4,16,,,,,,,,,,,,,,,,,,,,,,,,,,,,,,,,,,,,,,,,,,,,,,,,,,,,,,,,,,,,,
207,3,,,,,,,100,91,65,18,235.5,2745,10801,32,0,7.2,6.5;1.3;3.7;2.2;1.8;0.7;30.5;37.2;8.6;4.2;43.2;27.1;0.7;0.6;0.2;0.2;0.2;0.4;0.4;0.0;1.5;0.4;0.0;0.6,34.14,0.11,0.0,1.48,14.896,1.925,390.0,1904.0,4,16,,,,,,,,,,,,,,,,,,,,,,,,,,,,,,,,,,,,,,,,,,,,,,,,,,,,,,,,,,,,,
207,summary,0.30578254469019517,0.9940430105568054,0.28394678235054016,0.9995555555555555,0.00100000,40.0,,,,,,,,,,,,,,,,,,,,,,100,100.0,100,68,77.67,91,60,63.0,65,18,21.33,27,101.3,190.07,235.5,2745.0,10801.0,31.3,0,7.2,33.53,56.2,33.86,34.05,34.15,63.16,0.11,0.11,0.11,16.0,0.0,0.02,0.04,1.48,2.02,2.37,9.281,12.971,14.896,14.9,14.896,15.992,1.925,1.93,1.925,97.0,276.0,390.0,585.0,1350.33,1904.0,4,4.0,4,16,16.0,16,4,16,4.53,19.5
208,1,,,,,,,100,45,59,26,59.9,2565,10801,32,0,56.3,66.7;64.2;75.0;74.5;71.7;71.8;83.7;88.8;72.8;75.3;78.9;82.3;49.2;50.1;24.2;25.5;44.4;48.9;21.9;20.3;44.2;45.8;34.2;37.9,33.91,0.11,0.01,1.61,14.896,1.925,585.0,195.0,4,16,,,,,,,,,,,,,,,,,,,,,,,,,,,,,,,,,,,,,,,,,,,,,,,,,,,,,,,,,,,,,
208,2,,,,,,,100,84,65,18,235.2,2745,10801,33,0,39.4,37.2;45.1;56.8;57.0;54.1;55.0;86.7;61.9;57.5;58.9;74.7;66.1;28.4;28.1;11.0;12.0;25.2;26.7;9.0;8.0;22.8;23.4;16.7;22.8,34.18,0.11,0.03,2.46,14.896,1.925,146.0,1904.0,4,16,,,,,,,,,,,,,,,,,,,,,,,,,,,,,,,,,,,,,,,,,,,,,,,,,,,,,,,,,,,,,
208,3,,,,,,,100,70,66,18,236.0,2745,10801,33,0,5.5,2.6;0.7;1.1;1.1;0.2;0.6;27.6;36.1;2.2;2.0;30.4;25.6;0.4;0.0;0.0;0.0;0.0;0.0;0.0;0.4;0.0;0.2;0.0;0.0,34.16,0.11,0.0,1.58,14.896,1.925,390.0,1562.0,4,16,,,,,,,,,,,,,,,,,,,,,,,,,,,,,,,,,,,,,,,,,,,,,,,,,,,,,,,,,,,,,
208,summary,0.3044612583674577,0.9945143778407279,0.28359824419021606,0.9995555555555555,0.00100000,39.6,,,,,,,,,,,,,,,,,,,,,,100,100.0,100,45,66.33,84,59,63.33,66,18,20.67,26,59.9,177.03,236.0,2685.0,10801.0,32.7,0,5.5,33.73,56.3,33.91,34.08,34.18,63.16,0.11,0.11,0.11,16.0,0.0,0.01,0.03,1.58,1.88,2.46,9.281,12.971,14.896,14.9,14.896,15.992,1.925,1.93,1.925,146.0,373.67,585.0,195.0,1220.33,1904.0,4,4.0,4,16,16.0,16,4,16,4.18,19.54
209,1,,,,,,,100,39,54,22,42.1,270,5001,33,0,55.2,64.8;63.5;73.9;73.4;72.8;72.4;77.7;86.4;73.4;74.6;84.3;85.9;51.3;52.8;20.8;20.5;44.1;48.3;14.7;14.7;43.1;44.9;29.6;36.7,33.85,0.11,0.01,2.21,14.896,1.925,146.0,1904.0,4,16,,,,,,,,,,,,,,,,,,,,,,,,,,,,,,,,,,,,,,,,,,,,,,,,,,,,,,,,,,,,,
209,2,,,,,,,100,60,67,22,236.5,2730,10801,33,0,39.9,37.7;48.8;59.2;58.1;52.9;56.1;70.2;75.3;57.1;59.8;68.6;73.7;28.2;30.7;11.3;9.0;25.6;26.9;8.7;8.1;24.1;24.4;19.0;22.8,34.15,0.11,0.0,2.25,14.896,1.925,585.0,26904.0,4,16,,,,,,,,,,,,,,,,,,,,,,,,,,,,,,,,,,,,,,,,,,,,,,,,,,,,,,,,,,,,,
209,3,,,,,,,100,50,68,16,235.4,2730,10801,34,0,5.7,3.6;0.7;1.5;1.1;0.4;0.6;26.8;37.1;3.3;2.4;25.1;33.1;0.2;0.2;0.2;0.0;0.0;0.2;0.0;0.0;0.4;0.0;0.0;0.0,34.12,0.11,0.01,1.49,14.896,1.925,1513.0,1562.0,4,16,,,,,,,,,,,,,,,,,,,,,,,,,,,,,,,,,,,,,,,,,,,,,,,,,,,,,,,,,,,,,
209,summary,0.304317511628792,0.9945599205734741,0.28378820419311523,0.9995555555555555,0.00100000,39.7,,,,,,,,,,,,,,,,,,,,,,100,100.0,100,39,49.67,60,54,63.0,68,16,20.0,22,42.1,171.33,236.5,1910.0,8867.7,33.3,0,5.7,33.6,55.2,33.85,34.04,34.15,63.16,0.11,0.11,0.11,17.01,0.0,0.01,0.01,1.49,1.98,2.25,9.281,12.971,14.896,14.9,14.896,15.992,1.925,1.93,1.925,146.0,748.0,1513.0,1562.0,10123.33,26904.0,4,4.0,4,16,16.0,16,4,16,4.08,19.52
210,1,,,,,,,100,39,58,26,38.7,2565,10801,34,0,56.1,61.5;64.8;73.8;74.3;71.7;73.5;79.8;81.7;73.6;76.0;94.7;80.3;50.7;54.7;23.7;23.2;44.9;50.2;16.9;17.8;42.9;46.4;32.9;36.9,33.85,0.11,0.01,1.58,14.896,1.925,830.0,3662.0,4,16,,,,,,,,,,,,,,,,,,,,,,,,,,,,,,,,,,,,,,,,,,,,,,,,,,,,,,,,,,,,,
210,2,,,,,,,100,50,67,19,234.4,2730,10801,34,0,40.1,41.1;44.7;55.8;55.4;50.4;52.6;70.7;77.6;59.3;59.4;75.1;70.1;28.7;28.6;8.4;10.4;25.5;25.1;14.8;26.6;22.3;21.9;16.4;20.3,34.1,0.11,21.04,2.55,14.896,1.925,6298.0,124316.0,4,16,,,,,,,,,,,,,,,,,,,,,,,,,,,,,,,,,,,,,,,,,,,,,,,,,,,,,,,,,,,,,
210,3,,,,,,,98,69,68,19,234.9,2730,10801,34,0,7.0,1.5;1.5;1.5;1.3;0.7;0.6;36.1;44.5;3.7;1.8;26.3;32.8;0.4;0.9;0.0;0.4;0.4;0.0;3.9;8.6;0.0;0.0;0.4;0.4,34.06,0.11,0.92,1.56,14.896,1.925,146.0,1904.0,4,16,,,,,,,,,,,,,,,,,,,,,,,,,,,,,,,,,,,,,,,,,,,,,,,,,,,,,,,,,,,,,
210,summary,0.30433499965773747,0.9946214032626813,0.28351569175720215,0.9997777777777778,0.00100000,39.6,,,,,,,,,,,,,,,,,,,,,,98,99.33,100,39,52.67,69,58,64.33,68,19,21.33,26,38.7,169.33,234.9,2675.0,10801.0,34.0,0,7.0,34.4,56.1,33.85,34.0,34.1,63.16,0.11,0.11,0.11,17.01,0.01,7.32,21.04,1.56,1.9,2.55,9.281,12.971,14.896,14.9,14.896,15.992,1.925,1.93,1.925,146.0,2424.67,6298.0,1904.0,43294.0,124316.0,4,4.0,4,16,16.0,16,4,16,4.37,19.47
211,1,,,,,,,90,48,55,22,36.3,255,5001,34,0,55.8,62.9;63.9;74.4;74.3;71.9;72.6;83.1;82.6;72.8;74.4;92.4;78.2;52.5;51.4;21.6;20.3;47.0;49.0;16.3;16.9;44.1;44.8;34.6;36.0,33.81,0.11,0.0,2.22,14.896,1.925,195.0,1660.0,4,16,,,,,,,,,,,,,,,,,,,,,,,,,,,,,,,,,,,,,,,,,,,,,,,,,,,,,,,,,,,,,
211,2,,,,,,,100,62,67,17,234.4,2730,10801,34,0,38.9,38.6;43.9;55.6;57.0;50.7;53.8;70.4;70.1;57.5;57.5;76.7;69.7;26.7;28.0;10.7;12.3;25.2;23.9;9.4;10.0;20.5;23.3;19.5;21.5,34.06,0.11,0.26,2.31,14.896,1.925,1269.0,1513.0,4,16,,,,,,,,,,,,,,,,,,,,,,,,,,,,,,,,,,,,,,,,,,,,,,,,,,,,,,,,,,,,,
211,3,,,,,,,98,76,66,17,234.1,2730,10801,34,0,5.5,3.4;0.2;0.9;1.1;1.6;0.2;34.5;24.3;2.0;2.4;27.0;33.0;0.0;0.0;0.0;0.0;0.2;0.0;0.2;0.0;0.0;0.0;0.0;0.0,34.03,0.11,0.01,1.49,14.896,1.925,1025.0,1611.0,4,16,,,,,,,,,,,,,,,,,,,,,,,,,,,,,,,,,,,,,,,,,,,,,,,,,,,,,,,,,,,,,
211,summary,0.3035963867319962,0.9947830799639301,0.28342825174331665,0.9998888888888889,0.00100000,39.7,,,,,,,,,,,,,,,,,,,,,,90,96.0,100,48,62.0,76,55,62.67,67,17,18.67,22,36.3,168.27,234.4,1905.0,8867.7,34.0,0,5.5,33.4,55.8,33.81,33.97,34.06,63.16,0.11,0.11,0.11,17.01,0.0,0.09,0.26,1.49,2.01,2.31,9.281,12.971,14.896,14.9,14.896,15.992,1.925,1.93,1.925,195.0,829.67,1269.0,1513.0,1594.67,1660.0,4,4.0,4,16,16.0,16,4,16,4.32,19.45
212,1,,,,,,,100,48,56,21,40.8,450,5001,34,0,56.5,63.9;65.3;74.8;73.6;71.8;72.5;78.5;89.3;74.9;76.4;78.9;89.4;52.1;54.9;22.3;22.9;47.0;51.4;17.3;16.8;44.8;47.7;32.3;37.3,33.76,0.11,0.03,1.65,14.896,1.925,1660.0,1611.0,4,16,,,,,,,,,,,,,,,,,,,,,,,,,,,,,,,,,,,,,,,,,,,,,,,,,,,,,,,,,,,,,
212,2,,,,,,,100,47,67,16,235.5,2730,10801,34,0,39.2,36.9;42.2;54.6;57.2;48.4;52.5;69.3;73.6;55.3;59.5;80.2;70.6;27.8;29.1;14.1;13.1;24.5;26.4;9.4;10.3;23.0;23.6;15.5;22.9,34.07,0.11,0.01,2.49,14.896,1.925,40429.0,11962.0,4,16,,,,,,,,,,,,,,,,,,,,,,,,,,,,,,,,,,,,,,,,,,,,,,,,,,,,,,,,,,,,,
212,3,,,,,,,98,72,68,16,234.8,2730,10801,34,0,8.5,15.5;1.3;3.5;4.0;0.7;2.6;40.1;46.5;4.8;6.2;21.8;40.0;0.7;0.5;0.0;0.0;0.0;0.0;12.3;2.0;0.4;0.4;0.0;0.4,33.12,0.11,0.01,2.11,14.896,1.925,54833.0,19091.0,4,16,,,,,,,,,,,,,,,,,,,,,,,,,,,,,,,,,,,,,,,,,,,,,,,,,,,,,,,,,,,,,
212,summary,0.30331535864519366,0.9949470338018163,0.2833658754825592,0.9997777777777778,0.00100000,39.9,,,,,,,,,,,,,,,,,,,,,,98,99.33,100,47,55.67,72,56,63.67,68,16,17.67,21,40.8,170.37,235.5,1970.0,8867.7,34.0,0,8.5,34.73,56.5,33.12,33.65,34.07,63.16,0.11,0.11,0.11,17.01,0.01,0.02,0.03,1.65,2.08,2.49,9.281,12.971,14.896,14.9,14.896,15.992,1.925,1.93,1.925,1660.0,32307.33,54833.0,1611.0,10888.0,19091.0,4,4.0,4,16,16.0,16,4,16,4.36,19.56
213,1,,,,,,,100,51,61,22,55.2,2565,10801,34,0,55.4,60.4;66.3;74.0;74.0;72.0;72.4;87.0;78.0;74.2;75.6;85.9;82.8;48.6;49.7;23.0;22.5;44.6;49.2;17.1;17.7;44.3;43.1;31.5;34.9,32.86,0.11,0.01,2.0,14.896,1.925,146.0,1611.0,4,16,,,,,,,,,,,,,,,,,,,,,,,,,,,,,,,,,,,,,,,,,,,,,,,,,,,,,,,,,,,,,
213,2,,,,,,,100,76,67,18,236.3,2730,10801,34,0,38.5,43.7;42.0;56.8;56.7;51.5;54.1;62.7;73.0;55.9;58.9;63.4;83.4;27.7;28.7;10.0;11.5;23.3;24.5;8.2;8.4;20.4;22.7;16.0;19.4,33.13,0.11,0.01,2.4,14.896,1.925,1464.0,7861.0,4,16,,,,,,,,,,,,,,,,,,,,,,,,,,,,,,,,,,,,,,,,,,,,,,,,,,,,,,,,,,,,,
213,3,,,,,,,100,54,69,17,238.5,2730,10801,34,0,6.9,8.6;2.0;2.2;2.6;1.5;1.5;24.6;35.4;4.0;5.0;26.7;42.0;1.3;0.9;0.4;0.7;0.4;0.4;0.7;0.9;0.7;0.6;0.6;1.1,33.11,0.11,0.0,1.44,14.896,1.925,1513.0,1513.0,4,16,,,,,,,,,,,,,,,,,,,,,,,,,,,,,,,,,,,,,,,,,,,,,,,,,,,,,,,,,,,,,
213,summary,0.3032606188965396,0.9949629737582774,0.2834205627441406,0.9997777777777778,0.00100000,39.7,,,,,,,,,,,,,,,,,,,,,,100,100.0,100,51,60.33,76,61,65.67,69,17,19.0,22,55.2,176.67,238.5,2675.0,10801.0,34.0,0,6.9,33.6,55.4,32.86,33.03,33.13,63.16,0.11,0.11,0.11,17.01,0.0,0.01,0.01,1.44,1.95,2.4,9.281,12.971,14.896,14.9,14.896,15.992,1.925,1.93,1.925,146.0,1041.0,1513.0,1513.0,3661.67,7861.0,4,4.0,4,16,16.0,16,4,16,4.21,19.53
214,1,,,,,,,100,83,64,26,101.7,2745,10801,35,0,55.3,60.6;67.9;73.4;72.7;71.1;72.5;91.4;82.2;72.2;74.6;79.5;79.1;50.6;54.4;22.1;22.5;44.7;48.8;15.6;16.6;43.4;43.2;30.3;38.5,32.84,0.11,0.01,1.94,14.896,1.925,390.0,292.0,4,16,,,,,,,,,,,,,,,,,,,,,,,,,,,,,,,,,,,,,,,,,,,,,,,,,,,,,,,,,,,,,
214,2,,,,,,,100,65,66,19,235.2,2730,10801,34,0,40.4,47.0;43.3;57.0;58.1;49.9;54.6;71.6;72.1;59.5;61.9;74.3;74.7;31.6;30.1;9.5;11.8;26.1;28.4;7.4;7.1;24.5;24.1;19.6;23.8,33.1,0.11,0.05,3.05,14.896,1.925,390.0,439.0,4,16,,,,,,,,,,,,,,,,,,,,,,,,,,,,,,,,,,,,,,,,,,,,,,,,,,,,,,,,,,,,,
214,3,,,,,,,98,77,67,20,235.0,2730,10801,35,0,7.4,4.5;0.4;4.6;2.0;1.1;1.3;39.3;38.8;10.8;8.2;39.9;21.8;0.7;0.9;0.0;0.2;0.0;0.6;0.2;0.6;0.4;0.0;0.2;0.4,33.09,0.11,0.05,1.51,14.896,1.925,1269.0,1513.0,4,16,,,,,,,,,,,,,,,,,,,,,,,,,,,,,,,,,,,,,,,,,,,,,,,,,,,,,,,,,,,,,
214,summary,0.3029729118972016,0.995049504950495,0.28348591923713684,0.9995555555555555,0.00100000,39.7,,,,,,,,,,,,,,,,,,,,,,98,99.33,100,65,75.0,83,64,65.67,67,19,21.67,26,101.7,190.63,235.2,2735.0,10801.0,34.7,0,7.4,34.37,55.3,32.84,33.01,33.1,63.16,0.11,0.11,0.11,17.01,0.01,0.04,0.05,1.51,2.17,3.05,9.281,12.971,14.896,14.9,14.896,15.992,1.925,1.93,1.925,390.0,683.0,1269.0,292.0,748.0,1513.0,4,4.0,4,16,16.0,16,4,16,4.28,19.44
215,1,,,,,,,100,71,65,21,84.3,2745,10801,34,0,55.5,64.2;65.6;73.2;73.3;71.0;72.7;85.3;85.0;73.4;75.6;79.2;83.4;51.5;51.6;20.5;23.0;44.7;48.2;18.3;17.4;44.2;44.2;30.5;36.1,32.76,0.11,0.0,1.93,14.896,1.925,2392.0,11865.0,4,16,,,,,,,,,,,,,,,,,,,,,,,,,,,,,,,,,,,,,,,,,,,,,,,,,,,,,,,,,,,,,
215,2,,,,,,,98,77,64,16,234.3,2730,10801,34,0,39.8,42.6;39.5;56.4;57.7;53.4;55.5;77.3;65.6;57.5;60.0;79.9;61.8;28.4;27.9;8.5;15.1;25.9;27.5;11.3;11.4;22.4;25.6;21.0;21.9,33.12,0.11,0.01,2.42,14.896,1.925,1757.0,244.0,4,16,,,,,,,,,,,,,,,,,,,,,,,,,,,,,,,,,,,,,,,,,,,,,,,,,,,,,,,,,,,,,
215,3,,,,,,,100,68,67,15,237.5,2730,10801,34,0,5.7,4.0;0.7;1.5;1.1;0.4;0.2;30.6;25.3;1.7;4.2;25.3;40.6;0.2;0.0;0.0;0.0;0.0;0.0;0.0;0.0;0.0;0.0;0.0;0.0,33.11,0.11,0.0,1.69,14.896,1.925,1708.0,1611.0,4,16,,,,,,,,,,,,,,,,,,,,,,,,,,,,,,,,,,,,,,,,,,,,,,,,,,,,,,,,,,,,,
215,summary,0.3031830359428959,0.9950062393543863,0.2834417521953583,0.9995555555555555,0.00100000,39.7,,,,,,,,,,,,,,,,,,,,,,98,99.33,100,68,72.0,77,64,65.33,67,15,17.33,21,84.3,185.37,237.5,2735.0,10801.0,34.0,0,5.7,33.67,55.5,32.76,33.0,33.12,63.16,0.11,0.11,0.11,17.01,0.0,0.0,0.01,1.69,2.01,2.42,9.281,12.971,14.896,14.9,14.896,15.992,1.925,1.93,1.925,1708.0,1952.33,2392.0,244.0,4573.33,11865.0,4,4.0,4,16,16.0,16,4,16,4.18,19.44
216,1,,,,,,,100,80,62,20,85.6,2745,10801,34,0,55.7,61.5;67.5;74.1;73.2;71.5;73.9;87.0;84.2;72.9;74.8;76.4;84.6;51.6;54.3;20.0;21.2;44.7;49.1;15.7;16.9;42.4;45.8;34.6;38.0,32.77,0.11,0.0,1.98,14.896,1.925,341.0,195.0,4,16,,,,,,,,,,,,,,,,,,,,,,,,,,,,,,,,,,,,,,,,,,,,,,,,,,,,,,,,,,,,,
216,2,,,,,,,98,76,66,18,234.1,2730,10801,34,0,38.1,42.6;37.8;56.3;54.6;54.2;53.9;71.3;73.4;58.4;57.5;68.3;71.0;27.1;30.4;8.2;10.5;22.5;25.7;5.1;7.4;21.3;21.5;17.6;17.6,33.11,0.11,0.01,2.2,14.896,1.925,878.0,537.0,4,16,,,,,,,,,,,,,,,,,,,,,,,,,,,,,,,,,,,,,,,,,,,,,,,,,,,,,,,,,,,,,
216,3,,,,,,,100,79,67,17,236.7,2730,10801,35,0,7.4,5.1;1.1;4.2;3.9;1.8;1.7;28.3;37.9;7.5;7.0;34.0;41.2;0.7;0.4;0.2;0.2;1.1;0.7;0.2;0.2;0.4;0.0;0.0;0.4,33.14,0.11,1.2,1.81,14.896,1.925,341.0,927.0,4,16,,,,,,,,,,,,,,,,,,,,,,,,,,,,,,,,,,,,,,,,,,,,,,,,,,,,,,,,,,,,,
216,summary,0.3027223256455581,0.9951155419129769,0.2834429442882538,0.9997777777777778,0.00100000,39.9,,,,,,,,,,,,,,,,,,,,,,98,99.33,100,76,78.33,80,62,65.0,67,17,18.33,20,85.6,185.47,236.7,2735.0,10801.0,34.3,0,7.4,33.73,55.7,32.77,33.01,33.14,63.16,0.11,0.11,0.11,17.01,0.0,0.4,1.2,1.81,2.0,2.2,9.281,12.971,14.896,14.9,14.896,15.992,1.925,1.93,1.925,341.0,520.0,878.0,195.0,553.0,927.0,4,4.0,4,16,16.0,16,4,16,4.27,19.52
217,1,,,,,,,100,63,62,21,54.6,2565,10801,34,0,57.3,67.2;65.0;74.2;74.0;71.7;74.0;86.6;84.3;75.9;76.2;88.9;80.9;52.3;57.3;21.8;25.2;46.2;51.6;17.7;18.5;45.2;47.3;34.0;38.3,32.91,0.11,0.02,1.7,14.896,1.925,341.0,292.0,4,16,,,,,,,,,,,,,,,,,,,,,,,,,,,,,,,,,,,,,,,,,,,,,,,,,,,,,,,,,,,,,
217,2,,,,,,,100,76,68,18,237.2,2730,10801,34,0,37.5,40.9;35.8;56.0;54.2;50.4;52.1;62.1;74.2;55.7;57.5;68.5;78.1;25.5;25.7;10.3;10.6;23.5;23.4;7.3;7.7;22.5;22.5;16.0;18.3,33.19,0.11,0.04,2.57,14.896,1.925,1513.0,1513.0,4,16,,,,,,,,,,,,,,,,,,,,,,,,,,,,,,,,,,,,,,,,,,,,,,,,,,,,,,,,,,,,,
217,3,,,,,,,100,62,67,15,235.7,2730,10801,35,0,7.2,5.8;0.7;5.7;2.8;3.1;2.2;40.2;25.3;8.6;5.3;33.4;30.5;2.0;0.2;0.4;0.2;1.7;0.7;0.6;0.0;1.3;0.4;0.6;1.1,33.27,0.11,0.1,1.98,14.896,1.925,0.0,1855.0,4,16,,,,,,,,,,,,,,,,,,,,,,,,,,,,,,,,,,,,,,,,,,,,,,,,,,,,,,,,,,,,,
217,summary,0.301811942332713,0.9954639438184849,0.28337615728378296,0.9996666666666667,0.00100000,39.9,,,,,,,,,,,,,,,,,,,,,,100,100.0,100,62,67.0,76,62,65.67,68,15,18.0,21,54.6,175.83,237.2,2675.0,10801.0,34.3,0,7.2,34.0,57.3,32.91,33.12,33.27,63.16,0.11,0.11,0.11,17.01,0.02,0.05,0.1,1.7,2.08,2.57,9.281,12.971,14.896,14.9,14.896,15.992,1.925,1.93,1.925,0.0,618.0,1513.0,292.0,1220.0,1855.0,4,4.0,4,16,16.0,16,4,16,4.45,19.49
218,1,,,,,,,100,77,62,22,87.7,2745,10801,35,0,55.8,65.0;65.6;74.1;73.6;70.9;73.7;79.4;80.2;73.6;74.9;89.8;84.0;46.8;49.2;23.2;24.0;45.2;48.3;19.0;19.0;44.9;43.8;33.2;37.3,32.89,0.11,0.03,2.15,14.896,1.925,292.0,0.0,4,16,,,,,,,,,,,,,,,,,,,,,,,,,,,,,,,,,,,,,,,,,,,,,,,,,,,,,,,,,,,,,
218,2,,,,,,,100,44,67,17,235.8,2730,10801,34,0,39.9,45.2;44.7;58.3;56.9;54.9;55.9;74.7;67.8;61.3;60.5;76.5;71.6;30.5;30.1;9.0;9.1;26.0;26.0;8.4;6.0;22.2;23.4;17.9;20.1,33.21,0.11,0.04,2.61,14.896,1.925,1123.0,1367.0,4,16,,,,,,,,,,,,,,,,,,,,,,,,,,,,,,,,,,,,,,,,,,,,,,,,,,,,,,,,,,,,,
218,3,,,,,,,100,46,68,22,236.5,2730,10801,35,0,5.6,3.8;0.2;1.7;1.7;0.6;0.0;23.1;26.2;3.0;2.8;39.1;30.8;0.7;0.9;0.4;0.4;0.2;0.0;0.0;0.0;0.0;0.2;0.0;0.0,33.17,0.11,0.0,1.46,14.896,1.925,537.0,1416.0,4,16,,,,,,,,,,,,,,,,,,,,,,,,,,,,,,,,,,,,,,,,,,,,,,,,,,,,,,,,,,,,,
218,summary,0.30217664273111344,0.9952385072913915,0.2833127975463867,0.9996666666666667,0.00100000,39.5,,,,,,,,,,,,,,,,,,,,,,100,100.0,100,44,55.67,77,62,65.67,68,17,20.33,22,87.7,186.67,236.5,2735.0,10801.0,34.7,0,5.6,33.77,55.8,32.89,33.09,33.21,63.16,0.11,0.11,0.11,17.01,0.0,0.02,0.04,1.46,2.07,2.61,9.281,12.971,14.896,14.9,14.896,15.992,1.925,1.93,1.925,292.0,650.67,1123.0,0.0,927.67,1416.0,4,4.0,4,16,16.0,16,4,16,4.15,19.33
219,1,,,,,,,100,48,64,19,57.6,2745,10801,35,0,55.6,61.0;68.5;73.7;72.7;71.5;72.5;82.9;88.5;74.2;74.6;78.2;84.9;46.6;45.7;21.4;24.7;44.3;48.5;20.1;19.3;43.6;45.2;33.9;38.4,32.87,0.11,0.11,1.91,14.896,1.925,1367.0,1611.0,4,16,,,,,,,,,,,,,,,,,,,,,,,,,,,,,,,,,,,,,,,,,,,,,,,,,,,,,,,,,,,,,
219,2,,,,,,,98,77,66,19,234.2,2745,10801,35,0,39.7,44.1;42.3;58.4;58.1;56.1;55.6;71.6;66.5;59.2;60.5;82.1;67.4;28.4;28.4;10.9;11.5;24.2;25.7;8.1;7.9;22.2;23.3;17.2;22.6,33.14,0.11,0.01,2.42,14.896,1.925,1416.0,48.0,4,16,,,,,,,,,,,,,,,,,,,,,,,,,,,,,,,,,,,,,,,,,,,,,,,,,,,,,,,,,,,,,
219,3,,,,,,,100,81,67,16,235.4,2730,10801,35,0,6.0,5.1;0.6;2.0;1.7;0.6;0.4;27.8;34.8;5.6;1.3;23.9;38.1;0.2;0.7;0.0;0.4;0.2;0.4;0.4;0.4;0.0;0.4;0.0;0.0,33.13,0.11,0.0,1.49,14.896,1.925,1074.0,1708.0,4,16,,,,,,,,,,,,,,,,,,,,,,,,,,,,,,,,,,,,,,,,,,,,,,,,,,,,,,,,,,,,,
219,summary,0.30198497606172686,0.9953979068560029,0.28317874670028687,0.9997777777777778,0.00100000,39.5,,,,,,,,,,,,,,,,,,,,,,98,99.33,100,48,68.67,81,64,65.67,67,16,18.0,19,57.6,175.73,235.4,2740.0,10801.0,35.0,0,6.0,33.77,55.6,32.87,33.05,33.14,63.16,0.11,0.11,0.11,17.01,0.0,0.04,0.11,1.49,1.94,2.42,9.281,12.971,14.896,14.9,14.896,15.992,1.925,1.93,1.925,1074.0,1285.67,1416.0,48.0,1122.33,1708.0,4,4.0,4,16,16.0,16,4,16,4.19,19.33
