epoch,sample_point,train_loss,train_acc,val_loss,val_acc,lr,epoch_time_s,cuda_util_pct,cuda_mem_util_pct,gpu_temp_c,gpu_temp_tlimit_c,gpu_power_w,gpu_clock_sm_mhz,gpu_clock_mem_mhz,gpu_fan_pct,gpu_throttled,cpu_pct,cpu_pct_per_core,ram_used_gb,swap_used_gb,disk_read_mb_s,disk_write_mb_s,nvsmi_vram_used_gb,vram_other_processes_gb,pcie_tx_kb_s,pcie_rx_kb_s,pcie_link_gen_current,pcie_link_width_current,cuda_util_pct_min,cuda_util_pct_avg,cuda_util_pct_max,cuda_mem_util_pct_min,cuda_mem_util_pct_avg,cuda_mem_util_pct_max,gpu_temp_c_min,gpu_temp_c_avg,gpu_temp_c_max,gpu_temp_tlimit_c_min,gpu_temp_tlimit_c_avg,gpu_temp_tlimit_c_max,gpu_power_w_min,gpu_power_w_avg,gpu_power_w_max,gpu_clock_sm_mhz_avg,gpu_clock_mem_mhz_avg,gpu_fan_pct_avg,gpu_throttled_any,cpu_pct_min,cpu_pct_avg,cpu_pct_max,ram_used_gb_min,ram_used_gb_avg,ram_used_gb_max,ram_total_gb,swap_used_gb_min,swap_used_gb_avg,swap_used_gb_max,swap_total_gb,disk_read_mb_s_min,disk_read_mb_s_avg,disk_read_mb_s_max,disk_write_mb_s_min,disk_write_mb_s_avg,disk_write_mb_s_max,vram_peak_alloc_gb,vram_peak_reserved_gb,nvsmi_vram_used_gb_min,nvsmi_vram_used_gb_avg,nvsmi_vram_used_gb_max,nvsmi_vram_total_gb,vram_other_processes_gb_min,vram_other_processes_gb_avg,vram_other_processes_gb_max,pcie_tx_kb_s_min,pcie_tx_kb_s_avg,pcie_tx_kb_s_max,pcie_rx_kb_s_min,pcie_rx_kb_s_avg,pcie_rx_kb_s_max,pcie_link_gen_current_min,pcie_link_gen_current_avg,pcie_link_gen_current_max,pcie_link_width_current_min,pcie_link_width_current_avg,pcie_link_width_current_max,pcie_link_gen_max,pcie_link_width_max,data_wait_s,compute_s
1,1,,,,,,,75,56,41,42,70.8,2760,10801,0,0,8.8,11.2;4.5;5.9;6.3;4.6;4.9;19.7;36.4;8.3;11.5;20.6;47.8;3.9;4.9;1.1;1.2;2.6;3.2;1.0;0.4;2.4;3.1;2.0;2.6,31.07,0.11,0.01,0.22,14.976,0.726,2246.0,14111.0,4,16,,,,,,,,,,,,,,,,,,,,,,,,,,,,,,,,,,,,,,,,,,,,,,,,,,,,,,,,,,,,,
1,2,,,,,,,98,75,49,34,223.0,2760,10801,0,0,22.6,17.3;4.4;18.4;16.5;5.7;7.6;95.6;98.5;53.8;44.7;76.4;88.4;1.7;1.0;0.5;0.5;2.0;2.5;0.5;0.7;1.7;1.5;0.5;1.2,31.09,0.11,0.0,0.02,14.979,0.725,5810.0,27343.0,4,16,,,,,,,,,,,,,,,,,,,,,,,,,,,,,,,,,,,,,,,,,,,,,,,,,,,,,,,,,,,,,
1,3,,,,,,,100,97,52,32,221.9,2760,10801,30,0,22.6,16.9;2.2;17.9;13.7;5.9;5.9;97.8;98.5;51.7;45.2;80.7;93.9;1.7;2.2;0.7;0.7;0.5;0.7;1.2;1.0;0.2;1.0;0.7;1.0,31.08,0.11,0.0,0.08,14.979,0.725,7958.0,27539.0,4,16,,,,,,,,,,,,,,,,,,,,,,,,,,,,,,,,,,,,,,,,,,,,,,,,,,,,,,,,,,,,,
1,4,,,,,,,98,75,52,30,224.7,2745,10801,30,0,22.9,16.4;6.1;15.1;18.5;5.1;7.4;89.8;90.5;50.0;50.1;96.6;93.6;2.0;2.9;0.2;0.0;1.2;1.0;0.2;0.0;1.5;0.7;1.0;0.7,31.08,0.11,0.0,0.07,14.988,0.734,16064.0,11083.0,4,16,,,,,,,,,,,,,,,,,,,,,,,,,,,,,,,,,,,,,,,,,,,,,,,,,,,,,,,,,,,,,
1,5,,,,,,,100,95,54,35,223.0,2745,10801,30,0,22.4,17.0;2.6;9.3;21.0;4.3;4.8;84.7;80.4;52.5;54.9;97.4;98.8;1.4;1.0;0.0;0.7;1.0;1.0;0.5;0.5;2.1;1.4;0.0;0.2,31.14,0.11,0.0,0.07,14.987,0.727,8251.0,16162.0,4,16,,,,,,,,,,,,,,,,,,,,,,,,,,,,,,,,,,,,,,,,,,,,,,,,,,,,,,,,,,,,,
1,6,,,,,,,100,89,55,29,224.4,2745,10801,30,0,14.4,14.4;3.9;8.4;10.0;3.7;2.7;57.6;47.4;32.2;23.8;55.9;74.0;2.2;1.2;0.5;0.2;0.2;0.7;0.7;1.0;2.0;1.2;1.0;0.5,31.15,0.11,0.0,0.09,14.987,0.727,7275.0,45605.0,4,16,,,,,,,,,,,,,,,,,,,,,,,,,,,,,,,,,,,,,,,,,,,,,,,,,,,,,,,,,,,,,
1,7,,,,,,,99,77,55,31,227.3,2745,10801,30,0,6.7,12.6;2.2;1.7;1.1;0.8;1.1;41.2;36.2;2.5;3.6;31.9;18.9;0.8;0.3;0.0;0.3;0.0;0.0;0.0;0.0;0.0;0.3;1.9;2.2,31.14,0.11,0.0,0.04,14.996,0.736,0.0,1855.0,4,16,,,,,,,,,,,,,,,,,,,,,,,,,,,,,,,,,,,,,,,,,,,,,,,,,,,,,,,,,,,,,
1,summary,1.8897217086993714,0.34668883449845667,0.4529550629986657,0.965,0.00029600,81.4,,,,,,,,,,,,,,,,,,,,,,75,95.71,100,56,80.57,97,41,51.14,55,29,33.29,42,70.8,202.16,227.3,2751.4,10801.0,21.4,0,6.7,17.2,22.9,31.07,31.11,31.15,63.16,0.11,0.11,0.11,16.0,0.0,0.0,0.01,0.02,0.08,0.22,10.952,14.26,14.976,14.98,14.996,15.992,0.725,0.73,0.736,0.0,6800.57,16064.0,1855.0,20528.29,45605.0,4,4.0,4,16,16.0,16,4,16,72.47,8.07
2,1,,,,,,,65,72,46,38,50.7,1200,5001,30,0,63.4,75.8;81.0;85.8;81.0;82.3;83.0;90.5;96.6;84.4;82.3;93.9;93.9;56.8;53.7;25.0;23.0;58.5;59.9;20.9;20.4;46.3;46.6;38.1;43.5,31.31,0.11,0.06,28.39,14.996,0.736,9863.0,40283.0,4,16,,,,,,,,,,,,,,,,,,,,,,,,,,,,,,,,,,,,,,,,,,,,,,,,,,,,,,,,,,,,,
2,2,,,,,,,99,77,55,28,224.9,2745,10801,30,0,31.3,23.4;15.0;35.7;31.8;22.7;21.9;95.2;95.6;66.4;50.0;82.2;92.8;12.8;11.6;6.5;6.5;11.6;11.6;7.0;7.2;10.4;11.3;10.9;10.2,31.24,0.11,0.03,4.9,14.987,0.727,4833.0,42724.0,4,16,,,,,,,,,,,,,,,,,,,,,,,,,,,,,,,,,,,,,,,,,,,,,,,,,,,,,,,,,,,,,
2,3,,,,,,,100,98,56,24,225.2,2745,10801,30,0,22.4,12.3;3.2;17.2;11.7;4.2;3.9;91.2;95.6;54.3;52.8;94.1;90.7;1.5;1.5;0.5;0.0;0.5;0.5;0.2;0.2;0.7;0.0;0.2;0.5,31.21,0.11,0.0,3.05,14.987,0.727,16406.0,12255.0,4,16,,,,,,,,,,,,,,,,,,,,,,,,,,,,,,,,,,,,,,,,,,,,,,,,,,,,,,,,,,,,,
2,4,,,,,,,96,88,57,27,224.3,2745,10801,30,0,21.9,15.8;1.7;15.2;11.8;3.1;9.9;85.7;86.7;35.2;60.9;92.3;95.4;1.4;1.0;1.7;1.0;1.4;1.2;0.2;0.2;1.2;1.2;1.2;0.7,31.21,0.11,0.01,2.9,14.991,0.731,16699.0,12402.0,4,16,,,,,,,,,,,,,,,,,,,,,,,,,,,,,,,,,,,,,,,,,,,,,,,,,,,,,,,,,,,,,
2,5,,,,,,,100,69,60,26,228.0,2745,10801,30,0,21.8,13.1;4.7;14.7;11.3;4.7;8.6;79.9;78.9;41.2;59.9;97.3;96.3;2.0;2.5;0.0;0.2;1.7;1.5;0.0;0.0;1.7;1.5;0.0;1.0,31.21,0.11,0.01,2.43,14.987,0.727,28759.0,40136.0,4,16,,,,,,,,,,,,,,,,,,,,,,,,,,,,,,,,,,,,,,,,,,,,,,,,,,,,,,,,,,,,,
2,6,,,,,,,97,89,58,26,224.8,2745,10801,30,0,13.9,12.7;2.7;6.1;12.5;1.0;2.9;52.0;73.6;19.1;26.9;53.9;62.0;1.2;1.7;0.0;0.2;0.7;0.5;0.0;0.0;1.2;0.0;1.0;1.2,31.18,0.11,0.03,1.44,14.987,0.727,67578.0,26074.0,4,16,,,,,,,,,,,,,,,,,,,,,,,,,,,,,,,,,,,,,,,,,,,,,,,,,,,,,,,,,,,,,
2,7,,,,,,,100,67,62,28,228.5,2745,10801,30,0,6.6,10.1;0.8;2.2;2.2;0.6;0.6;29.0;32.1;2.5;3.9;41.9;24.8;0.8;0.0;0.6;0.3;0.0;0.6;0.0;0.8;1.9;0.6;0.3;0.3,31.18,0.11,0.0,1.87,14.996,0.736,42675.0,12255.0,4,16,,,,,,,,,,,,,,,,,,,,,,,,,,,,,,,,,,,,,,,,,,,,,,,,,,,,,,,,,,,,,
2,summary,0.5444529475723656,0.9100906086968603,0.30668407249450685,0.9908888888888889,0.00059200,39.7,,,,,,,,,,,,,,,,,,,,,,65,93.86,100,67,80.0,98,46,56.29,62,24,28.14,38,50.7,200.91,228.5,2524.3,9972.4,30.0,0,6.6,25.9,63.4,31.18,31.22,31.31,63.16,0.11,0.11,0.11,16.0,0.0,0.02,0.06,1.44,6.43,28.39,10.952,14.26,14.987,14.99,14.996,15.992,0.727,0.73,0.736,4833.0,26687.57,67578.0,12255.0,26589.86,42724.0,4,4.0,4,16,16.0,16,4,16,31.57,7.31
3,1,,,,,,,0,0,50,33,69.1,1485,10801,30,0,64.2,80.0;78.1;89.7;88.3;83.7;88.3;91.7;93.9;87.7;89.7;91.0;98.6;65.8;65.8;19.3;19.9;55.5;60.5;15.8;14.4;47.3;50.7;32.0;36.7,31.36,0.11,0.0,4.48,14.996,0.736,4931.0,32226.0,4,16,,,,,,,,,,,,,,,,,,,,,,,,,,,,,,,,,,,,,,,,,,,,,,,,,,,,,,,,,,,,,
3,2,,,,,,,96,91,58,26,225.4,2745,10801,30,0,30.3,22.5;14.3;29.3;27.9;18.6;19.3;94.8;97.1;56.3;57.2;90.9;89.8;14.5;13.6;4.8;4.8;11.2;10.7;2.1;2.4;11.0;10.5;10.3;13.0,31.29,0.11,0.0,6.47,14.987,0.727,29589.0,19433.0,4,16,,,,,,,,,,,,,,,,,,,,,,,,,,,,,,,,,,,,,,,,,,,,,,,,,,,,,,,,,,,,,
3,3,,,,,,,100,78,61,26,227.3,2745,10801,30,0,22.2,14.0;2.0;13.5;16.9;2.5;5.4;90.2;91.9;38.8;61.1;93.4;95.6;1.7;1.2;0.0;0.0;0.0;0.2;0.5;0.0;1.7;1.0;0.0;0.0,31.27,0.11,0.0,5.26,14.996,0.736,30517.0,37207.0,4,16,,,,,,,,,,,,,,,,,,,,,,,,,,,,,,,,,,,,,,,,,,,,,,,,,,,,,,,,,,,,,
3,4,,,,,,,96,90,58,24,226.5,2745,10801,30,0,21.6,13.8;1.7;13.9;15.4;4.4;3.4;85.0;80.0;46.5;57.6;96.1;95.6;2.2;0.7;0.2;0.0;0.2;0.7;0.0;0.0;0.2;0.0;1.0;0.5,31.24,0.11,0.14,4.15,14.991,0.731,16894.0,11669.0,4,16,,,,,,,,,,,,,,,,,,,,,,,,,,,,,,,,,,,,,,,,,,,,,,,,,,,,,,,,,,,,,
3,5,,,,,,,100,75,62,23,227.1,2745,10801,30,0,21.9,14.4;0.7;11.0;16.7;5.4;2.7;89.5;93.6;42.4;54.3;94.9;97.5;0.7;0.7;0.5;0.2;0.2;0.5;0.0;0.0;0.2;0.0;0.2;0.2,31.22,0.11,0.0,3.65,14.987,0.727,5322.0,18017.0,4,16,,,,,,,,,,,,,,,,,,,,,,,,,,,,,,,,,,,,,,,,,,,,,,,,,,,,,,,,,,,,,
3,6,,,,,,,100,92,61,23,227.4,2745,10801,30,0,14.2,17.0;2.9;9.0;6.1;4.9;3.2;48.5;59.6;23.8;26.2;67.3;60.3;2.4;1.2;0.0;0.5;1.7;0.2;0.2;0.0;0.5;1.5;0.5;1.2,31.2,0.11,0.0,2.43,14.989,0.727,38867.0,18701.0,4,16,,,,,,,,,,,,,,,,,,,,,,,,,,,,,,,,,,,,,,,,,,,,,,,,,,,,,,,,,,,,,
3,7,,,,,,,100,77,62,23,230.8,2745,10801,30,0,7.0,12.0;2.2;1.4;1.7;1.7;1.7;27.7;25.6;5.8;4.4;37.4;39.4;0.8;0.8;0.3;0.0;0.3;0.8;0.3;0.0;0.6;0.0;0.3;2.5,31.18,0.11,0.0,1.82,14.998,0.736,292.0,390.0,4,16,,,,,,,,,,,,,,,,,,,,,,,,,,,,,,,,,,,,,,,,,,,,,,,,,,,,,,,,,,,,,
3,summary,0.3933948171093576,0.9620036262003394,0.3060085317293803,0.992,0.00088800,39.8,,,,,,,,,,,,,,,,,,,,,,0,84.57,100,0,71.86,92,50,58.86,62,23,25.43,33,69.1,204.8,230.8,2565.0,10801.0,30.0,0,7.0,25.91,64.2,31.18,31.25,31.36,63.16,0.11,0.11,0.11,16.0,0.0,0.02,0.14,1.82,4.04,6.47,10.954,14.262,14.987,14.99,14.998,15.992,0.727,0.73,0.736,292.0,18058.86,38867.0,390.0,19663.29,37207.0,4,4.0,4,16,16.0,16,4,16,31.51,7.48
4,1,,,,,,,0,0,52,30,70.3,1455,10801,30,0,63.4,78.4;76.9;88.2;88.8;84.1;83.2;93.7;97.9;80.4;85.3;91.6;93.0;55.6;54.2;17.9;23.2;59.2;65.5;19.2;22.5;47.2;51.4;37.7;38.5,31.37,0.11,0.0,5.91,14.998,0.736,15087.0,13525.0,4,16,,,,,,,,,,,,,,,,,,,,,,,,,,,,,,,,,,,,,,,,,,,,,,,,,,,,,,,,,,,,,
4,2,,,,,,,100,99,60,22,227.8,2745,10801,30,0,31.8,27.3;15.3;37.7;28.9;22.6;19.0;95.9;94.6;64.2;67.0;96.6;89.8;14.1;14.8;2.7;2.4;12.2;11.9;2.7;2.9;11.4;12.0;7.8;9.7,31.29,0.11,0.0,6.28,14.989,0.727,6396.0,19140.0,4,16,,,,,,,,,,,,,,,,,,,,,,,,,,,,,,,,,,,,,,,,,,,,,,,,,,,,,,,,,,,,,
4,3,,,,,,,98,77,64,21,231.2,2745,10801,30,0,22.3,13.9;2.9;17.2;13.0;5.4;5.1;88.5;88.7;42.8;53.6;97.3;95.4;2.0;1.5;0.5;0.0;1.7;1.0;0.2;0.2;1.0;1.2;1.5;1.5,31.25,0.11,0.0,5.11,14.998,0.736,10009.0,12353.0,4,16,,,,,,,,,,,,,,,,,,,,,,,,,,,,,,,,,,,,,,,,,,,,,,,,,,,,,,,,,,,,,
4,4,,,,,,,100,69,62,23,231.3,2745,10801,30,0,21.7,13.3;2.2;21.5;6.8;4.9;1.0;88.3;89.8;40.5;64.3;90.6;92.7;2.2;1.4;0.0;0.0;0.2;0.0;0.5;0.0;0.7;0.2;0.0;0.5,31.24,0.11,0.0,3.95,14.993,0.731,16943.0,11816.0,4,16,,,,,,,,,,,,,,,,,,,,,,,,,,,,,,,,,,,,,,,,,,,,,,,,,,,,,,,,,,,,,
4,5,,,,,,,96,88,62,21,228.3,2730,10801,31,0,22.7,12.9;3.4;13.2;12.7;6.1;5.6;93.7;92.7;43.6;61.5;94.6;95.6;2.7;1.2;0.2;0.5;1.0;1.0;0.0;0.7;0.7;0.7;0.5;0.0,31.23,0.11,0.0,2.56,14.989,0.727,45654.0,320654.0,4,16,,,,,,,,,,,,,,,,,,,,,,,,,,,,,,,,,,,,,,,,,,,,,,,,,,,,,,,,,,,,,
4,6,,,,,,,100,67,63,21,231.9,2730,10801,31,0,14.0,13.0;1.7;8.1;6.4;3.2;4.2;59.4;65.4;21.8;23.5;60.6;58.5;3.2;1.0;0.5;0.7;1.7;0.2;0.2;0.2;1.5;0.7;0.0;1.0,31.2,0.11,0.0,2.49,14.989,0.727,22558.0,39550.0,4,16,,,,,,,,,,,,,,,,,,,,,,,,,,,,,,,,,,,,,,,,,,,,,,,,,,,,,,,,,,,,,
4,7,,,,,,,97,90,65,19,229.8,2730,10801,31,0,6.7,11.5;0.3;3.9;2.0;1.1;1.7;27.6;29.2;5.6;3.4;31.1;37.8;1.1;0.8;0.0;0.0;0.6;0.3;0.3;0.3;0.6;0.6;0.3;0.6,31.18,0.11,0.0,1.83,14.993,0.731,878.0,1416.0,4,16,,,,,,,,,,,,,,,,,,,,,,,,,,,,,,,,,,,,,,,,,,,,,,,,,,,,,,,,,,,,,
4,summary,0.36931420166342677,0.970172997080052,0.30128039791848926,0.9931111111111111,0.00099998,39.6,,,,,,,,,,,,,,,,,,,,,,0,84.43,100,0,70.0,99,52,61.14,65,19,22.43,30,70.3,207.23,231.9,2554.3,10801.0,30.4,0,6.7,26.09,63.4,31.18,31.25,31.37,63.16,0.11,0.11,0.11,16.0,0.0,0.0,0.0,1.83,4.02,6.28,10.953,14.262,14.989,14.99,14.998,15.992,0.727,0.73,0.736,878.0,16789.29,45654.0,1416.0,59779.14,320654.0,4,4.0,4,16,16.0,16,4,16,31.66,7.14
5,1,,,,,,,0,0,54,30,55.2,1320,10801,32,0,64.9,81.1;79.7;89.5;88.1;73.6;81.8;88.1;92.4;86.0;91.6;93.7;94.4;47.6;61.5;32.2;34.7;52.4;60.8;24.5;25.9;46.5;49.0;44.8;37.8,31.36,0.11,0.0,5.51,14.998,0.736,16064.0,9130.0,4,16,,,,,,,,,,,,,,,,,,,,,,,,,,,,,,,,,,,,,,,,,,,,,,,,,,,,,,,,,,,,,
5,2,,,,,,,96,88,64,21,228.0,2745,10801,32,0,30.1,27.8;13.3;32.6;22.4;15.9;18.3;92.6;96.9;62.9;58.2;87.9;88.2;11.9;11.6;4.1;5.5;11.5;11.2;3.1;3.6;11.6;12.4;8.4;8.8,31.29,0.11,0.0,6.57,14.989,0.727,30566.0,26513.0,4,16,,,,,,,,,,,,,,,,,,,,,,,,,,,,,,,,,,,,,,,,,,,,,,,,,,,,,,,,,,,,,
5,3,,,,,,,100,69,65,17,231.6,2745,10801,32,0,22.7,15.6;3.9;20.0;13.9;6.6;5.4;84.6;90.1;38.1;61.5;94.4;98.0;2.4;2.4;1.0;1.0;1.5;1.2;0.0;0.5;1.2;0.5;1.2;0.5,31.26,0.11,0.01,4.18,14.998,0.736,15771.0,19873.0,4,16,,,,,,,,,,,,,,,,,,,,,,,,,,,,,,,,,,,,,,,,,,,,,,,,,,,,,,,,,,,,,
5,4,,,,,,,96,89,63,19,229.1,2745,10801,32,0,21.8,9.9;1.2;16.9;13.4;3.7;4.4;83.0;89.7;42.9;59.0;95.8;95.6;0.7;0.0;0.5;0.0;0.5;0.7;0.5;0.7;1.0;0.7;0.5;0.2,31.22,0.11,0.0,4.34,14.993,0.731,16699.0,139892.0,4,16,,,,,,,,,,,,,,,,,,,,,,,,,,,,,,,,,,,,,,,,,,,,,,,,,,,,,,,,,,,,,
5,5,,,,,,,100,69,64,20,232.7,2745,10801,32,0,22.5,15.0;2.4;19.6;17.8;7.3;3.7;93.2;91.7;44.7;55.5;88.3;93.9;1.2;1.7;0.2;0.2;0.2;0.2;0.5;0.2;0.5;0.5;0.7;0.7,31.21,0.11,0.0,3.18,14.989,0.727,17138.0,12597.0,4,16,,,,,,,,,,,,,,,,,,,,,,,,,,,,,,,,,,,,,,,,,,,,,,,,,,,,,,,,,,,,,
5,6,,,,,,,100,69,64,20,231.6,2745,10801,32,0,13.5,13.9;1.2;7.7;3.6;3.2;2.2;61.5;68.6;23.2;22.8;55.9;53.3;0.7;1.2;0.7;0.0;0.0;1.0;0.2;0.5;1.2;0.0;0.5;1.0,31.18,0.11,0.0,1.93,14.998,0.736,24072.0,13867.0,4,16,,,,,,,,,,,,,,,,,,,,,,,,,,,,,,,,,,,,,,,,,,,,,,,,,,,,,,,,,,,,,
5,7,,,,,,,97,89,67,22,230.1,2745,10801,33,0,6.9,16.2;1.7;2.2;2.2;1.9;1.4;46.4;18.3;4.4;3.9;20.2;43.6;0.0;0.3;0.0;0.3;0.3;0.3;0.0;0.0;1.1;0.3;0.6;0.0,31.17,0.11,0.0,2.01,14.993,0.731,2099.0,1562.0,4,16,,,,,,,,,,,,,,,,,,,,,,,,,,,,,,,,,,,,,,,,,,,,,,,,,,,,,,,,,,,,,
5,summary,0.35585505256762817,0.97481573761685,0.29623350207010907,0.9953333333333333,0.00099983,39.8,,,,,,,,,,,,,,,,,,,,,,0,84.14,100,0,67.57,89,54,63.0,67,17,21.29,30,55.2,205.47,232.7,2541.4,10801.0,32.1,0,6.9,26.06,64.9,31.17,31.24,31.36,63.16,0.11,0.11,0.11,16.0,0.0,0.0,0.01,1.93,3.96,6.57,10.953,14.262,14.989,14.99,14.998,15.992,0.727,0.73,0.736,2099.0,17487.0,30566.0,1562.0,31919.14,139892.0,4,4.0,4,16,16.0,16,4,16,31.35,7.63
6,1,,,,,,,0,0,55,26,55.4,1335,10801,33,0,65.3,75.2;76.6;85.4;90.3;80.8;81.4;89.8;91.7;89.7;89.7;95.9;93.8;64.4;62.3;24.8;27.1;59.2;60.5;25.5;22.2;46.9;52.7;41.1;43.4,31.36,0.11,0.0,5.47,14.998,0.736,6494.0,45263.0,4,16,,,,,,,,,,,,,,,,,,,,,,,,,,,,,,,,,,,,,,,,,,,,,,,,,,,,,,,,,,,,,
6,2,,,,,,,100,73,65,20,232.3,2730,10801,33,0,31.4,26.7;15.6;36.1;27.7;21.5;16.3;91.5;94.9;48.3;70.4;96.4;93.2;12.9;12.4;5.6;5.4;12.2;11.7;4.1;2.9;11.9;12.9;9.5;11.0,31.29,0.11,0.0,6.6,14.989,0.727,6689.0,23632.0,4,16,,,,,,,,,,,,,,,,,,,,,,,,,,,,,,,,,,,,,,,,,,,,,,,,,,,,,,,,,,,,,
6,3,,,,,,,100,98,64,19,229.7,2730,10801,33,0,22.3,12.5;2.2;16.8;15.5;6.6;5.1;84.0;85.4;42.9;60.8;97.1;97.1;2.7;1.2;0.2;0.2;0.5;0.5;0.2;0.2;0.7;1.0;0.7;0.5,31.24,0.11,0.0,5.05,14.998,0.736,24267.0,11523.0,4,16,,,,,,,,,,,,,,,,,,,,,,,,,,,,,,,,,,,,,,,,,,,,,,,,,,,,,,,,,,,,,
6,4,,,,,,,96,89,64,19,230.3,2730,10801,33,0,21.8,13.3;1.7;12.3;12.8;6.1;1.7;91.3;86.4;37.8;59.6;96.9;94.4;2.2;1.2;0.5;0.5;1.0;0.5;0.0;0.5;1.2;1.2;0.7;0.5,31.23,0.11,0.0,3.31,14.989,0.727,14892.0,21630.0,4,16,,,,,,,,,,,,,,,,,,,,,,,,,,,,,,,,,,,,,,,,,,,,,,,,,,,,,,,,,,,,,
6,5,,,,,,,100,71,65,20,233.0,2730,10801,33,0,22.5,13.8;2.9;18.9;10.5;6.6;3.6;90.9;91.7;60.6;51.5;90.8;87.6;3.2;1.0;0.2;0.2;0.7;1.0;0.0;0.2;0.7;0.2;1.2;1.0,31.22,0.11,0.0,3.23,14.989,0.727,6250.0,61083.0,4,16,,,,,,,,,,,,,,,,,,,,,,,,,,,,,,,,,,,,,,,,,,,,,,,,,,,,,,,,,,,,,
6,6,,,,,,,100,99,65,19,230.6,2730,10801,34,0,13.6,12.2;0.7;6.9;5.4;3.0;1.7;62.7;63.1;35.0;14.3;58.2;56.4;0.7;1.2;0.2;0.2;1.5;0.2;0.0;0.2;1.0;0.2;0.5;1.2,31.17,0.11,0.0,2.39,14.998,0.736,31201.0,15576.0,4,16,,,,,,,,,,,,,,,,,,,,,,,,,,,,,,,,,,,,,,,,,,,,,,,,,,,,,,,,,,,,,
6,7,,,,,,,100,69,67,17,233.5,2730,10801,34,0,6.2,12.5;1.1;1.4;0.8;0.3;0.0;6.9;44.5;5.3;2.5;38.1;32.2;0.0;0.6;0.6;0.6;0.0;0.3;0.0;0.0;0.8;0.0;0.0;0.0,31.17,0.11,0.0,1.85,14.993,0.731,1025.0,195.0,4,16,,,,,,,,,,,,,,,,,,,,,,,,,,,,,,,,,,,,,,,,,,,,,,,,,,,,,,,,,,,,,
6,summary,0.3461803161696184,0.9779116698351538,0.29588364209069146,0.9957777777777778,0.00099956,39.7,,,,,,,,,,,,,,,,,,,,,,0,85.14,100,0,71.29,99,55,63.57,67,17,20.0,26,55.4,206.4,233.5,2530.7,10801.0,33.3,0,6.2,26.16,65.3,31.17,31.24,31.36,63.16,0.11,0.11,0.11,16.0,0.0,0.0,0.0,1.85,3.99,6.6,10.952,14.262,14.989,14.99,14.998,15.992,0.727,0.73,0.736,1025.0,12974.0,31201.0,195.0,25557.43,61083.0,4,4.0,4,16,16.0,16,4,16,31.82,7.09
7,1,,,,,,,0,0,56,28,55.2,1380,5001,34,0,64.9,75.7;78.5;93.1;91.7;84.0;86.1;95.1;91.0;82.6;88.2;87.6;96.5;59.3;56.9;27.6;25.7;60.0;58.3;20.8;22.2;48.6;45.8;40.3;43.1,31.36,0.11,0.0,4.65,14.998,0.736,16503.0,17382.0,4,16,,,,,,,,,,,,,,,,,,,,,,,,,,,,,,,,,,,,,,,,,,,,,,,,,,,,,,,,,,,,,
7,2,,,,,,,100,68,65,18,233.1,2730,10801,34,0,30.2,22.9;13.2;32.2;31.1;21.7;18.2;86.6;90.8;52.1;62.7;95.0;96.3;14.0;13.0;4.3;5.0;10.9;11.1;3.3;4.3;10.0;10.0;7.1;8.8,31.29,0.11,0.0,6.44,14.989,0.727,5566.0,18994.0,4,16,,,,,,,,,,,,,,,,,,,,,,,,,,,,,,,,,,,,,,,,,,,,,,,,,,,,,,,,,,,,,
7,3,,,,,,,100,75,65,18,231.1,2730,10801,34,0,21.8,13.6;1.5;18.7;13.1;5.4;3.9;82.2;84.9;39.3;60.5;98.3;96.4;2.2;0.2;0.5;0.0;0.0;0.5;0.7;0.2;0.7;0.2;0.2;0.7,31.25,0.11,0.0,5.0,14.998,0.736,2246.0,227685.0,4,16,,,,,,,,,,,,,,,,,,,,,,,,,,,,,,,,,,,,,,,,,,,,,,,,,,,,,,,,,,,,,
7,4,,,,,,,96,89,66,19,228.8,2730,10801,34,0,22.0,12.4;4.7;12.8;12.3;3.7;6.1;81.3;84.3;44.6;60.0;96.6;91.9;2.9;2.2;0.5;0.7;1.7;1.0;0.7;0.5;1.0;2.5;0.7;1.5,31.24,0.11,0.0,3.99,14.989,0.727,6445.0,19628.0,4,16,,,,,,,,,,,,,,,,,,,,,,,,,,,,,,,,,,,,,,,,,,,,,,,,,,,,,,,,,,,,,
7,5,,,,,,,100,68,66,19,230.6,2730,10801,34,0,22.4,15.4;2.0;15.9;14.7;6.6;2.7;94.4;96.8;51.2;49.9;90.5;87.8;1.2;1.5;0.2;0.0;0.7;0.7;0.5;0.2;0.7;0.2;0.7;1.5,31.2,0.11,0.0,2.56,14.989,0.727,23095.0,43554.0,4,16,,,,,,,,,,,,,,,,,,,,,,,,,,,,,,,,,,,,,,,,,,,,,,,,,,,,,,,,,,,,,
7,6,,,,,,,97,88,65,19,229.7,2730,10801,34,0,14.0,14.2;1.7;10.7;9.4;4.6;3.2;64.6;61.7;26.6;19.6;62.4;48.7;0.7;1.5;0.0;0.2;1.2;0.7;0.7;0.7;0.5;1.5;0.7;0.2,31.18,0.11,0.0,2.42,14.998,0.736,9130.0,39160.0,4,16,,,,,,,,,,,,,,,,,,,,,,,,,,,,,,,,,,,,,,,,,,,,,,,,,,,,,,,,,,,,,
7,7,,,,,,,100,67,69,18,233.6,2730,10801,34,0,6.3,14.5;0.6;1.7;0.6;0.3;0.0;53.9;22.0;3.6;1.4;24.2;26.2;0.3;0.3;0.0;0.0;0.0;0.0;0.0;0.0;0.0;0.0;0.3;0.6,31.18,0.11,0.0,1.81,14.993,0.731,19775.0,2050.0,4,16,,,,,,,,,,,,,,,,,,,,,,,,,,,,,,,,,,,,,,,,,,,,,,,,,,,,,,,,,,,,,
7,summary,0.3384899715871588,0.9805074364893934,0.2933017035590278,0.9967777777777778,0.00099916,39.9,,,,,,,,,,,,,,,,,,,,,,0,84.71,100,0,65.0,89,56,64.57,69,18,19.86,28,55.2,206.01,233.6,2537.1,9972.4,34.0,0,6.3,25.94,64.9,31.18,31.24,31.36,63.16,0.11,0.11,0.11,16.0,0.0,0.0,0.0,1.81,3.84,6.44,10.954,14.262,14.989,14.99,14.998,15.992,0.727,0.73,0.736,2246.0,11822.86,23095.0,2050.0,52636.14,227685.0,4,4.0,4,16,16.0,16,4,16,31.43,7.66
8,1,,,,,,,0,0,56,26,53.6,1365,10801,34,0,65.7,74.5;79.2;89.5;87.4;85.3;88.8;93.0;95.8;86.0;90.2;97.9;93.0;55.2;50.0;24.5;25.9;53.1;53.8;23.8;23.1;53.8;54.5;49.7;49.0,31.36,0.11,0.0,5.47,14.998,0.736,16113.0,12988.0,4,16,,,,,,,,,,,,,,,,,,,,,,,,,,,,,,,,,,,,,,,,,,,,,,,,,,,,,,,,,,,,,
8,2,,,,,,,100,95,66,17,230.6,2730,10801,34,0,31.0,20.3;15.7;29.4;30.4;18.6;20.5;90.1;86.2;68.9;59.8;97.3;97.1;13.5;12.3;4.1;3.9;11.6;13.6;2.7;4.6;12.3;11.9;8.5;11.4,31.29,0.11,0.0,6.7,14.989,0.727,22949.0,42822.0,4,16,,,,,,,,,,,,,,,,,,,,,,,,,,,,,,,,,,,,,,,,,,,,,,,,,,,,,,,,,,,,,
8,3,,,,,,,98,75,65,19,233.4,2730,10801,34,0,21.8,12.7;2.0;15.3;12.7;4.4;5.4;80.2;82.7;39.4;65.9;97.6;97.8;2.4;0.7;0.2;0.0;0.2;1.0;0.0;0.5;1.0;0.7;0.5;0.2,31.27,0.11,0.0,4.13,14.993,0.731,26416.0,21777.0,4,16,,,,,,,,,,,,,,,,,,,,,,,,,,,,,,,,,,,,,,,,,,,,,,,,,,,,,,,,,,,,,
8,4,,,,,,,100,69,67,17,233.3,2730,10801,34,0,21.4,12.6;1.2;14.3;10.9;4.4;3.2;92.2;94.7;43.0;47.8;93.4;90.8;1.0;0.5;0.0;0.2;0.0;0.7;0.5;0.0;0.2;0.5;0.7;0.5,31.24,0.11,0.0,4.29,14.989,0.727,24316.0,12060.0,4,16,,,,,,,,,,,,,,,,,,,,,,,,,,,,,,,,,,,,,,,,,,,,,,,,,,,,,,,,,,,,,
8,5,,,,,,,99,94,66,18,230.9,2730,10801,34,0,22.7,14.6;2.9;20.5;9.5;4.9;6.8;94.2;94.4;67.1;38.0;89.8;89.8;2.7;1.0;0.2;0.0;1.2;1.5;0.5;0.0;1.5;2.0;1.0;0.0,31.22,0.11,0.0,3.23,14.989,0.727,31494.0,12304.0,4,16,,,,,,,,,,,,,,,,,,,,,,,,,,,,,,,,,,,,,,,,,,,,,,,,,,,,,,,,,,,,,
8,6,,,,,,,100,77,65,17,233.1,2730,10801,34,0,13.5,12.1;1.2;6.9;7.6;2.5;2.5;83.3;58.4;28.3;16.3;50.7;52.7;1.0;0.5;0.0;0.0;0.2;0.2;0.0;0.0;0.5;0.2;0.2;0.2,31.2,0.11,0.0,1.97,14.998,0.736,28857.0,14550.0,4,16,,,,,,,,,,,,,,,,,,,,,,,,,,,,,,,,,,,,,,,,,,,,,,,,,,,,,,,,,,,,,
8,7,,,,,,,98,91,67,19,231.1,2730,10801,34,0,6.7,12.1;1.1;1.7;0.6;1.1;0.3;16.2;52.4;3.9;4.5;35.0;28.1;0.0;0.3;0.0;0.0;0.3;0.0;0.0;0.0;0.6;0.6;0.8;1.9,31.19,0.11,0.0,1.98,14.989,0.727,1220.0,1464.0,4,16,,,,,,,,,,,,,,,,,,,,,,,,,,,,,,,,,,,,,,,,,,,,,,,,,,,,,,,,,,,,,
8,summary,0.33516662638300754,0.9816235466832771,0.29282348410288495,0.9972222222222222,0.00099864,39.7,,,,,,,,,,,,,,,,,,,,,,0,85.0,100,0,71.57,95,56,64.57,67,17,19.0,26,53.6,206.57,233.4,2535.0,10801.0,34.0,0,6.7,26.11,65.7,31.19,31.25,31.36,63.16,0.11,0.11,0.11,16.0,0.0,0.0,0.0,1.97,3.97,6.7,10.954,14.262,14.989,14.99,14.998,15.992,0.727,0.73,0.736,1220.0,21623.57,31494.0,1464.0,16852.14,42822.0,4,4.0,4,16,16.0,16,4,16,31.56,7.36
9,1,,,,,,,27,30,56,27,53.5,1395,5001,35,0,65.3,77.2;78.8;91.1;91.8;82.9;87.8;96.6;92.5;89.8;91.1;88.4;97.3;49.3;50.7;24.0;33.6;52.1;52.1;23.3;25.3;50.0;51.0;43.5;45.9,31.37,0.11,0.01,5.51,14.998,0.736,5322.0,35791.0,4,16,,,,,,,,,,,,,,,,,,,,,,,,,,,,,,,,,,,,,,,,,,,,,,,,,,,,,,,,,,,,,
9,2,,,,,,,100,98,65,17,231.2,2730,10801,35,0,30.9,24.1;15.3;27.1;28.5;18.9;20.1;89.7;94.1;44.4;80.1;97.8;98.1;12.4;12.4;4.1;5.0;11.0;12.5;2.9;4.1;10.6;11.0;8.2;9.6,31.3,0.11,0.0,6.64,14.989,0.727,72070.0,36669.0,4,16,,,,,,,,,,,,,,,,,,,,,,,,,,,,,,,,,,,,,,,,,,,,,,,,,,,,,,,,,,,,,
9,3,,,,,,,98,76,65,20,233.7,2730,10801,35,0,22.4,13.2;2.4;13.7;18.2;5.4;7.1;87.3;90.0;41.5;59.0;95.6;94.6;2.9;1.5;0.5;0.2;1.2;0.2;0.2;0.2;1.0;0.7;1.0;0.7,31.27,0.11,0.01,5.08,14.993,0.731,13574.0,10791.0,4,16,,,,,,,,,,,,,,,,,,,,,,,,,,,,,,,,,,,,,,,,,,,,,,,,,,,,,,,,,,,,,
9,4,,,,,,,100,93,67,18,231.1,2730,10801,35,0,22.1,11.9;2.0;11.8;13.2;5.9;2.9;98.3;96.3;46.9;58.3;83.7;91.0;1.2;0.7;0.0;0.0;0.7;0.5;0.2;0.2;0.7;1.2;0.2;1.0,31.24,0.11,0.0,3.21,14.989,0.727,5761.0,36230.0,4,16,,,,,,,,,,,,,,,,,,,,,,,,,,,,,,,,,,,,,,,,,,,,,,,,,,,,,,,,,,,,,
9,5,,,,,,,96,81,65,16,232.2,2730,10801,35,0,22.4,14.7;3.4;18.8;10.5;6.3;7.8;96.3;97.8;54.8;44.5;85.6;85.2;1.0;2.2;1.2;0.5;0.7;1.2;0.5;0.2;2.4;1.5;1.0;1.0,31.22,0.11,0.0,3.18,14.989,0.727,8349.0,18164.0,4,16,,,,,,,,,,,,,,,,,,,,,,,,,,,,,,,,,,,,,,,,,,,,,,,,,,,,,,,,,,,,,
9,6,,,,,,,100,77,66,19,233.8,2730,10801,35,0,13.6,12.2;1.5;8.0;10.0;3.6;4.4;63.4;47.8;23.8;20.4;78.6;45.6;1.0;1.5;0.2;0.5;0.5;0.2;0.0;0.5;1.2;0.2;0.0;0.7,31.2,0.11,0.0,2.36,14.998,0.736,24316.0,12841.0,4,16,,,,,,,,,,,,,,,,,,,,,,,,,,,,,,,,,,,,,,,,,,,,,,,,,,,,,,,,,,,,,
9,7,,,,,,,98,93,66,18,230.6,2730,10801,35,0,6.1,10.3;0.6;1.1;0.6;0.3;0.8;24.2;46.8;3.1;3.1;16.8;34.9;0.3;0.3;0.3;0.3;0.3;0.3;0.3;0.3;0.3;0.3;0.3;0.3,31.2,0.11,0.0,1.93,14.989,0.727,1708.0,48.0,4,16,,,,,,,,,,,,,,,,,,,,,,,,,,,,,,,,,,,,,,,,,,,,,,,,,,,,,,,,,,,,,
9,summary,0.33132971723769056,0.9829480591955208,0.2914793662759993,0.9974444444444445,0.00099798,39.8,,,,,,,,,,,,,,,,,,,,,,27,88.43,100,30,78.29,98,56,64.29,67,16,19.29,27,53.5,206.59,233.8,2539.3,9972.4,35.0,0,6.1,26.11,65.3,31.2,31.26,31.37,63.16,0.11,0.11,0.11,16.0,0.0,0.0,0.01,1.93,3.99,6.64,10.954,14.262,14.989,14.99,14.998,15.992,0.727,0.73,0.736,1708.0,18728.57,72070.0,48.0,21504.86,36669.0,4,4.0,4,16,16.0,16,4,16,31.64,7.37
10,1,,,,,,,17,18,57,27,50.6,1455,5001,35,0,64.7,81.6;81.1;89.3;90.4;89.7;86.3;85.6;95.9;85.7;84.9;95.2;91.1;51.4;53.7;25.7;31.8;53.3;56.0;17.6;19.7;53.1;53.4;39.9;42.2,31.38,0.11,0.01,4.61,14.998,0.736,4980.0,23291.0,4,16,,,,,,,,,,,,,,,,,,,,,,,,,,,,,,,,,,,,,,,,,,,,,,,,,,,,,,,,,,,,,
10,2,,,,,,,96,91,64,18,230.3,2730,10801,35,0,30.9,24.7;16.9;30.5;35.5;17.9;21.5;92.7;89.8;60.3;64.0;92.0;98.5;13.3;13.3;3.6;3.6;11.1;11.6;1.7;2.9;11.6;10.4;7.7;7.3,31.3,0.11,0.0,6.54,14.998,0.736,4394.0,52832.0,4,16,,,,,,,,,,,,,,,,,,,,,,,,,,,,,,,,,,,,,,,,,,,,,,,,,,,,,,,,,,,,,
10,3,,,,,,,100,76,68,19,232.1,2730,10801,35,0,22.4,12.6;2.9;18.3;16.4;4.2;3.2;91.2;91.4;48.9;53.4;91.2;95.1;1.7;0.7;1.0;0.2;0.7;1.0;0.0;0.2;1.0;0.7;0.2;0.0,31.27,0.11,0.0,5.13,14.993,0.731,10449.0,12646.0,4,16,,,,,,,,,,,,,,,,,,,,,,,,,,,,,,,,,,,,,,,,,,,,,,,,,,,,,,,,,,,,,
10,4,,,,,,,100,88,65,15,231.9,2730,10801,35,0,21.7,16.0;1.4;12.7;13.7;3.1;4.3;96.1;97.6;47.0;47.1;88.7;84.1;1.9;1.4;0.5;1.0;0.5;0.7;0.0;0.0;1.0;0.2;0.5;1.2,31.24,0.11,0.0,3.92,14.989,0.727,15771.0,11083.0,4,16,,,,,,,,,,,,,,,,,,,,,,,,,,,,,,,,,,,,,,,,,,,,,,,,,,,,,,,,,,,,,
10,5,,,,,,,96,89,70,17,231.7,2730,10801,35,0,22.9,11.5;3.9;16.8;21.1;5.6;8.8;95.1;88.9;50.9;56.0;92.4;88.7;1.5;2.2;0.2;1.0;0.5;1.0;0.0;0.5;0.2;0.0;1.2;0.7,31.23,0.11,0.0,2.6,14.989,0.727,30126.0,11962.0,4,16,,,,,,,,,,,,,,,,,,,,,,,,,,,,,,,,,,,,,,,,,,,,,,,,,,,,,,,,,,,,,
10,6,,,,,,,100,76,66,17,232.9,2730,10801,35,0,13.6,11.2;1.7;6.6;7.9;2.2;4.7;77.1;55.5;18.4;32.2;57.0;46.7;0.7;1.0;0.0;0.2;0.7;0.5;0.0;0.0;1.5;0.7;0.0;0.2,31.22,0.11,0.0,2.59,14.993,0.731,25683.0,15380.0,4,16,,,,,,,,,,,,,,,,,,,,,,,,,,,,,,,,,,,,,,,,,,,,,,,,,,,,,,,,,,,,,
10,7,,,,,,,96,84,69,18,232.0,2730,10801,35,0,7.7,15.4;3.0;4.4;2.2;2.5;0.3;16.3;57.2;6.3;6.1;33.1;30.1;0.0;0.0;0.0;0.3;0.0;0.3;0.6;0.6;1.4;3.1;0.8;0.6,31.21,0.11,0.0,2.48,14.989,0.727,1123.0,1464.0,4,16,,,,,,,,,,,,,,,,,,,,,,,,,,,,,,,,,,,,,,,,,,,,,,,,,,,,,,,,,,,,,
10,summary,0.3293423010263844,0.9836682049845203,0.2929417110813989,0.9968888888888889,0.00099720,39.8,,,,,,,,,,,,,,,,,,,,,,17,86.43,100,18,74.57,91,57,65.57,70,15,18.71,27,50.6,205.93,232.9,2547.9,9972.4,35.0,0,7.7,26.27,64.7,31.21,31.26,31.38,63.16,0.11,0.11,0.11,16.0,0.0,0.0,0.01,2.48,3.98,6.54,10.953,14.262,14.989,14.99,14.998,15.992,0.727,0.73,0.736,1123.0,13218.0,30126.0,1464.0,18379.71,52832.0,4,4.0,4,16,16.0,16,4,16,31.69,7.24
11,1,,,,,,,0,0,57,26,72.5,1440,10801,35,0,66.3,79.5;78.5;89.6;91.7;89.6;87.5;96.5;90.3;88.9;93.1;97.9;93.1;56.2;55.6;30.6;31.5;54.2;55.2;19.6;20.5;47.6;53.5;45.1;45.8,31.36,0.11,0.0,4.59,14.998,0.736,9960.0,13330.0,4,16,,,,,,,,,,,,,,,,,,,,,,,,,,,,,,,,,,,,,,,,,,,,,,,,,,,,,,,,,,,,,
11,2,,,,,,,96,81,68,19,220.5,2730,10801,35,0,30.5,20.5;16.0;31.8;28.0;18.9;20.0;88.3;93.8;57.2;59.1;97.4;97.9;12.2;10.8;5.2;3.8;11.2;11.9;4.5;4.3;11.5;10.8;6.9;10.3,31.3,0.11,0.0,4.98,14.998,0.736,9912.0,11865.0,4,16,,,,,,,,,,,,,,,,,,,,,,,,,,,,,,,,,,,,,,,,,,,,,,,,,,,,,,,,,,,,,
11,3,,,,,,,100,84,66,19,231.6,2730,10801,35,0,22.5,14.7;2.5;20.9;18.3;4.2;7.4;91.9;94.6;48.0;61.7;80.1;87.5;2.0;2.0;0.2;0.7;0.5;0.2;0.2;0.7;1.2;0.5;0.0;0.5,31.25,0.11,0.0,4.59,14.993,0.731,30517.0,34814.0,4,16,,,,,,,,,,,,,,,,,,,,,,,,,,,,,,,,,,,,,,,,,,,,,,,,,,,,,,,,,,,,,
11,4,,,,,,,96,90,69,17,230.8,2730,10801,35,0,22.2,12.3;2.0;19.3;13.4;4.1;4.6;92.7;87.5;51.3;53.2;94.9;91.5;0.5;1.2;0.0;0.0;0.7;0.7;0.0;0.0;0.5;0.7;0.2;0.0,31.23,0.11,0.0,3.55,14.989,0.727,7666.0,19189.0,4,16,,,,,,,,,,,,,,,,,,,,,,,,,,,,,,,,,,,,,,,,,,,,,,,,,,,,,,,,,,,,,
11,5,,,,,,,100,73,67,16,232.8,2730,10801,35,0,21.8,14.4;1.0;15.2;12.2;3.2;4.6;89.5;94.6;53.4;52.9;87.5;91.9;0.5;0.2;0.0;0.2;0.0;0.5;0.0;0.0;1.0;0.7;0.0;1.2,31.22,0.11,0.01,2.76,14.998,0.736,30468.0,12207.0,4,16,,,,,,,,,,,,,,,,,,,,,,,,,,,,,,,,,,,,,,,,,,,,,,,,,,,,,,,,,,,,,
11,6,,,,,,,100,89,65,17,232.3,2730,10801,35,0,13.3,14.5;1.7;7.0;9.2;2.4;1.9;55.1;49.5;14.8;30.3;74.8;52.5;1.5;0.7;0.0;0.0;0.5;0.5;0.0;0.2;0.2;0.5;0.2;1.0,31.19,0.11,0.0,1.91,14.993,0.731,9130.0,41748.0,4,16,,,,,,,,,,,,,,,,,,,,,,,,,,,,,,,,,,,,,,,,,,,,,,,,,,,,,,,,,,,,,
11,7,,,,,,,99,76,68,17,234.6,2730,10801,35,0,6.8,13.9;1.9;1.7;1.7;0.8;0.8;23.1;34.4;3.9;3.9;20.1;52.2;0.6;0.3;0.0;0.0;0.3;0.0;0.6;0.0;0.6;0.0;0.3;1.4,31.19,0.11,0.0,1.48,14.989,0.727,0.0,1806.0,4,16,,,,,,,,,,,,,,,,,,,,,,,,,,,,,,,,,,,,,,,,,,,,,,,,,,,,,,,,,,,,,
11,summary,0.3259779119032138,0.9848144177355004,0.2920594457520379,0.9972222222222222,0.00099630,39.8,,,,,,,,,,,,,,,,,,,,,,0,84.43,100,0,70.43,90,57,65.71,69,16,18.71,26,72.5,207.87,234.6,2545.7,10801.0,35.0,0,6.8,26.2,66.3,31.19,31.25,31.36,63.16,0.11,0.11,0.11,16.0,0.0,0.0,0.01,1.48,3.41,4.98,10.956,14.262,14.989,14.99,14.998,15.992,0.727,0.73,0.736,0.0,13950.43,30517.0,1806.0,19279.86,41748.0,4,4.0,4,16,16.0,16,4,16,31.41,7.57
12,1,,,,,,,0,0,58,27,71.8,1470,10801,35,0,66.8,84.8;80.7;88.3;92.4;86.9;88.4;95.9;91.7;84.8;84.9;88.3;94.5;64.6;60.7;31.7;30.8;60.3;66.2;22.8;20.1;51.7;52.4;35.6;43.4,31.35,0.11,0.03,4.6,15.034,0.772,2294.0,16796.0,4,16,,,,,,,,,,,,,,,,,,,,,,,,,,,,,,,,,,,,,,,,,,,,,,,,,,,,,,,,,,,,,
12,2,,,,,,,100,67,66,18,233.4,2730,10801,35,0,31.6,22.9;14.5;40.8;29.4;16.1;19.5;93.0;97.3;57.0;66.6;94.9;98.3;12.7;11.5;5.8;5.1;9.9;11.8;4.8;5.8;10.1;11.5;8.4;9.9,31.27,0.11,0.0,5.46,15.031,0.769,25830.0,36279.0,4,16,,,,,,,,,,,,,,,,,,,,,,,,,,,,,,,,,,,,,,,,,,,,,,,,,,,,,,,,,,,,,
12,3,,,,,,,96,88,67,18,233.1,2730,10801,35,0,22.5,13.5;2.2;17.8;13.4;4.9;4.6;91.2;98.0;50.2;49.1;94.9;91.2;1.5;2.2;0.0;0.0;1.5;0.7;0.0;0.0;1.0;0.7;0.0;0.2,31.24,0.11,0.0,3.69,15.022,0.76,9082.0,49658.0,4,16,,,,,,,,,,,,,,,,,,,,,,,,,,,,,,,,,,,,,,,,,,,,,,,,,,,,,,,,,,,,,
12,4,,,,,,,96,90,69,14,222.2,2730,10801,35,0,21.8,15.3;1.5;16.9;12.1;4.6;5.3;88.9;94.7;56.4;47.1;81.8;84.1;3.1;1.7;0.7;1.0;1.2;1.0;0.2;0.2;1.5;1.0;0.7;1.5,31.22,0.11,0.0,3.46,15.022,0.76,28515.0,12158.0,4,16,,,,,,,,,,,,,,,,,,,,,,,,,,,,,,,,,,,,,,,,,,,,,,,,,,,,,,,,,,,,,
12,5,,,,,,,100,67,67,17,234.0,2730,10801,36,0,22.4,15.6;2.7;18.3;11.2;3.2;6.1;86.6;92.2;51.1;56.2;90.4;90.7;2.2;1.7;0.7;0.5;1.5;0.7;1.0;0.5;1.2;0.5;0.7;1.0,31.22,0.11,0.0,2.75,15.031,0.769,16650.0,13134.0,4,16,,,,,,,,,,,,,,,,,,,,,,,,,,,,,,,,,,,,,,,,,,,,,,,,,,,,,,,,,,,,,
12,6,,,,,,,97,90,68,18,230.9,2730,10801,36,0,13.8,15.2;0.7;10.0;6.6;2.2;3.2;56.6;59.9;23.3;34.1;52.2;58.9;1.7;0.7;0.2;0.2;0.7;0.5;0.5;0.2;1.0;0.5;0.2;1.2,31.2,0.11,0.0,2.27,15.026,0.764,28564.0,18164.0,4,16,,,,,,,,,,,,,,,,,,,,,,,,,,,,,,,,,,,,,,,,,,,,,,,,,,,,,,,,,,,,,
12,7,,,,,,,100,66,67,17,234.6,2730,10801,35,0,7.2,13.3;1.7;3.0;2.2;1.4;2.2;23.1;54.0;4.1;3.0;26.6;29.0;0.3;1.1;0.3;0.0;0.3;1.1;1.1;0.3;0.0;0.8;1.1;1.4,31.18,0.11,0.0,1.48,15.022,0.76,16650.0,1367.0,4,16,,,,,,,,,,,,,,,,,,,,,,,,,,,,,,,,,,,,,,,,,,,,,,,,,,,,,,,,,,,,,
12,summary,0.3243774144566782,0.9854465714345257,0.29204611558384364,0.9966666666666667,0.00099526,39.9,,,,,,,,,,,,,,,,,,,,,,0,84.14,100,0,66.86,90,58,66.0,69,14,18.43,27,71.8,208.57,234.6,2550.0,10801.0,35.3,0,7.2,26.59,66.8,31.18,31.24,31.35,63.16,0.11,0.11,0.11,16.0,0.0,0.0,0.03,1.48,3.39,5.46,10.952,14.262,15.022,15.03,15.034,15.992,0.76,0.76,0.772,2294.0,18226.43,28564.0,1367.0,21079.43,49658.0,4,4.0,4,16,16.0,16,4,16,31.82,7.16
13,1,,,,,,,0,0,58,27,72.7,1515,10801,36,0,65.8,83.0;74.0;87.5;91.0;81.4;81.9;93.1;90.3;80.8;87.6;95.8;93.8;52.1;53.5;35.4;27.1;61.4;54.9;23.6;28.5;54.2;62.5;43.1;42.4,31.33,0.11,0.0,3.54,15.031,0.769,2441.0,37646.0,4,16,,,,,,,,,,,,,,,,,,,,,,,,,,,,,,,,,,,,,,,,,,,,,,,,,,,,,,,,,,,,,
13,2,,,,,,,100,66,66,17,233.8,2730,10801,36,0,31.4,25.8;15.0;36.0;30.6;20.4;18.7;94.0;91.9;60.0;62.9;94.8;97.6;14.3;14.0;5.7;6.2;12.6;11.2;2.6;1.9;11.9;10.2;6.4;9.5,31.25,0.11,0.0,5.55,15.031,0.769,24902.0,10888.0,4,16,,,,,,,,,,,,,,,,,,,,,,,,,,,,,,,,,,,,,,,,,,,,,,,,,,,,,,,,,,,,,
13,3,,,,,,,100,81,66,15,232.4,2730,10801,36,0,22.4,14.3;1.2;15.9;11.0;5.6;5.9;95.8;98.3;47.0;52.7;86.0;91.0;2.2;1.7;1.0;0.7;1.0;1.2;1.2;0.0;1.7;1.5;1.2;0.7,31.22,0.11,0.0,4.33,15.022,0.76,18505.0,24609.0,4,16,,,,,,,,,,,,,,,,,,,,,,,,,,,,,,,,,,,,,,,,,,,,,,,,,,,,,,,,,,,,,
13,4,,,,,,,96,91,70,18,230.8,2730,10801,36,0,22.7,14.2;3.2;18.5;13.0;6.9;4.4;96.6;97.8;53.3;38.5;90.5;93.6;3.2;1.5;0.5;0.7;1.2;1.0;0.5;0.5;0.7;1.5;1.0;1.2,31.2,0.11,0.0,3.33,15.022,0.76,18310.0,10742.0,4,16,,,,,,,,,,,,,,,,,,,,,,,,,,,,,,,,,,,,,,,,,,,,,,,,,,,,,,,,,,,,,
13,5,,,,,,,100,68,66,18,233.5,2730,10801,36,0,22.1,12.4;1.2;13.0;12.0;3.9;6.4;87.5;92.9;46.3;55.5;95.3;94.6;1.2;1.5;1.2;0.7;0.5;0.5;0.5;0.0;0.7;0.2;0.0;1.7,31.19,0.11,0.0,2.13,15.031,0.769,5175.0,40869.0,4,16,,,,,,,,,,,,,,,,,,,,,,,,,,,,,,,,,,,,,,,,,,,,,,,,,,,,,,,,,,,,,
13,6,,,,,,,100,84,65,17,222.9,2730,10801,36,0,13.3,9.8;1.9;9.1;8.3;2.4;1.9;68.2;46.8;17.3;32.4;61.4;52.4;1.2;1.5;0.5;0.0;0.0;0.2;0.0;0.0;1.0;0.5;1.2;0.7,31.17,0.11,0.0,2.27,15.022,0.76,8251.0,26318.0,4,16,,,,,,,,,,,,,,,,,,,,,,,,,,,,,,,,,,,,,,,,,,,,,,,,,,,,,,,,,,,,,
13,7,,,,,,,96,73,70,17,234.4,2730,10801,35,0,6.7,14.4;1.1;1.7;0.8;0.3;0.6;25.4;27.3;3.6;2.5;15.3;61.8;0.3;0.0;0.3;0.3;0.3;0.3;0.8;0.6;0.0;0.0;0.3;1.4,31.17,0.11,0.0,1.5,15.022,0.76,341.0,1806.0,4,16,,,,,,,,,,,,,,,,,,,,,,,,,,,,,,,,,,,,,,,,,,,,,,,,,,,,,,,,,,,,,
13,summary,0.3224281720999982,0.9859976797875223,0.29079519926177133,0.9966666666666667,0.00099410,39.8,,,,,,,,,,,,,,,,,,,,,,0,84.57,100,0,66.14,91,58,65.86,70,15,18.43,27,72.7,208.64,234.4,2556.4,10801.0,35.9,0,6.7,26.34,65.8,31.17,31.22,31.33,63.16,0.11,0.11,0.11,16.0,0.0,0.0,0.0,1.5,3.24,5.55,10.955,14.262,15.022,15.03,15.031,15.992,0.76,0.76,0.769,341.0,11132.14,24902.0,1806.0,21839.71,40869.0,4,4.0,4,16,16.0,16,4,16,31.36,7.66
14,1,,,,,,,0,0,58,23,73.0,1440,10801,36,0,64.5,82.8;82.8;90.3;91.7;84.0;83.3;90.3;93.1;86.8;91.7;95.1;93.8;61.8;61.4;28.0;24.5;54.2;56.2;16.1;13.9;52.1;49.0;32.6;32.6,31.34,0.11,0.0,5.94,15.031,0.769,22167.0,12890.0,4,16,,,,,,,,,,,,,,,,,,,,,,,,,,,,,,,,,,,,,,,,,,,,,,,,,,,,,,,,,,,,,
14,2,,,,,,,100,89,65,19,230.4,2730,10801,36,0,31.9,22.0;16.7;33.1;29.0;18.8;21.5;94.2;95.4;45.0;76.7;92.0;93.0;14.5;14.9;8.0;5.1;13.3;15.3;4.1;4.9;12.1;14.5;10.4;11.8,31.27,0.11,0.0,5.49,15.031,0.769,15722.0,10839.0,4,16,,,,,,,,,,,,,,,,,,,,,,,,,,,,,,,,,,,,,,,,,,,,,,,,,,,,,,,,,,,,,
14,3,,,,,,,100,66,70,18,232.8,2730,10801,36,0,22.4,12.8;1.0;16.9;13.7;6.1;6.1;94.1;95.8;43.7;58.7;87.0;89.2;2.0;2.5;0.2;0.0;1.5;1.5;0.7;0.5;1.0;0.5;1.0;1.2,31.25,0.11,0.01,5.27,15.022,0.76,29980.0,43457.0,4,16,,,,,,,,,,,,,,,,,,,,,,,,,,,,,,,,,,,,,,,,,,,,,,,,,,,,,,,,,,,,,
14,4,,,,,,,96,88,66,20,231.2,2730,10801,36,0,22.4,14.2;4.0;16.3;12.6;6.1;7.7;91.8;93.9;43.1;46.5;92.0;94.4;2.3;2.6;0.0;0.7;1.4;0.9;0.5;0.9;0.7;0.9;1.4;2.8,31.23,0.11,0.0,4.13,15.022,0.76,976.0,1513.0,4,16,,,,,,,,,,,,,,,,,,,,,,,,,,,,,,,,,,,,,,,,,,,,,,,,,,,,,,,,,,,,,
14,5,,,,,,,100,67,70,17,234.0,2730,10801,36,0,21.9,15.3;1.7;15.4;12.8;4.2;4.4;90.4;84.0;49.4;48.4;97.8;96.1;1.5;1.0;0.0;0.2;1.0;0.7;0.2;0.0;0.2;0.0;0.2;1.5,31.21,0.11,0.0,3.19,15.031,0.769,22998.0,50927.0,4,16,,,,,,,,,,,,,,,,,,,,,,,,,,,,,,,,,,,,,,,,,,,,,,,,,,,,,,,,,,,,,
14,6,,,,,,,96,88,66,18,231.8,2730,10801,36,0,13.6,12.7;1.2;7.1;6.4;2.7;2.5;43.9;78.2;18.2;28.7;55.0;61.2;0.7;0.5;0.2;0.2;0.5;0.2;0.0;0.0;1.0;0.5;1.2;3.1,31.19,0.11,0.0,1.98,15.022,0.76,5371.0,18652.0,4,16,,,,,,,,,,,,,,,,,,,,,,,,,,,,,,,,,,,,,,,,,,,,,,,,,,,,,,,,,,,,,
14,7,,,,,,,100,66,70,17,234.8,2730,10801,36,0,6.7,12.4;1.4;1.7;2.5;2.2;1.1;24.7;35.6;5.3;4.2;25.3;43.1;0.6;0.3;0.0;0.3;0.0;0.0;0.0;0.0;0.0;0.0;0.0;0.8,31.18,0.11,0.0,2.0,15.022,0.76,0.0,1855.0,4,16,,,,,,,,,,,,,,,,,,,,,,,,,,,,,,,,,,,,,,,,,,,,,,,,,,,,,,,,,,,,,
14,summary,0.320616537023744,0.9866460425557534,0.29215369886822173,0.9967777777777778,0.00099282,39.8,,,,,,,,,,,,,,,,,,,,,,0,84.57,100,0,66.29,89,58,66.43,70,17,18.86,23,73.0,209.71,234.8,2545.7,10801.0,36.0,0,6.7,26.2,64.5,31.18,31.24,31.34,63.16,0.11,0.11,0.11,16.0,0.0,0.0,0.01,1.98,4.0,5.94,10.956,14.262,15.022,15.03,15.031,15.992,0.76,0.76,0.769,0.0,13887.71,29980.0,1513.0,20019.0,50927.0,4,4.0,4,16,16.0,16,4,16,31.91,7.13
15,1,,,,,,,0,0,58,27,65.6,1425,10801,36,0,66.6,83.4;84.2;93.2;91.8;87.0;85.6;95.2;90.4;94.5;92.5;95.2;98.6;54.1;47.3;29.3;32.9;58.9;61.0;20.5;22.6;53.1;55.5;34.2;38.1,31.32,0.11,0.0,4.5,15.031,0.769,7275.0,17578.0,4,16,,,,,,,,,,,,,,,,,,,,,,,,,,,,,,,,,,,,,,,,,,,,,,,,,,,,,,,,,,,,,
15,2,,,,,,,100,91,67,18,232.4,2730,10801,36,0,30.5,25.5;12.9;32.4;24.6;18.5;16.5;95.1;95.6;69.4;55.0;91.5;94.7;12.2;12.3;3.4;4.4;11.4;11.0;3.4;3.7;10.5;10.0;8.5;8.8,31.24,0.11,0.0,5.65,15.022,0.76,5859.0,18603.0,4,16,,,,,,,,,,,,,,,,,,,,,,,,,,,,,,,,,,,,,,,,,,,,,,,,,,,,,,,,,,,,,
15,3,,,,,,,100,98,66,18,232.9,2730,10801,36,0,21.9,17.1;2.9;19.6;13.6;3.3;4.5;94.5;92.4;40.7;52.7;84.9;89.3;1.7;2.1;0.2;0.5;0.7;0.5;0.0;0.5;1.2;0.7;0.2;1.0,31.22,0.11,0.0,4.38,15.022,0.76,23583.0,34814.0,4,16,,,,,,,,,,,,,,,,,,,,,,,,,,,,,,,,,,,,,,,,,,,,,,,,,,,,,,,,,,,,,
15,4,,,,,,,96,73,67,16,234.5,2730,10801,36,0,21.9,12.4;1.5;16.5;9.8;6.7;3.7;89.4;86.7;48.8;52.1;95.3;96.8;1.5;1.2;0.2;0.2;0.7;0.2;0.0;0.0;1.0;0.7;0.2;0.0,31.21,0.11,0.0,2.74,15.022,0.76,31494.0,12402.0,4,16,,,,,,,,,,,,,,,,,,,,,,,,,,,,,,,,,,,,,,,,,,,,,,,,,,,,,,,,,,,,,
15,5,,,,,,,100,89,68,17,233.5,2730,10801,36,0,22.2,14.3;3.7;12.9;23.2;6.3;5.4;80.5;90.5;37.4;59.5;95.9;93.7;1.9;2.2;0.0;0.5;1.7;1.2;0.0;0.5;0.7;0.2;1.0;0.2,31.19,0.11,0.0,2.73,15.031,0.769,27441.0,19238.0,4,16,,,,,,,,,,,,,,,,,,,,,,,,,,,,,,,,,,,,,,,,,,,,,,,,,,,,,,,,,,,,,
15,6,,,,,,,97,78,66,18,234.2,2730,10801,36,0,14.5,15.9;1.5;6.7;12.7;2.9;4.0;44.6;69.4;16.5;32.9;59.7;68.2;2.2;1.7;1.0;1.0;1.2;0.7;0.5;0.5;2.2;0.7;0.0;0.7,31.18,0.11,0.0,2.24,15.022,0.76,17578.0,14306.0,4,16,,,,,,,,,,,,,,,,,,,,,,,,,,,,,,,,,,,,,,,,,,,,,,,,,,,,,,,,,,,,,
15,7,,,,,,,100,71,68,21,235.4,2730,10801,36,0,6.2,14.8;0.3;1.4;0.8;1.1;0.3;8.5;39.1;2.7;2.7;41.7;33.2;0.5;0.3;0.0;0.0;0.0;0.0;0.3;0.6;0.0;0.0;0.0;0.0,31.16,0.11,0.0,1.46,15.022,0.76,0.0,4736.0,4,16,,,,,,,,,,,,,,,,,,,,,,,,,,,,,,,,,,,,,,,,,,,,,,,,,,,,,,,,,,,,,
15,summary,0.3188066140898309,0.9872643027668881,0.2910075578159756,0.9972222222222222,0.00099140,39.9,,,,,,,,,,,,,,,,,,,,,,0,84.71,100,0,71.43,98,58,65.71,68,16,19.29,27,65.6,209.79,235.4,2543.6,10801.0,36.0,0,6.2,26.26,66.6,31.16,31.22,31.32,63.16,0.11,0.11,0.11,16.0,0.0,0.0,0.0,1.46,3.39,5.65,10.955,14.262,15.022,15.02,15.031,15.992,0.76,0.76,0.769,0.0,16175.71,31494.0,4736.0,17382.43,34814.0,4,4.0,4,16,16.0,16,4,16,31.62,7.44
16,1,,,,,,,0,0,58,25,71.8,1755,10801,36,0,64.7,84.5;80.7;91.0;92.4;82.1;82.8;88.3;91.0;86.9;89.0;91.8;98.6;55.2;57.2;26.2;28.4;52.7;53.1;25.5;18.1;49.0;52.4;36.6;40.4,31.31,0.11,0.0,3.67,15.031,0.769,11425.0,24169.0,4,16,,,,,,,,,,,,,,,,,,,,,,,,,,,,,,,,,,,,,,,,,,,,,,,,,,,,,,,,,,,,,
16,2,,,,,,,100,84,68,19,232.2,2730,10801,36,0,30.7,24.8;14.6;34.5;21.6;19.2;19.6;94.4;97.6;58.4;62.9;94.9;93.2;12.6;13.1;3.6;2.9;11.4;10.7;2.2;1.2;12.1;11.4;8.5;10.9,31.26,0.11,0.0,5.46,15.022,0.76,5029.0,24804.0,4,16,,,,,,,,,,,,,,,,,,,,,,,,,,,,,,,,,,,,,,,,,,,,,,,,,,,,,,,,,,,,,
16,3,,,,,,,96,90,65,18,231.8,2730,10801,36,0,21.7,13.8;2.4;18.2;15.4;5.6;4.6;89.8;91.3;48.0;50.5;85.9;91.2;1.7;0.7;0.2;0.0;0.2;0.2;0.0;0.2;1.0;0.5;0.0;0.0,31.23,0.11,0.0,4.47,15.022,0.76,4785.0,25390.0,4,16,,,,,,,,,,,,,,,,,,,,,,,,,,,,,,,,,,,,,,,,,,,,,,,,,,,,,,,,,,,,,
16,4,,,,,,,100,70,69,18,233.2,2730,10801,36,0,22.5,14.4;2.2;13.5;16.9;6.4;4.4;90.9;93.4;35.9;58.1;97.8;97.1;0.7;1.0;0.2;0.2;1.0;0.7;0.7;0.5;1.0;1.0;0.5;0.7,31.21,0.11,0.0,2.74,15.022,0.76,5468.0,21386.0,4,16,,,,,,,,,,,,,,,,,,,,,,,,,,,,,,,,,,,,,,,,,,,,,,,,,,,,,,,,,,,,,
16,5,,,,,,,100,84,68,19,232.4,2730,10801,36,0,22.6,17.0;3.1;14.4;13.4;5.5;3.6;88.0;90.9;42.8;62.4;93.1;97.4;1.9;1.0;0.5;1.0;0.7;1.0;0.7;0.7;1.0;1.0;0.2;1.7,31.19,0.11,0.0,2.68,15.026,0.764,12841.0,36767.0,4,16,,,,,,,,,,,,,,,,,,,,,,,,,,,,,,,,,,,,,,,,,,,,,,,,,,,,,,,,,,,,,
16,6,,,,,,,97,91,65,17,231.1,2730,10801,36,0,13.8,14.9;1.0;7.4;10.1;2.7;1.7;57.6;52.2;20.6;29.7;63.4;65.8;1.2;1.0;0.0;0.0;0.2;0.2;0.0;0.0;0.0;0.2;0.5;0.0,31.17,0.11,0.0,2.25,15.022,0.76,18945.0,48242.0,4,16,,,,,,,,,,,,,,,,,,,,,,,,,,,,,,,,,,,,,,,,,,,,,,,,,,,,,,,,,,,,,
16,7,,,,,,,100,76,68,16,233.1,2730,10801,36,0,6.7,15.6;0.8;0.6;1.1;0.8;0.3;29.1;39.0;3.6;2.8;29.2;33.2;0.3;0.6;0.0;0.0;0.0;0.3;0.0;0.3;2.2;0.0;0.0;0.6,31.16,0.11,0.0,1.47,15.022,0.76,781.0,0.0,4,16,,,,,,,,,,,,,,,,,,,,,,,,,,,,,,,,,,,,,,,,,,,,,,,,,,,,,,,,,,,,,
16,summary,0.3185424885208019,0.9874819674105085,0.29034528562757705,0.9971111111111111,0.00098987,39.8,,,,,,,,,,,,,,,,,,,,,,0,84.71,100,0,70.71,91,58,65.86,69,16,18.86,25,71.8,209.37,233.2,2590.7,10801.0,36.0,0,6.7,26.1,64.7,31.16,31.22,31.31,63.16,0.11,0.11,0.11,16.0,0.0,0.0,0.0,1.47,3.25,5.46,10.956,14.262,15.022,15.02,15.031,15.992,0.76,0.76,0.769,781.0,8467.71,18945.0,0.0,25822.57,48242.0,4,4.0,4,16,16.0,16,4,16,31.85,7.1
17,1,,,,,,,0,0,57,27,64.5,1440,10801,36,0,64.1,79.5;81.9;89.6;91.0;78.6;76.4;91.7;93.8;82.6;88.2;90.3;96.5;56.9;56.2;26.4;25.0;55.2;49.3;21.6;26.4;51.7;53.5;36.5;40.3,31.36,0.11,0.0,5.5,15.031,0.769,18359.0,11083.0,4,16,,,,,,,,,,,,,,,,,,,,,,,,,,,,,,,,,,,,,,,,,,,,,,,,,,,,,,,,,,,,,
17,2,,,,,,,96,90,68,18,231.0,2730,10801,36,0,30.7,24.1;13.6;36.7;25.0;20.3;17.2;94.2;90.8;65.1;57.3;91.0;94.4;11.9;11.4;5.6;6.8;11.2;11.5;4.4;3.9;10.2;10.7;8.0;9.7,31.29,0.11,0.0,5.49,15.022,0.76,4101.0,26708.0,4,16,,,,,,,,,,,,,,,,,,,,,,,,,,,,,,,,,,,,,,,,,,,,,,,,,,,,,,,,,,,,,
17,3,,,,,,,96,90,70,15,231.2,2730,10801,36,0,22.0,12.4;2.4;14.6;11.1;6.5;3.8;92.1;91.4;47.8;51.4;89.2;93.0;2.4;0.7;0.5;1.2;1.2;0.7;1.2;0.7;1.4;1.0;0.2;1.0,31.27,0.11,0.03,5.16,15.022,0.76,10595.0,219042.0,4,16,,,,,,,,,,,,,,,,,,,,,,,,,,,,,,,,,,,,,,,,,,,,,,,,,,,,,,,,,,,,,
17,4,,,,,,,100,69,67,17,234.9,2730,10801,36,0,22.8,14.2;2.7;19.0;18.9;7.4;3.7;86.2;88.8;39.8;60.0;94.8;94.9;2.9;1.7;0.5;0.5;1.2;1.2;0.7;0.5;1.7;2.5;1.5;0.7,31.24,0.11,0.0,4.38,15.031,0.769,10253.0,16699.0,4,16,,,,,,,,,,,,,,,,,,,,,,,,,,,,,,,,,,,,,,,,,,,,,,,,,,,,,,,,,,,,,
17,5,,,,,,,98,92,67,17,231.5,2730,10801,36,0,22.4,13.7;2.7;18.6;11.5;5.4;3.2;87.5;90.8;46.9;58.7;91.9;96.6;2.4;2.2;0.2;0.5;1.0;1.5;0.5;0.7;1.0;0.5;0.7;0.7,31.21,0.11,0.0,3.24,15.026,0.764,37158.0,11328.0,4,16,,,,,,,,,,,,,,,,,,,,,,,,,,,,,,,,,,,,,,,,,,,,,,,,,,,,,,,,,,,,,
17,6,,,,,,,100,69,67,18,233.5,2730,10801,36,0,13.6,13.6;1.5;11.8;5.4;4.4;1.0;54.9;50.9;23.8;19.9;54.5;77.6;0.5;0.2;0.2;0.0;0.2;0.2;0.2;0.0;1.7;1.7;0.5;0.2,31.19,0.11,0.0,1.96,15.022,0.76,5419.0,32910.0,4,16,,,,,,,,,,,,,,,,,,,,,,,,,,,,,,,,,,,,,,,,,,,,,,,,,,,,,,,,,,,,,
17,7,,,,,,,100,75,67,16,233.5,2730,10801,36,0,7.3,15.2;0.8;1.9;2.5;1.9;1.1;25.2;22.1;6.3;1.6;44.0;42.8;0.8;0.5;0.0;0.0;0.3;0.3;0.0;0.3;0.5;0.6;1.1;3.8,31.19,0.11,0.0,1.98,15.022,0.76,0.0,1855.0,4,16,,,,,,,,,,,,,,,,,,,,,,,,,,,,,,,,,,,,,,,,,,,,,,,,,,,,,,,,,,,,,
17,summary,0.31694704123592027,0.9878547760022415,0.28913094369570413,0.9978888888888889,0.00098820,39.8,,,,,,,,,,,,,,,,,,,,,,0,84.29,100,0,69.29,92,57,66.14,70,15,18.29,27,64.5,208.59,234.9,2545.7,10801.0,36.0,0,7.3,26.13,64.1,31.19,31.25,31.36,63.16,0.11,0.11,0.11,16.0,0.0,0.0,0.03,1.96,3.96,5.5,10.954,14.262,15.022,15.03,15.031,15.992,0.76,0.76,0.769,0.0,12269.29,37158.0,1855.0,45660.71,219042.0,4,4.0,4,16,16.0,16,4,16,31.54,7.43
18,1,,,,,,,0,0,57,25,62.1,1425,10801,36,0,63.8,76.9;82.2;88.9;89.7;74.5;79.3;91.7;91.7;84.7;86.8;90.3;98.6;53.1;57.9;28.7;35.1;58.9;62.1;19.6;22.1;47.9;51.4;37.2;27.2,31.36,0.11,0.0,5.48,15.031,0.769,2539.0,25976.0,4,16,,,,,,,,,,,,,,,,,,,,,,,,,,,,,,,,,,,,,,,,,,,,,,,,,,,,,,,,,,,,,
18,2,,,,,,,100,97,66,17,231.7,2730,10801,36,0,30.9,23.0;14.3;32.6;28.0;17.6;18.5;93.7;90.1;70.3;62.7;94.9;90.4;12.1;10.9;6.8;5.3;10.6;10.6;3.9;4.8;11.3;10.6;8.7;8.9,31.29,0.11,0.0,6.6,15.022,0.76,16699.0,27685.0,4,16,,,,,,,,,,,,,,,,,,,,,,,,,,,,,,,,,,,,,,,,,,,,,,,,,,,,,,,,,,,,,
18,3,,,,,,,96,77,68,15,233.0,2730,10801,36,0,22.5,14.4;2.9;14.4;13.8;5.6;3.7;88.5;88.5;48.5;57.2;93.4;94.6;2.4;1.5;0.5;1.0;1.2;0.7;0.7;0.0;1.7;0.7;2.0;3.4,31.27,0.11,0.0,4.1,15.022,0.76,9326.0,20556.0,4,16,,,,,,,,,,,,,,,,,,,,,,,,,,,,,,,,,,,,,,,,,,,,,,,,,,,,,,,,,,,,,
18,4,,,,,,,100,85,65,18,232.7,2730,10801,36,0,23.0,16.2;4.6;17.0;10.4;6.3;6.8;91.0;88.3;39.4;60.0;95.6;91.9;3.4;2.4;1.5;1.5;2.4;1.7;1.5;0.5;2.4;1.7;2.9;3.1,31.24,0.11,0.27,5.43,15.031,0.769,9960.0,10986.0,4,16,,,,,,,,,,,,,,,,,,,,,,,,,,,,,,,,,,,,,,,,,,,,,,,,,,,,,,,,,,,,,
18,5,,,,,,,100,96,66,17,232.2,2730,10801,36,0,23.1,16.4;2.9;16.4;14.5;10.6;7.0;85.0;90.1;49.6;57.1;93.5;94.0;4.1;1.9;0.2;0.7;1.2;0.5;0.5;0.2;1.0;1.2;1.9;2.6,31.22,0.11,0.04,3.67,15.026,0.764,12109.0,18115.0,4,16,,,,,,,,,,,,,,,,,,,,,,,,,,,,,,,,,,,,,,,,,,,,,,,,,,,,,,,,,,,,,
18,6,,,,,,,98,74,68,15,233.9,2730,10801,36,0,13.7,10.8;1.0;8.1;7.9;2.7;3.4;45.4;78.3;25.7;22.0;55.3;63.2;1.0;0.5;0.5;0.0;0.5;0.0;0.0;0.0;0.2;0.2;0.2;1.5,31.19,0.11,0.0,2.39,15.022,0.76,12597.0,14697.0,4,16,,,,,,,,,,,,,,,,,,,,,,,,,,,,,,,,,,,,,,,,,,,,,,,,,,,,,,,,,,,,,
18,7,,,,,,,100,98,68,16,232.0,2730,10801,36,0,6.5,13.3;1.1;1.9;0.8;0.3;0.0;33.6;33.4;5.0;1.9;41.1;18.8;0.3;1.1;0.0;0.0;0.0;0.0;0.0;0.0;1.1;0.6;0.0;0.0,31.19,0.11,0.0,1.86,15.022,0.76,20361.0,17724.0,4,16,,,,,,,,,,,,,,,,,,,,,,,,,,,,,,,,,,,,,,,,,,,,,,,,,,,,,,,,,,,,,
18,summary,0.31660668079264054,0.987905718791174,0.287907022661633,0.9981111111111111,0.00098642,39.8,,,,,,,,,,,,,,,,,,,,,,0,84.86,100,0,75.29,98,57,65.43,68,15,17.57,25,62.1,208.23,233.9,2543.6,10801.0,36.0,0,6.5,26.21,63.8,31.19,31.25,31.36,63.16,0.11,0.11,0.11,16.0,0.0,0.04,0.27,1.86,4.22,6.6,10.954,14.262,15.022,15.03,15.031,15.992,0.76,0.76,0.769,2539.0,11941.57,20361.0,10986.0,19391.29,27685.0,4,4.0,4,16,16.0,16,4,16,31.69,7.26
19,1,,,,,,,0,0,57,25,58.1,1485,10801,36,0,64.9,76.4;77.9;89.7;91.7;79.5;80.0;92.4;95.9;84.1;93.1;91.7;95.9;59.6;59.3;26.7;30.1;57.5;55.1;20.0;24.1;49.7;50.3;35.9;40.7,31.37,0.11,0.0,4.58,15.031,0.769,25878.0,21533.0,4,16,,,,,,,,,,,,,,,,,,,,,,,,,,,,,,,,,,,,,,,,,,,,,,,,,,,,,,,,,,,,,
19,2,,,,,,,96,88,66,17,230.9,2730,10801,36,0,31.2,26.0;15.9;30.8;28.7;20.9;17.8;91.6;95.0;65.7;56.6;97.4;96.7;12.2;12.7;5.3;4.3;10.8;12.3;2.2;3.1;10.3;11.5;8.9;11.3,31.29,0.11,0.0,6.65,15.022,0.76,4443.0,61865.0,4,16,,,,,,,,,,,,,,,,,,,,,,,,,,,,,,,,,,,,,,,,,,,,,,,,,,,,,,,,,,,,,
19,3,,,,,,,97,91,70,19,230.8,2730,10801,36,0,21.9,14.0;1.9;11.7;12.3;4.4;2.9;90.0;92.2;36.1;62.0;94.5;91.8;1.9;1.5;0.5;0.2;1.7;1.5;0.2;0.0;0.7;0.7;0.7;1.2,31.27,0.11,0.0,5.07,15.022,0.76,8496.0,14062.0,4,16,,,,,,,,,,,,,,,,,,,,,,,,,,,,,,,,,,,,,,,,,,,,,,,,,,,,,,,,,,,,,
19,4,,,,,,,100,67,68,18,234.2,2730,10801,36,0,22.5,14.5;1.7;19.5;13.7;5.1;3.9;90.0;94.6;51.3;52.8;88.8;94.6;1.7;1.0;0.0;0.2;1.5;0.5;0.0;0.2;1.0;0.7;0.2;1.7,31.22,0.11,0.0,3.33,15.031,0.769,8642.0,26708.0,4,16,,,,,,,,,,,,,,,,,,,,,,,,,,,,,,,,,,,,,,,,,,,,,,,,,,,,,,,,,,,,,
19,5,,,,,,,96,88,67,17,231.6,2730,10801,36,0,22.0,11.9;3.2;13.9;16.1;7.3;2.9;88.5;91.2;62.7;44.9;90.5;88.3;2.0;0.5;0.2;0.2;0.2;0.5;0.2;0.0;1.0;0.7;0.0;0.2,31.22,0.11,0.0,3.2,15.022,0.76,37207.0,159130.0,4,16,,,,,,,,,,,,,,,,,,,,,,,,,,,,,,,,,,,,,,,,,,,,,,,,,,,,,,,,,,,,,
19,6,,,,,,,100,67,67,16,235.0,2730,10801,36,0,13.9,13.0;1.7;13.0;4.9;3.2;1.7;52.0;56.7;28.7;19.4;62.6;71.8;1.2;1.2;0.0;0.0;0.7;0.7;0.0;0.0;0.2;0.2;0.0;0.0,31.19,0.11,0.0,2.46,15.022,0.76,5859.0,41699.0,4,16,,,,,,,,,,,,,,,,,,,,,,,,,,,,,,,,,,,,,,,,,,,,,,,,,,,,,,,,,,,,,
19,7,,,,,,,100,84,66,16,233.8,2730,10801,36,0,6.6,12.5;0.8;2.5;0.8;0.3;0.3;48.1;23.7;5.0;2.8;32.9;25.4;0.3;0.0;0.0;0.3;0.0;0.3;0.5;0.3;0.6;0.3;0.0;1.1,31.19,0.11,0.0,1.78,15.031,0.769,17285.0,16015.0,4,16,,,,,,,,,,,,,,,,,,,,,,,,,,,,,,,,,,,,,,,,,,,,,,,,,,,,,,,,,,,,,
19,summary,0.3150903807260932,0.9886258645801735,0.28980872241655986,0.9976666666666667,0.00098451,39.8,,,,,,,,,,,,,,,,,,,,,,0,84.14,100,0,69.29,91,57,65.86,70,16,18.29,25,58.1,207.77,235.0,2552.1,10801.0,36.0,0,6.6,26.14,64.9,31.19,31.25,31.37,63.16,0.11,0.11,0.11,16.0,0.0,0.0,0.0,1.78,3.87,6.65,10.954,14.262,15.022,15.03,15.031,15.992,0.76,0.76,0.769,4443.0,15401.43,37207.0,14062.0,48716.0,159130.0,4,4.0,4,16,16.0,16,4,16,31.6,7.43
20,1,,,,,,,0,0,57,27,60.4,1440,10801,36,0,64.2,78.1;82.1;88.9;90.3;79.9;81.2;91.7;89.6;86.1;89.6;93.1;96.5;49.3;51.7;23.6;25.3;43.8;56.9;23.6;25.7;56.2;55.6;42.8;41.7,31.35,0.11,0.0,3.71,15.031,0.769,3662.0,27587.0,4,16,,,,,,,,,,,,,,,,,,,,,,,,,,,,,,,,,,,,,,,,,,,,,,,,,,,,,,,,,,,,,
20,2,,,,,,,96,90,70,16,231.1,2730,10801,36,0,31.0,24.1;12.6;33.7;33.2;21.3;18.0;93.9;92.7;69.4;56.6;90.3;93.0;13.6;12.4;5.6;4.9;11.2;11.4;3.2;4.4;10.4;10.9;8.7;9.2,31.29,0.11,0.08,4.9,15.022,0.76,26318.0,18945.0,4,16,,,,,,,,,,,,,,,,,,,,,,,,,,,,,,,,,,,,,,,,,,,,,,,,,,,,,,,,,,,,,
20,3,,,,,,,100,67,67,16,233.9,2730,10801,36,0,22.6,14.8;2.4;17.4;8.9;5.8;4.4;89.3;91.3;49.6;52.7;96.4;95.9;2.7;3.4;0.7;0.2;1.7;0.7;0.5;0.2;1.0;0.7;0.7;1.2,31.23,0.11,0.0,4.61,15.022,0.76,42041.0,17285.0,4,16,,,,,,,,,,,,,,,,,,,,,,,,,,,,,,,,,,,,,,,,,,,,,,,,,,,,,,,,,,,,,
20,4,,,,,,,100,98,66,18,233.0,2730,10801,36,0,22.0,17.4;2.7;18.3;12.4;5.1;4.2;81.7;80.7;57.8;47.1;90.7;97.1;2.9;1.0;0.0;0.0;1.2;1.0;0.5;0.7;1.5;1.7;0.2;0.7,31.2,0.11,0.0,3.5,15.031,0.769,4687.0,16552.0,4,16,,,,,,,,,,,,,,,,,,,,,,,,,,,,,,,,,,,,,,,,,,,,,,,,,,,,,,,,,,,,,
20,5,,,,,,,96,88,67,17,235.9,2730,10801,36,0,21.4,17.1;2.7;17.6;10.6;3.1;3.4;93.2;91.6;55.3;38.4;85.0;87.2;1.0;1.4;0.0;0.7;1.2;0.7;0.0;0.2;1.0;0.7;0.2;1.2,31.19,0.11,0.0,2.68,15.022,0.76,14111.0,161132.0,4,16,,,,,,,,,,,,,,,,,,,,,,,,,,,,,,,,,,,,,,,,,,,,,,,,,,,,,,,,,,,,,
20,6,,,,,,,100,69,67,17,233.0,2730,10801,36,0,13.6,12.8;1.5;7.6;8.5;2.7;3.0;47.4;68.6;32.1;22.0;50.9;63.6;1.2;1.0;0.5;0.0;0.5;0.5;0.2;0.0;1.5;0.0;0.0;0.5,31.18,0.11,0.0,1.95,15.022,0.76,19091.0,15527.0,4,16,,,,,,,,,,,,,,,,,,,,,,,,,,,,,,,,,,,,,,,,,,,,,,,,,,,,,,,,,,,,,
20,7,,,,,,,100,71,68,17,234.9,2730,10801,36,0,6.5,12.1;0.6;1.9;1.1;1.1;0.3;66.9;28.2;5.3;3.1;12.8;19.5;0.3;0.0;0.0;0.3;0.3;0.0;0.0;0.0;0.0;0.0;0.0;1.4,31.18,0.11,0.02,1.55,15.031,0.769,4101.0,341.0,4,16,,,,,,,,,,,,,,,,,,,,,,,,,,,,,,,,,,,,,,,,,,,,,,,,,,,,,,,,,,,,,
20,summary,0.31388393391811364,0.9890380380542634,0.2880098371770647,0.9978888888888889,0.00098247,39.8,,,,,,,,,,,,,,,,,,,,,,0,84.57,100,0,69.0,98,57,66.0,70,16,18.29,27,60.4,208.89,235.9,2545.7,10801.0,36.0,0,6.5,25.9,64.2,31.18,31.23,31.35,63.16,0.11,0.11,0.11,16.0,0.0,0.01,0.08,1.55,3.27,4.9,10.955,14.262,15.022,15.03,15.031,15.992,0.76,0.76,0.769,3662.0,16287.29,42041.0,341.0,36767.0,161132.0,4,4.0,4,16,16.0,16,4,16,31.57,7.39
21,1,,,,,,,0,0,58,25,57.0,1500,10801,36,0,65.5,79.4;83.1;86.5;90.1;84.4;87.2;92.9;95.7;82.4;88.7;91.5;95.0;55.6;58.2;26.2;22.7;63.1;68.1;15.6;19.7;50.4;53.2;39.7;43.3,31.33,0.11,0.0,4.64,15.031,0.769,7421.0,15576.0,4,16,,,,,,,,,,,,,,,,,,,,,,,,,,,,,,,,,,,,,,,,,,,,,,,,,,,,,,,,,,,,,
21,2,,,,,,,98,91,67,17,233.7,2730,10801,36,0,31.9,23.9;15.6;33.9;31.4;22.2;20.1;93.2;94.0;54.7;70.9;94.7;95.6;12.3;13.0;3.9;4.6;12.8;12.6;8.7;9.4;9.9;11.6;7.3;9.4,31.26,0.11,0.0,5.6,15.022,0.76,20117.0,12109.0,4,16,,,,,,,,,,,,,,,,,,,,,,,,,,,,,,,,,,,,,,,,,,,,,,,,,,,,,,,,,,,,,
21,3,,,,,,,97,91,67,17,232.1,2730,10801,36,0,24.4,19.2;3.4;18.3;14.2;7.7;6.5;88.7;91.3;51.1;62.7;93.0;95.0;1.7;1.2;0.5;0.5;1.4;1.0;15.2;5.6;2.4;2.7;1.2;1.0,31.22,0.11,0.01,3.67,15.022,0.76,45361.0,17724.0,4,16,,,,,,,,,,,,,,,,,,,,,,,,,,,,,,,,,,,,,,,,,,,,,,,,,,,,,,,,,,,,,
21,4,,,,,,,100,67,69,19,234.7,2730,10801,36,0,22.2,13.5;2.9;17.9;12.2;5.6;4.9;92.6;90.0;42.7;58.6;91.4;90.7;2.0;1.5;0.5;0.7;0.5;1.0;1.2;1.2;1.2;0.7;0.2;0.2,31.21,0.11,0.0,3.49,15.031,0.769,24365.0,11279.0,4,16,,,,,,,,,,,,,,,,,,,,,,,,,,,,,,,,,,,,,,,,,,,,,,,,,,,,,,,,,,,,,
21,5,,,,,,,97,89,67,17,232.6,2730,10801,36,0,22.8,14.2;2.4;16.2;14.7;6.1;4.7;92.9;94.6;50.7;58.4;91.7;87.5;2.9;1.5;0.7;1.5;1.0;2.2;0.0;0.5;0.2;0.7;0.5;0.5,31.19,0.11,0.0,2.77,15.022,0.76,11376.0,25292.0,4,16,,,,,,,,,,,,,,,,,,,,,,,,,,,,,,,,,,,,,,,,,,,,,,,,,,,,,,,,,,,,,
21,6,,,,,,,100,69,70,17,235.7,2730,10801,36,0,14.0,11.4;2.7;9.6;7.8;2.7;2.2;56.4;64.5;30.0;18.9;63.6;57.5;0.7;1.0;1.0;0.5;1.0;0.5;0.7;0.2;1.0;1.0;0.0;0.5,31.18,0.11,0.0,1.95,15.022,0.76,5712.0,20654.0,4,16,,,,,,,,,,,,,,,,,,,,,,,,,,,,,,,,,,,,,,,,,,,,,,,,,,,,,,,,,,,,,
21,7,,,,,,,100,84,68,18,233.6,2730,10801,36,0,6.5,13.7;0.8;2.2;2.7;0.8;0.5;34.6;21.3;3.3;2.5;34.3;33.9;0.3;0.0;0.0;0.0;0.3;0.0;0.0;0.0;0.5;0.0;0.8;2.7,31.17,0.11,0.0,1.78,15.031,0.769,1220.0,1562.0,4,16,,,,,,,,,,,,,,,,,,,,,,,,,,,,,,,,,,,,,,,,,,,,,,,,,,,,,,,,,,,,,
21,summary,0.31337378404715943,0.9892001287463211,0.28812728118896486,0.998,0.00098031,39.8,,,,,,,,,,,,,,,,,,,,,,0,84.57,100,0,70.14,91,58,66.57,70,17,18.57,25,57.0,208.49,235.7,2554.3,10801.0,36.0,0,6.5,26.76,65.5,31.17,31.22,31.33,63.16,0.11,0.11,0.11,16.0,0.0,0.0,0.01,1.78,3.41,5.6,10.955,14.262,15.022,15.03,15.031,15.992,0.76,0.76,0.769,1220.0,16510.29,45361.0,1562.0,14885.14,25292.0,4,4.0,4,16,16.0,16,4,16,31.44,7.52
22,1,,,,,,,8,7,57,24,55.2,1185,10801,36,0,65.2,83.4;85.2;89.4;90.1;87.3;88.7;95.1;98.6;83.1;84.5;93.0;94.4;56.2;54.9;24.5;28.2;54.9;56.3;26.6;19.0;52.8;48.6;33.8;35.0,31.33,0.11,0.0,3.72,15.031,0.769,27734.0,21582.0,4,16,,,,,,,,,,,,,,,,,,,,,,,,,,,,,,,,,,,,,,,,,,,,,,,,,,,,,,,,,,,,,
22,2,,,,,,,96,91,65,17,232.0,2730,10801,36,0,32.0,29.8;15.0;28.2;32.4;19.5;20.1;97.1;94.4;65.2;60.4;97.1;96.1;13.1;12.4;5.1;5.3;12.9;12.1;2.4;3.6;11.9;13.3;7.5;12.1,31.25,0.11,0.0,5.63,15.022,0.76,5810.0,18115.0,4,16,,,,,,,,,,,,,,,,,,,,,,,,,,,,,,,,,,,,,,,,,,,,,,,,,,,,,,,,,,,,,
22,3,,,,,,,100,70,69,16,233.6,2730,10801,36,0,22.2,13.8;2.4;13.6;16.8;4.1;7.0;89.0;86.6;37.2;64.9;92.5;92.2;2.4;1.2;0.5;0.5;1.0;1.0;0.2;0.0;0.2;1.0;2.4;1.7,31.22,0.11,0.0,4.45,15.022,0.76,6250.0,22851.0,4,16,,,,,,,,,,,,,,,,,,,,,,,,,,,,,,,,,,,,,,,,,,,,,,,,,,,,,,,,,,,,,
22,4,,,,,,,96,90,66,15,232.3,2730,10801,36,0,22.5,17.1;2.0;15.0;14.5;4.9;5.1;89.0;97.6;40.7;62.8;87.5;91.4;2.0;1.2;0.2;0.5;0.5;1.2;0.2;0.5;1.0;2.0;1.7;0.7,31.21,0.11,0.0,2.75,15.026,0.764,10205.0,12109.0,4,16,,,,,,,,,,,,,,,,,,,,,,,,,,,,,,,,,,,,,,,,,,,,,,,,,,,,,,,,,,,,,
22,5,,,,,,,96,90,67,17,231.5,2730,10801,36,0,21.6,15.2;2.2;14.9;11.1;4.8;7.5;87.0;91.3;49.3;43.0;93.0;90.1;1.0;0.7;0.2;0.2;0.7;1.0;0.0;0.2;2.2;1.2;0.5;0.5,31.2,0.11,0.0,2.69,15.022,0.76,22753.0,43994.0,4,16,,,,,,,,,,,,,,,,,,,,,,,,,,,,,,,,,,,,,,,,,,,,,,,,,,,,,,,,,,,,,
22,6,,,,,,,100,72,69,17,233.8,2730,10801,36,0,14.0,11.5;1.5;7.6;6.4;2.9;5.6;60.3;66.7;18.2;26.0;61.9;55.5;0.7;2.0;1.0;0.0;0.2;0.5;0.5;0.2;1.7;1.2;1.0;0.5,31.19,0.11,0.0,2.23,15.022,0.76,5419.0,41845.0,4,16,,,,,,,,,,,,,,,,,,,,,,,,,,,,,,,,,,,,,,,,,,,,,,,,,,,,,,,,,,,,,
22,7,,,,,,,97,89,66,17,232.1,2730,10801,37,0,6.2,10.6;0.0;1.4;0.8;0.6;0.3;31.9;31.8;4.2;2.5;34.2;28.1;0.0;0.3;0.0;0.3;0.3;0.0;0.0;0.0;0.8;0.0;0.0;0.3,31.18,0.11,0.0,1.48,15.031,0.769,341.0,439.0,4,16,,,,,,,,,,,,,,,,,,,,,,,,,,,,,,,,,,,,,,,,,,,,,,,,,,,,,,,,,,,,,
22,summary,0.31276303074710116,0.9892950675802407,0.28811390015814037,0.9982222222222222,0.00097803,39.8,,,,,,,,,,,,,,,,,,,,,,8,84.71,100,7,72.71,91,57,65.57,69,15,17.57,24,55.2,207.21,233.8,2509.3,10801.0,36.1,0,6.2,26.24,65.2,31.18,31.23,31.33,63.16,0.11,0.11,0.11,16.0,0.0,0.0,0.0,1.48,3.28,5.63,10.952,14.262,15.022,15.03,15.031,15.992,0.76,0.76,0.769,341.0,11216.0,27734.0,439.0,22990.71,43994.0,4,4.0,4,16,16.0,16,4,16,31.73,7.18
23,1,,,,,,,32,35,57,26,53.9,1260,5001,36,0,65.8,78.7;77.9;85.2;85.2;79.9;86.0;88.7;96.0;84.6;85.3;90.6;94.7;52.3;58.4;31.8;32.9;61.3;71.1;22.8;22.8;53.7;55.3;44.3;38.0,31.32,0.11,0.0,7.01,15.031,0.769,51220.0,17285.0,4,16,,,,,,,,,,,,,,,,,,,,,,,,,,,,,,,,,,,,,,,,,,,,,,,,,,,,,,,,,,,,,
23,2,,,,,,,96,88,67,17,230.9,2730,10801,36,0,31.8,28.7;15.9;29.4;31.1;20.4;22.7;92.6;93.3;63.3;66.4;93.0;96.6;13.5;14.1;4.1;2.2;12.0;13.0;2.9;2.2;13.0;12.3;7.0;12.3,31.26,0.11,0.0,4.34,15.022,0.76,4443.0,22314.0,4,16,,,,,,,,,,,,,,,,,,,,,,,,,,,,,,,,,,,,,,,,,,,,,,,,,,,,,,,,,,,,,
23,3,,,,,,,96,90,65,17,228.9,2730,10801,36,0,21.4,10.9;2.2;11.2;14.3;6.1;3.6;80.8;92.2;44.9;56.0;92.8;92.7;1.5;0.5;0.2;0.2;1.2;0.5;0.0;0.0;0.5;0.5;1.0;0.2,31.23,0.11,0.01,4.4,15.031,0.769,41259.0,108837.0,4,16,,,,,,,,,,,,,,,,,,,,,,,,,,,,,,,,,,,,,,,,,,,,,,,,,,,,,,,,,,,,,
23,4,,,,,,,100,67,70,17,233.2,2730,10801,36,0,23.4,16.6;5.8;19.5;16.3;4.9;7.3;93.4;94.6;54.3;44.5;88.5;92.2;3.2;2.4;1.7;1.5;2.0;2.2;1.0;1.0;2.4;1.5;2.4;3.1,31.21,0.11,0.0,3.4,15.026,0.764,18945.0,12207.0,4,16,,,,,,,,,,,,,,,,,,,,,,,,,,,,,,,,,,,,,,,,,,,,,,,,,,,,,,,,,,,,,
23,5,,,,,,,96,89,67,14,231.2,2730,10801,36,0,21.3,13.6;0.0;10.0;13.4;3.2;2.7;94.9;93.1;52.2;50.1;89.0;84.8;0.5;0.5;0.2;0.2;0.2;0.5;0.0;0.2;0.5;0.5;0.0;0.5,31.2,0.11,0.0,2.08,15.022,0.76,27099.0,14990.0,4,16,,,,,,,,,,,,,,,,,,,,,,,,,,,,,,,,,,,,,,,,,,,,,,,,,,,,,,,,,,,,,
23,6,,,,,,,100,68,68,17,235.4,2730,10801,36,0,14.2,13.1;2.5;9.8;10.0;5.6;4.2;53.4;69.3;18.6;28.5;52.3;57.7;2.2;2.5;0.5;0.7;1.2;1.2;0.2;1.0;2.0;2.0;1.5;1.7,31.19,0.11,0.0,2.31,15.022,0.76,23583.0,14257.0,4,16,,,,,,,,,,,,,,,,,,,,,,,,,,,,,,,,,,,,,,,,,,,,,,,,,,,,,,,,,,,,,
23,7,,,,,,,100,86,66,14,223.5,2730,10801,36,0,6.7,13.2;1.4;2.2;1.6;1.4;1.4;47.8;13.4;4.7;3.6;33.7;31.7;0.5;0.3;0.3;0.0;0.3;0.5;0.3;0.3;0.5;0.0;0.3;0.0,31.15,0.11,0.0,1.43,15.031,0.769,927.0,244.0,4,16,,,,,,,,,,,,,,,,,,,,,,,,,,,,,,,,,,,,,,,,,,,,,,,,,,,,,,,,,,,,,
23,summary,0.31210118691524186,0.9895127322238612,0.28772212017907034,0.9982222222222222,0.00097563,39.9,,,,,,,,,,,,,,,,,,,,,,32,88.57,100,35,74.71,90,57,65.71,70,14,17.43,26,53.9,205.29,235.4,2520.0,9972.4,36.0,0,6.7,26.37,65.8,31.15,31.22,31.32,63.16,0.11,0.11,0.11,16.0,0.0,0.0,0.01,1.43,3.57,7.01,10.952,14.262,15.022,15.03,15.031,15.992,0.76,0.76,0.769,927.0,23925.14,51220.0,244.0,27162.0,108837.0,4,4.0,4,16,16.0,16,4,16,31.62,7.44
24,1,,,,,,,60,51,61,27,58.7,1275,5001,37,0,64.3,81.8;80.9;92.3;87.9;84.4;81.6;92.9;92.2;78.9;87.9;90.1;94.3;56.0;58.9;27.0;24.8;62.0;57.4;22.0;19.9;47.5;44.7;41.1;35.5,31.34,0.11,0.0,5.64,15.031,0.769,22900.0,44873.0,4,16,,,,,,,,,,,,,,,,,,,,,,,,,,,,,,,,,,,,,,,,,,,,,,,,,,,,,,,,,,,,,
24,2,,,,,,,96,87,69,17,231.9,2730,10801,36,0,31.9,30.8;15.9;33.3;29.5;20.0;21.1;89.6;94.4;60.5;65.4;94.2;93.5;14.3;13.8;4.4;4.8;13.3;12.6;2.9;3.1;12.8;12.3;9.7;11.9,31.27,0.11,0.0,6.68,15.022,0.76,10058.0,12255.0,4,16,,,,,,,,,,,,,,,,,,,,,,,,,,,,,,,,,,,,,,,,,,,,,,,,,,,,,,,,,,,,,
24,3,,,,,,,100,77,67,18,232.5,2730,10801,36,0,22.7,16.0;3.2;12.3;16.6;5.6;6.1;90.9;90.0;45.7;58.8;96.3;88.7;1.5;1.7;1.0;0.7;1.0;1.0;0.2;0.2;2.7;2.0;0.2;2.2,31.26,0.11,0.0,4.15,15.022,0.76,4833.0,27343.0,4,16,,,,,,,,,,,,,,,,,,,,,,,,,,,,,,,,,,,,,,,,,,,,,,,,,,,,,,,,,,,,,
24,4,,,,,,,96,91,70,18,231.6,2730,10801,36,0,21.9,11.7;1.0;17.4;11.2;3.9;4.2;95.1;93.4;48.5;50.1;86.0;90.3;2.0;1.7;1.0;1.2;1.2;0.7;0.7;0.7;1.7;1.7;1.5;0.7,31.22,0.11,0.0,4.29,15.022,0.76,6445.0,13720.0,4,16,,,,,,,,,,,,,,,,,,,,,,,,,,,,,,,,,,,,,,,,,,,,,,,,,,,,,,,,,,,,,
24,5,,,,,,,96,88,69,17,221.2,2730,10801,36,0,21.7,12.4;1.2;13.0;17.6;4.3;2.9;87.9;88.6;49.5;48.6;94.5;90.6;1.2;1.7;0.2;0.2;1.0;1.0;0.7;0.2;1.0;1.0;0.2;1.4,31.22,0.11,0.0,3.23,15.022,0.76,18310.0,14062.0,4,16,,,,,,,,,,,,,,,,,,,,,,,,,,,,,,,,,,,,,,,,,,,,,,,,,,,,,,,,,,,,,
24,6,,,,,,,100,78,66,17,233.6,2730,10801,37,0,13.8,15.6;1.2;8.5;8.3;3.2;3.2;60.7;72.2;24.6;18.5;51.5;59.5;1.2;1.2;0.0;0.2;0.2;0.2;0.0;0.2;0.7;0.2;0.0;0.2,31.19,0.11,0.13,1.91,15.031,0.769,37792.0,291064.0,4,16,,,,,,,,,,,,,,,,,,,,,,,,,,,,,,,,,,,,,,,,,,,,,,,,,,,,,,,,,,,,,
24,7,,,,,,,97,82,69,17,233.9,2730,10801,36,0,6.9,12.4;0.3;3.4;1.1;0.8;0.6;52.0;16.2;5.0;4.5;17.4;44.3;0.6;1.1;0.6;0.3;0.3;0.3;0.6;0.6;1.1;0.3;0.3;0.3,31.18,0.11,0.0,2.03,15.031,0.769,781.0,195.0,4,16,,,,,,,,,,,,,,,,,,,,,,,,,,,,,,,,,,,,,,,,,,,,,,,,,,,,,,,,,,,,,
24,summary,0.3111576802103284,0.9901726728986678,0.28794247237841286,0.9975555555555555,0.00097310,39.7,,,,,,,,,,,,,,,,,,,,,,60,92.14,100,51,79.14,91,61,67.29,70,17,18.71,27,58.7,206.2,233.9,2522.1,9972.4,36.3,0,6.9,26.17,64.3,31.18,31.24,31.34,63.16,0.11,0.11,0.11,16.0,0.0,0.02,0.13,1.91,3.99,6.68,10.953,14.262,15.022,15.03,15.031,15.992,0.76,0.76,0.769,781.0,14445.57,37792.0,195.0,57644.57,291064.0,4,4.0,4,16,16.0,16,4,16,31.61,7.26
25,1,,,,,,,0,0,58,23,73.4,2745,10801,36,0,64.5,74.3;79.6;88.7;89.4;85.2;85.2;93.6;90.1;82.3;84.4;96.5;91.5;56.3;52.8;26.2;29.4;54.6;62.4;24.1;24.8;52.1;59.9;35.9;34.5,31.33,0.11,0.0,4.88,15.031,0.769,4248.0,30517.0,4,16,,,,,,,,,,,,,,,,,,,,,,,,,,,,,,,,,,,,,,,,,,,,,,,,,,,,,,,,,,,,,
25,2,,,,,,,98,91,66,18,231.8,2730,10801,37,0,31.3,27.9;15.4;34.8;30.7;18.8;20.7;90.8;94.9;54.0;66.7;89.0;91.7;13.4;12.7;4.4;5.9;13.8;13.4;3.6;3.6;11.9;11.0;10.0;10.0,31.28,0.11,0.0,5.62,15.022,0.76,16552.0,49169.0,4,16,,,,,,,,,,,,,,,,,,,,,,,,,,,,,,,,,,,,,,,,,,,,,,,,,,,,,,,,,,,,,
25,3,,,,,,,97,90,68,17,222.5,2730,10801,36,0,21.7,12.4;2.2;14.0;17.7;3.1;5.1;92.5;94.2;48.2;51.4;85.2;86.9;1.7;1.2;0.7;0.2;0.5;0.5;0.0;0.0;1.0;1.4;0.0;0.2,31.25,0.11,0.0,4.42,15.022,0.76,23144.0,31835.0,4,16,,,,,,,,,,,,,,,,,,,,,,,,,,,,,,,,,,,,,,,,,,,,,,,,,,,,,,,,,,,,,
25,4,,,,,,,100,67,68,17,234.8,2730,10801,36,0,22.4,16.6;2.0;11.7;15.0;5.6;6.1;93.9;95.8;51.8;43.2;91.2;94.6;1.7;1.0;0.0;0.2;1.0;1.0;0.5;0.0;2.2;0.7;1.5;0.7,31.24,0.11,0.01,2.75,15.022,0.76,25634.0,18408.0,4,16,,,,,,,,,,,,,,,,,,,,,,,,,,,,,,,,,,,,,,,,,,,,,,,,,,,,,,,,,,,,,
25,5,,,,,,,96,88,66,17,231.7,2730,10801,36,0,22.9,14.2;3.2;12.4;17.3;4.9;6.1;87.3;95.4;51.8;55.0;90.2;95.1;2.4;2.2;1.0;0.7;1.5;1.0;0.7;0.2;1.0;0.7;2.2;1.2,31.22,0.11,0.0,2.72,15.026,0.764,6738.0,18115.0,4,16,,,,,,,,,,,,,,,,,,,,,,,,,,,,,,,,,,,,,,,,,,,,,,,,,,,,,,,,,,,,,
25,6,,,,,,,100,69,67,17,234.8,2730,10801,36,0,14.0,10.5;2.4;6.4;12.1;3.4;4.2;68.2;66.4;19.6;27.6;54.4;50.5;1.7;0.5;0.2;0.5;1.2;1.7;0.7;0.5;1.7;1.0;0.5;1.2,31.2,0.11,0.0,2.29,15.022,0.76,29150.0,13623.0,4,16,,,,,,,,,,,,,,,,,,,,,,,,,,,,,,,,,,,,,,,,,,,,,,,,,,,,,,,,,,,,,
25,7,,,,,,,96,82,64,19,232.4,2730,10801,36,0,7.2,13.6;1.7;1.9;1.9;0.3;1.4;20.8;47.1;5.3;5.0;40.1;28.1;0.8;0.0;0.3;0.3;0.3;0.8;0.3;0.3;1.4;0.0;0.6;1.1,31.19,0.11,0.02,1.64,15.022,0.76,244.0,4785.0,4,16,,,,,,,,,,,,,,,,,,,,,,,,,,,,,,,,,,,,,,,,,,,,,,,,,,,,,,,,,,,,,
25,summary,0.3104657973338298,0.9901333080163109,0.2864648276170095,0.9981111111111111,0.00097046,39.7,,,,,,,,,,,,,,,,,,,,,,0,83.86,100,0,69.57,91,58,65.29,68,17,18.29,23,73.4,208.77,234.8,2732.1,10801.0,36.1,0,7.2,26.29,64.5,31.19,31.24,31.33,63.16,0.11,0.11,0.11,16.0,0.0,0.0,0.02,1.64,3.47,5.62,10.953,14.262,15.022,15.02,15.031,15.992,0.76,0.76,0.769,244.0,15101.43,29150.0,4785.0,23778.86,49169.0,4,4.0,4,16,16.0,16,4,16,31.61,7.28
26,1,,,,,,,0,0,58,23,59.4,1500,10801,36,0,64.5,77.3;71.9;84.2;85.0;77.4;76.7;91.1;93.8;81.5;87.0;95.2;91.9;45.9;46.6;33.3;34.7;63.0;67.8;20.5;24.7;50.0;53.4;46.6;47.9,31.38,0.11,0.01,5.98,15.031,0.769,27099.0,9863.0,4,16,,,,,,,,,,,,,,,,,,,,,,,,,,,,,,,,,,,,,,,,,,,,,,,,,,,,,,,,,,,,,
26,2,,,,,,,96,89,68,18,231.1,2730,10801,37,0,30.8,24.6;13.5;34.5;25.2;21.7;18.4;92.8;95.9;54.1;68.8;87.9;93.5;13.5;14.3;3.2;3.9;12.9;11.6;2.9;3.9;13.0;11.4;7.5;9.2,31.31,0.11,0.01,7.28,15.022,0.76,12792.0,11962.0,4,16,,,,,,,,,,,,,,,,,,,,,,,,,,,,,,,,,,,,,,,,,,,,,,,,,,,,,,,,,,,,,
26,3,,,,,,,100,68,67,17,234.4,2730,10801,37,0,21.6,12.4;1.0;17.6;9.3;5.9;3.4;90.7;92.4;47.8;54.7;90.7;90.2;0.5;1.0;0.0;0.0;0.5;0.5;0.2;0.0;0.5;0.2;0.7;0.0,31.27,0.11,0.0,5.15,15.022,0.76,17675.0,16064.0,4,16,,,,,,,,,,,,,,,,,,,,,,,,,,,,,,,,,,,,,,,,,,,,,,,,,,,,,,,,,,,,,
26,4,,,,,,,100,72,68,16,233.1,2730,10801,36,0,22.4,13.7;2.2;18.5;13.0;5.4;2.9;91.9;94.4;56.7;47.5;91.9;90.2;0.7;0.7;0.7;0.0;0.7;0.2;0.0;0.5;2.4;2.0;1.7;0.7,31.26,0.11,0.0,3.38,15.022,0.76,22314.0,142333.0,4,16,,,,,,,,,,,,,,,,,,,,,,,,,,,,,,,,,,,,,,,,,,,,,,,,,,,,,,,,,,,,,
26,5,,,,,,,100,69,69,20,235.2,2730,10801,37,0,21.8,13.2;3.1;12.7;11.1;7.5;4.3;87.0;85.8;47.4;51.1;94.5;97.1;1.2;1.4;0.2;0.7;0.7;0.7;0.0;0.5;1.0;1.2;0.7;1.2,31.23,0.11,0.0,3.16,15.022,0.76,9814.0,21923.0,4,16,,,,,,,,,,,,,,,,,,,,,,,,,,,,,,,,,,,,,,,,,,,,,,,,,,,,,,,,,,,,,
26,6,,,,,,,100,66,68,17,234.8,2730,10801,37,0,13.6,11.4;2.2;6.4;6.1;4.2;2.5;59.0;55.1;32.7;23.2;65.4;50.4;1.5;1.2;0.2;0.0;0.5;0.7;0.2;0.2;0.7;1.2;0.2;1.0,31.2,0.11,0.0,2.41,15.022,0.76,29785.0,13720.0,4,16,,,,,,,,,,,,,,,,,,,,,,,,,,,,,,,,,,,,,,,,,,,,,,,,,,,,,,,,,,,,,
26,7,,,,,,,97,92,70,21,231.5,2730,10801,36,0,6.9,13.6;1.7;2.5;2.2;2.0;0.8;37.8;32.6;3.6;4.5;29.4;27.6;0.8;0.6;0.3;0.0;1.1;0.8;0.0;0.3;0.8;0.6;0.3;1.1,31.19,0.11,0.0,1.81,15.022,0.76,2880.0,1416.0,4,16,,,,,,,,,,,,,,,,,,,,,,,,,,,,,,,,,,,,,,,,,,,,,,,,,,,,,,,,,,,,,
26,summary,0.30942715556425615,0.9906427359056355,0.28764747958713105,0.9981111111111111,0.00096769,39.7,,,,,,,,,,,,,,,,,,,,,,0,84.71,100,0,65.14,92,58,66.86,70,16,18.86,23,59.4,208.5,235.2,2554.3,10801.0,36.6,0,6.9,25.94,64.5,31.19,31.26,31.38,63.16,0.11,0.11,0.11,16.0,0.0,0.0,0.01,1.81,4.17,7.28,10.954,14.262,15.022,15.02,15.031,15.992,0.76,0.76,0.769,2880.0,17479.86,29785.0,1416.0,31040.14,142333.0,4,4.0,4,16,16.0,16,4,16,31.5,7.42
27,1,,,,,,,0,0,58,27,57.4,1515,5001,36,0,64.8,79.5;84.6;93.7;90.8;86.0;90.3;95.8;93.7;85.9;87.4;97.9;94.4;55.2;59.5;28.1;31.1;55.2;50.7;23.1;19.5;49.7;49.3;31.7;29.9,31.34,0.11,0.0,4.32,15.031,0.769,8593.0,21337.0,4,16,,,,,,,,,,,,,,,,,,,,,,,,,,,,,,,,,,,,,,,,,,,,,,,,,,,,,,,,,,,,,
27,2,,,,,,,100,67,67,18,234.7,2730,10801,37,0,30.6,22.5;15.3;30.9;23.7;18.6;22.0;95.9;94.7;56.8;64.6;91.8;92.5;12.6;11.7;3.4;4.9;10.7;11.2;4.1;4.4;12.0;9.9;8.3;11.6,31.3,0.11,0.02,4.5,15.022,0.76,6689.0,17187.0,4,16,,,,,,,,,,,,,,,,,,,,,,,,,,,,,,,,,,,,,,,,,,,,,,,,,,,,,,,,,,,,,
27,3,,,,,,,96,88,67,18,235.0,2730,10801,36,0,22.0,16.9;1.5;17.4;12.0;6.4;2.0;94.6;89.9;47.8;48.9;92.4;90.2;2.2;0.2;0.7;0.5;1.2;1.2;0.0;0.7;1.2;0.7;0.2;0.7,31.27,0.11,0.0,4.66,15.022,0.76,8447.0,13085.0,4,16,,,,,,,,,,,,,,,,,,,,,,,,,,,,,,,,,,,,,,,,,,,,,,,,,,,,,,,,,,,,,
27,4,,,,,,,100,68,70,15,234.6,2730,10801,36,0,22.5,14.5;2.9;17.5;8.4;5.5;4.6;91.1;93.3;42.2;61.2;90.4;94.0;2.4;1.4;1.9;0.7;1.4;1.0;0.5;1.7;1.7;0.7;0.2;0.7,31.22,0.11,0.01,3.53,15.022,0.76,10302.0,19091.0,4,16,,,,,,,,,,,,,,,,,,,,,,,,,,,,,,,,,,,,,,,,,,,,,,,,,,,,,,,,,,,,,
27,5,,,,,,,98,91,68,17,231.4,2730,10801,37,0,22.0,12.4;2.2;17.3;13.7;5.3;4.8;86.2;85.8;49.0;56.5;88.7;94.0;1.2;1.7;0.0;0.0;1.7;0.7;0.0;0.0;2.9;2.2;0.0;1.2,31.21,0.11,0.0,2.7,15.022,0.76,23144.0,231640.0,4,16,,,,,,,,,,,,,,,,,,,,,,,,,,,,,,,,,,,,,,,,,,,,,,,,,,,,,,,,,,,,,
27,6,,,,,,,96,89,69,17,232.4,2730,10801,37,0,13.6,11.3;1.7;7.1;8.4;4.2;2.7;62.4;54.2;29.2;22.8;56.2;58.0;1.7;0.7;0.7;0.8;0.5;0.2;0.0;0.7;0.2;0.7;0.2;0.5,31.19,0.11,0.0,1.94,15.022,0.76,5712.0,18652.0,4,16,,,,,,,,,,,,,,,,,,,,,,,,,,,,,,,,,,,,,,,,,,,,,,,,,,,,,,,,,,,,,
27,7,,,,,,,100,90,69,15,233.2,2730,10801,36,0,6.5,12.5;0.6;1.9;0.8;0.3;0.8;24.7;24.2;4.2;3.9;23.8;52.4;0.8;0.6;0.0;0.0;0.8;0.3;0.3;0.6;0.8;0.6;0.0;1.1,31.19,0.11,0.01,1.52,15.022,0.76,1708.0,48.0,4,16,,,,,,,,,,,,,,,,,,,,,,,,,,,,,,,,,,,,,,,,,,,,,,,,,,,,,,,,,,,,,
27,summary,0.3088403732979856,0.9907122033450888,0.28775445151329043,0.9976666666666667,0.00096481,39.8,,,,,,,,,,,,,,,,,,,,,,0,84.29,100,0,70.43,91,58,66.86,70,15,18.14,27,57.4,208.39,235.0,2556.4,9972.4,36.4,0,6.5,26.0,64.8,31.19,31.25,31.34,63.16,0.11,0.11,0.11,16.0,0.0,0.01,0.02,1.52,3.31,4.66,10.954,14.262,15.022,15.02,15.031,15.992,0.76,0.76,0.769,1708.0,9227.86,23144.0,48.0,45862.86,231640.0,4,4.0,4,16,16.0,16,4,16,31.73,7.24
28,1,,,,,,,39,34,57,27,57.0,1380,10801,37,0,65.0,81.9;81.0;87.9;90.8;85.9;84.4;91.5;92.9;84.4;82.3;95.7;92.2;52.8;56.7;22.0;24.8;51.8;56.0;26.8;23.9;54.6;50.4;44.7;44.0,31.35,0.11,0.0,4.7,15.031,0.769,7519.0,7666.0,4,16,,,,,,,,,,,,,,,,,,,,,,,,,,,,,,,,,,,,,,,,,,,,,,,,,,,,,,,,,,,,,
28,2,,,,,,,100,90,68,17,232.0,2730,10801,37,0,31.7,29.2;14.4;34.1;28.2;20.8;18.9;93.3;95.7;64.8;60.9;90.9;94.7;16.0;15.3;5.5;5.8;11.5;13.6;2.9;2.7;12.2;11.7;7.4;9.3,31.28,0.11,0.01,5.54,15.022,0.76,5859.0,17724.0,4,16,,,,,,,,,,,,,,,,,,,,,,,,,,,,,,,,,,,,,,,,,,,,,,,,,,,,,,,,,,,,,
28,3,,,,,,,96,87,66,14,231.9,2730,10801,37,0,23.0,15.6;3.1;17.3;14.7;6.0;5.5;89.6;90.1;56.3;51.3;93.5;90.1;5.3;2.2;0.7;0.7;0.2;1.9;1.2;0.2;2.4;0.7;1.0;1.4,31.27,0.11,0.0,3.69,15.022,0.76,22607.0,200927.0,4,16,,,,,,,,,,,,,,,,,,,,,,,,,,,,,,,,,,,,,,,,,,,,,,,,,,,,,,,,,,,,,
28,4,,,,,,,100,66,70,17,233.9,2730,10801,37,0,22.3,15.4;3.4;17.4;12.0;5.4;4.7;91.2;86.8;53.3;52.6;94.6;92.9;2.2;0.7;0.2;0.5;0.7;0.2;0.5;0.2;0.0;0.5;0.7;0.7,31.24,0.11,0.0,3.48,15.022,0.76,5810.0,44238.0,4,16,,,,,,,,,,,,,,,,,,,,,,,,,,,,,,,,,,,,,,,,,,,,,,,,,,,,,,,,,,,,,
28,5,,,,,,,96,88,67,18,231.1,2730,10801,37,0,22.5,13.6;2.7;13.7;13.9;7.1;4.4;90.2;90.7;47.4;53.1;96.1;97.6;3.2;1.7;0.2;0.2;0.7;0.7;0.0;0.0;0.2;0.5;1.2;0.2,31.22,0.11,0.0,2.72,15.022,0.76,12060.0,11132.0,4,16,,,,,,,,,,,,,,,,,,,,,,,,,,,,,,,,,,,,,,,,,,,,,,,,,,,,,,,,,,,,,
28,6,,,,,,,96,90,66,15,232.3,2730,10801,37,0,14.4,13.4;2.9;10.9;9.5;6.1;2.9;63.9;51.7;23.8;25.6;70.5;50.0;2.4;2.2;1.0;1.2;0.5;1.9;1.0;0.5;1.2;0.5;0.7;0.2,31.17,0.11,0.0,2.26,15.022,0.76,27148.0,21826.0,4,16,,,,,,,,,,,,,,,,,,,,,,,,,,,,,,,,,,,,,,,,,,,,,,,,,,,,,,,,,,,,,
28,7,,,,,,,100,84,68,16,232.9,2730,10801,37,0,6.7,15.7;0.6;1.1;1.7;1.4;0.6;33.1;26.4;6.4;3.1;18.3;46.4;0.6;0.6;0.0;0.3;0.0;0.6;0.3;0.0;1.4;0.3;0.0;0.6,31.16,0.11,0.0,1.46,15.022,0.76,488.0,1562.0,4,16,,,,,,,,,,,,,,,,,,,,,,,,,,,,,,,,,,,,,,,,,,,,,,,,,,,,,,,,,,,,,
28,summary,0.30821523021221187,0.9911614261202204,0.28808254135979544,0.9981111111111111,0.00096181,39.8,,,,,,,,,,,,,,,,,,,,,,39,89.57,100,34,77.0,90,57,66.0,70,14,17.71,27,57.0,207.3,233.9,2537.1,10801.0,37.0,0,6.7,26.51,65.0,31.16,31.24,31.35,63.16,0.11,0.11,0.11,16.0,0.0,0.0,0.01,1.46,3.41,5.54,10.955,14.262,15.022,15.02,15.031,15.992,0.76,0.76,0.769,488.0,11641.57,27148.0,1562.0,43582.14,200927.0,4,4.0,4,16,16.0,16,4,16,31.54,7.49
29,1,,,,,,,0,0,57,23,52.9,1200,10801,36,0,65.4,77.4;77.9;89.7;85.4;86.1;86.1;93.8;96.5;88.2;87.5;98.6;93.1;58.3;56.9;27.1;29.2;52.1;53.5;21.5;21.5;52.1;55.2;39.6;41.0,31.34,0.11,0.12,3.95,15.031,0.769,18603.0,252197.0,4,16,,,,,,,,,,,,,,,,,,,,,,,,,,,,,,,,,,,,,,,,,,,,,,,,,,,,,,,,,,,,,
29,2,,,,,,,96,91,66,18,231.5,2730,10801,37,0,31.3,25.9;15.5;34.9;29.5;18.9;22.1;95.9;95.2;55.7;65.4;91.3;93.2;13.3;14.3;5.6;5.6;10.6;11.1;5.1;5.3;10.2;10.7;7.3;9.7,31.28,0.11,0.01,5.71,15.022,0.76,41259.0,13378.0,4,16,,,,,,,,,,,,,,,,,,,,,,,,,,,,,,,,,,,,,,,,,,,,,,,,,,,,,,,,,,,,,
29,3,,,,,,,100,66,70,17,233.7,2730,10801,36,0,21.7,14.3;1.2;18.4;13.5;4.9;2.9;88.5;92.9;42.6;51.7;90.2;92.9;0.7;1.2;0.2;0.0;1.0;1.0;0.2;0.2;0.7;0.0;0.0;1.0,31.24,0.11,0.0,4.44,15.022,0.76,25732.0,15625.0,4,16,,,,,,,,,,,,,,,,,,,,,,,,,,,,,,,,,,,,,,,,,,,,,,,,,,,,,,,,,,,,,
29,4,,,,,,,100,80,69,18,233.5,2730,10801,37,0,22.4,17.3;2.2;23.6;15.0;8.0;4.9;89.3;82.7;52.8;47.6;91.2;92.0;1.5;1.7;1.0;1.2;0.2;0.7;0.2;0.7;1.0;1.5;0.7;0.5,31.23,0.11,0.02,2.7,15.022,0.76,5712.0,44091.0,4,16,,,,,,,,,,,,,,,,,,,,,,,,,,,,,,,,,,,,,,,,,,,,,,,,,,,,,,,,,,,,,
29,5,,,,,,,96,91,66,18,231.6,2730,10801,36,0,22.0,12.6;2.2;16.4;13.6;3.9;4.8;91.8;89.6;46.5;53.6;94.7;92.2;0.5;1.0;1.0;0.5;0.7;0.7;0.5;0.0;1.0;0.0;0.5;0.7,31.21,0.11,0.01,2.79,15.022,0.76,3564.0,28564.0,4,16,,,,,,,,,,,,,,,,,,,,,,,,,,,,,,,,,,,,,,,,,,,,,,,,,,,,,,,,,,,,,
29,6,,,,,,,100,67,71,17,234.8,2730,10801,37,0,13.8,11.9;2.2;8.1;11.3;4.4;2.7;75.1;56.0;25.9;26.1;49.1;55.6;1.5;0.0;0.2;0.0;0.0;0.5;0.5;0.5;0.0;0.2;0.0;0.0,31.18,0.11,0.0,2.26,15.022,0.76,28662.0,14160.0,4,16,,,,,,,,,,,,,,,,,,,,,,,,,,,,,,,,,,,,,,,,,,,,,,,,,,,,,,,,,,,,,
29,7,,,,,,,97,91,66,14,232.7,2730,10801,37,0,7.1,12.8;1.1;1.7;2.8;1.7;1.4;20.6;35.2;4.7;5.0;23.2;50.4;1.1;1.4;0.0;0.6;0.6;0.8;0.8;0.8;0.6;0.3;0.3;1.7,31.19,0.11,0.02,1.56,15.022,0.76,1464.0,0.0,4,16,,,,,,,,,,,,,,,,,,,,,,,,,,,,,,,,,,,,,,,,,,,,,,,,,,,,,,,,,,,,,
29,summary,0.30780969151557147,0.9912123689091528,0.28664389687114294,0.9984444444444445,0.00095868,39.7,,,,,,,,,,,,,,,,,,,,,,0,84.14,100,0,69.43,91,57,66.43,71,14,17.86,23,52.9,207.24,234.8,2511.4,10801.0,36.6,0,7.1,26.24,65.4,31.18,31.24,31.34,63.16,0.11,0.11,0.11,16.0,0.0,0.03,0.12,1.56,3.34,5.71,10.956,14.262,15.022,15.02,15.031,15.992,0.76,0.76,0.769,1464.0,17856.57,41259.0,0.0,52573.57,252197.0,4,4.0,4,16,16.0,16,4,16,31.66,7.26
30,1,,,,,,,0,0,59,26,73.5,2745,10801,37,0,65.4,84.6;83.0;91.5;92.2;84.4;82.3;97.2;92.2;89.4;92.2;92.2;97.9;52.5;58.7;22.7;27.0;50.0;60.1;20.7;19.7;45.8;52.8;40.8;44.4,31.34,0.11,0.0,7.43,15.031,0.769,7958.0,48437.0,4,16,,,,,,,,,,,,,,,,,,,,,,,,,,,,,,,,,,,,,,,,,,,,,,,,,,,,,,,,,,,,,
30,2,,,,,,,100,77,68,18,235.1,2730,10801,37,0,33.3,29.8;18.5;35.8;28.5;22.3;22.7;93.1;94.2;61.6;68.1;93.1;97.4;15.8;14.8;5.0;6.0;13.9;15.1;4.8;4.6;14.8;13.7;8.4;12.9,31.26,0.11,0.0,4.32,15.022,0.76,8349.0,16552.0,4,16,,,,,,,,,,,,,,,,,,,,,,,,,,,,,,,,,,,,,,,,,,,,,,,,,,,,,,,,,,,,,
30,3,,,,,,,100,95,66,17,232.4,2730,10801,37,0,21.8,13.0;2.0;11.1;15.2;4.9;3.2;90.2;85.1;49.8;52.5;94.6;92.6;0.5;1.0;0.0;0.2;0.0;0.5;0.0;0.2;0.7;0.0;2.7;2.9,31.25,0.11,0.01,4.5,15.022,0.76,6640.0,12988.0,4,16,,,,,,,,,,,,,,,,,,,,,,,,,,,,,,,,,,,,,,,,,,,,,,,,,,,,,,,,,,,,,
30,4,,,,,,,96,76,69,17,234.3,2730,10801,37,0,22.2,14.2;2.4;10.7;14.1;7.3;4.9;88.3;93.2;40.3;60.4;94.4;94.9;1.2;1.7;0.0;0.0;0.7;0.0;0.2;0.0;1.2;1.0;0.2;1.0,31.22,0.11,0.01,3.35,15.022,0.76,5908.0,20507.0,4,16,,,,,,,,,,,,,,,,,,,,,,,,,,,,,,,,,,,,,,,,,,,,,,,,,,,,,,,,,,,,,
30,5,,,,,,,100,87,66,15,232.8,2730,10801,37,0,22.5,15.0;1.7;19.6;16.6;3.7;6.3;90.7;90.0;37.4;61.4;97.1;94.4;0.7;1.7;0.2;0.2;0.0;0.2;0.2;0.0;0.7;0.5;0.7;0.2,31.23,0.11,0.0,2.11,15.022,0.76,5566.0,34667.0,4,16,,,,,,,,,,,,,,,,,,,,,,,,,,,,,,,,,,,,,,,,,,,,,,,,,,,,,,,,,,,,,
30,6,,,,,,,100,96,67,17,232.8,2730,10801,37,0,13.9,14.1;2.4;7.3;11.2;1.9;1.7;70.5;44.4;20.6;29.1;72.5;49.0;1.0;1.0;0.2;0.5;1.2;0.5;1.0;0.5;0.7;1.5;0.7;0.5,31.2,0.11,0.0,2.32,15.022,0.76,6250.0,17382.0,4,16,,,,,,,,,,,,,,,,,,,,,,,,,,,,,,,,,,,,,,,,,,,,,,,,,,,,,,,,,,,,,
30,7,,,,,,,100,73,68,15,235.8,2730,10801,37,0,6.2,11.0;0.3;1.9;0.8;1.1;0.6;29.0;30.3;2.5;3.9;23.4;42.8;0.3;0.0;0.0;0.0;0.0;0.0;0.0;0.0;0.0;0.0;0.0;0.6,31.21,0.11,0.0,2.23,15.022,0.76,0.0,1708.0,4,16,,,,,,,,,,,,,,,,,,,,,,,,,,,,,,,,,,,,,,,,,,,,,,,,,,,,,,,,,,,,,
30,summary,0.30756637936735054,0.9913304635562235,0.28645904384719,0.9987777777777778,0.00095545,39.8,,,,,,,,,,,,,,,,,,,,,,0,85.14,100,0,72.0,96,59,66.14,69,15,17.86,26,73.5,210.96,235.8,2732.1,10801.0,37.0,0,6.2,26.47,65.4,31.2,31.24,31.34,63.16,0.11,0.11,0.11,16.0,0.0,0.0,0.01,2.11,3.75,7.43,10.953,14.262,15.022,15.02,15.031,15.992,0.76,0.76,0.769,0.0,5810.14,8349.0,1708.0,21748.71,48437.0,4,4.0,4,16,16.0,16,4,16,31.63,7.32
31,1,,,,,,,0,0,58,23,71.4,1725,10801,37,0,64.8,77.2;75.9;91.0;91.0;85.5;89.7;94.5;88.3;89.7;89.0;98.6;93.8;59.3;51.0;24.1;23.4;57.9;53.8;20.0;20.7;50.3;52.4;37.2;41.4,31.39,0.11,0.0,5.3,15.031,0.769,7226.0,26562.0,4,16,,,,,,,,,,,,,,,,,,,,,,,,,,,,,,,,,,,,,,,,,,,,,,,,,,,,,,,,,,,,,
31,2,,,,,,,100,80,66,17,233.2,2730,10801,37,0,30.7,22.5;14.1;33.3;29.7;17.5;19.7;92.2;88.9;60.6;69.4;94.7;97.3;12.4;12.7;2.9;3.4;10.7;11.5;1.0;2.7;11.7;10.5;6.6;10.0,31.3,0.11,0.0,6.83,15.022,0.76,26904.0,31054.0,4,16,,,,,,,,,,,,,,,,,,,,,,,,,,,,,,,,,,,,,,,,,,,,,,,,,,,,,,,,,,,,,
31,3,,,,,,,96,90,70,18,231.2,2730,10801,37,0,21.5,13.3;1.2;15.7;13.3;5.4;7.1;81.1;85.0;35.5;63.1;93.9;95.6;1.5;1.5;0.0;0.0;0.2;0.2;0.5;0.5;1.0;0.0;0.0;0.7,31.3,0.11,0.01,4.19,15.022,0.76,17285.0,39599.0,4,16,,,,,,,,,,,,,,,,,,,,,,,,,,,,,,,,,,,,,,,,,,,,,,,,,,,,,,,,,,,,,
31,4,,,,,,,96,85,70,17,232.4,2730,10801,37,0,21.8,17.9;2.2;14.1;14.6;6.2;3.6;85.4;87.6;40.2;67.2;90.9;86.9;1.2;0.7;0.2;0.2;1.0;0.2;0.0;0.0;1.4;0.2;1.4;1.7,31.26,0.11,0.0,4.24,15.022,0.76,5761.0,38134.0,4,16,,,,,,,,,,,,,,,,,,,,,,,,,,,,,,,,,,,,,,,,,,,,,,,,,,,,,,,,,,,,,
31,5,,,,,,,100,75,67,18,233.4,2730,10801,37,0,22.7,17.4;3.7;16.7;13.9;7.3;5.4;92.1;92.9;36.8;59.2;90.4;93.6;1.5;1.7;1.0;0.2;1.7;0.7;0.5;0.5;2.4;2.4;1.2;1.2,31.24,0.11,0.0,3.2,15.022,0.76,16357.0,55371.0,4,16,,,,,,,,,,,,,,,,,,,,,,,,,,,,,,,,,,,,,,,,,,,,,,,,,,,,,,,,,,,,,
31,6,,,,,,,97,91,71,18,231.9,2730,10801,37,0,14.4,15.4;3.2;6.4;9.3;3.7;2.5;67.4;57.0;24.3;24.4;60.1;60.0;1.7;1.7;0.2;0.0;0.7;1.0;0.7;0.0;1.5;1.5;0.0;0.5,31.2,0.11,0.0,1.97,15.022,0.76,7275.0,40771.0,4,16,,,,,,,,,,,,,,,,,,,,,,,,,,,,,,,,,,,,,,,,,,,,,,,,,,,,,,,,,,,,,
31,7,,,,,,,100,79,67,16,233.0,2730,10801,37,0,6.6,14.7;0.6;1.7;0.8;0.8;1.7;16.0;42.1;3.0;3.3;22.4;45.9;1.1;0.0;0.0;0.5;0.3;0.0;0.0;0.3;0.5;0.3;0.3;0.8,31.19,0.11,0.0,1.99,15.022,0.76,1416.0,48.0,4,16,,,,,,,,,,,,,,,,,,,,,,,,,,,,,,,,,,,,,,,,,,,,,,,,,,,,,,,,,,,,,
31,summary,0.30691218541265375,0.9915342347119532,0.2863843964205848,0.9985555555555555,0.00095209,39.7,,,,,,,,,,,,,,,,,,,,,,0,84.14,100,0,71.43,91,58,67.0,71,16,18.14,23,71.4,209.5,233.4,2586.4,10801.0,37.0,0,6.6,26.07,64.8,31.19,31.27,31.39,63.16,0.11,0.11,0.11,16.0,0.0,0.0,0.01,1.97,3.96,6.83,10.955,14.262,15.022,15.02,15.031,15.992,0.76,0.76,0.769,1416.0,11746.29,26904.0,48.0,33077.0,55371.0,4,4.0,4,16,16.0,16,4,16,31.58,7.3
32,1,,,,,,,0,0,58,27,62.2,1440,10801,36,0,65.4,79.1;80.4;88.0;90.1;84.6;86.7;93.7;95.1;80.4;89.4;97.2;88.1;64.6;65.0;21.7;23.8;60.8;62.9;19.6;18.2;51.7;54.9;37.8;36.1,31.39,0.11,0.0,5.51,15.031,0.769,34228.0,7128.0,4,16,,,,,,,,,,,,,,,,,,,,,,,,,,,,,,,,,,,,,,,,,,,,,,,,,,,,,,,,,,,,,
32,2,,,,,,,100,66,67,17,233.5,2730,10801,37,0,31.0,26.6;16.5;36.1;34.0;19.6;20.8;87.4;86.1;60.6;58.0;95.5;93.1;13.9;15.6;4.5;4.8;13.2;13.4;1.7;1.9;11.7;12.4;8.6;8.4,31.31,0.11,0.0,6.61,15.022,0.76,5371.0,36035.0,4,16,,,,,,,,,,,,,,,,,,,,,,,,,,,,,,,,,,,,,,,,,,,,,,,,,,,,,,,,,,,,,
32,3,,,,,,,97,89,67,14,231.4,2730,10801,37,0,22.9,16.9;2.7;18.7;10.2;5.1;5.3;93.5;94.7;52.9;50.1;95.4;95.9;1.5;1.9;1.2;0.5;0.2;0.7;0.0;0.0;1.0;0.0;0.2;1.7,31.28,0.11,0.0,5.06,15.022,0.76,9082.0,19042.0,4,16,,,,,,,,,,,,,,,,,,,,,,,,,,,,,,,,,,,,,,,,,,,,,,,,,,,,,,,,,,,,,
32,4,,,,,,,100,69,67,16,234.2,2730,10801,37,0,22.4,14.0;2.7;21.1;11.8;5.1;4.4;94.6;96.3;49.5;51.0;87.0;86.0;1.7;1.7;0.7;0.7;2.4;2.2;0.5;1.0;1.5;1.2;1.0;0.2,31.31,0.11,0.0,3.39,15.022,0.76,29199.0,9619.0,4,16,,,,,,,,,,,,,,,,,,,,,,,,,,,,,,,,,,,,,,,,,,,,,,,,,,,,,,,,,,,,,
32,5,,,,,,,99,94,67,17,231.9,2730,10801,36,0,22.3,13.9;2.9;20.8;13.2;5.1;3.9;92.7;94.4;41.7;55.9;91.7;90.7;1.2;3.7;0.0;0.0;0.7;0.5;0.2;0.0;1.7;0.7;0.0;0.2,31.22,0.11,0.02,3.2,15.022,0.76,39062.0,14794.0,4,16,,,,,,,,,,,,,,,,,,,,,,,,,,,,,,,,,,,,,,,,,,,,,,,,,,,,,,,,,,,,,
32,6,,,,,,,97,91,69,16,232.3,2730,10801,37,0,13.4,12.8;1.2;7.5;5.8;3.2;3.2;64.8;48.4;25.2;24.0;72.1;49.4;1.0;0.7;0.2;0.2;0.2;0.2;0.0;0.0;1.2;0.2;0.2;0.0,31.24,0.11,0.02,2.45,15.022,0.76,26904.0,15283.0,4,16,,,,,,,,,,,,,,,,,,,,,,,,,,,,,,,,,,,,,,,,,,,,,,,,,,,,,,,,,,,,,
32,7,,,,,,,100,67,67,17,233.4,2730,10801,37,0,6.5,14.7;1.4;1.1;1.9;0.8;1.1;18.3;29.4;3.1;3.6;38.9;36.7;1.7;0.0;0.0;0.0;0.3;0.3;0.0;0.0;0.6;0.3;0.3;0.6,31.2,0.11,0.01,1.88,15.022,0.76,1123.0,1513.0,4,16,,,,,,,,,,,,,,,,,,,,,,,,,,,,,,,,,,,,,,,,,,,,,,,,,,,,,,,,,,,,,
32,summary,0.3066844160595378,0.9915735995943101,0.28574384371439615,0.9985555555555555,0.00094862,39.8,,,,,,,,,,,,,,,,,,,,,,0,84.71,100,0,68.0,94,58,66.0,69,14,17.71,27,62.2,208.41,234.2,2545.7,10801.0,36.7,0,6.5,26.27,65.4,31.2,31.28,31.39,63.16,0.11,0.11,0.11,16.0,0.0,0.01,0.02,1.88,4.01,6.61,10.955,14.262,15.022,15.02,15.031,15.992,0.76,0.76,0.769,1123.0,20709.86,39062.0,1513.0,14773.43,36035.0,4,4.0,4,16,16.0,16,4,16,31.47,7.53
33,1,,,,,,,0,0,58,24,64.6,1440,10801,37,0,64.8,73.8;75.0;91.7;91.7;88.9;84.7;93.1;93.8;86.9;83.3;92.4;97.9;48.6;51.0;28.5;28.5;52.1;57.2;19.3;19.4;54.9;56.2;40.3;45.1,31.39,0.11,0.0,4.59,15.031,0.769,8398.0,43261.0,4,16,,,,,,,,,,,,,,,,,,,,,,,,,,,,,,,,,,,,,,,,,,,,,,,,,,,,,,,,,,,,,
33,2,,,,,,,100,98,66,17,232.2,2730,10801,37,0,31.1,21.6;13.0;33.9;31.6;18.1;19.8;88.9;90.8;57.1;70.1;92.5;97.8;12.1;12.1;6.0;7.5;11.6;12.1;4.1;3.6;11.3;11.1;8.7;9.7,31.33,0.11,0.01,6.71,15.022,0.76,16308.0,23974.0,4,16,,,,,,,,,,,,,,,,,,,,,,,,,,,,,,,,,,,,,,,,,,,,,,,,,,,,,,,,,,,,,
33,3,,,,,,,97,74,69,17,235.1,2730,10801,37,0,22.1,14.6;2.0;17.1;10.0;7.6;4.6;90.5;89.5;43.5;56.4;94.6;92.9;1.2;1.2;0.0;0.2;0.7;0.5;0.0;0.0;1.2;1.5;0.0;0.0,31.3,0.11,0.02,5.14,15.022,0.76,23193.0,16162.0,4,16,,,,,,,,,,,,,,,,,,,,,,,,,,,,,,,,,,,,,,,,,,,,,,,,,,,,,,,,,,,,,
33,4,,,,,,,100,74,68,18,235.2,2730,10801,37,0,22.2,12.0;3.6;16.1;9.7;6.7;5.3;90.4;93.3;53.0;46.9;94.2;90.3;1.4;1.4;0.2;1.0;0.7;1.2;0.7;0.7;1.2;1.0;1.2;1.0,31.25,0.11,0.0,4.0,15.022,0.76,4638.0,38037.0,4,16,,,,,,,,,,,,,,,,,,,,,,,,,,,,,,,,,,,,,,,,,,,,,,,,,,,,,,,,,,,,,
33,5,,,,,,,100,98,66,17,232.6,2730,10801,37,0,23.1,16.9;2.4;19.2;14.6;7.3;7.3;93.2;94.4;52.9;50.7;91.0;94.2;2.7;1.0;0.7;0.2;1.5;1.0;0.2;0.2;0.5;0.7;0.0;0.7,31.25,0.11,0.0,3.28,15.022,0.76,19384.0,32470.0,4,16,,,,,,,,,,,,,,,,,,,,,,,,,,,,,,,,,,,,,,,,,,,,,,,,,,,,,,,,,,,,,
33,6,,,,,,,100,77,68,17,234.8,2730,10801,37,0,13.8,11.7;1.2;6.2;9.1;3.0;2.2;53.2;53.1;20.5;29.4;65.8;68.4;1.2;1.0;0.0;0.0;1.2;0.5;0.5;0.0;0.5;0.2;0.2;1.2,31.22,0.11,0.0,2.91,15.022,0.76,8007.0,25585.0,4,16,,,,,,,,,,,,,,,,,,,,,,,,,,,,,,,,,,,,,,,,,,,,,,,,,,,,,,,,,,,,,
33,7,,,,,,,99,96,68,20,234.6,2730,10801,37,0,7.0,14.9;1.4;3.1;2.8;1.4;1.1;24.2;37.1;4.7;3.1;21.3;43.8;0.8;0.3;0.0;0.3;0.0;0.6;0.6;0.0;3.3;1.4;0.6;1.4,31.22,0.11,0.0,1.89,15.022,0.76,1367.0,107275.0,4,16,,,,,,,,,,,,,,,,,,,,,,,,,,,,,,,,,,,,,,,,,,,,,,,,,,,,,,,,,,,,,
33,summary,0.3060080430562382,0.9917495837742586,0.2858662687672509,0.9984444444444445,0.00094504,39.7,,,,,,,,,,,,,,,,,,,,,,0,85.14,100,0,73.86,98,58,66.14,69,17,18.57,24,64.6,209.87,235.2,2545.7,10801.0,37.0,0,7.0,26.3,64.8,31.22,31.28,31.39,63.16,0.11,0.11,0.11,16.0,0.0,0.0,0.02,1.89,4.07,6.71,10.951,14.262,15.022,15.02,15.031,15.992,0.76,0.76,0.769,1367.0,11613.57,23193.0,16162.0,40966.29,107275.0,4,4.0,4,16,16.0,16,4,16,31.76,7.16
34,1,,,,,,,0,0,58,26,57.0,1485,10801,37,0,67.6,81.5;79.0;91.7;87.3;82.4;84.7;87.4;93.7;84.6;89.5;93.7;99.3;59.0;57.9;38.9;38.9;58.0;57.3;28.0;27.3;50.7;57.9;44.8;49.0,31.38,0.11,0.0,5.01,15.031,0.769,7617.0,11474.0,4,16,,,,,,,,,,,,,,,,,,,,,,,,,,,,,,,,,,,,,,,,,,,,,,,,,,,,,,,,,,,,,
34,2,,,,,,,100,67,70,17,234.6,2730,10801,37,0,30.8,25.0;14.5;29.3;30.3;22.1;20.0;94.2;91.8;53.5;64.6;94.5;94.2;13.3;13.7;4.3;3.6;12.5;12.5;2.4;1.9;10.6;12.3;7.5;11.1,31.3,0.11,0.0,4.67,15.022,0.76,6005.0,37988.0,4,16,,,,,,,,,,,,,,,,,,,,,,,,,,,,,,,,,,,,,,,,,,,,,,,,,,,,,,,,,,,,,
34,3,,,,,,,96,89,67,17,234.0,2730,10801,37,0,21.6,13.8;2.9;15.1;13.1;6.3;4.6;90.8;89.3;38.4;58.6;88.1;89.8;1.5;1.2;0.7;0.0;0.2;0.5;0.2;0.5;0.7;0.2;0.5;0.5,31.26,0.11,0.0,4.6,15.022,0.76,24853.0,10693.0,4,16,,,,,,,,,,,,,,,,,,,,,,,,,,,,,,,,,,,,,,,,,,,,,,,,,,,,,,,,,,,,,
34,4,,,,,,,100,69,69,16,235.6,2730,10801,37,0,21.3,12.1;1.5;16.9;8.8;3.7;4.4;92.4;95.3;43.1;54.2;91.9;83.1;0.7;1.0;0.0;0.2;0.2;0.0;0.0;0.0;0.5;0.2;0.2;0.5,31.25,0.11,0.01,3.58,15.022,0.76,31640.0,41064.0,4,16,,,,,,,,,,,,,,,,,,,,,,,,,,,,,,,,,,,,,,,,,,,,,,,,,,,,,,,,,,,,,
34,5,,,,,,,100,98,68,15,231.8,2730,10801,37,0,22.2,11.3;1.2;17.1;15.1;4.6;2.4;90.5;95.4;53.3;47.1;93.9;93.5;1.0;0.7;0.2;0.0;0.7;1.5;0.2;0.0;0.5;0.2;0.2;1.2,31.23,0.11,0.0,2.71,15.022,0.76,15820.0,38427.0,4,16,,,,,,,,,,,,,,,,,,,,,,,,,,,,,,,,,,,,,,,,,,,,,,,,,,,,,,,,,,,,,
34,6,,,,,,,100,99,68,17,233.2,2730,10801,37,0,13.7,15.5;0.2;10.2;9.7;2.4;3.9;51.0;59.5;16.1;25.9;63.7;63.0;1.5;0.7;0.0;0.2;1.0;0.2;0.0;0.2;1.2;0.2;0.5;1.0,31.23,0.11,0.0,1.95,15.022,0.76,29052.0,38574.0,4,16,,,,,,,,,,,,,,,,,,,,,,,,,,,,,,,,,,,,,,,,,,,,,,,,,,,,,,,,,,,,,
34,7,,,,,,,100,69,69,18,235.7,2730,10801,37,0,6.3,11.8;0.8;2.2;0.6;0.6;0.6;30.2;19.8;4.4;2.8;25.6;51.1;0.3;0.0;0.0;0.0;0.3;0.0;0.0;0.0;0.3;0.0;0.0;0.3,31.22,0.11,0.0,1.45,15.022,0.76,2490.0,1611.0,4,16,,,,,,,,,,,,,,,,,,,,,,,,,,,,,,,,,,,,,,,,,,,,,,,,,,,,,,,,,,,,,
34,summary,0.3054518707654572,0.9921640728296636,0.2867623122268253,0.9985555555555555,0.00094134,39.8,,,,,,,,,,,,,,,,,,,,,,0,85.14,100,0,70.14,99,58,67.0,70,15,18.0,26,57.0,208.84,235.7,2552.1,10801.0,37.0,0,6.3,26.21,67.6,31.22,31.27,31.38,63.16,0.11,0.11,0.11,16.0,0.0,0.0,0.01,1.45,3.42,5.01,10.952,14.262,15.022,15.02,15.031,15.992,0.76,0.76,0.769,2490.0,16782.43,31640.0,1611.0,25690.14,41064.0,4,4.0,4,16,16.0,16,4,16,31.53,7.47
35,1,,,,,,,0,0,58,26,56.5,1515,10801,37,0,65.6,82.2;79.3;93.2;91.0;85.5;87.6;89.7;93.1;89.0;90.3;92.4;97.9;51.7;55.9;30.3;28.8;50.3;57.9;31.0;31.7;42.8;42.8;40.0;39.7,31.38,0.11,0.0,4.7,15.031,0.769,28955.0,17675.0,4,16,,,,,,,,,,,,,,,,,,,,,,,,,,,,,,,,,,,,,,,,,,,,,,,,,,,,,,,,,,,,,
35,2,,,,,,,97,91,68,16,231.1,2730,10801,37,0,30.9,25.2;13.2;30.3;26.2;19.3;18.5;91.7;90.5;63.4;58.5;95.6;97.3;12.0;12.0;5.1;6.1;12.7;11.0;3.2;4.6;13.4;11.0;9.3;10.5,31.31,0.11,0.0,5.62,15.022,0.76,5566.0,28955.0,4,16,,,,,,,,,,,,,,,,,,,,,,,,,,,,,,,,,,,,,,,,,,,,,,,,,,,,,,,,,,,,,
35,3,,,,,,,100,71,68,18,235.2,2730,10801,37,0,22.2,14.4;2.7;11.0;16.3;7.1;3.7;90.8;88.3;44.7;57.0;92.5;94.9;2.0;1.7;0.2;0.0;0.2;0.2;1.0;0.2;1.0;0.7;0.7;1.7,31.28,0.11,0.0,3.68,15.022,0.76,4492.0,134326.0,4,16,,,,,,,,,,,,,,,,,,,,,,,,,,,,,,,,,,,,,,,,,,,,,,,,,,,,,,,,,,,,,
35,4,,,,,,,100,67,70,16,235.0,2730,10801,37,0,21.8,15.8;3.4;11.1;11.6;6.5;3.6;91.3;92.8;50.5;48.8;89.2;85.3;2.9;2.4;0.2;0.7;0.7;0.7;0.0;0.0;2.2;0.5;0.0;1.2,31.26,0.11,0.0,3.52,15.022,0.76,6347.0,17919.0,4,16,,,,,,,,,,,,,,,,,,,,,,,,,,,,,,,,,,,,,,,,,,,,,,,,,,,,,,,,,,,,,
35,5,,,,,,,96,89,67,17,231.7,2730,10801,37,0,21.9,12.3;1.7;12.7;11.8;5.9;2.2;87.9;90.5;49.9;50.4;97.3;91.7;2.0;1.0;0.2;0.5;1.5;1.5;0.5;0.7;0.5;0.5;0.7;1.2,31.25,0.11,0.0,2.75,15.022,0.76,26953.0,23291.0,4,16,,,,,,,,,,,,,,,,,,,,,,,,,,,,,,,,,,,,,,,,,,,,,,,,,,,,,,,,,,,,,
35,6,,,,,,,100,70,69,16,235.8,2730,10801,37,0,13.8,13.8;2.5;10.5;8.1;2.9;3.4;45.1;51.6;20.9;28.7;51.0;81.9;1.7;0.7;0.2;0.5;1.7;0.7;0.7;0.2;0.0;0.7;1.2;2.0,31.23,0.11,0.0,2.24,15.022,0.76,39941.0,42724.0,4,16,,,,,,,,,,,,,,,,,,,,,,,,,,,,,,,,,,,,,,,,,,,,,,,,,,,,,,,,,,,,,
35,7,,,,,,,97,88,68,15,232.6,2730,10801,37,0,6.3,12.6;0.6;1.1;0.8;0.6;0.6;23.7;39.3;3.3;4.2;22.6;37.3;0.3;0.0;0.0;0.0;0.0;0.3;0.0;0.0;0.8;0.0;0.8;1.7,31.22,0.11,0.0,1.46,15.022,0.76,244.0,1660.0,4,16,,,,,,,,,,,,,,,,,,,,,,,,,,,,,,,,,,,,,,,,,,,,,,,,,,,,,,,,,,,,,
35,summary,0.30537548889240046,0.9921154456220462,0.2857867472966512,0.9984444444444445,0.00093753,39.7,,,,,,,,,,,,,,,,,,,,,,0,84.29,100,0,68.0,91,58,66.86,70,15,17.71,26,56.5,208.27,235.8,2556.4,10801.0,37.0,0,6.3,26.07,65.6,31.22,31.28,31.38,63.16,0.11,0.11,0.11,16.0,0.0,0.0,0.0,1.46,3.42,5.62,10.956,14.262,15.022,15.02,15.031,15.992,0.76,0.76,0.769,244.0,16071.14,39941.0,1660.0,38078.57,134326.0,4,4.0,4,16,16.0,16,4,16,31.47,7.43
36,1,,,,,,,0,0,59,23,73.3,2745,10801,37,0,65.0,84.5;83.7;90.1;89.4;80.9;85.1;92.9;94.3;83.7;89.4;95.0;97.9;63.1;56.0;27.0;28.4;56.7;60.3;17.7;15.6;53.2;51.1;33.3;29.8,31.37,0.11,0.0,3.86,15.031,0.769,32714.0,151025.0,4,16,,,,,,,,,,,,,,,,,,,,,,,,,,,,,,,,,,,,,,,,,,,,,,,,,,,,,,,,,,,,,
36,2,,,,,,,96,76,66,18,220.3,2730,10801,37,0,31.3,23.9;14.4;33.8;29.1;18.8;19.2;96.2;93.3;65.0;59.3;91.4;94.2;13.7;12.2;5.5;5.0;11.1;10.8;5.0;4.8;12.9;11.3;8.7;10.3,31.29,0.11,0.0,5.56,15.022,0.76,5322.0,30908.0,4,16,,,,,,,,,,,,,,,,,,,,,,,,,,,,,,,,,,,,,,,,,,,,,,,,,,,,,,,,,,,,,
36,3,,,,,,,100,86,68,18,233.3,2730,10801,37,0,22.2,14.3;2.7;17.9;17.2;6.1;2.5;85.3;91.7;50.1;51.7;93.4;92.4;1.2;1.2;0.2;0.0;1.0;1.7;0.5;0.2;1.0;0.5;0.5;0.2,31.27,0.11,0.0,4.48,15.022,0.76,19726.0,44287.0,4,16,,,,,,,,,,,,,,,,,,,,,,,,,,,,,,,,,,,,,,,,,,,,,,,,,,,,,,,,,,,,,
36,4,,,,,,,96,90,66,18,231.9,2730,10801,37,0,22.4,15.7;2.7;23.3;9.6;4.2;6.1;90.2;94.9;45.2;59.2;91.9;83.9;2.0;2.2;1.0;0.5;1.2;0.7;0.5;0.2;1.2;1.0;0.5;0.7,31.25,0.11,0.0,2.75,15.022,0.76,6005.0,26367.0,4,16,,,,,,,,,,,,,,,,,,,,,,,,,,,,,,,,,,,,,,,,,,,,,,,,,,,,,,,,,,,,,
36,5,,,,,,,100,72,70,17,233.4,2730,10801,37,0,22.2,12.9;2.4;18.4;11.9;5.3;4.4;89.3;85.7;52.4;47.7;93.0;93.2;2.4;1.5;1.0;0.5;1.7;1.2;1.0;1.2;1.9;1.0;1.7;1.2,31.24,0.11,0.0,2.7,15.022,0.76,15673.0,10693.0,4,16,,,,,,,,,,,,,,,,,,,,,,,,,,,,,,,,,,,,,,,,,,,,,,,,,,,,,,,,,,,,,
36,6,,,,,,,100,88,66,17,233.7,2730,10801,37,0,13.3,14.7;0.7;7.0;5.8;2.7;1.9;52.2;57.0;19.3;28.2;70.1;54.2;1.2;0.5;0.0;0.0;1.0;0.5;0.0;0.2;0.0;0.0;0.2;0.7,31.23,0.11,0.01,2.25,15.022,0.76,8398.0,12158.0,4,16,,,,,,,,,,,,,,,,,,,,,,,,,,,,,,,,,,,,,,,,,,,,,,,,,,,,,,,,,,,,,
36,7,,,,,,,97,73,70,17,234.8,2730,10801,37,0,6.6,13.6;0.3;1.1;1.9;0.8;0.8;31.8;22.8;4.7;2.2;35.4;38.7;0.6;0.6;0.0;0.0;0.8;0.3;0.0;0.0;0.3;0.6;0.0;0.0,31.22,0.11,0.0,1.5,15.022,0.76,0.0,1464.0,4,16,,,,,,,,,,,,,,,,,,,,,,,,,,,,,,,,,,,,,,,,,,,,,,,,,,,,,,,,,,,,,
36,summary,0.30424899729089916,0.992423417936956,0.28638305237558154,0.9986666666666667,0.00093361,39.8,,,,,,,,,,,,,,,,,,,,,,0,84.14,100,0,69.29,90,59,66.43,70,17,18.29,23,73.3,208.67,234.8,2732.1,10801.0,37.0,0,6.6,26.14,65.0,31.22,31.27,31.37,63.16,0.11,0.11,0.11,16.0,0.0,0.0,0.01,1.5,3.3,5.56,10.956,14.262,15.022,15.02,15.031,15.992,0.76,0.76,0.769,0.0,12548.29,32714.0,1464.0,39557.43,151025.0,4,4.0,4,16,16.0,16,4,16,31.27,7.67
37,1,,,,,,,0,0,59,26,72.4,2745,10801,37,0,64.8,84.6;83.9;90.2;91.6;86.7;86.0;93.0;93.7;86.7;88.1;93.0;99.3;57.3;59.0;21.7;28.5;49.3;53.3;22.4;21.7;46.2;47.6;32.9;41.7,31.34,0.11,0.0,6.96,15.031,0.769,6640.0,41210.0,4,16,,,,,,,,,,,,,,,,,,,,,,,,,,,,,,,,,,,,,,,,,,,,,,,,,,,,,,,,,,,,,
37,2,,,,,,,100,84,66,16,232.4,2730,10801,37,0,31.0,26.8;15.4;31.0;34.4;20.7;22.9;94.6;87.3;50.4;72.7;92.0;92.2;13.2;13.2;3.4;3.2;11.2;12.2;1.5;2.2;12.9;11.2;8.8;10.3,31.29,0.11,0.0,4.37,15.022,0.76,7177.0,13574.0,4,16,,,,,,,,,,,,,,,,,,,,,,,,,,,,,,,,,,,,,,,,,,,,,,,,,,,,,,,,,,,,,
37,3,,,,,,,96,91,70,16,231.1,2730,10801,37,0,22.3,12.3;2.4;14.9;11.0;5.6;4.9;91.9;97.1;55.5;50.5;92.9;86.8;1.2;1.7;0.2;0.0;0.5;0.5;1.0;0.5;0.2;1.7;0.7;1.2,31.26,0.11,0.0,4.5,15.022,0.76,8740.0,11962.0,4,16,,,,,,,,,,,,,,,,,,,,,,,,,,,,,,,,,,,,,,,,,,,,,,,,,,,,,,,,,,,,,
37,4,,,,,,,96,82,70,17,222.1,2730,10801,37,0,21.9,15.5;2.2;17.5;12.3;5.3;6.2;94.5;87.3;48.1;49.9;87.0;87.1;1.9;2.2;0.2;0.7;1.7;1.0;0.7;0.5;1.4;0.7;0.5;0.2,31.23,0.11,0.0,3.45,15.022,0.76,15966.0,10937.0,4,16,,,,,,,,,,,,,,,,,,,,,,,,,,,,,,,,,,,,,,,,,,,,,,,,,,,,,,,,,,,,,
37,5,,,,,,,100,83,67,16,233.8,2730,10801,37,0,22.2,15.6;4.4;16.0;20.3;4.4;6.6;91.4;88.7;46.4;47.3;92.6;86.5;1.5;2.2;1.2;0.7;1.2;0.5;0.5;0.5;1.0;1.2;1.0;1.5,31.24,0.11,0.0,2.06,15.022,0.76,26416.0,13378.0,4,16,,,,,,,,,,,,,,,,,,,,,,,,,,,,,,,,,,,,,,,,,,,,,,,,,,,,,,,,,,,,,
37,6,,,,,,,97,90,70,15,233.3,2730,10801,37,0,14.1,13.8;2.7;8.3;10.5;5.1;3.2;54.9;55.0;18.4;32.4;48.8;72.8;1.2;1.2;0.5;0.2;0.5;1.7;1.0;1.0;1.2;1.2;1.2;1.5,31.22,0.11,0.0,2.3,15.022,0.76,16796.0,37939.0,4,16,,,,,,,,,,,,,,,,,,,,,,,,,,,,,,,,,,,,,,,,,,,,,,,,,,,,,,,,,,,,,
37,7,,,,,,,100,84,67,18,233.0,2730,10801,37,0,7.1,11.9;1.1;3.6;1.4;2.2;0.0;37.5;35.0;5.5;5.0;36.4;19.9;1.9;1.1;0.8;0.8;0.3;1.1;0.3;0.6;1.9;1.1;0.3;0.8,31.21,0.11,0.0,1.44,15.022,0.76,683.0,1562.0,4,16,,,,,,,,,,,,,,,,,,,,,,,,,,,,,,,,,,,,,,,,,,,,,,,,,,,,,,,,,,,,,
37,summary,0.30415436145614794,0.9926086644421649,0.2857779958513048,0.9985555555555555,0.00092957,39.7,,,,,,,,,,,,,,,,,,,,,,0,84.14,100,0,73.43,91,59,67.0,70,15,17.71,26,72.4,208.3,233.8,2732.1,10801.0,37.0,0,7.1,26.2,64.8,31.21,31.26,31.34,63.16,0.11,0.11,0.11,16.0,0.0,0.0,0.0,1.44,3.58,6.96,10.953,14.262,15.022,15.02,15.031,15.992,0.76,0.76,0.769,683.0,11774.0,26416.0,1562.0,18651.71,41210.0,4,4.0,4,16,16.0,16,4,16,31.72,7.18
38,1,,,,,,,0,0,58,24,59.8,1455,10801,37,0,65.9,81.1;84.0;87.6;88.9;79.2;79.2;92.4;95.8;83.4;87.5;95.8;95.1;54.2;65.3;29.9;36.1;54.2;61.1;19.4;22.2;53.5;47.2;43.4;43.8,31.36,0.11,0.0,4.58,15.031,0.769,3613.0,42626.0,4,16,,,,,,,,,,,,,,,,,,,,,,,,,,,,,,,,,,,,,,,,,,,,,,,,,,,,,,,,,,,,,
38,2,,,,,,,88,60,64,17,227.6,2730,10801,37,0,30.6,26.2;15.1;29.0;28.7;19.6;19.2;91.4;93.8;61.9;56.7;90.7;95.4;11.5;12.0;6.0;5.7;11.2;10.3;4.3;5.0;10.3;10.3;8.1;11.5,31.29,0.11,0.0,5.58,15.022,0.76,13183.0,12304.0,4,16,,,,,,,,,,,,,,,,,,,,,,,,,,,,,,,,,,,,,,,,,,,,,,,,,,,,,,,,,,,,,
38,3,,,,,,,96,91,70,18,231.8,2730,10801,37,0,21.8,14.3;3.4;14.6;18.8;2.9;6.6;88.4;92.7;48.0;54.4;78.3;89.5;1.7;1.2;0.7;0.7;1.2;0.7;0.0;0.5;2.4;1.5;0.7;0.5,31.27,0.11,0.0,3.67,15.022,0.76,28857.0,20312.0,4,16,,,,,,,,,,,,,,,,,,,,,,,,,,,,,,,,,,,,,,,,,,,,,,,,,,,,,,,,,,,,,
38,4,,,,,,,100,66,68,18,234.0,2730,10801,37,0,21.8,10.1;2.2;14.0;15.9;5.6;3.9;93.9;94.6;49.3;47.8;89.5;91.9;1.7;1.0;0.0;0.2;0.7;0.0;0.5;0.5;0.2;0.0;0.0;0.5,31.26,0.11,0.0,3.6,15.022,0.76,18701.0,16162.0,4,16,,,,,,,,,,,,,,,,,,,,,,,,,,,,,,,,,,,,,,,,,,,,,,,,,,,,,,,,,,,,,
38,5,,,,,,,96,88,68,16,231.5,2730,10801,37,0,22.2,15.4;2.0;15.9;12.4;4.4;9.2;87.9;86.8;44.0;57.1;89.2;94.9;2.2;1.5;1.0;0.7;1.2;1.2;0.2;0.5;1.5;0.7;1.2;0.7,31.24,0.11,0.0,2.7,15.022,0.76,27343.0,44189.0,4,16,,,,,,,,,,,,,,,,,,,,,,,,,,,,,,,,,,,,,,,,,,,,,,,,,,,,,,,,,,,,,
38,6,,,,,,,100,67,69,17,235.0,2730,10801,37,0,13.5,11.6;1.7;4.9;10.4;2.4;1.9;43.4;77.4;19.7;29.1;53.0;62.0;1.4;0.2;0.0;0.0;1.2;1.0;0.0;0.2;0.2;1.0;0.2;0.0,31.22,0.11,0.0,1.93,15.022,0.76,11718.0,19042.0,4,16,,,,,,,,,,,,,,,,,,,,,,,,,,,,,,,,,,,,,,,,,,,,,,,,,,,,,,,,,,,,,
38,7,,,,,,,100,82,67,16,233.6,2730,10801,37,0,7.8,19.8;1.7;3.9;2.5;1.1;1.7;23.2;34.1;4.7;6.1;53.7;20.7;0.8;2.2;0.3;0.0;0.0;0.3;0.0;0.0;3.3;2.8;0.8;1.4,31.21,0.11,0.0,1.84,15.022,0.76,0.0,1562.0,4,16,,,,,,,,,,,,,,,,,,,,,,,,,,,,,,,,,,,,,,,,,,,,,,,,,,,,,,,,,,,,,
38,summary,0.30407467232236823,0.9925785618850684,0.28514983722898696,0.9987777777777778,0.00092543,39.9,,,,,,,,,,,,,,,,,,,,,,0,82.86,100,0,64.86,91,58,66.29,70,16,18.0,24,59.8,207.61,235.0,2547.9,10801.0,37.0,0,7.8,26.23,65.9,31.21,31.26,31.36,63.16,0.11,0.11,0.11,16.0,0.0,0.0,0.0,1.84,3.41,5.58,10.955,14.262,15.022,15.02,15.031,15.992,0.76,0.76,0.769,0.0,14773.57,28857.0,1562.0,22313.86,44189.0,4,4.0,4,16,16.0,16,4,16,31.34,7.69
39,1,,,,,,,0,0,58,26,64.5,1440,10801,37,0,64.8,81.1;80.0;91.0;93.1;74.0;82.8;90.3;93.8;81.4;81.5;92.4;95.9;53.1;60.7;27.3;29.3;52.3;61.6;22.5;26.0;50.3;48.3;44.8;45.9,31.38,0.11,0.06,4.82,15.031,0.769,20703.0,13525.0,4,16,,,,,,,,,,,,,,,,,,,,,,,,,,,,,,,,,,,,,,,,,,,,,,,,,,,,,,,,,,,,,
39,2,,,,,,,100,98,66,17,233.2,2730,10801,37,0,32.9,26.3;17.2;34.9;36.3;23.4;22.6;92.1;93.0;63.7;67.8;96.1;92.8;14.5;16.4;4.1;5.3;12.3;14.0;3.4;4.6;12.0;13.5;11.1;11.5,31.38,0.11,0.08,6.67,15.022,0.76,7128.0,25683.0,4,16,,,,,,,,,,,,,,,,,,,,,,,,,,,,,,,,,,,,,,,,,,,,,,,,,,,,,,,,,,,,,
39,3,,,,,,,95,73,70,17,234.7,2730,10801,37,0,22.8,13.8;2.7;16.4;15.9;6.6;5.9;87.8;95.3;50.5;47.9;91.9;93.6;2.7;2.7;1.0;1.0;2.0;2.0;0.7;0.5;1.7;2.0;2.0;0.7,31.29,0.11,0.04,6.55,15.022,0.76,5615.0,43164.0,4,16,,,,,,,,,,,,,,,,,,,,,,,,,,,,,,,,,,,,,,,,,,,,,,,,,,,,,,,,,,,,,
39,4,,,,,,,100,88,66,17,233.4,2730,10801,37,0,21.8,17.1;1.6;12.2;13.8;4.9;3.7;85.5;88.8;47.1;54.6;88.8;93.9;1.2;0.9;0.2;0.2;0.2;0.9;0.0;0.2;0.9;1.2;1.9;2.3,31.27,0.11,0.0,3.82,15.022,0.76,976.0,1562.0,4,16,,,,,,,,,,,,,,,,,,,,,,,,,,,,,,,,,,,,,,,,,,,,,,,,,,,,,,,,,,,,,
39,5,,,,,,,96,90,71,14,232.0,2730,10801,37,0,21.6,9.4;1.7;9.6;15.0;5.1;4.6;88.7;90.2;40.2;63.2;92.2;92.9;1.0;0.7;1.0;0.2;0.5;1.0;0.0;0.2;1.5;0.2;0.0;0.7,31.26,0.11,0.0,2.6,15.022,0.76,29052.0,11083.0,4,16,,,,,,,,,,,,,,,,,,,,,,,,,,,,,,,,,,,,,,,,,,,,,,,,,,,,,,,,,,,,,
39,6,,,,,,,100,70,67,16,234.2,2730,10801,37,0,16.7,12.9;4.2;17.4;10.8;9.8;5.7;54.7;58.6;30.3;34.0;55.8;80.9;3.4;1.5;0.7;0.2;1.0;0.2;8.8;5.6;1.2;1.5;0.2;0.2,31.45,0.11,0.13,3.06,15.022,0.76,30615.0,11816.0,4,16,,,,,,,,,,,,,,,,,,,,,,,,,,,,,,,,,,,,,,,,,,,,,,,,,,,,,,,,,,,,,
39,7,,,,,,,97,90,71,17,232.9,2730,10801,37,0,7.9,12.8;1.1;3.1;4.8;3.6;1.7;41.3;32.2;7.0;5.9;44.5;23.6;0.3;0.3;0.6;0.6;0.0;0.8;1.7;2.5;0.6;0.6;0.3;0.3,31.37,0.11,0.2,2.52,15.022,0.76,48.0,1806.0,4,16,,,,,,,,,,,,,,,,,,,,,,,,,,,,,,,,,,,,,,,,,,,,,,,,,,,,,,,,,,,,,
39,summary,0.3030802523574973,0.9928680095494573,0.28653231594297623,0.9983333333333333,0.00092118,39.9,,,,,,,,,,,,,,,,,,,,,,0,84.0,100,0,72.71,98,58,67.0,71,14,17.71,26,64.5,209.27,234.7,2545.7,10801.0,37.0,0,7.9,26.93,64.8,31.26,31.34,31.45,63.16,0.11,0.11,0.11,16.0,0.0,0.07,0.2,2.52,4.29,6.67,10.955,14.262,15.022,15.02,15.031,15.992,0.76,0.76,0.769,48.0,13448.14,30615.0,1562.0,15519.86,43164.0,4,4.0,4,16,16.0,16,4,16,31.72,7.38
40,1,,,,,,,0,0,59,24,73.9,2745,10801,37,0,66.6,81.8;84.8;92.3;91.6;83.9;80.4;85.4;93.7;86.2;87.4;97.2;91.6;62.1;57.6;33.8;29.7;55.6;53.5;26.4;27.1;50.7;54.2;43.4;50.3,31.5,0.11,0.0,6.98,15.031,0.769,10058.0,22900.0,4,16,,,,,,,,,,,,,,,,,,,,,,,,,,,,,,,,,,,,,,,,,,,,,,,,,,,,,,,,,,,,,
40,2,,,,,,,100,66,67,17,234.3,2730,10801,37,0,31.2,26.9;16.8;35.8;30.0;23.4;19.8;95.4;90.4;61.3;67.2;87.7;88.7;12.5;12.3;4.6;4.1;12.1;11.6;3.6;3.9;11.7;11.1;8.7;9.9,31.44,0.11,0.0,4.44,15.022,0.76,13671.0,9765.0,4,16,,,,,,,,,,,,,,,,,,,,,,,,,,,,,,,,,,,,,,,,,,,,,,,,,,,,,,,,,,,,,
40,3,,,,,,,100,73,67,18,234.0,2730,10801,37,0,21.8,13.9;2.2;16.6;14.7;5.3;5.8;91.1;89.4;48.1;49.3;87.7;92.8;1.2;1.0;0.2;0.2;0.2;0.7;0.5;0.5;0.7;1.4;0.2;0.5,31.43,0.11,0.01,4.43,15.022,0.76,16894.0,12353.0,4,16,,,,,,,,,,,,,,,,,,,,,,,,,,,,,,,,,,,,,,,,,,,,,,,,,,,,,,,,,,,,,
40,4,,,,,,,96,89,70,18,235.8,2730,10801,37,0,22.0,16.7;2.9;14.8;13.1;5.1;4.6;86.2;91.8;40.8;60.7;93.7;90.0;1.2;1.0;0.2;0.2;0.2;0.5;0.2;0.0;0.5;0.5;1.0;1.9,31.4,0.11,0.0,3.49,15.022,0.76,4101.0,228125.0,4,16,,,,,,,,,,,,,,,,,,,,,,,,,,,,,,,,,,,,,,,,,,,,,,,,,,,,,,,,,,,,,
40,5,,,,,,,100,90,68,14,232.7,2730,10801,37,0,22.0,11.7;2.4;14.4;17.2;5.1;4.6;87.3;93.9;46.3;54.2;87.5;94.4;1.2;1.5;0.5;0.2;0.7;0.2;0.5;0.7;1.0;0.2;0.7;2.4,31.38,0.11,0.0,2.15,15.022,0.76,5029.0,43603.0,4,16,,,,,,,,,,,,,,,,,,,,,,,,,,,,,,,,,,,,,,,,,,,,,,,,,,,,,,,,,,,,,
40,6,,,,,,,97,85,67,15,234.8,2730,10801,37,0,13.6,13.0;0.7;8.1;6.4;2.0;2.7;50.4;74.0;24.6;25.1;53.1;60.6;0.2;1.0;0.5;0.0;0.2;0.2;0.2;0.0;1.0;0.7;0.2;0.2,31.37,0.11,0.0,2.3,15.022,0.76,32128.0,53417.0,4,16,,,,,,,,,,,,,,,,,,,,,,,,,,,,,,,,,,,,,,,,,,,,,,,,,,,,,,,,,,,,,
40,7,,,,,,,100,69,69,15,236.0,2730,10801,37,0,6.9,15.7;1.1;2.8;1.9;0.6;1.7;26.2;32.8;4.9;3.9;46.8;21.2;0.3;0.5;0.0;0.0;0.3;0.3;0.5;0.3;0.8;0.6;0.3;1.4,31.37,0.11,0.06,1.54,15.022,0.76,292.0,439.0,4,16,,,,,,,,,,,,,,,,,,,,,,,,,,,,,,,,,,,,,,,,,,,,,,,,,,,,,,,,,,,,,
40,summary,0.30224191295378694,0.9930949365183382,0.2852415192657047,0.9987777777777778,0.00091682,39.9,,,,,,,,,,,,,,,,,,,,,,0,84.71,100,0,67.43,90,59,66.71,70,14,17.29,24,73.9,211.64,236.0,2732.1,10801.0,37.0,0,6.9,26.3,66.6,31.37,31.41,31.5,63.16,0.11,0.11,0.11,16.0,0.0,0.01,0.06,1.54,3.62,6.98,10.955,14.262,15.022,15.02,15.031,15.992,0.76,0.76,0.769,292.0,11739.0,32128.0,439.0,52943.14,228125.0,4,4.0,4,16,16.0,16,4,16,31.66,7.4
41,1,,,,,,,0,0,59,26,71.3,2745,10801,37,0,65.9,78.8;79.3;87.7;90.4;84.1;81.4;92.4;94.5;84.2;86.9;93.8;97.2;54.5;59.3;28.1;24.8;60.5;64.1;26.9;26.0;52.1;54.8;43.5;37.0,31.52,0.11,0.0,4.68,15.031,0.769,19580.0,9277.0,4,16,,,,,,,,,,,,,,,,,,,,,,,,,,,,,,,,,,,,,,,,,,,,,,,,,,,,,,,,,,,,,
41,2,,,,,,,100,84,69,17,232.7,2730,10801,37,0,32.5,29.8;17.2;34.1;30.4;21.7;24.0;96.9;95.7;62.9;57.2;94.7;96.6;13.0;12.5;6.6;5.6;12.8;11.6;4.6;5.3;13.0;11.8;9.4;11.4,31.43,0.11,0.0,6.21,15.022,0.76,6494.0,17919.0,4,16,,,,,,,,,,,,,,,,,,,,,,,,,,,,,,,,,,,,,,,,,,,,,,,,,,,,,,,,,,,,,
41,3,,,,,,,96,91,66,17,231.9,2730,10801,37,0,23.6,13.3;6.5;20.2;18.8;8.0;7.1;89.5;92.4;44.8;65.3;90.0;90.0;4.1;2.9;1.5;0.5;1.7;1.2;0.7;0.5;2.7;2.2;1.2;1.9,31.43,0.11,0.01,4.15,15.022,0.76,19335.0,22509.0,4,16,,,,,,,,,,,,,,,,,,,,,,,,,,,,,,,,,,,,,,,,,,,,,,,,,,,,,,,,,,,,,
41,4,,,,,,,100,69,70,16,234.2,2730,10801,37,0,21.8,13.3;3.4;15.0;18.4;7.1;4.7;90.2;91.6;36.3;63.0;91.2;83.8;1.5;0.7;0.5;0.0;0.2;0.5;0.0;0.0;0.5;0.5;0.5;0.7,31.4,0.11,0.01,3.58,15.022,0.76,8886.0,22216.0,4,16,,,,,,,,,,,,,,,,,,,,,,,,,,,,,,,,,,,,,,,,,,,,,,,,,,,,,,,,,,,,,
41,5,,,,,,,100,84,69,17,233.3,2730,10801,37,0,22.1,18.6;3.1;12.3;16.1;5.5;6.5;88.7;87.3;51.7;50.1;91.6;90.6;2.2;1.0;0.2;0.0;1.0;0.5;0.5;1.2;1.0;0.5;1.0;0.5,31.39,0.11,0.0,2.7,15.022,0.76,4638.0,19726.0,4,16,,,,,,,,,,,,,,,,,,,,,,,,,,,,,,,,,,,,,,,,,,,,,,,,,,,,,,,,,,,,,
41,6,,,,,,,97,88,68,18,232.3,2730,10801,37,0,13.9,13.0;2.9;13.7;11.5;2.7;4.4;56.9;50.5;21.3;25.8;51.8;68.1;2.0;0.7;1.0;1.0;0.7;1.0;1.0;0.5;1.7;0.7;0.2;1.0,31.38,0.11,0.0,1.95,15.022,0.76,42480.0,64941.0,4,16,,,,,,,,,,,,,,,,,,,,,,,,,,,,,,,,,,,,,,,,,,,,,,,,,,,,,,,,,,,,,
41,7,,,,,,,100,88,69,16,233.3,2730,10801,37,0,7.1,15.1;3.0;1.7;3.6;1.1;1.7;39.4;20.4;5.0;4.2;29.6;37.0;1.7;0.0;0.3;0.0;0.3;0.0;0.0;0.3;2.5;1.4;0.3;0.6,31.35,0.11,0.0,1.81,15.022,0.76,1123.0,1416.0,4,16,,,,,,,,,,,,,,,,,,,,,,,,,,,,,,,,,,,,,,,,,,,,,,,,,,,,,,,,,,,,,
41,summary,0.3017799255663576,0.9934700606913862,0.28532641071743436,0.9991111111111111,0.00091235,39.8,,,,,,,,,,,,,,,,,,,,,,0,84.71,100,0,72.0,91,59,67.14,70,16,18.14,26,71.3,209.86,234.2,2732.1,10801.0,37.0,0,7.1,26.7,65.9,31.35,31.41,31.52,63.16,0.11,0.11,0.11,16.0,0.0,0.0,0.01,1.81,3.58,6.21,10.953,14.262,15.022,15.02,15.031,15.992,0.76,0.76,0.769,1123.0,14648.0,42480.0,1416.0,22572.0,64941.0,4,4.0,4,16,16.0,16,4,16,31.85,7.1
42,1,,,,,,,0,0,59,26,60.3,1515,5001,37,0,65.3,84.9;80.6;88.3;86.8;84.8;86.8;93.1;98.6;81.4;83.3;90.3;93.8;61.1;59.0;31.2;29.9;50.0;57.9;22.2;20.1;50.7;54.2;39.6;37.9,31.5,0.11,0.01,3.79,15.031,0.769,7910.0,15917.0,4,16,,,,,,,,,,,,,,,,,,,,,,,,,,,,,,,,,,,,,,,,,,,,,,,,,,,,,,,,,,,,,
42,2,,,,,,,96,90,66,16,231.1,2730,10801,37,0,30.9,21.3;15.2;35.6;29.1;17.9;21.0;93.9;95.2;54.5;67.3;95.4;95.9;13.0;11.8;3.1;4.8;10.9;10.7;4.6;2.9;9.0;11.4;8.2;9.4,31.43,0.11,0.0,5.79,15.022,0.76,4150.0,37109.0,4,16,,,,,,,,,,,,,,,,,,,,,,,,,,,,,,,,,,,,,,,,,,,,,,,,,,,,,,,,,,,,,
42,3,,,,,,,96,89,68,17,232.1,2730,10801,37,0,22.2,13.5;3.1;10.8;13.0;5.0;6.5;90.4;89.2;57.7;49.4;91.1;89.2;1.2;2.9;0.0;0.5;1.0;1.2;0.2;0.5;1.2;2.2;0.5;1.9,31.4,0.11,0.01,4.41,15.022,0.76,10693.0,10693.0,4,16,,,,,,,,,,,,,,,,,,,,,,,,,,,,,,,,,,,,,,,,,,,,,,,,,,,,,,,,,,,,,
42,4,,,,,,,100,73,70,16,233.2,2730,10801,37,0,22.4,9.2;4.1;15.4;14.4;4.6;5.6;88.5;93.4;46.5;57.0;93.9;95.1;2.0;2.0;0.7;0.2;0.7;1.0;0.0;0.2;0.7;1.0;1.0;0.5,31.39,0.11,0.0,2.69,15.022,0.76,33203.0,111914.0,4,16,,,,,,,,,,,,,,,,,,,,,,,,,,,,,,,,,,,,,,,,,,,,,,,,,,,,,,,,,,,,,
42,5,,,,,,,96,89,67,16,231.8,2730,10801,37,0,22.3,13.5;2.2;14.0;17.0;4.2;5.7;81.2;93.9;49.8;52.6;94.3;96.1;2.0;1.2;0.5;0.5;1.2;0.5;1.0;0.2;1.7;1.2;0.2;1.2,31.36,0.11,0.0,2.73,15.022,0.76,5810.0,24121.0,4,16,,,,,,,,,,,,,,,,,,,,,,,,,,,,,,,,,,,,,,,,,,,,,,,,,,,,,,,,,,,,,
42,6,,,,,,,100,67,71,16,234.6,2730,10801,37,0,13.4,10.3;2.5;10.3;7.1;2.5;1.7;55.5;65.9;18.8;31.9;48.9;60.3;0.5;0.2;0.0;0.2;0.7;0.0;0.2;0.0;0.5;0.0;1.7;1.0,31.31,0.11,0.0,2.27,15.022,0.76,29248.0,15478.0,4,16,,,,,,,,,,,,,,,,,,,,,,,,,,,,,,,,,,,,,,,,,,,,,,,,,,,,,,,,,,,,,
42,7,,,,,,,100,89,69,20,233.9,2730,10801,37,0,6.4,15.1;0.5;2.5;0.8;0.5;0.3;22.6;25.9;4.4;1.4;38.0;38.5;0.5;0.0;0.0;0.0;0.3;0.0;0.5;0.3;0.5;0.0;0.5;0.3,31.31,0.11,0.0,1.44,15.022,0.76,341.0,48.0,4,16,,,,,,,,,,,,,,,,,,,,,,,,,,,,,,,,,,,,,,,,,,,,,,,,,,,,,,,,,,,,,
42,summary,0.30259787612378436,0.9931041988435987,0.2848747226662106,0.9991111111111111,0.00090778,39.8,,,,,,,,,,,,,,,,,,,,,,0,84.0,100,0,71.0,90,59,67.14,71,16,18.14,26,60.3,208.14,234.6,2556.4,9972.4,37.0,0,6.4,26.13,65.3,31.31,31.39,31.5,63.16,0.11,0.11,0.11,16.0,0.0,0.0,0.01,1.44,3.3,5.79,10.955,14.262,15.022,15.02,15.031,15.992,0.76,0.76,0.769,341.0,13050.71,33203.0,48.0,30754.29,111914.0,4,4.0,4,16,16.0,16,4,16,31.55,7.47
43,1,,,,,,,0,0,58,26,58.2,1590,10801,37,0,64.9,77.4;80.0;88.7;89.4;82.7;84.9;89.3;94.7;85.3;88.0;92.7;96.0;57.6;61.3;25.3;24.7;49.3;55.3;24.0;22.0;50.7;56.7;39.1;42.0,31.5,0.11,0.0,7.33,15.031,0.769,6835.0,15332.0,4,16,,,,,,,,,,,,,,,,,,,,,,,,,,,,,,,,,,,,,,,,,,,,,,,,,,,,,,,,,,,,,
43,2,,,,,,,96,88,67,18,231.3,2730,10801,37,0,30.6,24.8;16.0;34.5;25.8;16.8;18.2;92.5;91.1;58.9;72.3;94.2;95.6;11.4;10.7;4.1;4.1;10.4;11.2;3.2;2.7;9.5;10.7;6.3;9.5,31.43,0.11,0.0,5.78,15.022,0.76,30322.0,318457.0,4,16,,,,,,,,,,,,,,,,,,,,,,,,,,,,,,,,,,,,,,,,,,,,,,,,,,,,,,,,,,,,,
43,3,,,,,,,97,72,69,16,233.9,2730,10801,37,0,22.0,12.6;1.5;16.0;9.6;6.4;5.9;87.7;89.2;48.5;52.1;93.1;92.1;2.7;1.7;0.7;1.0;1.5;1.7;1.2;0.5;1.5;1.0;0.5;0.7,31.42,0.11,0.0,5.09,15.022,0.76,6005.0,29443.0,4,16,,,,,,,,,,,,,,,,,,,,,,,,,,,,,,,,,,,,,,,,,,,,,,,,,,,,,,,,,,,,,
43,4,,,,,,,100,89,66,15,232.6,2730,10801,37,0,22.6,15.3;3.2;19.4;12.2;6.5;5.1;90.5;87.7;46.2;52.4;95.2;94.4;2.4;1.9;0.7;1.0;1.7;1.0;0.5;0.5;0.7;1.2;1.0;1.5,31.4,0.11,0.0,3.98,15.022,0.76,23095.0,10742.0,4,16,,,,,,,,,,,,,,,,,,,,,,,,,,,,,,,,,,,,,,,,,,,,,,,,,,,,,,,,,,,,,
43,5,,,,,,,100,93,69,16,233.2,2730,10801,37,0,21.8,15.9;3.4;17.2;8.7;6.1;3.1;89.8;93.8;37.0;57.5;88.6;94.4;1.2;1.7;0.0;0.5;1.2;0.2;0.0;0.0;0.2;0.2;0.7;0.5,31.36,0.11,0.01,2.52,15.022,0.76,6494.0,42626.0,4,16,,,,,,,,,,,,,,,,,,,,,,,,,,,,,,,,,,,,,,,,,,,,,,,,,,,,,,,,,,,,,
43,6,,,,,,,97,73,69,16,234.2,2730,10801,37,0,13.7,14.1;2.0;8.8;5.4;2.9;2.9;58.2;57.6;34.6;16.4;72.0;50.9;0.5;0.2;0.2;0.0;0.2;0.2;0.0;0.2;0.5;0.0;0.0;0.0,31.34,0.11,0.0,2.46,15.022,0.76,7373.0,38623.0,4,16,,,,,,,,,,,,,,,,,,,,,,,,,,,,,,,,,,,,,,,,,,,,,,,,,,,,,,,,,,,,,
43,7,,,,,,,100,97,69,15,233.7,2730,10801,37,0,6.5,12.3;1.4;1.4;1.1;1.4;0.6;42.8;33.3;3.9;1.7;25.6;25.9;0.3;1.1;0.0;0.0;0.0;0.0;0.0;0.0;0.3;0.3;0.6;1.7,31.33,0.11,0.0,1.81,15.022,0.76,292.0,1367.0,4,16,,,,,,,,,,,,,,,,,,,,,,,,,,,,,,,,,,,,,,,,,,,,,,,,,,,,,,,,,,,,,
43,summary,0.3008935519896182,0.9937479304491996,0.28459516827265424,0.9993333333333333,0.00090311,39.8,,,,,,,,,,,,,,,,,,,,,,0,84.29,100,0,73.14,97,58,66.71,69,15,17.43,26,58.2,208.16,234.2,2567.1,10801.0,37.0,0,6.5,26.01,64.9,31.33,31.4,31.5,63.16,0.11,0.11,0.11,16.0,0.0,0.0,0.01,1.81,4.14,7.33,10.955,14.262,15.022,15.02,15.031,15.992,0.76,0.76,0.769,292.0,11488.0,30322.0,1367.0,65227.14,318457.0,4,4.0,4,16,16.0,16,4,16,31.6,7.37
44,1,,,,,,,0,0,58,23,57.7,1590,10801,37,0,64.6,84.7;73.0;87.2;87.8;81.6;85.7;87.9;93.2;81.0;81.6;95.9;90.5;54.7;60.8;31.4;29.4;55.7;55.8;22.2;24.7;53.1;54.7;39.9;42.2,31.51,0.11,0.0,5.35,15.031,0.769,16357.0,29492.0,4,16,,,,,,,,,,,,,,,,,,,,,,,,,,,,,,,,,,,,,,,,,,,,,,,,,,,,,,,,,,,,,
44,2,,,,,,,96,89,70,17,231.1,2730,10801,37,0,31.0,24.2;15.3;35.9;31.2;21.0;18.1;91.2;95.1;51.0;66.6;96.1;96.3;14.4;12.5;3.7;3.7;11.0;12.0;2.4;2.2;13.7;10.6;6.6;9.3,31.44,0.11,0.0,6.79,15.022,0.76,25732.0,45312.0,4,16,,,,,,,,,,,,,,,,,,,,,,,,,,,,,,,,,,,,,,,,,,,,,,,,,,,,,,,,,,,,,
44,3,,,,,,,96,82,70,18,232.8,2730,10801,37,0,21.4,17.8;3.1;14.3;12.3;5.8;3.6;87.2;88.2;42.3;58.9;90.1;85.3;0.5;0.7;0.5;0.2;0.2;0.2;0.0;0.0;1.7;0.2;0.2;0.2,31.4,0.11,0.0,4.19,15.022,0.76,5322.0,35058.0,4,16,,,,,,,,,,,,,,,,,,,,,,,,,,,,,,,,,,,,,,,,,,,,,,,,,,,,,,,,,,,,,
44,4,,,,,,,100,84,66,18,233.0,2730,10801,37,0,22.0,15.0;1.5;16.9;11.7;2.9;5.4;83.5;87.8;46.9;56.1;92.9;96.6;1.7;1.2;0.7;1.0;0.7;1.0;0.0;0.5;1.2;0.7;0.5;1.2,31.38,0.11,0.0,4.3,15.022,0.76,8691.0,33251.0,4,16,,,,,,,,,,,,,,,,,,,,,,,,,,,,,,,,,,,,,,,,,,,,,,,,,,,,,,,,,,,,,
44,5,,,,,,,96,89,71,18,232.3,2730,10801,37,0,22.4,13.0;2.9;18.3;14.1;6.8;7.1;90.5;90.7;52.3;43.8;92.5;93.2;1.0;1.7;0.2;0.2;0.2;0.2;0.2;0.0;3.2;2.0;0.5;1.5,31.36,0.11,0.0,3.2,15.022,0.76,11132.0,28271.0,4,16,,,,,,,,,,,,,,,,,,,,,,,,,,,,,,,,,,,,,,,,,,,,,,,,,,,,,,,,,,,,,
44,6,,,,,,,100,75,67,17,233.6,2730,10801,37,0,13.8,11.7;2.0;8.6;5.4;4.9;1.2;68.5;70.0;22.1;23.6;53.4;54.8;1.5;1.0;0.0;0.0;0.7;0.0;0.0;0.0;0.5;0.0;0.0;0.7,31.33,0.11,0.01,1.93,15.022,0.76,7373.0,41308.0,4,16,,,,,,,,,,,,,,,,,,,,,,,,,,,,,,,,,,,,,,,,,,,,,,,,,,,,,,,,,,,,,
44,7,,,,,,,100,96,68,18,233.3,2730,10801,37,0,6.2,12.1;0.5;1.1;2.2;0.8;0.5;33.8;32.2;3.6;4.1;30.1;26.4;0.0;0.3;0.0;0.0;0.0;0.0;0.0;0.0;1.4;0.0;0.0;0.0,31.32,0.11,0.0,2.35,15.022,0.76,1464.0,1367.0,4,16,,,,,,,,,,,,,,,,,,,,,,,,,,,,,,,,,,,,,,,,,,,,,,,,,,,,,,,,,,,,,
44,summary,0.3012944054009072,0.9934492204595503,0.28525195164150663,0.9987777777777778,0.00089833,39.8,,,,,,,,,,,,,,,,,,,,,,0,84.0,100,0,73.57,96,58,67.14,71,17,18.43,23,57.7,207.69,233.6,2567.1,10801.0,37.0,0,6.2,25.91,64.6,31.32,31.39,31.51,63.16,0.11,0.11,0.11,16.0,0.0,0.0,0.01,1.93,4.02,6.79,10.954,14.262,15.022,15.02,15.031,15.992,0.76,0.76,0.769,1464.0,10867.29,25732.0,1367.0,30579.86,45312.0,4,4.0,4,16,16.0,16,4,16,31.48,7.49
45,1,,,,,,,0,0,58,26,58.4,1590,5001,37,0,65.5,82.9;82.9;86.8;91.0;88.2;88.9;98.6;93.1;83.4;90.3;94.4;95.8;58.3;53.5;22.8;28.5;50.7;58.3;20.1;20.7;49.7;52.1;41.4;39.6,31.48,0.11,0.0,3.73,15.031,0.769,5371.0,30517.0,4,16,,,,,,,,,,,,,,,,,,,,,,,,,,,,,,,,,,,,,,,,,,,,,,,,,,,,,,,,,,,,,
45,2,,,,,,,96,89,69,14,230.9,2730,10801,37,0,30.9,24.4;14.5;26.3;30.2;18.8;18.8;93.3;93.6;57.7;65.4;96.9;94.7;13.7;12.0;4.3;6.2;11.1;10.8;4.1;3.9;11.1;11.1;8.4;10.3,31.4,0.11,0.0,5.59,15.022,0.76,29052.0,10742.0,4,16,,,,,,,,,,,,,,,,,,,,,,,,,,,,,,,,,,,,,,,,,,,,,,,,,,,,,,,,,,,,,
45,3,,,,,,,100,75,68,16,233.2,2730,10801,37,0,22.2,14.3;2.2;14.2;15.1;6.3;4.1;85.8;92.9;40.7;60.2;91.7;94.4;1.7;1.0;0.7;1.0;1.0;0.7;0.2;0.2;1.5;1.2;0.0;2.0,31.38,0.11,0.0,4.46,15.022,0.76,15673.0,20117.0,4,16,,,,,,,,,,,,,,,,,,,,,,,,,,,,,,,,,,,,,,,,,,,,,,,,,,,,,,,,,,,,,
45,4,,,,,,,100,98,66,18,232.8,2730,10801,37,0,22.4,15.9;3.2;14.7;15.2;7.1;6.6;81.8;82.6;48.2;55.3;93.9;95.8;2.5;2.2;1.2;1.0;1.7;0.7;1.0;0.5;1.5;1.0;0.7;2.4,31.36,0.11,0.0,2.77,15.022,0.76,30810.0,16748.0,4,16,,,,,,,,,,,,,,,,,,,,,,,,,,,,,,,,,,,,,,,,,,,,,,,,,,,,,,,,,,,,,
45,5,,,,,,,98,91,67,14,231.8,2730,10801,37,0,22.0,15.1;2.6;19.4;15.3;7.7;4.8;86.6;93.0;37.1;58.3;86.3;88.2;1.4;1.9;0.7;0.7;2.1;0.7;1.0;1.0;1.2;0.5;1.2;2.9,31.33,0.11,0.0,2.7,15.022,0.76,17138.0,28759.0,4,16,,,,,,,,,,,,,,,,,,,,,,,,,,,,,,,,,,,,,,,,,,,,,,,,,,,,,,,,,,,,,
45,6,,,,,,,100,76,68,17,235.8,2730,10801,37,0,13.6,14.2;2.2;5.0;7.2;1.7;3.2;66.7;53.7;28.8;17.5;73.2;47.9;0.2;1.2;0.2;0.0;0.7;1.0;0.0;0.0;0.2;0.2;0.0;0.0,31.31,0.11,0.0,2.23,15.022,0.76,5517.0,21972.0,4,16,,,,,,,,,,,,,,,,,,,,,,,,,,,,,,,,,,,,,,,,,,,,,,,,,,,,,,,,,,,,,
45,7,,,,,,,97,89,67,16,233.8,2730,10801,37,0,6.8,13.1;0.3;1.9;1.9;0.8;1.9;52.1;28.3;3.9;4.4;19.2;29.1;0.6;0.8;0.0;0.3;0.0;0.0;1.6;0.6;0.8;0.0;0.0;0.6,31.31,0.11,0.0,1.49,15.022,0.76,634.0,7763.0,4,16,,,,,,,,,,,,,,,,,,,,,,,,,,,,,,,,,,,,,,,,,,,,,,,,,,,,,,,,,,,,,
45,summary,0.30051714106734656,0.9937270902173636,0.2852880744404263,0.9988888888888889,0.00089345,39.8,,,,,,,,,,,,,,,,,,,,,,0,84.43,100,0,74.0,98,58,66.14,69,14,17.29,26,58.4,208.1,235.8,2567.1,9972.4,37.0,0,6.8,26.2,65.5,31.31,31.37,31.48,63.16,0.11,0.11,0.11,16.0,0.0,0.0,0.0,1.49,3.28,5.59,10.951,14.262,15.022,15.02,15.031,15.992,0.76,0.76,0.769,634.0,14885.0,30810.0,7763.0,19516.86,30517.0,4,4.0,4,16,16.0,16,4,16,31.69,7.27
46,1,,,,,,,0,0,58,24,56.0,1440,10801,37,0,65.2,73.2;71.6;84.5;83.7;87.9;87.2;98.6;92.2;88.7;91.5;96.5;93.6;57.7;56.7;26.1;27.7;48.2;53.9;32.6;27.0;58.2;48.9;36.9;41.8,31.46,0.11,0.0,7.43,15.031,0.769,27929.0,8251.0,4,16,,,,,,,,,,,,,,,,,,,,,,,,,,,,,,,,,,,,,,,,,,,,,,,,,,,,,,,,,,,,,
46,2,,,,,,,98,76,69,17,233.9,2730,10801,37,0,31.5,23.7;14.6;32.9;32.8;21.7;21.1;90.8;91.0;62.5;64.0;94.9;95.4;12.7;12.4;5.8;4.4;13.1;12.2;3.7;3.7;12.3;13.1;7.1;9.7,31.42,0.11,0.0,4.39,15.022,0.76,5712.0,35498.0,4,16,,,,,,,,,,,,,,,,,,,,,,,,,,,,,,,,,,,,,,,,,,,,,,,,,,,,,,,,,,,,,
46,3,,,,,,,100,71,68,18,235.2,2730,10801,37,0,22.5,14.1;3.4;17.3;15.8;7.4;7.0;88.3;83.7;46.3;60.3;96.4;93.6;1.9;0.7;0.2;0.2;0.7;0.7;0.0;0.2;1.0;0.5;0.0;0.0,31.4,0.11,0.0,4.42,15.025,0.763,11816.0,18847.0,4,16,,,,,,,,,,,,,,,,,,,,,,,,,,,,,,,,,,,,,,,,,,,,,,,,,,,,,,,,,,,,,
46,4,,,,,,,100,99,67,17,232.6,2730,10801,37,0,22.3,13.9;2.7;13.5;15.2;6.1;6.6;93.6;90.9;43.0;55.8;91.4;94.1;1.2;2.2;0.2;0.0;0.7;1.0;0.2;0.0;1.0;1.0;0.7;1.0,31.36,0.11,0.0,3.37,15.022,0.76,8300.0,128076.0,4,16,,,,,,,,,,,,,,,,,,,,,,,,,,,,,,,,,,,,,,,,,,,,,,,,,,,,,,,,,,,,,
46,5,,,,,,,100,77,68,15,233.6,2730,10801,37,0,22.0,12.8;2.5;20.1;11.2;6.1;3.9;93.1;88.5;55.7;44.7;89.7;91.7;0.7;1.2;0.5;0.5;0.2;1.2;1.0;1.2;0.5;0.2;0.5;0.2,31.36,0.11,0.0,2.17,15.022,0.76,5908.0,37500.0,4,16,,,,,,,,,,,,,,,,,,,,,,,,,,,,,,,,,,,,,,,,,,,,,,,,,,,,,,,,,,,,,
46,6,,,,,,,100,97,67,16,233.3,2730,10801,37,0,14.0,16.1;2.0;8.1;11.0;2.5;2.5;83.6;51.5;18.7;28.5;45.8;53.7;1.0;1.7;0.7;0.2;2.0;1.0;0.5;0.7;2.0;0.7;1.0;1.0,31.33,0.11,0.0,2.26,15.022,0.76,7421.0,16455.0,4,16,,,,,,,,,,,,,,,,,,,,,,,,,,,,,,,,,,,,,,,,,,,,,,,,,,,,,,,,,,,,,
46,7,,,,,,,97,91,69,16,235.7,2730,10801,37,0,6.7,15.3;0.8;0.8;2.5;0.8;0.5;16.7;37.0;3.3;4.7;29.3;44.1;0.0;1.1;0.0;0.0;0.3;0.0;0.0;0.0;0.8;1.1;0.0;0.6,31.33,0.11,0.0,1.45,15.022,0.76,2880.0,0.0,4,16,,,,,,,,,,,,,,,,,,,,,,,,,,,,,,,,,,,,,,,,,,,,,,,,,,,,,,,,,,,,,
46,summary,0.30055754549996766,0.9937757174249809,0.28553392871220906,0.9988888888888889,0.00088847,39.8,,,,,,,,,,,,,,,,,,,,,,0,85.0,100,0,73.0,99,58,66.57,69,15,17.57,24,56.0,208.61,235.7,2545.7,10801.0,37.0,0,6.7,26.31,65.2,31.33,31.38,31.46,63.16,0.11,0.11,0.11,16.0,0.0,0.0,0.0,1.45,3.64,7.43,10.954,14.262,15.022,15.02,15.031,15.992,0.76,0.76,0.769,2880.0,9995.14,27929.0,0.0,34946.71,128076.0,4,4.0,4,16,16.0,16,4,16,31.48,7.49
47,1,,,,,,,0,0,58,26,54.7,1320,10801,37,0,65.2,72.6;73.8;89.6;88.2;86.3;84.0;97.9;93.8;87.6;91.0;88.9;92.4;58.2;63.7;32.9;29.5;52.1;58.2;20.4;16.4;48.3;52.7;45.2;43.5,31.51,0.11,0.04,4.79,15.031,0.769,4394.0,38964.0,4,16,,,,,,,,,,,,,,,,,,,,,,,,,,,,,,,,,,,,,,,,,,,,,,,,,,,,,,,,,,,,,
47,2,,,,,,,100,90,68,15,232.5,2730,10801,37,0,31.0,24.5;15.3;29.5;29.3;16.9;22.8;92.3;94.4;58.3;67.8;96.1;90.8;13.8;13.6;4.6;4.8;12.1;12.3;1.5;2.9;10.7;11.6;8.5;10.7,31.43,0.11,0.0,5.7,15.022,0.76,24414.0,10742.0,4,16,,,,,,,,,,,,,,,,,,,,,,,,,,,,,,,,,,,,,,,,,,,,,,,,,,,,,,,,,,,,,
47,3,,,,,,,96,86,67,17,232.9,2730,10801,37,0,22.3,13.9;2.7;13.4;14.3;4.2;5.9;87.0;89.9;50.7;52.5;94.4;95.8;1.7;1.7;0.0;0.2;1.5;0.2;0.2;0.2;2.2;1.2;0.0;0.7,31.39,0.11,0.0,3.7,15.022,0.76,28857.0,11962.0,4,16,,,,,,,,,,,,,,,,,,,,,,,,,,,,,,,,,,,,,,,,,,,,,,,,,,,,,,,,,,,,,
47,4,,,,,,,100,84,69,17,232.9,2730,10801,37,0,22.6,13.0;2.4;17.8;13.2;5.4;8.5;89.8;92.5;37.4;65.9;91.0;93.9;2.7;1.0;0.2;0.7;1.5;1.0;1.2;0.5;1.0;1.2;1.0;0.7,31.36,0.11,0.0,3.52,15.022,0.76,14062.0,13330.0,4,16,,,,,,,,,,,,,,,,,,,,,,,,,,,,,,,,,,,,,,,,,,,,,,,,,,,,,,,,,,,,,
47,5,,,,,,,100,94,68,15,232.8,2730,10801,37,0,22.2,13.2;2.9;15.5;19.9;6.3;5.8;92.7;95.9;47.4;47.0;85.4;81.9;0.7;3.2;1.2;0.7;1.2;1.2;1.2;1.2;0.7;1.0;2.4;2.4,31.35,0.11,0.01,2.7,15.022,0.76,19628.0,13867.0,4,16,,,,,,,,,,,,,,,,,,,,,,,,,,,,,,,,,,,,,,,,,,,,,,,,,,,,,,,,,,,,,
47,6,,,,,,,96,75,68,16,234.5,2730,10801,37,0,14.1,11.3;2.7;8.4;12.5;3.7;4.2;58.5;48.6;25.5;28.0;76.2;52.3;0.5;1.5;0.0;0.0;1.2;0.2;0.5;0.2;2.0;0.5;0.7;0.5,31.33,0.11,0.0,1.94,15.022,0.76,42773.0,322558.0,4,16,,,,,,,,,,,,,,,,,,,,,,,,,,,,,,,,,,,,,,,,,,,,,,,,,,,,,,,,,,,,,
47,7,,,,,,,100,98,67,18,234.0,2730,10801,37,0,6.7,16.4;0.3;1.4;1.4;0.3;0.6;25.6;37.8;3.1;4.4;34.8;32.5;0.3;0.0;0.3;0.0;0.0;0.0;0.0;0.0;0.6;0.3;0.0;0.0,31.33,0.11,0.0,1.48,15.022,0.76,1123.0,1464.0,4,16,,,,,,,,,,,,,,,,,,,,,,,,,,,,,,,,,,,,,,,,,,,,,,,,,,,,,,,,,,,,,
47,summary,0.3003984450957592,0.9939771729993956,0.28629733559820386,0.9986666666666667,0.00088339,39.7,,,,,,,,,,,,,,,,,,,,,,0,84.57,100,0,75.29,98,58,66.43,69,15,17.71,26,54.7,207.76,234.5,2528.6,10801.0,37.0,0,6.7,26.3,65.2,31.33,31.39,31.51,63.16,0.11,0.11,0.11,16.0,0.0,0.01,0.04,1.48,3.4,5.7,10.953,14.262,15.022,15.02,15.031,15.992,0.76,0.76,0.769,1123.0,19321.57,42773.0,1464.0,58983.86,322558.0,4,4.0,4,16,16.0,16,4,16,31.69,7.23
48,1,,,,,,,24,26,58,25,55.5,1365,5001,37,0,65.5,74.7;82.1;91.0;91.0;85.5;85.5;97.9;92.4;85.5;89.7;91.7;94.5;60.0;60.7;26.2;34.5;57.9;59.3;15.2;16.6;46.2;51.7;40.7;40.7,31.48,0.11,0.01,4.65,15.031,0.769,9960.0,42871.0,4,16,,,,,,,,,,,,,,,,,,,,,,,,,,,,,,,,,,,,,,,,,,,,,,,,,,,,,,,,,,,,,
48,2,,,,,,,96,90,65,17,232.3,2730,10801,37,0,30.7,20.7;15.0;36.2;33.0;18.7;18.0;85.0;90.3;58.6;66.5;95.1;97.1;12.1;11.4;4.9;4.6;10.2;12.1;3.4;5.3;10.4;10.7;6.8;10.2,31.41,0.11,0.01,5.59,15.022,0.76,9960.0,181298.0,4,16,,,,,,,,,,,,,,,,,,,,,,,,,,,,,,,,,,,,,,,,,,,,,,,,,,,,,,,,,,,,,
48,3,,,,,,,97,73,67,16,234.0,2730,10801,37,0,22.3,12.0;4.8;15.2;13.2;7.2;6.2;89.4;93.5;36.7;58.8;90.1;94.0;2.7;1.7;0.5;0.5;1.4;1.4;0.7;0.2;0.7;1.7;0.5;0.5,31.37,0.11,0.0,4.43,15.022,0.76,16064.0,11083.0,4,16,,,,,,,,,,,,,,,,,,,,,,,,,,,,,,,,,,,,,,,,,,,,,,,,,,,,,,,,,,,,,
48,4,,,,,,,100,89,68,17,232.2,2730,10801,37,0,22.5,12.8;2.2;16.9;11.1;5.3;7.0;94.2;89.6;50.5;53.7;95.4;93.7;1.7;1.2;0.5;0.5;0.5;0.7;0.2;0.2;0.7;0.0;0.5;0.5,31.36,0.11,0.01,2.93,15.022,0.76,123193.0,88134.0,4,16,,,,,,,,,,,,,,,,,,,,,,,,,,,,,,,,,,,,,,,,,,,,,,,,,,,,,,,,,,,,,
48,5,,,,,,,96,88,67,14,231.2,2730,10801,37,0,22.5,16.7;4.2;17.0;15.9;3.4;7.3;90.5;95.4;53.8;50.4;92.7;88.8;0.2;1.2;0.0;0.0;0.2;0.2;0.0;0.2;1.2;0.0;0.0;0.0,31.34,0.11,0.03,3.43,15.022,0.76,11474.0,28173.0,4,16,,,,,,,,,,,,,,,,,,,,,,,,,,,,,,,,,,,,,,,,,,,,,,,,,,,,,,,,,,,,,
48,6,,,,,,,100,75,68,17,235.3,2730,10801,37,0,14.0,9.4;1.5;11.8;9.6;2.2;4.4;82.3;44.2;21.4;30.6;61.2;50.9;1.2;0.5;0.2;0.0;0.5;1.0;0.0;0.2;1.2;0.2;0.0;0.2,31.31,0.11,0.0,2.74,15.022,0.76,19628.0,37744.0,4,16,,,,,,,,,,,,,,,,,,,,,,,,,,,,,,,,,,,,,,,,,,,,,,,,,,,,,,,,,,,,,
48,7,,,,,,,100,70,70,15,223.6,2730,10801,37,0,7.0,11.5;1.6;1.9;2.2;1.7;0.0;24.4;63.5;2.5;5.2;15.4;27.7;0.3;1.1;0.5;0.0;0.3;0.6;0.0;1.4;4.3;0.5;0.3;1.4,31.31,0.11,0.0,1.48,15.022,0.76,488.0,4785.0,4,16,,,,,,,,,,,,,,,,,,,,,,,,,,,,,,,,,,,,,,,,,,,,,,,,,,,,,,,,,,,,,
48,summary,0.2992158622732364,0.9940651650893698,0.28525475952360363,0.9988888888888889,0.00087822,39.9,,,,,,,,,,,,,,,,,,,,,,24,87.57,100,26,73.0,90,58,66.14,70,14,17.29,25,55.5,206.3,235.3,2535.0,9972.4,37.0,0,7.0,26.36,65.5,31.31,31.37,31.48,63.16,0.11,0.11,0.11,16.0,0.0,0.01,0.03,1.48,3.61,5.59,10.955,14.262,15.022,15.02,15.031,15.992,0.76,0.76,0.769,488.0,27252.43,123193.0,4785.0,56298.29,181298.0,4,4.0,4,16,16.0,16,4,16,31.55,7.54
49,1,,,,,,,52,46,58,25,60.0,1350,10801,37,0,67.0,77.9;80.7;88.5;90.0;80.0;84.9;90.6;92.9;87.8;90.0;97.1;89.9;61.7;61.4;32.6;37.1;62.1;59.3;25.0;27.9;50.0;59.3;35.7;46.8,31.5,0.11,0.0,3.95,15.031,0.769,7861.0,11865.0,4,16,,,,,,,,,,,,,,,,,,,,,,,,,,,,,,,,,,,,,,,,,,,,,,,,,,,,,,,,,,,,,
49,2,,,,,,,100,71,68,16,232.8,2730,10801,37,0,31.7,23.1;17.0;36.0;24.1;20.7;22.9;93.7;93.2;62.0;63.1;95.4;95.1;14.6;14.4;4.6;4.4;12.2;11.4;3.6;3.4;11.9;12.4;8.3;12.1,31.42,0.11,0.0,5.68,15.022,0.76,28759.0,120800.0,4,16,,,,,,,,,,,,,,,,,,,,,,,,,,,,,,,,,,,,,,,,,,,,,,,,,,,,,,,,,,,,,
49,3,,,,,,,100,98,69,16,232.7,2730,10801,37,0,22.5,14.3;3.5;20.7;13.5;4.2;4.7;83.3;92.1;50.1;52.8;94.6;95.1;1.2;2.7;0.2;0.5;0.5;0.7;0.2;0.7;1.2;1.2;0.5;0.7,31.38,0.11,0.02,4.63,15.022,0.76,26171.0,12597.0,4,16,,,,,,,,,,,,,,,,,,,,,,,,,,,,,,,,,,,,,,,,,,,,,,,,,,,,,,,,,,,,,
49,4,,,,,,,97,73,68,16,234.4,2730,10801,37,0,22.1,10.7;2.4;15.3;13.6;5.6;3.4;92.5;93.3;46.4;57.8;94.2;88.6;0.5;0.5;0.0;0.2;0.7;1.7;0.2;0.5;1.0;1.5;0.2;0.0,31.36,0.11,0.0,3.33,15.022,0.76,4687.0,24023.0,4,16,,,,,,,,,,,,,,,,,,,,,,,,,,,,,,,,,,,,,,,,,,,,,,,,,,,,,,,,,,,,,
49,5,,,,,,,97,73,67,15,219.6,2730,10801,37,0,23.2,19.2;5.1;13.3;20.9;6.5;9.2;92.5;95.5;38.6;54.6;94.2;89.7;3.6;2.7;0.0;0.7;1.9;2.2;0.7;0.5;0.7;1.2;1.0;1.2,31.4,0.11,0.0,2.14,15.042,0.78,30615.0,14013.0,4,16,,,,,,,,,,,,,,,,,,,,,,,,,,,,,,,,,,,,,,,,,,,,,,,,,,,,,,,,,,,,,
49,6,,,,,,,100,69,67,17,234.1,2730,10801,37,0,14.7,14.2;4.9;6.8;14.6;5.8;5.1;61.3;59.5;17.0;33.7;61.8;57.2;0.7;2.7;1.0;0.5;1.2;1.0;0.2;0.2;0.2;1.0;0.2;0.7,31.35,0.11,0.06,2.9,15.042,0.78,10107.0,44970.0,4,16,,,,,,,,,,,,,,,,,,,,,,,,,,,,,,,,,,,,,,,,,,,,,,,,,,,,,,,,,,,,,
49,7,,,,,,,97,90,71,16,232.6,2730,10801,37,0,6.3,14.7;0.0;0.8;0.8;0.3;0.6;23.4;18.1;2.8;2.5;29.0;54.4;0.0;0.3;0.0;0.0;0.0;0.0;0.0;0.0;1.1;0.3;0.0;0.0,31.34,0.11,0.0,1.54,15.042,0.78,48.0,1855.0,4,16,,,,,,,,,,,,,,,,,,,,,,,,,,,,,,,,,,,,,,,,,,,,,,,,,,,,,,,,,,,,,
49,summary,0.29938844596077,0.9942295713627428,0.2850504824585385,0.9992222222222222,0.00087294,39.7,,,,,,,,,,,,,,,,,,,,,,52,91.86,100,46,74.29,98,58,66.86,71,15,17.29,25,60.0,206.6,234.4,2532.9,10801.0,37.0,0,6.3,26.79,67.0,31.34,31.39,31.5,63.16,0.11,0.11,0.11,16.0,0.0,0.01,0.06,1.54,3.45,5.68,10.955,14.262,15.022,15.03,15.042,15.992,0.76,0.77,0.78,48.0,15464.0,30615.0,1855.0,32874.71,120800.0,4,4.0,4,16,16.0,16,4,16,31.71,7.16
50,1,,,,,,,0,0,58,24,72.9,1425,10801,37,0,64.4,74.0;76.6;88.8;85.3;79.0;81.8;92.3;94.4;83.9;86.0;93.7;91.6;59.7;60.4;32.6;30.3;55.2;64.6;27.2;29.2;38.9;46.5;42.2;36.3,31.49,0.11,0.07,4.88,15.051,0.789,9033.0,10253.0,4,16,,,,,,,,,,,,,,,,,,,,,,,,,,,,,,,,,,,,,,,,,,,,,,,,,,,,,,,,,,,,,
50,2,,,,,,,100,69,67,14,234.5,2730,10801,37,0,30.6,25.0;14.5;32.9;27.8;21.3;21.5;86.7;93.5;65.0;57.9;92.0;94.7;11.4;12.5;4.4;5.1;11.1;11.1;2.4;2.4;9.7;12.1;8.2;10.1,31.43,0.11,0.0,4.64,15.041,0.779,14306.0,46679.0,4,16,,,,,,,,,,,,,,,,,,,,,,,,,,,,,,,,,,,,,,,,,,,,,,,,,,,,,,,,,,,,,
50,3,,,,,,,100,66,67,17,223.4,2730,10801,37,0,21.7,15.3;1.4;15.3;13.6;4.1;1.9;88.5;85.4;49.5;51.4;91.6;95.9;1.0;1.2;0.5;0.5;0.5;0.5;0.2;0.2;1.9;1.4;0.2;0.0,31.41,0.11,0.0,4.64,15.041,0.779,9033.0,20361.0,4,16,,,,,,,,,,,,,,,,,,,,,,,,,,,,,,,,,,,,,,,,,,,,,,,,,,,,,,,,,,,,,
50,4,,,,,,,96,87,68,16,231.6,2730,10801,37,0,22.2,12.7;2.7;17.6;13.7;6.8;4.4;92.9;93.9;44.3;55.0;86.8;94.4;1.7;1.2;0.0;0.2;1.2;1.2;0.2;0.0;1.0;0.7;0.2;0.0,31.36,0.11,0.03,3.56,15.041,0.779,15283.0,12548.0,4,16,,,,,,,,,,,,,,,,,,,,,,,,,,,,,,,,,,,,,,,,,,,,,,,,,,,,,,,,,,,,,
50,5,,,,,,,100,78,68,14,233.6,2730,10801,37,0,22.2,13.2;2.2;15.5;10.7;7.4;3.7;95.1;93.9;55.2;47.8;91.9;91.4;1.2;1.2;0.2;0.2;0.2;0.5;0.0;0.0;1.2;0.2;0.0;0.5,31.35,0.11,0.0,2.72,15.041,0.779,5859.0,38183.0,4,16,,,,,,,,,,,,,,,,,,,,,,,,,,,,,,,,,,,,,,,,,,,,,,,,,,,,,,,,,,,,,
50,6,,,,,,,100,92,67,17,233.2,2730,10801,37,0,13.7,10.8;1.7;11.2;3.2;2.9;2.9;72.8;48.2;17.6;28.2;51.5;70.3;1.0;1.5;0.2;0.0;1.0;1.0;0.0;0.0;2.4;1.0;0.2;0.0,31.32,0.11,0.01,1.99,15.041,0.779,18310.0,13818.0,4,16,,,,,,,,,,,,,,,,,,,,,,,,,,,,,,,,,,,,,,,,,,,,,,,,,,,,,,,,,,,,,
50,7,,,,,,,100,78,69,16,234.8,2730,10801,37,0,6.3,14.4;0.3;1.4;0.8;0.6;0.3;20.9;54.4;1.4;2.8;17.4;34.7;0.0;0.0;0.0;0.0;0.0;0.0;0.0;0.3;0.0;0.0;0.0;1.1,31.32,0.11,0.0,1.47,15.041,0.779,390.0,1367.0,4,16,,,,,,,,,,,,,,,,,,,,,,,,,,,,,,,,,,,,,,,,,,,,,,,,,,,,,,,,,,,,,
50,summary,0.2988947537694363,0.9943221946153472,0.2848718879752689,0.999,0.00086757,39.8,,,,,,,,,,,,,,,,,,,,,,0,85.14,100,0,67.14,92,58,66.29,69,14,16.86,24,72.9,209.14,234.8,2543.6,10801.0,37.0,0,6.3,25.87,64.4,31.32,31.38,31.49,63.16,0.11,0.11,0.11,16.0,0.0,0.02,0.07,1.47,3.41,4.88,10.952,14.262,15.041,15.04,15.051,15.992,0.779,0.78,0.789,390.0,10316.29,18310.0,1367.0,20458.43,46679.0,4,4.0,4,16,16.0,16,4,16,31.6,7.41
51,1,,,,,,,0,0,58,26,73.0,1425,10801,37,0,65.4,83.7;85.3;90.9;93.1;86.7;86.0;98.6;93.0;90.2;87.4;88.8;95.8;55.9;54.5;28.7;28.5;58.7;55.9;13.3;14.7;50.0;49.0;37.8;42.4,31.48,0.11,0.0,4.64,15.051,0.789,24365.0,11376.0,4,16,,,,,,,,,,,,,,,,,,,,,,,,,,,,,,,,,,,,,,,,,,,,,,,,,,,,,,,,,,,,,
51,2,,,,,,,100,67,68,18,234.2,2730,10801,37,0,31.4,24.3;13.4;31.0;28.5;20.8;19.1;95.5;96.7;52.1;72.7;95.5;94.5;12.5;11.7;4.8;6.0;12.2;12.2;3.6;5.8;12.1;11.5;7.7;9.8,31.42,0.11,0.0,5.63,15.041,0.779,6347.0,43261.0,4,16,,,,,,,,,,,,,,,,,,,,,,,,,,,,,,,,,,,,,,,,,,,,,,,,,,,,,,,,,,,,,
51,3,,,,,,,100,89,66,16,232.6,2730,10801,37,0,23.2,12.6;3.2;22.5;11.0;5.9;4.7;92.2;96.3;42.9;56.3;95.8;92.4;2.9;2.7;0.7;1.0;2.0;1.2;1.7;1.0;2.7;2.0;1.7;2.0,31.38,0.11,0.0,4.44,15.041,0.779,9716.0,11230.0,4,16,,,,,,,,,,,,,,,,,,,,,,,,,,,,,,,,,,,,,,,,,,,,,,,,,,,,,,,,,,,,,
51,4,,,,,,,96,89,71,16,232.6,2730,10801,37,0,22.2,11.2;1.5;20.0;10.0;5.6;3.7;93.5;93.6;50.2;52.5;85.5;93.6;2.7;1.7;0.5;0.2;2.0;0.5;0.0;0.2;1.2;0.5;0.7;0.0,31.35,0.11,0.0,2.73,15.041,0.779,4736.0,54150.0,4,16,,,,,,,,,,,,,,,,,,,,,,,,,,,,,,,,,,,,,,,,,,,,,,,,,,,,,,,,,,,,,
51,5,,,,,,,100,75,67,19,233.3,2730,10801,37,0,21.6,16.4;2.4;14.9;15.8;3.6;3.4;90.4;91.3;42.7;55.7;88.4;88.7;1.2;1.0;0.5;0.7;0.5;0.0;0.0;0.2;0.5;0.2;0.0;0.0,31.35,0.11,0.0,2.72,15.041,0.779,24511.0,19384.0,4,16,,,,,,,,,,,,,,,,,,,,,,,,,,,,,,,,,,,,,,,,,,,,,,,,,,,,,,,,,,,,,
51,6,,,,,,,100,86,66,16,233.9,2730,10801,37,0,13.1,11.7;2.2;10.1;5.7;2.7;2.0;47.2;52.0;16.0;31.9;67.9;60.5;2.0;0.2;0.5;0.0;0.2;0.2;0.2;0.2;0.2;0.2;0.2;1.0,31.33,0.11,0.0,2.26,15.041,0.779,17724.0,26367.0,4,16,,,,,,,,,,,,,,,,,,,,,,,,,,,,,,,,,,,,,,,,,,,,,,,,,,,,,,,,,,,,,
51,7,,,,,,,97,72,69,16,235.1,2730,10801,37,0,6.6,13.1;0.3;1.1;1.7;0.6;1.1;22.4;30.7;3.3;3.3;31.8;44.5;0.6;0.8;0.0;0.0;0.0;0.3;0.0;0.0;0.6;0.0;0.8;0.0,31.33,0.11,0.0,1.47,15.041,0.779,1464.0,1416.0,4,16,,,,,,,,,,,,,,,,,,,,,,,,,,,,,,,,,,,,,,,,,,,,,,,,,,,,,,,,,,,,,
51,summary,0.2987433921918232,0.9944449204250481,0.2844748428132799,0.999,0.00086211,39.8,,,,,,,,,,,,,,,,,,,,,,0,84.71,100,0,68.29,89,58,66.43,71,16,18.14,26,73.0,210.67,235.1,2543.6,10801.0,37.0,0,6.6,26.21,65.4,31.33,31.38,31.48,63.16,0.11,0.11,0.11,16.0,0.0,0.0,0.0,1.47,3.41,5.63,10.953,14.262,15.041,15.04,15.051,15.992,0.779,0.78,0.789,1464.0,12694.71,24511.0,1416.0,23883.43,54150.0,4,4.0,4,16,16.0,16,4,16,31.65,7.33
52,1,,,,,,,0,0,58,26,73.7,1440,10801,37,0,64.6,80.0;76.9;86.1;85.3;83.2;83.3;92.3;92.4;81.8;86.0;95.2;90.9;58.0;64.3;30.1;25.7;53.1;59.0;21.3;21.0;51.0;51.0;37.8;45.5,31.51,0.11,0.0,4.66,15.051,0.789,7324.0,18408.0,4,16,,,,,,,,,,,,,,,,,,,,,,,,,,,,,,,,,,,,,,,,,,,,,,,,,,,,,,,,,,,,,
52,2,,,,,,,100,77,67,17,233.3,2730,10801,37,0,31.7,25.9;15.0;34.1;29.7;18.8;20.3;94.9;95.7;58.7;70.5;97.6;93.5;12.6;13.1;4.8;6.1;11.4;11.9;3.6;2.9;10.1;10.4;9.4;9.7,31.44,0.11,0.0,6.71,15.041,0.779,15185.0,29736.0,4,16,,,,,,,,,,,,,,,,,,,,,,,,,,,,,,,,,,,,,,,,,,,,,,,,,,,,,,,,,,,,,
52,3,,,,,,,96,91,70,17,232.0,2730,10801,37,0,22.3,15.2;2.5;22.1;12.7;7.3;4.4;91.2;90.0;50.5;50.1;93.1;87.5;1.5;2.0;0.5;0.2;0.2;1.2;0.7;0.0;0.5;0.5;1.0;0.2,31.4,0.11,0.0,5.05,15.041,0.779,8056.0,12500.0,4,16,,,,,,,,,,,,,,,,,,,,,,,,,,,,,,,,,,,,,,,,,,,,,,,,,,,,,,,,,,,,,
52,4,,,,,,,96,86,70,13,232.6,2730,10801,37,0,21.7,13.0;0.5;14.9;9.8;5.6;4.1;88.7;93.3;51.7;54.3;88.4;89.4;1.7;1.2;0.0;0.0;0.7;1.0;0.0;0.5;1.0;0.7;0.0;1.0,31.36,0.11,0.0,3.93,15.041,0.779,16845.0,31494.0,4,16,,,,,,,,,,,,,,,,,,,,,,,,,,,,,,,,,,,,,,,,,,,,,,,,,,,,,,,,,,,,,
52,5,,,,,,,100,81,67,17,233.4,2730,10801,37,0,22.8,15.3;2.9;14.1;17.7;7.1;5.6;96.4;93.2;63.7;40.4;91.7;89.0;2.4;1.7;0.2;0.0;0.7;0.5;0.0;0.0;1.0;0.7;0.5;0.5,31.36,0.11,0.0,2.56,15.041,0.779,56738.0,42138.0,4,16,,,,,,,,,,,,,,,,,,,,,,,,,,,,,,,,,,,,,,,,,,,,,,,,,,,,,,,,,,,,,
52,6,,,,,,,96,89,71,16,232.4,2730,10801,37,0,14.1,13.3;2.0;8.2;10.1;5.2;1.2;63.1;45.6;18.8;32.7;63.6;69.6;0.7;0.2;0.0;0.0;0.7;1.2;0.0;0.0;1.2;0.5;0.0;0.0,31.34,0.11,0.01,2.53,15.041,0.779,6347.0,33251.0,4,16,,,,,,,,,,,,,,,,,,,,,,,,,,,,,,,,,,,,,,,,,,,,,,,,,,,,,,,,,,,,,
52,7,,,,,,,100,87,66,17,232.4,2730,10801,37,0,6.7,12.1;0.6;2.2;3.0;1.1;0.8;44.7;19.4;4.7;4.7;16.3;46.4;0.6;0.3;0.0;0.0;0.6;0.0;0.0;0.3;1.4;0.6;0.0;0.6,31.33,0.11,0.0,1.81,15.041,0.779,1416.0,6445.0,4,16,,,,,,,,,,,,,,,,,,,,,,,,,,,,,,,,,,,,,,,,,,,,,,,,,,,,,,,,,,,,,
52,summary,0.29820281061910586,0.9945699618160642,0.28542058520846897,0.999,0.00085656,39.7,,,,,,,,,,,,,,,,,,,,,,0,84.0,100,0,73.0,91,58,67.0,71,13,17.57,26,73.7,209.97,233.4,2545.7,10801.0,37.0,0,6.7,26.27,64.6,31.33,31.39,31.51,63.16,0.11,0.11,0.11,16.0,0.0,0.0,0.01,1.81,3.89,6.71,10.953,14.262,15.041,15.04,15.051,15.992,0.779,0.78,0.789,1416.0,15987.29,56738.0,6445.0,24853.14,42138.0,4,4.0,4,16,16.0,16,4,16,31.81,7.05
53,1,,,,,,,0,0,58,26,60.4,1515,10801,37,0,65.7,85.5;83.2;93.0;91.6;80.4;85.4;87.4;93.0;91.0;88.8;93.0;98.6;46.9;56.2;27.5;32.9;51.7;58.7;21.8;23.8;52.4;53.1;37.3;40.6,31.48,0.11,0.0,4.59,15.051,0.789,5712.0,32910.0,4,16,,,,,,,,,,,,,,,,,,,,,,,,,,,,,,,,,,,,,,,,,,,,,,,,,,,,,,,,,,,,,
53,2,,,,,,,100,92,67,17,232.9,2730,10801,37,0,30.6,29.9;13.7;32.6;23.8;19.3;16.8;92.0;95.3;56.4;64.2;96.0;95.0;12.3;11.8;3.1;3.1;11.3;11.8;3.5;2.1;12.2;9.9;6.6;10.8,31.42,0.11,0.0,4.5,15.041,0.779,54052.0,97.0,4,16,,,,,,,,,,,,,,,,,,,,,,,,,,,,,,,,,,,,,,,,,,,,,,,,,,,,,,,,,,,,,
53,3,,,,,,,97,88,67,16,230.8,2730,10801,37,0,22.2,15.0;2.2;15.7;11.5;6.4;3.9;91.7;91.9;56.4;42.2;93.4;88.7;2.9;2.5;0.0;0.0;2.0;0.7;0.0;0.0;1.5;2.5;0.2;0.7,31.36,0.11,0.0,4.43,15.041,0.779,16845.0,11962.0,4,16,,,,,,,,,,,,,,,,,,,,,,,,,,,,,,,,,,,,,,,,,,,,,,,,,,,,,,,,,,,,,
53,4,,,,,,,100,69,67,17,232.3,2730,10801,37,0,22.6,14.5;2.0;16.6;17.8;3.7;6.4;87.4;90.2;47.1;61.7;93.9;93.4;2.0;1.5;0.0;0.2;0.5;1.0;0.7;0.2;0.7;1.0;0.2;0.2,31.35,0.11,0.0,3.52,15.041,0.779,5224.0,18017.0,4,16,,,,,,,,,,,,,,,,,,,,,,,,,,,,,,,,,,,,,,,,,,,,,,,,,,,,,,,,,,,,,
53,5,,,,,,,98,91,67,16,234.7,2730,10801,37,0,22.5,14.3;2.0;15.6;11.2;5.9;4.6;89.5;94.9;47.8;55.2;96.6;93.4;1.2;2.0;1.0;0.2;1.0;0.7;0.5;0.0;0.7;0.7;0.5;0.7,31.35,0.11,0.0,2.27,15.041,0.779,27197.0,12402.0,4,16,,,,,,,,,,,,,,,,,,,,,,,,,,,,,,,,,,,,,,,,,,,,,,,,,,,,,,,,,,,,,
53,6,,,,,,,100,69,69,16,235.9,2730,10801,37,0,13.9,12.8;1.9;6.5;11.6;4.6;3.6;53.6;64.3;18.8;25.9;62.2;59.8;2.4;0.7;0.2;0.2;1.4;0.5;0.0;0.2;0.5;0.5;0.7;0.0,31.33,0.11,0.01,2.44,15.041,0.779,39208.0,234179.0,4,16,,,,,,,,,,,,,,,,,,,,,,,,,,,,,,,,,,,,,,,,,,,,,,,,,,,,,,,,,,,,,
53,7,,,,,,,96,87,67,14,232.3,2730,10801,37,0,7.4,13.2;2.5;3.1;2.2;2.2;1.4;37.6;17.0;5.0;4.4;24.5;52.4;1.9;0.6;1.1;0.3;0.6;0.6;0.3;0.6;0.8;1.1;1.7;2.2,31.33,0.11,0.0,1.52,15.041,0.779,292.0,15234.0,4,16,,,,,,,,,,,,,,,,,,,,,,,,,,,,,,,,,,,,,,,,,,,,,,,,,,,,,,,,,,,,,
53,summary,0.2982318548483295,0.9945931176292152,0.28478670541445417,0.9991111111111111,0.00085091,39.9,,,,,,,,,,,,,,,,,,,,,,0,84.43,100,0,70.86,92,58,66.0,69,14,17.43,26,60.4,208.47,235.9,2556.4,10801.0,37.0,0,7.4,26.41,65.7,31.33,31.37,31.48,63.16,0.11,0.11,0.11,16.0,0.0,0.0,0.01,1.52,3.32,4.59,10.953,14.262,15.041,15.04,15.051,15.992,0.779,0.78,0.789,292.0,21218.57,54052.0,97.0,46400.14,234179.0,4,4.0,4,16,16.0,16,4,16,31.57,7.49
54,1,,,,,,,0,0,58,26,59.1,1500,10801,37,0,65.2,80.1;81.6;89.4;90.1;80.3;82.3;87.3;94.3;85.1;89.3;91.4;97.2;55.3;61.7;33.3;26.1;58.2;61.0;24.8;24.5;47.5;47.5;34.8;43.3,31.48,0.11,0.0,4.81,15.051,0.789,12451.0,14550.0,4,16,,,,,,,,,,,,,,,,,,,,,,,,,,,,,,,,,,,,,,,,,,,,,,,,,,,,,,,,,,,,,
54,2,,,,,,,100,76,68,16,233.5,2730,10801,37,0,31.8,24.9;17.6;36.6;26.7;22.2;22.0;93.4;92.4;60.2;67.6;93.7;95.4;13.4;13.4;4.6;4.6;12.4;13.7;2.9;2.7;13.4;12.7;7.8;9.5,31.41,0.11,0.0,5.64,15.041,0.779,11376.0,15722.0,4,16,,,,,,,,,,,,,,,,,,,,,,,,,,,,,,,,,,,,,,,,,,,,,,,,,,,,,,,,,,,,,
54,3,,,,,,,96,91,66,17,231.6,2730,10801,37,0,22.4,15.8;2.2;17.1;15.1;4.9;3.9;89.3;88.0;57.3;45.7;95.9;92.2;1.5;0.2;0.7;0.0;0.5;0.7;0.2;0.2;1.2;0.7;0.7;1.7,31.39,0.11,0.0,3.66,15.041,0.779,8300.0,22900.0,4,16,,,,,,,,,,,,,,,,,,,,,,,,,,,,,,,,,,,,,,,,,,,,,,,,,,,,,,,,,,,,,
54,4,,,,,,,96,90,67,16,232.3,2730,10801,37,0,21.6,15.0;2.4;15.4;11.5;6.0;3.6;90.4;88.7;36.5;57.0;94.0;95.7;1.2;0.5;0.0;0.0;0.5;0.2;0.0;0.2;0.2;0.5;0.0;0.0,31.37,0.11,0.02,3.52,15.041,0.779,49267.0,152294.0,4,16,,,,,,,,,,,,,,,,,,,,,,,,,,,,,,,,,,,,,,,,,,,,,,,,,,,,,,,,,,,,,
54,5,,,,,,,100,77,69,14,233.4,2730,10801,37,0,22.3,16.1;1.7;15.6;15.1;4.1;3.4;88.4;94.9;53.6;49.1;90.0;95.1;1.2;1.0;0.7;0.2;1.9;1.0;0.2;0.5;0.7;0.5;0.5;0.2,31.31,0.11,0.0,2.78,15.041,0.779,30761.0,11328.0,4,16,,,,,,,,,,,,,,,,,,,,,,,,,,,,,,,,,,,,,,,,,,,,,,,,,,,,,,,,,,,,,
54,6,,,,,,,96,91,66,16,231.7,2730,10801,37,0,13.9,12.4;1.7;8.6;8.8;3.7;3.0;59.2;52.2;23.3;22.9;56.9;72.2;1.2;1.0;0.5;0.5;1.2;1.0;0.0;0.2;1.5;1.2;0.0;0.5,31.29,0.11,0.0,1.95,15.041,0.779,6298.0,18701.0,4,16,,,,,,,,,,,,,,,,,,,,,,,,,,,,,,,,,,,,,,,,,,,,,,,,,,,,,,,,,,,,,
54,7,,,,,,,100,81,70,18,233.8,2730,10801,37,0,6.5,13.1;0.0;3.1;0.8;0.3;0.6;32.2;52.1;4.5;2.5;25.1;19.8;0.3;0.0;0.0;0.0;0.0;0.3;0.3;0.0;0.6;0.0;0.0;0.8,31.29,0.11,0.02,1.8,15.041,0.779,0.0,1708.0,4,16,,,,,,,,,,,,,,,,,,,,,,,,,,,,,,,,,,,,,,,,,,,,,,,,,,,,,,,,,,,,,
54,summary,0.297301985793575,0.9948848808749192,0.28510901594161986,0.9988888888888889,0.00084517,39.7,,,,,,,,,,,,,,,,,,,,,,0,84.0,100,0,72.29,91,58,66.29,70,14,17.57,26,59.1,207.91,233.8,2554.3,10801.0,37.0,0,6.5,26.24,65.2,31.29,31.36,31.48,63.16,0.11,0.11,0.11,16.0,0.0,0.01,0.02,1.8,3.45,5.64,10.953,14.262,15.041,15.04,15.051,15.992,0.779,0.78,0.789,0.0,16921.86,49267.0,1708.0,33886.14,152294.0,4,4.0,4,16,16.0,16,4,16,31.66,7.21
55,1,,,,,,,0,0,58,26,54.7,1320,5001,37,0,66.0,76.9;76.7;89.7;89.7;70.3;74.5;91.0;97.2;82.8;84.9;95.2;94.5;59.6;57.9;31.0;32.9;57.2;58.9;26.9;29.7;57.2;52.4;48.6;48.3,31.44,0.11,0.0,3.92,15.051,0.789,7373.0,9863.0,4,16,,,,,,,,,,,,,,,,,,,,,,,,,,,,,,,,,,,,,,,,,,,,,,,,,,,,,,,,,,,,,
55,2,,,,,,,100,76,67,17,234.3,2730,10801,37,0,31.6,26.7;12.3;34.7;26.0;19.5;17.4;91.3;95.3;49.6;72.6;93.2;97.4;9.9;11.6;7.8;7.8;12.5;11.5;6.4;7.3;12.5;13.4;12.2;10.6,31.36,0.11,0.0,5.49,15.041,0.779,9033.0,34716.0,4,16,,,,,,,,,,,,,,,,,,,,,,,,,,,,,,,,,,,,,,,,,,,,,,,,,,,,,,,,,,,,,
55,3,,,,,,,100,97,68,17,232.6,2730,10801,37,0,21.8,14.3;2.2;15.4;11.5;4.7;3.2;95.6;93.1;38.7;56.5;91.7;92.4;0.7;0.7;0.5;0.0;0.7;0.7;0.0;0.2;0.0;0.5;0.2;0.0,31.34,0.11,0.0,4.45,15.041,0.779,22607.0,41650.0,4,16,,,,,,,,,,,,,,,,,,,,,,,,,,,,,,,,,,,,,,,,,,,,,,,,,,,,,,,,,,,,,
55,4,,,,,,,98,75,67,16,234.6,2730,10801,37,0,21.9,11.0;1.7;15.4;13.0;8.0;1.7;92.4;90.7;49.5;51.6;93.9;88.8;1.7;2.2;0.0;0.0;0.2;0.5;0.2;0.2;0.7;0.5;0.0;0.2,31.31,0.11,0.0,2.79,15.041,0.779,34228.0,20458.0,4,16,,,,,,,,,,,,,,,,,,,,,,,,,,,,,,,,,,,,,,,,,,,,,,,,,,,,,,,,,,,,,
55,5,,,,,,,100,90,68,15,232.6,2730,10801,37,0,21.6,9.9;1.0;18.6;12.0;4.9;3.7;86.8;94.6;46.6;54.9;87.8;93.7;1.0;0.7;0.5;0.5;0.5;0.5;0.2;0.0;0.5;0.5;0.2;0.0,31.29,0.11,0.0,2.71,15.041,0.779,5322.0,24169.0,4,16,,,,,,,,,,,,,,,,,,,,,,,,,,,,,,,,,,,,,,,,,,,,,,,,,,,,,,,,,,,,,
55,6,,,,,,,100,98,67,16,232.8,2730,10801,37,0,13.7,11.8;1.9;8.1;8.4;2.9;3.3;45.1;84.5;19.3;29.4;51.2;56.8;1.4;1.2;0.0;0.2;0.2;0.2;0.0;0.2;0.5;0.2;0.0;1.0,31.29,0.11,0.02,2.44,15.041,0.779,4687.0,31591.0,4,16,,,,,,,,,,,,,,,,,,,,,,,,,,,,,,,,,,,,,,,,,,,,,,,,,,,,,,,,,,,,,
55,7,,,,,,,97,77,67,17,234.1,2730,10801,37,0,6.3,8.7;0.6;1.7;0.8;1.1;0.6;29.3;19.1;2.5;3.7;50.1;30.1;0.3;0.0;0.0;0.0;0.3;0.3;0.0;0.3;0.8;0.0;0.0;0.8,31.27,0.11,0.0,1.46,15.041,0.779,1611.0,1806.0,4,16,,,,,,,,,,,,,,,,,,,,,,,,,,,,,,,,,,,,,,,,,,,,,,,,,,,,,,,,,,,,,
55,summary,0.29766924449183735,0.9946880564631347,0.2849282349745432,0.9988888888888889,0.00083935,39.9,,,,,,,,,,,,,,,,,,,,,,0,85.0,100,0,73.29,98,58,66.0,68,15,17.71,26,54.7,207.96,234.6,2528.6,9972.4,37.0,0,6.3,26.13,66.0,31.27,31.33,31.44,63.16,0.11,0.11,0.11,16.0,0.0,0.0,0.02,1.46,3.32,5.49,10.953,14.262,15.041,15.04,15.051,15.992,0.779,0.78,0.789,1611.0,12123.0,34228.0,1806.0,23464.71,41650.0,4,4.0,4,16,16.0,16,4,16,31.58,7.55
56,1,,,,,,,0,0,58,26,54.9,1410,10801,37,0,65.7,80.6;82.5;85.2;86.6;86.1;86.6;92.3;96.5;87.3;86.6;90.8;93.0;63.6;67.8;30.8;29.7;55.2;53.8;18.2;18.2;53.8;53.1;39.2;43.4,31.43,0.11,0.0,5.61,15.051,0.789,3710.0,15673.0,4,16,,,,,,,,,,,,,,,,,,,,,,,,,,,,,,,,,,,,,,,,,,,,,,,,,,,,,,,,,,,,,
56,2,,,,,,,100,83,69,18,232.6,2730,10801,37,0,31.2,23.3;14.6;41.0;31.7;20.3;20.6;90.3;92.0;64.6;65.9;95.2;94.4;12.8;13.3;2.2;1.7;12.6;11.9;1.5;1.0;9.5;11.4;6.8;10.7,31.37,0.11,0.13,5.37,15.041,0.779,5859.0,27783.0,4,16,,,,,,,,,,,,,,,,,,,,,,,,,,,,,,,,,,,,,,,,,,,,,,,,,,,,,,,,,,,,,
56,3,,,,,,,96,90,66,16,232.0,2730,10801,37,0,22.6,13.9;2.7;14.3;15.5;8.0;4.4;93.0;95.6;44.4;52.9;89.1;94.4;1.7;1.9;1.0;0.2;1.5;1.2;0.7;0.2;1.9;0.5;1.0;1.2,31.33,0.11,0.03,5.08,15.041,0.779,24218.0,17285.0,4,16,,,,,,,,,,,,,,,,,,,,,,,,,,,,,,,,,,,,,,,,,,,,,,,,,,,,,,,,,,,,,
56,4,,,,,,,96,78,69,17,233.6,2730,10801,37,0,22.3,15.4;2.4;15.2;12.1;5.8;6.7;90.6;93.2;46.2;48.0;94.0;91.3;3.6;2.7;0.7;0.5;1.0;0.7;1.0;0.5;1.0;1.0;0.2;1.0,31.31,0.11,0.0,3.53,15.041,0.779,15966.0,44580.0,4,16,,,,,,,,,,,,,,,,,,,,,,,,,,,,,,,,,,,,,,,,,,,,,,,,,,,,,,,,,,,,,
56,5,,,,,,,100,84,67,17,232.8,2730,10801,37,0,21.5,11.9;1.0;12.0;15.2;3.7;2.5;97.1;85.8;49.1;50.6;94.1;92.1;0.2;0.2;0.0;0.0;0.0;0.5;0.2;0.2;0.7;0.2;0.0;0.0,31.29,0.11,0.0,2.23,15.041,0.779,5419.0,40478.0,4,16,,,,,,,,,,,,,,,,,,,,,,,,,,,,,,,,,,,,,,,,,,,,,,,,,,,,,,,,,,,,,
56,6,,,,,,,97,89,71,17,232.7,2730,10801,37,0,14.0,13.0;0.5;6.2;9.1;3.2;3.0;50.9;61.8;25.2;27.1;62.7;67.6;0.5;0.5;0.5;0.0;0.5;0.7;0.5;0.0;1.2;1.5;0.0;0.5,31.27,0.11,0.0,2.28,15.041,0.779,6933.0,28662.0,4,16,,,,,,,,,,,,,,,,,,,,,,,,,,,,,,,,,,,,,,,,,,,,,,,,,,,,,,,,,,,,,
56,7,,,,,,,100,89,66,16,233.5,2730,10801,37,0,7.7,12.4;2.2;3.9;2.8;2.5;2.2;45.1;25.0;9.5;7.5;29.7;32.0;1.7;0.6;1.1;1.1;0.6;0.6;0.3;0.3;1.1;0.6;1.1;1.1,31.25,0.11,0.0,1.51,15.041,0.779,292.0,439.0,4,16,,,,,,,,,,,,,,,,,,,,,,,,,,,,,,,,,,,,,,,,,,,,,,,,,,,,,,,,,,,,,
56,summary,0.2971474304541827,0.9949381392451668,0.2848527384863959,0.9992222222222222,0.00083344,39.7,,,,,,,,,,,,,,,,,,,,,,0,84.14,100,0,73.29,90,58,66.57,71,16,18.14,26,54.9,207.44,233.6,2541.4,10801.0,37.0,0,7.7,26.43,65.7,31.25,31.32,31.43,63.16,0.11,0.11,0.11,16.0,0.0,0.02,0.13,1.51,3.66,5.61,10.954,14.262,15.041,15.04,15.051,15.992,0.779,0.78,0.789,292.0,8913.86,24218.0,439.0,24985.71,44580.0,4,4.0,4,16,16.0,16,4,16,31.35,7.56
57,1,,,,,,,26,27,65,25,63.9,2745,10801,37,0,65.2,76.2;77.6;91.0;88.1;79.0;78.3;92.3;94.4;84.6;85.3;92.3;96.5;50.3;56.6;30.8;31.2;58.3;63.9;24.5;24.3;49.0;50.3;45.5;43.4,31.41,0.11,0.0,4.69,15.051,0.789,4345.0,253857.0,4,16,,,,,,,,,,,,,,,,,,,,,,,,,,,,,,,,,,,,,,,,,,,,,,,,,,,,,,,,,,,,,
57,2,,,,,,,97,91,71,17,230.9,2730,10801,37,0,31.0,27.1;15.5;31.5;28.3;19.6;21.8;92.0;92.3;58.8;62.6;97.1;94.4;12.1;11.9;2.7;3.9;11.7;11.2;2.4;3.6;13.3;12.3;8.7;10.7,31.35,0.11,0.01,5.61,15.041,0.779,5859.0,31494.0,4,16,,,,,,,,,,,,,,,,,,,,,,,,,,,,,,,,,,,,,,,,,,,,,,,,,,,,,,,,,,,,,
57,3,,,,,,,100,67,68,17,234.5,2730,10801,37,0,22.7,14.4;3.2;19.2;19.0;3.9;6.8;93.7;92.4;45.9;52.4;92.2;92.0;1.0;1.0;0.2;0.2;1.5;1.0;0.0;0.0;1.9;1.0;0.2;0.2,31.32,0.11,0.0,3.69,15.041,0.779,19140.0,44824.0,4,16,,,,,,,,,,,,,,,,,,,,,,,,,,,,,,,,,,,,,,,,,,,,,,,,,,,,,,,,,,,,,
57,4,,,,,,,96,88,68,17,231.1,2730,10801,37,0,22.0,13.4;3.7;11.5;18.0;5.9;5.1;88.7;88.2;46.0;52.3;91.5;92.4;2.4;3.4;0.7;0.2;1.0;1.0;0.0;0.5;1.7;1.5;0.0;0.5,31.29,0.11,0.32,4.15,15.041,0.779,24609.0,12109.0,4,16,,,,,,,,,,,,,,,,,,,,,,,,,,,,,,,,,,,,,,,,,,,,,,,,,,,,,,,,,,,,,
57,5,,,,,,,100,69,67,16,235.2,2730,10801,37,0,21.4,11.2;1.7;12.0;10.5;4.2;5.6;86.6;93.7;53.4;52.0;83.2;91.2;1.7;1.7;0.2;0.5;0.7;1.0;0.0;0.0;1.5;0.5;0.5;0.2,31.28,0.11,0.03,2.74,15.041,0.779,11425.0,12451.0,4,16,,,,,,,,,,,,,,,,,,,,,,,,,,,,,,,,,,,,,,,,,,,,,,,,,,,,,,,,,,,,,
57,6,,,,,,,100,67,67,16,233.3,2730,10801,37,0,13.6,14.7;1.2;8.0;7.0;3.2;3.6;54.4;69.3;21.5;25.5;51.4;57.6;0.5;1.0;0.0;0.5;1.5;1.2;0.0;0.0;1.0;1.0;0.5;0.7,31.25,0.11,0.0,1.97,15.041,0.779,13671.0,182519.0,4,16,,,,,,,,,,,,,,,,,,,,,,,,,,,,,,,,,,,,,,,,,,,,,,,,,,,,,,,,,,,,,
57,7,,,,,,,97,91,71,17,231.9,2730,10801,37,0,6.3,9.1;1.4;1.4;0.6;0.8;0.6;35.2;18.9;2.2;6.4;35.9;36.3;0.0;0.3;0.0;0.0;0.0;0.0;0.0;0.0;0.0;0.0;0.6;1.1,31.23,0.11,0.0,1.46,15.041,0.779,292.0,1416.0,4,16,,,,,,,,,,,,,,,,,,,,,,,,,,,,,,,,,,,,,,,,,,,,,,,,,,,,,,,,,,,,,
57,summary,0.29691781243497106,0.9951187545877455,0.2845487219227685,0.9992222222222222,0.00082745,39.7,,,,,,,,,,,,,,,,,,,,,,26,88.0,100,27,71.43,91,65,68.14,71,16,17.86,25,63.9,208.69,235.2,2732.1,10801.0,37.0,0,6.3,26.03,65.2,31.23,31.3,31.41,63.16,0.11,0.11,0.11,16.0,0.0,0.05,0.32,1.46,3.47,5.61,10.954,14.262,15.041,15.04,15.051,15.992,0.779,0.78,0.789,292.0,11334.43,24609.0,1416.0,76952.86,253857.0,4,4.0,4,16,16.0,16,4,16,31.46,7.47
58,1,,,,,,,0,0,58,26,73.7,1440,10801,37,0,66.2,77.8;76.6;88.9;89.6;87.7;89.6;90.3;95.2;82.6;84.7;90.3;98.6;59.3;66.4;29.7;31.7;49.7;58.6;26.9;28.8;46.6;53.1;38.6;47.9,31.41,0.11,0.0,4.66,15.051,0.789,7128.0,17675.0,4,16,,,,,,,,,,,,,,,,,,,,,,,,,,,,,,,,,,,,,,,,,,,,,,,,,,,,,,,,,,,,,
58,2,,,,,,,100,76,68,17,234.9,2730,10801,37,0,31.1,23.4;17.4;34.9;33.4;19.1;21.5;92.3;94.5;55.2;66.4;90.8;92.3;13.3;12.8;4.8;3.2;11.9;12.4;3.4;3.4;11.1;10.2;8.7;9.2,31.32,0.11,0.0,5.69,15.041,0.779,20410.0,13232.0,4,16,,,,,,,,,,,,,,,,,,,,,,,,,,,,,,,,,,,,,,,,,,,,,,,,,,,,,,,,,,,,,
58,3,,,,,,,100,97,66,17,232.1,2730,10801,37,0,22.4,17.0;1.5;12.0;13.4;3.9;3.9;90.3;93.3;53.1;49.3;93.4;93.7;1.7;1.7;0.7;0.5;1.0;1.5;1.2;0.5;1.0;0.5;0.7;0.5,31.31,0.11,0.0,4.47,15.041,0.779,6005.0,16552.0,4,16,,,,,,,,,,,,,,,,,,,,,,,,,,,,,,,,,,,,,,,,,,,,,,,,,,,,,,,,,,,,,
58,4,,,,,,,98,92,67,16,231.1,2730,10801,37,0,22.6,15.2;3.8;13.7;14.9;5.8;6.7;92.3;87.9;28.7;67.5;97.1;96.2;2.2;2.6;0.7;0.7;0.7;1.7;0.2;0.0;1.0;1.2;0.0;0.5,31.26,0.11,0.0,2.72,15.041,0.779,4541.0,32861.0,4,16,,,,,,,,,,,,,,,,,,,,,,,,,,,,,,,,,,,,,,,,,,,,,,,,,,,,,,,,,,,,,
58,5,,,,,,,100,75,68,15,234.4,2730,10801,37,0,22.0,13.5;1.0;15.8;12.6;3.7;5.7;84.5;91.4;40.0;62.6;92.1;93.9;1.2;1.0;1.2;1.5;0.7;0.7;0.5;0.5;0.0;1.0;0.7;1.5,31.23,0.11,0.0,2.74,15.041,0.779,12353.0,20996.0,4,16,,,,,,,,,,,,,,,,,,,,,,,,,,,,,,,,,,,,,,,,,,,,,,,,,,,,,,,,,,,,,
58,6,,,,,,,100,97,67,17,232.7,2730,10801,37,0,13.8,15.2;3.2;8.8;9.0;3.4;2.4;44.4;59.9;32.1;23.5;50.6;75.5;1.2;0.5;0.0;0.0;0.0;0.7;0.0;0.0;0.7;0.5;0.2;0.0,31.22,0.11,0.0,2.3,15.041,0.779,8642.0,27050.0,4,16,,,,,,,,,,,,,,,,,,,,,,,,,,,,,,,,,,,,,,,,,,,,,,,,,,,,,,,,,,,,,
58,7,,,,,,,100,74,69,17,235.5,2730,10801,37,0,6.6,14.5;1.1;1.7;1.4;0.3;0.3;38.3;23.2;2.0;3.1;32.0;33.7;0.3;0.6;0.8;0.3;0.3;0.0;0.3;0.3;0.3;0.0;0.6;2.5,31.21,0.11,0.0,1.5,15.041,0.779,11865.0,0.0,4,16,,,,,,,,,,,,,,,,,,,,,,,,,,,,,,,,,,,,,,,,,,,,,,,,,,,,,,,,,,,,,
58,summary,0.2969854967425631,0.9951604350514175,0.2850336893664466,0.9988888888888889,0.00082137,39.8,,,,,,,,,,,,,,,,,,,,,,0,85.43,100,0,73.0,97,58,66.14,69,15,17.86,26,73.7,210.63,235.5,2545.7,10801.0,37.0,0,6.6,26.39,66.2,31.21,31.28,31.41,63.16,0.11,0.11,0.11,16.0,0.0,0.0,0.0,1.5,3.44,5.69,10.954,14.262,15.041,15.04,15.051,15.992,0.779,0.78,0.789,4541.0,10134.86,20410.0,0.0,18338.0,32861.0,4,4.0,4,16,16.0,16,4,16,31.86,7.09
59,1,,,,,,,0,0,58,27,73.1,1470,10801,37,0,65.3,84.7;87.0;87.0;88.4;84.9;84.2;95.2;95.9;84.2;85.6;94.5;98.6;55.5;58.2;25.3;26.7;57.5;60.3;15.1;14.9;48.6;51.4;41.8;42.2,31.37,0.11,0.0,3.64,15.051,0.789,3613.0,31738.0,4,16,,,,,,,,,,,,,,,,,,,,,,,,,,,,,,,,,,,,,,,,,,,,,,,,,,,,,,,,,,,,,
59,2,,,,,,,100,77,69,18,235.1,2730,10801,37,0,30.5,25.4;15.6;27.9;30.0;22.0;19.4;85.9;90.0;54.3;56.4;97.4;93.8;13.4;12.7;4.6;4.1;13.6;13.6;4.1;3.3;12.0;11.5;9.6;11.2,31.31,0.11,0.0,5.55,15.041,0.779,16943.0,12646.0,4,16,,,,,,,,,,,,,,,,,,,,,,,,,,,,,,,,,,,,,,,,,,,,,,,,,,,,,,,,,,,,,
59,3,,,,,,,100,93,67,17,232.3,2730,10801,37,0,22.0,15.4;2.2;16.4;11.0;2.9;6.6;85.8;90.9;45.2;57.7;90.2;94.4;1.7;1.7;0.0;0.2;0.7;0.2;0.2;0.7;1.0;1.0;0.7;0.7,31.27,0.11,0.0,4.51,15.041,0.779,7812.0,31835.0,4,16,,,,,,,,,,,,,,,,,,,,,,,,,,,,,,,,,,,,,,,,,,,,,,,,,,,,,,,,,,,,,
59,4,,,,,,,96,77,69,17,233.6,2730,10801,37,0,22.3,14.1;3.2;13.3;18.9;3.9;4.9;86.5;95.3;40.8;56.3;95.1;92.2;2.7;2.0;0.5;0.5;1.0;0.2;1.2;1.2;0.2;0.7;0.2;0.2,31.24,0.11,0.0,3.35,15.041,0.779,26318.0,13720.0,4,16,,,,,,,,,,,,,,,,,,,,,,,,,,,,,,,,,,,,,,,,,,,,,,,,,,,,,,,,,,,,,
59,5,,,,,,,100,85,66,15,232.0,2730,10801,37,0,22.2,11.7;1.7;15.3;12.6;3.6;4.6;93.4;90.0;42.6;58.6;92.7;95.6;1.2;1.7;0.2;0.0;1.7;0.7;0.2;1.9;1.2;1.0;0.7;0.7,31.23,0.11,0.0,2.08,15.041,0.779,22167.0,16845.0,4,16,,,,,,,,,,,,,,,,,,,,,,,,,,,,,,,,,,,,,,,,,,,,,,,,,,,,,,,,,,,,,
59,6,,,,,,,100,98,67,18,232.7,2730,10801,37,0,14.2,15.8;1.9;7.0;12.6;3.6;5.6;53.2;69.7;23.2;21.9;44.7;65.4;1.0;2.2;0.0;0.5;0.5;1.5;0.2;1.2;1.9;0.5;3.2;2.7,31.22,0.11,0.0,2.22,15.041,0.779,6201.0,32763.0,4,16,,,,,,,,,,,,,,,,,,,,,,,,,,,,,,,,,,,,,,,,,,,,,,,,,,,,,,,,,,,,,
59,7,,,,,,,100,76,68,16,235.9,2730,10801,37,0,6.3,10.1;0.6;1.1;1.9;0.6;0.8;32.8;40.4;2.5;4.2;30.0;22.3;0.3;0.3;0.0;0.0;0.3;0.6;0.0;0.0;0.3;0.6;0.0;0.0,31.21,0.11,0.0,1.46,15.041,0.779,1660.0,0.0,4,16,,,,,,,,,,,,,,,,,,,,,,,,,,,,,,,,,,,,,,,,,,,,,,,,,,,,,,,,,,,,,
59,summary,0.2968007939298684,0.9952530583040219,0.2838937600983514,0.9995555555555555,0.00081521,39.8,,,,,,,,,,,,,,,,,,,,,,0,85.14,100,0,72.29,98,58,66.29,69,15,18.29,27,73.1,210.67,235.9,2550.0,10801.0,37.0,0,6.3,26.11,65.3,31.21,31.26,31.37,63.16,0.11,0.11,0.11,16.0,0.0,0.0,0.0,1.46,3.26,5.55,10.955,14.262,15.041,15.04,15.051,15.992,0.779,0.78,0.789,1660.0,12102.0,26318.0,0.0,19935.29,32763.0,4,4.0,4,16,16.0,16,4,16,31.47,7.55
60,1,,,,,,,0,0,58,27,73.1,1470,10801,37,0,64.5,75.9;79.7;85.4;84.6;79.7;83.9;92.4;92.4;83.2;80.4;88.1;94.4;60.7;60.4;22.0;27.1;65.3;60.4;21.2;20.1;54.5;53.5;43.1;43.1,31.4,0.11,0.0,5.55,15.051,0.789,2587.0,44580.0,4,16,,,,,,,,,,,,,,,,,,,,,,,,,,,,,,,,,,,,,,,,,,,,,,,,,,,,,,,,,,,,,
60,2,,,,,,,100,66,68,18,231.1,2730,10801,37,0,31.1,25.0;15.5;29.4;33.7;18.9;23.6;89.7;91.6;59.6;64.9;97.6;90.7;10.5;13.2;4.3;4.6;12.2;12.2;3.4;4.8;12.1;12.4;7.9;9.6,31.32,0.11,0.0,6.65,15.041,0.779,18505.0,11376.0,4,16,,,,,,,,,,,,,,,,,,,,,,,,,,,,,,,,,,,,,,,,,,,,,,,,,,,,,,,,,,,,,
60,3,,,,,,,100,75,68,17,234.3,2730,10801,37,0,22.7,16.7;3.4;16.6;22.3;5.4;8.1;87.5;89.0;46.2;53.7;95.3;93.6;0.7;2.4;0.7;0.2;0.2;1.2;0.0;0.0;0.7;0.2;0.7;0.5,31.26,0.11,0.0,4.16,15.041,0.779,27001.0,30566.0,4,16,,,,,,,,,,,,,,,,,,,,,,,,,,,,,,,,,,,,,,,,,,,,,,,,,,,,,,,,,,,,,
60,4,,,,,,,100,67,70,17,234.6,2730,10801,37,0,22.2,12.0;3.4;16.2;17.9;5.3;4.6;89.1;95.0;36.7;61.5;89.3;93.5;1.0;1.5;0.5;0.2;0.2;1.0;0.2;0.5;1.0;0.5;0.0;0.7,31.25,0.11,0.0,4.23,15.041,0.779,8837.0,19335.0,4,16,,,,,,,,,,,,,,,,,,,,,,,,,,,,,,,,,,,,,,,,,,,,,,,,,,,,,,,,,,,,,
60,5,,,,,,,96,89,67,17,233.6,2730,10801,37,0,22.3,17.2;1.7;12.2;14.6;2.7;7.3;88.6;93.9;41.6;58.5;92.4;94.1;1.2;2.0;0.5;0.2;0.7;1.0;0.2;0.0;0.2;1.0;1.5;0.2,31.24,0.11,0.0,3.23,15.041,0.779,12939.0,31005.0,4,16,,,,,,,,,,,,,,,,,,,,,,,,,,,,,,,,,,,,,,,,,,,,,,,,,,,,,,,,,,,,,
60,6,,,,,,,100,69,69,18,235.5,2730,10801,37,0,14.1,10.6;2.7;10.9;10.1;2.5;3.2;52.3;67.8;31.1;20.0;46.1;71.2;1.7;0.7;0.2;0.2;0.7;0.5;0.7;0.0;0.7;0.5;0.5;1.2,31.22,0.11,0.0,1.94,15.041,0.779,9716.0,39843.0,4,16,,,,,,,,,,,,,,,,,,,,,,,,,,,,,,,,,,,,,,,,,,,,,,,,,,,,,,,,,,,,,
60,7,,,,,,,97,83,68,16,232.2,2730,10801,37,0,7.5,15.9;2.2;1.6;2.2;1.9;3.0;33.0;36.5;4.3;6.8;33.1;30.0;0.8;0.5;0.5;0.5;0.5;1.6;0.0;0.3;1.1;0.5;0.8;1.1,31.21,0.11,0.0,2.01,15.041,0.779,292.0,48.0,4,16,,,,,,,,,,,,,,,,,,,,,,,,,,,,,,,,,,,,,,,,,,,,,,,,,,,,,,,,,,,,,
60,summary,0.2958785158941786,0.9954035710895042,0.2840189058515761,0.9992222222222222,0.00080896,39.9,,,,,,,,,,,,,,,,,,,,,,0,84.71,100,0,64.14,89,58,66.86,70,16,18.57,27,73.1,210.63,235.5,2550.0,10801.0,37.0,0,7.5,26.34,64.5,31.21,31.27,31.4,63.16,0.11,0.11,0.11,16.0,0.0,0.0,0.0,1.94,3.97,6.65,10.955,14.262,15.041,15.04,15.051,15.992,0.779,0.78,0.789,292.0,11411.0,27001.0,48.0,25250.43,44580.0,4,4.0,4,16,16.0,16,4,16,31.87,7.07
61,1,,,,,,,0,0,58,24,58.4,1515,10801,37,0,64.5,72.6;75.2;85.8;88.7;85.9;87.9;92.9;92.2;82.3;86.5;94.3;96.5;54.5;57.0;28.7;32.6;55.2;56.6;25.2;23.1;47.9;50.3;39.2;40.3,31.36,0.11,0.0,4.51,15.051,0.789,2343.0,35888.0,4,16,,,,,,,,,,,,,,,,,,,,,,,,,,,,,,,,,,,,,,,,,,,,,,,,,,,,,,,,,,,,,
61,2,,,,,,,100,67,70,17,223.0,2730,10801,37,0,31.8,28.0;16.8;37.7;36.9;20.6;22.2;91.5;91.3;57.3;57.0;91.5;91.0;15.3;14.5;4.3;4.8;13.3;12.8;5.0;3.3;10.9;13.3;10.4;11.6,31.27,0.11,0.0,5.51,15.041,0.779,10302.0,194238.0,4,16,,,,,,,,,,,,,,,,,,,,,,,,,,,,,,,,,,,,,,,,,,,,,,,,,,,,,,,,,,,,,
61,3,,,,,,,99,96,68,17,232.1,2730,10801,37,0,22.8,14.5;3.7;13.7;16.7;5.6;7.1;89.4;89.7;52.3;51.7;95.4;95.1;2.7;2.2;0.5;0.5;1.0;2.0;1.0;0.2;0.7;1.0;1.5;0.2,31.23,0.11,0.0,4.43,15.041,0.779,7714.0,16943.0,4,16,,,,,,,,,,,,,,,,,,,,,,,,,,,,,,,,,,,,,,,,,,,,,,,,,,,,,,,,,,,,,
61,4,,,,,,,100,77,67,17,234.9,2730,10801,37,0,23.3,15.9;2.4;14.4;16.1;5.4;7.1;93.9;95.6;55.0;55.0;93.9;92.2;0.7;1.7;0.5;0.2;2.4;0.7;0.5;0.5;1.5;1.0;1.2;1.0,31.22,0.11,0.0,2.76,15.041,0.779,14453.0,27587.0,4,16,,,,,,,,,,,,,,,,,,,,,,,,,,,,,,,,,,,,,,,,,,,,,,,,,,,,,,,,,,,,,
61,5,,,,,,,100,93,68,16,232.6,2730,10801,37,0,22.5,13.9;2.9;20.0;15.6;4.9;3.7;86.9;92.0;46.1;54.6;90.0;95.4;2.2;2.7;0.7;0.7;1.9;0.2;0.7;0.5;0.5;0.7;1.5;1.0,31.21,0.11,0.0,2.71,15.041,0.779,21679.0,37841.0,4,16,,,,,,,,,,,,,,,,,,,,,,,,,,,,,,,,,,,,,,,,,,,,,,,,,,,,,,,,,,,,,
61,6,,,,,,,99,97,67,17,231.9,2730,10801,37,0,13.7,12.7;2.2;8.7;8.5;2.9;4.1;52.9;70.4;18.4;32.8;50.0;54.1;1.9;1.2;0.5;0.2;0.7;0.7;0.5;0.2;1.7;1.2;1.0;0.7,31.2,0.11,0.0,2.27,15.041,0.779,37841.0,20214.0,4,16,,,,,,,,,,,,,,,,,,,,,,,,,,,,,,,,,,,,,,,,,,,,,,,,,,,,,,,,,,,,,
61,7,,,,,,,100,69,70,16,235.1,2730,10801,37,0,6.2,12.1;0.3;1.1;0.8;0.6;0.8;22.1;23.2;3.1;2.8;56.4;23.7;0.0;0.0;0.0;0.0;0.3;0.3;0.0;0.0;0.0;0.0;0.3;0.6,31.18,0.11,0.0,1.46,15.041,0.779,1464.0,3369.0,4,16,,,,,,,,,,,,,,,,,,,,,,,,,,,,,,,,,,,,,,,,,,,,,,,,,,,,,,,,,,,,,
61,summary,0.29653354561673634,0.995190537608514,0.28441405285729304,0.9993333333333333,0.00080264,39.8,,,,,,,,,,,,,,,,,,,,,,0,85.43,100,0,71.29,97,58,66.86,70,16,17.71,24,58.4,206.86,235.1,2556.4,10801.0,37.0,0,6.2,26.4,64.5,31.18,31.24,31.36,63.16,0.11,0.11,0.11,16.0,0.0,0.0,0.0,1.46,3.38,5.51,10.956,14.262,15.041,15.04,15.051,15.992,0.779,0.78,0.789,1464.0,13685.14,37841.0,3369.0,48011.43,194238.0,4,4.0,4,16,16.0,16,4,16,31.78,7.23
62,1,,,,,,,0,0,58,25,70.8,1695,10801,37,0,65.5,79.7;83.0;90.3;89.0;82.8;82.8;91.0;93.1;79.5;76.6;91.0;94.6;59.7;63.4;27.6;32.2;60.0;60.0;31.2;27.6;48.3;53.8;34.9;39.3,31.34,0.11,0.0,3.7,15.051,0.789,15917.0,13964.0,4,16,,,,,,,,,,,,,,,,,,,,,,,,,,,,,,,,,,,,,,,,,,,,,,,,,,,,,,,,,,,,,
62,2,,,,,,,96,88,67,17,230.2,2730,10801,37,0,31.7,26.5;15.4;33.6;35.2;22.0;21.6;93.7;89.7;53.7;70.9;96.6;93.9;11.7;14.2;3.9;4.4;12.3;11.5;3.7;3.4;11.2;11.5;8.6;11.7,31.26,0.11,0.0,5.7,15.041,0.779,5712.0,36718.0,4,16,,,,,,,,,,,,,,,,,,,,,,,,,,,,,,,,,,,,,,,,,,,,,,,,,,,,,,,,,,,,,
62,3,,,,,,,100,69,69,16,234.2,2730,10801,37,0,22.4,11.7;1.5;14.2;15.9;5.6;8.0;82.7;93.9;37.7;67.2;91.7;96.6;2.7;1.7;0.0;0.2;0.7;0.7;0.2;0.2;1.5;0.2;1.7;1.0,31.23,0.11,0.0,4.46,15.041,0.779,6982.0,14013.0,4,16,,,,,,,,,,,,,,,,,,,,,,,,,,,,,,,,,,,,,,,,,,,,,,,,,,,,,,,,,,,,,
62,4,,,,,,,100,66,70,17,220.8,2730,10801,37,0,22.2,11.4;2.2;23.7;13.7;4.1;5.3;83.5;87.4;50.7;54.1;92.3;92.3;1.9;1.4;0.7;0.7;0.2;0.7;0.2;0.5;2.2;1.9;0.7;1.0,31.22,0.11,0.03,3.41,15.041,0.779,30908.0,38378.0,4,16,,,,,,,,,,,,,,,,,,,,,,,,,,,,,,,,,,,,,,,,,,,,,,,,,,,,,,,,,,,,,
62,5,,,,,,,96,87,68,15,230.6,2730,10801,37,0,21.9,10.1;1.2;19.0;11.5;3.2;3.9;85.9;87.8;58.4;47.3;92.9;95.1;0.7;1.2;0.5;0.0;0.2;1.2;0.2;0.0;2.0;0.2;0.5;1.0,31.22,0.11,0.0,2.09,15.041,0.779,12646.0,12548.0,4,16,,,,,,,,,,,,,,,,,,,,,,,,,,,,,,,,,,,,,,,,,,,,,,,,,,,,,,,,,,,,,
62,6,,,,,,,100,67,70,16,234.7,2730,10801,37,0,13.5,11.7;0.5;10.1;6.9;3.5;2.0;44.2;60.8;30.5;20.5;57.5;69.6;0.7;2.2;0.2;0.0;0.2;1.0;0.0;0.5;0.2;1.0;0.5;0.5,31.2,0.11,0.0,2.26,15.041,0.779,6298.0,43750.0,4,16,,,,,,,,,,,,,,,,,,,,,,,,,,,,,,,,,,,,,,,,,,,,,,,,,,,,,,,,,,,,,
62,7,,,,,,,96,81,68,16,231.1,2730,10801,37,0,6.1,12.5;0.3;0.8;1.1;0.3;0.6;31.6;26.4;3.6;2.2;34.7;29.4;0.3;0.3;0.3;0.0;0.0;0.0;0.0;0.0;0.8;0.0;0.6;1.4,31.18,0.11,0.0,1.49,15.041,0.779,341.0,341.0,4,16,,,,,,,,,,,,,,,,,,,,,,,,,,,,,,,,,,,,,,,,,,,,,,,,,,,,,,,,,,,,,
62,summary,0.29630874695954657,0.9953317880687357,0.2845050042470296,0.9992222222222222,0.00079625,39.7,,,,,,,,,,,,,,,,,,,,,,0,84.0,100,0,65.43,88,58,67.14,70,15,17.43,25,70.8,207.49,234.7,2582.1,10801.0,37.0,0,6.1,26.19,65.5,31.18,31.24,31.34,63.16,0.11,0.11,0.11,16.0,0.0,0.0,0.03,1.49,3.3,5.7,10.956,14.262,15.041,15.04,15.051,15.992,0.779,0.78,0.789,341.0,11257.71,30908.0,341.0,22816.0,43750.0,4,4.0,4,16,16.0,16,4,16,31.64,7.22
63,1,,,,,,,0,0,58,25,58.2,1500,10801,37,0,66.2,83.6;82.6;89.7;90.3;88.4;87.0;93.1;95.1;84.0;87.5;97.9;92.4;59.7;57.6;24.5;25.2;56.9;60.7;17.5;17.5;52.1;56.2;43.4;44.5,31.35,0.11,0.0,4.72,15.051,0.789,18457.0,14550.0,4,16,,,,,,,,,,,,,,,,,,,,,,,,,,,,,,,,,,,,,,,,,,,,,,,,,,,,,,,,,,,,,
63,2,,,,,,,93,22,66,16,221.7,2730,10801,37,0,30.9,24.5;14.9;34.3;29.9;21.3;19.1;91.7;91.3;49.9;67.0;94.8;97.4;12.3;12.3;4.3;6.6;11.9;12.1;4.3;3.1;11.3;11.4;7.8;9.7,31.28,0.11,0.0,5.51,15.041,0.779,72021.0,219531.0,4,16,,,,,,,,,,,,,,,,,,,,,,,,,,,,,,,,,,,,,,,,,,,,,,,,,,,,,,,,,,,,,
63,3,,,,,,,100,77,68,18,233.7,2730,10801,37,0,22.3,13.4;1.5;16.9;11.5;7.6;5.6;87.3;91.9;49.1;53.9;90.2;95.8;1.5;1.5;0.5;0.0;1.2;1.0;0.5;0.5;0.7;0.5;1.0;0.5,31.26,0.11,0.0,3.68,15.041,0.779,15429.0,11181.0,4,16,,,,,,,,,,,,,,,,,,,,,,,,,,,,,,,,,,,,,,,,,,,,,,,,,,,,,,,,,,,,,
63,4,,,,,,,100,94,67,18,231.9,2730,10801,37,0,21.7,13.2;2.0;16.9;11.3;7.1;4.4;93.6;89.9;50.6;46.2;90.0;87.7;1.0;1.5;0.7;0.2;0.7;0.5;0.2;0.7;1.5;1.0;1.0;0.0,31.25,0.11,0.0,3.5,15.041,0.779,16992.0,13281.0,4,16,,,,,,,,,,,,,,,,,,,,,,,,,,,,,,,,,,,,,,,,,,,,,,,,,,,,,,,,,,,,,
63,5,,,,,,,96,72,69,17,234.2,2730,10801,37,0,23.2,14.3;2.9;18.6;15.3;5.9;7.7;92.7;91.7;59.6;50.7;90.9;91.2;1.7;2.0;0.7;1.0;2.4;1.5;0.2;0.5;2.2;1.0;1.2;1.0,31.24,0.11,0.01,2.85,15.041,0.779,7617.0,13720.0,4,16,,,,,,,,,,,,,,,,,,,,,,,,,,,,,,,,,,,,,,,,,,,,,,,,,,,,,,,,,,,,,
63,6,,,,,,,100,90,65,16,233.2,2730,10801,37,0,14.0,13.7;2.2;10.8;7.0;4.8;2.9;69.5;56.0;19.9;30.2;59.8;50.1;1.5;1.2;1.0;0.7;0.7;1.0;0.0;0.0;0.7;0.5;0.7;0.7,31.22,0.11,0.05,3.23,15.041,0.779,7617.0,29003.0,4,16,,,,,,,,,,,,,,,,,,,,,,,,,,,,,,,,,,,,,,,,,,,,,,,,,,,,,,,,,,,,,
63,7,,,,,,,98,91,66,16,231.5,2730,10801,37,0,6.8,13.4;1.9;2.5;1.4;2.5;0.6;18.7;51.9;4.4;5.3;41.8;13.4;1.1;0.8;0.0;0.0;0.0;1.7;0.0;0.0;0.3;0.0;0.3;1.4,31.2,0.11,0.0,1.48,15.041,0.779,341.0,195.0,4,16,,,,,,,,,,,,,,,,,,,,,,,,,,,,,,,,,,,,,,,,,,,,,,,,,,,,,,,,,,,,,
63,summary,0.2959981250166199,0.9954151489960797,0.2842103254000346,0.9995555555555555,0.00078977,39.9,,,,,,,,,,,,,,,,,,,,,,0,83.86,100,0,63.71,94,58,65.57,69,16,18.0,25,58.2,206.34,234.2,2554.3,10801.0,37.0,0,6.8,26.44,66.2,31.2,31.26,31.35,63.16,0.11,0.11,0.11,16.0,0.0,0.01,0.05,1.48,3.57,5.51,10.953,14.262,15.041,15.04,15.051,15.992,0.779,0.78,0.789,341.0,19782.0,72021.0,195.0,43065.86,219531.0,4,4.0,4,16,16.0,16,4,16,31.42,7.63
64,1,,,,,,,0,0,58,26,57.9,1470,10801,37,0,64.3,82.2;84.7;92.4;88.2;87.5;85.4;89.6;94.4;86.1;83.3;97.2;90.3;54.2;58.3;28.5;27.1;59.7;55.6;13.2;13.2;43.8;47.9;38.9;40.3,31.35,0.11,0.0,4.74,15.051,0.789,4980.0,8544.0,4,16,,,,,,,,,,,,,,,,,,,,,,,,,,,,,,,,,,,,,,,,,,,,,,,,,,,,,,,,,,,,,
64,2,,,,,,,96,90,69,17,230.8,2730,10801,37,0,30.3,26.0;13.7;33.3;20.2;20.9;20.0;92.8;94.7;59.8;61.0;95.4;96.6;12.8;12.5;3.6;3.9;10.8;10.6;3.1;1.7;10.1;9.2;7.0;8.9,31.28,0.11,0.0,5.57,15.041,0.779,5957.0,22998.0,4,16,,,,,,,,,,,,,,,,,,,,,,,,,,,,,,,,,,,,,,,,,,,,,,,,,,,,,,,,,,,,,
64,3,,,,,,,100,68,67,16,233.3,2730,10801,37,0,21.3,11.4;1.9;13.9;16.8;5.6;3.2;83.7;85.9;35.4;59.7;92.0;93.2;1.0;0.5;0.5;0.2;1.5;0.7;0.2;0.2;1.0;0.7;1.0;1.0,31.25,0.11,0.0,4.46,15.041,0.779,12304.0,11132.0,4,16,,,,,,,,,,,,,,,,,,,,,,,,,,,,,,,,,,,,,,,,,,,,,,,,,,,,,,,,,,,,,
64,4,,,,,,,96,88,67,17,230.9,2730,10801,37,0,21.2,11.9;0.9;16.2;9.9;4.7;2.4;91.8;91.5;37.2;60.6;83.3;91.8;0.7;1.9;0.2;0.2;0.9;0.7;0.2;0.2;0.7;0.9;0.2;0.7,31.24,0.11,0.0,2.62,15.041,0.779,0.0,1806.0,4,16,,,,,,,,,,,,,,,,,,,,,,,,,,,,,,,,,,,,,,,,,,,,,,,,,,,,,,,,,,,,,
64,5,,,,,,,100,68,67,13,234.8,2730,10801,37,0,21.4,12.1;2.4;15.4;8.0;4.4;3.7;87.1;87.5;57.8;49.3;90.5;88.8;1.2;0.7;0.5;0.5;0.2;0.5;0.7;0.0;1.0;0.2;0.2;0.5,31.23,0.11,0.0,2.72,15.041,0.779,24121.0,16015.0,4,16,,,,,,,,,,,,,,,,,,,,,,,,,,,,,,,,,,,,,,,,,,,,,,,,,,,,,,,,,,,,,
64,6,,,,,,,97,89,68,15,231.9,2730,10801,37,0,13.5,11.5;0.5;10.6;6.2;1.5;2.5;59.2;62.2;24.6;22.5;59.2;61.6;1.0;0.5;0.0;0.0;0.5;0.0;0.2;0.0;0.0;0.0;0.0;0.5,31.2,0.11,0.0,2.28,15.041,0.779,6787.0,14160.0,4,16,,,,,,,,,,,,,,,,,,,,,,,,,,,,,,,,,,,,,,,,,,,,,,,,,,,,,,,,,,,,,
64,7,,,,,,,100,67,67,18,234.9,2730,10801,37,0,6.4,10.8;0.3;1.9;2.5;1.1;0.3;44.0;29.0;4.7;2.2;13.9;36.8;0.3;0.3;0.6;0.6;0.0;0.3;0.0;0.5;0.6;0.3;0.3;1.4,31.19,0.11,0.0,1.64,15.041,0.779,585.0,390.0,4,16,,,,,,,,,,,,,,,,,,,,,,,,,,,,,,,,,,,,,,,,,,,,,,,,,,,,,,,,,,,,,
64,summary,0.2956130344609853,0.9955448215497259,0.2836499121454027,0.9994444444444445,0.00078323,39.9,,,,,,,,,,,,,,,,,,,,,,0,84.14,100,0,67.14,90,58,66.14,69,13,17.43,26,57.9,207.79,234.9,2550.0,10801.0,37.0,0,6.4,25.49,64.3,31.19,31.25,31.35,63.16,0.11,0.11,0.11,16.0,0.0,0.0,0.0,1.64,3.43,5.57,10.954,14.262,15.041,15.04,15.051,15.992,0.779,0.78,0.789,0.0,7819.14,24121.0,390.0,10720.71,22998.0,4,4.0,4,16,16.0,16,4,16,31.78,7.35
65,1,,,,,,,0,0,58,23,65.7,1425,10801,37,0,63.5,68.7;71.8;90.1;89.5;83.8;85.9;97.2;88.7;86.6;88.7;91.5;93.7;53.5;59.9;28.9;28.2;49.3;55.6;19.0;20.4;44.4;47.9;39.4;40.1,31.38,0.11,0.0,4.73,15.051,0.789,9277.0,28320.0,4,16,,,,,,,,,,,,,,,,,,,,,,,,,,,,,,,,,,,,,,,,,,,,,,,,,,,,,,,,,,,,,
65,2,,,,,,,96,90,71,19,231.3,2730,10801,37,0,32.7,27.6;17.5;34.5;31.3;25.9;23.5;95.9;93.9;58.5;67.3;96.8;96.1;14.6;13.2;3.2;6.8;13.7;13.4;3.7;0.5;13.6;12.4;11.0;9.3,31.3,0.11,0.0,6.74,15.041,0.779,27636.0,23681.0,4,16,,,,,,,,,,,,,,,,,,,,,,,,,,,,,,,,,,,,,,,,,,,,,,,,,,,,,,,,,,,,,
65,3,,,,,,,96,88,70,15,232.0,2730,10801,37,0,22.8,16.3;2.4;16.1;21.7;8.0;6.5;87.7;94.7;35.7;64.5;95.0;89.4;1.4;1.7;0.7;1.0;1.7;0.5;0.7;0.2;0.2;1.2;0.2;0.7,31.29,0.11,0.0,5.12,15.041,0.779,5126.0,18310.0,4,16,,,,,,,,,,,,,,,,,,,,,,,,,,,,,,,,,,,,,,,,,,,,,,,,,,,,,,,,,,,,,
65,4,,,,,,,100,76,67,17,232.9,2730,10801,37,0,22.8,13.3;2.9;21.1;12.9;7.3;5.6;94.6;96.1;39.5;59.0;89.3;89.5;2.7;2.0;0.2;1.0;1.0;1.2;0.0;1.2;1.5;1.0;1.5;1.9,31.27,0.11,0.0,3.99,15.041,0.779,53759.0,41210.0,4,16,,,,,,,,,,,,,,,,,,,,,,,,,,,,,,,,,,,,,,,,,,,,,,,,,,,,,,,,,,,,,
65,5,,,,,,,96,90,71,17,231.2,2730,10801,37,0,22.9,15.5;3.4;21.4;13.0;6.9;4.9;90.4;92.6;51.8;47.4;94.6;91.6;3.4;2.2;0.5;1.0;1.0;1.2;1.0;0.5;1.2;1.2;1.0;1.7,31.24,0.11,0.0,2.59,15.041,0.779,19433.0,17578.0,4,16,,,,,,,,,,,,,,,,,,,,,,,,,,,,,,,,,,,,,,,,,,,,,,,,,,,,,,,,,,,,,
65,6,,,,,,,100,70,67,17,233.4,2730,10801,37,0,13.6,12.9;1.5;9.1;5.2;4.2;2.0;79.4;63.0;23.5;25.1;47.7;49.9;0.5;0.5;0.2;0.2;0.0;0.2;0.0;0.0;0.2;0.2;0.2;0.0,31.23,0.11,0.0,2.39,15.041,0.779,6054.0,18603.0,4,16,,,,,,,,,,,,,,,,,,,,,,,,,,,,,,,,,,,,,,,,,,,,,,,,,,,,,,,,,,,,,
65,7,,,,,,,100,93,68,16,233.2,2730,10801,37,0,6.5,13.1;0.3;3.6;1.1;1.4;0.8;21.9;30.1;4.9;4.7;38.5;30.8;0.3;0.0;0.0;0.0;0.3;0.0;0.0;0.0;1.4;0.5;0.3;1.1,31.22,0.11,0.0,1.79,15.041,0.779,1220.0,2734.0,4,16,,,,,,,,,,,,,,,,,,,,,,,,,,,,,,,,,,,,,,,,,,,,,,,,,,,,,,,,,,,,,
65,summary,0.2950445732995357,0.9957092278230989,0.2841362264686161,0.9995555555555555,0.00077661,39.7,,,,,,,,,,,,,,,,,,,,,,0,84.0,100,0,72.43,93,58,67.43,71,15,17.71,23,65.7,208.53,233.4,2543.6,10801.0,37.0,0,6.5,26.4,63.5,31.22,31.28,31.38,63.16,0.11,0.11,0.11,16.0,0.0,0.0,0.0,1.79,3.91,6.74,10.955,14.262,15.041,15.04,15.051,15.992,0.779,0.78,0.789,1220.0,17500.71,53759.0,2734.0,21490.86,41210.0,4,4.0,4,16,16.0,16,4,16,31.52,7.39
66,1,,,,,,,0,0,58,17,59.9,2745,10801,37,0,65.0,70.9;72.6;88.9;89.7;82.1;85.5;93.1;95.2;82.8;87.5;94.4;93.8;60.0;54.5;23.2;34.2;62.3;61.6;24.3;24.7;51.4;49.3;41.8;42.1,31.37,0.11,0.0,4.7,15.051,0.789,6884.0,10888.0,4,16,,,,,,,,,,,,,,,,,,,,,,,,,,,,,,,,,,,,,,,,,,,,,,,,,,,,,,,,,,,,,
66,2,,,,,,,100,67,67,17,232.5,2730,10801,37,0,30.8,22.2;13.8;32.8;24.8;18.9;18.2;89.5;94.6;60.6;63.2;95.1;95.8;13.0;13.0;5.9;5.4;12.0;10.6;5.7;3.9;10.8;12.0;8.6;8.8,31.32,0.11,0.01,4.82,15.041,0.779,55908.0,53320.0,4,16,,,,,,,,,,,,,,,,,,,,,,,,,,,,,,,,,,,,,,,,,,,,,,,,,,,,,,,,,,,,,
66,3,,,,,,,96,88,68,17,230.4,2730,10801,37,0,22.4,10.8;2.7;16.4;15.4;6.6;3.4;93.9;95.8;43.5;62.7;91.2;85.5;2.2;0.7;0.5;0.2;0.7;1.0;0.2;0.2;0.5;1.0;0.7;0.7,31.28,0.11,0.0,4.62,15.041,0.779,5810.0,36279.0,4,16,,,,,,,,,,,,,,,,,,,,,,,,,,,,,,,,,,,,,,,,,,,,,,,,,,,,,,,,,,,,,
66,4,,,,,,,100,69,67,18,234.8,2730,10801,37,0,22.0,14.7;1.5;16.4;10.7;4.4;4.2;92.9;92.9;49.4;49.8;90.2;94.4;0.7;1.0;0.5;0.2;0.5;0.5;0.0;0.2;1.5;0.7;0.2;0.2,31.26,0.11,0.0,3.48,15.041,0.779,5468.0,38916.0,4,16,,,,,,,,,,,,,,,,,,,,,,,,,,,,,,,,,,,,,,,,,,,,,,,,,,,,,,,,,,,,,
66,5,,,,,,,100,66,68,17,234.2,2730,10801,37,0,22.3,15.9;2.9;16.3;15.8;4.8;6.7;90.6;86.3;53.5;51.1;87.3;90.6;1.9;1.7;1.0;1.7;1.7;1.0;1.2;0.7;1.7;1.7;0.7;0.7,31.23,0.11,0.0,2.69,15.041,0.779,4199.0,16015.0,4,16,,,,,,,,,,,,,,,,,,,,,,,,,,,,,,,,,,,,,,,,,,,,,,,,,,,,,,,,,,,,,
66,6,,,,,,,100,73,68,16,235.6,2730,10801,37,0,14.1,12.4;1.5;6.9;8.8;2.9;3.7;59.6;58.7;19.2;29.6;76.8;46.2;2.0;1.7;0.7;0.5;1.2;1.0;0.5;1.2;0.2;0.7;1.0;1.2,31.2,0.11,0.0,1.94,15.041,0.779,25878.0,20654.0,4,16,,,,,,,,,,,,,,,,,,,,,,,,,,,,,,,,,,,,,,,,,,,,,,,,,,,,,,,,,,,,,
66,7,,,,,,,97,88,67,17,231.5,2730,10801,37,0,6.9,11.7;1.1;1.7;1.7;1.9;0.6;22.3;47.3;4.7;4.4;28.6;32.5;0.3;0.6;0.0;0.3;0.8;1.4;0.6;0.3;1.6;1.1;0.3;0.3,31.2,0.11,0.0,1.49,15.041,0.779,11962.0,1464.0,4,16,,,,,,,,,,,,,,,,,,,,,,,,,,,,,,,,,,,,,,,,,,,,,,,,,,,,,,,,,,,,,
66,summary,0.29522755513202387,0.9957416459615104,0.28400567213694256,0.9995555555555555,0.00076992,39.7,,,,,,,,,,,,,,,,,,,,,,0,84.71,100,0,64.43,88,58,66.14,68,16,17.0,18,59.9,208.41,235.6,2732.1,10801.0,37.0,0,6.9,26.21,65.0,31.2,31.27,31.37,63.16,0.11,0.11,0.11,16.0,0.0,0.0,0.01,1.49,3.39,4.82,10.955,14.262,15.041,15.04,15.051,15.992,0.779,0.78,0.789,4199.0,16587.0,55908.0,1464.0,25362.29,53320.0,4,4.0,4,16,16.0,16,4,16,31.65,7.19
67,1,,,,,,,16,15,58,27,54.3,1290,10801,37,0,64.7,80.1;81.9;88.2;91.0;86.1;88.2;87.5;89.6;89.6;88.2;97.9;91.7;63.2;59.0;29.0;22.9;55.6;54.2;19.4;12.5;49.3;52.1;40.3;34.7,31.35,0.11,0.0,4.55,15.051,0.789,7958.0,18994.0,4,16,,,,,,,,,,,,,,,,,,,,,,,,,,,,,,,,,,,,,,,,,,,,,,,,,,,,,,,,,,,,,
67,2,,,,,,,96,90,67,17,231.1,2730,10801,37,0,31.5,25.5;14.6;32.7;33.3;18.2;21.8;92.2;93.9;57.7;68.9;93.9;93.7;12.9;12.6;5.1;4.6;11.2;12.2;4.6;3.4;13.1;12.9;8.0;9.2,31.29,0.11,0.0,5.64,15.041,0.779,5468.0,45996.0,4,16,,,,,,,,,,,,,,,,,,,,,,,,,,,,,,,,,,,,,,,,,,,,,,,,,,,,,,,,,,,,,
67,3,,,,,,,98,76,67,16,234.3,2730,10801,37,0,22.2,17.4;3.1;10.2;20.0;4.1;8.7;94.4;95.7;47.6;47.2;88.4;87.7;1.7;1.7;0.7;0.0;0.2;1.2;0.0;0.0;1.0;0.0;0.5;0.2,31.27,0.11,0.0,3.62,15.041,0.779,8691.0,12500.0,4,16,,,,,,,,,,,,,,,,,,,,,,,,,,,,,,,,,,,,,,,,,,,,,,,,,,,,,,,,,,,,,
67,4,,,,,,,100,91,68,16,231.9,2730,10801,37,0,22.8,10.6;3.9;15.6;16.8;3.7;6.4;93.4;95.6;35.7;71.4;91.5;92.2;2.5;1.9;0.0;0.5;0.5;1.2;0.0;0.2;1.7;0.2;0.7;1.2,31.24,0.11,0.0,3.53,15.041,0.779,10156.0,19287.0,4,16,,,,,,,,,,,,,,,,,,,,,,,,,,,,,,,,,,,,,,,,,,,,,,,,,,,,,,,,,,,,,
67,5,,,,,,,96,84,66,14,233.2,2730,10801,37,0,22.1,15.9;2.7;16.8;15.9;4.4;4.6;91.0;90.0;50.4;50.6;87.9;88.8;0.0;1.7;1.7;0.7;2.4;1.5;0.0;0.2;0.7;0.5;0.5;1.2,31.22,0.11,0.0,2.72,15.041,0.779,5371.0,17431.0,4,16,,,,,,,,,,,,,,,,,,,,,,,,,,,,,,,,,,,,,,,,,,,,,,,,,,,,,,,,,,,,,
67,6,,,,,,,100,81,70,17,233.4,2730,10801,37,0,13.6,12.2;1.7;4.4;9.6;3.9;4.2;78.4;49.3;13.8;32.0;59.4;50.4;1.5;1.5;0.2;0.2;0.2;0.0;0.0;0.5;0.5;1.0;0.2;1.0,31.2,0.11,0.0,1.98,15.041,0.779,5517.0,39208.0,4,16,,,,,,,,,,,,,,,,,,,,,,,,,,,,,,,,,,,,,,,,,,,,,,,,,,,,,,,,,,,,,
67,7,,,,,,,100,99,68,15,232.3,2730,10801,37,0,6.2,11.4;0.8;1.9;1.6;0.0;0.5;47.9;23.3;4.9;3.6;19.7;28.1;0.0;0.5;0.0;0.3;0.0;0.3;0.0;0.0;0.8;0.3;0.3;1.9,31.18,0.11,0.0,1.83,15.041,0.779,0.0,1367.0,4,16,,,,,,,,,,,,,,,,,,,,,,,,,,,,,,,,,,,,,,,,,,,,,,,,,,,,,,,,,,,,,
67,summary,0.29484481650746014,0.9958504782833206,0.28476197298367817,0.9988888888888889,0.00076316,39.8,,,,,,,,,,,,,,,,,,,,,,16,86.57,100,15,76.57,99,58,66.29,70,14,17.43,27,54.3,207.21,234.3,2524.3,10801.0,37.0,0,6.2,26.16,64.7,31.18,31.25,31.35,63.16,0.11,0.11,0.11,16.0,0.0,0.0,0.0,1.83,3.41,5.64,10.953,14.262,15.041,15.04,15.051,15.992,0.779,0.78,0.789,0.0,6165.86,10156.0,1367.0,22111.86,45996.0,4,4.0,4,16,16.0,16,4,16,31.38,7.59
68,1,,,,,,,27,30,57,27,52.8,1245,5001,37,0,64.6,74.8;79.2;91.8;89.7;87.1;87.7;92.4;91.7;91.0;87.7;97.9;93.1;57.1;58.5;24.2;28.7;47.7;52.4;23.3;23.2;51.7;48.3;38.4;41.1,31.34,0.11,0.0,3.7,15.051,0.789,4394.0,14257.0,4,16,,,,,,,,,,,,,,,,,,,,,,,,,,,,,,,,,,,,,,,,,,,,,,,,,,,,,,,,,,,,,
68,2,,,,,,,97,89,67,17,229.9,2730,10801,37,0,30.3,21.2;13.5;31.9;30.8;17.4;17.6;95.7;91.5;55.1;62.4;89.9;95.4;12.2;9.6;5.1;7.0;10.4;10.9;4.6;5.3;12.0;10.4;7.0;9.9,31.28,0.11,0.01,5.6,15.041,0.779,30908.0,148144.0,4,16,,,,,,,,,,,,,,,,,,,,,,,,,,,,,,,,,,,,,,,,,,,,,,,,,,,,,,,,,,,,,
68,3,,,,,,,100,67,71,16,232.3,2730,10801,37,0,22.5,14.0;2.4;17.1;16.1;4.4;4.4;93.7;93.7;37.8;60.6;92.0;92.5;1.9;1.7;0.5;1.0;1.2;1.0;0.5;1.0;1.5;0.5;0.2;1.0,31.25,0.11,0.01,4.54,15.041,0.779,10058.0,20654.0,4,16,,,,,,,,,,,,,,,,,,,,,,,,,,,,,,,,,,,,,,,,,,,,,,,,,,,,,,,,,,,,,
68,4,,,,,,,96,88,67,16,230.1,2730,10801,37,0,21.4,14.4;1.7;17.4;13.0;3.2;4.2;88.9;82.6;55.8;42.4;90.7;92.9;1.5;0.7;0.0;0.0;1.0;1.0;0.2;0.2;1.0;0.2;0.0;0.5,31.22,0.11,0.0,2.74,15.041,0.779,25683.0,29589.0,4,16,,,,,,,,,,,,,,,,,,,,,,,,,,,,,,,,,,,,,,,,,,,,,,,,,,,,,,,,,,,,,
68,5,,,,,,,96,90,67,18,230.6,2730,10801,37,0,21.8,10.8;1.4;11.8;12.5;4.8;5.8;92.8;91.1;46.0;49.9;94.5;93.5;1.9;1.4;0.2;0.0;0.7;0.2;0.0;0.0;1.2;0.7;0.2;0.0,31.21,0.11,0.0,2.78,15.041,0.779,13671.0,12597.0,4,16,,,,,,,,,,,,,,,,,,,,,,,,,,,,,,,,,,,,,,,,,,,,,,,,,,,,,,,,,,,,,
68,6,,,,,,,100,67,71,17,234.3,2730,10801,37,0,13.6,11.8;0.7;2.9;10.6;2.0;2.7;63.1;65.8;18.2;30.9;64.9;51.0;1.5;0.2;0.7;0.2;0.2;0.2;0.0;0.0;0.0;0.0;0.0;0.0,31.2,0.11,0.0,2.25,15.041,0.779,19824.0,30908.0,4,16,,,,,,,,,,,,,,,,,,,,,,,,,,,,,,,,,,,,,,,,,,,,,,,,,,,,,,,,,,,,,
68,7,,,,,,,97,91,67,15,231.5,2730,10801,37,0,6.9,12.9;0.8;2.5;1.7;0.8;1.1;31.3;29.6;3.1;3.9;26.2;40.1;1.4;0.6;0.0;0.3;0.6;0.6;0.3;0.8;1.4;1.1;0.8;3.6,31.19,0.11,0.0,1.51,15.041,0.779,1123.0,1513.0,4,16,,,,,,,,,,,,,,,,,,,,,,,,,,,,,,,,,,,,,,,,,,,,,,,,,,,,,,,,,,,,,
68,summary,0.29486347747249814,0.9957370147988802,0.28407121017244125,0.9995555555555555,0.00075633,39.8,,,,,,,,,,,,,,,,,,,,,,27,87.57,100,30,74.57,91,57,66.71,71,15,18.0,27,52.8,205.93,234.3,2517.9,9972.4,37.0,0,6.9,25.87,64.6,31.19,31.24,31.34,63.16,0.11,0.11,0.11,16.0,0.0,0.0,0.01,1.51,3.3,5.6,10.952,14.262,15.041,15.04,15.051,15.992,0.779,0.78,0.789,1123.0,15094.43,30908.0,1513.0,36808.86,148144.0,4,4.0,4,16,16.0,16,4,16,31.63,7.34
69,1,,,,,,,0,0,59,27,72.5,2745,10801,37,0,64.8,76.4;76.9;88.8;89.5;85.5;86.0;93.7;94.4;84.7;88.8;93.7;92.3;56.6;55.6;25.9;28.0;52.4;59.4;23.8;21.7;46.9;49.3;43.1;42.0,31.35,0.11,0.0,6.03,15.051,0.789,5566.0,17236.0,4,16,,,,,,,,,,,,,,,,,,,,,,,,,,,,,,,,,,,,,,,,,,,,,,,,,,,,,,,,,,,,,
69,2,,,,,,,100,78,70,16,231.7,2730,10801,37,0,30.9,23.5;14.2;34.8;28.9;20.8;22.1;92.4;93.4;51.7;60.3;91.2;97.8;13.2;13.7;4.2;3.4;12.3;12.5;3.2;1.5;12.2;12.3;10.0;10.8,31.28,0.11,0.0,4.58,15.041,0.779,7177.0,40087.0,4,16,,,,,,,,,,,,,,,,,,,,,,,,,,,,,,,,,,,,,,,,,,,,,,,,,,,,,,,,,,,,,
69,3,,,,,,,100,91,68,17,231.2,2730,10801,37,0,21.7,12.1;2.2;17.5;7.9;4.1;5.5;85.6;92.6;48.4;50.4;92.6;90.9;1.4;0.7;1.4;1.7;0.5;1.4;0.7;0.5;0.5;0.7;1.0;0.7,31.25,0.11,0.0,4.39,15.041,0.779,4980.0,35498.0,4,16,,,,,,,,,,,,,,,,,,,,,,,,,,,,,,,,,,,,,,,,,,,,,,,,,,,,,,,,,,,,,
69,4,,,,,,,96,85,66,15,231.8,2730,10801,37,0,22.4,14.2;3.0;13.5;18.5;2.0;4.9;95.8;91.4;45.7;55.4;93.6;93.8;1.2;0.7;0.2;0.7;0.7;0.5;0.0;0.2;1.2;0.5;0.5;0.0,31.23,0.11,0.0,3.55,15.041,0.779,25097.0,25439.0,4,16,,,,,,,,,,,,,,,,,,,,,,,,,,,,,,,,,,,,,,,,,,,,,,,,,,,,,,,,,,,,,
69,5,,,,,,,100,79,67,16,232.6,2730,10801,37,0,22.7,11.8;2.4;12.7;18.5;3.2;5.1;85.9;95.9;56.3;49.1;97.1;95.9;2.7;1.5;0.2;0.2;1.0;0.2;1.0;0.7;1.2;0.2;0.5;0.5,31.21,0.11,0.0,2.23,15.041,0.779,46923.0,70068.0,4,16,,,,,,,,,,,,,,,,,,,,,,,,,,,,,,,,,,,,,,,,,,,,,,,,,,,,,,,,,,,,,
69,6,,,,,,,97,90,71,16,231.4,2730,10801,37,0,13.1,10.1;1.7;8.1;8.6;2.2;2.7;72.2;50.1;22.9;23.3;59.2;47.7;1.0;0.0;0.2;0.2;0.5;0.5;0.0;0.5;0.5;0.7;1.0;0.5,31.2,0.11,0.01,2.25,15.041,0.779,19433.0,14404.0,4,16,,,,,,,,,,,,,,,,,,,,,,,,,,,,,,,,,,,,,,,,,,,,,,,,,,,,,,,,,,,,,
69,7,,,,,,,98,75,69,15,234.1,2730,10801,37,0,7.0,15.6;1.1;1.9;3.6;1.6;1.6;15.0;57.0;2.5;4.7;29.9;23.5;1.6;1.4;0.0;0.0;1.1;0.3;0.0;0.3;0.3;0.6;1.1;1.4,31.19,0.11,0.0,1.46,15.041,0.779,0.0,1806.0,4,16,,,,,,,,,,,,,,,,,,,,,,,,,,,,,,,,,,,,,,,,,,,,,,,,,,,,,,,,,,,,,
69,summary,0.29455939116306096,0.9959454171172402,0.2838508645163642,0.9996666666666667,0.00074944,39.8,,,,,,,,,,,,,,,,,,,,,,0,84.43,100,0,71.14,91,59,67.14,71,15,17.43,27,72.5,209.33,234.1,2732.1,10801.0,37.0,0,7.0,26.09,64.8,31.19,31.24,31.35,63.16,0.11,0.11,0.11,16.0,0.0,0.0,0.01,1.46,3.5,6.03,10.953,14.262,15.041,15.04,15.051,15.992,0.779,0.78,0.789,0.0,15596.57,46923.0,1806.0,29219.71,70068.0,4,4.0,4,16,16.0,16,4,16,31.58,7.38
70,1,,,,,,,0,0,58,27,71.7,2745,10801,37,0,64.1,78.8;76.9;87.5;88.3;86.1;82.2;92.4;95.1;86.1;91.7;97.9;88.9;58.9;61.0;21.2;26.5;51.4;52.7;17.8;21.9;50.3;48.6;37.0;44.1,31.34,0.11,0.01,4.83,15.051,0.789,39062.0,153857.0,4,16,,,,,,,,,,,,,,,,,,,,,,,,,,,,,,,,,,,,,,,,,,,,,,,,,,,,,,,,,,,,,
70,2,,,,,,,100,89,65,18,231.8,2730,10801,37,0,31.3,21.7;13.8;32.3;27.4;20.6;19.2;90.5;95.4;65.5;60.0;94.9;96.4;11.7;12.9;4.1;5.1;12.6;12.4;3.4;4.9;11.7;12.4;9.6;11.2,31.26,0.11,0.0,5.59,15.041,0.779,27392.0,22753.0,4,16,,,,,,,,,,,,,,,,,,,,,,,,,,,,,,,,,,,,,,,,,,,,,,,,,,,,,,,,,,,,,
70,3,,,,,,,96,89,70,18,231.2,2730,10801,37,0,22.0,14.5;1.2;13.2;13.0;5.6;2.5;95.6;93.9;45.2;54.0;90.4;87.7;1.5;2.2;0.2;0.2;1.2;2.2;1.0;0.7;1.7;1.5;0.2;0.5,31.25,0.11,0.0,3.69,15.041,0.779,17041.0,12109.0,4,16,,,,,,,,,,,,,,,,,,,,,,,,,,,,,,,,,,,,,,,,,,,,,,,,,,,,,,,,,,,,,
70,4,,,,,,,100,74,67,17,232.6,2730,10801,37,0,22.0,16.9;2.7;17.7;13.9;3.9;4.9;90.3;88.6;53.0;51.9;86.4;89.1;1.5;0.5;0.5;0.0;1.0;0.5;0.2;0.2;0.2;0.2;1.5;1.0,31.23,0.11,0.0,3.52,15.041,0.779,11523.0,10791.0,4,16,,,,,,,,,,,,,,,,,,,,,,,,,,,,,,,,,,,,,,,,,,,,,,,,,,,,,,,,,,,,,
70,5,,,,,,,100,89,66,17,231.8,2730,10801,37,0,22.0,13.7;1.5;14.3;14.8;7.2;4.1;92.5;88.4;41.9;58.1;91.8;93.9;1.4;0.7;0.0;0.5;0.2;0.2;0.7;0.5;0.2;0.2;0.7;0.2,31.22,0.11,0.01,2.7,15.041,0.779,13183.0,166113.0,4,16,,,,,,,,,,,,,,,,,,,,,,,,,,,,,,,,,,,,,,,,,,,,,,,,,,,,,,,,,,,,,
70,6,,,,,,,97,82,69,17,233.1,2730,10801,37,0,14.1,10.8;2.0;8.1;7.1;3.4;2.2;66.6;55.0;26.2;23.6;68.7;56.4;0.5;1.2;1.0;0.2;0.5;0.7;0.0;0.0;1.2;1.0;0.0;0.7,31.23,0.11,0.0,1.96,15.041,0.779,10498.0,14355.0,4,16,,,,,,,,,,,,,,,,,,,,,,,,,,,,,,,,,,,,,,,,,,,,,,,,,,,,,,,,,,,,,
70,7,,,,,,,100,91,66,17,233.2,2730,10801,37,0,6.6,13.1;0.8;1.4;1.9;0.3;1.9;32.2;23.1;3.6;3.0;20.8;50.4;0.8;0.6;0.0;0.5;0.0;0.3;0.6;0.0;0.0;0.0;0.6;2.2,31.21,0.11,0.0,1.47,15.041,0.779,0.0,6933.0,4,16,,,,,,,,,,,,,,,,,,,,,,,,,,,,,,,,,,,,,,,,,,,,,,,,,,,,,,,,,,,,,
70,summary,0.2938726880614773,0.9961792908300664,0.28347439490424264,0.9995555555555555,0.00074248,39.7,,,,,,,,,,,,,,,,,,,,,,0,84.71,100,0,73.43,91,58,65.86,70,17,18.71,27,71.7,209.34,233.2,2732.1,10801.0,37.0,0,6.6,26.01,64.1,31.21,31.25,31.34,63.16,0.11,0.11,0.11,16.0,0.0,0.0,0.01,1.47,3.39,5.59,10.953,14.262,15.041,15.04,15.051,15.992,0.779,0.78,0.789,0.0,16957.0,39062.0,6933.0,55273.0,166113.0,4,4.0,4,16,16.0,16,4,16,31.57,7.34
71,1,,,,,,,0,0,58,24,57.7,1485,10801,37,0,64.4,83.0;82.8;89.6;89.0;83.7;84.0;97.9;91.7;85.5;87.5;86.8;93.1;46.9;52.7;23.3;27.1;55.1;55.9;22.9;25.7;49.7;54.5;40.7;37.2,31.39,0.11,0.0,5.59,15.051,0.789,9472.0,50146.0,4,16,,,,,,,,,,,,,,,,,,,,,,,,,,,,,,,,,,,,,,,,,,,,,,,,,,,,,,,,,,,,,
71,2,,,,,,,96,90,68,16,230.6,2730,10801,37,0,31.6,21.2;16.2;34.4;33.6;20.8;19.8;92.5;95.7;54.0;66.0;91.1;95.9;13.3;14.0;5.1;5.3;12.3;13.5;2.7;5.1;13.0;12.1;9.2;12.8,31.3,0.11,0.09,6.94,15.041,0.779,23925.0,13818.0,4,16,,,,,,,,,,,,,,,,,,,,,,,,,,,,,,,,,,,,,,,,,,,,,,,,,,,,,,,,,,,,,
71,3,,,,,,,96,90,70,17,230.9,2730,10801,37,0,22.0,13.5;2.9;13.3;16.7;6.0;6.8;87.4;81.4;37.4;70.5;86.5;92.0;1.5;1.9;0.2;0.2;0.7;1.4;0.7;0.2;1.4;1.5;1.5;1.7,31.28,0.11,0.0,5.58,15.041,0.779,25830.0,12207.0,4,16,,,,,,,,,,,,,,,,,,,,,,,,,,,,,,,,,,,,,,,,,,,,,,,,,,,,,,,,,,,,,
71,4,,,,,,,100,70,67,17,233.1,2730,10801,37,0,22.0,11.5;2.0;11.7;12.7;4.1;4.6;90.0;89.2;47.2;60.5;93.7;96.1;0.7;0.5;0.2;0.5;0.2;1.0;0.0;0.2;0.2;0.2;0.2;1.2,31.26,0.11,0.03,3.88,15.041,0.779,23193.0,10839.0,4,16,,,,,,,,,,,,,,,,,,,,,,,,,,,,,,,,,,,,,,,,,,,,,,,,,,,,,,,,,,,,,
71,5,,,,,,,96,91,70,15,230.8,2730,10801,37,0,22.4,12.9;2.9;21.6;11.7;6.4;4.2;91.2;88.9;43.1;55.1;97.6;91.9;1.0;1.2;0.5;0.5;0.7;0.5;0.2;0.2;1.2;1.5;2.0;0.7,31.24,0.11,0.01,3.26,15.041,0.779,23095.0,12695.0,4,16,,,,,,,,,,,,,,,,,,,,,,,,,,,,,,,,,,,,,,,,,,,,,,,,,,,,,,,,,,,,,
71,6,,,,,,,100,66,68,16,233.9,2730,10801,37,0,13.6,15.5;1.5;5.9;11.0;2.7;3.2;63.6;50.7;20.6;25.2;59.3;60.0;1.2;0.5;0.5;0.0;0.5;1.0;0.2;0.0;1.0;0.7;0.7;0.0,31.23,0.11,0.0,2.39,15.041,0.779,25781.0,45507.0,4,16,,,,,,,,,,,,,,,,,,,,,,,,,,,,,,,,,,,,,,,,,,,,,,,,,,,,,,,,,,,,,
71,7,,,,,,,100,89,66,15,232.7,2730,10801,37,0,6.9,13.1;0.5;2.5;2.5;0.8;1.4;16.7;60.1;5.2;4.1;17.5;36.2;0.3;1.1;0.0;0.0;0.0;0.8;0.0;0.5;0.0;0.5;0.5;0.0,31.2,0.11,0.0,1.86,15.041,0.779,1220.0,11279.0,4,16,,,,,,,,,,,,,,,,,,,,,,,,,,,,,,,,,,,,,,,,,,,,,,,,,,,,,,,,,,,,,
71,summary,0.29385612655041293,0.9961376103663945,0.28359373598628573,0.9998888888888889,0.00073547,39.8,,,,,,,,,,,,,,,,,,,,,,0,84.0,100,0,70.86,91,58,66.71,70,15,17.14,24,57.7,207.1,233.9,2552.1,10801.0,37.0,0,6.9,26.13,64.4,31.2,31.27,31.39,63.16,0.11,0.11,0.11,16.0,0.0,0.02,0.09,1.86,4.21,6.94,10.954,14.262,15.041,15.04,15.051,15.992,0.779,0.78,0.789,1220.0,18930.86,25830.0,10839.0,22355.86,50146.0,4,4.0,4,16,16.0,16,4,16,31.33,7.66
72,1,,,,,,,0,0,58,27,57.8,1470,10801,37,0,65.1,81.2;85.2;90.8;85.8;75.2;79.4;97.9;90.8;84.4;86.5;92.9;93.6;55.3;60.3;28.4;29.4;54.6;56.7;22.0;19.7;55.6;54.9;43.3;39.7,31.35,0.11,0.0,3.85,15.051,0.789,19726.0,28759.0,4,16,,,,,,,,,,,,,,,,,,,,,,,,,,,,,,,,,,,,,,,,,,,,,,,,,,,,,,,,,,,,,
72,2,,,,,,,100,72,68,16,232.6,2730,10801,37,0,32.0,27.1;15.5;36.2;33.5;21.8;22.0;92.3;96.4;54.3;70.6;93.7;87.0;14.5;13.3;5.1;5.8;12.7;12.9;3.2;5.1;12.6;11.9;9.7;10.2,31.28,0.11,0.0,5.65,15.041,0.779,28955.0,10888.0,4,16,,,,,,,,,,,,,,,,,,,,,,,,,,,,,,,,,,,,,,,,,,,,,,,,,,,,,,,,,,,,,
72,3,,,,,,,100,99,68,14,231.4,2730,10801,37,0,22.0,12.6;2.5;18.1;14.3;5.4;4.2;94.3;90.0;48.2;54.3;88.0;85.5;2.5;1.5;0.2;0.2;1.2;0.7;0.5;1.0;1.0;0.7;1.2;0.2,31.27,0.11,0.01,4.51,15.041,0.779,9912.0,19091.0,4,16,,,,,,,,,,,,,,,,,,,,,,,,,,,,,,,,,,,,,,,,,,,,,,,,,,,,,,,,,,,,,
72,4,,,,,,,100,75,67,17,234.0,2730,10801,37,0,22.1,17.1;1.7;16.9;12.4;6.6;4.4;82.7;84.9;51.6;55.9;98.0;90.2;1.5;1.7;0.7;1.0;0.5;1.0;0.0;0.2;0.7;0.5;0.5;0.2,31.24,0.11,0.0,3.44,15.041,0.779,26220.0,11132.0,4,16,,,,,,,,,,,,,,,,,,,,,,,,,,,,,,,,,,,,,,,,,,,,,,,,,,,,,,,,,,,,,
72,5,,,,,,,100,68,68,17,234.9,2730,10801,37,0,21.8,16.4;3.1;18.8;16.9;5.1;2.4;90.1;84.9;42.6;55.7;88.2;85.3;2.9;3.1;0.2;0.2;1.0;0.5;0.2;0.0;1.7;2.2;0.7;0.2,31.23,0.11,0.01,2.12,15.041,0.779,20654.0,12255.0,4,16,,,,,,,,,,,,,,,,,,,,,,,,,,,,,,,,,,,,,,,,,,,,,,,,,,,,,,,,,,,,,
72,6,,,,,,,98,91,67,16,231.4,2730,10801,37,0,14.2,12.2;2.5;7.4;9.6;3.4;2.7;55.3;51.3;27.8;25.1;81.5;53.9;0.7;0.7;0.0;0.0;0.0;0.5;0.0;0.7;0.7;1.5;1.5;0.5,31.19,0.11,0.0,2.28,15.041,0.779,10546.0,21875.0,4,16,,,,,,,,,,,,,,,,,,,,,,,,,,,,,,,,,,,,,,,,,,,,,,,,,,,,,,,,,,,,,
72,7,,,,,,,100,67,67,17,234.9,2730,10801,37,0,6.2,12.3;0.3;0.8;1.4;0.3;0.0;12.8;26.9;3.1;1.1;56.9;30.4;0.0;0.6;0.0;0.0;0.0;0.0;0.0;0.0;0.0;0.0;0.0;0.3,31.18,0.11,0.0,1.45,15.041,0.779,341.0,1757.0,4,16,,,,,,,,,,,,,,,,,,,,,,,,,,,,,,,,,,,,,,,,,,,,,,,,,,,,,,,,,,,,,
72,summary,0.29435170910295144,0.9961051922279829,0.28416400504112244,0.9993333333333333,0.00072839,39.6,,,,,,,,,,,,,,,,,,,,,,0,85.43,100,0,67.43,99,58,66.14,68,14,17.71,27,57.8,208.14,234.9,2550.0,10801.0,37.0,0,6.2,26.2,65.1,31.18,31.25,31.35,63.16,0.11,0.11,0.11,16.0,0.0,0.0,0.01,1.45,3.33,5.65,10.954,14.262,15.041,15.04,15.051,15.992,0.779,0.78,0.789,341.0,16622.0,28955.0,1757.0,15108.14,28759.0,4,4.0,4,16,16.0,16,4,16,31.42,7.4
73,1,,,,,,,0,0,57,24,54.0,1350,10801,37,0,65.5,79.3;74.0;89.0;90.3;83.4;80.7;90.3;97.2;90.3;87.6;93.8;93.1;59.0;57.9;28.5;28.5;59.0;62.5;22.1;20.8;51.4;52.8;40.0;39.6,31.35,0.11,0.01,4.66,15.051,0.789,18896.0,163281.0,4,16,,,,,,,,,,,,,,,,,,,,,,,,,,,,,,,,,,,,,,,,,,,,,,,,,,,,,,,,,,,,,
73,2,,,,,,,100,89,65,16,232.1,2730,10801,37,0,31.0,24.1;14.7;32.7;31.2;21.0;18.0;92.8;93.3;65.1;57.9;95.7;94.2;13.0;12.3;3.6;4.1;11.6;12.8;2.7;2.4;11.6;11.8;7.5;8.9,31.28,0.11,0.0,4.7,15.041,0.779,8984.0,29638.0,4,16,,,,,,,,,,,,,,,,,,,,,,,,,,,,,,,,,,,,,,,,,,,,,,,,,,,,,,,,,,,,,
73,3,,,,,,,100,99,66,17,232.9,2730,10801,37,0,22.3,13.2;1.9;12.3;14.3;4.1;4.4;90.8;93.5;52.2;50.4;93.7;94.7;1.9;1.7;0.5;0.0;0.5;0.7;0.0;0.0;1.2;1.0;0.7;0.5,31.26,0.11,0.0,4.6,15.041,0.779,5859.0,36279.0,4,16,,,,,,,,,,,,,,,,,,,,,,,,,,,,,,,,,,,,,,,,,,,,,,,,,,,,,,,,,,,,,
73,4,,,,,,,100,89,68,18,231.4,2730,10801,37,0,22.7,15.0;1.5;21.8;15.9;3.2;7.5;86.6;91.5;45.2;57.3;93.9;95.1;1.2;1.0;0.2;1.5;1.2;1.2;0.2;0.7;0.7;1.2;0.2;0.2,31.24,0.11,0.0,3.5,15.041,0.779,8593.0,45361.0,4,16,,,,,,,,,,,,,,,,,,,,,,,,,,,,,,,,,,,,,,,,,,,,,,,,,,,,,,,,,,,,,
73,5,,,,,,,96,88,67,17,231.2,2730,10801,37,0,22.9,17.3;4.6;18.7;14.1;4.9;6.6;87.1;91.7;48.0;56.9;92.7;94.2;1.0;3.2;0.5;0.5;1.2;1.5;0.5;0.7;0.2;0.5;0.7;0.7,31.21,0.11,0.0,2.74,15.041,0.779,23632.0,27539.0,4,16,,,,,,,,,,,,,,,,,,,,,,,,,,,,,,,,,,,,,,,,,,,,,,,,,,,,,,,,,,,,,
73,6,,,,,,,100,77,68,17,233.1,2730,10801,37,0,13.5,13.0;1.5;5.2;9.4;3.4;2.2;66.0;54.6;25.6;22.4;51.0;62.1;1.2;1.7;0.5;0.2;0.2;0.5;0.0;0.0;0.7;1.2;0.5;0.2,31.19,0.11,0.01,1.97,15.041,0.779,8496.0,48339.0,4,16,,,,,,,,,,,,,,,,,,,,,,,,,,,,,,,,,,,,,,,,,,,,,,,,,,,,,,,,,,,,,
73,7,,,,,,,100,98,69,16,222.7,2730,10801,37,0,6.3,12.6;0.5;1.1;0.3;0.3;0.3;35.3;23.4;2.2;3.8;25.7;41.9;0.3;0.3;0.0;0.0;0.0;0.3;0.3;0.0;0.0;0.0;0.0;1.1,31.19,0.11,0.0,1.44,15.041,0.779,781.0,1513.0,4,16,,,,,,,,,,,,,,,,,,,,,,,,,,,,,,,,,,,,,,,,,,,,,,,,,,,,,,,,,,,,,
73,summary,0.2938403519768423,0.9961468726916549,0.2837688404719035,0.9994444444444445,0.00072125,39.8,,,,,,,,,,,,,,,,,,,,,,0,85.14,100,0,77.14,99,57,65.71,69,16,17.86,24,54.0,205.34,233.1,2532.9,10801.0,37.0,0,6.3,26.31,65.5,31.19,31.25,31.35,63.16,0.11,0.11,0.11,16.0,0.0,0.0,0.01,1.44,3.37,4.7,10.955,14.262,15.041,15.04,15.051,15.992,0.779,0.78,0.789,781.0,10748.71,23632.0,1513.0,50278.57,163281.0,4,4.0,4,16,16.0,16,4,16,31.7,7.33
74,1,,,,,,,0,0,57,27,53.1,1320,10801,37,0,64.5,80.4;79.6;86.4;83.1;78.9;82.3;91.2;96.6;87.1;86.4;93.9;97.3;60.8;56.5;26.7;26.0;51.7;55.8;23.3;19.9;52.4;49.0;41.9;39.5,31.36,0.11,0.0,4.63,15.051,0.789,20898.0,64453.0,4,16,,,,,,,,,,,,,,,,,,,,,,,,,,,,,,,,,,,,,,,,,,,,,,,,,,,,,,,,,,,,,
74,2,,,,,,,96,92,65,16,229.8,2730,10801,37,0,30.5,26.9;14.4;32.8;26.5;17.1;16.8;94.1;86.6;62.6;66.3;96.8;96.6;12.2;11.3;4.2;4.2;10.0;11.2;3.7;1.5;10.8;10.5;6.4;7.8,31.28,0.11,0.0,5.66,15.041,0.779,6298.0,15429.0,4,16,,,,,,,,,,,,,,,,,,,,,,,,,,,,,,,,,,,,,,,,,,,,,,,,,,,,,,,,,,,,,
74,3,,,,,,,100,68,69,18,232.8,2730,10801,37,0,22.9,19.3;3.9;18.9;21.7;5.6;4.9;83.7;89.8;42.8;49.5;94.2;95.9;3.2;2.9;0.7;0.2;1.9;2.7;0.0;0.7;2.4;2.9;0.7;1.0,31.26,0.11,0.0,3.63,15.041,0.779,5761.0,44482.0,4,16,,,,,,,,,,,,,,,,,,,,,,,,,,,,,,,,,,,,,,,,,,,,,,,,,,,,,,,,,,,,,
74,4,,,,,,,96,90,67,18,230.3,2730,10801,37,0,22.3,15.8;3.7;14.5;12.0;5.7;7.4;90.2;90.9;43.1;58.7;91.6;95.1;1.7;2.0;0.2;0.0;1.0;0.7;0.5;0.2;0.0;0.0;0.2;0.7,31.24,0.11,0.02,3.61,15.041,0.779,5566.0,27539.0,4,16,,,,,,,,,,,,,,,,,,,,,,,,,,,,,,,,,,,,,,,,,,,,,,,,,,,,,,,,,,,,,
74,5,,,,,,,96,91,65,14,222.0,2730,10801,37,0,21.7,15.3;3.4;16.3;9.6;5.3;2.9;92.6;91.1;60.1;39.4;83.0;94.0;0.7;0.7;0.5;0.2;0.7;1.0;0.2;0.5;0.5;1.0;0.5;1.0,31.21,0.11,0.0,2.67,15.041,0.779,15869.0,26611.0,4,16,,,,,,,,,,,,,,,,,,,,,,,,,,,,,,,,,,,,,,,,,,,,,,,,,,,,,,,,,,,,,
74,6,,,,,,,100,69,69,16,234.4,2730,10801,37,0,13.8,16.5;2.0;10.6;7.6;3.7;3.9;52.0;61.0;24.1;25.9;62.6;51.7;1.5;1.2;0.0;0.2;0.7;0.7;0.2;0.2;0.2;1.2;0.7;0.5,31.19,0.11,0.0,2.25,15.041,0.779,7617.0,38720.0,4,16,,,,,,,,,,,,,,,,,,,,,,,,,,,,,,,,,,,,,,,,,,,,,,,,,,,,,,,,,,,,,
74,7,,,,,,,96,90,66,18,232.0,2730,10801,37,0,6.6,11.6;0.3;2.2;1.7;0.3;0.8;24.6;21.4;3.4;3.9;38.8;39.8;1.4;1.4;0.0;0.6;0.8;1.1;0.0;0.3;1.9;1.1;0.6;0.6,31.17,0.11,0.01,1.5,15.041,0.779,292.0,1855.0,4,16,,,,,,,,,,,,,,,,,,,,,,,,,,,,,,,,,,,,,,,,,,,,,,,,,,,,,,,,,,,,,
74,summary,0.29394957133700644,0.9961792908300664,0.28376049224535627,0.9995555555555555,0.00071406,39.7,,,,,,,,,,,,,,,,,,,,,,0,83.43,100,0,71.43,92,57,65.43,69,14,18.14,27,53.1,204.91,234.4,2528.6,10801.0,37.0,0,6.6,26.04,64.5,31.17,31.24,31.36,63.16,0.11,0.11,0.11,16.0,0.0,0.0,0.02,1.5,3.42,5.66,10.955,14.262,15.041,15.04,15.051,15.992,0.779,0.78,0.789,292.0,8900.14,20898.0,1855.0,31298.43,64453.0,4,4.0,4,16,16.0,16,4,16,31.72,7.22
75,1,,,,,,,0,0,58,25,72.5,2745,10801,37,0,65.0,75.0;77.6;87.4;87.5;84.9;80.4;90.2;97.9;88.1;88.1;94.4;93.7;56.6;54.5;27.3;25.2;54.5;53.1;28.5;25.2;53.8;53.8;40.6;39.9,31.33,0.11,0.01,3.76,15.051,0.789,7666.0,14990.0,4,16,,,,,,,,,,,,,,,,,,,,,,,,,,,,,,,,,,,,,,,,,,,,,,,,,,,,,,,,,,,,,
75,2,,,,,,,100,78,69,17,231.6,2730,10801,37,0,30.6,23.2;14.3;35.4;26.9;18.4;17.7;87.7;88.2;63.4;68.0;92.3;90.3;11.4;12.1;4.9;6.6;11.7;11.7;2.9;3.6;10.7;11.9;9.2;12.1,31.28,0.11,0.0,5.64,15.041,0.779,14160.0,11425.0,4,16,,,,,,,,,,,,,,,,,,,,,,,,,,,,,,,,,,,,,,,,,,,,,,,,,,,,,,,,,,,,,
75,3,,,,,,,100,91,67,18,222.2,2730,10801,37,0,21.5,11.2;1.5;13.3;9.9;6.6;3.4;81.6;92.0;42.3;60.1;92.2;94.9;1.7;1.9;0.0;0.5;0.2;0.2;0.0;0.2;1.0;0.2;0.2;0.2,31.25,0.11,0.0,4.48,15.041,0.779,5273.0,28857.0,4,16,,,,,,,,,,,,,,,,,,,,,,,,,,,,,,,,,,,,,,,,,,,,,,,,,,,,,,,,,,,,,
75,4,,,,,,,96,86,66,17,231.3,2730,10801,37,0,22.6,13.5;3.7;17.5;12.2;6.6;5.1;91.7;94.9;50.0;45.0;94.9;92.7;2.7;2.7;0.7;0.7;1.5;2.0;1.0;0.2;1.5;1.5;0.2;0.5,31.22,0.11,0.0,2.74,15.041,0.779,5566.0,30810.0,4,16,,,,,,,,,,,,,,,,,,,,,,,,,,,,,,,,,,,,,,,,,,,,,,,,,,,,,,,,,,,,,
75,5,,,,,,,100,78,69,18,232.3,2730,10801,37,0,23.1,13.4;2.7;17.0;12.6;5.6;7.3;92.9;93.2;50.7;56.6;92.7;94.4;1.9;1.7;1.0;0.5;1.9;0.7;1.2;1.0;1.2;1.5;1.2;1.9,31.19,0.11,0.0,2.79,15.041,0.779,4882.0,24023.0,4,16,,,,,,,,,,,,,,,,,,,,,,,,,,,,,,,,,,,,,,,,,,,,,,,,,,,,,,,,,,,,,
75,6,,,,,,,97,90,65,17,231.5,2730,10801,37,0,14.0,14.3;1.7;9.9;5.7;1.7;4.7;58.8;63.9;15.5;31.4;56.0;65.5;1.2;0.5;0.5;0.0;0.2;0.5;0.0;0.0;2.2;0.2;0.7;1.0,31.19,0.11,0.0,2.27,15.041,0.779,6982.0,25195.0,4,16,,,,,,,,,,,,,,,,,,,,,,,,,,,,,,,,,,,,,,,,,,,,,,,,,,,,,,,,,,,,,
75,7,,,,,,,100,83,69,19,232.4,2730,10801,36,0,7.2,14.3;2.2;1.7;1.7;1.4;2.5;43.9;43.0;3.6;5.8;15.2;26.4;1.1;1.1;0.6;0.3;1.1;1.4;0.6;0.3;2.2;1.9;0.8;0.3,31.17,0.11,0.0,1.45,15.041,0.779,634.0,1660.0,4,16,,,,,,,,,,,,,,,,,,,,,,,,,,,,,,,,,,,,,,,,,,,,,,,,,,,,,,,,,,,,,
75,summary,0.29334298769140704,0.9963737996605357,0.28411943440967136,0.9992222222222222,0.00070681,39.7,,,,,,,,,,,,,,,,,,,,,,0,84.71,100,0,72.29,91,58,66.14,69,17,18.71,25,72.5,207.69,232.4,2732.1,10801.0,36.9,0,7.2,26.29,65.0,31.17,31.23,31.33,63.16,0.11,0.11,0.11,16.0,0.0,0.0,0.01,1.45,3.3,5.64,10.955,14.262,15.041,15.04,15.051,15.992,0.779,0.78,0.789,634.0,6451.86,14160.0,1660.0,19565.71,30810.0,4,4.0,4,16,16.0,16,4,16,31.8,7.14
76,1,,,,,,,0,0,58,24,64.3,1470,10801,37,0,64.4,81.1;82.6;92.4;91.7;84.7;85.4;91.0;97.2;82.6;85.4;90.3;94.4;52.8;52.1;25.7;26.9;49.3;50.0;27.1;25.0;47.9;50.7;41.1;38.6,31.33,0.11,0.0,7.43,15.051,0.789,6201.0,48583.0,4,16,,,,,,,,,,,,,,,,,,,,,,,,,,,,,,,,,,,,,,,,,,,,,,,,,,,,,,,,,,,,,
76,2,,,,,,,96,88,66,19,232.2,2730,10801,37,0,31.2,23.1;15.0;34.5;25.5;19.9;18.4;94.0;94.7;70.1;51.5;95.2;95.0;13.6;13.6;4.4;6.6;11.9;11.2;4.4;4.9;11.4;10.0;9.5;10.9,31.28,0.11,0.0,4.44,15.041,0.779,10107.0,19189.0,4,16,,,,,,,,,,,,,,,,,,,,,,,,,,,,,,,,,,,,,,,,,,,,,,,,,,,,,,,,,,,,,
76,3,,,,,,,100,73,68,18,234.6,2730,10801,37,0,22.7,14.9;2.4;20.0;12.7;4.9;5.6;92.2;90.2;40.6;60.8;89.8;96.2;2.2;2.0;1.0;0.7;0.5;1.2;0.2;0.7;1.2;0.5;0.7;1.7,31.25,0.11,0.0,4.45,15.041,0.779,17871.0,43701.0,4,16,,,,,,,,,,,,,,,,,,,,,,,,,,,,,,,,,,,,,,,,,,,,,,,,,,,,,,,,,,,,,
76,4,,,,,,,100,98,66,17,232.5,2730,10801,37,0,22.1,10.8;2.7;14.5;8.4;3.7;5.7;90.9;90.4;45.0;58.2;95.6;92.7;1.0;1.5;0.2;0.5;1.2;0.7;0.2;1.0;1.7;1.2;0.2;1.0,31.23,0.11,0.0,3.38,15.041,0.779,13476.0,168798.0,4,16,,,,,,,,,,,,,,,,,,,,,,,,,,,,,,,,,,,,,,,,,,,,,,,,,,,,,,,,,,,,,
76,5,,,,,,,90,3,66,19,223.9,2730,10801,37,0,22.9,15.5;3.1;16.7;15.9;4.6;6.5;94.7;95.4;43.5;56.7;93.0;91.6;2.2;1.9;0.7;0.2;1.0;1.2;0.7;0.2;1.4;1.0;1.9;0.7,31.23,0.11,0.0,2.07,15.055,0.793,5322.0,53759.0,4,16,,,,,,,,,,,,,,,,,,,,,,,,,,,,,,,,,,,,,,,,,,,,,,,,,,,,,,,,,,,,,
76,6,,,,,,,100,70,67,18,235.3,2730,10801,36,0,14.7,12.7;2.7;10.8;8.0;3.2;2.9;54.2;72.4;30.5;20.8;55.9;68.4;1.2;1.0;0.7;0.2;1.0;0.2;0.2;0.5;0.7;0.7;0.2;2.2,31.21,0.11,0.0,2.25,15.041,0.779,5712.0,58251.0,4,16,,,,,,,,,,,,,,,,,,,,,,,,,,,,,,,,,,,,,,,,,,,,,,,,,,,,,,,,,,,,,
76,7,,,,,,,100,99,66,15,232.7,2730,10801,37,0,6.4,9.0;0.8;1.4;2.0;1.4;0.3;20.5;37.5;2.0;3.7;33.7;36.4;0.8;0.6;0.0;0.0;0.6;0.3;0.0;0.0;0.0;0.0;0.6;0.3,31.2,0.11,0.0,1.48,15.041,0.779,976.0,1660.0,4,16,,,,,,,,,,,,,,,,,,,,,,,,,,,,,,,,,,,,,,,,,,,,,,,,,,,,,,,,,,,,,
76,summary,0.29349045261914625,0.9962811764079313,0.2845498152573903,0.9992222222222222,0.00069952,39.7,,,,,,,,,,,,,,,,,,,,,,0,83.71,100,0,61.57,99,58,65.29,68,15,18.57,24,64.3,207.93,235.3,2550.0,10801.0,36.9,0,6.4,26.34,64.4,31.2,31.25,31.33,63.16,0.11,0.11,0.11,16.0,0.0,0.0,0.0,1.48,3.64,7.43,10.956,14.262,15.041,15.04,15.055,15.992,0.779,0.78,0.793,976.0,8523.57,17871.0,1660.0,56277.29,168798.0,4,4.0,4,16,16.0,16,4,16,31.85,7.08
77,1,,,,,,,0,0,57,27,58.8,1485,10801,37,0,63.9,75.2;77.1;90.9;92.3;82.8;82.5;90.2;94.4;89.6;90.9;92.3;98.6;56.2;55.6;22.9;25.2;58.3;60.5;17.4;20.5;47.9;50.7;33.8;33.6,31.36,0.11,0.0,4.73,15.051,0.789,22119.0,14648.0,4,16,,,,,,,,,,,,,,,,,,,,,,,,,,,,,,,,,,,,,,,,,,,,,,,,,,,,,,,,,,,,,
77,2,,,,,,,98,75,68,17,234.1,2730,10801,37,0,30.7,24.8;15.0;30.3;27.8;22.2;20.3;86.5;90.6;58.3;65.0;96.9;97.6;12.6;12.8;2.7;3.6;13.6;12.8;1.0;1.7;12.3;10.9;7.3;9.9,31.28,0.11,0.0,5.63,15.041,0.779,11474.0,11181.0,4,16,,,,,,,,,,,,,,,,,,,,,,,,,,,,,,,,,,,,,,,,,,,,,,,,,,,,,,,,,,,,,
77,3,,,,,,,100,92,67,17,232.5,2730,10801,37,0,22.6,15.7;3.2;15.5;9.9;3.9;6.2;94.1;90.4;45.9;54.8;96.3;89.7;3.7;1.7;1.2;1.0;1.7;0.7;0.5;0.2;1.7;1.2;0.7;2.5,31.27,0.11,0.01,3.68,15.041,0.779,30419.0,14501.0,4,16,,,,,,,,,,,,,,,,,,,,,,,,,,,,,,,,,,,,,,,,,,,,,,,,,,,,,,,,,,,,,
77,4,,,,,,,100,99,66,16,231.5,2730,10801,37,0,22.3,17.5;1.7;19.9;7.4;4.3;4.6;97.8;93.8;41.5;53.7;91.4;93.8;1.2;0.5;0.0;0.5;1.2;0.2;0.5;1.0;1.0;0.0;0.2;1.2,31.25,0.11,0.0,3.46,15.041,0.779,30419.0,17919.0,4,16,,,,,,,,,,,,,,,,,,,,,,,,,,,,,,,,,,,,,,,,,,,,,,,,,,,,,,,,,,,,,
77,5,,,,,,,100,78,68,17,234.0,2730,10801,37,0,21.8,12.7;1.0;19.9;9.3;3.9;3.2;85.3;94.4;66.8;35.5;94.1;90.2;0.7;1.7;0.0;0.7;1.2;1.0;0.0;0.0;0.5;0.2;1.0;0.7,31.23,0.11,0.0,2.74,15.041,0.779,7031.0,29882.0,4,16,,,,,,,,,,,,,,,,,,,,,,,,,,,,,,,,,,,,,,,,,,,,,,,,,,,,,,,,,,,,,
77,6,,,,,,,100,95,66,17,232.7,2730,10801,37,0,13.9,15.8;2.5;6.7;7.9;2.2;2.2;49.5;64.8;18.7;24.1;51.1;77.3;0.5;0.5;0.7;0.5;0.5;0.5;0.2;0.2;1.5;1.5;1.2;1.5,31.21,0.11,0.0,1.94,15.041,0.779,21191.0,45458.0,4,16,,,,,,,,,,,,,,,,,,,,,,,,,,,,,,,,,,,,,,,,,,,,,,,,,,,,,,,,,,,,,
77,7,,,,,,,100,75,68,17,234.4,2730,10801,36,0,6.7,14.4;0.6;1.9;1.9;0.6;1.1;37.8;26.2;4.7;3.3;36.0;27.9;0.3;0.0;0.0;0.0;0.0;0.0;0.0;0.0;0.8;0.0;1.1;1.4,31.17,0.11,0.0,1.5,15.041,0.779,1660.0,1757.0,4,16,,,,,,,,,,,,,,,,,,,,,,,,,,,,,,,,,,,,,,,,,,,,,,,,,,,,,,,,,,,,,
77,summary,0.29357089827556726,0.9963228568716034,0.2843158432642619,0.9993333333333333,0.00069216,39.7,,,,,,,,,,,,,,,,,,,,,,0,85.43,100,0,73.43,99,57,65.71,68,16,18.29,27,58.8,208.29,234.4,2552.1,10801.0,36.9,0,6.7,25.99,63.9,31.17,31.25,31.36,63.16,0.11,0.11,0.11,16.0,0.0,0.0,0.01,1.5,3.38,5.63,10.956,14.262,15.041,15.04,15.051,15.992,0.779,0.78,0.789,1660.0,17759.0,30419.0,1757.0,19335.14,45458.0,4,4.0,4,16,16.0,16,4,16,31.45,7.44
78,1,,,,,,,0,0,57,27,54.3,1305,10801,36,0,64.1,78.2;82.5;92.3;90.2;77.1;79.7;93.0;97.2;83.3;84.6;89.5;95.8;53.5;53.4;34.5;35.6;46.6;47.3;33.1;31.5;38.4;45.2;44.2;40.4,31.34,0.11,0.0,4.58,15.051,0.789,5908.0,16357.0,4,16,,,,,,,,,,,,,,,,,,,,,,,,,,,,,,,,,,,,,,,,,,,,,,,,,,,,,,,,,,,,,
78,2,,,,,,,98,75,68,18,233.6,2730,10801,37,0,30.0,23.5;13.1;28.9;25.8;16.5;16.0;90.7;93.6;68.5;62.8;90.7;93.1;10.5;11.4;5.0;5.5;10.7;11.5;2.9;3.1;10.3;10.0;7.2;8.1,31.28,0.11,0.0,5.56,15.041,0.779,27929.0,26904.0,4,16,,,,,,,,,,,,,,,,,,,,,,,,,,,,,,,,,,,,,,,,,,,,,,,,,,,,,,,,,,,,,
78,3,,,,,,,100,91,65,17,231.0,2730,10801,37,0,21.6,13.6;1.0;12.5;11.8;4.9;5.4;91.2;94.1;41.8;56.4;87.0;90.0;2.0;0.7;0.2;0.0;2.2;2.2;0.0;0.5;0.5;0.7;0.2;0.5,31.25,0.11,0.0,4.51,15.041,0.779,4101.0,41748.0,4,16,,,,,,,,,,,,,,,,,,,,,,,,,,,,,,,,,,,,,,,,,,,,,,,,,,,,,,,,,,,,,
78,4,,,,,,,96,77,69,16,232.5,2730,10801,36,0,21.7,12.8;2.0;16.0;10.6;5.4;3.2;91.4;90.7;51.6;46.8;90.4;94.6;0.7;1.2;0.0;0.0;0.7;0.0;0.2;0.2;0.5;0.5;0.2;0.0,31.24,0.11,0.0,2.78,15.041,0.779,6738.0,24560.0,4,16,,,,,,,,,,,,,,,,,,,,,,,,,,,,,,,,,,,,,,,,,,,,,,,,,,,,,,,,,,,,,
78,5,,,,,,,100,87,66,14,232.8,2730,10801,37,0,22.9,15.1;2.5;17.8;9.1;6.6;8.6;94.9;93.1;46.1;57.7;95.4;90.7;1.5;2.0;0.7;0.2;1.0;0.5;0.2;0.7;2.0;1.5;1.0;1.2,31.23,0.11,0.0,2.85,15.041,0.779,27685.0,13769.0,4,16,,,,,,,,,,,,,,,,,,,,,,,,,,,,,,,,,,,,,,,,,,,,,,,,,,,,,,,,,,,,,
78,6,,,,,,,100,98,66,16,232.2,2730,10801,36,0,13.6,13.2;1.7;9.9;6.1;2.7;2.9;50.5;59.1;31.2;17.9;46.5;79.2;1.0;0.7;0.2;0.0;0.2;0.5;0.2;0.5;1.0;1.2;0.0;0.5,31.2,0.11,0.14,3.08,15.041,0.779,27880.0,29443.0,4,16,,,,,,,,,,,,,,,,,,,,,,,,,,,,,,,,,,,,,,,,,,,,,,,,,,,,,,,,,,,,,
78,7,,,,,,,100,74,68,16,235.0,2730,10801,37,0,6.9,10.9;1.9;2.2;2.8;1.7;1.7;33.5;42.3;5.2;6.1;32.6;21.2;0.6;0.6;0.0;0.0;0.6;0.3;0.0;0.0;0.0;0.6;0.0;0.0,31.21,0.11,0.14,2.12,15.045,0.783,878.0,1562.0,4,16,,,,,,,,,,,,,,,,,,,,,,,,,,,,,,,,,,,,,,,,,,,,,,,,,,,,,,,,,,,,,
78,summary,0.2932654333740349,0.996378430823166,0.28396600524584453,0.9994444444444445,0.00068477,39.9,,,,,,,,,,,,,,,,,,,,,,0,84.86,100,0,71.71,98,57,65.57,69,14,17.71,27,54.3,207.34,235.0,2526.4,10801.0,36.6,0,6.9,25.83,64.1,31.2,31.25,31.34,63.16,0.11,0.11,0.11,16.0,0.0,0.04,0.14,2.12,3.64,5.56,10.953,14.262,15.041,15.04,15.051,15.992,0.779,0.78,0.789,878.0,14445.57,27929.0,1562.0,22049.0,41748.0,4,4.0,4,16,16.0,16,4,16,31.5,7.49
79,1,,,,,,,0,0,57,27,54.1,1590,5001,36,0,63.0,74.0;76.4;88.4;89.8;78.9;81.1;95.9;89.8;82.3;80.4;89.1;98.0;54.7;60.1;26.4;30.0;45.9;51.4;22.3;25.5;43.2;46.6;43.0;39.9,31.37,0.11,0.0,3.81,15.051,0.789,32324.0,20605.0,4,16,,,,,,,,,,,,,,,,,,,,,,,,,,,,,,,,,,,,,,,,,,,,,,,,,,,,,,,,,,,,,
79,2,,,,,,,100,67,67,19,233.4,2730,10801,37,0,31.1,23.9;12.4;37.1;30.4;22.1;19.4;94.2;93.5;54.0;65.7;93.4;93.9;12.4;12.1;4.9;5.1;12.9;11.4;3.2;4.1;10.9;11.4;7.1;10.4,31.3,0.11,0.01,5.64,15.041,0.779,39843.0,33496.0,4,16,,,,,,,,,,,,,,,,,,,,,,,,,,,,,,,,,,,,,,,,,,,,,,,,,,,,,,,,,,,,,
79,3,,,,,,,96,89,68,17,231.1,2730,10801,37,0,22.9,13.8;3.6;16.7;13.9;4.9;6.3;92.0;93.2;49.1;53.8;95.1;93.2;1.2;1.7;0.5;1.9;1.2;1.5;0.0;0.2;1.2;0.7;1.7;1.7,31.28,0.11,0.0,4.5,15.041,0.779,14404.0,11279.0,4,16,,,,,,,,,,,,,,,,,,,,,,,,,,,,,,,,,,,,,,,,,,,,,,,,,,,,,,,,,,,,,
79,4,,,,,,,97,92,70,17,231.1,2730,10801,37,0,22.5,14.0;3.1;19.3;14.6;6.2;7.2;91.6;93.0;47.0;47.8;93.3;92.5;1.7;1.4;0.5;0.5;1.0;1.2;0.7;0.5;1.7;0.5;0.2;0.7,31.26,0.11,0.0,3.35,15.041,0.779,4199.0,26367.0,4,16,,,,,,,,,,,,,,,,,,,,,,,,,,,,,,,,,,,,,,,,,,,,,,,,,,,,,,,,,,,,,
79,5,,,,,,,100,67,66,19,233.9,2730,10801,37,0,23.0,16.4;4.4;19.8;13.7;6.1;6.1;88.0;89.0;61.0;44.3;90.4;95.3;2.7;4.2;0.5;1.0;2.5;1.0;1.0;0.5;1.7;1.5;1.5;1.0,31.23,0.11,0.0,2.1,15.041,0.779,26220.0,37744.0,4,16,,,,,,,,,,,,,,,,,,,,,,,,,,,,,,,,,,,,,,,,,,,,,,,,,,,,,,,,,,,,,
79,6,,,,,,,97,90,68,17,234.9,2730,10801,37,0,13.8,12.8;1.7;8.4;8.4;4.2;3.4;54.2;59.6;19.5;28.1;57.6;68.6;0.5;1.0;0.0;0.5;0.2;0.7;0.0;0.0;1.0;0.5;0.2;1.0,31.2,0.11,0.01,2.32,15.041,0.779,26123.0,13818.0,4,16,,,,,,,,,,,,,,,,,,,,,,,,,,,,,,,,,,,,,,,,,,,,,,,,,,,,,,,,,,,,,
79,7,,,,,,,100,69,67,16,231.5,2730,10801,36,0,6.5,14.1;0.3;1.7;0.6;0.6;0.3;44.3;25.3;2.5;4.5;39.0;19.8;0.3;0.0;0.0;0.3;0.6;0.0;0.3;0.3;0.8;0.6;0.0;0.0,31.19,0.11,0.0,1.47,15.041,0.779,292.0,390.0,4,16,,,,,,,,,,,,,,,,,,,,,,,,,,,,,,,,,,,,,,,,,,,,,,,,,,,,,,,,,,,,,
79,summary,0.29329279273548337,0.9963413815221243,0.28366707187228735,0.9994444444444445,0.00067732,39.7,,,,,,,,,,,,,,,,,,,,,,0,84.29,100,0,67.71,92,57,66.14,70,16,18.86,27,54.1,207.14,234.9,2567.1,9972.4,36.7,0,6.5,26.11,63.0,31.19,31.26,31.37,63.16,0.11,0.11,0.11,16.0,0.0,0.0,0.01,1.47,3.31,5.64,10.954,14.262,15.041,15.04,15.051,15.992,0.779,0.78,0.789,292.0,20486.43,39843.0,390.0,20528.43,37744.0,4,4.0,4,16,16.0,16,4,16,31.73,7.15
80,1,,,,,,,59,51,57,27,58.7,1350,10801,36,0,65.5,79.7;82.9;91.0;90.4;88.4;86.2;86.9;100.0;82.2;85.5;92.4;95.9;59.3;60.0;31.0;32.4;56.8;59.9;20.9;22.8;44.5;42.8;40.8;40.4,31.34,0.11,0.01,4.98,15.051,0.789,23437.0,26855.0,4,16,,,,,,,,,,,,,,,,,,,,,,,,,,,,,,,,,,,,,,,,,,,,,,,,,,,,,,,,,,,,,
80,2,,,,,,,100,98,66,17,232.5,2730,10801,37,0,30.4,22.3;15.4;34.9;27.7;17.1;16.6;89.1;89.3;55.8;72.0;91.7;94.1;11.2;11.9;4.3;5.7;11.4;11.6;3.6;3.3;11.2;11.1;9.0;10.4,31.28,0.11,0.0,5.51,15.041,0.779,4394.0,62841.0,4,16,,,,,,,,,,,,,,,,,,,,,,,,,,,,,,,,,,,,,,,,,,,,,,,,,,,,,,,,,,,,,
80,3,,,,,,,100,77,66,15,234.8,2730,10801,36,0,22.1,9.6;3.2;11.8;15.7;4.9;4.4;97.6;93.4;45.5;59.6;90.7;87.8;1.0;0.5;0.5;0.5;0.2;0.2;0.2;0.0;1.7;0.7;0.2;0.0,31.27,0.11,0.0,3.68,15.041,0.779,27099.0,20019.0,4,16,,,,,,,,,,,,,,,,,,,,,,,,,,,,,,,,,,,,,,,,,,,,,,,,,,,,,,,,,,,,,
80,4,,,,,,,100,93,68,18,232.8,2730,10801,36,0,22.8,14.8;2.7;14.5;21.8;3.7;7.4;89.0;88.5;54.9;49.5;87.2;95.3;2.7;1.7;1.0;1.0;0.7;0.7;0.5;0.2;4.1;2.0;1.7;1.5,31.27,0.11,0.01,3.55,15.041,0.779,5664.0,38183.0,4,16,,,,,,,,,,,,,,,,,,,,,,,,,,,,,,,,,,,,,,,,,,,,,,,,,,,,,,,,,,,,,
80,5,,,,,,,96,77,67,18,233.1,2730,10801,37,0,22.3,12.2;4.7;13.8;10.1;4.7;7.8;87.0;84.8;52.1;49.6;95.6;96.3;3.0;1.7;0.5;0.5;2.9;2.5;0.0;0.7;1.0;0.7;1.0;1.2,31.23,0.11,0.0,2.74,15.041,0.779,6640.0,46728.0,4,16,,,,,,,,,,,,,,,,,,,,,,,,,,,,,,,,,,,,,,,,,,,,,,,,,,,,,,,,,,,,,
80,6,,,,,,,98,76,67,16,235.3,2730,10801,37,0,13.2,10.8;2.2;4.8;8.7;2.2;1.9;56.6;78.8;15.7;30.8;48.3;49.8;1.0;0.7;0.7;0.0;0.7;0.5;0.5;0.0;1.2;0.5;0.2;0.2,31.2,0.11,0.0,1.93,15.041,0.779,16308.0,39501.0,4,16,,,,,,,,,,,,,,,,,,,,,,,,,,,,,,,,,,,,,,,,,,,,,,,,,,,,,,,,,,,,,
80,7,,,,,,,100,99,68,17,232.2,2730,10801,36,0,7.6,12.1;2.8;2.5;4.4;1.7;2.5;15.4;36.0;6.1;5.6;62.3;19.4;0.8;1.9;1.1;0.0;1.1;0.6;1.4;0.3;1.1;0.8;0.8;1.9,31.19,0.11,0.0,1.54,15.041,0.779,0.0,1367.0,4,16,,,,,,,,,,,,,,,,,,,,,,,,,,,,,,,,,,,,,,,,,,,,,,,,,,,,,,,,,,,,,
80,summary,0.2923406999517952,0.9966864031380758,0.28346256799168057,0.9995555555555555,0.00066983,39.9,,,,,,,,,,,,,,,,,,,,,,59,93.29,100,51,81.57,99,57,65.57,68,15,18.29,27,58.7,208.49,235.3,2532.9,10801.0,36.4,0,7.6,26.27,65.5,31.19,31.25,31.34,63.16,0.11,0.11,0.11,16.0,0.0,0.0,0.01,1.54,3.42,5.51,10.954,14.262,15.041,15.04,15.051,15.992,0.779,0.78,0.789,0.0,11934.57,27099.0,1367.0,33642.0,62841.0,4,4.0,4,16,16.0,16,4,16,31.51,7.54
81,1,,,,,,,10,9,57,24,53.6,1215,10801,37,0,64.5,78.4;85.5;89.7;86.2;82.8;83.6;86.2;94.5;82.2;83.4;91.7;99.3;53.8;54.5;24.8;26.0;63.0;58.2;26.9;22.1;49.7;49.7;34.5;41.4,31.39,0.11,0.01,5.54,15.051,0.789,4296.0,18017.0,4,16,,,,,,,,,,,,,,,,,,,,,,,,,,,,,,,,,,,,,,,,,,,,,,,,,,,,,,,,,,,,,
81,2,,,,,,,97,91,65,18,231.0,2730,10801,37,0,30.7,24.4;13.5;32.9;26.6;16.7;17.9;95.9;96.4;64.0;64.0;88.6;92.8;11.8;12.8;4.6;4.3;11.6;11.4;3.1;4.6;10.4;9.2;8.7;11.4,31.33,0.11,0.0,6.67,15.041,0.779,22363.0,17675.0,4,16,,,,,,,,,,,,,,,,,,,,,,,,,,,,,,,,,,,,,,,,,,,,,,,,,,,,,,,,,,,,,
81,3,,,,,,,100,73,69,16,232.5,2730,10801,37,0,22.3,12.9;2.7;16.0;13.3;4.7;7.1;93.1;96.6;50.2;49.8;89.1;89.9;1.0;2.0;1.0;0.0;0.5;0.7;0.7;0.5;1.5;1.0;1.0;0.0,31.29,0.11,0.0,4.19,15.041,0.779,28759.0,13964.0,4,16,,,,,,,,,,,,,,,,,,,,,,,,,,,,,,,,,,,,,,,,,,,,,,,,,,,,,,,,,,,,,
81,4,,,,,,,100,79,69,17,232.8,2730,10801,36,0,22.4,11.8;2.9;19.5;11.4;4.3;3.1;96.4;94.5;48.1;51.9;94.0;91.0;1.0;2.1;0.7;0.7;1.4;0.7;0.2;0.2;0.7;0.7;0.5;0.5,31.26,0.11,0.01,4.24,15.041,0.779,17285.0,12207.0,4,16,,,,,,,,,,,,,,,,,,,,,,,,,,,,,,,,,,,,,,,,,,,,,,,,,,,,,,,,,,,,,
81,5,,,,,,,96,90,67,17,232.4,2730,10801,36,0,22.2,11.2;2.5;15.2;12.3;5.9;2.0;85.7;94.4;50.4;55.5;96.6;94.1;1.5;0.7;1.2;0.7;0.2;1.0;0.0;0.7;0.5;0.2;0.0;0.5,31.24,0.11,0.0,3.23,15.041,0.779,6933.0,20800.0,4,16,,,,,,,,,,,,,,,,,,,,,,,,,,,,,,,,,,,,,,,,,,,,,,,,,,,,,,,,,,,,,
81,6,,,,,,,100,67,70,17,234.4,2730,10801,37,0,13.8,14.7;2.5;7.6;6.1;1.7;2.0;52.1;65.9;18.6;28.7;47.9;77.5;0.0;1.2;0.2;0.0;1.0;0.5;0.2;0.0;0.7;0.0;0.2;0.2,31.22,0.11,0.0,2.42,15.041,0.779,16699.0,18798.0,4,16,,,,,,,,,,,,,,,,,,,,,,,,,,,,,,,,,,,,,,,,,,,,,,,,,,,,,,,,,,,,,
81,7,,,,,,,97,90,66,17,231.2,2730,10801,36,0,6.9,16.8;1.1;1.9;1.7;0.6;2.5;58.8;16.5;5.0;3.9;22.3;33.0;0.0;0.3;0.0;0.0;0.3;0.0;0.0;0.3;0.0;0.0;0.0;0.3,31.2,0.11,0.0,1.82,15.041,0.779,1708.0,1318.0,4,16,,,,,,,,,,,,,,,,,,,,,,,,,,,,,,,,,,,,,,,,,,,,,,,,,,,,,,,,,,,,,
81,summary,0.29285231103519077,0.9965011566328669,0.2834566553168827,0.9996666666666667,0.00066229,39.7,,,,,,,,,,,,,,,,,,,,,,10,85.71,100,9,71.29,91,57,66.14,70,16,18.0,24,53.6,206.84,234.4,2513.6,10801.0,36.6,0,6.9,26.11,64.5,31.2,31.28,31.39,63.16,0.11,0.11,0.11,16.0,0.0,0.0,0.01,1.82,4.02,6.67,10.956,14.262,15.041,15.04,15.051,15.992,0.779,0.78,0.789,1708.0,14006.14,28759.0,1318.0,14682.71,20800.0,4,4.0,4,16,16.0,16,4,16,31.84,7.1
82,1,,,,,,,44,49,57,26,54.8,1305,5001,36,0,64.4,80.9;82.6;89.1;87.8;81.1;85.8;89.8;99.3;85.0;85.0;85.7;92.5;51.4;60.8;27.7;29.1;53.4;54.1;22.3;22.1;50.0;53.7;38.9;38.4,31.39,0.11,0.0,4.62,15.051,0.789,6640.0,10498.0,4,16,,,,,,,,,,,,,,,,,,,,,,,,,,,,,,,,,,,,,,,,,,,,,,,,,,,,,,,,,,,,,
82,2,,,,,,,100,84,68,18,232.0,2730,10801,37,0,29.9,24.3;11.9;31.4;24.8;19.6;16.9;95.0;95.9;55.8;60.6;90.7;86.9;11.2;11.5;6.0;2.9;10.0;11.2;3.1;3.8;11.7;11.7;9.3;10.0,31.33,0.11,0.0,6.63,15.041,0.779,81152.0,43310.0,4,16,,,,,,,,,,,,,,,,,,,,,,,,,,,,,,,,,,,,,,,,,,,,,,,,,,,,,,,,,,,,,
82,3,,,,,,,96,91,65,18,231.0,2730,10801,37,0,22.3,14.7;3.4;10.9;15.8;6.1;5.6;93.2;93.9;48.7;47.7;93.7;90.0;1.7;1.9;1.7;1.7;0.7;1.0;0.2;0.2;1.2;0.5;0.7;0.5,31.27,0.11,0.0,5.04,15.041,0.779,5029.0,38720.0,4,16,,,,,,,,,,,,,,,,,,,,,,,,,,,,,,,,,,,,,,,,,,,,,,,,,,,,,,,,,,,,,
82,4,,,,,,,100,74,69,17,232.5,2730,10801,37,0,22.5,15.4;1.7;15.4;18.3;6.3;4.9;90.8;89.5;41.3;62.3;90.7;94.9;0.7;1.5;1.0;0.2;1.2;0.7;1.0;0.5;0.7;0.2;0.0;0.7,31.25,0.11,0.0,4.02,15.041,0.779,24609.0,38818.0,4,16,,,,,,,,,,,,,,,,,,,,,,,,,,,,,,,,,,,,,,,,,,,,,,,,,,,,,,,,,,,,,
82,5,,,,,,,96,91,66,15,230.6,2730,10801,37,0,22.1,13.0;1.5;13.5;13.2;5.1;3.9;88.1;86.0;40.0;63.5;94.9;97.3;1.7;1.5;0.7;1.2;1.0;1.2;0.5;0.0;0.7;0.2;0.5;1.7,31.24,0.11,0.0,2.57,15.041,0.779,9326.0,10888.0,4,16,,,,,,,,,,,,,,,,,,,,,,,,,,,,,,,,,,,,,,,,,,,,,,,,,,,,,,,,,,,,,
82,6,,,,,,,97,89,70,18,231.7,2730,10801,36,0,13.4,11.3;1.2;11.8;8.0;2.4;0.2;54.2;69.2;26.2;22.8;50.5;59.0;0.7;0.2;0.2;0.0;0.2;0.2;0.0;0.2;0.0;0.0;0.7;1.7,31.22,0.11,0.01,2.43,15.041,0.779,7666.0,20507.0,4,16,,,,,,,,,,,,,,,,,,,,,,,,,,,,,,,,,,,,,,,,,,,,,,,,,,,,,,,,,,,,,
82,7,,,,,,,100,89,66,15,232.6,2730,10801,37,0,6.2,12.6;0.3;0.6;2.0;0.6;0.6;10.9;39.1;3.4;3.1;47.8;26.0;0.0;0.3;0.0;0.0;0.0;0.0;0.0;0.0;0.0;0.0;0.0;0.6,31.22,0.11,0.0,1.84,15.041,0.779,292.0,1855.0,4,16,,,,,,,,,,,,,,,,,,,,,,,,,,,,,,,,,,,,,,,,,,,,,,,,,,,,,,,,,,,,,
82,summary,0.29248362604242956,0.9966887187193909,0.28393646446863813,0.9992222222222222,0.00065471,39.9,,,,,,,,,,,,,,,,,,,,,,44,90.43,100,49,81.0,91,57,65.86,70,15,18.14,26,54.8,206.46,232.6,2526.4,9972.4,36.7,0,6.2,25.83,64.4,31.22,31.27,31.39,63.16,0.11,0.11,0.11,16.0,0.0,0.0,0.01,1.84,3.88,6.63,10.956,14.262,15.041,15.04,15.051,15.992,0.779,0.78,0.789,292.0,19244.86,81152.0,1855.0,23513.71,43310.0,4,4.0,4,16,16.0,16,4,16,31.58,7.49
83,1,,,,,,,41,35,60,27,56.0,1245,5001,36,0,66.5,77.6;77.1;88.9;89.6;86.8;86.8;90.3;93.8;75.0;75.2;91.7;99.3;54.5;59.7;32.2;34.3;50.0;64.8;35.0;36.4;49.3;57.6;46.9;41.7,31.37,0.11,0.0,4.65,15.051,0.789,22753.0,16943.0,4,16,,,,,,,,,,,,,,,,,,,,,,,,,,,,,,,,,,,,,,,,,,,,,,,,,,,,,,,,,,,,,
83,2,,,,,,,96,91,69,18,230.8,2730,10801,36,0,30.4,24.8;15.5;36.1;26.4;20.5;22.0;95.7;92.5;59.4;59.5;87.7;89.2;10.9;8.5;5.8;6.7;9.2;10.1;5.8;5.8;10.1;9.2;10.1;8.7,31.27,0.11,0.01,5.59,15.041,0.779,25732.0,39453.0,4,16,,,,,,,,,,,,,,,,,,,,,,,,,,,,,,,,,,,,,,,,,,,,,,,,,,,,,,,,,,,,,
83,3,,,,,,,100,67,66,19,232.8,2730,10801,37,0,21.6,15.7;1.2;15.4;12.0;4.9;3.7;94.1;88.7;50.1;50.4;86.5;92.4;0.7;0.7;0.0;0.0;0.2;1.0;0.0;0.0;0.5;0.2;0.0;0.0,31.25,0.11,0.01,3.7,15.041,0.779,18994.0,12011.0,4,16,,,,,,,,,,,,,,,,,,,,,,,,,,,,,,,,,,,,,,,,,,,,,,,,,,,,,,,,,,,,,
83,4,,,,,,,100,80,66,16,231.4,2730,10801,37,0,21.5,12.5;2.9;14.5;11.3;5.5;5.1;88.7;86.3;49.9;43.1;96.6;94.7;0.7;1.2;0.2;0.5;0.7;0.2;0.0;0.0;0.2;0.2;0.2;0.0,31.24,0.11,0.0,3.41,15.041,0.779,6445.0,11132.0,4,16,,,,,,,,,,,,,,,,,,,,,,,,,,,,,,,,,,,,,,,,,,,,,,,,,,,,,,,,,,,,,
83,5,,,,,,,96,91,70,17,230.3,2730,10801,37,0,22.3,13.4;1.2;12.0;15.2;5.1;6.9;93.1;88.9;46.4;57.2;92.1;95.1;1.2;2.0;0.0;0.5;1.0;0.7;0.2;0.0;1.5;0.2;1.0;1.0,31.22,0.11,0.0,2.73,15.041,0.779,27636.0,12011.0,4,16,,,,,,,,,,,,,,,,,,,,,,,,,,,,,,,,,,,,,,,,,,,,,,,,,,,,,,,,,,,,,
83,6,,,,,,,100,67,66,18,233.6,2730,10801,36,0,14.0,12.0;2.0;8.6;8.3;4.2;3.9;59.7;47.7;34.4;17.4;65.8;63.9;1.5;1.0;1.2;0.0;0.5;0.5;0.2;0.5;0.5;0.7;0.2;0.0,31.21,0.11,0.0,1.96,15.041,0.779,26025.0,29443.0,4,16,,,,,,,,,,,,,,,,,,,,,,,,,,,,,,,,,,,,,,,,,,,,,,,,,,,,,,,,,,,,,
83,7,,,,,,,97,90,70,17,232.3,2730,10801,37,0,6.7,12.0;1.4;3.6;0.8;0.8;0.8;21.5;40.4;3.3;5.0;41.0;24.1;0.8;0.3;0.0;0.0;0.0;0.8;0.0;0.3;2.2;0.6;0.0;0.3,31.2,0.11,0.01,1.48,15.041,0.779,29003.0,241308.0,4,16,,,,,,,,,,,,,,,,,,,,,,,,,,,,,,,,,,,,,,,,,,,,,,,,,,,,,,,,,,,,,
83,summary,0.29248156942194925,0.9966678784875549,0.28326004189915127,0.9997777777777778,0.00064710,39.8,,,,,,,,,,,,,,,,,,,,,,41,90.0,100,35,74.43,91,60,66.71,70,16,18.86,27,56.0,206.74,233.6,2517.9,9972.4,36.6,0,6.7,26.14,66.5,31.2,31.25,31.37,63.16,0.11,0.11,0.11,16.0,0.0,0.0,0.01,1.48,3.36,5.59,10.954,14.262,15.041,15.04,15.051,15.992,0.779,0.78,0.789,6445.0,22369.71,29003.0,11132.0,51757.29,241308.0,4,4.0,4,16,16.0,16,4,16,31.84,7.08
84,1,,,,,,,0,0,58,27,73.2,2745,10801,37,0,65.3,77.1;78.5;88.9;87.6;81.8;83.9;88.1;90.4;80.4;85.3;96.5;92.4;61.1;65.7;28.5;27.3;58.6;65.7;18.2;22.8;46.5;55.2;40.7;45.8,31.37,0.11,0.01,5.47,15.051,0.789,4394.0,37451.0,4,16,,,,,,,,,,,,,,,,,,,,,,,,,,,,,,,,,,,,,,,,,,,,,,,,,,,,,,,,,,,,,
84,2,,,,,,,96,89,70,19,231.8,2730,10801,37,0,31.2,26.6;16.0;32.9;30.8;22.5;17.9;95.9;92.8;58.9;63.2;89.3;94.5;13.2;12.9;4.3;6.2;12.9;11.2;2.9;3.1;11.2;11.0;10.0;8.4,31.3,0.11,0.0,6.66,15.041,0.779,15380.0,19873.0,4,16,,,,,,,,,,,,,,,,,,,,,,,,,,,,,,,,,,,,,,,,,,,,,,,,,,,,,,,,,,,,,
84,3,,,,,,,100,75,66,18,232.9,2730,10801,36,0,22.0,15.5;1.0;13.7;13.2;6.4;3.2;91.0;85.6;43.3;57.1;92.9;96.1;2.2;1.2;0.2;0.2;0.5;0.5;0.5;0.2;0.5;1.7;0.5;0.5,31.27,0.11,0.0,5.1,15.041,0.779,22558.0,14306.0,4,16,,,,,,,,,,,,,,,,,,,,,,,,,,,,,,,,,,,,,,,,,,,,,,,,,,,,,,,,,,,,,
84,4,,,,,,,96,89,69,17,230.8,2730,10801,37,0,21.9,14.9;2.7;8.6;16.8;3.9;6.4;92.2;85.3;38.5;59.8;93.4;96.8;1.2;1.2;0.2;0.2;0.5;0.5;0.0;0.7;1.5;0.5;0.5;0.5,31.25,0.11,0.0,3.32,15.041,0.779,4443.0,19335.0,4,16,,,,,,,,,,,,,,,,,,,,,,,,,,,,,,,,,,,,,,,,,,,,,,,,,,,,,,,,,,,,,
84,5,,,,,,,100,68,67,14,234.7,2730,10801,37,0,22.0,10.7;4.2;17.1;15.4;3.4;7.1;86.3;87.6;44.5;52.6;89.7;97.6;1.5;2.0;1.0;0.5;0.7;2.0;0.5;0.5;2.2;0.5;0.7;0.7,31.25,0.11,0.0,3.26,15.041,0.779,34326.0,30273.0,4,16,,,,,,,,,,,,,,,,,,,,,,,,,,,,,,,,,,,,,,,,,,,,,,,,,,,,,,,,,,,,,
84,6,,,,,,,100,73,67,17,233.4,2730,10801,37,0,13.3,13.7;0.7;7.1;8.5;1.5;3.9;64.7;63.1;23.4;23.4;52.3;51.6;0.5;0.7;0.0;0.5;0.5;0.0;0.0;0.0;2.2;0.0;0.0;0.0,31.22,0.11,0.0,2.42,15.041,0.779,29345.0,18896.0,4,16,,,,,,,,,,,,,,,,,,,,,,,,,,,,,,,,,,,,,,,,,,,,,,,,,,,,,,,,,,,,,
84,7,,,,,,,97,89,70,16,233.0,2730,10801,36,0,6.8,11.9;0.6;1.7;0.8;0.8;0.8;16.4;45.4;6.1;5.0;37.6;32.3;0.6;0.0;0.0;0.6;0.0;0.0;0.0;0.0;1.1;0.8;0.6;0.3,31.21,0.11,0.03,1.94,15.041,0.779,781.0,1513.0,4,16,,,,,,,,,,,,,,,,,,,,,,,,,,,,,,,,,,,,,,,,,,,,,,,,,,,,,,,,,,,,,
84,summary,0.29240058812009717,0.9967350303456931,0.28341207053926254,0.9995555555555555,0.00063944,39.8,,,,,,,,,,,,,,,,,,,,,,0,84.14,100,0,69.0,89,58,66.71,70,14,18.29,27,73.2,209.97,234.7,2732.1,10801.0,36.7,0,6.8,26.07,65.3,31.21,31.27,31.37,63.16,0.11,0.11,0.11,16.0,0.0,0.01,0.03,1.94,4.02,6.66,10.954,14.262,15.041,15.04,15.051,15.992,0.779,0.78,0.789,781.0,15889.57,34326.0,1513.0,20235.29,37451.0,4,4.0,4,16,16.0,16,4,16,31.5,7.43
85,1,,,,,,,0,0,58,27,73.1,2745,10801,37,0,65.3,77.7;81.4;88.3;85.6;80.0;82.1;91.0;95.9;83.0;84.1;95.9;93.8;59.3;62.8;26.4;25.7;58.6;60.5;22.6;24.3;53.1;53.1;42.1;39.0,31.35,0.11,0.0,3.74,15.051,0.789,19238.0,15771.0,4,16,,,,,,,,,,,,,,,,,,,,,,,,,,,,,,,,,,,,,,,,,,,,,,,,,,,,,,,,,,,,,
85,2,,,,,,,100,67,66,18,232.2,2730,10801,37,0,30.4,24.5;15.5;33.2;30.0;19.4;17.5;93.7;96.4;44.6;68.7;86.0;95.9;13.6;11.4;5.6;5.3;10.5;12.4;2.4;3.2;9.5;11.2;8.3;11.2,31.29,0.11,0.0,5.62,15.041,0.779,22851.0,15917.0,4,16,,,,,,,,,,,,,,,,,,,,,,,,,,,,,,,,,,,,,,,,,,,,,,,,,,,,,,,,,,,,,
85,3,,,,,,,97,89,67,18,233.1,2730,10801,37,0,21.8,11.0;2.2;19.0;14.7;5.2;5.2;83.5;85.2;54.7;46.1;95.8;92.4;1.7;1.5;0.2;0.2;1.2;1.2;0.5;0.5;0.7;0.5;0.2;0.7,31.26,0.11,0.0,4.46,15.041,0.779,27050.0,14355.0,4,16,,,,,,,,,,,,,,,,,,,,,,,,,,,,,,,,,,,,,,,,,,,,,,,,,,,,,,,,,,,,,
85,4,,,,,,,96,90,68,16,231.2,2730,10801,36,0,22.0,15.4;2.4;15.3;12.0;5.7;3.3;94.3;89.2;45.9;45.6;94.3;97.1;1.2;1.9;0.0;0.0;0.5;0.0;0.5;0.2;1.0;0.5;0.0;1.0,31.24,0.11,0.0,3.35,15.041,0.779,6005.0,21777.0,4,16,,,,,,,,,,,,,,,,,,,,,,,,,,,,,,,,,,,,,,,,,,,,,,,,,,,,,,,,,,,,,
85,5,,,,,,,100,68,68,18,234.2,2730,10801,36,0,21.9,15.8;2.2;14.4;10.0;3.9;4.2;93.4;87.8;54.3;43.7;91.0;95.9;1.5;1.0;0.0;0.2;1.2;0.7;0.0;0.2;0.7;0.7;0.7;1.0,31.23,0.11,0.0,2.09,15.041,0.779,25195.0,18115.0,4,16,,,,,,,,,,,,,,,,,,,,,,,,,,,,,,,,,,,,,,,,,,,,,,,,,,,,,,,,,,,,,
85,6,,,,,,,97,88,67,18,231.5,2730,10801,37,0,13.9,13.1;2.2;8.9;6.4;3.0;4.0;63.4;60.6;26.9;20.2;65.4;52.8;0.2;1.7;0.2;0.5;0.5;0.0;0.2;0.2;0.5;0.2;0.7;0.7,31.21,0.11,0.0,2.28,15.041,0.779,26562.0,15332.0,4,16,,,,,,,,,,,,,,,,,,,,,,,,,,,,,,,,,,,,,,,,,,,,,,,,,,,,,,,,,,,,,
85,7,,,,,,,100,67,67,17,234.7,2730,10801,36,0,7.6,14.8;1.9;2.5;2.8;3.0;1.4;48.1;22.2;5.8;3.6;19.2;46.1;0.8;0.8;0.3;0.0;0.8;0.6;0.0;0.3;0.3;0.0;2.5;4.4,31.2,0.11,0.0,1.47,15.041,0.779,10888.0,113037.0,4,16,,,,,,,,,,,,,,,,,,,,,,,,,,,,,,,,,,,,,,,,,,,,,,,,,,,,,,,,,,,,,
85,summary,0.2922197406781577,0.9967628173214744,0.28343785145547656,0.9996666666666667,0.00063175,39.7,,,,,,,,,,,,,,,,,,,,,,0,84.29,100,0,67.0,90,58,65.86,68,16,18.86,27,73.1,210.0,234.7,2732.1,10801.0,36.6,0,7.6,26.13,65.3,31.2,31.25,31.35,63.16,0.11,0.11,0.11,16.0,0.0,0.0,0.0,1.47,3.29,5.62,10.955,14.262,15.041,15.04,15.051,15.992,0.779,0.78,0.789,6005.0,19684.14,27050.0,14355.0,30614.86,113037.0,4,4.0,4,16,16.0,16,4,16,31.44,7.48
86,1,,,,,,,0,0,58,27,67.4,1410,10801,36,0,65.3,69.0;71.7;91.0;89.0;82.9;86.2;96.6;94.5;87.0;86.9;93.8;95.2;57.2;51.4;29.7;26.7;56.8;56.2;27.6;23.6;56.6;57.2;38.6;40.7,31.35,0.11,0.0,9.09,15.051,0.789,27929.0,31738.0,4,16,,,,,,,,,,,,,,,,,,,,,,,,,,,,,,,,,,,,,,,,,,,,,,,,,,,,,,,,,,,,,
86,2,,,,,,,100,69,66,18,221.3,2730,10801,37,0,30.7,26.7;13.7;32.0;28.1;20.4;20.4;90.9;87.6;62.1;57.7;93.0;94.7;12.5;13.2;5.3;5.0;10.8;11.5;5.8;5.1;11.8;10.8;8.2;9.1,31.27,0.11,0.0,4.3,15.041,0.779,16894.0,18310.0,4,16,,,,,,,,,,,,,,,,,,,,,,,,,,,,,,,,,,,,,,,,,,,,,,,,,,,,,,,,,,,,,
86,3,,,,,,,99,97,67,17,232.0,2730,10801,37,0,23.3,15.6;1.7;16.5;20.1;6.8;6.8;90.1;91.0;51.3;60.6;95.4;94.4;1.9;2.7;0.0;0.7;0.7;0.5;0.0;0.2;1.5;0.0;0.0;0.2,31.26,0.11,0.23,5.11,15.041,0.779,10058.0,10742.0,4,16,,,,,,,,,,,,,,,,,,,,,,,,,,,,,,,,,,,,,,,,,,,,,,,,,,,,,,,,,,,,,
86,4,,,,,,,100,77,68,16,232.3,2730,10801,37,0,22.4,14.4;4.4;15.2;17.8;9.5;8.3;85.5;85.1;48.4;58.2;85.8;90.9;2.4;2.9;0.7;1.2;2.2;0.7;1.0;0.5;1.5;1.2;0.5;0.7,31.24,0.11,0.0,3.84,15.041,0.779,22558.0,44238.0,4,16,,,,,,,,,,,,,,,,,,,,,,,,,,,,,,,,,,,,,,,,,,,,,,,,,,,,,,,,,,,,,
86,5,,,,,,,96,84,66,17,232.8,2730,10801,37,0,22.5,13.2;2.5;16.9;12.7;3.7;6.4;94.8;95.4;44.3;57.2;92.9;91.2;2.0;1.7;0.2;0.7;0.5;0.5;0.5;0.0;0.5;1.2;1.0;0.7,31.24,0.11,0.0,2.18,15.041,0.779,5810.0,38818.0,4,16,,,,,,,,,,,,,,,,,,,,,,,,,,,,,,,,,,,,,,,,,,,,,,,,,,,,,,,,,,,,,
86,6,,,,,,,100,76,68,17,223.4,2730,10801,37,0,13.8,14.8;3.1;8.9;11.1;3.9;2.9;78.2;54.8;13.3;29.4;52.5;50.0;1.9;0.2;0.7;0.5;0.2;0.0;0.0;0.2;0.2;0.7;0.7;1.2,31.2,0.11,0.01,2.08,15.041,0.779,6884.0,16455.0,4,16,,,,,,,,,,,,,,,,,,,,,,,,,,,,,,,,,,,,,,,,,,,,,,,,,,,,,,,,,,,,,
86,7,,,,,,,100,99,67,21,232.7,2730,10801,37,0,6.4,7.3;1.4;1.4;1.7;1.1;0.3;23.5;48.2;3.6;4.7;23.8;34.4;0.3;0.3;0.0;0.0;0.0;0.0;0.0;0.0;0.8;0.3;0.3;0.0,31.19,0.11,0.0,1.47,15.041,0.779,21435.0,115576.0,4,16,,,,,,,,,,,,,,,,,,,,,,,,,,,,,,,,,,,,,,,,,,,,,,,,,,,,,,,,,,,,,
86,summary,0.2918644334162449,0.9968693340619695,0.28379744505882265,0.9995555555555555,0.00062403,39.8,,,,,,,,,,,,,,,,,,,,,,0,85.0,100,0,71.71,99,58,65.71,68,16,19.0,27,67.4,205.99,232.8,2541.4,10801.0,36.9,0,6.4,26.34,65.3,31.19,31.25,31.35,63.16,0.11,0.11,0.11,16.0,0.0,0.03,0.23,1.47,4.01,9.09,10.954,14.262,15.041,15.04,15.051,15.992,0.779,0.78,0.789,5810.0,15938.29,27929.0,10742.0,39411.0,115576.0,4,4.0,4,16,16.0,16,4,16,31.6,7.4
87,1,,,,,,,0,0,58,27,57.9,1530,10801,36,0,65.5,77.6;78.8;89.7;89.0;91.8;89.7;89.0;95.2;87.0;85.6;96.6;91.1;61.0;56.8;30.8;30.6;50.7;56.2;21.2;21.4;46.6;52.7;40.0;41.8,31.35,0.11,0.0,4.69,15.051,0.789,47119.0,279687.0,4,16,,,,,,,,,,,,,,,,,,,,,,,,,,,,,,,,,,,,,,,,,,,,,,,,,,,,,,,,,,,,,
87,2,,,,,,,96,88,65,18,231.2,2730,10801,37,0,31.6,26.9;17.8;35.4;27.5;19.2;22.4;90.5;94.9;65.0;65.0;97.8;94.6;14.6;14.1;3.2;3.9;10.0;12.7;1.7;2.2;10.7;10.7;7.3;10.7,31.29,0.11,0.0,5.62,15.041,0.779,22851.0,11816.0,4,16,,,,,,,,,,,,,,,,,,,,,,,,,,,,,,,,,,,,,,,,,,,,,,,,,,,,,,,,,,,,,
87,3,,,,,,,100,72,69,17,233.8,2730,10801,36,0,22.1,11.7;1.5;16.0;9.7;4.6;1.7;92.3;93.5;48.9;54.0;96.1;92.1;2.4;1.7;0.2;0.5;0.5;0.7;0.0;0.0;0.7;0.5;0.5;0.2,31.27,0.11,0.0,3.68,15.041,0.779,20068.0,15576.0,4,16,,,,,,,,,,,,,,,,,,,,,,,,,,,,,,,,,,,,,,,,,,,,,,,,,,,,,,,,,,,,,
87,4,,,,,,,100,67,70,18,221.8,2730,10801,37,0,21.1,10.0;1.9;15.5;10.7;3.9;4.1;89.3;90.8;32.9;68.8;87.1;86.4;1.0;0.7;0.2;0.2;0.5;1.0;0.2;0.0;0.0;0.0;0.2;0.5,31.25,0.11,0.0,3.43,15.041,0.779,17041.0,14404.0,4,16,,,,,,,,,,,,,,,,,,,,,,,,,,,,,,,,,,,,,,,,,,,,,,,,,,,,,,,,,,,,,
87,5,,,,,,,95,86,67,17,231.6,2730,10801,37,0,22.2,15.0;0.7;15.0;10.0;3.2;4.4;95.1;95.1;58.0;42.8;93.2;94.9;0.5;1.0;0.0;0.0;0.0;0.5;0.0;0.0;1.5;0.2;0.2;0.2,31.23,0.11,0.0,2.7,15.041,0.779,32568.0,171337.0,4,16,,,,,,,,,,,,,,,,,,,,,,,,,,,,,,,,,,,,,,,,,,,,,,,,,,,,,,,,,,,,,
87,6,,,,,,,100,69,70,17,235.3,2730,10801,37,0,14.1,11.7;2.2;9.4;9.6;3.0;3.2;67.2;56.5;17.5;33.7;63.1;51.0;0.7;1.5;1.0;1.0;0.5;1.0;0.0;0.5;0.7;1.5;0.7;1.0,31.2,0.11,0.0,2.24,15.041,0.779,7519.0,17675.0,4,16,,,,,,,,,,,,,,,,,,,,,,,,,,,,,,,,,,,,,,,,,,,,,,,,,,,,,,,,,,,,,
87,7,,,,,,,96,81,67,18,232.6,2730,10801,37,0,6.4,13.5;1.4;2.5;0.3;0.6;1.4;18.6;40.7;4.4;1.9;24.2;41.0;0.0;0.0;0.3;0.0;0.0;0.0;0.3;0.0;0.8;0.3;0.3;0.0,31.2,0.11,0.0,1.45,15.041,0.779,33203.0,17480.0,4,16,,,,,,,,,,,,,,,,,,,,,,,,,,,,,,,,,,,,,,,,,,,,,,,,,,,,,,,,,,,,,
87,summary,0.2920196913441608,0.9968044977851465,0.2832780949274699,0.9997777777777778,0.00061628,39.8,,,,,,,,,,,,,,,,,,,,,,0,83.86,100,0,66.14,88,58,66.57,70,17,18.86,27,57.9,206.31,235.3,2558.6,10801.0,36.7,0,6.4,26.14,65.5,31.2,31.26,31.35,63.16,0.11,0.11,0.11,16.0,0.0,0.0,0.0,1.45,3.4,5.62,10.952,14.262,15.041,15.04,15.051,15.992,0.779,0.78,0.789,7519.0,25767.0,47119.0,11816.0,75425.0,279687.0,4,4.0,4,16,16.0,16,4,16,32.0,6.98
88,1,,,,,,,0,0,57,25,57.2,1305,10801,37,0,65.2,77.0;70.1;90.3;91.0;84.7;89.6;98.6;91.0;88.9;88.9;88.2;95.1;53.5;55.2;22.9;26.4;50.0;56.2;22.1;25.0;55.6;59.7;39.6;45.1,31.35,0.11,0.01,3.74,15.051,0.789,5273.0,35058.0,4,16,,,,,,,,,,,,,,,,,,,,,,,,,,,,,,,,,,,,,,,,,,,,,,,,,,,,,,,,,,,,,
88,2,,,,,,,91,35,64,18,225.1,2730,10801,36,0,30.9,26.4;13.5;29.4;27.3;18.1;15.9;94.1;93.9;53.7;66.8;93.3;97.6;13.5;10.9;4.3;5.0;13.3;12.9;3.8;4.3;13.7;13.8;7.6;7.6,31.29,0.11,0.0,5.53,15.041,0.779,9960.0,11376.0,4,16,,,,,,,,,,,,,,,,,,,,,,,,,,,,,,,,,,,,,,,,,,,,,,,,,,,,,,,,,,,,,
88,3,,,,,,,96,77,66,18,233.7,2730,10801,37,0,22.5,14.7;2.7;18.6;9.3;5.9;4.4;93.9;93.4;47.9;56.7;92.7;90.5;2.0;2.0;0.2;0.2;1.2;1.9;0.2;0.0;0.7;0.5;0.0;0.5,31.27,0.11,0.0,4.45,15.041,0.779,30029.0,11035.0,4,16,,,,,,,,,,,,,,,,,,,,,,,,,,,,,,,,,,,,,,,,,,,,,,,,,,,,,,,,,,,,,
88,4,,,,,,,100,88,68,18,233.1,2730,10801,37,0,22.1,14.4;2.0;16.5;18.7;4.4;6.9;92.6;89.2;49.3;48.3;86.2;90.9;2.7;2.5;0.2;0.2;0.5;0.2;0.0;0.2;1.7;1.2;1.0;0.5,31.26,0.11,0.0,2.79,15.041,0.779,6640.0,36279.0,4,16,,,,,,,,,,,,,,,,,,,,,,,,,,,,,,,,,,,,,,,,,,,,,,,,,,,,,,,,,,,,,
88,5,,,,,,,96,86,67,17,232.3,2730,10801,37,0,22.2,12.4;2.9;16.8;11.2;6.8;5.1;93.4;95.2;45.7;53.4;87.8;89.3;2.0;2.9;0.5;0.7;1.0;1.0;0.2;0.0;1.2;1.0;1.0;1.2,31.24,0.11,0.0,2.75,15.041,0.779,5859.0,19482.0,4,16,,,,,,,,,,,,,,,,,,,,,,,,,,,,,,,,,,,,,,,,,,,,,,,,,,,,,,,,,,,,,
88,6,,,,,,,100,83,69,16,233.9,2730,10801,37,0,14.1,14.8;1.9;10.2;9.9;3.6;2.4;68.0;55.6;25.4;26.3;62.2;50.0;1.7;1.7;0.0;0.2;1.0;0.7;0.2;0.0;0.5;1.4;0.5;0.7,31.2,0.11,0.0,2.24,15.041,0.779,7470.0,40478.0,4,16,,,,,,,,,,,,,,,,,,,,,,,,,,,,,,,,,,,,,,,,,,,,,,,,,,,,,,,,,,,,,
88,7,,,,,,,100,98,67,17,232.7,2730,10801,37,0,7.1,13.9;1.4;2.5;1.4;1.1;0.6;21.1;62.4;4.5;6.7;27.0;21.8;1.4;0.6;0.3;0.3;0.8;0.0;0.0;0.0;0.0;0.0;0.8;0.6,31.2,0.11,0.0,1.44,15.041,0.779,0.0,20410.0,4,16,,,,,,,,,,,,,,,,,,,,,,,,,,,,,,,,,,,,,,,,,,,,,,,,,,,,,,,,,,,,,
88,summary,0.2915199383254713,0.9969388015014229,0.28332102147738136,0.9997777777777778,0.00060849,39.8,,,,,,,,,,,,,,,,,,,,,,0,83.29,100,0,66.71,98,57,65.43,69,16,18.43,25,57.2,206.86,233.9,2526.4,10801.0,36.9,0,7.1,26.3,65.2,31.2,31.26,31.35,63.16,0.11,0.11,0.11,16.0,0.0,0.0,0.01,1.44,3.28,5.53,10.953,14.262,15.041,15.04,15.051,15.992,0.779,0.78,0.789,0.0,9318.71,30029.0,11035.0,24874.0,40478.0,4,4.0,4,16,16.0,16,4,16,31.64,7.4
89,1,,,,,,,0,0,58,27,56.6,1290,10801,37,0,66.1,71.6;77.4;89.1;90.4;86.3;84.9;97.9;91.8;88.4;92.5;91.8;95.2;56.2;56.8;25.3;29.7;57.1;58.9;31.0;28.3;50.3;53.4;41.8;39.7,31.36,0.11,0.0,6.88,15.051,0.789,15917.0,29541.0,4,16,,,,,,,,,,,,,,,,,,,,,,,,,,,,,,,,,,,,,,,,,,,,,,,,,,,,,,,,,,,,,
89,2,,,,,,,96,82,66,17,233.1,2730,10801,37,0,30.5,21.9;15.5;29.5;29.9;18.2;21.2;91.5;93.9;51.8;69.5;93.4;97.1;12.9;13.7;2.2;4.9;11.9;12.0;2.9;2.7;11.2;9.8;7.1;8.5,31.3,0.11,0.0,4.42,15.041,0.779,29394.0,23632.0,4,16,,,,,,,,,,,,,,,,,,,,,,,,,,,,,,,,,,,,,,,,,,,,,,,,,,,,,,,,,,,,,
89,3,,,,,,,100,83,66,16,233.0,2730,10801,37,0,22.2,10.3;2.4;14.4;16.8;5.9;5.6;90.0;86.9;52.8;55.4;94.6;91.7;1.0;1.5;1.0;0.2;0.5;0.2;0.2;0.0;0.2;0.0;0.2;0.2,31.28,0.11,0.0,4.45,15.041,0.779,35156.0,86865.0,4,16,,,,,,,,,,,,,,,,,,,,,,,,,,,,,,,,,,,,,,,,,,,,,,,,,,,,,,,,,,,,,
89,4,,,,,,,96,90,70,18,231.4,2730,10801,37,0,22.0,13.9;3.8;14.8;16.7;4.2;4.9;90.0;89.0;40.0;60.0;94.1;86.2;1.2;2.1;0.5;0.5;0.9;0.7;0.0;0.2;2.1;1.2;0.0;0.2,31.24,0.11,0.0,3.41,15.041,0.779,12109.0,1367.0,4,16,,,,,,,,,,,,,,,,,,,,,,,,,,,,,,,,,,,,,,,,,,,,,,,,,,,,,,,,,,,,,
89,5,,,,,,,100,67,67,17,233.8,2730,10801,37,0,21.9,13.3;2.0;18.5;12.8;3.4;5.2;88.9;93.1;56.6;45.5;93.4;88.2;1.7;0.5;0.0;0.0;0.7;0.7;0.0;0.0;0.5;0.2;0.0;1.0,31.23,0.11,0.0,2.58,15.041,0.779,7763.0,20458.0,4,16,,,,,,,,,,,,,,,,,,,,,,,,,,,,,,,,,,,,,,,,,,,,,,,,,,,,,,,,,,,,,
89,6,,,,,,,97,89,67,16,231.8,2730,10801,37,0,14.0,11.7;1.5;9.3;8.1;3.2;3.4;63.5;59.6;14.5;32.8;72.5;48.8;1.7;1.2;0.2;0.0;0.2;1.0;0.5;0.5;0.5;0.5;0.5;0.5,31.22,0.11,0.0,1.78,15.041,0.779,5273.0,44287.0,4,16,,,,,,,,,,,,,,,,,,,,,,,,,,,,,,,,,,,,,,,,,,,,,,,,,,,,,,,,,,,,,
89,7,,,,,,,100,68,67,16,234.2,2730,10801,37,0,6.3,13.3;1.4;1.1;0.8;1.1;0.3;22.8;43.9;2.2;2.2;18.1;41.4;0.0;0.3;0.0;0.0;0.0;0.0;0.0;0.0;0.6;0.8;0.0;0.0,31.21,0.11,0.0,1.5,15.041,0.779,15283.0,16064.0,4,16,,,,,,,,,,,,,,,,,,,,,,,,,,,,,,,,,,,,,,,,,,,,,,,,,,,,,,,,,,,,,
89,summary,0.2914682820849912,0.9969781663837798,0.2837360626326667,0.9994444444444445,0.00060068,39.9,,,,,,,,,,,,,,,,,,,,,,0,84.14,100,0,68.43,90,58,65.86,70,16,18.14,27,56.6,207.7,234.2,2524.3,10801.0,37.0,0,6.3,26.14,66.1,31.21,31.26,31.36,63.16,0.11,0.11,0.11,16.0,0.0,0.0,0.0,1.5,3.57,6.88,10.953,14.262,15.041,15.04,15.051,15.992,0.779,0.78,0.789,5273.0,17270.71,35156.0,1367.0,31744.86,86865.0,4,4.0,4,16,16.0,16,4,16,32.01,7.08
90,1,,,,,,,0,0,58,17,69.9,2745,10801,37,0,64.8,76.2;71.5;88.9;87.6;89.7;87.5;98.6;91.0;85.4;86.1;88.9;93.1;57.6;56.2;31.0;30.3;52.8;55.6;17.4;20.0;52.4;53.1;42.4;43.1,31.37,0.11,0.0,4.67,15.051,0.789,22314.0,201513.0,4,16,,,,,,,,,,,,,,,,,,,,,,,,,,,,,,,,,,,,,,,,,,,,,,,,,,,,,,,,,,,,,
90,2,,,,,,,96,86,69,18,233.0,2730,10801,37,0,31.2,24.0;13.5;32.2;34.8;20.4;20.9;91.9;90.9;59.5;65.6;93.9;94.8;12.7;12.5;4.9;6.7;11.6;11.3;3.7;3.7;9.6;10.8;7.1;9.8,31.32,0.11,0.0,5.65,15.041,0.779,18212.0,29785.0,4,16,,,,,,,,,,,,,,,,,,,,,,,,,,,,,,,,,,,,,,,,,,,,,,,,,,,,,,,,,,,,,
90,3,,,,,,,97,73,68,17,234.9,2730,10801,36,0,21.9,11.9;2.9;16.9;12.1;5.8;7.2;92.3;88.7;40.3;48.4;93.0;94.2;2.4;1.9;0.5;0.0;1.7;0.7;0.7;0.0;0.5;0.5;1.0;1.7,31.28,0.11,0.01,3.65,15.041,0.779,10253.0,12353.0,4,16,,,,,,,,,,,,,,,,,,,,,,,,,,,,,,,,,,,,,,,,,,,,,,,,,,,,,,,,,,,,,
90,4,,,,,,,100,89,65,16,232.5,2730,10801,37,0,22.1,13.1;2.4;17.6;14.5;4.9;3.2;90.7;91.5;54.7;54.4;82.5;93.4;1.2;1.5;0.0;0.0;0.5;1.5;0.2;0.2;1.7;0.5;0.5;0.2,31.25,0.11,0.01,3.5,15.041,0.779,5566.0,23632.0,4,16,,,,,,,,,,,,,,,,,,,,,,,,,,,,,,,,,,,,,,,,,,,,,,,,,,,,,,,,,,,,,
90,5,,,,,,,96,81,69,16,234.0,2730,10801,37,0,21.8,15.7;1.0;13.3;15.5;2.7;4.4;89.9;90.7;53.9;48.9;91.2;88.5;1.5;0.7;0.2;0.5;0.5;0.2;0.5;0.5;1.2;1.0;0.0;0.0,31.23,0.11,0.0,2.77,15.041,0.779,8007.0,47021.0,4,16,,,,,,,,,,,,,,,,,,,,,,,,,,,,,,,,,,,,,,,,,,,,,,,,,,,,,,,,,,,,,
90,6,,,,,,,100,84,66,18,233.8,2730,10801,37,0,13.7,11.7;1.7;7.1;8.6;2.7;2.7;69.4;59.5;21.0;24.0;59.3;55.6;1.2;1.0;0.5;0.0;0.0;0.5;0.0;0.0;0.5;0.5;0.0;0.2,31.22,0.11,0.0,1.96,15.041,0.779,8886.0,26074.0,4,16,,,,,,,,,,,,,,,,,,,,,,,,,,,,,,,,,,,,,,,,,,,,,,,,,,,,,,,,,,,,,
90,7,,,,,,,100,98,67,20,233.2,2730,10801,36,0,6.1,10.1;1.1;1.4;1.9;0.8;0.5;17.2;50.7;2.7;3.3;30.5;21.8;0.3;0.0;0.0;0.0;0.0;0.3;0.0;0.0;0.0;0.0;1.1;1.1,31.21,0.11,0.0,1.8,15.041,0.779,1123.0,1367.0,4,16,,,,,,,,,,,,,,,,,,,,,,,,,,,,,,,,,,,,,,,,,,,,,,,,,,,,,,,,,,,,,
90,summary,0.29118957967655407,0.9971055233561109,0.28338763056861027,0.9994444444444445,0.00059284,39.7,,,,,,,,,,,,,,,,,,,,,,0,84.14,100,0,73.0,98,58,66.0,69,16,17.43,20,69.9,210.19,234.9,2732.1,10801.0,36.7,0,6.1,25.94,64.8,31.21,31.27,31.37,63.16,0.11,0.11,0.11,16.0,0.0,0.0,0.01,1.8,3.43,5.65,10.954,14.262,15.041,15.04,15.051,15.992,0.779,0.78,0.789,1123.0,10623.0,22314.0,1367.0,48820.71,201513.0,4,4.0,4,16,16.0,16,4,16,31.33,7.59
91,1,,,,,,,0,0,57,27,57.4,1485,10801,37,0,64.6,75.9;79.7;88.1;83.2;80.4;85.3;95.1;92.4;86.0;85.3;90.2;94.4;58.3;59.3;27.6;29.7;46.9;48.6;21.4;22.1;59.7;60.7;37.5;46.2,31.37,0.11,0.0,3.8,15.051,0.789,8447.0,17041.0,4,16,,,,,,,,,,,,,,,,,,,,,,,,,,,,,,,,,,,,,,,,,,,,,,,,,,,,,,,,,,,,,
91,2,,,,,,,96,89,70,18,231.4,2730,10801,37,0,31.8,24.9;15.7;32.8;34.1;20.7;21.3;88.2;93.7;56.1;71.3;98.3;96.6;11.6;13.7;4.3;6.2;11.8;13.0;3.1;4.8;12.0;10.6;7.5;11.1,31.31,0.11,0.0,5.62,15.041,0.779,12988.0,10986.0,4,16,,,,,,,,,,,,,,,,,,,,,,,,,,,,,,,,,,,,,,,,,,,,,,,,,,,,,,,,,,,,,
91,3,,,,,,,100,72,67,17,233.6,2730,10801,37,0,22.5,12.2;3.7;13.9;13.5;6.6;4.7;96.3;92.2;45.0;54.3;93.9;92.6;1.5;1.2;0.7;0.5;2.0;0.7;1.0;0.7;1.2;0.5;0.2;1.0,31.28,0.11,0.0,4.43,15.041,0.779,93847.0,31201.0,4,16,,,,,,,,,,,,,,,,,,,,,,,,,,,,,,,,,,,,,,,,,,,,,,,,,,,,,,,,,,,,,
91,4,,,,,,,96,91,70,17,232.0,2730,10801,37,0,22.1,11.1;1.7;14.5;9.5;5.9;6.8;92.9;96.8;39.7;55.9;90.0;94.9;2.4;1.5;0.7;1.0;1.0;1.2;0.2;1.0;0.2;0.7;0.7;0.7,31.26,0.11,0.0,2.76,15.041,0.779,4931.0,27441.0,4,16,,,,,,,,,,,,,,,,,,,,,,,,,,,,,,,,,,,,,,,,,,,,,,,,,,,,,,,,,,,,,
91,5,,,,,,,96,86,69,18,232.7,2730,10801,37,0,21.8,13.7;2.9;12.3;11.1;5.5;5.8;91.8;96.1;46.6;47.7;91.3;92.0;1.0;0.7;0.0;0.2;0.0;0.5;0.2;0.0;1.2;0.0;0.5;0.5,31.24,0.11,0.0,2.69,15.041,0.779,63574.0,242968.0,4,16,,,,,,,,,,,,,,,,,,,,,,,,,,,,,,,,,,,,,,,,,,,,,,,,,,,,,,,,,,,,,
91,6,,,,,,,100,82,66,17,233.6,2730,10801,37,0,14.3,11.1;2.7;8.3;9.9;3.4;4.2;68.8;55.0;18.2;34.0;62.0;54.8;1.0;1.7;0.5;0.5;0.5;0.5;0.2;0.2;1.5;2.0;0.7;2.2,31.21,0.11,0.0,2.26,15.041,0.779,11621.0,22119.0,4,16,,,,,,,,,,,,,,,,,,,,,,,,,,,,,,,,,,,,,,,,,,,,,,,,,,,,,,,,,,,,,
91,7,,,,,,,96,78,69,16,234.7,2730,10801,36,0,6.4,12.3;0.8;1.4;1.7;0.3;0.6;31.2;39.6;2.2;3.9;15.3;41.5;0.3;0.3;0.3;0.3;0.0;0.0;0.0;0.0;1.7;0.6;0.0;0.0,31.21,0.11,0.0,1.47,15.041,0.779,30322.0,1855.0,4,16,,,,,,,,,,,,,,,,,,,,,,,,,,,,,,,,,,,,,,,,,,,,,,,,,,,,,,,,,,,,,
91,summary,0.2911167435943191,0.9970893142869052,0.28375270083215504,0.9996666666666667,0.00058498,39.7,,,,,,,,,,,,,,,,,,,,,,0,83.43,100,0,71.14,91,57,66.86,70,16,18.57,27,57.4,207.91,234.7,2552.1,10801.0,36.9,0,6.4,26.21,64.6,31.21,31.27,31.37,63.16,0.11,0.11,0.11,16.0,0.0,0.0,0.0,1.47,3.29,5.62,10.954,14.262,15.041,15.04,15.051,15.992,0.779,0.78,0.789,4931.0,32247.14,93847.0,1855.0,50515.86,242968.0,4,4.0,4,16,16.0,16,4,16,31.7,7.21
92,1,,,,,,,0,0,58,26,60.1,2745,10801,36,0,64.2,74.7;80.7;90.3;86.9;80.7;85.5;97.9;91.7;86.9;87.6;86.3;93.1;52.4;51.4;29.7;30.8;46.6;55.9;18.5;21.4;51.0;52.7;44.8;43.5,31.36,0.11,0.0,6.5,15.051,0.789,53662.0,24316.0,4,16,,,,,,,,,,,,,,,,,,,,,,,,,,,,,,,,,,,,,,,,,,,,,,,,,,,,,,,,,,,,,
92,2,,,,,,,100,98,66,17,232.2,2730,10801,37,0,31.8,26.6;16.9;32.8;32.2;22.9;17.4;88.9;95.1;61.1;69.8;91.4;90.9;12.1;13.3;5.9;5.7;12.8;12.8;3.7;3.0;13.1;12.6;11.1;10.3,31.29,0.11,0.0,4.59,15.041,0.779,5224.0,45654.0,4,16,,,,,,,,,,,,,,,,,,,,,,,,,,,,,,,,,,,,,,,,,,,,,,,,,,,,,,,,,,,,,
92,3,,,,,,,97,89,66,17,231.7,2730,10801,37,0,22.3,15.0;2.2;19.4;9.1;3.1;4.8;95.5;91.8;51.6;47.4;95.0;92.8;1.4;0.5;0.2;0.2;1.0;1.0;0.2;0.2;1.0;1.0;1.2;0.5,31.27,0.11,0.01,4.54,15.041,0.779,12304.0,299072.0,4,16,,,,,,,,,,,,,,,,,,,,,,,,,,,,,,,,,,,,,,,,,,,,,,,,,,,,,,,,,,,,,
92,4,,,,,,,100,75,68,17,235.1,2730,10801,37,0,22.3,15.6;2.5;16.4;13.9;4.9;4.9;92.0;96.3;45.8;51.8;89.7;95.8;1.7;0.7;0.2;0.2;0.7;0.5;0.2;0.0;0.2;0.2;0.5;0.0,31.26,0.11,0.01,3.5,15.041,0.779,27539.0,39013.0,4,16,,,,,,,,,,,,,,,,,,,,,,,,,,,,,,,,,,,,,,,,,,,,,,,,,,,,,,,,,,,,,
92,5,,,,,,,100,96,67,16,232.7,2730,10801,37,0,22.4,14.3;2.7;14.7;13.4;6.3;5.6;91.2;92.7;50.1;51.1;89.8;93.2;2.7;1.7;0.5;0.5;1.7;2.2;0.0;0.5;1.2;1.5;0.5;1.0,31.24,0.11,0.02,2.16,15.041,0.779,6787.0,14746.0,4,16,,,,,,,,,,,,,,,,,,,,,,,,,,,,,,,,,,,,,,,,,,,,,,,,,,,,,,,,,,,,,
92,6,,,,,,,96,76,69,16,234.7,2730,10801,37,0,14.3,14.5;2.0;9.3;13.0;3.9;2.5;60.2;49.6;19.8;27.5;58.9;67.2;1.5;1.7;0.0;0.2;0.5;0.7;0.7;0.5;2.2;1.0;2.2;2.2,31.23,0.11,0.0,2.25,15.041,0.779,3759.0,24316.0,4,16,,,,,,,,,,,,,,,,,,,,,,,,,,,,,,,,,,,,,,,,,,,,,,,,,,,,,,,,,,,,,
92,7,,,,,,,100,68,69,16,235.7,2730,10801,37,0,6.8,13.9;1.6;3.6;2.7;0.8;0.8;33.5;30.7;5.2;4.9;24.5;35.1;0.3;0.5;0.0;0.0;0.0;0.0;0.3;0.0;0.3;0.8;0.8;1.1,31.21,0.11,0.01,1.46,15.041,0.779,585.0,195.0,4,16,,,,,,,,,,,,,,,,,,,,,,,,,,,,,,,,,,,,,,,,,,,,,,,,,,,,,,,,,,,,,
92,summary,0.29130353786628244,0.9970962610308505,0.2836213090419769,0.9994444444444445,0.00057710,39.8,,,,,,,,,,,,,,,,,,,,,,0,84.71,100,0,71.71,98,58,66.14,69,16,17.86,26,60.1,208.89,235.7,2732.1,10801.0,36.9,0,6.8,26.3,64.2,31.21,31.27,31.36,63.16,0.11,0.11,0.11,16.0,0.0,0.01,0.02,1.46,3.57,6.5,10.953,14.262,15.041,15.04,15.051,15.992,0.779,0.78,0.789,585.0,15694.29,53662.0,195.0,63901.71,299072.0,4,4.0,4,16,16.0,16,4,16,31.5,7.45
93,1,,,,,,,0,0,57,27,56.5,1350,5001,36,0,65.9,69.2;72.7;86.1;84.6;86.0;83.9;93.7;95.8;84.6;82.5;88.1;95.1;55.2;61.5;33.3;30.8;62.9;58.7;25.0;29.9;60.8;53.1;46.2;43.4,31.37,0.11,0.0,4.59,15.051,0.789,9082.0,178369.0,4,16,,,,,,,,,,,,,,,,,,,,,,,,,,,,,,,,,,,,,,,,,,,,,,,,,,,,,,,,,,,,,
93,2,,,,,,,100,93,68,18,232.6,2730,10801,37,0,30.9,23.4;15.0;35.0;28.2;19.7;18.7;94.9;94.7;53.4;66.3;94.7;94.2;13.1;11.4;5.6;3.9;10.7;11.7;4.4;3.4;10.7;11.4;7.5;9.2,31.3,0.11,0.0,5.66,15.041,0.779,22070.0,37597.0,4,16,,,,,,,,,,,,,,,,,,,,,,,,,,,,,,,,,,,,,,,,,,,,,,,,,,,,,,,,,,,,,
93,3,,,,,,,100,83,69,18,233.4,2730,10801,37,0,22.0,15.4;1.7;15.4;11.0;5.9;3.9;93.1;96.3;43.5;55.4;88.0;92.6;1.5;0.5;0.2;0.0;0.5;1.0;0.0;0.2;0.2;0.2;0.2;0.7,31.29,0.11,0.0,3.71,15.041,0.779,31591.0,12255.0,4,16,,,,,,,,,,,,,,,,,,,,,,,,,,,,,,,,,,,,,,,,,,,,,,,,,,,,,,,,,,,,,
93,4,,,,,,,97,91,65,18,232.7,2730,10801,37,0,22.1,7.4;1.9;17.3;8.0;7.1;5.8;90.2;94.4;47.9;57.1;88.8;94.6;1.9;1.7;0.7;0.2;0.5;1.5;0.0;0.2;0.7;1.9;0.0;0.2,31.29,0.11,0.0,3.47,15.044,0.782,17871.0,16699.0,4,16,,,,,,,,,,,,,,,,,,,,,,,,,,,,,,,,,,,,,,,,,,,,,,,,,,,,,,,,,,,,,
93,5,,,,,,,96,87,66,18,232.8,2730,10801,37,0,22.5,16.7;3.6;17.8;11.1;10.1;5.3;81.2;88.7;46.2;55.7;90.8;95.7;2.4;2.7;1.7;1.7;1.9;1.2;1.2;0.2;1.0;0.7;1.0;0.5,31.26,0.11,0.0,2.75,15.041,0.779,5126.0,23828.0,4,16,,,,,,,,,,,,,,,,,,,,,,,,,,,,,,,,,,,,,,,,,,,,,,,,,,,,,,,,,,,,,
93,6,,,,,,,100,80,69,18,233.5,2730,10801,36,0,14.0,12.4;1.7;11.1;12.8;3.7;2.2;52.0;65.8;18.5;29.8;65.5;54.2;1.7;1.5;0.2;0.0;0.7;0.2;0.2;0.2;0.7;0.0;0.0;0.2,31.24,0.11,0.03,2.32,15.041,0.779,11376.0,11962.0,4,16,,,,,,,,,,,,,,,,,,,,,,,,,,,,,,,,,,,,,,,,,,,,,,,,,,,,,,,,,,,,,
93,7,,,,,,,97,82,66,17,233.1,2730,10801,37,0,6.9,14.8;1.1;1.9;3.1;0.8;0.8;22.2;31.8;4.4;3.4;29.0;44.8;0.6;0.6;0.0;0.0;0.6;0.8;0.0;0.3;0.3;0.6;0.8;1.4,31.24,0.11,0.12,2.25,15.041,0.779,0.0,1660.0,4,16,,,,,,,,,,,,,,,,,,,,,,,,,,,,,,,,,,,,,,,,,,,,,,,,,,,,,,,,,,,,,
93,summary,0.2910997784916128,0.9971147856813714,0.2835701140827603,0.9996666666666667,0.00056919,39.7,,,,,,,,,,,,,,,,,,,,,,0,84.29,100,0,73.71,93,57,65.71,69,17,19.14,27,56.5,207.8,233.5,2532.9,9972.4,36.7,0,6.9,26.33,65.9,31.24,31.28,31.37,63.16,0.11,0.11,0.11,16.0,0.0,0.02,0.12,2.25,3.54,5.66,10.954,14.262,15.041,15.04,15.051,15.992,0.779,0.78,0.789,0.0,13873.71,31591.0,1660.0,40338.57,178369.0,4,4.0,4,16,16.0,16,4,16,31.68,7.23
94,1,,,,,,,0,0,58,27,73.2,2745,10801,36,0,63.9,79.6;83.9;91.6;90.2;77.2;81.8;94.4;92.4;85.3;87.5;93.0;93.8;53.8;56.9;28.2;25.0;58.3;60.5;18.1;15.4;48.6;52.3;38.9;34.7,31.4,0.11,0.0,5.77,15.051,0.789,4345.0,32177.0,4,16,,,,,,,,,,,,,,,,,,,,,,,,,,,,,,,,,,,,,,,,,,,,,,,,,,,,,,,,,,,,,
94,2,,,,,,,100,70,69,14,234.0,2730,10801,37,0,31.4,25.3;14.6;40.9;30.2;19.7;19.0;95.9;93.7;59.6;62.3;92.3;92.9;13.6;12.2;3.6;5.1;10.9;11.7;4.6;2.7;14.3;11.7;7.1;10.0,31.32,0.11,0.0,5.63,15.041,0.779,38720.0,12109.0,4,16,,,,,,,,,,,,,,,,,,,,,,,,,,,,,,,,,,,,,,,,,,,,,,,,,,,,,,,,,,,,,
94,3,,,,,,,100,84,68,17,232.5,2730,10801,37,0,21.8,14.6;2.9;17.0;12.9;7.9;7.9;91.1;85.4;62.2;31.9;84.5;94.5;1.7;1.2;0.2;0.7;0.7;0.7;0.0;0.5;1.2;1.2;1.9;1.4,31.29,0.11,0.0,4.36,15.041,0.779,15722.0,16894.0,4,16,,,,,,,,,,,,,,,,,,,,,,,,,,,,,,,,,,,,,,,,,,,,,,,,,,,,,,,,,,,,,
94,4,,,,,,,96,90,65,16,232.1,2730,10801,37,0,21.7,13.0;1.5;16.7;8.4;4.2;4.4;91.2;90.7;47.8;53.8;94.1;90.2;1.5;1.7;0.0;0.0;0.2;0.2;0.0;0.2;0.2;0.5;0.5;1.0,31.27,0.11,0.0,2.76,15.041,0.779,5566.0,16894.0,4,16,,,,,,,,,,,,,,,,,,,,,,,,,,,,,,,,,,,,,,,,,,,,,,,,,,,,,,,,,,,,,
94,5,,,,,,,100,69,69,16,234.0,2730,10801,36,0,22.4,16.7;3.2;16.3;15.9;7.1;4.9;81.2;87.8;45.2;60.0;92.9;94.9;1.7;2.0;1.0;0.5;0.7;0.7;0.5;0.5;1.5;1.0;1.5;0.7,31.24,0.11,0.0,2.71,15.041,0.779,7128.0,29736.0,4,16,,,,,,,,,,,,,,,,,,,,,,,,,,,,,,,,,,,,,,,,,,,,,,,,,,,,,,,,,,,,,
94,6,,,,,,,97,91,66,17,233.9,2730,10801,37,0,13.9,12.4;2.2;9.1;8.6;2.5;3.0;67.5;52.2;27.5;21.9;64.7;57.0;0.5;0.2;0.2;0.2;0.2;0.5;0.0;0.0;1.2;0.2;0.0;0.7,31.22,0.11,0.01,2.36,15.041,0.779,31298.0,30517.0,4,16,,,,,,,,,,,,,,,,,,,,,,,,,,,,,,,,,,,,,,,,,,,,,,,,,,,,,,,,,,,,,
94,7,,,,,,,97,74,67,16,235.0,2730,10801,36,0,6.2,14.1;0.8;1.6;0.5;0.0;0.8;36.8;39.8;3.0;2.2;29.1;15.7;0.0;0.3;0.0;0.0;0.3;0.0;0.0;0.0;0.8;0.3;0.5;1.6,31.21,0.11,0.0,1.44,15.041,0.779,341.0,1660.0,4,16,,,,,,,,,,,,,,,,,,,,,,,,,,,,,,,,,,,,,,,,,,,,,,,,,,,,,,,,,,,,,
94,summary,0.29123194780712713,0.9971518349824131,0.28333669413460627,0.9997777777777778,0.00056127,39.8,,,,,,,,,,,,,,,,,,,,,,0,84.29,100,0,68.29,91,58,66.0,69,14,17.57,27,73.2,210.67,235.0,2732.1,10801.0,36.6,0,6.2,25.9,63.9,31.21,31.28,31.4,63.16,0.11,0.11,0.11,16.0,0.0,0.0,0.01,1.44,3.58,5.77,10.954,14.262,15.041,15.04,15.051,15.992,0.779,0.78,0.789,341.0,14731.43,38720.0,1660.0,19998.14,32177.0,4,4.0,4,16,16.0,16,4,16,31.46,7.53
95,1,,,,,,,0,0,58,27,73.1,1470,10801,36,0,65.9,75.3;80.0;91.7;90.4;84.9;82.1;88.3;89.7;90.5;89.7;93.8;97.2;65.1;71.7;26.2;23.4;64.1;61.4;18.6;17.2;52.4;58.6;37.7;32.4,31.37,0.11,0.0,3.69,15.051,0.789,26513.0,7861.0,4,16,,,,,,,,,,,,,,,,,,,,,,,,,,,,,,,,,,,,,,,,,,,,,,,,,,,,,,,,,,,,,
95,2,,,,,,,100,73,67,19,232.7,2730,10801,37,0,31.5,23.7;15.4;34.5;23.6;19.7;19.4;95.9;93.3;58.2;62.4;94.2;96.1;11.8;11.8;7.2;7.0;10.6;11.8;5.8;6.3;13.4;13.0;8.9;12.6,31.31,0.11,0.0,5.6,15.041,0.779,9130.0,12988.0,4,16,,,,,,,,,,,,,,,,,,,,,,,,,,,,,,,,,,,,,,,,,,,,,,,,,,,,,,,,,,,,,
95,3,,,,,,,100,98,66,17,232.6,2730,10801,37,0,22.4,10.8;2.2;15.7;15.9;7.1;3.7;92.9;95.1;43.2;53.7;94.1;95.8;1.2;1.2;0.0;0.5;1.2;0.7;0.2;0.2;1.0;0.7;0.2;1.2,31.27,0.11,0.01,4.45,15.041,0.779,8593.0,41943.0,4,16,,,,,,,,,,,,,,,,,,,,,,,,,,,,,,,,,,,,,,,,,,,,,,,,,,,,,,,,,,,,,
95,4,,,,,,,97,73,68,17,234.5,2730,10801,37,0,22.6,15.3;4.1;17.7;13.3;4.4;5.4;94.4;95.1;41.1;54.4;92.5;94.2;2.4;0.7;0.5;0.5;0.7;1.0;0.0;0.2;1.0;0.5;0.5;1.0,31.27,0.11,0.0,3.37,15.041,0.779,5371.0,29101.0,4,16,,,,,,,,,,,,,,,,,,,,,,,,,,,,,,,,,,,,,,,,,,,,,,,,,,,,,,,,,,,,,
95,5,,,,,,,100,78,66,18,235.4,2730,10801,37,0,22.0,15.5;2.9;18.8;13.5;4.8;4.3;85.4;85.8;41.7;61.8;93.3;91.3;2.4;1.0;0.0;0.5;1.0;0.5;0.2;0.0;0.7;0.2;0.7;1.2,31.23,0.11,0.0,2.11,15.041,0.779,9765.0,29443.0,4,16,,,,,,,,,,,,,,,,,,,,,,,,,,,,,,,,,,,,,,,,,,,,,,,,,,,,,,,,,,,,,
95,6,,,,,,,100,93,68,17,233.6,2730,10801,37,0,13.5,13.2;3.0;6.4;6.2;2.5;2.5;50.6;53.2;23.0;24.7;51.4;81.8;1.2;0.5;0.2;0.2;0.7;1.0;0.0;0.5;0.5;0.2;0.7;0.5,31.21,0.11,0.0,2.33,15.041,0.779,19873.0,51025.0,4,16,,,,,,,,,,,,,,,,,,,,,,,,,,,,,,,,,,,,,,,,,,,,,,,,,,,,,,,,,,,,,
95,7,,,,,,,100,76,67,15,235.4,2730,10801,36,0,6.6,13.8;0.8;1.9;2.2;0.6;0.8;16.7;41.2;3.9;3.9;29.5;35.9;0.6;0.6;0.3;0.3;0.8;0.3;0.3;0.0;0.6;0.3;0.8;0.6,31.2,0.11,0.0,1.48,15.041,0.779,341.0,1806.0,4,16,,,,,,,,,,,,,,,,,,,,,,,,,,,,,,,,,,,,,,,,,,,,,,,,,,,,,,,,,,,,,
95,summary,0.2905409550505989,0.9972421426537025,0.2832444761329227,0.9998888888888889,0.00055334,39.8,,,,,,,,,,,,,,,,,,,,,,0,85.29,100,0,70.14,98,58,65.71,68,15,18.57,27,73.1,211.04,235.4,2550.0,10801.0,36.7,0,6.6,26.36,65.9,31.2,31.27,31.37,63.16,0.11,0.11,0.11,16.0,0.0,0.0,0.01,1.48,3.29,5.6,10.952,14.262,15.041,15.04,15.051,15.992,0.779,0.78,0.789,341.0,11369.43,26513.0,1806.0,24881.0,51025.0,4,4.0,4,16,16.0,16,4,16,31.93,7.07
96,1,,,,,,,0,0,58,27,73.6,1515,10801,37,0,64.3,72.5;82.2;89.0;89.0;80.7;85.5;89.7;95.9;89.7;91.7;90.3;98.6;53.4;56.8;23.8;22.6;55.5;61.0;14.5;14.4;50.0;50.7;43.2;44.2,31.39,0.11,0.0,5.59,15.051,0.789,5224.0,26708.0,4,16,,,,,,,,,,,,,,,,,,,,,,,,,,,,,,,,,,,,,,,,,,,,,,,,,,,,,,,,,,,,,
96,2,,,,,,,100,75,66,19,233.3,2730,10801,37,0,31.1,27.3;14.0;34.9;29.7;18.4;21.3;91.5;96.1;56.8;64.7;97.1;93.0;11.6;11.6;4.1;5.8;10.4;12.0;3.9;3.4;8.7;11.8;8.0;9.4,31.32,0.11,0.0,6.7,15.041,0.779,11962.0,11328.0,4,16,,,,,,,,,,,,,,,,,,,,,,,,,,,,,,,,,,,,,,,,,,,,,,,,,,,,,,,,,,,,,
96,3,,,,,,,100,86,65,16,233.4,2730,10801,37,0,22.2,16.3;3.6;15.9;13.5;4.8;6.7;88.7;91.1;40.9;62.7;87.0;93.5;1.0;1.4;0.2;0.5;0.2;0.7;0.5;0.0;1.4;0.0;0.5;1.0,31.3,0.11,0.0,4.1,15.041,0.779,11132.0,34667.0,4,16,,,,,,,,,,,,,,,,,,,,,,,,,,,,,,,,,,,,,,,,,,,,,,,,,,,,,,,,,,,,,
96,4,,,,,,,96,90,70,16,232.3,2730,10801,37,0,21.6,13.9;2.0;15.2;13.5;3.4;5.4;85.7;88.2;45.6;56.9;93.6;89.9;2.2;1.5;0.0;0.0;0.7;0.7;0.0;0.0;0.0;0.0;0.0;0.5,31.27,0.11,0.0,4.32,15.041,0.779,5273.0,19042.0,4,16,,,,,,,,,,,,,,,,,,,,,,,,,,,,,,,,,,,,,,,,,,,,,,,,,,,,,,,,,,,,,
96,5,,,,,,,100,69,67,18,234.7,2730,10801,37,0,21.8,11.8;2.9;16.1;11.9;4.4;5.1;89.1;91.3;38.8;60.2;95.6;91.0;1.0;1.2;0.0;0.0;0.5;0.5;0.0;0.0;0.2;0.2;0.2;0.5,31.24,0.11,0.0,3.17,15.041,0.779,8056.0,28759.0,4,16,,,,,,,,,,,,,,,,,,,,,,,,,,,,,,,,,,,,,,,,,,,,,,,,,,,,,,,,,,,,,
96,6,,,,,,,97,92,70,16,232.4,2730,10801,37,0,13.9,10.1;2.0;7.4;6.4;1.5;2.7;47.8;62.2;24.1;27.0;57.4;77.3;0.7;1.2;0.5;0.0;0.5;0.2;0.3;0.2;0.7;0.7;0.7;0.0,31.24,0.11,0.0,1.96,15.041,0.779,14599.0,14941.0,4,16,,,,,,,,,,,,,,,,,,,,,,,,,,,,,,,,,,,,,,,,,,,,,,,,,,,,,,,,,,,,,
96,7,,,,,,,96,76,70,19,234.2,2730,10801,36,0,6.2,14.1;0.8;0.3;1.9;0.0;1.6;35.3;23.2;1.9;3.0;40.8;23.6;0.5;0.0;0.0;0.0;0.0;0.0;0.0;0.0;0.5;0.3;0.5;0.5,31.22,0.11,0.0,1.99,15.041,0.779,341.0,1660.0,4,16,,,,,,,,,,,,,,,,,,,,,,,,,,,,,,,,,,,,,,,,,,,,,,,,,,,,,,,,,,,,,
96,summary,0.29055995930522194,0.9973231879997314,0.2833688401381175,0.9995555555555555,0.00054539,39.8,,,,,,,,,,,,,,,,,,,,,,0,84.14,100,0,69.71,92,58,66.57,70,16,18.71,27,73.6,210.56,234.7,2556.4,10801.0,36.9,0,6.2,25.87,64.3,31.22,31.28,31.39,63.16,0.11,0.11,0.11,16.0,0.0,0.0,0.0,1.96,3.98,6.7,10.952,14.262,15.041,15.04,15.051,15.992,0.779,0.78,0.789,341.0,8083.86,14599.0,1660.0,19586.43,34667.0,4,4.0,4,16,16.0,16,4,16,31.61,7.4
97,1,,,,,,,0,0,58,24,74.4,1440,10801,37,0,65.2,77.9;80.1;93.1;92.4;82.8;82.1;91.0;94.5;84.0;87.7;93.1;97.2;53.8;53.8;31.5;33.1;55.2;56.6;20.7;19.3;46.9;51.7;44.9;42.6,31.37,0.11,0.0,4.64,15.051,0.789,10791.0,11328.0,4,16,,,,,,,,,,,,,,,,,,,,,,,,,,,,,,,,,,,,,,,,,,,,,,,,,,,,,,,,,,,,,
97,2,,,,,,,100,69,67,17,233.7,2730,10801,37,0,31.5,25.0;17.3;31.0;29.5;19.3;21.3;95.2;97.6;61.6;60.4;92.5;94.2;11.2;12.6;5.6;7.3;12.3;11.6;5.1;5.1;10.6;11.9;9.0;9.9,31.31,0.11,0.0,5.63,15.041,0.779,11035.0,11621.0,4,16,,,,,,,,,,,,,,,,,,,,,,,,,,,,,,,,,,,,,,,,,,,,,,,,,,,,,,,,,,,,,
97,3,,,,,,,96,90,68,14,231.0,2730,10801,37,0,21.6,11.0;3.9;11.7;16.1;4.1;3.9;86.8;93.9;38.8;57.5;94.9;91.0;1.2;1.2;0.0;0.0;0.5;0.0;0.0;0.0;0.7;0.5;0.5;0.2,31.28,0.11,0.0,4.47,15.041,0.779,28613.0,10009.0,4,16,,,,,,,,,,,,,,,,,,,,,,,,,,,,,,,,,,,,,,,,,,,,,,,,,,,,,,,,,,,,,
97,4,,,,,,,100,69,68,17,234.5,2730,10801,37,0,21.9,14.2;2.7;18.4;12.1;4.9;6.1;89.1;92.2;45.7;53.3;85.9;92.7;2.4;1.5;0.5;0.5;0.7;0.5;0.2;0.0;0.2;0.7;0.7;0.2,31.25,0.11,0.0,2.73,15.041,0.779,25048.0,97998.0,4,16,,,,,,,,,,,,,,,,,,,,,,,,,,,,,,,,,,,,,,,,,,,,,,,,,,,,,,,,,,,,,
97,5,,,,,,,100,76,68,14,234.1,2730,10801,37,0,22.2,14.6;1.9;18.5;14.7;2.4;7.1;91.0;89.3;46.4;50.0;91.7;96.0;1.7;1.9;0.7;0.2;0.2;0.5;0.5;0.2;0.5;0.5;0.5;1.9,31.24,0.11,0.0,2.67,15.041,0.779,6054.0,19921.0,4,16,,,,,,,,,,,,,,,,,,,,,,,,,,,,,,,,,,,,,,,,,,,,,,,,,,,,,,,,,,,,,
97,6,,,,,,,100,68,68,17,235.1,2730,10801,37,0,13.4,11.3;1.2;9.4;6.7;2.5;2.0;47.4;72.8;27.3;24.2;46.7;64.2;1.0;1.5;0.3;0.0;0.2;0.5;0.0;0.0;0.2;0.2;0.7;0.7,31.22,0.11,0.0,2.28,15.041,0.779,22705.0,57763.0,4,16,,,,,,,,,,,,,,,,,,,,,,,,,,,,,,,,,,,,,,,,,,,,,,,,,,,,,,,,,,,,,
97,7,,,,,,,96,91,69,16,231.8,2730,10801,36,0,6.5,13.1;0.8;1.4;1.4;0.8;0.6;22.6;46.5;4.7;3.1;44.3;14.2;0.6;0.0;0.0;0.3;0.3;0.0;0.0;0.0;0.6;0.0;0.0;0.3,31.22,0.11,0.0,1.45,15.041,0.779,634.0,1562.0,4,16,,,,,,,,,,,,,,,,,,,,,,,,,,,,,,,,,,,,,,,,,,,,,,,,,,,,,,,,,,,,,
97,summary,0.2905471437195297,0.9973023477678954,0.2832107348971897,0.9997777777777778,0.00053743,39.9,,,,,,,,,,,,,,,,,,,,,,0,84.57,100,0,66.14,91,58,66.57,69,14,17.0,24,74.4,210.66,235.1,2545.7,10801.0,36.9,0,6.5,26.04,65.2,31.22,31.27,31.37,63.16,0.11,0.11,0.11,16.0,0.0,0.0,0.0,1.45,3.41,5.63,10.953,14.262,15.041,15.04,15.051,15.992,0.779,0.78,0.789,634.0,14982.86,28613.0,1562.0,30028.86,97998.0,4,4.0,4,16,16.0,16,4,16,31.75,7.31
98,1,,,,,,,0,0,58,27,73.3,1575,10801,36,0,63.5,79.3;79.5;91.8;89.0;78.1;82.2;91.8;94.5;90.5;89.1;87.7;97.3;51.4;50.7;32.2;27.4;58.2;52.7;16.6;19.2;41.8;50.0;34.0;38.4,31.4,0.11,0.0,8.6,15.051,0.789,8349.0,14941.0,4,16,,,,,,,,,,,,,,,,,,,,,,,,,,,,,,,,,,,,,,,,,,,,,,,,,,,,,,,,,,,,,
98,2,,,,,,,96,76,69,19,233.5,2730,10801,36,0,30.8,25.4;16.7;31.0;32.9;18.6;20.1;96.9;85.5;56.5;62.7;94.9;97.1;14.3;13.6;3.2;3.4;11.2;12.1;1.5;2.4;9.9;11.7;8.0;9.9,31.34,0.11,0.0,5.38,15.041,0.779,20898.0,18847.0,4,16,,,,,,,,,,,,,,,,,,,,,,,,,,,,,,,,,,,,,,,,,,,,,,,,,,,,,,,,,,,,,
98,3,,,,,,,100,77,68,15,234.4,2730,10801,37,0,22.6,20.4;2.9;14.1;15.6;6.0;4.8;93.0;85.9;48.9;52.4;93.8;91.8;2.4;0.7;0.0;0.2;0.2;1.4;0.7;0.7;2.9;1.9;1.0;0.7,31.29,0.11,0.0,4.96,15.041,0.779,37109.0,303173.0,4,16,,,,,,,,,,,,,,,,,,,,,,,,,,,,,,,,,,,,,,,,,,,,,,,,,,,,,,,,,,,,,
98,4,,,,,,,100,93,67,17,232.4,2730,10801,36,0,22.3,12.4;2.0;12.8;13.3;4.2;6.3;90.4;91.4;58.2;42.5;95.3;96.6;1.2;1.2;1.0;0.5;1.0;0.7;0.2;0.5;1.7;0.7;0.0;1.5,31.26,0.11,0.0,4.02,15.041,0.779,5566.0,45898.0,4,16,,,,,,,,,,,,,,,,,,,,,,,,,,,,,,,,,,,,,,,,,,,,,,,,,,,,,,,,,,,,,
98,5,,,,,,,96,79,69,17,233.8,2730,10801,37,0,22.3,12.8;1.5;11.3;16.4;3.2;4.9;96.6;92.9;41.4;61.4;92.7;92.4;1.7;1.0;0.2;0.0;0.5;0.2;0.5;0.7;0.7;0.2;0.0;0.5,31.25,0.11,0.01,2.6,15.041,0.779,30322.0,12011.0,4,16,,,,,,,,,,,,,,,,,,,,,,,,,,,,,,,,,,,,,,,,,,,,,,,,,,,,,,,,,,,,,
98,6,,,,,,,100,84,66,17,233.8,2730,10801,37,0,13.6,14.9;1.2;9.1;7.6;2.7;2.5;50.5;57.2;17.7;27.5;53.7;76.2;0.5;1.0;0.2;0.2;1.0;0.5;0.2;0.0;0.2;0.0;0.5;1.2,31.23,0.11,0.0,2.4,15.041,0.779,20654.0,115917.0,4,16,,,,,,,,,,,,,,,,,,,,,,,,,,,,,,,,,,,,,,,,,,,,,,,,,,,,,,,,,,,,,
98,7,,,,,,,99,95,67,17,223.3,2730,10801,36,0,6.7,12.9;1.4;2.7;2.7;0.3;1.1;44.5;20.3;5.2;4.1;33.0;25.4;0.8;1.1;0.8;0.5;0.3;0.3;0.0;0.3;0.5;0.8;0.0;0.8,31.23,0.11,0.0,1.83,15.041,0.779,927.0,1513.0,4,16,,,,,,,,,,,,,,,,,,,,,,,,,,,,,,,,,,,,,,,,,,,,,,,,,,,,,,,,,,,,,
98,summary,0.2899686314146045,0.9974204424149661,0.28338435668415496,0.9995555555555555,0.00052946,39.8,,,,,,,,,,,,,,,,,,,,,,0,84.43,100,0,72.0,95,58,66.29,69,15,18.43,27,73.3,209.21,234.4,2565.0,10801.0,36.4,0,6.7,25.97,63.5,31.23,31.29,31.4,63.16,0.11,0.11,0.11,16.0,0.0,0.0,0.01,1.83,4.26,8.6,10.956,14.262,15.041,15.04,15.051,15.992,0.779,0.78,0.789,927.0,17689.29,37109.0,1513.0,73185.71,303173.0,4,4.0,4,16,16.0,16,4,16,31.58,7.42
99,1,,,,,,,1,0,59,26,53.9,1365,5001,37,0,65.6,75.5;81.0;90.5;89.8;87.8;87.8;89.2;95.9;81.6;78.2;90.5;96.6;57.4;53.4;30.6;33.3;55.8;55.8;32.7;27.2;47.6;51.7;42.6;41.5,31.38,0.11,0.0,4.57,15.051,0.789,6542.0,13964.0,4,16,,,,,,,,,,,,,,,,,,,,,,,,,,,,,,,,,,,,,,,,,,,,,,,,,,,,,,,,,,,,,
99,2,,,,,,,96,91,69,17,231.0,2730,10801,37,0,30.9,27.8;15.8;28.0;28.9;17.8;19.5;91.5;94.4;51.3;72.0;94.9;97.3;11.9;12.7;3.7;5.1;12.4;11.9;2.4;2.2;11.9;11.4;6.3;11.1,31.31,0.11,0.0,5.6,15.041,0.779,5517.0,40332.0,4,16,,,,,,,,,,,,,,,,,,,,,,,,,,,,,,,,,,,,,,,,,,,,,,,,,,,,,,,,,,,,,
99,3,,,,,,,100,67,67,16,234.4,2730,10801,36,0,22.9,15.0;3.7;13.7;20.0;6.1;5.1;94.1;92.4;52.8;45.0;94.6;96.8;2.9;1.5;0.7;0.2;1.0;0.7;0.0;0.7;0.7;0.2;0.7;0.2,31.27,0.11,0.01,3.72,15.041,0.779,5908.0,35986.0,4,16,,,,,,,,,,,,,,,,,,,,,,,,,,,,,,,,,,,,,,,,,,,,,,,,,,,,,,,,,,,,,
99,4,,,,,,,96,88,67,17,231.8,2730,10801,37,0,22.8,13.6;2.9;20.1;14.4;5.1;5.6;92.9;91.2;42.0;63.0;86.3;93.4;2.9;2.2;0.5;0.2;2.2;1.2;0.7;0.2;2.7;1.2;0.7;0.7,31.26,0.11,0.02,3.66,15.041,0.779,4638.0,16796.0,4,16,,,,,,,,,,,,,,,,,,,,,,,,,,,,,,,,,,,,,,,,,,,,,,,,,,,,,,,,,,,,,
99,5,,,,,,,96,90,69,17,222.8,2730,10801,36,0,21.5,11.9;1.0;13.8;11.4;5.3;2.4;93.7;93.0;41.9;53.2;90.1;95.6;1.5;0.7;0.0;0.0;0.0;0.2;0.5;0.0;0.0;0.0;0.0;1.4,31.25,0.11,0.0,2.69,15.041,0.779,25537.0,36328.0,4,16,,,,,,,,,,,,,,,,,,,,,,,,,,,,,,,,,,,,,,,,,,,,,,,,,,,,,,,,,,,,,
99,6,,,,,,,98,91,68,16,232.3,2730,10801,37,0,14.4,13.4;2.5;9.8;8.8;3.9;3.7;50.4;68.1;26.7;26.1;50.5;70.3;2.0;2.0;0.2;0.5;1.7;1.2;1.2;0.2;1.0;0.2;0.2;0.5,31.23,0.11,0.0,1.94,15.041,0.779,6201.0,175000.0,4,16,,,,,,,,,,,,,,,,,,,,,,,,,,,,,,,,,,,,,,,,,,,,,,,,,,,,,,,,,,,,,
99,7,,,,,,,100,68,70,16,234.2,2730,10801,36,0,6.6,15.0;0.3;2.2;0.6;1.7;1.4;29.5;34.3;4.2;2.8;36.9;25.3;0.3;0.8;0.0;0.0;0.9;0.3;0.0;0.0;0.3;1.1;0.0;0.3,31.23,0.11,0.0,1.81,15.041,0.779,48.0,1708.0,4,16,,,,,,,,,,,,,,,,,,,,,,,,,,,,,,,,,,,,,,,,,,,,,,,,,,,,,,,,,,,,,
99,summary,0.2901449253559819,0.9974482293907474,0.28287240574094985,1.0,0.00052148,39.7,,,,,,,,,,,,,,,,,,,,,,1,83.86,100,0,70.71,91,59,67.0,70,16,17.86,26,53.9,205.77,234.4,2535.0,9972.4,36.6,0,6.6,26.39,65.6,31.23,31.28,31.38,63.16,0.11,0.11,0.11,16.0,0.0,0.0,0.02,1.81,3.43,5.6,10.954,14.262,15.041,15.04,15.051,15.992,0.779,0.78,0.789,48.0,7770.14,25537.0,1708.0,45730.57,175000.0,4,4.0,4,16,16.0,16,4,16,31.76,7.19
100,1,,,,,,,0,0,58,23,66.4,1440,10801,36,0,63.4,79.2;76.9;91.6;90.9;86.8;84.7;87.5;94.4;81.8;84.6;90.3;96.5;58.7;55.3;18.0;21.3;54.0;56.9;17.4;18.7;49.3;49.3;40.3;43.4,31.42,0.11,0.0,4.74,15.051,0.789,25244.0,17236.0,4,16,,,,,,,,,,,,,,,,,,,,,,,,,,,,,,,,,,,,,,,,,,,,,,,,,,,,,,,,,,,,,
100,2,,,,,,,96,90,66,19,231.3,2730,10801,37,0,31.6,24.4;14.6;32.5;27.6;23.8;24.3;92.0;91.7;62.7;67.5;94.4;94.7;13.8;15.0;2.7;4.6;13.6;13.3;2.2;1.7;10.4;11.9;6.3;12.1,31.32,0.11,0.0,6.75,15.041,0.779,10351.0,11083.0,4,16,,,,,,,,,,,,,,,,,,,,,,,,,,,,,,,,,,,,,,,,,,,,,,,,,,,,,,,,,,,,,
100,3,,,,,,,96,89,65,15,222.8,2730,10801,37,0,22.5,15.3;3.6;18.5;15.7;7.2;5.8;92.0;90.1;51.8;53.6;85.3;89.6;1.7;2.4;0.7;0.2;1.7;1.0;0.5;0.5;2.2;0.5;0.5;0.7,31.27,0.11,0.0,5.01,15.041,0.779,15185.0,55322.0,4,16,,,,,,,,,,,,,,,,,,,,,,,,,,,,,,,,,,,,,,,,,,,,,,,,,,,,,,,,,,,,,
100,4,,,,,,,100,72,69,18,233.0,2730,10801,36,0,21.6,13.2;1.0;13.5;15.7;4.2;3.7;89.7;90.9;55.0;45.7;91.6;89.7;1.5;1.7;0.2;0.0;0.2;0.2;0.0;0.0;0.5;0.0;0.2;1.0,31.25,0.11,0.0,3.37,15.041,0.779,5273.0,44921.0,4,16,,,,,,,,,,,,,,,,,,,,,,,,,,,,,,,,,,,,,,,,,,,,,,,,,,,,,,,,,,,,,
100,5,,,,,,,96,89,66,18,231.6,2730,10801,37,0,22.7,17.0;2.4;15.3;16.3;5.1;3.9;91.5;95.1;45.7;60.0;90.5;93.5;0.7;1.5;1.2;0.5;1.0;0.0;0.2;0.0;1.0;1.0;0.5;0.5,31.25,0.11,0.01,3.2,15.041,0.779,7177.0,10693.0,4,16,,,,,,,,,,,,,,,,,,,,,,,,,,,,,,,,,,,,,,,,,,,,,,,,,,,,,,,,,,,,,
100,6,,,,,,,100,66,70,18,233.8,2730,10801,36,0,14.3,13.1;2.9;10.3;7.6;2.7;2.5;57.7;74.6;22.4;22.1;51.6;68.2;1.5;0.5;0.0;0.0;0.5;0.2;0.0;0.2;1.5;1.5;0.5;0.2,31.24,0.11,0.0,2.47,15.041,0.779,5712.0,46972.0,4,16,,,,,,,,,,,,,,,,,,,,,,,,,,,,,,,,,,,,,,,,,,,,,,,,,,,,,,,,,,,,,
100,7,,,,,,,93,67,66,21,230.7,2730,10801,36,0,6.3,12.9;1.4;1.7;0.6;0.8;0.6;48.8;24.0;4.4;2.5;30.3;20.7;0.3;0.8;0.0;0.0;0.3;0.0;0.0;0.3;0.3;0.0;0.3;0.8,31.23,0.11,0.0,1.88,15.041,0.779,1416.0,0.0,4,16,,,,,,,,,,,,,,,,,,,,,,,,,,,,,,,,,,,,,,,,,,,,,,,,,,,,,,,,,,,,,
100,summary,0.2902210093606035,0.9974435982281171,0.2834590099652608,0.9996666666666667,0.00051349,39.7,,,,,,,,,,,,,,,,,,,,,,0,83.0,100,0,67.57,90,58,65.71,70,15,18.86,23,66.4,207.09,233.8,2545.7,10801.0,36.4,0,6.3,26.06,63.4,31.23,31.28,31.42,63.16,0.11,0.11,0.11,16.0,0.0,0.0,0.01,1.88,3.92,6.75,10.955,14.262,15.041,15.04,15.051,15.992,0.779,0.78,0.789,1416.0,10051.14,25244.0,0.0,26603.86,55322.0,4,4.0,4,16,16.0,16,4,16,31.69,7.19
101,1,,,,,,,0,0,58,27,59.3,1470,10801,36,0,65.3,79.2;81.9;89.5;91.6;89.5;86.7;90.2;97.2;83.9;86.0;88.2;92.3;55.2;57.3;30.1;28.0;59.0;57.3;17.5;16.1;51.4;59.0;41.3;39.6,31.35,0.11,0.0,3.72,15.051,0.789,4980.0,23681.0,4,16,,,,,,,,,,,,,,,,,,,,,,,,,,,,,,,,,,,,,,,,,,,,,,,,,,,,,,,,,,,,,
101,2,,,,,,,100,77,66,19,234.7,2730,10801,36,0,31.8,26.1;14.4;32.7;32.0;25.5;21.2;93.4;87.6;61.0;59.9;93.5;91.2;12.7;16.0;4.4;5.6;14.6;12.7;4.9;3.6;12.9;12.9;11.2;13.4,31.3,0.11,0.0,5.65,15.041,0.779,27978.0,12207.0,4,16,,,,,,,,,,,,,,,,,,,,,,,,,,,,,,,,,,,,,,,,,,,,,,,,,,,,,,,,,,,,,
101,3,,,,,,,100,93,68,19,233.0,2730,10801,36,0,22.2,13.7;1.5;16.4;14.2;6.4;4.9;89.3;89.0;51.0;54.2;89.8;92.4;1.5;1.2;0.0;0.0;0.2;1.7;0.5;0.2;0.7;1.2;0.7;0.5,31.28,0.11,0.16,4.88,15.041,0.779,24072.0,37792.0,4,16,,,,,,,,,,,,,,,,,,,,,,,,,,,,,,,,,,,,,,,,,,,,,,,,,,,,,,,,,,,,,
101,4,,,,,,,96,72,68,18,234.2,2730,10801,37,0,22.3,14.6;2.4;15.9;14.0;8.3;3.9;90.9;91.7;44.1;55.6;92.0;93.9;1.7;1.7;1.0;0.0;0.5;1.0;0.0;0.5;1.7;0.7;0.2;0.7,31.26,0.11,0.02,3.33,15.041,0.779,30908.0,12207.0,4,16,,,,,,,,,,,,,,,,,,,,,,,,,,,,,,,,,,,,,,,,,,,,,,,,,,,,,,,,,,,,,
101,5,,,,,,,100,89,68,19,232.4,2730,10801,37,0,22.0,11.3;0.5;18.9;12.7;5.3;4.3;97.4;97.1;39.6;50.2;88.3;91.4;2.4;1.2;0.0;0.5;0.5;0.2;0.5;0.0;1.9;1.4;0.5;0.2,31.25,0.11,0.0,3.07,15.041,0.779,18847.0,10986.0,4,16,,,,,,,,,,,,,,,,,,,,,,,,,,,,,,,,,,,,,,,,,,,,,,,,,,,,,,,,,,,,,
101,6,,,,,,,100,98,67,17,233.0,2730,10801,36,0,13.9,14.6;1.7;10.8;6.9;3.5;4.2;54.2;70.4;20.0;26.1;51.4;60.0;1.5;1.0;0.2;0.2;1.0;0.5;0.5;0.2;0.5;1.5;0.7;1.2,31.24,0.11,0.02,2.31,15.041,0.779,6201.0,32861.0,4,16,,,,,,,,,,,,,,,,,,,,,,,,,,,,,,,,,,,,,,,,,,,,,,,,,,,,,,,,,,,,,
101,7,,,,,,,100,70,68,16,233.3,2730,10801,36,0,6.9,10.4;0.3;2.5;2.5;1.4;1.1;50.1;13.6;7.8;3.6;28.9;34.3;0.6;0.0;0.0;0.3;0.6;1.4;0.3;1.7;1.7;0.6;0.3;0.3,31.22,0.11,0.0,1.48,15.041,0.779,1464.0,390.0,4,16,,,,,,,,,,,,,,,,,,,,,,,,,,,,,,,,,,,,,,,,,,,,,,,,,,,,,,,,,,,,,
101,summary,0.29006140673684777,0.9974690696225834,0.28293546401129827,0.9998888888888889,0.00050551,39.7,,,,,,,,,,,,,,,,,,,,,,0,85.14,100,0,71.29,98,58,66.14,68,16,19.29,27,59.3,208.56,234.7,2550.0,10801.0,36.3,0,6.9,26.34,65.3,31.22,31.27,31.35,63.16,0.11,0.11,0.11,16.0,0.0,0.03,0.16,1.48,3.49,5.65,10.956,14.262,15.041,15.04,15.051,15.992,0.779,0.78,0.789,1464.0,16350.0,30908.0,390.0,18589.14,37792.0,4,4.0,4,16,16.0,16,4,16,31.54,7.31
102,1,,,,,,,0,0,57,27,54.9,1320,10801,36,0,65.1,78.5;82.8;88.3;88.2;82.2;81.9;87.6;93.1;77.1;82.1;90.3;97.9;65.8;61.6;31.5;31.5;57.1;59.6;20.1;21.2;52.4;57.2;37.9;38.6,31.38,0.11,0.0,4.69,15.051,0.789,3173.0,43212.0,4,16,,,,,,,,,,,,,,,,,,,,,,,,,,,,,,,,,,,,,,,,,,,,,,,,,,,,,,,,,,,,,
102,2,,,,,,,100,99,66,14,232.7,2730,10801,37,0,31.6,27.3;15.0;35.3;29.9;19.2;21.4;93.7;94.7;58.1;68.5;96.8;94.2;12.1;12.4;3.6;3.6;11.2;12.4;3.2;3.9;11.4;10.9;8.7;10.1,31.31,0.11,0.0,4.69,15.041,0.779,52148.0,17871.0,4,16,,,,,,,,,,,,,,,,,,,,,,,,,,,,,,,,,,,,,,,,,,,,,,,,,,,,,,,,,,,,,
102,3,,,,,,,100,77,66,17,235.4,2730,10801,36,0,22.4,15.4;2.0;20.2;11.0;3.9;5.6;94.4;92.9;44.6;56.9;89.2;91.7;2.2;2.2;0.0;0.0;1.7;0.7;0.5;1.0;0.5;0.7;0.5;1.5,31.27,0.11,0.0,4.65,15.041,0.779,19238.0,10742.0,4,16,,,,,,,,,,,,,,,,,,,,,,,,,,,,,,,,,,,,,,,,,,,,,,,,,,,,,,,,,,,,,
102,4,,,,,,,100,69,66,18,233.0,2730,10801,36,0,21.8,15.3;3.6;15.5;11.1;6.0;5.6;90.1;88.7;47.6;53.6;87.4;89.6;1.4;1.0;0.5;0.5;1.4;0.7;0.2;0.0;0.2;1.0;0.7;0.7,31.27,0.11,0.0,3.46,15.041,0.779,6298.0,18945.0,4,16,,,,,,,,,,,,,,,,,,,,,,,,,,,,,,,,,,,,,,,,,,,,,,,,,,,,,,,,,,,,,
102,5,,,,,,,100,99,67,17,231.8,2730,10801,36,0,21.9,15.1;1.0;15.2;8.3;5.4;3.4;85.3;91.1;46.1;62.7;93.6;89.5;2.2;0.5;0.5;0.5;0.5;0.5;0.5;0.7;1.0;0.2;0.5;1.0,31.26,0.11,0.0,2.26,15.041,0.779,23828.0,11035.0,4,16,,,,,,,,,,,,,,,,,,,,,,,,,,,,,,,,,,,,,,,,,,,,,,,,,,,,,,,,,,,,,
102,6,,,,,,,100,77,67,15,235.1,2730,10801,36,0,13.6,12.6;1.0;8.6;8.9;3.0;1.7;47.8;63.3;19.5;27.1;59.9;69.7;0.5;0.5;0.0;0.0;0.2;0.0;0.0;0.0;0.7;0.2;0.7;0.5,31.24,0.11,0.0,2.43,15.041,0.779,21679.0,13818.0,4,16,,,,,,,,,,,,,,,,,,,,,,,,,,,,,,,,,,,,,,,,,,,,,,,,,,,,,,,,,,,,,
102,7,,,,,,,98,92,66,18,231.1,2730,10801,37,0,7.1,11.4;2.0;3.1;2.0;1.4;1.4;31.9;24.1;5.3;3.6;43.7;34.1;1.4;0.6;0.0;0.0;0.3;0.3;0.6;0.0;0.3;0.0;0.6;1.4,31.23,0.11,0.0,1.46,15.041,0.779,341.0,292.0,4,16,,,,,,,,,,,,,,,,,,,,,,,,,,,,,,,,,,,,,,,,,,,,,,,,,,,,,,,,,,,,,
102,summary,0.2899658035419833,0.9975570617125576,0.2833523778385586,0.9995555555555555,0.00049752,39.7,,,,,,,,,,,,,,,,,,,,,,0,85.43,100,0,73.29,99,57,65.0,67,14,18.0,27,54.9,207.71,235.4,2528.6,10801.0,36.3,0,7.1,26.21,65.1,31.23,31.28,31.38,63.16,0.11,0.11,0.11,16.0,0.0,0.0,0.0,1.46,3.38,4.69,10.956,14.262,15.041,15.04,15.051,15.992,0.779,0.78,0.789,341.0,18100.71,52148.0,292.0,16559.29,43212.0,4,4.0,4,16,16.0,16,4,16,31.58,7.28
103,1,,,,,,,49,54,59,26,57.0,1380,5001,36,0,64.4,84.1;83.4;88.4;89.7;85.5;86.2;91.0;93.1;82.1;84.1;89.0;97.2;51.7;54.5;24.1;30.3;47.6;54.8;17.2;17.9;48.3;52.4;41.4;50.0,31.37,0.11,0.0,4.66,15.051,0.789,20996.0,43212.0,4,16,,,,,,,,,,,,,,,,,,,,,,,,,,,,,,,,,,,,,,,,,,,,,,,,,,,,,,,,,,,,,
103,2,,,,,,,99,97,66,17,231.3,2730,10801,36,0,31.0,29.3;15.5;27.9;33.2;18.9;19.3;88.8;92.6;62.3;59.9;95.7;88.3;11.4;12.0;6.7;7.9;13.2;12.4;4.1;5.3;11.0;11.7;6.9;9.8,31.3,0.11,0.0,5.58,15.041,0.779,41943.0,129589.0,4,16,,,,,,,,,,,,,,,,,,,,,,,,,,,,,,,,,,,,,,,,,,,,,,,,,,,,,,,,,,,,,
103,3,,,,,,,100,74,67,18,233.4,2730,10801,36,0,21.9,16.3;2.0;11.5;15.0;4.7;4.2;95.8;93.2;37.5;58.1;91.5;88.8;2.0;1.5;0.5;0.5;1.0;0.7;0.2;0.0;1.2;0.5;0.0;0.5,31.29,0.11,0.01,3.66,15.041,0.779,6445.0,38232.0,4,16,,,,,,,,,,,,,,,,,,,,,,,,,,,,,,,,,,,,,,,,,,,,,,,,,,,,,,,,,,,,,
103,4,,,,,,,100,98,66,19,231.4,2730,10801,36,0,22.0,11.5;1.2;13.4;9.5;4.6;4.7;90.5;97.1;38.3;60.0;94.7;94.1;0.7;1.2;0.2;0.5;0.5;0.5;0.0;0.7;0.0;0.2;0.2;1.5,31.27,0.11,0.0,3.58,15.041,0.779,15820.0,19091.0,4,16,,,,,,,,,,,,,,,,,,,,,,,,,,,,,,,,,,,,,,,,,,,,,,,,,,,,,,,,,,,,,
103,5,,,,,,,96,74,70,17,233.0,2730,10801,36,0,21.9,15.2;4.2;16.2;11.5;6.1;4.7;88.9;95.1;55.0;43.4;90.2;87.3;1.0;0.7;0.5;0.2;0.2;1.5;0.5;0.2;1.2;0.7;0.5;0.2,31.26,0.11,0.0,2.71,15.041,0.779,7568.0,16357.0,4,16,,,,,,,,,,,,,,,,,,,,,,,,,,,,,,,,,,,,,,,,,,,,,,,,,,,,,,,,,,,,,
103,6,,,,,,,100,77,67,18,234.1,2730,10801,36,0,13.6,13.5;1.5;8.2;9.9;2.9;3.1;61.6;64.5;15.0;30.2;49.8;56.3;2.4;1.9;0.5;0.0;0.7;0.7;0.2;0.0;0.5;0.5;0.5;0.7,31.25,0.11,0.0,1.96,15.041,0.779,25000.0,12011.0,4,16,,,,,,,,,,,,,,,,,,,,,,,,,,,,,,,,,,,,,,,,,,,,,,,,,,,,,,,,,,,,,
103,7,,,,,,,98,92,67,18,231.1,2730,10801,37,0,7.1,15.5;0.6;3.6;2.2;2.2;1.4;30.6;33.7;5.3;4.5;46.5;21.2;0.6;0.3;0.0;0.0;0.0;0.0;0.0;0.3;0.0;0.0;0.0;1.1,31.24,0.11,0.01,1.82,15.044,0.782,781.0,3417.0,4,16,,,,,,,,,,,,,,,,,,,,,,,,,,,,,,,,,,,,,,,,,,,,,,,,,,,,,,,,,,,,,
103,summary,0.28986492083462245,0.9975084345049403,0.28342575701077777,0.9995555555555555,0.00048953,39.8,,,,,,,,,,,,,,,,,,,,,,49,91.71,100,54,80.86,98,59,66.0,70,17,19.0,26,57.0,207.33,234.1,2537.1,9972.4,36.1,0,7.1,25.99,64.4,31.24,31.28,31.37,63.16,0.11,0.11,0.11,16.0,0.0,0.0,0.01,1.82,3.42,5.58,10.957,14.262,15.041,15.04,15.051,15.992,0.779,0.78,0.789,781.0,16936.14,41943.0,3417.0,37415.57,129589.0,4,4.0,4,16,16.0,16,4,16,31.44,7.58
104,1,,,,,,,0,0,58,27,72.5,2745,10801,37,0,65.3,79.1;84.1;90.3;90.3;82.1;84.1;93.8;95.2;89.0;86.2;94.5;91.0;55.9;57.2;29.0;25.9;55.2;57.2;25.5;22.1;49.3;49.0;40.7;41.4,31.39,0.11,0.0,3.71,15.054,0.792,28564.0,15771.0,4,16,,,,,,,,,,,,,,,,,,,,,,,,,,,,,,,,,,,,,,,,,,,,,,,,,,,,,,,,,,,,,
104,2,,,,,,,100,78,67,17,233.4,2730,10801,36,0,31.6,26.1;15.0;28.4;31.4;22.5;21.9;94.9;95.3;62.0;60.5;90.0;94.6;12.2;11.2;5.9;5.6;12.5;12.0;6.1;6.6;11.0;11.5;9.3;10.8,31.32,0.11,0.0,5.69,15.041,0.779,5468.0,43408.0,4,16,,,,,,,,,,,,,,,,,,,,,,,,,,,,,,,,,,,,,,,,,,,,,,,,,,,,,,,,,,,,,
104,3,,,,,,,100,94,66,15,231.4,2730,10801,36,0,23.2,16.6;4.1;15.3;18.2;6.8;7.4;95.1;93.7;60.6;39.1;92.7;91.2;2.2;2.2;0.2;0.5;2.0;1.9;0.2;1.0;2.7;0.7;1.5;1.0,31.3,0.11,0.0,4.52,15.041,0.779,23925.0,11816.0,4,16,,,,,,,,,,,,,,,,,,,,,,,,,,,,,,,,,,,,,,,,,,,,,,,,,,,,,,,,,,,,,
104,4,,,,,,,98,92,66,18,231.0,2730,10801,36,0,22.0,12.8;3.8;18.9;13.5;6.0;4.3;83.9;95.2;53.5;47.6;82.9;94.2;1.2;1.0;0.5;0.5;1.2;1.2;0.0;0.2;2.9;1.9;0.5;1.2,31.28,0.11,0.0,2.72,15.041,0.779,15625.0,11279.0,4,16,,,,,,,,,,,,,,,,,,,,,,,,,,,,,,,,,,,,,,,,,,,,,,,,,,,,,,,,,,,,,
104,5,,,,,,,100,75,67,17,234.0,2730,10801,36,0,22.6,17.1;3.2;14.5;18.8;6.2;5.9;92.1;94.3;42.3;54.5;88.7;88.9;2.9;3.0;0.7;0.7;1.0;0.7;0.5;0.7;2.0;1.5;1.0;1.2,31.27,0.11,0.0,2.82,15.041,0.779,27490.0,39306.0,4,16,,,,,,,,,,,,,,,,,,,,,,,,,,,,,,,,,,,,,,,,,,,,,,,,,,,,,,,,,,,,,
104,6,,,,,,,100,98,66,16,232.5,2730,10801,36,0,13.9,12.1;1.2;8.4;4.9;2.5;5.6;61.5;58.1;25.3;19.4;62.9;66.1;1.0;0.7;0.0;0.2;0.5;0.5;0.2;0.0;0.5;0.7;0.2;1.5,31.23,0.11,0.0,2.25,15.041,0.779,25683.0,13818.0,4,16,,,,,,,,,,,,,,,,,,,,,,,,,,,,,,,,,,,,,,,,,,,,,,,,,,,,,,,,,,,,,
104,7,,,,,,,100,70,67,18,234.8,2730,10801,36,0,6.3,11.6;0.0;2.5;1.1;0.3;1.4;29.6;40.4;3.6;2.8;29.0;29.1;0.3;0.0;0.0;0.0;0.0;0.0;0.0;0.3;0.0;0.0;0.0;0.0,31.21,0.11,0.0,1.47,15.041,0.779,2343.0,390.0,4,16,,,,,,,,,,,,,,,,,,,,,,,,,,,,,,,,,,,,,,,,,,,,,,,,,,,,,,,,,,,,,
104,summary,0.2901573524840667,0.9974690696225834,0.2831694172753228,0.9997777777777778,0.00048154,39.7,,,,,,,,,,,,,,,,,,,,,,0,85.43,100,0,72.43,98,58,65.29,67,15,18.29,27,72.5,209.94,234.8,2732.1,10801.0,36.1,0,6.3,26.41,65.3,31.21,31.29,31.39,63.16,0.11,0.11,0.11,16.0,0.0,0.0,0.0,1.47,3.31,5.69,10.956,14.262,15.041,15.04,15.054,15.992,0.779,0.78,0.792,2343.0,18442.57,28564.0,390.0,19398.29,43408.0,4,4.0,4,16,16.0,16,4,16,31.61,7.26
105,1,,,,,,,0,0,57,27,68.8,1545,10801,36,0,64.4,74.3;79.7;87.5;87.4;84.6;87.5;97.9;90.9;81.8;81.8;88.1;95.1;54.9;54.5;30.8;35.7;53.8;55.2;28.0;27.3;49.0;45.8;32.9;40.3,31.37,0.11,0.0,3.86,15.051,0.789,27001.0,35156.0,4,16,,,,,,,,,,,,,,,,,,,,,,,,,,,,,,,,,,,,,,,,,,,,,,,,,,,,,,,,,,,,,
105,2,,,,,,,100,84,66,18,232.0,2730,10801,36,0,32.6,26.8;15.9;32.4;30.5;23.1;24.2;95.9;97.1;66.7;58.9;90.2;94.2;14.9;15.6;7.0;6.3;14.4;12.8;4.8;3.6;12.5;13.5;8.7;10.8,31.31,0.11,0.01,5.57,15.041,0.779,30078.0,35107.0,4,16,,,,,,,,,,,,,,,,,,,,,,,,,,,,,,,,,,,,,,,,,,,,,,,,,,,,,,,,,,,,,
105,3,,,,,,,96,90,70,17,230.4,2730,10801,36,0,22.3,17.2;1.7;19.4;14.5;2.7;3.7;90.4;92.6;36.9;61.9;89.0;92.9;1.0;1.2;0.2;0.5;2.5;2.9;0.2;0.0;0.5;1.5;0.5;1.0,31.29,0.11,0.0,4.48,15.041,0.779,5810.0,43457.0,4,16,,,,,,,,,,,,,,,,,,,,,,,,,,,,,,,,,,,,,,,,,,,,,,,,,,,,,,,,,,,,,
105,4,,,,,,,100,70,67,15,232.5,2730,10801,36,0,22.0,9.0;2.9;10.5;20.6;5.6;7.8;84.6;85.8;50.7;55.4;93.9;89.8;1.5;2.4;1.0;0.5;1.5;1.2;0.7;0.0;0.7;1.2;0.5;1.5,31.26,0.11,0.0,3.32,15.041,0.779,19189.0,33300.0,4,16,,,,,,,,,,,,,,,,,,,,,,,,,,,,,,,,,,,,,,,,,,,,,,,,,,,,,,,,,,,,,
105,5,,,,,,,96,91,70,18,230.3,2730,10801,36,0,22.6,15.1;3.4;14.1;14.9;4.6;6.1;90.5;92.0;51.8;46.6;94.0;96.1;2.2;1.7;0.7;1.0;0.5;1.2;0.2;1.2;1.2;1.5;1.5;0.7,31.26,0.11,0.0,2.1,15.041,0.779,29492.0,18164.0,4,16,,,,,,,,,,,,,,,,,,,,,,,,,,,,,,,,,,,,,,,,,,,,,,,,,,,,,,,,,,,,,
105,6,,,,,,,97,88,69,16,231.6,2730,10801,36,0,14.2,14.3;1.7;8.3;10.0;3.6;3.2;68.9;67.7;19.7;23.1;56.1;58.9;1.2;1.0;0.0;0.0;0.2;1.0;0.5;0.0;0.5;0.2;0.2;0.0,31.23,0.11,0.02,3.07,15.041,0.779,26611.0,15576.0,4,16,,,,,,,,,,,,,,,,,,,,,,,,,,,,,,,,,,,,,,,,,,,,,,,,,,,,,,,,,,,,,
105,7,,,,,,,100,90,65,20,232.6,2730,10801,36,0,6.5,11.8;0.8;1.4;1.7;0.6;1.1;18.8;33.9;5.8;3.6;44.4;27.7;0.3;0.0;0.3;0.0;0.3;0.3;0.0;0.8;0.6;0.3;0.8;0.3,31.22,0.11,0.0,1.55,15.041,0.779,7177.0,107177.0,4,16,,,,,,,,,,,,,,,,,,,,,,,,,,,,,,,,,,,,,,,,,,,,,,,,,,,,,,,,,,,,,
105,summary,0.2894381515075718,0.9976311603146412,0.28277587519751657,0.9998888888888889,0.00047356,39.8,,,,,,,,,,,,,,,,,,,,,,0,84.14,100,0,73.29,91,57,66.29,70,15,18.71,27,68.8,208.31,232.6,2560.7,10801.0,36.0,0,6.5,26.37,64.4,31.22,31.28,31.37,63.16,0.11,0.11,0.11,16.0,0.0,0.0,0.02,1.55,3.42,5.57,10.956,14.262,15.041,15.04,15.051,15.992,0.779,0.78,0.789,5810.0,20765.43,30078.0,15576.0,41133.86,107177.0,4,4.0,4,16,16.0,16,4,16,31.48,7.47
106,1,,,,,,,0,0,57,24,56.4,1590,10801,36,0,63.9,72.7;75.2;87.0;85.6;82.3;79.7;93.2;95.2;86.3;87.1;95.9;92.5;61.2;59.2;24.5;27.0;51.4;56.5;21.8;23.1;49.7;53.4;38.8;36.7,31.41,0.11,0.0,5.55,15.051,0.789,10058.0,13037.0,4,16,,,,,,,,,,,,,,,,,,,,,,,,,,,,,,,,,,,,,,,,,,,,,,,,,,,,,,,,,,,,,
106,2,,,,,,,96,90,69,18,233.8,2730,10801,36,0,30.9,25.8;15.4;26.7;31.4;21.6;22.0;94.1;92.9;55.9;67.2;89.7;97.3;11.3;12.5;5.4;3.7;11.5;11.1;3.2;3.2;9.1;11.1;8.1;9.8,31.35,0.11,0.0,5.6,15.041,0.779,8789.0,27978.0,4,16,,,,,,,,,,,,,,,,,,,,,,,,,,,,,,,,,,,,,,,,,,,,,,,,,,,,,,,,,,,,,
106,3,,,,,,,97,88,67,19,230.6,2730,10801,36,0,22.0,13.8;2.7;15.3;14.5;2.2;7.5;89.3;89.8;48.4;57.6;91.3;89.1;0.5;1.0;0.2;0.0;0.2;1.2;0.0;0.2;0.2;0.2;1.5;0.7,31.32,0.11,0.0,5.42,15.041,0.779,56591.0,26171.0,4,16,,,,,,,,,,,,,,,,,,,,,,,,,,,,,,,,,,,,,,,,,,,,,,,,,,,,,,,,,,,,,
106,4,,,,,,,96,90,66,18,230.9,2730,10801,36,0,22.0,14.5;2.2;9.9;18.6;4.4;7.0;89.1;85.5;45.0;54.8;91.3;94.0;1.5;1.9;0.7;0.7;0.5;1.0;0.5;0.5;1.7;0.5;0.5;0.7,31.29,0.11,0.0,4.2,15.041,0.779,30322.0,18505.0,4,16,,,,,,,,,,,,,,,,,,,,,,,,,,,,,,,,,,,,,,,,,,,,,,,,,,,,,,,,,,,,,
106,5,,,,,,,100,68,70,18,230.5,2730,10801,36,0,22.3,16.2;2.9;9.8;20.8;3.4;8.3;86.5;90.9;42.0;59.4;90.7;91.2;1.2;2.2;1.2;0.2;1.0;1.0;1.0;0.5;1.2;0.5;1.0;0.7,31.26,0.11,0.01,3.22,15.041,0.779,7080.0,39306.0,4,16,,,,,,,,,,,,,,,,,,,,,,,,,,,,,,,,,,,,,,,,,,,,,,,,,,,,,,,,,,,,,
106,6,,,,,,,97,88,66,18,230.9,2730,10801,36,0,13.7,11.4;2.2;5.9;6.6;1.7;2.5;62.2;52.7;19.7;33.9;63.1;59.7;1.5;0.5;0.5;0.0;0.7;0.2;0.2;0.0;1.2;1.0;0.5;0.7,31.25,0.11,0.01,1.98,15.041,0.779,27197.0,14013.0,4,16,,,,,,,,,,,,,,,,,,,,,,,,,,,,,,,,,,,,,,,,,,,,,,,,,,,,,,,,,,,,,
106,7,,,,,,,100,67,70,17,233.5,2730,10801,36,0,7.0,11.0;0.8;1.4;2.2;2.2;1.9;38.1;25.3;4.7;7.1;23.1;41.6;1.7;0.8;0.3;0.0;0.6;0.0;0.3;0.0;1.4;1.4;0.3;1.9,31.24,0.11,0.0,1.97,15.041,0.779,71630.0,239941.0,4,16,,,,,,,,,,,,,,,,,,,,,,,,,,,,,,,,,,,,,,,,,,,,,,,,,,,,,,,,,,,,,
106,summary,0.2896760453956352,0.9975871642696541,0.2829833709663815,0.9998888888888889,0.00046559,39.7,,,,,,,,,,,,,,,,,,,,,,0,83.71,100,0,70.14,90,57,66.43,70,17,18.86,24,56.4,206.66,233.8,2567.1,10801.0,36.0,0,7.0,25.97,63.9,31.24,31.3,31.41,63.16,0.11,0.11,0.11,16.0,0.0,0.0,0.01,1.97,3.99,5.6,10.953,14.262,15.041,15.04,15.051,15.992,0.779,0.78,0.789,7080.0,30238.14,71630.0,13037.0,54135.86,239941.0,4,4.0,4,16,16.0,16,4,16,31.73,7.14
107,1,,,,,,,0,0,57,27,54.1,1320,5001,36,0,63.3,79.6;83.1;90.1;90.8;84.5;85.3;95.8;90.2;83.3;88.8;90.2;94.4;55.9;60.1;17.5;22.5;52.1;58.0;11.9;14.8;51.0;48.6;36.4;38.7,31.38,0.11,0.0,4.6,15.051,0.789,7568.0,31982.0,4,16,,,,,,,,,,,,,,,,,,,,,,,,,,,,,,,,,,,,,,,,,,,,,,,,,,,,,,,,,,,,,
107,2,,,,,,,97,74,66,17,233.3,2730,10801,36,0,30.6,25.2;15.0;35.4;29.0;21.1;21.5;95.0;91.9;60.1;62.1;90.7;88.8;13.6;14.3;3.1;2.1;11.2;10.7;2.6;1.9;11.4;11.0;6.9;8.8,31.32,0.11,0.0,5.7,15.041,0.779,22705.0,14843.0,4,16,,,,,,,,,,,,,,,,,,,,,,,,,,,,,,,,,,,,,,,,,,,,,,,,,,,,,,,,,,,,,
107,3,,,,,,,100,91,67,16,232.1,2730,10801,36,0,21.7,10.8;2.7;12.5;13.2;4.4;5.4;91.4;89.5;40.1;59.4;92.2;93.6;0.2;1.2;0.0;0.0;1.0;0.5;0.2;0.2;0.5;0.2;0.2;0.2,31.29,0.11,0.0,4.48,15.041,0.779,29296.0,13037.0,4,16,,,,,,,,,,,,,,,,,,,,,,,,,,,,,,,,,,,,,,,,,,,,,,,,,,,,,,,,,,,,,
107,4,,,,,,,96,76,68,18,233.5,2730,10801,36,0,22.3,16.7;4.2;18.3;15.9;3.9;6.6;89.7;90.7;48.0;46.3;93.4;94.1;2.0;2.2;0.0;0.5;0.2;0.7;0.2;0.2;0.7;0.7;0.0;0.0,31.26,0.11,0.0,2.8,15.041,0.779,9130.0,63525.0,4,16,,,,,,,,,,,,,,,,,,,,,,,,,,,,,,,,,,,,,,,,,,,,,,,,,,,,,,,,,,,,,
107,5,,,,,,,100,88,68,17,232.3,2730,10801,36,0,22.6,13.9;4.1;17.3;17.1;3.4;4.4;91.7;93.4;42.1;55.4;91.7;96.4;1.5;1.5;0.5;1.2;1.9;1.2;0.7;0.5;0.2;1.0;1.0;1.0,31.25,0.11,0.0,2.77,15.041,0.779,5468.0,18847.0,4,16,,,,,,,,,,,,,,,,,,,,,,,,,,,,,,,,,,,,,,,,,,,,,,,,,,,,,,,,,,,,,
107,6,,,,,,,100,98,67,16,233.1,2730,10801,36,0,13.8,16.4;1.9;7.5;9.7;3.2;3.4;76.0;53.6;20.0;29.1;53.9;52.4;1.0;0.5;0.2;0.0;1.0;0.2;0.0;0.2;0.2;0.2;0.0;0.5,31.24,0.11,0.0,2.25,15.041,0.779,8593.0,29882.0,4,16,,,,,,,,,,,,,,,,,,,,,,,,,,,,,,,,,,,,,,,,,,,,,,,,,,,,,,,,,,,,,
107,7,,,,,,,100,75,67,17,234.3,2730,10801,36,0,6.3,10.3;0.0;1.1;2.5;0.0;0.3;27.0;37.4;1.9;5.8;26.5;36.1;0.6;0.0;0.0;0.0;0.0;0.0;0.0;0.0;0.0;0.0;0.0;1.1,31.24,0.11,0.0,1.5,15.041,0.779,1611.0,1416.0,4,16,,,,,,,,,,,,,,,,,,,,,,,,,,,,,,,,,,,,,,,,,,,,,,,,,,,,,,,,,,,,,
107,summary,0.28963907436746644,0.9976242135706959,0.28280613475375704,1.0,0.00045762,39.8,,,,,,,,,,,,,,,,,,,,,,0,84.71,100,0,71.71,98,57,65.71,68,16,18.29,27,54.1,207.53,234.3,2528.6,9972.4,36.0,0,6.3,25.8,63.3,31.24,31.28,31.38,63.16,0.11,0.11,0.11,16.0,0.0,0.0,0.0,1.5,3.44,5.7,10.954,14.262,15.041,15.04,15.051,15.992,0.779,0.78,0.789,1611.0,12053.0,29296.0,1416.0,24790.29,63525.0,4,4.0,4,16,16.0,16,4,16,31.29,7.72
108,1,,,,,,,0,0,57,25,54.3,1290,10801,36,0,64.1,71.7;72.7;88.9;87.3;87.3;85.4;88.7;88.7;84.5;85.3;97.9;93.0;63.3;61.8;27.8;26.6;55.6;56.9;16.8;15.8;57.3;56.9;35.4;38.5,31.4,0.11,0.0,3.81,15.051,0.789,3417.0,41650.0,4,16,,,,,,,,,,,,,,,,,,,,,,,,,,,,,,,,,,,,,,,,,,,,,,,,,,,,,,,,,,,,,
108,2,,,,,,,100,77,68,18,232.2,2730,10801,36,0,31.8,24.3;17.4;31.6;33.7;23.5;19.7;96.1;95.4;57.1;62.5;91.5;95.7;12.9;12.3;5.1;5.6;11.9;13.6;5.8;4.9;11.4;11.2;11.9;9.0,31.34,0.11,0.0,5.61,15.041,0.779,8544.0,23291.0,4,16,,,,,,,,,,,,,,,,,,,,,,,,,,,,,,,,,,,,,,,,,,,,,,,,,,,,,,,,,,,,,
108,3,,,,,,,96,90,65,16,231.5,2730,10801,36,0,22.1,13.4;4.6;18.1;19.0;6.6;7.5;87.9;86.7;47.2;58.0;82.0;92.7;1.7;1.0;1.0;0.5;0.2;0.0;0.2;0.0;1.5;0.5;0.0;0.0,31.28,0.11,0.0,4.42,15.041,0.779,10742.0,112109.0,4,16,,,,,,,,,,,,,,,,,,,,,,,,,,,,,,,,,,,,,,,,,,,,,,,,,,,,,,,,,,,,,
108,4,,,,,,,96,77,66,19,233.1,2730,10801,36,0,22.6,18.4;2.2;22.1;14.8;4.6;7.2;88.6;91.8;57.5;41.5;91.8;93.5;0.7;1.5;1.0;0.0;0.5;0.7;0.2;0.0;1.4;0.2;0.5;2.2,31.27,0.11,0.01,3.37,15.041,0.779,10156.0,10644.0,4,16,,,,,,,,,,,,,,,,,,,,,,,,,,,,,,,,,,,,,,,,,,,,,,,,,,,,,,,,,,,,,
108,5,,,,,,,100,86,68,18,232.6,2730,10801,36,0,21.3,11.7;2.2;16.7;9.2;6.5;3.9;88.9;91.1;52.8;44.0;89.1;93.3;0.5;1.0;0.5;0.0;0.0;0.5;0.0;0.0;0.0;0.0;0.0;0.0,31.26,0.11,0.0,2.07,15.041,0.779,14111.0,168945.0,4,16,,,,,,,,,,,,,,,,,,,,,,,,,,,,,,,,,,,,,,,,,,,,,,,,,,,,,,,,,,,,,
108,6,,,,,,,96,88,67,15,231.2,2730,10801,36,0,13.5,12.8;2.5;7.4;6.2;0.7;5.4;70.7;55.6;26.9;21.4;65.0;43.2;0.7;1.7;0.5;0.0;0.5;0.0;0.0;0.2;0.5;0.5;0.7;0.0,31.23,0.11,0.04,2.42,15.041,0.779,24121.0,45703.0,4,16,,,,,,,,,,,,,,,,,,,,,,,,,,,,,,,,,,,,,,,,,,,,,,,,,,,,,,,,,,,,,
108,7,,,,,,,100,66,70,16,234.8,2730,10801,36,0,6.5,13.8;0.6;2.2;2.2;0.6;1.1;38.0;18.3;3.1;3.1;25.3;44.8;0.6;0.0;0.0;0.0;0.0;0.3;0.0;0.3;0.0;0.3;0.0;0.0,31.23,0.11,0.0,2.23,15.041,0.779,927.0,1464.0,4,16,,,,,,,,,,,,,,,,,,,,,,,,,,,,,,,,,,,,,,,,,,,,,,,,,,,,,,,,,,,,,
108,summary,0.2896553451688861,0.997649684965162,0.2827756271892124,1.0,0.00044967,39.8,,,,,,,,,,,,,,,,,,,,,,0,84.0,100,0,69.14,90,57,65.86,70,15,18.14,25,54.3,207.1,234.8,2524.3,10801.0,36.0,0,6.5,25.99,64.1,31.23,31.29,31.4,63.16,0.11,0.11,0.11,16.0,0.0,0.01,0.04,2.07,3.42,5.61,10.953,14.262,15.041,15.04,15.051,15.992,0.779,0.78,0.789,927.0,10288.29,24121.0,1464.0,57686.57,168945.0,4,4.0,4,16,16.0,16,4,16,31.77,7.17
109,1,,,,,,,0,0,57,25,55.4,1320,10801,36,0,64.0,75.0;80.7;91.1;88.4;84.9;85.6;97.9;91.7;86.3;89.7;83.4;88.4;55.4;53.7;26.0;32.9;49.7;52.1;26.7;26.0;47.9;47.9;37.7;37.2,31.41,0.11,0.0,5.5,15.051,0.789,27832.0,42529.0,4,16,,,,,,,,,,,,,,,,,,,,,,,,,,,,,,,,,,,,,,,,,,,,,,,,,,,,,,,,,,,,,
109,2,,,,,,,100,67,67,17,234.5,2730,10801,36,0,31.2,24.0;15.1;32.6;28.1;23.5;22.7;89.2;84.9;59.6;59.0;95.9;98.3;14.4;13.2;6.0;6.5;11.5;12.0;4.6;3.4;11.3;12.2;9.4;10.3,31.35,0.11,0.26,6.16,15.041,0.779,15039.0,42626.0,4,16,,,,,,,,,,,,,,,,,,,,,,,,,,,,,,,,,,,,,,,,,,,,,,,,,,,,,,,,,,,,,
109,3,,,,,,,97,89,66,18,233.2,2730,10801,36,0,22.5,18.2;3.7;17.1;9.2;4.2;5.1;91.2;88.8;46.7;54.9;96.3;93.9;2.4;1.5;0.5;0.2;1.2;0.7;0.0;0.0;0.5;1.0;0.2;1.0,31.31,0.11,0.0,5.46,15.041,0.779,48730.0,75634.0,4,16,,,,,,,,,,,,,,,,,,,,,,,,,,,,,,,,,,,,,,,,,,,,,,,,,,,,,,,,,,,,,
109,4,,,,,,,100,69,66,19,234.8,2730,10801,36,0,22.4,12.3;2.7;16.5;13.9;5.1;5.1;92.9;91.0;49.4;51.7;93.7;91.3;2.0;2.0;0.2;0.7;1.0;0.7;0.2;0.2;1.0;0.5;0.5;1.0,31.29,0.11,0.0,4.31,15.041,0.779,7910.0,44580.0,4,16,,,,,,,,,,,,,,,,,,,,,,,,,,,,,,,,,,,,,,,,,,,,,,,,,,,,,,,,,,,,,
109,5,,,,,,,99,97,66,18,232.2,2730,10801,36,0,22.6,14.3;2.9;17.7;11.1;5.4;7.4;89.9;91.6;54.3;47.8;95.8;93.2;1.2;1.0;0.5;0.5;1.0;0.7;0.5;1.0;1.2;0.5;0.5;1.0,31.26,0.11,0.0,3.28,15.041,0.779,8544.0,12255.0,4,16,,,,,,,,,,,,,,,,,,,,,,,,,,,,,,,,,,,,,,,,,,,,,,,,,,,,,,,,,,,,,
109,6,,,,,,,97,88,67,18,231.4,2730,10801,36,0,13.5,13.7;1.9;9.0;7.3;4.4;3.9;58.1;69.0;18.9;24.5;58.4;48.2;1.9;1.4;0.0;0.0;1.2;1.2;0.2;0.7;0.2;0.2;0.0;0.7,31.25,0.11,0.0,1.93,15.041,0.779,29394.0,13720.0,4,16,,,,,,,,,,,,,,,,,,,,,,,,,,,,,,,,,,,,,,,,,,,,,,,,,,,,,,,,,,,,,
109,7,,,,,,,100,67,67,17,234.1,2730,10801,36,0,7.1,10.7;1.7;2.5;4.7;1.4;1.4;29.8;45.1;4.2;4.2;28.1;28.5;0.3;0.6;0.0;0.6;1.1;0.0;0.8;0.3;1.9;1.1;0.6;0.3,31.25,0.11,0.0,2.0,15.041,0.779,1025.0,48.0,4,16,,,,,,,,,,,,,,,,,,,,,,,,,,,,,,,,,,,,,,,,,,,,,,,,,,,,,,,,,,,,,
109,summary,0.28922020366801376,0.9977770419374932,0.28289289707607695,0.9997777777777778,0.00044173,39.7,,,,,,,,,,,,,,,,,,,,,,0,84.71,100,0,68.14,97,57,65.14,67,17,18.86,25,55.4,207.94,234.8,2528.6,10801.0,36.0,0,7.1,26.19,64.0,31.25,31.3,31.41,63.16,0.11,0.11,0.11,16.0,0.0,0.04,0.26,1.93,4.09,6.16,10.954,14.262,15.041,15.04,15.051,15.992,0.779,0.78,0.789,1025.0,19782.0,48730.0,48.0,33056.0,75634.0,4,4.0,4,16,16.0,16,4,16,31.46,7.49
110,1,,,,,,,0,0,57,27,54.2,1350,5001,36,0,65.2,81.6;81.1;91.8;90.4;81.6;86.5;88.4;93.8;88.4;87.7;93.2;100.0;57.8;58.8;22.0;23.5;50.0;63.9;24.0;28.0;52.7;50.3;34.7;38.5,31.39,0.11,0.0,4.67,15.051,0.789,27734.0,211132.0,4,16,,,,,,,,,,,,,,,,,,,,,,,,,,,,,,,,,,,,,,,,,,,,,,,,,,,,,,,,,,,,,
110,2,,,,,,,100,80,65,18,232.6,2730,10801,36,0,30.6,23.8;16.4;29.7;28.9;21.7;21.5;88.9;88.4;57.1;66.3;96.1;95.2;12.8;13.3;4.1;3.4;12.9;13.1;2.4;4.4;9.4;10.7;5.8;8.2,31.31,0.11,0.0,5.62,15.041,0.779,5273.0,41210.0,4,16,,,,,,,,,,,,,,,,,,,,,,,,,,,,,,,,,,,,,,,,,,,,,,,,,,,,,,,,,,,,,
110,3,,,,,,,96,89,70,18,231.6,2730,10801,36,0,22.2,12.9;1.7;17.2;9.2;2.9;4.1;90.2;93.7;46.2;59.9;89.3;96.9;1.2;2.2;0.5;0.7;0.7;0.7;0.5;1.0;0.5;0.7;0.2;1.0,31.29,0.11,0.01,3.64,15.041,0.779,11181.0,12304.0,4,16,,,,,,,,,,,,,,,,,,,,,,,,,,,,,,,,,,,,,,,,,,,,,,,,,,,,,,,,,,,,,
110,4,,,,,,,96,77,68,14,234.5,2730,10801,36,0,22.1,13.9;2.9;13.9;18.3;4.8;4.6;93.5;93.3;41.2;51.8;94.7;88.8;1.7;1.7;0.2;0.0;0.7;0.5;0.0;0.7;0.5;0.7;0.2;1.4,31.26,0.11,0.01,3.44,15.041,0.779,4589.0,36230.0,4,16,,,,,,,,,,,,,,,,,,,,,,,,,,,,,,,,,,,,,,,,,,,,,,,,,,,,,,,,,,,,,
110,5,,,,,,,100,87,65,17,232.2,2730,10801,36,0,22.5,12.6;1.5;20.0;10.2;5.7;4.9;92.9;96.6;53.2;41.9;97.1;95.1;1.0;1.7;0.2;0.5;1.2;0.5;0.2;0.2;0.7;1.2;0.2;0.2,31.26,0.11,0.0,2.74,15.041,0.779,7324.0,38964.0,4,16,,,,,,,,,,,,,,,,,,,,,,,,,,,,,,,,,,,,,,,,,,,,,,,,,,,,,,,,,,,,,
110,6,,,,,,,96,88,70,18,231.9,2730,10801,36,0,14.0,12.8;2.2;7.1;7.4;4.4;3.7;72.2;57.1;20.4;24.9;62.4;51.9;0.7;0.7;0.7;0.5;0.2;0.5;0.5;0.5;1.0;0.5;1.0;1.0,31.24,0.11,0.01,2.28,15.041,0.779,8056.0,15380.0,4,16,,,,,,,,,,,,,,,,,,,,,,,,,,,,,,,,,,,,,,,,,,,,,,,,,,,,,,,,,,,,,
110,7,,,,,,,100,89,68,17,233.0,2730,10801,36,0,6.1,11.8;0.3;0.6;0.8;0.8;0.6;27.0;37.5;3.1;1.1;16.2;44.3;0.3;0.0;0.0;0.0;0.0;0.0;0.0;0.0;0.6;0.6;0.6;0.0,31.24,0.11,0.0,1.52,15.041,0.779,1464.0,97.0,4,16,,,,,,,,,,,,,,,,,,,,,,,,,,,,,,,,,,,,,,,,,,,,,,,,,,,,,,,,,,,,,
110,summary,0.28891233056600457,0.9978326158890559,0.2827584099239773,1.0,0.00043380,39.8,,,,,,,,,,,,,,,,,,,,,,0,84.0,100,0,72.86,89,57,66.14,70,14,18.43,27,54.2,207.14,234.5,2532.9,9972.4,36.0,0,6.1,26.1,65.2,31.24,31.28,31.39,63.16,0.11,0.11,0.11,16.0,0.0,0.0,0.01,1.52,3.42,5.62,10.951,14.262,15.041,15.04,15.051,15.992,0.779,0.78,0.789,1464.0,9374.43,27734.0,97.0,50759.57,211132.0,4,4.0,4,16,16.0,16,4,16,31.78,7.19
111,1,,,,,,,0,0,58,27,54.8,1365,10801,36,0,64.2,81.3;81.0;91.1;89.8;82.9;84.4;90.4;93.8;91.8;87.8;96.6;92.5;54.4;60.5;29.1;26.2;51.0;54.4;16.1;14.8;44.9;53.7;39.6;38.8,31.4,0.11,0.0,4.57,15.051,0.789,32519.0,22851.0,4,16,,,,,,,,,,,,,,,,,,,,,,,,,,,,,,,,,,,,,,,,,,,,,,,,,,,,,,,,,,,,,
111,2,,,,,,,100,69,66,18,234.8,2745,10801,36,0,29.5,24.3;12.6;31.6;26.5;15.9;15.7;85.0;91.2;53.4;66.1;96.0;95.7;12.1;12.1;3.1;3.8;10.2;10.5;3.8;3.6;9.5;9.5;6.2;8.3,31.33,0.11,0.0,6.57,15.041,0.779,16064.0,18847.0,4,16,,,,,,,,,,,,,,,,,,,,,,,,,,,,,,,,,,,,,,,,,,,,,,,,,,,,,,,,,,,,,
111,3,,,,,,,98,91,66,17,231.2,2745,10801,36,0,21.4,13.4;1.5;11.3;25.9;2.4;4.9;86.8;90.4;45.2;49.0;88.3;89.0;2.7;1.5;0.0;0.0;0.2;0.0;0.0;0.0;0.5;0.5;0.0;0.0,31.29,0.11,0.0,5.13,15.041,0.779,15478.0,138769.0,4,16,,,,,,,,,,,,,,,,,,,,,,,,,,,,,,,,,,,,,,,,,,,,,,,,,,,,,,,,,,,,,
111,4,,,,,,,100,69,66,16,235.1,2745,10801,36,0,22.0,10.8;2.7;19.1;14.7;3.7;4.9;95.8;93.4;52.3;44.4;91.4;90.7;0.7;0.7;0.5;0.0;1.2;0.2;0.2;0.2;0.0;0.2;0.2;0.7,31.28,0.11,0.0,3.97,15.041,0.779,20605.0,12646.0,4,16,,,,,,,,,,,,,,,,,,,,,,,,,,,,,,,,,,,,,,,,,,,,,,,,,,,,,,,,,,,,,
111,5,,,,,,,100,98,66,17,232.4,2745,10801,36,0,21.5,11.8;0.2;12.2;18.3;4.4;2.9;87.5;96.6;45.2;54.9;83.6;95.1;0.5;0.0;0.2;0.0;0.0;0.2;0.0;0.0;0.5;0.2;0.2;0.0,31.26,0.11,0.0,2.6,15.041,0.779,5664.0,30712.0,4,16,,,,,,,,,,,,,,,,,,,,,,,,,,,,,,,,,,,,,,,,,,,,,,,,,,,,,,,,,,,,,
111,6,,,,,,,96,89,68,17,226.9,2745,10801,36,0,13.7,11.5;0.5;10.0;8.3;1.5;3.6;50.9;63.3;26.5;25.4;68.4;52.9;0.7;1.5;0.5;0.5;0.5;0.7;0.0;0.0;0.2;0.0;0.7;0.5,31.24,0.11,0.0,2.39,15.041,0.779,31689.0,20263.0,4,16,,,,,,,,,,,,,,,,,,,,,,,,,,,,,,,,,,,,,,,,,,,,,,,,,,,,,,,,,,,,,
111,7,,,,,,,100,70,67,15,234.4,2730,10801,36,0,6.8,12.3;0.8;2.5;1.7;1.1;0.8;19.9;64.7;4.5;3.9;22.0;23.1;1.1;0.6;0.0;0.0;0.6;0.3;0.0;0.3;1.1;0.3;0.3;0.3,31.24,0.11,0.0,1.8,15.041,0.779,1171.0,1464.0,4,16,,,,,,,,,,,,,,,,,,,,,,,,,,,,,,,,,,,,,,,,,,,,,,,,,,,,,,,,,,,,,
111,summary,0.28938502258765336,0.9977538861243421,0.2827644995583428,1.0,0.00042589,39.8,,,,,,,,,,,,,,,,,,,,,,0,84.86,100,0,69.43,98,58,65.29,68,15,18.14,27,54.8,207.09,235.1,2545.7,10801.0,36.0,0,6.8,25.59,64.2,31.24,31.29,31.4,63.16,0.11,0.11,0.11,16.0,0.0,0.0,0.0,1.8,3.86,6.57,10.953,14.262,15.041,15.04,15.051,15.992,0.779,0.78,0.789,1171.0,17598.57,32519.0,1464.0,35078.86,138769.0,4,4.0,4,16,16.0,16,4,16,31.59,7.42
112,1,,,,,,,0,0,57,27,55.1,1350,10801,36,0,65.6,80.4;81.5;91.1;91.1;88.4;89.7;92.5;94.6;83.6;88.4;98.6;92.5;56.8;60.3;26.9;28.8;58.8;62.6;21.4;16.6;48.6;47.9;36.7;34.2,31.37,0.11,0.0,4.61,15.051,0.789,16894.0,13427.0,4,16,,,,,,,,,,,,,,,,,,,,,,,,,,,,,,,,,,,,,,,,,,,,,,,,,,,,,,,,,,,,,
112,2,,,,,,,99,96,66,18,231.9,2730,10801,36,0,30.1,20.5;12.6;33.9;29.5;19.2;19.7;86.0;88.9;56.3;66.3;96.6;98.5;12.8;11.9;3.6;4.1;10.2;10.4;2.2;3.1;8.0;10.9;8.3;9.9,31.31,0.11,0.0,4.73,15.041,0.779,16308.0,11181.0,4,16,,,,,,,,,,,,,,,,,,,,,,,,,,,,,,,,,,,,,,,,,,,,,,,,,,,,,,,,,,,,,
112,3,,,,,,,100,73,68,18,235.4,2730,10801,36,0,22.0,14.6;2.7;13.7;16.9;3.9;3.4;90.7;87.4;43.1;56.9;90.2;92.2;1.5;1.2;1.7;1.7;0.7;1.2;0.0;0.2;0.7;1.0;0.5;1.0,31.3,0.11,0.0,4.57,15.041,0.779,9814.0,19433.0,4,16,,,,,,,,,,,,,,,,,,,,,,,,,,,,,,,,,,,,,,,,,,,,,,,,,,,,,,,,,,,,,
112,4,,,,,,,100,68,67,17,222.5,2730,10801,36,0,22.0,14.0;2.2;15.3;10.2;4.9;5.1;91.7;94.0;48.0;46.0;91.5;93.0;1.9;1.5;0.7;0.2;1.7;1.0;0.7;0.2;1.4;1.2;1.2;0.2,31.27,0.11,0.0,3.52,15.041,0.779,17431.0,13525.0,4,16,,,,,,,,,,,,,,,,,,,,,,,,,,,,,,,,,,,,,,,,,,,,,,,,,,,,,,,,,,,,,
112,5,,,,,,,97,89,67,18,231.5,2730,10801,36,0,22.2,10.7;2.7;14.3;12.6;5.8;3.9;95.6;94.2;48.4;55.3;87.1;95.4;1.9;0.5;0.0;0.0;1.0;0.2;0.5;0.2;0.7;0.5;0.7;0.5,31.25,0.11,0.0,2.69,15.041,0.779,4296.0,43896.0,4,16,,,,,,,,,,,,,,,,,,,,,,,,,,,,,,,,,,,,,,,,,,,,,,,,,,,,,,,,,,,,,
112,6,,,,,,,100,69,67,19,233.2,2745,10801,36,0,13.9,14.0;2.0;8.4;13.3;3.5;4.2;48.6;49.0;24.4;26.7;65.8;68.4;1.0;0.2;0.0;0.0;1.0;0.7;0.0;0.5;0.5;0.7;0.0;0.5,31.23,0.11,0.0,1.93,15.041,0.779,29931.0,14355.0,4,16,,,,,,,,,,,,,,,,,,,,,,,,,,,,,,,,,,,,,,,,,,,,,,,,,,,,,,,,,,,,,
112,7,,,,,,,100,73,68,17,235.4,2730,10801,36,0,9.0,9.8;1.1;5.5;6.6;2.8;3.3;39.4;45.9;10.2;10.5;39.4;36.2;0.8;0.8;0.5;0.6;0.0;0.3;0.8;0.8;0.6;0.0;0.6;0.0,31.28,0.11,0.09,2.06,15.041,0.779,341.0,1513.0,4,16,,,,,,,,,,,,,,,,,,,,,,,,,,,,,,,,,,,,,,,,,,,,,,,,,,,,,,,,,,,,,
112,summary,0.2895718797619591,0.9976427382212167,0.28278248296843633,1.0,0.00041800,39.8,,,,,,,,,,,,,,,,,,,,,,0,85.14,100,0,66.86,96,57,65.71,68,17,19.14,27,55.1,206.43,235.4,2535.0,10801.0,36.0,0,9.0,26.4,65.6,31.23,31.29,31.37,63.16,0.11,0.11,0.11,16.0,0.0,0.01,0.09,1.93,3.44,4.73,10.953,14.262,15.041,15.04,15.051,15.992,0.779,0.78,0.789,341.0,13573.57,29931.0,1513.0,16761.43,43896.0,4,4.0,4,16,16.0,16,4,16,31.63,7.28
113,1,,,,,,,0,0,58,27,71.2,1710,10801,36,0,64.6,76.9;80.7;89.7;89.7;81.4;80.0;89.0;93.8;87.8;91.0;95.2;92.4;55.2;54.5;23.4;29.7;53.1;51.0;22.8;22.1;53.4;58.6;37.9;40.0,31.43,0.11,0.0,4.58,15.051,0.789,27783.0,20312.0,4,16,,,,,,,,,,,,,,,,,,,,,,,,,,,,,,,,,,,,,,,,,,,,,,,,,,,,,,,,,,,,,
113,2,,,,,,,96,77,67,17,221.8,2730,10801,36,0,32.2,26.3;15.1;34.0;31.1;17.5;19.1;89.5;95.9;62.5;72.5;96.7;98.3;11.5;11.2;5.0;6.5;11.0;12.6;8.2;7.9;11.0;11.5;8.1;10.0,31.42,0.11,0.9,5.63,15.041,0.779,28027.0,10986.0,4,16,,,,,,,,,,,,,,,,,,,,,,,,,,,,,,,,,,,,,,,,,,,,,,,,,,,,,,,,,,,,,
113,3,,,,,,,100,89,68,17,232.2,2730,10801,36,0,23.5,13.7;4.2;16.4;17.1;6.8;10.0;91.6;96.3;50.6;56.0;91.7;90.8;3.2;2.5;1.0;0.7;1.2;1.2;3.2;0.5;1.7;1.5;1.2;0.5,31.41,0.11,0.13,3.83,15.041,0.779,12011.0,12304.0,4,16,,,,,,,,,,,,,,,,,,,,,,,,,,,,,,,,,,,,,,,,,,,,,,,,,,,,,,,,,,,,,
113,4,,,,,,,96,88,66,16,231.8,2730,10801,36,0,25.3,15.3;6.8;22.0;22.9;11.2;8.0;95.6;95.8;54.3;62.0;90.5;90.6;3.4;2.0;2.2;1.7;2.9;1.7;8.5;2.4;3.4;2.2;1.7;1.2,31.44,0.11,1.59,5.55,15.041,0.779,22216.0,11230.0,4,16,,,,,,,,,,,,,,,,,,,,,,,,,,,,,,,,,,,,,,,,,,,,,,,,,,,,,,,,,,,,,
113,5,,,,,,,100,75,68,17,232.8,2730,10801,36,0,25.4,17.0;6.4;41.7;31.3;13.0;11.5;90.0;95.4;47.5;58.3;92.6;87.6;2.9;3.2;0.7;0.5;1.7;1.7;0.5;0.2;1.2;2.0;1.0;0.2,31.95,0.11,40.88,18.24,15.041,0.779,5810.0,38281.0,4,16,,,,,,,,,,,,,,,,,,,,,,,,,,,,,,,,,,,,,,,,,,,,,,,,,,,,,,,,,,,,,
113,6,,,,,,,100,89,67,18,222.1,2730,10801,36,0,18.5,17.0;3.4;17.1;25.7;11.6;13.3;63.1;66.7;21.3;47.5;65.1;73.5;3.1;2.4;1.0;0.7;2.7;1.2;1.2;0.7;1.7;0.7;1.0;1.7,31.24,0.07,9.86,34.25,15.041,0.779,5761.0,45214.0,4,16,,,,,,,,,,,,,,,,,,,,,,,,,,,,,,,,,,,,,,,,,,,,,,,,,,,,,,,,,,,,,
113,7,,,,,,,98,75,67,20,234.6,2730,10801,36,0,10.8,16.1;3.4;8.4;5.0;3.6;2.5;42.5;43.9;21.4;12.6;37.4;46.7;1.7;1.7;1.4;0.3;0.6;1.7;0.8;0.3;0.6;2.5;1.9;0.8,31.24,0.07,10.98,2.03,15.041,0.779,0.0,1757.0,4,16,,,,,,,,,,,,,,,,,,,,,,,,,,,,,,,,,,,,,,,,,,,,,,,,,,,,,,,,,,,,,
113,summary,0.28916581044158557,0.9978140912385349,0.2828110927475823,0.9998888888888889,0.00041013,39.8,,,,,,,,,,,,,,,,,,,,,,0,84.29,100,0,70.43,89,58,65.86,68,16,18.86,27,71.2,206.64,234.6,2584.3,10801.0,36.0,0,10.8,28.61,64.6,31.24,31.45,31.95,63.16,0.07,0.1,0.11,16.0,0.0,9.19,40.88,2.03,10.59,34.25,10.955,14.262,15.041,15.04,15.051,15.992,0.779,0.78,0.789,0.0,14515.43,28027.0,1757.0,20012.0,45214.0,4,4.0,4,16,16.0,16,4,16,31.36,7.62
114,1,,,,,,,0,0,58,27,72.1,2745,10801,36,0,65.4,78.6;81.6;90.1;88.7;85.1;87.1;92.2;93.6;86.5;88.6;93.6;92.2;61.4;63.6;31.4;34.3;56.7;56.4;13.1;15.7;50.0;51.8;35.7;41.4,31.39,0.07,0.08,4.24,15.051,0.789,18652.0,12304.0,4,16,,,,,,,,,,,,,,,,,,,,,,,,,,,,,,,,,,,,,,,,,,,,,,,,,,,,,,,,,,,,,
114,2,,,,,,,96,89,66,16,230.5,2730,10801,36,0,31.5,25.6;15.8;37.6;32.4;22.6;20.2;92.9;88.6;56.7;65.5;93.4;97.6;14.4;13.9;3.4;3.2;12.7;13.4;1.2;1.2;11.2;11.4;7.8;12.4,31.33,0.07,0.09,5.87,15.041,0.779,4785.0,46923.0,4,16,,,,,,,,,,,,,,,,,,,,,,,,,,,,,,,,,,,,,,,,,,,,,,,,,,,,,,,,,,,,,
114,3,,,,,,,100,69,69,17,234.9,2730,10801,36,0,21.9,13.7;2.0;19.8;13.7;7.1;3.7;90.4;91.2;52.6;53.7;86.5;83.8;1.7;1.7;0.0;0.0;1.0;0.2;0.5;0.7;0.2;0.5;0.5;1.0,31.3,0.07,0.02,4.69,15.041,0.779,8593.0,12011.0,4,16,,,,,,,,,,,,,,,,,,,,,,,,,,,,,,,,,,,,,,,,,,,,,,,,,,,,,,,,,,,,,
114,4,,,,,,,98,92,67,18,230.5,2730,10801,36,0,22.5,16.5;2.8;15.5;10.3;6.8;5.6;90.6;95.8;53.5;53.6;86.4;90.9;1.4;1.9;0.2;0.5;1.6;1.2;0.5;0.5;1.6;1.6;1.2;0.5,31.27,0.07,0.03,3.25,15.041,0.779,1464.0,10693.0,4,16,,,,,,,,,,,,,,,,,,,,,,,,,,,,,,,,,,,,,,,,,,,,,,,,,,,,,,,,,,,,,
114,5,,,,,,,100,75,67,17,233.7,2730,10801,36,0,22.6,15.5;3.7;19.5;13.8;8.1;7.1;89.0;92.6;55.5;43.2;80.5;94.9;3.2;2.2;0.2;0.5;2.2;1.0;0.2;1.0;1.2;1.7;1.5;1.7,31.26,0.07,0.01,2.14,15.041,0.779,29980.0,13867.0,4,16,,,,,,,,,,,,,,,,,,,,,,,,,,,,,,,,,,,,,,,,,,,,,,,,,,,,,,,,,,,,,
114,6,,,,,,,100,99,67,16,232.1,2730,10801,36,0,14.4,14.7;1.0;7.6;8.1;2.7;2.7;59.3;57.6;22.3;30.8;70.3;60.9;1.2;0.2;0.2;0.5;0.7;0.5;0.2;0.7;1.7;0.7;1.2;0.5,31.25,0.07,0.0,2.28,15.041,0.779,14746.0,48144.0,4,16,,,,,,,,,,,,,,,,,,,,,,,,,,,,,,,,,,,,,,,,,,,,,,,,,,,,,,,,,,,,,
114,7,,,,,,,100,73,67,16,234.9,2730,10801,36,0,6.6,10.3;1.1;2.0;1.4;1.1;1.1;42.1;8.1;4.7;2.5;31.8;48.3;0.3;1.4;0.0;0.0;0.0;0.0;0.0;0.0;0.6;0.0;0.0;1.1,31.25,0.07,0.01,1.53,15.041,0.779,1123.0,1367.0,4,16,,,,,,,,,,,,,,,,,,,,,,,,,,,,,,,,,,,,,,,,,,,,,,,,,,,,,,,,,,,,,
114,summary,0.2886835699865294,0.9979553416987568,0.2833053672048781,0.9996666666666667,0.00040228,39.9,,,,,,,,,,,,,,,,,,,,,,0,84.86,100,0,71.0,99,58,65.86,69,16,18.14,27,72.1,209.81,234.9,2732.1,10801.0,36.0,0,6.6,26.41,65.4,31.25,31.29,31.39,63.16,0.07,0.07,0.07,16.0,0.0,0.03,0.09,1.53,3.43,5.87,10.953,14.262,15.041,15.04,15.051,15.992,0.779,0.78,0.789,1123.0,11334.71,29980.0,1367.0,20758.43,48144.0,4,4.0,4,16,16.0,16,4,16,31.75,7.23
115,1,,,,,,,0,0,58,26,71.8,1695,10801,36,0,61.5,76.2;74.1;83.7;80.3;79.6;77.6;91.2;89.2;78.9;81.0;89.1;91.2;56.5;56.5;21.8;25.7;53.7;55.8;17.0;17.6;47.6;47.6;41.9;42.2,31.4,0.07,0.01,4.68,15.051,0.789,31933.0,46777.0,4,16,,,,,,,,,,,,,,,,,,,,,,,,,,,,,,,,,,,,,,,,,,,,,,,,,,,,,,,,,,,,,
115,2,,,,,,,100,79,68,17,232.0,2730,10801,36,0,31.8,23.8;17.0;36.7;31.6;20.1;19.4;90.5;91.7;62.3;68.0;94.4;96.1;14.1;14.1;3.2;3.9;14.4;13.9;3.2;1.2;11.2;12.2;7.3;10.5,31.34,0.07,0.0,4.77,15.041,0.779,19970.0,12304.0,4,16,,,,,,,,,,,,,,,,,,,,,,,,,,,,,,,,,,,,,,,,,,,,,,,,,,,,,,,,,,,,,
115,3,,,,,,,100,88,68,19,232.1,2730,10801,36,0,21.4,11.5;2.9;23.4;12.5;5.8;3.8;89.9;93.8;40.5;56.1;88.2;80.6;1.4;1.2;0.7;0.2;0.0;0.2;0.5;1.0;0.2;0.0;0.5;0.2,31.29,0.07,0.02,4.5,15.041,0.779,18408.0,28027.0,4,16,,,,,,,,,,,,,,,,,,,,,,,,,,,,,,,,,,,,,,,,,,,,,,,,,,,,,,,,,,,,,
115,4,,,,,,,96,89,67,18,231.5,2730,10801,37,0,21.9,13.5;2.0;20.4;11.5;3.9;4.2;91.9;93.1;52.8;46.2;89.9;91.4;1.2;1.5;0.5;0.2;0.0;0.5;0.0;0.0;0.5;0.0;0.0;0.5,31.27,0.07,0.01,3.77,15.041,0.779,8251.0,43310.0,4,16,,,,,,,,,,,,,,,,,,,,,,,,,,,,,,,,,,,,,,,,,,,,,,,,,,,,,,,,,,,,,
115,5,,,,,,,100,74,66,17,232.5,2730,10801,36,0,22.0,15.1;4.3;11.7;13.4;5.4;6.1;92.0;92.5;48.8;50.6;91.5;87.8;1.5;0.5;0.2;0.2;0.5;0.0;0.0;0.0;1.0;0.7;1.7;1.7,31.24,0.07,0.0,2.71,15.041,0.779,16259.0,31494.0,4,16,,,,,,,,,,,,,,,,,,,,,,,,,,,,,,,,,,,,,,,,,,,,,,,,,,,,,,,,,,,,,
115,6,,,,,,,97,91,70,16,231.7,2730,10801,36,0,13.6,14.6;2.5;10.1;10.4;1.7;3.7;38.0;58.5;21.5;29.2;59.0;68.6;1.2;1.5;0.2;0.2;0.7;0.7;0.2;0.7;0.5;0.5;1.0;0.7,31.23,0.07,0.0,1.99,15.041,0.779,30175.0,22070.0,4,16,,,,,,,,,,,,,,,,,,,,,,,,,,,,,,,,,,,,,,,,,,,,,,,,,,,,,,,,,,,,,
115,7,,,,,,,98,75,68,17,234.6,2730,10801,36,0,7.1,11.9;1.6;1.4;3.3;1.9;3.8;23.0;49.2;4.9;4.9;24.1;31.1;0.5;0.8;0.3;0.8;0.3;0.3;0.0;0.0;1.1;0.5;1.6;1.9,31.23,0.07,0.01,1.47,15.041,0.779,341.0,390.0,4,16,,,,,,,,,,,,,,,,,,,,,,,,,,,,,,,,,,,,,,,,,,,,,,,,,,,,,,,,,,,,,
115,summary,0.2888469026868894,0.9979507105361265,0.28302468644248113,0.9997777777777778,0.00039446,39.8,,,,,,,,,,,,,,,,,,,,,,0,84.43,100,0,70.86,91,58,66.43,70,16,18.57,26,71.8,209.46,234.6,2582.1,10801.0,36.1,0,7.1,25.61,61.5,31.23,31.29,31.4,63.16,0.07,0.07,0.07,16.0,0.0,0.01,0.02,1.47,3.41,4.77,10.953,14.262,15.041,15.04,15.051,15.992,0.779,0.78,0.789,341.0,17905.29,31933.0,390.0,26338.86,46777.0,4,4.0,4,16,16.0,16,4,16,31.41,7.54
116,1,,,,,,,0,0,58,27,73.1,2745,10801,36,0,64.1,81.9;86.3;91.0;89.0;85.5;86.2;87.6;94.5;89.7;90.3;87.6;95.9;60.7;61.4;19.3;19.9;55.2;60.7;10.3;15.1;47.9;51.0;34.2;38.4,31.38,0.07,0.0,4.66,15.051,0.789,18505.0,14941.0,4,16,,,,,,,,,,,,,,,,,,,,,,,,,,,,,,,,,,,,,,,,,,,,,,,,,,,,,,,,,,,,,
116,2,,,,,,,100,72,66,16,233.2,2730,10801,36,0,31.4,24.8;15.8;33.7;26.3;22.4;22.6;95.2;95.7;54.9;64.8;92.8;94.7;13.4;11.8;6.3;4.1;12.0;11.3;4.6;4.6;12.0;12.5;7.7;9.9,31.31,0.07,0.0,5.6,15.041,0.779,4101.0,48242.0,4,16,,,,,,,,,,,,,,,,,,,,,,,,,,,,,,,,,,,,,,,,,,,,,,,,,,,,,,,,,,,,,
116,3,,,,,,,96,90,68,18,231.0,2730,10801,36,0,21.8,12.8;3.2;21.6;7.6;6.1;3.9;92.6;97.1;40.5;56.1;83.3;90.4;1.2;2.0;0.2;0.0;0.5;0.7;0.2;0.0;1.0;1.0;0.2;0.5,31.29,0.07,0.0,3.97,15.041,0.779,24414.0,11425.0,4,16,,,,,,,,,,,,,,,,,,,,,,,,,,,,,,,,,,,,,,,,,,,,,,,,,,,,,,,,,,,,,
116,4,,,,,,,100,67,68,19,234.4,2730,10801,36,0,22.5,13.1;4.1;16.9;12.9;6.4;5.1;96.1;93.9;53.5;45.1;91.0;91.2;1.7;2.2;0.5;0.5;0.7;1.5;0.5;0.5;1.0;0.2;0.5;0.7,31.24,0.07,0.01,4.11,15.041,0.779,10156.0,10937.0,4,16,,,,,,,,,,,,,,,,,,,,,,,,,,,,,,,,,,,,,,,,,,,,,,,,,,,,,,,,,,,,,
116,5,,,,,,,100,66,67,17,233.9,2730,10801,36,0,21.5,14.3;2.2;17.3;9.6;2.9;5.3;84.6;89.4;39.2;58.6;91.6;95.7;1.0;1.4;0.2;0.2;1.2;0.2;0.0;0.2;1.0;1.0;0.2;0.5,31.22,0.07,0.0,3.18,15.041,0.779,7861.0,28271.0,4,16,,,,,,,,,,,,,,,,,,,,,,,,,,,,,,,,,,,,,,,,,,,,,,,,,,,,,,,,,,,,,
116,6,,,,,,,97,90,68,18,233.2,2730,10801,36,0,14.3,13.9;2.5;10.9;10.1;3.0;4.7;54.7;47.0;29.1;24.9;64.3;68.5;1.2;1.0;0.2;0.2;0.5;0.7;0.5;1.0;1.2;0.5;0.5;0.7,31.19,0.07,0.0,2.3,15.041,0.779,7519.0,120703.0,4,16,,,,,,,,,,,,,,,,,,,,,,,,,,,,,,,,,,,,,,,,,,,,,,,,,,,,,,,,,,,,,
116,7,,,,,,,100,68,66,18,233.6,2730,10801,36,0,6.9,14.4;2.8;1.4;2.5;1.9;0.3;29.9;13.9;3.1;4.4;41.1;46.1;0.0;0.8;0.0;0.0;0.0;0.0;0.0;0.0;0.3;0.6;0.8;1.7,31.19,0.07,0.0,1.5,15.041,0.779,292.0,97.0,4,16,,,,,,,,,,,,,,,,,,,,,,,,,,,,,,,,,,,,,,,,,,,,,,,,,,,,,,,,,,,,,
116,summary,0.28887320932950455,0.9978835586779883,0.28281019133991664,1.0,0.00038667,39.8,,,,,,,,,,,,,,,,,,,,,,0,84.71,100,0,64.71,90,58,65.86,68,16,19.0,27,73.1,210.34,234.4,2732.1,10801.0,36.0,0,6.9,26.07,64.1,31.19,31.26,31.38,63.16,0.07,0.07,0.07,16.0,0.0,0.0,0.01,1.5,3.62,5.6,10.952,14.262,15.041,15.04,15.051,15.992,0.779,0.78,0.789,292.0,10406.86,24414.0,97.0,33516.57,120703.0,4,4.0,4,16,16.0,16,4,16,31.66,7.28
117,1,,,,,,,0,0,57,27,66.7,1410,10801,36,0,64.6,79.6;79.1;86.4;89.2;80.4;83.0;91.2;96.6;85.1;84.4;91.8;97.3;53.4;51.7;29.1;28.4;59.7;58.1;21.6;24.2;51.3;50.3;39.3;41.6,31.35,0.07,0.0,3.78,15.051,0.789,6787.0,30419.0,4,16,,,,,,,,,,,,,,,,,,,,,,,,,,,,,,,,,,,,,,,,,,,,,,,,,,,,,,,,,,,,,
117,2,,,,,,,100,98,65,16,231.8,2730,10801,36,0,30.7,22.7;14.7;32.8;24.0;17.9;17.6;96.8;92.9;62.5;64.2;91.2;90.0;13.0;10.3;4.4;5.9;12.3;11.0;3.2;3.9;11.7;12.3;11.5;9.3,31.28,0.07,0.02,5.69,15.041,0.779,19824.0,28320.0,4,16,,,,,,,,,,,,,,,,,,,,,,,,,,,,,,,,,,,,,,,,,,,,,,,,,,,,,,,,,,,,,
117,3,,,,,,,98,92,66,18,230.5,2730,10801,36,0,22.2,15.4;4.3;16.1;17.1;7.0;5.3;88.4;89.9;53.7;50.8;86.7;85.5;2.4;2.2;0.5;0.0;1.0;0.7;0.2;0.2;1.9;1.9;0.5;0.7,31.25,0.07,0.02,4.45,15.041,0.779,8251.0,13964.0,4,16,,,,,,,,,,,,,,,,,,,,,,,,,,,,,,,,,,,,,,,,,,,,,,,,,,,,,,,,,,,,,
117,4,,,,,,,100,75,67,17,235.0,2730,10801,36,0,22.6,11.4;2.0;13.6;17.1;5.6;7.1;93.0;93.4;49.3;48.8;95.1;97.8;0.7;1.7;0.0;0.5;0.2;0.7;0.2;0.5;1.2;0.2;0.5;0.2,31.21,0.07,0.0,2.71,15.041,0.779,6152.0,38134.0,4,16,,,,,,,,,,,,,,,,,,,,,,,,,,,,,,,,,,,,,,,,,,,,,,,,,,,,,,,,,,,,,
117,5,,,,,,,100,95,66,15,232.6,2730,10801,36,0,22.2,8.4;1.7;14.4;15.8;4.6;5.8;94.7;92.3;44.9;52.9;92.9;96.4;1.5;0.2;0.5;0.5;0.7;0.7;0.7;0.2;1.0;0.5;0.2;0.2,31.19,0.07,0.04,2.93,15.041,0.779,11523.0,11230.0,4,16,,,,,,,,,,,,,,,,,,,,,,,,,,,,,,,,,,,,,,,,,,,,,,,,,,,,,,,,,,,,,
117,6,,,,,,,98,74,68,18,235.1,2730,10801,36,0,13.9,11.5;2.5;7.7;14.6;5.2;4.4;48.8;59.9;17.8;27.0;52.1;71.9;1.5;1.7;1.2;1.2;1.2;1.2;0.0;0.0;1.2;1.0;0.5;0.7,31.18,0.07,0.0,2.29,15.041,0.779,5615.0,27099.0,4,16,,,,,,,,,,,,,,,,,,,,,,,,,,,,,,,,,,,,,,,,,,,,,,,,,,,,,,,,,,,,,
117,7,,,,,,,100,69,69,15,235.3,2730,10801,36,0,6.9,15.5;1.6;1.4;3.8;0.8;0.5;29.2;51.4;5.2;4.1;22.5;23.3;0.5;0.3;0.3;0.0;0.5;0.3;0.0;0.0;0.5;0.0;0.3;1.9,31.18,0.07,0.01,1.49,15.041,0.779,1367.0,1416.0,4,16,,,,,,,,,,,,,,,,,,,,,,,,,,,,,,,,,,,,,,,,,,,,,,,,,,,,,,,,,,,,,
117,summary,0.2887496332036626,0.9979530261174416,0.28276361775398257,1.0,0.00037890,39.8,,,,,,,,,,,,,,,,,,,,,,0,85.14,100,0,71.86,98,57,65.43,69,15,18.0,27,66.7,209.57,235.3,2541.4,10801.0,36.0,0,6.9,26.16,64.6,31.18,31.23,31.35,63.16,0.07,0.07,0.07,16.0,0.0,0.01,0.04,1.49,3.33,5.69,10.955,14.262,15.041,15.04,15.051,15.992,0.779,0.78,0.789,1367.0,8502.71,19824.0,1416.0,21511.71,38134.0,4,4.0,4,16,16.0,16,4,16,31.73,7.28
118,1,,,,,,,0,0,57,27,67.1,1425,10801,36,0,66.6,81.9;83.1;89.1;87.8;81.0;82.4;89.1;100.0;86.0;89.8;92.5;93.9;57.1;63.3;26.4;29.7;62.2;64.9;22.4;22.7;54.7;58.8;41.3;37.8,31.33,0.07,0.0,6.88,15.051,0.789,17529.0,17626.0,4,16,,,,,,,,,,,,,,,,,,,,,,,,,,,,,,,,,,,,,,,,,,,,,,,,,,,,,,,,,,,,,
118,2,,,,,,,100,89,65,19,232.2,2730,10801,36,0,30.5,21.7;15.7;29.9;31.1;18.4;18.7;93.7;96.1;57.1;62.2;92.2;90.5;9.2;11.4;5.6;7.8;10.5;10.2;7.1;5.9;9.9;8.5;8.8;9.0,31.28,0.07,0.0,4.36,15.041,0.779,23535.0,44335.0,4,16,,,,,,,,,,,,,,,,,,,,,,,,,,,,,,,,,,,,,,,,,,,,,,,,,,,,,,,,,,,,,
118,3,,,,,,,96,89,69,18,231.9,2730,10801,36,0,22.5,12.4;2.2;16.7;15.2;3.9;5.9;92.6;90.4;40.0;62.8;91.4;92.2;3.2;1.7;0.2;0.2;0.7;1.0;1.5;0.5;1.0;0.7;1.0;1.7,31.23,0.07,0.01,4.47,15.041,0.779,24609.0,23974.0,4,16,,,,,,,,,,,,,,,,,,,,,,,,,,,,,,,,,,,,,,,,,,,,,,,,,,,,,,,,,,,,,
118,4,,,,,,,100,76,66,18,232.5,2730,10801,36,0,21.7,12.0;2.4;16.3;13.9;3.6;5.1;83.2;86.1;44.8;62.5;90.3;87.4;1.5;1.5;0.5;0.7;2.9;1.7;0.7;1.2;1.7;0.2;1.0;0.2,31.21,0.07,0.0,3.55,15.041,0.779,4687.0,35253.0,4,16,,,,,,,,,,,,,,,,,,,,,,,,,,,,,,,,,,,,,,,,,,,,,,,,,,,,,,,,,,,,,
118,5,,,,,,,100,87,65,17,232.4,2730,10801,36,0,21.7,13.1;1.7;12.3;15.9;4.3;7.7;91.1;84.3;34.5;61.5;91.6;92.0;1.5;2.2;0.2;0.2;1.4;0.7;0.2;0.5;0.7;0.5;0.5;1.0,31.2,0.07,0.0,2.08,15.041,0.779,22705.0,12060.0,4,16,,,,,,,,,,,,,,,,,,,,,,,,,,,,,,,,,,,,,,,,,,,,,,,,,,,,,,,,,,,,,
118,6,,,,,,,97,87,69,18,233.2,2730,10801,36,0,14.1,16.7;1.2;6.7;6.2;1.7;2.5;53.8;60.5;38.6;15.3;52.8;77.3;0.2;0.2;0.0;0.2;0.5;0.2;0.7;0.5;0.7;0.2;0.2;0.0,31.2,0.07,0.0,2.28,15.041,0.779,20312.0,14306.0,4,16,,,,,,,,,,,,,,,,,,,,,,,,,,,,,,,,,,,,,,,,,,,,,,,,,,,,,,,,,,,,,
118,7,,,,,,,100,89,65,17,233.5,2730,10801,36,0,6.1,11.5;0.0;0.8;1.7;0.3;0.3;43.9;29.9;2.2;3.9;30.2;20.5;0.6;0.0;0.0;0.0;0.0;0.0;0.0;0.0;0.0;0.0;0.0;0.0,31.18,0.07,0.01,1.49,15.041,0.779,72900.0,238720.0,4,16,,,,,,,,,,,,,,,,,,,,,,,,,,,,,,,,,,,,,,,,,,,,,,,,,,,,,,,,,,,,,
118,summary,0.28852098620207833,0.9979622884427021,0.28278233459260727,1.0,0.00037116,39.8,,,,,,,,,,,,,,,,,,,,,,0,84.71,100,0,73.86,89,57,65.14,69,17,19.14,27,67.1,208.97,233.5,2543.6,10801.0,36.0,0,6.1,26.17,66.6,31.18,31.23,31.33,63.16,0.07,0.07,0.07,16.0,0.0,0.0,0.01,1.49,3.59,6.88,10.955,14.262,15.041,15.04,15.051,15.992,0.779,0.78,0.789,4687.0,26611.0,72900.0,12060.0,55182.0,238720.0,4,4.0,4,16,16.0,16,4,16,31.66,7.28
119,1,,,,,,,0,0,57,26,61.5,1440,10801,36,0,65.5,79.7;82.2;90.4;89.0;87.0;83.6;91.8;95.9;89.7;87.7;89.7;96.6;64.4;65.8;25.3;25.3;49.3;52.7;20.5;21.9;41.8;50.0;42.5;48.3,31.35,0.07,0.01,4.56,15.051,0.789,14746.0,30859.0,4,16,,,,,,,,,,,,,,,,,,,,,,,,,,,,,,,,,,,,,,,,,,,,,,,,,,,,,,,,,,,,,
119,2,,,,,,,100,90,64,18,232.2,2730,10801,36,0,31.1,25.8;13.2;32.4;27.1;17.7;21.3;92.1;94.2;51.3;67.1;91.1;87.8;10.3;10.8;7.4;8.6;11.5;12.5;7.7;7.5;12.3;11.8;11.3;12.9,31.25,0.07,0.0,5.65,15.041,0.779,10009.0,36474.0,4,16,,,,,,,,,,,,,,,,,,,,,,,,,,,,,,,,,,,,,,,,,,,,,,,,,,,,,,,,,,,,,
119,3,,,,,,,100,93,67,18,232.2,2730,10801,36,0,22.7,13.4;4.1;15.9;19.3;5.8;8.9;83.3;93.0;47.0;55.7;95.2;91.8;1.2;2.4;1.0;1.0;0.7;1.2;0.7;1.2;1.2;0.7;0.5;0.7,31.24,0.07,0.01,3.67,15.041,0.779,22167.0,24414.0,4,16,,,,,,,,,,,,,,,,,,,,,,,,,,,,,,,,,,,,,,,,,,,,,,,,,,,,,,,,,,,,,
119,4,,,,,,,100,78,68,19,233.4,2730,10801,36,0,23.3,16.8;4.9;19.2;20.1;4.4;7.9;91.1;86.9;53.7;44.7;94.6;97.5;3.2;2.0;0.5;0.7;2.2;0.5;1.2;0.7;1.0;1.2;1.0;1.2,31.22,0.07,0.0,3.51,15.041,0.779,6250.0,32031.0,4,16,,,,,,,,,,,,,,,,,,,,,,,,,,,,,,,,,,,,,,,,,,,,,,,,,,,,,,,,,,,,,
119,5,,,,,,,96,90,65,17,233.3,2730,10801,36,0,22.0,13.9;1.5;15.5;18.4;4.4;5.8;83.0;84.7;55.6;47.8;95.6;92.0;1.5;1.4;1.9;1.2;0.5;0.5;0.5;0.2;1.0;1.0;0.7;1.5,31.2,0.07,0.0,2.84,15.041,0.779,8056.0,11328.0,4,16,,,,,,,,,,,,,,,,,,,,,,,,,,,,,,,,,,,,,,,,,,,,,,,,,,,,,,,,,,,,,
119,6,,,,,,,100,70,69,17,233.4,2730,10801,36,0,13.3,10.4;2.2;6.4;7.9;1.2;2.5;48.5;60.9;28.7;16.0;48.4;81.5;0.7;1.0;0.0;0.0;0.2;0.2;0.0;0.0;1.0;0.0;0.0;0.0,31.19,0.07,0.01,1.93,15.041,0.779,6054.0,39501.0,4,16,,,,,,,,,,,,,,,,,,,,,,,,,,,,,,,,,,,,,,,,,,,,,,,,,,,,,,,,,,,,,
119,7,,,,,,,100,92,68,17,232.9,2730,10801,36,0,7.1,14.6;2.7;1.6;2.5;2.5;2.2;35.6;42.5;1.4;6.8;24.4;24.0;0.0;1.1;0.8;1.1;0.8;0.8;0.0;0.3;1.9;1.1;0.3;1.6,31.18,0.07,0.0,1.81,15.041,0.779,1416.0,48.0,4,16,,,,,,,,,,,,,,,,,,,,,,,,,,,,,,,,,,,,,,,,,,,,,,,,,,,,,,,,,,,,,
119,summary,0.28832615168936604,0.9980664896018822,0.28287068022622003,1.0,0.00036346,39.9,,,,,,,,,,,,,,,,,,,,,,0,85.14,100,0,73.29,93,57,65.43,69,17,18.86,26,61.5,208.41,233.4,2545.7,10801.0,36.0,0,7.1,26.43,65.5,31.18,31.23,31.35,63.16,0.07,0.07,0.07,16.0,0.0,0.0,0.01,1.81,3.42,5.65,10.955,14.262,15.041,15.04,15.051,15.992,0.779,0.78,0.789,1416.0,9814.0,22167.0,48.0,24950.71,39501.0,4,4.0,4,16,16.0,16,4,16,31.73,7.33
120,1,,,,,,,0,0,57,27,57.1,1725,10801,36,0,65.1,77.9;82.2;87.0;89.0;84.1;82.8;85.5;92.5;86.9;86.2;89.0;99.3;59.2;58.9;25.3;26.7;58.5;67.1;22.6;17.8;46.6;50.0;37.0;49.7,31.34,0.07,0.0,3.81,15.051,0.789,7666.0,38769.0,4,16,,,,,,,,,,,,,,,,,,,,,,,,,,,,,,,,,,,,,,,,,,,,,,,,,,,,,,,,,,,,,
120,2,,,,,,,96,78,66,17,234.1,2730,10801,36,0,31.4,21.1;15.3;34.7;32.7;20.5;20.8;94.2;96.1;61.9;65.5;91.0;91.7;12.7;11.7;5.4;4.9;11.5;11.0;4.6;3.9;11.5;10.5;9.3;10.7,31.26,0.07,0.0,5.67,15.041,0.779,5664.0,39160.0,4,16,,,,,,,,,,,,,,,,,,,,,,,,,,,,,,,,,,,,,,,,,,,,,,,,,,,,,,,,,,,,,
120,3,,,,,,,100,84,68,17,232.9,2730,10801,36,0,23.0,11.0;2.2;18.3;16.6;4.6;9.2;92.4;95.6;46.5;57.1;94.6;95.4;1.5;1.5;0.0;0.0;0.7;0.0;0.2;0.2;1.0;1.0;1.7;1.5,31.25,0.07,0.0,4.48,15.041,0.779,6689.0,17578.0,4,16,,,,,,,,,,,,,,,,,,,,,,,,,,,,,,,,,,,,,,,,,,,,,,,,,,,,,,,,,,,,,
120,4,,,,,,,96,87,67,16,231.9,2730,10801,36,0,22.0,13.1;2.5;11.3;20.6;4.4;6.6;83.8;86.3;51.4;58.9;96.1;88.3;0.5;0.7;0.0;0.0;0.7;0.2;0.0;0.0;1.0;0.2;0.2;0.7,31.23,0.07,0.0,2.75,15.041,0.779,11181.0,170263.0,4,16,,,,,,,,,,,,,,,,,,,,,,,,,,,,,,,,,,,,,,,,,,,,,,,,,,,,,,,,,,,,,
120,5,,,,,,,97,74,67,18,234.6,2730,10801,36,0,21.6,20.6;2.4;15.8;9.3;4.5;3.6;89.2;90.2;43.0;55.5;91.9;86.6;0.7;0.5;0.0;1.0;0.7;0.2;0.0;0.0;0.2;0.7;0.2;1.7,31.2,0.07,0.0,2.69,15.041,0.779,15771.0,34277.0,4,16,,,,,,,,,,,,,,,,,,,,,,,,,,,,,,,,,,,,,,,,,,,,,,,,,,,,,,,,,,,,,
120,6,,,,,,,100,89,68,16,233.1,2730,10801,36,0,13.9,14.6;1.0;9.4;6.4;3.0;2.2;55.2;84.1;31.7;20.8;51.7;46.3;1.5;0.2;0.2;0.2;0.2;0.2;0.2;0.3;0.5;0.5;0.7;0.7,31.2,0.07,0.0,2.32,15.041,0.779,6005.0,18457.0,4,16,,,,,,,,,,,,,,,,,,,,,,,,,,,,,,,,,,,,,,,,,,,,,,,,,,,,,,,,,,,,,
120,7,,,,,,,97,73,66,18,234.5,2730,10801,36,0,6.9,13.1;0.3;3.0;1.9;1.7;1.9;26.3;20.8;6.1;3.9;55.0;26.4;0.6;0.3;0.0;0.0;0.3;0.3;0.0;0.0;1.1;0.0;0.0;1.7,31.17,0.07,0.0,1.5,15.041,0.779,41845.0,11083.0,4,16,,,,,,,,,,,,,,,,,,,,,,,,,,,,,,,,,,,,,,,,,,,,,,,,,,,,,,,,,,,,,
120,summary,0.288463053555528,0.9980502805326763,0.2828048570950826,0.9998888888888889,0.00035579,39.7,,,,,,,,,,,,,,,,,,,,,,0,83.71,100,0,69.29,89,57,65.57,68,16,18.43,27,57.1,208.31,234.6,2586.4,10801.0,36.0,0,6.9,26.27,65.1,31.17,31.24,31.34,63.16,0.07,0.07,0.07,16.0,0.0,0.0,0.0,1.5,3.32,5.67,10.95,14.262,15.041,15.04,15.051,15.992,0.779,0.78,0.789,5664.0,13545.86,41845.0,11083.0,47083.86,170263.0,4,4.0,4,16,16.0,16,4,16,31.95,6.92
121,1,,,,,,,0,0,57,26,57.3,1350,5001,36,0,64.5,81.6;83.4;88.4;89.7;84.8;88.4;92.4;97.2;89.7;90.3;91.1;94.5;62.1;57.2;20.7;23.4;59.3;59.3;13.8;13.1;49.7;53.1;30.1;33.1,31.33,0.07,0.0,7.31,15.051,0.789,28710.0,25634.0,4,16,,,,,,,,,,,,,,,,,,,,,,,,,,,,,,,,,,,,,,,,,,,,,,,,,,,,,,,,,,,,,
121,2,,,,,,,96,73,66,15,233.2,2730,10801,36,0,30.7,23.9;13.2;31.2;24.4;17.5;15.3;95.2;95.7;65.0;58.9;94.7;92.3;13.0;11.8;5.5;7.7;10.3;11.1;3.4;4.6;11.5;11.8;9.6;9.5,31.27,0.07,0.0,4.35,15.041,0.779,7421.0,16796.0,4,16,,,,,,,,,,,,,,,,,,,,,,,,,,,,,,,,,,,,,,,,,,,,,,,,,,,,,,,,,,,,,
121,3,,,,,,,100,75,67,18,234.7,2730,10801,36,0,21.8,15.7;2.2;14.4;12.0;6.7;2.9;93.3;87.8;48.6;48.1;92.5;94.5;1.4;0.5;0.0;0.0;0.5;0.0;0.0;0.2;0.7;0.5;0.2;1.7,31.25,0.07,0.14,4.81,15.041,0.779,4150.0,44287.0,4,16,,,,,,,,,,,,,,,,,,,,,,,,,,,,,,,,,,,,,,,,,,,,,,,,,,,,,,,,,,,,,
121,4,,,,,,,100,93,67,18,232.2,2730,10801,36,0,22.1,12.2;2.7;17.7;11.5;6.4;5.6;90.0;89.2;36.9;62.0;95.1;91.4;1.2;1.0;0.7;0.5;1.7;1.2;0.7;0.2;0.0;0.2;0.0;1.5,31.24,0.07,0.0,3.37,15.041,0.779,25488.0,11669.0,4,16,,,,,,,,,,,,,,,,,,,,,,,,,,,,,,,,,,,,,,,,,,,,,,,,,,,,,,,,,,,,,
121,5,,,,,,,96,76,66,14,233.6,2730,10801,36,0,23.0,18.3;2.4;17.7;16.5;8.3;4.4;94.2;92.5;34.5;60.8;97.3;91.7;3.2;1.7;0.7;1.0;1.0;1.2;0.7;0.7;1.2;0.7;0.7;1.5,31.23,0.07,0.0,2.09,15.041,0.779,23632.0,10839.0,4,16,,,,,,,,,,,,,,,,,,,,,,,,,,,,,,,,,,,,,,,,,,,,,,,,,,,,,,,,,,,,,
121,6,,,,,,,100,84,68,18,233.5,2730,10801,36,0,13.9,10.2;2.0;11.4;10.4;4.2;3.2;51.4;72.6;20.2;24.4;44.2;69.7;0.7;2.0;0.7;0.2;0.7;1.0;0.0;0.2;0.5;0.7;0.5;1.5,31.2,0.07,0.0,2.29,15.041,0.779,5468.0,44580.0,4,16,,,,,,,,,,,,,,,,,,,,,,,,,,,,,,,,,,,,,,,,,,,,,,,,,,,,,,,,,,,,,
121,7,,,,,,,100,99,68,16,232.9,2730,10801,36,0,6.4,11.2;1.4;1.6;1.1;1.1;1.1;39.2;31.1;5.7;1.4;35.9;14.0;0.5;0.8;0.3;0.3;0.5;1.1;0.3;0.3;1.6;0.3;0.5;1.1,31.18,0.07,0.0,1.48,15.041,0.779,0.0,1757.0,4,16,,,,,,,,,,,,,,,,,,,,,,,,,,,,,,,,,,,,,,,,,,,,,,,,,,,,,,,,,,,,,
121,summary,0.288574106750775,0.9980456493700461,0.28276658686002093,1.0,0.00034816,39.9,,,,,,,,,,,,,,,,,,,,,,0,84.57,100,0,71.43,99,57,65.57,68,14,17.86,26,57.3,208.2,234.7,2532.9,9972.4,36.0,0,6.4,26.06,64.5,31.18,31.24,31.33,63.16,0.07,0.07,0.07,16.0,0.0,0.02,0.14,1.48,3.67,7.31,10.955,14.262,15.041,15.04,15.051,15.992,0.779,0.78,0.789,0.0,13552.71,28710.0,1757.0,22223.14,44580.0,4,4.0,4,16,16.0,16,4,16,31.63,7.46
122,1,,,,,,,0,0,57,27,57.0,1290,10801,36,0,65.1,82.6;82.9;91.1;91.1;85.0;87.1;93.2;93.2;82.2;81.0;92.5;96.6;49.3;56.2;24.0;30.8;56.2;61.0;28.1;31.5;47.3;45.9;29.5;42.9,31.35,0.07,0.01,4.71,15.051,0.789,3564.0,264843.0,4,16,,,,,,,,,,,,,,,,,,,,,,,,,,,,,,,,,,,,,,,,,,,,,,,,,,,,,,,,,,,,,
122,2,,,,,,,96,81,65,18,232.8,2730,10801,36,0,31.2,27.3;15.2;33.0;26.9;20.2;17.6;96.6;92.4;70.6;55.0;96.6;96.1;12.7;12.2;2.9;2.7;13.2;12.7;1.7;2.2;11.5;11.0;6.6;11.7,31.28,0.07,0.0,5.63,15.041,0.779,19628.0,14111.0,4,16,,,,,,,,,,,,,,,,,,,,,,,,,,,,,,,,,,,,,,,,,,,,,,,,,,,,,,,,,,,,,
122,3,,,,,,,100,83,66,19,232.2,2730,10801,36,0,22.2,12.4;3.9;16.2;12.7;4.7;5.4;87.7;91.7;49.1;53.7;92.9;94.4;2.0;1.7;0.0;0.2;0.2;1.0;0.0;0.7;0.7;0.5;0.7;0.0,31.26,0.07,0.01,3.72,15.041,0.779,5810.0,36865.0,4,16,,,,,,,,,,,,,,,,,,,,,,,,,,,,,,,,,,,,,,,,,,,,,,,,,,,,,,,,,,,,,
122,4,,,,,,,96,89,70,18,232.3,2730,10801,36,0,22.3,14.2;2.7;15.0;11.2;7.0;3.2;89.8;91.5;39.8;60.0;93.0;95.1;1.7;1.0;0.7;0.5;0.7;1.5;0.5;0.7;2.7;1.7;0.7;0.7,31.22,0.07,0.0,3.54,15.041,0.779,36962.0,68066.0,4,16,,,,,,,,,,,,,,,,,,,,,,,,,,,,,,,,,,,,,,,,,,,,,,,,,,,,,,,,,,,,,
122,5,,,,,,,96,77,68,18,233.8,2730,10801,36,0,22.1,18.9;3.1;14.0;13.4;5.3;7.0;87.7;91.3;41.8;54.3;94.5;92.1;1.7;0.5;0.5;0.2;1.7;1.2;0.0;0.0;0.5;1.0;0.2;0.2,31.2,0.07,0.0,2.73,15.041,0.779,73779.0,20996.0,4,16,,,,,,,,,,,,,,,,,,,,,,,,,,,,,,,,,,,,,,,,,,,,,,,,,,,,,,,,,,,,,
122,6,,,,,,,100,85,65,19,232.9,2730,10801,36,0,14.1,13.3;1.7;10.3;7.1;3.7;2.0;61.7;63.3;22.2;24.9;52.0;71.4;1.2;0.2;0.0;0.0;1.2;0.5;0.0;0.2;1.0;0.0;0.0;1.0,31.18,0.07,0.0,1.92,15.041,0.779,8984.0,24169.0,4,16,,,,,,,,,,,,,,,,,,,,,,,,,,,,,,,,,,,,,,,,,,,,,,,,,,,,,,,,,,,,,
122,7,,,,,,,97,74,70,17,235.2,2730,10801,36,0,5.9,11.8;0.0;0.8;1.4;0.0;0.8;21.4;36.9;4.2;2.2;46.9;15.3;0.3;0.0;0.0;0.0;0.0;0.0;0.0;0.0;0.0;0.0;0.0;0.0,31.17,0.07,0.0,1.93,15.041,0.779,2001.0,1562.0,4,16,,,,,,,,,,,,,,,,,,,,,,,,,,,,,,,,,,,,,,,,,,,,,,,,,,,,,,,,,,,,,
122,summary,0.28839556702608116,0.9980896454150332,0.282780349916882,0.9998888888888889,0.00034057,39.7,,,,,,,,,,,,,,,,,,,,,,0,83.57,100,0,69.86,89,57,65.86,70,17,19.43,27,57.0,208.03,235.2,2524.3,10801.0,36.0,0,5.9,26.13,65.1,31.17,31.24,31.35,63.16,0.07,0.07,0.07,16.0,0.0,0.0,0.01,1.92,3.45,5.63,10.955,14.262,15.041,15.04,15.051,15.992,0.779,0.78,0.789,2001.0,21532.57,73779.0,1562.0,61516.0,264843.0,4,4.0,4,16,16.0,16,4,16,31.6,7.3
123,1,,,,,,,0,0,58,22,59.6,2745,10801,36,0,65.0,79.4;83.7;90.8;90.1;85.1;83.7;87.2;94.3;80.3;81.0;88.7;98.6;55.6;55.3;27.7;30.5;48.9;52.5;21.3;22.0;52.1;60.6;46.8;43.4,31.34,0.07,0.0,3.86,15.051,0.789,5615.0,18359.0,4,16,,,,,,,,,,,,,,,,,,,,,,,,,,,,,,,,,,,,,,,,,,,,,,,,,,,,,,,,,,,,,
123,2,,,,,,,96,90,67,18,230.4,2730,10801,36,0,31.4,24.6;15.7;33.7;30.9;23.7;15.2;91.2;94.9;63.9;54.8;93.7;95.6;11.2;11.2;5.6;6.4;12.3;11.5;5.6;5.6;12.2;10.8;11.3;11.2,31.28,0.07,0.0,5.67,15.041,0.779,44140.0,26318.0,4,16,,,,,,,,,,,,,,,,,,,,,,,,,,,,,,,,,,,,,,,,,,,,,,,,,,,,,,,,,,,,,
123,3,,,,,,,96,89,69,17,229.8,2730,10801,36,0,21.9,18.1;1.9;16.2;14.6;5.8;4.4;87.4;80.8;48.7;51.0;93.0;94.7;2.2;1.5;0.0;0.5;1.0;0.0;0.0;1.0;1.0;1.2;1.2;0.7,31.25,0.07,0.0,4.49,15.041,0.779,19433.0,37646.0,4,16,,,,,,,,,,,,,,,,,,,,,,,,,,,,,,,,,,,,,,,,,,,,,,,,,,,,,,,,,,,,,
123,4,,,,,,,100,70,66,18,233.2,2730,10801,36,0,22.6,16.0;2.2;17.2;14.8;6.6;6.6;80.8;83.9;58.6;53.8;92.7;91.0;2.9;2.2;1.0;0.7;0.7;1.7;1.2;0.7;2.4;1.5;2.2;2.2,31.23,0.07,0.0,2.69,15.041,0.779,6542.0,17236.0,4,16,,,,,,,,,,,,,,,,,,,,,,,,,,,,,,,,,,,,,,,,,,,,,,,,,,,,,,,,,,,,,
123,5,,,,,,,96,90,68,18,232.7,2730,10801,36,0,22.5,13.7;1.7;15.2;14.0;6.4;4.4;93.7;94.1;46.0;58.4;94.1;90.7;2.2;0.5;0.0;0.0;0.7;1.2;0.0;0.2;0.5;1.0;0.0;1.0,31.19,0.07,0.0,2.73,15.041,0.779,7177.0,16503.0,4,16,,,,,,,,,,,,,,,,,,,,,,,,,,,,,,,,,,,,,,,,,,,,,,,,,,,,,,,,,,,,,
123,6,,,,,,,100,69,68,16,235.2,2730,10801,36,0,14.9,14.5;3.2;9.1;13.5;5.4;6.9;62.3;69.3;22.5;29.2;59.5;48.2;1.5;1.5;0.7;1.2;1.0;1.2;1.0;1.0;2.2;1.5;1.0;1.0,31.19,0.07,0.0,2.41,15.041,0.779,21484.0,41503.0,4,16,,,,,,,,,,,,,,,,,,,,,,,,,,,,,,,,,,,,,,,,,,,,,,,,,,,,,,,,,,,,,
123,7,,,,,,,100,84,66,18,223.0,2730,10801,36,0,6.7,10.6;1.4;1.6;1.6;1.4;1.1;21.6;33.2;4.6;4.6;50.3;25.6;0.0;0.3;0.3;0.0;0.3;0.5;0.0;0.3;0.3;0.8;0.5;1.1,31.19,0.07,0.0,2.13,15.041,0.779,31445.0,1562.0,4,16,,,,,,,,,,,,,,,,,,,,,,,,,,,,,,,,,,,,,,,,,,,,,,,,,,,,,,,,,,,,,
123,summary,0.28796189907161596,0.9982123712247342,0.2827109114858839,1.0,0.00033302,39.7,,,,,,,,,,,,,,,,,,,,,,0,84.0,100,0,70.29,90,58,66.0,69,16,18.14,22,59.6,206.27,235.2,2732.1,10801.0,36.0,0,6.7,26.43,65.0,31.19,31.24,31.34,63.16,0.07,0.07,0.07,16.0,0.0,0.0,0.0,2.13,3.43,5.67,10.956,14.262,15.041,15.04,15.051,15.992,0.779,0.78,0.789,5615.0,19405.14,44140.0,1562.0,22732.43,41503.0,4,4.0,4,16,16.0,16,4,16,31.35,7.55
124,1,,,,,,,0,0,57,27,52.9,1290,5001,36,0,64.2,77.9;82.1;89.0;90.3;83.6;80.0;91.1;89.7;85.5;87.6;95.9;91.7;51.4;51.7;27.4;29.7;56.6;59.6;21.4;20.7;47.6;46.9;44.1;40.7,31.36,0.07,0.02,8.87,15.051,0.789,5371.0,41699.0,4,16,,,,,,,,,,,,,,,,,,,,,,,,,,,,,,,,,,,,,,,,,,,,,,,,,,,,,,,,,,,,,
124,2,,,,,,,100,99,66,14,232.0,2730,10801,36,0,31.4,26.3;14.8;32.2;27.0;19.6;19.1;90.8;90.3;57.3;67.3;97.3;97.8;13.3;13.1;5.6;6.5;11.1;12.6;3.9;3.4;11.1;12.8;9.9;10.6,31.3,0.07,0.12,5.92,15.041,0.779,11914.0,11230.0,4,16,,,,,,,,,,,,,,,,,,,,,,,,,,,,,,,,,,,,,,,,,,,,,,,,,,,,,,,,,,,,,
124,3,,,,,,,100,75,67,17,234.1,2730,10801,36,0,22.0,12.4;2.7;16.5;16.2;5.8;3.6;87.9;90.8;37.1;63.3;91.8;92.5;1.9;1.9;0.2;0.2;0.7;0.5;0.0;0.0;0.7;0.5;0.0;1.2,31.26,0.07,0.0,5.13,15.041,0.779,18261.0,11083.0,4,16,,,,,,,,,,,,,,,,,,,,,,,,,,,,,,,,,,,,,,,,,,,,,,,,,,,,,,,,,,,,,
124,4,,,,,,,100,78,66,18,233.0,2730,10801,36,0,22.5,13.3;2.0;13.5;12.3;5.4;4.2;90.2;89.2;58.0;48.5;90.6;94.6;3.2;1.2;0.7;1.7;1.7;2.5;0.7;0.7;0.5;2.2;2.0;1.7,31.23,0.07,0.0,3.97,15.041,0.779,6005.0,37792.0,4,16,,,,,,,,,,,,,,,,,,,,,,,,,,,,,,,,,,,,,,,,,,,,,,,,,,,,,,,,,,,,,
124,5,,,,,,,100,91,65,17,223.0,2730,10801,36,0,21.6,11.7;3.1;14.5;13.3;5.1;3.6;89.6;93.5;53.3;53.4;87.5;84.6;0.5;1.0;0.2;0.5;0.7;1.0;0.5;0.0;1.0;0.7;0.5;0.2,31.22,0.07,0.0,2.55,15.041,0.779,8300.0,14062.0,4,16,,,,,,,,,,,,,,,,,,,,,,,,,,,,,,,,,,,,,,,,,,,,,,,,,,,,,,,,,,,,,
124,6,,,,,,,96,86,69,18,232.1,2730,10801,36,0,13.5,11.2;2.0;9.6;8.6;3.4;2.2;68.9;58.8;22.3;23.3;43.5;64.7;0.7;0.2;0.0;0.0;0.7;0.2;0.2;0.0;1.0;0.2;0.5;0.2,31.18,0.07,0.0,2.44,15.041,0.779,19335.0,31347.0,4,16,,,,,,,,,,,,,,,,,,,,,,,,,,,,,,,,,,,,,,,,,,,,,,,,,,,,,,,,,,,,,
124,7,,,,,,,100,93,67,18,232.6,2730,10801,36,0,6.3,11.8;0.3;1.1;2.5;0.3;0.8;25.6;18.6;2.2;3.4;35.9;44.9;0.6;0.0;0.0;0.0;0.6;0.0;0.0;0.0;0.0;1.1;0.0;1.4,31.18,0.07,0.0,1.8,15.041,0.779,244.0,1855.0,4,16,,,,,,,,,,,,,,,,,,,,,,,,,,,,,,,,,,,,,,,,,,,,,,,,,,,,,,,,,,,,,
124,summary,0.2880454016663525,0.9981706907610621,0.2827813434071011,0.9998888888888889,0.00032551,39.7,,,,,,,,,,,,,,,,,,,,,,0,85.14,100,0,74.57,99,57,65.29,69,14,18.43,27,52.9,205.67,234.1,2524.3,9972.4,36.0,0,6.3,25.93,64.2,31.18,31.25,31.36,63.16,0.07,0.07,0.07,16.0,0.0,0.02,0.12,1.8,4.38,8.87,10.956,14.262,15.041,15.04,15.051,15.992,0.779,0.78,0.789,244.0,9918.57,19335.0,1855.0,21295.43,41699.0,4,4.0,4,16,16.0,16,4,16,31.69,7.24
125,1,,,,,,,0,0,59,27,52.4,1200,10801,36,0,65.0,80.3;81.5;88.9;84.8;84.1;86.4;94.4;90.3;85.4;86.9;88.9;96.5;48.6;56.8;26.9;33.6;55.2;60.7;26.2;21.9;52.4;52.4;38.6;38.6,31.34,0.07,0.03,4.79,15.051,0.789,19824.0,14941.0,4,16,,,,,,,,,,,,,,,,,,,,,,,,,,,,,,,,,,,,,,,,,,,,,,,,,,,,,,,,,,,,,
125,2,,,,,,,96,91,69,14,231.0,2730,10801,36,0,31.2,22.7;15.2;31.2;27.0;20.8;20.8;93.7;90.8;47.2;77.2;98.1;98.6;13.0;13.8;3.4;4.3;10.1;12.3;3.9;3.9;12.1;10.7;8.5;10.7,31.27,0.07,0.0,5.61,15.041,0.779,30371.0,175927.0,4,16,,,,,,,,,,,,,,,,,,,,,,,,,,,,,,,,,,,,,,,,,,,,,,,,,,,,,,,,,,,,,
125,3,,,,,,,96,62,69,18,220.2,2730,10801,36,0,22.1,13.8;3.4;20.0;13.7;4.8;3.9;86.5;87.9;56.1;36.7;93.9;95.6;1.9;2.4;0.5;0.2;1.7;1.2;0.7;0.5;2.2;1.7;0.5;0.5,31.24,0.07,0.0,3.61,15.041,0.779,7324.0,23193.0,4,16,,,,,,,,,,,,,,,,,,,,,,,,,,,,,,,,,,,,,,,,,,,,,,,,,,,,,,,,,,,,,
125,4,,,,,,,100,77,66,16,232.6,2730,10801,36,0,21.7,15.5;1.5;15.9;8.8;4.4;3.9;91.7;95.4;56.2;43.2;95.1;87.3;0.7;0.7;0.0;0.0;0.0;0.2;0.0;0.0;0.5;0.0;0.0;0.0,31.22,0.07,0.0,3.53,15.041,0.779,5664.0,27050.0,4,16,,,,,,,,,,,,,,,,,,,,,,,,,,,,,,,,,,,,,,,,,,,,,,,,,,,,,,,,,,,,,
125,5,,,,,,,96,91,69,16,231.6,2730,10801,36,0,22.5,14.2;3.7;17.3;15.5;6.3;5.9;93.9;94.1;54.9;49.4;88.1;85.4;1.7;2.0;1.0;0.5;0.7;1.2;0.0;0.0;1.5;1.2;1.0;1.2,31.21,0.07,0.0,2.73,15.041,0.779,6347.0,28808.0,4,16,,,,,,,,,,,,,,,,,,,,,,,,,,,,,,,,,,,,,,,,,,,,,,,,,,,,,,,,,,,,,
125,6,,,,,,,100,66,67,16,234.6,2730,10801,36,0,14.0,11.5;1.5;7.1;6.2;2.0;4.4;61.5;54.2;27.3;27.3;70.4;58.8;0.5;0.2;0.0;0.2;0.0;0.5;0.0;0.2;0.5;0.2;0.5;1.0,31.2,0.07,0.0,1.92,15.041,0.779,5419.0,22900.0,4,16,,,,,,,,,,,,,,,,,,,,,,,,,,,,,,,,,,,,,,,,,,,,,,,,,,,,,,,,,,,,,
125,7,,,,,,,97,90,70,19,234.5,2730,10801,36,0,6.5,12.2;0.3;3.6;3.6;0.8;1.7;40.2;21.8;1.9;6.6;21.9;39.1;0.6;0.5;0.6;0.0;0.6;0.3;0.0;0.0;0.3;0.3;0.3;0.0,31.19,0.07,0.0,1.51,15.041,0.779,537.0,1367.0,4,16,,,,,,,,,,,,,,,,,,,,,,,,,,,,,,,,,,,,,,,,,,,,,,,,,,,,,,,,,,,,,
125,summary,0.2881575336487784,0.9981429037852808,0.2826955151028103,1.0,0.00031805,39.7,,,,,,,,,,,,,,,,,,,,,,0,83.57,100,0,68.14,91,59,67.0,70,14,18.0,27,52.4,205.27,234.6,2511.4,10801.0,36.0,0,6.5,26.14,65.0,31.19,31.24,31.34,63.16,0.07,0.07,0.07,16.0,0.0,0.0,0.03,1.51,3.39,5.61,10.954,14.262,15.041,15.04,15.051,15.992,0.779,0.78,0.789,537.0,10783.71,30371.0,1367.0,42026.57,175927.0,4,4.0,4,16,16.0,16,4,16,31.75,7.2
126,1,,,,,,,0,0,58,27,73.2,2745,10801,36,0,64.1,81.0;78.9;86.3;87.7;84.2;82.2;93.2;93.8;84.6;78.8;91.8;93.9;58.1;54.1;21.2;24.5;57.5;63.7;17.1;17.2;52.7;54.1;39.0;41.1,31.37,0.07,0.0,5.53,15.051,0.789,8007.0,19775.0,4,16,,,,,,,,,,,,,,,,,,,,,,,,,,,,,,,,,,,,,,,,,,,,,,,,,,,,,,,,,,,,,
126,2,,,,,,,100,67,70,18,234.7,2730,10801,36,0,31.4,23.9;17.1;28.9;39.8;17.7;21.2;83.4;95.0;65.2;61.9;93.5;96.2;12.8;13.3;5.8;5.8;10.1;12.8;4.6;3.1;8.7;10.1;10.8;11.3,31.29,0.07,0.0,6.67,15.041,0.779,22070.0,158251.0,4,16,,,,,,,,,,,,,,,,,,,,,,,,,,,,,,,,,,,,,,,,,,,,,,,,,,,,,,,,,,,,,
126,3,,,,,,,96,88,66,18,231.4,2730,10801,36,0,22.5,14.3;6.3;15.2;17.2;7.3;8.8;87.5;90.7;41.8;55.3;91.4;92.0;1.5;2.5;0.5;0.0;1.7;1.0;0.5;0.2;1.7;0.7;0.0;1.0,31.25,0.07,0.0,5.12,15.041,0.779,5566.0,19531.0,4,16,,,,,,,,,,,,,,,,,,,,,,,,,,,,,,,,,,,,,,,,,,,,,,,,,,,,,,,,,,,,,
126,4,,,,,,,100,73,68,17,234.4,2730,10801,36,0,22.5,15.1;3.6;15.6;15.4;3.4;5.4;93.2;97.6;45.0;52.4;90.8;92.7;1.0;2.7;0.5;0.0;1.0;0.5;0.0;0.2;1.7;0.5;0.7;1.2,31.23,0.07,0.0,3.35,15.041,0.779,27490.0,19287.0,4,16,,,,,,,,,,,,,,,,,,,,,,,,,,,,,,,,,,,,,,,,,,,,,,,,,,,,,,,,,,,,,
126,5,,,,,,,100,98,66,19,231.8,2730,10801,36,0,22.0,13.7;3.8;15.2;14.0;2.4;7.0;91.1;96.6;51.4;43.7;89.2;93.0;0.5;1.2;0.7;0.0;1.0;0.0;0.5;0.2;0.5;0.7;1.0;0.2,31.22,0.07,0.0,3.14,15.041,0.779,6689.0,35009.0,4,16,,,,,,,,,,,,,,,,,,,,,,,,,,,,,,,,,,,,,,,,,,,,,,,,,,,,,,,,,,,,,
126,6,,,,,,,98,91,67,17,231.8,2730,10801,36,0,13.8,13.4;0.7;4.9;8.3;0.5;4.9;58.6;60.9;18.9;29.7;62.8;60.9;1.0;0.5;0.2;0.0;0.5;0.5;0.0;0.2;0.0;0.0;1.0;0.5,31.2,0.07,0.01,2.45,15.041,0.779,16259.0,28906.0,4,16,,,,,,,,,,,,,,,,,,,,,,,,,,,,,,,,,,,,,,,,,,,,,,,,,,,,,,,,,,,,,
126,7,,,,,,,100,67,70,17,234.8,2730,10801,36,0,6.7,13.5;1.1;1.9;1.7;0.8;1.1;18.5;44.7;3.9;4.4;40.0;23.7;0.6;0.3;0.0;0.0;0.3;0.0;0.0;0.0;1.1;0.3;0.0;1.4,31.19,0.07,0.0,1.8,15.041,0.779,292.0,1611.0,4,16,,,,,,,,,,,,,,,,,,,,,,,,,,,,,,,,,,,,,,,,,,,,,,,,,,,,,,,,,,,,,
126,summary,0.2876825168529632,0.9983073100586537,0.2826948420206706,0.9998888888888889,0.00031063,39.8,,,,,,,,,,,,,,,,,,,,,,0,84.86,100,0,69.14,98,58,66.43,70,17,19.0,27,73.2,210.3,234.8,2732.1,10801.0,36.0,0,6.7,26.14,64.1,31.19,31.25,31.37,63.16,0.07,0.07,0.07,16.0,0.0,0.0,0.01,1.8,4.01,6.67,10.954,14.262,15.041,15.04,15.051,15.992,0.779,0.78,0.789,292.0,12339.0,27490.0,1611.0,40338.57,158251.0,4,4.0,4,16,16.0,16,4,16,31.8,7.15
127,1,,,,,,,0,0,58,27,69.2,1500,10801,36,0,63.8,78.1;84.4;91.8;89.9;82.6;85.1;89.1;95.9;78.9;83.0;95.9;91.8;51.7;54.7;24.0;26.7;54.7;52.7;16.8;20.1;52.7;52.0;36.9;45.6,31.37,0.07,0.0,4.56,15.051,0.789,2880.0,11279.0,4,16,,,,,,,,,,,,,,,,,,,,,,,,,,,,,,,,,,,,,,,,,,,,,,,,,,,,,,,,,,,,,
127,2,,,,,,,100,67,69,19,233.2,2730,10801,36,0,30.8,22.0;16.7;27.9;37.3;17.4;17.4;94.9;93.2;57.3;64.8;93.7;94.9;13.6;13.4;2.7;5.1;11.7;12.1;1.0;2.4;10.2;11.4;8.0;9.2,31.31,0.07,0.0,6.74,15.041,0.779,5712.0,39550.0,4,16,,,,,,,,,,,,,,,,,,,,,,,,,,,,,,,,,,,,,,,,,,,,,,,,,,,,,,,,,,,,,
127,3,,,,,,,96,88,66,18,230.2,2730,10801,36,0,22.4,11.6;4.4;14.9;13.2;3.4;5.4;93.7;95.4;47.8;51.5;92.5;91.0;1.5;1.7;0.5;0.5;1.2;1.2;0.5;1.0;1.2;1.5;0.5;1.5,31.25,0.07,0.0,5.06,15.041,0.779,5273.0,23681.0,4,16,,,,,,,,,,,,,,,,,,,,,,,,,,,,,,,,,,,,,,,,,,,,,,,,,,,,,,,,,,,,,
127,4,,,,,,,96,90,65,18,230.7,2730,10801,36,0,21.0,9.7;2.2;13.0;13.5;2.6;4.6;91.8;90.1;39.9;59.3;85.8;85.3;1.7;1.7;0.0;0.0;0.5;0.2;0.2;0.0;1.7;1.4;0.0;0.0,31.24,0.07,0.01,4.03,15.041,0.779,7617.0,17871.0,4,16,,,,,,,,,,,,,,,,,,,,,,,,,,,,,,,,,,,,,,,,,,,,,,,,,,,,,,,,,,,,,
127,5,,,,,,,100,68,70,18,233.9,2730,10801,36,0,23.6,17.4;4.9;15.1;15.2;6.6;7.5;94.6;93.7;49.4;58.2;92.0;96.1;2.0;2.2;0.5;0.2;1.2;1.0;0.5;0.5;2.2;1.7;1.5;1.7,31.23,0.07,0.0,2.58,15.041,0.779,22314.0,23095.0,4,16,,,,,,,,,,,,,,,,,,,,,,,,,,,,,,,,,,,,,,,,,,,,,,,,,,,,,,,,,,,,,
127,6,,,,,,,97,89,66,18,231.6,2730,10801,36,0,13.6,14.7;0.7;5.2;12.8;2.2;3.9;75.4;43.6;17.7;28.5;63.8;51.7;0.5;0.2;0.2;0.7;0.7;0.2;0.5;1.2;0.0;0.2;0.5;0.7,31.22,0.07,0.0,2.44,15.041,0.779,16992.0,14111.0,4,16,,,,,,,,,,,,,,,,,,,,,,,,,,,,,,,,,,,,,,,,,,,,,,,,,,,,,,,,,,,,,
127,7,,,,,,,100,67,70,16,234.8,2730,10801,36,0,6.6,11.4;0.3;2.0;2.0;1.1;0.3;25.9;42.6;2.0;6.1;13.7;47.5;0.3;0.0;0.0;0.0;0.0;0.0;0.0;0.0;0.3;0.0;0.0;1.9,31.2,0.07,0.0,1.84,15.041,0.779,292.0,439.0,4,16,,,,,,,,,,,,,,,,,,,,,,,,,,,,,,,,,,,,,,,,,,,,,,,,,,,,,,,,,,,,,
127,summary,0.2879262014938114,0.9982494205257759,0.2826915289296044,0.9998888888888889,0.00030326,39.7,,,,,,,,,,,,,,,,,,,,,,0,84.14,100,0,67.0,90,58,66.29,70,16,19.14,27,69.2,209.09,234.8,2554.3,10801.0,36.0,0,6.6,25.97,63.8,31.2,31.26,31.37,63.16,0.07,0.07,0.07,16.0,0.0,0.0,0.01,1.84,3.89,6.74,10.953,14.262,15.041,15.04,15.051,15.992,0.779,0.78,0.789,292.0,8725.71,22314.0,439.0,18575.14,39550.0,4,4.0,4,16,16.0,16,4,16,31.8,7.15
128,1,,,,,,,0,0,58,27,65.1,1455,10801,36,0,63.2,79.9;77.7;87.8;87.9;82.6;80.1;94.6;92.6;81.0;81.8;93.2;92.5;45.0;48.3;31.1;31.1;52.3;60.9;23.2;21.2;49.0;49.7;37.6;41.2,31.38,0.07,0.0,5.53,15.051,0.789,4150.0,40966.0,4,16,,,,,,,,,,,,,,,,,,,,,,,,,,,,,,,,,,,,,,,,,,,,,,,,,,,,,,,,,,,,,
128,2,,,,,,,100,73,67,17,233.6,2730,10801,36,0,30.8,24.4;16.4;33.6;28.4;17.7;18.1;93.1;95.5;53.9;65.0;90.0;89.5;12.6;11.7;9.5;7.7;10.0;11.0;5.3;5.0;11.0;11.0;10.0;9.5,31.28,0.07,0.0,6.58,15.041,0.779,11328.0,155908.0,4,16,,,,,,,,,,,,,,,,,,,,,,,,,,,,,,,,,,,,,,,,,,,,,,,,,,,,,,,,,,,,,
128,3,,,,,,,100,98,66,16,231.9,2730,10801,36,0,22.1,11.0;3.2;11.6;23.8;3.0;4.9;92.9;96.3;45.1;51.1;91.9;90.4;1.0;0.5;0.5;0.5;0.0;0.2;0.0;0.0;0.2;0.5;0.2;0.7,31.27,0.07,0.0,4.16,15.041,0.779,5273.0,40771.0,4,16,,,,,,,,,,,,,,,,,,,,,,,,,,,,,,,,,,,,,,,,,,,,,,,,,,,,,,,,,,,,,
128,4,,,,,,,96,73,67,18,233.9,2730,10801,36,0,22.5,19.4;2.7;16.9;13.1;5.3;7.0;87.1;94.2;43.8;56.7;88.8;87.4;3.1;1.7;1.0;0.7;1.9;1.0;0.7;1.0;1.9;1.2;2.2;1.2,31.25,0.07,0.0,4.39,15.041,0.779,10351.0,11279.0,4,16,,,,,,,,,,,,,,,,,,,,,,,,,,,,,,,,,,,,,,,,,,,,,,,,,,,,,,,,,,,,,
128,5,,,,,,,100,91,67,18,232.0,2730,10801,36,0,22.3,13.6;3.2;15.6;13.3;4.2;5.6;92.4;90.5;42.7;54.7;96.3;91.7;1.7;1.5;1.0;0.5;1.0;0.7;0.2;0.2;2.2;1.0;1.2;1.2,31.23,0.07,0.01,3.19,15.041,0.779,28076.0,11474.0,4,16,,,,,,,,,,,,,,,,,,,,,,,,,,,,,,,,,,,,,,,,,,,,,,,,,,,,,,,,,,,,,
128,6,,,,,,,100,99,66,17,232.0,2730,10801,36,0,14.0,17.7;2.9;7.5;9.0;1.0;3.6;77.9;53.9;15.1;29.2;49.6;61.6;1.5;0.7;0.2;0.0;0.5;0.0;0.2;0.2;0.7;0.2;0.2;0.7,31.2,0.07,0.06,2.17,15.041,0.779,26513.0,39160.0,4,16,,,,,,,,,,,,,,,,,,,,,,,,,,,,,,,,,,,,,,,,,,,,,,,,,,,,,,,,,,,,,
128,7,,,,,,,100,69,67,17,235.1,2730,10801,36,0,6.5,13.8;0.6;1.7;2.2;0.8;0.6;18.4;61.2;3.4;3.6;22.9;23.5;0.6;0.0;0.0;0.0;0.6;0.0;0.0;0.0;1.1;0.3;0.0;0.3,31.18,0.07,0.01,2.03,15.041,0.779,7519.0,1708.0,4,16,,,,,,,,,,,,,,,,,,,,,,,,,,,,,,,,,,,,,,,,,,,,,,,,,,,,,,,,,,,,,
128,summary,0.2878978326314757,0.9982563672697212,0.28262820752461754,1.0,0.00029594,39.8,,,,,,,,,,,,,,,,,,,,,,0,85.14,100,0,71.86,99,58,65.43,67,16,18.57,27,65.1,209.09,235.1,2547.9,10801.0,36.0,0,6.5,25.91,63.2,31.18,31.26,31.38,63.16,0.07,0.07,0.07,16.0,0.0,0.01,0.06,2.03,4.01,6.58,10.957,14.262,15.041,15.04,15.051,15.992,0.779,0.78,0.789,4150.0,13315.71,28076.0,1708.0,43038.0,155908.0,4,4.0,4,16,16.0,16,4,16,31.41,7.59
129,1,,,,,,,0,0,57,26,69.7,1485,10801,36,0,63.9,74.5;78.9;85.7;86.4;82.4;82.3;94.6;92.5;84.5;85.7;92.5;93.9;55.0;57.1;25.8;25.0;50.7;51.7;22.0;23.8;52.7;56.1;43.0;40.9,31.35,0.07,0.01,5.58,15.051,0.789,23730.0,9228.0,4,16,,,,,,,,,,,,,,,,,,,,,,,,,,,,,,,,,,,,,,,,,,,,,,,,,,,,,,,,,,,,,
129,2,,,,,,,100,67,66,15,233.4,2730,10801,36,0,30.8,23.0;14.4;35.9;30.0;15.4;19.3;94.0;93.5;54.8;62.0;95.0;96.4;12.7;11.8;4.6;5.5;10.8;12.5;3.4;3.8;12.0;10.8;7.0;9.1,31.26,0.07,0.0,6.67,15.041,0.779,11572.0,17675.0,4,16,,,,,,,,,,,,,,,,,,,,,,,,,,,,,,,,,,,,,,,,,,,,,,,,,,,,,,,,,,,,,
129,3,,,,,,,96,89,66,18,229.7,2730,10801,36,0,21.9,11.0;2.2;20.2;8.8;4.2;6.6;92.4;95.6;50.5;49.6;86.3;94.4;1.5;0.7;0.2;0.5;0.0;0.5;0.2;0.5;0.0;0.0;0.0;0.2,31.24,0.07,0.0,5.09,15.041,0.779,4980.0,36035.0,4,16,,,,,,,,,,,,,,,,,,,,,,,,,,,,,,,,,,,,,,,,,,,,,,,,,,,,,,,,,,,,,
129,4,,,,,,,96,90,68,16,232.0,2730,10801,36,0,21.7,11.8;1.7;12.9;10.1;6.9;6.7;91.2;91.6;42.7;55.7;94.5;88.5;1.2;0.7;0.2;0.2;0.5;1.0;0.2;0.2;0.7;0.2;1.4;0.7,31.23,0.07,0.0,3.31,15.041,0.779,24658.0,200830.0,4,16,,,,,,,,,,,,,,,,,,,,,,,,,,,,,,,,,,,,,,,,,,,,,,,,,,,,,,,,,,,,,
129,5,,,,,,,100,76,68,16,233.9,2730,10801,36,0,22.7,11.0;1.5;16.9;15.9;5.4;5.4;91.5;93.7;50.4;51.8;94.1;97.1;2.4;2.7;0.2;0.2;1.0;0.2;0.5;0.2;0.7;0.5;0.2;0.5,31.22,0.07,0.02,3.21,15.041,0.779,8300.0,18994.0,4,16,,,,,,,,,,,,,,,,,,,,,,,,,,,,,,,,,,,,,,,,,,,,,,,,,,,,,,,,,,,,,
129,6,,,,,,,100,98,66,18,231.7,2730,10801,36,0,13.8,11.2;1.0;7.6;7.1;2.0;3.2;53.4;53.7;25.0;30.5;83.8;48.4;1.0;1.0;0.0;0.0;1.0;0.0;0.0;0.0;0.7;0.5;0.0;0.5,31.22,0.07,0.0,2.59,15.041,0.779,5859.0,41015.0,4,16,,,,,,,,,,,,,,,,,,,,,,,,,,,,,,,,,,,,,,,,,,,,,,,,,,,,,,,,,,,,,
129,7,,,,,,,100,69,67,18,235.1,2730,10801,36,0,6.9,15.5;0.8;2.5;3.1;1.4;1.1;31.3;38.4;3.9;3.9;33.0;27.8;0.0;0.3;0.0;0.0;0.0;0.3;0.0;0.0;0.6;0.0;0.6;0.8,31.19,0.07,0.0,1.87,15.041,0.779,976.0,146.0,4,16,,,,,,,,,,,,,,,,,,,,,,,,,,,,,,,,,,,,,,,,,,,,,,,,,,,,,,,,,,,,,
129,summary,0.28728004350540265,0.9984323514496697,0.282643811278873,1.0,0.00028868,39.8,,,,,,,,,,,,,,,,,,,,,,0,84.57,100,0,69.86,98,57,65.43,68,15,18.14,26,69.7,209.36,235.1,2552.1,10801.0,36.0,0,6.9,25.96,63.9,31.19,31.24,31.35,63.16,0.07,0.07,0.07,16.0,0.0,0.0,0.02,1.87,4.05,6.67,10.955,14.262,15.041,15.04,15.051,15.992,0.779,0.78,0.789,976.0,11439.29,24658.0,146.0,46274.71,200830.0,4,4.0,4,16,16.0,16,4,16,31.95,7.01
130,1,,,,,,,0,0,57,24,68.8,1470,10801,36,0,64.1,76.2;74.1;85.9;89.4;81.7;82.4;94.4;92.9;83.7;86.6;97.9;90.2;63.4;59.9;24.5;25.4;54.9;61.3;21.0;20.6;47.6;53.1;35.0;38.0,31.34,0.07,0.0,3.94,15.051,0.789,15380.0,13037.0,4,16,,,,,,,,,,,,,,,,,,,,,,,,,,,,,,,,,,,,,,,,,,,,,,,,,,,,,,,,,,,,,
130,2,,,,,,,100,93,66,16,231.7,2730,10801,36,0,31.2,25.3;16.4;34.1;34.2;21.4;18.5;91.3;89.6;55.8;62.3;89.9;92.8;13.5;12.3;6.5;6.0;12.5;12.6;4.6;4.8;11.8;12.3;10.9;9.7,31.27,0.07,0.0,5.64,15.041,0.779,25341.0,12207.0,4,16,,,,,,,,,,,,,,,,,,,,,,,,,,,,,,,,,,,,,,,,,,,,,,,,,,,,,,,,,,,,,
130,3,,,,,,,96,77,68,16,233.8,2730,10801,36,0,22.4,10.6;2.2;16.4;10.5;2.7;6.8;94.1;92.5;42.1;61.6;92.7;96.1;1.2;2.2;0.5;0.0;1.2;0.2;0.2;0.5;1.5;0.7;0.7;0.7,31.23,0.07,0.16,4.48,15.041,0.779,4931.0,29443.0,4,16,,,,,,,,,,,,,,,,,,,,,,,,,,,,,,,,,,,,,,,,,,,,,,,,,,,,,,,,,,,,,
130,4,,,,,,,100,85,65,18,232.9,2730,10801,36,0,22.2,15.0;2.4;19.0;13.3;6.1;5.4;83.6;92.7;51.6;51.6;90.5;94.1;2.2;1.2;0.5;0.2;1.0;0.5;0.5;0.0;1.5;0.5;0.2;0.5,31.23,0.07,0.0,3.46,15.045,0.783,8105.0,26171.0,4,16,,,,,,,,,,,,,,,,,,,,,,,,,,,,,,,,,,,,,,,,,,,,,,,,,,,,,,,,,,,,,
130,5,,,,,,,96,89,69,18,231.8,2730,10801,36,0,22.1,15.2;3.9;19.1;8.5;8.3;4.4;87.5;88.0;40.7;64.7;90.5;92.9;2.0;0.7;0.2;0.0;0.5;0.7;0.2;0.0;0.5;0.5;0.7;0.7,31.23,0.07,0.0,2.14,15.042,0.78,31005.0,144580.0,4,16,,,,,,,,,,,,,,,,,,,,,,,,,,,,,,,,,,,,,,,,,,,,,,,,,,,,,,,,,,,,,
130,6,,,,,,,97,77,68,16,233.7,2730,10801,36,0,13.2,12.4;1.5;7.7;5.3;2.9;2.7;61.3;50.1;20.8;30.3;60.8;56.9;1.2;1.7;0.0;0.0;0.5;0.0;0.0;0.0;0.7;0.0;0.5;0.0,31.2,0.07,0.0,2.27,15.042,0.78,17675.0,13818.0,4,16,,,,,,,,,,,,,,,,,,,,,,,,,,,,,,,,,,,,,,,,,,,,,,,,,,,,,,,,,,,,,
130,7,,,,,,,100,93,66,18,232.4,2730,10801,36,0,6.2,11.4;0.6;2.8;1.7;0.8;0.3;11.7;40.3;3.1;2.8;28.4;41.4;0.0;0.0;0.0;0.0;0.3;0.3;0.0;0.0;0.8;0.0;0.3;2.2,31.19,0.07,0.0,1.46,15.042,0.78,1367.0,1367.0,4,16,,,,,,,,,,,,,,,,,,,,,,,,,,,,,,,,,,,,,,,,,,,,,,,,,,,,,,,,,,,,,
130,summary,0.28776131086336215,0.9982401582005155,0.2826528572241465,1.0,0.00028146,39.7,,,,,,,,,,,,,,,,,,,,,,0,84.14,100,0,73.43,93,57,65.57,69,16,18.0,24,68.8,209.3,233.8,2550.0,10801.0,36.0,0,6.2,25.91,64.1,31.19,31.24,31.34,63.16,0.07,0.07,0.07,16.0,0.0,0.02,0.16,1.46,3.34,5.64,10.954,14.262,15.041,15.04,15.051,15.992,0.779,0.78,0.789,1367.0,14829.14,31005.0,1367.0,34374.71,144580.0,4,4.0,4,16,16.0,16,4,16,31.39,7.52
131,1,,,,,,,0,0,57,25,56.3,1590,5001,36,0,66.4,72.4;79.5;90.3;91.7;90.3;87.9;95.9;92.4;84.8;87.6;91.0;93.8;56.2;59.3;35.4;31.7;62.8;61.9;20.8;25.0;46.9;49.0;39.5;45.5,31.35,0.07,0.01,4.66,15.051,0.789,5810.0,40722.0,4,16,,,,,,,,,,,,,,,,,,,,,,,,,,,,,,,,,,,,,,,,,,,,,,,,,,,,,,,,,,,,,
131,2,,,,,,,96,90,69,18,229.7,2730,10801,36,0,30.7,22.6;14.3;33.5;30.1;19.7;16.5;94.2;95.4;60.1;62.0;91.5;94.2;12.4;12.4;4.1;4.4;11.2;10.9;5.1;2.7;9.5;11.7;7.8;9.7,31.28,0.07,0.0,4.72,15.042,0.78,7324.0,37646.0,4,16,,,,,,,,,,,,,,,,,,,,,,,,,,,,,,,,,,,,,,,,,,,,,,,,,,,,,,,,,,,,,
131,3,,,,,,,100,67,66,17,232.5,2730,10801,36,0,22.3,14.6;2.2;19.6;9.1;7.3;4.2;91.7;93.9;46.1;59.7;83.4;94.9;1.0;1.5;0.2;0.2;1.7;1.0;0.2;0.2;0.2;1.0;0.5;1.0,31.23,0.07,0.0,4.65,15.042,0.78,18896.0,11279.0,4,16,,,,,,,,,,,,,,,,,,,,,,,,,,,,,,,,,,,,,,,,,,,,,,,,,,,,,,,,,,,,,
131,4,,,,,,,100,83,65,18,232.1,2730,10801,36,0,22.9,16.2;5.5;20.0;12.6;8.2;7.6;91.8;88.9;37.8;63.0;86.5;87.2;3.1;3.4;1.0;1.9;2.4;3.1;1.4;1.7;0.7;1.7;1.7;2.7,31.21,0.07,0.11,4.11,15.042,0.78,16503.0,19287.0,4,16,,,,,,,,,,,,,,,,,,,,,,,,,,,,,,,,,,,,,,,,,,,,,,,,,,,,,,,,,,,,,
131,5,,,,,,,96,89,69,18,232.0,2730,10801,36,0,22.0,15.3;2.4;16.6;10.5;6.6;2.0;91.0;86.3;47.7;55.7;95.8;92.4;1.2;1.7;0.2;0.2;0.7;0.7;0.0;0.0;0.5;0.0;0.5;0.0,31.19,0.07,0.09,3.47,15.042,0.78,62744.0,93115.0,4,16,,,,,,,,,,,,,,,,,,,,,,,,,,,,,,,,,,,,,,,,,,,,,,,,,,,,,,,,,,,,,
131,6,,,,,,,100,75,66,18,233.5,2730,10801,36,0,14.7,14.4;4.2;12.5;7.1;6.7;5.4;59.4;58.6;20.9;23.9;71.5;51.5;1.7;3.0;1.7;1.0;1.2;1.0;0.2;0.7;1.7;2.0;2.0;1.2,31.17,0.07,0.0,1.95,15.042,0.78,28271.0,12890.0,4,16,,,,,,,,,,,,,,,,,,,,,,,,,,,,,,,,,,,,,,,,,,,,,,,,,,,,,,,,,,,,,
131,7,,,,,,,97,88,69,19,232.0,2730,10801,36,0,6.7,12.1;0.6;2.5;1.4;1.4;0.6;23.9;30.6;6.4;3.3;11.7;61.5;0.6;0.3;0.3;0.0;0.0;0.3;0.0;0.3;1.4;0.0;1.1;1.4,31.17,0.07,0.0,1.48,15.042,0.78,1171.0,488.0,4,16,,,,,,,,,,,,,,,,,,,,,,,,,,,,,,,,,,,,,,,,,,,,,,,,,,,,,,,,,,,,,
131,summary,0.287684962749299,0.998335097034435,0.28268517422676087,1.0,0.00027431,39.7,,,,,,,,,,,,,,,,,,,,,,0,84.14,100,0,70.29,90,57,65.86,69,17,19.0,25,56.3,206.87,233.5,2567.1,9972.4,36.0,0,6.7,26.53,66.4,31.17,31.23,31.35,63.16,0.07,0.07,0.07,16.0,0.0,0.03,0.11,1.48,3.58,4.72,10.954,14.262,15.042,15.04,15.051,15.992,0.78,0.78,0.789,1171.0,20102.71,62744.0,488.0,30775.29,93115.0,4,4.0,4,16,16.0,16,4,16,31.64,7.26
132,1,,,,,,,0,0,57,25,57.0,1350,10801,36,0,65.2,76.9;79.3;90.3;87.6;86.2;88.3;94.5;93.1;86.3;84.8;92.4;92.4;55.9;55.9;32.4;28.3;59.3;56.6;20.7;20.7;48.3;51.0;41.1;41.4,31.32,0.07,0.0,4.73,15.051,0.789,28173.0,7031.0,4,16,,,,,,,,,,,,,,,,,,,,,,,,,,,,,,,,,,,,,,,,,,,,,,,,,,,,,,,,,,,,,
132,2,,,,,,,96,89,65,19,230.2,2730,10801,36,0,31.1,25.9;13.7;34.6;30.8;19.9;19.0;87.4;92.7;68.2;60.2;93.4;90.0;15.1;12.6;3.8;3.8;13.4;13.2;2.6;3.3;11.3;12.5;7.3;11.5,31.26,0.07,0.0,5.53,15.042,0.78,15771.0,10937.0,4,16,,,,,,,,,,,,,,,,,,,,,,,,,,,,,,,,,,,,,,,,,,,,,,,,,,,,,,,,,,,,,
132,3,,,,,,,100,73,67,19,234.0,2730,10801,36,0,21.7,15.6;1.0;15.7;13.0;5.4;4.9;80.3;87.5;56.0;51.7;89.2;93.9;1.2;1.5;0.2;0.5;0.2;0.7;0.0;0.5;1.2;0.5;0.2;0.5,31.23,0.07,0.0,3.7,15.042,0.78,8398.0,35986.0,4,16,,,,,,,,,,,,,,,,,,,,,,,,,,,,,,,,,,,,,,,,,,,,,,,,,,,,,,,,,,,,,
132,4,,,,,,,100,98,65,19,232.5,2730,10801,36,0,22.1,12.2;2.0;12.9;12.9;3.9;4.4;90.5;94.4;61.6;38.1;96.4;94.4;1.0;1.2;0.2;1.0;0.7;0.2;0.2;0.0;1.9;0.2;0.5;0.0,31.21,0.07,0.0,3.53,15.042,0.78,4492.0,28955.0,4,16,,,,,,,,,,,,,,,,,,,,,,,,,,,,,,,,,,,,,,,,,,,,,,,,,,,,,,,,,,,,,
132,5,,,,,,,99,77,68,17,231.5,2730,10801,36,0,23.3,15.2;3.9;15.4;17.2;6.9;8.3;93.1;90.9;54.9;48.1;96.0;95.1;2.2;1.7;0.7;0.5;1.5;0.2;1.2;0.2;2.5;1.5;1.0;1.5,31.19,0.07,0.0,2.75,15.042,0.78,18212.0,26318.0,4,16,,,,,,,,,,,,,,,,,,,,,,,,,,,,,,,,,,,,,,,,,,,,,,,,,,,,,,,,,,,,,
132,6,,,,,,,100,98,66,17,232.4,2730,10801,36,0,13.6,13.7;1.4;11.3;6.0;3.1;3.1;70.0;41.0;20.2;32.4;67.7;51.4;0.5;0.7;0.2;0.0;0.5;0.7;0.2;0.2;0.7;0.5;0.5;0.2,31.16,0.07,0.0,2.29,15.042,0.78,5712.0,43896.0,4,16,,,,,,,,,,,,,,,,,,,,,,,,,,,,,,,,,,,,,,,,,,,,,,,,,,,,,,,,,,,,,
132,7,,,,,,,100,72,67,18,234.4,2730,10801,36,0,6.1,12.2;0.0;1.1;1.1;1.4;0.3;19.6;29.8;3.4;1.4;24.3;50.4;0.3;0.0;0.0;0.0;0.3;0.0;0.0;0.0;0.6;0.0;0.0;0.0,31.15,0.07,0.0,1.46,15.042,0.78,2587.0,11132.0,4,16,,,,,,,,,,,,,,,,,,,,,,,,,,,,,,,,,,,,,,,,,,,,,,,,,,,,,,,,,,,,,
132,summary,0.28724487902408674,0.9984022488925732,0.28262917441791957,1.0,0.00026721,39.8,,,,,,,,,,,,,,,,,,,,,,0,85.0,100,0,72.43,98,57,65.0,68,17,19.14,25,57.0,207.43,234.4,2532.9,10801.0,36.0,0,6.1,26.16,65.2,31.15,31.22,31.32,63.16,0.07,0.07,0.07,16.0,0.0,0.0,0.0,1.46,3.43,5.53,10.955,14.262,15.042,15.04,15.051,15.992,0.78,0.78,0.789,2587.0,11906.43,28173.0,7031.0,23465.0,43896.0,4,4.0,4,16,16.0,16,4,16,31.66,7.38
133,1,,,,,,,0,0,57,25,54.9,1320,10801,36,0,64.1,74.2;77.9;84.0;84.7;83.3;81.2;92.4;91.7;86.8;90.3;97.9;90.3;59.3;57.9;22.8;29.7;54.5;58.6;17.4;19.3;57.2;56.2;42.1;30.6,31.32,0.07,0.0,3.83,15.051,0.789,3857.0,28466.0,4,16,,,,,,,,,,,,,,,,,,,,,,,,,,,,,,,,,,,,,,,,,,,,,,,,,,,,,,,,,,,,,
133,2,,,,,,,100,98,66,18,231.2,2730,10801,36,0,30.8,24.1;13.6;37.0;33.3;19.4;18.2;94.7;91.3;50.9;63.6;92.9;96.1;12.2;10.9;4.6;5.4;11.4;11.2;3.2;3.4;10.0;11.9;9.7;9.2,31.25,0.07,0.0,5.69,15.042,0.78,15966.0,11914.0,4,16,,,,,,,,,,,,,,,,,,,,,,,,,,,,,,,,,,,,,,,,,,,,,,,,,,,,,,,,,,,,,
133,3,,,,,,,98,75,66,14,233.8,2730,10801,36,0,22.2,14.1;2.0;11.8;12.7;5.4;2.9;91.7;92.2;41.4;63.9;92.5;93.4;1.5;1.0;1.0;0.2;0.7;0.2;0.2;0.2;1.2;0.7;1.2;1.0,31.22,0.07,0.0,4.44,15.042,0.78,13818.0,183691.0,4,16,,,,,,,,,,,,,,,,,,,,,,,,,,,,,,,,,,,,,,,,,,,,,,,,,,,,,,,,,,,,,
133,4,,,,,,,100,76,67,18,234.2,2730,10801,36,0,21.0,12.0;1.0;13.3;19.6;7.2;4.1;83.4;88.4;52.8;44.2;81.7;92.0;1.4;0.2;0.2;0.0;0.2;0.2;0.0;0.2;0.2;1.2;0.2;0.5,31.21,0.07,0.0,2.68,15.042,0.78,28955.0,13720.0,4,16,,,,,,,,,,,,,,,,,,,,,,,,,,,,,,,,,,,,,,,,,,,,,,,,,,,,,,,,,,,,,
133,5,,,,,,,100,94,67,17,231.6,2730,10801,36,0,22.6,12.8;2.7;15.4;11.2;5.4;5.9;92.7;92.4;43.5;53.7;93.4;95.6;2.4;1.5;1.0;0.7;2.2;1.2;0.5;1.0;1.2;1.5;0.7;3.9,31.17,0.07,0.0,2.73,15.042,0.78,5273.0,29248.0,4,16,,,,,,,,,,,,,,,,,,,,,,,,,,,,,,,,,,,,,,,,,,,,,,,,,,,,,,,,,,,,,
133,6,,,,,,,96,76,67,15,233.1,2730,10801,36,0,13.8,14.7;1.2;5.6;10.2;2.7;1.5;60.0;52.2;22.3;28.5;63.7;57.7;0.5;1.0;0.2;0.0;0.2;0.0;0.0;0.0;2.2;2.5;0.5;3.4,31.16,0.07,0.0,2.25,15.042,0.78,27539.0,14941.0,4,16,,,,,,,,,,,,,,,,,,,,,,,,,,,,,,,,,,,,,,,,,,,,,,,,,,,,,,,,,,,,,
133,7,,,,,,,100,96,67,19,232.3,2730,10801,36,0,6.9,11.6;0.8;0.8;0.6;1.1;0.6;26.9;28.0;2.5;3.0;32.9;49.3;0.8;1.1;0.0;0.0;0.3;0.8;0.0;0.0;2.2;0.3;0.0;0.6,31.16,0.07,0.0,1.5,15.042,0.78,1464.0,1513.0,4,16,,,,,,,,,,,,,,,,,,,,,,,,,,,,,,,,,,,,,,,,,,,,,,,,,,,,,,,,,,,,,
133,summary,0.287105934170932,0.9985087656330683,0.2826637127664354,1.0,0.00026017,39.7,,,,,,,,,,,,,,,,,,,,,,0,84.86,100,0,73.57,98,57,65.29,67,14,18.0,25,54.9,207.3,234.2,2528.6,10801.0,36.0,0,6.9,25.91,64.1,31.16,31.21,31.32,63.16,0.07,0.07,0.07,16.0,0.0,0.0,0.0,1.5,3.3,5.69,10.955,14.262,15.042,15.04,15.051,15.992,0.78,0.78,0.789,1464.0,13838.86,28955.0,1513.0,40499.0,183691.0,4,4.0,4,16,16.0,16,4,16,31.71,7.2
134,1,,,,,,,22,24,57,25,54.8,1350,5001,36,0,64.8,75.5;78.5;86.8;82.6;85.4;86.8;93.1;90.3;84.7;86.1;96.5;89.6;56.9;63.2;23.0;23.8;55.6;63.9;19.6;25.0;51.7;55.9;41.7;39.6,31.31,0.07,0.0,5.14,15.051,0.789,25488.0,17675.0,4,16,,,,,,,,,,,,,,,,,,,,,,,,,,,,,,,,,,,,,,,,,,,,,,,,,,,,,,,,,,,,,
134,2,,,,,,,100,91,67,18,231.5,2745,10801,36,0,31.5,27.5;15.0;31.3;35.4;23.4;19.1;86.4;92.8;67.5;56.0;96.4;93.8;14.3;13.4;3.3;3.8;11.7;12.2;1.9;2.4;13.9;11.9;9.5;12.6,31.25,0.07,0.0,4.49,15.042,0.78,39941.0,11718.0,4,16,,,,,,,,,,,,,,,,,,,,,,,,,,,,,,,,,,,,,,,,,,,,,,,,,,,,,,,,,,,,,
134,3,,,,,,,96,74,67,18,233.8,2745,10801,36,0,21.9,13.5;2.4;12.9;15.8;3.1;4.8;88.2;88.5;52.2;54.8;91.2;84.7;1.9;1.2;0.5;0.5;1.4;1.4;1.0;1.0;1.2;1.2;0.5;1.9,31.22,0.07,0.0,4.44,15.042,0.78,74218.0,95312.0,4,16,,,,,,,,,,,,,,,,,,,,,,,,,,,,,,,,,,,,,,,,,,,,,,,,,,,,,,,,,,,,,
134,4,,,,,,,97,74,66,15,233.5,2745,10801,36,0,21.6,10.8;2.2;14.9;16.6;5.1;4.9;82.8;87.5;41.8;53.7;93.1;97.1;1.0;1.2;0.2;1.2;0.0;0.7;0.2;0.0;1.0;1.5;0.0;0.5,31.19,0.07,0.0,3.43,15.042,0.78,29199.0,11132.0,4,16,,,,,,,,,,,,,,,,,,,,,,,,,,,,,,,,,,,,,,,,,,,,,,,,,,,,,,,,,,,,,
134,5,,,,,,,100,90,67,18,232.2,2730,10801,36,0,21.9,12.0;3.4;15.7;14.2;4.2;4.9;93.9;94.4;56.2;46.1;90.5;80.6;1.7;1.7;0.5;0.5;0.5;1.5;0.0;0.7;0.7;0.2;1.2;1.2,31.18,0.07,0.0,2.75,15.042,0.78,29150.0,44677.0,4,16,,,,,,,,,,,,,,,,,,,,,,,,,,,,,,,,,,,,,,,,,,,,,,,,,,,,,,,,,,,,,
134,6,,,,,,,100,98,66,16,232.0,2730,10801,36,0,13.3,10.7;2.2;6.6;8.7;3.4;4.9;76.0;47.8;24.2;23.5;45.5;55.7;1.0;0.5;0.2;0.0;0.7;1.5;0.2;0.0;0.5;1.5;0.7;1.7,31.17,0.07,0.0,1.92,15.042,0.78,8349.0,14208.0,4,16,,,,,,,,,,,,,,,,,,,,,,,,,,,,,,,,,,,,,,,,,,,,,,,,,,,,,,,,,,,,,
134,7,,,,,,,100,72,67,20,235.7,2730,10801,36,0,7.5,16.2;2.8;3.3;3.0;1.7;0.8;19.9;41.9;5.6;6.4;32.4;37.3;0.0;0.8;0.6;0.3;0.6;1.1;0.3;0.6;0.0;0.8;1.7;1.7,31.16,0.07,0.0,1.52,15.042,0.78,3027.0,1416.0,4,16,,,,,,,,,,,,,,,,,,,,,,,,,,,,,,,,,,,,,,,,,,,,,,,,,,,,,,,,,,,,,
134,summary,0.2875137765848087,0.9983953021486279,0.2826607879532708,1.0,0.00025319,39.9,,,,,,,,,,,,,,,,,,,,,,22,87.86,100,24,74.71,98,57,65.29,67,15,18.57,25,54.8,207.64,235.7,2539.3,9972.4,36.0,0,7.5,26.07,64.8,31.16,31.21,31.31,63.16,0.07,0.07,0.07,16.0,0.0,0.0,0.0,1.52,3.38,5.14,10.955,14.262,15.042,15.04,15.051,15.992,0.78,0.78,0.789,3027.0,29910.29,74218.0,1416.0,28019.71,95312.0,4,4.0,4,16,16.0,16,4,16,31.57,7.53
135,1,,,,,,,0,0,57,26,54.6,1320,10801,36,0,64.3,84.5;84.5;91.8;89.7;88.4;89.0;93.2;95.2;89.7;89.8;97.3;91.1;67.1;59.9;21.9;18.5;52.1;55.5;14.4;13.7;45.9;51.0;26.7;30.8,31.32,0.07,0.0,4.63,15.051,0.789,4199.0,26660.0,4,16,,,,,,,,,,,,,,,,,,,,,,,,,,,,,,,,,,,,,,,,,,,,,,,,,,,,,,,,,,,,,
135,2,,,,,,,100,67,70,17,233.0,2730,10801,36,0,30.0,19.4;13.3;36.1;26.9;18.6;18.8;92.3;88.9;55.7;68.4;90.6;93.5;10.4;10.6;3.6;4.1;9.9;10.6;3.4;2.9;12.9;11.6;8.0;9.2,31.26,0.07,0.0,5.58,15.042,0.78,22802.0,19042.0,4,16,,,,,,,,,,,,,,,,,,,,,,,,,,,,,,,,,,,,,,,,,,,,,,,,,,,,,,,,,,,,,
135,3,,,,,,,96,88,67,17,230.7,2730,10801,36,0,22.1,13.4;2.4;14.9;14.8;3.9;4.9;89.0;88.5;56.1;42.4;91.9;96.8;2.7;1.7;0.5;0.0;1.2;1.7;0.5;0.2;1.7;0.5;0.5;1.2,31.22,0.07,0.0,3.69,15.042,0.78,16455.0,11376.0,4,16,,,,,,,,,,,,,,,,,,,,,,,,,,,,,,,,,,,,,,,,,,,,,,,,,,,,,,,,,,,,,
135,4,,,,,,,96,91,69,19,230.8,2730,10801,36,0,22.4,12.2;3.6;16.4;12.8;5.1;4.6;91.1;92.0;42.4;60.7;91.3;95.2;0.5;2.7;0.5;0.2;1.0;1.0;1.0;0.2;1.0;0.7;1.4;1.0,31.2,0.07,0.0,3.48,15.042,0.78,25683.0,16113.0,4,16,,,,,,,,,,,,,,,,,,,,,,,,,,,,,,,,,,,,,,,,,,,,,,,,,,,,,,,,,,,,,
135,5,,,,,,,100,67,66,17,232.8,2730,10801,36,0,23.2,14.8;3.2;17.2;16.6;6.8;9.3;90.7;94.1;35.6;65.9;89.0;92.9;3.2;2.7;1.5;1.2;2.0;2.2;0.5;0.2;2.5;1.7;2.7;1.7,31.18,0.07,0.0,2.74,15.042,0.78,5175.0,22998.0,4,16,,,,,,,,,,,,,,,,,,,,,,,,,,,,,,,,,,,,,,,,,,,,,,,,,,,,,,,,,,,,,
135,6,,,,,,,97,90,67,18,230.6,2730,10801,36,0,14.4,12.2;3.2;11.3;8.8;3.9;3.7;58.6;60.3;21.4;31.0;65.8;53.9;1.5;2.2;0.7;0.7;1.0;1.7;0.0;0.0;0.2;0.7;1.0;1.0,31.17,0.07,0.02,2.38,15.042,0.78,6494.0,40087.0,4,16,,,,,,,,,,,,,,,,,,,,,,,,,,,,,,,,,,,,,,,,,,,,,,,,,,,,,,,,,,,,,
135,7,,,,,,,99,68,66,19,233.3,2730,10801,36,0,6.4,9.8;0.0;0.6;1.4;0.0;0.6;15.5;48.8;3.3;3.0;31.6;37.1;0.6;0.3;0.0;0.0;0.0;0.3;0.0;0.0;0.0;0.0;0.0;0.6,31.18,0.07,0.0,1.44,15.042,0.78,39355.0,188574.0,4,16,,,,,,,,,,,,,,,,,,,,,,,,,,,,,,,,,,,,,,,,,,,,,,,,,,,,,,,,,,,,,
135,summary,0.28729620289204044,0.9984207735430941,0.28261514586872527,1.0,0.00024627,39.8,,,,,,,,,,,,,,,,,,,,,,0,84.0,100,0,67.29,91,57,66.0,70,17,19.0,26,54.6,206.54,233.3,2528.6,10801.0,36.0,0,6.4,26.11,64.3,31.17,31.22,31.32,63.16,0.07,0.07,0.07,16.0,0.0,0.0,0.02,1.44,3.42,5.58,10.956,14.262,15.042,15.04,15.051,15.992,0.78,0.78,0.789,4199.0,17166.14,39355.0,11376.0,46407.14,188574.0,4,4.0,4,16,16.0,16,4,16,31.69,7.27
136,1,,,,,,,0,0,57,24,54.7,1320,10801,36,0,63.7,80.8;83.7;89.7;88.4;81.5;84.9;89.7;95.2;84.9;85.6;89.7;95.9;58.2;64.4;25.5;26.0;57.5;59.6;16.6;16.4;44.6;47.6;29.9;32.2,31.36,0.07,0.0,4.6,15.051,0.789,15429.0,13671.0,4,16,,,,,,,,,,,,,,,,,,,,,,,,,,,,,,,,,,,,,,,,,,,,,,,,,,,,,,,,,,,,,
136,2,,,,,,,100,73,67,17,233.8,2730,10801,36,0,31.0,27.2;16.3;33.2;29.6;20.4;21.8;89.4;90.4;52.6;60.0;94.5;96.9;14.6;15.1;4.3;5.5;12.2;13.5;2.2;1.9;11.2;10.3;8.9;11.1,31.27,0.07,0.0,6.65,15.042,0.78,7177.0,22753.0,4,16,,,,,,,,,,,,,,,,,,,,,,,,,,,,,,,,,,,,,,,,,,,,,,,,,,,,,,,,,,,,,
136,3,,,,,,,100,98,66,18,232.1,2730,10801,36,0,22.1,13.9;2.9;17.9;13.5;4.9;7.8;92.7;90.7;49.3;46.6;94.4;84.4;1.7;2.4;1.0;0.5;1.2;1.0;0.5;0.0;2.2;0.5;0.2;0.5,31.24,0.07,0.0,5.06,15.042,0.78,16308.0,15429.0,4,16,,,,,,,,,,,,,,,,,,,,,,,,,,,,,,,,,,,,,,,,,,,,,,,,,,,,,,,,,,,,,
136,4,,,,,,,98,76,68,19,234.3,2730,10801,36,0,21.9,13.7;1.2;13.9;12.9;5.9;5.9;92.0;95.9;40.3;56.6;90.7;88.3;1.7;1.2;0.0;0.0;0.5;0.5;0.2;0.2;1.0;0.5;1.0;1.5,31.21,0.07,0.0,4.01,15.042,0.78,14013.0,11279.0,4,16,,,,,,,,,,,,,,,,,,,,,,,,,,,,,,,,,,,,,,,,,,,,,,,,,,,,,,,,,,,,,
136,5,,,,,,,100,92,67,18,232.7,2730,10801,36,0,21.4,13.1;1.0;12.0;12.7;3.9;4.6;89.7;91.2;50.7;52.9;87.3;90.5;1.2;0.2;1.0;0.2;0.2;0.5;0.0;0.0;1.0;0.0;0.2;0.0,31.21,0.07,0.0,2.56,15.042,0.78,44042.0,46240.0,4,16,,,,,,,,,,,,,,,,,,,,,,,,,,,,,,,,,,,,,,,,,,,,,,,,,,,,,,,,,,,,,
136,6,,,,,,,100,99,67,18,223.0,2730,10801,36,0,13.6,12.7;1.2;7.7;9.4;1.9;2.2;70.6;44.4;24.3;21.8;54.0;67.5;1.2;1.0;0.2;1.0;0.7;0.0;0.0;0.7;1.0;1.5;0.5;0.5,31.19,0.07,0.0,2.42,15.042,0.78,11425.0,28466.0,4,16,,,,,,,,,,,,,,,,,,,,,,,,,,,,,,,,,,,,,,,,,,,,,,,,,,,,,,,,,,,,,
136,7,,,,,,,99,69,67,17,234.7,2730,10801,36,0,6.7,15.3;0.6;0.0;1.7;0.3;1.1;45.0;40.2;4.5;2.2;18.1;27.9;0.3;0.3;0.0;0.0;0.0;0.3;0.3;0.0;0.0;0.0;0.8;0.8,31.18,0.07,0.0,1.83,15.042,0.78,0.0,1757.0,4,16,,,,,,,,,,,,,,,,,,,,,,,,,,,,,,,,,,,,,,,,,,,,,,,,,,,,,,,,,,,,,
136,summary,0.28715223958649916,0.9984786630759719,0.2825809588432312,1.0,0.00023942,39.8,,,,,,,,,,,,,,,,,,,,,,0,85.29,100,0,72.43,99,57,65.57,68,17,18.71,24,54.7,206.47,234.7,2528.6,10801.0,36.0,0,6.7,25.77,63.7,31.18,31.24,31.36,63.16,0.07,0.07,0.07,16.0,0.0,0.0,0.0,1.83,3.88,6.65,10.957,14.262,15.042,15.04,15.051,15.992,0.78,0.78,0.789,0.0,15484.86,44042.0,1757.0,19942.14,46240.0,4,4.0,4,16,16.0,16,4,16,31.37,7.6
137,1,,,,,,,0,0,57,27,53.8,1320,5001,36,0,64.2,80.5;73.2;88.7;91.3;79.2;79.9;90.6;90.6;87.9;84.6;93.3;96.7;62.0;58.4;28.8;29.3;61.7;59.7;16.1;12.8;49.0;54.4;37.6;35.6,31.36,0.07,0.01,5.54,15.051,0.789,4980.0,48535.0,4,16,,,,,,,,,,,,,,,,,,,,,,,,,,,,,,,,,,,,,,,,,,,,,,,,,,,,,,,,,,,,,
137,2,,,,,,,100,68,68,18,234.2,2730,10801,36,0,31.9,27.4;17.4;36.5;32.7;21.5;20.2;91.5;95.4;55.9;65.5;96.4;97.6;13.8;15.7;2.4;2.4;13.3;13.6;1.7;2.2;13.7;14.3;6.1;9.0,31.28,0.07,0.0,5.49,15.042,0.78,7617.0,12304.0,4,16,,,,,,,,,,,,,,,,,,,,,,,,,,,,,,,,,,,,,,,,,,,,,,,,,,,,,,,,,,,,,
137,3,,,,,,,98,90,66,19,231.3,2730,10801,36,0,22.3,14.4;2.9;19.3;10.3;4.4;2.2;89.8;92.4;48.2;56.0;92.9;92.7;2.7;2.2;1.0;0.2;0.7;0.7;0.0;0.5;1.2;0.5;0.5;0.7,31.24,0.07,0.0,5.43,15.042,0.78,4589.0,25146.0,4,16,,,,,,,,,,,,,,,,,,,,,,,,,,,,,,,,,,,,,,,,,,,,,,,,,,,,,,,,,,,,,
137,4,,,,,,,96,90,68,15,221.3,2730,10801,36,0,21.4,14.6;1.2;14.3;4.8;4.8;5.3;89.8;94.4;46.0;47.7;90.6;93.0;1.0;0.7;0.0;0.0;1.2;1.2;0.0;0.0;1.4;0.7;0.2;0.5,31.21,0.07,0.0,4.22,15.042,0.78,28906.0,11865.0,4,16,,,,,,,,,,,,,,,,,,,,,,,,,,,,,,,,,,,,,,,,,,,,,,,,,,,,,,,,,,,,,
137,5,,,,,,,100,67,67,18,234.0,2730,10801,36,0,22.2,13.1;3.6;16.3;10.5;4.1;7.5;89.1;89.0;46.2;52.7;95.4;93.7;1.7;1.9;0.2;0.5;1.5;1.0;0.2;0.7;1.2;1.0;1.2;1.7,31.2,0.07,0.01,3.24,15.042,0.78,9228.0,11621.0,4,16,,,,,,,,,,,,,,,,,,,,,,,,,,,,,,,,,,,,,,,,,,,,,,,,,,,,,,,,,,,,,
137,6,,,,,,,96,88,66,17,231.6,2730,10801,36,0,14.1,12.4;2.7;6.1;11.1;2.0;3.4;52.2;63.3;26.0;26.4;62.7;58.4;1.2;1.7;0.5;0.5;0.7;1.7;0.2;0.0;0.2;0.7;0.5;1.7,31.18,0.07,0.0,1.94,15.042,0.78,5566.0,17529.0,4,16,,,,,,,,,,,,,,,,,,,,,,,,,,,,,,,,,,,,,,,,,,,,,,,,,,,,,,,,,,,,,
137,7,,,,,,,100,66,67,17,234.0,2730,10801,36,0,6.7,11.8;0.8;0.8;3.6;1.1;0.8;15.4;33.3;1.9;4.4;35.6;45.4;0.8;0.6;0.5;0.0;0.0;0.6;0.6;0.0;1.1;0.6;0.0;0.0,31.18,0.07,0.0,2.03,15.042,0.78,0.0,1513.0,4,16,,,,,,,,,,,,,,,,,,,,,,,,,,,,,,,,,,,,,,,,,,,,,,,,,,,,,,,,,,,,,
137,summary,0.2871080538440578,0.9985064500517532,0.2825543246799045,1.0,0.00023263,39.8,,,,,,,,,,,,,,,,,,,,,,0,84.29,100,0,67.0,90,57,65.57,68,15,18.71,27,53.8,205.74,234.2,2528.6,9972.4,36.0,0,6.7,26.11,64.2,31.18,31.24,31.36,63.16,0.07,0.07,0.07,16.0,0.0,0.0,0.01,1.94,3.98,5.54,10.954,14.262,15.042,15.04,15.051,15.992,0.78,0.78,0.789,0.0,8698.0,28906.0,1513.0,18359.0,48535.0,4,4.0,4,16,16.0,16,4,16,31.64,7.3
138,1,,,,,,,0,0,57,27,54.7,1320,10801,36,0,64.8,78.7;79.9;86.5;89.1;80.4;83.8;85.7;93.9;84.4;85.7;91.2;98.0;55.4;60.1;33.3;34.7;56.8;57.7;21.1;16.3;47.0;50.7;41.2;45.6,31.34,0.07,0.0,5.37,15.051,0.789,7568.0,46533.0,4,16,,,,,,,,,,,,,,,,,,,,,,,,,,,,,,,,,,,,,,,,,,,,,,,,,,,,,,,,,,,,,
138,2,,,,,,,96,53,69,17,220.2,2730,10801,36,0,31.5,26.7;17.3;36.8;31.2;18.9;20.5;92.0;91.6;64.7;63.6;91.6;94.0;10.7;13.5;4.5;4.5;11.2;11.7;3.3;4.0;12.1;12.2;7.1;11.4,31.26,0.07,0.0,6.63,15.042,0.78,7763.0,19824.0,4,16,,,,,,,,,,,,,,,,,,,,,,,,,,,,,,,,,,,,,,,,,,,,,,,,,,,,,,,,,,,,,
138,3,,,,,,,96,88,67,16,232.4,2730,10801,36,0,22.3,14.9;2.9;20.7;10.9;3.7;6.6;87.9;93.2;56.1;51.2;88.3;92.2;1.7;1.9;0.0;0.0;1.0;0.7;0.0;0.2;1.0;1.0;0.2;0.2,31.24,0.07,0.0,5.1,15.042,0.78,31347.0,12500.0,4,16,,,,,,,,,,,,,,,,,,,,,,,,,,,,,,,,,,,,,,,,,,,,,,,,,,,,,,,,,,,,,
138,4,,,,,,,96,90,68,17,230.1,2730,10801,36,0,21.9,13.0;3.2;13.0;14.2;4.4;4.9;93.4;89.7;41.8;59.7;86.7;90.2;2.0;2.2;0.5;0.5;0.7;1.2;0.5;0.5;1.5;0.5;0.2;0.5,31.22,0.07,0.0,3.32,15.042,0.78,5517.0,20703.0,4,16,,,,,,,,,,,,,,,,,,,,,,,,,,,,,,,,,,,,,,,,,,,,,,,,,,,,,,,,,,,,,
138,5,,,,,,,100,67,66,19,232.7,2730,10801,36,0,22.2,16.9;2.0;13.4;18.5;3.9;4.1;92.5;91.7;40.6;54.4;88.8;94.9;2.0;2.2;0.2;0.5;1.9;1.2;1.2;0.5;1.0;0.7;0.0;0.5,31.21,0.07,0.0,3.22,15.042,0.78,28857.0,11035.0,4,16,,,,,,,,,,,,,,,,,,,,,,,,,,,,,,,,,,,,,,,,,,,,,,,,,,,,,,,,,,,,,
138,6,,,,,,,96,85,64,16,229.8,2730,10801,36,0,13.4,12.5;2.7;6.6;6.8;3.4;6.6;49.2;43.6;24.8;28.7;51.0;81.6;0.5;1.5;0.0;0.0;0.5;0.2;0.0;0.0;1.0;0.7;0.7;0.0,31.16,0.07,0.0,2.4,15.042,0.78,16894.0,18994.0,4,16,,,,,,,,,,,,,,,,,,,,,,,,,,,,,,,,,,,,,,,,,,,,,,,,,,,,,,,,,,,,,
138,7,,,,,,,96,89,70,19,231.0,2730,10801,36,0,7.2,11.9;1.7;1.9;2.5;2.2;2.0;35.7;46.9;4.5;6.4;25.3;22.2;0.6;0.0;0.3;0.3;0.8;1.1;0.3;0.3;1.7;0.0;0.6;2.5,31.16,0.07,0.0,1.97,15.042,0.78,781.0,2050.0,4,16,,,,,,,,,,,,,,,,,,,,,,,,,,,,,,,,,,,,,,,,,,,,,,,,,,,,,,,,,,,,,
138,summary,0.2871467659849782,0.9984786630759719,0.2826665598286523,1.0,0.00022592,39.8,,,,,,,,,,,,,,,,,,,,,,0,82.86,100,0,67.43,90,57,65.86,70,16,18.71,27,54.7,204.41,232.7,2528.6,10801.0,36.0,0,7.2,26.19,64.8,31.16,31.23,31.34,63.16,0.07,0.07,0.07,16.0,0.0,0.0,0.0,1.97,4.0,6.63,10.955,14.262,15.042,15.04,15.051,15.992,0.78,0.78,0.789,781.0,14103.86,31347.0,2050.0,18805.57,46533.0,4,4.0,4,16,16.0,16,4,16,31.57,7.46
139,1,,,,,,,0,0,57,24,51.9,1575,10801,36,0,64.6,75.8;81.1;90.5;88.4;86.5;84.6;86.5;93.2;87.8;87.1;91.8;96.6;62.8;64.9;21.6;28.4;58.8;58.1;12.8;16.9;51.4;54.7;35.1;35.1,31.32,0.07,0.02,4.45,15.051,0.789,22167.0,12353.0,4,16,,,,,,,,,,,,,,,,,,,,,,,,,,,,,,,,,,,,,,,,,,,,,,,,,,,,,,,,,,,,,
139,2,,,,,,,100,67,66,18,229.8,2730,10801,36,0,31.2,26.8;15.5;32.9;25.7;19.9;19.9;95.8;94.3;59.2;63.0;94.4;98.5;11.5;11.0;5.2;5.9;10.3;11.5;2.9;4.9;11.3;11.8;8.6;8.1,31.24,0.07,0.06,6.67,15.042,0.78,5371.0,27343.0,4,16,,,,,,,,,,,,,,,,,,,,,,,,,,,,,,,,,,,,,,,,,,,,,,,,,,,,,,,,,,,,,
139,3,,,,,,,100,69,68,18,233.5,2730,10801,36,0,22.1,17.7;1.9;15.3;12.4;3.6;4.6;92.5;97.8;44.2;55.7;84.2;89.5;2.2;2.2;0.2;0.0;0.5;0.0;0.5;0.0;1.9;1.0;1.0;0.7,31.22,0.07,0.0,4.45,15.042,0.78,12548.0,162207.0,4,16,,,,,,,,,,,,,,,,,,,,,,,,,,,,,,,,,,,,,,,,,,,,,,,,,,,,,,,,,,,,,
139,4,,,,,,,100,98,67,21,231.9,2730,10801,36,0,22.1,15.0;2.6;16.5;16.5;4.2;4.9;92.9;92.9;35.8;58.9;86.9;91.7;2.6;2.4;0.2;0.2;0.5;0.7;0.7;0.2;1.2;0.9;0.5;1.2,31.2,0.07,0.01,3.43,15.042,0.78,1171.0,6542.0,4,16,,,,,,,,,,,,,,,,,,,,,,,,,,,,,,,,,,,,,,,,,,,,,,,,,,,,,,,,,,,,,
139,5,,,,,,,100,77,66,19,234.3,2730,10801,36,0,21.4,9.8;2.9;15.6;14.4;3.2;5.6;95.4;91.0;53.2;44.3;82.0;92.7;1.2;1.2;0.0;0.0;0.2;0.5;0.0;0.0;0.0;0.5;0.2;0.5,31.18,0.07,0.0,2.17,15.042,0.78,5224.0,49023.0,4,16,,,,,,,,,,,,,,,,,,,,,,,,,,,,,,,,,,,,,,,,,,,,,,,,,,,,,,,,,,,,,
139,6,,,,,,,100,90,68,18,232.9,2730,10801,36,0,13.9,11.2;1.5;7.1;10.6;1.5;3.4;45.4;81.0;20.5;26.9;53.6;59.4;1.2;1.5;1.5;1.0;1.5;1.2;0.2;1.0;1.2;0.2;0.5;1.2,31.18,0.07,0.03,2.89,15.042,0.78,7958.0,46875.0,4,16,,,,,,,,,,,,,,,,,,,,,,,,,,,,,,,,,,,,,,,,,,,,,,,,,,,,,,,,,,,,,
139,7,,,,,,,97,73,66,16,234.2,2730,10801,36,0,6.9,12.7;1.1;2.2;3.1;1.1;0.8;18.4;30.6;2.5;8.0;49.9;29.8;1.1;0.8;0.0;0.3;0.0;0.6;0.0;0.0;1.1;0.3;0.3;0.6,31.16,0.07,0.01,1.47,15.042,0.78,878.0,107617.0,4,16,,,,,,,,,,,,,,,,,,,,,,,,,,,,,,,,,,,,,,,,,,,,,,,,,,,,,,,,,,,,,
139,summary,0.2867823288241774,0.9985736019098914,0.2825793789492713,1.0,0.00021927,39.9,,,,,,,,,,,,,,,,,,,,,,0,85.29,100,0,67.71,98,57,65.43,68,16,19.14,24,51.9,206.93,234.3,2565.0,10801.0,36.0,0,6.9,26.03,64.6,31.16,31.21,31.32,63.16,0.07,0.07,0.07,16.0,0.0,0.02,0.06,1.47,3.65,6.67,10.953,14.262,15.042,15.04,15.051,15.992,0.78,0.78,0.789,878.0,7902.43,22167.0,6542.0,58851.43,162207.0,4,4.0,4,16,16.0,16,4,16,31.65,7.42
140,1,,,,,,,0,0,57,27,56.0,1470,10801,36,0,64.2,76.7;78.6;89.8;91.7;82.6;84.7;93.8;93.1;87.5;90.3;91.7;99.3;62.5;63.2;25.0;27.1;51.4;59.0;14.6;14.5;43.8;46.5;34.7;38.2,31.32,0.07,0.01,4.7,15.051,0.789,3759.0,19091.0,4,16,,,,,,,,,,,,,,,,,,,,,,,,,,,,,,,,,,,,,,,,,,,,,,,,,,,,,,,,,,,,,
140,2,,,,,,,100,78,68,17,232.5,2730,10801,36,0,31.1,24.0;14.6;33.3;35.9;19.6;19.5;93.7;92.0;60.2;60.8;93.2;92.5;13.4;12.9;3.7;6.1;10.2;13.1;2.2;4.4;10.2;12.4;8.5;8.5,31.25,0.07,0.0,4.75,15.042,0.78,7861.0,12255.0,4,16,,,,,,,,,,,,,,,,,,,,,,,,,,,,,,,,,,,,,,,,,,,,,,,,,,,,,,,,,,,,,
140,3,,,,,,,100,90,67,17,232.0,2730,10801,36,0,21.8,15.1;2.4;12.0;12.7;5.8;4.6;95.4;96.6;51.9;48.4;84.9;89.2;1.0;0.5;0.0;0.0;0.2;0.2;0.0;0.2;0.7;0.5;0.2;0.2,31.24,0.07,0.01,4.58,15.042,0.78,9521.0,10986.0,4,16,,,,,,,,,,,,,,,,,,,,,,,,,,,,,,,,,,,,,,,,,,,,,,,,,,,,,,,,,,,,,
140,4,,,,,,,96,89,67,16,231.4,2730,10801,36,0,23.2,20.6;4.9;20.0;14.1;6.1;6.6;95.8;91.7;42.4;54.7;89.0;92.9;2.9;1.7;1.7;1.0;1.5;1.0;0.7;0.7;2.2;2.0;2.0;2.4,31.19,0.07,0.0,3.57,15.042,0.78,4541.0,23974.0,4,16,,,,,,,,,,,,,,,,,,,,,,,,,,,,,,,,,,,,,,,,,,,,,,,,,,,,,,,,,,,,,
140,5,,,,,,,100,82,69,17,232.2,2730,10801,36,0,22.1,12.2;1.7;11.5;16.4;2.5;4.9;89.5;90.2;45.1;60.9;94.1;96.1;0.2;1.2;0.5;0.5;0.5;0.2;0.0;0.0;0.5;0.5;0.2;0.5,31.2,0.07,0.01,2.79,15.042,0.78,30371.0,12060.0,4,16,,,,,,,,,,,,,,,,,,,,,,,,,,,,,,,,,,,,,,,,,,,,,,,,,,,,,,,,,,,,,
140,6,,,,,,,96,90,65,18,231.1,2730,10801,36,0,13.9,13.7;2.5;6.4;9.4;1.5;2.7;49.1;59.1;24.8;20.9;58.9;77.6;1.5;0.7;0.0;0.2;0.7;0.0;0.5;0.2;1.0;0.7;0.5;0.2,31.17,0.07,0.0,1.96,15.042,0.78,16259.0,14599.0,4,16,,,,,,,,,,,,,,,,,,,,,,,,,,,,,,,,,,,,,,,,,,,,,,,,,,,,,,,,,,,,,
140,7,,,,,,,100,77,66,18,234.4,2730,10801,36,0,6.2,14.7;0.0;1.4;1.4;0.3;0.3;37.7;40.1;3.8;3.3;24.5;19.9;0.0;0.0;0.0;0.0;0.0;0.0;0.0;0.0;0.0;0.0;0.0;0.0,31.17,0.07,0.0,1.47,15.042,0.78,1660.0,13183.0,4,16,,,,,,,,,,,,,,,,,,,,,,,,,,,,,,,,,,,,,,,,,,,,,,,,,,,,,,,,,,,,,
140,summary,0.287008498317117,0.9985573928406857,0.2825807940165202,1.0,0.00021270,39.8,,,,,,,,,,,,,,,,,,,,,,0,84.57,100,0,72.29,90,57,65.57,69,16,18.57,27,56.0,207.09,234.4,2550.0,10801.0,36.0,0,6.2,26.07,64.2,31.17,31.22,31.32,63.16,0.07,0.07,0.07,16.0,0.0,0.0,0.01,1.47,3.4,4.75,10.954,14.262,15.042,15.04,15.051,15.992,0.78,0.78,0.789,1660.0,10567.43,30371.0,10986.0,15164.0,23974.0,4,4.0,4,16,16.0,16,4,16,31.31,7.67
141,1,,,,,,,0,0,57,26,55.5,1365,5001,36,0,63.5,85.2;79.5;91.0;90.3;81.4;83.0;89.7;97.9;91.7;89.7;93.2;92.4;56.2;60.4;24.2;29.1;47.3;56.4;15.5;22.1;45.2;45.9;30.2;32.2,31.33,0.07,0.0,4.69,15.051,0.789,22265.0,10449.0,4,16,,,,,,,,,,,,,,,,,,,,,,,,,,,,,,,,,,,,,,,,,,,,,,,,,,,,,,,,,,,,,
141,2,,,,,,,98,75,66,14,233.4,2730,10801,36,0,30.6,25.2;14.7;32.1;34.1;18.2;19.2;93.8;91.6;64.2;54.4;96.9;93.8;12.0;12.5;3.6;3.1;10.1;12.0;1.7;2.2;11.5;11.1;6.7;10.3,31.31,0.07,0.0,5.78,15.057,0.795,15966.0,10888.0,4,16,,,,,,,,,,,,,,,,,,,,,,,,,,,,,,,,,,,,,,,,,,,,,,,,,,,,,,,,,,,,,
141,3,,,,,,,100,92,67,16,232.0,2730,10801,36,0,22.2,14.2;3.2;14.5;16.3;3.9;5.9;89.5;88.7;59.1;47.5;89.7;91.2;2.0;2.2;0.2;0.2;1.0;0.7;0.0;0.0;1.2;1.2;0.2;0.7,31.24,0.07,0.0,5.18,15.057,0.795,17822.0,11767.0,4,16,,,,,,,,,,,,,,,,,,,,,,,,,,,,,,,,,,,,,,,,,,,,,,,,,,,,,,,,,,,,,
141,4,,,,,,,96,76,67,18,232.9,2730,10801,36,0,21.4,11.6;0.7;15.6;15.9;4.6;4.2;85.6;92.0;54.0;44.4;89.2;91.2;1.5;1.5;0.0;0.2;0.2;1.0;0.0;0.0;0.7;0.2;0.0;0.0,31.22,0.07,0.0,2.74,15.057,0.795,17089.0,11914.0,4,16,,,,,,,,,,,,,,,,,,,,,,,,,,,,,,,,,,,,,,,,,,,,,,,,,,,,,,,,,,,,,
141,5,,,,,,,100,75,67,17,234.4,2730,10801,36,0,22.9,19.6;2.4;15.9;13.7;4.1;7.7;92.4;88.4;55.2;44.8;96.2;98.3;1.2;1.2;0.5;1.0;0.7;0.5;0.0;0.5;1.2;0.7;0.2;0.5,31.2,0.07,0.0,2.72,15.057,0.795,19531.0,22851.0,4,16,,,,,,,,,,,,,,,,,,,,,,,,,,,,,,,,,,,,,,,,,,,,,,,,,,,,,,,,,,,,,
141,6,,,,,,,100,98,67,14,232.1,2730,10801,36,0,13.9,13.7;2.5;8.3;6.9;4.2;4.7;45.0;66.6;23.9;27.9;46.6;72.8;0.7;1.0;0.5;0.5;1.5;1.7;0.5;0.5;1.0;0.5;0.7;1.2,31.19,0.07,0.0,2.29,15.057,0.795,34179.0,38281.0,4,16,,,,,,,,,,,,,,,,,,,,,,,,,,,,,,,,,,,,,,,,,,,,,,,,,,,,,,,,,,,,,
141,7,,,,,,,100,72,67,18,234.7,2730,10801,36,0,6.5,11.5;0.0;2.5;0.8;0.8;0.8;22.0;13.8;2.5;3.6;58.1;34.5;1.1;0.5;0.3;0.0;0.0;0.6;0.3;0.3;0.8;0.3;0.0;0.3,31.18,0.07,0.0,1.47,15.057,0.795,26806.0,203027.0,4,16,,,,,,,,,,,,,,,,,,,,,,,,,,,,,,,,,,,,,,,,,,,,,,,,,,,,,,,,,,,,,
141,summary,0.28686830240703903,0.998562024003316,0.28255941430727644,1.0,0.00020620,39.8,,,,,,,,,,,,,,,,,,,,,,0,84.86,100,0,69.71,98,57,65.43,67,14,17.57,26,55.5,207.86,234.7,2535.0,9972.4,36.0,0,6.5,25.86,63.5,31.18,31.24,31.33,63.16,0.07,0.07,0.07,16.0,0.0,0.0,0.0,1.47,3.55,5.78,10.956,14.262,15.051,15.06,15.057,15.992,0.789,0.79,0.795,15966.0,21951.14,34179.0,10449.0,44168.14,203027.0,4,4.0,4,16,16.0,16,4,16,31.84,7.12
142,1,,,,,,,0,0,57,27,56.1,1335,10801,36,0,64.3,85.2;80.1;91.2;91.7;80.7;84.1;91.7;94.5;85.6;90.3;90.3;99.3;54.4;52.1;24.0;27.4;52.1;56.8;23.3;21.8;47.9;48.6;31.3;39.7,31.35,0.07,0.0,3.64,15.065,0.803,7666.0,9082.0,4,16,,,,,,,,,,,,,,,,,,,,,,,,,,,,,,,,,,,,,,,,,,,,,,,,,,,,,,,,,,,,,
142,2,,,,,,,98,75,67,18,233.8,2730,10801,36,0,30.8,27.1;14.0;29.2;28.5;17.3;18.4;97.3;94.2;56.4;62.3;93.5;89.6;12.6;13.8;3.9;4.4;12.6;13.1;3.4;2.4;13.5;12.8;7.5;11.1,31.26,0.07,0.0,5.63,15.057,0.795,5126.0,43603.0,4,16,,,,,,,,,,,,,,,,,,,,,,,,,,,,,,,,,,,,,,,,,,,,,,,,,,,,,,,,,,,,,
142,3,,,,,,,100,74,67,17,234.1,2730,10801,36,0,21.2,11.9;2.6;16.2;8.9;4.8;6.2;92.8;82.7;45.2;55.8;80.0;89.9;2.2;1.4;0.5;0.0;0.2;1.4;0.2;0.5;0.7;1.2;1.7;2.1,31.23,0.07,0.0,4.36,15.057,0.795,24755.0,36767.0,4,16,,,,,,,,,,,,,,,,,,,,,,,,,,,,,,,,,,,,,,,,,,,,,,,,,,,,,,,,,,,,,
142,4,,,,,,,100,98,66,15,231.4,2730,10801,36,0,24.0,16.1;4.6;16.0;21.6;6.4;9.1;95.1;94.1;41.7;66.2;95.8;90.2;2.7;2.0;1.5;0.2;2.0;2.7;1.0;0.7;2.9;0.7;1.5;2.2,31.22,0.07,0.0,3.37,15.057,0.795,7910.0,19189.0,4,16,,,,,,,,,,,,,,,,,,,,,,,,,,,,,,,,,,,,,,,,,,,,,,,,,,,,,,,,,,,,,
142,5,,,,,,,98,76,68,18,234.4,2730,10801,36,0,21.5,14.1;2.7;13.3;12.5;3.4;4.1;88.8;86.4;51.1;48.2;94.4;91.7;0.5;2.0;0.2;0.0;0.2;0.5;0.2;0.0;0.5;0.5;0.2;1.2,31.23,0.07,0.0,2.09,15.057,0.795,32519.0,35009.0,4,16,,,,,,,,,,,,,,,,,,,,,,,,,,,,,,,,,,,,,,,,,,,,,,,,,,,,,,,,,,,,,
142,6,,,,,,,100,93,68,18,232.9,2730,10801,36,0,13.7,9.2;1.5;6.6;9.8;2.9;2.9;51.5;71.0;12.8;34.6;52.0;72.5;0.0;0.2;0.0;0.0;0.0;0.0;0.5;0.0;1.0;0.0;0.0;0.0,31.2,0.07,0.0,2.31,15.057,0.795,5615.0,42089.0,4,16,,,,,,,,,,,,,,,,,,,,,,,,,,,,,,,,,,,,,,,,,,,,,,,,,,,,,,,,,,,,,
142,7,,,,,,,97,88,67,20,231.2,2730,10801,36,0,7.0,14.1;0.8;3.6;2.2;1.4;0.5;60.4;30.1;3.0;5.8;7.7;29.5;1.1;0.3;0.0;0.3;0.0;0.3;0.3;0.3;3.0;1.1;0.3;0.5,31.19,0.07,0.0,1.43,15.057,0.795,17480.0,18115.0,4,16,,,,,,,,,,,,,,,,,,,,,,,,,,,,,,,,,,,,,,,,,,,,,,,,,,,,,,,,,,,,,
142,summary,0.28698768080672504,0.9985759174912066,0.28266605734825134,1.0,0.00019977,39.9,,,,,,,,,,,,,,,,,,,,,,0,84.71,100,0,72.0,98,57,65.71,68,15,19.0,27,56.1,207.7,234.4,2530.7,10801.0,36.0,0,7.0,26.07,64.3,31.19,31.24,31.35,63.16,0.07,0.07,0.07,16.0,0.0,0.0,0.0,1.43,3.26,5.63,10.954,14.262,15.057,15.06,15.065,15.992,0.795,0.8,0.803,5126.0,14438.71,32519.0,9082.0,29122.0,43603.0,4,4.0,4,16,16.0,16,4,16,31.56,7.48
143,1,,,,,,,0,0,57,27,56.3,1320,10801,36,0,63.5,77.1;76.9;90.9;90.9;81.8;89.5;92.3;93.7;84.6;85.3;91.6;97.2;56.6;52.4;22.4;29.6;57.3;51.7;19.7;25.2;41.3;42.7;33.8;37.8,31.36,0.07,0.0,4.78,15.065,0.803,22412.0,12402.0,4,16,,,,,,,,,,,,,,,,,,,,,,,,,,,,,,,,,,,,,,,,,,,,,,,,,,,,,,,,,,,,,
143,2,,,,,,,100,67,66,18,231.5,2730,10801,36,0,31.2,22.9;15.8;33.0;28.9;18.9;22.1;95.4;94.4;62.4;64.8;92.5;93.7;13.3;13.6;2.9;3.2;12.9;12.9;1.7;2.9;11.7;12.4;7.3;9.0,31.27,0.07,0.0,5.62,15.057,0.795,4248.0,19580.0,4,16,,,,,,,,,,,,,,,,,,,,,,,,,,,,,,,,,,,,,,,,,,,,,,,,,,,,,,,,,,,,,
143,3,,,,,,,96,88,66,18,232.5,2730,10801,36,0,21.5,13.5;1.5;12.9;13.0;5.3;2.4;82.8;90.8;47.2;55.0;94.2;93.9;1.0;1.2;0.5;0.5;0.0;0.7;0.2;0.0;0.2;0.2;0.5;0.5,31.25,0.07,0.0,3.69,15.057,0.795,40527.0,124316.0,4,16,,,,,,,,,,,,,,,,,,,,,,,,,,,,,,,,,,,,,,,,,,,,,,,,,,,,,,,,,,,,,
143,4,,,,,,,96,85,69,17,231.9,2730,10801,36,0,22.5,10.8;1.5;15.7;16.2;6.4;4.9;93.9;91.9;60.2;41.7;95.1;95.3;2.0;1.5;0.5;0.0;0.2;0.5;0.5;0.2;0.7;0.7;0.2;0.0,31.23,0.07,0.0,3.51,15.057,0.795,17138.0,42822.0,4,16,,,,,,,,,,,,,,,,,,,,,,,,,,,,,,,,,,,,,,,,,,,,,,,,,,,,,,,,,,,,,
143,5,,,,,,,96,73,70,18,234.0,2730,10801,36,0,22.7,18.3;3.8;20.1;9.6;6.5;5.3;96.4;91.8;43.8;52.9;90.1;94.7;2.9;1.0;1.0;0.0;2.2;1.7;0.5;0.2;1.0;1.0;0.7;0.5,31.22,0.07,0.0,2.64,15.057,0.795,4638.0,27734.0,4,16,,,,,,,,,,,,,,,,,,,,,,,,,,,,,,,,,,,,,,,,,,,,,,,,,,,,,,,,,,,,,
143,6,,,,,,,100,90,65,17,232.3,2730,10801,36,0,13.4,9.0;1.2;8.7;9.1;2.0;2.2;53.5;68.6;23.7;23.5;49.6;65.9;0.7;0.2;0.0;0.0;0.5;0.0;0.5;0.2;0.7;0.5;0.2;0.7,31.19,0.07,0.0,1.95,15.057,0.795,7812.0,13964.0,4,16,,,,,,,,,,,,,,,,,,,,,,,,,,,,,,,,,,,,,,,,,,,,,,,,,,,,,,,,,,,,,
143,7,,,,,,,98,75,68,15,234.6,2730,10801,36,0,6.6,13.0;0.6;1.1;1.9;1.4;0.6;25.8;22.7;4.1;3.0;54.3;25.1;0.6;0.6;0.0;0.0;0.0;0.3;0.0;0.0;0.8;0.6;0.0;0.0,31.2,0.07,0.0,1.51,15.057,0.795,634.0,10498.0,4,16,,,,,,,,,,,,,,,,,,,,,,,,,,,,,,,,,,,,,,,,,,,,,,,,,,,,,,,,,,,,,
143,summary,0.28686298734143484,0.9986129667922483,0.28263193933169045,1.0,0.00019342,39.7,,,,,,,,,,,,,,,,,,,,,,0,83.71,100,0,68.29,90,57,65.86,70,15,18.57,27,56.3,207.59,234.6,2528.6,10801.0,36.0,0,6.6,25.91,63.5,31.19,31.25,31.36,63.16,0.07,0.07,0.07,16.0,0.0,0.0,0.0,1.51,3.39,5.62,10.951,14.262,15.057,15.06,15.065,15.992,0.795,0.8,0.803,634.0,13915.57,40527.0,10498.0,35902.29,124316.0,4,4.0,4,16,16.0,16,4,16,31.77,7.14
144,1,,,,,,,0,0,57,25,57.3,1350,5001,36,0,65.0,82.7;84.5;87.8;87.8;85.2;83.8;85.0;92.5;79.7;78.9;87.8;96.6;55.0;54.7;24.2;23.3;58.9;64.7;22.3;25.3;57.7;58.6;38.4;48.0,31.34,0.07,0.0,4.65,15.065,0.803,9228.0,41650.0,4,16,,,,,,,,,,,,,,,,,,,,,,,,,,,,,,,,,,,,,,,,,,,,,,,,,,,,,,,,,,,,,
144,2,,,,,,,96,81,69,18,232.5,2730,10801,36,0,30.6,20.6;13.5;37.7;27.9;16.9;17.1;94.0;96.4;49.9;67.6;94.5;96.4;12.3;11.6;5.3;6.0;11.1;10.4;2.7;4.3;11.0;9.2;8.2;8.7,31.28,0.07,0.0,5.6,15.057,0.795,30175.0,41748.0,4,16,,,,,,,,,,,,,,,,,,,,,,,,,,,,,,,,,,,,,,,,,,,,,,,,,,,,,,,,,,,,,
144,3,,,,,,,96,74,69,19,233.0,2730,10801,36,0,22.6,17.4;2.6;18.3;12.5;7.9;4.8;82.5;93.0;39.1;61.8;95.7;89.4;3.1;1.4;0.5;1.4;2.4;1.2;0.7;0.2;2.2;1.9;1.2;2.4,31.25,0.07,0.0,4.42,15.057,0.795,4443.0,19287.0,4,16,,,,,,,,,,,,,,,,,,,,,,,,,,,,,,,,,,,,,,,,,,,,,,,,,,,,,,,,,,,,,
144,4,,,,,,,100,88,65,17,232.5,2730,10801,36,0,21.8,13.2;1.5;16.2;10.5;5.9;3.2;92.6;97.1;37.4;55.5;91.6;90.2;1.2;1.0;0.2;0.7;0.7;0.5;0.5;1.0;1.2;0.7;0.2;1.0,31.23,0.07,0.0,2.73,15.057,0.795,5566.0,44775.0,4,16,,,,,,,,,,,,,,,,,,,,,,,,,,,,,,,,,,,,,,,,,,,,,,,,,,,,,,,,,,,,,
144,5,,,,,,,96,87,69,17,231.7,2730,10801,36,0,22.4,16.5;5.1;14.6;13.6;4.9;6.1;94.1;88.5;46.0;52.7;89.1;90.2;1.9;1.7;1.5;0.5;1.2;1.5;0.7;1.2;1.9;1.9;1.2;1.5,31.22,0.07,0.0,2.74,15.057,0.795,15625.0,20898.0,4,16,,,,,,,,,,,,,,,,,,,,,,,,,,,,,,,,,,,,,,,,,,,,,,,,,,,,,,,,,,,,,
144,6,,,,,,,100,77,67,14,233.2,2730,10801,36,0,13.6,14.1;1.5;10.8;5.9;4.2;4.2;51.4;61.1;22.7;21.7;64.5;55.4;1.2;1.7;0.2;0.0;0.7;0.7;0.2;0.0;1.5;1.5;0.2;0.7,31.21,0.07,0.0,2.28,15.057,0.795,5419.0,40625.0,4,16,,,,,,,,,,,,,,,,,,,,,,,,,,,,,,,,,,,,,,,,,,,,,,,,,,,,,,,,,,,,,
144,7,,,,,,,100,97,68,17,232.2,2730,10801,36,0,6.7,14.5;0.0;1.9;2.5;1.1;1.4;31.2;36.2;4.1;6.8;38.8;17.3;0.3;0.8;0.3;0.3;0.5;0.0;0.0;0.0;1.6;0.8;0.5;0.0,31.19,0.07,0.0,1.43,15.057,0.795,32470.0,108300.0,4,16,,,,,,,,,,,,,,,,,,,,,,,,,,,,,,,,,,,,,,,,,,,,,,,,,,,,,,,,,,,,,
144,summary,0.2871787635070546,0.9984902409825475,0.2826678588125441,0.9998888888888889,0.00018715,39.9,,,,,,,,,,,,,,,,,,,,,,0,84.0,100,0,72.0,97,57,66.29,69,14,18.14,25,57.3,207.49,233.2,2532.9,9972.4,36.0,0,6.7,26.1,65.0,31.19,31.25,31.34,63.16,0.07,0.07,0.07,16.0,0.0,0.0,0.0,1.43,3.41,5.6,10.956,14.262,15.057,15.06,15.065,15.992,0.795,0.8,0.803,4443.0,14703.71,32470.0,19287.0,45326.14,108300.0,4,4.0,4,16,16.0,16,4,16,31.46,7.63
145,1,,,,,,,0,0,57,27,56.5,1395,10801,36,0,64.4,81.2;81.9;89.6;85.4;77.9;86.1;89.6;91.0;78.6;79.9;90.3;99.3;50.3;59.3;24.8;27.6;61.4;62.8;27.6;27.2;41.4;47.6;42.8;43.2,31.34,0.07,0.01,7.48,15.065,0.803,4833.0,42578.0,4,16,,,,,,,,,,,,,,,,,,,,,,,,,,,,,,,,,,,,,,,,,,,,,,,,,,,,,,,,,,,,,
145,2,,,,,,,96,87,69,17,232.0,2730,10801,36,0,31.0,27.1;15.3;36.1;28.0;20.4;17.7;95.9;95.1;43.8;74.1;95.4;90.8;13.1;12.9;3.6;4.6;11.9;11.4;3.6;2.2;12.1;11.2;8.5;9.0,31.28,0.07,0.0,4.44,15.057,0.795,25048.0,58105.0,4,16,,,,,,,,,,,,,,,,,,,,,,,,,,,,,,,,,,,,,,,,,,,,,,,,,,,,,,,,,,,,,
145,3,,,,,,,100,75,66,18,231.9,2730,10801,36,0,22.1,13.3;1.9;14.5;11.7;5.6;6.3;87.6;86.6;54.0;52.9;92.0;96.4;1.5;1.9;0.0;0.2;1.0;0.5;0.0;0.2;1.5;0.2;0.2;0.5,31.25,0.07,0.01,4.43,15.057,0.795,4638.0,28027.0,4,16,,,,,,,,,,,,,,,,,,,,,,,,,,,,,,,,,,,,,,,,,,,,,,,,,,,,,,,,,,,,,
145,4,,,,,,,96,91,70,18,231.1,2730,10801,36,0,22.6,16.3;3.2;17.4;14.0;7.8;6.6;88.8;91.4;49.8;52.1;87.2;91.4;1.0;2.9;1.0;0.2;1.0;0.7;0.2;0.7;2.0;1.5;2.5;2.0,31.22,0.07,0.0,3.37,15.057,0.795,5468.0,15087.0,4,16,,,,,,,,,,,,,,,,,,,,,,,,,,,,,,,,,,,,,,,,,,,,,,,,,,,,,,,,,,,,,
145,5,,,,,,,96,83,70,15,232.4,2730,10801,36,0,22.2,13.7;3.4;17.1;10.1;3.6;5.0;92.3;95.4;46.4;52.4;93.8;87.8;1.2;2.6;0.5;0.2;1.4;0.7;0.2;0.2;1.0;1.4;0.7;1.0,31.23,0.07,0.0,2.11,15.057,0.795,6152.0,52929.0,4,16,,,,,,,,,,,,,,,,,,,,,,,,,,,,,,,,,,,,,,,,,,,,,,,,,,,,,,,,,,,,,
145,6,,,,,,,96,90,66,17,230.9,2730,10801,36,0,14.0,17.2;1.5;8.1;8.4;3.7;3.0;58.5;66.9;30.4;19.5;51.9;58.7;0.5;1.2;0.2;0.5;0.5;0.2;0.2;0.2;1.2;0.7;0.2;0.2,31.19,0.07,0.0,2.27,15.057,0.795,8789.0,41699.0,4,16,,,,,,,,,,,,,,,,,,,,,,,,,,,,,,,,,,,,,,,,,,,,,,,,,,,,,,,,,,,,,
145,7,,,,,,,100,73,69,17,233.0,2730,10801,36,0,6.7,16.0;1.1;1.7;1.7;1.4;1.1;39.8;18.9;4.2;4.4;22.0;46.2;0.6;0.3;0.3;0.3;0.0;0.0;0.3;0.3;0.6;0.0;0.3;0.0,31.18,0.07,0.0,1.48,15.057,0.795,878.0,1611.0,4,16,,,,,,,,,,,,,,,,,,,,,,,,,,,,,,,,,,,,,,,,,,,,,,,,,,,,,,,,,,,,,
145,summary,0.2867348089346266,0.9986199135361937,0.28261495945188736,1.0,0.00018096,39.7,,,,,,,,,,,,,,,,,,,,,,0,83.43,100,0,71.29,91,57,66.71,70,15,18.43,27,56.5,206.83,233.0,2539.3,10801.0,36.0,0,6.7,26.14,64.4,31.18,31.24,31.34,63.16,0.07,0.07,0.07,16.0,0.0,0.0,0.01,1.48,3.65,7.48,10.956,14.262,15.057,15.06,15.065,15.992,0.795,0.8,0.803,878.0,7972.29,25048.0,1611.0,34290.86,58105.0,4,4.0,4,16,16.0,16,4,16,31.55,7.35
146,1,,,,,,,0,0,58,24,59.0,2745,10801,36,0,64.8,78.0;83.6;87.8;90.3;84.8;87.7;89.1;95.2;85.7;83.4;92.5;97.9;50.0;50.7;30.1;32.9;55.5;55.4;23.4;23.8;43.2;46.6;42.5;45.6,31.34,0.07,0.0,4.73,15.065,0.803,4101.0,17480.0,4,16,,,,,,,,,,,,,,,,,,,,,,,,,,,,,,,,,,,,,,,,,,,,,,,,,,,,,,,,,,,,,
146,2,,,,,,,96,85,66,18,232.5,2730,10801,36,0,32.2,26.6;16.1;34.2;36.1;18.6;22.4;90.9;94.9;66.3;54.7;98.3;96.1;14.8;14.0;5.9;5.4;14.0;13.2;3.9;3.2;10.6;11.3;9.8;12.0,31.28,0.07,0.0,4.74,15.057,0.795,25439.0,12158.0,4,16,,,,,,,,,,,,,,,,,,,,,,,,,,,,,,,,,,,,,,,,,,,,,,,,,,,,,,,,,,,,,
146,3,,,,,,,98,75,66,17,233.9,2730,10801,36,0,22.1,11.5;0.7;14.0;12.1;9.7;4.8;90.3;91.1;43.0;59.4;93.7;92.0;3.1;0.7;0.5;0.5;0.7;0.7;0.0;0.5;0.7;0.7;0.5;0.5,31.27,0.07,0.0,4.52,15.057,0.795,31103.0,183447.0,4,16,,,,,,,,,,,,,,,,,,,,,,,,,,,,,,,,,,,,,,,,,,,,,,,,,,,,,,,,,,,,,
146,4,,,,,,,100,91,68,17,231.7,2730,10801,36,0,22.2,13.5;2.2;16.1;11.5;6.1;6.6;88.0;91.9;53.7;47.9;93.4;94.4;1.2;1.7;0.5;0.0;1.2;1.0;0.5;0.7;0.5;0.7;1.0;0.2,31.24,0.07,0.08,3.77,15.057,0.795,26904.0,21240.0,4,16,,,,,,,,,,,,,,,,,,,,,,,,,,,,,,,,,,,,,,,,,,,,,,,,,,,,,,,,,,,,,
146,5,,,,,,,97,86,66,17,232.8,2730,10801,36,0,21.6,14.2;2.2;11.2;13.4;3.9;4.9;92.0;92.4;54.3;42.5;88.8;91.9;0.5;1.0;0.0;0.2;1.5;0.5;0.0;0.2;1.7;1.0;0.5;1.0,31.23,0.07,0.01,3.34,15.057,0.795,23388.0,12207.0,4,16,,,,,,,,,,,,,,,,,,,,,,,,,,,,,,,,,,,,,,,,,,,,,,,,,,,,,,,,,,,,,
146,6,,,,,,,100,80,69,17,232.5,2730,10801,36,0,13.1,11.9;1.0;6.2;10.3;3.0;1.0;63.5;54.7;19.5;23.6;52.5;63.3;1.0;0.5;0.2;0.0;0.2;0.7;0.0;0.0;1.2;0.2;0.2;0.2,31.2,0.07,0.1,2.51,15.057,0.795,27490.0,15332.0,4,16,,,,,,,,,,,,,,,,,,,,,,,,,,,,,,,,,,,,,,,,,,,,,,,,,,,,,,,,,,,,,
146,7,,,,,,,100,99,68,18,232.1,2730,10801,36,0,6.5,13.4;0.5;1.9;0.5;0.3;0.8;34.9;29.0;3.6;3.8;31.1;31.6;1.1;0.0;0.3;0.0;0.0;0.0;0.5;0.3;0.3;1.1;0.0;0.0,31.2,0.07,0.02,1.5,15.057,0.795,292.0,48.0,4,16,,,,,,,,,,,,,,,,,,,,,,,,,,,,,,,,,,,,,,,,,,,,,,,,,,,,,,,,,,,,,
146,summary,0.2864312784970877,0.998728745858004,0.28254879127608407,1.0,0.00017485,39.8,,,,,,,,,,,,,,,,,,,,,,0,84.43,100,0,73.71,99,58,65.86,69,17,18.29,24,59.0,207.79,233.9,2732.1,10801.0,36.0,0,6.5,26.07,64.8,31.2,31.25,31.34,63.16,0.07,0.07,0.07,16.0,0.0,0.03,0.1,1.5,3.59,4.74,10.952,14.262,15.057,15.06,15.065,15.992,0.795,0.8,0.803,292.0,19816.71,31103.0,48.0,37416.0,183447.0,4,4.0,4,16,16.0,16,4,16,31.39,7.55
147,1,,,,,,,11,12,57,27,54.2,1365,5001,36,0,63.8,80.0;80.3;87.7;85.7;79.6;83.7;93.2;91.9;81.6;82.9;94.6;93.2;52.7;54.8;26.5;27.1;55.5;57.5;22.4;21.1;45.2;49.0;43.8;42.5,31.38,0.07,0.0,5.52,15.065,0.803,13574.0,32031.0,4,16,,,,,,,,,,,,,,,,,,,,,,,,,,,,,,,,,,,,,,,,,,,,,,,,,,,,,,,,,,,,,
147,2,,,,,,,96,89,66,16,231.0,2730,10801,37,0,31.0,24.1;16.5;31.1;40.4;17.2;22.3;90.0;90.6;55.7;69.4;86.7;96.4;13.4;14.1;3.4;2.9;11.7;10.9;1.9;1.7;12.4;12.9;6.8;10.0,31.29,0.07,0.0,6.73,15.057,0.795,28466.0,39843.0,4,16,,,,,,,,,,,,,,,,,,,,,,,,,,,,,,,,,,,,,,,,,,,,,,,,,,,,,,,,,,,,,
147,3,,,,,,,100,67,70,17,233.6,2730,10801,36,0,22.5,12.3;4.1;13.2;22.1;8.8;6.6;87.0;91.5;40.1;57.9;92.4;92.4;1.7;2.7;1.7;1.2;0.5;0.5;0.5;0.5;0.5;1.2;0.5;1.0,31.26,0.07,0.0,5.08,15.057,0.795,17773.0,37597.0,4,16,,,,,,,,,,,,,,,,,,,,,,,,,,,,,,,,,,,,,,,,,,,,,,,,,,,,,,,,,,,,,
147,4,,,,,,,96,89,67,18,231.1,2730,10801,37,0,22.0,12.4;2.5;15.4;14.0;5.2;7.8;92.9;95.3;42.5;56.2;87.0;90.9;1.2;1.0;0.7;0.0;0.5;0.7;0.2;0.0;1.0;0.7;0.0;0.7,31.23,0.07,0.0,3.35,15.057,0.795,27832.0,23339.0,4,16,,,,,,,,,,,,,,,,,,,,,,,,,,,,,,,,,,,,,,,,,,,,,,,,,,,,,,,,,,,,,
147,5,,,,,,,96,91,66,14,231.4,2730,10801,36,0,22.2,15.7;2.4;18.9;9.3;6.0;5.8;86.4;91.9;49.3;50.4;92.8;93.8;1.0;1.4;0.5;0.5;1.0;1.0;0.2;0.2;1.0;0.5;0.7;1.2,31.23,0.07,0.0,3.1,15.057,0.795,4345.0,71435.0,4,16,,,,,,,,,,,,,,,,,,,,,,,,,,,,,,,,,,,,,,,,,,,,,,,,,,,,,,,,,,,,,
147,6,,,,,,,100,66,70,17,234.8,2730,10801,36,0,13.8,12.8;2.7;9.3;8.1;3.7;3.9;73.0;48.9;31.9;20.7;52.1;56.9;1.0;0.7;0.2;0.2;1.2;0.2;1.2;0.2;0.2;0.2;0.7;0.7,31.19,0.07,0.0,2.45,15.057,0.795,5859.0,17431.0,4,16,,,,,,,,,,,,,,,,,,,,,,,,,,,,,,,,,,,,,,,,,,,,,,,,,,,,,,,,,,,,,
147,7,,,,,,,97,91,66,18,232.0,2730,10801,36,0,6.5,11.4;1.1;1.9;1.1;0.6;0.6;43.9;20.1;3.6;2.5;27.9;37.7;0.3;0.3;0.0;0.3;0.3;0.0;0.8;0.0;0.0;0.3;0.6;0.6,31.18,0.07,0.0,1.83,15.057,0.795,976.0,1660.0,4,16,,,,,,,,,,,,,,,,,,,,,,,,,,,,,,,,,,,,,,,,,,,,,,,,,,,,,,,,,,,,,
147,summary,0.2864535516881034,0.9987264302766888,0.28256938568751017,1.0,0.00016882,39.7,,,,,,,,,,,,,,,,,,,,,,11,85.14,100,12,72.14,91,57,66.0,70,14,18.14,27,54.2,206.87,234.8,2535.0,9972.4,36.3,0,6.5,25.97,63.8,31.18,31.25,31.38,63.16,0.07,0.07,0.07,16.0,0.0,0.0,0.0,1.83,4.01,6.73,10.952,14.262,15.057,15.06,15.065,15.992,0.795,0.8,0.803,976.0,14117.86,28466.0,1660.0,31905.14,71435.0,4,4.0,4,16,16.0,16,4,16,31.71,7.17
148,1,,,,,,,0,0,58,24,71.9,1425,10801,36,0,64.9,80.1;77.9;88.9;89.6;84.0;85.4;98.6;91.0;86.1;90.3;89.7;91.0;57.9;56.2;25.7;22.1;56.2;57.9;19.4;21.0;53.5;54.9;38.9;41.0,31.32,0.07,0.0,3.78,15.065,0.803,36962.0,146777.0,4,16,,,,,,,,,,,,,,,,,,,,,,,,,,,,,,,,,,,,,,,,,,,,,,,,,,,,,,,,,,,,,
148,2,,,,,,,100,69,69,17,232.8,2730,10801,37,0,30.8,24.8;16.1;32.8;26.8;19.7;20.9;93.0;94.9;57.2;62.5;93.9;90.0;12.4;11.0;2.9;3.7;12.2;12.7;2.4;2.2;11.5;11.2;11.0;12.3,31.26,0.07,0.0,5.66,15.057,0.795,8203.0,24462.0,4,16,,,,,,,,,,,,,,,,,,,,,,,,,,,,,,,,,,,,,,,,,,,,,,,,,,,,,,,,,,,,,
148,3,,,,,,,100,82,69,17,232.9,2730,10801,36,0,21.6,11.9;1.7;21.3;9.2;4.4;4.3;88.5;86.4;49.4;44.4;94.7;96.9;1.4;0.5;0.0;0.0;0.5;0.5;0.0;0.2;0.7;0.5;0.0;0.7,31.25,0.07,0.0,4.44,15.057,0.795,6005.0,36572.0,4,16,,,,,,,,,,,,,,,,,,,,,,,,,,,,,,,,,,,,,,,,,,,,,,,,,,,,,,,,,,,,,
148,4,,,,,,,96,90,70,19,231.5,2730,10801,37,0,22.1,12.1;2.2;17.8;11.0;3.2;3.7;92.9;90.0;54.5;47.2;91.0;93.2;1.5;2.0;1.0;0.0;1.2;0.2;1.2;0.2;1.0;1.2;0.2;1.0,31.22,0.07,0.0,3.32,15.057,0.795,17480.0,45214.0,4,16,,,,,,,,,,,,,,,,,,,,,,,,,,,,,,,,,,,,,,,,,,,,,,,,,,,,,,,,,,,,,
148,5,,,,,,,100,69,67,17,233.2,2730,10801,36,0,22.1,11.7;0.7;14.6;12.5;4.4;6.1;91.2;91.9;62.1;41.8;96.3;93.1;1.5;1.2;0.2;0.0;1.0;0.0;0.2;0.0;0.2;0.2;0.2;0.5,31.21,0.07,0.0,2.09,15.057,0.795,27441.0,43310.0,4,16,,,,,,,,,,,,,,,,,,,,,,,,,,,,,,,,,,,,,,,,,,,,,,,,,,,,,,,,,,,,,
148,6,,,,,,,97,92,69,17,230.8,2730,10801,37,0,13.9,14.6;2.5;11.5;5.9;4.2;2.0;55.4;62.0;26.9;23.3;62.7;56.7;1.0;1.0;0.0;0.0;0.2;0.7;0.0;0.2;0.7;0.5;0.0;0.5,31.17,0.07,0.01,2.27,15.057,0.795,36328.0,76953.0,4,16,,,,,,,,,,,,,,,,,,,,,,,,,,,,,,,,,,,,,,,,,,,,,,,,,,,,,,,,,,,,,
148,7,,,,,,,97,76,70,17,222.8,2730,10801,36,0,6.0,9.7;0.5;0.3;1.9;0.0;0.0;34.0;25.4;1.6;3.8;26.5;38.1;0.0;0.0;0.0;0.0;0.0;0.0;0.0;0.0;0.0;0.0;0.0;1.6,31.18,0.07,0.01,1.5,15.057,0.795,1416.0,48.0,4,16,,,,,,,,,,,,,,,,,,,,,,,,,,,,,,,,,,,,,,,,,,,,,,,,,,,,,,,,,,,,,
148,summary,0.286625849458923,0.9986291758614542,0.2825624516275194,1.0,0.00016288,39.8,,,,,,,,,,,,,,,,,,,,,,0,84.29,100,0,68.29,92,58,67.43,70,17,18.29,24,71.9,207.99,233.2,2543.6,10801.0,36.4,0,6.0,25.91,64.9,31.17,31.23,31.32,63.16,0.07,0.07,0.07,16.0,0.0,0.0,0.01,1.5,3.29,5.66,10.953,14.262,15.057,15.06,15.065,15.992,0.795,0.8,0.803,1416.0,19119.29,36962.0,48.0,53333.71,146777.0,4,4.0,4,16,16.0,16,4,16,31.46,7.5
149,1,,,,,,,0,0,58,27,73.5,1440,10801,37,0,64.1,76.4;80.7;89.0;90.4;86.2;84.8;92.4;93.8;83.4;86.2;95.2;92.4;56.6;56.5;18.6;24.2;57.7;59.3;15.4;18.8;54.5;54.4;33.6;42.5,31.33,0.07,0.0,4.59,15.065,0.803,9228.0,145312.0,4,16,,,,,,,,,,,,,,,,,,,,,,,,,,,,,,,,,,,,,,,,,,,,,,,,,,,,,,,,,,,,,
149,2,,,,,,,100,75,67,18,234.2,2730,10801,36,0,29.8,21.4;13.5;29.5;31.6;15.0;22.9;88.0;94.0;55.8;59.9;95.4;88.4;10.1;9.4;4.4;6.3;11.4;11.6;4.8;4.8;8.4;11.1;7.7;9.4,31.27,0.07,0.0,4.69,15.057,0.795,8544.0,37255.0,4,16,,,,,,,,,,,,,,,,,,,,,,,,,,,,,,,,,,,,,,,,,,,,,,,,,,,,,,,,,,,,,
149,3,,,,,,,100,96,66,18,232.0,2730,10801,36,0,22.2,13.1;0.7;14.2;12.4;4.4;5.9;92.9;97.3;33.7;67.6;92.4;92.9;1.0;1.2;0.0;0.0;0.2;0.5;0.0;0.0;1.0;1.5;0.0;0.0,31.26,0.07,0.0,4.6,15.057,0.795,16601.0,29687.0,4,16,,,,,,,,,,,,,,,,,,,,,,,,,,,,,,,,,,,,,,,,,,,,,,,,,,,,,,,,,,,,,
149,4,,,,,,,96,75,69,18,233.3,2730,10801,36,0,22.6,12.3;2.2;15.2;12.7;6.6;5.6;95.6;92.2;47.2;56.0;91.2;96.1;1.0;1.5;0.0;0.0;0.7;1.2;0.2;0.2;0.2;1.2;0.7;1.0,31.23,0.07,0.0,3.54,15.057,0.795,30126.0,29443.0,4,16,,,,,,,,,,,,,,,,,,,,,,,,,,,,,,,,,,,,,,,,,,,,,,,,,,,,,,,,,,,,,
149,5,,,,,,,100,77,68,17,222.1,2730,10801,36,0,21.3,17.6;1.4;11.6;11.1;2.4;4.3;90.1;93.2;37.4;55.3;89.6;91.8;1.2;1.0;0.0;0.0;0.2;0.0;0.0;0.0;1.2;1.4;0.0;0.0,31.22,0.07,0.01,2.69,15.057,0.795,7128.0,13232.0,4,16,,,,,,,,,,,,,,,,,,,,,,,,,,,,,,,,,,,,,,,,,,,,,,,,,,,,,,,,,,,,,
149,6,,,,,,,100,95,67,18,232.6,2730,10801,37,0,13.6,12.3;2.7;6.1;11.1;2.5;4.2;61.9;57.1;22.9;24.3;61.3;51.2;1.7;0.7;0.5;0.0;1.0;0.2;0.0;0.0;1.5;1.7;0.2;0.0,31.18,0.07,0.0,1.97,15.057,0.795,5468.0,29833.0,4,16,,,,,,,,,,,,,,,,,,,,,,,,,,,,,,,,,,,,,,,,,,,,,,,,,,,,,,,,,,,,,
149,7,,,,,,,100,75,68,17,235.1,2730,10801,36,0,6.6,12.6;1.4;1.7;1.4;0.6;1.1;22.8;44.3;4.2;3.9;28.7;31.3;0.6;0.3;0.6;0.0;0.3;0.0;0.3;0.3;0.3;0.3;0.0;2.2,31.19,0.07,0.0,1.47,15.057,0.795,0.0,1757.0,4,16,,,,,,,,,,,,,,,,,,,,,,,,,,,,,,,,,,,,,,,,,,,,,,,,,,,,,,,,,,,,,
149,summary,0.28642133417800664,0.9987681107403608,0.28257246449258594,1.0,0.00015702,39.7,,,,,,,,,,,,,,,,,,,,,,0,85.14,100,0,70.43,96,58,66.14,69,17,19.0,27,73.5,208.97,235.1,2545.7,10801.0,36.3,0,6.6,25.74,64.1,31.18,31.24,31.33,63.16,0.07,0.07,0.07,16.0,0.0,0.0,0.01,1.47,3.36,4.69,10.954,14.262,15.057,15.06,15.065,15.992,0.795,0.8,0.803,0.0,11013.57,30126.0,1757.0,40931.29,145312.0,4,4.0,4,16,16.0,16,4,16,31.62,7.33
150,1,,,,,,,0,0,58,27,71.8,1500,10801,36,0,65.3,82.9;85.7;91.1;89.0;89.0;85.6;93.8;93.8;80.8;80.8;94.5;91.8;57.5;60.1;20.4;25.3;58.2;62.6;17.0;19.7;51.4;50.7;41.8;44.9,31.34,0.07,0.0,4.66,15.065,0.803,3564.0,26757.0,4,16,,,,,,,,,,,,,,,,,,,,,,,,,,,,,,,,,,,,,,,,,,,,,,,,,,,,,,,,,,,,,
150,2,,,,,,,100,67,66,18,233.1,2730,10801,36,0,31.1,25.6;12.8;33.8;34.7;20.7;16.9;92.5;92.5;59.0;62.6;92.5;92.5;11.8;12.9;5.3;4.8;12.5;11.9;4.6;4.8;11.3;9.9;10.4;9.2,31.26,0.07,0.0,5.59,15.057,0.795,27148.0,37646.0,4,16,,,,,,,,,,,,,,,,,,,,,,,,,,,,,,,,,,,,,,,,,,,,,,,,,,,,,,,,,,,,,
150,3,,,,,,,100,84,65,17,222.4,2730,10801,37,0,22.0,15.1;2.2;14.2;14.1;5.1;3.4;96.4;92.0;45.1;55.9;86.5;91.6;1.0;1.0;0.0;0.0;0.7;0.5;0.0;0.2;1.2;0.5;0.5;0.7,31.25,0.07,0.0,4.4,15.057,0.795,7910.0,10693.0,4,16,,,,,,,,,,,,,,,,,,,,,,,,,,,,,,,,,,,,,,,,,,,,,,,,,,,,,,,,,,,,,
150,4,,,,,,,96,89,70,16,231.6,2730,10801,36,0,21.7,11.7;2.2;15.2;11.3;5.9;4.4;91.9;93.6;51.8;45.5;89.5;91.6;1.2;1.5;0.5;0.0;0.2;1.0;0.2;0.0;0.2;0.0;0.5;0.5,31.24,0.07,0.0,2.75,15.057,0.795,35791.0,68652.0,4,16,,,,,,,,,,,,,,,,,,,,,,,,,,,,,,,,,,,,,,,,,,,,,,,,,,,,,,,,,,,,,
150,5,,,,,,,100,70,68,16,233.2,2730,10801,37,0,22.7,13.7;1.7;16.0;16.2;6.8;5.9;94.6;94.8;58.2;39.3;89.9;93.9;2.2;2.5;0.7;0.5;1.0;1.5;0.5;0.7;1.7;1.5;1.5;0.5,31.2,0.07,0.0,2.73,15.057,0.795,5371.0,37792.0,4,16,,,,,,,,,,,,,,,,,,,,,,,,,,,,,,,,,,,,,,,,,,,,,,,,,,,,,,,,,,,,,
150,6,,,,,,,97,92,70,17,231.7,2730,10801,37,0,13.8,15.6;2.0;10.3;8.6;2.0;1.5;62.2;54.4;26.0;20.8;68.4;52.8;0.5;1.2;0.2;0.7;0.0;0.7;0.5;0.0;0.5;0.0;1.2;1.5,31.18,0.07,0.0,2.25,15.057,0.795,19384.0,159277.0,4,16,,,,,,,,,,,,,,,,,,,,,,,,,,,,,,,,,,,,,,,,,,,,,,,,,,,,,,,,,,,,,
150,7,,,,,,,100,75,67,17,233.6,2730,10801,36,0,6.5,11.2;1.4;1.6;0.8;0.5;0.3;33.9;43.2;3.6;2.7;26.1;26.8;0.0;0.3;0.0;0.0;0.0;0.0;0.0;0.0;0.3;0.0;0.3;1.6,31.18,0.07,0.0,1.45,15.057,0.795,878.0,1562.0,4,16,,,,,,,,,,,,,,,,,,,,,,,,,,,,,,,,,,,,,,,,,,,,,,,,,,,,,,,,,,,,,
150,summary,0.28644305727992997,0.9987565328337853,0.2825292085541619,1.0,0.00015125,39.9,,,,,,,,,,,,,,,,,,,,,,0,84.71,100,0,68.14,92,58,66.29,70,16,18.29,27,71.8,208.2,233.6,2554.3,10801.0,36.4,0,6.5,26.16,65.3,31.18,31.24,31.34,63.16,0.07,0.07,0.07,16.0,0.0,0.0,0.0,1.45,3.4,5.59,10.954,14.262,15.057,15.06,15.065,15.992,0.795,0.8,0.803,878.0,14292.29,35791.0,1562.0,48911.29,159277.0,4,4.0,4,16,16.0,16,4,16,31.72,7.25
151,1,,,,,,,0,0,58,24,73.1,1515,10801,37,0,60.4,70.1;74.5;86.8;85.5;73.7;82.5;90.1;88.8;84.2;84.2;88.2;94.1;48.4;51.0;20.0;23.6;46.5;52.5;18.1;19.4;51.0;50.0;36.6;42.1,31.33,0.07,0.0,4.5,15.065,0.803,54736.0,53369.0,4,16,,,,,,,,,,,,,,,,,,,,,,,,,,,,,,,,,,,,,,,,,,,,,,,,,,,,,,,,,,,,,
151,2,,,,,,,100,69,67,18,233.8,2730,10801,37,0,32.2,26.5;16.2;33.3;32.1;20.6;23.3;96.8;97.3;59.6;61.3;94.9;96.3;10.8;13.0;6.9;6.6;11.8;13.0;5.7;5.9;11.5;11.5;8.6;9.8,31.29,0.07,0.0,6.78,15.057,0.795,27636.0,16113.0,4,16,,,,,,,,,,,,,,,,,,,,,,,,,,,,,,,,,,,,,,,,,,,,,,,,,,,,,,,,,,,,,
151,3,,,,,,,98,93,67,17,230.8,2730,10801,37,0,22.4,10.6;2.5;17.1;9.6;4.9;5.6;95.1;91.0;46.6;53.1;96.8;96.3;0.2;1.0;0.2;0.2;0.7;1.5;0.0;0.2;2.0;1.0;0.5;0.5,31.27,0.07,0.0,5.09,15.057,0.795,8496.0,12597.0,4,16,,,,,,,,,,,,,,,,,,,,,,,,,,,,,,,,,,,,,,,,,,,,,,,,,,,,,,,,,,,,,
151,4,,,,,,,100,76,68,16,234.2,2730,10801,36,0,22.8,16.8;3.2;14.8;14.8;7.3;6.1;93.0;95.2;35.6;63.3;93.2;92.7;1.9;1.2;0.2;1.2;0.5;1.7;0.2;0.0;1.5;0.5;0.0;0.7,31.23,0.07,0.0,3.38,15.057,0.795,21923.0,20019.0,4,16,,,,,,,,,,,,,,,,,,,,,,,,,,,,,,,,,,,,,,,,,,,,,,,,,,,,,,,,,,,,,
151,5,,,,,,,100,97,64,20,232.2,2730,10801,37,0,21.8,12.4;1.2;13.8;15.0;4.8;4.8;86.2;91.3;48.7;46.2;93.9;97.6;1.0;1.9;0.2;0.0;0.7;1.2;0.2;0.2;1.2;0.7;0.5;0.0,31.22,0.07,0.0,3.49,15.057,0.795,5664.0,43554.0,4,16,,,,,,,,,,,,,,,,,,,,,,,,,,,,,,,,,,,,,,,,,,,,,,,,,,,,,,,,,,,,,
151,6,,,,,,,97,89,67,17,230.8,2730,10801,37,0,13.8,13.5;2.7;8.6;7.6;3.4;2.7;82.8;50.2;15.0;33.5;48.0;56.9;1.0;1.2;0.0;0.2;0.5;0.7;0.5;0.2;1.0;0.5;0.2;0.0,31.19,0.07,0.0,2.42,15.057,0.795,54931.0,53271.0,4,16,,,,,,,,,,,,,,,,,,,,,,,,,,,,,,,,,,,,,,,,,,,,,,,,,,,,,,,,,,,,,
151,7,,,,,,,100,67,68,15,234.0,2730,10801,37,0,6.0,9.6;0.3;1.7;0.8;0.3;0.3;32.0;45.4;3.3;1.7;14.2;31.0;0.0;0.3;0.0;0.0;0.0;0.0;0.0;0.0;1.7;0.0;0.0;0.0,31.18,0.07,0.0,1.84,15.057,0.795,1123.0,1464.0,4,16,,,,,,,,,,,,,,,,,,,,,,,,,,,,,,,,,,,,,,,,,,,,,,,,,,,,,,,,,,,,,
151,summary,0.2860549208440253,0.9988584184116501,0.28257190590434605,1.0,0.00014557,39.6,,,,,,,,,,,,,,,,,,,,,,0,85.0,100,0,70.14,97,58,65.57,68,15,18.14,24,73.1,209.84,234.2,2556.4,10801.0,36.9,0,6.0,25.63,60.4,31.18,31.24,31.33,63.16,0.07,0.07,0.07,16.0,0.0,0.0,0.0,1.84,3.93,6.78,10.954,14.262,15.057,15.06,15.065,15.992,0.795,0.8,0.803,1123.0,24929.86,54931.0,1464.0,28626.71,53369.0,4,4.0,4,16,16.0,16,4,16,31.55,7.28
152,1,,,,,,,0,0,58,27,65.8,1470,10801,36,0,65.0,75.5;79.6;82.9;81.6;84.4;85.7;89.1;91.8;87.7;87.1;94.6;89.7;59.9;60.5;28.4;26.2;54.1;68.5;19.6;21.1;51.0;55.0;44.2;43.5,31.34,0.07,0.0,3.74,15.065,0.803,7617.0,11572.0,4,16,,,,,,,,,,,,,,,,,,,,,,,,,,,,,,,,,,,,,,,,,,,,,,,,,,,,,,,,,,,,,
152,2,,,,,,,100,67,68,17,230.6,2730,10801,37,0,30.6,23.9;13.7;37.6;31.2;18.5;17.1;96.4;95.9;47.4;69.1;88.9;97.6;12.0;11.3;2.4;5.8;11.3;12.0;1.4;1.9;10.3;11.1;6.5;11.1,31.27,0.07,0.0,4.63,15.057,0.795,23876.0,11718.0,4,16,,,,,,,,,,,,,,,,,,,,,,,,,,,,,,,,,,,,,,,,,,,,,,,,,,,,,,,,,,,,,
152,3,,,,,,,100,76,67,17,234.2,2730,10801,37,0,22.1,16.5;3.2;14.5;13.8;5.4;3.4;95.6;93.4;48.6;50.1;92.4;87.5;2.0;1.2;0.7;0.5;0.5;0.5;0.0;0.0;1.2;0.7;0.0;0.0,31.25,0.07,0.0,4.68,15.057,0.795,8789.0,31152.0,4,16,,,,,,,,,,,,,,,,,,,,,,,,,,,,,,,,,,,,,,,,,,,,,,,,,,,,,,,,,,,,,
152,4,,,,,,,100,69,68,18,234.0,2730,10801,36,0,22.5,16.0;2.9;20.0;15.5;7.0;2.9;85.2;90.2;50.5;55.0;94.0;88.3;2.4;3.4;0.2;0.0;0.7;0.5;0.2;0.2;1.0;1.0;1.2;1.0,31.24,0.07,0.0,3.48,15.057,0.795,4736.0,24267.0,4,16,,,,,,,,,,,,,,,,,,,,,,,,,,,,,,,,,,,,,,,,,,,,,,,,,,,,,,,,,,,,,
152,5,,,,,,,100,99,68,17,231.2,2730,10801,36,0,21.7,13.8;1.0;17.7;8.1;3.9;3.2;92.9;92.1;41.8;51.2;93.6;95.1;0.2;1.2;0.2;0.2;1.5;0.5;0.2;0.2;0.2;0.2;0.7;1.0,31.22,0.07,0.02,2.88,15.057,0.795,5908.0,28271.0,4,16,,,,,,,,,,,,,,,,,,,,,,,,,,,,,,,,,,,,,,,,,,,,,,,,,,,,,,,,,,,,,
152,6,,,,,,,100,75,67,16,234.9,2730,10801,37,0,14.5,15.4;1.2;9.1;8.1;4.7;1.2;66.7;47.3;18.6;30.7;83.8;51.3;1.5;0.5;0.5;0.2;1.5;1.0;0.2;0.2;0.7;0.7;0.5;0.7,31.2,0.07,0.0,1.95,15.057,0.795,19628.0,106445.0,4,16,,,,,,,,,,,,,,,,,,,,,,,,,,,,,,,,,,,,,,,,,,,,,,,,,,,,,,,,,,,,,
152,7,,,,,,,100,99,67,18,232.3,2730,10801,37,0,6.1,7.8;0.3;0.8;1.7;0.6;0.6;30.1;35.7;3.3;2.2;25.3;34.8;0.3;0.3;0.0;0.0;0.0;0.0;0.0;0.0;0.6;0.0;0.0;1.7,31.2,0.07,0.02,1.46,15.057,0.795,292.0,1806.0,4,16,,,,,,,,,,,,,,,,,,,,,,,,,,,,,,,,,,,,,,,,,,,,,,,,,,,,,,,,,,,,,
152,summary,0.2863190430301988,0.9987866353908817,0.28254812015427483,1.0,0.00013998,39.8,,,,,,,,,,,,,,,,,,,,,,0,85.71,100,0,69.29,99,58,66.14,68,16,18.57,27,65.8,209.0,234.9,2550.0,10801.0,36.6,0,6.1,26.07,65.0,31.2,31.25,31.34,63.16,0.07,0.07,0.07,16.0,0.0,0.01,0.02,1.46,3.26,4.68,10.957,14.262,15.057,15.06,15.065,15.992,0.795,0.8,0.803,292.0,10120.86,23876.0,1806.0,30747.29,106445.0,4,4.0,4,16,16.0,16,4,16,31.7,7.3
153,1,,,,,,,0,0,58,23,58.7,1440,10801,37,0,64.2,81.2;81.1;90.9;90.2;84.7;86.0;95.8;88.1;90.9;88.8;88.1;90.2;60.4;58.6;27.3;26.6;51.7;60.1;16.6;14.6;44.8;46.2;37.0;42.7,31.37,0.07,0.01,4.86,15.065,0.803,25634.0,11523.0,4,16,,,,,,,,,,,,,,,,,,,,,,,,,,,,,,,,,,,,,,,,,,,,,,,,,,,,,,,,,,,,,
153,2,,,,,,,96,89,66,18,231.4,2730,10801,37,0,30.7,24.7;13.9;31.7;30.0;22.4;18.0;94.0;91.8;63.0;60.0;95.9;93.8;12.3;11.1;3.6;3.6;11.1;12.0;2.4;1.2;11.5;10.3;7.9;11.5,31.29,0.07,0.01,5.6,15.057,0.795,21386.0,12011.0,4,16,,,,,,,,,,,,,,,,,,,,,,,,,,,,,,,,,,,,,,,,,,,,,,,,,,,,,,,,,,,,,
153,3,,,,,,,100,67,70,16,233.7,2730,10801,37,0,21.9,17.2;0.5;18.1;8.6;4.6;4.2;92.4;90.0;45.3;55.4;94.6;90.7;1.0;0.5;0.5;0.2;0.2;0.2;0.0;0.0;0.5;0.5;0.2;0.2,31.25,0.07,0.0,3.67,15.057,0.795,12060.0,16845.0,4,16,,,,,,,,,,,,,,,,,,,,,,,,,,,,,,,,,,,,,,,,,,,,,,,,,,,,,,,,,,,,,
153,4,,,,,,,96,88,66,17,230.9,2730,10801,37,0,22.9,13.6;2.2;15.1;18.5;6.6;4.6;93.7;93.7;64.9;41.7;92.4;95.6;1.5;1.2;0.2;0.2;1.5;0.5;0.2;0.2;0.7;1.0;0.2;0.2,31.25,0.07,0.0,3.54,15.057,0.795,5175.0,43017.0,4,16,,,,,,,,,,,,,,,,,,,,,,,,,,,,,,,,,,,,,,,,,,,,,,,,,,,,,,,,,,,,,
153,5,,,,,,,100,69,69,18,234.8,2730,10801,36,0,22.8,14.7;2.2;19.6;13.7;7.4;7.6;90.9;90.2;36.4;63.4;94.6;90.0;2.9;3.2;0.7;0.2;1.0;0.2;1.2;0.2;2.2;1.0;2.0;1.2,31.21,0.07,0.0,2.72,15.057,0.795,10986.0,11767.0,4,16,,,,,,,,,,,,,,,,,,,,,,,,,,,,,,,,,,,,,,,,,,,,,,,,,,,,,,,,,,,,,
153,6,,,,,,,100,67,70,16,234.5,2730,10801,37,0,13.2,16.3;1.5;8.7;6.1;2.9;2.9;78.9;41.7;15.7;27.8;54.7;56.7;0.5;0.2;0.0;0.0;0.5;0.0;0.0;0.2;0.2;0.2;0.0;0.0,31.21,0.07,0.0,2.22,15.057,0.795,15429.0,13476.0,4,16,,,,,,,,,,,,,,,,,,,,,,,,,,,,,,,,,,,,,,,,,,,,,,,,,,,,,,,,,,,,,
153,7,,,,,,,97,90,65,18,232.4,2730,10801,36,0,8.5,19.6;2.5;3.9;2.8;1.4;3.1;23.7;52.1;7.8;5.0;26.4;43.6;0.3;1.4;0.8;0.3;0.8;0.0;0.0;0.6;2.5;1.4;0.6;0.8,31.21,0.07,0.02,1.68,15.057,0.795,341.0,0.0,4,16,,,,,,,,,,,,,,,,,,,,,,,,,,,,,,,,,,,,,,,,,,,,,,,,,,,,,,,,,,,,,
153,summary,0.2860151990508105,0.9988398937611292,0.2825578942828708,1.0,0.00013448,39.7,,,,,,,,,,,,,,,,,,,,,,0,84.14,100,0,67.14,90,58,66.29,70,16,18.0,23,58.7,208.06,234.8,2545.7,10801.0,36.7,0,8.5,26.31,64.2,31.21,31.26,31.37,63.16,0.07,0.07,0.07,16.0,0.0,0.01,0.02,1.68,3.47,5.6,10.957,14.262,15.057,15.06,15.065,15.992,0.795,0.8,0.803,341.0,13001.57,25634.0,0.0,15519.86,43017.0,4,4.0,4,16,16.0,16,4,16,31.72,7.23
154,1,,,,,,,0,0,57,25,54.4,1575,5001,36,0,64.4,74.8;76.2;88.4;87.8;84.5;87.8;91.2;93.9;84.4;82.3;95.9;91.8;51.0;55.1;29.9;31.0;53.7;54.4;20.0;22.6;58.1;54.4;40.4;41.9,31.37,0.07,0.0,3.76,15.065,0.803,5029.0,48046.0,4,16,,,,,,,,,,,,,,,,,,,,,,,,,,,,,,,,,,,,,,,,,,,,,,,,,,,,,,,,,,,,,
154,2,,,,,,,96,72,67,17,234.0,2730,10801,37,0,30.6,20.6;15.3;33.7;26.2;16.9;18.4;93.2;94.9;63.0;65.0;92.0;93.5;11.6;10.7;5.8;5.1;11.6;12.0;4.1;2.9;10.2;10.6;8.5;7.7,31.28,0.07,0.13,6.43,15.057,0.795,15771.0,11621.0,4,16,,,,,,,,,,,,,,,,,,,,,,,,,,,,,,,,,,,,,,,,,,,,,,,,,,,,,,,,,,,,,
154,3,,,,,,,100,89,68,16,232.9,2730,10801,37,0,22.2,13.2;2.0;14.9;12.0;4.9;2.7;92.2;92.4;56.1;44.4;94.6;95.1;0.5;1.0;0.7;0.0;1.0;1.5;1.0;0.7;1.2;0.0;0.5;0.5,31.26,0.07,0.1,5.1,15.057,0.795,4882.0,43310.0,4,16,,,,,,,,,,,,,,,,,,,,,,,,,,,,,,,,,,,,,,,,,,,,,,,,,,,,,,,,,,,,,
154,4,,,,,,,100,98,67,18,232.7,2730,10801,37,0,21.9,13.7;1.9;20.5;10.1;5.8;5.0;87.7;89.0;42.6;49.5;92.3;96.9;1.2;1.2;0.0;0.2;1.2;0.7;0.5;0.0;1.9;1.2;0.5;1.2,31.25,0.07,0.01,2.73,15.057,0.795,18261.0,18652.0,4,16,,,,,,,,,,,,,,,,,,,,,,,,,,,,,,,,,,,,,,,,,,,,,,,,,,,,,,,,,,,,,
154,5,,,,,,,100,78,66,17,235.0,2730,10801,37,0,22.3,14.7;1.2;13.2;11.5;6.1;4.2;93.1;93.9;52.6;50.6;91.9;90.9;1.0;1.7;0.7;0.7;1.2;0.7;1.0;0.2;1.2;0.5;1.0;1.0,31.23,0.07,0.0,2.72,15.057,0.795,32958.0,44775.0,4,16,,,,,,,,,,,,,,,,,,,,,,,,,,,,,,,,,,,,,,,,,,,,,,,,,,,,,,,,,,,,,
154,6,,,,,,,100,93,67,17,232.4,2730,10801,37,0,13.3,9.8;0.7;9.3;6.6;2.2;3.2;77.3;48.9;22.0;24.1;60.0;53.3;1.0;0.5;0.0;0.0;0.2;0.0;0.0;0.0;0.0;0.2;0.7;0.5,31.23,0.07,0.0,2.29,15.057,0.795,6738.0,39990.0,4,16,,,,,,,,,,,,,,,,,,,,,,,,,,,,,,,,,,,,,,,,,,,,,,,,,,,,,,,,,,,,,
154,7,,,,,,,100,75,68,16,235.6,2730,10801,36,0,6.8,12.6;0.6;2.0;2.0;1.4;1.1;28.1;39.4;4.2;3.4;20.6;41.1;0.6;0.6;0.3;0.3;1.1;0.3;0.3;0.0;1.1;0.3;0.6;0.3,31.21,0.07,0.0,1.46,15.057,0.795,1171.0,2001.0,4,16,,,,,,,,,,,,,,,,,,,,,,,,,,,,,,,,,,,,,,,,,,,,,,,,,,,,,,,,,,,,,
154,summary,0.2861290963663917,0.9988306314358688,0.2825506625175476,1.0,0.00012908,39.8,,,,,,,,,,,,,,,,,,,,,,0,85.14,100,0,72.14,98,57,65.71,68,16,18.0,25,54.4,208.14,235.6,2565.0,9972.4,36.7,0,6.8,25.93,64.4,31.21,31.26,31.37,63.16,0.07,0.07,0.07,16.0,0.0,0.03,0.13,1.46,3.5,6.43,10.954,14.262,15.057,15.06,15.065,15.992,0.795,0.8,0.803,1171.0,12115.71,32958.0,2001.0,29770.71,48046.0,4,4.0,4,16,16.0,16,4,16,31.68,7.25
155,1,,,,,,,0,0,57,25,55.4,1440,10801,37,0,64.9,81.0;78.5;87.7;90.3;85.4;89.0;95.8;93.1;83.3;85.4;91.0;95.1;57.8;51.0;31.5;29.3;53.4;56.8;22.7;25.3;49.0;50.0;38.1;44.1,31.36,0.07,0.0,5.11,15.065,0.803,6103.0,43164.0,4,16,,,,,,,,,,,,,,,,,,,,,,,,,,,,,,,,,,,,,,,,,,,,,,,,,,,,,,,,,,,,,
155,2,,,,,,,96,89,70,18,231.4,2730,10801,37,0,32.2,27.0;14.0;32.9;29.6;20.7;20.7;95.7;97.4;53.3;70.7;95.9;95.0;14.1;15.2;5.5;4.6;13.6;13.2;4.6;3.8;13.3;12.6;8.4;10.0,31.29,0.07,0.0,4.45,15.057,0.795,28271.0,20458.0,4,16,,,,,,,,,,,,,,,,,,,,,,,,,,,,,,,,,,,,,,,,,,,,,,,,,,,,,,,,,,,,,
155,3,,,,,,,100,73,67,18,232.9,2730,10801,37,0,21.6,8.8;3.0;14.5;11.1;2.5;3.7;92.9;91.9;46.9;53.0;94.3;90.7;1.2;1.2;0.0;0.0;0.0;0.7;0.0;0.0;0.5;0.5;0.2;0.7,31.27,0.07,0.0,4.48,15.057,0.795,12500.0,18457.0,4,16,,,,,,,,,,,,,,,,,,,,,,,,,,,,,,,,,,,,,,,,,,,,,,,,,,,,,,,,,,,,,
155,4,,,,,,,96,90,69,18,231.1,2730,10801,37,0,22.9,14.4;3.6;13.6;18.4;6.8;5.8;83.9;90.0;49.6;61.6;98.1;91.5;3.2;1.5;0.2;0.2;0.5;1.9;0.0;0.0;1.7;1.5;1.0;1.5,31.25,0.07,0.01,3.54,15.057,0.795,5224.0,25341.0,4,16,,,,,,,,,,,,,,,,,,,,,,,,,,,,,,,,,,,,,,,,,,,,,,,,,,,,,,,,,,,,,
155,5,,,,,,,100,67,67,17,233.2,2730,10801,37,0,21.7,11.4;1.7;16.6;15.9;5.6;4.2;91.7;92.9;48.5;56.5;82.4;90.7;1.0;1.0;0.2;0.0;0.5;0.7;0.0;0.0;0.0;0.0;0.0;0.0,31.22,0.07,0.0,2.27,15.057,0.795,16357.0,18554.0,4,16,,,,,,,,,,,,,,,,,,,,,,,,,,,,,,,,,,,,,,,,,,,,,,,,,,,,,,,,,,,,,
155,6,,,,,,,100,84,66,16,233.5,2730,10801,37,0,13.2,13.3;1.5;9.0;5.1;2.4;3.6;57.4;67.9;22.1;20.6;53.5;57.4;1.0;0.2;0.7;0.0;0.7;0.2;0.2;0.0;0.2;0.2;0.2;0.0,31.19,0.07,0.0,2.37,15.057,0.795,28808.0,14062.0,4,16,,,,,,,,,,,,,,,,,,,,,,,,,,,,,,,,,,,,,,,,,,,,,,,,,,,,,,,,,,,,,
155,7,,,,,,,96,76,69,17,233.9,2730,10801,36,0,6.4,13.8;0.0;1.7;0.3;0.8;1.4;36.7;20.7;2.8;4.2;17.3;51.3;0.3;0.0;0.0;0.0;0.6;0.6;0.0;0.3;0.0;0.0;0.3;0.0,31.18,0.07,0.0,1.47,15.057,0.795,1855.0,488.0,4,16,,,,,,,,,,,,,,,,,,,,,,,,,,,,,,,,,,,,,,,,,,,,,,,,,,,,,,,,,,,,,
155,summary,0.28619266734358645,0.9988121067853479,0.2825025940471225,1.0,0.00012377,39.8,,,,,,,,,,,,,,,,,,,,,,0,84.0,100,0,68.43,90,57,66.43,70,16,18.43,25,55.4,207.34,233.9,2545.7,10801.0,36.9,0,6.4,26.13,64.9,31.18,31.25,31.36,63.16,0.07,0.07,0.07,16.0,0.0,0.0,0.01,1.47,3.38,5.11,10.955,14.262,15.057,15.06,15.065,15.992,0.795,0.8,0.803,1855.0,14159.71,28808.0,488.0,20074.86,43164.0,4,4.0,4,16,16.0,16,4,16,31.79,7.19
156,1,,,,,,,0,0,57,27,54.7,1380,10801,36,0,63.8,72.4;71.6;87.8;85.7;81.8;81.0;93.9;93.9;84.5;85.2;93.9;89.1;48.6;58.1;30.2;33.1;56.8;54.7;25.5;22.1;45.3;51.0;44.6;41.2,31.37,0.07,0.0,5.48,15.065,0.803,29248.0,44287.0,4,16,,,,,,,,,,,,,,,,,,,,,,,,,,,,,,,,,,,,,,,,,,,,,,,,,,,,,,,,,,,,,
156,2,,,,,,,100,68,66,16,234.0,2730,10801,37,0,31.4,23.4;15.0;35.2;35.5;21.5;22.8;91.0;93.0;60.3;65.3;95.2;89.6;14.3;12.4;3.4;3.9;13.4;11.9;2.4;2.4;11.7;10.0;7.8;10.9,31.29,0.07,0.0,6.71,15.057,0.795,4882.0,22753.0,4,16,,,,,,,,,,,,,,,,,,,,,,,,,,,,,,,,,,,,,,,,,,,,,,,,,,,,,,,,,,,,,
156,3,,,,,,,99,96,67,17,231.4,2730,10801,37,0,22.4,15.7;2.9;18.1;12.4;4.2;5.6;92.0;89.2;46.2;60.1;91.0;93.2;0.7;1.2;0.2;0.0;0.2;0.5;0.0;0.2;1.0;0.2;0.5;1.2,31.28,0.07,0.0,4.16,15.057,0.795,22558.0,44921.0,4,16,,,,,,,,,,,,,,,,,,,,,,,,,,,,,,,,,,,,,,,,,,,,,,,,,,,,,,,,,,,,,
156,4,,,,,,,96,89,68,17,230.3,2730,10801,37,0,21.7,13.0;3.6;12.7;12.8;3.9;6.0;81.7;93.7;51.2;44.9;92.8;92.8;1.7;2.7;0.5;1.0;0.5;1.0;0.5;1.0;0.7;1.0;0.0;1.7,31.25,0.07,0.0,4.26,15.057,0.795,18457.0,10839.0,4,16,,,,,,,,,,,,,,,,,,,,,,,,,,,,,,,,,,,,,,,,,,,,,,,,,,,,,,,,,,,,,
156,5,,,,,,,100,67,67,14,234.4,2730,10801,37,0,21.4,14.0;2.2;15.0;10.3;3.9;4.2;88.2;94.6;49.9;47.3;94.4;88.2;1.2;0.5;0.0;0.0;0.5;0.5;0.0;0.2;0.0;0.0;0.0;0.0,31.24,0.07,0.0,3.18,15.057,0.795,4589.0,25292.0,4,16,,,,,,,,,,,,,,,,,,,,,,,,,,,,,,,,,,,,,,,,,,,,,,,,,,,,,,,,,,,,,
156,6,,,,,,,97,88,66,17,232.0,2730,10801,37,0,13.4,11.5;1.7;12.1;13.8;2.7;3.0;55.9;48.6;22.9;20.2;64.3;59.9;1.2;1.2;0.0;0.0;0.2;0.2;0.5;0.5;0.5;0.0;0.2;0.0,31.21,0.07,0.0,1.95,15.057,0.795,8349.0,24414.0,4,16,,,,,,,,,,,,,,,,,,,,,,,,,,,,,,,,,,,,,,,,,,,,,,,,,,,,,,,,,,,,,
156,7,,,,,,,100,68,67,17,234.5,2730,10801,36,0,6.4,11.9;0.0;1.1;2.8;0.3;0.6;17.8;24.0;3.9;3.1;27.9;58.4;0.3;0.3;0.6;0.3;0.0;0.0;0.0;0.0;0.0;0.3;0.3;0.6,31.19,0.07,0.0,2.36,15.057,0.795,1416.0,1416.0,4,16,,,,,,,,,,,,,,,,,,,,,,,,,,,,,,,,,,,,,,,,,,,,,,,,,,,,,,,,,,,,,
156,summary,0.28586896719482435,0.9989464105016244,0.2825109617445204,1.0,0.00011856,39.7,,,,,,,,,,,,,,,,,,,,,,0,84.57,100,0,68.0,96,57,65.43,68,14,17.86,27,54.7,207.33,234.5,2537.1,10801.0,36.7,0,6.4,25.79,63.8,31.19,31.26,31.37,63.16,0.07,0.07,0.07,16.0,0.0,0.0,0.0,1.95,4.01,6.71,10.953,14.262,15.057,15.06,15.065,15.992,0.795,0.8,0.803,1416.0,12785.57,29248.0,1416.0,24846.0,44921.0,4,4.0,4,16,16.0,16,4,16,31.67,7.21
157,1,,,,,,,0,0,58,25,54.4,1350,5001,37,0,64.2,80.7;84.6;90.9;88.8;86.1;85.3;91.0;92.4;79.0;80.4;97.2;88.8;62.5;55.2;33.3;30.1;52.4;60.1;16.1;20.3;44.1;51.0;38.2;32.2,31.34,0.07,0.0,3.96,15.065,0.803,6445.0,16503.0,4,16,,,,,,,,,,,,,,,,,,,,,,,,,,,,,,,,,,,,,,,,,,,,,,,,,,,,,,,,,,,,,
157,2,,,,,,,100,69,67,18,234.5,2730,10801,36,0,31.1,26.4;14.2;36.5;27.9;18.2;20.6;87.7;93.1;53.4;73.5;91.7;91.7;13.5;12.6;5.7;5.5;12.1;11.2;5.0;3.1;10.4;11.4;8.6;10.0,31.27,0.07,0.0,5.49,15.057,0.795,4736.0,37109.0,4,16,,,,,,,,,,,,,,,,,,,,,,,,,,,,,,,,,,,,,,,,,,,,,,,,,,,,,,,,,,,,,
157,3,,,,,,,100,98,66,18,232.1,2730,10801,37,0,22.2,13.9;4.9;16.6;18.4;4.2;7.1;86.1;86.4;46.7;63.0;84.8;87.8;2.2;1.0;1.2;1.0;0.7;1.5;0.2;0.5;1.2;1.2;1.5;1.5,31.26,0.07,0.0,4.44,15.057,0.795,26123.0,20654.0,4,16,,,,,,,,,,,,,,,,,,,,,,,,,,,,,,,,,,,,,,,,,,,,,,,,,,,,,,,,,,,,,
157,4,,,,,,,100,76,67,17,234.3,2730,10801,36,0,22.4,14.8;2.4;14.4;16.1;3.4;6.8;87.8;93.2;45.7;57.1;93.2;92.7;1.2;1.2;0.7;0.2;0.2;0.5;0.7;0.2;0.5;1.0;1.2;1.0,31.24,0.07,0.0,2.75,15.057,0.795,15917.0,21044.0,4,16,,,,,,,,,,,,,,,,,,,,,,,,,,,,,,,,,,,,,,,,,,,,,,,,,,,,,,,,,,,,,
157,5,,,,,,,100,94,67,16,231.4,2730,10801,37,0,21.9,14.7;2.5;13.0;13.5;2.7;3.4;91.9;87.1;41.1;62.9;95.1;91.2;1.2;0.7;0.0;0.2;1.0;1.0;0.2;1.0;0.2;0.2;0.2;0.2,31.21,0.07,0.0,2.74,15.057,0.795,4492.0,35302.0,4,16,,,,,,,,,,,,,,,,,,,,,,,,,,,,,,,,,,,,,,,,,,,,,,,,,,,,,,,,,,,,,
157,6,,,,,,,98,93,67,18,231.4,2730,10801,37,0,13.6,13.1;2.0;8.3;7.6;4.4;2.7;63.4;57.9;25.8;18.5;44.8;70.7;1.7;0.5;0.5;0.0;0.0;1.0;0.0;0.5;0.7;0.7;0.2;0.7,31.21,0.07,0.0,2.26,15.057,0.795,23339.0,14453.0,4,16,,,,,,,,,,,,,,,,,,,,,,,,,,,,,,,,,,,,,,,,,,,,,,,,,,,,,,,,,,,,,
157,7,,,,,,,100,68,68,16,234.9,2730,10801,37,0,7.5,14.9;1.4;3.9;3.0;1.9;1.9;15.3;59.2;4.7;3.6;27.0;28.3;3.1;0.6;0.6;0.6;1.1;1.1;0.8;0.0;2.5;1.7;1.1;1.1,31.2,0.07,0.0,1.51,15.057,0.795,976.0,1513.0,4,16,,,,,,,,,,,,,,,,,,,,,,,,,,,,,,,,,,,,,,,,,,,,,,,,,,,,,,,,,,,,,
157,summary,0.28623721486365683,0.9987750574843062,0.28248776104715134,1.0,0.00011344,39.8,,,,,,,,,,,,,,,,,,,,,,0,85.43,100,0,71.14,98,58,65.71,68,16,18.29,25,54.4,207.57,234.9,2532.9,9972.4,36.7,0,7.5,26.13,64.2,31.2,31.25,31.34,63.16,0.07,0.07,0.07,16.0,0.0,0.0,0.0,1.51,3.31,5.49,10.956,14.262,15.057,15.06,15.065,15.992,0.795,0.8,0.803,976.0,11718.29,26123.0,1513.0,20939.71,37109.0,4,4.0,4,16,16.0,16,4,16,31.45,7.55
158,1,,,,,,,0,0,57,27,54.4,1335,10801,36,0,63.8,76.0;77.7;88.6;87.3;72.3;76.4;89.9;91.2;79.7;85.8;91.2;89.9;59.5;55.4;32.5;30.8;58.8;58.8;23.2;22.9;59.1;52.3;41.7;37.6,31.39,0.07,0.0,6.91,15.065,0.803,8544.0,25537.0,4,16,,,,,,,,,,,,,,,,,,,,,,,,,,,,,,,,,,,,,,,,,,,,,,,,,,,,,,,,,,,,,
158,2,,,,,,,100,68,67,17,233.6,2730,10801,37,0,31.1,26.2;15.3;34.6;37.4;18.2;19.7;87.6;92.5;51.2;72.1;96.8;95.1;12.4;11.7;2.9;3.4;10.4;12.1;3.6;2.4;10.7;11.2;10.0;9.5,31.3,0.07,0.0,5.93,15.057,0.795,21386.0,30419.0,4,16,,,,,,,,,,,,,,,,,,,,,,,,,,,,,,,,,,,,,,,,,,,,,,,,,,,,,,,,,,,,,
158,3,,,,,,,96,89,68,17,230.0,2730,10801,37,0,22.5,14.2;3.7;19.0;10.0;4.6;5.6;94.9;87.5;53.2;47.7;94.2;94.2;1.0;1.5;0.5;1.0;0.5;1.2;0.5;1.2;1.2;1.0;0.7;1.5,31.27,0.07,0.0,5.08,15.057,0.795,4736.0,21728.0,4,16,,,,,,,,,,,,,,,,,,,,,,,,,,,,,,,,,,,,,,,,,,,,,,,,,,,,,,,,,,,,,
158,4,,,,,,,96,91,71,18,230.7,2730,10801,37,0,22.0,17.7;3.6;13.0;15.0;5.6;7.0;91.0;89.2;51.6;44.3;83.6;93.0;2.4;1.7;0.0;0.5;1.2;0.7;0.7;1.0;1.0;1.0;1.2;1.2,31.24,0.07,0.0,3.92,15.057,0.795,43115.0,177246.0,4,16,,,,,,,,,,,,,,,,,,,,,,,,,,,,,,,,,,,,,,,,,,,,,,,,,,,,,,,,,,,,,
158,5,,,,,,,100,66,67,19,230.3,2730,10801,37,0,22.4,15.4;3.7;16.0;13.2;4.6;6.1;92.7;94.9;55.6;51.6;84.1;92.0;1.5;1.7;0.5;0.2;0.2;0.7;0.2;0.2;0.2;0.7;0.5;0.2,31.23,0.07,0.0,2.68,15.057,0.795,7421.0,44335.0,4,16,,,,,,,,,,,,,,,,,,,,,,,,,,,,,,,,,,,,,,,,,,,,,,,,,,,,,,,,,,,,,
158,6,,,,,,,97,89,67,17,232.8,2730,10801,37,0,13.7,12.4;2.0;10.1;5.4;3.2;2.0;64.1;51.6;22.9;24.4;70.0;51.7;1.2;1.0;0.0;0.5;0.5;1.0;0.2;0.7;0.2;0.7;0.2;1.2,31.21,0.07,0.0,2.41,15.057,0.795,29394.0,39257.0,4,16,,,,,,,,,,,,,,,,,,,,,,,,,,,,,,,,,,,,,,,,,,,,,,,,,,,,,,,,,,,,,
158,7,,,,,,,97,89,67,15,231.1,2730,10801,36,0,6.4,12.4;0.8;1.7;1.4;0.6;0.3;36.8;25.8;4.4;3.3;25.6;40.4;0.0;0.0;0.0;0.0;0.0;0.0;0.0;0.3;0.0;0.0;0.0;0.3,31.2,0.07,0.0,1.86,15.057,0.795,292.0,1708.0,4,16,,,,,,,,,,,,,,,,,,,,,,,,,,,,,,,,,,,,,,,,,,,,,,,,,,,,,,,,,,,,,
158,summary,0.2860376241218264,0.9988445249237595,0.28250988035731844,1.0,0.00010842,39.7,,,,,,,,,,,,,,,,,,,,,,0,83.71,100,0,70.29,91,57,66.29,71,15,18.57,27,54.4,206.13,233.6,2530.7,10801.0,36.7,0,6.4,25.99,63.8,31.2,31.26,31.39,63.16,0.07,0.07,0.07,16.0,0.0,0.0,0.0,1.86,4.11,6.91,10.956,14.262,15.057,15.06,15.065,15.992,0.795,0.8,0.803,292.0,16412.57,43115.0,1708.0,48604.29,177246.0,4,4.0,4,16,16.0,16,4,16,31.91,7.02
159,1,,,,,,,35,32,57,27,55.0,1365,10801,36,0,63.7,80.8;83.0;89.0;89.7;84.4;81.0;93.2;95.2;88.4;87.0;94.6;95.2;57.8;60.8;17.8;17.7;55.4;56.5;16.3;16.9;46.6;51.0;34.0;38.3,31.36,0.07,0.0,4.69,15.065,0.803,8544.0,13183.0,4,16,,,,,,,,,,,,,,,,,,,,,,,,,,,,,,,,,,,,,,,,,,,,,,,,,,,,,,,,,,,,,
159,2,,,,,,,100,98,66,18,230.7,2730,10801,37,0,31.2,27.7;15.8;33.1;28.3;25.8;22.6;90.2;85.0;63.2;58.6;96.0;95.5;13.4;12.6;5.0;5.3;12.2;12.4;2.4;1.4;10.9;10.5;8.4;11.6,31.29,0.07,0.0,5.54,15.057,0.795,25390.0,10937.0,4,16,,,,,,,,,,,,,,,,,,,,,,,,,,,,,,,,,,,,,,,,,,,,,,,,,,,,,,,,,,,,,
159,3,,,,,,,98,76,66,15,233.1,2730,10801,36,0,22.3,11.3;1.7;14.3;13.0;3.4;3.2;94.6;94.6;54.5;49.3;95.1;94.8;0.7;1.5;0.2;0.2;0.5;0.0;0.0;0.0;1.0;0.2;0.0;1.5,31.25,0.07,0.0,3.7,15.057,0.795,26123.0,12158.0,4,16,,,,,,,,,,,,,,,,,,,,,,,,,,,,,,,,,,,,,,,,,,,,,,,,,,,,,,,,,,,,,
159,4,,,,,,,100,91,68,18,231.7,2730,10801,36,0,21.9,14.6;2.9;13.4;8.0;2.4;4.6;88.3;93.0;55.1;51.4;91.7;93.4;1.0;0.7;0.2;0.2;0.5;0.2;0.0;0.0;2.4;0.5;0.0;0.2,31.23,0.07,0.0,3.51,15.057,0.795,4492.0,30175.0,4,16,,,,,,,,,,,,,,,,,,,,,,,,,,,,,,,,,,,,,,,,,,,,,,,,,,,,,,,,,,,,,
159,5,,,,,,,96,85,66,18,232.6,2730,10801,37,0,22.9,14.1;2.7;24.4;13.0;3.7;5.4;92.2;93.9;47.8;52.7;91.4;94.1;2.5;2.2;1.2;0.7;0.5;1.2;0.2;0.5;1.5;1.0;0.7;1.5,31.21,0.07,0.0,2.69,15.057,0.795,9619.0,41210.0,4,16,,,,,,,,,,,,,,,,,,,,,,,,,,,,,,,,,,,,,,,,,,,,,,,,,,,,,,,,,,,,,
159,6,,,,,,,98,74,67,16,233.9,2730,10801,37,0,14.0,15.7;2.4;7.7;8.7;5.5;1.9;57.1;54.5;22.2;25.1;54.1;71.7;1.0;1.7;0.2;0.7;1.0;0.2;0.0;0.2;2.2;0.5;0.5;1.0,31.21,0.07,0.0,1.98,15.057,0.795,5322.0,47314.0,4,16,,,,,,,,,,,,,,,,,,,,,,,,,,,,,,,,,,,,,,,,,,,,,,,,,,,,,,,,,,,,,
159,7,,,,,,,100,98,68,17,234.0,2730,10801,36,0,6.8,14.8;1.1;1.4;1.4;1.7;0.6;36.5;39.2;6.4;2.8;18.1;34.3;0.3;0.3;0.0;0.6;0.3;0.8;0.0;0.0;0.6;0.0;0.0;0.0,31.2,0.07,0.0,1.8,15.057,0.795,0.0,1708.0,4,16,,,,,,,,,,,,,,,,,,,,,,,,,,,,,,,,,,,,,,,,,,,,,,,,,,,,,,,,,,,,,
159,summary,0.286232179528116,0.9988468405050746,0.28251033176316154,1.0,0.00010351,39.8,,,,,,,,,,,,,,,,,,,,,,35,89.57,100,32,79.14,98,57,65.43,68,15,18.43,27,55.0,207.29,234.0,2535.0,10801.0,36.4,0,6.8,26.11,63.7,31.2,31.25,31.36,63.16,0.07,0.07,0.07,16.0,0.0,0.0,0.0,1.8,3.42,5.54,10.954,14.262,15.057,15.06,15.065,15.992,0.795,0.8,0.803,0.0,11355.71,26123.0,1708.0,22383.57,47314.0,4,4.0,4,16,16.0,16,4,16,31.59,7.44
160,1,,,,,,,4,4,57,25,52.0,1200,5001,36,0,63.8,79.7;83.7;90.5;90.5;84.6;86.4;91.2;91.2;85.0;85.0;95.2;98.0;62.8;60.8;23.2;22.7;51.0;58.3;14.2;16.9;50.0;47.1;32.9;41.2,31.35,0.07,0.0,3.76,15.065,0.803,2587.0,45556.0,4,16,,,,,,,,,,,,,,,,,,,,,,,,,,,,,,,,,,,,,,,,,,,,,,,,,,,,,,,,,,,,,
160,2,,,,,,,96,88,67,16,231.1,2730,10801,37,0,30.7,27.2;14.7;30.0;36.2;20.5;20.7;91.5;90.6;54.5;64.6;94.2;90.8;14.1;13.3;2.9;4.4;10.4;11.6;4.4;4.6;10.4;9.2;6.3;10.0,31.28,0.07,0.0,5.6,15.057,0.795,5566.0,37304.0,4,16,,,,,,,,,,,,,,,,,,,,,,,,,,,,,,,,,,,,,,,,,,,,,,,,,,,,,,,,,,,,,
160,3,,,,,,,100,68,68,17,234.5,2730,10801,37,0,21.9,12.7;1.5;13.4;11.7;5.4;5.9;96.1;85.4;48.0;60.0;87.8;94.6;1.5;0.5;0.2;0.0;0.5;0.5;0.0;0.5;1.7;0.0;0.0;0.0,31.25,0.07,0.0,4.46,15.057,0.795,7373.0,10791.0,4,16,,,,,,,,,,,,,,,,,,,,,,,,,,,,,,,,,,,,,,,,,,,,,,,,,,,,,,,,,,,,,
160,4,,,,,,,100,68,70,17,234.4,2730,10801,37,0,20.8,12.8;1.5;13.8;8.7;7.5;6.7;91.0;84.0;42.9;49.2;85.7;90.3;1.2;0.7;0.2;0.5;0.7;0.7;0.5;0.0;0.2;1.2;0.0;0.5,31.23,0.07,0.0,2.72,15.057,0.795,31689.0,18115.0,4,16,,,,,,,,,,,,,,,,,,,,,,,,,,,,,,,,,,,,,,,,,,,,,,,,,,,,,,,,,,,,,
160,5,,,,,,,96,88,67,16,231.1,2730,10801,37,0,22.5,14.8;2.2;20.3;9.3;3.4;7.3;91.4;96.1;54.4;45.7;89.0;90.7;2.4;2.0;0.5;0.7;0.5;2.0;0.5;1.2;1.5;2.0;1.2;2.2,31.22,0.07,0.0,2.74,15.057,0.795,7666.0,12500.0,4,16,,,,,,,,,,,,,,,,,,,,,,,,,,,,,,,,,,,,,,,,,,,,,,,,,,,,,,,,,,,,,
160,6,,,,,,,100,69,68,16,235.2,2730,10801,37,0,14.4,14.7;1.7;9.3;7.4;4.4;3.4;57.0;86.0;27.1;20.6;47.9;54.1;2.0;0.7;0.7;0.2;1.0;1.0;0.2;1.0;1.5;1.2;0.7;1.5,31.21,0.07,0.0,2.26,15.057,0.795,27783.0,12060.0,4,16,,,,,,,,,,,,,,,,,,,,,,,,,,,,,,,,,,,,,,,,,,,,,,,,,,,,,,,,,,,,,
160,7,,,,,,,97,89,68,19,231.2,2730,10801,37,0,7.2,13.4;1.1;2.2;3.4;1.1;1.1;27.7;21.4;4.2;4.7;35.9;47.4;1.1;0.6;0.3;1.1;0.6;1.1;0.0;0.3;0.3;0.6;1.1;1.4,31.19,0.07,0.0,1.53,15.057,0.795,341.0,390.0,4,16,,,,,,,,,,,,,,,,,,,,,,,,,,,,,,,,,,,,,,,,,,,,,,,,,,,,,,,,,,,,,
160,summary,0.2859776831694534,0.9989000988753222,0.2825350917710198,1.0,0.00009869,39.8,,,,,,,,,,,,,,,,,,,,,,4,84.71,100,4,67.71,89,57,66.43,70,16,18.0,25,52.0,207.07,235.2,2511.4,9972.4,36.9,0,7.2,25.9,63.8,31.19,31.25,31.35,63.16,0.07,0.07,0.07,16.0,0.0,0.0,0.0,1.53,3.3,5.6,10.954,14.262,15.057,15.06,15.065,15.992,0.795,0.8,0.803,341.0,11857.86,31689.0,390.0,19530.86,45556.0,4,4.0,4,16,16.0,16,4,16,31.77,7.18
161,1,,,,,,,64,53,58,24,59.3,1320,5001,37,0,64.5,74.7;80.7;89.6;86.9;81.0;81.5;88.3;93.8;87.7;90.3;91.7;99.3;58.2;57.5;26.2;33.6;54.8;58.9;20.0;21.3;48.3;47.6;39.7;42.5,31.34,0.07,0.0,7.44,15.065,0.803,10009.0,18115.0,4,16,,,,,,,,,,,,,,,,,,,,,,,,,,,,,,,,,,,,,,,,,,,,,,,,,,,,,,,,,,,,,
161,2,,,,,,,100,98,67,18,231.5,2730,10801,37,0,31.1,26.8;16.8;31.5;28.5;19.2;18.3;91.0;86.2;55.7;66.4;96.5;96.0;14.7;13.5;4.3;5.5;12.1;11.9;2.9;3.6;12.5;12.8;6.9;10.2,31.27,0.07,0.0,4.28,15.057,0.795,4199.0,37939.0,4,16,,,,,,,,,,,,,,,,,,,,,,,,,,,,,,,,,,,,,,,,,,,,,,,,,,,,,,,,,,,,,
161,3,,,,,,,98,76,66,18,234.5,2730,10801,36,0,22.7,12.4;2.2;18.7;16.7;5.9;5.6;95.3;94.3;50.1;54.3;90.7;95.8;0.5;0.5;0.0;0.5;0.2;0.2;0.2;0.2;0.2;0.5;0.0;0.5,31.25,0.07,0.0,4.49,15.057,0.795,24218.0,11962.0,4,16,,,,,,,,,,,,,,,,,,,,,,,,,,,,,,,,,,,,,,,,,,,,,,,,,,,,,,,,,,,,,
161,4,,,,,,,100,91,67,17,231.6,2730,10801,36,0,21.7,14.6;1.7;20.2;10.7;6.3;3.7;94.2;90.8;51.8;45.9;87.1;89.3;1.0;1.2;0.0;0.0;0.7;0.2;0.0;0.0;1.2;0.2;0.0;0.2,31.22,0.07,0.02,3.48,15.057,0.795,15869.0,10888.0,4,16,,,,,,,,,,,,,,,,,,,,,,,,,,,,,,,,,,,,,,,,,,,,,,,,,,,,,,,,,,,,,
161,5,,,,,,,96,83,69,17,233.2,2730,10801,37,0,22.0,11.7;1.7;17.6;11.0;3.7;3.7;86.6;90.4;52.1;51.3;95.4;91.7;1.0;2.2;0.7;1.0;1.5;0.7;0.2;0.5;1.0;1.0;1.0;1.2,31.22,0.07,0.17,2.89,15.057,0.795,5566.0,40332.0,4,16,,,,,,,,,,,,,,,,,,,,,,,,,,,,,,,,,,,,,,,,,,,,,,,,,,,,,,,,,,,,,
161,6,,,,,,,100,77,69,19,235.3,2730,10801,37,0,13.0,11.7;0.5;6.6;4.9;1.9;1.2;51.2;47.0;27.0;18.2;60.5;78.2;0.2;0.7;0.0;0.0;0.2;0.2;0.0;0.0;0.0;0.2;0.0;0.5,31.21,0.07,0.0,2.69,15.057,0.795,28369.0,14111.0,4,16,,,,,,,,,,,,,,,,,,,,,,,,,,,,,,,,,,,,,,,,,,,,,,,,,,,,,,,,,,,,,
161,7,,,,,,,99,94,67,17,233.8,2730,10801,36,0,7.8,12.3;2.2;3.6;3.3;3.1;1.7;57.7;31.7;9.4;6.1;29.8;15.5;1.4;1.1;1.1;0.8;0.8;1.1;0.6;0.8;1.4;0.3;0.8;1.1,31.2,0.07,0.0,1.57,15.057,0.795,781.0,1611.0,4,16,,,,,,,,,,,,,,,,,,,,,,,,,,,,,,,,,,,,,,,,,,,,,,,,,,,,,,,,,,,,,
161,summary,0.28606824625068333,0.9988468405050746,0.28248841953277587,1.0,0.00009397,39.8,,,,,,,,,,,,,,,,,,,,,,64,93.86,100,53,81.71,98,58,66.14,69,17,18.57,24,59.3,208.46,235.3,2528.6,9972.4,36.6,0,7.8,26.11,64.5,31.2,31.24,31.34,63.16,0.07,0.07,0.07,16.0,0.0,0.03,0.17,1.57,3.83,7.44,10.952,14.262,15.057,15.06,15.065,15.992,0.795,0.8,0.803,781.0,12715.86,28369.0,1611.0,19279.71,40332.0,4,4.0,4,16,16.0,16,4,16,31.46,7.57
162,1,,,,,,,25,22,60,27,55.0,1260,10801,37,0,64.5,73.8;81.0;87.7;87.2;77.0;80.1;94.5;92.5;86.5;88.5;89.8;95.9;54.7;52.7;30.4;33.3;51.4;56.1;24.5;26.5;46.7;55.1;41.2;43.8,31.35,0.07,0.0,4.67,15.065,0.803,3662.0,18457.0,4,16,,,,,,,,,,,,,,,,,,,,,,,,,,,,,,,,,,,,,,,,,,,,,,,,,,,,,,,,,,,,,
162,2,,,,,,,96,81,69,17,233.1,2730,10801,36,0,30.8,26.9;13.9;33.6;30.7;20.4;18.5;93.7;90.3;53.1;58.4;90.5;93.2;14.6;12.0;4.9;4.4;12.2;10.9;3.2;4.4;13.8;13.2;9.5;11.0,31.27,0.07,0.0,5.63,15.057,0.795,40576.0,55224.0,4,16,,,,,,,,,,,,,,,,,,,,,,,,,,,,,,,,,,,,,,,,,,,,,,,,,,,,,,,,,,,,,
162,3,,,,,,,100,85,66,16,232.6,2730,10801,37,0,22.7,14.8;3.2;15.9;14.6;6.1;4.2;91.9;92.6;48.3;53.3;95.9;89.8;1.7;1.7;1.7;1.0;0.7;0.7;0.7;1.5;1.7;1.7;0.7;1.2,31.26,0.07,0.0,3.74,15.057,0.795,5664.0,27392.0,4,16,,,,,,,,,,,,,,,,,,,,,,,,,,,,,,,,,,,,,,,,,,,,,,,,,,,,,,,,,,,,,
162,4,,,,,,,100,93,68,17,222.6,2730,10801,36,0,22.4,15.2;2.4;21.0;10.5;7.2;2.7;96.4;94.4;43.2;51.0;93.2;95.2;0.5;1.2;0.2;0.0;1.2;0.2;0.5;0.0;1.2;1.2;0.5;0.0,31.24,0.07,0.0,3.46,15.057,0.795,18066.0,17968.0,4,16,,,,,,,,,,,,,,,,,,,,,,,,,,,,,,,,,,,,,,,,,,,,,,,,,,,,,,,,,,,,,
162,5,,,,,,,96,80,69,15,234.3,2730,10801,37,0,21.5,13.4;1.7;15.8;15.8;2.9;4.6;96.6;89.3;42.9;55.1;86.9;84.6;1.0;0.5;0.5;0.2;0.5;0.2;0.0;0.5;1.2;0.7;0.0;0.2,31.23,0.07,0.0,2.73,15.057,0.795,23437.0,45117.0,4,16,,,,,,,,,,,,,,,,,,,,,,,,,,,,,,,,,,,,,,,,,,,,,,,,,,,,,,,,,,,,,
162,6,,,,,,,100,84,66,17,233.8,2730,10801,37,0,13.8,12.8;1.5;9.4;7.8;2.0;2.5;49.5;67.3;20.4;28.9;54.8;68.7;0.5;1.2;0.2;0.0;0.5;0.2;0.0;0.0;0.0;0.0;0.0;1.0,31.22,0.07,0.0,1.97,15.057,0.795,31054.0,13916.0,4,16,,,,,,,,,,,,,,,,,,,,,,,,,,,,,,,,,,,,,,,,,,,,,,,,,,,,,,,,,,,,,
162,7,,,,,,,96,76,71,17,234.1,2730,10801,37,0,7.0,13.6;0.3;5.3;2.0;0.8;1.1;38.6;22.5;5.0;4.7;38.7;29.7;0.3;0.0;0.0;0.3;0.3;0.3;0.0;0.3;0.0;0.3;1.1;1.9,31.18,0.07,0.0,1.44,15.057,0.795,781.0,195.0,4,16,,,,,,,,,,,,,,,,,,,,,,,,,,,,,,,,,,,,,,,,,,,,,,,,,,,,,,,,,,,,,
162,summary,0.28602671639619787,0.9989325170137338,0.2824958721001943,1.0,0.00008936,39.7,,,,,,,,,,,,,,,,,,,,,,25,87.57,100,22,74.43,93,60,67.0,71,15,18.0,27,55.0,206.5,234.3,2520.0,10801.0,36.7,0,7.0,26.1,64.5,31.18,31.25,31.35,63.16,0.07,0.07,0.07,16.0,0.0,0.0,0.0,1.44,3.38,5.63,10.952,14.262,15.057,15.06,15.065,15.992,0.795,0.8,0.803,781.0,17605.71,40576.0,195.0,25467.0,55224.0,4,4.0,4,16,16.0,16,4,16,31.67,7.22
163,1,,,,,,,0,0,58,25,73.2,2745,10801,36,0,63.0,72.4;75.7;91.0;86.8;83.3;84.1;90.3;94.4;82.8;86.1;94.5;93.8;52.4;52.4;20.7;25.8;55.0;58.9;15.3;16.4;51.0;53.1;42.5;42.4,31.35,0.07,0.0,4.8,15.065,0.803,5517.0,45751.0,4,16,,,,,,,,,,,,,,,,,,,,,,,,,,,,,,,,,,,,,,,,,,,,,,,,,,,,,,,,,,,,,
163,2,,,,,,,100,87,65,18,232.4,2730,10801,36,0,31.0,28.1;14.3;34.4;34.6;18.6;16.7;93.6;87.1;57.6;61.9;93.3;95.0;11.0;11.0;5.5;5.5;11.7;11.4;5.5;5.5;11.0;11.2;8.9;9.5,31.27,0.07,0.0,5.55,15.057,0.795,11718.0,186523.0,4,16,,,,,,,,,,,,,,,,,,,,,,,,,,,,,,,,,,,,,,,,,,,,,,,,,,,,,,,,,,,,,
163,3,,,,,,,100,94,66,18,232.5,2730,10801,37,0,22.4,14.3;2.7;18.6;13.3;6.8;4.2;91.4;94.1;54.2;47.7;88.5;90.2;2.7;0.7;0.5;1.2;1.5;1.5;0.2;0.5;1.2;0.7;0.7;1.0,31.26,0.07,0.0,4.47,15.057,0.795,22509.0,45898.0,4,16,,,,,,,,,,,,,,,,,,,,,,,,,,,,,,,,,,,,,,,,,,,,,,,,,,,,,,,,,,,,,
163,4,,,,,,,96,77,69,17,234.4,2730,10801,37,0,23.0,15.9;2.7;16.1;16.1;5.6;5.9;94.6;93.2;52.3;44.6;92.4;96.1;2.9;1.7;0.7;0.5;1.5;1.7;1.0;0.7;1.0;2.0;2.0;2.0,31.24,0.07,0.0,2.75,15.057,0.795,5419.0,31884.0,4,16,,,,,,,,,,,,,,,,,,,,,,,,,,,,,,,,,,,,,,,,,,,,,,,,,,,,,,,,,,,,,
163,5,,,,,,,100,85,66,17,232.4,2730,10801,37,0,22.4,12.8;2.2;15.3;12.4;4.4;5.6;95.4;95.1;47.0;50.1;93.9;95.9;2.0;0.5;0.0;0.5;0.7;0.5;0.0;0.2;0.5;0.5;1.2;1.5,31.22,0.07,0.0,2.72,15.057,0.795,4638.0,35156.0,4,16,,,,,,,,,,,,,,,,,,,,,,,,,,,,,,,,,,,,,,,,,,,,,,,,,,,,,,,,,,,,,
163,6,,,,,,,100,93,67,18,223.1,2730,10801,37,0,13.1,16.1;1.0;6.8;8.5;1.7;2.2;45.7;60.0;16.5;25.2;50.6;76.2;1.0;0.7;0.0;0.0;0.2;0.0;0.0;0.0;0.0;0.5;0.0;0.0,31.2,0.07,0.0,2.22,15.057,0.795,12451.0,39208.0,4,16,,,,,,,,,,,,,,,,,,,,,,,,,,,,,,,,,,,,,,,,,,,,,,,,,,,,,,,,,,,,,
163,7,,,,,,,100,75,68,17,235.5,2730,10801,36,0,6.6,13.5;0.0;1.4;1.9;0.8;0.6;39.8;43.3;6.6;5.0;31.5;10.6;0.0;0.6;0.0;0.0;0.8;0.6;0.0;0.0;0.3;0.8;0.0;0.0,31.2,0.07,0.0,2.38,15.057,0.795,585.0,15917.0,4,16,,,,,,,,,,,,,,,,,,,,,,,,,,,,,,,,,,,,,,,,,,,,,,,,,,,,,,,,,,,,,
163,summary,0.28603857123290616,0.9988931521313769,0.28247501299116345,1.0,0.00008486,39.8,,,,,,,,,,,,,,,,,,,,,,0,85.14,100,0,73.0,94,58,65.57,69,17,18.57,25,73.2,209.07,235.5,2732.1,10801.0,36.6,0,6.6,25.93,63.0,31.2,31.25,31.35,63.16,0.07,0.07,0.07,16.0,0.0,0.0,0.0,2.22,3.56,5.55,10.956,14.262,15.057,15.06,15.065,15.992,0.795,0.8,0.803,585.0,8976.71,22509.0,15917.0,57191.0,186523.0,4,4.0,4,16,16.0,16,4,16,31.66,7.32
164,1,,,,,,,0,0,58,27,71.6,1725,10801,37,0,63.1,78.1;76.4;87.8;86.4;79.1;81.2;92.5;94.0;83.2;81.0;89.8;91.8;58.7;63.8;27.9;28.6;52.3;57.7;21.6;22.3;42.3;46.3;34.2;37.3,31.38,0.07,0.0,4.67,15.065,0.803,43457.0,12646.0,4,16,,,,,,,,,,,,,,,,,,,,,,,,,,,,,,,,,,,,,,,,,,,,,,,,,,,,,,,,,,,,,
164,2,,,,,,,100,87,65,16,233.1,2730,10801,37,0,30.7,25.6;15.0;30.6;29.8;21.3;21.0;89.5;91.2;66.5;61.8;88.7;92.4;12.8;14.0;3.9;4.2;12.0;12.0;2.7;3.2;10.0;11.3;7.4;10.1,31.31,0.07,0.01,6.81,15.057,0.795,5908.0,42431.0,4,16,,,,,,,,,,,,,,,,,,,,,,,,,,,,,,,,,,,,,,,,,,,,,,,,,,,,,,,,,,,,,
164,3,,,,,,,96,90,70,17,232.2,2730,10801,36,0,22.1,13.4;1.5;16.0;16.2;5.4;5.1;96.1;94.5;56.3;51.8;87.9;81.8;0.2;0.0;0.5;0.2;0.5;0.7;0.0;0.0;0.7;0.2;0.2;1.0,31.28,0.07,0.01,5.17,15.057,0.795,8447.0,18701.0,4,16,,,,,,,,,,,,,,,,,,,,,,,,,,,,,,,,,,,,,,,,,,,,,,,,,,,,,,,,,,,,,
164,4,,,,,,,100,73,67,17,233.7,2730,10801,36,0,22.1,13.5;2.8;16.9;14.4;6.6;5.2;91.8;88.9;38.1;57.7;88.5;94.8;2.1;1.6;0.2;0.5;0.5;1.2;0.5;0.7;0.9;1.2;0.5;0.7,31.25,0.07,0.16,4.16,15.057,0.795,10351.0,97.0,4,16,,,,,,,,,,,,,,,,,,,,,,,,,,,,,,,,,,,,,,,,,,,,,,,,,,,,,,,,,,,,,
164,5,,,,,,,96,91,70,17,231.3,2730,10801,37,0,21.9,14.7;2.9;14.5;16.5;4.9;5.2;86.0;84.4;52.1;48.2;93.1;95.3;2.2;1.5;0.2;0.7;0.7;0.5;0.0;0.0;1.0;0.5;0.5;0.5,31.24,0.07,0.0,2.61,15.057,0.795,18310.0,12207.0,4,16,,,,,,,,,,,,,,,,,,,,,,,,,,,,,,,,,,,,,,,,,,,,,,,,,,,,,,,,,,,,,
164,6,,,,,,,100,66,67,16,234.7,2730,10801,37,0,13.3,11.9;1.0;5.9;9.1;3.4;2.9;48.4;66.1;20.1;26.8;59.2;58.8;1.2;0.5;0.2;0.2;0.2;0.2;0.0;0.0;1.2;0.0;0.0;0.7,31.19,0.07,0.0,2.42,15.057,0.795,25537.0,38769.0,4,16,,,,,,,,,,,,,,,,,,,,,,,,,,,,,,,,,,,,,,,,,,,,,,,,,,,,,,,,,,,,,
164,7,,,,,,,97,91,70,17,231.9,2730,10801,36,0,7.0,12.1;0.6;1.9;2.2;0.8;0.6;25.0;30.6;3.9;4.7;50.1;28.5;0.6;0.0;0.3;0.3;0.3;0.3;0.3;0.0;1.7;0.8;0.6;1.1,31.18,0.07,0.0,1.82,15.057,0.795,341.0,1855.0,4,16,,,,,,,,,,,,,,,,,,,,,,,,,,,,,,,,,,,,,,,,,,,,,,,,,,,,,,,,,,,,,
164,summary,0.28625853030726556,0.998832947017184,0.2824775769180722,1.0,0.00008046,39.8,,,,,,,,,,,,,,,,,,,,,,0,84.14,100,0,71.14,91,58,66.71,70,16,18.14,27,71.6,209.79,234.7,2586.4,10801.0,36.6,0,7.0,25.74,63.1,31.18,31.26,31.38,63.16,0.07,0.07,0.07,16.0,0.0,0.03,0.16,1.82,3.95,6.81,10.956,14.262,15.057,15.06,15.065,15.992,0.795,0.8,0.803,341.0,16050.14,43457.0,97.0,18100.86,42431.0,4,4.0,4,16,16.0,16,4,16,31.63,7.38
165,1,,,,,,,0,0,58,27,73.4,2745,10801,37,0,63.3,81.0;79.5;90.2;86.0;86.1;88.2;93.0;95.1;83.9;88.9;92.3;96.5;54.2;57.7;16.7;20.1;56.6;62.8;10.7;13.4;51.4;51.4;35.4;33.8,31.34,0.07,0.0,4.73,15.065,0.803,9667.0,11865.0,4,16,,,,,,,,,,,,,,,,,,,,,,,,,,,,,,,,,,,,,,,,,,,,,,,,,,,,,,,,,,,,,
165,2,,,,,,,100,89,65,17,230.9,2730,10801,37,0,32.6,22.5;15.9;40.7;36.7;21.5;21.3;96.1;97.1;57.6;65.9;95.6;94.1;13.4;14.5;5.9;7.1;12.0;13.2;3.9;4.4;11.5;11.0;9.5;11.0,31.29,0.07,0.0,5.68,15.057,0.795,5468.0,46533.0,4,16,,,,,,,,,,,,,,,,,,,,,,,,,,,,,,,,,,,,,,,,,,,,,,,,,,,,,,,,,,,,,
165,3,,,,,,,100,98,66,16,233.4,2730,10801,37,0,22.3,14.5;3.6;15.9;14.5;3.8;5.1;92.5;95.9;43.1;51.1;96.9;90.4;2.4;1.2;0.0;0.5;0.2;0.2;0.0;0.5;1.4;1.0;0.7;0.5,31.27,0.07,0.0,3.61,15.057,0.795,29882.0,42626.0,4,16,,,,,,,,,,,,,,,,,,,,,,,,,,,,,,,,,,,,,,,,,,,,,,,,,,,,,,,,,,,,,
165,4,,,,,,,100,82,68,15,232.7,2730,10801,37,0,21.8,13.8;1.5;11.5;15.1;3.2;4.9;92.2;91.0;41.4;60.1;95.9;90.7;1.2;0.2;0.2;0.0;0.2;0.2;0.0;0.0;0.0;1.0;0.5;0.5,31.26,0.07,0.0,3.53,15.057,0.795,26416.0,13183.0,4,16,,,,,,,,,,,,,,,,,,,,,,,,,,,,,,,,,,,,,,,,,,,,,,,,,,,,,,,,,,,,,
165,5,,,,,,,96,91,66,17,232.0,2730,10801,37,0,22.5,14.9;2.0;18.5;18.2;5.6;5.6;87.1;88.0;50.0;60.4;87.0;92.9;2.0;1.5;0.2;0.2;2.0;1.0;0.5;0.2;0.2;0.5;0.5;0.2,31.22,0.07,0.0,2.72,15.057,0.795,11230.0,12109.0,4,16,,,,,,,,,,,,,,,,,,,,,,,,,,,,,,,,,,,,,,,,,,,,,,,,,,,,,,,,,,,,,
165,6,,,,,,,100,73,69,17,233.6,2730,10801,37,0,13.6,12.6;2.5;10.3;6.7;2.5;3.0;51.4;59.8;20.7;23.4;58.0;72.5;0.5;0.5;0.0;0.0;0.7;0.2;0.0;0.0;1.2;0.5;0.0;0.0,31.21,0.07,0.0,1.91,15.057,0.795,6152.0,42773.0,4,16,,,,,,,,,,,,,,,,,,,,,,,,,,,,,,,,,,,,,,,,,,,,,,,,,,,,,,,,,,,,,
165,7,,,,,,,100,93,68,19,232.8,2730,10801,37,0,6.6,14.8;0.5;2.2;1.4;0.3;0.8;16.2;27.9;4.4;4.4;34.9;46.3;0.0;0.0;0.0;0.0;0.0;0.3;0.5;0.8;0.0;0.0;0.3;0.8,31.2,0.07,0.0,1.51,15.057,0.795,1367.0,1416.0,4,16,,,,,,,,,,,,,,,,,,,,,,,,,,,,,,,,,,,,,,,,,,,,,,,,,,,,,,,,,,,,,
165,summary,0.28563683706205356,0.999001984453187,0.28249578385882906,1.0,0.00007617,39.7,,,,,,,,,,,,,,,,,,,,,,0,85.14,100,0,75.14,98,58,65.71,69,15,18.29,27,73.4,209.83,233.6,2732.1,10801.0,37.0,0,6.6,26.1,63.3,31.2,31.26,31.34,63.16,0.07,0.07,0.07,16.0,0.0,0.0,0.0,1.51,3.38,5.68,10.956,14.262,15.057,15.06,15.065,15.992,0.795,0.8,0.803,1367.0,12883.14,29882.0,1416.0,24357.86,46533.0,4,4.0,4,16,16.0,16,4,16,31.44,7.48
166,1,,,,,,,0,0,58,25,56.8,1470,10801,36,0,64.3,80.1;83.0;89.1;87.8;86.3;85.6;87.7;87.0;83.0;86.3;92.5;96.6;57.5;56.8;25.3;26.0;54.7;51.4;21.2;21.2;50.3;51.0;41.8;41.8,31.36,0.07,0.0,4.65,15.065,0.803,6835.0,29931.0,4,16,,,,,,,,,,,,,,,,,,,,,,,,,,,,,,,,,,,,,,,,,,,,,,,,,,,,,,,,,,,,,
166,2,,,,,,,96,89,66,17,231.1,2730,10801,37,0,31.6,30.8;16.0;34.6;30.8;19.5;19.8;94.9;93.9;67.1;57.9;92.5;93.3;11.1;12.3;4.6;5.8;11.9;11.1;4.1;4.8;12.6;12.1;5.6;10.9,31.29,0.07,0.0,5.61,15.057,0.795,17480.0,31103.0,4,16,,,,,,,,,,,,,,,,,,,,,,,,,,,,,,,,,,,,,,,,,,,,,,,,,,,,,,,,,,,,,
166,3,,,,,,,100,68,70,17,234.2,2730,10801,37,0,22.1,11.7;2.2;19.3;14.9;5.4;5.1;90.9;94.2;50.2;50.5;90.5;87.0;2.4;1.5;0.2;0.5;0.2;0.5;0.0;0.7;0.5;1.0;0.5;0.5,31.27,0.07,0.0,4.49,15.057,0.795,6152.0,46240.0,4,16,,,,,,,,,,,,,,,,,,,,,,,,,,,,,,,,,,,,,,,,,,,,,,,,,,,,,,,,,,,,,
166,4,,,,,,,96,88,67,14,231.3,2730,10801,37,0,22.6,12.9;2.9;18.0;15.4;5.4;5.1;90.2;90.8;42.1;58.8;93.7;96.8;2.7;2.7;0.7;0.0;0.5;1.0;0.0;0.5;0.7;1.2;0.5;1.5,31.25,0.07,0.0,2.77,15.057,0.795,4638.0,23291.0,4,16,,,,,,,,,,,,,,,,,,,,,,,,,,,,,,,,,,,,,,,,,,,,,,,,,,,,,,,,,,,,,
166,5,,,,,,,96,89,67,17,231.4,2730,10801,37,0,21.9,15.3;1.7;13.3;13.3;4.8;4.6;90.1;84.9;41.0;61.1;93.3;94.7;1.7;0.5;0.0;0.0;0.7;0.0;0.2;1.0;0.5;0.5;0.5;1.0,31.24,0.07,0.0,2.7,15.073,0.811,16650.0,24267.0,4,16,,,,,,,,,,,,,,,,,,,,,,,,,,,,,,,,,,,,,,,,,,,,,,,,,,,,,,,,,,,,,
166,6,,,,,,,100,68,70,17,234.8,2730,10801,37,0,13.3,11.4;1.2;5.9;7.4;1.0;2.2;57.5;59.5;27.3;21.2;45.1;74.1;1.2;1.0;0.0;0.0;0.2;0.0;0.0;0.2;1.0;0.5;0.0;0.5,31.22,0.07,0.0,2.27,15.064,0.802,25146.0,15771.0,4,16,,,,,,,,,,,,,,,,,,,,,,,,,,,,,,,,,,,,,,,,,,,,,,,,,,,,,,,,,,,,,
166,7,,,,,,,93,74,67,20,230.7,2730,10801,37,0,6.6,10.6;1.4;2.2;2.8;0.8;1.4;35.6;37.0;4.4;3.6;35.4;18.8;0.3;0.3;0.0;0.3;0.0;0.8;0.0;0.3;0.6;0.6;0.0;0.0,31.21,0.07,0.0,1.58,15.057,0.795,3076.0,1562.0,4,16,,,,,,,,,,,,,,,,,,,,,,,,,,,,,,,,,,,,,,,,,,,,,,,,,,,,,,,,,,,,,
166,summary,0.2862422458502063,0.9988491560863897,0.28248942849371167,1.0,0.00007198,39.7,,,,,,,,,,,,,,,,,,,,,,0,83.0,100,0,68.0,89,58,66.43,70,14,18.14,25,56.8,207.19,234.8,2550.0,10801.0,36.9,0,6.6,26.06,64.3,31.21,31.26,31.36,63.16,0.07,0.07,0.07,16.0,0.0,0.0,0.0,1.58,3.44,5.61,10.951,14.262,15.057,15.06,15.073,15.992,0.795,0.8,0.811,3076.0,11425.29,25146.0,1562.0,24595.0,46240.0,4,4.0,4,16,16.0,16,4,16,31.57,7.35
167,1,,,,,,,0,0,58,27,57.0,1320,10801,37,0,64.3,79.3;82.9;89.8;91.7;83.6;87.1;93.1;96.6;86.2;90.3;89.7;91.0;58.9;63.0;22.8;23.3;59.2;58.8;16.4;15.8;48.3;47.9;35.6;32.0,31.38,0.07,0.0,3.83,15.065,0.803,3759.0,30957.0,4,16,,,,,,,,,,,,,,,,,,,,,,,,,,,,,,,,,,,,,,,,,,,,,,,,,,,,,,,,,,,,,
167,2,,,,,,,100,77,66,18,233.7,2730,10801,37,0,31.2,26.1;13.8;29.7;29.5;20.3;20.8;94.7;98.1;60.1;60.9;95.7;92.0;12.8;10.9;4.6;7.0;11.6;11.9;3.9;3.4;11.1;11.1;8.7;10.3,31.31,0.07,0.0,5.64,15.057,0.795,18750.0,43310.0,4,16,,,,,,,,,,,,,,,,,,,,,,,,,,,,,,,,,,,,,,,,,,,,,,,,,,,,,,,,,,,,,
167,3,,,,,,,100,69,68,16,234.9,2730,10801,37,0,21.8,14.3;1.4;11.8;11.8;2.9;5.1;95.9;95.2;50.6;42.5;94.2;92.8;1.4;1.4;0.0;0.0;0.0;0.7;0.0;0.2;0.0;0.0;0.7;1.0,31.27,0.07,0.0,4.41,15.057,0.795,16210.0,13281.0,4,16,,,,,,,,,,,,,,,,,,,,,,,,,,,,,,,,,,,,,,,,,,,,,,,,,,,,,,,,,,,,,
167,4,,,,,,,100,98,68,16,231.3,2730,10801,37,0,22.1,16.6;2.2;21.4;11.0;4.6;4.4;92.5;89.1;42.9;51.2;94.4;94.4;0.7;0.2;0.7;0.0;0.7;0.5;0.0;0.2;0.7;0.5;0.0;0.0,31.26,0.07,0.0,3.32,15.057,0.795,24755.0,10742.0,4,16,,,,,,,,,,,,,,,,,,,,,,,,,,,,,,,,,,,,,,,,,,,,,,,,,,,,,,,,,,,,,
167,5,,,,,,,100,78,66,18,234.5,2730,10801,37,0,22.5,12.1;3.7;20.8;13.3;4.9;6.9;84.8;91.4;41.8;62.9;89.2;95.6;2.0;1.2;0.2;0.2;1.0;0.7;0.2;0.2;2.9;0.2;1.5;2.4,31.24,0.07,0.0,2.11,15.057,0.795,26123.0,171679.0,4,16,,,,,,,,,,,,,,,,,,,,,,,,,,,,,,,,,,,,,,,,,,,,,,,,,,,,,,,,,,,,,
167,6,,,,,,,100,93,68,17,233.0,2730,10801,37,0,14.7,13.4;3.2;8.8;12.3;2.9;3.9;61.3;60.3;26.0;29.2;54.7;63.3;1.7;1.7;0.3;0.2;1.5;0.7;0.2;0.7;0.2;0.2;1.7;3.9,31.23,0.07,0.0,2.24,15.057,0.795,7812.0,47607.0,4,16,,,,,,,,,,,,,,,,,,,,,,,,,,,,,,,,,,,,,,,,,,,,,,,,,,,,,,,,,,,,,
167,7,,,,,,,97,89,67,18,231.5,2730,10801,37,0,7.2,17.8;2.2;3.0;1.4;0.5;1.6;42.2;38.4;7.4;4.1;15.6;27.7;0.8;0.8;0.8;0.0;0.3;0.3;0.3;0.8;0.8;0.8;0.8;3.8,31.21,0.07,0.0,1.45,15.057,0.795,0.0,1855.0,4,16,,,,,,,,,,,,,,,,,,,,,,,,,,,,,,,,,,,,,,,,,,,,,,,,,,,,,,,,,,,,,
167,summary,0.28559895575645683,0.999001984453187,0.2824657037523058,1.0,0.00006791,39.8,,,,,,,,,,,,,,,,,,,,,,0,85.29,100,0,72.0,98,58,65.86,68,16,18.57,27,57.0,207.99,234.9,2528.6,10801.0,37.0,0,7.2,26.26,64.3,31.21,31.27,31.38,63.16,0.07,0.07,0.07,16.0,0.0,0.0,0.0,1.45,3.29,5.64,10.955,14.262,15.057,15.06,15.065,15.992,0.795,0.8,0.803,0.0,13915.57,26123.0,1855.0,45633.0,171679.0,4,4.0,4,16,16.0,16,4,16,31.76,7.25
168,1,,,,,,,0,0,58,27,56.7,1305,5001,37,0,64.0,77.5;75.5;87.3;88.2;82.1;86.7;90.7;97.4;84.0;84.0;90.7;93.3;54.7;56.7;26.7;26.0;56.0;60.9;20.7;18.0;51.7;53.3;34.0;38.7,31.4,0.07,0.0,5.61,15.065,0.803,6787.0,23144.0,4,16,,,,,,,,,,,,,,,,,,,,,,,,,,,,,,,,,,,,,,,,,,,,,,,,,,,,,,,,,,,,,
168,2,,,,,,,99,96,66,16,231.3,2730,10801,37,0,30.9,23.5;16.4;35.1;34.9;23.9;16.2;94.9;95.7;71.7;52.8;91.8;81.1;13.3;11.8;2.9;4.1;13.0;11.2;2.4;2.9;11.8;11.6;9.5;9.9,31.31,0.07,0.01,6.68,15.057,0.795,26367.0,35937.0,4,16,,,,,,,,,,,,,,,,,,,,,,,,,,,,,,,,,,,,,,,,,,,,,,,,,,,,,,,,,,,,,
168,3,,,,,,,100,77,68,18,234.3,2730,10801,37,0,21.8,11.4;1.5;16.4;7.3;5.4;3.2;91.0;87.2;52.1;56.2;91.7;91.4;2.0;1.0;0.0;0.0;1.2;0.7;0.2;0.0;0.7;0.5;0.2;0.7,31.29,0.07,0.0,4.15,15.057,0.795,9521.0,11914.0,4,16,,,,,,,,,,,,,,,,,,,,,,,,,,,,,,,,,,,,,,,,,,,,,,,,,,,,,,,,,,,,,
168,4,,,,,,,100,96,67,17,232.4,2730,10801,37,0,22.3,13.3;2.4;20.1;17.0;2.9;3.9;90.7;92.4;44.0;53.8;95.3;93.4;2.0;0.5;0.5;0.7;0.2;0.7;0.5;0.2;0.2;0.2;0.5;0.0,31.26,0.07,0.0,4.42,15.057,0.795,14306.0,20996.0,4,16,,,,,,,,,,,,,,,,,,,,,,,,,,,,,,,,,,,,,,,,,,,,,,,,,,,,,,,,,,,,,
168,5,,,,,,,100,98,67,17,232.2,2730,10801,37,0,22.4,15.4;1.9;19.8;17.1;8.0;8.4;93.5;91.4;45.7;50.7;88.2;87.0;2.4;1.9;0.5;0.2;0.5;0.2;0.5;1.0;1.4;0.7;0.2;0.5,31.29,0.07,0.03,3.32,15.057,0.795,5664.0,20166.0,4,16,,,,,,,,,,,,,,,,,,,,,,,,,,,,,,,,,,,,,,,,,,,,,,,,,,,,,,,,,,,,,
168,6,,,,,,,100,75,68,19,234.2,2730,10801,37,0,14.4,14.5;2.2;10.2;7.6;6.3;3.7;64.3;65.8;24.0;23.8;51.7;64.5;0.7;1.0;0.5;0.7;0.5;0.7;0.2;0.2;0.7;0.2;1.0;1.0,31.27,0.07,0.0,1.96,15.057,0.795,22656.0,48095.0,4,16,,,,,,,,,,,,,,,,,,,,,,,,,,,,,,,,,,,,,,,,,,,,,,,,,,,,,,,,,,,,,
168,7,,,,,,,99,95,67,17,231.6,2730,10801,37,0,6.7,11.9;0.3;3.1;0.6;0.8;0.6;47.2;34.8;5.3;2.8;39.7;9.5;0.3;0.6;0.0;0.0;0.3;0.3;0.6;0.3;1.1;0.3;0.6;0.6,31.23,0.07,0.0,2.09,15.057,0.795,1123.0,1464.0,4,16,,,,,,,,,,,,,,,,,,,,,,,,,,,,,,,,,,,,,,,,,,,,,,,,,,,,,,,,,,,,,
168,summary,0.2859080544058843,0.9989394637576791,0.28247628190782337,1.0,0.00006394,39.8,,,,,,,,,,,,,,,,,,,,,,0,85.43,100,0,76.71,98,58,65.86,68,16,18.71,27,56.7,207.53,234.3,2526.4,9972.4,37.0,0,6.7,26.07,64.0,31.23,31.29,31.4,63.16,0.07,0.07,0.07,16.0,0.0,0.01,0.03,1.96,4.03,6.68,10.956,14.262,15.057,15.06,15.065,15.992,0.795,0.8,0.803,1123.0,12346.29,26367.0,1464.0,23102.29,48095.0,4,4.0,4,16,16.0,16,4,16,31.66,7.29
169,1,,,,,,,0,0,58,26,56.6,1305,10801,37,0,64.7,82.1;84.7;92.4;88.8;86.1;86.0;97.2;93.0;86.0;87.5;89.0;93.0;54.2;57.6;31.2;29.2;55.2;48.6;22.1;23.6;46.2;51.7;33.3;35.4,31.38,0.07,0.07,5.14,15.065,0.803,6396.0,7275.0,4,16,,,,,,,,,,,,,,,,,,,,,,,,,,,,,,,,,,,,,,,,,,,,,,,,,,,,,,,,,,,,,
169,2,,,,,,,96,76,68,17,233.3,2730,10801,37,0,32.0,25.2;16.3;31.3;27.0;20.7;19.3;97.6;97.6;67.7;58.4;94.7;96.4;14.5;12.3;4.8;6.5;11.6;12.6;4.3;4.1;12.3;11.4;9.9;9.7,31.33,0.07,0.08,6.4,15.057,0.795,48046.0,44482.0,4,16,,,,,,,,,,,,,,,,,,,,,,,,,,,,,,,,,,,,,,,,,,,,,,,,,,,,,,,,,,,,,
169,3,,,,,,,100,77,68,17,234.4,2730,10801,37,0,21.6,12.8;3.1;17.1;13.1;4.6;3.9;85.5;80.9;40.1;67.9;94.4;87.2;1.7;0.7;0.7;0.2;1.4;0.2;0.0;0.2;1.4;0.7;0.5;0.0,31.3,0.07,0.0,4.88,15.057,0.795,5712.0,22998.0,4,16,,,,,,,,,,,,,,,,,,,,,,,,,,,,,,,,,,,,,,,,,,,,,,,,,,,,,,,,,,,,,
169,4,,,,,,,100,93,69,16,232.7,2730,10801,36,0,22.3,13.2;3.9;15.4;14.6;7.1;4.9;77.7;90.7;39.6;68.0;95.1;94.1;2.2;2.7;1.0;0.2;0.5;1.2;0.0;0.0;1.0;0.7;1.5;0.7,31.27,0.07,0.0,2.76,15.057,0.795,15087.0,45410.0,4,16,,,,,,,,,,,,,,,,,,,,,,,,,,,,,,,,,,,,,,,,,,,,,,,,,,,,,,,,,,,,,
169,5,,,,,,,95,75,69,15,233.6,2730,10801,37,0,22.8,16.2;2.9;18.3;14.8;6.6;7.8;91.8;92.9;39.2;62.3;91.7;88.3;2.7;2.4;1.0;0.5;0.7;0.5;1.0;1.0;1.0;1.9;0.7;1.2,31.27,0.07,0.0,2.74,15.057,0.795,8691.0,110351.0,4,16,,,,,,,,,,,,,,,,,,,,,,,,,,,,,,,,,,,,,,,,,,,,,,,,,,,,,,,,,,,,,
169,6,,,,,,,100,88,66,16,233.0,2730,10801,37,0,13.1,13.4;0.7;9.3;6.6;1.2;1.2;53.9;76.0;25.6;18.7;56.5;48.5;1.2;0.2;0.0;0.0;0.0;0.5;0.0;0.0;1.0;0.2;0.0;0.2,31.22,0.07,0.0,2.23,15.057,0.795,5957.0,37792.0,4,16,,,,,,,,,,,,,,,,,,,,,,,,,,,,,,,,,,,,,,,,,,,,,,,,,,,,,,,,,,,,,
169,7,,,,,,,100,98,67,21,231.7,2730,10801,37,0,7.3,14.2;1.9;3.0;1.4;2.2;1.6;62.3;21.4;5.2;4.9;11.5;30.4;1.4;1.6;1.1;0.0;1.9;1.6;1.1;0.5;1.9;1.1;0.0;1.9,31.22,0.07,0.0,1.44,15.057,0.795,634.0,1562.0,4,16,,,,,,,,,,,,,,,,,,,,,,,,,,,,,,,,,,,,,,,,,,,,,,,,,,,,,,,,,,,,,
169,summary,0.2855881923637895,0.999022824685023,0.28246728518274095,1.0,0.00006009,39.8,,,,,,,,,,,,,,,,,,,,,,0,84.43,100,0,72.43,98,58,66.43,69,15,18.29,26,56.6,207.9,234.4,2526.4,10801.0,36.9,0,7.3,26.26,64.7,31.22,31.28,31.38,63.16,0.07,0.07,0.07,16.0,0.0,0.02,0.08,1.44,3.66,6.4,10.956,14.262,15.057,15.06,15.065,15.992,0.795,0.8,0.803,634.0,12931.86,48046.0,1562.0,38552.86,110351.0,4,4.0,4,16,16.0,16,4,16,31.4,7.58
170,1,,,,,,,0,0,58,24,56.0,1320,10801,37,0,64.3,76.4;80.3;87.8;87.1;79.6;81.0;90.5;96.6;81.0;80.3;90.5;93.2;53.1;60.5;25.9;28.4;58.5;57.1;19.7;17.0;53.1;57.4;42.9;44.9,31.38,0.07,0.0,3.72,15.065,0.803,10449.0,38818.0,4,16,,,,,,,,,,,,,,,,,,,,,,,,,,,,,,,,,,,,,,,,,,,,,,,,,,,,,,,,,,,,,
170,2,,,,,,,96,91,71,18,231.1,2730,10801,37,0,30.8,25.2;15.0;34.1;24.5;19.0;20.9;94.7;94.4;59.2;59.9;93.4;95.1;12.7;12.3;4.4;6.6;12.0;10.7;2.2;3.4;9.7;11.2;8.3;10.0,31.3,0.07,0.0,5.8,15.057,0.795,5859.0,27392.0,4,16,,,,,,,,,,,,,,,,,,,,,,,,,,,,,,,,,,,,,,,,,,,,,,,,,,,,,,,,,,,,,
170,3,,,,,,,100,67,67,17,233.6,2730,10801,37,0,21.9,15.6;1.0;14.1;13.4;4.4;3.7;88.3;87.3;46.9;63.3;90.0;93.9;0.2;0.5;0.0;0.2;0.0;0.7;0.0;0.5;0.0;0.0;0.0;0.5,31.28,0.07,0.0,4.44,15.057,0.795,7421.0,10693.0,4,16,,,,,,,,,,,,,,,,,,,,,,,,,,,,,,,,,,,,,,,,,,,,,,,,,,,,,,,,,,,,,
170,4,,,,,,,96,90,69,16,231.6,2730,10801,37,0,21.7,13.3;1.0;15.0;14.5;6.1;5.6;80.7;86.6;42.6;60.4;95.1;90.7;1.2;0.7;0.2;0.0;1.7;1.7;0.5;0.2;0.2;0.5;0.2;0.7,31.26,0.07,0.01,3.4,15.057,0.795,19824.0,16503.0,4,16,,,,,,,,,,,,,,,,,,,,,,,,,,,,,,,,,,,,,,,,,,,,,,,,,,,,,,,,,,,,,
170,5,,,,,,,96,90,70,18,231.6,2730,10801,37,0,21.6,13.8;1.9;16.8;12.0;6.0;5.1;92.1;92.0;48.2;43.4;87.9;90.1;1.2;1.9;0.2;0.0;1.4;0.5;0.0;0.0;1.0;0.5;0.5;1.2,31.25,0.07,0.0,2.1,15.057,0.795,49658.0,16113.0,4,16,,,,,,,,,,,,,,,,,,,,,,,,,,,,,,,,,,,,,,,,,,,,,,,,,,,,,,,,,,,,,
170,6,,,,,,,100,68,67,17,233.1,2730,10801,37,0,14.4,14.4;2.9;9.1;7.4;4.9;3.9;59.3;56.5;31.2;24.8;58.0;61.3;2.5;1.5;1.0;1.0;0.2;1.0;0.0;0.0;1.2;1.2;0.7;1.0,31.21,0.07,0.0,2.26,15.057,0.795,29199.0,12744.0,4,16,,,,,,,,,,,,,,,,,,,,,,,,,,,,,,,,,,,,,,,,,,,,,,,,,,,,,,,,,,,,,
170,7,,,,,,,97,91,71,21,231.5,2730,10801,37,0,6.6,12.3;0.8;1.7;1.4;0.6;0.3;35.0;35.3;3.3;4.7;44.9;13.5;0.0;0.6;0.3;0.0;0.0;0.0;0.0;0.3;1.4;0.6;0.0;0.0,31.21,0.07,0.0,1.48,15.057,0.795,3613.0,1367.0,4,16,,,,,,,,,,,,,,,,,,,,,,,,,,,,,,,,,,,,,,,,,,,,,,,,,,,,,,,,,,,,,
170,summary,0.2858202665551575,0.9989695663147755,0.28247137252489724,1.0,0.00005635,39.8,,,,,,,,,,,,,,,,,,,,,,0,83.57,100,0,71.0,91,58,67.57,71,16,18.71,24,56.0,206.93,233.6,2528.6,10801.0,37.0,0,6.6,25.9,64.3,31.21,31.27,31.38,63.16,0.07,0.07,0.07,16.0,0.0,0.0,0.01,1.48,3.31,5.8,10.954,14.262,15.057,15.06,15.065,15.992,0.795,0.8,0.803,3613.0,18003.29,49658.0,1367.0,17661.43,38818.0,4,4.0,4,16,16.0,16,4,16,31.53,7.38
171,1,,,,,,,0,0,57,26,57.0,1335,5001,37,0,63.6,79.5;80.5;90.8;88.9;86.9;87.6;87.6;95.4;88.2;86.9;96.7;92.8;60.8;54.8;23.7;26.1;55.4;54.1;12.1;12.7;46.4;50.3;31.8;40.5,31.34,0.07,0.0,4.63,15.065,0.803,5566.0,40722.0,4,16,,,,,,,,,,,,,,,,,,,,,,,,,,,,,,,,,,,,,,,,,,,,,,,,,,,,,,,,,,,,,
171,2,,,,,,,96,88,67,14,230.6,2730,10801,37,0,30.6,23.0;14.0;30.1;28.7;18.3;19.9;90.7;90.9;59.6;63.0;94.9;94.6;9.6;10.0;6.6;9.8;10.3;9.1;7.6;8.1;8.6;10.5;7.8;8.8,31.31,0.07,0.0,5.56,15.057,0.795,4687.0,26611.0,4,16,,,,,,,,,,,,,,,,,,,,,,,,,,,,,,,,,,,,,,,,,,,,,,,,,,,,,,,,,,,,,
171,3,,,,,,,96,90,69,17,230.9,2730,10801,37,0,21.2,13.1;1.2;9.1;10.8;4.3;5.0;87.6;90.2;45.5;49.0;91.1;95.2;2.2;0.5;0.0;0.5;0.0;0.7;0.0;0.5;0.7;0.2;0.0;0.0,31.27,0.07,0.0,3.64,15.057,0.795,16796.0,11132.0,4,16,,,,,,,,,,,,,,,,,,,,,,,,,,,,,,,,,,,,,,,,,,,,,,,,,,,,,,,,,,,,,
171,4,,,,,,,100,69,67,17,233.8,2730,10801,37,0,22.2,14.3;2.2;13.3;14.1;5.2;5.2;90.9;90.4;52.7;49.3;91.4;94.8;1.7;1.5;0.0;0.5;1.0;0.7;0.2;0.0;0.5;0.2;1.2;2.0,31.26,0.07,0.01,3.47,15.057,0.795,27343.0,22753.0,4,16,,,,,,,,,,,,,,,,,,,,,,,,,,,,,,,,,,,,,,,,,,,,,,,,,,,,,,,,,,,,,
171,5,,,,,,,98,91,67,16,231.2,2730,10801,37,0,21.9,13.8;2.2;14.9;12.9;4.1;5.4;91.2;95.1;46.8;54.1;85.4;91.5;1.7;1.0;0.2;0.5;0.5;0.5;0.7;0.2;1.0;0.7;0.5;0.2,31.22,0.07,0.01,2.78,15.057,0.795,7421.0,43066.0,4,16,,,,,,,,,,,,,,,,,,,,,,,,,,,,,,,,,,,,,,,,,,,,,,,,,,,,,,,,,,,,,
171,6,,,,,,,100,75,68,17,232.1,2730,10801,37,0,14.0,11.9;2.7;9.3;6.4;3.7;2.0;59.3;57.5;23.1;23.3;66.3;63.4;1.0;1.5;0.0;0.2;0.2;0.7;0.0;0.0;0.2;0.5;1.5;1.2,31.22,0.07,0.0,1.94,15.057,0.795,6347.0,38574.0,4,16,,,,,,,,,,,,,,,,,,,,,,,,,,,,,,,,,,,,,,,,,,,,,,,,,,,,,,,,,,,,,
171,7,,,,,,,96,88,67,16,231.5,2730,10801,37,0,6.2,11.2;0.0;1.4;0.8;0.5;0.5;20.6;51.9;2.5;4.9;14.8;37.4;0.3;0.8;0.0;0.0;0.3;0.0;0.0;0.0;0.0;0.0;0.3;0.0,31.2,0.07,0.0,1.79,15.057,0.795,0.0,1855.0,4,16,,,,,,,,,,,,,,,,,,,,,,,,,,,,,,,,,,,,,,,,,,,,,,,,,,,,,,,,,,,,,
171,summary,0.2856950225511077,0.9989278858511035,0.2824628986782498,1.0,0.00005272,39.9,,,,,,,,,,,,,,,,,,,,,,0,83.71,100,0,71.57,91,57,66.0,69,14,17.57,26,57.0,206.73,233.8,2530.7,9972.4,37.0,0,6.2,25.67,63.6,31.2,31.26,31.34,63.16,0.07,0.07,0.07,16.0,0.0,0.0,0.01,1.79,3.4,5.56,10.954,14.262,15.057,15.06,15.065,15.992,0.795,0.8,0.803,0.0,9737.14,27343.0,1855.0,26387.57,43066.0,4,4.0,4,16,16.0,16,4,16,31.58,7.47
172,1,,,,,,,0,0,58,25,57.4,1485,10801,37,0,64.3,70.2;77.7;86.5;85.1;75.0;80.4;86.5;91.9;84.5;87.8;96.0;93.9;58.8;55.4;30.4;34.9;53.4;56.8;27.7;25.5;49.3;53.7;37.6;43.6,31.4,0.07,0.0,4.69,15.065,0.803,2685.0,28125.0,4,16,,,,,,,,,,,,,,,,,,,,,,,,,,,,,,,,,,,,,,,,,,,,,,,,,,,,,,,,,,,,,
172,2,,,,,,,100,99,67,17,231.3,2730,10801,37,0,30.6,23.2;13.5;26.3;32.0;20.6;17.3;90.1;92.2;47.0;73.5;96.9;96.4;10.8;11.6;4.1;5.3;10.8;10.8;3.6;3.4;11.5;11.3;10.1;11.6,31.32,0.07,0.02,6.8,15.057,0.795,6884.0,31494.0,4,16,,,,,,,,,,,,,,,,,,,,,,,,,,,,,,,,,,,,,,,,,,,,,,,,,,,,,,,,,,,,,
172,3,,,,,,,100,77,66,15,234.6,2730,10801,37,0,21.9,13.4;2.2;15.9;16.1;5.1;3.9;85.6;86.4;48.2;56.7;88.8;94.1;0.5;2.5;0.7;0.5;1.5;0.7;0.2;0.0;1.2;1.0;0.7;0.2,31.29,0.07,0.0,5.05,15.057,0.795,30322.0,11767.0,4,16,,,,,,,,,,,,,,,,,,,,,,,,,,,,,,,,,,,,,,,,,,,,,,,,,,,,,,,,,,,,,
172,4,,,,,,,100,93,68,17,232.0,2730,10801,37,0,22.2,14.5;3.7;13.2;16.6;5.9;6.8;88.9;92.2;52.1;46.7;91.7;94.1;0.2;1.7;0.5;0.0;0.2;2.0;0.2;1.0;0.0;0.2;0.5;0.0,31.27,0.07,0.01,3.41,15.057,0.795,18945.0,23681.0,4,16,,,,,,,,,,,,,,,,,,,,,,,,,,,,,,,,,,,,,,,,,,,,,,,,,,,,,,,,,,,,,
172,5,,,,,,,100,98,67,17,234.3,2730,10801,37,0,22.0,17.4;2.9;18.5;12.7;3.6;7.0;91.1;87.5;49.5;49.3;85.3;91.1;2.2;2.4;0.5;0.0;1.7;1.2;0.5;1.2;1.2;0.7;0.7;0.7,31.25,0.07,0.0,3.21,15.057,0.795,19482.0,22753.0,4,16,,,,,,,,,,,,,,,,,,,,,,,,,,,,,,,,,,,,,,,,,,,,,,,,,,,,,,,,,,,,,
172,6,,,,,,,100,78,67,16,234.5,2730,10801,37,0,13.3,14.3;0.7;5.7;7.6;2.5;3.2;66.6;50.4;20.7;25.7;49.6;62.7;0.7;1.0;0.0;0.0;0.5;0.0;0.0;0.0;0.5;0.2;2.7;2.7,31.22,0.07,0.0,2.41,15.057,0.795,5273.0,42626.0,4,16,,,,,,,,,,,,,,,,,,,,,,,,,,,,,,,,,,,,,,,,,,,,,,,,,,,,,,,,,,,,,
172,7,,,,,,,100,99,68,16,232.0,2730,10801,37,0,6.2,13.5;0.3;0.6;0.8;0.6;1.1;20.0;43.7;1.9;4.2;40.1;19.8;0.0;0.3;0.0;0.0;0.0;0.0;0.0;0.0;0.0;0.0;0.0;0.6,31.21,0.07,0.0,1.86,15.057,0.795,0.0,1416.0,4,16,,,,,,,,,,,,,,,,,,,,,,,,,,,,,,,,,,,,,,,,,,,,,,,,,,,,,,,,,,,,,
172,summary,0.28538406657541915,0.9990807142179008,0.28247218645943534,1.0,0.00004921,39.8,,,,,,,,,,,,,,,,,,,,,,0,85.71,100,0,77.71,99,58,65.86,68,15,17.57,25,57.4,208.01,234.6,2552.1,10801.0,37.0,0,6.2,25.79,64.3,31.21,31.28,31.4,63.16,0.07,0.07,0.07,16.0,0.0,0.0,0.02,1.86,3.92,6.8,10.954,14.262,15.057,15.06,15.065,15.992,0.795,0.8,0.803,0.0,11941.57,30322.0,1416.0,23123.14,42626.0,4,4.0,4,16,16.0,16,4,16,31.69,7.28
173,1,,,,,,,0,0,58,24,58.4,1485,10801,37,0,64.3,76.5;77.4;87.7;90.4;83.0;84.9;87.2;90.4;86.3;91.1;99.3;91.8;58.2;57.1;22.1;26.8;53.1;57.3;16.8;18.8;53.1;55.1;38.3;44.2,31.35,0.07,0.0,7.32,15.065,0.803,5908.0,8740.0,4,16,,,,,,,,,,,,,,,,,,,,,,,,,,,,,,,,,,,,,,,,,,,,,,,,,,,,,,,,,,,,,
173,2,,,,,,,96,88,68,17,232.0,2730,10801,37,0,30.7,22.3;13.8;31.7;35.5;17.2;18.9;92.0;93.0;70.1;56.1;95.9;90.6;12.1;13.3;3.9;4.6;11.2;12.6;3.6;4.1;9.2;10.7;6.8;8.9,31.3,0.07,0.0,4.35,15.057,0.795,10742.0,21093.0,4,16,,,,,,,,,,,,,,,,,,,,,,,,,,,,,,,,,,,,,,,,,,,,,,,,,,,,,,,,,,,,,
173,3,,,,,,,96,90,66,17,230.4,2730,10801,37,0,22.0,16.1;3.4;16.6;15.3;6.2;6.7;79.4;89.4;37.2;57.9;95.0;95.4;1.2;2.4;0.2;0.7;0.7;0.5;0.2;0.0;0.5;0.0;1.2;1.4,31.27,0.07,0.01,4.4,15.057,0.795,7031.0,25146.0,4,16,,,,,,,,,,,,,,,,,,,,,,,,,,,,,,,,,,,,,,,,,,,,,,,,,,,,,,,,,,,,,
173,4,,,,,,,100,67,70,17,233.7,2730,10801,37,0,22.4,12.1;3.2;23.4;13.9;6.8;4.4;88.7;91.2;42.9;55.9;88.6;92.7;1.7;1.7;0.5;0.7;1.7;1.2;0.0;0.0;1.7;1.5;0.5;1.2,31.25,0.07,0.0,3.33,15.057,0.795,23876.0,19921.0,4,16,,,,,,,,,,,,,,,,,,,,,,,,,,,,,,,,,,,,,,,,,,,,,,,,,,,,,,,,,,,,,
173,5,,,,,,,96,88,67,16,231.0,2730,10801,37,0,22.1,8.5;2.0;17.8;11.5;4.2;5.4;90.7;93.7;56.9;50.4;94.4;86.8;1.0;1.5;0.2;0.5;0.7;0.7;0.2;0.2;0.0;0.7;0.7;1.2,31.22,0.07,0.0,2.11,15.057,0.795,5761.0,20556.0,4,16,,,,,,,,,,,,,,,,,,,,,,,,,,,,,,,,,,,,,,,,,,,,,,,,,,,,,,,,,,,,,
173,6,,,,,,,100,69,69,15,234.8,2730,10801,37,0,13.7,10.4;1.0;11.5;6.7;2.9;4.7;66.1;59.1;16.3;31.8;65.1;46.3;1.5;0.5;0.0;0.0;0.5;1.0;0.2;0.2;1.0;0.5;0.5;0.7,31.22,0.07,0.01,2.28,15.057,0.795,5468.0,43798.0,4,16,,,,,,,,,,,,,,,,,,,,,,,,,,,,,,,,,,,,,,,,,,,,,,,,,,,,,,,,,,,,,
173,7,,,,,,,100,77,69,15,223.5,2730,10801,37,0,5.9,10.9;0.0;1.6;1.4;0.3;0.3;30.6;25.7;3.8;1.9;11.5;52.6;0.0;0.3;0.0;0.0;0.0;0.0;0.3;0.3;0.0;0.0;0.0;0.0,31.21,0.07,0.01,1.46,15.057,0.795,0.0,1806.0,4,16,,,,,,,,,,,,,,,,,,,,,,,,,,,,,,,,,,,,,,,,,,,,,,,,,,,,,,,,,,,,,
173,summary,0.28541956359467774,0.9990575584047497,0.2824610271188948,1.0,0.00004581,39.9,,,,,,,,,,,,,,,,,,,,,,0,84.0,100,0,68.43,90,58,66.71,70,15,17.29,24,58.4,206.26,234.8,2552.1,10801.0,37.0,0,5.9,25.87,64.3,31.21,31.26,31.35,63.16,0.07,0.07,0.07,16.0,0.0,0.0,0.01,1.46,3.61,7.32,10.953,14.262,15.057,15.06,15.065,15.992,0.795,0.8,0.803,0.0,8398.0,23876.0,1806.0,20151.43,43798.0,4,4.0,4,16,16.0,16,4,16,31.62,7.42
174,1,,,,,,,0,0,58,27,60.2,1440,10801,37,0,64.2,72.5;77.2;84.8;85.5;82.8;84.8;90.3;91.1;84.8;89.7;96.6;91.1;58.6;63.4;26.4;30.0;59.2;63.4;18.5;17.1;51.7;54.5;33.3;36.6,31.4,0.07,0.0,5.59,15.065,0.803,23242.0,13623.0,4,16,,,,,,,,,,,,,,,,,,,,,,,,,,,,,,,,,,,,,,,,,,,,,,,,,,,,,,,,,,,,,
174,2,,,,,,,96,87,66,18,229.8,2730,10801,37,0,31.1,24.9;14.8;35.3;31.9;20.4;23.3;90.8;93.4;57.2;64.5;94.9;98.1;14.1;12.9;1.9;3.2;12.2;12.2;1.7;1.7;10.2;10.7;8.0;9.0,31.33,0.07,0.0,6.76,15.057,0.795,5322.0,19189.0,4,16,,,,,,,,,,,,,,,,,,,,,,,,,,,,,,,,,,,,,,,,,,,,,,,,,,,,,,,,,,,,,
174,3,,,,,,,100,70,68,18,233.7,2730,10801,37,0,23.6,16.5;4.6;20.5;14.9;6.4;6.4;90.7;96.1;42.1;63.4;95.9;94.9;2.4;1.7;0.5;1.2;1.5;1.5;0.5;0.5;1.7;0.7;1.0;1.5,31.3,0.07,0.0,4.1,15.057,0.795,27587.0,11572.0,4,16,,,,,,,,,,,,,,,,,,,,,,,,,,,,,,,,,,,,,,,,,,,,,,,,,,,,,,,,,,,,,
174,4,,,,,,,100,99,68,18,231.9,2730,10801,37,0,22.4,14.1;1.7;16.6;16.7;2.9;7.1;94.4;95.6;38.3;62.4;87.5;91.4;1.7;1.5;1.0;0.5;1.0;0.5;0.2;1.0;1.0;0.2;0.0;0.5,31.26,0.07,0.0,4.35,15.057,0.795,6103.0,44628.0,4,16,,,,,,,,,,,,,,,,,,,,,,,,,,,,,,,,,,,,,,,,,,,,,,,,,,,,,,,,,,,,,
174,5,,,,,,,98,91,67,18,233.2,2730,10801,37,0,22.2,17.5;2.4;20.2;6.5;4.8;5.0;95.9;95.7;46.8;49.6;88.2;91.6;1.9;1.7;0.5;0.2;0.7;0.5;0.5;0.0;1.2;0.0;0.2;0.5,31.25,0.07,0.0,3.18,15.057,0.795,23437.0,14306.0,4,16,,,,,,,,,,,,,,,,,,,,,,,,,,,,,,,,,,,,,,,,,,,,,,,,,,,,,,,,,,,,,
174,6,,,,,,,100,69,67,17,235.7,2730,10801,37,0,13.4,11.8;0.7;8.8;9.1;2.9;2.2;64.7;67.2;20.3;28.9;50.0;49.9;0.7;1.2;0.0;0.0;0.2;0.2;0.7;0.0;0.5;0.2;0.2;0.0,31.24,0.07,0.0,1.94,15.057,0.795,5712.0,46386.0,4,16,,,,,,,,,,,,,,,,,,,,,,,,,,,,,,,,,,,,,,,,,,,,,,,,,,,,,,,,,,,,,
174,7,,,,,,,96,84,65,16,232.7,2730,10801,37,0,6.8,11.1;1.1;2.5;1.1;2.5;1.1;43.6;48.7;3.3;5.6;18.9;19.4;0.6;1.1;0.0;0.0;0.8;0.3;0.3;0.3;0.6;0.3;0.0;0.8,31.22,0.07,0.0,2.39,15.057,0.795,1464.0,97.0,4,16,,,,,,,,,,,,,,,,,,,,,,,,,,,,,,,,,,,,,,,,,,,,,,,,,,,,,,,,,,,,,
174,summary,0.2855347068271326,0.9990320870102835,0.28246252748701306,1.0,0.00004253,39.7,,,,,,,,,,,,,,,,,,,,,,0,84.29,100,0,71.43,99,58,65.57,68,16,18.86,27,60.2,208.17,235.7,2545.7,10801.0,37.0,0,6.8,26.24,64.2,31.22,31.29,31.4,63.16,0.07,0.07,0.07,16.0,0.0,0.0,0.0,1.94,4.04,6.76,10.955,14.262,15.057,15.06,15.065,15.992,0.795,0.8,0.803,1464.0,13266.71,27587.0,97.0,21400.14,46386.0,4,4.0,4,16,16.0,16,4,16,31.73,7.14
175,1,,,,,,,0,0,58,27,58.5,1470,10801,37,0,63.5,79.7;82.4;88.4;87.1;85.7;85.7;87.0;90.5;80.4;84.4;99.3;90.6;53.7;55.1;21.8;25.9;53.4;55.8;17.0;15.6;50.3;54.1;38.8;41.6,31.38,0.07,0.0,3.76,15.065,0.803,1904.0,50341.0,4,16,,,,,,,,,,,,,,,,,,,,,,,,,,,,,,,,,,,,,,,,,,,,,,,,,,,,,,,,,,,,,
175,2,,,,,,,99,95,66,18,231.8,2730,10801,37,0,30.7,22.2;13.5;31.6;28.5;19.0;21.7;87.7;93.0;60.6;59.8;94.5;95.2;11.8;13.5;6.5;6.7;12.5;11.3;3.1;3.9;10.1;11.3;9.6;9.1,31.32,0.07,0.0,5.64,15.057,0.795,5566.0,15283.0,4,16,,,,,,,,,,,,,,,,,,,,,,,,,,,,,,,,,,,,,,,,,,,,,,,,,,,,,,,,,,,,,
175,3,,,,,,,96,88,66,18,220.4,2730,10801,37,0,21.8,16.0;3.4;13.0;15.8;4.8;6.7;90.0;86.3;49.3;53.5;86.5;88.0;2.7;1.7;0.0;0.2;0.2;0.5;0.0;0.2;0.7;0.7;1.0;0.7,31.27,0.07,0.0,4.43,15.057,0.795,17626.0,12695.0,4,16,,,,,,,,,,,,,,,,,,,,,,,,,,,,,,,,,,,,,,,,,,,,,,,,,,,,,,,,,,,,,
175,4,,,,,,,100,70,67,18,234.8,2730,10801,37,0,21.7,13.0;3.2;15.6;15.2;4.2;3.9;89.2;89.0;51.8;47.6;89.3;93.9;0.7;1.2;0.5;1.2;0.2;0.2;0.2;0.0;0.5;0.5;0.2;0.2,31.26,0.07,0.0,2.78,15.057,0.795,9082.0,11523.0,4,16,,,,,,,,,,,,,,,,,,,,,,,,,,,,,,,,,,,,,,,,,,,,,,,,,,,,,,,,,,,,,
175,5,,,,,,,100,99,67,18,232.1,2730,10801,37,0,21.8,12.9;2.7;15.2;14.9;4.9;3.9;92.2;88.5;48.2;50.6;90.2;92.0;0.5;1.5;0.0;0.0;1.2;1.0;0.0;1.0;1.2;1.0;0.0;0.2,31.24,0.07,0.0,2.69,15.057,0.795,5761.0,20703.0,4,16,,,,,,,,,,,,,,,,,,,,,,,,,,,,,,,,,,,,,,,,,,,,,,,,,,,,,,,,,,,,,
175,6,,,,,,,100,76,68,17,234.7,2730,10801,37,0,13.6,10.1;1.7;9.6;6.2;2.2;4.2;66.9;53.0;17.7;28.1;71.7;47.7;1.7;1.0;0.7;0.7;1.0;1.0;0.5;0.2;0.5;1.0;0.0;0.2,31.23,0.07,0.0,2.28,15.057,0.795,6054.0,30859.0,4,16,,,,,,,,,,,,,,,,,,,,,,,,,,,,,,,,,,,,,,,,,,,,,,,,,,,,,,,,,,,,,
175,7,,,,,,,100,99,66,19,232.2,2730,10801,37,0,7.0,17.0;0.6;1.1;3.0;0.6;0.3;41.6;24.0;4.7;5.8;36.5;27.3;0.3;0.6;0.0;0.0;0.3;0.0;0.0;0.0;2.2;0.3;0.0;0.0,31.23,0.07,0.0,1.47,15.057,0.795,244.0,1367.0,4,16,,,,,,,,,,,,,,,,,,,,,,,,,,,,,,,,,,,,,,,,,,,,,,,,,,,,,,,,,,,,,
175,summary,0.2856695427657519,0.9990297714289684,0.2824620154963599,1.0,0.00003936,39.8,,,,,,,,,,,,,,,,,,,,,,0,85.0,100,0,75.29,99,58,65.43,68,17,19.29,27,58.5,206.36,234.8,2550.0,10801.0,37.0,0,7.0,25.73,63.5,31.23,31.28,31.38,63.16,0.07,0.07,0.07,16.0,0.0,0.0,0.0,1.47,3.29,5.64,10.955,14.262,15.057,15.06,15.065,15.992,0.795,0.8,0.803,244.0,6605.29,17626.0,1367.0,20395.86,50341.0,4,4.0,4,16,16.0,16,4,16,31.62,7.4
176,1,,,,,,,0,0,58,24,57.1,1470,10801,37,0,63.5,75.7;77.4;90.3;89.7;81.6;84.9;92.4;93.1;89.0;87.7;96.6;91.7;57.0;58.4;25.5;27.5;49.7;56.4;20.8;20.1;47.6;44.3;34.0;40.3,31.38,0.07,0.0,5.62,15.065,0.803,5029.0,7226.0,4,16,,,,,,,,,,,,,,,,,,,,,,,,,,,,,,,,,,,,,,,,,,,,,,,,,,,,,,,,,,,,,
176,2,,,,,,,97,90,66,17,230.6,2730,10801,37,0,30.8,27.1;14.3;33.0;29.9;20.9;21.4;93.9;93.2;64.8;56.1;94.4;94.2;12.4;12.4;2.4;3.2;10.9;11.7;1.9;1.9;10.9;10.2;8.0;10.2,31.3,0.07,0.0,4.53,15.057,0.795,30273.0,11962.0,4,16,,,,,,,,,,,,,,,,,,,,,,,,,,,,,,,,,,,,,,,,,,,,,,,,,,,,,,,,,,,,,
176,3,,,,,,,100,74,68,16,234.2,2730,10801,37,0,22.2,11.9;2.2;20.7;18.3;4.2;7.1;86.8;90.5;46.8;55.4;91.5;87.5;1.0;1.5;0.5;0.2;0.7;1.0;0.2;0.5;1.7;1.0;0.2;1.2,31.26,0.07,0.0,4.46,15.057,0.795,16943.0,12500.0,4,16,,,,,,,,,,,,,,,,,,,,,,,,,,,,,,,,,,,,,,,,,,,,,,,,,,,,,,,,,,,,,
176,4,,,,,,,100,98,66,15,231.9,2730,10801,37,0,22.2,11.1;3.9;15.4;10.2;5.6;4.6;91.7;94.6;52.7;51.6;91.5;92.0;0.7;1.7;0.5;0.2;1.0;0.2;0.5;0.0;1.7;1.0;0.2;1.0,31.25,0.07,0.0,3.48,15.057,0.795,5419.0,36035.0,4,16,,,,,,,,,,,,,,,,,,,,,,,,,,,,,,,,,,,,,,,,,,,,,,,,,,,,,,,,,,,,,
176,5,,,,,,,85,3,66,20,223.1,2730,10801,37,0,22.0,12.5;3.8;17.5;12.5;7.5;6.5;87.5;84.6;50.7;48.1;94.7;94.9;1.2;1.2;0.2;0.5;0.5;1.0;0.7;0.2;1.0;0.2;1.2;0.5,31.26,0.07,0.05,2.54,15.057,0.795,8544.0,41406.0,4,16,,,,,,,,,,,,,,,,,,,,,,,,,,,,,,,,,,,,,,,,,,,,,,,,,,,,,,,,,,,,,
176,6,,,,,,,100,72,68,16,235.2,2730,10801,37,0,13.6,13.2;2.0;7.9;9.6;2.0;4.7;74.4;46.3;27.8;23.6;58.4;51.4;0.5;0.0;0.2;0.0;0.5;0.2;0.0;0.0;1.5;1.0;0.2;0.5,31.22,0.07,0.04,3.22,15.057,0.795,19140.0,38769.0,4,16,,,,,,,,,,,,,,,,,,,,,,,,,,,,,,,,,,,,,,,,,,,,,,,,,,,,,,,,,,,,,
176,7,,,,,,,97,89,67,17,232.3,2730,10801,37,0,6.6,13.8;0.6;1.1;1.4;1.4;0.3;22.5;49.3;3.1;4.7;23.6;33.1;0.3;0.8;0.0;0.0;0.0;0.0;0.0;0.0;1.4;0.0;0.0;0.8,31.22,0.07,0.0,1.46,15.057,0.795,1416.0,1367.0,4,16,,,,,,,,,,,,,,,,,,,,,,,,,,,,,,,,,,,,,,,,,,,,,,,,,,,,,,,,,,,,,
176,summary,0.2855380679958876,0.9990112467784475,0.28247032226456537,1.0,0.00003631,39.8,,,,,,,,,,,,,,,,,,,,,,0,82.71,100,0,60.86,98,58,65.57,68,15,17.86,24,57.1,206.34,235.2,2550.0,10801.0,37.0,0,6.6,25.84,63.5,31.22,31.27,31.38,63.16,0.07,0.07,0.07,16.0,0.0,0.01,0.05,1.46,3.62,5.62,10.952,14.262,15.057,15.06,15.065,15.992,0.795,0.8,0.803,1416.0,12394.86,30273.0,1367.0,21323.57,41406.0,4,4.0,4,16,16.0,16,4,16,31.76,7.17
177,1,,,,,,,0,0,58,23,58.8,1470,10801,37,0,63.6,74.3;76.7;84.9;87.7;83.7;86.3;94.5;89.7;85.6;85.6;93.8;95.3;58.5;51.7;27.4;24.7;46.6;53.4;24.0;22.6;47.3;47.9;41.1;41.5,31.38,0.07,0.01,4.85,15.065,0.803,7568.0,11718.0,4,16,,,,,,,,,,,,,,,,,,,,,,,,,,,,,,,,,,,,,,,,,,,,,,,,,,,,,,,,,,,,,
177,2,,,,,,,96,76,69,17,233.1,2730,10801,37,0,31.4,28.3;14.3;35.1;26.2;20.1;20.6;92.7;99.0;58.3;60.0;94.4;94.7;13.1;13.3;5.6;4.9;12.1;11.9;5.3;4.1;10.9;11.4;8.2;9.4,31.3,0.07,0.0,5.63,15.057,0.795,6738.0,22363.0,4,16,,,,,,,,,,,,,,,,,,,,,,,,,,,,,,,,,,,,,,,,,,,,,,,,,,,,,,,,,,,,,
177,3,,,,,,,100,87,66,16,232.4,2730,10801,37,0,23.2,12.3;4.4;16.0;13.8;6.3;6.6;94.6;95.2;61.5;42.2;91.0;92.5;1.9;2.7;2.2;0.7;2.4;2.2;0.2;0.2;2.2;1.9;1.0;2.2,31.27,0.07,0.0,3.67,15.057,0.795,15673.0,32177.0,4,16,,,,,,,,,,,,,,,,,,,,,,,,,,,,,,,,,,,,,,,,,,,,,,,,,,,,,,,,,,,,,
177,4,,,,,,,100,74,67,17,232.7,2730,10801,37,0,22.3,17.2;4.6;18.6;15.9;4.1;6.5;87.7;91.8;56.7;44.4;86.4;90.9;1.5;1.7;0.0;0.7;1.2;1.0;1.2;0.7;0.7;1.2;0.7;0.7,31.28,0.07,0.01,3.48,15.058,0.796,7812.0,45800.0,4,16,,,,,,,,,,,,,,,,,,,,,,,,,,,,,,,,,,,,,,,,,,,,,,,,,,,,,,,,,,,,,
177,5,,,,,,,96,91,70,16,231.9,2730,10801,37,0,21.8,13.0;5.4;13.9;11.7;4.6;5.1;90.5;89.3;50.2;50.2;86.3;93.7;2.2;2.7;0.2;0.7;1.2;1.5;0.0;0.0;0.5;0.0;0.2;0.2,31.25,0.07,0.0,2.77,15.057,0.795,5029.0,17578.0,4,16,,,,,,,,,,,,,,,,,,,,,,,,,,,,,,,,,,,,,,,,,,,,,,,,,,,,,,,,,,,,,
177,6,,,,,,,100,66,67,15,234.3,2730,10801,37,0,13.8,12.8;2.0;6.2;11.4;3.2;3.2;53.8;49.4;19.8;27.4;79.0;53.1;1.7;2.5;0.2;0.7;1.2;0.2;1.0;0.5;0.2;0.5;0.5;1.5,31.25,0.07,0.01,2.0,15.057,0.795,8837.0,41406.0,4,16,,,,,,,,,,,,,,,,,,,,,,,,,,,,,,,,,,,,,,,,,,,,,,,,,,,,,,,,,,,,,
177,7,,,,,,,97,91,71,16,231.5,2730,10801,37,0,6.7,11.7;1.1;1.4;1.4;1.4;1.4;31.2;22.3;3.6;4.1;21.4;54.1;0.6;0.3;0.0;0.0;0.0;0.0;0.0;0.6;2.7;0.8;0.0;0.0,31.24,0.07,0.0,1.81,15.057,0.795,14501.0,1367.0,4,16,,,,,,,,,,,,,,,,,,,,,,,,,,,,,,,,,,,,,,,,,,,,,,,,,,,,,,,,,,,,,
177,summary,0.28575713087555965,0.9989950377092417,0.28247690773010253,1.0,0.00003339,39.8,,,,,,,,,,,,,,,,,,,,,,0,84.14,100,0,69.29,91,58,66.86,71,15,17.14,23,58.8,207.81,234.3,2550.0,10801.0,37.0,0,6.7,26.11,63.6,31.24,31.28,31.38,63.16,0.07,0.07,0.07,16.0,0.0,0.0,0.01,1.81,3.46,5.63,10.954,14.262,15.057,15.06,15.065,15.992,0.795,0.8,0.803,5029.0,9451.14,15673.0,1367.0,24629.86,45800.0,4,4.0,4,16,16.0,16,4,16,31.79,7.14
178,1,,,,,,,0,0,58,26,59.8,2745,10801,37,0,66.4,80.8;83.9;89.3;88.5;81.9;83.9;93.9;91.9;81.8;87.9;88.5;94.6;60.7;61.7;28.9;30.7;53.7;54.4;23.8;22.8;51.7;55.3;54.4;51.3,31.39,0.07,0.0,3.59,15.065,0.803,28027.0,11132.0,4,16,,,,,,,,,,,,,,,,,,,,,,,,,,,,,,,,,,,,,,,,,,,,,,,,,,,,,,,,,,,,,
178,2,,,,,,,100,98,66,18,233.0,2730,10801,37,0,30.7,23.3;13.9;36.4;26.1;17.5;18.6;97.8;94.9;51.8;67.9;93.3;96.4;10.1;11.1;4.1;4.6;11.6;9.9;3.4;3.1;12.5;10.4;7.5;9.4,31.32,0.07,0.0,5.62,15.057,0.795,4736.0,34765.0,4,16,,,,,,,,,,,,,,,,,,,,,,,,,,,,,,,,,,,,,,,,,,,,,,,,,,,,,,,,,,,,,
178,3,,,,,,,98,75,68,18,234.9,2730,10801,37,0,22.7,12.7;2.5;13.1;23.4;6.7;7.4;89.4;92.4;46.0;52.1;92.4;95.3;1.5;2.2;0.2;0.7;0.5;2.0;0.2;1.2;0.7;1.0;1.0;1.0,31.27,0.07,0.0,4.5,15.057,0.795,6787.0,37939.0,4,16,,,,,,,,,,,,,,,,,,,,,,,,,,,,,,,,,,,,,,,,,,,,,,,,,,,,,,,,,,,,,
178,4,,,,,,,100,89,66,17,232.0,2730,10801,37,0,22.0,12.1;2.9;16.9;11.6;3.9;6.8;90.5;91.0;43.3;60.2;93.9;90.1;1.2;0.7;0.2;0.0;0.2;0.5;0.5;0.2;1.2;0.0;0.0;0.0,31.24,0.07,0.0,2.69,15.057,0.795,9033.0,17871.0,4,16,,,,,,,,,,,,,,,,,,,,,,,,,,,,,,,,,,,,,,,,,,,,,,,,,,,,,,,,,,,,,
178,5,,,,,,,100,74,69,16,233.2,2730,10801,37,0,22.4,11.8;2.4;24.0;10.9;4.9;6.8;94.4;86.7;37.1;64.3;94.4;93.2;1.5;1.5;0.0;0.2;0.7;0.2;0.2;0.2;0.7;0.7;0.5;0.7,31.23,0.07,0.0,2.75,15.057,0.795,48828.0,206396.0,4,16,,,,,,,,,,,,,,,,,,,,,,,,,,,,,,,,,,,,,,,,,,,,,,,,,,,,,,,,,,,,,
178,6,,,,,,,100,75,69,17,233.8,2730,10801,37,0,13.2,11.3;1.7;4.9;4.6;1.7;2.0;74.9;46.3;20.4;26.8;52.6;64.7;0.7;1.5;0.0;0.0;0.7;0.7;0.2;0.0;0.7;0.2;0.5;0.0,31.23,0.07,0.0,2.23,15.057,0.795,5810.0,33740.0,4,16,,,,,,,,,,,,,,,,,,,,,,,,,,,,,,,,,,,,,,,,,,,,,,,,,,,,,,,,,,,,,
178,7,,,,,,,74,53,63,21,229.3,2730,10801,37,0,6.3,9.7;1.4;1.4;1.1;0.5;1.1;29.5;38.0;3.0;1.9;19.8;41.1;0.0;0.3;0.0;0.0;0.0;0.0;0.0;0.0;1.4;0.8;0.0;0.0,31.23,0.07,0.0,1.48,15.057,0.795,292.0,634.0,4,16,,,,,,,,,,,,,,,,,,,,,,,,,,,,,,,,,,,,,,,,,,,,,,,,,,,,,,,,,,,,,
178,summary,0.2856850204419229,0.9989927221279266,0.28248001856274074,1.0,0.00003057,39.9,,,,,,,,,,,,,,,,,,,,,,0,81.71,100,0,66.29,98,58,65.57,69,16,19.0,26,59.8,208.0,234.9,2732.1,10801.0,37.0,0,6.3,26.24,66.4,31.23,31.27,31.39,63.16,0.07,0.07,0.07,16.0,0.0,0.0,0.0,1.48,3.27,5.62,10.954,14.262,15.057,15.06,15.065,15.992,0.795,0.8,0.803,292.0,14787.57,48828.0,634.0,48925.29,206396.0,4,4.0,4,16,16.0,16,4,16,31.66,7.34
179,1,,,,,,,0,0,58,26,57.4,1710,10801,37,0,64.1,80.4;80.5;89.8;87.8;84.5;85.8;93.9;92.5;81.0;83.8;91.2;91.2;55.0;55.7;30.4;22.5;53.4;60.5;21.2;17.8;45.3;51.4;40.9;47.7,31.36,0.07,0.0,3.68,15.065,0.803,5029.0,41748.0,4,16,,,,,,,,,,,,,,,,,,,,,,,,,,,,,,,,,,,,,,,,,,,,,,,,,,,,,,,,,,,,,
179,2,,,,,,,96,89,67,14,233.4,2730,10801,37,0,31.0,28.1;14.0;30.4;30.6;18.4;22.7;89.1;88.7;60.2;65.7;94.2;96.9;11.9;12.3;3.6;4.1;10.9;12.4;4.1;3.9;11.6;11.4;8.5;10.2,31.3,0.07,0.0,4.68,15.057,0.795,15576.0,10791.0,4,16,,,,,,,,,,,,,,,,,,,,,,,,,,,,,,,,,,,,,,,,,,,,,,,,,,,,,,,,,,,,,
179,3,,,,,,,100,74,67,17,235.5,2730,10801,37,0,21.9,11.7;1.7;15.4;11.8;2.9;3.9;93.1;90.4;51.1;52.3;94.1;92.4;1.2;0.7;0.0;0.0;0.2;0.2;0.0;0.2;0.2;0.2;0.2;0.7,31.26,0.07,0.0,4.64,15.057,0.795,8154.0,12744.0,4,16,,,,,,,,,,,,,,,,,,,,,,,,,,,,,,,,,,,,,,,,,,,,,,,,,,,,,,,,,,,,,
179,4,,,,,,,100,69,69,17,235.4,2730,10801,37,0,21.6,12.6;2.6;12.8;18.6;4.6;4.1;87.2;83.9;51.3;46.2;89.2;96.4;1.4;1.2;0.7;0.2;1.4;0.7;0.5;0.2;0.2;0.2;0.5;1.2,31.25,0.07,0.0,3.48,15.057,0.795,5566.0,41455.0,4,16,,,,,,,,,,,,,,,,,,,,,,,,,,,,,,,,,,,,,,,,,,,,,,,,,,,,,,,,,,,,,
179,5,,,,,,,99,95,67,14,232.5,2730,10801,37,0,22.2,13.4;1.7;17.4;11.4;5.6;5.3;90.8;92.5;48.3;53.2;91.3;87.6;1.7;1.9;0.7;0.5;0.7;1.5;0.2;0.2;2.2;2.2;1.0;1.0,31.24,0.07,0.0,2.74,15.057,0.795,29296.0,11865.0,4,16,,,,,,,,,,,,,,,,,,,,,,,,,,,,,,,,,,,,,,,,,,,,,,,,,,,,,,,,,,,,,
179,6,,,,,,,100,74,68,16,236.2,2730,10801,37,0,14.1,14.5;1.7;9.6;5.9;3.0;2.5;54.3;63.3;18.5;30.0;65.3;59.0;1.7;1.2;0.2;0.2;1.2;1.0;0.5;0.7;0.5;0.7;1.0;0.7,31.22,0.07,0.0,1.95,15.057,0.795,8349.0,11865.0,4,16,,,,,,,,,,,,,,,,,,,,,,,,,,,,,,,,,,,,,,,,,,,,,,,,,,,,,,,,,,,,,
179,7,,,,,,,99,94,68,17,233.0,2730,10801,37,0,6.7,11.1;0.8;3.9;1.4;0.8;1.4;21.5;24.2;5.6;2.0;15.4;69.1;0.0;0.3;0.0;0.0;0.0;0.0;0.0;0.0;0.6;0.0;0.8;1.4,31.2,0.07,0.0,1.5,15.057,0.795,976.0,244.0,4,16,,,,,,,,,,,,,,,,,,,,,,,,,,,,,,,,,,,,,,,,,,,,,,,,,,,,,,,,,,,,,
179,summary,0.2855164620417961,0.9990783986365858,0.28246555897924636,1.0,0.00002788,39.8,,,,,,,,,,,,,,,,,,,,,,0,84.86,100,0,70.71,95,58,66.29,69,14,17.29,26,57.4,209.06,236.2,2584.3,10801.0,37.0,0,6.7,25.94,64.1,31.2,31.26,31.36,63.16,0.07,0.07,0.07,16.0,0.0,0.0,0.0,1.5,3.24,4.68,10.954,14.262,15.057,15.06,15.065,15.992,0.795,0.8,0.803,976.0,10420.86,29296.0,244.0,18673.14,41748.0,4,4.0,4,16,16.0,16,4,16,31.73,7.2
180,1,,,,,,,0,0,58,27,57.5,1305,10801,37,0,63.6,72.7;78.7;88.6;85.2;77.2;83.9;98.7;90.6;87.3;87.2;92.6;94.0;61.3;57.7;26.0;25.5;56.4;54.4;19.5;18.8;42.3;47.7;36.2;45.0,31.36,0.07,0.0,4.6,15.065,0.803,7080.0,20361.0,4,16,,,,,,,,,,,,,,,,,,,,,,,,,,,,,,,,,,,,,,,,,,,,,,,,,,,,,,,,,,,,,
180,2,,,,,,,100,78,69,17,233.6,2730,10801,37,0,31.4,24.9;16.0;33.3;31.9;21.0;19.0;94.0;84.2;55.4;69.9;91.0;96.0;15.5;15.0;3.4;4.3;12.9;13.6;1.7;2.6;13.4;13.1;9.1;12.2,31.29,0.07,0.0,5.52,15.057,0.795,10302.0,132421.0,4,16,,,,,,,,,,,,,,,,,,,,,,,,,,,,,,,,,,,,,,,,,,,,,,,,,,,,,,,,,,,,,
180,3,,,,,,,96,91,66,16,231.9,2730,10801,37,0,22.6,13.5;1.2;17.0;15.9;6.9;5.1;94.6;90.9;46.7;49.6;94.3;95.6;1.2;1.7;0.0;1.0;0.7;1.0;0.5;0.5;1.7;0.7;0.7;0.7,31.27,0.07,0.0,3.72,15.057,0.795,6982.0,29589.0,4,16,,,,,,,,,,,,,,,,,,,,,,,,,,,,,,,,,,,,,,,,,,,,,,,,,,,,,,,,,,,,,
180,4,,,,,,,100,66,70,14,234.4,2730,10801,37,0,22.1,16.2;1.5;18.9;8.0;5.8;5.1;95.9;91.3;37.3;59.5;92.0;93.7;1.0;1.0;0.5;0.5;0.7;0.2;0.2;0.0;1.2;0.2;0.2;0.5,31.26,0.07,0.0,3.51,15.057,0.795,6982.0,57958.0,4,16,,,,,,,,,,,,,,,,,,,,,,,,,,,,,,,,,,,,,,,,,,,,,,,,,,,,,,,,,,,,,
180,5,,,,,,,96,88,67,17,231.9,2730,10801,37,0,22.2,14.8;2.5;17.7;11.5;7.6;4.9;90.7;94.8;51.8;51.5;94.1;81.0;2.9;1.5;0.2;0.0;1.5;0.7;0.2;0.7;1.0;1.2;0.2;0.7,31.24,0.07,0.0,2.74,15.057,0.795,5664.0,28320.0,4,16,,,,,,,,,,,,,,,,,,,,,,,,,,,,,,,,,,,,,,,,,,,,,,,,,,,,,,,,,,,,,
180,6,,,,,,,97,90,67,16,232.8,2730,10801,37,0,13.5,13.8;0.7;6.8;9.4;3.4;1.2;56.7;58.4;21.1;32.9;56.7;59.2;0.7;0.2;0.0;0.0;0.0;0.0;0.0;0.0;0.2;0.7;0.0;1.0,31.21,0.07,0.01,2.28,15.057,0.795,16357.0,14062.0,4,16,,,,,,,,,,,,,,,,,,,,,,,,,,,,,,,,,,,,,,,,,,,,,,,,,,,,,,,,,,,,,
180,7,,,,,,,100,77,69,20,233.6,2730,10801,37,0,6.7,10.6;0.6;2.8;2.2;1.7;0.8;29.7;56.2;6.7;2.8;22.8;19.4;0.6;0.3;0.0;0.0;0.3;0.0;0.0;0.6;0.0;0.3;0.6;0.0,31.2,0.07,0.0,1.57,15.057,0.795,292.0,1367.0,4,16,,,,,,,,,,,,,,,,,,,,,,,,,,,,,,,,,,,,,,,,,,,,,,,,,,,,,,,,,,,,,
180,summary,0.2856670695142467,0.9990158779410777,0.2824702483283149,1.0,0.00002531,39.9,,,,,,,,,,,,,,,,,,,,,,0,84.14,100,0,70.0,91,58,66.57,70,14,18.14,27,57.5,207.96,234.4,2526.4,10801.0,37.0,0,6.7,26.01,63.6,31.2,31.26,31.36,63.16,0.07,0.07,0.07,16.0,0.0,0.0,0.01,1.57,3.42,5.52,10.958,14.262,15.057,15.06,15.065,15.992,0.795,0.8,0.803,292.0,7665.57,16357.0,1367.0,40582.57,132421.0,4,4.0,4,16,16.0,16,4,16,31.73,7.3
181,1,,,,,,,0,0,59,23,66.0,1440,10801,37,0,62.7,81.4;84.2;87.6;88.3;79.3;82.8;86.2;91.7;83.4;82.8;92.4;94.5;56.2;61.0;29.1;21.2;60.3;54.6;19.2;20.4;43.2;46.8;30.5;37.9,31.36,0.07,0.0,3.79,15.065,0.803,3320.0,17773.0,4,16,,,,,,,,,,,,,,,,,,,,,,,,,,,,,,,,,,,,,,,,,,,,,,,,,,,,,,,,,,,,,
181,2,,,,,,,100,98,67,17,232.7,2730,10801,37,0,32.0,28.6;17.7;36.9;30.4;22.4;17.4;86.5;91.5;50.0;77.6;93.2;93.8;11.8;13.3;8.9;7.0;12.0;13.0;5.1;5.6;13.0;11.6;9.4;12.7,31.33,0.07,0.0,5.66,15.057,0.795,27148.0,29687.0,4,16,,,,,,,,,,,,,,,,,,,,,,,,,,,,,,,,,,,,,,,,,,,,,,,,,,,,,,,,,,,,,
181,3,,,,,,,97,73,67,17,235.4,2730,10801,37,0,22.6,13.2;1.7;18.4;9.6;9.3;5.6;91.5;91.9;46.8;57.8;93.9;92.2;2.9;2.0;0.2;0.2;1.0;0.5;0.7;0.0;0.5;0.5;0.5;0.5,31.29,0.07,0.0,4.48,15.057,0.795,4492.0,35449.0,4,16,,,,,,,,,,,,,,,,,,,,,,,,,,,,,,,,,,,,,,,,,,,,,,,,,,,,,,,,,,,,,
181,4,,,,,,,100,73,68,17,235.6,2730,10801,37,0,21.6,13.8;1.7;15.2;13.1;4.9;5.1;90.0;92.9;62.4;33.4;90.0;91.0;1.2;0.7;0.5;0.5;1.2;0.5;0.0;0.2;1.0;0.7;0.0;0.2,31.28,0.07,0.0,3.36,15.057,0.795,25292.0,26611.0,4,16,,,,,,,,,,,,,,,,,,,,,,,,,,,,,,,,,,,,,,,,,,,,,,,,,,,,,,,,,,,,,
181,5,,,,,,,100,99,67,17,232.1,2730,10801,37,0,22.9,14.2;5.1;21.9;11.7;8.0;4.4;94.2;88.8;55.8;44.7;92.5;94.2;3.2;0.7;1.0;0.5;1.0;0.7;1.0;1.0;0.2;1.2;2.0;1.5,31.24,0.07,0.0,2.09,15.057,0.795,18896.0,35986.0,4,16,,,,,,,,,,,,,,,,,,,,,,,,,,,,,,,,,,,,,,,,,,,,,,,,,,,,,,,,,,,,,
181,6,,,,,,,100,77,68,17,235.7,2730,10801,37,0,14.3,15.0;1.5;11.0;7.3;6.6;3.4;50.2;62.0;25.2;33.6;66.9;52.0;1.2;0.7;0.0;0.5;0.7;1.2;0.2;0.0;0.7;0.7;0.7;1.0,31.23,0.07,0.0,2.25,15.057,0.795,27197.0,322216.0,4,16,,,,,,,,,,,,,,,,,,,,,,,,,,,,,,,,,,,,,,,,,,,,,,,,,,,,,,,,,,,,,
181,7,,,,,,,100,99,67,15,232.8,2730,10801,37,0,7.7,13.8;2.8;5.0;3.1;2.2;3.1;27.9;9.2;8.4;5.0;48.2;44.5;1.7;0.8;0.3;0.3;1.7;1.1;0.0;0.0;2.5;2.0;0.3;0.6,31.21,0.07,0.0,1.58,15.057,0.795,292.0,1660.0,4,16,,,,,,,,,,,,,,,,,,,,,,,,,,,,,,,,,,,,,,,,,,,,,,,,,,,,,,,,,,,,,
181,summary,0.2856871108665982,0.9990529272421195,0.2824762147532569,1.0,0.00002286,39.7,,,,,,,,,,,,,,,,,,,,,,0,85.29,100,0,74.14,99,59,66.14,68,15,17.57,23,66.0,210.04,235.7,2545.7,10801.0,37.0,0,7.7,26.26,62.7,31.21,31.28,31.36,63.16,0.07,0.07,0.07,16.0,0.0,0.0,0.0,1.58,3.32,5.66,10.953,14.262,15.057,15.06,15.065,15.992,0.795,0.8,0.803,292.0,15233.86,27197.0,1660.0,67054.57,322216.0,4,4.0,4,16,16.0,16,4,16,31.77,7.13
182,1,,,,,,,0,0,58,26,56.9,1290,10801,37,0,64.7,79.6;83.0;89.7;87.6;77.4;81.4;94.5;90.3;86.3;90.3;93.1;95.9;61.6;54.1;30.1;32.7;56.2;55.5;18.4;21.9;46.6;47.9;38.6;41.1,31.38,0.07,0.01,3.94,15.065,0.803,29003.0,41406.0,4,16,,,,,,,,,,,,,,,,,,,,,,,,,,,,,,,,,,,,,,,,,,,,,,,,,,,,,,,,,,,,,
182,2,,,,,,,100,99,66,16,232.7,2730,10801,37,0,30.8,27.7;13.9;35.9;24.2;23.2;18.1;91.0;95.9;60.3;60.0;93.8;92.8;12.9;13.6;4.1;3.8;11.0;12.0;1.9;1.9;11.2;9.8;9.5;10.5,31.32,0.07,0.0,4.61,15.057,0.795,7275.0,39208.0,4,16,,,,,,,,,,,,,,,,,,,,,,,,,,,,,,,,,,,,,,,,,,,,,,,,,,,,,,,,,,,,,
182,3,,,,,,,100,78,68,16,234.9,2730,10801,37,0,22.2,13.6;1.2;17.4;12.3;7.1;5.2;86.2;87.2;45.2;58.9;95.1;97.3;1.0;1.2;0.2;0.0;0.7;0.2;0.2;0.2;0.5;0.5;0.0;0.0,31.29,0.07,0.0,4.72,15.057,0.795,9179.0,15283.0,4,16,,,,,,,,,,,,,,,,,,,,,,,,,,,,,,,,,,,,,,,,,,,,,,,,,,,,,,,,,,,,,
182,4,,,,,,,100,93,69,16,233.1,2730,10801,37,0,21.8,12.5;2.0;21.4;11.4;7.5;2.7;92.5;92.0;50.2;55.5;83.0;87.3;1.9;1.2;0.0;0.0;1.0;0.5;0.5;0.5;0.7;0.0;0.0;0.0,31.25,0.07,0.0,3.47,15.057,0.795,27294.0,306884.0,4,16,,,,,,,,,,,,,,,,,,,,,,,,,,,,,,,,,,,,,,,,,,,,,,,,,,,,,,,,,,,,,
182,5,,,,,,,96,75,71,18,234.8,2730,10801,37,0,21.9,15.0;2.4;19.7;10.4;3.6;4.6;91.0;88.6;36.1;61.7;91.5;93.0;0.7;1.0;0.7;0.5;0.5;0.2;0.0;0.0;1.9;0.0;0.7;1.0,31.23,0.07,0.0,2.74,15.057,0.795,46386.0,133154.0,4,16,,,,,,,,,,,,,,,,,,,,,,,,,,,,,,,,,,,,,,,,,,,,,,,,,,,,,,,,,,,,,
182,6,,,,,,,96,73,71,14,234.2,2730,10801,37,0,13.3,13.1;1.7;11.2;7.3;3.4;3.2;58.5;55.1;22.8;24.4;54.1;58.2;0.7;0.2;0.7;0.0;0.7;0.2;0.2;0.5;0.5;0.7;0.0;0.2,31.23,0.07,0.02,1.93,15.057,0.795,27685.0,37939.0,4,16,,,,,,,,,,,,,,,,,,,,,,,,,,,,,,,,,,,,,,,,,,,,,,,,,,,,,,,,,,,,,
182,7,,,,,,,100,96,68,16,233.7,2730,10801,37,0,6.7,10.3;0.3;1.9;3.0;2.2;1.1;39.6;26.0;4.7;3.3;23.3;38.5;0.6;0.6;0.5;0.3;0.8;0.0;0.3;0.0;0.6;0.8;0.8;0.3,31.22,0.07,0.0,1.44,15.057,0.795,244.0,1416.0,4,16,,,,,,,,,,,,,,,,,,,,,,,,,,,,,,,,,,,,,,,,,,,,,,,,,,,,,,,,,,,,,
182,summary,0.2854485281555142,0.9990969232871066,0.28246652311748927,1.0,0.00002054,39.8,,,,,,,,,,,,,,,,,,,,,,0,84.57,100,0,73.43,99,58,67.29,71,14,17.43,26,56.9,208.61,234.9,2524.3,10801.0,37.0,0,6.7,25.91,64.7,31.22,31.27,31.38,63.16,0.07,0.07,0.07,16.0,0.0,0.0,0.02,1.44,3.26,4.72,10.953,14.262,15.057,15.06,15.065,15.992,0.795,0.8,0.803,244.0,21009.43,46386.0,1416.0,82184.29,306884.0,4,4.0,4,16,16.0,16,4,16,31.37,7.64
183,1,,,,,,,0,0,58,26,58.5,1560,10801,37,0,64.6,82.0;84.4;88.4;89.1;81.1;82.6;91.3;93.2;87.2;87.8;92.5;95.2;52.7;59.2;23.1;22.4;59.9;62.6;17.0;17.1;47.6;49.7;36.7;45.6,31.38,0.07,0.0,4.76,15.065,0.803,10058.0,11279.0,4,16,,,,,,,,,,,,,,,,,,,,,,,,,,,,,,,,,,,,,,,,,,,,,,,,,,,,,,,,,,,,,
183,2,,,,,,,96,90,70,17,231.8,2730,10801,37,0,30.9,24.9;15.3;29.7;35.7;19.7;17.0;91.1;91.0;62.2;65.2;94.4;91.7;11.4;13.8;5.1;5.1;10.5;11.7;3.4;3.2;10.2;11.0;9.3;9.4,31.32,0.07,0.0,5.67,15.057,0.795,34716.0,139257.0,4,16,,,,,,,,,,,,,,,,,,,,,,,,,,,,,,,,,,,,,,,,,,,,,,,,,,,,,,,,,,,,,
183,3,,,,,,,100,67,67,14,234.2,2730,10801,37,0,22.6,16.7;2.4;18.9;14.7;7.1;4.4;96.1;95.4;41.4;57.8;87.0;89.7;1.5;2.7;1.0;0.2;1.5;0.2;0.0;0.2;1.0;1.0;0.5;1.0,31.29,0.07,0.0,3.63,15.057,0.795,6445.0,12451.0,4,16,,,,,,,,,,,,,,,,,,,,,,,,,,,,,,,,,,,,,,,,,,,,,,,,,,,,,,,,,,,,,
183,4,,,,,,,100,71,67,17,233.1,2730,10801,37,0,22.5,15.9;2.9;14.9;14.5;7.2;3.4;92.5;87.0;46.1;57.6;90.6;96.9;2.2;1.9;0.5;0.2;0.7;0.7;0.5;0.5;1.0;1.0;0.7;0.5,31.26,0.07,0.0,3.5,15.057,0.795,10644.0,20410.0,4,16,,,,,,,,,,,,,,,,,,,,,,,,,,,,,,,,,,,,,,,,,,,,,,,,,,,,,,,,,,,,,
183,5,,,,,,,96,91,70,17,232.2,2730,10801,37,0,22.4,13.9;2.7;18.9;8.3;5.9;3.2;92.5;95.1;41.1;57.4;93.9;94.9;2.5;0.0;1.0;1.0;0.7;1.5;0.0;0.0;1.5;0.2;0.7;0.7,31.24,0.07,0.0,2.76,15.057,0.795,20361.0,34716.0,4,16,,,,,,,,,,,,,,,,,,,,,,,,,,,,,,,,,,,,,,,,,,,,,,,,,,,,,,,,,,,,,
183,6,,,,,,,100,67,67,16,234.9,2730,10801,37,0,14.7,18.5;1.7;10.5;9.3;5.6;3.9;51.7;61.2;32.2;21.9;72.9;53.0;1.2;1.5;0.2;0.5;0.7;1.7;0.2;0.2;1.2;0.5;0.7;0.2,31.23,0.07,0.0,1.94,15.057,0.795,10693.0,31347.0,4,16,,,,,,,,,,,,,,,,,,,,,,,,,,,,,,,,,,,,,,,,,,,,,,,,,,,,,,,,,,,,,
183,7,,,,,,,97,91,71,17,231.9,2730,10801,37,0,6.8,13.5;1.6;3.0;2.2;0.8;1.4;30.9;21.4;4.7;3.9;24.0;50.8;0.8;1.4;0.0;0.0;0.6;0.3;0.0;0.3;0.6;0.3;0.3;0.3,31.23,0.07,0.0,1.84,15.057,0.795,15283.0,14013.0,4,16,,,,,,,,,,,,,,,,,,,,,,,,,,,,,,,,,,,,,,,,,,,,,,,,,,,,,,,,,,,,,
183,summary,0.28571638134315996,0.9989880909652964,0.28247351874245535,1.0,0.00001833,39.8,,,,,,,,,,,,,,,,,,,,,,0,84.14,100,0,68.14,91,58,67.14,71,14,17.71,26,58.5,208.09,234.9,2562.9,10801.0,37.0,0,6.8,26.36,64.6,31.23,31.28,31.38,63.16,0.07,0.07,0.07,16.0,0.0,0.0,0.0,1.84,3.44,5.67,10.954,14.262,15.057,15.06,15.065,15.992,0.795,0.8,0.803,6445.0,15457.14,34716.0,11279.0,37639.0,139257.0,4,4.0,4,16,16.0,16,4,16,31.7,7.19
184,1,,,,,,,0,0,58,26,57.0,1305,5001,37,0,63.4,80.4;81.6;87.1;87.8;88.4;90.5;87.8;93.2;86.4;81.6;89.1;97.3;63.3;60.5;21.1;23.8;53.1;59.2;16.3;14.3;44.2;38.1;35.4;40.1,31.38,0.07,0.0,3.71,15.065,0.803,5273.0,22558.0,4,16,,,,,,,,,,,,,,,,,,,,,,,,,,,,,,,,,,,,,,,,,,,,,,,,,,,,,,,,,,,,,
184,2,,,,,,,100,91,65,18,232.5,2730,10801,37,0,30.6,25.3;14.6;28.6;30.6;17.2;19.3;90.7;92.8;54.2;65.6;96.9;94.3;10.5;11.2;4.5;5.5;11.2;11.2;4.1;5.5;10.5;12.2;8.4;9.6,31.31,0.07,0.05,6.23,15.057,0.795,5517.0,34863.0,4,16,,,,,,,,,,,,,,,,,,,,,,,,,,,,,,,,,,,,,,,,,,,,,,,,,,,,,,,,,,,,,
184,3,,,,,,,96,87,70,17,232.8,2730,10801,37,0,22.5,12.9;2.9;12.9;16.1;4.9;5.1;93.9;93.6;55.5;50.7;94.6;87.8;2.2;1.2;0.7;0.5;0.5;0.7;0.0;0.5;0.2;0.5;1.2;0.2,31.27,0.07,0.09,5.18,15.057,0.795,29101.0,12646.0,4,16,,,,,,,,,,,,,,,,,,,,,,,,,,,,,,,,,,,,,,,,,,,,,,,,,,,,,,,,,,,,,
184,4,,,,,,,100,77,67,17,234.0,2730,10801,37,0,23.0,13.9;5.4;17.1;13.4;6.6;9.5;90.0;90.0;45.5;58.8;90.2;94.9;2.0;3.7;1.2;0.7;1.7;1.5;0.7;1.2;1.2;1.0;1.2;1.0,31.25,0.07,0.0,2.72,15.057,0.795,5419.0,24560.0,4,16,,,,,,,,,,,,,,,,,,,,,,,,,,,,,,,,,,,,,,,,,,,,,,,,,,,,,,,,,,,,,
184,5,,,,,,,96,91,71,16,231.9,2730,10801,37,0,22.5,15.4;3.2;15.9;14.2;3.4;5.9;87.3;94.3;44.3;56.9;95.4;90.7;1.5;2.2;0.0;0.5;1.0;0.7;0.0;0.0;3.4;2.2;2.0;1.2,31.22,0.07,0.0,2.72,15.057,0.795,14257.0,152587.0,4,16,,,,,,,,,,,,,,,,,,,,,,,,,,,,,,,,,,,,,,,,,,,,,,,,,,,,,,,,,,,,,
184,6,,,,,,,96,82,70,17,234.3,2730,10801,37,0,14.0,13.6;1.5;6.0;10.8;3.1;3.9;48.6;54.9;19.0;26.3;55.6;81.9;0.5;1.2;0.7;0.2;1.4;1.2;0.7;0.5;1.0;1.2;0.2;1.7,31.21,0.07,0.0,2.24,15.057,0.795,17822.0,34472.0,4,16,,,,,,,,,,,,,,,,,,,,,,,,,,,,,,,,,,,,,,,,,,,,,,,,,,,,,,,,,,,,,
184,7,,,,,,,100,89,66,15,233.8,2730,10801,37,0,6.3,13.5;0.0;0.3;1.4;0.8;0.3;54.7;27.2;1.9;5.0;15.0;30.6;0.0;0.0;0.0;0.0;0.3;0.0;0.0;0.3;0.0;0.0;0.0;0.6,31.2,0.07,0.0,1.48,15.057,0.795,0.0,1416.0,4,16,,,,,,,,,,,,,,,,,,,,,,,,,,,,,,,,,,,,,,,,,,,,,,,,,,,,,,,,,,,,,
184,summary,0.28526014572569447,0.999124710262888,0.2824678590297699,1.0,0.00001625,39.8,,,,,,,,,,,,,,,,,,,,,,0,84.0,100,0,73.86,91,58,66.71,71,15,18.0,26,57.0,208.04,234.3,2526.4,9972.4,37.0,0,6.3,26.04,63.4,31.2,31.26,31.38,63.16,0.07,0.07,0.07,16.0,0.0,0.02,0.09,1.48,3.47,6.23,10.954,14.262,15.057,15.06,15.065,15.992,0.795,0.8,0.803,0.0,11055.57,29101.0,1416.0,40443.14,152587.0,4,4.0,4,16,16.0,16,4,16,31.75,7.26
185,1,,,,,,,0,0,58,26,58.4,1560,10801,37,0,64.0,80.4;80.0;90.3;89.6;85.4;84.1;88.9;99.3;81.4;86.1;84.0;94.5;53.4;57.9;19.9;28.1;52.4;57.2;21.4;21.2;42.8;51.7;41.1;46.9,31.37,0.07,0.0,4.67,15.065,0.803,6933.0,19824.0,4,16,,,,,,,,,,,,,,,,,,,,,,,,,,,,,,,,,,,,,,,,,,,,,,,,,,,,,,,,,,,,,
185,2,,,,,,,96,89,68,18,231.7,2730,10801,37,0,31.3,22.5;15.5;34.6;31.2;19.6;18.2;91.1;92.0;53.6;69.9;94.2;99.8;12.8;12.6;5.3;4.1;12.1;12.3;3.1;4.1;12.1;11.6;8.7;10.2,31.3,0.07,0.0,4.75,15.057,0.795,19384.0,12158.0,4,16,,,,,,,,,,,,,,,,,,,,,,,,,,,,,,,,,,,,,,,,,,,,,,,,,,,,,,,,,,,,,
185,3,,,,,,,100,98,67,17,232.8,2730,10801,37,0,22.6,15.8;2.9;16.4;12.9;3.4;8.5;88.3;92.0;51.0;53.8;92.7;92.7;2.0;2.2;0.2;0.7;0.7;0.5;0.7;1.5;1.0;0.5;0.7;0.5,31.25,0.07,0.0,4.65,15.057,0.795,5468.0,44482.0,4,16,,,,,,,,,,,,,,,,,,,,,,,,,,,,,,,,,,,,,,,,,,,,,,,,,,,,,,,,,,,,,
185,4,,,,,,,96,88,67,16,231.8,2730,10801,37,0,22.1,18.9;2.9;10.4;17.7;6.0;7.3;89.6;93.5;49.8;48.9;83.3;86.9;2.4;2.7;0.5;0.5;1.0;0.5;0.7;0.7;1.5;2.2;0.0;2.2,31.24,0.07,0.0,3.47,15.057,0.795,5615.0,25244.0,4,16,,,,,,,,,,,,,,,,,,,,,,,,,,,,,,,,,,,,,,,,,,,,,,,,,,,,,,,,,,,,,
185,5,,,,,,,100,69,69,18,235.8,2730,10801,37,0,22.4,12.6;3.2;11.7;13.0;3.7;6.1;88.8;91.2;54.5;53.5;92.0;93.6;2.2;1.0;1.0;0.2;1.9;1.5;0.5;0.7;1.7;1.5;0.7;0.7,31.23,0.07,0.0,2.75,15.057,0.795,69335.0,18750.0,4,16,,,,,,,,,,,,,,,,,,,,,,,,,,,,,,,,,,,,,,,,,,,,,,,,,,,,,,,,,,,,,
185,6,,,,,,,99,97,67,18,233.6,2730,10801,37,0,13.5,12.3;1.2;6.6;7.4;2.5;2.0;49.6;67.2;29.2;23.1;56.0;62.7;0.5;0.7;0.2;0.0;0.5;0.0;0.0;0.0;0.0;0.5;0.5;0.0,31.22,0.07,0.0,1.93,15.057,0.795,8203.0,43603.0,4,16,,,,,,,,,,,,,,,,,,,,,,,,,,,,,,,,,,,,,,,,,,,,,,,,,,,,,,,,,,,,,
185,7,,,,,,,100,69,70,16,235.5,2730,10801,37,0,6.5,13.4;1.4;0.6;1.4;0.3;0.3;31.1;14.5;3.1;4.4;46.0;35.7;0.3;0.8;0.0;0.0;0.6;0.3;0.0;0.0;0.8;0.8;0.3;0.8,31.22,0.07,0.0,1.48,15.057,0.795,9814.0,102880.0,4,16,,,,,,,,,,,,,,,,,,,,,,,,,,,,,,,,,,,,,,,,,,,,,,,,,,,,,,,,,,,,,
185,summary,0.2857061593093059,0.9990344025915986,0.2824695538679759,1.0,0.00001429,39.7,,,,,,,,,,,,,,,,,,,,,,0,84.43,100,0,72.86,98,58,66.57,70,16,18.43,26,58.4,208.51,235.8,2562.9,10801.0,37.0,0,6.5,26.06,64.0,31.22,31.26,31.37,63.16,0.07,0.07,0.07,16.0,0.0,0.0,0.0,1.48,3.39,4.75,10.953,14.262,15.057,15.06,15.065,15.992,0.795,0.8,0.803,5468.0,17821.71,69335.0,12158.0,38134.43,102880.0,4,4.0,4,16,16.0,16,4,16,31.79,7.11
186,1,,,,,,,0,0,58,26,54.8,1320,10801,37,0,64.8,80.0;76.4;88.9;88.9;79.2;85.5;88.9;97.9;84.0;85.6;88.3;91.0;59.3;55.6;27.6;29.2;60.7;66.7;22.2;23.1;47.9;54.9;34.3;44.1,31.38,0.07,0.01,4.85,15.065,0.803,24316.0,28027.0,4,16,,,,,,,,,,,,,,,,,,,,,,,,,,,,,,,,,,,,,,,,,,,,,,,,,,,,,,,,,,,,,
186,2,,,,,,,100,67,71,19,233.4,2730,10801,37,0,31.6,26.5;15.8;34.2;30.8;21.2;19.0;93.3;95.2;67.1;52.4;93.3;91.6;14.6;13.7;4.1;4.6;11.1;13.2;2.7;2.9;10.8;14.7;9.1;12.5,31.29,0.07,0.0,5.54,15.057,0.795,5078.0,35058.0,4,16,,,,,,,,,,,,,,,,,,,,,,,,,,,,,,,,,,,,,,,,,,,,,,,,,,,,,,,,,,,,,
186,3,,,,,,,96,88,67,17,231.3,2730,10801,37,0,21.9,13.0;2.2;10.0;14.4;3.9;4.6;92.5;93.7;54.4;43.3;89.9;96.4;0.2;1.7;0.0;0.0;0.5;0.7;0.5;0.0;0.7;0.7;0.0;0.2,31.27,0.07,0.0,3.64,15.057,0.795,11279.0,12451.0,4,16,,,,,,,,,,,,,,,,,,,,,,,,,,,,,,,,,,,,,,,,,,,,,,,,,,,,,,,,,,,,,
186,4,,,,,,,100,69,69,16,233.8,2730,10801,37,0,22.5,15.8;3.4;14.7;13.9;4.9;5.9;91.2;91.7;50.1;56.4;93.4;87.5;1.7;1.2;0.2;0.5;1.0;1.0;0.2;0.7;1.0;0.7;1.5;0.7,31.25,0.07,0.0,3.57,15.057,0.795,13574.0,10498.0,4,16,,,,,,,,,,,,,,,,,,,,,,,,,,,,,,,,,,,,,,,,,,,,,,,,,,,,,,,,,,,,,
186,5,,,,,,,100,99,68,14,232.6,2730,10801,37,0,22.6,15.5;3.2;13.9;18.9;4.2;6.9;90.2;90.2;48.5;53.8;92.0;92.9;1.5;1.7;0.5;0.5;1.0;1.2;0.5;1.2;1.7;1.5;0.5;1.5,31.24,0.07,0.0,2.76,15.057,0.795,7568.0,30224.0,4,16,,,,,,,,,,,,,,,,,,,,,,,,,,,,,,,,,,,,,,,,,,,,,,,,,,,,,,,,,,,,,
186,6,,,,,,,96,88,68,16,228.1,2730,10801,37,0,13.5,15.2;1.5;5.1;8.0;1.5;1.5;46.5;60.5;23.8;23.5;57.8;71.6;0.5;1.9;0.0;0.0;0.0;0.2;0.0;0.0;1.0;0.2;0.5;0.5,31.23,0.07,0.0,1.97,15.057,0.795,7666.0,31201.0,4,16,,,,,,,,,,,,,,,,,,,,,,,,,,,,,,,,,,,,,,,,,,,,,,,,,,,,,,,,,,,,,
186,7,,,,,,,100,67,71,15,234.9,2730,10801,37,0,6.0,13.3;0.0;0.3;0.8;0.3;0.3;57.6;21.4;1.1;3.9;13.9;30.0;0.0;0.0;0.0;0.0;0.0;0.0;0.0;0.0;0.0;0.0;0.0;0.0,31.21,0.07,0.0,1.84,15.057,0.795,976.0,634.0,4,16,,,,,,,,,,,,,,,,,,,,,,,,,,,,,,,,,,,,,,,,,,,,,,,,,,,,,,,,,,,,,
186,summary,0.2856375349178229,0.9990297714289684,0.282466492679384,1.0,0.00001246,39.8,,,,,,,,,,,,,,,,,,,,,,0,84.57,100,0,68.29,99,58,67.43,71,14,17.57,26,54.8,206.99,234.9,2528.6,10801.0,37.0,0,6.0,26.13,64.8,31.21,31.27,31.38,63.16,0.07,0.07,0.07,16.0,0.0,0.0,0.01,1.84,3.45,5.54,10.953,14.262,15.057,15.06,15.065,15.992,0.795,0.8,0.803,976.0,10065.29,24316.0,634.0,21156.14,35058.0,4,4.0,4,16,16.0,16,4,16,31.56,7.4
187,1,,,,,,,0,0,58,26,54.7,1350,5001,37,0,63.8,75.3;77.2;90.3;87.6;82.9;84.1;89.7;95.2;80.0;83.4;90.3;95.9;51.0;59.3;25.5;28.3;61.4;57.9;19.3;23.4;40.7;47.3;41.4;43.4,31.38,0.07,0.0,3.84,15.065,0.803,23974.0,7080.0,4,16,,,,,,,,,,,,,,,,,,,,,,,,,,,,,,,,,,,,,,,,,,,,,,,,,,,,,,,,,,,,,
187,2,,,,,,,100,88,69,18,232.7,2730,10801,37,0,30.7,22.7;15.1;34.4;29.7;16.6;18.5;96.4;97.8;49.6;65.9;88.9;95.0;11.3;12.3;6.5;5.5;11.1;10.8;3.4;5.5;10.3;11.8;8.7;10.1,31.29,0.07,0.0,5.61,15.057,0.795,7763.0,16503.0,4,16,,,,,,,,,,,,,,,,,,,,,,,,,,,,,,,,,,,,,,,,,,,,,,,,,,,,,,,,,,,,,
187,3,,,,,,,96,85,67,17,232.4,2730,10801,37,0,22.7,15.4;2.9;11.3;20.6;3.4;5.9;90.7;90.0;51.8;51.6;93.6;97.3;2.5;1.7;0.2;0.7;0.7;0.5;0.2;0.0;0.5;1.5;1.0;0.7,31.26,0.07,0.0,4.45,15.057,0.795,68554.0,24951.0,4,16,,,,,,,,,,,,,,,,,,,,,,,,,,,,,,,,,,,,,,,,,,,,,,,,,,,,,,,,,,,,,
187,4,,,,,,,96,73,68,17,222.2,2745,10801,37,0,21.6,16.9;2.9;8.9;14.7;3.4;5.1;90.3;90.3;34.0;63.1;92.5;92.0;1.5;0.7;0.2;0.0;0.7;0.2;0.2;0.0;0.5;0.5;0.2;0.2,31.24,0.07,0.0,2.7,15.057,0.795,5810.0,37744.0,4,16,,,,,,,,,,,,,,,,,,,,,,,,,,,,,,,,,,,,,,,,,,,,,,,,,,,,,,,,,,,,,
187,5,,,,,,,100,88,69,18,233.2,2730,10801,37,0,22.5,11.7;2.9;15.4;16.1;4.2;5.6;91.7;94.1;43.8;60.4;92.7;91.0;2.9;1.2;1.0;0.5;1.2;0.0;0.5;0.7;0.5;1.2;0.5;0.7,31.24,0.07,0.0,2.75,15.057,0.795,12792.0,32861.0,4,16,,,,,,,,,,,,,,,,,,,,,,,,,,,,,,,,,,,,,,,,,,,,,,,,,,,,,,,,,,,,,
187,6,,,,,,,97,89,67,17,232.6,2730,10801,37,0,14.5,16.1;2.7;7.8;10.3;1.7;3.2;50.9;68.4;27.2;24.5;52.1;75.5;1.5;1.2;0.7;0.7;0.7;0.0;0.0;0.0;1.0;0.5;0.2;1.0,31.23,0.07,0.0,2.25,15.057,0.795,16845.0,14111.0,4,16,,,,,,,,,,,,,,,,,,,,,,,,,,,,,,,,,,,,,,,,,,,,,,,,,,,,,,,,,,,,,
187,7,,,,,,,100,88,69,14,234.0,2730,10801,37,0,6.5,12.6;0.8;2.2;1.1;0.6;1.1;36.1;19.7;1.4;5.8;51.4;16.9;1.7;0.0;0.0;0.6;0.3;0.0;0.6;0.3;0.3;0.3;0.6;0.3,31.21,0.07,0.0,1.45,15.057,0.795,341.0,488.0,4,16,,,,,,,,,,,,,,,,,,,,,,,,,,,,,,,,,,,,,,,,,,,,,,,,,,,,,,,,,,,,,
187,summary,0.2853477690665417,0.9991108167749972,0.2824671692318387,1.0,0.00001075,39.7,,,,,,,,,,,,,,,,,,,,,,0,84.14,100,0,73.0,89,58,66.71,69,14,18.14,26,54.7,205.97,234.0,2535.0,9972.4,37.0,0,6.5,26.04,63.8,31.21,31.26,31.38,63.16,0.07,0.07,0.07,16.0,0.0,0.0,0.0,1.45,3.29,5.61,10.952,14.262,15.057,15.06,15.065,15.992,0.795,0.8,0.803,341.0,19439.86,68554.0,488.0,19105.43,37744.0,4,4.0,4,16,16.0,16,4,16,31.75,7.19
188,1,,,,,,,0,0,58,26,54.8,1350,10801,37,0,65.8,78.2;76.7;88.9;91.7;81.2;86.1;94.5;91.0;86.2;85.4;91.0;95.8;54.8;55.5;32.4;33.1;50.3;58.9;28.3;29.5;46.9;54.5;41.4;47.6,31.36,0.07,0.0,6.68,15.065,0.803,27880.0,17773.0,4,16,,,,,,,,,,,,,,,,,,,,,,,,,,,,,,,,,,,,,,,,,,,,,,,,,,,,,,,,,,,,,
188,2,,,,,,,100,93,67,17,223.4,2730,10801,37,0,30.7,27.5;14.4;33.7;30.6;18.4;21.1;92.6;93.1;71.4;50.5;92.1;93.3;12.7;12.9;3.6;3.4;12.2;11.3;2.4;2.4;10.7;10.8;5.8;10.5,31.3,0.07,0.0,4.48,15.057,0.795,4150.0,47949.0,4,16,,,,,,,,,,,,,,,,,,,,,,,,,,,,,,,,,,,,,,,,,,,,,,,,,,,,,,,,,,,,,
188,3,,,,,,,96,73,71,15,235.3,2730,10801,37,0,22.6,13.8;3.5;15.5;16.3;5.7;5.4;97.3;94.3;41.8;54.4;93.6;96.8;1.5;0.7;0.7;0.2;0.2;0.7;0.2;0.5;0.5;0.0;0.2;0.0,31.27,0.07,0.0,4.48,15.057,0.795,28759.0,136425.0,4,16,,,,,,,,,,,,,,,,,,,,,,,,,,,,,,,,,,,,,,,,,,,,,,,,,,,,,,,,,,,,,
188,4,,,,,,,100,89,66,13,233.8,2730,10801,37,0,23.6,13.2;3.6;16.9;16.9;5.8;5.3;93.7;94.7;47.0;55.7;95.6;97.3;2.9;3.4;1.5;0.7;2.4;2.4;1.0;0.0;2.4;2.4;0.5;1.2,31.25,0.07,0.0,3.6,15.057,0.795,7080.0,11328.0,4,16,,,,,,,,,,,,,,,,,,,,,,,,,,,,,,,,,,,,,,,,,,,,,,,,,,,,,,,,,,,,,
188,5,,,,,,,96,88,70,16,232.9,2730,10801,37,0,22.3,15.4;2.5;13.1;13.5;3.7;5.4;92.6;89.4;36.5;67.0;96.1;93.1;1.2;1.5;0.5;1.0;1.0;1.0;0.0;0.0;0.2;0.5;0.2;0.7,31.24,0.07,0.0,2.11,15.057,0.795,6738.0,18017.0,4,16,,,,,,,,,,,,,,,,,,,,,,,,,,,,,,,,,,,,,,,,,,,,,,,,,,,,,,,,,,,,,
188,6,,,,,,,98,72,69,16,223.4,2730,10801,37,0,13.4,13.2;1.7;9.2;5.8;1.0;2.2;47.7;62.6;24.2;27.8;62.6;58.5;0.7;1.2;0.0;0.0;0.5;1.0;0.0;0.0;1.4;1.0;0.0;0.2,31.23,0.07,0.0,2.29,15.057,0.795,18750.0,14062.0,4,16,,,,,,,,,,,,,,,,,,,,,,,,,,,,,,,,,,,,,,,,,,,,,,,,,,,,,,,,,,,,,
188,7,,,,,,,100,98,67,19,233.3,2730,10801,37,0,6.0,7.3;0.6;1.7;1.1;0.3;0.0;55.4;24.0;2.5;3.3;15.3;31.4;0.0;0.3;0.0;0.0;0.0;0.0;0.0;0.0;0.0;0.0;0.0;0.6,31.2,0.07,0.0,1.48,15.057,0.795,341.0,390.0,4,16,,,,,,,,,,,,,,,,,,,,,,,,,,,,,,,,,,,,,,,,,,,,,,,,,,,,,,,,,,,,,
188,summary,0.28553949190665334,0.9990506116608043,0.2824638776249356,1.0,0.00000916,39.8,,,,,,,,,,,,,,,,,,,,,,0,84.29,100,0,73.29,98,58,66.86,71,13,17.43,26,54.8,205.27,235.3,2532.9,10801.0,37.0,0,6.0,26.34,65.8,31.2,31.26,31.36,63.16,0.07,0.07,0.07,16.0,0.0,0.0,0.0,1.48,3.59,6.68,10.954,14.262,15.057,15.06,15.065,15.992,0.795,0.8,0.803,341.0,13385.43,28759.0,390.0,35134.86,136425.0,4,4.0,4,16,16.0,16,4,16,31.4,7.55
189,1,,,,,,,0,0,59,26,74.1,2745,10801,37,0,63.7,80.3;79.0;88.7;89.4;85.9;88.7;90.1;92.3;83.8;82.4;97.3;90.8;44.4;55.2;21.1;26.8;49.3;53.1;25.0;24.6;50.0;47.9;38.7;44.4,31.37,0.07,0.01,4.89,15.065,0.803,66406.0,37744.0,4,16,,,,,,,,,,,,,,,,,,,,,,,,,,,,,,,,,,,,,,,,,,,,,,,,,,,,,,,,,,,,,
189,2,,,,,,,100,69,68,16,234.8,2730,10801,37,0,31.4,22.2;16.1;34.1;32.0;17.1;22.9;93.9;91.5;64.4;62.9;93.4;90.2;13.4;12.7;4.6;5.1;12.4;13.2;4.4;3.4;12.4;11.4;9.5;11.0,31.29,0.07,0.0,5.74,15.057,0.795,5957.0,38916.0,4,16,,,,,,,,,,,,,,,,,,,,,,,,,,,,,,,,,,,,,,,,,,,,,,,,,,,,,,,,,,,,,
189,3,,,,,,,99,94,67,17,232.4,2730,10801,37,0,22.0,14.9;2.4;19.8;12.0;5.6;6.3;89.5;88.8;47.2;50.9;92.5;90.0;1.5;0.7;0.2;0.5;0.5;1.7;0.5;0.2;0.0;0.2;0.2;1.2,31.27,0.07,0.0,3.66,15.057,0.795,22753.0,25292.0,4,16,,,,,,,,,,,,,,,,,,,,,,,,,,,,,,,,,,,,,,,,,,,,,,,,,,,,,,,,,,,,,
189,4,,,,,,,100,77,68,16,235.7,2730,10801,37,0,21.8,15.4;3.8;15.9;12.4;4.2;9.8;89.7;95.8;30.8;60.5;91.8;85.6;1.4;1.4;0.7;0.2;1.2;0.2;0.0;0.2;1.2;0.0;0.5;0.5,31.27,0.07,0.0,3.39,15.057,0.795,2539.0,1367.0,4,16,,,,,,,,,,,,,,,,,,,,,,,,,,,,,,,,,,,,,,,,,,,,,,,,,,,,,,,,,,,,,
189,5,,,,,,,100,99,68,16,233.2,2730,10801,37,0,22.0,16.0;1.7;16.7;9.8;6.1;4.7;88.9;92.4;39.9;60.1;87.3;91.9;1.7;3.2;0.7;0.2;0.7;1.0;0.2;0.5;1.7;1.2;1.0;1.0,31.25,0.07,0.0,2.74,15.057,0.795,16943.0,29345.0,4,16,,,,,,,,,,,,,,,,,,,,,,,,,,,,,,,,,,,,,,,,,,,,,,,,,,,,,,,,,,,,,
189,6,,,,,,,98,75,69,15,235.4,2730,10801,37,0,14.1,13.9;2.7;7.7;11.4;3.6;3.6;59.8;66.4;20.0;27.3;54.3;59.3;2.2;1.0;0.2;0.0;0.5;1.5;0.0;0.5;0.2;0.5;0.5;0.2,31.21,0.07,0.01,1.96,15.057,0.795,7617.0,31347.0,4,16,,,,,,,,,,,,,,,,,,,,,,,,,,,,,,,,,,,,,,,,,,,,,,,,,,,,,,,,,,,,,
189,7,,,,,,,100,92,67,18,233.9,2730,10801,37,0,6.1,10.9;0.3;1.1;1.1;0.8;1.1;27.2;23.2;3.4;3.1;38.9;31.7;0.3;0.6;0.0;0.3;0.3;0.3;0.3;0.0;0.6;0.0;0.0;0.0,31.2,0.07,0.01,1.82,15.057,0.795,341.0,1660.0,4,16,,,,,,,,,,,,,,,,,,,,,,,,,,,,,,,,,,,,,,,,,,,,,,,,,,,,,,,,,,,,,
189,summary,0.28537056756285084,0.999124710262888,0.2824631133079529,1.0,0.00000770,39.8,,,,,,,,,,,,,,,,,,,,,,0,85.29,100,0,72.29,99,59,66.57,69,15,17.71,26,74.1,211.36,235.7,2732.1,10801.0,37.0,0,6.1,25.87,63.7,31.2,31.27,31.37,63.16,0.07,0.07,0.07,16.0,0.0,0.0,0.01,1.82,3.46,5.74,10.954,14.262,15.057,15.06,15.065,15.992,0.795,0.8,0.803,341.0,17508.0,66406.0,1367.0,23667.29,38916.0,4,4.0,4,16,16.0,16,4,16,31.65,7.34
190,1,,,,,,,0,0,58,26,55.0,1350,5001,37,0,64.8,77.2;84.4;89.1;91.2;81.0;87.8;93.9;91.2;85.0;81.0;89.8;95.9;58.1;63.9;19.9;27.4;55.8;58.5;16.4;12.3;51.4;57.1;44.2;40.8,31.38,0.07,0.01,3.77,15.065,0.803,24511.0,10009.0,4,16,,,,,,,,,,,,,,,,,,,,,,,,,,,,,,,,,,,,,,,,,,,,,,,,,,,,,,,,,,,,,
190,2,,,,,,,100,84,66,17,233.4,2730,10801,37,0,30.9,25.8;15.1;34.4;28.5;19.5;17.3;92.3;93.3;67.4;58.4;90.9;91.6;15.4;13.2;1.2;4.1;12.5;12.3;2.9;2.2;12.0;14.5;7.0;10.4,31.3,0.07,0.0,5.59,15.057,0.795,8300.0,12011.0,4,16,,,,,,,,,,,,,,,,,,,,,,,,,,,,,,,,,,,,,,,,,,,,,,,,,,,,,,,,,,,,,
190,3,,,,,,,100,93,68,17,233.2,2730,10801,37,0,21.8,13.5;2.9;16.1;15.9;8.7;5.8;93.0;82.9;42.1;55.0;87.0;90.6;1.9;1.7;0.5;0.7;0.0;0.5;0.0;0.0;1.2;1.4;0.7;0.5,31.28,0.07,0.03,4.51,15.057,0.795,5273.0,21044.0,4,16,,,,,,,,,,,,,,,,,,,,,,,,,,,,,,,,,,,,,,,,,,,,,,,,,,,,,,,,,,,,,
190,4,,,,,,,96,73,70,15,234.7,2730,10801,37,0,22.4,17.7;3.4;14.3;9.2;6.1;4.4;92.7;89.1;50.0;57.0;90.3;92.7;1.0;1.0;0.7;0.7;1.2;1.0;0.0;0.2;1.7;1.2;0.7;1.2,31.27,0.07,0.0,2.75,15.057,0.795,15234.0,30859.0,4,16,,,,,,,,,,,,,,,,,,,,,,,,,,,,,,,,,,,,,,,,,,,,,,,,,,,,,,,,,,,,,
190,5,,,,,,,100,79,67,17,233.3,2730,10801,37,0,22.3,14.8;2.7;19.2;16.7;6.1;5.9;89.7;88.4;46.3;54.8;85.5;92.4;2.0;1.7;0.5;0.7;1.0;1.2;1.0;1.0;1.2;1.0;0.5;1.0,31.25,0.07,0.0,2.7,15.057,0.795,29638.0,12011.0,4,16,,,,,,,,,,,,,,,,,,,,,,,,,,,,,,,,,,,,,,,,,,,,,,,,,,,,,,,,,,,,,
190,6,,,,,,,96,91,71,18,231.6,2730,10801,37,0,14.2,14.5;1.2;12.0;6.6;3.2;2.0;49.1;59.2;22.4;28.9;64.0;74.1;1.0;0.2;0.0;0.0;0.5;0.5;0.0;0.0;0.5;0.0;0.2;1.0,31.23,0.07,0.0,2.27,15.057,0.795,28076.0,38085.0,4,16,,,,,,,,,,,,,,,,,,,,,,,,,,,,,,,,,,,,,,,,,,,,,,,,,,,,,,,,,,,,,
190,7,,,,,,,99,77,70,17,235.7,2730,10801,37,0,6.1,13.1;1.4;1.1;1.6;0.5;0.5;48.9;12.8;3.5;1.6;29.5;30.5;0.0;0.3;0.0;0.0;0.0;0.0;0.0;0.0;0.5;0.3;0.0;0.3,31.22,0.07,0.0,1.53,15.057,0.795,0.0,3759.0,4,16,,,,,,,,,,,,,,,,,,,,,,,,,,,,,,,,,,,,,,,,,,,,,,,,,,,,,,,,,,,,,
190,summary,0.2854778389964711,0.9990830297992159,0.2824629890918732,1.0,0.00000637,39.9,,,,,,,,,,,,,,,,,,,,,,0,84.43,100,0,71.0,93,58,67.14,71,15,18.14,26,55.0,208.13,235.7,2532.9,9972.4,37.0,0,6.1,26.07,64.8,31.22,31.28,31.38,63.16,0.07,0.07,0.07,16.0,0.0,0.01,0.03,1.53,3.3,5.59,10.953,14.262,15.057,15.06,15.065,15.992,0.795,0.8,0.803,0.0,15861.71,29638.0,3759.0,18254.0,38085.0,4,4.0,4,16,16.0,16,4,16,31.56,7.53
191,1,,,,,,,0,0,58,26,55.8,1455,10801,37,0,63.9,76.5;79.7;86.5;85.1;87.2;87.2;83.9;92.6;87.2;86.5;90.5;97.3;52.3;51.4;26.5;28.5;56.1;60.8;19.6;22.4;56.4;52.7;34.5;32.7,31.37,0.07,0.01,4.61,15.065,0.803,26757.0,14404.0,4,16,,,,,,,,,,,,,,,,,,,,,,,,,,,,,,,,,,,,,,,,,,,,,,,,,,,,,,,,,,,,,
191,2,,,,,,,98,75,68,16,234.5,2730,10801,37,0,30.6,25.2;12.2;32.4;33.3;20.2;19.2;94.5;94.2;54.0;62.0;87.9;91.3;11.9;12.4;3.6;4.7;10.7;10.9;5.3;5.1;9.2;10.5;10.9;11.9,31.32,0.07,0.0,4.69,15.057,0.795,12158.0,16113.0,4,16,,,,,,,,,,,,,,,,,,,,,,,,,,,,,,,,,,,,,,,,,,,,,,,,,,,,,,,,,,,,,
191,3,,,,,,,100,92,67,16,233.6,2730,10801,37,0,22.7,12.3;4.6;19.2;15.3;6.6;8.3;93.0;94.1;42.4;55.1;88.5;95.4;1.7;1.5;0.2;0.5;0.7;0.7;0.0;0.7;0.7;1.5;1.2;1.5,31.29,0.07,0.0,4.6,15.057,0.795,5078.0,43359.0,4,16,,,,,,,,,,,,,,,,,,,,,,,,,,,,,,,,,,,,,,,,,,,,,,,,,,,,,,,,,,,,,
191,4,,,,,,,96,76,69,18,233.5,2730,10801,37,0,22.2,14.3;2.2;18.8;14.1;4.9;3.7;91.2;96.3;37.2;58.9;93.2;93.2;2.0;1.5;0.5;0.0;0.5;0.7;0.2;0.5;0.2;0.5;0.0;0.0,31.26,0.07,0.0,3.52,15.057,0.795,6250.0,18164.0,4,16,,,,,,,,,,,,,,,,,,,,,,,,,,,,,,,,,,,,,,,,,,,,,,,,,,,,,,,,,,,,,
191,5,,,,,,,100,76,68,16,234.6,2730,10801,37,0,21.8,12.6;1.2;10.4;16.7;5.3;3.6;87.4;93.0;43.8;55.8;89.3;94.4;1.5;1.7;0.5;0.5;0.5;0.7;0.2;0.0;1.0;1.0;1.2;0.2,31.23,0.07,0.0,2.79,15.057,0.795,19921.0,37548.0,4,16,,,,,,,,,,,,,,,,,,,,,,,,,,,,,,,,,,,,,,,,,,,,,,,,,,,,,,,,,,,,,
191,6,,,,,,,100,96,67,14,232.5,2730,10801,37,0,14.7,13.1;1.5;10.1;10.6;2.5;6.4;60.4;61.1;28.3;23.6;55.3;67.6;1.5;1.0;0.7;0.7;0.7;1.5;0.2;0.3;2.2;0.7;0.2;1.0,31.23,0.07,0.07,2.6,15.057,0.795,5957.0,20361.0,4,16,,,,,,,,,,,,,,,,,,,,,,,,,,,,,,,,,,,,,,,,,,,,,,,,,,,,,,,,,,,,,
191,7,,,,,,,100,91,68,18,232.6,2730,10801,37,0,6.4,14.2;0.3;1.1;1.7;0.8;0.8;21.1;31.3;3.1;2.8;40.8;31.9;0.3;0.8;0.0;0.0;0.0;0.3;0.0;0.0;0.3;0.3;0.3;1.1,31.22,0.07,0.0,2.02,15.057,0.795,976.0,292.0,4,16,,,,,,,,,,,,,,,,,,,,,,,,,,,,,,,,,,,,,,,,,,,,,,,,,,,,,,,,,,,,,
191,summary,0.2854942024346499,0.9990783986365858,0.282463685353597,1.0,0.00000516,39.8,,,,,,,,,,,,,,,,,,,,,,0,84.86,100,0,72.29,96,58,66.43,69,14,17.71,26,55.8,208.16,234.6,2547.9,10801.0,37.0,0,6.4,26.04,63.9,31.22,31.27,31.37,63.16,0.07,0.07,0.07,16.0,0.0,0.01,0.07,2.02,3.55,4.69,10.954,14.262,15.057,15.06,15.065,15.992,0.795,0.8,0.803,976.0,11013.86,26757.0,292.0,21463.0,43359.0,4,4.0,4,16,16.0,16,4,16,31.82,7.12
192,1,,,,,,,0,0,58,27,53.0,1305,10801,37,0,64.6,70.9;78.1;87.0;88.4;82.9;87.7;87.1;95.2;80.8;83.6;96.6;91.8;57.5;55.5;29.9;29.5;59.6;56.2;21.9;19.2;52.1;51.4;47.9;40.1,31.38,0.07,0.0,4.65,15.065,0.803,5566.0,33203.0,4,16,,,,,,,,,,,,,,,,,,,,,,,,,,,,,,,,,,,,,,,,,,,,,,,,,,,,,,,,,,,,,
192,2,,,,,,,96,88,67,17,231.5,2730,10801,37,0,31.4,25.0;13.6;35.3;29.5;19.4;22.3;96.4;94.9;57.5;64.3;93.7;94.9;14.3;13.1;5.1;4.6;10.9;10.5;4.6;4.6;9.9;10.9;7.5;9.7,31.32,0.07,0.0,5.65,15.057,0.795,18750.0,24804.0,4,16,,,,,,,,,,,,,,,,,,,,,,,,,,,,,,,,,,,,,,,,,,,,,,,,,,,,,,,,,,,,,
192,3,,,,,,,96,90,66,18,231.3,2730,10801,37,0,21.7,14.0;2.2;13.3;13.7;3.6;5.1;89.4;94.2;40.6;57.0;90.6;88.9;1.7;1.7;0.0;0.5;0.5;0.5;0.5;0.0;1.2;0.7;0.7;0.7,31.3,0.07,0.0,3.64,15.057,0.795,7812.0,15185.0,4,16,,,,,,,,,,,,,,,,,,,,,,,,,,,,,,,,,,,,,,,,,,,,,,,,,,,,,,,,,,,,,
192,4,,,,,,,100,66,70,17,233.8,2730,10801,37,0,22.1,17.2;3.2;14.7;12.5;6.4;4.9;91.0;90.7;43.3;64.0;86.3;85.5;1.5;2.0;0.7;0.5;1.0;1.0;0.2;0.5;0.7;0.7;0.7;1.0,31.27,0.07,0.0,3.55,15.057,0.795,28076.0,38867.0,4,16,,,,,,,,,,,,,,,,,,,,,,,,,,,,,,,,,,,,,,,,,,,,,,,,,,,,,,,,,,,,,
192,5,,,,,,,96,88,67,16,231.6,2730,10801,37,0,22.1,14.5;2.0;13.7;17.4;4.6;4.1;89.8;91.2;43.8;64.9;86.8;88.0;1.2;1.2;0.5;0.5;0.5;0.7;0.2;0.5;2.5;2.0;0.7;0.0,31.25,0.07,0.01,2.72,15.057,0.795,16455.0,30419.0,4,16,,,,,,,,,,,,,,,,,,,,,,,,,,,,,,,,,,,,,,,,,,,,,,,,,,,,,,,,,,,,,
192,6,,,,,,,100,69,70,15,235.5,2730,10801,37,0,14.3,15.5;2.0;12.0;8.3;3.7;2.5;70.2;57.0;25.6;22.9;49.6;65.4;0.7;1.5;0.0;0.0;0.7;0.2;0.2;0.2;0.5;0.7;0.5;0.7,31.22,0.07,0.0,1.92,15.057,0.795,18359.0,16015.0,4,16,,,,,,,,,,,,,,,,,,,,,,,,,,,,,,,,,,,,,,,,,,,,,,,,,,,,,,,,,,,,,
192,7,,,,,,,100,84,69,17,233.4,2730,10801,37,0,6.6,14.3;1.6;2.2;1.9;0.5;0.8;44.0;26.7;2.7;3.0;17.0;37.2;0.8;0.3;0.0;0.0;0.0;0.0;0.3;0.0;1.4;0.3;1.1;1.1,31.21,0.07,0.0,1.82,15.057,0.795,292.0,1660.0,4,16,,,,,,,,,,,,,,,,,,,,,,,,,,,,,,,,,,,,,,,,,,,,,,,,,,,,,,,,,,,,,
192,summary,0.28566762384709066,0.999001984453187,0.2824644649293688,1.0,0.00000408,39.8,,,,,,,,,,,,,,,,,,,,,,0,84.0,100,0,69.29,90,58,66.71,70,15,18.14,27,53.0,207.16,235.5,2526.4,10801.0,37.0,0,6.6,26.11,64.6,31.21,31.28,31.38,63.16,0.07,0.07,0.07,16.0,0.0,0.0,0.01,1.82,3.42,5.65,10.954,14.262,15.057,15.06,15.065,15.992,0.795,0.8,0.803,292.0,13615.71,28076.0,1660.0,22879.0,38867.0,4,4.0,4,16,16.0,16,4,16,31.41,7.57
193,1,,,,,,,0,0,57,27,52.2,1245,5001,37,0,63.9,73.5;73.8;86.1;86.2;87.5;88.9;93.8;93.1;84.0;84.7;95.1;93.1;55.9;60.7;26.2;29.0;49.7;53.1;17.9;22.1;47.3;49.7;40.7;42.8,31.37,0.07,0.0,3.82,15.065,0.803,6982.0,31250.0,4,16,,,,,,,,,,,,,,,,,,,,,,,,,,,,,,,,,,,,,,,,,,,,,,,,,,,,,,,,,,,,,
193,2,,,,,,,99,96,67,17,231.5,2730,10801,37,0,32.4,25.5;15.7;32.9;36.1;21.1;19.1;95.4;88.1;71.7;56.1;90.3;92.8;17.1;15.6;7.2;6.0;15.0;14.7;3.6;3.1;13.6;13.8;9.9;13.7,31.3,0.07,0.0,5.57,15.057,0.795,30712.0,43896.0,4,16,,,,,,,,,,,,,,,,,,,,,,,,,,,,,,,,,,,,,,,,,,,,,,,,,,,,,,,,,,,,,
193,3,,,,,,,100,73,67,17,234.5,2730,10801,37,0,22.8,16.5;4.2;15.6;11.9;7.9;5.2;93.6;95.3;51.2;47.1;91.2;90.0;2.0;0.7;0.7;1.5;1.0;2.4;0.5;0.7;2.7;2.7;0.7;2.2,31.28,0.07,0.01,4.51,15.057,0.795,12255.0,176464.0,4,16,,,,,,,,,,,,,,,,,,,,,,,,,,,,,,,,,,,,,,,,,,,,,,,,,,,,,,,,,,,,,
193,4,,,,,,,100,98,67,17,232.3,2730,10801,37,0,21.9,13.3;2.7;16.3;18.0;4.4;3.6;84.2;91.2;44.5;63.3;83.5;92.0;2.2;0.7;0.7;0.5;0.5;0.2;0.5;0.2;0.2;1.0;1.2;1.9,31.25,0.07,0.0,2.73,15.057,0.795,6542.0,11035.0,4,16,,,,,,,,,,,,,,,,,,,,,,,,,,,,,,,,,,,,,,,,,,,,,,,,,,,,,,,,,,,,,
193,5,,,,,,,97,89,67,18,231.2,2730,10801,37,0,21.4,12.7;2.4;11.8;11.8;4.1;4.3;89.4;80.4;51.0;57.0;91.1;91.3;1.4;0.5;0.5;0.5;0.5;0.2;0.5;0.2;1.4;0.5;0.0;0.0,31.24,0.07,0.0,2.69,15.057,0.795,23876.0,29199.0,4,16,,,,,,,,,,,,,,,,,,,,,,,,,,,,,,,,,,,,,,,,,,,,,,,,,,,,,,,,,,,,,
193,6,,,,,,,100,73,68,18,235.2,2730,10801,37,0,15.1,18.6;3.4;10.6;6.7;4.6;6.1;71.7;58.2;23.8;28.6;52.5;53.1;3.9;3.2;1.2;0.7;2.0;2.2;0.2;1.2;2.0;2.5;3.2;2.0,31.23,0.07,0.0,2.25,15.057,0.795,65185.0,236181.0,4,16,,,,,,,,,,,,,,,,,,,,,,,,,,,,,,,,,,,,,,,,,,,,,,,,,,,,,,,,,,,,,
193,7,,,,,,,97,89,67,17,232.4,2730,10801,37,0,6.0,10.6;0.6;1.1;1.1;0.3;0.6;17.0;40.9;3.9;3.3;36.2;24.8;0.0;0.6;0.3;0.0;0.3;0.0;0.0;0.0;0.3;0.3;0.6;0.0,31.21,0.07,0.0,1.49,15.057,0.795,683.0,1562.0,4,16,,,,,,,,,,,,,,,,,,,,,,,,,,,,,,,,,,,,,,,,,,,,,,,,,,,,,,,,,,,,,
193,summary,0.2856318821716731,0.9989927221279266,0.2824620611137814,1.0,0.00000313,39.7,,,,,,,,,,,,,,,,,,,,,,0,84.71,100,0,74.0,98,57,65.71,68,17,18.71,27,52.2,207.04,235.2,2517.9,9972.4,37.0,0,6.0,26.21,63.9,31.21,31.27,31.37,63.16,0.07,0.07,0.07,16.0,0.0,0.0,0.01,1.49,3.29,5.57,10.954,14.262,15.057,15.06,15.065,15.992,0.795,0.8,0.803,683.0,20890.71,65185.0,1562.0,75655.29,236181.0,4,4.0,4,16,16.0,16,4,16,31.55,7.35
