epoch,sample_point,train_loss,train_acc,val_loss,val_acc,lr,epoch_time_s,cuda_util_pct,cuda_mem_util_pct,gpu_temp_c,gpu_temp_tlimit_c,gpu_power_w,gpu_clock_sm_mhz,gpu_clock_mem_mhz,gpu_fan_pct,gpu_throttled,cpu_pct,cpu_pct_per_core,ram_used_gb,swap_used_gb,disk_read_mb_s,disk_write_mb_s,nvsmi_vram_used_gb,vram_other_processes_gb,pcie_tx_kb_s,pcie_rx_kb_s,pcie_link_gen_current,pcie_link_width_current,cuda_util_pct_min,cuda_util_pct_avg,cuda_util_pct_max,cuda_mem_util_pct_min,cuda_mem_util_pct_avg,cuda_mem_util_pct_max,gpu_temp_c_min,gpu_temp_c_avg,gpu_temp_c_max,gpu_temp_tlimit_c_min,gpu_temp_tlimit_c_avg,gpu_temp_tlimit_c_max,gpu_power_w_min,gpu_power_w_avg,gpu_power_w_max,gpu_clock_sm_mhz_avg,gpu_clock_mem_mhz_avg,gpu_fan_pct_avg,gpu_throttled_any,cpu_pct_min,cpu_pct_avg,cpu_pct_max,ram_used_gb_min,ram_used_gb_avg,ram_used_gb_max,ram_total_gb,swap_used_gb_min,swap_used_gb_avg,swap_used_gb_max,swap_total_gb,disk_read_mb_s_min,disk_read_mb_s_avg,disk_read_mb_s_max,disk_write_mb_s_min,disk_write_mb_s_avg,disk_write_mb_s_max,vram_peak_alloc_gb,vram_peak_reserved_gb,nvsmi_vram_used_gb_min,nvsmi_vram_used_gb_avg,nvsmi_vram_used_gb_max,nvsmi_vram_total_gb,vram_other_processes_gb_min,vram_other_processes_gb_avg,vram_other_processes_gb_max,pcie_tx_kb_s_min,pcie_tx_kb_s_avg,pcie_tx_kb_s_max,pcie_rx_kb_s_min,pcie_rx_kb_s_avg,pcie_rx_kb_s_max,pcie_link_gen_current_min,pcie_link_gen_current_avg,pcie_link_gen_current_max,pcie_link_width_current_min,pcie_link_width_current_avg,pcie_link_width_current_max,pcie_link_gen_max,pcie_link_width_max,data_wait_s,compute_s
1,1,,,,,,,100,82,54,31,29.4,2565,10801,30,0,6.7,1.9;4.9;3.0;3.8;2.0;2.2;18.9;39.4;5.6;8.3;18.8;41.3;1.6;2.1;0.4;0.4;1.0;1.0;0.3;0.4;1.0;1.2;0.9;0.7,38.13,0.1,0.22,0.96,14.217,0.658,0.0,1416.0,4,16,,,,,,,,,,,,,,,,,,,,,,,,,,,,,,,,,,,,,,,,,,,,,,,,,,,,,,,,,,,,,
1,2,,,,,,,100,58,62,23,248.1,2745,10801,30,0,8.5,3.0;7.1;2.6;3.3;0.5;0.9;45.2;45.1;3.5;6.3;35.8;46.6;1.6;1.2;0.0;0.0;0.0;0.2;0.0;0.0;0.0;0.2;0.0;0.0,38.14,0.1,0.0,0.1,14.217,0.658,830.0,1416.0,4,16,,,,,,,,,,,,,,,,,,,,,,,,,,,,,,,,,,,,,,,,,,,,,,,,,,,,,,,,,,,,,
1,3,,,,,,,100,56,63,24,248.6,2745,10801,30,0,8.5,2.1;7.3;3.0;4.4;0.9;0.9;56.0;27.2;3.5;7.5;31.6;55.2;0.9;1.9;0.0;0.0;0.0;0.0;0.2;0.0;0.5;0.0;0.0;0.0,38.13,0.1,0.0,0.06,14.217,0.658,0.0,1855.0,4,16,,,,,,,,,,,,,,,,,,,,,,,,,,,,,,,,,,,,,,,,,,,,,,,,,,,,,,,,,,,,,
1,4,,,,,,,97,75,64,19,251.7,2745,10801,31,0,8.1,0.7;9.4;1.2;1.6;0.2;1.2;30.8;40.0;4.7;4.9;49.8;49.2;0.2;0.9;0.0;0.0;0.0;0.0;0.0;0.0;0.0;0.0;0.0;0.2,38.13,0.1,0.0,0.03,14.217,0.658,2148.0,5615.0,4,16,,,,,,,,,,,,,,,,,,,,,,,,,,,,,,,,,,,,,,,,,,,,,,,,,,,,,,,,,,,,,
1,5,,,,,,,100,57,64,20,255.1,2745,10801,32,0,8.4,2.4;8.2;3.1;0.9;0.9;1.2;45.0;31.2;3.8;8.5;31.2;61.4;1.7;0.7;0.0;0.0;0.5;0.0;0.0;0.0;0.2;0.2;0.0;0.0,38.12,0.1,0.02,0.04,14.217,0.658,2392.0,5273.0,4,16,,,,,,,,,,,,,,,,,,,,,,,,,,,,,,,,,,,,,,,,,,,,,,,,,,,,,,,,,,,,,
1,6,,,,,,,100,65,65,18,254.4,2745,10801,33,0,8.1,0.7;4.8;1.9;2.1;0.2;0.7;36.2;40.5;5.6;6.6;36.1;57.0;0.9;0.9;0.0;0.0;0.0;0.0;0.0;0.0;0.0;0.0;0.0;0.2,38.13,0.1,0.0,0.04,14.217,0.658,1708.0,1513.0,4,16,,,,,,,,,,,,,,,,,,,,,,,,,,,,,,,,,,,,,,,,,,,,,,,,,,,,,,,,,,,,,
1,7,,,,,,,98,83,67,17,251.1,2715,10801,33,0,8.6,1.6;9.3;2.8;3.5;0.9;2.1;37.2;37.4;4.7;7.5;29.8;67.8;0.2;0.5;0.0;0.0;0.2;0.2;0.0;0.0;0.7;0.2;0.2;0.0,38.13,0.1,0.0,0.03,14.217,0.658,976.0,71044.0,4,16,,,,,,,,,,,,,,,,,,,,,,,,,,,,,,,,,,,,,,,,,,,,,,,,,,,,,,,,,,,,,
1,8,,,,,,,97,58,68,16,253.2,2730,10801,34,0,8.5,2.1;8.1;1.6;2.3;0.5;0.7;43.7;39.1;4.4;7.2;39.2;51.4;1.4;0.9;0.0;0.0;0.0;0.0;0.0;0.0;0.0;0.0;0.2;0.0,38.13,0.1,0.0,0.05,14.217,0.658,0.0,1904.0,4,16,,,,,,,,,,,,,,,,,,,,,,,,,,,,,,,,,,,,,,,,,,,,,,,,,,,,,,,,,,,,,
1,9,,,,,,,100,53,65,19,254.2,2730,10801,34,0,8.0,1.2;7.0;2.1;1.9;0.7;0.5;52.8;38.0;3.5;6.3;38.7;36.4;0.9;0.5;0.0;0.0;0.0;0.2;0.0;0.0;0.0;0.0;0.0;0.2,38.14,0.1,0.0,0.01,14.217,0.658,1904.0,5761.0,4,16,,,,,,,,,,,,,,,,,,,,,,,,,,,,,,,,,,,,,,,,,,,,,,,,,,,,,,,,,,,,,
1,10,,,,,,,100,78,66,18,255.4,2730,10801,35,0,8.0,1.2;5.5;0.5;1.2;0.5;0.2;41.5;50.6;4.4;5.2;31.6;48.0;0.9;0.7;0.0;0.0;0.0;0.0;0.0;0.0;0.0;0.5;0.0;0.0,38.13,0.1,0.0,0.05,14.217,0.658,1416.0,0.0,4,16,,,,,,,,,,,,,,,,,,,,,,,,,,,,,,,,,,,,,,,,,,,,,,,,,,,,,,,,,,,,,
1,11,,,,,,,97,78,69,14,252.6,2730,10801,35,0,7.8,0.5;3.9;1.9;1.6;0.2;0.9;34.4;62.1;4.0;5.9;38.3;30.2;0.9;1.2;0.2;0.2;0.0;0.0;0.0;0.0;0.0;0.0;0.0;0.0,38.14,0.1,0.01,0.05,14.217,0.658,1611.0,1611.0,4,16,,,,,,,,,,,,,,,,,,,,,,,,,,,,,,,,,,,,,,,,,,,,,,,,,,,,,,,,,,,,,
1,12,,,,,,,97,60,71,16,253.4,2730,10801,36,0,9.0,1.9;8.1;3.7;3.0;1.2;2.8;44.8;60.9;6.5;7.9;25.8;39.2;3.0;2.1;0.2;0.0;0.2;0.9;0.2;0.0;0.9;0.2;0.2;0.9,38.14,0.1,0.0,0.04,14.217,0.658,0.0,1269.0,4,16,,,,,,,,,,,,,,,,,,,,,,,,,,,,,,,,,,,,,,,,,,,,,,,,,,,,,,,,,,,,,
1,13,,,,,,,100,51,67,21,255.7,2730,10801,36,0,8.2,1.2;9.2;0.9;1.6;0.5;0.5;42.6;38.7;6.6;6.6;31.5;54.1;0.7;0.2;0.0;0.0;0.0;0.0;0.2;0.0;0.0;0.2;0.0;0.0,38.13,0.1,0.0,0.06,14.217,0.658,2392.0,5468.0,4,16,,,,,,,,,,,,,,,,,,,,,,,,,,,,,,,,,,,,,,,,,,,,,,,,,,,,,,,,,,,,,
1,14,,,,,,,100,85,72,14,256.6,2730,10801,36,0,8.0,1.9;5.7;2.6;2.8;0.5;0.0;48.7;35.7;3.5;5.6;31.1;51.4;0.7;1.1;0.0;0.0;0.7;0.2;0.0;0.0;0.5;0.0;0.7;0.0,38.14,0.1,0.0,0.02,14.217,0.658,1171.0,5419.0,4,16,,,,,,,,,,,,,,,,,,,,,,,,,,,,,,,,,,,,,,,,,,,,,,,,,,,,,,,,,,,,,
1,15,,,,,,,97,82,70,14,254.7,2730,10801,37,0,5.5,0.2;6.8;0.7;0.2;0.7;0.0;22.2;30.0;3.3;3.7;32.9;30.4;0.0;0.0;0.2;0.0;0.0;0.0;0.0;0.0;0.0;0.5;0.0;0.0,38.1,0.1,0.0,0.03,14.217,0.658,634.0,1611.0,4,16,,,,,,,,,,,,,,,,,,,,,,,,,,,,,,,,,,,,,,,,,,,,,,,,,,,,,,,,,,,,,
1,16,,,,,,,100,84,70,14,258.4,2730,10801,37,0,6.1,0.9;9.0;1.4;0.9;0.9;0.0;35.3;14.0;4.2;3.3;50.5;21.5;1.4;0.5;0.0;0.0;0.0;0.0;0.0;0.9;0.5;0.0;0.0;0.0,38.13,0.1,0.02,0.02,14.217,0.658,2148.0,5566.0,4,16,,,,,,,,,,,,,,,,,,,,,,,,,,,,,,,,,,,,,,,,,,,,,,,,,,,,,,,,,,,,,
1,summary,1.2805898464758856,0.7299944743055207,0.5758804500563545,0.9352175681171208,0.01999993,537.7,,,,,,,,,,,,,,,,,,,,,,97,98.94,100,51,69.06,85,54,66.06,72,14,18.62,31,29.4,239.54,258.4,2723.4,10801.0,33.7,0,5.5,7.88,9.0,38.1,38.13,38.14,63.16,0.1,0.1,0.1,20.12,0.0,0.02,0.22,0.01,0.1,0.96,7.801,13.559,14.217,14.22,14.217,15.992,0.658,0.66,0.658,0.0,1208.12,2392.0,0.0,7296.31,71044.0,4,4.0,4,16,16.0,16,4,16,46.34,94.68
2,1,,,,,,,100,14,46,38,99.0,2760,10801,30,0,10.0,3.4;4.4;5.2;4.5;3.2;3.2;48.5;49.6;6.0;6.6;46.6;50.7;1.3;1.3;0.5;0.5;0.8;0.9;0.3;0.3;0.6;0.6;0.5;0.5,39.87,0.1,0.0,0.03,15.592,0.0,341.0,341.0,4,16,,,,,,,,,,,,,,,,,,,,,,,,,,,,,,,,,,,,,,,,,,,,,,,,,,,,,,,,,,,,,
2,2,,,,,,,100,0,45,37,80.9,2760,10801,30,0,6.4,0.8;2.5;1.4;1.3;0.5;0.7;41.7;39.2;2.3;3.3;30.0;29.3;0.1;0.1;0.0;0.0;0.1;0.2;0.1;0.1;0.1;0.0;0.1;0.0,39.79,0.1,0.0,1.66,15.592,0.0,341.0,97.0,4,16,,,,,,,,,,,,,,,,,,,,,,,,,,,,,,,,,,,,,,,,,,,,,,,,,,,,,,,,,,,,,
2,3,,,,,,,100,1,52,37,80.4,2760,10801,30,0,6.5,1.4;3.7;2.0;2.1;0.6;0.4;36.7;35.3;2.3;2.8;39.5;28.3;0.2;0.3;0.0;0.0;0.2;0.1;0.1;0.1;0.0;0.0;0.1;0.1,39.82,0.1,0.0,0.04,15.592,0.0,0.0,5615.0,4,16,,,,,,,,,,,,,,,,,,,,,,,,,,,,,,,,,,,,,,,,,,,,,,,,,,,,,,,,,,,,,
2,4,,,,,,,100,37,51,38,97.9,2760,10801,30,0,6.4,1.2;3.0;1.7;1.6;0.6;0.6;38.1;39.7;2.1;2.7;31.7;29.9;0.2;0.1;0.2;0.5;0.0;0.0;0.1;0.0;0.1;0.1;0.0;0.0,39.82,0.1,0.0,0.02,15.592,0.0,2441.0,2734.0,4,16,,,,,,,,,,,,,,,,,,,,,,,,,,,,,,,,,,,,,,,,,,,,,,,,,,,,,,,,,,,,,
2,5,,,,,,,100,26,47,34,98.9,2760,10801,30,0,6.4,0.9;2.6;2.2;1.4;0.3;0.4;35.2;37.4;3.4;2.7;29.2;35.6;0.4;0.2;0.0;0.0;0.1;0.1;0.1;0.1;0.1;0.0;0.2;0.1,39.81,0.1,0.0,0.04,15.592,0.0,341.0,0.0,4,16,,,,,,,,,,,,,,,,,,,,,,,,,,,,,,,,,,,,,,,,,,,,,,,,,,,,,,,,,,,,,
2,6,,,,,,,100,0,46,36,80.6,2760,10801,30,0,6.3,0.7;2.5;2.1;1.2;0.3;0.5;37.9;35.0;3.4;1.5;26.0;38.2;0.1;0.1;0.0;0.0;0.1;0.1;0.1;0.0;0.0;0.0;0.1;0.1,39.79,0.1,0.0,0.02,15.592,0.0,537.0,97.0,4,16,,,,,,,,,,,,,,,,,,,,,,,,,,,,,,,,,,,,,,,,,,,,,,,,,,,,,,,,,,,,,
2,7,,,,,,,100,0,46,37,81.7,2760,10801,30,0,6.3,1.0;3.0;1.8;1.4;0.7;0.6;33.4;41.6;3.3;1.9;22.7;37.5;0.3;0.3;0.0;0.0;0.0;0.1;0.2;0.1;0.0;0.2;0.1;0.1,39.79,0.1,0.0,0.03,15.592,0.0,537.0,0.0,4,16,,,,,,,,,,,,,,,,,,,,,,,,,,,,,,,,,,,,,,,,,,,,,,,,,,,,,,,,,,,,,
2,8,,,,,,,100,46,46,37,90.3,2760,10801,30,0,6.5,1.1;3.0;2.3;1.7;0.8;0.4;33.5;38.4;3.4;2.2;30.7;36.7;0.2;0.2;0.1;0.0;0.0;0.1;0.2;0.0;0.1;0.2;0.1;0.0,39.79,0.1,0.05,0.06,15.592,0.0,292.0,1464.0,4,16,,,,,,,,,,,,,,,,,,,,,,,,,,,,,,,,,,,,,,,,,,,,,,,,,,,,,,,,,,,,,
2,9,,,,,,,100,59,49,35,94.7,2760,10801,30,0,6.4,0.7;3.4;1.1;1.3;0.9;1.1;34.1;50.9;3.3;1.7;22.8;31.7;0.2;0.2;0.0;0.0;0.1;0.0;0.0;0.0;0.0;0.0;0.0;0.0,39.79,0.1,0.0,0.03,15.592,0.0,341.0,0.0,4,16,,,,,,,,,,,,,,,,,,,,,,,,,,,,,,,,,,,,,,,,,,,,,,,,,,,,,,,,,,,,,
2,10,,,,,,,100,39,47,37,98.7,2760,10801,30,0,6.6,0.7;2.8;1.5;1.4;0.2;0.5;43.0;43.5;2.2;3.5;23.6;31.7;0.2;0.3;0.0;0.0;0.1;0.1;0.2;0.1;0.1;0.1;1.1;0.4,39.8,0.1,0.0,0.04,15.592,0.0,146.0,0.0,4,16,,,,,,,,,,,,,,,,,,,,,,,,,,,,,,,,,,,,,,,,,,,,,,,,,,,,,,,,,,,,,
2,11,,,,,,,100,0,46,37,81.8,2760,10801,30,0,6.5,1.0;2.4;1.8;2.0;0.3;0.4;30.3;43.5;1.8;3.1;28.3;39.3;0.1;0.1;0.0;0.0;0.1;0.1;0.1;0.0;0.1;0.1;0.2;0.1,39.81,0.1,0.0,0.02,15.592,0.0,0.0,1367.0,4,16,,,,,,,,,,,,,,,,,,,,,,,,,,,,,,,,,,,,,,,,,,,,,,,,,,,,,,,,,,,,,
2,12,,,,,,,100,51,49,35,91.7,2760,10801,30,0,6.5,1.0;2.7;1.5;1.7;0.3;0.6;29.5;43.2;2.5;3.1;31.9;35.8;0.2;0.2;0.1;0.1;0.0;0.0;0.1;0.1;0.1;0.0;0.0;0.1,39.79,0.1,0.0,0.03,15.592,0.0,0.0,1367.0,4,16,,,,,,,,,,,,,,,,,,,,,,,,,,,,,,,,,,,,,,,,,,,,,,,,,,,,,,,,,,,,,
2,13,,,,,,,100,6,47,37,99.1,2760,10801,30,0,6.3,0.7;2.3;1.4;1.1;0.2;0.4;32.3;38.4;1.7;2.9;29.3;40.0;0.2;0.2;0.0;0.1;0.1;0.1;0.0;0.1;0.0;0.0;0.0;0.0,39.8,0.1,0.0,0.02,15.592,0.0,390.0,1513.0,4,16,,,,,,,,,,,,,,,,,,,,,,,,,,,,,,,,,,,,,,,,,,,,,,,,,,,,,,,,,,,,,
2,14,,,,,,,100,0,46,37,81.3,2760,10801,30,0,6.4,0.7;3.6;1.4;1.5;0.8;0.4;35.8;40.0;1.8;3.1;26.6;35.5;0.3;0.3;0.1;0.0;0.1;0.0;0.0;0.1;0.0;0.0;0.1;0.1,39.81,0.1,0.0,0.05,15.592,0.0,0.0,1416.0,4,16,,,,,,,,,,,,,,,,,,,,,,,,,,,,,,,,,,,,,,,,,,,,,,,,,,,,,,,,,,,,,
2,15,,,,,,,100,58,51,37,91.3,2760,10801,30,0,6.0,0.6;2.5;1.4;1.5;0.2;0.5;40.0;34.4;2.8;2.5;30.2;25.6;0.2;0.0;0.0;0.0;0.0;0.1;0.0;0.1;0.1;0.1;0.0;0.0,39.82,0.1,0.0,0.02,15.592,0.0,0.0,1464.0,4,16,,,,,,,,,,,,,,,,,,,,,,,,,,,,,,,,,,,,,,,,,,,,,,,,,,,,,,,,,,,,,
2,16,,,,,,,100,27,49,36,111.7,2760,10801,30,0,6.1,1.0;3.1;1.8;1.8;0.8;0.4;31.0;38.2;3.2;1.9;30.5;31.3;0.1;0.2;0.1;0.0;0.0;0.1;0.0;0.1;0.0;0.1;0.0;0.1,39.79,0.1,0.0,0.03,15.592,0.0,1660.0,1367.0,4,16,,,,,,,,,,,,,,,,,,,,,,,,,,,,,,,,,,,,,,,,,,,,,,,,,,,,,,,,,,,,,
2,summary,0.5933494010526239,0.9282449102612864,0.5231814409136142,0.9449369662464416,0.01999695,1069.3,,,,,,,,,,,,,,,,,,,,,,100,100.0,100,0,22.75,59,45,47.69,52,34,36.56,38,80.4,91.25,111.7,2760.0,10801.0,30.0,0,6.0,6.6,10.0,39.79,39.81,39.87,63.16,0.1,0.1,0.1,24.16,0.0,0.0,0.05,0.02,0.13,1.66,7.801,16.559,15.592,15.59,15.592,15.992,0.0,0.0,0.0,0.0,460.44,2441.0,0.0,1177.62,5615.0,4,4.0,4,16,16.0,16,4,16,2.94,670.05
3,1,,,,,,,100,6,45,39,98.4,2760,10801,30,0,10.0,3.3;4.3;5.0;4.9;3.2;3.2;48.6;51.9;5.7;6.2;44.2;50.6;1.3;1.3;0.4;0.4;0.8;0.8;0.5;0.5;0.7;0.7;0.5;0.6,39.88,0.1,0.0,0.05,15.592,0.0,48.0,1464.0,4,16,,,,,,,,,,,,,,,,,,,,,,,,,,,,,,,,,,,,,,,,,,,,,,,,,,,,,,,,,,,,,
3,2,,,,,,,100,0,44,38,80.5,2760,10801,30,0,6.4,0.8;2.5;1.3;1.4;1.2;0.9;31.4;34.8;2.5;3.4;31.4;42.0;0.2;0.2;0.0;0.0;0.0;0.0;0.0;0.1;0.1;0.1;0.1;0.0,39.81,0.1,0.0,1.66,15.592,0.0,244.0,1416.0,4,16,,,,,,,,,,,,,,,,,,,,,,,,,,,,,,,,,,,,,,,,,,,,,,,,,,,,,,,,,,,,,
3,3,,,,,,,100,51,48,35,93.8,2760,10801,30,0,6.6,0.8;3.1;1.4;1.8;0.3;0.2;49.0;29.5;2.4;3.0;23.7;40.6;0.2;0.1;0.3;0.2;0.5;0.9;0.1;0.3;0.1;0.1;0.0;0.1,39.8,0.1,0.01,0.05,15.592,0.0,537.0,1367.0,4,16,,,,,,,,,,,,,,,,,,,,,,,,,,,,,,,,,,,,,,,,,,,,,,,,,,,,,,,,,,,,,
3,4,,,,,,,100,39,47,36,97.0,2760,10801,30,0,6.4,0.6;2.6;2.0;1.7;0.5;0.5;35.8;38.7;2.1;3.2;33.9;30.6;0.2;0.1;0.0;0.1;0.2;0.2;0.2;0.0;0.3;0.3;0.2;0.0,39.81,0.1,0.0,0.02,15.592,0.0,292.0,3466.0,4,16,,,,,,,,,,,,,,,,,,,,,,,,,,,,,,,,,,,,,,,,,,,,,,,,,,,,,,,,,,,,,
3,5,,,,,,,100,0,45,37,80.5,2760,10801,30,0,6.4,0.8;2.9;1.9;1.7;0.5;0.5;29.2;39.7;2.4;2.9;33.3;35.5;0.3;0.3;0.0;0.1;0.0;0.1;0.1;0.1;0.2;0.3;0.1;0.1,39.8,0.1,0.0,0.02,15.592,0.0,2636.0,1367.0,4,16,,,,,,,,,,,,,,,,,,,,,,,,,,,,,,,,,,,,,,,,,,,,,,,,,,,,,,,,,,,,,
3,6,,,,,,,100,0,49,35,80.3,2760,10801,30,0,6.4,1.1;3.2;2.0;1.7;0.4;0.4;29.2;39.2;3.6;1.7;35.1;33.9;0.2;0.2;0.0;0.0;0.1;0.1;0.0;0.1;0.0;0.0;0.0;0.0,39.81,0.1,0.0,0.03,15.592,0.0,292.0,1562.0,4,16,,,,,,,,,,,,,,,,,,,,,,,,,,,,,,,,,,,,,,,,,,,,,,,,,,,,,,,,,,,,,
3,7,,,,,,,100,24,48,37,86.5,2760,10801,30,0,6.3,0.6;2.8;1.6;1.6;0.3;0.2;31.9;33.2;3.2;2.4;36.5;35.1;0.3;0.1;0.1;0.1;0.2;0.0;0.0;0.2;0.0;0.0;0.1;0.1,39.81,0.1,0.0,0.04,15.592,0.0,244.0,1367.0,4,16,,,,,,,,,,,,,,,,,,,,,,,,,,,,,,,,,,,,,,,,,,,,,,,,,,,,,,,,,,,,,
3,8,,,,,,,100,39,49,38,99.4,2760,10801,30,0,6.4,1.0;2.5;2.1;1.3;0.4;0.3;37.8;40.1;3.4;1.7;25.6;35.7;0.2;0.1;0.0;0.0;0.0;0.1;0.0;0.1;0.0;0.0;0.1;0.0,39.81,0.1,0.0,0.04,15.592,0.0,292.0,1367.0,4,16,,,,,,,,,,,,,,,,,,,,,,,,,,,,,,,,,,,,,,,,,,,,,,,,,,,,,,,,,,,,,
3,9,,,,,,,100,15,47,38,100.0,2760,10801,30,0,6.3,0.9;2.7;1.3;1.1;0.3;0.5;37.6;37.5;3.1;2.3;28.0;35.2;0.2;0.3;0.0;0.0;0.1;0.0;0.2;0.0;0.1;0.1;0.2;0.1,39.8,0.1,0.0,0.02,15.592,0.0,878.0,48.0,4,16,,,,,,,,,,,,,,,,,,,,,,,,,,,,,,,,,,,,,,,,,,,,,,,,,,,,,,,,,,,,,
3,10,,,,,,,100,1,46,35,81.0,2760,10801,30,0,6.3,0.7;2.5;1.3;1.5;0.5;0.3;40.1;31.4;3.2;2.5;30.1;37.6;0.1;0.1;0.0;0.0;0.0;0.0;0.0;0.0;0.0;0.0;0.1;0.0,39.79,0.1,0.29,0.05,15.592,0.0,19042.0,16552.0,4,16,,,,,,,,,,,,,,,,,,,,,,,,,,,,,,,,,,,,,,,,,,,,,,,,,,,,,,,,,,,,,
3,11,,,,,,,100,38,51,38,88.6,2760,10801,30,0,6.3,0.9;2.7;1.1;0.9;0.4;0.3;34.5;40.4;2.7;2.4;31.9;31.6;0.3;0.2;0.1;0.1;0.1;0.1;0.1;0.1;0.1;0.1;0.0;0.1,39.8,0.1,0.0,0.02,15.592,0.0,537.0,97.0,4,16,,,,,,,,,,,,,,,,,,,,,,,,,,,,,,,,,,,,,,,,,,,,,,,,,,,,,,,,,,,,,
3,12,,,,,,,100,15,48,37,100.1,2760,10801,30,0,6.8,1.2;2.9;2.4;2.1;0.3;0.4;37.8;37.3;2.7;4.2;29.7;40.5;0.3;0.3;0.0;0.1;0.0;0.2;0.2;0.2;0.1;0.2;0.3;0.2,39.81,0.1,0.0,0.03,15.592,0.0,537.0,48.0,4,16,,,,,,,,,,,,,,,,,,,,,,,,,,,,,,,,,,,,,,,,,,,,,,,,,,,,,,,,,,,,,
3,13,,,,,,,100,0,46,37,80.7,2760,10801,30,0,6.5,0.8;3.0;1.3;1.9;0.2;0.3;34.0;32.1;2.8;3.6;37.5;37.4;0.0;0.2;0.0;0.1;0.1;0.2;0.0;0.0;0.1;0.0;0.1;0.1,39.81,0.1,0.0,0.02,15.592,0.0,0.0,1367.0,4,16,,,,,,,,,,,,,,,,,,,,,,,,,,,,,,,,,,,,,,,,,,,,,,,,,,,,,,,,,,,,,
3,14,,,,,,,100,1,46,38,79.9,2760,10801,30,0,6.4,0.7;2.6;1.0;1.5;0.3;0.3;32.8;40.2;2.3;3.9;28.4;37.6;0.2;0.3;0.1;0.0;0.1;0.1;0.1;0.0;0.0;0.0;0.0;0.0,39.81,0.1,0.0,0.06,15.592,0.0,195.0,1708.0,4,16,,,,,,,,,,,,,,,,,,,,,,,,,,,,,,,,,,,,,,,,,,,,,,,,,,,,,,,,,,,,,
3,15,,,,,,,100,52,52,36,93.5,2760,10801,30,0,6.0,0.7;3.0;1.3;1.5;0.7;1.0;30.3;30.3;1.9;2.5;36.2;33.2;0.2;0.3;0.0;0.0;0.0;0.1;0.1;0.0;0.1;0.2;0.0;0.0,39.79,0.1,0.0,0.05,15.592,0.0,0.0,1757.0,4,16,,,,,,,,,,,,,,,,,,,,,,,,,,,,,,,,,,,,,,,,,,,,,,,,,,,,,,,,,,,,,
3,16,,,,,,,100,28,54,37,109.8,2760,10801,30,0,6.0,0.6;3.4;1.3;1.7;0.6;0.4;37.4;26.8;2.3;3.0;30.6;33.3;0.2;0.7;0.2;0.1;0.3;0.4;0.2;0.1;0.1;0.1;0.4;0.4,39.79,0.1,0.0,0.04,15.592,0.0,48.0,1416.0,4,16,,,,,,,,,,,,,,,,,,,,,,,,,,,,,,,,,,,,,,,,,,,,,,,,,,,,,,,,,,,,,
3,summary,0.5530205772586382,0.9387867871315905,0.49987898901159467,0.9505083367222448,0.01998953,1069.3,,,,,,,,,,,,,,,,,,,,,,100,100.0,100,0,19.31,52,44,47.81,54,35,36.94,39,79.9,90.62,109.8,2760.0,10801.0,30.0,0,6.0,6.59,10.0,39.79,39.81,39.88,63.16,0.1,0.1,0.1,24.16,0.0,0.02,0.29,0.02,0.14,1.66,7.801,16.559,15.592,15.59,15.592,15.992,0.0,0.0,0.0,0.0,1613.88,19042.0,48.0,2273.06,16552.0,4,4.0,4,16,16.0,16,4,16,2.92,670.0
4,1,,,,,,,100,24,46,37,97.4,2760,10801,30,0,10.0,3.2;4.2;5.0;4.8;3.3;3.2;45.1;52.6;5.8;6.8;48.3;50.0;1.1;1.2;0.3;0.4;0.8;0.8;0.4;0.4;0.6;0.6;0.5;0.5,39.88,0.1,0.0,0.03,15.592,0.0,585.0,36718.0,4,16,,,,,,,,,,,,,,,,,,,,,,,,,,,,,,,,,,,,,,,,,,,,,,,,,,,,,,,,,,,,,
4,2,,,,,,,100,0,44,36,80.6,2760,10801,30,0,6.4,0.8;3.1;1.9;1.4;0.3;0.3;33.9;38.0;2.0;2.6;30.0;38.4;0.3;0.4;0.0;0.0;0.0;0.0;0.2;0.7;0.0;0.1;0.1;0.0,39.81,0.1,0.0,1.66,15.592,0.0,1855.0,6152.0,4,16,,,,,,,,,,,,,,,,,,,,,,,,,,,,,,,,,,,,,,,,,,,,,,,,,,,,,,,,,,,,,
4,3,,,,,,,100,0,45,36,80.5,2760,10801,30,0,6.3,1.1;3.1;1.7;1.6;0.4;0.2;34.8;33.6;2.4;3.0;23.9;45.2;0.1;0.2;0.0;0.0;0.0;0.0;0.1;0.1;0.0;0.1;0.2;0.1,39.8,0.1,0.0,0.02,15.592,0.0,0.0,1464.0,4,16,,,,,,,,,,,,,,,,,,,,,,,,,,,,,,,,,,,,,,,,,,,,,,,,,,,,,,,,,,,,,
4,4,,,,,,,100,33,49,38,88.8,2760,10801,30,0,6.5,1.4;2.7;2.5;2.2;0.5;0.4;37.3;30.3;2.8;3.4;23.5;48.0;0.1;0.2;0.1;0.0;0.0;0.0;0.0;0.2;0.1;0.1;0.1;0.1,39.79,0.1,0.0,0.02,15.592,0.0,244.0,1367.0,4,16,,,,,,,,,,,,,,,,,,,,,,,,,,,,,,,,,,,,,,,,,,,,,,,,,,,,,,,,,,,,,
4,5,,,,,,,100,24,48,38,99.2,2760,10801,30,0,6.5,1.0;3.0;1.7;1.5;0.3;0.5;36.5;35.7;2.3;3.1;33.7;34.0;0.2;0.1;0.1;0.0;0.2;0.1;0.2;0.2;0.0;0.1;0.2;0.1,39.78,0.1,0.0,0.02,15.592,0.0,341.0,0.0,4,16,,,,,,,,,,,,,,,,,,,,,,,,,,,,,,,,,,,,,,,,,,,,,,,,,,,,,,,,,,,,,
4,6,,,,,,,100,1,45,37,80.7,2760,10801,30,0,6.4,0.7;2.5;1.5;1.7;0.6;0.5;40.5;35.1;2.1;3.3;30.9;34.4;0.3;0.1;0.0;0.0;0.0;0.0;0.0;0.0;0.1;0.1;0.0;0.0,39.8,0.1,0.01,0.03,15.592,0.0,7958.0,107470.0,4,16,,,,,,,,,,,,,,,,,,,,,,,,,,,,,,,,,,,,,,,,,,,,,,,,,,,,,,,,,,,,,
4,7,,,,,,,100,50,49,34,91.1,2760,10801,30,0,6.3,0.8;2.8;1.5;1.2;0.4;0.9;29.7;37.8;1.9;2.7;30.3;39.0;0.2;0.2;0.0;0.0;0.1;0.1;0.0;0.0;0.1;0.2;0.2;0.1,39.79,0.1,0.0,0.03,15.592,0.0,0.0,1464.0,4,16,,,,,,,,,,,,,,,,,,,,,,,,,,,,,,,,,,,,,,,,,,,,,,,,,,,,,,,,,,,,,
4,8,,,,,,,100,50,49,37,95.9,2760,10801,30,0,6.3,0.7;2.9;1.4;1.1;0.9;0.7;29.7;37.3;2.8;2.3;31.3;39.0;0.1;0.1;0.0;0.0;0.0;0.1;0.0;0.1;0.1;0.1;0.0;0.0,39.79,0.1,0.0,0.04,15.592,0.0,195.0,1416.0,4,16,,,,,,,,,,,,,,,,,,,,,,,,,,,,,,,,,,,,,,,,,,,,,,,,,,,,,,,,,,,,,
4,9,,,,,,,100,24,47,37,100.4,2760,10801,30,0,6.4,1.3;2.2;1.9;1.7;0.3;0.4;37.2;33.1;3.3;2.4;27.1;42.3;0.2;0.2;0.1;0.0;0.2;0.2;0.0;0.2;0.0;0.2;0.0;0.0,39.79,0.1,0.0,0.02,15.592,0.0,0.0,1416.0,4,16,,,,,,,,,,,,,,,,,,,,,,,,,,,,,,,,,,,,,,,,,,,,,,,,,,,,,,,,,,,,,
4,10,,,,,,,100,0,46,34,81.7,2760,10801,30,0,6.6,0.7;3.0;1.5;1.1;1.2;1.2;29.8;44.0;3.2;2.9;32.6;34.1;0.2;0.2;0.1;0.1;0.1;0.3;0.1;0.2;0.1;0.2;0.1;0.2,39.79,0.1,0.0,0.03,15.592,0.0,292.0,0.0,4,16,,,,,,,,,,,,,,,,,,,,,,,,,,,,,,,,,,,,,,,,,,,,,,,,,,,,,,,,,,,,,
4,11,,,,,,,100,0,51,37,80.9,2760,10801,30,0,6.5,0.6;2.6;1.9;1.6;0.3;0.4;35.9;40.7;2.7;2.9;33.4;31.4;0.4;0.4;0.1;0.1;0.1;0.1;0.0;0.1;0.1;0.2;0.2;0.2,39.82,0.1,0.0,0.04,15.592,0.0,341.0,0.0,4,16,,,,,,,,,,,,,,,,,,,,,,,,,,,,,,,,,,,,,,,,,,,,,,,,,,,,,,,,,,,,,
4,12,,,,,,,100,50,48,38,96.3,2760,10801,30,0,6.5,0.8;2.8;1.9;1.4;0.6;0.7;42.2;29.5;3.9;3.1;27.6;40.8;0.3;0.3;0.1;0.1;0.2;0.1;0.2;0.2;0.1;0.1;0.1;0.1,39.79,0.1,0.0,0.03,15.592,0.0,244.0,1367.0,4,16,,,,,,,,,,,,,,,,,,,,,,,,,,,,,,,,,,,,,,,,,,,,,,,,,,,,,,,,,,,,,
4,13,,,,,,,100,29,47,36,98.8,2760,10801,30,0,6.4,0.8;3.2;1.6;1.4;0.5;0.6;41.3;34.2;2.7;2.3;30.2;32.9;0.1;0.2;0.0;0.0;0.0;0.0;0.0;0.0;0.0;0.2;0.1;0.0,39.79,0.1,0.0,0.03,15.592,0.0,341.0,390.0,4,16,,,,,,,,,,,,,,,,,,,,,,,,,,,,,,,,,,,,,,,,,,,,,,,,,,,,,,,,,,,,,
4,14,,,,,,,100,1,46,37,85.6,2760,10801,30,0,6.4,1.0;3.2;1.9;1.7;0.5;0.4;31.6;34.3;2.5;2.5;32.4;39.7;0.2;0.2;0.0;0.0;0.1;0.0;0.1;0.0;0.1;0.1;0.0;0.1,39.8,0.1,0.0,0.03,15.592,0.0,537.0,0.0,4,16,,,,,,,,,,,,,,,,,,,,,,,,,,,,,,,,,,,,,,,,,,,,,,,,,,,,,,,,,,,,,
4,15,,,,,,,100,1,45,36,80.8,2760,10801,30,0,5.9,0.7;2.8;1.5;1.6;0.3;0.3;38.8;26.4;1.8;2.5;30.2;32.8;0.1;0.1;0.0;0.1;0.0;0.0;0.0;0.1;0.1;0.1;0.0;0.0,39.8,0.1,0.0,0.04,15.592,0.0,0.0,1367.0,4,16,,,,,,,,,,,,,,,,,,,,,,,,,,,,,,,,,,,,,,,,,,,,,,,,,,,,,,,,,,,,,
4,16,,,,,,,97,6,48,34,102.4,2760,10801,30,0,5.9,1.3;2.3;1.3;1.2;0.6;0.8;37.8;18.6;2.4;1.8;37.9;35.3;0.1;0.3;0.0;0.0;0.1;0.0;0.1;0.0;0.1;0.1;0.0;0.0,39.79,0.1,0.0,0.02,15.592,0.0,1660.0,1464.0,4,16,,,,,,,,,,,,,,,,,,,,,,,,,,,,,,,,,,,,,,,,,,,,,,,,,,,,,,,,,,,,,
4,summary,0.53303281924001,0.9444273012364638,0.4737369757980387,0.9581130540870273,0.01997767,1069.3,,,,,,,,,,,,,,,,,,,,,,97,99.81,100,0,18.31,50,44,47.06,51,34,36.38,38,80.5,90.07,102.4,2760.0,10801.0,30.0,0,5.9,6.58,10.0,39.78,39.8,39.88,63.16,0.1,0.1,0.1,24.16,0.0,0.0,0.01,0.02,0.13,1.66,7.801,16.559,15.592,15.59,15.592,15.992,0.0,0.0,0.0,0.0,912.06,7958.0,0.0,10128.44,107470.0,4,4.0,4,16,16.0,16,4,16,2.94,670.06
5,1,,,,,,,99,88,38,37,18.0,210,405,0,0,9.8,3.6;4.3;5.0;4.9;3.1;3.2;45.8;47.2;5.5;6.7;41.4;53.9;1.6;1.6;0.5;0.5;0.9;0.8;0.4;0.4;0.8;0.7;0.7;0.7,38.29,0.1,0.0,0.22,12.934,0.659,244.0,1611.0,4,16,,,,,,,,,,,,,,,,,,,,,,,,,,,,,,,,,,,,,,,,,,,,,,,,,,,,,,,,,,,,,
5,2,,,,,,,97,61,57,36,243.7,2745,10801,30,0,8.3,1.3;9.5;2.6;1.0;0.8;0.8;27.2;33.1;6.7;3.4;73.5;36.5;0.8;0.5;0.0;0.0;0.5;0.0;0.0;0.5;0.5;0.8;0.0;0.3,38.28,0.1,0.0,0.65,12.934,0.659,341.0,1367.0,4,16,,,,,,,,,,,,,,,,,,,,,,,,,,,,,,,,,,,,,,,,,,,,,,,,,,,,,,,,,,,,,
5,3,,,,,,,97,78,59,28,245.1,2745,10801,30,0,8.6,1.6;10.9;3.4;1.0;1.8;1.8;41.8;33.8;6.7;6.7;49.0;44.9;1.0;1.0;0.0;0.0;0.3;0.0;0.0;0.5;0.0;0.3;1.0;0.3,38.26,0.1,0.0,0.19,12.934,0.659,0.0,1806.0,4,16,,,,,,,,,,,,,,,,,,,,,,,,,,,,,,,,,,,,,,,,,,,,,,,,,,,,,,,,,,,,,
5,4,,,,,,,98,78,59,32,244.0,2745,10801,30,0,8.8,2.3;6.5;2.8;3.1;1.0;1.8;42.8;30.9;7.2;5.4;52.3;48.5;1.8;1.8;0.0;0.3;0.0;0.0;0.0;0.0;0.8;0.5;0.3;0.3,38.21,0.1,0.01,0.09,12.934,0.659,2734.0,1416.0,4,16,,,,,,,,,,,,,,,,,,,,,,,,,,,,,,,,,,,,,,,,,,,,,,,,,,,,,,,,,,,,,
5,5,,,,,,,100,70,57,26,246.4,2745,10801,30,0,8.7,1.3;7.1;1.8;1.0;1.3;1.3;59.2;41.0;9.5;6.0;32.5;43.8;1.3;1.0;0.3;0.3;0.0;0.0;0.3;0.0;0.0;0.0;0.0;0.0,38.22,0.1,0.0,0.06,12.934,0.659,781.0,97.0,4,16,,,,,,,,,,,,,,,,,,,,,,,,,,,,,,,,,,,,,,,,,,,,,,,,,,,,,,,,,,,,,
5,6,,,,,,,100,58,60,31,244.9,2745,10801,30,0,8.1,0.8;8.2;1.8;2.1;0.3;0.3;44.0;31.0;8.0;3.6;49.7;42.3;0.5;0.8;0.0;0.0;0.0;0.5;0.0;0.0;0.3;0.3;0.0;0.0,38.22,0.1,0.0,0.05,12.934,0.659,341.0,390.0,4,16,,,,,,,,,,,,,,,,,,,,,,,,,,,,,,,,,,,,,,,,,,,,,,,,,,,,,,,,,,,,,
5,7,,,,,,,100,52,61,23,249.4,2745,10801,30,0,8.2,0.8;8.1;2.1;1.0;0.5;0.8;36.2;49.4;5.5;3.6;36.9;49.5;0.8;0.8;0.0;0.0;0.0;0.0;0.0;0.3;0.0;0.0;0.0;0.0,38.22,0.1,0.0,0.07,12.934,0.659,0.0,1806.0,4,16,,,,,,,,,,,,,,,,,,,,,,,,,,,,,,,,,,,,,,,,,,,,,,,,,,,,,,,,,,,,,
5,8,,,,,,,98,56,61,21,246.3,2745,10801,30,0,7.8,1.5;6.5;1.0;1.0;0.3;0.3;48.7;30.3;4.1;3.4;52.2;36.2;0.3;0.5;0.0;0.0;0.0;0.0;0.0;0.0;0.0;0.0;0.5;0.0,38.22,0.1,0.0,0.03,12.934,0.659,830.0,97.0,4,16,,,,,,,,,,,,,,,,,,,,,,,,,,,,,,,,,,,,,,,,,,,,,,,,,,,,,,,,,,,,,
5,9,,,,,,,96,73,64,23,250.2,2745,10801,30,0,8.6,2.3;6.3;1.8;1.8;1.0;1.3;54.9;41.3;5.5;4.7;36.6;39.1;0.5;1.0;0.3;0.3;0.8;0.5;0.5;0.5;2.8;1.3;0.5;0.0,38.22,0.1,0.0,0.05,12.934,0.659,292.0,1757.0,4,16,,,,,,,,,,,,,,,,,,,,,,,,,,,,,,,,,,,,,,,,,,,,,,,,,,,,,,,,,,,,,
5,10,,,,,,,98,76,63,28,246.2,2745,10801,30,0,8.4,2.1;7.0;2.8;2.6;0.5;0.3;56.4;43.4;5.2;6.2;34.3;36.4;0.8;1.5;0.0;0.0;0.3;0.0;0.0;0.3;0.5;0.5;0.0;0.0,38.22,0.1,0.0,0.03,12.934,0.659,1123.0,1513.0,4,16,,,,,,,,,,,,,,,,,,,,,,,,,,,,,,,,,,,,,,,,,,,,,,,,,,,,,,,,,,,,,
5,11,,,,,,,100,76,62,21,250.9,2730,10801,31,0,8.7,2.6;9.2;3.4;2.6;1.6;2.1;36.5;48.1;6.2;4.1;35.1;50.3;0.3;1.3;0.3;0.0;0.3;0.3;0.3;0.5;0.3;0.3;1.0;0.8,38.22,0.1,0.0,0.06,12.934,0.659,1074.0,0.0,4,16,,,,,,,,,,,,,,,,,,,,,,,,,,,,,,,,,,,,,,,,,,,,,,,,,,,,,,,,,,,,,
5,12,,,,,,,100,52,63,26,246.6,2745,10801,31,0,8.5,1.8;6.8;3.4;2.6;1.3;1.0;41.4;35.0;7.5;4.6;30.9;62.0;1.0;1.5;0.0;0.0;0.0;0.3;0.3;0.0;0.3;0.8;0.3;0.3,38.21,0.1,0.0,0.04,12.934,0.659,341.0,439.0,4,16,,,,,,,,,,,,,,,,,,,,,,,,,,,,,,,,,,,,,,,,,,,,,,,,,,,,,,,,,,,,,
5,13,,,,,,,100,83,65,21,251.7,2745,10801,32,0,7.6,1.0;4.3;0.8;1.0;1.0;0.5;56.6;26.4;4.1;4.6;28.7;50.3;1.3;0.5;0.0;0.0;0.0;0.0;0.0;0.0;0.3;0.0;0.0;0.0,38.22,0.1,0.01,0.03,12.934,0.659,1171.0,97.0,4,16,,,,,,,,,,,,,,,,,,,,,,,,,,,,,,,,,,,,,,,,,,,,,,,,,,,,,,,,,,,,,
5,14,,,,,,,100,51,67,26,249.5,2745,10801,32,0,8.7,2.1;10.1;4.3;2.8;1.8;1.8;43.6;49.0;7.4;5.6;41.2;35.5;0.8;2.0;0.3;0.8;0.0;0.3;0.5;0.0;0.3;0.0;0.0;0.0,38.23,0.1,0.0,0.04,12.934,0.659,1660.0,390.0,4,16,,,,,,,,,,,,,,,,,,,,,,,,,,,,,,,,,,,,,,,,,,,,,,,,,,,,,,,,,,,,,
5,15,,,,,,,97,72,64,17,251.4,2745,10801,33,0,8.2,0.8;5.5;1.3;2.1;1.0;0.8;48.7;49.1;5.9;4.9;36.9;35.0;1.5;1.0;0.0;0.0;0.0;0.0;0.5;0.0;0.0;0.3;0.0;0.0,38.13,0.1,0.0,0.04,12.934,0.659,244.0,1367.0,4,16,,,,,,,,,,,,,,,,,,,,,,,,,,,,,,,,,,,,,,,,,,,,,,,,,,,,,,,,,,,,,
5,16,,,,,,,100,83,65,18,247.9,2730,10801,33,0,7.3,0.8;5.3;1.5;1.0;0.8;1.0;43.7;25.4;5.4;4.9;27.8;54.2;1.6;0.8;0.0;0.0;0.0;0.5;0.0;0.0;0.0;0.0;0.3;0.0,38.12,0.1,0.0,0.01,12.934,0.659,0.0,1855.0,4,16,,,,,,,,,,,,,,,,,,,,,,,,,,,,,,,,,,,,,,,,,,,,,,,,,,,,,,,,,,,,,
5,17,,,,,,,100,68,68,24,254.4,2745,10801,34,0,5.9,0.8;5.3;1.3;1.8;0.5;0.5;42.9;25.6;2.8;4.1;38.9;11.7;0.0;0.8;1.3;0.0;0.5;0.8;0.3;0.3;0.8;0.3;0.3;0.3,38.12,0.1,0.0,0.06,12.934,0.659,1367.0,1416.0,4,16,,,,,,,,,,,,,,,,,,,,,,,,,,,,,,,,,,,,,,,,,,,,,,,,,,,,,,,,,,,,,
5,18,,,,,,,97,73,64,18,219.0,2730,10801,34,0,8.6,4.0;10.3;2.7;3.9;3.9;1.3;13.2;28.9;6.6;11.8;81.8;8.0;2.7;1.3;2.7;3.9;2.7;1.4;0.0;4.3;2.7;2.6;0.0;2.7,38.16,0.1,0.14,0.0,12.934,0.659,976.0,1708.0,4,16,,,,,,,,,,,,,,,,,,,,,,,,,,,,,,,,,,,,,,,,,,,,,,,,,,,,,,,,,,,,,
5,summary,0.5224540719077946,0.946795456013319,0.4974352298785439,0.946766978446523,0.01996721,267.9,,,,,,,,,,,,,,,,,,,,,,96,98.72,100,51,69.33,88,38,60.94,68,17,25.33,37,18.0,233.64,254.4,2601.7,10223.4,29.4,0,5.9,8.27,9.8,38.12,38.21,38.29,63.16,0.1,0.1,0.1,19.09,0.0,0.01,0.14,0.0,0.1,0.65,7.008,12.275,12.934,12.93,12.934,15.992,0.659,0.66,0.659,0.0,751.06,2734.0,0.0,1062.89,1855.0,4,4.0,4,16,16.0,16,4,16,46.0,95.43
6,1,,,,,,,100,65,51,35,102.9,2760,10801,30,0,16.9,10.1;11.2;13.3;13.4;9.9;10.4;57.7;62.6;19.2;19.8;73.7;78.3;6.2;6.9;0.6;0.6;2.8;2.4;0.5;0.6;1.7;1.3;1.0;0.9,38.58,0.1,0.0,0.03,15.496,0.221,1318.0,5419.0,4,16,,,,,,,,,,,,,,,,,,,,,,,,,,,,,,,,,,,,,,,,,,,,,,,,,,,,,,,,,,,,,
6,2,,,,,,,100,80,52,34,133.5,2760,10801,30,0,9.5,0.8;4.3;1.4;1.7;0.5;0.7;70.8;71.5;4.9;6.3;26.5;35.9;0.2;0.6;0.0;0.0;0.0;0.0;0.0;0.1;0.3;1.5;0.1;0.0,38.55,0.1,0.0,2.23,15.496,0.221,341.0,1367.0,4,16,,,,,,,,,,,,,,,,,,,,,,,,,,,,,,,,,,,,,,,,,,,,,,,,,,,,,,,,,,,,,
6,3,,,,,,,100,84,52,34,134.4,2745,10801,30,0,9.8,1.3;4.2;2.0;2.3;0.8;1.1;71.7;67.2;3.4;6.6;31.3;41.0;0.5;0.6;0.0;0.0;0.0;0.3;0.2;0.1;0.2;0.1;0.3;0.2,38.55,0.1,0.0,0.04,15.496,0.221,1562.0,5517.0,4,16,,,,,,,,,,,,,,,,,,,,,,,,,,,,,,,,,,,,,,,,,,,,,,,,,,,,,,,,,,,,,
6,4,,,,,,,100,67,53,34,137.8,2760,10801,30,0,10.0,1.3;3.8;2.0;3.2;1.3;1.1;66.8;65.0;4.7;6.7;41.7;39.1;0.3;0.2;0.2;0.1;0.6;0.6;0.1;0.1;1.1;0.9;0.4;0.1,38.56,0.1,0.0,0.07,15.496,0.221,341.0,1416.0,4,16,,,,,,,,,,,,,,,,,,,,,,,,,,,,,,,,,,,,,,,,,,,,,,,,,,,,,,,,,,,,,
6,5,,,,,,,100,75,52,34,133.7,2760,10801,30,0,9.8,1.1;4.3;1.7;1.5;1.6;1.0;62.3;55.3;4.9;5.4;43.6;49.4;0.3;0.7;0.2;0.0;0.2;0.5;0.0;0.2;0.1;0.6;0.2;0.3,38.57,0.1,0.0,0.06,15.496,0.221,1269.0,5517.0,4,16,,,,,,,,,,,,,,,,,,,,,,,,,,,,,,,,,,,,,,,,,,,,,,,,,,,,,,,,,,,,,
6,6,,,,,,,100,27,56,33,135.9,2760,10801,30,0,9.8,1.5;3.4;2.7;1.9;0.9;1.2;65.1;57.6;6.6;5.6;34.1;52.1;0.2;0.5;0.0;0.1;0.2;0.2;0.0;0.2;0.2;0.1;0.3;0.1,38.56,0.1,0.0,0.04,15.496,0.221,341.0,3417.0,4,16,,,,,,,,,,,,,,,,,,,,,,,,,,,,,,,,,,,,,,,,,,,,,,,,,,,,,,,,,,,,,
6,7,,,,,,,98,75,55,33,135.5,2760,10801,30,0,9.4,1.3;5.2;2.7;2.7;0.6;0.8;69.2;55.4;6.0;6.1;33.2;40.8;0.6;0.5;0.0;0.0;0.0;0.0;0.0;0.1;0.2;0.0;0.0;0.1,38.57,0.1,0.0,0.04,15.496,0.221,1513.0,5468.0,4,16,,,,,,,,,,,,,,,,,,,,,,,,,,,,,,,,,,,,,,,,,,,,,,,,,,,,,,,,,,,,,
6,8,,,,,,,100,38,50,29,136.4,2760,10801,30,0,9.8,0.9;3.7;2.6;1.8;0.5;0.5;70.1;59.6;6.9;4.9;37.8;44.8;0.5;0.0;0.0;0.0;0.3;0.2;0.0;0.0;0.0;0.0;0.4;0.0,38.56,0.1,0.0,0.05,15.496,0.221,0.0,1464.0,4,16,,,,,,,,,,,,,,,,,,,,,,,,,,,,,,,,,,,,,,,,,,,,,,,,,,,,,,,,,,,,,
6,9,,,,,,,100,68,56,32,134.3,2760,10801,30,0,9.4,1.0;3.9;1.7;1.0;0.4;0.6;71.1;71.1;6.3;4.9;32.7;30.7;0.3;0.6;0.0;0.0;0.1;0.2;0.0;0.0;0.1;0.2;0.0;0.0,38.56,0.1,0.0,0.04,15.496,0.221,1513.0,5566.0,4,16,,,,,,,,,,,,,,,,,,,,,,,,,,,,,,,,,,,,,,,,,,,,,,,,,,,,,,,,,,,,,
6,10,,,,,,,100,35,50,30,136.8,2760,10801,30,0,10.0,0.8;5.2;3.2;1.9;0.7;0.6;64.2;57.7;7.0;5.6;41.4;47.5;0.7;0.5;0.0;0.0;0.3;1.0;0.0;0.2;0.0;0.1;0.0;0.1,38.55,0.1,0.0,0.03,15.496,0.221,292.0,1513.0,4,16,,,,,,,,,,,,,,,,,,,,,,,,,,,,,,,,,,,,,,,,,,,,,,,,,,,,,,,,,,,,,
6,11,,,,,,,100,57,53,31,134.1,2760,10801,30,0,9.5,0.7;2.7;2.0;1.3;0.4;0.6;60.3;50.1;6.8;7.1;44.5;51.0;0.5;0.2;0.0;0.0;0.1;0.2;0.0;0.0;0.1;0.1;0.1;0.0,38.56,0.1,0.0,0.04,15.496,0.221,1464.0,5566.0,4,16,,,,,,,,,,,,,,,,,,,,,,,,,,,,,,,,,,,,,,,,,,,,,,,,,,,,,,,,,,,,,
6,12,,,,,,,100,0,55,33,129.8,2760,10801,30,0,10.5,3.5;5.3;4.4;3.8;1.7;1.6;61.4;60.6;6.5;7.7;41.4;51.8;0.5;0.2;0.0;0.2;0.5;0.2;0.2;0.2;0.2;0.5;0.2;0.1,38.57,0.1,0.01,0.07,15.496,0.221,292.0,97.0,4,16,,,,,,,,,,,,,,,,,,,,,,,,,,,,,,,,,,,,,,,,,,,,,,,,,,,,,,,,,,,,,
6,13,,,,,,,100,0,51,33,130.1,2760,10801,30,0,10.0,0.7;3.5;2.6;1.5;0.6;0.3;69.1;70.1;7.3;5.3;34.4;41.1;0.6;0.3;0.0;0.0;0.2;0.3;0.2;0.1;0.4;1.4;0.0;0.0,38.58,0.1,0.01,0.06,15.496,0.221,1464.0,5566.0,4,16,,,,,,,,,,,,,,,,,,,,,,,,,,,,,,,,,,,,,,,,,,,,,,,,,,,,,,,,,,,,,
6,14,,,,,,,100,0,51,32,133.4,2760,10801,30,0,9.9,1.6;4.5;3.1;2.1;1.0;0.7;75.9;60.7;7.2;4.9;36.4;37.8;0.6;0.1;0.0;0.0;0.2;0.0;0.0;0.0;0.1;0.2;0.1;0.1,38.55,0.1,0.0,0.04,15.496,0.221,537.0,97.0,4,16,,,,,,,,,,,,,,,,,,,,,,,,,,,,,,,,,,,,,,,,,,,,,,,,,,,,,,,,,,,,,
6,15,,,,,,,100,0,51,32,135.0,2760,10801,30,0,9.7,1.6;5.7;3.5;2.1;0.9;0.7;71.5;53.4;5.1;6.6;36.5;43.0;0.6;0.5;0.0;0.0;0.0;0.1;0.0;0.3;0.1;0.3;0.0;0.1,38.55,0.1,0.0,0.05,15.496,0.221,1220.0,5517.0,4,16,,,,,,,,,,,,,,,,,,,,,,,,,,,,,,,,,,,,,,,,,,,,,,,,,,,,,,,,,,,,,
6,16,,,,,,,100,14,51,29,134.9,2760,10801,30,0,9.9,0.5;3.3;2.5;2.2;0.5;0.6;72.6;75.5;8.0;5.5;28.9;34.8;0.4;0.2;0.0;0.0;0.2;0.2;0.1;0.1;0.4;0.4;0.0;0.0,38.56,0.1,0.0,0.03,15.496,0.221,585.0,8349.0,4,16,,,,,,,,,,,,,,,,,,,,,,,,,,,,,,,,,,,,,,,,,,,,,,,,,,,,,,,,,,,,,
6,17,,,,,,,100,4,51,32,134.4,2760,10801,30,0,9.0,1.3;3.7;1.8;1.6;0.6;0.8;67.4;58.2;4.3;5.5;35.8;33.8;0.1;0.3;0.0;0.0;0.0;0.2;0.2;0.2;0.1;0.2;0.0;0.1,38.53,0.1,0.01,0.03,15.496,0.221,1513.0,5859.0,4,16,,,,,,,,,,,,,,,,,,,,,,,,,,,,,,,,,,,,,,,,,,,,,,,,,,,,,,,,,,,,,
6,18,,,,,,,100,0,51,32,130.2,2760,10801,30,0,9.7,0.5;5.1;2.6;1.6;1.6;1.0;71.7;66.5;8.9;5.8;33.5;30.4;0.5;0.0;0.0;0.0;0.0;1.0;0.0;0.0;0.0;2.1;0.0;0.0,38.53,0.1,0.0,0.06,15.496,0.221,341.0,1464.0,4,16,,,,,,,,,,,,,,,,,,,,,,,,,,,,,,,,,,,,,,,,,,,,,,,,,,,,,,,,,,,,,
6,summary,0.5156803992705853,0.9476350745251132,0.4754539083227388,0.9578690524603497,0.01994792,402.6,,,,,,,,,,,,,,,,,,,,,,98,99.89,100,0,38.28,84,50,52.28,56,29,32.33,35,102.9,132.39,137.8,2759.2,10801.0,30.0,0,9.0,10.14,16.9,38.53,38.56,38.58,63.16,0.1,0.1,0.1,22.13,0.0,0.0,0.01,0.03,0.17,2.23,7.007,15.275,15.496,15.5,15.496,15.992,0.221,0.22,0.221,0.0,883.67,1562.0,97.0,3843.28,8349.0,4,4.0,4,16,16.0,16,4,16,3.37,272.89
7,1,,,,,,,100,11,47,36,92.3,2760,10801,30,0,17.0,9.9;11.5;12.5;12.1;11.4;11.1;73.2;83.5;20.1;20.0;57.4;59.4;6.2;6.9;0.7;0.8;2.4;2.4;0.6;0.6;1.3;1.4;1.1;0.9,38.62,0.1,0.0,0.03,15.496,0.221,1611.0,5419.0,4,16,,,,,,,,,,,,,,,,,,,,,,,,,,,,,,,,,,,,,,,,,,,,,,,,,,,,,,,,,,,,,
7,2,,,,,,,100,17,49,35,143.2,2745,10801,30,0,9.6,0.9;4.4;1.6;2.8;1.2;0.5;72.4;59.4;3.6;8.0;28.5;45.6;0.3;0.3;0.2;0.2;0.1;0.0;0.0;0.0;0.0;0.1;0.1;0.0,38.58,0.1,0.0,2.24,15.496,0.221,1757.0,48.0,4,16,,,,,,,,,,,,,,,,,,,,,,,,,,,,,,,,,,,,,,,,,,,,,,,,,,,,,,,,,,,,,
7,3,,,,,,,98,17,50,35,140.2,2745,10801,30,0,9.7,1.1;4.8;2.5;2.5;0.3;0.9;71.6;63.7;3.4;8.7;31.1;41.3;0.6;0.4;0.1;0.1;0.1;0.2;0.0;0.1;0.0;0.2;0.0;0.0,38.58,0.1,0.0,0.03,15.496,0.221,1269.0,5517.0,4,16,,,,,,,,,,,,,,,,,,,,,,,,,,,,,,,,,,,,,,,,,,,,,,,,,,,,,,,,,,,,,
7,4,,,,,,,98,3,49,30,132.8,2760,10801,30,0,10.0,1.9;5.4;2.1;2.7;1.0;1.4;64.5;59.8;5.0;7.5;40.8;44.9;0.6;0.5;0.0;0.1;0.2;0.2;0.1;0.0;0.2;0.1;0.4;0.0,38.58,0.1,0.0,0.05,15.496,0.221,585.0,1367.0,4,16,,,,,,,,,,,,,,,,,,,,,,,,,,,,,,,,,,,,,,,,,,,,,,,,,,,,,,,,,,,,,
7,5,,,,,,,100,1,49,33,128.6,2760,10801,30,0,9.6,0.7;4.6;2.0;2.6;1.1;1.6;70.0;60.4;5.0;6.5;31.1;41.9;0.6;0.7;0.0;0.1;0.2;0.3;0.1;0.0;0.1;0.3;0.0;0.1,38.59,0.1,0.07,0.04,15.496,0.221,1513.0,5322.0,4,16,,,,,,,,,,,,,,,,,,,,,,,,,,,,,,,,,,,,,,,,,,,,,,,,,,,,,,,,,,,,,
7,6,,,,,,,98,35,50,35,132.8,2760,10801,30,0,9.4,0.5;2.9;3.0;2.4;0.8;1.1;68.1;49.2;3.7;6.0;45.5;41.1;0.2;0.2;0.1;0.0;0.0;0.1;0.0;0.1;0.0;0.2;0.4;0.3,38.58,0.1,0.0,0.02,15.496,0.221,341.0,97.0,4,16,,,,,,,,,,,,,,,,,,,,,,,,,,,,,,,,,,,,,,,,,,,,,,,,,,,,,,,,,,,,,
7,7,,,,,,,98,68,51,34,128.6,2760,10801,30,0,10.4,1.3;4.2;2.1;3.4;0.8;1.3;68.4;66.3;6.5;7.4;41.0;45.3;0.1;0.3;0.0;0.0;0.1;0.2;0.1;0.3;0.3;0.7;0.0;0.0,38.58,0.1,0.0,0.05,15.496,0.221,1806.0,5371.0,4,16,,,,,,,,,,,,,,,,,,,,,,,,,,,,,,,,,,,,,,,,,,,,,,,,,,,,,,,,,,,,,
7,8,,,,,,,98,76,54,32,135.8,2760,10801,30,0,9.5,0.6;3.4;2.5;2.7;0.8;1.0;62.0;56.8;5.3;7.8;39.5;43.4;0.7;0.5;0.1;0.1;0.1;0.1;0.1;0.1;0.2;0.0;0.4;0.3,38.57,0.1,0.0,0.07,15.496,0.221,585.0,0.0,4,16,,,,,,,,,,,,,,,,,,,,,,,,,,,,,,,,,,,,,,,,,,,,,,,,,,,,,,,,,,,,,
7,9,,,,,,,100,81,54,32,133.9,2760,10801,30,0,10.0,1.6;4.9;3.3;3.5;1.0;1.1;64.2;60.0;4.8;4.0;42.0;46.0;0.4;0.6;0.0;0.2;0.1;0.1;0.0;0.1;0.3;0.5;0.3;0.0,38.57,0.1,0.0,0.02,15.496,0.221,22851.0,13818.0,4,16,,,,,,,,,,,,,,,,,,,,,,,,,,,,,,,,,,,,,,,,,,,,,,,,,,,,,,,,,,,,,
7,10,,,,,,,100,54,53,35,137.7,2760,10801,30,0,10.0,0.7;5.3;2.2;2.8;0.5;1.5;70.6;55.7;4.1;5.9;41.5;44.2;1.6;1.5;0.2;0.2;0.2;0.2;0.2;0.1;0.2;0.4;0.1;0.1,38.58,0.1,0.05,0.04,15.496,0.221,3417.0,8496.0,4,16,,,,,,,,,,,,,,,,,,,,,,,,,,,,,,,,,,,,,,,,,,,,,,,,,,,,,,,,,,,,,
7,11,,,,,,,100,41,50,34,133.1,2760,10801,30,0,10.3,1.4;6.0;2.5;3.3;0.7;0.7;75.0;65.1;6.5;6.3;41.1;33.8;0.7;1.0;0.2;0.1;0.2;0.3;0.0;0.2;0.3;0.4;0.6;0.4,38.58,0.1,0.01,0.03,15.496,0.221,1464.0,5419.0,4,16,,,,,,,,,,,,,,,,,,,,,,,,,,,,,,,,,,,,,,,,,,,,,,,,,,,,,,,,,,,,,
7,12,,,,,,,100,0,50,33,128.9,2760,10801,30,0,9.9,1.8;4.9;2.7;2.9;1.0;0.6;75.5;57.8;3.1;5.7;32.0;48.2;0.4;0.3;0.0;0.0;0.0;0.0;0.0;0.2;0.1;0.1;0.2;0.0,38.59,0.1,0.0,0.03,15.496,0.221,2685.0,1464.0,4,16,,,,,,,,,,,,,,,,,,,,,,,,,,,,,,,,,,,,,,,,,,,,,,,,,,,,,,,,,,,,,
7,13,,,,,,,100,0,51,33,129.3,2760,10801,30,0,9.8,1.2;5.7;2.0;2.6;0.5;1.4;73.7;58.0;5.5;4.7;32.8;44.4;0.5;0.6;0.2;0.1;0.3;0.5;0.0;0.0;0.1;0.5;0.1;0.3,38.58,0.1,0.0,0.04,15.496,0.221,1464.0,5566.0,4,16,,,,,,,,,,,,,,,,,,,,,,,,,,,,,,,,,,,,,,,,,,,,,,,,,,,,,,,,,,,,,
7,14,,,,,,,100,4,51,30,135.1,2760,10801,30,0,9.4,1.1;4.3;2.1;1.3;0.6;0.7;55.9;53.2;5.5;5.8;42.9;49.9;0.5;0.4;0.1;0.0;0.1;0.1;0.0;0.0;0.1;0.1;0.5;0.1,38.59,0.1,0.0,0.04,15.496,0.221,341.0,341.0,4,16,,,,,,,,,,,,,,,,,,,,,,,,,,,,,,,,,,,,,,,,,,,,,,,,,,,,,,,,,,,,,
7,15,,,,,,,100,1,51,31,135.6,2760,10801,30,0,10.2,1.4;6.8;2.7;2.2;1.5;1.2;69.1;53.6;5.8;5.7;40.4;50.7;0.5;0.6;0.1;0.0;0.3;0.1;0.1;0.1;0.3;0.5;0.0;0.1,38.56,0.1,0.0,0.04,15.496,0.221,1269.0,6005.0,4,16,,,,,,,,,,,,,,,,,,,,,,,,,,,,,,,,,,,,,,,,,,,,,,,,,,,,,,,,,,,,,
7,16,,,,,,,100,17,53,33,146.8,2760,10801,30,0,9.1,0.5;5.1;1.8;0.7;0.3;0.2;68.9;59.0;3.9;5.0;34.0;36.8;0.1;0.3;0.0;0.1;0.1;0.1;0.1;0.4;0.0;0.2;0.2;0.0,38.54,0.1,0.0,0.05,15.496,0.221,0.0,1367.0,4,16,,,,,,,,,,,,,,,,,,,,,,,,,,,,,,,,,,,,,,,,,,,,,,,,,,,,,,,,,,,,,
7,17,,,,,,,100,4,51,30,135.8,2760,10801,30,0,9.1,0.5;4.5;3.0;1.1;1.6;1.1;68.7;64.8;4.5;3.3;27.2;37.3;0.1;0.1;0.0;0.0;0.2;0.0;0.0;0.0;0.1;0.4;0.2;0.1,38.55,0.1,0.0,0.03,15.496,0.221,1220.0,6054.0,4,16,,,,,,,,,,,,,,,,,,,,,,,,,,,,,,,,,,,,,,,,,,,,,,,,,,,,,,,,,,,,,
7,18,,,,,,,100,0,51,33,130.3,2760,10801,30,0,9.6,2.1;2.1;2.1;1.6;2.1;1.6;74.3;71.7;6.8;4.7;28.8;29.3;0.0;1.1;0.0;0.0;0.0;0.0;0.0;0.0;0.0;0.0;1.0;0.0,38.55,0.1,0.0,0.07,15.496,0.221,292.0,1416.0,4,16,,,,,,,,,,,,,,,,,,,,,,,,,,,,,,,,,,,,,,,,,,,,,,,,,,,,,,,,,,,,,
7,summary,0.5085832375002838,0.9495798319327731,0.4665598728008123,0.9626270841805612,0.01992419,402.7,,,,,,,,,,,,,,,,,,,,,,98,99.44,100,0,23.89,81,47,50.78,54,30,33.0,36,92.3,132.27,146.8,2758.3,10801.0,30.0,0,9.1,10.14,17.0,38.54,38.58,38.62,63.16,0.1,0.1,0.1,22.13,0.0,0.01,0.07,0.02,0.16,2.24,7.007,15.275,15.496,15.5,15.496,15.992,0.221,0.22,0.221,0.0,2470.56,22851.0,0.0,4060.39,13818.0,4,4.0,4,16,16.0,16,4,16,3.22,273.12
8,1,,,,,,,100,25,46,37,94.9,2760,10801,30,0,17.1,9.8;11.5;13.1;12.1;11.8;12.1;74.2;78.1;22.2;22.3;55.7;63.4;6.1;7.2;0.6;0.8;2.2;2.5;0.6;0.7;1.2;1.2;0.8;0.8,38.64,0.1,0.0,0.02,15.496,0.221,1562.0,5468.0,4,16,,,,,,,,,,,,,,,,,,,,,,,,,,,,,,,,,,,,,,,,,,,,,,,,,,,,,,,,,,,,,
8,2,,,,,,,100,31,48,31,134.4,2760,10801,30,0,10.2,1.1;3.6;1.8;1.8;1.0;0.4;75.3;66.5;5.7;5.8;39.2;38.7;0.3;0.3;0.0;0.3;0.1;0.3;0.1;0.1;0.7;1.7;0.2;0.1,38.58,0.1,0.0,2.47,15.496,0.221,341.0,1464.0,4,16,,,,,,,,,,,,,,,,,,,,,,,,,,,,,,,,,,,,,,,,,,,,,,,,,,,,,,,,,,,,,
8,3,,,,,,,100,61,53,34,133.1,2760,10801,30,0,9.8,1.7;2.7;3.1;2.4;0.8;0.6;70.5;59.2;6.7;5.2;33.4;46.6;0.5;0.1;0.0;0.1;0.0;0.0;0.0;0.0;0.0;0.0;0.0;0.0,38.56,0.1,0.0,1.97,15.496,0.221,1269.0,5419.0,4,16,,,,,,,,,,,,,,,,,,,,,,,,,,,,,,,,,,,,,,,,,,,,,,,,,,,,,,,,,,,,,
8,4,,,,,,,100,1,49,35,129.3,2760,10801,30,0,9.5,0.8;4.0;1.2;1.4;0.7;0.4;66.4;58.9;6.1;5.2;38.0;41.8;0.5;0.2;0.1;0.0;0.1;0.0;0.2;0.3;0.0;0.0;0.9;1.0,38.57,0.1,0.0,0.02,15.496,0.221,341.0,1367.0,4,16,,,,,,,,,,,,,,,,,,,,,,,,,,,,,,,,,,,,,,,,,,,,,,,,,,,,,,,,,,,,,
8,5,,,,,,,100,19,53,35,131.7,2760,10801,30,0,10.2,2.1;4.4;3.2;4.1;1.0;1.7;72.0;68.0;5.2;6.4;36.0;37.7;0.6;0.2;0.1;0.1;0.1;0.0;0.0;0.0;0.2;0.3;0.3;0.2,38.57,0.1,0.0,0.06,15.496,0.221,3857.0,5419.0,4,16,,,,,,,,,,,,,,,,,,,,,,,,,,,,,,,,,,,,,,,,,,,,,,,,,,,,,,,,,,,,,
8,6,,,,,,,100,0,49,34,132.5,2745,10801,30,0,9.9,1.0;3.4;1.8;3.8;0.9;0.5;70.3;69.3;3.1;7.6;30.0;42.9;0.4;0.8;0.0;0.1;0.2;0.0;0.0;0.0;0.3;0.2;0.3;0.4,38.57,0.1,0.0,0.04,15.496,0.221,976.0,4785.0,4,16,,,,,,,,,,,,,,,,,,,,,,,,,,,,,,,,,,,,,,,,,,,,,,,,,,,,,,,,,,,,,
8,7,,,,,,,100,0,49,34,129.7,2760,10801,30,0,9.9,0.6;4.7;1.7;2.1;1.0;0.9;66.5;58.7;5.7;7.9;44.3;41.7;0.6;0.6;0.1;0.2;0.1;0.2;0.0;0.0;0.2;0.2;0.4;0.0,38.57,0.1,0.0,0.03,15.496,0.221,21191.0,21044.0,4,16,,,,,,,,,,,,,,,,,,,,,,,,,,,,,,,,,,,,,,,,,,,,,,,,,,,,,,,,,,,,,
8,8,,,,,,,100,0,50,33,134.4,2760,10801,30,0,9.6,0.4;4.1;1.6;1.7;0.7;1.1;71.8;59.0;2.5;9.3;31.1;45.8;0.7;0.4;0.0;0.0;0.0;0.0;0.1;0.0;0.4;0.5;0.0;0.0,38.57,0.1,0.0,0.03,15.496,0.221,14257.0,15820.0,4,16,,,,,,,,,,,,,,,,,,,,,,,,,,,,,,,,,,,,,,,,,,,,,,,,,,,,,,,,,,,,,
8,9,,,,,,,100,0,50,33,130.2,2760,10801,30,0,10.2,1.1;3.8;1.8;2.1;0.6;1.7;67.7;65.5;5.3;10.4;36.3;44.8;0.8;0.9;0.2;0.1;0.2;0.5;0.2;0.3;0.2;0.4;0.1;0.3,38.56,0.1,0.01,0.04,15.496,0.221,1464.0,5566.0,4,16,,,,,,,,,,,,,,,,,,,,,,,,,,,,,,,,,,,,,,,,,,,,,,,,,,,,,,,,,,,,,
8,10,,,,,,,100,7,51,32,138.6,2745,10801,30,0,9.7,0.7;4.3;1.6;3.5;0.9;1.2;57.4;52.6;4.1;8.0;43.7;50.6;0.7;0.5;0.1;0.2;0.2;0.3;0.3;0.2;0.1;0.3;0.4;0.1,38.58,0.1,0.01,0.09,15.496,0.221,0.0,1464.0,4,16,,,,,,,,,,,,,,,,,,,,,,,,,,,,,,,,,,,,,,,,,,,,,,,,,,,,,,,,,,,,,
8,11,,,,,,,100,14,51,34,138.5,2745,10801,30,0,11.2,1.6;3.8;4.5;4.6;1.6;1.7;75.4;67.9;11.2;13.6;42.2;35.1;0.8;0.9;0.1;0.2;0.5;0.7;0.1;0.3;0.5;0.5;0.5;0.4,38.6,0.1,0.02,0.26,15.516,0.241,3027.0,5566.0,4,16,,,,,,,,,,,,,,,,,,,,,,,,,,,,,,,,,,,,,,,,,,,,,,,,,,,,,,,,,,,,,
8,12,,,,,,,100,17,52,34,135.2,2745,10801,30,0,10.1,1.3;3.7;2.5;2.7;0.9;0.7;73.6;74.0;6.8;8.1;23.6;38.8;0.5;0.6;0.0;0.0;0.4;0.4;0.1;0.1;1.3;1.7;0.3;0.2,38.6,0.1,0.0,0.03,15.516,0.241,1708.0,97.0,4,16,,,,,,,,,,,,,,,,,,,,,,,,,,,,,,,,,,,,,,,,,,,,,,,,,,,,,,,,,,,,,
8,13,,,,,,,100,3,53,33,133.2,2760,10801,30,0,9.9,1.5;4.1;1.7;2.2;0.6;1.2;67.0;54.1;5.9;6.1;39.0;51.1;0.7;0.3;0.0;0.1;0.2;0.4;0.1;0.0;0.3;0.1;0.2;0.0,38.61,0.1,0.0,0.06,15.516,0.241,1757.0,8837.0,4,16,,,,,,,,,,,,,,,,,,,,,,,,,,,,,,,,,,,,,,,,,,,,,,,,,,,,,,,,,,,,,
8,14,,,,,,,93,0,52,32,129.8,2760,10801,30,0,9.9,1.3;4.2;1.5;2.7;0.6;1.0;63.9;63.3;4.9;5.7;34.5;52.1;0.6;0.7;0.1;0.1;0.0;0.0;0.0;0.0;0.3;0.1;0.4;0.0,38.6,0.1,0.0,0.05,15.516,0.241,341.0,1367.0,4,16,,,,,,,,,,,,,,,,,,,,,,,,,,,,,,,,,,,,,,,,,,,,,,,,,,,,,,,,,,,,,
8,15,,,,,,,100,1,52,31,129.2,2745,10801,30,0,9.9,0.7;3.4;2.6;2.6;1.0;1.4;70.7;71.6;4.8;7.0;29.5;41.2;0.4;0.4;0.1;0.2;0.2;0.1;0.2;0.2;0.1;0.4;0.1;0.2,38.6,0.1,0.0,0.04,15.516,0.241,1464.0,5517.0,4,16,,,,,,,,,,,,,,,,,,,,,,,,,,,,,,,,,,,,,,,,,,,,,,,,,,,,,,,,,,,,,
8,16,,,,,,,98,68,58,33,136.5,2760,10801,30,0,10.5,1.4;4.9;2.7;3.7;1.6;2.5;70.0;71.1;5.9;9.7;33.4;39.9;1.1;0.8;0.3;0.4;0.8;0.4;0.4;0.1;0.4;0.6;0.5;0.4,38.6,0.1,0.02,0.24,15.516,0.241,244.0,1416.0,4,16,,,,,,,,,,,,,,,,,,,,,,,,,,,,,,,,,,,,,,,,,,,,,,,,,,,,,,,,,,,,,
8,17,,,,,,,98,69,58,33,136.5,2745,10801,30,0,9.1,1.1;3.6;2.8;1.8;0.6;0.6;57.2;55.7;3.6;5.1;44.7;39.4;0.3;0.3;0.0;0.0;0.1;0.0;0.3;0.3;0.2;0.1;0.1;0.1,38.6,0.1,0.01,0.06,15.516,0.241,1416.0,5517.0,4,16,,,,,,,,,,,,,,,,,,,,,,,,,,,,,,,,,,,,,,,,,,,,,,,,,,,,,,,,,,,,,
8,18,,,,,,,100,0,52,32,130.8,2745,10801,30,0,9.3,2.1;6.2;3.1;2.1;1.6;0.5;73.6;57.8;9.4;3.6;27.3;34.2;0.0;0.5;0.0;0.0;0.0;0.0;0.0;0.0;0.0;0.0;0.5;0.0,38.61,0.1,0.0,0.16,15.516,0.241,585.0,1367.0,4,16,,,,,,,,,,,,,,,,,,,,,,,,,,,,,,,,,,,,,,,,,,,,,,,,,,,,,,,,,,,,,
8,summary,0.4987022868227547,0.9532253550438109,0.48851308219555967,0.9497356649044327,0.01989604,402.9,,,,,,,,,,,,,,,,,,,,,,93,99.39,100,0,17.56,69,46,51.44,58,31,33.33,37,94.9,131.03,138.6,2754.2,10801.0,30.0,0,9.1,10.33,17.1,38.56,38.59,38.64,63.16,0.1,0.1,0.1,22.13,0.0,0.0,0.02,0.02,0.32,2.47,7.007,15.275,15.496,15.5,15.516,15.992,0.221,0.23,0.241,0.0,3100.0,21191.0,97.0,5416.67,21044.0,4,4.0,4,16,16.0,16,4,16,3.41,273.11
9,1,,,,,,,95,75,40,35,18.4,210,405,30,0,14.7,8.0;9.3;11.1;10.4;8.5;9.1;60.4;68.5;17.0;18.1;46.1;59.1;6.3;6.2;0.7;0.8;2.4;2.5;0.7;0.5;2.6;2.6;1.2;1.3,38.44,0.1,0.08,0.32,11.365,0.553,0.0,1464.0,4,16,,,,,,,,,,,,,,,,,,,,,,,,,,,,,,,,,,,,,,,,,,,,,,,,,,,,,,,,,,,,,
9,2,,,,,,,97,74,55,33,243.1,2745,10801,30,0,8.0,0.3;5.9;1.6;2.5;0.3;0.3;39.3;39.1;4.6;3.0;33.1;58.5;2.2;1.6;0.0;0.0;0.0;0.0;0.0;0.0;0.3;0.3;0.0;0.0,38.39,0.1,0.0,0.06,11.49,0.678,3710.0,5566.0,4,16,,,,,,,,,,,,,,,,,,,,,,,,,,,,,,,,,,,,,,,,,,,,,,,,,,,,,,,,,,,,,
9,3,,,,,,,100,67,59,30,244.1,2745,10801,30,0,8.7,2.6;8.8;2.8;2.8;1.4;0.9;37.5;38.1;5.7;4.5;28.7;67.6;1.7;2.0;0.0;0.0;0.3;0.0;0.0;0.0;0.3;0.3;1.1;0.3,38.35,0.1,0.01,0.16,11.49,0.678,390.0,341.0,4,16,,,,,,,,,,,,,,,,,,,,,,,,,,,,,,,,,,,,,,,,,,,,,,,,,,,,,,,,,,,,,
9,4,,,,,,,100,72,60,23,246.8,2745,10801,30,0,8.1,2.0;6.1;1.1;1.1;0.3;0.6;53.5;38.3;5.7;5.1;35.6;42.1;1.1;1.1;0.0;0.0;0.0;0.3;0.0;0.0;0.0;0.6;0.0;0.0,38.33,0.1,0.0,0.13,11.49,0.678,16357.0,115625.0,4,16,,,,,,,,,,,,,,,,,,,,,,,,,,,,,,,,,,,,,,,,,,,,,,,,,,,,,,,,,,,,,
9,5,,,,,,,100,67,61,23,248.7,2745,10801,30,0,8.6,2.6;6.1;3.1;3.1;1.4;0.3;50.6;51.0;5.7;4.8;31.8;43.3;0.3;0.0;0.0;0.0;0.3;0.6;0.0;0.0;0.3;0.6;0.3;0.0,38.35,0.1,0.0,0.05,11.49,0.678,1513.0,5664.0,4,16,,,,,,,,,,,,,,,,,,,,,,,,,,,,,,,,,,,,,,,,,,,,,,,,,,,,,,,,,,,,,
9,6,,,,,,,100,64,62,22,246.9,2745,10801,30,0,8.9,4.2;9.0;4.2;2.8;0.8;1.1;55.9;36.6;4.5;4.2;22.1;57.5;1.2;0.6;0.3;0.3;0.3;0.6;0.3;0.6;1.7;3.1;0.3;0.3,38.35,0.1,0.0,0.06,11.49,0.678,1562.0,5615.0,4,16,,,,,,,,,,,,,,,,,,,,,,,,,,,,,,,,,,,,,,,,,,,,,,,,,,,,,,,,,,,,,
9,7,,,,,,,100,65,63,22,246.4,2745,10801,30,0,7.7,1.1;5.0;2.8;1.7;0.8;1.7;30.9;31.4;6.5;4.0;68.3;30.6;1.1;0.3;0.0;0.0;0.0;0.0;0.0;0.0;0.0;0.0;0.0;0.0,38.36,0.1,0.0,0.04,11.49,0.678,1025.0,1416.0,4,16,,,,,,,,,,,,,,,,,,,,,,,,,,,,,,,,,,,,,,,,,,,,,,,,,,,,,,,,,,,,,
9,8,,,,,,,100,59,64,23,250.0,2745,10801,30,0,8.1,1.1;7.5;1.7;0.6;0.3;0.6;61.6;24.7;6.0;3.4;36.1;47.2;1.1;0.8;0.0;0.0;0.0;0.0;0.0;0.0;0.0;0.0;0.3;0.3,38.35,0.1,0.0,0.02,11.49,0.678,1123.0,1367.0,4,16,,,,,,,,,,,,,,,,,,,,,,,,,,,,,,,,,,,,,,,,,,,,,,,,,,,,,,,,,,,,,
9,9,,,,,,,100,56,64,22,250.7,2745,10801,30,0,8.2,1.4;6.8;2.5;2.3;1.1;0.6;44.5;33.7;4.0;3.7;50.4;40.5;1.1;0.3;0.0;0.0;0.6;1.4;0.3;0.0;0.3;0.6;0.0;0.0,38.31,0.1,0.0,0.06,11.49,0.678,1513.0,5859.0,4,16,,,,,,,,,,,,,,,,,,,,,,,,,,,,,,,,,,,,,,,,,,,,,,,,,,,,,,,,,,,,,
9,10,,,,,,,100,57,64,21,248.0,2745,10801,30,0,8.9,2.2;7.9;2.0;3.1;0.6;1.1;38.2;42.2;6.7;6.1;25.7;64.4;2.0;2.8;0.6;0.0;0.8;0.8;0.6;0.6;1.9;1.7;1.1;1.1,38.35,0.1,0.0,0.04,11.49,0.678,292.0,1806.0,4,16,,,,,,,,,,,,,,,,,,,,,,,,,,,,,,,,,,,,,,,,,,,,,,,,,,,,,,,,,,,,,
9,11,,,,,,,97,75,63,20,248.6,2745,10801,31,0,9.2,2.5;8.8;4.8;4.2;2.0;2.0;55.4;35.1;6.2;4.8;33.2;47.7;2.0;2.0;0.0;0.9;0.3;0.6;0.0;0.0;1.4;4.5;0.3;0.6,38.35,0.1,0.0,0.02,11.49,0.678,1611.0,781.0,4,16,,,,,,,,,,,,,,,,,,,,,,,,,,,,,,,,,,,,,,,,,,,,,,,,,,,,,,,,,,,,,
9,12,,,,,,,96,74,63,21,252.7,2745,10801,31,0,8.5,2.3;10.1;2.8;2.5;2.3;0.8;59.9;41.5;5.1;5.4;32.3;31.6;1.1;0.8;0.3;0.3;0.6;0.3;0.3;0.3;0.9;1.7;0.3;0.0,38.35,0.1,0.0,0.05,11.49,0.678,341.0,1806.0,4,16,,,,,,,,,,,,,,,,,,,,,,,,,,,,,,,,,,,,,,,,,,,,,,,,,,,,,,,,,,,,,
9,13,,,,,,,97,74,64,21,252.3,2745,10801,32,0,8.6,2.0;8.9;3.1;3.4;1.1;1.1;42.4;23.4;6.8;5.4;38.6;63.0;1.4;0.8;0.3;0.3;0.0;0.8;0.0;0.0;0.6;0.6;0.6;0.0,38.36,0.1,0.0,0.03,11.49,0.678,1269.0,5664.0,4,16,,,,,,,,,,,,,,,,,,,,,,,,,,,,,,,,,,,,,,,,,,,,,,,,,,,,,,,,,,,,,
9,14,,,,,,,98,78,64,18,248.5,2730,10801,33,0,7.9,1.1;8.7;2.8;0.8;0.6;0.3;47.9;34.7;6.8;2.3;27.3;53.7;0.8;0.8;0.0;0.0;0.0;0.0;0.0;0.0;0.0;0.8;0.0;0.0,38.32,0.1,0.0,0.05,11.49,0.678,878.0,0.0,4,16,,,,,,,,,,,,,,,,,,,,,,,,,,,,,,,,,,,,,,,,,,,,,,,,,,,,,,,,,,,,,
9,15,,,,,,,98,79,65,22,250.9,2745,10801,33,0,8.1,1.4;4.7;2.8;1.4;1.1;0.3;56.9;36.1;5.7;4.8;45.0;31.2;0.9;1.4;0.0;0.0;0.0;0.0;0.0;0.3;0.3;0.0;0.3;0.0,38.16,0.1,0.0,0.04,11.49,0.678,1416.0,97.0,4,16,,,,,,,,,,,,,,,,,,,,,,,,,,,,,,,,,,,,,,,,,,,,,,,,,,,,,,,,,,,,,
9,16,,,,,,,100,83,67,18,253.2,2730,10801,34,0,8.6,2.3;8.5;3.4;1.7;0.9;0.8;48.0;42.5;6.8;2.8;38.4;43.1;0.0;1.4;0.6;0.3;0.0;0.3;0.0;0.0;0.3;0.9;0.6;0.3,38.16,0.1,0.0,0.04,11.49,0.678,292.0,8105.0,4,16,,,,,,,,,,,,,,,,,,,,,,,,,,,,,,,,,,,,,,,,,,,,,,,,,,,,,,,,,,,,,
9,17,,,,,,,100,80,66,16,252.1,2745,10801,34,0,8.1,1.4;5.0;3.7;2.8;1.1;1.7;55.0;17.8;7.6;3.7;41.4;49.0;1.4;0.6;0.3;0.3;0.0;0.3;0.3;0.3;0.6;0.3;0.3;0.0,38.16,0.1,0.0,0.04,11.49,0.678,2343.0,5761.0,4,16,,,,,,,,,,,,,,,,,,,,,,,,,,,,,,,,,,,,,,,,,,,,,,,,,,,,,,,,,,,,,
9,18,,,,,,,100,78,68,16,250.3,2730,10801,34,0,7.0,2.8;8.2;1.4;1.7;0.8;1.1;39.2;56.0;6.8;2.0;22.7;20.6;0.3;0.6;0.6;0.0;0.0;0.0;0.0;0.0;1.1;0.6;0.0;0.0,38.17,0.1,0.0,0.06,11.49,0.678,1416.0,1416.0,4,16,,,,,,,,,,,,,,,,,,,,,,,,,,,,,,,,,,,,,,,,,,,,,,,,,,,,,,,,,,,,,
9,19,,,,,,,97,71,65,20,251.5,2730,10801,35,0,5.8,0.0;8.8;1.4;0.3;0.0;0.7;30.6;42.4;5.1;1.0;33.6;12.6;0.7;0.3;0.0;0.0;0.0;0.3;0.3;0.3;0.0;0.0;0.0;0.0,38.17,0.1,0.0,0.02,11.49,0.678,341.0,1416.0,4,16,,,,,,,,,,,,,,,,,,,,,,,,,,,,,,,,,,,,,,,,,,,,,,,,,,,,,,,,,,,,,
9,summary,0.4963782310324583,0.9526440806894918,0.468568446814117,0.960187067913786,0.01988343,153.3,,,,,,,,,,,,,,,,,,,,,,95,98.68,100,56,70.95,83,40,61.95,68,16,22.42,35,18.4,237.01,253.2,2608.4,10253.8,31.4,0,5.8,8.51,14.7,38.16,38.3,38.44,63.16,0.1,0.1,0.1,18.08,0.0,0.0,0.08,0.02,0.07,0.32,6.371,10.812,11.365,11.48,11.49,15.992,0.553,0.67,0.678,0.0,1968.0,16357.0,0.0,8935.21,115625.0,4,4.0,4,16,16.0,16,4,16,46.31,95.69
10,1,,,,,,,100,57,65,21,187.7,2730,10801,35,0,52.3,69.4;73.0;87.8;89.3;78.1;77.0;96.7;96.6;77.3;82.1;95.6;96.7;33.7;37.4;14.4;12.2;23.1;25.1;13.5;12.7;19.1;18.4;10.2;15.4,38.16,0.1,0.01,0.07,14.49,0.678,20410.0,21093.0,4,16,,,,,,,,,,,,,,,,,,,,,,,,,,,,,,,,,,,,,,,,,,,,,,,,,,,,,,,,,,,,,
10,2,,,,,,,100,57,66,17,253.4,2730,10801,35,0,7.8,1.1;5.5;2.0;1.4;1.1;0.8;64.5;25.2;7.9;3.1;29.7;42.8;0.0;1.1;0.0;0.0;0.3;0.0;0.0;0.0;0.0;0.0;0.0;0.0,38.14,0.1,0.0,1.17,14.49,0.678,1562.0,5761.0,4,16,,,,,,,,,,,,,,,,,,,,,,,,,,,,,,,,,,,,,,,,,,,,,,,,,,,,,,,,,,,,,
10,3,,,,,,,97,59,68,17,250.6,2730,10801,35,0,9.0,1.7;7.7;3.7;3.7;1.1;1.4;58.9;44.1;9.3;6.8;35.0;38.8;0.6;1.1;0.0;0.0;0.0;0.6;0.0;0.0;0.0;0.6;0.0;0.0,38.18,0.1,0.02,1.68,14.49,0.678,1416.0,106933.0,4,16,,,,,,,,,,,,,,,,,,,,,,,,,,,,,,,,,,,,,,,,,,,,,,,,,,,,,,,,,,,,,
10,4,,,,,,,96,58,67,16,253.0,2730,10801,35,0,9.1,2.5;5.0;4.2;3.4;2.3;1.7;49.9;27.6;9.6;9.9;39.3;59.5;1.1;0.6;0.0;0.0;0.0;0.0;0.6;0.6;0.0;0.3;1.1;0.6,38.14,0.1,0.0,4.49,14.49,0.678,1660.0,1367.0,4,16,,,,,,,,,,,,,,,,,,,,,,,,,,,,,,,,,,,,,,,,,,,,,,,,,,,,,,,,,,,,,
10,5,,,,,,,97,71,70,15,256.2,2730,10801,36,0,8.9,2.3;10.1;4.2;2.5;1.4;1.7;36.8;35.7;5.9;3.1;39.3;62.7;1.4;1.7;0.3;0.3;0.3;0.3;0.0;0.6;0.6;0.6;1.7;0.3,38.14,0.1,0.01,0.06,14.49,0.678,1855.0,5664.0,4,16,,,,,,,,,,,,,,,,,,,,,,,,,,,,,,,,,,,,,,,,,,,,,,,,,,,,,,,,,,,,,
10,6,,,,,,,97,76,70,17,254.1,2730,10801,36,0,8.1,0.6;8.4;2.3;2.0;0.8;1.7;57.5;30.7;2.8;4.2;37.4;40.7;0.6;1.4;0.0;0.0;0.6;0.6;0.0;0.0;0.0;0.0;0.0;0.0,38.13,0.1,0.0,0.07,14.49,0.678,2343.0,5566.0,4,16,,,,,,,,,,,,,,,,,,,,,,,,,,,,,,,,,,,,,,,,,,,,,,,,,,,,,,,,,,,,,
10,7,,,,,,,97,76,69,16,251.7,2730,10801,36,0,8.4,1.7;7.7;1.1;2.3;1.7;0.8;47.9;33.4;5.7;9.0;27.5;56.2;1.4;0.6;0.3;0.8;0.0;1.7;0.3;0.3;0.3;0.9;0.6;0.3,38.14,0.1,0.0,0.06,14.49,0.678,0.0,1757.0,4,16,,,,,,,,,,,,,,,,,,,,,,,,,,,,,,,,,,,,,,,,,,,,,,,,,,,,,,,,,,,,,
10,8,,,,,,,99,82,68,17,254.7,2730,10801,36,0,8.2,2.0;8.2;1.4;2.6;0.9;1.1;50.3;25.9;6.2;4.8;24.9;65.6;1.4;0.9;0.3;0.0;0.3;0.3;0.3;0.0;0.0;0.3;0.3;0.0,38.14,0.1,0.0,0.09,14.49,0.678,244.0,1855.0,4,16,,,,,,,,,,,,,,,,,,,,,,,,,,,,,,,,,,,,,,,,,,,,,,,,,,,,,,,,,,,,,
10,9,,,,,,,100,81,70,21,255.4,2730,10801,37,0,8.4,2.5;8.2;2.5;1.7;1.4;0.6;59.5;37.1;5.4;5.1;24.4;46.2;1.1;1.4;0.0;0.0;0.6;0.6;0.0;0.0;0.6;0.6;0.8;0.3,38.13,0.1,0.0,0.01,14.49,0.678,2392.0,5468.0,4,16,,,,,,,,,,,,,,,,,,,,,,,,,,,,,,,,,,,,,,,,,,,,,,,,,,,,,,,,,,,,,
10,10,,,,,,,100,71,68,14,253.9,2730,10801,37,0,8.3,1.1;7.7;1.7;2.0;1.1;0.8;49.4;32.5;6.5;5.4;44.5;42.7;1.4;0.3;0.0;0.3;0.0;0.3;0.0;0.3;0.3;0.6;0.0;0.0,38.13,0.1,0.0,0.02,14.49,0.678,18017.0,1318.0,4,16,,,,,,,,,,,,,,,,,,,,,,,,,,,,,,,,,,,,,,,,,,,,,,,,,,,,,,,,,,,,,
10,11,,,,,,,100,61,68,14,252.4,2730,10801,37,0,7.4,0.3;6.3;0.9;2.0;0.3;0.0;50.7;19.8;3.4;4.0;23.3;65.5;0.6;0.6;0.0;0.0;0.0;0.0;0.0;0.0;0.0;0.0;0.0;0.0,38.13,0.1,0.0,0.08,14.49,0.678,1123.0,1025.0,4,16,,,,,,,,,,,,,,,,,,,,,,,,,,,,,,,,,,,,,,,,,,,,,,,,,,,,,,,,,,,,,
10,12,,,,,,,100,64,68,13,256.2,2730,10801,38,0,8.0,0.6;6.1;3.1;1.7;1.4;0.8;55.1;28.2;5.1;3.4;29.7;54.5;0.6;0.6;0.0;0.0;0.0;0.0;0.0;0.0;0.0;0.0;0.0;0.0,38.14,0.1,0.0,0.02,14.49,0.678,244.0,1562.0,4,16,,,,,,,,,,,,,,,,,,,,,,,,,,,,,,,,,,,,,,,,,,,,,,,,,,,,,,,,,,,,,
10,13,,,,,,,100,53,68,14,256.7,2730,10801,37,0,7.9,1.1;9.7;2.6;0.9;0.6;0.3;50.3;29.0;4.3;2.6;38.6;47.2;0.6;0.9;0.0;0.3;0.0;0.6;0.0;0.0;0.3;0.0;0.3;0.0,38.13,0.1,0.01,0.14,14.49,0.678,1757.0,5322.0,4,16,,,,,,,,,,,,,,,,,,,,,,,,,,,,,,,,,,,,,,,,,,,,,,,,,,,,,,,,,,,,,
10,14,,,,,,,100,58,69,13,253.2,2730,10801,38,0,8.2,2.3;7.7;3.1;1.1;0.8;0.6;53.1;30.6;5.6;7.4;30.0;52.3;0.8;1.4;0.0;0.0;0.3;0.0;0.0;0.0;0.0;0.0;0.6;0.3,38.14,0.1,0.0,0.08,14.49,0.678,1416.0,1416.0,4,16,,,,,,,,,,,,,,,,,,,,,,,,,,,,,,,,,,,,,,,,,,,,,,,,,,,,,,,,,,,,,
10,15,,,,,,,100,58,69,13,253.9,2730,10801,38,0,8.2,0.3;7.7;1.7;1.4;1.1;0.8;36.1;32.1;9.0;5.7;36.0;62.8;0.9;1.2;0.0;0.0;0.0;0.0;0.0;0.0;0.0;0.0;0.0;0.0,38.12,0.1,0.0,0.05,14.49,0.678,292.0,1757.0,4,16,,,,,,,,,,,,,,,,,,,,,,,,,,,,,,,,,,,,,,,,,,,,,,,,,,,,,,,,,,,,,
10,16,,,,,,,100,57,69,14,256.4,2730,10801,38,0,8.1,2.0;6.3;4.0;2.0;0.8;0.0;48.0;25.1;7.6;5.1;32.6;57.9;0.8;1.1;0.0;0.0;0.3;0.0;0.0;0.0;0.6;0.3;0.0;0.0,38.12,0.1,0.0,0.11,14.49,0.678,1708.0,5810.0,4,16,,,,,,,,,,,,,,,,,,,,,,,,,,,,,,,,,,,,,,,,,,,,,,,,,,,,,,,,,,,,,
10,17,,,,,,,99,56,70,14,255.4,2730,10801,38,0,8.5,2.3;6.6;2.8;2.3;2.5;1.4;63.0;32.8;4.8;5.9;29.1;41.5;1.4;2.0;0.6;0.6;0.8;0.8;0.3;0.6;0.0;0.6;0.0;1.4,38.12,0.1,0.0,0.05,14.49,0.678,1757.0,6835.0,4,16,,,,,,,,,,,,,,,,,,,,,,,,,,,,,,,,,,,,,,,,,,,,,,,,,,,,,,,,,,,,,
10,18,,,,,,,97,67,72,14,253.1,2730,10801,38,0,6.4,0.0;4.7;1.1;1.7;0.3;0.3;27.4;46.3;4.3;4.0;28.8;34.6;0.0;0.6;0.0;0.0;0.0;0.0;0.0;0.0;0.0;0.0;0.0;0.0,38.11,0.1,0.02,0.02,14.49,0.678,1660.0,0.0,4,16,,,,,,,,,,,,,,,,,,,,,,,,,,,,,,,,,,,,,,,,,,,,,,,,,,,,,,,,,,,,,
10,19,,,,,,,100,55,70,15,254.4,2730,10801,38,0,6.4,0.7;7.3;2.7;0.7;1.0;1.4;25.1;7.8;4.1;5.8;24.8;68.8;0.3;0.7;0.0;0.0;0.7;0.0;0.0;0.3;0.0;0.0;0.7;0.0,38.1,0.1,0.0,0.06,14.49,0.678,292.0,781.0,4,16,,,,,,,,,,,,,,,,,,,,,,,,,,,,,,,,,,,,,,,,,,,,,,,,,,,,,,,,,,,,,
10,summary,0.4901499120415548,0.9556222147270522,0.47068174897582127,0.9562017080113867,0.01984895,110.0,,,,,,,,,,,,,,,,,,,,,,96,98.89,100,53,64.05,82,65,68.63,72,13,15.53,21,187.7,250.65,256.7,2730.0,10801.0,36.7,0,6.4,10.4,52.3,38.1,38.13,38.18,63.16,0.1,0.1,0.1,21.12,0.0,0.0,0.02,0.01,0.44,4.49,6.37,13.812,14.49,14.49,14.49,15.992,0.678,0.68,0.678,0.0,3165.68,20410.0,0.0,9541.58,106933.0,4,4.0,4,16,16.0,16,4,16,3.37,95.36
11,1,,,,,,,0,0,57,19,176.5,2745,10801,38,0,51.5,75.1;78.3;89.3;89.0;85.6;85.5;96.7;97.5;71.5;80.3;95.3;95.9;37.2;39.5;7.2;7.7;18.9;20.7;5.9;5.6;15.7;17.3;9.6;9.2,38.18,0.1,0.0,0.03,14.49,0.678,2099.0,5517.0,4,16,,,,,,,,,,,,,,,,,,,,,,,,,,,,,,,,,,,,,,,,,,,,,,,,,,,,,,,,,,,,,
11,2,,,,,,,100,55,70,15,255.6,2730,10801,38,0,8.0,0.6;9.0;2.3;2.5;0.3;0.3;30.3;44.5;4.2;4.2;31.7;57.5;1.1;1.1;0.0;0.3;0.3;0.3;0.0;0.0;0.0;0.3;0.6;0.3,38.16,0.1,0.0,1.18,14.49,0.678,1513.0,5712.0,4,16,,,,,,,,,,,,,,,,,,,,,,,,,,,,,,,,,,,,,,,,,,,,,,,,,,,,,,,,,,,,,
11,3,,,,,,,100,56,69,15,253.5,2730,10801,38,0,8.3,2.5;9.3;1.4;1.4;2.0;1.7;33.1;41.4;5.4;4.2;56.1;37.5;0.6;0.6;0.0;0.0;0.3;0.6;0.3;0.3;0.8;0.3;0.6;0.0,38.15,0.1,0.0,1.48,14.49,0.678,781.0,97.0,4,16,,,,,,,,,,,,,,,,,,,,,,,,,,,,,,,,,,,,,,,,,,,,,,,,,,,,,,,,,,,,,
11,4,,,,,,,99,57,71,16,254.2,2730,10801,38,0,8.3,1.7;10.3;3.7;2.0;0.6;0.9;47.2;26.6;5.1;4.5;45.3;46.9;0.3;0.9;0.0;0.0;0.0;1.4;0.6;0.3;0.3;0.0;0.3;0.0,38.13,0.1,0.0,4.22,14.49,0.678,1416.0,1464.0,4,16,,,,,,,,,,,,,,,,,,,,,,,,,,,,,,,,,,,,,,,,,,,,,,,,,,,,,,,,,,,,,
11,5,,,,,,,96,55,70,20,257.8,2730,10801,38,0,8.2,0.0;8.2;2.3;2.8;0.6;0.3;46.3;37.2;3.7;4.5;43.8;43.5;0.9;1.4;0.0;0.0;0.0;0.0;0.3;0.0;0.0;0.0;0.0;0.0,38.13,0.1,0.01,0.08,14.49,0.678,2050.0,5615.0,4,16,,,,,,,,,,,,,,,,,,,,,,,,,,,,,,,,,,,,,,,,,,,,,,,,,,,,,,,,,,,,,
11,6,,,,,,,97,65,72,19,255.2,2730,10801,38,0,8.7,2.2;8.4;3.6;1.7;1.7;0.6;27.7;45.1;6.4;6.7;53.8;44.0;1.7;1.1;0.3;0.0;0.0;0.3;0.0;0.8;0.8;0.3;0.3;0.3,38.14,0.1,0.0,0.05,14.49,0.678,1269.0,5664.0,4,16,,,,,,,,,,,,,,,,,,,,,,,,,,,,,,,,,,,,,,,,,,,,,,,,,,,,,,,,,,,,,
11,7,,,,,,,100,81,72,13,253.2,2730,10801,38,0,8.4,1.1;9.8;2.5;1.7;2.0;1.1;46.5;29.5;3.7;6.0;55.4;36.2;1.4;0.3;0.0;0.0;0.3;0.3;0.0;0.0;0.0;0.6;1.4;0.3,38.14,0.1,0.08,0.04,14.49,0.678,488.0,1513.0,4,16,,,,,,,,,,,,,,,,,,,,,,,,,,,,,,,,,,,,,,,,,,,,,,,,,,,,,,,,,,,,,
11,8,,,,,,,96,61,73,14,255.4,2730,10801,38,0,7.6,0.6;9.7;0.8;1.7;0.3;0.6;59.2;28.7;4.0;2.8;35.2;39.0;0.8;0.3;0.0;0.0;0.0;0.0;0.0;0.0;0.0;0.0;0.0;0.0,38.15,0.1,0.0,0.06,14.49,0.678,585.0,390.0,4,16,,,,,,,,,,,,,,,,,,,,,,,,,,,,,,,,,,,,,,,,,,,,,,,,,,,,,,,,,,,,,
11,9,,,,,,,97,77,69,16,257.4,2730,10801,39,0,8.0,0.8;9.5;2.0;0.3;1.4;0.6;34.7;36.0;3.7;3.7;69.9;27.6;0.3;0.8;0.0;0.0;0.6;0.0;0.0;0.0;0.3;0.0;0.0;0.0,38.14,0.1,0.01,0.03,14.49,0.678,2343.0,5859.0,4,16,,,,,,,,,,,,,,,,,,,,,,,,,,,,,,,,,,,,,,,,,,,,,,,,,,,,,,,,,,,,,
11,10,,,,,,,97,76,69,16,254.9,2730,10801,38,0,8.1,1.4;5.2;2.0;2.8;2.0;0.6;28.2;38.4;4.0;5.9;42.3;55.5;1.1;0.6;0.0;0.6;0.6;0.0;0.0;0.0;0.0;0.0;3.4;0.6,38.14,0.1,0.0,0.06,14.49,0.678,1953.0,97.0,4,16,,,,,,,,,,,,,,,,,,,,,,,,,,,,,,,,,,,,,,,,,,,,,,,,,,,,,,,,,,,,,
11,11,,,,,,,98,79,69,20,252.9,2730,10801,38,0,7.9,0.9;10.1;2.3;1.1;1.1;0.6;64.0;27.1;3.7;3.7;36.4;34.7;0.9;0.9;0.0;0.0;0.3;0.9;0.0;0.0;0.0;0.3;0.6;0.3,38.13,0.1,0.0,0.08,14.49,0.678,2685.0,146.0,4,16,,,,,,,,,,,,,,,,,,,,,,,,,,,,,,,,,,,,,,,,,,,,,,,,,,,,,,,,,,,,,
11,12,,,,,,,100,84,71,20,255.5,2730,10801,39,0,8.6,3.7;6.4;2.5;2.3;3.1;1.1;53.5;33.5;5.4;4.8;47.9;34.5;2.8;0.8;0.0;0.3;0.3;0.0;0.0;0.0;0.8;1.7;0.0;0.0,38.13,0.1,0.0,0.03,14.49,0.678,341.0,488.0,4,16,,,,,,,,,,,,,,,,,,,,,,,,,,,,,,,,,,,,,,,,,,,,,,,,,,,,,,,,,,,,,
11,13,,,,,,,100,79,70,12,257.1,2730,10801,39,0,8.7,2.0;10.2;2.5;3.9;1.1;0.6;31.2;40.2;7.0;4.8;39.0;59.0;2.6;1.1;0.3;0.0;0.3;0.3;0.0;0.0;0.3;0.3;0.6;0.0,38.12,0.1,0.0,0.02,14.49,0.678,1269.0,5712.0,4,16,,,,,,,,,,,,,,,,,,,,,,,,,,,,,,,,,,,,,,,,,,,,,,,,,,,,,,,,,,,,,
11,14,,,,,,,100,65,72,14,254.2,2730,10801,39,0,8.1,0.8;7.4;1.7;1.4;1.4;0.3;44.6;27.7;2.8;8.2;54.7;40.8;0.0;1.1;0.0;0.0;0.3;0.0;0.3;0.0;0.0;0.6;0.0;0.0,38.12,0.1,0.0,0.07,14.49,0.678,634.0,1708.0,4,16,,,,,,,,,,,,,,,,,,,,,,,,,,,,,,,,,,,,,,,,,,,,,,,,,,,,,,,,,,,,,
11,15,,,,,,,98,78,70,12,255.5,2730,10801,39,0,7.9,1.1;6.6;2.5;1.1;1.7;0.3;61.5;31.5;3.7;4.5;33.8;39.5;0.8;0.9;0.0;0.3;0.0;0.6;0.0;0.0;0.0;0.3;0.0;0.0,38.13,0.1,0.0,0.02,14.49,0.678,48.0,1513.0,4,16,,,,,,,,,,,,,,,,,,,,,,,,,,,,,,,,,,,,,,,,,,,,,,,,,,,,,,,,,,,,,
11,16,,,,,,,100,78,71,12,257.2,2730,10801,39,0,8.4,1.1;7.7;2.0;2.3;1.7;1.4;45.1;37.3;5.1;5.9;48.0;38.2;1.1;2.2;0.0;0.0;0.0;1.1;0.0;0.0;0.3;0.6;0.0;0.0,38.13,0.1,0.0,0.03,14.49,0.678,1953.0,5419.0,4,16,,,,,,,,,,,,,,,,,,,,,,,,,,,,,,,,,,,,,,,,,,,,,,,,,,,,,,,,,,,,,
11,17,,,,,,,100,56,72,12,253.8,2730,10801,39,0,8.2,1.1;7.3;2.5;2.8;1.4;1.1;34.5;37.0;4.4;5.3;47.6;47.6;0.0;1.1;0.0;0.0;0.6;0.3;0.6;0.3;0.0;0.0;0.0;0.0,38.13,0.1,0.0,0.04,14.49,0.678,1855.0,5712.0,4,16,,,,,,,,,,,,,,,,,,,,,,,,,,,,,,,,,,,,,,,,,,,,,,,,,,,,,,,,,,,,,
11,18,,,,,,,97,75,69,14,253.9,2730,10801,39,0,6.6,0.3;8.5;1.4;0.9;0.3;0.9;34.8;22.4;2.3;2.3;44.6;38.9;0.6;0.3;0.0;0.0;0.0;0.0;0.0;0.0;0.0;0.0;0.6;0.0,38.14,0.1,0.0,0.04,14.49,0.678,488.0,1416.0,4,16,,,,,,,,,,,,,,,,,,,,,,,,,,,,,,,,,,,,,,,,,,,,,,,,,,,,,,,,,,,,,
11,19,,,,,,,100,57,71,12,254.1,2730,10801,39,0,6.1,1.0;6.6;2.7;1.4;2.4;0.3;22.0;44.1;3.4;2.7;35.3;22.6;0.3;0.3;0.0;0.0;0.0;0.3;0.0;0.0;0.3;0.3;0.0;0.0,38.13,0.1,0.0,0.04,14.49,0.678,1318.0,1367.0,4,16,,,,,,,,,,,,,,,,,,,,,,,,,,,,,,,,,,,,,,,,,,,,,,,,,,,,,,,,,,,,,
11,summary,0.4848516917868421,0.9566914724899354,0.4709107289618717,0.9590483936559577,0.01981003,110.4,,,,,,,,,,,,,,,,,,,,,,0,93.42,100,0,64.95,84,57,69.84,73,12,15.32,20,176.5,250.94,257.8,2730.8,10801.0,38.5,0,6.1,10.29,51.5,38.12,38.14,38.18,63.16,0.1,0.1,0.1,21.12,0.0,0.01,0.08,0.02,0.4,4.22,6.37,13.812,14.49,14.49,14.49,15.992,0.678,0.68,0.678,48.0,1320.42,2685.0,97.0,2916.26,5859.0,4,4.0,4,16,16.0,16,4,16,3.73,95.33
12,1,,,,,,,100,65,68,18,181.9,2730,10801,39,0,51.6,76.6;80.6;91.4;90.3;86.0;83.7;96.4;97.5;76.5;79.2;97.1;96.9;33.3;37.5;7.0;7.1;21.3;23.0;5.0;5.3;13.1;15.7;8.9;9.6,38.14,0.1,0.0,0.04,14.49,0.678,1269.0,5664.0,4,16,,,,,,,,,,,,,,,,,,,,,,,,,,,,,,,,,,,,,,,,,,,,,,,,,,,,,,,,,,,,,
12,2,,,,,,,100,54,71,14,254.7,2730,10801,39,0,8.1,1.4;5.5;2.0;2.3;3.6;0.8;57.5;32.4;5.9;5.4;28.7;46.8;1.7;0.8;0.0;0.0;0.0;0.0;0.0;0.0;0.0;0.3;0.0;0.3,38.15,0.1,0.01,1.12,14.49,0.678,3710.0,5517.0,4,16,,,,,,,,,,,,,,,,,,,,,,,,,,,,,,,,,,,,,,,,,,,,,,,,,,,,,,,,,,,,,
12,3,,,,,,,97,55,72,15,253.2,2730,10801,39,0,8.5,1.7;6.6;2.0;2.5;1.4;2.8;53.5;32.0;4.0;7.3;24.1;58.6;1.1;1.1;0.6;0.0;1.1;0.8;0.3;0.9;0.8;0.3;0.0;0.3,38.13,0.1,0.0,1.52,14.49,0.678,341.0,488.0,4,16,,,,,,,,,,,,,,,,,,,,,,,,,,,,,,,,,,,,,,,,,,,,,,,,,,,,,,,,,,,,,
12,4,,,,,,,96,57,72,17,256.1,2730,10801,39,0,8.0,1.1;5.6;2.3;1.7;0.9;0.6;27.3;40.1;2.5;6.8;51.7;47.4;0.9;0.8;0.0;0.3;0.3;0.0;0.0;0.3;0.3;0.0;0.3;0.0,38.11,0.1,0.01,4.26,14.49,0.678,1123.0,1513.0,4,16,,,,,,,,,,,,,,,,,,,,,,,,,,,,,,,,,,,,,,,,,,,,,,,,,,,,,,,,,,,,,
12,5,,,,,,,97,65,69,20,257.2,2730,10801,39,0,8.1,0.9;6.6;1.7;2.3;0.0;0.6;54.4;31.4;5.1;5.7;39.3;44.5;0.9;0.6;0.0;0.0;0.0;0.0;0.0;0.0;0.0;0.0;0.0;0.0,38.11,0.1,0.0,0.04,14.49,0.678,1953.0,5664.0,4,16,,,,,,,,,,,,,,,,,,,,,,,,,,,,,,,,,,,,,,,,,,,,,,,,,,,,,,,,,,,,,
12,6,,,,,,,97,71,72,21,255.2,2730,10801,39,0,7.9,0.8;6.8;0.6;2.0;0.6;0.6;60.6;23.2;4.8;7.0;47.6;33.1;1.4;0.6;0.0;0.0;0.3;0.0;0.0;0.3;0.0;0.0;0.0;0.0,38.11,0.1,0.0,0.04,14.49,0.678,2099.0,5615.0,4,16,,,,,,,,,,,,,,,,,,,,,,,,,,,,,,,,,,,,,,,,,,,,,,,,,,,,,,,,,,,,,
12,7,,,,,,,97,78,72,12,253.5,2730,10801,39,0,7.9,1.1;8.7;2.3;2.3;1.4;1.1;46.7;21.5;4.8;6.8;26.9;63.7;0.0;0.9;0.0;0.0;0.0;0.0;0.0;0.0;0.0;0.6;0.0;0.0,38.1,0.1,0.0,0.01,14.49,0.678,439.0,1757.0,4,16,,,,,,,,,,,,,,,,,,,,,,,,,,,,,,,,,,,,,,,,,,,,,,,,,,,,,,,,,,,,,
12,8,,,,,,,97,78,72,11,256.6,2730,10801,39,0,8.1,0.6;8.2;1.1;2.0;0.0;0.9;43.8;24.4;5.1;5.7;40.8;59.9;0.6;0.3;0.0;0.0;0.3;0.0;0.3;0.6;0.3;0.0;0.8;0.0,38.11,0.1,0.0,0.06,14.49,0.678,15283.0,14062.0,4,16,,,,,,,,,,,,,,,,,,,,,,,,,,,,,,,,,,,,,,,,,,,,,,,,,,,,,,,,,,,,,
12,9,,,,,,,97,77,72,11,256.3,2730,10801,39,0,8.0,1.1;6.6;2.0;1.1;1.1;0.6;59.8;30.3;6.2;4.0;40.1;36.1;0.9;0.6;0.0;0.0;0.3;0.0;0.0;0.0;0.0;0.0;0.3;0.0,38.1,0.1,0.0,0.06,14.49,0.678,2441.0,5468.0,4,16,,,,,,,,,,,,,,,,,,,,,,,,,,,,,,,,,,,,,,,,,,,,,,,,,,,,,,,,,,,,,
12,10,,,,,,,98,79,70,13,253.3,2730,10801,39,0,8.1,0.8;4.1;2.0;2.8;0.6;0.8;55.7;43.0;5.9;6.5;28.1;40.1;0.6;1.4;0.3;0.0;0.6;0.0;0.3;0.0;0.6;0.6;0.3;0.3,38.1,0.1,0.0,0.03,14.49,0.678,2490.0,1367.0,4,16,,,,,,,,,,,,,,,,,,,,,,,,,,,,,,,,,,,,,,,,,,,,,,,,,,,,,,,,,,,,,
12,11,,,,,,,100,58,70,11,253.4,2730,10801,39,0,7.8,0.9;7.7;1.4;2.8;0.3;1.7;38.2;23.5;3.4;4.8;28.9;72.5;0.3;0.8;0.0;0.0;0.0;0.0;0.3;0.0;0.0;0.0;0.0;0.0,38.1,0.1,0.0,0.04,14.49,0.678,927.0,830.0,4,16,,,,,,,,,,,,,,,,,,,,,,,,,,,,,,,,,,,,,,,,,,,,,,,,,,,,,,,,,,,,,
12,12,,,,,,,100,54,70,11,257.0,2730,10801,39,0,8.8,2.8;9.8;3.4;3.4;0.8;2.0;48.9;37.4;6.5;4.5;34.0;49.7;2.0;1.4;0.3;0.0;1.1;0.3;0.0;0.0;1.1;0.3;0.6;0.6,38.08,0.1,0.0,0.03,14.49,0.678,537.0,1367.0,4,16,,,,,,,,,,,,,,,,,,,,,,,,,,,,,,,,,,,,,,,,,,,,,,,,,,,,,,,,,,,,,
12,13,,,,,,,100,60,69,13,257.4,2730,10801,39,0,7.6,1.1;6.8;1.7;0.8;0.0;0.6;59.0;36.3;3.9;3.4;39.8;27.4;0.6;0.8;0.0;0.3;0.0;0.0;0.0;0.0;0.0;0.0;0.6;0.0,38.09,0.1,0.0,0.03,14.49,0.678,1708.0,5615.0,4,16,,,,,,,,,,,,,,,,,,,,,,,,,,,,,,,,,,,,,,,,,,,,,,,,,,,,,,,,,,,,,
12,14,,,,,,,96,55,71,11,254.7,2730,10801,39,0,8.2,1.7;6.6;1.7;1.1;0.8;0.6;58.1;30.3;7.3;4.2;36.3;42.0;1.1;1.7;0.3;0.0;0.0;0.3;0.3;0.3;0.8;0.6;0.0;0.3,38.08,0.1,0.0,0.02,14.49,0.678,1367.0,1367.0,4,16,,,,,,,,,,,,,,,,,,,,,,,,,,,,,,,,,,,,,,,,,,,,,,,,,,,,,,,,,,,,,
12,15,,,,,,,96,72,73,11,254.2,2730,10801,39,0,10.0,2.0;8.2;6.5;3.7;2.8;2.5;39.0;31.3;8.2;9.9;38.9;63.7;3.4;3.1;0.3;0.3;1.4;2.0;6.2;2.0;1.4;1.7;1.4;0.8,38.1,0.1,0.0,0.33,14.49,0.678,244.0,1416.0,4,16,,,,,,,,,,,,,,,,,,,,,,,,,,,,,,,,,,,,,,,,,,,,,,,,,,,,,,,,,,,,,
12,16,,,,,,,96,78,72,12,257.9,2730,10801,39,0,8.5,1.4;7.5;2.0;2.5;0.8;1.1;64.0;29.0;5.1;4.8;31.0;47.6;0.6;0.6;0.0;0.0;0.6;0.6;0.0;0.3;0.6;1.4;0.3;0.3,38.09,0.1,0.0,0.05,14.49,0.678,1953.0,5419.0,4,16,,,,,,,,,,,,,,,,,,,,,,,,,,,,,,,,,,,,,,,,,,,,,,,,,,,,,,,,,,,,,
12,17,,,,,,,96,73,72,12,256.5,2730,10801,39,0,8.6,1.1;5.0;4.2;3.4;1.7;3.4;56.9;39.7;7.4;6.2;33.5;44.2;0.8;0.8;0.0;0.0;0.0;0.0;0.0;0.0;0.0;0.3;0.0;0.0,38.1,0.1,0.0,0.04,14.49,0.678,28417.0,5957.0,4,16,,,,,,,,,,,,,,,,,,,,,,,,,,,,,,,,,,,,,,,,,,,,,,,,,,,,,,,,,,,,,
12,18,,,,,,,100,81,73,14,254.6,2730,10801,39,0,7.2,0.6;9.2;4.3;2.5;1.1;1.1;48.9;17.8;6.8;3.1;31.8;42.8;0.6;0.8;0.0;0.0;0.0;0.3;0.0;0.0;0.0;0.0;0.0;0.0,38.08,0.1,0.0,0.17,14.49,0.678,292.0,2246.0,4,16,,,,,,,,,,,,,,,,,,,,,,,,,,,,,,,,,,,,,,,,,,,,,,,,,,,,,,,,,,,,,
12,19,,,,,,,97,71,72,16,256.2,2730,10801,39,0,6.4,1.0;8.9;1.4;2.0;1.4;0.3;16.0;28.6;2.7;5.8;56.8;26.4;0.3;1.0;0.0;0.0;0.3;0.0;0.0;0.0;0.0;0.0;0.0;0.0,38.09,0.1,0.0,0.03,14.49,0.678,17675.0,97.0,4,16,,,,,,,,,,,,,,,,,,,,,,,,,,,,,,,,,,,,,,,,,,,,,,,,,,,,,,,,,,,,,
12,summary,0.48176919022736797,0.9570144026867793,0.46401890586817734,0.960878405856039,0.01976671,110.2,,,,,,,,,,,,,,,,,,,,,,96,97.74,100,54,67.42,81,68,71.16,73,11,13.84,21,181.9,251.57,257.9,2730.0,10801.0,39.0,0,6.4,10.39,51.6,38.08,38.1,38.15,63.16,0.1,0.1,0.1,21.12,0.0,0.0,0.01,0.01,0.42,4.26,6.37,13.812,14.49,14.49,14.49,15.992,0.678,0.68,0.678,244.0,4435.16,28417.0,97.0,3759.42,14062.0,4,4.0,4,16,16.0,16,4,16,3.55,95.34
13,1,,,,,,,0,0,59,16,177.9,2745,10801,40,0,51.3,76.1;80.0;89.8;89.5;86.2;87.4;97.6;98.0;68.8;79.0;95.5;95.8;36.2;43.6;6.1;5.4;20.1;22.6;3.3;3.4;14.4;14.2;8.9;9.2,38.17,0.1,0.0,0.05,14.49,0.678,1806.0,5468.0,4,16,,,,,,,,,,,,,,,,,,,,,,,,,,,,,,,,,,,,,,,,,,,,,,,,,,,,,,,,,,,,,
13,2,,,,,,,100,59,68,13,257.7,2730,10801,39,0,8.2,1.7;7.4;2.3;2.3;1.1;0.8;42.7;28.7;6.2;5.9;27.6;65.7;0.8;0.6;0.0;0.0;0.3;0.3;0.0;0.0;0.0;0.0;2.0;0.3,38.14,0.1,0.0,2.25,14.49,0.678,1269.0,5615.0,4,16,,,,,,,,,,,,,,,,,,,,,,,,,,,,,,,,,,,,,,,,,,,,,,,,,,,,,,,,,,,,,
13,3,,,,,,,96,59,70,13,254.7,2730,10801,39,0,7.9,1.1;4.7;3.1;2.8;0.6;2.3;58.4;22.3;5.4;5.4;52.8;29.3;1.7;0.6;0.0;0.0;0.0;0.0;0.0;0.0;0.0;0.0;0.6;0.0,38.13,0.1,0.0,2.38,14.49,0.678,488.0,1660.0,4,16,,,,,,,,,,,,,,,,,,,,,,,,,,,,,,,,,,,,,,,,,,,,,,,,,,,,,,,,,,,,,
13,4,,,,,,,97,72,72,15,255.2,2730,10801,39,0,8.1,1.1;7.7;2.5;2.3;0.8;0.6;57.5;39.9;3.4;4.2;37.9;32.8;0.8;1.1;0.0;0.0;0.0;0.0;0.0;0.3;0.0;0.0;1.7;0.3,38.12,0.1,0.0,2.23,14.49,0.678,341.0,0.0,4,16,,,,,,,,,,,,,,,,,,,,,,,,,,,,,,,,,,,,,,,,,,,,,,,,,,,,,,,,,,,,,
13,5,,,,,,,97,79,72,15,258.5,2730,10801,39,0,8.0,0.6;9.5;1.7;1.4;0.6;0.6;41.0;46.3;2.3;4.8;31.2;49.2;0.8;1.1;0.0;0.0;0.0;0.0;0.0;0.0;0.0;0.0;0.6;0.0,38.11,0.1,0.0,1.5,14.49,0.678,1953.0,5419.0,4,16,,,,,,,,,,,,,,,,,,,,,,,,,,,,,,,,,,,,,,,,,,,,,,,,,,,,,,,,,,,,,
13,6,,,,,,,97,73,71,13,256.9,2730,10801,40,0,8.2,2.5;9.2;1.7;3.1;0.8;1.4;37.9;43.5;3.4;4.5;21.1;62.2;0.6;0.8;0.0;0.0;0.3;0.3;0.3;0.6;0.6;1.1;0.8;0.6,38.1,0.1,0.0,1.48,14.49,0.678,1513.0,5859.0,4,16,,,,,,,,,,,,,,,,,,,,,,,,,,,,,,,,,,,,,,,,,,,,,,,,,,,,,,,,,,,,,
13,7,,,,,,,100,64,69,12,254.3,2730,10801,39,0,8.2,1.4;9.0;2.6;0.9;1.1;0.8;58.2;38.6;6.2;4.2;27.3;42.9;0.6;1.4;0.0;0.0;0.0;0.3;0.0;0.0;0.3;0.0;0.0;0.0,38.07,0.1,0.0,3.88,14.49,0.678,2294.0,390.0,4,16,,,,,,,,,,,,,,,,,,,,,,,,,,,,,,,,,,,,,,,,,,,,,,,,,,,,,,,,,,,,,
13,8,,,,,,,100,58,70,14,256.0,2730,10801,39,0,8.3,2.0;8.2;2.0;2.5;0.3;1.1;40.5;53.1;4.8;5.4;36.6;39.3;0.8;0.9;0.0;0.0;0.3;0.0;0.0;0.0;0.6;0.0;0.0;0.3,38.08,0.1,0.0,0.01,14.49,0.678,9521.0,0.0,4,16,,,,,,,,,,,,,,,,,,,,,,,,,,,,,,,,,,,,,,,,,,,,,,,,,,,,,,,,,,,,,
13,9,,,,,,,100,53,70,19,258.0,2730,10801,40,0,8.5,2.0;8.2;2.5;2.3;1.1;0.3;30.5;46.0;5.1;7.9;38.8;56.6;0.6;0.8;0.0;0.0;0.0;0.0;0.0;0.0;0.0;0.6;0.0;0.0,38.08,0.1,0.0,0.05,14.49,0.678,2099.0,5615.0,4,16,,,,,,,,,,,,,,,,,,,,,,,,,,,,,,,,,,,,,,,,,,,,,,,,,,,,,,,,,,,,,
13,10,,,,,,,100,59,70,16,256.4,2730,10801,39,0,8.5,2.2;7.4;3.4;1.4;0.6;0.6;37.0;40.3;6.2;5.3;39.7;54.9;1.1;2.0;0.0;0.3;0.3;0.0;0.0;0.8;0.0;0.3;0.3;0.3,38.08,0.1,0.01,0.05,14.49,0.678,1660.0,1416.0,4,16,,,,,,,,,,,,,,,,,,,,,,,,,,,,,,,,,,,,,,,,,,,,,,,,,,,,,,,,,,,,,
13,11,,,,,,,97,63,71,17,254.1,2730,10801,40,0,8.5,3.1;8.8;4.0;1.1;1.7;2.0;44.3;45.0;6.5;4.8;34.4;43.1;1.1;0.8;0.0;0.0;0.6;1.1;0.0;0.3;0.8;1.1;0.3;0.8,38.07,0.1,0.0,0.03,14.49,0.678,1074.0,976.0,4,16,,,,,,,,,,,,,,,,,,,,,,,,,,,,,,,,,,,,,,,,,,,,,,,,,,,,,,,,,,,,,
13,12,,,,,,,100,54,71,20,254.2,2730,10801,40,0,8.0,1.1;3.4;2.5;1.1;0.6;0.6;29.0;45.6;3.9;7.6;40.4;52.3;2.3;0.3;0.0;0.0;0.3;0.0;0.0;0.3;0.3;0.0;0.3;0.0,38.07,0.1,0.0,0.03,14.49,0.678,1416.0,0.0,4,16,,,,,,,,,,,,,,,,,,,,,,,,,,,,,,,,,,,,,,,,,,,,,,,,,,,,,,,,,,,,,
13,13,,,,,,,100,57,72,18,256.2,2730,10801,40,0,8.0,1.1;6.8;2.0;1.7;0.6;0.3;47.8;39.3;5.1;5.4;14.4;63.3;1.4;0.8;0.0;0.0;0.6;0.3;0.0;0.0;0.0;0.6;1.1;0.0,38.07,0.1,0.0,0.05,14.49,0.678,2392.0,5517.0,4,16,,,,,,,,,,,,,,,,,,,,,,,,,,,,,,,,,,,,,,,,,,,,,,,,,,,,,,,,,,,,,
13,14,,,,,,,100,63,73,17,254.0,2730,10801,40,0,8.6,1.1;9.0;3.7;2.8;1.1;1.1;34.0;48.6;5.7;8.5;36.4;50.4;1.1;1.4;0.3;0.0;0.0;0.3;0.0;0.0;0.0;0.3;0.3;0.8,38.06,0.1,0.0,0.04,14.49,0.678,1416.0,48.0,4,16,,,,,,,,,,,,,,,,,,,,,,,,,,,,,,,,,,,,,,,,,,,,,,,,,,,,,,,,,,,,,
13,15,,,,,,,100,64,73,12,256.5,2730,10801,40,0,8.1,0.6;3.9;2.3;2.3;0.0;1.4;52.0;44.8;5.6;7.1;25.4;45.6;1.7;0.9;0.0;0.0;0.3;0.0;0.0;0.0;0.0;0.0;0.6;0.8,38.09,0.1,0.0,0.21,14.49,0.678,292.0,1660.0,4,16,,,,,,,,,,,,,,,,,,,,,,,,,,,,,,,,,,,,,,,,,,,,,,,,,,,,,,,,,,,,,
13,16,,,,,,,100,56,74,11,257.7,2730,10801,40,0,7.9,0.3;7.4;2.0;0.6;1.4;0.3;37.5;36.5;4.0;5.1;31.0;61.6;1.4;0.3;0.0;0.0;0.0;0.0;0.0;0.0;0.0;1.1;0.0;0.0,38.08,0.1,0.0,0.04,14.49,0.678,1660.0,6640.0,4,16,,,,,,,,,,,,,,,,,,,,,,,,,,,,,,,,,,,,,,,,,,,,,,,,,,,,,,,,,,,,,
13,17,,,,,,,100,59,73,11,255.5,2730,10801,40,0,8.8,3.4;11.8;3.1;3.1;1.1;2.5;35.1;37.5;6.2;8.2;27.9;64.8;2.0;0.6;0.0;0.0;0.6;0.0;0.0;0.0;0.6;0.0;2.2;0.8,38.09,0.1,0.0,0.04,14.49,0.678,2685.0,6738.0,4,16,,,,,,,,,,,,,,,,,,,,,,,,,,,,,,,,,,,,,,,,,,,,,,,,,,,,,,,,,,,,,
13,18,,,,,,,98,56,71,11,254.4,2730,10801,41,0,6.7,1.1;9.8;2.8;0.9;0.3;0.3;62.2;16.5;2.0;4.0;31.2;26.7;0.6;0.3;0.0;0.0;0.0;0.0;0.6;0.0;0.0;0.0;0.0;0.3,38.08,0.1,0.0,0.02,14.49,0.678,1220.0,1513.0,4,16,,,,,,,,,,,,,,,,,,,,,,,,,,,,,,,,,,,,,,,,,,,,,,,,,,,,,,,,,,,,,
13,19,,,,,,,100,59,73,14,254.6,2730,10801,41,0,5.9,1.0;4.3;1.7;1.4;0.7;1.4;18.7;21.1;4.7;4.4;15.9;66.0;0.0;0.3;0.0;0.0;0.0;0.0;0.0;0.0;0.3;0.0;0.0;0.3,38.08,0.1,0.0,0.06,14.49,0.678,341.0,1562.0,4,16,,,,,,,,,,,,,,,,,,,,,,,,,,,,,,,,,,,,,,,,,,,,,,,,,,,,,,,,,,,,,
13,summary,0.47898753982417375,0.9583922381933132,0.46708886405470507,0.9593737291581944,0.01971900,110.2,,,,,,,,,,,,,,,,,,,,,,0,93.79,100,0,58.26,79,59,70.63,74,11,14.58,20,177.9,251.73,258.5,2730.8,10801.0,39.7,0,5.9,10.3,51.3,38.06,38.09,38.17,63.16,0.1,0.1,0.1,21.12,0.0,0.0,0.01,0.01,0.76,3.88,6.37,13.812,14.49,14.49,14.49,15.992,0.678,0.68,0.678,292.0,1865.26,9521.0,0.0,2952.42,6738.0,4,4.0,4,16,16.0,16,4,16,3.56,95.37
14,1,,,,,,,96,78,67,15,179.2,2730,10801,41,0,51.3,78.4;82.1;89.3;91.4;85.6;84.0;95.9;97.1;78.3;81.9;95.0;95.5;36.6;38.5;4.4;5.0;20.6;23.4;2.6;2.9;14.8;13.8;8.5;7.3,38.15,0.1,0.01,0.19,14.49,0.678,2099.0,5566.0,4,16,,,,,,,,,,,,,,,,,,,,,,,,,,,,,,,,,,,,,,,,,,,,,,,,,,,,,,,,,,,,,
14,2,,,,,,,100,74,71,11,255.8,2730,10801,40,0,8.7,3.1;8.2;4.8;2.8;1.7;1.4;64.7;34.7;5.6;4.8;20.6;48.2;2.8;1.7;1.7;0.6;0.0;0.6;0.0;0.0;0.8;0.0;0.0;0.6,38.14,0.1,0.0,1.17,14.49,0.678,1562.0,5468.0,4,16,,,,,,,,,,,,,,,,,,,,,,,,,,,,,,,,,,,,,,,,,,,,,,,,,,,,,,,,,,,,,
14,3,,,,,,,100,60,71,13,253.3,2730,10801,40,0,7.8,0.6;7.9;2.3;0.8;0.8;0.6;44.8;31.4;5.7;4.0;19.0;67.8;1.4;0.6;0.0;0.0;0.0;0.0;0.3;0.3;0.0;0.0;0.0;0.3,38.15,0.1,0.01,1.5,14.49,0.678,1660.0,0.0,4,16,,,,,,,,,,,,,,,,,,,,,,,,,,,,,,,,,,,,,,,,,,,,,,,,,,,,,,,,,,,,,
14,4,,,,,,,100,56,73,13,256.9,2730,10801,40,0,7.9,0.6;7.9;2.3;1.7;0.6;0.6;21.5;43.3;4.8;4.8;33.1;66.1;0.6;0.8;0.0;0.0;0.0;0.6;0.0;0.0;0.0;0.0;0.0;0.3,38.11,0.1,0.0,4.27,14.49,0.678,1464.0,1416.0,4,16,,,,,,,,,,,,,,,,,,,,,,,,,,,,,,,,,,,,,,,,,,,,,,,,,,,,,,,,,,,,,
14,5,,,,,,,100,60,73,12,258.1,2730,10801,40,0,8.4,2.0;6.6;2.3;2.0;1.4;1.1;55.8;34.3;7.1;5.4;22.4;55.8;1.7;0.6;0.0;0.6;0.0;0.6;0.0;0.0;0.0;0.6;0.3;0.9,38.11,0.1,0.0,0.02,14.49,0.678,878.0,5859.0,4,16,,,,,,,,,,,,,,,,,,,,,,,,,,,,,,,,,,,,,,,,,,,,,,,,,,,,,,,,,,,,,
14,6,,,,,,,100,57,72,13,255.5,2730,10801,40,0,8.3,2.0;10.5;3.4;2.0;1.4;1.1;56.5;27.0;4.5;3.7;28.8;54.5;1.1;1.7;0.0;0.0;0.3;0.0;0.0;0.0;0.0;0.3;0.3;0.0,38.1,0.1,0.0,0.05,14.49,0.678,1806.0,5761.0,4,16,,,,,,,,,,,,,,,,,,,,,,,,,,,,,,,,,,,,,,,,,,,,,,,,,,,,,,,,,,,,,
14,7,,,,,,,97,60,74,14,254.1,2730,10801,40,0,8.4,1.7;7.7;1.7;1.4;1.7;0.3;42.8;25.7;4.5;5.4;45.9;57.2;0.9;0.6;0.0;0.0;0.6;0.3;0.3;0.6;0.3;1.1;0.0;0.0,38.11,0.1,0.0,0.07,14.49,0.678,2099.0,1660.0,4,16,,,,,,,,,,,,,,,,,,,,,,,,,,,,,,,,,,,,,,,,,,,,,,,,,,,,,,,,,,,,,
14,8,,,,,,,97,68,70,13,258.4,2730,10801,40,0,8.5,1.4;9.3;4.0;2.5;1.7;0.6;38.0;34.6;9.0;5.7;32.1;63.0;0.8;0.8;0.0;0.0;0.0;0.0;0.0;0.0;0.0;0.3;0.3;0.8,38.11,0.1,0.0,0.03,14.49,0.678,781.0,0.0,4,16,,,,,,,,,,,,,,,,,,,,,,,,,,,,,,,,,,,,,,,,,,,,,,,,,,,,,,,,,,,,,
14,9,,,,,,,97,76,70,13,259.8,2730,10801,40,0,8.6,3.1;7.7;2.8;3.6;1.1;2.3;37.5;55.5;7.0;4.2;31.7;44.4;1.4;1.7;0.0;0.0;0.6;0.6;0.0;0.0;0.8;0.3;0.0;0.8,38.1,0.1,0.0,0.06,14.49,0.678,3369.0,5566.0,4,16,,,,,,,,,,,,,,,,,,,,,,,,,,,,,,,,,,,,,,,,,,,,,,,,,,,,,,,,,,,,,
14,10,,,,,,,100,82,71,13,255.5,2730,10801,41,0,8.6,1.1;10.3;2.3;3.4;0.6;1.7;49.2;39.2;5.9;4.0;26.8;55.6;1.7;1.1;0.0;0.0;0.3;0.0;0.3;0.0;0.6;0.8;1.1;0.0,38.11,0.1,0.0,0.07,14.49,0.678,878.0,1562.0,4,16,,,,,,,,,,,,,,,,,,,,,,,,,,,,,,,,,,,,,,,,,,,,,,,,,,,,,,,,,,,,,
14,11,,,,,,,100,67,73,13,254.8,2730,10801,41,0,7.8,1.4;4.9;2.0;0.6;0.6;0.9;37.6;39.9;4.8;4.2;26.7;62.1;0.6;0.8;0.0;0.0;0.3;0.0;0.0;0.0;0.0;0.0;0.0;0.0,38.09,0.1,0.0,0.05,14.49,0.678,2490.0,341.0,4,16,,,,,,,,,,,,,,,,,,,,,,,,,,,,,,,,,,,,,,,,,,,,,,,,,,,,,,,,,,,,,
14,12,,,,,,,100,58,71,13,258.0,2730,10801,41,0,8.2,1.7;9.8;2.3;0.9;0.9;0.8;45.7;42.1;4.5;6.2;28.4;48.9;1.4;0.8;0.0;0.0;0.0;0.8;0.3;0.0;0.3;0.3;0.6;0.3,38.1,0.1,0.0,0.04,14.49,0.678,878.0,1464.0,4,16,,,,,,,,,,,,,,,,,,,,,,,,,,,,,,,,,,,,,,,,,,,,,,,,,,,,,,,,,,,,,
14,13,,,,,,,100,59,71,13,258.6,2730,10801,41,0,8.5,2.8;8.0;2.3;1.4;1.4;1.7;56.7;34.0;4.8;4.2;27.4;50.1;1.4;2.9;0.0;0.0;0.6;0.0;0.0;0.0;0.3;0.8;0.6;0.6,38.1,0.1,0.0,0.09,14.49,0.678,3417.0,5664.0,4,16,,,,,,,,,,,,,,,,,,,,,,,,,,,,,,,,,,,,,,,,,,,,,,,,,,,,,,,,,,,,,
14,14,,,,,,,97,54,71,14,255.6,2730,10801,41,0,8.2,0.8;8.8;2.5;3.1;1.1;0.3;40.2;38.8;7.6;4.5;29.9;57.5;1.1;0.3;0.3;0.0;0.0;0.0;0.0;0.8;0.3;0.0;0.0;0.0,38.11,0.1,0.01,0.04,14.49,0.678,585.0,1757.0,4,16,,,,,,,,,,,,,,,,,,,,,,,,,,,,,,,,,,,,,,,,,,,,,,,,,,,,,,,,,,,,,
14,15,,,,,,,97,62,71,13,256.2,2730,10801,41,0,8.4,0.6;6.1;2.8;1.7;0.9;0.3;34.9;39.5;6.2;5.1;38.8;61.6;0.9;1.4;0.0;0.0;0.0;0.0;0.0;0.0;0.0;0.0;0.0;0.0,38.08,0.1,0.0,0.05,14.49,0.678,18115.0,16845.0,4,16,,,,,,,,,,,,,,,,,,,,,,,,,,,,,,,,,,,,,,,,,,,,,,,,,,,,,,,,,,,,,
14,16,,,,,,,97,68,73,14,259.8,2730,10801,41,0,8.4,1.4;9.3;1.7;2.5;1.1;0.0;65.5;25.7;6.2;5.7;19.8;56.2;1.7;1.1;0.3;0.0;0.6;0.0;0.6;0.6;0.6;0.0;0.0;0.0,38.09,0.1,0.0,0.06,14.49,0.678,0.0,8300.0,4,16,,,,,,,,,,,,,,,,,,,,,,,,,,,,,,,,,,,,,,,,,,,,,,,,,,,,,,,,,,,,,
14,17,,,,,,,97,71,72,13,258.1,2730,10801,41,0,8.4,1.4;8.9;1.1;2.0;2.0;1.1;39.2;48.0;4.8;8.7;27.3;51.5;0.6;0.8;0.0;0.3;0.8;0.6;0.0;0.0;0.3;0.6;0.6;0.0,38.09,0.1,0.0,0.03,14.49,0.678,11621.0,120214.0,4,16,,,,,,,,,,,,,,,,,,,,,,,,,,,,,,,,,,,,,,,,,,,,,,,,,,,,,,,,,,,,,
14,18,,,,,,,97,73,72,15,254.7,2730,10801,41,0,6.9,0.9;8.2;0.6;1.1;0.0;1.1;28.9;53.1;2.8;5.7;27.8;33.1;0.6;0.0;0.0;0.0;0.0;0.0;0.3;0.0;0.3;0.6;0.0;0.3,38.05,0.1,0.0,0.06,14.49,0.678,634.0,2050.0,4,16,,,,,,,,,,,,,,,,,,,,,,,,,,,,,,,,,,,,,,,,,,,,,,,,,,,,,,,,,,,,,
14,19,,,,,,,97,61,71,11,256.7,2730,10801,41,0,5.7,0.3;7.2;0.7;1.7;0.0;0.0;41.5;17.7;3.1;3.1;10.2;50.7;0.7;0.3;0.0;0.0;0.0;0.0;0.0;0.0;0.0;0.0;0.0;0.0,38.06,0.1,0.0,0.07,14.49,0.678,341.0,1416.0,4,16,,,,,,,,,,,,,,,,,,,,,,,,,,,,,,,,,,,,,,,,,,,,,,,,,,,,,,,,,,,,,
14,summary,0.47409005316570124,0.9600355940839188,0.4778206340686826,0.9546156974379829,0.01966693,110.2,,,,,,,,,,,,,,,,,,,,,,96,98.37,100,54,65.47,82,67,71.42,74,11,13.11,15,179.2,252.58,259.8,2730.0,10801.0,40.6,0,5.7,10.37,51.3,38.05,38.1,38.15,63.16,0.1,0.1,0.1,21.12,0.0,0.0,0.01,0.02,0.42,4.27,6.37,13.812,14.49,14.49,14.49,15.992,0.678,0.68,0.678,0.0,2877.74,18115.0,0.0,10047.84,120214.0,4,4.0,4,16,16.0,16,4,16,3.57,95.36
15,1,,,,,,,0,0,66,15,177.1,2745,10801,41,0,51.5,73.6;79.4;89.4;90.0;82.7;80.8;95.4;96.2;68.4;73.6;94.5;95.9;44.3;44.7;6.2;7.2;23.8;28.0;3.6;4.6;15.1;16.8;10.3;10.3,38.16,0.1,0.0,0.03,14.49,0.678,1562.0,5322.0,4,16,,,,,,,,,,,,,,,,,,,,,,,,,,,,,,,,,,,,,,,,,,,,,,,,,,,,,,,,,,,,,
15,2,,,,,,,100,58,70,12,256.8,2730,10801,40,0,7.9,1.4;6.9;0.6;2.3;0.6;0.8;43.3;25.8;8.2;4.2;30.0;63.5;0.6;0.3;0.3;0.0;0.3;0.0;0.0;0.0;0.0;0.0;0.0;0.0,38.15,0.1,0.01,1.16,14.49,0.678,2392.0,5419.0,4,16,,,,,,,,,,,,,,,,,,,,,,,,,,,,,,,,,,,,,,,,,,,,,,,,,,,,,,,,,,,,,
15,3,,,,,,,100,59,69,11,254.4,2730,10801,40,0,8.5,0.8;6.9;2.0;2.3;0.8;1.1;39.8;44.4;6.8;6.2;33.5;50.4;0.9;0.3;0.3;0.3;0.0;1.1;0.0;0.0;0.3;0.0;3.3;0.6,38.15,0.1,0.0,1.47,14.49,0.678,10205.0,1367.0,4,16,,,,,,,,,,,,,,,,,,,,,,,,,,,,,,,,,,,,,,,,,,,,,,,,,,,,,,,,,,,,,
15,4,,,,,,,97,54,71,11,254.9,2730,10801,40,0,8.1,1.4;9.3;0.3;3.4;1.1;0.8;28.5;59.8;5.1;7.4;43.5;32.1;0.6;0.0;0.0;0.0;0.0;0.3;0.3;0.3;0.0;0.0;0.0;0.3,38.13,0.1,0.0,4.89,14.49,0.678,878.0,1611.0,4,16,,,,,,,,,,,,,,,,,,,,,,,,,,,,,,,,,,,,,,,,,,,,,,,,,,,,,,,,,,,,,
15,5,,,,,,,97,56,70,13,258.5,2730,10801,40,0,8.7,1.1;10.6;2.3;2.8;0.9;1.1;43.3;35.6;4.2;7.1;30.6;63.3;1.4;0.9;0.0;0.0;0.0;0.3;0.6;0.6;0.3;1.1;0.6;0.0,38.13,0.1,0.0,0.05,14.49,0.678,0.0,6982.0,4,16,,,,,,,,,,,,,,,,,,,,,,,,,,,,,,,,,,,,,,,,,,,,,,,,,,,,,,,,,,,,,
15,6,,,,,,,97,60,70,12,257.6,2730,10801,41,0,8.5,2.3;9.0;3.7;1.4;0.6;0.3;50.7;33.2;2.8;7.9;30.9;55.4;1.4;0.9;0.0;0.0;0.0;0.3;0.0;0.0;0.3;0.6;0.0;0.3,38.11,0.1,0.0,0.03,14.49,0.678,1220.0,5810.0,4,16,,,,,,,,,,,,,,,,,,,,,,,,,,,,,,,,,,,,,,,,,,,,,,,,,,,,,,,,,,,,,
15,7,,,,,,,97,71,72,12,253.5,2730,10801,41,0,8.2,0.6;7.4;1.7;2.8;0.6;0.0;39.1;53.3;5.9;5.1;43.4;33.1;0.8;0.6;0.0;0.0;0.0;0.0;0.3;0.6;0.6;0.6;0.0;0.6,38.11,0.1,0.0,0.06,14.49,0.678,732.0,1660.0,4,16,,,,,,,,,,,,,,,,,,,,,,,,,,,,,,,,,,,,,,,,,,,,,,,,,,,,,,,,,,,,,
15,8,,,,,,,97,78,73,14,256.1,2730,10801,41,0,7.7,1.4;6.9;1.7;0.9;0.3;0.9;30.4;54.0;2.3;4.5;31.5;48.7;0.9;0.0;0.0;0.0;0.0;0.0;0.0;0.0;0.0;0.0;0.6;0.0,38.11,0.1,0.0,0.06,14.49,0.678,1123.0,1367.0,4,16,,,,,,,,,,,,,,,,,,,,,,,,,,,,,,,,,,,,,,,,,,,,,,,,,,,,,,,,,,,,,
15,9,,,,,,,97,79,72,14,257.4,2730,10801,40,0,9.1,3.7;7.1;2.5;2.3;1.4;1.4;39.7;30.0;5.9;4.8;32.4;72.9;1.1;1.1;0.6;0.0;0.9;0.3;7.2;1.1;0.3;0.6;0.3;0.3,38.11,0.1,0.0,0.04,14.49,0.678,1220.0,5957.0,4,16,,,,,,,,,,,,,,,,,,,,,,,,,,,,,,,,,,,,,,,,,,,,,,,,,,,,,,,,,,,,,
15,10,,,,,,,97,77,72,14,255.5,2730,10801,41,0,8.2,0.6;12.0;1.4;2.0;0.8;0.3;72.2;17.5;5.4;6.2;26.3;48.9;0.8;0.8;0.3;0.0;0.3;0.0;0.0;0.0;0.3;0.3;0.0;0.3,38.11,0.1,0.0,0.04,14.49,0.678,976.0,1660.0,4,16,,,,,,,,,,,,,,,,,,,,,,,,,,,,,,,,,,,,,,,,,,,,,,,,,,,,,,,,,,,,,
15,11,,,,,,,98,81,72,14,253.7,2730,10801,41,0,7.9,1.7;5.0;2.0;1.7;1.1;0.3;40.5;52.4;5.4;4.5;39.1;34.6;0.0;0.3;0.0;0.0;0.0;0.0;0.0;0.0;0.3;0.6;0.0;0.0,38.12,0.1,0.0,0.06,14.49,0.678,976.0,781.0,4,16,,,,,,,,,,,,,,,,,,,,,,,,,,,,,,,,,,,,,,,,,,,,,,,,,,,,,,,,,,,,,
15,12,,,,,,,100,81,72,13,256.6,2730,10801,40,0,8.6,1.4;8.5;1.7;2.8;1.1;2.0;37.8;45.3;5.4;8.5;28.6;60.8;0.9;0.9;0.0;0.0;0.0;0.0;0.0;0.0;0.0;0.6;0.0;0.3,38.14,0.1,0.0,0.02,14.49,0.678,1611.0,1464.0,4,16,,,,,,,,,,,,,,,,,,,,,,,,,,,,,,,,,,,,,,,,,,,,,,,,,,,,,,,,,,,,,
15,13,,,,,,,100,82,73,19,258.0,2730,10801,40,0,8.4,1.4;7.7;3.7;1.4;2.0;1.4;25.7;42.4;7.3;6.2;35.3;62.8;2.3;0.3;0.0;0.0;0.6;0.0;0.0;0.0;0.3;0.3;0.6;0.3,38.12,0.1,0.01,0.08,14.49,0.678,2685.0,5712.0,4,16,,,,,,,,,,,,,,,,,,,,,,,,,,,,,,,,,,,,,,,,,,,,,,,,,,,,,,,,,,,,,
15,14,,,,,,,100,66,68,19,255.2,2730,10801,41,0,8.4,2.5;5.3;2.3;2.3;0.6;1.7;53.5;43.8;4.3;6.8;32.9;41.9;0.6;0.8;0.0;0.3;1.1;0.0;0.0;0.0;0.3;0.8;0.0;0.0,38.13,0.1,0.0,0.06,14.49,0.678,2392.0,2929.0,4,16,,,,,,,,,,,,,,,,,,,,,,,,,,,,,,,,,,,,,,,,,,,,,,,,,,,,,,,,,,,,,
15,15,,,,,,,100,54,71,13,253.4,2730,10801,41,0,7.9,0.3;8.7;2.0;2.5;0.6;0.6;45.7;40.8;4.5;4.8;33.8;41.2;0.9;1.1;0.0;0.0;0.0;0.0;0.0;0.0;0.0;1.4;0.0;0.0,38.11,0.1,0.0,0.05,14.495,0.683,1513.0,1757.0,4,16,,,,,,,,,,,,,,,,,,,,,,,,,,,,,,,,,,,,,,,,,,,,,,,,,,,,,,,,,,,,,
15,16,,,,,,,100,57,71,12,257.4,2730,10801,41,0,8.2,0.8;12.0;1.4;1.7;0.3;0.8;35.4;33.0;2.8;5.1;32.2;70.0;0.3;0.3;0.0;0.0;0.0;0.0;0.0;0.0;0.0;0.0;0.0;0.0,38.11,0.1,0.0,0.04,14.49,0.678,2539.0,5468.0,4,16,,,,,,,,,,,,,,,,,,,,,,,,,,,,,,,,,,,,,,,,,,,,,,,,,,,,,,,,,,,,,
15,17,,,,,,,100,60,70,12,258.8,2730,10801,41,0,8.7,1.7;11.8;3.4;2.2;0.6;1.4;35.5;49.6;4.5;6.8;30.4;51.8;2.0;1.1;0.6;0.0;1.1;0.8;0.0;0.0;1.7;2.8;0.0;0.3,38.1,0.1,0.0,0.07,14.49,0.678,1513.0,5419.0,4,16,,,,,,,,,,,,,,,,,,,,,,,,,,,,,,,,,,,,,,,,,,,,,,,,,,,,,,,,,,,,,
15,18,,,,,,,97,62,71,11,255.4,2730,10801,41,0,6.6,0.9;5.5;1.1;1.7;0.9;2.0;69.9;16.5;4.3;3.4;27.3;22.4;1.1;0.9;0.0;0.0;0.0;0.0;0.0;0.0;0.0;0.0;0.6;0.0,38.08,0.1,0.0,0.03,14.49,0.678,3466.0,48.0,4,16,,,,,,,,,,,,,,,,,,,,,,,,,,,,,,,,,,,,,,,,,,,,,,,,,,,,,,,,,,,,,
15,19,,,,,,,98,79,71,15,253.7,2730,10801,41,0,5.9,0.7;9.1;1.7;1.0;0.7;0.7;35.5;23.1;1.7;2.4;16.0;44.6;0.0;0.0;0.3;0.7;0.0;0.0;0.0;0.0;0.3;0.0;0.7;0.7,38.07,0.1,0.0,0.01,14.49,0.678,878.0,1611.0,4,16,,,,,,,,,,,,,,,,,,,,,,,,,,,,,,,,,,,,,,,,,,,,,,,,,,,,,,,,,,,,,
15,summary,0.4713867109328172,0.9609469748616782,0.4596039643128648,0.963237088247255,0.01961051,110.1,,,,,,,,,,,,,,,,,,,,,,0,93.26,100,0,63.89,82,66,70.74,73,11,13.47,19,177.1,251.79,258.8,2730.8,10801.0,40.6,0,5.9,10.37,51.5,38.07,38.12,38.16,63.16,0.1,0.1,0.1,21.12,0.0,0.0,0.01,0.01,0.43,4.89,6.37,13.812,14.49,14.49,14.495,15.992,0.678,0.68,0.683,0.0,1993.74,10205.0,48.0,3281.26,6982.0,4,4.0,4,16,16.0,16,4,16,3.44,95.37
16,1,,,,,,,0,0,60,16,185.0,2745,10801,41,0,51.7,70.5;79.1;90.6;91.4;83.3;82.2;98.4;97.7;74.9;78.6;92.7;93.9;41.5;45.8;7.9;7.9;19.1;21.8;4.1;4.8;16.6;19.1;9.3;8.9,38.14,0.1,0.0,0.04,14.49,0.678,2148.0,5712.0,4,16,,,,,,,,,,,,,,,,,,,,,,,,,,,,,,,,,,,,,,,,,,,,,,,,,,,,,,,,,,,,,
16,2,,,,,,,100,59,71,13,257.3,2730,10801,40,0,7.8,2.2;6.3;0.8;2.0;0.6;0.6;48.3;54.5;5.3;4.2;31.2;30.2;0.3;0.6;0.0;0.0;0.0;0.0;0.3;0.0;0.0;0.0;0.0;0.0,38.12,0.1,0.01,3.03,14.49,0.678,16357.0,19091.0,4,16,,,,,,,,,,,,,,,,,,,,,,,,,,,,,,,,,,,,,,,,,,,,,,,,,,,,,,,,,,,,,
16,3,,,,,,,97,72,68,12,254.0,2730,10801,40,0,8.2,2.0;5.3;1.4;2.0;0.6;0.6;28.3;33.8;6.0;8.5;41.1;64.6;0.6;1.4;0.0;0.0;0.0;0.0;0.0;0.0;0.0;0.0;0.0;0.0,38.12,0.1,0.01,2.19,14.49,0.678,1464.0,2001.0,4,16,,,,,,,,,,,,,,,,,,,,,,,,,,,,,,,,,,,,,,,,,,,,,,,,,,,,,,,,,,,,,
16,4,,,,,,,97,78,71,14,254.8,2730,10801,40,0,8.1,1.1;5.0;3.1;2.0;2.0;1.4;39.4;28.5;7.9;5.4;28.3;68.6;1.1;0.3;0.3;0.0;0.0;0.0;0.0;0.0;0.0;0.6;0.0;0.0,38.13,0.1,0.0,2.01,14.49,0.678,2246.0,683.0,4,16,,,,,,,,,,,,,,,,,,,,,,,,,,,,,,,,,,,,,,,,,,,,,,,,,,,,,,,,,,,,,
16,5,,,,,,,97,78,70,15,258.5,2730,10801,40,0,8.7,1.7;8.0;2.3;3.1;1.4;1.1;58.0;49.6;7.4;4.3;27.5;36.2;2.0;2.5;0.3;0.0;0.0;0.9;0.6;0.0;1.7;0.6;0.3;0.3,38.1,0.1,0.0,1.52,14.49,0.678,1464.0,7128.0,4,16,,,,,,,,,,,,,,,,,,,,,,,,,,,,,,,,,,,,,,,,,,,,,,,,,,,,,,,,,,,,,
16,6,,,,,,,96,76,70,13,257.0,2730,10801,40,0,8.4,1.7;6.6;2.3;1.4;1.4;0.8;33.1;55.0;4.8;4.5;33.6;53.1;1.1;0.8;0.0;0.3;0.0;0.0;0.0;0.0;0.0;0.0;0.6;0.6,38.11,0.1,0.0,1.47,14.49,0.678,21142.0,90722.0,4,16,,,,,,,,,,,,,,,,,,,,,,,,,,,,,,,,,,,,,,,,,,,,,,,,,,,,,,,,,,,,,
16,7,,,,,,,97,73,69,15,254.2,2730,10801,40,0,8.1,0.6;9.2;1.4;1.1;0.6;0.3;36.6;29.5;6.2;4.0;41.6;59.9;1.1;0.9;0.0;0.0;0.3;0.0;0.3;0.6;0.0;0.0;0.6;0.0,38.08,0.1,0.03,4.36,14.49,0.678,1464.0,1708.0,4,16,,,,,,,,,,,,,,,,,,,,,,,,,,,,,,,,,,,,,,,,,,,,,,,,,,,,,,,,,,,,,
16,8,,,,,,,97,76,69,18,255.6,2730,10801,40,0,8.7,3.4;9.0;2.8;2.8;1.1;1.4;39.4;43.3;4.5;5.9;34.7;55.1;2.0;1.1;0.0;0.0;0.3;0.0;0.3;0.0;0.0;0.0;1.1;0.3,38.08,0.1,0.0,0.07,14.49,0.678,2099.0,22119.0,4,16,,,,,,,,,,,,,,,,,,,,,,,,,,,,,,,,,,,,,,,,,,,,,,,,,,,,,,,,,,,,,
16,9,,,,,,,100,81,71,19,257.8,2730,10801,40,0,8.4,2.5;9.0;3.7;2.8;0.8;0.6;37.2;58.2;7.3;5.4;24.4;46.8;1.1;0.8;0.0;0.0;0.0;0.0;0.0;0.6;0.0;0.0;0.0;0.0,38.07,0.1,0.0,0.09,14.49,0.678,1269.0,5615.0,4,16,,,,,,,,,,,,,,,,,,,,,,,,,,,,,,,,,,,,,,,,,,,,,,,,,,,,,,,,,,,,,
16,10,,,,,,,91,71,70,14,254.2,2730,10801,40,0,8.1,0.6;8.7;2.0;1.4;1.1;0.0;42.0;34.7;6.2;6.8;28.0;59.3;0.6;0.3;0.0;0.0;0.0;0.3;0.0;0.0;0.0;1.1;0.6;0.0,38.06,0.1,0.0,0.05,14.49,0.678,341.0,120410.0,4,16,,,,,,,,,,,,,,,,,,,,,,,,,,,,,,,,,,,,,,,,,,,,,,,,,,,,,,,,,,,,,
16,11,,,,,,,95,75,70,19,256.1,2730,10801,40,0,8.1,1.1;7.7;2.8;1.7;0.6;0.3;21.5;43.3;4.5;4.5;41.5;60.2;1.1;1.7;0.3;0.3;0.0;0.3;0.3;0.3;0.0;0.0;1.1;0.0,38.07,0.1,0.0,0.07,14.49,0.678,1562.0,0.0,4,16,,,,,,,,,,,,,,,,,,,,,,,,,,,,,,,,,,,,,,,,,,,,,,,,,,,,,,,,,,,,,
16,12,,,,,,,100,77,70,20,257.9,2730,10801,40,0,8.3,1.7;6.6;3.9;1.7;1.4;0.3;51.8;32.4;5.6;5.9;37.3;44.9;1.1;0.6;0.3;0.0;0.3;0.6;0.0;0.0;0.6;0.3;0.3;0.3,38.08,0.1,0.0,0.02,14.49,0.678,537.0,108349.0,4,16,,,,,,,,,,,,,,,,,,,,,,,,,,,,,,,,,,,,,,,,,,,,,,,,,,,,,,,,,,,,,
16,13,,,,,,,100,64,73,12,256.6,2730,10801,40,0,8.1,0.0;6.9;3.1;1.7;0.6;0.3;49.0;38.4;7.9;6.5;23.2;51.8;1.1;1.1;0.0;0.0;0.3;0.3;0.0;0.0;0.0;0.0;1.4;0.9,38.07,0.1,0.0,0.03,14.49,0.678,2636.0,5419.0,4,16,,,,,,,,,,,,,,,,,,,,,,,,,,,,,,,,,,,,,,,,,,,,,,,,,,,,,,,,,,,,,
16,14,,,,,,,100,56,73,11,254.4,2730,10801,40,0,8.1,0.8;10.2;2.0;2.0;0.3;1.1;33.7;34.7;4.5;4.2;37.4;62.0;0.8;0.8;0.0;0.0;0.3;0.6;0.0;0.0;0.0;0.6;0.0;0.0,38.07,0.1,0.0,0.02,14.49,0.678,976.0,1513.0,4,16,,,,,,,,,,,,,,,,,,,,,,,,,,,,,,,,,,,,,,,,,,,,,,,,,,,,,,,,,,,,,
16,15,,,,,,,100,54,73,12,256.9,2730,10801,40,0,8.3,1.4;7.4;4.5;1.1;1.4;0.8;23.4;45.2;3.7;5.9;34.4;65.3;0.8;0.8;0.0;0.0;0.0;0.3;0.6;0.0;0.8;0.6;0.0;0.0,38.07,0.1,0.0,0.03,14.49,0.678,0.0,1757.0,4,16,,,,,,,,,,,,,,,,,,,,,,,,,,,,,,,,,,,,,,,,,,,,,,,,,,,,,,,,,,,,,
16,16,,,,,,,97,62,73,11,258.6,2730,10801,40,0,9.1,2.8;9.3;5.9;3.7;1.7;2.3;55.5;35.7;6.5;6.8;33.4;46.5;1.4;1.1;0.0;0.0;0.8;0.6;0.8;1.1;0.9;0.3;0.6;0.6,38.07,0.1,0.0,0.05,14.49,0.678,1416.0,15039.0,4,16,,,,,,,,,,,,,,,,,,,,,,,,,,,,,,,,,,,,,,,,,,,,,,,,,,,,,,,,,,,,,
16,17,,,,,,,97,67,70,12,256.3,2730,10801,40,0,8.7,3.1;6.6;4.2;3.9;1.1;1.1;46.3;31.9;5.1;4.8;41.7;52.0;1.1;0.6;0.3;0.0;0.3;0.6;0.3;0.3;0.3;0.3;0.6;0.3,38.06,0.1,0.0,0.11,14.49,0.678,2392.0,5419.0,4,16,,,,,,,,,,,,,,,,,,,,,,,,,,,,,,,,,,,,,,,,,,,,,,,,,,,,,,,,,,,,,
16,18,,,,,,,97,73,69,11,254.6,2730,10801,40,0,6.5,1.1;6.3;2.5;1.7;1.1;0.8;30.7;39.3;3.4;3.9;16.3;49.3;0.6;0.0;0.0;0.0;0.0;0.0;0.0;0.0;0.0;0.0;0.6;0.0,38.06,0.1,0.0,0.04,14.49,0.678,341.0,7910.0,4,16,,,,,,,,,,,,,,,,,,,,,,,,,,,,,,,,,,,,,,,,,,,,,,,,,,,,,,,,,,,,,
16,19,,,,,,,97,68,70,14,256.4,2730,10801,41,0,6.8,1.7;10.1;3.4;1.7;0.7;0.0;50.3;40.3;5.1;3.4;24.2;17.7;0.3;0.3;0.7;0.7;0.0;0.0;0.0;0.0;0.3;0.0;1.0;0.3,38.07,0.1,0.03,0.3,14.49,0.678,0.0,1806.0,4,16,,,,,,,,,,,,,,,,,,,,,,,,,,,,,,,,,,,,,,,,,,,,,,,,,,,,,,,,,,,,,
16,summary,0.46778254168913147,0.9622458718756504,0.4676919332942908,0.9572590483936559,0.01954977,110.1,,,,,,,,,,,,,,,,,,,,,,0,92.37,100,0,66.32,81,60,70.0,73,11,14.26,20,185.0,252.43,258.6,2730.8,10801.0,40.1,0,6.5,10.43,51.7,38.06,38.09,38.14,63.16,0.1,0.1,0.1,21.12,0.0,0.0,0.03,0.02,0.82,4.36,6.37,13.812,14.49,14.49,14.49,15.992,0.678,0.68,0.678,0.0,3150.21,21142.0,0.0,22231.63,120410.0,4,4.0,4,16,16.0,16,4,16,3.52,95.34
17,1,,,,,,,6,3,66,16,154.9,2745,10801,40,0,50.8,71.6;75.9;86.9;88.9;83.4;83.0;97.0;96.7;73.3;79.6;93.8;95.4;41.2;43.8;5.1;5.4;22.5;24.7;3.7;3.9;13.0;11.1;8.8;9.3,38.14,0.1,0.0,0.04,14.49,0.678,2001.0,5566.0,4,16,,,,,,,,,,,,,,,,,,,,,,,,,,,,,,,,,,,,,,,,,,,,,,,,,,,,,,,,,,,,,
17,2,,,,,,,98,76,71,16,256.8,2730,10801,40,0,8.4,2.8;7.2;3.1;2.0;0.9;1.7;30.0;29.0;6.2;3.7;37.1;73.0;0.6;2.0;0.0;0.0;0.3;1.4;0.0;0.0;0.6;0.6;0.0;0.0,38.13,0.1,0.0,1.24,14.49,0.678,1269.0,14062.0,4,16,,,,,,,,,,,,,,,,,,,,,,,,,,,,,,,,,,,,,,,,,,,,,,,,,,,,,,,,,,,,,
17,3,,,,,,,100,75,69,14,253.8,2730,10801,40,0,8.0,2.2;5.8;2.5;2.2;0.6;0.6;48.7;40.3;3.9;5.9;29.2;45.8;1.1;0.6;0.0;0.0;0.0;0.0;0.0;0.0;0.0;0.3;0.0;0.0,38.13,0.1,0.0,1.48,14.49,0.678,341.0,341.0,4,16,,,,,,,,,,,,,,,,,,,,,,,,,,,,,,,,,,,,,,,,,,,,,,,,,,,,,,,,,,,,,
17,4,,,,,,,100,57,71,14,255.2,2730,10801,40,0,7.8,3.4;6.6;2.3;0.3;0.8;1.4;49.9;33.0;3.1;2.3;42.9;39.8;0.8;0.8;0.0;0.0;0.3;0.0;0.3;0.0;0.0;0.0;0.0;0.3,38.1,0.1,0.0,4.19,14.49,0.678,21435.0,7958.0,4,16,,,,,,,,,,,,,,,,,,,,,,,,,,,,,,,,,,,,,,,,,,,,,,,,,,,,,,,,,,,,,
17,5,,,,,,,100,58,70,14,258.0,2730,10801,40,0,7.7,0.9;2.8;1.4;0.9;0.3;0.3;37.4;34.8;6.5;3.1;39.8;51.4;1.4;1.4;0.0;0.0;0.0;0.0;0.0;0.0;0.0;0.0;0.0;0.0,38.1,0.1,0.0,0.06,14.49,0.678,878.0,5664.0,4,16,,,,,,,,,,,,,,,,,,,,,,,,,,,,,,,,,,,,,,,,,,,,,,,,,,,,,,,,,,,,,
17,6,,,,,,,100,58,70,13,257.2,2730,10801,40,0,7.9,1.4;8.2;3.7;2.0;0.8;0.3;47.6;31.8;5.6;5.6;41.1;40.8;1.1;0.8;0.0;0.0;0.0;0.0;0.0;0.0;0.0;0.0;0.0;0.0,38.1,0.1,0.0,0.02,14.49,0.678,1904.0,22949.0,4,16,,,,,,,,,,,,,,,,,,,,,,,,,,,,,,,,,,,,,,,,,,,,,,,,,,,,,,,,,,,,,
17,7,,,,,,,96,61,70,13,254.5,2730,10801,40,0,8.4,2.5;4.5;2.3;2.5;1.1;0.6;64.6;23.9;5.9;5.1;38.0;47.3;0.8;0.8;0.0;0.0;0.0;0.0;0.3;0.3;0.6;0.6;0.0;0.0,38.1,0.1,0.01,0.11,14.49,0.678,0.0,1416.0,4,16,,,,,,,,,,,,,,,,,,,,,,,,,,,,,,,,,,,,,,,,,,,,,,,,,,,,,,,,,,,,,
17,8,,,,,,,97,72,72,15,256.4,2730,10801,40,0,8.5,1.7;6.6;3.7;3.1;1.4;2.3;44.0;40.1;6.8;6.0;52.0;31.2;1.4;1.1;0.6;0.0;0.3;0.3;0.0;0.3;0.3;0.8;0.6;0.6,38.09,0.1,0.0,0.08,14.49,0.678,1660.0,0.0,4,16,,,,,,,,,,,,,,,,,,,,,,,,,,,,,,,,,,,,,,,,,,,,,,,,,,,,,,,,,,,,,
17,9,,,,,,,97,74,73,15,258.4,2730,10801,40,0,8.3,1.1;8.5;3.4;2.0;0.6;1.1;32.2;32.2;5.4;6.5;55.5;44.9;0.8;1.1;0.0;0.0;0.8;0.3;0.0;0.6;0.3;0.3;1.4;0.3,38.1,0.1,0.0,0.06,14.49,0.678,2343.0,5517.0,4,16,,,,,,,,,,,,,,,,,,,,,,,,,,,,,,,,,,,,,,,,,,,,,,,,,,,,,,,,,,,,,
17,10,,,,,,,96,75,72,19,257.2,2730,10801,40,0,7.9,1.1;8.5;2.5;1.4;0.8;0.8;56.2;20.4;4.2;5.4;39.2;45.3;1.4;1.4;0.0;0.0;0.3;0.3;0.0;0.0;0.3;0.0;0.3;0.0,38.06,0.1,0.0,0.07,14.49,0.678,634.0,1562.0,4,16,,,,,,,,,,,,,,,,,,,,,,,,,,,,,,,,,,,,,,,,,,,,,,,,,,,,,,,,,,,,,
17,11,,,,,,,97,77,73,12,253.6,2730,10801,40,0,8.3,1.1;6.6;2.5;1.7;0.8;0.6;51.3;39.7;7.1;3.1;36.3;44.9;1.1;0.6;0.0;0.0;0.0;0.0;0.0;0.0;0.3;0.3;0.3;0.0,38.07,0.1,0.0,0.18,14.49,0.678,146.0,2441.0,4,16,,,,,,,,,,,,,,,,,,,,,,,,,,,,,,,,,,,,,,,,,,,,,,,,,,,,,,,,,,,,,
17,12,,,,,,,97,77,71,11,256.9,2730,10801,40,0,8.0,2.5;6.4;2.6;1.7;0.9;0.0;34.1;40.7;4.3;2.3;44.9;47.6;1.4;1.1;0.0;0.0;0.0;0.6;0.0;0.3;0.0;0.6;0.0;0.0,38.07,0.1,0.0,0.03,14.49,0.678,781.0,97.0,4,16,,,,,,,,,,,,,,,,,,,,,,,,,,,,,,,,,,,,,,,,,,,,,,,,,,,,,,,,,,,,,
17,13,,,,,,,98,81,71,12,258.2,2730,10801,41,0,8.1,0.6;7.4;2.3;3.4;0.8;0.8;40.1;29.7;6.8;5.6;58.1;35.4;0.6;1.1;0.3;0.0;0.6;0.0;0.0;0.0;0.0;1.1;0.0;0.0,38.07,0.1,0.0,0.05,14.49,0.678,2441.0,5908.0,4,16,,,,,,,,,,,,,,,,,,,,,,,,,,,,,,,,,,,,,,,,,,,,,,,,,,,,,,,,,,,,,
17,14,,,,,,,100,77,74,11,256.2,2730,10801,40,0,8.3,3.4;6.6;2.5;2.0;1.7;0.8;72.0;33.2;5.4;3.7;37.0;27.5;0.8;0.9;0.0;0.0;0.0;0.3;0.0;0.3;0.0;0.8;0.6;0.3,38.07,0.1,0.0,0.07,14.49,0.678,1416.0,1953.0,4,16,,,,,,,,,,,,,,,,,,,,,,,,,,,,,,,,,,,,,,,,,,,,,,,,,,,,,,,,,,,,,
17,15,,,,,,,100,73,69,12,255.1,2700,10801,41,0,8.0,1.1;7.7;1.7;2.3;0.6;0.6;56.0;26.6;6.0;3.7;31.2;50.4;0.9;1.1;0.0;0.0;0.6;0.0;0.0;0.0;0.0;0.3;0.0;0.3,38.07,0.1,0.0,0.04,14.49,0.678,341.0,2099.0,4,16,,,,,,,,,,,,,,,,,,,,,,,,,,,,,,,,,,,,,,,,,,,,,,,,,,,,,,,,,,,,,
17,16,,,,,,,100,68,70,14,258.1,2730,10801,41,0,8.5,1.7;7.9;2.5;3.4;2.5;1.1;50.7;17.3;5.9;5.6;49.2;50.8;2.0;0.8;0.6;0.0;0.0;0.0;1.1;0.3;0.3;0.0;0.0;0.0,38.07,0.1,0.0,0.03,14.49,0.678,2832.0,6640.0,4,16,,,,,,,,,,,,,,,,,,,,,,,,,,,,,,,,,,,,,,,,,,,,,,,,,,,,,,,,,,,,,
17,17,,,,,,,100,66,69,14,258.0,2730,10801,41,0,8.0,0.8;7.9;1.7;0.3;0.6;1.1;51.8;40.8;4.5;5.4;38.6;36.6;0.6;0.8;0.0;0.0;0.0;0.0;0.0;0.0;0.0;0.6;0.0;0.0,38.08,0.1,0.0,0.04,14.49,0.678,1220.0,5517.0,4,16,,,,,,,,,,,,,,,,,,,,,,,,,,,,,,,,,,,,,,,,,,,,,,,,,,,,,,,,,,,,,
17,18,,,,,,,100,58,70,14,255.4,2730,10801,41,0,6.3,0.3;4.2;2.0;0.8;0.0;0.6;57.8;20.1;4.5;4.0;35.4;22.0;0.3;0.0;0.0;0.0;0.0;0.0;0.0;0.0;0.0;0.0;0.0;0.0,38.06,0.1,0.0,0.04,14.49,0.678,1416.0,9912.0,4,16,,,,,,,,,,,,,,,,,,,,,,,,,,,,,,,,,,,,,,,,,,,,,,,,,,,,,,,,,,,,,
17,19,,,,,,,97,75,72,13,255.2,2730,10801,41,0,5.9,1.4;8.2;2.0;0.3;0.7;0.0;15.0;34.1;2.0;3.1;23.7;50.3;0.0;0.0;0.0;0.0;0.0;0.0;0.0;0.0;0.0;0.0;0.0;0.0,38.07,0.1,0.0,0.03,14.49,0.678,1171.0,195.0,4,16,,,,,,,,,,,,,,,,,,,,,,,,,,,,,,,,,,,,,,,,,,,,,,,,,,,,,,,,,,,,,
17,summary,0.4661536563580901,0.9622745767820364,0.467249675580475,0.9592923952826352,0.01948474,110.3,,,,,,,,,,,,,,,,,,,,,,6,93.63,100,3,66.37,81,66,70.68,74,11,13.79,19,154.9,251.01,258.4,2729.2,10801.0,40.3,0,5.9,10.16,50.8,38.06,38.09,38.14,63.16,0.1,0.1,0.1,21.12,0.0,0.0,0.01,0.02,0.41,4.19,6.37,13.812,14.49,14.49,14.49,15.992,0.678,0.68,0.678,0.0,2327.84,21435.0,0.0,5252.47,22949.0,4,4.0,4,16,16.0,16,4,16,3.66,95.34
18,1,,,,,,,4,1,60,16,199.3,2745,10801,41,0,51.6,76.2;78.0;90.3;92.6;73.6;76.4;96.9;96.2;77.3;83.7;95.1;96.2;39.3;47.2;6.0;7.7;22.5;25.3;3.7;3.6;15.8;14.6;9.3;9.0,38.12,0.1,0.01,0.04,14.49,0.678,1708.0,5419.0,4,16,,,,,,,,,,,,,,,,,,,,,,,,,,,,,,,,,,,,,,,,,,,,,,,,,,,,,,,,,,,,,
18,2,,,,,,,96,76,71,15,256.9,2730,10801,41,0,8.2,2.5;5.6;2.3;2.3;0.8;0.3;51.7;35.5;5.9;5.4;45.5;34.7;1.4;1.7;0.0;0.0;0.3;0.0;0.0;0.0;0.0;0.6;0.0;0.3,38.11,0.1,0.02,1.15,14.49,0.678,1318.0,5419.0,4,16,,,,,,,,,,,,,,,,,,,,,,,,,,,,,,,,,,,,,,,,,,,,,,,,,,,,,,,,,,,,,
18,3,,,,,,,100,75,70,14,254.7,2730,10801,40,0,8.2,2.5;6.3;1.7;2.0;2.0;2.0;49.3;19.8;5.7;4.5;29.1;66.9;1.1;0.8;0.0;0.0;0.6;0.0;0.0;0.0;0.0;0.6;1.1;0.8,38.11,0.1,0.0,1.48,14.49,0.678,1660.0,1855.0,4,16,,,,,,,,,,,,,,,,,,,,,,,,,,,,,,,,,,,,,,,,,,,,,,,,,,,,,,,,,,,,,
18,4,,,,,,,100,60,70,14,253.6,2730,10801,40,0,9.8,0.8;7.1;1.7;0.9;0.0;0.6;52.1;27.3;7.1;2.3;65.1;37.5;0.9;0.6;0.0;0.0;0.0;0.0;23.1;7.4;0.0;0.0;0.6;0.3,37.25,0.13,0.0,8.66,14.49,0.678,1123.0,1855.0,4,16,,,,,,,,,,,,,,,,,,,,,,,,,,,,,,,,,,,,,,,,,,,,,,,,,,,,,,,,,,,,,
18,5,,,,,,,100,58,70,15,256.7,2730,10801,40,0,8.3,1.4;8.2;3.1;1.1;0.3;0.6;65.7;34.5;6.2;3.7;37.6;34.7;1.1;0.8;0.0;0.0;0.3;0.0;0.0;0.0;0.0;0.3;0.0;0.0,37.25,0.13,0.0,0.04,14.49,0.678,2343.0,5810.0,4,16,,,,,,,,,,,,,,,,,,,,,,,,,,,,,,,,,,,,,,,,,,,,,,,,,,,,,,,,,,,,,
18,6,,,,,,,100,56,71,14,257.9,2730,10801,40,0,8.1,0.6;7.7;2.5;2.0;0.3;0.6;58.5;26.8;6.5;6.8;31.0;48.3;1.4;0.8;0.0;0.0;0.3;0.0;0.0;0.3;0.0;0.3;0.3;0.0,37.26,0.13,0.0,0.12,14.49,0.678,2734.0,5859.0,4,16,,,,,,,,,,,,,,,,,,,,,,,,,,,,,,,,,,,,,,,,,,,,,,,,,,,,,,,,,,,,,
18,7,,,,,,,100,59,69,19,254.5,2730,10801,40,0,7.9,1.1;5.0;0.6;1.7;0.9;0.9;47.7;28.1;3.7;4.5;29.5;63.6;0.9;0.8;0.0;0.0;0.3;0.3;0.0;0.0;0.0;0.0;0.0;0.3,37.27,0.13,0.0,0.11,14.49,0.678,2832.0,1416.0,4,16,,,,,,,,,,,,,,,,,,,,,,,,,,,,,,,,,,,,,,,,,,,,,,,,,,,,,,,,,,,,,
18,8,,,,,,,97,75,70,11,256.1,2730,10801,40,0,8.0,1.7;7.7;3.7;1.1;0.9;0.6;59.4;38.4;5.1;3.7;25.8;42.2;0.6;0.6;0.0;0.0;0.0;0.0;0.0;0.0;0.0;0.6;0.0;0.3,37.27,0.13,2.66,0.05,14.49,0.678,2392.0,1708.0,4,16,,,,,,,,,,,,,,,,,,,,,,,,,,,,,,,,,,,,,,,,,,,,,,,,,,,,,,,,,,,,,
18,9,,,,,,,100,84,71,11,258.2,2730,10801,41,0,8.3,0.8;5.5;1.1;0.8;0.0;0.3;65.5;26.9;6.2;4.5;45.9;37.4;1.4;1.1;0.0;0.0;0.0;0.3;0.0;0.3;0.0;0.0;0.0;0.0,37.26,0.13,11.14,0.35,14.49,0.678,2197.0,5664.0,4,16,,,,,,,,,,,,,,,,,,,,,,,,,,,,,,,,,,,,,,,,,,,,,,,,,,,,,,,,,,,,,
18,10,,,,,,,100,74,71,11,257.1,2730,10801,41,0,8.7,2.5;10.9;2.0;1.1;0.9;1.7;46.3;37.7;5.9;5.9;39.4;45.0;1.7;1.4;0.0;0.8;1.1;0.3;0.3;0.3;0.6;0.3;1.7;0.0,37.26,0.13,0.0,0.02,14.49,0.678,2636.0,1660.0,4,16,,,,,,,,,,,,,,,,,,,,,,,,,,,,,,,,,,,,,,,,,,,,,,,,,,,,,,,,,,,,,
18,11,,,,,,,100,67,72,13,253.8,2730,10801,41,0,7.9,1.4;6.3;2.8;0.8;1.4;0.6;49.0;25.7;2.8;3.7;29.0;63.3;0.6;0.8;0.0;0.0;0.3;0.3;0.0;0.0;0.3;0.3;0.0;0.3,37.26,0.13,0.0,0.07,14.49,0.678,488.0,781.0,4,16,,,,,,,,,,,,,,,,,,,,,,,,,,,,,,,,,,,,,,,,,,,,,,,,,,,,,,,,,,,,,
18,12,,,,,,,88,70,71,13,257.3,2730,10801,41,0,8.3,2.0;6.9;1.1;2.0;0.6;1.1;58.1;25.9;5.4;4.8;52.4;32.7;1.1;1.1;0.0;0.3;0.0;0.6;0.0;0.0;0.9;0.9;0.0;0.0,37.27,0.13,0.0,0.02,14.49,0.678,1123.0,4687.0,4,16,,,,,,,,,,,,,,,,,,,,,,,,,,,,,,,,,,,,,,,,,,,,,,,,,,,,,,,,,,,,,
18,13,,,,,,,98,78,70,13,256.4,2730,10801,41,0,7.9,1.1;6.8;3.9;2.0;0.3;0.3;50.4;44.2;6.5;3.9;30.9;36.3;0.6;1.4;0.3;0.3;0.0;0.0;0.0;0.3;0.0;0.0;0.0;0.3,37.27,0.13,0.0,0.03,14.49,0.678,2343.0,5566.0,4,16,,,,,,,,,,,,,,,,,,,,,,,,,,,,,,,,,,,,,,,,,,,,,,,,,,,,,,,,,,,,,
18,14,,,,,,,100,65,73,13,254.3,2730,10801,41,0,8.6,2.3;8.2;3.4;2.8;0.6;0.6;36.6;34.4;4.5;4.2;33.4;67.7;1.4;0.8;0.3;0.3;0.3;0.3;0.3;0.3;0.3;0.8;1.4;0.3,37.26,0.13,0.0,0.2,14.49,0.678,1123.0,1464.0,4,16,,,,,,,,,,,,,,,,,,,,,,,,,,,,,,,,,,,,,,,,,,,,,,,,,,,,,,,,,,,,,
18,15,,,,,,,100,68,73,14,256.9,2730,10801,41,0,8.1,2.0;8.5;2.5;1.4;0.9;1.4;53.0;36.1;5.4;4.8;32.6;42.9;0.6;0.9;0.0;0.0;0.6;0.0;0.0;0.0;0.3;0.3;0.0;0.3,37.27,0.13,0.0,0.02,14.49,0.678,2587.0,341.0,4,16,,,,,,,,,,,,,,,,,,,,,,,,,,,,,,,,,,,,,,,,,,,,,,,,,,,,,,,,,,,,,
18,16,,,,,,,100,58,73,13,257.8,2730,10801,41,0,8.0,1.4;5.3;2.3;0.6;0.3;0.6;52.4;45.9;6.0;6.8;39.2;29.6;0.6;1.1;0.0;0.0;0.3;0.3;0.6;0.0;0.0;0.0;0.0;0.3,37.26,0.13,0.0,0.08,14.49,0.678,585.0,6884.0,4,16,,,,,,,,,,,,,,,,,,,,,,,,,,,,,,,,,,,,,,,,,,,,,,,,,,,,,,,,,,,,,
18,17,,,,,,,100,56,72,13,255.4,2730,10801,41,0,8.5,2.5;10.2;1.4;2.0;1.4;0.8;62.2;25.3;4.7;6.4;49.6;30.6;0.8;1.1;0.0;0.0;0.0;0.0;0.0;0.0;0.3;0.3;2.8;0.8,37.27,0.13,0.0,0.08,14.49,0.678,4003.0,5712.0,4,16,,,,,,,,,,,,,,,,,,,,,,,,,,,,,,,,,,,,,,,,,,,,,,,,,,,,,,,,,,,,,
18,18,,,,,,,97,72,70,13,255.0,2730,10801,41,0,7.0,1.7;6.1;2.5;2.3;2.0;0.8;16.8;47.9;5.4;2.5;32.7;44.6;0.6;0.6;0.0;0.3;0.3;0.3;0.3;0.0;0.3;0.0;0.3;0.3,37.27,0.13,0.0,0.01,14.49,0.678,1660.0,0.0,4,16,,,,,,,,,,,,,,,,,,,,,,,,,,,,,,,,,,,,,,,,,,,,,,,,,,,,,,,,,,,,,
18,19,,,,,,,100,58,73,14,255.2,2730,10801,41,0,6.0,0.7;6.6;2.0;1.0;0.3;1.0;27.3;20.5;2.7;3.4;59.9;16.3;0.7;0.7;0.0;0.0;0.0;0.0;0.3;0.3;0.3;0.0;0.0;0.0,37.26,0.13,0.0,0.03,14.49,0.678,1416.0,3076.0,4,16,,,,,,,,,,,,,,,,,,,,,,,,,,,,,,,,,,,,,,,,,,,,,,,,,,,,,,,,,,,,,
18,summary,0.4631998290687055,0.9633868919044988,0.4656638703704026,0.9591297275315169,0.01941546,110.1,,,,,,,,,,,,,,,,,,,,,,4,93.68,100,1,63.68,84,60,70.53,73,11,13.63,19,199.3,253.01,258.2,2730.8,10801.0,40.7,0,6.0,10.39,51.6,37.25,37.4,38.12,63.16,0.1,0.13,0.13,21.12,0.0,0.73,11.14,0.01,0.66,8.66,6.37,13.812,14.49,14.49,14.49,15.992,0.678,0.68,0.678,488.0,1909.0,4003.0,0.0,3430.32,6884.0,4,4.0,4,16,16.0,16,4,16,3.5,95.36
19,1,,,,,,,100,59,65,16,165.0,2730,10801,41,0,51.1,75.0;76.5;89.6;90.2;80.0;83.5;95.7;95.0;70.3;76.6;95.1;96.5;42.1;48.0;7.9;6.9;21.3;20.9;3.7;5.2;13.0;11.5;9.7;10.9,37.28,0.13,0.0,0.04,14.49,0.678,7666.0,120458.0,4,16,,,,,,,,,,,,,,,,,,,,,,,,,,,,,,,,,,,,,,,,,,,,,,,,,,,,,,,,,,,,,
19,2,,,,,,,96,54,71,12,256.3,2730,10801,40,0,8.4,1.4;7.4;5.1;3.1;0.8;0.3;42.8;36.3;5.1;4.0;41.2;49.4;0.6;1.1;0.0;0.0;0.0;0.3;0.0;0.0;0.6;0.0;0.8;0.0,37.27,0.13,0.0,1.17,14.49,0.678,1904.0,5615.0,4,16,,,,,,,,,,,,,,,,,,,,,,,,,,,,,,,,,,,,,,,,,,,,,,,,,,,,,,,,,,,,,
19,3,,,,,,,96,65,68,14,254.6,2730,10801,40,0,8.1,1.7;5.5;3.1;4.2;1.1;0.6;65.2;30.3;5.1;7.4;33.1;35.1;0.8;0.6;0.0;0.0;0.3;0.0;0.0;0.0;0.0;0.0;0.0;0.0,37.27,0.13,0.0,1.51,14.49,0.678,292.0,1806.0,4,16,,,,,,,,,,,,,,,,,,,,,,,,,,,,,,,,,,,,,,,,,,,,,,,,,,,,,,,,,,,,,
19,4,,,,,,,97,68,69,14,257.3,2730,10801,40,0,8.1,0.0;5.3;0.0;2.6;1.7;1.4;49.7;39.7;7.4;5.7;27.8;48.6;1.1;0.3;0.0;0.0;0.6;0.3;0.0;0.0;0.0;0.3;0.0;0.3,37.25,0.13,0.0,4.23,14.49,0.678,1416.0,1464.0,4,16,,,,,,,,,,,,,,,,,,,,,,,,,,,,,,,,,,,,,,,,,,,,,,,,,,,,,,,,,,,,,
19,5,,,,,,,96,67,69,14,258.6,2730,10801,40,0,8.9,3.1;10.4;2.3;4.5;2.0;2.0;43.6;39.8;7.9;3.7;45.2;44.0;0.6;2.3;0.3;0.3;0.3;0.0;0.0;0.0;0.6;0.8;0.3;0.3,37.25,0.13,0.01,0.02,14.49,0.678,976.0,6884.0,4,16,,,,,,,,,,,,,,,,,,,,,,,,,,,,,,,,,,,,,,,,,,,,,,,,,,,,,,,,,,,,,
19,6,,,,,,,97,71,69,14,255.2,2730,10801,41,0,8.4,0.8;9.0;3.4;1.4;1.1;0.8;61.1;33.3;5.9;4.0;29.7;43.8;2.0;0.8;0.0;0.3;0.6;0.0;0.0;0.6;0.6;0.8;0.6;0.0,37.24,0.13,0.0,0.08,14.49,0.678,1806.0,5810.0,4,16,,,,,,,,,,,,,,,,,,,,,,,,,,,,,,,,,,,,,,,,,,,,,,,,,,,,,,,,,,,,,
19,7,,,,,,,97,79,71,14,253.9,2730,10801,40,0,8.0,0.6;6.3;2.3;2.0;0.3;0.8;54.2;42.9;5.4;5.4;33.6;34.8;0.6;1.1;0.0;0.0;0.0;0.0;0.0;0.0;0.0;0.6;0.3;0.3,37.25,0.13,0.0,0.01,14.49,0.678,292.0,1757.0,4,16,,,,,,,,,,,,,,,,,,,,,,,,,,,,,,,,,,,,,,,,,,,,,,,,,,,,,,,,,,,,,
19,8,,,,,,,97,77,71,15,256.4,2730,10801,40,0,8.0,1.4;9.8;2.6;1.7;1.7;0.6;44.6;28.7;5.1;4.5;32.7;56.2;0.8;0.6;0.0;0.0;0.0;0.0;0.0;0.0;0.0;0.3;0.3;0.0,37.25,0.13,0.01,0.03,14.49,0.678,537.0,1367.0,4,16,,,,,,,,,,,,,,,,,,,,,,,,,,,,,,,,,,,,,,,,,,,,,,,,,,,,,,,,,,,,,
19,9,,,,,,,99,83,70,13,257.8,2730,10801,40,0,8.4,2.0;5.5;3.4;1.7;1.1;0.8;34.3;43.4;7.9;4.8;36.5;53.5;1.4;0.8;0.6;0.0;0.0;0.3;0.3;0.0;0.3;0.3;2.0;0.6,37.25,0.13,0.0,0.04,14.49,0.678,1708.0,5419.0,4,16,,,,,,,,,,,,,,,,,,,,,,,,,,,,,,,,,,,,,,,,,,,,,,,,,,,,,,,,,,,,,
19,10,,,,,,,100,70,69,15,255.1,2730,10801,40,0,8.3,0.3;7.9;2.5;2.5;2.5;2.5;44.6;38.7;5.6;4.5;34.4;46.6;2.0;1.1;0.3;0.0;0.6;0.8;0.0;0.0;0.0;0.6;0.0;0.0,37.23,0.13,0.0,0.01,14.49,0.678,244.0,1416.0,4,16,,,,,,,,,,,,,,,,,,,,,,,,,,,,,,,,,,,,,,,,,,,,,,,,,,,,,,,,,,,,,
19,11,,,,,,,100,61,70,18,253.7,2730,10801,41,0,8.5,1.4;5.6;2.8;3.1;1.1;0.6;46.4;36.8;5.1;8.5;33.6;50.4;1.4;1.4;0.6;1.1;0.6;0.8;0.3;0.3;0.0;0.8;0.3;0.6,37.23,0.13,0.0,0.08,14.49,0.678,830.0,1025.0,4,16,,,,,,,,,,,,,,,,,,,,,,,,,,,,,,,,,,,,,,,,,,,,,,,,,,,,,,,,,,,,,
19,12,,,,,,,100,61,70,13,257.3,2730,10801,40,0,7.9,1.1;7.7;1.1;1.1;0.3;0.3;33.9;44.1;4.0;5.7;53.0;34.6;0.9;1.7;0.0;0.3;0.0;0.0;0.0;0.0;0.0;0.0;0.0;0.0,37.23,0.13,0.0,0.03,14.49,0.678,0.0,1708.0,4,16,,,,,,,,,,,,,,,,,,,,,,,,,,,,,,,,,,,,,,,,,,,,,,,,,,,,,,,,,,,,,
19,13,,,,,,,100,56,71,11,257.3,2730,10801,40,0,8.5,1.7;7.9;2.0;2.5;0.8;0.3;46.6;33.4;4.2;5.4;59.3;33.1;1.7;1.1;0.0;0.0;0.0;0.0;0.9;0.3;0.3;0.3;0.0;0.0,37.23,0.13,0.0,0.02,14.49,0.678,1269.0,5517.0,4,16,,,,,,,,,,,,,,,,,,,,,,,,,,,,,,,,,,,,,,,,,,,,,,,,,,,,,,,,,,,,,
19,14,,,,,,,100,59,69,13,255.2,2730,10801,41,0,8.0,0.8;7.4;3.1;1.7;0.6;0.3;61.2;31.6;4.0;3.1;35.4;40.2;0.6;0.8;0.0;0.0;0.0;0.0;0.0;0.0;0.0;0.3;0.3;0.0,37.24,0.13,0.0,0.05,14.49,0.678,244.0,1806.0,4,16,,,,,,,,,,,,,,,,,,,,,,,,,,,,,,,,,,,,,,,,,,,,,,,,,,,,,,,,,,,,,
19,15,,,,,,,98,56,71,12,255.8,2730,10801,41,0,8.2,2.0;9.0;2.5;3.9;1.4;0.6;42.4;36.5;2.3;5.9;55.0;30.6;1.1;1.4;0.0;0.8;0.0;0.6;0.3;0.0;0.0;0.3;1.4;0.0,37.24,0.13,0.0,0.04,14.49,0.678,341.0,97.0,4,16,,,,,,,,,,,,,,,,,,,,,,,,,,,,,,,,,,,,,,,,,,,,,,,,,,,,,,,,,,,,,
19,16,,,,,,,96,65,71,12,258.9,2730,10801,41,0,8.7,2.3;7.2;1.7;3.7;1.1;1.4;38.4;38.4;7.3;4.8;38.8;57.9;0.9;1.1;0.0;0.0;0.0;0.6;0.0;0.0;0.6;0.0;1.1;0.3,37.24,0.13,0.0,0.04,14.49,0.678,1464.0,8007.0,4,16,,,,,,,,,,,,,,,,,,,,,,,,,,,,,,,,,,,,,,,,,,,,,,,,,,,,,,,,,,,,,
19,17,,,,,,,97,71,71,12,257.1,2730,10801,41,0,9.2,2.2;7.9;3.7;2.5;2.5;2.0;52.5;31.5;11.6;7.0;39.0;48.9;1.7;1.4;0.6;0.0;0.3;0.3;0.6;0.6;2.0;0.6;0.8;0.3,37.25,0.13,0.0,0.04,14.49,0.678,2392.0,5468.0,4,16,,,,,,,,,,,,,,,,,,,,,,,,,,,,,,,,,,,,,,,,,,,,,,,,,,,,,,,,,,,,,
19,18,,,,,,,97,76,73,13,255.0,2730,10801,41,0,6.4,0.3;6.1;1.4;1.7;1.1;0.6;32.9;34.0;2.5;5.4;36.8;29.7;0.8;0.9;0.0;0.0;0.0;0.3;0.3;0.0;0.0;0.0;0.0;0.0,37.23,0.13,0.0,0.02,14.49,0.678,976.0,146.0,4,16,,,,,,,,,,,,,,,,,,,,,,,,,,,,,,,,,,,,,,,,,,,,,,,,,,,,,,,,,,,,,
19,19,,,,,,,97,53,72,19,256.1,2730,10801,41,0,6.1,1.7;8.3;2.1;0.7;1.0;0.3;34.2;19.8;2.7;2.4;33.6;38.2;0.0;0.3;0.0;0.0;0.0;0.0;0.0;0.0;0.0;0.0;0.3;0.0,37.23,0.13,0.0,0.04,14.49,0.678,2587.0,1367.0,4,16,,,,,,,,,,,,,,,,,,,,,,,,,,,,,,,,,,,,,,,,,,,,,,,,,,,,,,,,,,,,,
19,summary,0.46118446819553793,0.9642265104162929,0.47209939067564444,0.9550630337535584,0.01934194,110.2,,,,,,,,,,,,,,,,,,,,,,96,97.89,100,53,65.84,83,65,70.0,73,11,13.89,19,165.0,251.4,258.9,2730.0,10801.0,40.5,0,6.1,10.38,51.1,37.23,37.25,37.28,63.16,0.13,0.13,0.13,21.12,0.0,0.0,0.01,0.01,0.39,4.23,6.37,13.812,14.49,14.49,14.49,15.992,0.678,0.68,0.678,0.0,1418.11,7666.0,97.0,9323.0,120458.0,4,4.0,4,16,16.0,16,4,16,3.56,95.34
20,1,,,,,,,0,0,58,16,177.1,2745,10801,41,0,51.4,77.7;80.1;89.0;90.0;76.3;78.2;96.4;96.2;76.4;80.3;93.9;94.2;40.3;43.0;6.2;7.6;24.4;25.7;3.6;4.0;12.8;15.5;8.5;9.3,37.3,0.13,0.0,0.04,14.49,0.678,2343.0,5371.0,4,16,,,,,,,,,,,,,,,,,,,,,,,,,,,,,,,,,,,,,,,,,,,,,,,,,,,,,,,,,,,,,
20,2,,,,,,,100,59,71,13,256.8,2730,10801,40,0,8.3,1.1;8.7;2.2;2.2;2.8;0.6;48.7;37.4;6.4;6.2;22.5;56.6;2.0;0.8;0.0;0.0;0.0;0.3;0.3;0.0;0.6;0.6;0.0;0.0,37.26,0.13,0.0,1.16,14.49,0.678,15820.0,5419.0,4,16,,,,,,,,,,,,,,,,,,,,,,,,,,,,,,,,,,,,,,,,,,,,,,,,,,,,,,,,,,,,,
20,3,,,,,,,97,67,72,12,253.7,2730,10801,40,0,9.6,4.8;11.7;5.4;3.1;1.4;1.1;35.6;36.4;8.4;5.7;67.0;39.9;1.4;1.1;0.3;0.0;0.3;0.6;0.0;0.0;0.3;0.6;2.8;1.7,37.25,0.13,0.0,1.47,14.49,0.678,1660.0,1464.0,4,16,,,,,,,,,,,,,,,,,,,,,,,,,,,,,,,,,,,,,,,,,,,,,,,,,,,,,,,,,,,,,
20,4,,,,,,,97,73,71,12,255.2,2730,10801,40,0,8.3,2.5;5.3;3.1;3.1;1.1;0.8;58.6;27.1;7.1;6.2;36.6;45.8;0.6;0.8;0.0;0.0;0.0;0.0;0.0;0.0;0.0;0.3;0.3;0.0,37.23,0.13,0.0,4.26,14.49,0.678,14746.0,48.0,4,16,,,,,,,,,,,,,,,,,,,,,,,,,,,,,,,,,,,,,,,,,,,,,,,,,,,,,,,,,,,,,
20,5,,,,,,,96,77,72,13,258.3,2730,10801,40,0,8.2,1.4;6.4;2.8;2.3;0.3;0.3;53.1;36.4;5.4;4.3;41.2;39.9;1.1;0.6;0.0;0.0;0.3;0.0;0.0;0.0;0.0;0.3;0.0;0.0,37.23,0.13,0.01,0.08,14.49,0.678,1513.0,5615.0,4,16,,,,,,,,,,,,,,,,,,,,,,,,,,,,,,,,,,,,,,,,,,,,,,,,,,,,,,,,,,,,,
20,6,,,,,,,97,73,71,13,256.8,2730,10801,40,0,9.3,4.8;10.1;3.1;3.4;2.0;0.6;31.5;41.2;6.8;3.7;52.2;52.2;2.3;0.8;0.3;0.0;0.8;0.8;0.0;0.6;1.7;1.4;1.4;1.4,37.25,0.13,0.02,0.12,14.49,0.678,27539.0,115380.0,4,16,,,,,,,,,,,,,,,,,,,,,,,,,,,,,,,,,,,,,,,,,,,,,,,,,,,,,,,,,,,,,
20,7,,,,,,,100,81,73,14,253.6,2730,10801,40,0,8.5,1.4;4.7;3.1;2.0;2.0;2.0;43.5;38.2;4.5;7.9;31.0;55.8;1.4;2.0;0.0;0.0;0.3;0.3;0.6;0.3;0.3;0.9;0.0;0.0,37.24,0.13,0.0,0.02,14.49,0.678,341.0,1367.0,4,16,,,,,,,,,,,,,,,,,,,,,,,,,,,,,,,,,,,,,,,,,,,,,,,,,,,,,,,,,,,,,
20,8,,,,,,,100,78,73,14,255.8,2730,10801,40,0,7.7,0.3;5.3;1.1;1.4;0.6;0.6;65.3;28.6;3.4;4.8;33.7;39.2;0.8;0.8;0.0;0.0;0.0;0.3;0.0;0.0;0.0;0.0;0.0;0.0,37.23,0.13,0.0,0.02,14.49,0.678,1367.0,439.0,4,16,,,,,,,,,,,,,,,,,,,,,,,,,,,,,,,,,,,,,,,,,,,,,,,,,,,,,,,,,,,,,
20,9,,,,,,,100,65,69,14,256.9,2730,10801,40,0,8.9,3.7;8.7;5.6;3.1;2.3;0.8;55.9;37.9;3.7;7.0;30.8;42.9;1.4;2.3;0.6;0.6;0.3;0.6;0.6;0.6;1.1;0.3;1.1;0.6,37.24,0.13,0.0,0.04,14.49,0.678,2685.0,5468.0,4,16,,,,,,,,,,,,,,,,,,,,,,,,,,,,,,,,,,,,,,,,,,,,,,,,,,,,,,,,,,,,,
20,10,,,,,,,100,53,69,14,256.5,2730,10801,40,0,8.2,1.1;6.1;3.1;1.4;1.1;0.8;42.9;36.3;5.6;5.4;37.7;49.2;2.3;1.1;0.0;0.3;0.0;0.3;0.3;0.0;0.0;0.3;0.3;0.3,37.24,0.13,0.0,0.06,14.49,0.678,537.0,488.0,4,16,,,,,,,,,,,,,,,,,,,,,,,,,,,,,,,,,,,,,,,,,,,,,,,,,,,,,,,,,,,,,
20,11,,,,,,,100,58,72,14,254.2,2730,10801,40,0,9.1,2.5;12.6;2.8;2.5;1.4;0.8;44.1;40.3;6.7;5.1;41.7;46.9;1.1;2.3;0.3;0.3;0.6;0.6;0.3;0.6;1.4;1.1;0.6;0.3,37.25,0.13,0.0,0.04,14.49,0.678,390.0,0.0,4,16,,,,,,,,,,,,,,,,,,,,,,,,,,,,,,,,,,,,,,,,,,,,,,,,,,,,,,,,,,,,,
20,12,,,,,,,100,54,71,13,258.0,2730,10801,40,0,8.4,1.4;5.8;3.9;4.0;2.0;1.1;52.3;29.6;4.2;4.2;44.2;43.2;1.1;1.1;0.3;0.0;0.3;0.6;0.3;0.0;0.3;0.3;0.0;0.6,37.24,0.13,0.0,0.05,14.49,0.678,585.0,1757.0,4,16,,,,,,,,,,,,,,,,,,,,,,,,,,,,,,,,,,,,,,,,,,,,,,,,,,,,,,,,,,,,,
20,13,,,,,,,100,57,71,15,255.7,2730,10801,40,0,8.2,1.4;8.7;2.0;2.0;0.3;1.1;43.4;31.6;7.9;6.5;47.5;40.4;0.6;1.4;0.3;0.0;0.6;0.0;0.0;0.0;0.3;0.3;0.0;0.3,37.23,0.13,0.0,0.03,14.49,0.678,1318.0,5810.0,4,16,,,,,,,,,,,,,,,,,,,,,,,,,,,,,,,,,,,,,,,,,,,,,,,,,,,,,,,,,,,,,
20,14,,,,,,,97,63,71,12,254.2,2730,10801,40,0,8.0,1.1;7.6;1.7;2.0;1.1;1.1;42.6;32.8;3.9;5.9;34.2;55.3;0.0;1.4;0.0;0.0;0.0;0.0;0.0;0.0;0.8;1.1;0.0;0.0,37.23,0.13,0.0,0.03,14.49,0.678,0.0,1757.0,4,16,,,,,,,,,,,,,,,,,,,,,,,,,,,,,,,,,,,,,,,,,,,,,,,,,,,,,,,,,,,,,
20,15,,,,,,,100,58,72,13,256.3,2730,10801,41,0,8.0,1.4;6.9;1.1;0.6;1.4;0.3;56.7;34.7;7.1;6.8;26.3;45.3;1.1;0.6;0.3;0.0;0.3;0.0;0.0;0.0;0.0;0.0;0.3;0.0,37.24,0.13,0.0,0.08,14.49,0.678,634.0,8691.0,4,16,,,,,,,,,,,,,,,,,,,,,,,,,,,,,,,,,,,,,,,,,,,,,,,,,,,,,,,,,,,,,
20,16,,,,,,,98,56,71,14,257.9,2730,10801,41,0,8.2,0.8;11.3;1.7;2.0;0.0;1.1;66.2;27.1;3.7;5.1;35.8;38.6;1.4;0.8;0.3;0.0;0.0;0.0;0.0;0.0;0.3;0.0;0.0;0.3,37.21,0.13,0.0,0.03,14.49,0.678,1513.0,114013.0,4,16,,,,,,,,,,,,,,,,,,,,,,,,,,,,,,,,,,,,,,,,,,,,,,,,,,,,,,,,,,,,,
20,17,,,,,,,97,65,69,14,255.7,2730,10801,41,0,8.0,0.6;9.7;2.0;2.3;0.3;1.4;41.2;28.6;4.8;3.7;51.3;45.9;0.3;0.6;0.0;0.0;0.0;0.0;0.0;0.0;0.0;0.0;0.0;0.0,37.24,0.13,0.0,0.02,14.49,0.678,1220.0,5908.0,4,16,,,,,,,,,,,,,,,,,,,,,,,,,,,,,,,,,,,,,,,,,,,,,,,,,,,,,,,,,,,,,
20,18,,,,,,,97,72,68,13,254.3,2730,10801,40,0,6.5,0.3;6.3;0.6;2.0;0.3;0.8;31.4;43.3;3.7;4.0;20.7;41.6;0.6;0.6;0.0;0.0;0.0;0.0;0.3;0.0;0.0;0.0;0.3;0.0,37.24,0.13,0.0,0.06,14.49,0.678,7519.0,100390.0,4,16,,,,,,,,,,,,,,,,,,,,,,,,,,,,,,,,,,,,,,,,,,,,,,,,,,,,,,,,,,,,,
20,19,,,,,,,99,57,71,15,254.5,2730,10801,41,0,6.7,2.0;7.3;1.4;1.4;1.0;1.0;45.1;29.4;4.1;3.1;45.1;13.9;0.7;1.0;0.0;0.3;0.3;0.0;0.0;0.3;2.0;0.7;0.0;0.7,37.24,0.13,0.0,0.05,14.49,0.678,878.0,1611.0,4,16,,,,,,,,,,,,,,,,,,,,,,,,,,,,,,,,,,,,,,,,,,,,,,,,,,,,,,,,,,,,,
20,summary,0.4593372906892338,0.9653603542185448,0.48034953131284014,0.9546563643757625,0.01926422,110.3,,,,,,,,,,,,,,,,,,,,,,0,93.42,100,0,61.37,81,58,70.26,73,12,13.58,16,177.1,251.66,258.3,2730.8,10801.0,40.3,0,6.5,10.5,51.4,37.21,37.24,37.3,63.16,0.13,0.13,0.13,21.12,0.0,0.0,0.02,0.02,0.4,4.26,6.37,13.812,14.49,14.49,14.49,15.992,0.678,0.68,0.678,0.0,4347.79,27539.0,0.0,20052.42,115380.0,4,4.0,4,16,16.0,16,4,16,3.7,95.34
21,1,,,,,,,48,36,58,17,158.2,2745,10801,40,0,50.8,74.5;77.1;88.5;89.0;78.2;80.3;96.6;96.7;69.5;78.0;95.3;94.0;45.8;47.2;5.2;4.8;21.1;22.1;4.3;4.3;13.6;13.3;9.4;9.6,37.31,0.13,0.0,0.05,14.49,0.678,1464.0,5419.0,4,16,,,,,,,,,,,,,,,,,,,,,,,,,,,,,,,,,,,,,,,,,,,,,,,,,,,,,,,,,,,,,
21,2,,,,,,,97,76,69,12,257.1,2730,10801,40,0,8.2,0.9;5.3;3.1;1.7;0.9;2.5;57.8;32.8;4.2;6.3;37.8;38.4;3.1;0.9;0.0;0.3;0.3;0.0;0.0;0.0;0.3;0.0;0.8;0.0,37.31,0.13,0.0,1.14,14.49,0.678,2343.0,5322.0,4,16,,,,,,,,,,,,,,,,,,,,,,,,,,,,,,,,,,,,,,,,,,,,,,,,,,,,,,,,,,,,,
21,3,,,,,,,97,77,69,12,253.2,2730,10801,40,0,8.6,2.2;8.2;2.8;1.4;2.0;1.4;58.9;39.4;6.2;6.5;36.4;34.4;1.1;1.4;0.3;0.3;0.0;0.6;0.3;0.3;0.6;0.3;0.3;0.0,37.29,0.13,0.0,1.5,14.49,0.678,1123.0,2685.0,4,16,,,,,,,,,,,,,,,,,,,,,,,,,,,,,,,,,,,,,,,,,,,,,,,,,,,,,,,,,,,,,
21,4,,,,,,,100,84,70,13,254.8,2730,10801,40,0,8.2,2.0;9.0;1.7;3.1;0.6;0.6;36.4;42.0;5.4;4.8;24.2;63.5;0.8;0.8;0.0;0.0;0.6;0.0;0.3;0.0;0.0;0.3;0.6;0.0,37.25,0.13,0.01,4.23,14.49,0.678,341.0,1806.0,4,16,,,,,,,,,,,,,,,,,,,,,,,,,,,,,,,,,,,,,,,,,,,,,,,,,,,,,,,,,,,,,
21,5,,,,,,,100,83,71,13,256.8,2730,10801,40,0,8.4,0.8;5.8;2.8;3.4;0.6;1.4;46.3;25.4;5.4;6.5;38.9;59.9;1.1;0.9;0.0;0.0;0.0;0.0;0.0;0.0;0.0;0.3;0.0;0.0,37.27,0.13,0.0,0.05,14.49,0.678,830.0,5664.0,4,16,,,,,,,,,,,,,,,,,,,,,,,,,,,,,,,,,,,,,,,,,,,,,,,,,,,,,,,,,,,,,
21,6,,,,,,,100,66,70,14,255.1,2730,10801,40,0,9.1,2.0;8.5;3.9;3.4;1.4;1.7;40.2;65.0;7.6;8.8;30.9;40.1;1.7;2.2;0.0;0.0;0.6;0.0;0.0;0.0;0.3;0.6;0.0;0.0,37.28,0.13,0.02,0.16,14.49,0.678,1220.0,5908.0,4,16,,,,,,,,,,,,,,,,,,,,,,,,,,,,,,,,,,,,,,,,,,,,,,,,,,,,,,,,,,,,,
21,7,,,,,,,100,58,72,13,253.3,2730,10801,40,0,8.1,1.4;11.5;1.4;2.0;0.8;0.6;47.2;44.6;5.9;5.1;28.8;42.1;1.1;0.3;0.0;0.0;0.3;0.0;0.6;0.0;0.3;0.0;0.0;0.0,37.29,0.13,0.0,0.05,14.49,0.678,488.0,1416.0,4,16,,,,,,,,,,,,,,,,,,,,,,,,,,,,,,,,,,,,,,,,,,,,,,,,,,,,,,,,,,,,,
21,8,,,,,,,100,58,73,14,255.8,2730,10801,40,0,8.7,2.8;9.1;2.8;1.7;0.6;1.4;34.8;36.3;4.8;4.8;33.8;68.6;1.4;1.1;0.0;0.0;0.0;0.3;0.3;0.0;1.1;1.1;0.0;0.0,37.29,0.13,0.01,0.04,14.49,0.678,1220.0,5517.0,4,16,,,,,,,,,,,,,,,,,,,,,,,,,,,,,,,,,,,,,,,,,,,,,,,,,,,,,,,,,,,,,
21,9,,,,,,,100,60,72,13,257.2,2730,10801,40,0,8.6,2.3;9.0;3.7;1.1;1.4;1.4;34.5;45.4;6.2;7.6;33.6;55.9;1.1;1.4;0.0;0.0;0.8;0.0;0.3;0.0;0.3;0.6;0.0;0.0,37.29,0.13,0.0,0.08,14.49,0.678,2343.0,5615.0,4,16,,,,,,,,,,,,,,,,,,,,,,,,,,,,,,,,,,,,,,,,,,,,,,,,,,,,,,,,,,,,,
21,10,,,,,,,98,56,70,15,255.1,2730,10801,40,0,7.9,0.6;9.8;2.3;1.1;0.8;0.0;62.9;32.8;2.3;4.5;38.2;32.0;1.1;1.4;0.0;0.0;0.0;0.0;0.0;0.0;0.0;0.0;0.6;0.0,37.3,0.13,0.0,0.09,14.49,0.678,1171.0,146.0,4,16,,,,,,,,,,,,,,,,,,,,,,,,,,,,,,,,,,,,,,,,,,,,,,,,,,,,,,,,,,,,,
21,11,,,,,,,97,68,71,13,253.8,2730,10801,40,0,8.8,3.1;9.0;4.0;3.7;1.1;1.4;45.7;32.2;6.5;4.5;36.4;57.1;0.8;1.1;0.3;0.0;0.3;0.3;0.3;0.3;0.3;0.6;0.3;0.6,37.29,0.13,0.0,0.07,14.49,0.678,292.0,390.0,4,16,,,,,,,,,,,,,,,,,,,,,,,,,,,,,,,,,,,,,,,,,,,,,,,,,,,,,,,,,,,,,
21,12,,,,,,,97,67,69,15,257.5,2730,10801,40,0,8.6,3.1;9.2;5.1;3.1;3.4;1.1;36.4;31.6;7.3;5.9;31.5;62.0;2.0;1.7;0.0;0.0;0.3;0.0;0.3;0.3;0.0;0.3;0.0;0.0,37.27,0.13,0.0,0.03,14.49,0.678,537.0,1660.0,4,16,,,,,,,,,,,,,,,,,,,,,,,,,,,,,,,,,,,,,,,,,,,,,,,,,,,,,,,,,,,,,
21,13,,,,,,,97,78,70,16,257.9,2730,10801,40,0,7.8,0.9;6.1;1.7;2.0;0.8;0.3;32.4;57.5;3.7;2.0;28.3;48.4;1.1;0.6;0.3;0.3;0.3;0.0;0.3;0.3;0.3;0.3;0.0;0.0,37.27,0.13,0.0,0.05,14.49,0.678,2099.0,5664.0,4,16,,,,,,,,,,,,,,,,,,,,,,,,,,,,,,,,,,,,,,,,,,,,,,,,,,,,,,,,,,,,,
21,14,,,,,,,97,75,72,15,253.4,2730,10801,40,0,8.6,2.0;11.8;7.0;2.5;0.8;1.1;49.9;41.0;6.5;4.2;30.6;43.8;0.8;1.1;0.0;0.3;0.6;0.8;0.0;0.3;0.0;1.1;0.3;0.0,37.25,0.13,0.0,0.03,14.49,0.678,781.0,1806.0,4,16,,,,,,,,,,,,,,,,,,,,,,,,,,,,,,,,,,,,,,,,,,,,,,,,,,,,,,,,,,,,,
21,15,,,,,,,98,79,71,20,253.5,2730,10801,40,0,8.6,3.4;9.3;1.7;1.1;0.8;0.6;35.7;28.2;5.6;7.3;46.0;60.6;0.9;0.9;0.0;0.0;1.1;0.0;0.3;0.3;0.0;0.0;1.1;0.0,37.26,0.13,0.0,0.03,14.49,0.678,976.0,2050.0,4,16,,,,,,,,,,,,,,,,,,,,,,,,,,,,,,,,,,,,,,,,,,,,,,,,,,,,,,,,,,,,,
21,16,,,,,,,100,84,72,12,256.8,2730,10801,40,0,8.2,0.3;6.9;2.8;2.0;0.9;0.8;28.0;53.4;5.4;6.8;26.7;60.1;0.6;1.1;0.0;0.0;0.0;0.0;0.0;0.0;0.0;0.6;0.0;0.0,37.26,0.13,0.0,0.04,14.49,0.678,2294.0,7373.0,4,16,,,,,,,,,,,,,,,,,,,,,,,,,,,,,,,,,,,,,,,,,,,,,,,,,,,,,,,,,,,,,
21,17,,,,,,,100,80,72,12,257.1,2730,10801,40,0,8.1,0.6;7.4;2.0;2.5;0.6;0.6;54.7;33.0;5.7;6.8;30.5;46.0;0.8;1.1;0.0;0.0;0.0;0.0;0.0;0.0;0.3;0.0;0.0;0.0,37.26,0.13,0.0,0.07,14.49,0.678,2832.0,5615.0,4,16,,,,,,,,,,,,,,,,,,,,,,,,,,,,,,,,,,,,,,,,,,,,,,,,,,,,,,,,,,,,,
21,18,,,,,,,100,66,71,11,253.7,2730,10801,40,0,6.7,0.0;7.7;1.4;0.6;0.6;0.6;21.9;40.8;4.0;4.5;21.0;55.8;0.3;0.3;0.0;0.0;0.3;0.3;0.6;0.0;0.0;0.0;0.6;0.0,37.25,0.13,0.0,0.05,14.49,0.678,3222.0,0.0,4,16,,,,,,,,,,,,,,,,,,,,,,,,,,,,,,,,,,,,,,,,,,,,,,,,,,,,,,,,,,,,,
21,19,,,,,,,97,57,69,13,253.1,2730,10801,40,0,6.3,0.3;6.0;2.4;2.4;1.0;0.7;22.5;49.0;5.8;4.4;16.4;36.1;0.3;0.0;0.0;0.0;0.3;1.0;0.0;0.0;0.3;0.3;2.0;0.0,37.26,0.13,0.0,0.09,14.49,0.678,0.0,1806.0,4,16,,,,,,,,,,,,,,,,,,,,,,,,,,,,,,,,,,,,,,,,,,,,,,,,,,,,,,,,,,,,,
21,summary,0.4570914975317849,0.965755046681354,0.46494497740448076,0.9579910532736885,0.01918234,110.2,,,,,,,,,,,,,,,,,,,,,,48,95.95,100,36,68.84,84,58,70.05,73,11,13.84,20,158.2,250.18,257.9,2730.8,10801.0,40.0,0,6.3,10.44,50.8,37.25,37.28,37.31,63.16,0.13,0.13,0.13,21.12,0.0,0.0,0.02,0.03,0.41,4.23,6.37,13.812,14.49,14.49,14.49,15.992,0.678,0.68,0.678,0.0,1346.11,3222.0,0.0,3466.42,7373.0,4,4.0,4,16,16.0,16,4,16,3.61,95.33
22,1,,,,,,,0,0,60,17,182.6,2745,10801,40,0,51.5,78.9;80.3;90.7;90.4;77.0;79.2;96.3;97.7;75.3;79.0;94.3;96.1;43.8;44.3;8.2;7.2;21.2;21.9;4.5;3.6;11.4;12.4;10.1;10.8,37.28,0.13,0.01,0.03,14.49,0.678,24804.0,21679.0,4,16,,,,,,,,,,,,,,,,,,,,,,,,,,,,,,,,,,,,,,,,,,,,,,,,,,,,,,,,,,,,,
22,2,,,,,,,100,54,69,15,257.4,2730,10801,40,0,8.5,1.4;5.8;2.3;1.4;1.1;1.4;48.6;32.5;6.8;7.6;39.4;48.3;0.6;0.9;0.0;0.0;0.3;1.1;0.0;0.0;1.1;0.3;0.3;0.6,37.26,0.13,0.01,1.2,14.49,0.678,1757.0,5468.0,4,16,,,,,,,,,,,,,,,,,,,,,,,,,,,,,,,,,,,,,,,,,,,,,,,,,,,,,,,,,,,,,
22,3,,,,,,,100,57,71,14,253.5,2730,10801,39,0,8.0,0.8;8.2;1.1;2.8;0.6;0.8;29.3;35.7;3.9;4.8;33.2;67.0;0.8;0.0;0.3;0.0;0.6;0.6;0.3;0.0;0.0;0.6;0.0;0.3,37.25,0.13,0.0,1.48,14.49,0.678,2441.0,292.0,4,16,,,,,,,,,,,,,,,,,,,,,,,,,,,,,,,,,,,,,,,,,,,,,,,,,,,,,,,,,,,,,
22,4,,,,,,,97,73,71,13,253.5,2730,10801,39,0,8.6,2.0;12.1;4.2;3.1;1.1;1.4;37.5;52.5;4.8;2.3;32.3;46.5;0.8;0.8;0.3;0.3;0.6;0.0;0.3;0.6;0.3;0.8;2.0;0.0,37.23,0.13,0.01,4.23,14.49,0.678,781.0,341.0,4,16,,,,,,,,,,,,,,,,,,,,,,,,,,,,,,,,,,,,,,,,,,,,,,,,,,,,,,,,,,,,,
22,5,,,,,,,97,77,73,14,258.6,2730,10801,40,0,8.2,1.4;7.4;3.7;1.1;1.1;0.6;50.1;38.3;5.9;3.1;32.9;45.0;0.6;1.1;0.0;0.0;0.0;0.3;0.0;0.0;0.3;1.7;0.6;0.0,37.23,0.13,0.01,0.09,14.49,0.678,1464.0,5468.0,4,16,,,,,,,,,,,,,,,,,,,,,,,,,,,,,,,,,,,,,,,,,,,,,,,,,,,,,,,,,,,,,
22,6,,,,,,,97,75,71,14,256.5,2730,10801,40,0,8.4,2.0;10.0;2.5;1.4;0.6;1.4;24.6;41.5;6.5;6.2;28.2;70.2;1.1;1.1;0.6;0.0;0.8;0.6;0.0;0.0;0.8;0.3;0.3;0.6,37.22,0.13,0.0,0.02,14.49,0.678,1708.0,5908.0,4,16,,,,,,,,,,,,,,,,,,,,,,,,,,,,,,,,,,,,,,,,,,,,,,,,,,,,,,,,,,,,,
22,7,,,,,,,100,79,72,14,253.8,2730,10801,40,0,8.1,0.9;7.7;2.8;2.0;0.6;0.6;51.4;36.6;6.0;4.0;28.1;51.3;0.6;0.6;0.0;0.0;0.0;0.0;0.3;0.9;0.0;0.0;0.6;0.0,37.23,0.13,0.0,0.06,14.49,0.678,1416.0,3222.0,4,16,,,,,,,,,,,,,,,,,,,,,,,,,,,,,,,,,,,,,,,,,,,,,,,,,,,,,,,,,,,,,
22,8,,,,,,,100,76,72,13,255.8,2730,10801,39,0,8.2,1.7;8.2;2.6;1.4;0.3;0.6;58.6;53.0;4.5;4.3;19.3;39.4;0.0;0.8;0.0;0.0;0.0;0.0;0.0;0.0;0.6;0.0;0.6;0.6,37.23,0.13,0.0,0.05,14.49,0.678,292.0,2050.0,4,16,,,,,,,,,,,,,,,,,,,,,,,,,,,,,,,,,,,,,,,,,,,,,,,,,,,,,,,,,,,,,
22,9,,,,,,,100,72,69,19,258.0,2730,10801,40,0,8.2,1.7;8.2;2.0;2.8;1.1;0.3;57.3;36.3;3.9;3.9;23.1;50.1;2.0;2.3;0.0;0.0;0.3;0.0;0.0;0.0;0.3;0.0;0.0;0.0,37.23,0.13,0.0,0.03,14.49,0.678,2734.0,5810.0,4,16,,,,,,,,,,,,,,,,,,,,,,,,,,,,,,,,,,,,,,,,,,,,,,,,,,,,,,,,,,,,,
22,10,,,,,,,100,59,70,14,255.8,2730,10801,40,0,8.0,0.9;7.4;2.3;1.1;1.1;0.8;39.7;39.3;4.5;3.1;34.8;53.8;0.8;1.4;0.0;0.0;0.0;0.0;0.0;0.0;0.0;0.0;0.0;0.0,37.23,0.13,0.0,0.02,14.49,0.678,341.0,1660.0,4,16,,,,,,,,,,,,,,,,,,,,,,,,,,,,,,,,,,,,,,,,,,,,,,,,,,,,,,,,,,,,,
22,11,,,,,,,100,60,72,20,253.4,2730,10801,40,0,8.1,1.4;5.8;2.5;0.8;0.6;0.6;60.6;30.0;6.8;4.5;38.9;38.8;1.4;0.6;0.0;0.0;0.0;0.0;0.0;0.6;0.0;0.0;0.9;0.0,37.23,0.13,0.0,0.03,14.49,0.678,634.0,1074.0,4,16,,,,,,,,,,,,,,,,,,,,,,,,,,,,,,,,,,,,,,,,,,,,,,,,,,,,,,,,,,,,,
22,12,,,,,,,100,58,70,12,256.8,2730,10801,40,0,8.0,0.6;8.4;3.4;2.0;0.6;1.1;36.5;58.6;7.4;5.1;29.1;34.6;0.8;0.6;0.0;0.3;0.0;0.0;0.3;0.0;0.0;0.0;0.6;0.3,37.24,0.13,0.0,0.02,14.49,0.678,1416.0,4150.0,4,16,,,,,,,,,,,,,,,,,,,,,,,,,,,,,,,,,,,,,,,,,,,,,,,,,,,,,,,,,,,,,
22,13,,,,,,,100,64,69,11,256.3,2730,10801,40,0,8.4,2.8;6.8;2.8;3.1;0.6;1.7;22.1;47.6;7.1;4.2;46.5;55.1;0.8;0.6;0.0;0.0;0.0;0.0;0.0;0.0;0.0;0.3;0.0;0.0,37.25,0.13,0.0,0.04,14.49,0.678,2636.0,5468.0,4,16,,,,,,,,,,,,,,,,,,,,,,,,,,,,,,,,,,,,,,,,,,,,,,,,,,,,,,,,,,,,,
22,14,,,,,,,100,55,71,11,254.6,2730,10801,40,0,7.9,1.1;5.3;1.7;1.1;0.8;1.1;42.3;41.1;3.1;4.0;32.2;52.7;0.6;0.8;0.0;0.0;0.0;0.0;0.0;0.0;0.3;0.3;0.3;0.3,37.22,0.13,0.02,0.15,14.49,0.678,1416.0,0.0,4,16,,,,,,,,,,,,,,,,,,,,,,,,,,,,,,,,,,,,,,,,,,,,,,,,,,,,,,,,,,,,,
22,15,,,,,,,100,57,71,11,257.6,2730,10801,40,0,8.2,0.8;5.8;2.3;1.4;0.9;0.6;49.4;44.6;6.2;4.5;28.7;48.0;1.1;1.1;0.3;0.0;0.3;0.0;0.0;0.0;0.3;0.0;0.3;0.0,37.23,0.13,0.0,0.01,14.49,0.678,2392.0,1562.0,4,16,,,,,,,,,,,,,,,,,,,,,,,,,,,,,,,,,,,,,,,,,,,,,,,,,,,,,,,,,,,,,
22,16,,,,,,,100,59,72,13,258.0,2730,10801,40,0,8.8,2.8;11.4;3.7;2.6;2.8;2.3;38.2;45.5;6.2;5.4;41.6;45.3;0.6;1.1;0.0;0.0;0.6;0.3;0.0;0.0;0.0;0.3;0.0;0.3,37.22,0.13,0.0,0.05,14.49,0.678,1464.0,6494.0,4,16,,,,,,,,,,,,,,,,,,,,,,,,,,,,,,,,,,,,,,,,,,,,,,,,,,,,,,,,,,,,,
22,17,,,,,,,100,56,70,13,256.3,2730,10801,40,0,8.3,0.8;9.5;1.7;1.7;0.9;1.1;33.6;41.5;6.5;5.4;38.7;56.5;1.1;0.3;0.0;0.0;0.0;0.0;0.0;0.0;0.0;0.6;0.0;0.0,37.22,0.13,0.0,0.04,14.49,0.678,15966.0,21093.0,4,16,,,,,,,,,,,,,,,,,,,,,,,,,,,,,,,,,,,,,,,,,,,,,,,,,,,,,,,,,,,,,
22,18,,,,,,,97,55,72,13,254.6,2730,10801,40,0,6.8,1.4;6.9;1.7;1.4;0.3;1.4;47.2;29.3;5.4;5.1;13.3;46.3;0.3;0.9;0.0;0.0;0.6;0.3;0.0;0.0;0.6;0.3;1.1;0.0,37.22,0.13,0.0,0.03,14.49,0.678,878.0,1611.0,4,16,,,,,,,,,,,,,,,,,,,,,,,,,,,,,,,,,,,,,,,,,,,,,,,,,,,,,,,,,,,,,
22,19,,,,,,,100,55,71,15,254.9,2730,10801,41,0,6.3,1.0;5.0;3.1;1.0;0.3;1.7;40.5;22.5;4.8;3.7;44.2;19.8;0.7;0.7;0.0;0.0;0.0;0.0;0.0;0.0;0.3;0.3;0.3;0.0,37.21,0.13,0.0,0.05,14.49,0.678,13330.0,16943.0,4,16,,,,,,,,,,,,,,,,,,,,,,,,,,,,,,,,,,,,,,,,,,,,,,,,,,,,,,,,,,,,,
22,summary,0.45733959094277093,0.9654105878047206,0.47087498838312986,0.956079707198048,0.01909634,110.1,,,,,,,,,,,,,,,,,,,,,,0,94.11,100,0,60.05,79,60,70.32,73,11,14.0,20,182.6,252.0,258.6,2730.8,10801.0,39.9,0,6.3,10.34,51.5,37.21,37.23,37.28,63.16,0.13,0.13,0.13,21.12,0.0,0.0,0.02,0.01,0.4,4.23,6.37,13.812,14.49,14.49,14.49,15.992,0.678,0.68,0.678,292.0,4098.42,24804.0,0.0,5804.89,21679.0,4,4.0,4,16,16.0,16,4,16,3.49,95.34
23,1,,,,,,,76,36,62,17,205.8,2730,10801,40,0,51.4,78.3;79.3;91.7;89.3;73.5;77.5;95.6;95.8;73.2;77.9;93.3;95.9;43.5;44.4;6.3;6.2;25.3;27.6;3.2;5.3;14.6;16.1;9.5;10.3,37.28,0.13,0.01,0.04,14.49,0.678,20751.0,5615.0,4,16,,,,,,,,,,,,,,,,,,,,,,,,,,,,,,,,,,,,,,,,,,,,,,,,,,,,,,,,,,,,,
23,2,,,,,,,97,76,69,15,257.3,2730,10801,40,0,8.2,1.4;6.6;1.4;1.1;1.4;0.3;62.9;35.1;7.1;6.5;33.8;35.8;1.4;0.9;0.0;0.0;0.6;0.3;0.6;0.3;0.3;0.3;0.0;0.0,37.25,0.13,0.01,1.15,14.49,0.678,1855.0,5712.0,4,16,,,,,,,,,,,,,,,,,,,,,,,,,,,,,,,,,,,,,,,,,,,,,,,,,,,,,,,,,,,,,
23,3,,,,,,,99,81,70,14,253.4,2730,10801,40,0,8.0,0.8;4.7;1.1;0.8;0.8;0.6;45.9;39.8;6.2;2.8;37.7;44.9;1.1;1.1;0.0;0.6;0.6;0.0;0.0;0.6;0.6;0.3;0.6;0.0,37.25,0.13,0.01,1.48,14.49,0.678,0.0,1757.0,4,16,,,,,,,,,,,,,,,,,,,,,,,,,,,,,,,,,,,,,,,,,,,,,,,,,,,,,,,,,,,,,
23,4,,,,,,,100,76,73,14,254.2,2730,10801,40,0,8.7,2.0;8.0;2.8;2.5;0.3;1.1;41.1;38.6;4.5;4.8;37.0;63.3;0.3;0.6;0.0;0.0;0.0;0.6;0.3;0.3;0.0;0.0;0.3;0.6,37.23,0.13,0.0,4.28,14.49,0.678,1416.0,195.0,4,16,,,,,,,,,,,,,,,,,,,,,,,,,,,,,,,,,,,,,,,,,,,,,,,,,,,,,,,,,,,,,
23,5,,,,,,,100,72,71,17,257.1,2730,10801,40,0,8.6,2.3;9.2;3.4;1.4;2.0;2.0;42.0;43.2;7.7;2.6;31.6;52.9;1.7;0.9;0.0;0.3;0.3;0.3;0.0;0.6;0.3;0.3;0.3;0.3,37.22,0.13,0.0,0.02,14.49,0.678,1660.0,6591.0,4,16,,,,,,,,,,,,,,,,,,,,,,,,,,,,,,,,,,,,,,,,,,,,,,,,,,,,,,,,,,,,,
23,6,,,,,,,80,65,71,19,249.1,2730,10801,40,0,8.2,2.0;6.6;2.0;1.7;1.7;0.8;48.9;46.3;4.2;7.1;38.8;34.4;0.8;0.8;0.0;0.0;0.0;0.0;0.6;0.3;0.0;0.6;0.0;0.0,37.22,0.13,0.0,0.03,14.49,0.678,2343.0,5419.0,4,16,,,,,,,,,,,,,,,,,,,,,,,,,,,,,,,,,,,,,,,,,,,,,,,,,,,,,,,,,,,,,
23,7,,,,,,,100,83,72,19,253.9,2730,10801,40,0,7.7,0.6;6.6;0.3;1.4;0.6;0.8;34.8;57.8;5.1;2.8;31.9;41.2;0.8;0.6;0.0;0.0;0.0;0.0;0.0;0.0;0.0;0.0;0.0;0.0,37.22,0.13,0.0,0.06,14.49,0.678,1416.0,1464.0,4,16,,,,,,,,,,,,,,,,,,,,,,,,,,,,,,,,,,,,,,,,,,,,,,,,,,,,,,,,,,,,,
23,8,,,,,,,100,71,71,12,258.0,2730,10801,40,0,8.5,2.3;7.9;1.7;2.6;1.7;0.9;47.0;26.6;7.3;6.8;31.2;62.6;1.1;0.8;0.0;0.3;0.3;1.1;0.0;0.0;0.9;0.0;0.6;0.8,37.22,0.13,0.0,0.02,14.49,0.678,390.0,1855.0,4,16,,,,,,,,,,,,,,,,,,,,,,,,,,,,,,,,,,,,,,,,,,,,,,,,,,,,,,,,,,,,,
23,9,,,,,,,100,66,71,11,256.9,2730,10801,41,0,8.3,0.8;7.7;2.3;2.8;0.3;0.6;44.2;43.8;5.4;5.6;47.9;34.8;0.8;0.6;0.0;0.0;0.0;0.3;0.0;0.3;0.0;0.0;0.3;0.0,37.23,0.13,0.01,0.06,14.49,0.678,1660.0,7177.0,4,16,,,,,,,,,,,,,,,,,,,,,,,,,,,,,,,,,,,,,,,,,,,,,,,,,,,,,,,,,,,,,
23,10,,,,,,,100,55,72,12,254.2,2730,10801,40,0,8.3,2.3;6.4;1.7;2.3;0.8;2.0;46.3;49.4;5.1;5.3;35.5;37.9;0.6;0.3;0.0;0.0;0.0;0.0;0.0;0.0;0.0;1.4;0.3;0.3,37.22,0.13,0.0,0.03,14.49,0.678,292.0,1660.0,4,16,,,,,,,,,,,,,,,,,,,,,,,,,,,,,,,,,,,,,,,,,,,,,,,,,,,,,,,,,,,,,
23,11,,,,,,,100,60,73,11,255.3,2730,10801,41,0,7.9,0.6;7.4;1.7;2.8;0.8;1.1;41.0;26.8;7.1;5.7;20.6;73.4;0.8;0.8;0.0;0.0;0.0;0.0;0.0;0.0;0.0;0.0;0.0;0.0,37.23,0.13,0.0,0.03,14.49,0.678,244.0,781.0,4,16,,,,,,,,,,,,,,,,,,,,,,,,,,,,,,,,,,,,,,,,,,,,,,,,,,,,,,,,,,,,,
23,12,,,,,,,100,57,72,11,257.9,2730,10801,41,0,8.0,0.9;8.2;1.4;1.1;0.8;0.6;57.8;31.1;3.4;4.5;31.2;47.5;0.8;0.6;0.0;0.0;0.0;0.3;0.0;0.0;0.8;0.3;0.3;0.0,37.22,0.13,0.0,0.07,14.49,0.678,1464.0,0.0,4,16,,,,,,,,,,,,,,,,,,,,,,,,,,,,,,,,,,,,,,,,,,,,,,,,,,,,,,,,,,,,,
23,13,,,,,,,97,54,72,11,256.8,2730,10801,41,0,8.2,1.7;6.9;1.4;3.4;0.3;0.8;30.3;55.9;6.8;7.9;32.9;45.1;1.1;0.3;0.0;0.0;0.6;0.0;0.0;0.0;0.3;0.0;0.0;0.3,37.22,0.13,0.0,0.03,14.49,0.678,2392.0,5615.0,4,16,,,,,,,,,,,,,,,,,,,,,,,,,,,,,,,,,,,,,,,,,,,,,,,,,,,,,,,,,,,,,
23,14,,,,,,,97,68,70,14,253.5,2730,10801,41,0,8.3,1.4;7.1;3.1;3.4;0.8;1.7;27.5;57.3;5.4;5.4;36.0;48.0;1.1;1.1;0.0;0.0;0.0;0.0;0.0;0.0;0.0;0.3;0.0;0.0,37.22,0.13,0.0,0.03,14.49,0.678,1660.0,0.0,4,16,,,,,,,,,,,,,,,,,,,,,,,,,,,,,,,,,,,,,,,,,,,,,,,,,,,,,,,,,,,,,
23,15,,,,,,,97,78,71,13,255.9,2730,10801,41,0,8.0,0.9;9.8;1.4;1.4;0.3;0.3;45.0;26.1;7.1;6.3;21.4;70.5;0.9;0.0;0.6;0.0;0.0;0.0;0.0;0.0;0.0;0.6;0.0;0.0,37.22,0.13,0.0,0.02,14.49,0.678,341.0,292.0,4,16,,,,,,,,,,,,,,,,,,,,,,,,,,,,,,,,,,,,,,,,,,,,,,,,,,,,,,,,,,,,,
23,16,,,,,,,97,79,71,14,257.5,2730,10801,41,0,9.0,1.4;7.7;3.1;3.1;1.7;1.4;41.7;48.9;7.9;7.3;32.8;48.2;0.8;0.3;0.0;0.3;0.0;0.0;6.9;1.1;0.0;0.6;0.6;0.0,36.95,0.13,0.02,0.77,14.49,0.678,1806.0,15966.0,4,16,,,,,,,,,,,,,,,,,,,,,,,,,,,,,,,,,,,,,,,,,,,,,,,,,,,,,,,,,,,,,
23,17,,,,,,,97,73,69,12,255.0,2730,10801,41,0,8.8,0.3;8.2;5.1;2.8;1.7;1.7;46.0;43.1;9.0;7.6;47.7;32.7;1.4;1.1;0.0;0.3;0.0;0.6;0.3;0.0;0.6;0.6;0.3;0.0,36.94,0.13,0.0,0.09,14.49,0.678,1220.0,5664.0,4,16,,,,,,,,,,,,,,,,,,,,,,,,,,,,,,,,,,,,,,,,,,,,,,,,,,,,,,,,,,,,,
23,18,,,,,,,100,82,71,14,253.3,2730,10801,41,0,7.1,1.1;8.5;1.7;1.7;0.6;0.9;23.1;34.7;3.7;3.4;39.5;46.5;1.1;0.6;0.0;0.0;0.0;0.9;0.0;0.0;0.0;0.9;0.3;0.0,36.93,0.13,0.01,0.07,14.49,0.678,1464.0,0.0,4,16,,,,,,,,,,,,,,,,,,,,,,,,,,,,,,,,,,,,,,,,,,,,,,,,,,,,,,,,,,,,,
23,19,,,,,,,97,74,70,14,254.1,2730,10801,41,0,6.0,0.7;10.0;2.0;0.7;0.7;0.3;14.3;44.2;2.4;4.8;36.9;25.7;0.3;0.3;0.0;0.0;0.0;0.0;0.0;0.7;0.0;0.7;0.0;0.0,36.93,0.13,0.0,0.02,14.49,0.678,0.0,1855.0,4,16,,,,,,,,,,,,,,,,,,,,,,,,,,,,,,,,,,,,,,,,,,,,,,,,,,,,,,,,,,,,,
23,summary,0.4543890418461856,0.9668314806708337,0.4728447598332843,0.958235054900366,0.01900625,110.1,,,,,,,,,,,,,,,,,,,,,,76,96.53,100,36,68.74,83,62,70.58,73,11,13.89,19,205.8,252.59,258.0,2730.0,10801.0,40.5,0,6.0,10.38,51.4,36.93,37.17,37.28,63.16,0.13,0.13,0.13,21.12,0.0,0.0,0.02,0.02,0.44,4.28,6.37,13.812,14.49,14.49,14.49,15.992,0.678,0.68,0.678,0.0,2230.21,20751.0,0.0,3558.84,15966.0,4,4.0,4,16,16.0,16,4,16,3.52,95.34
24,1,,,,,,,100,54,68,17,177.1,2730,10801,41,0,51.4,75.9;79.1;92.2;91.8;78.8;80.6;96.2;96.4;74.0;80.0;95.4;97.2;41.3;48.7;5.7;5.1;20.3;22.3;4.0;4.3;13.1;13.7;8.2;7.6,37.01,0.13,0.0,0.06,14.49,0.678,2197.0,5566.0,4,16,,,,,,,,,,,,,,,,,,,,,,,,,,,,,,,,,,,,,,,,,,,,,,,,,,,,,,,,,,,,,
24,2,,,,,,,100,57,70,16,256.3,2730,10801,40,0,8.0,0.6;7.4;1.4;1.4;1.7;1.1;46.6;19.2;4.5;3.4;31.6;68.6;1.1;1.4;0.0;0.3;0.0;0.6;0.0;0.6;0.6;0.3;0.3;0.6,37.0,0.13,0.0,1.23,14.49,0.678,2343.0,5517.0,4,16,,,,,,,,,,,,,,,,,,,,,,,,,,,,,,,,,,,,,,,,,,,,,,,,,,,,,,,,,,,,,
24,3,,,,,,,97,67,72,14,253.7,2730,10801,40,0,8.1,1.1;8.2;0.6;1.1;0.3;0.6;45.3;34.8;4.5;3.7;36.5;52.1;1.1;1.4;0.3;0.0;0.3;0.3;0.3;0.0;0.6;1.1;0.0;0.6,36.99,0.13,0.01,1.48,14.49,0.678,33886.0,292.0,4,16,,,,,,,,,,,,,,,,,,,,,,,,,,,,,,,,,,,,,,,,,,,,,,,,,,,,,,,,,,,,,
24,4,,,,,,,97,70,72,16,256.1,2730,10801,40,0,8.3,1.7;8.2;2.0;2.3;0.0;0.0;63.9;34.1;5.1;6.8;35.4;34.8;0.6;1.1;0.0;0.3;0.0;0.0;0.0;0.0;0.3;0.6;0.8;0.6,36.97,0.13,0.0,4.28,14.49,0.678,341.0,390.0,4,16,,,,,,,,,,,,,,,,,,,,,,,,,,,,,,,,,,,,,,,,,,,,,,,,,,,,,,,,,,,,,
24,5,,,,,,,97,73,73,13,258.5,2730,10801,40,0,8.4,2.6;8.5;1.7;2.0;0.9;1.7;32.4;52.8;5.4;5.1;32.3;50.4;0.3;1.7;0.0;0.0;0.3;0.3;0.3;0.0;1.1;1.4;0.3;0.8,36.97,0.13,0.0,0.01,14.49,0.678,2587.0,5517.0,4,16,,,,,,,,,,,,,,,,,,,,,,,,,,,,,,,,,,,,,,,,,,,,,,,,,,,,,,,,,,,,,
24,6,,,,,,,97,71,72,12,256.2,2730,10801,40,0,8.1,0.6;5.2;1.4;1.1;0.8;0.3;34.5;34.0;5.4;5.1;30.2;72.6;0.8;0.8;0.0;0.3;0.3;0.0;0.0;0.0;0.0;0.0;0.0;0.0,36.97,0.13,0.0,0.04,14.49,0.678,2392.0,5468.0,4,16,,,,,,,,,,,,,,,,,,,,,,,,,,,,,,,,,,,,,,,,,,,,,,,,,,,,,,,,,,,,,
24,7,,,,,,,97,78,73,11,252.8,2730,10801,40,0,8.1,0.9;8.2;0.8;1.7;0.6;1.7;41.1;49.2;4.8;4.8;30.6;48.4;0.6;0.8;0.0;0.0;0.3;0.3;0.0;0.0;0.0;0.0;0.0;0.0,36.97,0.13,0.0,0.04,14.49,0.678,1416.0,0.0,4,16,,,,,,,,,,,,,,,,,,,,,,,,,,,,,,,,,,,,,,,,,,,,,,,,,,,,,,,,,,,,,
24,8,,,,,,,97,77,73,12,255.8,2730,10801,41,0,8.4,0.3;7.4;1.7;3.1;1.7;0.6;64.3;34.1;6.8;7.6;33.0;36.9;1.7;0.9;0.0;0.0;0.0;0.0;0.0;0.0;0.0;0.0;0.0;0.3,36.96,0.13,0.0,0.03,14.49,0.678,292.0,195.0,4,16,,,,,,,,,,,,,,,,,,,,,,,,,,,,,,,,,,,,,,,,,,,,,,,,,,,,,,,,,,,,,
24,9,,,,,,,97,74,72,13,257.4,2730,10801,40,0,8.7,2.3;8.7;1.7;2.5;0.6;1.4;46.7;39.2;8.5;4.8;28.2;58.5;1.1;1.1;0.0;0.3;0.3;0.3;0.0;0.0;0.6;0.3;0.0;0.0,36.94,0.13,0.0,0.03,14.49,0.678,1757.0,5566.0,4,16,,,,,,,,,,,,,,,,,,,,,,,,,,,,,,,,,,,,,,,,,,,,,,,,,,,,,,,,,,,,,
24,10,,,,,,,100,77,73,14,255.7,2730,10801,41,0,8.3,1.1;6.3;0.6;2.5;0.8;1.4;34.6;36.9;5.9;8.7;47.9;51.1;0.6;0.8;0.0;0.0;0.0;0.0;0.0;0.0;0.3;0.0;0.0;0.0,36.97,0.13,0.0,0.05,14.49,0.678,537.0,0.0,4,16,,,,,,,,,,,,,,,,,,,,,,,,,,,,,,,,,,,,,,,,,,,,,,,,,,,,,,,,,,,,,
24,11,,,,,,,100,65,70,13,253.7,2730,10801,41,0,8.3,1.1;6.3;0.6;4.2;0.6;0.8;69.5;27.5;2.8;5.9;34.5;41.0;0.6;1.7;0.0;0.0;0.0;0.0;0.3;0.3;0.0;0.6;0.3;0.0,36.96,0.13,0.0,0.07,14.49,0.678,878.0,781.0,4,16,,,,,,,,,,,,,,,,,,,,,,,,,,,,,,,,,,,,,,,,,,,,,,,,,,,,,,,,,,,,,
24,12,,,,,,,100,54,72,11,257.2,2730,10801,41,0,8.4,1.1;8.2;2.3;4.8;1.4;1.7;55.0;35.7;5.1;6.5;24.1;49.0;2.0;1.7;0.0;0.0;1.2;0.6;0.0;0.6;0.3;0.6;0.0;0.3,36.97,0.13,0.0,0.03,14.49,0.678,585.0,0.0,4,16,,,,,,,,,,,,,,,,,,,,,,,,,,,,,,,,,,,,,,,,,,,,,,,,,,,,,,,,,,,,,
24,13,,,,,,,100,62,70,13,257.3,2730,10801,41,0,7.8,0.3;4.2;1.1;2.0;1.1;0.6;35.7;28.3;2.8;6.8;40.2;61.5;1.1;1.1;0.3;0.0;0.0;0.0;0.0;0.0;0.0;0.0;0.0;0.0,36.97,0.13,0.0,0.07,14.49,0.678,2392.0,6835.0,4,16,,,,,,,,,,,,,,,,,,,,,,,,,,,,,,,,,,,,,,,,,,,,,,,,,,,,,,,,,,,,,
24,14,,,,,,,99,57,71,13,254.3,2730,10801,41,0,8.3,2.3;8.4;2.5;2.8;1.4;2.0;24.7;61.4;4.2;6.2;32.3;47.6;0.3;1.1;0.0;0.0;0.0;0.3;0.0;0.0;0.0;0.0;0.6;0.0,36.97,0.13,0.0,0.03,14.49,0.678,781.0,1367.0,4,16,,,,,,,,,,,,,,,,,,,,,,,,,,,,,,,,,,,,,,,,,,,,,,,,,,,,,,,,,,,,,
24,15,,,,,,,97,71,73,13,255.2,2730,10801,41,0,8.5,0.9;9.3;2.3;1.7;2.0;2.3;65.4;28.6;5.9;6.8;29.3;45.3;0.6;0.6;0.0;0.0;0.0;0.0;0.0;0.0;0.0;0.6;0.0;0.6,36.97,0.13,0.0,0.03,14.49,0.678,976.0,195.0,4,16,,,,,,,,,,,,,,,,,,,,,,,,,,,,,,,,,,,,,,,,,,,,,,,,,,,,,,,,,,,,,
24,16,,,,,,,97,74,73,13,258.6,2730,10801,41,0,8.0,1.1;9.7;1.1;1.4;0.8;0.9;46.7;31.9;3.4;3.4;34.8;54.5;1.7;0.8;0.0;0.0;0.0;0.0;0.0;0.0;0.0;0.0;0.0;0.0,36.97,0.13,0.0,0.05,14.49,0.678,1220.0,5859.0,4,16,,,,,,,,,,,,,,,,,,,,,,,,,,,,,,,,,,,,,,,,,,,,,,,,,,,,,,,,,,,,,
24,17,,,,,,,97,76,73,13,257.6,2730,10801,41,0,8.2,1.1;7.9;1.7;1.4;0.8;1.1;36.8;31.8;5.1;6.2;34.7;65.2;0.6;0.3;0.0;0.0;0.3;0.0;0.0;0.3;0.3;0.0;0.3;0.0,36.98,0.13,0.0,0.04,14.49,0.678,1611.0,5761.0,4,16,,,,,,,,,,,,,,,,,,,,,,,,,,,,,,,,,,,,,,,,,,,,,,,,,,,,,,,,,,,,,
24,18,,,,,,,97,73,72,13,253.1,2730,10801,41,0,7.2,3.4;6.7;3.4;3.7;0.9;0.9;29.0;38.4;3.4;4.8;37.8;36.8;1.1;0.9;0.0;0.0;0.0;0.3;0.0;0.0;0.0;1.1;0.3;1.1,36.97,0.13,0.0,0.04,14.49,0.678,1464.0,48.0,4,16,,,,,,,,,,,,,,,,,,,,,,,,,,,,,,,,,,,,,,,,,,,,,,,,,,,,,,,,,,,,,
24,19,,,,,,,97,59,70,12,255.3,2730,10801,41,0,6.5,0.7;9.9;2.0;2.7;0.7;0.3;35.6;35.8;2.7;4.4;20.9;37.1;0.3;0.7;0.0;0.0;0.0;0.3;0.3;0.0;0.3;1.0;0.3;0.0,36.96,0.13,0.0,0.06,14.49,0.678,1806.0,1708.0,4,16,,,,,,,,,,,,,,,,,,,,,,,,,,,,,,,,,,,,,,,,,,,,,,,,,,,,,,,,,,,,,
24,summary,0.4492415234924842,0.9689484675168103,0.4682542616999115,0.9600244001626678,0.01891211,110.1,,,,,,,,,,,,,,,,,,,,,,97,98.05,100,54,67.84,78,68,71.68,73,11,13.26,17,177.1,251.68,258.6,2730.0,10801.0,40.6,0,6.5,10.37,51.4,36.94,36.97,37.01,63.16,0.13,0.13,0.13,21.12,0.0,0.0,0.01,0.01,0.4,4.28,6.37,13.812,14.49,14.49,14.49,15.992,0.678,0.68,0.678,292.0,3129.53,33886.0,0.0,2687.63,6835.0,4,4.0,4,16,16.0,16,4,16,3.49,95.35
25,1,,,,,,,12,8,68,15,177.0,2745,10801,41,0,51.5,78.6;78.2;91.0;90.7;81.4;80.1;95.3;96.1;76.4;82.2;95.2;97.1;42.7;44.1;5.1;6.4;19.2;21.2;2.9;2.8;15.6;14.9;9.0;9.9,36.99,0.13,0.0,0.05,14.49,0.678,1611.0,114013.0,4,16,,,,,,,,,,,,,,,,,,,,,,,,,,,,,,,,,,,,,,,,,,,,,,,,,,,,,,,,,,,,,
25,2,,,,,,,100,82,72,13,256.9,2730,10801,41,0,8.6,1.1;6.4;3.9;2.8;0.3;0.6;56.4;47.7;5.4;8.8;23.5;42.2;1.1;1.7;0.0;0.0;0.0;0.3;0.8;0.0;0.6;2.5;0.0;0.0,36.98,0.13,0.03,2.06,14.49,0.678,2392.0,5615.0,4,16,,,,,,,,,,,,,,,,,,,,,,,,,,,,,,,,,,,,,,,,,,,,,,,,,,,,,,,,,,,,,
25,3,,,,,,,100,65,69,12,253.7,2730,10801,41,0,8.5,1.7;8.0;2.5;1.7;1.7;0.8;38.4;40.3;4.2;6.2;30.5;60.3;2.0;1.4;0.3;0.3;0.3;1.1;0.0;0.3;1.4;1.4;0.0;0.0,36.97,0.13,0.0,1.5,14.49,0.678,8886.0,8593.0,4,16,,,,,,,,,,,,,,,,,,,,,,,,,,,,,,,,,,,,,,,,,,,,,,,,,,,,,,,,,,,,,
25,4,,,,,,,100,63,69,13,254.6,2730,10801,41,0,7.8,0.6;6.6;1.7;1.1;0.0;1.1;32.3;38.6;4.8;3.4;56.5;39.0;0.6;0.0;0.0;0.0;0.0;0.0;0.0;0.0;0.0;0.0;0.0;0.0,36.96,0.13,0.0,4.26,14.49,0.678,292.0,244.0,4,16,,,,,,,,,,,,,,,,,,,,,,,,,,,,,,,,,,,,,,,,,,,,,,,,,,,,,,,,,,,,,
25,5,,,,,,,100,57,72,13,257.1,2730,10801,41,0,8.1,1.4;9.5;1.1;1.4;0.0;0.6;47.2;38.2;6.0;7.6;46.3;33.5;0.3;1.1;0.0;0.0;0.0;0.0;0.0;0.0;0.0;0.0;0.0;0.0,36.95,0.13,0.0,0.1,14.49,0.678,1904.0,5615.0,4,16,,,,,,,,,,,,,,,,,,,,,,,,,,,,,,,,,,,,,,,,,,,,,,,,,,,,,,,,,,,,,
25,6,,,,,,,100,51,70,14,256.1,2730,10801,41,0,8.3,0.6;5.8;3.4;2.5;1.7;1.1;63.2;30.7;4.2;6.2;21.0;52.5;1.7;0.8;0.3;0.0;0.0;0.8;0.3;0.6;0.0;0.8;0.6;0.6,36.95,0.13,0.0,0.02,14.49,0.678,1269.0,5419.0,4,16,,,,,,,,,,,,,,,,,,,,,,,,,,,,,,,,,,,,,,,,,,,,,,,,,,,,,,,,,,,,,
25,7,,,,,,,99,57,72,14,253.5,2730,10801,41,0,9.0,2.6;8.0;2.3;2.3;2.6;1.4;33.8;38.8;4.2;5.7;44.2;59.2;1.1;2.5;0.9;0.9;0.6;0.6;0.6;0.0;1.4;0.8;0.3;0.0,36.95,0.13,0.0,0.06,14.49,0.678,1416.0,97.0,4,16,,,,,,,,,,,,,,,,,,,,,,,,,,,,,,,,,,,,,,,,,,,,,,,,,,,,,,,,,,,,,
25,8,,,,,,,98,56,72,13,255.9,2730,10801,41,0,8.1,0.6;5.3;3.1;2.0;1.1;1.7;36.1;38.4;3.7;7.3;53.4;38.9;1.7;0.6;0.0;0.0;0.3;0.0;0.6;0.6;0.0;0.0;0.0;0.0,36.95,0.13,0.0,0.04,14.49,0.678,1220.0,195.0,4,16,,,,,,,,,,,,,,,,,,,,,,,,,,,,,,,,,,,,,,,,,,,,,,,,,,,,,,,,,,,,,
25,9,,,,,,,100,75,72,15,256.6,2730,10801,41,0,8.0,1.1;8.4;2.5;1.7;0.6;1.1;63.4;29.6;4.2;6.2;31.1;39.5;0.8;1.1;0.3;0.0;0.0;0.3;0.0;0.0;0.0;0.3;0.0;0.0,36.94,0.13,0.0,0.03,14.49,0.678,1855.0,5712.0,4,16,,,,,,,,,,,,,,,,,,,,,,,,,,,,,,,,,,,,,,,,,,,,,,,,,,,,,,,,,,,,,
25,10,,,,,,,100,54,72,14,254.3,2730,10801,41,0,8.8,2.2;7.9;3.7;3.7;0.6;1.7;47.8;32.9;6.2;7.3;46.5;45.1;1.7;0.3;0.3;0.0;0.0;0.0;0.0;0.0;0.0;0.3;1.1;0.6,36.95,0.13,0.0,0.08,14.49,0.678,1074.0,1416.0,4,16,,,,,,,,,,,,,,,,,,,,,,,,,,,,,,,,,,,,,,,,,,,,,,,,,,,,,,,,,,,,,
25,11,,,,,,,100,58,71,14,253.5,2730,10801,41,0,7.9,1.1;5.6;0.6;1.7;0.3;0.6;34.4;42.9;3.7;6.8;47.2;42.5;0.6;0.3;0.0;0.0;0.3;0.0;0.3;0.3;0.0;0.3;0.3;0.0,36.95,0.13,0.0,0.05,14.49,0.678,195.0,2539.0,4,16,,,,,,,,,,,,,,,,,,,,,,,,,,,,,,,,,,,,,,,,,,,,,,,,,,,,,,,,,,,,,
25,12,,,,,,,100,58,72,13,257.0,2730,10801,41,0,8.5,1.4;6.6;2.8;2.6;1.7;1.7;45.7;30.5;4.0;5.7;59.4;32.4;2.3;1.1;0.0;0.6;1.1;0.6;0.0;0.3;1.1;1.7;0.3;0.0,36.95,0.13,0.0,0.03,14.49,0.678,439.0,1611.0,4,16,,,,,,,,,,,,,,,,,,,,,,,,,,,,,,,,,,,,,,,,,,,,,,,,,,,,,,,,,,,,,
25,13,,,,,,,0,0,62,24,226.8,2745,10801,41,0,9.3,4.3;9.5;4.4;4.1;2.5;1.1;62.1;32.7;4.9;7.1;33.3;43.3;1.9;1.1;0.5;0.5;1.6;1.1;0.0;0.3;2.7;3.8;0.3;0.5,36.96,0.13,0.08,0.07,14.49,0.678,18652.0,5517.0,4,16,,,,,,,,,,,,,,,,,,,,,,,,,,,,,,,,,,,,,,,,,,,,,,,,,,,,,,,,,,,,,
25,14,,,,,,,100,66,73,20,253.4,2730,10801,41,0,7.7,0.3;6.1;0.8;1.4;0.3;0.6;44.1;31.6;2.5;4.8;28.6;60.6;0.3;0.3;0.0;0.0;0.3;0.0;0.0;0.0;0.0;0.0;1.7;0.0,36.96,0.13,0.0,0.64,14.49,0.678,1367.0,1367.0,4,16,,,,,,,,,,,,,,,,,,,,,,,,,,,,,,,,,,,,,,,,,,,,,,,,,,,,,,,,,,,,,
25,15,,,,,,,100,55,72,11,255.5,2730,10801,41,0,8.1,0.9;5.8;1.1;2.6;1.1;0.3;33.8;36.1;5.4;6.0;39.9;58.4;0.9;0.0;0.0;0.0;0.0;0.6;0.6;0.3;0.3;0.3;0.0;0.0,36.97,0.13,0.0,0.04,14.49,0.678,0.0,10498.0,4,16,,,,,,,,,,,,,,,,,,,,,,,,,,,,,,,,,,,,,,,,,,,,,,,,,,,,,,,,,,,,,
25,16,,,,,,,100,54,73,11,256.9,2730,10801,41,0,8.1,1.1;10.9;2.0;2.5;0.8;0.6;59.9;35.4;4.0;4.5;27.5;41.1;0.6;0.9;0.3;0.0;0.3;0.3;0.0;0.0;0.3;0.0;1.4;0.9,36.96,0.13,0.01,0.05,14.49,0.678,1611.0,5664.0,4,16,,,,,,,,,,,,,,,,,,,,,,,,,,,,,,,,,,,,,,,,,,,,,,,,,,,,,,,,,,,,,
25,17,,,,,,,100,58,73,11,255.4,2730,10801,41,0,7.9,0.0;8.4;2.5;0.6;0.8;0.3;58.4;32.3;3.7;5.4;36.8;38.5;0.3;0.8;0.0;0.0;0.0;0.0;0.3;0.0;0.0;0.0;1.1;0.0,36.96,0.13,0.0,0.05,14.49,0.678,1513.0,5419.0,4,16,,,,,,,,,,,,,,,,,,,,,,,,,,,,,,,,,,,,,,,,,,,,,,,,,,,,,,,,,,,,,
25,18,,,,,,,100,60,72,13,254.7,2730,10801,41,0,6.6,0.8;5.5;2.8;1.4;1.4;1.1;25.1;33.4;3.7;4.2;24.9;51.0;0.8;1.1;0.0;0.0;0.0;0.3;0.0;0.3;0.0;0.0;0.3;0.3,36.97,0.13,0.0,0.01,14.49,0.678,1123.0,1513.0,4,16,,,,,,,,,,,,,,,,,,,,,,,,,,,,,,,,,,,,,,,,,,,,,,,,,,,,,,,,,,,,,
25,19,,,,,,,100,54,73,18,254.7,2730,10801,41,0,5.7,1.0;3.7;1.7;0.0;0.3;0.0;56.3;17.0;4.4;3.7;21.2;23.8;0.7;1.0;0.0;0.0;0.3;0.0;0.0;0.0;0.0;0.0;0.0;0.3,36.97,0.13,0.0,0.07,14.49,0.678,390.0,1660.0,4,16,,,,,,,,,,,,,,,,,,,,,,,,,,,,,,,,,,,,,,,,,,,,,,,,,,,,,,,,,,,,,
25,summary,0.451016874874981,0.9684317792018601,0.4641294575721668,0.9603497356649044,0.01881397,110.3,,,,,,,,,,,,,,,,,,,,,,0,89.95,100,0,54.26,82,62,71.0,73,11,14.26,24,177.0,249.66,257.1,2731.6,10801.0,41.0,0,5.7,10.34,51.5,36.94,36.96,36.99,63.16,0.13,0.13,0.13,21.12,0.0,0.01,0.08,0.01,0.48,4.26,6.37,13.812,14.49,14.49,14.49,15.992,0.678,0.68,0.678,0.0,2484.68,18652.0,97.0,9616.16,114013.0,4,4.0,4,16,16.0,16,4,16,3.64,95.35
26,1,,,,,,,97,80,67,16,175.7,2730,10801,41,0,51.6,77.2;78.4;90.3;89.4;76.8;78.1;95.9;97.6;72.8;79.4;95.2;94.8;42.5;49.1;7.4;7.3;21.6;23.7;2.9;3.7;14.3;17.5;9.1;10.6,37.0,0.13,0.0,0.03,14.49,0.678,2392.0,5371.0,4,16,,,,,,,,,,,,,,,,,,,,,,,,,,,,,,,,,,,,,,,,,,,,,,,,,,,,,,,,,,,,,
26,2,,,,,,,100,81,70,14,254.6,2730,10801,41,0,8.4,2.5;9.8;2.8;2.5;0.8;0.0;39.7;32.3;4.5;5.6;53.0;44.1;1.1;0.8;0.0;0.0;0.3;0.3;0.0;0.6;0.6;0.3;0.0;0.0,37.0,0.13,0.01,1.2,14.49,0.678,2392.0,5615.0,4,16,,,,,,,,,,,,,,,,,,,,,,,,,,,,,,,,,,,,,,,,,,,,,,,,,,,,,,,,,,,,,
26,3,,,,,,,100,68,72,12,253.3,2730,10801,41,0,8.4,0.8;8.2;2.8;3.1;1.7;0.0;46.3;41.2;5.6;4.8;32.0;50.1;2.0;1.4;0.3;0.3;0.0;0.0;0.0;0.0;0.0;0.0;0.6;0.0,36.99,0.13,0.0,1.49,14.49,0.678,1171.0,195.0,4,16,,,,,,,,,,,,,,,,,,,,,,,,,,,,,,,,,,,,,,,,,,,,,,,,,,,,,,,,,,,,,
26,4,,,,,,,100,66,72,13,256.1,2730,10801,41,0,8.5,2.8;10.8;2.8;1.7;1.1;1.4;66.6;50.6;4.8;7.9;25.0;23.8;1.4;0.9;0.0;0.0;0.0;0.3;0.3;0.3;0.0;0.0;0.3;0.0,36.97,0.13,0.0,4.31,14.49,0.678,390.0,390.0,4,16,,,,,,,,,,,,,,,,,,,,,,,,,,,,,,,,,,,,,,,,,,,,,,,,,,,,,,,,,,,,,
26,5,,,,,,,100,63,73,14,256.7,2730,10801,41,0,8.2,1.4;5.8;1.1;3.4;1.4;0.9;42.2;37.3;3.7;5.9;30.5;59.7;0.3;1.1;0.0;0.0;0.0;0.0;0.0;0.0;0.0;0.0;1.1;0.0,36.97,0.13,0.0,0.06,14.49,0.678,1562.0,5322.0,4,16,,,,,,,,,,,,,,,,,,,,,,,,,,,,,,,,,,,,,,,,,,,,,,,,,,,,,,,,,,,,,
26,6,,,,,,,100,54,73,14,254.9,2730,10801,41,0,8.3,1.4;6.6;3.7;3.1;0.8;1.4;38.8;32.5;4.0;5.4;24.5;71.3;0.8;0.8;0.0;0.0;1.1;0.6;0.3;0.6;0.0;0.8;0.8;0.0,36.97,0.13,0.0,0.03,14.49,0.678,2001.0,5517.0,4,16,,,,,,,,,,,,,,,,,,,,,,,,,,,,,,,,,,,,,,,,,,,,,,,,,,,,,,,,,,,,,
26,7,,,,,,,100,61,73,17,253.6,2730,10801,41,0,7.8,1.7;7.7;2.0;1.4;1.1;0.6;63.8;23.7;5.6;4.0;31.5;44.4;0.0;0.8;0.0;0.0;0.0;0.0;0.0;0.0;0.0;0.0;0.0;0.0,36.97,0.13,0.0,0.05,14.49,0.678,781.0,97.0,4,16,,,,,,,,,,,,,,,,,,,,,,,,,,,,,,,,,,,,,,,,,,,,,,,,,,,,,,,,,,,,,
26,8,,,,,,,98,56,72,14,257.3,2730,10801,41,0,8.4,2.5;7.9;2.8;2.8;1.4;2.3;59.0;28.0;3.4;5.7;39.7;41.6;1.4;0.8;0.0;0.6;0.0;0.0;0.0;0.0;0.0;0.0;0.0;0.3,36.97,0.13,0.0,0.04,14.49,0.678,878.0,2783.0,4,16,,,,,,,,,,,,,,,,,,,,,,,,,,,,,,,,,,,,,,,,,,,,,,,,,,,,,,,,,,,,,
26,9,,,,,,,97,65,71,16,257.7,2730,10801,41,0,8.5,1.7;8.7;1.7;3.7;2.0;2.8;39.7;27.4;5.9;7.9;36.0;63.7;0.6;1.1;0.0;0.0;0.0;0.3;0.0;0.0;0.6;0.3;0.0;0.0,36.97,0.13,0.0,0.03,14.49,0.678,2880.0,5371.0,4,16,,,,,,,,,,,,,,,,,,,,,,,,,,,,,,,,,,,,,,,,,,,,,,,,,,,,,,,,,,,,,
26,10,,,,,,,97,73,73,17,254.0,2730,10801,41,0,7.8,1.1;7.1;1.4;0.3;0.6;0.3;50.3;29.7;6.5;2.3;45.9;37.4;0.8;0.8;0.0;0.0;0.0;0.0;0.6;0.3;0.0;0.0;1.1;0.0,36.97,0.13,0.0,0.04,14.49,0.678,292.0,341.0,4,16,,,,,,,,,,,,,,,,,,,,,,,,,,,,,,,,,,,,,,,,,,,,,,,,,,,,,,,,,,,,,
26,11,,,,,,,97,76,73,21,254.0,2730,10801,41,0,8.1,1.4;9.5;2.5;2.3;0.8;0.6;59.3;31.8;5.4;2.8;40.1;35.0;1.4;0.6;0.0;0.0;0.0;0.0;0.0;0.0;0.3;0.3;0.0;0.0,36.97,0.13,0.0,0.08,14.49,0.678,878.0,195.0,4,16,,,,,,,,,,,,,,,,,,,,,,,,,,,,,,,,,,,,,,,,,,,,,,,,,,,,,,,,,,,,,
26,12,,,,,,,97,78,71,20,256.9,2730,10801,41,0,8.2,2.5;8.4;1.4;1.7;0.6;0.3;46.8;31.7;4.2;6.2;28.7;61.6;1.1;1.1;0.0;0.0;0.0;0.3;0.0;0.0;0.0;0.6;0.0;0.0,36.96,0.13,0.0,0.07,14.49,0.678,634.0,1660.0,4,16,,,,,,,,,,,,,,,,,,,,,,,,,,,,,,,,,,,,,,,,,,,,,,,,,,,,,,,,,,,,,
26,13,,,,,,,100,59,71,15,256.6,2730,10801,41,0,7.9,0.6;8.4;1.7;0.8;0.6;0.6;41.0;30.4;3.7;3.1;38.1;58.6;0.3;0.8;0.3;0.0;0.0;0.3;0.0;0.0;0.3;0.3;0.0;0.0,36.98,0.13,0.0,0.01,14.49,0.678,927.0,5468.0,4,16,,,,,,,,,,,,,,,,,,,,,,,,,,,,,,,,,,,,,,,,,,,,,,,,,,,,,,,,,,,,,
26,14,,,,,,,100,57,70,15,254.4,2730,10801,41,0,8.2,0.3;8.4;2.5;2.0;1.1;0.6;58.9;32.5;5.9;4.5;27.5;46.9;1.7;1.1;0.0;0.0;0.3;0.0;0.0;0.0;0.0;0.3;0.3;0.3,36.97,0.13,0.0,0.05,14.49,0.678,1220.0,97.0,4,16,,,,,,,,,,,,,,,,,,,,,,,,,,,,,,,,,,,,,,,,,,,,,,,,,,,,,,,,,,,,,
26,15,,,,,,,100,59,71,19,255.1,2730,10801,41,0,8.6,2.0;6.9;3.4;2.0;1.1;1.1;51.6;34.6;6.8;4.8;44.3;43.2;0.8;0.6;0.3;0.0;0.0;0.0;0.0;0.0;0.0;0.3;0.3;0.6,36.98,0.13,0.0,0.06,14.49,0.678,1269.0,5810.0,4,16,,,,,,,,,,,,,,,,,,,,,,,,,,,,,,,,,,,,,,,,,,,,,,,,,,,,,,,,,,,,,
26,16,,,,,,,99,57,71,12,258.3,2730,10801,41,0,8.2,1.4;9.0;3.4;2.5;0.8;2.3;46.3;26.6;5.9;2.8;42.8;50.3;1.1;0.8;0.0;0.0;0.3;0.0;0.0;0.0;0.3;0.0;0.8;0.6,36.97,0.13,0.0,0.03,14.49,0.678,292.0,6787.0,4,16,,,,,,,,,,,,,,,,,,,,,,,,,,,,,,,,,,,,,,,,,,,,,,,,,,,,,,,,,,,,,
26,17,,,,,,,97,60,71,13,256.7,2730,10801,42,0,8.3,1.7;9.0;3.4;2.0;1.1;0.0;51.4;34.7;7.1;3.1;55.4;25.7;0.9;0.9;0.3;0.3;0.3;0.0;0.0;0.3;0.3;0.3;0.3;0.6,36.97,0.13,0.0,0.06,14.49,0.678,1708.0,5859.0,4,16,,,,,,,,,,,,,,,,,,,,,,,,,,,,,,,,,,,,,,,,,,,,,,,,,,,,,,,,,,,,,
26,18,,,,,,,97,71,72,12,254.3,2730,10801,41,0,6.5,0.9;6.1;2.0;1.7;0.9;1.1;38.5;42.5;5.7;1.7;22.5;31.6;0.6;0.6;0.0;0.0;0.0;0.0;0.0;0.0;0.0;0.0;0.0;0.0,36.97,0.13,0.0,0.02,14.49,0.678,1367.0,1464.0,4,16,,,,,,,,,,,,,,,,,,,,,,,,,,,,,,,,,,,,,,,,,,,,,,,,,,,,,,,,,,,,,
26,19,,,,,,,100,53,72,12,254.9,2730,10801,41,0,6.0,0.7;6.9;1.4;1.4;1.0;0.7;23.8;41.5;3.4;3.1;37.5;21.5;0.0;1.0;0.0;0.0;0.0;0.0;0.3;0.0;0.0;0.0;0.0;0.0,36.97,0.13,0.0,0.02,14.49,0.678,781.0,781.0,4,16,,,,,,,,,,,,,,,,,,,,,,,,,,,,,,,,,,,,,,,,,,,,,,,,,,,,,,,,,,,,,
26,summary,0.44984793477002327,0.9687905905316866,0.4691952299761452,0.9564457096380643,0.01871187,110.2,,,,,,,,,,,,,,,,,,,,,,97,98.74,100,53,65.11,81,67,71.47,73,12,15.05,21,175.7,251.32,258.3,2730.0,10801.0,41.1,0,6.0,10.31,51.6,36.96,36.97,37.0,63.16,0.13,0.13,0.13,21.12,0.0,0.0,0.01,0.01,0.4,4.31,6.37,13.812,14.49,14.49,14.49,15.992,0.678,0.68,0.678,292.0,1253.42,2880.0,97.0,3111.74,6787.0,4,4.0,4,16,16.0,16,4,16,3.57,95.32
27,1,,,,,,,41,30,70,17,182.0,2745,10801,41,0,51.6,81.7;83.3;92.2;91.4;81.3;84.7;96.9;96.5;73.6;80.2;96.1;96.9;40.0;40.2;6.2;6.4;17.8;18.7;3.9;4.8;13.4;11.8;9.7;9.3,37.06,0.13,0.01,0.03,14.49,0.678,1806.0,5419.0,4,16,,,,,,,,,,,,,,,,,,,,,,,,,,,,,,,,,,,,,,,,,,,,,,,,,,,,,,,,,,,,,
27,2,,,,,,,97,75,72,15,255.0,2730,10801,41,0,8.1,2.0;7.1;2.3;1.1;1.4;1.1;63.9;28.1;7.3;2.5;37.5;36.6;1.4;0.3;0.0;0.0;0.0;0.0;0.0;0.0;0.6;0.3;0.6;0.0,37.06,0.13,0.0,1.15,14.49,0.678,1562.0,5419.0,4,16,,,,,,,,,,,,,,,,,,,,,,,,,,,,,,,,,,,,,,,,,,,,,,,,,,,,,,,,,,,,,
27,3,,,,,,,100,72,69,14,253.3,2730,10801,41,0,8.9,2.3;9.3;3.7;2.8;1.4;2.0;34.8;40.0;7.1;6.2;34.6;59.7;1.4;0.3;0.0;0.3;0.3;0.6;0.3;0.3;0.9;2.5;0.3;1.7,37.03,0.13,0.01,1.48,14.49,0.678,1416.0,1513.0,4,16,,,,,,,,,,,,,,,,,,,,,,,,,,,,,,,,,,,,,,,,,,,,,,,,,,,,,,,,,,,,,
27,4,,,,,,,100,69,71,13,254.2,2730,10801,41,0,7.8,0.9;6.1;1.7;1.4;1.1;0.9;49.3;23.1;7.4;2.8;42.2;50.0;0.8;0.3;0.0;0.0;0.0;0.0;0.6;0.0;0.0;0.0;0.0;0.0,37.02,0.13,0.0,4.24,14.49,0.678,976.0,4931.0,4,16,,,,,,,,,,,,,,,,,,,,,,,,,,,,,,,,,,,,,,,,,,,,,,,,,,,,,,,,,,,,,
27,5,,,,,,,100,69,70,14,256.5,2730,10801,41,0,8.1,1.1;5.5;3.4;1.4;0.6;1.1;51.8;31.4;6.8;2.8;46.3;41.1;1.1;0.6;0.0;0.0;0.0;0.0;0.0;0.3;0.0;0.0;0.0;0.0,37.02,0.13,0.0,0.05,14.49,0.678,1220.0,5712.0,4,16,,,,,,,,,,,,,,,,,,,,,,,,,,,,,,,,,,,,,,,,,,,,,,,,,,,,,,,,,,,,,
27,6,,,,,,,100,60,69,15,255.3,2730,10801,41,0,8.2,2.0;6.1;3.7;1.4;0.8;1.1;48.9;41.8;8.8;3.7;33.1;41.8;0.8;1.4;0.0;0.3;0.0;0.0;0.0;0.3;0.0;0.0;0.8;0.3,37.02,0.13,0.0,0.02,14.49,0.678,1708.0,7080.0,4,16,,,,,,,,,,,,,,,,,,,,,,,,,,,,,,,,,,,,,,,,,,,,,,,,,,,,,,,,,,,,,
27,7,,,,,,,100,54,71,18,253.7,2730,10801,41,0,7.9,1.1;7.7;1.4;1.1;1.1;2.0;38.0;33.8;4.8;4.8;57.1;37.2;0.0;1.4;0.0;0.0;0.0;0.0;0.0;0.0;0.0;0.0;0.0;0.0,37.02,0.13,0.0,0.05,14.49,0.678,1464.0,0.0,4,16,,,,,,,,,,,,,,,,,,,,,,,,,,,,,,,,,,,,,,,,,,,,,,,,,,,,,,,,,,,,,
27,8,,,,,,,100,59,72,20,255.5,2730,10801,41,0,8.6,3.1;9.5;4.5;3.4;1.7;1.4;43.3;40.0;4.5;5.1;54.1;32.2;0.8;0.6;0.0;0.0;0.3;0.3;0.0;0.0;0.6;0.6;0.0;0.3,37.01,0.13,0.0,0.02,14.49,0.678,878.0,1562.0,4,16,,,,,,,,,,,,,,,,,,,,,,,,,,,,,,,,,,,,,,,,,,,,,,,,,,,,,,,,,,,,,
27,9,,,,,,,99,57,72,12,257.0,2730,10801,41,0,8.5,3.4;6.9;2.5;3.7;0.8;2.5;57.2;26.8;6.2;5.4;41.4;41.8;1.7;0.8;0.6;0.0;0.3;0.6;0.0;0.0;0.0;0.8;0.8;0.3,37.03,0.13,0.0,0.22,14.49,0.678,2392.0,5566.0,4,16,,,,,,,,,,,,,,,,,,,,,,,,,,,,,,,,,,,,,,,,,,,,,,,,,,,,,,,,,,,,,
27,10,,,,,,,96,64,72,12,255.2,2730,10801,41,0,8.5,0.8;5.5;3.1;2.5;1.4;1.4;49.4;35.3;4.0;4.5;34.2;55.9;1.1;1.4;0.0;0.0;0.6;0.6;0.3;0.3;0.6;0.3;0.0;0.0,37.04,0.13,0.0,0.08,14.49,0.678,976.0,2880.0,4,16,,,,,,,,,,,,,,,,,,,,,,,,,,,,,,,,,,,,,,,,,,,,,,,,,,,,,,,,,,,,,
27,11,,,,,,,97,72,73,11,253.3,2730,10801,41,0,8.4,1.4;8.7;2.5;1.1;2.0;1.1;33.4;40.4;6.2;6.5;65.5;30.3;0.3;1.7;0.0;0.0;0.0;0.0;0.0;0.3;0.3;0.3;0.0;0.0,37.04,0.13,0.0,0.07,14.49,0.678,146.0,1220.0,4,16,,,,,,,,,,,,,,,,,,,,,,,,,,,,,,,,,,,,,,,,,,,,,,,,,,,,,,,,,,,,,
27,12,,,,,,,97,74,74,11,257.5,2730,10801,41,0,8.5,1.7;6.9;1.7;2.0;0.6;1.1;63.6;32.1;6.8;5.4;32.0;45.5;1.7;0.8;0.0;0.0;0.3;0.0;0.0;0.0;1.1;1.1;0.0;0.0,37.03,0.13,0.0,0.04,14.49,0.678,1367.0,1318.0,4,16,,,,,,,,,,,,,,,,,,,,,,,,,,,,,,,,,,,,,,,,,,,,,,,,,,,,,,,,,,,,,
27,13,,,,,,,97,74,73,12,258.2,2730,10801,41,0,8.4,1.7;5.5;3.4;1.7;2.0;1.1;63.1;33.6;7.3;5.1;45.4;28.7;1.4;0.8;0.0;0.0;0.3;0.0;0.0;0.3;0.0;0.0;0.6;0.0,37.03,0.13,0.0,0.04,14.49,0.678,1806.0,5468.0,4,16,,,,,,,,,,,,,,,,,,,,,,,,,,,,,,,,,,,,,,,,,,,,,,,,,,,,,,,,,,,,,
27,14,,,,,,,97,74,72,12,254.6,2730,10801,42,0,8.1,1.1;6.6;1.7;1.1;0.8;0.9;38.0;39.4;6.8;4.0;61.6;26.9;0.9;0.9;0.0;0.6;0.0;0.3;0.6;0.0;0.3;0.0;0.0;0.3,37.03,0.13,0.0,0.04,14.49,0.678,1464.0,1464.0,4,16,,,,,,,,,,,,,,,,,,,,,,,,,,,,,,,,,,,,,,,,,,,,,,,,,,,,,,,,,,,,,
27,15,,,,,,,98,81,73,12,255.4,2730,10801,41,0,7.9,2.0;8.0;2.3;0.9;0.6;0.8;45.7;27.5;6.5;4.0;40.6;49.4;0.8;0.6;0.0;0.0;0.3;0.0;0.0;0.0;0.3;0.6;0.0;0.0,37.02,0.13,0.0,0.13,14.49,0.678,0.0,1855.0,4,16,,,,,,,,,,,,,,,,,,,,,,,,,,,,,,,,,,,,,,,,,,,,,,,,,,,,,,,,,,,,,
27,16,,,,,,,96,55,73,14,258.5,2730,10801,42,0,9.3,5.3;11.7;4.8;3.7;1.7;3.1;63.2;25.8;7.9;5.7;42.8;37.9;2.3;1.1;0.0;0.3;0.3;0.6;0.0;0.3;1.1;0.3;2.0;0.3,37.01,0.13,0.02,0.04,14.49,0.678,488.0,6640.0,4,16,,,,,,,,,,,,,,,,,,,,,,,,,,,,,,,,,,,,,,,,,,,,,,,,,,,,,,,,,,,,,
27,17,,,,,,,96,61,74,14,257.1,2730,10801,41,0,8.4,2.3;7.4;3.1;1.7;0.3;1.1;46.5;28.2;6.2;5.9;31.4;61.2;0.6;1.4;0.0;0.0;0.3;0.0;0.0;0.0;0.6;0.0;1.7;0.6,37.02,0.13,0.0,0.04,14.49,0.678,1757.0,5859.0,4,16,,,,,,,,,,,,,,,,,,,,,,,,,,,,,,,,,,,,,,,,,,,,,,,,,,,,,,,,,,,,,
27,18,,,,,,,97,72,69,12,254.3,2730,10801,42,0,6.7,0.9;5.8;1.4;2.0;0.6;0.3;28.5;36.8;4.5;5.4;15.9;53.3;2.0;1.4;0.0;0.0;0.6;0.6;0.0;0.0;0.0;0.0;0.0;0.3,36.97,0.13,0.01,0.06,14.49,0.678,1171.0,1904.0,4,16,,,,,,,,,,,,,,,,,,,,,,,,,,,,,,,,,,,,,,,,,,,,,,,,,,,,,,,,,,,,,
27,19,,,,,,,100,59,73,13,255.4,2730,10801,42,0,6.6,1.7;8.8;2.4;2.7;1.4;2.0;31.6;22.7;5.4;4.7;38.8;30.7;0.7;0.7;0.0;0.7;0.3;0.7;0.0;1.0;0.3;0.3;0.3;0.3,36.98,0.13,0.0,0.04,14.49,0.678,341.0,1708.0,4,16,,,,,,,,,,,,,,,,,,,,,,,,,,,,,,,,,,,,,,,,,,,,,,,,,,,,,,,,,,,,,
27,summary,0.4473544156547768,0.9690058773295825,0.46886921401138276,0.9555510370069134,0.01860585,110.0,,,,,,,,,,,,,,,,,,,,,,41,95.16,100,30,64.79,81,69,71.68,74,11,13.74,20,182.0,251.68,258.5,2730.8,10801.0,41.2,0,6.6,10.45,51.6,36.97,37.02,37.06,63.16,0.13,0.13,0.13,21.12,0.0,0.0,0.02,0.02,0.41,4.24,6.37,13.812,14.49,14.49,14.49,15.992,0.678,0.68,0.678,0.0,1207.26,2392.0,0.0,3553.58,7080.0,4,4.0,4,16,16.0,16,4,16,3.39,95.36
28,1,,,,,,,0,0,59,16,176.5,2745,10801,41,0,51.3,71.4;76.4;90.0;89.5;79.5;81.9;96.2;97.4;76.4;82.8;94.9;97.1;44.4;46.2;6.8;6.6;20.3;20.9;3.6;4.3;13.1;13.3;9.2;9.0,37.03,0.13,0.01,0.08,14.49,0.678,2392.0,5419.0,4,16,,,,,,,,,,,,,,,,,,,,,,,,,,,,,,,,,,,,,,,,,,,,,,,,,,,,,,,,,,,,,
28,2,,,,,,,100,59,71,15,257.0,2730,10801,41,0,7.8,0.0;5.5;3.1;0.8;0.3;1.1;29.7;36.5;4.8;4.5;35.4;62.3;2.0;2.0;0.0;0.0;0.3;0.0;0.0;0.0;0.0;0.0;0.0;0.0,37.03,0.13,0.0,1.19,14.49,0.678,1855.0,5761.0,4,16,,,,,,,,,,,,,,,,,,,,,,,,,,,,,,,,,,,,,,,,,,,,,,,,,,,,,,,,,,,,,
28,3,,,,,,,97,61,73,14,254.4,2730,10801,41,0,8.5,2.6;6.4;2.3;2.8;2.0;1.1;55.2;29.6;6.2;5.9;37.1;46.2;0.9;2.0;0.0;0.0;0.8;0.3;0.3;0.3;0.9;0.8;0.6;0.6,37.02,0.13,0.0,1.48,14.49,0.678,0.0,1904.0,4,16,,,,,,,,,,,,,,,,,,,,,,,,,,,,,,,,,,,,,,,,,,,,,,,,,,,,,,,,,,,,,
28,4,,,,,,,96,68,69,13,254.9,2730,10801,41,0,8.5,2.3;5.8;3.1;3.1;1.7;2.0;51.7;35.7;5.9;6.5;43.7;37.0;1.4;1.1;0.3;0.3;0.3;0.0;0.3;0.3;0.3;0.3;0.3;0.3,36.99,0.13,0.0,4.28,14.49,0.678,292.0,1904.0,4,16,,,,,,,,,,,,,,,,,,,,,,,,,,,,,,,,,,,,,,,,,,,,,,,,,,,,,,,,,,,,,
28,5,,,,,,,96,78,70,14,257.8,2730,10801,41,0,8.0,1.4;6.4;3.1;0.6;0.8;0.6;38.7;34.0;6.5;2.5;33.7;60.7;1.7;0.3;0.0;0.0;0.0;0.0;0.0;0.0;0.9;0.6;0.0;0.0,36.98,0.13,0.0,0.03,14.49,0.678,1416.0,6933.0,4,16,,,,,,,,,,,,,,,,,,,,,,,,,,,,,,,,,,,,,,,,,,,,,,,,,,,,,,,,,,,,,
28,6,,,,,,,97,76,70,13,256.5,2730,10801,41,0,8.1,1.4;5.2;2.3;0.3;1.7;0.3;42.3;27.9;7.3;3.7;51.8;47.6;0.9;0.8;0.0;0.0;0.0;0.0;0.0;0.0;0.0;0.3;0.0;0.0,36.99,0.13,0.0,0.02,14.49,0.678,5224.0,5566.0,4,16,,,,,,,,,,,,,,,,,,,,,,,,,,,,,,,,,,,,,,,,,,,,,,,,,,,,,,,,,,,,,
28,7,,,,,,,98,79,70,17,252.9,2730,10801,41,0,7.8,0.6;5.8;1.7;1.7;0.8;0.8;66.6;33.2;5.6;5.9;25.9;36.8;1.1;0.3;0.0;0.0;0.0;0.0;0.0;0.0;0.0;0.0;0.6;0.0,36.99,0.13,0.0,0.05,14.49,0.678,732.0,1416.0,4,16,,,,,,,,,,,,,,,,,,,,,,,,,,,,,,,,,,,,,,,,,,,,,,,,,,,,,,,,,,,,,
28,8,,,,,,,100,70,71,17,254.8,2730,10801,41,0,8.7,2.3;8.8;2.5;3.1;1.4;1.1;32.0;40.2;8.2;5.1;56.5;42.1;0.8;0.8;0.0;0.0;0.8;0.3;0.3;0.8;0.6;0.6;0.3;0.3,36.99,0.13,0.0,0.04,14.49,0.678,1660.0,0.0,4,16,,,,,,,,,,,,,,,,,,,,,,,,,,,,,,,,,,,,,,,,,,,,,,,,,,,,,,,,,,,,,
28,9,,,,,,,100,55,73,16,256.9,2730,10801,41,0,8.4,2.0;10.0;3.9;2.8;1.4;0.6;34.3;41.5;4.5;4.5;47.2;44.7;1.4;0.6;0.0;0.3;0.0;0.0;0.0;0.0;0.6;0.0;0.6;0.6,37.0,0.13,0.09,0.01,14.49,0.678,2392.0,5566.0,4,16,,,,,,,,,,,,,,,,,,,,,,,,,,,,,,,,,,,,,,,,,,,,,,,,,,,,,,,,,,,,,
28,10,,,,,,,100,75,71,15,253.5,2730,10801,41,0,9.7,3.4;10.1;4.8;4.3;2.5;1.4;50.1;33.9;8.2;7.9;57.1;34.7;2.5;2.8;0.6;0.0;1.1;0.6;1.1;0.3;2.0;2.0;0.3;0.6,36.99,0.13,0.0,0.15,14.49,0.678,1416.0,97.0,4,16,,,,,,,,,,,,,,,,,,,,,,,,,,,,,,,,,,,,,,,,,,,,,,,,,,,,,,,,,,,,,
28,11,,,,,,,100,76,72,20,254.9,2730,10801,41,0,8.0,0.3;5.8;2.0;0.8;0.8;1.4;57.5;34.0;6.5;4.2;35.9;40.4;0.8;0.6;0.0;0.0;0.3;0.3;0.0;0.0;0.0;0.6;0.0;0.0,36.99,0.13,0.0,0.05,14.49,0.678,781.0,1660.0,4,16,,,,,,,,,,,,,,,,,,,,,,,,,,,,,,,,,,,,,,,,,,,,,,,,,,,,,,,,,,,,,
28,12,,,,,,,100,64,72,20,256.4,2730,10801,41,0,8.3,1.4;7.6;3.1;1.1;1.1;0.6;48.6;23.0;6.7;3.7;39.3;58.1;0.9;0.8;0.0;0.3;0.0;0.0;0.6;0.3;0.6;0.3;0.0;0.0,36.99,0.13,0.0,0.01,14.49,0.678,0.0,1708.0,4,16,,,,,,,,,,,,,,,,,,,,,,,,,,,,,,,,,,,,,,,,,,,,,,,,,,,,,,,,,,,,,
28,13,,,,,,,100,57,71,15,256.1,2730,10801,41,0,8.7,2.3;10.1;3.1;2.3;1.4;1.4;56.7;29.7;6.0;6.5;40.7;43.2;2.0;1.4;0.0;0.0;0.0;0.3;0.0;0.0;0.0;1.4;0.0;0.0,36.99,0.13,0.0,0.07,14.49,0.678,2197.0,5566.0,4,16,,,,,,,,,,,,,,,,,,,,,,,,,,,,,,,,,,,,,,,,,,,,,,,,,,,,,,,,,,,,,
28,14,,,,,,,97,57,72,18,253.6,2730,10801,41,0,8.2,1.4;7.9;2.5;2.5;0.8;0.3;56.5;29.6;4.8;5.0;46.2;34.9;1.7;0.3;0.0;0.0;0.8;0.3;0.0;0.0;0.0;0.6;0.0;0.3,36.99,0.13,0.0,0.04,14.49,0.678,1660.0,1416.0,4,16,,,,,,,,,,,,,,,,,,,,,,,,,,,,,,,,,,,,,,,,,,,,,,,,,,,,,,,,,,,,,
28,15,,,,,,,97,72,73,18,255.8,2730,10801,41,0,8.2,0.6;5.8;3.1;1.4;1.4;0.6;53.7;34.1;7.3;4.2;26.7;53.8;0.8;0.8;0.0;0.0;0.0;0.0;0.0;0.0;0.8;0.6;0.8;0.0,36.98,0.13,0.0,0.02,14.49,0.678,585.0,1611.0,4,16,,,,,,,,,,,,,,,,,,,,,,,,,,,,,,,,,,,,,,,,,,,,,,,,,,,,,,,,,,,,,
28,16,,,,,,,96,74,74,20,257.8,2730,10801,41,0,8.1,0.8;8.7;2.5;1.4;0.6;0.6;44.2;36.1;5.1;3.7;36.0;52.7;0.3;0.6;0.0;0.0;0.6;0.0;0.0;0.0;0.0;0.0;0.6;0.0,36.98,0.13,0.0,0.04,14.49,0.678,2148.0,5517.0,4,16,,,,,,,,,,,,,,,,,,,,,,,,,,,,,,,,,,,,,,,,,,,,,,,,,,,,,,,,,,,,,
28,17,,,,,,,97,74,71,19,254.5,2730,10801,41,0,8.2,1.7;10.7;1.7;1.1;1.1;1.1;45.5;42.1;3.7;5.4;44.6;36.8;0.6;0.6;0.0;0.0;0.3;0.6;0.8;0.0;0.0;0.0;0.0;0.0,37.0,0.13,0.0,0.04,14.49,0.678,1562.0,5761.0,4,16,,,,,,,,,,,,,,,,,,,,,,,,,,,,,,,,,,,,,,,,,,,,,,,,,,,,,,,,,,,,,
28,18,,,,,,,100,82,73,12,253.5,2730,10801,41,0,7.7,2.5;10.6;3.1;4.0;0.3;2.0;34.8;23.8;6.5;5.1;45.0;41.3;1.1;0.3;0.0;0.0;0.3;0.0;0.6;0.3;0.8;0.6;0.6;0.6,36.98,0.13,0.0,0.04,14.49,0.678,341.0,439.0,4,16,,,,,,,,,,,,,,,,,,,,,,,,,,,,,,,,,,,,,,,,,,,,,,,,,,,,,,,,,,,,,
28,19,,,,,,,97,73,73,14,255.3,2730,10801,42,0,6.9,2.4;8.0;3.8;3.1;0.7;1.7;25.6;19.5;5.8;3.8;17.1;67.2;0.7;0.7;0.0;0.0;0.0;0.0;0.0;0.0;0.3;1.0;2.0;1.7,36.98,0.13,0.0,0.06,14.49,0.678,1171.0,1464.0,4,16,,,,,,,,,,,,,,,,,,,,,,,,,,,,,,,,,,,,,,,,,,,,,,,,,,,,,,,,,,,,,
28,summary,0.4471521572307599,0.970039253959483,0.4666867097105714,0.9571777145180967,0.01849622,110.3,,,,,,,,,,,,,,,,,,,,,,0,93.05,100,0,65.79,82,59,70.95,74,12,16.11,20,176.5,251.22,257.8,2730.8,10801.0,41.1,0,6.9,10.48,51.3,36.98,36.99,37.03,63.16,0.13,0.13,0.13,21.12,0.0,0.01,0.09,0.01,0.41,4.28,6.37,13.812,14.49,14.49,14.49,15.992,0.678,0.68,0.678,0.0,1464.42,5224.0,0.0,3142.53,6933.0,4,4.0,4,16,16.0,16,4,16,3.66,95.33
29,1,,,,,,,93,55,69,22,171.7,2730,10801,41,0,51.4,74.8;77.7;89.8;87.8;73.9;78.2;95.6;96.8;74.0;81.2;97.1;96.3;44.0;46.7;6.7;6.8;21.5;21.1;4.5;4.4;15.3;16.3;10.8;10.8,37.01,0.13,0.01,0.03,14.49,0.678,2392.0,5419.0,4,16,,,,,,,,,,,,,,,,,,,,,,,,,,,,,,,,,,,,,,,,,,,,,,,,,,,,,,,,,,,,,
29,2,,,,,,,97,67,72,20,257.4,2730,10801,41,0,8.2,1.1;4.7;2.5;2.3;0.8;0.8;59.4;31.9;5.1;5.4;31.9;47.5;1.7;0.6;0.0;0.0;0.8;0.0;0.0;0.0;0.0;0.0;0.0;0.3,37.01,0.13,0.01,1.21,14.49,0.678,2197.0,5566.0,4,16,,,,,,,,,,,,,,,,,,,,,,,,,,,,,,,,,,,,,,,,,,,,,,,,,,,,,,,,,,,,,
29,3,,,,,,,96,76,73,20,252.6,2730,10801,41,0,8.3,2.3;9.2;2.5;2.5;1.1;0.8;30.2;47.9;8.2;3.9;30.7;57.3;1.1;0.3;0.0;0.3;0.3;0.3;0.0;0.3;0.3;0.0;0.0;0.3,37.0,0.13,0.0,1.48,14.49,0.678,1464.0,1367.0,4,16,,,,,,,,,,,,,,,,,,,,,,,,,,,,,,,,,,,,,,,,,,,,,,,,,,,,,,,,,,,,,
29,4,,,,,,,97,75,72,11,255.1,2730,10801,41,0,8.7,1.7;7.2;3.1;3.7;0.6;0.6;52.8;26.3;7.6;6.8;35.7;58.0;0.9;1.1;0.0;0.0;0.0;0.3;0.0;0.0;0.6;0.9;0.0;0.0,36.97,0.13,0.0,4.28,14.49,0.678,341.0,292.0,4,16,,,,,,,,,,,,,,,,,,,,,,,,,,,,,,,,,,,,,,,,,,,,,,,,,,,,,,,,,,,,,
29,5,,,,,,,97,75,73,11,256.9,2730,10801,41,0,8.4,1.4;6.6;2.8;1.7;0.6;1.4;51.8;38.2;5.7;5.1;38.6;40.8;1.7;1.1;0.0;0.0;1.1;0.8;0.0;0.0;0.0;0.3;0.0;0.0,36.96,0.13,0.01,0.06,14.49,0.678,1708.0,6982.0,4,16,,,,,,,,,,,,,,,,,,,,,,,,,,,,,,,,,,,,,,,,,,,,,,,,,,,,,,,,,,,,,
29,6,,,,,,,100,77,74,11,255.5,2730,10801,41,0,7.9,0.6;8.1;1.7;2.3;0.8;0.8;50.0;26.3;4.5;4.2;31.5;55.6;0.8;0.8;0.0;0.0;0.6;0.0;0.3;0.0;0.0;0.0;1.1;0.0,36.96,0.13,0.0,0.05,14.49,0.678,1220.0,5517.0,4,16,,,,,,,,,,,,,,,,,,,,,,,,,,,,,,,,,,,,,,,,,,,,,,,,,,,,,,,,,,,,,
29,7,,,,,,,100,68,69,11,253.8,2730,10801,41,0,7.8,1.1;8.2;2.0;1.4;1.1;0.3;27.3;34.9;6.5;4.5;37.8;62.5;0.6;0.3;0.0;0.0;0.0;0.0;0.0;0.0;0.0;0.0;0.6;0.0,36.96,0.13,0.0,0.02,14.49,0.678,1464.0,97.0,4,16,,,,,,,,,,,,,,,,,,,,,,,,,,,,,,,,,,,,,,,,,,,,,,,,,,,,,,,,,,,,,
29,8,,,,,,,100,63,70,12,256.8,2730,10801,41,0,8.9,2.8;5.8;2.5;3.7;1.1;1.7;44.8;53.7;5.6;7.6;38.7;36.1;1.7;1.7;0.0;0.6;0.6;1.1;0.0;0.6;0.8;0.8;1.1;0.6,36.97,0.13,0.0,0.06,14.49,0.678,1123.0,1416.0,4,16,,,,,,,,,,,,,,,,,,,,,,,,,,,,,,,,,,,,,,,,,,,,,,,,,,,,,,,,,,,,,
29,9,,,,,,,100,56,72,12,258.5,2730,10801,41,0,8.6,1.1;9.2;3.1;1.4;1.4;1.1;44.2;51.7;7.9;6.8;40.8;32.6;1.1;1.1;0.0;0.0;0.6;0.3;0.0;0.0;0.8;0.0;0.0;0.3,36.96,0.13,0.0,0.06,14.49,0.678,1513.0,5761.0,4,16,,,,,,,,,,,,,,,,,,,,,,,,,,,,,,,,,,,,,,,,,,,,,,,,,,,,,,,,,,,,,
29,10,,,,,,,100,57,70,13,255.6,2730,10801,41,0,8.4,1.7;8.7;2.8;2.5;1.4;0.3;39.8;42.8;4.5;7.3;31.1;55.6;1.4;0.8;0.0;0.0;0.0;0.0;0.3;0.3;0.0;0.6;0.0;0.3,36.97,0.13,0.0,0.03,14.49,0.678,878.0,1562.0,4,16,,,,,,,,,,,,,,,,,,,,,,,,,,,,,,,,,,,,,,,,,,,,,,,,,,,,,,,,,,,,,
29,11,,,,,,,96,57,73,12,254.3,2730,10801,41,0,9.0,3.4;11.8;4.5;3.1;0.8;2.0;42.9;40.7;5.9;5.4;36.6;49.2;2.0;0.9;0.0;0.3;1.1;0.8;0.0;0.0;1.4;2.0;0.6;0.0,36.96,0.13,0.0,0.04,14.49,0.678,341.0,439.0,4,16,,,,,,,,,,,,,,,,,,,,,,,,,,,,,,,,,,,,,,,,,,,,,,,,,,,,,,,,,,,,,
29,12,,,,,,,97,80,72,11,257.2,2730,10801,42,0,7.9,1.1;5.8;2.5;1.1;0.6;0.8;49.3;36.3;5.7;5.4;38.2;42.8;0.8;0.3;0.0;0.0;0.0;0.0;0.0;0.0;0.0;0.0;0.3;0.3,36.96,0.13,0.0,0.04,14.49,0.678,1416.0,48.0,4,16,,,,,,,,,,,,,,,,,,,,,,,,,,,,,,,,,,,,,,,,,,,,,,,,,,,,,,,,,,,,,
29,13,,,,,,,97,76,73,14,256.5,2730,10801,42,0,8.9,2.3;8.5;4.8;1.1;2.3;1.4;32.7;64.2;7.9;4.5;28.7;45.8;2.0;0.8;0.6;0.0;0.6;1.7;0.0;0.6;0.8;0.8;0.6;0.3,36.96,0.13,0.0,0.02,14.49,0.678,2343.0,5859.0,4,16,,,,,,,,,,,,,,,,,,,,,,,,,,,,,,,,,,,,,,,,,,,,,,,,,,,,,,,,,,,,,
29,14,,,,,,,100,75,69,13,255.3,2715,10801,42,0,8.3,2.0;4.4;2.3;2.5;0.3;1.1;45.8;40.0;9.3;4.2;33.0;49.4;0.3;0.8;0.3;0.3;0.3;0.3;0.3;0.6;0.6;0.3;0.3;0.3,36.97,0.13,0.0,0.04,14.49,0.678,2001.0,0.0,4,16,,,,,,,,,,,,,,,,,,,,,,,,,,,,,,,,,,,,,,,,,,,,,,,,,,,,,,,,,,,,,
29,15,,,,,,,100,58,72,13,254.2,2730,10801,42,0,8.0,1.4;5.8;1.4;1.1;0.6;0.3;42.1;54.4;4.0;5.7;25.3;47.5;0.6;0.3;0.0;0.0;0.0;0.0;0.0;0.0;0.0;0.6;0.6;0.6,36.96,0.13,0.0,0.06,14.49,0.678,2587.0,1318.0,4,16,,,,,,,,,,,,,,,,,,,,,,,,,,,,,,,,,,,,,,,,,,,,,,,,,,,,,,,,,,,,,
29,16,,,,,,,100,59,71,12,256.9,2730,10801,42,0,8.3,1.1;10.4;3.7;1.7;0.6;2.8;71.4;37.0;6.5;5.4;32.7;22.4;0.9;0.9;0.3;0.0;0.0;0.6;0.0;0.0;0.0;0.3;0.0;0.3,36.96,0.13,0.0,0.04,14.49,0.678,2050.0,10302.0,4,16,,,,,,,,,,,,,,,,,,,,,,,,,,,,,,,,,,,,,,,,,,,,,,,,,,,,,,,,,,,,,
29,17,,,,,,,100,59,72,12,256.7,2730,10801,42,0,8.4,1.4;4.7;3.4;2.8;1.4;0.8;47.9;41.4;6.2;6.5;30.8;50.0;0.6;1.4;0.0;0.0;0.0;0.0;0.0;0.0;0.6;0.0;0.8;0.0,36.93,0.13,0.0,0.04,14.49,0.678,1904.0,5712.0,4,16,,,,,,,,,,,,,,,,,,,,,,,,,,,,,,,,,,,,,,,,,,,,,,,,,,,,,,,,,,,,,
29,18,,,,,,,98,54,72,13,253.8,2730,10801,42,0,7.0,1.4;7.4;1.1;1.4;3.1;2.3;23.2;41.4;6.5;3.1;9.3;62.0;1.7;1.4;0.0;0.3;0.3;0.6;0.0;0.0;0.3;0.3;0.3;0.0,36.95,0.13,0.0,0.01,14.49,0.678,537.0,1757.0,4,16,,,,,,,,,,,,,,,,,,,,,,,,,,,,,,,,,,,,,,,,,,,,,,,,,,,,,,,,,,,,,
29,19,,,,,,,97,74,73,15,254.0,2730,10801,42,0,5.9,0.3;4.0;1.7;1.7;0.3;0.7;63.3;23.4;3.4;2.7;27.9;11.3;0.0;0.0;0.0;0.0;0.0;0.3;0.0;0.3;0.0;0.0;0.7;0.0,36.95,0.13,0.0,0.03,14.49,0.678,927.0,11767.0,4,16,,,,,,,,,,,,,,,,,,,,,,,,,,,,,,,,,,,,,,,,,,,,,,,,,,,,,,,,,,,,,
29,summary,0.445504888575328,0.9701397211318344,0.4630282121661622,0.9625864172427816,0.01838253,110.2,,,,,,,,,,,,,,,,,,,,,,93,98.16,100,54,66.37,80,69,71.63,74,11,13.58,22,171.7,251.2,258.5,2729.2,10801.0,41.4,0,5.9,10.44,51.4,36.93,36.97,37.01,63.16,0.13,0.13,0.13,21.12,0.0,0.0,0.01,0.01,0.4,4.28,6.37,13.812,14.49,14.49,14.49,15.992,0.678,0.68,0.678,341.0,1495.05,2587.0,0.0,3746.37,11767.0,4,4.0,4,16,16.0,16,4,16,3.57,95.38
30,1,,,,,,,2,0,60,16,181.6,2745,10801,42,0,51.2,71.9;76.8;88.3;86.9;77.8;78.7;97.1;96.6;73.6;79.1;95.1;96.0;42.0;43.9;6.7;6.1;23.8;23.5;4.7;5.0;16.1;15.3;11.9;11.5,37.02,0.13,0.0,0.05,14.49,0.678,1220.0,5468.0,4,16,,,,,,,,,,,,,,,,,,,,,,,,,,,,,,,,,,,,,,,,,,,,,,,,,,,,,,,,,,,,,
30,2,,,,,,,96,55,72,14,256.8,2730,10801,42,0,7.8,1.1;5.3;2.3;2.6;0.9;0.3;30.1;48.6;5.7;5.4;23.2;59.9;0.9;0.6;0.3;0.0;0.6;0.3;0.0;0.0;0.0;0.3;0.0;0.0,37.0,0.13,0.01,1.51,14.49,0.678,2050.0,5566.0,4,16,,,,,,,,,,,,,,,,,,,,,,,,,,,,,,,,,,,,,,,,,,,,,,,,,,,,,,,,,,,,,
30,3,,,,,,,97,62,70,14,254.0,2730,10801,41,0,8.1,1.1;7.9;2.5;4.0;1.1;0.8;62.9;38.8;3.4;6.5;30.3;33.3;1.1;0.6;0.0;0.0;0.0;0.0;0.0;0.0;0.0;0.0;0.0;0.0,37.01,0.13,0.0,1.48,14.49,0.678,878.0,1464.0,4,16,,,,,,,,,,,,,,,,,,,,,,,,,,,,,,,,,,,,,,,,,,,,,,,,,,,,,,,,,,,,,
30,4,,,,,,,97,68,70,17,254.3,2730,10801,41,0,7.7,1.1;6.1;0.6;2.0;0.9;0.0;42.2;40.8;4.0;2.6;26.1;56.2;0.6;0.0;0.0;0.0;0.0;0.0;0.0;0.0;0.0;0.0;0.3;0.3,36.99,0.13,0.0,3.9,14.49,0.678,341.0,1806.0,4,16,,,,,,,,,,,,,,,,,,,,,,,,,,,,,,,,,,,,,,,,,,,,,,,,,,,,,,,,,,,,,
30,5,,,,,,,97,67,69,12,258.4,2730,10801,41,0,9.6,3.9;7.7;4.0;3.7;2.0;2.5;36.2;47.0;7.9;8.5;23.7;70.1;1.1;1.4;0.6;0.6;0.6;0.6;0.3;0.6;0.3;0.8;3.7;2.5,36.99,0.13,0.0,0.1,14.49,0.678,1660.0,6494.0,4,16,,,,,,,,,,,,,,,,,,,,,,,,,,,,,,,,,,,,,,,,,,,,,,,,,,,,,,,,,,,,,
30,6,,,,,,,97,76,70,19,256.8,2730,10801,41,0,8.3,1.4;8.4;2.8;3.4;0.6;0.8;41.1;44.5;4.2;7.6;25.6;54.8;1.7;0.6;0.0;0.0;0.3;0.0;0.0;0.3;0.0;0.8;0.3;0.0,36.99,0.13,0.0,0.04,14.49,0.678,3027.0,5859.0,4,16,,,,,,,,,,,,,,,,,,,,,,,,,,,,,,,,,,,,,,,,,,,,,,,,,,,,,,,,,,,,,
30,7,,,,,,,97,76,70,11,253.2,2730,10801,41,0,8.3,1.4;7.9;2.8;3.7;1.4;0.6;58.0;48.3;2.5;7.3;18.3;41.4;1.7;1.1;0.0;0.0;0.0;0.3;0.0;0.3;0.6;2.0;0.0;0.0,36.98,0.13,0.0,0.02,14.49,0.678,1611.0,97.0,4,16,,,,,,,,,,,,,,,,,,,,,,,,,,,,,,,,,,,,,,,,,,,,,,,,,,,,,,,,,,,,,
30,8,,,,,,,100,82,72,11,253.9,2730,10801,41,0,8.2,0.6;6.1;2.3;2.3;0.6;1.7;27.6;33.5;4.8;8.0;40.5;67.3;1.4;0.6;0.0;0.0;0.0;0.0;0.0;0.0;0.0;0.0;0.0;0.0,36.98,0.13,0.0,0.09,14.49,0.678,2343.0,1562.0,4,16,,,,,,,,,,,,,,,,,,,,,,,,,,,,,,,,,,,,,,,,,,,,,,,,,,,,,,,,,,,,,
30,9,,,,,,,100,80,72,11,256.8,2730,10801,41,0,8.3,1.7;6.0;1.7;2.0;1.4;0.3;49.9;35.3;5.1;6.8;38.0;47.7;1.1;1.4;0.6;0.3;0.0;0.3;0.0;0.0;0.0;0.0;0.0;0.0,36.98,0.13,0.0,0.02,14.49,0.678,2636.0,5566.0,4,16,,,,,,,,,,,,,,,,,,,,,,,,,,,,,,,,,,,,,,,,,,,,,,,,,,,,,,,,,,,,,
30,10,,,,,,,100,66,72,11,256.0,2730,10801,41,0,9.2,3.7;13.4;3.7;5.1;1.1;0.8;43.4;50.0;7.0;7.3;39.7;40.3;1.7;0.6;0.0;0.0;0.6;0.8;0.0;0.0;0.3;0.0;0.3;0.0,36.99,0.13,0.0,0.07,14.49,0.678,927.0,195.0,4,16,,,,,,,,,,,,,,,,,,,,,,,,,,,,,,,,,,,,,,,,,,,,,,,,,,,,,,,,,,,,,
30,11,,,,,,,85,68,71,11,253.4,2730,10801,41,0,8.0,2.5;6.4;2.0;2.0;1.1;1.7;45.6;37.1;3.4;5.1;32.8;50.7;1.4;0.6;0.0;0.0;0.3;0.0;0.0;0.0;0.0;0.0;0.3;0.3,36.96,0.13,0.0,0.07,14.49,0.678,1123.0,1513.0,4,16,,,,,,,,,,,,,,,,,,,,,,,,,,,,,,,,,,,,,,,,,,,,,,,,,,,,,,,,,,,,,
30,12,,,,,,,100,82,71,14,257.4,2730,10801,41,0,8.5,1.1;6.9;4.0;1.4;1.1;0.6;39.4;30.9;5.1;7.4;34.6;65.0;0.9;1.4;0.6;0.6;0.3;0.9;0.3;0.0;0.0;0.0;0.0;0.0,36.96,0.13,0.0,0.02,14.49,0.678,341.0,1562.0,4,16,,,,,,,,,,,,,,,,,,,,,,,,,,,,,,,,,,,,,,,,,,,,,,,,,,,,,,,,,,,,,
30,13,,,,,,,100,70,71,12,255.5,2730,10801,41,0,8.0,1.1;6.9;1.7;2.5;0.6;0.6;42.4;54.5;4.0;6.8;17.5;50.0;2.0;0.8;0.0;0.0;0.0;0.3;0.0;0.0;0.0;0.3;0.0;0.0,36.96,0.13,0.0,0.05,14.49,0.678,2392.0,5517.0,4,16,,,,,,,,,,,,,,,,,,,,,,,,,,,,,,,,,,,,,,,,,,,,,,,,,,,,,,,,,,,,,
30,14,,,,,,,100,68,73,13,254.4,2730,10801,41,0,8.6,2.5;6.6;3.1;3.7;1.1;0.8;35.7;68.8;4.2;8.8;18.7;47.3;0.3;1.4;0.0;0.0;0.0;0.6;0.0;0.0;0.3;0.3;0.8;0.6,36.96,0.13,0.0,0.19,14.49,0.678,1123.0,1464.0,4,16,,,,,,,,,,,,,,,,,,,,,,,,,,,,,,,,,,,,,,,,,,,,,,,,,,,,,,,,,,,,,
30,15,,,,,,,100,66,73,13,256.1,2730,10801,41,0,8.0,1.1;5.5;3.1;1.4;1.1;0.6;33.0;42.9;2.8;5.7;37.4;50.9;2.0;1.7;0.0;0.0;0.3;0.6;0.0;0.3;0.0;0.3;0.0;0.0,36.96,0.13,0.01,0.03,14.49,0.678,0.0,1660.0,4,16,,,,,,,,,,,,,,,,,,,,,,,,,,,,,,,,,,,,,,,,,,,,,,,,,,,,,,,,,,,,,
30,16,,,,,,,100,65,73,15,257.1,2730,10801,42,0,7.9,1.4;10.5;0.9;1.1;0.3;0.3;34.9;39.2;2.6;3.1;45.7;47.0;0.8;0.6;0.0;0.0;0.0;0.0;0.0;0.0;0.6;0.3;0.3;0.0,36.97,0.13,0.0,0.05,14.49,0.678,15234.0,6494.0,4,16,,,,,,,,,,,,,,,,,,,,,,,,,,,,,,,,,,,,,,,,,,,,,,,,,,,,,,,,,,,,,
30,17,,,,,,,100,52,72,15,254.5,2730,10801,42,0,9.6,5.1;10.3;4.8;3.1;2.3;1.4;44.8;47.2;5.7;10.7;33.6;50.6;0.9;2.6;0.3;0.3;0.3;0.9;0.6;0.3;0.6;2.8;0.3;0.6,36.97,0.13,0.01,0.11,14.49,0.678,2343.0,5517.0,4,16,,,,,,,,,,,,,,,,,,,,,,,,,,,,,,,,,,,,,,,,,,,,,,,,,,,,,,,,,,,,,
30,18,,,,,,,100,57,72,18,253.7,2730,10801,42,0,7.4,2.3;7.4;3.7;2.0;1.1;1.7;50.9;24.7;4.0;5.7;39.8;34.1;0.0;0.3;0.3;0.0;0.0;0.0;0.0;0.0;0.8;0.0;0.0;0.0,36.98,0.13,0.04,0.06,14.49,0.678,1123.0,1562.0,4,16,,,,,,,,,,,,,,,,,,,,,,,,,,,,,,,,,,,,,,,,,,,,,,,,,,,,,,,,,,,,,
30,19,,,,,,,100,71,71,13,254.8,2730,10801,42,0,6.2,0.7;7.9;1.0;2.0;0.7;0.0;9.2;40.5;3.4;1.7;17.6;61.6;0.7;0.0;0.0;0.0;0.7;0.0;0.3;0.0;0.0;0.0;1.0;0.0,36.96,0.13,0.0,0.18,14.49,0.678,585.0,0.0,4,16,,,,,,,,,,,,,,,,,,,,,,,,,,,,,,,,,,,,,,,,,,,,,,,,,,,,,,,,,,,,,
30,summary,0.44287732001930974,0.9709291060574529,0.469871010349843,0.9580723871492477,0.01826507,110.1,,,,,,,,,,,,,,,,,,,,,,2,93.05,100,0,64.79,82,60,70.74,73,11,13.68,19,181.6,251.51,258.4,2730.8,10801.0,41.3,0,6.2,10.47,51.2,36.96,36.98,37.02,63.16,0.13,0.13,0.13,21.12,0.0,0.0,0.04,0.02,0.42,3.9,6.37,13.812,14.49,14.49,14.49,15.992,0.678,0.68,0.678,0.0,2155.63,15234.0,0.0,3124.53,6494.0,4,4.0,4,16,16.0,16,4,16,3.43,95.36
