epoch,sample_point,train_loss,train_acc,val_loss,val_acc,lr,epoch_time_s,cuda_util_pct,cuda_mem_util_pct,gpu_temp_c,gpu_temp_tlimit_c,gpu_power_w,gpu_clock_sm_mhz,gpu_clock_mem_mhz,gpu_fan_pct,gpu_throttled,cpu_pct,cpu_pct_per_core,ram_used_gb,swap_used_gb,disk_read_mb_s,disk_write_mb_s,nvsmi_vram_used_gb,vram_other_processes_gb,pcie_tx_kb_s,pcie_rx_kb_s,pcie_link_gen_current,pcie_link_width_current,cuda_util_pct_min,cuda_util_pct_avg,cuda_util_pct_max,cuda_mem_util_pct_min,cuda_mem_util_pct_avg,cuda_mem_util_pct_max,gpu_temp_c_min,gpu_temp_c_avg,gpu_temp_c_max,gpu_temp_tlimit_c_min,gpu_temp_tlimit_c_avg,gpu_temp_tlimit_c_max,gpu_power_w_min,gpu_power_w_avg,gpu_power_w_max,gpu_clock_sm_mhz_avg,gpu_clock_mem_mhz_avg,gpu_fan_pct_avg,gpu_throttled_any,cpu_pct_min,cpu_pct_avg,cpu_pct_max,ram_used_gb_min,ram_used_gb_avg,ram_used_gb_max,ram_total_gb,swap_used_gb_min,swap_used_gb_avg,swap_used_gb_max,swap_total_gb,disk_read_mb_s_min,disk_read_mb_s_avg,disk_read_mb_s_max,disk_write_mb_s_min,disk_write_mb_s_avg,disk_write_mb_s_max,vram_peak_alloc_gb,vram_peak_reserved_gb,nvsmi_vram_used_gb_min,nvsmi_vram_used_gb_avg,nvsmi_vram_used_gb_max,nvsmi_vram_total_gb,vram_other_processes_gb_min,vram_other_processes_gb_avg,vram_other_processes_gb_max,pcie_tx_kb_s_min,pcie_tx_kb_s_avg,pcie_tx_kb_s_max,pcie_rx_kb_s_min,pcie_rx_kb_s_avg,pcie_rx_kb_s_max,pcie_link_gen_current_min,pcie_link_gen_current_avg,pcie_link_gen_current_max,pcie_link_width_current_min,pcie_link_width_current_avg,pcie_link_width_current_max,pcie_link_gen_max,pcie_link_width_max,data_wait_s,compute_s
1,1,,,,,,,99,75,47,28,27.3,2565,10801,30,0,7.0,2.4;4.8;3.4;3.7;2.1;2.4;22.6;40.8;6.0;8.9;20.4;37.4;1.8;1.8;0.7;0.6;1.4;1.2;0.4;0.2;0.9;1.1;0.8;1.0,32.5,0.04,0.01,0.7,14.9,0.591,341.0,1708.0,4,16,,,,,,,,,,,,,,,,,,,,,,,,,,,,,,,,,,,,,,,,,,,,,,,,,,,,,,,,,,,,,
1,2,,,,,,,100,60,63,21,238.0,2745,10801,30,0,8.1,1.4;4.4;1.7;1.4;1.0;0.9;30.8;40.5;4.0;7.4;40.5;59.6;0.9;1.1;0.0;0.0;0.0;0.4;0.0;0.0;0.0;0.0;0.0;0.0,32.39,0.04,0.0,0.05,14.906,0.597,1416.0,1513.0,4,16,,,,,,,,,,,,,,,,,,,,,,,,,,,,,,,,,,,,,,,,,,,,,,,,,,,,,,,,,,,,,
1,3,,,,,,,98,82,63,22,237.2,2730,10801,31,0,7.9,1.0;3.5;1.5;0.9;0.5;0.5;52.9;29.1;2.8;4.3;48.4;41.6;0.9;0.6;0.1;0.0;0.1;0.0;0.0;0.1;0.3;0.0;0.0;0.1,32.44,0.04,0.0,0.03,14.906,0.597,341.0,878.0,4,16,,,,,,,,,,,,,,,,,,,,,,,,,,,,,,,,,,,,,,,,,,,,,,,,,,,,,,,,,,,,,
1,4,,,,,,,100,68,63,20,239.3,2745,10801,33,0,8.1,1.4;4.3;2.2;1.3;0.3;0.6;33.9;39.9;3.8;3.1;53.7;46.1;0.5;0.9;0.0;0.1;0.1;0.0;0.0;0.4;0.8;1.3;0.0;0.0,32.39,0.04,0.0,0.04,14.906,0.597,2343.0,6884.0,4,16,,,,,,,,,,,,,,,,,,,,,,,,,,,,,,,,,,,,,,,,,,,,,,,,,,,,,,,,,,,,,
1,5,,,,,,,98,78,66,24,239.1,2730,10801,34,0,7.9,1.3;2.3;1.8;1.3;0.4;0.6;39.3;50.6;4.0;3.3;33.9;45.7;0.9;1.5;1.3;1.3;0.1;0.0;0.0;0.0;0.0;0.1;0.1;0.0,32.42,0.04,0.0,0.04,14.906,0.597,1513.0,0.0,4,16,,,,,,,,,,,,,,,,,,,,,,,,,,,,,,,,,,,,,,,,,,,,,,,,,,,,,,,,,,,,,
1,6,,,,,,,100,66,67,18,241.1,2745,10801,35,0,8.1,0.9;4.3;1.7;2.2;0.6;0.5;49.6;43.0;4.8;4.6;41.1;36.9;1.4;1.0;0.1;0.3;0.1;0.0;0.3;0.0;0.5;0.4;0.8;0.8,32.41,0.04,0.01,0.1,14.906,0.597,1416.0,0.0,4,16,,,,,,,,,,,,,,,,,,,,,,,,,,,,,,,,,,,,,,,,,,,,,,,,,,,,,,,,,,,,,
1,7,,,,,,,100,79,67,18,239.6,2730,10801,35,0,8.7,2.2;3.0;3.3;2.2;0.8;0.9;46.7;46.6;6.0;6.8;34.0;50.1;0.9;1.0;0.3;0.1;0.0;0.4;0.4;0.3;0.8;0.4;0.4;0.0,32.41,0.04,0.0,0.05,14.906,0.597,2392.0,5419.0,4,16,,,,,,,,,,,,,,,,,,,,,,,,,,,,,,,,,,,,,,,,,,,,,,,,,,,,,,,,,,,,,
1,8,,,,,,,100,68,68,17,241.2,2730,10801,35,0,8.3,1.5;2.7;2.0;1.3;0.9;0.9;43.4;38.8;4.6;3.4;45.9;48.0;1.3;0.9;0.4;0.4;0.0;0.0;0.1;0.3;0.3;0.1;0.1;0.9,32.39,0.04,0.01,0.09,14.906,0.597,1660.0,0.0,4,16,,,,,,,,,,,,,,,,,,,,,,,,,,,,,,,,,,,,,,,,,,,,,,,,,,,,,,,,,,,,,
1,9,,,,,,,98,82,69,16,240.4,2730,10801,36,0,8.1,1.1;3.8;1.8;1.9;0.6;0.1;52.1;35.2;6.9;4.8;35.9;46.6;1.0;1.0;0.1;0.0;0.1;0.1;0.0;0.0;0.4;0.1;0.4;0.1,32.39,0.04,0.0,0.06,14.906,0.597,292.0,0.0,4,16,,,,,,,,,,,,,,,,,,,,,,,,,,,,,,,,,,,,,,,,,,,,,,,,,,,,,,,,,,,,,
1,10,,,,,,,100,71,68,15,241.9,2730,10801,37,0,8.1,1.9;3.8;2.3;2.4;0.8;0.3;46.2;27.2;6.0;5.8;40.6;53.8;0.8;0.8;0.0;0.0;0.0;0.0;0.0;0.1;0.0;0.0;0.1;0.0,32.39,0.04,0.0,0.04,14.906,0.597,2490.0,5615.0,4,16,,,,,,,,,,,,,,,,,,,,,,,,,,,,,,,,,,,,,,,,,,,,,,,,,,,,,,,,,,,,,
1,11,,,,,,,100,84,71,17,240.0,2730,10801,37,0,7.8,1.4;3.8;1.9;0.9;0.1;0.9;50.7;24.9;5.2;3.7;46.7;45.7;0.6;0.8;0.0;0.0;0.0;0.1;0.0;0.0;0.1;0.0;0.1;0.1,32.38,0.04,0.0,0.04,14.906,0.597,976.0,146.0,4,16,,,,,,,,,,,,,,,,,,,,,,,,,,,,,,,,,,,,,,,,,,,,,,,,,,,,,,,,,,,,,
1,12,,,,,,,100,75,70,16,242.1,2730,10801,37,0,8.6,1.8;6.0;2.8;1.8;0.9;0.3;48.9;45.3;5.3;4.3;37.2;45.7;0.8;0.9;0.4;0.3;0.1;0.3;0.0;0.0;0.3;0.1;1.7;2.0,32.4,0.04,0.0,0.05,14.906,0.597,341.0,390.0,4,16,,,,,,,,,,,,,,,,,,,,,,,,,,,,,,,,,,,,,,,,,,,,,,,,,,,,,,,,,,,,,
1,13,,,,,,,100,49,71,19,242.4,2730,10801,37,0,8.0,0.8;3.3;0.8;1.9;1.4;1.0;48.3;40.4;4.0;3.7;40.4;42.6;0.6;0.9;0.0;0.3;0.1;0.0;0.0;0.3;0.3;0.0;0.3;0.1,32.4,0.04,0.0,0.05,14.906,0.597,4345.0,5371.0,4,16,,,,,,,,,,,,,,,,,,,,,,,,,,,,,,,,,,,,,,,,,,,,,,,,,,,,,,,,,,,,,
1,14,,,,,,,100,85,70,21,240.7,2730,10801,37,0,8.0,2.2;4.0;1.3;2.0;0.8;0.9;58.8;41.4;5.0;3.4;43.1;28.1;0.9;0.5;0.1;0.1;0.1;0.3;0.0;0.0;0.0;0.0;0.1;0.1,32.43,0.04,0.0,0.04,14.906,0.597,341.0,488.0,4,16,,,,,,,,,,,,,,,,,,,,,,,,,,,,,,,,,,,,,,,,,,,,,,,,,,,,,,,,,,,,,
1,15,,,,,,,100,51,71,13,242.2,2730,10801,37,0,8.0,1.7;3.8;1.3;1.5;0.0;0.6;55.8;27.0;3.6;4.6;34.1;55.9;0.6;0.6;0.1;0.1;0.5;0.3;0.0;0.0;0.0;0.5;0.0;0.1,32.39,0.04,0.0,0.05,14.906,0.597,1416.0,0.0,4,16,,,,,,,,,,,,,,,,,,,,,,,,,,,,,,,,,,,,,,,,,,,,,,,,,,,,,,,,,,,,,
1,16,,,,,,,100,79,68,15,240.0,2730,10801,38,0,8.2,2.9;3.8;2.0;2.4;0.8;0.8;23.3;41.6;4.0;7.4;42.1;64.0;0.5;0.9;0.0;0.0;0.0;0.0;0.0;0.0;0.3;0.1;0.3;0.1,32.28,0.04,0.0,0.04,14.906,0.597,1611.0,8007.0,4,16,,,,,,,,,,,,,,,,,,,,,,,,,,,,,,,,,,,,,,,,,,,,,,,,,,,,,,,,,,,,,
1,17,,,,,,,100,55,70,13,242.1,2730,10801,38,0,8.0,1.1;2.8;1.5;1.1;1.7;1.1;42.3;40.5;3.2;5.2;40.5;48.9;1.1;0.4;0.1;0.0;0.1;0.0;0.0;0.0;0.6;0.9;0.0;0.0,32.38,0.04,0.0,0.05,14.906,0.597,878.0,0.0,4,16,,,,,,,,,,,,,,,,,,,,,,,,,,,,,,,,,,,,,,,,,,,,,,,,,,,,,,,,,,,,,
1,18,,,,,,,100,87,68,16,241.8,2730,10801,38,0,7.9,1.1;2.4;1.1;2.0;1.0;0.6;35.6;39.9;3.6;8.5;31.8;59.5;0.6;1.1;0.1;0.1;0.0;0.0;0.3;0.3;0.0;0.0;0.0;0.3,32.4,0.04,0.0,0.05,14.906,0.597,1708.0,1416.0,4,16,,,,,,,,,,,,,,,,,,,,,,,,,,,,,,,,,,,,,,,,,,,,,,,,,,,,,,,,,,,,,
1,19,,,,,,,100,47,72,20,241.7,2730,10801,38,0,8.0,1.4;3.0;1.7;2.2;0.8;0.4;35.6;38.5;2.0;4.7;47.2;49.5;0.8;1.0;0.0;0.0;0.3;0.0;0.0;0.1;0.0;1.5;0.4;0.0,32.38,0.04,0.0,0.04,14.906,0.597,2734.0,5468.0,4,16,,,,,,,,,,,,,,,,,,,,,,,,,,,,,,,,,,,,,,,,,,,,,,,,,,,,,,,,,,,,,
1,20,,,,,,,100,87,70,13,241.7,2730,10801,38,0,8.3,0.8;2.8;2.8;1.9;0.3;1.4;48.0;31.0;5.7;5.2;50.4;45.5;0.4;1.3;0.1;0.3;0.4;0.1;0.1;0.3;0.0;0.5;0.0;0.1,32.39,0.04,0.0,0.02,14.906,0.597,878.0,1562.0,4,16,,,,,,,,,,,,,,,,,,,,,,,,,,,,,,,,,,,,,,,,,,,,,,,,,,,,,,,,,,,,,
1,21,,,,,,,100,56,72,15,241.4,2730,10801,38,0,8.0,0.9;3.5;1.5;2.3;1.6;0.6;41.1;33.4;3.2;4.5;47.3;50.9;0.6;0.6;0.0;0.0;0.0;0.1;0.0;0.0;0.1;0.1;0.1;0.1,32.38,0.04,0.0,0.03,14.906,0.597,1416.0,0.0,4,16,,,,,,,,,,,,,,,,,,,,,,,,,,,,,,,,,,,,,,,,,,,,,,,,,,,,,,,,,,,,,
1,22,,,,,,,100,88,67,15,240.8,2730,10801,38,0,7.8,0.8;3.2;1.5;1.0;0.5;0.8;45.8;35.9;3.8;5.9;38.0;49.7;0.5;0.6;0.0;0.0;0.0;0.0;0.0;0.0;0.1;0.0;0.0;0.0,32.4,0.04,0.0,0.05,14.906,0.597,2148.0,5664.0,4,16,,,,,,,,,,,,,,,,,,,,,,,,,,,,,,,,,,,,,,,,,,,,,,,,,,,,,,,,,,,,,
1,23,,,,,,,100,50,72,15,243.2,2730,10801,39,0,7.9,1.5;2.5;1.1;1.8;1.3;0.9;42.6;43.9;4.3;5.0;31.0;49.8;0.8;0.6;0.3;0.0;0.0;0.0;0.3;0.0;0.0;0.8;0.1;0.3,32.4,0.04,0.0,0.03,14.906,0.597,781.0,0.0,4,16,,,,,,,,,,,,,,,,,,,,,,,,,,,,,,,,,,,,,,,,,,,,,,,,,,,,,,,,,,,,,
1,24,,,,,,,100,87,67,16,241.5,2730,10801,38,0,7.2,1.3;4.9;1.5;1.1;0.4;0.9;34.9;30.4;2.2;4.2;32.3;56.7;0.4;0.5;0.3;0.1;0.0;0.0;0.0;0.0;0.1;0.5;0.0;0.0,32.36,0.04,0.0,0.04,14.906,0.597,25390.0,334033.0,4,16,,,,,,,,,,,,,,,,,,,,,,,,,,,,,,,,,,,,,,,,,,,,,,,,,,,,,,,,,,,,,
1,25,,,,,,,100,65,72,20,243.3,2730,10801,39,0,5.6,0.6;3.8;0.6;1.8;0.1;0.4;33.2;36.3;1.5;2.6;33.1;18.9;0.0;0.0;0.0;0.0;0.1;0.0;0.0;0.1;0.0;0.1;0.1;0.0,32.37,0.04,0.0,0.05,14.906,0.597,2246.0,5712.0,4,16,,,,,,,,,,,,,,,,,,,,,,,,,,,,,,,,,,,,,,,,,,,,,,,,,,,,,,,,,,,,,
1,26,,,,,,,95,78,71,14,220.8,2730,10801,39,0,6.7,3.5;1.2;3.5;2.4;1.2;0.0;11.6;55.3;4.7;3.5;8.1;61.6;2.4;1.1;0.0;0.0;0.0;0.0;0.0;0.0;1.2;0.0;0.0;0.0,32.4,0.04,0.0,0.0,14.906,0.597,1025.0,410253.0,4,16,,,,,,,,,,,,,,,,,,,,,,,,,,,,,,,,,,,,,,,,,,,,,,,,,,,,,,,,,,,,,
1,summary,0.9859875841716972,0.7456734403891171,0.3323253487481011,0.9916666666666667,0.00100000,357.8,,,,,,,,,,,,,,,,,,,,,,95,99.54,100,47,71.23,88,47,67.81,72,13,17.58,28,27.3,231.95,243.3,2725.4,10801.0,36.2,0,5.6,7.86,8.7,32.28,32.39,32.5,63.16,0.04,0.04,0.04,16.0,0.0,0.0,0.01,0.0,0.07,0.7,11.015,14.309,14.9,14.91,14.906,15.992,0.591,0.6,0.597,292.0,2401.46,25390.0,0.0,30789.5,410253.0,4,4.0,4,16,16.0,16,4,16,47.26,291.41
2,1,,,,,,,100,73,67,17,125.7,2745,10801,39,0,20.3,17.2;18.4;20.8;21.7;18.2;19.3;60.3;50.0;22.7;24.9;63.0;67.5;12.6;14.2;3.6;3.7;8.1;9.5;2.4;2.9;5.3;6.8;6.9;8.1,32.6,0.04,0.0,0.02,14.363,0.054,341.0,48.0,4,16,,,,,,,,,,,,,,,,,,,,,,,,,,,,,,,,,,,,,,,,,,,,,,,,,,,,,,,,,,,,,
2,2,,,,,,,100,77,71,17,241.2,2730,10801,38,0,8.2,1.8;4.2;1.2;1.4;0.6;0.8;40.0;38.7;6.4;6.0;36.1;54.4;0.6;0.9;0.0;0.0;0.0;0.0;0.0;0.0;1.7;1.0;0.1;0.1,32.53,0.04,0.0,4.06,14.363,0.054,0.0,1708.0,4,16,,,,,,,,,,,,,,,,,,,,,,,,,,,,,,,,,,,,,,,,,,,,,,,,,,,,,,,,,,,,,
2,3,,,,,,,100,75,68,15,240.4,2730,10801,39,0,7.8,1.3;2.5;1.8;1.7;0.4;0.3;51.1;40.6;5.5;1.7;48.1;30.2;0.8;0.6;0.0;0.1;0.0;0.0;0.0;0.1;0.3;0.3;0.3;0.4,32.49,0.04,0.0,2.23,14.363,0.054,634.0,1708.0,4,16,,,,,,,,,,,,,,,,,,,,,,,,,,,,,,,,,,,,,,,,,,,,,,,,,,,,,,,,,,,,,
2,4,,,,,,,100,64,72,15,242.6,2730,10801,39,0,7.7,0.8;1.7;1.1;0.5;0.3;0.4;42.9;32.7;5.1;2.7;46.6;48.0;0.8;0.9;0.0;0.0;0.0;0.0;0.0;0.0;0.0;0.3;0.1;0.3,32.44,0.04,0.0,2.92,14.363,0.054,14111.0,20947.0,4,16,,,,,,,,,,,,,,,,,,,,,,,,,,,,,,,,,,,,,,,,,,,,,,,,,,,,,,,,,,,,,
2,5,,,,,,,100,77,69,15,241.4,2730,10801,38,0,8.0,0.9;4.3;1.8;0.3;1.9;2.4;47.6;32.1;5.7;2.2;41.0;50.3;0.5;0.9;0.1;0.4;0.3;0.0;0.0;0.0;0.0;0.1;0.4;0.0,32.48,0.04,0.0,0.02,14.363,0.054,390.0,0.0,4,16,,,,,,,,,,,,,,,,,,,,,,,,,,,,,,,,,,,,,,,,,,,,,,,,,,,,,,,,,,,,,
2,6,,,,,,,100,78,70,15,241.3,2730,10801,39,0,8.1,1.7;4.5;2.2;1.7;0.8;0.1;32.5;44.5;7.3;4.6;39.6;52.4;0.6;0.9;0.3;0.3;0.0;0.0;0.1;0.0;0.0;0.0;0.0;0.1,32.48,0.04,0.0,0.06,14.363,0.054,341.0,1757.0,4,16,,,,,,,,,,,,,,,,,,,,,,,,,,,,,,,,,,,,,,,,,,,,,,,,,,,,,,,,,,,,,
2,7,,,,,,,98,81,69,14,238.1,2730,10801,39,0,8.2,2.6;4.3;2.4;1.5;0.4;1.0;41.6;45.0;4.1;4.1;39.5;48.0;0.9;0.6;0.0;0.1;0.3;0.0;0.1;0.0;0.1;0.0;0.0;0.0,32.51,0.04,0.0,0.05,14.363,0.054,2636.0,6835.0,4,16,,,,,,,,,,,,,,,,,,,,,,,,,,,,,,,,,,,,,,,,,,,,,,,,,,,,,,,,,,,,,
2,8,,,,,,,100,48,71,15,241.8,2730,10801,39,0,8.4,2.6;6.1;3.2;3.1;1.0;0.8;42.1;36.7;3.3;5.1;33.9;58.9;0.8;0.9;0.1;0.0;0.4;0.3;0.0;0.0;0.4;0.8;0.9;0.1,32.49,0.04,0.0,0.14,14.363,0.054,1416.0,1416.0,4,16,,,,,,,,,,,,,,,,,,,,,,,,,,,,,,,,,,,,,,,,,,,,,,,,,,,,,,,,,,,,,
2,9,,,,,,,87,70,69,16,238.4,2730,10801,39,0,8.1,0.9;3.9;1.3;1.4;0.5;1.0;47.6;32.9;4.3;6.5;44.0;47.7;0.6;0.6;0.0;0.0;0.0;0.1;0.0;0.0;0.1;0.4;0.3;0.0,32.48,0.04,0.0,0.06,14.363,0.054,439.0,1416.0,4,16,,,,,,,,,,,,,,,,,,,,,,,,,,,,,,,,,,,,,,,,,,,,,,,,,,,,,,,,,,,,,
2,10,,,,,,,100,49,72,15,240.3,2730,10801,39,0,8.0,1.7;5.1;0.5;0.9;0.1;0.6;37.4;37.9;4.5;2.8;39.1;58.4;0.8;0.6;0.0;0.1;0.0;0.1;0.1;0.0;0.5;0.8;0.3;0.3,32.46,0.04,0.0,0.04,14.363,0.054,2343.0,6884.0,4,16,,,,,,,,,,,,,,,,,,,,,,,,,,,,,,,,,,,,,,,,,,,,,,,,,,,,,,,,,,,,,
2,11,,,,,,,98,83,69,17,238.9,2730,10801,39,0,8.1,1.5;2.7;2.5;1.3;1.9;1.7;46.2;32.0;5.7;5.6;39.3;50.8;0.6;0.6;0.0;0.0;0.0;0.0;0.0;0.3;0.1;0.5;0.1;0.0,32.49,0.04,0.0,0.09,14.363,0.054,28125.0,146.0,4,16,,,,,,,,,,,,,,,,,,,,,,,,,,,,,,,,,,,,,,,,,,,,,,,,,,,,,,,,,,,,,
2,12,,,,,,,100,48,72,12,242.5,2730,10801,39,0,7.9,0.8;3.2;2.5;1.1;0.3;0.0;34.1;46.4;6.2;2.5;39.2;49.4;0.6;0.9;0.1;0.4;0.1;0.0;0.0;0.0;0.0;0.0;0.3;0.3,32.47,0.04,0.0,0.04,14.363,0.054,1416.0,48.0,4,16,,,,,,,,,,,,,,,,,,,,,,,,,,,,,,,,,,,,,,,,,,,,,,,,,,,,,,,,,,,,,
2,13,,,,,,,98,73,67,14,241.7,2730,10801,39,0,8.2,1.6;4.0;2.5;1.4;0.6;1.0;46.7;22.7;3.8;4.8;50.3;54.8;1.0;0.6;0.0;0.0;0.1;0.0;0.0;0.0;0.1;0.0;0.1;0.1,32.49,0.04,0.0,0.02,14.363,0.054,33740.0,193994.0,4,16,,,,,,,,,,,,,,,,,,,,,,,,,,,,,,,,,,,,,,,,,,,,,,,,,,,,,,,,,,,,,
2,14,,,,,,,100,51,72,13,242.0,2730,10801,39,0,8.1,1.1;3.0;1.8;2.0;0.4;0.5;41.3;30.9;6.2;4.8;49.7;50.4;1.0;1.0;0.1;0.1;0.0;0.1;0.0;0.0;0.1;0.1;0.4;0.0,32.44,0.04,0.0,0.05,14.363,0.054,292.0,1611.0,4,16,,,,,,,,,,,,,,,,,,,,,,,,,,,,,,,,,,,,,,,,,,,,,,,,,,,,,,,,,,,,,
2,15,,,,,,,100,86,68,14,239.9,2730,10801,39,0,8.1,1.5;5.2;1.9;1.7;0.4;0.4;46.8;41.6;4.3;5.9;34.0;46.6;0.8;0.8;0.0;0.0;0.1;0.0;0.0;0.0;0.0;0.5;0.3;0.5,32.48,0.04,0.0,0.04,14.363,0.054,634.0,1611.0,4,16,,,,,,,,,,,,,,,,,,,,,,,,,,,,,,,,,,,,,,,,,,,,,,,,,,,,,,,,,,,,,
2,16,,,,,,,100,49,72,17,241.5,2730,10801,39,0,7.8,1.5;3.8;2.3;0.9;0.6;0.1;43.2;42.5;3.6;5.0;35.2;46.7;0.8;0.6;0.6;0.3;0.1;0.0;0.0;0.1;0.0;0.1;0.1;0.0,32.48,0.04,0.0,0.03,14.363,0.054,1708.0,5468.0,4,16,,,,,,,,,,,,,,,,,,,,,,,,,,,,,,,,,,,,,,,,,,,,,,,,,,,,,,,,,,,,,
2,17,,,,,,,98,79,69,13,238.2,2730,10801,39,0,8.2,2.9;3.8;2.4;3.2;0.6;0.6;47.8;34.8;2.9;5.4;40.6;49.0;0.8;0.6;0.0;0.5;0.3;0.1;0.1;0.0;0.4;0.0;0.3;0.3,32.48,0.04,0.0,0.03,14.363,0.054,2490.0,3320.0,4,16,,,,,,,,,,,,,,,,,,,,,,,,,,,,,,,,,,,,,,,,,,,,,,,,,,,,,,,,,,,,,
2,18,,,,,,,100,52,72,15,241.9,2730,10801,39,0,8.1,1.7;3.5;1.9;1.8;0.8;0.9;51.4;33.0;5.1;2.8;34.7;53.2;1.0;0.6;0.0;0.1;0.0;0.0;0.1;0.0;0.3;0.3;0.3;0.0,32.48,0.04,0.0,0.05,14.363,0.054,12451.0,14111.0,4,16,,,,,,,,,,,,,,,,,,,,,,,,,,,,,,,,,,,,,,,,,,,,,,,,,,,,,,,,,,,,,
2,19,,,,,,,98,83,68,15,239.2,2730,10801,39,0,8.2,1.5;5.4;2.8;2.0;0.9;0.4;49.9;45.2;5.1;4.2;42.6;33.7;0.9;0.5;0.0;0.0;0.3;0.3;0.0;0.0;0.0;0.1;0.3;0.1,32.48,0.04,0.0,0.04,14.363,0.054,4199.0,5566.0,4,16,,,,,,,,,,,,,,,,,,,,,,,,,,,,,,,,,,,,,,,,,,,,,,,,,,,,,,,,,,,,,
2,20,,,,,,,100,48,70,14,241.6,2730,10801,39,0,7.9,0.8;3.2;2.2;0.6;0.9;0.5;43.8;65.8;3.7;3.7;34.0;28.3;1.0;1.0;0.0;0.0;0.0;0.0;0.0;0.0;0.1;0.0;0.1;0.1,32.45,0.04,0.0,0.04,14.363,0.054,1416.0,1367.0,4,16,,,,,,,,,,,,,,,,,,,,,,,,,,,,,,,,,,,,,,,,,,,,,,,,,,,,,,,,,,,,,
2,21,,,,,,,98,78,71,18,239.2,2730,10801,39,0,8.2,2.9;3.6;3.8;2.2;0.5;0.4;42.7;38.0;4.3;4.1;46.1;44.9;0.6;1.3;0.1;0.0;0.1;0.0;0.0;0.1;0.0;0.3;0.0;0.0,32.44,0.04,0.0,0.03,14.363,0.054,341.0,48.0,4,16,,,,,,,,,,,,,,,,,,,,,,,,,,,,,,,,,,,,,,,,,,,,,,,,,,,,,,,,,,,,,
2,22,,,,,,,100,48,72,13,239.7,2730,10801,39,0,7.8,0.8;3.5;1.7;1.5;0.0;0.5;43.2;43.6;3.3;7.0;37.0;43.4;0.8;0.8;0.0;0.0;0.0;0.0;0.1;0.0;0.0;0.0;0.1;0.0,32.42,0.04,0.0,0.05,14.363,0.054,2343.0,6884.0,4,16,,,,,,,,,,,,,,,,,,,,,,,,,,,,,,,,,,,,,,,,,,,,,,,,,,,,,,,,,,,,,
2,23,,,,,,,98,78,71,16,239.0,2730,10801,39,0,7.9,2.4;2.0;1.9;1.1;1.1;0.5;50.8;35.3;3.7;4.3;32.9;52.5;0.5;0.6;0.3;0.0;0.0;0.1;0.0;0.0;0.1;0.0;0.3;0.1,32.47,0.04,0.0,0.04,14.363,0.054,2392.0,1416.0,4,16,,,,,,,,,,,,,,,,,,,,,,,,,,,,,,,,,,,,,,,,,,,,,,,,,,,,,,,,,,,,,
2,24,,,,,,,100,50,72,14,241.3,2730,10801,39,0,7.1,0.6;2.9;1.0;0.6;0.8;1.4;41.9;33.8;3.2;3.2;31.8;46.7;0.4;0.5;0.0;0.0;0.0;0.0;0.0;0.0;0.0;0.0;1.0;0.1,32.44,0.04,0.0,0.03,14.363,0.054,878.0,6103.0,4,16,,,,,,,,,,,,,,,,,,,,,,,,,,,,,,,,,,,,,,,,,,,,,,,,,,,,,,,,,,,,,
2,25,,,,,,,100,80,69,15,239.4,2730,10801,39,0,5.7,0.9;4.0;0.9;1.9;1.0;1.1;35.1;26.3;2.3;2.2;37.4;22.5;0.3;0.0;0.0;0.0;0.1;0.1;0.0;0.0;0.1;0.0;0.0;0.0,32.44,0.04,0.0,0.04,14.363,0.054,3271.0,5517.0,4,16,,,,,,,,,,,,,,,,,,,,,,,,,,,,,,,,,,,,,,,,,,,,,,,,,,,,,,,,,,,,,
2,26,,,,,,,100,61,68,17,210.6,2730,10801,39,0,6.6,3.6;4.7;2.4;0.0;0.0;1.2;8.4;51.8;8.4;1.2;11.9;61.4;0.0;0.0;0.0;0.0;0.0;0.0;0.0;0.0;0.0;0.0;0.0;0.0,32.47,0.04,0.0,0.04,14.363,0.054,1416.0,1367.0,4,16,,,,,,,,,,,,,,,,,,,,,,,,,,,,,,,,,,,,,,,,,,,,,,,,,,,,,,,,,,,,,
2,summary,0.472379634693644,0.9419580642516874,0.30284368379910787,0.9952222222222222,0.00100000,315.5,,,,,,,,,,,,,,,,,,,,,,87,98.96,100,48,66.88,86,67,70.0,72,12,15.04,18,125.7,234.92,242.6,2730.6,10801.0,38.9,0,5.7,8.33,20.3,32.42,32.48,32.6,63.16,0.04,0.04,0.04,16.0,0.0,0.0,0.0,0.02,0.39,4.06,11.015,14.309,14.363,14.36,14.363,15.992,0.054,0.05,0.054,0.0,4606.27,33740.0,0.0,11203.69,193994.0,4,4.0,4,16,16.0,16,4,16,5.18,291.23
3,1,,,,,,,77,65,67,17,149.7,2730,10801,39,0,20.6,19.1;21.3;21.9;22.1;21.0;21.5;55.6;67.2;24.2;24.9;61.7;58.8;12.8;12.5;2.8;2.3;7.9;8.2;1.0;2.4;7.0;6.9;5.5;5.6,32.6,0.06,0.0,0.77,15.08,0.598,12890.0,22167.0,4,16,,,,,,,,,,,,,,,,,,,,,,,,,,,,,,,,,,,,,,,,,,,,,,,,,,,,,,,,,,,,,
3,2,,,,,,,100,49,71,14,241.0,2730,10801,39,0,8.3,1.5;3.4;3.1;1.8;0.9;0.8;46.4;37.5;4.3;6.9;47.7;41.6;0.5;0.8;0.1;0.3;0.1;0.1;0.3;0.0;0.0;0.1;0.0;0.3,32.46,0.06,0.0,4.05,15.08,0.598,1416.0,1416.0,4,16,,,,,,,,,,,,,,,,,,,,,,,,,,,,,,,,,,,,,,,,,,,,,,,,,,,,,,,,,,,,,
3,3,,,,,,,100,84,69,13,239.3,2730,10801,39,0,7.8,1.7;3.8;2.7;1.1;1.0;0.6;56.9;25.6;6.6;2.7;33.5;50.1;0.5;0.6;0.0;0.0;0.0;0.1;0.0;0.0;0.0;0.0;0.0;0.0,32.43,0.06,0.0,2.23,15.08,0.598,341.0,97.0,4,16,,,,,,,,,,,,,,,,,,,,,,,,,,,,,,,,,,,,,,,,,,,,,,,,,,,,,,,,,,,,,
3,4,,,,,,,100,48,71,13,240.1,2730,10801,39,0,8.0,1.5;2.9;2.4;1.1;1.0;1.1;41.3;54.5;3.7;5.0;37.5;37.3;1.0;0.6;0.0;0.3;0.3;0.4;0.0;0.0;0.0;0.0;0.0;0.0,32.37,0.06,0.0,2.91,15.08,0.598,1220.0,5566.0,4,16,,,,,,,,,,,,,,,,,,,,,,,,,,,,,,,,,,,,,,,,,,,,,,,,,,,,,,,,,,,,,
3,5,,,,,,,100,89,68,13,240.1,2730,10801,39,0,7.8,2.2;2.2;1.8;0.8;0.9;0.5;44.2;41.4;3.1;3.8;37.4;47.3;0.6;1.2;0.0;0.0;0.0;0.0;0.0;0.0;0.0;0.0;0.5;0.0,32.37,0.06,0.0,0.03,15.08,0.598,20996.0,18750.0,4,16,,,,,,,,,,,,,,,,,,,,,,,,,,,,,,,,,,,,,,,,,,,,,,,,,,,,,,,,,,,,,
3,6,,,,,,,100,60,70,17,241.7,2730,10801,39,0,8.0,1.1;4.2;2.2;0.8;0.5;0.8;60.8;37.6;2.8;5.1;32.9;38.2;1.1;1.0;0.3;0.3;0.6;0.3;0.0;0.0;0.0;0.0;0.3;0.3,32.39,0.06,0.0,0.02,15.08,0.598,1123.0,1416.0,4,16,,,,,,,,,,,,,,,,,,,,,,,,,,,,,,,,,,,,,,,,,,,,,,,,,,,,,,,,,,,,,
3,7,,,,,,,100,85,68,13,239.8,2730,10801,39,0,7.9,0.8;1.9;2.6;0.8;0.5;0.8;44.2;46.0;4.1;4.2;38.0;42.6;0.9;0.8;0.1;0.0;0.4;0.0;0.1;0.1;0.4;0.1;0.3;0.0,32.37,0.06,0.0,0.05,15.08,0.598,2490.0,5615.0,4,16,,,,,,,,,,,,,,,,,,,,,,,,,,,,,,,,,,,,,,,,,,,,,,,,,,,,,,,,,,,,,
3,8,,,,,,,100,62,70,15,241.1,2730,10801,39,0,8.8,2.2;5.2;1.9;1.5;0.8;0.6;51.8;46.3;4.7;7.1;37.2;41.9;0.9;0.6;0.4;0.3;0.5;0.1;0.1;0.1;0.3;0.6;3.6;2.2,32.35,0.06,0.01,0.07,15.08,0.598,1464.0,1416.0,4,16,,,,,,,,,,,,,,,,,,,,,,,,,,,,,,,,,,,,,,,,,,,,,,,,,,,,,,,,,,,,,
3,9,,,,,,,100,78,71,14,241.0,2730,10801,39,0,8.4,1.5;3.8;2.7;2.0;1.3;0.9;63.8;50.4;5.6;3.2;35.6;28.3;0.8;0.8;0.0;0.1;0.1;0.0;0.0;0.0;0.4;0.1;0.0;0.0,32.41,0.06,0.0,0.07,15.08,0.598,1367.0,1464.0,4,16,,,,,,,,,,,,,,,,,,,,,,,,,,,,,,,,,,,,,,,,,,,,,,,,,,,,,,,,,,,,,
3,10,,,,,,,100,57,72,13,240.0,2730,10801,39,0,8.3,1.9;4.3;2.9;1.4;0.8;0.8;43.4;48.1;7.7;2.3;34.7;47.8;0.8;0.8;0.1;0.3;0.1;0.3;0.0;0.1;0.3;0.1;0.0;0.1,32.39,0.06,0.0,0.05,15.08,0.598,2343.0,15820.0,4,16,,,,,,,,,,,,,,,,,,,,,,,,,,,,,,,,,,,,,,,,,,,,,,,,,,,,,,,,,,,,,
3,11,,,,,,,100,85,68,18,240.2,2730,10801,40,0,7.9,1.4;2.7;1.7;1.7;0.8;0.3;44.0;45.5;6.9;4.3;34.5;42.4;0.9;0.6;0.0;0.1;0.0;0.0;0.0;0.1;0.0;0.4;0.0;0.0,32.4,0.06,0.0,0.08,15.08,0.598,1464.0,97.0,4,16,,,,,,,,,,,,,,,,,,,,,,,,,,,,,,,,,,,,,,,,,,,,,,,,,,,,,,,,,,,,,
3,12,,,,,,,100,64,72,12,242.4,2730,10801,39,0,8.0,1.0;4.4;1.8;1.3;1.3;0.3;51.9;52.9;3.7;4.3;34.3;32.7;0.8;1.3;0.0;0.0;0.0;0.0;0.1;0.0;0.0;0.0;0.6;0.0,32.41,0.06,0.0,0.03,15.08,0.598,1464.0,0.0,4,16,,,,,,,,,,,,,,,,,,,,,,,,,,,,,,,,,,,,,,,,,,,,,,,,,,,,,,,,,,,,,
3,13,,,,,,,100,91,66,14,240.2,2730,10801,39,0,8.0,1.4;2.4;1.5;1.5;0.6;0.6;51.7;44.1;4.7;4.2;33.2;43.0;0.8;1.2;0.0;0.1;0.1;0.1;0.0;0.0;0.0;0.1;0.0;0.1,32.38,0.06,0.0,0.03,15.08,0.598,1562.0,5664.0,4,16,,,,,,,,,,,,,,,,,,,,,,,,,,,,,,,,,,,,,,,,,,,,,,,,,,,,,,,,,,,,,
3,14,,,,,,,100,56,72,14,241.0,2730,10801,39,0,7.9,1.0;3.6;1.0;1.5;0.4;0.1;54.8;37.6;4.0;5.0;37.6;41.5;0.6;0.8;0.1;0.0;0.0;0.3;0.0;0.0;0.1;0.3;0.0;0.0,32.39,0.06,0.0,0.06,15.08,0.598,878.0,8398.0,4,16,,,,,,,,,,,,,,,,,,,,,,,,,,,,,,,,,,,,,,,,,,,,,,,,,,,,,,,,,,,,,
3,15,,,,,,,100,87,67,15,240.1,2730,10801,39,0,8.0,0.9;3.6;1.3;1.7;0.3;1.0;50.8;37.7;4.5;4.1;41.4;42.1;0.6;1.0;0.4;0.1;0.3;0.3;0.0;0.0;0.1;0.3;0.3;0.0,32.34,0.06,0.0,0.07,15.08,0.598,1123.0,1464.0,4,16,,,,,,,,,,,,,,,,,,,,,,,,,,,,,,,,,,,,,,,,,,,,,,,,,,,,,,,,,,,,,
3,16,,,,,,,100,51,71,13,240.4,2730,10801,39,0,8.0,1.0;3.3;0.8;2.0;0.6;0.4;46.4;41.0;4.8;3.5;32.8;50.3;0.9;1.3;0.1;0.3;0.4;0.1;0.1;0.1;0.1;0.1;0.3;0.1,32.4,0.06,0.0,0.04,15.08,0.598,21337.0,5664.0,4,16,,,,,,,,,,,,,,,,,,,,,,,,,,,,,,,,,,,,,,,,,,,,,,,,,,,,,,,,,,,,,
3,17,,,,,,,100,85,68,15,241.1,2730,10801,39,0,8.0,1.7;3.2;1.3;2.4;0.8;0.8;55.3;43.3;5.0;4.2;32.0;39.4;0.9;0.6;0.0;0.0;0.3;0.1;0.1;0.0;0.5;0.8;0.0;0.1,32.43,0.06,0.0,0.04,15.08,0.598,292.0,1855.0,4,16,,,,,,,,,,,,,,,,,,,,,,,,,,,,,,,,,,,,,,,,,,,,,,,,,,,,,,,,,,,,,
3,18,,,,,,,100,54,72,13,240.9,2730,10801,39,0,8.1,1.3;4.0;1.6;2.2;0.5;0.9;42.4;45.8;4.5;6.0;46.5;35.0;0.5;0.8;0.0;0.1;0.1;0.0;0.0;0.0;0.0;0.1;0.1;0.8,32.4,0.06,0.01,0.08,15.08,0.598,1464.0,1367.0,4,16,,,,,,,,,,,,,,,,,,,,,,,,,,,,,,,,,,,,,,,,,,,,,,,,,,,,,,,,,,,,,
3,19,,,,,,,98,76,67,13,240.0,2730,10801,39,0,8.1,1.3;3.4;1.9;1.3;1.0;0.8;44.8;36.4;5.5;5.2;43.9;44.8;0.8;0.6;0.0;0.3;0.1;0.9;0.1;0.1;0.0;0.1;0.0;0.1,32.4,0.06,0.0,0.07,15.08,0.598,33300.0,380712.0,4,16,,,,,,,,,,,,,,,,,,,,,,,,,,,,,,,,,,,,,,,,,,,,,,,,,,,,,,,,,,,,,
3,20,,,,,,,100,58,72,16,241.4,2730,10801,39,0,7.8,1.1;2.1;0.9;2.0;0.4;0.8;48.8;34.4;4.1;5.1;39.7;45.0;0.5;0.6;0.0;0.0;0.0;0.1;0.0;0.0;0.8;0.1;0.1;0.0,32.41,0.06,0.0,0.05,15.08,0.598,1464.0,1513.0,4,16,,,,,,,,,,,,,,,,,,,,,,,,,,,,,,,,,,,,,,,,,,,,,,,,,,,,,,,,,,,,,
3,21,,,,,,,98,79,70,18,238.8,2730,10801,39,0,8.1,1.7;3.0;2.2;2.4;0.8;1.1;41.1;43.0;2.4;5.9;42.0;45.9;0.6;0.8;0.0;0.0;0.3;0.1;0.0;0.0;0.0;0.1;0.1;0.0,32.37,0.06,0.0,0.06,15.08,0.598,1367.0,1513.0,4,16,,,,,,,,,,,,,,,,,,,,,,,,,,,,,,,,,,,,,,,,,,,,,,,,,,,,,,,,,,,,,
3,22,,,,,,,100,58,72,12,240.2,2730,10801,40,0,8.1,1.4;4.8;1.5;2.6;1.0;1.1;40.2;42.0;4.0;4.2;40.9;47.4;1.1;1.3;0.0;0.0;0.0;0.0;0.0;0.0;0.3;0.1;0.3;0.6,32.35,0.06,0.0,0.03,15.08,0.598,2343.0,5517.0,4,16,,,,,,,,,,,,,,,,,,,,,,,,,,,,,,,,,,,,,,,,,,,,,,,,,,,,,,,,,,,,,
3,23,,,,,,,98,82,69,16,238.7,2730,10801,39,0,8.1,1.9;3.4;2.0;2.5;0.6;1.0;54.6;37.5;1.8;7.6;32.5;46.7;0.5;1.1;0.1;0.0;0.1;0.1;0.0;0.0;0.1;0.0;0.4;0.1,32.39,0.06,0.0,0.03,15.08,0.598,488.0,1416.0,4,16,,,,,,,,,,,,,,,,,,,,,,,,,,,,,,,,,,,,,,,,,,,,,,,,,,,,,,,,,,,,,
3,24,,,,,,,100,48,71,16,240.7,2730,10801,39,0,7.2,1.0;3.6;1.7;1.9;0.5;0.5;41.3;34.0;2.5;4.3;37.8;42.0;0.5;0.9;0.0;0.3;0.0;0.1;0.0;0.0;0.0;0.0;0.1;0.0,32.39,0.06,0.0,0.05,15.08,0.598,292.0,341.0,4,16,,,,,,,,,,,,,,,,,,,,,,,,,,,,,,,,,,,,,,,,,,,,,,,,,,,,,,,,,,,,,
3,25,,,,,,,98,84,69,13,239.3,2730,10801,39,0,5.7,1.0;2.5;1.3;1.8;1.1;0.9;32.9;31.5;2.7;2.8;40.2;17.2;0.0;0.1;0.0;0.0;0.4;0.0;0.0;0.0;0.0;0.0;0.0;0.3,32.38,0.06,0.0,0.04,15.08,0.598,2929.0,5517.0,4,16,,,,,,,,,,,,,,,,,,,,,,,,,,,,,,,,,,,,,,,,,,,,,,,,,,,,,,,,,,,,,
3,26,,,,,,,100,71,71,13,210.2,2730,10801,39,0,7.5,2.4;3.7;3.7;7.3;2.5;1.2;4.9;67.9;9.9;6.2;16.0;41.2;2.4;1.3;0.0;0.0;1.2;1.4;0.0;0.0;1.2;1.2;0.0;1.3,32.41,0.06,0.0,0.0,15.08,0.598,537.0,1757.0,4,16,,,,,,,,,,,,,,,,,,,,,,,,,,,,,,,,,,,,,,,,,,,,,,,,,,,,,,,,,,,,,
3,summary,0.41429328027701834,0.9601205060708463,0.2969339536295997,0.9957777777777778,0.00100000,315.4,,,,,,,,,,,,,,,,,,,,,,77,98.81,100,48,69.46,91,66,69.77,72,12,14.35,18,149.7,235.75,242.4,2730.0,10801.0,39.1,0,5.7,8.4,20.6,32.34,32.4,32.6,63.16,0.06,0.06,0.06,16.0,0.0,0.0,0.01,0.0,0.42,4.05,11.015,14.482,15.08,15.08,15.08,15.992,0.598,0.6,0.598,292.0,4536.69,33300.0,0.0,19097.0,380712.0,4,4.0,4,16,16.0,16,4,16,5.06,291.31
4,1,,,,,,,100,78,68,17,131.3,2730,10801,39,0,20.2,18.0;21.4;21.3;21.6;18.5;18.7;58.2;61.8;24.8;25.6;57.1;64.4;12.8;11.7;2.7;3.7;7.8;8.1;1.2;2.6;6.7;6.3;5.3;5.0,32.45,0.07,0.0,0.74,15.08,0.598,341.0,48.0,4,16,,,,,,,,,,,,,,,,,,,,,,,,,,,,,,,,,,,,,,,,,,,,,,,,,,,,,,,,,,,,,
4,2,,,,,,,100,73,71,13,241.1,2730,10801,39,0,8.2,2.3;3.9;1.5;2.4;1.2;0.4;43.8;39.5;2.9;7.4;31.8;53.8;2.0;1.0;0.3;0.0;0.1;0.1;0.0;0.0;0.4;0.4;0.1;0.0,32.36,0.07,0.01,4.28,15.08,0.598,976.0,1660.0,4,16,,,,,,,,,,,,,,,,,,,,,,,,,,,,,,,,,,,,,,,,,,,,,,,,,,,,,,,,,,,,,
4,3,,,,,,,100,78,69,15,240.2,2730,10801,39,0,8.2,1.8;3.8;2.8;2.0;1.5;1.1;48.7;37.6;4.1;5.4;43.5;41.1;0.6;1.0;0.3;0.1;0.1;0.1;0.1;0.1;0.3;0.1;0.1;0.1,32.35,0.07,0.0,2.23,15.08,0.598,5175.0,1367.0,4,16,,,,,,,,,,,,,,,,,,,,,,,,,,,,,,,,,,,,,,,,,,,,,,,,,,,,,,,,,,,,,
4,4,,,,,,,100,73,71,17,241.2,2730,10801,39,0,8.1,1.7;4.3;1.3;1.4;0.4;0.4;45.7;41.4;6.8;5.6;40.8;43.7;0.8;0.6;0.0;0.0;0.3;0.0;0.0;0.0;0.0;0.0;0.3;0.0,32.31,0.07,0.0,2.91,15.08,0.598,2343.0,5566.0,4,16,,,,,,,,,,,,,,,,,,,,,,,,,,,,,,,,,,,,,,,,,,,,,,,,,,,,,,,,,,,,,
4,5,,,,,,,100,75,69,20,240.4,2730,10801,39,0,8.0,1.3;2.8;1.9;1.0;0.4;0.4;45.2;48.7;4.8;3.6;40.6;37.6;0.6;0.9;0.0;0.0;0.0;0.0;0.0;0.0;0.4;0.4;0.0;0.0,32.29,0.07,0.0,0.04,15.08,0.598,1416.0,1367.0,4,16,,,,,,,,,,,,,,,,,,,,,,,,,,,,,,,,,,,,,,,,,,,,,,,,,,,,,,,,,,,,,
4,6,,,,,,,100,77,69,13,240.2,2730,10801,39,0,8.3,1.5;3.1;2.4;1.1;0.4;0.6;48.5;45.4;6.2;5.8;43.5;37.0;1.3;0.9;0.0;0.0;0.0;0.0;0.0;0.0;0.0;0.1;0.0;0.1,32.31,0.07,0.0,0.05,15.08,0.598,781.0,107373.0,4,16,,,,,,,,,,,,,,,,,,,,,,,,,,,,,,,,,,,,,,,,,,,,,,,,,,,,,,,,,,,,,
4,7,,,,,,,100,79,69,15,239.7,2730,10801,39,0,8.4,2.6;4.5;2.8;1.8;0.9;0.5;51.6;39.6;5.1;4.0;37.2;46.0;1.2;1.3;0.3;0.1;0.0;0.0;0.1;0.0;0.4;0.4;0.6;0.0,32.25,0.07,0.0,0.05,15.08,0.598,2343.0,6835.0,4,16,,,,,,,,,,,,,,,,,,,,,,,,,,,,,,,,,,,,,,,,,,,,,,,,,,,,,,,,,,,,,
4,8,,,,,,,100,73,71,15,241.4,2730,10801,39,0,8.2,1.0;4.4;2.2;1.8;0.9;0.1;41.2;45.2;5.6;3.7;44.2;43.3;0.6;0.9;0.1;0.0;0.3;0.0;0.1;0.1;0.0;0.1;0.0;0.0,32.29,0.07,0.0,0.05,15.08,0.598,1464.0,10058.0,4,16,,,,,,,,,,,,,,,,,,,,,,,,,,,,,,,,,,,,,,,,,,,,,,,,,,,,,,,,,,,,,
4,9,,,,,,,100,75,68,14,240.2,2730,10801,39,0,8.3,2.2;2.8;1.7;1.4;0.9;0.3;54.3;46.5;6.2;3.0;37.3;38.1;0.8;1.0;0.0;0.1;0.1;0.1;0.3;0.0;0.5;0.1;0.4;0.0,32.29,0.07,0.0,0.04,15.08,0.598,341.0,1416.0,4,16,,,,,,,,,,,,,,,,,,,,,,,,,,,,,,,,,,,,,,,,,,,,,,,,,,,,,,,,,,,,,
4,10,,,,,,,100,72,71,20,241.5,2730,10801,39,0,8.0,1.4;2.9;2.0;1.9;0.8;0.6;46.0;46.5;3.6;4.7;35.2;42.3;0.9;1.0;0.0;0.0;0.0;0.0;0.0;0.0;0.1;0.5;0.1;0.1,32.3,0.07,0.0,0.04,15.08,0.598,2392.0,5419.0,4,16,,,,,,,,,,,,,,,,,,,,,,,,,,,,,,,,,,,,,,,,,,,,,,,,,,,,,,,,,,,,,
4,11,,,,,,,100,74,69,13,240.2,2730,10801,39,0,8.0,1.3;2.8;2.2;0.8;0.8;1.0;43.8;43.9;3.6;3.8;46.0;39.0;0.8;0.5;0.3;0.3;0.1;0.0;0.0;0.1;0.0;0.0;0.3;0.1,32.27,0.07,0.0,0.02,15.08,0.598,2148.0,1416.0,4,16,,,,,,,,,,,,,,,,,,,,,,,,,,,,,,,,,,,,,,,,,,,,,,,,,,,,,,,,,,,,,
4,12,,,,,,,100,54,71,13,241.1,2730,10801,39,0,7.8,1.0;3.3;1.7;0.5;1.7;0.9;57.8;35.8;3.0;2.8;27.0;48.5;1.3;1.0;0.0;0.0;0.1;0.1;0.0;0.0;0.0;0.4;0.1;0.0,32.31,0.07,0.0,0.05,15.08,0.598,1171.0,97.0,4,16,,,,,,,,,,,,,,,,,,,,,,,,,,,,,,,,,,,,,,,,,,,,,,,,,,,,,,,,,,,,,
4,13,,,,,,,100,84,69,15,238.8,2730,10801,39,0,7.9,1.3;2.7;1.8;0.9;0.5;0.3;32.9;39.0;5.4;5.1;47.3;50.4;0.5;0.5;0.0;0.0;0.1;0.0;0.1;0.0;0.0;0.3;0.3;0.0,32.3,0.07,0.0,0.05,15.08,0.598,1562.0,5810.0,4,16,,,,,,,,,,,,,,,,,,,,,,,,,,,,,,,,,,,,,,,,,,,,,,,,,,,,,,,,,,,,,
4,14,,,,,,,100,50,71,14,241.5,2730,10801,39,0,7.9,0.9;3.4;2.6;1.4;1.4;0.9;51.8;41.0;5.2;5.4;34.1;39.0;0.6;0.6;0.1;0.0;0.0;0.1;0.1;0.0;0.0;0.0;0.1;0.0,32.27,0.07,0.0,0.05,15.08,0.598,341.0,1757.0,4,16,,,,,,,,,,,,,,,,,,,,,,,,,,,,,,,,,,,,,,,,,,,,,,,,,,,,,,,,,,,,,
4,15,,,,,,,100,94,71,16,240.0,2730,10801,39,0,8.1,1.4;4.2;2.4;2.0;0.8;0.6;51.3;36.4;3.8;3.6;39.2;46.0;0.9;0.8;0.3;0.1;0.0;0.1;0.0;0.0;0.3;0.0;0.1;0.0,32.28,0.07,0.0,0.02,15.08,0.598,10400.0,18505.0,4,16,,,,,,,,,,,,,,,,,,,,,,,,,,,,,,,,,,,,,,,,,,,,,,,,,,,,,,,,,,,,,
4,16,,,,,,,100,46,72,13,240.7,2730,10801,39,0,8.2,2.0;3.0;2.9;1.3;0.4;0.1;42.0;40.3;6.1;6.0;42.1;45.2;0.9;0.9;0.0;0.1;0.0;0.0;0.0;0.0;0.1;0.0;1.3;0.6,32.29,0.07,0.0,0.03,15.08,0.598,47119.0,15722.0,4,16,,,,,,,,,,,,,,,,,,,,,,,,,,,,,,,,,,,,,,,,,,,,,,,,,,,,,,,,,,,,,
4,17,,,,,,,100,89,70,15,240.7,2730,10801,39,0,8.1,1.4;3.2;1.9;1.8;1.0;0.3;53.3;37.4;5.2;3.2;36.8;43.6;1.0;1.2;0.1;0.1;0.4;0.0;0.0;0.0;1.8;0.0;0.0;0.0,32.29,0.07,0.0,0.05,15.08,0.598,341.0,1806.0,4,16,,,,,,,,,,,,,,,,,,,,,,,,,,,,,,,,,,,,,,,,,,,,,,,,,,,,,,,,,,,,,
4,18,,,,,,,100,55,72,13,241.2,2730,10801,39,0,7.9,1.5;2.7;2.7;0.9;0.6;0.4;45.9;28.8;2.8;5.5;40.1;55.9;0.9;0.8;0.0;0.1;0.1;0.0;0.0;0.0;0.1;0.3;0.3;0.3,32.27,0.07,0.0,0.04,15.08,0.598,1220.0,1562.0,4,16,,,,,,,,,,,,,,,,,,,,,,,,,,,,,,,,,,,,,,,,,,,,,,,,,,,,,,,,,,,,,
4,19,,,,,,,100,83,69,13,239.4,2730,10801,39,0,8.1,1.7;2.7;3.1;3.1;0.9;1.3;39.4;38.5;5.1;5.5;31.3;59.0;1.0;0.8;0.0;0.0;0.1;0.0;0.0;0.3;0.1;0.0;0.8;0.3,32.25,0.07,0.0,0.03,15.08,0.598,1464.0,5712.0,4,16,,,,,,,,,,,,,,,,,,,,,,,,,,,,,,,,,,,,,,,,,,,,,,,,,,,,,,,,,,,,,
4,20,,,,,,,100,51,71,16,241.8,2730,10801,39,0,8.1,1.3;3.7;1.4;1.1;0.6;0.9;41.6;39.0;4.2;5.0;47.8;44.6;0.9;0.5;0.0;0.1;0.3;0.1;0.0;0.0;0.3;0.0;1.0;0.6,32.28,0.07,0.0,0.02,15.08,0.598,927.0,1562.0,4,16,,,,,,,,,,,,,,,,,,,,,,,,,,,,,,,,,,,,,,,,,,,,,,,,,,,,,,,,,,,,,
4,21,,,,,,,100,88,68,20,240.3,2730,10801,39,0,7.9,1.1;5.0;1.1;1.4;0.6;0.4;55.9;29.8;4.3;6.2;27.6;55.3;0.5;0.6;0.0;0.0;0.0;0.0;0.1;0.0;0.1;0.3;0.0;0.3,32.28,0.07,0.0,0.04,15.08,0.598,927.0,1660.0,4,16,,,,,,,,,,,,,,,,,,,,,,,,,,,,,,,,,,,,,,,,,,,,,,,,,,,,,,,,,,,,,
4,22,,,,,,,100,49,71,16,240.8,2730,10801,39,0,7.7,0.8;3.2;2.3;0.8;0.5;0.3;40.8;37.9;3.3;2.6;38.4;53.3;0.8;0.9;0.0;0.0;0.0;0.0;0.0;0.0;0.0;0.1;0.0;0.1,32.31,0.07,0.0,0.03,15.08,0.598,1660.0,5468.0,4,16,,,,,,,,,,,,,,,,,,,,,,,,,,,,,,,,,,,,,,,,,,,,,,,,,,,,,,,,,,,,,
4,23,,,,,,,100,86,65,15,239.9,2730,10801,39,0,8.1,1.5;3.2;2.4;2.5;0.8;1.0;47.6;36.4;4.7;5.5;35.7;49.7;0.9;1.0;0.4;0.6;0.1;0.0;0.1;0.0;0.1;0.0;0.3;0.0,32.25,0.07,0.0,0.03,15.08,0.598,927.0,292.0,4,16,,,,,,,,,,,,,,,,,,,,,,,,,,,,,,,,,,,,,,,,,,,,,,,,,,,,,,,,,,,,,
4,24,,,,,,,100,62,71,15,241.3,2730,10801,39,0,7.2,1.1;3.1;1.0;1.4;1.4;1.3;34.9;38.9;3.3;2.4;38.8;43.5;0.5;0.4;0.0;0.0;0.0;0.0;0.0;0.1;0.1;0.5;0.0;0.0,32.27,0.07,0.0,0.07,15.08,0.598,1123.0,35449.0,4,16,,,,,,,,,,,,,,,,,,,,,,,,,,,,,,,,,,,,,,,,,,,,,,,,,,,,,,,,,,,,,
4,25,,,,,,,100,81,71,14,240.5,2730,10801,39,0,5.8,1.0;1.4;1.9;1.7;1.0;1.1;35.1;22.3;2.4;1.8;35.6;29.8;0.1;0.4;0.3;0.0;0.3;0.1;0.0;0.0;0.4;0.4;0.5;0.3,32.26,0.07,0.0,0.05,15.08,0.598,1220.0,5859.0,4,16,,,,,,,,,,,,,,,,,,,,,,,,,,,,,,,,,,,,,,,,,,,,,,,,,,,,,,,,,,,,,
4,26,,,,,,,100,48,72,16,205.9,2730,10801,40,0,7.1,2.5;11.8;4.9;3.7;2.5;0.0;56.2;25.0;8.8;7.5;11.2;33.8;0.0;3.7;0.0;0.0;1.2;0.0;0.0;0.0;0.0;0.0;0.0;0.0,32.3,0.07,0.0,0.0,15.08,0.598,976.0,1513.0,4,16,,,,,,,,,,,,,,,,,,,,,,,,,,,,,,,,,,,,,,,,,,,,,,,,,,,,,,,,,,,,,
4,summary,0.39067427304742075,0.9677602994890105,0.2937648278342353,0.997,0.00100000,315.6,,,,,,,,,,,,,,,,,,,,,,100,100.0,100,46,71.04,94,65,69.96,72,13,15.23,20,131.3,235.05,241.8,2730.0,10801.0,39.0,0,5.8,8.38,20.2,32.25,32.3,32.45,63.16,0.07,0.07,0.07,16.0,0.0,0.0,0.01,0.0,0.42,4.28,11.015,14.482,15.08,15.08,15.08,15.992,0.598,0.6,0.598,341.0,3503.77,47119.0,48.0,9434.58,107373.0,4,4.0,4,16,16.0,16,4,16,5.19,291.3
5,1,,,,,,,100,66,69,16,105.2,2730,10801,39,0,20.2,17.5;21.1;22.2;22.4;19.8;20.9;55.1;53.5;25.6;25.5;58.4;69.8;13.2;11.8;2.9;2.0;9.5;8.3;1.3;1.7;5.7;5.7;5.7;4.3,32.36,0.07,0.0,0.03,15.08,0.598,18554.0,1757.0,4,16,,,,,,,,,,,,,,,,,,,,,,,,,,,,,,,,,,,,,,,,,,,,,,,,,,,,,,,,,,,,,
5,2,,,,,,,100,74,69,15,239.5,2730,10801,39,0,7.8,1.1;3.0;2.7;2.2;0.4;0.6;37.0;45.2;3.2;3.7;38.2;47.6;1.5;0.9;0.1;0.1;0.1;0.1;0.0;0.1;0.0;0.0;0.1;0.0,32.34,0.07,0.0,4.05,15.08,0.598,488.0,1416.0,4,16,,,,,,,,,,,,,,,,,,,,,,,,,,,,,,,,,,,,,,,,,,,,,,,,,,,,,,,,,,,,,
5,3,,,,,,,100,82,71,15,239.5,2730,10801,39,0,8.2,2.0;4.2;2.7;1.1;0.9;0.5;39.8;36.1;3.9;4.6;42.3;54.7;0.8;0.8;0.0;0.0;0.0;0.3;0.1;0.0;0.3;0.0;0.1;0.3,32.32,0.07,0.0,2.24,15.08,0.598,292.0,1708.0,4,16,,,,,,,,,,,,,,,,,,,,,,,,,,,,,,,,,,,,,,,,,,,,,,,,,,,,,,,,,,,,,
5,4,,,,,,,100,74,69,21,239.9,2730,10801,39,0,7.8,1.3;3.1;1.4;1.3;0.8;0.5;43.9;40.4;5.5;3.2;39.9;43.4;0.9;1.0;0.0;0.1;0.1;0.3;0.1;0.0;0.3;0.0;0.3;0.3,32.28,0.07,0.0,2.92,15.08,0.598,1269.0,5517.0,4,16,,,,,,,,,,,,,,,,,,,,,,,,,,,,,,,,,,,,,,,,,,,,,,,,,,,,,,,,,,,,,
5,5,,,,,,,100,54,71,14,241.4,2730,10801,39,0,8.1,0.9;2.5;2.2;1.8;1.0;0.9;31.6;42.2;6.0;2.9;41.7;56.8;0.9;1.0;0.1;0.3;0.0;0.0;0.0;0.0;0.0;0.3;0.3;0.3,32.27,0.07,0.0,0.03,15.08,0.598,976.0,1562.0,4,16,,,,,,,,,,,,,,,,,,,,,,,,,,,,,,,,,,,,,,,,,,,,,,,,,,,,,,,,,,,,,
5,6,,,,,,,100,85,69,13,240.4,2730,10801,39,0,7.9,1.4;3.4;1.5;0.9;0.5;0.0;39.1;38.5;6.1;4.8;44.4;45.1;0.9;0.9;0.1;0.1;0.1;0.1;0.0;0.0;0.1;0.4;0.1;0.0,32.28,0.07,0.0,0.03,15.08,0.598,732.0,1464.0,4,16,,,,,,,,,,,,,,,,,,,,,,,,,,,,,,,,,,,,,,,,,,,,,,,,,,,,,,,,,,,,,
5,7,,,,,,,100,53,71,15,241.1,2730,10801,39,0,7.7,0.8;2.4;1.9;1.7;0.3;0.3;49.0;29.8;4.7;2.6;35.0;55.7;0.8;0.5;0.0;0.1;0.0;0.0;0.0;0.0;0.3;0.1;0.0;0.0,32.3,0.07,0.0,0.04,15.08,0.598,2441.0,5468.0,4,16,,,,,,,,,,,,,,,,,,,,,,,,,,,,,,,,,,,,,,,,,,,,,,,,,,,,,,,,,,,,,
5,8,,,,,,,100,95,71,15,241.0,2730,10801,39,0,8.0,1.5;3.6;2.2;1.8;0.3;0.9;33.9;38.7;6.4;5.0;40.1;54.4;0.8;1.0;0.0;0.0;0.1;0.1;0.0;0.0;0.3;0.3;0.0;0.0,32.3,0.07,0.0,0.04,15.08,0.598,244.0,1367.0,4,16,,,,,,,,,,,,,,,,,,,,,,,,,,,,,,,,,,,,,,,,,,,,,,,,,,,,,,,,,,,,,
5,9,,,,,,,100,68,71,15,242.7,2730,10801,39,0,8.4,1.8;2.8;2.5;2.4;0.6;1.1;38.5;42.8;4.9;4.2;53.4;42.6;1.0;0.6;0.3;0.3;0.4;0.1;0.1;0.3;0.3;0.0;0.4;0.0,32.3,0.07,0.0,0.03,15.08,0.598,341.0,488.0,4,16,,,,,,,,,,,,,,,,,,,,,,,,,,,,,,,,,,,,,,,,,,,,,,,,,,,,,,,,,,,,,
5,10,,,,,,,100,83,69,18,241.0,2730,10801,39,0,8.0,1.1;2.4;2.2;1.4;0.8;0.8;39.8;46.3;4.7;4.9;36.0;48.2;1.3;0.9;0.0;0.0;0.4;0.1;0.0;0.0;0.0;0.0;0.3;0.0,32.29,0.07,0.0,0.04,15.08,0.598,3369.0,7031.0,4,16,,,,,,,,,,,,,,,,,,,,,,,,,,,,,,,,,,,,,,,,,,,,,,,,,,,,,,,,,,,,,
5,11,,,,,,,100,73,70,20,243.6,2730,10801,39,0,7.9,1.4;3.6;0.9;1.3;1.5;1.7;24.5;46.5;4.5;5.6;37.1;58.8;0.4;1.4;0.0;0.3;0.0;0.0;0.0;0.0;0.1;0.1;0.5;0.1,32.29,0.07,0.0,0.03,15.08,0.598,1464.0,1464.0,4,16,,,,,,,,,,,,,,,,,,,,,,,,,,,,,,,,,,,,,,,,,,,,,,,,,,,,,,,,,,,,,
5,12,,,,,,,100,73,72,14,241.7,2730,10801,39,0,8.3,1.1;4.1;1.8;2.0;0.1;0.8;49.9;48.5;3.8;5.9;41.0;35.4;1.0;0.6;0.4;0.5;0.3;0.0;0.4;0.0;0.1;0.0;0.3;0.1,32.29,0.07,0.0,0.04,15.08,0.598,1123.0,8935.0,4,16,,,,,,,,,,,,,,,,,,,,,,,,,,,,,,,,,,,,,,,,,,,,,,,,,,,,,,,,,,,,,
5,13,,,,,,,100,75,70,16,242.5,2730,10801,39,0,7.9,1.1;2.8;2.2;1.8;0.6;0.8;38.7;42.7;7.0;5.6;39.1;45.0;0.5;0.4;0.6;0.8;0.0;0.1;0.0;0.0;0.1;0.3;0.0;0.1,32.28,0.07,0.0,0.05,15.08,0.598,2929.0,5517.0,4,16,,,,,,,,,,,,,,,,,,,,,,,,,,,,,,,,,,,,,,,,,,,,,,,,,,,,,,,,,,,,,
5,14,,,,,,,100,73,72,14,242.2,2730,10801,39,0,8.0,0.9;4.5;1.8;2.3;0.6;0.4;46.3;39.9;6.0;5.0;35.0;47.0;0.5;0.8;0.0;0.0;0.0;0.0;0.0;0.0;0.3;0.5;0.0;0.1,32.27,0.07,0.0,0.04,15.08,0.598,537.0,107568.0,4,16,,,,,,,,,,,,,,,,,,,,,,,,,,,,,,,,,,,,,,,,,,,,,,,,,,,,,,,,,,,,,
5,15,,,,,,,98,79,71,14,240.8,2730,10801,40,0,8.0,1.9;3.8;1.5;2.0;1.0;0.8;56.4;35.8;5.2;3.8;36.7;41.8;0.5;0.6;0.0;0.1;0.0;0.1;0.0;0.0;0.1;0.0;0.1;0.0,32.27,0.07,0.0,0.04,15.08,0.598,341.0,341.0,4,16,,,,,,,,,,,,,,,,,,,,,,,,,,,,,,,,,,,,,,,,,,,,,,,,,,,,,,,,,,,,,
5,16,,,,,,,100,68,70,16,241.5,2730,10801,39,0,8.1,1.2;4.8;1.3;1.7;0.5;0.3;39.4;43.3;6.0;7.2;40.7;43.6;0.8;1.0;0.1;0.0;0.3;0.0;0.0;0.4;0.3;0.1;0.3;0.5,32.31,0.07,0.01,0.1,15.08,0.598,2685.0,5517.0,4,16,,,,,,,,,,,,,,,,,,,,,,,,,,,,,,,,,,,,,,,,,,,,,,,,,,,,,,,,,,,,,
5,17,,,,,,,100,79,71,13,241.4,2730,10801,39,0,8.1,1.4;4.6;1.5;1.3;1.1;1.7;30.4;42.9;4.8;6.2;43.7;50.9;0.9;0.9;0.0;0.0;0.1;0.3;0.0;0.3;0.3;0.4;0.5;0.5,32.28,0.07,0.01,0.09,15.08,0.598,1025.0,1416.0,4,16,,,,,,,,,,,,,,,,,,,,,,,,,,,,,,,,,,,,,,,,,,,,,,,,,,,,,,,,,,,,,
5,18,,,,,,,100,65,68,12,242.4,2730,10801,40,0,8.1,1.3;3.5;1.8;1.1;0.6;0.9;44.9;47.5;3.7;6.5;31.8;47.1;0.4;1.3;0.1;0.0;0.3;0.0;0.1;0.0;0.1;0.0;0.0;0.1,32.29,0.07,0.0,0.08,15.08,0.598,537.0,0.0,4,16,,,,,,,,,,,,,,,,,,,,,,,,,,,,,,,,,,,,,,,,,,,,,,,,,,,,,,,,,,,,,
5,19,,,,,,,98,78,70,15,240.3,2730,10801,40,0,8.2,1.7;3.0;1.0;1.9;2.3;1.3;44.0;38.9;4.2;5.7;40.8;47.7;1.3;0.9;0.1;0.1;0.4;0.4;0.0;0.0;0.0;0.5;0.3;0.1,32.3,0.07,0.0,0.03,15.08,0.598,2734.0,5566.0,4,16,,,,,,,,,,,,,,,,,,,,,,,,,,,,,,,,,,,,,,,,,,,,,,,,,,,,,,,,,,,,,
5,20,,,,,,,100,60,72,16,242.3,2730,10801,40,0,8.2,2.0;4.0;1.4;2.4;0.5;1.3;48.4;38.7;3.6;4.2;41.1;46.4;0.8;0.6;0.1;0.1;0.1;0.3;0.1;0.0;0.6;0.5;0.1;0.1,32.28,0.07,0.0,0.04,15.08,0.598,18310.0,1416.0,4,16,,,,,,,,,,,,,,,,,,,,,,,,,,,,,,,,,,,,,,,,,,,,,,,,,,,,,,,,,,,,,
5,21,,,,,,,98,81,69,12,240.2,2730,10801,39,0,8.0,1.1;5.1;1.3;1.5;1.0;0.6;50.5;33.2;4.6;3.9;42.6;44.7;0.9;0.5;0.1;0.3;0.0;0.0;0.1;0.0;0.1;0.0;0.0;0.0,32.31,0.07,0.0,0.04,15.08,0.598,1464.0,1464.0,4,16,,,,,,,,,,,,,,,,,,,,,,,,,,,,,,,,,,,,,,,,,,,,,,,,,,,,,,,,,,,,,
5,22,,,,,,,100,60,72,15,241.8,2730,10801,40,0,8.3,1.9;3.4;2.2;2.2;1.1;0.9;46.6;39.0;4.3;5.6;40.6;45.8;0.9;1.0;0.0;0.1;0.1;0.1;0.1;0.1;0.3;0.6;0.6;0.8,32.29,0.07,0.0,0.05,15.08,0.598,2685.0,5419.0,4,16,,,,,,,,,,,,,,,,,,,,,,,,,,,,,,,,,,,,,,,,,,,,,,,,,,,,,,,,,,,,,
5,23,,,,,,,98,82,71,18,241.2,2730,10801,39,0,8.1,1.1;4.4;1.0;2.3;1.4;1.0;40.5;44.6;5.6;5.4;43.7;40.8;0.6;0.8;0.1;0.1;0.3;0.4;0.1;0.1;0.1;0.6;0.1;0.0,32.29,0.07,0.0,0.02,15.08,0.598,1416.0,1611.0,4,16,,,,,,,,,,,,,,,,,,,,,,,,,,,,,,,,,,,,,,,,,,,,,,,,,,,,,,,,,,,,,
5,24,,,,,,,100,75,71,12,241.2,2730,10801,40,0,7.2,0.8;2.5;1.5;1.4;1.5;0.5;26.8;38.4;4.5;4.4;38.4;49.7;1.3;0.3;0.0;0.0;0.4;0.1;0.1;0.1;0.0;0.1;0.4;0.1,32.26,0.07,0.0,0.05,15.08,0.598,0.0,1611.0,4,16,,,,,,,,,,,,,,,,,,,,,,,,,,,,,,,,,,,,,,,,,,,,,,,,,,,,,,,,,,,,,
5,25,,,,,,,100,72,71,15,242.2,2730,10801,40,0,6.0,3.4;4.0;2.3;2.9;1.7;1.5;28.5;43.6;1.1;2.2;28.7;22.2;0.3;0.1;0.1;0.1;0.0;0.3;0.3;0.0;0.3;0.3;0.5;0.1,32.24,0.07,0.0,0.02,15.08,0.598,2685.0,5517.0,4,16,,,,,,,,,,,,,,,,,,,,,,,,,,,,,,,,,,,,,,,,,,,,,,,,,,,,,,,,,,,,,
5,26,,,,,,,100,80,69,15,219.4,2730,10801,40,0,7.3,0.0;1.2;3.7;3.7;1.2;3.8;8.5;40.0;6.2;3.7;11.1;87.7;0.0;1.2;0.0;0.0;0.0;0.0;0.0;0.0;0.0;0.0;0.0;1.3,32.27,0.07,0.0,0.0,15.08,0.598,1123.0,1367.0,4,16,,,,,,,,,,,,,,,,,,,,,,,,,,,,,,,,,,,,,,,,,,,,,,,,,,,,,,,,,,,,,
5,summary,0.377877212349438,0.9714948035741937,0.29166799645953706,0.9971111111111111,0.00100000,315.6,,,,,,,,,,,,,,,,,,,,,,98,99.69,100,53,73.35,95,68,70.35,72,12,15.15,21,105.2,235.25,243.6,2730.0,10801.0,39.3,0,6.0,8.38,20.2,32.24,32.29,32.36,63.16,0.07,0.07,0.07,16.0,0.0,0.0,0.01,0.0,0.39,4.05,11.015,14.482,15.08,15.08,15.08,15.992,0.598,0.6,0.598,0.0,2683.23,18554.0,0.0,7019.5,107568.0,4,4.0,4,16,16.0,16,4,16,5.25,291.36
6,1,,,,,,,100,90,56,25,97.2,2745,10801,30,0,11.5,8.0;8.9;9.5;10.2;7.8;8.4;27.6;51.6;11.8;15.6;29.2;48.4;7.4;6.3;1.4;2.0;3.6;3.6;1.1;1.3;3.5;3.4;2.3;3.1,32.2,0.07,0.01,1.81,14.9,0.418,488.0,1464.0,4,16,,,,,,,,,,,,,,,,,,,,,,,,,,,,,,,,,,,,,,,,,,,,,,,,,,,,,,,,,,,,,
6,2,,,,,,,100,87,62,22,237.0,2745,10801,30,0,7.9,0.7;2.4;1.7;1.4;0.6;0.3;35.8;29.7;5.2;4.0;43.0;62.6;0.4;1.1;0.0;0.0;0.0;0.1;0.0;0.0;0.4;0.4;0.0;0.1,32.24,0.07,0.01,0.05,14.9,0.418,341.0,97.0,4,16,,,,,,,,,,,,,,,,,,,,,,,,,,,,,,,,,,,,,,,,,,,,,,,,,,,,,,,,,,,,,
6,3,,,,,,,100,80,64,25,237.9,2730,10801,32,0,8.1,1.3;3.5;2.1;1.8;1.0;0.3;43.7;36.6;8.7;4.8;36.2;50.9;0.6;0.8;0.1;0.0;0.4;0.1;0.1;0.0;0.0;0.0;0.4;0.1,32.23,0.07,0.0,0.07,14.9,0.418,6103.0,114599.0,4,16,,,,,,,,,,,,,,,,,,,,,,,,,,,,,,,,,,,,,,,,,,,,,,,,,,,,,,,,,,,,,
6,4,,,,,,,100,49,68,18,239.2,2745,10801,33,0,8.6,2.0;4.0;1.4;2.3;0.6;1.0;38.4;44.2;9.2;5.0;40.3;49.9;1.4;1.0;0.0;0.1;0.3;0.4;0.0;0.0;0.3;0.1;2.8;1.3,32.23,0.07,0.0,0.03,14.9,0.418,27148.0,106250.0,4,16,,,,,,,,,,,,,,,,,,,,,,,,,,,,,,,,,,,,,,,,,,,,,,,,,,,,,,,,,,,,,
6,5,,,,,,,100,52,68,22,240.8,2745,10801,34,0,8.1,1.4;3.8;1.4;0.8;1.4;2.1;44.8;37.4;3.7;2.7;43.1;50.3;0.9;0.6;0.0;0.0;0.0;0.1;0.0;0.0;0.1;0.3;0.1;0.1,32.23,0.07,0.0,0.03,14.9,0.418,52441.0,22656.0,4,16,,,,,,,,,,,,,,,,,,,,,,,,,,,,,,,,,,,,,,,,,,,,,,,,,,,,,,,,,,,,,
6,6,,,,,,,100,71,68,20,239.2,2745,10801,35,0,8.5,3.0;4.3;3.1;1.4;1.0;1.1;43.0;29.8;5.3;4.1;34.9;64.6;1.1;1.0;0.3;0.1;1.1;0.7;0.1;0.3;0.3;0.0;1.5;0.7,32.22,0.07,0.0,0.04,14.9,0.418,2197.0,1464.0,4,16,,,,,,,,,,,,,,,,,,,,,,,,,,,,,,,,,,,,,,,,,,,,,,,,,,,,,,,,,,,,,
6,7,,,,,,,98,79,68,20,239.6,2730,10801,35,0,8.1,1.1;3.2;1.3;1.7;0.6;0.3;40.3;55.4;4.9;3.7;36.5;42.6;0.6;0.6;0.0;0.0;0.3;0.0;0.0;0.0;0.9;0.6;0.0;0.0,32.24,0.07,0.0,0.03,14.9,0.418,585.0,48.0,4,16,,,,,,,,,,,,,,,,,,,,,,,,,,,,,,,,,,,,,,,,,,,,,,,,,,,,,,,,,,,,,
6,8,,,,,,,98,78,70,17,237.9,2730,10801,36,0,7.9,0.7;3.6;3.0;1.8;0.4;0.3;42.7;34.0;7.2;2.5;40.8;50.4;0.6;1.0;0.1;0.1;0.1;0.3;0.0;0.0;0.1;0.0;0.4;0.4,32.24,0.07,0.0,0.06,14.9,0.418,1220.0,195.0,4,16,,,,,,,,,,,,,,,,,,,,,,,,,,,,,,,,,,,,,,,,,,,,,,,,,,,,,,,,,,,,,
6,9,,,,,,,100,86,72,13,240.2,2730,10801,36,0,7.9,1.1;4.7;2.4;0.9;1.4;0.6;43.1;45.1;6.4;3.4;37.1;40.2;0.8;1.0;0.4;0.1;0.1;0.0;0.0;0.0;0.0;0.0;0.3;0.0,32.26,0.07,0.0,0.05,14.9,0.418,781.0,48.0,4,16,,,,,,,,,,,,,,,,,,,,,,,,,,,,,,,,,,,,,,,,,,,,,,,,,,,,,,,,,,,,,
6,10,,,,,,,100,75,69,21,237.2,2730,10801,37,0,8.1,1.7;2.5;2.3;1.6;0.4;0.4;35.1;31.0;7.1;2.8;57.4;48.0;1.0;0.8;0.8;0.3;0.0;0.0;0.3;0.3;0.3;0.0;0.4;0.1,32.23,0.07,0.0,0.02,14.9,0.418,341.0,97.0,4,16,,,,,,,,,,,,,,,,,,,,,,,,,,,,,,,,,,,,,,,,,,,,,,,,,,,,,,,,,,,,,
6,11,,,,,,,100,67,69,13,241.2,2730,10801,37,0,8.1,1.7;3.4;1.6;0.7;0.6;0.4;42.8;43.9;5.2;3.3;40.7;47.0;0.4;1.0;0.0;0.0;0.0;0.1;0.0;0.1;0.1;0.6;0.6;0.0,32.21,0.07,0.0,0.05,14.9,0.418,1708.0,1464.0,4,16,,,,,,,,,,,,,,,,,,,,,,,,,,,,,,,,,,,,,,,,,,,,,,,,,,,,,,,,,,,,,
6,12,,,,,,,100,69,70,13,237.7,2730,10801,37,0,8.1,0.3;2.9;2.4;1.4;0.7;0.7;47.3;15.3;4.2;5.9;45.8;64.8;0.8;0.6;0.0;0.0;0.3;0.1;0.0;0.1;0.1;0.3;0.1;0.0,32.2,0.07,0.0,0.02,14.9,0.418,0.0,1464.0,4,16,,,,,,,,,,,,,,,,,,,,,,,,,,,,,,,,,,,,,,,,,,,,,,,,,,,,,,,,,,,,,
6,13,,,,,,,100,61,69,13,242.3,2730,10801,37,0,8.1,1.7;4.2;1.7;1.6;0.8;0.7;39.3;43.8;3.4;3.7;45.7;44.6;1.4;0.8;0.0;0.1;0.1;0.0;0.1;0.3;0.1;0.0;0.1;0.4,32.22,0.07,0.0,0.06,14.9,0.418,1611.0,1464.0,4,16,,,,,,,,,,,,,,,,,,,,,,,,,,,,,,,,,,,,,,,,,,,,,,,,,,,,,,,,,,,,,
6,14,,,,,,,100,65,68,13,238.5,2730,10801,37,0,8.3,1.4;3.6;2.1;1.7;0.7;1.6;40.4;32.2;4.9;5.5;34.4;62.8;1.1;1.0;0.3;0.4;0.1;0.6;0.1;0.1;0.6;0.3;2.7;0.9,32.24,0.07,0.0,0.05,14.9,0.418,1074.0,1464.0,4,16,,,,,,,,,,,,,,,,,,,,,,,,,,,,,,,,,,,,,,,,,,,,,,,,,,,,,,,,,,,,,
6,15,,,,,,,100,61,71,15,241.9,2730,10801,38,0,8.1,1.6;3.8;1.3;1.3;0.7;0.6;39.7;41.8;3.0;5.9;39.7;52.0;0.7;1.1;0.7;0.0;0.0;0.1;0.1;0.0;0.3;0.0;0.3;0.3,32.22,0.07,0.0,0.02,14.9,0.418,341.0,390.0,4,16,,,,,,,,,,,,,,,,,,,,,,,,,,,,,,,,,,,,,,,,,,,,,,,,,,,,,,,,,,,,,
6,16,,,,,,,100,49,72,16,241.8,2730,10801,38,0,8.3,1.3;4.3;3.0;1.8;0.7;0.6;42.0;45.2;4.5;3.7;42.9;45.8;0.4;1.1;0.0;0.0;0.1;0.0;0.1;0.0;0.6;0.0;0.4;0.0,32.22,0.07,0.04,0.55,14.9,0.418,2050.0,5371.0,4,16,,,,,,,,,,,,,,,,,,,,,,,,,,,,,,,,,,,,,,,,,,,,,,,,,,,,,,,,,,,,,
6,17,,,,,,,100,48,71,15,241.6,2730,10801,38,0,8.3,2.4;2.1;2.8;1.8;1.7;1.0;46.2;45.2;4.7;4.4;34.4;46.2;1.3;0.8;0.1;0.6;0.4;0.1;0.0;0.1;1.1;1.0;0.3;0.1,32.23,0.07,0.0,0.06,14.9,0.418,976.0,1708.0,4,16,,,,,,,,,,,,,,,,,,,,,,,,,,,,,,,,,,,,,,,,,,,,,,,,,,,,,,,,,,,,,
6,18,,,,,,,100,53,70,15,240.2,2730,10801,38,0,7.7,1.1;2.8;1.4;1.7;0.3;0.4;45.8;37.3;2.7;3.5;37.8;48.0;0.7;0.3;0.1;0.0;0.0;0.1;0.0;0.0;0.0;0.0;0.0;0.0,32.23,0.07,0.0,0.02,14.9,0.418,1708.0,5371.0,4,16,,,,,,,,,,,,,,,,,,,,,,,,,,,,,,,,,,,,,,,,,,,,,,,,,,,,,,,,,,,,,
6,19,,,,,,,100,77,69,15,240.8,2730,10801,38,0,8.1,1.7;3.5;2.7;1.6;1.1;0.6;43.7;36.7;6.5;4.8;34.4;53.1;1.1;0.7;0.4;0.1;0.3;0.0;0.0;0.0;0.1;0.4;1.0;0.0,32.22,0.07,0.0,0.03,14.9,0.418,341.0,97.0,4,16,,,,,,,,,,,,,,,,,,,,,,,,,,,,,,,,,,,,,,,,,,,,,,,,,,,,,,,,,,,,,
6,20,,,,,,,98,76,74,19,241.1,2730,10801,38,0,7.7,1.3;2.9;1.7;0.8;0.1;0.7;47.5;44.4;4.5;1.4;36.1;41.4;0.4;0.7;0.4;0.0;0.0;0.0;0.0;0.0;0.0;0.3;0.1;0.3,32.22,0.07,0.0,0.04,14.9,0.418,634.0,0.0,4,16,,,,,,,,,,,,,,,,,,,,,,,,,,,,,,,,,,,,,,,,,,,,,,,,,,,,,,,,,,,,,
6,21,,,,,,,99,81,69,16,240.9,2730,10801,39,0,8.1,1.3;2.6;1.7;2.0;0.7;0.8;39.7;34.5;3.8;4.5;43.6;57.9;0.6;1.0;0.0;0.0;0.0;0.1;0.0;0.0;0.1;0.1;0.3;0.0,32.21,0.07,0.0,0.03,14.9,0.418,292.0,1416.0,4,16,,,,,,,,,,,,,,,,,,,,,,,,,,,,,,,,,,,,,,,,,,,,,,,,,,,,,,,,,,,,,
6,22,,,,,,,100,87,72,13,241.5,2730,10801,39,0,7.9,1.0;2.7;1.7;1.7;0.9;0.0;45.3;35.5;4.0;4.5;38.9;52.1;0.9;0.4;0.0;0.1;0.0;0.1;0.0;0.0;0.0;0.4;0.1;0.0,32.23,0.07,0.0,0.04,14.9,0.418,52636.0,244.0,4,16,,,,,,,,,,,,,,,,,,,,,,,,,,,,,,,,,,,,,,,,,,,,,,,,,,,,,,,,,,,,,
6,23,,,,,,,100,73,70,14,241.7,2730,10801,39,0,8.3,2.7;5.4;1.8;2.0;1.4;1.7;43.9;46.9;2.3;6.8;26.3;54.4;0.8;1.4;0.0;0.0;0.1;0.4;0.0;0.1;0.4;0.0;0.0;0.3,32.2,0.07,0.0,0.1,14.9,0.418,36816.0,195.0,4,16,,,,,,,,,,,,,,,,,,,,,,,,,,,,,,,,,,,,,,,,,,,,,,,,,,,,,,,,,,,,,
6,24,,,,,,,100,76,69,18,242.3,2730,10801,39,0,8.2,1.7;5.0;2.1;0.8;0.4;0.7;51.6;36.0;4.4;8.3;36.7;46.6;0.7;0.8;0.0;0.1;0.0;0.3;0.0;0.0;0.1;0.1;0.0;0.1,32.24,0.07,0.0,0.04,14.9,0.418,292.0,1367.0,4,16,,,,,,,,,,,,,,,,,,,,,,,,,,,,,,,,,,,,,,,,,,,,,,,,,,,,,,,,,,,,,
6,25,,,,,,,100,56,71,16,244.1,2730,10801,39,0,7.9,1.1;5.4;1.8;0.6;0.4;0.3;28.3;37.5;3.1;4.4;56.2;48.4;1.1;0.8;0.0;0.0;0.0;0.0;0.0;0.1;0.1;0.4;0.0;0.1,32.19,0.07,0.0,0.04,14.9,0.418,537.0,48.0,4,16,,,,,,,,,,,,,,,,,,,,,,,,,,,,,,,,,,,,,,,,,,,,,,,,,,,,,,,,,,,,,
6,26,,,,,,,100,52,71,20,243.4,2730,10801,39,0,8.1,2.5;4.2;1.7;1.3;0.7;0.8;50.2;31.5;4.8;4.0;47.2;43.1;0.9;0.4;0.1;0.0;0.0;0.0;0.0;0.0;0.0;0.0;0.1;0.1,32.23,0.07,0.0,0.05,14.9,0.418,1416.0,1367.0,4,16,,,,,,,,,,,,,,,,,,,,,,,,,,,,,,,,,,,,,,,,,,,,,,,,,,,,,,,,,,,,,
6,27,,,,,,,100,57,73,12,239.8,2730,10801,39,0,6.2,0.8;3.1;1.3;1.1;0.3;0.4;42.7;31.3;3.4;2.7;19.2;42.1;0.3;0.3;0.3;0.0;0.0;0.0;0.0;0.0;0.0;0.0;0.3;0.0,32.2,0.07,0.0,0.07,14.9,0.418,1708.0,1367.0,4,16,,,,,,,,,,,,,,,,,,,,,,,,,,,,,,,,,,,,,,,,,,,,,,,,,,,,,,,,,,,,,
6,28,,,,,,,100,52,73,14,242.4,2730,10801,39,0,6.1,1.1;3.4;2.5;0.8;0.6;0.6;27.7;14.8;4.8;3.8;38.7;44.9;0.0;0.2;0.2;0.2;0.0;0.0;0.0;0.0;0.0;0.0;0.4;0.6,32.2,0.07,0.0,0.06,14.9,0.418,976.0,585.0,4,16,,,,,,,,,,,,,,,,,,,,,,,,,,,,,,,,,,,,,,,,,,,,,,,,,,,,,,,,,,,,,
6,summary,0.368603925263482,0.9746053722207547,0.29049719227684867,0.9977777777777778,0.00100000,392.5,,,,,,,,,,,,,,,,,,,,,,98,99.75,100,48,68.11,90,56,69.14,74,12,16.89,25,97.2,235.34,244.1,2732.7,10801.0,36.6,0,6.1,8.08,11.5,32.19,32.22,32.26,63.16,0.07,0.07,0.07,16.0,0.0,0.0,0.04,0.02,0.13,1.81,11.015,14.482,14.9,14.9,14.9,15.992,0.418,0.42,0.418,0.0,7027.18,52636.0,0.0,9725.0,114599.0,4,4.0,4,16,16.0,16,4,16,47.33,291.06
7,1,,,,,,,100,46,62,25,93.5,2745,10801,33,0,10.5,7.1;7.5;8.6;8.5;7.1;6.7;42.8;44.2;11.8;9.2;38.4;34.1;4.1;4.3;1.4;1.4;2.7;2.6;0.5;1.0;2.3;2.4;2.1;2.1,33.33,0.07,0.0,0.02,15.471,0.0,0.0,11474.0,4,16,,,,,,,,,,,,,,,,,,,,,,,,,,,,,,,,,,,,,,,,,,,,,,,,,,,,,,,,,,,,,
7,2,,,,,,,98,47,62,21,207.7,2745,10801,33,0,7.6,0.6;2.5;2.2;1.6;0.3;0.5;47.4;49.1;5.9;2.4;26.0;40.9;0.5;0.5;0.0;0.1;0.2;0.0;0.0;0.1;0.2;0.2;0.0;0.0,33.3,0.07,0.0,4.18,15.48,0.0,585.0,1757.0,4,16,,,,,,,,,,,,,,,,,,,,,,,,,,,,,,,,,,,,,,,,,,,,,,,,,,,,,,,,,,,,,
7,3,,,,,,,98,68,62,24,209.8,2730,10801,33,0,7.9,1.8;3.3;2.9;1.5;1.4;1.3;41.8;46.8;5.6;3.2;42.3;33.8;0.9;0.7;0.2;0.3;0.2;0.3;0.3;0.0;0.2;0.2;0.6;0.2,33.23,0.07,0.0,1.97,15.48,0.0,244.0,1416.0,4,16,,,,,,,,,,,,,,,,,,,,,,,,,,,,,,,,,,,,,,,,,,,,,,,,,,,,,,,,,,,,,
7,4,,,,,,,100,60,67,22,209.9,2730,10801,33,0,7.6,0.6;5.8;1.5;1.6;0.5;0.6;48.0;48.9;5.9;2.6;27.2;36.1;1.1;0.7;0.0;0.0;0.0;0.0;0.1;0.0;0.0;0.0;0.9;0.3,33.25,0.07,0.0,2.15,15.48,0.0,0.0,1416.0,4,16,,,,,,,,,,,,,,,,,,,,,,,,,,,,,,,,,,,,,,,,,,,,,,,,,,,,,,,,,,,,,
7,5,,,,,,,100,48,67,22,211.4,2730,10801,33,0,7.6,1.3;2.7;1.7;0.6;0.5;0.2;44.0;38.5;6.9;3.2;43.0;37.0;0.5;0.7;0.1;0.1;0.0;0.0;0.1;0.0;0.0;0.0;0.2;1.3,33.24,0.07,0.0,0.18,15.48,0.0,1660.0,0.0,4,16,,,,,,,,,,,,,,,,,,,,,,,,,,,,,,,,,,,,,,,,,,,,,,,,,,,,,,,,,,,,,
7,6,,,,,,,95,53,63,19,207.6,2745,10801,34,0,7.8,1.9;3.6;2.2;2.4;0.9;0.8;45.7;35.4;3.4;6.0;34.1;46.4;0.8;0.6;0.6;0.3;0.2;0.0;0.1;0.1;0.6;0.1;0.2;0.2,33.21,0.07,0.0,0.03,15.48,0.0,20556.0,1318.0,4,16,,,,,,,,,,,,,,,,,,,,,,,,,,,,,,,,,,,,,,,,,,,,,,,,,,,,,,,,,,,,,
7,7,,,,,,,100,67,64,20,213.3,2745,10801,34,0,8.0,2.7;4.8;1.7;1.7;0.3;0.5;39.3;58.8;4.1;4.0;33.3;38.4;0.6;0.7;0.0;0.2;0.0;0.2;0.1;0.1;0.0;0.3;0.2;0.3,33.22,0.07,0.0,0.04,15.48,0.0,341.0,0.0,4,16,,,,,,,,,,,,,,,,,,,,,,,,,,,,,,,,,,,,,,,,,,,,,,,,,,,,,,,,,,,,,
7,8,,,,,,,100,51,63,22,209.7,2730,10801,34,0,7.4,1.7;4.0;0.6;1.2;0.7;0.7;48.2;44.4;3.6;3.9;34.9;30.9;0.5;0.6;0.1;0.1;0.0;0.0;0.0;0.0;0.1;0.2;0.2;0.1,33.24,0.07,0.0,0.03,15.48,0.0,244.0,1416.0,4,16,,,,,,,,,,,,,,,,,,,,,,,,,,,,,,,,,,,,,,,,,,,,,,,,,,,,,,,,,,,,,
7,9,,,,,,,98,63,64,20,210.6,2745,10801,34,0,7.7,2.1;2.2;1.7;1.6;0.6;0.5;38.7;43.0;3.9;4.5;31.9;49.4;0.7;0.7;0.1;0.0;0.0;0.0;0.0;0.1;0.9;0.9;0.2;0.2,33.25,0.07,0.0,0.02,15.48,0.0,0.0,1708.0,4,16,,,,,,,,,,,,,,,,,,,,,,,,,,,,,,,,,,,,,,,,,,,,,,,,,,,,,,,,,,,,,
7,10,,,,,,,100,52,69,22,211.2,2730,10801,34,0,7.9,2.8;5.7;1.7;2.4;0.6;0.3;49.8;36.2;4.4;4.6;33.1;45.0;1.2;0.7;0.0;0.2;0.3;0.2;0.0;0.0;0.2;0.0;0.1;0.6,33.25,0.07,0.0,0.04,15.48,0.0,341.0,1513.0,4,16,,,,,,,,,,,,,,,,,,,,,,,,,,,,,,,,,,,,,,,,,,,,,,,,,,,,,,,,,,,,,
7,11,,,,,,,100,54,68,18,207.9,2745,10801,35,0,7.5,0.9;2.5;1.3;1.0;0.7;0.2;47.0;42.8;3.0;4.6;41.1;31.2;0.9;0.7;0.0;0.1;0.1;0.0;0.1;0.0;0.2;0.5;0.1;0.0,33.23,0.07,0.0,0.03,15.48,0.0,292.0,2148.0,4,16,,,,,,,,,,,,,,,,,,,,,,,,,,,,,,,,,,,,,,,,,,,,,,,,,,,,,,,,,,,,,
7,12,,,,,,,100,56,67,23,200.5,2730,10801,35,0,7.4,1.1;2.8;1.5;2.9;0.3;0.5;39.6;40.2;4.1;5.9;24.1;52.8;0.6;0.3;0.1;0.0;0.1;0.0;0.0;0.0;0.1;0.0;0.0;0.0,33.26,0.07,0.0,0.04,15.48,0.0,292.0,0.0,4,16,,,,,,,,,,,,,,,,,,,,,,,,,,,,,,,,,,,,,,,,,,,,,,,,,,,,,,,,,,,,,
7,13,,,,,,,100,61,68,18,209.2,2730,10801,35,0,7.7,1.5;2.2;2.2;2.6;0.9;0.7;35.0;48.5;2.8;5.5;35.2;44.9;0.8;0.6;0.2;0.3;0.1;0.0;0.1;0.1;0.2;0.2;0.2;0.2,33.2,0.07,0.0,0.03,15.48,0.0,341.0,439.0,4,16,,,,,,,,,,,,,,,,,,,,,,,,,,,,,,,,,,,,,,,,,,,,,,,,,,,,,,,,,,,,,
7,14,,,,,,,100,55,65,19,193.1,2730,10801,35,0,7.6,1.2;4.5;1.7;2.2;0.9;0.9;45.1;44.3;3.2;6.7;28.3;41.1;0.8;0.7;0.1;0.2;0.1;0.0;0.0;0.1;0.1;0.1;0.1;0.0,33.25,0.07,0.0,0.03,15.48,0.0,1660.0,0.0,4,16,,,,,,,,,,,,,,,,,,,,,,,,,,,,,,,,,,,,,,,,,,,,,,,,,,,,,,,,,,,,,
7,15,,,,,,,100,46,67,19,206.5,2730,10801,35,0,7.6,1.4;3.7;1.7;1.6;0.3;0.7;44.0;32.7;4.5;4.7;42.7;41.7;0.7;0.6;0.1;0.0;0.2;0.2;0.6;0.0;0.1;0.0;0.5;0.1,33.19,0.07,0.0,0.02,15.48,0.0,292.0,0.0,4,16,,,,,,,,,,,,,,,,,,,,,,,,,,,,,,,,,,,,,,,,,,,,,,,,,,,,,,,,,,,,,
7,16,,,,,,,100,60,63,19,197.8,2745,10801,35,0,7.7,0.7;3.8;2.2;1.1;0.6;0.3;47.9;39.1;4.4;5.9;34.7;40.8;0.8;0.6;0.0;0.0;0.2;0.0;0.0;0.0;0.1;0.2;0.0;0.0,33.23,0.07,0.01,0.08,15.48,0.0,1416.0,6884.0,4,16,,,,,,,,,,,,,,,,,,,,,,,,,,,,,,,,,,,,,,,,,,,,,,,,,,,,,,,,,,,,,
7,17,,,,,,,100,62,67,15,210.9,2730,10801,35,0,7.4,0.7;1.9;1.4;0.8;0.8;0.8;59.1;34.2;4.5;4.9;29.3;37.6;0.9;0.7;0.0;0.0;0.2;0.0;0.0;0.1;0.0;0.0;0.0;0.1,33.23,0.07,0.0,0.05,15.48,0.0,683.0,1562.0,4,16,,,,,,,,,,,,,,,,,,,,,,,,,,,,,,,,,,,,,,,,,,,,,,,,,,,,,,,,,,,,,
7,18,,,,,,,100,59,65,17,206.9,2730,10801,35,0,7.8,1.4;2.7;1.1;1.5;1.4;0.9;54.2;33.6;6.2;3.6;43.3;32.8;0.6;0.9;0.5;0.0;0.2;0.0;0.1;0.2;0.2;0.1;0.0;0.0,33.24,0.07,0.0,0.04,15.48,0.0,2148.0,5615.0,4,16,,,,,,,,,,,,,,,,,,,,,,,,,,,,,,,,,,,,,,,,,,,,,,,,,,,,,,,,,,,,,
7,19,,,,,,,100,53,68,18,211.7,2730,10801,35,0,7.8,1.7;4.2;1.9;2.0;1.1;0.3;40.0;37.3;4.6;4.4;43.8;43.0;0.6;1.0;0.1;0.0;0.2;0.2;0.0;0.1;0.2;0.1;0.3;0.1,33.24,0.07,0.0,0.04,15.48,0.0,927.0,1562.0,4,16,,,,,,,,,,,,,,,,,,,,,,,,,,,,,,,,,,,,,,,,,,,,,,,,,,,,,,,,,,,,,
7,20,,,,,,,100,45,65,22,211.4,2730,10801,35,0,7.6,1.4;3.4;1.6;1.4;0.7;0.6;34.4;45.9;4.7;3.5;36.8;45.0;0.6;0.8;0.0;0.1;0.2;0.1;0.0;0.2;0.2;0.5;0.3;0.1,33.24,0.07,0.0,0.03,15.48,0.0,341.0,1660.0,4,16,,,,,,,,,,,,,,,,,,,,,,,,,,,,,,,,,,,,,,,,,,,,,,,,,,,,,,,,,,,,,
7,21,,,,,,,100,65,65,20,211.2,2730,10801,36,0,7.2,0.6;1.6;1.1;1.2;0.1;0.3;52.8;41.1;3.2;4.2;28.9;37.3;0.7;0.3;0.0;0.0;0.0;0.1;0.0;0.0;0.0;0.0;0.0;0.0,33.23,0.07,0.0,0.03,15.48,0.0,23974.0,1513.0,4,16,,,,,,,,,,,,,,,,,,,,,,,,,,,,,,,,,,,,,,,,,,,,,,,,,,,,,,,,,,,,,
7,22,,,,,,,100,55,70,16,209.0,2730,10801,35,0,7.4,1.0;3.3;1.6;1.4;0.7;0.8;44.8;24.6;3.9;4.8;48.9;40.1;0.7;0.5;0.0;0.1;0.2;0.1;0.1;0.0;0.2;0.0;0.1;0.0,33.22,0.07,0.0,0.04,15.48,0.0,0.0,1806.0,4,16,,,,,,,,,,,,,,,,,,,,,,,,,,,,,,,,,,,,,,,,,,,,,,,,,,,,,,,,,,,,,
7,23,,,,,,,98,63,64,18,210.6,2730,10801,36,0,7.7,1.0;2.8;2.8;2.4;2.5;1.1;42.1;38.9;5.1;3.5;39.0;41.7;0.7;0.7;0.1;0.1;0.1;0.2;0.0;0.0;0.2;0.2;0.3;0.0,33.24,0.07,0.0,0.03,15.48,0.0,1123.0,1367.0,4,16,,,,,,,,,,,,,,,,,,,,,,,,,,,,,,,,,,,,,,,,,,,,,,,,,,,,,,,,,,,,,
7,24,,,,,,,100,73,65,19,211.5,2730,10801,36,0,7.8,2.4;3.0;2.1;1.6;1.0;0.7;48.1;34.0;6.0;3.7;35.7;41.9;1.1;0.5;0.1;0.5;0.8;0.7;0.1;0.1;1.0;1.3;0.7;0.9,33.21,0.07,0.0,0.03,15.48,0.0,0.0,1367.0,4,16,,,,,,,,,,,,,,,,,,,,,,,,,,,,,,,,,,,,,,,,,,,,,,,,,,,,,,,,,,,,,
7,25,,,,,,,100,44,66,20,210.9,2730,10801,36,0,7.3,1.0;4.2;1.2;1.4;0.7;0.6;42.5;46.2;4.4;4.1;36.5;32.7;0.6;0.5;0.0;0.0;0.0;0.0;0.0;0.0;0.0;0.0;0.1;0.0,33.2,0.07,0.0,0.03,15.48,0.0,1660.0,0.0,4,16,,,,,,,,,,,,,,,,,,,,,,,,,,,,,,,,,,,,,,,,,,,,,,,,,,,,,,,,,,,,,
7,26,,,,,,,98,69,66,19,210.7,2730,10801,35,0,7.6,0.8;4.3;1.0;1.1;0.6;0.3;43.7;49.6;4.2;3.7;29.6;39.5;0.7;0.7;0.0;0.1;0.1;0.0;0.0;0.1;0.0;0.1;0.5;0.3,33.2,0.07,0.0,0.03,15.48,0.0,2148.0,1367.0,4,16,,,,,,,,,,,,,,,,,,,,,,,,,,,,,,,,,,,,,,,,,,,,,,,,,,,,,,,,,,,,,
7,27,,,,,,,100,52,69,20,210.3,2730,10801,36,0,6.3,0.6;2.7;0.9;1.0;0.7;0.2;36.4;29.9;3.4;2.7;28.8;40.3;0.6;1.0;0.1;0.0;0.8;0.1;0.1;0.5;0.3;0.6;0.5;0.0,33.21,0.07,0.0,0.05,15.48,0.0,0.0,1708.0,4,16,,,,,,,,,,,,,,,,,,,,,,,,,,,,,,,,,,,,,,,,,,,,,,,,,,,,,,,,,,,,,
7,28,,,,,,,100,61,67,23,209.2,2745,10801,36,0,5.8,1.5;3.5;0.9;0.9;0.6;0.2;23.3;22.1;3.4;2.8;40.5;37.3;0.2;0.3;0.0;0.0;0.2;0.0;0.2;0.2;0.3;0.3;0.2;0.2,33.18,0.07,0.0,0.06,15.48,0.0,2441.0,1757.0,4,16,,,,,,,,,,,,,,,,,,,,,,,,,,,,,,,,,,,,,,,,,,,,,,,,,,,,,,,,,,,,,
7,summary,0.36195199332605166,0.9764475757603359,0.29000757853190107,0.9973333333333333,0.00100000,388.6,,,,,,,,,,,,,,,,,,,,,,95,99.46,100,44,56.71,73,62,65.64,70,15,20.0,25,93.5,204.43,213.3,2734.3,10801.0,34.7,0,5.8,7.61,10.5,33.18,33.23,33.33,63.16,0.07,0.07,0.07,16.0,0.0,0.0,0.01,0.02,0.33,4.18,11.015,15.869,15.471,15.48,15.48,15.992,0.0,0.0,0.0,0.0,2275.32,23974.0,0.0,1884.75,11474.0,4,4.0,4,16,16.0,16,4,16,5.65,361.29
8,1,,,,,,,100,30,62,21,116.7,2730,10801,36,0,17.9,14.5;16.9;17.5;17.0;17.1;17.3;62.9;58.6;22.1;20.3;46.9;48.1;11.6;12.0;3.6;3.0;7.2;7.4;1.6;1.9;5.7;6.0;4.5;4.7,33.36,0.07,0.0,0.03,15.455,0.0,1416.0,1367.0,4,16,,,,,,,,,,,,,,,,,,,,,,,,,,,,,,,,,,,,,,,,,,,,,,,,,,,,,,,,,,,,,
8,2,,,,,,,100,66,68,20,206.3,2745,10801,35,0,7.4,1.2;3.1;2.7;2.3;0.7;1.0;39.6;36.5;4.1;4.9;38.1;42.3;0.6;0.7;0.1;0.0;0.2;0.0;0.0;0.0;0.1;0.1;0.3;0.1,33.29,0.07,0.0,4.29,15.455,0.0,292.0,1757.0,4,16,,,,,,,,,,,,,,,,,,,,,,,,,,,,,,,,,,,,,,,,,,,,,,,,,,,,,,,,,,,,,
8,3,,,,,,,100,67,68,18,207.5,2730,10801,35,0,7.3,0.6;2.6;1.9;1.7;0.2;0.8;38.7;40.7;3.6;3.8;45.7;33.9;0.8;0.4;0.0;0.1;0.0;0.0;0.0;0.0;0.0;0.0;0.0;0.0,33.02,0.07,0.0,1.82,15.455,0.0,830.0,97.0,4,16,,,,,,,,,,,,,,,,,,,,,,,,,,,,,,,,,,,,,,,,,,,,,,,,,,,,,,,,,,,,,
8,4,,,,,,,98,31,65,19,207.1,2745,10801,35,0,7.4,1.0;3.6;1.1;1.1;1.0;1.7;30.4;37.1;3.5;3.7;38.0;53.3;0.4;1.1;0.1;0.0;0.0;0.1;0.0;0.1;0.1;0.1;0.1;0.1,32.77,0.07,0.0,1.93,15.455,0.0,585.0,1806.0,4,16,,,,,,,,,,,,,,,,,,,,,,,,,,,,,,,,,,,,,,,,,,,,,,,,,,,,,,,,,,,,,
8,5,,,,,,,100,45,67,19,208.7,2745,10801,36,0,7.6,1.3;3.5;1.7;1.7;0.6;0.3;37.9;46.2;3.3;4.3;36.2;44.5;0.4;0.7;0.0;0.0;0.0;0.0;0.2;0.0;0.1;0.0;0.1;0.0,32.8,0.07,0.0,0.04,15.455,0.0,830.0,1416.0,4,16,,,,,,,,,,,,,,,,,,,,,,,,,,,,,,,,,,,,,,,,,,,,,,,,,,,,,,,,,,,,,
8,6,,,,,,,100,49,69,16,207.7,2745,10801,36,0,7.4,1.6;4.5;1.5;1.2;0.3;0.1;54.2;41.0;2.7;2.4;26.7;38.7;0.8;0.3;0.2;0.2;0.1;0.2;0.0;0.0;0.2;0.0;0.2;0.1,32.74,0.07,0.0,0.03,15.455,0.0,341.0,1855.0,4,16,,,,,,,,,,,,,,,,,,,,,,,,,,,,,,,,,,,,,,,,,,,,,,,,,,,,,,,,,,,,,
8,7,,,,,,,98,63,65,18,206.5,2730,10801,35,0,7.4,0.6;3.0;1.6;1.5;0.1;0.7;44.8;32.7;3.0;2.9;44.4;41.2;0.6;0.6;0.0;0.0;0.0;0.0;0.0;0.1;0.1;0.0;0.0;0.0,32.78,0.07,0.0,0.03,15.455,0.0,1416.0,0.0,4,16,,,,,,,,,,,,,,,,,,,,,,,,,,,,,,,,,,,,,,,,,,,,,,,,,,,,,,,,,,,,,
8,8,,,,,,,100,44,66,16,207.8,2745,10801,35,0,7.6,1.8;4.1;1.6;0.7;2.4;0.9;54.1;39.8;5.0;2.9;30.6;36.0;0.7;0.9;0.0;0.0;0.2;0.4;0.0;0.0;0.2;0.0;0.0;0.1,32.73,0.07,0.0,0.05,15.455,0.0,292.0,390.0,4,16,,,,,,,,,,,,,,,,,,,,,,,,,,,,,,,,,,,,,,,,,,,,,,,,,,,,,,,,,,,,,
8,9,,,,,,,100,64,69,19,209.5,2730,10801,36,0,7.3,0.9;1.6;1.6;0.9;0.8;0.3;51.3;44.2;3.8;2.8;32.3;32.3;0.7;0.8;0.0;0.0;0.2;0.0;0.0;0.1;0.1;0.4;0.2;0.2,32.73,0.07,0.0,0.04,15.455,0.0,0.0,1367.0,4,16,,,,,,,,,,,,,,,,,,,,,,,,,,,,,,,,,,,,,,,,,,,,,,,,,,,,,,,,,,,,,
8,10,,,,,,,98,30,62,18,209.1,2730,10801,35,0,7.5,0.9;3.0;1.7;1.0;1.4;1.0;40.5;39.6;4.6;3.0;34.1;46.1;0.5;0.4;0.1;0.1;0.0;0.0;0.4;0.2;0.0;0.2;0.2;0.2,32.74,0.07,0.0,0.03,15.455,0.0,488.0,1367.0,4,16,,,,,,,,,,,,,,,,,,,,,,,,,,,,,,,,,,,,,,,,,,,,,,,,,,,,,,,,,,,,,
8,11,,,,,,,100,68,66,18,207.8,2745,10801,35,0,7.5,0.7;2.2;1.7;1.0;0.7;0.8;25.0;41.0;4.6;5.8;37.3;56.9;0.6;0.7;0.1;0.3;0.2;0.1;0.0;0.1;0.1;0.1;0.6;0.1,32.73,0.07,0.0,0.04,15.455,0.0,634.0,1660.0,4,16,,,,,,,,,,,,,,,,,,,,,,,,,,,,,,,,,,,,,,,,,,,,,,,,,,,,,,,,,,,,,
8,12,,,,,,,100,60,68,20,200.9,2730,10801,35,0,7.3,0.9;2.6;2.0;1.0;0.3;0.9;38.5;38.5;6.0;2.7;34.5;46.6;0.9;0.3;0.0;0.1;0.0;0.1;0.0;0.1;0.0;0.0;0.0;0.1,32.58,0.07,0.0,0.04,15.455,0.0,25878.0,309570.0,4,16,,,,,,,,,,,,,,,,,,,,,,,,,,,,,,,,,,,,,,,,,,,,,,,,,,,,,,,,,,,,,
8,13,,,,,,,100,60,65,17,210.8,2730,10801,35,0,7.7,0.8;2.1;2.5;0.8;0.8;0.4;39.8;36.7;6.2;3.1;40.4;47.7;0.6;0.7;0.0;0.2;0.0;0.0;0.0;0.1;0.0;0.2;0.2;0.2,32.6,0.07,0.0,0.03,15.455,0.0,341.0,48.0,4,16,,,,,,,,,,,,,,,,,,,,,,,,,,,,,,,,,,,,,,,,,,,,,,,,,,,,,,,,,,,,,
8,14,,,,,,,98,43,64,16,170.2,2745,10801,36,0,7.7,1.9;4.9;2.1;1.3;0.7;0.7;40.1;51.2;4.6;3.6;30.1;42.1;0.7;0.4;0.1;0.1;0.1;0.0;0.0;0.0;0.0;0.1;0.2;0.1,32.58,0.07,0.0,0.04,15.455,0.0,0.0,1318.0,4,16,,,,,,,,,,,,,,,,,,,,,,,,,,,,,,,,,,,,,,,,,,,,,,,,,,,,,,,,,,,,,
8,15,,,,,,,100,33,67,17,208.5,2745,10801,36,0,7.5,1.0;4.2;2.2;0.7;0.4;0.4;44.6;40.9;6.1;2.9;36.9;36.0;0.7;0.7;0.0;0.2;0.1;0.0;0.0;0.0;0.0;0.0;0.3;0.2,32.56,0.07,0.01,0.06,15.455,0.0,292.0,683.0,4,16,,,,,,,,,,,,,,,,,,,,,,,,,,,,,,,,,,,,,,,,,,,,,,,,,,,,,,,,,,,,,
8,16,,,,,,,100,37,62,20,185.2,2745,10801,36,0,7.8,1.5;4.6;1.9;2.0;0.4;0.5;43.8;41.4;5.0;5.1;37.9;39.2;0.9;0.7;0.0;0.0;0.1;0.1;0.1;0.1;0.2;0.1;0.2;0.3,32.57,0.07,0.0,0.04,15.455,0.0,0.0,1464.0,4,16,,,,,,,,,,,,,,,,,,,,,,,,,,,,,,,,,,,,,,,,,,,,,,,,,,,,,,,,,,,,,
8,17,,,,,,,100,70,66,21,208.7,2745,10801,35,0,7.4,1.5;2.1;2.2;1.2;0.7;0.1;35.8;45.4;5.7;4.4;34.9;41.9;0.7;0.7;0.1;0.0;0.2;0.3;0.0;0.1;0.2;0.0;0.0;0.0,32.58,0.07,0.0,0.03,15.455,0.0,1074.0,1416.0,4,16,,,,,,,,,,,,,,,,,,,,,,,,,,,,,,,,,,,,,,,,,,,,,,,,,,,,,,,,,,,,,
8,18,,,,,,,100,72,66,19,204.9,2730,10801,36,0,7.7,1.8;3.9;1.6;1.2;0.9;0.4;51.4;38.9;5.0;3.7;27.9;44.8;0.6;0.9;0.1;0.3;0.2;0.6;0.2;0.1;0.6;0.2;0.0;0.2,32.57,0.07,0.0,0.07,15.455,0.0,1269.0,7128.0,4,16,,,,,,,,,,,,,,,,,,,,,,,,,,,,,,,,,,,,,,,,,,,,,,,,,,,,,,,,,,,,,
8,19,,,,,,,100,46,70,18,203.9,2730,10801,36,0,7.5,1.7;3.0;1.1;1.5;0.6;0.2;47.3;46.8;3.7;3.3;29.2;39.5;0.4;0.3;0.1;0.0;0.0;0.0;0.0;0.1;0.3;0.1;0.2;0.0,32.59,0.07,0.0,0.04,15.455,0.0,1708.0,0.0,4,16,,,,,,,,,,,,,,,,,,,,,,,,,,,,,,,,,,,,,,,,,,,,,,,,,,,,,,,,,,,,,
8,20,,,,,,,100,44,69,22,204.6,2730,10801,35,0,7.8,1.3;2.8;2.1;1.6;0.4;1.2;44.3;40.3;4.9;4.7;35.4;46.3;0.7;0.4;0.0;0.3;0.1;0.0;0.1;0.1;0.1;0.6;0.1;0.0,32.58,0.07,0.0,0.03,15.455,0.0,244.0,1416.0,4,16,,,,,,,,,,,,,,,,,,,,,,,,,,,,,,,,,,,,,,,,,,,,,,,,,,,,,,,,,,,,,
8,21,,,,,,,100,67,67,16,207.9,2730,10801,36,0,7.6,1.5;4.3;1.4;2.4;0.3;0.4;39.6;32.2;3.7;3.3;35.7;55.6;0.5;0.4;0.0;0.1;0.0;0.0;0.1;0.0;0.1;0.3;0.0;0.0,32.58,0.07,0.0,0.04,15.455,0.0,976.0,146.0,4,16,,,,,,,,,,,,,,,,,,,,,,,,,,,,,,,,,,,,,,,,,,,,,,,,,,,,,,,,,,,,,
8,22,,,,,,,98,30,62,15,207.3,2745,10801,36,0,7.4,0.6;3.5;1.3;0.9;0.6;0.3;49.7;40.4;3.0;3.4;28.6;42.7;1.0;0.4;0.0;0.0;0.0;0.0;0.0;0.0;0.0;0.0;0.3;0.1,32.58,0.07,0.0,0.04,15.455,0.0,1025.0,0.0,4,16,,,,,,,,,,,,,,,,,,,,,,,,,,,,,,,,,,,,,,,,,,,,,,,,,,,,,,,,,,,,,
8,23,,,,,,,100,50,68,23,211.5,2745,10801,36,0,7.5,1.4;3.1;1.7;2.7;0.5;1.3;48.4;40.6;3.5;4.7;26.1;42.7;1.0;1.0;0.1;0.3;0.2;0.2;0.2;0.2;0.2;0.2;0.2;0.1,32.57,0.07,0.0,0.04,15.455,0.0,1123.0,1367.0,4,16,,,,,,,,,,,,,,,,,,,,,,,,,,,,,,,,,,,,,,,,,,,,,,,,,,,,,,,,,,,,,
8,24,,,,,,,100,52,68,17,208.0,2730,10801,36,0,7.5,1.5;4.1;2.3;1.5;0.2;0.2;36.7;35.3;3.7;5.0;33.8;53.8;0.7;0.4;0.0;0.1;0.0;0.1;0.1;0.1;0.0;0.1;0.0;0.4,32.59,0.07,0.0,0.03,15.455,0.0,1220.0,1513.0,4,16,,,,,,,,,,,,,,,,,,,,,,,,,,,,,,,,,,,,,,,,,,,,,,,,,,,,,,,,,,,,,
8,25,,,,,,,100,82,66,22,211.2,2745,10801,36,0,7.5,0.7;3.0;1.4;1.4;1.7;0.5;33.6;30.4;4.9;5.4;49.9;45.4;0.5;0.5;0.0;0.0;0.0;0.1;0.0;0.0;0.1;0.0;0.2;0.1,32.55,0.07,0.0,0.04,15.455,0.0,5810.0,115576.0,4,16,,,,,,,,,,,,,,,,,,,,,,,,,,,,,,,,,,,,,,,,,,,,,,,,,,,,,,,,,,,,,
8,26,,,,,,,93,55,65,22,206.4,2730,10801,35,0,7.3,0.6;3.6;1.2;0.7;0.2;0.3;37.7;33.8;3.3;5.2;37.9;48.8;0.6;0.6;0.1;0.0;0.0;0.0;0.0;0.0;0.0;0.0;0.2;0.2,32.58,0.07,0.0,0.04,15.455,0.0,292.0,1416.0,4,16,,,,,,,,,,,,,,,,,,,,,,,,,,,,,,,,,,,,,,,,,,,,,,,,,,,,,,,,,,,,,
8,27,,,,,,,100,50,67,19,207.5,2730,10801,36,0,6.2,0.7;1.8;1.5;1.3;0.1;0.7;31.9;20.7;3.5;3.4;32.9;48.0;0.4;0.4;0.0;0.0;0.4;0.0;0.0;0.0;0.0;0.0;0.1;0.0,32.54,0.07,0.0,0.02,15.455,0.0,1464.0,48.0,4,16,,,,,,,,,,,,,,,,,,,,,,,,,,,,,,,,,,,,,,,,,,,,,,,,,,,,,,,,,,,,,
8,28,,,,,,,99,46,64,19,209.7,2730,10801,36,0,5.6,1.8;2.2;1.8;1.2;0.6;0.3;23.0;52.1;3.3;1.0;22.2;24.5;0.3;0.0;0.0;0.0;0.0;0.0;0.0;0.0;0.4;0.0;0.0;0.0,32.54,0.07,0.0,0.03,15.455,0.0,878.0,1513.0,4,16,,,,,,,,,,,,,,,,,,,,,,,,,,,,,,,,,,,,,,,,,,,,,,,,,,,,,,,,,,,,,
8,summary,0.3551988885589376,0.9785015530071867,0.2890163397259182,0.9976666666666667,0.00100000,399.3,,,,,,,,,,,,,,,,,,,,,,93,99.36,100,30,51.93,82,62,66.11,70,15,18.75,23,116.7,202.21,211.5,2737.0,10801.0,35.6,0,5.6,7.76,17.9,32.54,32.69,33.36,63.16,0.07,0.07,0.07,16.0,0.0,0.0,0.01,0.02,0.32,4.29,11.015,15.869,15.455,15.46,15.455,15.992,0.0,0.0,0.0,0.0,1811.36,25878.0,0.0,16346.57,309570.0,4,4.0,4,16,16.0,16,4,16,5.42,373.14
9,1,,,,,,,100,49,63,24,119.5,2745,10801,36,0,18.8,15.9;16.4;20.4;18.1;17.7;17.9;53.2;64.7;21.3;21.0;58.5;52.8;12.7;13.6;3.5;3.5;5.9;7.8;1.7;1.7;6.4;6.2;5.5;5.8,32.84,0.07,0.0,0.05,15.479,0.0,1855.0,5615.0,4,16,,,,,,,,,,,,,,,,,,,,,,,,,,,,,,,,,,,,,,,,,,,,,,,,,,,,,,,,,,,,,
9,2,,,,,,,100,76,69,20,223.4,2730,10801,36,0,8.1,2.2;3.8;2.7;2.1;1.3;0.6;57.1;32.2;5.4;4.8;32.1;48.1;0.9;0.5;0.1;0.1;0.1;0.0;0.0;0.0;0.1;0.9;0.0;0.0,32.79,0.07,0.0,4.43,15.479,0.0,0.0,1660.0,4,16,,,,,,,,,,,,,,,,,,,,,,,,,,,,,,,,,,,,,,,,,,,,,,,,,,,,,,,,,,,,,
9,3,,,,,,,98,62,67,18,221.4,2730,10801,36,0,8.3,2.3;4.1;3.7;2.8;0.6;1.7;33.2;48.1;7.6;5.6;39.3;46.0;0.6;0.8;0.1;0.3;0.8;0.3;0.0;0.1;0.8;0.4;0.1;0.0,32.77,0.07,0.0,2.11,15.479,0.0,2343.0,9960.0,4,16,,,,,,,,,,,,,,,,,,,,,,,,,,,,,,,,,,,,,,,,,,,,,,,,,,,,,,,,,,,,,
9,4,,,,,,,100,49,70,17,226.8,2730,10801,36,0,8.1,2.7;2.6;2.3;2.0;2.2;0.6;46.6;30.6;5.3;5.5;43.1;47.2;0.6;0.9;0.4;0.1;0.1;0.1;0.0;0.0;0.0;0.3;0.0;0.0,32.75,0.07,0.0,2.76,15.479,0.0,1025.0,0.0,4,16,,,,,,,,,,,,,,,,,,,,,,,,,,,,,,,,,,,,,,,,,,,,,,,,,,,,,,,,,,,,,
9,5,,,,,,,98,67,70,16,224.6,2730,10801,36,0,7.7,1.2;3.9;0.9;0.8;1.8;0.6;32.9;44.8;4.4;3.2;28.5;59.5;0.8;0.6;0.0;0.0;0.0;0.0;0.3;0.0;0.1;0.0;0.1;0.1,32.77,0.07,0.0,0.02,15.479,0.0,47802.0,114599.0,4,16,,,,,,,,,,,,,,,,,,,,,,,,,,,,,,,,,,,,,,,,,,,,,,,,,,,,,,,,,,,,,
9,6,,,,,,,100,52,70,15,227.0,2730,10801,36,0,7.8,0.8;2.8;1.9;2.0;1.1;1.3;31.6;43.1;4.8;3.7;39.5;52.5;0.5;0.5;0.0;0.1;0.0;0.0;0.0;0.0;0.1;0.0;0.3;0.1,32.62,0.07,0.0,0.03,15.479,0.0,341.0,390.0,4,16,,,,,,,,,,,,,,,,,,,,,,,,,,,,,,,,,,,,,,,,,,,,,,,,,,,,,,,,,,,,,
9,7,,,,,,,100,80,68,21,223.3,2730,10801,36,0,7.7,0.9;4.7;1.9;1.5;0.5;0.6;51.8;40.3;4.8;3.1;35.6;38.5;0.8;0.5;0.1;0.0;0.1;0.0;0.0;0.0;0.0;0.0;0.0;0.0,32.64,0.07,0.0,0.06,15.479,0.0,1025.0,0.0,4,16,,,,,,,,,,,,,,,,,,,,,,,,,,,,,,,,,,,,,,,,,,,,,,,,,,,,,,,,,,,,,
9,8,,,,,,,100,59,67,20,227.8,2730,10801,36,0,8.0,1.3;4.4;2.3;1.3;0.9;1.3;42.1;33.6;4.6;3.3;39.9;52.0;1.0;0.4;0.3;0.3;0.1;0.3;0.0;0.0;0.0;0.8;0.3;0.3,32.62,0.07,0.0,0.03,15.479,0.0,1367.0,1367.0,4,16,,,,,,,,,,,,,,,,,,,,,,,,,,,,,,,,,,,,,,,,,,,,,,,,,,,,,,,,,,,,,
9,9,,,,,,,100,64,68,16,229.1,2730,10801,36,0,8.2,2.2;3.6;3.6;3.0;1.0;0.8;44.0;34.8;4.3;6.4;44.4;46.0;1.0;1.0;0.1;0.1;0.3;0.0;0.1;0.0;0.4;0.0;0.4;0.3,32.64,0.07,0.0,0.02,15.479,0.0,830.0,1562.0,4,16,,,,,,,,,,,,,,,,,,,,,,,,,,,,,,,,,,,,,,,,,,,,,,,,,,,,,,,,,,,,,
9,10,,,,,,,100,71,67,17,227.1,2730,10801,37,0,7.9,1.4;3.5;1.8;2.7;1.0;0.3;35.7;45.2;4.7;7.0;41.1;42.5;1.0;0.8;0.4;0.1;0.0;0.1;0.1;0.0;0.5;0.9;0.1;0.0,32.42,0.07,0.0,0.03,15.479,0.0,1171.0,1464.0,4,16,,,,,,,,,,,,,,,,,,,,,,,,,,,,,,,,,,,,,,,,,,,,,,,,,,,,,,,,,,,,,
9,11,,,,,,,100,53,69,14,227.0,2730,10801,37,0,9.0,2.4;2.8;2.1;3.9;1.2;1.8;43.7;34.8;8.5;10.7;36.2;64.6;0.9;1.2;0.1;0.0;0.4;0.1;0.0;0.0;0.0;0.1;0.1;0.0,32.46,0.07,0.01,0.25,15.479,0.0,537.0,48.0,4,16,,,,,,,,,,,,,,,,,,,,,,,,,,,,,,,,,,,,,,,,,,,,,,,,,,,,,,,,,,,,,
9,12,,,,,,,98,55,65,17,207.1,2730,10801,36,0,9.1,1.4;3.6;3.7;3.0;0.4;0.6;37.2;54.4;4.3;7.4;47.7;48.7;0.8;0.5;0.0;0.3;0.1;0.0;0.9;0.1;0.3;1.1;0.3;0.5,32.52,0.07,0.26,0.81,15.479,0.0,6738.0,1367.0,4,16,,,,,,,,,,,,,,,,,,,,,,,,,,,,,,,,,,,,,,,,,,,,,,,,,,,,,,,,,,,,,
9,13,,,,,,,100,77,68,15,226.7,2730,10801,36,0,8.4,2.3;3.8;1.4;3.1;1.3;1.0;42.7;60.8;5.7;7.1;27.7;40.7;1.2;0.8;0.6;0.1;0.3;0.1;0.3;0.1;0.6;0.5;0.3;0.0,32.5,0.07,0.28,0.78,15.479,0.0,244.0,1416.0,4,16,,,,,,,,,,,,,,,,,,,,,,,,,,,,,,,,,,,,,,,,,,,,,,,,,,,,,,,,,,,,,
9,14,,,,,,,100,58,70,19,208.1,2730,10801,37,0,9.3,1.4;3.9;2.2;2.7;1.0;0.6;43.3;46.5;7.5;5.3;53.8;43.1;0.5;0.8;0.5;0.4;0.1;0.1;4.7;0.6;0.4;0.3;1.9;0.5,32.52,0.07,0.34,1.12,15.479,0.0,976.0,1904.0,4,16,,,,,,,,,,,,,,,,,,,,,,,,,,,,,,,,,,,,,,,,,,,,,,,,,,,,,,,,,,,,,
9,15,,,,,,,100,71,68,18,227.3,2730,10801,37,0,12.3,2.6;5.1;7.6;6.7;2.6;1.9;63.4;47.2;22.7;16.7;44.0;68.8;1.0;1.7;0.3;0.0;0.5;0.4;0.1;0.1;0.4;0.0;0.6;0.3,32.35,0.07,2.51,24.1,15.479,0.0,1464.0,6542.0,4,16,,,,,,,,,,,,,,,,,,,,,,,,,,,,,,,,,,,,,,,,,,,,,,,,,,,,,,,,,,,,,
9,16,,,,,,,100,38,66,16,220.6,2730,10801,37,0,8.8,1.7;3.9;2.7;4.1;2.0;1.3;44.8;37.0;10.5;7.4;40.4;50.8;1.3;0.9;0.1;0.0;0.1;0.0;0.0;0.1;0.0;0.1;0.1;0.0,32.33,0.07,0.15,0.48,15.479,0.0,1611.0,5712.0,4,16,,,,,,,,,,,,,,,,,,,,,,,,,,,,,,,,,,,,,,,,,,,,,,,,,,,,,,,,,,,,,
9,17,,,,,,,100,71,68,17,225.7,2730,10801,37,0,8.2,2.1;3.7;4.6;2.8;1.2;0.6;39.6;47.6;4.0;3.7;34.9;49.0;0.6;0.6;0.1;0.3;0.4;0.1;0.1;0.0;0.3;0.4;0.5;0.1,32.36,0.07,0.03,0.12,15.479,0.0,1660.0,1367.0,4,16,,,,,,,,,,,,,,,,,,,,,,,,,,,,,,,,,,,,,,,,,,,,,,,,,,,,,,,,,,,,,
9,18,,,,,,,100,70,69,15,225.3,2730,10801,37,0,7.7,0.9;2.9;1.3;1.3;0.5;0.9;51.9;29.8;4.6;4.1;42.6;42.5;0.6;0.8;0.0;0.0;0.3;0.0;0.1;0.0;0.3;0.3;0.0;0.0,32.33,0.07,0.01,0.05,15.479,0.0,1708.0,9179.0,4,16,,,,,,,,,,,,,,,,,,,,,,,,,,,,,,,,,,,,,,,,,,,,,,,,,,,,,,,,,,,,,
9,19,,,,,,,100,69,70,17,223.9,2730,10801,37,0,8.0,2.5;4.4;2.3;1.5;1.1;0.5;21.0;43.9;7.4;6.6;39.1;58.8;0.6;0.8;0.0;0.0;0.0;0.0;0.1;0.1;0.4;0.5;0.1;0.0,32.36,0.07,0.03,0.18,15.479,0.0,585.0,0.0,4,16,,,,,,,,,,,,,,,,,,,,,,,,,,,,,,,,,,,,,,,,,,,,,,,,,,,,,,,,,,,,,
9,20,,,,,,,100,72,65,15,226.9,2730,10801,37,0,7.9,1.9;3.8;2.3;1.0;1.0;0.3;28.8;46.1;4.9;4.9;37.2;54.5;0.5;0.5;0.0;0.1;0.0;0.0;0.0;0.0;0.1;0.3;0.3;0.0,32.34,0.07,0.01,0.04,15.479,0.0,341.0,1708.0,4,16,,,,,,,,,,,,,,,,,,,,,,,,,,,,,,,,,,,,,,,,,,,,,,,,,,,,,,,,,,,,,
9,21,,,,,,,100,56,71,14,229.4,2730,10801,37,0,7.6,1.3;3.5;2.8;1.1;0.6;0.6;48.5;36.2;4.8;4.3;25.8;51.5;0.8;0.6;0.1;0.0;0.3;0.1;0.1;0.1;0.1;0.0;0.0;0.3,32.3,0.07,0.0,0.04,15.479,0.0,36669.0,17968.0,4,16,,,,,,,,,,,,,,,,,,,,,,,,,,,,,,,,,,,,,,,,,,,,,,,,,,,,,,,,,,,,,
9,22,,,,,,,98,61,68,18,222.8,2730,10801,37,0,7.4,0.6;2.3;1.3;0.3;0.1;0.0;35.9;38.2;4.8;2.8;38.4;50.7;0.4;0.4;0.0;0.0;0.0;0.0;0.0;0.0;0.3;0.1;0.3;0.0,32.32,0.07,0.01,0.05,15.479,0.0,1123.0,1806.0,4,16,,,,,,,,,,,,,,,,,,,,,,,,,,,,,,,,,,,,,,,,,,,,,,,,,,,,,,,,,,,,,
9,23,,,,,,,100,47,70,18,229.2,2730,10801,37,0,7.9,1.4;3.8;1.8;2.7;0.9;1.6;40.9;55.3;5.2;3.9;31.6;36.9;0.6;0.9;0.0;0.0;0.3;0.1;0.0;0.1;0.1;0.1;0.1;0.1,32.29,0.07,0.0,0.04,15.479,0.0,878.0,1562.0,4,16,,,,,,,,,,,,,,,,,,,,,,,,,,,,,,,,,,,,,,,,,,,,,,,,,,,,,,,,,,,,,
9,24,,,,,,,100,74,70,15,222.9,2730,10801,37,0,7.6,1.7;4.3;0.6;1.0;0.4;0.5;33.5;40.9;4.2;3.6;36.9;52.7;1.3;1.3;0.0;0.0;0.1;0.1;0.0;0.0;0.1;0.0;0.0;0.0,32.27,0.07,0.0,0.04,15.479,0.0,3027.0,97.0,4,16,,,,,,,,,,,,,,,,,,,,,,,,,,,,,,,,,,,,,,,,,,,,,,,,,,,,,,,,,,,,,
9,25,,,,,,,100,46,69,16,227.7,2730,10801,37,0,7.5,0.6;1.5;1.1;1.5;0.3;0.1;29.8;35.4;4.4;5.3;47.0;51.7;0.6;0.5;0.0;0.1;0.0;0.0;0.0;0.0;0.0;0.0;0.0;0.0,32.31,0.07,0.0,0.05,15.479,0.0,292.0,439.0,4,16,,,,,,,,,,,,,,,,,,,,,,,,,,,,,,,,,,,,,,,,,,,,,,,,,,,,,,,,,,,,,
9,26,,,,,,,100,79,70,22,223.8,2730,10801,37,0,7.6,0.9;2.7;1.0;0.9;0.4;0.6;44.6;37.0;3.5;5.0;41.4;44.0;0.6;0.6;0.0;0.0;0.3;0.0;0.0;0.0;0.0;0.0;0.3;0.0,32.29,0.07,0.0,0.04,15.479,0.0,1367.0,1318.0,4,16,,,,,,,,,,,,,,,,,,,,,,,,,,,,,,,,,,,,,,,,,,,,,,,,,,,,,,,,,,,,,
9,27,,,,,,,100,55,69,19,224.1,2730,10801,37,0,6.3,0.9;3.0;1.1;1.1;0.9;0.9;33.9;32.4;2.8;3.0;29.2;39.1;0.3;0.3;0.3;0.3;0.0;0.1;0.1;0.0;0.5;0.0;0.3;0.1,32.26,0.07,0.0,0.06,15.479,0.0,1464.0,0.0,4,16,,,,,,,,,,,,,,,,,,,,,,,,,,,,,,,,,,,,,,,,,,,,,,,,,,,,,,,,,,,,,
9,28,,,,,,,100,88,65,15,227.6,2730,10801,37,0,5.5,0.7;2.6;1.0;1.7;0.5;0.3;21.3;42.0;2.6;1.9;32.6;23.4;0.2;0.2;0.2;0.0;0.0;0.0;0.0;0.2;0.2;0.0;0.5;0.3,32.26,0.07,0.0,0.03,15.479,0.0,537.0,1416.0,4,16,,,,,,,,,,,,,,,,,,,,,,,,,,,,,,,,,,,,,,,,,,,,,,,,,,,,,,,,,,,,,
9,summary,0.3511727554997027,0.9798427864865603,0.2883827523125543,0.9978888888888889,0.00100000,366.2,,,,,,,,,,,,,,,,,,,,,,98,99.71,100,38,63.18,88,63,68.18,71,14,17.29,24,119.5,220.58,229.4,2730.5,10801.0,36.6,0,5.5,8.45,18.8,32.26,32.47,32.84,63.16,0.07,0.07,0.07,16.0,0.0,0.13,2.51,0.02,1.35,24.1,11.015,15.869,15.479,15.48,15.479,15.992,0.0,0.0,0.0,0.0,4249.29,47802.0,0.0,6802.36,114599.0,4,4.0,4,16,16.0,16,4,16,5.45,322.24
10,1,,,,,,,100,74,58,29,92.0,2760,10801,30,0,9.8,7.1;7.8;7.1;7.3;6.2;6.4;25.0;44.3;9.3;12.3;32.9;43.1;4.7;3.5;1.1;1.4;2.6;2.4;0.8;0.8;2.4;2.4;1.8;2.3,32.6,0.07,0.01,1.35,13.355,0.0,0.0,4931.0,4,16,,,,,,,,,,,,,,,,,,,,,,,,,,,,,,,,,,,,,,,,,,,,,,,,,,,,,,,,,,,,,
10,2,,,,,,,98,82,61,22,232.5,2745,10801,30,0,7.8,1.1;3.6;2.1;2.0;0.5;0.8;32.2;51.9;2.9;4.1;35.4;49.2;1.1;0.5;0.0;0.2;0.0;0.0;0.0;0.0;0.2;0.3;0.3;0.0,32.6,0.07,0.0,0.04,13.605,0.0,1416.0,27587.0,4,16,,,,,,,,,,,,,,,,,,,,,,,,,,,,,,,,,,,,,,,,,,,,,,,,,,,,,,,,,,,,,
10,3,,,,,,,98,79,61,21,233.6,2745,10801,30,0,8.2,1.7;2.9;2.5;2.6;1.4;1.3;51.8;39.4;5.2;6.1;39.2;39.4;1.1;1.4;0.0;0.0;0.0;0.0;0.0;0.0;0.2;0.0;0.3;0.0,32.24,0.07,0.0,0.04,13.605,0.0,927.0,195.0,4,16,,,,,,,,,,,,,,,,,,,,,,,,,,,,,,,,,,,,,,,,,,,,,,,,,,,,,,,,,,,,,
10,4,,,,,,,98,80,65,23,234.4,2745,10801,31,0,8.4,1.9;4.2;2.2;2.8;0.3;1.1;37.7;57.9;5.9;4.2;30.7;48.0;1.3;0.8;0.0;0.5;0.2;0.2;0.0;0.0;0.0;0.6;0.5;0.5,32.16,0.07,0.0,0.03,13.605,0.0,292.0,1464.0,4,16,,,,,,,,,,,,,,,,,,,,,,,,,,,,,,,,,,,,,,,,,,,,,,,,,,,,,,,,,,,,,
10,5,,,,,,,98,81,64,24,232.8,2730,10801,32,0,8.1,1.4;4.1;1.9;2.2;0.8;0.8;46.6;29.4;5.3;3.9;34.6;60.7;1.7;1.4;0.0;0.6;0.0;0.2;0.0;0.0;0.0;0.0;0.0;0.0,32.16,0.07,0.0,0.06,13.605,0.0,683.0,5273.0,4,16,,,,,,,,,,,,,,,,,,,,,,,,,,,,,,,,,,,,,,,,,,,,,,,,,,,,,,,,,,,,,
10,6,,,,,,,98,79,65,18,236.5,2745,10801,33,0,7.7,0.8;2.3;1.7;1.4;0.2;0.6;56.0;43.0;5.3;4.4;36.5;31.1;0.6;0.8;0.0;0.0;0.0;0.0;0.0;0.0;0.0;0.2;0.0;0.0,32.16,0.07,0.0,0.02,13.605,0.0,927.0,244.0,4,16,,,,,,,,,,,,,,,,,,,,,,,,,,,,,,,,,,,,,,,,,,,,,,,,,,,,,,,,,,,,,
10,7,,,,,,,100,77,68,18,236.7,2745,10801,34,0,8.0,0.9;5.7;2.0;0.8;1.4;1.4;44.2;37.0;6.2;2.7;52.4;33.5;1.0;1.3;0.0;0.2;0.2;0.0;0.2;0.0;0.0;0.6;0.2;0.0,32.16,0.07,0.1,0.28,13.605,0.0,1464.0,0.0,4,16,,,,,,,,,,,,,,,,,,,,,,,,,,,,,,,,,,,,,,,,,,,,,,,,,,,,,,,,,,,,,
10,8,,,,,,,98,79,68,17,233.6,2745,10801,34,0,8.5,1.9;2.8;3.1;2.0;1.2;1.2;42.9;47.5;4.2;3.3;36.0;49.5;0.5;1.1;0.8;0.5;0.6;0.6;0.0;0.3;0.5;0.2;0.8;2.3,32.15,0.07,0.0,0.05,13.605,0.0,244.0,1318.0,4,16,,,,,,,,,,,,,,,,,,,,,,,,,,,,,,,,,,,,,,,,,,,,,,,,,,,,,,,,,,,,,
10,9,,,,,,,98,79,68,22,237.3,2730,10801,35,0,7.8,1.3;1.6;2.2;1.4;0.6;0.5;50.7;39.5;3.9;4.9;36.0;42.9;0.8;0.9;0.0;0.0;0.0;0.0;0.0;0.0;0.0;0.0;0.0;0.2,32.14,0.07,0.0,0.03,13.605,0.0,1416.0,0.0,4,16,,,,,,,,,,,,,,,,,,,,,,,,,,,,,,,,,,,,,,,,,,,,,,,,,,,,,,,,,,,,,
10,10,,,,,,,100,73,70,16,238.3,2730,10801,35,0,7.9,0.9;3.4;2.0;3.0;0.6;0.5;49.9;38.3;6.2;5.0;37.4;39.2;0.9;0.6;0.0;0.0;0.0;0.0;0.0;0.2;0.2;0.2;0.0;0.0,32.12,0.07,0.0,0.04,13.605,0.0,0.0,1660.0,4,16,,,,,,,,,,,,,,,,,,,,,,,,,,,,,,,,,,,,,,,,,,,,,,,,,,,,,,,,,,,,,
10,11,,,,,,,99,78,67,17,233.8,2730,10801,36,0,8.4,1.3;3.7;2.0;2.0;0.6;0.8;42.5;39.0;5.1;7.2;37.0;54.7;0.8;1.1;0.2;0.0;0.3;0.3;0.5;0.2;0.0;0.0;0.5;0.0,32.1,0.07,0.0,0.02,13.605,0.0,390.0,0.0,4,16,,,,,,,,,,,,,,,,,,,,,,,,,,,,,,,,,,,,,,,,,,,,,,,,,,,,,,,,,,,,,
10,12,,,,,,,100,72,69,17,238.4,2730,10801,36,0,7.7,0.8;3.4;1.6;1.3;0.9;0.3;43.7;43.4;3.6;3.3;44.5;37.4;0.8;0.6;0.0;0.0;0.0;0.0;0.0;0.0;0.2;0.0;0.0;0.0,32.12,0.07,0.0,0.07,13.605,0.0,244.0,1416.0,4,16,,,,,,,,,,,,,,,,,,,,,,,,,,,,,,,,,,,,,,,,,,,,,,,,,,,,,,,,,,,,,
10,13,,,,,,,100,73,68,21,237.4,2730,10801,36,0,7.7,0.5;5.1;1.1;0.8;0.3;0.8;45.9;31.1;4.4;3.1;37.6;52.4;0.6;0.6;0.0;0.0;0.2;0.0;0.0;0.0;0.0;0.3;0.0;0.0,32.12,0.07,0.0,0.05,13.605,0.0,341.0,390.0,4,16,,,,,,,,,,,,,,,,,,,,,,,,,,,,,,,,,,,,,,,,,,,,,,,,,,,,,,,,,,,,,
10,14,,,,,,,100,71,68,22,235.0,2730,10801,36,0,7.8,1.2;3.1;1.4;1.2;0.3;0.8;51.9;44.7;5.0;2.5;40.8;34.3;0.5;0.5;0.2;0.0;0.0;0.0;0.0;0.0;0.0;0.3;0.0;0.0,32.09,0.07,0.0,0.03,13.605,0.0,2343.0,0.0,4,16,,,,,,,,,,,,,,,,,,,,,,,,,,,,,,,,,,,,,,,,,,,,,,,,,,,,,,,,,,,,,
10,15,,,,,,,100,77,70,14,239.2,2730,10801,36,0,8.0,1.2;5.0;1.7;0.9;0.6;0.5;57.3;37.9;3.4;3.3;38.9;38.5;0.6;0.9;0.0;0.0;0.0;0.0;0.0;0.0;0.0;0.0;0.2;0.6,32.12,0.07,0.0,0.07,13.605,0.0,0.0,1464.0,4,16,,,,,,,,,,,,,,,,,,,,,,,,,,,,,,,,,,,,,,,,,,,,,,,,,,,,,,,,,,,,,
10,16,,,,,,,98,78,70,14,238.5,2730,10801,37,0,8.1,2.4;3.3;2.3;1.4;0.6;1.3;46.3;29.4;4.9;3.8;43.7;51.1;0.9;0.9;0.0;0.5;0.2;0.0;0.0;0.0;0.2;0.5;0.0;0.0,32.12,0.07,0.0,0.04,13.605,0.0,1416.0,3759.0,4,16,,,,,,,,,,,,,,,,,,,,,,,,,,,,,,,,,,,,,,,,,,,,,,,,,,,,,,,,,,,,,
10,17,,,,,,,100,46,69,17,237.3,2730,10801,37,0,7.8,1.1;4.3;1.6;1.6;0.3;0.5;47.8;33.9;3.6;5.0;41.1;45.6;0.5;0.6;0.0;0.0;0.0;0.0;0.0;0.0;0.2;0.3;0.0;0.0,32.09,0.07,0.0,0.03,13.605,0.0,2099.0,6835.0,4,16,,,,,,,,,,,,,,,,,,,,,,,,,,,,,,,,,,,,,,,,,,,,,,,,,,,,,,,,,,,,,
10,18,,,,,,,100,46,69,15,239.0,2730,10801,37,0,8.5,1.6;3.2;3.4;2.0;0.8;0.6;43.8;47.8;6.7;4.0;37.1;47.7;0.9;0.8;0.0;0.5;0.2;0.0;0.0;0.0;0.2;0.2;0.2;0.2,32.07,0.07,0.0,0.09,13.605,0.0,488.0,1513.0,4,16,,,,,,,,,,,,,,,,,,,,,,,,,,,,,,,,,,,,,,,,,,,,,,,,,,,,,,,,,,,,,
10,19,,,,,,,100,52,70,14,239.1,2730,10801,37,0,7.9,0.9;3.9;1.6;1.6;0.5;0.3;40.6;29.9;4.5;4.1;56.5;42.1;1.1;1.3;0.2;0.3;0.2;0.0;0.2;0.2;0.5;0.0;0.2;0.0,32.11,0.07,0.0,0.03,13.605,0.0,341.0,390.0,4,16,,,,,,,,,,,,,,,,,,,,,,,,,,,,,,,,,,,,,,,,,,,,,,,,,,,,,,,,,,,,,
10,20,,,,,,,100,47,68,16,239.7,2730,10801,37,0,8.5,1.7;4.5;3.4;2.7;1.4;0.8;39.0;52.4;3.8;7.8;31.5;47.1;0.9;1.1;0.2;0.0;0.3;0.8;0.2;0.0;2.9;0.9;0.3;0.3,32.11,0.07,0.0,0.04,13.605,0.0,488.0,1416.0,4,16,,,,,,,,,,,,,,,,,,,,,,,,,,,,,,,,,,,,,,,,,,,,,,,,,,,,,,,,,,,,,
10,21,,,,,,,100,51,70,13,239.4,2730,10801,37,0,8.0,0.6;2.5;1.7;0.8;2.3;0.6;56.8;40.7;3.6;4.0;38.3;38.6;0.5;0.8;0.0;0.0;0.0;0.0;0.0;0.0;0.2;0.0;0.2;0.0,32.11,0.07,0.0,0.04,13.605,0.0,0.0,1611.0,4,16,,,,,,,,,,,,,,,,,,,,,,,,,,,,,,,,,,,,,,,,,,,,,,,,,,,,,,,,,,,,,
10,22,,,,,,,100,46,69,17,238.8,2730,10801,38,0,9.0,2.0;4.3;2.7;3.4;1.4;0.8;50.8;39.0;6.3;6.6;33.3;57.9;1.6;0.8;0.3;0.2;0.9;0.5;0.2;0.0;0.8;0.0;0.9;0.6,32.12,0.07,0.47,1.43,13.605,0.0,1416.0,1367.0,4,16,,,,,,,,,,,,,,,,,,,,,,,,,,,,,,,,,,,,,,,,,,,,,,,,,,,,,,,,,,,,,
10,23,,,,,,,100,50,70,16,239.0,2730,10801,38,0,8.0,1.6;3.7;2.2;0.9;0.2;0.6;43.8;44.1;3.9;4.8;40.4;43.3;0.6;0.8;0.0;0.0;0.0;0.0;0.2;0.2;0.2;0.2;0.0;0.2,32.12,0.07,0.0,0.03,13.605,0.0,341.0,439.0,4,16,,,,,,,,,,,,,,,,,,,,,,,,,,,,,,,,,,,,,,,,,,,,,,,,,,,,,,,,,,,,,
10,24,,,,,,,100,46,69,16,237.9,2730,10801,38,0,8.0,0.5;4.3;1.6;1.6;0.5;0.5;49.5;38.3;2.5;4.7;40.3;45.1;0.6;0.5;0.0;0.0;0.3;0.0;0.0;0.0;0.0;0.0;0.6;0.5,32.12,0.07,0.01,0.11,13.605,0.0,341.0,1757.0,4,16,,,,,,,,,,,,,,,,,,,,,,,,,,,,,,,,,,,,,,,,,,,,,,,,,,,,,,,,,,,,,
10,25,,,,,,,100,52,71,13,239.8,2730,10801,38,0,8.7,4.4;4.8;4.2;2.7;0.5;0.9;51.8;41.6;3.1;8.0;44.9;37.6;0.9;0.8;0.5;0.0;0.2;0.2;0.0;0.0;0.5;0.2;0.6;0.2,32.13,0.07,0.0,0.04,13.605,0.0,781.0,439.0,4,16,,,,,,,,,,,,,,,,,,,,,,,,,,,,,,,,,,,,,,,,,,,,,,,,,,,,,,,,,,,,,
10,26,,,,,,,100,53,69,15,240.0,2730,10801,38,0,8.3,1.3;5.4;1.7;2.2;0.2;0.5;44.8;56.1;3.0;4.2;38.4;38.0;1.1;0.8;0.0;0.2;0.2;0.0;0.0;0.2;0.3;0.2;0.0;0.0,32.11,0.07,0.0,0.03,13.605,0.0,1367.0,1416.0,4,16,,,,,,,,,,,,,,,,,,,,,,,,,,,,,,,,,,,,,,,,,,,,,,,,,,,,,,,,,,,,,
10,27,,,,,,,100,46,71,15,236.2,2730,10801,38,0,8.0,1.2;4.7;2.2;1.5;1.4;0.6;47.5;32.1;3.3;6.2;41.0;49.1;0.5;0.6;0.0;0.0;0.0;0.0;0.5;0.3;0.0;0.0;0.0;0.2,32.11,0.07,0.0,0.09,13.605,0.0,537.0,1416.0,4,16,,,,,,,,,,,,,,,,,,,,,,,,,,,,,,,,,,,,,,,,,,,,,,,,,,,,,,,,,,,,,
10,28,,,,,,,100,61,72,15,240.4,2730,10801,38,0,8.2,1.9;7.0;1.9;1.7;0.5;1.6;46.2;42.7;4.4;6.9;36.6;41.6;1.1;0.9;0.2;0.2;0.2;0.3;0.0;0.2;0.2;0.0;0.2;0.0,32.13,0.07,0.29,1.17,13.605,0.0,34765.0,292.0,4,16,,,,,,,,,,,,,,,,,,,,,,,,,,,,,,,,,,,,,,,,,,,,,,,,,,,,,,,,,,,,,
10,29,,,,,,,100,51,71,15,239.6,2730,10801,38,0,8.1,2.8;4.1;1.7;1.9;0.3;1.6;41.0;52.4;3.7;5.1;36.7;37.3;1.2;0.9;0.2;0.3;0.0;0.5;0.3;0.0;0.5;0.3;0.3;0.2,32.13,0.07,0.0,0.08,13.605,0.0,37207.0,287109.0,4,16,,,,,,,,,,,,,,,,,,,,,,,,,,,,,,,,,,,,,,,,,,,,,,,,,,,,,,,,,,,,,
10,30,,,,,,,100,75,71,16,236.7,2730,10801,38,0,6.6,1.7;3.8;2.3;2.2;0.8;0.3;26.8;25.2;3.0;3.9;41.4;42.5;0.3;0.2;0.0;0.0;0.0;0.0;0.0;0.3;0.9;0.6;0.6;0.3,32.1,0.07,0.0,0.05,13.605,0.0,488.0,1416.0,4,16,,,,,,,,,,,,,,,,,,,,,,,,,,,,,,,,,,,,,,,,,,,,,,,,,,,,,,,,,,,,,
10,31,,,,,,,100,50,71,15,239.5,2730,10801,38,0,5.5,0.5;2.7;0.7;0.7;0.0;0.7;26.4;30.3;2.5;3.2;33.8;30.3;0.0;0.5;0.0;0.0;0.0;0.0;0.0;0.0;0.0;0.0;0.0;0.0,32.12,0.07,0.0,0.04,13.605,0.0,1123.0,1513.0,4,16,,,,,,,,,,,,,,,,,,,,,,,,,,,,,,,,,,,,,,,,,,,,,,,,,,,,,,,,,,,,,
10,summary,0.34759523582375756,0.9810109575814987,0.2882993008295695,0.9983333333333333,0.00100000,358.3,,,,,,,,,,,,,,,,,,,,,,98,99.45,100,46,64.65,82,58,68.06,72,13,17.52,29,92.0,232.66,240.4,2733.9,10801.0,35.7,0,5.5,8.03,9.8,32.07,32.16,32.6,63.16,0.07,0.07,0.07,16.0,0.0,0.03,0.47,0.02,0.18,1.43,11.015,16.348,13.355,13.6,13.605,15.992,0.0,0.0,0.0,0.0,3028.55,37207.0,0.0,11568.71,287109.0,4,4.0,4,16,16.0,16,4,16,50.16,291.8
11,1,,,,,,,100,53,68,17,100.6,2730,10801,38,0,20.8,18.6;23.8;22.0;23.0;20.5;21.5;65.1;60.9;23.9;26.6;51.1;59.3;14.2;12.4;4.9;5.0;8.2;7.4;3.9;3.1;6.2;7.8;4.7;6.2,32.22,0.07,0.0,0.03,14.545,0.0,1464.0,1660.0,4,16,,,,,,,,,,,,,,,,,,,,,,,,,,,,,,,,,,,,,,,,,,,,,,,,,,,,,,,,,,,,,
11,2,,,,,,,100,51,69,18,240.0,2730,10801,38,0,8.2,1.7;4.1;2.2;1.1;0.5;0.6;50.2;37.3;5.5;3.3;37.0;49.7;0.8;0.8;0.0;0.0;0.2;0.0;0.0;0.0;0.2;0.3;0.2;0.6,32.16,0.07,0.0,4.63,14.545,0.0,1464.0,48.0,4,16,,,,,,,,,,,,,,,,,,,,,,,,,,,,,,,,,,,,,,,,,,,,,,,,,,,,,,,,,,,,,
11,3,,,,,,,100,56,72,20,240.3,2730,10801,38,0,8.3,1.3;5.2;2.3;2.0;0.6;0.5;43.5;35.6;4.8;7.0;38.6;53.8;1.2;1.1;0.0;0.3;0.2;0.5;0.2;0.0;0.3;0.2;0.0;0.0,32.14,0.07,0.0,2.32,14.545,0.0,1464.0,1513.0,4,16,,,,,,,,,,,,,,,,,,,,,,,,,,,,,,,,,,,,,,,,,,,,,,,,,,,,,,,,,,,,,
11,4,,,,,,,100,51,71,13,241.0,2730,10801,38,0,7.9,0.8;3.1;1.4;1.2;0.5;0.3;49.1;52.0;6.3;4.1;36.8;31.2;0.6;0.6;0.0;0.2;0.0;0.0;0.0;0.2;0.3;0.6;0.2;0.3,32.12,0.07,0.0,1.63,14.545,0.0,927.0,292.0,4,16,,,,,,,,,,,,,,,,,,,,,,,,,,,,,,,,,,,,,,,,,,,,,,,,,,,,,,,,,,,,,
11,5,,,,,,,100,69,71,14,239.0,2730,10801,38,0,8.5,2.2;5.2;2.0;2.5;0.9;0.5;55.8;48.4;3.6;5.1;42.6;30.8;1.4;0.8;0.2;0.2;0.5;0.0;0.2;0.0;0.0;0.0;0.2;0.3,32.1,0.07,0.0,2.76,14.545,0.0,878.0,1562.0,4,16,,,,,,,,,,,,,,,,,,,,,,,,,,,,,,,,,,,,,,,,,,,,,,,,,,,,,,,,,,,,,
11,6,,,,,,,100,55,71,13,240.8,2730,10801,38,0,8.2,0.9;3.6;0.6;1.6;0.8;0.5;44.5;52.3;4.7;4.2;28.7;50.3;0.6;0.9;0.3;0.0;0.3;0.0;0.0;0.2;0.0;0.0;0.2;0.0,32.05,0.07,0.11,0.38,14.545,0.0,292.0,1855.0,4,16,,,,,,,,,,,,,,,,,,,,,,,,,,,,,,,,,,,,,,,,,,,,,,,,,,,,,,,,,,,,,
11,7,,,,,,,100,56,70,16,240.3,2730,10801,38,0,7.9,0.9;4.0;1.7;1.3;0.6;0.3;49.6;47.1;4.4;4.4;35.8;38.2;1.1;0.3;0.0;0.0;0.2;0.0;0.2;0.0;0.0;0.0;0.0;0.0,32.07,0.07,0.0,0.05,14.545,0.0,1123.0,1464.0,4,16,,,,,,,,,,,,,,,,,,,,,,,,,,,,,,,,,,,,,,,,,,,,,,,,,,,,,,,,,,,,,
11,8,,,,,,,100,68,72,16,236.9,2730,10801,38,0,8.1,1.9;3.8;2.2;1.2;0.6;0.8;45.7;37.5;6.7;4.5;37.8;48.8;0.8;0.8;0.0;0.0;0.2;0.3;0.0;0.0;0.2;0.2;0.5;0.0,32.06,0.07,0.0,0.04,14.545,0.0,292.0,1416.0,4,16,,,,,,,,,,,,,,,,,,,,,,,,,,,,,,,,,,,,,,,,,,,,,,,,,,,,,,,,,,,,,
11,9,,,,,,,100,51,71,19,240.8,2730,10801,38,0,8.1,0.6;4.6;2.7;1.1;0.8;0.2;44.6;54.4;5.3;4.4;31.0;41.2;0.9;0.5;0.0;0.0;0.2;0.3;0.3;0.0;0.2;0.0;0.0;0.3,32.04,0.07,0.0,0.04,14.545,0.0,878.0,8984.0,4,16,,,,,,,,,,,,,,,,,,,,,,,,,,,,,,,,,,,,,,,,,,,,,,,,,,,,,,,,,,,,,
11,10,,,,,,,100,55,70,13,241.1,2730,10801,38,0,8.0,1.1;3.2;2.7;1.6;0.9;0.3;49.4;44.7;6.1;2.4;35.0;41.0;0.8;0.6;0.2;0.2;0.0;0.0;0.0;0.0;0.3;0.6;0.2;0.0,32.06,0.07,0.0,0.03,14.545,0.0,781.0,1708.0,4,16,,,,,,,,,,,,,,,,,,,,,,,,,,,,,,,,,,,,,,,,,,,,,,,,,,,,,,,,,,,,,
11,11,,,,,,,100,48,71,13,236.8,2730,10801,38,0,8.0,0.6;2.8;3.0;0.8;1.3;0.3;52.8;34.2;5.1;3.3;37.1;47.9;0.5;0.8;0.0;0.2;0.0;0.2;0.0;0.0;0.0;0.3;0.0;0.0,32.07,0.07,0.0,0.04,14.545,0.0,244.0,1562.0,4,16,,,,,,,,,,,,,,,,,,,,,,,,,,,,,,,,,,,,,,,,,,,,,,,,,,,,,,,,,,,,,
11,12,,,,,,,100,57,71,15,239.8,2730,10801,38,0,7.8,1.3;1.9;2.2;0.6;0.9;0.9;42.5;50.6;6.7;1.6;39.6;36.2;1.1;1.1;0.0;0.0;0.0;0.2;0.0;0.0;0.0;0.0;0.0;0.0,32.07,0.07,0.0,0.04,14.545,0.0,1367.0,1416.0,4,16,,,,,,,,,,,,,,,,,,,,,,,,,,,,,,,,,,,,,,,,,,,,,,,,,,,,,,,,,,,,,
11,13,,,,,,,100,55,70,13,240.0,2730,10801,39,0,7.8,0.5;2.5;2.5;0.9;0.5;0.5;52.5;33.0;4.2;3.9;45.4;38.7;0.6;0.6;0.0;0.0;0.0;0.0;0.0;0.0;0.0;0.0;0.0;0.0,32.07,0.07,0.04,0.21,14.545,0.0,341.0,1513.0,4,16,,,,,,,,,,,,,,,,,,,,,,,,,,,,,,,,,,,,,,,,,,,,,,,,,,,,,,,,,,,,,
11,14,,,,,,,100,50,71,15,236.6,2730,10801,38,0,8.0,1.2;4.9;1.2;1.6;0.3;0.3;50.2;40.0;5.9;2.3;31.0;49.2;0.6;0.9;0.2;0.0;0.5;0.0;0.2;0.2;0.0;0.3;1.2;0.2,32.07,0.07,0.0,0.05,14.545,0.0,1269.0,6005.0,4,16,,,,,,,,,,,,,,,,,,,,,,,,,,,,,,,,,,,,,,,,,,,,,,,,,,,,,,,,,,,,,
11,15,,,,,,,100,47,69,18,240.2,2730,10801,39,0,8.4,2.0;6.6;1.9;1.6;1.4;1.2;50.4;40.0;5.3;3.8;40.7;40.6;1.3;0.9;0.0;0.0;0.2;0.2;0.2;0.0;0.8;1.7;0.2;0.2,32.06,0.07,0.0,0.04,14.545,0.0,292.0,0.0,4,16,,,,,,,,,,,,,,,,,,,,,,,,,,,,,,,,,,,,,,,,,,,,,,,,,,,,,,,,,,,,,
11,16,,,,,,,100,47,69,13,239.9,2730,10801,39,0,8.2,1.4;2.9;3.1;1.9;0.6;0.5;54.9;37.4;5.2;3.9;47.2;34.4;0.5;1.1;0.3;0.3;0.0;0.3;0.3;0.3;0.0;0.2;0.6;0.3,32.06,0.07,0.0,0.04,14.545,0.0,1123.0,1513.0,4,16,,,,,,,,,,,,,,,,,,,,,,,,,,,,,,,,,,,,,,,,,,,,,,,,,,,,,,,,,,,,,
11,17,,,,,,,100,45,69,14,237.8,2730,10801,39,0,8.1,1.2;5.4;3.0;1.1;0.6;1.9;45.3;47.4;5.3;4.2;28.4;47.3;1.1;0.9;0.2;0.0;0.0;0.2;0.2;0.0;0.2;0.0;0.0;0.6,32.06,0.07,0.0,0.07,14.545,0.0,2636.0,6738.0,4,16,,,,,,,,,,,,,,,,,,,,,,,,,,,,,,,,,,,,,,,,,,,,,,,,,,,,,,,,,,,,,
11,18,,,,,,,100,46,69,14,239.3,2730,10801,39,0,7.8,1.6;2.6;2.0;0.8;0.9;0.6;45.9;40.5;4.1;4.7;28.4;53.9;0.5;0.9;0.0;0.0;0.2;0.2;0.0;0.2;0.0;0.0;0.0;0.2,32.06,0.07,0.01,0.11,14.545,0.0,976.0,195.0,4,16,,,,,,,,,,,,,,,,,,,,,,,,,,,,,,,,,,,,,,,,,,,,,,,,,,,,,,,,,,,,,
11,19,,,,,,,100,47,70,15,238.8,2730,10801,39,0,8.2,1.1;5.8;2.2;0.6;0.3;0.9;52.3;39.4;3.8;3.8;36.0;46.3;1.4;0.6;0.0;0.5;0.2;0.2;0.0;0.2;0.3;0.5;0.2;0.8,32.05,0.07,0.0,0.07,14.545,0.0,830.0,1708.0,4,16,,,,,,,,,,,,,,,,,,,,,,,,,,,,,,,,,,,,,,,,,,,,,,,,,,,,,,,,,,,,,
11,20,,,,,,,100,59,70,20,239.0,2730,10801,39,0,8.3,1.6;4.4;3.3;2.0;1.7;1.1;47.0;33.0;4.8;5.3;40.0;51.8;0.9;0.9;0.2;0.3;0.0;0.2;0.0;0.0;0.0;0.0;0.2;0.3,32.06,0.07,0.0,0.05,14.545,0.0,585.0,3857.0,4,16,,,,,,,,,,,,,,,,,,,,,,,,,,,,,,,,,,,,,,,,,,,,,,,,,,,,,,,,,,,,,
11,21,,,,,,,100,49,69,21,238.6,2730,10801,39,0,8.2,1.7;3.2;2.5;1.7;0.6;0.5;47.4;35.2;4.8;3.6;48.2;44.6;0.6;1.2;0.0;0.0;0.0;0.2;0.0;0.0;0.3;0.0;0.5;0.0,32.07,0.07,0.0,0.08,14.545,0.0,292.0,390.0,4,16,,,,,,,,,,,,,,,,,,,,,,,,,,,,,,,,,,,,,,,,,,,,,,,,,,,,,,,,,,,,,
11,22,,,,,,,100,45,71,13,239.0,2730,10801,39,0,7.8,1.6;4.0;1.3;1.3;0.3;0.3;36.2;33.6;5.3;4.5;58.2;39.0;1.1;0.9;0.0;0.0;0.0;0.0;0.0;0.0;0.0;0.0;0.0;0.0,32.04,0.07,0.0,0.04,14.545,0.0,1562.0,1416.0,4,16,,,,,,,,,,,,,,,,,,,,,,,,,,,,,,,,,,,,,,,,,,,,,,,,,,,,,,,,,,,,,
11,23,,,,,,,100,56,71,14,241.4,2730,10801,39,0,8.0,1.6;3.6;1.7;1.1;0.6;0.3;50.0;36.2;4.9;3.4;35.8;49.1;0.9;0.6;0.0;0.0;0.0;0.0;0.0;0.0;0.0;0.0;0.3;0.0,32.1,0.07,0.0,0.03,14.545,0.0,292.0,439.0,4,16,,,,,,,,,,,,,,,,,,,,,,,,,,,,,,,,,,,,,,,,,,,,,,,,,,,,,,,,,,,,,
11,24,,,,,,,100,46,71,15,237.9,2730,10801,39,0,8.1,3.1;4.0;1.9;2.0;0.2;0.8;28.8;50.1;4.0;4.3;40.0;52.6;0.6;0.9;0.0;0.2;0.2;0.0;0.0;0.0;0.2;0.0;0.2;0.2,32.08,0.07,0.0,0.06,14.545,0.0,1416.0,1416.0,4,16,,,,,,,,,,,,,,,,,,,,,,,,,,,,,,,,,,,,,,,,,,,,,,,,,,,,,,,,,,,,,
11,25,,,,,,,100,50,69,14,239.2,2730,10801,39,0,8.0,1.3;3.9;1.6;1.4;0.8;0.9;54.7;45.6;5.9;4.4;37.6;31.2;1.1;0.3;0.0;0.0;0.0;0.0;0.0;0.2;0.0;0.3;0.0;0.0,32.06,0.07,0.0,0.03,14.545,0.0,878.0,1464.0,4,16,,,,,,,,,,,,,,,,,,,,,,,,,,,,,,,,,,,,,,,,,,,,,,,,,,,,,,,,,,,,,
11,26,,,,,,,100,46,68,20,239.8,2730,10801,39,0,7.7,0.6;1.9;1.7;0.8;0.3;0.9;34.8;24.8;3.3;4.5;54.5;54.5;0.6;0.6;0.0;0.0;0.0;0.2;0.0;0.0;0.0;0.5;0.0;0.2,32.08,0.07,0.0,0.03,14.545,0.0,634.0,1562.0,4,16,,,,,,,,,,,,,,,,,,,,,,,,,,,,,,,,,,,,,,,,,,,,,,,,,,,,,,,,,,,,,
11,27,,,,,,,100,55,71,20,235.9,2730,10801,39,0,7.9,1.1;2.8;2.0;2.0;0.6;0.8;42.9;44.2;4.4;7.3;20.7;58.1;1.1;0.9;0.0;0.2;0.0;0.0;0.0;0.0;0.0;0.0;0.0;0.2,32.06,0.07,0.0,0.06,14.545,0.0,28369.0,5615.0,4,16,,,,,,,,,,,,,,,,,,,,,,,,,,,,,,,,,,,,,,,,,,,,,,,,,,,,,,,,,,,,,
11,28,,,,,,,100,50,69,13,239.6,2730,10801,39,0,8.0,1.4;3.4;0.8;1.6;1.1;0.5;48.8;42.6;3.6;4.8;43.4;37.0;0.9;0.9;0.2;0.2;0.2;0.2;0.2;0.0;0.3;0.0;0.2;0.0,32.04,0.07,0.0,0.02,14.545,0.0,341.0,1855.0,4,16,,,,,,,,,,,,,,,,,,,,,,,,,,,,,,,,,,,,,,,,,,,,,,,,,,,,,,,,,,,,,
11,29,,,,,,,100,48,70,13,240.0,2730,10801,39,0,8.2,0.8;4.3;1.1;1.6;1.6;1.1;38.9;45.2;3.1;5.6;47.1;41.6;0.8;1.3;0.3;0.0;0.3;0.0;0.0;0.0;0.9;0.8;0.0;0.2,32.06,0.07,0.0,0.05,14.545,0.0,1464.0,48.0,4,16,,,,,,,,,,,,,,,,,,,,,,,,,,,,,,,,,,,,,,,,,,,,,,,,,,,,,,,,,,,,,
11,30,,,,,,,100,51,69,15,235.8,2730,10801,39,0,6.3,0.8;2.8;1.4;1.2;0.3;0.2;18.8;26.4;2.8;3.4;36.6;53.4;0.3;0.3;0.0;0.0;0.0;0.2;0.0;0.0;0.0;0.0;0.6;0.9,32.06,0.07,0.0,0.06,14.545,0.0,1464.0,48.0,4,16,,,,,,,,,,,,,,,,,,,,,,,,,,,,,,,,,,,,,,,,,,,,,,,,,,,,,,,,,,,,,
11,31,,,,,,,100,74,68,15,239.0,2730,10801,39,0,5.8,1.7;2.4;1.5;1.9;0.2;0.0;28.7;45.5;1.9;4.1;18.6;31.2;0.7;0.0;0.0;0.0;0.0;0.0;0.0;0.2;0.0;0.5;0.2;0.0,32.07,0.07,0.0,0.03,14.545,0.0,341.0,6689.0,4,16,,,,,,,,,,,,,,,,,,,,,,,,,,,,,,,,,,,,,,,,,,,,,,,,,,,,,,,,,,,,,
11,summary,0.3444542429622361,0.9818648838204888,0.2880583594640096,0.9981111111111111,0.00100000,313.9,,,,,,,,,,,,,,,,,,,,,,100,100.0,100,45,52.77,74,68,70.0,72,13,15.55,21,100.6,234.68,241.4,2730.0,10801.0,38.6,0,5.8,8.34,20.8,32.04,32.08,32.22,63.16,0.07,0.07,0.07,16.0,0.0,0.01,0.11,0.02,0.42,4.63,11.015,16.348,14.545,14.54,14.545,15.992,0.0,0.0,0.0,244.0,1815.45,28369.0,0.0,2127.45,8984.0,4,4.0,4,16,16.0,16,4,16,6.19,291.32
12,1,,,,,,,88,68,67,16,126.9,2730,10801,39,0,21.2,20.2;21.6;24.8;23.7;21.6;22.3;70.5;55.8;25.8;25.8;66.2;51.6;11.9;13.0;4.1;4.5;6.9;7.3;2.6;3.3;6.8;6.9;6.2;5.5,32.17,0.07,0.02,1.12,14.4,0.0,12695.0,121142.0,4,16,,,,,,,,,,,,,,,,,,,,,,,,,,,,,,,,,,,,,,,,,,,,,,,,,,,,,,,,,,,,,
12,2,,,,,,,100,76,71,17,240.2,2730,10801,39,0,8.3,1.3;4.6;1.7;2.3;1.3;0.8;45.4;49.6;3.6;5.2;34.7;44.0;0.9;0.8;0.0;0.2;0.5;0.2;0.0;0.5;0.2;0.2;0.0;0.3,32.13,0.07,0.0,3.56,14.4,0.0,878.0,6933.0,4,16,,,,,,,,,,,,,,,,,,,,,,,,,,,,,,,,,,,,,,,,,,,,,,,,,,,,,,,,,,,,,
12,3,,,,,,,100,83,68,15,240.7,2730,10801,39,0,7.9,2.3;3.5;1.1;1.9;0.8;0.6;36.7;35.3;5.3;3.9;41.2;53.1;0.6;0.9;0.2;0.0;0.0;0.0;0.0;0.2;0.2;0.2;0.5;0.2,32.08,0.07,0.0,2.14,14.4,0.0,40380.0,8935.0,4,16,,,,,,,,,,,,,,,,,,,,,,,,,,,,,,,,,,,,,,,,,,,,,,,,,,,,,,,,,,,,,
12,4,,,,,,,100,79,70,19,240.4,2730,10801,38,0,7.8,1.1;4.0;1.4;0.8;0.0;1.1;39.5;37.4;2.7;8.2;35.6;54.7;0.9;0.8;0.0;0.0;0.0;0.0;0.0;0.0;0.0;0.0;0.3;0.0,32.1,0.07,0.0,1.45,14.4,0.0,2539.0,1562.0,4,16,,,,,,,,,,,,,,,,,,,,,,,,,,,,,,,,,,,,,,,,,,,,,,,,,,,,,,,,,,,,,
12,5,,,,,,,100,72,70,16,237.9,2730,10801,38,0,8.0,1.6;2.8;2.2;1.2;0.9;0.6;44.5;53.5;3.1;6.7;30.8;42.2;0.8;0.9;0.2;0.0;0.0;0.2;0.0;0.0;0.0;0.2;0.0;0.2,32.08,0.07,0.0,2.37,14.4,0.0,1123.0,1416.0,4,16,,,,,,,,,,,,,,,,,,,,,,,,,,,,,,,,,,,,,,,,,,,,,,,,,,,,,,,,,,,,,
12,6,,,,,,,100,86,67,16,239.6,2730,10801,38,0,7.9,0.9;3.6;1.7;1.7;0.2;1.1;33.3;41.2;3.4;3.9;45.4;48.6;0.9;0.8;0.0;0.2;0.0;0.0;0.0;0.3;0.0;0.3;0.6;1.3,32.06,0.07,0.0,0.05,14.4,0.0,2539.0,1660.0,4,16,,,,,,,,,,,,,,,,,,,,,,,,,,,,,,,,,,,,,,,,,,,,,,,,,,,,,,,,,,,,,
12,7,,,,,,,100,87,70,16,239.4,2730,10801,38,0,8.2,1.3;1.7;2.0;3.1;0.5;1.7;36.2;43.6;2.8;7.7;33.4;60.7;0.8;1.1;0.0;0.2;0.0;0.0;0.0;0.0;0.0;0.0;0.0;0.0,32.07,0.07,0.0,0.05,14.4,0.0,488.0,1757.0,4,16,,,,,,,,,,,,,,,,,,,,,,,,,,,,,,,,,,,,,,,,,,,,,,,,,,,,,,,,,,,,,
12,8,,,,,,,100,86,67,16,235.9,2730,10801,39,0,8.1,0.6;3.4;1.4;2.8;0.6;0.9;44.6;36.1;3.3;7.5;36.8;53.3;1.1;0.2;0.0;0.2;0.0;0.2;0.0;0.0;0.0;0.2;0.3;0.0,32.07,0.07,0.0,0.04,14.4,0.0,830.0,439.0,4,16,,,,,,,,,,,,,,,,,,,,,,,,,,,,,,,,,,,,,,,,,,,,,,,,,,,,,,,,,,,,,
12,9,,,,,,,100,84,70,16,238.8,2730,10801,38,0,8.0,1.6;4.8;2.0;1.6;0.6;0.6;40.2;51.2;4.1;5.8;38.4;36.9;0.8;0.8;0.0;0.0;0.0;0.2;0.0;0.0;0.6;0.2;0.3;0.2,32.05,0.07,0.0,0.04,14.4,0.0,1123.0,1757.0,4,16,,,,,,,,,,,,,,,,,,,,,,,,,,,,,,,,,,,,,,,,,,,,,,,,,,,,,,,,,,,,,
12,10,,,,,,,98,80,68,16,238.8,2730,10801,38,0,7.6,0.5;2.3;0.9;0.5;0.0;0.5;39.8;22.5;3.4;5.2;37.0;68.7;1.1;0.3;0.0;0.0;0.0;0.0;0.0;0.0;0.0;0.0;0.0;0.0,32.08,0.07,0.0,0.03,14.4,0.0,3466.0,1367.0,4,16,,,,,,,,,,,,,,,,,,,,,,,,,,,,,,,,,,,,,,,,,,,,,,,,,,,,,,,,,,,,,
12,11,,,,,,,100,81,70,16,234.3,2730,10801,39,0,8.2,1.9;4.6;1.2;2.8;0.5;0.5;42.1;46.6;5.1;5.3;40.7;42.4;0.5;0.9;0.3;0.2;0.0;0.2;0.2;0.2;0.2;0.3;0.0;0.2,32.08,0.07,0.0,0.03,14.4,0.0,17626.0,18115.0,4,16,,,,,,,,,,,,,,,,,,,,,,,,,,,,,,,,,,,,,,,,,,,,,,,,,,,,,,,,,,,,,
12,12,,,,,,,99,82,70,15,238.7,2730,10801,39,0,7.9,1.6;4.0;2.2;2.7;0.8;0.5;42.3;44.9;3.8;1.9;39.5;40.7;1.1;0.6;0.3;0.3;0.3;0.3;0.0;0.0;0.0;0.0;0.3;0.3,32.07,0.07,0.0,0.03,14.4,0.0,292.0,244.0,4,16,,,,,,,,,,,,,,,,,,,,,,,,,,,,,,,,,,,,,,,,,,,,,,,,,,,,,,,,,,,,,
12,13,,,,,,,98,79,68,20,238.1,2730,10801,38,0,7.9,1.1;4.4;0.9;0.9;0.3;0.5;47.4;35.0;3.8;5.0;36.6;52.0;0.6;0.9;0.0;0.0;0.0;0.0;0.0;0.0;0.3;0.0;0.2;0.0,32.07,0.07,0.0,0.03,14.4,0.0,1123.0,1367.0,4,16,,,,,,,,,,,,,,,,,,,,,,,,,,,,,,,,,,,,,,,,,,,,,,,,,,,,,,,,,,,,,
12,14,,,,,,,98,75,69,20,236.0,2730,10801,39,0,7.8,0.8;4.1;1.2;1.2;0.2;0.2;50.3;34.6;2.5;6.6;39.3;42.5;0.6;0.8;0.0;0.0;0.2;0.0;0.0;0.0;0.9;0.6;0.0;0.0,32.05,0.07,0.0,0.05,14.4,0.0,1708.0,2685.0,4,16,,,,,,,,,,,,,,,,,,,,,,,,,,,,,,,,,,,,,,,,,,,,,,,,,,,,,,,,,,,,,
12,15,,,,,,,98,80,69,15,238.7,2730,10801,39,0,7.6,0.5;2.2;1.6;0.6;0.2;0.5;41.7;35.3;2.8;3.9;39.1;51.4;0.5;0.8;0.0;0.0;0.5;0.5;0.0;0.0;0.0;0.6;0.0;0.0,32.05,0.07,0.0,0.04,14.4,0.0,1220.0,97.0,4,16,,,,,,,,,,,,,,,,,,,,,,,,,,,,,,,,,,,,,,,,,,,,,,,,,,,,,,,,,,,,,
12,16,,,,,,,98,78,69,17,237.8,2730,10801,38,0,8.1,1.4;2.9;1.3;1.6;0.5;0.6;37.2;43.8;4.5;4.7;38.5;53.9;0.8;0.8;0.0;0.0;0.0;0.3;0.0;0.0;0.2;0.0;0.2;0.6,32.08,0.07,0.0,0.05,14.4,0.0,0.0,1757.0,4,16,,,,,,,,,,,,,,,,,,,,,,,,,,,,,,,,,,,,,,,,,,,,,,,,,,,,,,,,,,,,,
12,17,,,,,,,98,81,68,16,239.0,2730,10801,39,0,7.8,0.6;5.2;1.3;0.9;0.5;0.3;58.7;34.7;4.1;4.4;41.5;33.9;0.6;0.9;0.0;0.0;0.0;0.0;0.0;0.0;0.0;0.0;0.0;0.0,32.06,0.07,0.0,0.07,14.4,0.0,1611.0,5615.0,4,16,,,,,,,,,,,,,,,,,,,,,,,,,,,,,,,,,,,,,,,,,,,,,,,,,,,,,,,,,,,,,
12,18,,,,,,,98,78,68,17,238.3,2730,10801,38,0,8.2,2.3;3.7;1.2;1.7;1.1;0.9;34.1;53.5;4.2;4.4;44.3;42.4;1.4;0.6;0.2;0.2;0.0;0.3;0.3;0.0;0.2;0.2;0.0;0.3,32.08,0.07,0.0,0.05,14.4,0.0,1025.0,1562.0,4,16,,,,,,,,,,,,,,,,,,,,,,,,,,,,,,,,,,,,,,,,,,,,,,,,,,,,,,,,,,,,,
12,19,,,,,,,98,81,70,13,239.5,2730,10801,39,0,7.8,0.5;5.8;0.9;0.3;0.0;0.2;43.9;36.2;4.1;3.1;38.2;52.1;0.3;0.9;0.0;0.0;0.0;0.0;0.0;0.2;0.0;0.0;0.0;0.0,32.08,0.07,0.0,0.23,14.4,0.0,0.0,1367.0,4,16,,,,,,,,,,,,,,,,,,,,,,,,,,,,,,,,,,,,,,,,,,,,,,,,,,,,,,,,,,,,,
12,20,,,,,,,98,79,68,14,237.8,2730,10801,39,0,7.9,0.8;2.9;1.9;1.2;0.6;0.3;52.1;49.5;6.6;2.5;35.8;33.3;0.9;0.8;0.0;0.0;0.2;0.2;0.2;0.0;0.0;0.2;0.2;0.2,32.05,0.07,0.0,0.03,14.4,0.0,1464.0,1416.0,4,16,,,,,,,,,,,,,,,,,,,,,,,,,,,,,,,,,,,,,,,,,,,,,,,,,,,,,,,,,,,,,
12,21,,,,,,,100,87,69,15,239.0,2730,10801,39,0,8.0,0.9;4.0;0.9;1.2;0.5;0.3;49.8;34.1;7.5;2.0;39.5;48.0;0.6;0.8;0.0;0.0;0.0;0.0;0.0;0.0;0.0;0.0;0.0;0.0,32.08,0.07,0.0,0.21,14.4,0.0,1123.0,1367.0,4,16,,,,,,,,,,,,,,,,,,,,,,,,,,,,,,,,,,,,,,,,,,,,,,,,,,,,,,,,,,,,,
12,22,,,,,,,98,82,70,14,238.9,2730,10801,39,0,7.6,1.4;1.9;0.9;0.6;0.3;0.6;48.9;29.2;6.3;1.6;35.0;55.8;1.2;0.5;0.0;0.0;0.0;0.0;0.0;0.0;0.0;0.3;0.0;0.0,32.06,0.07,0.0,0.05,14.405,0.0,20654.0,1562.0,4,16,,,,,,,,,,,,,,,,,,,,,,,,,,,,,,,,,,,,,,,,,,,,,,,,,,,,,,,,,,,,,
12,23,,,,,,,98,81,69,18,238.2,2730,10801,39,0,8.1,1.1;3.4;3.1;2.5;0.8;0.5;41.5;52.7;5.3;3.3;39.6;36.3;0.8;1.6;0.2;0.2;0.2;0.3;0.0;0.0;0.5;0.2;0.2;0.0,32.05,0.07,0.0,0.06,14.4,0.0,585.0,341.0,4,16,,,,,,,,,,,,,,,,,,,,,,,,,,,,,,,,,,,,,,,,,,,,,,,,,,,,,,,,,,,,,
12,24,,,,,,,98,78,68,21,237.8,2730,10801,39,0,8.2,0.8;4.4;2.0;1.7;0.3;0.6;33.0;46.1;5.3;3.3;43.9;51.6;1.6;0.6;0.3;0.0;0.3;0.0;0.2;0.0;0.2;0.5;0.5;0.0,32.08,0.07,0.0,0.05,14.4,0.0,683.0,1611.0,4,16,,,,,,,,,,,,,,,,,,,,,,,,,,,,,,,,,,,,,,,,,,,,,,,,,,,,,,,,,,,,,
12,25,,,,,,,100,73,68,14,239.3,2730,10801,39,0,7.6,0.9;4.5;0.6;1.7;0.5;0.5;50.6;41.0;2.7;4.9;27.6;45.9;0.6;0.8;0.0;0.0;0.0;0.0;0.0;0.0;0.0;0.0;0.0;0.3,32.07,0.07,0.0,0.03,14.4,0.0,781.0,1660.0,4,16,,,,,,,,,,,,,,,,,,,,,,,,,,,,,,,,,,,,,,,,,,,,,,,,,,,,,,,,,,,,,
12,26,,,,,,,100,70,69,16,239.1,2730,10801,39,0,7.9,0.8;2.3;1.6;1.6;0.6;0.5;51.6;43.0;3.9;5.8;37.7;38.3;1.1;0.3;0.0;0.0;0.0;0.0;0.0;0.0;0.2;0.6;0.0;0.2,32.05,0.07,0.0,0.07,14.4,0.0,1367.0,1416.0,4,16,,,,,,,,,,,,,,,,,,,,,,,,,,,,,,,,,,,,,,,,,,,,,,,,,,,,,,,,,,,,,
12,27,,,,,,,100,79,69,14,235.9,2730,10801,39,0,7.8,0.3;2.8;0.9;1.1;0.2;1.4;35.2;50.8;5.0;4.8;34.9;48.1;0.8;0.9;0.0;0.0;0.2;0.0;0.0;0.0;0.0;0.2;0.2;0.2,32.08,0.07,0.0,0.03,14.4,0.0,1269.0,48.0,4,16,,,,,,,,,,,,,,,,,,,,,,,,,,,,,,,,,,,,,,,,,,,,,,,,,,,,,,,,,,,,,
12,28,,,,,,,100,71,68,14,239.0,2730,10801,39,0,8.2,1.2;4.1;1.9;1.9;1.4;0.8;44.7;32.0;3.7;5.0;42.4;53.7;0.9;1.2;0.2;0.2;0.2;0.2;0.2;0.2;0.2;0.2;0.0;0.5,32.07,0.07,0.0,0.05,14.4,0.0,1416.0,0.0,4,16,,,,,,,,,,,,,,,,,,,,,,,,,,,,,,,,,,,,,,,,,,,,,,,,,,,,,,,,,,,,,
12,29,,,,,,,100,77,70,17,239.5,2730,10801,38,0,8.1,1.9;6.1;2.5;2.0;0.9;0.2;39.8;44.8;5.3;5.2;40.0;45.0;0.5;0.6;0.2;0.0;0.0;0.0;0.0;0.0;0.0;0.3;0.0;0.0,32.07,0.07,0.0,0.04,14.4,0.0,1220.0,97.0,4,16,,,,,,,,,,,,,,,,,,,,,,,,,,,,,,,,,,,,,,,,,,,,,,,,,,,,,,,,,,,,,
12,30,,,,,,,98,80,69,20,235.8,2730,10801,38,0,6.6,1.6;4.1;1.2;0.9;1.7;1.6;19.2;52.7;5.9;3.9;41.8;18.9;0.6;0.6;0.3;0.0;0.6;0.2;0.2;0.3;1.4;0.5;0.8;0.0,32.07,0.07,0.0,0.04,14.4,0.0,17919.0,4785.0,4,16,,,,,,,,,,,,,,,,,,,,,,,,,,,,,,,,,,,,,,,,,,,,,,,,,,,,,,,,,,,,,
12,31,,,,,,,100,55,70,17,239.1,2730,10801,38,0,5.6,0.5;3.4;1.2;1.5;0.7;0.2;53.8;29.3;2.5;2.7;18.0;19.9;0.0;0.2;0.0;0.0;0.0;0.0;0.0;0.0;0.0;0.0;0.0;0.0,32.06,0.07,0.0,0.04,14.4,0.0,1123.0,1367.0,4,16,,,,,,,,,,,,,,,,,,,,,,,,,,,,,,,,,,,,,,,,,,,,,,,,,,,,,,,,,,,,,
12,summary,0.34191565100096727,0.9827506899724011,0.28763186666700574,0.9983333333333333,0.00100000,313.5,,,,,,,,,,,,,,,,,,,,,,88,98.74,100,55,78.32,87,67,68.9,71,13,16.32,21,126.9,234.79,240.7,2730.0,10801.0,38.6,0,5.6,8.25,21.2,32.05,32.07,32.17,63.16,0.07,0.07,0.07,16.0,0.0,0.0,0.02,0.03,0.39,3.56,11.015,16.348,14.4,14.4,14.405,15.992,0.0,0.0,0.0,0.0,4524.84,40380.0,0.0,6304.74,121142.0,4,4.0,4,16,16.0,16,4,16,6.08,291.15
13,1,,,,,,,100,72,68,19,116.8,2730,10801,39,0,21.3,17.7;21.2;23.5;23.3;21.2;21.7;53.2;66.4;26.3;27.7;55.8;64.5;15.0;13.6;4.1;4.8;8.9;8.7;3.1;3.7;7.4;8.1;6.2;5.6,32.11,0.07,0.0,0.04,14.4,0.0,1464.0,5566.0,4,16,,,,,,,,,,,,,,,,,,,,,,,,,,,,,,,,,,,,,,,,,,,,,,,,,,,,,,,,,,,,,
13,2,,,,,,,100,73,71,21,238.9,2730,10801,38,0,7.8,0.6;5.3;1.3;1.1;1.2;0.5;33.0;39.1;3.8;3.1;45.1;51.9;0.6;0.5;0.0;0.0;0.0;0.2;0.0;0.0;0.0;0.2;0.0;0.0,32.07,0.07,0.0,4.56,14.4,0.0,927.0,244.0,4,16,,,,,,,,,,,,,,,,,,,,,,,,,,,,,,,,,,,,,,,,,,,,,,,,,,,,,,,,,,,,,
13,3,,,,,,,100,77,68,22,239.4,2730,10801,39,0,8.5,2.3;2.0;3.9;2.9;1.2;1.9;48.6;37.3;4.2;6.7;38.3;48.9;1.1;0.5;0.2;0.0;0.5;0.9;0.8;0.0;0.2;0.6;0.6;0.2,32.04,0.07,0.0,2.34,14.4,0.0,0.0,1416.0,4,16,,,,,,,,,,,,,,,,,,,,,,,,,,,,,,,,,,,,,,,,,,,,,,,,,,,,,,,,,,,,,
13,4,,,,,,,100,58,70,13,240.0,2730,10801,39,0,8.0,1.4;3.6;1.9;2.2;1.1;0.5;44.8;48.6;2.3;6.4;30.5;45.8;0.8;0.9;0.3;0.0;0.0;0.2;0.2;0.0;0.2;0.3;0.0;0.2,32.01,0.07,0.0,1.6,14.4,0.0,585.0,1708.0,4,16,,,,,,,,,,,,,,,,,,,,,,,,,,,,,,,,,,,,,,,,,,,,,,,,,,,,,,,,,,,,,
13,5,,,,,,,100,51,70,15,237.4,2730,10801,38,0,7.9,1.1;2.6;1.2;0.8;0.5;0.5;28.0;42.8;3.3;4.4;42.8;60.1;0.8;0.6;0.0;0.0;0.0;0.0;0.0;0.0;0.3;0.0;0.0;0.0,32.0,0.07,0.0,2.77,14.4,0.0,0.0,1708.0,4,16,,,,,,,,,,,,,,,,,,,,,,,,,,,,,,,,,,,,,,,,,,,,,,,,,,,,,,,,,,,,,
13,6,,,,,,,100,56,70,17,238.1,2730,10801,38,0,8.1,1.1;3.9;1.6;1.9;0.6;1.1;62.8;31.6;3.0;5.0;33.1;45.6;0.8;0.9;0.0;0.2;0.2;0.2;0.3;0.0;0.2;0.2;0.2;0.2,31.99,0.07,0.0,0.04,14.4,0.0,22705.0,5468.0,4,16,,,,,,,,,,,,,,,,,,,,,,,,,,,,,,,,,,,,,,,,,,,,,,,,,,,,,,,,,,,,,
13,7,,,,,,,100,61,67,16,238.8,2730,10801,38,0,7.7,1.4;2.9;1.7;0.6;0.6;0.2;43.5;42.5;4.7;3.4;30.4;50.8;0.6;0.6;0.0;0.0;0.0;0.0;0.0;0.0;0.0;0.2;0.0;0.0,32.0,0.07,0.0,0.02,14.4,0.0,0.0,1855.0,4,16,,,,,,,,,,,,,,,,,,,,,,,,,,,,,,,,,,,,,,,,,,,,,,,,,,,,,,,,,,,,,
13,8,,,,,,,100,55,71,17,235.8,2730,10801,38,0,8.7,2.3;4.6;1.9;1.9;0.9;1.2;47.4;35.8;6.4;5.0;42.3;48.9;1.3;1.2;0.8;0.3;0.2;0.3;0.2;0.0;2.8;3.2;0.5;0.5,32.0,0.07,0.0,0.05,14.4,0.0,0.0,1757.0,4,16,,,,,,,,,,,,,,,,,,,,,,,,,,,,,,,,,,,,,,,,,,,,,,,,,,,,,,,,,,,,,
13,9,,,,,,,100,63,67,15,239.4,2730,10801,38,0,8.0,0.9;3.4;1.9;1.1;0.8;0.6;45.3;21.6;6.7;0.9;58.1;47.5;0.8;0.8;0.0;0.0;0.0;0.0;0.2;0.2;0.0;0.0;0.3;0.2,31.99,0.07,0.0,0.05,14.4,0.0,244.0,1708.0,4,16,,,,,,,,,,,,,,,,,,,,,,,,,,,,,,,,,,,,,,,,,,,,,,,,,,,,,,,,,,,,,
13,10,,,,,,,100,65,70,16,239.9,2730,10801,38,0,8.2,1.4;4.5;2.0;1.4;0.6;0.5;52.7;38.3;5.5;4.1;45.5;37.9;0.5;1.1;0.2;0.0;0.3;0.3;0.0;0.0;0.0;0.2;0.0;0.0,31.99,0.07,0.0,0.04,14.4,0.0,1464.0,48.0,4,16,,,,,,,,,,,,,,,,,,,,,,,,,,,,,,,,,,,,,,,,,,,,,,,,,,,,,,,,,,,,,
13,11,,,,,,,100,54,69,16,235.2,2730,10801,38,0,8.1,0.9;2.3;2.5;2.0;1.1;1.1;39.7;42.8;7.6;4.7;39.3;49.4;0.6;0.6;0.0;0.0;0.2;0.2;0.0;0.0;0.0;0.3;0.0;0.0,32.01,0.07,0.0,0.09,14.42,0.0,1123.0,1660.0,4,16,,,,,,,,,,,,,,,,,,,,,,,,,,,,,,,,,,,,,,,,,,,,,,,,,,,,,,,,,,,,,
13,12,,,,,,,100,62,67,14,239.7,2730,10801,39,0,7.8,0.9;3.6;0.9;1.3;0.5;0.5;49.1;37.2;6.9;2.2;41.3;40.3;0.8;1.1;0.2;0.0;0.0;0.0;0.0;0.2;0.0;0.2;0.2;0.0,32.0,0.07,0.0,0.05,14.42,0.0,292.0,439.0,4,16,,,,,,,,,,,,,,,,,,,,,,,,,,,,,,,,,,,,,,,,,,,,,,,,,,,,,,,,,,,,,
13,13,,,,,,,100,73,68,21,238.9,2730,10801,39,0,8.1,1.7;2.8;2.5;1.4;0.3;0.6;46.4;37.7;5.6;3.3;43.0;45.8;0.6;0.5;0.0;0.2;0.2;0.2;0.2;0.0;0.6;0.5;0.2;0.2,32.01,0.07,0.0,0.02,14.42,0.0,341.0,488.0,4,16,,,,,,,,,,,,,,,,,,,,,,,,,,,,,,,,,,,,,,,,,,,,,,,,,,,,,,,,,,,,,
13,14,,,,,,,100,57,68,16,235.6,2730,10801,39,0,8.1,1.4;4.9;2.0;1.4;0.9;0.2;44.3;34.3;3.7;3.4;37.9;56.8;0.5;0.8;0.2;0.2;0.2;0.2;0.0;0.2;0.2;0.2;0.0;0.3,32.02,0.07,0.0,0.08,14.42,0.0,15869.0,258105.0,4,16,,,,,,,,,,,,,,,,,,,,,,,,,,,,,,,,,,,,,,,,,,,,,,,,,,,,,,,,,,,,,
13,15,,,,,,,100,58,68,14,239.0,2730,10801,38,0,7.9,1.7;3.1;1.7;0.8;0.3;0.9;47.0;51.0;5.8;4.2;36.6;34.0;0.8;0.3;0.0;0.2;0.0;0.0;0.0;0.0;0.5;1.2;0.5;0.2,32.02,0.07,0.0,0.03,14.42,0.0,292.0,195.0,4,16,,,,,,,,,,,,,,,,,,,,,,,,,,,,,,,,,,,,,,,,,,,,,,,,,,,,,,,,,,,,,
13,16,,,,,,,100,65,70,16,238.7,2730,10801,38,0,7.9,0.9;2.8;2.2;1.3;0.8;0.8;52.0;33.3;6.1;2.5;43.0;42.0;0.9;0.5;0.3;0.5;0.3;0.0;0.0;0.0;0.0;0.0;0.5;0.3,32.02,0.07,0.0,0.04,14.42,0.0,976.0,1611.0,4,16,,,,,,,,,,,,,,,,,,,,,,,,,,,,,,,,,,,,,,,,,,,,,,,,,,,,,,,,,,,,,
13,17,,,,,,,100,62,68,16,237.3,2730,10801,39,0,8.1,1.1;3.3;3.1;1.9;1.1;1.1;38.3;46.9;4.8;1.7;41.5;46.7;0.8;0.8;0.2;0.0;0.0;0.0;0.2;0.0;0.5;0.5;0.3;0.5,32.02,0.07,0.0,0.03,14.42,0.0,2343.0,6982.0,4,16,,,,,,,,,,,,,,,,,,,,,,,,,,,,,,,,,,,,,,,,,,,,,,,,,,,,,,,,,,,,,
13,18,,,,,,,100,89,69,19,238.7,2730,10801,38,0,8.1,0.8;3.5;1.9;0.8;0.8;0.6;50.0;34.9;5.1;3.1;52.0;36.1;0.8;0.5;0.3;0.5;0.3;0.3;0.0;0.0;0.0;0.0;0.2;0.0,32.0,0.07,0.0,0.11,14.42,0.0,341.0,1757.0,4,16,,,,,,,,,,,,,,,,,,,,,,,,,,,,,,,,,,,,,,,,,,,,,,,,,,,,,,,,,,,,,
13,19,,,,,,,82,66,69,14,236.1,2730,10801,39,0,7.8,1.4;3.4;1.1;0.9;0.3;0.2;49.5;31.3;4.5;2.7;47.5;40.8;1.1;0.5;0.0;0.0;0.2;0.0;0.2;0.0;0.0;0.6;0.3;0.0,32.02,0.07,0.0,0.04,14.42,0.0,1123.0,1367.0,4,16,,,,,,,,,,,,,,,,,,,,,,,,,,,,,,,,,,,,,,,,,,,,,,,,,,,,,,,,,,,,,
13,20,,,,,,,73,60,69,13,232.9,2730,10801,39,0,8.0,1.7;3.2;1.4;1.4;1.2;0.8;48.2;34.2;5.6;2.2;34.0;54.4;1.1;0.5;0.3;0.2;0.2;0.2;0.0;0.5;0.5;0.3;0.6;0.2,32.03,0.07,0.0,0.04,14.42,0.0,1318.0,5419.0,4,16,,,,,,,,,,,,,,,,,,,,,,,,,,,,,,,,,,,,,,,,,,,,,,,,,,,,,,,,,,,,,
13,21,,,,,,,100,88,70,15,239.0,2730,10801,38,0,8.5,2.8;4.7;4.5;2.3;0.9;0.9;64.1;34.3;7.8;3.3;37.8;36.0;0.9;1.2;0.2;0.0;0.2;0.3;0.0;0.0;0.3;0.2;0.5;0.6,32.01,0.07,0.0,0.04,14.42,0.0,1660.0,1416.0,4,16,,,,,,,,,,,,,,,,,,,,,,,,,,,,,,,,,,,,,,,,,,,,,,,,,,,,,,,,,,,,,
13,22,,,,,,,100,88,68,15,239.4,2730,10801,39,0,8.1,1.2;4.8;1.7;0.8;0.5;0.8;45.9;42.9;3.9;4.9;26.2;59.1;0.8;1.4;0.0;0.0;0.2;0.0;0.0;0.0;0.0;0.0;0.2;0.2,32.01,0.07,0.0,0.02,14.42,0.0,0.0,26904.0,4,16,,,,,,,,,,,,,,,,,,,,,,,,,,,,,,,,,,,,,,,,,,,,,,,,,,,,,,,,,,,,,
13,23,,,,,,,100,88,71,17,239.3,2730,10801,38,0,8.1,1.7;3.3;1.7;1.6;0.8;0.6;34.1;52.8;7.4;5.5;37.4;44.2;0.8;0.9;0.0;0.0;0.0;0.2;0.2;0.0;0.2;0.2;0.2;0.3,32.0,0.07,0.01,0.15,14.42,0.0,1220.0,97.0,4,16,,,,,,,,,,,,,,,,,,,,,,,,,,,,,,,,,,,,,,,,,,,,,,,,,,,,,,,,,,,,,
13,24,,,,,,,100,86,67,20,239.2,2730,10801,38,0,8.1,0.6;5.0;1.4;1.4;0.5;0.8;64.3;35.3;3.3;5.8;31.8;41.4;0.6;0.9;0.0;0.0;0.2;0.0;0.2;0.0;0.0;0.0;0.0;0.8,32.01,0.07,0.0,0.07,14.42,0.0,1416.0,97.0,4,16,,,,,,,,,,,,,,,,,,,,,,,,,,,,,,,,,,,,,,,,,,,,,,,,,,,,,,,,,,,,,
13,25,,,,,,,100,67,68,13,239.1,2730,10801,39,0,8.1,0.9;3.3;1.7;1.1;0.8;0.2;42.7;34.7;3.7;4.1;48.4;49.0;1.1;0.6;0.0;0.0;0.0;0.0;0.0;0.2;0.0;0.0;0.2;0.0,32.01,0.07,0.0,0.03,14.42,0.0,0.0,1708.0,4,16,,,,,,,,,,,,,,,,,,,,,,,,,,,,,,,,,,,,,,,,,,,,,,,,,,,,,,,,,,,,,
13,26,,,,,,,100,76,71,15,238.4,2730,10801,38,0,7.8,0.8;4.5;1.6;0.8;1.1;0.6;39.9;47.7;4.1;4.5;28.1;52.2;0.5;0.6;0.0;0.0;0.2;0.0;0.0;0.2;0.3;0.2;0.0;0.3,32.01,0.07,0.0,0.05,14.42,0.0,1464.0,48.0,4,16,,,,,,,,,,,,,,,,,,,,,,,,,,,,,,,,,,,,,,,,,,,,,,,,,,,,,,,,,,,,,
13,27,,,,,,,100,66,70,15,236.3,2730,10801,38,0,7.9,1.1;4.4;1.1;1.2;0.3;0.5;56.5;37.2;4.2;5.9;33.0;41.3;0.5;0.5;0.2;0.2;0.2;0.3;0.0;0.0;0.0;0.0;0.3;0.0,32.02,0.07,0.0,0.03,14.42,0.0,1318.0,1318.0,4,16,,,,,,,,,,,,,,,,,,,,,,,,,,,,,,,,,,,,,,,,,,,,,,,,,,,,,,,,,,,,,
13,28,,,,,,,100,77,69,21,238.9,2730,10801,38,0,8.0,1.3;3.1;1.2;1.6;0.3;0.3;46.1;39.2;5.2;6.9;48.5;36.2;0.5;0.6;0.0;0.0;0.0;0.2;0.0;0.0;0.2;0.3;0.0;0.0,32.02,0.07,0.0,0.04,14.42,0.0,34912.0,18066.0,4,16,,,,,,,,,,,,,,,,,,,,,,,,,,,,,,,,,,,,,,,,,,,,,,,,,,,,,,,,,,,,,
13,29,,,,,,,100,74,68,14,240.8,2730,10801,39,0,7.8,0.9;2.0;1.9;1.3;0.2;0.6;38.8;48.3;5.5;4.4;35.0;47.6;0.9;0.6;0.0;0.0;0.0;0.0;0.0;0.0;0.0;0.0;0.2;0.0,32.02,0.07,0.0,0.08,14.42,0.0,2978.0,1367.0,4,16,,,,,,,,,,,,,,,,,,,,,,,,,,,,,,,,,,,,,,,,,,,,,,,,,,,,,,,,,,,,,
13,30,,,,,,,100,72,68,16,236.9,2730,10801,39,0,6.1,0.5;4.3;1.7;1.4;1.6;0.6;56.6;23.8;2.5;3.7;30.0;18.3;0.2;0.5;0.0;0.0;0.2;0.0;0.0;0.0;0.0;0.2;0.0;0.2,32.01,0.07,0.0,0.09,14.42,0.0,1806.0,1513.0,4,16,,,,,,,,,,,,,,,,,,,,,,,,,,,,,,,,,,,,,,,,,,,,,,,,,,,,,,,,,,,,,
13,31,,,,,,,99,84,68,14,239.1,2730,10801,38,0,5.7,1.0;3.4;1.0;0.7;0.2;0.0;26.1;24.3;3.4;2.5;23.6;48.2;0.0;0.2;0.0;0.3;0.0;0.0;0.0;0.0;0.2;0.0;0.0;0.0,31.99,0.07,0.0,0.04,14.42,0.0,878.0,1513.0,4,16,,,,,,,,,,,,,,,,,,,,,,,,,,,,,,,,,,,,,,,,,,,,,,,,,,,,,,,,,,,,,
13,summary,0.3387930498190968,0.9840076693961944,0.2869168014526367,0.9982222222222222,0.00100000,313.4,,,,,,,,,,,,,,,,,,,,,,73,98.52,100,51,69.13,89,67,68.87,71,13,16.29,22,116.8,234.29,240.8,2730.0,10801.0,38.4,0,5.7,8.33,21.3,31.99,32.01,32.11,63.16,0.07,0.07,0.07,16.0,0.0,0.0,0.01,0.02,0.41,4.56,11.015,16.348,14.4,14.41,14.42,15.992,0.0,0.0,0.0,0.0,3195.45,34912.0,48.0,11404.77,258105.0,4,4.0,4,16,16.0,16,4,16,6.17,291.13
14,1,,,,,,,100,53,67,17,110.5,2745,10801,38,0,20.5,18.0;19.3;22.7;21.9;18.1;19.7;58.9;65.3;23.9;25.2;54.2;60.4;12.8;15.6;4.1;4.2;8.4;9.0;3.6;3.7;6.3;6.6;5.9;5.4,32.12,0.07,0.01,0.03,14.42,0.0,2099.0,5566.0,4,16,,,,,,,,,,,,,,,,,,,,,,,,,,,,,,,,,,,,,,,,,,,,,,,,,,,,,,,,,,,,,
14,2,,,,,,,100,57,70,20,239.8,2730,10801,38,0,8.0,1.9;3.1;1.9;1.6;0.8;0.5;45.6;40.7;2.0;7.5;44.8;38.5;0.9;0.3;0.2;0.2;0.2;0.0;0.0;0.2;0.2;0.3;0.3;0.2,32.07,0.07,0.01,4.99,14.42,0.0,341.0,1757.0,4,16,,,,,,,,,,,,,,,,,,,,,,,,,,,,,,,,,,,,,,,,,,,,,,,,,,,,,,,,,,,,,
14,3,,,,,,,100,58,68,14,239.3,2730,10801,38,0,7.7,1.1;4.8;1.6;1.6;0.3;0.2;40.7;45.3;3.6;2.8;43.7;38.8;0.3;0.5;0.0;0.2;0.0;0.0;0.0;0.0;0.0;0.3;0.3;0.0,32.04,0.07,0.0,2.26,14.42,0.0,5078.0,3369.0,4,16,,,,,,,,,,,,,,,,,,,,,,,,,,,,,,,,,,,,,,,,,,,,,,,,,,,,,,,,,,,,,
14,4,,,,,,,100,66,70,16,240.2,2730,10801,38,0,8.0,1.6;4.2;2.8;2.0;0.2;0.9;42.9;46.3;4.9;5.5;39.7;37.4;0.6;0.9;0.0;0.0;0.0;0.3;0.0;0.0;0.3;0.9;0.0;0.0,32.05,0.07,0.0,1.55,14.42,0.0,292.0,292.0,4,16,,,,,,,,,,,,,,,,,,,,,,,,,,,,,,,,,,,,,,,,,,,,,,,,,,,,,,,,,,,,,
14,5,,,,,,,100,65,71,15,238.4,2730,10801,38,0,7.9,1.6;3.1;1.9;1.7;0.6;0.5;44.4;41.7;3.7;3.1;39.0;47.6;0.3;0.6;0.0;0.2;0.0;0.0;0.0;0.0;0.0;0.0;0.0;0.0,31.99,0.07,0.0,2.56,14.42,0.0,48.0,1855.0,4,16,,,,,,,,,,,,,,,,,,,,,,,,,,,,,,,,,,,,,,,,,,,,,,,,,,,,,,,,,,,,,
14,6,,,,,,,100,73,69,15,239.7,2730,10801,38,0,7.7,2.2;2.3;1.3;1.7;1.1;1.4;52.1;20.0;5.3;3.4;32.5;60.8;0.8;0.5;0.0;0.0;0.0;0.0;0.2;0.2;0.0;0.3;0.0;0.0,31.99,0.07,0.0,0.03,14.42,0.0,1123.0,1464.0,4,16,,,,,,,,,,,,,,,,,,,,,,,,,,,,,,,,,,,,,,,,,,,,,,,,,,,,,,,,,,,,,
14,7,,,,,,,100,78,69,14,239.5,2730,10801,38,0,8.1,2.0;4.2;1.1;2.0;0.9;0.6;50.2;45.5;3.1;5.2;25.7;49.6;1.1;0.9;0.2;0.0;0.0;0.0;0.0;0.0;0.0;0.3;0.0;0.2,31.99,0.07,0.0,0.02,14.42,0.0,878.0,1562.0,4,16,,,,,,,,,,,,,,,,,,,,,,,,,,,,,,,,,,,,,,,,,,,,,,,,,,,,,,,,,,,,,
14,8,,,,,,,100,64,70,14,237.6,2730,10801,39,0,8.2,1.6;4.0;1.6;2.5;0.5;1.1;51.5;35.2;4.5;5.0;44.9;39.4;0.8;0.6;0.0;0.3;0.5;0.2;0.3;0.3;0.2;1.1;0.5;0.5,32.0,0.07,0.0,0.05,14.42,0.0,1416.0,97.0,4,16,,,,,,,,,,,,,,,,,,,,,,,,,,,,,,,,,,,,,,,,,,,,,,,,,,,,,,,,,,,,,
14,9,,,,,,,100,77,69,15,236.1,2730,10801,38,0,7.9,0.6;3.7;1.4;2.7;0.3;1.4;37.7;41.9;4.4;5.0;46.8;41.5;0.8;0.8;0.2;0.0;0.0;0.0;0.0;0.0;0.2;0.5;0.3;0.2,32.01,0.07,0.0,0.03,14.42,0.0,0.0,1708.0,4,16,,,,,,,,,,,,,,,,,,,,,,,,,,,,,,,,,,,,,,,,,,,,,,,,,,,,,,,,,,,,,
14,10,,,,,,,100,77,71,18,240.0,2730,10801,39,0,7.8,0.9;4.2;1.1;0.3;0.3;0.3;50.2;56.1;3.9;4.7;37.2;26.3;0.8;0.5;0.0;0.0;0.0;0.0;0.0;0.0;0.0;0.8;0.0;0.0,32.0,0.07,0.0,0.03,14.42,0.0,1708.0,0.0,4,16,,,,,,,,,,,,,,,,,,,,,,,,,,,,,,,,,,,,,,,,,,,,,,,,,,,,,,,,,,,,,
14,11,,,,,,,85,67,69,20,232.3,2730,10801,39,0,8.4,1.2;4.3;3.4;2.0;0.5;1.1;42.0;47.7;3.9;5.3;44.2;42.1;0.9;0.9;0.5;0.0;0.3;0.5;0.0;0.5;0.3;0.0;0.3;0.2,32.01,0.07,0.0,0.06,14.42,0.0,0.0,1464.0,4,16,,,,,,,,,,,,,,,,,,,,,,,,,,,,,,,,,,,,,,,,,,,,,,,,,,,,,,,,,,,,,
14,12,,,,,,,100,76,71,13,238.9,2730,10801,38,0,7.7,1.4;1.9;1.6;1.1;0.3;0.5;42.9;51.6;3.1;3.0;36.5;40.3;0.6;0.3;0.3;0.0;0.0;0.0;0.0;0.2;0.2;0.0;0.2;0.2,32.01,0.07,0.0,0.04,14.42,0.0,1416.0,0.0,4,16,,,,,,,,,,,,,,,,,,,,,,,,,,,,,,,,,,,,,,,,,,,,,,,,,,,,,,,,,,,,,
14,13,,,,,,,100,72,70,15,240.9,2730,10801,38,0,8.1,1.7;3.7;1.7;2.2;1.3;2.0;43.2;42.0;2.7;6.9;30.5;53.2;0.9;0.8;0.0;0.2;0.3;0.3;0.0;0.0;0.0;0.0;0.3;0.3,32.01,0.07,0.0,0.04,14.42,0.0,0.0,1757.0,4,16,,,,,,,,,,,,,,,,,,,,,,,,,,,,,,,,,,,,,,,,,,,,,,,,,,,,,,,,,,,,,
14,14,,,,,,,100,79,68,15,238.5,2730,10801,38,0,8.6,2.0;5.8;2.8;2.8;0.5;0.9;45.0;49.8;5.5;6.2;41.5;36.1;1.7;1.3;0.2;0.0;0.0;0.5;0.0;0.2;0.2;0.8;0.8;0.5,32.01,0.07,0.0,0.09,14.42,0.0,1269.0,2978.0,4,16,,,,,,,,,,,,,,,,,,,,,,,,,,,,,,,,,,,,,,,,,,,,,,,,,,,,,,,,,,,,,
14,15,,,,,,,100,79,71,20,239.4,2730,10801,38,0,8.1,1.4;3.1;2.0;1.7;1.1;0.5;45.8;40.0;6.2;7.0;35.5;48.2;0.8;0.9;0.0;0.0;0.0;0.0;0.0;0.0;0.0;0.3;0.0;0.0,31.98,0.07,0.0,0.04,14.42,0.0,2539.0,1367.0,4,16,,,,,,,,,,,,,,,,,,,,,,,,,,,,,,,,,,,,,,,,,,,,,,,,,,,,,,,,,,,,,
14,16,,,,,,,100,77,70,21,239.0,2730,10801,39,0,8.0,1.2;3.1;1.2;0.9;2.3;1.7;59.0;30.5;3.7;4.8;29.7;51.0;0.9;0.5;0.0;0.2;0.2;0.0;0.0;0.0;0.2;0.0;0.6;0.0,32.0,0.07,0.0,0.05,14.42,0.0,683.0,1611.0,4,16,,,,,,,,,,,,,,,,,,,,,,,,,,,,,,,,,,,,,,,,,,,,,,,,,,,,,,,,,,,,,
14,17,,,,,,,100,82,64,20,236.3,2730,10801,38,0,7.9,1.3;2.9;1.7;1.6;0.9;0.6;45.7;33.1;3.3;4.5;46.7;45.1;0.8;1.1;0.0;0.2;0.2;0.2;0.0;0.0;0.0;0.3;0.0;0.3,32.01,0.07,0.0,0.04,14.42,0.0,1757.0,5615.0,4,16,,,,,,,,,,,,,,,,,,,,,,,,,,,,,,,,,,,,,,,,,,,,,,,,,,,,,,,,,,,,,
14,18,,,,,,,100,88,68,15,240.4,2730,10801,39,0,8.5,2.2;4.0;2.2;1.9;1.3;1.4;46.9;39.2;5.8;7.6;38.6;47.8;2.2;1.4;0.5;0.2;0.0;0.3;0.2;0.0;0.2;0.3;0.3;0.2,32.0,0.07,0.0,0.07,14.42,0.0,1464.0,146.0,4,16,,,,,,,,,,,,,,,,,,,,,,,,,,,,,,,,,,,,,,,,,,,,,,,,,,,,,,,,,,,,,
14,19,,,,,,,100,88,70,16,239.9,2730,10801,39,0,7.9,1.1;2.3;1.6;1.9;0.6;0.3;45.0;40.1;4.1;4.2;32.7;53.3;0.6;0.9;0.0;0.0;0.3;0.2;0.0;0.0;0.0;0.3;0.0;0.0,32.03,0.07,0.0,0.08,14.42,0.0,3027.0,1611.0,4,16,,,,,,,,,,,,,,,,,,,,,,,,,,,,,,,,,,,,,,,,,,,,,,,,,,,,,,,,,,,,,
14,20,,,,,,,100,61,70,14,238.6,2730,10801,39,0,8.4,1.1;3.7;2.0;2.2;0.3;0.8;51.6;52.7;3.9;4.5;38.0;38.5;1.1;0.8;0.0;0.0;0.0;0.2;0.2;0.0;0.3;0.0;0.0;0.0,32.05,0.07,0.0,0.04,14.42,0.0,17822.0,16845.0,4,16,,,,,,,,,,,,,,,,,,,,,,,,,,,,,,,,,,,,,,,,,,,,,,,,,,,,,,,,,,,,,
14,21,,,,,,,100,89,65,15,239.5,2730,10801,39,0,8.0,0.6;4.6;2.5;2.2;0.3;0.3;38.5;47.3;5.3;5.5;39.8;43.1;0.8;0.5;0.0;0.0;0.0;0.0;0.0;0.0;0.0;0.0;0.0;0.0,32.01,0.07,0.0,0.07,14.42,0.0,31640.0,15869.0,4,16,,,,,,,,,,,,,,,,,,,,,,,,,,,,,,,,,,,,,,,,,,,,,,,,,,,,,,,,,,,,,
14,22,,,,,,,100,63,69,19,239.0,2730,10801,39,0,8.3,1.6;6.2;2.0;1.7;0.6;0.6;52.0;50.6;5.0;4.5;26.4;44.9;0.9;0.6;0.0;0.0;0.0;0.0;0.0;0.0;0.2;0.3;0.3;0.0,32.03,0.07,0.0,0.04,14.42,0.0,1513.0,23583.0,4,16,,,,,,,,,,,,,,,,,,,,,,,,,,,,,,,,,,,,,,,,,,,,,,,,,,,,,,,,,,,,,
14,23,,,,,,,100,58,68,15,238.4,2730,10801,39,0,8.0,2.0;3.7;1.4;1.9;0.6;0.6;45.2;44.4;4.1;5.3;39.2;40.3;0.6;1.4;0.0;0.0;0.5;0.8;0.0;0.0;0.0;0.2;0.2;0.3,32.04,0.07,0.0,0.08,14.42,0.0,1416.0,1562.0,4,16,,,,,,,,,,,,,,,,,,,,,,,,,,,,,,,,,,,,,,,,,,,,,,,,,,,,,,,,,,,,,
14,24,,,,,,,100,83,67,13,239.1,2730,10801,39,0,8.2,1.7;5.4;2.0;3.3;1.1;1.1;44.0;27.7;3.9;4.7;41.1;56.5;0.9;1.2;0.2;0.0;0.2;0.2;0.0;0.0;0.5;0.0;0.5;0.2,31.99,0.07,0.0,0.04,14.42,0.0,292.0,244.0,4,16,,,,,,,,,,,,,,,,,,,,,,,,,,,,,,,,,,,,,,,,,,,,,,,,,,,,,,,,,,,,,
14,25,,,,,,,100,58,68,16,239.7,2730,10801,39,0,7.9,0.6;2.5;1.3;0.9;0.6;0.5;41.7;43.8;3.8;2.0;37.1;49.8;0.6;1.4;0.0;0.0;0.0;0.3;0.0;0.0;0.0;0.2;0.5;0.0,32.02,0.07,0.0,0.06,14.42,0.0,1171.0,1660.0,4,16,,,,,,,,,,,,,,,,,,,,,,,,,,,,,,,,,,,,,,,,,,,,,,,,,,,,,,,,,,,,,
14,26,,,,,,,100,65,70,14,239.2,2730,10801,39,0,8.1,1.7;5.1;1.3;1.7;0.6;0.9;48.4;46.0;7.1;3.4;30.4;43.6;1.4;0.6;0.0;0.0;0.0;0.2;0.3;0.0;0.2;0.3;0.0;0.0,32.02,0.07,0.0,0.04,14.42,0.0,2099.0,1660.0,4,16,,,,,,,,,,,,,,,,,,,,,,,,,,,,,,,,,,,,,,,,,,,,,,,,,,,,,,,,,,,,,
14,27,,,,,,,100,90,64,17,236.5,2730,10801,39,0,8.0,0.8;3.2;1.6;1.7;0.2;0.3;44.6;33.4;5.4;5.0;39.1;56.1;0.8;0.9;0.0;0.0;0.0;0.0;0.0;0.0;0.0;0.0;0.5;0.0,32.02,0.07,0.0,0.03,14.42,0.0,1416.0,195.0,4,16,,,,,,,,,,,,,,,,,,,,,,,,,,,,,,,,,,,,,,,,,,,,,,,,,,,,,,,,,,,,,
14,28,,,,,,,100,57,68,21,239.1,2730,10801,39,0,8.0,1.1;3.7;1.9;1.6;0.8;0.0;42.6;50.4;6.7;4.4;28.4;46.2;0.6;0.8;0.5;0.0;0.0;0.0;0.0;0.0;0.3;0.3;0.6;0.0,32.02,0.07,0.0,0.06,14.42,0.0,0.0,1513.0,4,16,,,,,,,,,,,,,,,,,,,,,,,,,,,,,,,,,,,,,,,,,,,,,,,,,,,,,,,,,,,,,
14,29,,,,,,,100,61,68,14,239.4,2730,10801,39,0,8.0,1.4;4.5;1.7;1.4;0.6;0.5;44.8;47.2;5.8;3.7;40.2;37.5;0.8;0.6;0.0;0.0;0.3;0.2;0.0;0.0;0.0;0.6;0.5;0.2,32.02,0.07,0.0,0.04,14.42,0.0,585.0,97.0,4,16,,,,,,,,,,,,,,,,,,,,,,,,,,,,,,,,,,,,,,,,,,,,,,,,,,,,,,,,,,,,,
14,30,,,,,,,36,27,66,13,223.9,2730,10801,39,0,6.2,0.8;5.2;1.6;2.5;0.8;0.3;22.4;34.5;1.2;3.1;20.1;53.4;0.3;0.3;0.2;0.0;0.0;0.2;0.0;0.0;0.5;0.3;0.2;0.6,32.02,0.07,0.0,0.04,14.42,0.0,1513.0,1416.0,4,16,,,,,,,,,,,,,,,,,,,,,,,,,,,,,,,,,,,,,,,,,,,,,,,,,,,,,,,,,,,,,
14,31,,,,,,,100,65,70,21,239.1,2730,10801,39,0,5.6,0.5;2.2;1.0;1.5;0.2;0.5;27.6;36.2;2.2;2.0;24.9;32.4;0.0;0.0;0.2;0.5;0.0;0.2;0.7;0.2;0.2;0.0;0.0;0.0,32.0,0.07,0.0,0.04,14.42,0.0,1318.0,1708.0,4,16,,,,,,,,,,,,,,,,,,,,,,,,,,,,,,,,,,,,,,,,,,,,,,,,,,,,,,,,,,,,,
14,summary,0.33662018802721777,0.9845291336861377,0.2865402761830224,0.9985555555555555,0.00100000,313.7,,,,,,,,,,,,,,,,,,,,,,36,97.45,100,27,69.45,90,64,68.65,71,13,16.29,21,110.5,234.14,240.9,2730.5,10801.0,38.6,0,5.6,8.31,20.5,31.98,32.02,32.12,63.16,0.07,0.07,0.07,16.0,0.0,0.0,0.01,0.02,0.41,4.99,11.015,16.348,14.42,14.42,14.42,15.992,0.0,0.0,0.0,0.0,2771.71,31640.0,0.0,3244.23,23583.0,4,4.0,4,16,16.0,16,4,16,6.25,291.12
15,1,,,,,,,1,0,58,23,103.2,2745,10801,38,0,20.4,19.3;21.0;21.4;22.2;20.5;20.8;52.3;67.6;24.8;24.2;55.1;63.3;13.5;12.5;3.3;4.6;8.1;8.0;1.6;1.9;5.3;6.2;4.9;5.6,32.12,0.07,0.0,0.03,14.42,0.0,5810.0,128027.0,4,16,,,,,,,,,,,,,,,,,,,,,,,,,,,,,,,,,,,,,,,,,,,,,,,,,,,,,,,,,,,,,
15,2,,,,,,,85,68,68,14,236.9,2730,10801,38,0,8.0,1.1;4.3;2.2;2.0;0.5;0.6;35.7;57.5;2.7;5.8;34.9;41.6;0.3;1.2;0.0;0.0;0.3;0.0;0.0;0.2;0.2;0.2;0.3;0.2,32.05,0.07,0.0,4.57,14.42,0.0,1416.0,1464.0,4,16,,,,,,,,,,,,,,,,,,,,,,,,,,,,,,,,,,,,,,,,,,,,,,,,,,,,,,,,,,,,,
15,3,,,,,,,100,76,68,16,239.2,2730,10801,38,0,7.9,0.8;3.2;1.9;0.9;0.9;0.2;39.0;49.9;6.1;5.8;22.0;53.4;0.5;0.9;0.5;0.3;0.0;0.6;0.3;0.0;0.3;0.3;0.5;0.0,32.06,0.07,0.0,2.33,14.42,0.0,537.0,341.0,4,16,,,,,,,,,,,,,,,,,,,,,,,,,,,,,,,,,,,,,,,,,,,,,,,,,,,,,,,,,,,,,
15,4,,,,,,,100,74,70,16,240.1,2730,10801,38,0,8.1,1.4;3.7;2.3;2.7;1.1;0.6;36.5;45.2;4.4;4.1;37.4;52.2;0.6;0.9;0.0;0.2;0.3;0.2;0.3;0.5;0.0;0.0;0.5;0.6,32.0,0.07,0.0,1.64,14.42,0.0,1367.0,1416.0,4,16,,,,,,,,,,,,,,,,,,,,,,,,,,,,,,,,,,,,,,,,,,,,,,,,,,,,,,,,,,,,,
15,5,,,,,,,100,74,71,16,237.5,2730,10801,39,0,8.1,0.9;4.1;1.9;0.9;0.9;1.7;45.5;40.1;4.7;5.5;44.6;40.9;0.8;1.1;0.0;0.0;0.0;0.5;0.0;0.2;0.0;0.3;0.0;0.5,31.99,0.07,0.0,2.78,14.42,0.0,683.0,1464.0,4,16,,,,,,,,,,,,,,,,,,,,,,,,,,,,,,,,,,,,,,,,,,,,,,,,,,,,,,,,,,,,,
15,6,,,,,,,100,76,71,20,240.2,2730,10801,38,0,7.9,1.1;4.2;1.7;1.6;0.3;0.2;53.5;38.2;3.1;5.6;41.5;35.6;0.6;0.8;0.0;0.2;0.3;0.0;0.0;0.0;0.2;0.0;0.0;0.0,32.0,0.07,0.0,0.02,14.42,0.0,1220.0,1513.0,4,16,,,,,,,,,,,,,,,,,,,,,,,,,,,,,,,,,,,,,,,,,,,,,,,,,,,,,,,,,,,,,
15,7,,,,,,,100,76,71,13,239.6,2730,10801,39,0,8.2,1.4;5.4;1.4;2.0;0.8;0.5;39.6;48.8;3.3;3.3;36.8;48.1;1.1;0.3;0.0;0.2;0.0;0.5;0.0;0.2;0.0;0.3;0.6;1.4,32.0,0.07,0.0,0.05,14.42,0.0,976.0,1562.0,4,16,,,,,,,,,,,,,,,,,,,,,,,,,,,,,,,,,,,,,,,,,,,,,,,,,,,,,,,,,,,,,
15,8,,,,,,,100,76,70,14,236.1,2730,10801,38,0,8.3,2.0;6.8;2.6;1.7;0.3;1.1;33.8;41.0;5.8;3.9;48.4;49.6;0.8;0.5;0.0;0.0;0.2;0.0;0.2;0.0;0.0;0.5;0.3;0.6,32.0,0.07,0.0,0.05,14.42,0.0,634.0,1660.0,4,16,,,,,,,,,,,,,,,,,,,,,,,,,,,,,,,,,,,,,,,,,,,,,,,,,,,,,,,,,,,,,
15,9,,,,,,,100,75,70,14,239.9,2730,10801,39,0,8.3,1.9;5.2;0.9;1.4;0.9;0.2;37.2;34.3;4.7;5.2;45.6;54.5;0.9;0.8;0.2;0.3;0.2;0.3;0.0;0.2;0.5;0.3;1.4;0.9,31.99,0.07,0.0,0.03,14.42,0.0,341.0,1806.0,4,16,,,,,,,,,,,,,,,,,,,,,,,,,,,,,,,,,,,,,,,,,,,,,,,,,,,,,,,,,,,,,
15,10,,,,,,,100,78,70,17,240.0,2730,10801,38,0,8.1,1.1;5.3;1.6;1.2;0.3;0.6;33.6;45.1;1.9;4.7;33.9;59.0;1.2;0.9;0.3;0.3;0.0;0.2;0.0;0.0;1.1;1.1;0.0;0.3,31.96,0.07,0.0,0.05,14.42,0.0,3125.0,0.0,4,16,,,,,,,,,,,,,,,,,,,,,,,,,,,,,,,,,,,,,,,,,,,,,,,,,,,,,,,,,,,,,
15,11,,,,,,,100,72,70,17,236.2,2730,10801,38,0,8.0,0.8;2.6;2.2;1.4;0.3;0.2;44.1;30.5;3.7;5.5;46.4;50.2;1.4;1.1;0.0;0.0;0.0;0.0;0.2;0.0;0.0;0.0;0.0;0.0,31.98,0.07,0.0,0.02,14.42,0.0,1025.0,1416.0,4,16,,,,,,,,,,,,,,,,,,,,,,,,,,,,,,,,,,,,,,,,,,,,,,,,,,,,,,,,,,,,,
15,12,,,,,,,100,71,70,13,241.0,2730,10801,39,0,7.8,0.6;4.2;3.0;1.2;0.6;0.5;38.6;45.6;5.3;3.4;36.2;47.4;0.3;0.6;0.0;0.0;0.0;0.2;0.3;0.0;0.0;0.0;0.0;0.0,32.02,0.07,0.0,0.04,14.42,0.0,3076.0,11132.0,4,16,,,,,,,,,,,,,,,,,,,,,,,,,,,,,,,,,,,,,,,,,,,,,,,,,,,,,,,,,,,,,
15,13,,,,,,,100,84,67,16,239.6,2730,10801,38,0,8.0,0.9;3.7;3.0;1.6;1.7;0.9;40.7;35.4;5.5;2.2;45.5;48.0;1.3;1.1;0.0;0.0;0.2;0.3;0.0;0.0;0.2;0.0;0.0;0.0,32.01,0.07,0.0,0.04,14.42,0.0,292.0,1953.0,4,16,,,,,,,,,,,,,,,,,,,,,,,,,,,,,,,,,,,,,,,,,,,,,,,,,,,,,,,,,,,,,
15,14,,,,,,,100,81,67,15,237.4,2730,10801,38,0,8.1,1.2;3.8;2.5;1.7;0.8;0.3;45.2;43.0;6.1;4.7;37.9;44.6;0.6;0.8;0.0;0.0;0.3;0.0;0.0;0.2;0.0;0.2;0.0;0.2,32.03,0.07,0.0,0.04,14.42,0.0,2685.0,3173.0,4,16,,,,,,,,,,,,,,,,,,,,,,,,,,,,,,,,,,,,,,,,,,,,,,,,,,,,,,,,,,,,,
15,15,,,,,,,100,84,67,16,239.8,2730,10801,38,0,8.4,2.5;5.1;3.3;1.7;1.6;0.9;43.8;55.4;6.3;4.1;37.0;34.1;0.9;1.3;0.0;0.3;0.0;0.2;0.3;0.0;0.0;0.3;0.9;0.5,32.01,0.07,0.0,0.04,14.42,0.0,1464.0,439.0,4,16,,,,,,,,,,,,,,,,,,,,,,,,,,,,,,,,,,,,,,,,,,,,,,,,,,,,,,,,,,,,,
15,16,,,,,,,100,86,71,14,239.9,2730,10801,39,0,8.1,1.2;4.0;3.3;1.7;0.5;0.3;47.8;33.8;6.6;4.9;34.7;51.3;0.6;1.1;0.3;0.8;0.5;0.0;0.0;0.5;0.3;0.6;0.3;0.6,32.0,0.07,0.0,0.03,14.42,0.0,341.0,9619.0,4,16,,,,,,,,,,,,,,,,,,,,,,,,,,,,,,,,,,,,,,,,,,,,,,,,,,,,,,,,,,,,,
15,17,,,,,,,100,86,71,13,238.7,2730,10801,38,0,8.0,2.0;5.5;2.8;2.0;2.0;1.6;40.5;39.7;6.4;4.1;41.8;41.0;0.8;0.3;0.2;0.5;0.0;0.0;0.0;0.3;0.2;0.3;0.0;0.2,32.01,0.07,0.0,0.07,14.42,0.0,2148.0,5810.0,4,16,,,,,,,,,,,,,,,,,,,,,,,,,,,,,,,,,,,,,,,,,,,,,,,,,,,,,,,,,,,,,
15,18,,,,,,,100,88,66,16,239.8,2730,10801,39,0,7.9,1.2;3.7;2.3;1.6;0.8;0.0;40.6;52.1;4.1;4.5;35.7;40.2;0.6;0.8;0.0;0.0;0.0;0.0;0.0;0.0;0.0;0.5;0.2;0.2,32.01,0.07,0.0,0.04,14.42,0.0,292.0,341.0,4,16,,,,,,,,,,,,,,,,,,,,,,,,,,,,,,,,,,,,,,,,,,,,,,,,,,,,,,,,,,,,,
15,19,,,,,,,100,89,69,15,239.2,2730,10801,38,0,8.1,1.7;3.7;2.3;2.2;1.1;0.8;42.9;34.6;5.5;2.8;35.0;56.6;2.0;1.6;0.3;0.6;0.0;0.0;0.0;0.0;0.2;0.3;0.0;0.2,32.0,0.07,0.0,0.03,14.42,0.0,1464.0,1416.0,4,16,,,,,,,,,,,,,,,,,,,,,,,,,,,,,,,,,,,,,,,,,,,,,,,,,,,,,,,,,,,,,
15,20,,,,,,,98,80,69,19,237.2,2730,10801,39,0,8.1,1.4;4.1;2.2;0.9;1.7;0.2;45.8;43.3;5.6;6.1;37.1;40.8;0.9;0.9;0.0;0.0;0.2;0.0;0.0;0.0;0.5;1.2;0.0;0.3,32.01,0.07,0.0,0.05,14.42,0.0,976.0,166552.0,4,16,,,,,,,,,,,,,,,,,,,,,,,,,,,,,,,,,,,,,,,,,,,,,,,,,,,,,,,,,,,,,
15,21,,,,,,,100,76,68,16,238.6,2730,10801,39,0,8.1,1.6;4.2;2.5;1.6;0.8;0.6;45.6;40.8;5.5;5.6;32.0;48.4;1.1;0.9;0.0;0.0;0.0;0.0;0.0;0.0;1.9;1.1;0.0;0.2,32.01,0.07,0.0,0.02,14.42,0.0,634.0,1904.0,4,16,,,,,,,,,,,,,,,,,,,,,,,,,,,,,,,,,,,,,,,,,,,,,,,,,,,,,,,,,,,,,
15,22,,,,,,,100,83,67,13,238.8,2730,10801,38,0,8.0,1.3;3.6;2.3;1.9;0.8;0.9;39.8;45.9;5.5;3.0;33.9;48.7;0.2;1.3;0.2;0.2;0.2;0.3;0.0;0.0;0.3;0.5;0.2;0.6,32.01,0.07,0.0,0.05,14.42,0.0,830.0,0.0,4,16,,,,,,,,,,,,,,,,,,,,,,,,,,,,,,,,,,,,,,,,,,,,,,,,,,,,,,,,,,,,,
15,23,,,,,,,100,88,66,15,238.6,2730,10801,38,0,7.9,0.6;4.6;1.4;1.1;0.6;0.5;59.3;34.6;5.0;1.9;45.9;31.1;1.4;0.6;0.0;0.0;0.0;0.0;0.0;0.0;0.0;0.3;0.0;0.0,32.02,0.07,0.0,0.05,14.42,0.0,634.0,1513.0,4,16,,,,,,,,,,,,,,,,,,,,,,,,,,,,,,,,,,,,,,,,,,,,,,,,,,,,,,,,,,,,,
15,24,,,,,,,100,76,69,14,237.9,2730,10801,39,0,8.2,1.6;6.4;1.4;2.0;0.8;0.3;44.4;41.1;8.9;5.1;38.8;43.3;1.1;1.1;0.0;0.0;0.2;0.2;0.2;0.2;0.2;0.2;0.2;0.0,31.99,0.07,0.0,0.02,14.42,0.0,537.0,1904.0,4,16,,,,,,,,,,,,,,,,,,,,,,,,,,,,,,,,,,,,,,,,,,,,,,,,,,,,,,,,,,,,,
15,25,,,,,,,100,73,69,15,238.7,2730,10801,39,0,8.2,1.1;3.9;2.4;1.3;0.5;0.6;45.8;48.6;7.2;3.3;30.7;48.9;0.8;0.5;0.0;0.0;0.0;0.0;0.0;0.0;0.0;0.2;0.0;0.2,32.0,0.07,0.0,0.03,14.42,0.0,1171.0,195.0,4,16,,,,,,,,,,,,,,,,,,,,,,,,,,,,,,,,,,,,,,,,,,,,,,,,,,,,,,,,,,,,,
15,26,,,,,,,98,81,67,17,238.4,2730,10801,38,0,8.4,1.4;5.5;2.5;3.3;1.1;1.4;48.4;45.6;8.1;5.8;30.4;44.2;0.8;0.5;0.2;0.6;0.0;0.3;0.0;0.2;0.2;0.0;0.0;0.0,32.01,0.07,0.0,0.02,14.42,0.0,0.0,1806.0,4,16,,,,,,,,,,,,,,,,,,,,,,,,,,,,,,,,,,,,,,,,,,,,,,,,,,,,,,,,,,,,,
15,27,,,,,,,98,81,68,21,233.4,2730,10801,39,0,7.8,1.1;3.4;1.7;0.8;0.3;0.6;39.5;44.8;4.8;3.3;39.2;46.7;0.9;0.5;0.0;0.0;0.2;0.3;0.0;0.0;0.2;0.0;0.0;0.2,32.01,0.07,0.0,0.04,14.42,0.0,1220.0,1855.0,4,16,,,,,,,,,,,,,,,,,,,,,,,,,,,,,,,,,,,,,,,,,,,,,,,,,,,,,,,,,,,,,
15,28,,,,,,,98,82,68,13,238.0,2730,10801,38,0,7.9,0.8;2.9;1.1;1.4;0.5;0.5;34.6;43.8;3.0;5.5;36.7;56.3;0.3;0.9;0.3;0.0;0.0;0.2;0.0;0.0;0.0;0.6;0.3;0.0,32.02,0.07,0.0,0.04,14.42,0.0,47363.0,195.0,4,16,,,,,,,,,,,,,,,,,,,,,,,,,,,,,,,,,,,,,,,,,,,,,,,,,,,,,,,,,,,,,
15,29,,,,,,,98,79,67,17,238.2,2730,10801,38,0,7.9,1.3;3.7;2.0;2.7;0.3;0.8;31.2;42.8;2.7;5.3;40.9;54.4;0.5;0.3;0.0;0.0;0.2;0.0;0.0;0.0;0.2;0.3;0.0;0.2,32.01,0.07,0.0,0.04,14.42,0.0,1416.0,1513.0,4,16,,,,,,,,,,,,,,,,,,,,,,,,,,,,,,,,,,,,,,,,,,,,,,,,,,,,,,,,,,,,,
15,30,,,,,,,98,78,66,15,233.2,2730,10801,39,0,6.4,0.9;4.4;0.8;1.6;0.6;1.6;31.7;18.0;3.9;6.5;43.3;37.3;0.2;0.6;0.0;0.2;0.2;0.2;0.0;0.0;0.0;0.5;0.2;1.1,32.0,0.07,0.0,0.04,14.42,0.0,1367.0,1367.0,4,16,,,,,,,,,,,,,,,,,,,,,,,,,,,,,,,,,,,,,,,,,,,,,,,,,,,,,,,,,,,,,
15,31,,,,,,,100,64,69,14,237.1,2730,10801,38,0,5.4,0.7;2.4;1.7;0.5;0.5;0.5;21.4;64.2;2.0;2.0;19.0;12.3;0.0;0.2;0.0;0.0;0.0;0.0;0.0;0.0;0.2;0.2;0.2;0.0,31.99,0.07,0.0,0.05,14.42,0.0,1123.0,1367.0,4,16,,,,,,,,,,,,,,,,,,,,,,,,,,,,,,,,,,,,,,,,,,,,,,,,,,,,,,,,,,,,,
15,summary,0.3345736012693274,0.9851052492553763,0.2865267496638828,0.9984444444444445,0.00100000,313.7,,,,,,,,,,,,,,,,,,,,,,1,95.94,100,0,75.97,89,58,68.32,71,13,15.71,23,103.2,233.95,241.0,2730.5,10801.0,38.4,0,5.4,8.32,20.4,31.96,32.01,32.12,63.16,0.07,0.07,0.07,16.0,0.0,0.0,0.0,0.02,0.4,4.57,11.015,16.348,14.42,14.42,14.42,15.992,0.0,0.0,0.0,0.0,2779.58,47363.0,0.0,11442.68,166552.0,4,4.0,4,16,16.0,16,4,16,6.24,291.16
16,1,,,,,,,100,75,64,18,87.0,2745,10801,38,0,20.7,18.4;21.7;22.7;23.2;20.1;21.7;58.4;60.4;24.9;25.2;64.1;58.7;12.6;14.1;3.3;3.7;7.7;9.3;2.2;2.4;5.4;6.2;5.4;5.5,32.12,0.07,0.01,0.08,14.42,0.0,48.0,25341.0,4,16,,,,,,,,,,,,,,,,,,,,,,,,,,,,,,,,,,,,,,,,,,,,,,,,,,,,,,,,,,,,,
16,2,,,,,,,99,78,70,18,237.4,2730,10801,38,0,7.9,1.4;2.0;1.4;1.6;0.3;0.8;58.0;26.3;4.5;6.4;31.2;53.1;1.1;0.2;0.0;0.0;0.2;0.3;0.0;0.0;0.0;0.0;0.2;0.0,32.07,0.07,0.0,4.55,14.42,0.0,781.0,1416.0,4,16,,,,,,,,,,,,,,,,,,,,,,,,,,,,,,,,,,,,,,,,,,,,,,,,,,,,,,,,,,,,,
16,3,,,,,,,100,72,68,14,237.6,2730,10801,38,0,8.1,1.1;2.6;2.3;1.4;0.6;0.5;47.7;43.9;3.8;5.5;33.9;47.5;0.6;0.3;0.0;0.2;0.0;0.2;0.2;0.0;0.0;0.2;0.6;0.0,32.06,0.07,0.0,2.33,14.42,0.0,390.0,341.0,4,16,,,,,,,,,,,,,,,,,,,,,,,,,,,,,,,,,,,,,,,,,,,,,,,,,,,,,,,,,,,,,
16,4,,,,,,,100,72,69,17,237.2,2730,10801,38,0,8.5,2.2;4.3;3.7;2.5;1.1;0.8;42.7;47.8;4.5;4.2;49.1;36.4;1.1;0.8;0.0;0.2;0.3;0.2;0.2;0.2;0.0;0.6;0.3;0.2,32.04,0.07,0.0,1.64,14.42,0.0,28173.0,1416.0,4,16,,,,,,,,,,,,,,,,,,,,,,,,,,,,,,,,,,,,,,,,,,,,,,,,,,,,,,,,,,,,,
16,5,,,,,,,98,78,68,21,234.2,2730,10801,38,0,8.8,2.6;6.4;3.1;3.4;1.2;1.9;52.6;34.4;4.7;7.8;38.3;46.1;1.9;1.1;0.6;0.0;0.6;0.6;0.0;0.5;0.3;0.8;0.3;0.6,31.99,0.07,0.0,2.75,14.42,0.0,1416.0,0.0,4,16,,,,,,,,,,,,,,,,,,,,,,,,,,,,,,,,,,,,,,,,,,,,,,,,,,,,,,,,,,,,,
16,6,,,,,,,98,81,70,14,237.0,2730,10801,38,0,8.1,1.6;2.9;2.8;1.6;1.4;1.1;36.0;41.9;5.0;5.5;31.4;59.6;0.6;0.9;0.0;0.0;0.0;0.0;0.2;0.0;0.2;0.0;0.3;0.6,32.02,0.07,0.0,0.04,14.42,0.0,292.0,1757.0,4,16,,,,,,,,,,,,,,,,,,,,,,,,,,,,,,,,,,,,,,,,,,,,,,,,,,,,,,,,,,,,,
16,7,,,,,,,98,81,69,14,237.9,2730,10801,38,0,8.1,1.4;4.0;3.1;2.2;0.2;1.2;36.0;49.7;2.5;4.8;33.6;51.5;0.6;1.1;0.0;0.0;0.3;0.0;0.3;0.0;0.2;0.2;0.2;0.0,32.01,0.07,0.0,0.05,14.42,0.0,14794.0,1416.0,4,16,,,,,,,,,,,,,,,,,,,,,,,,,,,,,,,,,,,,,,,,,,,,,,,,,,,,,,,,,,,,,
16,8,,,,,,,98,80,68,15,232.7,2730,10801,38,0,8.3,1.6;4.6;2.0;2.7;0.5;0.8;55.1;41.9;3.4;5.1;30.4;46.5;1.1;1.1;0.0;0.0;0.0;0.2;0.2;0.2;0.2;0.5;0.3;0.0,32.02,0.07,0.0,0.04,14.42,0.0,244.0,1416.0,4,16,,,,,,,,,,,,,,,,,,,,,,,,,,,,,,,,,,,,,,,,,,,,,,,,,,,,,,,,,,,,,
16,9,,,,,,,98,80,69,17,237.4,2730,10801,38,0,7.8,1.1;3.9;1.7;1.7;0.3;0.3;50.3;25.4;2.7;7.2;47.0;44.5;0.5;0.8;0.0;0.0;0.2;0.0;0.0;0.0;0.0;0.0;0.0;0.0,31.99,0.07,0.0,0.02,14.42,0.0,1660.0,1367.0,4,16,,,,,,,,,,,,,,,,,,,,,,,,,,,,,,,,,,,,,,,,,,,,,,,,,,,,,,,,,,,,,
16,10,,,,,,,98,81,69,15,238.4,2730,10801,38,0,7.9,0.9;3.2;1.7;2.0;0.6;0.6;40.0;46.2;2.5;8.1;40.2;40.2;0.9;0.6;0.2;0.0;0.2;0.0;0.2;0.2;0.0;0.3;0.2;0.0,32.02,0.07,0.0,0.03,14.42,0.0,1171.0,146.0,4,16,,,,,,,,,,,,,,,,,,,,,,,,,,,,,,,,,,,,,,,,,,,,,,,,,,,,,,,,,,,,,
16,11,,,,,,,98,81,69,15,234.6,2730,10801,38,0,7.9,0.8;2.9;1.2;1.4;0.2;0.6;35.9;47.4;5.6;5.6;37.1;50.4;0.5;0.6;0.0;0.0;0.0;0.2;0.0;0.0;0.5;0.3;0.0;0.0,32.02,0.07,0.0,0.02,14.42,0.0,1220.0,1513.0,4,16,,,,,,,,,,,,,,,,,,,,,,,,,,,,,,,,,,,,,,,,,,,,,,,,,,,,,,,,,,,,,
16,12,,,,,,,98,82,68,14,238.4,2730,10801,38,0,8.2,1.9;4.5;3.0;2.7;0.6;0.9;44.5;40.4;4.4;2.4;43.0;46.1;0.9;0.3;0.0;0.5;0.0;0.0;0.0;0.2;0.2;0.8;0.0;0.3,32.01,0.07,0.0,0.04,14.42,0.0,488.0,1855.0,4,16,,,,,,,,,,,,,,,,,,,,,,,,,,,,,,,,,,,,,,,,,,,,,,,,,,,,,,,,,,,,,
16,13,,,,,,,98,79,70,17,237.8,2730,10801,38,0,7.8,0.3;5.1;1.3;1.9;0.3;0.3;46.8;49.4;4.2;2.8;47.1;27.3;0.3;0.8;0.0;0.0;0.0;0.3;0.0;0.0;0.0;0.0;0.0;0.0,32.01,0.07,0.0,0.04,14.42,0.0,1220.0,97.0,4,16,,,,,,,,,,,,,,,,,,,,,,,,,,,,,,,,,,,,,,,,,,,,,,,,,,,,,,,,,,,,,
16,14,,,,,,,98,76,70,20,235.9,2730,10801,38,0,8.1,1.4;2.8;2.3;1.6;0.5;0.5;53.9;38.9;4.4;4.2;37.8;43.6;1.1;0.6;0.0;0.0;0.0;0.0;0.2;0.0;0.0;0.0;0.2;0.0,32.0,0.07,0.0,0.03,14.42,0.0,1562.0,5810.0,4,16,,,,,,,,,,,,,,,,,,,,,,,,,,,,,,,,,,,,,,,,,,,,,,,,,,,,,,,,,,,,,
16,15,,,,,,,98,80,69,15,237.3,2730,10801,38,0,7.9,1.1;4.6;2.4;1.7;0.8;0.9;55.6;39.3;2.7;4.1;50.3;22.8;0.3;0.9;0.0;0.0;0.2;0.2;0.0;0.0;0.2;0.3;0.5;0.2,32.0,0.07,0.0,0.04,14.42,0.0,16210.0,1708.0,4,16,,,,,,,,,,,,,,,,,,,,,,,,,,,,,,,,,,,,,,,,,,,,,,,,,,,,,,,,,,,,,
16,16,,,,,,,100,72,71,15,237.1,2730,10801,38,0,8.3,2.5;4.9;3.0;2.2;0.9;0.8;60.0;27.3;6.7;3.1;38.4;45.3;0.8;0.6;0.0;0.0;0.0;0.2;0.0;0.0;0.5;0.2;0.5;0.3,32.04,0.07,0.01,0.15,14.42,0.0,1464.0,0.0,4,16,,,,,,,,,,,,,,,,,,,,,,,,,,,,,,,,,,,,,,,,,,,,,,,,,,,,,,,,,,,,,
16,17,,,,,,,100,77,70,16,236.9,2730,10801,38,0,8.2,1.1;4.8;2.5;1.7;0.6;1.9;41.7;39.8;2.7;6.6;42.8;46.6;0.9;0.5;0.2;0.0;0.6;0.0;0.2;0.0;0.3;0.2;0.0;0.2,32.02,0.07,0.01,0.08,14.42,0.0,2343.0,5517.0,4,16,,,,,,,,,,,,,,,,,,,,,,,,,,,,,,,,,,,,,,,,,,,,,,,,,,,,,,,,,,,,,
16,18,,,,,,,100,47,68,17,237.8,2730,10801,38,0,8.1,1.7;4.6;1.3;1.7;1.2;0.9;46.2;40.7;3.6;5.2;32.4;51.6;1.1;0.5;0.3;0.0;0.0;0.0;0.0;0.0;0.3;0.0;0.0;0.0,32.03,0.07,0.02,0.11,14.42,0.0,1220.0,1464.0,4,16,,,,,,,,,,,,,,,,,,,,,,,,,,,,,,,,,,,,,,,,,,,,,,,,,,,,,,,,,,,,,
16,19,,,,,,,100,59,70,15,237.9,2730,10801,38,0,8.2,1.3;4.3;3.0;2.3;1.6;1.6;57.4;39.0;5.0;5.2;43.0;29.7;0.3;0.5;0.2;0.5;0.3;0.0;0.2;0.0;0.6;0.3;0.3;0.0,32.03,0.07,0.0,0.04,14.42,0.0,732.0,1367.0,4,16,,,,,,,,,,,,,,,,,,,,,,,,,,,,,,,,,,,,,,,,,,,,,,,,,,,,,,,,,,,,,
16,20,,,,,,,100,59,70,16,237.5,2730,10801,38,0,7.7,0.9;3.3;1.4;1.7;0.6;0.0;49.2;32.2;2.5;4.2;38.5;49.3;0.5;0.6;0.2;0.2;0.2;0.0;0.0;0.0;0.0;0.0;0.0;0.0,32.03,0.07,0.0,0.06,14.42,0.0,1171.0,1416.0,4,16,,,,,,,,,,,,,,,,,,,,,,,,,,,,,,,,,,,,,,,,,,,,,,,,,,,,,,,,,,,,,
16,21,,,,,,,100,53,71,14,237.8,2730,10801,38,0,7.9,1.4;4.3;1.1;1.6;0.5;0.2;47.2;46.2;4.2;3.7;40.3;35.8;0.9;0.9;0.2;0.0;0.0;0.0;0.0;0.0;0.5;0.5;0.0;0.0,32.07,0.07,0.0,0.04,14.42,0.0,1025.0,0.0,4,16,,,,,,,,,,,,,,,,,,,,,,,,,,,,,,,,,,,,,,,,,,,,,,,,,,,,,,,,,,,,,
16,22,,,,,,,100,55,70,14,238.3,2730,10801,39,0,8.0,1.2;3.4;1.3;2.2;0.5;1.1;52.8;39.5;4.7;5.3;33.3;43.3;0.6;0.3;0.0;0.0;0.0;0.6;0.0;0.2;0.0;0.6;0.3;0.3,32.01,0.07,0.0,0.03,14.42,0.0,341.0,1757.0,4,16,,,,,,,,,,,,,,,,,,,,,,,,,,,,,,,,,,,,,,,,,,,,,,,,,,,,,,,,,,,,,
16,23,,,,,,,100,61,71,14,238.2,2730,10801,38,0,7.6,0.6;4.1;1.1;1.1;0.5;0.3;44.7;29.9;2.5;3.7;42.6;50.9;0.5;0.6;0.0;0.0;0.0;0.0;0.0;0.0;0.3;0.3;0.3;0.3,32.03,0.07,0.0,0.11,14.42,0.0,28906.0,97.0,4,16,,,,,,,,,,,,,,,,,,,,,,,,,,,,,,,,,,,,,,,,,,,,,,,,,,,,,,,,,,,,,
16,24,,,,,,,100,70,69,16,236.6,2730,10801,38,0,8.0,1.2;3.7;1.2;1.4;0.5;0.5;50.5;36.4;3.9;4.8;46.5;38.5;0.9;0.6;0.0;0.0;0.2;0.0;0.0;0.0;0.0;0.2;0.0;0.0,32.01,0.07,0.0,0.02,14.42,0.0,1171.0,195.0,4,16,,,,,,,,,,,,,,,,,,,,,,,,,,,,,,,,,,,,,,,,,,,,,,,,,,,,,,,,,,,,,
16,25,,,,,,,100,72,70,17,237.2,2730,10801,38,0,7.9,0.5;3.3;1.7;1.4;0.3;0.6;54.1;32.9;5.3;5.3;39.6;42.3;0.6;0.8;0.0;0.0;0.0;0.0;0.0;0.0;0.0;0.0;0.0;0.0,32.03,0.07,0.0,0.11,14.42,0.0,292.0,1708.0,4,16,,,,,,,,,,,,,,,,,,,,,,,,,,,,,,,,,,,,,,,,,,,,,,,,,,,,,,,,,,,,,
16,26,,,,,,,100,55,70,14,238.4,2730,10801,38,0,8.0,1.1;2.0;0.8;0.9;0.3;0.5;48.6;36.6;3.1;4.7;37.9;51.8;0.8;1.1;0.2;0.2;0.0;0.3;0.0;0.0;1.4;0.2;0.0;0.0,32.01,0.07,0.0,0.06,14.42,0.0,1074.0,1367.0,4,16,,,,,,,,,,,,,,,,,,,,,,,,,,,,,,,,,,,,,,,,,,,,,,,,,,,,,,,,,,,,,
16,27,,,,,,,98,80,68,21,234.3,2730,10801,38,0,8.0,0.8;3.7;1.9;2.2;0.6;0.5;42.6;44.3;5.9;5.6;30.9;50.5;0.8;1.3;0.0;0.0;0.0;0.3;0.0;0.0;0.2;0.0;0.0;0.0,32.02,0.07,0.0,0.03,14.42,0.0,1464.0,48.0,4,16,,,,,,,,,,,,,,,,,,,,,,,,,,,,,,,,,,,,,,,,,,,,,,,,,,,,,,,,,,,,,
16,28,,,,,,,100,74,70,14,238.6,2730,10801,38,0,8.1,1.9;2.3;1.4;2.3;0.6;0.6;48.5;45.5;4.1;6.4;34.4;40.5;1.1;0.5;0.3;0.2;0.9;0.9;0.0;0.0;0.2;0.3;0.5;0.2,32.01,0.07,0.0,0.05,14.42,0.0,341.0,1757.0,4,16,,,,,,,,,,,,,,,,,,,,,,,,,,,,,,,,,,,,,,,,,,,,,,,,,,,,,,,,,,,,,
16,29,,,,,,,100,61,69,15,238.8,2730,10801,38,0,8.1,2.6;4.5;1.2;2.0;0.3;1.1;41.6;45.7;2.0;4.4;42.5;43.6;0.6;0.8;0.0;0.0;0.0;0.2;0.0;0.0;0.5;0.5;0.2;0.0,32.01,0.07,0.0,0.05,14.42,0.0,1123.0,1416.0,4,16,,,,,,,,,,,,,,,,,,,,,,,,,,,,,,,,,,,,,,,,,,,,,,,,,,,,,,,,,,,,,
16,30,,,,,,,98,78,68,15,234.0,2730,10801,38,0,6.3,1.2;4.9;1.9;3.0;0.2;0.8;39.0;30.2;2.2;2.6;28.0;35.5;0.2;0.3;0.0;0.0;0.0;0.0;0.0;0.0;0.3;0.3;0.0;0.2,31.97,0.07,0.0,0.04,14.42,0.0,1416.0,48.0,4,16,,,,,,,,,,,,,,,,,,,,,,,,,,,,,,,,,,,,,,,,,,,,,,,,,,,,,,,,,,,,,
16,31,,,,,,,100,49,69,15,237.4,2730,10801,38,0,5.7,0.5;5.1;1.7;2.2;1.0;0.2;42.5;32.0;1.2;2.5;15.5;32.0;0.0;0.0;0.2;0.0;0.0;0.0;0.0;0.0;0.0;0.0;0.5;0.2,31.99,0.07,0.0,0.03,14.42,0.0,0.0,1367.0,4,16,,,,,,,,,,,,,,,,,,,,,,,,,,,,,,,,,,,,,,,,,,,,,,,,,,,,,,,,,,,,,
16,summary,0.33247942745371234,0.9858658128922367,0.2857880602677663,0.9986666666666667,0.00100000,313.9,,,,,,,,,,,,,,,,,,,,,,98,99.13,100,47,70.9,82,64,69.16,71,14,15.87,21,87.0,232.18,238.8,2730.5,10801.0,38.0,0,5.7,8.33,20.7,31.97,32.02,32.12,63.16,0.07,0.07,0.07,16.0,0.0,0.0,0.02,0.02,0.41,4.55,11.015,16.348,14.42,14.42,14.42,15.992,0.0,0.0,0.0,0.0,3669.42,28906.0,0.0,2100.74,25341.0,4,4.0,4,16,16.0,16,4,16,6.38,291.16
17,1,,,,,,,100,85,63,17,134.8,2730,10801,38,0,20.8,19.3;21.0;22.5;22.5;20.4;21.9;64.8;58.2;26.2;26.6;50.3;66.4;13.8;12.3;3.4;3.7;8.5;8.3;2.0;1.8;7.3;7.6;4.7;5.0,32.12,0.07,0.0,0.03,14.42,0.0,2148.0,6884.0,4,16,,,,,,,,,,,,,,,,,,,,,,,,,,,,,,,,,,,,,,,,,,,,,,,,,,,,,,,,,,,,,
17,2,,,,,,,100,83,66,18,238.1,2730,10801,38,0,8.0,1.4;3.2;0.9;1.6;0.6;0.8;61.7;32.5;3.8;3.1;47.3;29.2;1.7;0.3;0.8;0.9;0.2;0.3;0.0;0.2;0.0;0.0;0.0;0.3,32.06,0.07,0.0,4.56,14.42,0.0,976.0,8593.0,4,16,,,,,,,,,,,,,,,,,,,,,,,,,,,,,,,,,,,,,,,,,,,,,,,,,,,,,,,,,,,,,
17,3,,,,,,,100,60,67,14,238.1,2730,10801,38,0,8.2,2.0;2.6;2.0;2.0;0.8;0.3;50.5;36.8;5.9;5.0;40.7;43.3;0.6;0.8;0.0;0.2;0.5;0.2;0.0;0.0;0.2;0.2;0.0;0.3,32.06,0.07,0.0,2.35,14.42,0.0,341.0,48.0,4,16,,,,,,,,,,,,,,,,,,,,,,,,,,,,,,,,,,,,,,,,,,,,,,,,,,,,,,,,,,,,,
17,4,,,,,,,100,61,68,17,238.1,2730,10801,38,0,8.4,1.4;4.5;1.7;2.0;1.4;0.8;40.7;50.8;4.7;5.3;41.6;39.9;0.5;1.1;0.6;0.8;0.3;0.0;0.2;0.2;0.0;0.5;0.8;0.8,32.04,0.07,0.0,1.64,14.42,0.0,634.0,1611.0,4,16,,,,,,,,,,,,,,,,,,,,,,,,,,,,,,,,,,,,,,,,,,,,,,,,,,,,,,,,,,,,,
17,5,,,,,,,100,61,67,16,236.6,2730,10801,38,0,8.0,0.9;6.7;2.3;2.6;1.7;1.3;50.2;32.4;4.5;7.2;32.2;48.4;0.6;0.9;0.0;0.0;0.2;0.0;0.0;0.2;0.3;0.2;0.0;0.2,31.98,0.07,0.0,2.76,14.42,0.0,878.0,1464.0,4,16,,,,,,,,,,,,,,,,,,,,,,,,,,,,,,,,,,,,,,,,,,,,,,,,,,,,,,,,,,,,,
17,6,,,,,,,100,74,68,19,237.8,2730,10801,38,0,8.2,1.6;5.1;2.0;2.7;0.2;1.6;41.3;40.0;3.9;4.5;44.1;47.3;1.0;0.6;0.0;0.3;0.2;0.0;0.0;0.2;0.2;0.2;0.0;0.3,32.01,0.07,0.0,0.03,14.42,0.0,2197.0,0.0,4,16,,,,,,,,,,,,,,,,,,,,,,,,,,,,,,,,,,,,,,,,,,,,,,,,,,,,,,,,,,,,,
17,7,,,,,,,100,76,68,22,238.4,2730,10801,38,0,7.9,2.5;4.0;1.9;1.4;0.8;0.8;47.7;45.0;6.0;5.9;43.9;28.6;0.8;1.1;0.0;0.0;0.0;0.5;0.2;0.0;0.2;0.0;0.0;0.0,32.01,0.07,0.0,0.05,14.42,0.0,244.0,1416.0,4,16,,,,,,,,,,,,,,,,,,,,,,,,,,,,,,,,,,,,,,,,,,,,,,,,,,,,,,,,,,,,,
17,8,,,,,,,100,74,68,14,236.5,2730,10801,38,0,8.0,1.7;2.3;2.5;2.7;0.3;0.3;54.4;37.3;4.0;6.1;38.9;37.0;0.8;0.5;0.3;0.0;0.0;0.2;0.0;0.0;0.2;0.3;0.3;0.0,31.99,0.07,0.0,0.05,14.42,0.0,781.0,390.0,4,16,,,,,,,,,,,,,,,,,,,,,,,,,,,,,,,,,,,,,,,,,,,,,,,,,,,,,,,,,,,,,
17,9,,,,,,,100,53,70,15,237.9,2730,10801,38,0,7.9,1.3;4.1;2.2;1.6;0.6;1.1;33.2;47.0;4.7;5.3;39.4;48.0;0.5;0.6;0.0;0.2;0.0;0.3;0.0;0.0;0.2;0.5;0.2;0.2,32.01,0.07,0.02,0.51,14.42,0.0,1660.0,1367.0,4,16,,,,,,,,,,,,,,,,,,,,,,,,,,,,,,,,,,,,,,,,,,,,,,,,,,,,,,,,,,,,,
17,10,,,,,,,69,57,68,14,232.6,2730,10801,38,0,8.2,1.1;2.2;1.4;1.6;2.2;1.1;53.3;23.2;7.8;4.5;45.9;45.4;0.9;0.8;0.0;0.0;0.0;0.0;0.0;0.2;1.9;2.2;0.3;0.2,31.98,0.07,0.0,0.09,14.42,0.0,878.0,1513.0,4,16,,,,,,,,,,,,,,,,,,,,,,,,,,,,,,,,,,,,,,,,,,,,,,,,,,,,,,,,,,,,,
17,11,,,,,,,84,67,68,16,231.0,2730,10801,38,0,8.2,1.6;4.2;2.0;2.8;0.3;0.6;48.9;37.4;5.0;4.5;34.6;49.1;0.8;2.0;0.2;0.0;0.2;0.2;0.3;0.2;0.0;0.5;0.0;0.2,32.02,0.07,0.0,0.06,14.42,0.0,1464.0,48.0,4,16,,,,,,,,,,,,,,,,,,,,,,,,,,,,,,,,,,,,,,,,,,,,,,,,,,,,,,,,,,,,,
17,12,,,,,,,100,73,70,16,238.6,2730,10801,38,0,8.2,2.2;4.8;1.6;1.9;0.6;0.8;44.2;40.5;6.2;5.5;52.0;34.2;0.8;0.3;0.2;0.0;0.0;0.2;0.0;0.0;1.1;1.1;0.2;0.2,32.03,0.07,0.0,0.05,14.42,0.0,341.0,1660.0,4,16,,,,,,,,,,,,,,,,,,,,,,,,,,,,,,,,,,,,,,,,,,,,,,,,,,,,,,,,,,,,,
17,13,,,,,,,100,81,68,20,238.4,2730,10801,38,0,8.1,1.9;3.6;0.9;1.7;0.9;1.4;45.8;36.2;5.2;5.8;47.8;37.2;1.1;0.9;0.0;0.5;0.5;0.6;0.0;0.2;0.0;0.2;1.4;1.4,32.01,0.07,0.0,0.04,14.42,0.0,1464.0,97.0,4,16,,,,,,,,,,,,,,,,,,,,,,,,,,,,,,,,,,,,,,,,,,,,,,,,,,,,,,,,,,,,,
17,14,,,,,,,100,80,68,16,236.3,2730,10801,38,0,8.2,1.9;3.9;2.6;0.9;0.9;1.1;39.2;37.1;6.1;5.8;47.0;46.7;1.1;0.6;0.0;0.0;0.2;0.2;0.0;0.2;0.5;0.8;0.2;0.0,32.02,0.07,0.0,0.04,14.42,0.0,2636.0,4150.0,4,16,,,,,,,,,,,,,,,,,,,,,,,,,,,,,,,,,,,,,,,,,,,,,,,,,,,,,,,,,,,,,
17,15,,,,,,,100,83,68,15,238.4,2730,10801,38,0,9.0,3.7;6.6;4.4;5.0;0.8;1.7;30.8;42.1;4.4;3.6;52.6;50.9;1.1;1.6;0.0;0.2;0.0;0.2;0.2;0.3;1.1;3.3;0.2;0.3,32.02,0.07,0.0,0.04,14.42,0.0,1806.0,1806.0,4,16,,,,,,,,,,,,,,,,,,,,,,,,,,,,,,,,,,,,,,,,,,,,,,,,,,,,,,,,,,,,,
17,16,,,,,,,100,90,69,16,238.6,2730,10801,38,0,8.5,1.4;5.7;3.1;2.6;1.3;3.0;46.2;39.2;5.5;4.9;38.1;47.4;0.9;1.3;0.0;0.3;0.5;0.5;0.0;0.2;0.5;0.2;0.2;0.3,32.04,0.07,0.06,0.04,14.42,0.0,1464.0,341.0,4,16,,,,,,,,,,,,,,,,,,,,,,,,,,,,,,,,,,,,,,,,,,,,,,,,,,,,,,,,,,,,,
17,17,,,,,,,98,79,69,20,235.8,2730,10801,38,0,8.1,0.8;3.7;3.1;1.9;0.6;0.3;45.7;33.7;6.4;5.9;51.3;37.7;0.9;1.1;0.3;0.2;0.0;0.2;0.2;0.0;0.0;0.6;0.3;0.3,32.04,0.07,0.01,0.11,14.42,0.0,2343.0,7324.0,4,16,,,,,,,,,,,,,,,,,,,,,,,,,,,,,,,,,,,,,,,,,,,,,,,,,,,,,,,,,,,,,
17,18,,,,,,,99,83,68,13,238.0,2730,10801,38,0,7.9,1.1;4.2;1.6;1.3;1.1;0.5;40.6;43.7;5.3;5.2;40.6;41.7;0.9;0.8;0.3;0.2;0.0;0.0;0.0;0.0;0.0;0.2;0.2;0.9,32.04,0.07,0.0,0.05,14.42,0.0,390.0,1806.0,4,16,,,,,,,,,,,,,,,,,,,,,,,,,,,,,,,,,,,,,,,,,,,,,,,,,,,,,,,,,,,,,
17,19,,,,,,,98,81,68,17,237.5,2730,10801,38,0,8.2,0.9;5.5;2.7;0.6;0.8;1.1;50.2;39.7;6.3;4.9;39.5;40.2;0.9;1.1;0.0;0.2;0.2;0.0;0.0;0.0;0.8;0.9;0.0;0.8,32.04,0.07,0.0,0.05,14.42,0.0,1660.0,3320.0,4,16,,,,,,,,,,,,,,,,,,,,,,,,,,,,,,,,,,,,,,,,,,,,,,,,,,,,,,,,,,,,,
17,20,,,,,,,98,80,68,16,237.8,2730,10801,38,0,8.4,0.9;4.8;2.8;2.2;1.3;2.2;43.8;42.0;6.4;3.3;49.1;39.0;1.1;1.1;0.3;0.5;0.3;0.2;0.0;0.0;0.2;0.2;0.5;0.2,32.05,0.07,0.12,0.29,14.42,0.0,1367.0,5322.0,4,16,,,,,,,,,,,,,,,,,,,,,,,,,,,,,,,,,,,,,,,,,,,,,,,,,,,,,,,,,,,,,
17,21,,,,,,,98,80,69,17,237.2,2730,10801,38,0,7.8,0.8;4.6;1.9;0.8;0.8;0.2;44.9;44.5;4.5;3.7;44.8;33.5;0.5;0.6;0.0;0.0;0.0;0.2;0.0;0.0;0.0;0.6;0.0;0.0,32.04,0.07,0.0,0.11,14.42,0.0,634.0,1611.0,4,16,,,,,,,,,,,,,,,,,,,,,,,,,,,,,,,,,,,,,,,,,,,,,,,,,,,,,,,,,,,,,
17,22,,,,,,,98,81,69,13,237.7,2730,10801,38,0,8.0,1.3;3.6;1.6;2.5;0.9;0.9;32.4;46.9;7.7;2.5;27.4;61.0;0.8;0.3;0.0;0.0;0.0;0.0;0.0;0.0;0.2;0.2;0.5;0.0,32.0,0.07,0.0,0.06,14.42,0.0,1416.0,146.0,4,16,,,,,,,,,,,,,,,,,,,,,,,,,,,,,,,,,,,,,,,,,,,,,,,,,,,,,,,,,,,,,
17,23,,,,,,,98,78,70,15,237.4,2730,10801,38,0,7.8,1.1;2.8;2.8;0.5;0.3;0.5;62.2;38.6;5.8;3.1;31.9;37.2;0.6;0.6;0.0;0.0;0.2;0.0;0.0;0.0;0.0;0.2;0.2;0.2,32.04,0.07,0.01,0.07,14.42,0.0,292.0,1757.0,4,16,,,,,,,,,,,,,,,,,,,,,,,,,,,,,,,,,,,,,,,,,,,,,,,,,,,,,,,,,,,,,
17,24,,,,,,,98,79,69,16,235.2,2730,10801,38,0,8.0,1.4;2.9;2.6;1.9;0.9;0.9;36.7;34.3;4.5;3.7;34.6;65.1;0.9;0.5;0.3;0.2;0.0;0.0;0.0;0.0;0.0;0.3;0.0;0.0,32.03,0.07,0.0,0.04,14.42,0.0,1220.0,97.0,4,16,,,,,,,,,,,,,,,,,,,,,,,,,,,,,,,,,,,,,,,,,,,,,,,,,,,,,,,,,,,,,
17,25,,,,,,,98,78,69,16,237.6,2730,10801,38,0,7.9,1.3;2.3;1.3;2.2;0.6;0.8;41.0;36.9;4.4;4.4;43.0;47.8;0.6;0.6;0.3;0.0;0.3;0.3;0.0;0.2;0.5;0.5;0.0;0.3,32.03,0.07,0.0,0.09,14.42,0.0,1416.0,48.0,4,16,,,,,,,,,,,,,,,,,,,,,,,,,,,,,,,,,,,,,,,,,,,,,,,,,,,,,,,,,,,,,
17,26,,,,,,,98,79,69,21,237.0,2730,10801,38,0,7.8,0.8;4.4;1.6;1.4;0.8;0.3;59.8;33.7;4.5;3.3;46.7;26.4;0.8;0.6;0.0;0.0;0.2;0.2;0.2;0.2;0.2;0.2;0.2;0.5,32.05,0.07,0.0,0.04,14.42,0.0,32031.0,176953.0,4,16,,,,,,,,,,,,,,,,,,,,,,,,,,,,,,,,,,,,,,,,,,,,,,,,,,,,,,,,,,,,,
17,27,,,,,,,100,86,67,16,234.2,2730,10801,38,0,8.1,2.6;3.4;4.0;1.7;1.1;2.2;42.3;35.4;5.6;4.0;35.3;54.1;1.1;0.6;0.0;0.0;0.2;0.0;0.0;0.0;0.2;0.3;0.8;0.6,32.03,0.07,0.0,0.04,14.42,0.0,195.0,1806.0,4,16,,,,,,,,,,,,,,,,,,,,,,,,,,,,,,,,,,,,,,,,,,,,,,,,,,,,,,,,,,,,,
17,28,,,,,,,98,82,70,21,237.1,2730,10801,38,0,7.9,1.1;3.5;1.7;2.6;0.3;0.6;47.0;31.3;5.0;5.8;36.9;51.2;0.9;0.6;0.5;0.3;0.2;0.2;0.0;0.2;0.2;0.2;0.2;0.0,32.04,0.07,0.0,0.03,14.42,0.0,1416.0,195.0,4,16,,,,,,,,,,,,,,,,,,,,,,,,,,,,,,,,,,,,,,,,,,,,,,,,,,,,,,,,,,,,,
17,29,,,,,,,98,80,69,15,235.9,2730,10801,38,0,8.0,1.9;3.4;2.3;1.1;0.6;0.8;56.0;34.1;2.5;5.3;43.8;33.0;1.2;1.1;2.0;2.0;0.2;0.2;0.2;0.0;0.3;0.2;0.2;0.0,32.05,0.07,0.0,0.05,14.42,0.0,14501.0,1416.0,4,16,,,,,,,,,,,,,,,,,,,,,,,,,,,,,,,,,,,,,,,,,,,,,,,,,,,,,,,,,,,,,
17,30,,,,,,,100,83,66,15,234.2,2730,10801,38,0,6.1,0.3;2.9;1.7;1.4;0.9;1.8;40.6;20.8;2.6;2.0;35.6;33.5;0.5;0.3;0.3;0.2;0.2;0.0;0.0;0.0;0.0;0.5;0.0;0.0,32.03,0.07,0.0,0.21,14.42,0.0,13183.0,10058.0,4,16,,,,,,,,,,,,,,,,,,,,,,,,,,,,,,,,,,,,,,,,,,,,,,,,,,,,,,,,,,,,,
17,31,,,,,,,99,84,68,21,237.3,2730,10801,38,0,5.6,0.5;2.4;1.0;2.2;0.5;0.5;48.8;37.9;2.7;1.5;15.8;19.1;0.2;0.5;0.0;0.0;0.2;0.2;0.0;0.5;0.0;0.0;0.5;0.0,32.03,0.07,0.0,0.05,14.42,0.0,341.0,1806.0,4,16,,,,,,,,,,,,,,,,,,,,,,,,,,,,,,,,,,,,,,,,,,,,,,,,,,,,,,,,,,,,,
17,summary,0.33095658191120986,0.9864123256851904,0.28567291047838,0.9987777777777778,0.00100000,313.5,,,,,,,,,,,,,,,,,,,,,,69,97.71,100,53,76.48,90,63,68.13,70,13,16.68,22,134.8,233.55,238.6,2730.0,10801.0,38.0,0,5.6,8.37,20.8,31.98,32.03,32.12,63.16,0.07,0.07,0.07,16.0,0.0,0.01,0.12,0.03,0.44,4.56,11.015,16.348,14.42,14.42,14.42,15.992,0.0,0.0,0.0,195.0,2977.97,32031.0,0.0,7904.94,176953.0,4,4.0,4,16,16.0,16,4,16,6.09,291.12
18,1,,,,,,,100,61,67,20,118.3,2745,10801,38,0,20.4,19.9;20.8;22.8;22.4;20.7;21.1;56.4;59.6;25.1;24.4;61.6;57.8;15.2;13.4;2.4;3.0;7.5;8.9;1.6;2.5;6.9;5.8;4.1;4.4,32.14,0.07,0.01,0.05,14.42,0.0,2246.0,7373.0,4,16,,,,,,,,,,,,,,,,,,,,,,,,,,,,,,,,,,,,,,,,,,,,,,,,,,,,,,,,,,,,,
18,2,,,,,,,100,54,68,21,237.5,2730,10801,38,0,7.9,2.2;3.8;1.4;0.8;0.3;0.2;45.6;36.2;5.8;3.9;40.9;45.6;0.6;1.7;0.2;0.0;0.0;0.2;0.3;0.0;0.0;0.0;0.0;0.0,32.09,0.07,0.0,4.98,14.42,0.0,1220.0,97.0,4,16,,,,,,,,,,,,,,,,,,,,,,,,,,,,,,,,,,,,,,,,,,,,,,,,,,,,,,,,,,,,,
18,3,,,,,,,100,57,70,14,237.4,2730,10801,38,0,8.2,1.9;6.0;2.8;2.4;0.8;0.9;43.5;53.2;4.9;6.1;32.1;40.9;1.1;0.5;0.0;0.0;0.2;0.0;0.0;0.0;0.0;0.0;0.5;0.3,32.08,0.07,0.0,2.22,14.42,0.0,488.0,1513.0,4,16,,,,,,,,,,,,,,,,,,,,,,,,,,,,,,,,,,,,,,,,,,,,,,,,,,,,,,,,,,,,,
18,4,,,,,,,100,61,69,15,237.7,2730,10801,38,0,8.2,1.1;4.5;1.1;1.7;0.6;0.6;41.3;47.9;4.9;4.1;30.7;53.9;0.6;0.9;0.2;0.0;0.0;0.0;0.2;0.0;0.5;0.3;0.2;0.0,32.06,0.07,0.0,1.58,14.42,0.0,1025.0,195.0,4,16,,,,,,,,,,,,,,,,,,,,,,,,,,,,,,,,,,,,,,,,,,,,,,,,,,,,,,,,,,,,,
18,5,,,,,,,100,64,70,17,236.7,2730,10801,38,0,8.0,1.2;4.3;1.4;1.2;1.2;0.8;32.9;46.7;2.6;3.7;42.1;50.8;0.9;0.6;0.2;0.0;0.0;0.0;0.2;0.2;0.0;0.0;0.0;0.0,32.03,0.07,0.0,2.56,14.42,0.0,976.0,244.0,4,16,,,,,,,,,,,,,,,,,,,,,,,,,,,,,,,,,,,,,,,,,,,,,,,,,,,,,,,,,,,,,
18,6,,,,,,,100,67,68,16,237.4,2730,10801,38,0,8.2,1.9;4.5;1.6;1.9;2.4;2.0;33.3;54.7;3.6;4.7;42.9;38.8;0.5;1.1;0.2;0.0;0.2;0.0;0.2;0.0;0.6;0.3;0.2;0.2,32.04,0.07,0.0,0.04,14.42,0.0,488.0,1660.0,4,16,,,,,,,,,,,,,,,,,,,,,,,,,,,,,,,,,,,,,,,,,,,,,,,,,,,,,,,,,,,,,
18,7,,,,,,,100,77,70,16,238.3,2730,10801,38,0,7.7,0.6;2.2;0.6;1.1;0.5;0.3;31.0;43.9;1.7;7.4;37.7;55.2;0.6;0.6;0.0;0.0;0.3;0.0;0.0;0.0;0.0;0.0;0.2;0.0,32.03,0.07,0.0,0.05,14.42,0.0,1171.0,97.0,4,16,,,,,,,,,,,,,,,,,,,,,,,,,,,,,,,,,,,,,,,,,,,,,,,,,,,,,,,,,,,,,
18,8,,,,,,,100,79,70,15,235.6,2730,10801,38,0,7.9,1.2;2.0;1.2;1.9;0.5;0.8;36.7;36.8;4.8;5.6;48.6;47.4;0.6;0.6;0.2;0.0;0.2;0.2;0.0;0.0;0.2;0.0;0.0;0.0,32.01,0.07,0.0,0.03,14.42,0.0,40527.0,195.0,4,16,,,,,,,,,,,,,,,,,,,,,,,,,,,,,,,,,,,,,,,,,,,,,,,,,,,,,,,,,,,,,
18,9,,,,,,,100,76,70,17,239.3,2730,10801,38,0,7.9,1.4;4.3;2.0;1.3;0.3;0.8;39.0;48.5;4.7;6.1;48.7;30.4;0.9;0.9;0.2;0.0;0.2;0.0;0.0;0.0;0.2;0.0;0.0;0.0,32.0,0.07,0.0,0.03,14.42,0.0,48.0,1757.0,4,16,,,,,,,,,,,,,,,,,,,,,,,,,,,,,,,,,,,,,,,,,,,,,,,,,,,,,,,,,,,,,
18,10,,,,,,,100,84,67,14,238.8,2730,10801,38,0,8.4,1.4;5.2;2.0;1.7;0.2;0.2;39.7;41.1;4.1;5.9;43.8;51.2;0.8;0.9;0.0;0.0;0.0;0.0;0.0;0.0;0.2;0.3;2.3;0.9,32.0,0.07,0.0,0.04,14.42,0.0,36425.0,264990.0,4,16,,,,,,,,,,,,,,,,,,,,,,,,,,,,,,,,,,,,,,,,,,,,,,,,,,,,,,,,,,,,,
18,11,,,,,,,100,76,71,14,234.0,2730,10801,38,0,7.9,1.6;3.1;1.2;1.7;0.5;0.8;41.3;34.1;3.6;3.7;36.1;58.5;0.9;0.8;0.3;0.0;0.0;0.0;0.0;0.0;0.0;0.0;0.3;0.2,32.02,0.07,0.0,0.04,14.42,0.0,1318.0,1416.0,4,16,,,,,,,,,,,,,,,,,,,,,,,,,,,,,,,,,,,,,,,,,,,,,,,,,,,,,,,,,,,,,
18,12,,,,,,,100,82,67,17,238.9,2730,10801,38,0,8.2,2.2;3.0;2.5;2.2;0.2;0.8;40.5;40.5;3.8;4.9;50.0;43.7;0.5;0.9;0.0;0.0;0.2;0.0;0.2;0.0;0.3;0.0;0.6;0.0,32.04,0.07,0.0,0.04,14.42,0.0,1220.0,195.0,4,16,,,,,,,,,,,,,,,,,,,,,,,,,,,,,,,,,,,,,,,,,,,,,,,,,,,,,,,,,,,,,
18,13,,,,,,,100,86,64,16,238.3,2730,10801,38,0,7.8,0.8;2.8;0.6;1.4;1.6;0.5;45.7;34.1;3.0;6.1;38.3;49.8;1.4;1.4;0.2;0.0;0.0;0.2;0.0;0.0;0.0;0.2;0.0;0.3,32.03,0.07,0.0,0.05,14.42,0.0,244.0,1318.0,4,16,,,,,,,,,,,,,,,,,,,,,,,,,,,,,,,,,,,,,,,,,,,,,,,,,,,,,,,,,,,,,
18,14,,,,,,,100,76,67,17,234.4,2730,10801,38,0,8.0,0.9;3.7;2.2;1.2;0.5;1.1;38.5;53.7;2.5;6.2;29.2;49.1;0.9;0.6;0.0;0.0;0.0;0.0;0.0;0.0;0.0;0.0;0.2;0.0,32.03,0.07,0.0,0.05,14.42,0.0,1513.0,4541.0,4,16,,,,,,,,,,,,,,,,,,,,,,,,,,,,,,,,,,,,,,,,,,,,,,,,,,,,,,,,,,,,,
18,15,,,,,,,100,84,66,16,238.3,2730,10801,38,0,8.1,1.3;5.2;1.3;1.9;0.9;0.5;51.7;48.6;5.3;5.3;30.7;40.6;0.6;0.6;0.0;0.0;0.0;0.0;0.0;0.0;0.2;0.0;0.8;0.0,32.04,0.07,0.0,0.02,14.42,0.0,488.0,1562.0,4,16,,,,,,,,,,,,,,,,,,,,,,,,,,,,,,,,,,,,,,,,,,,,,,,,,,,,,,,,,,,,,
18,16,,,,,,,100,63,67,16,238.0,2730,10801,38,0,8.0,1.3;3.7;2.7;1.3;0.5;0.9;34.6;37.6;4.1;4.7;32.4;63.7;1.6;0.6;0.6;0.2;0.2;0.2;0.0;0.0;0.2;0.5;0.0;0.0,32.01,0.07,0.0,0.06,14.42,0.0,292.0,341.0,4,16,,,,,,,,,,,,,,,,,,,,,,,,,,,,,,,,,,,,,,,,,,,,,,,,,,,,,,,,,,,,,
18,17,,,,,,,100,72,69,15,237.2,2730,10801,38,0,8.1,0.8;5.4;1.4;1.4;0.5;0.6;32.5;40.1;4.8;4.4;38.9;58.2;1.6;2.0;0.0;0.3;0.3;0.3;0.2;0.2;0.5;0.8;0.0;0.2,32.04,0.07,0.0,0.04,14.42,0.0,1269.0,5712.0,4,16,,,,,,,,,,,,,,,,,,,,,,,,,,,,,,,,,,,,,,,,,,,,,,,,,,,,,,,,,,,,,
18,18,,,,,,,100,66,70,17,237.8,2730,10801,38,0,8.3,1.1;3.7;2.8;1.9;0.9;0.8;35.0;45.2;5.3;3.1;47.2;44.8;0.8;1.1;0.0;0.0;0.0;0.2;0.2;0.2;1.3;1.6;0.2;0.3,32.04,0.07,0.0,0.03,14.42,0.0,15722.0,15478.0,4,16,,,,,,,,,,,,,,,,,,,,,,,,,,,,,,,,,,,,,,,,,,,,,,,,,,,,,,,,,,,,,
18,19,,,,,,,100,79,69,13,238.4,2730,10801,38,0,8.3,1.1;5.7;1.6;2.8;0.6;1.7;30.7;34.8;2.8;3.1;55.5;54.5;0.9;0.8;0.0;0.0;0.2;0.2;0.3;0.3;0.5;0.2;0.3;0.8,32.01,0.07,0.0,0.06,14.42,0.0,1660.0,1806.0,4,16,,,,,,,,,,,,,,,,,,,,,,,,,,,,,,,,,,,,,,,,,,,,,,,,,,,,,,,,,,,,,
18,20,,,,,,,100,73,69,16,241.0,2730,10801,38,0,8.5,1.9;4.9;2.3;3.0;1.4;1.1;42.3;52.0;3.9;4.2;35.3;46.0;0.9;0.8;0.5;0.2;0.2;0.2;0.0;0.3;0.3;1.4;0.0;0.3,32.01,0.07,0.0,0.03,14.42,0.0,341.0,24218.0,4,16,,,,,,,,,,,,,,,,,,,,,,,,,,,,,,,,,,,,,,,,,,,,,,,,,,,,,,,,,,,,,
18,21,,,,,,,100,77,68,14,238.4,2730,10801,38,0,8.7,3.0;5.8;3.6;2.8;1.4;1.7;29.6;52.0;5.3;6.8;46.3;46.8;1.4;0.8;0.3;0.2;0.0;0.0;0.2;0.2;0.5;0.0;0.2;0.0,32.04,0.07,0.0,0.03,14.42,0.0,585.0,25292.0,4,16,,,,,,,,,,,,,,,,,,,,,,,,,,,,,,,,,,,,,,,,,,,,,,,,,,,,,,,,,,,,,
18,22,,,,,,,100,77,69,15,238.9,2730,10801,38,0,8.0,1.1;3.0;2.4;2.5;0.8;1.1;38.6;40.6;3.6;6.4;42.0;48.1;1.1;0.9;0.0;0.0;0.0;0.2;0.2;0.0;0.2;0.3;0.0;0.0,31.98,0.07,0.0,0.05,14.42,0.0,1708.0,537.0,4,16,,,,,,,,,,,,,,,,,,,,,,,,,,,,,,,,,,,,,,,,,,,,,,,,,,,,,,,,,,,,,
18,23,,,,,,,100,75,68,21,240.1,2730,10801,38,0,8.2,0.9;3.3;2.0;1.3;0.3;0.8;46.5;27.9;3.4;3.8;42.3;59.8;1.3;0.6;0.0;0.0;0.0;0.3;0.0;0.0;0.6;0.2;0.0;0.2,32.0,0.07,0.0,0.04,14.42,0.0,927.0,1611.0,4,16,,,,,,,,,,,,,,,,,,,,,,,,,,,,,,,,,,,,,,,,,,,,,,,,,,,,,,,,,,,,,
18,24,,,,,,,100,76,68,14,237.3,2730,10801,38,0,8.0,1.4;3.7;2.3;2.5;0.5;1.4;40.3;48.8;2.6;5.9;30.8;47.8;0.9;0.6;0.0;0.0;0.0;0.2;0.3;0.0;0.0;0.5;0.2;0.5,31.99,0.07,0.0,0.04,14.42,0.0,683.0,1953.0,4,16,,,,,,,,,,,,,,,,,,,,,,,,,,,,,,,,,,,,,,,,,,,,,,,,,,,,,,,,,,,,,
18,25,,,,,,,100,82,67,17,238.8,2730,10801,38,0,8.1,1.1;4.9;2.0;1.2;0.5;0.5;43.0;43.2;2.3;4.7;32.0;56.3;1.1;0.6;0.0;0.0;0.0;0.0;0.0;0.0;0.0;0.2;0.5;0.5,32.01,0.07,0.0,0.03,14.42,0.0,537.0,1806.0,4,16,,,,,,,,,,,,,,,,,,,,,,,,,,,,,,,,,,,,,,,,,,,,,,,,,,,,,,,,,,,,,
18,26,,,,,,,98,79,66,16,238.3,2730,10801,38,0,8.0,0.9;3.7;1.7;1.1;0.6;0.2;40.2;29.6;3.4;5.9;40.7;60.0;0.9;0.6;0.2;0.0;0.2;0.5;0.0;0.3;0.0;0.2;0.8;0.0,32.01,0.07,0.0,0.05,14.42,0.0,1123.0,1367.0,4,16,,,,,,,,,,,,,,,,,,,,,,,,,,,,,,,,,,,,,,,,,,,,,,,,,,,,,,,,,,,,,
18,27,,,,,,,98,80,68,16,234.1,2730,10801,38,0,8.0,0.8;5.5;3.3;2.6;0.6;0.9;50.2;31.3;4.1;4.7;37.2;48.8;0.5;0.8;0.0;0.0;0.0;0.3;0.0;0.0;0.2;0.0;0.0;0.3,31.97,0.07,0.0,0.03,14.42,0.0,244.0,1806.0,4,16,,,,,,,,,,,,,,,,,,,,,,,,,,,,,,,,,,,,,,,,,,,,,,,,,,,,,,,,,,,,,
18,28,,,,,,,98,81,67,15,238.1,2730,10801,38,0,7.6,0.8;2.3;1.4;0.8;0.0;0.3;43.6;35.9;5.3;4.5;31.6;54.7;0.5;0.6;0.0;0.0;0.0;0.0;0.0;0.0;0.0;0.0;0.3;0.0,32.02,0.07,0.0,0.03,14.42,0.0,634.0,1708.0,4,16,,,,,,,,,,,,,,,,,,,,,,,,,,,,,,,,,,,,,,,,,,,,,,,,,,,,,,,,,,,,,
18,29,,,,,,,98,80,69,16,238.0,2730,10801,38,0,7.9,1.4;3.1;1.1;2.0;0.6;0.8;36.2;43.0;6.5;4.7;27.3;60.6;0.8;0.5;0.0;0.2;0.0;0.2;0.0;0.2;0.3;0.2;0.3;0.8,32.02,0.07,0.0,0.04,14.42,0.0,781.0,0.0,4,16,,,,,,,,,,,,,,,,,,,,,,,,,,,,,,,,,,,,,,,,,,,,,,,,,,,,,,,,,,,,,
18,30,,,,,,,98,77,66,17,233.8,2730,10801,38,0,6.3,0.3;1.7;1.1;1.2;1.6;0.8;44.0;35.1;3.6;4.7;30.0;24.8;0.3;0.5;0.0;0.0;0.3;0.0;0.0;0.0;0.0;0.2;0.3;0.2,31.99,0.07,0.0,0.02,14.42,0.0,244.0,1562.0,4,16,,,,,,,,,,,,,,,,,,,,,,,,,,,,,,,,,,,,,,,,,,,,,,,,,,,,,,,,,,,,,
18,31,,,,,,,100,53,68,16,237.1,2730,10801,38,0,6.0,1.2;5.1;2.5;1.7;0.5;1.7;16.5;15.0;2.5;2.9;36.9;53.9;0.7;0.7;0.0;0.2;0.2;0.5;0.5;0.0;0.0;0.5;0.0;0.5,32.02,0.07,0.0,0.08,14.42,0.0,6640.0,115869.0,4,16,,,,,,,,,,,,,,,,,,,,,,,,,,,,,,,,,,,,,,,,,,,,,,,,,,,,,,,,,,,,,
18,summary,0.3291454726242983,0.9869406213850456,0.2855691930188073,0.999,0.00100000,313.3,,,,,,,,,,,,,,,,,,,,,,98,99.68,100,53,73.35,86,64,68.13,71,13,16.1,21,118.3,233.75,241.0,2730.5,10801.0,38.0,0,6.0,8.35,20.4,31.97,32.03,32.14,63.16,0.07,0.07,0.07,16.0,0.0,0.0,0.01,0.02,0.4,4.98,11.015,16.348,14.42,14.42,14.42,15.992,0.0,0.0,0.0,48.0,3960.87,40527.0,0.0,15749.0,264990.0,4,4.0,4,16,16.0,16,4,16,5.91,291.14
19,1,,,,,,,0,0,58,17,128.4,2745,10801,38,0,21.2,20.1;22.4;22.7;24.0;21.2;20.3;57.4;61.5;24.5;25.8;68.0;59.3;14.1;13.3;3.3;3.2;8.0;8.4;2.2;2.7;7.2;7.4;5.3;6.1,32.11,0.07,0.0,0.03,14.42,0.0,3027.0,5859.0,4,16,,,,,,,,,,,,,,,,,,,,,,,,,,,,,,,,,,,,,,,,,,,,,,,,,,,,,,,,,,,,,
19,2,,,,,,,100,87,67,17,237.3,2730,10801,38,0,8.2,2.4;4.6;1.2;3.8;0.5;0.3;37.5;50.1;3.0;5.6;31.3;53.3;0.9;0.5;0.2;0.0;0.0;0.0;0.0;0.0;0.2;0.0;0.0;0.0,32.08,0.07,0.0,4.56,14.42,0.0,2636.0,195.0,4,16,,,,,,,,,,,,,,,,,,,,,,,,,,,,,,,,,,,,,,,,,,,,,,,,,,,,,,,,,,,,,
19,3,,,,,,,100,89,66,16,237.8,2730,10801,38,0,7.7,0.6;5.8;1.1;1.1;0.5;0.8;40.9;40.2;4.5;6.7;28.0;52.7;0.5;0.6;0.0;0.0;0.0;0.0;0.0;0.0;0.2;0.2;0.3;0.2,32.05,0.07,0.0,2.64,14.42,0.0,292.0,1708.0,4,16,,,,,,,,,,,,,,,,,,,,,,,,,,,,,,,,,,,,,,,,,,,,,,,,,,,,,,,,,,,,,
19,4,,,,,,,100,86,66,17,238.1,2730,10801,38,0,7.5,0.6;1.4;1.6;1.1;0.3;0.2;29.0;56.9;2.0;5.3;36.3;44.4;0.8;0.3;0.0;0.0;0.0;0.0;0.0;0.0;0.0;0.0;0.0;0.0,32.04,0.07,0.0,1.58,14.42,0.0,2392.0,146.0,4,16,,,,,,,,,,,,,,,,,,,,,,,,,,,,,,,,,,,,,,,,,,,,,,,,,,,,,,,,,,,,,
19,5,,,,,,,100,76,68,16,236.5,2730,10801,38,0,8.1,0.8;3.4;1.4;2.3;1.2;1.4;29.2;39.3;3.0;6.5;46.6;54.8;0.8;0.9;0.0;0.0;0.0;0.8;0.0;0.2;0.0;0.2;0.5;0.6,32.0,0.07,0.0,2.55,14.42,0.0,1171.0,1464.0,4,16,,,,,,,,,,,,,,,,,,,,,,,,,,,,,,,,,,,,,,,,,,,,,,,,,,,,,,,,,,,,,
19,6,,,,,,,100,76,68,22,239.2,2730,10801,38,0,8.2,1.4;3.6;2.2;1.6;1.2;1.2;39.8;38.0;3.6;5.2;53.7;42.2;1.1;1.1;0.0;0.3;0.2;0.2;0.0;0.2;0.0;0.3;0.0;0.2,31.99,0.07,0.0,0.07,14.42,0.0,341.0,1757.0,4,16,,,,,,,,,,,,,,,,,,,,,,,,,,,,,,,,,,,,,,,,,,,,,,,,,,,,,,,,,,,,,
19,7,,,,,,,100,71,69,14,239.2,2730,10801,38,0,7.9,1.1;2.8;1.7;1.6;0.9;1.1;46.7;42.2;5.3;4.1;32.5;46.7;1.6;0.9;0.2;0.0;0.0;0.2;0.0;0.0;0.2;0.2;0.3;0.3,32.01,0.07,0.0,0.04,14.42,0.0,2001.0,0.0,4,16,,,,,,,,,,,,,,,,,,,,,,,,,,,,,,,,,,,,,,,,,,,,,,,,,,,,,,,,,,,,,
19,8,,,,,,,88,72,62,22,234.0,2730,10801,38,0,7.7,0.6;2.3;1.6;0.6;0.3;0.3;37.3;34.7;4.3;4.2;41.3;55.1;1.1;0.9;0.0;0.2;0.2;0.2;0.0;0.0;0.0;0.3;0.0;0.0,32.0,0.07,0.0,0.03,14.42,0.0,244.0,1367.0,4,16,,,,,,,,,,,,,,,,,,,,,,,,,,,,,,,,,,,,,,,,,,,,,,,,,,,,,,,,,,,,,
19,9,,,,,,,100,85,64,15,238.2,2730,10801,38,0,8.1,1.1;2.5;2.3;2.0;1.1;0.3;44.4;35.6;5.5;3.3;49.8;41.7;0.8;0.8;0.2;0.3;0.2;0.2;0.3;0.3;0.3;0.9;0.5;0.3,32.02,0.07,0.0,0.05,14.42,0.0,1464.0,1513.0,4,16,,,,,,,,,,,,,,,,,,,,,,,,,,,,,,,,,,,,,,,,,,,,,,,,,,,,,,,,,,,,,
19,10,,,,,,,100,86,63,17,238.8,2730,10801,38,0,7.7,0.8;4.4;0.9;0.8;0.5;0.2;38.2;35.6;3.6;3.9;44.1;51.0;0.9;0.6;0.0;0.0;0.0;0.0;0.0;0.0;0.0;0.0;0.0;0.0,32.02,0.07,0.0,0.04,14.42,0.0,4052.0,7812.0,4,16,,,,,,,,,,,,,,,,,,,,,,,,,,,,,,,,,,,,,,,,,,,,,,,,,,,,,,,,,,,,,
19,11,,,,,,,100,77,68,16,235.1,2730,10801,38,0,7.7,0.6;4.0;1.4;0.8;0.5;0.3;39.7;34.2;3.0;5.6;46.2;46.6;0.3;1.4;0.3;0.0;0.2;0.2;0.0;0.0;0.0;0.0;0.0;0.0,32.02,0.07,0.0,0.03,14.42,0.0,390.0,6250.0,4,16,,,,,,,,,,,,,,,,,,,,,,,,,,,,,,,,,,,,,,,,,,,,,,,,,,,,,,,,,,,,,
19,12,,,,,,,100,71,69,15,238.1,2730,10801,38,0,8.6,1.6;4.9;3.3;2.8;0.6;0.3;38.1;35.8;4.5;4.4;45.2;58.1;1.1;1.1;0.0;0.5;0.3;0.0;0.0;0.0;0.3;0.5;2.0;1.9,32.03,0.07,0.0,0.04,14.42,0.0,2148.0,1367.0,4,16,,,,,,,,,,,,,,,,,,,,,,,,,,,,,,,,,,,,,,,,,,,,,,,,,,,,,,,,,,,,,
19,13,,,,,,,100,78,68,16,237.2,2730,10801,38,0,7.7,1.3;2.6;1.6;1.6;0.2;0.8;50.5;37.6;5.2;5.8;47.1;30.3;0.5;0.8;0.0;0.0;0.2;0.0;0.0;0.0;0.0;0.0;0.0;0.0,32.03,0.07,0.0,0.04,14.42,0.0,16406.0,1757.0,4,16,,,,,,,,,,,,,,,,,,,,,,,,,,,,,,,,,,,,,,,,,,,,,,,,,,,,,,,,,,,,,
19,14,,,,,,,100,61,69,17,235.3,2730,10801,38,0,8.8,3.1;7.0;3.0;4.6;1.2;0.9;36.8;45.3;4.3;6.8;43.1;50.8;1.1;0.6;0.8;0.3;0.3;0.5;0.2;0.2;0.2;0.5;0.0;0.2,32.02,0.07,0.0,0.04,14.42,0.0,12744.0,15820.0,4,16,,,,,,,,,,,,,,,,,,,,,,,,,,,,,,,,,,,,,,,,,,,,,,,,,,,,,,,,,,,,,
19,15,,,,,,,100,56,69,16,237.4,2730,10801,38,0,7.9,0.9;2.6;2.2;0.8;0.3;0.3;30.0;44.0;4.5;3.0;44.6;54.5;0.6;1.1;0.0;0.0;0.0;0.0;0.0;0.0;0.0;0.0;0.0;0.0,32.03,0.07,0.0,0.03,14.42,0.0,22314.0,16796.0,4,16,,,,,,,,,,,,,,,,,,,,,,,,,,,,,,,,,,,,,,,,,,,,,,,,,,,,,,,,,,,,,
19,16,,,,,,,100,55,70,21,238.6,2730,10801,38,0,8.0,1.2;4.2;1.3;1.4;0.3;0.2;45.5;46.9;6.0;3.8;40.8;39.5;0.8;0.6;0.0;0.0;0.0;0.0;0.0;0.0;0.0;0.3;0.8;0.0,32.03,0.07,0.0,0.05,14.42,0.0,292.0,7177.0,4,16,,,,,,,,,,,,,,,,,,,,,,,,,,,,,,,,,,,,,,,,,,,,,,,,,,,,,,,,,,,,,
19,17,,,,,,,100,56,67,15,237.1,2730,10801,38,0,8.3,1.6;3.4;1.6;1.7;1.2;0.9;28.2;47.3;6.1;4.5;37.9;59.4;0.5;0.9;0.0;0.2;0.2;0.5;0.2;0.3;0.2;0.8;0.2;0.3,32.01,0.07,0.0,0.03,14.42,0.0,1269.0,15332.0,4,16,,,,,,,,,,,,,,,,,,,,,,,,,,,,,,,,,,,,,,,,,,,,,,,,,,,,,,,,,,,,,
19,18,,,,,,,100,84,68,16,238.7,2730,10801,38,0,8.0,1.2;5.2;1.2;1.9;0.2;0.5;47.3;37.8;3.4;3.3;49.8;35.7;0.8;0.8;0.2;0.2;0.2;0.2;0.2;0.0;0.5;0.3;1.4;0.9,32.03,0.07,0.0,0.03,14.42,0.0,1074.0,1367.0,4,16,,,,,,,,,,,,,,,,,,,,,,,,,,,,,,,,,,,,,,,,,,,,,,,,,,,,,,,,,,,,,
19,19,,,,,,,100,89,67,16,238.2,2730,10801,38,0,8.0,0.9;2.5;2.3;1.3;1.3;1.7;55.2;46.6;5.3;5.3;33.9;32.0;1.1;1.1;0.2;0.0;0.0;0.0;0.0;0.0;0.0;0.0;0.5;0.0,32.03,0.07,0.0,0.04,14.42,0.0,878.0,1562.0,4,16,,,,,,,,,,,,,,,,,,,,,,,,,,,,,,,,,,,,,,,,,,,,,,,,,,,,,,,,,,,,,
19,20,,,,,,,100,90,68,18,237.9,2730,10801,38,0,7.8,0.6;3.1;1.1;0.9;0.5;0.3;44.8;36.9;4.5;3.0;42.8;45.5;1.3;0.2;0.0;0.0;0.0;0.0;0.0;0.0;0.2;0.0;0.3;0.0,32.02,0.07,0.0,0.02,14.42,0.0,341.0,4248.0,4,16,,,,,,,,,,,,,,,,,,,,,,,,,,,,,,,,,,,,,,,,,,,,,,,,,,,,,,,,,,,,,
19,21,,,,,,,100,89,67,21,239.0,2730,10801,38,0,8.0,1.6;4.4;2.3;0.5;0.5;0.3;42.9;48.8;3.7;2.5;49.6;33.5;0.5;0.5;0.0;0.2;0.2;0.0;0.0;0.3;0.3;0.3;0.3;0.0,32.05,0.07,0.0,0.1,14.42,0.0,25585.0,13427.0,4,16,,,,,,,,,,,,,,,,,,,,,,,,,,,,,,,,,,,,,,,,,,,,,,,,,,,,,,,,,,,,,
19,22,,,,,,,100,88,68,14,238.9,2730,10801,38,0,8.1,1.4;2.9;2.8;1.6;1.2;1.1;46.0;38.8;4.1;3.6;35.9;51.4;1.3;0.9;0.0;0.0;0.2;0.2;0.0;0.2;0.0;0.3;0.3;0.2,31.99,0.07,0.0,0.05,14.42,0.0,48.0,1806.0,4,16,,,,,,,,,,,,,,,,,,,,,,,,,,,,,,,,,,,,,,,,,,,,,,,,,,,,,,,,,,,,,
19,23,,,,,,,100,88,69,17,238.5,2730,10801,38,0,8.1,1.7;3.7;2.8;0.8;0.5;0.5;39.8;44.4;6.4;4.2;40.5;46.9;0.5;0.8;0.3;0.3;0.0;0.0;0.2;0.0;0.0;0.3;0.0;0.0,32.01,0.07,0.0,0.03,14.42,0.0,3027.0,97.0,4,16,,,,,,,,,,,,,,,,,,,,,,,,,,,,,,,,,,,,,,,,,,,,,,,,,,,,,,,,,,,,,
19,24,,,,,,,100,88,67,15,238.0,2730,10801,38,0,7.9,1.6;2.8;1.4;0.6;0.9;0.5;40.2;44.1;2.5;4.4;42.6;45.6;0.8;0.6;0.0;0.0;0.0;0.3;0.0;0.0;0.3;0.3;0.3;0.5,32.03,0.07,0.0,0.05,14.42,0.0,1464.0,1562.0,4,16,,,,,,,,,,,,,,,,,,,,,,,,,,,,,,,,,,,,,,,,,,,,,,,,,,,,,,,,,,,,,
19,25,,,,,,,100,88,68,20,238.0,2730,10801,38,0,7.7,0.6;2.8;1.4;0.8;0.6;0.3;49.8;35.8;3.3;3.3;29.3;51.6;0.9;0.6;0.0;0.2;0.5;0.6;0.0;0.2;0.3;0.0;0.3;0.2,32.03,0.07,0.0,0.04,14.42,0.0,1416.0,0.0,4,16,,,,,,,,,,,,,,,,,,,,,,,,,,,,,,,,,,,,,,,,,,,,,,,,,,,,,,,,,,,,,
19,26,,,,,,,100,89,67,20,238.5,2730,10801,38,0,8.6,1.1;5.1;2.8;3.0;1.7;1.1;47.9;32.1;7.2;6.3;50.5;43.3;1.1;0.8;0.3;0.0;0.2;0.2;0.2;0.0;0.3;0.0;0.5;0.5,32.03,0.07,0.0,0.05,14.42,0.0,927.0,244.0,4,16,,,,,,,,,,,,,,,,,,,,,,,,,,,,,,,,,,,,,,,,,,,,,,,,,,,,,,,,,,,,,
19,27,,,,,,,100,84,68,16,235.9,2730,10801,38,0,8.2,1.7;6.4;3.1;0.6;0.9;0.3;54.3;44.0;6.5;2.8;33.6;38.6;0.8;0.9;0.2;0.2;0.0;0.0;0.2;0.2;0.2;0.2;0.0;0.0,32.03,0.07,0.0,0.04,14.42,0.0,1416.0,1562.0,4,16,,,,,,,,,,,,,,,,,,,,,,,,,,,,,,,,,,,,,,,,,,,,,,,,,,,,,,,,,,,,,
19,28,,,,,,,100,86,63,16,238.1,2730,10801,38,0,8.1,1.1;4.5;2.3;1.1;1.6;1.1;52.9;48.9;8.1;2.5;24.1;44.6;1.6;1.1;0.0;0.0;0.2;0.0;0.0;0.0;0.2;0.0;0.2;0.0,32.01,0.07,0.0,0.04,14.42,0.0,292.0,390.0,4,16,,,,,,,,,,,,,,,,,,,,,,,,,,,,,,,,,,,,,,,,,,,,,,,,,,,,,,,,,,,,,
19,29,,,,,,,100,63,68,16,238.1,2730,10801,38,0,7.8,0.3;2.5;2.0;1.3;0.8;0.0;47.0;40.3;5.6;2.3;37.4;45.1;0.6;0.6;0.0;0.0;0.0;0.0;0.0;0.2;0.2;0.2;0.0;0.0,32.0,0.07,0.01,0.07,14.42,0.0,1416.0,1416.0,4,16,,,,,,,,,,,,,,,,,,,,,,,,,,,,,,,,,,,,,,,,,,,,,,,,,,,,,,,,,,,,,
19,30,,,,,,,100,86,64,16,233.9,2730,10801,38,0,5.9,1.6;3.2;1.2;0.6;0.8;0.5;33.9;35.8;5.0;3.6;34.8;20.7;0.3;0.0;0.0;0.2;0.0;0.3;0.0;0.0;0.2;0.0;0.0;0.0,32.01,0.07,0.0,0.04,14.42,0.0,341.0,97.0,4,16,,,,,,,,,,,,,,,,,,,,,,,,,,,,,,,,,,,,,,,,,,,,,,,,,,,,,,,,,,,,,
19,31,,,,,,,100,80,66,16,239.1,2730,10801,38,0,5.7,1.0;2.5;2.0;0.2;1.0;0.2;24.4;19.8;3.9;1.7;36.7;41.3;0.2;0.2;0.0;0.3;0.0;0.0;0.2;0.0;0.2;0.0;0.2;0.0,32.01,0.07,0.0,0.06,14.42,0.0,976.0,1562.0,4,16,,,,,,,,,,,,,,,,,,,,,,,,,,,,,,,,,,,,,,,,,,,,,,,,,,,,,,,,,,,,,
19,summary,0.32910842925481965,0.9868654758760145,0.2852618006600274,0.999,0.00100000,313.7,,,,,,,,,,,,,,,,,,,,,,0,96.39,100,0,76.58,90,58,66.74,70,14,16.97,22,128.4,234.1,239.2,2730.5,10801.0,38.0,0,5.7,8.3,21.2,31.99,32.02,32.11,63.16,0.07,0.07,0.07,16.0,0.0,0.0,0.01,0.02,0.4,4.56,11.015,16.348,14.42,14.42,14.42,15.992,0.0,0.0,0.0,48.0,3625.29,25585.0,0.0,3730.97,16796.0,4,4.0,4,16,16.0,16,4,16,6.21,291.13
20,1,,,,,,,0,0,63,16,114.4,2745,10801,38,0,20.7,18.6;22.1;22.4;23.1;21.6;21.5;62.1;54.8;23.6;26.8;59.6;63.3;13.5;15.7;2.3;3.0;7.7;7.8;1.8;2.1;6.3;6.1;5.0;5.9,32.13,0.07,0.0,0.03,14.42,0.0,2392.0,7324.0,4,16,,,,,,,,,,,,,,,,,,,,,,,,,,,,,,,,,,,,,,,,,,,,,,,,,,,,,,,,,,,,,
20,2,,,,,,,100,86,67,23,237.3,2730,10801,38,0,8.9,3.0;5.8;3.6;3.7;1.4;1.4;50.5;48.2;7.0;8.2;43.3;32.8;1.4;0.6;0.2;0.0;0.2;0.6;0.0;0.0;0.0;0.2;0.2;0.9,32.08,0.07,0.0,4.57,14.42,0.0,2099.0,1318.0,4,16,,,,,,,,,,,,,,,,,,,,,,,,,,,,,,,,,,,,,,,,,,,,,,,,,,,,,,,,,,,,,
20,3,,,,,,,100,72,69,14,238.9,2730,10801,38,0,8.3,1.9;4.3;1.9;1.7;0.3;1.6;44.5;48.9;4.7;3.9;30.6;50.6;0.9;0.8;0.0;0.0;0.2;0.5;0.3;0.0;0.0;0.3;0.0;0.0,32.03,0.07,0.0,2.33,14.42,0.0,18066.0,439.0,4,16,,,,,,,,,,,,,,,,,,,,,,,,,,,,,,,,,,,,,,,,,,,,,,,,,,,,,,,,,,,,,
20,4,,,,,,,100,76,68,17,238.2,2730,10801,38,0,8.4,0.9;4.9;2.4;2.3;0.8;0.8;40.9;45.9;5.0;5.6;34.4;53.4;0.6;0.9;0.2;0.6;0.0;0.2;0.2;0.2;0.2;0.0;0.6;0.0,32.05,0.07,0.0,1.65,14.42,0.0,2783.0,1562.0,4,16,,,,,,,,,,,,,,,,,,,,,,,,,,,,,,,,,,,,,,,,,,,,,,,,,,,,,,,,,,,,,
20,5,,,,,,,100,73,68,14,235.7,2730,10801,38,0,8.0,0.9;3.8;1.7;1.1;0.9;0.3;38.3;47.5;4.8;3.9;44.3;38.9;0.9;0.8;0.0;0.3;0.6;0.5;0.3;0.2;0.0;0.3;0.0;0.2,32.02,0.07,0.0,2.77,14.42,0.0,2099.0,1318.0,4,16,,,,,,,,,,,,,,,,,,,,,,,,,,,,,,,,,,,,,,,,,,,,,,,,,,,,,,,,,,,,,
20,6,,,,,,,100,77,68,15,238.5,2730,10801,38,0,8.0,0.9;5.1;1.6;2.2;0.5;0.6;34.0;41.3;2.0;4.2;51.0;45.8;0.6;1.2;0.5;0.0;0.3;0.0;0.0;0.0;0.2;0.5;0.6;0.2,32.02,0.07,0.02,0.1,14.42,0.0,1953.0,1757.0,4,16,,,,,,,,,,,,,,,,,,,,,,,,,,,,,,,,,,,,,,,,,,,,,,,,,,,,,,,,,,,,,
20,7,,,,,,,98,81,67,16,239.8,2730,10801,38,0,8.2,0.9;2.6;2.2;1.6;0.5;0.2;40.8;42.3;4.1;5.6;47.5;44.6;0.8;0.9;0.0;0.0;0.0;0.0;0.0;0.0;0.0;0.0;0.6;0.3,32.02,0.07,0.0,0.07,14.42,0.0,1708.0,390.0,4,16,,,,,,,,,,,,,,,,,,,,,,,,,,,,,,,,,,,,,,,,,,,,,,,,,,,,,,,,,,,,,
20,8,,,,,,,100,77,68,15,234.4,2730,10801,38,0,8.3,1.6;5.2;2.5;1.7;0.8;1.4;48.1;44.0;5.9;5.9;49.3;28.5;0.9;0.8;0.2;0.0;0.0;0.0;0.2;0.0;0.5;0.8;0.5;0.2,32.02,0.07,0.0,0.03,14.42,0.0,55078.0,4589.0,4,16,,,,,,,,,,,,,,,,,,,,,,,,,,,,,,,,,,,,,,,,,,,,,,,,,,,,,,,,,,,,,
20,9,,,,,,,100,78,68,15,237.8,2730,10801,38,0,8.1,1.6;3.9;2.4;0.9;0.9;0.9;35.2;47.4;2.7;5.0;37.9;50.5;1.1;0.8;0.6;0.8;0.2;0.0;0.2;0.2;0.2;0.3;0.3;0.0,31.99,0.07,0.0,0.03,14.42,0.0,1074.0,634.0,4,16,,,,,,,,,,,,,,,,,,,,,,,,,,,,,,,,,,,,,,,,,,,,,,,,,,,,,,,,,,,,,
20,10,,,,,,,98,81,69,16,237.7,2730,10801,38,0,7.9,0.9;4.0;0.6;1.3;0.2;0.2;36.6;37.4;4.4;4.7;35.0;62.4;0.6;0.9;0.0;0.0;0.0;0.0;0.0;0.0;0.0;0.0;0.3;0.0,32.01,0.07,0.0,0.05,14.42,0.0,976.0,1611.0,4,16,,,,,,,,,,,,,,,,,,,,,,,,,,,,,,,,,,,,,,,,,,,,,,,,,,,,,,,,,,,,,
20,11,,,,,,,98,79,68,15,234.0,2730,10801,38,0,7.8,1.2;3.1;1.9;2.2;0.5;1.6;45.2;43.4;3.6;5.3;40.1;37.7;0.9;0.6;0.5;0.0;0.0;0.2;0.0;0.0;0.0;0.2;0.3;0.0,32.02,0.07,0.0,0.03,14.42,0.0,634.0,1953.0,4,16,,,,,,,,,,,,,,,,,,,,,,,,,,,,,,,,,,,,,,,,,,,,,,,,,,,,,,,,,,,,,
20,12,,,,,,,98,81,67,22,237.3,2730,10801,38,0,8.5,1.4;6.7;2.7;2.8;0.6;1.9;47.0;43.1;4.7;7.5;36.9;46.3;0.5;1.2;0.2;0.0;0.3;0.2;0.0;0.2;0.2;0.2;0.0;0.0,32.02,0.07,0.0,0.04,14.42,0.0,0.0,1806.0,4,16,,,,,,,,,,,,,,,,,,,,,,,,,,,,,,,,,,,,,,,,,,,,,,,,,,,,,,,,,,,,,
20,13,,,,,,,98,81,67,14,237.7,2730,10801,38,0,7.9,1.1;3.7;1.3;1.7;0.2;0.2;45.9;42.6;2.7;3.6;34.1;50.1;1.7;1.4;0.0;0.0;0.0;0.0;0.0;0.0;0.0;0.0;0.0;0.0,32.01,0.07,0.0,0.05,14.42,0.0,781.0,0.0,4,16,,,,,,,,,,,,,,,,,,,,,,,,,,,,,,,,,,,,,,,,,,,,,,,,,,,,,,,,,,,,,
20,14,,,,,,,98,77,67,14,234.5,2730,10801,38,0,8.2,2.6;5.1;1.1;1.2;0.2;1.1;61.6;33.7;3.3;6.1;40.4;37.2;0.8;0.8;0.0;0.2;0.0;0.2;0.0;0.2;0.3;0.2;0.0;0.2,32.02,0.07,0.0,0.05,14.42,0.0,1562.0,3076.0,4,16,,,,,,,,,,,,,,,,,,,,,,,,,,,,,,,,,,,,,,,,,,,,,,,,,,,,,,,,,,,,,
20,15,,,,,,,98,81,67,16,237.2,2730,10801,38,0,7.7,0.8;2.9;1.1;0.6;0.2;0.6;37.8;42.9;4.7;5.6;32.1;53.0;0.8;0.6;0.0;0.0;0.0;0.0;0.3;0.3;0.0;0.0;0.0;0.0,32.0,0.07,0.0,0.04,14.42,0.0,1416.0,97.0,4,16,,,,,,,,,,,,,,,,,,,,,,,,,,,,,,,,,,,,,,,,,,,,,,,,,,,,,,,,,,,,,
20,16,,,,,,,98,80,67,18,238.1,2730,10801,38,0,8.0,1.4;5.2;2.0;1.1;0.5;0.5;37.8;44.3;4.0;3.9;43.1;46.0;0.9;0.8;0.0;0.0;0.0;0.0;0.0;0.0;0.2;0.3;0.0;0.0,32.02,0.07,0.0,0.04,14.42,0.0,38818.0,130126.0,4,16,,,,,,,,,,,,,,,,,,,,,,,,,,,,,,,,,,,,,,,,,,,,,,,,,,,,,,,,,,,,,
20,17,,,,,,,98,81,67,20,237.1,2730,10801,38,0,8.3,1.4;4.7;1.9;2.0;0.9;1.2;55.0;47.0;8.1;6.6;35.5;30.7;0.9;0.8;0.2;0.2;0.2;0.0;0.0;0.3;0.2;0.0;0.5;0.2,32.0,0.07,0.0,0.05,14.42,0.0,2587.0,5468.0,4,16,,,,,,,,,,,,,,,,,,,,,,,,,,,,,,,,,,,,,,,,,,,,,,,,,,,,,,,,,,,,,
20,18,,,,,,,98,82,70,14,237.5,2730,10801,38,0,8.6,1.7;4.8;3.1;2.2;0.8;1.4;37.8;36.8;7.7;8.6;57.4;40.2;1.6;0.8;0.0;0.0;0.2;0.2;0.0;0.0;0.2;0.5;0.0;0.5,32.01,0.07,0.01,0.14,14.42,0.0,292.0,1708.0,4,16,,,,,,,,,,,,,,,,,,,,,,,,,,,,,,,,,,,,,,,,,,,,,,,,,,,,,,,,,,,,,
20,19,,,,,,,98,81,67,16,237.5,2730,10801,38,0,8.1,2.0;3.4;1.9;1.7;0.8;0.6;45.9;36.3;3.8;5.0;42.9;46.9;0.9;0.8;0.3;0.0;0.5;0.2;0.0;0.0;0.0;0.3;0.2;0.0,32.04,0.07,0.0,0.08,14.42,0.0,1123.0,1660.0,4,16,,,,,,,,,,,,,,,,,,,,,,,,,,,,,,,,,,,,,,,,,,,,,,,,,,,,,,,,,,,,,
20,20,,,,,,,98,75,69,16,237.5,2730,10801,38,0,8.1,1.6;3.2;3.0;1.9;0.6;0.9;49.5;34.5;3.4;5.4;45.0;40.4;0.9;0.8;0.2;0.0;0.5;0.8;0.2;0.0;0.0;0.2;0.2;0.0,32.03,0.07,0.0,0.02,14.42,0.0,1464.0,5224.0,4,16,,,,,,,,,,,,,,,,,,,,,,,,,,,,,,,,,,,,,,,,,,,,,,,,,,,,,,,,,,,,,
20,21,,,,,,,100,89,69,17,237.4,2730,10801,38,0,8.3,1.9;2.6;2.2;3.0;0.3;0.8;43.7;40.6;3.9;4.7;37.1;52.6;1.9;1.4;0.2;0.0;0.3;0.8;0.0;0.0;0.5;0.5;0.2;0.2,32.02,0.07,0.0,0.06,14.42,0.0,1416.0,0.0,4,16,,,,,,,,,,,,,,,,,,,,,,,,,,,,,,,,,,,,,,,,,,,,,,,,,,,,,,,,,,,,,
20,22,,,,,,,98,78,67,16,236.5,2730,10801,38,0,8.3,2.3;3.9;2.8;2.2;0.8;1.7;34.9;34.5;4.1;4.4;42.0;61.1;0.8;0.8;0.5;0.2;0.0;0.2;0.0;0.3;0.0;0.0;0.3;0.2,32.03,0.07,0.0,0.04,14.42,0.0,2197.0,1708.0,4,16,,,,,,,,,,,,,,,,,,,,,,,,,,,,,,,,,,,,,,,,,,,,,,,,,,,,,,,,,,,,,
20,23,,,,,,,98,79,68,20,237.3,2730,10801,38,0,7.8,0.8;2.9;1.4;0.3;0.8;0.9;45.1;33.6;4.5;4.4;48.5;41.6;1.1;0.5;0.0;0.0;0.2;0.0;0.0;0.0;0.2;0.0;0.2;0.0,32.02,0.07,0.0,0.02,14.42,0.0,20458.0,1416.0,4,16,,,,,,,,,,,,,,,,,,,,,,,,,,,,,,,,,,,,,,,,,,,,,,,,,,,,,,,,,,,,,
20,24,,,,,,,100,89,70,21,235.5,2730,10801,38,0,7.9,0.6;3.4;1.9;1.4;1.6;1.1;40.5;34.1;1.9;3.9;45.1;51.4;0.8;0.8;0.0;0.0;0.0;0.0;0.0;0.0;0.0;0.2;0.0;0.0,32.02,0.07,0.0,0.07,14.42,0.0,22802.0,16601.0,4,16,,,,,,,,,,,,,,,,,,,,,,,,,,,,,,,,,,,,,,,,,,,,,,,,,,,,,,,,,,,,,
20,25,,,,,,,100,88,68,15,237.7,2730,10801,38,0,8.2,1.1;4.0;2.3;1.3;0.9;0.6;45.4;49.3;4.2;3.8;36.7;43.0;0.6;0.6;0.0;0.0;0.0;0.2;0.0;0.3;0.2;0.8;0.0;0.3,32.02,0.07,0.0,0.03,14.42,0.0,244.0,10107.0,4,16,,,,,,,,,,,,,,,,,,,,,,,,,,,,,,,,,,,,,,,,,,,,,,,,,,,,,,,,,,,,,
20,26,,,,,,,98,78,68,14,236.9,2730,10801,38,0,8.0,1.1;3.7;1.4;1.1;0.5;0.5;44.8;38.6;6.1;2.7;44.0;44.4;0.8;0.8;0.0;0.0;0.0;0.5;0.2;0.0;0.0;0.5;0.2;0.2,32.01,0.07,0.0,0.06,14.42,0.0,1416.0,1416.0,4,16,,,,,,,,,,,,,,,,,,,,,,,,,,,,,,,,,,,,,,,,,,,,,,,,,,,,,,,,,,,,,
20,27,,,,,,,100,88,69,14,233.1,2730,10801,38,0,8.1,1.6;2.9;2.0;1.5;0.9;0.8;45.0;33.1;5.3;2.3;44.5;50.5;0.8;0.9;0.0;0.2;0.2;0.2;0.0;0.0;0.2;0.5;0.5;0.0,32.03,0.07,0.0,0.04,14.42,0.0,1855.0,0.0,4,16,,,,,,,,,,,,,,,,,,,,,,,,,,,,,,,,,,,,,,,,,,,,,,,,,,,,,,,,,,,,,
20,28,,,,,,,100,71,69,14,238.6,2730,10801,38,0,7.8,1.4;3.9;1.4;0.8;0.3;0.5;40.3;36.8;3.9;3.4;42.5;48.0;0.5;0.8;0.2;0.2;0.0;0.0;0.0;0.2;0.2;1.3;0.0;0.0,31.98,0.07,0.0,0.04,14.42,0.0,0.0,2099.0,4,16,,,,,,,,,,,,,,,,,,,,,,,,,,,,,,,,,,,,,,,,,,,,,,,,,,,,,,,,,,,,,
20,29,,,,,,,100,84,67,16,238.1,2730,10801,38,0,7.8,1.6;2.8;1.7;1.1;0.9;0.8;52.0;42.7;5.6;5.6;26.3;44.8;1.1;0.2;0.0;0.3;0.0;0.0;0.0;0.0;0.0;0.0;0.0;0.2,32.01,0.07,0.0,0.04,14.42,0.0,830.0,292.0,4,16,,,,,,,,,,,,,,,,,,,,,,,,,,,,,,,,,,,,,,,,,,,,,,,,,,,,,,,,,,,,,
20,30,,,,,,,100,79,66,18,234.9,2730,10801,38,0,6.2,2.0;2.9;1.4;1.4;0.2;0.8;30.3;26.8;1.9;3.1;30.6;44.8;0.8;0.6;0.2;0.0;0.2;0.0;0.0;0.0;0.2;0.8;0.2;0.5,32.02,0.07,0.0,0.05,14.42,0.0,292.0,40820.0,4,16,,,,,,,,,,,,,,,,,,,,,,,,,,,,,,,,,,,,,,,,,,,,,,,,,,,,,,,,,,,,,
20,31,,,,,,,99,79,68,17,236.5,2730,10801,38,0,5.8,0.7;3.2;2.5;2.0;1.2;2.0;21.9;28.3;4.2;2.5;43.5;24.7;0.7;0.0;0.0;0.0;0.0;0.5;0.2;0.0;0.2;0.0;1.0;0.5,32.01,0.07,0.0,0.03,14.42,0.0,1123.0,1464.0,4,16,,,,,,,,,,,,,,,,,,,,,,,,,,,,,,,,,,,,,,,,,,,,,,,,,,,,,,,,,,,,,
20,summary,0.3275925083920129,0.9874461457185277,0.2849006441434224,0.9988888888888889,0.00100000,313.7,,,,,,,,,,,,,,,,,,,,,,0,95.77,100,0,77.45,89,63,67.74,70,14,16.39,23,114.4,233.02,239.8,2730.5,10801.0,38.0,0,5.8,8.39,20.7,31.98,32.02,32.13,63.16,0.07,0.07,0.07,16.0,0.0,0.0,0.02,0.02,0.41,4.57,11.015,16.348,14.42,14.42,14.42,15.992,0.0,0.0,0.0,0.0,6114.13,55078.0,0.0,7999.45,130126.0,4,4.0,4,16,16.0,16,4,16,6.29,291.13
21,1,,,,,,,100,67,68,16,110.0,2745,10801,38,0,20.8,19.2;21.3;23.5;23.6;21.2;21.1;55.3;65.4;24.0;23.3;54.8;65.8;15.7;15.3;2.8;3.3;7.8;9.1;2.2;2.3;6.5;6.2;4.7;5.1,32.11,0.07,0.0,0.03,14.42,0.0,2148.0,6787.0,4,16,,,,,,,,,,,,,,,,,,,,,,,,,,,,,,,,,,,,,,,,,,,,,,,,,,,,,,,,,,,,,
21,2,,,,,,,100,60,70,18,237.6,2730,10801,38,0,8.3,3.3;5.6;4.4;2.7;0.8;0.9;45.9;29.2;3.1;6.9;42.8;49.9;1.3;0.8;0.2;0.0;0.3;0.3;0.2;0.2;0.0;0.0;0.0;0.0,32.08,0.07,0.0,4.96,14.42,0.0,0.0,1806.0,4,16,,,,,,,,,,,,,,,,,,,,,,,,,,,,,,,,,,,,,,,,,,,,,,,,,,,,,,,,,,,,,
21,3,,,,,,,100,55,70,15,238.2,2730,10801,38,0,8.4,2.0;5.4;1.4;3.3;0.3;0.9;59.4;38.4;4.4;4.5;41.6;36.5;0.6;0.8;0.0;0.5;0.0;0.0;0.2;0.0;0.2;0.0;0.3;0.0,32.06,0.07,0.0,2.24,14.42,0.0,8593.0,48.0,4,16,,,,,,,,,,,,,,,,,,,,,,,,,,,,,,,,,,,,,,,,,,,,,,,,,,,,,,,,,,,,,
21,4,,,,,,,100,55,71,15,238.2,2730,10801,38,0,8.1,1.4;4.6;2.5;1.9;0.5;0.6;47.9;37.0;3.0;3.6;35.5;54.1;0.6;0.6;0.3;0.0;0.2;0.0;0.2;0.0;0.0;0.0;0.0;0.0,32.05,0.07,0.0,1.56,14.42,0.0,1416.0,97.0,4,16,,,,,,,,,,,,,,,,,,,,,,,,,,,,,,,,,,,,,,,,,,,,,,,,,,,,,,,,,,,,,
21,5,,,,,,,100,53,69,17,237.2,2730,10801,38,0,8.2,1.4;4.3;1.4;1.6;1.7;1.4;37.0;41.7;3.6;4.2;44.3;50.2;0.9;0.8;0.0;0.2;0.0;0.0;0.0;0.0;0.0;0.3;0.3;0.0,32.02,0.07,0.0,2.56,14.42,0.0,1416.0,97.0,4,16,,,,,,,,,,,,,,,,,,,,,,,,,,,,,,,,,,,,,,,,,,,,,,,,,,,,,,,,,,,,,
21,6,,,,,,,100,62,71,15,239.2,2730,10801,38,0,7.9,0.8;3.7;1.1;1.9;1.3;1.6;42.6;51.1;3.3;6.6;35.6;37.4;0.5;0.9;0.2;0.3;0.2;0.0;0.0;0.0;0.6;0.2;0.3;0.6,32.02,0.07,0.0,0.05,14.42,0.0,0.0,1660.0,4,16,,,,,,,,,,,,,,,,,,,,,,,,,,,,,,,,,,,,,,,,,,,,,,,,,,,,,,,,,,,,,
21,7,,,,,,,100,60,70,21,238.1,2730,10801,38,0,7.9,0.8;2.6;1.3;1.4;0.9;0.5;33.6;42.0;3.9;4.1;44.0;52.7;0.6;0.5;0.0;0.0;0.0;0.0;0.0;0.0;0.0;0.0;0.0;0.0,32.03,0.07,0.0,0.04,14.42,0.0,1513.0,1513.0,4,16,,,,,,,,,,,,,,,,,,,,,,,,,,,,,,,,,,,,,,,,,,,,,,,,,,,,,,,,,,,,,
21,8,,,,,,,100,57,70,21,234.9,2730,10801,38,0,7.9,1.1;3.1;1.1;0.8;0.2;0.9;48.4;36.3;3.7;4.2;37.8;49.7;1.1;0.3;0.0;0.0;0.2;0.2;0.0;0.2;0.2;0.2;0.3;0.6,32.03,0.07,0.0,0.05,14.42,0.0,585.0,1416.0,4,16,,,,,,,,,,,,,,,,,,,,,,,,,,,,,,,,,,,,,,,,,,,,,,,,,,,,,,,,,,,,,
21,9,,,,,,,100,54,70,14,238.3,2730,10801,38,0,7.9,1.1;3.3;1.3;0.9;0.3;0.3;39.0;47.5;4.8;3.8;37.9;46.4;0.3;0.6;0.0;0.3;0.2;0.3;0.0;0.2;0.0;0.2;0.0;0.3,32.03,0.07,0.0,0.05,14.42,0.0,1123.0,1464.0,4,16,,,,,,,,,,,,,,,,,,,,,,,,,,,,,,,,,,,,,,,,,,,,,,,,,,,,,,,,,,,,,
21,10,,,,,,,100,65,70,15,239.0,2730,10801,38,0,7.9,0.8;2.5;1.3;0.9;0.0;0.5;39.3;38.3;3.1;4.8;33.9;60.3;0.8;0.6;0.2;0.0;0.2;0.0;0.0;0.0;0.3;0.5;0.9;0.8,32.04,0.07,0.0,0.02,14.42,0.0,927.0,1660.0,4,16,,,,,,,,,,,,,,,,,,,,,,,,,,,,,,,,,,,,,,,,,,,,,,,,,,,,,,,,,,,,,
21,11,,,,,,,100,56,70,16,233.6,2730,10801,38,0,8.6,3.3;6.3;2.8;4.0;0.6;0.8;38.5;40.4;3.9;3.9;37.6;58.7;0.8;1.2;0.0;0.9;0.0;0.2;0.2;0.2;0.5;0.2;0.3;0.9,32.02,0.07,0.0,0.04,14.42,0.0,341.0,1806.0,4,16,,,,,,,,,,,,,,,,,,,,,,,,,,,,,,,,,,,,,,,,,,,,,,,,,,,,,,,,,,,,,
21,12,,,,,,,100,62,69,20,238.1,2730,10801,38,0,7.9,1.9;2.9;2.2;2.2;0.6;1.1;53.8;26.2;3.9;6.9;38.7;47.2;0.8;0.9;0.0;0.0;0.3;0.0;0.2;0.0;0.0;0.0;0.0;0.5,32.04,0.07,0.0,0.02,14.42,0.0,3466.0,1367.0,4,16,,,,,,,,,,,,,,,,,,,,,,,,,,,,,,,,,,,,,,,,,,,,,,,,,,,,,,,,,,,,,
21,13,,,,,,,100,57,68,21,238.8,2730,10801,38,0,8.0,2.3;4.2;2.8;1.7;0.9;1.4;35.0;37.8;3.6;3.1;43.0;51.9;0.9;0.9;0.0;0.2;0.0;0.0;0.0;0.0;0.6;0.5;0.2;0.2,32.03,0.07,0.0,0.06,14.42,0.0,1171.0,97.0,4,16,,,,,,,,,,,,,,,,,,,,,,,,,,,,,,,,,,,,,,,,,,,,,,,,,,,,,,,,,,,,,
21,14,,,,,,,100,54,70,21,235.2,2730,10801,38,0,8.1,1.7;2.9;2.8;1.7;1.2;0.8;41.9;45.0;5.3;4.2;34.3;51.2;0.9;0.8;0.0;0.0;0.0;0.2;0.0;0.0;0.0;0.0;0.0;0.0,32.02,0.07,0.0,0.09,14.42,0.0,634.0,280664.0,4,16,,,,,,,,,,,,,,,,,,,,,,,,,,,,,,,,,,,,,,,,,,,,,,,,,,,,,,,,,,,,,
21,15,,,,,,,100,47,68,16,238.0,2730,10801,38,0,7.9,1.1;2.9;1.1;1.1;0.8;0.6;45.0;49.1;4.1;3.8;34.3;43.3;0.5;1.3;0.0;0.0;0.2;0.0;0.0;0.0;0.2;0.0;0.2;0.0,32.03,0.07,0.0,0.03,14.42,0.0,1416.0,1367.0,4,16,,,,,,,,,,,,,,,,,,,,,,,,,,,,,,,,,,,,,,,,,,,,,,,,,,,,,,,,,,,,,
21,16,,,,,,,100,50,69,16,238.1,2730,10801,38,0,8.0,1.1;3.1;1.2;0.8;0.9;0.9;44.2;38.5;5.3;4.7;35.0;53.7;0.9;0.6;0.0;0.2;0.0;0.2;0.2;0.3;0.0;0.2;0.3;0.5,32.02,0.07,0.0,0.05,14.42,0.0,2294.0,292.0,4,16,,,,,,,,,,,,,,,,,,,,,,,,,,,,,,,,,,,,,,,,,,,,,,,,,,,,,,,,,,,,,
21,17,,,,,,,100,52,71,15,237.2,2730,10801,38,0,8.1,0.8;3.9;1.9;1.9;1.1;0.5;53.5;39.8;5.3;4.8;38.5;40.5;0.5;0.8;0.0;0.0;0.2;0.0;0.0;0.0;0.2;0.2;0.2;0.0,32.01,0.07,0.0,0.04,14.42,0.0,34570.0,14013.0,4,16,,,,,,,,,,,,,,,,,,,,,,,,,,,,,,,,,,,,,,,,,,,,,,,,,,,,,,,,,,,,,
21,18,,,,,,,100,70,70,14,237.7,2730,10801,38,0,8.1,1.2;3.1;2.3;1.2;0.8;0.9;49.1;29.7;5.0;3.8;40.9;53.8;0.6;0.6;0.2;0.0;0.2;0.0;0.2;0.0;0.0;0.2;0.3;0.3,32.02,0.07,0.0,0.04,14.42,0.0,292.0,1660.0,4,16,,,,,,,,,,,,,,,,,,,,,,,,,,,,,,,,,,,,,,,,,,,,,,,,,,,,,,,,,,,,,
21,19,,,,,,,100,64,70,16,237.4,2730,10801,38,0,7.8,0.8;3.8;1.9;1.1;0.8;0.3;31.4;47.1;3.6;4.7;31.7;58.0;0.8;0.6;0.0;0.0;0.0;0.3;0.0;0.0;0.2;0.0;0.0;0.0,32.03,0.07,0.01,0.05,14.42,0.0,341.0,48.0,4,16,,,,,,,,,,,,,,,,,,,,,,,,,,,,,,,,,,,,,,,,,,,,,,,,,,,,,,,,,,,,,
21,20,,,,,,,100,67,70,16,237.2,2730,10801,38,0,7.7,1.1;2.3;1.4;0.6;0.6;0.8;38.6;41.1;5.1;5.3;36.0;50.6;0.6;0.3;0.0;0.0;0.2;0.0;0.0;0.0;0.0;0.0;0.3;0.0,32.02,0.07,0.0,0.03,14.42,0.0,2099.0,5566.0,4,16,,,,,,,,,,,,,,,,,,,,,,,,,,,,,,,,,,,,,,,,,,,,,,,,,,,,,,,,,,,,,
21,21,,,,,,,98,79,70,15,238.4,2730,10801,38,0,8.0,1.1;3.4;2.0;1.2;0.8;0.8;57.9;36.5;6.4;6.4;28.7;43.3;0.5;0.8;0.0;0.0;0.2;0.2;0.0;0.0;0.5;1.5;0.0;0.2,32.02,0.07,0.0,0.05,14.42,0.0,1123.0,1367.0,4,16,,,,,,,,,,,,,,,,,,,,,,,,,,,,,,,,,,,,,,,,,,,,,,,,,,,,,,,,,,,,,
21,22,,,,,,,98,78,69,16,237.3,2730,10801,38,0,7.9,2.3;4.5;1.6;1.1;0.2;0.5;49.1;41.4;4.7;2.2;32.0;48.1;0.9;0.3;0.0;0.0;0.2;0.2;0.0;0.0;0.2;0.2;0.2;0.0,32.02,0.07,0.0,0.05,14.42,0.0,15283.0,16406.0,4,16,,,,,,,,,,,,,,,,,,,,,,,,,,,,,,,,,,,,,,,,,,,,,,,,,,,,,,,,,,,,,
21,23,,,,,,,98,79,69,20,238.2,2730,10801,38,0,7.9,1.3;2.8;1.4;1.4;0.8;0.2;56.4;35.4;5.8;1.7;30.9;48.4;0.6;1.4;0.0;0.2;0.0;0.2;0.0;0.0;0.2;0.6;0.3;0.3,32.02,0.07,0.0,0.02,14.42,0.0,292.0,16601.0,4,16,,,,,,,,,,,,,,,,,,,,,,,,,,,,,,,,,,,,,,,,,,,,,,,,,,,,,,,,,,,,,
21,24,,,,,,,98,81,69,14,237.0,2730,10801,38,0,8.2,1.6;3.4;1.2;1.6;1.2;0.6;50.3;40.9;7.2;3.6;33.9;48.5;0.9;0.3;0.3;0.0;0.2;0.2;0.0;0.2;0.2;0.2;0.2;0.2,32.02,0.07,0.0,0.05,14.42,0.0,21533.0,17480.0,4,16,,,,,,,,,,,,,,,,,,,,,,,,,,,,,,,,,,,,,,,,,,,,,,,,,,,,,,,,,,,,,
21,25,,,,,,,98,78,69,16,238.4,2730,10801,38,0,7.9,1.1;2.6;1.4;0.3;0.8;0.5;47.8;32.0;4.2;4.1;41.2;50.6;0.5;1.4;0.2;0.0;0.0;0.0;0.0;0.0;0.5;0.0;0.2;0.0,32.03,0.07,0.0,0.04,14.42,0.0,1464.0,8105.0,4,16,,,,,,,,,,,,,,,,,,,,,,,,,,,,,,,,,,,,,,,,,,,,,,,,,,,,,,,,,,,,,
21,26,,,,,,,100,48,69,15,238.1,2730,10801,38,0,7.8,1.2;2.6;1.6;1.1;0.5;0.2;51.2;24.2;4.5;3.9;31.4;61.2;0.5;0.6;0.0;0.0;0.0;0.0;0.0;0.0;0.8;1.2;0.3;0.0,32.03,0.07,0.0,0.03,14.42,0.0,1464.0,0.0,4,16,,,,,,,,,,,,,,,,,,,,,,,,,,,,,,,,,,,,,,,,,,,,,,,,,,,,,,,,,,,,,
21,27,,,,,,,100,68,69,15,234.4,2730,10801,38,0,8.1,0.8;4.2;2.6;1.1;0.8;0.6;38.7;34.6;6.4;4.0;42.6;54.8;0.9;1.1;0.2;0.2;0.2;0.2;0.0;0.0;0.2;0.3;0.2;0.0,32.02,0.07,0.0,0.04,14.42,0.0,585.0,48.0,4,16,,,,,,,,,,,,,,,,,,,,,,,,,,,,,,,,,,,,,,,,,,,,,,,,,,,,,,,,,,,,,
21,28,,,,,,,100,55,70,16,238.7,2730,10801,38,0,8.0,1.4;4.5;2.8;1.7;0.2;0.2;32.4;36.6;4.8;4.9;40.4;59.9;1.1;0.6;0.0;0.0;0.2;0.0;0.0;0.0;0.0;0.2;0.0;0.0,32.02,0.07,0.0,0.03,14.42,0.0,1416.0,97.0,4,16,,,,,,,,,,,,,,,,,,,,,,,,,,,,,,,,,,,,,,,,,,,,,,,,,,,,,,,,,,,,,
21,29,,,,,,,100,50,70,14,238.0,2730,10801,38,0,8.2,1.6;5.4;3.1;1.6;1.9;1.4;42.2;30.8;5.0;4.5;36.9;58.1;0.8;1.3;0.0;0.3;0.3;0.3;0.2;0.0;0.2;0.5;0.2;0.2,32.01,0.07,0.0,0.04,14.42,0.0,0.0,1708.0,4,16,,,,,,,,,,,,,,,,,,,,,,,,,,,,,,,,,,,,,,,,,,,,,,,,,,,,,,,,,,,,,
21,30,,,,,,,100,52,70,14,234.1,2730,10801,38,0,5.9,0.3;1.6;2.2;0.9;0.6;0.6;39.2;21.5;3.9;2.7;30.6;36.7;0.3;0.0;0.0;0.0;0.0;0.0;0.2;0.0;0.0;0.2;0.0;0.0,32.01,0.07,0.0,0.02,14.42,0.0,0.0,1757.0,4,16,,,,,,,,,,,,,,,,,,,,,,,,,,,,,,,,,,,,,,,,,,,,,,,,,,,,,,,,,,,,,
21,31,,,,,,,100,73,70,15,238.1,2730,10801,38,0,5.8,1.0;3.1;2.4;2.0;1.0;0.2;20.8;57.7;3.9;2.7;25.0;16.2;0.2;0.2;0.0;0.2;0.0;0.0;0.0;0.0;0.0;0.7;0.7;0.2,32.02,0.07,0.0,0.05,14.42,0.0,537.0,1367.0,4,16,,,,,,,,,,,,,,,,,,,,,,,,,,,,,,,,,,,,,,,,,,,,,,,,,,,,,,,,,,,,,
21,summary,0.32689940376212984,0.98747802563145,0.2845713283220927,0.999,0.00100000,313.7,,,,,,,,,,,,,,,,,,,,,,98,99.68,100,47,61.55,81,68,69.61,71,14,16.39,21,110.0,233.31,239.2,2730.5,10801.0,38.0,0,5.8,8.3,20.8,32.01,32.03,32.11,63.16,0.07,0.07,0.07,16.0,0.0,0.0,0.01,0.02,0.4,4.96,11.015,16.348,14.42,14.42,14.42,15.992,0.0,0.0,0.0,0.0,3485.23,34570.0,0.0,12527.87,280664.0,4,4.0,4,16,16.0,16,4,16,6.29,291.14
22,1,,,,,,,100,86,65,16,121.4,2730,10801,38,0,21.0,19.2;21.9;24.1;22.3;20.2;21.4;60.1;60.0;23.5;25.6;62.8;57.0;13.7;13.0;4.6;4.4;9.2;9.5;3.3;2.2;6.5;7.2;5.6;5.2,32.13,0.07,0.0,0.05,14.42,0.0,2685.0,5517.0,4,16,,,,,,,,,,,,,,,,,,,,,,,,,,,,,,,,,,,,,,,,,,,,,,,,,,,,,,,,,,,,,
22,2,,,,,,,100,86,67,15,238.4,2730,10801,38,0,8.0,1.1;5.4;1.7;1.4;0.9;1.3;43.9;32.9;4.4;5.0;41.9;48.0;0.3;0.9;0.0;0.2;0.9;0.3;0.0;0.0;0.0;0.0;0.2;0.0,32.1,0.07,0.0,4.97,14.42,0.0,0.0,1708.0,4,16,,,,,,,,,,,,,,,,,,,,,,,,,,,,,,,,,,,,,,,,,,,,,,,,,,,,,,,,,,,,,
22,3,,,,,,,100,65,68,16,238.0,2730,10801,38,0,8.2,2.2;4.9;1.6;2.3;0.5;0.9;38.6;51.3;5.1;3.4;35.7;47.3;0.9;0.8;0.0;0.0;0.2;0.0;0.0;0.0;0.3;0.0;0.0;0.2,32.04,0.07,0.0,2.27,14.42,0.0,1416.0,1367.0,4,16,,,,,,,,,,,,,,,,,,,,,,,,,,,,,,,,,,,,,,,,,,,,,,,,,,,,,,,,,,,,,
22,4,,,,,,,100,77,70,21,238.3,2730,10801,38,0,8.4,1.1;4.0;2.0;1.6;0.8;0.3;34.4;38.3;5.6;5.2;58.5;47.2;0.6;1.1;0.2;0.2;0.0;0.2;0.0;0.0;0.5;0.0;0.6;0.0,32.06,0.07,0.0,1.55,14.42,0.0,976.0,195.0,4,16,,,,,,,,,,,,,,,,,,,,,,,,,,,,,,,,,,,,,,,,,,,,,,,,,,,,,,,,,,,,,
22,5,,,,,,,100,63,70,21,236.0,2730,10801,38,0,7.9,1.6;3.2;1.4;1.1;0.3;0.5;27.3;45.5;4.4;7.3;44.5;49.2;0.9;0.5;0.0;0.0;0.2;0.0;0.0;0.0;0.0;0.6;0.0;0.0,32.04,0.07,0.0,2.57,14.42,0.0,976.0,1562.0,4,16,,,,,,,,,,,,,,,,,,,,,,,,,,,,,,,,,,,,,,,,,,,,,,,,,,,,,,,,,,,,,
22,6,,,,,,,100,74,68,14,237.7,2730,10801,38,0,8.1,2.3;2.9;2.3;2.2;0.9;0.2;29.4;45.3;2.7;6.7;44.6;53.2;0.6;0.8;0.0;0.0;0.0;0.0;0.0;0.0;0.3;0.2;0.2;0.3,32.03,0.07,0.0,0.03,14.42,0.0,781.0,390.0,4,16,,,,,,,,,,,,,,,,,,,,,,,,,,,,,,,,,,,,,,,,,,,,,,,,,,,,,,,,,,,,,
22,7,,,,,,,100,75,68,14,239.0,2730,10801,38,0,8.1,1.2;3.8;0.9;2.8;0.9;0.5;38.5;40.8;3.3;4.8;40.5;52.8;0.8;0.6;0.0;0.0;0.0;0.0;0.0;0.0;0.0;0.0;0.6;0.0,32.03,0.07,0.0,0.02,14.42,0.0,3173.0,1416.0,4,16,,,,,,,,,,,,,,,,,,,,,,,,,,,,,,,,,,,,,,,,,,,,,,,,,,,,,,,,,,,,,
22,8,,,,,,,100,63,67,15,234.4,2730,10801,38,0,8.2,1.7;4.0;1.9;2.2;0.9;0.5;43.8;32.1;3.7;7.0;34.5;60.2;0.6;1.2;0.2;0.0;0.2;0.3;0.0;0.0;0.2;0.6;0.6;0.0,32.0,0.07,0.0,0.05,14.42,0.0,341.0,1464.0,4,16,,,,,,,,,,,,,,,,,,,,,,,,,,,,,,,,,,,,,,,,,,,,,,,,,,,,,,,,,,,,,
22,9,,,,,,,100,65,70,15,238.8,2730,10801,38,0,8.2,2.0;4.3;1.4;2.8;0.6;1.9;44.6;43.3;3.9;5.5;28.3;51.6;0.8;0.6;0.2;0.3;0.6;1.1;0.5;0.5;0.2;0.9;1.7;0.5,31.99,0.07,0.0,0.04,14.42,0.0,292.0,0.0,4,16,,,,,,,,,,,,,,,,,,,,,,,,,,,,,,,,,,,,,,,,,,,,,,,,,,,,,,,,,,,,,
22,10,,,,,,,100,79,69,15,238.2,2730,10801,38,0,8.3,2.2;5.7;1.6;1.7;1.3;1.7;38.7;51.6;4.2;4.4;43.1;37.3;0.5;0.9;0.3;0.2;0.6;0.3;0.3;0.5;0.2;0.3;0.3;0.2,32.01,0.07,0.0,0.05,14.42,0.0,38623.0,1708.0,4,16,,,,,,,,,,,,,,,,,,,,,,,,,,,,,,,,,,,,,,,,,,,,,,,,,,,,,,,,,,,,,
22,11,,,,,,,100,70,68,13,236.5,2730,10801,38,0,8.1,1.1;4.6;1.7;0.9;0.3;0.8;41.3;45.3;3.1;4.8;30.1;58.0;0.9;0.5;0.0;0.0;0.0;0.2;0.0;0.0;0.0;0.0;0.3;0.3,32.02,0.07,0.0,0.1,14.42,0.0,1416.0,3369.0,4,16,,,,,,,,,,,,,,,,,,,,,,,,,,,,,,,,,,,,,,,,,,,,,,,,,,,,,,,,,,,,,
22,12,,,,,,,100,67,70,13,238.3,2730,10801,39,0,7.9,1.3;3.9;2.2;1.6;0.0;0.5;37.0;46.6;3.3;4.7;38.1;49.0;0.3;0.6;0.0;0.0;0.0;0.0;0.0;0.2;0.0;0.0;0.0;0.2,32.02,0.07,0.01,0.07,14.42,0.0,1611.0,1855.0,4,16,,,,,,,,,,,,,,,,,,,,,,,,,,,,,,,,,,,,,,,,,,,,,,,,,,,,,,,,,,,,,
22,13,,,,,,,100,65,69,17,238.9,2730,10801,38,0,7.7,0.8;3.1;0.5;1.4;0.6;0.2;37.3;38.3;4.1;4.1;53.4;41.1;1.1;0.5;0.0;0.0;0.0;0.0;0.0;0.0;0.0;0.0;0.2;0.0,32.02,0.07,0.0,0.06,14.42,0.0,1464.0,0.0,4,16,,,,,,,,,,,,,,,,,,,,,,,,,,,,,,,,,,,,,,,,,,,,,,,,,,,,,,,,,,,,,
22,14,,,,,,,100,74,67,17,234.9,2730,10801,38,0,7.9,0.5;5.5;1.4;0.6;0.6;0.6;35.3;38.4;3.8;5.0;43.2;51.6;0.5;0.5;0.0;0.0;0.0;0.2;0.0;0.0;0.2;0.0;0.3;0.0,32.03,0.07,0.0,0.03,14.42,0.0,2050.0,3125.0,4,16,,,,,,,,,,,,,,,,,,,,,,,,,,,,,,,,,,,,,,,,,,,,,,,,,,,,,,,,,,,,,
22,15,,,,,,,100,59,68,15,238.2,2730,10801,39,0,8.2,1.6;4.6;0.9;1.6;0.8;0.5;31.1;34.5;2.8;7.2;52.6;54.2;0.9;1.1;0.2;0.2;0.2;0.2;0.2;0.0;0.0;0.0;0.5;0.5,32.02,0.07,0.0,0.05,14.42,0.0,1464.0,1464.0,4,16,,,,,,,,,,,,,,,,,,,,,,,,,,,,,,,,,,,,,,,,,,,,,,,,,,,,,,,,,,,,,
22,16,,,,,,,100,64,70,21,238.3,2730,10801,39,0,8.1,3.0;4.6;2.5;1.3;0.6;0.5;35.2;38.3;2.8;6.1;43.4;52.4;0.9;0.9;0.3;0.2;0.0;0.0;0.0;0.0;0.0;0.0;0.2;0.2,32.03,0.07,0.0,0.06,14.42,0.0,292.0,390.0,4,16,,,,,,,,,,,,,,,,,,,,,,,,,,,,,,,,,,,,,,,,,,,,,,,,,,,,,,,,,,,,,
22,17,,,,,,,100,60,70,15,237.7,2730,10801,38,0,8.3,2.6;4.6;3.7;2.0;0.6;0.5;46.4;44.7;4.0;4.2;28.9;50.4;1.4;1.2;0.5;0.5;0.0;0.6;0.2;0.2;0.5;1.2;0.3;0.8,32.02,0.07,0.0,0.08,14.42,0.0,1318.0,6835.0,4,16,,,,,,,,,,,,,,,,,,,,,,,,,,,,,,,,,,,,,,,,,,,,,,,,,,,,,,,,,,,,,
22,18,,,,,,,100,89,67,14,238.7,2730,10801,38,0,8.1,1.4;5.8;2.2;3.1;0.5;0.9;35.8;35.8;4.8;5.9;30.5;65.7;0.8;0.5;0.2;0.0;0.0;0.0;0.2;0.2;0.0;0.0;0.3;0.2,32.01,0.07,0.0,0.04,14.42,0.0,1953.0,1464.0,4,16,,,,,,,,,,,,,,,,,,,,,,,,,,,,,,,,,,,,,,,,,,,,,,,,,,,,,,,,,,,,,
22,19,,,,,,,100,86,70,15,237.3,2730,10801,38,0,7.9,1.4;2.6;1.6;1.2;0.9;0.6;46.3;42.3;4.1;5.5;30.8;49.8;0.6;0.3;0.2;0.0;0.0;0.0;0.0;0.0;0.0;0.0;0.0;0.0,32.01,0.07,0.0,0.06,14.42,0.0,2294.0,1562.0,4,16,,,,,,,,,,,,,,,,,,,,,,,,,,,,,,,,,,,,,,,,,,,,,,,,,,,,,,,,,,,,,
22,20,,,,,,,98,79,68,17,237.4,2730,10801,39,0,8.0,1.5;4.0;2.5;1.1;0.8;1.4;58.8;28.1;4.8;3.1;36.8;45.9;0.8;1.1;0.2;0.0;0.2;0.0;0.2;0.0;0.3;0.2;0.3;0.5,32.0,0.07,0.0,0.02,14.42,0.0,1562.0,5419.0,4,16,,,,,,,,,,,,,,,,,,,,,,,,,,,,,,,,,,,,,,,,,,,,,,,,,,,,,,,,,,,,,
22,21,,,,,,,100,85,71,14,237.9,2730,10801,38,0,7.8,2.7;3.7;2.8;2.8;0.0;0.8;45.4;21.0;2.8;4.8;42.4;56.6;0.9;0.9;0.0;0.0;0.0;0.0;0.0;0.0;0.0;0.0;0.0;0.3,32.02,0.07,0.0,0.04,14.42,0.0,1464.0,1416.0,4,16,,,,,,,,,,,,,,,,,,,,,,,,,,,,,,,,,,,,,,,,,,,,,,,,,,,,,,,,,,,,,
22,22,,,,,,,86,69,69,14,236.1,2730,10801,38,0,8.2,1.7;4.0;2.3;2.5;0.0;0.6;38.1;44.7;7.5;5.8;43.0;43.0;0.8;0.8;0.0;0.0;0.0;0.2;0.0;0.0;0.3;0.2;0.2;0.2,32.01,0.07,0.0,0.04,14.42,0.0,292.0,341.0,4,16,,,,,,,,,,,,,,,,,,,,,,,,,,,,,,,,,,,,,,,,,,,,,,,,,,,,,,,,,,,,,
22,23,,,,,,,100,76,70,16,238.4,2730,10801,39,0,8.1,1.9;4.5;2.0;1.9;0.3;0.8;46.6;29.4;6.7;4.4;31.7;61.4;0.8;1.1;0.0;0.0;0.0;0.2;0.2;0.0;0.0;0.3;0.2;0.5,32.01,0.07,0.0,0.04,14.42,0.0,25146.0,105566.0,4,16,,,,,,,,,,,,,,,,,,,,,,,,,,,,,,,,,,,,,,,,,,,,,,,,,,,,,,,,,,,,,
22,24,,,,,,,100,73,70,13,235.1,2730,10801,38,0,7.8,1.1;3.4;1.6;1.1;0.6;0.6;47.8;41.8;4.7;2.3;34.6;45.4;0.6;0.6;0.0;0.0;0.3;0.2;0.2;0.0;0.0;0.8;0.3;0.0,32.02,0.07,0.0,0.04,14.42,0.0,4150.0,33984.0,4,16,,,,,,,,,,,,,,,,,,,,,,,,,,,,,,,,,,,,,,,,,,,,,,,,,,,,,,,,,,,,,
22,25,,,,,,,100,74,71,13,237.8,2730,10801,38,0,8.2,1.3;5.2;1.4;1.9;0.5;0.8;57.7;38.7;4.7;4.1;39.8;35.0;0.9;1.1;1.6;1.4;0.2;0.2;0.2;0.2;0.2;0.0;0.0;0.2,31.99,0.07,0.0,0.04,14.42,0.0,1123.0,1416.0,4,16,,,,,,,,,,,,,,,,,,,,,,,,,,,,,,,,,,,,,,,,,,,,,,,,,,,,,,,,,,,,,
22,26,,,,,,,100,76,71,16,239.0,2730,10801,38,0,8.4,1.4;5.6;2.5;2.8;0.9;2.0;51.0;45.9;3.4;5.3;32.6;44.5;0.6;1.1;0.0;0.2;0.2;0.3;0.0;0.0;0.2;0.8;0.0;0.0,32.01,0.07,0.0,0.03,14.42,0.0,1757.0,390.0,4,16,,,,,,,,,,,,,,,,,,,,,,,,,,,,,,,,,,,,,,,,,,,,,,,,,,,,,,,,,,,,,
22,27,,,,,,,100,78,70,15,235.3,2730,10801,39,0,7.8,1.2;4.2;1.4;2.2;0.8;0.3;41.2;27.8;4.1;7.3;35.3;60.0;0.8;0.8;0.0;0.2;0.0;0.0;0.0;0.0;0.0;0.0;0.0;0.0,31.99,0.07,0.0,0.04,14.42,0.0,146.0,1757.0,4,16,,,,,,,,,,,,,,,,,,,,,,,,,,,,,,,,,,,,,,,,,,,,,,,,,,,,,,,,,,,,,
22,28,,,,,,,100,71,70,15,239.8,2730,10801,38,0,8.4,1.4;5.4;2.3;2.0;0.8;1.1;51.1;40.7;3.8;4.7;38.0;46.1;0.5;0.9;0.2;0.2;0.0;0.0;0.0;0.2;0.2;0.2;1.1;1.6,32.01,0.07,0.0,0.05,14.42,0.0,2539.0,1416.0,4,16,,,,,,,,,,,,,,,,,,,,,,,,,,,,,,,,,,,,,,,,,,,,,,,,,,,,,,,,,,,,,
22,29,,,,,,,100,89,67,16,238.7,2730,10801,38,0,7.7,1.4;2.5;1.1;1.4;0.3;0.6;45.9;37.0;4.7;2.2;32.6;54.3;0.5;0.6;0.2;0.0;0.0;0.0;0.0;0.0;0.0;0.0;0.0;0.0,32.0,0.07,0.0,0.04,14.42,0.0,927.0,1953.0,4,16,,,,,,,,,,,,,,,,,,,,,,,,,,,,,,,,,,,,,,,,,,,,,,,,,,,,,,,,,,,,,
22,30,,,,,,,100,85,66,15,235.3,2730,10801,38,0,6.1,0.5;2.9;1.2;0.6;0.5;0.9;35.9;22.7;3.7;3.7;36.8;35.7;0.5;0.6;0.0;0.0;0.3;0.0;0.2;0.0;0.2;0.0;0.0;0.0,32.01,0.07,0.0,0.04,14.42,0.0,292.0,2197.0,4,16,,,,,,,,,,,,,,,,,,,,,,,,,,,,,,,,,,,,,,,,,,,,,,,,,,,,,,,,,,,,,
22,31,,,,,,,98,83,70,16,237.9,2730,10801,39,0,5.4,0.5;1.0;1.5;0.0;0.2;0.7;53.3;34.4;0.5;3.9;13.0;22.0;0.0;0.0;0.0;0.0;0.0;0.0;0.0;0.0;0.0;0.0;0.0;0.0,32.01,0.07,0.0,0.04,14.42,0.0,1416.0,48.0,4,16,,,,,,,,,,,,,,,,,,,,,,,,,,,,,,,,,,,,,,,,,,,,,,,,,,,,,,,,,,,,,
22,summary,0.3258197631919394,0.987789993350761,0.284387277285258,0.9991111111111111,0.00100000,313.5,,,,,,,,,,,,,,,,,,,,,,86,99.42,100,59,74.35,89,65,68.84,71,13,15.55,21,121.4,233.8,239.8,2730.0,10801.0,38.2,0,5.4,8.34,21.0,31.99,32.02,32.13,63.16,0.07,0.07,0.07,16.0,0.0,0.0,0.01,0.02,0.41,4.97,11.015,16.348,14.42,14.42,14.42,15.992,0.0,0.0,0.0,0.0,3352.87,38623.0,0.0,6170.77,105566.0,4,4.0,4,16,16.0,16,4,16,6.21,291.11
23,1,,,,,,,0,0,59,18,136.7,2745,10801,39,0,21.0,20.2;21.0;22.1;23.1;19.5;20.5;69.4;54.7;25.6;23.5;56.2;62.9;15.7;14.8;3.6;2.6;9.5;8.9;3.1;2.7;6.9;6.2;6.1;6.2,32.12,0.07,0.0,0.03,14.42,0.0,1708.0,355810.0,4,16,,,,,,,,,,,,,,,,,,,,,,,,,,,,,,,,,,,,,,,,,,,,,,,,,,,,,,,,,,,,,
23,2,,,,,,,100,83,66,17,239.2,2730,10801,38,0,8.0,1.6;2.9;1.7;1.9;0.8;0.5;45.9;36.8;3.4;3.0;42.6;46.8;0.8;0.9;0.0;0.0;0.3;0.2;0.2;0.0;0.0;0.6;0.0;0.3,32.09,0.07,0.0,4.59,14.42,0.0,1025.0,1660.0,4,16,,,,,,,,,,,,,,,,,,,,,,,,,,,,,,,,,,,,,,,,,,,,,,,,,,,,,,,,,,,,,
23,3,,,,,,,100,62,67,15,238.1,2730,10801,38,0,8.1,1.1;4.9;2.4;3.8;0.5;0.8;43.1;34.3;3.6;5.6;40.3;52.0;0.6;0.9;0.0;0.3;0.2;0.2;0.0;0.3;0.0;0.5;0.0;0.2,32.07,0.07,0.0,2.35,14.42,0.0,488.0,1660.0,4,16,,,,,,,,,,,,,,,,,,,,,,,,,,,,,,,,,,,,,,,,,,,,,,,,,,,,,,,,,,,,,
23,4,,,,,,,100,70,70,16,237.3,2730,10801,38,0,7.8,1.1;1.1;1.6;0.8;0.8;0.3;35.1;45.3;3.6;6.3;44.2;45.5;0.6;0.5;0.0;0.0;0.0;0.0;0.0;0.0;0.0;0.0;0.0;0.0,32.06,0.07,0.01,1.69,14.42,0.0,3076.0,1367.0,4,16,,,,,,,,,,,,,,,,,,,,,,,,,,,,,,,,,,,,,,,,,,,,,,,,,,,,,,,,,,,,,
23,5,,,,,,,100,65,68,13,235.2,2730,10801,39,0,8.0,1.9;5.6;1.1;1.6;0.6;0.2;46.7;48.5;3.6;3.3;41.3;35.0;0.3;0.5;0.3;0.2;0.0;0.0;0.0;0.0;0.5;0.5;0.0;0.2,32.03,0.07,0.0,2.79,14.42,0.0,1123.0,1513.0,4,16,,,,,,,,,,,,,,,,,,,,,,,,,,,,,,,,,,,,,,,,,,,,,,,,,,,,,,,,,,,,,
23,6,,,,,,,100,61,69,16,238.3,2730,10801,38,0,7.8,0.6;3.5;1.1;1.4;0.5;0.5;43.9;42.5;2.5;6.2;45.6;37.3;0.8;0.5;0.0;0.0;0.0;0.0;0.0;0.0;0.0;0.0;0.0;0.0,32.03,0.07,0.0,0.07,14.42,0.0,976.0,1562.0,4,16,,,,,,,,,,,,,,,,,,,,,,,,,,,,,,,,,,,,,,,,,,,,,,,,,,,,,,,,,,,,,
23,7,,,,,,,100,74,69,16,238.0,2730,10801,38,0,8.0,1.6;4.2;2.0;1.4;0.6;0.6;33.8;43.7;3.6;5.1;48.8;41.7;0.6;0.6;0.0;0.2;0.3;0.6;0.0;0.3;0.0;0.3;0.0;0.5,32.04,0.07,0.0,0.02,14.42,0.0,23730.0,4101.0,4,16,,,,,,,,,,,,,,,,,,,,,,,,,,,,,,,,,,,,,,,,,,,,,,,,,,,,,,,,,,,,,
23,8,,,,,,,100,63,71,14,234.7,2730,10801,38,0,8.0,1.2;3.8;1.2;1.6;0.2;0.5;49.1;50.9;7.0;6.1;36.2;31.0;0.8;0.8;0.0;0.0;0.0;0.2;0.0;0.0;0.0;0.0;0.0;0.2,32.03,0.07,0.0,0.05,14.42,0.0,18408.0,17187.0,4,16,,,,,,,,,,,,,,,,,,,,,,,,,,,,,,,,,,,,,,,,,,,,,,,,,,,,,,,,,,,,,
23,9,,,,,,,100,75,69,15,237.6,2730,10801,38,0,7.8,0.5;4.0;0.5;0.9;0.6;0.3;56.0;37.5;3.4;4.7;39.3;38.2;0.6;0.6;0.0;0.0;0.0;0.0;0.0;0.0;0.0;0.3;0.3;0.0,32.03,0.07,0.16,0.38,14.42,0.0,1123.0,33496.0,4,16,,,,,,,,,,,,,,,,,,,,,,,,,,,,,,,,,,,,,,,,,,,,,,,,,,,,,,,,,,,,,
23,10,,,,,,,100,61,70,13,238.7,2730,10801,38,0,7.9,1.4;3.3;1.6;1.3;0.9;0.8;51.4;37.8;3.9;4.2;32.4;48.8;0.6;0.3;0.0;0.2;0.2;0.0;0.0;0.0;0.0;0.0;0.2;0.9,32.03,0.07,0.0,0.02,14.42,0.0,2880.0,6542.0,4,16,,,,,,,,,,,,,,,,,,,,,,,,,,,,,,,,,,,,,,,,,,,,,,,,,,,,,,,,,,,,,
23,11,,,,,,,100,80,68,13,235.0,2730,10801,39,0,8.0,1.1;3.2;1.2;1.2;0.6;0.2;54.5;47.0;4.7;4.2;37.0;34.1;0.3;1.2;0.0;0.2;0.2;0.0;0.0;0.3;0.0;0.2;0.2;0.3,32.02,0.07,0.0,0.06,14.42,0.0,927.0,244.0,4,16,,,,,,,,,,,,,,,,,,,,,,,,,,,,,,,,,,,,,,,,,,,,,,,,,,,,,,,,,,,,,
23,12,,,,,,,100,83,69,15,239.3,2730,10801,38,0,8.3,1.9;4.8;2.2;1.3;0.9;1.4;48.4;34.2;6.3;5.9;29.4;60.1;0.9;0.6;0.2;0.2;0.2;0.0;0.0;0.3;0.3;0.3;0.0;0.2,32.05,0.07,0.0,0.03,14.42,0.0,3027.0,21044.0,4,16,,,,,,,,,,,,,,,,,,,,,,,,,,,,,,,,,,,,,,,,,,,,,,,,,,,,,,,,,,,,,
23,13,,,,,,,100,89,69,15,238.7,2730,10801,39,0,8.0,1.7;4.1;2.3;2.3;1.1;0.5;42.1;33.3;5.3;3.6;48.2;46.8;0.5;0.8;0.0;0.0;0.2;0.0;0.0;0.0;0.0;0.0;0.0;0.0,32.02,0.07,0.0,0.06,14.42,0.0,3076.0,1416.0,4,16,,,,,,,,,,,,,,,,,,,,,,,,,,,,,,,,,,,,,,,,,,,,,,,,,,,,,,,,,,,,,
23,14,,,,,,,100,75,71,15,236.4,2730,10801,38,0,8.3,1.1;6.2;5.1;2.7;0.3;0.9;61.3;33.8;3.4;8.1;34.6;38.0;0.8;1.1;0.2;0.0;0.2;0.0;0.2;0.2;0.2;0.2;0.3;0.2,32.02,0.07,0.0,0.04,14.42,0.0,2001.0,1464.0,4,16,,,,,,,,,,,,,,,,,,,,,,,,,,,,,,,,,,,,,,,,,,,,,,,,,,,,,,,,,,,,,
23,15,,,,,,,100,76,72,17,240.0,2730,10801,39,0,8.4,1.1;4.0;1.7;2.7;1.3;0.9;45.0;55.4;4.1;5.6;35.6;41.1;0.9;0.8;0.2;0.0;0.0;0.0;0.2;0.0;0.0;0.0;0.3;0.0,32.03,0.07,0.0,0.02,14.42,0.0,2734.0,1464.0,4,16,,,,,,,,,,,,,,,,,,,,,,,,,,,,,,,,,,,,,,,,,,,,,,,,,,,,,,,,,,,,,
23,16,,,,,,,100,86,69,12,240.1,2730,10801,39,0,8.2,1.9;5.2;1.7;2.3;0.6;0.6;29.3;41.9;4.1;5.8;41.1;60.1;0.8;0.5;0.0;0.3;0.2;0.0;0.0;0.0;0.3;0.0;0.2;0.0,32.02,0.07,0.0,0.07,14.42,0.0,341.0,439.0,4,16,,,,,,,,,,,,,,,,,,,,,,,,,,,,,,,,,,,,,,,,,,,,,,,,,,,,,,,,,,,,,
23,17,,,,,,,100,85,68,15,238.9,2730,10801,39,0,7.9,1.1;3.5;2.0;1.4;0.5;0.8;42.3;44.9;5.8;4.7;34.4;46.5;0.3;0.9;0.0;0.0;0.3;0.2;0.0;0.0;0.0;0.0;0.0;0.0,32.04,0.07,0.0,0.03,14.42,0.0,2929.0,5419.0,4,16,,,,,,,,,,,,,,,,,,,,,,,,,,,,,,,,,,,,,,,,,,,,,,,,,,,,,,,,,,,,,
23,18,,,,,,,100,88,69,14,239.4,2730,10801,39,0,8.3,2.2;4.0;2.5;1.4;0.3;1.1;48.3;47.3;4.2;5.0;35.2;42.1;0.9;0.9;0.2;0.2;0.2;0.0;0.2;0.2;0.2;0.0;2.3;1.3,32.04,0.07,0.0,0.05,14.42,0.0,292.0,439.0,4,16,,,,,,,,,,,,,,,,,,,,,,,,,,,,,,,,,,,,,,,,,,,,,,,,,,,,,,,,,,,,,
23,19,,,,,,,100,89,70,16,239.3,2730,10801,39,0,8.3,1.9;4.0;2.5;2.5;1.1;0.3;41.2;32.2;4.7;4.5;45.3;54.8;0.8;0.5;0.0;0.2;0.2;0.3;0.2;0.2;0.5;0.5;0.3;0.6,32.03,0.07,0.0,0.04,14.42,0.0,976.0,1953.0,4,16,,,,,,,,,,,,,,,,,,,,,,,,,,,,,,,,,,,,,,,,,,,,,,,,,,,,,,,,,,,,,
23,20,,,,,,,98,78,69,13,237.5,2730,10801,38,0,8.1,1.7;3.9;2.6;1.2;1.2;0.3;60.7;35.1;5.8;5.0;24.8;50.9;0.3;0.8;0.0;0.0;0.2;0.0;0.0;0.0;0.2;0.0;0.3;0.0,32.03,0.07,0.0,0.05,14.42,0.0,25000.0,18408.0,4,16,,,,,,,,,,,,,,,,,,,,,,,,,,,,,,,,,,,,,,,,,,,,,,,,,,,,,,,,,,,,,
23,21,,,,,,,100,85,68,12,238.8,2730,10801,39,0,7.9,1.1;4.6;1.2;1.7;0.3;0.3;60.1;37.3;5.8;4.3;30.2;40.4;0.6;0.6;0.0;0.0;0.0;0.0;0.0;0.0;0.0;0.0;0.2;0.0,32.03,0.07,0.0,0.05,14.42,0.0,683.0,1904.0,4,16,,,,,,,,,,,,,,,,,,,,,,,,,,,,,,,,,,,,,,,,,,,,,,,,,,,,,,,,,,,,,
23,22,,,,,,,100,89,68,14,238.9,2730,10801,39,0,7.9,1.2;5.1;2.0;1.6;0.6;0.5;51.4;30.5;4.1;3.0;26.3;58.1;1.1;0.8;0.5;0.6;0.5;0.0;0.2;0.3;0.3;0.0;0.0;0.3,32.03,0.07,0.0,0.02,14.42,0.0,976.0,634.0,4,16,,,,,,,,,,,,,,,,,,,,,,,,,,,,,,,,,,,,,,,,,,,,,,,,,,,,,,,,,,,,,
23,23,,,,,,,100,87,72,13,238.3,2730,10801,39,0,7.8,1.1;3.4;1.2;1.3;0.6;1.2;59.1;32.6;4.2;2.5;33.9;43.7;0.5;0.8;0.0;0.0;0.0;0.0;0.0;0.0;0.0;0.0;0.3;0.0,32.04,0.07,0.0,0.05,14.42,0.0,0.0,2001.0,4,16,,,,,,,,,,,,,,,,,,,,,,,,,,,,,,,,,,,,,,,,,,,,,,,,,,,,,,,,,,,,,
23,24,,,,,,,100,73,69,14,236.5,2730,10801,39,0,8.1,1.3;1.6;1.6;1.1;0.3;0.3;47.6;38.8;5.9;7.0;34.3;51.3;1.1;0.8;0.3;0.0;0.0;0.3;0.2;0.0;0.2;0.2;0.2;0.0,32.03,0.07,0.0,0.09,14.42,0.0,976.0,585.0,4,16,,,,,,,,,,,,,,,,,,,,,,,,,,,,,,,,,,,,,,,,,,,,,,,,,,,,,,,,,,,,,
23,25,,,,,,,100,88,67,16,238.9,2730,10801,39,0,8.1,1.6;2.9;2.5;3.6;0.5;0.5;35.0;45.7;5.6;3.1;46.6;45.1;0.2;0.6;0.5;0.0;0.2;0.0;0.2;0.0;0.5;0.3;0.0;0.2,32.04,0.07,0.0,0.03,14.42,0.0,585.0,1367.0,4,16,,,,,,,,,,,,,,,,,,,,,,,,,,,,,,,,,,,,,,,,,,,,,,,,,,,,,,,,,,,,,
23,26,,,,,,,100,86,68,13,239.2,2730,10801,39,0,7.9,1.1;4.9;1.1;1.4;0.6;0.5;64.7;30.7;3.8;4.9;26.2;46.4;0.5;0.6;0.0;0.2;0.2;0.2;0.2;0.0;0.2;0.2;0.3;0.2,32.03,0.07,0.0,0.05,14.42,0.0,1220.0,1562.0,4,16,,,,,,,,,,,,,,,,,,,,,,,,,,,,,,,,,,,,,,,,,,,,,,,,,,,,,,,,,,,,,
23,27,,,,,,,100,79,68,13,234.4,2730,10801,39,0,8.0,1.4;4.0;2.2;2.2;0.5;1.1;48.4;43.4;5.8;3.3;37.7;39.0;0.6;0.6;0.5;0.0;0.0;0.0;0.0;0.2;0.0;0.3;0.0;0.0,32.03,0.07,0.0,0.03,14.42,0.0,439.0,1806.0,4,16,,,,,,,,,,,,,,,,,,,,,,,,,,,,,,,,,,,,,,,,,,,,,,,,,,,,,,,,,,,,,
23,28,,,,,,,100,86,68,16,238.0,2730,10801,39,0,8.5,1.1;3.4;3.0;2.3;0.8;0.8;41.3;40.0;5.6;7.2;31.6;63.7;0.6;0.5;0.2;0.0;0.0;0.0;0.2;0.0;0.0;0.0;0.3;0.2,32.03,0.07,0.0,0.07,14.42,0.0,292.0,1953.0,4,16,,,,,,,,,,,,,,,,,,,,,,,,,,,,,,,,,,,,,,,,,,,,,,,,,,,,,,,,,,,,,
23,29,,,,,,,100,86,72,15,237.8,2730,10801,39,0,7.8,1.4;4.2;2.2;1.7;1.4;0.5;59.4;32.1;7.5;5.0;29.3;40.8;0.9;0.5;0.2;0.0;0.2;0.3;0.2;0.2;0.0;0.3;0.2;0.3,32.01,0.07,0.0,0.06,14.42,0.0,1123.0,1367.0,4,16,,,,,,,,,,,,,,,,,,,,,,,,,,,,,,,,,,,,,,,,,,,,,,,,,,,,,,,,,,,,,
23,30,,,,,,,100,87,73,16,235.3,2730,10801,39,0,6.5,1.1;2.6;2.3;1.7;0.5;1.1;47.1;32.1;4.4;3.0;32.8;23.2;0.2;0.5;0.0;0.0;0.2;0.0;0.2;0.0;0.9;0.6;0.2;0.2,32.03,0.07,0.0,0.02,14.42,0.0,292.0,244.0,4,16,,,,,,,,,,,,,,,,,,,,,,,,,,,,,,,,,,,,,,,,,,,,,,,,,,,,,,,,,,,,,
23,31,,,,,,,98,78,70,16,238.2,2730,10801,39,0,5.4,0.0;3.9;0.7;1.2;0.2;1.5;44.6;12.5;2.0;1.5;21.9;39.7;0.2;0.0;0.0;0.0;0.0;0.0;0.0;0.0;0.2;0.0;0.0;0.0,32.02,0.07,0.0,0.05,14.42,0.0,1708.0,0.0,4,16,,,,,,,,,,,,,,,,,,,,,,,,,,,,,,,,,,,,,,,,,,,,,,,,,,,,,,,,,,,,,
23,summary,0.32469484019316613,0.988302349094155,0.2847082879278395,0.9991111111111111,0.00100000,313.3,,,,,,,,,,,,,,,,,,,,,,0,96.65,100,0,76.35,89,59,68.87,73,12,14.71,18,136.7,234.6,240.1,2730.5,10801.0,38.6,0,5.4,8.33,21.0,32.01,32.04,32.12,63.16,0.07,0.07,0.07,16.0,0.0,0.01,0.16,0.02,0.42,4.59,11.015,16.348,14.42,14.42,14.42,15.992,0.0,0.0,0.0,0.0,3359.16,25000.0,0.0,15826.16,355810.0,4,4.0,4,16,16.0,16,4,16,5.99,291.17
24,1,,,,,,,0,0,59,17,125.8,2745,10801,39,0,21.1,17.4;21.5;23.1;23.3;21.4;21.4;63.2;55.3;27.3;25.0;65.2;59.4;15.0;14.9;3.6;3.9;8.1;8.5;3.4;3.3;6.5;5.8;4.5;4.8,32.1,0.07,0.0,0.04,14.42,0.0,2099.0,5664.0,4,16,,,,,,,,,,,,,,,,,,,,,,,,,,,,,,,,,,,,,,,,,,,,,,,,,,,,,,,,,,,,,
24,2,,,,,,,100,65,69,17,237.7,2730,10801,39,0,8.2,1.6;3.7;2.0;1.7;1.1;0.8;39.0;37.3;4.7;3.9;42.2;52.5;3.0;1.4;0.3;0.0;0.0;0.5;0.2;0.0;0.0;0.3;0.2;0.0,32.08,0.07,0.0,2.88,14.42,0.0,1513.0,1367.0,4,16,,,,,,,,,,,,,,,,,,,,,,,,,,,,,,,,,,,,,,,,,,,,,,,,,,,,,,,,,,,,,
24,3,,,,,,,98,78,69,15,237.2,2730,10801,39,0,8.4,1.7;3.0;2.0;2.2;0.9;0.8;55.0;55.7;4.2;5.5;30.2;33.7;0.9;1.1;0.5;0.0;0.2;0.5;0.3;0.3;0.2;0.0;1.4;0.8,32.07,0.07,0.0,1.81,14.42,0.0,341.0,732.0,4,16,,,,,,,,,,,,,,,,,,,,,,,,,,,,,,,,,,,,,,,,,,,,,,,,,,,,,,,,,,,,,
24,4,,,,,,,98,81,68,15,238.5,2730,10801,39,0,7.6,1.1;3.3;0.9;0.9;0.2;0.6;44.2;37.6;3.4;3.1;47.3;38.6;1.1;0.5;0.3;0.3;0.0;0.0;0.0;0.0;0.0;0.0;0.2;0.0,32.04,0.07,0.0,2.97,14.42,0.0,1660.0,1464.0,4,16,,,,,,,,,,,,,,,,,,,,,,,,,,,,,,,,,,,,,,,,,,,,,,,,,,,,,,,,,,,,,
24,5,,,,,,,98,81,69,15,236.2,2730,10801,39,0,8.2,0.9;2.0;1.7;1.6;0.6;1.4;46.3;35.9;4.8;8.6;45.6;41.7;1.1;0.6;0.6;0.3;0.5;0.3;0.0;0.0;0.2;0.2;0.3;0.2,32.01,0.07,0.0,0.15,14.42,0.0,537.0,341.0,4,16,,,,,,,,,,,,,,,,,,,,,,,,,,,,,,,,,,,,,,,,,,,,,,,,,,,,,,,,,,,,,
24,6,,,,,,,98,80,68,18,237.5,2730,10801,39,0,8.1,1.1;4.2;1.9;1.1;0.3;0.3;44.3;43.6;4.5;4.2;40.6;45.4;0.8;0.3;0.0;0.0;0.3;0.2;0.2;0.2;0.2;0.6;0.0;0.2,32.02,0.07,0.0,0.06,14.42,0.0,1171.0,1562.0,4,16,,,,,,,,,,,,,,,,,,,,,,,,,,,,,,,,,,,,,,,,,,,,,,,,,,,,,,,,,,,,,
24,7,,,,,,,98,79,67,15,238.1,2730,10801,39,0,8.0,1.3;3.6;1.7;2.0;0.8;2.3;42.1;52.5;3.6;4.9;39.9;36.8;0.6;0.9;0.0;0.0;0.0;0.0;0.0;0.0;0.0;0.2;0.0;0.2,32.01,0.07,0.0,0.02,14.42,0.0,244.0,1904.0,4,16,,,,,,,,,,,,,,,,,,,,,,,,,,,,,,,,,,,,,,,,,,,,,,,,,,,,,,,,,,,,,
24,8,,,,,,,98,80,67,13,233.3,2730,10801,39,0,7.8,0.9;4.0;0.8;1.4;0.5;0.8;33.7;37.1;4.5;6.7;50.5;44.9;0.8;0.6;0.0;0.0;0.3;0.2;0.0;0.0;0.0;0.0;0.3;0.0,31.98,0.07,0.0,0.1,14.42,0.0,341.0,1757.0,4,16,,,,,,,,,,,,,,,,,,,,,,,,,,,,,,,,,,,,,,,,,,,,,,,,,,,,,,,,,,,,,
24,9,,,,,,,98,79,67,15,238.2,2730,10801,39,0,8.2,1.9;4.6;0.8;1.7;0.8;0.5;57.1;51.2;3.6;5.5;35.0;30.5;0.6;1.1;0.2;0.0;0.5;0.5;0.2;0.0;0.2;0.3;0.6;0.5,32.02,0.07,0.0,0.04,14.42,0.0,1220.0,1416.0,4,16,,,,,,,,,,,,,,,,,,,,,,,,,,,,,,,,,,,,,,,,,,,,,,,,,,,,,,,,,,,,,
24,10,,,,,,,98,79,72,20,238.2,2730,10801,39,0,7.9,0.8;3.2;1.4;1.2;0.0;0.2;52.2;30.6;4.2;5.3;47.7;39.2;0.8;0.6;0.0;0.0;0.0;0.2;0.0;0.0;0.0;0.6;0.3;0.3,32.01,0.07,0.0,0.05,14.42,0.0,1416.0,4833.0,4,16,,,,,,,,,,,,,,,,,,,,,,,,,,,,,,,,,,,,,,,,,,,,,,,,,,,,,,,,,,,,,
24,11,,,,,,,98,78,67,18,233.3,2730,10801,39,0,8.2,2.2;4.2;2.2;2.0;0.3;0.9;44.9;39.6;4.2;4.5;39.3;51.2;0.8;0.9;0.0;0.0;0.2;0.2;0.0;0.0;0.0;0.3;0.0;0.2,32.01,0.07,0.0,0.03,14.42,0.0,1464.0,97.0,4,16,,,,,,,,,,,,,,,,,,,,,,,,,,,,,,,,,,,,,,,,,,,,,,,,,,,,,,,,,,,,,
24,12,,,,,,,98,78,67,13,238.0,2730,10801,39,0,8.0,1.7;3.7;0.9;1.9;0.8;2.0;55.5;42.1;3.1;4.1;35.0;37.4;1.6;0.8;0.3;0.3;0.3;0.0;0.0;0.0;0.0;0.2;0.0;0.0,32.03,0.07,0.01,0.07,14.42,0.0,292.0,1708.0,4,16,,,,,,,,,,,,,,,,,,,,,,,,,,,,,,,,,,,,,,,,,,,,,,,,,,,,,,,,,,,,,
24,13,,,,,,,99,77,71,14,238.5,2730,10801,39,0,8.4,1.2;3.7;1.9;2.8;0.5;1.1;47.7;40.0;4.4;6.1;38.0;48.4;1.2;1.3;0.2;0.0;0.8;0.8;0.0;0.2;0.0;0.0;0.0;0.2,32.01,0.07,0.0,0.03,14.42,0.0,1123.0,1416.0,4,16,,,,,,,,,,,,,,,,,,,,,,,,,,,,,,,,,,,,,,,,,,,,,,,,,,,,,,,,,,,,,
24,14,,,,,,,100,76,71,15,236.7,2730,10801,39,0,8.0,0.8;4.0;2.0;2.5;1.1;0.9;47.9;46.4;3.0;5.8;23.8;48.4;1.4;0.9;0.0;0.0;0.5;0.8;0.0;0.0;0.3;0.6;0.0;0.3,32.0,0.07,0.0,0.04,14.42,0.0,1171.0,0.0,4,16,,,,,,,,,,,,,,,,,,,,,,,,,,,,,,,,,,,,,,,,,,,,,,,,,,,,,,,,,,,,,
24,15,,,,,,,98,79,70,14,238.9,2730,10801,39,0,7.8,0.9;5.4;0.5;1.7;0.6;0.3;43.7;31.5;3.3;5.3;29.4;61.4;0.8;0.9;0.2;0.0;0.0;0.2;0.0;0.0;0.2;0.2;0.0;0.0,32.0,0.07,0.0,0.06,14.42,0.0,537.0,0.0,4,16,,,,,,,,,,,,,,,,,,,,,,,,,,,,,,,,,,,,,,,,,,,,,,,,,,,,,,,,,,,,,
24,16,,,,,,,98,78,71,19,237.7,2730,10801,39,0,8.1,1.1;3.3;1.7;1.4;0.5;0.5;36.4;37.7;3.4;6.1;36.6;60.2;1.1;0.6;1.1;1.1;0.0;0.2;0.0;0.2;0.2;0.0;0.0;0.2,32.02,0.07,0.0,0.03,14.42,0.0,1171.0,97.0,4,16,,,,,,,,,,,,,,,,,,,,,,,,,,,,,,,,,,,,,,,,,,,,,,,,,,,,,,,,,,,,,
24,17,,,,,,,100,79,70,13,238.4,2730,10801,39,0,8.0,1.1;3.9;1.4;1.6;0.5;0.5;49.2;32.2;2.2;4.5;27.7;63.5;0.9;0.9;0.2;0.2;0.0;0.0;0.0;0.0;0.5;0.3;0.3;0.3,31.99,0.07,0.0,0.03,14.42,0.0,1562.0,5859.0,4,16,,,,,,,,,,,,,,,,,,,,,,,,,,,,,,,,,,,,,,,,,,,,,,,,,,,,,,,,,,,,,
24,18,,,,,,,100,77,71,16,239.0,2730,10801,39,0,8.0,1.4;3.1;1.6;1.4;0.5;0.9;39.2;39.2;3.3;5.0;43.4;48.8;0.8;1.1;0.0;0.0;0.3;0.5;0.2;0.0;0.0;0.6;0.3;0.0,32.02,0.07,0.0,0.03,14.42,0.0,341.0,1367.0,4,16,,,,,,,,,,,,,,,,,,,,,,,,,,,,,,,,,,,,,,,,,,,,,,,,,,,,,,,,,,,,,
24,19,,,,,,,100,70,71,15,237.8,2730,10801,39,0,7.9,1.1;1.9;1.4;2.0;1.4;1.2;35.9;41.7;7.2;4.1;41.1;47.2;0.5;0.9;0.2;0.3;0.2;0.0;0.0;0.0;0.2;0.3;0.6;0.5,32.02,0.07,0.0,0.02,14.42,0.0,16210.0,1562.0,4,16,,,,,,,,,,,,,,,,,,,,,,,,,,,,,,,,,,,,,,,,,,,,,,,,,,,,,,,,,,,,,
24,20,,,,,,,100,72,70,16,238.3,2730,10801,39,0,7.8,1.9;2.0;3.4;3.0;0.9;0.8;42.0;37.9;3.0;3.9;34.7;52.6;0.6;0.8;0.0;0.2;0.2;0.0;0.0;0.0;0.0;0.0;0.3;0.2,32.02,0.07,0.0,0.05,14.42,0.0,9814.0,100146.0,4,16,,,,,,,,,,,,,,,,,,,,,,,,,,,,,,,,,,,,,,,,,,,,,,,,,,,,,,,,,,,,,
24,21,,,,,,,98,79,70,16,238.6,2730,10801,39,0,7.9,1.1;3.4;1.2;2.8;1.1;0.6;47.3;40.1;4.5;5.6;33.9;45.2;1.1;1.2;0.0;0.3;0.0;0.5;0.2;0.0;0.0;0.0;0.2;0.0,32.01,0.07,0.0,0.05,14.42,0.0,18896.0,15185.0,4,16,,,,,,,,,,,,,,,,,,,,,,,,,,,,,,,,,,,,,,,,,,,,,,,,,,,,,,,,,,,,,
24,22,,,,,,,98,77,71,12,238.8,2730,10801,39,0,8.4,1.9;4.0;2.5;3.1;1.1;1.7;48.0;40.7;4.7;7.4;30.9;52.0;1.6;0.9;0.2;0.0;0.0;0.2;0.2;0.0;0.2;0.2;0.6;0.3,32.13,0.07,0.0,0.05,14.42,0.0,3271.0,104589.0,4,16,,,,,,,,,,,,,,,,,,,,,,,,,,,,,,,,,,,,,,,,,,,,,,,,,,,,,,,,,,,,,
24,23,,,,,,,98,78,71,13,238.6,2730,10801,39,0,8.7,2.4;4.5;4.2;2.0;1.1;0.6;31.9;54.8;6.6;2.8;36.2;55.2;1.1;1.1;0.0;0.3;0.3;0.3;0.9;0.9;0.2;0.3;0.5;0.2,32.09,0.07,0.02,0.4,14.42,0.0,976.0,8691.0,4,16,,,,,,,,,,,,,,,,,,,,,,,,,,,,,,,,,,,,,,,,,,,,,,,,,,,,,,,,,,,,,
24,24,,,,,,,98,79,70,15,236.7,2730,10801,39,0,8.0,1.2;4.9;0.8;1.7;0.2;1.1;40.8;44.7;4.8;5.3;31.6;52.3;1.6;0.3;0.0;0.0;0.0;0.2;0.0;0.0;0.0;0.5;0.2;0.0,32.09,0.07,0.01,0.12,14.42,0.0,1074.0,1318.0,4,16,,,,,,,,,,,,,,,,,,,,,,,,,,,,,,,,,,,,,,,,,,,,,,,,,,,,,,,,,,,,,
24,25,,,,,,,100,77,72,14,237.9,2730,10801,39,0,7.9,0.8;4.3;1.7;1.6;0.8;0.6;54.4;30.0;3.4;5.5;26.4;58.3;0.8;0.9;0.0;0.2;0.0;0.2;0.0;0.2;0.2;0.2;0.5;0.0,32.09,0.07,0.0,0.14,14.42,0.0,341.0,1660.0,4,16,,,,,,,,,,,,,,,,,,,,,,,,,,,,,,,,,,,,,,,,,,,,,,,,,,,,,,,,,,,,,
24,26,,,,,,,100,76,71,19,238.9,2730,10801,39,0,8.2,0.5;3.9;2.5;1.7;1.1;1.7;44.2;34.9;5.2;6.1;32.0;60.7;1.4;0.8;0.0;0.2;0.0;0.2;0.2;0.2;0.0;0.2;0.0;0.2,32.09,0.07,0.05,0.22,14.42,0.0,1123.0,1318.0,4,16,,,,,,,,,,,,,,,,,,,,,,,,,,,,,,,,,,,,,,,,,,,,,,,,,,,,,,,,,,,,,
24,27,,,,,,,100,50,71,12,235.3,2730,10801,39,0,8.0,0.8;3.4;0.8;1.1;0.5;0.3;43.7;27.8;3.9;6.1;42.5;58.4;0.8;0.8;0.0;0.2;0.0;0.2;0.0;0.0;0.0;0.0;0.0;0.2,32.1,0.07,0.0,0.09,14.42,0.0,781.0,0.0,4,16,,,,,,,,,,,,,,,,,,,,,,,,,,,,,,,,,,,,,,,,,,,,,,,,,,,,,,,,,,,,,
24,28,,,,,,,100,54,72,16,239.0,2730,10801,39,0,8.0,0.9;5.4;2.2;1.7;1.1;0.9;36.9;42.5;4.7;3.8;34.7;53.4;0.8;0.8;0.0;0.0;0.2;0.0;0.0;0.0;0.9;0.9;0.5;0.0,32.06,0.07,0.0,0.04,14.42,0.0,341.0,1806.0,4,16,,,,,,,,,,,,,,,,,,,,,,,,,,,,,,,,,,,,,,,,,,,,,,,,,,,,,,,,,,,,,
24,29,,,,,,,100,54,71,15,238.7,2730,10801,39,0,8.2,1.6;2.8;3.4;3.4;1.4;2.0;44.1;39.0;7.0;5.6;32.7;50.1;0.9;0.9;0.0;0.0;0.0;0.2;0.0;0.0;0.0;0.8;0.0;0.3,32.05,0.07,0.0,0.08,14.42,0.0,1660.0,48.0,4,16,,,,,,,,,,,,,,,,,,,,,,,,,,,,,,,,,,,,,,,,,,,,,,,,,,,,,,,,,,,,,
24,30,,,,,,,100,60,71,16,233.8,2730,10801,39,0,6.0,0.5;2.3;1.2;1.2;0.9;1.6;35.4;53.7;3.4;2.8;30.7;9.0;0.3;0.2;0.0;0.0;0.0;0.3;0.2;0.0;0.0;0.3;0.0;0.2,32.04,0.07,0.0,0.05,14.42,0.0,585.0,1416.0,4,16,,,,,,,,,,,,,,,,,,,,,,,,,,,,,,,,,,,,,,,,,,,,,,,,,,,,,,,,,,,,,
24,31,,,,,,,100,84,68,16,237.7,2730,10801,39,0,5.3,0.0;1.9;1.0;1.2;0.0;0.0;24.8;22.0;2.0;2.4;27.6;43.6;0.2;0.2;0.0;0.0;0.0;0.0;0.0;0.0;0.0;0.0;0.0;0.0,32.04,0.07,0.0,0.02,14.42,0.0,2343.0,1367.0,4,16,,,,,,,,,,,,,,,,,,,,,,,,,,,,,,,,,,,,,,,,,,,,,,,,,,,,,,,,,,,,,
24,summary,0.3236496642024142,0.9887942106078134,0.2843658656809065,0.9993333333333333,0.00100000,313.4,,,,,,,,,,,,,,,,,,,,,,0,95.71,100,0,72.06,84,59,69.42,72,12,15.39,20,125.8,233.91,239.0,2730.5,10801.0,39.0,0,5.3,8.33,21.1,31.98,32.04,32.13,63.16,0.07,0.07,0.07,16.0,0.0,0.0,0.05,0.02,0.32,2.97,11.015,16.348,14.42,14.42,14.42,15.992,0.0,0.0,0.0,244.0,2439.29,18896.0,0.0,8731.94,104589.0,4,4.0,4,16,16.0,16,4,16,5.95,291.18
25,1,,,,,,,100,56,68,16,103.2,2745,10801,39,0,20.4,17.5;21.0;21.7;21.7;21.8;21.1;70.1;56.8;24.5;23.7;54.1;58.3;13.7;13.6;2.9;2.8;7.3;9.5;3.1;2.4;5.7;6.8;4.6;5.8,32.17,0.07,0.01,0.08,14.42,0.0,12988.0,195.0,4,16,,,,,,,,,,,,,,,,,,,,,,,,,,,,,,,,,,,,,,,,,,,,,,,,,,,,,,,,,,,,,
25,2,,,,,,,100,61,70,21,238.2,2730,10801,39,0,8.0,1.6;4.0;2.8;2.2;1.6;1.6;46.9;39.3;3.1;4.2;45.7;37.3;0.6;1.2;0.0;0.2;0.0;0.2;0.0;0.5;0.0;0.5;0.0;0.0,32.08,0.07,0.0,4.6,14.42,0.0,878.0,1562.0,4,16,,,,,,,,,,,,,,,,,,,,,,,,,,,,,,,,,,,,,,,,,,,,,,,,,,,,,,,,,,,,,
25,3,,,,,,,100,64,70,14,238.2,2730,10801,39,0,8.2,1.4;3.1;2.0;2.4;0.6;0.6;39.0;45.3;4.1;5.8;41.5;49.8;0.9;0.5;0.0;0.0;0.2;0.0;0.0;0.0;0.0;0.0;0.0;0.0,32.03,0.07,0.0,2.35,14.42,0.0,781.0,0.0,4,16,,,,,,,,,,,,,,,,,,,,,,,,,,,,,,,,,,,,,,,,,,,,,,,,,,,,,,,,,,,,,
25,4,,,,,,,100,74,70,14,237.4,2730,10801,39,0,8.0,1.7;4.3;1.7;2.2;0.6;1.1;34.4;50.4;2.3;4.2;44.5;41.2;1.1;0.8;0.0;0.0;0.0;0.0;0.0;0.2;1.6;0.2;0.3;0.2,31.99,0.07,0.0,1.64,14.42,0.0,0.0,1806.0,4,16,,,,,,,,,,,,,,,,,,,,,,,,,,,,,,,,,,,,,,,,,,,,,,,,,,,,,,,,,,,,,
25,5,,,,,,,100,63,71,15,237.3,2730,10801,39,0,8.1,1.1;4.9;0.9;1.4;0.9;0.6;42.5;37.3;2.8;7.0;46.7;43.8;0.6;1.1;0.3;0.2;0.2;0.2;0.0;0.6;0.5;0.6;0.3;0.9,31.98,0.07,0.0,2.78,14.42,0.0,1464.0,97.0,4,16,,,,,,,,,,,,,,,,,,,,,,,,,,,,,,,,,,,,,,,,,,,,,,,,,,,,,,,,,,,,,
25,6,,,,,,,100,77,69,20,237.8,2730,10801,39,0,9.5,3.0;6.0;5.3;3.7;2.8;1.3;46.6;44.9;9.4;6.2;33.6;52.2;1.9;1.4;0.6;0.3;0.5;0.3;0.5;0.6;1.9;3.0;0.5;0.6,32.0,0.07,0.0,0.03,14.42,0.0,341.0,1562.0,4,16,,,,,,,,,,,,,,,,,,,,,,,,,,,,,,,,,,,,,,,,,,,,,,,,,,,,,,,,,,,,,
25,7,,,,,,,100,76,69,13,238.2,2730,10801,39,0,7.9,0.9;3.9;1.9;1.9;1.1;0.5;49.0;37.0;3.9;3.9;43.4;40.8;0.6;0.9;0.2;0.3;0.2;0.3;0.0;0.0;0.2;0.0;0.3;0.2,32.01,0.07,0.0,0.07,14.42,0.0,1416.0,0.0,4,16,,,,,,,,,,,,,,,,,,,,,,,,,,,,,,,,,,,,,,,,,,,,,,,,,,,,,,,,,,,,,
25,8,,,,,,,100,75,69,15,236.4,2730,10801,39,0,7.9,0.8;2.3;0.9;0.8;0.9;1.1;45.2;43.6;5.8;5.9;41.4;38.6;0.6;0.5;0.0;0.0;0.0;0.0;0.0;0.0;0.0;0.0;0.0;0.2,32.0,0.07,0.0,0.03,14.42,0.0,1416.0,1367.0,4,16,,,,,,,,,,,,,,,,,,,,,,,,,,,,,,,,,,,,,,,,,,,,,,,,,,,,,,,,,,,,,
25,9,,,,,,,100,76,69,15,239.1,2730,10801,39,0,8.6,2.0;4.3;3.3;2.5;0.6;0.9;53.4;34.0;5.9;4.5;35.8;55.1;0.8;0.9;0.2;0.2;0.2;0.2;0.2;0.2;0.3;0.5;0.3;0.2,32.04,0.07,0.02,0.18,14.42,0.0,488.0,1416.0,4,16,,,,,,,,,,,,,,,,,,,,,,,,,,,,,,,,,,,,,,,,,,,,,,,,,,,,,,,,,,,,,
25,10,,,,,,,100,75,69,15,238.7,2730,10801,39,0,8.0,1.2;3.4;1.4;2.0;0.9;0.6;47.7;28.8;4.1;4.7;41.9;52.9;0.5;0.6;0.2;0.2;0.2;0.0;0.0;0.0;0.0;0.0;0.0;0.2,32.03,0.07,0.01,0.04,14.42,0.0,1464.0,48.0,4,16,,,,,,,,,,,,,,,,,,,,,,,,,,,,,,,,,,,,,,,,,,,,,,,,,,,,,,,,,,,,,
25,11,,,,,,,100,65,70,16,235.3,2730,10801,39,0,7.8,1.4;3.7;1.7;1.4;0.3;0.8;31.2;37.3;4.1;5.3;38.5;60.4;0.5;0.8;0.0;0.0;0.2;0.2;0.3;0.0;0.0;0.0;0.0;0.0,32.02,0.07,0.0,0.05,14.42,0.0,976.0,1562.0,4,16,,,,,,,,,,,,,,,,,,,,,,,,,,,,,,,,,,,,,,,,,,,,,,,,,,,,,,,,,,,,,
25,12,,,,,,,100,77,69,13,239.3,2730,10801,39,0,8.1,1.6;3.4;1.4;2.3;0.5;0.0;46.6;37.2;3.3;5.8;37.1;52.6;0.6;0.8;0.0;0.0;0.0;0.3;0.0;0.0;0.3;0.3;0.3;0.0,32.01,0.07,0.02,0.1,14.42,0.0,7226.0,1611.0,4,16,,,,,,,,,,,,,,,,,,,,,,,,,,,,,,,,,,,,,,,,,,,,,,,,,,,,,,,,,,,,,
25,13,,,,,,,100,79,67,16,239.5,2730,10801,39,0,8.0,0.9;4.5;1.9;1.7;0.8;0.2;41.3;45.1;4.4;6.9;29.9;52.6;0.8;0.3;0.0;0.0;0.0;0.0;0.0;0.0;0.0;0.0;0.0;0.0,32.02,0.07,0.0,0.1,14.42,0.0,1416.0,146.0,4,16,,,,,,,,,,,,,,,,,,,,,,,,,,,,,,,,,,,,,,,,,,,,,,,,,,,,,,,,,,,,,
25,14,,,,,,,100,72,70,15,235.5,2730,10801,39,0,8.3,2.2;4.3;2.2;2.7;0.8;0.6;37.3;44.3;4.5;3.1;49.6;43.6;0.5;1.2;0.2;0.2;0.2;0.0;0.0;0.0;0.5;0.3;0.5;0.2,32.01,0.07,0.0,0.04,14.42,0.0,1904.0,5615.0,4,16,,,,,,,,,,,,,,,,,,,,,,,,,,,,,,,,,,,,,,,,,,,,,,,,,,,,,,,,,,,,,
25,15,,,,,,,100,54,69,18,238.6,2730,10801,39,0,7.8,0.9;3.7;1.2;0.5;0.6;0.5;36.2;40.1;3.8;2.5;42.2;52.7;0.8;0.5;0.0;0.0;0.6;0.0;0.0;0.0;0.0;0.3;0.0;0.0,32.01,0.07,0.0,0.08,14.42,0.0,537.0,439.0,4,16,,,,,,,,,,,,,,,,,,,,,,,,,,,,,,,,,,,,,,,,,,,,,,,,,,,,,,,,,,,,,
25,16,,,,,,,100,63,68,13,238.5,2730,10801,39,0,7.9,0.8;4.7;1.6;1.4;0.6;0.8;54.7;39.6;5.8;4.1;32.8;39.1;1.2;1.2;0.2;0.0;0.0;0.2;0.2;0.0;0.3;0.0;0.0;0.0,32.0,0.07,0.0,0.08,14.42,0.0,4492.0,97.0,4,16,,,,,,,,,,,,,,,,,,,,,,,,,,,,,,,,,,,,,,,,,,,,,,,,,,,,,,,,,,,,,
25,17,,,,,,,100,57,68,14,237.9,2730,10801,39,0,8.0,0.6;2.8;1.2;1.4;0.9;0.6;55.3;36.3;3.4;5.6;31.1;49.8;0.6;0.6;0.0;0.3;0.0;0.3;0.0;0.3;0.2;0.2;0.0;0.3,31.99,0.07,0.0,0.04,14.42,0.0,21582.0,6689.0,4,16,,,,,,,,,,,,,,,,,,,,,,,,,,,,,,,,,,,,,,,,,,,,,,,,,,,,,,,,,,,,,
25,18,,,,,,,100,75,69,14,236.9,2730,10801,39,0,7.8,0.9;3.7;1.9;0.9;1.1;2.5;40.7;26.1;4.7;3.3;42.0;57.2;0.6;0.6;0.0;0.0;0.2;0.0;0.0;0.2;0.2;0.0;0.3;0.0,31.97,0.07,0.0,0.04,14.42,0.0,2197.0,1757.0,4,16,,,,,,,,,,,,,,,,,,,,,,,,,,,,,,,,,,,,,,,,,,,,,,,,,,,,,,,,,,,,,
25,19,,,,,,,100,77,70,13,238.6,2730,10801,39,0,8.0,1.7;3.9;1.9;1.7;0.6;0.3;50.8;38.9;6.4;4.1;31.8;49.3;0.8;0.3;0.0;0.2;0.0;0.0;0.0;0.0;0.0;0.3;0.2;0.6,31.99,0.07,0.0,0.03,14.42,0.0,7324.0,114990.0,4,16,,,,,,,,,,,,,,,,,,,,,,,,,,,,,,,,,,,,,,,,,,,,,,,,,,,,,,,,,,,,,
25,20,,,,,,,100,83,69,16,239.5,2730,10801,39,0,7.9,1.6;4.5;2.0;1.1;0.5;0.6;47.3;30.7;3.4;4.4;30.0;61.3;0.9;0.6;0.3;0.0;0.0;0.0;0.2;0.2;0.0;0.3;0.2;0.0,31.97,0.07,0.0,0.04,14.42,0.0,634.0,1708.0,4,16,,,,,,,,,,,,,,,,,,,,,,,,,,,,,,,,,,,,,,,,,,,,,,,,,,,,,,,,,,,,,
25,21,,,,,,,100,72,70,19,239.3,2730,10801,39,0,8.1,1.4;4.6;2.3;0.8;0.8;0.5;28.0;35.7;6.6;3.9;50.2;55.2;0.9;0.8;0.0;0.0;0.5;0.2;0.0;0.0;0.5;0.2;0.6;0.2,31.99,0.07,0.0,0.04,14.42,0.0,0.0,1708.0,4,16,,,,,,,,,,,,,,,,,,,,,,,,,,,,,,,,,,,,,,,,,,,,,,,,,,,,,,,,,,,,,
25,22,,,,,,,100,85,68,14,238.9,2730,10801,39,0,8.0,1.2;4.0;2.3;1.4;0.5;0.8;49.5;34.6;4.4;4.5;42.6;40.8;0.8;0.9;0.2;0.2;0.3;0.2;0.3;0.2;0.2;0.3;0.5;0.2,31.99,0.07,0.0,0.02,14.42,0.0,2099.0,1660.0,4,16,,,,,,,,,,,,,,,,,,,,,,,,,,,,,,,,,,,,,,,,,,,,,,,,,,,,,,,,,,,,,
25,23,,,,,,,100,86,68,15,239.1,2730,10801,39,0,8.1,1.4;1.9;2.5;1.3;0.6;0.6;32.4;50.0;4.2;4.8;37.4;51.7;0.9;0.5;0.3;0.0;0.0;0.0;0.2;0.0;0.3;0.3;0.6;0.6,31.99,0.07,0.0,0.04,14.42,0.0,634.0,5224.0,4,16,,,,,,,,,,,,,,,,,,,,,,,,,,,,,,,,,,,,,,,,,,,,,,,,,,,,,,,,,,,,,
25,24,,,,,,,100,88,68,15,236.2,2730,10801,39,0,8.1,0.9;4.0;2.0;1.7;0.5;0.6;32.9;45.9;5.8;4.0;37.3;54.4;0.6;0.6;0.3;0.6;0.8;0.6;0.3;0.5;0.2;0.3;0.2;0.2,31.98,0.07,0.0,0.03,14.42,0.0,2294.0,244.0,4,16,,,,,,,,,,,,,,,,,,,,,,,,,,,,,,,,,,,,,,,,,,,,,,,,,,,,,,,,,,,,,
25,25,,,,,,,100,88,70,20,238.8,2730,10801,39,0,7.9,1.1;4.1;2.2;1.6;0.3;0.3;52.0;29.3;6.2;2.7;32.0;54.4;1.1;0.9;0.0;0.0;0.3;0.2;0.0;0.2;0.2;0.0;0.3;0.0,31.97,0.07,0.0,0.04,14.42,0.0,2734.0,97.0,4,16,,,,,,,,,,,,,,,,,,,,,,,,,,,,,,,,,,,,,,,,,,,,,,,,,,,,,,,,,,,,,
25,26,,,,,,,100,86,70,12,239.2,2730,10801,39,0,8.1,1.9;3.6;2.3;0.9;0.6;1.3;55.3;36.4;6.3;2.2;30.9;48.7;0.8;1.4;0.3;0.2;0.0;0.2;0.3;0.0;0.0;0.0;0.2;0.2,31.94,0.07,0.0,0.04,14.42,0.0,0.0,2050.0,4,16,,,,,,,,,,,,,,,,,,,,,,,,,,,,,,,,,,,,,,,,,,,,,,,,,,,,,,,,,,,,,
25,27,,,,,,,100,84,69,14,234.8,2730,10801,39,0,7.9,1.1;2.9;1.4;0.9;0.5;0.3;51.1;22.2;5.0;2.7;31.6;66.5;1.1;0.3;0.2;0.0;0.0;0.2;0.2;0.2;0.3;0.3;0.9;0.6,31.96,0.07,0.0,0.03,14.42,0.0,1806.0,439.0,4,16,,,,,,,,,,,,,,,,,,,,,,,,,,,,,,,,,,,,,,,,,,,,,,,,,,,,,,,,,,,,,
25,28,,,,,,,100,86,69,15,239.4,2730,10801,39,0,8.0,1.1;4.2;0.9;1.4;1.4;0.6;56.7;37.6;7.0;5.0;39.6;34.7;0.8;0.8;0.0;0.0;0.2;0.2;0.0;0.0;0.0;0.0;0.3;0.0,31.97,0.07,0.0,0.05,14.42,0.0,488.0,1708.0,4,16,,,,,,,,,,,,,,,,,,,,,,,,,,,,,,,,,,,,,,,,,,,,,,,,,,,,,,,,,,,,,
25,29,,,,,,,99,83,72,14,238.1,2730,10801,39,0,8.3,1.1;3.7;2.2;2.0;0.8;0.9;65.5;45.4;7.2;2.5;38.8;26.9;0.8;0.5;0.3;0.0;0.0;0.2;0.2;0.3;0.2;0.0;0.2;0.2,31.99,0.07,0.07,0.5,14.42,0.0,341.0,390.0,4,16,,,,,,,,,,,,,,,,,,,,,,,,,,,,,,,,,,,,,,,,,,,,,,,,,,,,,,,,,,,,,
25,30,,,,,,,100,81,71,20,234.9,2730,10801,39,0,6.1,0.9;3.8;0.5;0.8;1.1;0.5;34.1;38.3;3.8;1.6;28.0;31.7;0.2;0.5;0.0;0.0;0.0;0.0;0.0;0.0;0.2;0.0;0.2;0.0,31.96,0.07,0.0,0.08,14.42,0.0,390.0,341.0,4,16,,,,,,,,,,,,,,,,,,,,,,,,,,,,,,,,,,,,,,,,,,,,,,,,,,,,,,,,,,,,,
25,31,,,,,,,98,75,70,19,238.6,2730,10801,39,0,5.6,0.5;4.8;1.7;0.7;0.0;1.0;14.0;24.8;3.9;1.5;47.9;33.7;0.0;0.0;0.0;0.0;0.0;0.0;0.0;0.0;0.0;0.0;0.0;0.0,31.97,0.07,0.0,0.03,14.42,0.0,585.0,97.0,4,16,,,,,,,,,,,,,,,,,,,,,,,,,,,,,,,,,,,,,,,,,,,,,,,,,,,,,,,,,,,,,
25,summary,0.3215967980351779,0.9893794347236011,0.2840799184375339,0.9996666666666667,0.00100000,313.6,,,,,,,,,,,,,,,,,,,,,,98,99.9,100,54,74.61,88,67,69.29,72,12,15.58,21,103.2,233.59,239.5,2730.5,10801.0,39.0,0,5.6,8.34,20.4,31.94,32.0,32.17,63.16,0.07,0.07,0.07,16.0,0.0,0.0,0.07,0.02,0.43,4.6,11.015,16.348,14.42,14.42,14.42,15.992,0.0,0.0,0.0,0.0,2609.52,21582.0,0.0,5052.42,114990.0,4,4.0,4,16,16.0,16,4,16,6.17,291.14
26,1,,,,,,,99,54,68,18,114.7,2730,10801,39,0,21.7,19.7;22.6;24.6;23.9;20.9;22.0;54.2;58.5;24.5;25.3;74.0;61.8;13.6;15.0;3.5;5.0;10.2;9.6;4.3;5.1;6.7;7.0;5.2;5.2,31.81,0.07,0.0,0.04,14.42,0.0,1269.0,5859.0,4,16,,,,,,,,,,,,,,,,,,,,,,,,,,,,,,,,,,,,,,,,,,,,,,,,,,,,,,,,,,,,,
26,2,,,,,,,100,56,70,16,238.4,2730,10801,38,0,8.5,2.3;3.7;1.7;1.4;0.6;0.9;41.9;39.2;4.1;4.2;45.6;52.0;0.6;0.8;0.0;0.0;0.3;0.0;0.2;3.5;0.2;0.0;0.3;0.0,31.61,0.07,0.0,4.58,14.42,0.0,1660.0,0.0,4,16,,,,,,,,,,,,,,,,,,,,,,,,,,,,,,,,,,,,,,,,,,,,,,,,,,,,,,,,,,,,,
26,3,,,,,,,100,59,70,14,238.2,2730,10801,39,0,7.9,1.1;1.2;1.1;0.5;0.3;0.3;54.1;42.3;3.9;5.5;33.0;41.7;0.9;0.8;0.2;0.0;0.2;0.0;0.2;0.2;2.2;0.3;0.0;0.2,31.59,0.07,0.0,2.35,14.42,0.0,1171.0,1464.0,4,16,,,,,,,,,,,,,,,,,,,,,,,,,,,,,,,,,,,,,,,,,,,,,,,,,,,,,,,,,,,,,
26,4,,,,,,,100,54,69,14,238.4,2730,10801,39,0,7.5,0.9;2.5;1.4;0.5;0.5;0.0;43.2;38.4;5.3;1.3;44.1;41.0;0.8;0.5;0.0;0.0;0.0;0.0;0.0;0.0;0.0;0.0;0.3;0.0,31.55,0.07,0.0,1.62,14.42,0.0,976.0,146.0,4,16,,,,,,,,,,,,,,,,,,,,,,,,,,,,,,,,,,,,,,,,,,,,,,,,,,,,,,,,,,,,,
26,5,,,,,,,100,48,69,14,237.3,2730,10801,39,0,8.3,0.5;3.8;2.2;2.5;1.2;2.3;57.2;44.2;5.9;7.5;40.4;30.2;0.5;1.1;0.0;0.0;0.2;0.0;0.0;0.0;0.0;0.0;0.0;0.0,31.59,0.07,0.02,2.96,14.42,0.0,878.0,1464.0,4,16,,,,,,,,,,,,,,,,,,,,,,,,,,,,,,,,,,,,,,,,,,,,,,,,,,,,,,,,,,,,,
26,6,,,,,,,100,50,69,14,238.4,2730,10801,39,0,8.1,1.6;5.3;1.4;1.6;0.8;0.3;50.6;43.1;4.8;8.2;34.6;40.0;0.6;0.6;0.2;0.0;0.0;0.0;0.0;0.0;0.0;0.0;0.0;0.3,31.58,0.07,0.01,0.23,14.42,0.0,341.0,1611.0,4,16,,,,,,,,,,,,,,,,,,,,,,,,,,,,,,,,,,,,,,,,,,,,,,,,,,,,,,,,,,,,,
26,7,,,,,,,100,55,69,16,238.3,2730,10801,39,0,7.9,0.9;2.9;0.6;2.5;0.6;0.6;46.0;32.7;3.3;5.9;54.4;36.8;0.5;0.9;0.2;0.0;0.0;0.0;0.2;0.0;0.2;0.2;0.2;0.3,31.53,0.07,0.0,0.07,14.42,0.0,3662.0,0.0,4,16,,,,,,,,,,,,,,,,,,,,,,,,,,,,,,,,,,,,,,,,,,,,,,,,,,,,,,,,,,,,,
26,8,,,,,,,100,79,71,15,235.2,2730,10801,38,0,8.2,1.9;4.8;1.9;2.2;0.5;1.1;49.8;40.6;4.0;4.5;44.1;38.3;0.9;1.1;0.0;0.0;0.0;0.0;0.0;0.2;0.2;0.5;0.2;0.2,31.57,0.07,0.0,0.03,14.42,0.0,1123.0,1367.0,4,16,,,,,,,,,,,,,,,,,,,,,,,,,,,,,,,,,,,,,,,,,,,,,,,,,,,,,,,,,,,,,
26,9,,,,,,,100,78,71,16,239.1,2730,10801,39,0,8.1,0.9;4.4;1.1;1.6;0.6;0.5;47.8;35.6;4.0;4.7;36.2;51.4;0.8;0.6;0.9;0.8;0.2;0.2;0.2;0.0;0.0;0.3;0.3;0.2,31.57,0.07,0.0,0.03,14.42,0.0,292.0,97.0,4,16,,,,,,,,,,,,,,,,,,,,,,,,,,,,,,,,,,,,,,,,,,,,,,,,,,,,,,,,,,,,,
26,10,,,,,,,100,50,71,17,238.2,2730,10801,39,0,8.2,2.0;4.3;2.5;2.2;0.9;1.1;40.8;31.9;3.7;6.2;29.9;68.2;1.1;0.9;0.3;0.2;0.3;0.5;0.0;0.0;0.3;0.5;0.0;0.5,31.53,0.07,0.0,0.11,14.42,0.0,14550.0,1367.0,4,16,,,,,,,,,,,,,,,,,,,,,,,,,,,,,,,,,,,,,,,,,,,,,,,,,,,,,,,,,,,,,
26,11,,,,,,,100,71,68,14,235.3,2730,10801,39,0,8.4,1.4;4.1;1.9;3.3;1.1;1.6;53.7;45.0;2.5;6.9;35.5;40.3;0.6;1.1;0.0;0.0;0.2;0.3;0.0;0.2;0.2;0.2;0.0;0.3,31.54,0.07,0.0,0.05,14.42,0.0,1416.0,1464.0,4,16,,,,,,,,,,,,,,,,,,,,,,,,,,,,,,,,,,,,,,,,,,,,,,,,,,,,,,,,,,,,,
26,12,,,,,,,100,73,68,20,239.2,2730,10801,39,0,7.9,0.9;4.0;0.9;2.6;0.3;0.5;50.1;40.8;2.0;4.1;27.1;51.6;0.6;0.8;0.0;0.0;0.3;0.6;0.2;0.0;1.2;0.6;0.0;0.2,31.55,0.07,0.0,0.06,14.42,0.0,21630.0,1416.0,4,16,,,,,,,,,,,,,,,,,,,,,,,,,,,,,,,,,,,,,,,,,,,,,,,,,,,,,,,,,,,,,
26,13,,,,,,,98,79,70,20,238.7,2730,10801,39,0,7.7,0.8;2.6;1.1;1.6;0.3;0.5;46.2;37.6;1.7;4.9;35.8;50.0;0.6;0.6;0.0;0.0;0.0;0.0;0.2;0.0;0.0;0.0;0.0;0.0,31.54,0.07,0.0,0.03,14.42,0.0,35107.0,15087.0,4,16,,,,,,,,,,,,,,,,,,,,,,,,,,,,,,,,,,,,,,,,,,,,,,,,,,,,,,,,,,,,,
26,14,,,,,,,100,77,70,14,236.1,2730,10801,39,0,8.1,1.1;3.1;2.2;4.0;1.4;0.5;47.3;30.2;3.7;7.3;45.7;44.4;0.9;0.5;0.9;1.1;0.0;0.0;0.0;0.2;0.0;0.5;0.0;0.3,31.52,0.07,0.0,0.02,14.42,0.0,25781.0,4296.0,4,16,,,,,,,,,,,,,,,,,,,,,,,,,,,,,,,,,,,,,,,,,,,,,,,,,,,,,,,,,,,,,
26,15,,,,,,,100,73,69,13,238.1,2730,10801,39,0,7.9,2.0;4.3;2.0;1.9;0.5;0.8;50.9;35.3;3.0;3.9;40.1;42.8;0.6;0.9;0.0;0.0;0.2;0.0;0.0;0.0;0.0;0.2;0.2;0.0,31.54,0.07,0.0,0.06,14.42,0.0,683.0,1416.0,4,16,,,,,,,,,,,,,,,,,,,,,,,,,,,,,,,,,,,,,,,,,,,,,,,,,,,,,,,,,,,,,
26,16,,,,,,,100,70,70,15,239.4,2730,10801,39,0,8.2,1.1;4.8;1.4;1.7;0.5;1.1;43.2;29.8;2.0;5.9;40.9;58.1;1.2;0.9;0.2;0.0;0.6;0.6;0.2;0.0;0.2;0.5;0.2;0.8,31.53,0.07,0.0,0.02,14.42,0.0,1123.0,1367.0,4,16,,,,,,,,,,,,,,,,,,,,,,,,,,,,,,,,,,,,,,,,,,,,,,,,,,,,,,,,,,,,,
26,17,,,,,,,100,73,68,17,238.1,2730,10801,39,0,8.3,2.3;3.4;1.6;2.7;0.2;0.9;44.5;44.6;2.3;6.9;45.9;39.8;0.9;0.9;0.0;0.0;0.0;0.0;0.0;0.0;0.5;1.1;0.2;0.6,31.53,0.07,0.0,0.03,14.42,0.0,2685.0,5419.0,4,16,,,,,,,,,,,,,,,,,,,,,,,,,,,,,,,,,,,,,,,,,,,,,,,,,,,,,,,,,,,,,
26,18,,,,,,,100,73,69,15,238.8,2730,10801,39,0,8.2,2.5;3.6;1.7;2.5;0.6;0.6;54.4;42.9;2.8;5.9;33.0;41.0;1.2;1.2;0.3;0.2;0.2;0.0;0.0;0.2;0.2;0.2;0.5;0.2,31.53,0.07,0.0,0.03,14.42,0.0,683.0,1562.0,4,16,,,,,,,,,,,,,,,,,,,,,,,,,,,,,,,,,,,,,,,,,,,,,,,,,,,,,,,,,,,,,
26,19,,,,,,,100,72,71,13,237.9,2730,10801,39,0,8.2,1.7;5.2;1.3;1.6;1.1;0.8;39.4;41.0;2.8;5.2;36.7;56.0;1.1;1.1;0.2;0.0;0.3;0.0;0.5;0.0;0.0;0.2;0.0;0.2,31.53,0.07,0.04,0.04,14.42,0.0,927.0,292.0,4,16,,,,,,,,,,,,,,,,,,,,,,,,,,,,,,,,,,,,,,,,,,,,,,,,,,,,,,,,,,,,,
26,20,,,,,,,100,59,71,15,237.9,2730,10801,39,0,7.7,0.8;2.9;1.2;2.3;0.3;0.8;56.9;28.3;1.9;6.4;26.6;54.3;0.8;0.3;0.0;0.0;0.0;0.0;0.0;0.0;0.2;0.2;0.2;0.0,31.54,0.07,0.0,0.05,14.42,0.0,1513.0,5468.0,4,16,,,,,,,,,,,,,,,,,,,,,,,,,,,,,,,,,,,,,,,,,,,,,,,,,,,,,,,,,,,,,
26,21,,,,,,,98,77,70,16,238.6,2730,10801,39,0,7.9,1.7;4.2;1.9;3.7;0.0;1.4;68.2;28.2;1.7;4.5;26.8;44.8;0.3;0.6;0.0;0.0;0.0;0.0;0.2;0.0;0.0;0.0;0.3;0.3,31.55,0.07,0.0,0.02,14.42,0.0,1464.0,0.0,4,16,,,,,,,,,,,,,,,,,,,,,,,,,,,,,,,,,,,,,,,,,,,,,,,,,,,,,,,,,,,,,
26,22,,,,,,,100,78,71,14,238.2,2730,10801,39,0,7.8,0.8;5.5;1.4;1.6;0.6;0.6;50.2;32.6;2.3;5.6;25.4;59.8;0.6;0.9;0.0;0.0;0.0;0.0;0.0;0.0;0.0;0.0;0.0;0.0,31.53,0.07,0.0,0.04,14.42,0.0,0.0,1611.0,4,16,,,,,,,,,,,,,,,,,,,,,,,,,,,,,,,,,,,,,,,,,,,,,,,,,,,,,,,,,,,,,
26,23,,,,,,,100,73,71,20,238.7,2730,10801,39,0,7.8,1.6;3.0;2.5;2.2;0.8;0.8;50.2;39.5;2.8;5.2;40.2;36.9;0.6;0.6;0.0;0.0;0.0;0.2;0.2;0.3;0.0;0.0;0.0;0.5,31.52,0.07,0.0,0.05,14.42,0.0,1464.0,0.0,4,16,,,,,,,,,,,,,,,,,,,,,,,,,,,,,,,,,,,,,,,,,,,,,,,,,,,,,,,,,,,,,
26,24,,,,,,,100,79,71,13,236.3,2730,10801,39,0,8.0,1.2;3.5;2.5;2.0;0.9;1.4;50.7;25.7;5.1;6.4;43.5;47.2;0.9;0.8;0.2;0.0;0.0;0.0;0.0;0.0;0.2;0.2;0.2;0.2,31.53,0.07,0.0,0.05,14.42,0.0,1416.0,1367.0,4,16,,,,,,,,,,,,,,,,,,,,,,,,,,,,,,,,,,,,,,,,,,,,,,,,,,,,,,,,,,,,,
26,25,,,,,,,100,70,71,16,238.7,2730,10801,39,0,8.3,1.6;4.0;1.4;2.7;1.1;0.9;37.4;44.2;7.7;5.9;52.1;35.6;0.6;0.9;0.0;0.0;0.0;0.2;0.0;0.3;0.0;0.5;0.3;0.0,31.52,0.07,0.0,0.02,14.42,0.0,341.0,32031.0,4,16,,,,,,,,,,,,,,,,,,,,,,,,,,,,,,,,,,,,,,,,,,,,,,,,,,,,,,,,,,,,,
26,26,,,,,,,100,59,71,14,239.1,2730,10801,39,0,7.7,0.8;2.3;1.7;2.2;0.5;0.3;47.7;40.6;3.8;4.2;42.2;37.7;0.9;0.6;0.0;0.0;0.0;0.0;0.0;0.0;0.0;0.2;0.0;0.0,31.49,0.07,0.0,0.03,14.42,0.0,1416.0,1513.0,4,16,,,,,,,,,,,,,,,,,,,,,,,,,,,,,,,,,,,,,,,,,,,,,,,,,,,,,,,,,,,,,
26,27,,,,,,,100,70,71,16,234.9,2730,10801,39,0,8.1,2.3;4.9;1.4;2.6;0.2;0.3;61.5;28.6;2.5;5.6;35.1;46.3;1.1;0.8;0.0;0.2;0.0;0.2;0.2;0.0;0.2;0.0;0.0;0.0,31.52,0.07,0.0,0.03,14.42,0.0,244.0,1416.0,4,16,,,,,,,,,,,,,,,,,,,,,,,,,,,,,,,,,,,,,,,,,,,,,,,,,,,,,,,,,,,,,
26,28,,,,,,,100,66,71,15,238.3,2730,10801,39,0,8.2,0.9;5.7;0.6;2.8;0.5;1.9;37.9;42.0;4.4;4.2;51.9;41.3;0.6;0.8;0.0;0.0;0.2;0.2;0.0;0.0;0.2;0.6;0.0;0.5,31.51,0.07,0.0,0.03,14.42,0.0,927.0,244.0,4,16,,,,,,,,,,,,,,,,,,,,,,,,,,,,,,,,,,,,,,,,,,,,,,,,,,,,,,,,,,,,,
26,29,,,,,,,100,54,71,16,238.4,2730,10801,39,0,8.1,1.4;2.5;2.2;1.6;0.5;1.1;52.9;38.3;3.4;4.7;33.0;48.7;0.8;1.6;0.0;0.0;0.0;0.0;0.0;0.0;0.5;0.6;0.0;0.3,31.52,0.07,0.0,0.03,14.42,0.0,537.0,1562.0,4,16,,,,,,,,,,,,,,,,,,,,,,,,,,,,,,,,,,,,,,,,,,,,,,,,,,,,,,,,,,,,,
26,30,,,,,,,100,54,71,13,234.4,2730,10801,39,0,6.3,1.6;2.6;1.6;1.4;0.6;0.9;44.6;29.8;4.5;4.4;13.2;44.4;0.6;0.2;0.0;0.0;0.0;0.0;0.2;0.2;0.0;0.3;0.0;0.6,31.51,0.07,0.0,0.04,14.42,0.0,292.0,244.0,4,16,,,,,,,,,,,,,,,,,,,,,,,,,,,,,,,,,,,,,,,,,,,,,,,,,,,,,,,,,,,,,
26,31,,,,,,,100,69,70,16,238.5,2730,10801,39,0,5.3,0.7;1.2;1.2;0.5;0.2;0.2;30.7;41.4;1.5;2.5;33.9;10.8;0.0;0.2;0.0;0.0;0.5;0.5;0.0;0.0;0.0;0.2;0.2;0.0,31.51,0.07,0.0,0.03,14.42,0.0,1123.0,1513.0,4,16,,,,,,,,,,,,,,,,,,,,,,,,,,,,,,,,,,,,,,,,,,,,,,,,,,,,,,,,,,,,,
26,summary,0.322036944752599,0.9892610236184612,0.28418006258540685,0.9994444444444445,0.00100000,313.6,,,,,,,,,,,,,,,,,,,,,,98,99.84,100,48,66.19,79,68,70.0,71,13,15.45,20,114.7,233.86,239.4,2730.0,10801.0,38.9,0,5.3,8.34,21.7,31.49,31.55,31.81,63.16,0.07,0.07,0.07,16.0,0.0,0.0,0.04,0.02,0.41,4.58,11.015,16.348,14.42,14.42,14.42,15.992,0.0,0.0,0.0,0.0,4086.9,35107.0,0.0,2989.13,32031.0,4,4.0,4,16,16.0,16,4,16,6.32,291.15
27,1,,,,,,,0,0,59,17,112.7,2745,10801,39,0,21.2,18.6;21.9;24.4;23.8;20.9;22.1;62.9;55.9;24.8;26.8;64.5;57.3;14.4;13.8;4.9;5.1;6.7;7.9;2.6;4.1;6.4;7.7;5.3;6.0,31.46,0.07,0.0,0.04,14.42,0.0,537.0,0.0,4,16,,,,,,,,,,,,,,,,,,,,,,,,,,,,,,,,,,,,,,,,,,,,,,,,,,,,,,,,,,,,,
27,2,,,,,,,100,58,68,14,237.4,2730,10801,39,0,8.4,1.6;4.0;2.3;1.3;0.9;0.8;48.4;35.4;6.6;5.2;42.9;48.8;0.8;0.6;0.2;0.2;0.2;0.0;0.0;0.3;0.0;0.5;0.3;0.5,31.45,0.07,0.0,2.84,14.42,0.0,1123.0,5322.0,4,16,,,,,,,,,,,,,,,,,,,,,,,,,,,,,,,,,,,,,,,,,,,,,,,,,,,,,,,,,,,,,
27,3,,,,,,,100,89,69,17,237.7,2730,10801,39,0,8.0,1.1;2.8;2.0;1.1;0.6;1.7;48.5;45.9;3.8;4.7;39.6;37.6;1.3;0.6;0.2;0.0;0.0;0.0;0.0;0.0;0.6;0.6;0.0;0.3,31.41,0.07,0.0,1.73,14.42,0.0,2587.0,195.0,4,16,,,,,,,,,,,,,,,,,,,,,,,,,,,,,,,,,,,,,,,,,,,,,,,,,,,,,,,,,,,,,
27,4,,,,,,,98,78,68,13,236.8,2730,10801,39,0,8.1,1.1;3.8;1.7;0.9;0.8;0.8;56.2;43.3;3.1;3.7;42.0;33.5;0.8;0.8;0.0;0.0;0.3;0.0;0.0;0.0;0.0;0.0;0.2;0.0,31.4,0.07,0.0,2.99,14.42,0.0,23583.0,1464.0,4,16,,,,,,,,,,,,,,,,,,,,,,,,,,,,,,,,,,,,,,,,,,,,,,,,,,,,,,,,,,,,,
27,5,,,,,,,90,72,68,17,235.8,2730,10801,39,0,7.9,1.4;2.8;2.7;1.2;0.5;0.8;48.5;56.1;3.4;4.2;32.5;34.1;0.8;0.5;0.0;0.0;0.0;0.2;0.0;0.0;0.3;0.2;0.0;0.0,31.4,0.07,0.0,0.05,14.42,0.0,292.0,390.0,4,16,,,,,,,,,,,,,,,,,,,,,,,,,,,,,,,,,,,,,,,,,,,,,,,,,,,,,,,,,,,,,
27,6,,,,,,,100,77,69,13,237.7,2730,10801,39,0,8.3,0.9;4.0;2.5;2.0;1.1;0.6;63.5;36.2;5.5;5.3;37.9;34.5;0.9;1.1;0.2;0.5;0.3;0.2;0.0;0.2;0.2;0.3;0.3;0.0,31.38,0.07,0.0,0.05,14.42,0.0,1025.0,1757.0,4,16,,,,,,,,,,,,,,,,,,,,,,,,,,,,,,,,,,,,,,,,,,,,,,,,,,,,,,,,,,,,,
27,7,,,,,,,100,74,70,15,238.6,2730,10801,39,0,8.6,3.8;4.9;3.1;2.0;1.1;1.1;53.9;42.2;6.2;6.7;32.4;45.1;1.1;0.6;0.2;0.2;0.3;0.0;0.5;0.0;0.3;0.5;0.3;0.2,31.38,0.07,0.0,0.06,14.42,0.0,585.0,1416.0,4,16,,,,,,,,,,,,,,,,,,,,,,,,,,,,,,,,,,,,,,,,,,,,,,,,,,,,,,,,,,,,,
27,8,,,,,,,95,79,68,14,234.4,2730,10801,39,0,7.8,1.4;4.1;2.0;1.9;0.2;1.1;52.0;43.4;3.6;4.4;28.3;43.6;0.5;0.6;0.2;0.0;0.3;0.2;0.0;0.2;0.3;0.0;0.2;0.2,31.4,0.07,0.0,0.03,14.42,0.0,244.0,1757.0,4,16,,,,,,,,,,,,,,,,,,,,,,,,,,,,,,,,,,,,,,,,,,,,,,,,,,,,,,,,,,,,,
27,9,,,,,,,100,79,71,15,237.7,2730,10801,39,0,8.1,0.9;3.9;1.9;1.6;1.1;1.1;47.5;40.5;5.0;4.2;41.8;41.2;0.8;0.6;0.0;0.0;0.2;0.2;0.0;0.0;0.0;0.0;0.6;0.0,31.39,0.07,0.0,0.03,14.42,0.0,3662.0,0.0,4,16,,,,,,,,,,,,,,,,,,,,,,,,,,,,,,,,,,,,,,,,,,,,,,,,,,,,,,,,,,,,,
27,10,,,,,,,100,81,70,20,240.4,2730,10801,39,0,8.2,1.6;3.0;1.6;2.0;0.6;0.8;49.5;36.9;5.1;6.2;32.4;54.6;0.8;1.1;0.0;0.0;0.3;0.0;0.0;0.0;0.2;0.0;0.6;0.2,31.36,0.07,0.0,0.04,14.42,0.0,17578.0,15527.0,4,16,,,,,,,,,,,,,,,,,,,,,,,,,,,,,,,,,,,,,,,,,,,,,,,,,,,,,,,,,,,,,
27,11,,,,,,,100,71,71,21,235.2,2730,10801,39,0,8.0,1.2;3.2;2.5;1.7;1.4;0.5;44.2;38.5;7.9;5.9;35.0;48.4;0.8;0.3;0.0;0.0;0.3;0.3;0.0;0.0;0.0;0.0;0.0;0.2,31.38,0.07,0.0,0.02,14.42,0.0,537.0,1416.0,4,16,,,,,,,,,,,,,,,,,,,,,,,,,,,,,,,,,,,,,,,,,,,,,,,,,,,,,,,,,,,,,
27,12,,,,,,,100,73,69,13,238.5,2730,10801,39,0,8.0,1.3;3.1;2.0;2.2;0.3;0.6;54.9;26.3;6.3;5.3;37.7;50.2;0.3;0.9;0.3;0.0;0.0;0.0;0.2;0.0;0.3;0.0;0.5;0.0,31.38,0.07,0.0,0.03,14.42,0.0,2392.0,1708.0,4,16,,,,,,,,,,,,,,,,,,,,,,,,,,,,,,,,,,,,,,,,,,,,,,,,,,,,,,,,,,,,,
27,13,,,,,,,100,74,69,15,239.8,2730,10801,39,0,7.7,0.9;4.1;2.3;0.6;0.8;0.5;50.0;36.3;3.9;3.3;45.6;35.3;0.6;0.3;0.0;0.0;0.0;0.0;0.0;0.0;0.0;0.0;0.0;0.0,31.39,0.07,0.0,0.02,14.42,0.0,14990.0,16210.0,4,16,,,,,,,,,,,,,,,,,,,,,,,,,,,,,,,,,,,,,,,,,,,,,,,,,,,,,,,,,,,,,
27,14,,,,,,,100,75,68,17,237.7,2730,10801,39,0,7.9,0.8;4.7;1.7;1.1;0.0;0.3;51.9;24.1;6.4;4.2;36.0;57.2;0.5;0.8;0.0;0.0;0.2;0.0;0.0;0.0;0.2;0.0;0.0;0.0,31.4,0.07,0.0,0.02,14.42,0.0,2197.0,244.0,4,16,,,,,,,,,,,,,,,,,,,,,,,,,,,,,,,,,,,,,,,,,,,,,,,,,,,,,,,,,,,,,
27,15,,,,,,,100,65,70,15,238.8,2730,10801,39,0,8.2,1.4;3.5;1.7;2.3;0.6;0.5;57.5;21.7;5.6;3.0;39.9;53.6;1.4;1.1;0.3;0.3;0.6;0.5;0.0;0.5;0.2;0.6;0.5;0.0,31.37,0.07,0.0,0.04,14.42,0.0,46240.0,15869.0,4,16,,,,,,,,,,,,,,,,,,,,,,,,,,,,,,,,,,,,,,,,,,,,,,,,,,,,,,,,,,,,,
27,16,,,,,,,100,73,68,18,238.2,2730,10801,39,0,8.1,1.1;4.5;2.3;1.3;1.4;0.9;62.1;38.3;4.1;3.9;33.3;37.8;0.5;0.6;0.2;0.2;0.0;0.2;0.2;0.2;0.3;0.0;0.3;0.3,31.39,0.07,0.02,0.14,14.42,0.0,1416.0,830.0,4,16,,,,,,,,,,,,,,,,,,,,,,,,,,,,,,,,,,,,,,,,,,,,,,,,,,,,,,,,,,,,,
27,17,,,,,,,100,77,69,14,238.3,2730,10801,39,0,8.1,1.3;4.0;1.1;0.2;0.5;0.8;35.0;43.0;5.0;5.2;34.5;59.1;0.8;0.5;0.0;0.3;0.8;0.3;0.0;0.0;0.2;0.3;0.3;0.2,31.39,0.07,0.0,0.04,14.42,0.0,2490.0,5419.0,4,16,,,,,,,,,,,,,,,,,,,,,,,,,,,,,,,,,,,,,,,,,,,,,,,,,,,,,,,,,,,,,
27,18,,,,,,,100,74,69,14,238.1,2730,10801,39,0,7.9,0.9;2.8;1.4;0.8;1.2;0.5;46.4;37.7;5.9;5.1;39.0;45.0;0.9;0.8;0.0;0.2;0.5;0.0;0.0;0.0;0.0;0.0;0.6;0.0,31.34,0.07,0.0,0.02,14.42,0.0,28613.0,116503.0,4,16,,,,,,,,,,,,,,,,,,,,,,,,,,,,,,,,,,,,,,,,,,,,,,,,,,,,,,,,,,,,,
27,19,,,,,,,100,61,70,15,238.9,2730,10801,39,0,8.3,1.7;5.7;3.0;2.2;1.6;1.3;50.0;31.0;3.4;5.8;53.4;36.2;0.9;1.1;0.3;0.0;0.3;0.2;0.3;0.2;0.0;0.3;0.6;0.3,31.39,0.07,0.0,0.05,14.42,0.0,1611.0,390.0,4,16,,,,,,,,,,,,,,,,,,,,,,,,,,,,,,,,,,,,,,,,,,,,,,,,,,,,,,,,,,,,,
27,20,,,,,,,100,77,69,15,238.5,2730,10801,39,0,7.9,1.7;3.3;1.3;1.1;0.5;0.0;60.2;44.3;3.8;4.4;26.8;40.2;0.8;0.8;0.0;0.0;0.0;0.0;0.0;0.0;0.0;0.0;0.0;0.0,31.38,0.07,0.0,0.03,14.42,0.0,2978.0,1367.0,4,16,,,,,,,,,,,,,,,,,,,,,,,,,,,,,,,,,,,,,,,,,,,,,,,,,,,,,,,,,,,,,
27,21,,,,,,,100,74,69,17,237.3,2730,10801,39,0,7.8,0.9;3.1;1.1;1.4;0.2;0.2;34.5;50.5;2.8;4.0;33.2;53.4;0.5;0.3;0.0;0.0;0.0;0.2;0.2;0.0;0.0;0.3;0.0;0.0,31.37,0.07,0.0,0.03,14.42,0.0,2343.0,1318.0,4,16,,,,,,,,,,,,,,,,,,,,,,,,,,,,,,,,,,,,,,,,,,,,,,,,,,,,,,,,,,,,,
27,22,,,,,,,100,75,69,13,239.7,2730,10801,39,0,8.1,1.6;5.5;2.8;2.2;1.6;0.8;46.9;35.8;5.6;6.2;38.2;45.2;0.8;0.9;0.2;0.0;0.0;0.2;0.2;0.0;0.2;0.5;0.3;0.2,31.37,0.07,0.0,0.05,14.42,0.0,1416.0,1757.0,4,16,,,,,,,,,,,,,,,,,,,,,,,,,,,,,,,,,,,,,,,,,,,,,,,,,,,,,,,,,,,,,
27,23,,,,,,,100,78,68,15,239.6,2730,10801,39,0,8.0,2.0;1.2;1.6;0.9;0.3;0.3;46.1;29.8;4.8;5.6;36.1;59.2;0.5;0.9;0.2;0.3;0.2;0.0;0.0;0.0;0.3;0.0;0.3;0.2,31.38,0.07,0.05,0.15,14.42,0.0,488.0,1757.0,4,16,,,,,,,,,,,,,,,,,,,,,,,,,,,,,,,,,,,,,,,,,,,,,,,,,,,,,,,,,,,,,
27,24,,,,,,,100,75,69,14,236.5,2730,10801,39,0,7.9,1.2;2.3;2.0;0.9;0.9;0.3;51.0;45.6;4.4;4.5;30.6;41.4;0.5;0.9;0.0;0.0;0.2;0.0;0.0;0.0;0.0;0.0;0.2;0.0,31.35,0.07,0.0,0.04,14.42,0.0,341.0,683.0,4,16,,,,,,,,,,,,,,,,,,,,,,,,,,,,,,,,,,,,,,,,,,,,,,,,,,,,,,,,,,,,,
27,25,,,,,,,100,78,67,16,239.3,2730,10801,39,0,8.3,3.0;4.5;3.1;2.2;1.2;0.6;51.3;27.4;5.1;2.3;40.2;54.4;0.9;1.1;0.2;0.0;0.2;0.2;0.2;0.2;0.0;0.2;0.0;0.2,31.37,0.07,0.0,0.04,14.42,0.0,1464.0,1416.0,4,16,,,,,,,,,,,,,,,,,,,,,,,,,,,,,,,,,,,,,,,,,,,,,,,,,,,,,,,,,,,,,
27,26,,,,,,,100,75,69,17,237.6,2730,10801,39,0,7.8,0.9;1.7;1.9;0.9;0.5;0.0;52.5;38.0;5.3;2.7;20.0;60.6;0.9;1.3;0.3;0.0;0.2;0.0;0.0;0.0;0.2;0.0;0.0;0.0,31.38,0.07,0.0,0.03,14.42,0.0,781.0,390.0,4,16,,,,,,,,,,,,,,,,,,,,,,,,,,,,,,,,,,,,,,,,,,,,,,,,,,,,,,,,,,,,,
27,27,,,,,,,98,78,69,20,232.3,2730,10801,39,0,8.3,1.9;4.0;2.7;1.7;0.6;0.8;44.9;39.5;4.5;5.6;34.1;55.8;0.6;0.5;0.3;0.0;0.0;0.0;0.0;0.0;0.2;0.2;0.0;0.0,31.38,0.07,0.0,0.03,14.42,0.0,1074.0,390.0,4,16,,,,,,,,,,,,,,,,,,,,,,,,,,,,,,,,,,,,,,,,,,,,,,,,,,,,,,,,,,,,,
27,28,,,,,,,98,81,69,13,237.5,2730,10801,39,0,8.0,1.4;3.6;2.8;1.3;0.8;1.3;34.0;44.0;6.4;4.4;42.5;47.3;0.6;0.8;0.3;0.0;0.0;0.0;0.2;0.0;0.2;0.0;0.3;0.0,31.38,0.07,0.0,0.02,14.42,0.0,1220.0,1513.0,4,16,,,,,,,,,,,,,,,,,,,,,,,,,,,,,,,,,,,,,,,,,,,,,,,,,,,,,,,,,,,,,
27,29,,,,,,,98,78,67,14,238.0,2730,10801,39,0,8.0,1.4;3.9;3.0;1.2;0.5;0.9;41.8;38.3;4.2;4.4;38.4;50.9;0.8;0.8;0.2;0.0;0.2;0.3;0.2;0.2;0.2;0.2;0.2;0.0,31.37,0.07,0.0,0.06,14.42,0.0,341.0,1660.0,4,16,,,,,,,,,,,,,,,,,,,,,,,,,,,,,,,,,,,,,,,,,,,,,,,,,,,,,,,,,,,,,
27,30,,,,,,,98,78,69,15,234.5,2730,10801,39,0,6.0,0.3;3.8;1.7;1.6;0.3;0.3;33.9;14.5;4.4;1.9;40.9;39.8;0.0;0.5;0.0;0.0;0.0;0.0;0.0;0.0;0.0;0.3;0.2;0.2,31.37,0.07,0.0,0.04,14.42,0.0,292.0,1855.0,4,16,,,,,,,,,,,,,,,,,,,,,,,,,,,,,,,,,,,,,,,,,,,,,,,,,,,,,,,,,,,,,
27,31,,,,,,,100,64,70,15,236.9,2730,10801,39,0,6.1,2.2;4.1;2.5;3.2;1.2;0.5;29.1;53.2;3.0;2.2;25.1;17.5;1.2;0.0;0.5;0.0;0.2;0.2;0.2;0.0;0.2;0.5;0.5;0.0,31.37,0.07,0.0,0.03,14.42,0.0,1464.0,1367.0,4,16,,,,,,,,,,,,,,,,,,,,,,,,,,,,,,,,,,,,,,,,,,,,,,,,,,,,,,,,,,,,,
27,summary,0.3214444475288852,0.989459134505907,0.2840307058228387,0.9995555555555555,0.00100000,313.7,,,,,,,,,,,,,,,,,,,,,,0,95.97,100,0,72.29,89,59,68.61,71,13,15.52,21,112.7,233.56,240.4,2730.5,10801.0,39.0,0,6.0,8.35,21.2,31.34,31.38,31.46,63.16,0.07,0.07,0.07,16.0,0.0,0.0,0.05,0.02,0.28,2.99,11.015,16.348,14.42,14.42,14.42,15.992,0.0,0.0,0.0,244.0,5351.74,46240.0,0.0,6512.58,116503.0,4,4.0,4,16,16.0,16,4,16,6.33,291.12
28,1,,,,,,,11,7,59,17,130.7,2745,10801,39,0,21.0,18.9;21.9;23.6;22.1;21.3;22.2;62.1;61.3;25.7;24.1;61.5;57.4;11.4;12.3;3.5;4.1;9.9;8.7;2.4;3.1;6.8;6.6;6.9;6.3,31.52,0.07,0.0,0.05,14.42,0.0,3027.0,115429.0,4,16,,,,,,,,,,,,,,,,,,,,,,,,,,,,,,,,,,,,,,,,,,,,,,,,,,,,,,,,,,,,,
28,2,,,,,,,100,86,68,17,237.3,2730,10801,39,0,8.0,1.6;4.0;2.2;1.2;0.9;0.5;42.7;41.1;5.0;2.7;47.7;40.5;0.8;0.6;0.2;0.0;0.2;0.0;0.0;0.2;0.2;0.6;0.2;0.0,31.46,0.07,0.0,4.19,14.42,0.0,2587.0,1464.0,4,16,,,,,,,,,,,,,,,,,,,,,,,,,,,,,,,,,,,,,,,,,,,,,,,,,,,,,,,,,,,,,
28,3,,,,,,,100,86,70,21,238.1,2730,10801,39,0,7.9,0.8;3.2;2.0;0.9;0.9;0.3;31.9;45.3;8.9;5.9;38.7;49.7;0.6;0.6;0.0;0.0;0.2;0.0;0.0;0.0;0.0;0.0;0.2;0.0,31.43,0.07,0.0,2.72,14.42,0.0,2587.0,1416.0,4,16,,,,,,,,,,,,,,,,,,,,,,,,,,,,,,,,,,,,,,,,,,,,,,,,,,,,,,,,,,,,,
28,4,,,,,,,100,80,69,13,238.1,2730,10801,38,0,8.2,1.6;3.9;2.0;1.4;1.6;2.0;43.5;36.4;4.2;3.0;42.7;50.5;0.8;1.0;0.0;0.0;0.0;0.0;0.0;0.0;0.2;0.8;0.0;0.0,31.42,0.07,0.0,1.65,14.42,0.0,2343.0,1660.0,4,16,,,,,,,,,,,,,,,,,,,,,,,,,,,,,,,,,,,,,,,,,,,,,,,,,,,,,,,,,,,,,
28,5,,,,,,,100,71,70,13,236.1,2730,10801,39,0,8.2,1.7;5.4;1.2;2.5;1.4;1.7;40.0;34.1;5.0;4.2;43.5;52.0;1.2;1.1;0.0;0.0;0.0;0.6;0.2;0.5;0.0;0.2;0.3;0.2,31.36,0.07,0.0,2.79,14.42,0.0,2490.0,1464.0,4,16,,,,,,,,,,,,,,,,,,,,,,,,,,,,,,,,,,,,,,,,,,,,,,,,,,,,,,,,,,,,,
28,6,,,,,,,100,83,68,14,238.6,2730,10801,39,0,8.0,1.3;2.8;1.9;1.3;1.1;0.0;34.3;54.3;3.3;5.3;28.5;54.2;0.8;0.6;0.2;0.0;0.2;0.0;0.2;0.0;0.0;0.2;0.3;0.0,31.38,0.07,0.0,0.03,14.42,0.0,0.0,2294.0,4,16,,,,,,,,,,,,,,,,,,,,,,,,,,,,,,,,,,,,,,,,,,,,,,,,,,,,,,,,,,,,,
28,7,,,,,,,100,86,72,17,238.2,2730,10801,39,0,8.1,0.9;6.8;2.5;1.4;0.2;0.0;55.8;33.1;3.6;3.9;39.0;43.9;0.5;0.8;0.0;0.0;0.6;0.2;0.0;0.0;0.2;0.0;1.1;0.9,31.34,0.07,0.0,0.04,14.42,0.0,13671.0,48.0,4,16,,,,,,,,,,,,,,,,,,,,,,,,,,,,,,,,,,,,,,,,,,,,,,,,,,,,,,,,,,,,,
28,8,,,,,,,100,76,69,15,234.8,2730,10801,39,0,7.9,2.0;3.2;1.1;2.2;0.5;0.6;40.0;48.0;2.3;6.7;35.4;46.0;0.9;0.3;0.0;0.0;0.3;0.6;0.0;0.0;0.2;0.3;0.0;0.0,31.34,0.07,0.0,0.09,14.42,0.0,2685.0,97.0,4,16,,,,,,,,,,,,,,,,,,,,,,,,,,,,,,,,,,,,,,,,,,,,,,,,,,,,,,,,,,,,,
28,9,,,,,,,100,76,68,15,238.7,2730,10801,39,0,7.8,0.5;3.7;2.3;4.1;0.2;0.2;37.1;35.0;5.3;2.8;40.1;55.5;0.6;0.6;0.0;0.0;0.0;0.2;0.0;0.0;0.0;0.0;0.0;0.0,31.38,0.07,0.0,0.04,14.42,0.0,488.0,2148.0,4,16,,,,,,,,,,,,,,,,,,,,,,,,,,,,,,,,,,,,,,,,,,,,,,,,,,,,,,,,,,,,,
28,10,,,,,,,100,86,67,15,238.7,2730,10801,39,0,7.9,1.9;2.6;1.7;3.4;0.5;0.6;39.1;38.3;3.9;5.0;43.1;45.8;0.6;1.1;0.2;0.2;0.0;0.0;0.2;0.0;0.5;0.2;0.2;0.0,31.35,0.07,0.0,0.03,14.42,0.0,2734.0,6054.0,4,16,,,,,,,,,,,,,,,,,,,,,,,,,,,,,,,,,,,,,,,,,,,,,,,,,,,,,,,,,,,,,
28,11,,,,,,,100,81,67,16,234.5,2730,10801,39,0,7.9,1.1;2.8;1.7;1.9;0.2;0.3;42.2;40.0;3.0;5.5;36.2;50.2;0.5;1.3;0.2;0.3;0.2;0.0;0.2;0.0;0.0;0.0;0.2;0.8,31.35,0.07,0.0,0.03,14.42,0.0,1464.0,1757.0,4,16,,,,,,,,,,,,,,,,,,,,,,,,,,,,,,,,,,,,,,,,,,,,,,,,,,,,,,,,,,,,,
28,12,,,,,,,100,86,72,14,237.9,2730,10801,39,0,8.1,1.1;4.9;1.3;2.0;0.8;0.6;38.8;38.2;4.5;5.8;51.3;45.6;0.9;0.3;0.0;0.0;0.3;0.0;0.0;0.0;0.0;0.0;0.0;0.0,31.4,0.07,0.01,0.11,14.42,0.0,341.0,11865.0,4,16,,,,,,,,,,,,,,,,,,,,,,,,,,,,,,,,,,,,,,,,,,,,,,,,,,,,,,,,,,,,,
28,13,,,,,,,98,83,70,15,237.3,2730,10801,39,0,8.2,1.6;4.8;2.0;2.3;0.9;0.9;58.4;38.0;4.5;5.3;37.4;37.1;0.9;0.8;0.2;0.0;0.0;0.3;0.0;0.0;0.2;0.2;0.2;0.3,31.34,0.07,0.0,0.02,14.42,0.0,0.0,1367.0,4,16,,,,,,,,,,,,,,,,,,,,,,,,,,,,,,,,,,,,,,,,,,,,,,,,,,,,,,,,,,,,,
28,14,,,,,,,100,82,69,13,235.2,2730,10801,39,0,8.0,0.8;3.4;0.9;2.2;0.3;0.5;40.9;46.7;3.4;6.4;42.7;40.7;0.5;0.9;0.0;0.0;0.0;0.0;0.0;0.0;0.6;0.2;0.2;0.0,31.37,0.07,0.0,0.05,14.42,0.0,1464.0,97.0,4,16,,,,,,,,,,,,,,,,,,,,,,,,,,,,,,,,,,,,,,,,,,,,,,,,,,,,,,,,,,,,,
28,15,,,,,,,100,86,69,16,237.7,2730,10801,39,0,8.0,1.6;4.0;2.0;1.7;0.6;0.8;34.2;42.1;1.7;5.9;39.5;55.1;0.3;1.1;0.2;0.2;0.0;0.0;0.0;0.0;0.0;0.5;0.3;0.0,31.38,0.07,0.0,0.03,14.42,0.0,1123.0,1416.0,4,16,,,,,,,,,,,,,,,,,,,,,,,,,,,,,,,,,,,,,,,,,,,,,,,,,,,,,,,,,,,,,
28,16,,,,,,,100,87,70,13,238.0,2730,10801,39,0,8.0,1.9;4.0;2.3;1.3;0.3;0.9;37.6;49.8;4.4;4.8;30.2;49.3;2.7;2.1;0.0;0.0;0.0;0.0;0.0;0.0;0.2;0.0;0.0;0.3,31.36,0.07,0.0,0.02,14.42,0.0,1025.0,1562.0,4,16,,,,,,,,,,,,,,,,,,,,,,,,,,,,,,,,,,,,,,,,,,,,,,,,,,,,,,,,,,,,,
28,17,,,,,,,98,81,69,14,236.9,2730,10801,39,0,8.0,0.6;4.3;0.9;3.0;0.6;0.6;34.8;46.2;2.8;9.5;41.1;43.7;0.3;1.1;0.0;0.0;0.0;0.3;0.2;0.3;0.8;1.1;0.0;0.2,31.38,0.07,0.0,0.04,14.42,0.0,2099.0,6884.0,4,16,,,,,,,,,,,,,,,,,,,,,,,,,,,,,,,,,,,,,,,,,,,,,,,,,,,,,,,,,,,,,
28,18,,,,,,,100,79,68,15,237.5,2730,10801,39,0,7.9,0.9;3.9;1.4;2.5;0.3;0.9;32.5;32.5;4.5;5.0;29.6;71.2;1.1;1.6;0.2;0.0;0.2;0.0;0.0;0.2;0.2;0.2;0.0;0.2,31.38,0.07,0.0,0.06,14.42,0.0,1464.0,0.0,4,16,,,,,,,,,,,,,,,,,,,,,,,,,,,,,,,,,,,,,,,,,,,,,,,,,,,,,,,,,,,,,
28,19,,,,,,,98,79,68,20,237.5,2730,10801,39,0,7.9,0.8;1.9;0.6;2.4;0.2;0.8;67.3;34.6;5.2;5.0;18.8;48.6;0.8;0.8;0.2;0.0;0.2;0.0;0.5;0.0;0.0;0.0;0.5;0.5,31.34,0.07,0.0,0.03,14.42,0.0,634.0,1611.0,4,16,,,,,,,,,,,,,,,,,,,,,,,,,,,,,,,,,,,,,,,,,,,,,,,,,,,,,,,,,,,,,
28,20,,,,,,,98,76,71,13,237.3,2730,10801,39,0,7.6,0.8;2.5;1.1;1.9;0.2;0.6;62.3;28.9;3.0;4.4;31.6;43.1;0.8;0.6;0.0;0.0;0.0;0.0;0.0;0.0;0.0;0.8;0.3;0.0,31.39,0.07,0.0,0.23,14.42,0.0,292.0,4101.0,4,16,,,,,,,,,,,,,,,,,,,,,,,,,,,,,,,,,,,,,,,,,,,,,,,,,,,,,,,,,,,,,
28,21,,,,,,,98,81,68,12,237.3,2730,10801,39,0,7.8,0.5;4.4;1.7;1.9;0.3;0.5;34.9;42.2;1.9;3.1;43.1;50.2;0.9;0.8;0.0;0.0;0.0;0.0;0.0;0.0;0.0;0.3;0.0;0.2,31.39,0.07,0.0,0.02,14.42,0.0,23925.0,10498.0,4,16,,,,,,,,,,,,,,,,,,,,,,,,,,,,,,,,,,,,,,,,,,,,,,,,,,,,,,,,,,,,,
28,22,,,,,,,100,75,69,15,237.9,2730,10801,39,0,8.3,2.8;3.7;2.0;3.3;0.8;1.6;48.9;42.2;2.8;4.4;39.2;43.2;1.3;1.0;0.3;0.3;0.5;0.6;0.0;0.0;0.0;0.5;0.0;0.0,31.4,0.07,0.0,0.06,14.42,0.0,390.0,1757.0,4,16,,,,,,,,,,,,,,,,,,,,,,,,,,,,,,,,,,,,,,,,,,,,,,,,,,,,,,,,,,,,,
28,23,,,,,,,0,0,61,24,191.5,2745,10801,39,0,7.5,1.3;5.6;0.9;1.8;0.7;1.2;42.3;36.9;3.8;5.0;49.5;30.5;0.4;0.7;0.0;0.0;0.0;0.0;0.0;0.0;0.0;0.0;0.0;0.0,31.41,0.07,0.0,0.05,14.42,0.0,292.0,390.0,4,16,,,,,,,,,,,,,,,,,,,,,,,,,,,,,,,,,,,,,,,,,,,,,,,,,,,,,,,,,,,,,
28,24,,,,,,,98,81,68,16,237.9,2730,10801,39,0,8.4,2.0;3.7;1.6;1.7;0.3;1.4;26.0;40.7;3.4;8.2;47.5;60.9;1.3;1.1;0.3;0.2;0.0;0.0;0.2;0.2;0.2;0.2;0.8;0.8,31.4,0.07,0.02,0.15,14.42,0.0,585.0,97.0,4,16,,,,,,,,,,,,,,,,,,,,,,,,,,,,,,,,,,,,,,,,,,,,,,,,,,,,,,,,,,,,,
28,25,,,,,,,100,79,70,16,238.5,2730,10801,39,0,8.1,1.1;3.6;2.7;3.5;0.6;1.1;35.7;57.5;3.5;3.8;37.9;41.5;0.3;0.8;0.0;0.0;0.2;0.0;0.0;0.0;0.0;0.2;0.0;0.0,31.4,0.07,0.05,0.31,14.42,0.0,488.0,1416.0,4,16,,,,,,,,,,,,,,,,,,,,,,,,,,,,,,,,,,,,,,,,,,,,,,,,,,,,,,,,,,,,,
28,26,,,,,,,100,55,71,14,237.9,2730,10801,39,0,8.7,2.0;5.0;2.8;2.0;1.1;0.8;54.0;27.9;5.5;8.0;34.9;56.3;1.9;1.3;0.2;0.6;0.8;0.2;0.6;0.2;0.6;0.5;0.2;0.6,31.44,0.07,0.0,0.1,14.42,0.0,585.0,292.0,4,16,,,,,,,,,,,,,,,,,,,,,,,,,,,,,,,,,,,,,,,,,,,,,,,,,,,,,,,,,,,,,
28,27,,,,,,,100,60,71,16,238.1,2730,10801,39,0,8.0,1.1;4.5;2.2;2.0;0.3;1.3;28.8;44.6;3.0;5.5;37.3;58.3;0.6;1.1;0.0;0.0;0.0;0.0;0.0;0.0;0.5;0.8;0.2;0.2,31.4,0.07,0.0,0.06,14.42,0.0,830.0,0.0,4,16,,,,,,,,,,,,,,,,,,,,,,,,,,,,,,,,,,,,,,,,,,,,,,,,,,,,,,,,,,,,,
28,28,,,,,,,100,73,69,14,237.6,2730,10801,39,0,7.8,0.6;3.1;1.7;2.2;0.2;1.4;51.0;29.1;6.3;6.3;31.1;52.9;0.6;0.8;0.0;0.3;0.0;0.2;0.0;0.2;0.0;0.2;0.0;0.2,31.37,0.07,0.0,0.04,14.42,0.0,195.0,1464.0,4,16,,,,,,,,,,,,,,,,,,,,,,,,,,,,,,,,,,,,,,,,,,,,,,,,,,,,,,,,,,,,,
28,29,,,,,,,100,83,68,16,238.7,2730,10801,39,0,8.0,1.1;2.8;2.4;1.6;0.3;0.8;50.5;38.8;5.3;5.2;35.7;46.8;0.3;0.5;0.0;0.0;0.0;0.0;0.0;0.0;0.2;0.2;0.0;0.2,31.38,0.07,0.02,0.04,14.42,0.0,830.0,1562.0,4,16,,,,,,,,,,,,,,,,,,,,,,,,,,,,,,,,,,,,,,,,,,,,,,,,,,,,,,,,,,,,,
28,30,,,,,,,100,77,69,13,238.5,2730,10801,39,0,6.2,0.8;3.7;1.6;1.3;0.2;0.3;18.6;46.5;2.8;3.3;35.6;33.9;0.5;0.0;0.2;0.0;0.0;0.0;0.0;0.0;0.0;0.3;0.0;0.0,31.39,0.07,0.0,0.04,14.42,0.0,2978.0,48.0,4,16,,,,,,,,,,,,,,,,,,,,,,,,,,,,,,,,,,,,,,,,,,,,,,,,,,,,,,,,,,,,,
28,31,,,,,,,98,78,69,14,237.0,2730,10801,39,0,6.2,2.0;2.4;1.5;2.2;0.5;1.5;40.0;19.3;5.9;5.7;21.2;45.9;0.0;0.0;0.0;0.0;0.0;0.0;0.0;0.0;0.5;0.5;0.0;0.0,31.43,0.07,0.0,0.18,14.42,0.0,341.0,1757.0,4,16,,,,,,,,,,,,,,,,,,,,,,,,,,,,,,,,,,,,,,,,,,,,,,,,,,,,,,,,,,,,,
28,summary,0.3197779069217795,0.9899350560631041,0.2840493113729689,0.9996666666666667,0.00100000,313.4,,,,,,,,,,,,,,,,,,,,,,0,93.45,100,0,74.16,87,59,68.58,72,12,15.35,24,130.7,232.58,238.7,2731.0,10801.0,39.0,0,6.2,8.31,21.0,31.34,31.39,31.52,63.16,0.07,0.07,0.07,16.0,0.0,0.0,0.05,0.02,0.43,4.19,11.015,16.348,14.42,14.42,14.42,15.992,0.0,0.0,0.0,0.0,2385.71,23925.0,0.0,5871.45,115429.0,4,4.0,4,16,16.0,16,4,16,6.59,290.66
29,1,,,,,,,100,77,67,16,114.9,2730,10801,39,0,21.4,18.9;22.1;23.6;23.2;21.3;22.0;63.5;58.7;27.3;27.2;69.6;54.0;11.7;13.1;4.5;5.0;9.5;10.5;1.7;1.7;7.6;6.9;5.1;5.9,31.49,0.07,0.0,0.05,14.42,0.0,341.0,390.0,4,16,,,,,,,,,,,,,,,,,,,,,,,,,,,,,,,,,,,,,,,,,,,,,,,,,,,,,,,,,,,,,
29,2,,,,,,,100,58,68,15,238.5,2730,10801,39,0,7.9,1.1;4.8;1.6;1.3;0.8;1.1;36.6;34.3;3.6;7.6;37.4;56.0;2.1;1.1;0.0;0.0;0.2;0.2;0.0;0.0;0.0;0.3;0.3;0.0,31.45,0.07,0.0,3.08,14.42,0.0,341.0,292.0,4,16,,,,,,,,,,,,,,,,,,,,,,,,,,,,,,,,,,,,,,,,,,,,,,,,,,,,,,,,,,,,,
29,3,,,,,,,100,74,69,16,238.5,2730,10801,38,0,7.8,1.1;2.5;1.7;1.6;0.9;0.5;35.7;51.2;2.2;6.1;31.5;49.1;0.6;0.9;0.2;0.0;0.2;0.3;0.3;0.2;0.2;0.2;0.6;0.0,31.42,0.07,0.0,1.69,14.42,0.0,341.0,2001.0,4,16,,,,,,,,,,,,,,,,,,,,,,,,,,,,,,,,,,,,,,,,,,,,,,,,,,,,,,,,,,,,,
29,4,,,,,,,100,86,71,14,237.4,2730,10801,39,0,8.1,1.9;3.6;3.3;2.5;0.3;0.5;40.8;44.5;4.6;5.0;38.1;48.0;0.8;0.5;0.0;0.0;0.2;0.0;0.2;0.0;0.0;0.0;0.0;0.0,31.41,0.07,0.0,2.9,14.42,0.0,292.0,1757.0,4,16,,,,,,,,,,,,,,,,,,,,,,,,,,,,,,,,,,,,,,,,,,,,,,,,,,,,,,,,,,,,,
29,5,,,,,,,98,80,70,21,237.7,2730,10801,39,0,7.7,1.1;3.7;1.9;0.3;0.8;1.1;46.8;36.6;3.8;4.5;37.4;44.7;0.3;0.8;0.0;0.0;0.3;0.0;0.0;0.0;0.2;0.0;0.3;0.0,31.41,0.07,0.0,0.03,14.42,0.0,292.0,1708.0,4,16,,,,,,,,,,,,,,,,,,,,,,,,,,,,,,,,,,,,,,,,,,,,,,,,,,,,,,,,,,,,,
29,6,,,,,,,100,77,71,16,238.8,2730,10801,39,0,8.0,0.6;4.0;1.3;1.6;0.3;0.2;49.5;43.3;2.5;6.0;32.2;46.5;0.9;0.5;0.0;0.2;0.2;0.0;0.0;0.0;0.0;0.3;0.3;0.0,31.43,0.07,0.03,0.19,14.42,0.0,292.0,390.0,4,16,,,,,,,,,,,,,,,,,,,,,,,,,,,,,,,,,,,,,,,,,,,,,,,,,,,,,,,,,,,,,
29,7,,,,,,,98,78,71,13,238.4,2730,10801,39,0,7.9,1.4;3.1;2.5;1.7;0.5;0.5;43.5;37.4;7.2;4.7;39.0;47.4;0.5;0.6;0.3;0.0;0.0;0.0;0.0;0.0;0.2;0.3;0.0;0.0,31.4,0.07,0.0,0.05,14.42,0.0,1464.0,1367.0,4,16,,,,,,,,,,,,,,,,,,,,,,,,,,,,,,,,,,,,,,,,,,,,,,,,,,,,,,,,,,,,,
29,8,,,,,,,98,81,70,15,233.5,2730,10801,39,0,8.0,1.1;2.5;2.5;1.9;0.6;0.2;50.7;33.7;3.6;4.8;44.7;43.5;1.2;0.5;0.0;0.0;0.2;0.2;0.2;0.0;0.0;0.0;0.0;0.0,31.38,0.07,0.0,0.02,14.421,0.0,1123.0,1464.0,4,16,,,,,,,,,,,,,,,,,,,,,,,,,,,,,,,,,,,,,,,,,,,,,,,,,,,,,,,,,,,,,
29,9,,,,,,,98,78,71,18,238.1,2730,10801,39,0,8.1,1.1;2.2;2.5;1.7;1.4;0.2;49.1;39.1;7.7;3.3;38.8;41.7;0.6;0.6;0.2;0.0;0.2;0.2;0.0;0.0;1.3;1.1;0.3;0.2,31.4,0.07,0.0,0.04,14.421,0.0,341.0,1855.0,4,16,,,,,,,,,,,,,,,,,,,,,,,,,,,,,,,,,,,,,,,,,,,,,,,,,,,,,,,,,,,,,
29,10,,,,,,,98,79,69,14,237.9,2730,10801,39,0,7.9,1.1;4.3;2.5;0.8;0.6;0.2;51.3;45.4;4.4;2.2;41.7;33.1;0.8;0.5;0.0;0.0;0.2;0.0;0.0;0.0;0.0;0.0;0.5;0.2,31.37,0.07,0.0,0.03,14.425,0.0,18896.0,32031.0,4,16,,,,,,,,,,,,,,,,,,,,,,,,,,,,,,,,,,,,,,,,,,,,,,,,,,,,,,,,,,,,,
29,11,,,,,,,100,67,69,20,234.1,2730,10801,39,0,8.2,1.9;2.8;3.9;3.0;0.8;0.8;55.8;33.0;5.8;6.0;37.9;41.2;1.1;1.1;0.8;0.6;0.2;0.2;0.0;0.0;0.2;0.2;0.2;0.0,31.4,0.07,0.0,0.01,14.421,0.0,1660.0,1367.0,4,16,,,,,,,,,,,,,,,,,,,,,,,,,,,,,,,,,,,,,,,,,,,,,,,,,,,,,,,,,,,,,
29,12,,,,,,,100,69,71,13,237.0,2730,10801,39,0,8.2,1.7;3.1;1.9;2.2;1.6;0.9;38.9;41.8;7.2;5.3;46.9;42.2;0.8;0.8;0.0;0.0;0.5;0.0;0.0;0.0;0.3;0.5;0.2;0.2,31.41,0.07,0.0,0.02,14.42,0.0,292.0,439.0,4,16,,,,,,,,,,,,,,,,,,,,,,,,,,,,,,,,,,,,,,,,,,,,,,,,,,,,,,,,,,,,,
29,13,,,,,,,100,56,71,13,237.8,2730,10801,39,0,8.0,1.7;2.6;1.9;1.9;0.9;0.3;46.9;29.9;3.1;5.8;46.5;48.2;0.6;0.8;0.0;0.0;0.0;0.3;0.0;0.0;0.2;0.3;0.0;0.0,31.38,0.07,0.0,0.02,14.42,0.0,830.0,1611.0,4,16,,,,,,,,,,,,,,,,,,,,,,,,,,,,,,,,,,,,,,,,,,,,,,,,,,,,,,,,,,,,,
29,14,,,,,,,100,53,71,15,234.9,2730,10801,39,0,8.3,0.6;4.8;2.2;1.9;0.6;1.2;45.1;52.4;5.8;6.2;29.2;44.7;0.8;0.5;0.2;0.0;0.0;0.0;0.0;0.0;0.3;0.0;0.3;0.0,31.39,0.07,0.0,0.02,14.42,0.0,1220.0,4101.0,4,16,,,,,,,,,,,,,,,,,,,,,,,,,,,,,,,,,,,,,,,,,,,,,,,,,,,,,,,,,,,,,
29,15,,,,,,,100,54,71,19,238.1,2730,10801,39,0,7.9,1.1;2.3;1.7;2.2;0.6;0.8;51.4;47.4;4.2;3.9;39.4;33.4;0.6;0.6;0.0;0.0;0.2;0.0;0.0;0.0;0.2;0.0;0.2;0.2,31.4,0.07,0.0,0.03,14.42,0.0,927.0,195.0,4,16,,,,,,,,,,,,,,,,,,,,,,,,,,,,,,,,,,,,,,,,,,,,,,,,,,,,,,,,,,,,,
29,16,,,,,,,100,50,69,14,237.5,2730,10801,39,0,8.2,2.2;3.6;3.3;3.4;0.2;0.9;42.9;38.7;4.2;4.2;50.5;38.5;0.9;0.6;0.0;0.0;0.5;0.6;0.0;0.3;0.0;0.0;0.5;0.3,31.36,0.07,0.0,0.01,14.42,0.0,292.0,488.0,4,16,,,,,,,,,,,,,,,,,,,,,,,,,,,,,,,,,,,,,,,,,,,,,,,,,,,,,,,,,,,,,
29,17,,,,,,,100,47,69,16,236.5,2730,10801,39,0,8.0,1.1;2.6;3.1;1.6;0.6;0.6;51.4;39.3;3.9;4.4;43.5;37.8;0.5;0.9;0.0;0.0;0.0;0.0;0.0;0.2;0.2;0.5;0.0;0.0,31.38,0.07,0.0,0.03,14.42,0.0,1220.0,5712.0,4,16,,,,,,,,,,,,,,,,,,,,,,,,,,,,,,,,,,,,,,,,,,,,,,,,,,,,,,,,,,,,,
29,18,,,,,,,100,56,69,15,237.1,2730,10801,39,0,8.1,1.4;3.4;2.0;1.4;0.2;0.3;46.1;46.6;5.9;5.1;46.8;33.3;0.8;0.6;0.2;0.2;0.0;0.0;0.0;0.0;0.2;0.2;0.0;0.0,31.37,0.07,0.0,0.02,14.42,0.0,1123.0,1513.0,4,16,,,,,,,,,,,,,,,,,,,,,,,,,,,,,,,,,,,,,,,,,,,,,,,,,,,,,,,,,,,,,
29,19,,,,,,,100,55,70,15,238.2,2730,10801,39,0,7.9,1.7;4.6;2.0;0.6;0.3;0.8;45.9;35.7;3.4;2.7;29.0;58.0;0.5;0.6;0.0;0.0;0.0;0.0;0.0;0.0;2.8;0.8;0.0;0.0,31.39,0.07,0.0,0.03,14.42,0.0,292.0,292.0,4,16,,,,,,,,,,,,,,,,,,,,,,,,,,,,,,,,,,,,,,,,,,,,,,,,,,,,,,,,,,,,,
29,20,,,,,,,100,50,69,19,236.7,2730,10801,39,0,7.8,1.3;4.4;1.1;0.8;1.9;0.3;53.4;34.5;5.3;3.8;35.8;44.0;0.8;0.5;0.0;0.0;0.2;0.0;0.0;0.0;0.0;0.0;0.3;0.2,31.4,0.07,0.0,0.02,14.42,0.0,1123.0,1513.0,4,16,,,,,,,,,,,,,,,,,,,,,,,,,,,,,,,,,,,,,,,,,,,,,,,,,,,,,,,,,,,,,
29,21,,,,,,,100,55,71,14,237.3,2730,10801,39,0,8.1,2.5;2.9;3.0;2.5;1.4;1.1;54.7;33.1;5.8;3.6;42.0;37.9;0.8;0.8;0.2;0.0;0.0;0.2;0.5;0.0;0.3;0.3;0.6;0.0,31.38,0.07,0.0,0.02,14.42,0.0,3271.0,1464.0,4,16,,,,,,,,,,,,,,,,,,,,,,,,,,,,,,,,,,,,,,,,,,,,,,,,,,,,,,,,,,,,,
29,22,,,,,,,100,46,70,16,236.9,2730,10801,39,0,7.9,0.6;3.3;0.8;1.6;0.6;0.3;52.3;36.6;6.8;7.3;34.1;41.8;1.1;0.6;0.0;0.0;0.2;0.2;0.0;0.0;0.0;0.0;0.0;0.2,31.39,0.07,0.0,0.02,14.42,0.0,52783.0,108007.0,4,16,,,,,,,,,,,,,,,,,,,,,,,,,,,,,,,,,,,,,,,,,,,,,,,,,,,,,,,,,,,,,
29,23,,,,,,,100,46,70,16,236.3,2730,10801,39,0,8.2,2.2;4.4;1.6;1.6;2.2;1.7;34.1;43.8;5.2;4.1;40.2;52.9;0.8;1.1;0.2;0.2;0.5;0.0;0.3;0.3;0.5;0.0;0.2;0.3,31.41,0.07,0.0,0.01,14.42,0.0,585.0,7226.0,4,16,,,,,,,,,,,,,,,,,,,,,,,,,,,,,,,,,,,,,,,,,,,,,,,,,,,,,,,,,,,,,
29,24,,,,,,,100,50,70,15,234.8,2730,10801,39,0,7.9,0.9;3.8;1.7;1.2;0.3;0.5;43.8;46.7;4.4;3.6;37.2;42.9;1.1;0.5;0.0;0.2;0.2;0.0;0.2;0.0;0.0;0.0;0.2;0.2,31.38,0.07,0.0,0.03,14.42,0.0,292.0,22656.0,4,16,,,,,,,,,,,,,,,,,,,,,,,,,,,,,,,,,,,,,,,,,,,,,,,,,,,,,,,,,,,,,
29,25,,,,,,,100,52,69,19,236.5,2730,10801,39,0,8.0,1.7;3.1;1.7;1.7;0.5;0.3;45.5;40.9;5.2;7.7;32.2;47.2;0.3;1.9;0.2;0.3;0.3;0.2;0.0;0.0;0.3;0.3;0.2;0.0,31.4,0.07,0.0,0.03,14.42,0.0,1464.0,24121.0,4,16,,,,,,,,,,,,,,,,,,,,,,,,,,,,,,,,,,,,,,,,,,,,,,,,,,,,,,,,,,,,,
29,26,,,,,,,100,46,71,13,236.3,2730,10801,39,0,8.3,3.3;6.3;2.6;2.6;0.0;1.4;41.0;49.8;5.0;4.7;35.5;44.1;0.8;0.9;0.0;0.0;0.3;0.0;0.0;0.2;0.2;0.0;0.5;0.2,31.39,0.07,0.0,0.02,14.42,0.0,1464.0,0.0,4,16,,,,,,,,,,,,,,,,,,,,,,,,,,,,,,,,,,,,,,,,,,,,,,,,,,,,,,,,,,,,,
29,27,,,,,,,100,72,69,16,232.1,2730,10801,39,0,8.4,2.2;4.6;2.3;2.2;0.3;0.3;63.7;54.2;5.1;3.4;37.5;22.6;0.8;0.8;0.0;0.0;0.0;0.0;0.0;0.2;0.3;0.6;0.2;0.2,31.4,0.07,0.0,0.04,14.42,0.0,341.0,5419.0,4,16,,,,,,,,,,,,,,,,,,,,,,,,,,,,,,,,,,,,,,,,,,,,,,,,,,,,,,,,,,,,,
29,28,,,,,,,100,53,70,16,236.3,2730,10801,39,0,8.2,0.9;3.9;1.7;1.3;0.2;0.3;50.1;50.9;4.4;4.4;44.3;28.0;1.6;0.6;0.0;0.3;0.2;0.5;0.0;0.5;0.0;0.5;0.8;1.1,31.39,0.07,0.0,0.03,14.42,0.0,1416.0,1464.0,4,16,,,,,,,,,,,,,,,,,,,,,,,,,,,,,,,,,,,,,,,,,,,,,,,,,,,,,,,,,,,,,
29,29,,,,,,,100,46,71,16,236.7,2730,10801,39,0,8.1,2.5;4.2;2.3;0.6;0.6;0.8;57.4;35.1;5.2;4.1;33.2;44.8;0.6;0.8;0.2;0.0;0.2;0.3;0.0;0.2;0.0;0.5;0.0;0.2,31.39,0.07,0.0,0.02,14.42,0.0,0.0,1708.0,4,16,,,,,,,,,,,,,,,,,,,,,,,,,,,,,,,,,,,,,,,,,,,,,,,,,,,,,,,,,,,,,
29,30,,,,,,,100,52,70,17,233.3,2730,10801,39,0,5.9,0.2;3.1;1.1;1.1;0.9;0.2;23.8;34.9;4.8;3.0;38.1;29.8;0.3;0.2;0.0;0.0;0.0;0.0;0.3;0.3;0.0;0.0;0.0;0.0,31.35,0.07,0.0,0.02,14.42,0.0,976.0,244.0,4,16,,,,,,,,,,,,,,,,,,,,,,,,,,,,,,,,,,,,,,,,,,,,,,,,,,,,,,,,,,,,,
29,31,,,,,,,100,57,68,15,235.9,2730,10801,39,0,5.2,0.2;1.5;0.2;0.7;0.5;0.0;27.3;18.7;3.2;1.0;30.5;39.8;0.0;0.2;0.0;0.0;0.2;0.0;0.0;0.0;0.0;0.0;0.0;0.0,31.37,0.07,0.0,0.03,14.42,0.0,1464.0,0.0,4,16,,,,,,,,,,,,,,,,,,,,,,,,,,,,,,,,,,,,,,,,,,,,,,,,,,,,,,,,,,,,,
29,summary,0.3197485457846257,0.9899897073423993,0.2837810015148587,0.9996666666666667,0.00100000,313.3,,,,,,,,,,,,,,,,,,,,,,98,99.68,100,46,61.29,86,67,69.84,71,13,15.81,21,114.9,232.71,238.8,2730.0,10801.0,39.0,0,5.2,8.31,21.4,31.35,31.4,31.49,63.16,0.07,0.07,0.07,16.0,0.0,0.0,0.03,0.01,0.28,3.08,11.015,16.348,14.42,14.42,14.425,15.992,0.0,0.0,0.0,0.0,3121.23,52783.0,0.0,7509.52,108007.0,4,4.0,4,16,16.0,16,4,16,6.2,290.92
30,1,,,,,,,100,72,68,18,133.4,2730,10801,38,0,21.6,20.6;23.9;24.5;23.8;22.3;21.9;61.6;54.4;27.1;25.6;60.6;64.6;14.9;14.3;3.9;5.0;8.9;9.4;2.8;2.4;7.9;7.2;6.4;6.0,31.7,0.07,0.0,0.01,14.42,0.0,1269.0,7275.0,4,16,,,,,,,,,,,,,,,,,,,,,,,,,,,,,,,,,,,,,,,,,,,,,,,,,,,,,,,,,,,,,
30,2,,,,,,,98,77,70,17,236.3,2730,10801,38,0,8.0,0.9;2.9;3.4;0.9;0.6;0.5;55.1;29.1;5.3;4.7;34.5;51.5;0.5;1.3;0.2;0.2;0.0;0.0;0.0;0.2;0.2;0.0;0.0;0.3,31.48,0.07,0.0,4.57,14.42,0.0,0.0,1367.0,4,16,,,,,,,,,,,,,,,,,,,,,,,,,,,,,,,,,,,,,,,,,,,,,,,,,,,,,,,,,,,,,
30,3,,,,,,,100,50,71,14,237.3,2730,10801,39,0,8.2,1.1;4.5;1.4;1.9;0.3;0.3;47.6;45.6;5.8;5.3;32.9;48.0;0.9;0.5;0.0;0.0;0.0;0.2;0.0;0.2;0.0;0.3;0.0;0.3,31.45,0.07,0.0,2.64,14.42,0.0,1416.0,0.0,4,16,,,,,,,,,,,,,,,,,,,,,,,,,,,,,,,,,,,,,,,,,,,,,,,,,,,,,,,,,,,,,
30,4,,,,,,,100,55,70,15,237.2,2730,10801,38,0,8.3,2.0;3.4;2.9;2.2;0.9;0.5;52.2;46.7;4.3;3.6;37.5;37.8;0.6;1.1;0.2;0.5;0.3;0.2;0.3;0.3;0.2;0.6;0.5;0.3,31.43,0.07,0.0,1.54,14.42,0.0,292.0,97.0,4,16,,,,,,,,,,,,,,,,,,,,,,,,,,,,,,,,,,,,,,,,,,,,,,,,,,,,,,,,,,,,,
30,5,,,,,,,100,72,70,14,235.5,2730,10801,38,0,8.2,1.9;4.9;2.7;1.6;0.5;1.1;48.7;42.8;4.4;4.5;38.7;41.6;0.6;0.5;0.0;0.0;0.2;0.0;0.2;0.0;0.2;0.0;0.2;0.2,31.4,0.07,0.0,2.55,14.42,0.0,634.0,1562.0,4,16,,,,,,,,,,,,,,,,,,,,,,,,,,,,,,,,,,,,,,,,,,,,,,,,,,,,,,,,,,,,,
30,6,,,,,,,100,61,70,17,237.4,2730,10801,39,0,8.2,1.4;4.5;2.8;1.7;0.9;0.9;42.1;32.6;6.4;4.5;40.2;56.5;0.9;0.9;0.0;0.0;0.2;0.0;0.0;0.2;0.0;0.2;0.0;0.3,31.4,0.07,0.0,0.02,14.42,0.0,292.0,390.0,4,16,,,,,,,,,,,,,,,,,,,,,,,,,,,,,,,,,,,,,,,,,,,,,,,,,,,,,,,,,,,,,
30,7,,,,,,,100,54,70,15,236.8,2730,10801,39,0,7.9,1.4;3.1;0.9;1.4;0.9;0.5;52.7;43.1;4.7;2.6;41.6;35.0;0.8;0.6;0.0;0.0;0.0;0.0;0.0;0.0;0.0;0.3;0.0;0.0,31.39,0.07,0.0,0.03,14.42,0.0,31396.0,1367.0,4,16,,,,,,,,,,,,,,,,,,,,,,,,,,,,,,,,,,,,,,,,,,,,,,,,,,,,,,,,,,,,,
30,8,,,,,,,100,70,68,15,233.3,2730,10801,39,0,8.4,2.8;6.1;3.3;2.8;0.6;0.9;48.5;51.6;5.0;4.2;36.2;36.8;1.2;0.6;0.0;0.0;0.0;0.2;0.2;0.2;0.3;0.5;0.5;0.3,31.37,0.07,0.0,0.01,14.42,0.0,488.0,1464.0,4,16,,,,,,,,,,,,,,,,,,,,,,,,,,,,,,,,,,,,,,,,,,,,,,,,,,,,,,,,,,,,,
30,9,,,,,,,98,78,71,14,237.1,2730,10801,39,0,8.0,0.8;3.3;1.6;1.7;0.3;0.9;40.0;52.3;4.4;4.7;39.5;39.4;0.6;0.6;0.2;0.3;0.0;0.0;0.2;0.2;0.3;0.5;0.0;0.3,31.4,0.07,0.0,0.03,14.42,0.0,42773.0,195.0,4,16,,,,,,,,,,,,,,,,,,,,,,,,,,,,,,,,,,,,,,,,,,,,,,,,,,,,,,,,,,,,,
30,10,,,,,,,100,74,68,21,237.1,2730,10801,39,0,8.3,1.4;5.2;2.2;1.9;0.9;0.6;45.1;35.7;3.4;6.4;39.2;53.4;0.6;0.8;0.2;0.0;0.2;0.0;0.2;0.2;0.0;0.3;0.0;0.0,31.4,0.07,0.0,0.13,14.42,0.0,341.0,390.0,4,16,,,,,,,,,,,,,,,,,,,,,,,,,,,,,,,,,,,,,,,,,,,,,,,,,,,,,,,,,,,,,
30,11,,,,,,,98,75,68,20,233.2,2730,10801,38,0,7.8,0.8;3.8;2.0;1.1;0.2;2.0;47.2;37.8;4.1;4.5;23.2;60.2;0.5;0.9;0.3;0.0;0.0;0.0;0.0;0.0;0.0;0.2;0.2;0.2,31.41,0.07,0.0,0.03,14.42,0.0,341.0,1757.0,4,16,,,,,,,,,,,,,,,,,,,,,,,,,,,,,,,,,,,,,,,,,,,,,,,,,,,,,,,,,,,,,
30,12,,,,,,,99,77,72,15,237.4,2730,10801,38,0,7.9,1.4;2.9;0.9;0.9;0.5;0.5;42.5;34.9;3.6;4.2;41.0;51.7;0.2;1.4;0.0;0.2;0.0;0.2;0.2;0.2;0.3;0.6;0.2;0.0,31.41,0.07,0.0,0.04,14.42,0.0,1123.0,1562.0,4,16,,,,,,,,,,,,,,,,,,,,,,,,,,,,,,,,,,,,,,,,,,,,,,,,,,,,,,,,,,,,,
30,13,,,,,,,100,70,72,16,236.9,2730,10801,38,0,8.0,0.5;3.6;1.7;2.2;0.3;0.6;57.1;33.3;2.5;7.0;36.5;44.9;0.8;0.8;0.0;0.0;0.0;0.0;0.0;0.0;0.2;0.6;0.0;0.0,31.41,0.07,0.0,0.02,14.42,0.0,3613.0,1367.0,4,16,,,,,,,,,,,,,,,,,,,,,,,,,,,,,,,,,,,,,,,,,,,,,,,,,,,,,,,,,,,,,
30,14,,,,,,,100,69,72,14,234.4,2730,10801,39,0,7.9,1.2;3.5;0.8;1.6;0.5;0.2;39.3;42.0;1.7;7.4;44.2;45.6;0.5;0.5;0.0;0.5;0.0;0.3;0.0;0.0;0.2;0.0;0.2;0.2,31.39,0.07,0.0,0.02,14.42,0.0,2050.0,0.0,4,16,,,,,,,,,,,,,,,,,,,,,,,,,,,,,,,,,,,,,,,,,,,,,,,,,,,,,,,,,,,,,
30,15,,,,,,,100,74,70,20,237.8,2730,10801,38,0,8.3,2.3;4.2;1.2;2.6;0.8;1.4;48.7;30.9;2.6;6.8;36.1;56.2;1.1;0.9;0.2;0.5;0.5;0.0;0.0;0.0;0.0;0.2;0.6;1.2,31.41,0.07,0.0,0.02,14.42,0.0,38330.0,19140.0,4,16,,,,,,,,,,,,,,,,,,,,,,,,,,,,,,,,,,,,,,,,,,,,,,,,,,,,,,,,,,,,,
30,16,,,,,,,98,78,71,20,237.8,2730,10801,38,0,8.0,1.4;3.7;0.9;2.0;0.9;0.6;59.0;40.1;3.1;4.8;23.3;49.5;0.3;0.6;0.0;0.0;0.2;0.0;0.0;0.0;0.2;0.0;0.2;0.6,31.39,0.07,0.0,0.03,14.42,0.0,12255.0,16992.0,4,16,,,,,,,,,,,,,,,,,,,,,,,,,,,,,,,,,,,,,,,,,,,,,,,,,,,,,,,,,,,,,
30,17,,,,,,,98,81,70,20,236.8,2730,10801,38,0,8.3,3.4;2.6;1.4;1.9;0.5;1.2;38.6;48.0;4.7;3.4;42.1;45.4;1.1;0.6;0.2;0.0;0.3;0.6;0.0;0.2;0.5;0.3;0.9;0.6,31.38,0.07,0.0,0.04,14.42,0.0,4052.0,5322.0,4,16,,,,,,,,,,,,,,,,,,,,,,,,,,,,,,,,,,,,,,,,,,,,,,,,,,,,,,,,,,,,,
30,18,,,,,,,98,80,69,13,237.3,2730,10801,39,0,7.8,0.6;3.1;1.7;1.6;0.6;0.9;56.0;43.4;3.7;4.1;33.8;34.8;0.5;0.6;0.5;0.0;0.0;0.0;0.2;0.0;0.0;0.2;0.0;0.5,31.4,0.07,0.0,0.01,14.42,0.0,33740.0,300976.0,4,16,,,,,,,,,,,,,,,,,,,,,,,,,,,,,,,,,,,,,,,,,,,,,,,,,,,,,,,,,,,,,
30,19,,,,,,,98,80,69,14,236.1,2730,10801,39,0,8.0,1.1;2.5;1.4;2.4;0.9;1.1;50.0;42.3;3.1;6.7;44.7;32.4;0.9;0.6;0.0;0.2;0.5;0.2;0.0;0.2;0.3;0.2;1.1;0.0,31.38,0.07,0.0,0.02,14.42,0.0,13476.0,15185.0,4,16,,,,,,,,,,,,,,,,,,,,,,,,,,,,,,,,,,,,,,,,,,,,,,,,,,,,,,,,,,,,,
30,20,,,,,,,98,80,69,14,237.1,2730,10801,39,0,8.0,0.8;6.1;0.6;2.0;0.5;0.3;40.5;47.4;3.3;5.1;41.0;42.1;0.8;0.5;0.0;0.2;0.0;0.0;0.0;0.0;0.0;0.3;0.0;0.0,31.38,0.07,0.0,0.02,14.42,0.0,1171.0,107617.0,4,16,,,,,,,,,,,,,,,,,,,,,,,,,,,,,,,,,,,,,,,,,,,,,,,,,,,,,,,,,,,,,
30,21,,,,,,,98,79,70,15,236.1,2730,10801,39,0,8.0,0.8;3.4;0.8;1.7;0.5;0.5;54.7;31.8;1.7;6.5;43.5;44.1;0.6;0.3;0.0;0.3;0.0;0.0;0.0;0.2;0.9;0.5;0.0;0.2,31.38,0.07,0.0,0.02,14.42,0.0,1367.0,35302.0,4,16,,,,,,,,,,,,,,,,,,,,,,,,,,,,,,,,,,,,,,,,,,,,,,,,,,,,,,,,,,,,,
30,22,,,,,,,98,78,69,16,236.1,2730,10801,39,0,8.1,1.3;4.0;0.8;1.9;0.6;1.1;38.3;49.8;2.2;7.4;32.7;49.0;1.6;2.6;0.0;0.2;0.5;0.2;0.0;0.0;0.0;0.0;0.0;0.2,31.37,0.07,0.0,0.04,14.42,0.0,9033.0,0.0,4,16,,,,,,,,,,,,,,,,,,,,,,,,,,,,,,,,,,,,,,,,,,,,,,,,,,,,,,,,,,,,,
30,23,,,,,,,98,79,68,20,236.1,2730,10801,39,0,8.1,1.9;2.3;3.6;2.5;0.8;0.8;30.2;28.9;3.4;5.9;41.8;68.2;1.2;0.9;0.2;0.0;0.0;0.2;0.0;0.0;0.0;0.0;0.5;0.0,31.38,0.07,0.0,0.01,14.42,0.0,878.0,1513.0,4,16,,,,,,,,,,,,,,,,,,,,,,,,,,,,,,,,,,,,,,,,,,,,,,,,,,,,,,,,,,,,,
30,24,,,,,,,100,82,67,16,235.3,2730,10801,39,0,8.0,1.1;3.5;0.9;1.6;0.5;0.8;35.7;42.4;3.1;6.5;26.7;65.6;0.6;0.9;0.0;0.3;0.0;0.0;0.6;0.0;0.0;0.3;0.0;0.0,31.38,0.07,0.0,0.05,14.42,0.0,976.0,6835.0,4,16,,,,,,,,,,,,,,,,,,,,,,,,,,,,,,,,,,,,,,,,,,,,,,,,,,,,,,,,,,,,,
30,25,,,,,,,100,86,67,13,237.3,2730,10801,39,0,7.7,0.6;2.3;0.9;2.2;0.2;0.6;42.5;34.8;3.8;6.1;42.8;45.3;0.5;0.6;0.0;0.0;0.0;0.0;0.0;0.0;0.0;1.2;0.0;0.0,31.36,0.07,0.0,0.03,14.42,0.0,781.0,1464.0,4,16,,,,,,,,,,,,,,,,,,,,,,,,,,,,,,,,,,,,,,,,,,,,,,,,,,,,,,,,,,,,,
30,26,,,,,,,100,86,68,15,237.8,2730,10801,39,0,8.2,1.6;4.5;1.4;2.5;0.5;0.9;46.6;28.8;4.1;5.2;47.5;48.4;0.5;1.3;0.0;0.2;0.2;0.0;0.2;0.0;0.0;0.0;1.2;1.3,31.38,0.07,0.0,0.02,14.42,0.0,1464.0,1513.0,4,16,,,,,,,,,,,,,,,,,,,,,,,,,,,,,,,,,,,,,,,,,,,,,,,,,,,,,,,,,,,,,
30,27,,,,,,,98,81,68,16,233.6,2730,10801,39,0,7.8,0.6;5.2;1.6;0.8;0.6;0.5;41.0;42.0;3.6;5.6;33.2;51.9;0.6;0.5;0.0;0.0;0.0;0.0;0.0;0.0;0.0;0.0;0.0;0.0,31.39,0.07,0.0,0.02,14.42,0.0,537.0,0.0,4,16,,,,,,,,,,,,,,,,,,,,,,,,,,,,,,,,,,,,,,,,,,,,,,,,,,,,,,,,,,,,,
30,28,,,,,,,98,78,67,15,237.4,2730,10801,39,0,8.1,1.1;3.9;1.1;1.6;1.4;2.7;36.4;62.4;3.1;6.7;41.4;29.9;0.8;0.6;0.2;0.2;0.6;0.2;0.0;0.0;0.2;0.6;0.0;0.0,31.37,0.07,0.0,0.02,14.42,0.0,341.0,1904.0,4,16,,,,,,,,,,,,,,,,,,,,,,,,,,,,,,,,,,,,,,,,,,,,,,,,,,,,,,,,,,,,,
30,29,,,,,,,98,80,70,21,237.1,2730,10801,39,0,8.3,1.1;3.4;1.4;1.7;0.6;0.9;47.0;34.4;4.8;4.3;47.8;44.6;1.2;0.9;0.3;0.0;0.6;0.2;0.0;0.0;0.0;0.0;1.6;0.9,31.4,0.07,0.0,0.02,14.42,0.0,537.0,1416.0,4,16,,,,,,,,,,,,,,,,,,,,,,,,,,,,,,,,,,,,,,,,,,,,,,,,,,,,,,,,,,,,,
30,30,,,,,,,98,77,69,15,232.9,2730,10801,39,0,6.1,0.8;3.2;1.6;0.9;0.5;1.1;43.5;38.8;2.8;3.7;18.8;27.9;0.9;0.2;0.0;0.0;0.2;0.0;0.0;0.0;0.6;0.3;0.2;0.0,31.39,0.07,0.0,0.04,14.42,0.0,1074.0,1806.0,4,16,,,,,,,,,,,,,,,,,,,,,,,,,,,,,,,,,,,,,,,,,,,,,,,,,,,,,,,,,,,,,
30,31,,,,,,,100,70,68,16,236.9,2730,10801,39,0,5.8,0.5;2.7;1.2;1.5;1.2;0.2;13.3;27.7;2.7;2.7;41.9;40.0;0.2;0.2;0.0;0.0;0.2;0.2;0.0;0.0;1.0;0.7;0.2;0.2,31.4,0.07,0.0,0.02,14.42,0.0,1416.0,48.0,4,16,,,,,,,,,,,,,,,,,,,,,,,,,,,,,,,,,,,,,,,,,,,,,,,,,,,,,,,,,,,,,
30,summary,0.31842244652458646,0.9903608806142804,0.28397819413079156,0.9996666666666667,0.00100000,313.7,,,,,,,,,,,,,,,,,,,,,,98,99.0,100,50,74.29,86,67,69.32,72,13,16.26,21,133.4,232.99,237.8,2730.0,10801.0,38.7,0,5.8,8.36,21.6,31.36,31.41,31.7,63.16,0.07,0.07,0.07,16.0,0.0,0.0,0.0,0.01,0.39,4.57,11.015,16.348,14.42,14.42,14.42,15.992,0.0,0.0,0.0,0.0,6692.13,42773.0,0.0,17284.71,300976.0,4,4.0,4,16,16.0,16,4,16,6.22,291.16
31,1,,,,,,,14,11,59,22,141.8,2745,10801,39,0,21.5,19.3;20.6;23.4;23.8;21.5;22.3;61.3;68.0;24.0;26.0;61.2;55.8;11.5;13.7;3.9;4.5;9.1;9.6;3.5;3.3;7.1;7.1;7.2;6.7,31.71,0.07,0.0,0.05,14.42,0.0,1220.0,6250.0,4,16,,,,,,,,,,,,,,,,,,,,,,,,,,,,,,,,,,,,,,,,,,,,,,,,,,,,,,,,,,,,,
31,2,,,,,,,100,89,68,14,236.0,2730,10801,39,0,8.1,2.0;2.6;2.3;1.1;0.5;0.3;37.1;53.4;3.0;5.9;42.0;42.0;0.8;0.9;0.0;0.0;0.0;0.2;0.2;0.2;0.3;0.0;0.0;0.0,31.43,0.07,0.0,2.64,14.42,0.0,244.0,1757.0,4,16,,,,,,,,,,,,,,,,,,,,,,,,,,,,,,,,,,,,,,,,,,,,,,,,,,,,,,,,,,,,,
31,3,,,,,,,98,80,68,16,235.8,2730,10801,38,0,8.4,1.6;5.7;3.1;3.0;1.3;0.8;43.7;32.8;3.8;7.3;42.3;52.8;0.5;0.5;0.2;0.0;0.2;0.2;0.2;0.2;0.5;0.2;1.2;1.1,31.4,0.07,0.0,1.92,14.42,0.0,1171.0,1464.0,4,16,,,,,,,,,,,,,,,,,,,,,,,,,,,,,,,,,,,,,,,,,,,,,,,,,,,,,,,,,,,,,
31,4,,,,,,,98,78,68,16,236.1,2730,10801,38,0,7.8,1.7;2.6;2.6;0.9;0.3;0.3;43.0;33.4;3.8;3.3;41.9;52.3;0.6;0.3;0.0;0.0;0.0;0.0;0.2;0.0;0.0;0.0;0.2;0.0,31.4,0.07,0.02,3.02,14.42,0.0,1464.0,1416.0,4,16,,,,,,,,,,,,,,,,,,,,,,,,,,,,,,,,,,,,,,,,,,,,,,,,,,,,,,,,,,,,,
31,5,,,,,,,100,89,70,15,235.0,2730,10801,38,0,7.8,0.9;3.7;2.2;1.1;1.2;2.2;42.2;38.9;4.2;1.7;43.0;43.6;0.8;0.8;0.2;0.0;0.0;0.0;0.2;0.0;0.2;0.0;0.3;0.2,31.39,0.07,0.06,0.31,14.42,0.0,634.0,2001.0,4,16,,,,,,,,,,,,,,,,,,,,,,,,,,,,,,,,,,,,,,,,,,,,,,,,,,,,,,,,,,,,,
31,6,,,,,,,100,90,70,18,237.4,2730,10801,39,0,8.3,1.3;3.4;1.1;2.8;1.1;0.8;44.8;32.4;4.8;3.6;42.2;56.2;1.1;0.8;0.0;0.0;0.3;0.3;0.3;0.3;0.3;0.3;0.2;0.2,31.38,0.07,0.0,0.04,14.42,0.0,976.0,1953.0,4,16,,,,,,,,,,,,,,,,,,,,,,,,,,,,,,,,,,,,,,,,,,,,,,,,,,,,,,,,,,,,,
31,7,,,,,,,98,78,68,14,235.7,2730,10801,38,0,8.0,1.6;2.5;2.8;1.2;0.9;1.7;46.9;30.1;5.3;2.8;40.3;51.3;0.6;0.8;0.0;0.2;0.5;0.0;0.0;0.0;0.2;0.5;0.5;0.5,31.4,0.07,0.0,0.02,14.42,0.0,29345.0,269287.0,4,16,,,,,,,,,,,,,,,,,,,,,,,,,,,,,,,,,,,,,,,,,,,,,,,,,,,,,,,,,,,,,
31,8,,,,,,,100,82,67,13,234.3,2730,10801,39,0,8.0,1.2;3.7;2.2;0.9;0.3;0.9;64.3;27.8;4.7;3.7;42.6;37.7;1.1;0.8;0.0;0.0;0.0;0.0;0.0;0.0;0.0;0.0;0.3;0.0,31.39,0.07,0.0,0.02,14.42,0.0,1464.0,439.0,4,16,,,,,,,,,,,,,,,,,,,,,,,,,,,,,,,,,,,,,,,,,,,,,,,,,,,,,,,,,,,,,
31,9,,,,,,,100,86,67,16,237.7,2730,10801,39,0,7.9,0.9;3.0;3.0;1.1;1.1;0.8;48.5;53.1;3.6;4.2;16.7;50.4;1.3;1.1;0.0;0.0;0.0;0.0;0.0;0.0;0.8;0.0;0.0;0.0,31.39,0.07,0.0,0.02,14.42,0.0,0.0,2099.0,4,16,,,,,,,,,,,,,,,,,,,,,,,,,,,,,,,,,,,,,,,,,,,,,,,,,,,,,,,,,,,,,
31,10,,,,,,,100,90,70,15,237.8,2730,10801,39,0,7.9,0.9;2.8;2.2;0.5;0.8;0.5;43.6;32.6;2.0;4.2;51.8;45.6;0.3;0.6;0.0;0.0;0.0;0.3;0.0;0.0;0.2;0.0;0.0;0.0,31.39,0.07,0.0,0.01,14.42,0.0,1416.0,8691.0,4,16,,,,,,,,,,,,,,,,,,,,,,,,,,,,,,,,,,,,,,,,,,,,,,,,,,,,,,,,,,,,,
31,11,,,,,,,100,88,73,16,234.8,2730,10801,39,0,7.8,0.8;2.8;1.1;1.1;1.1;0.5;42.8;48.1;3.6;3.1;38.8;40.4;0.6;0.6;0.0;0.0;0.0;0.3;0.0;0.0;0.2;0.6;0.3;0.0,31.4,0.07,0.0,0.03,14.42,0.0,390.0,1513.0,4,16,,,,,,,,,,,,,,,,,,,,,,,,,,,,,,,,,,,,,,,,,,,,,,,,,,,,,,,,,,,,,
31,12,,,,,,,100,87,71,15,237.4,2730,10801,38,0,7.9,1.6;3.1;1.1;1.3;0.8;0.0;41.9;36.9;4.7;4.5;36.9;54.4;0.6;0.8;0.0;0.0;0.0;0.0;0.0;0.0;0.0;0.0;0.0;0.0,31.39,0.07,0.0,0.02,14.42,0.0,3027.0,195.0,4,16,,,,,,,,,,,,,,,,,,,,,,,,,,,,,,,,,,,,,,,,,,,,,,,,,,,,,,,,,,,,,
31,13,,,,,,,98,79,68,15,236.7,2730,10801,38,0,8.0,1.4;3.7;1.4;0.8;0.8;0.6;32.8;34.6;5.3;2.8;51.2;54.8;0.8;0.6;0.2;0.0;0.0;0.3;0.0;0.2;0.0;0.3;0.0;0.2,31.37,0.07,0.0,0.02,14.42,0.0,67285.0,13281.0,4,16,,,,,,,,,,,,,,,,,,,,,,,,,,,,,,,,,,,,,,,,,,,,,,,,,,,,,,,,,,,,,
31,14,,,,,,,98,78,71,16,234.9,2730,10801,39,0,8.5,1.9;3.8;2.2;2.2;0.8;0.5;52.7;37.9;5.6;6.5;40.8;44.8;0.9;0.3;0.2;0.0;0.5;0.0;0.0;0.0;0.6;0.3;0.2;0.0,31.38,0.07,0.0,0.02,14.42,0.0,38623.0,22851.0,4,16,,,,,,,,,,,,,,,,,,,,,,,,,,,,,,,,,,,,,,,,,,,,,,,,,,,,,,,,,,,,,
31,15,,,,,,,98,81,69,15,237.0,2730,10801,38,0,7.9,0.8;4.0;1.9;1.7;0.5;0.5;45.9;40.0;4.1;2.0;37.4;48.7;0.5;0.3;0.2;0.2;0.2;0.0;0.0;0.0;0.5;0.2;0.0;0.0,31.37,0.07,0.0,0.01,14.42,0.0,585.0,21923.0,4,16,,,,,,,,,,,,,,,,,,,,,,,,,,,,,,,,,,,,,,,,,,,,,,,,,,,,,,,,,,,,,
31,16,,,,,,,98,78,69,17,236.6,2730,10801,39,0,8.0,1.2;4.8;1.7;0.9;0.9;0.3;45.8;34.6;3.9;3.3;37.0;54.3;0.6;0.5;0.2;0.2;0.0;0.0;0.0;0.0;0.2;0.2;0.0;0.0,31.38,0.07,0.0,0.03,14.42,0.0,1464.0,1464.0,4,16,,,,,,,,,,,,,,,,,,,,,,,,,,,,,,,,,,,,,,,,,,,,,,,,,,,,,,,,,,,,,
31,17,,,,,,,100,90,70,18,237.4,2730,10801,39,0,8.1,0.9;3.7;2.0;1.1;1.1;0.6;51.0;34.9;5.3;5.0;40.4;46.8;0.8;0.9;0.0;0.0;0.3;0.0;0.0;0.0;0.3;0.0;0.3;0.0,31.39,0.07,0.0,0.04,14.42,0.0,1757.0,29443.0,4,16,,,,,,,,,,,,,,,,,,,,,,,,,,,,,,,,,,,,,,,,,,,,,,,,,,,,,,,,,,,,,
31,18,,,,,,,100,88,67,15,238.4,2730,10801,38,0,7.9,1.7;3.3;1.9;1.2;0.8;0.3;42.2;42.1;4.5;3.6;33.0;54.8;0.5;0.6;0.0;0.0;0.0;0.0;0.0;0.0;0.0;0.0;0.0;0.0,31.38,0.07,0.0,0.02,14.42,0.0,6689.0,48.0,4,16,,,,,,,,,,,,,,,,,,,,,,,,,,,,,,,,,,,,,,,,,,,,,,,,,,,,,,,,,,,,,
31,19,,,,,,,98,82,70,16,237.8,2730,10801,38,0,7.7,0.9;5.5;1.6;1.1;1.3;0.6;37.7;56.3;3.1;3.4;23.5;48.3;0.3;1.1;0.0;0.0;0.0;0.0;0.0;0.0;0.0;0.0;0.0;0.0,31.37,0.07,0.0,0.02,14.42,0.0,341.0,1708.0,4,16,,,,,,,,,,,,,,,,,,,,,,,,,,,,,,,,,,,,,,,,,,,,,,,,,,,,,,,,,,,,,
31,20,,,,,,,100,68,69,16,236.4,2730,10801,39,0,7.9,0.9;3.9;3.7;2.0;0.8;0.5;47.0;44.4;4.1;4.2;31.9;44.7;0.5;0.5;0.3;0.2;0.2;0.3;0.0;0.0;0.0;0.0;0.3;0.0,31.4,0.07,0.0,0.02,14.42,0.0,781.0,6445.0,4,16,,,,,,,,,,,,,,,,,,,,,,,,,,,,,,,,,,,,,,,,,,,,,,,,,,,,,,,,,,,,,
31,21,,,,,,,98,79,69,15,236.3,2730,10801,39,0,8.2,0.9;6.4;2.5;1.6;1.1;0.8;36.6;48.0;4.8;5.8;32.1;54.0;0.8;1.2;0.0;0.2;0.3;0.2;0.0;0.0;0.2;0.0;0.2;0.2,31.39,0.07,0.0,0.06,14.42,0.0,0.0,4541.0,4,16,,,,,,,,,,,,,,,,,,,,,,,,,,,,,,,,,,,,,,,,,,,,,,,,,,,,,,,,,,,,,
31,22,,,,,,,100,76,68,21,237.5,2730,10801,39,0,8.4,2.5;4.9;3.0;1.9;1.1;0.6;37.1;51.7;5.3;6.4;34.3;48.9;0.8;0.8;0.0;0.3;0.0;0.2;0.0;0.0;0.0;0.5;0.0;0.2,31.36,0.07,0.0,0.03,14.42,0.0,1464.0,48.0,4,16,,,,,,,,,,,,,,,,,,,,,,,,,,,,,,,,,,,,,,,,,,,,,,,,,,,,,,,,,,,,,
31,23,,,,,,,100,72,70,13,237.3,2730,10801,38,0,7.8,1.1;3.4;1.3;2.2;0.6;0.8;40.1;52.2;4.9;4.9;33.5;41.0;0.3;0.6;0.0;0.2;0.0;0.2;0.0;0.0;0.0;0.2;0.2;0.0,31.39,0.07,0.0,0.02,14.42,0.0,585.0,1416.0,4,16,,,,,,,,,,,,,,,,,,,,,,,,,,,,,,,,,,,,,,,,,,,,,,,,,,,,,,,,,,,,,
31,24,,,,,,,100,75,68,16,235.9,2730,10801,39,0,7.9,2.2;3.1;1.2;2.5;1.1;0.6;36.3;41.1;3.1;4.5;39.6;52.0;0.9;0.5;0.3;0.2;0.2;0.2;0.2;0.2;0.0;0.5;0.0;0.3,31.39,0.07,0.0,0.02,14.42,0.0,292.0,390.0,4,16,,,,,,,,,,,,,,,,,,,,,,,,,,,,,,,,,,,,,,,,,,,,,,,,,,,,,,,,,,,,,
31,25,,,,,,,100,70,69,16,237.2,2730,10801,39,0,8.0,1.7;3.3;1.7;1.3;0.8;0.6;43.4;44.5;3.9;3.6;37.0;47.6;0.6;0.8;0.0;0.2;0.2;0.0;0.0;0.2;0.0;0.0;0.2;0.2,31.39,0.07,0.0,0.04,14.42,0.0,1464.0,1416.0,4,16,,,,,,,,,,,,,,,,,,,,,,,,,,,,,,,,,,,,,,,,,,,,,,,,,,,,,,,,,,,,,
31,26,,,,,,,100,54,69,15,237.4,2730,10801,38,0,8.0,2.3;3.4;2.4;1.6;0.9;0.2;52.1;38.3;5.2;4.2;38.4;40.7;0.9;0.3;0.0;0.2;0.2;0.2;0.0;0.0;0.2;0.5;0.0;0.0,31.41,0.07,0.0,0.02,14.42,0.0,11425.0,14453.0,4,16,,,,,,,,,,,,,,,,,,,,,,,,,,,,,,,,,,,,,,,,,,,,,,,,,,,,,,,,,,,,,
31,27,,,,,,,100,61,69,13,233.3,2730,10801,39,0,7.9,1.7;5.2;1.1;1.6;0.2;0.6;44.0;28.8;4.5;3.7;33.3;62.8;0.9;0.8;0.0;0.0;0.0;0.0;0.0;0.0;0.2;0.2;0.0;0.0,31.37,0.07,0.0,0.03,14.42,0.0,976.0,292.0,4,16,,,,,,,,,,,,,,,,,,,,,,,,,,,,,,,,,,,,,,,,,,,,,,,,,,,,,,,,,,,,,
31,28,,,,,,,100,50,69,16,236.4,2730,10801,39,0,7.9,1.7;3.4;3.0;2.2;0.6;0.6;38.8;43.7;3.3;3.9;37.0;49.8;0.8;0.3;0.0;0.0;0.2;0.0;0.0;0.5;0.0;0.0;0.0;0.0,31.38,0.07,0.0,0.02,14.42,0.0,1464.0,1611.0,4,16,,,,,,,,,,,,,,,,,,,,,,,,,,,,,,,,,,,,,,,,,,,,,,,,,,,,,,,,,,,,,
31,29,,,,,,,100,50,70,15,237.6,2730,10801,38,0,8.1,0.8;4.5;1.4;1.7;1.3;0.5;42.6;40.4;3.4;6.1;41.1;46.6;1.1;1.1;0.0;0.2;0.0;0.0;0.3;0.0;0.3;0.5;0.0;0.2,31.39,0.07,0.0,0.03,14.42,0.0,634.0,1513.0,4,16,,,,,,,,,,,,,,,,,,,,,,,,,,,,,,,,,,,,,,,,,,,,,,,,,,,,,,,,,,,,,
31,30,,,,,,,100,47,70,21,233.4,2730,10801,39,0,6.1,0.6;2.3;1.2;1.7;0.2;0.2;31.7;28.1;3.4;3.9;25.1;47.3;0.3;0.0;0.0;0.0;0.0;0.0;0.0;0.0;0.0;0.0;0.0;0.3,31.35,0.07,0.0,0.02,14.42,0.0,292.0,390.0,4,16,,,,,,,,,,,,,,,,,,,,,,,,,,,,,,,,,,,,,,,,,,,,,,,,,,,,,,,,,,,,,
31,31,,,,,,,100,78,66,20,237.1,2730,10801,39,0,5.6,0.5;2.7;2.5;1.5;0.5;0.0;31.8;22.1;3.0;2.0;44.0;24.0;0.0;0.0;0.0;0.0;0.0;0.5;0.0;0.0;0.2;0.0;0.0;0.5,31.38,0.07,0.0,0.04,14.42,0.0,292.0,390.0,4,16,,,,,,,,,,,,,,,,,,,,,,,,,,,,,,,,,,,,,,,,,,,,,,,,,,,,,,,,,,,,,
31,summary,0.3190783275768594,0.9902652408755135,0.2839236924648285,0.9995555555555555,0.00100000,313.3,,,,,,,,,,,,,,,,,,,,,,14,96.65,100,11,74.32,90,59,68.68,73,13,16.1,22,141.8,233.37,238.4,2730.5,10801.0,38.6,0,5.6,8.3,21.5,31.35,31.4,31.71,63.16,0.07,0.07,0.07,16.0,0.0,0.0,0.06,0.01,0.28,3.02,11.015,16.348,14.42,14.42,14.42,15.992,0.0,0.0,0.0,0.0,5734.32,67285.0,48.0,13570.58,269287.0,4,4.0,4,16,16.0,16,4,16,5.8,291.14
32,1,,,,,,,100,84,65,17,119.7,2730,10801,38,0,20.5,19.0;21.1;22.1;22.1;20.8;21.2;58.9;46.6;24.8;26.8;66.0;67.1;13.0;14.4;3.6;2.7;7.3;7.5;2.6;2.4;5.6;6.2;5.2;5.6,31.48,0.07,0.0,0.01,14.42,0.0,1464.0,5859.0,4,16,,,,,,,,,,,,,,,,,,,,,,,,,,,,,,,,,,,,,,,,,,,,,,,,,,,,,,,,,,,,,
32,2,,,,,,,100,62,67,18,235.9,2730,10801,39,0,8.6,1.7;4.0;2.4;2.2;1.3;1.6;41.3;45.3;6.3;6.4;35.1;55.0;1.1;0.6;0.2;0.0;0.3;0.5;0.3;0.2;0.0;0.6;0.0;0.0,31.47,0.07,0.01,3.14,14.42,0.0,1416.0,1464.0,4,16,,,,,,,,,,,,,,,,,,,,,,,,,,,,,,,,,,,,,,,,,,,,,,,,,,,,,,,,,,,,,
32,3,,,,,,,100,66,70,14,236.6,2730,10801,38,0,7.9,1.9;4.2;1.7;0.5;0.6;0.2;47.7;56.3;6.4;3.1;25.2;40.1;0.6;0.3;0.0;0.3;0.0;0.0;0.0;0.2;0.0;0.3;0.0;0.0,31.44,0.07,0.0,1.64,14.42,0.0,0.0,1708.0,4,16,,,,,,,,,,,,,,,,,,,,,,,,,,,,,,,,,,,,,,,,,,,,,,,,,,,,,,,,,,,,,
32,4,,,,,,,100,78,68,17,236.6,2730,10801,38,0,8.1,1.6;3.7;2.3;1.7;1.2;0.9;41.6;40.2;5.3;3.6;43.3;48.6;0.5;0.6;0.0;0.0;0.0;0.0;0.0;0.0;0.0;0.0;0.2;0.0,31.42,0.07,0.0,2.99,14.42,0.0,2441.0,1367.0,4,16,,,,,,,,,,,,,,,,,,,,,,,,,,,,,,,,,,,,,,,,,,,,,,,,,,,,,,,,,,,,,
32,5,,,,,,,100,65,70,17,234.7,2730,10801,38,0,8.1,1.2;3.2;1.7;2.0;0.3;0.8;34.2;41.2;5.1;3.3;38.6;58.5;0.5;0.9;0.0;0.2;0.2;0.0;0.0;0.0;0.3;0.6;0.0;0.0,31.4,0.07,0.0,0.08,14.42,0.0,2490.0,1464.0,4,16,,,,,,,,,,,,,,,,,,,,,,,,,,,,,,,,,,,,,,,,,,,,,,,,,,,,,,,,,,,,,
32,6,,,,,,,100,62,71,15,237.8,2730,10801,38,0,7.9,1.4;2.5;2.0;1.9;0.8;0.8;46.8;33.8;6.7;1.9;46.2;43.5;0.3;0.6;0.2;0.0;0.2;0.0;0.0;0.2;0.2;0.0;0.0;0.0,31.41,0.07,0.0,0.01,14.42,0.0,27880.0,104101.0,4,16,,,,,,,,,,,,,,,,,,,,,,,,,,,,,,,,,,,,,,,,,,,,,,,,,,,,,,,,,,,,,
32,7,,,,,,,100,75,69,20,236.8,2730,10801,38,0,7.7,0.9;1.6;1.6;0.9;0.3;0.2;41.8;42.1;4.4;4.5;39.1;45.0;0.6;0.3;0.0;0.0;0.0;0.2;0.2;0.0;0.0;0.3;0.0;0.0,31.41,0.07,0.01,0.07,14.42,0.0,2587.0,114697.0,4,16,,,,,,,,,,,,,,,,,,,,,,,,,,,,,,,,,,,,,,,,,,,,,,,,,,,,,,,,,,,,,
32,8,,,,,,,100,60,69,21,233.9,2730,10801,39,0,7.8,0.8;3.8;2.3;0.9;0.5;1.1;45.1;35.8;4.2;2.5;33.2;56.1;0.5;0.8;0.0;0.0;0.2;0.0;0.0;0.0;0.2;0.2;0.0;0.0,31.37,0.07,0.0,0.07,14.42,0.0,537.0,109472.0,4,16,,,,,,,,,,,,,,,,,,,,,,,,,,,,,,,,,,,,,,,,,,,,,,,,,,,,,,,,,,,,,
32,9,,,,,,,100,64,68,13,237.9,2730,10801,38,0,7.9,1.4;4.5;1.4;1.6;0.2;0.2;51.1;43.3;3.9;4.2;26.4;50.4;0.5;0.6;0.0;0.0;0.0;0.0;0.3;0.0;0.2;0.0;0.0;0.2,31.38,0.07,0.0,0.02,14.42,0.0,1513.0,9863.0,4,16,,,,,,,,,,,,,,,,,,,,,,,,,,,,,,,,,,,,,,,,,,,,,,,,,,,,,,,,,,,,,
32,10,,,,,,,100,62,71,16,237.6,2730,10801,38,0,8.1,1.7;3.7;1.1;1.3;0.3;0.6;34.6;40.9;5.0;5.6;51.6;45.0;0.5;0.5;0.0;0.2;0.0;0.2;0.0;0.0;0.0;0.0;0.3;0.9,31.4,0.07,0.0,0.02,14.42,0.0,1611.0,1757.0,4,16,,,,,,,,,,,,,,,,,,,,,,,,,,,,,,,,,,,,,,,,,,,,,,,,,,,,,,,,,,,,,
32,11,,,,,,,100,61,69,15,234.3,2730,10801,38,0,8.0,1.7;3.4;0.6;2.2;1.4;1.4;43.5;42.1;4.4;4.4;25.7;57.9;1.1;0.9;0.0;0.2;0.2;0.0;0.0;0.0;0.0;0.2;0.5;0.2,31.38,0.07,0.0,0.01,14.42,0.0,1611.0,1855.0,4,16,,,,,,,,,,,,,,,,,,,,,,,,,,,,,,,,,,,,,,,,,,,,,,,,,,,,,,,,,,,,,
32,12,,,,,,,100,80,69,16,239.1,2730,10801,38,0,8.0,1.6;3.7;1.6;0.9;1.4;0.8;52.9;38.4;4.4;4.1;36.2;42.7;0.3;0.6;0.0;0.0;0.0;0.2;0.2;0.2;0.0;0.5;0.2;0.2,31.37,0.07,0.0,0.03,14.42,0.0,341.0,439.0,4,16,,,,,,,,,,,,,,,,,,,,,,,,,,,,,,,,,,,,,,,,,,,,,,,,,,,,,,,,,,,,,
32,13,,,,,,,100,86,70,19,239.2,2730,10801,38,0,7.9,1.4;3.2;1.1;2.0;0.5;0.9;47.4;45.2;5.5;4.5;37.8;38.8;0.8;0.3;0.0;0.0;0.2;0.0;0.0;0.0;0.0;0.2;0.0;0.2,31.4,0.07,0.0,0.02,14.42,0.0,2246.0,1855.0,4,16,,,,,,,,,,,,,,,,,,,,,,,,,,,,,,,,,,,,,,,,,,,,,,,,,,,,,,,,,,,,,
32,14,,,,,,,100,87,70,21,236.8,2730,10801,38,0,8.3,1.2;4.0;2.2;3.6;0.6;0.6;49.8;42.9;4.5;4.3;47.7;32.6;0.3;0.6;0.0;0.0;0.3;0.0;0.0;0.2;0.9;1.1;0.2;0.0,31.38,0.07,0.0,0.04,14.42,0.0,1220.0,1708.0,4,16,,,,,,,,,,,,,,,,,,,,,,,,,,,,,,,,,,,,,,,,,,,,,,,,,,,,,,,,,,,,,
32,15,,,,,,,100,84,68,15,238.8,2730,10801,39,0,8.1,2.5;3.0;1.6;2.7;0.8;0.5;52.3;45.5;2.2;5.6;45.2;30.8;0.6;0.3;0.0;0.2;0.0;0.0;0.0;0.0;0.0;0.0;0.0;0.2,31.43,0.07,0.0,0.02,14.42,0.0,2734.0,1562.0,4,16,,,,,,,,,,,,,,,,,,,,,,,,,,,,,,,,,,,,,,,,,,,,,,,,,,,,,,,,,,,,,
32,16,,,,,,,100,88,70,14,239.5,2730,10801,39,0,7.9,1.3;3.3;1.3;1.9;0.5;0.9;43.5;41.9;4.4;5.8;28.3;55.6;0.5;1.3;0.0;0.2;0.0;0.0;0.0;0.0;0.2;0.2;0.0;0.3,31.4,0.07,0.0,0.02,14.42,0.0,976.0,585.0,4,16,,,,,,,,,,,,,,,,,,,,,,,,,,,,,,,,,,,,,,,,,,,,,,,,,,,,,,,,,,,,,
32,17,,,,,,,98,81,69,15,236.9,2730,10801,39,0,8.0,1.2;5.5;1.1;0.9;0.6;0.5;49.5;34.1;2.8;3.6;41.6;46.1;1.1;0.2;0.2;0.0;0.2;0.3;0.0;0.2;0.0;0.2;0.5;0.0,31.4,0.07,0.0,0.03,14.42,0.0,1318.0,6005.0,4,16,,,,,,,,,,,,,,,,,,,,,,,,,,,,,,,,,,,,,,,,,,,,,,,,,,,,,,,,,,,,,
32,18,,,,,,,100,87,70,18,238.1,2730,10801,38,0,7.9,0.9;5.6;1.4;1.7;1.4;1.4;58.4;36.9;2.3;5.3;36.3;35.5;0.5;0.8;0.0;0.0;0.0;0.0;0.0;0.0;0.3;0.2;0.0;0.0,31.38,0.07,0.0,0.02,14.42,0.0,4003.0,2001.0,4,16,,,,,,,,,,,,,,,,,,,,,,,,,,,,,,,,,,,,,,,,,,,,,,,,,,,,,,,,,,,,,
32,19,,,,,,,98,79,69,13,237.1,2730,10801,39,0,8.1,1.9;3.3;1.1;2.2;0.5;0.6;42.8;48.2;2.5;7.5;34.8;46.6;0.9;0.6;0.2;0.0;0.0;0.0;0.2;0.2;0.0;0.3;0.2;0.0,31.39,0.07,0.0,0.06,14.42,0.0,1416.0,1367.0,4,16,,,,,,,,,,,,,,,,,,,,,,,,,,,,,,,,,,,,,,,,,,,,,,,,,,,,,,,,,,,,,
32,20,,,,,,,98,79,68,14,238.0,2730,10801,39,0,8.3,1.6;3.4;1.1;1.7;1.1;1.3;46.2;36.2;3.1;5.3;43.0;50.5;0.6;1.1;0.2;0.0;0.5;0.3;0.0;0.0;0.3;0.2;0.9;0.0,31.37,0.07,0.0,0.02,14.42,0.0,0.0,5322.0,4,16,,,,,,,,,,,,,,,,,,,,,,,,,,,,,,,,,,,,,,,,,,,,,,,,,,,,,,,,,,,,,
32,21,,,,,,,98,79,69,15,237.5,2730,10801,38,0,8.2,1.9;3.5;1.2;2.3;0.5;1.1;63.7;32.0;3.3;5.2;30.7;47.7;0.8;0.5;0.0;0.2;0.2;0.0;0.2;0.0;0.5;0.8;0.2;0.2,31.4,0.07,0.0,0.02,14.42,0.0,341.0,390.0,4,16,,,,,,,,,,,,,,,,,,,,,,,,,,,,,,,,,,,,,,,,,,,,,,,,,,,,,,,,,,,,,
32,22,,,,,,,98,81,69,19,238.5,2730,10801,38,0,8.1,1.2;4.0;1.7;3.4;0.2;1.1;48.0;33.8;2.0;8.4;43.3;44.5;0.5;0.5;0.0;0.0;0.2;0.0;0.0;0.0;0.2;0.0;0.5;0.5,31.4,0.07,0.0,0.06,14.42,0.0,1416.0,1513.0,4,16,,,,,,,,,,,,,,,,,,,,,,,,,,,,,,,,,,,,,,,,,,,,,,,,,,,,,,,,,,,,,
32,23,,,,,,,98,80,70,12,238.5,2730,10801,38,0,8.0,1.4;2.8;1.7;1.6;0.2;0.5;45.9;34.9;4.5;7.5;35.4;52.9;0.8;0.5;0.0;0.2;0.0;0.2;0.2;0.0;0.6;0.6;0.0;0.0,31.39,0.07,0.0,0.03,14.42,0.0,927.0,1660.0,4,16,,,,,,,,,,,,,,,,,,,,,,,,,,,,,,,,,,,,,,,,,,,,,,,,,,,,,,,,,,,,,
32,24,,,,,,,98,81,70,13,236.0,2730,10801,38,0,7.9,0.9;3.1;0.8;1.6;0.5;0.5;47.5;38.8;3.1;5.0;37.8;45.3;0.5;0.5;1.2;1.6;0.2;0.0;0.0;0.0;0.0;0.0;0.2;0.0,31.41,0.07,0.0,0.04,14.42,0.0,1367.0,1416.0,4,16,,,,,,,,,,,,,,,,,,,,,,,,,,,,,,,,,,,,,,,,,,,,,,,,,,,,,,,,,,,,,
32,25,,,,,,,98,81,70,14,238.6,2730,10801,39,0,8.0,1.6;3.7;1.3;1.6;0.0;0.3;49.3;40.9;3.0;3.9;47.6;35.1;0.5;0.5;0.2;0.0;0.2;0.2;0.0;0.0;0.0;0.0;0.3;1.2,31.41,0.07,0.0,0.03,14.42,0.0,341.0,1708.0,4,16,,,,,,,,,,,,,,,,,,,,,,,,,,,,,,,,,,,,,,,,,,,,,,,,,,,,,,,,,,,,,
32,26,,,,,,,98,78,70,16,238.7,2730,10801,39,0,7.7,0.9;4.5;1.9;1.4;0.5;0.5;34.6;55.8;3.6;6.9;21.6;53.2;0.3;0.6;0.0;0.0;0.0;0.0;0.2;0.0;0.2;0.0;0.0;0.0,31.41,0.07,0.0,0.02,14.42,0.0,19970.0,1562.0,4,16,,,,,,,,,,,,,,,,,,,,,,,,,,,,,,,,,,,,,,,,,,,,,,,,,,,,,,,,,,,,,
32,27,,,,,,,98,81,69,16,234.4,2730,10801,39,0,8.1,2.0;3.7;1.7;2.8;0.6;1.1;53.8;44.4;2.6;5.6;29.2;43.2;0.5;0.8;0.2;0.0;0.6;0.5;0.0;0.0;0.3;0.2;0.2;0.2,31.42,0.07,0.0,0.02,14.42,0.0,585.0,1416.0,4,16,,,,,,,,,,,,,,,,,,,,,,,,,,,,,,,,,,,,,,,,,,,,,,,,,,,,,,,,,,,,,
32,28,,,,,,,98,80,71,13,238.1,2730,10801,39,0,8.0,1.6;2.0;2.0;1.7;0.6;0.5;49.1;38.2;4.4;10.3;34.1;44.3;0.6;1.0;0.0;0.0;0.2;0.2;0.0;0.0;0.3;0.2;0.3;0.2,31.42,0.07,0.0,0.03,14.42,0.0,634.0,1757.0,4,16,,,,,,,,,,,,,,,,,,,,,,,,,,,,,,,,,,,,,,,,,,,,,,,,,,,,,,,,,,,,,
32,29,,,,,,,98,79,70,13,238.6,2730,10801,39,0,8.4,1.6;5.2;1.1;1.9;2.0;2.2;36.8;39.5;3.9;9.2;45.1;51.4;0.6;0.9;0.0;0.0;0.3;0.2;0.0;0.0;0.3;0.5;0.0;0.0,31.42,0.07,0.0,0.04,14.42,0.0,1464.0,0.0,4,16,,,,,,,,,,,,,,,,,,,,,,,,,,,,,,,,,,,,,,,,,,,,,,,,,,,,,,,,,,,,,
32,30,,,,,,,98,75,70,15,235.3,2730,10801,39,0,6.8,0.5;4.7;3.1;2.0;0.6;0.6;37.3;26.5;2.5;7.6;37.3;38.8;0.3;0.5;0.0;0.2;0.2;0.0;0.0;0.0;0.5;0.6;0.2;0.2,31.44,0.07,0.06,0.47,14.42,0.0,878.0,1611.0,4,16,,,,,,,,,,,,,,,,,,,,,,,,,,,,,,,,,,,,,,,,,,,,,,,,,,,,,,,,,,,,,
32,31,,,,,,,100,49,71,15,237.8,2730,10801,39,0,5.5,0.5;2.4;1.7;1.2;1.0;0.5;9.4;50.4;0.5;3.2;37.9;21.6;0.0;0.0;0.0;0.0;0.0;0.0;0.0;0.0;0.0;0.0;0.0;0.5,31.44,0.07,0.0,0.12,14.42,0.0,1708.0,1367.0,4,16,,,,,,,,,,,,,,,,,,,,,,,,,,,,,,,,,,,,,,,,,,,,,,,,,,,,,,,,,,,,,
32,summary,0.3178766776970828,0.9905043402224307,0.2839035231537289,0.9995555555555555,0.00100000,313.4,,,,,,,,,,,,,,,,,,,,,,98,99.16,100,49,75.29,88,65,69.32,71,12,15.77,21,119.7,233.46,239.5,2730.0,10801.0,38.5,0,5.5,8.32,20.5,31.37,31.41,31.48,63.16,0.07,0.07,0.07,16.0,0.0,0.0,0.06,0.01,0.3,3.14,11.015,16.348,14.42,14.42,14.42,15.992,0.0,0.0,0.0,0.0,2820.48,27880.0,0.0,12543.58,114697.0,4,4.0,4,16,16.0,16,4,16,6.08,291.13
33,1,,,,,,,100,48,67,22,96.1,2730,10801,39,0,20.6,18.1;21.3;22.2;22.3;19.8;21.0;56.3;65.8;23.5;29.5;52.8;61.8;14.6;13.8;3.5;4.6;8.2;9.5;2.0;2.1;6.4;5.5;4.6;5.7,31.53,0.07,0.0,0.04,14.42,0.0,15332.0,0.0,4,16,,,,,,,,,,,,,,,,,,,,,,,,,,,,,,,,,,,,,,,,,,,,,,,,,,,,,,,,,,,,,
33,2,,,,,,,100,57,71,21,238.1,2730,10801,39,0,8.2,1.1;2.9;2.3;3.9;1.2;1.6;45.6;36.0;4.7;6.2;46.9;40.9;1.1;0.8;0.0;0.0;0.0;0.0;0.0;0.0;0.0;0.0;0.2;0.8,31.49,0.07,0.0,3.07,14.42,0.0,12158.0,16894.0,4,16,,,,,,,,,,,,,,,,,,,,,,,,,,,,,,,,,,,,,,,,,,,,,,,,,,,,,,,,,,,,,
33,3,,,,,,,98,80,69,18,237.5,2730,10801,38,0,7.7,0.6;3.1;1.1;1.6;0.6;0.6;48.8;35.5;4.7;3.6;42.6;40.1;0.5;0.9;0.0;0.0;0.2;0.0;0.0;0.0;0.0;0.0;0.2;0.0,31.43,0.07,0.02,1.71,14.42,0.0,2734.0,1416.0,4,16,,,,,,,,,,,,,,,,,,,,,,,,,,,,,,,,,,,,,,,,,,,,,,,,,,,,,,,,,,,,,
33,4,,,,,,,100,64,69,17,237.9,2730,10801,38,0,8.0,0.9;4.0;1.9;1.3;0.9;0.5;47.3;39.8;5.0;1.6;47.9;40.3;0.6;0.6;0.0;0.0;0.0;0.0;0.0;0.0;0.0;0.0;0.0;0.0,31.43,0.07,0.03,2.87,14.42,0.0,2441.0,292.0,4,16,,,,,,,,,,,,,,,,,,,,,,,,,,,,,,,,,,,,,,,,,,,,,,,,,,,,,,,,,,,,,
33,5,,,,,,,100,77,70,17,236.9,2730,10801,39,0,8.3,1.5;2.8;2.6;2.6;0.8;1.1;42.7;42.5;6.5;3.7;40.7;46.9;1.1;0.9;0.3;0.0;0.3;0.0;0.3;0.0;0.2;0.3;0.2;0.0,31.43,0.07,0.02,0.09,14.42,0.0,537.0,390.0,4,16,,,,,,,,,,,,,,,,,,,,,,,,,,,,,,,,,,,,,,,,,,,,,,,,,,,,,,,,,,,,,
33,6,,,,,,,98,81,68,16,238.5,2730,10801,38,0,7.6,1.1;2.0;2.0;1.4;0.8;0.6;39.7;38.8;4.5;2.2;35.7;53.1;0.6;0.5;0.0;0.0;0.0;0.0;0.0;0.0;0.3;0.0;0.6;0.2,31.41,0.07,0.0,0.02,14.42,0.0,244.0,1904.0,4,16,,,,,,,,,,,,,,,,,,,,,,,,,,,,,,,,,,,,,,,,,,,,,,,,,,,,,,,,,,,,,
33,7,,,,,,,98,79,68,16,238.7,2730,10801,38,0,7.7,0.6;2.6;1.3;0.9;0.2;0.8;38.4;58.8;3.6;4.1;36.7;35.3;0.3;0.9;0.0;0.0;0.0;0.0;0.0;0.0;0.0;0.2;0.2;0.0,31.4,0.07,0.0,0.02,14.42,0.0,1416.0,97.0,4,16,,,,,,,,,,,,,,,,,,,,,,,,,,,,,,,,,,,,,,,,,,,,,,,,,,,,,,,,,,,,,
33,8,,,,,,,98,81,67,13,234.1,2730,10801,39,0,7.9,1.2;2.8;1.7;1.2;0.0;0.8;36.1;47.0;4.3;4.0;48.5;38.9;0.5;0.5;0.0;0.0;0.0;0.0;0.0;0.0;0.0;0.3;0.3;0.0,31.44,0.07,0.0,0.05,14.42,0.0,21093.0,408496.0,4,16,,,,,,,,,,,,,,,,,,,,,,,,,,,,,,,,,,,,,,,,,,,,,,,,,,,,,,,,,,,,,
33,9,,,,,,,98,79,68,14,237.9,2730,10801,39,0,7.7,2.0;2.8;1.4;0.8;0.3;0.5;31.4;37.4;5.0;3.7;39.2;60.2;0.5;0.5;0.0;0.0;0.2;0.3;0.0;0.0;0.0;0.0;0.0;0.0,31.45,0.07,0.0,0.01,14.42,0.0,2587.0,1904.0,4,16,,,,,,,,,,,,,,,,,,,,,,,,,,,,,,,,,,,,,,,,,,,,,,,,,,,,,,,,,,,,,
33,10,,,,,,,98,79,68,15,236.7,2730,10801,39,0,8.2,1.3;5.5;3.1;1.6;0.6;0.6;52.6;43.8;3.3;5.5;35.9;39.4;0.8;1.1;0.0;0.2;0.5;0.2;0.0;0.0;0.5;0.2;0.6;0.2,31.45,0.07,0.0,0.04,14.42,0.0,45214.0,106640.0,4,16,,,,,,,,,,,,,,,,,,,,,,,,,,,,,,,,,,,,,,,,,,,,,,,,,,,,,,,,,,,,,
33,11,,,,,,,100,88,69,15,234.8,2730,10801,38,0,7.7,0.8;3.5;1.2;0.8;0.5;0.2;40.9;30.5;3.0;4.5;56.7;40.7;0.2;0.5;0.2;0.0;0.2;0.0;0.0;0.0;0.0;0.0;0.0;0.0,31.43,0.07,0.0,0.03,14.42,0.0,683.0,2050.0,4,16,,,,,,,,,,,,,,,,,,,,,,,,,,,,,,,,,,,,,,,,,,,,,,,,,,,,,,,,,,,,,
33,12,,,,,,,100,87,70,16,238.3,2730,10801,38,0,7.7,0.9;4.0;1.7;0.3;0.3;0.5;31.7;41.8;3.6;3.4;37.1;56.8;0.8;0.5;0.2;0.0;0.0;0.0;0.2;0.0;0.0;0.0;0.8;0.8,31.44,0.07,0.0,0.02,14.42,0.0,2880.0,97.0,4,16,,,,,,,,,,,,,,,,,,,,,,,,,,,,,,,,,,,,,,,,,,,,,,,,,,,,,,,,,,,,,
33,13,,,,,,,100,86,70,15,237.6,2730,10801,39,0,8.0,0.9;3.2;2.6;0.6;0.2;1.1;59.0;39.5;6.4;4.3;30.8;41.4;0.6;0.6;0.0;0.0;0.2;0.0;0.2;0.0;0.0;0.0;0.0;0.0,31.45,0.07,0.0,0.02,14.42,0.0,14501.0,1904.0,4,16,,,,,,,,,,,,,,,,,,,,,,,,,,,,,,,,,,,,,,,,,,,,,,,,,,,,,,,,,,,,,
33,14,,,,,,,100,70,68,17,236.3,2730,10801,38,0,8.0,1.7;3.5;3.0;1.2;0.6;0.5;44.2;35.7;5.6;3.6;42.9;45.6;0.6;0.9;0.2;0.2;0.2;0.0;0.3;0.3;0.2;0.2;0.3;0.0,31.44,0.07,0.01,0.09,14.42,0.0,1562.0,3173.0,4,16,,,,,,,,,,,,,,,,,,,,,,,,,,,,,,,,,,,,,,,,,,,,,,,,,,,,,,,,,,,,,
33,15,,,,,,,100,74,69,14,237.7,2730,10801,39,0,7.8,0.9;3.4;1.9;2.5;0.6;0.8;34.6;34.5;6.7;3.1;59.5;36.4;0.3;1.1;0.3;0.3;0.0;0.3;0.0;0.0;0.0;0.2;0.3;0.0,31.45,0.07,0.0,0.04,14.42,0.0,341.0,97.0,4,16,,,,,,,,,,,,,,,,,,,,,,,,,,,,,,,,,,,,,,,,,,,,,,,,,,,,,,,,,,,,,
33,16,,,,,,,100,62,67,14,238.0,2730,10801,39,0,8.4,1.6;5.2;1.9;1.7;0.6;1.3;53.1;38.6;3.3;4.7;36.0;48.2;1.2;1.1;0.2;0.3;0.8;0.5;0.0;0.3;0.2;1.1;0.0;0.5,31.45,0.07,0.0,0.03,14.42,0.0,341.0,97.0,4,16,,,,,,,,,,,,,,,,,,,,,,,,,,,,,,,,,,,,,,,,,,,,,,,,,,,,,,,,,,,,,
33,17,,,,,,,100,85,67,17,236.2,2730,10801,39,0,8.1,0.9;4.0;1.9;2.5;0.6;1.4;45.0;39.2;4.2;6.2;28.0;58.2;0.6;1.1;0.0;0.0;0.0;0.0;0.0;0.0;0.0;0.0;1.2;0.2,31.44,0.07,0.0,0.03,14.42,0.0,4785.0,5419.0,4,16,,,,,,,,,,,,,,,,,,,,,,,,,,,,,,,,,,,,,,,,,,,,,,,,,,,,,,,,,,,,,
33,18,,,,,,,100,85,66,15,238.8,2730,10801,38,0,8.0,2.0;3.2;1.6;1.9;0.5;0.9;39.7;45.2;2.3;7.5;35.9;50.2;0.8;0.6;0.0;0.0;0.2;0.0;0.0;0.0;0.0;0.3;0.0;0.0,31.41,0.07,0.0,0.03,14.42,0.0,41845.0,23388.0,4,16,,,,,,,,,,,,,,,,,,,,,,,,,,,,,,,,,,,,,,,,,,,,,,,,,,,,,,,,,,,,,
33,19,,,,,,,100,56,68,14,238.7,2730,10801,39,0,8.2,1.6;5.0;1.7;2.3;0.8;0.8;39.0;39.8;5.1;6.5;46.3;45.7;0.9;0.6;0.0;0.0;0.0;0.0;0.0;0.0;0.2;0.2;0.2;0.3,31.41,0.07,0.0,0.03,14.42,0.0,19628.0,2392.0,4,16,,,,,,,,,,,,,,,,,,,,,,,,,,,,,,,,,,,,,,,,,,,,,,,,,,,,,,,,,,,,,
33,20,,,,,,,100,77,68,14,236.8,2730,10801,39,0,8.1,1.6;4.6;1.7;3.3;0.6;0.3;41.9;39.8;3.6;3.1;41.2;51.3;0.5;0.5;0.0;0.2;0.5;0.0;0.5;0.0;0.0;0.0;0.0;0.2,31.4,0.07,0.0,0.03,14.42,0.0,9521.0,116796.0,4,16,,,,,,,,,,,,,,,,,,,,,,,,,,,,,,,,,,,,,,,,,,,,,,,,,,,,,,,,,,,,,
33,21,,,,,,,100,73,69,14,237.0,2730,10801,38,0,8.3,1.1;4.6;0.9;1.1;0.6;0.9;44.9;52.6;4.1;2.8;36.6;43.7;0.8;0.8;0.2;0.3;0.3;0.2;0.0;0.2;0.0;0.0;1.4;1.4,31.39,0.07,0.0,0.02,14.42,0.0,1464.0,110302.0,4,16,,,,,,,,,,,,,,,,,,,,,,,,,,,,,,,,,,,,,,,,,,,,,,,,,,,,,,,,,,,,,
33,22,,,,,,,100,76,68,16,238.5,2730,10801,39,0,8.0,2.0;4.0;1.6;1.4;1.6;2.3;51.7;41.7;3.7;5.6;31.9;43.1;0.8;0.5;0.0;0.0;0.0;0.0;0.0;0.0;0.0;0.0;0.0;0.2,31.4,0.07,0.0,0.04,14.42,0.0,32958.0,20312.0,4,16,,,,,,,,,,,,,,,,,,,,,,,,,,,,,,,,,,,,,,,,,,,,,,,,,,,,,,,,,,,,,
33,23,,,,,,,100,76,69,14,237.6,2730,10801,38,0,8.5,2.7;5.4;2.2;2.0;0.9;1.3;48.5;35.2;6.6;8.3;41.5;44.8;1.3;1.4;0.0;0.0;0.5;0.2;0.3;0.5;0.0;0.0;0.0;0.2,31.39,0.07,0.0,0.05,14.42,0.0,830.0,1757.0,4,16,,,,,,,,,,,,,,,,,,,,,,,,,,,,,,,,,,,,,,,,,,,,,,,,,,,,,,,,,,,,,
33,24,,,,,,,100,73,69,17,236.8,2730,10801,39,0,7.9,1.1;3.7;0.9;0.6;0.6;1.6;46.5;34.6;2.7;4.5;45.6;42.7;1.5;0.8;0.5;0.5;0.2;0.0;0.0;0.0;0.0;0.9;0.0;0.2,31.4,0.07,0.0,0.02,14.42,0.0,0.0,1708.0,4,16,,,,,,,,,,,,,,,,,,,,,,,,,,,,,,,,,,,,,,,,,,,,,,,,,,,,,,,,,,,,,
33,25,,,,,,,100,76,69,13,238.6,2730,10801,39,0,8.1,1.4;3.3;2.2;2.0;1.3;0.8;50.1;49.3;4.5;4.8;43.4;29.0;0.6;0.9;0.0;0.0;0.0;0.0;0.0;0.0;0.2;0.0;0.0;0.2,31.4,0.07,0.0,0.03,14.42,0.0,244.0,1416.0,4,16,,,,,,,,,,,,,,,,,,,,,,,,,,,,,,,,,,,,,,,,,,,,,,,,,,,,,,,,,,,,,
33,26,,,,,,,100,76,69,15,238.4,2730,10801,39,0,8.4,2.2;4.8;2.4;3.0;0.5;1.3;45.0;40.5;5.9;5.0;43.5;43.8;1.4;0.8;0.2;0.0;0.0;0.2;0.2;0.3;0.2;0.0;0.0;0.2,31.41,0.07,0.0,0.05,14.42,0.0,683.0,1562.0,4,16,,,,,,,,,,,,,,,,,,,,,,,,,,,,,,,,,,,,,,,,,,,,,,,,,,,,,,,,,,,,,
33,27,,,,,,,100,76,69,14,234.2,2730,10801,38,0,8.0,1.6;5.0;1.1;1.4;0.3;0.5;35.7;32.3;5.1;4.8;46.7;56.1;0.8;0.5;0.0;0.0;0.0;0.0;0.0;0.2;0.2;0.0;0.0;0.3,31.4,0.07,0.0,0.08,14.42,0.0,1464.0,1416.0,4,16,,,,,,,,,,,,,,,,,,,,,,,,,,,,,,,,,,,,,,,,,,,,,,,,,,,,,,,,,,,,,
33,28,,,,,,,78,65,69,15,234.8,2730,10801,39,0,8.1,3.1;4.6;2.8;3.7;1.1;0.5;47.5;46.6;4.9;5.9;34.6;33.9;1.6;0.6;0.0;0.2;0.3;0.2;0.0;0.0;0.2;0.9;0.5;0.3,31.35,0.07,0.0,0.03,14.42,0.0,1220.0,48.0,4,16,,,,,,,,,,,,,,,,,,,,,,,,,,,,,,,,,,,,,,,,,,,,,,,,,,,,,,,,,,,,,
33,29,,,,,,,100,75,71,20,239.0,2730,10801,39,0,7.8,1.6;2.6;3.0;1.1;0.5;0.5;28.0;45.9;3.3;5.9;38.8;54.5;0.6;0.8;0.0;0.0;0.0;0.0;0.0;0.2;0.0;0.0;0.0;0.2,31.41,0.07,0.0,0.02,14.42,0.0,1025.0,1367.0,4,16,,,,,,,,,,,,,,,,,,,,,,,,,,,,,,,,,,,,,,,,,,,,,,,,,,,,,,,,,,,,,
33,30,,,,,,,90,74,69,21,232.3,2730,10801,39,0,6.2,1.4;4.0;2.6;2.8;0.5;0.5;14.1;46.0;2.5;2.9;25.2;46.0;0.2;0.0;0.0;0.0;0.0;0.0;0.3;0.0;0.2;0.0;0.2;0.2,31.4,0.07,0.0,0.02,14.42,0.0,292.0,0.0,4,16,,,,,,,,,,,,,,,,,,,,,,,,,,,,,,,,,,,,,,,,,,,,,,,,,,,,,,,,,,,,,
33,31,,,,,,,100,76,71,15,238.8,2730,10801,39,0,5.9,1.7;1.5;1.7;2.0;0.5;1.2;37.5;30.4;2.2;4.4;30.9;25.6;0.2;0.2;0.0;0.0;0.0;0.5;0.0;0.2;0.2;0.5;0.0;1.0,31.4,0.07,0.0,0.29,14.42,0.0,976.0,585.0,4,16,,,,,,,,,,,,,,,,,,,,,,,,,,,,,,,,,,,,,,,,,,,,,,,,,,,,,,,,,,,,,
33,summary,0.3178476347536791,0.9905681000482753,0.28380763188997904,0.9995555555555555,0.00100000,314.3,,,,,,,,,,,,,,,,,,,,,,78,98.58,100,48,74.55,88,66,68.68,71,13,15.94,22,96.1,232.63,239.0,2730.0,10801.0,38.6,0,5.9,8.29,20.6,31.35,31.42,31.53,63.16,0.07,0.07,0.07,16.0,0.0,0.0,0.03,0.01,0.29,3.07,11.015,16.348,14.42,14.42,14.42,15.992,0.0,0.0,0.0,0.0,7774.16,45214.0,0.0,26900.61,408496.0,4,4.0,4,16,16.0,16,4,16,6.88,291.14
34,1,,,,,,,1,0,58,19,96.2,2745,10801,38,0,21.0,18.8;21.4;22.7;20.9;20.7;21.8;66.8;53.6;25.4;25.9;52.6;67.6;12.8;13.7;3.7;3.7;10.6;11.5;1.6;2.1;6.5;7.5;5.8;5.9,31.47,0.07,0.0,0.03,14.42,0.0,1660.0,1367.0,4,16,,,,,,,,,,,,,,,,,,,,,,,,,,,,,,,,,,,,,,,,,,,,,,,,,,,,,,,,,,,,,
34,2,,,,,,,100,83,67,16,238.1,2730,10801,38,0,8.3,2.0;3.9;2.0;2.0;0.8;0.6;46.3;49.3;6.1;3.4;36.8;41.5;0.8;0.5;0.0;0.0;0.3;0.0;0.2;0.2;0.2;0.3;0.8;0.8,31.44,0.07,0.0,3.07,14.42,0.0,1464.0,1611.0,4,16,,,,,,,,,,,,,,,,,,,,,,,,,,,,,,,,,,,,,,,,,,,,,,,,,,,,,,,,,,,,,
34,3,,,,,,,100,87,70,16,238.3,2730,10801,38,0,7.9,1.1;5.1;1.6;1.3;1.1;0.8;38.8;45.4;3.1;3.6;41.1;44.2;0.6;0.9;0.2;0.0;0.0;0.0;0.0;0.0;0.0;0.0;0.2;0.0,31.41,0.07,0.0,1.62,14.42,0.0,1220.0,488.0,4,16,,,,,,,,,,,,,,,,,,,,,,,,,,,,,,,,,,,,,,,,,,,,,,,,,,,,,,,,,,,,,
34,4,,,,,,,100,90,69,17,238.1,2730,10801,38,0,7.7,1.4;3.1;0.8;1.7;0.6;0.0;39.4;41.3;2.8;3.8;30.7;57.2;0.3;0.6;0.2;0.0;0.2;0.0;0.0;0.0;0.0;0.0;0.0;0.0,31.39,0.07,0.0,2.88,14.42,0.0,341.0,781.0,4,16,,,,,,,,,,,,,,,,,,,,,,,,,,,,,,,,,,,,,,,,,,,,,,,,,,,,,,,,,,,,,
34,5,,,,,,,100,86,67,21,236.1,2730,10801,38,0,7.9,2.0;4.0;2.2;1.4;0.6;0.6;59.3;33.0;3.0;5.8;27.9;47.0;0.6;0.9;0.0;0.0;0.0;0.0;0.0;0.0;0.0;0.0;0.3;0.0,31.4,0.07,0.0,0.02,14.42,0.0,341.0,11279.0,4,16,,,,,,,,,,,,,,,,,,,,,,,,,,,,,,,,,,,,,,,,,,,,,,,,,,,,,,,,,,,,,
34,6,,,,,,,100,86,71,14,237.0,2730,10801,38,0,8.1,0.6;3.4;0.9;1.1;0.9;0.3;43.9;40.9;4.5;4.5;43.4;45.4;1.6;1.1;0.0;0.2;0.5;0.3;0.0;0.0;0.0;0.0;0.0;0.3,31.39,0.07,0.0,0.03,14.42,0.0,15820.0,1416.0,4,16,,,,,,,,,,,,,,,,,,,,,,,,,,,,,,,,,,,,,,,,,,,,,,,,,,,,,,,,,,,,,
34,7,,,,,,,100,90,71,16,238.3,2730,10801,38,0,8.0,1.4;4.0;1.7;2.3;0.5;0.5;29.1;44.0;4.4;7.7;34.8;58.7;0.5;0.6;0.0;0.0;0.2;0.0;0.0;0.0;0.2;0.3;0.0;0.2,31.39,0.07,0.0,0.04,14.42,0.0,341.0,0.0,4,16,,,,,,,,,,,,,,,,,,,,,,,,,,,,,,,,,,,,,,,,,,,,,,,,,,,,,,,,,,,,,
34,8,,,,,,,100,80,67,17,234.4,2730,10801,39,0,7.8,0.9;1.9;1.1;1.9;0.5;1.2;50.1;32.8;4.7;4.0;31.8;52.9;0.3;0.6;0.3;0.0;0.6;0.2;0.3;0.0;0.3;0.0;0.3;0.0,31.4,0.07,0.0,0.03,14.42,0.0,2050.0,1708.0,4,16,,,,,,,,,,,,,,,,,,,,,,,,,,,,,,,,,,,,,,,,,,,,,,,,,,,,,,,,,,,,,
34,9,,,,,,,100,86,67,16,238.3,2730,10801,38,0,7.8,1.3;2.5;1.9;1.1;1.2;0.6;32.1;42.9;4.2;4.4;53.3;39.4;0.8;0.5;0.2;0.0;0.0;0.0;0.2;0.0;0.2;0.5;0.2;0.0,31.37,0.07,0.0,0.04,14.42,0.0,1464.0,0.0,4,16,,,,,,,,,,,,,,,,,,,,,,,,,,,,,,,,,,,,,,,,,,,,,,,,,,,,,,,,,,,,,
34,10,,,,,,,100,88,73,20,238.9,2730,10801,38,0,8.0,1.3;2.5;2.7;1.4;1.6;0.9;39.6;33.5;3.9;4.7;39.0;56.3;0.6;0.8;0.0;0.0;0.5;0.2;0.0;0.0;0.0;0.2;0.8;0.5,31.39,0.07,0.0,0.02,14.42,0.0,683.0,1562.0,4,16,,,,,,,,,,,,,,,,,,,,,,,,,,,,,,,,,,,,,,,,,,,,,,,,,,,,,,,,,,,,,
34,11,,,,,,,100,80,67,20,235.2,2730,10801,39,0,7.8,0.8;3.8;2.3;0.9;0.5;0.2;42.5;32.9;4.7;4.5;52.5;41.7;0.5;0.5;0.0;0.2;0.0;0.0;0.0;0.0;0.0;0.0;0.0;0.0,31.4,0.07,0.0,0.03,14.42,0.0,781.0,1757.0,4,16,,,,,,,,,,,,,,,,,,,,,,,,,,,,,,,,,,,,,,,,,,,,,,,,,,,,,,,,,,,,,
34,12,,,,,,,100,86,66,14,239.4,2730,10801,38,0,8.0,1.7;4.3;3.3;3.0;0.8;1.3;34.6;46.0;4.2;3.6;42.3;42.3;0.5;0.6;0.0;0.0;0.5;0.0;0.2;0.5;0.2;0.2;0.6;0.6,31.36,0.07,0.0,0.04,14.42,0.0,976.0,195.0,4,16,,,,,,,,,,,,,,,,,,,,,,,,,,,,,,,,,,,,,,,,,,,,,,,,,,,,,,,,,,,,,
34,13,,,,,,,100,89,67,14,238.8,2730,10801,39,0,8.0,0.9;4.3;2.4;1.1;1.3;0.5;30.6;42.2;3.6;3.9;41.8;56.6;0.6;0.8;0.0;0.0;0.2;0.2;0.2;0.0;0.2;0.3;0.0;0.0,31.38,0.07,0.0,0.02,14.42,0.0,48.0,1708.0,4,16,,,,,,,,,,,,,,,,,,,,,,,,,,,,,,,,,,,,,,,,,,,,,,,,,,,,,,,,,,,,,
34,14,,,,,,,100,88,71,15,236.7,2730,10801,39,0,7.9,1.4;4.0;3.3;1.6;0.3;0.9;43.5;45.6;4.5;3.0;34.3;45.6;0.3;0.5;0.2;0.2;0.0;0.0;0.2;0.0;0.0;0.3;0.0;0.0,31.37,0.07,0.0,0.02,14.42,0.0,1318.0,1806.0,4,16,,,,,,,,,,,,,,,,,,,,,,,,,,,,,,,,,,,,,,,,,,,,,,,,,,,,,,,,,,,,,
34,15,,,,,,,100,90,70,19,238.9,2730,10801,38,0,8.1,1.1;2.2;1.4;1.4;2.2;1.6;44.0;46.5;6.9;4.5;36.2;44.6;0.9;0.3;0.0;0.0;0.0;0.2;0.2;0.0;0.2;0.0;0.5;0.0,31.34,0.07,0.0,0.02,14.42,0.0,1416.0,1416.0,4,16,,,,,,,,,,,,,,,,,,,,,,,,,,,,,,,,,,,,,,,,,,,,,,,,,,,,,,,,,,,,,
34,16,,,,,,,98,78,68,14,237.2,2730,10801,38,0,8.1,0.9;4.6;1.6;1.7;1.4;1.1;31.4;41.7;6.4;3.0;45.3;51.8;0.3;0.8;0.0;0.0;0.0;0.0;0.2;0.0;0.0;0.3;0.3;0.0,31.38,0.07,0.0,0.02,14.42,0.0,585.0,341.0,4,16,,,,,,,,,,,,,,,,,,,,,,,,,,,,,,,,,,,,,,,,,,,,,,,,,,,,,,,,,,,,,
34,17,,,,,,,100,86,66,14,238.8,2730,10801,39,0,8.0,1.4;2.5;2.3;2.5;0.9;1.3;32.9;48.8;2.5;6.4;37.9;50.7;0.5;0.3;0.0;0.2;0.0;0.0;0.3;0.0;0.0;0.2;0.3;0.0,31.4,0.07,0.01,0.1,14.42,0.0,2050.0,5761.0,4,16,,,,,,,,,,,,,,,,,,,,,,,,,,,,,,,,,,,,,,,,,,,,,,,,,,,,,,,,,,,,,
34,18,,,,,,,100,84,67,16,239.1,2730,10801,39,0,7.9,1.6;3.9;2.2;1.6;0.3;0.6;41.2;53.4;3.4;6.4;31.1;42.5;0.5;0.8;0.2;0.2;0.0;0.0;0.0;0.0;0.2;0.2;0.0;0.0,31.39,0.07,0.0,0.02,14.42,0.0,1123.0,1416.0,4,16,,,,,,,,,,,,,,,,,,,,,,,,,,,,,,,,,,,,,,,,,,,,,,,,,,,,,,,,,,,,,
34,19,,,,,,,100,86,71,15,238.6,2730,10801,38,0,8.0,1.4;4.0;1.9;0.9;1.1;0.6;44.2;37.5;5.6;9.4;33.2;51.1;0.8;0.3;0.0;0.0;0.2;0.2;0.0;0.0;0.2;0.0;0.0;0.0,31.41,0.07,0.01,0.09,14.42,0.0,2490.0,1757.0,4,16,,,,,,,,,,,,,,,,,,,,,,,,,,,,,,,,,,,,,,,,,,,,,,,,,,,,,,,,,,,,,
34,20,,,,,,,99,78,70,19,238.2,2730,10801,38,0,7.9,0.6;4.5;1.1;0.9;0.6;0.6;35.9;41.8;5.6;3.3;41.7;50.5;0.5;0.5;0.2;0.2;0.0;0.0;0.0;0.0;0.0;0.3;0.5;0.0,31.38,0.07,0.0,0.05,14.42,0.0,14404.0,4150.0,4,16,,,,,,,,,,,,,,,,,,,,,,,,,,,,,,,,,,,,,,,,,,,,,,,,,,,,,,,,,,,,,
34,21,,,,,,,98,79,66,20,237.5,2730,10801,39,0,7.9,1.4;3.5;1.4;1.4;0.3;0.3;39.6;37.5;4.4;5.0;49.8;42.3;0.8;0.5;0.2;0.0;0.5;0.0;0.0;0.0;0.2;1.1;0.0;0.0,31.41,0.07,0.0,0.03,14.42,0.0,14257.0,1855.0,4,16,,,,,,,,,,,,,,,,,,,,,,,,,,,,,,,,,,,,,,,,,,,,,,,,,,,,,,,,,,,,,
34,22,,,,,,,98,80,69,14,237.5,2730,10801,39,0,7.9,0.9;3.6;1.1;1.3;0.8;0.8;38.1;56.4;3.3;2.8;30.9;48.0;0.6;0.6;0.0;0.0;0.0;0.0;0.0;0.0;0.2;0.0;0.2;0.0,31.4,0.07,0.0,0.03,14.42,0.0,1416.0,106250.0,4,16,,,,,,,,,,,,,,,,,,,,,,,,,,,,,,,,,,,,,,,,,,,,,,,,,,,,,,,,,,,,,
34,23,,,,,,,100,71,71,16,238.2,2730,10801,38,0,7.8,1.1;3.6;1.1;1.6;0.3;0.6;42.7;52.7;3.6;4.9;36.8;37.2;0.6;0.3;0.2;0.2;0.0;0.0;0.0;0.0;0.0;0.0;0.6;0.0,31.38,0.07,0.0,0.01,14.42,0.0,341.0,1757.0,4,16,,,,,,,,,,,,,,,,,,,,,,,,,,,,,,,,,,,,,,,,,,,,,,,,,,,,,,,,,,,,,
34,24,,,,,,,98,78,71,16,236.5,2730,10801,39,0,8.1,0.8;4.7;1.7;1.4;1.6;3.1;39.7;39.6;4.0;4.7;34.9;54.8;1.1;0.9;0.2;0.2;0.2;0.0;0.0;0.2;0.5;0.6;0.6;0.3,31.41,0.07,0.0,0.05,14.42,0.0,683.0,1562.0,4,16,,,,,,,,,,,,,,,,,,,,,,,,,,,,,,,,,,,,,,,,,,,,,,,,,,,,,,,,,,,,,
34,25,,,,,,,100,74,68,19,238.5,2730,10801,38,0,8.3,2.5;3.7;1.6;2.2;0.8;0.6;50.2;37.2;5.0;5.0;42.7;43.9;0.8;0.3;0.2;0.0;0.2;0.2;0.2;0.0;0.5;0.0;0.0;0.2,31.39,0.07,0.0,0.02,14.42,0.0,1025.0,244.0,4,16,,,,,,,,,,,,,,,,,,,,,,,,,,,,,,,,,,,,,,,,,,,,,,,,,,,,,,,,,,,,,
34,26,,,,,,,100,72,70,13,237.7,2730,10801,38,0,7.9,1.1;4.6;3.0;2.7;0.5;0.6;51.2;45.6;3.3;4.7;24.0;45.9;0.8;1.1;0.2;0.0;0.2;0.2;0.0;0.0;0.0;0.0;0.2;0.0,31.4,0.07,0.0,0.02,14.42,0.0,1660.0,0.0,4,16,,,,,,,,,,,,,,,,,,,,,,,,,,,,,,,,,,,,,,,,,,,,,,,,,,,,,,,,,,,,,
34,27,,,,,,,100,77,70,14,233.8,2730,10801,38,0,7.9,0.9;2.5;1.2;1.4;1.2;1.2;53.0;50.4;4.1;5.0;27.1;39.8;0.8;0.5;0.0;0.2;0.0;0.0;0.0;0.0;0.0;0.0;0.0;0.2,31.4,0.07,0.0,0.02,14.42,0.0,732.0,5273.0,4,16,,,,,,,,,,,,,,,,,,,,,,,,,,,,,,,,,,,,,,,,,,,,,,,,,,,,,,,,,,,,,
34,28,,,,,,,100,71,68,14,238.6,2730,10801,39,0,8.1,1.6;4.8;1.9;3.0;0.6;0.3;43.0;38.8;3.6;4.1;32.2;56.5;0.3;0.8;0.0;0.0;0.0;0.0;0.3;0.0;1.9;0.5;0.5;0.0,31.4,0.07,0.0,0.01,14.42,0.0,1464.0,1464.0,4,16,,,,,,,,,,,,,,,,,,,,,,,,,,,,,,,,,,,,,,,,,,,,,,,,,,,,,,,,,,,,,
34,29,,,,,,,100,70,70,14,238.1,2730,10801,39,0,8.0,2.0;2.9;1.4;2.2;0.6;1.7;32.2;49.4;3.1;7.5;44.0;43.3;0.9;0.5;0.0;0.0;0.0;0.2;0.2;0.0;0.0;0.3;0.2;0.5,31.4,0.07,0.0,0.03,14.42,0.0,0.0,1660.0,4,16,,,,,,,,,,,,,,,,,,,,,,,,,,,,,,,,,,,,,,,,,,,,,,,,,,,,,,,,,,,,,
34,30,,,,,,,100,75,70,17,234.2,2730,10801,38,0,6.4,1.4;3.9;1.9;2.0;1.1;1.4;18.6;21.3;6.1;5.5;61.9;25.7;0.2;0.5;0.2;0.0;0.2;0.3;0.0;0.0;1.2;0.2;0.0;0.2,31.4,0.07,0.0,0.04,14.42,0.0,292.0,390.0,4,16,,,,,,,,,,,,,,,,,,,,,,,,,,,,,,,,,,,,,,,,,,,,,,,,,,,,,,,,,,,,,
34,31,,,,,,,100,56,68,19,237.7,2730,10801,38,0,5.8,1.5;3.6;1.0;1.5;0.5;0.5;46.9;12.5;3.7;4.2;14.2;47.7;0.7;0.5;0.0;0.0;0.0;0.5;0.0;0.0;0.2;0.0;0.0;0.2,31.4,0.07,0.0,0.04,14.42,0.0,2734.0,5224.0,4,16,,,,,,,,,,,,,,,,,,,,,,,,,,,,,,,,,,,,,,,,,,,,,,,,,,,,,,,,,,,,,
34,summary,0.31726892108900384,0.9908459107180267,0.2837839382754432,0.9995555555555555,0.00100000,313.5,,,,,,,,,,,,,,,,,,,,,,1,96.52,100,0,78.19,90,58,68.52,73,13,16.39,21,96.2,233.0,239.4,2730.5,10801.0,38.4,0,5.8,8.27,21.0,31.34,31.4,31.47,63.16,0.07,0.07,0.07,16.0,0.0,0.0,0.01,0.01,0.27,3.07,11.015,16.348,14.42,14.42,14.42,15.992,0.0,0.0,0.0,0.0,2425.13,15820.0,0.0,5361.23,106250.0,4,4.0,4,16,16.0,16,4,16,6.28,291.12
35,1,,,,,,,0,0,65,17,115.7,2745,10801,39,0,21.0,21.6;21.9;23.0;22.9;21.0;20.9;58.0;54.9;25.9;27.5;62.3;67.1;12.7;12.7;4.0;4.3;7.8;8.4;2.4;2.4;6.2;7.4;4.8;4.3,31.45,0.07,0.0,0.02,14.42,0.0,2001.0,5859.0,4,16,,,,,,,,,,,,,,,,,,,,,,,,,,,,,,,,,,,,,,,,,,,,,,,,,,,,,,,,,,,,,
35,2,,,,,,,100,87,69,15,237.4,2730,10801,38,0,9.1,5.0;7.2;5.3;5.0;1.3;0.8;35.6;35.4;4.5;6.9;55.9;49.8;0.6;1.7;0.5;0.0;0.0;0.0;0.2;0.0;0.6;0.5;0.6;0.3,31.45,0.07,0.0,2.96,14.42,0.0,6542.0,1367.0,4,16,,,,,,,,,,,,,,,,,,,,,,,,,,,,,,,,,,,,,,,,,,,,,,,,,,,,,,,,,,,,,
35,3,,,,,,,98,80,68,14,237.5,2730,10801,38,0,8.2,1.9;3.0;0.9;2.2;1.1;0.9;29.5;51.2;6.8;5.3;44.6;45.2;1.2;0.6;0.3;0.0;0.2;0.0;0.3;0.0;0.2;0.3;0.8;0.3,31.43,0.07,0.0,1.62,14.42,0.0,244.0,1513.0,4,16,,,,,,,,,,,,,,,,,,,,,,,,,,,,,,,,,,,,,,,,,,,,,,,,,,,,,,,,,,,,,
35,4,,,,,,,98,82,70,15,237.5,2730,10801,38,0,8.4,1.4;5.8;2.8;1.9;0.8;0.9;34.7;51.6;6.4;6.4;39.4;45.9;0.3;0.6;0.3;0.3;0.2;0.5;0.0;0.2;0.5;0.5;1.1;0.2,31.4,0.07,0.0,3.0,14.42,0.0,1464.0,1416.0,4,16,,,,,,,,,,,,,,,,,,,,,,,,,,,,,,,,,,,,,,,,,,,,,,,,,,,,,,,,,,,,,
35,5,,,,,,,98,78,69,16,234.4,2730,10801,38,0,8.6,2.5;3.5;2.6;3.3;1.2;0.6;36.0;50.4;6.4;4.5;37.9;50.8;0.6;0.6;0.0;0.2;0.0;0.2;0.0;0.2;0.5;0.0;2.8;0.6,31.38,0.07,0.0,0.02,14.42,0.0,0.0,1367.0,4,16,,,,,,,,,,,,,,,,,,,,,,,,,,,,,,,,,,,,,,,,,,,,,,,,,,,,,,,,,,,,,
35,6,,,,,,,98,81,69,15,237.7,2730,10801,38,0,7.8,1.1;2.0;1.7;1.4;0.6;0.2;41.0;44.7;3.6;3.4;45.2;40.8;0.2;1.2;0.0;0.0;0.3;0.0;0.0;0.0;0.0;0.0;0.0;0.0,31.41,0.07,0.0,0.02,14.42,0.0,292.0,341.0,4,16,,,,,,,,,,,,,,,,,,,,,,,,,,,,,,,,,,,,,,,,,,,,,,,,,,,,,,,,,,,,,
35,7,,,,,,,98,81,70,15,238.7,2730,10801,38,0,8.0,1.4;3.4;2.0;1.4;0.6;0.6;46.2;48.4;3.8;4.4;30.3;47.0;1.3;0.6;0.3;0.2;0.3;0.0;0.0;0.0;0.0;0.0;0.0;0.0,31.41,0.07,0.0,0.02,14.42,0.0,28027.0,114746.0,4,16,,,,,,,,,,,,,,,,,,,,,,,,,,,,,,,,,,,,,,,,,,,,,,,,,,,,,,,,,,,,,
35,8,,,,,,,98,81,68,13,235.2,2730,10801,38,0,8.1,0.9;3.1;1.4;1.1;1.9;0.8;33.7;42.3;4.7;3.9;43.6;54.2;0.6;1.1;0.2;0.0;0.0;0.0;0.2;0.0;0.3;0.6;0.2;0.0,31.39,0.07,0.0,0.02,14.42,0.0,13574.0,16943.0,4,16,,,,,,,,,,,,,,,,,,,,,,,,,,,,,,,,,,,,,,,,,,,,,,,,,,,,,,,,,,,,,
35,9,,,,,,,98,78,69,17,237.4,2730,10801,38,0,7.8,1.1;3.4;1.7;1.1;0.6;0.5;54.5;33.6;3.6;3.0;37.3;45.4;0.6;0.5;0.2;0.0;0.2;0.0;0.2;0.0;0.2;0.0;0.3;0.0,31.39,0.07,0.0,0.03,14.42,0.0,341.0,15332.0,4,16,,,,,,,,,,,,,,,,,,,,,,,,,,,,,,,,,,,,,,,,,,,,,,,,,,,,,,,,,,,,,
35,10,,,,,,,98,80,68,15,238.4,2730,10801,38,0,8.2,1.6;3.3;1.9;1.1;1.3;0.5;51.2;35.5;6.4;4.1;39.3;47.3;0.9;0.8;0.0;0.3;0.2;0.5;0.2;0.0;0.3;0.0;0.0;0.2,31.41,0.07,0.0,0.03,14.42,0.0,439.0,1757.0,4,16,,,,,,,,,,,,,,,,,,,,,,,,,,,,,,,,,,,,,,,,,,,,,,,,,,,,,,,,,,,,,
35,11,,,,,,,98,77,69,18,233.7,2730,10801,38,0,7.9,1.2;2.0;3.4;0.9;0.5;0.3;38.4;47.0;6.5;2.2;40.8;43.4;1.1;0.5;0.0;0.2;0.2;0.2;0.2;0.2;0.2;0.2;0.2;0.2,31.4,0.07,0.0,0.02,14.42,0.0,1123.0,1464.0,4,16,,,,,,,,,,,,,,,,,,,,,,,,,,,,,,,,,,,,,,,,,,,,,,,,,,,,,,,,,,,,,
35,12,,,,,,,100,54,69,21,237.8,2730,10801,38,0,7.8,1.4;3.4;2.2;2.0;0.5;0.3;59.5;37.5;5.3;3.7;29.7;38.8;0.5;0.5;0.0;0.3;0.2;0.0;0.0;0.0;0.8;0.8;0.0;0.2,31.41,0.07,0.0,0.02,14.42,0.0,1123.0,1513.0,4,16,,,,,,,,,,,,,,,,,,,,,,,,,,,,,,,,,,,,,,,,,,,,,,,,,,,,,,,,,,,,,
35,13,,,,,,,100,54,70,15,236.9,2730,10801,39,0,7.9,1.6;2.2;1.6;0.9;1.1;0.3;49.8;34.4;7.8;3.8;36.5;47.1;0.8;0.8;0.2;0.0;0.3;0.5;0.2;0.2;0.0;0.0;0.0;0.2,31.41,0.07,0.0,0.02,14.42,0.0,781.0,0.0,4,16,,,,,,,,,,,,,,,,,,,,,,,,,,,,,,,,,,,,,,,,,,,,,,,,,,,,,,,,,,,,,
35,14,,,,,,,100,55,69,15,234.4,2730,10801,38,0,7.8,1.7;1.7;1.9;1.2;0.5;0.5;36.5;34.9;4.7;5.2;39.6;58.0;0.5;0.6;0.0;0.0;0.0;0.0;0.0;0.0;0.0;0.0;0.0;0.2,31.4,0.07,0.0,0.02,14.42,0.0,1513.0,4492.0,4,16,,,,,,,,,,,,,,,,,,,,,,,,,,,,,,,,,,,,,,,,,,,,,,,,,,,,,,,,,,,,,
35,15,,,,,,,100,51,69,16,237.7,2730,10801,38,0,8.0,1.6;2.3;1.9;3.1;0.2;0.8;44.8;32.8;5.6;7.6;49.5;40.0;0.6;0.8;0.0;0.0;0.2;0.2;0.0;0.0;0.2;0.0;0.0;0.2,31.41,0.07,0.0,0.03,14.42,0.0,1416.0,0.0,4,16,,,,,,,,,,,,,,,,,,,,,,,,,,,,,,,,,,,,,,,,,,,,,,,,,,,,,,,,,,,,,
35,16,,,,,,,100,51,69,16,236.6,2730,10801,38,0,8.1,1.4;2.2;2.7;1.4;1.3;1.1;49.1;35.1;4.2;6.7;39.8;47.7;0.5;0.6;0.0;0.5;0.0;0.2;0.0;0.0;0.3;0.0;0.6;0.0,31.41,0.07,0.0,0.01,14.42,0.0,48.0,1757.0,4,16,,,,,,,,,,,,,,,,,,,,,,,,,,,,,,,,,,,,,,,,,,,,,,,,,,,,,,,,,,,,,
35,17,,,,,,,100,46,68,21,236.5,2730,10801,38,0,7.8,0.8;4.1;1.6;1.4;0.2;0.5;46.4;37.3;4.8;6.4;34.4;45.9;0.9;0.9;0.2;0.0;0.0;0.0;0.0;0.0;0.0;0.0;0.5;0.6,31.4,0.07,0.0,0.05,14.42,0.0,1269.0,5908.0,4,16,,,,,,,,,,,,,,,,,,,,,,,,,,,,,,,,,,,,,,,,,,,,,,,,,,,,,,,,,,,,,
35,18,,,,,,,100,54,69,15,236.9,2730,10801,38,0,8.5,3.0;4.6;3.1;1.9;1.4;1.1;58.3;33.2;4.8;7.0;33.0;45.2;1.1;1.1;0.5;0.9;0.3;0.3;0.0;0.3;0.3;0.6;0.6;0.5,31.42,0.07,0.0,0.05,14.42,0.0,0.0,1708.0,4,16,,,,,,,,,,,,,,,,,,,,,,,,,,,,,,,,,,,,,,,,,,,,,,,,,,,,,,,,,,,,,
35,19,,,,,,,100,47,68,14,237.7,2730,10801,38,0,8.1,0.8;4.2;1.2;2.5;0.9;1.1;49.8;23.2;4.5;3.3;42.8;57.4;1.1;1.1;0.2;0.3;0.0;0.2;0.0;0.3;0.3;0.2;0.0;0.0,31.4,0.07,0.0,0.04,14.42,0.0,292.0,146.0,4,16,,,,,,,,,,,,,,,,,,,,,,,,,,,,,,,,,,,,,,,,,,,,,,,,,,,,,,,,,,,,,
35,20,,,,,,,100,50,69,15,236.7,2730,10801,38,0,7.9,1.4;3.9;0.9;0.9;0.8;1.3;45.1;36.0;3.4;4.7;31.5;57.2;0.8;0.8;0.2;0.3;0.2;0.0;0.0;0.0;0.2;0.0;0.3;0.2,31.41,0.07,0.0,0.14,14.42,0.0,488.0,5224.0,4,16,,,,,,,,,,,,,,,,,,,,,,,,,,,,,,,,,,,,,,,,,,,,,,,,,,,,,,,,,,,,,
35,21,,,,,,,100,54,69,16,237.3,2730,10801,38,0,7.8,1.1;4.0;1.6;0.9;0.3;0.5;49.1;32.6;4.2;3.9;36.2;48.2;0.8;0.3;0.0;0.0;0.0;0.0;0.3;0.0;0.2;0.6;1.1;1.1,31.41,0.07,0.0,0.04,14.42,0.0,1074.0,1464.0,4,16,,,,,,,,,,,,,,,,,,,,,,,,,,,,,,,,,,,,,,,,,,,,,,,,,,,,,,,,,,,,,
35,22,,,,,,,100,45,70,21,237.3,2730,10801,38,0,8.1,1.6;4.3;1.9;2.0;0.5;0.8;56.6;23.8;3.6;3.9;38.6;53.8;0.8;0.6;0.0;0.2;0.2;0.0;0.0;0.2;0.2;0.2;0.0;0.3,31.39,0.07,0.0,0.02,14.42,0.0,1416.0,8740.0,4,16,,,,,,,,,,,,,,,,,,,,,,,,,,,,,,,,,,,,,,,,,,,,,,,,,,,,,,,,,,,,,
35,23,,,,,,,100,50,71,14,237.2,2730,10801,38,0,8.1,1.1;2.5;3.3;2.8;0.8;0.2;47.3;41.7;7.7;6.9;42.3;37.4;0.9;0.5;0.0;0.0;0.0;0.2;0.0;0.2;0.2;0.0;0.0;0.0,31.38,0.07,0.0,0.07,14.42,0.0,244.0,1367.0,4,16,,,,,,,,,,,,,,,,,,,,,,,,,,,,,,,,,,,,,,,,,,,,,,,,,,,,,,,,,,,,,
35,24,,,,,,,100,52,68,14,236.0,2730,10801,38,0,8.2,1.6;3.7;1.4;1.9;0.5;0.6;54.7;37.4;5.3;6.7;38.2;40.7;1.1;1.4;0.3;0.3;0.3;0.3;0.0;0.0;0.0;0.8;0.5;0.2,31.41,0.07,0.0,0.1,14.42,0.0,537.0,48.0,4,16,,,,,,,,,,,,,,,,,,,,,,,,,,,,,,,,,,,,,,,,,,,,,,,,,,,,,,,,,,,,,
35,25,,,,,,,100,51,71,16,237.9,2730,10801,38,0,7.9,1.1;2.8;1.7;1.3;0.0;0.5;52.3;41.3;2.5;5.3;41.8;36.6;1.3;0.5;0.0;0.0;0.0;0.0;0.0;0.0;0.0;0.3;0.2;0.2,31.42,0.07,0.0,0.02,14.42,0.0,1123.0,1416.0,4,16,,,,,,,,,,,,,,,,,,,,,,,,,,,,,,,,,,,,,,,,,,,,,,,,,,,,,,,,,,,,,
35,26,,,,,,,100,59,70,19,237.1,2730,10801,38,0,8.1,1.1;3.7;1.9;1.7;0.6;0.5;42.5;40.8;2.7;4.2;47.0;44.6;0.5;0.9;0.0;0.0;0.0;0.0;0.2;0.2;0.2;0.5;0.0;0.2,31.42,0.07,0.0,0.02,14.42,0.0,292.0,341.0,4,16,,,,,,,,,,,,,,,,,,,,,,,,,,,,,,,,,,,,,,,,,,,,,,,,,,,,,,,,,,,,,
35,27,,,,,,,100,49,70,20,235.7,2730,10801,38,0,8.1,0.8;4.9;1.9;1.9;1.1;1.6;43.8;41.3;3.4;8.3;49.3;35.9;0.6;0.5;0.0;0.0;0.2;0.0;0.0;0.0;0.0;0.0;0.0;0.0,31.4,0.07,0.0,0.08,14.42,0.0,1074.0,1416.0,4,16,,,,,,,,,,,,,,,,,,,,,,,,,,,,,,,,,,,,,,,,,,,,,,,,,,,,,,,,,,,,,
35,28,,,,,,,100,57,69,15,238.3,2730,10801,38,0,7.7,1.7;2.6;0.8;0.8;0.5;0.5;43.8;27.5;2.7;3.0;54.6;45.0;0.5;1.1;0.0;0.0;0.0;0.0;0.0;0.0;0.2;0.2;0.3;0.0,31.4,0.07,0.0,0.04,14.42,0.0,1025.0,48.0,4,16,,,,,,,,,,,,,,,,,,,,,,,,,,,,,,,,,,,,,,,,,,,,,,,,,,,,,,,,,,,,,
35,29,,,,,,,100,54,68,15,238.8,2730,10801,38,0,8.1,1.1;4.5;3.0;1.3;0.5;0.9;45.5;40.0;7.2;2.5;36.2;49.9;1.0;0.5;0.0;0.0;0.0;0.0;0.0;0.0;0.0;0.0;0.2;0.2,31.4,0.07,0.0,0.03,14.42,0.0,878.0,1757.0,4,16,,,,,,,,,,,,,,,,,,,,,,,,,,,,,,,,,,,,,,,,,,,,,,,,,,,,,,,,,,,,,
35,30,,,,,,,100,50,69,15,233.5,2730,10801,38,0,6.2,0.8;4.1;1.1;1.4;0.3;0.3;47.7;28.6;3.4;2.6;38.4;19.9;0.3;0.5;0.0;0.0;0.0;0.0;0.0;0.0;0.0;0.0;0.0;0.0,31.4,0.07,0.0,0.03,14.42,0.0,9619.0,48.0,4,16,,,,,,,,,,,,,,,,,,,,,,,,,,,,,,,,,,,,,,,,,,,,,,,,,,,,,,,,,,,,,
35,31,,,,,,,100,55,69,15,237.2,2730,10801,38,0,5.7,1.0;2.9;1.2;1.5;0.2;0.2;20.4;28.0;2.7;2.5;24.6;49.0;0.2;0.2;0.0;0.0;0.0;0.2;0.3;0.0;0.0;0.0;0.0;0.0,31.38,0.07,0.0,0.02,14.42,0.0,976.0,146.0,4,16,,,,,,,,,,,,,,,,,,,,,,,,,,,,,,,,,,,,,,,,,,,,,,,,,,,,,,,,,,,,,
35,summary,0.3166013824750469,0.9909529361399801,0.2836656432416704,0.9996666666666667,0.00100000,313.3,,,,,,,,,,,,,,,,,,,,,,0,96.19,100,0,59.45,87,65,68.97,71,13,16.06,21,115.7,232.94,238.8,2730.5,10801.0,38.1,0,5.7,8.35,21.0,31.38,31.41,31.45,63.16,0.07,0.07,0.07,16.0,0.0,0.0,0.0,0.01,0.28,3.0,11.015,16.348,14.42,14.42,14.42,15.992,0.0,0.0,0.0,0.0,2555.97,28027.0,0.0,6440.13,114746.0,4,4.0,4,16,16.0,16,4,16,6.06,291.12
36,1,,,,,,,0,0,59,18,101.9,2745,10801,38,0,20.6,18.3;21.1;23.8;23.3;20.7;20.6;48.9;62.6;26.5;26.2;56.2;71.1;12.8;11.6;3.9;4.4;7.5;7.5;2.9;3.2;5.3;6.7;5.4;5.0,31.53,0.07,0.0,0.03,14.42,0.0,30664.0,292.0,4,16,,,,,,,,,,,,,,,,,,,,,,,,,,,,,,,,,,,,,,,,,,,,,,,,,,,,,,,,,,,,,
36,2,,,,,,,100,87,69,20,237.5,2730,10801,38,0,8.0,0.5;3.1;1.9;1.4;0.3;0.3;46.9;43.4;6.4;3.7;42.5;39.3;1.1;0.3;0.0;0.0;0.2;0.0;0.0;0.0;0.0;0.2;0.0;0.0,31.48,0.07,0.0,4.99,14.42,0.0,14453.0,1464.0,4,16,,,,,,,,,,,,,,,,,,,,,,,,,,,,,,,,,,,,,,,,,,,,,,,,,,,,,,,,,,,,,
36,3,,,,,,,100,88,66,16,237.5,2730,10801,38,0,7.9,2.0;4.0;1.6;1.4;0.8;0.8;47.4;44.6;4.1;4.9;29.0;45.7;1.1;1.1;0.2;0.0;0.0;0.3;0.0;0.2;0.0;0.2;0.3;0.0,31.44,0.07,0.0,2.21,14.42,0.0,46435.0,270654.0,4,16,,,,,,,,,,,,,,,,,,,,,,,,,,,,,,,,,,,,,,,,,,,,,,,,,,,,,,,,,,,,,
36,4,,,,,,,98,78,71,15,237.0,2730,10801,38,0,7.7,0.3;2.2;0.9;0.6;0.6;1.1;55.7;43.2;4.4;2.3;33.4;37.6;0.8;0.5;0.0;0.0;0.0;0.0;0.0;0.0;0.0;0.5;0.0;0.0,31.44,0.07,0.0,1.53,14.42,0.0,9912.0,14550.0,4,16,,,,,,,,,,,,,,,,,,,,,,,,,,,,,,,,,,,,,,,,,,,,,,,,,,,,,,,,,,,,,
36,5,,,,,,,98,79,66,16,235.6,2730,10801,38,0,8.0,1.6;4.4;1.1;0.9;0.2;0.2;52.3;40.3;2.6;4.1;33.8;46.6;0.6;0.9;0.0;0.0;0.0;0.2;0.0;0.0;0.0;0.0;0.3;1.6,31.4,0.07,0.0,2.58,14.42,0.0,683.0,8251.0,4,16,,,,,,,,,,,,,,,,,,,,,,,,,,,,,,,,,,,,,,,,,,,,,,,,,,,,,,,,,,,,,
36,6,,,,,,,98,79,70,16,237.4,2730,10801,38,0,7.8,0.6;2.6;1.3;1.7;0.2;0.5;34.1;47.0;4.2;2.2;43.1;46.1;1.1;1.1;0.0;0.0;0.0;0.0;0.0;0.2;0.2;0.2;0.0;0.0,31.42,0.07,0.0,0.02,14.42,0.0,341.0,341.0,4,16,,,,,,,,,,,,,,,,,,,,,,,,,,,,,,,,,,,,,,,,,,,,,,,,,,,,,,,,,,,,,
36,7,,,,,,,100,75,68,21,236.8,2730,10801,38,0,8.2,1.7;3.1;2.0;1.3;0.6;0.9;50.8;40.8;7.4;3.3;42.7;36.2;0.9;0.9;0.2;0.0;0.6;0.2;0.2;0.3;0.2;0.2;1.1;0.5,31.41,0.07,0.0,0.02,14.42,0.0,1123.0,1416.0,4,16,,,,,,,,,,,,,,,,,,,,,,,,,,,,,,,,,,,,,,,,,,,,,,,,,,,,,,,,,,,,,
36,8,,,,,,,98,80,71,14,232.8,2730,10801,38,0,8.2,1.7;4.9;0.6;1.2;1.2;0.6;45.0;46.0;6.1;2.5;54.6;29.6;1.1;0.6;0.0;0.2;0.0;0.0;0.0;0.0;0.3;0.0;0.0;0.0,31.4,0.07,0.0,0.02,14.42,0.0,1171.0,146.0,4,16,,,,,,,,,,,,,,,,,,,,,,,,,,,,,,,,,,,,,,,,,,,,,,,,,,,,,,,,,,,,,
36,9,,,,,,,100,70,67,17,237.1,2730,10801,38,0,7.9,1.1;3.6;1.9;0.9;0.8;0.3;32.0;38.5;5.0;3.4;51.3;47.7;1.1;0.9;0.2;0.0;0.3;0.0;0.0;0.0;0.3;0.2;0.5;0.0,31.4,0.07,0.0,0.03,14.42,0.0,292.0,1757.0,4,16,,,,,,,,,,,,,,,,,,,,,,,,,,,,,,,,,,,,,,,,,,,,,,,,,,,,,,,,,,,,,
36,10,,,,,,,100,63,68,16,237.0,2730,10801,38,0,7.8,0.8;2.9;1.7;1.2;0.3;0.8;45.9;39.5;3.3;4.5;32.3;51.6;1.3;0.6;0.0;0.0;0.0;0.0;0.0;0.0;0.0;0.0;0.0;0.0,31.41,0.07,0.0,0.03,14.42,0.0,1123.0,1464.0,4,16,,,,,,,,,,,,,,,,,,,,,,,,,,,,,,,,,,,,,,,,,,,,,,,,,,,,,,,,,,,,,
36,11,,,,,,,100,75,69,15,232.9,2730,10801,38,0,7.9,0.8;5.2;2.2;0.8;0.5;0.0;47.7;43.8;4.2;3.1;35.1;43.3;0.8;0.6;0.0;0.0;0.0;0.0;0.0;0.0;0.8;0.0;0.0;0.0,31.42,0.07,0.0,0.02,14.42,0.0,0.0,1367.0,4,16,,,,,,,,,,,,,,,,,,,,,,,,,,,,,,,,,,,,,,,,,,,,,,,,,,,,,,,,,,,,,
36,12,,,,,,,100,70,68,22,237.4,2730,10801,38,0,7.9,0.8;2.6;1.9;1.1;0.8;1.1;40.4;42.4;3.9;4.8;44.1;44.0;0.8;0.8;0.2;0.2;0.0;0.2;0.2;0.0;0.3;0.0;0.0;0.0,31.38,0.07,0.0,0.03,14.42,0.0,2685.0,1367.0,4,16,,,,,,,,,,,,,,,,,,,,,,,,,,,,,,,,,,,,,,,,,,,,,,,,,,,,,,,,,,,,,
36,13,,,,,,,100,71,67,16,236.6,2730,10801,38,0,8.4,2.3;5.8;3.0;1.6;0.6;0.8;57.3;31.8;3.7;5.6;40.2;42.8;0.8;0.6;0.3;0.2;0.2;0.0;0.2;0.2;0.3;0.0;1.7;0.9,31.4,0.07,0.0,0.02,14.42,0.0,1513.0,1318.0,4,16,,,,,,,,,,,,,,,,,,,,,,,,,,,,,,,,,,,,,,,,,,,,,,,,,,,,,,,,,,,,,
36,14,,,,,,,100,76,69,15,235.0,2730,10801,38,0,7.8,0.6;4.1;1.4;1.2;0.2;0.6;49.0;28.4;4.1;3.6;46.0;45.9;0.9;0.9;0.2;0.2;0.0;0.0;0.2;0.0;0.2;0.2;0.2;0.0,31.4,0.07,0.0,0.03,14.42,0.0,1318.0,5615.0,4,16,,,,,,,,,,,,,,,,,,,,,,,,,,,,,,,,,,,,,,,,,,,,,,,,,,,,,,,,,,,,,
36,15,,,,,,,99,78,69,14,237.6,2730,10801,38,0,8.2,2.5;5.2;1.9;1.7;1.1;1.1;34.6;44.2;5.8;3.3;46.2;43.8;1.3;1.1;0.0;0.0;0.3;0.3;0.0;0.0;0.3;1.2;0.5;0.2,31.4,0.07,0.0,0.02,14.42,0.0,878.0,1464.0,4,16,,,,,,,,,,,,,,,,,,,,,,,,,,,,,,,,,,,,,,,,,,,,,,,,,,,,,,,,,,,,,
36,16,,,,,,,100,79,70,16,237.5,2730,10801,38,0,8.3,1.1;3.3;3.4;2.2;1.1;0.9;43.8;42.2;5.2;5.5;47.7;38.7;1.6;0.8;0.5;0.0;0.0;0.2;0.2;0.2;0.2;0.2;0.2;0.2,31.39,0.07,0.0,0.08,14.42,0.0,927.0,195.0,4,16,,,,,,,,,,,,,,,,,,,,,,,,,,,,,,,,,,,,,,,,,,,,,,,,,,,,,,,,,,,,,
36,17,,,,,,,100,69,70,20,236.6,2730,10801,38,0,8.4,1.9;4.6;2.0;1.2;0.6;0.2;49.0;38.5;7.5;5.1;44.1;43.9;0.8;0.9;0.0;0.0;0.0;0.0;0.0;0.0;0.2;0.0;0.3;0.2,31.4,0.07,0.0,0.03,14.42,0.0,1269.0,7226.0,4,16,,,,,,,,,,,,,,,,,,,,,,,,,,,,,,,,,,,,,,,,,,,,,,,,,,,,,,,,,,,,,
36,18,,,,,,,100,78,70,14,237.6,2730,10801,38,0,8.1,1.6;5.5;1.9;2.5;1.9;0.3;38.6;35.0;4.9;6.9;41.6;53.0;0.6;0.8;0.0;0.0;0.0;0.0;0.2;0.0;0.0;0.3;0.2;0.0,31.4,0.07,0.0,0.02,14.42,0.0,830.0,390.0,4,16,,,,,,,,,,,,,,,,,,,,,,,,,,,,,,,,,,,,,,,,,,,,,,,,,,,,,,,,,,,,,
36,19,,,,,,,100,70,70,16,236.3,2730,10801,38,0,8.0,1.3;4.2;1.6;1.4;0.5;1.2;49.7;35.8;2.8;4.4;38.4;46.4;0.6;1.1;0.2;0.0;0.2;0.0;0.0;0.3;0.2;0.0;0.5;0.0,31.4,0.07,0.0,0.02,14.42,0.0,1367.0,1416.0,4,16,,,,,,,,,,,,,,,,,,,,,,,,,,,,,,,,,,,,,,,,,,,,,,,,,,,,,,,,,,,,,
36,20,,,,,,,100,69,69,14,236.1,2730,10801,38,0,8.3,2.0;3.5;2.3;2.0;0.8;0.5;37.1;44.3;4.5;3.9;51.3;40.2;0.8;0.8;0.0;0.0;0.3;0.5;0.0;0.3;0.2;0.2;1.7;0.8,31.38,0.07,0.0,0.03,14.42,0.0,683.0,5322.0,4,16,,,,,,,,,,,,,,,,,,,,,,,,,,,,,,,,,,,,,,,,,,,,,,,,,,,,,,,,,,,,,
36,21,,,,,,,100,73,70,16,237.2,2730,10801,38,0,8.2,1.6;2.2;1.6;1.4;1.4;0.5;44.3;41.7;6.4;5.0;38.5;48.1;0.6;0.9;0.0;0.0;0.0;0.0;0.0;0.0;0.3;0.0;1.7;0.5,31.39,0.07,0.0,0.02,14.42,0.0,1416.0,0.0,4,16,,,,,,,,,,,,,,,,,,,,,,,,,,,,,,,,,,,,,,,,,,,,,,,,,,,,,,,,,,,,,
36,22,,,,,,,100,73,68,21,236.5,2730,10801,38,0,8.1,1.6;3.5;1.9;2.8;0.3;0.3;56.1;39.3;3.1;7.0;39.8;36.3;0.6;0.9;0.0;0.0;0.0;0.0;0.0;0.0;0.0;0.6;0.3;0.0,31.41,0.07,0.0,0.07,14.42,0.0,41113.0,53173.0,4,16,,,,,,,,,,,,,,,,,,,,,,,,,,,,,,,,,,,,,,,,,,,,,,,,,,,,,,,,,,,,,
36,23,,,,,,,98,79,69,18,238.0,2730,10801,38,0,8.1,1.2;4.9;1.4;1.7;0.5;0.6;52.1;37.7;4.1;4.2;39.9;41.0;0.8;0.9;0.0;0.0;0.0;0.2;0.2;0.0;0.0;0.5;0.3;0.5,31.4,0.07,0.0,0.03,14.42,0.0,1464.0,1367.0,4,16,,,,,,,,,,,,,,,,,,,,,,,,,,,,,,,,,,,,,,,,,,,,,,,,,,,,,,,,,,,,,
36,24,,,,,,,98,82,68,19,234.9,2730,10801,38,0,7.8,0.8;3.2;1.1;1.6;0.5;0.2;47.4;44.0;2.0;5.7;29.3;49.3;0.9;0.8;0.0;0.0;0.0;0.0;0.0;0.2;0.0;0.0;0.0;0.0,31.38,0.07,0.0,0.07,14.42,0.0,537.0,0.0,4,16,,,,,,,,,,,,,,,,,,,,,,,,,,,,,,,,,,,,,,,,,,,,,,,,,,,,,,,,,,,,,
36,25,,,,,,,98,79,69,14,237.3,2730,10801,38,0,8.2,1.7;4.1;1.4;1.7;0.8;1.4;34.0;40.3;5.0;6.7;38.8;58.6;0.9;1.1;0.0;0.0;0.2;0.0;0.0;0.0;0.0;0.3;0.3;0.2,31.41,0.07,0.0,0.03,14.42,0.0,10644.0,1416.0,4,16,,,,,,,,,,,,,,,,,,,,,,,,,,,,,,,,,,,,,,,,,,,,,,,,,,,,,,,,,,,,,
36,26,,,,,,,98,80,70,15,237.6,2730,10801,38,0,8.0,1.1;3.2;1.9;1.1;0.6;0.9;43.1;38.4;4.5;4.1;49.4;38.8;1.2;1.1;0.3;0.3;0.3;0.2;0.0;0.3;0.3;1.2;0.2;0.2,31.42,0.07,0.0,0.02,14.42,0.0,1123.0,1367.0,4,16,,,,,,,,,,,,,,,,,,,,,,,,,,,,,,,,,,,,,,,,,,,,,,,,,,,,,,,,,,,,,
36,27,,,,,,,98,79,70,16,233.4,2730,10801,38,0,7.8,0.6;4.3;2.0;1.7;1.4;0.5;41.4;44.5;2.3;5.0;37.4;45.4;0.5;0.9;0.0;0.0;0.0;0.0;0.0;0.0;0.0;0.0;0.2;0.0,31.41,0.07,0.0,0.06,14.42,0.0,390.0,97.0,4,16,,,,,,,,,,,,,,,,,,,,,,,,,,,,,,,,,,,,,,,,,,,,,,,,,,,,,,,,,,,,,
36,28,,,,,,,100,66,69,16,237.3,2730,10801,38,0,8.2,0.9;4.8;2.2;1.7;0.5;0.5;47.5;36.4;3.4;4.8;47.7;42.3;1.1;0.9;0.0;0.2;0.3;0.2;0.0;0.2;0.0;0.3;0.2;0.0,31.4,0.07,0.0,0.09,14.42,0.0,878.0,1513.0,4,16,,,,,,,,,,,,,,,,,,,,,,,,,,,,,,,,,,,,,,,,,,,,,,,,,,,,,,,,,,,,,
36,29,,,,,,,100,62,68,17,237.4,2730,10801,38,0,8.3,0.9;4.3;2.5;1.3;0.6;1.1;45.5;53.2;4.7;8.6;45.5;26.5;0.8;1.3;0.2;0.0;0.0;0.2;0.0;0.0;0.2;0.2;0.0;0.2,31.41,0.07,0.0,0.04,14.42,0.0,878.0,1562.0,4,16,,,,,,,,,,,,,,,,,,,,,,,,,,,,,,,,,,,,,,,,,,,,,,,,,,,,,,,,,,,,,
36,30,,,,,,,100,71,70,20,233.2,2730,10801,38,0,6.4,1.1;5.1;0.9;1.2;0.8;0.8;36.3;34.9;3.3;4.5;23.0;37.7;0.5;0.5;0.2;0.0;0.2;0.2;0.0;0.3;0.2;0.5;0.3;0.3,31.4,0.07,0.0,0.03,14.42,0.0,927.0,195.0,4,16,,,,,,,,,,,,,,,,,,,,,,,,,,,,,,,,,,,,,,,,,,,,,,,,,,,,,,,,,,,,,
36,31,,,,,,,100,56,70,21,237.0,2730,10801,38,0,5.9,0.7;2.9;1.5;1.5;0.0;2.0;20.1;26.0;2.7;3.9;50.2;26.0;1.0;0.2;0.0;0.0;0.0;0.2;0.2;0.2;0.5;0.5;0.5;0.5,31.39,0.07,0.0,0.01,14.42,0.0,878.0,341.0,4,16,,,,,,,,,,,,,,,,,,,,,,,,,,,,,,,,,,,,,,,,,,,,,,,,,,,,,,,,,,,,,
36,summary,0.3162554802991513,0.990966598959804,0.28363827761014304,0.9995555555555555,0.00100000,313.7,,,,,,,,,,,,,,,,,,,,,,0,96.16,100,0,72.06,88,59,68.61,71,14,16.9,22,101.9,232.06,238.0,2730.5,10801.0,38.0,0,5.9,8.34,20.6,31.38,31.41,31.53,63.16,0.07,0.07,0.07,16.0,0.0,0.0,0.0,0.01,0.39,4.99,11.015,16.348,14.42,14.42,14.42,15.992,0.0,0.0,0.0,0.0,5739.19,46435.0,0.0,12485.35,270654.0,4,4.0,4,16,16.0,16,4,16,6.29,291.12
37,1,,,,,,,100,62,65,18,106.4,2745,10801,38,0,20.5,18.6;21.6;22.3;22.4;19.4;20.9;61.4;49.8;23.0;25.7;62.6;65.5;12.3;12.8;3.8;4.1;7.0;7.6;2.8;1.9;6.7;6.9;6.5;5.9,31.52,0.07,0.0,0.02,14.42,0.0,37500.0,240478.0,4,16,,,,,,,,,,,,,,,,,,,,,,,,,,,,,,,,,,,,,,,,,,,,,,,,,,,,,,,,,,,,,
37,2,,,,,,,100,63,69,16,237.6,2730,10801,38,0,7.7,0.9;1.6;1.7;1.7;0.3;0.8;50.5;41.7;3.1;4.4;39.9;34.1;0.8;0.8;0.5;0.5;0.0;0.3;0.0;0.2;0.0;0.0;0.0;0.0,31.46,0.07,0.0,4.97,14.42,0.0,878.0,1562.0,4,16,,,,,,,,,,,,,,,,,,,,,,,,,,,,,,,,,,,,,,,,,,,,,,,,,,,,,,,,,,,,,
37,3,,,,,,,100,58,70,17,236.9,2730,10801,38,0,7.9,1.4;2.6;2.5;1.4;0.8;0.3;50.2;35.7;3.9;3.3;40.2;44.1;0.9;0.8;0.2;0.0;0.0;0.3;0.0;0.0;0.0;0.3;0.2;0.0,31.44,0.07,0.0,2.22,14.42,0.0,14599.0,0.0,4,16,,,,,,,,,,,,,,,,,,,,,,,,,,,,,,,,,,,,,,,,,,,,,,,,,,,,,,,,,,,,,
37,4,,,,,,,100,55,69,18,238.0,2730,10801,38,0,7.9,0.5;2.9;1.3;1.4;0.8;0.6;34.4;52.2;4.4;3.4;38.6;46.6;0.8;1.1;0.2;0.3;0.0;0.0;0.2;0.2;0.0;0.3;0.0;0.0,31.43,0.07,0.0,1.54,14.42,0.0,15087.0,10058.0,4,16,,,,,,,,,,,,,,,,,,,,,,,,,,,,,,,,,,,,,,,,,,,,,,,,,,,,,,,,,,,,,
37,5,,,,,,,100,58,70,21,235.9,2730,10801,38,0,8.2,0.8;4.6;1.2;1.1;0.8;0.5;50.3;31.9;7.9;4.2;37.4;51.6;0.9;0.6;0.5;0.5;0.0;0.2;0.2;0.3;0.0;0.0;0.0;0.3,31.37,0.07,0.0,2.59,14.42,0.0,27734.0,115771.0,4,16,,,,,,,,,,,,,,,,,,,,,,,,,,,,,,,,,,,,,,,,,,,,,,,,,,,,,,,,,,,,,
37,6,,,,,,,100,58,70,15,236.9,2730,10801,38,0,7.9,1.3;4.0;2.5;1.1;0.6;0.9;28.7;48.8;4.9;3.8;48.3;42.1;1.4;0.6;0.0;0.0;0.3;0.2;0.2;0.0;0.3;0.0;0.5;0.2,31.41,0.07,0.0,0.01,14.42,0.0,1123.0,2734.0,4,16,,,,,,,,,,,,,,,,,,,,,,,,,,,,,,,,,,,,,,,,,,,,,,,,,,,,,,,,,,,,,
37,7,,,,,,,100,71,70,16,236.4,2730,10801,38,0,8.0,1.3;5.2;1.6;0.9;1.9;0.9;49.5;32.6;3.8;3.6;39.9;48.2;0.9;0.5;0.2;0.3;0.0;0.3;0.2;0.0;0.0;0.5;0.0;0.2,31.37,0.07,0.0,0.03,14.42,0.0,341.0,1416.0,4,16,,,,,,,,,,,,,,,,,,,,,,,,,,,,,,,,,,,,,,,,,,,,,,,,,,,,,,,,,,,,,
37,8,,,,,,,100,65,69,17,234.6,2730,10801,38,0,8.0,1.1;2.8;2.3;1.1;0.5;0.6;42.5;47.8;5.9;4.0;38.9;41.1;0.6;1.4;0.0;0.0;0.0;0.0;0.0;0.0;0.0;0.3;0.0;0.2,31.41,0.07,0.0,0.01,14.42,0.0,878.0,1611.0,4,16,,,,,,,,,,,,,,,,,,,,,,,,,,,,,,,,,,,,,,,,,,,,,,,,,,,,,,,,,,,,,
37,9,,,,,,,100,70,68,22,237.0,2730,10801,38,0,8.1,1.2;3.7;2.3;1.6;0.5;0.3;39.1;48.3;4.2;3.9;43.8;42.6;0.9;0.9;0.0;0.0;0.2;0.2;0.0;0.0;0.2;0.3;0.3;0.2,31.39,0.07,0.0,0.05,14.42,0.0,1513.0,1513.0,4,16,,,,,,,,,,,,,,,,,,,,,,,,,,,,,,,,,,,,,,,,,,,,,,,,,,,,,,,,,,,,,
37,10,,,,,,,100,60,67,15,237.0,2730,10801,38,0,8.5,1.6;2.9;3.0;2.5;0.8;1.3;34.9;35.5;7.0;5.6;54.0;49.4;1.1;1.3;0.0;0.6;0.3;0.3;0.2;0.0;0.3;0.2;0.2;0.5,31.39,0.07,0.34,1.18,14.42,0.0,244.0,1904.0,4,16,,,,,,,,,,,,,,,,,,,,,,,,,,,,,,,,,,,,,,,,,,,,,,,,,,,,,,,,,,,,,
37,11,,,,,,,100,59,67,14,233.2,2730,10801,38,0,8.0,1.4;3.7;2.3;0.8;0.2;0.8;42.5;45.2;6.1;4.7;28.9;52.5;0.5;0.6;0.0;0.0;0.0;0.0;0.2;0.6;0.0;0.5;0.0;0.2,31.4,0.07,0.0,0.03,14.42,0.0,0.0,1708.0,4,16,,,,,,,,,,,,,,,,,,,,,,,,,,,,,,,,,,,,,,,,,,,,,,,,,,,,,,,,,,,,,
37,12,,,,,,,100,61,70,14,236.8,2730,10801,38,0,7.7,1.4;3.5;1.1;0.9;0.3;0.2;32.6;36.7;3.9;3.1;45.9;54.7;0.6;0.6;0.0;0.0;0.0;0.0;0.0;0.2;0.0;0.0;0.0;0.0,31.43,0.07,0.02,0.11,14.42,0.0,1220.0,97.0,4,16,,,,,,,,,,,,,,,,,,,,,,,,,,,,,,,,,,,,,,,,,,,,,,,,,,,,,,,,,,,,,
37,13,,,,,,,100,79,68,19,236.9,2730,10801,38,0,8.1,1.1;3.6;1.4;0.8;0.9;0.8;46.7;45.2;5.1;4.5;44.5;37.6;1.2;0.5;0.0;0.2;0.3;0.0;0.0;0.0;0.0;0.2;0.0;0.0,31.43,0.07,0.0,0.08,14.42,0.0,1123.0,1562.0,4,16,,,,,,,,,,,,,,,,,,,,,,,,,,,,,,,,,,,,,,,,,,,,,,,,,,,,,,,,,,,,,
37,14,,,,,,,100,55,67,16,234.1,2730,10801,38,0,7.7,0.8;4.3;1.7;0.8;0.3;1.1;38.5;39.8;3.4;4.2;46.0;41.8;0.5;0.8;0.0;0.0;0.0;0.0;0.0;0.0;0.0;0.0;0.3;0.0,31.42,0.07,0.0,0.02,14.42,0.0,292.0,97.0,4,16,,,,,,,,,,,,,,,,,,,,,,,,,,,,,,,,,,,,,,,,,,,,,,,,,,,,,,,,,,,,,
37,15,,,,,,,100,46,71,16,236.5,2730,10801,38,0,7.6,0.3;4.0;1.1;0.9;0.0;0.2;44.4;52.5;3.0;3.3;24.7;47.2;0.8;0.6;0.0;0.0;0.0;0.0;0.0;0.0;0.0;0.0;0.0;0.0,31.43,0.07,0.0,0.03,14.42,0.0,48.0,13378.0,4,16,,,,,,,,,,,,,,,,,,,,,,,,,,,,,,,,,,,,,,,,,,,,,,,,,,,,,,,,,,,,,
37,16,,,,,,,100,53,70,21,237.2,2730,10801,38,0,8.1,1.1;4.5;2.3;1.3;0.5;0.2;42.3;29.7;4.1;6.6;41.5;57.5;0.9;1.4;0.0;0.0;0.0;0.0;0.0;0.0;0.0;0.0;0.0;0.2,31.41,0.07,0.01,0.15,14.42,0.0,0.0,1806.0,4,16,,,,,,,,,,,,,,,,,,,,,,,,,,,,,,,,,,,,,,,,,,,,,,,,,,,,,,,,,,,,,
37,17,,,,,,,100,49,70,15,236.2,2730,10801,38,0,8.2,0.9;5.2;2.3;2.5;0.9;0.5;53.1;30.7;8.6;4.5;46.6;37.3;1.2;0.8;0.2;0.0;0.2;0.2;0.0;0.0;0.0;0.3;0.3;0.0,31.43,0.07,0.0,0.05,14.42,0.0,1269.0,5664.0,4,16,,,,,,,,,,,,,,,,,,,,,,,,,,,,,,,,,,,,,,,,,,,,,,,,,,,,,,,,,,,,,
37,18,,,,,,,100,49,71,15,236.2,2730,10801,38,0,8.0,1.7;3.5;1.9;2.3;0.8;0.8;43.4;43.1;4.1;3.1;45.0;41.0;0.8;0.9;0.0;0.0;0.3;0.0;0.0;0.2;0.2;0.0;0.0;0.2,31.42,0.07,0.0,0.05,14.42,0.0,1464.0,1562.0,4,16,,,,,,,,,,,,,,,,,,,,,,,,,,,,,,,,,,,,,,,,,,,,,,,,,,,,,,,,,,,,,
37,19,,,,,,,100,59,69,16,237.0,2730,10801,38,0,7.7,0.5;2.5;2.2;0.9;0.3;0.3;39.4;47.8;4.8;2.2;34.5;45.6;1.1;0.5;0.0;0.0;0.0;0.0;0.0;0.0;0.0;0.9;0.0;0.0,31.39,0.07,0.0,0.02,14.42,0.0,1416.0,1464.0,4,16,,,,,,,,,,,,,,,,,,,,,,,,,,,,,,,,,,,,,,,,,,,,,,,,,,,,,,,,,,,,,
37,20,,,,,,,100,75,70,17,236.9,2730,10801,38,0,8.2,1.7;6.6;2.3;1.6;0.3;1.2;53.0;39.0;6.0;6.0;40.2;35.2;1.1;0.8;0.0;0.2;0.2;0.3;0.2;0.0;0.2;0.3;0.0;0.2,31.42,0.07,0.0,0.03,14.42,0.0,1220.0,291455.0,4,16,,,,,,,,,,,,,,,,,,,,,,,,,,,,,,,,,,,,,,,,,,,,,,,,,,,,,,,,,,,,,
37,21,,,,,,,100,55,71,14,236.9,2730,10801,38,0,8.3,1.4;4.5;2.2;2.3;0.3;1.1;45.6;46.0;3.3;3.4;37.0;48.0;0.9;0.9;0.0;0.0;0.2;0.0;0.2;0.0;0.2;0.0;0.5;0.5,31.41,0.07,0.0,0.03,14.42,0.0,1220.0,97.0,4,16,,,,,,,,,,,,,,,,,,,,,,,,,,,,,,,,,,,,,,,,,,,,,,,,,,,,,,,,,,,,,
37,22,,,,,,,100,59,70,18,237.4,2730,10801,38,0,8.1,1.3;4.0;2.2;1.3;0.3;0.5;43.8;43.0;3.8;5.0;42.1;45.0;1.1;0.5;0.0;0.2;0.0;0.0;0.0;0.0;0.2;0.2;0.0;0.3,31.37,0.07,0.0,0.03,14.42,0.0,537.0,390.0,4,16,,,,,,,,,,,,,,,,,,,,,,,,,,,,,,,,,,,,,,,,,,,,,,,,,,,,,,,,,,,,,
37,23,,,,,,,100,62,69,14,237.1,2730,10801,38,0,8.1,0.3;4.2;2.2;1.4;1.7;2.0;40.1;45.6;6.3;10.1;32.9;43.7;1.4;1.1;0.0;0.0;0.3;0.0;0.0;0.2;0.0;0.0;0.0;0.2,31.4,0.07,0.0,0.04,14.42,0.0,1416.0,1416.0,4,16,,,,,,,,,,,,,,,,,,,,,,,,,,,,,,,,,,,,,,,,,,,,,,,,,,,,,,,,,,,,,
37,24,,,,,,,100,55,69,15,236.1,2730,10801,38,0,7.9,1.2;2.2;0.9;1.9;0.3;0.3;43.7;31.4;6.2;6.1;31.7;60.3;0.6;0.6;0.3;0.0;0.0;0.2;0.0;0.0;0.2;0.0;0.0;0.5,31.4,0.07,0.0,0.02,14.42,0.0,830.0,1367.0,4,16,,,,,,,,,,,,,,,,,,,,,,,,,,,,,,,,,,,,,,,,,,,,,,,,,,,,,,,,,,,,,
37,25,,,,,,,100,60,71,17,237.0,2730,10801,38,0,7.9,0.8;3.4;1.2;2.3;1.1;0.2;41.9;31.7;3.8;3.4;34.8;61.8;1.2;0.6;0.2;0.3;0.0;0.3;0.0;0.0;0.0;0.2;0.0;0.3,31.39,0.07,0.0,0.03,14.42,0.0,634.0,1562.0,4,16,,,,,,,,,,,,,,,,,,,,,,,,,,,,,,,,,,,,,,,,,,,,,,,,,,,,,,,,,,,,,
37,26,,,,,,,100,57,70,16,237.4,2730,10801,38,0,8.4,1.6;4.3;2.8;2.2;0.6;0.9;42.6;44.6;6.6;4.7;45.7;38.0;0.8;0.9;0.6;0.6;0.2;0.3;0.0;0.2;0.2;0.3;0.9;0.3,31.41,0.07,0.0,0.04,14.42,0.0,42285.0,292.0,4,16,,,,,,,,,,,,,,,,,,,,,,,,,,,,,,,,,,,,,,,,,,,,,,,,,,,,,,,,,,,,,
37,27,,,,,,,100,55,71,15,233.9,2730,10801,38,0,8.0,1.2;3.9;2.0;1.4;0.3;0.2;61.8;29.0;7.3;4.5;36.0;41.9;0.9;0.6;0.0;0.2;0.2;0.0;0.0;0.0;0.0;0.0;0.0;0.0,31.4,0.07,0.0,0.02,14.42,0.0,927.0,244.0,4,16,,,,,,,,,,,,,,,,,,,,,,,,,,,,,,,,,,,,,,,,,,,,,,,,,,,,,,,,,,,,,
37,28,,,,,,,100,65,70,16,237.8,2730,10801,38,0,8.0,0.9;4.0;0.9;1.7;0.9;0.9;31.3;45.6;3.0;4.1;36.8;58.6;1.1;0.9;0.0;0.2;0.0;0.3;0.0;0.0;0.3;0.3;0.0;0.2,31.39,0.07,0.0,0.02,14.42,0.0,830.0,1416.0,4,16,,,,,,,,,,,,,,,,,,,,,,,,,,,,,,,,,,,,,,,,,,,,,,,,,,,,,,,,,,,,,
37,29,,,,,,,100,66,68,14,237.6,2730,10801,38,0,7.7,0.8;3.1;0.5;1.9;0.3;0.6;55.6;31.9;5.2;4.9;28.4;50.3;0.6;0.5;0.0;0.0;0.0;0.0;0.0;0.0;0.0;0.0;0.0;0.0,31.38,0.07,0.0,0.02,14.42,0.0,976.0,146.0,4,16,,,,,,,,,,,,,,,,,,,,,,,,,,,,,,,,,,,,,,,,,,,,,,,,,,,,,,,,,,,,,
37,30,,,,,,,100,64,67,16,233.1,2730,10801,38,0,6.6,1.1;4.9;1.9;2.3;0.8;0.8;47.2;13.7;5.3;5.2;25.6;44.6;0.6;0.2;0.2;0.0;0.3;0.8;0.0;0.0;0.3;1.7;0.3;0.0,31.4,0.07,0.0,0.03,14.42,0.0,1171.0,97.0,4,16,,,,,,,,,,,,,,,,,,,,,,,,,,,,,,,,,,,,,,,,,,,,,,,,,,,,,,,,,,,,,
37,31,,,,,,,100,57,68,16,237.3,2730,10801,38,0,5.8,1.0;3.4;0.5;1.2;0.2;0.2;13.5;72.5;2.9;5.1;11.8;23.8;0.2;0.2;0.0;0.0;0.0;0.0;0.2;0.0;0.7;1.5;0.5;0.0,31.41,0.07,0.0,0.02,14.42,0.0,1513.0,1513.0,4,16,,,,,,,,,,,,,,,,,,,,,,,,,,,,,,,,,,,,,,,,,,,,,,,,,,,,,,,,,,,,,
37,summary,0.3163313485506718,0.9911123357045917,0.283551439470715,0.9995555555555555,0.00100000,313.6,,,,,,,,,,,,,,,,,,,,,,100,100.0,100,46,60.0,79,65,69.16,71,14,16.42,22,106.4,232.24,238.0,2730.5,10801.0,38.0,0,5.8,8.28,20.5,31.37,31.41,31.52,63.16,0.07,0.07,0.07,16.0,0.0,0.01,0.34,0.01,0.44,4.97,11.015,16.348,14.42,14.42,14.42,15.992,0.0,0.0,0.0,0.0,5170.58,42285.0,0.0,22721.94,291455.0,4,4.0,4,16,16.0,16,4,16,6.38,291.09
38,1,,,,,,,100,57,67,19,125.3,2730,10801,38,0,20.9,19.5;21.6;22.1;22.0;21.6;22.7;45.7;64.5;25.3;26.0;63.7;67.8;13.0;13.5;4.4;3.9;8.2;8.2;2.7;2.4;6.5;6.4;4.8;5.6,31.51,0.07,0.0,0.03,14.42,0.0,7128.0,5517.0,4,16,,,,,,,,,,,,,,,,,,,,,,,,,,,,,,,,,,,,,,,,,,,,,,,,,,,,,,,,,,,,,
38,2,,,,,,,100,52,69,17,236.9,2730,10801,38,0,8.0,2.2;3.6;2.0;1.9;0.0;0.8;42.1;39.7;3.4;5.9;30.1;57.0;1.1;0.8;0.2;0.0;0.5;0.2;0.2;0.2;0.5;0.3;0.2;0.2,31.48,0.07,0.0,4.56,14.42,0.0,292.0,1708.0,4,16,,,,,,,,,,,,,,,,,,,,,,,,,,,,,,,,,,,,,,,,,,,,,,,,,,,,,,,,,,,,,
38,3,,,,,,,100,55,69,19,237.2,2730,10801,38,0,8.0,2.0;3.3;2.2;2.2;0.6;1.1;46.9;35.4;3.1;5.2;40.9;47.2;0.8;0.8;0.0;0.0;0.0;0.0;0.0;0.0;0.0;0.0;0.3;0.0,31.45,0.07,0.0,2.33,14.42,0.0,1367.0,1416.0,4,16,,,,,,,,,,,,,,,,,,,,,,,,,,,,,,,,,,,,,,,,,,,,,,,,,,,,,,,,,,,,,
38,4,,,,,,,100,59,70,14,236.9,2730,10801,38,0,8.1,2.0;2.9;2.8;1.7;0.5;0.8;40.7;39.6;3.9;4.8;48.6;41.4;1.1;0.6;0.0;0.3;0.0;0.0;0.0;0.2;0.8;0.3;0.2;0.3,31.44,0.07,0.0,1.62,14.42,0.0,1269.0,97.0,4,16,,,,,,,,,,,,,,,,,,,,,,,,,,,,,,,,,,,,,,,,,,,,,,,,,,,,,,,,,,,,,
38,5,,,,,,,100,51,68,22,235.7,2730,10801,38,0,7.9,1.1;3.2;2.2;0.9;1.1;0.6;39.2;28.8;2.9;3.6;53.6;50.1;0.9;1.2;0.3;0.0;0.0;0.0;0.0;0.0;0.2;0.0;0.5;0.2,31.41,0.07,0.0,2.78,14.42,0.0,292.0,0.0,4,16,,,,,,,,,,,,,,,,,,,,,,,,,,,,,,,,,,,,,,,,,,,,,,,,,,,,,,,,,,,,,
38,6,,,,,,,100,63,71,16,237.1,2730,10801,38,0,8.1,0.9;3.4;2.0;2.0;0.6;1.1;50.5;42.5;4.9;3.4;35.4;44.6;0.9;0.9;0.0;0.2;0.3;0.2;0.0;0.3;0.0;0.2;0.3;0.0,31.39,0.07,0.0,0.02,14.42,0.0,292.0,390.0,4,16,,,,,,,,,,,,,,,,,,,,,,,,,,,,,,,,,,,,,,,,,,,,,,,,,,,,,,,,,,,,,
38,7,,,,,,,100,50,68,17,237.3,2730,10801,38,0,8.0,1.1;4.8;2.2;2.5;0.8;0.5;55.6;40.1;6.1;4.9;31.5;40.4;1.1;0.8;0.0;0.0;0.0;0.0;0.0;0.2;0.0;0.0;0.2;0.2,31.41,0.07,0.0,0.04,14.42,0.0,1123.0,1416.0,4,16,,,,,,,,,,,,,,,,,,,,,,,,,,,,,,,,,,,,,,,,,,,,,,,,,,,,,,,,,,,,,
38,8,,,,,,,100,57,70,14,233.5,2730,10801,38,0,7.7,0.8;2.3;1.4;1.4;0.2;0.5;37.6;22.6;4.2;5.1;41.7;64.4;0.8;0.6;0.0;0.0;0.0;0.0;0.0;0.0;0.0;0.0;0.0;0.0,31.42,0.07,0.0,0.03,14.42,0.0,1416.0,97.0,4,16,,,,,,,,,,,,,,,,,,,,,,,,,,,,,,,,,,,,,,,,,,,,,,,,,,,,,,,,,,,,,
38,9,,,,,,,100,46,70,17,237.4,2730,10801,38,0,8.1,1.2;4.6;2.0;1.6;0.6;0.3;41.8;54.0;7.8;2.8;25.9;48.2;0.6;0.8;0.0;0.2;0.3;0.5;0.3;0.0;0.3;0.2;0.0;0.2,31.41,0.07,0.0,0.02,14.42,0.0,73730.0,239160.0,4,16,,,,,,,,,,,,,,,,,,,,,,,,,,,,,,,,,,,,,,,,,,,,,,,,,,,,,,,,,,,,,
38,10,,,,,,,100,70,70,16,237.6,2730,10801,38,0,8.3,2.0;3.9;2.4;1.7;0.5;0.5;60.7;42.4;4.5;5.6;37.3;36.3;0.6;0.9;0.2;0.0;0.0;0.0;0.0;0.0;0.0;0.5;0.0;0.0,31.41,0.07,0.0,0.02,14.42,0.0,1416.0,1660.0,4,16,,,,,,,,,,,,,,,,,,,,,,,,,,,,,,,,,,,,,,,,,,,,,,,,,,,,,,,,,,,,,
38,11,,,,,,,100,56,71,17,232.8,2730,10801,38,0,8.0,0.6;4.2;1.2;1.9;0.5;1.2;54.3;34.8;4.5;4.2;26.3;54.6;0.5;0.9;0.0;0.0;0.0;0.0;0.0;0.0;0.2;0.0;0.2;0.2,31.39,0.07,0.0,0.02,14.42,0.0,244.0,1611.0,4,16,,,,,,,,,,,,,,,,,,,,,,,,,,,,,,,,,,,,,,,,,,,,,,,,,,,,,,,,,,,,,
38,12,,,,,,,100,54,69,14,237.6,2730,10801,38,0,7.9,1.1;6.1;1.6;1.2;0.8;0.8;40.4;36.3;4.7;2.5;50.2;42.7;0.8;0.6;0.3;0.0;0.5;0.2;0.0;0.2;0.2;0.2;0.0;0.0,31.42,0.07,0.0,0.02,14.42,0.0,6982.0,1416.0,4,16,,,,,,,,,,,,,,,,,,,,,,,,,,,,,,,,,,,,,,,,,,,,,,,,,,,,,,,,,,,,,
38,13,,,,,,,100,57,71,16,237.0,2730,10801,38,0,8.0,0.8;4.8;1.7;1.7;0.6;0.9;45.3;39.5;4.7;3.6;39.9;45.8;0.6;0.9;0.2;0.2;0.0;0.0;0.2;0.2;0.0;0.0;0.0;0.2,31.4,0.07,0.0,0.03,14.42,0.0,1708.0,1367.0,4,16,,,,,,,,,,,,,,,,,,,,,,,,,,,,,,,,,,,,,,,,,,,,,,,,,,,,,,,,,,,,,
38,14,,,,,,,100,50,70,16,235.0,2730,10801,38,0,8.7,1.1;4.3;2.5;2.2;1.1;0.9;44.4;56.2;6.2;6.1;33.3;47.1;0.8;1.1;0.0;0.0;0.0;0.3;0.3;0.2;0.3;0.6;0.5;0.0,31.4,0.07,0.04,0.52,14.42,0.0,1171.0,48.0,4,16,,,,,,,,,,,,,,,,,,,,,,,,,,,,,,,,,,,,,,,,,,,,,,,,,,,,,,,,,,,,,
38,15,,,,,,,100,52,70,15,237.4,2730,10801,38,0,8.5,1.7;4.2;3.1;2.5;0.9;1.2;42.5;43.1;5.6;5.3;47.0;38.1;1.6;0.8;0.0;0.3;0.3;0.0;0.0;0.2;1.4;2.7;0.6;0.0,31.42,0.07,0.01,0.26,14.42,0.0,1464.0,1367.0,4,16,,,,,,,,,,,,,,,,,,,,,,,,,,,,,,,,,,,,,,,,,,,,,,,,,,,,,,,,,,,,,
38,16,,,,,,,100,55,70,17,237.5,2730,10801,38,0,7.9,1.4;3.7;1.1;1.4;0.6;0.5;40.3;37.6;7.5;3.3;49.8;40.8;0.6;0.6;0.0;0.2;0.0;0.3;0.0;0.0;0.5;0.3;0.3;0.3,31.42,0.07,0.0,0.09,14.42,0.0,341.0,195.0,4,16,,,,,,,,,,,,,,,,,,,,,,,,,,,,,,,,,,,,,,,,,,,,,,,,,,,,,,,,,,,,,
38,17,,,,,,,100,55,70,14,236.0,2730,10801,38,0,8.0,1.4;3.1;2.2;2.0;0.9;0.8;46.9;35.3;2.3;4.2;40.5;51.2;0.6;0.8;0.0;0.0;0.0;0.0;0.0;0.0;0.0;0.2;0.2;0.3,31.42,0.07,0.01,0.03,14.42,0.0,2343.0,5810.0,4,16,,,,,,,,,,,,,,,,,,,,,,,,,,,,,,,,,,,,,,,,,,,,,,,,,,,,,,,,,,,,,
38,18,,,,,,,100,57,70,14,237.4,2730,10801,38,0,8.1,2.3;5.1;1.6;1.9;0.6;0.3;39.4;56.2;5.0;2.3;32.8;42.7;1.1;0.8;0.2;0.5;0.2;0.2;0.2;0.2;0.0;0.6;0.3;0.5,31.41,0.07,0.0,0.03,14.42,0.0,1416.0,1464.0,4,16,,,,,,,,,,,,,,,,,,,,,,,,,,,,,,,,,,,,,,,,,,,,,,,,,,,,,,,,,,,,,
38,19,,,,,,,100,61,69,15,237.0,2730,10801,38,0,8.3,2.5;5.8;1.9;3.1;0.6;0.6;46.8;44.1;4.1;4.7;43.6;36.7;0.6;0.9;0.0;0.0;0.2;0.2;0.3;0.3;0.3;0.0;0.5;0.2,31.42,0.07,0.0,0.11,14.42,0.0,341.0,195.0,4,16,,,,,,,,,,,,,,,,,,,,,,,,,,,,,,,,,,,,,,,,,,,,,,,,,,,,,,,,,,,,,
38,20,,,,,,,100,73,71,19,236.6,2730,10801,38,0,8.2,1.1;3.8;2.8;1.6;0.6;0.6;33.0;42.3;3.4;4.2;46.1;50.1;1.7;0.6;0.2;0.0;0.5;0.5;0.0;0.0;0.9;1.2;0.3;0.0,31.42,0.07,0.0,0.02,14.42,0.0,1123.0,1416.0,4,16,,,,,,,,,,,,,,,,,,,,,,,,,,,,,,,,,,,,,,,,,,,,,,,,,,,,,,,,,,,,,
38,21,,,,,,,100,64,70,20,237.4,2730,10801,38,0,8.0,1.6;5.6;1.4;1.4;0.6;1.1;46.8;32.5;2.6;4.5;44.5;47.7;0.8;0.9;0.0;0.2;0.0;0.2;0.2;0.0;0.0;0.0;0.2;0.0,31.42,0.07,0.0,0.02,14.42,0.0,341.0,244.0,4,16,,,,,,,,,,,,,,,,,,,,,,,,,,,,,,,,,,,,,,,,,,,,,,,,,,,,,,,,,,,,,
38,22,,,,,,,100,66,70,14,237.8,2730,10801,38,0,8.1,0.8;4.5;1.9;1.6;0.6;0.3;43.5;36.4;2.8;5.3;40.2;52.3;0.6;0.5;1.4;0.5;0.2;0.2;0.0;0.0;0.2;0.0;0.2;0.0,31.42,0.07,0.0,0.03,14.42,0.0,878.0,1513.0,4,16,,,,,,,,,,,,,,,,,,,,,,,,,,,,,,,,,,,,,,,,,,,,,,,,,,,,,,,,,,,,,
38,23,,,,,,,100,68,70,17,237.0,2730,10801,38,0,8.1,1.3;5.1;2.2;1.4;0.6;0.9;47.3;37.1;2.4;4.2;36.8;51.5;0.5;0.8;0.0;0.0;0.2;0.0;0.0;0.2;0.6;0.2;0.0;0.3,31.42,0.07,0.0,0.01,14.42,0.0,585.0,1660.0,4,16,,,,,,,,,,,,,,,,,,,,,,,,,,,,,,,,,,,,,,,,,,,,,,,,,,,,,,,,,,,,,
38,24,,,,,,,100,64,71,14,236.2,2730,10801,38,0,8.1,0.6;1.9;1.2;2.0;0.3;0.8;44.9;34.2;3.4;5.6;50.9;41.2;0.8;0.8;1.2;0.2;1.2;1.1;0.0;0.3;0.2;0.3;0.0;0.2,31.4,0.07,0.0,0.02,14.42,0.0,0.0,1708.0,4,16,,,,,,,,,,,,,,,,,,,,,,,,,,,,,,,,,,,,,,,,,,,,,,,,,,,,,,,,,,,,,
38,25,,,,,,,100,76,69,17,237.1,2730,10801,38,0,8.0,1.4;5.1;1.3;1.6;0.3;0.5;60.2;49.1;3.6;4.1;34.0;27.7;0.3;0.8;0.0;0.0;0.0;0.0;0.0;0.0;0.2;0.0;1.7;0.5,31.41,0.07,0.0,0.03,14.42,0.0,1171.0,27490.0,4,16,,,,,,,,,,,,,,,,,,,,,,,,,,,,,,,,,,,,,,,,,,,,,,,,,,,,,,,,,,,,,
38,26,,,,,,,100,74,68,14,238.0,2730,10801,38,0,7.9,1.2;2.9;1.9;0.6;0.8;0.5;54.6;39.5;2.7;5.1;42.1;34.9;0.8;0.8;0.0;0.0;0.2;0.2;0.0;0.0;0.5;0.2;0.3;0.2,31.42,0.07,0.0,0.03,14.42,0.0,1123.0,1367.0,4,16,,,,,,,,,,,,,,,,,,,,,,,,,,,,,,,,,,,,,,,,,,,,,,,,,,,,,,,,,,,,,
38,27,,,,,,,100,61,68,21,234.4,2730,10801,38,0,8.5,2.0;6.3;2.0;1.7;1.2;1.4;45.5;43.9;2.0;8.1;44.9;41.2;0.5;1.1;0.0;0.0;0.0;0.0;0.0;0.0;0.0;0.3;0.5;0.2,31.38,0.07,0.0,0.03,14.42,0.0,585.0,0.0,4,16,,,,,,,,,,,,,,,,,,,,,,,,,,,,,,,,,,,,,,,,,,,,,,,,,,,,,,,,,,,,,
38,28,,,,,,,100,59,67,21,237.0,2730,10801,38,0,7.9,1.6;2.9;1.9;2.0;0.8;0.3;49.5;46.3;2.5;4.8;40.8;33.7;0.9;0.8;0.0;0.0;0.0;0.2;0.0;0.0;0.2;0.2;0.0;0.0,31.4,0.07,0.0,0.03,14.42,0.0,244.0,1367.0,4,16,,,,,,,,,,,,,,,,,,,,,,,,,,,,,,,,,,,,,,,,,,,,,,,,,,,,,,,,,,,,,
38,29,,,,,,,100,55,71,13,238.4,2730,10801,38,0,7.9,0.8;5.4;2.5;1.7;0.9;0.3;44.7;37.1;3.9;5.0;31.0;53.9;0.5;1.1;0.3;0.2;0.3;0.0;0.0;0.2;0.2;0.0;0.2;0.2,31.41,0.07,0.0,0.02,14.42,0.0,292.0,341.0,4,16,,,,,,,,,,,,,,,,,,,,,,,,,,,,,,,,,,,,,,,,,,,,,,,,,,,,,,,,,,,,,
38,30,,,,,,,100,59,70,16,233.6,2730,10801,38,0,5.9,0.8;2.9;1.2;1.6;0.0;0.2;30.9;22.9;1.9;4.1;27.5;45.4;0.2;0.2;0.0;0.2;0.0;0.2;0.0;0.0;0.0;0.3;0.3;0.0,31.38,0.07,0.0,0.04,14.42,0.0,292.0,1757.0,4,16,,,,,,,,,,,,,,,,,,,,,,,,,,,,,,,,,,,,,,,,,,,,,,,,,,,,,,,,,,,,,
38,31,,,,,,,100,48,69,16,237.6,2730,10801,38,0,6.3,1.5;4.8;2.2;2.2;1.2;0.7;35.7;50.6;2.5;5.1;11.3;25.7;0.7;0.2;0.5;0.7;0.0;0.2;0.0;0.7;0.5;0.7;1.5;1.5,31.4,0.07,0.0,0.02,14.42,0.0,1416.0,0.0,4,16,,,,,,,,,,,,,,,,,,,,,,,,,,,,,,,,,,,,,,,,,,,,,,,,,,,,,,,,,,,,,
38,summary,0.31546454826190873,0.9914926175230219,0.28359403006235756,0.9996666666666667,0.00100000,313.5,,,,,,,,,,,,,,,,,,,,,,100,100.0,100,46,58.84,76,67,69.55,71,13,16.48,22,125.3,233.02,238.4,2730.0,10801.0,38.0,0,5.9,8.37,20.9,31.38,31.42,31.51,63.16,0.07,0.07,0.07,16.0,0.0,0.0,0.04,0.01,0.41,4.56,11.015,16.348,14.42,14.42,14.42,15.992,0.0,0.0,0.0,0.0,3625.32,73730.0,0.0,9799.9,239160.0,4,4.0,4,16,16.0,16,4,16,6.14,291.14
39,1,,,,,,,0,0,61,19,106.6,2745,10801,38,0,20.8,18.4;21.3;23.3;22.9;21.0;21.6;60.5;51.6;24.1;28.4;63.3;64.3;13.4;12.9;3.2;3.9;6.3;8.6;2.3;4.1;6.0;7.1;4.9;4.7,31.44,0.07,0.0,0.03,14.42,0.0,1171.0,2734.0,4,16,,,,,,,,,,,,,,,,,,,,,,,,,,,,,,,,,,,,,,,,,,,,,,,,,,,,,,,,,,,,,
39,2,,,,,,,100,83,67,16,236.8,2730,10801,38,0,8.1,0.9;6.0;2.4;3.0;0.8;0.3;50.7;38.5;2.7;4.1;39.7;42.0;1.3;0.9;0.0;0.0;0.0;0.0;0.0;0.3;0.0;0.3;0.3;0.0,31.4,0.07,0.0,2.96,14.42,0.0,976.0,1611.0,4,16,,,,,,,,,,,,,,,,,,,,,,,,,,,,,,,,,,,,,,,,,,,,,,,,,,,,,,,,,,,,,
39,3,,,,,,,100,90,69,20,237.7,2730,10801,38,0,8.2,2.7;3.7;1.4;2.7;0.5;0.2;40.3;42.9;5.2;7.2;41.8;45.4;0.6;0.5;0.0;0.0;0.5;0.3;0.0;0.0;0.2;0.3;0.2;0.2,31.41,0.07,0.0,1.62,14.42,0.0,488.0,1660.0,4,16,,,,,,,,,,,,,,,,,,,,,,,,,,,,,,,,,,,,,,,,,,,,,,,,,,,,,,,,,,,,,
39,4,,,,,,,100,74,67,14,237.2,2730,10801,38,0,8.9,3.9;6.6;3.3;4.7;2.0;0.9;57.6;36.6;5.9;3.1;36.7;46.8;1.4;1.1;0.2;0.3;0.3;0.6;0.5;0.0;0.8;0.8;0.6;0.6,31.37,0.07,0.0,3.01,14.42,0.0,0.0,1416.0,4,16,,,,,,,,,,,,,,,,,,,,,,,,,,,,,,,,,,,,,,,,,,,,,,,,,,,,,,,,,,,,,
39,5,,,,,,,98,79,66,14,235.5,2730,10801,38,0,8.1,1.2;3.8;2.3;2.6;1.6;0.9;47.5;39.7;4.5;3.0;38.6;45.3;1.4;0.5;0.0;0.3;0.0;0.2;0.2;0.2;0.0;0.3;0.2;0.8,31.39,0.07,0.0,0.02,14.42,0.0,537.0,97.0,4,16,,,,,,,,,,,,,,,,,,,,,,,,,,,,,,,,,,,,,,,,,,,,,,,,,,,,,,,,,,,,,
39,6,,,,,,,97,79,69,16,237.5,2730,10801,38,0,8.1,1.6;4.6;1.6;2.0;0.8;0.2;49.1;40.3;5.8;3.6;34.7;46.8;0.5;0.9;0.0;0.0;0.0;0.0;0.2;0.2;0.0;0.0;0.0;0.2,31.39,0.07,0.0,0.02,14.42,0.0,1464.0,1416.0,4,16,,,,,,,,,,,,,,,,,,,,,,,,,,,,,,,,,,,,,,,,,,,,,,,,,,,,,,,,,,,,,
39,7,,,,,,,100,72,68,17,237.1,2730,10801,38,0,7.8,0.8;3.7;1.6;1.4;0.2;0.8;53.2;38.3;5.3;3.9;39.3;36.5;0.8;0.8;0.0;0.0;0.2;0.3;0.0;0.0;0.0;0.0;0.0;0.0,31.38,0.07,0.0,0.04,14.42,0.0,634.0,195.0,4,16,,,,,,,,,,,,,,,,,,,,,,,,,,,,,,,,,,,,,,,,,,,,,,,,,,,,,,,,,,,,,
39,8,,,,,,,98,80,68,19,233.5,2730,10801,38,0,8.4,2.2;6.3;3.0;2.5;1.1;0.6;56.8;49.8;8.4;3.7;34.3;31.0;0.8;0.8;0.0;0.2;0.3;0.3;0.2;0.0;0.0;0.0;0.0;0.2,31.35,0.07,0.0,0.03,14.42,0.0,683.0,1513.0,4,16,,,,,,,,,,,,,,,,,,,,,,,,,,,,,,,,,,,,,,,,,,,,,,,,,,,,,,,,,,,,,
39,9,,,,,,,100,76,68,15,237.9,2730,10801,38,0,7.9,0.9;3.4;2.7;1.2;0.3;0.5;47.9;43.1;4.0;3.4;30.8;48.2;1.3;0.5;0.0;0.0;0.0;0.0;0.0;0.0;0.0;0.0;0.0;0.0,31.36,0.07,0.0,0.02,14.42,0.0,830.0,0.0,4,16,,,,,,,,,,,,,,,,,,,,,,,,,,,,,,,,,,,,,,,,,,,,,,,,,,,,,,,,,,,,,
39,10,,,,,,,100,71,68,17,237.2,2730,10801,38,0,7.9,1.7;3.1;2.4;1.1;0.8;0.2;42.0;49.5;5.2;3.8;39.1;39.3;0.8;0.8;0.0;0.0;0.0;0.0;0.0;0.0;0.2;0.2;0.2;0.0,31.38,0.07,0.0,0.19,14.42,0.0,878.0,1513.0,4,16,,,,,,,,,,,,,,,,,,,,,,,,,,,,,,,,,,,,,,,,,,,,,,,,,,,,,,,,,,,,,
39,11,,,,,,,100,77,68,16,234.0,2730,10801,38,0,9.1,2.9;7.6;4.0;3.3;1.4;1.9;57.7;40.8;6.4;8.7;32.2;44.9;1.1;1.1;0.0;0.5;0.5;0.5;0.2;0.5;0.2;0.8;0.5;0.9,31.34,0.07,0.0,0.04,14.42,0.0,1123.0,1464.0,4,16,,,,,,,,,,,,,,,,,,,,,,,,,,,,,,,,,,,,,,,,,,,,,,,,,,,,,,,,,,,,,
39,12,,,,,,,100,71,69,18,237.2,2730,10801,38,0,8.2,1.2;4.3;2.5;2.0;0.8;0.5;47.5;43.1;6.7;4.5;39.4;42.1;0.6;0.8;0.0;0.3;0.3;0.0;0.2;0.0;0.0;0.0;0.3;0.3,31.37,0.07,0.0,0.04,14.42,0.0,292.0,146.0,4,16,,,,,,,,,,,,,,,,,,,,,,,,,,,,,,,,,,,,,,,,,,,,,,,,,,,,,,,,,,,,,
39,13,,,,,,,98,78,69,17,238.2,2730,10801,38,0,7.9,1.3;4.5;2.2;1.9;0.8;0.8;43.2;42.2;4.7;2.5;38.4;45.0;0.8;0.5;0.3;0.3;0.0;0.0;0.0;0.0;0.3;0.3;0.0;0.3,31.35,0.07,0.0,0.02,14.42,0.0,878.0,1367.0,4,16,,,,,,,,,,,,,,,,,,,,,,,,,,,,,,,,,,,,,,,,,,,,,,,,,,,,,,,,,,,,,
39,14,,,,,,,98,75,70,18,234.7,2730,10801,38,0,8.1,1.1;4.2;2.2;1.6;0.6;0.5;50.2;33.2;7.5;6.2;34.1;51.0;0.6;0.8;0.0;0.2;0.0;0.0;0.0;0.0;0.0;0.3;0.3;0.8,31.35,0.07,0.0,0.04,14.42,0.0,1269.0,1367.0,4,16,,,,,,,,,,,,,,,,,,,,,,,,,,,,,,,,,,,,,,,,,,,,,,,,,,,,,,,,,,,,,
39,15,,,,,,,98,80,70,14,237.1,2730,10801,38,0,8.1,1.3;4.1;2.2;2.3;1.3;0.8;44.9;36.9;4.1;3.1;40.9;48.5;0.9;0.8;0.0;0.2;0.0;0.0;0.3;0.0;0.0;0.0;0.2;0.2,31.38,0.07,0.0,0.02,14.42,0.0,3271.0,1367.0,4,16,,,,,,,,,,,,,,,,,,,,,,,,,,,,,,,,,,,,,,,,,,,,,,,,,,,,,,,,,,,,,
39,16,,,,,,,98,82,68,15,237.0,2730,10801,38,0,8.0,1.4;3.7;2.7;2.5;0.6;0.8;49.7;30.4;4.1;1.6;43.2;47.9;0.6;0.9;0.0;0.3;0.3;0.0;0.0;0.2;0.0;0.2;0.6;0.0,31.34,0.07,0.0,0.03,14.42,0.0,1123.0,1464.0,4,16,,,,,,,,,,,,,,,,,,,,,,,,,,,,,,,,,,,,,,,,,,,,,,,,,,,,,,,,,,,,,
39,17,,,,,,,98,79,69,17,236.7,2730,10801,38,0,8.1,1.4;2.5;2.0;1.7;0.3;0.6;52.3;32.8;6.1;3.0;37.1;50.9;0.9;0.6;0.0;0.0;0.0;0.0;0.0;0.0;0.2;0.0;0.9;0.5,31.37,0.07,0.01,0.05,14.42,0.0,2587.0,5419.0,4,16,,,,,,,,,,,,,,,,,,,,,,,,,,,,,,,,,,,,,,,,,,,,,,,,,,,,,,,,,,,,,
39,18,,,,,,,98,81,70,16,237.3,2730,10801,38,0,8.1,1.6;6.6;2.2;1.6;0.8;0.9;39.5;47.1;4.8;4.4;39.9;42.7;0.6;1.3;0.0;0.0;0.2;0.3;0.0;0.0;0.0;0.0;0.0;0.2,31.38,0.07,0.0,0.02,14.42,0.0,48.0,1855.0,4,16,,,,,,,,,,,,,,,,,,,,,,,,,,,,,,,,,,,,,,,,,,,,,,,,,,,,,,,,,,,,,
39,19,,,,,,,98,78,70,20,236.8,2730,10801,38,0,8.3,1.7;4.8;3.0;1.7;1.7;2.0;53.8;46.7;6.2;5.8;35.0;35.1;0.8;0.8;0.2;0.2;0.0;0.0;0.0;0.2;0.0;0.2;0.2;0.5,31.35,0.07,0.0,0.03,14.42,0.0,1123.0,1416.0,4,16,,,,,,,,,,,,,,,,,,,,,,,,,,,,,,,,,,,,,,,,,,,,,,,,,,,,,,,,,,,,,
39,20,,,,,,,100,76,70,13,236.7,2730,10801,38,0,8.1,1.3;4.3;1.3;2.2;0.8;0.2;58.9;36.1;3.4;5.8;33.9;43.6;0.6;0.8;0.0;0.0;0.0;0.0;0.0;0.0;0.5;0.3;0.0;0.0,31.37,0.07,0.0,0.03,14.42,0.0,341.0,4199.0,4,16,,,,,,,,,,,,,,,,,,,,,,,,,,,,,,,,,,,,,,,,,,,,,,,,,,,,,,,,,,,,,
39,21,,,,,,,100,78,70,16,237.9,2730,10801,38,0,7.9,0.8;4.4;2.5;0.8;0.5;0.3;55.2;34.1;4.5;3.8;33.6;46.2;0.8;0.5;0.0;0.0;0.2;0.0;0.0;0.0;0.0;0.5;0.0;0.0,31.39,0.07,0.0,0.02,14.42,0.0,341.0,1855.0,4,16,,,,,,,,,,,,,,,,,,,,,,,,,,,,,,,,,,,,,,,,,,,,,,,,,,,,,,,,,,,,,
39,22,,,,,,,100,70,71,16,237.9,2730,10801,38,0,8.2,1.6;6.9;1.9;2.8;1.4;1.4;46.9;29.0;6.1;8.5;42.3;46.7;0.6;0.8;0.0;0.2;0.2;0.0;0.0;0.0;0.0;0.0;0.2;0.2,31.36,0.07,0.0,0.03,14.42,0.0,1660.0,0.0,4,16,,,,,,,,,,,,,,,,,,,,,,,,,,,,,,,,,,,,,,,,,,,,,,,,,,,,,,,,,,,,,
39,23,,,,,,,100,61,71,21,237.8,2730,10801,38,0,7.9,0.9;3.8;1.4;1.4;0.5;0.0;58.5;37.6;4.4;4.2;27.0;46.5;0.9;0.6;0.0;0.0;0.0;0.0;0.2;0.2;0.2;0.5;0.5;0.0,31.37,0.07,0.0,0.04,14.42,0.0,10205.0,1367.0,4,16,,,,,,,,,,,,,,,,,,,,,,,,,,,,,,,,,,,,,,,,,,,,,,,,,,,,,,,,,,,,,
39,24,,,,,,,98,79,69,19,236.4,2730,10801,38,0,8.1,0.5;3.7;1.2;3.1;1.2;0.3;30.2;38.6;3.9;4.1;42.0;61.8;0.3;1.1;0.0;0.0;0.0;0.3;0.0;0.0;0.2;0.3;0.2;0.6,31.35,0.07,0.0,0.03,14.42,0.0,1464.0,1416.0,4,16,,,,,,,,,,,,,,,,,,,,,,,,,,,,,,,,,,,,,,,,,,,,,,,,,,,,,,,,,,,,,
39,25,,,,,,,100,70,71,14,237.6,2730,10801,38,0,8.1,2.0;3.9;3.3;1.1;0.5;0.9;48.8;48.8;4.4;4.9;39.5;33.7;0.9;0.6;0.0;0.3;0.2;0.2;0.0;0.0;0.0;0.3;0.2;0.2,31.36,0.07,0.0,0.02,14.42,0.0,1416.0,0.0,4,16,,,,,,,,,,,,,,,,,,,,,,,,,,,,,,,,,,,,,,,,,,,,,,,,,,,,,,,,,,,,,
39,26,,,,,,,100,64,71,14,237.1,2730,10801,38,0,8.1,1.3;6.3;2.4;1.4;0.0;0.5;54.3;37.0;5.6;3.4;31.8;46.2;0.5;0.8;0.0;0.0;0.0;0.2;0.0;0.0;0.9;0.6;0.2;0.0,31.37,0.07,0.0,0.06,14.42,0.0,16796.0,5419.0,4,16,,,,,,,,,,,,,,,,,,,,,,,,,,,,,,,,,,,,,,,,,,,,,,,,,,,,,,,,,,,,,
39,27,,,,,,,100,70,70,15,234.0,2730,10801,38,0,7.8,1.2;3.2;1.7;0.9;0.6;0.2;45.9;39.5;4.5;3.4;43.3;40.9;0.6;0.8;0.2;0.0;0.0;0.2;0.0;0.0;0.0;0.0;0.0;0.0,31.36,0.07,0.0,0.03,14.42,0.0,23046.0,117431.0,4,16,,,,,,,,,,,,,,,,,,,,,,,,,,,,,,,,,,,,,,,,,,,,,,,,,,,,,,,,,,,,,
39,28,,,,,,,100,59,70,17,237.0,2730,10801,38,0,8.5,1.1;5.1;1.7;3.0;0.3;0.6;48.4;41.9;8.4;5.5;38.3;46.6;0.6;0.6;0.0;0.5;0.2;0.2;0.0;0.3;0.0;0.3;0.0;0.0,31.39,0.07,0.0,0.04,14.42,0.0,1025.0,1367.0,4,16,,,,,,,,,,,,,,,,,,,,,,,,,,,,,,,,,,,,,,,,,,,,,,,,,,,,,,,,,,,,,
39,29,,,,,,,100,59,71,14,238.1,2730,10801,38,0,8.2,3.0;4.2;2.8;1.7;1.6;1.1;47.8;39.7;3.8;3.8;41.6;41.4;1.1;0.6;0.0;0.0;0.0;0.0;0.0;0.0;0.6;0.3;0.2;0.0,31.39,0.07,0.0,0.04,14.42,0.0,1464.0,1464.0,4,16,,,,,,,,,,,,,,,,,,,,,,,,,,,,,,,,,,,,,,,,,,,,,,,,,,,,,,,,,,,,,
39,30,,,,,,,100,50,70,13,233.3,2730,10801,38,0,5.9,0.2;4.6;0.8;1.7;0.5;0.2;9.2;42.2;3.7;5.0;37.1;34.8;0.0;0.3;0.0;0.0;0.0;0.2;0.0;0.0;0.0;0.0;0.0;0.0,31.38,0.07,0.0,0.02,14.42,0.0,732.0,1367.0,4,16,,,,,,,,,,,,,,,,,,,,,,,,,,,,,,,,,,,,,,,,,,,,,,,,,,,,,,,,,,,,,
39,31,,,,,,,100,83,68,16,237.1,2730,10801,38,0,5.4,1.0;3.6;1.0;0.7;0.5;0.2;62.4;21.6;2.0;2.5;14.5;19.7;0.0;0.0;0.0;0.0;0.0;0.0;0.0;0.0;0.0;0.2;0.0;0.2,31.38,0.07,0.0,0.05,14.42,0.0,976.0,1660.0,4,16,,,,,,,,,,,,,,,,,,,,,,,,,,,,,,,,,,,,,,,,,,,,,,,,,,,,,,,,,,,,,
39,summary,0.3150212863845803,0.9915336059824934,0.2836533978515201,0.9996666666666667,0.00100000,313.5,,,,,,,,,,,,,,,,,,,,,,0,96.03,100,0,71.74,90,61,68.9,71,13,16.32,21,106.6,232.48,238.2,2730.5,10801.0,38.0,0,5.4,8.4,20.8,31.34,31.37,31.44,63.16,0.07,0.07,0.07,16.0,0.0,0.0,0.01,0.02,0.28,3.01,11.015,16.348,14.42,14.42,14.42,15.992,0.0,0.0,0.0,0.0,2543.26,23046.0,0.0,5340.81,117431.0,4,4.0,4,16,16.0,16,4,16,6.17,291.14
40,1,,,,,,,1,0,59,18,106.3,2745,10801,38,0,20.7,19.2;19.7;22.8;23.3;20.8;21.1;65.0;51.4;24.8;25.5;55.3;65.1;15.0;15.6;4.2;3.3;7.3;8.3;2.0;1.3;7.2;6.5;5.5;5.8,31.46,0.07,0.0,0.02,14.42,0.0,2587.0,4199.0,4,16,,,,,,,,,,,,,,,,,,,,,,,,,,,,,,,,,,,,,,,,,,,,,,,,,,,,,,,,,,,,,
40,2,,,,,,,100,77,70,14,237.0,2730,10801,38,0,7.9,1.4;2.8;1.3;2.2;0.3;0.6;51.9;35.6;4.1;3.9;39.9;44.7;0.6;0.5;0.0;0.0;0.0;0.0;0.0;0.0;0.0;0.0;0.0;0.0,31.4,0.07,0.0,3.08,14.42,0.0,1464.0,1806.0,4,16,,,,,,,,,,,,,,,,,,,,,,,,,,,,,,,,,,,,,,,,,,,,,,,,,,,,,,,,,,,,,
40,3,,,,,,,100,85,68,15,237.4,2730,10801,38,0,8.0,0.9;4.9;1.3;1.3;0.6;0.8;52.4;33.3;3.4;3.3;45.3;43.6;0.5;0.6;0.0;0.0;0.0;0.2;0.0;0.0;0.2;0.3;0.2;0.3,31.38,0.07,0.0,1.62,14.42,0.0,1416.0,3808.0,4,16,,,,,,,,,,,,,,,,,,,,,,,,,,,,,,,,,,,,,,,,,,,,,,,,,,,,,,,,,,,,,
40,4,,,,,,,98,81,68,21,236.4,2730,10801,38,0,8.2,1.6;3.7;1.9;2.5;0.9;1.1;52.4;39.4;4.8;6.4;34.1;44.7;0.6;0.9;0.3;0.3;0.3;0.0;0.0;0.0;0.2;0.0;0.3;0.5,31.35,0.07,0.0,2.9,14.42,0.0,1416.0,341.0,4,16,,,,,,,,,,,,,,,,,,,,,,,,,,,,,,,,,,,,,,,,,,,,,,,,,,,,,,,,,,,,,
40,5,,,,,,,100,88,68,20,235.8,2730,10801,38,0,7.8,1.2;3.7;1.2;1.4;0.2;0.6;47.7;41.9;4.4;5.0;36.0;40.7;0.3;0.5;0.0;0.0;0.0;0.2;0.2;0.0;0.2;0.0;0.0;0.0,31.36,0.07,0.0,0.02,14.42,0.0,2685.0,1660.0,4,16,,,,,,,,,,,,,,,,,,,,,,,,,,,,,,,,,,,,,,,,,,,,,,,,,,,,,,,,,,,,,
40,6,,,,,,,100,88,72,14,237.8,2730,10801,38,0,8.3,1.6;3.7;2.3;2.0;1.2;1.4;54.3;37.7;5.0;5.2;46.9;34.0;1.4;0.6;0.2;0.2;0.2;0.5;0.2;0.0;0.3;0.0;0.5;0.3,31.36,0.07,0.0,0.02,14.42,0.0,537.0,732.0,4,16,,,,,,,,,,,,,,,,,,,,,,,,,,,,,,,,,,,,,,,,,,,,,,,,,,,,,,,,,,,,,
40,7,,,,,,,98,78,68,15,236.4,2730,10801,38,0,7.8,0.6;3.3;2.8;0.9;0.6;0.3;40.7;41.3;3.7;5.5;39.0;48.0;0.5;0.8;0.0;0.0;0.0;0.0;0.0;0.0;0.0;0.2;0.2;0.0,31.37,0.07,0.0,0.04,14.42,0.0,1074.0,1416.0,4,16,,,,,,,,,,,,,,,,,,,,,,,,,,,,,,,,,,,,,,,,,,,,,,,,,,,,,,,,,,,,,
40,8,,,,,,,100,79,67,16,234.0,2730,10801,38,0,7.9,0.9;3.5;1.9;2.8;0.8;0.3;51.9;42.0;2.8;6.2;30.9;43.6;0.8;0.5;0.0;0.0;0.0;0.0;0.2;0.2;0.0;0.3;0.5;0.2,31.36,0.07,0.0,0.02,14.42,0.0,292.0,2294.0,4,16,,,,,,,,,,,,,,,,,,,,,,,,,,,,,,,,,,,,,,,,,,,,,,,,,,,,,,,,,,,,,
40,9,,,,,,,100,86,71,16,238.5,2730,10801,38,0,8.3,0.6;3.7;3.0;2.0;0.3;0.9;37.6;33.5;4.4;5.6;56.7;45.5;0.8;1.3;0.2;0.0;0.0;0.0;0.5;0.0;0.2;0.6;0.3;0.3,31.36,0.07,0.01,0.09,14.42,0.0,1123.0,1367.0,4,16,,,,,,,,,,,,,,,,,,,,,,,,,,,,,,,,,,,,,,,,,,,,,,,,,,,,,,,,,,,,,
40,10,,,,,,,98,78,68,13,236.9,2730,10801,38,0,8.2,1.9;5.4;2.4;3.0;0.8;0.8;38.6;33.5;3.1;6.7;42.2;55.6;0.9;0.6;0.0;0.2;0.0;0.2;0.0;0.0;0.8;0.3;0.3;0.0,31.36,0.07,0.0,0.03,14.42,0.0,537.0,195.0,4,16,,,,,,,,,,,,,,,,,,,,,,,,,,,,,,,,,,,,,,,,,,,,,,,,,,,,,,,,,,,,,
40,11,,,,,,,98,78,71,13,234.0,2730,10801,38,0,8.0,0.9;4.6;1.7;0.5;0.6;0.5;36.1;34.9;2.7;5.9;48.3;51.9;0.8;0.8;0.0;0.0;0.2;0.2;0.0;0.2;0.0;0.0;0.2;0.3,31.38,0.07,0.0,0.04,14.42,0.0,341.0,1757.0,4,16,,,,,,,,,,,,,,,,,,,,,,,,,,,,,,,,,,,,,,,,,,,,,,,,,,,,,,,,,,,,,
40,12,,,,,,,98,80,68,14,236.2,2730,10801,38,0,7.9,1.3;3.0;3.0;2.2;0.6;1.1;48.4;36.5;3.8;2.8;46.7;38.5;0.8;0.5;0.2;0.2;0.0;0.0;0.0;0.2;0.0;0.0;0.2;0.0,31.37,0.07,0.0,0.02,14.42,0.0,1367.0,1367.0,4,16,,,,,,,,,,,,,,,,,,,,,,,,,,,,,,,,,,,,,,,,,,,,,,,,,,,,,,,,,,,,,
40,13,,,,,,,98,81,69,17,237.5,2730,10801,39,0,8.2,0.6;4.3;0.9;1.6;0.6;1.1;46.6;41.0;4.9;4.9;40.5;47.0;0.9;0.6;0.2;0.2;0.2;0.0;0.0;0.2;0.5;0.2;0.2;0.0,31.39,0.07,0.05,0.49,14.42,0.0,439.0,1806.0,4,16,,,,,,,,,,,,,,,,,,,,,,,,,,,,,,,,,,,,,,,,,,,,,,,,,,,,,,,,,,,,,
40,14,,,,,,,98,78,69,20,235.0,2730,10801,39,0,8.8,2.2;6.2;1.7;3.1;1.4;1.7;47.1;43.3;5.0;4.5;46.4;40.3;0.8;0.8;0.3;0.0;0.3;0.6;0.0;0.2;0.5;0.2;3.0;1.7,31.38,0.07,0.0,0.05,14.42,0.0,2099.0,4248.0,4,16,,,,,,,,,,,,,,,,,,,,,,,,,,,,,,,,,,,,,,,,,,,,,,,,,,,,,,,,,,,,,
40,15,,,,,,,98,81,70,14,237.6,2730,10801,39,0,8.0,0.9;3.2;2.8;1.4;0.3;0.5;52.1;37.5;3.4;4.2;37.1;45.5;1.1;0.9;0.2;0.0;0.3;0.5;0.0;0.0;0.3;0.2;0.0;0.5,31.35,0.07,0.0,0.02,14.42,0.0,5712.0,33691.0,4,16,,,,,,,,,,,,,,,,,,,,,,,,,,,,,,,,,,,,,,,,,,,,,,,,,,,,,,,,,,,,,
40,16,,,,,,,98,81,69,16,237.8,2730,10801,39,0,8.0,1.4;3.7;1.3;1.6;0.9;0.9;41.2;39.3;4.2;4.7;34.9;55.0;1.1;0.5;0.0;0.2;0.0;0.2;0.0;0.0;0.3;0.2;0.5;0.5,31.34,0.07,0.0,0.04,14.42,0.0,1464.0,244.0,4,16,,,,,,,,,,,,,,,,,,,,,,,,,,,,,,,,,,,,,,,,,,,,,,,,,,,,,,,,,,,,,
40,17,,,,,,,98,81,70,16,237.3,2730,10801,39,0,8.0,0.9;4.1;1.6;1.1;0.5;0.3;49.9;38.3;2.8;3.8;30.1;54.5;0.6;0.9;0.0;0.2;0.0;0.0;0.0;0.0;0.8;0.2;0.0;0.0,31.38,0.07,0.0,0.02,14.42,0.0,2636.0,6689.0,4,16,,,,,,,,,,,,,,,,,,,,,,,,,,,,,,,,,,,,,,,,,,,,,,,,,,,,,,,,,,,,,
40,18,,,,,,,98,82,69,17,237.2,2730,10801,39,0,7.9,1.2;4.0;1.4;1.1;0.5;0.5;41.4;50.4;3.0;3.6;36.5;42.4;0.9;0.5;0.0;0.2;0.0;0.2;0.2;0.0;0.0;0.0;0.6;0.0,31.38,0.07,0.0,0.02,14.42,0.0,1660.0,48.0,4,16,,,,,,,,,,,,,,,,,,,,,,,,,,,,,,,,,,,,,,,,,,,,,,,,,,,,,,,,,,,,,
40,19,,,,,,,98,81,70,15,236.7,2730,10801,38,0,8.3,1.9;3.7;2.0;4.2;0.8;1.6;49.8;29.7;3.7;5.7;32.5;60.3;1.1;0.9;0.2;0.0;0.2;0.0;0.0;0.0;0.0;0.9;0.2;0.2,31.37,0.07,0.0,0.02,14.42,0.0,341.0,48.0,4,16,,,,,,,,,,,,,,,,,,,,,,,,,,,,,,,,,,,,,,,,,,,,,,,,,,,,,,,,,,,,,
40,20,,,,,,,98,81,70,19,237.6,2730,10801,38,0,8.1,1.9;2.8;2.0;1.9;0.5;0.9;40.8;44.2;4.4;5.1;35.7;50.9;0.5;1.8;0.2;0.0;0.0;0.0;0.2;0.0;0.5;0.0;0.2;0.5,31.37,0.07,0.0,0.03,14.42,0.0,4589.0,5615.0,4,16,,,,,,,,,,,,,,,,,,,,,,,,,,,,,,,,,,,,,,,,,,,,,,,,,,,,,,,,,,,,,
40,21,,,,,,,98,81,67,20,236.6,2730,10801,39,0,8.1,1.7;3.2;1.4;1.2;0.9;0.5;41.1;35.1;3.9;3.6;39.4;57.6;0.6;0.6;0.2;0.2;0.0;0.3;0.0;0.2;0.2;0.3;0.9;0.5,31.37,0.07,0.0,0.02,14.42,0.0,1708.0,195.0,4,16,,,,,,,,,,,,,,,,,,,,,,,,,,,,,,,,,,,,,,,,,,,,,,,,,,,,,,,,,,,,,
40,22,,,,,,,98,81,67,12,236.8,2730,10801,39,0,8.0,1.7;3.7;0.9;2.5;0.5;0.6;47.7;43.0;8.5;4.2;38.4;38.2;1.4;0.6;0.0;0.0;0.2;0.0;0.0;0.0;0.0;0.0;0.0;0.0,31.37,0.07,0.0,0.03,14.42,0.0,29736.0,116748.0,4,16,,,,,,,,,,,,,,,,,,,,,,,,,,,,,,,,,,,,,,,,,,,,,,,,,,,,,,,,,,,,,
40,23,,,,,,,98,79,67,16,236.6,2730,10801,39,0,8.2,1.6;4.6;2.7;1.7;0.8;0.8;41.7;33.1;5.6;4.7;47.0;50.0;0.5;0.8;0.0;0.3;0.2;0.0;0.0;0.0;0.3;0.3;0.5;0.6,31.38,0.07,0.0,0.06,14.42,0.0,781.0,23974.0,4,16,,,,,,,,,,,,,,,,,,,,,,,,,,,,,,,,,,,,,,,,,,,,,,,,,,,,,,,,,,,,,
40,24,,,,,,,98,80,69,13,233.6,2730,10801,39,0,8.2,3.4;5.2;1.4;2.3;0.5;1.1;35.7;51.2;4.3;5.6;41.5;41.6;0.8;0.5;0.0;0.0;0.3;0.0;0.2;0.0;0.6;0.5;0.5;0.0,31.38,0.07,0.0,0.01,14.42,0.0,24072.0,113183.0,4,16,,,,,,,,,,,,,,,,,,,,,,,,,,,,,,,,,,,,,,,,,,,,,,,,,,,,,,,,,,,,,
40,25,,,,,,,98,81,69,16,236.7,2730,10801,38,0,8.0,0.9;2.9;1.6;1.6;0.6;0.6;52.3;34.9;5.3;4.7;30.1;55.3;0.6;0.9;0.0;0.0;0.0;0.0;0.0;0.0;0.3;0.2;0.0;0.2,31.38,0.07,0.0,0.07,14.42,0.0,48.0,1562.0,4,16,,,,,,,,,,,,,,,,,,,,,,,,,,,,,,,,,,,,,,,,,,,,,,,,,,,,,,,,,,,,,
40,26,,,,,,,98,81,68,16,237.8,2730,10801,38,0,9.0,3.3;5.6;3.3;3.6;2.2;1.7;38.7;35.8;6.4;6.4;31.9;62.6;1.2;2.2;0.9;0.6;0.6;0.8;0.2;0.5;0.6;0.9;3.2;2.0,31.36,0.07,0.0,0.02,14.42,0.0,7275.0,116162.0,4,16,,,,,,,,,,,,,,,,,,,,,,,,,,,,,,,,,,,,,,,,,,,,,,,,,,,,,,,,,,,,,
40,27,,,,,,,100,84,68,14,234.2,2730,10801,39,0,8.3,1.5;4.4;2.3;2.6;1.4;0.9;51.8;44.0;5.4;6.2;27.4;47.5;0.6;0.9;0.0;0.0;0.2;0.3;0.0;0.0;0.0;0.6;0.3;0.3,31.35,0.07,0.0,0.03,14.42,0.0,2392.0,97.0,4,16,,,,,,,,,,,,,,,,,,,,,,,,,,,,,,,,,,,,,,,,,,,,,,,,,,,,,,,,,,,,,
40,28,,,,,,,100,64,69,16,237.3,2730,10801,38,0,8.2,1.9;3.6;1.9;3.0;0.5;0.8;33.8;43.5;4.4;5.2;39.5;55.8;0.8;0.9;0.2;0.5;0.2;0.3;0.0;0.0;0.2;0.2;0.0;0.2,31.33,0.07,0.0,0.02,14.42,0.0,12500.0,14013.0,4,16,,,,,,,,,,,,,,,,,,,,,,,,,,,,,,,,,,,,,,,,,,,,,,,,,,,,,,,,,,,,,
40,29,,,,,,,100,87,69,15,237.7,2730,10801,39,0,7.8,1.1;3.6;1.4;3.0;0.8;0.6;40.9;35.9;3.4;6.6;33.8;54.4;0.6;0.6;0.0;0.2;0.0;0.3;0.0;0.0;0.2;0.0;0.0;0.0,31.36,0.07,0.0,0.02,14.42,0.0,28320.0,16796.0,4,16,,,,,,,,,,,,,,,,,,,,,,,,,,,,,,,,,,,,,,,,,,,,,,,,,,,,,,,,,,,,,
40,30,,,,,,,100,84,68,16,234.2,2730,10801,38,0,6.3,0.9;4.9;0.6;2.3;0.8;0.5;34.6;40.2;2.8;4.5;37.9;17.3;0.8;0.8;0.3;0.3;0.0;0.2;0.2;0.0;0.0;0.6;0.3;0.6,31.37,0.07,0.0,0.03,14.42,0.0,15380.0,15234.0,4,16,,,,,,,,,,,,,,,,,,,,,,,,,,,,,,,,,,,,,,,,,,,,,,,,,,,,,,,,,,,,,
40,31,,,,,,,100,74,69,14,238.5,2730,10801,39,0,6.1,1.0;4.6;1.2;1.7;0.7;0.5;34.1;14.2;3.4;6.1;28.4;49.9;0.2;0.0;0.0;0.5;0.0;0.0;0.0;0.0;0.0;0.0;0.0;0.2,31.37,0.07,0.0,0.01,14.42,0.0,1416.0,0.0,4,16,,,,,,,,,,,,,,,,,,,,,,,,,,,,,,,,,,,,,,,,,,,,,,,,,,,,,,,,,,,,,
40,summary,0.3148093760397419,0.991745379689763,0.2835785869227515,0.9996666666666667,0.00100000,313.8,,,,,,,,,,,,,,,,,,,,,,1,95.58,100,0,78.06,88,59,68.52,72,12,15.84,21,106.3,232.37,238.5,2730.5,10801.0,38.4,0,6.1,8.4,20.7,31.33,31.37,31.46,63.16,0.07,0.07,0.07,16.0,0.0,0.0,0.05,0.01,0.29,3.08,11.015,16.348,14.42,14.42,14.42,15.992,0.0,0.0,0.0,48.0,5077.65,29736.0,0.0,15848.23,116748.0,4,4.0,4,16,16.0,16,4,16,6.43,291.15
41,1,,,,,,,100,84,63,21,143.5,2730,10801,39,0,21.0,20.2;21.7;23.5;23.0;21.5;21.7;56.9;58.2;25.3;28.5;55.2;63.6;14.0;12.6;4.1;4.4;8.2;9.6;3.6;2.6;6.5;8.3;5.6;6.0,31.42,0.07,0.0,0.01,14.42,0.0,2392.0,5517.0,4,16,,,,,,,,,,,,,,,,,,,,,,,,,,,,,,,,,,,,,,,,,,,,,,,,,,,,,,,,,,,,,
41,2,,,,,,,100,85,66,13,237.4,2730,10801,38,0,8.5,2.0;4.6;2.8;1.9;1.1;0.8;37.0;42.2;4.7;4.7;46.6;48.1;2.3;0.5;0.0;0.2;0.0;0.3;0.2;0.2;0.2;0.5;0.2;2.0,31.45,0.07,0.0,2.77,14.42,0.0,1464.0,97.0,4,16,,,,,,,,,,,,,,,,,,,,,,,,,,,,,,,,,,,,,,,,,,,,,,,,,,,,,,,,,,,,,
41,3,,,,,,,100,64,67,17,237.4,2730,10801,38,0,7.9,1.1;2.6;1.7;1.2;1.1;1.2;38.8;39.4;3.8;4.8;40.8;49.8;0.8;0.8;0.0;0.0;0.2;0.3;0.0;0.2;0.0;0.0;0.3;0.2,31.39,0.07,0.0,1.94,14.42,0.0,47363.0,292.0,4,16,,,,,,,,,,,,,,,,,,,,,,,,,,,,,,,,,,,,,,,,,,,,,,,,,,,,,,,,,,,,,
41,4,,,,,,,100,60,68,14,237.3,2730,10801,38,0,7.8,1.1;2.8;1.7;1.3;0.5;0.5;45.3;41.9;6.6;3.3;31.3;49.1;0.8;0.5;0.0;0.0;0.0;0.0;0.0;0.0;0.0;0.0;0.0;0.0,31.4,0.07,0.0,2.89,14.42,0.0,195.0,1904.0,4,16,,,,,,,,,,,,,,,,,,,,,,,,,,,,,,,,,,,,,,,,,,,,,,,,,,,,,,,,,,,,,
41,5,,,,,,,100,83,67,15,238.1,2730,10801,38,0,8.0,1.4;3.2;2.3;1.2;0.5;0.3;41.1;31.0;3.4;4.2;50.9;50.0;0.8;1.1;0.0;0.0;0.2;0.2;0.0;0.0;0.0;0.6;0.0;0.0,31.38,0.07,0.0,0.03,14.42,0.0,292.0,390.0,4,16,,,,,,,,,,,,,,,,,,,,,,,,,,,,,,,,,,,,,,,,,,,,,,,,,,,,,,,,,,,,,
41,6,,,,,,,100,61,68,19,237.3,2730,10801,39,0,8.1,1.1;4.0;1.9;2.5;0.5;0.9;44.4;39.7;2.8;5.3;36.6;51.4;0.5;0.9;0.0;0.0;0.0;0.0;0.0;0.2;0.2;0.2;0.0;0.5,31.38,0.07,0.0,0.03,14.42,0.0,1220.0,97.0,4,16,,,,,,,,,,,,,,,,,,,,,,,,,,,,,,,,,,,,,,,,,,,,,,,,,,,,,,,,,,,,,
41,7,,,,,,,100,65,70,13,236.9,2730,10801,38,0,7.9,1.4;4.2;1.6;1.6;0.3;0.2;42.5;44.4;4.5;2.7;24.9;59.7;0.3;0.5;0.2;0.2;0.0;0.0;0.0;0.0;0.0;0.0;0.0;0.0,31.38,0.07,0.0,0.02,14.42,0.0,1660.0,1757.0,4,16,,,,,,,,,,,,,,,,,,,,,,,,,,,,,,,,,,,,,,,,,,,,,,,,,,,,,,,,,,,,,
41,8,,,,,,,100,61,67,14,234.0,2730,10801,38,0,8.3,1.9;5.2;2.5;2.0;0.9;0.5;33.9;42.3;5.1;5.0;45.4;52.0;0.9;0.8;0.0;0.2;0.0;0.0;0.3;0.2;0.2;0.2;0.3;0.3,31.36,0.07,0.0,0.03,14.42,0.0,976.0,146.0,4,16,,,,,,,,,,,,,,,,,,,,,,,,,,,,,,,,,,,,,,,,,,,,,,,,,,,,,,,,,,,,,
41,9,,,,,,,100,71,69,15,236.6,2730,10801,38,0,8.5,2.7;5.1;2.3;2.0;0.9;1.3;40.5;41.5;4.4;4.9;38.6;53.7;0.8;1.1;0.2;0.6;0.2;0.3;0.3;0.3;0.5;0.3;0.2;0.6,31.37,0.07,0.0,0.01,14.42,0.0,3027.0,1464.0,4,16,,,,,,,,,,,,,,,,,,,,,,,,,,,,,,,,,,,,,,,,,,,,,,,,,,,,,,,,,,,,,
41,10,,,,,,,100,76,68,20,238.1,2730,10801,39,0,7.7,0.6;2.8;1.2;0.5;0.2;0.3;39.7;47.9;4.5;4.7;28.7;52.3;0.8;0.9;0.0;0.0;0.0;0.2;0.0;0.0;0.2;0.0;0.2;0.2,31.39,0.07,0.0,0.05,14.42,0.0,2099.0,1367.0,4,16,,,,,,,,,,,,,,,,,,,,,,,,,,,,,,,,,,,,,,,,,,,,,,,,,,,,,,,,,,,,,
41,11,,,,,,,100,61,70,18,233.9,2730,10801,39,0,8.1,1.4;2.5;1.2;3.1;0.6;0.6;37.8;36.5;6.5;3.1;36.3;60.3;1.4;0.9;0.0;0.2;0.5;0.3;0.0;0.0;0.2;0.3;0.6;0.0,31.37,0.07,0.0,0.03,14.42,0.0,14648.0,0.0,4,16,,,,,,,,,,,,,,,,,,,,,,,,,,,,,,,,,,,,,,,,,,,,,,,,,,,,,,,,,,,,,
41,12,,,,,,,100,59,70,18,230.6,2730,10801,38,0,7.8,0.9;3.4;1.9;1.6;0.3;0.2;49.1;29.7;5.6;1.6;42.3;47.6;0.6;0.6;0.0;0.0;0.0;0.2;0.0;0.0;0.2;0.2;0.2;0.3,31.37,0.07,0.0,0.03,14.42,0.0,1416.0,0.0,4,16,,,,,,,,,,,,,,,,,,,,,,,,,,,,,,,,,,,,,,,,,,,,,,,,,,,,,,,,,,,,,
41,13,,,,,,,100,75,70,15,237.3,2730,10801,38,0,8.0,1.4;3.5;2.2;1.2;0.0;0.3;42.7;29.3;7.3;4.4;48.9;46.9;0.5;0.9;0.0;0.0;0.0;0.0;0.0;0.0;0.5;0.3;0.2;0.6,31.37,0.07,0.0,0.03,14.42,0.0,15917.0,15429.0,4,16,,,,,,,,,,,,,,,,,,,,,,,,,,,,,,,,,,,,,,,,,,,,,,,,,,,,,,,,,,,,,
41,14,,,,,,,100,81,68,21,233.4,2730,10801,39,0,8.5,1.2;6.7;2.3;2.5;1.1;1.6;33.8;57.1;6.8;4.3;45.4;37.6;0.9;0.9;0.0;0.0;0.0;0.2;0.2;0.2;0.3;0.0;0.2;0.3,31.37,0.07,0.0,0.01,14.42,0.0,3613.0,292.0,4,16,,,,,,,,,,,,,,,,,,,,,,,,,,,,,,,,,,,,,,,,,,,,,,,,,,,,,,,,,,,,,
41,15,,,,,,,100,89,69,14,237.4,2730,10801,38,0,8.0,0.9;3.9;1.7;0.9;0.3;0.2;47.0;48.2;4.5;1.6;38.3;41.0;0.5;0.8;0.0;0.0;0.2;0.2;0.0;0.2;0.0;0.5;0.0;0.2,31.36,0.07,0.0,0.03,14.42,0.0,18847.0,15136.0,4,16,,,,,,,,,,,,,,,,,,,,,,,,,,,,,,,,,,,,,,,,,,,,,,,,,,,,,,,,,,,,,
41,16,,,,,,,100,86,70,16,236.5,2730,10801,39,0,8.0,0.5;4.5;2.7;2.0;1.1;0.3;52.5;32.8;6.1;2.0;45.8;39.2;0.9;0.5;0.2;0.5;0.0;0.0;0.0;0.0;0.0;0.8;0.0;0.3,31.38,0.07,0.0,0.02,14.42,0.0,292.0,36914.0,4,16,,,,,,,,,,,,,,,,,,,,,,,,,,,,,,,,,,,,,,,,,,,,,,,,,,,,,,,,,,,,,
41,17,,,,,,,100,86,67,14,236.1,2730,10801,39,0,8.9,3.1;7.0;4.6;3.4;0.9;1.9;42.5;44.1;5.8;5.4;37.9;51.6;0.8;1.2;0.2;0.5;0.6;0.5;0.2;0.0;0.2;0.2;0.6;1.1,31.38,0.07,0.0,0.04,14.42,0.0,2343.0,43652.0,4,16,,,,,,,,,,,,,,,,,,,,,,,,,,,,,,,,,,,,,,,,,,,,,,,,,,,,,,,,,,,,,
41,18,,,,,,,100,72,69,14,238.8,2730,10801,39,0,7.6,1.2;1.9;2.0;0.6;0.2;0.5;45.9;39.8;3.9;3.4;28.4;53.3;0.5;0.3;0.0;0.0;0.0;0.0;0.0;0.2;0.0;0.2;0.0;0.3,31.37,0.07,0.0,0.03,14.42,0.0,43847.0,0.0,4,16,,,,,,,,,,,,,,,,,,,,,,,,,,,,,,,,,,,,,,,,,,,,,,,,,,,,,,,,,,,,,
41,19,,,,,,,100,63,70,16,237.8,2730,10801,39,0,8.0,1.4;4.6;1.9;0.6;1.2;0.8;32.4;43.5;4.7;3.3;48.8;46.0;0.8;0.8;0.0;0.0;0.2;0.0;0.0;0.0;0.2;0.0;0.0;0.2,31.36,0.07,0.0,0.02,14.42,0.0,341.0,390.0,4,16,,,,,,,,,,,,,,,,,,,,,,,,,,,,,,,,,,,,,,,,,,,,,,,,,,,,,,,,,,,,,
41,20,,,,,,,100,65,70,15,237.0,2730,10801,39,0,8.0,1.2;5.5;1.7;1.6;0.8;0.8;46.7;40.2;3.1;5.6;32.9;48.3;0.5;0.6;0.2;0.0;0.0;0.0;0.0;0.0;0.0;0.3;0.0;0.5,31.37,0.07,0.0,0.03,14.42,0.0,3662.0,5468.0,4,16,,,,,,,,,,,,,,,,,,,,,,,,,,,,,,,,,,,,,,,,,,,,,,,,,,,,,,,,,,,,,
41,21,,,,,,,100,52,70,15,237.0,2730,10801,38,0,8.0,1.5;3.5;2.3;0.9;0.9;1.2;52.7;31.7;7.0;5.0;38.9;42.0;0.9;0.9;0.0;0.2;0.5;0.0;0.0;0.0;0.3;0.9;0.0;0.2,31.37,0.07,0.0,0.02,14.42,0.0,585.0,0.0,4,16,,,,,,,,,,,,,,,,,,,,,,,,,,,,,,,,,,,,,,,,,,,,,,,,,,,,,,,,,,,,,
41,22,,,,,,,100,59,69,16,237.0,2730,10801,38,0,8.1,0.8;5.3;1.6;1.2;0.5;0.6;42.1;48.9;4.7;3.8;42.9;38.5;0.9;0.6;0.0;0.0;0.2;0.3;0.2;0.2;0.0;0.3;0.0;0.2,31.35,0.07,0.0,0.03,14.42,0.0,3320.0,1318.0,4,16,,,,,,,,,,,,,,,,,,,,,,,,,,,,,,,,,,,,,,,,,,,,,,,,,,,,,,,,,,,,,
41,23,,,,,,,100,67,70,15,237.4,2730,10801,39,0,8.0,1.4;2.9;2.9;1.7;0.5;0.5;34.3;46.6;4.7;3.4;43.9;46.4;0.8;0.3;0.0;0.0;0.2;0.0;0.0;0.0;0.0;0.0;0.3;0.0,31.38,0.07,0.0,0.02,14.42,0.0,2392.0,292.0,4,16,,,,,,,,,,,,,,,,,,,,,,,,,,,,,,,,,,,,,,,,,,,,,,,,,,,,,,,,,,,,,
41,24,,,,,,,100,79,70,14,235.6,2730,10801,38,0,8.0,0.9;4.0;2.2;1.1;0.3;0.8;26.4;38.5;4.4;5.9;54.8;50.5;0.6;0.3;0.2;0.0;0.2;0.3;0.0;0.0;0.8;0.0;0.3;0.0,31.39,0.07,0.0,0.02,14.42,0.0,40234.0,18505.0,4,16,,,,,,,,,,,,,,,,,,,,,,,,,,,,,,,,,,,,,,,,,,,,,,,,,,,,,,,,,,,,,
41,25,,,,,,,100,72,69,16,236.9,2730,10801,39,0,8.1,2.7;4.3;1.7;0.6;0.3;0.6;37.9;52.2;2.8;6.7;37.5;44.2;0.9;0.5;0.0;0.2;0.0;0.0;0.5;0.0;0.0;0.0;0.0;0.0,31.36,0.07,0.0,0.02,14.42,0.0,5908.0,114013.0,4,16,,,,,,,,,,,,,,,,,,,,,,,,,,,,,,,,,,,,,,,,,,,,,,,,,,,,,,,,,,,,,
41,26,,,,,,,100,60,71,13,237.3,2730,10801,38,0,8.0,1.7;3.1;1.7;0.9;1.6;1.1;46.6;44.7;5.3;4.9;28.2;48.7;1.1;0.9;0.5;0.3;0.0;0.2;0.3;0.6;0.0;0.0;0.5;0.3,31.38,0.07,0.0,0.02,14.42,0.0,878.0,8251.0,4,16,,,,,,,,,,,,,,,,,,,,,,,,,,,,,,,,,,,,,,,,,,,,,,,,,,,,,,,,,,,,,
41,27,,,,,,,100,69,72,14,234.1,2730,10801,38,0,8.2,1.7;2.9;3.3;2.0;0.8;0.9;37.0;45.9;3.3;3.9;45.1;43.9;1.2;2.0;0.2;0.2;0.6;0.2;0.2;0.0;0.3;0.0;0.6;0.3,31.37,0.07,0.0,0.03,14.42,0.0,1074.0,1464.0,4,16,,,,,,,,,,,,,,,,,,,,,,,,,,,,,,,,,,,,,,,,,,,,,,,,,,,,,,,,,,,,,
41,28,,,,,,,100,50,70,15,236.4,2730,10801,39,0,8.2,1.6;4.6;3.0;1.6;0.6;1.6;54.0;41.3;4.5;6.2;37.4;37.9;0.8;0.9;0.0;0.0;0.2;0.2;0.0;0.2;0.0;0.5;0.3;0.0,31.37,0.07,0.0,0.02,14.42,0.0,292.0,1708.0,4,16,,,,,,,,,,,,,,,,,,,,,,,,,,,,,,,,,,,,,,,,,,,,,,,,,,,,,,,,,,,,,
41,29,,,,,,,100,50,70,16,237.7,2730,10801,39,0,7.9,1.6;3.0;1.3;1.9;0.5;0.8;43.8;40.9;2.0;7.7;41.2;41.2;0.9;1.1;0.0;0.2;0.3;0.0;0.0;0.0;0.0;0.3;0.5;0.0,31.37,0.07,0.0,0.02,14.42,0.0,878.0,1416.0,4,16,,,,,,,,,,,,,,,,,,,,,,,,,,,,,,,,,,,,,,,,,,,,,,,,,,,,,,,,,,,,,
41,30,,,,,,,100,59,71,18,233.0,2730,10801,38,0,5.9,0.5;4.7;1.1;1.2;0.2;0.3;30.6;40.2;2.5;2.3;25.7;30.4;0.2;0.3;0.0;0.0;0.0;0.0;0.0;0.0;0.0;0.0;0.6;0.0,31.37,0.07,0.0,0.04,14.42,0.0,781.0,146.0,4,16,,,,,,,,,,,,,,,,,,,,,,,,,,,,,,,,,,,,,,,,,,,,,,,,,,,,,,,,,,,,,
41,31,,,,,,,100,66,69,19,236.9,2730,10801,39,0,5.8,1.0;4.1;1.0;1.5;1.2;2.0;39.8;20.1;1.7;2.9;30.2;31.7;0.2;0.2;0.0;0.2;0.0;0.0;0.0;0.0;0.0;0.0;0.2;0.0,31.36,0.07,0.0,0.08,14.42,0.0,927.0,146.0,4,16,,,,,,,,,,,,,,,,,,,,,,,,,,,,,,,,,,,,,,,,,,,,,,,,,,,,,,,,,,,,,
41,summary,0.3137755397459283,0.9919138878009236,0.2837050791316562,0.9996666666666667,0.00100000,313.7,,,,,,,,,,,,,,,,,,,,,,100,100.0,100,50,68.71,89,63,68.94,72,13,15.9,21,143.5,233.38,238.8,2730.0,10801.0,38.5,0,5.8,8.35,21.0,31.35,31.38,31.45,63.16,0.07,0.07,0.07,16.0,0.0,0.0,0.0,0.01,0.27,2.89,11.015,16.348,14.42,14.42,14.42,15.992,0.0,0.0,0.0,195.0,7189.77,47363.0,0.0,8953.9,114013.0,4,4.0,4,16,16.0,16,4,16,6.31,291.11
42,1,,,,,,,45,34,66,17,127.5,2745,10801,38,0,21.4,22.0;22.9;23.8;24.4;21.0;22.0;62.7;57.1;27.6;27.5;59.4;60.2;12.4;12.5;3.9;3.7;9.4;9.9;1.4;2.4;7.8;8.0;5.9;5.4,31.45,0.07,0.0,0.02,14.42,0.0,2392.0,6738.0,4,16,,,,,,,,,,,,,,,,,,,,,,,,,,,,,,,,,,,,,,,,,,,,,,,,,,,,,,,,,,,,,
42,2,,,,,,,98,78,68,16,234.6,2730,10801,38,0,7.8,0.9;4.7;0.9;0.6;0.6;0.2;54.6;36.4;5.4;3.2;52.0;26.1;0.3;1.5;0.0;0.0;0.0;0.0;0.0;0.0;0.2;0.0;0.0;0.0,31.4,0.07,0.0,2.97,14.42,0.0,35205.0,1416.0,4,16,,,,,,,,,,,,,,,,,,,,,,,,,,,,,,,,,,,,,,,,,,,,,,,,,,,,,,,,,,,,,
42,3,,,,,,,100,73,68,14,236.5,2730,10801,38,0,8.1,1.3;4.3;2.0;3.0;0.3;0.3;40.4;39.2;5.2;6.9;46.7;41.1;1.1;0.8;0.2;0.2;0.0;0.2;0.0;0.0;0.2;0.3;0.3;0.0,31.39,0.07,0.0,1.6,14.42,0.0,2441.0,1416.0,4,16,,,,,,,,,,,,,,,,,,,,,,,,,,,,,,,,,,,,,,,,,,,,,,,,,,,,,,,,,,,,,
42,4,,,,,,,100,76,68,16,237.2,2730,10801,38,0,7.7,0.8;2.8;1.3;1.3;0.3;0.2;45.0;45.3;2.7;6.1;39.7;37.5;0.8;0.9;0.2;0.0;0.0;0.2;0.0;0.0;0.0;0.0;0.0;0.0,31.38,0.07,0.0,2.99,14.42,0.0,1220.0,1855.0,4,16,,,,,,,,,,,,,,,,,,,,,,,,,,,,,,,,,,,,,,,,,,,,,,,,,,,,,,,,,,,,,
42,5,,,,,,,98,78,69,15,233.5,2730,10801,39,0,8.2,1.4;2.8;3.4;1.6;2.0;2.5;47.0;47.0;4.7;3.7;34.1;42.0;0.8;0.5;0.2;0.0;0.9;0.2;0.0;0.0;0.2;0.9;0.0;0.2,31.37,0.07,0.0,0.03,14.42,0.0,292.0,2148.0,4,16,,,,,,,,,,,,,,,,,,,,,,,,,,,,,,,,,,,,,,,,,,,,,,,,,,,,,,,,,,,,,
42,6,,,,,,,98,82,68,15,236.7,2730,10801,38,0,7.9,1.4;5.4;1.3;2.0;0.6;0.2;46.6;45.1;5.5;3.4;23.9;52.0;0.6;0.8;0.0;0.3;0.0;0.0;0.2;0.0;0.2;0.6;0.0;0.2,31.38,0.07,0.0,0.01,14.42,0.0,1416.0,0.0,4,16,,,,,,,,,,,,,,,,,,,,,,,,,,,,,,,,,,,,,,,,,,,,,,,,,,,,,,,,,,,,,
42,7,,,,,,,98,81,67,16,236.9,2730,10801,39,0,8.2,1.6;4.3;2.0;1.3;0.3;0.3;49.6;42.4;5.8;5.6;38.3;42.1;1.6;0.3;0.0;0.0;0.0;0.0;0.0;0.0;0.3;0.2;0.0;0.2,31.38,0.07,0.0,0.02,14.42,0.0,1220.0,7226.0,4,16,,,,,,,,,,,,,,,,,,,,,,,,,,,,,,,,,,,,,,,,,,,,,,,,,,,,,,,,,,,,,
42,8,,,,,,,98,81,67,14,233.3,2730,10801,38,0,8.0,1.1;4.3;1.2;1.6;0.8;0.2;59.9;31.7;4.2;4.7;33.2;46.5;0.5;1.1;0.0;0.0;0.2;0.0;0.0;0.0;0.2;0.3;0.0;0.0,31.38,0.07,0.0,0.02,14.42,0.0,146.0,1806.0,4,16,,,,,,,,,,,,,,,,,,,,,,,,,,,,,,,,,,,,,,,,,,,,,,,,,,,,,,,,,,,,,
42,9,,,,,,,98,78,71,17,236.7,2730,10801,38,0,8.1,0.9;4.0;0.8;1.9;0.6;0.6;46.3;42.1;5.5;5.9;33.3;48.0;0.8;0.5;0.0;0.0;0.0;0.3;0.0;0.0;0.2;0.0;0.8;0.6,31.35,0.07,0.0,0.02,14.42,0.0,1416.0,195.0,4,16,,,,,,,,,,,,,,,,,,,,,,,,,,,,,,,,,,,,,,,,,,,,,,,,,,,,,,,,,,,,,
42,10,,,,,,,100,78,70,13,237.3,2730,10801,39,0,7.9,0.6;3.7;1.9;1.9;0.6;0.8;49.0;30.6;5.3;4.2;40.3;48.5;0.9;0.8;0.0;0.0;0.0;0.0;0.0;0.2;0.2;0.0;0.2;0.2,31.37,0.07,0.0,0.04,14.42,0.0,1269.0,1513.0,4,16,,,,,,,,,,,,,,,,,,,,,,,,,,,,,,,,,,,,,,,,,,,,,,,,,,,,,,,,,,,,,
42,11,,,,,,,98,79,69,14,232.4,2730,10801,39,0,8.0,1.4;4.1;2.3;1.4;1.1;0.3;53.5;43.6;4.0;4.0;42.3;29.9;0.8;0.5;0.0;0.3;0.2;0.2;0.2;0.0;0.2;0.2;0.2;0.2,31.39,0.07,0.0,0.02,14.42,0.0,1171.0,97.0,4,16,,,,,,,,,,,,,,,,,,,,,,,,,,,,,,,,,,,,,,,,,,,,,,,,,,,,,,,,,,,,,
42,12,,,,,,,100,79,69,14,238.2,2730,10801,38,0,8.1,1.6;3.9;1.7;2.2;0.5;0.9;50.6;33.3;6.9;3.4;49.4;36.8;0.8;0.6;0.2;0.0;0.5;0.2;0.2;0.2;0.2;0.8;0.0;0.0,31.38,0.07,0.0,0.02,14.42,0.0,537.0,1757.0,4,16,,,,,,,,,,,,,,,,,,,,,,,,,,,,,,,,,,,,,,,,,,,,,,,,,,,,,,,,,,,,,
42,13,,,,,,,100,70,70,16,236.8,2730,10801,39,0,8.1,1.3;2.6;1.7;1.7;0.8;0.3;41.7;34.9;7.8;5.2;47.4;45.6;0.6;0.6;0.0;0.0;0.0;0.2;0.0;0.0;0.2;0.0;0.0;0.0,31.39,0.07,0.0,0.06,14.42,0.0,11767.0,1367.0,4,16,,,,,,,,,,,,,,,,,,,,,,,,,,,,,,,,,,,,,,,,,,,,,,,,,,,,,,,,,,,,,
42,14,,,,,,,100,69,69,19,234.6,2730,10801,38,0,8.1,1.2;3.4;1.6;1.7;0.3;1.6;57.0;52.3;3.3;6.2;35.7;26.9;1.1;0.6;0.0;0.2;0.2;0.0;0.0;0.0;0.2;0.2;0.2;0.0,31.38,0.07,0.0,0.03,14.42,0.0,14697.0,1367.0,4,16,,,,,,,,,,,,,,,,,,,,,,,,,,,,,,,,,,,,,,,,,,,,,,,,,,,,,,,,,,,,,
42,15,,,,,,,100,78,71,14,237.5,2730,10801,38,0,7.9,0.6;3.6;1.2;1.6;0.8;0.8;54.0;47.2;3.6;3.9;29.2;41.8;0.8;0.9;0.0;0.0;0.2;0.0;0.0;0.0;0.2;0.2;0.2;0.0,31.37,0.07,0.0,0.02,14.42,0.0,21582.0,16259.0,4,16,,,,,,,,,,,,,,,,,,,,,,,,,,,,,,,,,,,,,,,,,,,,,,,,,,,,,,,,,,,,,
42,16,,,,,,,100,70,71,15,237.3,2730,10801,39,0,7.8,0.9;3.1;1.6;2.2;0.5;1.1;44.3;40.9;3.6;4.7;42.1;40.8;0.6;0.6;0.2;0.0;0.0;0.0;0.0;0.0;0.0;0.0;0.0;0.0,31.38,0.07,0.0,0.02,14.42,0.0,48.0,4345.0,4,16,,,,,,,,,,,,,,,,,,,,,,,,,,,,,,,,,,,,,,,,,,,,,,,,,,,,,,,,,,,,,
42,17,,,,,,,100,72,69,16,236.5,2730,10801,39,0,7.9,1.6;2.3;1.6;1.7;0.9;1.4;55.9;40.0;3.0;6.6;22.8;49.8;0.6;0.8;0.2;0.0;0.2;0.0;0.0;0.0;0.0;0.0;0.0;0.0,31.38,0.07,0.0,0.03,14.42,0.0,5615.0,5810.0,4,16,,,,,,,,,,,,,,,,,,,,,,,,,,,,,,,,,,,,,,,,,,,,,,,,,,,,,,,,,,,,,
42,18,,,,,,,100,71,70,16,236.3,2730,10801,39,0,8.2,1.2;3.2;1.9;2.3;0.3;0.3;40.6;41.8;3.9;3.6;44.7;48.2;0.5;0.8;0.3;0.3;0.5;0.3;0.0;0.0;0.0;0.2;1.2;0.6,31.38,0.07,0.0,0.04,14.42,0.0,244.0,1464.0,4,16,,,,,,,,,,,,,,,,,,,,,,,,,,,,,,,,,,,,,,,,,,,,,,,,,,,,,,,,,,,,,
42,19,,,,,,,100,72,70,20,236.5,2730,10801,39,0,7.7,0.8;4.3;1.1;1.1;0.5;0.3;40.3;39.7;5.6;7.1;43.3;39.0;0.8;0.8;0.0;0.0;0.2;0.0;0.0;0.0;0.0;0.0;0.3;0.0,31.39,0.07,0.0,0.04,14.42,0.0,1171.0,244.0,4,16,,,,,,,,,,,,,,,,,,,,,,,,,,,,,,,,,,,,,,,,,,,,,,,,,,,,,,,,,,,,,
42,20,,,,,,,100,51,70,13,236.6,2730,10801,38,0,8.0,1.1;3.4;2.0;2.0;0.5;1.6;60.6;30.5;5.6;4.2;38.7;37.6;0.3;1.3;0.0;0.5;0.2;0.2;0.0;0.2;0.3;0.0;0.0;0.2,31.38,0.07,0.0,0.04,14.42,0.0,781.0,5615.0,4,16,,,,,,,,,,,,,,,,,,,,,,,,,,,,,,,,,,,,,,,,,,,,,,,,,,,,,,,,,,,,,
42,21,,,,,,,100,55,71,14,237.4,2730,10801,39,0,7.8,0.8;4.0;1.5;0.8;0.5;0.3;55.1;29.9;5.1;3.4;33.7;50.1;0.6;0.8;0.0;0.0;0.0;0.0;0.0;0.0;0.0;0.3;0.0;0.0,31.37,0.07,0.0,0.02,14.42,0.0,40869.0,1464.0,4,16,,,,,,,,,,,,,,,,,,,,,,,,,,,,,,,,,,,,,,,,,,,,,,,,,,,,,,,,,,,,,
42,22,,,,,,,98,79,70,14,237.9,2730,10801,39,0,8.0,2.0;3.2;2.6;2.2;0.6;1.2;43.8;36.9;2.7;5.0;40.3;49.0;0.6;0.8;0.0;0.2;0.3;0.3;0.0;0.3;0.2;0.6;0.0;0.2,31.4,0.07,0.0,0.03,14.42,0.0,341.0,1660.0,4,16,,,,,,,,,,,,,,,,,,,,,,,,,,,,,,,,,,,,,,,,,,,,,,,,,,,,,,,,,,,,,
42,23,,,,,,,99,77,71,14,237.7,2730,10801,39,0,8.5,1.6;3.3;2.3;2.3;0.6;0.6;45.7;44.7;5.4;7.2;39.5;45.2;1.3;0.9;0.0;0.5;0.0;0.0;0.0;0.2;0.2;0.8;0.2;0.5,31.37,0.07,0.0,0.03,14.42,0.0,1220.0,97.0,4,16,,,,,,,,,,,,,,,,,,,,,,,,,,,,,,,,,,,,,,,,,,,,,,,,,,,,,,,,,,,,,
42,24,,,,,,,98,78,70,15,235.4,2730,10801,39,0,8.1,1.1;2.9;0.8;2.2;0.6;0.3;45.6;35.1;2.2;4.7;44.7;50.5;0.9;0.9;0.0;0.0;0.0;0.0;0.0;0.2;0.0;0.0;0.0;0.3,31.37,0.07,0.0,0.03,14.42,0.0,0.0,1513.0,4,16,,,,,,,,,,,,,,,,,,,,,,,,,,,,,,,,,,,,,,,,,,,,,,,,,,,,,,,,,,,,,
42,25,,,,,,,98,78,70,17,237.3,2730,10801,39,0,7.9,1.3;5.4;1.6;1.6;1.3;0.8;43.4;42.9;2.5;5.0;34.0;48.9;0.6;0.5;0.0;0.2;0.2;0.2;0.0;0.0;0.3;0.5;0.2;0.2,31.37,0.07,0.0,0.04,14.42,0.0,976.0,146.0,4,16,,,,,,,,,,,,,,,,,,,,,,,,,,,,,,,,,,,,,,,,,,,,,,,,,,,,,,,,,,,,,
42,26,,,,,,,100,78,70,14,237.1,2730,10801,39,0,7.9,1.7;1.4;1.1;1.6;1.2;1.4;39.8;51.3;3.4;4.1;44.2;37.1;0.8;0.6;0.0;0.0;0.2;0.0;0.0;0.0;0.0;0.3;0.2;0.3,31.38,0.07,0.0,0.02,14.42,0.0,341.0,1806.0,4,16,,,,,,,,,,,,,,,,,,,,,,,,,,,,,,,,,,,,,,,,,,,,,,,,,,,,,,,,,,,,,
42,27,,,,,,,98,80,69,14,233.9,2730,10801,38,0,8.0,0.9;4.4;1.2;2.5;1.1;0.5;47.7;44.6;2.8;7.3;27.3;50.8;0.8;0.6;0.0;0.0;0.0;0.0;0.0;0.0;0.0;0.0;0.0;0.0,31.39,0.07,0.0,0.03,14.42,0.0,0.0,1757.0,4,16,,,,,,,,,,,,,,,,,,,,,,,,,,,,,,,,,,,,,,,,,,,,,,,,,,,,,,,,,,,,,
42,28,,,,,,,100,77,70,14,237.1,2730,10801,39,0,8.8,2.5;6.4;2.3;2.7;0.9;0.9;44.1;46.9;5.8;7.2;37.3;43.8;0.9;0.6;0.8;1.3;0.0;0.2;0.3;0.3;0.9;3.0;0.3;0.0,31.4,0.07,0.0,0.03,14.42,0.0,1464.0,1416.0,4,16,,,,,,,,,,,,,,,,,,,,,,,,,,,,,,,,,,,,,,,,,,,,,,,,,,,,,,,,,,,,,
42,29,,,,,,,100,55,69,17,237.4,2730,10801,39,0,7.9,0.8;4.0;1.7;2.7;0.9;0.6;48.5;46.6;3.6;3.8;34.6;39.6;0.8;0.3;0.0;0.0;0.0;0.0;0.0;0.0;0.2;0.2;0.0;0.0,31.35,0.07,0.0,0.03,14.42,0.0,292.0,390.0,4,16,,,,,,,,,,,,,,,,,,,,,,,,,,,,,,,,,,,,,,,,,,,,,,,,,,,,,,,,,,,,,
42,30,,,,,,,100,53,71,19,233.1,2730,10801,39,0,6.2,1.1;2.8;1.6;1.6;0.9;0.0;49.8;25.2;3.1;4.7;16.4;38.1;0.3;0.6;0.3;0.0;0.3;0.2;0.0;0.3;0.0;0.2;0.6;1.9,31.32,0.07,0.0,0.03,14.42,0.0,341.0,19580.0,4,16,,,,,,,,,,,,,,,,,,,,,,,,,,,,,,,,,,,,,,,,,,,,,,,,,,,,,,,,,,,,,
42,31,,,,,,,100,84,68,20,237.1,2730,10801,39,0,5.8,0.7;4.3;0.7;2.0;0.0;0.7;25.8;22.1;2.7;4.9;57.2;18.4;0.5;0.2;0.0;0.0;0.0;0.2;0.0;0.0;0.0;0.0;0.0;0.0,31.34,0.07,0.0,0.01,14.42,0.0,292.0,146.0,4,16,,,,,,,,,,,,,,,,,,,,,,,,,,,,,,,,,,,,,,,,,,,,,,,,,,,,,,,,,,,,,
42,summary,0.31383873577699356,0.9918956707078251,0.2837705042627123,0.9996666666666667,0.00100000,313.2,,,,,,,,,,,,,,,,,,,,,,45,97.48,100,34,72.39,84,66,69.32,71,13,15.55,20,127.5,232.72,238.2,2730.5,10801.0,38.6,0,5.8,8.32,21.4,31.32,31.38,31.45,63.16,0.07,0.07,0.07,16.0,0.0,0.0,0.0,0.01,0.27,2.99,11.015,16.348,14.42,14.42,14.42,15.992,0.0,0.0,0.0,0.0,4863.42,40869.0,0.0,2987.52,19580.0,4,4.0,4,16,16.0,16,4,16,6.01,291.14
43,1,,,,,,,100,73,68,17,136.6,2730,10801,39,0,21.1,20.4;22.5;23.3;23.7;21.5;22.1;60.5;64.0;23.4;26.9;60.4;56.3;12.7;13.6;4.6;3.3;7.9;8.6;2.2;2.6;6.6;6.7;5.9;5.4,31.45,0.07,0.0,0.02,14.42,0.0,1318.0,5761.0,4,16,,,,,,,,,,,,,,,,,,,,,,,,,,,,,,,,,,,,,,,,,,,,,,,,,,,,,,,,,,,,,
43,2,,,,,,,100,75,70,17,236.5,2730,10801,38,0,7.8,1.7;3.4;1.4;1.2;0.3;0.8;50.8;29.5;2.3;3.1;38.6;52.4;1.1;0.5;0.0;0.0;0.0;0.0;0.0;0.0;0.0;0.3;0.3;0.0,31.42,0.07,0.0,2.96,14.42,0.0,14501.0,0.0,4,16,,,,,,,,,,,,,,,,,,,,,,,,,,,,,,,,,,,,,,,,,,,,,,,,,,,,,,,,,,,,,
43,3,,,,,,,100,78,70,15,236.5,2730,10801,38,0,8.2,2.6;4.2;2.2;2.2;0.8;0.9;53.7;32.4;3.6;6.9;38.8;46.2;0.6;0.8;0.3;0.2;0.0;0.0;0.0;0.0;0.0;0.0;0.0;0.3,31.42,0.07,0.0,1.62,14.42,0.0,0.0,1367.0,4,16,,,,,,,,,,,,,,,,,,,,,,,,,,,,,,,,,,,,,,,,,,,,,,,,,,,,,,,,,,,,,
43,4,,,,,,,100,74,70,14,237.3,2730,10801,39,0,8.2,2.3;1.6;2.5;2.3;0.3;0.6;36.9;52.3;4.1;6.6;36.6;47.1;1.1;0.8;0.2;0.2;0.0;0.2;0.0;0.2;0.0;0.0;0.2;0.3,31.39,0.07,0.0,2.99,14.42,0.0,1464.0,4003.0,4,16,,,,,,,,,,,,,,,,,,,,,,,,,,,,,,,,,,,,,,,,,,,,,,,,,,,,,,,,,,,,,
43,5,,,,,,,100,61,70,15,236.6,2730,10801,38,0,8.0,0.9;3.9;1.6;2.0;0.9;1.4;42.6;35.8;2.6;6.4;47.4;43.5;0.8;1.1;0.2;0.3;0.2;0.2;0.2;0.2;0.2;0.2;0.2;0.2,31.41,0.07,0.02,0.09,14.42,0.0,976.0,1660.0,4,16,,,,,,,,,,,,,,,,,,,,,,,,,,,,,,,,,,,,,,,,,,,,,,,,,,,,,,,,,,,,,
43,6,,,,,,,100,77,71,15,237.3,2730,10801,39,0,8.1,0.8;4.8;2.3;1.3;1.1;1.4;44.0;45.0;5.0;6.7;35.6;43.1;0.9;0.8;0.0;0.0;0.0;0.2;0.0;0.3;0.0;0.0;0.2;0.2,31.39,0.07,0.0,0.02,14.42,0.0,585.0,341.0,4,16,,,,,,,,,,,,,,,,,,,,,,,,,,,,,,,,,,,,,,,,,,,,,,,,,,,,,,,,,,,,,
43,7,,,,,,,100,72,70,18,238.4,2730,10801,38,0,8.3,2.5;3.4;3.9;3.3;0.3;1.2;38.1;40.7;4.7;4.4;38.0;53.2;1.6;0.9;0.5;0.2;0.2;0.2;0.0;0.5;0.3;0.3;0.3;0.3,31.39,0.07,0.0,0.03,14.42,0.0,1660.0,1416.0,4,16,,,,,,,,,,,,,,,,,,,,,,,,,,,,,,,,,,,,,,,,,,,,,,,,,,,,,,,,,,,,,
43,8,,,,,,,100,71,69,18,235.9,2730,10801,38,0,8.2,1.1;4.7;2.3;2.3;0.8;1.2;46.7;40.7;4.4;5.0;38.3;46.8;0.9;1.1;0.0;0.0;0.2;0.2;0.0;0.5;0.2;0.0;0.6;0.2,31.4,0.07,0.01,0.03,14.42,0.0,537.0,292.0,4,16,,,,,,,,,,,,,,,,,,,,,,,,,,,,,,,,,,,,,,,,,,,,,,,,,,,,,,,,,,,,,
43,9,,,,,,,100,76,69,13,237.7,2730,10801,38,0,8.1,0.5;5.1;1.6;0.9;0.3;0.5;52.0;46.2;7.7;4.5;42.2;28.4;0.6;1.1;0.0;0.0;0.2;0.0;0.0;0.0;0.2;0.6;0.0;0.3,31.38,0.07,0.0,0.03,14.42,0.0,1464.0,1416.0,4,16,,,,,,,,,,,,,,,,,,,,,,,,,,,,,,,,,,,,,,,,,,,,,,,,,,,,,,,,,,,,,
43,10,,,,,,,100,83,67,14,237.9,2730,10801,39,0,7.9,1.1;3.4;1.2;1.1;0.0;0.2;40.5;39.6;3.3;3.4;46.9;45.3;1.1;0.8;0.0;0.0;0.0;0.0;0.0;0.2;0.0;0.0;0.0;0.0,31.39,0.07,0.0,0.02,14.42,0.0,0.0,30126.0,4,16,,,,,,,,,,,,,,,,,,,,,,,,,,,,,,,,,,,,,,,,,,,,,,,,,,,,,,,,,,,,,
43,11,,,,,,,100,61,70,16,234.2,2730,10801,39,0,7.8,0.6;3.5;0.9;1.1;0.2;0.2;39.4;29.2;4.0;4.0;45.1;57.3;1.1;1.1;0.0;0.0;0.2;0.0;0.0;0.0;0.2;0.3;0.0;0.0,31.35,0.07,0.0,0.03,14.42,0.0,781.0,97.0,4,16,,,,,,,,,,,,,,,,,,,,,,,,,,,,,,,,,,,,,,,,,,,,,,,,,,,,,,,,,,,,,
43,12,,,,,,,100,74,68,15,237.7,2730,10801,39,0,7.8,0.3;3.1;2.8;0.9;0.5;0.5;55.5;26.8;6.4;5.3;37.6;46.6;0.8;0.6;0.0;0.0;0.0;0.0;0.0;0.0;0.0;0.0;0.3;0.0,31.38,0.07,0.0,0.03,14.42,0.0,0.0,1757.0,4,16,,,,,,,,,,,,,,,,,,,,,,,,,,,,,,,,,,,,,,,,,,,,,,,,,,,,,,,,,,,,,
43,13,,,,,,,100,71,70,15,239.1,2730,10801,39,0,7.7,0.6;1.7;1.4;0.8;0.0;0.3;42.4;33.3;3.1;4.9;50.2;45.3;0.6;0.9;0.0;0.0;0.0;0.0;0.0;0.0;0.0;0.0;0.0;0.0,31.39,0.07,0.0,0.02,14.42,0.0,1416.0,97.0,4,16,,,,,,,,,,,,,,,,,,,,,,,,,,,,,,,,,,,,,,,,,,,,,,,,,,,,,,,,,,,,,
43,14,,,,,,,100,74,68,13,234.8,2730,10801,39,0,8.2,1.6;3.2;3.0;2.8;0.5;1.1;37.8;43.3;4.7;5.0;38.3;50.9;0.8;1.4;0.0;0.0;0.2;0.3;0.0;0.0;0.0;0.3;0.2;0.0,31.38,0.07,0.0,0.02,14.42,0.0,1269.0,4150.0,4,16,,,,,,,,,,,,,,,,,,,,,,,,,,,,,,,,,,,,,,,,,,,,,,,,,,,,,,,,,,,,,
43,15,,,,,,,100,71,70,16,239.3,2730,10801,39,0,8.5,1.9;4.0;2.5;2.6;1.1;0.6;44.8;43.4;4.7;3.7;34.3;55.8;1.6;0.8;0.2;0.3;0.2;0.3;0.2;0.2;0.5;0.6;0.3;0.3,31.39,0.07,0.0,0.03,14.42,0.0,244.0,1367.0,4,16,,,,,,,,,,,,,,,,,,,,,,,,,,,,,,,,,,,,,,,,,,,,,,,,,,,,,,,,,,,,,
43,16,,,,,,,100,77,70,15,237.9,2730,10801,39,0,7.9,1.4;1.1;0.8;1.2;0.3;0.6;36.9;36.6;4.2;4.8;45.9;52.8;0.9;0.9;0.0;0.0;0.0;0.0;0.0;0.0;0.0;0.2;0.0;0.0,31.37,0.07,0.0,0.03,14.42,0.0,1416.0,3320.0,4,16,,,,,,,,,,,,,,,,,,,,,,,,,,,,,,,,,,,,,,,,,,,,,,,,,,,,,,,,,,,,,
43,17,,,,,,,100,73,69,15,237.2,2730,10801,39,0,8.0,0.3;2.9;3.9;2.5;0.2;0.5;47.6;39.7;3.9;3.8;34.8;50.5;0.5;0.9;0.0;0.0;0.0;0.0;0.0;0.0;0.0;0.0;0.3;0.0,31.4,0.07,0.0,0.15,14.42,0.0,1611.0,5712.0,4,16,,,,,,,,,,,,,,,,,,,,,,,,,,,,,,,,,,,,,,,,,,,,,,,,,,,,,,,,,,,,,
43,18,,,,,,,100,71,71,20,239.3,2730,10801,39,0,8.4,0.9;5.2;2.8;1.9;0.9;0.9;44.2;47.5;5.2;3.9;42.5;42.3;1.1;1.7;0.0;0.3;0.2;0.0;0.0;0.0;0.3;0.2;0.2;0.3,31.4,0.07,0.14,1.0,14.42,0.0,292.0,390.0,4,16,,,,,,,,,,,,,,,,,,,,,,,,,,,,,,,,,,,,,,,,,,,,,,,,,,,,,,,,,,,,,
43,19,,,,,,,100,53,70,13,239.7,2730,10801,38,0,7.8,0.9;2.2;1.9;0.9;0.8;0.5;34.6;34.1;4.5;5.5;53.7;45.5;0.8;0.9;0.0;0.0;0.0;0.0;0.0;0.0;0.0;0.0;0.2;0.0,31.4,0.07,0.0,0.03,14.42,0.0,1416.0,1464.0,4,16,,,,,,,,,,,,,,,,,,,,,,,,,,,,,,,,,,,,,,,,,,,,,,,,,,,,,,,,,,,,,
43,20,,,,,,,100,62,68,14,238.7,2730,10801,39,0,8.9,2.8;5.8;3.3;2.2;0.9;0.5;45.9;40.2;6.2;5.3;50.9;41.8;1.1;0.9;0.2;0.0;0.2;0.5;0.3;0.2;0.5;0.0;2.3;0.9,31.41,0.07,0.01,0.09,14.42,0.0,292.0,4345.0,4,16,,,,,,,,,,,,,,,,,,,,,,,,,,,,,,,,,,,,,,,,,,,,,,,,,,,,,,,,,,,,,
43,21,,,,,,,100,55,69,14,237.6,2730,10801,39,0,8.2,1.6;8.9;2.5;1.4;0.2;0.2;37.7;52.2;4.2;2.2;40.0;42.3;1.1;0.5;0.0;0.0;0.0;0.0;0.0;0.0;0.3;0.0;0.2;0.0,31.41,0.07,0.0,0.03,14.42,0.0,341.0,488.0,4,16,,,,,,,,,,,,,,,,,,,,,,,,,,,,,,,,,,,,,,,,,,,,,,,,,,,,,,,,,,,,,
43,22,,,,,,,100,86,71,19,238.0,2730,10801,39,0,8.0,1.1;4.2;2.2;1.1;0.3;0.3;49.7;36.8;5.8;5.8;29.7;51.4;0.9;0.5;0.2;0.0;0.3;0.0;0.0;0.0;0.2;1.1;0.8;0.2,31.42,0.07,0.0,0.04,14.42,0.0,2880.0,1367.0,4,16,,,,,,,,,,,,,,,,,,,,,,,,,,,,,,,,,,,,,,,,,,,,,,,,,,,,,,,,,,,,,
43,23,,,,,,,99,84,71,14,237.1,2730,10801,39,0,7.9,0.6;6.0;1.6;0.9;0.3;0.0;36.6;58.9;3.1;4.5;23.4;50.2;0.6;1.1;0.2;0.2;0.0;0.0;0.0;0.0;0.2;0.0;0.5;0.3,31.39,0.07,0.01,0.07,14.42,0.0,1025.0,390.0,4,16,,,,,,,,,,,,,,,,,,,,,,,,,,,,,,,,,,,,,,,,,,,,,,,,,,,,,,,,,,,,,
43,24,,,,,,,100,86,69,13,235.7,2730,10801,39,0,7.8,2.2;3.7;1.2;1.2;0.5;0.5;49.0;39.2;2.8;5.1;39.9;38.3;0.8;0.6;0.0;0.0;0.0;0.2;0.2;0.0;0.3;0.0;0.0;0.2,31.4,0.07,0.0,0.02,14.42,0.0,2734.0,1416.0,4,16,,,,,,,,,,,,,,,,,,,,,,,,,,,,,,,,,,,,,,,,,,,,,,,,,,,,,,,,,,,,,
43,25,,,,,,,98,82,69,14,237.2,2730,10801,39,0,7.7,1.3;2.0;2.0;0.5;0.3;1.3;27.7;47.9;3.4;5.5;42.3;50.7;0.8;0.8;0.0;0.0;0.0;0.0;0.0;0.0;0.0;0.0;0.0;0.0,31.37,0.07,0.0,0.04,14.42,0.0,0.0,1953.0,4,16,,,,,,,,,,,,,,,,,,,,,,,,,,,,,,,,,,,,,,,,,,,,,,,,,,,,,,,,,,,,,
43,26,,,,,,,98,79,69,18,236.3,2730,10801,39,0,7.8,0.9;4.5;2.5;0.8;0.5;1.1;43.9;35.8;3.6;3.8;33.6;53.7;0.6;0.8;0.2;0.2;0.0;0.0;0.0;0.0;0.0;0.0;0.2;0.0,31.38,0.07,0.0,0.01,14.42,0.0,1464.0,1367.0,4,16,,,,,,,,,,,,,,,,,,,,,,,,,,,,,,,,,,,,,,,,,,,,,,,,,,,,,,,,,,,,,
43,27,,,,,,,100,90,70,19,233.1,2730,10801,39,0,7.7,1.1;1.9;1.6;2.0;0.5;0.8;40.3;29.6;3.4;4.2;41.6;56.1;0.8;0.8;0.0;0.0;0.0;0.0;0.0;0.0;0.2;0.3;0.2;0.0,31.39,0.07,0.0,0.02,14.42,0.0,3759.0,390.0,4,16,,,,,,,,,,,,,,,,,,,,,,,,,,,,,,,,,,,,,,,,,,,,,,,,,,,,,,,,,,,,,
43,28,,,,,,,98,78,69,13,236.4,2730,10801,39,0,7.7,0.9;2.5;2.2;1.4;0.3;0.2;44.3;42.2;4.0;2.8;37.3;45.5;0.8;0.5;0.0;0.0;0.0;0.0;0.0;0.0;0.0;0.0;0.0;0.0,31.39,0.07,0.0,0.03,14.42,0.0,13720.0,16943.0,4,16,,,,,,,,,,,,,,,,,,,,,,,,,,,,,,,,,,,,,,,,,,,,,,,,,,,,,,,,,,,,,
43,29,,,,,,,100,87,71,14,237.7,2730,10801,39,0,8.8,2.2;5.1;3.3;2.5;0.8;1.1;48.4;39.3;5.1;5.3;40.9;47.3;1.2;1.6;0.2;0.2;0.5;0.3;0.5;0.2;0.3;0.5;2.8;1.2,31.4,0.07,0.0,0.03,14.42,0.0,20898.0,48.0,4,16,,,,,,,,,,,,,,,,,,,,,,,,,,,,,,,,,,,,,,,,,,,,,,,,,,,,,,,,,,,,,
43,30,,,,,,,100,72,69,15,235.1,2730,10801,39,0,6.2,1.2;2.6;2.2;1.7;0.8;1.1;40.1;31.6;3.6;3.0;26.0;32.1;0.9;0.5;0.2;0.2;0.0;0.0;0.0;0.2;0.6;0.0;0.2;0.2,31.39,0.07,0.0,0.03,14.42,0.0,0.0,1367.0,4,16,,,,,,,,,,,,,,,,,,,,,,,,,,,,,,,,,,,,,,,,,,,,,,,,,,,,,,,,,,,,,
43,31,,,,,,,100,86,68,14,238.4,2730,10801,39,0,6.0,1.0;2.2;2.0;1.7;0.2;2.0;31.8;41.7;2.7;3.2;28.9;23.8;0.0;0.5;0.0;0.0;0.2;0.5;0.0;0.0;1.2;0.5;0.0;0.2,31.39,0.07,0.0,0.02,14.42,0.0,927.0,1660.0,4,16,,,,,,,,,,,,,,,,,,,,,,,,,,,,,,,,,,,,,,,,,,,,,,,,,,,,,,,,,,,,,
43,summary,0.3138397169820899,0.9917931995591464,0.28345936568578084,0.9996666666666667,0.00100000,313.5,,,,,,,,,,,,,,,,,,,,,,98,99.77,100,53,74.58,90,67,69.45,71,13,15.32,20,136.6,233.91,239.7,2730.0,10801.0,38.8,0,6.0,8.35,21.1,31.35,31.39,31.45,63.16,0.07,0.07,0.07,16.0,0.0,0.01,0.14,0.01,0.31,2.99,11.015,16.348,14.42,14.42,14.42,15.992,0.0,0.0,0.0,0.0,2548.06,20898.0,0.0,3111.94,30126.0,4,4.0,4,16,16.0,16,4,16,6.01,291.17
44,1,,,,,,,100,58,68,15,127.5,2745,10801,39,0,20.9,18.0;20.9;22.6;23.1;21.5;21.4;64.0;54.9;24.1;24.9;65.5;57.3;14.2;14.7;3.5;4.0;7.5;7.6;2.7;3.1;5.6;6.5;6.2;7.1,31.46,0.07,0.0,0.03,14.42,0.0,1513.0,6689.0,4,16,,,,,,,,,,,,,,,,,,,,,,,,,,,,,,,,,,,,,,,,,,,,,,,,,,,,,,,,,,,,,
44,2,,,,,,,100,73,69,15,236.3,2730,10801,39,0,8.0,1.4;4.2;1.9;2.2;0.5;0.9;44.9;34.6;1.7;6.9;34.4;55.2;1.2;0.9;0.0;0.0;0.0;0.0;0.0;0.0;0.3;0.3;1.2;0.5,31.45,0.07,0.0,4.58,14.42,0.0,0.0,1708.0,4,16,,,,,,,,,,,,,,,,,,,,,,,,,,,,,,,,,,,,,,,,,,,,,,,,,,,,,,,,,,,,,
44,3,,,,,,,100,62,71,14,236.6,2730,10801,38,0,7.7,0.6;4.0;1.7;0.9;0.8;0.5;36.5;38.9;2.2;4.9;33.5;57.2;0.6;0.8;0.0;0.0;0.3;0.0;0.3;0.0;0.0;0.0;0.2;0.0,31.44,0.07,0.0,2.34,14.42,0.0,1757.0,1367.0,4,16,,,,,,,,,,,,,,,,,,,,,,,,,,,,,,,,,,,,,,,,,,,,,,,,,,,,,,,,,,,,,
44,4,,,,,,,100,51,71,17,237.1,2730,10801,39,0,8.0,0.9;3.2;0.8;1.7;0.6;1.4;38.5;42.4;3.4;6.2;41.3;48.8;0.5;0.9;0.0;0.3;0.0;0.0;0.2;0.0;0.0;0.3;0.0;0.0,31.42,0.07,0.0,1.62,14.42,0.0,1660.0,1367.0,4,16,,,,,,,,,,,,,,,,,,,,,,,,,,,,,,,,,,,,,,,,,,,,,,,,,,,,,,,,,,,,,
44,5,,,,,,,100,72,70,14,235.2,2730,10801,38,0,7.8,0.9;2.6;0.8;1.4;0.3;0.6;36.1;34.2;3.3;4.3;36.7;65.2;0.6;0.3;0.0;0.0;0.3;0.3;0.0;0.0;0.0;0.0;0.5;0.3,31.39,0.07,0.0,2.78,14.42,0.0,292.0,1367.0,4,16,,,,,,,,,,,,,,,,,,,,,,,,,,,,,,,,,,,,,,,,,,,,,,,,,,,,,,,,,,,,,
44,6,,,,,,,100,77,71,16,237.2,2730,10801,39,0,8.1,1.9;2.8;1.7;1.2;0.8;0.9;47.4;36.5;4.9;4.8;38.4;49.9;0.3;0.5;0.0;0.2;0.2;0.3;0.2;0.0;0.0;0.3;0.5;0.0,31.4,0.07,0.0,0.03,14.42,0.0,341.0,5322.0,4,16,,,,,,,,,,,,,,,,,,,,,,,,,,,,,,,,,,,,,,,,,,,,,,,,,,,,,,,,,,,,,
44,7,,,,,,,100,70,71,14,237.2,2730,10801,39,0,8.0,1.4;3.4;1.3;1.6;1.4;1.1;40.9;32.1;4.7;4.4;44.4;53.2;0.9;0.9;0.3;0.0;0.0;0.2;0.0;0.0;0.2;0.3;0.5;0.0,31.39,0.07,0.0,0.03,14.42,0.0,927.0,1464.0,4,16,,,,,,,,,,,,,,,,,,,,,,,,,,,,,,,,,,,,,,,,,,,,,,,,,,,,,,,,,,,,,
44,8,,,,,,,100,79,70,14,233.4,2730,10801,39,0,8.3,2.0;4.5;2.0;3.0;1.6;1.4;32.8;47.7;5.8;5.9;32.9;56.1;0.6;0.6;0.0;0.0;0.0;0.0;0.2;0.0;0.3;1.1;0.2;0.0,31.39,0.07,0.0,0.01,14.42,0.0,1171.0,1416.0,4,16,,,,,,,,,,,,,,,,,,,,,,,,,,,,,,,,,,,,,,,,,,,,,,,,,,,,,,,,,,,,,
44,9,,,,,,,100,73,69,15,237.2,2730,10801,39,0,7.9,1.6;3.1;2.5;1.1;1.1;0.8;40.7;34.7;5.3;4.8;39.0;52.3;0.8;0.3;0.2;0.0;0.2;0.0;0.0;0.0;0.2;0.2;0.2;0.2,31.39,0.07,0.0,0.08,14.42,0.0,292.0,244.0,4,16,,,,,,,,,,,,,,,,,,,,,,,,,,,,,,,,,,,,,,,,,,,,,,,,,,,,,,,,,,,,,
44,10,,,,,,,100,61,70,16,236.9,2730,10801,39,0,8.2,1.7;5.8;1.3;2.3;0.5;0.3;41.7;58.3;5.6;4.2;32.3;39.2;0.8;1.1;0.0;0.2;0.0;0.0;0.0;0.0;0.3;0.0;0.0;0.0,31.39,0.07,0.0,0.02,14.42,0.0,1123.0,1513.0,4,16,,,,,,,,,,,,,,,,,,,,,,,,,,,,,,,,,,,,,,,,,,,,,,,,,,,,,,,,,,,,,
44,11,,,,,,,100,71,70,19,233.3,2730,10801,39,0,7.9,0.9;2.3;2.0;2.2;0.9;0.5;44.3;35.4;3.7;5.6;35.1;52.7;0.8;0.6;0.0;0.2;0.0;0.3;0.0;0.2;0.0;0.0;0.9;0.0,31.39,0.07,0.0,0.02,14.42,0.0,1660.0,97.0,4,16,,,,,,,,,,,,,,,,,,,,,,,,,,,,,,,,,,,,,,,,,,,,,,,,,,,,,,,,,,,,,
44,12,,,,,,,100,52,71,14,237.0,2730,10801,39,0,7.8,1.4;2.6;1.3;1.1;0.8;0.6;39.7;49.8;3.4;3.4;31.3;44.4;2.4;3.0;0.3;0.0;0.0;0.0;0.2;0.0;0.0;0.2;0.5;0.0,31.39,0.07,0.0,0.04,14.42,0.0,292.0,1708.0,4,16,,,,,,,,,,,,,,,,,,,,,,,,,,,,,,,,,,,,,,,,,,,,,,,,,,,,,,,,,,,,,
44,13,,,,,,,100,46,70,15,236.6,2730,10801,38,0,8.0,1.9;3.1;1.7;1.4;1.1;2.0;51.0;49.6;4.8;3.7;24.1;45.6;0.8;0.5;0.0;0.0;0.2;0.2;0.0;0.0;0.2;0.2;0.0;0.0,31.4,0.07,0.0,0.02,14.42,0.0,43212.0,42382.0,4,16,,,,,,,,,,,,,,,,,,,,,,,,,,,,,,,,,,,,,,,,,,,,,,,,,,,,,,,,,,,,,
44,14,,,,,,,100,54,71,14,234.0,2730,10801,39,0,8.3,1.7;5.4;3.0;2.0;1.7;2.0;48.0;41.0;3.8;4.5;30.8;51.2;1.4;0.9;0.3;0.2;0.2;0.3;0.3;0.2;0.2;0.2;0.2;0.2,31.36,0.07,0.0,0.02,14.42,0.0,1171.0,3173.0,4,16,,,,,,,,,,,,,,,,,,,,,,,,,,,,,,,,,,,,,,,,,,,,,,,,,,,,,,,,,,,,,
44,15,,,,,,,100,64,70,17,237.2,2730,10801,39,0,7.8,0.8;2.2;1.3;1.4;0.5;0.3;32.3;51.3;4.5;2.8;37.4;50.6;0.6;0.6;0.0;0.0;0.0;0.0;0.0;0.0;0.0;0.0;0.0;0.0,31.34,0.07,0.0,0.03,14.42,0.0,1416.0,0.0,4,16,,,,,,,,,,,,,,,,,,,,,,,,,,,,,,,,,,,,,,,,,,,,,,,,,,,,,,,,,,,,,
44,16,,,,,,,100,74,71,14,237.1,2730,10801,39,0,7.7,0.6;2.8;1.1;1.2;0.3;0.5;50.9;25.5;4.5;2.0;46.4;47.7;0.5;0.8;0.0;0.0;0.2;0.2;0.0;0.0;0.0;0.0;0.0;0.0,31.38,0.07,0.0,0.02,14.42,0.0,1464.0,8740.0,4,16,,,,,,,,,,,,,,,,,,,,,,,,,,,,,,,,,,,,,,,,,,,,,,,,,,,,,,,,,,,,,
44,17,,,,,,,100,61,68,15,235.7,2730,10801,39,0,8.2,1.7;4.3;2.2;1.4;1.1;1.4;54.1;31.9;8.4;4.1;34.8;48.6;1.1;0.8;0.0;0.0;0.0;0.0;0.0;0.0;0.0;0.3;0.0;0.3,31.39,0.07,0.0,0.02,14.42,0.0,47705.0,7031.0,4,16,,,,,,,,,,,,,,,,,,,,,,,,,,,,,,,,,,,,,,,,,,,,,,,,,,,,,,,,,,,,,
44,18,,,,,,,100,62,69,16,238.3,2730,10801,39,0,8.1,0.5;3.4;2.2;0.8;0.6;0.5;45.4;40.0;4.7;3.3;41.5;47.5;0.8;1.1;0.0;0.0;0.0;0.0;0.0;0.0;0.0;1.2;0.0;0.2,31.36,0.07,0.0,0.04,14.42,0.0,0.0,1757.0,4,16,,,,,,,,,,,,,,,,,,,,,,,,,,,,,,,,,,,,,,,,,,,,,,,,,,,,,,,,,,,,,
44,19,,,,,,,100,78,70,16,237.5,2730,10801,39,0,8.2,2.5;3.9;1.9;1.3;0.3;0.5;42.1;39.4;7.2;4.2;42.6;47.5;1.1;0.8;0.0;0.0;0.2;0.2;0.0;0.2;0.2;0.3;0.2;0.5,31.38,0.07,0.0,0.02,14.42,0.0,1416.0,48.0,4,16,,,,,,,,,,,,,,,,,,,,,,,,,,,,,,,,,,,,,,,,,,,,,,,,,,,,,,,,,,,,,
44,20,,,,,,,100,76,70,14,238.5,2730,10801,39,0,8.3,0.9;4.8;1.9;2.2;0.9;0.2;54.0;38.3;7.5;3.3;36.3;45.9;0.3;0.9;0.0;0.2;0.2;0.0;0.0;0.2;0.0;0.5;0.0;0.2,31.39,0.07,0.0,0.21,14.42,0.0,0.0,5468.0,4,16,,,,,,,,,,,,,,,,,,,,,,,,,,,,,,,,,,,,,,,,,,,,,,,,,,,,,,,,,,,,,
44,21,,,,,,,100,76,70,14,238.7,2730,10801,39,0,7.8,1.1;3.5;1.9;1.1;0.5;0.8;32.6;36.9;4.2;4.1;35.8;62.1;0.9;0.5;0.0;0.0;0.2;0.0;0.0;0.0;0.0;0.0;0.3;0.0,31.36,0.07,0.0,0.03,14.42,0.0,0.0,1757.0,4,16,,,,,,,,,,,,,,,,,,,,,,,,,,,,,,,,,,,,,,,,,,,,,,,,,,,,,,,,,,,,,
44,22,,,,,,,100,84,68,15,238.3,2730,10801,39,0,8.1,0.9;4.6;1.6;1.4;0.6;1.7;48.4;40.8;4.5;4.2;39.9;40.5;0.8;1.3;0.2;0.0;0.3;0.2;0.0;0.2;0.5;0.0;0.6;0.2,31.38,0.07,0.0,0.02,14.42,0.0,3466.0,0.0,4,16,,,,,,,,,,,,,,,,,,,,,,,,,,,,,,,,,,,,,,,,,,,,,,,,,,,,,,,,,,,,,
44,23,,,,,,,100,84,68,16,238.6,2730,10801,39,0,8.0,1.6;4.2;1.3;1.6;0.6;0.2;49.3;39.6;5.2;5.8;30.9;49.3;0.6;0.6;0.0;0.0;0.6;0.8;0.0;0.0;0.0;0.0;0.2;0.2,31.38,0.07,0.0,0.02,14.42,0.0,14599.0,439.0,4,16,,,,,,,,,,,,,,,,,,,,,,,,,,,,,,,,,,,,,,,,,,,,,,,,,,,,,,,,,,,,,
44,24,,,,,,,100,82,67,19,237.8,2730,10801,39,0,8.0,0.8;4.7;1.7;0.9;0.6;0.3;30.2;44.5;5.6;3.4;44.5;52.5;0.3;0.8;0.0;0.0;0.2;0.3;0.0;0.2;0.0;0.0;0.3;0.0,31.37,0.07,0.0,0.03,14.42,0.0,31787.0,122167.0,4,16,,,,,,,,,,,,,,,,,,,,,,,,,,,,,,,,,,,,,,,,,,,,,,,,,,,,,,,,,,,,,
44,25,,,,,,,100,86,65,13,238.0,2730,10801,39,0,8.0,1.6;4.8;1.9;0.6;0.2;0.5;31.7;43.1;3.6;5.2;32.7;60.7;0.6;0.5;0.9;0.6;0.5;0.2;0.2;0.0;0.2;0.6;0.2;0.3,31.38,0.07,0.0,0.02,14.42,0.0,0.0,13916.0,4,16,,,,,,,,,,,,,,,,,,,,,,,,,,,,,,,,,,,,,,,,,,,,,,,,,,,,,,,,,,,,,
44,26,,,,,,,100,62,68,16,238.0,2730,10801,39,0,8.1,1.4;4.9;3.0;2.0;0.6;0.6;42.8;41.6;4.9;3.8;36.2;49.8;0.5;0.9;0.0;0.0;0.0;0.2;0.0;0.0;0.0;0.0;0.2;0.0,31.38,0.07,0.0,0.02,14.42,0.0,1220.0,1562.0,4,16,,,,,,,,,,,,,,,,,,,,,,,,,,,,,,,,,,,,,,,,,,,,,,,,,,,,,,,,,,,,,
44,27,,,,,,,100,83,68,13,235.7,2730,10801,39,0,8.2,2.2;5.0;2.0;1.7;0.8;0.6;37.0;34.2;3.7;3.4;52.5;49.8;0.8;0.6;0.2;0.2;0.2;0.0;0.2;0.0;0.0;0.3;0.0;0.2,31.37,0.07,0.0,0.04,14.42,0.0,781.0,6982.0,4,16,,,,,,,,,,,,,,,,,,,,,,,,,,,,,,,,,,,,,,,,,,,,,,,,,,,,,,,,,,,,,
44,28,,,,,,,100,60,68,16,237.9,2730,10801,39,0,8.1,1.6;3.1;1.6;2.0;1.4;0.6;50.0;33.0;6.2;6.1;48.1;37.4;0.8;0.6;0.0;0.0;0.3;0.0;0.0;0.0;0.3;0.8;0.2;0.0,31.37,0.07,0.0,0.02,14.42,0.0,830.0,0.0,4,16,,,,,,,,,,,,,,,,,,,,,,,,,,,,,,,,,,,,,,,,,,,,,,,,,,,,,,,,,,,,,
44,29,,,,,,,100,89,64,20,238.0,2730,10801,39,0,8.4,2.2;6.4;3.3;3.1;0.6;0.6;43.4;27.0;3.3;6.4;39.6;63.5;0.8;0.6;0.0;0.0;0.3;0.0;0.0;0.2;0.0;0.3;0.5;0.5,31.38,0.07,0.0,0.03,14.42,0.0,1660.0,48.0,4,16,,,,,,,,,,,,,,,,,,,,,,,,,,,,,,,,,,,,,,,,,,,,,,,,,,,,,,,,,,,,,
44,30,,,,,,,100,74,69,19,233.6,2730,10801,39,0,5.8,0.5;3.5;0.6;2.5;0.5;0.2;27.1;18.7;1.7;2.3;32.9;48.7;0.0;0.3;0.0;0.0;0.0;0.0;0.0;0.0;0.0;0.0;0.0;0.0,31.37,0.07,0.0,0.03,14.42,0.0,1660.0,1367.0,4,16,,,,,,,,,,,,,,,,,,,,,,,,,,,,,,,,,,,,,,,,,,,,,,,,,,,,,,,,,,,,,
44,31,,,,,,,100,74,69,19,237.2,2730,10801,39,0,6.0,1.5;3.6;2.4;0.7;0.7;2.4;50.1;33.9;2.4;3.9;25.5;11.2;0.5;0.5;0.2;0.0;0.2;0.2;0.0;2.4;0.0;0.0;0.5;0.0,31.37,0.07,0.0,0.02,14.42,0.0,0.0,5126.0,4,16,,,,,,,,,,,,,,,,,,,,,,,,,,,,,,,,,,,,,,,,,,,,,,,,,,,,,,,,,,,,,
44,summary,0.3129229895630139,0.9922053612904989,0.28348076367378233,0.9996666666666667,0.00100000,313.4,,,,,,,,,,,,,,,,,,,,,,100,100.0,100,46,69.94,89,64,69.16,71,13,15.61,20,127.5,233.28,238.7,2730.5,10801.0,38.9,0,5.8,8.31,20.9,31.34,31.39,31.46,63.16,0.07,0.07,0.07,16.0,0.0,0.0,0.0,0.01,0.39,4.58,11.015,16.348,14.42,14.42,14.42,15.992,0.0,0.0,0.0,0.0,5271.45,47705.0,0.0,7942.74,122167.0,4,4.0,4,16,16.0,16,4,16,5.95,291.14
45,1,,,,,,,100,55,68,18,143.8,2730,10801,38,0,21.0,17.2;19.4;23.0;23.7;20.0;21.7;50.5;58.6;24.5;27.9;61.0;68.4;14.7;16.2;4.7;5.3;8.1;8.1;3.3;3.3;5.4;6.2;6.1;6.0,31.52,0.07,0.0,0.05,14.42,0.0,1269.0,5566.0,4,16,,,,,,,,,,,,,,,,,,,,,,,,,,,,,,,,,,,,,,,,,,,,,,,,,,,,,,,,,,,,,
45,2,,,,,,,100,46,71,17,237.5,2730,10801,39,0,8.2,1.7;3.1;1.7;1.3;0.5;0.9;55.0;41.9;5.5;5.0;34.3;42.8;0.8;0.3;0.3;0.2;0.0;0.0;0.2;0.2;0.2;0.0;0.2;0.5,31.41,0.07,0.0,2.76,14.42,0.0,341.0,1806.0,4,16,,,,,,,,,,,,,,,,,,,,,,,,,,,,,,,,,,,,,,,,,,,,,,,,,,,,,,,,,,,,,
45,3,,,,,,,100,57,70,14,237.5,2730,10801,38,0,7.8,0.8;2.9;0.8;1.3;0.8;0.6;49.5;35.6;3.6;5.6;37.1;45.8;0.6;0.6;0.0;0.5;0.2;0.2;0.0;0.0;0.0;0.0;0.0;0.0,31.41,0.07,0.0,1.92,14.42,0.0,1025.0,0.0,4,16,,,,,,,,,,,,,,,,,,,,,,,,,,,,,,,,,,,,,,,,,,,,,,,,,,,,,,,,,,,,,
45,4,,,,,,,100,55,70,16,239.5,2730,10801,38,0,7.9,1.3;5.2;0.8;1.3;0.9;0.6;52.7;40.3;3.1;4.9;32.0;45.7;0.6;0.3;0.0;0.0;0.0;0.0;0.0;0.0;0.0;0.0;0.3;0.0,31.39,0.07,0.0,2.91,14.42,0.0,30664.0,195.0,4,16,,,,,,,,,,,,,,,,,,,,,,,,,,,,,,,,,,,,,,,,,,,,,,,,,,,,,,,,,,,,,
45,5,,,,,,,100,48,69,14,236.8,2730,10801,38,0,7.9,1.1;2.6;1.9;0.8;0.2;0.3;51.4;34.1;4.3;4.7;52.2;32.6;0.6;0.5;0.0;0.0;0.0;0.2;0.0;0.2;0.3;0.0;0.0;0.3,31.4,0.07,0.0,0.03,14.42,0.0,537.0,4882.0,4,16,,,,,,,,,,,,,,,,,,,,,,,,,,,,,,,,,,,,,,,,,,,,,,,,,,,,,,,,,,,,,
45,6,,,,,,,100,75,70,15,238.2,2730,10801,38,0,8.2,2.0;3.9;2.5;2.2;0.9;1.6;45.3;47.7;5.3;3.8;30.0;49.0;1.2;0.8;0.2;0.2;0.2;0.0;0.0;0.0;0.0;0.2;0.5;0.2,31.4,0.07,0.0,0.03,14.42,0.0,341.0,390.0,4,16,,,,,,,,,,,,,,,,,,,,,,,,,,,,,,,,,,,,,,,,,,,,,,,,,,,,,,,,,,,,,
45,7,,,,,,,100,81,70,20,239.2,2730,10801,38,0,8.3,1.9;6.3;3.3;3.3;1.1;0.9;47.2;37.0;3.8;4.4;45.1;43.0;0.5;0.5;0.0;0.0;0.3;0.0;0.0;0.0;0.3;0.2;0.0;0.2,31.39,0.07,0.0,0.03,14.42,0.0,1464.0,1513.0,4,16,,,,,,,,,,,,,,,,,,,,,,,,,,,,,,,,,,,,,,,,,,,,,,,,,,,,,,,,,,,,,
45,8,,,,,,,100,72,69,15,235.8,2730,10801,38,0,7.7,1.1;2.5;1.6;1.6;0.3;0.5;60.8;37.9;4.2;2.8;36.3;33.9;0.8;0.3;0.3;0.0;0.6;0.0;0.0;0.0;0.0;0.0;0.0;0.2,31.39,0.07,0.0,0.01,14.42,0.0,927.0,1416.0,4,16,,,,,,,,,,,,,,,,,,,,,,,,,,,,,,,,,,,,,,,,,,,,,,,,,,,,,,,,,,,,,
45,9,,,,,,,100,83,69,15,238.2,2730,10801,39,0,8.2,0.8;4.2;2.3;1.4;0.5;0.5;48.1;43.1;6.4;6.9;41.1;39.4;0.9;0.6;0.0;0.0;0.0;0.0;0.2;0.2;0.0;0.0;0.2;0.0,31.38,0.07,0.0,0.04,14.42,0.0,1269.0,1416.0,4,16,,,,,,,,,,,,,,,,,,,,,,,,,,,,,,,,,,,,,,,,,,,,,,,,,,,,,,,,,,,,,
45,10,,,,,,,100,83,68,14,238.1,2730,10801,39,0,8.5,2.3;5.2;2.7;2.2;0.3;1.7;40.8;45.1;3.8;5.3;38.9;51.8;0.8;1.3;0.2;0.3;0.3;0.2;0.3;0.0;0.5;0.2;0.2;0.5,31.4,0.07,0.01,0.11,14.42,0.0,2294.0,439.0,4,16,,,,,,,,,,,,,,,,,,,,,,,,,,,,,,,,,,,,,,,,,,,,,,,,,,,,,,,,,,,,,
45,11,,,,,,,100,72,70,15,233.7,2730,10801,38,0,8.0,2.3;7.7;2.8;1.7;0.5;0.8;55.8;43.3;4.8;4.7;30.7;36.2;0.5;0.6;0.0;0.0;0.0;0.0;0.0;0.0;0.2;0.0;0.2;0.0,31.39,0.07,0.0,0.02,14.42,0.0,1123.0,1562.0,4,16,,,,,,,,,,,,,,,,,,,,,,,,,,,,,,,,,,,,,,,,,,,,,,,,,,,,,,,,,,,,,
45,12,,,,,,,100,73,71,15,237.8,2730,10801,38,0,7.9,1.4;3.4;1.4;0.8;0.9;1.1;51.3;36.6;3.0;5.2;39.2;42.9;0.9;0.6;0.0;0.2;0.0;0.0;0.0;0.0;0.0;0.0;0.3;0.2,31.4,0.07,0.0,0.02,14.42,0.0,2099.0,1757.0,4,16,,,,,,,,,,,,,,,,,,,,,,,,,,,,,,,,,,,,,,,,,,,,,,,,,,,,,,,,,,,,,
45,13,,,,,,,100,69,70,17,237.6,2730,10801,39,0,8.0,0.9;3.1;2.3;1.3;0.8;0.3;45.0;44.5;5.0;2.8;38.7;45.2;0.8;0.5;0.0;0.0;0.0;0.0;0.0;0.0;0.0;0.0;0.0;0.0,31.4,0.07,0.0,0.02,14.42,0.0,14501.0,16455.0,4,16,,,,,,,,,,,,,,,,,,,,,,,,,,,,,,,,,,,,,,,,,,,,,,,,,,,,,,,,,,,,,
45,14,,,,,,,100,62,70,16,234.1,2730,10801,38,0,7.9,2.0;4.5;0.9;1.6;0.6;0.3;57.4;34.7;4.8;3.3;29.6;46.7;0.6;0.6;0.0;0.2;0.3;0.2;0.0;0.0;0.2;0.2;0.3;0.0,31.4,0.07,0.0,0.02,14.42,0.0,3271.0,0.0,4,16,,,,,,,,,,,,,,,,,,,,,,,,,,,,,,,,,,,,,,,,,,,,,,,,,,,,,,,,,,,,,
45,15,,,,,,,100,57,70,21,237.6,2730,10801,39,0,8.2,1.4;4.3;2.3;1.1;1.6;0.8;51.2;48.1;7.0;3.6;37.5;35.7;0.3;0.9;0.2;0.2;0.2;0.0;0.0;0.2;0.2;0.0;0.2;0.0,31.4,0.07,0.0,0.05,14.42,0.0,0.0,1416.0,4,16,,,,,,,,,,,,,,,,,,,,,,,,,,,,,,,,,,,,,,,,,,,,,,,,,,,,,,,,,,,,,
45,16,,,,,,,100,57,71,20,237.5,2730,10801,39,0,8.0,1.4;3.7;3.1;1.4;1.4;0.5;44.5;28.7;5.4;3.4;39.3;56.9;0.9;0.5;0.2;0.0;0.0;0.0;0.0;0.0;0.0;0.3;0.0;0.2,31.39,0.07,0.0,0.02,14.42,0.0,14355.0,1513.0,4,16,,,,,,,,,,,,,,,,,,,,,,,,,,,,,,,,,,,,,,,,,,,,,,,,,,,,,,,,,,,,,
45,17,,,,,,,100,53,70,19,237.4,2730,10801,39,0,7.9,0.8;5.5;2.3;1.2;0.8;0.5;53.3;37.5;3.9;1.2;37.3;43.8;0.3;0.9;0.0;0.0;0.2;0.2;0.0;0.0;0.2;0.3;0.3;0.2,31.38,0.07,0.0,0.03,14.42,0.0,3710.0,5810.0,4,16,,,,,,,,,,,,,,,,,,,,,,,,,,,,,,,,,,,,,,,,,,,,,,,,,,,,,,,,,,,,,
45,18,,,,,,,100,68,71,21,237.2,2730,10801,39,0,8.2,1.6;3.5;3.1;2.6;0.8;0.2;54.0;40.7;5.3;5.1;26.3;49.8;0.8;0.9;0.2;0.2;0.2;0.2;0.0;0.0;0.0;0.6;0.5;0.0,31.37,0.07,0.01,0.04,14.42,0.0,292.0,1513.0,4,16,,,,,,,,,,,,,,,,,,,,,,,,,,,,,,,,,,,,,,,,,,,,,,,,,,,,,,,,,,,,,
45,19,,,,,,,98,79,69,20,237.8,2730,10801,39,0,7.9,0.6;3.9;1.6;1.1;0.5;0.3;45.5;21.4;5.5;5.0;45.4;57.2;0.5;0.6;0.0;0.0;0.0;0.0;0.0;0.0;0.0;0.0;0.0;0.0,31.38,0.07,0.0,0.04,14.42,0.0,1123.0,1464.0,4,16,,,,,,,,,,,,,,,,,,,,,,,,,,,,,,,,,,,,,,,,,,,,,,,,,,,,,,,,,,,,,
45,20,,,,,,,100,73,71,14,237.4,2730,10801,39,0,8.0,1.4;2.8;2.2;1.2;1.2;1.7;60.6;43.3;3.6;5.6;26.1;38.5;0.9;0.8;0.3;0.0;0.0;0.3;0.0;0.3;0.0;0.5;0.5;0.3,31.37,0.07,0.0,0.03,14.42,0.0,3515.0,3857.0,4,16,,,,,,,,,,,,,,,,,,,,,,,,,,,,,,,,,,,,,,,,,,,,,,,,,,,,,,,,,,,,,
45,21,,,,,,,98,80,70,15,237.0,2730,10801,39,0,8.0,1.2;4.3;2.2;0.8;0.5;1.2;49.6;49.6;3.9;3.7;30.5;41.2;0.8;0.6;0.3;0.5;0.3;0.2;0.0;0.0;0.2;0.0;0.2;0.3,31.38,0.07,0.0,0.13,14.42,0.0,12304.0,16992.0,4,16,,,,,,,,,,,,,,,,,,,,,,,,,,,,,,,,,,,,,,,,,,,,,,,,,,,,,,,,,,,,,
45,22,,,,,,,98,80,70,16,237.5,2730,10801,39,0,8.2,1.7;5.5;3.4;1.7;0.8;0.6;38.7;41.0;5.6;4.7;40.0;50.0;0.6;0.8;0.0;0.0;0.0;0.0;0.2;0.2;0.2;0.5;0.3;0.0,31.37,0.07,0.0,0.04,14.42,0.0,585.0,0.0,4,16,,,,,,,,,,,,,,,,,,,,,,,,,,,,,,,,,,,,,,,,,,,,,,,,,,,,,,,,,,,,,
45,23,,,,,,,98,81,69,14,237.2,2730,10801,39,0,8.0,1.6;4.4;1.6;1.7;0.3;0.8;47.0;32.2;3.3;3.9;36.4;56.7;0.5;0.6;0.0;0.0;0.0;0.2;0.0;0.0;0.2;0.2;0.2;0.2,31.36,0.07,0.0,0.04,14.42,0.0,1123.0,1367.0,4,16,,,,,,,,,,,,,,,,,,,,,,,,,,,,,,,,,,,,,,,,,,,,,,,,,,,,,,,,,,,,,
45,24,,,,,,,100,81,67,14,235.3,2730,10801,39,0,8.4,2.5;5.6;2.0;2.0;0.9;1.6;44.3;51.6;7.3;6.1;36.8;35.9;1.2;0.6;0.0;0.0;0.6;0.3;0.2;0.0;0.6;0.3;0.3;0.0,31.36,0.07,0.0,0.02,14.42,0.0,537.0,732.0,4,16,,,,,,,,,,,,,,,,,,,,,,,,,,,,,,,,,,,,,,,,,,,,,,,,,,,,,,,,,,,,,
45,25,,,,,,,100,87,67,15,238.0,2730,10801,39,0,7.8,1.1;2.0;0.5;1.7;0.9;0.8;38.0;35.8;5.3;3.9;34.1;59.0;0.8;0.9;0.2;0.0;0.0;0.0;0.0;0.0;0.2;0.3;0.6;0.0,31.38,0.07,0.0,0.03,14.42,0.0,1464.0,0.0,4,16,,,,,,,,,,,,,,,,,,,,,,,,,,,,,,,,,,,,,,,,,,,,,,,,,,,,,,,,,,,,,
45,26,,,,,,,100,65,70,13,238.0,2730,10801,39,0,8.1,2.5;3.9;2.7;1.7;0.9;0.3;47.0;31.0;6.6;2.7;44.0;46.5;0.9;0.6;0.0;0.0;0.0;0.3;0.0;0.0;0.6;0.6;0.2;0.0,31.36,0.07,0.0,0.02,14.42,0.0,2783.0,0.0,4,16,,,,,,,,,,,,,,,,,,,,,,,,,,,,,,,,,,,,,,,,,,,,,,,,,,,,,,,,,,,,,
45,27,,,,,,,100,54,71,14,233.1,2730,10801,39,0,8.0,1.4;6.5;3.7;1.2;0.8;0.0;52.6;44.5;6.4;4.5;34.5;34.5;0.5;0.5;0.0;0.2;0.2;0.2;0.0;0.2;0.0;0.0;0.2;0.2,31.38,0.07,0.0,0.05,14.42,0.0,292.0,1757.0,4,16,,,,,,,,,,,,,,,,,,,,,,,,,,,,,,,,,,,,,,,,,,,,,,,,,,,,,,,,,,,,,
45,28,,,,,,,100,58,68,14,237.1,2730,10801,39,0,8.2,3.1;3.6;3.3;2.0;0.5;0.5;44.0;38.1;3.3;3.3;44.6;46.9;0.6;0.8;0.0;0.2;0.0;0.2;0.2;0.0;0.3;0.0;0.3;0.3,31.36,0.07,0.0,0.02,14.42,0.0,1123.0,1416.0,4,16,,,,,,,,,,,,,,,,,,,,,,,,,,,,,,,,,,,,,,,,,,,,,,,,,,,,,,,,,,,,,
45,29,,,,,,,100,63,71,16,238.3,2730,10801,39,0,8.1,1.1;4.5;3.0;1.6;0.8;0.6;51.4;36.4;5.6;5.8;35.3;44.9;0.5;0.6;0.0;0.3;0.0;0.0;0.3;0.0;0.0;0.0;0.2;0.2,31.37,0.07,0.0,0.03,14.42,0.0,1611.0,390.0,4,16,,,,,,,,,,,,,,,,,,,,,,,,,,,,,,,,,,,,,,,,,,,,,,,,,,,,,,,,,,,,,
45,30,,,,,,,100,84,71,19,234.2,2730,10801,39,0,6.2,1.9;4.3;1.6;1.6;0.8;0.5;40.7;47.0;2.5;3.3;27.3;16.0;0.6;0.0;0.0;0.0;0.0;0.0;0.0;0.0;0.0;0.0;0.0;0.0,31.34,0.07,0.0,0.03,14.42,0.0,781.0,1367.0,4,16,,,,,,,,,,,,,,,,,,,,,,,,,,,,,,,,,,,,,,,,,,,,,,,,,,,,,,,,,,,,,
45,31,,,,,,,99,83,69,14,236.7,2730,10801,39,0,5.7,0.5;3.4;1.2;1.2;1.2;0.7;21.1;57.7;2.7;2.0;29.0;14.5;0.0;0.2;0.0;0.0;0.2;0.2;0.2;0.0;0.0;0.0;0.2;0.2,31.37,0.07,0.0,0.01,14.42,0.0,1123.0,1464.0,4,16,,,,,,,,,,,,,,,,,,,,,,,,,,,,,,,,,,,,,,,,,,,,,,,,,,,,,,,,,,,,,
45,summary,0.3129518237522613,0.9921370471913796,0.2834249169561598,0.9996666666666667,0.00100000,313.7,,,,,,,,,,,,,,,,,,,,,,98,99.71,100,46,68.84,87,67,69.68,71,13,16.13,21,143.8,234.04,239.5,2730.0,10801.0,38.7,0,5.7,8.34,21.0,31.34,31.39,31.52,63.16,0.07,0.07,0.07,16.0,0.0,0.0,0.01,0.01,0.28,2.91,11.015,16.348,14.42,14.42,14.42,15.992,0.0,0.0,0.0,0.0,3478.9,30664.0,0.0,2530.81,16992.0,4,4.0,4,16,16.0,16,4,16,6.46,291.15
46,1,,,,,,,100,85,66,17,129.1,2730,10801,39,0,21.6,19.3;22.8;24.1;22.1;20.7;22.1;57.8;66.4;24.5;26.5;64.7;54.6;14.7;15.1;4.4;4.5;9.4;11.2;3.0;3.1;8.3;8.0;4.7;5.2,31.5,0.07,0.0,0.05,14.42,0.0,2001.0,5371.0,4,16,,,,,,,,,,,,,,,,,,,,,,,,,,,,,,,,,,,,,,,,,,,,,,,,,,,,,,,,,,,,,
46,2,,,,,,,100,79,70,17,239.0,2730,10801,39,0,8.0,1.1;3.4;2.2;3.8;1.1;0.6;42.9;38.0;3.9;5.6;30.6;54.7;1.3;0.9;0.2;0.2;0.3;0.2;0.0;0.3;0.0;0.3;0.0;0.3,31.46,0.07,0.0,4.99,14.42,0.0,1123.0,1513.0,4,16,,,,,,,,,,,,,,,,,,,,,,,,,,,,,,,,,,,,,,,,,,,,,,,,,,,,,,,,,,,,,
46,3,,,,,,,100,84,69,15,239.0,2730,10801,39,0,7.9,1.4;4.2;2.7;1.4;0.9;0.8;46.2;42.8;4.5;4.7;38.1;40.2;0.6;0.5;0.0;0.0;0.0;0.0;0.2;0.0;0.0;0.0;0.0;0.0,31.44,0.07,0.0,2.26,14.42,0.0,634.0,1611.0,4,16,,,,,,,,,,,,,,,,,,,,,,,,,,,,,,,,,,,,,,,,,,,,,,,,,,,,,,,,,,,,,
46,4,,,,,,,100,86,70,14,239.0,2730,10801,39,0,8.1,1.2;5.7;2.2;2.0;0.5;0.8;45.2;38.5;2.8;3.6;50.2;39.2;0.5;1.2;0.0;0.0;0.5;0.0;0.0;0.0;0.2;0.5;0.2;0.0,31.41,0.07,0.0,1.54,14.42,0.0,781.0,390.0,4,16,,,,,,,,,,,,,,,,,,,,,,,,,,,,,,,,,,,,,,,,,,,,,,,,,,,,,,,,,,,,,
46,5,,,,,,,100,84,69,16,238.9,2730,10801,39,0,8.3,2.3;4.4;2.2;1.2;0.5;1.2;39.7;45.2;5.8;5.5;40.8;47.6;1.1;0.8;0.0;0.0;0.2;0.0;0.3;0.0;0.0;0.3;0.0;0.0,31.39,0.07,0.0,2.6,14.42,0.0,292.0,1757.0,4,16,,,,,,,,,,,,,,,,,,,,,,,,,,,,,,,,,,,,,,,,,,,,,,,,,,,,,,,,,,,,,
46,6,,,,,,,100,86,71,15,238.5,2730,10801,39,0,8.2,1.4;3.3;3.4;0.8;2.3;0.6;56.3;36.5;4.5;5.5;35.8;42.9;0.5;0.8;0.0;0.0;0.2;0.5;0.0;0.0;0.2;0.2;0.5;0.3,31.39,0.07,0.01,0.06,14.42,0.0,1416.0,9570.0,4,16,,,,,,,,,,,,,,,,,,,,,,,,,,,,,,,,,,,,,,,,,,,,,,,,,,,,,,,,,,,,,
46,7,,,,,,,100,87,71,19,238.8,2730,10801,39,0,8.0,2.2;4.3;1.9;1.7;1.2;0.5;51.2;42.8;4.7;4.7;41.5;32.3;1.1;0.6;0.3;0.2;0.0;0.2;0.2;0.0;0.6;0.3;0.3;0.2,31.39,0.07,0.0,0.04,14.42,0.0,1123.0,1367.0,4,16,,,,,,,,,,,,,,,,,,,,,,,,,,,,,,,,,,,,,,,,,,,,,,,,,,,,,,,,,,,,,
46,8,,,,,,,100,85,67,13,236.1,2730,10801,39,0,8.2,2.3;4.5;2.3;1.9;0.9;1.2;43.9;38.9;3.7;8.1;33.5;51.4;0.8;0.8;0.3;0.2;0.2;0.2;0.0;0.0;0.8;0.6;0.5;0.0,31.37,0.07,0.0,0.02,14.42,0.0,1318.0,48.0,4,16,,,,,,,,,,,,,,,,,,,,,,,,,,,,,,,,,,,,,,,,,,,,,,,,,,,,,,,,,,,,,
46,9,,,,,,,100,86,65,14,238.6,2730,10801,39,0,8.4,2.0;4.9;2.3;1.7;1.4;3.0;52.0;45.0;4.9;5.3;38.9;34.3;0.6;0.6;0.3;0.2;0.0;0.0;0.0;0.0;0.8;0.3;0.8;0.8,31.4,0.07,0.0,0.05,14.42,0.0,0.0,1806.0,4,16,,,,,,,,,,,,,,,,,,,,,,,,,,,,,,,,,,,,,,,,,,,,,,,,,,,,,,,,,,,,,
46,10,,,,,,,100,68,71,15,238.4,2730,10801,39,0,8.0,1.7;4.2;3.1;1.6;0.0;0.5;39.5;45.0;3.1;6.9;38.5;46.0;0.5;0.3;0.0;0.0;0.0;0.0;0.0;0.2;0.2;0.0;0.0;0.2,31.4,0.07,0.0,0.03,14.42,0.0,537.0,1367.0,4,16,,,,,,,,,,,,,,,,,,,,,,,,,,,,,,,,,,,,,,,,,,,,,,,,,,,,,,,,,,,,,
46,11,,,,,,,100,62,70,15,236.2,2730,10801,39,0,8.2,1.4;5.0;2.2;2.3;0.8;0.9;41.2;41.1;4.8;4.5;38.7;50.5;0.9;0.9;0.0;0.3;0.5;0.0;0.0;0.3;0.0;0.3;0.2;0.2,31.38,0.07,0.0,0.03,14.42,0.0,244.0,1660.0,4,16,,,,,,,,,,,,,,,,,,,,,,,,,,,,,,,,,,,,,,,,,,,,,,,,,,,,,,,,,,,,,
46,12,,,,,,,100,65,71,19,237.8,2730,10801,39,0,7.5,1.3;2.2;0.9;2.0;0.2;0.0;49.2;34.3;3.8;4.7;27.6;54.3;0.5;0.3;0.0;0.0;0.2;0.0;0.2;0.0;0.0;0.3;0.0;0.0,31.36,0.07,0.0,0.05,14.42,0.0,1464.0,0.0,4,16,,,,,,,,,,,,,,,,,,,,,,,,,,,,,,,,,,,,,,,,,,,,,,,,,,,,,,,,,,,,,
46,13,,,,,,,100,76,70,14,238.7,2730,10801,39,0,8.0,1.6;2.8;2.0;1.4;0.9;1.2;44.6;36.7;3.8;5.2;41.8;47.8;0.6;0.8;0.0;0.2;0.2;0.0;0.0;0.0;0.0;0.0;0.0;0.3,31.4,0.07,0.0,0.02,14.42,0.0,2148.0,1367.0,4,16,,,,,,,,,,,,,,,,,,,,,,,,,,,,,,,,,,,,,,,,,,,,,,,,,,,,,,,,,,,,,
46,14,,,,,,,100,71,69,16,237.5,2730,10801,39,0,8.4,1.7;4.3;2.6;2.2;0.8;1.2;46.2;45.7;4.7;3.1;42.1;42.6;1.2;1.1;0.6;0.3;0.5;0.3;0.0;0.2;0.0;0.2;0.2;0.0,31.39,0.07,0.0,0.05,14.42,0.0,54296.0,5273.0,4,16,,,,,,,,,,,,,,,,,,,,,,,,,,,,,,,,,,,,,,,,,,,,,,,,,,,,,,,,,,,,,
46,15,,,,,,,100,71,69,13,237.9,2730,10801,39,0,7.9,0.9;3.6;1.4;0.5;0.6;0.3;58.8;40.0;6.6;3.4;30.7;38.0;0.6;0.8;0.3;0.5;0.2;0.2;0.0;0.0;0.0;0.8;0.2;0.3,31.38,0.07,0.0,0.03,14.42,0.0,1660.0,195.0,4,16,,,,,,,,,,,,,,,,,,,,,,,,,,,,,,,,,,,,,,,,,,,,,,,,,,,,,,,,,,,,,
46,16,,,,,,,100,77,69,16,237.8,2730,10801,39,0,8.3,1.6;6.1;2.0;1.6;1.2;0.6;58.7;43.4;4.5;2.2;30.5;41.7;1.3;0.6;0.3;0.3;0.0;0.0;0.0;0.2;0.0;0.2;0.2;0.5,31.38,0.07,0.0,0.01,14.42,0.0,33203.0,106787.0,4,16,,,,,,,,,,,,,,,,,,,,,,,,,,,,,,,,,,,,,,,,,,,,,,,,,,,,,,,,,,,,,
46,17,,,,,,,100,77,70,20,238.6,2730,10801,39,0,7.8,1.1;4.3;2.0;1.1;0.3;0.5;41.8;37.2;4.7;3.3;35.0;53.1;1.4;1.1;0.0;0.0;0.2;0.0;0.0;0.0;0.2;0.0;0.5;0.5,31.38,0.07,0.0,0.02,14.42,0.0,4003.0,116308.0,4,16,,,,,,,,,,,,,,,,,,,,,,,,,,,,,,,,,,,,,,,,,,,,,,,,,,,,,,,,,,,,,
46,18,,,,,,,100,76,70,13,238.6,2730,10801,39,0,8.1,1.3;4.8;2.7;1.4;0.3;0.5;54.2;37.2;3.6;3.7;37.7;43.0;0.6;0.3;0.0;0.0;0.0;0.0;0.2;0.3;0.0;0.2;0.3;0.2,31.39,0.07,0.0,0.02,14.42,0.0,31152.0,1757.0,4,16,,,,,,,,,,,,,,,,,,,,,,,,,,,,,,,,,,,,,,,,,,,,,,,,,,,,,,,,,,,,,
46,19,,,,,,,100,71,70,14,238.8,2730,10801,39,0,8.0,1.7;4.2;1.7;2.8;0.5;0.6;43.2;39.1;5.7;3.1;47.2;41.6;0.6;0.6;0.0;0.2;0.0;0.0;0.0;0.0;0.0;0.0;0.0;0.0,31.36,0.07,0.0,0.08,14.42,0.0,1171.0,1416.0,4,16,,,,,,,,,,,,,,,,,,,,,,,,,,,,,,,,,,,,,,,,,,,,,,,,,,,,,,,,,,,,,
46,20,,,,,,,100,87,68,15,239.2,2730,10801,39,0,8.0,2.0;3.9;2.5;1.4;0.6;0.6;35.8;42.9;3.4;3.1;45.3;47.9;0.6;0.6;0.0;0.0;0.5;0.2;0.2;0.0;0.3;0.5;0.2;0.0,31.38,0.07,0.0,0.02,14.42,0.0,1367.0,6445.0,4,16,,,,,,,,,,,,,,,,,,,,,,,,,,,,,,,,,,,,,,,,,,,,,,,,,,,,,,,,,,,,,
46,21,,,,,,,100,72,71,16,237.3,2730,10801,39,0,7.9,1.2;4.9;2.5;2.0;0.6;0.6;50.1;39.5;4.2;5.0;41.2;35.7;0.5;0.8;0.0;0.2;0.3;0.2;0.0;0.0;0.0;0.5;0.0;0.2,31.39,0.07,0.0,0.01,14.42,0.0,1660.0,390.0,4,16,,,,,,,,,,,,,,,,,,,,,,,,,,,,,,,,,,,,,,,,,,,,,,,,,,,,,,,,,,,,,
46,22,,,,,,,98,81,68,14,237.4,2730,10801,39,0,8.0,1.3;3.6;1.7;0.3;0.6;0.3;57.7;36.8;5.8;4.2;32.9;44.6;0.5;0.5;0.2;0.2;0.0;0.0;0.0;0.2;0.0;0.6;0.5;0.0,31.37,0.07,0.0,0.03,14.42,0.0,341.0,1806.0,4,16,,,,,,,,,,,,,,,,,,,,,,,,,,,,,,,,,,,,,,,,,,,,,,,,,,,,,,,,,,,,,
46,23,,,,,,,98,77,72,16,238.1,2730,10801,39,0,8.1,2.6;4.5;3.0;1.7;1.6;0.9;45.5;33.9;5.3;3.1;38.3;52.2;0.6;0.5;0.0;0.0;0.2;0.2;0.0;0.2;0.0;0.5;0.0;0.0,31.37,0.07,0.0,0.03,14.42,0.0,1123.0,1367.0,4,16,,,,,,,,,,,,,,,,,,,,,,,,,,,,,,,,,,,,,,,,,,,,,,,,,,,,,,,,,,,,,
46,24,,,,,,,98,78,68,13,235.3,2730,10801,39,0,8.0,0.9;3.7;1.4;1.1;1.6;1.6;56.8;36.0;3.4;3.0;44.6;35.7;0.8;0.5;0.0;0.0;0.0;0.2;0.0;0.0;0.0;0.2;0.0;0.0,31.39,0.07,0.0,0.03,14.42,0.0,1416.0,97.0,4,16,,,,,,,,,,,,,,,,,,,,,,,,,,,,,,,,,,,,,,,,,,,,,,,,,,,,,,,,,,,,,
46,25,,,,,,,98,80,70,17,237.8,2730,10801,39,0,7.7,0.9;3.2;1.3;1.1;0.8;0.2;44.6;33.9;5.5;2.7;40.7;47.9;0.9;0.9;0.0;0.2;0.2;0.0;0.0;0.0;0.2;0.2;0.3;0.2,31.37,0.07,0.0,0.02,14.42,0.0,341.0,1757.0,4,16,,,,,,,,,,,,,,,,,,,,,,,,,,,,,,,,,,,,,,,,,,,,,,,,,,,,,,,,,,,,,
46,26,,,,,,,100,74,69,14,237.6,2730,10801,39,0,8.2,2.6;4.8;3.9;2.7;0.9;0.2;47.3;46.7;5.1;3.4;41.2;35.2;0.5;0.8;0.0;0.2;0.2;0.2;0.3;0.0;0.2;0.3;0.5;0.3,31.39,0.07,0.0,0.04,14.42,0.0,1367.0,1416.0,4,16,,,,,,,,,,,,,,,,,,,,,,,,,,,,,,,,,,,,,,,,,,,,,,,,,,,,,,,,,,,,,
46,27,,,,,,,98,78,72,13,234.0,2730,10801,39,0,8.1,1.9;4.6;1.2;1.7;2.0;1.2;41.1;52.0;3.9;2.8;36.5;43.0;0.6;0.8;0.0;0.0;0.3;0.2;0.0;0.0;0.2;0.3;0.0;0.2,31.37,0.07,0.0,0.04,14.42,0.0,390.0,1806.0,4,16,,,,,,,,,,,,,,,,,,,,,,,,,,,,,,,,,,,,,,,,,,,,,,,,,,,,,,,,,,,,,
46,28,,,,,,,100,78,70,15,238.1,2730,10801,39,0,8.0,1.1;3.4;2.0;1.9;0.9;0.0;40.2;47.6;3.8;3.4;36.0;50.2;0.9;0.5;0.0;0.0;0.0;0.0;0.0;0.0;0.0;0.2;0.0;0.0,31.37,0.07,0.0,0.02,14.42,0.0,1464.0,0.0,4,16,,,,,,,,,,,,,,,,,,,,,,,,,,,,,,,,,,,,,,,,,,,,,,,,,,,,,,,,,,,,,
46,29,,,,,,,100,73,69,15,238.4,2730,10801,39,0,8.2,1.7;6.3;1.6;1.6;0.5;0.3;36.3;48.7;3.0;6.1;40.6;48.9;0.8;0.5;0.0;0.0;0.0;0.0;0.0;0.0;0.2;0.2;0.2;0.3,31.38,0.07,0.0,0.03,14.42,0.0,0.0,8496.0,4,16,,,,,,,,,,,,,,,,,,,,,,,,,,,,,,,,,,,,,,,,,,,,,,,,,,,,,,,,,,,,,
46,30,,,,,,,100,76,70,15,234.1,2730,10801,39,0,6.2,0.8;4.4;2.3;1.2;0.8;0.5;23.0;44.5;2.7;3.6;40.7;23.6;0.5;0.2;0.0;0.0;0.0;0.0;0.0;0.0;0.0;0.2;0.0;0.0,31.37,0.07,0.0,0.03,14.42,0.0,634.0,1562.0,4,16,,,,,,,,,,,,,,,,,,,,,,,,,,,,,,,,,,,,,,,,,,,,,,,,,,,,,,,,,,,,,
46,31,,,,,,,100,56,71,18,237.5,2730,10801,39,0,5.9,0.7;6.2;1.2;0.2;0.5;0.0;27.0;23.2;2.7;2.9;23.8;47.4;0.2;2.2;0.0;0.0;0.2;0.2;0.0;0.0;0.0;0.2;0.5;0.5,31.37,0.07,0.0,0.02,14.42,0.0,0.0,1611.0,4,16,,,,,,,,,,,,,,,,,,,,,,,,,,,,,,,,,,,,,,,,,,,,,,,,,,,,,,,,,,,,,
46,summary,0.3123698493146939,0.992310109575815,0.2833846045335134,0.9996666666666667,0.00100000,313.4,,,,,,,,,,,,,,,,,,,,,,98,99.68,100,56,76.97,87,65,69.52,72,13,15.35,20,129.1,234.26,239.2,2730.0,10801.0,39.0,0,5.9,8.36,21.6,31.36,31.39,31.5,63.16,0.07,0.07,0.07,16.0,0.0,0.0,0.01,0.01,0.4,4.99,11.015,16.348,14.42,14.42,14.42,15.992,0.0,0.0,0.0,0.0,4795.77,54296.0,0.0,9236.0,116308.0,4,4.0,4,16,16.0,16,4,16,5.91,291.14
47,1,,,,,,,0,0,60,17,129.4,2745,10801,39,0,21.1,21.2;22.6;22.2;23.3;22.5;23.3;54.7;67.0;25.4;27.6;51.3;65.3;13.3;13.0;3.0;3.8;8.7;9.6;2.3;2.4;7.3;7.5;6.1;4.4,31.49,0.07,0.0,0.05,14.42,0.0,1318.0,7226.0,4,16,,,,,,,,,,,,,,,,,,,,,,,,,,,,,,,,,,,,,,,,,,,,,,,,,,,,,,,,,,,,,
47,2,,,,,,,100,67,71,13,236.3,2730,10801,39,0,7.9,1.1;1.1;2.3;1.6;0.8;0.5;40.4;32.9;5.5;3.4;41.7;56.4;0.8;1.4;0.0;0.0;0.0;0.0;0.0;0.0;0.0;0.0;0.0;0.0,31.5,0.07,0.0,4.59,14.42,0.0,1123.0,1416.0,4,16,,,,,,,,,,,,,,,,,,,,,,,,,,,,,,,,,,,,,,,,,,,,,,,,,,,,,,,,,,,,,
47,3,,,,,,,100,75,70,14,237.1,2730,10801,39,0,7.9,0.6;3.2;1.2;1.7;0.6;0.6;48.1;28.4;3.1;5.1;44.3;49.5;1.1;0.5;0.0;0.2;0.5;0.3;0.0;0.0;0.0;0.5;0.0;0.2,31.44,0.07,0.0,2.36,14.42,0.0,34960.0,0.0,4,16,,,,,,,,,,,,,,,,,,,,,,,,,,,,,,,,,,,,,,,,,,,,,,,,,,,,,,,,,,,,,
47,4,,,,,,,100,71,70,15,237.2,2730,10801,39,0,8.2,1.7;2.0;3.3;2.3;1.7;0.6;49.2;31.4;4.2;5.8;43.8;46.6;0.6;0.9;0.2;0.2;0.6;0.2;0.2;0.3;0.3;0.3;0.2;0.2,31.43,0.07,0.0,1.68,14.437,0.0,15429.0,105712.0,4,16,,,,,,,,,,,,,,,,,,,,,,,,,,,,,,,,,,,,,,,,,,,,,,,,,,,,,,,,,,,,,
47,5,,,,,,,100,61,68,16,234.3,2730,10801,39,0,8.0,0.8;3.5;1.6;2.2;0.0;0.2;35.8;43.9;5.1;5.1;47.3;46.4;0.8;0.3;0.0;0.0;0.0;0.0;0.0;0.0;0.3;0.2;0.0;0.0,31.39,0.07,0.0,2.83,14.42,0.0,5664.0,116601.0,4,16,,,,,,,,,,,,,,,,,,,,,,,,,,,,,,,,,,,,,,,,,,,,,,,,,,,,,,,,,,,,,
47,6,,,,,,,100,64,69,20,237.2,2730,10801,39,0,8.1,2.2;3.5;2.0;2.3;0.6;0.8;30.6;39.8;3.7;5.3;35.2;64.6;0.9;0.6;0.0;0.0;0.2;0.0;0.0;0.5;0.0;0.5;0.0;0.2,31.37,0.07,0.0,0.02,14.42,0.0,0.0,21630.0,4,16,,,,,,,,,,,,,,,,,,,,,,,,,,,,,,,,,,,,,,,,,,,,,,,,,,,,,,,,,,,,,
47,7,,,,,,,100,64,70,14,237.8,2730,10801,39,0,8.2,1.9;5.2;3.0;2.0;0.6;0.6;46.6;48.8;3.4;5.5;27.8;47.2;1.6;0.8;0.0;0.0;0.3;0.3;0.0;0.0;0.3;0.2;0.0;0.0,31.4,0.07,0.0,0.12,14.42,0.0,1123.0,1416.0,4,16,,,,,,,,,,,,,,,,,,,,,,,,,,,,,,,,,,,,,,,,,,,,,,,,,,,,,,,,,,,,,
47,8,,,,,,,100,77,70,20,236.6,2730,10801,39,0,8.2,2.0;5.0;2.6;1.7;0.8;0.6;31.2;47.1;2.2;6.2;38.4;54.2;0.6;0.9;0.2;0.5;0.5;0.5;0.2;0.0;0.5;0.3;0.3;0.0,31.4,0.07,0.0,0.02,14.42,0.0,14892.0,97.0,4,16,,,,,,,,,,,,,,,,,,,,,,,,,,,,,,,,,,,,,,,,,,,,,,,,,,,,,,,,,,,,,
47,9,,,,,,,100,68,71,13,238.0,2730,10801,39,0,7.9,0.9;2.3;1.6;1.6;1.6;1.4;39.0;53.8;4.7;4.1;29.8;45.6;0.6;0.8;0.2;0.0;0.2;0.2;0.0;0.0;0.0;0.0;0.3;0.0,31.41,0.07,0.0,0.06,14.42,0.0,21728.0,17285.0,4,16,,,,,,,,,,,,,,,,,,,,,,,,,,,,,,,,,,,,,,,,,,,,,,,,,,,,,,,,,,,,,
47,10,,,,,,,100,61,68,14,238.0,2730,10801,39,0,7.9,1.4;2.5;1.3;1.3;0.8;0.6;48.8;39.7;4.1;5.3;39.5;40.3;1.1;0.6;0.0;0.0;0.6;0.3;0.0;0.0;0.0;0.0;0.2;0.5,31.41,0.07,0.0,0.04,14.42,0.0,24316.0,100976.0,4,16,,,,,,,,,,,,,,,,,,,,,,,,,,,,,,,,,,,,,,,,,,,,,,,,,,,,,,,,,,,,,
47,11,,,,,,,100,58,69,14,234.1,2730,10801,39,0,8.0,1.7;4.1;1.1;0.9;0.9;1.2;40.3;28.1;3.6;3.6;48.5;55.5;0.9;0.6;0.0;0.0;0.0;0.0;0.2;0.0;0.0;0.0;0.0;0.0,31.41,0.07,0.0,0.02,14.42,0.0,1416.0,123779.0,4,16,,,,,,,,,,,,,,,,,,,,,,,,,,,,,,,,,,,,,,,,,,,,,,,,,,,,,,,,,,,,,
47,12,,,,,,,100,65,71,14,238.9,2730,10801,39,0,8.1,1.3;3.6;2.2;2.2;1.3;1.1;33.3;42.6;5.8;5.8;40.7;51.9;0.6;0.8;0.0;0.0;0.5;0.0;0.0;0.0;0.3;0.3;0.8;0.6,31.41,0.07,0.0,0.03,14.42,0.0,48.0,1757.0,4,16,,,,,,,,,,,,,,,,,,,,,,,,,,,,,,,,,,,,,,,,,,,,,,,,,,,,,,,,,,,,,
47,13,,,,,,,100,75,69,18,238.0,2730,10801,39,0,8.0,0.5;3.3;2.2;1.3;0.8;0.3;46.9;35.2;5.5;6.3;37.1;48.7;1.3;1.4;0.2;0.2;0.2;0.0;0.0;0.0;0.0;0.5;0.3;0.3,31.4,0.07,0.0,0.02,14.42,0.0,830.0,48.0,4,16,,,,,,,,,,,,,,,,,,,,,,,,,,,,,,,,,,,,,,,,,,,,,,,,,,,,,,,,,,,,,
47,14,,,,,,,100,83,71,20,234.1,2730,10801,39,0,8.1,1.6;3.9;1.9;2.0;0.9;0.6;36.7;54.9;3.6;3.0;41.0;40.8;0.5;0.9;0.0;0.0;0.3;0.0;0.0;0.0;0.3;0.2;0.3;0.3,31.39,0.07,0.0,0.02,14.42,0.0,2050.0,2685.0,4,16,,,,,,,,,,,,,,,,,,,,,,,,,,,,,,,,,,,,,,,,,,,,,,,,,,,,,,,,,,,,,
47,15,,,,,,,87,70,70,13,236.5,2730,10801,39,0,8.0,0.6;4.2;2.5;0.9;0.5;0.3;39.8;40.5;4.2;5.6;45.1;43.7;0.8;0.5;0.2;0.2;0.2;0.2;0.2;0.2;0.3;0.2;0.5;0.2,31.4,0.07,0.0,0.03,14.42,0.0,976.0,195.0,4,16,,,,,,,,,,,,,,,,,,,,,,,,,,,,,,,,,,,,,,,,,,,,,,,,,,,,,,,,,,,,,
47,16,,,,,,,100,73,71,14,239.0,2730,10801,39,0,8.0,1.4;3.1;2.5;1.1;0.5;0.2;46.9;44.6;4.7;3.4;42.4;38.0;0.6;0.8;0.2;0.0;0.3;0.0;0.0;0.5;0.5;0.6;0.6;0.0,31.4,0.07,0.0,0.02,14.42,0.0,1660.0,48.0,4,16,,,,,,,,,,,,,,,,,,,,,,,,,,,,,,,,,,,,,,,,,,,,,,,,,,,,,,,,,,,,,
47,17,,,,,,,100,82,69,16,237.8,2730,10801,39,0,8.6,2.2;5.3;2.0;2.0;1.9;0.9;39.2;42.2;4.6;5.7;42.0;54.9;1.1;0.5;0.0;0.0;0.0;0.2;0.2;0.2;0.5;0.2;0.2;0.0,31.35,0.07,0.0,0.02,14.42,0.0,927.0,254931.0,4,16,,,,,,,,,,,,,,,,,,,,,,,,,,,,,,,,,,,,,,,,,,,,,,,,,,,,,,,,,,,,,
47,18,,,,,,,100,89,69,14,238.6,2730,10801,39,0,8.1,1.1;4.5;2.5;1.7;0.6;1.2;36.3;37.3;4.4;6.7;40.7;54.1;0.6;0.9;0.0;0.0;0.0;0.2;0.0;0.2;0.0;0.0;0.3;0.0,31.39,0.07,0.0,0.01,14.42,0.0,341.0,1757.0,4,16,,,,,,,,,,,,,,,,,,,,,,,,,,,,,,,,,,,,,,,,,,,,,,,,,,,,,,,,,,,,,
47,19,,,,,,,100,73,71,15,237.6,2730,10801,39,0,8.2,0.5;4.2;1.9;0.6;2.2;1.7;44.8;40.5;5.5;6.3;31.9;51.3;0.9;0.6;0.9;0.9;0.3;0.5;0.0;0.2;0.2;0.8;0.2;0.0,31.38,0.07,0.0,0.03,14.42,0.0,1123.0,1464.0,4,16,,,,,,,,,,,,,,,,,,,,,,,,,,,,,,,,,,,,,,,,,,,,,,,,,,,,,,,,,,,,,
47,20,,,,,,,100,77,71,12,239.1,2730,10801,39,0,7.8,0.5;3.4;2.6;0.9;0.8;0.2;33.9;42.3;5.3;4.5;48.2;42.2;0.6;1.1;0.3;0.0;0.3;0.3;0.2;0.0;0.0;0.3;0.3;0.0,31.35,0.07,0.0,0.02,14.42,0.0,1416.0,6640.0,4,16,,,,,,,,,,,,,,,,,,,,,,,,,,,,,,,,,,,,,,,,,,,,,,,,,,,,,,,,,,,,,
47,21,,,,,,,100,88,71,13,238.6,2730,10801,39,0,8.0,1.6;3.6;1.7;1.4;0.5;0.5;52.2;35.5;4.8;4.2;29.0;53.0;0.8;0.3;0.0;0.0;0.2;0.2;0.3;0.0;0.5;0.2;0.6;0.5,31.37,0.07,0.0,0.02,14.42,0.0,830.0,439.0,4,16,,,,,,,,,,,,,,,,,,,,,,,,,,,,,,,,,,,,,,,,,,,,,,,,,,,,,,,,,,,,,
47,22,,,,,,,100,71,71,15,237.3,2730,10801,39,0,7.9,0.8;3.4;0.9;0.9;0.2;0.3;36.4;48.0;3.9;2.3;36.4;51.4;0.8;0.6;0.2;0.2;0.2;0.0;0.0;0.0;0.2;0.6;0.0;0.0,31.38,0.07,0.0,0.03,14.42,0.0,1171.0,1513.0,4,16,,,,,,,,,,,,,,,,,,,,,,,,,,,,,,,,,,,,,,,,,,,,,,,,,,,,,,,,,,,,,
47,23,,,,,,,100,65,69,14,237.6,2730,10801,39,0,7.7,0.9;3.4;1.4;0.8;0.6;0.6;45.8;37.7;6.7;3.6;39.8;41.2;0.6;0.6;0.0;0.0;0.0;0.0;0.0;0.0;0.2;0.3;0.0;0.0,31.35,0.07,0.0,0.02,14.42,0.0,0.0,1757.0,4,16,,,,,,,,,,,,,,,,,,,,,,,,,,,,,,,,,,,,,,,,,,,,,,,,,,,,,,,,,,,,,
47,24,,,,,,,100,81,68,15,237.7,2730,10801,39,0,7.9,2.0;3.7;2.2;0.9;0.3;0.8;37.4;34.1;3.9;3.6;46.6;53.6;0.6;0.5;0.0;0.0;0.0;0.0;0.0;0.0;0.3;0.0;0.0;0.0,31.38,0.07,0.0,0.03,14.42,0.0,0.0,1660.0,4,16,,,,,,,,,,,,,,,,,,,,,,,,,,,,,,,,,,,,,,,,,,,,,,,,,,,,,,,,,,,,,
47,25,,,,,,,100,86,65,20,238.1,2730,10801,39,0,8.1,1.1;3.7;2.3;1.4;0.5;0.2;43.1;41.5;5.0;3.8;42.6;46.1;0.9;0.5;0.0;0.0;0.0;0.0;0.0;0.0;0.3;0.0;0.2;0.0,31.39,0.07,0.0,0.04,14.42,0.0,1220.0,97.0,4,16,,,,,,,,,,,,,,,,,,,,,,,,,,,,,,,,,,,,,,,,,,,,,,,,,,,,,,,,,,,,,
47,26,,,,,,,100,86,65,14,238.5,2730,10801,39,0,8.0,1.1;4.6;2.3;1.6;0.6;0.2;41.5;51.3;4.4;4.1;34.6;42.3;0.6;0.6;0.0;0.0;0.0;0.0;0.2;0.0;0.0;0.0;0.2;0.2,31.36,0.07,0.0,0.01,14.42,0.0,976.0,244.0,4,16,,,,,,,,,,,,,,,,,,,,,,,,,,,,,,,,,,,,,,,,,,,,,,,,,,,,,,,,,,,,,
47,27,,,,,,,100,81,67,13,235.6,2730,10801,39,0,8.2,1.4;4.6;2.2;2.0;1.4;0.8;41.4;45.2;4.5;3.3;33.4;54.6;0.8;0.5;0.0;0.2;0.2;0.2;0.2;0.0;0.3;0.2;0.0;0.5,31.37,0.07,0.0,0.02,14.42,0.0,927.0,1660.0,4,16,,,,,,,,,,,,,,,,,,,,,,,,,,,,,,,,,,,,,,,,,,,,,,,,,,,,,,,,,,,,,
47,28,,,,,,,100,62,68,15,238.4,2730,10801,39,0,8.0,0.8;3.6;2.5;1.9;0.5;1.3;35.9;40.3;7.2;4.7;38.7;51.0;1.1;0.9;0.0;0.0;0.0;0.0;0.2;0.0;0.0;0.8;0.2;0.0,31.4,0.07,0.0,0.02,14.42,0.0,488.0,1757.0,4,16,,,,,,,,,,,,,,,,,,,,,,,,,,,,,,,,,,,,,,,,,,,,,,,,,,,,,,,,,,,,,
47,29,,,,,,,100,66,71,17,237.2,2730,10801,39,0,8.0,0.9;3.5;3.0;2.3;0.0;0.5;42.9;44.1;4.0;3.1;33.5;49.3;0.8;0.9;0.0;0.3;0.2;0.0;0.0;0.0;0.2;0.0;0.6;0.2,31.38,0.07,0.0,0.03,14.42,0.0,0.0,1367.0,4,16,,,,,,,,,,,,,,,,,,,,,,,,,,,,,,,,,,,,,,,,,,,,,,,,,,,,,,,,,,,,,
47,30,,,,,,,100,81,67,17,234.3,2730,10801,39,0,6.3,1.7;3.7;1.7;1.4;0.5;0.3;38.8;32.1;3.0;3.3;17.3;45.0;0.6;0.3;0.2;0.0;0.2;0.0;0.0;0.0;0.0;0.3;0.2;0.5,31.37,0.07,0.0,0.03,14.42,0.0,585.0,5078.0,4,16,,,,,,,,,,,,,,,,,,,,,,,,,,,,,,,,,,,,,,,,,,,,,,,,,,,,,,,,,,,,,
47,31,,,,,,,100,76,69,16,238.6,2730,10801,39,0,5.9,0.7;2.4;2.5;2.7;1.0;1.7;29.8;15.0;3.7;3.2;58.5;19.7;0.2;0.0;0.0;0.0;0.2;0.0;0.0;0.0;0.0;0.5;0.2;0.5,31.35,0.07,0.0,0.02,14.42,0.0,1416.0,0.0,4,16,,,,,,,,,,,,,,,,,,,,,,,,,,,,,,,,,,,,,,,,,,,,,,,,,,,,,,,,,,,,,
47,summary,0.3125645365386413,0.9922600125697942,0.283456711212794,0.9996666666666667,0.00100000,313.5,,,,,,,,,,,,,,,,,,,,,,0,96.35,100,0,70.84,89,60,69.0,71,12,15.32,20,129.4,233.79,239.1,2730.5,10801.0,39.0,0,5.9,8.33,21.1,31.35,31.39,31.5,63.16,0.07,0.07,0.07,16.0,0.0,0.0,0.0,0.01,0.4,4.59,11.015,16.348,14.42,14.42,14.437,15.992,0.0,0.0,0.0,0.0,4482.35,34960.0,0.0,25201.13,254931.0,4,4.0,4,16,16.0,16,4,16,6.19,291.14
48,1,,,,,,,100,55,68,16,115.4,2730,10801,39,0,20.8,20.4;21.5;23.3;22.4;22.6;21.7;58.6;55.6;21.4;24.8;65.7;57.6;12.9;14.1;4.0;4.7;8.0;7.9;2.3;2.8;7.0;6.4;5.9;6.6,31.46,0.07,0.0,0.02,14.42,0.0,2734.0,5419.0,4,16,,,,,,,,,,,,,,,,,,,,,,,,,,,,,,,,,,,,,,,,,,,,,,,,,,,,,,,,,,,,,
48,2,,,,,,,100,54,70,17,237.3,2730,10801,39,0,8.2,0.5;4.2;2.0;2.3;0.8;1.9;51.1;37.4;6.1;3.9;46.1;37.1;0.9;0.5;0.2;0.2;0.3;0.3;0.0;0.2;0.2;0.0;0.2;0.2,31.43,0.07,0.0,3.08,14.42,0.0,390.0,390.0,4,16,,,,,,,,,,,,,,,,,,,,,,,,,,,,,,,,,,,,,,,,,,,,,,,,,,,,,,,,,,,,,
48,3,,,,,,,100,62,68,14,237.9,2730,10801,39,0,8.2,2.0;4.1;1.9;1.4;0.9;0.8;40.1;42.8;3.9;6.2;43.7;45.9;1.2;0.8;0.0;0.0;0.2;0.2;0.2;0.0;0.3;0.2;0.0;0.2,31.41,0.07,0.0,1.62,14.42,0.0,1123.0,1513.0,4,16,,,,,,,,,,,,,,,,,,,,,,,,,,,,,,,,,,,,,,,,,,,,,,,,,,,,,,,,,,,,,
48,4,,,,,,,100,65,70,16,237.2,2730,10801,39,0,8.3,1.6;3.9;1.9;2.2;1.6;2.5;49.0;30.4;5.3;5.2;43.9;46.9;0.9;0.5;0.2;0.2;0.5;0.2;0.3;0.0;0.0;0.2;0.3;0.0,31.39,0.07,0.0,2.92,14.42,0.0,341.0,341.0,4,16,,,,,,,,,,,,,,,,,,,,,,,,,,,,,,,,,,,,,,,,,,,,,,,,,,,,,,,,,,,,,
48,5,,,,,,,100,64,71,14,236.6,2730,10801,39,0,8.6,1.9;4.8;2.5;3.0;1.1;1.1;37.5;42.6;5.3;6.5;53.4;45.6;0.8;0.8;0.3;0.0;0.3;0.0;0.0;0.0;0.2;0.2;0.2;0.0,31.41,0.07,0.0,0.06,14.42,0.0,292.0,5126.0,4,16,,,,,,,,,,,,,,,,,,,,,,,,,,,,,,,,,,,,,,,,,,,,,,,,,,,,,,,,,,,,,
48,6,,,,,,,100,73,68,17,235.7,2730,10801,39,0,8.2,0.6;3.7;1.1;1.6;1.4;1.7;48.9;35.6;3.9;5.3;40.7;50.1;0.8;0.8;0.5;0.2;0.0;0.0;0.0;0.0;0.0;0.5;0.0;0.2,31.41,0.07,0.0,0.05,14.42,0.0,42041.0,279589.0,4,16,,,,,,,,,,,,,,,,,,,,,,,,,,,,,,,,,,,,,,,,,,,,,,,,,,,,,,,,,,,,,
48,7,,,,,,,100,76,70,15,238.1,2730,10801,39,0,8.1,0.9;3.0;2.2;1.9;0.9;0.6;38.0;54.5;3.0;4.2;31.5;48.6;0.5;0.8;0.5;0.0;0.3;0.0;0.3;0.3;0.2;0.0;0.0;0.0,31.38,0.07,0.0,0.02,14.42,0.0,292.0,292.0,4,16,,,,,,,,,,,,,,,,,,,,,,,,,,,,,,,,,,,,,,,,,,,,,,,,,,,,,,,,,,,,,
48,8,,,,,,,81,66,69,14,232.2,2730,10801,39,0,7.9,0.6;3.8;1.2;1.6;0.3;0.5;47.7;51.8;3.1;6.5;31.8;39.2;1.1;0.9;0.0;0.0;0.0;0.0;0.0;0.0;0.0;0.0;0.0;0.0,31.4,0.07,0.0,0.1,14.42,0.0,292.0,1708.0,4,16,,,,,,,,,,,,,,,,,,,,,,,,,,,,,,,,,,,,,,,,,,,,,,,,,,,,,,,,,,,,,
48,9,,,,,,,100,72,71,14,238.6,2730,10801,39,0,8.0,1.6;4.3;2.7;1.7;0.9;0.2;54.7;39.9;4.4;2.7;32.5;42.7;0.6;0.8;0.0;0.0;0.0;0.0;0.0;0.0;0.0;0.2;0.3;1.4,31.41,0.07,0.0,0.02,14.42,0.0,732.0,1416.0,4,16,,,,,,,,,,,,,,,,,,,,,,,,,,,,,,,,,,,,,,,,,,,,,,,,,,,,,,,,,,,,,
48,10,,,,,,,100,75,70,17,239.3,2730,10801,39,0,8.0,1.6;4.0;2.0;1.7;1.1;2.2;62.6;23.7;5.9;3.1;32.7;48.0;0.6;0.9;0.2;0.2;0.2;0.3;0.0;0.2;0.2;0.5;0.5;0.6,31.42,0.07,0.0,0.02,14.42,0.0,927.0,1562.0,4,16,,,,,,,,,,,,,,,,,,,,,,,,,,,,,,,,,,,,,,,,,,,,,,,,,,,,,,,,,,,,,
48,11,,,,,,,100,74,71,16,235.3,2730,10801,39,0,8.2,1.4;2.9;2.5;1.7;0.0;0.2;55.5;45.3;6.5;4.1;36.5;37.3;0.5;0.9;0.2;0.0;0.0;0.2;0.2;0.0;0.0;0.2;0.0;0.6,31.4,0.07,0.0,0.11,14.42,0.0,292.0,1367.0,4,16,,,,,,,,,,,,,,,,,,,,,,,,,,,,,,,,,,,,,,,,,,,,,,,,,,,,,,,,,,,,,
48,12,,,,,,,100,77,70,15,238.1,2730,10801,39,0,7.9,1.6;2.8;2.0;1.9;0.5;0.2;47.3;42.1;4.1;5.0;45.3;36.5;0.6;0.8;0.0;0.0;0.0;0.0;0.0;0.0;0.0;0.0;0.3;0.0,31.41,0.07,0.0,0.02,14.42,0.0,634.0,1562.0,4,16,,,,,,,,,,,,,,,,,,,,,,,,,,,,,,,,,,,,,,,,,,,,,,,,,,,,,,,,,,,,,
48,13,,,,,,,100,82,69,16,238.4,2730,10801,39,0,7.8,1.3;2.9;2.5;1.4;0.6;0.3;48.1;34.6;5.3;5.3;26.6;56.6;0.5;0.8;0.0;0.0;0.0;0.0;0.0;0.0;0.0;0.2;0.0;0.3,31.41,0.07,0.0,0.03,14.42,0.0,1757.0,1757.0,4,16,,,,,,,,,,,,,,,,,,,,,,,,,,,,,,,,,,,,,,,,,,,,,,,,,,,,,,,,,,,,,
48,14,,,,,,,100,84,68,14,235.6,2730,10801,39,0,7.8,0.8;3.5;0.8;1.7;0.9;0.8;48.4;37.8;4.2;3.3;51.2;32.2;1.1;0.9;0.0;0.0;0.0;0.2;0.0;0.0;0.0;0.3;0.0;0.0,31.4,0.07,0.0,0.04,14.42,0.0,1806.0,1416.0,4,16,,,,,,,,,,,,,,,,,,,,,,,,,,,,,,,,,,,,,,,,,,,,,,,,,,,,,,,,,,,,,
48,15,,,,,,,100,76,70,15,239.0,2730,10801,39,0,7.5,0.9;2.2;2.0;2.4;0.6;0.6;43.9;39.0;3.9;4.5;39.0;39.8;0.5;0.5;0.2;0.2;0.0;0.0;0.0;0.0;0.0;0.0;0.3;0.0,31.41,0.07,0.0,0.02,14.42,0.0,2880.0,97.0,4,16,,,,,,,,,,,,,,,,,,,,,,,,,,,,,,,,,,,,,,,,,,,,,,,,,,,,,,,,,,,,,
48,16,,,,,,,100,85,67,14,238.0,2730,10801,39,0,7.8,1.7;2.8;0.9;0.9;0.3;0.3;44.9;36.7;4.7;5.3;37.8;49.3;1.1;0.6;0.0;0.0;0.0;0.0;0.2;0.0;0.0;0.0;0.0;0.0,31.41,0.07,0.0,0.02,14.42,0.0,0.0,2197.0,4,16,,,,,,,,,,,,,,,,,,,,,,,,,,,,,,,,,,,,,,,,,,,,,,,,,,,,,,,,,,,,,
48,17,,,,,,,100,89,70,14,238.4,2730,10801,39,0,7.7,0.5;4.1;0.9;0.9;0.8;0.3;58.0;38.4;3.3;3.1;33.0;40.0;0.6;0.5;0.0;0.0;0.0;0.0;0.0;0.0;0.0;0.0;0.0;0.2,31.41,0.07,0.0,0.03,14.42,0.0,1269.0,34375.0,4,16,,,,,,,,,,,,,,,,,,,,,,,,,,,,,,,,,,,,,,,,,,,,,,,,,,,,,,,,,,,,,
48,18,,,,,,,100,89,66,17,238.0,2730,10801,39,0,8.3,2.0;5.6;2.3;1.1;1.1;1.1;40.7;33.8;6.1;6.6;30.9;64.5;1.1;1.2;0.3;0.0;0.2;0.2;0.2;0.0;0.0;0.2;0.0;0.0,31.41,0.07,0.0,0.04,14.42,0.0,244.0,2197.0,4,16,,,,,,,,,,,,,,,,,,,,,,,,,,,,,,,,,,,,,,,,,,,,,,,,,,,,,,,,,,,,,
48,19,,,,,,,100,88,69,16,237.1,2730,10801,39,0,7.9,0.9;3.7;1.4;0.8;0.3;0.3;52.0;31.2;4.4;4.9;30.5;57.6;0.5;0.9;0.0;0.0;0.2;0.5;0.3;0.0;0.0;0.3;0.0;0.2,31.4,0.07,0.0,0.03,14.42,0.0,1464.0,48.0,4,16,,,,,,,,,,,,,,,,,,,,,,,,,,,,,,,,,,,,,,,,,,,,,,,,,,,,,,,,,,,,,
48,20,,,,,,,100,87,69,20,237.3,2730,10801,39,0,8.3,1.7;5.4;2.0;2.0;0.6;0.8;56.2;28.6;5.1;3.9;49.6;37.2;1.3;1.9;0.0;0.3;0.3;0.2;0.0;0.2;0.3;0.2;0.2;0.0,31.39,0.07,0.0,0.02,14.42,0.0,976.0,4003.0,4,16,,,,,,,,,,,,,,,,,,,,,,,,,,,,,,,,,,,,,,,,,,,,,,,,,,,,,,,,,,,,,
48,21,,,,,,,100,84,68,19,238.2,2730,10801,39,0,7.8,1.7;3.8;2.0;1.1;0.8;0.3;53.4;33.3;7.5;2.8;32.1;45.4;0.8;0.8;0.3;0.2;0.2;0.0;0.3;0.0;0.2;0.2;0.2;0.0,31.38,0.07,0.0,0.03,14.42,0.0,1123.0,1806.0,4,16,,,,,,,,,,,,,,,,,,,,,,,,,,,,,,,,,,,,,,,,,,,,,,,,,,,,,,,,,,,,,
48,22,,,,,,,100,85,67,13,238.6,2730,10801,39,0,7.8,1.2;4.7;1.7;1.4;0.9;0.5;49.9;38.7;4.4;3.0;38.8;40.0;0.9;0.5;0.0;0.0;0.0;0.0;0.0;0.0;0.0;0.3;0.0;0.2,31.4,0.07,0.0,0.05,14.42,0.0,927.0,1513.0,4,16,,,,,,,,,,,,,,,,,,,,,,,,,,,,,,,,,,,,,,,,,,,,,,,,,,,,,,,,,,,,,
48,23,,,,,,,100,89,67,15,237.8,2730,10801,39,0,7.7,1.6;2.6;0.5;2.4;0.3;0.2;57.2;39.2;3.3;3.0;36.6;35.0;0.6;1.1;0.2;0.0;0.3;0.0;0.0;0.0;0.0;0.3;0.2;0.0,31.39,0.07,0.0,0.02,14.42,0.0,2392.0,341.0,4,16,,,,,,,,,,,,,,,,,,,,,,,,,,,,,,,,,,,,,,,,,,,,,,,,,,,,,,,,,,,,,
48,24,,,,,,,100,83,67,15,235.2,2730,10801,39,0,8.2,0.6;4.1;2.2;2.5;0.8;0.2;63.3;36.1;6.5;4.0;36.7;35.6;0.5;0.6;0.0;0.3;0.0;0.0;0.3;0.3;0.5;0.0;0.0;0.0,31.41,0.07,0.0,0.02,14.42,0.0,878.0,1904.0,4,16,,,,,,,,,,,,,,,,,,,,,,,,,,,,,,,,,,,,,,,,,,,,,,,,,,,,,,,,,,,,,
48,25,,,,,,,100,89,67,14,238.1,2730,10801,39,0,7.9,1.2;3.7;0.8;1.7;0.8;0.3;33.2;38.3;4.5;4.0;49.5;48.8;1.1;0.5;0.0;0.2;0.0;0.0;0.0;0.2;0.2;0.0;0.0;0.2,31.4,0.07,0.0,0.02,14.42,0.0,2392.0,97.0,4,16,,,,,,,,,,,,,,,,,,,,,,,,,,,,,,,,,,,,,,,,,,,,,,,,,,,,,,,,,,,,,
48,26,,,,,,,100,70,69,16,237.6,2730,10801,39,0,7.8,0.9;2.3;2.2;1.4;1.2;0.5;49.6;33.4;3.6;5.6;38.2;45.5;0.9;1.1;0.2;0.2;0.2;0.0;0.0;0.0;0.3;0.2;0.2;0.0,31.37,0.07,0.0,0.03,14.42,0.0,15087.0,16992.0,4,16,,,,,,,,,,,,,,,,,,,,,,,,,,,,,,,,,,,,,,,,,,,,,,,,,,,,,,,,,,,,,
48,27,,,,,,,100,59,68,15,232.8,2730,10801,39,0,7.7,0.8;4.1;1.6;0.9;0.5;0.3;48.8;33.3;3.1;3.7;42.5;44.0;0.8;0.6;0.0;0.0;0.0;0.0;0.0;0.0;0.0;0.2;0.0;0.0,31.4,0.07,0.0,0.04,14.42,0.0,2490.0,390.0,4,16,,,,,,,,,,,,,,,,,,,,,,,,,,,,,,,,,,,,,,,,,,,,,,,,,,,,,,,,,,,,,
48,28,,,,,,,100,63,69,19,238.6,2730,10801,39,0,8.2,1.6;3.1;2.3;1.6;1.1;0.6;39.0;47.7;3.0;5.2;38.5;46.2;1.4;0.9;0.3;0.3;0.5;0.3;0.3;0.3;0.8;0.6;0.5;0.6,31.4,0.07,0.0,0.07,14.42,0.0,12597.0,117041.0,4,16,,,,,,,,,,,,,,,,,,,,,,,,,,,,,,,,,,,,,,,,,,,,,,,,,,,,,,,,,,,,,
48,29,,,,,,,100,76,69,13,236.9,2730,10801,39,0,8.4,1.6;4.0;3.0;2.0;1.1;0.5;43.6;42.7;5.0;4.1;42.9;46.2;1.1;0.5;0.0;0.5;0.3;0.2;0.2;0.0;0.2;0.5;0.8;0.2,31.38,0.07,0.01,0.1,14.42,0.0,927.0,7373.0,4,16,,,,,,,,,,,,,,,,,,,,,,,,,,,,,,,,,,,,,,,,,,,,,,,,,,,,,,,,,,,,,
48,30,,,,,,,100,71,68,13,233.2,2730,10801,39,0,5.9,0.0;3.1;0.6;0.6;0.2;0.2;45.1;23.5;3.6;2.6;23.1;37.9;0.3;0.0;0.0;0.0;0.0;0.0;0.0;0.0;0.0;0.0;0.0;0.0,31.39,0.07,0.0,0.02,14.42,0.0,1953.0,21972.0,4,16,,,,,,,,,,,,,,,,,,,,,,,,,,,,,,,,,,,,,,,,,,,,,,,,,,,,,,,,,,,,,
48,31,,,,,,,98,73,71,14,237.8,2730,10801,39,0,5.3,0.2;3.2;1.2;1.0;0.5;0.0;25.8;56.8;2.5;1.5;28.4;5.9;0.0;0.5;0.0;0.0;0.0;0.0;0.0;0.0;0.2;0.0;0.0;0.0,31.36,0.07,0.0,0.04,14.42,0.0,1464.0,195.0,4,16,,,,,,,,,,,,,,,,,,,,,,,,,,,,,,,,,,,,,,,,,,,,,,,,,,,,,,,,,,,,,
48,summary,0.3123291062214423,0.9923078324391776,0.2834764608277215,0.9997777777777778,0.00100000,313.4,,,,,,,,,,,,,,,,,,,,,,81,99.32,100,54,75.32,89,66,68.84,71,13,15.39,20,115.4,233.17,239.3,2730.0,10801.0,39.0,0,5.3,8.26,20.8,31.36,31.4,31.46,63.16,0.07,0.07,0.07,16.0,0.0,0.0,0.01,0.02,0.28,3.08,11.015,16.348,14.42,14.42,14.42,15.992,0.0,0.0,0.0,0.0,3313.42,42041.0,48.0,16645.13,279589.0,4,4.0,4,16,16.0,16,4,16,6.08,291.12
49,1,,,,,,,100,63,65,19,95.1,2745,10801,38,0,20.6,16.8;21.4;22.4;22.3;20.9;20.3;70.1;50.4;27.9;23.0;56.8;57.2;12.1;13.9;3.8;4.5;8.8;9.4;2.3;1.9;6.6;7.5;6.3;6.1,31.46,0.07,0.0,0.02,14.42,0.0,1123.0,1367.0,4,16,,,,,,,,,,,,,,,,,,,,,,,,,,,,,,,,,,,,,,,,,,,,,,,,,,,,,,,,,,,,,
49,2,,,,,,,100,68,69,15,236.5,2730,10801,38,0,8.1,0.8;5.4;1.6;2.7;1.9;0.6;50.0;41.1;3.9;2.4;32.1;47.9;0.8;1.1;0.2;0.2;0.5;0.0;0.0;0.3;0.3;0.0;0.9;0.0,31.43,0.07,0.0,3.07,14.42,0.0,292.0,1513.0,4,16,,,,,,,,,,,,,,,,,,,,,,,,,,,,,,,,,,,,,,,,,,,,,,,,,,,,,,,,,,,,,
49,3,,,,,,,100,56,70,15,237.1,2730,10801,38,0,7.7,0.9;1.9;1.1;1.1;0.5;0.0;54.6;33.5;5.5;3.8;30.1;49.1;0.9;0.3;0.0;0.3;0.0;0.0;0.0;0.0;0.0;0.0;0.0;0.0,31.4,0.07,0.0,1.62,14.42,0.0,1123.0,1367.0,4,16,,,,,,,,,,,,,,,,,,,,,,,,,,,,,,,,,,,,,,,,,,,,,,,,,,,,,,,,,,,,,
49,4,,,,,,,100,54,70,14,236.8,2730,10801,39,0,8.0,1.1;2.6;1.7;1.1;0.5;0.6;49.0;51.7;2.8;5.5;34.9;36.1;0.9;0.8;0.0;0.3;0.2;0.0;0.0;0.0;1.1;0.9;0.0;0.0,31.37,0.07,0.0,2.91,14.42,0.0,40380.0,107031.0,4,16,,,,,,,,,,,,,,,,,,,,,,,,,,,,,,,,,,,,,,,,,,,,,,,,,,,,,,,,,,,,,
49,5,,,,,,,98,80,69,16,235.8,2730,10801,39,0,7.6,0.8;2.5;1.9;1.4;0.5;0.3;53.3;36.0;3.1;5.8;32.9;43.5;0.6;0.6;0.0;0.0;0.0;0.0;0.0;0.2;0.2;0.0;0.0;0.0,31.38,0.07,0.0,0.03,14.42,0.0,976.0,195.0,4,16,,,,,,,,,,,,,,,,,,,,,,,,,,,,,,,,,,,,,,,,,,,,,,,,,,,,,,,,,,,,,
49,6,,,,,,,100,75,68,15,237.5,2730,10801,38,0,8.0,0.9;4.6;1.6;1.4;0.5;0.3;42.9;45.8;4.1;4.9;44.3;37.2;0.9;1.2;0.2;0.0;0.0;0.0;0.0;0.0;0.0;0.0;0.0;0.2,31.39,0.07,0.0,0.04,14.42,0.0,439.0,1367.0,4,16,,,,,,,,,,,,,,,,,,,,,,,,,,,,,,,,,,,,,,,,,,,,,,,,,,,,,,,,,,,,,
49,7,,,,,,,100,73,70,20,237.0,2730,10801,39,0,7.9,1.1;3.4;1.1;1.1;1.2;0.9;50.2;41.4;3.3;6.3;36.3;42.3;0.8;0.6;0.2;0.0;0.0;0.0;0.0;0.0;0.0;0.0;0.0;0.0,31.39,0.07,0.0,0.01,14.42,0.0,927.0,195.0,4,16,,,,,,,,,,,,,,,,,,,,,,,,,,,,,,,,,,,,,,,,,,,,,,,,,,,,,,,,,,,,,
49,8,,,,,,,100,74,68,16,233.3,2730,10801,38,0,8.0,1.4;5.8;0.5;1.9;0.5;0.6;41.5;40.1;2.5;4.0;43.3;47.3;0.6;0.8;0.2;0.0;0.2;0.0;0.0;0.0;0.2;0.3;0.5;0.0,31.4,0.07,0.0,0.04,14.42,0.0,1074.0,1367.0,4,16,,,,,,,,,,,,,,,,,,,,,,,,,,,,,,,,,,,,,,,,,,,,,,,,,,,,,,,,,,,,,
49,9,,,,,,,100,71,70,16,236.7,2730,10801,39,0,7.9,0.9;3.2;1.7;0.8;0.3;0.6;54.9;34.4;7.0;5.0;37.2;41.2;0.6;0.5;0.3;0.3;0.2;0.0;0.2;0.2;0.2;0.0;0.3;0.6,31.39,0.07,0.0,0.03,14.42,0.0,341.0,292.0,4,16,,,,,,,,,,,,,,,,,,,,,,,,,,,,,,,,,,,,,,,,,,,,,,,,,,,,,,,,,,,,,
49,10,,,,,,,100,61,71,15,236.9,2730,10801,39,0,8.2,2.0;4.0;2.7;1.9;1.4;0.2;48.4;38.4;6.9;3.4;41.7;44.2;0.6;0.9;0.2;0.0;0.0;0.0;0.0;0.0;0.2;0.0;0.0;0.0,31.4,0.07,0.0,0.03,14.42,0.0,1416.0,1464.0,4,16,,,,,,,,,,,,,,,,,,,,,,,,,,,,,,,,,,,,,,,,,,,,,,,,,,,,,,,,,,,,,
49,11,,,,,,,100,71,69,16,232.8,2730,10801,39,0,8.1,1.4;2.9;2.2;1.9;1.9;0.6;47.9;35.7;6.2;3.7;38.8;49.2;0.6;0.8;0.0;0.0;0.2;0.3;0.0;0.0;0.0;0.0;0.2;0.2,31.38,0.07,0.0,0.03,14.42,0.0,1025.0,0.0,4,16,,,,,,,,,,,,,,,,,,,,,,,,,,,,,,,,,,,,,,,,,,,,,,,,,,,,,,,,,,,,,
49,12,,,,,,,100,58,70,21,237.5,2730,10801,39,0,7.9,0.3;4.2;1.7;0.5;0.6;0.3;44.5;43.3;3.8;3.8;43.9;40.3;0.6;0.8;0.0;0.0;0.0;0.2;0.0;0.0;0.0;0.0;0.0;0.0,31.39,0.07,0.0,0.01,14.42,0.0,341.0,1806.0,4,16,,,,,,,,,,,,,,,,,,,,,,,,,,,,,,,,,,,,,,,,,,,,,,,,,,,,,,,,,,,,,
49,13,,,,,,,100,54,69,15,237.6,2730,10801,38,0,8.0,1.3;2.5;2.7;2.0;1.1;2.3;54.5;31.6;4.7;3.4;33.9;48.4;1.1;0.8;0.0;0.0;0.2;0.2;0.3;0.0;0.0;0.5;0.3;0.0,31.38,0.07,0.0,0.04,14.42,0.0,1123.0,1416.0,4,16,,,,,,,,,,,,,,,,,,,,,,,,,,,,,,,,,,,,,,,,,,,,,,,,,,,,,,,,,,,,,
49,14,,,,,,,100,46,68,15,234.7,2730,10801,39,0,7.9,1.1;2.6;1.9;1.2;0.6;0.8;46.4;38.6;4.2;5.8;42.1;42.4;0.6;0.8;0.0;0.0;0.2;0.2;0.2;0.0;0.2;0.0;0.2;0.2,31.39,0.07,0.0,0.05,14.42,0.0,2099.0,4101.0,4,16,,,,,,,,,,,,,,,,,,,,,,,,,,,,,,,,,,,,,,,,,,,,,,,,,,,,,,,,,,,,,
49,15,,,,,,,100,50,71,16,237.9,2730,10801,39,0,8.1,1.1;3.5;1.7;2.0;1.1;0.5;56.8;45.4;3.1;4.2;33.6;38.8;0.9;0.3;0.0;0.0;0.0;0.0;0.0;0.0;0.2;0.0;0.2;0.0,31.37,0.07,0.0,0.02,14.42,0.0,341.0,14208.0,4,16,,,,,,,,,,,,,,,,,,,,,,,,,,,,,,,,,,,,,,,,,,,,,,,,,,,,,,,,,,,,,
49,16,,,,,,,100,56,71,14,237.4,2730,10801,38,0,8.1,1.3;4.2;1.6;2.7;0.6;0.6;39.3;41.9;3.1;4.2;42.0;48.4;0.5;0.9;0.2;0.0;0.3;0.6;0.0;0.0;0.5;0.5;0.9;0.3,31.4,0.07,0.0,0.02,14.42,0.0,1074.0,195.0,4,16,,,,,,,,,,,,,,,,,,,,,,,,,,,,,,,,,,,,,,,,,,,,,,,,,,,,,,,,,,,,,
49,17,,,,,,,100,53,70,14,237.0,2730,10801,38,0,8.2,1.7;3.8;1.7;1.1;0.3;0.6;42.7;39.7;6.9;5.5;27.4;59.8;0.6;0.5;0.0;0.2;0.0;0.5;0.2;0.3;0.6;0.5;0.8;0.3,31.36,0.07,0.0,0.03,14.42,0.0,2636.0,6933.0,4,16,,,,,,,,,,,,,,,,,,,,,,,,,,,,,,,,,,,,,,,,,,,,,,,,,,,,,,,,,,,,,
49,18,,,,,,,100,48,70,16,237.0,2730,10801,39,0,8.5,2.0;6.0;1.4;2.8;1.1;0.5;55.6;32.9;5.6;6.2;44.9;37.6;0.8;1.1;0.0;0.2;0.2;0.0;0.0;0.2;1.4;2.5;0.3;0.0,31.39,0.07,0.0,0.02,14.42,0.0,1464.0,0.0,4,16,,,,,,,,,,,,,,,,,,,,,,,,,,,,,,,,,,,,,,,,,,,,,,,,,,,,,,,,,,,,,
49,19,,,,,,,100,57,70,15,237.8,2730,10801,38,0,8.2,2.2;4.9;2.8;3.1;0.6;0.6;56.6;34.5;6.9;2.7;40.2;39.1;1.1;0.2;0.2;0.2;0.0;0.2;0.0;0.0;0.2;0.2;0.0;0.3,31.4,0.07,0.0,0.03,14.42,0.0,1123.0,1464.0,4,16,,,,,,,,,,,,,,,,,,,,,,,,,,,,,,,,,,,,,,,,,,,,,,,,,,,,,,,,,,,,,
49,20,,,,,,,100,55,69,20,237.6,2730,10801,39,0,7.8,0.6;4.6;1.9;1.7;0.9;1.1;46.3;32.5;6.4;1.2;40.3;48.6;0.5;0.5;0.2;0.0;0.0;0.0;0.0;0.0;0.0;0.6;0.2;0.0,31.4,0.07,0.0,0.01,14.42,0.0,2783.0,5517.0,4,16,,,,,,,,,,,,,,,,,,,,,,,,,,,,,,,,,,,,,,,,,,,,,,,,,,,,,,,,,,,,,
49,21,,,,,,,100,46,69,17,236.7,2730,10801,39,0,7.9,0.8;2.3;2.2;1.1;2.2;1.4;54.8;42.7;6.2;3.3;33.0;36.9;0.6;0.5;0.3;0.0;0.0;0.2;0.0;0.0;0.9;0.0;0.5;0.0,31.4,0.07,0.0,0.03,14.42,0.0,1464.0,48.0,4,16,,,,,,,,,,,,,,,,,,,,,,,,,,,,,,,,,,,,,,,,,,,,,,,,,,,,,,,,,,,,,
49,22,,,,,,,100,54,71,13,238.0,2730,10801,38,0,8.1,1.2;2.9;1.7;1.2;0.3;0.6;44.7;40.1;5.0;4.4;42.6;46.1;0.3;0.6;0.0;0.2;0.0;0.2;0.2;0.0;0.2;0.2;0.2;0.0,31.4,0.07,0.01,0.03,14.42,0.0,927.0,195.0,4,16,,,,,,,,,,,,,,,,,,,,,,,,,,,,,,,,,,,,,,,,,,,,,,,,,,,,,,,,,,,,,
49,23,,,,,,,100,77,69,14,236.3,2730,10801,39,0,7.8,0.6;2.3;1.4;1.2;0.5;0.9;42.3;45.7;6.0;4.3;41.9;37.2;0.9;0.3;0.2;0.0;0.2;0.0;0.0;0.0;0.2;0.0;0.2;0.0,31.41,0.07,0.0,0.03,14.42,0.0,33056.0,255517.0,4,16,,,,,,,,,,,,,,,,,,,,,,,,,,,,,,,,,,,,,,,,,,,,,,,,,,,,,,,,,,,,,
49,24,,,,,,,100,46,69,20,235.7,2730,10801,39,0,7.9,2.6;2.8;0.9;1.4;0.3;0.5;50.1;32.4;5.1;3.1;38.9;48.7;0.6;0.8;0.0;0.2;0.0;0.0;0.0;0.0;0.3;0.3;0.2;0.2,31.39,0.07,0.0,0.04,14.42,0.0,1416.0,0.0,4,16,,,,,,,,,,,,,,,,,,,,,,,,,,,,,,,,,,,,,,,,,,,,,,,,,,,,,,,,,,,,,
49,25,,,,,,,100,53,71,13,237.0,2730,10801,39,0,8.0,1.2;2.8;2.7;1.9;0.8;1.4;46.5;35.5;3.9;3.9;40.0;47.0;0.8;0.8;0.2;0.3;0.8;0.3;0.0;0.0;0.0;0.2;0.3;0.2,31.39,0.07,0.0,0.01,14.42,0.0,634.0,195.0,4,16,,,,,,,,,,,,,,,,,,,,,,,,,,,,,,,,,,,,,,,,,,,,,,,,,,,,,,,,,,,,,
49,26,,,,,,,100,55,69,15,237.7,2730,10801,39,0,8.1,0.9;4.9;2.6;1.7;0.8;0.5;41.6;45.6;5.7;6.2;39.5;39.6;0.5;0.6;0.0;0.3;0.0;0.2;0.0;0.0;0.5;0.6;0.5;0.0,31.38,0.07,0.0,0.02,14.42,0.0,14648.0,3076.0,4,16,,,,,,,,,,,,,,,,,,,,,,,,,,,,,,,,,,,,,,,,,,,,,,,,,,,,,,,,,,,,,
49,27,,,,,,,100,71,70,13,233.5,2730,10801,39,0,8.2,2.2;4.4;1.6;1.2;1.1;1.5;39.5;50.5;5.3;3.9;44.0;38.6;0.9;1.1;0.3;0.0;0.2;0.0;0.0;0.0;0.3;0.0;0.5;0.3,31.37,0.07,0.0,0.03,14.42,0.0,1123.0,1416.0,4,16,,,,,,,,,,,,,,,,,,,,,,,,,,,,,,,,,,,,,,,,,,,,,,,,,,,,,,,,,,,,,
49,28,,,,,,,100,75,70,13,237.6,2730,10801,39,0,8.1,0.9;2.5;1.9;1.6;0.8;0.6;46.9;40.2;4.4;5.5;39.7;44.2;1.4;0.9;0.6;0.2;0.3;0.0;0.2;0.0;0.2;0.0;0.2;0.0,31.4,0.07,0.0,0.04,14.42,0.0,585.0,22753.0,4,16,,,,,,,,,,,,,,,,,,,,,,,,,,,,,,,,,,,,,,,,,,,,,,,,,,,,,,,,,,,,,
49,29,,,,,,,100,72,69,15,237.6,2730,10801,39,0,8.1,1.7;4.3;2.0;0.8;0.2;0.6;48.4;41.4;2.8;4.2;40.1;43.8;1.3;0.9;0.2;0.2;0.2;0.2;0.2;0.0;0.2;0.0;0.3;0.0,31.39,0.07,0.0,0.03,14.42,0.0,1660.0,0.0,4,16,,,,,,,,,,,,,,,,,,,,,,,,,,,,,,,,,,,,,,,,,,,,,,,,,,,,,,,,,,,,,
49,30,,,,,,,100,71,68,16,233.0,2730,10801,39,0,6.4,1.7;5.0;2.8;1.6;0.5;0.3;26.1;34.6;4.0;3.1;26.3;47.0;0.2;0.6;0.2;0.0;0.0;0.2;0.2;0.0;0.5;0.0;0.2;0.0,31.36,0.07,0.0,0.02,14.42,0.0,2441.0,0.0,4,16,,,,,,,,,,,,,,,,,,,,,,,,,,,,,,,,,,,,,,,,,,,,,,,,,,,,,,,,,,,,,
49,31,,,,,,,100,52,69,15,235.6,2730,10801,39,0,6.2,0.7;4.4;1.7;0.7;0.7;1.0;30.1;46.8;4.2;1.7;22.2;28.4;0.2;0.2;0.5;0.0;0.7;0.2;0.2;0.2;0.5;1.5;0.5;0.0,31.39,0.07,0.01,0.35,14.42,0.0,732.0,1367.0,4,16,,,,,,,,,,,,,,,,,,,,,,,,,,,,,,,,,,,,,,,,,,,,,,,,,,,,,,,,,,,,,
49,summary,0.311868102435279,0.9925788116990172,0.28326458048820496,0.9997777777777778,0.00100000,313.8,,,,,,,,,,,,,,,,,,,,,,98,99.94,100,46,61.13,80,65,69.39,71,13,15.71,21,95.1,231.89,238.0,2730.5,10801.0,38.7,0,6.2,8.31,20.6,31.36,31.39,31.46,63.16,0.07,0.07,0.07,16.0,0.0,0.0,0.01,0.01,0.28,3.07,11.015,16.348,14.42,14.42,14.42,15.992,0.0,0.0,0.0,292.0,3896.32,40380.0,0.0,14076.29,255517.0,4,4.0,4,16,16.0,16,4,16,6.48,291.11
50,1,,,,,,,100,56,67,18,92.1,2745,10801,38,0,20.9,19.9;21.4;22.9;22.8;21.8;20.9;50.1;65.5;27.0;24.2;57.1;64.5;14.0;13.3;4.6;4.3;9.1;9.8;2.2;2.0;6.3;7.4;4.5;5.5,31.51,0.07,0.0,0.02,14.42,0.0,292.0,8886.0,4,16,,,,,,,,,,,,,,,,,,,,,,,,,,,,,,,,,,,,,,,,,,,,,,,,,,,,,,,,,,,,,
50,2,,,,,,,100,55,70,21,235.9,2730,10801,38,0,8.1,2.3;3.8;1.7;2.0;0.5;1.1;44.8;45.5;3.9;6.3;29.4;50.7;0.9;0.9;0.0;0.0;0.0;0.0;0.2;0.0;0.0;0.6;0.5;0.2,31.46,0.07,0.0,4.98,14.42,0.0,27929.0,115087.0,4,16,,,,,,,,,,,,,,,,,,,,,,,,,,,,,,,,,,,,,,,,,,,,,,,,,,,,,,,,,,,,,
50,3,,,,,,,98,78,69,17,237.0,2730,10801,38,0,7.8,0.6;4.4;1.3;1.6;0.3;0.5;39.2;36.4;2.5;4.9;46.9;45.7;0.8;0.9;0.0;0.0;0.0;0.0;0.0;0.0;0.0;0.3;0.3;0.0,31.45,0.07,0.0,2.2,14.42,0.0,1464.0,1318.0,4,16,,,,,,,,,,,,,,,,,,,,,,,,,,,,,,,,,,,,,,,,,,,,,,,,,,,,,,,,,,,,,
50,4,,,,,,,100,79,69,14,237.3,2730,10801,38,0,7.9,0.8;1.9;0.9;1.3;0.6;1.3;50.3;31.0;3.6;7.2;32.3;53.3;0.9;0.9;0.3;0.0;0.2;0.6;0.0;0.2;0.3;0.3;0.2;0.2,31.4,0.07,0.0,1.54,14.42,0.0,1171.0,97.0,4,16,,,,,,,,,,,,,,,,,,,,,,,,,,,,,,,,,,,,,,,,,,,,,,,,,,,,,,,,,,,,,
50,5,,,,,,,98,78,70,14,234.4,2730,10801,38,0,7.9,1.4;3.5;1.9;2.2;0.2;0.5;51.9;38.1;2.2;5.6;28.6;51.1;0.6;0.6;0.2;0.0;0.2;0.0;0.2;0.0;0.0;0.0;0.0;0.5,31.38,0.07,0.0,2.59,14.42,0.0,1220.0,8105.0,4,16,,,,,,,,,,,,,,,,,,,,,,,,,,,,,,,,,,,,,,,,,,,,,,,,,,,,,,,,,,,,,
50,6,,,,,,,99,77,70,17,237.4,2730,10801,38,0,8.0,1.6;3.4;1.3;1.3;0.8;0.5;34.6;53.4;2.4;5.2;35.2;48.0;1.3;1.1;0.5;0.0;0.3;0.2;0.2;0.2;0.0;0.2;0.3;0.3,31.38,0.07,0.0,0.03,14.42,0.0,537.0,390.0,4,16,,,,,,,,,,,,,,,,,,,,,,,,,,,,,,,,,,,,,,,,,,,,,,,,,,,,,,,,,,,,,
50,7,,,,,,,100,70,70,14,236.6,2730,10801,38,0,8.2,1.4;5.2;1.9;1.3;0.5;0.8;48.1;36.0;3.9;3.4;43.1;47.6;1.1;0.8;0.2;0.2;0.0;0.0;0.0;0.0;0.0;0.3;0.6;0.6,31.38,0.07,0.0,0.01,14.42,0.0,1660.0,1367.0,4,16,,,,,,,,,,,,,,,,,,,,,,,,,,,,,,,,,,,,,,,,,,,,,,,,,,,,,,,,,,,,,
50,8,,,,,,,100,74,69,17,233.5,2730,10801,38,0,8.1,1.7;4.7;1.4;2.6;0.8;1.4;45.2;24.1;5.5;7.0;44.7;52.6;1.1;0.6;0.0;0.0;0.2;0.2;0.2;0.0;0.3;0.5;0.3;0.3,31.4,0.07,0.0,0.03,14.42,0.0,341.0,0.0,4,16,,,,,,,,,,,,,,,,,,,,,,,,,,,,,,,,,,,,,,,,,,,,,,,,,,,,,,,,,,,,,
50,9,,,,,,,100,72,71,16,237.5,2730,10801,38,0,7.8,1.4;3.1;1.3;1.6;0.8;0.9;41.0;45.2;3.3;4.9;34.9;47.7;0.8;0.9;0.2;0.2;0.0;0.0;0.0;0.0;0.0;0.0;0.2;0.0,31.4,0.07,0.0,0.03,14.42,0.0,1416.0,1318.0,4,16,,,,,,,,,,,,,,,,,,,,,,,,,,,,,,,,,,,,,,,,,,,,,,,,,,,,,,,,,,,,,
50,10,,,,,,,100,72,69,16,235.9,2730,10801,38,0,8.5,2.4;6.6;2.2;3.6;0.8;1.3;43.7;47.4;3.6;7.2;34.5;41.9;1.1;0.6;1.9;1.9;0.2;0.2;0.5;0.2;0.9;0.6;0.2;0.2,31.38,0.07,0.0,0.02,14.42,0.0,341.0,292.0,4,16,,,,,,,,,,,,,,,,,,,,,,,,,,,,,,,,,,,,,,,,,,,,,,,,,,,,,,,,,,,,,
50,11,,,,,,,100,70,70,17,233.1,2730,10801,38,0,8.0,0.8;4.0;1.2;2.8;0.3;0.6;38.9;38.3;4.8;4.8;40.2;51.2;1.1;0.6;0.0;0.2;0.0;0.0;0.0;0.2;0.3;0.8;0.0;0.0,31.37,0.07,0.0,0.05,14.42,0.0,634.0,1611.0,4,16,,,,,,,,,,,,,,,,,,,,,,,,,,,,,,,,,,,,,,,,,,,,,,,,,,,,,,,,,,,,,
50,12,,,,,,,98,79,69,15,237.1,2730,10801,38,0,8.1,1.3;5.7;2.0;2.0;1.6;1.1;35.5;41.3;3.8;6.9;38.7;51.3;1.4;0.5;0.0;0.2;0.3;0.2;0.0;0.2;0.2;0.3;0.0;0.9,31.4,0.07,0.0,0.02,14.42,0.0,927.0,146.0,4,16,,,,,,,,,,,,,,,,,,,,,,,,,,,,,,,,,,,,,,,,,,,,,,,,,,,,,,,,,,,,,
50,13,,,,,,,100,79,70,16,237.7,2730,10801,38,0,8.0,1.1;2.3;1.2;1.6;1.6;1.3;30.7;58.6;2.3;5.5;37.7;44.1;0.9;0.8;0.2;0.0;0.3;0.0;0.2;0.0;0.0;0.5;0.3;0.5,31.39,0.07,0.0,0.02,14.42,0.0,48.0,1757.0,4,16,,,,,,,,,,,,,,,,,,,,,,,,,,,,,,,,,,,,,,,,,,,,,,,,,,,,,,,,,,,,,
50,14,,,,,,,100,76,68,17,234.3,2730,10801,38,0,8.7,2.5;2.6;2.2;3.8;1.1;1.4;55.6;39.7;4.5;7.8;30.1;47.7;1.4;1.6;0.5;0.3;0.5;0.5;0.2;0.2;0.6;0.5;1.9;1.2,31.4,0.07,0.0,0.04,14.42,0.0,1562.0,3173.0,4,16,,,,,,,,,,,,,,,,,,,,,,,,,,,,,,,,,,,,,,,,,,,,,,,,,,,,,,,,,,,,,
50,15,,,,,,,100,50,70,14,237.5,2730,10801,38,0,8.0,1.6;4.2;1.9;1.6;0.6;0.2;42.0;30.5;2.2;5.3;40.6;58.7;0.5;0.6;0.0;0.0;0.3;0.5;0.0;0.0;0.2;0.0;0.0;0.2,31.39,0.07,0.0,0.02,14.42,0.0,1464.0,0.0,4,16,,,,,,,,,,,,,,,,,,,,,,,,,,,,,,,,,,,,,,,,,,,,,,,,,,,,,,,,,,,,,
50,16,,,,,,,100,56,70,17,237.7,2730,10801,38,0,8.0,1.1;2.3;1.2;2.4;0.9;0.5;41.7;55.1;4.1;4.5;39.7;34.7;0.8;0.5;0.2;0.0;0.2;0.0;0.0;0.0;0.0;0.3;0.2;0.3,31.37,0.07,0.0,0.03,14.42,0.0,0.0,1757.0,4,16,,,,,,,,,,,,,,,,,,,,,,,,,,,,,,,,,,,,,,,,,,,,,,,,,,,,,,,,,,,,,
50,17,,,,,,,100,58,70,16,236.6,2730,10801,38,0,8.2,1.7;4.6;0.9;2.2;1.1;1.2;46.9;40.5;6.1;7.3;33.5;46.6;0.8;0.8;0.2;0.5;0.2;0.2;0.2;0.3;0.2;0.3;0.3;0.6,31.4,0.07,0.0,0.02,14.42,0.0,1513.0,5419.0,4,16,,,,,,,,,,,,,,,,,,,,,,,,,,,,,,,,,,,,,,,,,,,,,,,,,,,,,,,,,,,,,
50,18,,,,,,,100,55,69,17,237.7,2730,10801,38,0,8.1,0.8;5.7;1.3;1.9;1.2;0.8;39.1;42.1;2.8;4.1;43.1;48.4;0.8;0.8;0.0;0.0;0.2;0.0;0.2;0.0;0.0;0.0;0.0;0.0,31.43,0.07,0.0,0.02,14.42,0.0,732.0,1464.0,4,16,,,,,,,,,,,,,,,,,,,,,,,,,,,,,,,,,,,,,,,,,,,,,,,,,,,,,,,,,,,,,
50,19,,,,,,,100,62,70,14,238.4,2730,10801,38,0,7.9,1.1;4.0;1.7;1.4;1.1;0.5;48.7;32.9;3.7;5.3;40.3;47.8;0.8;1.2;0.0;0.0;0.0;0.0;0.0;0.0;0.0;0.5;0.0;0.3,31.36,0.07,0.0,0.04,14.42,0.0,14453.0,97.0,4,16,,,,,,,,,,,,,,,,,,,,,,,,,,,,,,,,,,,,,,,,,,,,,,,,,,,,,,,,,,,,,
50,20,,,,,,,100,61,69,17,237.2,2730,10801,38,0,8.3,2.4;4.8;1.4;1.6;0.5;1.1;52.7;41.4;3.8;5.5;40.8;40.1;0.8;0.5;0.2;0.0;0.2;0.2;0.2;0.0;0.5;0.6;0.2;0.2,31.4,0.07,0.0,0.03,14.42,0.0,48.0,5517.0,4,16,,,,,,,,,,,,,,,,,,,,,,,,,,,,,,,,,,,,,,,,,,,,,,,,,,,,,,,,,,,,,
50,21,,,,,,,100,58,71,15,237.8,2730,10801,38,0,8.2,1.2;5.0;2.2;1.2;0.5;0.8;31.6;32.1;5.4;4.0;52.0;57.1;0.8;0.6;0.0;0.0;0.0;0.3;0.0;0.0;0.3;0.0;0.2;0.2,31.39,0.07,0.0,0.02,14.42,0.0,38330.0,82177.0,4,16,,,,,,,,,,,,,,,,,,,,,,,,,,,,,,,,,,,,,,,,,,,,,,,,,,,,,,,,,,,,,
50,22,,,,,,,100,53,71,14,238.7,2730,10801,38,0,8.1,1.9;5.1;1.4;1.6;1.6;0.9;39.6;37.3;4.5;3.6;40.9;50.5;1.4;0.6;0.0;0.2;0.5;0.2;0.2;0.3;0.2;0.9;0.0;0.5,31.37,0.07,0.0,0.02,14.42,0.0,1123.0,1367.0,4,16,,,,,,,,,,,,,,,,,,,,,,,,,,,,,,,,,,,,,,,,,,,,,,,,,,,,,,,,,,,,,
50,23,,,,,,,100,55,71,17,237.4,2730,10801,39,0,7.9,1.3;2.6;1.7;0.8;0.5;0.9;39.0;47.5;4.4;6.7;33.2;48.1;0.3;1.1;0.2;0.0;0.0;0.0;0.0;0.0;0.0;0.0;0.0;0.0,31.39,0.07,0.0,0.02,14.42,0.0,341.0,341.0,4,16,,,,,,,,,,,,,,,,,,,,,,,,,,,,,,,,,,,,,,,,,,,,,,,,,,,,,,,,,,,,,
50,24,,,,,,,100,57,69,20,238.8,2730,10801,38,0,7.9,0.8;3.1;1.2;0.8;0.3;0.9;35.8;38.5;2.5;4.8;51.9;46.2;0.6;0.2;0.2;0.6;0.0;0.0;0.2;0.0;0.2;0.0;0.0;0.0,31.39,0.07,0.0,0.02,14.42,0.0,0.0,1806.0,4,16,,,,,,,,,,,,,,,,,,,,,,,,,,,,,,,,,,,,,,,,,,,,,,,,,,,,,,,,,,,,,
50,25,,,,,,,100,54,68,14,237.8,2730,10801,38,0,8.1,0.9;5.5;2.2;2.4;0.6;0.8;53.9;34.9;4.2;4.5;32.4;49.4;0.8;0.6;0.3;0.0;0.0;0.0;0.0;0.0;0.0;0.0;0.0;0.0,31.37,0.07,0.0,0.02,14.42,0.0,1123.0,1562.0,4,16,,,,,,,,,,,,,,,,,,,,,,,,,,,,,,,,,,,,,,,,,,,,,,,,,,,,,,,,,,,,,
50,26,,,,,,,100,61,69,14,237.8,2730,10801,39,0,8.6,1.4;3.9;2.3;3.3;0.9;0.8;52.2;45.7;5.6;7.5;45.4;32.0;1.1;0.5;0.2;0.3;0.3;0.5;0.0;0.0;0.5;0.8;0.6;0.5,31.41,0.07,0.0,0.08,14.42,0.0,292.0,439.0,4,16,,,,,,,,,,,,,,,,,,,,,,,,,,,,,,,,,,,,,,,,,,,,,,,,,,,,,,,,,,,,,
50,27,,,,,,,100,62,67,15,235.7,2730,10801,39,0,7.9,0.8;3.5;0.9;1.1;0.8;0.8;40.7;36.1;5.6;3.6;50.5;43.8;0.5;0.9;0.0;0.0;0.2;0.2;0.0;0.0;0.0;0.0;0.3;0.0,31.39,0.07,0.0,0.03,14.42,0.0,292.0,1757.0,4,16,,,,,,,,,,,,,,,,,,,,,,,,,,,,,,,,,,,,,,,,,,,,,,,,,,,,,,,,,,,,,
50,28,,,,,,,100,71,70,20,236.7,2730,10801,38,0,8.1,1.9;2.2;2.3;1.9;0.5;0.5;43.3;38.3;6.9;4.5;39.0;49.0;1.3;0.6;0.2;0.3;0.3;0.0;0.3;0.0;0.2;0.3;0.6;0.3,31.41,0.07,0.0,0.03,14.42,0.0,1416.0,0.0,4,16,,,,,,,,,,,,,,,,,,,,,,,,,,,,,,,,,,,,,,,,,,,,,,,,,,,,,,,,,,,,,
50,29,,,,,,,100,76,68,15,237.7,2730,10801,38,0,7.9,1.4;2.8;1.7;0.9;0.2;1.1;41.8;43.5;6.4;3.1;39.7;43.5;0.6;0.6;0.2;0.0;0.0;0.3;0.2;0.0;0.0;0.5;0.3;0.0,31.44,0.07,0.0,0.07,14.42,0.0,341.0,390.0,4,16,,,,,,,,,,,,,,,,,,,,,,,,,,,,,,,,,,,,,,,,,,,,,,,,,,,,,,,,,,,,,
50,30,,,,,,,100,76,69,17,234.2,2730,10801,38,0,5.9,0.5;4.3;1.7;0.8;0.8;0.3;19.6;26.2;3.4;2.3;37.7;43.4;0.2;0.0;0.0;0.0;0.0;0.0;0.0;0.0;0.0;0.0;0.0;0.0,31.43,0.07,0.0,0.02,14.42,0.0,1464.0,1562.0,4,16,,,,,,,,,,,,,,,,,,,,,,,,,,,,,,,,,,,,,,,,,,,,,,,,,,,,,,,,,,,,,
50,31,,,,,,,100,56,70,15,237.2,2730,10801,38,0,5.7,2.2;3.1;1.0;2.0;0.2;1.2;45.0;22.0;3.9;1.5;29.4;25.5;0.0;0.0;0.0;0.0;0.0;0.0;0.0;0.0;0.0;0.0;0.0;0.0,31.42,0.07,0.0,0.03,14.42,0.0,0.0,1367.0,4,16,,,,,,,,,,,,,,,,,,,,,,,,,,,,,,,,,,,,,,,,,,,,,,,,,,,,,,,,,,,,,
50,summary,0.31147359985673373,0.9926243544317633,0.28329888987541196,0.9997777777777778,0.00100000,313.7,,,,,,,,,,,,,,,,,,,,,,98,99.77,100,50,65.68,79,67,69.42,71,14,16.13,21,92.1,232.09,238.8,2730.5,10801.0,38.1,0,5.7,8.35,20.9,31.36,31.4,31.51,63.16,0.07,0.07,0.07,16.0,0.0,0.0,0.0,0.01,0.39,4.98,11.015,16.348,14.42,14.42,14.42,15.992,0.0,0.0,0.0,0.0,3305.61,38330.0,0.0,8082.87,115087.0,4,4.0,4,16,16.0,16,4,16,6.31,291.13
51,1,,,,,,,100,71,67,19,115.1,2730,10801,38,0,20.7,19.1;21.0;22.7;22.2;19.7;19.7;57.7;67.3;25.4;23.3;59.4;59.0;13.3;13.5;4.3;4.4;9.0;9.6;2.3;2.3;6.8;6.1;4.1;5.1,31.47,0.07,0.0,0.04,14.42,0.0,6982.0,115673.0,4,16,,,,,,,,,,,,,,,,,,,,,,,,,,,,,,,,,,,,,,,,,,,,,,,,,,,,,,,,,,,,,
51,2,,,,,,,100,76,67,16,237.7,2730,10801,38,0,7.8,0.8;2.9;1.4;0.8;0.5;0.2;45.9;41.7;5.0;2.7;38.0;45.4;0.6;0.8;0.0;0.0;0.0;0.0;0.0;0.0;0.0;0.0;0.0;0.0,31.42,0.07,0.0,3.08,14.42,0.0,1318.0,1367.0,4,16,,,,,,,,,,,,,,,,,,,,,,,,,,,,,,,,,,,,,,,,,,,,,,,,,,,,,,,,,,,,,
51,3,,,,,,,100,72,69,15,237.1,2730,10801,38,0,7.7,1.1;3.5;1.6;0.8;1.1;0.0;41.7;43.5;4.7;4.2;37.7;43.1;0.6;0.6;0.0;0.0;0.0;0.0;0.0;0.0;0.0;0.0;0.0;0.0,31.44,0.07,0.0,1.62,14.42,0.0,683.0,1562.0,4,16,,,,,,,,,,,,,,,,,,,,,,,,,,,,,,,,,,,,,,,,,,,,,,,,,,,,,,,,,,,,,
51,4,,,,,,,100,72,69,20,238.3,2730,10801,38,0,8.0,1.1;3.2;2.0;1.7;1.1;0.5;38.8;39.3;5.0;2.8;42.8;48.8;0.8;0.8;0.0;0.0;0.0;0.2;0.0;0.0;0.0;0.2;1.2;0.3,31.41,0.07,0.0,2.91,14.42,0.0,1123.0,1416.0,4,16,,,,,,,,,,,,,,,,,,,,,,,,,,,,,,,,,,,,,,,,,,,,,,,,,,,,,,,,,,,,,
51,5,,,,,,,100,77,68,16,236.4,2730,10801,38,0,7.8,1.4;3.9;2.0;1.1;0.5;0.5;37.9;42.3;3.9;3.3;49.5;38.7;0.5;0.5;0.0;0.0;0.0;0.0;0.0;0.0;0.0;0.3;0.2;0.2,31.41,0.07,0.0,0.02,14.42,0.0,927.0,195.0,4,16,,,,,,,,,,,,,,,,,,,,,,,,,,,,,,,,,,,,,,,,,,,,,,,,,,,,,,,,,,,,,
51,6,,,,,,,100,58,70,16,238.9,2730,10801,38,0,8.1,0.8;3.6;4.1;2.2;2.3;0.8;36.2;41.8;7.5;3.3;40.4;48.4;0.5;0.8;0.0;0.0;0.0;0.0;0.0;0.3;0.2;0.0;0.2;0.0,31.39,0.07,0.0,0.03,14.42,0.0,488.0,1757.0,4,16,,,,,,,,,,,,,,,,,,,,,,,,,,,,,,,,,,,,,,,,,,,,,,,,,,,,,,,,,,,,,
51,7,,,,,,,100,82,69,16,238.0,2730,10801,38,0,8.4,1.9;3.6;3.3;3.0;1.6;1.1;49.8;40.5;5.9;5.0;33.6;47.7;0.8;0.8;0.2;0.0;0.0;0.0;0.0;0.0;0.2;0.2;0.6;0.0,31.39,0.07,0.0,0.04,14.42,0.0,1220.0,195.0,4,16,,,,,,,,,,,,,,,,,,,,,,,,,,,,,,,,,,,,,,,,,,,,,,,,,,,,,,,,,,,,,
51,8,,,,,,,100,75,70,16,233.2,2730,10801,38,0,7.9,1.1;4.0;1.9;1.6;0.5;1.5;42.0;48.2;5.6;4.6;32.5;45.7;0.5;0.5;0.2;0.0;0.0;0.0;0.0;0.2;0.2;0.0;0.2;0.0,31.4,0.07,0.0,0.08,14.42,0.0,0.0,1464.0,4,16,,,,,,,,,,,,,,,,,,,,,,,,,,,,,,,,,,,,,,,,,,,,,,,,,,,,,,,,,,,,,
51,9,,,,,,,93,77,68,14,235.6,2730,10801,38,0,8.0,1.4;5.0;2.0;0.5;0.8;0.3;28.4;53.5;6.4;4.4;45.1;40.2;0.8;0.6;0.0;0.0;0.5;0.2;0.0;0.3;1.2;0.6;0.2;0.2,31.38,0.07,0.0,0.02,14.42,0.0,292.0,244.0,4,16,,,,,,,,,,,,,,,,,,,,,,,,,,,,,,,,,,,,,,,,,,,,,,,,,,,,,,,,,,,,,
51,10,,,,,,,100,77,69,21,235.9,2730,10801,38,0,7.8,0.8;3.3;1.2;0.6;0.2;0.3;42.8;35.8;3.8;4.2;29.5;62.4;0.5;0.6;0.0;0.0;0.0;0.0;0.0;0.0;0.0;0.0;0.0;0.2,31.41,0.07,0.0,0.01,14.42,0.0,1074.0,1367.0,4,16,,,,,,,,,,,,,,,,,,,,,,,,,,,,,,,,,,,,,,,,,,,,,,,,,,,,,,,,,,,,,
51,11,,,,,,,100,87,69,22,232.2,2730,10801,38,0,8.0,1.4;2.8;1.6;2.8;0.8;0.2;37.4;41.1;4.3;5.4;39.9;51.9;1.4;0.6;0.3;0.0;0.3;0.0;0.0;0.0;0.0;0.3;0.0;0.2,31.39,0.07,0.0,0.03,14.42,0.0,976.0,244.0,4,16,,,,,,,,,,,,,,,,,,,,,,,,,,,,,,,,,,,,,,,,,,,,,,,,,,,,,,,,,,,,,
51,12,,,,,,,100,89,69,14,237.2,2730,10801,38,0,7.9,0.6;4.9;1.6;0.8;0.6;0.5;36.5;42.8;6.4;5.3;44.5;43.7;0.3;1.1;0.2;0.0;0.0;0.2;0.0;0.0;0.0;0.2;0.3;0.2,31.4,0.07,0.0,0.02,14.42,0.0,781.0,25146.0,4,16,,,,,,,,,,,,,,,,,,,,,,,,,,,,,,,,,,,,,,,,,,,,,,,,,,,,,,,,,,,,,
51,13,,,,,,,100,72,71,14,236.1,2730,10801,38,0,7.7,0.8;3.4;1.7;0.8;0.2;0.3;47.5;43.1;3.1;6.1;24.2;52.3;0.6;0.5;0.0;0.3;0.0;0.0;0.0;0.2;0.2;0.0;0.0;0.2,31.37,0.07,0.0,0.03,14.42,0.0,1025.0,1562.0,4,16,,,,,,,,,,,,,,,,,,,,,,,,,,,,,,,,,,,,,,,,,,,,,,,,,,,,,,,,,,,,,
51,14,,,,,,,100,83,67,17,233.5,2730,10801,38,0,8.1,1.2;3.9;2.2;1.1;0.6;0.5;52.9;48.6;5.0;5.6;34.7;34.2;0.6;0.6;0.5;0.5;0.2;0.0;0.3;0.2;0.3;0.2;0.3;0.0,31.39,0.07,0.0,0.03,14.42,0.0,1708.0,5908.0,4,16,,,,,,,,,,,,,,,,,,,,,,,,,,,,,,,,,,,,,,,,,,,,,,,,,,,,,,,,,,,,,
51,15,,,,,,,100,90,69,16,237.7,2730,10801,38,0,8.1,1.1;3.5;1.9;1.6;0.6;0.2;49.0;34.5;6.1;5.6;45.7;42.1;0.8;0.8;0.0;0.0;0.0;0.2;0.0;0.0;0.0;0.2;0.5;0.0,31.38,0.07,0.0,0.02,14.42,0.0,1464.0,0.0,4,16,,,,,,,,,,,,,,,,,,,,,,,,,,,,,,,,,,,,,,,,,,,,,,,,,,,,,,,,,,,,,
51,16,,,,,,,100,85,67,19,236.4,2730,10801,38,0,8.0,1.3;2.9;2.0;2.2;1.1;0.3;51.6;34.1;3.9;3.4;37.7;49.6;0.5;0.6;0.0;0.0;0.0;0.0;0.0;0.0;0.0;0.0;0.5;0.0,31.39,0.07,0.0,0.02,14.42,0.0,1464.0,1464.0,4,16,,,,,,,,,,,,,,,,,,,,,,,,,,,,,,,,,,,,,,,,,,,,,,,,,,,,,,,,,,,,,
51,17,,,,,,,100,83,64,15,236.0,2730,10801,38,0,7.8,1.7;2.5;2.0;1.7;0.9;0.6;44.2;38.2;5.6;2.7;42.9;41.6;0.9;0.5;0.0;0.0;0.3;0.2;0.3;0.2;0.2;0.8;0.3;0.3,31.39,0.07,0.0,0.02,14.42,0.0,2197.0,5615.0,4,16,,,,,,,,,,,,,,,,,,,,,,,,,,,,,,,,,,,,,,,,,,,,,,,,,,,,,,,,,,,,,
51,18,,,,,,,100,63,67,15,236.4,2730,10801,38,0,8.1,1.6;6.4;1.7;1.1;0.3;0.6;56.2;39.1;4.1;5.8;28.2;46.5;0.5;0.8;0.0;0.0;0.0;0.0;0.0;0.0;0.3;0.6;0.0;0.0,31.38,0.07,0.0,0.03,14.42,0.0,0.0,1611.0,4,16,,,,,,,,,,,,,,,,,,,,,,,,,,,,,,,,,,,,,,,,,,,,,,,,,,,,,,,,,,,,,
51,19,,,,,,,100,69,70,16,236.6,2730,10801,38,0,8.1,1.6;4.8;3.0;2.5;1.2;1.4;47.6;41.7;4.7;2.8;42.5;38.9;1.1;0.8;0.3;0.3;0.3;0.5;0.0;0.0;0.3;0.0;0.2;0.0,31.36,0.07,0.0,0.02,14.42,0.0,29443.0,1416.0,4,16,,,,,,,,,,,,,,,,,,,,,,,,,,,,,,,,,,,,,,,,,,,,,,,,,,,,,,,,,,,,,
51,20,,,,,,,100,83,67,16,236.4,2730,10801,38,0,8.0,2.2;4.9;2.3;0.9;0.5;0.3;38.0;44.6;3.1;6.9;42.4;42.3;0.3;0.8;0.0;0.0;0.0;0.0;0.0;0.0;0.0;0.3;0.0;0.0,31.39,0.07,0.0,0.02,14.42,0.0,292.0,7080.0,4,16,,,,,,,,,,,,,,,,,,,,,,,,,,,,,,,,,,,,,,,,,,,,,,,,,,,,,,,,,,,,,
51,21,,,,,,,100,76,67,16,237.1,2730,10801,38,0,7.9,1.4;4.0;1.7;1.2;0.3;1.2;49.2;44.9;2.8;7.5;23.1;49.9;0.8;0.8;0.2;0.2;0.3;0.0;0.0;0.2;0.2;0.0;0.0;0.3,31.39,0.07,0.0,0.02,14.42,0.0,341.0,1855.0,4,16,,,,,,,,,,,,,,,,,,,,,,,,,,,,,,,,,,,,,,,,,,,,,,,,,,,,,,,,,,,,,
51,22,,,,,,,100,58,68,15,236.2,2730,10801,38,0,7.7,0.8;3.6;2.3;1.3;0.3;0.3;41.3;50.2;3.6;5.9;25.4;49.5;0.2;1.1;0.0;0.0;0.0;0.0;0.0;0.0;0.0;0.3;0.2;0.2,31.39,0.07,0.0,0.02,14.42,0.0,1074.0,1464.0,4,16,,,,,,,,,,,,,,,,,,,,,,,,,,,,,,,,,,,,,,,,,,,,,,,,,,,,,,,,,,,,,
51,23,,,,,,,100,67,70,16,236.0,2730,10801,38,0,8.0,1.4;4.8;1.9;1.7;0.8;1.6;47.6;30.0;3.3;5.6;49.1;40.7;0.9;1.1;0.0;0.2;0.0;0.5;0.0;0.0;0.0;0.0;0.5;0.0,31.4,0.07,0.0,0.02,14.42,0.0,1660.0,244.0,4,16,,,,,,,,,,,,,,,,,,,,,,,,,,,,,,,,,,,,,,,,,,,,,,,,,,,,,,,,,,,,,
51,24,,,,,,,100,63,67,16,233.2,2730,10801,38,0,8.3,1.6;4.8;3.0;1.9;0.6;0.6;40.2;48.8;3.9;5.5;44.5;39.7;0.9;1.2;0.0;0.0;0.2;0.0;0.2;0.0;0.5;0.3;0.2;0.3,31.4,0.07,0.0,0.08,14.42,0.0,341.0,10693.0,4,16,,,,,,,,,,,,,,,,,,,,,,,,,,,,,,,,,,,,,,,,,,,,,,,,,,,,,,,,,,,,,
51,25,,,,,,,100,72,69,14,236.3,2730,10801,38,0,8.0,1.9;4.6;1.7;0.9;0.5;0.5;37.2;40.5;5.0;3.6;47.3;43.3;1.9;1.6;0.2;0.0;0.0;0.0;0.0;0.0;0.5;0.3;0.3;0.0,31.4,0.07,0.0,0.02,14.42,0.0,2783.0,0.0,4,16,,,,,,,,,,,,,,,,,,,,,,,,,,,,,,,,,,,,,,,,,,,,,,,,,,,,,,,,,,,,,
51,26,,,,,,,100,76,68,14,237.7,2730,10801,38,0,7.9,1.3;4.3;3.0;2.3;0.8;0.8;51.9;45.3;7.5;4.5;33.3;33.2;0.8;0.5;0.2;0.2;0.0;0.2;0.0;0.0;0.3;0.0;0.0;0.0,31.39,0.07,0.0,0.03,14.42,0.0,341.0,2148.0,4,16,,,,,,,,,,,,,,,,,,,,,,,,,,,,,,,,,,,,,,,,,,,,,,,,,,,,,,,,,,,,,
51,27,,,,,,,100,74,68,21,233.1,2730,10801,38,0,8.3,2.3;6.1;2.2;0.9;0.3;0.8;59.1;50.1;6.1;3.9;36.4;25.5;1.2;0.9;0.2;0.3;0.6;0.3;0.0;0.3;0.3;0.0;0.2;0.6,31.39,0.07,0.0,0.02,14.42,0.0,292.0,1513.0,4,16,,,,,,,,,,,,,,,,,,,,,,,,,,,,,,,,,,,,,,,,,,,,,,,,,,,,,,,,,,,,,
51,28,,,,,,,100,66,70,14,236.0,2730,10801,38,0,8.0,0.9;4.5;2.0;1.9;0.5;0.5;45.7;40.5;3.1;3.4;44.2;43.6;0.6;0.8;0.3;0.0;0.3;0.0;0.0;0.2;0.0;0.5;0.2;0.0,31.39,0.07,0.0,0.03,14.42,0.0,1611.0,390.0,4,16,,,,,,,,,,,,,,,,,,,,,,,,,,,,,,,,,,,,,,,,,,,,,,,,,,,,,,,,,,,,,
51,29,,,,,,,100,76,69,16,236.5,2730,10801,38,0,8.8,2.0;6.9;1.9;2.3;0.8;0.8;48.5;36.6;6.7;5.8;38.1;52.2;0.9;1.3;0.2;0.3;0.6;0.3;0.5;0.3;0.6;0.5;0.5;1.4,31.38,0.07,0.0,0.05,14.42,0.0,1708.0,341.0,4,16,,,,,,,,,,,,,,,,,,,,,,,,,,,,,,,,,,,,,,,,,,,,,,,,,,,,,,,,,,,,,
51,30,,,,,,,98,76,68,15,231.7,2730,10801,38,0,6.0,0.3;2.6;0.5;1.9;0.3;0.8;42.8;31.2;3.0;2.5;28.4;28.9;0.0;0.3;0.0;0.0;0.0;0.0;0.2;0.0;0.0;0.0;0.0;0.0,31.37,0.07,0.0,0.02,14.42,0.0,7031.0,1757.0,4,16,,,,,,,,,,,,,,,,,,,,,,,,,,,,,,,,,,,,,,,,,,,,,,,,,,,,,,,,,,,,,
51,31,,,,,,,100,71,68,17,236.2,2730,10801,38,0,5.8,1.0;6.7;1.0;0.7;0.7;0.2;16.2;14.3;1.7;2.2;19.5;73.0;0.2;0.0;0.0;0.2;0.0;0.0;0.0;0.2;0.0;0.2;0.0;0.0,31.37,0.07,0.0,0.06,14.42,0.0,341.0,390.0,4,16,,,,,,,,,,,,,,,,,,,,,,,,,,,,,,,,,,,,,,,,,,,,,,,,,,,,,,,,,,,,,
51,summary,0.31125278829517355,0.9926903913942452,0.28321710364023844,0.9997777777777778,0.00100000,313.7,,,,,,,,,,,,,,,,,,,,,,93,99.71,100,58,74.71,90,64,68.32,71,14,16.35,22,115.1,232.09,238.9,2730.0,10801.0,38.0,0,5.8,8.28,20.7,31.36,31.39,31.47,63.16,0.07,0.07,0.07,16.0,0.0,0.0,0.0,0.01,0.27,3.08,11.015,16.348,14.42,14.42,14.42,15.992,0.0,0.0,0.0,0.0,2289.68,29443.0,0.0,6325.19,115673.0,4,4.0,4,16,16.0,16,4,16,6.36,291.12
52,1,,,,,,,100,88,66,19,123.4,2730,10801,38,0,21.1,19.8;21.3;22.5;22.9;21.0;20.8;67.9;58.0;23.9;26.2;56.2;57.6;13.2;14.5;2.7;4.5;9.7;10.8;2.3;2.5;7.7;8.7;5.1;6.0,31.51,0.07,0.01,0.07,14.42,0.0,2685.0,5517.0,4,16,,,,,,,,,,,,,,,,,,,,,,,,,,,,,,,,,,,,,,,,,,,,,,,,,,,,,,,,,,,,,
52,2,,,,,,,100,87,69,17,235.7,2730,10801,38,0,8.0,0.8;4.6;2.5;3.1;0.2;0.8;48.2;39.7;3.8;6.2;34.4;45.7;0.8;0.8;0.0;0.0;0.0;0.0;0.0;0.2;0.0;0.2;0.0;0.2,31.46,0.07,0.0,4.59,14.42,0.0,0.0,1708.0,4,16,,,,,,,,,,,,,,,,,,,,,,,,,,,,,,,,,,,,,,,,,,,,,,,,,,,,,,,,,,,,,
52,3,,,,,,,100,75,70,20,235.3,2730,10801,38,0,7.9,0.9;3.9;2.0;2.0;0.5;0.8;54.2;41.2;2.8;5.6;21.6;48.4;0.8;0.8;0.2;0.2;0.3;0.2;0.0;0.2;0.5;0.3;0.5;0.3,31.44,0.07,0.02,2.67,14.42,0.0,1464.0,0.0,4,16,,,,,,,,,,,,,,,,,,,,,,,,,,,,,,,,,,,,,,,,,,,,,,,,,,,,,,,,,,,,,
52,4,,,,,,,100,72,69,15,237.8,2730,10801,38,0,7.8,0.9;4.0;2.8;2.4;0.6;0.2;68.0;28.9;3.3;5.0;27.4;42.2;0.6;0.6;0.0;0.2;0.0;0.0;0.0;0.3;0.0;0.0;0.2;0.2,31.42,0.07,0.0,1.62,14.42,0.0,2050.0,1757.0,4,16,,,,,,,,,,,,,,,,,,,,,,,,,,,,,,,,,,,,,,,,,,,,,,,,,,,,,,,,,,,,,
52,5,,,,,,,100,76,70,17,234.1,2730,10801,38,0,8.2,1.6;3.4;3.1;1.4;0.5;1.2;38.2;46.3;3.7;7.2;44.6;42.2;0.9;1.3;0.0;0.2;0.2;0.3;0.0;0.0;0.3;0.2;0.0;0.2,31.37,0.07,0.0,2.82,14.42,0.0,0.0,1318.0,4,16,,,,,,,,,,,,,,,,,,,,,,,,,,,,,,,,,,,,,,,,,,,,,,,,,,,,,,,,,,,,,
52,6,,,,,,,100,84,67,16,235.9,2730,10801,38,0,8.0,1.1;5.5;0.8;3.1;0.2;1.1;52.0;30.4;6.0;7.0;42.7;40.3;0.8;0.6;0.2;0.0;0.3;0.0;0.2;0.2;0.2;0.0;0.0;0.2,31.38,0.07,0.0,0.02,14.42,0.0,2880.0,97.0,4,16,,,,,,,,,,,,,,,,,,,,,,,,,,,,,,,,,,,,,,,,,,,,,,,,,,,,,,,,,,,,,
52,7,,,,,,,100,87,67,21,236.9,2730,10801,38,0,7.9,1.1;3.9;0.6;1.1;0.2;0.6;46.6;42.3;3.8;4.4;37.3;42.7;0.5;0.6;0.2;0.2;0.0;0.0;0.2;0.3;0.0;0.3;0.0;0.2,31.39,0.07,0.0,0.06,14.42,0.0,2880.0,97.0,4,16,,,,,,,,,,,,,,,,,,,,,,,,,,,,,,,,,,,,,,,,,,,,,,,,,,,,,,,,,,,,,
52,8,,,,,,,100,71,69,21,232.5,2730,10801,38,0,8.2,2.0;4.7;2.5;1.9;2.2;2.0;43.9;39.0;4.0;4.1;35.6;54.2;0.6;0.3;0.0;0.0;0.0;0.2;0.0;0.0;0.0;0.5;0.2;0.3,31.39,0.07,0.0,0.02,14.42,0.0,1318.0,1367.0,4,16,,,,,,,,,,,,,,,,,,,,,,,,,,,,,,,,,,,,,,,,,,,,,,,,,,,,,,,,,,,,,
52,9,,,,,,,100,79,66,22,237.9,2730,10801,38,0,7.6,0.6;2.3;0.9;1.9;1.2;1.2;51.0;49.7;2.0;5.3;18.7;46.7;0.9;0.6;0.2;0.2;0.0;0.2;0.0;0.0;0.0;0.0;0.0;0.0,31.39,0.07,0.0,0.03,14.42,0.0,341.0,1513.0,4,16,,,,,,,,,,,,,,,,,,,,,,,,,,,,,,,,,,,,,,,,,,,,,,,,,,,,,,,,,,,,,
52,10,,,,,,,100,71,69,16,236.0,2730,10801,38,0,8.3,1.1;4.9;2.0;2.5;0.5;0.6;49.9;50.2;3.1;6.6;31.9;41.3;1.1;0.3;0.0;0.0;0.3;0.0;0.0;0.2;0.0;0.0;0.5;0.3,31.38,0.07,0.0,0.03,14.42,0.0,537.0,1806.0,4,16,,,,,,,,,,,,,,,,,,,,,,,,,,,,,,,,,,,,,,,,,,,,,,,,,,,,,,,,,,,,,
52,11,,,,,,,100,86,64,14,232.3,2730,10801,38,0,8.0,0.8;3.7;1.1;1.6;0.0;0.9;45.3;50.5;1.7;6.4;28.1;48.0;0.8;0.8;0.0;0.0;0.3;0.3;0.0;0.0;0.3;0.3;0.3;0.3,31.39,0.07,0.0,0.02,14.42,0.0,48.0,1904.0,4,16,,,,,,,,,,,,,,,,,,,,,,,,,,,,,,,,,,,,,,,,,,,,,,,,,,,,,,,,,,,,,
52,12,,,,,,,100,64,69,16,237.3,2730,10801,38,0,7.7,0.8;3.3;1.4;2.5;0.9;0.6;47.3;39.3;2.7;6.9;38.1;39.0;0.5;0.6;0.0;0.0;0.0;0.0;0.0;0.0;0.2;0.9;0.3;0.0,31.38,0.07,0.0,0.03,14.42,0.0,1464.0,0.0,4,16,,,,,,,,,,,,,,,,,,,,,,,,,,,,,,,,,,,,,,,,,,,,,,,,,,,,,,,,,,,,,
52,13,,,,,,,100,73,68,16,236.2,2730,10801,38,0,8.1,0.9;3.7;0.9;2.2;0.5;0.8;45.4;32.0;3.1;7.8;34.5;57.6;0.5;0.8;0.5;0.8;0.2;0.2;0.2;0.2;0.2;0.8;0.5;0.5,31.39,0.07,0.0,0.01,14.42,0.0,2001.0,1562.0,4,16,,,,,,,,,,,,,,,,,,,,,,,,,,,,,,,,,,,,,,,,,,,,,,,,,,,,,,,,,,,,,
52,14,,,,,,,100,72,69,21,236.6,2730,10801,38,0,7.9,1.2;2.2;2.2;0.9;0.8;0.5;49.1;34.8;4.2;6.1;36.2;49.1;0.9;0.6;0.0;0.2;0.0;0.2;0.0;0.0;0.0;0.3;0.0;0.0,31.38,0.07,0.0,0.03,14.42,0.0,1904.0,4345.0,4,16,,,,,,,,,,,,,,,,,,,,,,,,,,,,,,,,,,,,,,,,,,,,,,,,,,,,,,,,,,,,,
52,15,,,,,,,100,78,69,14,236.9,2730,10801,38,0,7.9,0.6;4.8;1.4;1.3;0.2;0.3;41.6;32.9;3.6;4.7;37.6;58.4;0.6;0.9;0.0;0.0;0.0;0.3;0.0;0.0;0.2;0.6;0.2;0.2,31.39,0.07,0.0,0.07,14.42,0.0,1318.0,1757.0,4,16,,,,,,,,,,,,,,,,,,,,,,,,,,,,,,,,,,,,,,,,,,,,,,,,,,,,,,,,,,,,,
52,16,,,,,,,100,72,69,16,238.7,2730,10801,38,0,8.0,1.1;4.5;0.8;1.6;0.5;0.8;59.9;36.7;3.0;5.3;29.7;43.7;0.8;0.9;0.0;0.0;0.2;0.8;0.0;0.0;0.0;0.3;0.3;0.2,31.4,0.07,0.0,0.01,14.42,0.0,1416.0,341.0,4,16,,,,,,,,,,,,,,,,,,,,,,,,,,,,,,,,,,,,,,,,,,,,,,,,,,,,,,,,,,,,,
52,17,,,,,,,100,76,68,15,237.7,2730,10801,38,0,8.3,1.2;3.1;1.9;2.3;1.1;0.6;49.8;48.1;5.4;5.6;36.9;40.2;0.5;1.1;0.3;0.0;0.2;0.5;0.0;0.0;0.0;0.5;0.0;0.6,31.4,0.07,0.0,0.03,14.42,0.0,3710.0,5468.0,4,16,,,,,,,,,,,,,,,,,,,,,,,,,,,,,,,,,,,,,,,,,,,,,,,,,,,,,,,,,,,,,
52,18,,,,,,,100,76,69,15,237.0,2730,10801,38,0,7.9,1.1;3.2;0.8;1.1;0.5;0.3;54.8;49.8;5.8;4.4;34.6;30.8;0.6;0.8;0.0;0.2;0.0;0.0;0.0;0.0;0.0;0.0;0.5;0.2,31.42,0.07,0.0,0.03,14.42,0.0,2734.0,1464.0,4,16,,,,,,,,,,,,,,,,,,,,,,,,,,,,,,,,,,,,,,,,,,,,,,,,,,,,,,,,,,,,,
52,19,,,,,,,100,73,68,22,238.7,2730,10801,38,0,8.4,1.3;5.1;1.4;3.9;0.8;0.9;55.6;36.1;4.8;7.0;36.8;46.9;0.8;0.9;0.3;0.0;0.0;0.2;0.0;0.0;0.0;0.3;0.0;0.0,31.41,0.07,0.01,0.05,14.42,0.0,2539.0,1562.0,4,16,,,,,,,,,,,,,,,,,,,,,,,,,,,,,,,,,,,,,,,,,,,,,,,,,,,,,,,,,,,,,
52,20,,,,,,,100,72,69,15,237.9,2730,10801,38,0,7.8,1.4;3.6;1.7;2.3;0.6;0.9;38.0;43.4;2.5;5.5;46.2;37.8;0.9;0.8;1.2;0.3;0.2;0.0;0.0;0.0;0.0;0.0;0.8;0.2,31.37,0.07,0.0,0.08,14.42,0.0,878.0,7128.0,4,16,,,,,,,,,,,,,,,,,,,,,,,,,,,,,,,,,,,,,,,,,,,,,,,,,,,,,,,,,,,,,
52,21,,,,,,,100,71,69,15,236.0,2730,10801,38,0,8.4,1.9;7.3;1.4;3.3;1.2;0.9;51.9;38.4;5.1;5.9;33.6;46.3;0.8;1.1;0.0;0.3;0.2;0.3;0.2;0.0;0.2;0.5;0.3;0.0,31.4,0.07,0.0,0.02,14.42,0.0,1660.0,1806.0,4,16,,,,,,,,,,,,,,,,,,,,,,,,,,,,,,,,,,,,,,,,,,,,,,,,,,,,,,,,,,,,,
52,22,,,,,,,100,88,70,17,237.6,2730,10801,38,0,7.8,1.1;1.9;0.9;1.7;0.3;0.6;57.3;40.8;3.1;4.0;29.1;42.7;0.8;0.5;0.0;0.0;0.0;0.0;0.2;0.0;0.2;0.0;0.3;0.3,31.39,0.07,0.0,0.03,14.42,0.0,29980.0,82031.0,4,16,,,,,,,,,,,,,,,,,,,,,,,,,,,,,,,,,,,,,,,,,,,,,,,,,,,,,,,,,,,,,
52,23,,,,,,,100,84,68,16,237.3,2730,10801,38,0,7.9,1.4;4.8;2.2;3.1;0.0;0.9;41.4;51.2;3.4;5.5;28.2;45.9;0.8;0.9;0.0;0.2;0.2;0.0;0.0;0.2;0.0;0.2;0.0;0.0,31.39,0.07,0.0,0.04,14.42,0.0,1464.0,97.0,4,16,,,,,,,,,,,,,,,,,,,,,,,,,,,,,,,,,,,,,,,,,,,,,,,,,,,,,,,,,,,,,
52,24,,,,,,,100,73,69,14,233.7,2730,10801,38,0,8.1,2.2;2.2;1.9;2.3;0.5;0.9;45.0;36.4;4.4;6.4;35.3;53.3;0.6;0.5;0.2;0.6;0.2;0.5;0.0;0.0;0.0;0.0;0.3;0.0,31.41,0.07,0.0,0.03,14.42,0.0,781.0,1464.0,4,16,,,,,,,,,,,,,,,,,,,,,,,,,,,,,,,,,,,,,,,,,,,,,,,,,,,,,,,,,,,,,
52,25,,,,,,,100,83,68,17,237.1,2730,10801,38,0,8.4,1.6;5.4;2.3;1.9;0.6;1.3;54.4;34.1;4.8;7.5;35.3;47.6;0.6;2.2;0.3;0.0;0.2;0.0;0.0;0.0;0.3;0.2;0.2;0.2,31.4,0.07,0.0,0.05,14.42,0.0,33593.0,20654.0,4,16,,,,,,,,,,,,,,,,,,,,,,,,,,,,,,,,,,,,,,,,,,,,,,,,,,,,,,,,,,,,,
52,26,,,,,,,100,87,70,13,237.2,2730,10801,38,0,8.1,1.6;3.3;1.7;2.2;0.5;0.5;35.5;55.9;4.7;5.6;38.8;41.6;1.3;0.8;0.0;0.0;0.0;0.0;0.0;0.0;0.0;0.0;0.5;0.2,31.42,0.07,0.0,0.03,14.42,0.0,2929.0,1562.0,4,16,,,,,,,,,,,,,,,,,,,,,,,,,,,,,,,,,,,,,,,,,,,,,,,,,,,,,,,,,,,,,
52,27,,,,,,,100,84,68,15,233.4,2730,10801,38,0,8.0,0.9;1.7;0.9;1.9;1.1;0.9;57.8;51.0;4.2;4.7;27.4;34.8;0.8;1.1;0.3;0.3;0.3;0.3;0.3;0.3;0.3;0.5;0.0;0.0,31.4,0.07,0.0,0.03,14.42,0.0,1806.0,292.0,4,16,,,,,,,,,,,,,,,,,,,,,,,,,,,,,,,,,,,,,,,,,,,,,,,,,,,,,,,,,,,,,
52,28,,,,,,,100,86,70,14,237.2,2730,10801,38,0,8.1,2.5;4.2;2.3;1.4;0.8;0.3;53.7;43.2;4.7;4.7;39.6;33.6;1.4;0.6;0.0;0.0;0.0;0.0;0.2;0.0;0.0;0.2;0.2;0.0,31.38,0.07,0.0,0.03,14.42,0.0,1416.0,1757.0,4,16,,,,,,,,,,,,,,,,,,,,,,,,,,,,,,,,,,,,,,,,,,,,,,,,,,,,,,,,,,,,,
52,29,,,,,,,98,83,69,15,236.8,2730,10801,38,0,8.1,1.3;4.3;1.4;1.6;0.2;0.6;31.3;38.4;5.9;3.9;41.6;59.8;0.8;0.8;0.0;0.2;0.0;0.0;0.2;0.0;0.8;0.2;0.0;0.2,31.4,0.07,0.0,0.02,14.42,0.0,488.0,1416.0,4,16,,,,,,,,,,,,,,,,,,,,,,,,,,,,,,,,,,,,,,,,,,,,,,,,,,,,,,,,,,,,,
52,30,,,,,,,100,82,69,18,232.7,2730,10801,38,0,6.1,0.6;4.6;1.9;2.0;0.6;0.5;47.2;34.2;3.6;3.7;20.8;25.9;0.2;0.0;0.2;0.2;0.0;0.0;0.0;0.2;0.2;0.2;0.2;0.2,31.39,0.07,0.0,0.04,14.42,0.0,292.0,683.0,4,16,,,,,,,,,,,,,,,,,,,,,,,,,,,,,,,,,,,,,,,,,,,,,,,,,,,,,,,,,,,,,
52,31,,,,,,,98,77,72,20,236.4,2730,10801,38,0,5.9,1.5;4.6;2.0;1.2;0.5;1.2;21.6;20.6;2.0;3.7;38.5;38.1;0.0;2.2;0.2;0.5;0.5;0.5;0.0;0.0;0.2;0.7;0.7;0.2,31.39,0.07,0.0,0.04,14.42,0.0,1123.0,17773.0,4,16,,,,,,,,,,,,,,,,,,,,,,,,,,,,,,,,,,,,,,,,,,,,,,,,,,,,,,,,,,,,,
52,summary,0.3111495571960962,0.9927359341269913,0.28325685228241815,0.9997777777777778,0.00100000,313.4,,,,,,,,,,,,,,,,,,,,,,98,99.87,100,64,78.39,88,64,68.58,72,13,16.84,22,123.4,232.59,238.7,2730.0,10801.0,38.0,0,5.9,8.32,21.1,31.37,31.4,31.51,63.16,0.07,0.07,0.07,16.0,0.0,0.0,0.02,0.01,0.41,4.59,11.015,16.348,14.42,14.42,14.42,15.992,0.0,0.0,0.0,0.0,3474.16,33593.0,0.0,5491.81,82031.0,4,4.0,4,16,16.0,16,4,16,6.09,291.11
53,1,,,,,,,100,69,66,17,110.1,2745,10801,38,0,20.9,19.4;21.7;23.7;22.6;21.2;21.7;60.5;68.8;25.5;24.4;51.3;60.8;13.2;11.2;4.7;5.0;7.7;8.7;2.6;2.7;6.7;6.1;5.1;6.2,31.44,0.07,0.0,0.02,14.42,0.0,1220.0,5908.0,4,16,,,,,,,,,,,,,,,,,,,,,,,,,,,,,,,,,,,,,,,,,,,,,,,,,,,,,,,,,,,,,
53,2,,,,,,,100,71,69,17,235.8,2730,10801,38,0,8.0,0.8;3.4;3.3;3.3;1.4;1.4;39.9;49.5;5.0;5.5;35.4;41.3;1.4;0.6;0.5;0.0;0.3;0.0;0.2;0.0;0.0;0.0;0.0;0.2,31.42,0.07,0.0,3.07,14.42,0.0,1171.0,1367.0,4,16,,,,,,,,,,,,,,,,,,,,,,,,,,,,,,,,,,,,,,,,,,,,,,,,,,,,,,,,,,,,,
53,3,,,,,,,100,67,70,14,236.5,2730,10801,38,0,7.9,1.7;4.8;2.5;1.1;0.5;0.6;35.2;53.4;3.1;3.8;30.8;49.1;0.8;0.8;0.0;0.0;0.2;0.2;0.0;0.0;0.0;0.0;0.0;0.0,31.42,0.07,0.0,1.62,14.42,0.0,683.0,1611.0,4,16,,,,,,,,,,,,,,,,,,,,,,,,,,,,,,,,,,,,,,,,,,,,,,,,,,,,,,,,,,,,,
53,4,,,,,,,100,77,69,19,237.3,2730,10801,38,0,8.1,2.8;2.3;3.1;2.7;0.3;0.5;38.2;34.8;5.9;3.8;52.0;45.0;1.2;0.8;0.2;0.3;0.0;0.0;0.0;0.0;0.2;0.2;0.0;0.0,31.39,0.07,0.0,2.93,14.42,0.0,1123.0,146.0,4,16,,,,,,,,,,,,,,,,,,,,,,,,,,,,,,,,,,,,,,,,,,,,,,,,,,,,,,,,,,,,,
53,5,,,,,,,100,73,68,21,235.1,2730,10801,38,0,8.2,1.1;4.3;2.3;1.6;0.9;0.3;50.5;51.7;5.8;4.2;36.2;35.7;0.5;0.5;0.2;0.2;0.0;0.0;0.0;0.2;0.2;0.0;0.2;0.2,31.39,0.07,0.0,0.02,14.42,0.0,341.0,390.0,4,16,,,,,,,,,,,,,,,,,,,,,,,,,,,,,,,,,,,,,,,,,,,,,,,,,,,,,,,,,,,,,
53,6,,,,,,,100,76,69,15,236.2,2730,10801,38,0,7.9,1.3;3.7;1.9;1.7;0.5;0.3;38.7;42.6;4.4;2.8;34.1;55.1;0.8;0.8;0.0;0.0;0.2;0.0;0.0;0.0;0.0;0.3;0.2;0.2,31.37,0.07,0.0,0.04,14.42,0.0,1416.0,1611.0,4,16,,,,,,,,,,,,,,,,,,,,,,,,,,,,,,,,,,,,,,,,,,,,,,,,,,,,,,,,,,,,,
53,7,,,,,,,100,73,69,14,238.3,2730,10801,38,0,8.7,3.0;4.8;3.1;1.4;0.2;1.4;45.4;41.3;5.9;3.4;40.4;47.2;1.2;1.6;0.2;0.8;0.8;0.9;0.2;0.5;0.5;0.5;3.3;0.9,31.38,0.07,0.0,0.03,14.42,0.0,1953.0,0.0,4,16,,,,,,,,,,,,,,,,,,,,,,,,,,,,,,,,,,,,,,,,,,,,,,,,,,,,,,,,,,,,,
53,8,,,,,,,100,71,70,16,234.6,2730,10801,38,0,8.1,1.1;6.2;1.6;1.2;0.6;1.1;46.2;37.6;7.3;3.3;43.2;42.1;0.6;0.9;0.0;0.2;0.0;0.2;0.0;0.2;0.0;0.0;0.0;0.0,31.4,0.07,0.0,0.01,14.42,0.0,3369.0,1416.0,4,16,,,,,,,,,,,,,,,,,,,,,,,,,,,,,,,,,,,,,,,,,,,,,,,,,,,,,,,,,,,,,
53,9,,,,,,,100,74,68,17,237.6,2730,10801,38,0,8.0,1.9;3.4;1.4;1.7;0.6;0.6;38.5;41.6;5.4;5.6;36.4;51.9;0.6;0.5;0.0;0.3;0.5;0.0;0.3;0.2;0.3;0.2;0.0;0.5,31.38,0.07,0.0,0.03,14.42,0.0,0.0,1464.0,4,16,,,,,,,,,,,,,,,,,,,,,,,,,,,,,,,,,,,,,,,,,,,,,,,,,,,,,,,,,,,,,
53,10,,,,,,,100,73,68,19,236.5,2730,10801,38,0,8.3,2.5;5.1;2.2;1.6;0.5;0.8;41.1;48.5;5.3;5.3;39.6;43.6;0.8;0.6;0.0;0.0;0.0;0.2;0.0;0.0;0.3;0.0;0.0;0.2,31.39,0.07,0.0,0.03,14.42,0.0,21875.0,1611.0,4,16,,,,,,,,,,,,,,,,,,,,,,,,,,,,,,,,,,,,,,,,,,,,,,,,,,,,,,,,,,,,,
53,11,,,,,,,100,58,67,20,232.6,2730,10801,38,0,8.4,1.1;2.5;3.0;2.2;0.6;0.8;55.6;41.0;6.2;3.3;37.1;41.3;1.5;3.7;0.2;0.0;0.2;0.3;0.3;0.0;0.0;0.2;0.2;0.2,31.38,0.07,0.0,0.03,14.42,0.0,12890.0,15283.0,4,16,,,,,,,,,,,,,,,,,,,,,,,,,,,,,,,,,,,,,,,,,,,,,,,,,,,,,,,,,,,,,
53,12,,,,,,,100,64,68,15,238.0,2730,10801,38,0,8.3,1.4;5.5;2.8;2.0;1.1;0.9;48.4;38.5;5.7;5.3;27.0;56.2;0.8;0.8;0.2;0.2;0.5;0.2;0.2;0.3;0.6;0.3;0.6;0.0,31.35,0.07,0.0,0.02,14.42,0.0,28857.0,110449.0,4,16,,,,,,,,,,,,,,,,,,,,,,,,,,,,,,,,,,,,,,,,,,,,,,,,,,,,,,,,,,,,,
53,13,,,,,,,100,75,68,14,236.2,2730,10801,38,0,7.9,1.7;2.3;0.5;1.1;2.0;1.6;42.6;47.8;3.3;5.2;34.2;45.0;1.1;0.8;0.2;0.2;0.0;0.2;0.0;0.0;0.2;0.0;0.2;0.2,31.38,0.07,0.0,0.02,14.42,0.0,1123.0,1416.0,4,16,,,,,,,,,,,,,,,,,,,,,,,,,,,,,,,,,,,,,,,,,,,,,,,,,,,,,,,,,,,,,
53,14,,,,,,,100,69,69,16,232.8,2730,10801,38,0,7.7,0.8;3.5;1.1;0.9;0.5;0.3;52.3;38.5;5.8;2.7;34.5;42.8;0.8;0.3;0.5;0.0;0.2;0.0;0.0;0.0;0.2;0.0;0.0;0.2,31.38,0.07,0.0,0.03,14.42,0.0,6542.0,2832.0,4,16,,,,,,,,,,,,,,,,,,,,,,,,,,,,,,,,,,,,,,,,,,,,,,,,,,,,,,,,,,,,,
53,15,,,,,,,86,69,68,19,234.1,2730,10801,38,0,8.1,1.6;4.8;3.4;2.5;0.8;0.8;35.6;31.2;6.6;4.1;45.4;54.3;0.6;0.8;0.0;0.3;0.2;0.0;0.2;0.0;0.0;0.0;0.0;0.0,31.38,0.07,0.0,0.03,14.42,0.0,634.0,1660.0,4,16,,,,,,,,,,,,,,,,,,,,,,,,,,,,,,,,,,,,,,,,,,,,,,,,,,,,,,,,,,,,,
53,16,,,,,,,100,74,69,14,237.1,2730,10801,38,0,7.9,0.6;4.0;1.3;1.7;0.8;0.6;40.0;43.9;3.9;3.0;36.4;51.3;0.8;0.5;0.0;0.2;0.0;0.0;0.0;0.0;0.2;0.2;0.3;0.0,31.38,0.07,0.0,0.02,14.42,0.0,292.0,1806.0,4,16,,,,,,,,,,,,,,,,,,,,,,,,,,,,,,,,,,,,,,,,,,,,,,,,,,,,,,,,,,,,,
53,17,,,,,,,100,79,70,17,236.4,2730,10801,38,0,8.0,0.8;2.8;3.4;3.6;0.8;1.1;41.0;42.0;4.5;3.0;40.2;44.0;0.8;0.8;1.3;0.0;0.2;0.2;0.2;0.0;0.3;0.5;0.0;0.5,31.38,0.07,0.0,0.06,14.42,0.0,2636.0,5419.0,4,16,,,,,,,,,,,,,,,,,,,,,,,,,,,,,,,,,,,,,,,,,,,,,,,,,,,,,,,,,,,,,
53,18,,,,,,,100,77,70,15,236.8,2730,10801,38,0,8.0,1.6;3.9;2.5;2.3;0.9;0.6;39.1;32.0;2.7;5.2;37.3;60.3;0.8;0.5;0.2;0.0;0.2;0.2;0.0;0.0;0.3;0.3;0.2;0.0,31.39,0.07,0.0,0.02,14.42,0.0,1464.0,0.0,4,16,,,,,,,,,,,,,,,,,,,,,,,,,,,,,,,,,,,,,,,,,,,,,,,,,,,,,,,,,,,,,
53,19,,,,,,,100,72,69,20,237.1,2730,10801,38,0,7.8,1.2;3.1;1.2;1.4;0.8;0.6;47.4;36.3;3.1;4.7;34.5;50.2;0.6;1.1;0.2;0.0;0.6;0.2;0.0;0.2;0.0;0.2;0.0;0.2,31.39,0.07,0.0,0.02,14.42,0.0,1660.0,1416.0,4,16,,,,,,,,,,,,,,,,,,,,,,,,,,,,,,,,,,,,,,,,,,,,,,,,,,,,,,,,,,,,,
53,20,,,,,,,100,75,69,21,238.3,2730,10801,38,0,7.8,0.9;2.8;2.2;1.1;0.2;0.5;33.0;54.5;2.4;4.4;38.4;45.4;1.1;0.6;0.0;0.0;0.0;0.2;0.0;0.0;0.0;0.0;0.0;0.0,31.39,0.07,0.0,0.03,14.42,0.0,341.0,4150.0,4,16,,,,,,,,,,,,,,,,,,,,,,,,,,,,,,,,,,,,,,,,,,,,,,,,,,,,,,,,,,,,,
53,21,,,,,,,100,76,69,15,236.0,2730,10801,38,0,7.8,1.6;4.6;1.9;0.9;0.3;0.5;48.1;32.0;3.6;4.4;33.1;54.3;0.3;0.8;0.0;0.0;0.0;0.0;0.0;0.0;0.0;0.0;0.3;0.0,31.39,0.07,0.0,0.03,14.42,0.0,878.0,244.0,4,16,,,,,,,,,,,,,,,,,,,,,,,,,,,,,,,,,,,,,,,,,,,,,,,,,,,,,,,,,,,,,
53,22,,,,,,,100,79,70,17,238.2,2730,10801,38,0,8.4,0.8;3.2;2.3;2.3;0.8;0.9;31.8;51.1;5.4;5.8;45.0;45.8;0.8;2.5;0.3;0.8;0.3;0.5;0.2;0.0;0.6;0.0;0.0;0.6,31.39,0.07,0.0,0.02,14.42,0.0,54882.0,20703.0,4,16,,,,,,,,,,,,,,,,,,,,,,,,,,,,,,,,,,,,,,,,,,,,,,,,,,,,,,,,,,,,,
53,23,,,,,,,100,71,69,15,238.1,2730,10801,38,0,8.1,1.7;3.6;1.3;1.7;1.4;3.1;54.1;32.1;4.4;3.5;46.9;38.3;0.6;1.1;0.2;0.0;0.0;0.0;0.2;0.0;0.0;0.2;0.0;0.0,31.38,0.07,0.0,0.02,14.42,0.0,2880.0,1367.0,4,16,,,,,,,,,,,,,,,,,,,,,,,,,,,,,,,,,,,,,,,,,,,,,,,,,,,,,,,,,,,,,
53,24,,,,,,,100,76,68,16,235.3,2730,10801,38,0,8.5,2.0;5.9;3.1;3.0;0.9;0.8;40.6;41.5;3.4;4.2;39.1;55.0;1.2;0.8;0.0;0.0;0.2;0.3;0.0;0.3;0.0;0.5;0.0;0.2,31.38,0.07,0.0,0.04,14.42,0.0,585.0,195.0,4,16,,,,,,,,,,,,,,,,,,,,,,,,,,,,,,,,,,,,,,,,,,,,,,,,,,,,,,,,,,,,,
53,25,,,,,,,100,75,68,19,236.7,2730,10801,38,0,8.2,1.9;6.3;2.2;1.7;0.6;0.9;44.9;34.7;5.5;3.0;35.8;55.0;0.6;0.8;0.0;0.3;0.0;0.2;0.2;0.0;0.3;0.2;0.2;0.5,31.39,0.07,0.0,0.04,14.42,0.0,2880.0,1367.0,4,16,,,,,,,,,,,,,,,,,,,,,,,,,,,,,,,,,,,,,,,,,,,,,,,,,,,,,,,,,,,,,
53,26,,,,,,,100,81,66,14,237.0,2730,10801,38,0,8.4,1.6;5.3;1.7;1.9;1.4;0.5;47.7;38.9;5.0;3.8;39.1;48.4;1.1;0.8;0.5;0.3;0.5;0.3;0.2;0.3;0.2;0.9;0.0;0.3,31.4,0.07,0.0,0.02,14.42,0.0,341.0,830.0,4,16,,,,,,,,,,,,,,,,,,,,,,,,,,,,,,,,,,,,,,,,,,,,,,,,,,,,,,,,,,,,,
53,27,,,,,,,100,76,67,16,232.4,2730,10801,38,0,7.9,0.9;2.8;2.2;1.7;0.3;0.3;46.7;52.0;3.0;5.5;26.4;46.9;0.8;0.6;0.0;0.2;0.2;0.0;0.0;0.0;0.0;0.0;0.5;0.0,31.38,0.07,0.0,0.03,14.42,0.0,1757.0,1855.0,4,16,,,,,,,,,,,,,,,,,,,,,,,,,,,,,,,,,,,,,,,,,,,,,,,,,,,,,,,,,,,,,
53,28,,,,,,,100,87,66,15,236.9,2730,10801,38,0,8.3,1.6;5.5;1.6;3.1;0.8;0.8;41.2;39.8;4.4;6.9;41.9;50.0;1.7;0.8;0.0;0.0;0.2;0.0;0.0;0.2;0.3;0.2;0.0;0.2,31.4,0.07,0.0,0.01,14.42,0.0,1123.0,1855.0,4,16,,,,,,,,,,,,,,,,,,,,,,,,,,,,,,,,,,,,,,,,,,,,,,,,,,,,,,,,,,,,,
53,29,,,,,,,99,84,70,21,235.3,2730,10801,38,0,8.2,1.1;4.2;1.3;1.1;1.6;1.3;43.3;48.3;5.3;4.1;40.5;40.1;0.9;1.1;0.0;0.2;0.3;0.2;0.2;0.0;0.0;0.3;0.5;0.2,31.4,0.07,0.0,0.04,14.42,0.0,292.0,390.0,4,16,,,,,,,,,,,,,,,,,,,,,,,,,,,,,,,,,,,,,,,,,,,,,,,,,,,,,,,,,,,,,
53,30,,,,,,,100,88,70,13,233.9,2730,10801,38,0,6.3,0.8;3.5;2.2;3.1;0.3;0.9;21.4;37.9;3.6;2.0;31.2;43.5;0.5;0.2;0.0;0.2;0.0;0.0;0.0;0.2;0.0;0.2;0.2;0.0,31.39,0.07,0.0,0.03,14.42,0.0,1855.0,224169.0,4,16,,,,,,,,,,,,,,,,,,,,,,,,,,,,,,,,,,,,,,,,,,,,,,,,,,,,,,,,,,,,,
53,31,,,,,,,100,88,69,15,237.0,2730,10801,38,0,5.6,1.0;2.2;3.2;1.5;0.5;0.2;36.6;24.8;2.0;2.7;38.7;20.4;0.0;0.0;0.0;0.2;0.0;0.0;0.2;0.0;0.2;0.0;0.0;0.0,31.37,0.07,0.01,0.02,14.42,0.0,341.0,292.0,4,16,,,,,,,,,,,,,,,,,,,,,,,,,,,,,,,,,,,,,,,,,,,,,,,,,,,,,,,,,,,,,
53,summary,0.31141819116379466,0.9925560403326441,0.28310382323794897,0.9997777777777778,0.00100000,313.6,,,,,,,,,,,,,,,,,,,,,,86,99.52,100,58,74.74,88,66,68.55,70,13,16.65,21,110.1,232.07,238.3,2730.5,10801.0,38.0,0,5.6,8.38,20.9,31.35,31.39,31.44,63.16,0.07,0.07,0.07,16.0,0.0,0.0,0.01,0.01,0.27,3.07,11.015,16.348,14.42,14.42,14.42,15.992,0.0,0.0,0.0,0.0,5077.55,54882.0,0.0,13329.74,224169.0,4,4.0,4,16,16.0,16,4,16,6.22,291.1
54,1,,,,,,,68,56,66,16,98.6,2745,10801,38,0,20.4,17.9;19.3;23.6;22.7;19.3;20.0;57.3;60.6;24.9;25.2;50.6;70.1;12.7;15.1;3.6;3.7;8.0;8.0;2.8;3.0;5.9;6.4;4.3;5.8,31.51,0.07,0.0,0.04,14.42,0.0,1611.0,195.0,4,16,,,,,,,,,,,,,,,,,,,,,,,,,,,,,,,,,,,,,,,,,,,,,,,,,,,,,,,,,,,,,
54,2,,,,,,,98,80,68,17,235.1,2730,10801,38,0,8.0,0.9;2.9;2.2;1.7;0.3;0.6;53.3;34.0;6.4;3.1;36.4;45.6;0.5;1.6;0.2;0.0;0.0;0.5;0.0;0.0;0.0;0.0;0.2;0.3,31.45,0.07,0.0,4.98,14.42,0.0,1416.0,1367.0,4,16,,,,,,,,,,,,,,,,,,,,,,,,,,,,,,,,,,,,,,,,,,,,,,,,,,,,,,,,,,,,,
54,3,,,,,,,98,81,68,17,235.2,2730,10801,38,0,7.6,0.3;3.1;1.7;1.6;0.5;0.8;46.6;39.7;4.4;4.5;31.0;46.9;0.8;0.5;0.3;0.2;0.0;0.0;0.0;0.0;0.2;0.2;0.0;0.0,31.42,0.07,0.0,2.26,14.42,0.0,2636.0,1562.0,4,16,,,,,,,,,,,,,,,,,,,,,,,,,,,,,,,,,,,,,,,,,,,,,,,,,,,,,,,,,,,,,
54,4,,,,,,,98,81,69,16,235.8,2730,10801,38,0,8.2,1.4;7.4;3.9;1.9;0.3;1.1;37.3;47.1;4.4;4.5;32.5;51.7;0.9;1.3;0.3;0.0;0.5;0.0;0.0;0.3;0.2;0.2;0.0;0.3,31.41,0.07,0.0,1.55,14.42,0.0,46484.0,108984.0,4,16,,,,,,,,,,,,,,,,,,,,,,,,,,,,,,,,,,,,,,,,,,,,,,,,,,,,,,,,,,,,,
54,5,,,,,,,100,87,68,15,234.0,2730,10801,38,0,8.1,1.2;4.4;2.9;1.7;1.1;0.9;44.7;33.7;5.4;3.9;41.0;51.4;1.1;0.6;0.0;0.0;0.2;0.3;0.0;0.2;0.0;0.0;0.3;0.3,31.37,0.07,0.0,2.6,14.42,0.0,14208.0,13427.0,4,16,,,,,,,,,,,,,,,,,,,,,,,,,,,,,,,,,,,,,,,,,,,,,,,,,,,,,,,,,,,,,
54,6,,,,,,,98,78,68,18,236.4,2730,10801,38,0,8.0,1.4;3.4;0.6;2.0;0.9;1.9;52.7;29.2;5.6;4.5;42.4;45.0;0.5;0.9;0.0;0.2;0.3;0.2;0.2;0.2;0.0;0.3;0.0;0.0,31.4,0.07,0.0,0.02,14.42,0.0,10986.0,104882.0,4,16,,,,,,,,,,,,,,,,,,,,,,,,,,,,,,,,,,,,,,,,,,,,,,,,,,,,,,,,,,,,,
54,7,,,,,,,100,78,68,15,236.7,2730,10801,38,0,7.7,0.6;3.1;1.2;1.1;0.2;0.3;32.2;40.2;4.4;4.1;31.4;64.8;0.9;0.8;0.0;0.0;0.2;0.0;0.0;0.0;0.0;0.6;0.0;0.0,31.38,0.07,0.0,0.03,14.42,0.0,537.0,15917.0,4,16,,,,,,,,,,,,,,,,,,,,,,,,,,,,,,,,,,,,,,,,,,,,,,,,,,,,,,,,,,,,,
54,8,,,,,,,98,79,66,16,232.6,2730,10801,38,0,7.9,0.9;3.5;1.6;0.6;0.5;1.4;43.1;34.8;4.2;5.8;35.4;55.8;0.5;0.8;0.0;0.0;0.2;0.2;0.0;0.0;0.2;0.2;0.5;0.0,31.4,0.07,0.0,0.01,14.42,0.0,341.0,46191.0,4,16,,,,,,,,,,,,,,,,,,,,,,,,,,,,,,,,,,,,,,,,,,,,,,,,,,,,,,,,,,,,,
54,9,,,,,,,99,78,71,15,236.8,2730,10801,38,0,8.0,1.7;4.8;1.4;2.0;1.7;0.6;37.8;41.3;4.4;3.9;37.6;52.0;1.3;0.6;0.0;0.3;0.0;0.2;0.0;0.0;0.2;0.3;0.0;0.2,31.4,0.07,0.0,0.03,14.42,0.0,1953.0,8105.0,4,16,,,,,,,,,,,,,,,,,,,,,,,,,,,,,,,,,,,,,,,,,,,,,,,,,,,,,,,,,,,,,
54,10,,,,,,,100,70,69,18,236.4,2730,10801,38,0,7.9,0.6;3.9;1.6;0.9;0.6;0.9;34.7;44.3;2.8;4.4;30.6;59.4;0.8;1.4;0.0;0.2;0.2;0.5;0.0;0.0;1.4;0.5;0.3;0.6,31.4,0.07,0.0,0.03,14.42,0.0,195.0,5810.0,4,16,,,,,,,,,,,,,,,,,,,,,,,,,,,,,,,,,,,,,,,,,,,,,,,,,,,,,,,,,,,,,
54,11,,,,,,,100,72,67,20,232.0,2730,10801,38,0,7.8,1.1;4.3;1.4;1.4;0.6;0.8;37.1;48.1;5.6;3.3;26.9;55.5;0.8;0.6;0.0;0.0;0.0;0.0;0.0;0.0;0.0;0.0;0.0;0.3,31.39,0.07,0.0,0.02,14.42,0.0,927.0,146.0,4,16,,,,,,,,,,,,,,,,,,,,,,,,,,,,,,,,,,,,,,,,,,,,,,,,,,,,,,,,,,,,,
54,12,,,,,,,100,71,69,15,236.1,2730,10801,38,0,7.8,1.1;2.9;2.3;2.2;0.9;0.9;46.4;27.8;3.4;3.4;42.5;51.2;0.5;0.9;0.0;0.2;0.3;0.2;0.0;0.2;0.0;0.0;0.0;0.2,31.38,0.07,0.0,0.04,14.42,0.0,1074.0,1416.0,4,16,,,,,,,,,,,,,,,,,,,,,,,,,,,,,,,,,,,,,,,,,,,,,,,,,,,,,,,,,,,,,
54,13,,,,,,,100,67,69,14,236.2,2730,10801,38,0,8.1,2.0;3.9;2.5;1.6;0.8;0.6;41.0;38.2;4.7;3.8;46.3;48.0;0.6;0.6;0.0;0.0;0.0;0.0;0.0;0.0;0.2;0.0;0.0;0.2,31.4,0.07,0.0,0.03,14.42,0.0,927.0,244.0,4,16,,,,,,,,,,,,,,,,,,,,,,,,,,,,,,,,,,,,,,,,,,,,,,,,,,,,,,,,,,,,,
54,14,,,,,,,100,71,68,16,233.1,2730,10801,38,0,8.0,1.4;4.1;1.1;0.9;0.2;0.2;53.7;40.7;4.2;4.0;39.1;39.0;0.5;0.8;0.0;0.2;0.0;0.0;0.0;0.2;0.0;0.2;1.2;0.9,31.4,0.07,0.0,0.02,14.42,0.0,1611.0,2685.0,4,16,,,,,,,,,,,,,,,,,,,,,,,,,,,,,,,,,,,,,,,,,,,,,,,,,,,,,,,,,,,,,
54,15,,,,,,,100,71,71,15,236.5,2730,10801,38,0,8.2,0.9;4.0;1.3;2.7;0.8;1.9;63.1;28.5;4.9;3.6;31.6;48.4;2.0;0.9;0.2;0.0;0.2;0.0;0.0;0.2;0.2;0.3;0.0;0.3,31.4,0.07,0.0,0.03,14.42,0.0,1220.0,1513.0,4,16,,,,,,,,,,,,,,,,,,,,,,,,,,,,,,,,,,,,,,,,,,,,,,,,,,,,,,,,,,,,,
54,16,,,,,,,100,66,71,16,236.9,2730,10801,38,0,8.0,1.6;5.1;1.6;1.4;0.3;0.3;31.5;46.9;3.0;4.7;41.8;51.6;0.3;0.9;0.0;0.2;0.0;0.3;0.0;0.2;0.2;0.0;0.0;0.2,31.38,0.07,0.0,0.02,14.42,0.0,830.0,390.0,4,16,,,,,,,,,,,,,,,,,,,,,,,,,,,,,,,,,,,,,,,,,,,,,,,,,,,,,,,,,,,,,
54,17,,,,,,,100,54,70,17,235.9,2730,10801,38,0,8.1,0.8;3.5;1.2;2.3;0.9;0.6;45.2;39.2;3.0;6.2;38.3;48.5;1.1;0.9;0.0;0.0;0.0;0.0;0.5;0.5;1.6;0.3;0.0;0.0,31.39,0.07,0.0,0.04,14.42,0.0,20800.0,5517.0,4,16,,,,,,,,,,,,,,,,,,,,,,,,,,,,,,,,,,,,,,,,,,,,,,,,,,,,,,,,,,,,,
54,18,,,,,,,100,51,70,14,236.7,2730,10801,38,0,7.7,1.1;2.6;1.4;1.1;0.3;0.6;41.6;53.7;3.8;4.4;33.4;40.7;0.5;0.6;0.0;0.2;0.0;0.0;0.0;0.0;0.0;0.0;0.0;0.0,31.4,0.07,0.0,0.02,14.42,0.0,341.0,1855.0,4,16,,,,,,,,,,,,,,,,,,,,,,,,,,,,,,,,,,,,,,,,,,,,,,,,,,,,,,,,,,,,,
54,19,,,,,,,100,47,71,18,236.4,2730,10801,38,0,8.2,1.6;4.8;2.2;1.1;0.8;0.6;42.6;36.8;3.9;5.1;40.3;53.4;1.3;0.9;0.3;0.0;0.9;0.5;0.3;0.0;0.0;0.2;0.2;0.0,31.39,0.07,0.15,0.02,14.42,0.0,830.0,292.0,4,16,,,,,,,,,,,,,,,,,,,,,,,,,,,,,,,,,,,,,,,,,,,,,,,,,,,,,,,,,,,,,
54,20,,,,,,,100,51,70,14,236.6,2730,10801,38,0,7.8,1.2;3.5;0.9;0.9;0.2;0.8;55.4;40.7;3.4;5.6;30.0;42.0;1.1;0.6;0.0;0.0;0.2;0.0;0.0;0.0;0.0;0.0;0.0;0.0,31.38,0.07,0.0,0.08,14.42,0.0,341.0,6494.0,4,16,,,,,,,,,,,,,,,,,,,,,,,,,,,,,,,,,,,,,,,,,,,,,,,,,,,,,,,,,,,,,
54,21,,,,,,,100,55,70,16,236.2,2730,10801,38,0,7.9,0.8;3.5;1.1;1.4;0.8;0.8;42.9;33.7;3.6;5.9;44.7;46.6;1.1;1.1;0.0;0.2;0.6;0.0;0.0;0.0;0.3;0.3;0.2;0.0,31.37,0.07,0.0,0.02,14.42,0.0,2783.0,1806.0,4,16,,,,,,,,,,,,,,,,,,,,,,,,,,,,,,,,,,,,,,,,,,,,,,,,,,,,,,,,,,,,,
54,22,,,,,,,100,51,68,16,235.6,2730,10801,38,0,8.0,1.7;4.0;1.4;1.7;0.8;0.3;41.8;36.3;3.4;6.1;39.9;51.6;0.3;0.8;0.5;0.0;0.2;0.0;0.2;0.0;0.3;0.0;0.5;0.0,31.4,0.07,0.0,0.02,14.42,0.0,878.0,97.0,4,16,,,,,,,,,,,,,,,,,,,,,,,,,,,,,,,,,,,,,,,,,,,,,,,,,,,,,,,,,,,,,
54,23,,,,,,,100,49,69,15,236.4,2730,10801,38,0,7.9,1.9;3.7;1.6;2.5;0.6;0.6;48.5;44.0;4.4;6.4;44.3;29.2;0.8;0.9;0.0;0.0;0.2;0.2;0.2;0.2;0.5;0.2;0.0;0.0,31.39,0.07,0.0,0.02,14.42,0.0,341.0,1757.0,4,16,,,,,,,,,,,,,,,,,,,,,,,,,,,,,,,,,,,,,,,,,,,,,,,,,,,,,,,,,,,,,
54,24,,,,,,,100,51,68,15,234.4,2730,10801,38,0,7.9,0.9;2.5;0.3;1.6;0.3;0.5;58.7;39.2;3.6;4.2;31.9;42.6;0.9;0.8;0.0;0.0;0.0;0.0;0.0;0.0;0.0;0.0;0.0;0.0,31.38,0.07,0.0,0.03,14.42,0.0,878.0,1464.0,4,16,,,,,,,,,,,,,,,,,,,,,,,,,,,,,,,,,,,,,,,,,,,,,,,,,,,,,,,,,,,,,
54,25,,,,,,,100,50,69,16,236.1,2730,10801,38,0,8.1,0.6;4.5;1.2;2.8;0.8;0.6;39.3;43.8;2.3;6.3;37.4;52.0;1.1;0.3;0.2;0.0;0.0;0.0;0.0;0.0;0.2;0.0;0.2;0.0,31.38,0.07,0.0,0.03,14.42,0.0,537.0,48.0,4,16,,,,,,,,,,,,,,,,,,,,,,,,,,,,,,,,,,,,,,,,,,,,,,,,,,,,,,,,,,,,,
54,26,,,,,,,100,59,69,13,236.5,2730,10801,38,0,8.0,1.1;3.1;1.7;2.2;0.0;0.6;46.6;38.2;3.9;3.9;44.0;41.0;0.8;0.9;0.2;0.0;0.0;0.2;0.5;0.0;1.2;0.2;0.0;0.2,31.39,0.07,0.0,0.03,14.42,0.0,1416.0,0.0,4,16,,,,,,,,,,,,,,,,,,,,,,,,,,,,,,,,,,,,,,,,,,,,,,,,,,,,,,,,,,,,,
54,27,,,,,,,100,50,68,13,233.9,2730,10801,38,0,8.3,2.2;4.6;2.3;2.5;1.4;0.9;55.1;45.9;4.7;5.9;34.7;34.9;1.4;0.8;0.0;0.2;0.2;0.2;0.2;0.2;0.2;0.2;0.5;0.2,31.39,0.07,0.0,0.03,14.42,0.0,390.0,1416.0,4,16,,,,,,,,,,,,,,,,,,,,,,,,,,,,,,,,,,,,,,,,,,,,,,,,,,,,,,,,,,,,,
54,28,,,,,,,100,48,70,16,235.9,2730,10801,38,0,8.2,2.8;4.6;2.0;3.0;0.5;0.8;50.9;38.8;3.4;3.6;37.9;44.2;0.8;0.8;0.2;0.2;0.3;0.5;0.3;0.0;0.2;0.2;0.0;0.5,31.39,0.07,0.0,0.01,14.42,0.0,1171.0,97.0,4,16,,,,,,,,,,,,,,,,,,,,,,,,,,,,,,,,,,,,,,,,,,,,,,,,,,,,,,,,,,,,,
54,29,,,,,,,100,47,69,14,236.0,2730,10801,38,0,8.2,1.6;4.9;2.3;2.3;0.5;1.2;37.7;50.1;4.2;5.3;34.3;48.2;0.6;0.9;0.0;0.0;0.3;0.5;0.0;0.0;0.2;0.5;0.2;0.2,31.39,0.07,0.0,0.03,14.42,0.0,1464.0,1416.0,4,16,,,,,,,,,,,,,,,,,,,,,,,,,,,,,,,,,,,,,,,,,,,,,,,,,,,,,,,,,,,,,
54,30,,,,,,,100,64,70,17,234.1,2730,10801,38,0,6.5,1.7;3.5;2.3;1.9;0.8;0.9;34.4;35.7;2.5;3.1;21.5;42.3;0.6;0.9;0.2;0.0;0.5;0.2;0.5;0.5;0.5;0.3;1.1;0.5,31.38,0.07,0.0,0.03,14.42,0.0,1123.0,1464.0,4,16,,,,,,,,,,,,,,,,,,,,,,,,,,,,,,,,,,,,,,,,,,,,,,,,,,,,,,,,,,,,,
54,31,,,,,,,100,56,70,17,236.7,2730,10801,38,0,5.6,1.0;2.4;0.7;0.5;0.2;0.0;24.8;31.9;3.2;2.2;17.5;48.8;0.2;0.2;0.0;0.0;0.0;0.0;0.0;0.0;0.0;0.0;0.0;0.0,31.39,0.07,0.0,0.02,14.42,0.0,927.0,1562.0,4,16,,,,,,,,,,,,,,,,,,,,,,,,,,,,,,,,,,,,,,,,,,,,,,,,,,,,,,,,,,,,,
54,summary,0.3106674564695085,0.9928680080519552,0.28316674375534057,0.9998888888888889,0.00100000,313.5,,,,,,,,,,,,,,,,,,,,,,68,98.61,100,47,63.52,87,66,68.94,71,13,15.81,20,98.6,231.15,236.9,2730.5,10801.0,38.0,0,5.6,8.26,20.4,31.37,31.4,31.51,63.16,0.07,0.07,0.07,16.0,0.0,0.0,0.15,0.01,0.39,4.98,11.015,16.348,14.42,14.42,14.42,15.992,0.0,0.0,0.0,195.0,3908.9,46484.0,0.0,10907.06,108984.0,4,4.0,4,16,16.0,16,4,16,6.23,291.11
55,1,,,,,,,100,55,68,22,134.4,2730,10801,38,0,21.5,21.0;23.1;23.5;23.2;20.7;22.0;53.8;66.7;26.4;25.9;61.6;61.7;14.8;13.5;3.4;3.6;9.3;8.7;2.4;2.4;7.7;7.7;5.9;6.1,31.48,0.07,0.01,0.11,14.42,0.0,1562.0,5859.0,4,16,,,,,,,,,,,,,,,,,,,,,,,,,,,,,,,,,,,,,,,,,,,,,,,,,,,,,,,,,,,,,
55,2,,,,,,,100,56,71,17,236.2,2730,10801,38,0,8.1,1.6;2.9;2.0;1.6;0.6;0.5;53.4;31.7;5.2;5.9;29.1;55.5;1.4;0.6;0.3;0.3;0.0;0.5;0.5;0.3;0.0;0.5;0.3;0.3,31.44,0.07,0.0,3.29,14.42,0.0,585.0,1464.0,4,16,,,,,,,,,,,,,,,,,,,,,,,,,,,,,,,,,,,,,,,,,,,,,,,,,,,,,,,,,,,,,
55,3,,,,,,,100,54,70,17,236.6,2730,10801,38,0,7.9,1.2;2.9;1.7;2.0;0.5;0.3;47.6;34.5;4.7;4.1;41.9;44.8;0.6;0.3;0.8;0.6;0.5;0.5;0.2;0.0;0.3;0.3;0.0;0.0,31.45,0.07,0.0,1.52,14.42,0.0,1660.0,1367.0,4,16,,,,,,,,,,,,,,,,,,,,,,,,,,,,,,,,,,,,,,,,,,,,,,,,,,,,,,,,,,,,,
55,4,,,,,,,100,54,71,14,236.8,2730,10801,38,0,8.2,1.6;2.9;1.9;0.9;0.9;0.6;57.8;36.2;7.7;2.8;32.0;44.6;0.9;0.8;0.6;0.2;0.2;0.2;0.0;0.0;0.0;0.2;3.1;1.1,31.39,0.07,0.0,2.82,14.42,0.0,1513.0,97.0,4,16,,,,,,,,,,,,,,,,,,,,,,,,,,,,,,,,,,,,,,,,,,,,,,,,,,,,,,,,,,,,,
55,5,,,,,,,100,56,71,16,236.2,2730,10801,38,0,8.2,1.4;4.6;1.7;1.6;0.5;0.5;49.8;45.7;7.2;3.9;32.7;42.4;1.1;1.1;0.2;0.2;0.3;0.3;0.3;0.3;0.2;0.2;0.2;0.0,31.42,0.07,0.0,0.03,14.42,0.0,1464.0,1416.0,4,16,,,,,,,,,,,,,,,,,,,,,,,,,,,,,,,,,,,,,,,,,,,,,,,,,,,,,,,,,,,,,
55,6,,,,,,,100,55,68,18,236.9,2730,10801,38,0,8.2,0.9;4.1;2.6;1.7;0.6;0.3;45.6;39.4;4.5;5.3;45.9;40.1;1.3;0.6;0.2;0.0;0.2;0.0;0.2;0.2;0.5;0.5;0.2;0.0,31.41,0.07,0.01,0.05,14.42,0.0,1123.0,1416.0,4,16,,,,,,,,,,,,,,,,,,,,,,,,,,,,,,,,,,,,,,,,,,,,,,,,,,,,,,,,,,,,,
55,7,,,,,,,100,59,71,21,236.7,2730,10801,38,0,7.8,1.4;2.0;0.9;1.4;1.1;0.6;58.1;37.9;5.3;3.9;33.0;38.8;1.1;1.1;0.2;0.0;0.3;0.2;0.0;0.0;0.0;0.2;0.0;0.2,31.41,0.07,0.0,0.03,14.42,0.0,927.0,1562.0,4,16,,,,,,,,,,,,,,,,,,,,,,,,,,,,,,,,,,,,,,,,,,,,,,,,,,,,,,,,,,,,,
55,8,,,,,,,100,46,70,21,234.3,2730,10801,38,0,8.2,1.9;4.3;1.6;1.7;0.9;1.1;37.6;48.9;5.0;5.3;47.4;37.9;0.8;0.5;0.3;0.2;0.2;0.2;0.0;0.0;0.8;0.2;0.2;0.5,31.41,0.07,0.0,0.02,14.42,0.0,1123.0,1416.0,4,16,,,,,,,,,,,,,,,,,,,,,,,,,,,,,,,,,,,,,,,,,,,,,,,,,,,,,,,,,,,,,
55,9,,,,,,,100,50,69,14,237.3,2730,10801,38,0,7.9,1.4;4.1;1.1;0.6;0.8;0.2;37.2;58.0;3.6;5.6;32.6;41.7;0.5;1.2;0.0;0.0;0.0;0.0;0.0;0.0;0.3;0.5;0.0;0.0,31.4,0.07,0.0,0.03,14.42,0.0,62109.0,9082.0,4,16,,,,,,,,,,,,,,,,,,,,,,,,,,,,,,,,,,,,,,,,,,,,,,,,,,,,,,,,,,,,,
55,10,,,,,,,100,51,71,17,236.3,2730,10801,38,0,7.8,0.6;4.6;1.3;0.5;0.6;0.5;52.8;51.3;4.1;2.2;37.6;27.9;1.3;0.3;0.5;0.0;0.8;0.0;0.2;0.2;0.0;0.2;0.0;0.0,31.4,0.07,0.0,0.02,14.42,0.0,341.0,1855.0,4,16,,,,,,,,,,,,,,,,,,,,,,,,,,,,,,,,,,,,,,,,,,,,,,,,,,,,,,,,,,,,,
55,11,,,,,,,100,54,69,15,231.6,2730,10801,38,0,7.8,0.9;2.8;1.4;1.6;0.6;0.5;43.8;39.4;4.5;3.3;35.6;49.9;0.3;0.9;0.0;0.0;0.0;0.0;0.2;0.0;0.0;0.0;0.0;0.0,31.41,0.07,0.0,0.2,14.42,0.0,0.0,1806.0,4,16,,,,,,,,,,,,,,,,,,,,,,,,,,,,,,,,,,,,,,,,,,,,,,,,,,,,,,,,,,,,,
55,12,,,,,,,100,49,70,17,235.5,2730,10801,38,0,7.7,0.9;2.0;1.1;1.4;0.3;0.3;53.4;47.6;5.8;3.3;28.8;38.2;1.1;0.6;0.0;0.0;0.2;0.2;0.0;0.0;0.0;0.2;0.3;0.0,31.4,0.07,0.0,0.04,14.42,0.0,1416.0,0.0,4,16,,,,,,,,,,,,,,,,,,,,,,,,,,,,,,,,,,,,,,,,,,,,,,,,,,,,,,,,,,,,,
55,13,,,,,,,100,56,69,14,235.9,2730,10801,38,0,8.0,1.3;3.7;3.0;0.6;0.8;0.5;51.5;35.3;5.8;4.7;43.5;40.1;0.6;0.9;0.2;0.0;0.2;0.0;0.0;0.0;0.0;0.0;0.0;0.0,31.4,0.07,0.0,0.02,14.42,0.0,878.0,1562.0,4,16,,,,,,,,,,,,,,,,,,,,,,,,,,,,,,,,,,,,,,,,,,,,,,,,,,,,,,,,,,,,,
55,14,,,,,,,100,56,69,14,233.4,2730,10801,38,0,7.9,0.8;3.2;1.7;0.8;0.3;0.2;37.3;37.7;5.0;2.7;47.1;48.2;1.1;0.9;0.0;0.0;0.0;0.2;0.0;0.0;0.2;0.3;0.3;0.0,31.41,0.07,0.0,0.02,14.42,0.0,1171.0,4541.0,4,16,,,,,,,,,,,,,,,,,,,,,,,,,,,,,,,,,,,,,,,,,,,,,,,,,,,,,,,,,,,,,
55,15,,,,,,,100,55,68,16,237.0,2730,10801,38,0,8.0,0.8;3.6;1.7;1.6;0.6;0.6;51.2;29.2;6.1;2.5;39.2;50.5;1.1;0.9;0.0;0.2;0.2;0.0;0.2;0.0;0.5;1.2;0.0;0.2,31.35,0.07,0.0,0.02,14.42,0.0,1464.0,97.0,4,16,,,,,,,,,,,,,,,,,,,,,,,,,,,,,,,,,,,,,,,,,,,,,,,,,,,,,,,,,,,,,
55,16,,,,,,,100,63,70,21,236.9,2730,10801,38,0,8.0,1.4;3.4;1.9;0.8;0.3;0.0;52.6;45.4;3.9;4.2;31.5;41.4;1.2;0.8;0.0;0.2;0.0;0.3;0.5;0.3;0.9;0.5;0.2;0.0,31.38,0.07,0.0,0.03,14.42,0.0,0.0,1757.0,4,16,,,,,,,,,,,,,,,,,,,,,,,,,,,,,,,,,,,,,,,,,,,,,,,,,,,,,,,,,,,,,
55,17,,,,,,,100,55,70,19,236.0,2730,10801,38,0,8.0,0.9;4.0;2.0;1.9;0.6;0.6;50.4;42.8;5.1;4.0;39.3;36.2;0.6;1.2;0.0;0.0;0.2;0.0;0.0;0.2;0.0;0.2;0.6;0.3,31.4,0.07,0.0,0.05,14.42,0.0,42480.0,220605.0,4,16,,,,,,,,,,,,,,,,,,,,,,,,,,,,,,,,,,,,,,,,,,,,,,,,,,,,,,,,,,,,,
55,18,,,,,,,100,50,69,20,237.2,2730,10801,38,0,8.4,2.0;4.6;3.4;3.1;0.9;1.6;34.0;56.4;5.8;4.7;35.9;42.1;1.6;1.3;0.0;0.0;0.3;0.2;0.0;0.0;0.5;0.5;2.0;0.8,31.37,0.07,0.0,0.02,14.42,0.0,244.0,1416.0,4,16,,,,,,,,,,,,,,,,,,,,,,,,,,,,,,,,,,,,,,,,,,,,,,,,,,,,,,,,,,,,,
55,19,,,,,,,100,59,70,15,236.6,2730,10801,38,0,8.3,1.4;6.7;3.1;2.3;0.8;1.2;50.4;35.8;7.7;4.4;42.7;37.6;1.1;1.1;0.2;0.3;0.2;0.2;0.0;0.3;0.5;0.2;0.2;0.3,31.39,0.07,0.0,0.02,14.42,0.0,927.0,244.0,4,16,,,,,,,,,,,,,,,,,,,,,,,,,,,,,,,,,,,,,,,,,,,,,,,,,,,,,,,,,,,,,
55,20,,,,,,,100,57,70,17,236.1,2730,10801,38,0,7.8,0.6;3.7;1.7;1.4;0.3;0.5;39.3;40.5;6.2;3.3;47.3;40.9;0.9;0.5;0.0;0.0;0.0;0.0;0.0;0.0;0.0;0.0;0.0;0.0,31.4,0.07,0.0,0.01,14.42,0.0,1416.0,3759.0,4,16,,,,,,,,,,,,,,,,,,,,,,,,,,,,,,,,,,,,,,,,,,,,,,,,,,,,,,,,,,,,,
55,21,,,,,,,100,48,69,14,236.7,2730,10801,38,0,8.2,2.0;4.6;2.8;0.8;0.8;1.1;40.4;32.1;6.8;3.0;45.4;51.2;1.3;1.1;0.2;0.3;0.3;0.2;0.0;0.0;0.2;0.2;0.2;0.3,31.39,0.07,0.0,0.04,14.42,0.0,244.0,1464.0,4,16,,,,,,,,,,,,,,,,,,,,,,,,,,,,,,,,,,,,,,,,,,,,,,,,,,,,,,,,,,,,,
55,22,,,,,,,100,75,70,15,235.8,2730,10801,38,0,8.6,2.7;4.2;2.7;3.1;1.4;1.3;63.8;42.5;6.2;5.1;37.5;31.4;1.4;0.8;0.3;0.0;0.3;0.0;0.0;0.2;0.3;0.8;0.2;0.8,31.37,0.07,0.0,0.05,14.42,0.0,634.0,1660.0,4,16,,,,,,,,,,,,,,,,,,,,,,,,,,,,,,,,,,,,,,,,,,,,,,,,,,,,,,,,,,,,,
55,23,,,,,,,100,73,69,16,238.7,2730,10801,38,0,8.3,1.7;4.3;2.7;2.0;1.4;0.3;40.9;48.8;6.1;8.3;39.5;40.1;0.8;0.8;0.2;0.3;0.2;0.2;0.3;0.0;0.0;0.2;0.2;0.5,31.38,0.07,0.0,0.02,14.42,0.0,1660.0,48.0,4,16,,,,,,,,,,,,,,,,,,,,,,,,,,,,,,,,,,,,,,,,,,,,,,,,,,,,,,,,,,,,,
55,24,,,,,,,100,74,69,22,235.5,2730,10801,38,0,8.0,1.6;2.8;0.9;1.6;0.6;0.5;34.6;47.1;5.9;2.6;37.1;52.6;0.9;0.5;0.5;0.5;0.0;0.0;0.0;0.0;0.5;0.2;0.3;0.2,31.37,0.07,0.0,0.03,14.42,0.0,341.0,0.0,4,16,,,,,,,,,,,,,,,,,,,,,,,,,,,,,,,,,,,,,,,,,,,,,,,,,,,,,,,,,,,,,
55,25,,,,,,,100,64,70,15,236.3,2730,10801,38,0,7.8,1.3;2.6;1.9;1.4;0.3;0.2;44.9;50.3;3.4;3.8;35.4;40.5;0.5;0.9;0.0;0.0;0.2;0.0;0.0;0.0;0.0;0.2;0.0;0.0,31.36,0.07,0.0,0.01,14.42,0.0,976.0,244.0,4,16,,,,,,,,,,,,,,,,,,,,,,,,,,,,,,,,,,,,,,,,,,,,,,,,,,,,,,,,,,,,,
55,26,,,,,,,100,72,70,17,235.9,2730,10801,38,0,8.0,1.1;3.3;1.3;1.4;0.2;0.2;54.8;33.5;5.2;3.6;34.6;50.0;0.8;0.8;0.0;0.0;0.3;0.2;0.0;0.0;0.0;0.0;0.2;0.5,31.39,0.07,0.0,0.03,14.42,0.0,1464.0,1611.0,4,16,,,,,,,,,,,,,,,,,,,,,,,,,,,,,,,,,,,,,,,,,,,,,,,,,,,,,,,,,,,,,
55,27,,,,,,,100,63,68,15,233.7,2730,10801,38,0,8.0,1.4;4.6;3.3;1.2;0.5;0.9;41.6;44.9;3.9;6.7;46.9;33.5;0.9;1.2;0.0;0.0;0.0;0.0;0.0;0.0;0.0;0.0;0.0;0.3,31.38,0.07,0.0,0.09,14.42,0.0,341.0,0.0,4,16,,,,,,,,,,,,,,,,,,,,,,,,,,,,,,,,,,,,,,,,,,,,,,,,,,,,,,,,,,,,,
55,28,,,,,,,100,73,70,17,235.2,2730,10801,38,0,7.9,0.8;2.3;1.6;1.9;0.2;0.6;47.9;34.9;5.2;4.4;37.3;49.1;0.6;0.9;0.0;0.3;0.0;0.5;0.0;0.0;0.0;0.3;0.0;0.2,31.39,0.07,0.0,0.02,14.42,0.0,9570.0,6835.0,4,16,,,,,,,,,,,,,,,,,,,,,,,,,,,,,,,,,,,,,,,,,,,,,,,,,,,,,,,,,,,,,
55,29,,,,,,,100,76,70,16,237.1,2730,10801,38,0,8.2,1.9;4.6;1.6;2.3;0.3;0.3;41.3;50.0;5.0;4.2;39.8;41.8;1.1;1.0;0.0;0.2;0.6;0.2;0.0;0.0;0.2;0.0;0.0;0.0,31.39,0.07,0.0,0.03,14.42,0.0,292.0,390.0,4,16,,,,,,,,,,,,,,,,,,,,,,,,,,,,,,,,,,,,,,,,,,,,,,,,,,,,,,,,,,,,,
55,30,,,,,,,100,76,70,14,233.2,2730,10801,38,0,6.2,0.8;4.3;2.2;1.1;0.5;0.6;25.2;23.6;4.5;2.5;46.3;34.9;0.6;0.5;0.0;0.0;0.2;0.0;0.0;0.2;0.3;0.0;0.5;0.3,31.38,0.07,0.0,0.02,14.42,0.0,292.0,1757.0,4,16,,,,,,,,,,,,,,,,,,,,,,,,,,,,,,,,,,,,,,,,,,,,,,,,,,,,,,,,,,,,,
55,31,,,,,,,100,65,68,14,236.4,2730,10801,38,0,5.2,0.0;2.7;0.5;0.2;0.7;0.2;26.8;33.3;2.2;1.7;34.5;21.9;0.0;0.0;0.0;0.0;0.0;0.0;0.0;0.0;0.0;0.0;0.0;0.0,31.38,0.07,0.0,0.02,14.42,0.0,1123.0,1708.0,4,16,,,,,,,,,,,,,,,,,,,,,,,,,,,,,,,,,,,,,,,,,,,,,,,,,,,,,,,,,,,,,
55,summary,0.3107065973242488,0.9927473198101779,0.28312130109469097,0.9998888888888889,0.00100000,313.6,,,,,,,,,,,,,,,,,,,,,,100,100.0,100,46,59.65,76,68,69.58,71,14,16.77,22,134.4,232.66,238.7,2730.0,10801.0,38.0,0,5.2,8.33,21.5,31.35,31.4,31.48,63.16,0.07,0.07,0.07,16.0,0.0,0.0,0.01,0.01,0.28,3.29,11.015,16.348,14.42,14.42,14.42,15.992,0.0,0.0,0.0,0.0,4494.84,62109.0,0.0,8936.71,220605.0,4,4.0,4,16,16.0,16,4,16,6.09,291.11
56,1,,,,,,,100,74,65,23,116.2,2730,10801,38,0,20.8,17.9;22.4;22.5;22.0;21.3;21.6;56.3;74.2;26.0;26.5;54.0;57.2;13.5;12.7;4.2;3.2;7.3;8.2;2.1;2.2;6.3;6.3;4.4;5.4,31.47,0.07,0.0,0.02,14.42,0.0,1220.0,1464.0,4,16,,,,,,,,,,,,,,,,,,,,,,,,,,,,,,,,,,,,,,,,,,,,,,,,,,,,,,,,,,,,,
56,2,,,,,,,100,75,68,14,236.1,2730,10801,38,0,7.9,0.8;4.5;2.2;1.6;0.9;1.4;60.2;33.0;6.6;2.2;30.5;44.3;0.9;0.8;0.0;0.2;0.2;0.0;0.0;0.0;0.2;0.0;0.0;0.0,31.45,0.07,0.0,3.07,14.42,0.0,2587.0,1757.0,4,16,,,,,,,,,,,,,,,,,,,,,,,,,,,,,,,,,,,,,,,,,,,,,,,,,,,,,,,,,,,,,
56,3,,,,,,,100,76,69,16,236.6,2730,10801,38,0,8.2,1.6;5.1;2.5;1.4;0.9;0.8;34.3;45.9;3.4;4.8;36.9;54.0;1.1;1.1;0.0;0.2;0.0;0.2;0.0;0.0;0.2;0.2;0.2;0.5,31.4,0.07,0.0,1.64,14.42,0.0,16259.0,111035.0,4,16,,,,,,,,,,,,,,,,,,,,,,,,,,,,,,,,,,,,,,,,,,,,,,,,,,,,,,,,,,,,,
56,4,,,,,,,100,84,66,17,236.8,2730,10801,38,0,8.0,0.3;6.1;0.6;0.9;0.5;0.3;44.4;50.2;4.2;4.5;37.0;41.8;0.5;0.8;0.0;0.0;0.0;0.0;0.0;0.0;0.0;0.2;0.0;0.0,31.41,0.07,0.0,2.92,14.42,0.0,439.0,11083.0,4,16,,,,,,,,,,,,,,,,,,,,,,,,,,,,,,,,,,,,,,,,,,,,,,,,,,,,,,,,,,,,,
56,5,,,,,,,100,76,67,21,236.0,2730,10801,38,0,8.0,1.4;4.3;1.4;0.8;0.5;0.3;65.7;45.7;5.1;3.6;22.9;37.4;0.8;0.5;0.2;0.0;0.2;0.2;0.2;0.0;0.0;0.0;0.0;0.6,31.42,0.07,0.0,0.02,14.42,0.0,341.0,8642.0,4,16,,,,,,,,,,,,,,,,,,,,,,,,,,,,,,,,,,,,,,,,,,,,,,,,,,,,,,,,,,,,,
56,6,,,,,,,100,55,70,14,236.8,2730,10801,38,0,8.0,0.6;5.5;1.9;1.9;0.5;0.6;53.1;49.9;6.1;3.1;29.2;37.1;0.6;0.6;0.0;0.0;0.0;0.0;0.0;0.0;0.2;0.0;0.3;0.0,31.39,0.07,0.0,0.06,14.42,0.0,1123.0,1416.0,4,16,,,,,,,,,,,,,,,,,,,,,,,,,,,,,,,,,,,,,,,,,,,,,,,,,,,,,,,,,,,,,
56,7,,,,,,,100,61,67,16,236.2,2730,10801,38,0,7.7,0.8;4.7;3.0;2.7;0.0;0.2;44.5;48.4;3.4;4.1;21.9;48.7;1.3;0.6;0.2;0.0;0.0;0.0;0.0;0.0;0.0;0.0;0.2;0.0,31.4,0.07,0.05,0.14,14.42,0.0,878.0,8203.0,4,16,,,,,,,,,,,,,,,,,,,,,,,,,,,,,,,,,,,,,,,,,,,,,,,,,,,,,,,,,,,,,
56,8,,,,,,,100,55,70,16,231.4,2730,10801,38,0,7.9,0.9;4.0;1.2;1.2;0.8;0.3;52.0;47.0;3.4;4.4;34.9;36.0;0.9;0.8;0.2;0.0;0.2;0.0;0.0;0.0;0.0;0.2;0.2;0.0,31.4,0.07,0.0,0.04,14.42,0.0,634.0,1660.0,4,16,,,,,,,,,,,,,,,,,,,,,,,,,,,,,,,,,,,,,,,,,,,,,,,,,,,,,,,,,,,,,
56,9,,,,,,,100,62,67,19,235.6,2730,10801,38,0,7.9,1.6;2.2;1.9;1.7;0.8;1.4;44.2;17.9;5.0;3.9;50.2;54.7;1.3;0.8;0.0;0.5;0.2;0.0;0.2;0.2;0.2;0.5;0.6;0.6,31.4,0.07,0.0,0.03,14.42,0.0,1464.0,195.0,4,16,,,,,,,,,,,,,,,,,,,,,,,,,,,,,,,,,,,,,,,,,,,,,,,,,,,,,,,,,,,,,
56,10,,,,,,,100,73,68,15,235.3,2730,10801,38,0,8.2,2.2;6.2;2.5;1.7;0.3;0.3;40.0;40.8;5.0;3.1;40.9;49.7;0.5;0.9;0.0;0.0;0.0;0.0;0.0;0.2;0.3;0.3;0.2;0.6,31.4,0.07,0.0,0.03,14.42,0.0,1611.0,1806.0,4,16,,,,,,,,,,,,,,,,,,,,,,,,,,,,,,,,,,,,,,,,,,,,,,,,,,,,,,,,,,,,,
56,11,,,,,,,100,72,68,17,234.1,2730,10801,38,0,8.2,1.4;6.3;2.0;2.0;1.9;0.5;57.3;43.8;6.2;3.4;36.7;33.9;0.9;0.5;0.0;0.5;0.0;0.0;0.2;0.0;0.0;0.2;0.2;0.0,31.44,0.07,0.0,0.03,14.42,0.0,1367.0,1806.0,4,16,,,,,,,,,,,,,,,,,,,,,,,,,,,,,,,,,,,,,,,,,,,,,,,,,,,,,,,,,,,,,
56,12,,,,,,,100,76,68,16,237.2,2730,10801,38,0,7.9,0.9;3.4;1.7;1.6;0.5;0.8;48.0;41.2;4.5;3.6;34.2;46.3;0.5;0.8;0.2;0.0;0.3;0.0;0.0;0.0;0.0;0.6;0.0;0.0,31.41,0.07,0.0,0.02,14.42,0.0,1464.0,341.0,4,16,,,,,,,,,,,,,,,,,,,,,,,,,,,,,,,,,,,,,,,,,,,,,,,,,,,,,,,,,,,,,
56,13,,,,,,,98,82,67,21,235.9,2730,10801,38,0,8.2,1.7;4.5;2.2;2.7;0.9;0.5;44.0;33.8;4.8;3.6;39.2;55.6;0.8;0.9;0.0;0.0;0.0;0.0;0.2;0.0;0.0;0.5;0.5;0.0,31.4,0.07,0.0,0.03,14.42,0.0,1464.0,1611.0,4,16,,,,,,,,,,,,,,,,,,,,,,,,,,,,,,,,,,,,,,,,,,,,,,,,,,,,,,,,,,,,,
56,14,,,,,,,98,77,66,14,234.0,2730,10801,38,0,8.2,1.1;6.5;2.7;2.2;0.5;0.5;37.7;52.3;3.6;5.8;38.6;42.4;0.6;0.9;0.0;0.3;0.0;0.2;0.0;0.3;0.8;0.5;0.5;0.2,31.39,0.07,0.0,0.02,14.42,0.0,1904.0,3027.0,4,16,,,,,,,,,,,,,,,,,,,,,,,,,,,,,,,,,,,,,,,,,,,,,,,,,,,,,,,,,,,,,
56,15,,,,,,,98,82,67,16,235.9,2730,10801,38,0,7.8,0.6;2.5;1.6;0.9;0.2;0.3;31.2;58.2;4.5;5.3;32.0;47.9;0.6;0.3;0.2;0.2;0.0;0.0;0.0;0.0;0.0;0.0;0.0;0.0,31.4,0.07,0.0,0.04,14.42,0.0,22558.0,10058.0,4,16,,,,,,,,,,,,,,,,,,,,,,,,,,,,,,,,,,,,,,,,,,,,,,,,,,,,,,,,,,,,,
56,16,,,,,,,98,80,66,16,236.1,2730,10801,38,0,7.8,1.3;4.0;1.7;1.1;1.6;0.2;62.3;23.1;3.3;3.9;31.3;51.6;0.3;0.6;0.0;0.0;0.0;0.2;0.0;0.0;0.0;0.0;0.3;0.0,31.41,0.07,0.0,0.06,14.42,0.0,537.0,97.0,4,16,,,,,,,,,,,,,,,,,,,,,,,,,,,,,,,,,,,,,,,,,,,,,,,,,,,,,,,,,,,,,
56,17,,,,,,,99,78,66,17,235.2,2730,10801,38,0,7.8,1.1;2.5;1.6;1.2;0.2;1.6;44.2;45.3;3.0;5.0;35.6;45.0;0.9;0.5;0.0;0.0;0.0;0.0;0.0;0.0;0.3;0.3;0.2;0.2,31.37,0.07,0.0,0.02,14.42,0.0,2392.0,6933.0,4,16,,,,,,,,,,,,,,,,,,,,,,,,,,,,,,,,,,,,,,,,,,,,,,,,,,,,,,,,,,,,,
56,18,,,,,,,98,81,67,21,235.4,2730,10801,38,0,7.7,0.9;2.8;1.1;1.2;0.3;0.8;46.1;51.7;4.2;2.5;29.4;42.2;0.3;0.6;0.0;0.0;0.0;0.0;0.0;0.0;0.0;0.0;0.6;0.0,31.41,0.07,0.0,0.03,14.42,0.0,1464.0,97.0,4,16,,,,,,,,,,,,,,,,,,,,,,,,,,,,,,,,,,,,,,,,,,,,,,,,,,,,,,,,,,,,,
56,19,,,,,,,98,79,67,14,236.6,2730,10801,38,0,8.1,1.4;3.3;1.4;1.4;1.3;1.4;46.2;37.4;3.6;5.1;39.5;50.0;0.9;0.6;0.2;0.0;0.0;0.0;0.0;0.0;0.0;0.0;0.3;0.2,31.4,0.07,0.0,0.03,14.42,0.0,0.0,1708.0,4,16,,,,,,,,,,,,,,,,,,,,,,,,,,,,,,,,,,,,,,,,,,,,,,,,,,,,,,,,,,,,,
56,20,,,,,,,98,78,69,16,236.0,2730,10801,38,0,7.8,1.4;3.5;1.9;0.2;0.5;0.5;46.4;41.7;3.9;5.9;38.2;41.7;0.6;0.6;0.0;0.0;0.0;0.0;0.0;0.0;0.0;0.0;0.0;0.0,31.41,0.07,0.0,0.02,14.42,0.0,1464.0,5371.0,4,16,,,,,,,,,,,,,,,,,,,,,,,,,,,,,,,,,,,,,,,,,,,,,,,,,,,,,,,,,,,,,
56,21,,,,,,,98,81,69,17,235.0,2730,10801,38,0,8.0,1.2;1.7;0.9;1.6;0.8;1.1;43.3;36.4;3.7;5.8;44.8;48.7;0.5;0.8;0.3;0.2;0.2;0.0;0.3;0.0;0.5;0.0;0.3;0.0,31.43,0.07,0.0,0.05,14.42,0.0,292.0,390.0,4,16,,,,,,,,,,,,,,,,,,,,,,,,,,,,,,,,,,,,,,,,,,,,,,,,,,,,,,,,,,,,,
56,22,,,,,,,98,79,67,16,235.8,2730,10801,38,0,8.0,0.9;4.2;1.6;1.7;0.8;0.5;43.0;43.0;4.1;5.2;35.7;47.4;0.6;0.6;0.2;0.0;0.2;0.0;0.0;0.0;1.3;0.2;0.3;0.0,31.4,0.07,0.0,0.03,14.42,0.0,1464.0,1416.0,4,16,,,,,,,,,,,,,,,,,,,,,,,,,,,,,,,,,,,,,,,,,,,,,,,,,,,,,,,,,,,,,
56,23,,,,,,,98,80,68,14,236.1,2730,10801,38,0,8.5,1.4;5.8;2.8;2.3;2.6;2.3;41.3;39.4;5.0;5.0;42.8;49.2;0.9;0.6;0.3;0.0;0.2;0.0;0.2;0.0;0.8;0.2;0.5;0.0,31.41,0.07,0.0,0.04,14.42,0.0,17089.0,12792.0,4,16,,,,,,,,,,,,,,,,,,,,,,,,,,,,,,,,,,,,,,,,,,,,,,,,,,,,,,,,,,,,,
56,24,,,,,,,98,78,69,14,233.1,2730,10801,38,0,8.1,1.6;2.8;1.4;3.4;0.3;0.6;39.8;43.7;3.6;6.9;39.0;48.9;1.2;1.6;0.2;0.0;0.0;0.2;0.0;0.0;0.0;0.2;0.3;0.0,31.4,0.07,0.0,0.08,14.42,0.0,341.0,390.0,4,16,,,,,,,,,,,,,,,,,,,,,,,,,,,,,,,,,,,,,,,,,,,,,,,,,,,,,,,,,,,,,
56,25,,,,,,,100,78,70,16,235.8,2730,10801,38,0,8.4,2.8;4.6;2.3;2.2;1.1;1.7;43.5;38.6;3.4;7.5;36.5;53.0;1.5;0.8;0.2;0.2;0.2;0.3;0.2;0.3;0.5;0.3;0.6;0.3,31.42,0.07,0.02,0.16,14.42,0.0,1416.0,1416.0,4,16,,,,,,,,,,,,,,,,,,,,,,,,,,,,,,,,,,,,,,,,,,,,,,,,,,,,,,,,,,,,,
56,26,,,,,,,100,70,70,17,236.4,2730,10801,38,0,8.1,2.0;4.3;1.7;2.6;1.2;1.1;40.0;47.6;2.7;4.8;39.7;43.1;0.6;0.8;0.0;0.0;0.3;0.2;0.0;0.0;0.2;0.2;0.0;0.2,31.43,0.07,0.0,0.02,14.42,0.0,1416.0,0.0,4,16,,,,,,,,,,,,,,,,,,,,,,,,,,,,,,,,,,,,,,,,,,,,,,,,,,,,,,,,,,,,,
56,27,,,,,,,98,79,68,15,233.0,2730,10801,38,0,8.0,1.1;3.1;1.2;1.4;0.9;1.1;41.9;47.1;2.8;5.8;37.3;45.1;0.9;1.6;0.0;0.0;0.0;0.0;0.0;0.0;0.0;0.2;0.3;0.0,31.4,0.07,0.0,0.02,14.42,0.0,781.0,341.0,4,16,,,,,,,,,,,,,,,,,,,,,,,,,,,,,,,,,,,,,,,,,,,,,,,,,,,,,,,,,,,,,
56,28,,,,,,,99,78,70,15,236.0,2730,10801,38,0,8.1,0.9;4.0;2.5;1.6;0.6;0.9;46.8;46.6;4.7;4.4;37.2;42.3;0.5;0.6;0.0;0.3;0.5;0.2;0.0;0.0;0.0;0.3;0.3;0.0,31.41,0.07,0.0,0.07,14.42,0.0,1123.0,1367.0,4,16,,,,,,,,,,,,,,,,,,,,,,,,,,,,,,,,,,,,,,,,,,,,,,,,,,,,,,,,,,,,,
56,29,,,,,,,98,78,70,14,236.5,2730,10801,38,0,7.8,0.9;3.4;0.9;1.4;0.5;0.5;43.2;40.4;6.2;4.7;35.9;46.6;0.6;0.2;0.0;0.3;0.2;0.3;0.0;0.2;0.2;0.0;0.3;0.0,31.41,0.07,0.0,0.02,14.42,0.0,634.0,1562.0,4,16,,,,,,,,,,,,,,,,,,,,,,,,,,,,,,,,,,,,,,,,,,,,,,,,,,,,,,,,,,,,,
56,30,,,,,,,98,76,69,15,232.4,2730,10801,38,0,6.2,1.1;3.5;1.9;0.9;0.3;0.8;37.6;30.9;2.5;6.1;26.1;34.3;0.8;0.2;0.0;0.0;0.2;0.0;0.0;0.0;0.2;0.3;0.2;0.5,31.4,0.07,0.0,0.06,14.42,0.0,1416.0,97.0,4,16,,,,,,,,,,,,,,,,,,,,,,,,,,,,,,,,,,,,,,,,,,,,,,,,,,,,,,,,,,,,,
56,31,,,,,,,100,50,70,15,235.5,2730,10801,38,0,5.6,0.7;4.6;1.5;1.0;0.7;0.0;34.0;30.8;1.7;2.0;35.0;21.1;0.0;0.0;0.0;0.0;0.5;0.0;0.2;0.0;0.0;0.0;0.0;0.0,31.41,0.07,0.0,0.03,14.42,0.0,0.0,1660.0,4,16,,,,,,,,,,,,,,,,,,,,,,,,,,,,,,,,,,,,,,,,,,,,,,,,,,,,,,,,,,,,,
56,summary,0.31033556744728696,0.9929818648838205,0.28322595230738323,0.9998888888888889,0.00100000,313.5,,,,,,,,,,,,,,,,,,,,,,98,99.03,100,50,74.29,84,65,68.0,70,14,16.35,23,116.2,231.58,237.2,2730.0,10801.0,38.0,0,5.6,8.29,20.8,31.37,31.41,31.47,63.16,0.07,0.07,0.07,16.0,0.0,0.0,0.05,0.02,0.29,3.07,11.015,16.348,14.42,14.42,14.42,15.992,0.0,0.0,0.0,0.0,2811.03,22558.0,0.0,6443.26,111035.0,4,4.0,4,16,16.0,16,4,16,6.14,291.11
57,1,,,,,,,100,53,66,18,97.3,2730,10801,38,0,21.1,16.6;21.3;22.5;22.7;21.9;21.0;59.6;52.3;26.4;26.7;63.9;64.9;15.6;15.8;2.1;3.3;8.9;8.9;1.5;1.8;7.9;8.2;6.0;5.4,31.46,0.07,0.0,0.02,14.42,0.0,976.0,1660.0,4,16,,,,,,,,,,,,,,,,,,,,,,,,,,,,,,,,,,,,,,,,,,,,,,,,,,,,,,,,,,,,,
57,2,,,,,,,100,53,69,17,235.4,2730,10801,38,0,8.1,2.5;3.1;1.6;0.9;1.1;1.6;38.6;40.2;4.7;5.0;35.8;54.8;1.1;0.5;0.0;0.0;0.0;0.0;0.2;0.0;0.5;1.1;0.2;0.0,31.44,0.07,0.0,3.0,14.42,0.0,2441.0,1660.0,4,16,,,,,,,,,,,,,,,,,,,,,,,,,,,,,,,,,,,,,,,,,,,,,,,,,,,,,,,,,,,,,
57,3,,,,,,,100,53,70,16,235.7,2730,10801,38,0,8.6,1.4;3.4;3.0;1.9;1.6;0.8;45.5;38.1;4.8;3.9;44.7;50.5;0.9;0.9;0.2;0.3;0.2;0.2;0.5;0.2;1.7;2.0;0.0;0.3,31.39,0.07,0.0,1.62,14.42,0.0,14208.0,15673.0,4,16,,,,,,,,,,,,,,,,,,,,,,,,,,,,,,,,,,,,,,,,,,,,,,,,,,,,,,,,,,,,,
57,4,,,,,,,100,56,68,14,235.3,2730,10801,38,0,8.1,1.7;4.9;1.9;2.2;0.6;0.8;38.8;38.9;5.5;4.1;33.9;57.1;0.8;0.8;0.2;0.2;0.5;0.5;0.3;0.0;0.2;0.2;0.2;0.2,31.39,0.07,0.0,3.03,14.42,0.0,10791.0,114599.0,4,16,,,,,,,,,,,,,,,,,,,,,,,,,,,,,,,,,,,,,,,,,,,,,,,,,,,,,,,,,,,,,
57,5,,,,,,,100,69,70,14,235.2,2730,10801,38,0,8.4,1.4;6.0;2.5;2.0;2.0;0.8;37.5;40.6;6.5;4.7;40.7;52.6;0.9;1.2;0.3;0.2;0.5;0.3;0.0;0.2;0.3;0.3;0.3;0.2,31.37,0.07,0.0,0.03,14.42,0.0,8544.0,119921.0,4,16,,,,,,,,,,,,,,,,,,,,,,,,,,,,,,,,,,,,,,,,,,,,,,,,,,,,,,,,,,,,,
57,6,,,,,,,100,62,70,14,236.4,2730,10801,38,0,7.8,1.3;2.0;1.3;1.4;0.8;0.8;40.4;41.5;4.4;4.5;40.7;46.7;1.1;0.6;0.0;0.0;0.2;0.3;0.2;0.0;0.0;0.2;0.0;0.0,31.4,0.07,0.0,0.03,14.42,0.0,878.0,12402.0,4,16,,,,,,,,,,,,,,,,,,,,,,,,,,,,,,,,,,,,,,,,,,,,,,,,,,,,,,,,,,,,,
57,7,,,,,,,100,70,69,17,235.4,2730,10801,38,0,7.8,1.1;4.2;1.3;0.9;0.6;0.9;43.2;36.5;5.9;2.2;38.9;47.6;1.4;0.6;0.0;0.2;0.2;0.0;0.2;0.2;0.0;0.2;0.0;0.0,31.41,0.07,0.0,0.04,14.42,0.0,341.0,244.0,4,16,,,,,,,,,,,,,,,,,,,,,,,,,,,,,,,,,,,,,,,,,,,,,,,,,,,,,,,,,,,,,
57,8,,,,,,,100,59,70,18,232.3,2730,10801,38,0,8.1,1.4;3.4;2.8;2.0;0.9;0.5;32.8;28.5;5.8;3.9;51.9;58.6;0.6;0.6;0.3;0.2;0.3;0.0;0.2;0.0;0.3;0.5;0.2;0.0,31.38,0.07,0.01,0.07,14.42,0.0,634.0,1660.0,4,16,,,,,,,,,,,,,,,,,,,,,,,,,,,,,,,,,,,,,,,,,,,,,,,,,,,,,,,,,,,,,
57,9,,,,,,,100,61,69,15,237.2,2730,10801,38,0,8.2,2.0;2.8;2.7;2.5;0.6;0.6;43.0;41.6;4.7;3.3;39.2;50.8;0.3;1.2;0.0;0.2;0.2;0.3;0.0;0.0;0.2;0.2;0.6;0.2,31.36,0.07,0.0,0.08,14.42,0.0,585.0,1367.0,4,16,,,,,,,,,,,,,,,,,,,,,,,,,,,,,,,,,,,,,,,,,,,,,,,,,,,,,,,,,,,,,
57,10,,,,,,,100,65,68,16,236.7,2730,10801,38,0,7.8,1.9;2.3;2.2;0.9;1.4;0.3;55.8;32.1;4.8;3.4;34.8;44.5;0.9;0.5;0.0;0.0;0.0;0.0;0.0;0.0;0.5;0.3;0.0;0.0,31.38,0.07,0.0,0.03,14.42,0.0,927.0,195.0,4,16,,,,,,,,,,,,,,,,,,,,,,,,,,,,,,,,,,,,,,,,,,,,,,,,,,,,,,,,,,,,,
57,11,,,,,,,100,55,71,17,233.2,2730,10801,38,0,8.0,1.2;2.9;2.2;0.9;1.1;0.6;42.6;44.4;5.4;2.8;36.9;46.8;0.8;1.3;0.2;0.0;0.2;0.0;0.0;0.3;0.0;0.3;0.2;0.2,31.38,0.07,0.0,0.02,14.42,0.0,292.0,244.0,4,16,,,,,,,,,,,,,,,,,,,,,,,,,,,,,,,,,,,,,,,,,,,,,,,,,,,,,,,,,,,,,
57,12,,,,,,,100,58,69,16,236.1,2730,10801,38,0,7.6,1.3;3.7;0.9;0.5;0.8;0.2;49.6;43.2;3.4;4.2;30.8;43.7;0.8;0.5;0.0;0.0;0.0;0.0;0.0;0.0;0.0;0.2;0.0;0.0,31.4,0.07,0.0,0.02,14.42,0.0,1123.0,1464.0,4,16,,,,,,,,,,,,,,,,,,,,,,,,,,,,,,,,,,,,,,,,,,,,,,,,,,,,,,,,,,,,,
57,13,,,,,,,100,62,70,19,236.0,2730,10801,38,0,8.5,3.0;5.7;4.1;2.5;0.8;0.5;35.1;37.1;5.5;3.9;40.8;60.5;0.2;1.3;0.0;0.3;0.2;0.3;0.2;0.2;0.3;0.6;0.3;0.2,31.39,0.07,0.0,0.02,14.42,0.0,341.0,390.0,4,16,,,,,,,,,,,,,,,,,,,,,,,,,,,,,,,,,,,,,,,,,,,,,,,,,,,,,,,,,,,,,
57,14,,,,,,,100,61,70,14,233.4,2730,10801,38,0,8.1,1.5;3.5;2.9;2.5;1.1;0.5;44.4;43.0;3.9;5.1;39.5;45.0;1.5;0.3;0.0;0.0;0.0;0.0;0.0;0.0;0.0;0.2;0.0;0.3,31.4,0.07,0.0,0.04,14.42,0.0,1562.0,4541.0,4,16,,,,,,,,,,,,,,,,,,,,,,,,,,,,,,,,,,,,,,,,,,,,,,,,,,,,,,,,,,,,,
57,15,,,,,,,100,57,71,15,236.8,2730,10801,38,0,8.1,1.6;4.2;2.2;1.1;0.6;0.8;41.3;48.6;4.9;5.8;39.2;40.2;0.8;0.9;0.2;0.3;0.2;0.0;0.0;0.2;0.2;0.2;0.3;0.3,31.39,0.07,0.01,0.08,14.42,0.0,1318.0,1367.0,4,16,,,,,,,,,,,,,,,,,,,,,,,,,,,,,,,,,,,,,,,,,,,,,,,,,,,,,,,,,,,,,
57,16,,,,,,,100,63,67,17,236.8,2730,10801,38,0,8.1,1.7;3.8;2.8;2.5;1.1;1.1;49.1;35.7;4.2;5.8;40.8;44.1;0.9;0.6;0.0;0.0;0.2;0.2;0.2;0.3;0.0;0.2;0.3;0.0,31.4,0.07,0.0,0.02,14.42,0.0,1220.0,97.0,4,16,,,,,,,,,,,,,,,,,,,,,,,,,,,,,,,,,,,,,,,,,,,,,,,,,,,,,,,,,,,,,
57,17,,,,,,,100,53,69,16,235.7,2730,10801,38,0,8.4,1.6;4.2;2.8;2.2;0.8;1.4;41.0;36.8;8.0;3.8;36.9;57.6;0.6;0.9;0.2;0.0;0.3;0.2;0.2;0.3;0.2;0.0;0.3;0.3,31.4,0.07,0.0,0.07,14.42,0.0,46630.0,4296.0,4,16,,,,,,,,,,,,,,,,,,,,,,,,,,,,,,,,,,,,,,,,,,,,,,,,,,,,,,,,,,,,,
57,18,,,,,,,100,54,70,16,237.8,2730,10801,38,0,8.1,1.4;3.4;2.0;1.5;0.5;0.5;35.7;32.8;5.4;2.8;51.5;53.0;1.1;0.9;0.0;0.0;0.5;0.2;0.0;0.2;0.3;0.0;0.3;0.2,31.41,0.07,0.0,0.04,14.42,0.0,31591.0,109130.0,4,16,,,,,,,,,,,,,,,,,,,,,,,,,,,,,,,,,,,,,,,,,,,,,,,,,,,,,,,,,,,,,
57,19,,,,,,,100,50,70,14,236.3,2730,10801,38,0,7.8,1.2;2.5;1.6;0.9;0.8;0.6;49.3;36.0;3.9;3.1;33.4;49.5;0.9;0.8;0.0;0.2;0.0;0.3;0.0;0.0;0.5;0.6;0.0;0.2,31.41,0.07,0.0,0.02,14.42,0.0,244.0,1416.0,4,16,,,,,,,,,,,,,,,,,,,,,,,,,,,,,,,,,,,,,,,,,,,,,,,,,,,,,,,,,,,,,
57,20,,,,,,,100,53,70,16,236.0,2730,10801,38,0,8.6,3.0;4.2;2.3;2.6;0.9;0.6;40.1;42.0;5.9;3.0;41.5;53.3;0.8;0.6;0.2;0.5;0.3;0.2;0.0;0.0;0.0;0.6;1.4;2.0,31.41,0.07,0.0,0.03,14.42,0.0,1416.0,5273.0,4,16,,,,,,,,,,,,,,,,,,,,,,,,,,,,,,,,,,,,,,,,,,,,,,,,,,,,,,,,,,,,,
57,21,,,,,,,100,61,71,17,236.7,2730,10801,38,0,8.2,0.9;2.9;1.6;1.7;1.6;0.8;39.7;43.2;7.3;6.2;39.9;45.9;0.9;0.9;0.2;0.3;0.2;0.2;0.0;0.2;0.2;0.6;0.2;0.5,31.39,0.07,0.0,0.02,14.42,0.0,1806.0,5029.0,4,16,,,,,,,,,,,,,,,,,,,,,,,,,,,,,,,,,,,,,,,,,,,,,,,,,,,,,,,,,,,,,
57,22,,,,,,,100,56,69,13,236.1,2730,10801,38,0,8.1,1.9;4.3;1.7;2.5;1.7;1.1;36.2;49.6;3.6;5.0;32.7;50.0;1.4;0.6;0.0;0.5;0.0;0.3;0.0;0.3;0.2;0.3;0.0;0.6,31.4,0.07,0.0,0.04,14.42,0.0,292.0,1757.0,4,16,,,,,,,,,,,,,,,,,,,,,,,,,,,,,,,,,,,,,,,,,,,,,,,,,,,,,,,,,,,,,
57,23,,,,,,,100,51,70,17,236.2,2730,10801,38,0,8.0,0.8;4.5;1.3;1.6;0.5;0.3;38.7;41.4;3.4;5.0;32.9;59.6;0.5;0.8;0.0;0.0;0.5;0.0;0.0;0.0;0.0;0.0;0.0;0.0,31.37,0.07,0.0,0.03,14.42,0.0,1123.0,1367.0,4,16,,,,,,,,,,,,,,,,,,,,,,,,,,,,,,,,,,,,,,,,,,,,,,,,,,,,,,,,,,,,,
57,24,,,,,,,100,50,68,14,234.8,2730,10801,38,0,8.0,1.2;3.7;1.7;2.0;0.9;1.2;49.1;47.2;4.2;7.5;26.9;44.0;0.9;1.1;0.0;0.0;0.3;0.2;0.0;0.0;0.0;0.0;0.3;0.0,31.4,0.07,0.0,0.03,14.42,0.0,292.0,1367.0,4,16,,,,,,,,,,,,,,,,,,,,,,,,,,,,,,,,,,,,,,,,,,,,,,,,,,,,,,,,,,,,,
57,25,,,,,,,100,46,71,16,235.7,2730,10801,38,0,8.3,1.7;4.3;1.7;1.6;1.1;0.3;41.6;51.2;5.2;5.2;33.0;47.6;0.8;1.0;0.0;0.3;0.0;0.0;0.0;0.0;0.2;0.9;0.3;0.0,31.39,0.07,0.0,0.04,14.42,0.0,1416.0,0.0,4,16,,,,,,,,,,,,,,,,,,,,,,,,,,,,,,,,,,,,,,,,,,,,,,,,,,,,,,,,,,,,,
57,26,,,,,,,100,50,69,21,235.7,2730,10801,38,0,8.0,1.4;5.2;1.7;1.3;0.6;1.3;34.1;44.9;2.8;4.2;41.7;49.7;1.1;0.6;0.0;0.2;0.0;0.0;0.2;0.2;0.0;0.3;0.0;0.2,31.4,0.07,0.0,0.02,14.42,0.0,634.0,1513.0,4,16,,,,,,,,,,,,,,,,,,,,,,,,,,,,,,,,,,,,,,,,,,,,,,,,,,,,,,,,,,,,,
57,27,,,,,,,100,46,70,13,233.4,2730,10801,38,0,8.0,2.2;4.8;1.4;1.1;0.3;0.5;40.1;44.2;4.1;2.7;40.7;48.8;0.3;0.6;0.0;0.0;0.2;0.3;0.0;0.3;0.0;0.0;0.2;0.5,31.4,0.07,0.0,0.02,14.42,0.0,0.0,1757.0,4,16,,,,,,,,,,,,,,,,,,,,,,,,,,,,,,,,,,,,,,,,,,,,,,,,,,,,,,,,,,,,,
57,28,,,,,,,100,55,70,16,237.1,2730,10801,38,0,7.9,1.2;2.3;0.9;1.3;0.8;0.0;48.0;31.3;5.6;3.8;37.4;54.4;0.3;0.5;0.2;0.0;0.0;0.2;0.0;0.0;0.3;0.3;0.5;0.3,31.4,0.07,0.0,0.03,14.42,0.0,1025.0,1708.0,4,16,,,,,,,,,,,,,,,,,,,,,,,,,,,,,,,,,,,,,,,,,,,,,,,,,,,,,,,,,,,,,
57,29,,,,,,,100,53,70,16,236.8,2730,10801,38,0,8.1,0.9;3.4;2.2;1.9;0.6;0.2;39.3;36.5;5.3;6.0;40.2;53.5;0.9;0.9;0.0;0.0;0.0;0.0;0.0;0.2;0.2;0.0;0.6;0.3,31.41,0.07,0.0,0.01,14.42,0.0,1660.0,3320.0,4,16,,,,,,,,,,,,,,,,,,,,,,,,,,,,,,,,,,,,,,,,,,,,,,,,,,,,,,,,,,,,,
57,30,,,,,,,100,72,69,20,232.6,2730,10801,38,0,6.0,0.6;3.4;0.9;0.6;0.2;0.2;34.9;43.6;3.9;2.0;31.4;20.7;0.3;0.0;0.2;0.2;0.2;0.2;0.0;0.0;0.0;0.0;0.0;0.2,31.4,0.07,0.0,0.07,14.42,0.0,927.0,195.0,4,16,,,,,,,,,,,,,,,,,,,,,,,,,,,,,,,,,,,,,,,,,,,,,,,,,,,,,,,,,,,,,
57,31,,,,,,,100,77,69,19,236.4,2730,10801,38,0,5.7,1.7;2.9;1.0;1.7;0.0;0.5;28.3;20.7;2.7;1.7;31.4;43.5;0.0;0.0;0.0;0.0;0.0;0.0;0.0;0.0;0.2;0.0;0.0;0.0,31.4,0.07,0.0,0.03,14.42,0.0,1318.0,1708.0,4,16,,,,,,,,,,,,,,,,,,,,,,,,,,,,,,,,,,,,,,,,,,,,,,,,,,,,,,,,,,,,,
57,summary,0.3096802891982691,0.9932824469199449,0.2832612996896108,0.9998888888888889,0.00100000,313.6,,,,,,,,,,,,,,,,,,,,,,100,100.0,100,46,57.55,77,66,69.42,71,13,16.16,21,97.3,231.18,237.8,2730.0,10801.0,38.0,0,5.7,8.37,21.1,31.36,31.4,31.46,63.16,0.07,0.07,0.07,16.0,0.0,0.0,0.01,0.01,0.28,3.03,11.015,16.348,14.42,14.42,14.42,15.992,0.0,0.0,0.0,0.0,4405.0,46630.0,0.0,13461.94,119921.0,4,4.0,4,16,16.0,16,4,16,6.32,291.14
58,1,,,,,,,93,75,64,21,91.3,2730,10801,38,0,21.2,20.4;21.6;24.0;23.9;21.6;22.5;60.4;59.2;23.4;27.1;58.7;64.0;13.5;13.5;3.8;4.7;7.7;9.3;3.6;3.2;5.6;7.4;4.8;5.1,31.47,0.07,0.0,0.02,14.42,0.0,830.0,0.0,4,16,,,,,,,,,,,,,,,,,,,,,,,,,,,,,,,,,,,,,,,,,,,,,,,,,,,,,,,,,,,,,
58,2,,,,,,,98,78,71,15,236.0,2730,10801,38,0,7.7,0.9;2.5;0.8;1.4;0.0;1.1;48.7;36.4;3.6;4.3;28.2;55.3;0.3;0.8;0.0;0.0;0.0;0.0;0.0;0.0;0.3;0.6;0.0;0.0,31.43,0.07,0.0,3.09,14.42,0.0,537.0,0.0,4,16,,,,,,,,,,,,,,,,,,,,,,,,,,,,,,,,,,,,,,,,,,,,,,,,,,,,,,,,,,,,,
58,3,,,,,,,98,80,68,20,235.2,2730,10801,38,0,8.2,2.0;4.9;1.7;1.7;0.5;1.6;35.2;36.4;5.8;8.9;32.0;64.5;1.1;0.6;0.0;0.2;0.2;0.0;0.0;0.0;0.0;0.0;0.0;0.3,31.42,0.07,0.0,1.6,14.42,0.0,976.0,146.0,4,16,,,,,,,,,,,,,,,,,,,,,,,,,,,,,,,,,,,,,,,,,,,,,,,,,,,,,,,,,,,,,
58,4,,,,,,,98,78,69,14,235.2,2730,10801,38,0,8.3,0.9;6.0;1.4;2.5;2.7;1.4;58.9;43.2;3.0;8.1;30.6;40.1;0.3;0.6;0.2;0.3;0.0;0.0;0.0;0.0;0.0;0.0;0.2;0.2,31.4,0.07,0.0,2.93,14.42,0.0,292.0,341.0,4,16,,,,,,,,,,,,,,,,,,,,,,,,,,,,,,,,,,,,,,,,,,,,,,,,,,,,,,,,,,,,,
58,5,,,,,,,100,87,70,13,234.2,2730,10801,38,0,7.9,1.4;3.5;1.4;1.2;0.3;0.3;52.6;32.6;4.5;3.6;37.7;47.4;0.5;0.5;0.0;0.0;0.0;0.0;0.0;0.0;0.0;0.6;0.0;0.0,31.41,0.07,0.0,0.02,14.42,0.0,1123.0,1855.0,4,16,,,,,,,,,,,,,,,,,,,,,,,,,,,,,,,,,,,,,,,,,,,,,,,,,,,,,,,,,,,,,
58,6,,,,,,,100,89,70,16,236.1,2730,10801,38,0,8.0,0.9;3.7;2.5;1.4;0.8;0.9;45.5;30.3;8.1;6.3;49.7;38.6;0.6;0.8;0.2;0.9;0.0;0.0;0.2;0.5;0.2;0.0;0.2;0.2,31.4,0.07,0.0,0.12,14.42,0.0,927.0,1904.0,4,16,,,,,,,,,,,,,,,,,,,,,,,,,,,,,,,,,,,,,,,,,,,,,,,,,,,,,,,,,,,,,
58,7,,,,,,,98,78,68,15,234.6,2730,10801,38,0,8.0,1.1;2.9;0.9;1.2;0.6;1.6;55.2;39.1;4.5;3.3;39.5;38.4;1.1;0.5;0.0;0.2;0.2;0.2;0.6;0.0;0.5;0.0;0.0;0.6,31.41,0.07,0.0,0.04,14.42,0.0,2441.0,1757.0,4,16,,,,,,,,,,,,,,,,,,,,,,,,,,,,,,,,,,,,,,,,,,,,,,,,,,,,,,,,,,,,,
58,8,,,,,,,100,89,66,14,232.3,2730,10801,38,0,8.2,1.9;5.3;3.0;1.6;0.6;0.6;45.0;36.2;3.9;5.8;44.2;45.6;0.5;0.6;0.0;0.0;0.2;0.0;0.0;0.0;0.2;0.3;0.5;0.2,31.42,0.07,0.01,0.09,14.42,0.0,0.0,2246.0,4,16,,,,,,,,,,,,,,,,,,,,,,,,,,,,,,,,,,,,,,,,,,,,,,,,,,,,,,,,,,,,,
58,9,,,,,,,100,86,70,16,236.3,2730,10801,38,0,7.8,1.1;3.1;3.8;2.0;0.2;0.3;49.5;39.3;3.1;4.4;42.8;35.7;0.9;0.3;0.0;0.0;0.0;0.0;0.0;0.0;0.0;0.0;0.0;0.0,31.42,0.07,0.0,0.06,14.42,0.0,341.0,48.0,4,16,,,,,,,,,,,,,,,,,,,,,,,,,,,,,,,,,,,,,,,,,,,,,,,,,,,,,,,,,,,,,
58,10,,,,,,,100,87,70,14,235.3,2730,10801,38,0,7.8,0.8;4.1;2.0;1.1;0.3;0.6;60.2;44.5;3.1;1.6;28.7;39.6;0.5;0.6;0.0;0.0;0.0;0.2;0.0;0.0;0.0;0.2;0.0;0.0,31.43,0.07,0.01,0.1,14.42,0.0,3906.0,1513.0,4,16,,,,,,,,,,,,,,,,,,,,,,,,,,,,,,,,,,,,,,,,,,,,,,,,,,,,,,,,,,,,,
58,11,,,,,,,100,74,68,14,233.5,2730,10801,38,0,7.8,1.6;2.8;1.6;0.6;0.6;0.6;44.3;35.1;3.6;3.3;30.5;57.9;1.6;1.2;0.2;0.0;0.2;0.0;0.0;0.0;0.0;0.0;0.0;0.0,31.42,0.07,0.0,0.02,14.42,0.0,2392.0,1367.0,4,16,,,,,,,,,,,,,,,,,,,,,,,,,,,,,,,,,,,,,,,,,,,,,,,,,,,,,,,,,,,,,
58,12,,,,,,,100,76,68,14,237.5,2730,10801,38,0,8.0,1.6;3.7;2.0;1.1;0.5;0.6;46.2;48.5;4.0;6.1;29.8;44.5;0.6;0.6;0.0;0.2;0.2;0.2;0.0;0.0;0.5;0.6;0.2;0.2,31.42,0.07,0.0,0.02,14.42,0.0,14892.0,0.0,4,16,,,,,,,,,,,,,,,,,,,,,,,,,,,,,,,,,,,,,,,,,,,,,,,,,,,,,,,,,,,,,
58,13,,,,,,,100,78,69,16,236.2,2730,10801,38,0,8.4,1.9;4.0;1.7;0.6;0.2;0.3;50.4;37.5;5.3;3.4;37.8;52.5;0.9;0.6;0.0;0.0;0.2;0.0;0.0;0.0;2.2;0.5;0.0;0.0,31.42,0.07,0.0,0.04,14.42,0.0,2246.0,1611.0,4,16,,,,,,,,,,,,,,,,,,,,,,,,,,,,,,,,,,,,,,,,,,,,,,,,,,,,,,,,,,,,,
58,14,,,,,,,100,72,68,14,235.9,2730,10801,38,0,8.3,2.0;3.8;4.0;1.6;1.6;1.6;45.4;39.3;6.4;5.1;39.8;45.4;0.6;1.2;0.5;0.0;0.5;0.5;0.3;0.0;0.3;0.2;0.2;0.2,31.41,0.07,0.0,0.02,14.42,0.0,2392.0,1367.0,4,16,,,,,,,,,,,,,,,,,,,,,,,,,,,,,,,,,,,,,,,,,,,,,,,,,,,,,,,,,,,,,
58,15,,,,,,,100,77,69,17,235.4,2730,10801,38,0,7.7,1.6;3.6;1.6;0.5;0.6;0.6;44.9;38.6;3.1;4.7;37.6;45.0;0.6;0.5;0.0;0.0;0.0;0.2;0.0;0.0;0.0;0.0;0.0;0.0,31.41,0.07,0.0,0.03,14.42,0.0,19824.0,15771.0,4,16,,,,,,,,,,,,,,,,,,,,,,,,,,,,,,,,,,,,,,,,,,,,,,,,,,,,,,,,,,,,,
58,16,,,,,,,100,74,68,13,238.0,2730,10801,38,0,7.8,0.9;3.2;2.0;1.1;0.3;0.2;56.5;37.4;3.0;4.2;30.8;46.0;0.6;0.5;0.2;0.0;0.0;0.0;0.0;0.0;0.0;0.3;0.2;0.0,31.4,0.07,0.0,0.04,14.42,0.0,22656.0,427832.0,4,16,,,,,,,,,,,,,,,,,,,,,,,,,,,,,,,,,,,,,,,,,,,,,,,,,,,,,,,,,,,,,
58,17,,,,,,,100,74,68,14,236.7,2730,10801,38,0,7.8,0.9;4.2;1.6;0.3;0.3;0.3;43.0;37.9;4.1;2.2;48.3;41.6;1.2;0.3;0.2;0.0;0.3;0.0;0.0;0.0;0.0;0.0;0.3;0.2,31.41,0.07,0.0,0.05,14.42,0.0,17333.0,5712.0,4,16,,,,,,,,,,,,,,,,,,,,,,,,,,,,,,,,,,,,,,,,,,,,,,,,,,,,,,,,,,,,,
58,18,,,,,,,100,70,70,14,236.7,2730,10801,38,0,8.3,2.5;4.7;2.5;2.0;1.4;0.5;45.7;43.3;5.3;4.6;49.5;32.3;0.8;1.5;0.2;0.5;0.6;0.0;0.2;0.0;0.3;0.5;1.1;0.5,31.42,0.07,0.0,0.09,14.42,0.0,16796.0,17041.0,4,16,,,,,,,,,,,,,,,,,,,,,,,,,,,,,,,,,,,,,,,,,,,,,,,,,,,,,,,,,,,,,
58,19,,,,,,,100,56,71,14,237.8,2730,10801,38,0,7.7,0.9;3.7;1.7;0.8;0.6;0.8;47.2;34.8;4.2;3.1;49.1;36.8;0.5;0.3;0.2;0.0;0.0;0.0;0.2;0.0;0.0;0.0;0.2;0.0,31.41,0.07,0.0,0.1,14.433,0.0,14208.0,1660.0,4,16,,,,,,,,,,,,,,,,,,,,,,,,,,,,,,,,,,,,,,,,,,,,,,,,,,,,,,,,,,,,,
58,20,,,,,,,82,66,68,14,233.0,2730,10801,38,0,7.9,0.8;3.6;2.0;1.7;0.6;0.2;47.4;42.5;3.4;5.6;36.3;45.1;0.6;0.5;0.0;0.0;0.3;0.0;0.0;0.0;0.0;0.0;0.2;0.0,31.41,0.07,0.0,0.08,14.42,0.0,16162.0,57421.0,4,16,,,,,,,,,,,,,,,,,,,,,,,,,,,,,,,,,,,,,,,,,,,,,,,,,,,,,,,,,,,,,
58,21,,,,,,,96,80,68,14,235.7,2730,10801,38,0,8.0,0.9;4.9;1.9;1.2;0.3;0.5;41.1;42.4;4.7;6.7;33.5;52.2;1.1;0.3;0.0;0.0;0.0;0.0;0.0;0.0;0.0;0.0;0.3;0.0,31.42,0.07,0.0,0.02,14.42,0.0,8496.0,70458.0,4,16,,,,,,,,,,,,,,,,,,,,,,,,,,,,,,,,,,,,,,,,,,,,,,,,,,,,,,,,,,,,,
58,22,,,,,,,89,72,68,15,234.4,2730,10801,39,0,8.2,1.2;3.9;2.0;2.0;0.5;1.1;56.5;43.1;7.3;5.6;32.2;39.3;0.9;0.9;0.0;0.0;0.3;0.0;0.0;0.0;0.3;0.0;0.0;0.0,31.41,0.07,0.0,0.09,14.42,0.0,17675.0,1513.0,4,16,,,,,,,,,,,,,,,,,,,,,,,,,,,,,,,,,,,,,,,,,,,,,,,,,,,,,,,,,,,,,
58,23,,,,,,,98,83,69,15,235.4,2730,10801,38,0,8.0,1.3;5.2;1.1;1.7;0.9;0.3;43.4;47.3;2.7;4.9;34.5;47.3;0.9;0.9;0.2;0.0;0.0;0.2;0.0;0.0;0.0;0.2;0.2;0.0,31.4,0.07,0.0,0.04,14.42,0.0,1220.0,5908.0,4,16,,,,,,,,,,,,,,,,,,,,,,,,,,,,,,,,,,,,,,,,,,,,,,,,,,,,,,,,,,,,,
58,24,,,,,,,100,90,69,17,235.6,2730,10801,38,0,8.2,1.1;3.5;1.9;2.3;0.9;0.3;45.2;34.3;4.7;5.6;47.1;45.0;0.6;1.1;0.2;0.2;0.2;0.0;0.2;0.2;0.3;0.2;0.2;0.2,31.41,0.07,0.0,0.01,14.42,0.0,488.0,9228.0,4,16,,,,,,,,,,,,,,,,,,,,,,,,,,,,,,,,,,,,,,,,,,,,,,,,,,,,,,,,,,,,,
58,25,,,,,,,100,67,68,16,235.7,2730,10801,39,0,7.7,1.6;3.1;1.3;1.3;0.5;0.2;59.0;27.9;5.3;4.6;36.9;40.5;0.9;0.6;0.0;0.0;0.0;0.2;0.2;0.0;0.0;0.0;0.2;0.0,31.4,0.07,0.0,0.04,14.42,0.0,292.0,292.0,4,16,,,,,,,,,,,,,,,,,,,,,,,,,,,,,,,,,,,,,,,,,,,,,,,,,,,,,,,,,,,,,
58,26,,,,,,,100,76,71,16,236.7,2730,10801,38,0,8.4,2.7;4.3;3.3;3.0;0.6;0.3;49.4;38.2;5.5;5.1;41.4;45.6;0.5;0.6;0.2;0.0;0.0;0.0;0.3;0.0;0.6;0.2;0.2;0.2,31.4,0.07,0.0,0.04,14.42,0.0,1660.0,1367.0,4,16,,,,,,,,,,,,,,,,,,,,,,,,,,,,,,,,,,,,,,,,,,,,,,,,,,,,,,,,,,,,,
58,27,,,,,,,100,75,70,15,233.2,2730,10801,38,0,8.1,1.4;3.5;2.2;1.1;0.5;0.2;47.4;38.4;5.6;5.3;40.6;43.1;1.2;0.9;0.2;0.0;0.3;0.0;0.3;0.3;1.7;0.3;0.5;0.2,31.42,0.07,0.0,0.03,14.42,0.0,683.0,1416.0,4,16,,,,,,,,,,,,,,,,,,,,,,,,,,,,,,,,,,,,,,,,,,,,,,,,,,,,,,,,,,,,,
58,28,,,,,,,100,75,70,17,236.3,2730,10801,39,0,8.2,2.8;5.4;3.0;2.7;1.1;0.6;49.7;34.0;4.2;4.7;34.8;51.6;0.8;0.8;0.0;0.0;0.2;0.0;0.0;0.0;0.2;0.3;0.5;0.2,31.39,0.07,0.0,0.03,14.42,0.0,2392.0,195.0,4,16,,,,,,,,,,,,,,,,,,,,,,,,,,,,,,,,,,,,,,,,,,,,,,,,,,,,,,,,,,,,,
58,29,,,,,,,100,80,67,13,236.9,2730,10801,39,0,8.1,2.6;2.8;2.2;2.5;0.8;0.9;51.8;39.3;3.4;4.4;32.4;47.3;1.1;0.6;0.0;0.0;0.0;0.2;0.0;0.0;0.3;0.6;0.3;0.0,31.41,0.07,0.0,0.02,14.42,0.0,2001.0,1660.0,4,16,,,,,,,,,,,,,,,,,,,,,,,,,,,,,,,,,,,,,,,,,,,,,,,,,,,,,,,,,,,,,
58,30,,,,,,,100,75,67,15,232.1,2730,10801,38,0,6.3,1.2;3.1;1.6;1.2;1.6;0.6;30.6;37.0;3.6;4.8;37.0;27.4;0.3;0.0;0.3;0.0;0.0;0.2;0.2;0.2;0.3;0.0;0.6;0.0,31.4,0.07,0.0,0.06,14.42,0.0,1855.0,292.0,4,16,,,,,,,,,,,,,,,,,,,,,,,,,,,,,,,,,,,,,,,,,,,,,,,,,,,,,,,,,,,,,
58,31,,,,,,,98,79,68,16,234.7,2730,10801,38,0,5.8,1.2;4.6;2.0;1.2;2.0;2.0;28.6;15.0;3.2;3.0;49.6;26.6;0.0;0.5;0.0;0.0;0.5;0.2;0.0;0.0;0.0;0.0;0.5;0.0,31.41,0.07,0.0,0.02,14.42,0.0,22558.0,112939.0,4,16,,,,,,,,,,,,,,,,,,,,,,,,,,,,,,,,,,,,,,,,,,,,,,,,,,,,,,,,,,,,,
58,summary,0.31000333185250734,0.9930683960760381,0.28313666796684267,0.9997777777777778,0.00100000,313.8,,,,,,,,,,,,,,,,,,,,,,82,98.32,100,56,77.29,90,64,68.65,71,13,15.19,21,91.3,230.77,238.0,2730.0,10801.0,38.1,0,5.8,8.32,21.2,31.39,31.41,31.47,63.16,0.07,0.07,0.07,16.0,0.0,0.0,0.01,0.01,0.29,3.09,11.015,16.348,14.42,14.42,14.433,15.992,0.0,0.0,0.0,0.0,6438.52,22656.0,0.0,24027.74,427832.0,4,4.0,4,16,16.0,16,4,16,6.56,291.12
59,1,,,,,,,100,78,65,23,126.1,2745,10801,38,0,21.0,20.6;21.9;23.4;22.7;20.9;21.8;54.2;57.6;24.4;26.7;64.9;65.0;12.2;14.8;4.3;3.4;8.8;8.8;2.7;2.2;6.9;5.5;4.9;5.5,31.48,0.07,0.0,0.03,14.42,0.0,2685.0,5517.0,4,16,,,,,,,,,,,,,,,,,,,,,,,,,,,,,,,,,,,,,,,,,,,,,,,,,,,,,,,,,,,,,
59,2,,,,,,,100,73,67,14,236.5,2730,10801,38,0,8.1,2.0;4.8;2.2;1.3;0.8;0.6;52.6;38.2;4.5;4.2;34.1;45.7;0.9;0.3;0.0;0.2;0.0;0.0;0.0;0.2;0.5;0.5;0.3;0.5,31.45,0.07,0.0,3.08,14.42,0.0,341.0,341.0,4,16,,,,,,,,,,,,,,,,,,,,,,,,,,,,,,,,,,,,,,,,,,,,,,,,,,,,,,,,,,,,,
59,3,,,,,,,100,83,67,17,236.5,2730,10801,38,0,7.8,0.6;4.6;1.4;1.4;0.5;0.6;40.4;38.0;2.7;2.7;39.7;52.1;0.6;0.6;0.3;0.2;0.0;0.2;0.0;0.0;0.0;0.0;0.8;0.2,31.43,0.07,0.0,1.63,14.42,0.0,1513.0,1464.0,4,16,,,,,,,,,,,,,,,,,,,,,,,,,,,,,,,,,,,,,,,,,,,,,,,,,,,,,,,,,,,,,
59,4,,,,,,,100,60,67,15,235.6,2730,10801,38,0,7.9,0.8;4.8;1.4;1.6;0.8;0.2;45.5;42.6;4.5;3.0;39.6;42.5;0.6;0.8;0.0;0.0;0.2;0.0;0.0;0.2;0.0;0.0;0.0;0.0,31.41,0.07,0.0,2.92,14.42,0.0,1025.0,292.0,4,16,,,,,,,,,,,,,,,,,,,,,,,,,,,,,,,,,,,,,,,,,,,,,,,,,,,,,,,,,,,,,
59,5,,,,,,,100,84,67,17,235.8,2730,10801,38,0,7.9,1.6;3.1;3.3;1.6;0.9;0.9;60.3;29.6;4.8;2.5;39.7;39.8;0.3;0.8;0.0;0.3;0.0;0.2;0.0;0.0;0.5;0.3;0.2;0.2,31.36,0.07,0.0,0.04,14.42,0.0,927.0,1660.0,4,16,,,,,,,,,,,,,,,,,,,,,,,,,,,,,,,,,,,,,,,,,,,,,,,,,,,,,,,,,,,,,
59,6,,,,,,,100,60,67,14,235.8,2730,10801,38,0,7.7,0.9;3.2;1.1;1.1;0.9;0.9;49.8;40.4;4.2;3.0;28.3;49.6;0.6;0.3;0.2;0.2;0.0;0.0;0.0;0.0;0.0;0.3;0.0;0.0,31.4,0.07,0.0,0.02,14.42,0.0,3027.0,1660.0,4,16,,,,,,,,,,,,,,,,,,,,,,,,,,,,,,,,,,,,,,,,,,,,,,,,,,,,,,,,,,,,,
59,7,,,,,,,100,61,67,14,236.1,2730,10801,38,0,8.2,2.7;4.0;3.0;1.7;0.8;0.6;54.0;32.9;8.1;4.2;31.8;50.5;0.6;0.8;0.0;0.0;0.2;0.2;0.0;0.2;0.3;0.0;0.0;0.2,31.4,0.07,0.0,0.03,14.42,0.0,341.0,26660.0,4,16,,,,,,,,,,,,,,,,,,,,,,,,,,,,,,,,,,,,,,,,,,,,,,,,,,,,,,,,,,,,,
59,8,,,,,,,100,73,69,14,233.8,2730,10801,38,0,8.8,1.4;5.9;4.7;4.0;1.4;0.9;52.3;39.2;10.0;2.8;35.6;48.7;0.8;0.6;0.3;0.2;0.5;0.2;0.0;0.2;0.3;0.3;0.0;0.0,31.4,0.07,0.04,0.15,14.42,0.0,15625.0,114257.0,4,16,,,,,,,,,,,,,,,,,,,,,,,,,,,,,,,,,,,,,,,,,,,,,,,,,,,,,,,,,,,,,
59,9,,,,,,,60,53,68,14,226.7,2730,10801,38,0,7.9,1.1;3.6;2.5;2.0;0.9;0.5;52.5;44.1;5.1;3.4;43.5;30.2;0.6;0.3;0.0;0.2;0.0;0.0;0.0;0.0;0.0;0.0;0.2;0.2,31.42,0.07,0.0,0.05,14.42,0.0,35986.0,112353.0,4,16,,,,,,,,,,,,,,,,,,,,,,,,,,,,,,,,,,,,,,,,,,,,,,,,,,,,,,,,,,,,,
59,10,,,,,,,100,52,70,15,235.4,2730,10801,38,0,8.7,3.0;3.9;3.0;2.2;1.7;1.4;47.4;50.9;6.3;7.7;29.3;46.9;1.1;0.6;0.8;0.2;0.2;0.5;0.2;0.0;0.3;0.8;0.0;0.8,31.42,0.07,0.0,0.07,14.42,0.0,585.0,21972.0,4,16,,,,,,,,,,,,,,,,,,,,,,,,,,,,,,,,,,,,,,,,,,,,,,,,,,,,,,,,,,,,,
59,11,,,,,,,100,77,68,17,228.3,2730,10801,38,0,8.0,1.1;3.7;2.0;1.7;1.4;1.1;55.5;39.8;3.0;3.7;32.9;41.8;1.1;1.2;0.0;0.2;0.0;0.0;0.2;0.2;0.2;0.2;0.0;0.0,31.42,0.07,0.01,0.05,14.42,0.0,244.0,1708.0,4,16,,,,,,,,,,,,,,,,,,,,,,,,,,,,,,,,,,,,,,,,,,,,,,,,,,,,,,,,,,,,,
59,12,,,,,,,100,75,70,16,236.7,2730,10801,38,0,8.3,2.3;3.7;1.6;2.5;1.9;0.5;46.6;51.0;4.1;4.5;37.4;37.8;0.9;0.8;0.2;0.5;0.0;0.0;0.2;0.0;1.2;0.5;0.6;0.2,31.41,0.07,0.05,0.14,14.42,0.0,1708.0,1367.0,4,16,,,,,,,,,,,,,,,,,,,,,,,,,,,,,,,,,,,,,,,,,,,,,,,,,,,,,,,,,,,,,
59,13,,,,,,,100,84,68,16,236.3,2730,10801,38,0,8.1,0.8;4.3;2.7;1.3;0.8;0.6;39.0;37.6;4.7;3.6;53.6;44.0;0.5;0.8;0.2;0.0;0.2;0.0;0.0;0.0;0.5;0.0;0.0;0.0,31.38,0.07,0.0,0.02,14.42,0.0,1464.0,1904.0,4,16,,,,,,,,,,,,,,,,,,,,,,,,,,,,,,,,,,,,,,,,,,,,,,,,,,,,,,,,,,,,,
59,14,,,,,,,100,85,67,15,233.8,2730,10801,38,0,8.1,2.2;2.2;2.8;1.4;0.3;0.5;44.3;46.8;5.5;3.0;35.6;49.4;0.5;1.1;0.0;0.2;0.0;0.0;0.0;0.0;0.3;0.0;0.0;0.0,31.41,0.07,0.0,0.04,14.42,0.0,3076.0,2734.0,4,16,,,,,,,,,,,,,,,,,,,,,,,,,,,,,,,,,,,,,,,,,,,,,,,,,,,,,,,,,,,,,
59,15,,,,,,,100,86,69,17,235.7,2730,10801,38,0,7.9,0.9;4.6;1.3;1.3;0.5;0.3;34.0;46.9;5.0;3.1;39.0;49.5;1.3;0.6;0.0;0.0;0.0;0.0;0.0;0.0;0.0;0.2;0.2;0.2,31.4,0.07,0.0,0.09,14.42,0.0,2734.0,97.0,4,16,,,,,,,,,,,,,,,,,,,,,,,,,,,,,,,,,,,,,,,,,,,,,,,,,,,,,,,,,,,,,
59,16,,,,,,,100,85,69,13,235.3,2730,10801,38,0,7.9,1.3;2.3;1.7;1.2;1.1;0.3;34.0;42.5;4.7;4.4;41.2;52.3;0.3;0.8;0.0;0.0;0.0;0.0;0.0;0.0;0.2;0.0;0.3;0.0,31.39,0.07,0.0,0.01,14.42,0.0,24755.0,9033.0,4,16,,,,,,,,,,,,,,,,,,,,,,,,,,,,,,,,,,,,,,,,,,,,,,,,,,,,,,,,,,,,,
59,17,,,,,,,98,81,68,14,234.0,2730,10801,38,0,8.1,0.9;3.3;1.9;1.9;0.5;0.8;38.0;44.1;7.6;2.5;48.8;39.2;0.8;0.5;0.0;0.2;0.0;0.0;0.0;0.0;0.0;0.2;1.4;0.9,31.42,0.07,0.0,0.03,14.42,0.0,1562.0,5957.0,4,16,,,,,,,,,,,,,,,,,,,,,,,,,,,,,,,,,,,,,,,,,,,,,,,,,,,,,,,,,,,,,
59,18,,,,,,,100,85,70,15,234.5,2730,10801,38,0,8.1,1.7;4.3;1.7;1.6;0.8;0.6;43.7;55.0;5.6;2.8;28.8;46.2;0.6;0.6;0.0;0.3;0.2;0.2;0.2;0.0;0.2;0.0;0.2;0.0,31.4,0.07,0.0,0.02,14.42,0.0,1416.0,1367.0,4,16,,,,,,,,,,,,,,,,,,,,,,,,,,,,,,,,,,,,,,,,,,,,,,,,,,,,,,,,,,,,,
59,19,,,,,,,98,80,68,17,234.6,2730,10801,38,0,8.1,1.3;3.9;1.6;1.6;0.8;0.8;44.7;40.3;5.2;3.8;35.1;53.1;0.9;0.5;0.2;0.2;0.2;0.5;0.5;0.2;0.6;0.2;0.0;0.0,31.4,0.07,0.0,0.04,14.42,0.0,48.0,1757.0,4,16,,,,,,,,,,,,,,,,,,,,,,,,,,,,,,,,,,,,,,,,,,,,,,,,,,,,,,,,,,,,,
59,20,,,,,,,98,79,67,14,235.2,2730,10801,38,0,8.5,1.4;4.0;3.3;3.0;1.9;1.4;54.2;34.2;7.9;6.1;39.2;42.3;1.6;1.6;0.5;0.2;0.2;0.3;0.0;0.2;0.2;0.5;0.0;0.2,31.45,0.07,0.01,0.11,14.42,0.0,292.0,28369.0,4,16,,,,,,,,,,,,,,,,,,,,,,,,,,,,,,,,,,,,,,,,,,,,,,,,,,,,,,,,,,,,,
59,21,,,,,,,99,80,68,15,233.8,2730,10801,38,0,8.4,1.7;5.8;1.6;2.8;0.9;1.4;34.9;30.7;5.3;4.5;56.5;50.7;1.1;0.9;0.3;0.0;0.3;0.0;0.0;0.0;0.5;0.5;0.2;0.2,31.42,0.07,0.0,0.08,14.42,0.0,244.0,1757.0,4,16,,,,,,,,,,,,,,,,,,,,,,,,,,,,,,,,,,,,,,,,,,,,,,,,,,,,,,,,,,,,,
59,22,,,,,,,98,81,69,14,235.8,2730,10801,38,0,7.9,1.1;2.0;2.3;1.2;0.6;0.6;36.8;45.3;3.6;5.5;34.2;54.9;0.8;0.9;0.0;0.3;0.0;0.0;0.0;0.0;0.0;0.0;0.0;0.0,31.41,0.07,0.0,0.02,14.42,0.0,1513.0,0.0,4,16,,,,,,,,,,,,,,,,,,,,,,,,,,,,,,,,,,,,,,,,,,,,,,,,,,,,,,,,,,,,,
59,23,,,,,,,98,81,69,16,235.7,2730,10801,38,0,7.9,1.1;3.6;2.0;1.1;0.2;1.1;52.8;34.5;5.0;4.9;39.0;41.8;0.8;0.5;0.3;0.0;0.0;0.2;0.0;0.0;0.0;0.0;0.3;0.0,31.39,0.07,0.01,0.07,14.42,0.0,292.0,439.0,4,16,,,,,,,,,,,,,,,,,,,,,,,,,,,,,,,,,,,,,,,,,,,,,,,,,,,,,,,,,,,,,
59,24,,,,,,,98,81,69,17,233.4,2730,10801,38,0,7.9,1.4;3.4;1.2;1.2;0.3;0.2;49.5;40.0;4.8;3.1;34.8;45.6;0.6;0.9;0.0;0.2;0.0;0.0;0.0;0.0;0.0;0.3;0.5;0.9,31.43,0.07,0.0,0.01,14.42,0.0,34179.0,1367.0,4,16,,,,,,,,,,,,,,,,,,,,,,,,,,,,,,,,,,,,,,,,,,,,,,,,,,,,,,,,,,,,,
59,25,,,,,,,98,80,69,16,235.3,2730,10801,38,0,7.6,0.5;5.7;1.1;1.1;0.2;0.0;40.0;43.4;5.2;1.4;29.0;54.1;0.8;0.6;0.0;0.0;0.0;0.2;0.0;0.0;0.0;0.8;0.0;0.0,31.42,0.07,0.0,0.09,14.42,0.0,1416.0,48.0,4,16,,,,,,,,,,,,,,,,,,,,,,,,,,,,,,,,,,,,,,,,,,,,,,,,,,,,,,,,,,,,,
59,26,,,,,,,98,80,68,14,236.0,2730,10801,38,0,7.9,1.4;2.2;1.6;0.9;0.3;0.0;45.4;46.6;7.3;3.4;32.6;46.2;0.3;0.8;0.0;0.0;0.0;0.2;0.0;0.0;0.0;0.2;0.2;0.2,31.43,0.07,0.0,0.09,14.42,0.0,341.0,1757.0,4,16,,,,,,,,,,,,,,,,,,,,,,,,,,,,,,,,,,,,,,,,,,,,,,,,,,,,,,,,,,,,,
59,27,,,,,,,98,80,68,14,231.0,2730,10801,38,0,8.2,1.6;5.4;2.7;1.9;2.0;1.2;40.9;44.9;6.2;4.5;22.6;58.6;1.1;1.1;0.3;0.0;0.2;0.0;0.5;0.2;0.0;0.3;0.3;0.5,31.43,0.07,0.0,0.03,14.42,0.0,195.0,1611.0,4,16,,,,,,,,,,,,,,,,,,,,,,,,,,,,,,,,,,,,,,,,,,,,,,,,,,,,,,,,,,,,,
59,28,,,,,,,98,81,68,15,236.0,2730,10801,38,0,7.8,1.3;3.3;1.4;1.3;1.1;0.5;34.5;53.4;3.9;3.9;34.9;46.4;0.5;0.8;0.0;0.0;0.0;0.0;0.0;0.0;0.0;0.0;0.2;0.2,31.43,0.07,0.0,0.04,14.42,0.0,1416.0,97.0,4,16,,,,,,,,,,,,,,,,,,,,,,,,,,,,,,,,,,,,,,,,,,,,,,,,,,,,,,,,,,,,,
59,29,,,,,,,98,77,70,20,235.5,2730,10801,38,0,8.1,1.1;4.2;1.7;1.6;0.3;0.9;47.7;57.6;3.8;5.0;26.5;40.8;0.8;0.6;0.0;0.2;0.0;0.0;0.0;0.0;0.0;0.0;0.3;0.0,31.42,0.07,0.0,0.02,14.42,0.0,0.0,1806.0,4,16,,,,,,,,,,,,,,,,,,,,,,,,,,,,,,,,,,,,,,,,,,,,,,,,,,,,,,,,,,,,,
59,30,,,,,,,98,77,69,20,232.5,2730,10801,38,0,6.1,0.8;3.7;0.8;1.6;0.6;0.6;50.3;20.3;2.8;4.4;15.6;41.7;0.2;0.8;0.2;0.2;0.0;0.2;0.2;0.0;0.2;0.9;0.0;0.2,31.43,0.07,0.0,0.03,14.42,0.0,683.0,1660.0,4,16,,,,,,,,,,,,,,,,,,,,,,,,,,,,,,,,,,,,,,,,,,,,,,,,,,,,,,,,,,,,,
59,31,,,,,,,100,57,70,21,235.5,2730,10801,38,0,5.8,0.7;3.1;0.7;1.2;0.2;0.7;16.4;38.7;1.2;4.4;33.0;35.9;0.5;0.2;0.0;0.0;0.0;0.0;0.0;0.0;0.0;0.5;0.0;0.7,31.42,0.07,0.01,0.07,14.42,0.0,341.0,195.0,4,16,,,,,,,,,,,,,,,,,,,,,,,,,,,,,,,,,,,,,,,,,,,,,,,,,,,,,,,,,,,,,
59,summary,0.3099646270636152,0.9931549272682558,0.283236511654324,0.9998888888888889,0.00100000,313.4,,,,,,,,,,,,,,,,,,,,,,60,97.9,100,52,75.77,86,65,68.23,70,13,15.9,23,126.1,231.07,236.7,2730.5,10801.0,38.0,0,5.8,8.35,21.0,31.36,31.42,31.48,63.16,0.07,0.07,0.07,16.0,0.0,0.0,0.05,0.01,0.29,3.08,11.015,16.348,14.42,14.42,14.42,15.992,0.0,0.0,0.0,0.0,4515.29,35986.0,0.0,11329.23,114257.0,4,4.0,4,16,16.0,16,4,16,5.99,291.11
60,1,,,,,,,100,53,67,18,103.4,2730,10801,38,0,21.1,19.4;20.4;22.4;23.0;20.8;22.9;51.4;63.7;24.1;27.5;64.2;62.1;14.6;14.2;4.1;4.4;8.1;9.9;2.5;2.3;7.1;6.8;6.6;5.0,31.48,0.07,0.01,0.04,14.42,0.0,1562.0,5615.0,4,16,,,,,,,,,,,,,,,,,,,,,,,,,,,,,,,,,,,,,,,,,,,,,,,,,,,,,,,,,,,,,
60,2,,,,,,,100,61,70,16,235.8,2730,10801,38,0,8.4,1.6;5.7;1.2;1.4;0.5;0.9;33.0;52.1;5.5;4.5;42.2;46.7;1.7;0.8;0.0;0.0;0.0;0.2;0.2;0.0;0.9;1.6;0.0;0.0,31.46,0.07,0.0,3.07,14.42,0.0,1074.0,1416.0,4,16,,,,,,,,,,,,,,,,,,,,,,,,,,,,,,,,,,,,,,,,,,,,,,,,,,,,,,,,,,,,,
60,3,,,,,,,100,54,70,16,236.7,2730,10801,38,0,8.0,0.6;4.4;1.3;1.1;0.8;1.1;35.5;61.5;6.1;5.6;37.8;34.4;0.3;0.8;0.0;0.0;0.0;0.0;0.0;0.0;0.0;0.0;0.0;0.2,31.42,0.07,0.0,1.62,14.42,0.0,1416.0,1464.0,4,16,,,,,,,,,,,,,,,,,,,,,,,,,,,,,,,,,,,,,,,,,,,,,,,,,,,,,,,,,,,,,
60,4,,,,,,,100,67,69,15,235.9,2730,10801,38,0,7.8,0.9;3.7;2.2;0.6;1.4;0.8;43.3;43.8;4.9;4.7;44.8;34.3;0.9;0.8;0.0;0.0;0.0;0.0;0.0;0.0;0.0;0.0;0.0;0.0,31.41,0.07,0.0,2.95,14.42,0.0,244.0,1416.0,4,16,,,,,,,,,,,,,,,,,,,,,,,,,,,,,,,,,,,,,,,,,,,,,,,,,,,,,,,,,,,,,
60,5,,,,,,,100,63,70,14,234.8,2730,10801,38,0,7.8,0.6;2.6;2.2;1.6;0.8;0.6;45.9;52.2;3.7;3.3;35.3;35.5;0.5;0.9;0.0;0.0;0.2;0.0;0.2;0.0;0.2;0.0;0.0;0.0,31.42,0.07,0.0,0.04,14.42,0.0,292.0,488.0,4,16,,,,,,,,,,,,,,,,,,,,,,,,,,,,,,,,,,,,,,,,,,,,,,,,,,,,,,,,,,,,,
60,6,,,,,,,100,68,68,16,235.5,2730,10801,38,0,8.3,2.0;4.0;3.0;1.6;1.1;1.1;39.5;53.0;6.7;4.4;46.8;31.6;1.4;0.3;0.2;0.5;0.3;0.0;0.2;0.0;0.2;0.3;0.3;0.2,31.4,0.07,0.0,0.03,14.42,0.0,2294.0,1416.0,4,16,,,,,,,,,,,,,,,,,,,,,,,,,,,,,,,,,,,,,,,,,,,,,,,,,,,,,,,,,,,,,
60,7,,,,,,,100,63,71,14,236.4,2730,10801,38,0,8.0,1.1;4.0;1.6;1.9;0.5;0.2;52.3;39.1;3.1;6.7;34.5;44.0;0.8;0.6;0.2;0.0;0.0;0.2;0.0;0.2;0.0;0.2;0.0;0.0,31.39,0.07,0.0,0.01,14.42,0.0,18701.0,114892.0,4,16,,,,,,,,,,,,,,,,,,,,,,,,,,,,,,,,,,,,,,,,,,,,,,,,,,,,,,,,,,,,,
60,8,,,,,,,100,56,71,15,233.3,2730,10801,38,0,8.5,2.5;5.5;3.1;3.7;0.8;0.6;44.8;41.6;5.4;5.1;36.3;49.6;1.1;0.6;0.5;0.2;0.5;0.2;0.5;0.2;0.5;0.3;0.2;0.2,31.41,0.07,0.0,0.03,14.42,0.0,16455.0,1562.0,4,16,,,,,,,,,,,,,,,,,,,,,,,,,,,,,,,,,,,,,,,,,,,,,,,,,,,,,,,,,,,,,
60,9,,,,,,,100,58,71,17,236.2,2730,10801,38,0,7.7,0.9;3.3;1.3;0.6;0.6;0.5;51.9;46.9;4.1;4.5;35.1;33.6;0.9;1.1;0.0;0.0;0.0;0.0;0.2;0.0;0.0;0.0;0.0;0.0,31.4,0.07,0.0,0.02,14.42,0.0,1464.0,8056.0,4,16,,,,,,,,,,,,,,,,,,,,,,,,,,,,,,,,,,,,,,,,,,,,,,,,,,,,,,,,,,,,,
60,10,,,,,,,100,64,70,13,236.5,2730,10801,38,0,8.1,0.9;2.2;1.1;0.8;0.6;0.2;48.6;42.4;5.3;6.9;30.3;50.2;0.6;0.5;0.5;0.2;0.0;0.2;0.3;0.0;0.6;0.0;0.6;0.6,31.41,0.07,0.0,0.03,14.42,0.0,17724.0,1660.0,4,16,,,,,,,,,,,,,,,,,,,,,,,,,,,,,,,,,,,,,,,,,,,,,,,,,,,,,,,,,,,,,
60,11,,,,,,,100,54,70,15,231.8,2730,10801,38,0,8.4,2.0;3.7;2.2;1.2;1.7;1.9;30.8;44.6;5.0;3.1;40.7;57.9;0.9;1.9;0.0;0.2;0.2;0.6;0.5;0.2;0.6;0.5;0.6;0.2,31.41,0.07,0.0,0.09,14.42,0.0,1416.0,23046.0,4,16,,,,,,,,,,,,,,,,,,,,,,,,,,,,,,,,,,,,,,,,,,,,,,,,,,,,,,,,,,,,,
60,12,,,,,,,100,55,70,15,237.0,2730,10801,38,0,8.0,1.1;4.9;2.3;2.0;1.4;0.2;46.9;38.9;4.5;2.5;36.2;49.1;0.9;0.8;0.0;0.0;0.0;0.0;0.0;0.0;0.2;0.0;0.0;0.2,31.39,0.07,0.0,0.02,14.42,0.0,1660.0,1416.0,4,16,,,,,,,,,,,,,,,,,,,,,,,,,,,,,,,,,,,,,,,,,,,,,,,,,,,,,,,,,,,,,
60,13,,,,,,,100,63,70,15,237.3,2730,10801,38,0,8.0,0.5;4.1;1.9;0.3;0.5;0.5;36.6;39.9;6.1;3.8;46.0;50.4;0.5;1.1;0.0;0.0;0.0;0.0;0.0;0.0;0.0;0.3;0.0;0.0,31.42,0.07,0.0,0.04,14.42,0.0,244.0,1367.0,4,16,,,,,,,,,,,,,,,,,,,,,,,,,,,,,,,,,,,,,,,,,,,,,,,,,,,,,,,,,,,,,
60,14,,,,,,,100,58,68,14,233.3,2730,10801,38,0,7.8,0.5;3.7;1.6;0.9;0.3;0.8;41.7;27.9;5.3;3.1;43.3;56.9;0.8;0.8;0.0;0.0;0.2;0.0;0.0;0.0;0.2;0.3;0.3;0.0,31.4,0.07,0.0,0.08,14.42,0.0,1513.0,4394.0,4,16,,,,,,,,,,,,,,,,,,,,,,,,,,,,,,,,,,,,,,,,,,,,,,,,,,,,,,,,,,,,,
60,15,,,,,,,100,63,68,16,237.2,2730,10801,38,0,8.2,1.6;3.7;1.4;2.2;2.0;0.9;38.8;41.6;4.7;4.5;38.8;51.8;1.3;2.4;0.2;0.0;0.2;0.3;0.0;0.0;0.0;0.0;0.6;0.0,31.39,0.07,0.0,0.04,14.42,0.0,1464.0,1464.0,4,16,,,,,,,,,,,,,,,,,,,,,,,,,,,,,,,,,,,,,,,,,,,,,,,,,,,,,,,,,,,,,
60,16,,,,,,,100,71,70,15,235.8,2730,10801,38,0,7.9,0.9;3.1;1.7;1.3;0.8;1.1;44.5;26.6;6.1;2.8;46.0;52.0;0.9;0.5;0.2;0.0;0.0;0.0;0.0;0.2;0.3;0.0;0.5;0.0,31.41,0.07,0.0,0.15,14.42,0.0,292.0,341.0,4,16,,,,,,,,,,,,,,,,,,,,,,,,,,,,,,,,,,,,,,,,,,,,,,,,,,,,,,,,,,,,,
60,17,,,,,,,100,72,68,14,234.6,2730,10801,38,0,8.1,1.7;5.7;2.3;1.7;0.9;0.9;31.0;39.4;3.1;4.4;50.2;51.2;0.6;0.8;0.2;0.0;0.2;0.0;0.0;0.2;0.2;0.0;0.2;0.0,31.39,0.07,0.0,0.02,14.42,0.0,1708.0,5468.0,4,16,,,,,,,,,,,,,,,,,,,,,,,,,,,,,,,,,,,,,,,,,,,,,,,,,,,,,,,,,,,,,
60,18,,,,,,,100,77,69,17,236.6,2730,10801,38,0,8.1,0.8;4.6;1.4;1.1;1.4;2.5;39.4;51.9;3.1;4.7;43.6;37.5;0.8;0.5;0.2;0.0;0.2;0.2;0.0;0.0;0.3;0.0;0.3;0.0,31.36,0.07,0.0,0.03,14.42,0.0,1416.0,1416.0,4,16,,,,,,,,,,,,,,,,,,,,,,,,,,,,,,,,,,,,,,,,,,,,,,,,,,,,,,,,,,,,,
60,19,,,,,,,100,73,68,14,237.4,2730,10801,38,0,7.9,0.9;2.2;2.3;1.7;0.9;0.3;43.1;36.2;2.8;4.5;44.5;46.3;0.5;0.9;0.2;0.0;0.0;0.0;0.0;0.0;0.0;0.3;0.3;0.2,31.41,0.07,0.0,0.03,14.42,0.0,341.0,1757.0,4,16,,,,,,,,,,,,,,,,,,,,,,,,,,,,,,,,,,,,,,,,,,,,,,,,,,,,,,,,,,,,,
60,20,,,,,,,100,76,67,15,236.2,2730,10801,38,0,8.1,0.9;2.5;2.7;1.3;0.8;0.3;29.4;46.4;5.3;5.3;33.9;59.7;0.8;0.3;0.5;0.5;0.2;0.0;0.0;0.0;0.2;0.2;2.2;0.6,31.39,0.07,0.0,0.03,14.42,0.0,585.0,4199.0,4,16,,,,,,,,,,,,,,,,,,,,,,,,,,,,,,,,,,,,,,,,,,,,,,,,,,,,,,,,,,,,,
60,21,,,,,,,100,76,68,17,237.2,2730,10801,38,0,8.4,1.4;6.4;3.3;2.8;1.4;1.4;52.7;48.3;5.6;5.0;29.7;40.1;0.9;2.2;0.0;0.2;0.0;0.2;0.2;0.2;0.3;0.3;0.0;0.3,31.41,0.07,0.0,0.05,14.42,0.0,341.0,1367.0,4,16,,,,,,,,,,,,,,,,,,,,,,,,,,,,,,,,,,,,,,,,,,,,,,,,,,,,,,,,,,,,,
60,22,,,,,,,100,74,68,15,237.7,2730,10801,38,0,8.0,2.0;3.2;0.8;0.9;0.6;0.5;42.9;40.7;4.1;5.8;43.5;43.1;1.1;0.8;0.3;0.0;0.2;0.0;0.0;0.0;0.2;0.0;0.8;0.3,31.41,0.07,0.0,0.2,14.42,0.0,1708.0,3369.0,4,16,,,,,,,,,,,,,,,,,,,,,,,,,,,,,,,,,,,,,,,,,,,,,,,,,,,,,,,,,,,,,
60,23,,,,,,,100,55,69,20,236.8,2730,10801,38,0,8.0,1.4;4.5;1.7;1.6;0.8;0.9;38.8;35.2;4.2;2.4;42.9;56.4;0.6;0.9;0.3;0.0;0.2;0.2;0.0;0.2;0.2;0.0;0.2;0.0,31.39,0.07,0.0,0.05,14.42,0.0,878.0,1660.0,4,16,,,,,,,,,,,,,,,,,,,,,,,,,,,,,,,,,,,,,,,,,,,,,,,,,,,,,,,,,,,,,
60,24,,,,,,,100,71,70,21,237.9,2730,10801,39,0,8.0,0.6;6.4;1.2;1.9;0.6;0.5;39.1;35.7;3.3;5.5;48.4;46.3;0.9;0.8;0.0;0.2;0.2;0.0;0.0;0.0;0.0;0.2;0.0;0.0,31.42,0.07,0.0,0.04,14.42,0.0,1171.0,97.0,4,16,,,,,,,,,,,,,,,,,,,,,,,,,,,,,,,,,,,,,,,,,,,,,,,,,,,,,,,,,,,,,
60,25,,,,,,,100,55,71,13,236.8,2730,10801,38,0,7.9,0.6;5.1;1.4;1.7;0.2;0.8;30.6;53.4;4.5;3.3;36.8;49.1;0.8;1.1;0.0;0.0;0.2;0.0;0.0;0.0;0.2;0.2;0.3;0.0,31.41,0.07,0.0,0.03,14.42,0.0,537.0,1708.0,4,16,,,,,,,,,,,,,,,,,,,,,,,,,,,,,,,,,,,,,,,,,,,,,,,,,,,,,,,,,,,,,
60,26,,,,,,,100,62,68,15,237.1,2730,10801,38,0,8.1,1.1;3.8;2.0;1.2;0.5;0.9;40.2;29.2;5.3;5.5;42.3;59.7;0.6;0.8;0.2;0.2;0.0;0.2;0.0;0.0;0.0;0.0;0.0;0.2,31.41,0.07,0.0,0.04,14.42,0.0,2734.0,1416.0,4,16,,,,,,,,,,,,,,,,,,,,,,,,,,,,,,,,,,,,,,,,,,,,,,,,,,,,,,,,,,,,,
60,27,,,,,,,100,53,70,16,232.8,2730,10801,38,0,7.8,0.5;3.2;0.3;1.7;0.3;0.2;40.2;53.9;2.0;4.0;34.1;45.7;0.5;0.6;0.0;0.0;0.0;0.0;0.0;0.0;0.0;0.0;0.0;0.0,31.38,0.07,0.0,0.01,14.42,0.0,28466.0,112304.0,4,16,,,,,,,,,,,,,,,,,,,,,,,,,,,,,,,,,,,,,,,,,,,,,,,,,,,,,,,,,,,,,
60,28,,,,,,,99,84,69,16,236.2,2730,10801,38,0,7.9,0.6;3.4;1.4;0.9;0.3;0.3;41.3;47.3;3.7;4.7;49.1;33.3;0.5;0.9;0.2;0.2;0.0;0.0;0.0;0.0;0.0;0.0;0.9;0.0,31.4,0.07,0.0,0.03,14.42,0.0,927.0,1513.0,4,16,,,,,,,,,,,,,,,,,,,,,,,,,,,,,,,,,,,,,,,,,,,,,,,,,,,,,,,,,,,,,
60,29,,,,,,,100,85,70,16,236.1,2730,10801,38,0,8.1,0.9;4.3;1.6;1.9;1.1;1.9;38.1;53.9;4.2;5.5;27.7;49.9;0.9;0.6;0.2;0.0;0.5;0.3;0.0;0.0;0.0;0.3;0.5;0.5,31.38,0.07,0.0,0.02,14.42,0.0,927.0,195.0,4,16,,,,,,,,,,,,,,,,,,,,,,,,,,,,,,,,,,,,,,,,,,,,,,,,,,,,,,,,,,,,,
60,30,,,,,,,100,86,70,20,232.9,2730,10801,38,0,5.9,0.3;1.9;0.3;0.6;0.2;0.2;37.2;39.7;2.6;4.8;22.0;31.9;0.5;0.3;0.0;0.0;0.0;0.0;0.0;0.0;0.2;0.0;0.0;0.0,31.4,0.07,0.0,0.02,14.42,0.0,292.0,26806.0,4,16,,,,,,,,,,,,,,,,,,,,,,,,,,,,,,,,,,,,,,,,,,,,,,,,,,,,,,,,,,,,,
60,31,,,,,,,100,86,68,20,237.6,2730,10801,38,0,5.7,0.5;3.2;1.0;2.0;0.7;0.0;20.0;47.2;3.0;2.0;15.8;39.9;0.2;0.5;0.0;0.0;0.0;0.0;0.0;0.0;0.5;0.5;0.0;0.0,31.4,0.07,0.0,0.04,14.42,0.0,1416.0,195.0,4,16,,,,,,,,,,,,,,,,,,,,,,,,,,,,,,,,,,,,,,,,,,,,,,,,,,,,,,,,,,,,,
60,summary,0.3096241391371696,0.9932596755535719,0.28332910487386914,0.9998888888888889,0.00100000,313.5,,,,,,,,,,,,,,,,,,,,,,99,99.97,100,53,66.32,86,67,69.23,71,13,15.9,21,103.4,231.64,237.9,2730.0,10801.0,38.0,0,5.7,8.32,21.1,31.36,31.41,31.48,63.16,0.07,0.07,0.07,16.0,0.0,0.0,0.01,0.01,0.29,3.07,11.015,16.348,14.42,14.42,14.42,15.992,0.0,0.0,0.0,244.0,3589.1,28466.0,97.0,10757.52,114892.0,4,4.0,4,16,16.0,16,4,16,6.2,291.12
61,1,,,,,,,100,56,65,16,100.9,2745,10801,39,0,20.7,19.0;22.1;23.5;22.3;21.5;21.0;60.2;61.8;26.0;24.3;57.8;59.7;11.6;13.8;4.0;4.6;8.3;7.9;2.0;2.3;5.8;6.6;5.9;5.6,31.49,0.07,0.0,0.02,14.42,0.0,2441.0,2880.0,4,16,,,,,,,,,,,,,,,,,,,,,,,,,,,,,,,,,,,,,,,,,,,,,,,,,,,,,,,,,,,,,
61,2,,,,,,,100,52,68,17,236.4,2730,10801,38,0,10.0,6.0;5.4;4.0;3.7;1.4;1.9;43.7;38.2;9.0;6.4;41.2;58.2;1.9;1.9;0.2;0.8;0.3;0.5;0.6;0.2;5.0;7.2;0.3;0.8,31.46,0.07,0.0,3.08,14.42,0.0,2734.0,0.0,4,16,,,,,,,,,,,,,,,,,,,,,,,,,,,,,,,,,,,,,,,,,,,,,,,,,,,,,,,,,,,,,
61,3,,,,,,,100,70,68,17,236.6,2730,10801,38,0,8.0,1.1;3.7;2.6;1.6;1.2;0.5;41.4;52.0;4.0;3.1;41.9;36.1;1.3;0.8;0.0;0.2;0.2;0.0;0.0;0.0;0.0;0.0;0.0;0.0,31.43,0.07,0.0,1.63,14.42,0.0,292.0,1513.0,4,16,,,,,,,,,,,,,,,,,,,,,,,,,,,,,,,,,,,,,,,,,,,,,,,,,,,,,,,,,,,,,
61,4,,,,,,,98,79,70,17,236.0,2730,10801,38,0,7.6,0.6;4.3;1.3;0.5;0.5;0.0;53.8;43.3;3.9;3.3;34.9;35.1;0.6;0.9;0.0;0.0;0.0;0.0;0.0;0.0;0.0;0.3;0.0;0.0,31.43,0.07,0.0,2.9,14.42,0.0,878.0,1464.0,4,16,,,,,,,,,,,,,,,,,,,,,,,,,,,,,,,,,,,,,,,,,,,,,,,,,,,,,,,,,,,,,
61,5,,,,,,,98,80,71,14,234.9,2730,10801,38,0,8.0,1.7;4.4;1.6;1.9;0.9;0.6;55.1;39.8;5.9;5.3;31.8;39.5;0.9;0.5;0.0;0.2;0.0;0.0;0.0;0.2;0.0;0.5;0.0;0.0,31.42,0.07,0.0,0.02,14.42,0.0,1123.0,1367.0,4,16,,,,,,,,,,,,,,,,,,,,,,,,,,,,,,,,,,,,,,,,,,,,,,,,,,,,,,,,,,,,,
61,6,,,,,,,100,70,70,19,236.7,2730,10801,38,0,7.9,1.3;2.5;1.6;1.7;0.6;0.5;39.2;39.7;3.4;4.5;38.7;51.2;0.5;0.8;0.0;0.2;0.6;0.5;0.3;0.0;0.0;0.3;0.2;0.3,31.41,0.07,0.0,0.03,14.42,0.0,2490.0,1806.0,4,16,,,,,,,,,,,,,,,,,,,,,,,,,,,,,,,,,,,,,,,,,,,,,,,,,,,,,,,,,,,,,
61,7,,,,,,,100,70,70,13,236.2,2730,10801,38,0,8.0,1.3;3.0;2.2;3.6;0.5;0.9;63.6;33.6;4.5;6.0;41.0;29.1;1.2;0.6;0.2;0.2;0.0;0.0;0.0;0.2;0.0;0.3;0.0;0.0,31.41,0.07,0.0,0.02,14.42,0.0,26513.0,108300.0,4,16,,,,,,,,,,,,,,,,,,,,,,,,,,,,,,,,,,,,,,,,,,,,,,,,,,,,,,,,,,,,,
61,8,,,,,,,100,79,70,13,233.2,2730,10801,38,0,8.2,1.6;6.1;2.6;1.6;0.6;0.8;40.3;34.4;5.3;4.7;39.5;57.4;0.9;1.1;0.0;0.0;0.0;0.0;0.0;0.0;0.0;0.0;0.0;0.0,31.4,0.07,0.0,0.03,14.42,0.0,5908.0,100878.0,4,16,,,,,,,,,,,,,,,,,,,,,,,,,,,,,,,,,,,,,,,,,,,,,,,,,,,,,,,,,,,,,
61,9,,,,,,,100,70,70,13,235.6,2730,10801,38,0,7.9,0.8;3.4;2.4;2.4;0.3;0.6;34.1;44.4;4.9;4.4;42.1;49.1;0.8;0.8;0.0;0.0;0.0;0.0;0.0;0.0;0.0;0.0;0.0;0.3,31.4,0.07,0.0,0.02,14.42,0.0,0.0,1757.0,4,16,,,,,,,,,,,,,,,,,,,,,,,,,,,,,,,,,,,,,,,,,,,,,,,,,,,,,,,,,,,,,
61,10,,,,,,,100,55,71,17,235.7,2730,10801,38,0,8.2,1.6;3.9;2.5;1.3;0.8;0.9;61.3;39.1;4.4;5.3;45.7;26.2;0.6;0.9;0.0;0.5;0.5;0.3;0.0;0.3;0.3;0.3;0.2;0.5,31.4,0.07,0.0,0.02,14.42,0.0,1416.0,0.0,4,16,,,,,,,,,,,,,,,,,,,,,,,,,,,,,,,,,,,,,,,,,,,,,,,,,,,,,,,,,,,,,
61,11,,,,,,,100,65,71,19,232.9,2730,10801,38,0,8.1,1.5;2.8;2.9;1.5;1.9;0.9;46.5;34.2;7.0;2.2;52.1;37.5;0.8;0.6;0.0;0.0;0.0;0.2;0.0;0.0;0.0;0.2;0.0;0.6,31.41,0.07,0.0,0.03,14.42,0.0,5957.0,1464.0,4,16,,,,,,,,,,,,,,,,,,,,,,,,,,,,,,,,,,,,,,,,,,,,,,,,,,,,,,,,,,,,,
61,12,,,,,,,98,79,69,17,237.2,2730,10801,38,0,7.9,1.1;2.8;3.3;1.7;0.8;0.6;47.3;35.0;4.5;3.6;42.0;43.1;0.9;1.3;0.0;0.0;0.3;0.2;0.0;0.0;0.0;0.0;0.0;0.0,31.41,0.07,0.0,0.03,14.42,0.0,390.0,1708.0,4,16,,,,,,,,,,,,,,,,,,,,,,,,,,,,,,,,,,,,,,,,,,,,,,,,,,,,,,,,,,,,,
61,13,,,,,,,98,78,69,20,237.4,2730,10801,38,0,8.0,1.9;3.1;1.4;0.6;0.5;0.5;65.5;37.1;4.9;3.3;41.1;29.3;0.9;0.8;0.2;0.0;0.0;0.0;0.0;0.0;0.0;0.3;0.2;0.3,31.4,0.07,0.0,0.03,14.42,0.0,1123.0,4882.0,4,16,,,,,,,,,,,,,,,,,,,,,,,,,,,,,,,,,,,,,,,,,,,,,,,,,,,,,,,,,,,,,
61,14,,,,,,,98,79,69,15,234.4,2730,10801,38,0,8.4,0.9;5.3;3.3;1.6;0.8;0.5;63.7;52.4;6.5;3.4;28.8;29.8;0.9;0.9;0.0;0.2;0.5;0.0;0.0;0.0;0.2;0.6;0.3;0.0,31.4,0.07,0.01,0.08,14.42,0.0,7617.0,5761.0,4,16,,,,,,,,,,,,,,,,,,,,,,,,,,,,,,,,,,,,,,,,,,,,,,,,,,,,,,,,,,,,,
61,15,,,,,,,98,77,71,16,237.2,2730,10801,38,0,7.8,1.1;1.7;2.2;1.3;0.8;0.3;40.4;43.8;4.5;2.5;30.9;53.1;1.1;0.9;0.0;0.3;0.5;0.3;0.0;0.0;0.0;0.2;0.0;0.2,31.4,0.07,0.05,0.14,14.42,0.0,292.0,1757.0,4,16,,,,,,,,,,,,,,,,,,,,,,,,,,,,,,,,,,,,,,,,,,,,,,,,,,,,,,,,,,,,,
61,16,,,,,,,100,77,71,15,237.7,2730,10801,39,0,8.3,2.0;4.6;3.0;3.1;1.1;0.8;55.2;37.5;4.2;3.9;35.3;44.0;0.8;1.1;0.0;0.2;0.2;0.0;0.0;0.3;0.0;0.3;0.2;0.8,31.41,0.07,0.0,0.03,14.42,0.0,1123.0,1416.0,4,16,,,,,,,,,,,,,,,,,,,,,,,,,,,,,,,,,,,,,,,,,,,,,,,,,,,,,,,,,,,,,
61,17,,,,,,,100,70,71,20,236.9,2730,10801,38,0,8.1,1.6;4.6;2.5;1.4;1.1;0.6;54.2;38.1;5.2;2.5;37.5;41.2;1.4;1.1;0.0;0.3;0.2;0.0;0.0;0.0;0.2;0.2;0.5;0.3,31.42,0.07,0.0,0.03,14.42,0.0,2343.0,5468.0,4,16,,,,,,,,,,,,,,,,,,,,,,,,,,,,,,,,,,,,,,,,,,,,,,,,,,,,,,,,,,,,,
61,18,,,,,,,100,70,71,15,237.5,2730,10801,38,0,8.3,1.1;6.2;2.5;2.7;0.9;0.6;38.7;38.3;6.9;4.9;53.6;41.9;0.8;1.1;0.0;0.0;0.0;0.0;0.0;0.0;0.0;0.0;0.2;0.2,31.42,0.07,0.01,0.14,14.42,0.0,341.0,1757.0,4,16,,,,,,,,,,,,,,,,,,,,,,,,,,,,,,,,,,,,,,,,,,,,,,,,,,,,,,,,,,,,,
61,19,,,,,,,100,67,71,16,237.0,2730,10801,38,0,8.0,1.3;3.4;1.9;0.9;0.2;0.5;59.2;43.4;5.0;4.2;38.9;30.7;0.8;0.8;0.0;0.2;0.0;0.0;0.0;0.0;0.0;0.0;0.2;0.2,31.42,0.07,0.0,0.02,14.42,0.0,1708.0,48.0,4,16,,,,,,,,,,,,,,,,,,,,,,,,,,,,,,,,,,,,,,,,,,,,,,,,,,,,,,,,,,,,,
61,20,,,,,,,100,53,71,15,236.1,2730,10801,39,0,8.2,1.4;5.1;3.0;2.3;0.6;0.6;49.0;42.2;4.7;3.6;46.5;35.6;0.6;0.6;0.0;0.2;0.0;0.0;0.0;0.2;0.2;0.0;0.2;0.3,31.42,0.07,0.0,0.06,14.42,0.0,1123.0,6738.0,4,16,,,,,,,,,,,,,,,,,,,,,,,,,,,,,,,,,,,,,,,,,,,,,,,,,,,,,,,,,,,,,
61,21,,,,,,,100,54,72,16,237.4,2730,10801,38,0,8.8,1.9;4.0;4.2;2.2;1.1;1.4;53.0;39.0;6.8;5.7;31.8;52.0;1.1;0.9;0.2;0.2;0.2;0.3;0.0;0.0;0.2;0.3;2.5;0.9,31.43,0.07,0.0,0.02,14.42,0.0,1220.0,146.0,4,16,,,,,,,,,,,,,,,,,,,,,,,,,,,,,,,,,,,,,,,,,,,,,,,,,,,,,,,,,,,,,
61,22,,,,,,,100,61,72,14,237.1,2730,10801,38,0,7.9,1.4;3.8;2.3;0.8;0.5;0.3;51.2;33.2;6.7;1.9;45.4;39.0;0.8;0.9;0.0;0.0;0.2;0.0;0.0;0.0;0.0;0.3;0.0;0.2,31.41,0.07,0.0,0.02,14.42,0.0,21240.0,11132.0,4,16,,,,,,,,,,,,,,,,,,,,,,,,,,,,,,,,,,,,,,,,,,,,,,,,,,,,,,,,,,,,,
61,23,,,,,,,100,63,70,13,237.6,2730,10801,39,0,8.0,1.4;3.1;2.0;2.2;0.6;0.5;50.1;39.1;4.5;4.5;37.8;42.3;0.9;1.3;0.0;0.0;0.0;0.0;0.0;0.0;0.0;0.2;0.3;0.2,31.43,0.07,0.0,0.03,14.42,0.0,2978.0,1611.0,4,16,,,,,,,,,,,,,,,,,,,,,,,,,,,,,,,,,,,,,,,,,,,,,,,,,,,,,,,,,,,,,
61,24,,,,,,,100,55,71,15,235.6,2730,10801,38,0,7.6,0.8;2.0;0.9;1.1;0.9;0.6;47.7;32.4;5.8;3.6;45.6;40.9;0.5;0.9;0.0;0.2;0.0;0.0;0.0;0.0;0.0;0.3;0.0;0.0,31.42,0.07,0.01,0.03,14.42,0.0,0.0,5761.0,4,16,,,,,,,,,,,,,,,,,,,,,,,,,,,,,,,,,,,,,,,,,,,,,,,,,,,,,,,,,,,,,
61,25,,,,,,,100,61,70,15,236.0,2730,10801,38,0,7.8,0.8;1.7;1.6;2.8;0.5;0.5;59.2;42.3;3.4;4.5;26.3;36.6;0.6;0.8;1.3;1.3;0.2;0.0;0.0;0.0;0.0;0.0;0.2;1.3,31.4,0.07,0.0,0.03,14.42,0.0,1416.0,48.0,4,16,,,,,,,,,,,,,,,,,,,,,,,,,,,,,,,,,,,,,,,,,,,,,,,,,,,,,,,,,,,,,
61,26,,,,,,,100,66,68,21,236.2,2730,10801,39,0,7.9,1.1;3.1;1.9;3.3;0.8;0.3;53.0;27.0;4.7;7.5;30.1;55.1;0.6;0.8;0.3;0.2;0.0;0.0;0.2;0.2;0.2;0.0;0.2;0.2,31.39,0.07,0.0,0.03,14.42,0.0,976.0,341.0,4,16,,,,,,,,,,,,,,,,,,,,,,,,,,,,,,,,,,,,,,,,,,,,,,,,,,,,,,,,,,,,,
61,27,,,,,,,100,54,71,20,233.3,2730,10801,38,0,7.8,0.6;3.2;2.0;1.7;0.0;0.5;36.1;42.1;3.7;4.4;45.2;45.2;1.1;0.5;0.2;0.0;0.0;0.0;0.0;0.0;0.0;0.2;0.0;0.0,31.44,0.07,0.0,0.02,14.42,0.0,1660.0,1416.0,4,16,,,,,,,,,,,,,,,,,,,,,,,,,,,,,,,,,,,,,,,,,,,,,,,,,,,,,,,,,,,,,
61,28,,,,,,,100,61,71,13,236.6,2730,10801,39,0,8.2,1.4;4.3;1.1;0.8;0.6;1.1;52.5;49.5;5.0;2.5;36.9;37.7;0.6;0.8;0.0;0.2;0.0;0.0;0.0;0.2;0.2;0.0;0.5;0.0,31.41,0.07,0.0,0.03,14.42,0.0,0.0,1708.0,4,16,,,,,,,,,,,,,,,,,,,,,,,,,,,,,,,,,,,,,,,,,,,,,,,,,,,,,,,,,,,,,
61,29,,,,,,,100,73,70,15,235.7,2730,10801,39,0,7.9,0.5;3.6;1.4;0.9;0.9;0.6;47.5;37.9;4.2;5.3;33.6;51.3;0.8;0.6;0.3;0.2;0.0;0.0;0.0;0.0;0.2;0.2;0.0;0.0,31.38,0.07,0.0,0.02,14.42,0.0,1416.0,0.0,4,16,,,,,,,,,,,,,,,,,,,,,,,,,,,,,,,,,,,,,,,,,,,,,,,,,,,,,,,,,,,,,
61,30,,,,,,,100,70,69,15,233.5,2730,10801,39,0,6.0,1.4;2.9;1.4;1.1;0.0;0.5;20.7;31.2;2.8;2.8;46.3;31.0;0.2;0.3;0.0;0.0;0.0;0.0;0.0;0.0;0.2;0.2;0.0;0.0,31.39,0.07,0.0,0.04,14.42,0.0,4980.0,3173.0,4,16,,,,,,,,,,,,,,,,,,,,,,,,,,,,,,,,,,,,,,,,,,,,,,,,,,,,,,,,,,,,,
61,31,,,,,,,100,64,69,14,236.6,2730,10801,39,0,5.7,0.5;2.9;1.2;1.2;0.7;0.7;61.8;32.9;1.2;4.2;8.1;18.0;1.0;0.2;0.0;0.2;0.2;0.0;0.0;0.0;1.0;0.0;0.0;0.7,31.4,0.07,0.0,0.03,14.42,0.0,1855.0,390.0,4,16,,,,,,,,,,,,,,,,,,,,,,,,,,,,,,,,,,,,,,,,,,,,,,,,,,,,,,,,,,,,,
61,summary,0.30957045795119714,0.9932186870941004,0.2832376225789388,0.9997777777777778,0.00100000,313.5,,,,,,,,,,,,,,,,,,,,,,98,99.61,100,52,67.03,80,65,70.0,72,13,15.97,21,100.9,231.68,237.7,2730.5,10801.0,38.3,0,5.7,8.36,20.7,31.38,31.41,31.49,63.16,0.07,0.07,0.07,16.0,0.0,0.0,0.05,0.02,0.28,3.08,11.015,16.348,14.42,14.42,14.42,15.992,0.0,0.0,0.0,0.0,3340.42,26513.0,0.0,8925.48,108300.0,4,4.0,4,16,16.0,16,4,16,6.18,291.15
62,1,,,,,,,69,56,66,19,98.5,2745,10801,38,0,21.0,18.5;21.1;22.6;23.1;21.1;21.2;63.5;57.0;25.8;25.2;57.2;62.1;13.9;14.0;4.4;4.1;9.0;9.0;2.9;3.0;6.6;7.3;5.5;5.8,31.49,0.07,0.0,0.02,14.42,0.0,976.0,30908.0,4,16,,,,,,,,,,,,,,,,,,,,,,,,,,,,,,,,,,,,,,,,,,,,,,,,,,,,,,,,,,,,,
62,2,,,,,,,98,81,68,15,235.9,2730,10801,39,0,8.1,1.2;4.2;2.2;3.7;0.8;0.6;55.5;44.0;4.8;3.4;30.9;42.1;0.8;0.5;0.0;0.0;0.0;0.2;0.3;0.0;0.0;0.0;0.2;0.0,31.45,0.07,0.0,2.99,14.42,0.0,1416.0,48.0,4,16,,,,,,,,,,,,,,,,,,,,,,,,,,,,,,,,,,,,,,,,,,,,,,,,,,,,,,,,,,,,,
62,3,,,,,,,98,81,70,13,235.6,2730,10801,38,0,7.9,0.9;2.6;1.7;1.9;0.6;0.8;41.8;28.3;3.8;4.7;49.7;49.6;0.5;0.6;0.3;0.3;0.0;0.0;0.0;0.0;0.0;0.0;0.5;0.0,31.43,0.07,0.0,1.62,14.42,0.0,28466.0,97.0,4,16,,,,,,,,,,,,,,,,,,,,,,,,,,,,,,,,,,,,,,,,,,,,,,,,,,,,,,,,,,,,,
62,4,,,,,,,98,81,70,17,235.7,2730,10801,38,0,7.9,1.6;3.4;1.3;1.1;0.5;0.5;37.1;40.9;3.1;3.4;47.3;45.1;1.1;0.8;0.0;0.0;0.0;0.2;0.0;0.2;0.3;0.6;0.2;0.0,31.42,0.07,0.0,3.03,14.42,0.0,537.0,1806.0,4,16,,,,,,,,,,,,,,,,,,,,,,,,,,,,,,,,,,,,,,,,,,,,,,,,,,,,,,,,,,,,,
62,5,,,,,,,98,81,68,14,233.8,2730,10801,38,0,8.3,1.1;5.1;1.6;2.8;0.8;0.5;48.4;35.3;3.6;5.8;39.8;50.8;0.9;1.4;0.2;0.0;0.2;0.0;0.0;0.0;0.0;0.0;0.0;0.0,31.41,0.07,0.0,0.04,14.42,0.0,0.0,1660.0,4,16,,,,,,,,,,,,,,,,,,,,,,,,,,,,,,,,,,,,,,,,,,,,,,,,,,,,,,,,,,,,,
62,6,,,,,,,98,78,69,17,236.5,2730,10801,38,0,8.2,1.9;3.6;3.1;3.9;0.6;1.4;46.5;52.7;2.0;5.6;36.9;35.3;1.1;0.6;0.0;0.2;0.0;0.2;0.0;0.2;0.0;0.0;0.8;0.0,31.42,0.07,0.0,0.02,14.42,0.0,1416.0,1367.0,4,16,,,,,,,,,,,,,,,,,,,,,,,,,,,,,,,,,,,,,,,,,,,,,,,,,,,,,,,,,,,,,
62,7,,,,,,,98,80,68,15,236.4,2730,10801,38,0,7.9,0.8;3.4;1.7;3.7;0.0;1.4;48.1;39.6;3.4;5.9;36.0;43.9;0.6;0.6;0.0;0.0;0.0;0.0;0.0;0.0;0.0;0.0;0.2;0.0,31.41,0.07,0.0,0.02,14.42,0.0,0.0,1318.0,4,16,,,,,,,,,,,,,,,,,,,,,,,,,,,,,,,,,,,,,,,,,,,,,,,,,,,,,,,,,,,,,
62,8,,,,,,,98,80,69,13,231.7,2730,10801,38,0,8.1,1.6;4.6;2.2;1.7;0.5;1.7;44.7;42.0;3.0;5.5;28.5;56.9;1.5;0.5;0.0;0.2;0.0;0.0;0.0;0.2;0.3;0.3;0.2;0.2,31.42,0.07,0.0,0.02,14.42,0.0,781.0,341.0,4,16,,,,,,,,,,,,,,,,,,,,,,,,,,,,,,,,,,,,,,,,,,,,,,,,,,,,,,,,,,,,,
62,9,,,,,,,98,81,70,16,235.8,2730,10801,38,0,8.1,0.9;4.1;2.5;1.1;1.9;1.1;43.5;41.5;5.9;3.6;46.0;39.9;1.2;0.8;0.2;0.0;0.0;0.2;0.0;0.0;0.0;0.0;0.0;0.2,31.42,0.07,0.0,0.02,14.42,0.0,1123.0,1367.0,4,16,,,,,,,,,,,,,,,,,,,,,,,,,,,,,,,,,,,,,,,,,,,,,,,,,,,,,,,,,,,,,
62,10,,,,,,,98,81,68,15,237.3,2730,10801,38,0,8.4,1.6;2.9;1.4;1.9;0.9;1.1;38.4;42.0;7.0;6.1;52.6;40.3;2.1;0.6;0.2;0.0;0.0;0.0;0.0;0.0;0.3;0.2;0.5;0.3,31.39,0.07,0.0,0.03,14.42,0.0,878.0,1513.0,4,16,,,,,,,,,,,,,,,,,,,,,,,,,,,,,,,,,,,,,,,,,,,,,,,,,,,,,,,,,,,,,
62,11,,,,,,,98,75,68,15,231.5,2730,10801,38,0,8.1,2.0;4.9;2.6;1.2;0.8;0.3;48.6;43.7;5.1;4.1;33.9;44.9;0.9;0.9;0.2;0.0;0.2;0.0;0.0;0.0;0.0;0.6;0.0;0.3,31.42,0.07,0.0,0.03,14.42,0.0,341.0,1611.0,4,16,,,,,,,,,,,,,,,,,,,,,,,,,,,,,,,,,,,,,,,,,,,,,,,,,,,,,,,,,,,,,
62,12,,,,,,,98,79,69,17,236.3,2730,10801,38,0,8.3,2.3;4.0;3.1;2.8;0.9;0.8;43.2;55.4;6.6;3.8;45.7;27.8;1.3;0.8;0.0;0.2;0.0;0.0;0.2;0.2;0.0;0.0;0.0;0.2,31.4,0.07,0.0,0.02,14.42,0.0,23486.0,1562.0,4,16,,,,,,,,,,,,,,,,,,,,,,,,,,,,,,,,,,,,,,,,,,,,,,,,,,,,,,,,,,,,,
62,13,,,,,,,100,62,69,13,236.4,2730,10801,38,0,8.0,0.6;2.9;2.2;0.9;0.8;0.6;43.3;45.1;5.5;5.2;43.3;38.2;0.6;0.9;0.0;0.0;0.0;0.0;0.0;0.0;0.0;0.6;0.2;0.0,31.42,0.07,0.0,0.03,14.42,0.0,537.0,1757.0,4,16,,,,,,,,,,,,,,,,,,,,,,,,,,,,,,,,,,,,,,,,,,,,,,,,,,,,,,,,,,,,,
62,14,,,,,,,100,60,69,14,233.9,2730,10801,39,0,8.4,2.8;5.2;2.5;2.5;1.2;0.9;50.0;48.1;5.9;6.9;36.0;35.0;1.1;0.5;0.2;0.2;0.2;0.2;0.2;0.0;0.0;0.3;0.6;0.0,31.4,0.07,0.0,0.02,14.42,0.0,1220.0,5615.0,4,16,,,,,,,,,,,,,,,,,,,,,,,,,,,,,,,,,,,,,,,,,,,,,,,,,,,,,,,,,,,,,
62,15,,,,,,,100,59,70,15,236.8,2730,10801,38,0,8.0,1.1;4.2;1.9;1.6;0.3;0.6;42.1;48.6;3.1;5.0;37.4;45.2;0.5;0.6;0.0;0.2;0.2;0.0;0.0;0.0;0.0;0.0;0.0;0.2,31.38,0.07,0.0,0.03,14.42,0.0,1416.0,97.0,4,16,,,,,,,,,,,,,,,,,,,,,,,,,,,,,,,,,,,,,,,,,,,,,,,,,,,,,,,,,,,,,
62,16,,,,,,,100,51,70,15,236.6,2730,10801,39,0,8.1,1.7;3.9;1.2;2.5;0.8;0.3;58.5;42.1;3.0;4.9;34.6;37.8;1.3;0.6;0.0;0.2;0.0;0.0;0.0;0.0;0.0;0.0;0.0;0.0,31.4,0.07,0.03,0.09,14.42,0.0,878.0,1562.0,4,16,,,,,,,,,,,,,,,,,,,,,,,,,,,,,,,,,,,,,,,,,,,,,,,,,,,,,,,,,,,,,
62,17,,,,,,,100,50,71,21,236.6,2730,10801,39,0,8.2,1.4;4.9;1.7;2.5;0.3;1.1;62.4;36.9;4.8;5.2;25.8;44.7;0.9;1.7;0.0;0.2;0.2;0.3;0.0;0.2;0.5;1.1;0.5;0.5,31.41,0.07,0.0,0.1,14.42,0.0,1562.0,5859.0,4,16,,,,,,,,,,,,,,,,,,,,,,,,,,,,,,,,,,,,,,,,,,,,,,,,,,,,,,,,,,,,,
62,18,,,,,,,100,53,70,13,236.4,2730,10801,38,0,7.9,0.8;3.9;3.0;0.8;0.5;1.6;36.6;40.9;3.3;4.8;37.1;54.8;0.6;0.6;0.0;0.0;0.0;0.0;0.0;0.0;0.0;0.0;0.3;0.0,31.37,0.07,0.0,0.03,14.42,0.0,488.0,1708.0,4,16,,,,,,,,,,,,,,,,,,,,,,,,,,,,,,,,,,,,,,,,,,,,,,,,,,,,,,,,,,,,,
62,19,,,,,,,100,46,69,16,236.1,2730,10801,38,0,8.0,0.8;4.0;1.2;1.6;0.2;0.8;43.5;42.3;4.3;4.7;43.3;43.2;0.5;0.8;0.0;0.0;0.0;0.0;0.0;0.0;0.0;0.5;0.6;0.6,31.39,0.07,0.0,0.02,14.42,0.0,341.0,48.0,4,16,,,,,,,,,,,,,,,,,,,,,,,,,,,,,,,,,,,,,,,,,,,,,,,,,,,,,,,,,,,,,
62,20,,,,,,,100,70,68,14,236.9,2730,10801,38,0,8.4,1.7;2.9;2.2;0.8;0.3;1.2;46.5;29.2;4.8;8.4;42.9;57.2;1.1;0.6;0.0;0.0;0.2;0.0;0.0;0.0;0.2;0.2;0.0;0.0,31.4,0.07,0.0,0.08,14.42,0.0,1123.0,1367.0,4,16,,,,,,,,,,,,,,,,,,,,,,,,,,,,,,,,,,,,,,,,,,,,,,,,,,,,,,,,,,,,,
62,21,,,,,,,98,78,72,13,237.0,2730,10801,39,0,8.3,1.6;3.1;0.9;2.8;0.9;0.6;39.1;41.8;7.3;3.4;40.7;52.0;1.1;0.9;0.2;0.5;0.3;0.0;0.3;0.2;0.0;0.2;0.3;0.2,31.39,0.07,0.0,0.06,14.42,0.0,1464.0,48.0,4,16,,,,,,,,,,,,,,,,,,,,,,,,,,,,,,,,,,,,,,,,,,,,,,,,,,,,,,,,,,,,,
62,22,,,,,,,100,78,69,15,237.2,2730,10801,39,0,8.2,1.6;4.2;3.0;3.1;0.6;1.3;50.1;33.6;3.9;4.1;45.9;42.2;1.3;0.8;0.0;0.0;0.2;0.0;0.2;0.0;0.0;0.5;0.2;0.0,31.41,0.07,0.0,0.05,14.42,0.0,292.0,1708.0,4,16,,,,,,,,,,,,,,,,,,,,,,,,,,,,,,,,,,,,,,,,,,,,,,,,,,,,,,,,,,,,,
62,23,,,,,,,100,70,70,19,236.4,2730,10801,39,0,8.3,2.2;5.1;2.8;1.6;0.9;0.9;42.5;52.1;4.8;4.2;38.8;39.1;0.8;0.9;0.0;0.0;0.0;0.3;0.2;0.0;0.5;0.2;0.2;0.2,31.39,0.07,0.0,0.07,14.42,0.0,537.0,0.0,4,16,,,,,,,,,,,,,,,,,,,,,,,,,,,,,,,,,,,,,,,,,,,,,,,,,,,,,,,,,,,,,
62,24,,,,,,,100,74,71,20,235.3,2730,10801,39,0,8.6,1.7;6.0;2.8;2.0;0.6;1.4;39.8;45.3;6.4;5.1;38.6;49.0;1.4;1.1;0.2;0.0;0.3;0.6;0.0;0.2;0.0;0.5;0.8;1.1,31.38,0.07,0.0,0.02,14.42,0.0,1708.0,32470.0,4,16,,,,,,,,,,,,,,,,,,,,,,,,,,,,,,,,,,,,,,,,,,,,,,,,,,,,,,,,,,,,,
62,25,,,,,,,100,69,72,14,236.5,2730,10801,39,0,8.0,1.2;4.9;1.6;1.7;0.8;0.8;41.5;37.9;4.1;4.9;33.7;57.0;0.5;0.6;0.0;0.2;0.0;0.2;0.0;0.2;0.3;0.3;0.0;0.5,31.41,0.07,0.0,0.02,14.42,0.0,878.0,1416.0,4,16,,,,,,,,,,,,,,,,,,,,,,,,,,,,,,,,,,,,,,,,,,,,,,,,,,,,,,,,,,,,,
62,26,,,,,,,100,51,71,15,236.3,2730,10801,39,0,8.0,1.4;4.2;1.6;3.8;0.8;2.2;47.9;37.8;2.2;5.5;38.5;43.5;0.9;0.5;0.0;0.0;0.2;0.0;0.0;0.0;0.2;0.2;0.0;0.0,31.39,0.07,0.0,0.1,14.42,0.0,537.0,0.0,4,16,,,,,,,,,,,,,,,,,,,,,,,,,,,,,,,,,,,,,,,,,,,,,,,,,,,,,,,,,,,,,
62,27,,,,,,,100,72,69,15,232.3,2730,10801,39,0,8.0,1.1;3.7;1.7;1.2;0.2;0.0;31.3;56.4;2.0;4.5;31.0;56.2;0.6;0.9;0.0;0.0;0.0;0.0;0.0;0.2;0.2;1.1;0.0;0.2,31.38,0.07,0.0,0.01,14.42,0.0,244.0,1416.0,4,16,,,,,,,,,,,,,,,,,,,,,,,,,,,,,,,,,,,,,,,,,,,,,,,,,,,,,,,,,,,,,
62,28,,,,,,,100,61,71,19,235.8,2730,10801,38,0,7.8,0.8;3.4;1.4;1.6;0.2;0.3;48.9;38.1;3.1;3.3;35.1;48.5;0.8;0.6;0.2;0.0;0.2;0.0;0.0;0.0;0.0;0.0;0.6;0.2,31.39,0.07,0.0,0.03,14.42,0.0,1416.0,97.0,4,16,,,,,,,,,,,,,,,,,,,,,,,,,,,,,,,,,,,,,,,,,,,,,,,,,,,,,,,,,,,,,
62,29,,,,,,,100,51,69,14,236.2,2730,10801,38,0,8.1,1.3;4.3;1.7;0.9;0.8;0.2;42.2;39.1;3.9;6.4;47.5;43.3;0.8;0.8;0.0;0.2;0.2;0.2;0.2;0.0;0.0;0.3;0.0;0.2,31.38,0.07,0.0,0.01,14.42,0.0,0.0,1708.0,4,16,,,,,,,,,,,,,,,,,,,,,,,,,,,,,,,,,,,,,,,,,,,,,,,,,,,,,,,,,,,,,
62,30,,,,,,,100,52,71,15,232.1,2730,10801,39,0,6.1,0.6;3.2;1.1;0.9;0.6;0.6;26.2;39.0;3.7;3.7;30.2;36.1;0.5;0.0;0.0;0.0;0.0;0.0;0.0;0.0;0.0;0.3;0.0;0.0,31.35,0.07,0.0,0.02,14.42,0.0,1464.0,8886.0,4,16,,,,,,,,,,,,,,,,,,,,,,,,,,,,,,,,,,,,,,,,,,,,,,,,,,,,,,,,,,,,,
62,31,,,,,,,100,73,70,14,235.4,2730,10801,39,0,5.9,0.7;3.6;2.0;2.0;0.5;0.2;46.9;16.4;2.2;2.0;10.8;49.0;0.0;0.5;0.0;0.3;0.0;0.0;0.2;0.2;0.0;1.5;0.7;0.2,31.34,0.07,0.0,0.03,14.42,0.0,244.0,1367.0,4,16,,,,,,,,,,,,,,,,,,,,,,,,,,,,,,,,,,,,,,,,,,,,,,,,,,,,,,,,,,,,,
62,summary,0.30987798268679895,0.9930683960760381,0.2831786020596822,0.9997777777777778,0.00100000,313.6,,,,,,,,,,,,,,,,,,,,,,69,98.23,100,46,68.19,81,66,69.48,72,13,15.48,21,98.5,231.14,237.3,2730.5,10801.0,38.4,0,5.9,8.41,21.0,31.34,31.4,31.49,63.16,0.07,0.07,0.07,16.0,0.0,0.0,0.03,0.01,0.28,3.03,11.015,16.348,14.42,14.42,14.42,15.992,0.0,0.0,0.0,0.0,2444.16,28466.0,0.0,3571.84,32470.0,4,4.0,4,16,16.0,16,4,16,6.21,291.14
63,1,,,,,,,0,0,59,15,113.6,2745,10801,39,0,21.0,18.0;20.7;22.8;23.0;19.4;21.0;58.2;58.9;25.6;26.0;58.1;63.7;14.0;14.0;5.9;5.8;8.3;7.3;3.6;3.4;6.8;7.8;5.0;5.6,31.46,0.07,0.0,0.02,14.42,0.0,1513.0,5664.0,4,16,,,,,,,,,,,,,,,,,,,,,,,,,,,,,,,,,,,,,,,,,,,,,,,,,,,,,,,,,,,,,
63,2,,,,,,,100,62,71,15,235.6,2730,10801,39,0,8.0,1.7;3.9;1.9;0.9;0.3;0.2;43.1;34.7;6.6;4.7;40.4;50.8;0.6;0.9;0.0;0.0;0.2;0.2;0.0;0.0;0.0;0.2;0.3;0.0,31.43,0.07,0.0,2.99,14.42,0.0,1611.0,1562.0,4,16,,,,,,,,,,,,,,,,,,,,,,,,,,,,,,,,,,,,,,,,,,,,,,,,,,,,,,,,,,,,,
63,3,,,,,,,100,65,70,15,236.8,2730,10801,39,0,8.4,2.6;5.3;3.6;3.7;0.9;0.8;46.7;43.6;4.3;3.9;40.2;42.1;0.6;0.6;0.0;0.5;0.2;0.5;0.0;0.0;0.0;0.3;0.2;0.3,31.44,0.07,0.0,1.64,14.42,0.0,18457.0,333544.0,4,16,,,,,,,,,,,,,,,,,,,,,,,,,,,,,,,,,,,,,,,,,,,,,,,,,,,,,,,,,,,,,
63,4,,,,,,,100,59,68,15,237.2,2730,10801,39,0,8.0,1.4;3.6;2.0;1.6;0.8;1.1;61.7;38.3;3.9;4.4;23.2;48.2;0.6;0.6;0.2;0.0;0.2;0.0;0.2;0.0;0.0;0.5;0.0;0.0,31.41,0.07,0.0,3.0,14.42,0.0,0.0,1660.0,4,16,,,,,,,,,,,,,,,,,,,,,,,,,,,,,,,,,,,,,,,,,,,,,,,,,,,,,,,,,,,,,
63,5,,,,,,,100,72,70,17,233.6,2730,10801,38,0,8.2,1.4;4.4;1.6;1.6;0.9;1.2;36.5;36.9;5.3;3.9;39.3;60.6;0.9;0.6;0.0;0.2;0.2;0.0;0.0;0.0;0.0;0.3;0.0;0.2,31.38,0.07,0.0,0.03,14.42,0.0,292.0,390.0,4,16,,,,,,,,,,,,,,,,,,,,,,,,,,,,,,,,,,,,,,,,,,,,,,,,,,,,,,,,,,,,,
63,6,,,,,,,100,85,68,14,237.8,2730,10801,38,0,7.8,1.1;2.0;1.1;1.4;0.6;0.3;38.4;45.4;4.2;4.1;36.6;49.1;0.8;0.6;0.0;0.0;0.0;0.0;0.0;0.0;0.0;0.3;0.0;0.0,31.4,0.07,0.0,0.03,14.42,0.0,2734.0,1464.0,4,16,,,,,,,,,,,,,,,,,,,,,,,,,,,,,,,,,,,,,,,,,,,,,,,,,,,,,,,,,,,,,
63,7,,,,,,,100,89,71,16,237.3,2730,10801,39,0,8.4,2.8;5.2;1.7;2.3;0.9;0.9;48.8;47.1;7.7;3.8;35.3;40.8;0.8;0.9;0.2;0.0;0.0;0.2;0.0;0.2;0.2;0.3;0.2;0.0,31.4,0.07,0.0,0.07,14.42,0.0,1660.0,390.0,4,16,,,,,,,,,,,,,,,,,,,,,,,,,,,,,,,,,,,,,,,,,,,,,,,,,,,,,,,,,,,,,
63,8,,,,,,,100,85,69,13,233.3,2730,10801,38,0,8.1,1.2;6.4;2.2;1.6;1.1;0.3;35.4;27.0;5.5;3.3;49.8;59.3;0.5;0.8;0.2;0.0;0.5;0.2;0.0;0.2;0.3;0.2;0.2;0.0,31.4,0.07,0.0,0.05,14.42,0.0,1464.0,48.0,4,16,,,,,,,,,,,,,,,,,,,,,,,,,,,,,,,,,,,,,,,,,,,,,,,,,,,,,,,,,,,,,
63,9,,,,,,,100,84,68,15,238.2,2730,10801,39,0,8.1,2.0;3.4;2.2;1.7;0.5;0.5;45.5;48.4;5.6;3.4;39.4;36.6;0.9;0.5;1.1;1.3;0.2;0.0;0.0;0.0;0.2;0.2;0.2;0.3,31.41,0.07,0.0,0.03,14.42,0.0,1806.0,1855.0,4,16,,,,,,,,,,,,,,,,,,,,,,,,,,,,,,,,,,,,,,,,,,,,,,,,,,,,,,,,,,,,,
63,10,,,,,,,100,87,71,19,236.9,2730,10801,39,0,8.1,0.8;3.9;1.7;0.8;0.9;0.6;58.6;37.6;5.3;3.6;39.8;38.3;0.6;1.4;0.3;0.0;0.2;0.2;0.0;0.0;0.0;0.0;0.0;0.2,31.41,0.07,0.0,0.03,14.42,0.0,2294.0,195.0,4,16,,,,,,,,,,,,,,,,,,,,,,,,,,,,,,,,,,,,,,,,,,,,,,,,,,,,,,,,,,,,,
63,11,,,,,,,100,83,68,21,234.0,2730,10801,39,0,7.8,1.1;3.4;3.1;1.6;0.6;0.3;42.9;31.9;8.2;3.4;34.5;54.4;0.8;0.5;0.2;0.0;0.0;0.2;0.0;0.0;0.0;0.0;0.0;0.2,31.37,0.07,0.0,0.02,14.42,0.0,0.0,1757.0,4,16,,,,,,,,,,,,,,,,,,,,,,,,,,,,,,,,,,,,,,,,,,,,,,,,,,,,,,,,,,,,,
63,12,,,,,,,100,85,68,13,237.7,2730,10801,39,0,8.2,2.2;5.8;2.5;1.7;1.1;1.1;43.9;44.5;4.7;4.2;38.6;43.1;0.5;1.1;0.5;0.5;0.0;0.6;0.0;0.0;0.3;0.9;0.0;0.0,31.41,0.07,0.0,0.02,14.42,0.0,2880.0,146.0,4,16,,,,,,,,,,,,,,,,,,,,,,,,,,,,,,,,,,,,,,,,,,,,,,,,,,,,,,,,,,,,,
63,13,,,,,,,100,86,71,14,237.3,2730,10801,39,0,8.0,1.3;5.7;2.0;1.4;0.6;0.3;36.9;46.6;4.4;3.1;35.6;52.7;0.6;0.8;0.0;0.5;0.0;0.0;0.0;0.0;0.0;0.2;0.0;0.3,31.36,0.07,0.0,0.04,14.42,0.0,43994.0,1757.0,4,16,,,,,,,,,,,,,,,,,,,,,,,,,,,,,,,,,,,,,,,,,,,,,,,,,,,,,,,,,,,,,
63,14,,,,,,,98,80,68,16,234.7,2730,10801,38,0,7.8,1.1;4.0;1.4;1.1;0.8;0.2;38.3;42.9;3.7;2.0;44.2;45.6;0.5;0.6;0.2;0.2;0.0;0.2;0.0;0.0;0.3;0.5;0.0;0.2,31.39,0.07,0.0,0.02,14.42,0.0,2197.0,3320.0,4,16,,,,,,,,,,,,,,,,,,,,,,,,,,,,,,,,,,,,,,,,,,,,,,,,,,,,,,,,,,,,,
63,15,,,,,,,100,87,70,19,237.7,2730,10801,39,0,7.8,0.8;2.5;1.4;0.9;2.0;0.5;47.3;38.3;5.3;3.8;45.2;37.6;0.6;0.6;0.0;0.0;0.0;0.0;0.0;0.0;0.0;0.3;0.0;0.0,31.41,0.07,0.0,0.04,14.42,0.0,781.0,1757.0,4,16,,,,,,,,,,,,,,,,,,,,,,,,,,,,,,,,,,,,,,,,,,,,,,,,,,,,,,,,,,,,,
63,16,,,,,,,98,80,70,15,234.7,2730,10801,39,0,7.9,1.4;3.9;1.1;0.8;0.6;0.3;46.6;40.4;5.0;2.7;37.1;48.0;0.6;0.8;0.0;0.0;0.0;0.0;0.0;0.0;0.0;0.0;0.0;0.6,31.37,0.07,0.02,0.14,14.42,0.0,1123.0,1416.0,4,16,,,,,,,,,,,,,,,,,,,,,,,,,,,,,,,,,,,,,,,,,,,,,,,,,,,,,,,,,,,,,
63,17,,,,,,,98,81,69,16,235.3,2730,10801,39,0,8.0,1.6;4.4;1.4;0.8;0.2;0.2;42.9;36.3;5.3;2.5;41.9;51.6;0.9;0.5;0.0;0.0;0.0;0.0;0.0;0.0;0.0;0.0;0.5;0.3,31.4,0.07,0.0,0.04,14.42,0.0,1562.0,5908.0,4,16,,,,,,,,,,,,,,,,,,,,,,,,,,,,,,,,,,,,,,,,,,,,,,,,,,,,,,,,,,,,,
63,18,,,,,,,98,81,68,16,236.3,2730,10801,39,0,8.2,1.4;4.6;2.8;1.4;0.9;1.1;43.4;32.5;6.7;3.4;48.6;46.4;0.3;1.2;0.0;0.2;0.3;0.3;0.0;0.0;0.0;0.0;0.0;0.2,31.43,0.07,0.06,0.42,14.42,0.0,781.0,1757.0,4,16,,,,,,,,,,,,,,,,,,,,,,,,,,,,,,,,,,,,,,,,,,,,,,,,,,,,,,,,,,,,,
63,19,,,,,,,98,81,70,21,236.2,2730,10801,39,0,7.7,1.3;3.2;3.0;0.5;0.2;0.8;30.3;49.5;7.1;2.7;40.2;44.8;0.8;0.8;0.0;0.0;0.2;0.0;0.0;0.0;0.0;0.0;0.0;0.0,31.39,0.07,0.0,0.08,14.42,0.0,1269.0,195.0,4,16,,,,,,,,,,,,,,,,,,,,,,,,,,,,,,,,,,,,,,,,,,,,,,,,,,,,,,,,,,,,,
63,20,,,,,,,98,76,69,14,236.0,2730,10801,39,0,8.1,0.9;3.5;1.9;1.9;1.3;1.1;37.3;39.9;5.2;3.9;43.4;51.1;0.8;0.6;0.0;0.0;0.2;0.0;0.0;0.0;0.0;0.0;0.3;0.0,31.4,0.07,0.0,0.04,14.42,0.0,0.0,5468.0,4,16,,,,,,,,,,,,,,,,,,,,,,,,,,,,,,,,,,,,,,,,,,,,,,,,,,,,,,,,,,,,,
63,21,,,,,,,98,81,70,17,236.4,2730,10801,39,0,8.2,0.8;5.0;2.6;2.2;0.9;0.0;49.1;47.7;7.6;3.0;34.0;40.3;0.8;0.6;0.0;0.0;0.0;0.2;0.0;0.2;0.5;0.0;0.2;0.0,31.41,0.07,0.0,0.03,14.42,0.0,244.0,1806.0,4,16,,,,,,,,,,,,,,,,,,,,,,,,,,,,,,,,,,,,,,,,,,,,,,,,,,,,,,,,,,,,,
63,22,,,,,,,98,79,69,14,236.5,2730,10801,38,0,7.7,0.3;3.2;1.4;0.6;0.6;0.2;41.5;48.8;6.4;2.8;34.7;43.5;0.9;0.6;0.0;0.0;0.0;0.0;0.0;0.0;0.0;0.0;0.3;0.0,31.4,0.07,0.0,0.05,14.42,0.0,13867.0,2783.0,4,16,,,,,,,,,,,,,,,,,,,,,,,,,,,,,,,,,,,,,,,,,,,,,,,,,,,,,,,,,,,,,
63,23,,,,,,,100,72,71,21,236.1,2730,10801,38,0,8.3,1.9;4.3;1.9;2.3;2.0;0.9;33.4;52.3;6.1;6.1;33.9;49.5;1.1;1.4;0.2;0.2;0.3;0.3;0.2;0.3;0.2;0.5;0.2;0.0,31.4,0.07,0.0,0.04,14.42,0.0,976.0,1562.0,4,16,,,,,,,,,,,,,,,,,,,,,,,,,,,,,,,,,,,,,,,,,,,,,,,,,,,,,,,,,,,,,
63,24,,,,,,,98,81,70,20,233.7,2730,10801,39,0,8.6,1.7;7.3;2.8;1.9;0.3;1.4;42.9;38.0;5.3;6.2;41.6;51.2;0.6;1.2;0.3;0.0;0.0;0.2;0.0;0.2;0.6;0.5;0.2;0.3,31.41,0.07,0.02,0.08,14.42,0.0,5517.0,1464.0,4,16,,,,,,,,,,,,,,,,,,,,,,,,,,,,,,,,,,,,,,,,,,,,,,,,,,,,,,,,,,,,,
63,25,,,,,,,98,79,70,15,236.5,2730,10801,39,0,7.8,1.2;2.6;1.4;0.6;0.5;0.5;53.9;28.2;5.6;5.9;44.8;40.3;0.8;0.6;0.0;0.0;0.0;0.0;0.0;0.0;0.0;0.3;0.0;0.0,31.4,0.07,0.0,0.08,14.42,0.0,1123.0,1513.0,4,16,,,,,,,,,,,,,,,,,,,,,,,,,,,,,,,,,,,,,,,,,,,,,,,,,,,,,,,,,,,,,
63,26,,,,,,,98,78,70,17,236.8,2730,10801,38,0,7.9,1.4;4.7;1.4;1.9;0.3;0.3;36.0;43.3;3.3;5.5;36.4;53.3;0.5;0.6;0.0;0.0;0.2;0.0;0.2;0.3;0.6;0.0;0.0;0.0,31.41,0.07,0.0,0.03,14.42,0.0,3173.0,1660.0,4,16,,,,,,,,,,,,,,,,,,,,,,,,,,,,,,,,,,,,,,,,,,,,,,,,,,,,,,,,,,,,,
63,27,,,,,,,98,82,68,14,233.1,2730,10801,39,0,8.5,0.9;3.7;1.7;2.6;1.4;2.6;39.0;52.8;7.1;4.4;42.1;41.1;1.1;0.6;0.2;0.0;0.0;0.0;0.2;0.3;0.2;0.5;0.2;0.0,31.42,0.07,0.0,0.03,14.42,0.0,1123.0,1416.0,4,16,,,,,,,,,,,,,,,,,,,,,,,,,,,,,,,,,,,,,,,,,,,,,,,,,,,,,,,,,,,,,
63,28,,,,,,,98,82,69,16,237.1,2730,10801,38,0,7.6,1.2;2.5;1.6;1.4;0.5;0.9;43.1;30.9;4.7;2.7;42.6;48.8;0.3;0.8;0.0;0.0;0.0;0.0;0.0;0.0;0.0;0.0;0.0;0.0,31.39,0.07,0.0,0.03,14.42,0.0,1660.0,0.0,4,16,,,,,,,,,,,,,,,,,,,,,,,,,,,,,,,,,,,,,,,,,,,,,,,,,,,,,,,,,,,,,
63,29,,,,,,,100,58,69,18,236.5,2730,10801,38,0,7.7,1.4;2.8;1.7;1.1;0.2;0.5;47.8;30.8;4.4;4.4;38.1;50.5;0.9;0.8;0.0;0.0;0.0;0.0;0.0;0.0;0.0;0.0;0.0;0.0,31.38,0.07,0.0,0.03,14.42,0.0,46582.0,114843.0,4,16,,,,,,,,,,,,,,,,,,,,,,,,,,,,,,,,,,,,,,,,,,,,,,,,,,,,,,,,,,,,,
63,30,,,,,,,100,74,68,17,232.6,2730,10801,38,0,6.2,0.5;4.0;1.4;1.2;1.4;1.4;36.7;42.1;2.8;3.9;33.3;19.0;0.5;0.3;0.0;0.2;0.2;0.6;0.0;0.2;0.3;0.0;0.3;0.2,31.37,0.07,0.0,0.06,14.42,0.0,17773.0,14843.0,4,16,,,,,,,,,,,,,,,,,,,,,,,,,,,,,,,,,,,,,,,,,,,,,,,,,,,,,,,,,,,,,
63,31,,,,,,,100,53,69,16,236.1,2730,10801,38,0,6.2,1.0;5.5;1.7;2.5;0.0;0.0;28.8;23.6;2.0;2.0;32.8;44.2;0.0;0.2;0.2;0.0;0.0;0.0;0.0;0.0;0.8;0.2;0.2;0.5,31.37,0.07,0.0,0.03,14.42,0.0,976.0,1660.0,4,16,,,,,,,,,,,,,,,,,,,,,,,,,,,,,,,,,,,,,,,,,,,,,,,,,,,,,,,,,,,,,
63,summary,0.3092475208411614,0.9932756155100331,0.2831934501859877,0.9997777777777778,0.00100000,313.6,,,,,,,,,,,,,,,,,,,,,,0,95.94,100,0,75.06,89,59,69.0,71,13,16.26,21,113.6,231.99,238.2,2730.5,10801.0,38.6,0,6.2,8.33,21.0,31.36,31.4,31.46,63.16,0.07,0.07,0.07,16.0,0.0,0.0,0.06,0.02,0.3,3.0,11.015,16.348,14.42,14.42,14.42,15.992,0.0,0.0,0.0,0.0,5788.13,46582.0,0.0,16574.29,333544.0,4,4.0,4,16,16.0,16,4,16,6.19,291.13
64,1,,,,,,,100,84,67,21,123.3,2745,10801,38,0,21.5,19.5;20.6;23.1;23.5;20.7;20.6;64.4;63.9;25.4;27.2;52.3;62.0;13.9;14.3;4.7;5.0;9.8;10.1;3.1;3.7;7.0;8.2;5.9;7.1,31.47,0.07,0.0,0.03,14.42,0.0,1464.0,5566.0,4,16,,,,,,,,,,,,,,,,,,,,,,,,,,,,,,,,,,,,,,,,,,,,,,,,,,,,,,,,,,,,,
64,2,,,,,,,100,84,67,22,236.2,2730,10801,39,0,7.9,1.9;3.8;1.1;3.1;0.5;1.1;33.0;38.3;1.4;5.5;44.6;52.7;0.5;0.8;0.0;0.0;0.0;0.3;0.0;0.0;0.0;0.0;0.0;0.0,31.41,0.07,0.0,3.07,14.42,0.0,244.0,1416.0,4,16,,,,,,,,,,,,,,,,,,,,,,,,,,,,,,,,,,,,,,,,,,,,,,,,,,,,,,,,,,,,,
64,3,,,,,,,100,83,68,14,237.4,2730,10801,38,0,8.1,1.6;5.1;1.6;1.1;0.3;0.6;39.9;45.5;2.5;5.0;33.2;55.8;0.3;1.3;0.3;0.0;0.0;0.2;0.3;0.0;0.0;0.5;0.3;0.2,31.37,0.07,0.0,1.63,14.42,0.0,1416.0,97.0,4,16,,,,,,,,,,,,,,,,,,,,,,,,,,,,,,,,,,,,,,,,,,,,,,,,,,,,,,,,,,,,,
64,4,,,,,,,100,89,69,14,236.4,2730,10801,38,0,8.0,2.2;4.3;0.9;2.7;0.3;0.8;43.7;43.9;3.9;3.6;38.7;43.0;0.8;0.6;0.0;0.0;0.5;0.5;0.0;0.0;0.5;0.9;0.6;0.0,31.37,0.07,0.0,2.95,14.42,0.0,341.0,1562.0,4,16,,,,,,,,,,,,,,,,,,,,,,,,,,,,,,,,,,,,,,,,,,,,,,,,,,,,,,,,,,,,,
64,5,,,,,,,100,88,67,16,236.2,2730,10801,38,0,7.8,0.8;4.6;1.2;1.6;0.2;0.5;38.1;42.4;3.6;4.4;43.8;44.3;0.6;0.6;0.0;0.2;0.0;0.0;0.0;0.0;0.2;0.3;0.3;0.0,31.37,0.07,0.0,0.02,14.42,0.0,0.0,1708.0,4,16,,,,,,,,,,,,,,,,,,,,,,,,,,,,,,,,,,,,,,,,,,,,,,,,,,,,,,,,,,,,,
64,6,,,,,,,97,81,68,21,234.9,2730,10801,38,0,7.9,0.9;4.0;1.1;2.7;0.8;0.9;32.5;50.2;4.1;5.3;28.4;55.4;1.1;0.6;0.0;0.3;0.3;0.0;0.0;0.0;0.5;0.8;0.2;0.3,31.35,0.07,0.0,0.03,14.42,0.0,1416.0,0.0,4,16,,,,,,,,,,,,,,,,,,,,,,,,,,,,,,,,,,,,,,,,,,,,,,,,,,,,,,,,,,,,,
64,7,,,,,,,100,78,70,14,235.2,2730,10801,38,0,7.8,1.6;4.0;0.9;0.9;0.2;0.5;45.6;44.1;3.4;4.5;37.1;41.5;0.8;0.9;0.0;0.0;0.0;0.6;0.0;0.0;0.0;0.5;0.2;0.0,31.39,0.07,0.0,0.02,14.42,0.0,0.0,1757.0,4,16,,,,,,,,,,,,,,,,,,,,,,,,,,,,,,,,,,,,,,,,,,,,,,,,,,,,,,,,,,,,,
64,8,,,,,,,100,69,70,17,233.2,2730,10801,38,0,8.4,1.9;4.9;1.4;1.6;1.6;2.0;45.2;43.8;3.6;8.9;42.5;38.3;0.8;1.1;0.5;0.5;0.3;0.3;0.3;0.3;0.3;0.3;0.5;0.0,31.4,0.07,0.0,0.02,14.42,0.0,292.0,341.0,4,16,,,,,,,,,,,,,,,,,,,,,,,,,,,,,,,,,,,,,,,,,,,,,,,,,,,,,,,,,,,,,
64,9,,,,,,,100,76,69,14,236.2,2730,10801,38,0,7.6,0.6;4.0;0.2;1.4;0.3;0.2;50.3;29.0;3.6;4.2;43.1;43.1;0.6;0.6;0.0;0.0;0.0;0.0;0.0;0.0;0.0;0.0;0.0;0.0,31.39,0.07,0.0,0.05,14.42,0.0,3222.0,1416.0,4,16,,,,,,,,,,,,,,,,,,,,,,,,,,,,,,,,,,,,,,,,,,,,,,,,,,,,,,,,,,,,,
64,10,,,,,,,100,78,67,20,236.5,2730,10801,38,0,8.0,2.5;4.2;1.6;1.4;0.3;0.3;39.3;44.6;4.7;6.1;56.2;30.0;0.6;0.5;0.3;0.0;0.2;0.0;0.0;0.0;0.0;0.0;0.5;0.2,31.39,0.07,0.0,0.03,14.42,0.0,3271.0,0.0,4,16,,,,,,,,,,,,,,,,,,,,,,,,,,,,,,,,,,,,,,,,,,,,,,,,,,,,,,,,,,,,,
64,11,,,,,,,100,71,68,14,232.9,2730,10801,38,0,8.3,0.9;3.8;2.6;2.3;0.9;0.5;48.4;45.7;2.9;7.0;37.7;42.8;0.3;1.1;0.5;0.0;0.8;0.3;0.2;0.0;0.2;0.2;0.2;0.0,31.39,0.07,0.0,0.03,14.42,0.0,292.0,1464.0,4,16,,,,,,,,,,,,,,,,,,,,,,,,,,,,,,,,,,,,,,,,,,,,,,,,,,,,,,,,,,,,,
64,12,,,,,,,100,61,70,13,235.9,2730,10801,39,0,8.1,2.8;6.0;0.8;1.1;0.9;1.6;45.2;42.3;3.0;4.1;32.0;49.8;1.4;0.6;0.2;0.3;0.0;0.0;0.2;0.0;0.3;0.2;0.2;0.0,31.38,0.07,0.0,0.04,14.42,0.0,488.0,1367.0,4,16,,,,,,,,,,,,,,,,,,,,,,,,,,,,,,,,,,,,,,,,,,,,,,,,,,,,,,,,,,,,,
64,13,,,,,,,100,77,69,16,235.9,2730,10801,38,0,7.9,0.8;2.8;2.0;2.0;0.5;1.2;45.6;47.7;3.1;4.7;35.9;39.6;0.5;0.9;0.5;0.2;0.3;0.0;0.2;0.0;0.0;0.3;0.0;0.0,31.37,0.07,0.0,0.02,14.42,0.0,634.0,0.0,4,16,,,,,,,,,,,,,,,,,,,,,,,,,,,,,,,,,,,,,,,,,,,,,,,,,,,,,,,,,,,,,
64,14,,,,,,,100,61,69,16,235.1,2730,10801,38,0,8.1,2.0;4.4;2.0;1.2;0.5;0.3;60.9;46.0;4.5;7.0;24.4;39.4;0.8;0.8;0.0;0.0;0.2;0.2;0.0;0.0;0.0;0.3;0.0;0.0,31.37,0.07,0.0,0.03,14.42,0.0,13818.0,7519.0,4,16,,,,,,,,,,,,,,,,,,,,,,,,,,,,,,,,,,,,,,,,,,,,,,,,,,,,,,,,,,,,,
64,15,,,,,,,100,62,69,15,236.2,2730,10801,38,0,8.3,1.6;3.4;2.7;2.7;0.5;0.6;49.7;44.6;3.9;5.3;39.2;40.8;0.8;0.9;0.2;0.0;0.0;0.0;0.2;0.3;0.5;0.3;0.3;0.0,31.38,0.07,0.0,0.02,14.42,0.0,634.0,1660.0,4,16,,,,,,,,,,,,,,,,,,,,,,,,,,,,,,,,,,,,,,,,,,,,,,,,,,,,,,,,,,,,,
64,16,,,,,,,100,75,68,21,235.2,2730,10801,39,0,8.1,1.2;4.6;2.2;2.2;0.5;0.9;47.4;33.5;6.7;5.2;44.8;44.0;1.4;0.5;0.0;0.0;0.2;0.2;0.0;0.0;0.0;0.0;0.0;0.0,31.35,0.07,0.0,0.05,14.42,0.0,634.0,1562.0,4,16,,,,,,,,,,,,,,,,,,,,,,,,,,,,,,,,,,,,,,,,,,,,,,,,,,,,,,,,,,,,,
64,17,,,,,,,100,73,69,21,235.9,2730,10801,38,0,8.1,0.8;4.1;2.3;2.0;0.8;1.2;49.0;47.2;3.3;5.0;41.2;35.0;0.6;0.9;0.2;0.0;0.2;0.0;0.2;0.0;0.0;0.2;0.2;0.2,31.36,0.07,0.0,0.01,14.42,0.0,2197.0,5664.0,4,16,,,,,,,,,,,,,,,,,,,,,,,,,,,,,,,,,,,,,,,,,,,,,,,,,,,,,,,,,,,,,
64,18,,,,,,,100,65,70,15,236.1,2730,10801,38,0,7.9,1.1;4.5;1.6;2.0;0.3;0.6;45.9;33.9;5.3;3.9;47.3;42.2;0.6;1.2;0.2;0.2;0.3;0.0;0.0;0.0;0.2;0.2;0.0;0.0,31.38,0.07,0.0,0.03,14.42,0.0,0.0,1806.0,4,16,,,,,,,,,,,,,,,,,,,,,,,,,,,,,,,,,,,,,,,,,,,,,,,,,,,,,,,,,,,,,
64,19,,,,,,,100,74,68,15,235.7,2730,10801,38,0,8.0,0.5;3.3;2.2;2.0;0.3;0.9;51.4;35.1;4.1;5.0;40.8;43.5;0.6;0.9;0.0;0.3;0.0;0.0;0.0;0.0;0.0;0.3;0.3;0.3,31.39,0.07,0.0,0.04,14.42,0.0,3076.0,0.0,4,16,,,,,,,,,,,,,,,,,,,,,,,,,,,,,,,,,,,,,,,,,,,,,,,,,,,,,,,,,,,,,
64,20,,,,,,,100,74,68,16,236.4,2730,10801,39,0,8.0,1.1;4.6;2.0;1.4;1.1;0.2;38.6;44.2;4.1;3.1;46.4;44.1;1.1;0.6;0.0;0.0;0.0;0.0;0.2;0.0;0.0;0.2;0.3;0.2,31.4,0.07,0.0,0.04,14.42,0.0,0.0,2050.0,4,16,,,,,,,,,,,,,,,,,,,,,,,,,,,,,,,,,,,,,,,,,,,,,,,,,,,,,,,,,,,,,
64,21,,,,,,,100,77,69,20,234.8,2730,10801,39,0,8.0,1.4;4.8;1.9;2.2;0.2;1.6;48.6;39.6;3.0;5.3;31.9;49.8;0.5;0.8;0.0;0.0;0.2;0.0;0.0;0.2;0.2;0.8;0.2;0.0,31.39,0.07,0.0,0.04,14.42,0.0,683.0,585.0,4,16,,,,,,,,,,,,,,,,,,,,,,,,,,,,,,,,,,,,,,,,,,,,,,,,,,,,,,,,,,,,,
64,22,,,,,,,98,81,70,13,235.9,2730,10801,39,0,7.9,1.6;4.3;1.6;1.3;0.6;0.6;39.0;37.7;2.8;2.8;44.8;49.4;1.1;0.5;0.3;0.3;0.2;0.3;0.2;0.0;0.2;0.2;0.0;0.2,31.37,0.07,0.0,0.02,14.42,0.0,9814.0,1464.0,4,16,,,,,,,,,,,,,,,,,,,,,,,,,,,,,,,,,,,,,,,,,,,,,,,,,,,,,,,,,,,,,
64,23,,,,,,,98,81,67,15,235.8,2730,10801,38,0,8.1,0.8;2.6;1.1;2.2;0.6;1.4;44.9;40.0;4.7;4.5;42.1;45.0;0.8;1.1;0.5;0.2;0.2;0.2;0.2;0.2;0.2;0.3;0.0;0.2,31.39,0.07,0.0,0.08,14.42,0.0,2441.0,488.0,4,16,,,,,,,,,,,,,,,,,,,,,,,,,,,,,,,,,,,,,,,,,,,,,,,,,,,,,,,,,,,,,
64,24,,,,,,,98,81,70,16,233.4,2730,10801,39,0,8.4,1.6;4.6;1.7;3.6;0.5;1.7;46.3;41.4;3.6;6.5;42.6;42.8;1.5;0.3;0.2;0.2;0.3;0.3;0.2;0.2;0.3;0.6;1.1;0.5,31.39,0.07,0.0,0.04,14.42,0.0,19726.0,71484.0,4,16,,,,,,,,,,,,,,,,,,,,,,,,,,,,,,,,,,,,,,,,,,,,,,,,,,,,,,,,,,,,,
64,25,,,,,,,98,81,67,17,235.9,2730,10801,39,0,8.0,1.1;2.9;2.0;1.6;1.1;1.2;49.0;40.7;4.7;3.9;36.3;44.4;0.9;0.6;0.0;0.0;0.2;0.0;0.2;0.0;0.0;0.2;0.3;0.0,31.36,0.07,0.0,0.02,14.42,0.0,976.0,16015.0,4,16,,,,,,,,,,,,,,,,,,,,,,,,,,,,,,,,,,,,,,,,,,,,,,,,,,,,,,,,,,,,,
64,26,,,,,,,98,81,67,15,236.5,2730,10801,38,0,8.2,1.6;6.4;1.1;2.2;0.6;0.3;46.9;39.0;8.9;3.3;46.1;36.6;1.1;0.8;0.0;0.0;0.2;0.2;0.0;0.3;0.3;0.6;0.5;0.2,31.37,0.07,0.0,0.04,14.42,0.0,1123.0,1611.0,4,16,,,,,,,,,,,,,,,,,,,,,,,,,,,,,,,,,,,,,,,,,,,,,,,,,,,,,,,,,,,,,
64,27,,,,,,,98,82,68,13,233.1,2730,10801,39,0,8.2,2.5;4.3;2.7;2.0;1.1;1.6;40.6;43.1;6.2;5.3;35.0;49.1;0.5;0.9;0.2;0.0;0.3;0.2;0.2;0.2;0.0;0.2;0.0;0.3,31.37,0.07,0.0,0.02,14.42,0.0,488.0,1367.0,4,16,,,,,,,,,,,,,,,,,,,,,,,,,,,,,,,,,,,,,,,,,,,,,,,,,,,,,,,,,,,,,
64,28,,,,,,,98,79,68,15,236.5,2730,10801,38,0,7.8,0.6;4.8;1.2;2.2;0.3;0.6;50.5;44.3;5.8;5.3;37.2;35.1;0.6;0.5;0.2;0.0;0.0;0.0;0.0;0.2;0.0;0.0;0.0;0.0,31.35,0.07,0.0,0.02,14.42,0.0,1025.0,1513.0,4,16,,,,,,,,,,,,,,,,,,,,,,,,,,,,,,,,,,,,,,,,,,,,,,,,,,,,,,,,,,,,,
64,29,,,,,,,98,78,68,16,236.5,2730,10801,39,0,8.3,0.5;7.1;0.9;2.2;0.5;0.8;45.2;40.7;5.0;5.6;46.4;40.1;0.3;0.8;0.0;0.0;0.2;0.2;0.2;0.2;0.0;0.0;0.5;0.2,31.4,0.07,0.0,0.03,14.42,0.0,1416.0,1416.0,4,16,,,,,,,,,,,,,,,,,,,,,,,,,,,,,,,,,,,,,,,,,,,,,,,,,,,,,,,,,,,,,
64,30,,,,,,,98,77,67,14,233.0,2730,10801,38,0,6.0,0.9;2.9;2.0;1.4;0.5;1.7;38.1;51.5;3.6;4.0;11.3;25.7;0.5;0.2;0.2;0.2;0.0;0.0;0.0;0.0;0.0;0.2;0.0;0.0,31.36,0.07,0.0,0.03,14.42,0.0,35693.0,42480.0,4,16,,,,,,,,,,,,,,,,,,,,,,,,,,,,,,,,,,,,,,,,,,,,,,,,,,,,,,,,,,,,,
64,31,,,,,,,98,78,68,16,235.5,2730,10801,39,0,5.8,1.5;4.1;1.0;1.2;0.0;1.0;36.1;17.7;1.0;5.1;35.2;31.4;0.8;0.0;0.0;0.0;0.2;0.3;0.0;0.0;0.0;0.7;0.0;0.5,31.38,0.07,0.0,0.02,14.42,0.0,341.0,1367.0,4,16,,,,,,,,,,,,,,,,,,,,,,,,,,,,,,,,,,,,,,,,,,,,,,,,,,,,,,,,,,,,,
64,summary,0.3093772731780511,0.9933780866587119,0.2832549864716,0.9997777777777778,0.00100000,313.3,,,,,,,,,,,,,,,,,,,,,,97,99.26,100,61,76.74,89,67,68.35,70,13,16.29,22,123.3,231.86,237.4,2730.5,10801.0,38.4,0,5.8,8.34,21.5,31.35,31.38,31.47,63.16,0.07,0.07,0.07,16.0,0.0,0.0,0.0,0.01,0.27,3.07,11.015,16.348,14.42,14.42,14.42,15.992,0.0,0.0,0.0,0.0,3456.94,35693.0,0.0,5701.45,71484.0,4,4.0,4,16,16.0,16,4,16,6.07,291.14
65,1,,,,,,,100,74,67,19,111.5,2730,10801,38,0,20.8,17.5;20.9;22.5;22.8;21.0;20.9;58.3;60.3;23.4;26.9;53.9;70.3;13.2;16.0;2.9;4.4;6.6;8.0;2.4;2.7;5.9;6.6;5.1;5.5,31.47,0.07,0.0,0.02,14.42,0.0,341.0,1562.0,4,16,,,,,,,,,,,,,,,,,,,,,,,,,,,,,,,,,,,,,,,,,,,,,,,,,,,,,,,,,,,,,
65,2,,,,,,,100,75,68,21,235.1,2730,10801,39,0,9.1,3.1;3.3;3.4;3.6;0.9;1.1;54.2;43.7;5.6;6.7;35.9;43.9;2.5;0.8;0.3;0.6;0.8;0.8;0.6;0.3;0.2;0.3;2.3;2.5,31.45,0.07,0.0,3.07,14.42,0.0,1123.0,4833.0,4,16,,,,,,,,,,,,,,,,,,,,,,,,,,,,,,,,,,,,,,,,,,,,,,,,,,,,,,,,,,,,,
65,3,,,,,,,100,77,69,14,236.1,2730,10801,38,0,8.3,1.4;3.7;1.9;2.2;0.8;0.8;43.8;42.9;5.6;6.4;47.4;38.7;0.9;0.8;0.2;0.0;0.0;0.2;0.0;0.0;0.0;0.2;0.5;0.0,31.43,0.07,0.0,1.62,14.42,0.0,1416.0,1367.0,4,16,,,,,,,,,,,,,,,,,,,,,,,,,,,,,,,,,,,,,,,,,,,,,,,,,,,,,,,,,,,,,
65,4,,,,,,,100,73,69,14,237.3,2730,10801,39,0,8.2,1.6;3.6;2.2;2.2;0.6;0.6;27.5;51.4;4.7;6.4;43.4;50.2;0.8;0.9;0.0;0.0;0.0;0.3;0.0;0.0;0.2;0.5;0.2;0.0,31.39,0.07,0.0,2.93,14.42,0.0,244.0,1416.0,4,16,,,,,,,,,,,,,,,,,,,,,,,,,,,,,,,,,,,,,,,,,,,,,,,,,,,,,,,,,,,,,
65,5,,,,,,,100,73,69,15,234.9,2730,10801,38,0,8.4,1.7;4.6;1.9;1.7;1.1;1.4;50.7;30.7;4.7;4.4;46.5;45.2;0.6;2.0;0.2;0.2;0.6;0.3;0.0;0.3;0.8;0.9;0.0;0.9,31.4,0.07,0.0,0.04,14.42,0.0,292.0,1757.0,4,16,,,,,,,,,,,,,,,,,,,,,,,,,,,,,,,,,,,,,,,,,,,,,,,,,,,,,,,,,,,,,
65,6,,,,,,,100,76,69,17,237.0,2730,10801,38,0,7.8,0.8;3.1;2.7;1.6;0.2;0.2;52.5;33.5;3.8;6.3;49.3;31.3;0.8;0.6;0.0;0.0;0.0;0.0;0.0;0.0;0.0;0.0;0.2;0.0,31.39,0.07,0.0,0.03,14.42,0.0,683.0,1416.0,4,16,,,,,,,,,,,,,,,,,,,,,,,,,,,,,,,,,,,,,,,,,,,,,,,,,,,,,,,,,,,,,
65,7,,,,,,,100,71,71,14,236.9,2730,10801,38,0,8.2,1.6;3.3;1.7;2.3;0.6;0.5;46.4;37.0;8.8;5.3;42.0;41.9;0.9;1.4;0.0;0.0;0.2;0.0;0.0;0.0;0.0;0.3;1.4;0.8,31.39,0.07,0.0,0.02,14.42,0.0,976.0,1660.0,4,16,,,,,,,,,,,,,,,,,,,,,,,,,,,,,,,,,,,,,,,,,,,,,,,,,,,,,,,,,,,,,
65,8,,,,,,,100,67,71,14,234.1,2730,10801,38,0,8.0,1.1;2.6;3.1;1.7;1.6;1.2;52.0;36.8;6.1;5.3;42.4;35.1;0.9;0.6;0.0;0.0;0.2;0.6;0.0;0.0;0.0;0.6;0.5;0.0,31.38,0.07,0.0,0.02,14.42,0.0,292.0,1611.0,4,16,,,,,,,,,,,,,,,,,,,,,,,,,,,,,,,,,,,,,,,,,,,,,,,,,,,,,,,,,,,,,
65,9,,,,,,,100,74,69,15,235.5,2730,10801,39,0,7.9,0.9;3.5;2.2;2.0;1.1;1.1;57.4;34.4;3.6;4.4;37.9;40.3;0.8;0.8;0.0;0.0;0.2;0.2;0.0;0.0;0.2;0.3;0.0;0.3,31.4,0.07,0.0,0.04,14.42,0.0,1269.0,97.0,4,16,,,,,,,,,,,,,,,,,,,,,,,,,,,,,,,,,,,,,,,,,,,,,,,,,,,,,,,,,,,,,
65,10,,,,,,,100,75,69,15,237.7,2730,10801,39,0,8.3,1.6;4.9;2.0;2.5;0.3;0.5;30.5;44.0;3.8;5.5;44.4;56.0;1.0;0.5;0.0;0.0;0.0;0.2;0.0;0.0;0.0;0.0;0.5;0.2,31.4,0.07,0.0,0.02,14.42,0.0,292.0,1757.0,4,16,,,,,,,,,,,,,,,,,,,,,,,,,,,,,,,,,,,,,,,,,,,,,,,,,,,,,,,,,,,,,
65,11,,,,,,,100,76,69,17,233.5,2730,10801,39,0,8.2,1.4;2.9;1.7;1.9;0.6;1.1;47.4;37.1;4.7;3.8;45.1;44.9;0.6;1.4;0.2;0.0;0.0;0.2;0.2;0.0;0.5;0.8;0.2;0.0,31.37,0.07,0.0,0.03,14.42,0.0,585.0,1562.0,4,16,,,,,,,,,,,,,,,,,,,,,,,,,,,,,,,,,,,,,,,,,,,,,,,,,,,,,,,,,,,,,
65,12,,,,,,,100,55,70,14,238.5,2730,10801,39,0,8.2,1.4;3.8;2.0;2.0;0.8;0.9;57.3;35.5;5.9;3.1;40.6;40.1;1.4;0.3;0.3;0.0;0.3;0.3;0.0;0.2;0.0;0.0;0.0;0.5,31.41,0.07,0.0,0.03,14.42,0.0,1171.0,195.0,4,16,,,,,,,,,,,,,,,,,,,,,,,,,,,,,,,,,,,,,,,,,,,,,,,,,,,,,,,,,,,,,
65,13,,,,,,,100,83,68,15,228.0,2730,10801,39,0,7.9,1.4;2.5;1.7;1.2;0.9;1.1;42.1;38.7;4.5;5.4;40.7;47.5;0.6;0.8;0.0;0.2;0.0;0.2;0.2;0.0;0.0;0.3;0.0;0.0,31.42,0.07,0.0,0.03,14.42,0.0,0.0,1416.0,4,16,,,,,,,,,,,,,,,,,,,,,,,,,,,,,,,,,,,,,,,,,,,,,,,,,,,,,,,,,,,,,
65,14,,,,,,,100,82,70,14,231.9,2730,10801,39,0,8.1,1.2;3.2;2.8;1.6;0.6;1.2;56.6;39.3;5.8;3.6;33.2;42.8;0.9;0.5;0.0;0.3;0.2;0.3;0.0;0.2;0.0;0.2;0.5;0.0,31.39,0.07,0.0,0.02,14.42,0.0,4638.0,1416.0,4,16,,,,,,,,,,,,,,,,,,,,,,,,,,,,,,,,,,,,,,,,,,,,,,,,,,,,,,,,,,,,,
65,15,,,,,,,82,66,69,15,234.2,2730,10801,38,0,7.9,1.1;3.4;2.7;0.5;0.6;0.6;50.9;34.4;5.5;3.6;39.5;45.7;0.6;0.3;0.0;0.0;0.0;0.0;0.0;0.0;0.0;0.2;0.5;0.0,31.41,0.07,0.0,0.02,14.42,0.0,1416.0,1367.0,4,16,,,,,,,,,,,,,,,,,,,,,,,,,,,,,,,,,,,,,,,,,,,,,,,,,,,,,,,,,,,,,
65,16,,,,,,,100,72,70,16,238.2,2730,10801,38,0,8.0,1.3;4.0;1.6;1.6;0.3;0.8;44.1;39.2;4.1;3.6;44.4;43.7;1.1;0.5;0.0;0.2;0.0;0.5;0.0;0.0;0.0;0.2;1.4;0.2,31.42,0.07,0.0,0.03,14.42,0.0,44335.0,21679.0,4,16,,,,,,,,,,,,,,,,,,,,,,,,,,,,,,,,,,,,,,,,,,,,,,,,,,,,,,,,,,,,,
65,17,,,,,,,100,71,71,20,237.3,2730,10801,39,0,8.0,1.7;4.6;2.6;0.9;0.5;0.2;58.9;41.1;4.2;4.4;44.1;27.1;0.6;0.8;0.2;0.0;0.0;0.2;0.0;0.0;0.3;0.0;0.0;0.0,31.39,0.07,0.0,0.02,14.42,0.0,12207.0,120068.0,4,16,,,,,,,,,,,,,,,,,,,,,,,,,,,,,,,,,,,,,,,,,,,,,,,,,,,,,,,,,,,,,
65,18,,,,,,,100,78,71,13,237.3,2730,10801,39,0,8.9,3.0;5.1;3.4;2.3;1.7;0.9;60.2;36.8;10.3;7.0;37.4;35.5;1.4;0.9;0.8;0.8;0.6;0.2;0.2;0.2;1.4;2.5;0.2;0.3,31.41,0.07,0.0,0.06,14.42,0.0,537.0,48.0,4,16,,,,,,,,,,,,,,,,,,,,,,,,,,,,,,,,,,,,,,,,,,,,,,,,,,,,,,,,,,,,,
65,19,,,,,,,100,72,71,16,238.5,2730,10801,39,0,8.6,2.2;4.2;2.6;2.0;1.6;1.4;45.0;50.2;6.4;4.4;40.0;38.7;1.6;1.7;0.3;0.2;0.5;0.5;0.2;0.2;0.6;0.5;1.2;0.6,31.41,0.07,0.0,0.03,14.42,0.0,4003.0,1416.0,4,16,,,,,,,,,,,,,,,,,,,,,,,,,,,,,,,,,,,,,,,,,,,,,,,,,,,,,,,,,,,,,
65,20,,,,,,,100,77,70,15,237.4,2730,10801,39,0,7.7,0.6;3.2;0.9;0.8;1.1;0.8;47.0;40.9;3.6;3.8;30.8;47.0;1.3;0.6;0.2;0.0;0.0;0.0;0.0;0.0;0.2;0.0;0.0;0.0,31.39,0.07,0.0,0.03,14.42,0.0,781.0,3808.0,4,16,,,,,,,,,,,,,,,,,,,,,,,,,,,,,,,,,,,,,,,,,,,,,,,,,,,,,,,,,,,,,
65,21,,,,,,,100,73,71,15,235.8,2730,10801,39,0,8.0,1.1;2.9;2.2;0.9;0.5;0.3;57.2;38.8;5.8;3.1;31.3;44.3;0.9;1.1;0.3;0.3;0.2;0.2;0.2;0.0;0.3;0.5;0.0;0.3,31.4,0.07,0.0,0.09,14.42,0.0,1416.0,0.0,4,16,,,,,,,,,,,,,,,,,,,,,,,,,,,,,,,,,,,,,,,,,,,,,,,,,,,,,,,,,,,,,
65,22,,,,,,,100,76,71,20,237.2,2730,10801,39,0,7.9,0.6;2.8;2.5;1.4;0.8;1.6;40.2;36.1;4.9;4.7;29.5;62.0;0.8;0.5;0.0;0.0;0.2;0.0;0.0;0.0;0.0;0.3;0.6;0.0,31.4,0.07,0.0,0.03,14.42,0.0,27490.0,4199.0,4,16,,,,,,,,,,,,,,,,,,,,,,,,,,,,,,,,,,,,,,,,,,,,,,,,,,,,,,,,,,,,,
65,23,,,,,,,100,77,70,13,238.2,2730,10801,39,0,8.0,2.2;5.4;0.6;1.1;0.8;0.6;49.6;31.4;4.7;4.2;38.5;50.4;0.6;1.1;0.0;0.0;0.2;0.2;0.0;0.0;0.0;0.3;0.0;0.0,31.39,0.07,0.0,0.02,14.42,0.0,1806.0,1513.0,4,16,,,,,,,,,,,,,,,,,,,,,,,,,,,,,,,,,,,,,,,,,,,,,,,,,,,,,,,,,,,,,
65,24,,,,,,,100,77,69,13,234.5,2730,10801,39,0,8.5,2.6;4.0;3.6;2.5;0.8;0.8;52.5;33.4;6.2;6.2;37.1;51.6;0.8;0.6;0.3;0.0;0.5;0.2;0.2;0.0;0.2;0.2;0.3;0.0,31.41,0.07,0.0,0.02,14.42,0.0,0.0,1757.0,4,16,,,,,,,,,,,,,,,,,,,,,,,,,,,,,,,,,,,,,,,,,,,,,,,,,,,,,,,,,,,,,
65,25,,,,,,,100,71,71,14,239.1,2730,10801,39,0,8.4,1.6;5.1;2.7;1.3;1.1;0.9;48.8;35.1;6.1;3.4;46.1;42.7;1.3;0.8;0.2;0.0;0.0;0.2;0.3;0.0;0.2;0.6;1.1;0.5,31.4,0.07,0.0,0.09,14.42,0.0,2832.0,97.0,4,16,,,,,,,,,,,,,,,,,,,,,,,,,,,,,,,,,,,,,,,,,,,,,,,,,,,,,,,,,,,,,
65,26,,,,,,,100,76,68,15,238.8,2730,10801,39,0,8.3,2.2;4.6;3.1;2.0;1.1;0.5;45.6;39.6;5.1;4.7;47.9;37.9;1.2;1.3;0.0;0.0;0.3;0.5;0.0;0.0;0.3;0.0;0.0;0.3,31.39,0.07,0.0,0.03,14.42,0.0,35498.0,439.0,4,16,,,,,,,,,,,,,,,,,,,,,,,,,,,,,,,,,,,,,,,,,,,,,,,,,,,,,,,,,,,,,
65,27,,,,,,,100,74,69,14,233.2,2730,10801,39,0,8.0,1.7;3.5;3.3;1.9;1.4;0.6;47.8;46.2;5.1;2.5;37.2;39.3;0.2;0.9;0.3;0.0;0.0;0.0;0.0;0.0;0.2;0.0;0.3;0.0,31.41,0.07,0.0,0.02,14.42,0.0,1123.0,25781.0,4,16,,,,,,,,,,,,,,,,,,,,,,,,,,,,,,,,,,,,,,,,,,,,,,,,,,,,,,,,,,,,,
65,28,,,,,,,100,77,69,14,236.1,2730,10801,39,0,8.0,1.4;3.9;2.0;1.6;0.8;0.6;42.3;46.8;3.5;3.1;33.4;50.0;0.9;0.5;0.2;0.0;0.0;0.0;0.0;0.0;0.0;0.0;0.0;0.0,31.4,0.07,0.0,0.02,14.42,0.0,2587.0,1464.0,4,16,,,,,,,,,,,,,,,,,,,,,,,,,,,,,,,,,,,,,,,,,,,,,,,,,,,,,,,,,,,,,
65,29,,,,,,,100,83,68,15,237.0,2730,10801,39,0,8.2,2.0;4.6;2.7;2.0;0.8;0.5;49.4;37.2;5.5;6.7;36.4;45.9;0.5;0.9;0.5;0.2;0.0;0.2;0.0;0.2;0.0;0.0;0.2;0.2,31.4,0.07,0.0,0.03,14.42,0.0,244.0,2099.0,4,16,,,,,,,,,,,,,,,,,,,,,,,,,,,,,,,,,,,,,,,,,,,,,,,,,,,,,,,,,,,,,
65,30,,,,,,,100,71,70,16,233.8,2730,10801,39,0,6.2,0.9;3.7;1.6;1.7;0.8;0.6;38.2;26.4;3.0;2.3;27.1;39.7;0.8;0.3;0.3;0.0;0.5;0.3;0.6;0.0;0.2;0.0;0.3;0.2,31.39,0.07,0.0,0.02,14.42,0.0,1708.0,292.0,4,16,,,,,,,,,,,,,,,,,,,,,,,,,,,,,,,,,,,,,,,,,,,,,,,,,,,,,,,,,,,,,
65,31,,,,,,,99,79,70,16,235.2,2730,10801,39,0,5.9,0.7;1.5;1.5;1.7;0.2;1.2;20.1;53.4;3.4;3.9;25.3;25.8;0.7;0.2;0.0;0.2;0.0;0.0;0.2;0.0;0.0;0.0;0.7;0.0,31.39,0.07,0.0,0.02,14.42,0.0,27783.0,108740.0,4,16,,,,,,,,,,,,,,,,,,,,,,,,,,,,,,,,,,,,,,,,,,,,,,,,,,,,,,,,,,,,,
65,summary,0.3088560793938531,0.9934577864410176,0.28322884204652576,0.9998888888888889,0.00100000,313.4,,,,,,,,,,,,,,,,,,,,,,82,99.39,100,55,74.23,83,67,69.55,71,13,15.42,21,111.5,231.93,239.1,2730.0,10801.0,38.7,0,5.9,8.45,20.8,31.37,31.4,31.47,63.16,0.07,0.07,0.07,16.0,0.0,0.0,0.0,0.02,0.27,3.07,11.015,16.348,14.42,14.42,14.42,15.992,0.0,0.0,0.0,0.0,5777.03,44335.0,0.0,10220.39,120068.0,4,4.0,4,16,16.0,16,4,16,6.25,291.11
66,1,,,,,,,16,12,64,15,123.9,2745,10801,39,0,22.1,21.3;22.2;25.1;23.5;23.5;23.8;63.0;56.5;24.9;29.6;54.0;65.5;15.6;17.6;5.3;4.7;9.7;10.1;2.8;3.2;8.2;8.3;6.3;6.6,31.75,0.07,0.0,0.02,14.42,0.0,4492.0,6005.0,4,16,,,,,,,,,,,,,,,,,,,,,,,,,,,,,,,,,,,,,,,,,,,,,,,,,,,,,,,,,,,,,
66,2,,,,,,,100,88,67,13,236.2,2730,10801,39,0,8.3,2.2;1.9;2.8;1.7;1.1;2.0;35.5;34.3;5.0;5.0;48.3;54.0;1.4;1.9;0.3;0.0;0.2;0.3;0.2;0.0;0.8;0.2;0.0;0.2,31.43,0.07,0.0,3.14,14.42,0.0,2441.0,1855.0,4,16,,,,,,,,,,,,,,,,,,,,,,,,,,,,,,,,,,,,,,,,,,,,,,,,,,,,,,,,,,,,,
66,3,,,,,,,100,88,73,16,236.6,2730,10801,39,0,7.9,0.9;2.6;0.3;1.6;0.3;0.6;52.1;41.1;4.1;3.6;37.8;41.6;0.9;0.5;0.2;0.0;0.2;0.0;0.0;0.0;0.2;0.5;0.3;0.0,31.39,0.07,0.0,1.68,14.42,0.0,26953.0,36279.0,4,16,,,,,,,,,,,,,,,,,,,,,,,,,,,,,,,,,,,,,,,,,,,,,,,,,,,,,,,,,,,,,
66,4,,,,,,,98,79,70,15,235.3,2730,10801,39,0,8.2,1.6;6.0;2.5;1.7;1.6;1.7;32.2;57.7;5.3;5.8;39.0;39.3;0.6;0.8;0.2;0.0;0.2;0.3;0.2;0.2;0.3;0.0;0.3;0.3,31.39,0.07,0.01,3.03,14.42,0.0,292.0,108593.0,4,16,,,,,,,,,,,,,,,,,,,,,,,,,,,,,,,,,,,,,,,,,,,,,,,,,,,,,,,,,,,,,
66,5,,,,,,,100,86,71,16,233.4,2730,10801,39,0,8.0,1.1;4.7;1.9;1.4;0.2;0.6;47.7;40.4;3.6;4.4;24.3;59.0;0.9;0.9;0.0;0.0;0.2;0.2;0.2;0.0;0.0;0.2;0.0;0.2,31.39,0.07,0.0,0.04,14.42,0.0,390.0,8593.0,4,16,,,,,,,,,,,,,,,,,,,,,,,,,,,,,,,,,,,,,,,,,,,,,,,,,,,,,,,,,,,,,
66,6,,,,,,,98,80,70,13,236.3,2730,10801,39,0,8.1,1.9;2.8;2.2;0.8;1.4;1.4;46.1;36.9;5.2;3.9;40.4;47.6;0.9;1.1;0.2;0.0;0.0;0.5;0.0;0.2;0.3;0.2;0.3;0.0,31.36,0.07,0.0,0.03,14.42,0.0,1367.0,1367.0,4,16,,,,,,,,,,,,,,,,,,,,,,,,,,,,,,,,,,,,,,,,,,,,,,,,,,,,,,,,,,,,,
66,7,,,,,,,100,62,70,16,237.5,2730,10801,39,0,8.0,1.3;3.7;2.7;1.2;1.4;1.1;43.5;39.9;3.6;4.4;42.1;43.8;0.9;1.1;0.2;0.0;0.0;0.3;0.0;0.3;0.0;0.0;0.0;0.0,31.39,0.07,0.0,0.03,14.42,0.0,976.0,1611.0,4,16,,,,,,,,,,,,,,,,,,,,,,,,,,,,,,,,,,,,,,,,,,,,,,,,,,,,,,,,,,,,,
66,8,,,,,,,100,70,69,15,234.0,2730,10801,39,0,8.0,0.9;3.7;2.0;3.3;0.3;0.6;46.4;38.5;2.5;6.5;36.4;48.9;0.8;0.9;0.3;0.0;0.2;0.3;0.0;0.2;0.0;0.0;0.2;0.0,31.41,0.07,0.0,0.03,14.42,0.0,341.0,269091.0,4,16,,,,,,,,,,,,,,,,,,,,,,,,,,,,,,,,,,,,,,,,,,,,,,,,,,,,,,,,,,,,,
66,9,,,,,,,98,79,72,13,237.8,2730,10801,39,0,7.9,0.8;5.2;1.9;1.7;0.6;0.5;41.4;39.8;2.8;3.7;39.2;52.0;0.5;0.6;0.0;0.0;0.0;0.2;0.0;0.0;0.0;0.0;0.0;0.0,31.38,0.07,0.0,0.02,14.42,0.0,830.0,0.0,4,16,,,,,,,,,,,,,,,,,,,,,,,,,,,,,,,,,,,,,,,,,,,,,,,,,,,,,,,,,,,,,
66,10,,,,,,,100,78,71,15,237.5,2730,10801,39,0,8.0,1.4;5.5;1.2;1.6;0.8;0.3;48.9;40.8;3.1;4.5;39.5;40.3;0.8;0.5;0.2;0.0;0.0;0.0;0.2;0.0;0.3;0.0;0.6;0.6,31.4,0.07,0.0,0.03,14.42,0.0,244.0,1464.0,4,16,,,,,,,,,,,,,,,,,,,,,,,,,,,,,,,,,,,,,,,,,,,,,,,,,,,,,,,,,,,,,
66,11,,,,,,,98,78,67,14,233.2,2730,10801,39,0,8.0,1.4;3.9;1.9;2.2;1.1;0.9;43.5;36.3;4.4;4.8;31.9;57.7;0.6;0.3;0.2;0.0;0.0;0.0;0.0;0.0;0.0;0.2;1.2;0.8,31.4,0.07,0.0,0.04,14.42,0.0,0.0,30175.0,4,16,,,,,,,,,,,,,,,,,,,,,,,,,,,,,,,,,,,,,,,,,,,,,,,,,,,,,,,,,,,,,
66,12,,,,,,,98,78,67,19,237.5,2730,10801,39,0,8.1,1.6;4.3;1.7;2.0;0.0;0.6;44.7;53.8;3.8;3.8;33.2;40.2;0.6;0.8;0.3;0.0;0.6;0.3;0.2;0.2;0.3;0.3;1.4;0.2,31.37,0.07,0.0,0.02,14.42,0.0,1123.0,1513.0,4,16,,,,,,,,,,,,,,,,,,,,,,,,,,,,,,,,,,,,,,,,,,,,,,,,,,,,,,,,,,,,,
66,13,,,,,,,98,79,71,13,237.5,2730,10801,39,0,8.0,1.6;4.2;2.0;1.1;0.5;0.3;43.6;33.7;5.9;3.8;41.8;52.7;0.6;0.6;0.0;0.0;0.0;0.0;0.0;0.2;0.0;0.0;0.0;0.3,31.38,0.07,0.0,0.03,14.42,0.0,1416.0,1367.0,4,16,,,,,,,,,,,,,,,,,,,,,,,,,,,,,,,,,,,,,,,,,,,,,,,,,,,,,,,,,,,,,
66,14,,,,,,,98,77,71,16,235.5,2730,10801,39,0,8.2,1.7;6.2;2.2;2.2;0.3;0.6;49.8;41.3;4.4;3.9;31.5;47.2;1.4;1.1;0.0;0.0;0.5;0.2;0.0;0.0;0.3;0.0;0.0;1.4,31.36,0.07,0.0,0.03,14.42,0.0,2148.0,5566.0,4,16,,,,,,,,,,,,,,,,,,,,,,,,,,,,,,,,,,,,,,,,,,,,,,,,,,,,,,,,,,,,,
66,15,,,,,,,100,77,72,15,237.3,2730,10801,39,0,8.4,1.2;4.0;1.6;1.9;0.8;0.6;44.4;45.0;5.8;5.6;48.3;36.1;1.1;0.8;0.2;0.5;0.9;0.2;0.0;0.0;0.2;0.8;0.5;0.5,31.42,0.07,0.0,0.12,14.42,0.0,488.0,1611.0,4,16,,,,,,,,,,,,,,,,,,,,,,,,,,,,,,,,,,,,,,,,,,,,,,,,,,,,,,,,,,,,,
66,16,,,,,,,100,71,69,20,237.2,2730,10801,39,0,7.9,1.1;2.0;1.1;0.6;0.8;0.6;58.8;27.3;4.1;2.2;43.7;43.2;0.6;0.9;0.0;0.0;0.0;0.2;0.3;0.0;0.3;0.2;0.3;0.2,31.42,0.07,0.0,0.05,14.42,0.0,1464.0,0.0,4,16,,,,,,,,,,,,,,,,,,,,,,,,,,,,,,,,,,,,,,,,,,,,,,,,,,,,,,,,,,,,,
66,17,,,,,,,100,68,71,14,235.9,2730,10801,39,0,8.0,0.8;3.2;1.9;2.3;0.8;1.1;41.1;37.1;3.6;4.7;29.1;64.1;0.6;0.8;0.0;0.0;0.5;0.0;0.0;0.0;0.0;0.2;0.0;0.0,31.41,0.07,0.0,0.01,14.42,0.0,1562.0,5322.0,4,16,,,,,,,,,,,,,,,,,,,,,,,,,,,,,,,,,,,,,,,,,,,,,,,,,,,,,,,,,,,,,
66,18,,,,,,,100,70,71,15,236.4,2730,10801,39,0,8.1,1.4;5.8;2.0;1.7;0.6;0.9;28.0;43.4;4.8;3.6;40.8;58.1;0.8;0.8;0.0;0.0;0.5;1.4;0.0;0.0;0.0;0.6;0.0;0.0,31.42,0.07,0.0,0.04,14.42,0.0,1123.0,1367.0,4,16,,,,,,,,,,,,,,,,,,,,,,,,,,,,,,,,,,,,,,,,,,,,,,,,,,,,,,,,,,,,,
66,19,,,,,,,100,55,71,13,236.8,2730,10801,39,0,8.0,1.1;4.5;1.6;1.3;1.3;0.5;46.1;45.0;4.9;4.2;33.7;45.9;0.5;0.8;0.0;0.0;0.0;0.0;0.0;0.0;0.0;0.5;0.2;0.2,31.4,0.07,0.0,0.03,14.42,0.0,976.0,244.0,4,16,,,,,,,,,,,,,,,,,,,,,,,,,,,,,,,,,,,,,,,,,,,,,,,,,,,,,,,,,,,,,
66,20,,,,,,,100,48,69,20,235.7,2730,10801,39,0,8.1,1.7;4.3;2.8;2.2;0.6;0.2;38.0;33.5;3.3;7.0;47.6;51.5;0.5;0.8;0.2;0.2;0.0;0.0;0.0;0.0;0.0;0.2;0.0;0.6,31.41,0.07,0.0,0.02,14.42,0.0,1855.0,7080.0,4,16,,,,,,,,,,,,,,,,,,,,,,,,,,,,,,,,,,,,,,,,,,,,,,,,,,,,,,,,,,,,,
66,21,,,,,,,100,68,72,15,236.4,2730,10801,39,0,7.9,0.8;3.8;0.9;1.1;0.8;0.9;30.9;44.6;2.5;4.2;43.7;51.2;0.9;0.9;0.0;0.2;0.0;0.0;0.0;0.0;0.0;0.2;0.0;0.2,31.41,0.07,0.01,0.05,14.42,0.0,15380.0,1611.0,4,16,,,,,,,,,,,,,,,,,,,,,,,,,,,,,,,,,,,,,,,,,,,,,,,,,,,,,,,,,,,,,
66,22,,,,,,,100,70,71,13,237.4,2730,10801,39,0,7.7,0.9;4.2;1.1;0.6;0.3;0.3;35.7;40.1;4.7;3.8;47.3;44.1;0.9;1.1;0.0;0.0;0.2;0.2;0.0;0.0;0.0;0.0;0.3;0.0,31.42,0.07,0.0,0.02,14.42,0.0,634.0,1562.0,4,16,,,,,,,,,,,,,,,,,,,,,,,,,,,,,,,,,,,,,,,,,,,,,,,,,,,,,,,,,,,,,
66,23,,,,,,,100,58,71,13,237.4,2730,10801,39,0,7.7,0.3;4.0;1.7;1.6;0.3;0.5;45.0;46.1;3.3;5.5;28.1;46.6;0.9;0.6;0.2;0.3;0.2;0.0;0.0;0.0;0.0;0.0;0.0;0.2,31.41,0.07,0.0,0.03,14.42,0.0,781.0,390.0,4,16,,,,,,,,,,,,,,,,,,,,,,,,,,,,,,,,,,,,,,,,,,,,,,,,,,,,,,,,,,,,,
66,24,,,,,,,100,70,70,13,235.4,2730,10801,39,0,8.2,1.9;5.7;1.7;2.5;0.5;0.9;49.0;36.1;4.2;5.3;45.0;41.5;0.8;1.1;0.0;0.0;0.5;0.2;0.0;0.0;0.3;0.2;0.0;0.0,31.41,0.07,0.0,0.02,14.42,0.0,244.0,1367.0,4,16,,,,,,,,,,,,,,,,,,,,,,,,,,,,,,,,,,,,,,,,,,,,,,,,,,,,,,,,,,,,,
66,25,,,,,,,100,64,71,16,237.1,2730,10801,39,0,7.9,0.6;3.4;2.3;0.5;0.8;1.9;39.8;34.2;3.3;4.4;61.8;33.2;1.1;0.6;0.2;0.3;0.0;0.2;0.0;0.0;0.0;0.0;0.2;0.0,31.35,0.07,0.0,0.02,14.42,0.0,1416.0,97.0,4,16,,,,,,,,,,,,,,,,,,,,,,,,,,,,,,,,,,,,,,,,,,,,,,,,,,,,,,,,,,,,,
66,26,,,,,,,100,50,71,13,237.0,2730,10801,39,0,8.2,1.1;2.6;1.9;1.6;0.9;0.9;39.2;42.7;4.5;5.2;36.6;53.9;1.1;1.4;0.5;0.2;0.0;0.3;0.0;0.0;0.3;0.3;0.2;0.5,31.38,0.07,0.0,0.04,14.42,0.0,0.0,1904.0,4,16,,,,,,,,,,,,,,,,,,,,,,,,,,,,,,,,,,,,,,,,,,,,,,,,,,,,,,,,,,,,,
66,27,,,,,,,100,60,72,13,233.6,2730,10801,39,0,8.0,0.6;2.5;0.6;1.7;0.5;1.2;40.3;41.9;4.7;3.6;45.9;44.6;0.9;0.5;0.3;0.0;0.2;0.2;0.2;0.0;0.2;0.0;0.0;0.5,31.39,0.07,0.0,0.08,14.42,0.0,927.0,244.0,4,16,,,,,,,,,,,,,,,,,,,,,,,,,,,,,,,,,,,,,,,,,,,,,,,,,,,,,,,,,,,,,
66,28,,,,,,,100,52,71,13,237.1,2730,10801,39,0,8.9,2.7;5.5;2.7;4.2;1.4;1.6;46.2;52.3;5.6;9.1;34.9;41.0;0.6;0.9;0.3;0.2;0.5;0.3;0.0;0.3;0.5;0.6;0.2;0.0,31.38,0.07,0.0,0.06,14.42,0.0,781.0,1708.0,4,16,,,,,,,,,,,,,,,,,,,,,,,,,,,,,,,,,,,,,,,,,,,,,,,,,,,,,,,,,,,,,
66,29,,,,,,,100,51,71,16,237.1,2730,10801,39,0,7.9,1.6;2.5;1.1;2.0;0.5;1.4;44.4;44.6;1.3;8.6;28.1;49.4;0.9;1.1;0.2;0.2;0.0;0.0;0.0;0.0;0.0;0.5;0.2;0.2,31.38,0.07,0.0,0.02,14.42,0.0,878.0,1416.0,4,16,,,,,,,,,,,,,,,,,,,,,,,,,,,,,,,,,,,,,,,,,,,,,,,,,,,,,,,,,,,,,
66,30,,,,,,,100,47,69,19,234.4,2730,10801,39,0,5.9,0.3;2.9;0.6;1.4;0.0;0.2;30.3;18.0;1.9;2.8;36.2;45.6;0.2;0.5;0.0;0.0;0.0;0.0;0.0;0.0;0.0;0.0;0.0;0.3,31.38,0.07,0.0,0.02,14.42,0.0,976.0,195.0,4,16,,,,,,,,,,,,,,,,,,,,,,,,,,,,,,,,,,,,,,,,,,,,,,,,,,,,,,,,,,,,,
66,31,,,,,,,100,62,72,20,237.2,2730,10801,39,0,5.6,1.5;4.3;1.5;1.2;0.7;0.7;33.1;44.4;2.0;4.2;18.9;23.4;0.2;0.0;0.0;0.0;0.0;0.0;0.0;0.0;0.2;0.0;0.0;0.0,31.38,0.07,0.0,0.04,14.42,0.0,3027.0,302587.0,4,16,,,,,,,,,,,,,,,,,,,,,,,,,,,,,,,,,,,,,,,,,,,,,,,,,,,,,,,,,,,,,
66,summary,0.3090133133885491,0.9934623407142922,0.2831135230064392,0.9998888888888889,0.00100000,313.4,,,,,,,,,,,,,,,,,,,,,,16,96.84,100,12,66.94,88,64,70.23,73,13,15.16,20,123.9,232.63,237.8,2730.5,10801.0,39.0,0,5.6,8.36,22.1,31.35,31.41,31.75,63.16,0.07,0.07,0.07,16.0,0.0,0.0,0.01,0.01,0.29,3.14,11.015,16.348,14.42,14.42,14.42,15.992,0.0,0.0,0.0,0.0,2436.29,26953.0,0.0,25876.9,302587.0,4,4.0,4,16,16.0,16,4,16,5.89,291.15
67,1,,,,,,,100,63,67,17,106.8,2730,10801,39,0,20.8,19.0;22.1;22.5;23.6;20.8;20.5;62.6;60.8;24.5;26.5;54.2;62.3;13.2;13.5;4.0;4.1;7.9;7.8;3.6;2.8;7.0;6.5;4.8;4.6,31.47,0.07,0.0,0.01,14.42,0.0,830.0,4736.0,4,16,,,,,,,,,,,,,,,,,,,,,,,,,,,,,,,,,,,,,,,,,,,,,,,,,,,,,,,,,,,,,
67,2,,,,,,,100,64,71,18,237.7,2730,10801,39,0,7.9,1.4;3.1;0.8;1.3;0.5;0.3;60.7;34.8;4.8;5.8;31.2;42.0;0.5;0.9;0.0;0.0;0.0;0.0;0.0;0.2;0.0;0.2;0.0;0.2,31.44,0.07,0.0,3.09,14.42,0.0,927.0,1611.0,4,16,,,,,,,,,,,,,,,,,,,,,,,,,,,,,,,,,,,,,,,,,,,,,,,,,,,,,,,,,,,,,
67,3,,,,,,,100,70,69,15,237.9,2730,10801,39,0,8.0,1.7;4.9;0.8;1.4;0.2;0.8;30.0;54.8;4.7;3.6;37.6;49.5;0.6;0.9;0.0;0.0;0.0;0.2;0.0;0.0;0.2;0.2;0.2;0.0,31.43,0.07,0.0,1.62,14.42,0.0,488.0,23681.0,4,16,,,,,,,,,,,,,,,,,,,,,,,,,,,,,,,,,,,,,,,,,,,,,,,,,,,,,,,,,,,,,
67,4,,,,,,,100,77,69,13,237.9,2730,10801,39,0,8.3,2.0;4.3;2.5;1.6;0.9;0.8;50.9;28.0;8.1;6.1;40.0;50.0;1.1;0.8;0.5;0.5;0.2;0.3;0.0;0.2;0.0;0.2;0.2;0.0,31.39,0.07,0.0,2.95,14.42,0.0,1416.0,1367.0,4,16,,,,,,,,,,,,,,,,,,,,,,,,,,,,,,,,,,,,,,,,,,,,,,,,,,,,,,,,,,,,,
67,5,,,,,,,100,62,70,16,236.9,2730,10801,39,0,8.0,1.6;3.2;1.1;1.9;0.5;0.6;48.1;46.5;5.0;4.1;38.7;37.8;0.9;0.9;0.5;0.8;0.0;0.3;0.0;0.0;0.0;0.2;0.0;0.3,31.37,0.07,0.0,0.02,14.42,0.0,537.0,439.0,4,16,,,,,,,,,,,,,,,,,,,,,,,,,,,,,,,,,,,,,,,,,,,,,,,,,,,,,,,,,,,,,
67,6,,,,,,,100,73,71,14,236.8,2730,10801,39,0,8.0,1.4;3.7;1.9;1.2;0.2;0.6;39.2;42.0;5.9;4.1;39.1;50.1;0.8;0.6;0.0;0.2;0.2;0.0;0.0;0.0;0.0;0.2;0.0;0.0,31.36,0.07,0.0,0.03,14.42,0.0,1123.0,1367.0,4,16,,,,,,,,,,,,,,,,,,,,,,,,,,,,,,,,,,,,,,,,,,,,,,,,,,,,,,,,,,,,,
67,7,,,,,,,100,71,69,20,237.1,2730,10801,39,0,8.0,1.9;3.6;1.3;1.6;0.9;1.1;45.7;38.3;3.1;5.6;38.9;48.4;0.9;1.1;0.0;0.2;0.0;0.0;0.0;0.0;0.0;0.0;0.0;0.0,31.37,0.07,0.0,0.02,14.42,0.0,634.0,1562.0,4,16,,,,,,,,,,,,,,,,,,,,,,,,,,,,,,,,,,,,,,,,,,,,,,,,,,,,,,,,,,,,,
67,8,,,,,,,100,63,71,20,234.8,2730,10801,39,0,8.1,0.9;2.0;2.0;1.4;0.6;0.3;38.2;42.3;4.2;6.6;39.3;51.2;0.9;0.5;0.8;0.3;0.3;0.3;0.2;0.0;0.3;0.8;0.0;0.2,31.37,0.07,0.0,0.02,14.42,0.0,1416.0,97.0,4,16,,,,,,,,,,,,,,,,,,,,,,,,,,,,,,,,,,,,,,,,,,,,,,,,,,,,,,,,,,,,,
67,9,,,,,,,100,72,69,13,236.5,2730,10801,39,0,8.4,1.7;4.0;2.7;2.7;0.8;1.3;39.1;51.9;4.2;4.8;33.7;50.8;1.1;0.9;0.2;0.3;0.0;0.3;0.0;0.0;0.0;0.0;0.0;0.3,31.38,0.07,0.0,0.08,14.42,0.0,0.0,1757.0,4,16,,,,,,,,,,,,,,,,,,,,,,,,,,,,,,,,,,,,,,,,,,,,,,,,,,,,,,,,,,,,,
67,10,,,,,,,100,76,70,15,238.4,2730,10801,39,0,8.5,1.9;5.2;2.5;2.5;0.6;1.3;51.9;42.6;3.6;5.8;38.2;42.7;1.4;1.4;0.0;0.2;0.6;0.8;0.0;0.2;0.2;0.8;0.0;0.3,31.39,0.07,0.0,0.02,14.42,0.0,1464.0,0.0,4,16,,,,,,,,,,,,,,,,,,,,,,,,,,,,,,,,,,,,,,,,,,,,,,,,,,,,,,,,,,,,,
67,11,,,,,,,100,71,71,15,234.4,2730,10801,39,0,8.1,1.4;4.9;1.7;0.8;0.5;0.0;45.7;46.0;4.6;3.9;32.8;48.7;0.9;1.1;0.0;0.2;0.0;0.2;0.3;0.0;0.2;0.2;0.8;0.2,31.39,0.07,0.0,0.04,14.42,0.0,537.0,1367.0,4,16,,,,,,,,,,,,,,,,,,,,,,,,,,,,,,,,,,,,,,,,,,,,,,,,,,,,,,,,,,,,,
67,12,,,,,,,100,57,69,15,237.2,2730,10801,39,0,7.8,1.3;3.2;1.7;1.1;0.5;0.6;41.5;40.4;4.1;2.5;34.3;52.6;0.9;0.6;0.0;0.0;0.2;0.0;0.0;0.0;0.9;0.3;0.0;0.3,31.39,0.07,0.0,0.02,14.42,0.0,33593.0,292.0,4,16,,,,,,,,,,,,,,,,,,,,,,,,,,,,,,,,,,,,,,,,,,,,,,,,,,,,,,,,,,,,,
67,13,,,,,,,100,64,71,20,237.8,2730,10801,39,0,7.9,1.1;2.6;2.2;1.6;0.8;0.3;54.6;37.4;3.9;4.1;37.4;41.0;0.8;1.2;0.0;0.0;0.0;0.0;0.0;0.0;0.2;0.5;0.3;0.0,31.39,0.07,0.0,0.03,14.42,0.0,0.0,1562.0,4,16,,,,,,,,,,,,,,,,,,,,,,,,,,,,,,,,,,,,,,,,,,,,,,,,,,,,,,,,,,,,,
67,14,,,,,,,100,58,68,20,233.0,2730,10801,39,0,8.2,2.2;4.9;1.6;2.0;0.3;0.5;51.8;38.5;6.0;2.2;34.8;45.6;1.1;0.6;0.3;0.0;0.2;0.3;0.0;0.0;0.3;0.3;2.3;0.3,31.4,0.07,0.0,0.02,14.42,0.0,341.0,1416.0,4,16,,,,,,,,,,,,,,,,,,,,,,,,,,,,,,,,,,,,,,,,,,,,,,,,,,,,,,,,,,,,,
67,15,,,,,,,100,47,71,19,236.4,2730,10801,39,0,8.1,1.7;2.3;1.6;2.3;0.5;0.6;34.0;39.1;3.9;4.4;47.5;53.4;0.6;0.9;0.0;0.0;0.0;0.0;0.0;0.0;0.3;0.0;0.3;0.0,31.41,0.07,0.0,0.07,14.42,0.0,2734.0,0.0,4,16,,,,,,,,,,,,,,,,,,,,,,,,,,,,,,,,,,,,,,,,,,,,,,,,,,,,,,,,,,,,,
67,16,,,,,,,100,51,71,15,237.3,2730,10801,39,0,8.0,0.6;2.5;2.5;1.1;0.5;0.6;51.3;35.7;5.2;3.6;35.9;49.3;1.1;0.6;0.3;0.0;0.3;0.2;0.0;0.3;0.0;0.3;0.5;0.0,31.4,0.07,0.0,0.05,14.42,0.0,2392.0,390.0,4,16,,,,,,,,,,,,,,,,,,,,,,,,,,,,,,,,,,,,,,,,,,,,,,,,,,,,,,,,,,,,,
67,17,,,,,,,100,51,70,15,236.8,2730,10801,39,0,7.9,1.4;2.2;2.3;1.2;1.9;0.8;54.7;36.4;5.9;3.3;47.3;31.2;0.9;0.6;0.0;0.0;0.2;0.0;0.2;0.0;0.2;0.0;0.0;0.3,31.36,0.07,0.0,0.01,14.42,0.0,8642.0,5566.0,4,16,,,,,,,,,,,,,,,,,,,,,,,,,,,,,,,,,,,,,,,,,,,,,,,,,,,,,,,,,,,,,
67,18,,,,,,,100,74,72,12,237.9,2730,10801,39,0,7.8,1.3;3.3;1.6;0.9;0.8;0.9;47.5;43.4;4.4;2.5;36.8;42.4;0.9;0.2;0.0;0.2;0.0;0.0;0.0;0.0;0.2;0.3;0.2;0.0,31.38,0.07,0.0,0.04,14.42,0.0,878.0,1416.0,4,16,,,,,,,,,,,,,,,,,,,,,,,,,,,,,,,,,,,,,,,,,,,,,,,,,,,,,,,,,,,,,
67,19,,,,,,,100,70,71,15,237.5,2730,10801,39,0,7.9,1.1;3.2;1.9;1.9;0.3;0.3;47.1;39.6;4.7;2.3;34.1;50.7;0.8;0.8;0.0;0.2;0.0;0.2;0.0;0.0;0.3;0.3;0.0;0.0,31.39,0.07,0.0,0.05,14.42,0.0,3369.0,1513.0,4,16,,,,,,,,,,,,,,,,,,,,,,,,,,,,,,,,,,,,,,,,,,,,,,,,,,,,,,,,,,,,,
67,20,,,,,,,100,71,71,14,236.5,2730,10801,39,0,7.6,1.4;3.4;2.0;0.6;0.2;0.2;65.4;31.7;4.5;2.2;36.1;33.5;1.4;0.3;0.0;0.0;0.0;0.0;0.0;0.0;0.0;0.0;0.0;0.0,31.38,0.07,0.0,0.02,14.42,0.0,43896.0,28173.0,4,16,,,,,,,,,,,,,,,,,,,,,,,,,,,,,,,,,,,,,,,,,,,,,,,,,,,,,,,,,,,,,
67,21,,,,,,,98,78,71,13,237.8,2730,10801,39,0,7.8,1.1;4.3;0.9;0.9;0.5;0.8;44.4;37.9;5.3;2.5;38.7;47.7;0.8;0.9;0.0;0.0;0.0;0.0;0.0;0.0;0.0;0.3;0.0;0.0,31.36,0.07,0.0,0.06,14.42,0.0,23291.0,17187.0,4,16,,,,,,,,,,,,,,,,,,,,,,,,,,,,,,,,,,,,,,,,,,,,,,,,,,,,,,,,,,,,,
67,22,,,,,,,98,78,70,15,236.9,2730,10801,39,0,8.0,1.4;5.1;2.7;2.7;0.8;0.6;49.8;44.4;7.0;2.5;38.0;35.7;0.8;0.3;0.0;0.0;0.2;0.0;0.0;0.2;0.5;0.0;0.0;0.2,31.39,0.07,0.0,0.03,14.42,0.0,292.0,18212.0,4,16,,,,,,,,,,,,,,,,,,,,,,,,,,,,,,,,,,,,,,,,,,,,,,,,,,,,,,,,,,,,,
67,23,,,,,,,100,50,70,13,237.0,2730,10801,39,0,8.2,1.6;4.2;1.6;1.4;1.4;1.1;56.7;30.6;7.5;2.3;49.5;33.7;1.1;0.6;0.2;0.0;0.3;0.3;0.0;0.0;0.5;0.2;1.3;0.9,31.36,0.07,0.0,0.05,14.42,0.0,1416.0,48.0,4,16,,,,,,,,,,,,,,,,,,,,,,,,,,,,,,,,,,,,,,,,,,,,,,,,,,,,,,,,,,,,,
67,24,,,,,,,100,46,69,13,235.5,2730,10801,39,0,7.8,0.5;3.8;1.6;1.2;0.5;0.3;43.2;43.5;5.4;1.1;39.6;44.6;0.8;0.5;0.0;0.0;0.0;0.0;0.0;0.2;0.0;0.0;0.0;0.0,31.38,0.07,0.0,0.03,14.42,0.0,830.0,1367.0,4,16,,,,,,,,,,,,,,,,,,,,,,,,,,,,,,,,,,,,,,,,,,,,,,,,,,,,,,,,,,,,,
67,25,,,,,,,100,53,71,16,237.9,2730,10801,39,0,8.0,1.4;3.8;1.9;0.5;0.5;0.9;53.9;34.6;5.8;4.0;45.3;34.1;1.1;1.4;0.2;0.0;0.2;0.0;0.0;0.0;0.0;0.2;0.5;0.0,31.39,0.07,0.0,0.02,14.42,0.0,32617.0,115820.0,4,16,,,,,,,,,,,,,,,,,,,,,,,,,,,,,,,,,,,,,,,,,,,,,,,,,,,,,,,,,,,,,
67,26,,,,,,,100,51,71,14,237.4,2730,10801,39,0,8.1,1.4;3.1;1.1;1.4;0.5;0.6;54.3;41.2;5.4;5.8;33.6;42.5;1.1;0.6;0.0;0.0;0.3;0.3;0.0;0.0;0.8;0.3;0.5;0.3,31.38,0.07,0.0,0.02,14.42,0.0,10400.0,1416.0,4,16,,,,,,,,,,,,,,,,,,,,,,,,,,,,,,,,,,,,,,,,,,,,,,,,,,,,,,,,,,,,,
67,27,,,,,,,100,57,71,13,234.0,2730,10801,39,0,8.2,1.7;5.0;2.3;0.8;0.6;0.8;38.7;54.3;5.6;4.2;39.2;41.4;0.5;0.6;0.0;0.0;0.0;0.0;0.0;0.0;0.2;0.3;0.8;0.2,31.42,0.07,0.0,0.03,14.42,0.0,1074.0,1513.0,4,16,,,,,,,,,,,,,,,,,,,,,,,,,,,,,,,,,,,,,,,,,,,,,,,,,,,,,,,,,,,,,
67,28,,,,,,,100,48,70,16,236.8,2730,10801,39,0,8.0,1.1;4.0;1.7;2.7;1.4;0.9;39.3;42.3;5.5;5.6;36.2;48.2;0.8;0.6;0.6;0.0;0.2;0.0;0.2;0.0;0.6;0.3;0.6;0.2,31.4,0.07,0.01,0.1,14.42,0.0,976.0,1611.0,4,16,,,,,,,,,,,,,,,,,,,,,,,,,,,,,,,,,,,,,,,,,,,,,,,,,,,,,,,,,,,,,
67,29,,,,,,,100,48,71,14,237.9,2730,10801,39,0,8.0,1.9;1.9;1.7;1.7;1.7;1.3;40.4;43.5;7.3;6.4;38.0;43.2;0.9;0.9;0.2;0.0;0.2;0.3;0.0;0.0;0.2;0.0;0.3;0.2,31.4,0.07,0.0,0.03,14.42,0.0,341.0,48.0,4,16,,,,,,,,,,,,,,,,,,,,,,,,,,,,,,,,,,,,,,,,,,,,,,,,,,,,,,,,,,,,,
67,30,,,,,,,100,55,70,13,233.0,2730,10801,39,0,6.3,1.2;3.5;1.4;0.9;0.9;1.1;24.4;36.9;2.6;5.8;34.4;36.0;0.3;0.3;0.0;0.0;0.2;0.0;0.0;0.0;0.3;0.0;0.0;0.2,31.38,0.07,0.0,0.04,14.42,0.0,0.0,1855.0,4,16,,,,,,,,,,,,,,,,,,,,,,,,,,,,,,,,,,,,,,,,,,,,,,,,,,,,,,,,,,,,,
67,31,,,,,,,100,75,72,15,236.9,2730,10801,39,0,6.0,0.5;7.6;1.7;2.0;1.0;1.5;44.1;25.2;1.0;3.9;15.7;37.8;0.2;0.2;0.0;0.0;0.0;0.0;0.0;0.0;0.0;0.0;0.0;0.0,31.37,0.07,0.0,0.08,14.42,0.0,5419.0,1708.0,4,16,,,,,,,,,,,,,,,,,,,,,,,,,,,,,,,,,,,,,,,,,,,,,,,,,,,,,,,,,,,,,
67,summary,0.30915767382725023,0.99331204969623,0.2831526159445445,0.9998888888888889,0.00100000,313.8,,,,,,,,,,,,,,,,,,,,,,98,99.87,100,46,62.71,78,67,70.23,72,12,15.35,20,106.8,232.47,238.4,2730.0,10801.0,39.0,0,6.0,8.31,20.8,31.36,31.39,31.47,63.16,0.07,0.07,0.07,16.0,0.0,0.0,0.01,0.01,0.28,3.09,11.015,16.348,14.42,14.42,14.42,15.992,0.0,0.0,0.0,0.0,5866.87,43896.0,0.0,7712.81,115820.0,4,4.0,4,16,16.0,16,4,16,6.48,291.16
68,1,,,,,,,44,33,66,16,118.0,2745,10801,39,0,21.0,18.8;20.3;23.0;23.1;21.3;22.5;64.9;58.2;25.6;26.2;57.6;62.1;14.6;13.9;3.6;2.9;8.8;8.4;2.2;1.7;7.0;5.9;5.2;5.2,31.44,0.07,0.0,0.02,14.42,0.0,2197.0,5615.0,4,16,,,,,,,,,,,,,,,,,,,,,,,,,,,,,,,,,,,,,,,,,,,,,,,,,,,,,,,,,,,,,
68,2,,,,,,,98,80,70,19,236.8,2730,10801,39,0,8.7,2.5;4.2;1.4;2.2;0.9;0.9;45.6;42.4;4.8;7.8;40.2;44.1;0.8;2.0;0.6;0.2;0.2;0.5;0.2;0.5;0.3;0.8;3.1;1.7,31.43,0.07,0.0,3.08,14.42,0.0,585.0,1611.0,4,16,,,,,,,,,,,,,,,,,,,,,,,,,,,,,,,,,,,,,,,,,,,,,,,,,,,,,,,,,,,,,
68,3,,,,,,,98,81,70,13,237.7,2730,10801,39,0,8.2,2.5;4.2;1.7;1.7;0.9;0.9;51.8;33.0;3.9;4.8;40.1;48.1;0.9;1.1;0.0;0.8;0.2;0.0;0.0;0.0;0.0;0.0;0.0;0.2,31.42,0.07,0.0,1.63,14.42,0.0,1416.0,48.0,4,16,,,,,,,,,,,,,,,,,,,,,,,,,,,,,,,,,,,,,,,,,,,,,,,,,,,,,,,,,,,,,
68,4,,,,,,,98,81,70,16,236.7,2730,10801,39,0,8.3,1.9;3.7;2.8;1.7;0.6;0.9;47.4;39.4;3.0;8.9;36.6;47.0;0.8;1.1;0.2;0.0;0.0;0.3;0.2;0.0;0.5;0.0;0.0;0.2,31.35,0.07,0.0,2.93,14.42,0.0,634.0,1513.0,4,16,,,,,,,,,,,,,,,,,,,,,,,,,,,,,,,,,,,,,,,,,,,,,,,,,,,,,,,,,,,,,
68,5,,,,,,,100,86,72,14,235.5,2730,10801,39,0,8.0,0.5;3.4;1.4;0.6;0.5;0.3;49.2;35.5;3.0;8.0;36.4;49.8;0.9;0.9;0.0;0.0;0.0;0.6;0.0;0.0;0.2;0.9;0.0;0.0,31.39,0.07,0.0,0.02,14.42,0.0,537.0,341.0,4,16,,,,,,,,,,,,,,,,,,,,,,,,,,,,,,,,,,,,,,,,,,,,,,,,,,,,,,,,,,,,,
68,6,,,,,,,98,79,69,15,236.1,2730,10801,39,0,7.8,0.6;3.2;0.6;1.1;0.3;0.2;54.6;44.2;3.7;4.1;35.8;37.0;0.3;0.6;0.0;0.0;0.0;0.0;0.0;0.0;0.2;0.6;0.0;0.0,31.37,0.07,0.0,0.03,14.42,0.0,1416.0,1367.0,4,16,,,,,,,,,,,,,,,,,,,,,,,,,,,,,,,,,,,,,,,,,,,,,,,,,,,,,,,,,,,,,
68,7,,,,,,,98,78,69,16,235.7,2730,10801,39,0,8.2,1.2;4.3;1.2;1.7;0.8;1.6;56.4;38.8;3.6;5.8;41.2;36.2;0.5;0.8;0.0;0.3;0.2;0.3;0.0;0.0;0.2;0.0;0.0;0.2,31.35,0.07,0.0,0.02,14.42,0.0,1416.0,1367.0,4,16,,,,,,,,,,,,,,,,,,,,,,,,,,,,,,,,,,,,,,,,,,,,,,,,,,,,,,,,,,,,,
68,8,,,,,,,100,85,67,13,233.8,2730,10801,39,0,8.2,0.9;3.7;2.0;2.0;0.8;1.1;50.6;43.9;4.8;5.1;33.5;45.7;0.8;0.9;0.0;0.0;0.0;0.3;0.0;0.2;0.2;0.3;0.2;0.3,31.41,0.07,0.0,0.07,14.42,0.0,292.0,0.0,4,16,,,,,,,,,,,,,,,,,,,,,,,,,,,,,,,,,,,,,,,,,,,,,,,,,,,,,,,,,,,,,
68,9,,,,,,,100,86,70,15,237.8,2730,10801,39,0,8.1,1.4;2.5;2.5;1.9;1.1;1.1;67.4;36.0;4.0;7.2;32.5;32.9;1.1;1.2;0.0;0.0;0.2;0.0;0.2;0.2;0.5;0.3;0.5;0.6,31.39,0.07,0.0,0.05,14.42,0.0,244.0,303027.0,4,16,,,,,,,,,,,,,,,,,,,,,,,,,,,,,,,,,,,,,,,,,,,,,,,,,,,,,,,,,,,,,
68,10,,,,,,,100,71,71,20,238.9,2730,10801,39,0,7.9,0.9;3.9;1.2;1.1;0.5;0.5;45.9;38.9;4.1;4.7;26.0;57.7;0.8;0.9;0.0;0.3;0.2;0.2;0.0;0.0;0.0;0.8;0.5;0.0,31.39,0.07,0.0,0.02,14.42,0.0,292.0,781.0,4,16,,,,,,,,,,,,,,,,,,,,,,,,,,,,,,,,,,,,,,,,,,,,,,,,,,,,,,,,,,,,,
68,11,,,,,,,100,75,69,15,234.9,2730,10801,39,0,8.3,1.7;5.2;2.2;2.2;0.5;0.8;48.5;37.2;5.0;6.1;50.2;37.4;0.8;0.6;0.2;0.2;0.0;0.0;0.2;0.3;0.0;0.0;0.3;0.0,31.38,0.07,0.0,0.03,14.42,0.0,341.0,781.0,4,16,,,,,,,,,,,,,,,,,,,,,,,,,,,,,,,,,,,,,,,,,,,,,,,,,,,,,,,,,,,,,
68,12,,,,,,,100,72,70,16,238.7,2730,10801,39,0,7.9,0.9;3.2;1.1;1.1;0.3;0.8;56.2;38.4;4.5;3.9;34.1;42.8;0.6;0.8;0.2;0.2;0.0;0.2;0.0;0.2;0.2;0.2;0.0;0.0,31.35,0.07,0.0,0.02,14.42,0.0,3857.0,9033.0,4,16,,,,,,,,,,,,,,,,,,,,,,,,,,,,,,,,,,,,,,,,,,,,,,,,,,,,,,,,,,,,,
68,13,,,,,,,100,77,70,15,238.3,2730,10801,39,0,7.8,0.9;3.2;1.9;1.2;0.2;1.2;45.8;29.8;5.9;5.4;42.2;48.3;1.2;0.5;0.0;0.0;0.2;0.0;0.0;0.0;0.2;0.0;0.0;0.0,31.39,0.07,0.0,0.03,14.42,0.0,3417.0,1367.0,4,16,,,,,,,,,,,,,,,,,,,,,,,,,,,,,,,,,,,,,,,,,,,,,,,,,,,,,,,,,,,,,
68,14,,,,,,,100,84,70,20,235.7,2730,10801,39,0,10.4,3.0;6.7;5.5;7.5;3.1;3.4;54.5;53.8;8.6;11.1;48.9;35.2;2.4;2.2;0.1;0.3;0.9;0.4;0.0;0.3;0.4;0.7;0.7;0.1,31.53,0.07,0.05,1.36,14.576,0.0,2929.0,244.0,4,16,,,,,,,,,,,,,,,,,,,,,,,,,,,,,,,,,,,,,,,,,,,,,,,,,,,,,,,,,,,,,
68,15,,,,,,,100,64,70,13,236.5,2730,10801,39,0,8.8,1.1;5.4;0.8;1.7;1.7;2.3;51.3;46.4;5.4;7.2;46.6;36.8;1.4;0.9;0.0;0.2;0.0;0.5;0.2;0.0;0.0;0.3;0.0;0.0,31.5,0.07,0.0,0.15,14.576,0.0,195.0,1904.0,4,16,,,,,,,,,,,,,,,,,,,,,,,,,,,,,,,,,,,,,,,,,,,,,,,,,,,,,,,,,,,,,
68,16,,,,,,,99,79,70,15,237.2,2730,10801,39,0,10.1,2.4;15.7;4.1;5.8;2.8;3.0;44.3;50.9;8.4;10.7;36.6;46.9;1.8;1.4;0.7;0.2;1.2;1.4;0.2;0.6;0.8;1.4;0.8;0.8,31.6,0.07,0.01,0.21,14.644,0.0,146.0,7031.0,4,16,,,,,,,,,,,,,,,,,,,,,,,,,,,,,,,,,,,,,,,,,,,,,,,,,,,,,,,,,,,,,
68,17,,,,,,,100,84,66,14,228.5,2730,10801,39,0,10.5,3.2;7.6;6.3;4.8;4.1;5.1;37.8;19.5;8.5;12.9;41.2;40.1;3.7;1.9;0.3;0.3;1.8;0.7;24.7;21.0;1.5;1.0;1.8;2.4,31.89,0.07,0.09,1.09,14.989,0.0,3125.0,5615.0,4,16,,,,,,,,,,,,,,,,,,,,,,,,,,,,,,,,,,,,,,,,,,,,,,,,,,,,,,,,,,,,,
68,18,,,,,,,100,69,71,15,235.4,2730,10801,39,0,10.7,3.1;7.6;5.5;3.0;2.4;3.0;18.1;13.5;7.4;5.6;18.4;10.0;1.8;2.5;0.9;1.9;1.6;0.7;55.6;69.2;0.9;0.7;5.6;17.2,31.99,0.07,0.4,2.58,14.882,0.0,20996.0,8740.0,4,16,,,,,,,,,,,,,,,,,,,,,,,,,,,,,,,,,,,,,,,,,,,,,,,,,,,,,,,,,,,,,
68,19,,,,,,,99,80,70,15,233.1,2730,10801,39,0,8.6,1.8;4.7;2.3;2.1;0.8;1.1;8.0;8.6;2.6;2.9;13.3;4.8;3.2;2.4;0.5;0.1;0.0;0.0;61.5;64.1;0.6;2.1;5.5;12.3,32.05,0.07,0.05,0.6,14.828,0.0,2050.0,11914.0,4,16,,,,,,,,,,,,,,,,,,,,,,,,,,,,,,,,,,,,,,,,,,,,,,,,,,,,,,,,,,,,,
68,20,,,,,,,98,77,69,16,232.6,2730,10801,39,0,7.8,0.9;3.0;0.9;0.9;0.9;0.1;5.5;4.6;1.8;4.0;10.9;3.3;2.2;1.8;0.0;2.1;1.6;0.7;70.7;56.6;0.1;1.3;3.4;10.3,31.98,0.07,0.01,0.37,14.814,0.0,40380.0,27490.0,4,16,,,,,,,,,,,,,,,,,,,,,,,,,,,,,,,,,,,,,,,,,,,,,,,,,,,,,,,,,,,,,
68,21,,,,,,,100,70,71,16,232.9,2730,10801,39,0,8.1,1.6;3.7;0.9;1.3;1.5;1.2;8.5;8.2;1.3;0.9;10.2;3.1;1.2;0.4;1.3;0.9;1.3;0.1;56.6;70.7;0.6;0.9;6.1;12.4,31.99,0.07,0.04,0.14,14.806,0.0,2832.0,9765.0,4,16,,,,,,,,,,,,,,,,,,,,,,,,,,,,,,,,,,,,,,,,,,,,,,,,,,,,,,,,,,,,,
68,22,,,,,,,100,57,70,15,233.7,2730,10801,39,0,8.7,1.5;4.9;1.6;1.4;1.9;1.7;6.3;10.8;2.5;3.3;10.1;11.2;1.5;1.6;0.0;0.7;0.3;0.0;57.2;60.4;0.4;0.0;10.5;19.6,31.99,0.07,0.0,0.16,14.806,0.0,1806.0,9619.0,4,16,,,,,,,,,,,,,,,,,,,,,,,,,,,,,,,,,,,,,,,,,,,,,,,,,,,,,,,,,,,,,
68,23,,,,,,,100,55,69,13,237.5,2730,10801,39,0,9.5,1.6;12.3;3.1;4.5;1.6;3.1;32.6;27.9;4.3;7.6;26.1;32.9;2.8;3.0;0.0;0.7;0.4;0.7;22.4;29.5;0.3;0.9;3.0;6.0,31.96,0.07,0.0,0.07,14.841,0.0,3222.0,195.0,4,16,,,,,,,,,,,,,,,,,,,,,,,,,,,,,,,,,,,,,,,,,,,,,,,,,,,,,,,,,,,,,
68,24,,,,,,,100,77,70,15,237.8,2730,10801,39,0,8.1,1.4;4.6;1.6;1.6;0.3;0.6;48.9;42.3;6.2;10.4;38.9;35.4;0.9;0.6;0.0;0.2;0.6;0.3;0.0;0.2;0.0;0.3;0.0;0.2,31.97,0.07,0.0,0.09,14.841,0.0,976.0,390.0,4,16,,,,,,,,,,,,,,,,,,,,,,,,,,,,,,,,,,,,,,,,,,,,,,,,,,,,,,,,,,,,,
68,25,,,,,,,98,82,69,17,237.8,2730,10801,39,0,8.6,1.1;11.5;1.4;1.1;0.8;0.3;48.3;50.2;5.3;5.3;31.4;44.6;1.4;1.3;0.0;0.0;0.0;0.0;0.2;0.0;0.0;0.3;0.3;0.5,31.96,0.07,0.0,0.21,14.841,0.0,146.0,1953.0,4,16,,,,,,,,,,,,,,,,,,,,,,,,,,,,,,,,,,,,,,,,,,,,,,,,,,,,,,,,,,,,,
68,26,,,,,,,100,59,69,14,236.4,2730,10801,39,0,7.4,0.5;2.1;1.5;0.3;0.3;0.3;48.7;43.2;3.4;3.8;34.9;37.3;0.6;1.1;0.0;0.0;0.0;0.0;0.0;0.0;0.0;0.3;0.0;0.0,31.92,0.07,0.0,0.06,14.841,0.0,390.0,1562.0,4,16,,,,,,,,,,,,,,,,,,,,,,,,,,,,,,,,,,,,,,,,,,,,,,,,,,,,,,,,,,,,,
68,27,,,,,,,100,72,72,14,235.0,2730,10801,39,0,7.6,1.2;3.6;1.1;1.8;0.2;0.8;44.6;44.5;4.4;4.4;32.8;40.8;0.9;0.3;0.0;0.0;0.0;0.3;0.0;0.2;0.2;0.0;0.6;0.2,31.95,0.07,0.0,0.04,14.841,0.0,341.0,537.0,4,16,,,,,,,,,,,,,,,,,,,,,,,,,,,,,,,,,,,,,,,,,,,,,,,,,,,,,,,,,,,,,
68,28,,,,,,,100,75,69,15,238.2,2730,10801,39,0,7.8,0.6;2.7;2.4;0.9;0.5;0.5;52.4;48.5;4.3;2.4;33.4;35.2;0.6;1.1;0.0;0.0;0.2;0.2;0.0;0.0;0.0;0.3;0.0;0.0,31.94,0.07,0.0,0.04,14.841,0.0,1464.0,488.0,4,16,,,,,,,,,,,,,,,,,,,,,,,,,,,,,,,,,,,,,,,,,,,,,,,,,,,,,,,,,,,,,
68,29,,,,,,,100,50,70,13,238.0,2730,10801,39,0,7.7,1.4;5.1;2.3;1.4;0.5;1.2;50.2;32.9;3.5;1.8;45.3;36.4;0.8;0.6;0.0;0.2;0.0;0.2;0.0;0.0;0.0;0.3;0.0;0.0,31.95,0.07,0.05,0.15,14.841,0.0,1513.0,1513.0,4,16,,,,,,,,,,,,,,,,,,,,,,,,,,,,,,,,,,,,,,,,,,,,,,,,,,,,,,,,,,,,,
68,30,,,,,,,98,76,70,14,234.4,2730,10801,39,0,5.8,0.5;5.4;0.6;0.6;0.0;0.5;35.9;23.4;1.8;4.1;31.6;34.2;0.3;0.2;0.0;0.0;0.0;0.0;0.3;0.0;0.0;0.0;0.2;0.0,31.94,0.07,0.0,0.08,14.841,0.0,1269.0,1611.0,4,16,,,,,,,,,,,,,,,,,,,,,,,,,,,,,,,,,,,,,,,,,,,,,,,,,,,,,,,,,,,,,
68,31,,,,,,,98,79,69,19,235.2,2730,10801,39,0,5.2,0.2;5.0;1.4;0.2;0.0;0.0;34.7;27.5;1.7;2.9;25.1;26.7;0.0;0.0;0.0;0.0;0.0;0.0;0.0;0.0;0.0;0.0;0.0;0.0,31.94,0.07,0.0,0.07,14.841,0.0,1074.0,1611.0,4,16,,,,,,,,,,,,,,,,,,,,,,,,,,,,,,,,,,,,,,,,,,,,,,,,,,,,,,,,,,,,,
68,summary,0.3090047628205663,0.9931913614544527,0.28311118642489114,0.9998888888888889,0.00100000,319.7,,,,,,,,,,,,,,,,,,,,,,44,97.55,100,33,73.32,86,66,69.58,72,13,15.35,20,118.0,232.09,238.9,2730.5,10801.0,39.0,0,5.2,8.7,21.0,31.35,31.68,32.05,63.16,0.07,0.07,0.07,16.0,0.0,0.02,0.4,0.02,0.5,3.08,11.015,16.348,14.42,14.64,14.989,15.992,0.0,0.0,0.0,146.0,3274.13,40380.0,0.0,13517.19,303027.0,4,4.0,4,16,16.0,16,4,16,6.31,296.74
