epoch,sample_point,train_loss,train_acc,val_loss,val_acc,lr,epoch_time_s,cuda_util_pct,cuda_mem_util_pct,gpu_temp_c,gpu_temp_tlimit_c,gpu_power_w,gpu_clock_sm_mhz,gpu_clock_mem_mhz,gpu_fan_pct,gpu_throttled,cpu_pct,cpu_pct_per_core,ram_used_gb,swap_used_gb,disk_read_mb_s,disk_write_mb_s,nvsmi_vram_used_gb,vram_other_processes_gb,pcie_tx_kb_s,pcie_rx_kb_s,pcie_link_gen_current,pcie_link_width_current,cuda_util_pct_min,cuda_util_pct_avg,cuda_util_pct_max,cuda_mem_util_pct_min,cuda_mem_util_pct_avg,cuda_mem_util_pct_max,gpu_temp_c_min,gpu_temp_c_avg,gpu_temp_c_max,gpu_temp_tlimit_c_min,gpu_temp_tlimit_c_avg,gpu_temp_tlimit_c_max,gpu_power_w_min,gpu_power_w_avg,gpu_power_w_max,gpu_clock_sm_mhz_avg,gpu_clock_mem_mhz_avg,gpu_fan_pct_avg,gpu_throttled_any,cpu_pct_min,cpu_pct_avg,cpu_pct_max,ram_used_gb_min,ram_used_gb_avg,ram_used_gb_max,ram_total_gb,swap_used_gb_min,swap_used_gb_avg,swap_used_gb_max,swap_total_gb,disk_read_mb_s_min,disk_read_mb_s_avg,disk_read_mb_s_max,disk_write_mb_s_min,disk_write_mb_s_avg,disk_write_mb_s_max,vram_peak_alloc_gb,vram_peak_reserved_gb,nvsmi_vram_used_gb_min,nvsmi_vram_used_gb_avg,nvsmi_vram_used_gb_max,nvsmi_vram_total_gb,vram_other_processes_gb_min,vram_other_processes_gb_avg,vram_other_processes_gb_max,pcie_tx_kb_s_min,pcie_tx_kb_s_avg,pcie_tx_kb_s_max,pcie_rx_kb_s_min,pcie_rx_kb_s_avg,pcie_rx_kb_s_max,pcie_link_gen_current_min,pcie_link_gen_current_avg,pcie_link_gen_current_max,pcie_link_width_current_min,pcie_link_width_current_avg,pcie_link_width_current_max,pcie_link_gen_max,pcie_link_width_max,data_wait_s,compute_s
1,1,,,,,,,100,100,50,35,53.2,2760,10801,30,0,11.5,6.7;2.3;6.1;10.2;2.3;3.8;41.1;52.2;14.0;25.9;74.4;20.9;1.4;1.5;0.5;0.6;0.8;1.2;4.4;0.6;0.8;0.9;0.9;1.9,35.86,0.08,0.24,0.95,14.932,0.76,0.0,2148.0,4,16,,,,,,,,,,,,,,,,,,,,,,,,,,,,,,,,,,,,,,,,,,,,,,,,,,,,,,,,,,,,,
1,2,,,,,,,100,91,55,28,217.1,2745,10801,30,0,15.7,17.0;3.9;12.2;10.9;4.5;6.9;47.4;74.9;21.8;47.2;83.8;26.0;2.2;1.9;0.0;0.3;0.8;1.9;0.6;0.3;3.3;1.7;1.7;4.9,35.87,0.08,0.01,0.14,14.938,0.76,4492.0,98779.0,4,16,,,,,,,,,,,,,,,,,,,,,,,,,,,,,,,,,,,,,,,,,,,,,,,,,,,,,,,,,,,,,
1,3,,,,,,,96,89,58,27,218.7,2745,10801,30,0,14.0,11.4;1.1;8.4;6.4;3.4;3.1;56.4;65.3;21.2;50.1;91.6;8.9;1.7;0.8;0.0;0.3;0.8;0.3;0.3;0.0;0.8;0.0;0.3;2.8,35.87,0.08,0.0,0.03,14.938,0.76,23632.0,50585.0,4,16,,,,,,,,,,,,,,,,,,,,,,,,,,,,,,,,,,,,,,,,,,,,,,,,,,,,,,,,,,,,,
1,4,,,,,,,96,84,57,25,218.6,2745,10801,30,0,14.7,15.7;0.3;14.2;8.1;4.2;5.3;60.5;39.7;27.0;38.9;49.6;79.6;1.7;0.6;0.3;0.3;1.1;1.7;0.0;0.0;0.3;0.8;0.0;1.7,35.87,0.08,0.02,0.07,14.938,0.76,27441.0,11279.0,4,16,,,,,,,,,,,,,,,,,,,,,,,,,,,,,,,,,,,,,,,,,,,,,,,,,,,,,,,,,,,,,
1,5,,,,,,,56,37,57,27,210.4,2745,10801,30,0,15.9,15.5;4.6;14.2;9.3;5.7;6.8;60.8;65.5;34.7;34.7;88.6;15.0;3.6;2.7;0.3;0.8;2.2;2.5;1.1;1.1;2.2;3.0;2.7;3.5,35.96,0.08,0.0,0.05,14.941,0.759,41699.0,16113.0,4,16,,,,,,,,,,,,,,,,,,,,,,,,,,,,,,,,,,,,,,,,,,,,,,,,,,,,,,,,,,,,,
1,6,,,,,,,96,88,59,26,219.1,2745,10801,30,0,14.6,15.2;2.2;8.7;10.6;3.1;3.1;42.5;56.4;46.8;29.4;54.5;68.0;0.6;2.0;0.3;0.8;1.1;1.4;0.0;0.0;1.1;0.8;0.6;0.8,35.95,0.08,0.12,0.41,14.941,0.759,4199.0,414892.0,4,16,,,,,,,,,,,,,,,,,,,,,,,,,,,,,,,,,,,,,,,,,,,,,,,,,,,,,,,,,,,,,
1,7,,,,,,,100,100,59,25,220.3,2745,10801,30,0,15.1,15.3;2.0;5.6;9.6;2.8;4.8;49.9;74.6;44.5;28.5;83.8;25.8;1.1;1.7;0.6;0.3;2.5;2.0;0.0;0.3;1.4;1.7;2.0;0.8,35.95,0.08,0.01,0.05,14.941,0.759,36718.0,15234.0,4,16,,,,,,,,,,,,,,,,,,,,,,,,,,,,,,,,,,,,,,,,,,,,,,,,,,,,,,,,,,,,,
1,8,,,,,,,100,92,60,23,220.8,2745,10801,30,0,15.2,17.9;3.9;12.3;14.1;5.3;6.4;64.4;63.2;38.3;21.2;98.3;2.8;1.1;2.5;0.8;0.0;1.4;1.7;0.6;0.8;1.7;2.0;1.1;1.1,35.95,0.08,0.14,0.38,14.941,0.759,42578.0,12255.0,4,16,,,,,,,,,,,,,,,,,,,,,,,,,,,,,,,,,,,,,,,,,,,,,,,,,,,,,,,,,,,,,
1,9,,,,,,,89,3,58,26,210.9,2745,10801,30,0,13.8,11.3;0.8;8.5;10.7;1.9;2.5;70.2;34.9;40.7;18.4;75.5;53.7;0.6;0.6;0.0;0.0;0.0;0.3;0.0;0.0;0.6;0.0;0.0;0.0,35.95,0.08,0.01,0.14,14.945,0.759,29052.0,149853.0,4,16,,,,,,,,,,,,,,,,,,,,,,,,,,,,,,,,,,,,,,,,,,,,,,,,,,,,,,,,,,,,,
1,10,,,,,,,100,92,62,22,220.9,2745,10801,30,0,14.2,13.2;1.7;10.4;12.0;3.9;3.6;41.3;80.3;44.9;25.8;94.1;5.9;0.8;0.8;0.0;0.0;0.0;0.3;0.3;0.0;0.3;0.0;0.0;0.8,35.95,0.08,0.02,0.1,14.945,0.759,29980.0,11767.0,4,16,,,,,,,,,,,,,,,,,,,,,,,,,,,,,,,,,,,,,,,,,,,,,,,,,,,,,,,,,,,,,
1,11,,,,,,,97,91,63,23,221.1,2745,10801,30,0,11.1,11.4;0.8;5.0;5.6;2.5;1.4;53.2;47.5;14.8;22.9;97.8;2.0;0.0;0.3;0.0;0.0;0.3;0.0;0.3;0.0;0.0;0.0;0.0;1.1,35.94,0.08,0.08,0.31,14.945,0.759,38964.0,17480.0,4,16,,,,,,,,,,,,,,,,,,,,,,,,,,,,,,,,,,,,,,,,,,,,,,,,,,,,,,,,,,,,,
1,12,,,,,,,100,91,62,21,221.4,2745,10801,30,0,11.0,14.9;1.0;3.0;4.0;1.0;4.5;70.6;29.4;8.0;22.8;54.7;45.8;1.0;0.0;0.0;0.0;1.0;0.0;0.0;0.0;0.0;0.0;0.0;1.0,35.95,0.08,0.0,0.06,14.945,0.759,1757.0,2001.0,4,16,,,,,,,,,,,,,,,,,,,,,,,,,,,,,,,,,,,,,,,,,,,,,,,,,,,,,,,,,,,,,
1,summary,2.378762539246606,0.32294617563739375,0.5588466059457935,0.9541332956991144,0.00053000,113.8,,,,,,,,,,,,,,,,,,,,,,56,94.17,100,3,79.83,100,50,58.33,63,21,25.67,35,53.2,204.38,221.4,2746.2,10801.0,30.0,0,11.0,13.9,15.9,35.86,35.92,35.96,63.16,0.08,0.08,0.08,19.04,0.0,0.05,0.24,0.03,0.22,0.95,11.336,14.186,14.932,14.94,14.945,15.992,0.759,0.76,0.76,0.0,23376.0,42578.0,2001.0,66865.5,414892.0,4,4.0,4,16,16.0,16,4,16,97.76,11.48
2,1,,,,,,,39,42,54,30,110.8,2745,10801,30,0,58.0,78.8;85.1;89.6;90.1;83.3;87.8;93.1;97.9;85.3;90.5;95.8;83.9;42.7;72.2;10.8;10.2;44.2;50.4;5.4;5.7;27.1;27.5;17.6;15.5,36.16,0.08,0.03,0.15,14.945,0.759,41601.0,87109.0,4,16,,,,,,,,,,,,,,,,,,,,,,,,,,,,,,,,,,,,,,,,,,,,,,,,,,,,,,,,,,,,,
2,2,,,,,,,100,91,64,22,222.0,2745,10801,30,0,14.2,15.6;0.6;5.6;10.9;0.6;2.8;28.9;94.4;44.8;21.2;86.0;24.4;0.3;0.3;0.3;0.0;0.0;0.0;0.0;0.0;1.7;0.3;0.0;1.7,36.09,0.08,0.03,13.91,14.945,0.759,5664.0,19628.0,4,16,,,,,,,,,,,,,,,,,,,,,,,,,,,,,,,,,,,,,,,,,,,,,,,,,,,,,,,,,,,,,
2,3,,,,,,,100,98,63,22,222.2,2745,10801,30,0,14.4,15.6;1.4;12.9;4.7;3.0;5.2;51.1;71.6;40.2;23.7;83.5;26.2;1.4;0.0;0.3;0.0;0.3;0.8;0.0;0.0;0.8;0.3;1.1;2.5,36.07,0.08,0.01,3.95,14.945,0.759,31787.0,12011.0,4,16,,,,,,,,,,,,,,,,,,,,,,,,,,,,,,,,,,,,,,,,,,,,,,,,,,,,,,,,,,,,,
2,4,,,,,,,98,92,62,21,222.9,2745,10801,30,0,14.7,15.1;1.7;10.1;7.2;3.1;3.9;44.8;63.8;40.8;23.4;77.9;48.3;2.5;0.6;0.6;1.1;1.7;0.8;0.6;0.3;1.4;1.1;0.3;0.8,36.05,0.08,0.0,3.25,14.945,0.759,8544.0,12207.0,4,16,,,,,,,,,,,,,,,,,,,,,,,,,,,,,,,,,,,,,,,,,,,,,,,,,,,,,,,,,,,,,
2,5,,,,,,,96,91,63,20,222.9,2745,10801,31,0,14.2,16.2;1.7;9.8;7.0;4.2;2.5;59.2;64.9;49.6;19.6;94.7;5.9;1.7;1.1;0.0;0.0;0.8;0.0;0.0;0.0;0.3;0.3;0.0;0.6,36.03,0.08,0.04,3.29,14.945,0.759,10498.0,32812.0,4,16,,,,,,,,,,,,,,,,,,,,,,,,,,,,,,,,,,,,,,,,,,,,,,,,,,,,,,,,,,,,,
2,6,,,,,,,100,100,64,20,223.5,2745,10801,31,0,14.3,14.9;1.4;13.6;8.1;3.9;2.2;34.1;67.0;51.8;14.2;38.5;82.4;1.4;1.7;0.8;0.3;0.6;1.4;0.3;0.6;0.8;1.1;0.3;1.7,36.01,0.08,0.02,2.27,14.945,0.759,24902.0,23095.0,4,16,,,,,,,,,,,,,,,,,,,,,,,,,,,,,,,,,,,,,,,,,,,,,,,,,,,,,,,,,,,,,
2,7,,,,,,,96,94,62,21,222.8,2745,10801,31,0,14.0,12.0;0.8;9.8;6.8;3.8;2.2;50.7;73.1;54.8;16.2;94.2;6.0;1.4;1.1;0.0;0.0;0.8;0.5;0.0;0.3;1.6;0.3;0.0;0.0,36.01,0.08,0.02,2.07,14.945,0.759,4492.0,45849.0,4,16,,,,,,,,,,,,,,,,,,,,,,,,,,,,,,,,,,,,,,,,,,,,,,,,,,,,,,,,,,,,,
2,8,,,,,,,100,98,64,21,223.5,2745,10801,31,0,15.3,16.4;2.0;12.8;6.4;7.5;2.2;61.7;48.3;52.4;24.6;79.4;41.5;2.2;3.3;0.6;0.6;0.8;0.8;0.3;0.0;0.8;0.6;1.4;0.0,36.02,0.08,0.15,1.76,14.945,0.759,4101.0,99121.0,4,16,,,,,,,,,,,,,,,,,,,,,,,,,,,,,,,,,,,,,,,,,,,,,,,,,,,,,,,,,,,,,
2,9,,,,,,,96,84,65,20,223.9,2745,10801,32,0,13.8,11.7;0.6;9.8;3.9;2.2;2.5;59.3;71.8;36.2;31.0;89.1;9.5;1.1;0.6;0.0;0.0;0.0;0.0;0.3;0.0;0.6;0.0;0.0;0.6,35.99,0.08,0.09,4.11,14.945,0.759,26757.0,36816.0,4,16,,,,,,,,,,,,,,,,,,,,,,,,,,,,,,,,,,,,,,,,,,,,,,,,,,,,,,,,,,,,,
2,10,,,,,,,98,94,65,20,224.1,2745,10801,32,0,15.0,11.8;2.0;8.9;10.9;3.9;2.5;60.2;61.2;28.6;40.4;85.6;27.7;2.8;2.5;0.6;0.8;1.4;1.1;0.0;0.0;1.9;1.1;0.3;2.8,35.99,0.08,0.03,0.1,14.945,0.759,40966.0,9130.0,4,16,,,,,,,,,,,,,,,,,,,,,,,,,,,,,,,,,,,,,,,,,,,,,,,,,,,,,,,,,,,,,
2,11,,,,,,,99,93,64,19,223.9,2745,10801,32,0,11.9,14.7;1.1;6.1;3.9;1.9;3.0;39.8;66.6;18.6;14.4;33.8;75.3;0.3;0.0;0.0;0.0;0.0;0.6;4.2;0.6;0.3;0.0;0.0;0.6,35.77,0.09,0.05,1.72,14.945,0.759,13574.0,23828.0,4,16,,,,,,,,,,,,,,,,,,,,,,,,,,,,,,,,,,,,,,,,,,,,,,,,,,,,,,,,,,,,,
2,12,,,,,,,100,100,64,21,224.3,2745,10801,32,0,11.0,13.6;0.0;5.0;6.5;3.0;1.5;71.5;29.5;10.5;18.0;93.0;7.5;0.5;1.0;0.0;0.0;0.5;0.0;0.0;0.0;2.0;0.0;0.0;0.0,35.77,0.09,0.01,0.11,14.968,0.782,683.0,1953.0,4,16,,,,,,,,,,,,,,,,,,,,,,,,,,,,,,,,,,,,,,,,,,,,,,,,,,,,,,,,,,,,,
2,summary,0.5244303741309012,0.9544563085639572,0.42105558856433756,0.9795716755459902,0.00100000,64.2,,,,,,,,,,,,,,,,,,,,,,39,93.5,100,42,89.75,100,54,62.83,65,19,21.42,30,110.8,213.9,224.3,2745.0,10801.0,31.0,0,11.0,17.57,58.0,35.77,36.0,36.16,63.16,0.08,0.08,0.09,19.04,0.0,0.04,0.15,0.1,3.06,13.91,11.336,14.186,14.945,14.95,14.968,15.992,0.759,0.76,0.782,683.0,17797.42,41601.0,1953.0,33629.92,99121.0,4,4.0,4,16,16.0,16,4,16,48.66,10.98
3,1,,,,,,,7,0,57,27,147.0,2745,10801,33,0,57.5,78.4;80.9;87.8;90.9;84.1;91.5;97.6;96.3;83.5;92.7;97.9;85.8;41.9;59.2;9.1;8.5;36.5;47.3;6.4;5.5;28.0;31.0;19.8;19.3,35.95,0.09,0.03,0.07,14.954,0.768,24462.0,196337.0,4,16,,,,,,,,,,,,,,,,,,,,,,,,,,,,,,,,,,,,,,,,,,,,,,,,,,,,,,,,,,,,,
3,2,,,,,,,96,92,64,19,223.8,2745,10801,33,0,14.7,15.1;2.0;7.8;10.6;3.1;3.6;52.8;45.5;17.9;53.4;63.1;69.6;1.4;1.7;0.0;0.3;0.6;1.4;0.6;0.0;0.3;0.0;0.6;0.6,35.92,0.09,0.0,6.67,14.954,0.768,30468.0,88867.0,4,16,,,,,,,,,,,,,,,,,,,,,,,,,,,,,,,,,,,,,,,,,,,,,,,,,,,,,,,,,,,,,
3,3,,,,,,,100,100,64,19,224.0,2745,10801,33,0,14.9,16.4;1.4;8.7;14.0;3.6;5.6;47.5;59.9;15.6;58.5;63.6;46.6;2.0;2.5;1.4;1.7;1.1;1.4;0.8;0.3;0.6;1.1;0.0;1.7,35.89,0.09,0.03,5.53,14.954,0.768,21142.0,23046.0,4,16,,,,,,,,,,,,,,,,,,,,,,,,,,,,,,,,,,,,,,,,,,,,,,,,,,,,,,,,,,,,,
3,4,,,,,,,96,93,65,19,213.6,2745,10801,33,0,15.0,13.6;4.7;9.7;14.9;6.9;5.5;58.3;67.7;14.4;46.4;99.2;2.5;2.5;2.8;0.3;0.8;1.9;1.6;0.6;0.6;1.7;1.4;0.6;0.8,35.87,0.09,0.0,4.27,14.954,0.768,4687.0,34716.0,4,16,,,,,,,,,,,,,,,,,,,,,,,,,,,,,,,,,,,,,,,,,,,,,,,,,,,,,,,,,,,,,
3,5,,,,,,,100,92,64,20,225.2,2745,10801,33,0,15.0,19.9;2.8;7.3;9.7;3.9;5.6;21.8;79.2;13.1;56.4;71.0;60.9;0.8;0.8;0.0;0.3;0.6;1.4;0.0;0.0;0.8;1.1;0.8;1.7,35.84,0.09,0.03,4.21,14.954,0.768,20898.0,25000.0,4,16,,,,,,,,,,,,,,,,,,,,,,,,,,,,,,,,,,,,,,,,,,,,,,,,,,,,,,,,,,,,,
3,6,,,,,,,96,83,65,18,224.9,2745,10801,33,0,14.4,15.0;1.1;6.7;14.3;2.5;5.3;52.9;47.5;10.4;51.8;81.5;52.0;1.4;0.8;0.0;0.3;0.3;0.3;0.0;0.0;0.0;0.3;0.0;0.6,35.84,0.09,0.06,2.92,14.954,0.768,5175.0,31640.0,4,16,,,,,,,,,,,,,,,,,,,,,,,,,,,,,,,,,,,,,,,,,,,,,,,,,,,,,,,,,,,,,
3,7,,,,,,,97,93,65,16,224.4,2745,10801,33,0,15.2,16.1;3.1;8.3;9.7;2.5;7.8;64.5;37.0;17.5;57.2;63.1;60.6;2.2;3.6;0.8;0.6;0.8;0.8;0.8;0.6;1.4;1.4;0.8;2.8,35.81,0.09,0.06,2.32,14.954,0.768,4687.0,44970.0,4,16,,,,,,,,,,,,,,,,,,,,,,,,,,,,,,,,,,,,,,,,,,,,,,,,,,,,,,,,,,,,,
3,8,,,,,,,100,93,66,19,216.0,2745,10801,33,0,14.6,16.4;3.6;9.6;13.4;4.1;5.8;54.0;65.9;16.5;47.9;96.7;5.8;2.2;1.1;0.5;0.5;0.5;1.6;0.5;0.3;0.5;1.1;0.3;0.5,35.8,0.09,0.02,1.88,14.954,0.768,29541.0,63037.0,4,16,,,,,,,,,,,,,,,,,,,,,,,,,,,,,,,,,,,,,,,,,,,,,,,,,,,,,,,,,,,,,
3,9,,,,,,,96,91,66,16,224.5,2745,10801,34,0,14.5,16.3;1.7;9.8;6.7;7.5;5.3;51.8;65.4;24.8;45.9;81.6;24.1;0.0;0.6;0.3;0.0;1.1;1.1;0.0;0.0;0.3;0.3;0.0;1.7,35.79,0.09,0.04,1.55,14.954,0.768,38525.0,11914.0,4,16,,,,,,,,,,,,,,,,,,,,,,,,,,,,,,,,,,,,,,,,,,,,,,,,,,,,,,,,,,,,,
3,10,,,,,,,100,91,65,19,224.9,2745,10801,34,0,13.9,10.7;0.3;14.8;12.6;3.9;2.8;27.8;77.2;18.3;49.2;90.4;22.8;1.1;0.8;0.0;0.0;0.3;0.0;0.0;0.0;0.0;0.0;0.0;0.0,35.77,0.09,0.0,4.72,14.954,0.768,32861.0,23876.0,4,16,,,,,,,,,,,,,,,,,,,,,,,,,,,,,,,,,,,,,,,,,,,,,,,,,,,,,,,,,,,,,
3,11,,,,,,,96,84,66,19,225.0,2745,10801,34,0,12.4,15.6;0.6;9.7;6.4;2.8;2.5;90.2;9.5;24.5;14.0;56.8;49.3;3.1;1.7;0.6;0.6;2.2;1.4;1.4;0.8;0.6;1.1;1.4;1.7,35.79,0.09,0.19,1.04,14.954,0.768,5175.0,59912.0,4,16,,,,,,,,,,,,,,,,,,,,,,,,,,,,,,,,,,,,,,,,,,,,,,,,,,,,,,,,,,,,,
3,12,,,,,,,100,97,65,18,225.2,2745,10801,34,0,10.9,16.7;0.0;5.0;2.5;4.0;0.5;41.5;57.0;22.4;10.0;100.0;0.0;1.0;0.0;0.0;0.0;0.5;0.0;0.0;0.0;0.0;0.0;0.0;0.0,35.78,0.09,0.05,0.15,14.954,0.768,488.0,1367.0,4,16,,,,,,,,,,,,,,,,,,,,,,,,,,,,,,,,,,,,,,,,,,,,,,,,,,,,,,,,,,,,,
3,summary,0.450533740426143,0.9710612333841796,0.4080877253332341,0.9806301379529337,0.00099992,64.0,,,,,,,,,,,,,,,,,,,,,,7,90.33,100,0,84.08,100,57,64.33,66,16,19.08,27,147.0,216.54,225.2,2745.0,10801.0,33.3,0,10.9,17.75,57.5,35.77,35.84,35.95,63.16,0.09,0.09,0.09,19.04,0.0,0.04,0.19,0.07,2.94,6.67,11.336,14.186,14.954,14.95,14.954,15.992,0.768,0.77,0.768,488.0,18175.75,38525.0,1367.0,50390.17,196337.0,4,4.0,4,16,16.0,16,4,16,48.9,10.61
4,1,,,,,,,3,2,62,22,124.8,2745,10801,34,0,58.1,80.4;80.7;91.4;86.2;91.1;89.6;99.4;97.9;81.3;83.4;97.0;89.0;59.0;45.1;8.3;8.3;45.3;51.2;7.1;6.4;31.7;29.6;19.0;15.9,35.97,0.09,0.0,0.04,14.954,0.768,39794.0,51171.0,4,16,,,,,,,,,,,,,,,,,,,,,,,,,,,,,,,,,,,,,,,,,,,,,,,,,,,,,,,,,,,,,
4,2,,,,,,,100,100,65,19,224.7,2745,10801,34,0,14.2,11.4;2.2;13.2;8.0;4.7;2.5;55.0;61.4;50.8;24.0;81.2;18.5;1.7;0.8;0.3;1.1;0.8;1.1;0.0;0.0;0.6;0.6;0.6;0.0,35.94,0.09,0.02,5.02,14.954,0.768,24951.0,12939.0,4,16,,,,,,,,,,,,,,,,,,,,,,,,,,,,,,,,,,,,,,,,,,,,,,,,,,,,,,,,,,,,,
4,3,,,,,,,100,91,66,20,224.7,2745,10801,34,0,15.2,17.9;1.7;10.9;8.1;4.7;3.3;74.1;59.3;46.4;24.8;96.9;3.9;1.7;1.4;0.0;0.3;0.6;1.1;0.0;0.3;1.4;1.7;1.1;2.2,35.91,0.09,0.04,5.73,14.954,0.768,19433.0,11035.0,4,16,,,,,,,,,,,,,,,,,,,,,,,,,,,,,,,,,,,,,,,,,,,,,,,,,,,,,,,,,,,,,
4,4,,,,,,,96,92,67,18,224.6,2745,10801,34,0,14.5,13.5;1.1;14.6;7.0;3.6;2.2;42.3;75.8;44.7;14.9;90.2;28.9;1.7;1.1;0.3;0.3;0.0;1.1;0.0;0.6;0.3;1.4;1.4;0.8,35.88,0.09,0.0,4.53,14.954,0.768,33691.0,23876.0,4,16,,,,,,,,,,,,,,,,,,,,,,,,,,,,,,,,,,,,,,,,,,,,,,,,,,,,,,,,,,,,,
4,5,,,,,,,100,96,67,18,225.1,2745,10801,34,0,14.8,15.6;3.1;11.5;5.3;4.2;2.0;65.3;42.2;52.0;21.8;70.9;52.9;1.4;1.1;0.3;0.0;0.6;1.4;0.6;0.8;0.6;0.6;0.6;1.4,35.86,0.09,0.03,3.88,14.954,0.768,22265.0,19238.0,4,16,,,,,,,,,,,,,,,,,,,,,,,,,,,,,,,,,,,,,,,,,,,,,,,,,,,,,,,,,,,,,
4,6,,,,,,,96,93,67,18,224.6,2745,10801,34,0,14.5,14.4;1.4;11.8;9.3;3.6;4.4;61.4;39.6;49.6;30.1;84.4;30.1;0.3;0.0;1.1;0.8;0.8;0.8;0.3;0.5;1.4;0.5;0.5;1.1,35.86,0.09,0.04,2.96,14.954,0.768,4443.0,23925.0,4,16,,,,,,,,,,,,,,,,,,,,,,,,,,,,,,,,,,,,,,,,,,,,,,,,,,,,,,,,,,,,,
4,7,,,,,,,100,100,66,18,225.6,2745,10801,34,0,14.9,16.7;2.5;10.9;10.1;3.7;3.1;58.7;68.4;54.1;14.8;96.1;5.3;1.7;1.4;0.6;0.8;1.4;0.8;0.6;0.6;0.8;1.7;1.7;2.0,35.83,0.09,0.0,2.91,14.954,0.768,25781.0,11181.0,4,16,,,,,,,,,,,,,,,,,,,,,,,,,,,,,,,,,,,,,,,,,,,,,,,,,,,,,,,,,,,,,
4,8,,,,,,,100,93,67,18,225.3,2745,10801,34,0,14.3,12.7;1.1;7.0;8.0;3.9;2.5;51.5;67.8;44.3;27.4;90.5;21.4;1.1;1.1;0.3;0.0;0.3;0.3;0.0;0.0;0.3;0.6;0.6;1.1,35.81,0.09,0.01,2.03,14.954,0.768,28369.0,11376.0,4,16,,,,,,,,,,,,,,,,,,,,,,,,,,,,,,,,,,,,,,,,,,,,,,,,,,,,,,,,,,,,,
4,9,,,,,,,96,92,68,17,225.5,2745,10801,34,0,13.8,15.1;1.4;12.6;8.4;3.1;3.1;48.9;62.3;53.5;21.4;95.3;4.5;0.3;0.0;0.0;0.0;0.0;0.6;0.0;0.0;0.0;0.0;0.3;0.6,35.82,0.09,0.03,1.56,14.954,0.768,4736.0,18847.0,4,16,,,,,,,,,,,,,,,,,,,,,,,,,,,,,,,,,,,,,,,,,,,,,,,,,,,,,,,,,,,,,
4,10,,,,,,,100,91,66,17,225.8,2745,10801,34,0,15.2,20.2;3.3;14.8;12.9;3.9;5.2;66.3;58.0;41.6;23.4;99.7;1.9;2.2;3.3;0.0;0.3;0.8;1.4;0.0;0.5;0.6;0.8;1.4;2.5,35.8,0.09,0.01,1.45,14.954,0.768,52294.0,11621.0,4,16,,,,,,,,,,,,,,,,,,,,,,,,,,,,,,,,,,,,,,,,,,,,,,,,,,,,,,,,,,,,,
4,11,,,,,,,97,94,69,18,225.3,2745,10801,35,0,12.0,13.1;2.2;5.6;6.2;2.0;3.4;71.3;37.9;12.4;21.0;98.0;3.6;2.0;2.0;0.0;0.0;0.3;0.8;0.6;0.3;1.1;0.0;0.6;2.0,35.79,0.09,0.02,3.85,14.954,0.768,21826.0,12109.0,4,16,,,,,,,,,,,,,,,,,,,,,,,,,,,,,,,,,,,,,,,,,,,,,,,,,,,,,,,,,,,,,
4,12,,,,,,,100,91,66,18,225.6,2745,10801,34,0,11.3,14.9;2.0;3.4;5.0;3.5;3.0;14.9;85.6;6.9;22.2;67.5;33.7;0.5;1.0;0.0;0.5;1.0;1.0;0.0;0.0;1.5;1.0;0.0;2.0,35.78,0.09,0.0,0.05,14.954,0.768,439.0,2050.0,4,16,,,,,,,,,,,,,,,,,,,,,,,,,,,,,,,,,,,,,,,,,,,,,,,,,,,,,,,,,,,,,
4,summary,0.4304152761717549,0.9767207296952339,0.40665303804465347,0.9817944466005716,0.00099972,64.1,,,,,,,,,,,,,,,,,,,,,,3,90.67,100,2,86.25,100,62,66.33,69,17,18.42,22,124.8,216.8,225.8,2745.0,10801.0,34.1,0,11.3,17.73,58.1,35.78,35.85,35.97,63.16,0.09,0.09,0.09,19.04,0.0,0.02,0.04,0.04,2.83,5.73,11.335,14.186,14.954,14.95,14.954,15.992,0.768,0.77,0.768,439.0,23168.5,52294.0,2050.0,17447.33,51171.0,4,4.0,4,16,16.0,16,4,16,48.77,10.8
5,1,,,,,,,5,0,59,26,152.7,2745,10801,35,0,59.8,82.8;82.1;86.9;91.8;84.1;89.0;95.5;98.5;80.1;80.7;93.9;76.5;47.6;56.9;16.4;13.8;45.4;50.0;14.0;14.6;40.7;43.9;29.3;20.7,35.96,0.09,0.01,0.47,14.954,0.768,7421.0,202294.0,4,16,,,,,,,,,,,,,,,,,,,,,,,,,,,,,,,,,,,,,,,,,,,,,,,,,,,,,,,,,,,,,
5,2,,,,,,,100,98,66,19,224.6,2730,10801,35,0,14.5,15.0;1.4;10.4;8.1;2.8;3.9;72.5;44.4;35.0;19.4;78.5;49.7;2.0;2.0;0.3;0.3;0.3;0.3;0.3;0.0;0.3;0.0;0.6;0.3,35.92,0.09,0.02,8.01,14.954,0.768,14550.0,19091.0,4,16,,,,,,,,,,,,,,,,,,,,,,,,,,,,,,,,,,,,,,,,,,,,,,,,,,,,,,,,,,,,,
5,3,,,,,,,96,92,68,19,224.7,2730,10801,35,0,14.3,16.0;1.9;13.2;9.9;5.0;3.9;34.4;70.3;46.0;23.1;54.7;57.3;1.7;2.2;0.0;0.0;0.6;0.0;0.0;0.3;0.3;0.3;0.6;2.2,35.91,0.09,0.02,4.89,14.954,0.768,31933.0,12207.0,4,16,,,,,,,,,,,,,,,,,,,,,,,,,,,,,,,,,,,,,,,,,,,,,,,,,,,,,,,,,,,,,
5,4,,,,,,,100,100,66,17,224.3,2730,10801,35,0,14.7,15.7;2.8;11.2;6.7;2.8;3.1;53.1;48.0;37.3;17.0;77.7;66.1;1.4;1.4;0.3;0.6;0.8;1.9;0.6;0.3;1.4;0.3;0.8;1.9,35.88,0.09,0.02,4.01,14.954,0.768,21435.0,11914.0,4,16,,,,,,,,,,,,,,,,,,,,,,,,,,,,,,,,,,,,,,,,,,,,,,,,,,,,,,,,,,,,,
5,5,,,,,,,100,100,67,17,224.7,2730,10801,35,0,14.3,15.6;1.7;10.9;7.2;3.6;2.0;72.1;30.7;43.1;29.3;66.6;52.8;1.9;0.8;0.0;0.3;1.7;2.0;0.0;0.0;0.0;0.0;0.3;0.3,35.87,0.09,0.0,3.25,14.954,0.768,33544.0,19580.0,4,16,,,,,,,,,,,,,,,,,,,,,,,,,,,,,,,,,,,,,,,,,,,,,,,,,,,,,,,,,,,,,
5,6,,,,,,,100,91,68,18,224.6,2730,10801,35,0,15.0,13.3;2.2;13.1;5.6;3.9;2.5;69.8;72.5;36.0;30.0;97.8;3.4;3.1;0.8;0.0;0.3;0.8;0.6;0.0;0.0;1.4;1.4;1.1;1.7,35.84,0.09,0.03,3.33,14.954,0.768,36230.0,31835.0,4,16,,,,,,,,,,,,,,,,,,,,,,,,,,,,,,,,,,,,,,,,,,,,,,,,,,,,,,,,,,,,,
5,7,,,,,,,96,92,66,17,224.9,2730,10801,35,0,13.9,12.4;1.1;11.5;3.3;4.4;1.4;48.6;69.0;23.0;47.0;79.2;25.5;1.6;0.8;0.3;0.0;0.8;0.0;0.0;0.0;0.3;1.1;0.3;0.8,35.83,0.09,0.0,2.15,14.954,0.768,4443.0,320898.0,4,16,,,,,,,,,,,,,,,,,,,,,,,,,,,,,,,,,,,,,,,,,,,,,,,,,,,,,,,,,,,,,
5,8,,,,,,,100,92,68,18,224.7,2730,10801,35,0,15.6,16.6;4.2;12.6;8.1;7.0;3.9;70.6;58.3;29.6;47.3;98.6;1.7;2.5;2.2;1.4;0.8;1.1;0.6;0.8;0.3;1.4;2.5;1.4;1.7,35.83,0.09,0.01,1.68,14.954,0.768,19970.0,62158.0,4,16,,,,,,,,,,,,,,,,,,,,,,,,,,,,,,,,,,,,,,,,,,,,,,,,,,,,,,,,,,,,,
5,9,,,,,,,96,94,66,18,224.1,2730,10801,35,0,14.3,15.7;1.7;10.4;6.7;3.4;2.0;67.7;68.5;18.0;40.4;95.0;5.3;2.0;0.8;0.0;0.0;0.0;1.1;0.0;0.3;1.1;2.0;0.6;1.1,35.8,0.09,0.08,1.62,14.954,0.768,24707.0,35644.0,4,16,,,,,,,,,,,,,,,,,,,,,,,,,,,,,,,,,,,,,,,,,,,,,,,,,,,,,,,,,,,,,
5,10,,,,,,,100,100,66,18,225.4,2730,10801,35,0,15.2,17.9;2.2;13.3;8.6;4.7;4.2;56.8;68.5;24.2;52.2;79.9;18.6;1.7;1.4;0.6;0.3;1.4;0.8;0.0;0.6;1.4;0.6;0.3;3.8,35.78,0.09,0.01,4.57,14.954,0.768,43896.0,9716.0,4,16,,,,,,,,,,,,,,,,,,,,,,,,,,,,,,,,,,,,,,,,,,,,,,,,,,,,,,,,,,,,,
5,11,,,,,,,97,91,66,19,224.5,2730,10801,35,0,11.1,15.3;1.4;4.1;5.2;2.2;1.1;78.6;26.9;22.3;4.7;62.9;36.2;0.8;0.8;0.0;0.3;0.8;0.0;0.0;0.0;0.8;0.3;0.5;0.8,35.78,0.09,0.02,0.08,14.954,0.768,36865.0,21386.0,4,16,,,,,,,,,,,,,,,,,,,,,,,,,,,,,,,,,,,,,,,,,,,,,,,,,,,,,,,,,,,,,
5,12,,,,,,,100,90,68,18,224.5,2730,10801,35,0,11.6,12.1;0.5;5.0;7.6;2.0;1.5;71.4;30.8;19.0;11.1;45.2;58.6;1.5;2.5;1.0;0.5;1.0;0.5;0.0;0.0;2.5;0.5;0.5;2.5,35.78,0.09,0.02,0.16,14.954,0.768,488.0,0.0,4,16,,,,,,,,,,,,,,,,,,,,,,,,,,,,,,,,,,,,,,,,,,,,,,,,,,,,,,,,,,,,,
5,summary,0.41976023615788943,0.9793979391713102,0.39786704137852463,0.9840877818156158,0.00099939,64.2,,,,,,,,,,,,,,,,,,,,,,5,90.83,100,0,86.67,100,59,66.17,68,17,18.67,26,152.7,218.64,225.4,2731.2,10801.0,35.0,0,11.1,17.86,59.8,35.78,35.85,35.96,63.16,0.09,0.09,0.09,19.04,0.0,0.02,0.08,0.08,2.85,8.01,11.334,14.186,14.954,14.95,14.954,15.992,0.768,0.77,0.768,488.0,22956.83,43896.0,0.0,62226.92,320898.0,4,4.0,4,16,16.0,16,4,16,48.85,10.79
6,1,,,,,,,0,0,59,25,134.3,2745,10801,35,0,58.1,81.4;80.1;93.9;89.3;92.1;84.8;98.2;98.8;85.4;87.8;96.0;85.9;52.1;56.1;8.9;10.1;45.6;52.0;7.6;7.3;25.2;29.0;13.1;13.4,36.05,0.09,0.02,0.07,14.954,0.768,3369.0,199023.0,4,16,,,,,,,,,,,,,,,,,,,,,,,,,,,,,,,,,,,,,,,,,,,,,,,,,,,,,,,,,,,,,
6,2,,,,,,,100,100,66,18,225.1,2745,10801,35,0,15.2,15.4;1.4;11.4;13.7;3.3;5.9;28.5;84.4;22.8;48.8;87.5;31.2;2.0;1.7;0.3;0.3;1.1;0.6;0.3;0.0;0.8;1.1;0.8;1.4,35.92,0.09,0.02,6.7,14.954,0.768,42285.0,236083.0,4,16,,,,,,,,,,,,,,,,,,,,,,,,,,,,,,,,,,,,,,,,,,,,,,,,,,,,,,,,,,,,,
6,3,,,,,,,100,92,67,18,224.8,2745,10801,35,0,14.7,15.3;2.8;8.4;9.5;2.8;3.1;36.8;75.6;20.7;55.6;82.1;28.9;1.7;1.4;0.0;0.6;0.8;0.3;0.3;0.0;0.8;0.6;1.4;2.8,35.9,0.09,0.03,5.49,14.954,0.768,19873.0,11328.0,4,16,,,,,,,,,,,,,,,,,,,,,,,,,,,,,,,,,,,,,,,,,,,,,,,,,,,,,,,,,,,,,
6,4,,,,,,,89,3,63,19,214.3,2745,10801,35,0,14.6,17.9;1.7;8.0;10.2;1.9;2.7;63.7;64.0;17.1;47.5;87.1;20.7;1.4;1.1;0.3;0.8;0.6;0.6;0.3;0.0;0.0;0.6;0.3;1.6,35.87,0.09,0.05,5.29,14.954,0.768,53369.0,38378.0,4,16,,,,,,,,,,,,,,,,,,,,,,,,,,,,,,,,,,,,,,,,,,,,,,,,,,,,,,,,,,,,,
6,5,,,,,,,100,92,68,18,224.2,2745,10801,35,0,15.0,18.3;2.8;14.5;15.4;3.1;5.3;57.7;62.2;21.3;42.3;91.7;13.9;1.4;1.1;0.3;0.3;1.4;1.1;0.0;0.6;0.3;1.4;1.1;1.9,35.86,0.09,0.0,3.29,14.954,0.768,13916.0,11230.0,4,16,,,,,,,,,,,,,,,,,,,,,,,,,,,,,,,,,,,,,,,,,,,,,,,,,,,,,,,,,,,,,
6,6,,,,,,,96,92,67,18,223.5,2745,10801,35,0,14.2,13.4;1.1;5.3;6.4;3.9;3.4;65.9;65.3;14.0;53.8;96.4;4.2;0.6;1.1;0.0;0.0;0.8;1.7;0.8;0.0;1.7;0.0;0.6;0.3,35.84,0.09,0.04,2.85,14.954,0.768,5419.0,38964.0,4,16,,,,,,,,,,,,,,,,,,,,,,,,,,,,,,,,,,,,,,,,,,,,,,,,,,,,,,,,,,,,,
6,7,,,,,,,68,62,66,24,221.8,2745,10801,35,0,14.1,14.4;2.1;7.1;12.6;1.8;3.4;38.7;68.2;16.8;51.8;73.0;38.2;1.3;2.1;0.5;0.8;1.1;0.0;1.1;0.3;0.8;1.1;1.0;0.0,35.85,0.09,0.04,2.3,14.954,0.768,976.0,2050.0,4,16,,,,,,,,,,,,,,,,,,,,,,,,,,,,,,,,,,,,,,,,,,,,,,,,,,,,,,,,,,,,,
6,8,,,,,,,96,93,65,18,223.8,2730,10801,35,0,13.8,14.7;1.9;9.6;10.2;5.2;7.7;48.4;65.8;25.6;41.1;84.8;12.9;1.4;0.8;0.0;0.0;0.3;0.6;0.0;0.0;0.0;0.0;0.0;0.0,35.83,0.09,0.01,1.7,14.954,0.768,4492.0,22900.0,4,16,,,,,,,,,,,,,,,,,,,,,,,,,,,,,,,,,,,,,,,,,,,,,,,,,,,,,,,,,,,,,
6,9,,,,,,,98,92,65,18,224.6,2730,10801,35,0,14.5,11.5;2.5;9.5;7.3;2.8;3.9;76.2;48.5;35.5;40.1;96.1;5.6;1.4;0.3;0.3;0.3;0.8;2.0;0.0;0.0;0.8;0.0;1.1;1.4,35.82,0.09,0.05,1.6,14.954,0.768,27490.0,21337.0,4,16,,,,,,,,,,,,,,,,,,,,,,,,,,,,,,,,,,,,,,,,,,,,,,,,,,,,,,,,,,,,,
6,10,,,,,,,97,92,66,19,224.3,2730,10801,35,0,14.8,16.6;2.2;12.6;5.9;6.7;3.6;39.1;69.2;32.5;24.1;64.4;67.3;2.0;1.7;0.0;0.6;1.4;0.3;0.0;0.6;0.8;2.2;0.8;1.1,35.79,0.09,0.05,4.79,14.954,0.768,5566.0,36865.0,4,16,,,,,,,,,,,,,,,,,,,,,,,,,,,,,,,,,,,,,,,,,,,,,,,,,,,,,,,,,,,,,
6,11,,,,,,,100,100,67,18,224.7,2730,10801,35,0,11.3,13.6;0.6;8.4;5.9;2.8;1.4;36.0;64.4;19.0;9.5;66.6;36.4;0.6;0.6;0.0;0.0;1.1;0.3;0.6;0.3;0.8;0.0;0.3;2.2,35.78,0.09,0.0,0.06,14.954,0.768,23876.0,11962.0,4,16,,,,,,,,,,,,,,,,,,,,,,,,,,,,,,,,,,,,,,,,,,,,,,,,,,,,,,,,,,,,,
6,12,,,,,,,96,83,66,17,224.2,2730,10801,35,0,10.7,8.6;0.5;5.5;1.0;4.0;1.0;83.6;16.4;21.3;10.4;89.1;11.9;0.0;0.5;0.0;0.0;1.0;0.0;0.0;0.0;0.0;0.0;0.0;2.0,35.78,0.09,0.0,0.05,14.954,0.768,244.0,2050.0,4,16,,,,,,,,,,,,,,,,,,,,,,,,,,,,,,,,,,,,,,,,,,,,,,,,,,,,,,,,,,,,,
6,summary,0.41420395330248216,0.9806991874980544,0.3993436667595132,0.9839113714144586,0.00099894,64.4,,,,,,,,,,,,,,,,,,,,,,0,86.67,100,0,75.08,100,59,65.42,68,17,19.17,25,134.3,215.8,225.1,2738.8,10801.0,35.0,0,10.7,17.58,58.1,35.78,35.86,36.05,63.16,0.09,0.09,0.09,19.04,0.0,0.03,0.05,0.05,2.85,6.7,11.333,14.186,14.954,14.95,14.954,15.992,0.768,0.77,0.768,244.0,16739.58,53369.0,2050.0,52680.83,236083.0,4,4.0,4,16,16.0,16,4,16,49.19,10.63
7,1,,,,,,,0,0,59,26,136.2,2745,10801,35,0,58.8,82.3;85.6;90.2;92.6;88.6;90.4;97.8;97.2;80.2;89.8;97.8;76.0;50.0;57.1;11.4;12.0;40.7;46.3;10.8;9.0;33.0;32.1;20.7;17.8,35.99,0.09,0.07,1.84,14.954,0.768,67089.0,79736.0,4,16,,,,,,,,,,,,,,,,,,,,,,,,,,,,,,,,,,,,,,,,,,,,,,,,,,,,,,,,,,,,,
7,2,,,,,,,96,84,66,17,223.7,2730,10801,35,0,14.5,15.7;1.1;12.3;10.2;3.6;3.0;76.4;42.6;52.1;18.7;98.6;2.8;1.4;0.8;0.6;0.3;1.6;1.4;0.3;0.5;1.4;0.8;0.0;0.0,35.91,0.09,0.02,5.22,14.954,0.768,7714.0,36621.0,4,16,,,,,,,,,,,,,,,,,,,,,,,,,,,,,,,,,,,,,,,,,,,,,,,,,,,,,,,,,,,,,
7,3,,,,,,,99,100,66,18,224.6,2730,10801,35,0,14.3,15.2;1.4;12.0;5.0;5.0;2.0;89.6;24.1;51.0;22.1;53.9;57.0;1.4;0.3;0.3;0.0;0.3;0.3;0.6;0.6;0.0;0.6;0.0;0.8,35.89,0.09,0.01,4.38,14.954,0.768,36328.0,11230.0,4,16,,,,,,,,,,,,,,,,,,,,,,,,,,,,,,,,,,,,,,,,,,,,,,,,,,,,,,,,,,,,,
7,4,,,,,,,100,98,67,18,224.3,2730,10801,35,0,14.0,16.9;0.3;14.4;2.8;3.6;1.4;40.2;83.0;54.7;14.4;100.0;0.8;0.8;0.0;0.0;0.0;0.3;0.0;0.0;0.0;0.0;0.0;0.3;0.8,35.87,0.09,0.01,3.56,14.954,0.768,30224.0,40771.0,4,16,,,,,,,,,,,,,,,,,,,,,,,,,,,,,,,,,,,,,,,,,,,,,,,,,,,,,,,,,,,,,
7,5,,,,,,,97,85,66,18,223.5,2730,10801,35,0,14.5,15.1;2.2;14.4;3.6;3.1;3.1;59.5;72.1;50.7;16.2;92.2;7.5;1.4;1.1;0.6;0.6;0.0;0.3;0.6;0.0;0.8;0.6;0.3;1.9,35.85,0.09,0.02,2.94,14.954,0.768,77294.0,45996.0,4,16,,,,,,,,,,,,,,,,,,,,,,,,,,,,,,,,,,,,,,,,,,,,,,,,,,,,,,,,,,,,,
7,6,,,,,,,100,91,66,17,224.8,2730,10801,35,0,14.2,15.4;1.4;14.8;7.4;5.5;3.6;48.2;60.4;43.3;13.7;61.5;58.0;2.5;0.8;0.0;0.3;0.5;0.5;0.3;0.0;1.1;0.5;0.5;0.0,35.83,0.09,0.02,2.21,14.954,0.768,8007.0,176904.0,4,16,,,,,,,,,,,,,,,,,,,,,,,,,,,,,,,,,,,,,,,,,,,,,,,,,,,,,,,,,,,,,
7,7,,,,,,,96,92,67,18,224.1,2730,10801,35,0,14.4,13.8;2.2;14.3;10.3;2.2;3.6;76.5;41.2;49.0;14.0;74.5;34.2;1.4;1.1;0.3;0.6;1.4;1.1;0.0;0.0;1.1;0.8;0.0;1.4,35.83,0.09,0.04,2.15,14.954,0.768,6298.0,38720.0,4,16,,,,,,,,,,,,,,,,,,,,,,,,,,,,,,,,,,,,,,,,,,,,,,,,,,,,,,,,,,,,,
7,8,,,,,,,99,99,66,18,224.5,2730,10801,35,0,14.3,15.8;0.8;9.7;7.8;2.2;2.8;78.8;54.6;44.7;20.9;94.5;5.3;0.0;1.1;0.6;0.0;0.6;0.8;0.0;0.0;0.0;0.3;0.0;1.7,35.81,0.09,0.0,1.48,14.954,0.768,4248.0,130224.0,4,16,,,,,,,,,,,,,,,,,,,,,,,,,,,,,,,,,,,,,,,,,,,,,,,,,,,,,,,,,,,,,
7,9,,,,,,,100,92,66,17,224.7,2730,10801,35,0,13.8,9.7;1.1;8.1;7.0;1.7;3.7;58.7;65.5;41.9;23.5;86.5;19.9;0.3;0.6;0.0;0.0;0.6;0.6;0.0;0.0;0.3;0.3;0.0;0.6,35.81,0.09,0.02,1.52,14.954,0.768,13232.0,10498.0,4,16,,,,,,,,,,,,,,,,,,,,,,,,,,,,,,,,,,,,,,,,,,,,,,,,,,,,,,,,,,,,,
7,10,,,,,,,100,91,65,17,224.9,2730,10801,35,0,14.1,14.0;3.0;5.8;9.1;0.8;1.9;47.3;84.3;32.8;22.7;86.2;22.8;0.6;0.8;0.3;0.0;0.8;0.0;1.6;1.1;0.3;0.3;0.5;1.6,35.78,0.09,0.03,3.85,14.954,0.768,46142.0,85839.0,4,16,,,,,,,,,,,,,,,,,,,,,,,,,,,,,,,,,,,,,,,,,,,,,,,,,,,,,,,,,,,,,
7,11,,,,,,,96,83,67,17,224.1,2730,10801,35,0,11.6,13.0;1.1;3.4;8.4;2.8;2.5;14.2;93.3;7.3;23.7;98.1;3.9;0.6;0.8;0.0;0.0;0.3;0.6;0.0;0.0;1.1;0.0;0.0;3.3,35.78,0.09,0.0,0.05,14.954,0.768,32226.0,12207.0,4,16,,,,,,,,,,,,,,,,,,,,,,,,,,,,,,,,,,,,,,,,,,,,,,,,,,,,,,,,,,,,,
7,12,,,,,,,100,98,66,19,224.9,2730,10801,35,0,12.2,16.7;1.0;6.0;5.0;2.5;5.0;63.5;40.8;14.0;26.9;99.5;1.5;0.5;2.5;0.0;0.5;1.5;0.5;1.0;0.5;0.0;0.5;0.0;2.0,35.78,0.09,0.04,0.17,14.954,0.768,439.0,1953.0,4,16,,,,,,,,,,,,,,,,,,,,,,,,,,,,,,,,,,,,,,,,,,,,,,,,,,,,,,,,,,,,,
7,summary,0.40680619353646563,0.9824113563490334,0.3959722773675394,0.985110962142328,0.00099836,64.2,,,,,,,,,,,,,,,,,,,,,,0,90.25,100,0,84.42,100,59,65.58,67,17,18.33,26,136.2,217.03,224.9,2731.2,10801.0,35.0,0,11.6,17.56,58.8,35.78,35.84,35.99,63.16,0.09,0.09,0.09,19.04,0.0,0.02,0.07,0.05,2.45,5.22,11.336,14.186,14.954,14.95,14.954,15.992,0.768,0.77,0.768,439.0,27436.75,77294.0,1953.0,55891.58,176904.0,4,4.0,4,16,16.0,16,4,16,48.95,10.7
8,1,,,,,,,0,0,58,25,125.7,2745,10801,35,0,59.2,82.7;86.3;94.2;93.6;87.2;87.2;95.7;98.8;82.0;86.4;97.6;85.7;46.6;60.8;9.4;12.2;39.8;48.6;10.9;10.1;29.6;36.4;21.1;17.6,35.94,0.09,0.01,2.07,14.954,0.768,3320.0,206494.0,4,16,,,,,,,,,,,,,,,,,,,,,,,,,,,,,,,,,,,,,,,,,,,,,,,,,,,,,,,,,,,,,
8,2,,,,,,,96,93,67,18,223.9,2730,10801,35,0,14.6,14.2;1.7;7.3;9.6;3.4;4.5;59.4;64.9;16.3;48.6;78.4;31.2;2.0;1.7;0.6;0.6;0.6;0.3;0.6;0.6;0.6;0.3;0.3;1.9,35.91,0.09,0.02,6.36,14.954,0.768,39208.0,12304.0,4,16,,,,,,,,,,,,,,,,,,,,,,,,,,,,,,,,,,,,,,,,,,,,,,,,,,,,,,,,,,,,,
8,3,,,,,,,98,91,65,17,215.3,2730,10801,35,0,15.0,16.2;3.0;8.0;11.0;5.2;3.3;66.9;43.8;31.9;42.9;75.3;37.6;3.6;3.3;0.6;0.0;1.9;1.1;0.0;0.0;0.6;0.3;1.1;3.3,35.89,0.09,0.01,5.01,14.954,0.768,27636.0,42724.0,4,16,,,,,,,,,,,,,,,,,,,,,,,,,,,,,,,,,,,,,,,,,,,,,,,,,,,,,,,,,,,,,
8,4,,,,,,,96,91,66,18,223.9,2730,10801,35,0,14.3,13.9;1.4;10.0;5.6;3.4;3.6;49.2;59.1;27.7;38.8;74.4;50.8;2.2;1.1;0.3;0.0;0.8;0.0;0.0;0.0;0.3;0.0;0.0;1.1,35.88,0.09,0.05,4.32,14.954,0.768,12207.0,12060.0,4,16,,,,,,,,,,,,,,,,,,,,,,,,,,,,,,,,,,,,,,,,,,,,,,,,,,,,,,,,,,,,,
8,5,,,,,,,100,100,68,19,225.0,2730,10801,35,0,14.4,13.3;0.8;13.6;5.8;3.6;1.9;43.1;57.9;24.5;36.9;50.3;88.4;1.7;1.1;0.0;0.3;0.6;0.3;0.6;0.0;0.0;0.0;0.6;0.0,35.86,0.09,0.01,3.28,14.954,0.768,4150.0,109912.0,4,16,,,,,,,,,,,,,,,,,,,,,,,,,,,,,,,,,,,,,,,,,,,,,,,,,,,,,,,,,,,,,
8,6,,,,,,,100,94,67,18,224.3,2730,10801,36,0,14.5,14.0;2.2;10.1;8.4;3.6;3.1;57.4;61.5;32.6;38.0;93.6;12.9;1.7;1.4;0.6;0.6;0.3;0.8;1.1;0.3;0.6;0.6;0.3;1.7,35.85,0.09,0.0,2.75,14.954,0.768,8105.0,11376.0,4,16,,,,,,,,,,,,,,,,,,,,,,,,,,,,,,,,,,,,,,,,,,,,,,,,,,,,,,,,,,,,,
8,7,,,,,,,100,91,66,19,215.0,2730,10801,36,0,14.5,15.4;3.3;17.5;13.5;4.7;2.5;85.1;37.2;15.4;46.0;83.0;17.1;1.1;0.6;0.0;0.0;0.8;0.6;0.0;0.0;1.6;0.6;1.1;1.1,35.82,0.09,0.04,2.26,14.954,0.768,22558.0,38867.0,4,16,,,,,,,,,,,,,,,,,,,,,,,,,,,,,,,,,,,,,,,,,,,,,,,,,,,,,,,,,,,,,
8,8,,,,,,,96,89,67,17,223.1,2730,10801,36,0,14.3,13.9;1.7;9.5;7.8;2.5;2.0;36.9;78.6;13.4;47.9;68.7;51.5;1.9;1.1;0.6;0.3;0.3;0.6;0.8;0.3;0.6;0.6;0.3;1.1,35.81,0.09,0.0,2.19,14.954,0.768,21044.0,132666.0,4,16,,,,,,,,,,,,,,,,,,,,,,,,,,,,,,,,,,,,,,,,,,,,,,,,,,,,,,,,,,,,,
8,9,,,,,,,100,100,67,16,224.3,2730,10801,35,0,14.3,15.8;1.7;10.3;5.0;3.9;3.3;34.1;78.3;19.8;45.8;82.2;36.0;0.8;1.1;0.3;0.6;1.1;0.6;0.0;0.0;0.6;0.3;0.0;1.1,35.8,0.09,0.01,1.52,14.954,0.768,41845.0,10644.0,4,16,,,,,,,,,,,,,,,,,,,,,,,,,,,,,,,,,,,,,,,,,,,,,,,,,,,,,,,,,,,,,
8,10,,,,,,,100,97,66,18,224.6,2730,10801,36,0,14.1,13.0;3.1;10.9;9.0;4.2;3.9;55.2;58.7;27.6;40.9;92.7;10.9;2.2;1.4;0.0;0.0;1.4;1.4;0.0;0.0;0.3;0.3;0.6;1.4,35.78,0.09,0.02,4.43,14.954,0.768,4541.0,18359.0,4,16,,,,,,,,,,,,,,,,,,,,,,,,,,,,,,,,,,,,,,,,,,,,,,,,,,,,,,,,,,,,,
8,11,,,,,,,98,94,66,17,213.5,2730,10801,36,0,11.4,14.5;1.4;5.2;7.2;1.9;1.9;79.0;26.4;15.2;13.2;74.6;24.9;0.3;1.7;0.3;0.3;0.3;0.3;0.0;0.0;1.1;0.0;0.3;2.5,35.78,0.09,0.03,0.13,14.954,0.768,5371.0,23388.0,4,16,,,,,,,,,,,,,,,,,,,,,,,,,,,,,,,,,,,,,,,,,,,,,,,,,,,,,,,,,,,,,
8,12,,,,,,,98,88,66,17,224.8,2730,10801,35,0,10.6,10.8;1.0;3.4;3.4;1.5;3.0;36.0;61.1;15.8;12.3;95.6;5.4;1.0;0.5;0.0;0.0;0.0;0.0;0.0;0.0;1.0;0.0;0.0;2.4,35.78,0.09,0.05,0.16,14.954,0.768,439.0,2001.0,4,16,,,,,,,,,,,,,,,,,,,,,,,,,,,,,,,,,,,,,,,,,,,,,,,,,,,,,,,,,,,,,
8,summary,0.4036793496430382,0.9831584845749152,0.39693414674007793,0.9852168083830223,0.00099765,64.2,,,,,,,,,,,,,,,,,,,,,,0,90.17,100,0,85.67,100,58,65.75,68,16,18.25,25,125.7,213.62,225.0,2731.2,10801.0,35.4,0,10.6,17.6,59.2,35.78,35.84,35.94,63.16,0.09,0.09,0.09,19.04,0.0,0.02,0.05,0.13,2.87,6.36,11.336,14.186,14.954,14.95,14.954,15.992,0.768,0.77,0.768,439.0,15868.67,41845.0,2001.0,51732.92,206494.0,4,4.0,4,16,16.0,16,4,16,48.89,10.73
9,1,,,,,,,49,45,60,22,161.0,2745,10801,36,0,58.4,82.2;81.0;92.4;88.7;86.5;87.1;97.5;98.2;85.3;76.6;95.1;85.6;53.7;51.2;9.5;11.7;42.9;53.5;10.1;6.7;31.9;37.6;19.3;18.3,35.95,0.09,0.03,0.69,14.954,0.768,40673.0,59326.0,4,16,,,,,,,,,,,,,,,,,,,,,,,,,,,,,,,,,,,,,,,,,,,,,,,,,,,,,,,,,,,,,
9,2,,,,,,,100,93,65,19,223.8,2730,10801,36,0,14.8,14.3;1.7;9.1;14.6;3.9;3.9;63.9;61.4;23.2;49.2;93.7;10.2;1.1;0.8;0.0;0.3;0.3;1.4;0.3;0.0;1.4;0.0;0.3;0.3,35.92,0.09,0.02,5.49,14.954,0.768,13232.0,38281.0,4,16,,,,,,,,,,,,,,,,,,,,,,,,,,,,,,,,,,,,,,,,,,,,,,,,,,,,,,,,,,,,,
9,3,,,,,,,96,91,66,18,223.8,2730,10801,35,0,14.4,14.7;2.5;5.9;13.5;1.7;3.6;21.3;82.6;16.2;52.5;66.6;55.2;1.4;2.2;0.0;0.0;0.3;0.3;0.0;0.0;1.7;0.3;0.8;2.2,35.88,0.09,0.0,4.47,14.954,0.768,8007.0,59375.0,4,16,,,,,,,,,,,,,,,,,,,,,,,,,,,,,,,,,,,,,,,,,,,,,,,,,,,,,,,,,,,,,
9,4,,,,,,,100,91,66,18,223.7,2730,10801,35,0,14.6,13.0;2.5;4.2;11.7;2.8;5.3;63.9;66.0;25.9;41.4;96.4;4.2;0.6;1.7;0.3;0.3;1.9;0.6;0.3;0.3;2.5;0.8;0.3;2.8,35.85,0.09,0.02,3.65,14.954,0.768,4833.0,66845.0,4,16,,,,,,,,,,,,,,,,,,,,,,,,,,,,,,,,,,,,,,,,,,,,,,,,,,,,,,,,,,,,,
9,5,,,,,,,100,100,66,18,222.8,2730,10801,36,0,13.9,13.7;1.1;8.3;11.0;1.7;3.3;37.7;83.7;17.7;43.6;86.4;21.1;0.8;1.1;0.0;0.6;0.0;0.6;0.0;0.3;0.3;0.6;0.6;0.6,35.84,0.09,0.03,2.97,14.954,0.768,6835.0,34619.0,4,16,,,,,,,,,,,,,,,,,,,,,,,,,,,,,,,,,,,,,,,,,,,,,,,,,,,,,,,,,,,,,
9,6,,,,,,,97,94,65,16,223.8,2730,10801,36,0,13.9,12.4;1.4;4.2;13.1;2.2;3.6;45.8;49.9;29.1;43.6;60.1;65.1;1.1;0.8;0.0;0.0;0.3;0.3;0.0;0.0;0.3;0.3;1.1;0.0,35.83,0.09,0.0,2.9,14.954,0.768,4541.0,26269.0,4,16,,,,,,,,,,,,,,,,,,,,,,,,,,,,,,,,,,,,,,,,,,,,,,,,,,,,,,,,,,,,,
9,7,,,,,,,100,98,66,18,223.9,2730,10801,35,0,14.0,12.7;0.6;6.7;8.7;1.4;2.8;58.0;70.7;36.7;26.8;99.7;6.4;0.6;0.8;0.0;0.0;0.3;0.0;0.0;0.0;0.3;0.3;0.3;1.4,35.82,0.09,0.01,2.06,14.954,0.768,28564.0,11181.0,4,16,,,,,,,,,,,,,,,,,,,,,,,,,,,,,,,,,,,,,,,,,,,,,,,,,,,,,,,,,,,,,
9,8,,,,,,,98,88,66,18,224.0,2730,10801,36,0,14.2,16.4;1.1;9.5;11.2;0.6;2.8;33.8;75.2;38.5;33.8;78.8;32.6;0.6;0.8;0.3;0.0;0.3;0.3;0.3;0.3;1.4;0.0;0.0;1.1,35.8,0.09,0.01,1.49,14.954,0.768,41357.0,11767.0,4,16,,,,,,,,,,,,,,,,,,,,,,,,,,,,,,,,,,,,,,,,,,,,,,,,,,,,,,,,,,,,,
9,9,,,,,,,100,92,67,18,223.6,2730,10801,36,0,14.4,17.1;1.9;9.3;8.5;2.5;2.2;52.9;50.6;19.1;36.4;61.2;75.5;1.1;1.4;0.6;0.3;0.8;0.6;0.6;0.6;0.0;0.0;0.0;1.4,35.8,0.09,0.02,1.51,14.954,0.768,27929.0,12109.0,4,16,,,,,,,,,,,,,,,,,,,,,,,,,,,,,,,,,,,,,,,,,,,,,,,,,,,,,,,,,,,,,
9,10,,,,,,,96,92,68,17,223.0,2730,10801,36,0,14.1,13.2;1.7;12.3;4.2;4.2;3.9;68.4;33.0;44.9;26.5;57.1;62.3;1.1;0.8;0.0;0.6;1.7;0.8;0.3;0.3;0.0;0.0;0.3;0.8,35.79,0.09,0.01,3.49,14.954,0.768,21386.0,11865.0,4,16,,,,,,,,,,,,,,,,,,,,,,,,,,,,,,,,,,,,,,,,,,,,,,,,,,,,,,,,,,,,,
9,11,,,,,,,97,93,66,18,224.1,2730,10801,35,0,11.4,14.4;1.7;7.0;3.9;2.2;3.4;71.3;35.8;9.2;18.2;76.7;24.8;1.1;0.0;0.3;0.3;0.6;0.0;0.8;0.6;0.0;0.0;0.8;1.4,35.78,0.09,0.0,0.06,14.954,0.768,68261.0,64794.0,4,16,,,,,,,,,,,,,,,,,,,,,,,,,,,,,,,,,,,,,,,,,,,,,,,,,,,,,,,,,,,,,
9,12,,,,,,,100,91,68,17,224.3,2730,10801,36,0,11.4,18.6;2.0;5.5;3.0;2.5;2.5;48.8;52.2;11.9;21.3;80.1;19.9;1.5;0.0;0.0;0.0;0.5;0.0;0.0;0.0;1.0;0.0;0.5;2.5,35.78,0.09,0.01,0.06,14.954,0.768,0.0,2001.0,4,16,,,,,,,,,,,,,,,,,,,,,,,,,,,,,,,,,,,,,,,,,,,,,,,,,,,,,,,,,,,,,
9,summary,0.4027771763574757,0.9832020670547583,0.3908374124204532,0.9868750661539004,0.00099682,64.1,,,,,,,,,,,,,,,,,,,,,,49,94.42,100,45,89.0,100,60,65.75,68,16,18.08,22,161.0,218.48,224.3,2731.2,10801.0,35.7,0,11.4,17.46,58.4,35.78,35.84,35.95,63.16,0.09,0.09,0.09,19.04,0.0,0.01,0.03,0.06,2.4,5.49,11.336,14.186,14.954,14.95,14.954,15.992,0.768,0.77,0.768,0.0,22134.83,68261.0,2001.0,33202.67,66845.0,4,4.0,4,16,16.0,16,4,16,49.15,10.44
10,1,,,,,,,0,0,59,22,134.3,2745,10801,35,0,59.5,85.8;80.5;91.2;92.7;87.2;85.4;95.4;96.6;79.6;80.8;94.2;81.5;51.1;53.2;16.5;15.5;47.0;51.4;12.8;11.6;35.3;38.9;25.6;18.4,36.02,0.09,0.01,0.06,14.954,0.768,4150.0,190380.0,4,16,,,,,,,,,,,,,,,,,,,,,,,,,,,,,,,,,,,,,,,,,,,,,,,,,,,,,,,,,,,,,
10,2,,,,,,,96,93,66,16,223.4,2730,10801,36,0,14.4,15.1;1.6;10.1;5.8;4.1;3.6;70.1;70.1;40.0;15.9;98.6;1.7;1.4;1.6;0.0;0.0;1.1;0.5;0.0;0.0;1.1;0.8;0.3;0.0,35.94,0.09,0.02,5.03,14.954,0.768,37744.0,11035.0,4,16,,,,,,,,,,,,,,,,,,,,,,,,,,,,,,,,,,,,,,,,,,,,,,,,,,,,,,,,,,,,,
10,3,,,,,,,96,92,66,18,224.8,2730,10801,36,0,14.0,13.4;2.5;13.1;6.7;2.0;2.0;22.3;92.8;45.8;14.0;80.1;38.2;1.1;0.6;0.0;0.0;0.3;0.3;0.0;0.0;0.0;0.6;0.3;0.6,35.89,0.09,0.03,5.82,14.954,0.768,8642.0,9082.0,4,16,,,,,,,,,,,,,,,,,,,,,,,,,,,,,,,,,,,,,,,,,,,,,,,,,,,,,,,,,,,,,
10,4,,,,,,,100,91,67,18,224.4,2730,10801,35,0,14.0,14.9;0.6;10.1;5.3;2.8;1.7;65.0;33.7;54.3;22.1;63.8;56.0;0.6;1.1;0.0;0.0;0.3;0.0;0.3;0.0;0.8;1.1;0.0;1.1,35.88,0.09,0.02,4.57,14.954,0.768,84228.0,23925.0,4,16,,,,,,,,,,,,,,,,,,,,,,,,,,,,,,,,,,,,,,,,,,,,,,,,,,,,,,,,,,,,,
10,5,,,,,,,96,88,66,18,223.5,2730,10801,36,0,14.2,14.5;0.8;9.8;5.6;2.5;1.7;49.4;60.1;46.7;23.0;72.6;44.0;0.8;0.8;0.0;0.0;0.3;0.0;0.6;0.0;2.0;1.7;0.6;1.7,35.85,0.09,0.03,3.88,14.954,0.768,5712.0,35009.0,4,16,,,,,,,,,,,,,,,,,,,,,,,,,,,,,,,,,,,,,,,,,,,,,,,,,,,,,,,,,,,,,
10,6,,,,,,,100,92,66,18,224.3,2730,10801,36,0,14.9,17.5;1.4;16.0;7.7;5.5;3.0;33.4;65.8;46.3;22.1;55.5;72.3;1.9;1.6;0.3;0.5;1.1;0.5;0.3;0.8;0.8;0.5;0.5;2.2,35.83,0.09,0.0,2.85,14.954,0.768,4785.0,60351.0,4,16,,,,,,,,,,,,,,,,,,,,,,,,,,,,,,,,,,,,,,,,,,,,,,,,,,,,,,,,,,,,,
10,7,,,,,,,97,92,65,18,224.3,2730,10801,35,0,14.0,14.3;1.4;6.7;6.9;1.9;1.9;62.7;71.4;37.9;28.9;91.9;7.2;0.8;0.3;0.0;0.3;0.3;0.0;0.0;0.0;0.6;0.6;0.3;0.3,35.81,0.09,0.03,2.98,14.954,0.768,4003.0,209863.0,4,16,,,,,,,,,,,,,,,,,,,,,,,,,,,,,,,,,,,,,,,,,,,,,,,,,,,,,,,,,,,,,
10,8,,,,,,,100,100,67,18,223.9,2730,10801,36,0,14.5,14.2;3.4;5.1;12.2;1.7;3.1;69.5;61.6;37.4;31.0;99.7;1.4;1.1;1.4;0.0;0.0;0.3;0.0;0.3;0.3;0.6;0.0;1.1;1.4,35.8,0.09,0.02,2.04,14.954,0.768,31445.0,23925.0,4,16,,,,,,,,,,,,,,,,,,,,,,,,,,,,,,,,,,,,,,,,,,,,,,,,,,,,,,,,,,,,,
10,9,,,,,,,100,91,66,19,223.8,2730,10801,36,0,14.4,15.2;3.9;6.2;12.6;2.2;3.1;71.9;43.5;33.1;39.0;86.6;20.7;0.6;0.6;0.3;0.3;0.8;0.6;0.0;0.0;0.0;1.1;0.3;4.1,35.79,0.09,0.0,1.49,14.954,0.768,44677.0,36621.0,4,16,,,,,,,,,,,,,,,,,,,,,,,,,,,,,,,,,,,,,,,,,,,,,,,,,,,,,,,,,,,,,
10,10,,,,,,,100,94,67,18,224.3,2730,10801,36,0,14.4,14.6;1.7;9.6;12.6;2.5;4.1;50.5;73.8;17.9;41.8;90.4;21.5;1.4;1.1;0.0;0.0;0.3;0.0;0.3;0.3;0.0;0.0;0.0;0.8,35.8,0.09,0.04,1.54,14.954,0.768,11474.0,11230.0,4,16,,,,,,,,,,,,,,,,,,,,,,,,,,,,,,,,,,,,,,,,,,,,,,,,,,,,,,,,,,,,,
10,11,,,,,,,97,84,67,18,224.2,2730,10801,36,0,10.7,13.6;0.3;2.0;4.5;0.3;3.6;50.6;57.1;3.6;20.6;100.0;0.0;0.0;1.1;0.0;0.0;0.0;0.3;0.0;0.0;0.0;0.0;0.0;0.0,35.79,0.09,0.02,3.68,14.954,0.768,29150.0,12255.0,4,16,,,,,,,,,,,,,,,,,,,,,,,,,,,,,,,,,,,,,,,,,,,,,,,,,,,,,,,,,,,,,
10,12,,,,,,,96,87,66,18,224.8,2730,10801,36,0,11.5,11.4;3.5;4.0;8.0;1.5;2.5;69.2;33.8;7.9;27.2;100.0;1.0;1.0;1.0;0.0;0.0;0.0;0.0;0.0;0.0;0.0;0.0;1.5;3.4,35.78,0.09,0.0,0.05,14.954,0.768,439.0,390.0,4,16,,,,,,,,,,,,,,,,,,,,,,,,,,,,,,,,,,,,,,,,,,,,,,,,,,,,,,,,,,,,,
10,summary,0.3990425301448712,0.9846278367524827,0.39805108058012245,0.9836643968528385,0.00099587,64.2,,,,,,,,,,,,,,,,,,,,,,0,89.83,100,0,83.67,100,59,65.67,67,16,18.25,22,134.3,216.67,224.8,2731.2,10801.0,35.8,0,10.7,17.54,59.5,35.78,35.85,36.02,63.16,0.09,0.09,0.09,19.04,0.0,0.02,0.04,0.05,2.83,5.82,11.335,14.186,14.954,14.95,14.954,15.992,0.768,0.77,0.768,439.0,22204.08,84228.0,390.0,52005.5,209863.0,4,4.0,4,16,16.0,16,4,16,48.56,11.07
11,1,,,,,,,0,0,58,26,127.3,2745,10801,36,0,58.3,72.2;83.6;89.9;94.8;83.1;91.1;97.9;98.2;79.4;79.8;96.3;86.3;43.3;59.8;10.1;13.2;42.9;53.5;8.0;4.6;32.4;36.4;22.9;18.3,35.94,0.09,0.02,0.06,14.954,0.768,3808.0,203320.0,4,16,,,,,,,,,,,,,,,,,,,,,,,,,,,,,,,,,,,,,,,,,,,,,,,,,,,,,,,,,,,,,
11,2,,,,,,,96,93,67,18,223.3,2730,10801,36,0,14.4,11.2;0.8;7.3;15.1;2.2;3.1;33.1;67.0;23.7;45.3;69.0;57.1;1.7;1.1;0.6;0.6;0.6;1.1;0.3;0.0;1.9;0.6;0.3;0.8,35.89,0.09,0.01,5.61,14.954,0.768,4248.0,35644.0,4,16,,,,,,,,,,,,,,,,,,,,,,,,,,,,,,,,,,,,,,,,,,,,,,,,,,,,,,,,,,,,,
11,3,,,,,,,100,98,66,20,223.9,2730,10801,36,0,14.6,16.7;2.2;9.3;12.9;1.9;4.1;45.0;65.8;23.1;43.0;82.6;32.2;2.2;1.1;1.4;0.8;0.6;1.4;0.0;0.6;0.8;0.8;1.1;1.6,35.87,0.09,0.01,4.47,14.954,0.768,4492.0,38037.0,4,16,,,,,,,,,,,,,,,,,,,,,,,,,,,,,,,,,,,,,,,,,,,,,,,,,,,,,,,,,,,,,
11,4,,,,,,,97,92,65,18,224.5,2730,10801,36,0,15.3,13.6;2.2;11.2;9.2;5.6;6.2;62.4;40.1;21.6;49.4;53.7;72.3;3.1;2.0;0.6;0.6;1.7;1.7;1.4;0.8;1.4;1.7;1.7;2.2,35.85,0.09,0.03,3.85,14.954,0.768,20263.0,12402.0,4,16,,,,,,,,,,,,,,,,,,,,,,,,,,,,,,,,,,,,,,,,,,,,,,,,,,,,,,,,,,,,,
11,5,,,,,,,100,100,66,18,224.9,2730,10801,36,0,14.1,11.4;2.0;10.0;4.5;3.1;3.4;18.4;92.2;17.3;44.4;75.2;50.6;0.8;0.8;0.3;0.0;1.4;0.3;0.0;0.3;0.8;0.0;0.8;0.6,35.84,0.09,0.02,2.95,14.954,0.768,13818.0,10986.0,4,16,,,,,,,,,,,,,,,,,,,,,,,,,,,,,,,,,,,,,,,,,,,,,,,,,,,,,,,,,,,,,
11,6,,,,,,,100,93,67,18,224.6,2730,10801,36,0,14.9,13.5;2.2;14.5;7.5;4.5;3.6;38.5;62.0;18.6;50.1;79.9;49.2;2.8;1.7;0.0;0.6;1.4;1.1;0.0;0.3;1.9;0.3;0.6;3.0,35.83,0.09,0.0,2.95,14.954,0.768,8398.0,11621.0,4,16,,,,,,,,,,,,,,,,,,,,,,,,,,,,,,,,,,,,,,,,,,,,,,,,,,,,,,,,,,,,,
11,7,,,,,,,96,93,66,17,225.0,2730,10801,36,0,14.7,15.4;1.4;14.0;8.2;3.3;2.5;60.1;47.8;19.2;49.2;55.1;63.6;1.9;0.8;0.6;0.3;0.6;1.4;0.0;0.6;0.6;1.4;1.7;2.5,35.81,0.09,0.01,2.01,14.954,0.768,31494.0,39843.0,4,16,,,,,,,,,,,,,,,,,,,,,,,,,,,,,,,,,,,,,,,,,,,,,,,,,,,,,,,,,,,,,
11,8,,,,,,,96,86,66,18,224.1,2730,10801,36,0,14.2,12.7;1.7;14.0;3.9;4.5;1.1;51.1;61.3;29.4;51.3;89.9;12.3;1.7;1.4;0.0;0.0;0.8;0.3;0.6;0.6;0.6;0.0;0.0;0.6,35.81,0.09,0.03,1.57,14.954,0.768,8203.0,12158.0,4,16,,,,,,,,,,,,,,,,,,,,,,,,,,,,,,,,,,,,,,,,,,,,,,,,,,,,,,,,,,,,,
11,9,,,,,,,99,100,66,18,225.1,2730,10801,36,0,14.6,16.7;1.7;15.6;6.2;6.1;3.1;68.3;49.2;30.0;42.2;85.3;21.0;1.4;0.0;0.3;0.0;0.0;0.6;0.0;0.0;0.8;0.3;0.3;0.8,35.8,0.09,0.32,2.24,14.954,0.768,7812.0,37255.0,4,16,,,,,,,,,,,,,,,,,,,,,,,,,,,,,,,,,,,,,,,,,,,,,,,,,,,,,,,,,,,,,
11,10,,,,,,,100,99,68,18,224.9,2730,10801,36,0,14.4,14.5;1.7;10.1;8.1;5.3;2.2;56.7;67.2;21.6;39.4;89.4;22.9;0.8;0.8;0.6;0.6;0.6;0.3;0.3;0.3;0.6;0.0;0.3;0.6,35.78,0.09,0.22,4.14,14.954,0.768,12988.0,10888.0,4,16,,,,,,,,,,,,,,,,,,,,,,,,,,,,,,,,,,,,,,,,,,,,,,,,,,,,,,,,,,,,,
11,11,,,,,,,100,93,65,20,224.4,2730,10801,35,0,11.2,15.1;0.6;6.6;4.1;3.3;2.2;56.6;40.6;19.8;6.6;70.8;36.7;1.1;1.1;0.0;0.0;0.3;0.3;1.1;0.0;0.0;0.0;0.0;1.1,35.78,0.09,0.14,0.33,14.954,0.768,42626.0,11865.0,4,16,,,,,,,,,,,,,,,,,,,,,,,,,,,,,,,,,,,,,,,,,,,,,,,,,,,,,,,,,,,,,
11,12,,,,,,,100,92,66,18,224.4,2730,10801,36,0,11.2,13.6;1.5;5.0;3.0;3.5;1.5;91.1;10.0;24.3;6.9;79.3;21.4;1.0;1.0;0.0;0.0;1.5;0.0;0.0;0.0;0.5;0.5;0.0;1.5,35.78,0.09,0.1,0.27,14.954,0.768,244.0,1953.0,4,16,,,,,,,,,,,,,,,,,,,,,,,,,,,,,,,,,,,,,,,,,,,,,,,,,,,,,,,,,,,,,
11,summary,0.3980622466207682,0.9842355944338947,0.39236559830278706,0.9862399887097343,0.00099479,64.2,,,,,,,,,,,,,,,,,,,,,,0,90.33,100,0,86.58,100,58,65.5,68,17,18.92,26,127.3,216.37,225.1,2731.2,10801.0,35.9,0,11.2,17.66,58.3,35.78,35.83,35.94,63.16,0.09,0.09,0.09,19.04,0.0,0.08,0.32,0.06,2.54,5.61,11.333,14.186,14.954,14.95,14.954,15.992,0.768,0.77,0.768,244.0,13199.5,42626.0,1953.0,35497.67,203320.0,4,4.0,4,16,16.0,16,4,16,48.92,10.7
12,1,,,,,,,10,3,59,26,155.5,2745,10801,36,0,58.0,77.8;80.9;87.8;89.1;88.7;88.1;96.6;98.8;78.2;85.4;97.0;79.9;46.8;48.6;12.5;12.2;49.5;48.0;8.2;4.9;35.1;35.1;23.8;19.5,35.93,0.09,0.01,0.06,14.954,0.768,2148.0,198632.0,4,16,,,,,,,,,,,,,,,,,,,,,,,,,,,,,,,,,,,,,,,,,,,,,,,,,,,,,,,,,,,,,
12,2,,,,,,,100,100,66,17,224.2,2730,10801,36,0,15.1,21.8;4.5;9.2;9.4;3.9;3.4;80.2;37.2;35.9;31.9;85.5;27.7;2.5;1.1;0.8;0.3;0.8;0.6;0.8;0.3;1.7;0.8;0.6;1.1,35.91,0.09,0.0,4.35,14.954,0.768,34082.0,11767.0,4,16,,,,,,,,,,,,,,,,,,,,,,,,,,,,,,,,,,,,,,,,,,,,,,,,,,,,,,,,,,,,,
12,3,,,,,,,100,92,66,18,224.0,2730,10801,36,0,15.7,17.9;3.3;14.5;13.3;5.6;5.0;52.5;61.5;52.9;28.3;78.6;28.2;2.8;1.9;0.3;1.1;0.8;0.8;0.6;0.3;1.9;1.1;0.6;2.5,35.92,0.09,0.15,5.27,14.954,0.768,8544.0,9228.0,4,16,,,,,,,,,,,,,,,,,,,,,,,,,,,,,,,,,,,,,,,,,,,,,,,,,,,,,,,,,,,,,
12,4,,,,,,,96,91,66,18,223.6,2730,10801,36,0,14.2,13.0;0.6;12.3;10.4;3.6;3.6;71.4;54.9;35.9;27.2;100.0;0.3;0.6;1.1;0.0;0.6;1.1;0.8;0.0;0.0;0.6;0.6;0.0;1.1,35.87,0.09,0.17,4.4,14.954,0.768,4492.0,18750.0,4,16,,,,,,,,,,,,,,,,,,,,,,,,,,,,,,,,,,,,,,,,,,,,,,,,,,,,,,,,,,,,,
12,5,,,,,,,96,92,68,17,223.3,2730,10801,36,0,14.1,11.8;1.6;9.9;7.4;2.2;3.6;36.0;74.5;29.9;35.1;80.0;36.3;2.7;3.0;0.0;0.3;0.8;0.5;0.5;0.8;0.3;0.3;0.0;0.3,35.86,0.09,0.12,3.28,14.954,0.768,13232.0,51855.0,4,16,,,,,,,,,,,,,,,,,,,,,,,,,,,,,,,,,,,,,,,,,,,,,,,,,,,,,,,,,,,,,
12,6,,,,,,,100,98,67,18,224.3,2730,10801,35,0,13.9,13.1;1.9;9.5;8.9;2.8;1.4;72.4;38.7;37.2;42.2;78.5;20.2;1.7;1.7;0.0;0.0;0.3;0.3;0.6;0.6;0.6;0.0;0.0;0.0,35.85,0.09,0.04,2.65,14.954,0.768,8154.0,11669.0,4,16,,,,,,,,,,,,,,,,,,,,,,,,,,,,,,,,,,,,,,,,,,,,,,,,,,,,,,,,,,,,,
12,7,,,,,,,100,90,65,18,224.0,2730,10801,36,0,14.5,14.4;2.0;11.2;5.6;3.9;2.0;65.9;69.1;42.2;23.2;99.7;0.6;1.4;0.8;0.6;0.6;0.3;0.6;0.0;0.6;0.8;0.3;0.8;2.2,35.83,0.09,0.02,2.76,14.954,0.768,4443.0,27734.0,4,16,,,,,,,,,,,,,,,,,,,,,,,,,,,,,,,,,,,,,,,,,,,,,,,,,,,,,,,,,,,,,
12,8,,,,,,,96,87,67,18,223.1,2730,10801,36,0,13.9,12.2;2.0;7.6;6.2;2.0;2.8;76.4;43.8;37.0;27.8;78.1;34.7;1.1;0.0;0.0;0.0;0.0;0.0;0.0;0.0;0.0;0.0;0.0;1.9,35.84,0.09,0.01,1.49,14.954,0.768,21484.0,10986.0,4,16,,,,,,,,,,,,,,,,,,,,,,,,,,,,,,,,,,,,,,,,,,,,,,,,,,,,,,,,,,,,,
12,9,,,,,,,100,91,66,19,223.8,2730,10801,36,0,14.3,14.5;2.7;8.3;8.8;3.8;3.6;78.5;51.1;29.9;30.6;87.6;15.2;1.1;1.7;0.3;0.0;0.3;0.3;0.3;0.5;1.1;0.0;0.0;1.9,35.81,0.09,0.12,1.77,14.954,0.768,35937.0,26123.0,4,16,,,,,,,,,,,,,,,,,,,,,,,,,,,,,,,,,,,,,,,,,,,,,,,,,,,,,,,,,,,,,
12,10,,,,,,,96,92,68,17,224.4,2730,10801,36,0,15.1,19.3;1.9;15.3;5.6;3.3;3.9;48.9;75.7;53.6;17.7;93.9;11.2;1.9;1.9;0.0;0.3;0.3;1.1;0.0;0.0;1.1;0.3;0.6;3.3,35.79,0.09,0.01,4.01,14.954,0.768,37451.0,21923.0,4,16,,,,,,,,,,,,,,,,,,,,,,,,,,,,,,,,,,,,,,,,,,,,,,,,,,,,,,,,,,,,,
12,11,,,,,,,100,99,66,18,224.7,2730,10801,36,0,10.9,14.5;0.8;6.7;3.9;1.4;1.7;66.4;34.3;11.5;12.4;48.0;55.3;0.3;0.6;0.3;0.0;0.0;0.0;0.0;0.8;0.6;0.0;0.3;1.1,35.78,0.09,0.03,0.11,14.954,0.768,13964.0,59667.0,4,16,,,,,,,,,,,,,,,,,,,,,,,,,,,,,,,,,,,,,,,,,,,,,,,,,,,,,,,,,,,,,
12,12,,,,,,,100,94,66,18,224.6,2730,10801,36,0,11.6,13.1;2.0;8.4;4.0;4.4;2.0;6.4;94.5;18.6;16.8;62.2;37.1;2.0;0.5;0.0;0.0;0.5;0.0;0.5;0.0;0.5;2.0;1.5;2.5,35.78,0.09,0.02,0.08,14.954,0.768,439.0,195.0,4,16,,,,,,,,,,,,,,,,,,,,,,,,,,,,,,,,,,,,,,,,,,,,,,,,,,,,,,,,,,,,,
12,summary,0.3958905254043292,0.9853562867727174,0.3943315332479628,0.9857813216667255,0.00099358,64.1,,,,,,,,,,,,,,,,,,,,,,10,91.17,100,3,85.75,100,59,65.83,68,17,18.5,26,155.5,218.29,224.7,2731.2,10801.0,35.9,0,10.9,17.61,58.0,35.78,35.85,35.93,63.16,0.09,0.09,0.09,19.04,0.0,0.06,0.17,0.06,2.52,5.27,11.336,14.186,14.954,14.95,14.954,15.992,0.768,0.77,0.768,439.0,15364.17,37451.0,195.0,37377.42,198632.0,4,4.0,4,16,16.0,16,4,16,48.97,10.61
13,1,,,,,,,0,0,58,19,135.1,2745,10801,36,0,59.4,80.8;84.0;92.0;92.6;91.0;91.4;99.1;97.8;90.1;73.8;94.5;79.6;56.9;54.0;13.2;14.7;50.0;45.3;11.1;9.6;32.7;30.2;22.5;18.4,35.97,0.09,0.0,0.84,14.954,0.768,18212.0,200732.0,4,16,,,,,,,,,,,,,,,,,,,,,,,,,,,,,,,,,,,,,,,,,,,,,,,,,,,,,,,,,,,,,
13,2,,,,,,,100,93,65,18,214.3,2730,10801,36,0,14.5,14.4;1.1;18.6;5.5;4.9;2.2;57.4;65.0;50.0;15.6;86.0;19.0;2.2;1.7;0.3;0.3;0.6;0.3;0.0;0.0;0.8;0.3;0.3;1.1,35.91,0.09,0.02,5.32,14.954,0.768,30126.0,10400.0,4,16,,,,,,,,,,,,,,,,,,,,,,,,,,,,,,,,,,,,,,,,,,,,,,,,,,,,,,,,,,,,,
13,3,,,,,,,96,91,66,19,223.6,2730,10801,36,0,14.2,14.0;0.3;18.8;6.4;3.4;2.2;61.6;46.6;43.5;25.3;76.3;37.2;1.1;0.6;0.0;0.0;0.8;0.6;0.0;0.0;0.0;0.0;0.0;1.7,35.89,0.09,0.03,4.61,14.954,0.768,15966.0,50195.0,4,16,,,,,,,,,,,,,,,,,,,,,,,,,,,,,,,,,,,,,,,,,,,,,,,,,,,,,,,,,,,,,
13,4,,,,,,,100,90,65,19,223.3,2730,10801,36,0,15.0,12.2;1.4;15.0;5.0;4.7;2.8;66.5;63.5;40.9;29.8;98.0;4.5;2.5;1.4;0.0;0.6;1.1;0.8;0.8;0.6;1.9;0.3;2.0;3.0,35.87,0.09,0.02,3.66,14.954,0.768,24902.0,20849.0,4,16,,,,,,,,,,,,,,,,,,,,,,,,,,,,,,,,,,,,,,,,,,,,,,,,,,,,,,,,,,,,,
13,5,,,,,,,100,91,66,18,224.5,2730,10801,36,0,14.1,18.5;2.2;10.0;3.1;2.8;1.1;34.7;76.8;38.4;28.8;82.2;35.5;0.6;0.8;0.3;0.0;0.3;0.3;0.0;0.0;0.0;0.0;0.6;1.1,35.86,0.09,0.02,2.95,14.954,0.768,33251.0,10839.0,4,16,,,,,,,,,,,,,,,,,,,,,,,,,,,,,,,,,,,,,,,,,,,,,,,,,,,,,,,,,,,,,
13,6,,,,,,,100,93,65,18,213.8,2730,10801,36,0,14.4,16.6;2.5;10.9;5.5;4.7;2.5;65.8;44.2;41.0;32.0;70.7;44.4;1.7;0.8;0.3;0.0;0.0;0.0;0.0;0.3;0.0;0.3;0.0;1.1,35.82,0.09,0.01,2.88,14.954,0.768,11816.0,48339.0,4,16,,,,,,,,,,,,,,,,,,,,,,,,,,,,,,,,,,,,,,,,,,,,,,,,,,,,,,,,,,,,,
13,7,,,,,,,96,83,66,18,224.2,2730,10801,35,0,13.9,13.7;1.7;8.4;7.8;3.6;0.8;49.6;70.6;32.7;41.7;91.4;5.9;1.4;0.3;0.0;0.0;0.3;0.0;0.0;0.0;0.6;0.6;0.3;2.5,35.81,0.09,0.0,1.85,14.954,0.768,13281.0,12158.0,4,16,,,,,,,,,,,,,,,,,,,,,,,,,,,,,,,,,,,,,,,,,,,,,,,,,,,,,,,,,,,,,
13,8,,,,,,,98,89,66,17,225.4,2730,10801,36,0,14.6,16.6;1.1;15.0;10.8;5.3;3.9;16.7;78.6;29.5;42.7;71.3;47.6;4.2;1.9;0.3;0.6;0.8;0.6;0.0;0.0;1.1;0.6;0.6;0.6,35.81,0.09,0.05,1.61,14.954,0.768,25683.0,69873.0,4,16,,,,,,,,,,,,,,,,,,,,,,,,,,,,,,,,,,,,,,,,,,,,,,,,,,,,,,,,,,,,,
13,9,,,,,,,97,93,67,18,224.8,2730,10801,36,0,14.9,15.8;1.4;10.9;8.4;2.5;4.2;66.9;47.6;41.5;35.0;77.7;31.0;3.1;1.9;0.0;0.0;1.9;2.2;0.0;0.0;0.8;2.0;1.1;1.4,35.8,0.09,0.0,1.48,14.954,0.768,7177.0,52392.0,4,16,,,,,,,,,,,,,,,,,,,,,,,,,,,,,,,,,,,,,,,,,,,,,,,,,,,,,,,,,,,,,
13,10,,,,,,,100,93,65,17,215.8,2730,10801,36,0,14.2,14.0;2.2;13.5;7.7;3.0;3.0;60.3;60.1;29.8;42.9;88.7;9.9;0.6;1.1;0.8;0.8;0.8;0.3;0.0;0.0;1.1;0.0;0.0;1.1,35.79,0.09,0.01,3.44,14.954,0.768,11621.0,11914.0,4,16,,,,,,,,,,,,,,,,,,,,,,,,,,,,,,,,,,,,,,,,,,,,,,,,,,,,,,,,,,,,,
13,11,,,,,,,96,92,66,18,224.4,2730,10801,36,0,11.4,15.4;0.8;5.6;7.9;2.0;2.2;28.6;72.2;11.2;20.7;63.8;37.5;0.8;0.3;0.3;0.0;0.3;0.6;0.0;0.6;0.0;0.3;1.1;0.6,35.8,0.09,0.03,0.09,14.954,0.768,28466.0,59375.0,4,16,,,,,,,,,,,,,,,,,,,,,,,,,,,,,,,,,,,,,,,,,,,,,,,,,,,,,,,,,,,,,
13,12,,,,,,,100,92,66,17,224.8,2730,10801,36,0,11.1,13.6;2.0;7.0;4.5;2.0;3.0;33.3;67.3;10.9;18.9;10.4;91.0;1.0;0.5;0.0;0.0;0.0;0.0;0.0;0.0;0.0;0.0;0.0;0.0,35.81,0.09,0.03,0.24,14.954,0.768,244.0,2001.0,4,16,,,,,,,,,,,,,,,,,,,,,,,,,,,,,,,,,,,,,,,,,,,,,,,,,,,,,,,,,,,,,
13,summary,0.3938078023048199,0.98565513806307,0.3920527041900538,0.9855343471051053,0.00099226,64.2,,,,,,,,,,,,,,,,,,,,,,0,90.25,100,0,83.33,93,58,65.08,67,17,18.0,19,135.1,214.5,225.4,2731.2,10801.0,35.9,0,11.1,17.64,59.4,35.79,35.84,35.97,63.16,0.09,0.09,0.09,19.04,0.0,0.02,0.05,0.09,2.41,5.32,11.336,14.186,14.954,14.95,14.954,15.992,0.768,0.77,0.768,244.0,18395.42,33251.0,2001.0,45755.58,200732.0,4,4.0,4,16,16.0,16,4,16,48.86,10.75
14,1,,,,,,,72,70,60,25,119.8,2745,10801,36,0,58.7,78.4;85.7;91.5;89.7;88.4;89.1;96.7;98.5;85.7;83.8;94.8;78.7;55.2;53.4;12.8;14.9;40.5;51.7;13.9;9.4;29.8;33.1;17.4;17.0,35.97,0.09,0.04,0.15,14.954,0.768,6005.0,141699.0,4,16,,,,,,,,,,,,,,,,,,,,,,,,,,,,,,,,,,,,,,,,,,,,,,,,,,,,,,,,,,,,,
14,2,,,,,,,100,99,66,19,224.6,2730,10801,36,0,14.4,13.9;0.8;5.0;11.2;2.8;2.2;57.7;69.3;18.1;41.1;83.8;32.2;1.7;1.7;0.3;0.0;0.6;0.6;0.6;0.3;0.3;0.3;0.6;1.1,35.92,0.09,0.0,4.35,14.954,0.768,32958.0,19189.0,4,16,,,,,,,,,,,,,,,,,,,,,,,,,,,,,,,,,,,,,,,,,,,,,,,,,,,,,,,,,,,,,
14,3,,,,,,,100,92,65,18,224.4,2730,10801,36,0,14.3,12.5;1.7;10.6;15.0;3.6;3.6;56.0;66.1;17.1;50.0;88.6;10.1;1.1;1.1;0.0;0.3;1.4;0.3;0.0;0.0;1.4;0.3;0.8;0.0,35.89,0.09,0.02,4.78,14.954,0.768,4736.0,21386.0,4,16,,,,,,,,,,,,,,,,,,,,,,,,,,,,,,,,,,,,,,,,,,,,,,,,,,,,,,,,,,,,,
14,4,,,,,,,100,91,67,18,224.6,2730,10801,36,0,14.5,15.8;1.4;13.0;13.2;3.0;5.2;52.5;55.0;24.0;48.6;55.5;50.3;2.2;0.3;0.0;0.3;1.1;1.7;0.0;0.3;0.8;0.8;0.3;1.9,35.88,0.09,0.02,3.97,14.954,0.768,9423.0,11914.0,4,16,,,,,,,,,,,,,,,,,,,,,,,,,,,,,,,,,,,,,,,,,,,,,,,,,,,,,,,,,,,,,
14,5,,,,,,,96,88,65,17,224.4,2730,10801,36,0,14.5,13.5;1.1;10.6;8.1;3.9;3.9;74.7;62.6;9.2;52.2;98.9;0.6;1.1;1.1;0.0;0.0;0.6;0.8;0.3;0.0;1.1;0.8;0.3;3.6,35.87,0.09,0.01,3.12,14.954,0.768,6542.0,44042.0,4,16,,,,,,,,,,,,,,,,,,,,,,,,,,,,,,,,,,,,,,,,,,,,,,,,,,,,,,,,,,,,,
14,6,,,,,,,100,100,66,19,224.7,2730,10801,36,0,14.2,13.4;1.4;10.1;12.0;3.6;2.5;28.9;73.7;22.3;50.4;47.3;67.0;1.4;1.7;0.6;0.0;1.1;1.1;0.0;0.0;0.6;0.8;0.8;0.8,35.83,0.09,0.02,2.61,14.954,0.768,20996.0,154882.0,4,16,,,,,,,,,,,,,,,,,,,,,,,,,,,,,,,,,,,,,,,,,,,,,,,,,,,,,,,,,,,,,
14,7,,,,,,,100,98,66,17,224.5,2730,10801,36,0,15.8,17.8;2.2;13.9;6.7;3.1;3.9;62.5;65.0;27.9;41.9;91.7;19.6;3.1;2.5;1.1;1.7;2.5;1.4;0.6;1.4;2.8;0.8;1.4;3.3,35.83,0.09,0.0,2.19,14.954,0.768,29931.0,12158.0,4,16,,,,,,,,,,,,,,,,,,,,,,,,,,,,,,,,,,,,,,,,,,,,,,,,,,,,,,,,,,,,,
14,8,,,,,,,96,92,66,18,224.5,2730,10801,36,0,14.5,15.7;1.4;14.0;4.9;4.4;2.7;78.6;33.0;22.1;39.8;87.1;35.4;2.5;0.3;0.3;0.3;1.6;0.0;0.0;0.0;0.8;0.5;0.5;0.8,35.81,0.09,0.01,2.02,14.954,0.768,41699.0,12939.0,4,16,,,,,,,,,,,,,,,,,,,,,,,,,,,,,,,,,,,,,,,,,,,,,,,,,,,,,,,,,,,,,
14,9,,,,,,,100,92,67,16,223.6,2730,10801,36,0,14.6,19.0;0.0;10.3;5.6;5.3;3.1;68.9;46.9;34.4;29.7;88.6;32.1;1.7;0.3;0.3;0.0;1.4;0.3;0.3;0.0;0.0;0.6;0.3;0.6,35.8,0.09,0.02,1.53,14.954,0.768,22802.0,25390.0,4,16,,,,,,,,,,,,,,,,,,,,,,,,,,,,,,,,,,,,,,,,,,,,,,,,,,,,,,,,,,,,,
14,10,,,,,,,96,92,67,18,224.3,2730,10801,36,0,14.2,15.1;1.7;11.7;3.6;2.2;1.1;60.6;77.7;35.5;28.2;95.0;3.9;2.5;1.1;0.0;0.0;0.3;0.0;0.0;0.0;0.3;0.0;0.0;0.6,35.79,0.09,0.01,4.03,14.954,0.768,10253.0,10302.0,4,16,,,,,,,,,,,,,,,,,,,,,,,,,,,,,,,,,,,,,,,,,,,,,,,,,,,,,,,,,,,,,
14,11,,,,,,,100,100,66,17,224.2,2730,10801,36,0,11.3,13.3;0.6;5.9;5.3;4.2;2.3;52.8;48.5;21.9;9.3;97.8;2.5;2.0;0.8;0.0;0.0;0.8;0.6;0.0;0.0;0.6;0.3;0.0;0.6,35.78,0.09,0.0,0.04,14.954,0.768,27978.0,48193.0,4,16,,,,,,,,,,,,,,,,,,,,,,,,,,,,,,,,,,,,,,,,,,,,,,,,,,,,,,,,,,,,,
14,12,,,,,,,97,92,65,17,224.4,2730,10801,36,0,11.2,14.9;1.4;7.2;3.4;2.4;1.9;83.2;17.4;17.4;14.0;43.0;52.2;1.4;0.5;0.0;0.0;2.9;0.0;0.0;0.0;0.5;1.0;1.0;1.9,35.79,0.09,0.03,0.14,14.954,0.768,0.0,2343.0,4,16,,,,,,,,,,,,,,,,,,,,,,,,,,,,,,,,,,,,,,,,,,,,,,,,,,,,,,,,,,,,,
14,summary,0.39160315058887685,0.9861158671356972,0.39258118842070633,0.9856401933457997,0.00099080,64.2,,,,,,,,,,,,,,,,,,,,,,72,96.42,100,70,92.17,100,60,65.5,67,16,18.25,25,119.8,215.67,224.7,2731.2,10801.0,36.0,0,11.2,17.68,58.7,35.78,35.85,35.97,63.16,0.09,0.09,0.09,19.04,0.0,0.01,0.04,0.04,2.41,4.78,11.336,14.186,14.954,14.95,14.954,15.992,0.768,0.77,0.768,0.0,17776.92,41699.0,2343.0,42036.42,154882.0,4,4.0,4,16,16.0,16,4,16,48.67,10.96
15,1,,,,,,,0,0,59,24,143.0,2745,10801,35,0,58.3,82.7;86.3;92.7;95.1;86.9;92.0;96.6;98.2;80.1;91.2;95.1;76.8;47.3;56.9;9.5;9.2;39.8;45.1;6.4;6.1;35.5;36.4;17.3;14.4,35.96,0.09,0.01,0.06,14.954,0.768,3857.0,228857.0,4,16,,,,,,,,,,,,,,,,,,,,,,,,,,,,,,,,,,,,,,,,,,,,,,,,,,,,,,,,,,,,,
15,2,,,,,,,96,84,66,18,223.6,2730,10801,36,0,14.4,14.1;1.4;7.3;8.9;2.2;2.2;40.8;73.1;44.8;34.2;92.7;14.0;2.2;0.8;0.3;0.0;0.6;0.3;0.3;0.0;1.4;0.8;0.8;1.9,35.92,0.09,0.02,4.41,14.954,0.768,31103.0,16699.0,4,16,,,,,,,,,,,,,,,,,,,,,,,,,,,,,,,,,,,,,,,,,,,,,,,,,,,,,,,,,,,,,
15,3,,,,,,,97,92,66,18,224.3,2730,10801,36,0,15.3,18.9;1.7;9.2;13.6;3.9;4.2;32.6;83.0;36.0;38.7;89.1;24.7;0.8;2.5;0.3;0.6;1.4;1.1;0.6;0.3;0.3;0.8;0.6;0.8,35.88,0.09,0.01,4.75,14.954,0.768,5761.0,35107.0,4,16,,,,,,,,,,,,,,,,,,,,,,,,,,,,,,,,,,,,,,,,,,,,,,,,,,,,,,,,,,,,,
15,4,,,,,,,100,100,66,18,224.2,2730,10801,35,0,15.1,16.2;2.5;6.4;11.2;5.6;6.4;50.4;64.6;46.1;32.0;84.4;21.2;2.8;1.9;0.0;0.3;0.6;0.8;0.0;0.3;0.6;1.7;1.4;3.8,35.86,0.09,0.01,4.01,14.954,0.768,23828.0,51416.0,4,16,,,,,,,,,,,,,,,,,,,,,,,,,,,,,,,,,,,,,,,,,,,,,,,,,,,,,,,,,,,,,
15,5,,,,,,,96,91,66,18,224.0,2730,10801,36,0,14.6,18.6;1.6;6.3;12.8;1.6;3.6;60.5;69.6;33.9;32.0;91.0;8.2;1.4;1.4;1.6;1.1;0.8;0.8;0.0;0.3;1.1;0.8;0.0;0.5,35.81,0.09,0.0,3.02,14.954,0.768,7617.0,65625.0,4,16,,,,,,,,,,,,,,,,,,,,,,,,,,,,,,,,,,,,,,,,,,,,,,,,,,,,,,,,,,,,,
15,6,,,,,,,100,91,65,18,224.2,2730,10801,36,0,15.0,17.3;2.3;6.4;10.6;3.1;2.8;51.3;81.0;34.9;36.6;98.6;2.0;1.4;1.4;0.0;0.6;0.3;0.3;0.3;0.6;2.8;2.2;0.6;2.8,35.8,0.09,0.1,2.95,14.954,0.768,5126.0,39257.0,4,16,,,,,,,,,,,,,,,,,,,,,,,,,,,,,,,,,,,,,,,,,,,,,,,,,,,,,,,,,,,,,
15,7,,,,,,,96,85,67,18,224.0,2730,10801,36,0,14.2,17.9;1.1;10.6;10.8;2.5;2.8;30.8;79.2;41.8;36.1;67.7;34.5;0.3;1.1;0.0;0.0;0.3;0.0;0.0;0.0;0.3;0.6;0.3;0.6,35.8,0.09,0.02,2.21,14.954,0.768,77539.0,214648.0,4,16,,,,,,,,,,,,,,,,,,,,,,,,,,,,,,,,,,,,,,,,,,,,,,,,,,,,,,,,,,,,,
15,8,,,,,,,96,93,68,18,224.6,2730,10801,36,0,14.3,15.2;1.7;6.1;9.2;3.9;2.8;65.8;34.8;35.3;22.8;64.1;76.9;1.1;0.6;0.0;0.0;0.0;0.6;0.0;0.0;0.6;0.0;0.0;1.1,35.79,0.09,0.02,2.05,14.954,0.768,14453.0,149072.0,4,16,,,,,,,,,,,,,,,,,,,,,,,,,,,,,,,,,,,,,,,,,,,,,,,,,,,,,,,,,,,,,
15,9,,,,,,,96,92,69,18,223.4,2730,10801,36,0,14.6,19.6;2.2;6.9;11.0;2.5;3.6;40.9;62.4;42.4;23.1;69.8;57.6;2.2;0.0;0.0;0.0;0.8;1.4;0.3;0.0;0.8;0.8;0.8;1.7,35.79,0.09,0.0,1.47,14.954,0.768,31884.0,142529.0,4,16,,,,,,,,,,,,,,,,,,,,,,,,,,,,,,,,,,,,,,,,,,,,,,,,,,,,,,,,,,,,,
15,10,,,,,,,100,100,66,18,224.9,2730,10801,36,0,14.1,15.0;1.4;8.1;6.1;2.2;4.8;45.1;64.1;29.7;34.2;74.2;47.6;0.3;0.6;0.0;0.3;0.6;0.0;0.0;0.0;1.7;1.1;0.3;2.2,35.77,0.09,0.05,4.15,14.954,0.768,5908.0,20654.0,4,16,,,,,,,,,,,,,,,,,,,,,,,,,,,,,,,,,,,,,,,,,,,,,,,,,,,,,,,,,,,,,
15,11,,,,,,,100,93,66,17,224.9,2730,10801,36,0,11.3,16.0;2.0;6.4;4.8;4.2;1.7;33.1;72.9;9.2;15.7;99.7;1.1;1.4;0.6;0.0;0.0;0.3;0.0;0.0;0.3;0.6;0.6;0.6;0.8,35.77,0.09,0.04,0.12,14.954,0.768,30615.0,15429.0,4,16,,,,,,,,,,,,,,,,,,,,,,,,,,,,,,,,,,,,,,,,,,,,,,,,,,,,,,,,,,,,,
15,12,,,,,,,99,100,67,17,225.3,2730,10801,36,0,12.0,13.6;1.0;7.4;10.9;5.0;2.5;91.1;13.4;13.4;19.2;98.5;3.0;1.5;1.0;0.0;0.0;0.5;1.0;0.0;1.0;1.0;0.0;0.5;2.0,35.77,0.09,0.03,0.12,14.954,0.768,1318.0,9179.0,4,16,,,,,,,,,,,,,,,,,,,,,,,,,,,,,,,,,,,,,,,,,,,,,,,,,,,,,,,,,,,,,
15,summary,0.3913513728325985,0.9863400056034617,0.3940683525686934,0.9854990650248738,0.00098923,64.1,,,,,,,,,,,,,,,,,,,,,,0,89.67,100,0,85.08,100,59,65.92,69,17,18.33,24,143.0,217.53,225.3,2731.2,10801.0,35.8,0,11.3,17.77,58.3,35.77,35.83,35.96,63.16,0.09,0.09,0.09,19.04,0.0,0.03,0.1,0.06,2.44,4.75,11.336,14.186,14.954,14.95,14.954,15.992,0.768,0.77,0.768,1318.0,19917.42,77539.0,9179.0,82372.67,228857.0,4,4.0,4,16,16.0,16,4,16,49.13,10.44
16,1,,,,,,,0,0,63,20,120.7,2745,10801,36,0,58.3,74.5;84.0;90.8;93.5;83.1;85.8;96.0;93.8;80.7;88.9;97.5;79.7;48.6;52.1;11.1;14.7;47.4;52.0;8.3;8.0;32.6;35.7;22.7;17.7,35.91,0.09,0.52,2.08,14.954,0.768,3906.0,226318.0,4,16,,,,,,,,,,,,,,,,,,,,,,,,,,,,,,,,,,,,,,,,,,,,,,,,,,,,,,,,,,,,,
16,2,,,,,,,100,94,66,20,224.8,2730,10801,36,0,14.2,12.8;1.9;12.9;10.7;2.5;2.5;57.9;53.6;31.7;39.0;85.7;22.0;1.9;0.3;0.0;0.3;0.8;0.3;0.0;1.1;1.4;0.6;0.3;0.0,35.89,0.09,0.25,5.91,14.954,0.768,60742.0,11865.0,4,16,,,,,,,,,,,,,,,,,,,,,,,,,,,,,,,,,,,,,,,,,,,,,,,,,,,,,,,,,,,,,
16,3,,,,,,,100,90,66,17,225.0,2730,10801,36,0,14.1,14.8;2.0;12.3;6.4;3.7;3.4;47.3;73.0;24.9;39.2;91.3;17.1;2.0;0.8;0.0;0.0;0.3;0.0;0.0;0.0;0.3;0.3;0.0;0.6,35.86,0.09,0.17,5.36,14.954,0.768,8105.0,34814.0,4,16,,,,,,,,,,,,,,,,,,,,,,,,,,,,,,,,,,,,,,,,,,,,,,,,,,,,,,,,,,,,,
16,4,,,,,,,96,88,67,18,224.6,2730,10801,35,0,14.1,10.6;2.2;13.1;5.6;3.1;3.9;61.5;61.2;32.9;38.8;99.4;0.3;1.1;1.1;0.0;0.0;1.7;1.1;0.0;0.0;0.6;0.0;0.0;0.8,35.86,0.09,0.09,3.85,14.954,0.768,32226.0,11865.0,4,16,,,,,,,,,,,,,,,,,,,,,,,,,,,,,,,,,,,,,,,,,,,,,,,,,,,,,,,,,,,,,
16,5,,,,,,,100,100,66,18,224.6,2730,10801,36,0,14.4,14.7;2.5;9.2;10.6;3.3;4.2;53.6;64.4;30.4;34.8;94.1;16.4;1.1;1.9;0.3;0.0;0.6;0.3;0.0;0.3;0.3;0.0;0.6;0.8,35.81,0.09,0.01,2.94,14.954,0.768,7861.0,31640.0,4,16,,,,,,,,,,,,,,,,,,,,,,,,,,,,,,,,,,,,,,,,,,,,,,,,,,,,,,,,,,,,,
16,6,,,,,,,100,97,66,19,224.3,2730,10801,36,0,14.7,15.7;1.9;9.3;6.0;1.4;3.6;75.6;40.7;34.1;35.5;98.6;8.7;3.8;3.3;0.5;0.3;1.6;1.9;0.5;0.5;1.9;1.4;1.6;3.3,35.83,0.09,0.03,2.92,14.954,0.768,4785.0,20410.0,4,16,,,,,,,,,,,,,,,,,,,,,,,,,,,,,,,,,,,,,,,,,,,,,,,,,,,,,,,,,,,,,
16,7,,,,,,,98,95,66,18,224.5,2730,10801,36,0,15.5,17.5;2.8;12.0;10.6;5.1;4.7;55.7;71.1;29.1;41.3;89.0;14.3;2.5;4.2;0.8;0.6;2.2;2.2;0.0;0.3;2.2;1.4;1.1;2.2,35.8,0.09,0.11,2.1,14.954,0.768,30468.0,144042.0,4,16,,,,,,,,,,,,,,,,,,,,,,,,,,,,,,,,,,,,,,,,,,,,,,,,,,,,,,,,,,,,,
16,8,,,,,,,100,91,66,18,224.3,2730,10801,36,0,14.4,14.2;1.9;6.4;7.2;2.5;3.6;56.7;49.4;28.3;52.1;64.7;48.5;1.7;2.5;0.3;0.0;0.3;0.3;0.6;1.4;0.6;0.3;0.3;0.6,35.8,0.09,0.0,1.48,14.954,0.768,18261.0,9033.0,4,16,,,,,,,,,,,,,,,,,,,,,,,,,,,,,,,,,,,,,,,,,,,,,,,,,,,,,,,,,,,,,
16,9,,,,,,,97,94,68,18,224.1,2730,10801,36,0,15.4,15.8;1.7;11.1;14.7;3.6;3.6;64.5;69.8;32.0;40.9;95.6;3.9;2.8;1.1;0.8;0.6;0.6;0.8;0.0;0.3;1.1;0.8;1.1;0.8,35.8,0.09,0.03,1.55,14.954,0.768,13232.0,9375.0,4,16,,,,,,,,,,,,,,,,,,,,,,,,,,,,,,,,,,,,,,,,,,,,,,,,,,,,,,,,,,,,,
16,10,,,,,,,96,86,64,19,223.1,2730,10801,36,0,14.4,18.3;1.4;3.6;12.6;2.8;4.1;52.6;46.6;25.1;42.5;71.1;54.1;2.2;1.4;0.3;0.0;0.8;0.8;0.0;0.0;0.6;1.1;0.0;4.1,35.78,0.09,0.01,3.43,14.954,0.768,27001.0,11181.0,4,16,,,,,,,,,,,,,,,,,,,,,,,,,,,,,,,,,,,,,,,,,,,,,,,,,,,,,,,,,,,,,
16,11,,,,,,,96,93,68,18,223.9,2730,10801,36,0,11.3,14.6;0.6;4.7;3.1;1.1;3.4;44.4;63.8;4.5;24.6;73.9;26.9;0.6;0.8;0.0;0.0;0.3;0.3;0.3;0.0;0.3;0.3;0.8;1.4,35.78,0.09,0.0,0.05,14.954,0.768,6542.0,30175.0,4,16,,,,,,,,,,,,,,,,,,,,,,,,,,,,,,,,,,,,,,,,,,,,,,,,,,,,,,,,,,,,,
16,12,,,,,,,100,90,66,17,224.6,2730,10801,36,0,10.7,15.7;0.5;2.0;3.0;0.5;2.5;91.0;7.5;10.5;19.0;100.0;0.5;1.0;1.0;0.0;0.0;0.0;0.0;0.0;0.0;0.0;0.0;0.0;1.0,35.78,0.09,0.03,0.14,14.954,0.768,1318.0,244.0,4,16,,,,,,,,,,,,,,,,,,,,,,,,,,,,,,,,,,,,,,,,,,,,,,,,,,,,,,,,,,,,,
16,summary,0.3899864358244087,0.9867447000591476,0.39373796590276383,0.9856401933457997,0.00098753,64.1,,,,,,,,,,,,,,,,,,,,,,0,90.25,100,0,84.83,100,63,66.0,68,17,18.33,20,120.7,215.71,225.0,2731.2,10801.0,35.9,0,10.7,17.62,58.3,35.78,35.82,35.91,63.16,0.09,0.09,0.09,19.04,0.0,0.1,0.52,0.05,2.65,5.91,11.336,14.186,14.954,14.95,14.954,15.992,0.768,0.77,0.768,1318.0,17870.58,60742.0,244.0,45080.17,226318.0,4,4.0,4,16,16.0,16,4,16,48.9,10.73
17,1,,,,,,,7,0,59,25,151.8,2745,10801,36,0,58.5,80.3;81.2;93.8;92.3;84.6;86.4;98.1;96.3;87.3;86.4;95.7;86.4;51.4;51.2;10.2;13.0;40.4;48.5;9.9;10.5;33.1;34.7;17.9;13.6,35.97,0.09,0.04,0.14,14.954,0.768,7910.0,190429.0,4,16,,,,,,,,,,,,,,,,,,,,,,,,,,,,,,,,,,,,,,,,,,,,,,,,,,,,,,,,,,,,,
17,2,,,,,,,96,92,68,18,224.6,2730,10801,36,0,14.9,12.2;3.4;10.6;15.0;3.1;4.5;53.9;47.2;20.4;46.1;67.3;60.6;1.4;1.1;1.4;0.6;1.4;1.4;0.8;0.3;0.6;0.8;0.6;2.2,35.92,0.09,0.02,4.48,14.954,0.768,5175.0,26562.0,4,16,,,,,,,,,,,,,,,,,,,,,,,,,,,,,,,,,,,,,,,,,,,,,,,,,,,,,,,,,,,,,
17,3,,,,,,,100,96,67,19,224.5,2730,10801,36,0,14.3,11.7;1.1;5.6;8.6;1.1;4.5;35.5;70.3;22.7;47.8;78.7;47.6;1.4;0.8;0.3;0.0;1.1;2.0;0.0;0.3;0.6;0.0;0.0;2.2,35.89,0.09,0.0,4.72,14.954,0.768,34667.0,10937.0,4,16,,,,,,,,,,,,,,,,,,,,,,,,,,,,,,,,,,,,,,,,,,,,,,,,,,,,,,,,,,,,,
17,4,,,,,,,96,92,67,18,223.8,2730,10801,36,0,14.5,15.6;1.1;10.5;13.3;3.3;3.9;63.2;48.1;29.8;38.6;94.8;14.4;1.4;1.4;0.8;0.3;1.7;0.6;0.0;0.0;1.1;0.6;1.1;2.2,35.86,0.09,0.05,4.07,14.954,0.768,38085.0,50732.0,4,16,,,,,,,,,,,,,,,,,,,,,,,,,,,,,,,,,,,,,,,,,,,,,,,,,,,,,,,,,,,,,
17,5,,,,,,,100,100,66,19,224.6,2730,10801,36,0,14.6,18.0;1.4;16.2;8.1;2.0;3.1;64.0;50.8;30.6;36.0;66.8;49.2;0.6;1.1;0.0;0.3;0.6;0.3;0.6;0.3;0.3;0.0;0.6;0.6,35.84,0.09,0.01,3.1,14.954,0.768,21435.0,12060.0,4,16,,,,,,,,,,,,,,,,,,,,,,,,,,,,,,,,,,,,,,,,,,,,,,,,,,,,,,,,,,,,,
17,6,,,,,,,100,93,67,18,224.5,2730,10801,36,0,14.2,9.9;1.7;12.8;6.2;2.0;2.8;60.5;65.0;35.5;38.4;97.8;2.2;0.6;1.1;0.0;0.3;1.1;0.6;0.0;0.3;0.3;0.0;0.0;1.9,35.83,0.09,0.01,2.59,14.954,0.768,5664.0,29589.0,4,16,,,,,,,,,,,,,,,,,,,,,,,,,,,,,,,,,,,,,,,,,,,,,,,,,,,,,,,,,,,,,
17,7,,,,,,,96,92,67,17,224.6,2730,10801,36,0,14.5,17.3;1.1;10.5;8.0;4.4;2.2;82.5;51.2;29.8;33.5;90.4;12.5;0.8;0.3;0.3;0.0;0.3;0.0;0.0;0.0;0.0;0.0;0.3;1.7,35.82,0.09,0.02,2.21,14.954,0.768,19091.0,9130.0,4,16,,,,,,,,,,,,,,,,,,,,,,,,,,,,,,,,,,,,,,,,,,,,,,,,,,,,,,,,,,,,,
17,8,,,,,,,100,91,66,18,224.6,2730,10801,36,0,14.1,17.0;1.4;11.6;4.7;2.5;1.7;61.6;70.1;40.3;22.6;95.6;4.7;0.8;0.3;1.1;0.8;0.0;0.3;0.0;0.0;0.3;0.0;0.6;0.6,35.82,0.09,0.01,2.01,14.954,0.768,32666.0,11914.0,4,16,,,,,,,,,,,,,,,,,,,,,,,,,,,,,,,,,,,,,,,,,,,,,,,,,,,,,,,,,,,,,
17,9,,,,,,,100,90,68,17,224.7,2730,10801,36,0,14.8,18.3;1.4;11.4;6.7;4.5;1.9;48.1;68.5;33.4;30.9;84.2;35.9;1.1;1.4;0.3;0.3;1.1;0.8;0.3;0.6;0.8;0.3;0.6;1.4,35.8,0.09,0.01,1.51,14.954,0.768,44824.0,37500.0,4,16,,,,,,,,,,,,,,,,,,,,,,,,,,,,,,,,,,,,,,,,,,,,,,,,,,,,,,,,,,,,,
17,10,,,,,,,96,92,66,18,224.0,2730,10801,36,0,14.4,15.9;0.6;15.0;2.5;2.8;2.8;71.5;43.0;52.0;27.1;64.2;40.1;0.8;0.8;0.0;0.6;1.1;0.3;0.0;0.3;0.8;0.8;0.3;1.7,35.79,0.09,0.03,4.07,14.954,0.768,16210.0,9375.0,4,16,,,,,,,,,,,,,,,,,,,,,,,,,,,,,,,,,,,,,,,,,,,,,,,,,,,,,,,,,,,,,
17,11,,,,,,,100,98,67,19,225.1,2730,10801,36,0,10.7,14.9;0.6;3.9;2.0;2.0;1.1;50.4;47.0;21.3;10.7;96.1;3.9;0.3;0.6;0.3;0.3;0.3;0.3;0.0;0.0;0.3;0.0;0.0;1.1,35.78,0.09,0.0,0.05,14.954,0.768,18896.0,11865.0,4,16,,,,,,,,,,,,,,,,,,,,,,,,,,,,,,,,,,,,,,,,,,,,,,,,,,,,,,,,,,,,,
17,12,,,,,,,96,86,67,17,214.2,2730,10801,36,0,11.4,20.9;1.9;8.1;3.8;1.4;2.4;46.6;51.9;19.2;12.4;47.1;50.0;1.9;1.0;0.0;0.0;1.0;0.0;0.0;0.0;0.0;0.5;0.0;1.4,35.78,0.09,0.0,0.03,14.954,0.768,488.0,390.0,4,16,,,,,,,,,,,,,,,,,,,,,,,,,,,,,,,,,,,,,,,,,,,,,,,,,,,,,,,,,,,,,
17,summary,0.38891866743180514,0.9870995859664415,0.3896400338517952,0.9870161944748262,0.00098571,64.1,,,,,,,,,,,,,,,,,,,,,,7,90.58,100,0,85.17,100,59,66.25,68,17,18.58,25,151.8,217.58,225.1,2731.2,10801.0,36.0,0,10.7,17.57,58.5,35.78,35.84,35.97,63.16,0.09,0.09,0.09,19.04,0.0,0.02,0.05,0.03,2.42,4.72,11.335,14.186,14.954,14.95,14.954,15.992,0.768,0.77,0.768,488.0,20425.92,44824.0,390.0,33373.58,190429.0,4,4.0,4,16,16.0,16,4,16,48.84,10.76
18,1,,,,,,,0,0,59,19,124.6,2745,10801,36,0,57.4,85.5;81.3;93.9;89.3;91.7;88.7;99.1;99.1;85.3;78.9;94.8;80.1;55.4;47.6;11.9;10.1;46.2;45.3;4.9;4.0;30.2;27.7;14.1;12.8,35.97,0.09,0.02,0.06,14.954,0.768,40283.0,199365.0,4,16,,,,,,,,,,,,,,,,,,,,,,,,,,,,,,,,,,,,,,,,,,,,,,,,,,,,,,,,,,,,,
18,2,,,,,,,97,92,65,18,224.1,2730,10801,36,0,14.8,16.2;2.2;8.4;7.0;2.8;2.8;31.8;89.9;36.4;26.0;89.9;28.3;1.4;2.5;0.3;0.6;0.8;0.6;0.0;0.0;1.4;1.4;1.1;1.9,35.93,0.09,0.0,5.14,14.954,0.768,30712.0,43310.0,4,16,,,,,,,,,,,,,,,,,,,,,,,,,,,,,,,,,,,,,,,,,,,,,,,,,,,,,,,,,,,,,
18,3,,,,,,,100,94,67,18,224.4,2730,10801,36,0,15.0,16.1;3.6;9.2;8.4;5.0;6.7;28.5;70.6;37.5;41.4;67.0;56.0;1.7;2.5;0.3;0.0;0.6;1.4;0.3;0.0;0.6;0.3;0.3;2.2,35.9,0.09,0.03,5.85,14.954,0.768,4638.0,44873.0,4,16,,,,,,,,,,,,,,,,,,,,,,,,,,,,,,,,,,,,,,,,,,,,,,,,,,,,,,,,,,,,,
18,4,,,,,,,96,82,67,17,224.1,2730,10801,36,0,14.6,15.9;2.0;9.8;8.7;2.2;4.2;77.0;43.3;44.8;25.6;78.4;32.3;0.8;0.8;0.0;0.0;0.0;0.0;0.0;0.0;0.6;0.6;0.6;2.2,35.88,0.09,0.01,4.55,14.954,0.768,5371.0,50292.0,4,16,,,,,,,,,,,,,,,,,,,,,,,,,,,,,,,,,,,,,,,,,,,,,,,,,,,,,,,,,,,,,
18,5,,,,,,,100,99,67,18,223.4,2730,10801,36,0,14.0,11.9;2.5;9.3;7.4;1.4;4.1;58.2;42.3;38.9;18.7;58.0;77.5;1.1;0.5;0.3;0.0;0.5;0.8;0.0;0.0;0.8;0.5;0.8;0.3,35.85,0.09,0.01,3.76,14.954,0.768,4736.0,22021.0,4,16,,,,,,,,,,,,,,,,,,,,,,,,,,,,,,,,,,,,,,,,,,,,,,,,,,,,,,,,,,,,,
18,6,,,,,,,100,94,66,17,225.0,2730,10801,36,0,14.1,11.5;1.4;7.0;8.9;3.4;2.2;44.0;56.6;33.0;35.6;59.5;69.6;1.7;0.6;0.3;0.3;0.6;0.3;0.0;0.6;0.3;0.6;0.3;0.6,35.84,0.09,0.0,2.92,14.954,0.768,35791.0,12158.0,4,16,,,,,,,,,,,,,,,,,,,,,,,,,,,,,,,,,,,,,,,,,,,,,,,,,,,,,,,,,,,,,
18,7,,,,,,,97,91,67,18,224.4,2730,10801,36,0,13.8,14.6;2.0;6.7;9.7;2.8;2.2;24.9;77.8;27.4;33.0;72.6;55.0;0.8;1.1;0.0;0.3;0.0;0.0;0.0;0.0;0.0;0.0;0.0;0.6,35.84,0.09,0.02,2.39,14.954,0.768,8642.0,11962.0,4,16,,,,,,,,,,,,,,,,,,,,,,,,,,,,,,,,,,,,,,,,,,,,,,,,,,,,,,,,,,,,,
18,8,,,,,,,100,92,68,16,224.9,2730,10801,36,0,14.9,14.7;2.0;9.0;11.4;2.0;4.2;55.5;45.5;29.1;32.7;74.5;69.5;0.8;1.7;0.3;0.3;0.6;0.8;0.0;0.3;1.1;0.6;0.0;0.6,35.81,0.09,0.03,2.64,14.954,0.768,4443.0,34375.0,4,16,,,,,,,,,,,,,,,,,,,,,,,,,,,,,,,,,,,,,,,,,,,,,,,,,,,,,,,,,,,,,
18,9,,,,,,,96,93,66,18,223.1,2730,10801,36,0,14.2,15.9;1.4;7.4;9.6;4.1;3.6;63.1;37.5;19.3;41.4;50.3;82.4;1.1;0.3;0.0;0.3;0.8;0.0;0.0;0.6;0.6;0.0;0.3;1.1,35.8,0.09,0.0,1.44,14.954,0.768,5029.0,34912.0,4,16,,,,,,,,,,,,,,,,,,,,,,,,,,,,,,,,,,,,,,,,,,,,,,,,,,,,,,,,,,,,,
18,10,,,,,,,100,98,66,15,225.2,2730,10801,36,0,14.3,16.0;1.7;9.2;11.1;2.5;3.6;45.8;74.0;32.7;41.5;92.2;7.3;0.8;1.1;0.0;0.0;0.0;0.6;0.0;0.3;1.1;0.0;0.0;0.6,35.8,0.09,0.02,1.55,14.954,0.768,10058.0,41650.0,4,16,,,,,,,,,,,,,,,,,,,,,,,,,,,,,,,,,,,,,,,,,,,,,,,,,,,,,,,,,,,,,
18,11,,,,,,,98,90,66,17,224.3,2730,10801,36,0,11.1,16.7;0.0;2.8;4.8;3.1;2.3;54.3;46.3;14.4;15.5;81.4;19.9;0.3;0.3;0.3;0.0;0.3;0.3;0.3;0.0;1.1;0.0;0.0;0.3,35.78,0.09,0.01,3.66,14.954,0.768,32714.0,12255.0,4,16,,,,,,,,,,,,,,,,,,,,,,,,,,,,,,,,,,,,,,,,,,,,,,,,,,,,,,,,,,,,,
18,12,,,,,,,100,100,66,17,225.3,2730,10801,36,0,11.2,14.8;2.0;8.0;5.0;1.5;0.5;16.4;83.1;10.9;18.4;86.6;14.9;0.5;1.5;0.0;0.0;0.0;0.0;0.0;0.0;1.0;0.0;1.0;2.0,35.77,0.09,0.02,0.1,14.954,0.768,683.0,2001.0,4,16,,,,,,,,,,,,,,,,,,,,,,,,,,,,,,,,,,,,,,,,,,,,,,,,,,,,,,,,,,,,,
18,summary,0.38988678905834234,0.9867073436478535,0.3893566175228546,0.9868750661539004,0.00098377,64.1,,,,,,,,,,,,,,,,,,,,,,0,90.33,100,0,85.42,100,59,65.83,68,15,17.33,19,124.6,216.07,225.3,2731.2,10801.0,36.0,0,11.1,17.45,57.4,35.77,35.85,35.97,63.16,0.09,0.09,0.09,19.04,0.0,0.01,0.03,0.06,2.84,5.85,11.335,14.186,14.954,14.95,14.954,15.992,0.768,0.77,0.768,683.0,15258.33,40283.0,2001.0,42431.17,199365.0,4,4.0,4,16,16.0,16,4,16,48.7,10.82
19,1,,,,,,,7,0,60,25,148.1,2745,10801,36,0,57.8,72.0;76.0;90.9;87.0;82.5;87.3;94.2;93.6;71.6;86.1;92.4;79.9;42.9;47.1;13.3;14.9;46.5;50.8;14.0;11.2;36.5;42.6;31.4;23.2,35.96,0.09,0.02,0.85,14.954,0.768,7080.0,199462.0,4,16,,,,,,,,,,,,,,,,,,,,,,,,,,,,,,,,,,,,,,,,,,,,,,,,,,,,,,,,,,,,,
19,2,,,,,,,96,92,65,19,224.5,2730,10801,36,0,14.6,17.1;1.1;8.9;7.0;3.4;1.1;38.2;67.5;26.9;31.6;71.4;67.6;1.7;2.0;0.3;0.0;0.6;0.3;0.0;0.0;0.8;0.6;0.3;1.7,35.92,0.09,0.0,7.61,14.954,0.768,25439.0,10400.0,4,16,,,,,,,,,,,,,,,,,,,,,,,,,,,,,,,,,,,,,,,,,,,,,,,,,,,,,,,,,,,,,
19,3,,,,,,,96,82,66,17,224.5,2730,10801,36,0,13.8,12.0;1.9;8.5;6.9;3.6;2.2;56.4;46.3;28.8;35.2;58.7;64.5;1.1;1.1;0.3;0.0;1.1;0.3;0.3;0.3;0.8;0.3;0.8;0.5,35.89,0.09,0.02,4.85,14.954,0.768,4394.0,51904.0,4,16,,,,,,,,,,,,,,,,,,,,,,,,,,,,,,,,,,,,,,,,,,,,,,,,,,,,,,,,,,,,,
19,4,,,,,,,98,95,68,18,224.7,2730,10801,36,0,14.4,13.7;1.4;8.7;6.2;3.3;2.2;43.6;65.3;32.2;46.4;87.5;26.1;2.2;1.1;0.0;0.0;0.0;0.6;0.3;0.6;1.7;0.6;0.6;1.1,35.86,0.09,0.0,4.16,14.954,0.768,10302.0,10888.0,4,16,,,,,,,,,,,,,,,,,,,,,,,,,,,,,,,,,,,,,,,,,,,,,,,,,,,,,,,,,,,,,
19,5,,,,,,,100,91,68,18,224.3,2730,10801,36,0,14.2,14.3;2.5;10.0;4.2;4.7;2.2;46.5;69.1;29.0;39.8;71.9;41.8;0.8;1.4;0.0;0.0;0.0;0.3;0.0;0.6;0.6;0.0;0.3;0.6,35.85,0.09,0.04,3.36,14.954,0.768,17626.0,192578.0,4,16,,,,,,,,,,,,,,,,,,,,,,,,,,,,,,,,,,,,,,,,,,,,,,,,,,,,,,,,,,,,,
19,6,,,,,,,96,93,68,17,224.8,2730,10801,36,0,14.9,19.0;2.5;11.5;5.6;5.6;2.5;33.1;77.2;39.9;39.4;78.6;30.0;1.4;2.0;0.8;1.1;1.7;0.8;0.3;0.3;0.6;0.0;0.8;1.1,35.83,0.09,0.0,3.26,14.954,0.768,6445.0,59570.0,4,16,,,,,,,,,,,,,,,,,,,,,,,,,,,,,,,,,,,,,,,,,,,,,,,,,,,,,,,,,,,,,
19,7,,,,,,,100,91,66,19,224.1,2730,10801,36,0,14.0,16.1;1.9;14.8;9.1;2.8;2.2;56.0;64.8;25.5;29.2;82.1;26.7;1.7;0.3;0.0;0.0;0.3;0.3;0.0;0.0;0.3;0.3;0.0;1.6,35.82,0.09,0.02,2.19,14.954,0.768,27050.0,53076.0,4,16,,,,,,,,,,,,,,,,,,,,,,,,,,,,,,,,,,,,,,,,,,,,,,,,,,,,,,,,,,,,,
19,8,,,,,,,96,93,68,18,224.1,2730,10801,36,0,14.7,14.6;1.1;8.6;10.5;3.9;4.2;62.4;57.7;27.5;38.9;84.5;26.9;2.2;1.4;0.6;0.6;1.4;0.8;0.3;0.3;0.6;1.1;0.6;1.9,35.81,0.09,0.01,1.7,14.954,0.768,8447.0,45556.0,4,16,,,,,,,,,,,,,,,,,,,,,,,,,,,,,,,,,,,,,,,,,,,,,,,,,,,,,,,,,,,,,
19,9,,,,,,,100,98,67,16,225.0,2730,10801,36,0,13.9,14.2;1.7;11.5;10.6;1.7;2.0;62.6;53.6;30.6;38.4;71.5;30.0;1.4;0.8;0.0;0.3;0.8;0.6;0.0;0.6;0.3;0.0;0.3;0.6,35.81,0.09,0.0,1.48,14.954,0.768,32031.0,12060.0,4,16,,,,,,,,,,,,,,,,,,,,,,,,,,,,,,,,,,,,,,,,,,,,,,,,,,,,,,,,,,,,,
19,10,,,,,,,98,88,67,18,224.7,2730,10801,36,0,14.1,13.5;2.2;8.1;6.9;0.8;3.1;35.0;68.9;25.7;41.1;54.3;74.6;0.6;0.0;0.3;0.0;0.6;0.3;0.3;0.0;0.0;0.0;0.3;1.1,35.78,0.09,0.03,4.44,14.954,0.768,4785.0,29199.0,4,16,,,,,,,,,,,,,,,,,,,,,,,,,,,,,,,,,,,,,,,,,,,,,,,,,,,,,,,,,,,,,
19,11,,,,,,,100,100,66,15,225.3,2730,10801,36,0,11.4,14.7;1.9;3.3;4.4;3.3;2.5;43.5;55.6;13.7;22.2;90.7;10.2;2.7;0.5;0.3;0.0;0.0;0.3;0.0;0.0;0.3;0.0;0.8;1.6,35.78,0.09,0.01,0.14,14.954,0.768,41455.0,11767.0,4,16,,,,,,,,,,,,,,,,,,,,,,,,,,,,,,,,,,,,,,,,,,,,,,,,,,,,,,,,,,,,,
19,12,,,,,,,96,87,68,17,224.7,2730,10801,36,0,11.4,17.6;1.5;6.0;4.0;3.5;1.5;49.7;49.5;6.5;26.9;100.0;0.0;0.5;0.0;0.0;0.0;0.5;1.5;0.0;0.0;0.0;0.5;0.5;2.0,35.77,0.09,0.03,0.13,14.954,0.768,15332.0,13525.0,4,16,,,,,,,,,,,,,,,,,,,,,,,,,,,,,,,,,,,,,,,,,,,,,,,,,,,,,,,,,,,,,
19,summary,0.38682812671136935,0.9876910624785978,0.3939980252106727,0.9863458349504287,0.00098170,64.2,,,,,,,,,,,,,,,,,,,,,,7,90.25,100,0,84.17,100,60,66.42,68,15,18.08,25,148.1,218.23,225.3,2731.2,10801.0,36.0,0,11.4,17.43,57.8,35.77,35.84,35.96,63.16,0.09,0.09,0.09,19.04,0.0,0.01,0.04,0.13,2.85,7.61,11.335,14.186,14.954,14.95,14.954,15.992,0.768,0.77,0.768,4394.0,16698.83,41455.0,10400.0,57498.75,199462.0,4,4.0,4,16,16.0,16,4,16,48.74,10.93
20,1,,,,,,,0,0,59,25,137.2,2745,10801,36,0,58.5,80.2;85.9;90.8;92.0;86.0;89.8;95.4;99.4;83.1;88.7;94.8;85.9;42.8;68.1;10.1;13.8;43.1;53.8;6.8;7.7;25.2;32.1;14.2;15.2,35.98,0.09,0.02,0.11,14.954,0.768,3515.0,219140.0,4,16,,,,,,,,,,,,,,,,,,,,,,,,,,,,,,,,,,,,,,,,,,,,,,,,,,,,,,,,,,,,,
20,2,,,,,,,100,92,66,17,224.4,2730,10801,36,0,14.8,13.0;2.5;10.4;9.7;3.9;4.7;68.2;39.8;39.6;34.5;78.8;42.0;2.0;1.1;0.3;0.6;0.8;0.3;0.0;0.0;0.3;0.0;1.1;0.6,35.9,0.09,0.1,4.66,14.954,0.768,43310.0,45703.0,4,16,,,,,,,,,,,,,,,,,,,,,,,,,,,,,,,,,,,,,,,,,,,,,,,,,,,,,,,,,,,,,
20,3,,,,,,,96,93,68,19,223.8,2730,10801,36,0,14.1,12.1;1.4;4.7;7.8;1.7;3.4;72.9;40.7;34.4;38.3;65.2;48.5;1.1;0.3;1.4;1.4;0.3;0.0;0.0;0.0;1.4;0.0;0.0;1.1,35.87,0.09,0.0,4.7,14.954,0.768,13281.0,18994.0,4,16,,,,,,,,,,,,,,,,,,,,,,,,,,,,,,,,,,,,,,,,,,,,,,,,,,,,,,,,,,,,,
20,4,,,,,,,100,91,66,18,224.8,2730,10801,36,0,13.8,18.9;3.3;12.2;15.2;1.9;3.9;52.9;40.9;40.1;33.9;65.0;38.1;1.7;1.1;0.0;0.0;0.3;0.0;0.0;0.0;0.6;0.0;0.3;0.3,35.86,0.09,0.02,3.96,14.954,0.768,30761.0,26513.0,4,16,,,,,,,,,,,,,,,,,,,,,,,,,,,,,,,,,,,,,,,,,,,,,,,,,,,,,,,,,,,,,
20,5,,,,,,,96,88,68,19,224.3,2730,10801,36,0,14.2,11.7;2.0;13.6;5.6;3.9;2.2;34.6;64.8;32.9;31.5;64.8;68.7;1.1;0.8;0.6;0.0;0.0;0.0;0.0;0.0;0.8;0.0;0.3;1.4,35.85,0.09,0.01,3.13,14.954,0.768,10644.0,22412.0,4,16,,,,,,,,,,,,,,,,,,,,,,,,,,,,,,,,,,,,,,,,,,,,,,,,,,,,,,,,,,,,,
20,6,,,,,,,100,100,67,18,224.8,2730,10801,36,0,14.5,17.7;3.4;10.4;7.0;2.2;3.6;55.7;69.4;29.8;33.5;88.8;16.6;2.8;2.2;0.0;0.3;0.3;0.0;0.0;0.0;0.8;0.6;0.6;0.6,35.83,0.09,0.01,2.57,14.954,0.768,30712.0,119091.0,4,16,,,,,,,,,,,,,,,,,,,,,,,,,,,,,,,,,,,,,,,,,,,,,,,,,,,,,,,,,,,,,
20,7,,,,,,,100,91,67,16,224.5,2730,10801,36,0,14.2,13.9;1.1;13.2;10.6;2.5;3.1;42.6;84.0;37.4;28.9;91.0;7.0;1.7;1.4;0.0;0.0;0.8;0.3;0.0;0.0;0.0;0.3;0.6;0.8,35.81,0.09,0.02,2.25,14.954,0.768,16943.0,22216.0,4,16,,,,,,,,,,,,,,,,,,,,,,,,,,,,,,,,,,,,,,,,,,,,,,,,,,,,,,,,,,,,,
20,8,,,,,,,100,98,66,18,224.7,2730,10801,36,0,14.6,19.0;1.1;14.3;9.4;3.3;2.5;57.9;72.3;33.0;28.6;94.8;5.2;1.9;0.8;0.6;0.3;0.3;0.0;0.6;0.0;0.3;0.6;1.4;1.4,35.81,0.09,0.01,2.01,14.954,0.768,35693.0,11035.0,4,16,,,,,,,,,,,,,,,,,,,,,,,,,,,,,,,,,,,,,,,,,,,,,,,,,,,,,,,,,,,,,
20,9,,,,,,,100,90,66,16,225.0,2730,10801,36,0,13.7,12.2;0.8;9.8;5.9;1.1;2.5;64.4;65.5;40.1;22.4;98.3;1.7;0.8;0.3;0.0;0.0;0.0;0.3;0.0;0.0;0.0;0.6;0.0;1.1,35.8,0.09,0.0,1.46,14.954,0.768,24853.0,37353.0,4,16,,,,,,,,,,,,,,,,,,,,,,,,,,,,,,,,,,,,,,,,,,,,,,,,,,,,,,,,,,,,,
20,10,,,,,,,96,90,68,18,224.6,2730,10801,36,0,13.9,13.8;1.1;8.1;4.2;3.1;2.2;75.3;45.1;46.9;22.8;91.7;14.4;0.8;1.1;0.0;0.0;0.8;0.6;0.0;0.0;0.3;0.3;0.0;0.6,35.78,0.09,0.01,4.03,14.954,0.768,4443.0,16601.0,4,16,,,,,,,,,,,,,,,,,,,,,,,,,,,,,,,,,,,,,,,,,,,,,,,,,,,,,,,,,,,,,
20,11,,,,,,,100,100,66,18,225.5,2730,10801,36,0,10.9,12.7;0.3;6.7;1.4;1.4;1.4;27.7;72.5;21.2;12.9;94.7;5.3;1.1;0.3;0.0;0.0;0.3;0.0;0.0;0.0;0.0;0.0;0.0;0.6,35.78,0.09,0.03,0.13,14.954,0.768,5029.0,51562.0,4,16,,,,,,,,,,,,,,,,,,,,,,,,,,,,,,,,,,,,,,,,,,,,,,,,,,,,,,,,,,,,,
20,12,,,,,,,96,87,68,17,224.6,2730,10801,36,0,11.3,15.8;1.0;7.2;3.9;0.5;1.9;83.0;18.8;21.4;13.5;99.0;1.0;0.0;1.5;0.0;0.0;1.0;0.0;0.0;0.5;0.0;0.0;0.0;0.0,35.79,0.09,0.0,0.06,14.954,0.768,2050.0,2392.0,4,16,,,,,,,,,,,,,,,,,,,,,,,,,,,,,,,,,,,,,,,,,,,,,,,,,,,,,,,,,,,,,
20,summary,0.38729515519318203,0.9877906795753821,0.3930256638318554,0.9858871679074198,0.00097952,64.1,,,,,,,,,,,,,,,,,,,,,,0,90.33,100,0,85.0,100,59,66.25,68,16,18.25,25,137.2,217.35,225.5,2731.2,10801.0,36.0,0,10.9,17.38,58.5,35.78,35.84,35.98,63.16,0.09,0.09,0.09,19.04,0.0,0.02,0.1,0.06,2.42,4.7,11.335,14.186,14.954,14.95,14.954,15.992,0.768,0.77,0.768,2050.0,18436.17,43310.0,2392.0,49417.67,219140.0,4,4.0,4,16,16.0,16,4,16,48.93,10.65
21,1,,,,,,,1,0,62,25,120.6,2745,10801,36,0,58.3,83.3;77.9;93.8;90.8;87.4;83.4;96.9;98.5;85.2;78.2;93.6;90.2;50.9;54.6;10.2;10.2;47.4;47.1;8.0;8.9;34.2;31.9;21.5;14.5,35.98,0.09,0.02,1.51,14.954,0.768,3369.0,141113.0,4,16,,,,,,,,,,,,,,,,,,,,,,,,,,,,,,,,,,,,,,,,,,,,,,,,,,,,,,,,,,,,,
21,2,,,,,,,100,93,66,18,224.4,2730,10801,36,0,14.7,17.3;3.4;8.1;8.4;2.8;4.8;69.0;65.5;35.8;32.1;89.1;10.6;0.8;0.6;0.3;0.0;0.8;0.3;0.0;0.0;0.6;0.3;0.6;0.6,35.91,0.09,0.02,5.48,14.954,0.768,19335.0,51464.0,4,16,,,,,,,,,,,,,,,,,,,,,,,,,,,,,,,,,,,,,,,,,,,,,,,,,,,,,,,,,,,,,
21,3,,,,,,,96,91,66,17,224.9,2730,10801,36,0,14.1,13.3;1.9;8.9;7.8;2.5;4.5;76.4;56.8;35.3;28.9;89.4;7.8;1.9;0.3;0.3;0.0;0.3;0.3;0.0;0.0;0.8;0.6;0.3;1.1,35.88,0.09,0.0,4.35,14.954,0.768,4492.0,139501.0,4,16,,,,,,,,,,,,,,,,,,,,,,,,,,,,,,,,,,,,,,,,,,,,,,,,,,,,,,,,,,,,,
21,4,,,,,,,100,92,67,18,224.9,2730,10801,36,0,14.9,15.4;1.1;8.9;12.8;3.1;3.9;26.1;82.4;31.6;30.8;64.0;65.9;1.7;3.6;0.0;0.6;0.8;0.3;0.0;0.0;2.0;0.6;0.3;0.6,35.86,0.09,0.03,3.69,14.954,0.768,37939.0,125146.0,4,16,,,,,,,,,,,,,,,,,,,,,,,,,,,,,,,,,,,,,,,,,,,,,,,,,,,,,,,,,,,,,
21,5,,,,,,,96,92,67,19,224.1,2730,10801,36,0,14.1,15.3;0.5;8.8;8.8;3.3;3.6;40.1;79.9;27.5;36.7;69.3;37.6;1.1;1.4;0.0;0.3;0.3;0.3;0.0;0.3;1.1;0.8;0.0;1.1,35.84,0.09,0.01,2.89,14.954,0.768,4785.0,20410.0,4,16,,,,,,,,,,,,,,,,,,,,,,,,,,,,,,,,,,,,,,,,,,,,,,,,,,,,,,,,,,,,,
21,6,,,,,,,100,91,66,17,224.7,2730,10801,36,0,13.9,14.9;1.4;9.8;7.8;2.8;2.2;70.6;57.8;26.3;37.3;95.2;4.5;0.3;0.6;0.0;0.0;0.3;0.6;0.0;0.0;0.6;0.3;0.0;0.0,35.84,0.09,0.03,2.82,14.954,0.768,28125.0,48730.0,4,16,,,,,,,,,,,,,,,,,,,,,,,,,,,,,,,,,,,,,,,,,,,,,,,,,,,,,,,,,,,,,
21,7,,,,,,,96,87,68,16,224.5,2730,10801,36,0,14.3,12.4;1.7;5.0;11.9;3.4;4.7;45.3;53.1;20.4;47.4;55.4;75.1;1.1;1.4;0.0;0.0;0.6;0.6;0.3;0.0;0.3;1.1;0.0;1.4,35.82,0.09,0.01,1.83,14.954,0.768,24072.0,44335.0,4,16,,,,,,,,,,,,,,,,,,,,,,,,,,,,,,,,,,,,,,,,,,,,,,,,,,,,,,,,,,,,,
21,8,,,,,,,100,100,66,18,224.9,2730,10801,36,0,15.3,16.4;3.1;9.5;15.0;4.7;3.9;31.7;86.3;20.9;45.8;79.4;33.8;1.1;1.7;0.0;0.6;1.7;2.8;0.6;0.0;1.7;0.3;1.1;3.3,35.83,0.09,0.01,1.51,14.954,0.768,4492.0,46972.0,4,16,,,,,,,,,,,,,,,,,,,,,,,,,,,,,,,,,,,,,,,,,,,,,,,,,,,,,,,,,,,,,
21,9,,,,,,,100,93,67,16,225.2,2730,10801,36,0,14.2,16.5;0.8;8.5;8.2;3.0;3.0;66.7;64.0;26.0;35.6;94.2;6.6;1.1;1.4;0.0;0.0;0.3;0.3;0.3;0.0;1.4;0.0;0.6;0.8,35.83,0.09,0.02,1.5,14.954,0.768,49658.0,51611.0,4,16,,,,,,,,,,,,,,,,,,,,,,,,,,,,,,,,,,,,,,,,,,,,,,,,,,,,,,,,,,,,,
21,10,,,,,,,100,91,66,17,225.1,2730,10801,36,0,14.1,13.2;1.1;8.1;12.9;2.8;2.8;74.9;48.7;26.3;39.9;71.2;31.7;1.1;1.1;0.0;0.0;0.0;0.6;0.3;0.6;0.6;0.0;0.3;0.6,35.79,0.09,0.0,3.3,14.954,0.768,16162.0,32958.0,4,16,,,,,,,,,,,,,,,,,,,,,,,,,,,,,,,,,,,,,,,,,,,,,,,,,,,,,,,,,,,,,
21,11,,,,,,,96,91,67,18,225.2,2730,10801,36,0,11.4,12.2;1.7;7.0;5.3;2.5;2.5;44.7;59.0;13.2;20.2;98.3;1.4;1.1;0.6;0.3;0.0;0.8;0.3;0.3;0.0;0.6;0.3;0.3;1.4,35.8,0.09,0.02,0.11,14.954,0.768,22216.0,12353.0,4,16,,,,,,,,,,,,,,,,,,,,,,,,,,,,,,,,,,,,,,,,,,,,,,,,,,,,,,,,,,,,,
21,12,,,,,,,100,93,67,18,225.3,2730,10801,36,0,11.0,11.8;1.0;7.0;4.5;3.0;1.5;21.4;80.1;14.2;15.4;60.1;42.8;0.0;0.5;0.0;0.0;0.0;0.0;0.0;0.0;0.0;0.0;0.0;1.0,35.78,0.09,0.02,0.07,14.954,0.768,1367.0,2050.0,4,16,,,,,,,,,,,,,,,,,,,,,,,,,,,,,,,,,,,,,,,,,,,,,,,,,,,,,,,,,,,,,
21,summary,0.3860697886904332,0.987722192821343,0.39246713682876133,0.9863811170306601,0.00097721,64.1,,,,,,,,,,,,,,,,,,,,,,1,90.42,100,0,84.5,100,62,66.25,68,16,18.08,25,120.6,216.15,225.3,2731.2,10801.0,36.0,0,11.0,17.53,58.3,35.78,35.85,35.98,63.16,0.09,0.09,0.09,19.04,0.0,0.02,0.03,0.07,2.42,5.48,11.334,14.186,14.954,14.95,14.954,15.992,0.768,0.77,0.768,1367.0,18001.0,49658.0,2050.0,59720.25,141113.0,4,4.0,4,16,16.0,16,4,16,48.72,10.83
22,1,,,,,,,0,0,59,25,135.2,2745,10801,36,0,58.5,81.5;87.1;94.5;92.9;89.6;89.0;95.1;98.2;86.5;76.1;93.3;88.1;59.4;48.3;9.5;11.3;46.3;44.2;9.5;10.4;32.2;30.3;14.4;14.9,35.95,0.09,0.01,0.05,14.954,0.768,3955.0,203320.0,4,16,,,,,,,,,,,,,,,,,,,,,,,,,,,,,,,,,,,,,,,,,,,,,,,,,,,,,,,,,,,,,
22,2,,,,,,,100,91,68,18,224.5,2730,10801,36,0,14.1,12.2;1.7;12.8;8.4;2.8;1.7;37.0;75.2;19.3;37.5;79.3;44.3;1.1;0.8;0.8;0.6;0.3;0.3;0.0;0.0;0.3;0.3;0.0;1.1,35.91,0.09,0.01,4.39,14.954,0.768,19042.0,24804.0,4,16,,,,,,,,,,,,,,,,,,,,,,,,,,,,,,,,,,,,,,,,,,,,,,,,,,,,,,,,,,,,,
22,3,,,,,,,96,93,66,18,224.2,2730,10801,36,0,15.2,17.7;2.5;13.7;6.0;6.9;3.0;39.7;59.0;38.8;48.2;79.9;34.4;2.2;1.7;0.8;0.3;1.9;1.4;0.0;1.1;1.4;0.8;0.8;2.5,35.9,0.09,0.01,4.68,14.954,0.768,4345.0,25000.0,4,16,,,,,,,,,,,,,,,,,,,,,,,,,,,,,,,,,,,,,,,,,,,,,,,,,,,,,,,,,,,,,
22,4,,,,,,,100,98,66,17,224.6,2730,10801,36,0,14.0,13.9;0.8;11.7;5.0;2.5;1.4;46.0;64.2;34.5;29.6;64.7;57.4;0.3;1.9;0.0;0.0;0.0;0.0;0.0;0.0;0.0;0.6;0.3;1.7,35.87,0.09,0.01,4.0,14.954,0.768,25732.0,30419.0,4,16,,,,,,,,,,,,,,,,,,,,,,,,,,,,,,,,,,,,,,,,,,,,,,,,,,,,,,,,,,,,,
22,5,,,,,,,97,86,67,18,224.0,2730,10801,36,0,14.7,16.2;2.2;16.9;12.0;3.1;3.3;52.6;54.3;37.8;41.9;64.3;40.0;2.5;0.6;0.3;0.0;1.1;0.6;0.0;0.0;1.1;0.3;0.6;1.4,35.87,0.09,0.01,3.11,14.954,0.768,4199.0,193798.0,4,16,,,,,,,,,,,,,,,,,,,,,,,,,,,,,,,,,,,,,,,,,,,,,,,,,,,,,,,,,,,,,
22,6,,,,,,,100,100,67,19,224.9,2730,10801,36,0,14.3,12.7;2.0;14.0;5.3;4.5;2.8;60.1;65.6;33.6;30.3;94.7;13.4;1.1;0.3;0.0;0.3;0.0;0.3;0.0;0.0;1.1;0.0;0.0;0.6,35.84,0.09,0.02,2.61,14.954,0.768,13281.0,10839.0,4,16,,,,,,,,,,,,,,,,,,,,,,,,,,,,,,,,,,,,,,,,,,,,,,,,,,,,,,,,,,,,,
22,7,,,,,,,96,93,66,18,224.7,2730,10801,36,0,14.0,10.5;2.2;12.9;4.7;4.7;1.9;39.7;68.0;43.4;26.4;70.1;46.0;1.1;1.1;0.0;0.0;1.4;0.8;0.0;0.0;0.8;0.6;0.3;0.5,35.83,0.09,0.0,2.68,14.954,0.768,25585.0,103515.0,4,16,,,,,,,,,,,,,,,,,,,,,,,,,,,,,,,,,,,,,,,,,,,,,,,,,,,,,,,,,,,,,
22,8,,,,,,,96,91,66,17,224.8,2730,10801,36,0,14.2,11.8;1.7;9.2;8.4;3.9;2.8;46.9;51.5;33.5;37.5;58.5;67.6;2.0;0.8;0.0;0.0;1.4;0.8;0.0;0.0;0.8;1.1;0.6;0.6,35.8,0.09,0.02,1.53,14.954,0.768,22070.0,11376.0,4,16,,,,,,,,,,,,,,,,,,,,,,,,,,,,,,,,,,,,,,,,,,,,,,,,,,,,,,,,,,,,,
22,9,,,,,,,100,90,68,18,224.2,2730,10801,36,0,14.9,15.7;1.7;9.5;7.2;4.2;3.9;45.5;63.8;39.6;31.1;72.1;45.4;2.5;1.4;4.2;3.9;1.7;0.8;0.3;0.6;1.1;0.3;0.3;1.4,35.79,0.09,0.01,1.5,14.954,0.768,9619.0,55371.0,4,16,,,,,,,,,,,,,,,,,,,,,,,,,,,,,,,,,,,,,,,,,,,,,,,,,,,,,,,,,,,,,
22,10,,,,,,,96,91,67,17,224.0,2730,10801,36,0,15.6,14.9;2.8;13.2;11.5;3.4;5.6;60.1;77.7;37.1;26.0;93.3;6.4;2.2;2.5;0.6;0.6;4.5;4.5;0.3;0.6;2.5;1.4;0.8;2.2,35.78,0.09,0.0,4.0,14.954,0.768,9863.0,59716.0,4,16,,,,,,,,,,,,,,,,,,,,,,,,,,,,,,,,,,,,,,,,,,,,,,,,,,,,,,,,,,,,,
22,11,,,,,,,100,93,66,17,225.2,2730,10801,36,0,11.2,15.6;1.9;4.4;4.1;2.2;1.7;74.1;31.6;12.7;12.9;99.5;1.4;0.6;1.1;0.0;0.0;0.0;0.3;0.5;0.8;0.3;0.5;0.3;1.1,35.77,0.09,0.06,0.2,14.954,0.768,21875.0,45800.0,4,16,,,,,,,,,,,,,,,,,,,,,,,,,,,,,,,,,,,,,,,,,,,,,,,,,,,,,,,,,,,,,
22,12,,,,,,,100,100,68,17,225.8,2730,10801,36,0,10.9,12.8;0.5;6.3;4.8;2.4;1.9;66.5;33.8;11.6;16.9;12.6;88.0;0.0;1.9;0.0;0.0;0.5;0.5;0.0;0.0;0.0;0.0;0.0;0.0,35.78,0.09,0.03,0.14,14.954,0.768,439.0,39550.0,4,16,,,,,,,,,,,,,,,,,,,,,,,,,,,,,,,,,,,,,,,,,,,,,,,,,,,,,,,,,,,,,
22,summary,0.38475114627584805,0.9884879992528718,0.3879677331872823,0.9877924002399181,0.00097478,64.3,,,,,,,,,,,,,,,,,,,,,,0,90.08,100,0,85.5,100,59,66.17,68,17,18.25,25,135.2,217.17,225.8,2731.2,10801.0,36.0,0,10.9,17.63,58.5,35.77,35.84,35.95,63.16,0.09,0.09,0.09,19.04,0.0,0.02,0.06,0.05,2.41,4.68,11.333,14.186,14.954,14.95,14.954,15.992,0.768,0.77,0.768,439.0,13333.75,25732.0,10839.0,66959.0,203320.0,4,4.0,4,16,16.0,16,4,16,48.61,11.02
23,1,,,,,,,0,0,59,19,130.3,2745,10801,36,0,57.8,77.5;82.0;94.2;93.3;90.5;90.8;96.9;94.2;83.7;84.4;93.0;84.0;41.5;62.1;10.4;7.4;41.3;55.0;4.0;5.2;31.2;35.5;13.5;14.6,36.03,0.09,0.0,0.02,14.954,0.768,31152.0,156005.0,4,16,,,,,,,,,,,,,,,,,,,,,,,,,,,,,,,,,,,,,,,,,,,,,,,,,,,,,,,,,,,,,
23,2,,,,,,,96,92,66,17,224.6,2730,10801,36,0,14.9,16.1;1.7;11.5;13.9;3.6;5.9;50.6;62.3;37.8;22.1;55.9;70.9;0.8;1.1;0.6;0.6;0.0;0.3;0.0;0.0;0.3;0.0;0.0;2.2,35.94,0.09,0.01,5.11,14.954,0.768,4980.0,29931.0,4,16,,,,,,,,,,,,,,,,,,,,,,,,,,,,,,,,,,,,,,,,,,,,,,,,,,,,,,,,,,,,,
23,3,,,,,,,100,91,67,18,223.9,2730,10801,36,0,14.1,11.5;0.3;8.7;8.1;1.4;3.4;62.1;61.8;37.3;38.9;91.9;8.7;0.6;0.6;0.0;0.0;0.6;0.0;0.0;0.6;0.0;0.0;0.6;2.5,35.9,0.09,0.03,5.86,14.954,0.768,31982.0,11035.0,4,16,,,,,,,,,,,,,,,,,,,,,,,,,,,,,,,,,,,,,,,,,,,,,,,,,,,,,,,,,,,,,
23,4,,,,,,,96,91,66,17,224.2,2730,10801,36,0,14.1,11.3;1.4;10.7;8.2;4.9;5.5;64.6;57.1;35.6;28.0;84.1;21.4;0.5;1.6;1.4;1.1;0.0;0.3;0.0;0.0;0.3;0.0;0.0;0.3,35.87,0.09,0.0,4.42,14.954,0.768,11376.0,33837.0,4,16,,,,,,,,,,,,,,,,,,,,,,,,,,,,,,,,,,,,,,,,,,,,,,,,,,,,,,,,,,,,,
23,5,,,,,,,100,91,68,18,224.9,2730,10801,36,0,15.0,13.8;2.2;9.7;8.9;6.1;3.9;44.8;59.8;41.5;36.2;66.2;56.7;1.1;1.7;0.3;0.0;1.7;0.6;0.0;0.0;0.6;0.3;0.3;2.2,35.85,0.09,0.01,3.85,14.954,0.768,37792.0,18701.0,4,16,,,,,,,,,,,,,,,,,,,,,,,,,,,,,,,,,,,,,,,,,,,,,,,,,,,,,,,,,,,,,
23,6,,,,,,,96,85,66,18,224.3,2730,10801,36,0,14.9,16.4;2.5;13.4;8.7;2.8;3.1;30.7;71.7;37.2;45.5;47.6;64.4;1.9;1.4;0.0;0.6;1.4;0.6;0.3;0.3;1.7;1.1;0.3;3.9,35.84,0.09,0.02,2.95,14.954,0.768,26757.0,11669.0,4,16,,,,,,,,,,,,,,,,,,,,,,,,,,,,,,,,,,,,,,,,,,,,,,,,,,,,,,,,,,,,,
23,7,,,,,,,99,100,67,18,224.7,2730,10801,36,0,14.6,17.2;2.0;12.3;7.8;3.9;4.2;65.1;73.5;35.9;19.3;99.4;0.8;1.1;1.7;0.3;0.3;2.2;0.3;0.0;0.0;0.8;0.6;1.4;0.6,35.84,0.09,0.0,2.36,14.954,0.768,4785.0,30029.0,4,16,,,,,,,,,,,,,,,,,,,,,,,,,,,,,,,,,,,,,,,,,,,,,,,,,,,,,,,,,,,,,
23,8,,,,,,,96,94,68,17,214.0,2730,10801,36,0,14.5,16.4;0.6;10.7;6.0;3.3;2.2;62.0;54.4;45.1;37.2;97.0;2.8;2.2;1.4;0.6;0.0;1.1;0.8;0.0;0.3;0.6;0.6;0.6;1.9,35.82,0.09,0.03,2.56,14.954,0.768,24755.0,11962.0,4,16,,,,,,,,,,,,,,,,,,,,,,,,,,,,,,,,,,,,,,,,,,,,,,,,,,,,,,,,,,,,,
23,9,,,,,,,97,92,67,17,224.1,2730,10801,36,0,14.3,18.0;2.2;11.2;6.2;2.5;2.5;47.9;54.1;35.3;31.4;70.6;56.0;0.0;1.7;0.0;0.0;0.8;0.8;0.0;0.0;1.1;0.8;0.0;0.0,35.81,0.09,0.01,1.51,14.954,0.768,5761.0,36669.0,4,16,,,,,,,,,,,,,,,,,,,,,,,,,,,,,,,,,,,,,,,,,,,,,,,,,,,,,,,,,,,,,
23,10,,,,,,,100,90,66,17,224.4,2730,10801,36,0,15.3,17.6;1.1;13.5;5.6;5.3;3.1;52.2;69.6;43.6;32.0;73.2;32.5;2.8;1.7;0.3;0.3;2.5;2.5;0.6;0.3;1.7;1.4;1.4;1.7,35.81,0.09,0.0,1.48,14.954,0.768,42578.0,107128.0,4,16,,,,,,,,,,,,,,,,,,,,,,,,,,,,,,,,,,,,,,,,,,,,,,,,,,,,,,,,,,,,,
23,11,,,,,,,96,93,68,17,224.3,2730,10801,36,0,11.0,11.8;0.0;6.2;3.9;1.7;1.7;57.2;44.8;23.8;9.6;99.4;0.6;0.8;0.3;0.0;0.0;0.0;0.3;0.0;0.0;0.6;0.3;0.0;0.8,35.77,0.09,0.02,3.68,14.954,0.768,36914.0,12500.0,4,16,,,,,,,,,,,,,,,,,,,,,,,,,,,,,,,,,,,,,,,,,,,,,,,,,,,,,,,,,,,,,
23,12,,,,,,,100,90,66,17,225.3,2730,10801,36,0,12.0,19.5;2.0;7.5;5.5;3.0;1.5;87.1;12.4;23.9;12.9;46.3;58.2;0.0;2.5;0.5;0.0;0.5;0.0;0.5;1.0;0.5;0.0;0.0;1.0,35.78,0.09,0.04,0.17,14.954,0.768,0.0,2392.0,4,16,,,,,,,,,,,,,,,,,,,,,,,,,,,,,,,,,,,,,,,,,,,,,,,,,,,,,,,,,,,,,
23,summary,0.38621785122657315,0.9878280359866762,0.3873670943491722,0.9877571181596867,0.00097224,64.0,,,,,,,,,,,,,,,,,,,,,,0,89.67,100,0,84.08,100,59,66.17,68,17,17.5,19,130.3,215.75,225.3,2731.2,10801.0,36.0,0,11.0,17.71,57.8,35.77,35.85,36.03,63.16,0.09,0.09,0.09,19.04,0.0,0.01,0.04,0.02,2.83,5.86,11.335,14.186,14.954,14.95,14.954,15.992,0.768,0.77,0.768,0.0,21569.33,42578.0,2392.0,38488.17,156005.0,4,4.0,4,16,16.0,16,4,16,48.72,10.77
24,1,,,,,,,5,0,60,25,152.9,2745,10801,36,0,58.0,77.3;84.1;88.7;89.3;86.5;86.9;94.2;96.3;77.7;82.9;97.2;81.7;46.5;50.2;13.8;15.3;45.0;47.7;7.3;4.9;34.6;39.0;28.1;16.5,35.96,0.09,0.0,1.26,14.954,0.768,23974.0,192919.0,4,16,,,,,,,,,,,,,,,,,,,,,,,,,,,,,,,,,,,,,,,,,,,,,,,,,,,,,,,,,,,,,
24,2,,,,,,,100,91,66,19,224.2,2730,10801,36,0,14.2,14.1;1.4;9.9;6.1;1.9;1.9;78.9;42.9;28.2;35.2;93.1;21.8;1.7;0.6;0.0;0.0;1.1;1.1;0.0;0.0;0.6;0.0;0.3;0.6,35.91,0.09,0.01,7.11,14.954,0.768,5419.0,20654.0,4,16,,,,,,,,,,,,,,,,,,,,,,,,,,,,,,,,,,,,,,,,,,,,,,,,,,,,,,,,,,,,,
24,3,,,,,,,96,88,67,17,223.7,2730,10801,36,0,14.6,15.2;2.5;8.1;10.0;3.3;3.6;81.3;27.2;29.5;43.3;63.1;56.7;0.8;0.3;0.0;0.0;0.3;0.8;0.8;0.6;0.6;0.6;0.6;1.9,35.89,0.09,0.01,4.93,14.954,0.768,29736.0,217675.0,4,16,,,,,,,,,,,,,,,,,,,,,,,,,,,,,,,,,,,,,,,,,,,,,,,,,,,,,,,,,,,,,
24,4,,,,,,,100,100,67,16,224.5,2730,10801,36,0,14.4,14.8;1.7;7.3;8.7;2.2;2.8;47.1;54.0;33.2;35.2;84.7;51.1;0.0;0.0;0.3;0.0;0.3;0.3;0.3;0.0;0.6;0.0;0.0;0.3,35.88,0.09,0.02,4.2,14.954,0.768,4736.0,60107.0,4,16,,,,,,,,,,,,,,,,,,,,,,,,,,,,,,,,,,,,,,,,,,,,,,,,,,,,,,,,,,,,,
24,5,,,,,,,100,91,66,18,224.9,2730,10801,36,0,13.9,13.2;0.6;9.8;9.2;2.0;1.7;33.4;68.3;30.3;49.6;74.6;35.3;1.4;1.7;0.0;0.0;0.3;0.0;0.0;0.0;0.8;0.8;0.0;0.6,35.86,0.09,0.03,3.32,14.954,0.768,15136.0,10791.0,4,16,,,,,,,,,,,,,,,,,,,,,,,,,,,,,,,,,,,,,,,,,,,,,,,,,,,,,,,,,,,,,
24,6,,,,,,,98,94,66,15,225.1,2730,10801,36,0,13.7,13.7;1.9;7.7;8.5;3.3;3.0;15.9;83.5;32.4;49.3;71.9;34.4;0.8;0.3;0.0;0.3;0.3;0.5;0.0;0.0;0.5;0.3;0.0;1.1,35.83,0.09,0.02,3.29,14.954,0.768,4931.0,47460.0,4,16,,,,,,,,,,,,,,,,,,,,,,,,,,,,,,,,,,,,,,,,,,,,,,,,,,,,,,,,,,,,,
24,7,,,,,,,100,91,66,18,224.7,2730,10801,36,0,14.9,15.5;3.1;11.7;9.5;3.4;4.8;66.6;57.0;15.7;40.2;82.9;37.5;1.7;0.0;0.8;0.8;0.6;0.0;0.3;0.8;1.1;0.8;0.6;1.4,35.82,0.09,0.0,2.2,14.954,0.768,33056.0,11962.0,4,16,,,,,,,,,,,,,,,,,,,,,,,,,,,,,,,,,,,,,,,,,,,,,,,,,,,,,,,,,,,,,
24,8,,,,,,,96,93,68,18,224.8,2730,10801,36,0,14.1,13.2;0.8;5.6;9.9;2.0;3.4;48.9;51.7;37.7;37.3;57.5;64.0;1.1;0.3;0.3;0.0;0.6;0.6;0.0;0.0;0.6;0.0;0.3;1.7,35.81,0.09,0.02,1.67,14.954,0.768,5224.0,56542.0,4,16,,,,,,,,,,,,,,,,,,,,,,,,,,,,,,,,,,,,,,,,,,,,,,,,,,,,,,,,,,,,,
24,9,,,,,,,100,99,68,18,225.5,2730,10801,36,0,14.5,16.9;2.2;11.7;10.6;3.9;2.5;34.2;70.9;27.4;52.2;72.0;37.2;1.7;1.1;0.0;0.0;0.8;1.1;0.3;0.0;0.0;0.3;0.3;0.8,35.8,0.09,0.0,1.5,14.954,0.768,35937.0,38916.0,4,16,,,,,,,,,,,,,,,,,,,,,,,,,,,,,,,,,,,,,,,,,,,,,,,,,,,,,,,,,,,,,
24,10,,,,,,,96,91,67,18,225.0,2730,10801,36,0,15.1,20.3;1.9;5.7;11.2;3.8;3.6;52.3;81.7;22.3;44.1;95.9;6.8;1.6;1.9;0.5;0.8;0.8;0.8;0.0;0.0;1.6;1.9;0.3;1.9,35.78,0.09,0.02,4.34,14.954,0.768,30371.0,14208.0,4,16,,,,,,,,,,,,,,,,,,,,,,,,,,,,,,,,,,,,,,,,,,,,,,,,,,,,,,,,,,,,,
24,11,,,,,,,100,100,67,15,225.5,2730,10801,36,0,11.4,13.9;1.7;6.7;2.8;3.1;1.7;25.2;77.8;7.3;20.7;94.9;9.8;1.4;0.6;0.0;0.8;0.3;0.6;0.0;0.6;0.6;0.8;0.3;2.8,35.79,0.09,0.01,0.08,14.954,0.768,20312.0,31591.0,4,16,,,,,,,,,,,,,,,,,,,,,,,,,,,,,,,,,,,,,,,,,,,,,,,,,,,,,,,,,,,,,
24,12,,,,,,,96,84,67,16,224.9,2730,10801,36,0,11.6,19.6;1.0;7.0;2.5;4.5;1.0;86.6;15.0;22.3;7.5;99.5;1.5;2.0;2.0;0.0;0.0;0.0;1.0;0.0;0.0;1.5;1.0;1.0;0.5,35.79,0.09,0.0,0.06,14.954,0.768,683.0,292.0,4,16,,,,,,,,,,,,,,,,,,,,,,,,,,,,,,,,,,,,,,,,,,,,,,,,,,,,,,,,,,,,,
24,summary,0.38534808093913003,0.9883323475391464,0.38767465965146297,0.9874748615178351,0.00096957,64.1,,,,,,,,,,,,,,,,,,,,,,5,90.58,100,0,85.17,100,60,66.25,68,15,17.75,25,152.9,218.81,225.5,2731.2,10801.0,36.0,0,11.4,17.53,58.0,35.78,35.84,35.96,63.16,0.09,0.09,0.09,19.04,0.0,0.01,0.03,0.06,2.83,7.11,11.335,14.186,14.954,14.95,14.954,15.992,0.768,0.77,0.768,683.0,17459.58,35937.0,292.0,58593.08,217675.0,4,4.0,4,16,16.0,16,4,16,48.83,10.78
25,1,,,,,,,0,0,59,25,136.7,2745,10801,36,0,58.5,81.7;81.2;94.8;91.5;87.9;89.4;96.1;94.6;81.2;77.4;96.7;79.3;51.1;49.5;13.5;16.2;42.0;42.6;12.0;14.2;37.5;38.1;21.0;15.4,35.96,0.09,0.02,0.06,14.954,0.768,19628.0,61083.0,4,16,,,,,,,,,,,,,,,,,,,,,,,,,,,,,,,,,,,,,,,,,,,,,,,,,,,,,,,,,,,,,
25,2,,,,,,,96,86,67,17,224.4,2730,10801,36,0,14.3,15.2;1.1;8.6;7.8;3.6;1.1;57.0;53.8;37.8;41.7;96.4;8.7;1.1;1.1;0.3;0.0;1.1;1.1;0.3;0.0;1.1;2.0;0.8;1.1,35.91,0.09,0.01,5.58,14.954,0.768,15869.0,10839.0,4,16,,,,,,,,,,,,,,,,,,,,,,,,,,,,,,,,,,,,,,,,,,,,,,,,,,,,,,,,,,,,,
25,3,,,,,,,100,97,67,17,224.8,2730,10801,36,0,14.6,15.5;0.5;15.3;11.5;5.5;4.4;49.2;50.0;42.3;24.9;75.8;42.6;1.6;1.6;0.0;0.3;2.2;0.5;0.5;1.1;1.6;0.8;1.1;1.6,35.87,0.09,0.03,4.57,14.954,0.768,40429.0,41406.0,4,16,,,,,,,,,,,,,,,,,,,,,,,,,,,,,,,,,,,,,,,,,,,,,,,,,,,,,,,,,,,,,
25,4,,,,,,,96,82,67,17,224.6,2730,10801,36,0,14.5,11.2;0.8;11.5;11.7;3.4;2.5;52.2;60.3;49.2;26.4;80.6;31.2;0.8;1.1;0.0;0.3;0.3;0.6;0.0;0.0;0.3;0.0;0.6;1.7,35.84,0.09,0.0,4.5,14.954,0.768,15820.0,11962.0,4,16,,,,,,,,,,,,,,,,,,,,,,,,,,,,,,,,,,,,,,,,,,,,,,,,,,,,,,,,,,,,,
25,5,,,,,,,98,96,67,18,225.4,2730,10801,36,0,15.4,15.0;2.8;18.1;12.6;5.8;5.3;43.1;64.0;47.6;23.0;78.9;36.1;5.0;1.7;0.8;0.3;1.1;1.4;0.3;0.8;1.1;0.6;1.7;2.5,35.82,0.09,0.01,2.95,14.954,0.768,4785.0,34912.0,4,16,,,,,,,,,,,,,,,,,,,,,,,,,,,,,,,,,,,,,,,,,,,,,,,,,,,,,,,,,,,,,
25,6,,,,,,,100,92,67,17,225.1,2730,10801,36,0,14.1,13.8;1.4;9.4;7.3;2.0;2.0;63.1;50.3;41.9;29.1;88.3;24.0;1.7;1.1;0.6;0.3;0.6;0.0;0.3;0.6;0.6;0.3;0.3;0.8,35.82,0.09,0.01,2.23,14.954,0.768,66552.0,21826.0,4,16,,,,,,,,,,,,,,,,,,,,,,,,,,,,,,,,,,,,,,,,,,,,,,,,,,,,,,,,,,,,,
25,7,,,,,,,100,98,68,18,225.3,2730,10801,36,0,14.3,14.3;3.6;10.4;7.4;3.0;1.7;50.3;56.5;53.9;27.9;79.9;25.1;3.3;1.7;0.3;0.0;0.8;0.0;0.0;0.0;1.6;0.6;0.3;1.1,35.81,0.09,0.01,2.01,14.954,0.768,34570.0,10742.0,4,16,,,,,,,,,,,,,,,,,,,,,,,,,,,,,,,,,,,,,,,,,,,,,,,,,,,,,,,,,,,,,
25,8,,,,,,,100,90,67,17,225.0,2730,10801,36,0,14.0,14.8;0.8;11.9;8.6;3.1;3.1;53.8;71.8;36.6;26.3;88.3;12.8;0.6;0.8;0.0;0.6;0.0;0.0;0.3;0.0;0.3;0.0;0.0;0.8,35.82,0.09,0.02,1.5,14.954,0.768,8837.0,40722.0,4,16,,,,,,,,,,,,,,,,,,,,,,,,,,,,,,,,,,,,,,,,,,,,,,,,,,,,,,,,,,,,,
25,9,,,,,,,96,91,68,17,224.2,2730,10801,36,0,14.0,11.4;0.8;5.3;7.8;2.5;2.2;37.3;69.6;40.9;30.7;75.7;43.9;1.4;0.3;0.0;0.0;1.4;1.7;0.0;0.0;0.6;0.3;0.0;0.8,35.8,0.09,0.07,1.56,14.954,0.768,43505.0,20556.0,4,16,,,,,,,,,,,,,,,,,,,,,,,,,,,,,,,,,,,,,,,,,,,,,,,,,,,,,,,,,,,,,
25,10,,,,,,,100,100,66,17,225.0,2730,10801,36,0,14.2,18.2;2.0;8.4;8.4;3.3;3.3;65.8;49.6;39.7;27.7;79.3;30.7;1.1;0.3;0.0;0.3;0.3;0.0;0.0;0.0;0.3;0.3;0.6;0.6,35.77,0.09,0.01,3.7,14.954,0.768,9814.0,34912.0,4,16,,,,,,,,,,,,,,,,,,,,,,,,,,,,,,,,,,,,,,,,,,,,,,,,,,,,,,,,,,,,,
25,11,,,,,,,96,91,68,17,225.1,2730,10801,36,0,10.9,12.3;1.1;4.1;5.8;1.7;1.4;41.2;57.7;11.0;17.6;81.3;18.8;0.8;1.1;0.3;0.6;0.8;1.4;0.0;0.3;0.8;0.8;0.6;0.6,35.77,0.09,0.0,0.02,14.954,0.768,4882.0,21484.0,4,16,,,,,,,,,,,,,,,,,,,,,,,,,,,,,,,,,,,,,,,,,,,,,,,,,,,,,,,,,,,,,
25,12,,,,,,,92,73,67,18,224.7,2730,10801,36,0,12.3,15.7;3.4;7.9;4.5;3.9;4.0;78.7;24.1;14.9;21.7;96.1;5.4;3.0;2.5;0.5;0.0;0.5;3.4;0.0;0.5;0.5;0.5;0.5;2.5,35.77,0.09,0.06,0.2,14.954,0.768,439.0,390.0,4,16,,,,,,,,,,,,,,,,,,,,,,,,,,,,,,,,,,,,,,,,,,,,,,,,,,,,,,,,,,,,,
25,summary,0.3835553638236971,0.9886436509665971,0.39123030026706074,0.9867339378329746,0.00096679,64.3,,,,,,,,,,,,,,,,,,,,,,0,89.5,100,0,83.0,100,59,66.5,68,17,17.92,25,136.7,217.53,225.4,2731.2,10801.0,36.0,0,10.9,17.59,58.5,35.77,35.83,35.96,63.16,0.09,0.09,0.09,19.04,0.0,0.02,0.07,0.02,2.41,5.58,11.336,14.186,14.954,14.95,14.954,15.992,0.768,0.77,0.768,439.0,22094.17,66552.0,390.0,25902.83,61083.0,4,4.0,4,16,16.0,16,4,16,49.06,10.63
26,1,,,,,,,2,1,59,18,125.3,2745,10801,36,0,58.7,81.8;81.5;93.2;93.5;85.8;88.9;94.8;96.3;83.4;80.9;92.6;78.1;48.5;54.3;13.6;15.1;41.7;45.0;9.3;12.3;38.8;38.0;21.2;19.6,35.99,0.09,0.01,0.06,14.954,0.768,20410.0,197265.0,4,16,,,,,,,,,,,,,,,,,,,,,,,,,,,,,,,,,,,,,,,,,,,,,,,,,,,,,,,,,,,,,
26,2,,,,,,,100,94,66,19,224.4,2730,10801,36,0,15.2,13.0;3.1;6.7;12.9;4.5;5.6;62.0;84.6;34.5;23.9;99.2;2.8;2.2;1.1;0.6;0.3;0.6;1.4;0.0;0.3;0.8;0.6;0.3;2.8,35.91,0.09,0.0,4.37,14.954,0.768,30468.0,39160.0,4,16,,,,,,,,,,,,,,,,,,,,,,,,,,,,,,,,,,,,,,,,,,,,,,,,,,,,,,,,,,,,,
26,3,,,,,,,96,90,66,17,224.9,2730,10801,36,0,14.0,11.9;1.4;8.7;10.3;3.4;3.6;33.3;66.1;24.9;29.8;73.8;62.0;1.7;1.1;0.8;0.6;0.0;1.1;0.0;0.0;0.8;0.0;0.8;0.6,35.88,0.09,0.02,4.73,14.954,0.768,15673.0,11132.0,4,16,,,,,,,,,,,,,,,,,,,,,,,,,,,,,,,,,,,,,,,,,,,,,,,,,,,,,,,,,,,,,
26,4,,,,,,,100,91,68,18,224.6,2730,10801,36,0,14.1,16.8;1.9;5.5;12.4;3.3;1.4;53.3;46.7;26.9;34.6;73.6;57.3;0.5;1.4;0.0;0.0;0.5;0.5;0.0;0.0;0.8;0.3;0.0;1.1,35.86,0.09,0.02,3.98,14.954,0.768,6787.0,46093.0,4,16,,,,,,,,,,,,,,,,,,,,,,,,,,,,,,,,,,,,,,,,,,,,,,,,,,,,,,,,,,,,,
26,5,,,,,,,96,93,66,17,224.9,2730,10801,36,0,14.0,14.2;3.6;9.2;13.9;2.2;2.8;64.0;47.2;29.5;30.6;81.6;33.5;0.6;1.4;0.0;0.0;0.6;0.6;0.0;0.0;0.0;0.3;0.6;0.0,35.85,0.09,0.0,3.06,14.954,0.768,4736.0,23828.0,4,16,,,,,,,,,,,,,,,,,,,,,,,,,,,,,,,,,,,,,,,,,,,,,,,,,,,,,,,,,,,,,
26,6,,,,,,,100,92,67,16,225.2,2730,10801,36,0,14.7,17.1;2.8;10.4;6.7;3.1;2.8;80.3;47.8;22.8;46.9;76.5;26.7;0.6;2.2;0.6;0.3;1.7;0.3;0.6;0.0;0.0;0.6;0.3;1.7,35.82,0.09,0.03,2.82,14.954,0.768,32910.0,11816.0,4,16,,,,,,,,,,,,,,,,,,,,,,,,,,,,,,,,,,,,,,,,,,,,,,,,,,,,,,,,,,,,,
26,7,,,,,,,96,84,66,17,225.2,2730,10801,36,0,14.8,14.8;1.7;10.6;6.9;4.7;2.8;66.3;60.9;34.2;43.7;91.9;7.0;2.5;0.8;0.0;0.3;0.6;0.8;0.0;0.0;1.1;1.1;0.6;0.6,35.82,0.09,0.01,2.2,14.954,0.768,4443.0,50488.0,4,16,,,,,,,,,,,,,,,,,,,,,,,,,,,,,,,,,,,,,,,,,,,,,,,,,,,,,,,,,,,,,
26,8,,,,,,,98,96,67,18,225.3,2730,10801,36,0,15.1,12.6;3.8;11.8;8.2;6.0;3.3;52.9;48.1;23.0;44.0;72.4;59.1;3.3;1.9;0.8;0.3;1.9;2.2;1.1;0.8;1.4;0.5;0.3;2.5,35.82,0.09,0.14,2.85,14.954,0.768,14208.0,21875.0,4,16,,,,,,,,,,,,,,,,,,,,,,,,,,,,,,,,,,,,,,,,,,,,,,,,,,,,,,,,,,,,,
26,9,,,,,,,96,93,66,17,224.8,2730,10801,36,0,13.9,10.9;0.6;11.5;11.2;1.7;1.7;77.5;35.1;18.0;43.6;94.2;22.5;0.8;0.3;0.0;0.0;0.3;0.6;0.0;0.0;0.0;0.0;0.0;2.2,35.81,0.09,0.04,1.6,14.954,0.768,25195.0,11669.0,4,16,,,,,,,,,,,,,,,,,,,,,,,,,,,,,,,,,,,,,,,,,,,,,,,,,,,,,,,,,,,,,
26,10,,,,,,,97,91,67,18,224.9,2730,10801,36,0,14.3,15.6;2.0;8.9;8.9;3.1;3.1;78.4;37.6;32.3;32.8;86.6;29.6;1.9;0.0;0.0;0.0;0.3;0.3;0.0;0.3;0.3;0.0;0.0;0.8,35.79,0.09,0.03,4.11,14.954,0.768,41455.0,28466.0,4,16,,,,,,,,,,,,,,,,,,,,,,,,,,,,,,,,,,,,,,,,,,,,,,,,,,,,,,,,,,,,,
26,11,,,,,,,100,91,68,17,225.2,2730,10801,36,0,11.5,15.4;2.0;5.3;4.5;2.0;1.7;34.4;66.9;17.7;12.9;43.7;65.0;1.1;0.0;0.0;0.0;1.4;0.3;0.3;0.3;0.3;0.0;0.0;0.6,35.78,0.09,0.0,0.04,14.954,0.768,5419.0,43505.0,4,16,,,,,,,,,,,,,,,,,,,,,,,,,,,,,,,,,,,,,,,,,,,,,,,,,,,,,,,,,,,,,
26,12,,,,,,,97,93,67,15,225.2,2730,10801,36,0,11.3,15.0;2.0;6.0;2.5;2.5;2.0;14.9;86.0;18.8;13.0;100.0;0.0;1.5;1.0;0.0;0.5;1.0;0.5;0.0;0.0;0.5;0.0;0.5;2.5,35.77,0.09,0.02,0.1,14.954,0.768,488.0,2246.0,4,16,,,,,,,,,,,,,,,,,,,,,,,,,,,,,,,,,,,,,,,,,,,,,,,,,,,,,,,,,,,,,
26,summary,0.38204120849069734,0.9893160663698908,0.3897086412783917,0.987545425678298,0.00096389,64.1,,,,,,,,,,,,,,,,,,,,,,2,89.83,100,1,84.08,96,59,66.08,68,15,17.25,19,125.3,216.66,225.3,2731.2,10801.0,36.0,0,11.3,17.63,58.7,35.77,35.84,35.99,63.16,0.09,0.09,0.09,19.04,0.0,0.03,0.14,0.04,2.49,4.73,11.334,14.186,14.954,14.95,14.954,15.992,0.768,0.77,0.768,488.0,16849.33,41455.0,2246.0,40628.58,197265.0,4,4.0,4,16,16.0,16,4,16,48.86,10.65
27,1,,,,,,,2,0,60,25,144.1,2745,10801,36,0,59.5,77.5;77.9;87.8;89.9;91.1;92.0;97.9;94.5;77.7;79.8;92.6;78.8;52.3;49.7;17.4;17.1;46.3;50.2;13.8;14.4;38.2;43.1;27.8;19.1,35.93,0.09,0.03,1.51,14.954,0.768,8056.0,200244.0,4,16,,,,,,,,,,,,,,,,,,,,,,,,,,,,,,,,,,,,,,,,,,,,,,,,,,,,,,,,,,,,,
27,2,,,,,,,98,94,68,19,224.5,2730,10801,36,0,14.6,15.9;2.2;14.6;8.3;2.8;3.3;26.6;74.2;20.6;38.8;58.1;76.6;1.4;0.8;0.6;0.8;1.1;0.3;0.0;0.5;0.3;0.8;0.8;1.9,35.89,0.09,0.0,5.34,14.954,0.768,15917.0,21435.0,4,16,,,,,,,,,,,,,,,,,,,,,,,,,,,,,,,,,,,,,,,,,,,,,,,,,,,,,,,,,,,,,
27,3,,,,,,,100,100,66,18,225.2,2730,10801,36,0,14.2,10.1;1.7;13.4;11.7;2.5;2.2;53.8;46.2;35.2;38.4;80.8;40.8;1.1;0.6;0.0;0.0;0.6;0.6;0.0;0.0;0.0;0.0;0.0;0.8,35.87,0.09,0.02,4.38,14.954,0.768,50976.0,12597.0,4,16,,,,,,,,,,,,,,,,,,,,,,,,,,,,,,,,,,,,,,,,,,,,,,,,,,,,,,,,,,,,,
27,4,,,,,,,97,86,66,17,224.4,2730,10801,36,0,15.9,14.9;3.9;12.5;11.7;6.4;6.9;62.8;61.7;27.3;41.8;86.3;23.2;3.3;4.2;1.1;0.8;1.4;1.1;0.6;0.6;2.8;1.7;3.1;1.9,35.86,0.09,0.01,3.66,14.954,0.768,31201.0,21923.0,4,16,,,,,,,,,,,,,,,,,,,,,,,,,,,,,,,,,,,,,,,,,,,,,,,,,,,,,,,,,,,,,
27,5,,,,,,,96,92,66,18,225.3,2730,10801,36,0,15.0,17.2;2.2;8.4;13.2;3.4;5.3;55.5;45.4;20.2;34.1;85.7;61.5;0.8;0.8;0.6;0.6;0.8;0.8;0.0;0.3;0.6;0.3;0.6;1.7,35.84,0.09,0.0,2.94,14.954,0.768,41210.0,11230.0,4,16,,,,,,,,,,,,,,,,,,,,,,,,,,,,,,,,,,,,,,,,,,,,,,,,,,,,,,,,,,,,,
27,6,,,,,,,96,93,66,17,225.0,2730,10801,36,0,14.1,13.0;1.9;8.5;10.1;2.5;2.5;49.6;71.4;37.5;33.1;91.2;11.0;1.6;0.5;0.3;0.0;0.8;0.3;0.0;0.0;0.8;0.3;0.3;1.1,35.84,0.09,0.03,2.75,14.954,0.768,35644.0,24462.0,4,16,,,,,,,,,,,,,,,,,,,,,,,,,,,,,,,,,,,,,,,,,,,,,,,,,,,,,,,,,,,,,
27,7,,,,,,,96,91,67,18,224.4,2730,10801,36,0,15.6,18.1;2.5;12.0;10.1;5.0;5.0;70.8;56.2;21.2;44.1;91.9;18.3;3.4;2.8;0.6;0.3;3.3;1.1;0.3;0.6;2.0;1.1;1.4;1.9,35.82,0.09,0.03,1.95,14.954,0.768,62402.0,75195.0,4,16,,,,,,,,,,,,,,,,,,,,,,,,,,,,,,,,,,,,,,,,,,,,,,,,,,,,,,,,,,,,,
27,8,,,,,,,100,92,66,17,225.1,2730,10801,36,0,14.2,14.4;1.7;5.8;9.2;2.2;2.8;71.0;28.4;34.0;37.0;63.2;63.6;1.1;1.1;0.0;0.0;0.6;1.1;0.0;0.0;0.8;0.3;1.4;1.4,35.8,0.09,0.01,1.53,14.954,0.768,18164.0,10546.0,4,16,,,,,,,,,,,,,,,,,,,,,,,,,,,,,,,,,,,,,,,,,,,,,,,,,,,,,,,,,,,,,
27,9,,,,,,,96,86,67,18,224.9,2730,10801,36,0,14.2,13.8;1.7;5.1;7.3;0.6;4.2;55.6;58.0;40.1;35.7;65.2;48.6;1.1;1.4;0.0;0.0;0.3;0.0;0.3;0.6;0.0;0.3;0.0;1.1,35.8,0.09,0.01,1.52,14.954,0.768,32080.0,14892.0,4,16,,,,,,,,,,,,,,,,,,,,,,,,,,,,,,,,,,,,,,,,,,,,,,,,,,,,,,,,,,,,,
27,10,,,,,,,100,91,68,18,225.7,2730,10801,36,0,14.7,15.9;1.4;8.8;10.4;5.0;5.2;34.5;85.4;28.5;31.3;88.2;25.1;2.2;1.1;0.8;0.0;0.8;0.8;0.0;0.0;1.4;1.7;1.4;2.2,35.78,0.09,0.02,3.28,14.954,0.768,10839.0,20410.0,4,16,,,,,,,,,,,,,,,,,,,,,,,,,,,,,,,,,,,,,,,,,,,,,,,,,,,,,,,,,,,,,
27,11,,,,,,,97,94,68,17,225.8,2730,10801,36,0,11.1,12.8;1.4;4.2;3.9;1.4;1.1;64.4;43.7;6.9;18.6;99.4;0.6;1.1;0.8;0.3;0.0;0.3;0.8;0.6;0.0;0.8;0.0;0.3;1.9,35.78,0.09,0.01,0.12,14.954,0.768,9570.0,12744.0,4,16,,,,,,,,,,,,,,,,,,,,,,,,,,,,,,,,,,,,,,,,,,,,,,,,,,,,,,,,,,,,,
27,12,,,,,,,100,99,68,16,224.8,2730,10801,36,0,12.1,14.7;2.5;10.1;7.0;5.0;4.0;99.5;2.0;13.6;19.0;31.3;71.7;2.0;0.5;0.5;0.0;1.0;0.0;0.0;0.0;0.5;1.0;2.0;1.5,35.81,0.09,0.03,0.13,14.99,0.804,0.0,2343.0,4,16,,,,,,,,,,,,,,,,,,,,,,,,,,,,,,,,,,,,,,,,,,,,,,,,,,,,,,,,,,,,,
27,summary,0.38251245748104973,0.9889362761884009,0.3928604386135706,0.9860282962283456,0.00096087,64.1,,,,,,,,,,,,,,,,,,,,,,2,89.83,100,0,84.83,100,60,66.33,68,16,18.17,25,144.1,218.27,225.8,2731.2,10801.0,36.0,0,11.1,17.93,59.5,35.78,35.84,35.93,63.16,0.09,0.09,0.09,19.04,0.0,0.02,0.03,0.12,2.43,5.34,11.334,14.186,14.954,14.96,14.99,15.992,0.768,0.77,0.804,0.0,26338.25,62402.0,2343.0,35668.42,200244.0,4,4.0,4,16,16.0,16,4,16,48.6,11.02
28,1,,,,,,,0,0,59,25,127.7,2745,10801,36,0,59.6,73.0;81.9;87.7;90.5;88.3;91.1;98.5;98.8;81.5;92.0;95.7;83.7;43.4;61.0;14.1;12.9;43.6;51.8;12.0;12.0;30.2;37.4;25.8;23.2,35.99,0.09,0.07,0.19,14.987,0.801,39208.0,202539.0,4,16,,,,,,,,,,,,,,,,,,,,,,,,,,,,,,,,,,,,,,,,,,,,,,,,,,,,,,,,,,,,,
28,2,,,,,,,96,94,67,16,224.7,2730,10801,36,0,14.1,12.1;1.1;12.5;7.0;5.8;1.4;69.4;59.9;35.2;27.5;96.7;3.3;1.9;1.1;0.3;0.0;0.8;0.0;0.0;0.0;1.7;0.6;0.0;0.6,35.91,0.09,0.0,5.6,14.987,0.801,29394.0,145605.0,4,16,,,,,,,,,,,,,,,,,,,,,,,,,,,,,,,,,,,,,,,,,,,,,,,,,,,,,,,,,,,,,
28,3,,,,,,,96,84,66,17,215.7,2730,10801,36,0,14.8,19.4;2.7;13.2;4.4;5.4;1.9;68.1;34.9;38.6;18.4;72.8;59.7;3.3;2.7;1.1;0.5;1.1;1.6;0.3;0.0;0.8;1.1;0.5;0.5,35.88,0.09,0.06,4.61,14.987,0.801,8447.0,123632.0,4,16,,,,,,,,,,,,,,,,,,,,,,,,,,,,,,,,,,,,,,,,,,,,,,,,,,,,,,,,,,,,,
28,4,,,,,,,100,100,67,17,225.5,2730,10801,36,0,14.2,13.7;2.8;12.9;4.2;3.1;4.5;67.5;46.9;49.3;32.3;91.0;8.4;1.1;0.8;0.3;0.0;0.3;0.3;0.0;0.0;0.3;0.0;0.8;1.1,35.85,0.09,0.04,3.88,14.987,0.801,4248.0,92041.0,4,16,,,,,,,,,,,,,,,,,,,,,,,,,,,,,,,,,,,,,,,,,,,,,,,,,,,,,,,,,,,,,
28,5,,,,,,,100,97,68,17,225.5,2730,10801,36,0,15.4,14.6;2.8;17.2;6.4;9.2;3.4;30.7;70.2;49.0;16.7;72.8;64.2;2.8;0.8;0.6;0.3;0.8;2.0;0.0;0.0;0.8;1.9;1.1;1.7,35.84,0.09,0.0,3.64,14.987,0.801,42285.0,11865.0,4,16,,,,,,,,,,,,,,,,,,,,,,,,,,,,,,,,,,,,,,,,,,,,,,,,,,,,,,,,,,,,,
28,6,,,,,,,97,87,67,17,225.3,2730,10801,36,0,13.8,11.9;1.4;7.3;5.6;2.8;1.7;68.6;73.1;29.3;26.9;97.5;2.8;0.8;0.3;0.3;0.0;0.3;0.0;0.0;0.0;0.6;0.0;0.0;0.6,35.83,0.09,0.03,2.32,14.987,0.801,4443.0,48828.0,4,16,,,,,,,,,,,,,,,,,,,,,,,,,,,,,,,,,,,,,,,,,,,,,,,,,,,,,,,,,,,,,
28,7,,,,,,,100,92,67,18,215.9,2730,10801,36,0,14.3,14.0;2.2;17.0;10.5;3.6;2.5;62.4;45.3;40.5;29.8;90.6;14.4;1.7;0.6;2.2;2.5;1.1;0.6;0.3;0.0;1.1;0.0;0.6;0.6,35.81,0.09,0.01,2.02,14.987,0.801,23291.0,12207.0,4,16,,,,,,,,,,,,,,,,,,,,,,,,,,,,,,,,,,,,,,,,,,,,,,,,,,,,,,,,,,,,,
28,8,,,,,,,96,93,69,18,224.6,2730,10801,36,0,14.7,14.1;1.4;15.0;5.0;7.2;3.3;50.1;44.3;39.4;32.5;78.3;45.4;3.9;0.6;0.6;1.4;1.4;1.7;0.3;0.3;1.9;2.2;0.6;2.5,35.81,0.09,0.01,1.5,14.987,0.801,8349.0,11328.0,4,16,,,,,,,,,,,,,,,,,,,,,,,,,,,,,,,,,,,,,,,,,,,,,,,,,,,,,,,,,,,,,
28,9,,,,,,,100,100,67,17,225.0,2730,10801,36,0,14.9,16.8;1.4;10.6;9.1;5.8;3.9;34.4;65.3;45.6;33.9;66.8;49.7;3.9;1.1;0.3;0.0;1.9;0.6;0.0;0.0;1.7;1.4;0.6;2.2,35.81,0.09,0.02,1.51,14.987,0.801,37548.0,52880.0,4,16,,,,,,,,,,,,,,,,,,,,,,,,,,,,,,,,,,,,,,,,,,,,,,,,,,,,,,,,,,,,,
28,10,,,,,,,100,91,67,17,226.3,2730,10801,36,0,14.6,13.5;1.7;8.4;10.0;3.1;4.8;59.0;67.1;38.5;29.8;94.4;9.3;2.8;2.2;0.8;0.0;1.4;0.3;0.6;0.3;0.0;0.6;0.3;2.2,35.78,0.09,0.02,3.7,14.987,0.801,11962.0,10693.0,4,16,,,,,,,,,,,,,,,,,,,,,,,,,,,,,,,,,,,,,,,,,,,,,,,,,,,,,,,,,,,,,
28,11,,,,,,,100,97,67,16,216.7,2730,10801,36,0,11.1,11.7;1.1;5.8;4.7;2.5;1.4;52.9;48.3;11.8;16.6;48.2;55.2;1.1;0.0;0.0;0.3;0.3;0.6;0.6;0.0;0.6;0.6;0.3;1.1,35.77,0.09,0.01,0.09,14.987,0.801,21728.0,12353.0,4,16,,,,,,,,,,,,,,,,,,,,,,,,,,,,,,,,,,,,,,,,,,,,,,,,,,,,,,,,,,,,,
28,12,,,,,,,96,94,68,18,225.7,2730,10801,36,0,11.1,16.1;2.0;6.5;4.5;2.5;1.0;40.8;58.7;12.9;13.9;69.2;31.3;0.5;1.0;0.0;0.0;1.5;1.0;0.0;0.0;0.5;0.0;0.0;1.5,35.77,0.09,0.0,0.06,14.987,0.801,0.0,2294.0,4,16,,,,,,,,,,,,,,,,,,,,,,,,,,,,,,,,,,,,,,,,,,,,,,,,,,,,,,,,,,,,,
28,summary,0.3815585036624084,0.9892538056844006,0.3920376634764334,0.9866986557527432,0.00095774,64.2,,,,,,,,,,,,,,,,,,,,,,0,90.08,100,0,85.75,100,59,66.58,69,16,17.75,25,127.7,214.88,226.3,2731.2,10801.0,36.0,0,11.1,17.72,59.6,35.77,35.84,35.99,63.16,0.09,0.09,0.09,19.04,0.0,0.02,0.07,0.06,2.43,5.6,11.334,14.186,14.987,14.99,14.987,15.992,0.801,0.8,0.801,0.0,19241.92,42285.0,2294.0,60522.08,202539.0,4,4.0,4,16,16.0,16,4,16,48.85,10.81
29,1,,,,,,,52,47,61,19,161.9,2745,10801,36,0,58.2,81.7;82.5;92.6;89.6;85.0;89.6;97.2;95.7;77.1;82.3;95.1;88.3;50.6;55.5;11.0;12.9;43.9;48.9;11.0;8.0;30.3;32.8;19.0;14.9,35.93,0.09,0.03,0.12,14.987,0.801,4248.0,201025.0,4,16,,,,,,,,,,,,,,,,,,,,,,,,,,,,,,,,,,,,,,,,,,,,,,,,,,,,,,,,,,,,,
29,2,,,,,,,100,91,66,18,225.2,2730,10801,36,0,14.2,14.0;1.4;8.7;7.0;2.5;2.5;65.3;67.0;30.3;35.8;97.5;2.5;2.0;0.8;0.0;0.3;0.6;0.3;0.6;0.0;0.3;0.3;0.3;1.4,35.9,0.09,0.01,5.63,14.987,0.801,42871.0,35205.0,4,16,,,,,,,,,,,,,,,,,,,,,,,,,,,,,,,,,,,,,,,,,,,,,,,,,,,,,,,,,,,,,
29,3,,,,,,,97,87,68,18,225.5,2730,10801,36,0,14.4,13.5;1.1;7.6;10.3;3.4;2.5;63.7;49.6;29.1;50.6;63.9;46.9;0.3;0.3;0.0;0.0;0.6;0.3;0.0;0.0;0.8;0.3;0.3;0.0,35.88,0.09,0.04,5.75,14.987,0.801,78369.0,17138.0,4,16,,,,,,,,,,,,,,,,,,,,,,,,,,,,,,,,,,,,,,,,,,,,,,,,,,,,,,,,,,,,,
29,4,,,,,,,100,100,66,17,225.1,2730,10801,36,0,15.4,16.2;3.9;8.0;12.7;4.7;6.1;40.6;65.5;20.2;59.4;62.1;52.8;1.7;1.9;0.8;0.8;2.2;2.2;0.0;0.0;1.4;1.1;1.4;3.0,35.86,0.09,0.02,3.5,14.987,0.801,71826.0,329101.0,4,16,,,,,,,,,,,,,,,,,,,,,,,,,,,,,,,,,,,,,,,,,,,,,,,,,,,,,,,,,,,,,
29,5,,,,,,,96,91,67,18,225.2,2730,10801,36,0,14.5,14.5;1.9;5.5;8.5;4.7;2.8;38.7;59.9;21.7;47.1;65.0;65.5;2.7;1.9;0.3;0.0;1.1;1.1;0.0;0.0;1.1;1.1;0.8;1.6,35.85,0.09,0.02,2.92,14.987,0.801,35644.0,24658.0,4,16,,,,,,,,,,,,,,,,,,,,,,,,,,,,,,,,,,,,,,,,,,,,,,,,,,,,,,,,,,,,,
29,6,,,,,,,100,91,66,17,225.0,2730,10801,36,0,14.8,16.2;0.8;9.8;7.3;4.5;3.6;55.6;60.1;27.4;47.1;67.8;47.3;1.1;1.1;0.0;0.0;1.1;1.1;0.3;0.0;0.0;0.3;0.6;2.2,35.84,0.09,0.1,2.53,14.987,0.801,8886.0,13037.0,4,16,,,,,,,,,,,,,,,,,,,,,,,,,,,,,,,,,,,,,,,,,,,,,,,,,,,,,,,,,,,,,
29,7,,,,,,,100,91,67,18,225.5,2730,10801,36,0,14.1,13.0;2.0;11.2;6.4;3.6;2.2;51.3;64.1;26.7;52.1;73.2;29.7;0.8;1.1;0.3;0.0;0.3;0.0;0.0;0.0;0.0;0.0;0.3;0.8,35.81,0.09,0.02,2.04,14.987,0.801,4394.0,50781.0,4,16,,,,,,,,,,,,,,,,,,,,,,,,,,,,,,,,,,,,,,,,,,,,,,,,,,,,,,,,,,,,,
29,8,,,,,,,96,94,68,17,225.4,2730,10801,36,0,15.0,17.1;2.8;16.2;5.0;4.5;3.1;40.4;66.6;18.4;38.0;78.5;57.8;2.2;0.8;0.0;0.6;0.8;0.8;0.6;0.0;1.4;0.8;0.6;1.4,35.81,0.09,0.0,1.48,14.987,0.801,11279.0,160449.0,4,16,,,,,,,,,,,,,,,,,,,,,,,,,,,,,,,,,,,,,,,,,,,,,,,,,,,,,,,,,,,,,
29,9,,,,,,,96,83,68,17,225.5,2730,10801,36,0,13.9,14.2;0.8;10.5;5.2;5.0;2.2;53.4;55.8;21.2;43.4;76.9;37.6;1.7;0.6;0.0;0.0;0.0;0.8;0.0;0.0;0.5;0.3;0.3;2.7,35.79,0.09,0.01,1.47,14.987,0.801,5859.0,43603.0,4,16,,,,,,,,,,,,,,,,,,,,,,,,,,,,,,,,,,,,,,,,,,,,,,,,,,,,,,,,,,,,,
29,10,,,,,,,96,91,66,17,225.7,2730,10801,36,0,14.5,13.8;2.0;10.7;5.9;5.1;2.2;35.1;75.6;26.4;43.0;74.4;44.3;2.2;2.0;0.3;0.3;0.3;0.3;0.0;0.0;0.6;0.6;0.0;1.7,35.78,0.09,0.02,3.7,14.987,0.801,35791.0,12207.0,4,16,,,,,,,,,,,,,,,,,,,,,,,,,,,,,,,,,,,,,,,,,,,,,,,,,,,,,,,,,,,,,
29,11,,,,,,,100,92,67,17,225.2,2730,10801,36,0,11.0,13.1;0.6;6.1;2.8;1.4;0.8;66.1;33.8;14.8;12.3;24.6;84.4;0.6;0.6;0.0;0.0;0.0;0.0;0.3;0.0;0.6;0.0;0.0;1.1,35.77,0.09,0.0,0.13,14.987,0.801,5712.0,24853.0,4,16,,,,,,,,,,,,,,,,,,,,,,,,,,,,,,,,,,,,,,,,,,,,,,,,,,,,,,,,,,,,,
29,12,,,,,,,96,89,68,17,225.4,2730,10801,36,0,11.0,16.5;1.0;7.0;2.0;2.0;0.5;2.5;96.1;16.7;12.4;93.6;7.4;0.5;1.5;0.0;0.0;0.0;0.0;0.0;0.0;0.5;0.0;0.0;1.0,35.78,0.09,0.05,0.16,14.987,0.801,488.0,2001.0,4,16,,,,,,,,,,,,,,,,,,,,,,,,,,,,,,,,,,,,,,,,,,,,,,,,,,,,,,,,,,,,,
29,summary,0.38105633694401264,0.9893907791924789,0.3942425939521376,0.98613414246904,0.00095449,64.1,,,,,,,,,,,,,,,,,,,,,,52,94.08,100,47,87.25,100,61,66.5,68,17,17.5,19,161.9,220.05,225.7,2731.2,10801.0,36.0,0,11.0,17.58,58.2,35.77,35.83,35.93,63.16,0.09,0.09,0.09,19.04,0.0,0.03,0.1,0.12,2.45,5.75,11.335,14.186,14.987,14.99,14.987,15.992,0.801,0.8,0.801,488.0,25447.25,78369.0,2001.0,76171.5,329101.0,4,4.0,4,16,16.0,16,4,16,48.68,10.86
30,1,,,,,,,0,0,59,25,132.1,2745,10801,36,0,58.4,82.8;80.6;94.2;91.4;91.4;91.1;98.8;97.5;86.5;80.9;97.8;80.7;60.9;44.2;7.7;11.3;48.6;44.2;10.4;12.3;27.9;28.4;19.3;14.4,36.0,0.09,0.02,0.1,14.987,0.801,20507.0,203320.0,4,16,,,,,,,,,,,,,,,,,,,,,,,,,,,,,,,,,,,,,,,,,,,,,,,,,,,,,,,,,,,,,
30,2,,,,,,,100,91,68,17,225.0,2730,10801,36,0,14.8,17.9;2.5;9.9;7.7;4.7;2.8;75.2;45.1;38.4;28.3;82.9;31.9;0.8;1.1;0.3;0.0;0.8;0.6;0.0;0.0;0.8;0.8;0.3;0.8,35.89,0.09,0.03,6.83,14.987,0.801,13623.0,36474.0,4,16,,,,,,,,,,,,,,,,,,,,,,,,,,,,,,,,,,,,,,,,,,,,,,,,,,,,,,,,,,,,,
30,3,,,,,,,97,93,66,17,224.8,2730,10801,36,0,14.4,14.9;2.0;9.7;6.7;4.5;2.2;56.1;60.6;34.0;41.2;89.1;20.4;1.1;0.6;0.0;0.0;0.0;0.6;0.0;0.0;0.0;0.0;0.0;1.1,35.86,0.09,0.02,4.86,14.987,0.801,4589.0,20312.0,4,16,,,,,,,,,,,,,,,,,,,,,,,,,,,,,,,,,,,,,,,,,,,,,,,,,,,,,,,,,,,,,
30,4,,,,,,,96,91,67,17,225.2,2730,10801,36,0,14.0,12.0;0.8;11.5;10.1;3.6;2.5;65.5;62.9;27.2;30.9;90.7;15.1;0.8;0.3;0.6;0.3;0.0;0.3;0.0;0.0;0.0;0.0;0.0;0.6,35.85,0.09,0.01,3.46,14.987,0.801,5078.0,18750.0,4,16,,,,,,,,,,,,,,,,,,,,,,,,,,,,,,,,,,,,,,,,,,,,,,,,,,,,,,,,,,,,,
30,5,,,,,,,100,91,68,18,224.6,2730,10801,36,0,14.9,16.3;3.6;7.0;7.2;3.1;3.3;57.9;73.1;44.0;35.1;94.2;5.6;0.6;0.6;0.6;1.1;0.8;0.0;0.0;0.0;0.8;0.6;0.3;1.7,35.83,0.09,0.01,2.94,14.987,0.801,34863.0,9277.0,4,16,,,,,,,,,,,,,,,,,,,,,,,,,,,,,,,,,,,,,,,,,,,,,,,,,,,,,,,,,,,,,
30,6,,,,,,,100,100,67,17,225.6,2730,10801,36,0,14.2,14.2;1.9;7.1;11.2;2.5;3.3;85.2;27.5;39.7;29.2;76.4;38.6;1.4;0.8;0.0;0.0;1.1;0.0;0.0;0.0;0.3;0.5;0.6;1.1,35.83,0.09,0.01,2.18,14.987,0.801,4248.0,22314.0,4,16,,,,,,,,,,,,,,,,,,,,,,,,,,,,,,,,,,,,,,,,,,,,,,,,,,,,,,,,,,,,,
30,7,,,,,,,99,92,66,17,225.2,2730,10801,36,0,14.1,14.7;1.4;7.0;5.9;1.7;3.9;38.3;61.9;29.3;29.7;70.9;67.5;1.1;1.1;0.0;0.0;0.3;0.0;0.0;0.0;0.6;0.0;0.3;0.6,35.81,0.09,0.03,2.08,14.987,0.801,11572.0,26708.0,4,16,,,,,,,,,,,,,,,,,,,,,,,,,,,,,,,,,,,,,,,,,,,,,,,,,,,,,,,,,,,,,
30,8,,,,,,,96,86,66,18,224.7,2730,10801,36,0,15.1,14.8;3.3;9.5;8.9;5.3;4.2;42.3;79.7;35.5;31.3;89.2;22.2;2.5;2.5;0.6;0.8;1.4;1.1;0.3;0.3;1.7;1.4;0.8;2.8,35.82,0.09,0.01,1.55,14.987,0.801,25683.0,66796.0,4,16,,,,,,,,,,,,,,,,,,,,,,,,,,,,,,,,,,,,,,,,,,,,,,,,,,,,,,,,,,,,,
30,9,,,,,,,100,99,67,17,225.5,2730,10801,36,0,15.2,13.9;3.6;8.6;8.9;3.6;6.1;42.2;81.1;36.7;29.1;82.2;31.9;1.4;3.6;0.3;0.6;0.6;1.4;0.0;0.3;1.1;1.4;1.9;3.0,35.78,0.09,0.02,1.54,14.987,0.801,15625.0,115966.0,4,16,,,,,,,,,,,,,,,,,,,,,,,,,,,,,,,,,,,,,,,,,,,,,,,,,,,,,,,,,,,,,
30,10,,,,,,,98,94,67,17,225.4,2730,10801,36,0,14.2,14.1;1.9;8.2;8.5;1.1;3.9;70.7;47.7;31.5;28.0;87.4;29.2;3.0;2.5;0.0;0.0;1.1;0.3;0.0;0.0;0.0;0.0;0.6;1.9,35.77,0.09,0.02,3.67,14.987,0.801,4736.0,54199.0,4,16,,,,,,,,,,,,,,,,,,,,,,,,,,,,,,,,,,,,,,,,,,,,,,,,,,,,,,,,,,,,,
30,11,,,,,,,100,91,69,17,225.5,2730,10801,36,0,11.2,16.5;0.8;2.0;6.2;1.4;2.8;35.0;64.4;6.4;25.2;44.5;58.0;0.6;1.4;0.0;0.0;0.6;0.0;0.0;0.0;0.8;0.0;0.3;1.1,35.76,0.09,0.0,0.04,14.987,0.801,42187.0,193505.0,4,16,,,,,,,,,,,,,,,,,,,,,,,,,,,,,,,,,,,,,,,,,,,,,,,,,,,,,,,,,,,,,
30,12,,,,,,,97,92,67,19,225.5,2730,10801,36,0,10.9,10.4;1.0;3.0;3.0;2.5;5.0;55.4;44.6;9.9;20.8;38.4;62.4;0.5;1.0;0.0;0.0;0.0;0.5;0.0;0.0;1.0;0.0;0.0;2.5,35.77,0.09,0.06,0.15,14.987,0.801,585.0,1953.0,4,16,,,,,,,,,,,,,,,,,,,,,,,,,,,,,,,,,,,,,,,,,,,,,,,,,,,,,,,,,,,,,
30,summary,0.38071183893747595,0.989428135603773,0.38922684682987324,0.9873337331969093,0.00095113,64.2,,,,,,,,,,,,,,,,,,,,,,0,90.25,100,0,85.0,100,59,66.42,69,17,18.0,25,132.1,217.42,225.6,2731.2,10801.0,36.0,0,10.9,17.62,58.4,35.76,35.83,36.0,63.16,0.09,0.09,0.09,19.04,0.0,0.02,0.06,0.04,2.45,6.83,11.335,14.186,14.987,14.99,14.987,15.992,0.801,0.8,0.801,585.0,15274.67,42187.0,1953.0,64131.17,203320.0,4,4.0,4,16,16.0,16,4,16,48.54,11.11
31,1,,,,,,,0,0,59,19,121.7,2745,10801,36,0,58.4,78.8;84.0;95.4;93.0;89.9;93.6;98.2;97.5;85.9;81.0;96.3;82.2;54.9;60.7;8.6;9.5;52.3;48.8;8.3;6.7;25.4;26.4;12.3;12.2,35.93,0.09,0.02,0.1,14.987,0.801,40869.0,191259.0,4,16,,,,,,,,,,,,,,,,,,,,,,,,,,,,,,,,,,,,,,,,,,,,,,,,,,,,,,,,,,,,,
31,2,,,,,,,98,88,67,18,224.2,2730,10801,36,0,14.1,14.4;0.8;8.4;6.2;2.2;1.1;61.9;78.7;34.4;26.8;95.8;4.2;0.8;0.0;0.3;0.3;0.3;0.3;0.0;0.0;0.3;0.0;0.3;0.8,35.9,0.09,0.01,4.36,14.987,0.801,14843.0,38037.0,4,16,,,,,,,,,,,,,,,,,,,,,,,,,,,,,,,,,,,,,,,,,,,,,,,,,,,,,,,,,,,,,
31,3,,,,,,,96,90,66,17,225.2,2730,10801,36,0,14.4,15.6;1.1;12.7;8.6;2.8;3.3;48.5;82.9;36.0;24.6;71.6;33.7;1.1;1.1;0.0;0.3;1.4;0.0;0.0;0.0;0.6;0.0;0.0;0.6,35.89,0.09,0.0,4.62,14.987,0.801,15185.0,12109.0,4,16,,,,,,,,,,,,,,,,,,,,,,,,,,,,,,,,,,,,,,,,,,,,,,,,,,,,,,,,,,,,,
31,4,,,,,,,96,92,67,18,224.2,2730,10801,36,0,14.4,12.7;2.5;13.9;9.5;1.7;2.5;64.9;59.8;30.6;24.9;81.7;31.6;1.7;2.8;0.6;0.3;0.6;0.0;0.0;0.0;0.6;0.0;0.0;1.7,35.87,0.09,0.03,4.04,14.987,0.801,18945.0,11914.0,4,16,,,,,,,,,,,,,,,,,,,,,,,,,,,,,,,,,,,,,,,,,,,,,,,,,,,,,,,,,,,,,
31,5,,,,,,,96,93,66,18,225.5,2730,10801,36,0,14.6,15.2;1.7;11.8;6.7;3.4;3.4;33.6;76.8;46.8;27.9;73.7;40.3;1.4;1.1;0.3;0.3;0.3;0.6;0.0;0.0;1.1;0.6;0.8;2.2,35.84,0.09,0.02,3.13,14.987,0.801,20361.0,21337.0,4,16,,,,,,,,,,,,,,,,,,,,,,,,,,,,,,,,,,,,,,,,,,,,,,,,,,,,,,,,,,,,,
31,6,,,,,,,100,92,67,17,224.7,2730,10801,36,0,15.1,14.2;3.1;11.7;8.4;6.4;2.8;63.0;78.6;31.3;28.1;99.7;0.6;4.2;2.8;0.3;0.8;1.4;0.6;0.8;0.6;0.8;0.6;1.1;1.4,35.82,0.09,0.0,2.58,14.987,0.801,14892.0,20751.0,4,16,,,,,,,,,,,,,,,,,,,,,,,,,,,,,,,,,,,,,,,,,,,,,,,,,,,,,,,,,,,,,
31,7,,,,,,,96,86,66,20,224.8,2730,10801,36,0,14.1,15.0;0.8;15.3;9.4;3.9;1.7;48.2;65.0;34.2;34.4;78.6;26.4;1.4;0.8;0.6;0.3;0.3;0.0;0.0;0.0;0.3;0.6;0.0;1.1,35.82,0.09,0.02,2.74,14.987,0.801,12792.0,38916.0,4,16,,,,,,,,,,,,,,,,,,,,,,,,,,,,,,,,,,,,,,,,,,,,,,,,,,,,,,,,,,,,,
31,8,,,,,,,100,91,68,18,224.6,2730,10801,36,0,14.3,15.7;1.4;9.2;6.7;4.5;4.8;57.1;71.8;39.4;24.8;96.4;5.9;1.1;1.1;0.3;0.0;0.6;0.0;0.8;0.0;0.8;0.3;0.0;0.8,35.81,0.09,0.0,1.49,14.987,0.801,4638.0,16845.0,4,16,,,,,,,,,,,,,,,,,,,,,,,,,,,,,,,,,,,,,,,,,,,,,,,,,,,,,,,,,,,,,
31,9,,,,,,,96,92,69,16,224.8,2730,10801,36,0,13.8,12.2;1.4;9.6;12.6;1.7;2.5;45.2;84.9;24.3;33.1;94.9;6.2;0.8;0.6;0.0;0.0;0.0;0.3;0.0;0.0;0.0;0.0;0.0;0.0,35.81,0.09,0.03,1.52,14.987,0.801,7031.0,181103.0,4,16,,,,,,,,,,,,,,,,,,,,,,,,,,,,,,,,,,,,,,,,,,,,,,,,,,,,,,,,,,,,,
31,10,,,,,,,96,91,66,17,225.2,2730,10801,37,0,14.5,17.3;1.1;9.5;11.1;3.9;3.9;41.3;71.3;26.0;34.1;74.0;48.0;1.4;1.4;0.3;0.0;0.0;0.6;0.0;0.0;0.3;0.0;0.6;1.4,35.79,0.09,0.0,4.03,14.987,0.801,5517.0,63378.0,4,16,,,,,,,,,,,,,,,,,,,,,,,,,,,,,,,,,,,,,,,,,,,,,,,,,,,,,,,,,,,,,
31,11,,,,,,,100,91,66,17,224.6,2730,10801,36,0,11.8,16.7;1.9;3.6;5.5;2.5;2.8;79.6;28.9;13.5;17.0;95.6;4.7;2.5;1.1;0.0;0.3;1.4;0.6;0.0;0.0;0.6;0.8;0.8;3.3,35.78,0.09,0.02,0.07,14.987,0.801,14648.0,35351.0,4,16,,,,,,,,,,,,,,,,,,,,,,,,,,,,,,,,,,,,,,,,,,,,,,,,,,,,,,,,,,,,,
31,12,,,,,,,100,91,66,16,225.1,2730,10801,36,0,12.0,13.5;4.0;5.9;7.9;4.4;2.5;51.2;55.0;11.4;23.2;83.2;16.3;0.0;3.0;0.5;0.0;0.5;1.0;1.0;0.5;1.0;0.0;0.0;1.0,35.79,0.09,0.0,0.05,14.987,0.801,3808.0,2001.0,4,16,,,,,,,,,,,,,,,,,,,,,,,,,,,,,,,,,,,,,,,,,,,,,,,,,,,,,,,,,,,,,
31,summary,0.3811010543055327,0.9893970052610279,0.392644688893453,0.9866633736725118,0.00094766,64.2,,,,,,,,,,,,,,,,,,,,,,0,89.5,100,0,83.08,93,59,66.08,69,16,17.58,20,121.7,216.22,225.5,2731.2,10801.0,36.1,0,11.8,17.62,58.4,35.78,35.84,35.93,63.16,0.09,0.09,0.09,19.04,0.0,0.01,0.03,0.05,2.39,4.62,11.336,14.186,14.987,14.99,14.987,15.992,0.801,0.8,0.801,3808.0,14460.75,40869.0,2001.0,52750.08,191259.0,4,4.0,4,16,16.0,16,4,16,48.55,11.07
32,1,,,,,,,5,0,60,18,152.7,2745,10801,37,0,58.3,77.8;86.5;92.4;93.6;88.3;91.4;98.8;99.4;71.9;86.3;96.3;82.3;44.5;56.1;8.3;10.1;48.8;54.9;9.2;7.1;29.4;33.0;16.2;15.3,35.98,0.09,0.02,0.06,14.987,0.801,17187.0,207568.0,4,16,,,,,,,,,,,,,,,,,,,,,,,,,,,,,,,,,,,,,,,,,,,,,,,,,,,,,,,,,,,,,
32,2,,,,,,,96,93,68,18,224.6,2730,10801,36,0,14.3,13.7;1.4;4.2;13.9;1.1;3.6;59.3;73.5;20.5;48.2;98.6;1.7;0.3;0.6;0.0;0.0;0.0;0.6;0.0;0.0;0.0;0.0;0.0;1.7,35.92,0.09,0.02,4.44,14.987,0.801,15771.0,95849.0,4,16,,,,,,,,,,,,,,,,,,,,,,,,,,,,,,,,,,,,,,,,,,,,,,,,,,,,,,,,,,,,,
32,3,,,,,,,100,90,66,17,225.3,2730,10801,36,0,14.3,13.2;2.5;3.4;13.5;1.4;3.3;49.3;87.1;13.7;47.5;98.9;2.5;1.1;0.3;0.3;0.6;0.6;0.6;0.0;0.0;1.1;1.7;0.6;0.6,35.89,0.09,0.02,4.75,14.987,0.801,14501.0,53320.0,4,16,,,,,,,,,,,,,,,,,,,,,,,,,,,,,,,,,,,,,,,,,,,,,,,,,,,,,,,,,,,,,
32,4,,,,,,,96,90,67,15,224.6,2730,10801,36,0,14.6,16.2;1.7;11.2;15.0;3.1;4.2;58.4;61.5;18.7;50.6;98.6;1.7;1.4;0.8;0.3;0.3;0.6;0.8;0.3;0.3;0.3;0.6;0.8;1.7,35.87,0.09,0.02,4.03,14.987,0.801,8593.0,10498.0,4,16,,,,,,,,,,,,,,,,,,,,,,,,,,,,,,,,,,,,,,,,,,,,,,,,,,,,,,,,,,,,,
32,5,,,,,,,100,92,67,17,224.6,2730,10801,36,0,13.8,14.2;2.2;6.0;7.2;2.5;3.3;53.7;63.7;13.9;49.9;96.2;13.5;0.3;0.6;0.0;0.0;0.8;1.1;0.3;0.3;0.3;0.0;0.3;1.1,35.85,0.09,0.01,3.1,14.987,0.801,31738.0,21679.0,4,16,,,,,,,,,,,,,,,,,,,,,,,,,,,,,,,,,,,,,,,,,,,,,,,,,,,,,,,,,,,,,
32,6,,,,,,,97,93,68,16,225.5,2730,10801,36,0,14.5,17.1;4.2;3.4;11.5;1.4;5.6;18.3;90.8;20.2;51.8;52.5;63.8;1.7;0.6;0.3;0.0;0.8;0.8;0.0;0.0;1.4;0.0;0.0;0.6,35.84,0.09,0.01,2.6,14.987,0.801,6933.0,53369.0,4,16,,,,,,,,,,,,,,,,,,,,,,,,,,,,,,,,,,,,,,,,,,,,,,,,,,,,,,,,,,,,,
32,7,,,,,,,98,94,66,17,225.4,2730,10801,36,0,15.7,17.9;2.2;10.0;10.3;6.1;5.9;69.9;32.6;23.2;42.5;75.1;65.9;3.6;2.5;0.8;0.3;0.6;1.4;1.4;0.0;1.1;0.0;1.1;2.5,35.82,0.09,0.02,2.25,14.987,0.801,39306.0,15087.0,4,16,,,,,,,,,,,,,,,,,,,,,,,,,,,,,,,,,,,,,,,,,,,,,,,,,,,,,,,,,,,,,
32,8,,,,,,,100,91,66,18,225.3,2730,10801,36,0,14.0,12.2;2.0;10.9;8.4;4.5;2.2;74.8;31.0;33.8;51.3;94.4;5.6;0.8;0.3;0.0;0.0;1.4;0.8;0.0;0.0;0.0;0.3;0.3;2.2,35.8,0.09,0.01,2.01,14.987,0.801,33300.0,12011.0,4,16,,,,,,,,,,,,,,,,,,,,,,,,,,,,,,,,,,,,,,,,,,,,,,,,,,,,,,,,,,,,,
32,9,,,,,,,100,98,68,18,225.0,2730,10801,36,0,14.8,15.1;1.9;10.7;7.1;2.2;3.3;23.7;85.5;30.3;38.5;69.4;53.0;1.4;2.5;0.0;0.8;1.4;0.0;0.3;0.0;2.2;1.6;1.6;1.6,35.79,0.09,0.0,1.46,14.987,0.801,39453.0,11865.0,4,16,,,,,,,,,,,,,,,,,,,,,,,,,,,,,,,,,,,,,,,,,,,,,,,,,,,,,,,,,,,,,
32,10,,,,,,,98,91,66,18,225.2,2730,10801,36,0,14.2,14.7;2.2;6.7;6.4;3.9;3.1;51.7;78.2;22.1;43.1;99.7;1.1;0.6;0.3;0.6;0.6;0.3;0.0;0.6;0.8;0.0;0.3;0.0;1.1,35.78,0.09,0.01,4.04,14.987,0.801,4492.0,19384.0,4,16,,,,,,,,,,,,,,,,,,,,,,,,,,,,,,,,,,,,,,,,,,,,,,,,,,,,,,,,,,,,,
32,11,,,,,,,97,92,67,17,224.9,2730,10801,36,0,11.5,13.0;1.7;6.2;5.3;3.4;2.0;42.7;60.4;22.1;11.5;100.0;2.0;1.1;0.3;0.0;0.0;0.6;0.0;0.0;0.0;0.8;0.3;0.6;1.4,35.77,0.09,0.02,0.07,14.987,0.801,10253.0,12939.0,4,16,,,,,,,,,,,,,,,,,,,,,,,,,,,,,,,,,,,,,,,,,,,,,,,,,,,,,,,,,,,,,
32,12,,,,,,,100,91,66,16,224.8,2730,10801,37,0,10.4,13.1;0.0;5.0;4.5;1.0;1.5;47.8;53.2;13.9;8.9;97.5;0.0;1.5;0.0;0.0;0.0;1.0;0.0;0.0;0.0;1.5;0.0;0.0;0.0,35.78,0.09,0.0,0.06,14.987,0.801,927.0,2001.0,4,16,,,,,,,,,,,,,,,,,,,,,,,,,,,,,,,,,,,,,,,,,,,,,,,,,,,,,,,,,,,,,
32,summary,0.37940737369945743,0.9899822557046353,0.39607877505442607,0.9848639875807078,0.00094407,64.1,,,,,,,,,,,,,,,,,,,,,,5,90.58,100,0,84.58,98,60,66.25,68,15,17.08,18,152.7,218.99,225.5,2731.2,10801.0,36.2,0,10.4,17.53,58.3,35.77,35.84,35.98,63.16,0.09,0.09,0.09,19.04,0.0,0.01,0.02,0.06,2.41,4.75,11.335,14.186,14.987,14.99,14.987,15.992,0.801,0.8,0.801,927.0,18537.83,39453.0,2001.0,42964.17,207568.0,4,4.0,4,16,16.0,16,4,16,49.07,10.46
33,1,,,,,,,0,0,59,25,131.4,2745,10801,36,0,57.9,84.1;83.7;91.4;90.5;86.5;86.8;95.7;95.4;82.0;86.5;94.5;83.1;56.4;58.3;8.6;6.7;47.7;53.1;4.6;4.3;30.4;27.0;16.6;13.5,35.95,0.09,0.02,0.07,14.987,0.801,40722.0,139062.0,4,16,,,,,,,,,,,,,,,,,,,,,,,,,,,,,,,,,,,,,,,,,,,,,,,,,,,,,,,,,,,,,
33,2,,,,,,,100,92,66,18,216.0,2730,10801,36,0,14.2,14.5;1.1;11.0;10.4;4.6;2.7;75.5;48.2;40.8;25.5;97.0;3.3;1.1;1.1;0.3;0.0;0.0;0.3;0.0;0.0;0.8;0.0;0.5;0.8,35.9,0.09,0.01,4.34,14.987,0.801,13232.0,36523.0,4,16,,,,,,,,,,,,,,,,,,,,,,,,,,,,,,,,,,,,,,,,,,,,,,,,,,,,,,,,,,,,,
33,3,,,,,,,96,92,68,18,225.0,2730,10801,36,0,14.7,12.0;1.4;11.5;8.7;3.6;1.7;63.0;70.4;43.2;27.2;95.2;5.9;1.7;1.4;0.8;0.6;1.4;0.3;0.3;0.0;0.8;0.8;0.3;1.4,35.88,0.09,0.02,4.73,14.987,0.801,20898.0,35302.0,4,16,,,,,,,,,,,,,,,,,,,,,,,,,,,,,,,,,,,,,,,,,,,,,,,,,,,,,,,,,,,,,
33,4,,,,,,,100,94,66,16,225.0,2730,10801,36,0,13.9,13.4;0.8;11.7;8.1;6.1;4.5;37.6;75.0;47.6;24.5;77.5;25.3;1.1;0.8;0.0;0.0;0.0;0.0;0.0;0.0;0.0;0.0;0.0;0.0,35.84,0.09,0.01,4.01,14.987,0.801,17431.0,23828.0,4,16,,,,,,,,,,,,,,,,,,,,,,,,,,,,,,,,,,,,,,,,,,,,,,,,,,,,,,,,,,,,,
33,5,,,,,,,100,92,67,17,225.1,2730,10801,36,0,15.3,19.7;2.2;10.6;13.6;5.6;4.2;52.1;71.2;43.9;29.6;85.2;18.4;2.0;1.1;0.0;0.0;2.5;0.8;0.6;0.0;0.6;0.8;0.6;1.9,35.83,0.09,0.0,3.1,14.987,0.801,30566.0,170019.0,4,16,,,,,,,,,,,,,,,,,,,,,,,,,,,,,,,,,,,,,,,,,,,,,,,,,,,,,,,,,,,,,
33,6,,,,,,,100,99,68,16,216.2,2730,10801,36,0,13.6,16.0;0.8;9.9;6.3;1.7;1.7;68.8;31.4;34.1;18.9;72.3;63.7;0.6;0.0;0.0;0.0;0.3;0.0;0.0;0.0;0.3;0.0;0.0;0.0,35.82,0.09,0.02,2.53,14.987,0.801,10791.0,38623.0,4,16,,,,,,,,,,,,,,,,,,,,,,,,,,,,,,,,,,,,,,,,,,,,,,,,,,,,,,,,,,,,,
33,7,,,,,,,100,93,66,18,225.1,2730,10801,36,0,15.0,13.3;1.1;15.4;12.3;4.2;3.6;53.6;45.1;40.8;17.9;55.7;81.8;2.0;2.2;0.0;0.3;1.7;2.2;0.0;0.6;1.1;0.8;0.6;2.8,35.81,0.09,0.02,2.77,14.987,0.801,5517.0,21191.0,4,16,,,,,,,,,,,,,,,,,,,,,,,,,,,,,,,,,,,,,,,,,,,,,,,,,,,,,,,,,,,,,
33,8,,,,,,,96,91,66,18,225.0,2730,10801,36,0,14.3,17.4;0.6;7.3;10.8;2.8;1.4;68.7;64.8;37.4;22.5;92.5;11.2;0.0;0.8;0.3;0.3;0.8;0.8;0.0;0.0;0.8;0.0;0.0;0.6,35.81,0.09,0.02,1.52,14.987,0.801,5712.0,30371.0,4,16,,,,,,,,,,,,,,,,,,,,,,,,,,,,,,,,,,,,,,,,,,,,,,,,,,,,,,,,,,,,,
33,9,,,,,,,100,100,67,17,225.8,2730,10801,36,0,14.1,14.7;0.3;5.0;10.8;3.3;2.2;70.0;54.3;43.1;26.7;81.1;21.4;0.3;0.6;0.6;0.0;0.3;0.8;0.3;0.0;0.6;0.0;0.3;0.8,35.81,0.09,0.0,1.45,14.987,0.801,26318.0,185205.0,4,16,,,,,,,,,,,,,,,,,,,,,,,,,,,,,,,,,,,,,,,,,,,,,,,,,,,,,,,,,,,,,
33,10,,,,,,,96,91,67,18,214.6,2730,10801,36,0,15.1,15.7;3.0;10.4;13.9;5.5;2.7;53.3;73.2;38.3;28.4;88.3;15.1;1.9;1.1;0.3;0.3;2.2;0.5;0.0;0.3;1.9;1.9;1.4;1.9,35.78,0.09,0.02,3.99,14.987,0.801,12597.0,154052.0,4,16,,,,,,,,,,,,,,,,,,,,,,,,,,,,,,,,,,,,,,,,,,,,,,,,,,,,,,,,,,,,,
33,11,,,,,,,100,92,67,16,225.6,2730,10801,36,0,11.6,10.8;1.7;8.2;7.3;2.3;3.1;38.0;64.3;11.8;22.4;98.6;2.3;1.1;1.1;0.0;0.6;1.4;0.6;0.0;0.3;0.8;0.6;0.0;0.6,35.77,0.09,0.01,0.08,14.987,0.801,36718.0,12158.0,4,16,,,,,,,,,,,,,,,,,,,,,,,,,,,,,,,,,,,,,,,,,,,,,,,,,,,,,,,,,,,,,
33,12,,,,,,,97,91,67,18,225.2,2730,10801,36,0,11.0,14.3;0.5;5.9;3.5;3.5;1.5;86.1;12.3;8.9;21.2;98.0;3.9;0.5;0.0;0.0;0.0;0.5;0.0;0.0;0.0;0.0;0.0;0.0;1.0,35.76,0.09,0.0,0.06,14.987,0.801,1123.0,2392.0,4,16,,,,,,,,,,,,,,,,,,,,,,,,,,,,,,,,,,,,,,,,,,,,,,,,,,,,,,,,,,,,,
33,summary,0.38016310776244494,0.9894841702207141,0.38984640371810825,0.9874748615178351,0.00094037,64.2,,,,,,,,,,,,,,,,,,,,,,0,90.42,100,0,85.58,100,59,66.17,68,16,17.92,25,131.4,215.0,225.8,2731.2,10801.0,36.0,0,11.0,17.56,57.9,35.76,35.83,35.95,63.16,0.09,0.09,0.09,19.04,0.0,0.01,0.02,0.06,2.39,4.73,11.335,14.186,14.987,14.99,14.987,15.992,0.801,0.8,0.801,1123.0,18468.75,40722.0,2392.0,70727.17,185205.0,4,4.0,4,16,16.0,16,4,16,48.65,11.02
34,1,,,,,,,0,0,62,19,127.1,2745,10801,37,0,57.5,82.4;83.5;91.1;89.9;90.5;91.7;97.9;97.0;87.5;75.3;95.1;81.1;56.2;56.1;6.4;9.2;43.3;50.6;3.7;4.3;27.1;31.8;15.0;13.7,35.94,0.09,0.03,0.13,14.987,0.801,21972.0,197509.0,4,16,,,,,,,,,,,,,,,,,,,,,,,,,,,,,,,,,,,,,,,,,,,,,,,,,,,,,,,,,,,,,
34,2,,,,,,,100,99,67,19,225.0,2730,10801,36,0,14.2,12.2;0.8;14.5;5.9;5.3;3.6;60.1;47.2;44.4;36.6;98.1;6.1;1.4;1.4;0.3;0.0;0.8;0.3;0.0;0.3;0.6;0.6;0.3;0.8,35.91,0.09,0.0,4.41,14.987,0.801,15722.0,22363.0,4,16,,,,,,,,,,,,,,,,,,,,,,,,,,,,,,,,,,,,,,,,,,,,,,,,,,,,,,,,,,,,,
34,3,,,,,,,96,82,66,18,224.6,2730,10801,36,0,16.3,14.4;4.2;20.7;16.0;9.5;9.2;58.8;55.5;42.7;43.1;78.5;21.8;1.7;5.3;0.8;0.8;2.2;0.6;0.0;0.3;1.7;0.6;0.6;1.4,35.95,0.09,0.23,5.61,14.987,0.801,38037.0,63330.0,4,16,,,,,,,,,,,,,,,,,,,,,,,,,,,,,,,,,,,,,,,,,,,,,,,,,,,,,,,,,,,,,
34,4,,,,,,,100,91,68,18,224.7,2730,10801,36,0,15.0,22.9;1.7;14.8;8.0;6.1;2.2;43.8;74.7;25.1;47.1;97.0;5.0;1.7;1.9;0.0;0.8;0.6;0.8;0.3;1.7;0.8;0.8;0.3;0.0,35.92,0.09,0.03,4.05,14.987,0.801,23486.0,14990.0,4,16,,,,,,,,,,,,,,,,,,,,,,,,,,,,,,,,,,,,,,,,,,,,,,,,,,,,,,,,,,,,,
34,5,,,,,,,96,92,65,18,225.1,2730,10801,36,0,18.4,15.7;2.8;26.8;9.7;7.5;3.9;62.8;82.3;61.0;37.5;90.9;23.3;1.7;0.6;0.3;0.6;0.6;1.1;5.6;0.8;1.7;1.1;0.6;2.2,35.93,0.09,0.32,4.36,14.987,0.801,4687.0,112451.0,4,16,,,,,,,,,,,,,,,,,,,,,,,,,,,,,,,,,,,,,,,,,,,,,,,,,,,,,,,,,,,,,
34,6,,,,,,,99,100,66,18,225.5,2730,10801,36,0,19.1,18.1;3.1;29.4;20.1;10.9;4.7;64.1;66.2;71.0;35.7;85.8;35.8;3.4;2.2;0.3;0.3;1.4;1.1;0.8;0.3;0.8;0.8;0.3;2.2,35.93,0.09,0.27,3.21,14.987,0.801,21191.0,125585.0,4,16,,,,,,,,,,,,,,,,,,,,,,,,,,,,,,,,,,,,,,,,,,,,,,,,,,,,,,,,,,,,,
34,7,,,,,,,100,93,66,18,224.8,2730,10801,36,0,18.1,15.2;3.3;19.7;15.6;8.0;3.3;56.8;75.0;43.5;54.3;91.4;33.1;1.7;2.2;0.8;0.6;1.9;0.8;0.8;0.3;1.9;0.8;0.6;1.9,35.92,0.09,0.08,3.07,14.987,0.801,4199.0,209570.0,4,16,,,,,,,,,,,,,,,,,,,,,,,,,,,,,,,,,,,,,,,,,,,,,,,,,,,,,,,,,,,,,
34,8,,,,,,,100,92,69,17,224.8,2730,10801,36,0,16.3,19.6;3.6;21.9;14.3;6.3;6.0;57.8;83.0;24.4;41.5;93.2;10.4;0.8;1.1;0.5;0.5;0.5;0.8;0.8;0.8;0.8;0.0;0.0;0.5,35.92,0.09,0.57,2.45,14.987,0.801,34863.0,59130.0,4,16,,,,,,,,,,,,,,,,,,,,,,,,,,,,,,,,,,,,,,,,,,,,,,,,,,,,,,,,,,,,,
34,9,,,,,,,97,94,66,18,225.3,2730,10801,36,0,17.2,15.0;1.4;16.0;19.9;8.7;5.6;65.3;38.5;37.6;58.0;68.8;70.0;1.7;1.4;0.6;0.3;0.8;0.3;0.3;0.0;0.8;0.0;0.0;0.8,35.89,0.09,0.33,2.75,14.987,0.801,21289.0,35888.0,4,16,,,,,,,,,,,,,,,,,,,,,,,,,,,,,,,,,,,,,,,,,,,,,,,,,,,,,,,,,,,,,
34,10,,,,,,,96,91,66,17,225.9,2730,10801,36,0,15.0,17.2;2.0;12.9;7.6;4.2;4.5;71.1;34.8;25.3;44.7;79.2;45.0;2.5;1.4;0.3;0.0;2.5;1.7;0.0;0.3;0.6;0.0;0.0;2.5,35.85,0.09,0.03,4.09,14.987,0.801,13134.0,13037.0,4,16,,,,,,,,,,,,,,,,,,,,,,,,,,,,,,,,,,,,,,,,,,,,,,,,,,,,,,,,,,,,,
34,11,,,,,,,100,91,68,18,225.4,2730,10801,36,0,11.2,13.4;0.3;4.7;5.0;2.5;2.5;39.4;72.1;10.6;15.4;98.9;2.0;0.3;0.8;0.0;0.0;0.3;0.0;0.3;0.0;0.3;0.0;0.0;0.6,35.85,0.09,0.03,0.09,14.987,0.801,5371.0,33593.0,4,16,,,,,,,,,,,,,,,,,,,,,,,,,,,,,,,,,,,,,,,,,,,,,,,,,,,,,,,,,,,,,
34,12,,,,,,,100,91,68,18,224.9,2730,10801,36,0,10.6,14.1;1.4;7.2;1.4;3.8;1.0;46.9;46.4;15.0;17.3;89.4;10.1;0.0;0.5;0.0;0.0;0.0;0.0;0.0;0.0;0.0;0.0;0.0;0.0,35.86,0.09,0.01,0.05,14.987,0.801,61572.0,121435.0,4,16,,,,,,,,,,,,,,,,,,,,,,,,,,,,,,,,,,,,,,,,,,,,,,,,,,,,,,,,,,,,,
34,summary,0.37952712973094954,0.989876412539302,0.3882367219819946,0.987862964400381,0.00093656,64.2,,,,,,,,,,,,,,,,,,,,,,0,90.33,100,0,84.67,100,62,66.42,69,17,18.0,19,127.1,216.92,225.9,2731.2,10801.0,36.1,0,10.6,19.07,57.5,35.85,35.91,35.95,63.16,0.09,0.09,0.09,19.04,0.0,0.16,0.57,0.05,2.86,5.61,11.335,14.186,14.987,14.99,14.987,15.992,0.801,0.8,0.801,4199.0,22126.92,61572.0,13037.0,84073.42,209570.0,4,4.0,4,16,16.0,16,4,16,48.13,11.56
35,1,,,,,,,5,0,61,25,153.2,2745,10801,36,0,59.5,82.0;85.4;93.9;94.8;87.1;91.5;97.2;94.2;82.6;75.5;92.6;87.8;56.7;53.4;11.0;12.0;49.2;52.0;6.1;10.1;31.6;38.5;20.7;20.0,36.07,0.09,0.07,0.15,14.987,0.801,38134.0,195849.0,4,16,,,,,,,,,,,,,,,,,,,,,,,,,,,,,,,,,,,,,,,,,,,,,,,,,,,,,,,,,,,,,
35,2,,,,,,,100,100,67,17,224.3,2730,10801,36,0,14.8,12.9;1.4;5.6;9.2;3.1;4.2;79.2;44.9;30.9;42.3;99.4;8.7;1.7;1.4;0.0;0.0;0.8;0.8;0.3;0.0;2.5;2.8;0.6;1.4,36.0,0.09,0.08,4.61,14.987,0.801,7031.0,42968.0,4,16,,,,,,,,,,,,,,,,,,,,,,,,,,,,,,,,,,,,,,,,,,,,,,,,,,,,,,,,,,,,,
35,3,,,,,,,100,97,67,18,224.3,2730,10801,36,0,14.6,17.4;2.8;9.2;12.3;3.9;4.8;55.7;59.9;19.5;42.1;81.0;34.4;2.0;1.1;0.0;0.0;0.3;0.6;0.6;0.3;0.3;0.6;0.3;0.8,35.97,0.09,0.08,4.87,14.987,0.801,12158.0,12060.0,4,16,,,,,,,,,,,,,,,,,,,,,,,,,,,,,,,,,,,,,,,,,,,,,,,,,,,,,,,,,,,,,
35,4,,,,,,,97,88,67,16,224.8,2730,10801,36,0,13.8,12.2;0.8;8.6;6.9;3.3;2.5;61.7;64.1;24.5;40.8;94.8;5.0;0.6;0.6;0.0;0.3;0.3;0.6;0.0;0.3;0.3;0.6;0.0;0.3,35.95,0.09,0.03,4.08,14.987,0.801,28417.0,48876.0,4,16,,,,,,,,,,,,,,,,,,,,,,,,,,,,,,,,,,,,,,,,,,,,,,,,,,,,,,,,,,,,,
35,5,,,,,,,100,91,69,18,224.5,2730,10801,37,0,14.3,14.6;1.9;9.9;15.9;3.3;3.3;52.2;70.0;27.5;43.4;80.2;20.7;0.6;0.3;0.0;0.0;0.3;0.0;0.0;0.0;0.0;0.0;0.0;0.0,35.93,0.09,0.03,3.11,14.987,0.801,4687.0,44287.0,4,16,,,,,,,,,,,,,,,,,,,,,,,,,,,,,,,,,,,,,,,,,,,,,,,,,,,,,,,,,,,,,
35,6,,,,,,,96,93,66,18,224.8,2730,10801,36,0,14.0,14.5;0.8;8.7;11.5;2.5;3.7;36.9;62.2;31.0;36.1;56.6;68.3;0.8;0.3;0.0;0.0;0.0;0.0;0.0;0.0;0.0;0.6;0.0;1.1,35.91,0.09,0.01,2.57,14.987,0.801,39062.0,87597.0,4,16,,,,,,,,,,,,,,,,,,,,,,,,,,,,,,,,,,,,,,,,,,,,,,,,,,,,,,,,,,,,,
35,7,,,,,,,96,93,66,18,225.4,2730,10801,37,0,13.9,12.4;0.8;7.3;6.7;3.9;2.2;67.9;48.5;35.2;48.0;91.9;5.8;1.4;0.6;0.0;0.0;0.3;0.8;0.0;0.0;0.3;0.0;0.6;0.0,35.9,0.09,0.04,2.26,14.987,0.801,5419.0,49707.0,4,16,,,,,,,,,,,,,,,,,,,,,,,,,,,,,,,,,,,,,,,,,,,,,,,,,,,,,,,,,,,,,
35,8,,,,,,,100,91,68,17,225.1,2730,10801,36,0,14.8,16.9;1.4;13.4;5.3;5.0;2.8;60.8;67.8;32.4;35.2;99.7;0.8;1.7;2.2;0.3;0.0;2.2;1.1;0.3;0.0;2.0;0.8;0.8;2.2,35.87,0.09,0.0,2.01,14.987,0.801,20410.0,35400.0,4,16,,,,,,,,,,,,,,,,,,,,,,,,,,,,,,,,,,,,,,,,,,,,,,,,,,,,,,,,,,,,,
35,9,,,,,,,100,100,67,17,224.9,2730,10801,36,0,14.3,16.3;1.6;16.7;9.1;4.4;2.2;37.9;64.8;43.0;27.7;76.6;37.4;1.4;1.4;0.0;0.0;1.1;0.0;0.0;0.0;0.5;0.3;0.5;0.0,35.86,0.09,0.21,2.04,14.987,0.801,26269.0,10937.0,4,16,,,,,,,,,,,,,,,,,,,,,,,,,,,,,,,,,,,,,,,,,,,,,,,,,,,,,,,,,,,,,
35,10,,,,,,,100,91,67,17,225.1,2730,10801,36,0,15.3,15.3;1.9;15.0;5.6;6.1;3.1;70.2;73.3;38.1;25.3;100.0;0.8;3.1;1.7;0.0;0.3;0.8;1.1;0.3;0.0;0.3;0.0;0.6;3.3,35.85,0.09,0.0,4.01,14.987,0.801,17968.0,12011.0,4,16,,,,,,,,,,,,,,,,,,,,,,,,,,,,,,,,,,,,,,,,,,,,,,,,,,,,,,,,,,,,,
35,11,,,,,,,97,94,68,17,225.0,2730,10801,36,0,11.1,14.2;0.8;5.4;3.1;1.7;1.4;64.5;41.7;14.0;15.8;99.4;0.6;1.1;0.8;0.0;0.0;0.0;0.3;0.0;0.0;0.0;0.0;0.0;0.8,35.85,0.09,0.03,0.12,14.987,0.801,35693.0,24658.0,4,16,,,,,,,,,,,,,,,,,,,,,,,,,,,,,,,,,,,,,,,,,,,,,,,,,,,,,,,,,,,,,
35,12,,,,,,,100,100,68,16,225.8,2730,10801,37,0,11.7,10.5;2.0;7.4;6.4;4.0;1.5;94.1;4.4;23.0;14.9;18.8;83.7;2.5;1.5;0.0;0.0;1.5;0.0;0.0;0.0;1.5;1.0;0.5;2.0,35.85,0.09,0.03,0.15,14.987,0.801,683.0,2050.0,4,16,,,,,,,,,,,,,,,,,,,,,,,,,,,,,,,,,,,,,,,,,,,,,,,,,,,,,,,,,,,,,
35,summary,0.37926868494994703,0.9899324471562432,0.391036653052447,0.9868045019934375,0.00093264,64.0,,,,,,,,,,,,,,,,,,,,,,5,90.92,100,0,86.5,100,61,66.75,69,16,17.83,25,153.2,218.93,225.8,2731.2,10801.0,36.2,0,11.1,17.68,59.5,35.85,35.92,36.07,63.16,0.09,0.09,0.09,19.04,0.0,0.05,0.21,0.12,2.5,4.87,11.334,14.186,14.987,14.99,14.987,15.992,0.801,0.8,0.801,683.0,19660.92,39062.0,2050.0,47200.0,195849.0,4,4.0,4,16,16.0,16,4,16,48.89,10.61
36,1,,,,,,,0,0,59,23,126.6,2745,10801,36,0,59.3,72.8;80.0;88.5;88.8;88.8;86.9;97.0;99.1;70.5;86.4;93.0;78.5;38.7;51.5;17.2;20.6;49.5;54.8;14.3;17.0;42.9;39.1;27.5;19.4,36.0,0.09,0.05,1.57,14.987,0.801,3466.0,221875.0,4,16,,,,,,,,,,,,,,,,,,,,,,,,,,,,,,,,,,,,,,,,,,,,,,,,,,,,,,,,,,,,,
36,2,,,,,,,100,100,66,19,224.6,2730,10801,36,0,14.3,11.9;1.1;10.8;6.5;4.1;2.4;30.9;80.8;53.9;14.6;65.7;49.2;2.2;1.4;0.8;0.0;0.8;1.4;0.3;0.0;1.1;1.1;0.5;1.9,35.95,0.09,0.01,5.29,14.987,0.801,41552.0,11865.0,4,16,,,,,,,,,,,,,,,,,,,,,,,,,,,,,,,,,,,,,,,,,,,,,,,,,,,,,,,,,,,,,
36,3,,,,,,,98,99,67,17,225.6,2730,10801,36,0,14.5,13.1;1.4;11.8;4.8;4.2;2.8;54.2;76.7;51.0;14.6;100.0;0.3;2.0;2.0;0.0;0.6;2.0;1.1;0.0;0.3;0.8;0.3;0.6;2.8,35.92,0.09,0.03,4.39,14.987,0.801,34912.0,12744.0,4,16,,,,,,,,,,,,,,,,,,,,,,,,,,,,,,,,,,,,,,,,,,,,,,,,,,,,,,,,,,,,,
36,4,,,,,,,100,92,67,17,225.6,2730,10801,36,0,14.4,15.3;0.6;10.8;8.8;2.8;5.3;57.9;82.5;45.0;12.5;99.4;1.1;1.1;0.3;0.0;0.0;0.0;0.0;1.1;0.3;0.0;0.0;0.3;0.3,35.91,0.09,0.05,3.72,14.987,0.801,8544.0,33886.0,4,16,,,,,,,,,,,,,,,,,,,,,,,,,,,,,,,,,,,,,,,,,,,,,,,,,,,,,,,,,,,,,
36,5,,,,,,,96,93,68,16,224.8,2730,10801,36,0,13.8,12.7;1.4;3.9;10.6;1.1;0.8;36.1;78.5;58.5;22.1;69.8;33.1;0.6;0.3;0.0;0.0;0.0;0.3;0.0;0.0;0.0;0.0;0.3;1.7,35.9,0.09,0.0,2.91,14.987,0.801,10009.0,50244.0,4,16,,,,,,,,,,,,,,,,,,,,,,,,,,,,,,,,,,,,,,,,,,,,,,,,,,,,,,,,,,,,,
36,6,,,,,,,100,98,67,16,225.2,2730,10801,36,0,13.8,14.3;1.1;8.0;10.4;2.2;3.0;28.9;85.4;48.8;17.4;72.5;36.1;0.8;0.8;0.0;0.0;0.5;0.3;0.0;0.0;0.0;0.3;0.0;0.0,35.88,0.09,0.02,2.73,14.987,0.801,27685.0,11816.0,4,16,,,,,,,,,,,,,,,,,,,,,,,,,,,,,,,,,,,,,,,,,,,,,,,,,,,,,,,,,,,,,
36,7,,,,,,,97,92,67,17,225.7,2730,10801,36,0,14.9,14.4;4.5;13.1;15.8;3.6;3.9;69.7;50.1;42.3;27.4;96.9;8.7;1.1;1.4;0.0;0.0;1.1;1.1;0.0;0.0;0.6;0.3;1.1;0.8,35.88,0.09,0.02,1.85,14.987,0.801,8789.0,141552.0,4,16,,,,,,,,,,,,,,,,,,,,,,,,,,,,,,,,,,,,,,,,,,,,,,,,,,,,,,,,,,,,,
36,8,,,,,,,100,100,67,17,226.3,2730,10801,36,0,14.4,14.4;1.1;4.2;12.5;2.5;3.9;66.2;64.0;35.2;29.3;97.5;3.9;1.7;0.6;0.0;0.3;1.4;1.1;0.3;0.6;0.3;0.3;0.6;2.8,35.87,0.09,0.06,1.61,14.987,0.801,4882.0,22070.0,4,16,,,,,,,,,,,,,,,,,,,,,,,,,,,,,,,,,,,,,,,,,,,,,,,,,,,,,,,,,,,,,
36,9,,,,,,,100,93,67,17,226.0,2730,10801,36,0,14.3,17.1;2.2;7.6;8.4;1.7;3.1;46.2;84.9;32.8;34.2;98.6;1.1;1.1;0.8;0.0;0.0;0.0;0.0;0.0;0.0;0.3;0.0;0.0;1.7,35.86,0.09,0.01,1.53,14.987,0.801,24511.0,23046.0,4,16,,,,,,,,,,,,,,,,,,,,,,,,,,,,,,,,,,,,,,,,,,,,,,,,,,,,,,,,,,,,,
36,10,,,,,,,96,92,69,20,225.9,2730,10801,36,0,14.3,14.0;1.7;9.1;9.7;1.4;3.3;28.5;70.1;37.4;35.4;73.6;53.0;0.8;1.4;0.3;0.6;0.6;0.3;0.0;0.6;0.0;0.0;0.0;0.3,35.85,0.09,0.03,3.32,14.987,0.801,19873.0,31738.0,4,16,,,,,,,,,,,,,,,,,,,,,,,,,,,,,,,,,,,,,,,,,,,,,,,,,,,,,,,,,,,,,
36,11,,,,,,,96,85,67,17,225.3,2730,10801,36,0,11.5,14.2;2.2;5.9;5.9;2.0;2.8;73.5;27.2;13.1;26.1;92.2;5.6;0.6;1.4;0.0;0.3;0.3;0.6;0.0;0.0;0.0;0.6;0.0;0.0,35.82,0.09,0.04,0.12,14.987,0.801,40234.0,12890.0,4,16,,,,,,,,,,,,,,,,,,,,,,,,,,,,,,,,,,,,,,,,,,,,,,,,,,,,,,,,,,,,,
36,12,,,,,,,100,96,68,20,226.1,2730,10801,36,0,11.6,15.7;1.5;4.0;5.0;2.0;2.5;11.4;92.0;8.9;25.7;100.0;1.0;1.5;0.5;0.0;0.0;1.0;1.0;0.0;0.0;0.5;0.0;0.0;4.4,35.83,0.09,0.02,0.09,14.987,0.801,0.0,2294.0,4,16,,,,,,,,,,,,,,,,,,,,,,,,,,,,,,,,,,,,,,,,,,,,,,,,,,,,,,,,,,,,,
36,summary,0.37792322022477803,0.9905426018740466,0.3890392657847671,0.9873337331969093,0.00092861,64.3,,,,,,,,,,,,,,,,,,,,,,0,90.25,100,0,86.67,100,59,66.58,69,16,18.0,23,126.6,217.31,226.3,2731.2,10801.0,36.0,0,11.5,17.59,59.3,35.82,35.89,36.0,63.16,0.09,0.09,0.09,19.04,0.0,0.03,0.06,0.09,2.43,5.29,11.337,14.186,14.987,14.99,14.987,15.992,0.801,0.8,0.801,0.0,18704.75,41552.0,2294.0,48001.67,221875.0,4,4.0,4,16,16.0,16,4,16,49.03,10.71
37,1,,,,,,,0,0,61,25,126.3,2745,10801,37,0,58.1,80.5;84.6;87.4;92.6;88.3;93.5;96.6;96.6;79.1;89.2;97.5;87.1;39.3;58.8;8.3;11.0;41.1;50.5;5.8;7.1;32.3;31.1;19.1;17.4,36.02,0.09,0.0,0.04,14.987,0.801,13623.0,200000.0,4,16,,,,,,,,,,,,,,,,,,,,,,,,,,,,,,,,,,,,,,,,,,,,,,,,,,,,,,,,,,,,,
37,2,,,,,,,96,83,66,16,225.3,2730,10801,36,0,14.8,16.2;2.0;10.7;7.9;3.6;4.2;85.1;58.7;27.0;35.3;99.4;1.4;0.8;0.8;0.0;0.0;0.0;0.3;0.0;0.3;0.3;0.6;0.6;0.0,35.97,0.09,0.05,4.5,14.987,0.801,9570.0,44970.0,4,16,,,,,,,,,,,,,,,,,,,,,,,,,,,,,,,,,,,,,,,,,,,,,,,,,,,,,,,,,,,,,
37,3,,,,,,,98,94,66,18,225.9,2730,10801,36,0,15.0,11.9;2.2;12.3;8.4;9.5;7.5;58.2;52.8;17.3;48.5;80.6;40.3;1.7;0.8;0.0;0.6;1.1;1.4;0.0;0.6;1.7;1.1;0.6;0.6,35.94,0.09,0.0,4.67,14.987,0.801,36035.0,17724.0,4,16,,,,,,,,,,,,,,,,,,,,,,,,,,,,,,,,,,,,,,,,,,,,,,,,,,,,,,,,,,,,,
37,4,,,,,,,96,93,68,15,225.7,2730,10801,36,0,14.0,16.6;1.7;10.8;6.9;1.9;3.0;48.9;64.9;13.0;56.2;95.3;11.3;0.8;0.8;0.0;0.0;0.8;0.8;0.0;0.6;0.0;0.0;0.0;1.6,35.93,0.09,0.04,3.99,14.987,0.801,4980.0,26611.0,4,16,,,,,,,,,,,,,,,,,,,,,,,,,,,,,,,,,,,,,,,,,,,,,,,,,,,,,,,,,,,,,
37,5,,,,,,,100,100,67,17,225.7,2730,10801,36,0,13.6,14.1;0.6;5.9;7.6;1.7;2.2;84.3;44.3;15.3;47.6;99.7;0.0;0.8;0.8;0.0;0.0;0.0;0.0;0.0;0.0;0.0;0.0;0.0;1.1,35.92,0.09,0.0,3.1,14.987,0.801,21240.0,12695.0,4,16,,,,,,,,,,,,,,,,,,,,,,,,,,,,,,,,,,,,,,,,,,,,,,,,,,,,,,,,,,,,,
37,6,,,,,,,100,90,67,18,225.7,2730,10801,36,0,14.3,11.9;1.7;8.9;7.2;4.5;3.6;52.4;49.6;31.1;50.1;57.9;57.7;1.7;2.5;0.0;0.0;0.8;0.3;0.0;0.0;1.4;0.0;0.3;0.6,35.88,0.09,0.04,2.65,14.987,0.801,18408.0,23046.0,4,16,,,,,,,,,,,,,,,,,,,,,,,,,,,,,,,,,,,,,,,,,,,,,,,,,,,,,,,,,,,,,
37,7,,,,,,,96,90,68,17,224.5,2730,10801,36,0,15.6,12.5;3.4;12.5;8.6;5.9;5.0;52.1;62.7;39.7;56.1;88.5;11.5;1.7;0.8;0.6;0.6;1.7;1.4;0.0;0.6;0.6;0.8;2.2;3.9,35.87,0.09,0.03,2.26,14.987,0.801,56005.0,30029.0,4,16,,,,,,,,,,,,,,,,,,,,,,,,,,,,,,,,,,,,,,,,,,,,,,,,,,,,,,,,,,,,,
37,8,,,,,,,100,92,67,18,225.2,2730,10801,36,0,13.9,13.2;1.4;10.7;5.5;1.9;2.5;54.9;74.0;24.5;39.1;93.9;9.1;0.0;1.1;0.0;0.0;0.3;0.6;0.0;0.0;0.8;0.0;0.0;0.8,35.87,0.09,0.0,1.96,14.987,0.801,34082.0,12011.0,4,16,,,,,,,,,,,,,,,,,,,,,,,,,,,,,,,,,,,,,,,,,,,,,,,,,,,,,,,,,,,,,
37,9,,,,,,,96,93,69,16,225.4,2730,10801,36,0,14.3,14.7;1.1;7.0;8.4;3.4;2.2;19.0;83.2;22.1;36.3;75.1;62.7;2.0;1.4;0.3;0.6;0.6;0.3;0.6;0.3;0.6;0.6;0.3;1.1,35.86,0.09,0.04,1.53,14.987,0.801,5322.0,40576.0,4,16,,,,,,,,,,,,,,,,,,,,,,,,,,,,,,,,,,,,,,,,,,,,,,,,,,,,,,,,,,,,,
37,10,,,,,,,98,97,67,15,225.6,2730,10801,36,0,14.8,18.2;3.0;7.7;11.5;3.0;3.0;35.2;69.3;24.6;47.5;66.9;54.8;0.6;0.6;0.6;0.0;1.4;0.8;0.3;0.3;1.7;0.6;0.6;1.7,35.84,0.09,0.01,4.05,14.987,0.801,35986.0,194824.0,4,16,,,,,,,,,,,,,,,,,,,,,,,,,,,,,,,,,,,,,,,,,,,,,,,,,,,,,,,,,,,,,
37,11,,,,,,,100,93,67,15,225.8,2730,10801,37,0,11.0,12.9;0.0;3.4;6.7;0.6;2.2;68.1;31.9;16.6;15.1;45.1;55.9;1.1;0.3;0.0;0.0;0.3;0.6;0.0;0.0;0.0;0.3;0.3;1.7,35.83,0.09,0.03,0.1,14.987,0.801,31005.0,47802.0,4,16,,,,,,,,,,,,,,,,,,,,,,,,,,,,,,,,,,,,,,,,,,,,,,,,,,,,,,,,,,,,,
37,12,,,,,,,100,92,67,19,216.4,2730,10801,36,0,10.4,14.9;1.0;4.9;3.4;2.4;1.9;30.1;61.2;5.8;18.3;87.9;12.6;1.0;0.5;0.0;0.0;0.5;1.0;0.0;0.0;0.0;0.0;0.0;1.0,35.83,0.09,0.02,0.08,14.987,0.801,244.0,1953.0,4,16,,,,,,,,,,,,,,,,,,,,,,,,,,,,,,,,,,,,,,,,,,,,,,,,,,,,,,,,,,,,,
37,summary,0.3772178333737769,0.9903433676804781,0.38706839885859046,0.9884627597643157,0.00092447,64.2,,,,,,,,,,,,,,,,,,,,,,0,90.0,100,0,84.75,100,61,66.67,69,15,17.42,25,126.3,216.46,225.9,2731.2,10801.0,36.2,0,10.4,17.48,58.1,35.83,35.9,36.02,63.16,0.09,0.09,0.09,19.04,0.0,0.02,0.05,0.04,2.41,4.67,11.334,14.186,14.987,14.99,14.987,15.992,0.801,0.8,0.801,244.0,22208.33,56005.0,1953.0,54353.42,200000.0,4,4.0,4,16,16.0,16,4,16,48.58,11.04
38,1,,,,,,,9,3,60,25,154.9,2745,10801,37,0,59.0,78.3;82.9;90.5;91.2;84.7;91.1;97.6;97.2;79.4;82.9;93.0;77.4;47.4;52.3;15.0;14.6;45.1;53.3;8.6;13.7;32.5;37.8;25.4;25.2,36.06,0.09,0.03,0.75,14.987,0.801,9130.0,198632.0,4,16,,,,,,,,,,,,,,,,,,,,,,,,,,,,,,,,,,,,,,,,,,,,,,,,,,,,,,,,,,,,,
38,2,,,,,,,100,90,66,17,225.1,2730,10801,36,0,14.7,11.8;2.2;9.8;11.2;3.9;3.9;87.1;52.8;27.2;41.4;73.1;23.8;0.8;1.4;0.0;0.0;0.3;0.3;0.0;0.0;0.0;0.3;0.0;2.2,35.96,0.09,0.01,7.74,14.987,0.801,11621.0,19384.0,4,16,,,,,,,,,,,,,,,,,,,,,,,,,,,,,,,,,,,,,,,,,,,,,,,,,,,,,,,,,,,,,
38,3,,,,,,,96,91,66,18,225.5,2730,10801,36,0,13.8,11.5;1.1;9.0;7.5;1.4;2.8;35.3;63.0;31.9;49.0;73.9;39.8;1.1;0.3;0.0;0.0;0.8;0.8;0.3;0.0;0.3;0.6;0.0;0.3,35.93,0.09,0.03,4.93,14.987,0.801,40234.0,11230.0,4,16,,,,,,,,,,,,,,,,,,,,,,,,,,,,,,,,,,,,,,,,,,,,,,,,,,,,,,,,,,,,,
38,4,,,,,,,100,90,68,17,224.9,2730,10801,36,0,14.1,14.8;2.0;12.0;9.2;2.8;3.9;44.0;72.5;28.3;35.1;80.4;29.1;1.1;0.3;0.0;0.3;0.3;0.3;0.0;0.0;0.8;0.3;0.3;0.3,35.9,0.09,0.03,4.21,14.987,0.801,5371.0,42578.0,4,16,,,,,,,,,,,,,,,,,,,,,,,,,,,,,,,,,,,,,,,,,,,,,,,,,,,,,,,,,,,,,
38,5,,,,,,,100,100,67,16,215.0,2730,10801,36,0,13.5,12.4;0.8;3.6;5.5;1.9;2.2;54.4;53.7;33.2;34.5;64.6;53.0;0.3;0.3;0.0;0.0;0.3;0.3;0.3;0.0;0.0;0.0;0.0;2.2,35.89,0.09,0.02,3.26,14.987,0.801,4736.0,29687.0,4,16,,,,,,,,,,,,,,,,,,,,,,,,,,,,,,,,,,,,,,,,,,,,,,,,,,,,,,,,,,,,,
38,6,,,,,,,100,93,67,17,225.9,2730,10801,36,0,14.7,16.7;2.0;5.9;7.0;2.5;2.8;68.8;61.8;39.8;34.5;87.7;8.4;2.5;1.4;0.3;0.8;1.1;1.7;0.6;0.8;0.3;0.6;0.3;4.1,35.87,0.09,0.02,3.32,14.987,0.801,6884.0,15527.0,4,16,,,,,,,,,,,,,,,,,,,,,,,,,,,,,,,,,,,,,,,,,,,,,,,,,,,,,,,,,,,,,
38,7,,,,,,,96,93,67,16,225.2,2730,10801,36,0,15.0,11.9;2.8;8.6;13.5;3.6;4.4;47.6;71.3;35.0;33.5;77.2;35.4;2.2;3.1;0.8;0.6;0.8;0.8;1.1;0.6;1.4;1.4;0.8;2.2,35.87,0.09,0.01,2.2,14.987,0.801,17529.0,9326.0,4,16,,,,,,,,,,,,,,,,,,,,,,,,,,,,,,,,,,,,,,,,,,,,,,,,,,,,,,,,,,,,,
38,8,,,,,,,99,100,67,16,226.4,2730,10801,36,0,15.5,16.1;2.5;13.1;7.6;5.0;5.0;72.5;52.5;47.8;23.8;94.7;12.1;3.1;3.6;0.3;0.0;1.7;1.7;0.8;0.3;0.8;1.7;1.7;3.9,35.86,0.09,0.05,1.75,14.987,0.801,11035.0,62060.0,4,16,,,,,,,,,,,,,,,,,,,,,,,,,,,,,,,,,,,,,,,,,,,,,,,,,,,,,,,,,,,,,
38,9,,,,,,,96,92,66,17,215.1,2730,10801,36,0,13.6,12.2;2.5;12.1;1.4;3.6;1.6;67.0;36.5;53.4;22.5;85.2;25.2;0.5;1.1;0.0;0.3;0.0;0.5;0.0;0.0;0.0;0.0;0.5;0.5,35.85,0.09,0.02,1.49,14.987,0.801,21044.0,12011.0,4,16,,,,,,,,,,,,,,,,,,,,,,,,,,,,,,,,,,,,,,,,,,,,,,,,,,,,,,,,,,,,,
38,10,,,,,,,100,98,67,17,226.4,2730,10801,36,0,14.4,14.9;1.7;9.2;9.5;3.9;3.1;68.1;68.4;40.2;19.6;97.8;2.0;2.5;0.8;0.0;0.3;0.6;0.0;0.0;0.0;0.3;0.3;0.3;1.7,35.82,0.09,0.03,4.49,14.987,0.801,4541.0,47900.0,4,16,,,,,,,,,,,,,,,,,,,,,,,,,,,,,,,,,,,,,,,,,,,,,,,,,,,,,,,,,,,,,
38,11,,,,,,,98,89,67,17,226.4,2730,10801,36,0,11.4,15.4;2.5;6.4;5.3;2.5;1.7;33.3;72.8;12.3;16.0;94.1;6.4;2.5;0.6;0.3;0.3;0.3;0.8;0.0;0.0;0.0;0.6;0.3;0.6,35.81,0.09,0.01,0.05,14.987,0.801,20361.0,11718.0,4,16,,,,,,,,,,,,,,,,,,,,,,,,,,,,,,,,,,,,,,,,,,,,,,,,,,,,,,,,,,,,,
38,12,,,,,,,96,87,67,17,226.4,2730,10801,37,0,10.5,14.0;0.5;4.0;2.5;2.0;1.0;30.0;67.8;15.0;13.5;75.6;23.5;0.5;0.5;0.0;0.0;0.0;0.0;0.0;0.0;0.0;0.0;0.0;1.0,35.81,0.09,0.0,0.05,14.987,0.801,0.0,1953.0,4,16,,,,,,,,,,,,,,,,,,,,,,,,,,,,,,,,,,,,,,,,,,,,,,,,,,,,,,,,,,,,,
38,summary,0.3780624028910729,0.9902375245151449,0.39241592578206913,0.9868750661539004,0.00092023,64.0,,,,,,,,,,,,,,,,,,,,,,9,90.83,100,3,85.5,100,60,66.25,68,16,17.5,25,154.9,218.1,226.4,2731.2,10801.0,36.2,0,10.5,17.52,59.0,35.81,35.89,36.06,63.16,0.09,0.09,0.09,19.04,0.0,0.02,0.05,0.05,2.85,7.74,11.336,14.186,14.987,14.99,14.987,15.992,0.801,0.8,0.801,0.0,12707.17,40234.0,1953.0,38500.5,198632.0,4,4.0,4,16,16.0,16,4,16,49.04,10.45
39,1,,,,,,,0,0,59,23,126.9,2745,10801,37,0,57.9,80.1;78.1;93.6;89.6;84.7;84.2;97.9;97.0;83.2;82.4;94.2;85.9;60.7;49.5;9.2;11.2;50.5;47.4;6.4;7.0;31.1;31.2;18.3;16.0,35.96,0.09,0.05,0.18,14.987,0.801,41406.0,185009.0,4,16,,,,,,,,,,,,,,,,,,,,,,,,,,,,,,,,,,,,,,,,,,,,,,,,,,,,,,,,,,,,,
39,2,,,,,,,96,89,66,17,224.3,2730,10801,36,0,15.1,15.5;3.1;13.7;7.8;7.3;5.9;64.1;63.1;39.9;18.7;98.6;14.0;3.4;0.6;0.3;0.0;1.1;0.8;0.0;0.3;1.1;0.6;0.6;1.4,35.95,0.09,0.04,5.69,14.987,0.801,17822.0,18994.0,4,16,,,,,,,,,,,,,,,,,,,,,,,,,,,,,,,,,,,,,,,,,,,,,,,,,,,,,,,,,,,,,
39,3,,,,,,,100,92,67,18,225.7,2730,10801,36,0,13.7,15.4;0.3;12.4;4.4;2.5;2.8;63.8;59.9;45.9;13.0;95.9;9.4;0.3;0.6;0.0;0.0;0.0;0.0;0.0;0.0;0.0;0.0;0.0;0.6,35.92,0.09,0.02,4.5,14.987,0.801,4736.0,20996.0,4,16,,,,,,,,,,,,,,,,,,,,,,,,,,,,,,,,,,,,,,,,,,,,,,,,,,,,,,,,,,,,,
39,4,,,,,,,96,92,66,18,225.2,2730,10801,37,0,14.3,12.9;0.6;13.4;10.8;3.9;2.8;66.8;61.8;43.5;20.3;99.7;0.8;0.6;1.1;0.0;0.0;0.3;0.3;0.3;0.3;1.4;0.6;0.3;1.1,35.9,0.09,0.01,3.82,14.987,0.801,20703.0,13134.0,4,16,,,,,,,,,,,,,,,,,,,,,,,,,,,,,,,,,,,,,,,,,,,,,,,,,,,,,,,,,,,,,
39,5,,,,,,,97,92,66,15,225.9,2730,10801,36,0,14.0,13.5;1.1;8.1;5.6;2.0;2.0;63.3;49.4;38.1;30.1;80.9;37.1;1.1;1.1;0.0;0.0;0.3;1.1;0.0;0.0;0.8;0.0;0.0;0.0,35.88,0.09,0.03,3.69,14.987,0.801,5371.0,58935.0,4,16,,,,,,,,,,,,,,,,,,,,,,,,,,,,,,,,,,,,,,,,,,,,,,,,,,,,,,,,,,,,,
39,6,,,,,,,100,91,68,16,225.6,2730,10801,36,0,15.6,15.6;3.0;9.5;12.8;3.1;4.5;65.4;68.8;40.6;29.4;96.1;6.4;2.2;3.6;1.1;0.6;2.8;2.5;0.8;0.6;1.4;0.8;0.8;1.9,35.87,0.09,0.03,2.25,14.987,0.801,4687.0,34472.0,4,16,,,,,,,,,,,,,,,,,,,,,,,,,,,,,,,,,,,,,,,,,,,,,,,,,,,,,,,,,,,,,
39,7,,,,,,,100,100,67,15,225.9,2730,10801,36,0,14.3,17.8;1.9;5.8;11.6;2.5;3.0;36.2;69.9;37.0;30.3;72.1;46.4;1.9;1.1;0.0;0.0;0.8;0.8;0.0;0.0;0.6;0.6;0.8;1.6,35.84,0.09,0.02,2.04,14.987,0.801,4931.0,18750.0,4,16,,,,,,,,,,,,,,,,,,,,,,,,,,,,,,,,,,,,,,,,,,,,,,,,,,,,,,,,,,,,,
39,8,,,,,,,100,93,67,17,226.0,2730,10801,37,0,14.4,15.4;1.4;10.3;10.6;2.2;3.6;58.7;59.2;32.3;44.8;91.1;8.6;1.7;0.8;0.0;0.6;0.0;0.6;0.6;0.0;0.6;0.0;0.6;0.8,35.84,0.09,0.03,1.54,14.987,0.801,11865.0,61865.0,4,16,,,,,,,,,,,,,,,,,,,,,,,,,,,,,,,,,,,,,,,,,,,,,,,,,,,,,,,,,,,,,
39,9,,,,,,,96,92,67,18,225.8,2730,10801,36,0,14.5,9.2;2.2;8.1;12.9;2.2;7.5;67.2;54.5;32.0;40.9;85.2;15.4;2.0;2.0;0.8;0.6;2.0;1.7;0.6;0.6;0.3;0.0;0.6;0.0,35.84,0.09,0.1,1.6,14.987,0.801,32177.0,13037.0,4,16,,,,,,,,,,,,,,,,,,,,,,,,,,,,,,,,,,,,,,,,,,,,,,,,,,,,,,,,,,,,,
39,10,,,,,,,99,100,67,18,226.4,2730,10801,36,0,14.8,17.8;3.1;14.8;12.6;3.1;2.5;30.4;67.5;27.7;50.6;81.9;30.9;2.2;2.0;0.0;0.0;0.8;1.4;0.3;0.0;1.4;1.1;0.6;2.5,35.82,0.09,0.03,3.76,14.987,0.801,30517.0,11083.0,4,16,,,,,,,,,,,,,,,,,,,,,,,,,,,,,,,,,,,,,,,,,,,,,,,,,,,,,,,,,,,,,
39,11,,,,,,,97,93,68,18,226.2,2730,10801,37,0,11.1,15.9;1.1;3.3;4.1;1.4;2.7;15.5;85.9;8.0;21.0;72.1;30.1;0.3;0.0;0.0;0.3;0.0;0.0;0.6;1.1;0.3;0.3;0.6;0.6,35.79,0.09,0.01,0.1,14.987,0.801,27001.0,12841.0,4,16,,,,,,,,,,,,,,,,,,,,,,,,,,,,,,,,,,,,,,,,,,,,,,,,,,,,,,,,,,,,,
39,12,,,,,,,100,91,67,17,226.3,2730,10801,36,0,10.7,14.6;1.5;2.0;4.4;2.9;1.5;34.6;66.3;10.7;16.1;99.0;0.5;0.5;0.0;0.0;0.0;1.0;0.5;0.0;0.5;0.0;0.0;0.0;1.0,35.79,0.09,0.0,0.04,14.987,0.801,19873.0,117431.0,4,16,,,,,,,,,,,,,,,,,,,,,,,,,,,,,,,,,,,,,,,,,,,,,,,,,,,,,,,,,,,,,
39,summary,0.3762980086216055,0.9909286181240855,0.39492302457009276,0.9858166037469569,0.00091588,64.2,,,,,,,,,,,,,,,,,,,,,,0,90.08,100,0,85.42,100,59,66.25,68,15,17.5,23,126.9,217.52,226.4,2731.2,10801.0,36.3,0,10.7,17.53,57.9,35.79,35.87,35.96,63.16,0.09,0.09,0.09,19.04,0.0,0.03,0.1,0.04,2.43,5.69,11.336,14.186,14.987,14.99,14.987,15.992,0.801,0.8,0.801,4687.0,18424.08,41406.0,11083.0,47212.25,185009.0,4,4.0,4,16,16.0,16,4,16,48.88,10.72
40,1,,,,,,,83,80,65,25,130.5,2745,10801,36,0,58.4,76.0;83.0;92.4;94.2;81.8;91.5;97.3;98.2;74.2;85.7;92.1;86.7;47.9;58.7;13.1;11.9;41.2;45.2;9.1;10.4;35.3;36.6;19.8;19.3,35.99,0.09,0.02,0.06,14.987,0.801,51708.0,2099.0,4,16,,,,,,,,,,,,,,,,,,,,,,,,,,,,,,,,,,,,,,,,,,,,,,,,,,,,,,,,,,,,,
40,2,,,,,,,100,90,66,18,225.6,2730,10801,36,0,14.1,10.9;1.4;14.8;4.5;1.7;2.2;77.5;62.1;16.6;41.9;95.0;5.1;1.1;0.3;0.0;0.0;0.0;0.6;0.0;0.3;0.8;0.0;0.0;1.1,35.93,0.09,0.04,4.47,14.987,0.801,43359.0,11376.0,4,16,,,,,,,,,,,,,,,,,,,,,,,,,,,,,,,,,,,,,,,,,,,,,,,,,,,,,,,,,,,,,
40,3,,,,,,,96,91,68,18,225.0,2730,10801,37,0,15.3,12.8;2.2;15.9;9.0;5.5;4.2;73.9;59.7;21.7;47.9;93.6;7.5;0.3;2.0;0.3;0.6;2.2;0.8;0.0;0.3;1.7;0.3;1.7;3.8,35.91,0.09,0.01,4.72,14.987,0.801,5224.0,60498.0,4,16,,,,,,,,,,,,,,,,,,,,,,,,,,,,,,,,,,,,,,,,,,,,,,,,,,,,,,,,,,,,,
40,4,,,,,,,100,93,67,16,225.2,2730,10801,37,0,13.8,14.2;1.4;12.1;8.2;3.0;3.3;67.6;34.1;18.5;58.8;92.6;11.3;0.5;1.4;0.8;0.8;0.5;0.8;0.3;0.3;0.3;0.0;0.0;0.5,35.9,0.09,0.01,3.95,14.987,0.801,38769.0,162304.0,4,16,,,,,,,,,,,,,,,,,,,,,,,,,,,,,,,,,,,,,,,,,,,,,,,,,,,,,,,,,,,,,
40,5,,,,,,,96,92,69,18,226.0,2730,10801,36,0,14.0,12.9;1.1;12.5;5.0;2.8;1.9;75.2;37.0;12.8;52.4;65.2;51.8;0.6;0.6;1.7;1.4;0.3;0.3;0.0;0.3;0.0;0.0;0.0;0.0,35.87,0.09,0.01,3.12,14.987,0.801,4199.0,231445.0,4,16,,,,,,,,,,,,,,,,,,,,,,,,,,,,,,,,,,,,,,,,,,,,,,,,,,,,,,,,,,,,,
40,6,,,,,,,100,100,67,17,226.3,2730,10801,37,0,14.5,17.5;0.8;8.9;5.3;2.8;3.6;46.1;63.3;27.2;50.7;82.2;29.3;0.6;0.6;0.3;0.6;1.4;1.1;0.0;0.8;2.0;0.6;0.3;2.2,35.86,0.09,0.01,2.56,14.987,0.801,4003.0,95605.0,4,16,,,,,,,,,,,,,,,,,,,,,,,,,,,,,,,,,,,,,,,,,,,,,,,,,,,,,,,,,,,,,
40,7,,,,,,,98,89,67,17,226.1,2730,10801,37,0,14.1,12.2;1.4;13.4;5.9;2.0;1.1;50.6;65.6;20.1;46.9;70.7;44.0;0.8;0.3;0.0;0.0;0.8;0.3;0.6;0.0;0.8;0.3;0.3;0.6,35.86,0.09,0.02,2.25,14.987,0.801,5517.0,37695.0,4,16,,,,,,,,,,,,,,,,,,,,,,,,,,,,,,,,,,,,,,,,,,,,,,,,,,,,,,,,,,,,,
40,8,,,,,,,100,90,67,17,226.3,2730,10801,36,0,13.9,16.5;1.1;7.7;6.6;4.4;2.5;62.6;39.0;26.6;37.4;65.1;61.0;0.3;0.8;0.0;0.0;0.0;0.0;0.0;0.0;0.3;0.0;0.0;1.4,35.85,0.09,0.05,2.11,14.987,0.801,4492.0,61767.0,4,16,,,,,,,,,,,,,,,,,,,,,,,,,,,,,,,,,,,,,,,,,,,,,,,,,,,,,,,,,,,,,
40,9,,,,,,,96,92,69,17,225.6,2730,10801,37,0,14.6,16.6;2.8;15.6;6.1;5.6;2.8;51.3;52.4;43.6;45.3;64.1;38.5;0.3;1.1;0.0;0.3;0.3;0.8;0.0;0.0;0.6;0.6;0.3;0.8,35.84,0.09,0.0,1.48,14.987,0.801,31689.0,155273.0,4,16,,,,,,,,,,,,,,,,,,,,,,,,,,,,,,,,,,,,,,,,,,,,,,,,,,,,,,,,,,,,,
40,10,,,,,,,100,100,68,17,226.6,2730,10801,37,0,14.4,15.4;1.9;13.0;9.2;3.3;3.1;31.2;69.6;29.4;30.1;64.3;70.3;0.8;0.6;0.3;0.3;0.3;0.3;0.3;0.3;0.8;0.8;0.3;0.6,35.82,0.09,0.02,4.07,14.987,0.801,37402.0,32080.0,4,16,,,,,,,,,,,,,,,,,,,,,,,,,,,,,,,,,,,,,,,,,,,,,,,,,,,,,,,,,,,,,
40,11,,,,,,,100,92,66,17,226.0,2730,10801,37,0,10.9,13.9;0.8;5.9;8.1;1.7;1.4;79.7;19.4;11.8;12.1;85.4;17.2;0.8;0.3;0.0;0.0;0.3;0.6;0.0;0.3;0.0;0.0;0.3;1.7,35.79,0.09,0.01,0.06,14.987,0.801,27246.0,39453.0,4,16,,,,,,,,,,,,,,,,,,,,,,,,,,,,,,,,,,,,,,,,,,,,,,,,,,,,,,,,,,,,,
40,12,,,,,,,96,92,69,19,226.5,2730,10801,37,0,12.1,18.5;1.9;5.3;9.1;2.4;2.4;81.2;20.7;13.5;20.2;10.0;89.9;2.4;0.0;0.0;0.5;1.9;0.5;0.0;0.5;2.9;1.0;2.9;3.3,35.8,0.09,0.02,0.1,14.987,0.801,1562.0,0.0,4,16,,,,,,,,,,,,,,,,,,,,,,,,,,,,,,,,,,,,,,,,,,,,,,,,,,,,,,,,,,,,,
40,summary,0.37649466137146365,0.9909535223982816,0.3892652261003973,0.9874042973573722,0.00091143,64.2,,,,,,,,,,,,,,,,,,,,,,83,97.08,100,80,91.75,100,65,67.33,69,16,18.0,25,130.5,217.97,226.6,2731.2,10801.0,36.7,0,10.9,17.51,58.4,35.79,35.87,35.99,63.16,0.09,0.09,0.09,19.04,0.0,0.02,0.05,0.06,2.41,4.72,11.336,14.186,14.987,14.99,14.987,15.992,0.801,0.8,0.801,1562.0,21264.17,51708.0,0.0,74132.92,231445.0,4,4.0,4,16,16.0,16,4,16,48.95,10.68
41,1,,,,,,,6,0,60,21,153.2,2745,10801,37,0,59.3,78.8;83.6;87.9;90.3;88.7;89.9;96.0;96.0;79.3;86.9;93.3;84.5;43.9;64.4;12.5;14.4;43.9;55.0;13.5;12.2;29.8;37.6;21.4;16.8,35.97,0.09,0.04,0.12,14.987,0.801,10546.0,198437.0,4,16,,,,,,,,,,,,,,,,,,,,,,,,,,,,,,,,,,,,,,,,,,,,,,,,,,,,,,,,,,,,,
41,2,,,,,,,100,100,66,17,226.1,2730,10801,36,0,14.6,15.9;2.0;10.1;18.0;1.7;3.9;48.0;62.1;46.9;25.8;70.8;37.8;1.4;2.2;0.6;0.3;0.3;0.8;0.6;0.3;0.0;0.3;0.6;0.6,35.95,0.09,0.01,5.65,14.987,0.801,52099.0,73681.0,4,16,,,,,,,,,,,,,,,,,,,,,,,,,,,,,,,,,,,,,,,,,,,,,,,,,,,,,,,,,,,,,
41,3,,,,,,,100,94,66,18,226.1,2730,10801,36,0,14.8,16.4;2.2;12.0;8.6;3.9;4.8;77.1;29.7;47.3;34.0;67.5;41.9;1.4;1.7;0.0;0.3;0.6;1.4;0.6;0.0;0.6;0.0;1.4;0.8,35.91,0.09,0.0,4.53,14.987,0.801,11523.0,11621.0,4,16,,,,,,,,,,,,,,,,,,,,,,,,,,,,,,,,,,,,,,,,,,,,,,,,,,,,,,,,,,,,,
41,4,,,,,,,96,82,67,17,225.9,2730,10801,36,0,14.0,9.9;2.0;10.1;6.7;3.1;6.1;72.7;54.2;42.7;25.6;89.1;11.2;0.8;0.8;0.0;0.3;0.3;0.3;0.0;0.0;0.0;0.3;0.3;0.0,35.89,0.09,0.02,3.83,14.987,0.801,35449.0,10986.0,4,16,,,,,,,,,,,,,,,,,,,,,,,,,,,,,,,,,,,,,,,,,,,,,,,,,,,,,,,,,,,,,
41,5,,,,,,,97,93,66,19,226.2,2730,10801,36,0,14.8,15.2;2.5;11.5;8.8;3.6;5.2;73.6;52.1;44.0;27.0;89.9;9.0;2.2;0.5;0.0;0.5;1.4;1.9;0.0;0.0;0.5;1.1;0.5;3.0,35.88,0.09,0.02,2.95,14.987,0.801,4492.0,19726.0,4,16,,,,,,,,,,,,,,,,,,,,,,,,,,,,,,,,,,,,,,,,,,,,,,,,,,,,,,,,,,,,,
41,6,,,,,,,96,93,68,16,224.2,2730,10801,37,0,14.3,15.1;1.4;6.7;13.7;2.5;3.1;30.9;75.6;37.9;36.3;77.7;38.8;0.6;0.6;0.0;0.0;0.3;1.1;0.6;0.0;0.3;0.0;0.0;0.6,35.86,0.09,0.0,2.93,14.987,0.801,15478.0,29052.0,4,16,,,,,,,,,,,,,,,,,,,,,,,,,,,,,,,,,,,,,,,,,,,,,,,,,,,,,,,,,,,,,
41,7,,,,,,,100,100,68,16,225.8,2730,10801,36,0,15.9,16.3;3.4;12.8;10.0;5.3;5.8;51.8;50.1;32.8;28.6;79.4;66.3;2.2;2.8;1.4;0.8;1.7;3.9;0.3;0.6;1.9;1.7;1.1;0.8,35.85,0.09,0.02,2.05,14.987,0.801,5029.0,70703.0,4,16,,,,,,,,,,,,,,,,,,,,,,,,,,,,,,,,,,,,,,,,,,,,,,,,,,,,,,,,,,,,,
41,8,,,,,,,100,91,66,17,225.6,2730,10801,36,0,14.3,12.1;1.7;10.3;5.0;4.7;4.2;29.2;80.4;51.0;26.4;91.9;19.3;2.2;1.4;0.0;0.0;0.8;0.3;0.0;0.0;0.0;0.6;0.6;0.6,35.83,0.09,0.01,1.51,14.987,0.801,4687.0,33984.0,4,16,,,,,,,,,,,,,,,,,,,,,,,,,,,,,,,,,,,,,,,,,,,,,,,,,,,,,,,,,,,,,
41,9,,,,,,,96,89,68,19,225.2,2730,10801,37,0,13.6,14.6;0.8;9.4;4.4;1.9;1.7;48.8;66.6;50.7;24.7;95.6;4.1;0.3;0.3;0.3;0.3;0.0;0.0;0.6;0.6;0.6;0.0;0.0;1.1,35.84,0.09,0.02,1.48,14.987,0.801,5224.0,33398.0,4,16,,,,,,,,,,,,,,,,,,,,,,,,,,,,,,,,,,,,,,,,,,,,,,,,,,,,,,,,,,,,,
41,10,,,,,,,100,92,67,17,225.6,2730,10801,37,0,15.3,17.7;1.7;11.9;9.2;3.6;4.7;48.3;51.7;46.2;28.8;53.9;76.0;3.1;1.7;0.0;0.6;1.7;2.0;0.6;0.6;0.6;0.3;0.0;1.9,35.82,0.09,0.03,3.76,14.987,0.801,4687.0,26757.0,4,16,,,,,,,,,,,,,,,,,,,,,,,,,,,,,,,,,,,,,,,,,,,,,,,,,,,,,,,,,,,,,
41,11,,,,,,,96,92,69,17,225.6,2730,10801,37,0,11.3,13.2;0.8;5.6;3.4;3.4;2.8;46.9;52.1;19.7;17.4;99.7;0.6;0.0;0.0;0.0;0.0;0.3;0.0;0.0;0.0;0.3;0.3;0.0;2.8,35.81,0.09,0.02,0.09,14.987,0.801,14453.0,11718.0,4,16,,,,,,,,,,,,,,,,,,,,,,,,,,,,,,,,,,,,,,,,,,,,,,,,,,,,,,,,,,,,,
41,12,,,,,,,100,100,68,15,225.7,2730,10801,36,0,12.2,20.5;1.0;5.9;3.0;4.9;1.0;62.9;43.1;10.9;23.8;100.0;1.5;2.5;3.5;0.0;0.5;0.5;1.0;1.0;0.0;0.5;0.5;0.5;2.5,35.82,0.09,0.0,0.07,14.987,0.801,683.0,1953.0,4,16,,,,,,,,,,,,,,,,,,,,,,,,,,,,,,,,,,,,,,,,,,,,,,,,,,,,,,,,,,,,,
41,summary,0.3766638054700167,0.9907542882047131,0.3891321893208231,0.9876512719189924,0.00090687,64.1,,,,,,,,,,,,,,,,,,,,,,6,90.58,100,0,85.5,100,60,66.58,69,15,17.42,21,153.2,219.6,226.2,2731.2,10801.0,36.4,0,11.3,17.87,59.3,35.81,35.87,35.97,63.16,0.09,0.09,0.09,19.04,0.0,0.02,0.04,0.07,2.41,5.65,11.333,14.186,14.987,14.99,14.987,15.992,0.801,0.8,0.801,683.0,13695.83,52099.0,1953.0,43501.33,198437.0,4,4.0,4,16,16.0,16,4,16,48.81,10.72
42,1,,,,,,,0,0,59,25,126.5,2745,10801,37,0,59.9,81.7;80.9;93.0;87.5;88.7;90.0;98.2;95.7;81.9;76.2;95.1;84.7;48.6;48.5;11.9;14.9;47.1;48.8;15.9;15.9;37.8;40.4;28.7;24.8,35.98,0.09,0.01,0.05,14.987,0.801,4296.0,114160.0,4,16,,,,,,,,,,,,,,,,,,,,,,,,,,,,,,,,,,,,,,,,,,,,,,,,,,,,,,,,,,,,,
42,2,,,,,,,97,92,66,18,225.3,2730,10801,37,0,15.1,17.4;3.6;13.1;6.2;6.1;2.8;62.5;73.7;38.7;24.6;100.0;0.8;1.1;2.0;0.8;0.6;1.4;1.1;0.3;0.3;1.4;0.8;0.6;1.1,35.95,0.09,0.04,4.5,14.987,0.801,47656.0,15380.0,4,16,,,,,,,,,,,,,,,,,,,,,,,,,,,,,,,,,,,,,,,,,,,,,,,,,,,,,,,,,,,,,
42,3,,,,,,,96,93,69,17,225.1,2730,10801,36,0,14.3,15.1;1.9;11.0;5.5;2.8;2.8;57.1;55.9;36.9;37.8;80.7;29.8;1.9;1.1;0.0;0.0;0.3;0.0;0.0;0.0;0.8;0.0;0.0;0.6,35.92,0.09,0.0,4.64,14.987,0.801,5322.0,45458.0,4,16,,,,,,,,,,,,,,,,,,,,,,,,,,,,,,,,,,,,,,,,,,,,,,,,,,,,,,,,,,,,,
42,4,,,,,,,100,100,67,18,225.3,2730,10801,36,0,14.1,13.2;1.9;11.1;8.1;5.3;2.2;81.9;35.5;32.4;39.6;100.0;0.6;1.1;0.8;0.0;0.3;0.3;0.3;0.0;0.3;0.8;1.1;0.6;0.8,35.89,0.09,0.02,4.03,14.987,0.801,4687.0,23339.0,4,16,,,,,,,,,,,,,,,,,,,,,,,,,,,,,,,,,,,,,,,,,,,,,,,,,,,,,,,,,,,,,
42,5,,,,,,,96,93,66,16,225.1,2730,10801,37,0,14.7,16.5;0.8;8.4;8.1;3.9;2.5;72.4;63.5;34.0;28.9;100.0;1.1;1.7;1.1;0.3;0.3;1.1;2.2;0.3;0.3;1.4;0.3;0.3;2.8,35.88,0.09,0.01,3.11,14.987,0.801,7910.0,60839.0,4,16,,,,,,,,,,,,,,,,,,,,,,,,,,,,,,,,,,,,,,,,,,,,,,,,,,,,,,,,,,,,,
42,6,,,,,,,100,97,67,17,225.7,2730,10801,36,0,14.4,17.2;1.7;5.8;7.8;2.8;3.3;61.7;64.1;34.0;37.6;89.7;9.1;1.1;1.1;0.0;0.3;0.3;0.0;0.0;0.6;2.5;2.8;0.3;1.9,35.87,0.09,0.01,2.57,14.987,0.801,36181.0,12011.0,4,16,,,,,,,,,,,,,,,,,,,,,,,,,,,,,,,,,,,,,,,,,,,,,,,,,,,,,,,,,,,,,
42,7,,,,,,,97,92,67,18,225.5,2730,10801,36,0,14.8,17.4;1.6;6.0;10.4;3.3;3.3;57.7;69.3;21.6;49.7;99.7;0.8;2.2;1.9;0.3;0.3;1.9;1.6;0.3;0.8;1.1;0.8;0.8;1.6,35.85,0.09,0.02,2.72,14.987,0.801,12939.0,279589.0,4,16,,,,,,,,,,,,,,,,,,,,,,,,,,,,,,,,,,,,,,,,,,,,,,,,,,,,,,,,,,,,,
42,8,,,,,,,100,92,67,17,226.0,2730,10801,36,0,14.0,11.7;0.6;9.2;10.3;3.1;3.6;60.2;53.5;22.1;52.0;75.1;32.5;0.8;0.3;0.0;0.0;0.0;0.0;0.0;0.0;0.0;0.0;0.0;1.1,35.83,0.09,0.0,1.47,14.987,0.801,41015.0,23388.0,4,16,,,,,,,,,,,,,,,,,,,,,,,,,,,,,,,,,,,,,,,,,,,,,,,,,,,,,,,,,,,,,
42,9,,,,,,,96,93,66,15,225.6,2730,10801,37,0,14.3,15.4;1.4;10.9;19.8;3.6;4.5;49.7;55.6;19.8;52.2;77.7;24.6;1.1;0.8;0.0;0.0;0.0;0.0;0.0;0.0;2.5;2.5;0.0;0.3,35.83,0.09,0.05,1.6,14.987,0.801,34082.0,11914.0,4,16,,,,,,,,,,,,,,,,,,,,,,,,,,,,,,,,,,,,,,,,,,,,,,,,,,,,,,,,,,,,,
42,10,,,,,,,98,94,67,17,225.5,2730,10801,37,0,14.0,14.4;0.8;7.0;9.2;1.1;1.7;63.2;74.2;19.9;42.7;98.0;2.0;0.3;0.6;0.0;0.0;0.3;0.3;0.0;0.0;0.0;0.0;0.0;0.6,35.81,0.09,0.02,4.1,14.987,0.801,11669.0,53564.0,4,16,,,,,,,,,,,,,,,,,,,,,,,,,,,,,,,,,,,,,,,,,,,,,,,,,,,,,,,,,,,,,
42,11,,,,,,,97,93,68,15,225.5,2730,10801,37,0,11.2,16.3;0.6;3.0;6.1;3.0;1.4;69.4;31.2;7.7;18.4;59.8;43.6;1.7;1.4;0.0;0.6;0.6;1.1;0.0;0.0;0.6;0.8;0.3;1.9,35.82,0.09,0.04,0.16,14.987,0.801,4980.0,21484.0,4,16,,,,,,,,,,,,,,,,,,,,,,,,,,,,,,,,,,,,,,,,,,,,,,,,,,,,,,,,,,,,,
42,12,,,,,,,100,90,68,16,225.8,2730,10801,37,0,10.6,15.7;1.0;3.5;7.5;1.5;0.5;94.0;4.0;7.0;17.5;100.0;0.0;0.5;0.0;0.0;0.0;0.0;0.0;0.0;0.0;0.0;0.0;0.0;2.0,35.82,0.09,0.0,0.05,14.987,0.801,2783.0,488.0,4,16,,,,,,,,,,,,,,,,,,,,,,,,,,,,,,,,,,,,,,,,,,,,,,,,,,,,,,,,,,,,,
42,summary,0.37704486599194287,0.9908040967531052,0.39260613803271666,0.9876865539992238,0.00090221,64.2,,,,,,,,,,,,,,,,,,,,,,0,89.75,100,0,85.75,100,59,66.42,69,15,17.42,25,126.5,217.24,226.0,2731.2,10801.0,36.6,0,10.6,17.62,59.9,35.81,35.87,35.98,63.16,0.09,0.09,0.09,19.04,0.0,0.02,0.05,0.05,2.42,4.64,11.336,14.186,14.987,14.99,14.987,15.992,0.801,0.8,0.801,2783.0,17793.33,47656.0,488.0,55134.5,279589.0,4,4.0,4,16,16.0,16,4,16,48.79,10.86
43,1,,,,,,,6,0,61,25,153.4,2745,10801,37,0,59.2,80.4;81.9;89.6;91.8;86.8;91.1;96.0;96.9;85.9;84.1;96.3;84.4;51.2;42.2;16.3;18.0;43.7;46.0;10.7;12.8;30.6;37.1;26.6;19.9,36.0,0.09,0.0,0.04,14.987,0.801,21777.0,195703.0,4,16,,,,,,,,,,,,,,,,,,,,,,,,,,,,,,,,,,,,,,,,,,,,,,,,,,,,,,,,,,,,,
43,2,,,,,,,96,93,67,16,224.9,2730,10801,36,0,14.2,15.3;0.8;9.4;10.6;2.8;3.9;49.6;76.0;21.1;47.9;93.6;7.8;0.6;0.8;0.0;0.0;0.3;0.0;0.0;0.0;0.0;0.0;0.0;0.0,35.95,0.09,0.02,4.44,14.987,0.801,13574.0,360888.0,4,16,,,,,,,,,,,,,,,,,,,,,,,,,,,,,,,,,,,,,,,,,,,,,,,,,,,,,,,,,,,,,
43,3,,,,,,,100,95,68,17,225.7,2730,10801,36,0,14.9,17.4;1.7;11.1;6.4;4.5;2.0;33.7;72.1;24.0;47.1;77.7;49.6;1.1;1.7;0.0;0.0;1.4;0.3;0.0;0.3;1.1;0.6;0.6;1.7,35.92,0.09,0.01,4.72,14.987,0.801,17333.0,232568.0,4,16,,,,,,,,,,,,,,,,,,,,,,,,,,,,,,,,,,,,,,,,,,,,,,,,,,,,,,,,,,,,,
43,4,,,,,,,100,100,66,15,215.3,2730,10801,36,0,13.9,16.9;1.1;11.0;5.5;2.2;2.5;54.4;78.0;21.0;35.4;92.3;8.8;1.1;0.6;0.0;0.0;0.0;0.3;0.0;0.0;0.0;0.0;0.3;0.8,35.89,0.09,0.02,4.01,14.987,0.801,30468.0,23974.0,4,16,,,,,,,,,,,,,,,,,,,,,,,,,,,,,,,,,,,,,,,,,,,,,,,,,,,,,,,,,,,,,
43,5,,,,,,,100,91,67,17,225.4,2730,10801,36,0,15.4,18.0;1.7;14.5;6.7;8.1;2.8;73.9;59.6;30.4;38.0;99.2;0.8;4.5;2.5;0.0;0.6;1.4;0.6;0.8;0.6;1.1;0.3;1.1;2.5,35.89,0.09,0.02,3.34,14.987,0.801,5371.0,28466.0,4,16,,,,,,,,,,,,,,,,,,,,,,,,,,,,,,,,,,,,,,,,,,,,,,,,,,,,,,,,,,,,,
43,6,,,,,,,96,93,67,17,225.3,2730,10801,36,0,14.2,16.6;1.1;10.0;5.6;3.3;1.9;71.1;56.4;31.9;36.6;81.9;18.9;1.1;0.8;0.3;0.0;0.3;0.3;0.0;0.3;0.0;0.0;0.3;1.4,35.88,0.09,0.07,2.65,14.987,0.801,4443.0,52490.0,4,16,,,,,,,,,,,,,,,,,,,,,,,,,,,,,,,,,,,,,,,,,,,,,,,,,,,,,,,,,,,,,
43,7,,,,,,,98,97,67,18,225.9,2730,10801,36,0,14.7,14.8;2.3;17.1;9.0;5.1;3.4;39.4;59.7;38.5;33.0;74.7;47.3;1.1;0.8;0.3;0.0;0.8;0.3;0.0;0.0;2.0;0.8;0.0;1.1,35.86,0.09,0.03,2.24,14.987,0.801,20605.0,11914.0,4,16,,,,,,,,,,,,,,,,,,,,,,,,,,,,,,,,,,,,,,,,,,,,,,,,,,,,,,,,,,,,,
43,8,,,,,,,96,93,66,17,214.8,2730,10801,37,0,14.3,15.1;2.2;15.4;6.3;4.1;2.5;56.6;66.5;32.1;25.8;83.3;23.1;2.5;0.8;0.3;0.3;1.9;1.6;0.3;0.0;1.1;0.5;0.5;0.8,35.86,0.09,0.02,2.02,14.987,0.801,50195.0,43505.0,4,16,,,,,,,,,,,,,,,,,,,,,,,,,,,,,,,,,,,,,,,,,,,,,,,,,,,,,,,,,,,,,
43,9,,,,,,,100,98,67,17,225.2,2730,10801,36,0,14.0,12.9;0.8;9.2;6.7;2.8;1.4;60.5;61.9;40.9;18.8;77.5;37.4;0.0;0.3;0.3;0.0;0.6;0.3;0.0;0.0;0.6;0.8;1.1;1.9,35.85,0.09,0.01,1.49,14.987,0.801,34570.0,28662.0,4,16,,,,,,,,,,,,,,,,,,,,,,,,,,,,,,,,,,,,,,,,,,,,,,,,,,,,,,,,,,,,,
43,10,,,,,,,98,89,67,16,225.1,2730,10801,37,0,14.0,13.4;0.8;11.9;5.3;4.7;0.8;47.6;56.9;48.9;24.0;85.0;35.0;0.3;0.6;0.0;0.0;0.6;0.3;0.0;0.0;0.0;0.0;0.0;0.6,35.83,0.09,0.0,4.11,14.987,0.801,35888.0,21142.0,4,16,,,,,,,,,,,,,,,,,,,,,,,,,,,,,,,,,,,,,,,,,,,,,,,,,,,,,,,,,,,,,
43,11,,,,,,,97,92,67,17,225.9,2730,10801,37,0,11.5,13.2;2.8;4.2;4.2;2.5;1.7;37.6;62.6;16.1;14.4;44.8;61.0;1.4;1.7;0.3;0.3;0.6;1.1;0.0;0.3;1.1;0.8;0.8;1.7,35.83,0.09,0.02,0.1,14.987,0.801,19970.0,19726.0,4,16,,,,,,,,,,,,,,,,,,,,,,,,,,,,,,,,,,,,,,,,,,,,,,,,,,,,,,,,,,,,,
43,12,,,,,,,100,91,68,16,225.5,2730,10801,37,0,10.6,14.5;0.5;4.4;3.9;2.4;2.0;69.8;29.8;14.6;12.6;48.3;50.7;0.5;0.0;0.0;0.0;0.0;0.5;0.0;0.0;0.0;0.0;0.0;0.0,35.83,0.09,0.03,0.1,14.987,0.801,1025.0,2197.0,4,16,,,,,,,,,,,,,,,,,,,,,,,,,,,,,,,,,,,,,,,,,,,,,,,,,,,,,,,,,,,,,
43,summary,0.3765259918138462,0.9910344612894187,0.39031820447519866,0.987862964400381,0.00089745,64.1,,,,,,,,,,,,,,,,,,,,,,6,90.58,100,0,86.0,100,61,66.5,68,15,17.33,25,153.4,217.7,225.9,2731.2,10801.0,36.4,0,10.6,17.57,59.2,35.83,35.88,36.0,63.16,0.09,0.09,0.09,19.04,0.0,0.02,0.07,0.04,2.44,4.72,11.336,14.186,14.987,14.99,14.987,15.992,0.801,0.8,0.801,1025.0,21268.25,50195.0,2197.0,85102.92,360888.0,4,4.0,4,16,16.0,16,4,16,49.0,10.55
44,1,,,,,,,0,0,59,25,135.3,2745,10801,37,0,58.3,83.0;88.0;95.1;92.0;87.7;92.0;95.4;96.3;84.6;83.1;93.9;80.3;49.2;59.5;9.5;8.6;41.8;52.9;5.8;7.4;29.8;32.5;15.4;14.4,36.02,0.09,0.02,0.91,14.987,0.801,7617.0,326318.0,4,16,,,,,,,,,,,,,,,,,,,,,,,,,,,,,,,,,,,,,,,,,,,,,,,,,,,,,,,,,,,,,
44,2,,,,,,,98,89,66,17,224.7,2730,10801,37,0,14.8,15.5;2.5;9.9;11.2;3.6;5.5;56.9;70.4;48.1;19.1;89.2;13.0;2.2;1.7;0.0;1.1;1.7;0.6;0.6;0.3;0.6;0.3;1.1;0.6,35.91,0.09,0.21,6.29,14.987,0.801,12207.0,12011.0,4,16,,,,,,,,,,,,,,,,,,,,,,,,,,,,,,,,,,,,,,,,,,,,,,,,,,,,,,,,,,,,,
44,3,,,,,,,96,91,66,17,224.9,2730,10801,36,0,14.8,9.9;3.4;13.1;8.9;4.4;4.2;59.2;65.4;49.7;21.8;99.4;1.1;3.1;1.4;1.4;1.7;2.0;0.8;0.3;1.1;0.8;0.3;1.1;1.9,35.9,0.09,0.01,4.52,14.987,0.801,6152.0,16503.0,4,16,,,,,,,,,,,,,,,,,,,,,,,,,,,,,,,,,,,,,,,,,,,,,,,,,,,,,,,,,,,,,
44,4,,,,,,,100,100,68,18,225.9,2730,10801,37,0,14.3,13.9;2.0;8.1;8.3;2.2;3.9;75.5;44.8;55.6;23.1;84.4;14.2;1.4;1.7;0.0;0.0;0.8;1.1;0.0;0.3;0.0;0.0;0.0;1.7,35.88,0.09,0.0,3.62,14.987,0.801,4931.0,60644.0,4,16,,,,,,,,,,,,,,,,,,,,,,,,,,,,,,,,,,,,,,,,,,,,,,,,,,,,,,,,,,,,,
44,5,,,,,,,100,91,67,16,225.2,2730,10801,36,0,13.9,12.6;0.8;11.2;9.2;3.4;2.2;41.6;71.9;41.6;18.4;64.5;53.6;0.6;0.8;0.0;0.0;0.3;0.3;0.0;0.0;0.6;0.3;0.0;0.6,35.87,0.09,0.01,2.92,14.987,0.801,4492.0,150634.0,4,16,,,,,,,,,,,,,,,,,,,,,,,,,,,,,,,,,,,,,,,,,,,,,,,,,,,,,,,,,,,,,
44,6,,,,,,,100,90,67,17,225.6,2730,10801,37,0,14.3,15.4;1.9;14.9;9.9;1.7;3.6;25.5;75.8;49.7;31.1;89.6;15.4;1.4;0.8;0.0;0.0;0.8;0.8;0.0;0.6;1.1;0.0;0.8;2.2,35.86,0.09,0.02,2.91,14.987,0.801,34960.0,11474.0,4,16,,,,,,,,,,,,,,,,,,,,,,,,,,,,,,,,,,,,,,,,,,,,,,,,,,,,,,,,,,,,,
44,7,,,,,,,96,90,67,16,224.8,2730,10801,37,0,14.1,13.5;2.5;6.7;8.4;2.5;1.7;44.3;57.7;56.1;25.9;58.0;54.9;0.8;0.6;0.0;0.3;2.5;2.0;0.0;0.0;0.0;0.0;0.0;0.0,35.86,0.09,0.02,1.87,14.987,0.801,4394.0,49511.0,4,16,,,,,,,,,,,,,,,,,,,,,,,,,,,,,,,,,,,,,,,,,,,,,,,,,,,,,,,,,,,,,
44,8,,,,,,,100,100,68,16,226.5,2730,10801,36,0,14.5,15.5;1.7;9.0;6.4;2.8;2.5;65.6;34.6;38.2;24.2;71.3;69.4;1.1;1.1;0.6;0.0;0.6;0.6;0.6;0.3;0.8;0.8;0.0;0.8,35.83,0.09,0.01,1.52,14.987,0.801,23486.0,12109.0,4,16,,,,,,,,,,,,,,,,,,,,,,,,,,,,,,,,,,,,,,,,,,,,,,,,,,,,,,,,,,,,,
44,9,,,,,,,100,97,69,16,224.9,2730,10801,37,0,14.5,12.8;1.4;12.4;5.0;5.2;2.2;38.0;77.3;34.1;32.8;82.3;35.6;1.9;0.6;0.6;0.0;0.6;1.1;0.0;0.0;1.4;0.3;1.1;2.7,35.82,0.09,0.01,1.5,14.987,0.801,18847.0,137158.0,4,16,,,,,,,,,,,,,,,,,,,,,,,,,,,,,,,,,,,,,,,,,,,,,,,,,,,,,,,,,,,,,
44,10,,,,,,,100,100,67,17,226.0,2730,10801,37,0,15.1,17.4;3.0;17.3;5.8;4.9;3.0;27.5;77.6;49.3;38.6;74.2;31.4;1.9;1.1;0.6;0.6;1.1;1.1;0.3;0.0;0.6;0.6;0.3;2.2,35.8,0.09,0.05,3.58,14.987,0.801,5029.0,58593.0,4,16,,,,,,,,,,,,,,,,,,,,,,,,,,,,,,,,,,,,,,,,,,,,,,,,,,,,,,,,,,,,,
44,11,,,,,,,100,91,68,16,225.3,2730,10801,36,0,11.3,15.2;1.4;6.2;4.2;2.0;2.2;66.3;34.0;19.6;14.8;100.0;0.3;0.6;0.8;0.0;0.0;0.3;0.3;0.0;0.0;0.3;0.0;0.3;1.1,35.81,0.09,0.01,0.09,14.987,0.801,32031.0,19433.0,4,16,,,,,,,,,,,,,,,,,,,,,,,,,,,,,,,,,,,,,,,,,,,,,,,,,,,,,,,,,,,,,
44,12,,,,,,,98,96,67,17,225.7,2730,10801,36,0,12.3,14.1;2.0;10.4;5.0;4.5;3.0;10.0;92.0;15.0;22.0;96.5;2.0;2.0;1.0;0.5;0.5;2.0;2.5;1.0;2.0;0.5;1.0;2.0;2.5,35.81,0.09,0.0,0.03,14.987,0.801,1318.0,2392.0,4,16,,,,,,,,,,,,,,,,,,,,,,,,,,,,,,,,,,,,,,,,,,,,,,,,,,,,,,,,,,,,,
44,summary,0.3756260389240438,0.9911527565918501,0.3928908994912605,0.9865928095120489,0.00089259,64.2,,,,,,,,,,,,,,,,,,,,,,0,90.67,100,0,86.25,100,59,66.58,69,16,17.33,25,135.3,217.9,226.5,2731.2,10801.0,36.6,0,11.3,17.68,58.3,35.8,35.86,36.02,63.16,0.09,0.09,0.09,19.04,0.0,0.03,0.21,0.03,2.48,6.29,11.335,14.186,14.987,14.99,14.987,15.992,0.801,0.8,0.801,1318.0,12955.33,34960.0,2392.0,71398.33,326318.0,4,4.0,4,16,16.0,16,4,16,49.01,10.62
45,1,,,,,,,0,0,63,17,119.5,2745,10801,37,0,57.7,77.8;88.4;94.8;93.6;89.0;91.8;96.3;99.1;76.6;91.2;92.4;84.8;50.9;55.8;8.5;9.5;47.1;47.0;7.6;7.0;25.0;26.5;12.5;11.6,35.97,0.09,0.05,0.16,14.987,0.801,3076.0,223730.0,4,16,,,,,,,,,,,,,,,,,,,,,,,,,,,,,,,,,,,,,,,,,,,,,,,,,,,,,,,,,,,,,
45,2,,,,,,,98,89,66,17,224.5,2730,10801,36,0,14.2,10.5;1.4;12.0;5.0;3.9;2.2;67.0;39.7;31.6;31.6;63.0;66.9;0.8;1.4;0.6;0.3;1.1;1.1;0.0;0.0;0.0;0.6;0.0;0.8,35.94,0.09,0.0,4.36,14.987,0.801,40625.0,20214.0,4,16,,,,,,,,,,,,,,,,,,,,,,,,,,,,,,,,,,,,,,,,,,,,,,,,,,,,,,,,,,,,,
45,3,,,,,,,100,91,66,16,225.1,2730,10801,36,0,14.5,16.3;1.1;16.9;7.9;6.3;4.9;49.7;58.2;34.5;30.5;75.7;34.2;2.5;2.7;0.0;0.0;0.5;0.8;0.0;0.3;1.4;0.3;0.8;2.2,35.9,0.09,0.04,4.69,14.987,0.801,17773.0,135693.0,4,16,,,,,,,,,,,,,,,,,,,,,,,,,,,,,,,,,,,,,,,,,,,,,,,,,,,,,,,,,,,,,
45,4,,,,,,,96,94,69,17,224.6,2730,10801,37,0,14.8,17.9;2.8;12.5;4.2;3.6;3.4;38.3;73.0;31.6;36.7;93.3;29.3;2.2;1.1;0.6;0.6;0.6;0.3;0.3;0.3;0.8;0.8;0.3;0.8,35.87,0.09,0.01,4.03,14.987,0.801,22656.0,142138.0,4,16,,,,,,,,,,,,,,,,,,,,,,,,,,,,,,,,,,,,,,,,,,,,,,,,,,,,,,,,,,,,,
45,5,,,,,,,100,98,68,17,225.3,2730,10801,36,0,14.9,17.2;2.8;13.7;9.8;6.1;2.8;61.5;63.1;25.8;45.4;89.6;7.0;2.5;1.4;0.3;0.6;0.6;1.7;0.3;0.6;1.1;1.7;0.6;0.3,35.85,0.09,0.01,3.1,14.987,0.801,22167.0,60253.0,4,16,,,,,,,,,,,,,,,,,,,,,,,,,,,,,,,,,,,,,,,,,,,,,,,,,,,,,,,,,,,,,
45,6,,,,,,,100,90,66,17,225.3,2730,10801,37,0,14.2,14.9;1.1;8.9;8.4;2.2;1.4;47.4;53.5;22.3;50.3;66.2;55.0;1.1;0.8;0.6;0.0;0.6;0.3;0.0;0.3;0.8;0.8;1.4;2.2,35.85,0.09,0.01,2.59,14.987,0.801,16699.0,10791.0,4,16,,,,,,,,,,,,,,,,,,,,,,,,,,,,,,,,,,,,,,,,,,,,,,,,,,,,,,,,,,,,,
45,7,,,,,,,100,100,66,17,225.1,2730,10801,36,0,13.8,11.5;0.5;6.9;10.1;2.2;1.1;57.1;52.7;20.1;50.1;83.0;32.1;1.4;0.8;0.0;0.0;0.3;0.0;0.0;0.0;0.3;0.3;0.0;0.0,35.83,0.09,0.01,2.73,14.987,0.801,4589.0,37597.0,4,16,,,,,,,,,,,,,,,,,,,,,,,,,,,,,,,,,,,,,,,,,,,,,,,,,,,,,,,,,,,,,
45,8,,,,,,,100,93,67,17,225.2,2730,10801,36,0,14.9,16.1;2.5;8.1;7.3;2.8;4.8;84.8;36.2;21.1;49.0;73.7;37.4;2.5;1.7;0.6;0.8;1.1;0.3;0.0;1.1;0.8;0.6;0.8;2.5,35.83,0.09,0.02,1.51,14.987,0.801,29101.0,23095.0,4,16,,,,,,,,,,,,,,,,,,,,,,,,,,,,,,,,,,,,,,,,,,,,,,,,,,,,,,,,,,,,,
45,9,,,,,,,96,93,69,17,225.4,2730,10801,37,0,15.2,17.6;3.4;12.0;13.1;3.6;3.9;36.1;70.8;21.1;43.2;73.8;53.4;1.4;2.2;0.8;0.6;1.7;0.6;0.8;0.0;1.1;0.6;0.3;2.5,35.82,0.09,0.01,1.49,14.987,0.801,44824.0,172509.0,4,16,,,,,,,,,,,,,,,,,,,,,,,,,,,,,,,,,,,,,,,,,,,,,,,,,,,,,,,,,,,,,
45,10,,,,,,,98,95,66,16,225.1,2730,10801,37,0,13.8,12.9;1.7;9.7;8.9;2.2;2.8;34.2;64.4;12.8;47.4;74.9;55.4;0.0;0.8;0.0;0.3;0.0;0.3;0.0;0.0;0.6;0.6;0.0;1.9,35.79,0.09,0.0,4.01,14.987,0.801,10595.0,154394.0,4,16,,,,,,,,,,,,,,,,,,,,,,,,,,,,,,,,,,,,,,,,,,,,,,,,,,,,,,,,,,,,,
45,11,,,,,,,97,93,69,18,225.7,2730,10801,37,0,10.8,12.0;0.8;3.0;6.1;1.9;1.1;62.4;39.1;10.0;18.5;66.5;31.2;0.0;0.8;0.6;0.0;0.0;0.8;0.0;0.0;2.2;0.6;0.0;0.6,35.8,0.09,0.02,0.1,14.987,0.801,25976.0,12060.0,4,16,,,,,,,,,,,,,,,,,,,,,,,,,,,,,,,,,,,,,,,,,,,,,,,,,,,,,,,,,,,,,
45,12,,,,,,,100,91,67,17,225.7,2730,10801,36,0,12.0,15.7;1.5;5.5;5.9;4.4;3.0;30.2;70.1;9.4;27.6;97.5;4.0;1.5;0.5;0.5;0.5;1.0;0.5;0.0;0.0;1.5;1.0;0.5;4.4,35.8,0.09,0.04,0.13,14.987,0.801,244.0,2001.0,4,16,,,,,,,,,,,,,,,,,,,,,,,,,,,,,,,,,,,,,,,,,,,,,,,,,,,,,,,,,,,,,
45,summary,0.37637875619376393,0.9908227749587523,0.39423177241900514,0.9859224499876512,0.00088763,64.2,,,,,,,,,,,,,,,,,,,,,,0,90.42,100,0,85.58,100,63,66.83,69,16,16.92,18,119.5,216.38,225.7,2731.2,10801.0,36.5,0,10.8,17.57,57.7,35.79,35.85,35.97,63.16,0.09,0.09,0.09,19.04,0.0,0.02,0.05,0.1,2.41,4.69,11.335,14.186,14.987,14.99,14.987,15.992,0.801,0.8,0.801,244.0,19860.42,44824.0,2001.0,82872.92,223730.0,4,4.0,4,16,16.0,16,4,16,48.8,10.85
46,1,,,,,,,4,0,60,20,152.9,2745,10801,37,0,58.6,79.5;85.9;90.2;92.1;90.9;92.4;98.5;98.2;82.7;87.2;96.3;77.1;51.4;62.4;8.3;12.8;43.1;51.5;7.3;8.6;28.7;32.6;15.6;11.6,36.01,0.09,0.0,0.06,14.987,0.801,3955.0,223193.0,4,16,,,,,,,,,,,,,,,,,,,,,,,,,,,,,,,,,,,,,,,,,,,,,,,,,,,,,,,,,,,,,
46,2,,,,,,,100,96,67,18,224.5,2730,10801,36,0,14.8,15.4;4.2;8.4;9.2;3.9;4.8;59.7;54.5;30.0;40.2;93.5;22.3;0.8;1.4;0.6;0.6;0.8;0.3;0.0;0.0;1.7;0.6;0.3;1.4,35.92,0.09,0.02,4.43,14.987,0.801,26318.0,29492.0,4,16,,,,,,,,,,,,,,,,,,,,,,,,,,,,,,,,,,,,,,,,,,,,,,,,,,,,,,,,,,,,,
46,3,,,,,,,100,91,66,17,224.8,2730,10801,37,0,14.9,17.9;1.1;14.4;8.4;5.9;2.8;49.4;85.8;25.7;33.7;96.9;6.1;1.7;1.1;0.3;0.3;0.8;1.1;0.3;0.6;2.0;0.3;0.3;1.1,35.91,0.09,0.05,4.8,14.987,0.801,26171.0,11865.0,4,16,,,,,,,,,,,,,,,,,,,,,,,,,,,,,,,,,,,,,,,,,,,,,,,,,,,,,,,,,,,,,
46,4,,,,,,,96,93,68,19,225.5,2730,10801,37,0,14.2,16.3;1.9;8.8;7.7;2.2;2.2;37.0;63.4;33.6;29.2;69.0;65.2;1.1;0.8;0.0;0.0;0.3;0.3;0.0;0.3;0.6;0.0;0.0;1.1,35.88,0.09,0.02,3.98,14.987,0.801,26660.0,35986.0,4,16,,,,,,,,,,,,,,,,,,,,,,,,,,,,,,,,,,,,,,,,,,,,,,,,,,,,,,,,,,,,,
46,5,,,,,,,100,93,66,18,225.8,2730,10801,36,0,14.3,14.7;2.0;9.7;8.1;2.8;2.2;43.7;57.4;34.7;40.1;77.6;46.5;0.6;0.6;0.0;0.0;0.3;0.3;0.0;0.0;0.3;0.0;0.3;1.1,35.87,0.09,0.03,3.16,14.987,0.801,5908.0,27490.0,4,16,,,,,,,,,,,,,,,,,,,,,,,,,,,,,,,,,,,,,,,,,,,,,,,,,,,,,,,,,,,,,
46,6,,,,,,,100,92,67,16,225.1,2730,10801,37,0,14.6,15.7;1.1;10.9;4.7;4.5;2.2;80.8;25.1;26.4;32.6;73.1;65.8;0.6;1.4;0.0;0.3;0.8;0.0;0.0;0.3;0.8;0.0;0.6;1.1,35.86,0.09,0.01,2.58,14.987,0.801,17968.0,9667.0,4,16,,,,,,,,,,,,,,,,,,,,,,,,,,,,,,,,,,,,,,,,,,,,,,,,,,,,,,,,,,,,,
46,7,,,,,,,96,84,67,17,224.3,2730,10801,36,0,14.3,14.4;0.6;10.3;5.3;2.8;4.2;57.2;44.1;36.7;29.9;58.1;71.5;2.2;2.5;0.0;0.0;0.3;0.0;0.0;0.0;0.8;0.0;0.0;1.1,35.85,0.09,0.19,2.61,14.987,0.801,19873.0,9033.0,4,16,,,,,,,,,,,,,,,,,,,,,,,,,,,,,,,,,,,,,,,,,,,,,,,,,,,,,,,,,,,,,
46,8,,,,,,,100,100,67,17,225.7,2730,10801,37,0,14.0,15.6;1.4;13.4;8.7;1.9;1.1;55.7;62.2;45.9;20.5;98.9;5.8;0.8;1.4;0.0;0.0;1.1;0.3;0.0;0.3;0.3;0.0;0.0;0.5,35.83,0.09,0.01,1.99,14.987,0.801,10888.0,198876.0,4,16,,,,,,,,,,,,,,,,,,,,,,,,,,,,,,,,,,,,,,,,,,,,,,,,,,,,,,,,,,,,,
46,9,,,,,,,96,91,67,18,225.3,2730,10801,36,0,14.0,14.4;1.4;8.7;3.4;3.9;2.5;43.4;82.4;43.7;23.0;99.4;1.1;1.1;0.8;0.6;1.1;0.8;0.3;0.0;0.0;0.3;0.6;0.3;1.7,35.82,0.09,0.01,1.5,14.987,0.801,43164.0,15332.0,4,16,,,,,,,,,,,,,,,,,,,,,,,,,,,,,,,,,,,,,,,,,,,,,,,,,,,,,,,,,,,,,
46,10,,,,,,,100,91,69,16,225.2,2730,10801,37,0,16.1,18.1;3.9;17.6;7.5;5.0;5.8;73.9;35.8;56.7;28.8;60.0;53.2;3.3;3.3;0.0;0.6;3.1;1.1;0.8;0.6;2.5;1.1;1.9;1.7,35.8,0.09,0.01,4.03,14.987,0.801,4589.0,45117.0,4,16,,,,,,,,,,,,,,,,,,,,,,,,,,,,,,,,,,,,,,,,,,,,,,,,,,,,,,,,,,,,,
46,11,,,,,,,97,93,66,16,224.8,2730,10801,36,0,10.9,13.9;0.3;5.6;3.1;1.1;1.4;91.9;9.2;19.5;11.1;37.8;60.8;1.1;1.4;0.0;0.3;0.0;0.3;0.0;0.0;0.6;0.0;0.0;0.6,35.81,0.09,0.0,0.03,14.987,0.801,21240.0,11914.0,4,16,,,,,,,,,,,,,,,,,,,,,,,,,,,,,,,,,,,,,,,,,,,,,,,,,,,,,,,,,,,,,
46,12,,,,,,,100,100,69,16,226.2,2730,10801,36,0,11.7,15.8;1.0;7.0;7.5;4.0;2.5;50.8;50.8;16.0;19.1;97.5;4.0;1.0;0.5;0.5;0.0;0.5;0.5;0.0;0.0;0.5;0.0;0.0;0.0,35.81,0.09,0.02,0.1,14.987,0.801,488.0,390.0,4,16,,,,,,,,,,,,,,,,,,,,,,,,,,,,,,,,,,,,,,,,,,,,,,,,,,,,,,,,,,,,,
46,summary,0.3749981578177267,0.9912959561684774,0.3924453371749139,0.9866280915922803,0.00088257,64.1,,,,,,,,,,,,,,,,,,,,,,4,90.75,100,0,85.33,100,60,66.58,69,16,17.33,20,152.9,219.17,226.2,2731.2,10801.0,36.5,0,10.9,17.7,58.6,35.8,35.86,36.01,63.16,0.09,0.09,0.09,19.04,0.0,0.03,0.19,0.03,2.44,4.8,11.335,14.186,14.987,14.99,14.987,15.992,0.801,0.8,0.801,488.0,17268.5,43164.0,390.0,51529.58,223193.0,4,4.0,4,16,16.0,16,4,16,48.76,10.8
47,1,,,,,,,26,28,59,25,128.6,2745,10801,37,0,59.1,80.7;83.5;96.6;93.2;90.4;83.9;94.7;98.1;89.4;81.7;97.2;86.6;56.7;48.4;12.4;15.5;48.3;44.3;5.9;8.0;31.1;36.8;14.5;19.1,36.05,0.09,0.0,0.88,14.987,0.801,10058.0,167138.0,4,16,,,,,,,,,,,,,,,,,,,,,,,,,,,,,,,,,,,,,,,,,,,,,,,,,,,,,,,,,,,,,
47,2,,,,,,,96,92,66,18,225.1,2730,10801,37,0,14.8,18.5;1.9;9.6;12.4;4.1;5.8;71.2;48.8;36.6;22.0;80.5;34.2;1.4;2.2;0.0;0.0;0.8;0.8;0.0;0.0;0.6;0.6;0.6;1.4,35.93,0.09,0.02,5.4,14.987,0.801,18554.0,11767.0,4,16,,,,,,,,,,,,,,,,,,,,,,,,,,,,,,,,,,,,,,,,,,,,,,,,,,,,,,,,,,,,,
47,3,,,,,,,100,91,69,17,225.1,2730,10801,36,0,14.3,15.4;1.7;7.8;8.9;2.0;3.6;41.7;76.8;30.8;28.7;86.6;31.9;1.4;1.7;0.0;0.0;0.3;0.6;0.0;0.0;0.3;0.8;0.0;0.8,35.91,0.09,0.01,4.55,14.987,0.801,3759.0,25244.0,4,16,,,,,,,,,,,,,,,,,,,,,,,,,,,,,,,,,,,,,,,,,,,,,,,,,,,,,,,,,,,,,
47,4,,,,,,,96,85,67,16,225.2,2730,10801,37,0,13.9,10.1;1.7;7.8;10.6;1.1;3.4;40.6;72.6;43.7;33.9;69.8;32.2;1.1;0.8;0.3;0.3;0.0;0.0;0.3;0.0;0.6;0.6;0.0;1.1,35.89,0.09,0.02,3.66,14.987,0.801,6494.0,17626.0,4,16,,,,,,,,,,,,,,,,,,,,,,,,,,,,,,,,,,,,,,,,,,,,,,,,,,,,,,,,,,,,,
47,5,,,,,,,96,93,66,17,225.2,2730,10801,36,0,14.7,10.7;2.5;9.8;16.5;2.8;4.2;56.1;59.2;36.1;33.5;64.3;45.0;1.1;2.2;0.6;0.6;0.8;0.6;0.3;0.0;1.4;0.8;0.6;1.1,35.86,0.09,0.02,2.97,14.987,0.801,10839.0,173876.0,4,16,,,,,,,,,,,,,,,,,,,,,,,,,,,,,,,,,,,,,,,,,,,,,,,,,,,,,,,,,,,,,
47,6,,,,,,,98,88,67,17,225.3,2730,10801,37,0,14.2,11.9;1.1;9.3;9.9;1.4;4.7;58.1;55.8;39.2;31.3;82.0;31.0;1.1;1.6;0.0;0.0;0.3;0.5;0.3;0.0;0.0;0.5;0.5;1.9,35.86,0.09,0.0,2.86,14.987,0.801,4638.0,61914.0,4,16,,,,,,,,,,,,,,,,,,,,,,,,,,,,,,,,,,,,,,,,,,,,,,,,,,,,,,,,,,,,,
47,7,,,,,,,96,91,67,17,225.4,2730,10801,36,0,14.1,11.9;2.2;5.3;10.9;4.5;5.6;45.8;71.6;29.6;44.7;77.4;27.1;0.3;0.6;0.0;0.0;0.0;0.3;0.0;0.0;0.0;0.0;0.0;0.6,35.85,0.09,0.02,1.88,14.987,0.801,4150.0,102099.0,4,16,,,,,,,,,,,,,,,,,,,,,,,,,,,,,,,,,,,,,,,,,,,,,,,,,,,,,,,,,,,,,
47,8,,,,,,,100,91,69,18,225.8,2730,10801,37,0,14.3,11.7;1.4;9.5;12.6;3.6;4.2;46.8;64.1;31.1;35.7;84.1;30.8;1.1;1.4;0.8;0.0;0.3;0.0;0.3;0.0;1.1;1.7;0.0;0.0,35.82,0.09,0.01,1.51,14.987,0.801,11669.0,49804.0,4,16,,,,,,,,,,,,,,,,,,,,,,,,,,,,,,,,,,,,,,,,,,,,,,,,,,,,,,,,,,,,,
47,9,,,,,,,96,94,66,16,225.4,2730,10801,36,0,14.2,14.6;2.0;10.6;7.0;2.8;2.5;57.5;55.7;28.5;29.1;86.3;39.9;1.4;0.8;0.0;0.0;0.0;0.3;0.0;0.0;0.0;0.3;0.0;0.0,35.83,0.09,0.0,1.45,14.987,0.801,17431.0,34423.0,4,16,,,,,,,,,,,,,,,,,,,,,,,,,,,,,,,,,,,,,,,,,,,,,,,,,,,,,,,,,,,,,
47,10,,,,,,,100,90,68,18,225.8,2730,10801,37,0,13.7,14.2;1.4;9.7;5.5;1.9;2.8;54.8;48.8;32.0;38.0;81.8;34.0;1.7;1.1;0.0;0.0;0.6;0.6;0.0;0.0;0.3;0.3;0.0;0.6,35.81,0.09,0.02,3.52,14.987,0.801,29248.0,11621.0,4,16,,,,,,,,,,,,,,,,,,,,,,,,,,,,,,,,,,,,,,,,,,,,,,,,,,,,,,,,,,,,,
47,11,,,,,,,96,89,68,17,225.1,2730,10801,37,0,12.3,14.8;4.2;7.2;8.1;2.8;3.9;30.1;77.0;13.1;18.9;98.6;3.1;1.7;1.7;0.6;0.3;1.1;1.4;0.6;0.3;1.7;1.9;0.8;1.7,35.8,0.09,0.01,0.07,14.987,0.801,5224.0,20117.0,4,16,,,,,,,,,,,,,,,,,,,,,,,,,,,,,,,,,,,,,,,,,,,,,,,,,,,,,,,,,,,,,
47,12,,,,,,,100,91,68,16,225.7,2730,10801,37,0,11.3,17.3;2.9;3.9;4.4;2.0;3.4;82.8;17.7;13.7;16.3;99.5;1.0;1.5;1.0;0.0;0.0;0.0;0.5;0.0;0.0;0.0;0.0;0.0;1.0,35.81,0.09,0.0,0.07,14.987,0.801,439.0,0.0,4,16,,,,,,,,,,,,,,,,,,,,,,,,,,,,,,,,,,,,,,,,,,,,,,,,,,,,,,,,,,,,,
47,summary,0.3753804444415043,0.9910718177007128,0.3881628755388703,0.9880746568817698,0.00087742,64.1,,,,,,,,,,,,,,,,,,,,,,26,91.67,100,28,85.25,94,59,66.67,69,16,17.67,25,128.6,217.31,225.8,2731.2,10801.0,36.7,0,11.3,17.57,59.1,35.8,35.87,36.05,63.16,0.09,0.09,0.09,19.04,0.0,0.01,0.02,0.07,2.4,5.4,11.335,14.186,14.987,14.99,14.987,15.992,0.801,0.8,0.801,439.0,10208.58,29248.0,0.0,56302.42,173876.0,4,4.0,4,16,16.0,16,4,16,48.68,10.89
48,1,,,,,,,5,0,61,25,153.8,2730,10801,37,0,57.9,81.5;80.4;92.6;94.1;87.4;90.5;98.5;99.4;78.2;86.7;98.5;90.8;46.0;53.5;7.1;8.6;50.6;48.1;4.0;5.6;28.8;26.9;16.7;13.5,35.99,0.09,0.02,0.07,14.987,0.801,4443.0,198535.0,4,16,,,,,,,,,,,,,,,,,,,,,,,,,,,,,,,,,,,,,,,,,,,,,,,,,,,,,,,,,,,,,
48,2,,,,,,,100,100,66,17,225.5,2730,10801,36,0,14.7,13.4;2.0;12.3;7.3;3.1;5.1;27.7;84.9;22.9;58.0;69.3;35.3;2.5;1.4;0.6;0.0;1.4;0.8;0.3;0.6;0.6;0.6;0.8;1.4,35.93,0.09,0.01,4.43,14.987,0.801,27246.0,11962.0,4,16,,,,,,,,,,,,,,,,,,,,,,,,,,,,,,,,,,,,,,,,,,,,,,,,,,,,,,,,,,,,,
48,3,,,,,,,96,82,67,17,215.4,2730,10801,37,0,14.3,15.6;1.1;8.0;7.7;3.3;3.0;65.5;60.3;32.7;38.5;99.7;0.5;1.4;0.5;0.5;0.3;0.3;0.8;0.3;0.0;0.3;1.1;0.3;1.4,35.91,0.09,0.01,4.66,14.987,0.801,4833.0,20556.0,4,16,,,,,,,,,,,,,,,,,,,,,,,,,,,,,,,,,,,,,,,,,,,,,,,,,,,,,,,,,,,,,
48,4,,,,,,,98,96,67,17,225.7,2730,10801,37,0,13.7,12.7;0.6;8.4;5.0;3.1;2.0;45.5;75.4;23.7;40.6;76.0;32.2;0.6;0.8;0.0;0.0;0.3;0.6;0.0;0.0;0.0;0.0;0.3;1.1,35.89,0.09,0.02,4.02,14.987,0.801,7519.0,11914.0,4,16,,,,,,,,,,,,,,,,,,,,,,,,,,,,,,,,,,,,,,,,,,,,,,,,,,,,,,,,,,,,,
48,5,,,,,,,100,91,67,15,225.1,2730,10801,37,0,14.1,13.1;1.4;11.2;6.7;2.0;3.4;29.6;83.3;26.2;44.3;72.8;42.3;0.6;0.6;0.0;0.0;0.6;0.0;0.0;0.0;1.1;0.3;0.0;0.6,35.87,0.09,0.03,3.14,14.987,0.801,17871.0,11621.0,4,16,,,,,,,,,,,,,,,,,,,,,,,,,,,,,,,,,,,,,,,,,,,,,,,,,,,,,,,,,,,,,
48,6,,,,,,,97,93,68,17,225.2,2730,10801,37,0,14.2,15.4;0.8;7.6;12.0;2.5;2.8;67.6;59.2;24.0;41.1;98.9;1.1;0.8;0.8;0.3;0.0;0.3;0.3;0.0;0.3;0.0;0.3;0.0;1.9,35.86,0.09,0.0,2.58,14.987,0.801,6152.0,18164.0,4,16,,,,,,,,,,,,,,,,,,,,,,,,,,,,,,,,,,,,,,,,,,,,,,,,,,,,,,,,,,,,,
48,7,,,,,,,100,91,67,17,220.8,2730,10801,37,0,14.4,14.0;1.4;12.6;12.9;3.6;4.1;66.7;60.8;23.8;35.6;95.9;5.2;1.9;3.0;0.6;0.0;1.1;1.4;0.3;0.3;0.8;0.0;0.6;0.0,35.86,0.09,0.02,2.71,14.987,0.801,5322.0,19482.0,4,16,,,,,,,,,,,,,,,,,,,,,,,,,,,,,,,,,,,,,,,,,,,,,,,,,,,,,,,,,,,,,
48,8,,,,,,,95,89,68,17,224.3,2730,10801,37,0,13.9,12.1;2.2;8.1;9.8;2.0;3.9;52.5;66.0;25.7;42.5;91.1;15.4;0.8;0.6;0.0;0.0;0.3;0.3;0.3;0.0;0.0;0.3;0.0;0.6,35.83,0.09,0.02,1.53,14.987,0.801,10253.0,166699.0,4,16,,,,,,,,,,,,,,,,,,,,,,,,,,,,,,,,,,,,,,,,,,,,,,,,,,,,,,,,,,,,,
48,9,,,,,,,100,100,67,16,225.8,2730,10801,37,0,14.1,14.4;1.1;7.9;8.7;3.1;3.4;52.9;46.1;33.1;44.8;37.4;82.6;0.6;1.1;0.3;0.3;0.0;0.6;0.0;0.0;0.0;0.0;0.0;0.0,35.82,0.09,0.0,1.47,14.987,0.801,53466.0,11767.0,4,16,,,,,,,,,,,,,,,,,,,,,,,,,,,,,,,,,,,,,,,,,,,,,,,,,,,,,,,,,,,,,
48,10,,,,,,,100,92,67,17,225.3,2730,10801,36,0,13.9,10.8;0.8;6.6;8.3;1.1;3.6;11.9;88.4;35.1;42.1;78.1;41.2;0.8;1.1;0.0;0.3;0.3;0.0;0.0;0.0;1.1;0.6;0.3;1.1,35.8,0.09,0.02,4.06,14.987,0.801,30664.0,10546.0,4,16,,,,,,,,,,,,,,,,,,,,,,,,,,,,,,,,,,,,,,,,,,,,,,,,,,,,,,,,,,,,,
48,11,,,,,,,98,95,67,17,225.8,2730,10801,37,0,12.6,17.5;3.6;6.6;6.3;3.0;7.1;62.8;44.2;14.0;21.0;100.0;2.2;1.7;2.5;0.8;0.3;0.6;1.7;0.0;0.3;2.7;1.9;1.1;0.6,35.79,0.09,0.01,0.06,14.987,0.801,33105.0,38867.0,4,16,,,,,,,,,,,,,,,,,,,,,,,,,,,,,,,,,,,,,,,,,,,,,,,,,,,,,,,,,,,,,
48,12,,,,,,,98,89,67,16,225.6,2730,10801,36,0,10.5,11.4;1.0;3.5;5.5;2.0;2.0;32.2;67.3;4.0;23.0;99.5;0.5;0.0;0.5;0.0;0.0;0.0;0.0;0.0;0.0;0.0;0.0;0.0;0.0,35.81,0.09,0.07,0.19,14.987,0.801,634.0,2197.0,4,16,,,,,,,,,,,,,,,,,,,,,,,,,,,,,,,,,,,,,,,,,,,,,,,,,,,,,,,,,,,,,
48,summary,0.3743322032439739,0.991538772841889,0.39283809035325634,0.9866986557527432,0.00087217,64.1,,,,,,,,,,,,,,,,,,,,,,5,90.58,100,0,84.83,100,61,66.58,68,15,17.33,25,153.8,218.19,225.8,2730.0,10801.0,36.8,0,10.5,17.36,57.9,35.79,35.86,35.99,63.16,0.09,0.09,0.09,19.04,0.0,0.02,0.07,0.06,2.41,4.66,11.335,14.186,14.987,14.99,14.987,15.992,0.801,0.8,0.801,634.0,16792.33,53466.0,2197.0,43525.83,198535.0,4,4.0,4,16,16.0,16,4,16,48.91,10.69
49,1,,,,,,,0,0,59,25,136.0,2745,10801,37,0,58.4,77.4;86.9;88.8;91.4;88.1;92.4;94.2;98.5;76.8;90.2;95.4;88.1;45.0;58.9;8.8;11.3;42.1;54.3;6.1;8.0;29.4;34.0;19.0;17.4,35.95,0.09,0.01,0.1,14.987,0.801,7666.0,206982.0,4,16,,,,,,,,,,,,,,,,,,,,,,,,,,,,,,,,,,,,,,,,,,,,,,,,,,,,,,,,,,,,,
49,2,,,,,,,100,94,65,16,225.0,2730,10801,37,0,14.2,9.7;1.1;12.4;13.2;2.2;3.7;64.6;39.9;33.6;41.0;69.2;45.9;1.1;0.6;0.0;0.0;0.3;0.3;0.0;0.0;0.6;0.0;0.3;0.6,35.94,0.09,0.02,4.46,14.987,0.801,36718.0,24658.0,4,16,,,,,,,,,,,,,,,,,,,,,,,,,,,,,,,,,,,,,,,,,,,,,,,,,,,,,,,,,,,,,
49,3,,,,,,,96,83,67,17,225.0,2730,10801,37,0,14.9,16.1;2.2;13.0;9.5;3.3;2.8;44.3;77.2;39.5;24.4;86.7;28.7;1.7;3.1;0.0;0.3;0.8;0.3;0.6;0.3;0.3;0.3;1.4;0.8,35.91,0.09,0.0,4.69,14.987,0.801,5029.0,23144.0,4,16,,,,,,,,,,,,,,,,,,,,,,,,,,,,,,,,,,,,,,,,,,,,,,,,,,,,,,,,,,,,,
49,4,,,,,,,98,97,67,17,225.7,2730,10801,36,0,15.3,15.8;3.1;11.7;4.7;8.1;5.6;49.0;52.5;35.3;29.0;77.7;63.2;2.0;2.0;0.6;0.6;1.1;0.8;0.3;0.3;0.6;0.8;1.1;1.1,35.89,0.09,0.01,4.01,14.987,0.801,21142.0,23437.0,4,16,,,,,,,,,,,,,,,,,,,,,,,,,,,,,,,,,,,,,,,,,,,,,,,,,,,,,,,,,,,,,
49,5,,,,,,,98,89,66,18,225.8,2730,10801,37,0,14.5,18.8;0.6;14.0;9.9;4.1;4.4;76.8;68.0;30.8;15.5;88.4;9.4;0.6;1.1;0.3;0.0;0.8;0.0;0.3;0.0;1.1;0.8;0.6;1.6,35.87,0.09,0.01,3.07,14.987,0.801,19677.0,34814.0,4,16,,,,,,,,,,,,,,,,,,,,,,,,,,,,,,,,,,,,,,,,,,,,,,,,,,,,,,,,,,,,,
49,6,,,,,,,96,91,67,17,226.2,2730,10801,37,0,14.6,11.4;1.4;15.4;7.7;3.9;2.5;49.3;71.3;45.1;31.1;90.8;12.0;1.7;1.9;0.3;0.0;1.1;0.6;0.8;0.3;0.6;0.3;0.3;1.4,35.86,0.09,0.02,2.59,14.987,0.801,4931.0,30273.0,4,16,,,,,,,,,,,,,,,,,,,,,,,,,,,,,,,,,,,,,,,,,,,,,,,,,,,,,,,,,,,,,
49,7,,,,,,,100,90,67,17,225.5,2730,10801,36,0,14.8,18.0;2.8;14.6;5.9;2.8;3.1;51.5;64.0;41.6;21.6;77.9;39.4;1.7;3.6;0.3;0.0;0.6;0.6;0.0;0.0;0.6;1.1;1.1;1.7,35.85,0.09,0.02,2.24,14.987,0.801,28173.0,45019.0,4,16,,,,,,,,,,,,,,,,,,,,,,,,,,,,,,,,,,,,,,,,,,,,,,,,,,,,,,,,,,,,,
49,8,,,,,,,96,91,68,17,225.2,2730,10801,37,0,14.5,16.5;1.9;16.4;7.8;4.2;2.0;37.0;71.6;48.5;28.1;74.7;31.6;0.8;1.1;0.3;0.3;1.1;0.3;0.0;0.0;0.3;0.6;0.8;1.4,35.84,0.09,0.02,2.04,14.987,0.801,17578.0,10986.0,4,16,,,,,,,,,,,,,,,,,,,,,,,,,,,,,,,,,,,,,,,,,,,,,,,,,,,,,,,,,,,,,
49,9,,,,,,,100,92,66,18,225.7,2730,10801,36,0,14.1,15.2;1.4;9.1;3.9;2.5;1.1;40.6;63.5;39.1;26.8;76.8;54.7;0.6;0.6;0.0;0.0;0.8;0.0;0.0;0.0;0.0;0.0;0.3;1.1,35.83,0.09,0.0,1.45,14.987,0.801,44726.0,10888.0,4,16,,,,,,,,,,,,,,,,,,,,,,,,,,,,,,,,,,,,,,,,,,,,,,,,,,,,,,,,,,,,,
49,10,,,,,,,96,82,67,16,224.4,2730,10801,37,0,14.4,14.6;1.4;13.6;7.0;5.0;2.2;36.5;63.0;50.4;21.4;50.6;74.9;0.6;1.4;0.0;0.0;0.3;0.6;0.0;0.0;0.0;0.0;0.0;1.1,35.81,0.09,0.02,4.07,14.987,0.801,30419.0,101904.0,4,16,,,,,,,,,,,,,,,,,,,,,,,,,,,,,,,,,,,,,,,,,,,,,,,,,,,,,,,,,,,,,
49,11,,,,,,,100,100,66,15,226.4,2730,10801,36,0,11.2,12.0;0.8;6.7;3.1;3.7;1.1;66.4;34.8;20.4;7.0;86.2;19.1;1.7;0.0;0.0;0.8;0.3;1.1;0.0;0.3;0.8;0.6;0.6;0.6,35.8,0.09,0.03,0.11,14.987,0.801,5126.0,58544.0,4,16,,,,,,,,,,,,,,,,,,,,,,,,,,,,,,,,,,,,,,,,,,,,,,,,,,,,,,,,,,,,,
49,12,,,,,,,96,84,67,17,224.9,2730,10801,36,0,11.1,10.6;1.5;7.0;6.0;2.5;1.0;40.7;58.8;16.0;16.1;9.0;91.5;0.5;1.0;0.0;0.0;1.0;0.0;0.0;0.0;0.5;0.0;0.5;2.0,35.8,0.09,0.0,0.05,14.987,0.801,2929.0,390.0,4,16,,,,,,,,,,,,,,,,,,,,,,,,,,,,,,,,,,,,,,,,,,,,,,,,,,,,,,,,,,,,,
49,summary,0.37429742905013913,0.9913644429225166,0.38980687522280005,0.9868045019934375,0.00086683,64.1,,,,,,,,,,,,,,,,,,,,,,0,89.67,100,0,82.75,100,59,66.0,68,15,17.5,25,136.0,217.98,226.4,2731.2,10801.0,36.6,0,11.1,17.67,58.4,35.8,35.86,35.95,63.16,0.09,0.09,0.09,19.04,0.0,0.01,0.03,0.05,2.41,4.69,11.335,14.186,14.987,14.99,14.987,15.992,0.801,0.8,0.801,2929.0,18676.17,44726.0,390.0,47586.58,206982.0,4,4.0,4,16,16.0,16,4,16,48.66,10.88
50,1,,,,,,,19,14,60,25,157.8,2745,10801,37,0,58.3,80.5;77.2;89.4;88.1;88.4;89.1;95.1;96.4;79.6;84.1;94.5;85.7;46.2;50.5;11.2;12.8;42.4;48.2;10.7;10.1;37.2;39.2;21.0;20.8,35.97,0.09,0.02,1.5,14.987,0.801,20654.0,155078.0,4,16,,,,,,,,,,,,,,,,,,,,,,,,,,,,,,,,,,,,,,,,,,,,,,,,,,,,,,,,,,,,,
50,2,,,,,,,97,87,67,18,224.4,2730,10801,37,0,14.3,14.0;1.9;8.5;10.7;2.2;3.3;75.8;40.2;30.9;28.9;92.3;28.5;1.7;1.1;0.0;0.0;0.6;0.6;0.0;0.0;0.6;0.6;0.0;0.5,35.93,0.09,0.01,5.38,14.987,0.801,4345.0,17041.0,4,16,,,,,,,,,,,,,,,,,,,,,,,,,,,,,,,,,,,,,,,,,,,,,,,,,,,,,,,,,,,,,
50,3,,,,,,,96,91,66,17,224.2,2730,10801,37,0,14.6,19.2;2.5;9.3;8.1;3.7;2.8;54.5;68.4;34.5;27.3;95.5;16.2;1.1;1.4;0.8;0.8;0.8;0.8;0.0;0.0;0.8;0.3;0.3;1.1,35.9,0.09,0.01,4.34,14.987,0.801,5322.0,34814.0,4,16,,,,,,,,,,,,,,,,,,,,,,,,,,,,,,,,,,,,,,,,,,,,,,,,,,,,,,,,,,,,,
50,4,,,,,,,100,92,67,17,224.9,2730,10801,37,0,14.4,11.4;1.9;10.1;11.1;3.1;3.6;67.1;56.1;33.8;30.7;93.1;14.2;0.8;1.1;0.8;0.6;0.6;0.3;1.1;0.3;1.4;1.9;0.6;0.0,35.89,0.09,0.0,3.64,14.987,0.801,5273.0,33105.0,4,16,,,,,,,,,,,,,,,,,,,,,,,,,,,,,,,,,,,,,,,,,,,,,,,,,,,,,,,,,,,,,
50,5,,,,,,,96,92,69,16,224.7,2730,10801,37,0,15.0,18.1;2.2;9.0;6.7;3.4;4.2;77.1;65.9;32.7;29.0;100.0;0.8;0.8;1.4;0.3;0.0;1.1;1.1;0.3;0.0;1.4;1.1;0.8;1.1,35.86,0.09,0.02,2.98,14.987,0.801,4296.0,62597.0,4,16,,,,,,,,,,,,,,,,,,,,,,,,,,,,,,,,,,,,,,,,,,,,,,,,,,,,,,,,,,,,,
50,6,,,,,,,100,91,66,16,225.2,2730,10801,36,0,14.6,11.5;3.0;6.1;8.6;4.4;3.0;62.4;49.2;26.9;41.4;63.2;58.8;1.9;2.5;0.3;0.6;0.3;0.8;0.6;0.0;1.1;1.1;0.3;2.7,35.86,0.09,0.02,2.73,14.987,0.801,5566.0,37402.0,4,16,,,,,,,,,,,,,,,,,,,,,,,,,,,,,,,,,,,,,,,,,,,,,,,,,,,,,,,,,,,,,
50,7,,,,,,,100,98,67,16,225.0,2730,10801,36,0,14.8,18.6;1.7;8.9;12.3;3.3;3.6;60.6;39.1;21.4;39.7;63.8;72.4;1.7;1.9;0.6;0.6;0.6;1.4;0.0;0.3;0.6;0.3;0.3;1.1,35.85,0.09,0.0,1.83,14.987,0.801,26757.0,59130.0,4,16,,,,,,,,,,,,,,,,,,,,,,,,,,,,,,,,,,,,,,,,,,,,,,,,,,,,,,,,,,,,,
50,8,,,,,,,97,86,67,17,224.9,2730,10801,37,0,15.2,15.8;3.6;13.3;14.4;2.8;4.5;32.9;68.7;25.3;43.3;69.9;52.8;2.8;2.5;0.8;0.0;0.8;1.4;0.8;0.8;0.8;0.6;1.4;4.1,35.83,0.09,0.02,1.53,14.987,0.801,6787.0,24169.0,4,16,,,,,,,,,,,,,,,,,,,,,,,,,,,,,,,,,,,,,,,,,,,,,,,,,,,,,,,,,,,,,
50,9,,,,,,,96,92,67,18,225.5,2730,10801,36,0,13.8,13.4;0.8;10.9;8.7;1.7;3.1;54.6;44.3;21.2;51.0;62.7;55.7;0.8;1.1;0.0;0.0;0.0;0.3;0.0;0.0;0.6;0.0;0.0;1.1,35.83,0.09,0.01,1.51,14.987,0.801,33691.0,38183.0,4,16,,,,,,,,,,,,,,,,,,,,,,,,,,,,,,,,,,,,,,,,,,,,,,,,,,,,,,,,,,,,,
50,10,,,,,,,96,93,67,17,225.1,2730,10801,37,0,15.0,15.4;1.9;15.9;8.3;5.2;3.0;29.5;76.5;23.7;57.1;68.5;36.7;3.0;1.1;0.0;0.8;2.2;2.2;0.8;1.1;1.9;0.8;0.8;3.3,35.82,0.09,0.01,3.27,14.987,0.801,18212.0,12158.0,4,16,,,,,,,,,,,,,,,,,,,,,,,,,,,,,,,,,,,,,,,,,,,,,,,,,,,,,,,,,,,,,
50,11,,,,,,,97,93,67,18,225.2,2730,10801,37,0,11.0,13.2;1.1;4.8;2.5;0.6;0.3;59.4;49.3;14.2;14.3;97.8;2.2;0.3;0.3;0.3;0.0;0.6;0.0;0.0;0.0;0.8;0.0;0.0;1.1,35.8,0.09,0.08,0.07,14.987,0.801,5664.0,45654.0,4,16,,,,,,,,,,,,,,,,,,,,,,,,,,,,,,,,,,,,,,,,,,,,,,,,,,,,,,,,,,,,,
50,12,,,,,,,100,92,68,17,225.4,2730,10801,37,0,11.3,12.7;3.0;9.4;3.0;4.0;2.0;1.0;97.5;16.9;14.9;62.2;37.3;1.5;0.5;1.0;0.0;0.5;1.0;0.5;0.0;0.5;1.0;1.0;0.5,35.8,0.09,0.0,0.03,14.987,0.801,439.0,2441.0,4,16,,,,,,,,,,,,,,,,,,,,,,,,,,,,,,,,,,,,,,,,,,,,,,,,,,,,,,,,,,,,,
50,summary,0.37385496521999556,0.9915014164305949,0.3910420129764174,0.9864869632713544,0.00086140,64.2,,,,,,,,,,,,,,,,,,,,,,19,91.17,100,14,85.08,98,60,66.5,69,16,17.67,25,157.8,219.36,225.5,2731.2,10801.0,36.8,0,11.0,17.69,58.3,35.8,35.86,35.97,63.16,0.09,0.09,0.09,19.04,0.0,0.02,0.08,0.03,2.4,5.38,11.335,14.186,14.987,14.99,14.987,15.992,0.801,0.8,0.801,439.0,11417.17,33691.0,2441.0,43481.0,155078.0,4,4.0,4,16,16.0,16,4,16,48.75,10.89
51,1,,,,,,,0,0,59,22,135.6,2745,10801,37,0,59.0,79.1;75.8;92.7;89.9;89.6;88.0;96.0;95.7;87.1;84.4;92.3;91.1;57.6;51.2;9.8;10.7;53.4;53.4;7.1;10.4;32.4;30.9;19.9;16.9,35.96,0.09,0.02,0.1,14.987,0.801,12060.0,199902.0,4,16,,,,,,,,,,,,,,,,,,,,,,,,,,,,,,,,,,,,,,,,,,,,,,,,,,,,,,,,,,,,,
51,2,,,,,,,100,100,67,17,224.7,2730,10801,36,0,14.3,13.2;0.6;11.5;9.2;3.1;4.5;58.5;44.0;28.2;33.9;80.4;51.4;0.8;1.1;0.0;0.3;0.0;0.3;0.0;0.0;0.8;0.3;0.3;1.1,35.94,0.09,0.02,4.43,14.987,0.801,7421.0,31250.0,4,16,,,,,,,,,,,,,,,,,,,,,,,,,,,,,,,,,,,,,,,,,,,,,,,,,,,,,,,,,,,,,
51,3,,,,,,,97,67,65,19,215.1,2730,10801,36,0,13.7,14.1;1.4;12.9;6.0;3.8;0.8;39.3;78.9;30.5;31.0;79.4;28.3;1.1;0.5;0.0;0.0;0.0;0.5;0.3;0.0;0.0;0.0;0.0;0.3,35.92,0.09,0.01,4.68,14.987,0.801,9619.0,44775.0,4,16,,,,,,,,,,,,,,,,,,,,,,,,,,,,,,,,,,,,,,,,,,,,,,,,,,,,,,,,,,,,,
51,4,,,,,,,100,100,67,17,225.2,2730,10801,36,0,14.0,13.8;0.6;12.5;5.6;3.6;1.1;35.9;62.7;33.4;29.0;88.6;44.0;1.1;0.6;0.3;0.6;0.3;0.0;0.0;0.0;0.3;0.3;0.3;0.8,35.89,0.09,0.0,3.97,14.987,0.801,45751.0,14843.0,4,16,,,,,,,,,,,,,,,,,,,,,,,,,,,,,,,,,,,,,,,,,,,,,,,,,,,,,,,,,,,,,
51,5,,,,,,,96,83,67,16,225.3,2730,10801,37,0,14.0,14.2;3.6;9.8;5.0;2.2;1.7;71.6;29.1;26.3;36.7;64.0;65.2;2.2;1.4;0.0;0.0;0.8;0.0;0.6;0.0;0.0;0.0;0.6;0.3,35.88,0.09,0.02,3.13,14.987,0.801,32763.0,56347.0,4,16,,,,,,,,,,,,,,,,,,,,,,,,,,,,,,,,,,,,,,,,,,,,,,,,,,,,,,,,,,,,,
51,6,,,,,,,98,94,67,17,225.5,2730,10801,36,0,14.0,11.2;1.7;10.9;4.5;5.0;3.1;62.8;42.6;29.1;40.9;63.9;47.2;2.8;2.0;0.0;0.0;2.5;2.8;0.0;0.0;0.6;0.8;0.0;1.7,35.87,0.09,0.02,2.63,14.987,0.801,8691.0,11865.0,4,16,,,,,,,,,,,,,,,,,,,,,,,,,,,,,,,,,,,,,,,,,,,,,,,,,,,,,,,,,,,,,
51,7,,,,,,,100,92,69,16,225.5,2730,10801,37,0,15.1,17.3;2.2;7.9;12.0;3.3;4.7;46.8;79.9;30.1;33.6;86.3;20.3;2.7;4.1;0.5;0.5;2.2;0.8;0.3;0.3;1.6;1.4;0.5;1.4,35.86,0.09,0.0,2.69,14.987,0.801,31347.0,203710.0,4,16,,,,,,,,,,,,,,,,,,,,,,,,,,,,,,,,,,,,,,,,,,,,,,,,,,,,,,,,,,,,,
51,8,,,,,,,98,94,68,15,225.3,2730,10801,36,0,14.2,16.1;2.2;11.7;7.2;2.8;3.1;56.7;67.4;33.8;33.7;99.7;1.1;0.8;0.6;0.0;0.0;0.3;0.0;0.3;0.6;1.4;1.7;0.0;0.0,35.86,0.09,0.03,1.55,14.987,0.801,4589.0,49511.0,4,16,,,,,,,,,,,,,,,,,,,,,,,,,,,,,,,,,,,,,,,,,,,,,,,,,,,,,,,,,,,,,
51,9,,,,,,,100,90,68,17,225.5,2730,10801,37,0,15.5,16.4;3.7;13.2;19.6;3.9;5.3;57.4;61.5;38.5;26.5;83.5;27.3;3.6;2.8;0.6;0.0;1.1;2.0;0.3;0.3;1.7;0.3;0.8;2.5,35.84,0.09,0.01,1.49,14.987,0.801,18261.0,12500.0,4,16,,,,,,,,,,,,,,,,,,,,,,,,,,,,,,,,,,,,,,,,,,,,,,,,,,,,,,,,,,,,,
51,10,,,,,,,96,93,66,15,225.6,2730,10801,37,0,14.6,14.4;2.2;7.8;9.4;2.2;2.2;52.1;62.7;36.2;31.8;72.1;45.6;1.7;1.1;0.6;0.6;1.4;1.7;0.6;0.8;0.6;0.6;1.1;1.1,35.81,0.09,0.01,4.08,14.987,0.801,29931.0,9472.0,4,16,,,,,,,,,,,,,,,,,,,,,,,,,,,,,,,,,,,,,,,,,,,,,,,,,,,,,,,,,,,,,
51,11,,,,,,,100,99,67,20,226.2,2730,10801,36,0,11.9,13.5;1.7;6.9;5.2;2.5;2.8;35.5;71.0;13.0;16.0;100.0;3.0;2.2;1.7;0.3;0.0;1.1;1.1;0.6;0.3;1.7;0.3;0.8;3.5,35.81,0.09,0.01,0.07,14.987,0.801,31787.0,11865.0,4,16,,,,,,,,,,,,,,,,,,,,,,,,,,,,,,,,,,,,,,,,,,,,,,,,,,,,,,,,,,,,,
51,12,,,,,,,96,86,67,16,225.7,2730,10801,37,0,11.3,14.0;0.5;5.0;4.5;2.5;2.0;93.6;8.0;13.9;17.9;98.5;2.0;1.5;2.5;1.0;0.5;0.5;1.0;0.5;0.0;0.0;0.5;0.5;0.0,35.81,0.09,0.02,0.13,14.987,0.801,0.0,2392.0,4,16,,,,,,,,,,,,,,,,,,,,,,,,,,,,,,,,,,,,,,,,,,,,,,,,,,,,,,,,,,,,,
51,summary,0.37340046980440905,0.9917940416523986,0.39279300198723904,0.9856754754260311,0.00085587,64.2,,,,,,,,,,,,,,,,,,,,,,0,90.08,100,0,83.17,100,59,66.42,69,15,17.25,22,135.6,217.1,226.2,2731.2,10801.0,36.5,0,11.3,17.63,59.0,35.81,35.87,35.96,63.16,0.09,0.09,0.09,19.04,0.0,0.01,0.03,0.07,2.41,4.68,11.336,14.186,14.987,14.99,14.987,15.992,0.801,0.8,0.801,0.0,19351.67,45751.0,2392.0,54036.0,203710.0,4,4.0,4,16,16.0,16,4,16,48.78,10.89
52,1,,,,,,,0,0,59,25,127.4,2745,10801,36,0,58.7,76.5;82.3;93.9;88.4;84.7;91.1;93.9;97.5;88.7;89.0;95.7;79.4;51.4;56.9;12.0;12.3;42.3;46.2;10.8;12.0;28.2;34.5;19.1;19.6,36.04,0.09,0.01,0.06,14.987,0.801,14892.0,197851.0,4,16,,,,,,,,,,,,,,,,,,,,,,,,,,,,,,,,,,,,,,,,,,,,,,,,,,,,,,,,,,,,,
52,2,,,,,,,96,85,66,16,224.8,2730,10801,36,0,15.0,13.0;3.1;11.5;7.8;3.6;2.8;39.5;79.9;39.0;26.4;77.1;46.8;0.6;1.7;0.0;0.0;0.3;1.1;0.3;0.6;0.8;0.8;1.1;2.8,35.95,0.09,0.0,4.41,14.987,0.801,11962.0,24267.0,4,16,,,,,,,,,,,,,,,,,,,,,,,,,,,,,,,,,,,,,,,,,,,,,,,,,,,,,,,,,,,,,
52,3,,,,,,,99,100,67,17,225.9,2730,10801,37,0,14.4,13.0;1.7;7.6;11.7;5.0;3.9;60.1;59.9;48.2;21.7;95.5;6.2;2.0;2.0;1.1;1.1;0.0;0.0;0.6;0.0;0.6;0.8;0.8;1.9,35.92,0.09,0.02,4.74,14.987,0.801,6689.0,24169.0,4,16,,,,,,,,,,,,,,,,,,,,,,,,,,,,,,,,,,,,,,,,,,,,,,,,,,,,,,,,,,,,,
52,4,,,,,,,100,91,67,18,225.9,2730,10801,37,0,14.7,13.0;1.9;16.7;6.1;3.1;2.8;73.5;68.7;32.7;28.4;97.2;2.2;1.7;1.7;0.8;0.0;0.0;1.4;0.0;0.0;1.1;0.0;0.8;0.6,35.91,0.09,0.0,3.96,14.987,0.801,4736.0,49707.0,4,16,,,,,,,,,,,,,,,,,,,,,,,,,,,,,,,,,,,,,,,,,,,,,,,,,,,,,,,,,,,,,
52,5,,,,,,,97,92,66,17,225.9,2730,10801,36,0,14.1,15.4;1.4;12.4;4.7;3.0;2.5;50.0;63.3;44.1;25.6;76.5;32.0;1.1;1.4;0.0;0.8;0.8;0.6;0.0;0.0;0.6;0.6;0.0;1.6,35.85,0.09,0.01,3.06,14.987,0.801,21972.0,10742.0,4,16,,,,,,,,,,,,,,,,,,,,,,,,,,,,,,,,,,,,,,,,,,,,,,,,,,,,,,,,,,,,,
52,6,,,,,,,100,91,67,18,225.9,2730,10801,37,0,14.8,16.1;2.8;11.4;7.8;4.4;2.8;46.5;74.4;38.9;30.6;92.8;18.9;1.9;0.6;0.0;0.0;1.4;1.1;0.6;0.8;1.1;0.0;0.3;0.0,35.84,0.09,0.02,2.59,14.987,0.801,9277.0,121142.0,4,16,,,,,,,,,,,,,,,,,,,,,,,,,,,,,,,,,,,,,,,,,,,,,,,,,,,,,,,,,,,,,
52,7,,,,,,,96,94,69,17,225.5,2730,10801,37,0,14.0,12.2;1.4;12.0;5.6;4.7;1.4;72.5;57.4;32.9;27.2;96.4;3.4;1.4;1.1;0.0;0.3;0.8;0.3;0.0;0.3;1.7;0.3;1.1;1.1,35.85,0.09,0.0,2.2,14.987,0.801,4541.0,44091.0,4,16,,,,,,,,,,,,,,,,,,,,,,,,,,,,,,,,,,,,,,,,,,,,,,,,,,,,,,,,,,,,,
52,8,,,,,,,100,98,68,17,226.2,2730,10801,37,0,14.4,13.3;1.7;15.3;10.0;4.2;1.9;53.5;81.3;34.6;24.0;99.7;1.9;1.4;0.3;0.0;0.0;0.3;0.8;0.0;0.3;0.3;0.3;0.3;0.6,35.83,0.09,0.02,2.04,14.987,0.801,11523.0,186181.0,4,16,,,,,,,,,,,,,,,,,,,,,,,,,,,,,,,,,,,,,,,,,,,,,,,,,,,,,,,,,,,,,
52,9,,,,,,,100,100,68,17,226.0,2730,10801,37,0,14.1,15.5;1.4;14.6;9.9;4.1;1.4;61.4;45.6;35.3;27.0;76.0;38.7;1.7;1.7;0.0;0.0;0.3;0.3;0.0;0.0;0.6;0.6;0.0;1.1,35.82,0.09,0.03,1.54,14.987,0.801,19628.0,11523.0,4,16,,,,,,,,,,,,,,,,,,,,,,,,,,,,,,,,,,,,,,,,,,,,,,,,,,,,,,,,,,,,,
52,10,,,,,,,100,97,67,17,225.9,2730,10801,37,0,14.0,16.3;0.8;7.5;5.9;1.1;1.4;38.9;61.6;38.8;20.9;74.9;64.1;0.0;0.3;0.0;0.0;0.6;0.6;0.0;0.0;1.4;0.0;0.0;0.0,35.81,0.09,0.0,4.06,14.987,0.801,4687.0,36669.0,4,16,,,,,,,,,,,,,,,,,,,,,,,,,,,,,,,,,,,,,,,,,,,,,,,,,,,,,,,,,,,,,
52,11,,,,,,,97,86,67,17,225.7,2730,10801,37,0,11.4,15.0;0.6;6.7;4.5;2.5;2.8;48.0;59.0;19.7;6.7;99.4;1.4;1.7;0.8;0.8;0.0;0.3;0.6;0.3;0.0;0.8;0.0;0.6;1.1,35.81,0.09,0.02,0.11,14.987,0.801,27197.0,12695.0,4,16,,,,,,,,,,,,,,,,,,,,,,,,,,,,,,,,,,,,,,,,,,,,,,,,,,,,,,,,,,,,,
52,12,,,,,,,100,99,69,17,226.3,2730,10801,37,0,11.3,12.1;0.5;5.9;4.4;3.9;1.0;51.5;51.9;21.0;10.8;100.0;1.5;0.5;1.0;1.5;1.0;0.5;0.0;0.0;0.0;0.5;0.0;0.0;1.0,35.81,0.09,0.06,0.19,14.987,0.801,2441.0,1953.0,4,16,,,,,,,,,,,,,,,,,,,,,,,,,,,,,,,,,,,,,,,,,,,,,,,,,,,,,,,,,,,,,
52,summary,0.37222582945579336,0.9921364754225944,0.39361111331065096,0.9863105528701972,0.00085026,64.1,,,,,,,,,,,,,,,,,,,,,,0,90.42,100,0,86.08,100,59,66.67,69,16,17.75,25,127.4,217.62,226.3,2731.2,10801.0,36.8,0,11.3,17.57,58.7,35.81,35.87,36.04,63.16,0.09,0.09,0.09,19.04,0.0,0.02,0.06,0.06,2.41,4.74,11.334,14.186,14.987,14.99,14.987,15.992,0.801,0.8,0.801,2441.0,11628.75,27197.0,1953.0,60082.5,197851.0,4,4.0,4,16,16.0,16,4,16,48.73,10.8
53,1,,,,,,,5,0,60,23,154.7,2745,10801,37,0,58.6,76.2;81.7;91.7;91.7;88.0;89.8;97.2;99.4;82.8;86.8;96.6;84.3;41.2;63.6;13.5;11.7;40.3;51.4;7.1;9.8;30.5;36.9;19.0;15.1,36.04,0.09,0.0,0.5,14.987,0.801,58984.0,42578.0,4,16,,,,,,,,,,,,,,,,,,,,,,,,,,,,,,,,,,,,,,,,,,,,,,,,,,,,,,,,,,,,,
53,2,,,,,,,100,97,68,17,222.6,2730,10801,36,0,14.1,15.7;1.7;8.5;11.6;2.8;3.0;30.3;80.8;33.9;33.5;74.0;36.9;0.0;0.6;0.0;0.0;0.8;1.1;0.6;0.0;0.3;0.0;0.3;1.4,35.92,0.09,0.02,5.35,14.987,0.801,8007.0,44140.0,4,16,,,,,,,,,,,,,,,,,,,,,,,,,,,,,,,,,,,,,,,,,,,,,,,,,,,,,,,,,,,,,
53,3,,,,,,,97,87,67,17,225.2,2730,10801,37,0,15.4,16.0;2.5;8.1;11.2;8.7;10.9;66.9;40.6;25.4;35.6;86.8;42.7;2.2;1.1;0.0;0.8;2.0;1.4;0.8;0.3;1.9;0.8;0.8;1.1,35.91,0.09,0.02,4.58,14.987,0.801,71191.0,80859.0,4,16,,,,,,,,,,,,,,,,,,,,,,,,,,,,,,,,,,,,,,,,,,,,,,,,,,,,,,,,,,,,,
53,4,,,,,,,96,92,67,16,225.1,2730,10801,36,0,14.6,13.7;2.2;12.2;11.1;2.8;4.5;67.2;57.4;27.5;42.0;98.9;1.1;1.7;0.8;0.0;0.3;0.8;0.3;0.0;0.3;0.8;0.6;1.1;1.4,35.87,0.09,0.0,3.61,14.987,0.801,5419.0,18603.0,4,16,,,,,,,,,,,,,,,,,,,,,,,,,,,,,,,,,,,,,,,,,,,,,,,,,,,,,,,,,,,,,
53,5,,,,,,,100,91,67,17,225.6,2730,10801,37,0,14.2,13.1;1.1;6.4;11.7;3.1;3.3;77.9;48.2;17.8;51.0;97.2;3.6;0.8;1.1;0.0;0.0;0.0;0.3;0.0;0.0;0.0;0.0;0.6;2.2,35.87,0.09,0.02,2.97,14.987,0.801,21630.0,10791.0,4,16,,,,,,,,,,,,,,,,,,,,,,,,,,,,,,,,,,,,,,,,,,,,,,,,,,,,,,,,,,,,,
53,6,,,,,,,100,100,67,17,216.3,2730,10801,37,0,14.2,16.4;0.3;4.4;13.3;1.9;3.9;43.1;61.3;32.2;45.6;87.6;23.4;1.1;0.6;0.6;1.1;1.4;0.8;0.0;0.0;0.3;0.3;0.3;1.6,35.85,0.09,0.01,2.9,14.987,0.801,8203.0,11279.0,4,16,,,,,,,,,,,,,,,,,,,,,,,,,,,,,,,,,,,,,,,,,,,,,,,,,,,,,,,,,,,,,
53,7,,,,,,,100,91,66,16,225.9,2730,10801,37,0,14.9,14.7;1.4;8.4;13.1;3.4;4.2;49.4;76.3;22.9;49.7;90.5;8.6;1.9;1.4;0.0;1.4;1.4;1.7;1.1;0.6;1.9;1.7;1.1;2.5,35.84,0.09,0.0,2.03,14.987,0.801,4931.0,30224.0,4,16,,,,,,,,,,,,,,,,,,,,,,,,,,,,,,,,,,,,,,,,,,,,,,,,,,,,,,,,,,,,,
53,8,,,,,,,96,83,67,17,225.6,2730,10801,37,0,14.4,13.5;1.4;7.6;11.7;4.2;3.4;49.4;71.4;27.1;48.7;64.4;38.1;0.6;1.1;0.0;0.0;0.3;0.0;0.0;0.0;0.6;0.0;0.6;1.7,35.84,0.09,0.01,1.49,14.987,0.801,33398.0,24267.0,4,16,,,,,,,,,,,,,,,,,,,,,,,,,,,,,,,,,,,,,,,,,,,,,,,,,,,,,,,,,,,,,
53,9,,,,,,,98,95,68,17,225.9,2730,10801,37,0,14.2,14.1;1.4;9.2;12.5;1.1;2.8;32.3;68.6;27.6;41.9;53.2;71.2;0.0;0.6;0.3;0.6;0.0;0.6;0.3;0.0;0.8;0.3;0.0;0.8,35.81,0.09,0.05,1.55,14.987,0.801,4052.0,232470.0,4,16,,,,,,,,,,,,,,,,,,,,,,,,,,,,,,,,,,,,,,,,,,,,,,,,,,,,,,,,,,,,,
53,10,,,,,,,96,93,69,16,215.3,2730,10801,37,0,13.7,11.6;1.4;9.4;5.8;1.4;3.6;38.7;68.1;19.8;38.3;64.2;62.0;0.8;0.6;0.0;0.0;0.3;0.3;0.0;0.0;0.6;0.3;0.3;0.5,35.8,0.09,0.01,3.64,14.987,0.801,54980.0,11132.0,4,16,,,,,,,,,,,,,,,,,,,,,,,,,,,,,,,,,,,,,,,,,,,,,,,,,,,,,,,,,,,,,
53,11,,,,,,,100,92,66,17,226.1,2730,10801,37,0,11.4,15.2;1.1;5.6;5.9;3.4;2.2;69.9;35.6;10.9;19.3;97.8;2.0;0.6;1.7;0.0;0.0;0.0;0.0;0.0;0.8;0.3;0.3;0.0;1.1,35.8,0.09,0.01,0.08,14.987,0.801,26806.0,27880.0,4,16,,,,,,,,,,,,,,,,,,,,,,,,,,,,,,,,,,,,,,,,,,,,,,,,,,,,,,,,,,,,,
53,12,,,,,,,98,88,67,17,226.2,2730,10801,37,0,12.4,16.7;4.5;6.0;6.5;4.0;6.0;13.0;90.5;10.9;17.9;97.5;5.0;1.5;3.5;1.0;0.0;3.0;1.5;0.0;0.5;2.5;1.5;1.0;3.5,35.8,0.09,0.0,0.04,14.987,0.801,244.0,2001.0,4,16,,,,,,,,,,,,,,,,,,,,,,,,,,,,,,,,,,,,,,,,,,,,,,,,,,,,,,,,,,,,,
53,summary,0.3734111021335665,0.9918002677209476,0.3908297977982759,0.9868750661539004,0.00084456,64.1,,,,,,,,,,,,,,,,,,,,,,5,90.5,100,0,84.08,100,60,66.58,69,16,17.25,23,154.7,217.88,226.2,2731.2,10801.0,36.8,0,11.4,17.68,58.6,35.8,35.86,36.04,63.16,0.09,0.09,0.09,19.04,0.0,0.01,0.05,0.04,2.4,5.35,11.336,14.186,14.987,14.99,14.987,15.992,0.801,0.8,0.801,244.0,24820.42,71191.0,2001.0,44685.33,232470.0,4,4.0,4,16,16.0,16,4,16,48.77,10.83
54,1,,,,,,,0,0,60,25,136.4,2745,10801,37,0,58.0,79.8;81.9;91.4;88.7;86.2;89.9;96.0;97.2;82.2;86.5;97.5;81.3;42.6;57.7;7.7;9.2;48.8;54.0;4.0;4.6;32.4;30.7;23.3;17.4,35.97,0.09,0.02,0.09,14.987,0.801,39501.0,214306.0,4,16,,,,,,,,,,,,,,,,,,,,,,,,,,,,,,,,,,,,,,,,,,,,,,,,,,,,,,,,,,,,,
54,2,,,,,,,100,91,66,17,226.4,2730,10801,37,0,14.2,14.2;1.1;10.6;9.8;3.3;2.2;57.8;70.2;27.1;39.0;97.8;2.0;0.6;0.6;0.3;0.3;0.8;0.3;0.0;0.3;0.3;0.3;0.6;1.1,35.93,0.09,0.01,4.37,14.987,0.801,4882.0,92382.0,4,16,,,,,,,,,,,,,,,,,,,,,,,,,,,,,,,,,,,,,,,,,,,,,,,,,,,,,,,,,,,,,
54,3,,,,,,,96,93,69,17,225.5,2730,10801,37,0,14.4,13.9;1.1;10.1;5.3;3.9;3.1;78.7;43.3;33.4;33.7;77.2;35.2;1.7;1.1;0.8;0.0;0.3;0.3;0.0;0.3;1.1;1.4;0.0;0.3,35.89,0.09,0.01,4.72,14.987,0.801,12060.0,11035.0,4,16,,,,,,,,,,,,,,,,,,,,,,,,,,,,,,,,,,,,,,,,,,,,,,,,,,,,,,,,,,,,,
54,4,,,,,,,100,91,66,17,225.9,2730,10801,37,0,13.9,15.6;1.7;10.2;9.9;1.1;2.2;41.7;67.1;29.8;36.9;75.5;33.6;1.4;1.1;0.0;0.3;0.8;0.8;0.0;0.0;0.8;0.3;0.0;1.6,35.88,0.09,0.01,3.92,14.987,0.801,26464.0,21240.0,4,16,,,,,,,,,,,,,,,,,,,,,,,,,,,,,,,,,,,,,,,,,,,,,,,,,,,,,,,,,,,,,
54,5,,,,,,,96,87,68,17,225.1,2730,10801,37,0,14.3,12.6;0.6;10.6;5.3;4.2;2.5;71.5;80.7;26.0;26.0;100.0;0.0;1.1;0.8;0.0;0.0;0.0;0.0;0.3;0.0;0.3;0.0;0.0;0.6,35.87,0.09,0.01,3.12,14.987,0.801,32861.0,12158.0,4,16,,,,,,,,,,,,,,,,,,,,,,,,,,,,,,,,,,,,,,,,,,,,,,,,,,,,,,,,,,,,,
54,6,,,,,,,100,100,67,18,225.5,2730,10801,37,0,14.4,15.1;0.6;10.3;7.8;4.4;2.5;55.9;72.1;36.2;33.9;95.5;5.6;1.4;1.7;0.0;0.0;1.1;0.3;0.0;0.3;0.3;0.6;0.6;0.6,35.86,0.09,0.01,2.62,14.987,0.801,15039.0,133349.0,4,16,,,,,,,,,,,,,,,,,,,,,,,,,,,,,,,,,,,,,,,,,,,,,,,,,,,,,,,,,,,,,
54,7,,,,,,,100,90,68,15,225.8,2730,10801,37,0,14.9,14.6;1.7;11.2;10.7;3.1;2.5;73.3;59.0;30.5;36.0;95.5;5.3;2.8;2.8;0.3;0.6;2.0;0.6;0.0;0.6;1.4;0.8;0.3;1.7,35.85,0.09,0.01,2.23,14.987,0.801,28906.0,29199.0,4,16,,,,,,,,,,,,,,,,,,,,,,,,,,,,,,,,,,,,,,,,,,,,,,,,,,,,,,,,,,,,,
54,8,,,,,,,100,97,67,18,225.7,2730,10801,37,0,14.6,13.2;1.6;9.8;9.5;5.2;3.8;78.6;41.7;42.8;30.0;89.3;11.1;1.4;1.4;0.8;0.5;0.5;0.8;0.8;0.3;1.4;1.1;0.5;3.0,35.84,0.09,0.01,1.99,14.987,0.801,4345.0,49316.0,4,16,,,,,,,,,,,,,,,,,,,,,,,,,,,,,,,,,,,,,,,,,,,,,,,,,,,,,,,,,,,,,
54,9,,,,,,,97,92,67,15,225.4,2730,10801,37,0,15.2,15.1;2.8;10.4;12.9;3.9;5.9;66.7;68.8;35.6;23.7;95.3;7.3;2.3;1.7;0.8;0.8;1.1;0.3;0.8;0.3;0.8;2.3;0.8;3.6,35.82,0.09,0.0,1.47,14.987,0.801,13037.0,29687.0,4,16,,,,,,,,,,,,,,,,,,,,,,,,,,,,,,,,,,,,,,,,,,,,,,,,,,,,,,,,,,,,,
54,10,,,,,,,100,90,68,15,225.4,2730,10801,37,0,14.4,9.9;3.3;11.7;9.5;3.9;5.3;62.1;37.0;42.1;28.0;50.6;74.7;0.6;2.2;0.0;0.3;0.3;0.8;0.0;0.0;0.8;0.3;0.0;1.7,35.8,0.09,0.03,4.1,14.987,0.801,4736.0,35009.0,4,16,,,,,,,,,,,,,,,,,,,,,,,,,,,,,,,,,,,,,,,,,,,,,,,,,,,,,,,,,,,,,
54,11,,,,,,,96,89,67,17,225.0,2730,10801,37,0,11.1,14.7;1.1;6.7;8.7;1.7;1.7;56.3;44.4;12.3;14.8;92.2;5.9;1.1;1.1;0.3;0.3;0.3;0.8;0.0;0.0;1.4;0.3;0.0;0.6,35.8,0.09,0.0,0.02,14.987,0.801,28369.0,11328.0,4,16,,,,,,,,,,,,,,,,,,,,,,,,,,,,,,,,,,,,,,,,,,,,,,,,,,,,,,,,,,,,,
54,12,,,,,,,96,84,67,16,225.5,2730,10801,37,0,11.2,14.4;1.0;5.3;10.1;2.4;2.4;17.5;80.7;9.2;18.8;41.7;58.3;0.5;1.0;0.0;0.0;0.5;0.5;0.0;0.5;1.5;0.0;0.0;1.4,35.78,0.09,0.02,0.16,14.987,0.801,1904.0,0.0,4,16,,,,,,,,,,,,,,,,,,,,,,,,,,,,,,,,,,,,,,,,,,,,,,,,,,,,,,,,,,,,,
54,summary,0.37327155483762453,0.9918313980636927,0.3915550526095754,0.9874395794376036,0.00083877,64.2,,,,,,,,,,,,,,,,,,,,,,0,90.08,100,0,83.67,100,60,66.67,69,15,17.25,25,136.4,218.13,226.4,2731.2,10801.0,37.0,0,11.1,17.55,58.0,35.78,35.86,35.97,63.16,0.09,0.09,0.09,19.04,0.0,0.01,0.03,0.02,2.4,4.72,11.335,14.186,14.987,14.99,14.987,15.992,0.801,0.8,0.801,1904.0,17675.33,39501.0,0.0,53250.75,214306.0,4,4.0,4,16,16.0,16,4,16,48.63,10.99
55,1,,,,,,,100,94,63,25,123.8,2745,10801,37,0,58.0,81.1;81.3;92.9;85.9;86.5;91.7;98.8;97.2;91.1;86.2;95.1;82.3;59.3;56.0;7.1;7.4;38.8;48.0;3.7;5.5;32.1;32.2;16.9;14.7,35.95,0.09,0.01,0.05,14.987,0.801,28710.0,159521.0,4,16,,,,,,,,,,,,,,,,,,,,,,,,,,,,,,,,,,,,,,,,,,,,,,,,,,,,,,,,,,,,,
55,2,,,,,,,100,99,67,15,225.3,2730,10801,37,0,13.9,11.9;1.1;6.4;8.1;3.6;1.7;58.5;67.8;34.2;34.5;95.8;5.0;0.8;0.8;0.3;0.3;0.3;0.3;0.0;0.0;0.8;0.3;0.0;1.1,35.93,0.09,0.0,4.39,14.987,0.801,12988.0,17529.0,4,16,,,,,,,,,,,,,,,,,,,,,,,,,,,,,,,,,,,,,,,,,,,,,,,,,,,,,,,,,,,,,
55,3,,,,,,,100,91,66,17,224.8,2730,10801,37,0,14.6,11.7;2.2;5.9;10.6;4.7;3.4;29.1;72.0;27.5;27.1;74.2;74.8;1.4;1.7;0.3;0.3;0.8;0.6;0.0;0.0;0.3;0.8;0.3;1.1,35.9,0.09,0.01,4.75,14.987,0.801,19531.0,23095.0,4,16,,,,,,,,,,,,,,,,,,,,,,,,,,,,,,,,,,,,,,,,,,,,,,,,,,,,,,,,,,,,,
55,4,,,,,,,96,91,67,17,224.9,2730,10801,37,0,14.2,16.6;1.4;10.4;8.4;1.4;1.1;32.6;81.9;28.7;46.1;69.1;38.8;0.3;0.6;0.0;0.3;0.0;0.0;0.0;0.0;0.8;0.8;0.6;0.6,35.88,0.09,0.04,4.06,14.987,0.801,5371.0,37939.0,4,16,,,,,,,,,,,,,,,,,,,,,,,,,,,,,,,,,,,,,,,,,,,,,,,,,,,,,,,,,,,,,
55,5,,,,,,,96,87,67,17,224.5,2730,10801,37,0,14.9,19.1;1.4;9.9;5.5;2.7;1.9;53.6;79.4;36.8;26.5;85.8;24.5;0.8;0.5;0.0;0.0;0.8;1.1;0.0;0.3;0.8;1.6;0.0;4.0,35.87,0.09,0.02,3.08,14.987,0.801,9814.0,11914.0,4,16,,,,,,,,,,,,,,,,,,,,,,,,,,,,,,,,,,,,,,,,,,,,,,,,,,,,,,,,,,,,,
55,6,,,,,,,96,92,66,18,225.5,2730,10801,37,0,14.5,13.6;1.7;13.6;4.7;4.4;3.1;59.1;57.8;33.1;26.5;74.4;50.6;0.6;0.6;0.3;0.0;0.6;0.0;0.0;0.0;0.3;0.0;0.0;2.5,35.86,0.09,0.01,2.57,14.987,0.801,12890.0,80615.0,4,16,,,,,,,,,,,,,,,,,,,,,,,,,,,,,,,,,,,,,,,,,,,,,,,,,,,,,,,,,,,,,
55,7,,,,,,,100,95,68,17,225.1,2730,10801,37,0,14.3,17.7;0.6;7.9;6.2;3.7;1.7;45.5;64.8;23.9;38.5;79.2;47.8;1.7;1.4;0.0;0.0;0.8;0.0;0.0;0.0;0.0;0.0;0.3;0.3,35.84,0.09,0.01,2.2,14.987,0.801,8496.0,10742.0,4,16,,,,,,,,,,,,,,,,,,,,,,,,,,,,,,,,,,,,,,,,,,,,,,,,,,,,,,,,,,,,,
55,8,,,,,,,96,83,68,16,225.1,2730,10801,37,0,14.4,16.4;2.0;7.8;7.0;4.7;3.4;65.4;50.1;36.1;44.1;86.3;15.4;1.4;1.4;0.0;0.0;0.8;0.3;0.0;0.0;1.4;0.0;0.0;1.7,35.82,0.09,0.0,2.01,14.987,0.801,58447.0,21191.0,4,16,,,,,,,,,,,,,,,,,,,,,,,,,,,,,,,,,,,,,,,,,,,,,,,,,,,,,,,,,,,,,
55,9,,,,,,,100,92,69,17,225.7,2730,10801,37,0,14.5,14.4;1.9;10.1;10.6;4.6;2.2;56.2;68.4;25.8;31.4;73.8;38.1;2.2;1.9;0.0;0.0;1.1;1.4;0.3;0.3;1.9;1.1;0.5;1.1,35.81,0.09,0.01,1.47,14.987,0.801,17626.0,17382.0,4,16,,,,,,,,,,,,,,,,,,,,,,,,,,,,,,,,,,,,,,,,,,,,,,,,,,,,,,,,,,,,,
55,10,,,,,,,96,92,66,15,225.6,2730,10801,37,0,15.0,14.7;3.7;17.0;12.6;5.4;2.0;68.9;31.8;34.3;36.0;71.6;48.6;2.8;0.6;0.0;0.0;1.1;0.6;0.0;0.0;0.0;1.1;1.4;3.9,35.8,0.09,0.01,4.04,14.987,0.801,6787.0,37695.0,4,16,,,,,,,,,,,,,,,,,,,,,,,,,,,,,,,,,,,,,,,,,,,,,,,,,,,,,,,,,,,,,
55,11,,,,,,,97,92,67,17,226.5,2730,10801,37,0,11.4,16.1;1.7;3.1;3.9;0.8;2.8;42.3;59.1;18.1;10.1;49.9;58.3;1.1;0.6;0.0;0.0;0.3;0.3;0.6;0.0;0.6;0.6;0.3;1.7,35.81,0.09,0.0,0.04,14.987,0.801,24267.0,49755.0,4,16,,,,,,,,,,,,,,,,,,,,,,,,,,,,,,,,,,,,,,,,,,,,,,,,,,,,,,,,,,,,,
55,12,,,,,,,99,93,67,17,225.3,2730,10801,37,0,11.3,15.7;1.0;5.4;5.0;2.5;2.0;40.1;59.8;23.6;8.4;84.7;15.8;1.0;0.0;0.0;0.0;1.0;0.0;0.5;0.0;0.0;0.0;0.0;4.4,35.8,0.09,0.03,0.17,14.987,0.801,732.0,0.0,4,16,,,,,,,,,,,,,,,,,,,,,,,,,,,,,,,,,,,,,,,,,,,,,,,,,,,,,,,,,,,,,
55,summary,0.3713085119487065,0.9925224916726333,0.3903848606219967,0.9877924002399181,0.00083289,64.1,,,,,,,,,,,,,,,,,,,,,,96,98.0,100,83,91.75,99,63,66.75,69,15,17.33,25,123.8,216.84,226.5,2731.2,10801.0,37.0,0,11.3,17.58,58.0,35.8,35.86,35.95,63.16,0.09,0.09,0.09,19.04,0.0,0.01,0.04,0.04,2.4,4.75,11.335,14.186,14.987,14.99,14.987,15.992,0.801,0.8,0.801,732.0,17138.25,58447.0,0.0,38948.17,159521.0,4,4.0,4,16,16.0,16,4,16,48.54,11.0
56,1,,,,,,,0,0,60,21,136.1,2745,10801,37,0,58.3,85.5;78.8;90.8;89.3;91.7;86.5;96.6;99.1;87.8;87.4;96.9;89.6;49.1;55.0;9.8;11.6;41.8;43.3;7.1;7.7;29.1;32.2;17.2;13.7,36.01,0.09,0.02,1.1,14.987,0.801,21337.0,186962.0,4,16,,,,,,,,,,,,,,,,,,,,,,,,,,,,,,,,,,,,,,,,,,,,,,,,,,,,,,,,,,,,,
56,2,,,,,,,100,90,68,18,224.4,2730,10801,37,0,14.2,15.7;1.7;6.3;10.1;2.7;5.2;91.5;43.0;18.9;35.5;92.3;10.2;1.9;1.1;0.0;0.3;0.6;0.0;0.3;0.3;0.6;0.6;0.3;0.8,35.93,0.09,0.0,5.32,14.987,0.801,60986.0,97900.0,4,16,,,,,,,,,,,,,,,,,,,,,,,,,,,,,,,,,,,,,,,,,,,,,,,,,,,,,,,,,,,,,
56,3,,,,,,,96,93,66,18,225.1,2730,10801,36,0,14.2,8.1;1.1;10.6;11.2;2.5;3.9;58.7;66.5;27.9;41.8;93.6;8.1;0.8;1.1;0.0;0.3;1.1;0.6;0.3;0.3;0.3;0.8;0.3;1.7,35.89,0.09,0.02,4.57,14.987,0.801,7275.0,55175.0,4,16,,,,,,,,,,,,,,,,,,,,,,,,,,,,,,,,,,,,,,,,,,,,,,,,,,,,,,,,,,,,,
56,4,,,,,,,100,91,68,16,224.9,2730,10801,37,0,14.3,14.7;0.6;7.5;12.3;2.2;2.2;68.9;50.8;22.4;33.4;72.7;51.0;1.1;0.6;0.0;0.3;0.6;0.3;0.0;0.3;0.0;0.3;0.8;0.6,35.88,0.09,0.01,3.67,14.987,0.801,5322.0,36181.0,4,16,,,,,,,,,,,,,,,,,,,,,,,,,,,,,,,,,,,,,,,,,,,,,,,,,,,,,,,,,,,,,
56,5,,,,,,,96,84,67,16,225.0,2730,10801,37,0,14.3,12.6;1.7;5.3;9.5;1.4;3.4;57.9;66.9;25.0;45.7;96.1;7.9;1.4;1.4;0.0;0.0;1.7;1.4;0.6;0.3;0.6;0.3;0.8;0.8,35.85,0.09,0.0,2.95,14.987,0.801,13818.0,12304.0,4,16,,,,,,,,,,,,,,,,,,,,,,,,,,,,,,,,,,,,,,,,,,,,,,,,,,,,,,,,,,,,,
56,6,,,,,,,99,100,67,19,225.7,2730,10801,37,0,13.9,16.2;1.4;7.9;13.9;1.9;3.3;38.8;63.3;27.7;41.1;85.8;29.0;1.1;0.3;0.0;0.0;0.3;0.3;0.0;0.0;0.0;0.3;0.5;0.5,35.85,0.09,0.02,2.9,14.987,0.801,19921.0,9228.0,4,16,,,,,,,,,,,,,,,,,,,,,,,,,,,,,,,,,,,,,,,,,,,,,,,,,,,,,,,,,,,,,
56,7,,,,,,,96,92,69,16,225.7,2730,10801,37,0,14.1,9.6;2.0;9.2;13.2;2.0;3.9;55.6;64.7;27.7;38.2;82.4;26.7;0.6;0.3;0.3;0.0;0.3;0.0;0.0;0.0;0.0;0.0;0.3;0.3,35.84,0.09,0.01,1.86,14.987,0.801,9814.0,63964.0,4,16,,,,,,,,,,,,,,,,,,,,,,,,,,,,,,,,,,,,,,,,,,,,,,,,,,,,,,,,,,,,,
56,8,,,,,,,96,92,67,17,226.2,2730,10801,37,0,13.9,10.4;1.9;5.3;9.5;1.1;2.8;68.2;59.5;17.9;52.8;89.4;11.1;1.4;0.3;0.0;0.3;0.0;0.3;0.0;0.0;0.0;0.0;0.0;1.4,35.83,0.09,0.01,1.49,14.987,0.801,34765.0,23925.0,4,16,,,,,,,,,,,,,,,,,,,,,,,,,,,,,,,,,,,,,,,,,,,,,,,,,,,,,,,,,,,,,
56,9,,,,,,,100,92,67,18,226.0,2730,10801,37,0,14.5,13.9;1.7;8.4;9.8;2.2;4.5;61.6;68.2;27.2;40.1;98.9;4.7;1.1;1.4;0.3;0.3;0.6;0.6;0.0;0.0;0.8;0.0;0.0;0.6,35.83,0.09,0.0,1.5,14.987,0.801,35205.0,11816.0,4,16,,,,,,,,,,,,,,,,,,,,,,,,,,,,,,,,,,,,,,,,,,,,,,,,,,,,,,,,,,,,,
56,10,,,,,,,95,92,68,18,225.3,2730,10801,37,0,15.1,15.1;3.8;12.1;6.0;3.8;4.4;61.9;72.5;28.8;35.9;99.7;2.2;3.8;2.5;0.3;0.5;0.3;1.6;0.3;1.4;1.6;1.4;0.5;2.5,35.81,0.09,0.02,3.33,14.987,0.801,4736.0,20019.0,4,16,,,,,,,,,,,,,,,,,,,,,,,,,,,,,,,,,,,,,,,,,,,,,,,,,,,,,,,,,,,,,
56,11,,,,,,,99,92,67,17,225.8,2730,10801,37,0,11.8,16.8;2.8;9.5;5.9;2.2;2.8;36.4;63.6;15.2;17.1;25.3;77.9;1.4;1.4;0.0;0.0;0.6;0.8;0.0;0.0;0.3;0.6;0.0;1.1,35.81,0.09,0.0,0.08,14.987,0.801,22949.0,18994.0,4,16,,,,,,,,,,,,,,,,,,,,,,,,,,,,,,,,,,,,,,,,,,,,,,,,,,,,,,,,,,,,,
56,12,,,,,,,100,100,67,17,225.9,2730,10801,37,0,10.5,13.1;0.0;3.5;3.0;2.0;1.0;100.0;0.0;16.5;6.5;66.7;33.3;0.5;2.0;0.0;0.0;0.5;0.5;0.0;0.0;1.0;0.0;0.0;2.0,35.8,0.09,0.03,0.11,14.987,0.801,48.0,2343.0,4,16,,,,,,,,,,,,,,,,,,,,,,,,,,,,,,,,,,,,,,,,,,,,,,,,,,,,,,,,,,,,,
56,summary,0.3726203942855172,0.9921862839709865,0.39134093309531404,0.9866986557527432,0.00082694,64.1,,,,,,,,,,,,,,,,,,,,,,0,89.75,100,0,84.83,100,60,66.75,69,16,17.58,21,136.1,218.01,226.2,2731.2,10801.0,36.9,0,10.5,17.43,58.3,35.8,35.86,36.01,63.16,0.09,0.09,0.09,19.04,0.0,0.01,0.03,0.08,2.41,5.32,11.335,14.186,14.987,14.99,14.987,15.992,0.801,0.8,0.801,48.0,19681.33,60986.0,2343.0,44900.92,186962.0,4,4.0,4,16,16.0,16,4,16,48.52,11.1
57,1,,,,,,,0,0,59,25,121.7,2745,10801,37,0,58.0,82.6;85.5;94.8;94.5;85.8;91.8;96.7;96.4;75.5;82.7;93.9;79.4;49.8;60.7;7.9;9.4;44.4;51.4;5.8;5.5;30.8;30.5;17.0;17.7,35.96,0.09,0.02,0.09,14.987,0.801,29589.0,197949.0,4,16,,,,,,,,,,,,,,,,,,,,,,,,,,,,,,,,,,,,,,,,,,,,,,,,,,,,,,,,,,,,,
57,2,,,,,,,96,93,67,16,225.4,2730,10801,37,0,14.4,13.6;2.8;12.0;4.2;4.5;4.5;43.4;58.9;35.1;39.1;57.1;65.8;0.3;0.8;0.3;0.0;1.1;0.3;0.0;0.0;0.0;0.0;0.3;0.6,35.92,0.09,0.0,5.6,14.987,0.801,12597.0,21435.0,4,16,,,,,,,,,,,,,,,,,,,,,,,,,,,,,,,,,,,,,,,,,,,,,,,,,,,,,,,,,,,,,
57,3,,,,,,,100,91,66,18,225.2,2730,10801,37,0,14.3,16.1;2.0;12.2;5.8;3.9;4.2;65.9;57.1;43.6;24.6;75.7;23.7;1.1;1.4;0.6;0.3;1.4;1.4;0.0;0.3;0.0;0.8;0.3;1.1,35.91,0.09,0.02,4.58,14.987,0.801,41406.0,12011.0,4,16,,,,,,,,,,,,,,,,,,,,,,,,,,,,,,,,,,,,,,,,,,,,,,,,,,,,,,,,,,,,,
57,4,,,,,,,100,100,67,16,225.3,2730,10801,37,0,14.4,11.1;2.5;11.8;2.8;4.1;4.4;61.5;69.1;36.7;25.9;98.1;2.8;1.1;2.2;1.1;0.6;1.7;0.8;0.3;0.3;0.8;0.6;1.1;3.3,35.88,0.09,0.01,4.47,14.987,0.801,53466.0,62158.0,4,16,,,,,,,,,,,,,,,,,,,,,,,,,,,,,,,,,,,,,,,,,,,,,,,,,,,,,,,,,,,,,
57,5,,,,,,,100,97,67,17,225.2,2730,10801,36,0,14.7,14.1;1.1;14.5;12.8;5.3;2.0;41.1;59.6;44.4;29.2;56.0;67.2;0.8;0.8;0.0;0.0;0.8;0.6;0.0;0.0;0.3;0.3;0.0;0.3,35.88,0.09,0.02,3.16,14.987,0.801,50585.0,11816.0,4,16,,,,,,,,,,,,,,,,,,,,,,,,,,,,,,,,,,,,,,,,,,,,,,,,,,,,,,,,,,,,,
57,6,,,,,,,96,84,67,18,225.2,2730,10801,37,0,15.1,12.9;2.8;15.0;8.3;3.6;2.8;52.9;65.5;37.8;28.6;89.2;25.1;3.3;2.8;0.8;0.6;1.1;1.4;0.0;0.0;2.5;0.8;0.8;2.8,35.85,0.09,0.07,2.26,14.987,0.801,32763.0,112207.0,4,16,,,,,,,,,,,,,,,,,,,,,,,,,,,,,,,,,,,,,,,,,,,,,,,,,,,,,,,,,,,,,
57,7,,,,,,,100,100,68,17,225.5,2730,10801,36,0,15.2,15.5;4.7;9.2;9.2;5.3;4.4;76.3;55.7;36.3;22.8;91.1;21.5;1.1;1.1;0.8;1.4;1.4;0.8;0.3;0.8;1.1;1.1;0.6;1.7,35.85,0.09,0.04,2.15,14.987,0.801,39697.0,103173.0,4,16,,,,,,,,,,,,,,,,,,,,,,,,,,,,,,,,,,,,,,,,,,,,,,,,,,,,,,,,,,,,,
57,8,,,,,,,97,92,68,16,226.2,2730,10801,37,0,14.2,15.9;1.7;6.4;9.1;1.9;3.9;60.8;74.6;34.3;27.8;99.4;0.6;0.6;0.3;0.3;0.0;1.1;0.3;0.0;0.6;0.6;0.6;0.3;0.6,35.85,0.09,0.02,1.5,14.987,0.801,12646.0,62792.0,4,16,,,,,,,,,,,,,,,,,,,,,,,,,,,,,,,,,,,,,,,,,,,,,,,,,,,,,,,,,,,,,
57,9,,,,,,,100,91,66,16,225.4,2730,10801,37,0,14.3,15.6;2.2;10.1;11.5;2.2;3.9;82.1;34.2;32.2;35.2;72.3;39.1;1.1;1.1;0.0;0.0;0.3;0.3;0.0;0.0;0.0;0.3;0.0;0.0,35.84,0.09,0.02,1.56,14.987,0.801,5322.0,45947.0,4,16,,,,,,,,,,,,,,,,,,,,,,,,,,,,,,,,,,,,,,,,,,,,,,,,,,,,,,,,,,,,,
57,10,,,,,,,100,90,67,17,225.7,2730,10801,37,0,14.3,13.8;1.1;7.5;9.2;3.9;3.9;61.6;50.4;41.5;25.7;70.1;46.9;1.1;1.7;0.3;0.6;0.0;0.0;0.0;0.6;0.8;0.8;0.6;1.1,35.83,0.09,0.08,4.08,14.987,0.801,24023.0,49755.0,4,16,,,,,,,,,,,,,,,,,,,,,,,,,,,,,,,,,,,,,,,,,,,,,,,,,,,,,,,,,,,,,
57,11,,,,,,,96,93,68,18,225.4,2730,10801,37,0,11.7,12.0;1.4;7.3;7.0;3.1;2.8;84.6;16.3;17.1;22.5;81.2;25.0;0.6;0.0;0.0;0.0;0.0;0.0;0.0;0.0;0.0;0.3;0.0;0.6,35.84,0.09,0.58,3.96,14.987,0.801,36621.0,12011.0,4,16,,,,,,,,,,,,,,,,,,,,,,,,,,,,,,,,,,,,,,,,,,,,,,,,,,,,,,,,,,,,,
57,12,,,,,,,97,93,68,18,214.9,2730,10801,37,0,11.6,17.8;3.8;3.9;5.8;1.9;3.4;68.1;29.1;14.4;20.3;96.1;3.9;1.0;1.0;0.5;0.0;0.0;0.5;0.5;1.5;1.4;0.0;0.5;2.9,35.84,0.09,0.11,1.3,14.987,0.801,1123.0,2050.0,4,16,,,,,,,,,,,,,,,,,,,,,,,,,,,,,,,,,,,,,,,,,,,,,,,,,,,,,,,,,,,,,
57,summary,0.37140144969867567,0.9923045792734178,0.39173407101624436,0.9873337331969093,0.00082090,64.3,,,,,,,,,,,,,,,,,,,,,,0,90.17,100,0,85.33,100,59,66.5,68,16,17.67,25,121.7,215.92,226.2,2731.2,10801.0,36.8,0,11.6,17.68,58.0,35.83,35.87,35.96,63.16,0.09,0.09,0.09,19.04,0.0,0.08,0.58,0.09,2.89,5.6,11.335,14.186,14.987,14.99,14.987,15.992,0.801,0.8,0.801,1123.0,28319.83,53466.0,2050.0,57775.33,197949.0,4,4.0,4,16,16.0,16,4,16,48.8,10.9
