epoch,sample_point,train_loss,train_acc,val_loss,val_acc,lr,epoch_time_s,cuda_util_pct,cuda_mem_util_pct,gpu_temp_c,gpu_temp_tlimit_c,gpu_power_w,gpu_clock_sm_mhz,gpu_clock_mem_mhz,gpu_fan_pct,gpu_throttled,cpu_pct,cpu_pct_per_core,ram_used_gb,swap_used_gb,disk_read_mb_s,disk_write_mb_s,nvsmi_vram_used_gb,vram_other_processes_gb,pcie_tx_kb_s,pcie_rx_kb_s,pcie_link_gen_current,pcie_link_width_current,cuda_util_pct_min,cuda_util_pct_avg,cuda_util_pct_max,cuda_mem_util_pct_min,cuda_mem_util_pct_avg,cuda_mem_util_pct_max,gpu_temp_c_min,gpu_temp_c_avg,gpu_temp_c_max,gpu_temp_tlimit_c_min,gpu_temp_tlimit_c_avg,gpu_temp_tlimit_c_max,gpu_power_w_min,gpu_power_w_avg,gpu_power_w_max,gpu_clock_sm_mhz_avg,gpu_clock_mem_mhz_avg,gpu_fan_pct_avg,gpu_throttled_any,cpu_pct_min,cpu_pct_avg,cpu_pct_max,ram_used_gb_min,ram_used_gb_avg,ram_used_gb_max,ram_total_gb,swap_used_gb_min,swap_used_gb_avg,swap_used_gb_max,swap_total_gb,disk_read_mb_s_min,disk_read_mb_s_avg,disk_read_mb_s_max,disk_write_mb_s_min,disk_write_mb_s_avg,disk_write_mb_s_max,vram_peak_alloc_gb,vram_peak_reserved_gb,nvsmi_vram_used_gb_min,nvsmi_vram_used_gb_avg,nvsmi_vram_used_gb_max,nvsmi_vram_total_gb,vram_other_processes_gb_min,vram_other_processes_gb_avg,vram_other_processes_gb_max,pcie_tx_kb_s_min,pcie_tx_kb_s_avg,pcie_tx_kb_s_max,pcie_rx_kb_s_min,pcie_rx_kb_s_avg,pcie_rx_kb_s_max,pcie_link_gen_current_min,pcie_link_gen_current_avg,pcie_link_gen_current_max,pcie_link_width_current_min,pcie_link_width_current_avg,pcie_link_width_current_max,pcie_link_gen_max,pcie_link_width_max,data_wait_s,compute_s
1,1,,,,,,,98,66,41,43,21.6,2565,10801,30,0,8.6,8.7;3.1;5.2;4.8;3.3;3.2;27.8;41.1;10.6;9.8;23.6;43.8;2.9;3.1;0.8;0.8;1.9;2.1;0.6;0.5;1.9;1.9;1.8;2.5,32.28,0.08,0.14,0.29,14.995,0.725,4931.0,22021.0,4,16,,,,,,,,,,,,,,,,,,,,,,,,,,,,,,,,,,,,,,,,,,,,,,,,,,,,,,,,,,,,,
1,2,,,,,,,96,95,52,34,216.2,2760,10801,30,0,21.0,12.9;3.1;18.6;9.9;6.3;5.8;95.3;97.1;46.3;44.0;80.2;76.8;1.0;0.5;0.5;0.3;1.6;0.0;0.0;0.3;0.8;0.8;0.3;1.0,32.28,0.08,0.03,0.07,14.999,0.726,6103.0,27539.0,4,16,,,,,,,,,,,,,,,,,,,,,,,,,,,,,,,,,,,,,,,,,,,,,,,,,,,,,,,,,,,,,
1,3,,,,,,,96,87,54,34,217.6,2760,10801,30,0,21.6,14.3;4.4;16.9;18.2;10.4;6.5;91.1;90.9;51.4;46.1;78.9;76.0;2.1;2.9;0.5;0.3;2.1;0.3;0.3;0.8;2.1;0.5;0.8;0.3,32.23,0.08,0.0,0.04,14.999,0.726,21972.0,20117.0,4,16,,,,,,,,,,,,,,,,,,,,,,,,,,,,,,,,,,,,,,,,,,,,,,,,,,,,,,,,,,,,,
1,4,,,,,,,98,80,53,31,220.1,2760,10801,30,0,22.9,16.5;3.9;17.8;13.6;9.4;7.8;91.7;96.3;53.1;48.6;75.5;86.0;4.4;4.2;1.3;2.4;1.3;2.9;2.1;1.3;2.1;2.6;2.4;2.9,32.22,0.08,0.03,0.13,15.008,0.735,24462.0,60498.0,4,16,,,,,,,,,,,,,,,,,,,,,,,,,,,,,,,,,,,,,,,,,,,,,,,,,,,,,,,,,,,,,
1,5,,,,,,,100,100,53,34,220.3,2760,10801,30,0,21.2,15.3;4.1;10.9;13.9;6.4;5.9;82.1;79.3;40.4;45.7;96.2;96.4;1.5;1.5;0.5;0.0;1.8;0.8;0.0;0.5;1.3;1.5;0.8;1.8,32.26,0.08,0.03,0.09,15.007,0.728,27929.0,17968.0,4,16,,,,,,,,,,,,,,,,,,,,,,,,,,,,,,,,,,,,,,,,,,,,,,,,,,,,,,,,,,,,,
1,6,,,,,,,98,78,54,30,220.3,2745,10801,30,0,20.8,16.9;2.6;17.1;11.4;6.0;3.9;78.0;78.4;37.9;49.9;95.8;96.1;0.8;1.6;0.0;0.0;0.3;0.5;0.0;0.0;0.8;0.5;0.8;0.5,32.26,0.08,0.06,0.13,15.007,0.728,4345.0,39208.0,4,16,,,,,,,,,,,,,,,,,,,,,,,,,,,,,,,,,,,,,,,,,,,,,,,,,,,,,,,,,,,,,
1,7,,,,,,,96,85,55,28,219.7,2745,10801,30,0,20.2,11.2;1.6;15.7;10.7;6.0;3.7;76.0;73.6;33.1;58.6;93.0;96.4;1.3;0.5;0.5;0.0;0.0;0.5;0.0;0.0;0.5;0.5;0.3;1.0,32.23,0.08,0.16,0.09,15.007,0.728,9765.0,40136.0,4,16,,,,,,,,,,,,,,,,,,,,,,,,,,,,,,,,,,,,,,,,,,,,,,,,,,,,,,,,,,,,,
1,8,,,,,,,98,78,56,28,221.5,2745,10801,30,0,7.6,10.2;0.8;0.8;1.3;1.0;1.0;40.4;33.2;6.0;6.0;27.6;51.7;0.5;0.0;0.5;0.0;0.3;0.5;0.0;0.0;0.0;0.3;0.0;0.0,32.17,0.08,0.03,0.08,15.016,0.737,22998.0,27783.0,4,16,,,,,,,,,,,,,,,,,,,,,,,,,,,,,,,,,,,,,,,,,,,,,,,,,,,,,,,,,,,,,
1,9,,,,,,,100,100,57,28,220.7,2745,10801,30,0,6.7,14.1;0.5;2.2;1.1;1.6;1.1;30.8;20.1;4.3;0.5;56.5;27.2;0.0;0.0;0.0;0.0;0.0;0.0;0.0;0.0;0.0;0.0;0.0;0.0,32.16,0.08,0.05,0.18,15.011,0.732,10351.0,130371.0,4,16,,,,,,,,,,,,,,,,,,,,,,,,,,,,,,,,,,,,,,,,,,,,,,,,,,,,,,,,,,,,,
1,summary,1.6811508792023062,0.4395260823230437,0.34558018565177917,0.9811111111111112,0.00037600,90.8,,,,,,,,,,,,,,,,,,,,,,96,97.78,100,66,85.44,100,41,52.78,57,28,32.22,43,21.6,197.56,221.5,2731.7,10801.0,30.0,0,6.7,16.73,22.9,32.16,32.23,32.28,63.16,0.08,0.08,0.08,16.0,0.0,0.06,0.16,0.04,0.12,0.29,10.952,14.279,14.995,15.01,15.016,15.992,0.725,0.73,0.737,4345.0,14761.78,27929.0,17968.0,42849.0,130371.0,4,4.0,4,16,16.0,16,4,16,80.1,9.71
2,1,,,,,,,27,24,47,34,57.1,1380,10801,30,0,62.4,75.7;76.6;87.7;86.9;80.0;82.1;85.5;95.9;83.4;86.2;89.0;92.4;58.9;51.0;26.9;23.1;54.5;56.6;27.9;22.6;35.2;44.8;38.6;37.9,32.34,0.08,0.04,29.51,15.016,0.737,60302.0,62939.0,4,16,,,,,,,,,,,,,,,,,,,,,,,,,,,,,,,,,,,,,,,,,,,,,,,,,,,,,,,,,,,,,
2,2,,,,,,,100,75,59,25,222.8,2745,10801,30,0,27.1,21.3;11.8;28.5;20.8;17.0;12.9;90.2;89.7;55.3;61.7;81.2;82.4;11.3;9.8;3.6;3.6;9.0;9.5;0.8;1.5;7.7;7.7;5.1;7.2,32.24,0.08,0.01,5.09,15.007,0.728,4541.0,38378.0,4,16,,,,,,,,,,,,,,,,,,,,,,,,,,,,,,,,,,,,,,,,,,,,,,,,,,,,,,,,,,,,,
2,3,,,,,,,100,76,60,27,223.7,2745,10801,30,0,20.3,12.1;1.0;18.3;9.9;6.5;2.3;83.3;90.1;38.9;50.4;84.4;82.3;1.3;1.8;0.0;0.3;0.3;1.0;0.0;0.3;0.8;1.3;0.3;0.3,32.2,0.08,0.06,3.14,15.007,0.728,7324.0,42919.0,4,16,,,,,,,,,,,,,,,,,,,,,,,,,,,,,,,,,,,,,,,,,,,,,,,,,,,,,,,,,,,,,
2,4,,,,,,,100,79,59,28,224.4,2745,10801,30,0,20.3,14.0;1.8;12.5;11.2;3.9;1.6;81.8;86.5;43.0;41.7;87.2;89.1;1.3;2.3;1.0;0.5;1.0;1.6;0.5;0.0;1.0;1.8;0.3;0.8,32.17,0.08,0.02,2.59,15.011,0.732,65722.0,254589.0,4,16,,,,,,,,,,,,,,,,,,,,,,,,,,,,,,,,,,,,,,,,,,,,,,,,,,,,,,,,,,,,,
2,5,,,,,,,100,90,59,26,224.2,2745,10801,30,0,20.6,16.5;2.9;14.8;11.0;5.8;4.5;70.5;78.8;39.2;52.4;94.2;97.7;0.8;1.0;0.0;0.3;0.5;0.8;0.3;0.0;1.8;0.5;0.5;0.8,32.14,0.08,0.05,2.64,15.007,0.728,4492.0,31787.0,4,16,,,,,,,,,,,,,,,,,,,,,,,,,,,,,,,,,,,,,,,,,,,,,,,,,,,,,,,,,,,,,
2,6,,,,,,,98,80,59,25,222.8,2745,10801,30,0,21.1,17.2;3.3;20.8;11.5;9.3;4.5;75.6;76.7;41.1;50.0;91.5;94.0;2.5;1.5;0.5;0.0;0.0;1.8;0.0;0.0;2.0;0.5;0.5;1.0,32.15,0.08,0.58,1.67,15.007,0.728,0.0,1416.0,4,16,,,,,,,,,,,,,,,,,,,,,,,,,,,,,,,,,,,,,,,,,,,,,,,,,,,,,,,,,,,,,
2,7,,,,,,,98,96,59,25,222.3,2745,10801,30,0,20.2,12.9;1.8;14.4;9.7;7.0;3.1;85.1;80.0;44.4;39.9;89.3;88.8;1.6;1.3;0.8;0.3;0.3;0.5;0.5;0.3;1.0;0.8;0.3;0.8,32.11,0.08,0.28,3.27,15.007,0.728,19824.0,9619.0,4,16,,,,,,,,,,,,,,,,,,,,,,,,,,,,,,,,,,,,,,,,,,,,,,,,,,,,,,,,,,,,,
2,8,,,,,,,98,95,61,25,222.9,2745,10801,30,0,8.0,13.9;0.8;3.9;4.7;1.0;1.6;44.4;39.6;8.9;6.0;26.1;37.1;0.8;0.5;0.3;0.0;0.3;0.5;0.0;0.0;0.5;0.0;0.0;0.3,32.04,0.08,0.01,3.75,15.011,0.732,2685.0,39892.0,4,16,,,,,,,,,,,,,,,,,,,,,,,,,,,,,,,,,,,,,,,,,,,,,,,,,,,,,,,,,,,,,
2,9,,,,,,,100,76,61,25,224.8,2745,10801,30,0,6.9,8.0;0.0;5.0;4.4;1.1;1.1;63.5;7.8;7.8;3.3;48.3;11.7;1.1;0.0;0.0;0.0;0.0;0.0;0.0;0.0;1.1;0.0;0.0;0.0,32.02,0.08,0.05,0.13,15.007,0.728,30615.0,13427.0,4,16,,,,,,,,,,,,,,,,,,,,,,,,,,,,,,,,,,,,,,,,,,,,,,,,,,,,,,,,,,,,,
2,summary,0.4475413964475997,0.9441486696967765,0.30323417353630067,0.9932222222222222,0.00075200,47.2,,,,,,,,,,,,,,,,,,,,,,27,91.22,100,24,76.78,96,47,58.22,61,25,26.67,34,57.1,205.0,224.8,2593.3,10801.0,30.0,0,6.9,22.99,62.4,32.02,32.16,32.34,63.16,0.08,0.08,0.08,16.0,0.01,0.12,0.58,0.13,5.75,29.51,10.955,14.279,15.007,15.01,15.016,15.992,0.728,0.73,0.737,0.0,21722.78,65722.0,1416.0,54996.22,254589.0,4,4.0,4,16,16.0,16,4,16,36.72,9.43
3,1,,,,,,,1,0,52,30,77.3,2760,10801,30,0,60.0,75.5;74.8;81.5;80.8;79.5;79.5;91.1;87.0;88.4;89.0;95.9;85.7;54.8;46.3;20.0;23.3;50.3;52.1;18.0;16.0;50.0;43.2;32.7;27.4,32.25,0.08,0.3,5.18,15.016,0.737,4296.0,18408.0,4,16,,,,,,,,,,,,,,,,,,,,,,,,,,,,,,,,,,,,,,,,,,,,,,,,,,,,,,,,,,,,,
3,2,,,,,,,100,74,63,21,224.2,2745,10801,30,0,27.3,24.6;11.8;27.2;26.7;15.6;15.4;88.7;89.7;53.7;53.3;79.0;89.3;10.0;9.7;2.6;3.3;9.2;9.7;2.1;3.6;8.5;8.2;6.4;6.6,32.17,0.08,0.16,6.15,15.009,0.728,9570.0,39013.0,4,16,,,,,,,,,,,,,,,,,,,,,,,,,,,,,,,,,,,,,,,,,,,,,,,,,,,,,,,,,,,,,
3,3,,,,,,,96,95,61,23,223.1,2745,10801,30,0,20.8,12.7;2.6;19.8;9.4;4.7;4.9;83.6;89.3;38.9;55.9;81.2;88.0;1.3;1.0;0.5;0.0;0.3;1.0;0.3;0.3;1.3;0.5;1.0;1.0,32.13,0.08,0.03,5.76,15.018,0.737,4589.0,17773.0,4,16,,,,,,,,,,,,,,,,,,,,,,,,,,,,,,,,,,,,,,,,,,,,,,,,,,,,,,,,,,,,,
3,4,,,,,,,96,90,61,24,223.2,2745,10801,30,0,20.1,10.3;0.8;13.4;11.0;5.0;2.6;86.1;84.6;27.5;51.8;91.7;91.7;0.8;1.0;0.3;0.3;0.8;0.5;0.0;0.0;0.8;0.8;0.0;1.6,32.12,0.08,0.09,3.89,15.009,0.728,5224.0,44970.0,4,16,,,,,,,,,,,,,,,,,,,,,,,,,,,,,,,,,,,,,,,,,,,,,,,,,,,,,,,,,,,,,
3,5,,,,,,,96,83,61,22,223.8,2745,10801,30,0,21.0,14.2;2.9;17.9;11.7;6.0;1.8;83.6;81.2;43.4;47.7;87.0;96.9;2.6;1.8;0.3;0.0;0.5;0.5;0.3;0.0;1.0;0.3;0.8;0.5,32.1,0.08,0.02,3.55,15.009,0.728,24365.0,45458.0,4,16,,,,,,,,,,,,,,,,,,,,,,,,,,,,,,,,,,,,,,,,,,,,,,,,,,,,,,,,,,,,,
3,6,,,,,,,96,94,61,24,214.3,2745,10801,30,0,20.6,13.6;2.6;16.7;11.0;4.9;4.1;78.4;85.6;43.4;56.4;81.1;81.7;2.3;1.5;1.0;0.3;0.8;1.5;0.5;0.8;2.6;0.8;1.3;2.8,32.09,0.08,0.03,2.86,15.009,0.728,7324.0,12841.0,4,16,,,,,,,,,,,,,,,,,,,,,,,,,,,,,,,,,,,,,,,,,,,,,,,,,,,,,,,,,,,,,
3,7,,,,,,,96,95,62,21,223.4,2745,10801,30,0,21.8,21.3;4.7;18.2;14.5;6.2;6.0;91.1;89.8;43.4;51.3;80.5;78.2;1.8;1.8;1.3;1.6;1.6;1.3;1.0;0.5;1.0;1.3;1.8;4.1,32.07,0.08,0.18,2.92,15.018,0.737,18115.0,11474.0,4,16,,,,,,,,,,,,,,,,,,,,,,,,,,,,,,,,,,,,,,,,,,,,,,,,,,,,,,,,,,,,,
3,8,,,,,,,96,95,63,21,224.0,2745,10801,31,0,8.4,12.6;2.9;6.8;5.5;2.4;1.8;21.4;34.2;6.5;5.5;34.6;58.9;0.5;0.5;0.0;0.3;0.8;0.8;0.3;0.3;1.6;0.5;0.8;2.8,32.05,0.08,0.36,2.52,15.009,0.728,16064.0,30664.0,4,16,,,,,,,,,,,,,,,,,,,,,,,,,,,,,,,,,,,,,,,,,,,,,,,,,,,,,,,,,,,,,
3,9,,,,,,,100,75,63,21,227.2,2745,10801,31,0,7.1,11.4;0.0;3.3;2.7;1.1;1.6;46.2;37.9;4.4;2.2;11.5;43.4;1.1;0.5;0.0;0.5;0.0;0.0;0.0;0.0;0.0;0.0;1.1;0.0,32.05,0.08,0.03,1.47,15.009,0.728,8349.0,45800.0,4,16,,,,,,,,,,,,,,,,,,,,,,,,,,,,,,,,,,,,,,,,,,,,,,,,,,,,,,,,,,,,,
3,summary,0.37519741253770666,0.9682384981828449,0.3000627649890052,0.9937777777777778,0.00099999,47.0,,,,,,,,,,,,,,,,,,,,,,1,86.33,100,0,77.89,95,52,60.78,63,21,23.0,30,77.3,206.72,227.2,2746.7,10801.0,30.2,0,7.1,23.01,60.0,32.05,32.11,32.25,63.16,0.08,0.08,0.08,16.0,0.02,0.13,0.36,1.47,3.81,6.15,10.955,14.281,15.009,15.01,15.018,15.992,0.728,0.73,0.737,4296.0,10877.33,24365.0,11474.0,29600.11,45800.0,4,4.0,4,16,16.0,16,4,16,36.71,9.31
4,1,,,,,,,0,0,54,30,54.9,1455,10801,31,0,60.8,70.5;75.0;87.1;88.5;78.9;78.2;98.6;90.5;83.0;84.5;90.5;89.8;57.4;54.1;20.9;23.0;50.3;56.8;15.5;14.9;44.6;48.6;32.2;27.0,32.24,0.08,0.02,5.52,15.018,0.737,22753.0,12011.0,4,16,,,,,,,,,,,,,,,,,,,,,,,,,,,,,,,,,,,,,,,,,,,,,,,,,,,,,,,,,,,,,
4,2,,,,,,,100,75,63,22,226.8,2745,10801,31,0,28.8,22.4;13.0;24.6;26.1;16.8;16.6;88.1;86.8;52.6;63.7;88.6;87.8;11.9;14.0;6.5;4.1;11.4;9.6;3.6;4.9;9.8;10.1;8.3;10.7,32.17,0.08,0.02,5.92,15.009,0.728,5273.0,19384.0,4,16,,,,,,,,,,,,,,,,,,,,,,,,,,,,,,,,,,,,,,,,,,,,,,,,,,,,,,,,,,,,,
4,3,,,,,,,96,95,65,18,224.6,2745,10801,31,0,19.7,14.5;1.5;15.3;9.3;4.4;5.1;69.4;82.8;34.6;57.1;81.7;92.3;0.5;1.0;0.0;0.3;0.5;0.0;0.3;0.3;0.3;0.5;0.3;1.0,32.15,0.08,0.08,4.63,15.018,0.737,29589.0,11523.0,4,16,,,,,,,,,,,,,,,,,,,,,,,,,,,,,,,,,,,,,,,,,,,,,,,,,,,,,,,,,,,,,
4,4,,,,,,,96,89,65,21,225.2,2745,10801,31,0,20.7,15.1;2.9;11.7;13.8;4.4;5.5;85.7;81.2;51.7;44.6;89.6;80.7;1.0;1.6;0.3;0.0;1.3;1.0;0.5;0.3;0.8;1.6;0.0;0.8,32.11,0.08,0.06,4.78,15.009,0.728,4443.0,44091.0,4,16,,,,,,,,,,,,,,,,,,,,,,,,,,,,,,,,,,,,,,,,,,,,,,,,,,,,,,,,,,,,,
4,5,,,,,,,96,80,65,21,226.4,2745,10801,31,0,20.5,10.7;2.9;14.8;17.6;4.7;5.7;82.3;86.7;48.1;49.5;82.6;79.2;1.3;1.6;0.3;0.5;0.0;0.3;0.0;0.0;0.8;1.0;0.5;0.0,32.09,0.08,0.04,2.92,15.009,0.728,26025.0,37597.0,4,16,,,,,,,,,,,,,,,,,,,,,,,,,,,,,,,,,,,,,,,,,,,,,,,,,,,,,,,,,,,,,
4,6,,,,,,,96,83,66,20,226.0,2745,10801,32,0,20.7,16.3;2.6;8.3;16.1;3.6;5.7;84.3;83.3;40.5;51.4;89.0;88.5;1.0;0.8;1.0;0.5;0.3;1.0;0.5;0.3;0.3;0.0;0.0;0.0,32.06,0.08,0.01,2.87,15.009,0.728,29833.0,17236.0,4,16,,,,,,,,,,,,,,,,,,,,,,,,,,,,,,,,,,,,,,,,,,,,,,,,,,,,,,,,,,,,,
4,7,,,,,,,98,98,64,20,227.2,2745,10801,32,0,21.3,13.8;2.6;15.6;17.2;4.6;6.9;90.7;95.6;45.2;46.5;79.4;85.1;0.8;2.1;0.5;0.5;0.0;0.3;0.3;0.0;0.5;0.0;0.3;2.3,32.1,0.08,0.64,2.44,15.018,0.737,17919.0,12548.0,4,16,,,,,,,,,,,,,,,,,,,,,,,,,,,,,,,,,,,,,,,,,,,,,,,,,,,,,,,,,,,,,
4,8,,,,,,,96,95,66,20,225.9,2745,10801,32,0,10.5,16.5;2.3;5.8;9.6;4.0;5.1;48.2;28.0;13.4;14.4;49.1;43.9;1.3;1.0;1.0;0.5;0.8;1.0;0.5;0.5;0.8;0.3;0.8;2.7,32.08,0.08,0.43,2.29,15.009,0.728,6103.0,21826.0,4,16,,,,,,,,,,,,,,,,,,,,,,,,,,,,,,,,,,,,,,,,,,,,,,,,,,,,,,,,,,,,,
4,9,,,,,,,100,77,64,20,229.0,2745,10801,32,0,11.2,20.5;4.4;6.5;7.0;3.8;4.9;26.3;36.0;8.1;14.1;54.8;46.2;3.3;2.2;0.5;1.6;2.2;0.5;0.6;1.1;3.3;1.6;6.0;9.5,32.08,0.08,0.04,1.5,15.009,0.728,11181.0,53076.0,4,16,,,,,,,,,,,,,,,,,,,,,,,,,,,,,,,,,,,,,,,,,,,,,,,,,,,,,,,,,,,,,
4,summary,0.3563065224681643,0.9746099264940293,0.29511855628755357,0.9956666666666667,0.00099989,47.3,,,,,,,,,,,,,,,,,,,,,,0,86.44,100,0,76.89,98,54,63.56,66,18,21.33,30,54.9,207.33,229.0,2601.7,10801.0,31.4,0,10.5,23.8,60.8,32.06,32.12,32.24,63.16,0.08,0.08,0.08,16.0,0.01,0.15,0.64,1.5,3.65,5.92,10.951,14.281,15.009,15.01,15.018,15.992,0.728,0.73,0.737,4443.0,17013.22,29833.0,11523.0,25476.89,53076.0,4,4.0,4,16,16.0,16,4,16,37.05,9.24
5,1,,,,,,,0,0,58,29,57.9,1380,10801,32,0,61.5,74.7;74.5;86.2;85.4;79.9;77.8;97.2;88.2;80.6;81.9;88.9;93.1;62.8;57.9;22.8;22.4;53.1;59.6;20.5;18.5;46.2;45.5;29.0;31.7,32.27,0.08,0.04,4.64,15.018,0.737,4687.0,32910.0,4,16,,,,,,,,,,,,,,,,,,,,,,,,,,,,,,,,,,,,,,,,,,,,,,,,,,,,,,,,,,,,,
5,2,,,,,,,100,84,63,17,228.4,2730,10801,33,0,28.1,24.5;12.2;23.4;25.2;17.6;16.6;85.5;85.8;52.0;57.9;89.6;92.1;12.5;12.5;4.8;4.3;8.4;8.7;2.6;2.6;8.4;10.5;8.4;6.9,32.21,0.08,0.04,6.99,15.018,0.737,4345.0,34472.0,4,16,,,,,,,,,,,,,,,,,,,,,,,,,,,,,,,,,,,,,,,,,,,,,,,,,,,,,,,,,,,,,
5,3,,,,,,,100,100,64,20,216.1,2745,10801,33,0,20.4,18.8;1.3;14.3;12.5;3.8;2.6;79.3;88.5;35.3;52.4;82.7;87.5;1.8;1.5;0.5;0.5;0.8;0.5;0.0;0.8;1.0;0.5;1.0;1.8,32.16,0.08,0.03,4.3,15.009,0.728,15087.0,39257.0,4,16,,,,,,,,,,,,,,,,,,,,,,,,,,,,,,,,,,,,,,,,,,,,,,,,,,,,,,,,,,,,,
5,4,,,,,,,100,100,65,20,227.4,2745,10801,33,0,21.2,18.0;2.9;19.3;11.5;4.9;4.7;81.2;84.1;37.0;50.9;87.5;91.4;2.9;1.8;0.0;1.0;0.3;1.3;0.3;0.5;1.8;2.1;1.0;2.1,32.15,0.08,0.08,4.65,15.009,0.728,7128.0,19384.0,4,16,,,,,,,,,,,,,,,,,,,,,,,,,,,,,,,,,,,,,,,,,,,,,,,,,,,,,,,,,,,,,
5,5,,,,,,,98,97,65,19,226.8,2745,10801,33,0,19.9,13.3;1.6;14.6;11.5;3.4;4.2;79.9;89.8;36.4;44.6;88.0;83.5;1.0;0.8;0.3;0.5;0.5;0.3;0.0;0.0;0.3;0.5;0.5;2.1,32.14,0.08,0.02,2.74,15.009,0.728,4589.0,26806.0,4,16,,,,,,,,,,,,,,,,,,,,,,,,,,,,,,,,,,,,,,,,,,,,,,,,,,,,,,,,,,,,,
5,6,,,,,,,96,93,64,17,226.3,2745,10801,33,0,20.0,13.8;3.9;14.0;14.0;2.9;4.7;68.6;82.3;43.2;54.1;84.9;89.9;0.0;1.0;0.3;0.0;0.3;0.3;0.0;0.0;0.0;0.3;0.0;0.8,32.13,0.08,0.05,2.31,15.018,0.737,15576.0,22509.0,4,16,,,,,,,,,,,,,,,,,,,,,,,,,,,,,,,,,,,,,,,,,,,,,,,,,,,,,,,,,,,,,
5,7,,,,,,,100,76,64,19,217.2,2745,10801,33,0,20.8,17.8;3.1;12.6;16.7;5.9;4.9;79.2;90.5;33.1;48.2;79.9;92.0;1.8;3.3;0.5;0.8;1.0;1.0;0.3;0.8;1.3;1.0;1.0;1.8,32.11,0.08,0.15,2.71,15.009,0.728,22167.0,35351.0,4,16,,,,,,,,,,,,,,,,,,,,,,,,,,,,,,,,,,,,,,,,,,,,,,,,,,,,,,,,,,,,,
5,8,,,,,,,100,79,64,18,227.6,2745,10801,33,0,7.9,13.8;1.3;1.3;5.0;1.6;0.5;36.4;36.4;2.4;9.4;39.6;36.4;1.0;0.3;0.0;0.0;0.3;0.3;0.0;0.0;0.3;0.0;0.3;2.3,32.09,0.08,0.01,1.39,15.009,0.728,5224.0,38916.0,4,16,,,,,,,,,,,,,,,,,,,,,,,,,,,,,,,,,,,,,,,,,,,,,,,,,,,,,,,,,,,,,
5,9,,,,,,,96,95,67,18,227.1,2745,10801,33,0,7.4,16.3;2.2;1.1;3.8;1.6;1.6;24.6;25.5;1.1;9.8;14.2;66.1;2.2;1.1;0.5;0.0;1.1;0.5;0.0;0.0;1.6;1.1;0.5;0.0,32.08,0.08,0.03,1.47,15.009,0.728,5371.0,45214.0,4,16,,,,,,,,,,,,,,,,,,,,,,,,,,,,,,,,,,,,,,,,,,,,,,,,,,,,,,,,,,,,,
5,summary,0.34472293015590993,0.9785470957399328,0.2954534549448225,0.9965555555555555,0.00099965,47.2,,,,,,,,,,,,,,,,,,,,,,0,87.78,100,0,80.44,100,58,63.78,67,17,19.67,29,57.9,206.09,228.4,2591.7,10801.0,32.9,0,7.4,23.02,61.5,32.08,32.15,32.27,63.16,0.08,0.08,0.08,16.0,0.01,0.05,0.15,1.39,3.47,6.99,10.952,14.281,15.009,15.01,15.018,15.992,0.728,0.73,0.737,4345.0,9352.67,22167.0,19384.0,32757.67,45214.0,4,4.0,4,16,16.0,16,4,16,36.82,9.33
6,1,,,,,,,0,0,57,26,80.1,2745,10801,34,0,62.2,74.0;67.6;83.8;83.1;77.5;76.1;87.4;93.0;83.1;83.8;95.1;92.3;53.5;64.8;21.1;21.2;56.3;57.0;19.0;20.5;45.5;50.0;43.7;45.8,32.25,0.08,0.13,4.96,15.018,0.737,7568.0,12792.0,4,16,,,,,,,,,,,,,,,,,,,,,,,,,,,,,,,,,,,,,,,,,,,,,,,,,,,,,,,,,,,,,
6,2,,,,,,,100,78,65,18,228.3,2745,10801,34,0,28.2,22.1;11.9;24.5;25.3;14.8;18.0;91.9;91.2;50.8;47.8;91.9;88.3;11.9;12.7;5.2;5.2;9.1;10.7;4.4;6.3;8.8;9.4;6.0;9.1,32.17,0.08,0.01,4.89,15.018,0.737,7568.0,11328.0,4,16,,,,,,,,,,,,,,,,,,,,,,,,,,,,,,,,,,,,,,,,,,,,,,,,,,,,,,,,,,,,,
6,3,,,,,,,100,78,67,18,228.6,2745,10801,34,0,20.2,11.4;1.8;8.3;14.6;2.9;3.4;83.5;88.5;38.5;44.0;91.9;93.2;1.0;0.0;0.3;0.0;0.3;0.3;0.0;0.3;1.0;0.0;0.3;0.5,32.13,0.08,0.06,4.99,15.009,0.728,4638.0,28417.0,4,16,,,,,,,,,,,,,,,,,,,,,,,,,,,,,,,,,,,,,,,,,,,,,,,,,,,,,,,,,,,,,
6,4,,,,,,,96,95,68,17,226.2,2745,10801,34,0,20.7,15.1;2.1;11.7;17.0;2.8;5.4;85.9;85.6;34.1;43.9;90.0;93.8;0.5;0.8;0.3;0.5;0.0;0.8;1.3;0.5;2.3;0.5;0.3;1.8,32.11,0.08,0.05,3.22,15.009,0.728,11425.0,12207.0,4,16,,,,,,,,,,,,,,,,,,,,,,,,,,,,,,,,,,,,,,,,,,,,,,,,,,,,,,,,,,,,,
6,5,,,,,,,96,95,68,17,226.5,2745,10801,34,0,21.0,13.9;3.9;12.7;9.3;4.1;5.9;83.7;79.8;36.2;57.6;85.0;96.9;1.0;1.0;1.0;0.5;0.8;1.0;0.5;0.8;5.1;1.5;1.0;1.3,32.09,0.08,0.25,3.61,15.009,0.728,4150.0,35009.0,4,16,,,,,,,,,,,,,,,,,,,,,,,,,,,,,,,,,,,,,,,,,,,,,,,,,,,,,,,,,,,,,
6,6,,,,,,,96,95,68,19,226.9,2745,10801,34,0,20.5,12.8;1.6;10.9;11.2;4.9;4.7;90.4;91.4;38.2;51.6;87.8;77.9;1.3;1.3;0.8;0.0;0.5;0.3;0.0;0.0;1.6;0.8;0.8;0.0,32.09,0.08,0.05,2.15,15.018,0.737,4931.0,18066.0,4,16,,,,,,,,,,,,,,,,,,,,,,,,,,,,,,,,,,,,,,,,,,,,,,,,,,,,,,,,,,,,,
6,7,,,,,,,96,95,68,18,227.6,2745,10801,34,0,19.8,12.7;1.0;9.0;10.3;3.9;3.6;85.5;80.7;36.7;57.1;88.6;84.1;0.3;1.3;0.0;0.0;0.0;0.5;0.0;0.0;0.0;0.3;0.0;0.0,32.09,0.08,0.03,1.95,15.009,0.728,4541.0,163818.0,4,16,,,,,,,,,,,,,,,,,,,,,,,,,,,,,,,,,,,,,,,,,,,,,,,,,,,,,,,,,,,,,
6,8,,,,,,,100,78,65,18,230.9,2745,10801,34,0,8.1,13.2;1.3;1.3;3.1;2.3;1.8;29.3;33.2;5.9;8.8;57.3;28.8;1.6;0.3;0.5;0.5;1.0;1.0;0.3;0.0;0.8;0.8;0.3;1.0,32.08,0.08,0.05,1.41,15.009,0.728,8642.0,25634.0,4,16,,,,,,,,,,,,,,,,,,,,,,,,,,,,,,,,,,,,,,,,,,,,,,,,,,,,,,,,,,,,,
6,9,,,,,,,96,95,68,18,227.5,2745,10801,34,0,7.2,13.3;1.1;2.7;2.7;2.2;0.0;14.7;53.8;2.7;4.3;14.1;55.9;0.0;1.1;0.0;0.0;0.0;1.1;0.0;0.0;0.0;0.0;0.5;1.6,32.07,0.08,0.02,1.48,15.009,0.728,24267.0,13769.0,4,16,,,,,,,,,,,,,,,,,,,,,,,,,,,,,,,,,,,,,,,,,,,,,,,,,,,,,,,,,,,,,
6,summary,0.33696755333815087,0.981095211637079,0.2936734441121419,0.997,0.00099929,47.1,,,,,,,,,,,,,,,,,,,,,,0,86.67,100,0,78.78,95,57,66.0,68,17,18.78,26,80.1,211.4,230.9,2745.0,10801.0,34.0,0,7.2,23.1,62.2,32.07,32.12,32.25,63.16,0.08,0.08,0.08,16.0,0.01,0.07,0.25,1.41,3.18,4.99,10.953,14.281,15.009,15.01,15.018,15.992,0.728,0.73,0.737,4150.0,8636.67,24267.0,11328.0,35671.11,163818.0,4,4.0,4,16,16.0,16,4,16,36.69,9.39
7,1,,,,,,,0,0,57,27,60.2,1440,10801,34,0,61.8,76.5;75.5;84.2;84.9;80.8;81.5;91.1;89.7;82.9;85.6;88.4;91.8;59.3;62.3;19.3;23.3;51.0;58.2;21.2;22.6;39.2;41.1;34.0;38.6,32.27,0.08,0.0,12.94,15.018,0.737,6835.0,10986.0,4,16,,,,,,,,,,,,,,,,,,,,,,,,,,,,,,,,,,,,,,,,,,,,,,,,,,,,,,,,,,,,,
7,2,,,,,,,100,77,67,16,229.8,2730,10801,34,0,27.4,20.4;11.6;24.4;23.0;15.5;15.3;81.3;87.6;53.0;61.7;94.3;85.2;9.3;10.6;4.4;5.2;10.1;9.1;2.3;2.9;7.5;7.5;6.8;9.3,32.18,0.08,0.01,5.83,15.009,0.728,27685.0,10156.0,4,16,,,,,,,,,,,,,,,,,,,,,,,,,,,,,,,,,,,,,,,,,,,,,,,,,,,,,,,,,,,,,
7,3,,,,,,,100,77,67,17,229.3,2730,10801,34,0,20.2,11.2;2.3;8.0;12.5;2.9;4.4;75.6;76.6;48.7;50.4;93.2;91.7;1.6;1.0;0.0;0.8;0.5;0.8;0.0;0.0;1.3;0.5;0.5;0.5,32.15,0.08,0.13,6.03,15.009,0.728,26855.0,9472.0,4,16,,,,,,,,,,,,,,,,,,,,,,,,,,,,,,,,,,,,,,,,,,,,,,,,,,,,,,,,,,,,,
7,4,,,,,,,96,95,65,15,217.9,2730,10801,34,0,22.1,19.5;5.6;12.0;17.8;8.1;7.2;71.2;84.9;39.0;54.7;93.3;92.8;3.1;4.1;0.8;0.5;1.0;1.8;0.8;0.8;3.6;2.8;1.5;2.8,32.13,0.08,0.01,3.67,15.009,0.728,5664.0,137109.0,4,16,,,,,,,,,,,,,,,,,,,,,,,,,,,,,,,,,,,,,,,,,,,,,,,,,,,,,,,,,,,,,
7,5,,,,,,,96,95,65,17,227.2,2730,10801,34,0,20.2,13.8;2.3;8.9;15.9;2.9;5.5;79.0;72.1;47.0;53.4;85.8;90.9;1.8;0.5;0.3;0.0;1.0;0.3;0.0;0.0;0.8;1.0;0.5;1.6,32.12,0.08,0.07,2.92,15.009,0.728,4931.0,48876.0,4,16,,,,,,,,,,,,,,,,,,,,,,,,,,,,,,,,,,,,,,,,,,,,,,,,,,,,,,,,,,,,,
7,6,,,,,,,96,95,65,18,226.3,2730,10801,34,0,20.9,15.5;2.6;12.5;14.5;3.1;4.9;76.4;82.7;44.1;61.0;86.5;88.7;0.8;1.8;0.3;0.8;0.5;0.5;0.3;0.0;1.3;1.3;0.3;0.5,32.11,0.08,0.03,2.94,15.013,0.732,52001.0,182421.0,4,16,,,,,,,,,,,,,,,,,,,,,,,,,,,,,,,,,,,,,,,,,,,,,,,,,,,,,,,,,,,,,
7,7,,,,,,,97,94,66,17,226.9,2730,10801,35,0,20.9,17.6;2.9;10.9;14.4;3.6;4.4;91.4;93.0;52.9;42.4;88.5;71.9;1.3;1.8;0.3;0.3;0.8;1.0;0.5;0.3;0.8;1.0;0.3;0.5,32.09,0.08,0.01,2.05,15.009,0.728,22460.0,123583.0,4,16,,,,,,,,,,,,,,,,,,,,,,,,,,,,,,,,,,,,,,,,,,,,,,,,,,,,,,,,,,,,,
7,8,,,,,,,100,87,67,18,218.9,2730,10801,34,0,8.4,16.8;2.3;3.9;5.4;2.8;1.8;32.0;34.5;7.7;5.7;54.5;26.4;0.5;1.5;0.5;0.5;0.5;0.8;0.3;0.3;0.5;1.0;0.5;0.0,32.05,0.08,0.04,1.76,15.009,0.728,65185.0,27294.0,4,16,,,,,,,,,,,,,,,,,,,,,,,,,,,,,,,,,,,,,,,,,,,,,,,,,,,,,,,,,,,,,
7,9,,,,,,,96,91,66,18,228.4,2730,10801,35,0,7.1,12.8;0.0;1.1;1.6;0.5;0.5;10.9;35.5;6.0;5.5;35.0;56.0;0.0;1.1;0.0;0.0;0.0;0.0;0.0;0.0;1.1;0.0;0.0;2.2,32.06,0.08,0.01,1.42,15.009,0.728,23779.0,12255.0,4,16,,,,,,,,,,,,,,,,,,,,,,,,,,,,,,,,,,,,,,,,,,,,,,,,,,,,,,,,,,,,,
7,summary,0.3326935839170149,0.9825275305819451,0.29494477632310656,0.9962222222222222,0.00099881,47.1,,,,,,,,,,,,,,,,,,,,,,0,86.78,100,0,79.0,95,57,65.0,67,15,18.11,27,60.2,207.21,229.8,2586.7,10801.0,34.2,0,7.1,23.22,61.8,32.05,32.13,32.27,63.16,0.08,0.08,0.08,16.0,0.0,0.03,0.13,1.42,4.4,12.94,10.953,14.281,15.009,15.01,15.018,15.992,0.728,0.73,0.737,4931.0,26155.0,65185.0,9472.0,62461.33,182421.0,4,4.0,4,16,16.0,16,4,16,36.77,9.34
8,1,,,,,,,0,0,58,25,81.0,2745,10801,35,0,62.2,78.1;80.0;89.6;88.9;82.6;86.9;86.8;94.4;85.4;81.2;89.6;97.2;59.3;61.6;24.1;28.3;46.9;49.0;18.6;17.2;41.4;42.8;30.3;32.6,32.23,0.08,0.03,2.89,15.018,0.737,25781.0,12500.0,4,16,,,,,,,,,,,,,,,,,,,,,,,,,,,,,,,,,,,,,,,,,,,,,,,,,,,,,,,,,,,,,
8,2,,,,,,,96,79,66,18,227.9,2730,10801,35,0,27.9,25.1;12.9;24.9;26.6;16.3;16.6;78.5;84.0;61.8;54.8;92.8;93.5;11.1;10.4;2.1;4.7;9.6;9.1;2.3;1.6;9.6;9.3;4.7;7.5,32.15,0.08,0.0,5.98,15.009,0.728,8300.0,104882.0,4,16,,,,,,,,,,,,,,,,,,,,,,,,,,,,,,,,,,,,,,,,,,,,,,,,,,,,,,,,,,,,,
8,3,,,,,,,96,85,65,18,228.6,2730,10801,35,0,21.3,17.8;2.1;15.7;11.4;9.1;7.3;88.0;63.8;33.2;53.9;95.1;99.5;1.6;3.1;0.8;0.3;1.6;0.8;0.5;0.8;2.3;1.0;0.8;1.6,32.12,0.08,0.03,3.92,15.009,0.728,16406.0,12158.0,4,16,,,,,,,,,,,,,,,,,,,,,,,,,,,,,,,,,,,,,,,,,,,,,,,,,,,,,,,,,,,,,
8,4,,,,,,,96,78,66,18,228.8,2730,10801,35,0,20.8,15.8;1.8;13.0;10.6;6.0;3.9;79.7;77.4;48.1;49.1;91.7;92.5;1.6;1.6;0.3;0.5;0.8;0.5;0.5;0.0;1.3;0.5;0.0;1.3,32.1,0.08,0.02,3.85,15.009,0.728,18066.0,11718.0,4,16,,,,,,,,,,,,,,,,,,,,,,,,,,,,,,,,,,,,,,,,,,,,,,,,,,,,,,,,,,,,,
8,5,,,,,,,96,93,67,17,228.1,2730,10801,35,0,20.6,13.9;2.3;17.7;12.1;5.6;4.1;92.1;87.2;39.2;48.2;82.1;80.5;2.6;0.3;0.3;0.3;0.0;0.5;0.5;0.0;0.8;0.8;2.8;2.6,32.1,0.08,0.04,2.38,15.018,0.737,14794.0,10009.0,4,16,,,,,,,,,,,,,,,,,,,,,,,,,,,,,,,,,,,,,,,,,,,,,,,,,,,,,,,,,,,,,
8,6,,,,,,,95,92,66,18,227.8,2730,10801,35,0,20.4,13.6;1.0;21.1;7.6;3.4;3.1;90.9;94.3;49.6;47.3;81.8;70.3;1.0;2.1;0.0;0.0;0.0;0.5;0.3;0.3;0.3;0.5;0.3;0.0,32.06,0.08,0.01,2.61,15.009,0.728,4589.0,17578.0,4,16,,,,,,,,,,,,,,,,,,,,,,,,,,,,,,,,,,,,,,,,,,,,,,,,,,,,,,,,,,,,,
8,7,,,,,,,96,92,67,17,227.6,2730,10801,35,0,20.7,14.7;2.3;14.4;11.2;8.3;2.1;93.2;96.4;51.8;37.9;84.2;70.8;2.3;1.6;0.3;0.5;0.8;0.5;0.5;0.0;1.0;1.8;0.5;0.3,32.06,0.08,0.02,1.37,15.009,0.728,4785.0,27783.0,4,16,,,,,,,,,,,,,,,,,,,,,,,,,,,,,,,,,,,,,,,,,,,,,,,,,,,,,,,,,,,,,
8,8,,,,,,,97,94,66,17,227.9,2730,10801,35,0,8.1,14.5;0.8;4.9;3.4;1.8;1.8;31.6;38.1;6.0;7.0;38.8;42.6;0.3;0.5;0.0;0.0;0.5;0.0;0.0;0.0;0.3;0.0;0.3;0.3,32.03,0.08,0.04,1.47,15.009,0.728,26562.0,18945.0,4,16,,,,,,,,,,,,,,,,,,,,,,,,,,,,,,,,,,,,,,,,,,,,,,,,,,,,,,,,,,,,,
8,9,,,,,,,96,95,65,18,219.0,2730,10801,35,0,6.7,11.1;0.0;3.2;2.1;1.1;1.6;27.5;25.9;5.8;2.6;22.3;52.9;0.5;0.0;0.0;1.1;1.1;0.0;0.0;0.0;1.6;0.5;0.0;0.0,32.02,0.08,0.02,1.44,15.009,0.728,31054.0,12841.0,4,16,,,,,,,,,,,,,,,,,,,,,,,,,,,,,,,,,,,,,,,,,,,,,,,,,,,,,,,,,,,,,
8,summary,0.32980224270205044,0.9835249164290855,0.29234424233436584,0.9971111111111111,0.00099819,47.1,,,,,,,,,,,,,,,,,,,,,,0,85.33,97,0,78.67,95,58,65.11,67,17,18.44,25,81.0,210.74,228.8,2731.7,10801.0,35.0,0,6.7,23.19,62.2,32.02,32.1,32.23,63.16,0.08,0.08,0.08,16.0,0.0,0.02,0.04,1.37,2.88,5.98,10.953,14.281,15.009,15.01,15.018,15.992,0.728,0.73,0.737,4589.0,16704.11,31054.0,10009.0,25379.33,104882.0,4,4.0,4,16,16.0,16,4,16,36.88,9.21
9,1,,,,,,,1,0,59,24,70.5,1380,10801,35,0,62.4,72.1;76.2;87.4;87.4;83.9;83.9;90.3;95.1;86.0;86.0;91.7;95.1;59.4;65.3;20.8;25.3;51.4;54.2;13.9;14.2;35.7;49.3;36.6;39.2,32.23,0.08,0.0,12.99,15.018,0.737,6982.0,18554.0,4,16,,,,,,,,,,,,,,,,,,,,,,,,,,,,,,,,,,,,,,,,,,,,,,,,,,,,,,,,,,,,,
9,2,,,,,,,96,94,65,17,227.2,2730,10801,35,0,27.5,21.1;10.8;25.4;26.2;15.1;14.6;87.8;84.1;48.2;54.9;96.4;96.9;9.5;10.0;3.1;3.3;9.5;9.7;1.0;0.8;8.7;9.2;5.6;9.0,32.14,0.08,0.0,7.12,15.009,0.728,10400.0,25439.0,4,16,,,,,,,,,,,,,,,,,,,,,,,,,,,,,,,,,,,,,,,,,,,,,,,,,,,,,,,,,,,,,
9,3,,,,,,,98,98,66,18,228.9,2730,10801,35,0,21.7,16.6;3.6;14.4;9.7;7.6;6.3;83.0;80.7;34.8;60.7;94.0;96.6;2.3;1.0;0.0;0.5;0.8;1.6;1.0;0.3;2.3;1.0;1.0;1.3,32.12,0.08,0.01,4.39,15.009,0.728,4638.0,36962.0,4,16,,,,,,,,,,,,,,,,,,,,,,,,,,,,,,,,,,,,,,,,,,,,,,,,,,,,,,,,,,,,,
9,4,,,,,,,97,94,66,19,227.3,2730,10801,35,0,20.3,12.3;2.6;13.4;16.8;5.5;4.7;85.1;87.9;47.2;37.7;80.8;83.7;1.3;1.0;0.0;0.0;1.3;1.3;0.3;0.3;0.5;1.3;0.5;1.0,32.1,0.08,0.04,3.77,15.009,0.728,23291.0,12646.0,4,16,,,,,,,,,,,,,,,,,,,,,,,,,,,,,,,,,,,,,,,,,,,,,,,,,,,,,,,,,,,,,
9,5,,,,,,,100,76,66,18,218.5,2730,10801,35,0,20.4,11.2;1.8;14.5;14.6;6.1;4.3;93.9;95.2;51.8;42.1;64.3;79.3;0.5;1.0;1.3;0.3;0.5;0.5;0.0;0.0;3.0;1.0;1.3;1.0,32.08,0.08,0.03,3.52,15.018,0.737,23388.0,12207.0,4,16,,,,,,,,,,,,,,,,,,,,,,,,,,,,,,,,,,,,,,,,,,,,,,,,,,,,,,,,,,,,,
9,6,,,,,,,100,75,66,19,230.3,2730,10801,35,0,21.0,15.9;3.4;12.5;14.2;4.2;3.6;93.3;91.5;43.8;41.3;86.2;88.1;1.6;0.3;0.3;0.0;0.5;0.0;0.8;0.5;2.1;0.5;0.3;0.5,32.08,0.08,0.03,2.26,15.009,0.728,16259.0,34960.0,4,16,,,,,,,,,,,,,,,,,,,,,,,,,,,,,,,,,,,,,,,,,,,,,,,,,,,,,,,,,,,,,
9,7,,,,,,,100,75,67,17,230.7,2730,10801,35,0,21.6,14.5;3.1;20.8;9.9;6.0;4.9;88.0;85.9;41.0;40.9;93.7;93.2;2.6;1.8;0.8;1.0;0.8;1.6;0.3;1.0;3.1;1.0;1.6;0.5,32.04,0.08,0.02,2.38,15.009,0.728,28222.0,12744.0,4,16,,,,,,,,,,,,,,,,,,,,,,,,,,,,,,,,,,,,,,,,,,,,,,,,,,,,,,,,,,,,,
9,8,,,,,,,100,75,66,16,231.0,2730,10801,36,0,8.8,16.9;2.4;3.9;4.2;2.6;2.1;29.1;53.9;11.0;10.2;27.8;38.0;0.8;0.5;0.5;0.0;0.3;0.3;0.3;0.3;3.4;1.0;0.0;0.3,32.04,0.08,0.02,1.43,15.009,0.728,8349.0,30810.0,4,16,,,,,,,,,,,,,,,,,,,,,,,,,,,,,,,,,,,,,,,,,,,,,,,,,,,,,,,,,,,,,
9,9,,,,,,,97,96,70,17,227.6,2730,10801,35,0,8.1,19.1;1.6;2.7;3.2;1.1;1.6;34.4;24.2;8.5;4.8;48.9;32.8;1.1;0.5;0.0;0.0;1.1;0.0;0.5;0.0;4.8;2.7;0.0;0.5,32.04,0.08,0.04,1.79,15.018,0.737,7031.0,36962.0,4,16,,,,,,,,,,,,,,,,,,,,,,,,,,,,,,,,,,,,,,,,,,,,,,,,,,,,,,,,,,,,,
9,summary,0.325731350425821,0.985043766566169,0.2941039391093784,0.9955555555555555,0.00099746,47.1,,,,,,,,,,,,,,,,,,,,,,1,87.67,100,0,75.89,98,59,65.67,70,16,18.33,24,70.5,210.22,231.0,2580.0,10801.0,35.1,0,8.1,23.53,62.4,32.04,32.1,32.23,63.16,0.08,0.08,0.08,16.0,0.0,0.02,0.04,1.43,4.41,12.99,10.952,14.281,15.009,15.01,15.018,15.992,0.728,0.73,0.737,4638.0,14284.44,28222.0,12207.0,24587.11,36962.0,4,4.0,4,16,16.0,16,4,16,37.17,8.87
10,1,,,,,,,1,0,59,26,80.9,2745,10801,36,0,64.6,77.6;79.4;89.4;90.8;83.0;87.3;92.9;96.5;85.2;87.9;85.8;94.3;56.7;59.6;32.6;28.4;45.4;53.2;24.6;24.8;44.0;47.5;40.4;43.0,32.2,0.08,0.06,6.41,15.018,0.737,17089.0,17138.0,4,16,,,,,,,,,,,,,,,,,,,,,,,,,,,,,,,,,,,,,,,,,,,,,,,,,,,,,,,,,,,,,
10,2,,,,,,,96,94,66,19,227.3,2730,10801,36,0,27.2,25.6;11.0;22.3;25.8;16.6;12.5;82.9;90.8;47.8;46.4;90.8;94.4;11.5;10.2;3.1;4.3;9.0;9.5;1.8;2.3;9.2;8.7;7.7;9.4,32.14,0.08,0.02,5.38,15.009,0.728,4980.0,49804.0,4,16,,,,,,,,,,,,,,,,,,,,,,,,,,,,,,,,,,,,,,,,,,,,,,,,,,,,,,,,,,,,,
10,3,,,,,,,99,99,66,18,229.4,2730,10801,35,0,21.8,17.4;3.1;23.5;7.1;9.1;7.3;92.4;90.6;44.8;43.3;84.3;80.9;2.6;2.4;1.0;0.8;2.6;0.5;0.8;0.8;1.6;2.1;2.3;2.4,32.17,0.08,4.39,5.18,15.009,0.728,24023.0,12353.0,4,16,,,,,,,,,,,,,,,,,,,,,,,,,,,,,,,,,,,,,,,,,,,,,,,,,,,,,,,,,,,,,
10,4,,,,,,,96,94,66,15,227.3,2730,10801,36,0,20.9,14.5;3.1;17.1;8.0;7.5;3.4;90.4;94.6;49.0;35.5;82.9;85.0;1.3;0.5;0.3;0.3;1.0;0.5;0.8;0.3;2.3;1.3;1.0;0.8,32.16,0.08,0.02,3.06,15.018,0.737,7519.0,34375.0,4,16,,,,,,,,,,,,,,,,,,,,,,,,,,,,,,,,,,,,,,,,,,,,,,,,,,,,,,,,,,,,,
10,5,,,,,,,95,92,67,18,226.7,2730,10801,36,0,20.7,12.4;2.9;12.0;10.1;5.5;4.2;95.0;90.6;44.5;36.6;83.8;85.6;1.6;1.6;1.3;1.6;1.3;0.8;1.0;0.3;1.3;1.3;1.3;0.8,32.15,0.08,0.11,2.72,15.009,0.728,15673.0,17822.0,4,16,,,,,,,,,,,,,,,,,,,,,,,,,,,,,,,,,,,,,,,,,,,,,,,,,,,,,,,,,,,,,
10,6,,,,,,,100,82,66,15,230.9,2730,10801,36,0,20.2,13.3;2.3;13.1;16.2;7.9;6.2;82.5;86.4;32.6;59.4;63.3;90.0;2.3;0.8;0.5;0.3;1.8;1.0;0.3;0.0;1.8;0.3;0.5;1.5,32.12,0.08,1.74,2.76,15.009,0.728,5126.0,45458.0,4,16,,,,,,,,,,,,,,,,,,,,,,,,,,,,,,,,,,,,,,,,,,,,,,,,,,,,,,,,,,,,,
10,7,,,,,,,100,87,66,16,230.5,2730,10801,36,0,20.3,18.3;0.8;7.3;15.1;3.4;3.9;72.3;80.7;34.2;59.1;94.3;97.1;0.5;0.0;0.0;0.0;0.0;0.0;0.8;0.3;0.0;0.0;0.3;0.3,32.12,0.08,0.23,2.01,15.009,0.728,4589.0,33398.0,4,16,,,,,,,,,,,,,,,,,,,,,,,,,,,,,,,,,,,,,,,,,,,,,,,,,,,,,,,,,,,,,
10,8,,,,,,,100,96,65,18,231.6,2730,10801,36,0,9.2,18.4;2.4;2.3;3.9;3.4;2.3;22.2;53.4;6.5;11.0;24.3;54.7;1.8;0.8;0.8;0.3;1.3;1.8;1.0;1.3;2.6;0.3;1.8;0.5,32.1,0.08,0.09,1.92,15.018,0.737,5224.0,43994.0,4,16,,,,,,,,,,,,,,,,,,,,,,,,,,,,,,,,,,,,,,,,,,,,,,,,,,,,,,,,,,,,,
10,9,,,,,,,96,94,69,18,228.7,2730,10801,36,0,7.1,11.3;1.1;2.7;1.6;1.6;0.5;31.7;32.8;2.7;8.2;51.9;23.0;0.0;0.5;0.0;0.0;0.0;0.0;0.0;0.0;0.0;0.0;0.0;0.0,32.09,0.08,0.08,1.59,15.018,0.737,25683.0,16894.0,4,16,,,,,,,,,,,,,,,,,,,,,,,,,,,,,,,,,,,,,,,,,,,,,,,,,,,,,,,,,,,,,
10,summary,0.324474043990306,0.9853147458260085,0.2929158119360606,0.997,0.00099659,47.1,,,,,,,,,,,,,,,,,,,,,,1,87.0,100,0,82.0,99,59,65.56,69,15,18.11,26,80.9,212.59,231.6,2731.7,10801.0,35.9,0,7.1,23.56,64.6,32.09,32.14,32.2,63.16,0.08,0.08,0.08,16.0,0.02,0.75,4.39,1.59,3.45,6.41,10.952,14.281,15.009,15.01,15.018,15.992,0.728,0.73,0.737,4589.0,12211.78,25683.0,12353.0,30137.33,49804.0,4,4.0,4,16,16.0,16,4,16,36.74,9.32
11,1,,,,,,,0,0,59,22,68.8,1575,10801,36,0,61.9,79.9;79.3;87.9;87.2;79.4;76.4;88.6;97.1;84.4;87.9;94.3;95.0;62.9;59.6;19.1;22.9;48.9;51.4;17.5;14.8;37.1;47.1;35.7;30.7,32.25,0.08,0.09,3.97,15.018,0.737,3564.0,42578.0,4,16,,,,,,,,,,,,,,,,,,,,,,,,,,,,,,,,,,,,,,,,,,,,,,,,,,,,,,,,,,,,,
11,2,,,,,,,96,81,67,18,224.4,2730,10801,36,0,27.8,25.1;13.1;26.1;25.0;18.9;16.7;90.8;86.7;62.6;55.9;77.0;72.5;11.5;10.5;4.1;4.4;10.5;11.8;2.1;2.6;10.3;10.3;7.9;9.0,32.19,0.08,0.0,5.92,15.009,0.728,9912.0,18261.0,4,16,,,,,,,,,,,,,,,,,,,,,,,,,,,,,,,,,,,,,,,,,,,,,,,,,,,,,,,,,,,,,
11,3,,,,,,,97,77,67,15,229.4,2730,10801,36,0,21.5,19.0;3.1;14.0;14.6;4.7;4.4;89.6;93.5;53.5;40.1;79.1;83.4;2.1;1.8;1.8;0.3;2.3;1.0;0.5;1.3;2.1;1.3;0.5;1.0,32.17,0.08,0.02,3.93,15.009,0.728,22167.0,28955.0,4,16,,,,,,,,,,,,,,,,,,,,,,,,,,,,,,,,,,,,,,,,,,,,,,,,,,,,,,,,,,,,,
11,4,,,,,,,98,82,68,18,229.0,2730,10801,36,0,20.8,14.1;2.1;15.8;9.1;4.4;5.5;90.4;93.8;42.5;43.9;80.5;87.5;1.6;2.1;0.3;0.3;1.0;0.8;0.3;0.0;1.8;1.6;0.0;0.3,32.15,0.08,0.29,4.36,15.018,0.737,10498.0,39111.0,4,16,,,,,,,,,,,,,,,,,,,,,,,,,,,,,,,,,,,,,,,,,,,,,,,,,,,,,,,,,,,,,
11,5,,,,,,,98,80,67,18,229.7,2730,10801,36,0,20.1,13.8;2.1;12.5;12.3;3.4;4.7;82.5;82.6;45.4;41.8;87.8;81.0;2.1;1.8;0.3;0.3;1.3;1.6;0.0;0.0;1.6;1.6;0.5;0.0,32.1,0.08,0.03,2.45,15.009,0.728,31201.0,11962.0,4,16,,,,,,,,,,,,,,,,,,,,,,,,,,,,,,,,,,,,,,,,,,,,,,,,,,,,,,,,,,,,,
11,6,,,,,,,96,93,67,18,217.5,2730,10801,36,0,20.9,14.9;3.6;14.8;14.8;3.8;5.1;74.7;74.1;42.1;50.1;90.0;95.4;3.3;2.3;1.3;1.3;2.6;2.0;1.0;1.0;1.3;1.0;0.8;0.8,32.08,0.08,0.06,2.13,15.009,0.728,28906.0,16796.0,4,16,,,,,,,,,,,,,,,,,,,,,,,,,,,,,,,,,,,,,,,,,,,,,,,,,,,,,,,,,,,,,
11,7,,,,,,,96,93,66,18,228.7,2730,10801,36,0,20.6,15.0;3.6;16.7;9.9;4.4;6.0;70.0;81.5;37.2;47.3;93.5;95.3;2.1;2.1;0.3;0.5;0.3;0.8;0.8;0.0;2.1;1.3;1.3;2.1,32.09,0.08,0.08,2.04,15.009,0.728,12304.0,13037.0,4,16,,,,,,,,,,,,,,,,,,,,,,,,,,,,,,,,,,,,,,,,,,,,,,,,,,,,,,,,,,,,,
11,8,,,,,,,97,94,66,18,229.0,2730,10801,36,0,8.6,15.0;2.6;4.5;5.2;2.6;1.0;41.8;36.0;6.8;6.8;22.3;49.5;2.1;1.0;0.3;0.0;0.5;1.0;0.0;0.5;1.6;1.6;1.0;0.8,32.08,0.08,0.01,1.38,15.018,0.737,23876.0,12011.0,4,16,,,,,,,,,,,,,,,,,,,,,,,,,,,,,,,,,,,,,,,,,,,,,,,,,,,,,,,,,,,,,
11,9,,,,,,,100,75,67,18,231.2,2730,10801,36,0,7.6,14.8;2.7;2.7;4.3;1.1;0.5;42.2;21.7;7.1;9.3;59.8;10.3;0.0;0.5;0.0;0.0;0.0;0.0;0.0;0.0;2.2;1.6;0.5;0.0,32.05,0.08,0.03,7.77,15.013,0.732,6347.0,19775.0,4,16,,,,,,,,,,,,,,,,,,,,,,,,,,,,,,,,,,,,,,,,,,,,,,,,,,,,,,,,,,,,,
11,summary,0.322108533694438,0.9861140207857032,0.2900895431306627,0.9973333333333333,0.00099560,47.0,,,,,,,,,,,,,,,,,,,,,,0,86.44,100,0,75.0,94,59,66.0,68,15,18.11,22,68.8,209.74,231.2,2601.7,10801.0,36.0,0,7.6,23.31,61.9,32.05,32.13,32.25,63.16,0.08,0.08,0.08,16.0,0.0,0.07,0.29,1.38,3.77,7.77,10.952,14.281,15.009,15.01,15.018,15.992,0.728,0.73,0.737,3564.0,16530.56,31201.0,11962.0,22498.44,42578.0,4,4.0,4,16,16.0,16,4,16,36.67,9.33
12,1,,,,,,,0,0,59,26,81.1,2745,10801,36,0,62.1,74.7;74.3;81.0;85.6;74.0;79.7;89.7;93.8;83.6;81.6;89.0;95.2;61.5;58.5;25.9;22.7;51.7;55.4;14.2;18.0;47.3;52.4;41.6;43.0,32.27,0.08,0.01,4.5,15.018,0.737,48095.0,11767.0,4,16,,,,,,,,,,,,,,,,,,,,,,,,,,,,,,,,,,,,,,,,,,,,,,,,,,,,,,,,,,,,,
12,2,,,,,,,100,78,66,18,229.4,2730,10801,36,0,28.7,25.6;15.1;32.7;22.3;18.6;17.7;93.3;94.8;51.7;57.7;88.7;76.4;12.4;12.8;4.4;4.9;9.6;10.8;2.1;2.8;9.0;9.8;7.2;7.5,32.2,0.08,0.02,5.88,15.009,0.728,27734.0,198583.0,4,16,,,,,,,,,,,,,,,,,,,,,,,,,,,,,,,,,,,,,,,,,,,,,,,,,,,,,,,,,,,,,
12,3,,,,,,,100,100,67,17,229.2,2730,10801,36,0,20.5,18.0;2.3;10.5;16.7;4.9;6.2;94.1;95.7;43.0;35.2;85.4;69.9;1.0;1.5;0.3;0.5;0.8;1.8;1.0;1.0;1.0;0.5;0.0;0.3,32.16,0.08,0.0,5.57,15.009,0.728,20996.0,9521.0,4,16,,,,,,,,,,,,,,,,,,,,,,,,,,,,,,,,,,,,,,,,,,,,,,,,,,,,,,,,,,,,,
12,4,,,,,,,99,100,66,18,228.8,2730,10801,36,0,20.5,11.7;3.6;13.5;13.0;3.9;6.5;87.2;84.9;48.4;42.9;87.5;81.2;1.3;1.6;0.5;0.5;1.6;1.0;0.3;0.0;0.3;0.3;0.3;0.5,32.13,0.08,0.05,3.79,15.013,0.732,84472.0,172753.0,4,16,,,,,,,,,,,,,,,,,,,,,,,,,,,,,,,,,,,,,,,,,,,,,,,,,,,,,,,,,,,,,
12,5,,,,,,,100,100,66,17,228.7,2730,10801,36,0,21.6,17.4;3.4;14.3;12.7;7.3;8.3;81.8;77.9;43.0;51.9;86.5;89.3;3.6;2.6;2.1;2.1;2.6;3.4;0.3;0.3;2.1;2.8;1.8;1.8,32.11,0.08,0.02,3.53,15.009,0.728,23046.0,11083.0,4,16,,,,,,,,,,,,,,,,,,,,,,,,,,,,,,,,,,,,,,,,,,,,,,,,,,,,,,,,,,,,,
12,6,,,,,,,96,86,66,14,228.4,2730,10801,36,0,20.1,11.4;2.1;12.8;13.3;3.4;3.9;80.5;81.9;31.8;49.2;92.5;93.8;1.3;1.6;0.0;0.0;0.5;0.0;0.0;0.0;0.3;0.3;0.8;1.0,32.1,0.08,0.03,2.24,15.009,0.728,7763.0,12695.0,4,16,,,,,,,,,,,,,,,,,,,,,,,,,,,,,,,,,,,,,,,,,,,,,,,,,,,,,,,,,,,,,
12,7,,,,,,,96,92,67,18,228.4,2730,10801,36,0,20.0,16.1;2.3;10.9;12.0;5.6;5.4;80.8;78.5;32.7;59.8;86.2;83.1;0.8;1.5;0.5;0.0;1.0;0.5;0.3;0.3;0.5;0.8;1.0;0.3,32.08,0.08,0.03,2.38,15.009,0.728,13037.0,9570.0,4,16,,,,,,,,,,,,,,,,,,,,,,,,,,,,,,,,,,,,,,,,,,,,,,,,,,,,,,,,,,,,,
12,8,,,,,,,96,93,67,17,228.7,2730,10801,36,0,7.9,14.0;1.1;3.1;2.4;0.5;2.6;41.2;41.6;6.8;9.2;21.3;39.5;0.5;0.5;0.0;0.0;0.0;0.3;0.8;0.8;0.8;0.5;0.0;0.3,32.07,0.08,0.02,1.39,15.013,0.732,6054.0,46826.0,4,16,,,,,,,,,,,,,,,,,,,,,,,,,,,,,,,,,,,,,,,,,,,,,,,,,,,,,,,,,,,,,
12,9,,,,,,,100,78,67,17,231.0,2730,10801,36,0,6.7,10.8;0.5;2.7;1.1;0.5;1.1;33.5;38.4;4.8;2.7;34.6;29.7;0.0;0.0;0.0;0.0;0.5;0.0;0.0;0.0;0.0;0.0;0.0;0.0,32.07,0.08,0.34,2.09,15.009,0.728,6347.0,44628.0,4,16,,,,,,,,,,,,,,,,,,,,,,,,,,,,,,,,,,,,,,,,,,,,,,,,,,,,,,,,,,,,,
12,summary,0.32011407543284337,0.9868586444661025,0.29115546660953096,0.9973333333333333,0.00099448,47.2,,,,,,,,,,,,,,,,,,,,,,0,87.44,100,0,80.78,100,59,65.67,67,14,18.0,26,81.1,212.63,231.0,2731.7,10801.0,36.0,0,6.7,23.12,62.1,32.07,32.13,32.27,63.16,0.08,0.08,0.08,16.0,0.0,0.06,0.34,1.39,3.49,5.88,10.951,14.281,15.009,15.01,15.018,15.992,0.728,0.73,0.737,6054.0,26393.78,84472.0,9521.0,57491.78,198583.0,4,4.0,4,16,16.0,16,4,16,36.56,9.59
13,1,,,,,,,1,0,58,26,60.0,1455,10801,36,0,62.1,80.1;81.6;85.1;87.9;80.1;79.4;90.8;92.2;87.2;85.1;93.6;92.3;62.4;56.3;25.4;24.6;53.9;52.1;12.0;15.5;37.3;47.2;30.3;38.0,32.24,0.08,0.03,4.68,15.018,0.737,3955.0,43115.0,4,16,,,,,,,,,,,,,,,,,,,,,,,,,,,,,,,,,,,,,,,,,,,,,,,,,,,,,,,,,,,,,
13,2,,,,,,,100,76,68,18,230.8,2730,10801,36,0,28.2,25.3;11.9;22.3;21.5;16.6;17.7;89.1;88.6;56.5;65.8;90.4;87.3;10.4;10.6;3.9;3.6;9.4;9.6;1.0;1.0;9.0;8.8;6.2;9.4,32.18,0.08,0.04,4.94,15.009,0.728,10058.0,45898.0,4,16,,,,,,,,,,,,,,,,,,,,,,,,,,,,,,,,,,,,,,,,,,,,,,,,,,,,,,,,,,,,,
13,3,,,,,,,96,84,66,17,228.9,2730,10801,36,0,20.7,12.2;2.8;15.6;10.3;3.6;5.4;86.2;94.4;35.2;51.3;83.1;84.4;2.6;0.8;0.5;0.3;0.8;0.3;0.3;1.0;2.8;1.3;1.0;1.3,32.15,0.08,0.75,4.82,15.018,0.737,5322.0,33935.0,4,16,,,,,,,,,,,,,,,,,,,,,,,,,,,,,,,,,,,,,,,,,,,,,,,,,,,,,,,,,,,,,
13,4,,,,,,,96,84,66,18,228.4,2730,10801,36,0,21.6,16.2;4.4;16.8;15.8;6.8;5.5;78.1;86.5;49.6;43.9;88.5;90.9;1.8;2.9;1.3;0.0;1.8;1.6;0.5;0.5;1.3;1.6;0.5;1.8,32.12,0.08,0.03,3.18,15.009,0.728,16210.0,12939.0,4,16,,,,,,,,,,,,,,,,,,,,,,,,,,,,,,,,,,,,,,,,,,,,,,,,,,,,,,,,,,,,,
13,5,,,,,,,96,80,67,18,228.6,2730,10801,36,0,20.0,13.0;2.3;13.5;10.9;5.7;2.3;74.7;81.9;36.8;58.3;88.6;87.6;0.8;0.8;0.0;0.3;0.8;0.0;0.5;0.0;0.3;0.3;0.3;0.3,32.11,0.08,0.09,2.66,15.009,0.728,29345.0,25146.0,4,16,,,,,,,,,,,,,,,,,,,,,,,,,,,,,,,,,,,,,,,,,,,,,,,,,,,,,,,,,,,,,
13,6,,,,,,,96,81,66,18,228.6,2730,10801,36,0,20.3,14.3;1.6;11.8;11.3;4.5;3.4;85.0;80.6;46.7;42.3;92.2;89.0;1.3;1.0;0.5;0.0;0.8;0.3;0.0;0.3;1.0;0.3;0.3;0.3,32.09,0.08,0.0,2.54,15.009,0.728,6689.0,71435.0,4,16,,,,,,,,,,,,,,,,,,,,,,,,,,,,,,,,,,,,,,,,,,,,,,,,,,,,,,,,,,,,,
13,7,,,,,,,98,98,67,17,228.6,2730,10801,36,0,20.1,19.1;2.8;16.9;10.5;6.9;4.6;84.1;84.6;45.8;42.8;84.6;73.1;1.5;0.8;0.0;0.0;0.5;0.3;0.0;0.0;0.5;0.5;1.3;1.0,32.05,0.08,0.04,1.63,15.018,0.737,10644.0,67089.0,4,16,,,,,,,,,,,,,,,,,,,,,,,,,,,,,,,,,,,,,,,,,,,,,,,,,,,,,,,,,,,,,
13,8,,,,,,,96,93,67,17,228.9,2730,10801,36,0,8.2,12.3;0.8;3.4;2.6;1.6;1.6;45.8;26.2;4.2;9.2;54.7;27.9;0.3;0.3;0.0;0.3;1.0;0.0;0.3;0.0;1.3;0.8;0.3;1.0,32.02,0.08,0.24,2.14,15.024,0.743,6298.0,39111.0,4,16,,,,,,,,,,,,,,,,,,,,,,,,,,,,,,,,,,,,,,,,,,,,,,,,,,,,,,,,,,,,,
13,9,,,,,,,100,76,68,17,229.7,2730,10801,36,0,7.1,7.4;0.5;1.6;3.3;0.5;0.0;15.8;65.2;8.7;4.3;37.0;20.7;0.5;1.1;0.0;0.0;0.0;0.0;0.5;1.1;0.0;0.5;0.0;0.5,32.01,0.08,0.01,1.42,15.024,0.743,29882.0,13476.0,4,16,,,,,,,,,,,,,,,,,,,,,,,,,,,,,,,,,,,,,,,,,,,,,,,,,,,,,,,,,,,,,
13,summary,0.3194777961289227,0.9870726953100094,0.28938902711868286,0.9978888888888889,0.00099324,47.1,,,,,,,,,,,,,,,,,,,,,,1,86.56,100,0,74.67,98,58,65.89,68,17,18.44,26,60.0,210.28,230.8,2588.3,10801.0,36.0,0,7.1,23.14,62.1,32.01,32.11,32.24,63.16,0.08,0.08,0.08,16.0,0.0,0.14,0.75,1.42,3.11,4.94,10.951,14.281,15.009,15.02,15.024,15.992,0.728,0.73,0.743,3955.0,13155.89,29882.0,12939.0,39127.11,71435.0,4,4.0,4,16,16.0,16,4,16,36.71,9.38
14,1,,,,,,,1,0,59,24,81.1,2745,10801,36,0,60.8,73.1;76.6;88.1;85.4;79.7;73.6;89.5;91.6;80.7;77.1;93.7;86.0;58.0;55.9;24.5;31.5;53.1;56.6;19.6;22.4;31.2;39.2;36.4;35.7,32.22,0.08,0.08,4.72,15.033,0.752,3613.0,13916.0,4,16,,,,,,,,,,,,,,,,,,,,,,,,,,,,,,,,,,,,,,,,,,,,,,,,,,,,,,,,,,,,,
14,2,,,,,,,100,75,68,18,230.4,2730,10801,36,0,28.4,23.5;14.1;23.1;27.1;18.2;18.8;87.8;89.1;60.2;53.8;85.7;88.3;11.7;11.9;5.5;4.7;9.6;9.4;1.3;2.3;8.8;9.9;8.1;9.9,32.13,0.08,0.04,7.14,15.024,0.743,8300.0,13330.0,4,16,,,,,,,,,,,,,,,,,,,,,,,,,,,,,,,,,,,,,,,,,,,,,,,,,,,,,,,,,,,,,
14,3,,,,,,,100,79,68,17,230.5,2730,10801,36,0,21.3,14.8;3.9;14.6;12.8;5.7;9.9;79.4;90.1;38.3;43.3;93.7;87.2;2.6;2.4;1.3;0.8;1.3;1.8;0.3;0.3;1.6;1.6;1.0;1.8,32.08,0.08,0.02,4.42,15.033,0.752,17822.0,28613.0,4,16,,,,,,,,,,,,,,,,,,,,,,,,,,,,,,,,,,,,,,,,,,,,,,,,,,,,,,,,,,,,,
14,4,,,,,,,96,77,66,18,228.5,2730,10801,36,0,21.3,14.5;5.1;15.6;13.1;7.5;6.4;91.5;78.5;34.0;45.4;83.4;92.5;2.8;2.1;1.0;1.0;0.8;2.1;1.0;1.0;3.3;2.8;1.8;4.1,32.05,0.08,0.01,4.49,15.024,0.743,15332.0,18212.0,4,16,,,,,,,,,,,,,,,,,,,,,,,,,,,,,,,,,,,,,,,,,,,,,,,,,,,,,,,,,,,,,
14,5,,,,,,,97,77,67,17,228.3,2730,10801,36,0,20.2,15.5;1.3;9.4;14.3;3.9;2.1;79.7;90.1;36.9;54.5;87.3;83.2;1.0;0.5;0.0;0.0;1.3;0.5;0.0;0.0;2.3;0.3;0.0;0.3,32.04,0.08,0.07,2.87,15.024,0.743,18457.0,12792.0,4,16,,,,,,,,,,,,,,,,,,,,,,,,,,,,,,,,,,,,,,,,,,,,,,,,,,,,,,,,,,,,,
14,6,,,,,,,98,78,66,18,228.4,2730,10801,36,0,21.5,15.1;3.9;13.2;15.3;8.5;8.5;75.1;84.2;48.3;40.6;89.1;93.8;2.9;2.6;1.3;0.5;2.1;1.3;0.8;0.5;3.4;2.1;0.8;1.6,32.03,0.08,0.01,2.21,15.024,0.743,7128.0,37451.0,4,16,,,,,,,,,,,,,,,,,,,,,,,,,,,,,,,,,,,,,,,,,,,,,,,,,,,,,,,,,,,,,
14,7,,,,,,,98,80,66,19,228.9,2730,10801,36,0,20.3,13.4;3.1;18.8;7.9;5.0;4.5;85.6;85.9;42.4;38.4;91.4;88.7;1.3;1.0;0.0;0.0;0.0;0.0;0.0;0.0;0.5;0.0;0.0;0.3,32.0,0.08,0.04,2.43,15.033,0.752,6884.0,11621.0,4,16,,,,,,,,,,,,,,,,,,,,,,,,,,,,,,,,,,,,,,,,,,,,,,,,,,,,,,,,,,,,,
14,8,,,,,,,97,93,66,18,227.0,2730,10801,36,0,7.8,16.1;1.0;4.1;0.8;1.8;0.8;33.9;39.3;10.3;8.8;32.6;29.8;1.3;0.3;0.0;0.3;0.8;0.0;0.3;0.0;3.8;0.5;0.5;0.0,32.0,0.08,0.02,1.41,15.024,0.743,13476.0,14160.0,4,16,,,,,,,,,,,,,,,,,,,,,,,,,,,,,,,,,,,,,,,,,,,,,,,,,,,,,,,,,,,,,
14,9,,,,,,,100,74,67,18,230.4,2730,10801,36,0,6.5,12.2;0.5;3.2;0.5;1.1;1.1;7.6;52.4;2.7;7.0;9.7;55.7;0.5;0.5;0.0;0.0;0.0;0.5;0.0;0.0;0.5;0.0;0.0;0.0,31.99,0.08,0.01,1.41,15.024,0.743,5029.0,16015.0,4,16,,,,,,,,,,,,,,,,,,,,,,,,,,,,,,,,,,,,,,,,,,,,,,,,,,,,,,,,,,,,,
14,summary,0.3176683942270421,0.9877991018973102,0.2891896871990628,0.998,0.00099187,47.0,,,,,,,,,,,,,,,,,,,,,,1,87.44,100,0,70.33,93,59,65.89,68,17,18.56,24,81.1,212.61,230.5,2731.7,10801.0,36.0,0,6.5,23.12,60.8,31.99,32.06,32.22,63.16,0.08,0.08,0.08,16.0,0.01,0.03,0.08,1.41,3.46,7.14,10.952,14.281,15.024,15.03,15.033,15.992,0.743,0.75,0.752,3613.0,10671.22,18457.0,11621.0,18456.67,37451.0,4,4.0,4,16,16.0,16,4,16,36.77,9.25
15,1,,,,,,,0,0,58,24,57.1,1455,10801,36,0,62.1,78.7;84.2;84.9;84.9;82.2;80.8;85.6;92.5;81.5;84.2;90.4;91.8;61.6;65.8;21.8;25.3;50.0;60.3;12.3;14.4;42.2;43.5;31.5;39.0,32.17,0.08,0.0,5.34,15.033,0.752,23779.0,12353.0,4,16,,,,,,,,,,,,,,,,,,,,,,,,,,,,,,,,,,,,,,,,,,,,,,,,,,,,,,,,,,,,,
15,2,,,,,,,100,77,67,18,228.5,2730,10801,36,0,27.1,22.3;12.9;22.8;25.4;13.4;18.0;91.8;85.6;61.3;54.4;77.4;88.2;10.3;9.8;3.6;2.8;8.8;9.3;2.1;1.5;6.7;8.2;5.7;8.0,32.09,0.08,0.01,7.18,15.033,0.752,4394.0,36035.0,4,16,,,,,,,,,,,,,,,,,,,,,,,,,,,,,,,,,,,,,,,,,,,,,,,,,,,,,,,,,,,,,
15,3,,,,,,,96,77,67,16,228.3,2730,10801,36,0,20.9,14.8;4.1;16.4;12.3;5.5;3.9;81.2;85.4;55.4;44.6;81.5;84.9;2.6;2.1;0.5;0.3;0.0;1.3;1.0;0.8;1.0;1.8;0.3;0.0,32.07,0.08,0.04,4.48,15.024,0.743,26611.0,23681.0,4,16,,,,,,,,,,,,,,,,,,,,,,,,,,,,,,,,,,,,,,,,,,,,,,,,,,,,,,,,,,,,,
15,4,,,,,,,96,93,66,17,227.5,2730,10801,36,0,20.6,12.9;2.1;16.9;15.4;6.2;3.8;76.7;81.5;47.2;40.9;83.6;90.0;2.3;3.1;1.3;1.3;1.3;1.5;0.3;0.3;1.3;1.8;0.8;1.8,32.04,0.08,0.05,3.8,15.024,0.743,12500.0,160449.0,4,16,,,,,,,,,,,,,,,,,,,,,,,,,,,,,,,,,,,,,,,,,,,,,,,,,,,,,,,,,,,,,
15,5,,,,,,,96,93,66,15,228.1,2730,10801,36,0,20.1,11.5;1.8;8.1;11.7;4.2;5.5;76.2;85.1;44.9;52.2;84.6;87.0;1.6;0.3;0.3;0.5;0.5;0.3;0.5;1.3;1.6;1.3;0.3;0.8,32.03,0.08,0.03,3.63,15.024,0.743,4443.0,44531.0,4,16,,,,,,,,,,,,,,,,,,,,,,,,,,,,,,,,,,,,,,,,,,,,,,,,,,,,,,,,,,,,,
15,6,,,,,,,96,93,66,17,227.4,2730,10801,36,0,20.6,11.4;1.8;15.0;15.8;5.2;4.4;82.6;79.2;37.1;52.7;87.5;91.2;1.3;2.1;0.3;0.5;0.3;0.8;0.8;0.5;2.3;1.0;0.8;0.5,32.01,0.08,0.02,2.22,15.033,0.752,4638.0,121679.0,4,16,,,,,,,,,,,,,,,,,,,,,,,,,,,,,,,,,,,,,,,,,,,,,,,,,,,,,,,,,,,,,
15,7,,,,,,,96,93,66,18,227.4,2730,10801,36,0,21.3,15.5;4.2;16.7;15.1;9.1;5.7;82.0;86.2;43.8;42.9;85.1;89.6;3.1;1.8;1.0;0.5;1.0;1.3;0.5;0.5;2.8;1.0;1.0;0.5,31.99,0.08,0.02,2.42,15.024,0.743,25927.0,25439.0,4,16,,,,,,,,,,,,,,,,,,,,,,,,,,,,,,,,,,,,,,,,,,,,,,,,,,,,,,,,,,,,,
15,8,,,,,,,100,85,66,18,230.8,2730,10801,36,0,8.1,11.8;1.3;3.1;4.9;1.3;3.4;51.2;24.5;7.2;9.8;36.6;33.9;0.5;0.5;0.0;0.0;0.3;0.3;0.3;0.3;0.3;0.3;1.3;1.0,31.99,0.08,2.08,1.46,15.024,0.743,48583.0,70166.0,4,16,,,,,,,,,,,,,,,,,,,,,,,,,,,,,,,,,,,,,,,,,,,,,,,,,,,,,,,,,,,,,
15,9,,,,,,,97,92,68,17,228.8,2730,10801,36,0,9.0,14.7;3.2;5.4;5.9;3.3;3.8;16.1;59.5;9.7;8.6;28.0;39.0;4.3;1.6;0.0;0.5;1.6;0.0;1.1;3.2;0.5;1.6;1.1;1.1,31.99,0.08,2.65,2.62,15.024,0.743,15771.0,41796.0,4,16,,,,,,,,,,,,,,,,,,,,,,,,,,,,,,,,,,,,,,,,,,,,,,,,,,,,,,,,,,,,,
15,summary,0.3164882969336479,0.9883046262307924,0.290724651866489,0.9968888888888889,0.00099038,47.1,,,,,,,,,,,,,,,,,,,,,,0,86.33,100,0,78.11,93,58,65.56,68,15,17.78,24,57.1,209.32,230.8,2588.3,10801.0,36.0,0,8.1,23.31,62.1,31.99,32.04,32.17,63.16,0.08,0.08,0.08,16.0,0.0,0.54,2.65,1.46,3.68,7.18,10.955,14.281,15.024,15.03,15.033,15.992,0.743,0.75,0.752,4394.0,18516.22,48583.0,12353.0,59569.89,160449.0,4,4.0,4,16,16.0,16,4,16,36.68,9.44
16,1,,,,,,,0,0,59,26,81.8,2745,10801,36,0,63.0,79.9;80.9;85.8;83.7;85.2;85.2;92.9;92.2;77.3;85.1;88.7;96.5;54.2;59.2;24.6;28.2;49.3;49.3;14.1;16.2;48.2;47.2;45.8;44.7,32.16,0.08,0.43,5.24,15.033,0.752,4296.0,11035.0,4,16,,,,,,,,,,,,,,,,,,,,,,,,,,,,,,,,,,,,,,,,,,,,,,,,,,,,,,,,,,,,,
16,2,,,,,,,100,78,66,18,229.7,2730,10801,36,0,28.8,24.5;14.9;32.2;32.3;16.2;16.7;94.8;96.9;55.3;48.8;83.2;83.8;11.5;12.0;3.9;5.0;8.6;9.9;3.9;3.2;9.2;8.4;6.3;8.9,32.08,0.08,0.26,5.64,15.033,0.752,4736.0,17431.0,4,16,,,,,,,,,,,,,,,,,,,,,,,,,,,,,,,,,,,,,,,,,,,,,,,,,,,,,,,,,,,,,
16,3,,,,,,,100,77,66,19,229.1,2730,10801,36,0,21.0,14.0;1.8;16.1;14.2;4.1;4.2;81.8;87.5;36.1;55.8;84.4;91.4;0.8;2.1;0.5;0.0;0.8;0.8;0.0;0.0;2.3;0.8;2.1;1.8,32.06,0.08,0.15,5.19,15.024,0.743,36083.0,161425.0,4,16,,,,,,,,,,,,,,,,,,,,,,,,,,,,,,,,,,,,,,,,,,,,,,,,,,,,,,,,,,,,,
16,4,,,,,,,100,78,66,16,229.8,2730,10801,36,0,20.3,10.5;0.5;17.7;8.9;4.7;4.4;76.8;83.1;45.6;50.8;84.3;93.0;1.0;0.8;0.3;0.0;0.3;1.0;1.3;0.3;0.0;0.8;1.0;0.5,32.04,0.08,0.1,3.93,15.024,0.743,13867.0,40429.0,4,16,,,,,,,,,,,,,,,,,,,,,,,,,,,,,,,,,,,,,,,,,,,,,,,,,,,,,,,,,,,,,
16,5,,,,,,,96,95,70,19,227.6,2730,10801,36,0,20.4,14.2;2.8;15.9;9.5;4.6;5.1;77.1;84.8;26.0;62.8;88.7;86.7;1.3;1.3;0.3;0.5;1.0;1.0;0.5;0.3;1.0;1.3;0.8;1.0,32.03,0.08,0.03,3.04,15.024,0.743,4589.0,32421.0,4,16,,,,,,,,,,,,,,,,,,,,,,,,,,,,,,,,,,,,,,,,,,,,,,,,,,,,,,,,,,,,,
16,6,,,,,,,96,95,69,17,228.1,2730,10801,36,0,20.2,13.5;1.3;11.5;11.7;4.2;3.9;88.6;91.6;36.9;46.0;78.2;88.1;1.3;0.8;0.0;0.3;0.3;1.0;0.3;0.3;0.5;1.3;0.0;0.3,31.98,0.08,0.13,2.84,15.033,0.752,4345.0,44287.0,4,16,,,,,,,,,,,,,,,,,,,,,,,,,,,,,,,,,,,,,,,,,,,,,,,,,,,,,,,,,,,,,
16,7,,,,,,,97,96,69,15,228.0,2730,10801,36,0,21.1,18.3;3.1;15.7;8.4;5.0;3.1;91.6;93.2;35.9;46.0;87.8;90.8;0.8;1.3;0.0;0.0;0.5;0.8;0.5;0.0;0.3;0.8;0.3;0.3,31.97,0.08,0.01,1.55,15.024,0.743,17529.0,17236.0,4,16,,,,,,,,,,,,,,,,,,,,,,,,,,,,,,,,,,,,,,,,,,,,,,,,,,,,,,,,,,,,,
16,8,,,,,,,96,95,69,18,228.6,2730,10801,36,0,7.9,14.6;1.0;3.9;3.1;0.5;0.8;41.4;46.3;6.3;9.7;28.6;29.8;0.0;0.5;0.0;0.0;0.3;1.0;0.0;0.0;0.0;0.3;0.3;0.3,31.97,0.08,0.02,1.78,15.024,0.743,7421.0,12890.0,4,16,,,,,,,,,,,,,,,,,,,,,,,,,,,,,,,,,,,,,,,,,,,,,,,,,,,,,,,,,,,,,
16,9,,,,,,,98,81,67,17,230.2,2730,10801,36,0,7.8,14.4;3.2;3.2;2.6;1.6;3.2;39.7;39.3;10.1;6.9;39.5;16.8;0.0;2.1;0.0;0.0;0.0;0.0;0.0;0.0;2.1;0.0;1.1;0.5,31.95,0.08,0.25,2.19,15.024,0.743,34765.0,38964.0,4,16,,,,,,,,,,,,,,,,,,,,,,,,,,,,,,,,,,,,,,,,,,,,,,,,,,,,,,,,,,,,,
16,summary,0.3153931161371229,0.9884936285716888,0.28893309073978,0.9977777777777778,0.00098877,47.0,,,,,,,,,,,,,,,,,,,,,,0,87.0,100,0,77.22,96,59,66.78,70,15,18.33,26,81.8,212.54,230.2,2731.7,10801.0,36.0,0,7.8,23.39,63.0,31.95,32.03,32.16,63.16,0.08,0.08,0.08,16.0,0.01,0.15,0.43,1.55,3.49,5.64,10.955,14.281,15.024,15.03,15.033,15.992,0.743,0.75,0.752,4296.0,14181.22,36083.0,11035.0,41790.89,161425.0,4,4.0,4,16,16.0,16,4,16,36.5,9.54
17,1,,,,,,,0,0,58,23,65.1,1455,10801,36,0,60.3,75.3;79.2;83.9;84.6;81.2;79.7;85.3;91.6;77.9;79.7;88.1;91.6;57.9;56.6;22.2;25.0;48.3;53.4;16.0;18.8;39.9;48.3;36.3;29.9,32.15,0.08,0.06,4.71,15.033,0.752,10302.0,21289.0,4,16,,,,,,,,,,,,,,,,,,,,,,,,,,,,,,,,,,,,,,,,,,,,,,,,,,,,,,,,,,,,,
17,2,,,,,,,100,75,67,16,230.7,2730,10801,36,0,27.8,25.5;12.2;20.7;29.5;14.8;17.1;86.5;90.9;55.4;53.0;89.9;85.5;11.2;10.4;3.4;1.8;9.9;10.1;0.0;1.0;11.4;11.2;6.8;9.6,32.07,0.08,0.01,7.17,15.024,0.743,4687.0,22265.0,4,16,,,,,,,,,,,,,,,,,,,,,,,,,,,,,,,,,,,,,,,,,,,,,,,,,,,,,,,,,,,,,
17,3,,,,,,,100,75,66,16,231.2,2730,10801,36,0,20.4,15.7;1.6;14.1;11.5;5.2;4.5;87.2;67.2;31.3;58.6;92.4;94.0;0.5;1.0;0.3;0.5;0.3;0.3;0.3;0.3;1.3;0.8;0.5;0.8,32.04,0.08,0.02,4.46,15.024,0.743,17919.0,12695.0,4,16,,,,,,,,,,,,,,,,,,,,,,,,,,,,,,,,,,,,,,,,,,,,,,,,,,,,,,,,,,,,,
17,4,,,,,,,100,76,67,16,230.9,2730,10801,36,0,20.9,15.1;2.6;11.7;12.2;5.2;4.4;78.2;85.2;32.0;50.0;96.1;97.1;2.1;0.8;0.0;0.0;0.5;0.3;0.8;0.3;1.8;0.5;1.6;2.6,32.02,0.08,0.06,4.65,15.024,0.743,25878.0,12646.0,4,16,,,,,,,,,,,,,,,,,,,,,,,,,,,,,,,,,,,,,,,,,,,,,,,,,,,,,,,,,,,,,
17,5,,,,,,,96,87,68,15,228.5,2730,10801,36,0,20.4,14.1;3.8;9.2;18.2;5.1;6.2;79.5;85.1;44.6;36.0;86.7;88.2;2.3;0.8;0.5;0.3;0.5;1.3;0.8;0.8;1.0;1.3;1.0;1.5,31.97,0.08,0.33,3.37,15.024,0.743,18554.0,11425.0,4,16,,,,,,,,,,,,,,,,,,,,,,,,,,,,,,,,,,,,,,,,,,,,,,,,,,,,,,,,,,,,,
17,6,,,,,,,96,83,68,18,228.5,2730,10801,36,0,20.8,14.0;2.3;12.8;20.3;4.7;4.4;90.9;95.6;37.5;45.3;85.5;79.4;1.3;0.8;0.3;0.3;0.5;0.5;0.0;0.0;0.3;0.0;0.3;2.1,31.95,0.08,0.03,2.27,15.028,0.747,4541.0,37109.0,4,16,,,,,,,,,,,,,,,,,,,,,,,,,,,,,,,,,,,,,,,,,,,,,,,,,,,,,,,,,,,,,
17,7,,,,,,,96,80,67,18,228.3,2730,10801,36,0,20.7,16.1;1.8;16.1;14.4;6.0;4.4;90.1;94.5;48.7;45.8;74.4;76.0;0.8;1.0;0.8;0.0;1.3;1.0;0.5;0.3;1.3;0.5;1.0;0.5,31.93,0.08,0.03,2.42,15.024,0.743,4443.0,20019.0,4,16,,,,,,,,,,,,,,,,,,,,,,,,,,,,,,,,,,,,,,,,,,,,,,,,,,,,,,,,,,,,,
17,8,,,,,,,98,79,67,17,229.1,2730,10801,36,0,8.1,15.3;1.0;4.5;2.6;1.6;1.0;33.5;41.1;7.6;7.0;21.2;49.1;1.0;0.5;0.5;0.0;0.0;1.3;0.3;0.0;1.0;0.3;0.0;2.8,31.93,0.08,0.07,1.56,15.024,0.743,20556.0,31005.0,4,16,,,,,,,,,,,,,,,,,,,,,,,,,,,,,,,,,,,,,,,,,,,,,,,,,,,,,,,,,,,,,
17,9,,,,,,,100,98,67,17,230.4,2730,10801,36,0,7.4,12.4;2.7;2.7;1.6;0.5;0.5;35.2;27.5;7.1;4.4;60.1;18.7;0.5;0.0;0.0;0.0;0.0;0.5;0.0;0.0;0.0;0.0;0.5;2.2,31.93,0.08,0.0,1.4,15.024,0.743,27343.0,12207.0,4,16,,,,,,,,,,,,,,,,,,,,,,,,,,,,,,,,,,,,,,,,,,,,,,,,,,,,,,,,,,,,,
17,summary,0.3135009284758894,0.9892177580223523,0.29064972983466253,0.9973333333333333,0.00098703,46.9,,,,,,,,,,,,,,,,,,,,,,0,87.33,100,0,72.56,98,58,66.11,68,15,17.33,23,65.1,211.41,231.2,2588.3,10801.0,36.0,0,7.4,22.98,60.3,31.93,32.0,32.15,63.16,0.08,0.08,0.08,16.0,0.0,0.07,0.33,1.4,3.56,7.17,10.951,14.281,15.024,15.03,15.033,15.992,0.743,0.74,0.752,4443.0,14913.67,27343.0,11425.0,20073.33,37109.0,4,4.0,4,16,16.0,16,4,16,36.58,9.34
18,1,,,,,,,0,0,58,24,69.6,2745,10801,36,0,62.2,74.1;79.2;85.4;86.1;80.6;83.4;88.2;96.6;79.9;81.9;86.1;93.1;54.9;55.6;20.8;24.1;54.5;60.7;19.4;20.7;47.2;45.5;35.9;40.4,32.09,0.08,0.03,4.72,15.033,0.752,20312.0,50292.0,4,16,,,,,,,,,,,,,,,,,,,,,,,,,,,,,,,,,,,,,,,,,,,,,,,,,,,,,,,,,,,,,
18,2,,,,,,,100,87,65,18,226.4,2730,10801,36,0,27.0,20.9;10.5;25.1;19.5;13.6;13.1;89.5;80.8;48.6;59.2;95.4;95.6;9.5;9.5;2.3;2.8;9.5;9.0;3.1;1.8;7.9;7.7;6.2;7.4,32.01,0.08,0.03,4.99,15.024,0.743,4882.0,27490.0,4,16,,,,,,,,,,,,,,,,,,,,,,,,,,,,,,,,,,,,,,,,,,,,,,,,,,,,,,,,,,,,,
18,3,,,,,,,96,94,65,19,227.1,2730,10801,36,0,19.8,15.1;1.0;12.5;9.8;5.2;2.9;70.3;81.0;27.1;66.5;87.2;93.0;0.5;0.8;0.0;0.0;0.8;0.3;0.0;0.0;0.0;0.3;0.5;0.5,32.0,0.08,0.01,4.92,15.024,0.743,4589.0,30224.0,4,16,,,,,,,,,,,,,,,,,,,,,,,,,,,,,,,,,,,,,,,,,,,,,,,,,,,,,,,,,,,,,
18,4,,,,,,,96,95,65,16,226.9,2730,10801,36,0,21.2,13.8;4.1;21.4;10.9;5.7;5.5;84.4;79.9;37.7;48.2;87.3;92.2;2.6;2.3;0.3;1.0;0.3;1.6;0.5;0.5;2.3;1.8;1.6;3.6,31.96,0.08,0.01,3.1,15.024,0.743,10449.0,36181.0,4,16,,,,,,,,,,,,,,,,,,,,,,,,,,,,,,,,,,,,,,,,,,,,,,,,,,,,,,,,,,,,,
18,5,,,,,,,96,95,66,18,231.1,2730,10801,36,0,19.9,13.8;1.8;12.8;8.1;4.9;3.1;88.5;90.7;36.1;46.1;78.7;85.0;1.6;0.5;0.3;0.5;0.5;0.3;0.5;0.0;1.0;0.3;0.3;0.3,31.94,0.08,0.03,3.1,15.033,0.752,4541.0,35156.0,4,16,,,,,,,,,,,,,,,,,,,,,,,,,,,,,,,,,,,,,,,,,,,,,,,,,,,,,,,,,,,,,
18,6,,,,,,,100,81,68,17,230.1,2730,10801,36,0,19.5,13.7;1.8;14.9;13.3;2.1;4.1;95.9;95.1;35.7;38.5;69.1;79.5;1.3;0.5;0.0;0.3;0.0;0.0;0.0;0.3;1.0;0.3;0.5;1.3,31.91,0.08,0.03,2.09,15.024,0.743,49365.0,13476.0,4,16,,,,,,,,,,,,,,,,,,,,,,,,,,,,,,,,,,,,,,,,,,,,,,,,,,,,,,,,,,,,,
18,7,,,,,,,100,84,68,18,230.1,2730,10801,36,0,20.0,12.3;1.0;16.4;10.4;3.9;3.6;91.7;95.1;42.9;47.9;72.4;75.6;1.0;0.8;0.3;0.5;0.8;0.3;0.5;0.5;1.3;0.5;0.5;1.6,31.91,0.08,0.02,1.58,15.024,0.743,10156.0,20947.0,4,16,,,,,,,,,,,,,,,,,,,,,,,,,,,,,,,,,,,,,,,,,,,,,,,,,,,,,,,,,,,,,
18,8,,,,,,,100,89,67,18,230.8,2730,10801,36,0,7.5,11.2;0.8;4.2;2.9;1.0;0.8;38.0;22.1;6.6;5.8;19.2;65.5;0.5;0.3;0.0;0.0;0.5;0.3;0.0;0.0;0.0;0.0;0.3;0.0,31.9,0.08,0.02,1.78,15.024,0.743,13378.0,15527.0,4,16,,,,,,,,,,,,,,,,,,,,,,,,,,,,,,,,,,,,,,,,,,,,,,,,,,,,,,,,,,,,,
18,9,,,,,,,97,88,66,17,228.8,2730,10801,36,0,7.1,20.1;0.5;0.5;1.1;1.6;1.1;50.8;15.6;3.8;3.8;49.7;15.1;1.1;0.0;0.0;0.0;0.0;0.0;0.0;0.0;0.5;0.0;0.0;3.2,31.89,0.08,0.02,1.44,15.024,0.743,9960.0,12841.0,4,16,,,,,,,,,,,,,,,,,,,,,,,,,,,,,,,,,,,,,,,,,,,,,,,,,,,,,,,,,,,,,
18,summary,0.313685845238623,0.9893270605809431,0.2895496248934004,0.9976666666666667,0.00098516,47.1,,,,,,,,,,,,,,,,,,,,,,0,87.22,100,0,79.22,95,58,65.33,68,16,18.33,24,69.6,211.21,231.1,2731.7,10801.0,36.0,0,7.1,22.69,62.2,31.89,31.96,32.09,63.16,0.08,0.08,0.08,16.0,0.01,0.02,0.03,1.44,3.08,4.99,10.954,14.281,15.024,15.03,15.033,15.992,0.743,0.74,0.752,4541.0,14181.33,49365.0,12841.0,26903.78,50292.0,4,4.0,4,16,16.0,16,4,16,36.7,9.37
19,1,,,,,,,1,0,59,24,81.6,2745,10801,36,0,62.5,78.2;80.3;88.7;86.6;82.4;86.6;92.3;95.8;88.0;85.2;92.3;90.1;62.9;60.4;23.8;24.3;56.9;57.3;9.1;9.8;45.8;49.0;29.4;27.5,32.06,0.08,0.0,11.78,15.033,0.752,4248.0,21923.0,4,16,,,,,,,,,,,,,,,,,,,,,,,,,,,,,,,,,,,,,,,,,,,,,,,,,,,,,,,,,,,,,
19,2,,,,,,,96,93,67,17,227.3,2730,10801,36,0,26.6,21.3;12.0;23.0;23.8;14.1;18.8;77.2;77.2;46.4;59.1;96.7;96.2;8.7;10.7;2.3;2.3;8.7;9.0;1.0;1.5;8.2;8.2;5.4;8.1,31.99,0.08,0.01,4.94,15.024,0.743,29248.0,11767.0,4,16,,,,,,,,,,,,,,,,,,,,,,,,,,,,,,,,,,,,,,,,,,,,,,,,,,,,,,,,,,,,,
19,3,,,,,,,96,93,66,17,227.3,2730,10801,36,0,21.0,12.8;2.6;12.2;21.0;3.6;5.5;79.4;80.5;38.2;54.7;94.0;90.9;1.8;2.3;0.0;0.5;0.8;0.5;0.5;0.0;0.3;0.3;0.8;0.0,31.95,0.08,0.07,4.14,15.024,0.743,9960.0,9716.0,4,16,,,,,,,,,,,,,,,,,,,,,,,,,,,,,,,,,,,,,,,,,,,,,,,,,,,,,,,,,,,,,
19,4,,,,,,,96,93,66,18,227.2,2730,10801,36,0,20.9,12.7;2.6;14.3;9.3;6.2;6.2;90.6;93.8;47.9;46.7;88.3;72.2;1.3;1.8;0.0;0.5;0.8;0.8;0.0;0.3;0.5;1.0;0.8;2.8,31.93,0.08,0.01,3.92,15.024,0.743,22460.0,23242.0,4,16,,,,,,,,,,,,,,,,,,,,,,,,,,,,,,,,,,,,,,,,,,,,,,,,,,,,,,,,,,,,,
19,5,,,,,,,96,93,66,17,226.5,2730,10801,36,0,20.8,16.3;3.1;16.4;13.5;3.9;5.7;88.3;96.9;44.8;45.2;77.8;77.5;2.1;0.8;0.0;0.8;1.0;0.5;0.0;0.5;1.3;1.6;1.0;1.0,31.92,0.08,0.02,2.59,15.033,0.752,4003.0,37011.0,4,16,,,,,,,,,,,,,,,,,,,,,,,,,,,,,,,,,,,,,,,,,,,,,,,,,,,,,,,,,,,,,
19,6,,,,,,,100,80,68,18,230.2,2730,10801,36,0,20.1,12.1;1.8;16.9;9.5;4.1;3.3;96.9;95.4;33.8;48.5;77.3;74.0;0.0;1.3;1.3;0.8;1.8;0.5;0.0;0.3;0.5;0.5;0.8;2.3,31.91,0.08,0.02,2.55,15.024,0.743,4785.0,16308.0,4,16,,,,,,,,,,,,,,,,,,,,,,,,,,,,,,,,,,,,,,,,,,,,,,,,,,,,,,,,,,,,,
19,7,,,,,,,100,82,69,18,229.6,2730,10801,36,0,21.1,15.5;2.9;13.8;8.6;6.3;4.2;85.7;84.4;31.9;58.0;87.8;92.2;2.6;1.6;0.8;0.0;1.3;1.0;0.3;0.8;0.8;0.8;2.1;1.8,31.89,0.08,0.03,1.56,15.024,0.743,26025.0,20410.0,4,16,,,,,,,,,,,,,,,,,,,,,,,,,,,,,,,,,,,,,,,,,,,,,,,,,,,,,,,,,,,,,
19,8,,,,,,,100,85,69,18,230.2,2730,10801,36,0,8.1,16.3;0.3;2.1;1.3;0.5;1.3;20.0;37.3;7.9;11.3;41.1;50.3;0.0;1.0;0.0;0.0;0.5;0.0;0.3;0.0;0.0;0.3;0.3;1.6,31.9,0.08,0.03,1.46,15.024,0.743,7910.0,22705.0,4,16,,,,,,,,,,,,,,,,,,,,,,,,,,,,,,,,,,,,,,,,,,,,,,,,,,,,,,,,,,,,,
19,9,,,,,,,96,95,65,18,227.2,2730,10801,36,0,8.1,8.9;3.8;4.3;3.3;2.7;2.2;62.5;28.8;7.6;6.0;19.0;32.4;1.6;0.5;0.0;0.0;1.1;1.6;0.0;0.0;1.6;1.1;2.7;2.2,31.89,0.08,0.0,2.12,15.033,0.752,27246.0,11767.0,4,16,,,,,,,,,,,,,,,,,,,,,,,,,,,,,,,,,,,,,,,,,,,,,,,,,,,,,,,,,,,,,
19,summary,0.3130689128609419,0.9894705201890934,0.2873166438208686,0.9982222222222222,0.00098318,47.1,,,,,,,,,,,,,,,,,,,,,,1,86.78,100,0,79.33,95,59,66.11,69,17,18.33,24,81.6,211.9,230.2,2731.7,10801.0,36.0,0,8.1,23.24,62.5,31.89,31.94,32.06,63.16,0.08,0.08,0.08,16.0,0.0,0.02,0.07,1.46,3.9,11.78,10.955,14.281,15.024,15.03,15.033,15.992,0.743,0.75,0.752,4003.0,15098.33,29248.0,9716.0,19427.67,37011.0,4,4.0,4,16,16.0,16,4,16,36.96,9.14
20,1,,,,,,,0,0,58,22,68.1,1635,10801,36,0,60.8,81.0;73.1;83.4;85.5;86.9;85.5;91.9;88.3;82.8;82.1;90.3;92.4;60.7;57.9;23.4;19.3;42.1;44.8;17.1;19.3;42.1;40.0;35.9;32.9,32.09,0.08,0.01,4.58,15.033,0.752,16455.0,12646.0,4,16,,,,,,,,,,,,,,,,,,,,,,,,,,,,,,,,,,,,,,,,,,,,,,,,,,,,,,,,,,,,,
20,2,,,,,,,96,94,67,18,227.6,2730,10801,36,0,28.7,24.6;12.2;26.7;24.7;16.4;18.7;83.7;92.7;47.9;64.9;83.7;89.4;10.1;11.9;4.9;7.3;9.3;8.8;4.9;11.2;9.8;8.8;7.6;8.6,31.98,0.08,0.03,7.24,15.024,0.743,4980.0,20751.0,4,16,,,,,,,,,,,,,,,,,,,,,,,,,,,,,,,,,,,,,,,,,,,,,,,,,,,,,,,,,,,,,
20,3,,,,,,,100,100,67,17,229.5,2730,10801,36,0,20.2,16.3;1.0;10.2;14.6;3.3;5.1;77.9;80.0;38.0;52.1;87.4;88.4;1.8;2.6;0.8;0.3;0.8;0.3;0.3;0.5;0.0;0.8;0.5;0.5,31.94,0.08,0.0,4.35,15.024,0.743,15722.0,126904.0,4,16,,,,,,,,,,,,,,,,,,,,,,,,,,,,,,,,,,,,,,,,,,,,,,,,,,,,,,,,,,,,,
20,4,,,,,,,100,100,66,18,229.4,2730,10801,36,0,20.9,14.4;3.4;11.7;13.7;5.7;5.7;95.1;93.2;37.4;53.1;71.0;81.5;1.0;3.1;1.0;0.5;1.6;1.6;0.0;0.0;0.5;0.8;2.1;3.1,31.93,0.08,0.06,4.65,15.033,0.752,5029.0,110351.0,4,16,,,,,,,,,,,,,,,,,,,,,,,,,,,,,,,,,,,,,,,,,,,,,,,,,,,,,,,,,,,,,
20,5,,,,,,,100,100,66,18,228.7,2730,10801,36,0,20.2,13.2;2.9;13.3;15.2;3.1;4.9;85.1;93.8;47.3;37.2;79.4;81.2;1.6;1.8;0.0;0.5;1.0;0.8;0.5;0.5;0.3;0.0;0.8;0.5,31.91,0.08,0.02,2.74,15.024,0.743,7128.0,126611.0,4,16,,,,,,,,,,,,,,,,,,,,,,,,,,,,,,,,,,,,,,,,,,,,,,,,,,,,,,,,,,,,,
20,6,,,,,,,98,97,67,18,227.8,2730,10801,36,0,20.4,12.6;1.8;13.7;15.1;5.4;6.5;76.2;82.9;50.9;48.3;74.8;90.4;0.8;1.6;0.8;0.0;1.6;1.8;1.0;0.5;0.5;0.8;0.3;0.8,31.9,0.08,0.06,2.35,15.024,0.743,4931.0,122509.0,4,16,,,,,,,,,,,,,,,,,,,,,,,,,,,,,,,,,,,,,,,,,,,,,,,,,,,,,,,,,,,,,
20,7,,,,,,,100,75,66,18,230.6,2730,10801,36,0,20.3,17.5;3.6;10.1;13.7;2.6;5.9;72.6;65.3;47.5;49.1;91.2;92.3;1.3;2.3;0.8;0.8;0.5;1.3;0.0;0.5;3.3;2.3;1.3;1.5,31.88,0.08,0.01,2.36,15.024,0.743,49609.0,96435.0,4,16,,,,,,,,,,,,,,,,,,,,,,,,,,,,,,,,,,,,,,,,,,,,,,,,,,,,,,,,,,,,,
20,8,,,,,,,100,76,66,17,231.2,2730,10801,36,0,8.5,15.1;1.6;4.2;4.2;1.3;2.3;34.4;31.2;7.9;11.7;33.9;49.5;0.3;0.8;0.5;0.0;0.3;0.8;0.5;0.3;0.5;0.5;1.0;0.8,31.88,0.08,0.01,1.38,15.033,0.752,30664.0,160644.0,4,16,,,,,,,,,,,,,,,,,,,,,,,,,,,,,,,,,,,,,,,,,,,,,,,,,,,,,,,,,,,,,
20,9,,,,,,,97,96,69,16,228.0,2730,10801,36,0,7.2,14.6;0.0;1.6;1.1;0.5;0.0;45.1;27.2;3.8;3.8;22.7;46.4;0.0;0.0;0.0;0.0;0.0;0.0;1.1;0.5;3.2;0.0;0.0;0.0,31.88,0.08,0.03,1.51,15.033,0.752,16357.0,13134.0,4,16,,,,,,,,,,,,,,,,,,,,,,,,,,,,,,,,,,,,,,,,,,,,,,,,,,,,,,,,,,,,,
20,summary,0.3116781716828325,0.9900284186652336,0.28861042147212557,0.9976666666666667,0.00098107,47.1,,,,,,,,,,,,,,,,,,,,,,0,87.89,100,0,82.0,100,58,65.78,69,16,18.0,22,68.1,211.21,231.2,2608.3,10801.0,36.0,0,7.2,23.02,60.8,31.88,31.93,32.09,63.16,0.08,0.08,0.08,16.0,0.0,0.03,0.06,1.38,3.46,7.24,10.954,14.281,15.024,15.03,15.033,15.992,0.743,0.75,0.752,4931.0,16763.89,49609.0,12646.0,87776.11,160644.0,4,4.0,4,16,16.0,16,4,16,36.53,9.51
21,1,,,,,,,0,0,59,26,81.8,2745,10801,36,0,61.9,82.6;76.7;89.0;88.4;81.5;81.5;97.2;93.8;86.3;82.8;93.1;92.5;61.6;61.0;21.2;24.7;50.0;53.4;10.3;9.6;40.7;45.9;27.4;34.2,32.02,0.08,0.04,4.65,15.033,0.752,25585.0,15283.0,4,16,,,,,,,,,,,,,,,,,,,,,,,,,,,,,,,,,,,,,,,,,,,,,,,,,,,,,,,,,,,,,
21,2,,,,,,,96,96,69,15,227.0,2730,10801,36,0,27.4,23.8;11.7;28.9;24.2;14.8;14.5;86.5;91.7;46.1;58.3;91.4;87.8;11.2;12.4;1.3;2.1;9.1;9.1;2.1;0.8;10.1;8.5;5.5;7.6,31.96,0.08,0.02,5.0,15.024,0.743,15527.0,46435.0,4,16,,,,,,,,,,,,,,,,,,,,,,,,,,,,,,,,,,,,,,,,,,,,,,,,,,,,,,,,,,,,,
21,3,,,,,,,100,100,66,18,229.1,2730,10801,36,0,19.8,13.8;2.8;15.1;11.8;4.1;3.3;91.5;92.3;33.9;43.7;77.9;81.3;0.8;0.8;0.0;0.0;0.0;0.3;0.0;0.0;1.5;0.5;0.3;0.3,31.93,0.08,0.04,4.87,15.024,0.743,7080.0,21728.0,4,16,,,,,,,,,,,,,,,,,,,,,,,,,,,,,,,,,,,,,,,,,,,,,,,,,,,,,,,,,,,,,
21,4,,,,,,,99,100,67,15,228.8,2730,10801,36,0,20.0,11.1;1.8;15.1;10.4;5.7;2.3;91.2;91.1;39.2;49.1;72.7;82.6;1.6;1.6;0.3;0.3;1.3;0.5;0.3;0.5;1.3;0.5;0.5;0.3,31.92,0.08,0.02,3.07,15.033,0.752,5664.0,34667.0,4,16,,,,,,,,,,,,,,,,,,,,,,,,,,,,,,,,,,,,,,,,,,,,,,,,,,,,,,,,,,,,,
21,5,,,,,,,99,100,66,18,228.1,2730,10801,36,0,20.5,15.7;2.1;18.2;9.9;5.5;3.6;90.4;91.7;31.8;45.7;79.2;91.1;0.3;1.3;0.3;0.0;1.3;0.3;0.0;0.3;2.8;0.0;0.3;0.5,31.91,0.08,0.03,3.13,15.024,0.743,4638.0,21679.0,4,16,,,,,,,,,,,,,,,,,,,,,,,,,,,,,,,,,,,,,,,,,,,,,,,,,,,,,,,,,,,,,
21,6,,,,,,,98,98,66,19,228.4,2730,10801,36,0,20.2,14.5;0.8;17.0;12.0;4.2;3.1;79.1;76.3;47.3;46.0;87.5;91.9;0.8;0.8;0.0;0.0;1.0;1.0;0.0;0.0;1.0;0.5;0.3;0.3,31.89,0.08,0.05,2.17,15.024,0.743,8105.0,20654.0,4,16,,,,,,,,,,,,,,,,,,,,,,,,,,,,,,,,,,,,,,,,,,,,,,,,,,,,,,,,,,,,,
21,7,,,,,,,100,74,66,18,230.1,2730,10801,36,0,20.0,16.3;3.6;10.0;11.0;4.9;3.1;83.8;80.8;38.8;41.9;88.7;90.5;1.5;0.3;1.0;0.3;0.5;0.3;0.3;0.5;0.8;0.8;0.0;0.5,31.88,0.08,0.01,1.54,15.024,0.743,29443.0,12304.0,4,16,,,,,,,,,,,,,,,,,,,,,,,,,,,,,,,,,,,,,,,,,,,,,,,,,,,,,,,,,,,,,
21,8,,,,,,,100,77,67,17,231.2,2730,10801,36,0,7.8,10.7;1.6;3.7;4.2;1.0;1.6;23.6;41.5;4.2;7.6;49.0;34.6;0.3;1.0;0.0;0.0;0.0;0.3;0.0;0.3;0.8;0.5;0.0;0.0,31.84,0.08,0.21,2.16,15.033,0.752,25683.0,19482.0,4,16,,,,,,,,,,,,,,,,,,,,,,,,,,,,,,,,,,,,,,,,,,,,,,,,,,,,,,,,,,,,,
21,9,,,,,,,97,95,67,16,227.9,2730,10801,36,0,6.2,11.3;0.5;1.6;1.1;0.5;1.1;21.2;27.2;2.7;6.0;19.0;54.9;0.5;0.0;0.0;0.5;0.0;0.0;0.0;0.0;0.0;0.0;0.0;1.1,31.83,0.08,0.04,1.51,15.028,0.747,13818.0,18994.0,4,16,,,,,,,,,,,,,,,,,,,,,,,,,,,,,,,,,,,,,,,,,,,,,,,,,,,,,,,,,,,,,
21,summary,0.31149905203222394,0.9899601045661144,0.2877860066095988,0.9975555555555555,0.00097884,47.1,,,,,,,,,,,,,,,,,,,,,,0,87.67,100,0,82.22,100,59,65.89,69,15,18.0,26,81.8,212.49,231.2,2731.7,10801.0,36.0,0,6.2,22.64,61.9,31.83,31.91,32.02,63.16,0.08,0.08,0.08,16.0,0.01,0.05,0.21,1.51,3.12,5.0,10.954,14.281,15.024,15.03,15.033,15.992,0.743,0.75,0.752,4638.0,15060.33,29443.0,12304.0,23469.56,46435.0,4,4.0,4,16,16.0,16,4,16,36.5,9.58
22,1,,,,,,,0,0,58,22,69.9,1470,10801,36,0,62.5,74.7;81.1;89.4;88.0;84.6;86.6;93.7;90.1;86.8;87.3;93.7;92.3;57.7;57.7;20.3;23.9;56.2;56.3;12.6;11.8;43.0;47.2;35.2;30.1,32.0,0.08,0.0,11.98,15.033,0.752,28222.0,11621.0,4,16,,,,,,,,,,,,,,,,,,,,,,,,,,,,,,,,,,,,,,,,,,,,,,,,,,,,,,,,,,,,,
22,2,,,,,,,100,77,66,17,228.8,2730,10801,36,0,28.7,22.0;14.6;27.3;28.1;16.7;19.7;82.3;84.4;50.3;52.6;91.4;94.0;12.2;11.9;5.2;5.5;9.6;10.9;3.9;5.5;10.7;10.9;9.9;8.8,31.94,0.08,0.02,5.05,15.024,0.743,7177.0,10107.0,4,16,,,,,,,,,,,,,,,,,,,,,,,,,,,,,,,,,,,,,,,,,,,,,,,,,,,,,,,,,,,,,
22,3,,,,,,,100,77,66,18,229.6,2730,10801,36,0,20.1,14.5;2.1;13.3;14.7;2.4;4.2;93.7;89.3;27.7;52.8;76.4;85.6;1.0;1.3;0.0;0.3;0.0;0.8;0.5;0.5;0.5;0.5;0.5;0.0,31.91,0.08,0.02,4.09,15.024,0.743,34912.0,12060.0,4,16,,,,,,,,,,,,,,,,,,,,,,,,,,,,,,,,,,,,,,,,,,,,,,,,,,,,,,,,,,,,,
22,4,,,,,,,97,96,67,17,227.2,2730,10801,36,0,20.6,15.1;3.6;11.3;12.0;5.4;5.6;85.5;91.8;42.7;39.9;84.7;88.5;1.3;1.0;0.3;0.5;0.3;0.8;0.8;0.8;1.0;0.3;0.3;1.0,31.89,0.08,0.03,3.89,15.024,0.743,8056.0,12207.0,4,16,,,,,,,,,,,,,,,,,,,,,,,,,,,,,,,,,,,,,,,,,,,,,,,,,,,,,,,,,,,,,
22,5,,,,,,,96,95,68,17,227.0,2730,10801,36,0,20.9,14.4;3.9;12.2;19.2;4.9;4.4;82.1;80.7;43.8;46.8;87.8;89.8;1.0;1.8;0.5;0.8;0.8;1.3;0.8;0.8;0.3;0.8;1.0;2.1,31.88,0.08,0.0,2.54,15.024,0.743,22607.0,61181.0,4,16,,,,,,,,,,,,,,,,,,,,,,,,,,,,,,,,,,,,,,,,,,,,,,,,,,,,,,,,,,,,,
22,6,,,,,,,96,95,69,17,227.1,2730,10801,36,0,20.8,13.7;2.8;16.2;11.1;4.1;7.0;80.8;71.8;44.2;51.6;91.0;90.4;1.6;1.8;0.8;0.0;1.3;1.6;1.0;0.8;1.0;1.6;0.8;1.3,31.86,0.08,0.02,2.7,15.024,0.743,21777.0,37744.0,4,16,,,,,,,,,,,,,,,,,,,,,,,,,,,,,,,,,,,,,,,,,,,,,,,,,,,,,,,,,,,,,
22,7,,,,,,,96,93,66,18,227.1,2730,10801,36,0,20.3,15.0;2.9;16.9;11.5;4.4;3.9;92.2;86.0;42.6;56.1;65.1;83.1;1.0;2.1;0.0;0.0;0.0;0.3;0.3;0.0;1.0;1.6;0.0;0.5,31.85,0.08,0.12,2.44,15.024,0.743,4443.0,19042.0,4,16,,,,,,,,,,,,,,,,,,,,,,,,,,,,,,,,,,,,,,,,,,,,,,,,,,,,,,,,,,,,,
22,8,,,,,,,100,82,66,17,229.8,2730,10801,36,0,7.3,12.7;0.5;1.3;1.0;1.0;0.8;36.3;40.8;6.7;6.5;41.5;23.3;1.0;0.3;0.0;0.0;0.0;0.3;0.3;0.3;0.0;0.0;0.3;0.8,31.85,0.08,0.04,1.88,15.024,0.743,6787.0,19433.0,4,16,,,,,,,,,,,,,,,,,,,,,,,,,,,,,,,,,,,,,,,,,,,,,,,,,,,,,,,,,,,,,
22,9,,,,,,,96,93,69,15,228.4,2730,10801,36,0,7.5,17.2;0.5;1.1;4.4;0.5;1.6;14.1;48.6;2.7;6.6;19.7;55.2;0.0;0.0;0.6;0.0;0.0;1.1;0.0;0.5;3.8;0.0;0.0;1.1,31.83,0.08,0.05,2.15,15.024,0.743,6005.0,39453.0,4,16,,,,,,,,,,,,,,,,,,,,,,,,,,,,,,,,,,,,,,,,,,,,,,,,,,,,,,,,,,,,,
22,summary,0.3102298886974003,0.9904223633034877,0.2876762830151452,0.9977777777777778,0.00097649,47.1,,,,,,,,,,,,,,,,,,,,,,0,86.78,100,0,78.67,96,58,66.11,69,15,17.56,22,69.9,210.54,229.8,2590.0,10801.0,36.0,0,7.3,23.19,62.5,31.83,31.89,32.0,63.16,0.08,0.08,0.08,16.0,0.0,0.03,0.12,1.88,4.08,11.98,10.953,14.281,15.024,15.02,15.033,15.992,0.743,0.74,0.752,4443.0,15554.0,34912.0,10107.0,24760.89,61181.0,4,4.0,4,16,16.0,16,4,16,36.68,9.37
23,1,,,,,,,0,0,59,26,81.2,2745,10801,36,0,61.8,75.5;78.1;86.2;89.4;84.8;84.1;90.7;92.7;84.8;84.8;86.1;97.4;57.0;57.6;21.3;22.5;56.3;52.3;11.3;14.4;43.0;44.4;37.1;31.8,32.01,0.08,0.06,3.96,15.033,0.752,8447.0,32128.0,4,16,,,,,,,,,,,,,,,,,,,,,,,,,,,,,,,,,,,,,,,,,,,,,,,,,,,,,,,,,,,,,
23,2,,,,,,,96,94,66,19,227.2,2730,10801,36,0,26.1,18.7;8.9;27.7;23.0;15.4;11.0;82.8;89.6;51.2;52.2;89.6;89.3;7.0;7.0;3.7;4.4;7.8;7.6;1.8;3.4;7.0;5.5;6.5;6.0,31.93,0.08,0.01,5.93,15.024,0.743,4638.0,15478.0,4,16,,,,,,,,,,,,,,,,,,,,,,,,,,,,,,,,,,,,,,,,,,,,,,,,,,,,,,,,,,,,,
23,3,,,,,,,96,93,66,16,226.9,2730,10801,36,0,20.7,13.1;1.8;13.1;9.7;5.5;3.7;92.4;83.8;49.1;43.1;85.6;88.3;1.6;1.0;0.0;0.0;0.8;0.8;0.3;0.3;0.5;1.0;0.0;1.6,31.91,0.08,0.09,4.01,15.033,0.752,9326.0,23779.0,4,16,,,,,,,,,,,,,,,,,,,,,,,,,,,,,,,,,,,,,,,,,,,,,,,,,,,,,,,,,,,,,
23,4,,,,,,,100,92,66,18,230.6,2730,10801,36,0,20.5,15.5;3.1;11.1;17.0;4.6;7.2;83.3;75.6;46.2;43.2;85.3;84.4;1.3;1.5;0.5;0.3;1.3;0.3;0.5;1.3;0.8;2.3;1.8;3.8,31.89,0.08,0.05,3.79,15.024,0.743,10644.0,12744.0,4,16,,,,,,,,,,,,,,,,,,,,,,,,,,,,,,,,,,,,,,,,,,,,,,,,,,,,,,,,,,,,,
23,5,,,,,,,100,95,65,18,230.4,2730,10801,36,0,21.0,16.1;3.4;16.6;14.5;6.0;6.5;82.9;86.5;42.0;44.2;80.8;92.7;2.3;1.0;0.5;0.0;1.6;1.6;0.5;0.0;1.0;1.0;0.8;0.8,31.87,0.08,0.03,2.43,15.024,0.743,28808.0,11376.0,4,16,,,,,,,,,,,,,,,,,,,,,,,,,,,,,,,,,,,,,,,,,,,,,,,,,,,,,,,,,,,,,
23,6,,,,,,,100,97,68,17,227.8,2730,10801,36,0,20.8,15.1;1.8;11.8;15.2;4.5;6.3;83.8;86.9;40.7;51.8;86.4;86.9;1.0;1.3;0.3;0.8;0.5;0.8;0.0;0.0;1.0;0.5;0.3;1.3,31.87,0.08,0.01,2.03,15.024,0.743,17626.0,35449.0,4,16,,,,,,,,,,,,,,,,,,,,,,,,,,,,,,,,,,,,,,,,,,,,,,,,,,,,,,,,,,,,,
23,7,,,,,,,96,92,67,18,227.7,2730,10801,36,0,19.7,12.4;1.3;9.8;15.5;3.1;4.9;86.3;93.5;34.6;40.6;78.9;89.4;0.5;0.8;0.3;0.3;0.8;0.3;0.0;0.0;0.5;0.5;0.0;0.5,31.86,0.08,0.02,1.93,15.024,0.743,29101.0,10009.0,4,16,,,,,,,,,,,,,,,,,,,,,,,,,,,,,,,,,,,,,,,,,,,,,,,,,,,,,,,,,,,,,
23,8,,,,,,,100,92,68,17,228.9,2730,10801,36,0,7.6,14.3;0.5;2.6;2.6;1.6;1.0;24.4;34.9;4.9;6.2;44.8;42.7;0.0;0.5;0.0;0.0;0.3;0.3;0.0;0.0;0.5;0.0;0.3;0.5,31.85,0.08,0.03,1.4,15.024,0.743,7910.0,12597.0,4,16,,,,,,,,,,,,,,,,,,,,,,,,,,,,,,,,,,,,,,,,,,,,,,,,,,,,,,,,,,,,,
23,9,,,,,,,96,95,65,18,227.6,2730,10801,36,0,8.6,17.9;2.2;4.3;3.2;1.6;1.1;27.3;29.3;3.2;10.2;14.1;81.0;0.5;0.5;0.0;0.5;0.0;0.0;0.0;0.5;4.8;1.1;0.0;1.1,31.85,0.08,0.0,1.39,15.024,0.743,8593.0,17187.0,4,16,,,,,,,,,,,,,,,,,,,,,,,,,,,,,,,,,,,,,,,,,,,,,,,,,,,,,,,,,,,,,
23,summary,0.3090249506966414,0.9907844280288194,0.2880913268460168,0.9978888888888889,0.00097401,47.2,,,,,,,,,,,,,,,,,,,,,,0,87.11,100,0,83.33,97,59,65.56,68,16,18.56,26,81.2,212.03,230.6,2731.7,10801.0,36.0,0,7.6,22.98,61.8,31.85,31.89,32.01,63.16,0.08,0.08,0.08,16.0,0.0,0.03,0.09,1.39,2.99,5.93,10.952,14.281,15.024,15.03,15.033,15.992,0.743,0.74,0.752,4638.0,13899.22,29101.0,10009.0,18971.89,35449.0,4,4.0,4,16,16.0,16,4,16,36.91,9.26
24,1,,,,,,,0,0,59,26,69.1,2745,10801,36,0,61.2,84.0;78.9;89.4;85.2;84.5;83.8;94.3;92.9;85.9;88.0;85.9;96.5;55.6;58.0;20.4;21.8;50.7;50.0;13.4;16.1;38.2;46.2;26.8;23.9,32.0,0.08,0.55,13.08,15.033,0.752,4199.0,17333.0,4,16,,,,,,,,,,,,,,,,,,,,,,,,,,,,,,,,,,,,,,,,,,,,,,,,,,,,,,,,,,,,,
24,2,,,,,,,100,77,67,17,229.5,2730,10801,36,0,28.5,25.5;14.1;33.2;26.4;19.0;20.5;83.8;93.2;50.9;50.1;88.0;84.6;11.2;11.7;6.0;5.0;10.2;10.2;2.3;2.6;9.6;10.2;6.0;10.2,31.95,0.08,0.03,5.09,15.024,0.743,5175.0,38769.0,4,16,,,,,,,,,,,,,,,,,,,,,,,,,,,,,,,,,,,,,,,,,,,,,,,,,,,,,,,,,,,,,
24,3,,,,,,,100,77,68,19,229.6,2730,10801,36,0,20.4,13.8;2.1;14.6;9.9;4.4;6.0;93.2;91.4;35.8;46.6;76.6;86.2;1.0;1.6;0.0;0.5;0.8;1.0;0.3;0.0;1.6;0.8;1.0;1.0,31.91,0.08,0.0,4.86,15.028,0.747,4687.0,35449.0,4,16,,,,,,,,,,,,,,,,,,,,,,,,,,,,,,,,,,,,,,,,,,,,,,,,,,,,,,,,,,,,,
24,4,,,,,,,100,75,69,16,230.5,2730,10801,36,0,20.6,19.8;1.5;16.6;8.7;7.2;4.7;86.0;86.0;37.9;43.8;89.5;82.8;1.5;1.2;0.5;0.5;1.0;0.5;0.0;0.0;2.2;0.2;0.5;0.2,31.9,0.08,0.04,2.95,15.028,0.747,2636.0,146.0,4,16,,,,,,,,,,,,,,,,,,,,,,,,,,,,,,,,,,,,,,,,,,,,,,,,,,,,,,,,,,,,,
24,5,,,,,,,100,77,68,17,229.6,2730,10801,36,0,19.2,12.9;0.5;14.6;7.3;3.7;2.9;84.1;79.9;46.1;44.9;77.3;83.4;1.0;0.5;0.0;0.0;0.3;0.0;0.3;0.0;0.0;0.3;0.0;0.0,31.88,0.08,0.02,3.09,15.024,0.743,6103.0,20019.0,4,16,,,,,,,,,,,,,,,,,,,,,,,,,,,,,,,,,,,,,,,,,,,,,,,,,,,,,,,,,,,,,
24,6,,,,,,,100,78,69,18,229.4,2730,10801,36,0,21.3,17.8;4.4;15.4;15.1;4.4;6.2;88.3;83.5;32.6;50.7;93.8;84.9;1.8;1.8;0.8;0.8;1.3;1.0;0.5;0.3;2.3;1.6;1.3;0.8,31.86,0.08,0.02,2.08,15.024,0.743,8593.0,12841.0,4,16,,,,,,,,,,,,,,,,,,,,,,,,,,,,,,,,,,,,,,,,,,,,,,,,,,,,,,,,,,,,,
24,7,,,,,,,100,76,69,17,229.7,2730,10801,36,0,20.0,9.3;2.1;12.0;13.2;4.4;2.3;82.3;79.7;42.1;39.4;92.5;93.5;1.0;2.1;0.0;0.0;0.8;1.3;0.0;0.0;1.8;0.0;0.0;1.0,31.85,0.08,0.07,1.63,15.024,0.743,22900.0,37353.0,4,16,,,,,,,,,,,,,,,,,,,,,,,,,,,,,,,,,,,,,,,,,,,,,,,,,,,,,,,,,,,,,
24,8,,,,,,,100,81,68,19,230.6,2730,10801,36,0,7.7,10.8;0.8;5.0;3.5;0.8;2.5;37.8;43.6;8.1;6.0;26.4;31.6;0.8;1.5;0.5;0.5;0.5;0.3;0.8;0.0;2.2;0.3;0.3;0.0,31.84,0.08,0.04,1.72,15.024,0.743,0.0,1611.0,4,16,,,,,,,,,,,,,,,,,,,,,,,,,,,,,,,,,,,,,,,,,,,,,,,,,,,,,,,,,,,,,
24,9,,,,,,,96,95,67,16,227.3,2730,10801,36,0,7.1,11.6;1.7;0.6;2.2;2.2;0.0;17.0;32.0;5.5;6.6;39.2;47.0;0.6;0.0;0.0;0.0;0.0;0.6;0.0;0.0;0.6;0.6;0.0;0.0,31.83,0.08,0.02,1.49,15.033,0.752,27685.0,15966.0,4,16,,,,,,,,,,,,,,,,,,,,,,,,,,,,,,,,,,,,,,,,,,,,,,,,,,,,,,,,,,,,,
24,summary,0.30817825610639815,0.9911055042946797,0.28639475207858617,0.9984444444444445,0.00097142,47.3,,,,,,,,,,,,,,,,,,,,,,0,88.44,100,0,70.67,95,59,67.11,69,16,18.33,26,69.1,211.7,230.6,2731.7,10801.0,36.0,0,7.1,22.89,61.2,31.83,31.89,32.0,63.16,0.08,0.08,0.08,16.0,0.0,0.09,0.55,1.49,4.0,13.08,10.952,14.281,15.024,15.03,15.033,15.992,0.743,0.75,0.752,0.0,9108.67,27685.0,146.0,19943.0,38769.0,4,4.0,4,16,16.0,16,4,16,36.99,9.32
25,1,,,,,,,1,0,58,26,68.4,1575,10801,36,0,60.6,75.9;75.0;84.0;84.6;81.1;82.8;87.5;92.4;85.5;84.0;86.8;93.1;54.5;56.6;15.3;20.8;50.3;56.6;12.0;11.8;41.7;48.3;40.0;43.2,32.04,0.08,0.04,12.72,15.033,0.752,8447.0,12158.0,4,16,,,,,,,,,,,,,,,,,,,,,,,,,,,,,,,,,,,,,,,,,,,,,,,,,,,,,,,,,,,,,
25,2,,,,,,,98,81,66,17,228.1,2730,10801,36,0,28.4,22.7;14.3;26.3;23.4;15.8;15.7;97.9;92.4;58.2;50.9;81.2;86.5;10.2;10.7;5.7;6.0;9.4;8.9;3.4;4.2;10.6;10.4;8.1;7.8,31.97,0.08,0.03,5.92,15.024,0.743,22851.0,12353.0,4,16,,,,,,,,,,,,,,,,,,,,,,,,,,,,,,,,,,,,,,,,,,,,,,,,,,,,,,,,,,,,,
25,3,,,,,,,98,81,66,18,227.6,2730,10801,36,0,20.5,11.8;2.3;13.7;10.9;5.2;6.5;92.7;87.0;46.3;42.5;82.7;83.9;1.3;0.3;0.3;0.3;0.3;0.5;0.3;0.3;0.8;0.3;0.3;0.5,31.94,0.08,0.02,5.74,15.053,0.772,22949.0,36962.0,4,16,,,,,,,,,,,,,,,,,,,,,,,,,,,,,,,,,,,,,,,,,,,,,,,,,,,,,,,,,,,,,
25,4,,,,,,,100,83,66,18,228.2,2730,10801,36,0,20.9,14.0;2.9;12.2;16.6;5.5;5.2;89.0;96.4;41.5;35.8;81.5;88.3;1.3;1.0;0.5;1.0;1.0;0.8;0.5;0.3;3.1;2.1;1.6;1.3,31.93,0.08,0.02,3.77,15.041,0.76,18408.0,40087.0,4,16,,,,,,,,,,,,,,,,,,,,,,,,,,,,,,,,,,,,,,,,,,,,,,,,,,,,,,,,,,,,,
25,5,,,,,,,94,91,66,18,226.8,2730,10801,36,0,20.8,15.0;5.4;12.5;14.8;4.4;4.9;72.2;88.7;33.1;50.1;88.5;95.6;2.1;1.8;1.5;1.5;1.0;1.8;0.5;0.8;1.5;1.8;0.5;0.3,31.9,0.08,0.07,2.99,15.041,0.76,16064.0,17578.0,4,16,,,,,,,,,,,,,,,,,,,,,,,,,,,,,,,,,,,,,,,,,,,,,,,,,,,,,,,,,,,,,
25,6,,,,,,,96,93,66,18,226.8,2730,10801,36,0,20.9,14.7;2.3;13.3;14.6;5.2;5.2;74.4;85.6;39.6;50.7;90.3;95.6;1.8;1.3;0.5;0.5;0.8;1.6;0.0;0.8;0.8;0.5;0.5;0.3,31.88,0.08,0.05,2.99,15.041,0.76,8105.0,45800.0,4,16,,,,,,,,,,,,,,,,,,,,,,,,,,,,,,,,,,,,,,,,,,,,,,,,,,,,,,,,,,,,,
25,7,,,,,,,96,95,66,17,227.6,2730,10801,36,0,20.5,14.5;2.1;13.4;14.7;7.0;2.3;80.4;83.5;36.9;42.6;89.7;88.4;2.3;2.1;0.5;1.0;1.0;1.5;0.8;0.8;2.3;1.0;1.0;2.8,31.86,0.08,0.01,2.06,15.041,0.76,4394.0,15869.0,4,16,,,,,,,,,,,,,,,,,,,,,,,,,,,,,,,,,,,,,,,,,,,,,,,,,,,,,,,,,,,,,
25,8,,,,,,,98,96,67,18,227.9,2730,10801,36,0,7.7,12.4;0.8;1.8;2.6;1.0;1.0;19.7;45.1;6.8;7.1;49.1;33.9;1.0;0.0;0.3;0.3;0.0;0.0;0.0;0.3;0.3;0.0;0.5;0.3,31.86,0.08,0.03,1.77,15.041,0.76,8447.0,15673.0,4,16,,,,,,,,,,,,,,,,,,,,,,,,,,,,,,,,,,,,,,,,,,,,,,,,,,,,,,,,,,,,,
25,9,,,,,,,100,77,66,19,229.8,2730,10801,36,0,7.6,14.2;3.0;2.5;2.5;2.5;4.0;33.7;26.4;5.0;6.5;34.8;34.3;0.5;1.5;1.5;1.0;0.5;0.5;0.0;0.0;2.5;3.0;0.5;1.5,31.85,0.08,0.0,1.29,15.041,0.76,341.0,390.0,4,16,,,,,,,,,,,,,,,,,,,,,,,,,,,,,,,,,,,,,,,,,,,,,,,,,,,,,,,,,,,,,
25,summary,0.3082870994903764,0.9910462987421097,0.2859018999735514,0.9986666666666667,0.00096871,47.2,,,,,,,,,,,,,,,,,,,,,,1,86.78,100,0,77.44,96,58,65.22,67,17,18.78,26,68.4,210.13,229.8,2601.7,10801.0,36.0,0,7.6,23.1,60.6,31.85,31.91,32.04,63.16,0.08,0.08,0.08,16.0,0.0,0.03,0.07,1.29,4.36,12.72,10.952,14.281,15.024,15.04,15.053,15.992,0.743,0.76,0.772,341.0,12222.89,22949.0,390.0,21874.44,45800.0,4,4.0,4,16,16.0,16,4,16,36.81,9.42
26,1,,,,,,,0,0,58,24,57.0,1455,10801,36,0,62.9,69.4;75.2;85.1;89.4;76.1;82.3;90.8;90.8;75.5;84.4;93.0;90.1;47.6;52.8;30.1;35.7;46.5;53.8;34.7;31.9;44.8;42.7;44.8;45.8,32.04,0.08,0.04,5.68,15.05,0.769,6787.0,36279.0,4,16,,,,,,,,,,,,,,,,,,,,,,,,,,,,,,,,,,,,,,,,,,,,,,,,,,,,,,,,,,,,,
26,2,,,,,,,100,84,65,18,229.2,2730,10801,36,0,27.7,21.1;12.2;30.4;23.0;16.8;14.2;97.4;93.8;52.6;47.0;86.5;80.9;9.8;11.1;4.1;3.1;9.8;11.1;3.6;2.6;9.8;9.3;7.0;8.3,31.98,0.08,0.0,5.84,15.041,0.76,51171.0,189355.0,4,16,,,,,,,,,,,,,,,,,,,,,,,,,,,,,,,,,,,,,,,,,,,,,,,,,,,,,,,,,,,,,
26,3,,,,,,,100,75,66,17,230.0,2730,10801,36,0,20.5,16.0;2.1;17.2;11.5;4.9;5.5;86.2;82.8;27.3;54.7;89.1;86.2;1.6;1.8;0.5;0.0;0.8;0.5;0.0;0.3;1.0;1.0;0.5;1.0,31.95,0.08,0.02,4.75,15.041,0.76,10546.0,10156.0,4,16,,,,,,,,,,,,,,,,,,,,,,,,,,,,,,,,,,,,,,,,,,,,,,,,,,,,,,,,,,,,,
26,4,,,,,,,100,76,66,18,229.7,2730,10801,36,0,20.4,12.6;2.4;14.4;9.4;5.0;3.1;78.8;78.3;39.8;52.4;94.0;93.7;1.0;1.3;0.3;0.5;0.5;0.5;0.3;0.5;0.5;0.5;0.5;0.5,31.92,0.08,0.01,4.72,15.041,0.76,4296.0,36181.0,4,16,,,,,,,,,,,,,,,,,,,,,,,,,,,,,,,,,,,,,,,,,,,,,,,,,,,,,,,,,,,,,
26,5,,,,,,,100,82,66,20,230.7,2730,10801,36,0,20.5,16.5;4.6;15.1;9.7;7.4;5.4;70.0;76.4;34.9;50.4;93.9;95.6;1.3;2.3;0.8;1.3;0.8;1.0;0.5;0.5;2.3;1.3;1.0;0.5,31.9,0.08,0.01,2.88,15.041,0.76,23681.0,12060.0,4,16,,,,,,,,,,,,,,,,,,,,,,,,,,,,,,,,,,,,,,,,,,,,,,,,,,,,,,,,,,,,,
26,6,,,,,,,96,79,68,18,228.1,2730,10801,36,0,21.1,16.0;2.6;9.1;16.9;5.2;5.5;89.9;87.0;44.8;36.4;92.8;92.2;1.6;1.0;0.0;0.3;0.8;0.5;0.3;0.8;0.0;0.8;0.8;0.5,31.89,0.08,0.05,2.88,15.041,0.76,11230.0,38720.0,4,16,,,,,,,,,,,,,,,,,,,,,,,,,,,,,,,,,,,,,,,,,,,,,,,,,,,,,,,,,,,,,
26,7,,,,,,,97,78,67,17,228.6,2730,10801,36,0,20.5,16.5;3.4;10.2;11.0;6.0;4.4;94.3;94.3;32.4;45.7;82.8;82.5;2.1;1.0;0.5;0.8;1.6;0.8;0.5;0.3;0.5;0.3;0.0;0.8,31.87,0.08,0.04,2.1,15.041,0.76,15576.0,12646.0,4,16,,,,,,,,,,,,,,,,,,,,,,,,,,,,,,,,,,,,,,,,,,,,,,,,,,,,,,,,,,,,,
26,8,,,,,,,100,79,67,17,228.8,2730,10801,36,0,7.7,10.5;0.8;4.2;3.4;1.8;1.6;38.4;56.6;5.3;5.8;30.0;23.4;0.8;0.0;0.0;0.3;1.3;0.3;0.0;0.0;0.3;0.0;0.0;1.1,31.86,0.08,0.0,1.39,15.041,0.76,7861.0,13818.0,4,16,,,,,,,,,,,,,,,,,,,,,,,,,,,,,,,,,,,,,,,,,,,,,,,,,,,,,,,,,,,,,
26,9,,,,,,,98,95,66,17,227.5,2730,10801,36,0,7.5,13.3;1.1;2.2;1.6;1.1;1.6;42.4;20.1;7.6;4.3;65.8;16.3;1.1;0.0;0.0;0.5;0.5;0.5;0.5;0.0;0.5;0.0;0.0;0.0,31.86,0.08,0.01,1.42,15.041,0.76,8447.0,34667.0,4,16,,,,,,,,,,,,,,,,,,,,,,,,,,,,,,,,,,,,,,,,,,,,,,,,,,,,,,,,,,,,,
26,summary,0.3076838523433705,0.9912626267226539,0.2869958902729882,0.9983333333333333,0.00096588,46.9,,,,,,,,,,,,,,,,,,,,,,0,87.89,100,0,72.0,95,58,65.44,68,17,18.44,24,57.0,209.96,230.7,2588.3,10801.0,36.0,0,7.5,23.2,62.9,31.86,31.92,32.04,63.16,0.08,0.08,0.08,16.0,0.0,0.02,0.05,1.39,3.52,5.84,10.953,14.281,15.041,15.04,15.05,15.992,0.76,0.76,0.769,4296.0,15510.56,51171.0,10156.0,42653.56,189355.0,4,4.0,4,16,16.0,16,4,16,36.74,9.2
27,1,,,,,,,0,0,58,23,69.8,1680,10801,36,0,61.6,78.6;82.5;86.7;86.7;80.4;83.2;89.6;98.6;85.3;85.3;86.7;94.4;58.7;57.3;18.2;25.0;47.6;57.3;16.1;11.9;37.8;41.3;32.2;36.4,32.04,0.08,0.04,4.71,15.05,0.769,8984.0,9716.0,4,16,,,,,,,,,,,,,,,,,,,,,,,,,,,,,,,,,,,,,,,,,,,,,,,,,,,,,,,,,,,,,
27,2,,,,,,,100,83,65,18,229.6,2730,10801,36,0,27.3,24.9;10.8;18.5;26.4;11.8;13.6;85.4;91.3;50.6;51.2;91.8;89.5;10.1;8.7;5.4;6.4;8.5;9.5;3.6;3.1;7.9;8.5;7.7;8.0,31.96,0.08,0.0,5.92,15.041,0.76,30761.0,166308.0,4,16,,,,,,,,,,,,,,,,,,,,,,,,,,,,,,,,,,,,,,,,,,,,,,,,,,,,,,,,,,,,,
27,3,,,,,,,100,85,65,17,229.1,2730,10801,36,0,21.4,14.3;5.7;14.2;14.2;5.2;6.5;89.6;69.2;49.0;44.0;89.4;92.2;2.3;2.3;1.0;1.0;2.6;2.1;1.0;0.8;3.3;1.6;1.3;1.3,31.93,0.08,0.04,3.91,15.041,0.76,22753.0,131689.0,4,16,,,,,,,,,,,,,,,,,,,,,,,,,,,,,,,,,,,,,,,,,,,,,,,,,,,,,,,,,,,,,
27,4,,,,,,,100,91,65,17,230.1,2730,10801,36,0,21.7,17.5;3.6;15.2;15.1;5.7;6.2;77.1;77.6;34.5;56.5;96.6;93.8;3.4;2.6;0.5;1.0;1.0;2.1;1.0;1.0;2.6;2.9;1.8;0.8,31.89,0.08,0.01,3.05,15.041,0.76,29833.0,174902.0,4,16,,,,,,,,,,,,,,,,,,,,,,,,,,,,,,,,,,,,,,,,,,,,,,,,,,,,,,,,,,,,,
27,5,,,,,,,100,93,65,17,229.6,2730,10801,36,0,20.0,15.7;1.6;12.0;11.0;4.7;3.9;87.8;90.6;29.0;53.5;78.3;85.9;0.5;0.8;0.0;0.3;0.8;0.5;0.0;0.0;0.8;1.0;0.3;0.3,31.88,0.08,0.02,3.1,15.045,0.764,6787.0,178027.0,4,16,,,,,,,,,,,,,,,,,,,,,,,,,,,,,,,,,,,,,,,,,,,,,,,,,,,,,,,,,,,,,
27,6,,,,,,,100,83,67,18,228.3,2730,10801,36,0,19.4,15.1;0.5;11.5;11.0;1.8;3.3;89.0;83.6;44.9;40.8;77.0;82.9;1.5;0.5;0.3;0.0;0.5;0.3;0.0;0.3;0.8;0.0;0.3;0.3,31.87,0.08,0.02,2.02,15.041,0.76,22119.0,19335.0,4,16,,,,,,,,,,,,,,,,,,,,,,,,,,,,,,,,,,,,,,,,,,,,,,,,,,,,,,,,,,,,,
27,7,,,,,,,100,80,66,17,228.1,2730,10801,36,0,20.5,11.9;2.1;19.6;12.0;4.4;3.4;90.9;89.3;52.9;33.7;79.1;81.8;2.1;0.8;0.8;0.8;0.3;0.3;0.3;0.5;1.6;0.5;1.0;2.1,31.87,0.08,0.0,1.88,15.041,0.76,7226.0,12695.0,4,16,,,,,,,,,,,,,,,,,,,,,,,,,,,,,,,,,,,,,,,,,,,,,,,,,,,,,,,,,,,,,
27,8,,,,,,,99,78,66,18,229.6,2730,10801,36,0,7.7,11.7;1.0;5.2;2.1;0.5;0.8;26.9;46.9;7.6;6.3;34.6;38.7;0.0;0.5;0.0;0.3;0.5;0.0;0.0;0.0;0.0;0.3;0.0;0.0,31.86,0.08,0.03,1.44,15.041,0.76,62646.0,45068.0,4,16,,,,,,,,,,,,,,,,,,,,,,,,,,,,,,,,,,,,,,,,,,,,,,,,,,,,,,,,,,,,,
27,9,,,,,,,97,94,66,18,227.2,2730,10801,36,0,6.7,11.8;0.0;2.2;2.7;0.5;0.0;31.0;22.3;6.0;4.3;63.6;14.1;0.5;0.5;0.0;0.0;0.0;0.0;0.0;0.0;0.0;0.0;0.0;0.0,31.86,0.08,0.02,1.48,15.041,0.76,26708.0,12451.0,4,16,,,,,,,,,,,,,,,,,,,,,,,,,,,,,,,,,,,,,,,,,,,,,,,,,,,,,,,,,,,,,
27,summary,0.30699206106597837,0.9914539062001876,0.286275195201238,0.9991111111111111,0.00096293,47.1,,,,,,,,,,,,,,,,,,,,,,0,88.44,100,0,76.33,94,58,64.78,67,17,18.11,23,69.8,211.27,230.1,2613.3,10801.0,36.0,0,6.7,22.92,61.6,31.86,31.91,32.04,63.16,0.08,0.08,0.08,16.0,0.0,0.02,0.04,1.44,3.06,5.92,10.953,14.281,15.041,15.04,15.05,15.992,0.76,0.76,0.769,6787.0,24201.89,62646.0,9716.0,83354.56,178027.0,4,4.0,4,16,16.0,16,4,16,36.82,9.24
28,1,,,,,,,0,0,58,26,80.8,2745,10801,36,0,62.0,82.9;83.6;87.9;86.4;84.3;82.9;92.9;92.9;87.1;90.8;88.6;93.6;61.4;70.0;15.2;18.7;52.1;57.9;9.4;6.5;46.0;43.3;32.6;27.0,32.02,0.08,0.24,12.7,15.05,0.769,8740.0,24267.0,4,16,,,,,,,,,,,,,,,,,,,,,,,,,,,,,,,,,,,,,,,,,,,,,,,,,,,,,,,,,,,,,
28,2,,,,,,,98,96,66,19,215.9,2730,10801,36,0,28.1,26.1;13.8;22.3;25.3;17.9;16.1;84.7;89.0;45.2;58.9;90.6;96.7;11.8;11.5;2.8;2.0;9.7;10.0;1.0;1.0;9.4;10.0;5.1;10.2,31.96,0.08,0.1,5.15,15.041,0.76,4638.0,44091.0,4,16,,,,,,,,,,,,,,,,,,,,,,,,,,,,,,,,,,,,,,,,,,,,,,,,,,,,,,,,,,,,,
28,3,,,,,,,100,100,65,18,228.6,2730,10801,36,0,21.0,13.6;3.4;12.0;11.2;6.0;5.0;78.6;79.2;39.9;52.2;93.5;97.9;1.6;1.8;0.5;0.5;0.5;1.3;0.3;0.8;1.3;1.0;1.0;1.6,31.92,0.08,0.1,5.07,15.041,0.76,26855.0,29541.0,4,16,,,,,,,,,,,,,,,,,,,,,,,,,,,,,,,,,,,,,,,,,,,,,,,,,,,,,,,,,,,,,
28,4,,,,,,,100,100,67,16,228.5,2730,10801,36,0,19.9,11.2;1.8;9.1;15.4;5.0;3.7;86.9;81.0;36.3;46.0;89.1;87.2;0.5;0.3;0.0;0.0;0.3;0.0;0.0;0.0;1.0;0.3;0.3;1.6,31.91,0.08,0.05,3.1,15.041,0.76,23242.0,18261.0,4,16,,,,,,,,,,,,,,,,,,,,,,,,,,,,,,,,,,,,,,,,,,,,,,,,,,,,,,,,,,,,,
28,5,,,,,,,99,100,67,19,228.3,2730,10801,36,0,20.7,13.9;3.4;13.0;13.5;5.7;3.4;93.0;92.7;36.8;43.0;83.1;83.3;2.6;1.3;0.5;0.0;1.3;1.6;0.8;0.3;0.3;1.8;0.5;1.3,31.89,0.08,0.01,2.59,15.045,0.764,22753.0,12695.0,4,16,,,,,,,,,,,,,,,,,,,,,,,,,,,,,,,,,,,,,,,,,,,,,,,,,,,,,,,,,,,,,
28,6,,,,,,,100,76,66,16,218.2,2730,10801,36,0,20.9,19.7;3.3;15.6;10.5;5.9;7.1;91.5;96.2;45.4;38.5;74.4;82.9;0.5;2.0;0.5;0.5;0.5;1.8;0.0;0.3;1.5;0.8;0.5;2.8,31.88,0.08,0.02,2.52,15.041,0.76,6884.0,13330.0,4,16,,,,,,,,,,,,,,,,,,,,,,,,,,,,,,,,,,,,,,,,,,,,,,,,,,,,,,,,,,,,,
28,7,,,,,,,100,82,66,18,230.5,2730,10801,36,0,20.8,20.0;2.3;13.3;8.6;3.1;6.0;89.3;90.1;50.9;34.9;84.9;82.8;2.1;1.8;0.5;0.3;0.3;1.3;0.8;0.8;1.3;0.5;0.8;1.8,31.87,0.08,0.0,1.54,15.041,0.76,4541.0,26611.0,4,16,,,,,,,,,,,,,,,,,,,,,,,,,,,,,,,,,,,,,,,,,,,,,,,,,,,,,,,,,,,,,
28,8,,,,,,,100,89,65,18,231.3,2730,10801,36,0,9.7,17.5;4.4;5.7;5.7;1.3;3.9;46.7;57.2;6.8;12.0;30.3;22.2;2.1;2.9;0.3;0.5;1.1;1.6;0.5;0.3;1.8;1.3;1.1;3.6,31.87,0.08,0.07,1.88,15.041,0.76,6005.0,20117.0,4,16,,,,,,,,,,,,,,,,,,,,,,,,,,,,,,,,,,,,,,,,,,,,,,,,,,,,,,,,,,,,,
28,9,,,,,,,97,95,69,18,227.9,2730,10801,36,0,6.9,13.2;1.6;3.2;3.8;1.1;1.6;45.9;20.5;8.1;2.7;29.7;29.2;0.5;0.0;0.0;1.6;0.0;0.5;0.5;0.0;0.0;0.5;1.1;0.0,31.86,0.08,0.01,1.42,15.041,0.76,8056.0,29638.0,4,16,,,,,,,,,,,,,,,,,,,,,,,,,,,,,,,,,,,,,,,,,,,,,,,,,,,,,,,,,,,,,
28,summary,0.3062361082667319,0.9917499339630376,0.28628533167309234,0.9984444444444445,0.00095986,47.0,,,,,,,,,,,,,,,,,,,,,,0,88.22,100,0,82.0,100,58,65.44,69,16,18.67,26,80.8,210.0,231.3,2731.7,10801.0,36.0,0,6.9,23.33,62.0,31.86,31.91,32.02,63.16,0.08,0.08,0.08,16.0,0.0,0.07,0.24,1.42,4.0,12.7,10.953,14.281,15.041,15.04,15.05,15.992,0.76,0.76,0.769,4541.0,12412.67,26855.0,12695.0,24283.44,44091.0,4,4.0,4,16,16.0,16,4,16,36.54,9.47
29,1,,,,,,,0,0,58,25,67.9,1575,10801,36,0,63.1,85.0;82.4;86.6;83.8;80.4;82.4;97.2;92.3;86.6;83.8;88.7;90.8;62.0;66.2;26.1;25.9;51.4;50.0;19.7;21.8;33.6;40.8;37.3;38.7,32.01,0.08,0.0,3.68,15.05,0.769,32958.0,13916.0,4,16,,,,,,,,,,,,,,,,,,,,,,,,,,,,,,,,,,,,,,,,,,,,,,,,,,,,,,,,,,,,,
29,2,,,,,,,96,88,69,17,230.2,2730,10801,36,0,27.7,22.3;11.1;28.9;22.0;15.0;15.0;84.8;81.6;52.8;61.4;92.0;91.5;9.6;10.4;3.9;4.4;10.4;9.4;2.6;4.9;8.5;9.4;5.7;6.8,31.94,0.08,0.03,6.78,15.041,0.76,4589.0,36230.0,4,16,,,,,,,,,,,,,,,,,,,,,,,,,,,,,,,,,,,,,,,,,,,,,,,,,,,,,,,,,,,,,
29,3,,,,,,,100,100,66,19,228.1,2730,10801,36,0,19.7,12.2;1.3;12.3;8.2;2.3;1.5;84.8;85.3;39.3;41.4;90.0;92.5;0.8;0.5;0.0;0.0;0.0;0.0;0.0;0.0;0.5;0.3;0.5;0.0,31.92,0.08,0.02,4.37,15.041,0.76,7519.0,44384.0,4,16,,,,,,,,,,,,,,,,,,,,,,,,,,,,,,,,,,,,,,,,,,,,,,,,,,,,,,,,,,,,,
29,4,,,,,,,96,76,67,17,227.6,2730,10801,36,0,19.9,11.4;1.6;18.4;6.7;5.4;2.9;92.2;90.4;36.2;40.3;77.9;90.2;0.8;0.5;0.3;0.0;0.3;0.0;0.0;0.0;1.8;0.3;0.0;0.0,31.9,0.08,0.01,3.73,15.041,0.76,4541.0,20312.0,4,16,,,,,,,,,,,,,,,,,,,,,,,,,,,,,,,,,,,,,,,,,,,,,,,,,,,,,,,,,,,,,
29,5,,,,,,,96,80,66,17,228.1,2730,10801,36,0,21.4,13.7;3.9;16.2;13.3;6.2;5.7;88.8;90.9;43.2;46.5;87.5;82.9;1.8;1.3;1.0;0.8;0.8;1.6;0.5;0.3;3.4;0.8;1.3;1.3,31.88,0.08,0.01,2.37,15.045,0.764,24072.0,39599.0,4,16,,,,,,,,,,,,,,,,,,,,,,,,,,,,,,,,,,,,,,,,,,,,,,,,,,,,,,,,,,,,,
29,6,,,,,,,96,76,66,18,228.1,2730,10801,36,0,20.2,12.6;2.1;16.6;13.0;6.0;5.2;84.9;85.0;23.9;56.9;81.0;88.6;2.3;1.3;0.8;0.5;0.5;0.5;0.3;0.3;1.8;0.3;0.0;0.8,31.87,0.08,0.02,2.09,15.041,0.76,15966.0,20947.0,4,16,,,,,,,,,,,,,,,,,,,,,,,,,,,,,,,,,,,,,,,,,,,,,,,,,,,,,,,,,,,,,
29,7,,,,,,,100,100,68,18,228.4,2730,10801,36,0,20.5,15.4;1.3;14.6;10.8;4.6;6.4;86.7;83.9;38.6;39.1;90.1;89.0;1.5;1.5;0.3;0.0;1.3;1.3;0.5;0.0;2.8;1.5;0.3;0.8,31.87,0.08,0.01,1.85,15.041,0.76,15820.0,14941.0,4,16,,,,,,,,,,,,,,,,,,,,,,,,,,,,,,,,,,,,,,,,,,,,,,,,,,,,,,,,,,,,,
29,8,,,,,,,98,96,66,18,228.4,2730,10801,36,0,7.6,12.6;0.5;2.6;3.4;1.3;1.0;38.1;45.1;4.5;7.1;24.1;40.9;0.3;0.0;0.0;0.0;0.3;0.0;0.0;0.0;1.0;0.0;0.0;0.0,31.87,0.08,0.04,1.46,15.041,0.76,24560.0,27832.0,4,16,,,,,,,,,,,,,,,,,,,,,,,,,,,,,,,,,,,,,,,,,,,,,,,,,,,,,,,,,,,,,
29,9,,,,,,,100,77,67,18,230.1,2730,10801,36,0,7.2,15.7;0.0;2.7;1.6;0.5;1.1;18.0;47.5;3.8;4.9;49.5;21.2;1.6;0.5;0.0;0.0;0.0;0.0;0.0;1.1;0.5;0.0;0.0;2.7,31.86,0.08,0.01,1.47,15.041,0.76,5664.0,36230.0,4,16,,,,,,,,,,,,,,,,,,,,,,,,,,,,,,,,,,,,,,,,,,,,,,,,,,,,,,,,,,,,,
29,summary,0.305601256903599,0.9921666499676647,0.2864928268591563,0.9982222222222222,0.00095668,47.1,,,,,,,,,,,,,,,,,,,,,,0,86.89,100,0,77.0,100,58,65.89,69,17,18.56,25,67.9,210.77,230.2,2601.7,10801.0,36.0,0,7.2,23.03,63.1,31.86,31.9,32.01,63.16,0.08,0.08,0.08,16.0,0.0,0.02,0.04,1.46,3.09,6.78,10.952,14.281,15.041,15.04,15.05,15.992,0.76,0.76,0.769,4541.0,15076.56,32958.0,13916.0,28265.67,44384.0,4,4.0,4,16,16.0,16,4,16,36.66,9.43
30,1,,,,,,,1,0,59,23,80.9,2745,10801,36,0,61.4,75.3;75.5;87.4;83.2;79.7;86.0;87.4;93.0;86.7;86.0;98.6;90.9;60.0;59.7;16.6;23.4;46.5;52.4;14.5;13.7;43.1;44.4;37.5;35.0,32.01,0.08,0.03,12.0,15.05,0.769,7373.0,43359.0,4,16,,,,,,,,,,,,,,,,,,,,,,,,,,,,,,,,,,,,,,,,,,,,,,,,,,,,,,,,,,,,,
30,2,,,,,,,100,75,69,19,230.4,2730,10801,36,0,28.3,23.8;11.9;23.4;28.8;16.3;19.0;84.9;92.2;50.9;51.9;90.1;91.7;9.9;9.1;5.7;6.0;8.1;9.1;4.9;6.0;8.8;9.8;7.3;10.1,31.95,0.08,0.01,5.01,15.041,0.76,4736.0,17968.0,4,16,,,,,,,,,,,,,,,,,,,,,,,,,,,,,,,,,,,,,,,,,,,,,,,,,,,,,,,,,,,,,
30,3,,,,,,,96,66,64,18,217.5,2730,10801,36,0,19.9,14.0;2.0;9.0;10.7;4.9;4.3;85.0;89.8;39.9;40.7;82.7;88.0;0.8;1.5;0.3;0.0;1.0;1.0;0.3;0.5;0.3;0.3;0.0;0.3,31.92,0.08,0.06,4.87,15.041,0.76,4541.0,16748.0,4,16,,,,,,,,,,,,,,,,,,,,,,,,,,,,,,,,,,,,,,,,,,,,,,,,,,,,,,,,,,,,,
30,4,,,,,,,97,94,67,19,227.8,2730,10801,36,0,20.9,12.0;2.9;15.9;18.1;3.7;7.0;93.2;93.5;45.4;40.1;71.5;84.9;1.3;1.8;0.5;0.3;1.3;1.0;1.6;0.5;1.8;0.3;1.6;1.3,31.9,0.08,0.03,3.08,15.041,0.76,23242.0,37060.0,4,16,,,,,,,,,,,,,,,,,,,,,,,,,,,,,,,,,,,,,,,,,,,,,,,,,,,,,,,,,,,,,
30,5,,,,,,,96,92,65,18,227.3,2730,10801,36,0,19.8,13.7;0.8;11.7;7.6;4.4;2.1;92.7;82.3;38.0;43.0;86.2;87.3;1.6;0.8;0.3;0.3;0.3;0.0;0.0;0.0;0.8;0.0;0.0;0.0,31.89,0.08,0.02,3.1,15.045,0.764,15869.0,38134.0,4,16,,,,,,,,,,,,,,,,,,,,,,,,,,,,,,,,,,,,,,,,,,,,,,,,,,,,,,,,,,,,,
30,6,,,,,,,96,84,65,17,228.3,2730,10801,36,0,19.6,13.7;1.6;14.4;10.5;6.0;2.9;77.2;93.2;40.1;37.1;84.0;84.0;2.9;2.4;0.0;0.0;1.0;0.0;0.0;0.0;0.5;0.0;0.0;0.5,31.87,0.08,0.0,2.05,15.041,0.76,5224.0,27832.0,4,16,,,,,,,,,,,,,,,,,,,,,,,,,,,,,,,,,,,,,,,,,,,,,,,,,,,,,,,,,,,,,
30,7,,,,,,,96,93,66,18,217.7,2730,10801,36,0,20.2,13.5;1.3;14.6;9.5;4.1;3.1;86.2;82.1;26.6;54.2;89.3;92.6;1.5;1.5;0.3;0.0;1.5;0.8;0.3;0.3;0.5;0.0;0.0;0.0,31.87,0.08,0.02,1.89,15.041,0.76,7519.0,45263.0,4,16,,,,,,,,,,,,,,,,,,,,,,,,,,,,,,,,,,,,,,,,,,,,,,,,,,,,,,,,,,,,,
30,8,,,,,,,96,95,66,17,228.6,2730,10801,36,0,7.5,11.4;0.8;3.9;3.4;2.4;0.5;66.6;28.0;7.6;5.5;23.6;24.0;0.8;0.5;0.0;0.0;0.5;0.0;0.0;0.0;0.8;0.0;0.0;0.0,31.84,0.08,0.01,1.37,15.041,0.76,5322.0,44433.0,4,16,,,,,,,,,,,,,,,,,,,,,,,,,,,,,,,,,,,,,,,,,,,,,,,,,,,,,,,,,,,,,
30,9,,,,,,,100,76,70,17,230.4,2730,10801,36,0,6.7,12.8;0.5;3.3;2.2;0.0;1.1;11.9;58.7;6.0;4.3;12.5;43.8;0.5;0.0;0.0;0.0;1.1;0.0;0.0;0.0;0.0;0.0;0.0;2.2,31.84,0.08,0.03,1.51,15.041,0.76,7861.0,31152.0,4,16,,,,,,,,,,,,,,,,,,,,,,,,,,,,,,,,,,,,,,,,,,,,,,,,,,,,,,,,,,,,,
30,summary,0.30521711550783753,0.9922918924827165,0.2851869026290046,0.9987777777777778,0.00095338,47.1,,,,,,,,,,,,,,,,,,,,,,1,86.44,100,0,75.0,95,59,65.67,70,17,18.44,23,80.9,209.88,230.4,2731.7,10801.0,36.0,0,6.7,22.7,61.4,31.84,31.9,32.01,63.16,0.08,0.08,0.08,16.0,0.0,0.02,0.06,1.37,3.88,12.0,10.952,14.281,15.041,15.04,15.05,15.992,0.76,0.76,0.769,4541.0,9076.33,23242.0,16748.0,33549.89,45263.0,4,4.0,4,16,16.0,16,4,16,36.45,9.58
31,1,,,,,,,0,0,58,26,58.5,1380,10801,36,0,61.1,81.5;83.2;87.3;83.1;83.2;81.9;92.3;90.8;81.7;83.8;90.1;90.8;57.3;55.9;23.1;22.4;51.0;49.7;13.3;12.6;39.2;42.0;36.4;35.0,32.03,0.08,0.0,12.8,15.05,0.769,3515.0,27099.0,4,16,,,,,,,,,,,,,,,,,,,,,,,,,,,,,,,,,,,,,,,,,,,,,,,,,,,,,,,,,,,,,
31,2,,,,,,,100,85,68,16,229.8,2730,10801,36,0,28.2,26.0;12.4;31.4;22.7;17.8;15.7;89.7;89.7;41.8;60.5;87.6;93.1;10.6;8.8;4.7;4.7;9.6;9.0;3.4;3.9;8.3;9.0;5.2;10.2,31.98,0.08,0.02,5.88,15.041,0.76,4199.0,228027.0,4,16,,,,,,,,,,,,,,,,,,,,,,,,,,,,,,,,,,,,,,,,,,,,,,,,,,,,,,,,,,,,,
31,3,,,,,,,100,76,69,19,229.8,2730,10801,36,0,20.7,16.3;2.4;14.7;12.6;4.2;3.9;87.4;92.2;38.7;43.2;82.0;93.2;0.3;0.8;0.3;0.3;1.0;0.0;0.0;0.3;1.3;0.3;0.5;0.8,31.95,0.08,0.04,4.73,15.041,0.76,5664.0,27978.0,4,16,,,,,,,,,,,,,,,,,,,,,,,,,,,,,,,,,,,,,,,,,,,,,,,,,,,,,,,,,,,,,
31,4,,,,,,,96,91,66,18,227.5,2730,10801,36,0,20.2,17.0;1.8;9.5;11.3;3.8;4.1;85.4;82.4;39.5;44.4;92.3;84.9;0.8;1.3;0.5;0.3;0.8;1.0;0.3;0.3;1.0;0.5;0.8;1.8,31.93,0.08,0.04,4.73,15.041,0.76,15869.0,12597.0,4,16,,,,,,,,,,,,,,,,,,,,,,,,,,,,,,,,,,,,,,,,,,,,,,,,,,,,,,,,,,,,,
31,5,,,,,,,96,85,65,19,227.6,2730,10801,36,0,21.0,13.8;1.8;16.1;10.9;7.0;4.9;85.9;86.0;39.2;45.6;88.3;93.5;1.3;1.0;0.8;0.8;1.3;0.0;0.5;0.5;1.3;1.3;0.5;0.8,31.91,0.08,0.02,2.9,15.045,0.764,4541.0,34179.0,4,16,,,,,,,,,,,,,,,,,,,,,,,,,,,,,,,,,,,,,,,,,,,,,,,,,,,,,,,,,,,,,
31,6,,,,,,,96,80,67,19,228.3,2730,10801,36,0,21.2,12.2;3.1;14.9;11.7;7.3;4.7;86.9;84.4;43.8;51.8;86.5;87.2;1.3;2.1;1.3;0.5;1.3;1.0;0.8;1.0;0.5;1.0;1.0;3.1,31.89,0.08,0.03,2.98,15.041,0.76,6445.0,25097.0,4,16,,,,,,,,,,,,,,,,,,,,,,,,,,,,,,,,,,,,,,,,,,,,,,,,,,,,,,,,,,,,,
31,7,,,,,,,96,76,67,17,228.0,2730,10801,36,0,19.8,13.9;2.9;11.7;11.4;3.4;1.6;81.3;79.5;41.8;46.8;91.9;85.5;0.8;1.3;0.0;0.0;0.0;0.0;0.0;0.0;0.0;0.0;0.0;1.0,31.87,0.08,0.06,2.27,15.041,0.76,12597.0,9912.0,4,16,,,,,,,,,,,,,,,,,,,,,,,,,,,,,,,,,,,,,,,,,,,,,,,,,,,,,,,,,,,,,
31,8,,,,,,,97,95,66,18,227.6,2730,10801,36,0,8.5,14.2;2.8;2.8;3.3;2.6;1.3;46.7;32.2;9.6;7.1;28.8;41.8;0.8;0.5;0.8;1.0;0.5;0.3;0.5;0.5;1.5;0.5;0.8;2.0,31.84,0.08,0.02,1.71,15.041,0.76,110449.0,88183.0,4,16,,,,,,,,,,,,,,,,,,,,,,,,,,,,,,,,,,,,,,,,,,,,,,,,,,,,,,,,,,,,,
31,9,,,,,,,96,84,68,17,228.1,2730,10801,36,0,7.6,16.9;2.2;3.9;2.2;1.7;1.1;28.2;52.7;4.4;3.3;26.0;29.3;1.1;1.7;0.6;0.6;0.6;0.0;0.6;0.6;1.1;1.6;0.6;0.0,31.85,0.08,0.02,1.44,15.041,0.76,32128.0,12451.0,4,16,,,,,,,,,,,,,,,,,,,,,,,,,,,,,,,,,,,,,,,,,,,,,,,,,,,,,,,,,,,,,
31,summary,0.30477315496778157,0.9923351580788253,0.2860713778601752,0.9986666666666667,0.00094997,47.1,,,,,,,,,,,,,,,,,,,,,,0,86.33,100,0,74.67,95,58,66.0,69,16,18.78,26,58.5,209.47,229.8,2580.0,10801.0,36.0,0,7.6,23.14,61.1,31.84,31.92,32.03,63.16,0.08,0.08,0.08,16.0,0.0,0.03,0.06,1.44,4.38,12.8,10.952,14.281,15.041,15.04,15.05,15.992,0.76,0.76,0.769,3515.0,21711.89,110449.0,9912.0,51724.78,228027.0,4,4.0,4,16,16.0,16,4,16,36.98,9.12
32,1,,,,,,,0,0,58,26,80.3,2745,10801,36,0,60.9,78.8;77.8;85.4;85.5;82.6;85.5;88.4;91.7;79.9;80.6;88.2;93.1;63.2;55.6;21.7;20.9;46.5;52.4;15.0;14.6;38.2;44.1;35.9;37.5,32.0,0.08,0.06,3.99,15.05,0.769,10351.0,13964.0,4,16,,,,,,,,,,,,,,,,,,,,,,,,,,,,,,,,,,,,,,,,,,,,,,,,,,,,,,,,,,,,,
32,2,,,,,,,97,78,66,15,228.1,2730,10801,36,0,27.8,21.9;10.9;26.0;22.7;19.5;16.7;86.8;89.8;46.9;59.6;87.5;91.4;10.2;9.9;5.7;5.2;10.2;10.2;2.9;2.9;8.6;8.3;5.5;8.3,31.93,0.08,0.0,6.0,15.041,0.76,38476.0,11669.0,4,16,,,,,,,,,,,,,,,,,,,,,,,,,,,,,,,,,,,,,,,,,,,,,,,,,,,,,,,,,,,,,
32,3,,,,,,,100,83,67,18,228.5,2730,10801,36,0,20.3,15.1;2.6;16.6;8.9;8.6;2.6;91.1;87.0;46.8;40.1;75.8;85.2;1.8;2.8;0.3;0.5;0.8;0.3;0.0;0.3;0.0;0.3;1.0;0.5,31.92,0.08,0.04,3.91,15.041,0.76,10546.0,13378.0,4,16,,,,,,,,,,,,,,,,,,,,,,,,,,,,,,,,,,,,,,,,,,,,,,,,,,,,,,,,,,,,,
32,4,,,,,,,97,95,67,17,218.1,2730,10801,36,0,19.9,13.0;2.3;18.2;10.1;8.0;2.3;83.9;76.4;38.6;43.8;79.2;89.9;1.3;1.3;0.5;0.8;0.5;1.0;0.0;0.8;1.8;0.5;0.8;1.0,31.89,0.08,0.06,3.8,15.041,0.76,7812.0,12060.0,4,16,,,,,,,,,,,,,,,,,,,,,,,,,,,,,,,,,,,,,,,,,,,,,,,,,,,,,,,,,,,,,
32,5,,,,,,,96,95,67,19,226.5,2730,10801,36,0,21.0,15.9;2.6;19.2;11.2;4.9;4.4;86.0;88.3;42.6;44.3;89.6;87.8;2.3;1.0;0.3;0.3;1.6;0.0;0.8;0.0;0.0;0.5;0.3;1.3,31.88,0.08,0.07,2.42,15.045,0.764,4589.0,35839.0,4,16,,,,,,,,,,,,,,,,,,,,,,,,,,,,,,,,,,,,,,,,,,,,,,,,,,,,,,,,,,,,,
32,6,,,,,,,97,96,69,18,227.0,2730,10801,36,0,20.8,15.9;2.1;14.3;13.8;6.5;3.4;75.8;84.1;44.4;51.8;85.5;87.3;2.6;3.4;0.8;0.8;1.3;0.5;0.5;0.3;1.0;1.0;0.8;1.3,31.85,0.08,0.02,2.08,15.041,0.76,27587.0,19677.0,4,16,,,,,,,,,,,,,,,,,,,,,,,,,,,,,,,,,,,,,,,,,,,,,,,,,,,,,,,,,,,,,
32,7,,,,,,,96,96,68,17,227.6,2730,10801,36,0,20.4,15.5;0.8;16.3;8.1;5.5;5.0;91.9;87.1;43.8;33.6;91.1;84.8;1.6;1.6;0.0;0.0;0.5;0.5;0.0;0.0;0.0;0.8;0.0;1.6,31.84,0.08,0.01,1.91,15.041,0.76,7080.0,37255.0,4,16,,,,,,,,,,,,,,,,,,,,,,,,,,,,,,,,,,,,,,,,,,,,,,,,,,,,,,,,,,,,,
32,8,,,,,,,100,100,65,19,218.4,2730,10801,36,0,7.5,10.0;0.5;3.6;2.8;0.5;0.5;40.9;24.9;8.0;6.2;48.1;30.6;0.8;0.8;0.0;0.5;0.3;0.3;0.0;0.0;0.0;0.3;0.0;0.0,31.85,0.08,0.01,1.38,15.041,0.76,18505.0,24658.0,4,16,,,,,,,,,,,,,,,,,,,,,,,,,,,,,,,,,,,,,,,,,,,,,,,,,,,,,,,,,,,,,
32,9,,,,,,,96,80,67,19,228.6,2730,10801,36,0,6.4,11.8;0.5;1.6;1.1;0.5;0.0;16.8;65.4;4.3;1.6;21.7;25.5;0.0;1.6;0.0;0.0;0.0;0.0;0.0;0.0;0.0;0.0;0.0;0.0,31.84,0.08,0.03,1.48,15.041,0.76,5078.0,22656.0,4,16,,,,,,,,,,,,,,,,,,,,,,,,,,,,,,,,,,,,,,,,,,,,,,,,,,,,,,,,,,,,,
32,summary,0.30409718268314195,0.992592474518841,0.2857500874201457,0.9985555555555555,0.00094644,47.1,,,,,,,,,,,,,,,,,,,,,,0,86.56,100,0,80.33,100,58,66.0,69,15,18.67,26,80.3,209.23,228.6,2731.7,10801.0,36.0,0,6.4,22.78,60.9,31.84,31.89,32.0,63.16,0.08,0.08,0.08,16.0,0.0,0.03,0.07,1.38,3.0,6.0,10.952,14.281,15.041,15.04,15.05,15.992,0.76,0.76,0.769,4589.0,14447.11,38476.0,11669.0,21239.56,37255.0,4,4.0,4,16,16.0,16,4,16,36.65,9.4
33,1,,,,,,,0,0,59,23,68.5,1380,10801,36,0,61.1,83.6;79.6;85.9;88.0;81.8;82.4;88.0;95.1;78.9;81.7;85.2;95.1;62.0;66.2;20.4;22.5;45.8;49.3;8.5;14.8;41.3;43.7;34.7;32.9,32.0,0.08,0.01,12.04,15.05,0.769,4492.0,22314.0,4,16,,,,,,,,,,,,,,,,,,,,,,,,,,,,,,,,,,,,,,,,,,,,,,,,,,,,,,,,,,,,,
33,2,,,,,,,100,75,66,18,229.8,2730,10801,36,0,28.1,25.8;12.5;23.8;28.2;14.6;17.0;86.5;92.4;49.6;51.4;88.8;93.2;11.7;11.2;4.5;3.9;10.2;10.2;1.0;2.1;9.1;9.9;7.1;9.1,31.95,0.08,0.02,5.07,15.041,0.76,4833.0,30273.0,4,16,,,,,,,,,,,,,,,,,,,,,,,,,,,,,,,,,,,,,,,,,,,,,,,,,,,,,,,,,,,,,
33,3,,,,,,,100,80,65,18,230.5,2730,10801,36,0,20.6,13.5;2.1;14.0;15.8;4.7;5.5;88.6;89.4;37.7;45.5;85.2;85.5;1.6;0.5;0.5;0.8;0.0;0.3;0.3;0.0;0.3;0.8;1.0;1.8,31.92,0.08,0.02,4.92,15.041,0.76,8789.0,42578.0,4,16,,,,,,,,,,,,,,,,,,,,,,,,,,,,,,,,,,,,,,,,,,,,,,,,,,,,,,,,,,,,,
33,4,,,,,,,100,80,66,17,231.1,2730,10801,36,0,20.7,16.9;3.1;15.1;9.4;4.9;6.5;83.3;91.7;33.2;45.4;86.2;94.8;0.5;0.8;0.0;0.0;0.3;0.5;0.0;0.0;0.5;0.8;0.8;1.6,31.92,0.08,0.04,3.09,15.041,0.76,4785.0,18750.0,4,16,,,,,,,,,,,,,,,,,,,,,,,,,,,,,,,,,,,,,,,,,,,,,,,,,,,,,,,,,,,,,
33,5,,,,,,,96,90,68,17,227.5,2730,10801,36,0,19.9,12.9;1.8;12.6;13.8;2.8;3.3;81.8;86.1;33.7;50.3;80.3;91.0;0.8;1.0;0.5;0.5;0.8;1.0;0.3;0.3;0.5;0.5;0.5;0.8,31.88,0.08,0.0,3.03,15.041,0.76,15917.0,33349.0,4,16,,,,,,,,,,,,,,,,,,,,,,,,,,,,,,,,,,,,,,,,,,,,,,,,,,,,,,,,,,,,,
33,6,,,,,,,96,86,69,15,228.0,2730,10801,36,0,19.7,14.6;1.8;15.6;10.1;2.1;3.6;79.8;76.6;44.6;55.1;82.9;81.9;0.8;0.5;0.0;0.0;0.3;0.3;0.0;0.3;0.0;0.3;0.0;1.5,31.86,0.08,0.04,2.13,15.041,0.76,4541.0,20361.0,4,16,,,,,,,,,,,,,,,,,,,,,,,,,,,,,,,,,,,,,,,,,,,,,,,,,,,,,,,,,,,,,
33,7,,,,,,,96,86,69,18,227.9,2730,10801,36,0,20.4,15.4;2.1;16.2;9.7;7.3;4.4;86.0;82.5;39.2;45.8;90.3;84.6;0.0;1.0;0.0;0.3;1.0;0.3;0.3;0.3;0.3;0.8;0.5;0.5,31.86,0.08,0.02,1.57,15.041,0.76,26953.0,38378.0,4,16,,,,,,,,,,,,,,,,,,,,,,,,,,,,,,,,,,,,,,,,,,,,,,,,,,,,,,,,,,,,,
33,8,,,,,,,96,80,67,19,228.2,2730,10801,36,0,8.2,14.3;1.3;2.9;5.5;2.1;2.1;29.7;33.8;4.5;9.7;46.9;39.3;1.3;0.3;0.0;0.0;0.3;0.5;0.5;0.0;0.0;0.0;1.0;1.0,31.85,0.08,0.02,1.72,15.041,0.76,5224.0,21630.0,4,16,,,,,,,,,,,,,,,,,,,,,,,,,,,,,,,,,,,,,,,,,,,,,,,,,,,,,,,,,,,,,
33,9,,,,,,,100,77,66,17,220.6,2730,10801,36,0,8.0,19.7;3.2;1.6;2.6;1.6;1.6;30.5;45.3;6.3;6.8;36.1;26.8;0.5;0.0;0.5;0.0;1.6;0.0;0.0;0.5;1.6;0.0;1.6;2.6,31.85,0.08,0.0,1.49,15.041,0.76,68554.0,10937.0,4,16,,,,,,,,,,,,,,,,,,,,,,,,,,,,,,,,,,,,,,,,,,,,,,,,,,,,,,,,,,,,,
33,summary,0.3034460227075143,0.9927450426735406,0.28560292360517714,0.9986666666666667,0.00094280,47.1,,,,,,,,,,,,,,,,,,,,,,0,87.11,100,0,72.67,90,59,66.11,69,15,18.0,23,68.5,210.23,231.1,2580.0,10801.0,36.0,0,8.0,22.97,61.1,31.85,31.9,32.0,63.16,0.08,0.08,0.08,16.0,0.0,0.02,0.04,1.49,3.9,12.04,10.953,14.281,15.041,15.04,15.05,15.992,0.76,0.76,0.769,4492.0,16009.78,68554.0,10937.0,26507.78,42578.0,4,4.0,4,16,16.0,16,4,16,36.57,9.46
34,1,,,,,,,0,0,58,26,80.6,2745,10801,36,0,61.9,75.2;82.6;85.4;86.9;82.6;80.6;90.3;99.3;86.2;83.3;88.9;91.7;56.5;60.3;22.8;21.4;52.7;52.4;15.8;18.6;41.4;45.5;32.4;34.0,32.02,0.08,0.0,11.86,15.05,0.769,28173.0,9863.0,4,16,,,,,,,,,,,,,,,,,,,,,,,,,,,,,,,,,,,,,,,,,,,,,,,,,,,,,,,,,,,,,
34,2,,,,,,,98,80,67,18,228.1,2730,10801,36,0,27.1,23.8;11.4;25.5;21.6;15.8;15.6;93.2;94.5;44.4;54.0;82.4;86.8;10.1;10.4;3.1;2.1;9.1;9.6;1.6;1.0;9.1;9.1;6.2;8.8,31.94,0.08,0.03,5.08,15.041,0.76,27685.0,32373.0,4,16,,,,,,,,,,,,,,,,,,,,,,,,,,,,,,,,,,,,,,,,,,,,,,,,,,,,,,,,,,,,,
34,3,,,,,,,100,82,67,18,228.6,2730,10801,36,0,21.4,17.6;4.2;19.2;9.9;4.9;6.7;89.9;90.1;42.0;44.7;83.4;84.7;2.3;3.1;0.8;0.8;1.0;0.8;0.0;0.0;2.1;1.8;1.6;2.3,31.93,0.08,0.02,4.09,15.041,0.76,4443.0,16845.0,4,16,,,,,,,,,,,,,,,,,,,,,,,,,,,,,,,,,,,,,,,,,,,,,,,,,,,,,,,,,,,,,
34,4,,,,,,,100,81,67,18,228.9,2730,10801,36,0,21.1,17.7;2.6;19.3;12.3;6.8;5.7;88.5;89.3;40.5;46.6;80.2;88.5;1.3;2.1;0.3;0.5;0.5;0.8;0.0;0.0;0.5;1.0;1.0;1.0,31.9,0.08,0.02,3.9,15.041,0.76,11669.0,19531.0,4,16,,,,,,,,,,,,,,,,,,,,,,,,,,,,,,,,,,,,,,,,,,,,,,,,,,,,,,,,,,,,,
34,5,,,,,,,96,94,66,18,216.3,2730,10801,36,0,19.6,15.1;3.1;10.2;11.5;6.1;2.8;79.2;76.2;37.9;47.2;86.7;85.4;1.0;1.3;0.8;0.5;1.0;1.0;0.5;0.5;0.0;0.3;0.3;1.5,31.89,0.08,0.03,2.56,15.041,0.76,11230.0,10888.0,4,16,,,,,,,,,,,,,,,,,,,,,,,,,,,,,,,,,,,,,,,,,,,,,,,,,,,,,,,,,,,,,
34,6,,,,,,,96,96,67,17,227.1,2730,10801,36,0,20.3,16.8;2.1;14.8;12.8;3.6;4.9;83.3;82.3;40.4;43.5;90.1;85.7;1.3;1.0;0.0;0.5;0.3;0.8;0.0;0.0;0.5;0.3;0.5;1.8,31.88,0.08,0.0,2.53,15.041,0.76,20947.0,23095.0,4,16,,,,,,,,,,,,,,,,,,,,,,,,,,,,,,,,,,,,,,,,,,,,,,,,,,,,,,,,,,,,,
34,7,,,,,,,96,94,66,17,229.4,2730,10801,36,0,20.7,13.9;2.3;14.3;11.2;7.0;5.7;83.4;77.6;37.5;38.9;92.4;94.0;3.4;1.8;0.8;1.3;0.5;2.3;1.0;0.8;1.0;1.3;0.8;2.3,31.87,0.08,0.03,1.6,15.041,0.76,36083.0,117382.0,4,16,,,,,,,,,,,,,,,,,,,,,,,,,,,,,,,,,,,,,,,,,,,,,,,,,,,,,,,,,,,,,
34,8,,,,,,,100,76,69,18,230.0,2730,10801,36,0,7.8,14.2;0.8;2.1;2.9;0.8;2.9;38.6;38.8;3.9;9.4;21.5;47.0;0.3;0.8;0.0;0.3;0.5;1.0;0.0;0.3;0.3;0.0;0.3;0.8,31.86,0.08,0.02,1.74,15.041,0.76,14404.0,13623.0,4,16,,,,,,,,,,,,,,,,,,,,,,,,,,,,,,,,,,,,,,,,,,,,,,,,,,,,,,,,,,,,,
34,9,,,,,,,97,94,67,18,227.4,2730,10801,36,0,6.8,11.3;0.0;1.6;2.2;0.5;0.5;39.3;31.7;4.9;4.9;40.4;24.6;0.0;0.5;0.0;0.0;0.0;0.0;0.0;0.0;0.0;0.0;0.0;0.0,31.86,0.08,0.04,1.5,15.041,0.76,8789.0,16406.0,4,16,,,,,,,,,,,,,,,,,,,,,,,,,,,,,,,,,,,,,,,,,,,,,,,,,,,,,,,,,,,,,
34,summary,0.30290570493751523,0.9930319618898412,0.2850295545525021,0.9991111111111111,0.00093905,47.0,,,,,,,,,,,,,,,,,,,,,,0,87.0,100,0,77.44,96,58,66.0,69,17,18.67,26,80.6,210.71,230.0,2731.7,10801.0,36.0,0,6.8,22.97,61.9,31.86,31.91,32.02,63.16,0.08,0.08,0.08,16.0,0.0,0.02,0.04,1.5,3.87,11.86,10.953,14.281,15.041,15.04,15.05,15.992,0.76,0.76,0.769,4443.0,18158.11,36083.0,9863.0,28889.56,117382.0,4,4.0,4,16,16.0,16,4,16,36.97,9.04
35,1,,,,,,,57,52,58,24,62.2,1380,10801,36,0,60.2,82.2;83.7;85.7;82.3;82.4;85.7;89.2;93.9;84.4;89.1;90.5;89.1;58.5;62.2;13.6;13.6;46.9;53.7;6.8;5.4;38.8;42.9;32.0;31.3,32.06,0.08,0.03,4.61,15.05,0.769,2880.0,42431.0,4,16,,,,,,,,,,,,,,,,,,,,,,,,,,,,,,,,,,,,,,,,,,,,,,,,,,,,,,,,,,,,,
35,2,,,,,,,97,78,66,19,227.7,2730,10801,36,0,26.4,21.0;11.1;24.2;21.5;13.9;16.9;93.2;87.9;48.2;51.4;82.4;79.8;10.6;10.4;3.5;3.5;8.6;9.8;2.8;2.3;9.1;7.6;4.6;9.5,31.99,0.08,0.0,6.98,15.041,0.76,4492.0,43359.0,4,16,,,,,,,,,,,,,,,,,,,,,,,,,,,,,,,,,,,,,,,,,,,,,,,,,,,,,,,,,,,,,
35,3,,,,,,,98,82,66,17,228.7,2730,10801,36,0,20.6,13.1;2.1;17.1;13.8;4.9;4.7;91.1;88.3;37.1;49.0;84.7;76.8;2.1;0.8;0.8;0.8;0.5;1.0;0.5;0.3;1.3;1.8;0.8;2.3,31.93,0.08,0.03,4.41,15.041,0.76,4394.0,31250.0,4,16,,,,,,,,,,,,,,,,,,,,,,,,,,,,,,,,,,,,,,,,,,,,,,,,,,,,,,,,,,,,,
35,4,,,,,,,98,80,66,15,229.1,2730,10801,36,0,20.1,15.9;1.6;13.6;9.4;4.7;4.2;77.0;90.3;38.4;36.8;88.0;91.7;1.6;1.6;0.3;0.8;0.5;0.8;0.3;0.0;0.5;0.5;1.0;2.6,31.91,0.08,0.01,4.65,15.041,0.76,15039.0,16210.0,4,16,,,,,,,,,,,,,,,,,,,,,,,,,,,,,,,,,,,,,,,,,,,,,,,,,,,,,,,,,,,,,
35,5,,,,,,,99,82,66,17,229.2,2730,10801,36,0,22.8,16.7;3.7;15.7;15.2;6.0;9.6;88.3;86.0;34.4;56.5;90.6;90.4;4.2;4.7;2.6;2.9;1.8;1.3;1.0;1.3;2.9;2.9;2.9;3.6,31.9,0.08,0.07,3.64,15.045,0.764,5712.0,37890.0,4,16,,,,,,,,,,,,,,,,,,,,,,,,,,,,,,,,,,,,,,,,,,,,,,,,,,,,,,,,,,,,,
35,6,,,,,,,96,93,67,16,227.3,2730,10801,36,0,20.8,15.1;2.8;15.1;15.9;5.4;5.4;75.2;88.2;35.1;44.9;93.7;91.0;1.3;2.0;0.5;0.5;0.8;0.3;0.5;0.3;1.5;1.0;0.5;3.5,31.89,0.08,0.96,2.7,15.041,0.76,5126.0,149707.0,4,16,,,,,,,,,,,,,,,,,,,,,,,,,,,,,,,,,,,,,,,,,,,,,,,,,,,,,,,,,,,,,
35,7,,,,,,,96,94,67,18,226.7,2730,10801,36,0,20.4,15.7;1.3;10.6;9.6;3.6;5.7;87.5;90.4;32.6;47.7;87.0;89.4;1.3;1.8;0.3;0.8;1.3;0.0;0.3;0.3;0.5;0.5;0.3;1.0,31.89,0.08,0.04,2.42,15.041,0.76,36376.0,150683.0,4,16,,,,,,,,,,,,,,,,,,,,,,,,,,,,,,,,,,,,,,,,,,,,,,,,,,,,,,,,,,,,,
35,8,,,,,,,97,96,67,18,228.0,2730,10801,36,0,9.2,14.6;4.7;3.9;6.0;2.1;2.9;39.4;38.2;7.3;8.7;28.0;48.0;1.6;1.0;0.8;0.3;0.8;0.5;0.0;0.3;1.6;1.0;1.8;5.6,31.88,0.08,0.15,1.74,15.041,0.76,27539.0,12060.0,4,16,,,,,,,,,,,,,,,,,,,,,,,,,,,,,,,,,,,,,,,,,,,,,,,,,,,,,,,,,,,,,
35,9,,,,,,,100,76,70,18,230.6,2730,10801,36,0,7.1,9.8;0.5;4.3;2.2;1.1;0.0;67.0;14.7;8.2;6.5;39.7;12.5;0.5;0.5;0.0;0.0;0.0;0.0;0.0;0.0;0.0;0.5;0.0;2.2,31.89,0.08,0.02,1.48,15.041,0.76,5371.0,23437.0,4,16,,,,,,,,,,,,,,,,,,,,,,,,,,,,,,,,,,,,,,,,,,,,,,,,,,,,,,,,,,,,,
35,summary,0.3033349045770674,0.9928885022816909,0.28480333201090496,0.9988888888888889,0.00093518,47.2,,,,,,,,,,,,,,,,,,,,,,57,93.11,100,52,81.44,96,58,65.89,70,15,18.0,24,62.2,209.94,230.6,2580.0,10801.0,36.0,0,7.1,23.07,60.2,31.88,31.93,32.06,63.16,0.08,0.08,0.08,16.0,0.0,0.15,0.96,1.48,3.63,6.98,10.953,14.281,15.041,15.04,15.05,15.992,0.76,0.76,0.769,2880.0,11881.0,36376.0,12060.0,56336.33,150683.0,4,4.0,4,16,16.0,16,4,16,36.48,9.67
36,1,,,,,,,0,0,59,26,80.4,2745,10801,36,0,60.4,77.6;77.7;84.4;87.1;81.6;83.7;91.8;93.9;83.0;85.1;91.9;91.8;57.4;57.4;20.3;20.3;50.0;54.7;10.1;10.1;36.1;41.2;31.1;31.8,32.05,0.08,0.0,5.43,15.05,0.769,17187.0,40234.0,4,16,,,,,,,,,,,,,,,,,,,,,,,,,,,,,,,,,,,,,,,,,,,,,,,,,,,,,,,,,,,,,
36,2,,,,,,,100,100,66,18,230.1,2730,10801,36,0,26.6,25.4;11.9;22.7;23.1;13.4;16.4;92.4;96.0;50.8;45.5;78.8;82.8;9.8;9.9;3.0;2.3;9.4;9.4;1.5;0.8;9.3;8.3;6.1;8.1,31.97,0.08,0.02,6.99,15.041,0.76,15429.0,10009.0,4,16,,,,,,,,,,,,,,,,,,,,,,,,,,,,,,,,,,,,,,,,,,,,,,,,,,,,,,,,,,,,,
36,3,,,,,,,100,100,66,16,229.3,2730,10801,36,0,20.0,12.5;2.3;8.4;13.1;1.3;4.4;83.3;85.1;34.5;49.2;89.6;94.5;0.3;0.5;0.0;0.0;0.0;0.5;0.0;0.0;1.0;0.3;0.0;0.0,31.95,0.08,0.01,4.4,15.041,0.76,18115.0,11181.0,4,16,,,,,,,,,,,,,,,,,,,,,,,,,,,,,,,,,,,,,,,,,,,,,,,,,,,,,,,,,,,,,
36,4,,,,,,,100,100,66,18,229.5,2730,10801,36,0,20.5,13.1;3.4;13.5;11.5;4.7;7.0;85.7;82.3;33.3;43.0;95.8;93.0;1.0;1.0;0.0;0.3;0.3;0.3;0.3;0.3;0.8;0.0;0.5;0.5,31.94,0.08,0.02,3.75,15.041,0.76,28857.0,11523.0,4,16,,,,,,,,,,,,,,,,,,,,,,,,,,,,,,,,,,,,,,,,,,,,,,,,,,,,,,,,,,,,,
36,5,,,,,,,100,100,68,18,229.0,2730,10801,36,0,21.3,21.3;4.5;12.3;14.9;5.8;7.0;76.2;78.3;47.4;49.0;90.9;88.3;1.6;2.6;0.8;1.0;1.3;1.0;0.5;0.5;2.3;1.3;1.3;1.0,31.9,0.08,0.01,3.57,15.045,0.764,7910.0,35742.0,4,16,,,,,,,,,,,,,,,,,,,,,,,,,,,,,,,,,,,,,,,,,,,,,,,,,,,,,,,,,,,,,
36,6,,,,,,,100,77,69,18,229.3,2730,10801,36,0,20.2,15.5;3.1;10.2;12.8;4.1;4.9;83.6;91.8;40.0;39.6;84.1;82.1;1.5;1.5;1.0;1.0;0.5;1.0;0.3;0.3;2.0;1.0;1.0;1.8,31.9,0.08,0.04,2.25,15.041,0.76,22314.0,23486.0,4,16,,,,,,,,,,,,,,,,,,,,,,,,,,,,,,,,,,,,,,,,,,,,,,,,,,,,,,,,,,,,,
36,7,,,,,,,100,75,69,18,229.6,2730,10801,36,0,20.5,15.9;3.6;13.0;13.0;5.7;4.7;90.7;88.1;45.6;47.0;79.8;76.2;1.6;1.3;0.5;0.8;1.0;0.3;0.5;1.0;1.3;0.3;0.3;0.3,31.89,0.08,0.04,2.38,15.041,0.76,16406.0,34863.0,4,16,,,,,,,,,,,,,,,,,,,,,,,,,,,,,,,,,,,,,,,,,,,,,,,,,,,,,,,,,,,,,
36,8,,,,,,,100,74,70,17,230.7,2730,10801,36,0,8.1,12.0;2.1;2.6;6.5;2.3;1.8;32.8;31.1;6.7;7.3;21.2;62.5;0.8;0.3;0.3;0.8;0.3;0.5;0.0;0.3;2.3;0.0;0.3;0.0,31.85,0.08,0.06,1.52,15.041,0.76,5566.0,31738.0,4,16,,,,,,,,,,,,,,,,,,,,,,,,,,,,,,,,,,,,,,,,,,,,,,,,,,,,,,,,,,,,,
36,9,,,,,,,100,100,68,15,229.0,2730,10801,36,0,7.2,9.6;0.0;2.2;5.5;1.1;1.1;13.9;42.2;4.4;10.6;38.1;35.0;1.1;1.1;0.6;1.1;1.1;0.6;0.0;0.6;1.1;1.1;0.6;0.6,31.85,0.08,0.02,1.43,15.041,0.76,6054.0,18115.0,4,16,,,,,,,,,,,,,,,,,,,,,,,,,,,,,,,,,,,,,,,,,,,,,,,,,,,,,,,,,,,,,
36,summary,0.3029838197377575,0.992993250567007,0.28482241084840565,0.9992222222222222,0.00093121,47.2,,,,,,,,,,,,,,,,,,,,,,0,88.89,100,0,80.67,100,59,66.78,70,15,18.22,26,80.4,212.99,230.7,2731.7,10801.0,36.0,0,7.2,22.76,60.4,31.85,31.92,32.05,63.16,0.08,0.08,0.08,16.0,0.0,0.02,0.06,1.43,3.52,6.99,10.951,14.281,15.041,15.04,15.05,15.992,0.76,0.76,0.769,5566.0,15315.33,28857.0,10009.0,24099.0,40234.0,4,4.0,4,16,16.0,16,4,16,36.87,9.34
37,1,,,,,,,1,0,59,26,69.7,2745,10801,36,0,61.2,75.3;78.2;84.4;86.4;79.6;84.4;90.5;94.6;81.6;86.4;89.1;91.9;64.6;64.6;23.1;18.2;51.0;57.1;9.2;6.8;38.5;42.9;32.7;39.5,32.01,0.08,0.0,4.51,15.05,0.769,4541.0,24902.0,4,16,,,,,,,,,,,,,,,,,,,,,,,,,,,,,,,,,,,,,,,,,,,,,,,,,,,,,,,,,,,,,
37,2,,,,,,,100,76,68,18,229.6,2730,10801,36,0,28.5,21.8;12.3;24.2;24.4;17.2;16.5;90.3;94.6;49.9;58.5;94.6;90.5;11.8;12.5;4.1;3.9;11.0;10.5;0.8;3.1;9.0;9.8;3.4;8.8,31.95,0.08,0.04,5.04,15.041,0.76,7177.0,13037.0,4,16,,,,,,,,,,,,,,,,,,,,,,,,,,,,,,,,,,,,,,,,,,,,,,,,,,,,,,,,,,,,,
37,3,,,,,,,96,95,69,19,226.8,2730,10801,36,0,20.3,20.3;1.3;12.1;10.5;4.3;3.8;76.4;71.9;28.2;58.8;96.2;94.1;1.3;1.0;0.0;0.0;1.5;0.3;0.3;0.3;2.3;1.0;0.3;0.8,31.93,0.08,0.04,4.95,15.041,0.76,4492.0,36474.0,4,16,,,,,,,,,,,,,,,,,,,,,,,,,,,,,,,,,,,,,,,,,,,,,,,,,,,,,,,,,,,,,
37,4,,,,,,,96,95,70,18,226.9,2730,10801,36,0,20.6,16.2;3.6;15.1;11.7;4.9;2.9;82.6;84.7;31.8;52.7;91.9;92.4;0.3;0.8;0.0;0.3;0.8;0.3;0.0;0.0;1.0;0.3;1.0;0.0,31.9,0.08,0.0,3.02,15.041,0.76,12695.0,10058.0,4,16,,,,,,,,,,,,,,,,,,,,,,,,,,,,,,,,,,,,,,,,,,,,,,,,,,,,,,,,,,,,,
37,5,,,,,,,96,94,69,15,226.6,2730,10801,36,0,20.5,13.3;2.9;14.5;13.8;4.7;3.6;80.3;89.9;35.4;49.5;86.2;91.7;1.3;1.0;0.0;0.3;0.0;0.3;0.0;0.0;2.1;0.3;0.5;0.5,31.88,0.08,0.03,3.14,15.045,0.764,5419.0,31933.0,4,16,,,,,,,,,,,,,,,,,,,,,,,,,,,,,,,,,,,,,,,,,,,,,,,,,,,,,,,,,,,,,
37,6,,,,,,,96,95,69,18,226.8,2730,10801,36,0,20.3,14.5;2.6;13.7;14.5;2.1;4.1;88.5;85.5;34.5;59.6;87.8;77.3;0.8;0.5;0.0;0.0;0.3;0.3;0.0;0.0;0.3;0.5;0.0;0.0,31.88,0.08,0.02,2.06,15.041,0.76,4541.0,42382.0,4,16,,,,,,,,,,,,,,,,,,,,,,,,,,,,,,,,,,,,,,,,,,,,,,,,,,,,,,,,,,,,,
37,7,,,,,,,100,100,66,15,230.0,2730,10801,36,0,20.0,16.3;2.6;14.4;12.1;2.3;4.6;88.2;83.0;35.6;44.2;80.2;92.0;0.8;0.5;0.3;0.3;0.3;0.5;0.0;0.0;1.5;0.3;0.0;0.5,31.85,0.08,0.03,1.56,15.041,0.76,8203.0,12304.0,4,16,,,,,,,,,,,,,,,,,,,,,,,,,,,,,,,,,,,,,,,,,,,,,,,,,,,,,,,,,,,,,
37,8,,,,,,,100,100,67,17,228.4,2730,10801,36,0,8.9,15.0;0.8;3.1;3.4;3.7;5.2;47.0;35.8;6.0;9.4;34.7;37.9;1.0;1.0;0.5;0.3;0.3;0.8;0.0;1.0;4.1;1.0;0.5;0.8,31.84,0.08,0.02,1.77,15.041,0.76,7275.0,29785.0,4,16,,,,,,,,,,,,,,,,,,,,,,,,,,,,,,,,,,,,,,,,,,,,,,,,,,,,,,,,,,,,,
37,9,,,,,,,97,78,68,18,229.4,2730,10801,36,0,6.9,12.6;0.5;3.2;1.1;2.2;1.1;31.7;34.6;4.8;5.4;25.4;40.3;0.0;0.0;0.0;0.0;0.0;0.0;0.0;0.0;2.1;0.0;0.0;1.1,31.84,0.08,0.0,1.4,15.041,0.76,16894.0,10107.0,4,16,,,,,,,,,,,,,,,,,,,,,,,,,,,,,,,,,,,,,,,,,,,,,,,,,,,,,,,,,,,,,
37,summary,0.30212085822900786,0.9933598695656134,0.2851552571455638,0.9987777777777778,0.00092713,47.2,,,,,,,,,,,,,,,,,,,,,,1,86.89,100,0,81.44,100,59,67.22,70,15,18.22,26,69.7,210.47,230.0,2731.7,10801.0,36.0,0,6.9,23.02,61.2,31.84,31.9,32.01,63.16,0.08,0.08,0.08,16.0,0.0,0.02,0.04,1.4,3.05,5.04,10.951,14.281,15.041,15.04,15.05,15.992,0.76,0.76,0.769,4492.0,7915.22,16894.0,10058.0,23442.44,42382.0,4,4.0,4,16,16.0,16,4,16,36.83,9.35
38,1,,,,,,,0,0,58,22,68.1,1380,10801,36,0,63.1,77.3;78.6;85.0;83.6;80.0;80.7;93.6;91.4;75.7;82.9;87.9;92.9;58.6;56.7;27.1;27.3;55.7;50.7;25.0;22.4;50.7;47.9;44.0;41.8,32.02,0.08,0.03,11.97,15.05,0.769,4345.0,43750.0,4,16,,,,,,,,,,,,,,,,,,,,,,,,,,,,,,,,,,,,,,,,,,,,,,,,,,,,,,,,,,,,,
38,2,,,,,,,100,75,66,18,229.9,2730,10801,36,0,27.2,22.1;10.9;25.5;23.7;13.3;16.9;78.2;84.4;48.2;54.9;94.6;95.8;10.2;9.1;3.7;3.9;9.4;8.6;2.6;3.1;9.1;9.1;6.3;8.1,31.96,0.08,0.03,5.03,15.041,0.76,4736.0,39404.0,4,16,,,,,,,,,,,,,,,,,,,,,,,,,,,,,,,,,,,,,,,,,,,,,,,,,,,,,,,,,,,,,
38,3,,,,,,,96,94,68,16,227.3,2730,10801,36,0,20.2,14.5;2.1;11.8;13.0;6.2;5.1;72.3;80.8;44.3;37.2;93.6;95.6;1.8;1.3;0.5;0.5;0.8;1.0;0.0;0.0;0.8;0.5;1.3;0.5,31.94,0.08,0.07,4.01,15.041,0.76,24365.0,16748.0,4,16,,,,,,,,,,,,,,,,,,,,,,,,,,,,,,,,,,,,,,,,,,,,,,,,,,,,,,,,,,,,,
38,4,,,,,,,96,92,68,18,227.1,2730,10801,36,0,21.4,16.6;3.7;15.1;11.5;6.5;3.7;81.2;92.2;42.9;41.1;90.6;89.6;2.4;2.6;1.0;1.6;1.3;1.6;0.8;0.5;2.1;1.6;0.3;2.1,31.91,0.08,0.09,3.95,15.041,0.76,9326.0,12744.0,4,16,,,,,,,,,,,,,,,,,,,,,,,,,,,,,,,,,,,,,,,,,,,,,,,,,,,,,,,,,,,,,
38,5,,,,,,,96,87,69,17,228.5,2730,10801,36,0,20.5,15.6;3.6;17.2;8.0;6.5;2.9;91.7;89.1;50.4;39.0;76.9;81.3;2.3;1.6;0.5;0.3;0.8;0.8;0.3;1.3;1.8;0.8;0.0;1.0,31.9,0.08,0.03,2.59,15.045,0.764,9375.0,25048.0,4,16,,,,,,,,,,,,,,,,,,,,,,,,,,,,,,,,,,,,,,,,,,,,,,,,,,,,,,,,,,,,,
38,6,,,,,,,96,87,70,16,227.3,2730,10801,36,0,21.0,12.2;2.3;20.3;14.3;7.0;2.9;97.7;91.9;42.8;39.7;81.7;81.7;1.3;0.8;0.3;1.0;1.0;1.0;0.3;0.5;0.5;1.3;0.3;0.3,31.88,0.08,0.03,2.6,15.041,0.76,7958.0,39111.0,4,16,,,,,,,,,,,,,,,,,,,,,,,,,,,,,,,,,,,,,,,,,,,,,,,,,,,,,,,,,,,,,
38,7,,,,,,,100,100,67,18,229.3,2730,10801,36,0,19.4,13.2;1.3;16.3;4.8;4.8;1.8;90.4;86.8;48.6;42.2;80.3;71.8;0.5;0.3;0.3;0.3;0.3;0.3;0.0;0.3;0.0;0.0;0.5;0.0,31.85,0.08,0.0,1.5,15.041,0.76,22363.0,122949.0,4,16,,,,,,,,,,,,,,,,,,,,,,,,,,,,,,,,,,,,,,,,,,,,,,,,,,,,,,,,,,,,,
38,8,,,,,,,100,97,67,16,230.7,2730,10801,36,0,7.8,14.3;0.8;3.1;1.8;0.5;1.0;30.7;36.2;3.1;7.6;47.8;32.7;0.5;0.3;0.0;0.3;0.8;0.5;0.8;0.0;0.8;0.5;0.3;1.0,31.84,0.08,0.02,1.39,15.041,0.76,30371.0,39208.0,4,16,,,,,,,,,,,,,,,,,,,,,,,,,,,,,,,,,,,,,,,,,,,,,,,,,,,,,,,,,,,,,
38,9,,,,,,,96,78,67,17,228.8,2730,10801,36,0,6.2,9.4;0.0;3.3;1.1;0.0;1.1;4.4;30.6;4.4;1.6;16.4;74.3;0.0;0.5;0.0;0.0;0.0;0.0;0.0;0.0;2.2;0.0;0.0;0.0,31.85,0.08,0.04,2.22,15.041,0.76,22949.0,12207.0,4,16,,,,,,,,,,,,,,,,,,,,,,,,,,,,,,,,,,,,,,,,,,,,,,,,,,,,,,,,,,,,,
38,summary,0.30188766987699867,0.9933074954229554,0.285319419225057,0.9986666666666667,0.00092293,47.1,,,,,,,,,,,,,,,,,,,,,,0,86.67,100,0,78.89,100,58,66.67,70,16,17.56,22,68.1,210.78,230.7,2580.0,10801.0,36.0,0,6.2,22.98,63.1,31.84,31.91,32.02,63.16,0.08,0.08,0.08,16.0,0.0,0.04,0.09,1.39,3.92,11.97,10.951,14.281,15.041,15.04,15.05,15.992,0.76,0.76,0.769,4345.0,15087.56,30371.0,12207.0,39018.78,122949.0,4,4.0,4,16,16.0,16,4,16,36.38,9.69
39,1,,,,,,,0,0,59,26,81.2,2745,10801,36,0,62.3,75.3;79.2;86.1;88.2;79.2;84.7;96.5;93.1;81.9;84.0;89.6;89.6;61.8;62.5;30.3;19.4;46.2;46.5;18.8;19.4;39.5;49.3;35.9;39.6,32.01,0.08,0.01,3.68,15.05,0.769,7324.0,11181.0,4,16,,,,,,,,,,,,,,,,,,,,,,,,,,,,,,,,,,,,,,,,,,,,,,,,,,,,,,,,,,,,,
39,2,,,,,,,96,85,68,18,227.5,2730,10801,36,0,28.2,22.0;13.4;28.0;27.6;16.1;14.5;79.0;83.2;50.8;65.5;94.6;89.4;11.4;9.8;6.7;5.5;9.4;9.9;2.9;2.1;9.5;10.1;7.5;8.5,31.95,0.08,0.0,5.97,15.041,0.76,16064.0,28417.0,4,16,,,,,,,,,,,,,,,,,,,,,,,,,,,,,,,,,,,,,,,,,,,,,,,,,,,,,,,,,,,,,
39,3,,,,,,,96,80,67,18,228.2,2730,10801,36,0,19.8,10.0;1.8;12.0;9.4;3.9;2.9;81.2;72.6;40.7;47.3;94.8;96.1;1.0;0.3;0.0;0.0;0.5;0.5;0.3;0.0;0.5;0.0;0.5;0.3,31.92,0.08,0.03,4.01,15.041,0.76,29052.0,18115.0,4,16,,,,,,,,,,,,,,,,,,,,,,,,,,,,,,,,,,,,,,,,,,,,,,,,,,,,,,,,,,,,,
39,4,,,,,,,98,97,66,17,227.6,2730,10801,36,0,21.0,16.1;1.8;14.1;10.5;4.9;5.6;93.1;93.6;26.4;43.6;89.2;91.3;1.3;1.5;0.5;0.5;1.0;0.3;1.3;0.8;3.0;1.3;1.3;0.8,31.92,0.08,0.02,3.0,15.041,0.76,20263.0,12597.0,4,16,,,,,,,,,,,,,,,,,,,,,,,,,,,,,,,,,,,,,,,,,,,,,,,,,,,,,,,,,,,,,
39,5,,,,,,,97,94,66,18,227.5,2730,10801,36,0,20.6,12.4;2.1;13.1;12.8;3.9;4.4;93.0;91.6;43.9;31.5;88.0;88.5;2.1;1.0;0.5;0.3;0.5;0.8;0.3;0.3;0.8;0.8;0.5;0.5,31.9,0.08,0.06,3.14,15.045,0.764,16699.0,12695.0,4,16,,,,,,,,,,,,,,,,,,,,,,,,,,,,,,,,,,,,,,,,,,,,,,,,,,,,,,,,,,,,,
39,6,,,,,,,96,94,66,17,227.5,2730,10801,36,0,20.8,12.2;1.6;14.3;13.8;4.7;6.8;88.0;91.9;44.9;46.9;73.3;87.2;1.6;2.3;1.0;0.5;0.5;1.3;0.0;0.0;3.9;1.0;0.5;1.3,31.87,0.08,0.06,2.07,15.041,0.76,5664.0,17968.0,4,16,,,,,,,,,,,,,,,,,,,,,,,,,,,,,,,,,,,,,,,,,,,,,,,,,,,,,,,,,,,,,
39,7,,,,,,,96,93,66,16,227.7,2730,10801,36,0,20.6,17.4;4.2;15.1;14.0;7.6;4.7;86.2;84.6;44.5;32.7;83.3;91.7;1.8;1.6;0.3;1.3;0.8;0.0;0.0;0.3;1.3;0.5;0.0;0.3,31.85,0.08,0.02,1.9,15.041,0.76,22753.0,11279.0,4,16,,,,,,,,,,,,,,,,,,,,,,,,,,,,,,,,,,,,,,,,,,,,,,,,,,,,,,,,,,,,,
39,8,,,,,,,100,93,66,17,230.5,2730,10801,36,0,7.5,11.7;0.5;3.4;3.6;2.1;2.1;27.0;29.3;8.5;3.9;62.5;20.6;0.5;0.5;0.0;0.3;0.8;0.0;0.0;0.3;0.3;0.5;0.8;0.5,31.85,0.08,0.05,1.36,15.041,0.76,24707.0,11572.0,4,16,,,,,,,,,,,,,,,,,,,,,,,,,,,,,,,,,,,,,,,,,,,,,,,,,,,,,,,,,,,,,
39,9,,,,,,,96,95,69,17,227.5,2730,10801,36,0,7.1,13.9;2.7;2.2;1.6;0.5;1.1;7.1;48.1;9.8;4.3;15.3;59.2;0.0;0.5;0.0;0.0;0.0;0.0;0.0;0.0;0.0;0.0;1.1;1.1,31.84,0.08,0.02,1.49,15.041,0.76,23583.0,28613.0,4,16,,,,,,,,,,,,,,,,,,,,,,,,,,,,,,,,,,,,,,,,,,,,,,,,,,,,,,,,,,,,,
39,summary,0.3015584129926764,0.993482834944028,0.2843810469044579,0.9993333333333333,0.00091863,47.1,,,,,,,,,,,,,,,,,,,,,,0,86.11,100,0,81.22,97,59,65.89,69,16,18.22,26,81.2,211.69,230.5,2731.7,10801.0,36.0,0,7.1,23.1,62.3,31.84,31.9,32.01,63.16,0.08,0.08,0.08,16.0,0.0,0.03,0.06,1.36,2.96,5.97,10.953,14.281,15.041,15.04,15.05,15.992,0.76,0.76,0.769,5664.0,18456.56,29052.0,11181.0,16937.44,28613.0,4,4.0,4,16,16.0,16,4,16,36.81,9.28
40,1,,,,,,,0,0,58,26,67.1,1590,10801,36,0,62.3,74.2;73.6;88.4;84.4;86.5;83.0;93.9;89.8;81.1;78.4;88.4;89.8;69.6;64.6;21.8;18.9;53.1;57.1;15.0;15.6;47.3;54.4;33.3;31.8,32.04,0.08,0.03,12.56,15.05,0.769,26855.0,12500.0,4,16,,,,,,,,,,,,,,,,,,,,,,,,,,,,,,,,,,,,,,,,,,,,,,,,,,,,,,,,,,,,,
40,2,,,,,,,97,96,69,18,227.7,2730,10801,36,0,27.5,19.6;10.7;27.8;26.6;19.3;14.6;89.4;86.5;50.5;49.7;94.5;98.2;9.6;10.7;1.0;1.6;8.9;9.1;1.8;1.3;8.6;8.6;4.4;7.3,31.98,0.08,0.01,5.87,15.041,0.76,23437.0,13769.0,4,16,,,,,,,,,,,,,,,,,,,,,,,,,,,,,,,,,,,,,,,,,,,,,,,,,,,,,,,,,,,,,
40,3,,,,,,,96,95,69,18,229.9,2730,10801,36,0,20.8,15.4;1.0;17.9;10.6;9.1;4.2;83.1;84.3;38.5;57.5;85.2;83.4;1.6;1.3;0.3;0.0;0.5;0.3;0.3;0.0;0.5;0.8;0.8;1.6,31.94,0.08,0.02,5.7,15.041,0.76,10498.0,38818.0,4,16,,,,,,,,,,,,,,,,,,,,,,,,,,,,,,,,,,,,,,,,,,,,,,,,,,,,,,,,,,,,,
40,4,,,,,,,96,95,67,18,227.3,2730,10801,36,0,20.6,14.9;2.1;18.0;9.5;6.9;4.6;92.5;90.2;43.3;38.6;81.0;82.2;1.8;1.3;1.0;0.8;1.3;0.0;0.5;0.0;1.5;0.5;1.3;1.8,31.9,0.08,0.04,3.73,15.041,0.76,4638.0,44238.0,4,16,,,,,,,,,,,,,,,,,,,,,,,,,,,,,,,,,,,,,,,,,,,,,,,,,,,,,,,,,,,,,
40,5,,,,,,,96,94,66,17,227.6,2730,10801,36,0,19.9,9.5;1.8;12.3;7.3;3.9;2.3;89.0;93.0;44.6;36.0;85.2;84.6;0.5;1.0;0.0;0.3;1.3;0.0;0.0;0.0;0.5;0.3;1.3;2.1,31.88,0.08,0.0,3.53,15.045,0.764,4931.0,27587.0,4,16,,,,,,,,,,,,,,,,,,,,,,,,,,,,,,,,,,,,,,,,,,,,,,,,,,,,,,,,,,,,,
40,6,,,,,,,96,91,66,18,227.3,2730,10801,36,0,21.3,15.8;3.6;16.1;12.7;7.3;4.7;90.9;84.7;51.2;38.2;86.0;90.1;1.6;0.0;0.3;0.0;0.8;0.8;0.5;0.0;1.0;1.0;1.3;1.6,31.87,0.08,0.04,2.29,15.041,0.76,4296.0,17675.0,4,16,,,,,,,,,,,,,,,,,,,,,,,,,,,,,,,,,,,,,,,,,,,,,,,,,,,,,,,,,,,,,
40,7,,,,,,,96,90,66,17,227.3,2730,10801,36,0,20.8,15.4;2.1;15.1;10.7;4.2;4.7;79.7;91.2;39.1;43.3;91.9;91.9;1.0;2.6;0.5;1.0;0.5;0.8;0.0;0.3;0.8;0.3;0.8;1.6,31.86,0.08,0.01,2.06,15.041,0.76,4638.0,15917.0,4,16,,,,,,,,,,,,,,,,,,,,,,,,,,,,,,,,,,,,,,,,,,,,,,,,,,,,,,,,,,,,,
40,8,,,,,,,100,100,67,17,228.9,2730,10801,36,0,8.2,14.3;2.3;2.3;2.3;2.1;1.6;25.3;44.3;5.7;5.9;44.5;36.0;0.3;1.0;0.5;0.5;1.0;0.5;0.5;0.3;0.3;0.5;1.0;2.1,31.86,0.08,0.01,1.69,15.041,0.76,5419.0,31738.0,4,16,,,,,,,,,,,,,,,,,,,,,,,,,,,,,,,,,,,,,,,,,,,,,,,,,,,,,,,,,,,,,
40,9,,,,,,,100,78,66,18,230.3,2730,10801,36,0,6.7,14.3;0.0;1.6;1.6;0.5;0.0;27.3;28.4;2.7;4.9;18.0;56.3;0.5;0.0;0.5;0.0;0.0;0.0;0.0;0.0;0.0;1.1;1.1;1.6,31.85,0.08,0.01,1.4,15.041,0.76,30175.0,12451.0,4,16,,,,,,,,,,,,,,,,,,,,,,,,,,,,,,,,,,,,,,,,,,,,,,,,,,,,,,,,,,,,,
40,summary,0.300555425179486,0.9939063823585671,0.28527840781211855,0.9988888888888889,0.00091423,47.1,,,,,,,,,,,,,,,,,,,,,,0,86.33,100,0,82.11,100,58,66.0,69,17,18.56,26,67.1,210.38,230.3,2603.3,10801.0,36.0,0,6.7,23.12,62.3,31.85,31.91,32.04,63.16,0.08,0.08,0.08,16.0,0.0,0.02,0.04,1.4,4.31,12.56,10.954,14.281,15.041,15.04,15.05,15.992,0.76,0.76,0.769,4296.0,12765.22,30175.0,12451.0,23854.78,44238.0,4,4.0,4,16,16.0,16,4,16,36.74,9.34
41,1,,,,,,,1,0,59,26,81.2,2745,10801,36,0,61.4,73.7;77.2;86.9;82.8;79.3;77.9;87.6;91.7;81.4;82.1;86.9;94.5;58.6;59.6;24.1;26.0;51.7;51.7;13.1;15.2;44.1;46.2;37.9;42.1,32.02,0.08,0.03,4.7,15.05,0.769,27343.0,11035.0,4,16,,,,,,,,,,,,,,,,,,,,,,,,,,,,,,,,,,,,,,,,,,,,,,,,,,,,,,,,,,,,,
41,2,,,,,,,97,78,66,17,228.6,2730,10801,36,0,27.5,26.6;11.9;25.2;22.1;15.6;15.6;90.4;84.2;60.0;55.7;88.6;86.3;10.9;10.6;2.6;2.3;10.1;9.4;0.8;0.5;7.8;8.5;6.5;6.8,31.95,0.08,0.0,5.0,15.041,0.76,26513.0,38769.0,4,16,,,,,,,,,,,,,,,,,,,,,,,,,,,,,,,,,,,,,,,,,,,,,,,,,,,,,,,,,,,,,
41,3,,,,,,,100,83,66,18,228.5,2730,10801,36,0,20.4,11.2;1.6;13.5;13.0;5.7;4.7;88.5;91.7;41.1;50.5;79.5;78.6;1.3;2.1;0.8;0.8;0.5;0.8;0.0;0.5;0.0;0.8;0.8;1.6,31.93,0.08,0.06,4.13,15.041,0.76,29150.0,39111.0,4,16,,,,,,,,,,,,,,,,,,,,,,,,,,,,,,,,,,,,,,,,,,,,,,,,,,,,,,,,,,,,,
41,4,,,,,,,100,80,66,19,229.0,2730,10801,36,0,20.0,13.1;1.0;12.0;12.2;4.4;2.6;85.9;90.8;39.5;45.5;80.7;86.9;0.8;1.3;0.0;0.0;0.5;0.0;0.0;0.0;1.3;0.3;0.3;0.5,31.89,0.08,0.01,3.91,15.041,0.76,18945.0,12451.0,4,16,,,,,,,,,,,,,,,,,,,,,,,,,,,,,,,,,,,,,,,,,,,,,,,,,,,,,,,,,,,,,
41,5,,,,,,,96,95,65,18,226.7,2730,10801,36,0,19.9,16.2;1.3;17.6;6.4;4.8;4.1;87.5;85.2;42.6;44.8;81.2;80.4;1.0;0.8;0.0;0.3;0.0;1.0;0.8;0.5;0.0;0.5;0.3;0.3,31.89,0.08,0.01,2.53,15.041,0.76,10449.0,27880.0,4,16,,,,,,,,,,,,,,,,,,,,,,,,,,,,,,,,,,,,,,,,,,,,,,,,,,,,,,,,,,,,,
41,6,,,,,,,96,95,65,19,227.4,2730,10801,36,0,20.3,15.6;1.6;16.0;10.7;9.2;2.3;89.3;83.0;34.8;49.9;78.5;89.0;1.6;2.3;0.3;0.0;0.8;0.0;0.0;0.5;0.8;0.8;0.3;0.0,31.88,0.08,0.06,2.66,15.041,0.76,5175.0,36865.0,4,16,,,,,,,,,,,,,,,,,,,,,,,,,,,,,,,,,,,,,,,,,,,,,,,,,,,,,,,,,,,,,
41,7,,,,,,,96,94,66,17,227.2,2730,10801,36,0,21.2,21.2;2.3;12.8;11.7;5.7;4.7;91.1;76.8;46.4;49.1;83.3;90.6;3.4;1.8;1.0;0.3;0.5;0.8;0.0;0.8;0.8;1.0;0.8;2.3,31.88,0.08,0.04,1.73,15.041,0.76,5566.0,44873.0,4,16,,,,,,,,,,,,,,,,,,,,,,,,,,,,,,,,,,,,,,,,,,,,,,,,,,,,,,,,,,,,,
41,8,,,,,,,97,96,65,17,227.4,2730,10801,36,0,8.3,15.7;1.3;3.7;3.7;1.8;1.0;30.4;42.0;5.2;8.3;49.5;31.2;0.3;1.0;0.3;0.3;0.0;0.3;0.5;0.5;0.5;0.5;0.3;0.3,31.85,0.08,0.02,2.08,15.041,0.76,24951.0,43945.0,4,16,,,,,,,,,,,,,,,,,,,,,,,,,,,,,,,,,,,,,,,,,,,,,,,,,,,,,,,,,,,,,
41,9,,,,,,,96,78,67,18,228.3,2730,10801,36,0,7.1,12.1;1.6;3.7;3.2;2.1;0.5;28.2;16.4;5.3;5.8;21.2;59.6;1.6;0.5;0.0;1.1;0.0;0.5;0.0;0.5;1.6;0.5;1.6;2.1,31.85,0.08,0.06,2.76,15.041,0.76,10546.0,12548.0,4,16,,,,,,,,,,,,,,,,,,,,,,,,,,,,,,,,,,,,,,,,,,,,,,,,,,,,,,,,,,,,,
41,summary,0.30138514958324697,0.9935306548134114,0.2853261910279592,0.9988888888888889,0.00090972,47.1,,,,,,,,,,,,,,,,,,,,,,1,86.56,100,0,77.67,96,59,65.0,67,17,18.78,26,81.2,211.59,229.0,2731.7,10801.0,36.0,0,7.1,22.9,61.4,31.85,31.9,32.02,63.16,0.08,0.08,0.08,16.0,0.0,0.03,0.06,1.73,3.28,5.0,10.954,14.281,15.041,15.04,15.05,15.992,0.76,0.76,0.769,5175.0,17626.44,29150.0,11035.0,29719.67,44873.0,4,4.0,4,16,16.0,16,4,16,36.79,9.29
42,1,,,,,,,0,0,58,24,66.1,1605,10801,36,0,62.4,78.5;74.0;89.7;86.3;83.0;82.1;89.7;92.4;84.9;84.9;93.8;95.9;63.7;60.7;28.1;20.7;50.0;54.8;11.6;12.9;50.3;42.1;37.2;31.5,32.03,0.08,0.01,4.19,15.05,0.769,13476.0,12353.0,4,16,,,,,,,,,,,,,,,,,,,,,,,,,,,,,,,,,,,,,,,,,,,,,,,,,,,,,,,,,,,,,
42,2,,,,,,,98,79,66,18,228.3,2730,10801,36,0,27.1,22.7;9.6;19.2;25.4;14.5;14.5;88.6;94.3;51.6;56.7;79.5;91.7;9.8;10.1;3.4;3.9;8.8;10.1;2.8;1.8;9.0;8.5;6.2;6.7,31.95,0.08,0.04,6.11,15.041,0.76,15625.0,9814.0,4,16,,,,,,,,,,,,,,,,,,,,,,,,,,,,,,,,,,,,,,,,,,,,,,,,,,,,,,,,,,,,,
42,3,,,,,,,98,80,66,17,228.3,2730,10801,36,0,21.4,19.4;3.4;11.2;16.7;3.4;5.7;88.0;92.2;42.5;46.8;85.5;86.0;2.1;0.3;0.8;1.0;0.5;1.0;1.6;1.0;0.3;0.5;1.3;0.5,31.9,0.08,0.02,3.88,15.041,0.76,24804.0,43066.0,4,16,,,,,,,,,,,,,,,,,,,,,,,,,,,,,,,,,,,,,,,,,,,,,,,,,,,,,,,,,,,,,
42,4,,,,,,,98,82,66,19,228.8,2730,10801,36,0,19.7,11.4;2.1;8.9;11.7;5.5;3.1;90.1;92.2;33.6;46.2;81.5;80.7;1.8;0.3;0.0;0.3;0.5;0.8;0.0;0.0;1.0;0.3;0.3;1.3,31.89,0.08,0.03,3.1,15.041,0.76,4541.0,27148.0,4,16,,,,,,,,,,,,,,,,,,,,,,,,,,,,,,,,,,,,,,,,,,,,,,,,,,,,,,,,,,,,,
42,5,,,,,,,96,94,66,17,227.3,2730,10801,36,0,21.2,14.1;3.8;16.2;15.4;6.2;5.4;79.3;84.5;42.3;41.4;86.6;94.4;2.6;2.1;1.8;0.5;1.5;1.3;0.5;0.8;1.5;1.8;2.3;3.3,31.87,0.08,0.0,3.0,15.041,0.76,16894.0,135888.0,4,16,,,,,,,,,,,,,,,,,,,,,,,,,,,,,,,,,,,,,,,,,,,,,,,,,,,,,,,,,,,,,
42,6,,,,,,,96,94,66,18,226.9,2730,10801,36,0,20.1,14.3;3.1;9.3;19.3;2.6;3.4;85.5;87.4;41.3;47.8;76.2;84.0;1.0;0.8;0.8;0.5;0.5;0.3;0.5;0.3;1.0;1.0;0.8;1.0,31.87,0.08,0.04,2.11,15.041,0.76,24951.0,151806.0,4,16,,,,,,,,,,,,,,,,,,,,,,,,,,,,,,,,,,,,,,,,,,,,,,,,,,,,,,,,,,,,,
42,7,,,,,,,100,100,67,18,228.2,2730,10801,36,0,20.3,11.0;2.1;10.4;13.3;5.7;4.5;86.9;85.3;34.0;40.3;93.5;92.4;0.8;1.3;0.3;0.0;0.5;0.3;0.0;0.0;1.8;1.6;0.3;1.0,31.86,0.08,0.0,1.88,15.041,0.76,13232.0,167822.0,4,16,,,,,,,,,,,,,,,,,,,,,,,,,,,,,,,,,,,,,,,,,,,,,,,,,,,,,,,,,,,,,
42,8,,,,,,,98,95,67,17,226.9,2730,10801,36,0,7.9,14.9;0.8;3.1;3.9;1.6;2.6;15.7;48.8;5.8;10.0;41.4;39.4;0.0;0.0;0.0;0.0;0.5;0.0;0.0;0.3;0.5;0.5;0.0;0.5,31.86,0.08,0.03,1.41,15.041,0.76,7128.0,52148.0,4,16,,,,,,,,,,,,,,,,,,,,,,,,,,,,,,,,,,,,,,,,,,,,,,,,,,,,,,,,,,,,,
42,9,,,,,,,100,78,68,18,229.1,2730,10801,36,0,7.1,16.0;0.5;1.1;2.7;1.6;0.5;54.8;16.1;4.8;6.5;19.9;42.5;0.0;0.5;0.0;0.0;0.0;0.5;0.5;0.0;0.0;0.0;0.5;0.5,31.86,0.08,0.02,1.44,15.041,0.76,27636.0,36718.0,4,16,,,,,,,,,,,,,,,,,,,,,,,,,,,,,,,,,,,,,,,,,,,,,,,,,,,,,,,,,,,,,
42,summary,0.3004817004320501,0.9939018280852925,0.28582698912090726,0.9985555555555555,0.00090511,47.0,,,,,,,,,,,,,,,,,,,,,,0,87.11,100,0,78.0,100,58,65.56,68,17,18.44,24,66.1,209.99,229.1,2605.0,10801.0,36.0,0,7.1,23.02,62.4,31.86,31.9,32.03,63.16,0.08,0.08,0.08,16.0,0.0,0.02,0.04,1.41,3.01,6.11,10.951,14.281,15.041,15.04,15.05,15.992,0.76,0.76,0.769,4541.0,16476.33,27636.0,9814.0,70751.44,167822.0,4,4.0,4,16,16.0,16,4,16,36.98,9.05
43,1,,,,,,,0,0,58,26,79.8,2745,10801,36,0,63.6,76.7;81.9;87.4;86.7;84.6;81.1;88.1;95.8;82.5;86.7;88.1;96.5;62.5;61.8;25.9;25.9;51.0;61.1;16.8;21.0;36.1;46.9;39.9;41.3,32.01,0.08,0.04,12.1,15.05,0.769,11621.0,11279.0,4,16,,,,,,,,,,,,,,,,,,,,,,,,,,,,,,,,,,,,,,,,,,,,,,,,,,,,,,,,,,,,,
43,2,,,,,,,96,93,68,18,226.8,2730,10801,36,0,26.8,23.7;11.6;23.8;22.1;12.8;14.4;93.1;88.5;47.3;62.3;72.0;87.7;11.8;11.3;4.1;4.1;8.7;10.0;1.3;1.5;8.9;8.0;6.9;8.5,31.93,0.08,0.01,4.95,15.041,0.76,26708.0,11425.0,4,16,,,,,,,,,,,,,,,,,,,,,,,,,,,,,,,,,,,,,,,,,,,,,,,,,,,,,,,,,,,,,
43,3,,,,,,,96,93,68,18,226.5,2730,10801,36,0,20.6,14.0;2.3;11.7;15.4;5.0;5.2;91.9;90.9;36.0;51.2;86.2;76.3;1.8;0.3;0.5;0.0;0.5;1.6;0.3;0.0;1.8;0.5;0.3;0.0,31.91,0.08,0.06,4.99,15.041,0.76,24169.0,28857.0,4,16,,,,,,,,,,,,,,,,,,,,,,,,,,,,,,,,,,,,,,,,,,,,,,,,,,,,,,,,,,,,,
43,4,,,,,,,96,89,69,16,226.9,2730,10801,36,0,22.5,16.3;5.3;16.8;15.4;10.6;9.3;88.0;93.1;40.5;47.3;79.1;88.9;5.6;4.6;1.5;0.5;3.5;2.3;0.0;1.3;3.5;3.3;2.5;2.0,31.9,0.08,0.0,3.03,15.041,0.76,244.0,1367.0,4,16,,,,,,,,,,,,,,,,,,,,,,,,,,,,,,,,,,,,,,,,,,,,,,,,,,,,,,,,,,,,,
43,5,,,,,,,100,99,66,18,229.0,2730,10801,36,0,20.1,16.2;2.6;10.4;10.4;3.6;4.7;81.5;80.1;42.7;46.1;87.8;90.6;0.5;1.8;0.3;0.0;0.3;0.3;0.8;0.3;0.3;0.3;0.3;1.0,31.89,0.08,0.04,3.08,15.041,0.76,29101.0,24121.0,4,16,,,,,,,,,,,,,,,,,,,,,,,,,,,,,,,,,,,,,,,,,,,,,,,,,,,,,,,,,,,,,
43,6,,,,,,,100,82,67,18,229.1,2730,10801,36,0,20.1,13.1;1.5;11.6;13.4;2.3;2.6;87.9;85.9;29.2;41.9;92.3;92.0;1.0;1.5;0.3;0.8;0.8;0.8;0.8;0.3;0.5;0.5;1.3;1.0,31.88,0.08,0.05,2.06,15.041,0.76,17675.0,12792.0,4,16,,,,,,,,,,,,,,,,,,,,,,,,,,,,,,,,,,,,,,,,,,,,,,,,,,,,,,,,,,,,,
43,7,,,,,,,100,81,67,16,229.1,2730,10801,36,0,20.9,17.7;2.3;10.9;19.4;5.4;4.4;81.9;85.3;31.9;47.7;84.2;97.4;2.3;1.8;0.3;0.8;0.5;0.3;0.3;0.3;2.8;0.3;1.0;1.0,31.88,0.08,0.03,1.56,15.041,0.76,13769.0,10009.0,4,16,,,,,,,,,,,,,,,,,,,,,,,,,,,,,,,,,,,,,,,,,,,,,,,,,,,,,,,,,,,,,
43,8,,,,,,,100,77,66,18,229.3,2730,10801,36,0,8.3,13.2;2.9;3.4;2.9;1.3;2.6;33.5;44.4;5.8;8.7;25.3;44.9;1.1;0.8;0.0;0.0;0.5;1.6;0.3;0.3;1.6;2.1;0.8;0.0,31.86,0.08,0.03,1.74,15.041,0.76,30322.0,36865.0,4,16,,,,,,,,,,,,,,,,,,,,,,,,,,,,,,,,,,,,,,,,,,,,,,,,,,,,,,,,,,,,,
43,9,,,,,,,96,93,66,18,227.8,2730,10801,36,0,7.2,16.9;0.5;1.6;1.1;1.6;0.5;52.4;13.5;3.2;7.6;43.8;22.7;1.1;2.1;0.0;0.0;1.6;0.5;0.0;0.0;1.6;0.0;0.0;0.0,31.85,0.08,0.0,1.43,15.041,0.76,16308.0,62255.0,4,16,,,,,,,,,,,,,,,,,,,,,,,,,,,,,,,,,,,,,,,,,,,,,,,,,,,,,,,,,,,,,
43,summary,0.3003531392064716,0.9939519250913131,0.2847930987940894,0.9988888888888889,0.00090039,47.2,,,,,,,,,,,,,,,,,,,,,,0,87.11,100,0,78.56,99,58,66.11,69,16,18.44,26,79.8,211.59,229.3,2731.7,10801.0,36.0,0,7.2,23.34,63.6,31.85,31.9,32.01,63.16,0.08,0.08,0.08,16.0,0.0,0.03,0.06,1.43,3.88,12.1,10.952,14.281,15.041,15.04,15.05,15.992,0.76,0.76,0.769,244.0,18879.67,30322.0,1367.0,22107.78,62255.0,4,4.0,4,16,16.0,16,4,16,36.83,9.36
44,1,,,,,,,1,0,58,23,69.2,1590,10801,36,0,61.6,77.4;79.7;86.7;86.8;81.8;76.9;93.7;90.9;85.3;84.6;91.6;86.7;65.0;66.0;16.8;13.2;55.9;55.9;9.0;4.9;44.8;46.9;38.5;39.6,32.01,0.08,0.0,11.74,15.05,0.769,3759.0,45117.0,4,16,,,,,,,,,,,,,,,,,,,,,,,,,,,,,,,,,,,,,,,,,,,,,,,,,,,,,,,,,,,,,
44,2,,,,,,,100,76,67,17,228.8,2730,10801,36,0,27.0,20.9;13.0;18.6;29.6;12.5;14.0;94.4;89.3;46.7;49.1;88.8;83.2;10.2;9.2;4.3;5.4;10.0;8.9;3.3;3.1;10.2;7.4;6.6;7.7,31.94,0.08,0.03,5.0,15.041,0.76,22509.0,18457.0,4,16,,,,,,,,,,,,,,,,,,,,,,,,,,,,,,,,,,,,,,,,,,,,,,,,,,,,,,,,,,,,,
44,3,,,,,,,100,76,67,18,229.6,2730,10801,36,0,20.4,10.5;1.0;9.8;12.3;1.8;5.7;92.8;95.6;32.0;58.2;81.4;83.5;1.3;0.5;0.0;0.0;0.5;0.8;0.3;0.5;1.0;1.0;0.3;0.3,31.93,0.08,0.03,4.89,15.041,0.76,8496.0,40673.0,4,16,,,,,,,,,,,,,,,,,,,,,,,,,,,,,,,,,,,,,,,,,,,,,,,,,,,,,,,,,,,,,
44,4,,,,,,,97,76,67,18,228.0,2730,10801,36,0,20.6,16.3;2.6;10.6;19.0;3.4;6.5;89.6;86.2;33.9;40.3;84.4;90.1;1.6;1.8;0.8;0.8;1.6;1.3;0.3;0.5;2.3;0.8;0.5;0.8,31.92,0.08,0.01,3.05,15.041,0.76,18310.0,11816.0,4,16,,,,,,,,,,,,,,,,,,,,,,,,,,,,,,,,,,,,,,,,,,,,,,,,,,,,,,,,,,,,,
44,5,,,,,,,97,77,67,15,228.6,2730,10801,36,0,20.0,13.7;1.6;12.0;14.8;2.6;3.4;84.9;89.3;34.0;52.7;83.6;81.8;1.3;1.6;0.0;0.3;0.3;0.3;0.3;0.3;0.5;0.3;0.0;0.3,31.9,0.08,0.03,2.68,15.041,0.76,28076.0,10107.0,4,16,,,,,,,,,,,,,,,,,,,,,,,,,,,,,,,,,,,,,,,,,,,,,,,,,,,,,,,,,,,,,
44,6,,,,,,,98,97,66,18,227.3,2730,10801,36,0,20.8,14.7;2.8;11.1;12.6;6.2;3.1;84.5;86.6;29.3;47.9;91.8;92.8;2.8;1.0;0.3;0.8;1.0;2.1;0.8;1.0;2.5;1.3;1.8;1.3,31.88,0.08,0.01,2.51,15.041,0.76,9716.0,30175.0,4,16,,,,,,,,,,,,,,,,,,,,,,,,,,,,,,,,,,,,,,,,,,,,,,,,,,,,,,,,,,,,,
44,7,,,,,,,98,95,66,15,227.5,2730,10801,36,0,20.7,18.1;3.9;17.4;9.8;5.2;5.7;69.3;83.4;35.8;51.2;92.5;94.0;1.3;2.1;0.3;0.3;0.0;0.5;0.5;0.8;0.8;1.8;0.8;0.3,31.88,0.08,0.03,1.58,15.041,0.76,5078.0,29443.0,4,16,,,,,,,,,,,,,,,,,,,,,,,,,,,,,,,,,,,,,,,,,,,,,,,,,,,,,,,,,,,,,
44,8,,,,,,,97,93,66,18,227.6,2730,10801,36,0,8.4,14.0;2.3;2.6;3.7;1.8;2.4;30.6;49.5;10.0;8.9;25.1;41.9;0.5;1.3;0.3;0.5;0.8;0.8;0.8;0.5;1.0;0.0;0.5;0.8,31.84,0.08,0.03,1.79,15.041,0.76,16650.0,16796.0,4,16,,,,,,,,,,,,,,,,,,,,,,,,,,,,,,,,,,,,,,,,,,,,,,,,,,,,,,,,,,,,,
44,9,,,,,,,100,77,66,17,229.8,2730,10801,36,0,6.6,9.9;1.1;2.7;2.2;1.6;0.0;29.5;26.2;2.2;4.9;53.6;20.2;0.0;0.5;0.5;0.0;0.5;1.1;0.5;0.0;0.5;0.5;0.5;0.5,31.83,0.08,0.02,1.44,15.041,0.76,8837.0,12939.0,4,16,,,,,,,,,,,,,,,,,,,,,,,,,,,,,,,,,,,,,,,,,,,,,,,,,,,,,,,,,,,,,
44,summary,0.2996714792455005,0.9940931075628262,0.28605660507414077,0.9986666666666667,0.00089557,47.2,,,,,,,,,,,,,,,,,,,,,,1,87.56,100,0,74.11,97,58,65.56,67,15,17.67,23,69.2,210.71,229.8,2603.3,10801.0,36.0,0,6.6,22.9,61.6,31.83,31.9,32.01,63.16,0.08,0.08,0.08,16.0,0.0,0.02,0.03,1.44,3.85,11.74,10.952,14.281,15.041,15.04,15.05,15.992,0.76,0.76,0.769,3759.0,13492.33,28076.0,10107.0,23947.0,45117.0,4,4.0,4,16,16.0,16,4,16,36.54,9.62
45,1,,,,,,,0,0,57,24,58.6,1410,10801,36,0,61.7,73.3;79.5;87.7;89.0;80.8;84.9;92.5;93.2;82.9;82.4;95.2;89.8;68.5;70.1;15.1;12.3;56.8;54.8;6.8;8.9;42.9;39.7;31.3;40.4,32.02,0.08,0.0,3.65,15.05,0.769,14306.0,16406.0,4,16,,,,,,,,,,,,,,,,,,,,,,,,,,,,,,,,,,,,,,,,,,,,,,,,,,,,,,,,,,,,,
45,2,,,,,,,100,77,66,18,229.8,2730,10801,36,0,27.6,24.9;12.5;25.8;24.7;15.1;15.9;90.6;92.4;51.4;54.3;84.1;84.1;9.7;11.4;4.7;4.7;8.6;9.9;2.6;2.6;8.3;9.8;6.3;7.0,31.94,0.08,0.01,6.01,15.041,0.76,30664.0,19531.0,4,16,,,,,,,,,,,,,,,,,,,,,,,,,,,,,,,,,,,,,,,,,,,,,,,,,,,,,,,,,,,,,
45,3,,,,,,,96,96,69,17,226.3,2730,10801,36,0,20.0,13.7;2.8;16.6;10.5;5.3;4.9;86.2;80.1;37.3;50.5;80.4;81.8;1.5;1.0;0.5;0.5;0.3;1.8;0.8;0.3;0.3;0.8;1.0;1.3,31.93,0.08,0.02,3.86,15.041,0.76,4687.0,32275.0,4,16,,,,,,,,,,,,,,,,,,,,,,,,,,,,,,,,,,,,,,,,,,,,,,,,,,,,,,,,,,,,,
45,4,,,,,,,96,95,68,19,226.6,2730,10801,36,0,20.8,16.7;3.9;10.4;13.3;5.2;6.5;91.9;84.9;45.3;38.3;78.9;89.9;1.6;2.3;1.3;0.3;0.8;1.0;0.8;0.3;2.6;1.6;0.5;0.5,31.91,0.08,0.04,3.78,15.041,0.76,7568.0,36816.0,4,16,,,,,,,,,,,,,,,,,,,,,,,,,,,,,,,,,,,,,,,,,,,,,,,,,,,,,,,,,,,,,
45,5,,,,,,,96,95,69,18,227.3,2730,10801,36,0,20.6,12.7;4.9;13.3;11.9;6.0;5.5;78.9;81.5;35.9;49.0;91.4;90.4;1.3;1.8;1.6;1.3;1.0;1.3;0.8;0.5;1.3;0.5;0.5;0.3,31.89,0.08,0.02,2.42,15.045,0.764,23046.0,38427.0,4,16,,,,,,,,,,,,,,,,,,,,,,,,,,,,,,,,,,,,,,,,,,,,,,,,,,,,,,,,,,,,,
45,6,,,,,,,96,92,67,16,226.9,2730,10801,36,0,20.5,15.9;1.8;10.2;15.7;4.2;5.5;73.1;86.7;32.7;51.0;89.5;94.2;1.6;1.3;0.8;0.5;0.8;0.8;0.8;0.5;0.5;1.8;0.8;1.3,31.88,0.08,0.0,2.04,15.041,0.76,10839.0,27978.0,4,16,,,,,,,,,,,,,,,,,,,,,,,,,,,,,,,,,,,,,,,,,,,,,,,,,,,,,,,,,,,,,
45,7,,,,,,,100,100,67,18,228.2,2730,10801,36,0,20.6,16.7;2.3;11.5;18.2;5.1;4.9;87.5;87.2;36.6;37.1;86.9;92.3;1.0;1.0;0.0;0.3;0.8;0.0;0.0;0.0;0.5;2.0;1.0;0.8,31.84,0.08,0.02,1.86,15.041,0.76,8349.0,37500.0,4,16,,,,,,,,,,,,,,,,,,,,,,,,,,,,,,,,,,,,,,,,,,,,,,,,,,,,,,,,,,,,,
45,8,,,,,,,96,94,66,17,228.0,2730,10801,36,0,8.2,10.6;1.3;3.6;4.9;4.4;1.8;56.9;27.5;4.4;7.3;28.6;38.0;1.3;0.5;0.0;1.0;1.0;0.3;0.3;0.0;0.8;0.3;0.8;0.3,31.84,0.08,0.01,1.4,15.041,0.76,23339.0,12841.0,4,16,,,,,,,,,,,,,,,,,,,,,,,,,,,,,,,,,,,,,,,,,,,,,,,,,,,,,,,,,,,,,
45,9,,,,,,,100,98,67,18,230.4,2730,10801,36,0,6.5,8.4;0.5;0.5;1.6;0.5;1.1;14.8;48.4;7.1;3.3;39.6;25.1;0.5;0.0;0.0;1.1;0.5;0.0;0.0;0.0;1.6;1.6;0.0;0.0,31.84,0.08,0.04,1.48,15.041,0.76,6347.0,38134.0,4,16,,,,,,,,,,,,,,,,,,,,,,,,,,,,,,,,,,,,,,,,,,,,,,,,,,,,,,,,,,,,,
45,summary,0.2993785148914021,0.9943048812700958,0.28485808838738336,0.9992222222222222,0.00089065,47.1,,,,,,,,,,,,,,,,,,,,,,0,86.67,100,0,83.0,100,57,66.22,69,16,18.33,24,58.6,209.12,230.4,2583.3,10801.0,36.0,0,6.5,22.94,61.7,31.84,31.9,32.02,63.16,0.08,0.08,0.08,16.0,0.0,0.02,0.04,1.4,2.94,6.01,10.953,14.281,15.041,15.04,15.05,15.992,0.76,0.76,0.769,4687.0,14349.44,30664.0,12841.0,28878.67,38427.0,4,4.0,4,16,16.0,16,4,16,36.86,9.24
46,1,,,,,,,0,0,58,23,70.8,2745,10801,36,0,63.1,76.0;75.2;88.4;79.5;76.0;82.9;93.1;89.0;80.7;88.3;94.5;90.3;57.9;62.3;21.4;21.2;52.4;62.8;15.2;16.6;45.0;55.9;39.3;49.7,32.0,0.08,0.0,11.79,15.05,0.769,22167.0,21630.0,4,16,,,,,,,,,,,,,,,,,,,,,,,,,,,,,,,,,,,,,,,,,,,,,,,,,,,,,,,,,,,,,
46,2,,,,,,,100,96,66,18,229.2,2730,10801,36,0,27.0,20.2;10.6;24.5;19.5;16.1;12.0;88.0;95.6;54.9;49.7;88.3;96.1;10.9;10.7;2.1;1.8;8.6;9.6;0.3;0.3;8.6;7.8;6.0;6.0,31.94,0.08,0.02,5.04,15.041,0.76,7568.0,19531.0,4,16,,,,,,,,,,,,,,,,,,,,,,,,,,,,,,,,,,,,,,,,,,,,,,,,,,,,,,,,,,,,,
46,3,,,,,,,100,78,66,17,228.6,2730,10801,36,0,20.5,19.0;2.0;16.9;10.5;5.4;2.1;85.5;83.3;43.7;47.8;83.1;81.6;1.0;2.1;0.5;0.0;1.0;1.3;0.3;0.3;0.8;0.8;0.5;1.3,31.91,0.08,0.02,4.85,15.041,0.76,29052.0,25878.0,4,16,,,,,,,,,,,,,,,,,,,,,,,,,,,,,,,,,,,,,,,,,,,,,,,,,,,,,,,,,,,,,
46,4,,,,,,,100,78,66,18,229.0,2730,10801,36,0,20.9,14.3;2.3;20.4;12.0;6.2;6.5;78.6;85.4;49.0;44.5;81.2;88.5;1.6;2.1;0.8;0.3;1.0;1.8;0.5;0.3;2.3;1.0;0.5;0.8,31.91,0.08,0.04,3.09,15.041,0.76,28857.0,13330.0,4,16,,,,,,,,,,,,,,,,,,,,,,,,,,,,,,,,,,,,,,,,,,,,,,,,,,,,,,,,,,,,,
46,5,,,,,,,100,78,66,18,229.5,2730,10801,36,0,20.6,14.5;2.3;19.3;7.3;6.5;4.4;87.2;81.0;31.7;58.4;80.3;92.7;1.3;0.5;1.0;0.0;0.3;0.3;0.0;0.5;2.1;0.5;0.3;1.0,31.89,0.08,0.0,3.07,15.045,0.764,6250.0,26953.0,4,16,,,,,,,,,,,,,,,,,,,,,,,,,,,,,,,,,,,,,,,,,,,,,,,,,,,,,,,,,,,,,
46,6,,,,,,,100,77,67,17,229.6,2730,10801,36,0,20.9,17.4;1.8;13.0;10.9;5.2;4.9;82.8;82.8;41.4;49.7;88.6;93.8;1.0;2.3;0.3;0.8;1.0;0.5;0.3;0.3;1.0;1.0;0.3;1.0,31.85,0.08,0.02,2.05,15.041,0.76,6689.0,20849.0,4,16,,,,,,,,,,,,,,,,,,,,,,,,,,,,,,,,,,,,,,,,,,,,,,,,,,,,,,,,,,,,,
46,7,,,,,,,96,93,66,18,226.6,2730,10801,36,0,19.7,17.4;1.0;15.2;8.5;4.1;2.8;84.8;86.6;35.5;45.0;83.6;81.5;1.5;1.3;0.0;0.0;0.8;0.5;0.3;0.3;0.0;0.5;0.8;0.8,31.85,0.08,0.04,1.89,15.041,0.76,23388.0,22412.0,4,16,,,,,,,,,,,,,,,,,,,,,,,,,,,,,,,,,,,,,,,,,,,,,,,,,,,,,,,,,,,,,
46,8,,,,,,,97,96,65,18,227.9,2730,10801,36,0,7.8,13.8;0.5;2.9;5.2;1.3;1.0;34.5;41.6;5.8;8.1;37.0;33.9;1.0;0.3;0.0;0.0;0.3;0.0;0.0;0.0;0.0;0.0;0.3;0.3,31.84,0.08,0.04,1.42,15.041,0.76,25488.0,28027.0,4,16,,,,,,,,,,,,,,,,,,,,,,,,,,,,,,,,,,,,,,,,,,,,,,,,,,,,,,,,,,,,,
46,9,,,,,,,100,84,69,17,230.4,2730,10801,36,0,8.6,15.7;3.8;4.9;4.3;4.8;1.1;25.0;48.6;9.7;4.9;18.0;48.1;3.2;2.7;0.5;0.5;2.2;2.2;0.5;1.1;3.2;0.5;1.1;0.0,31.84,0.08,0.05,1.53,15.041,0.76,8691.0,27978.0,4,16,,,,,,,,,,,,,,,,,,,,,,,,,,,,,,,,,,,,,,,,,,,,,,,,,,,,,,,,,,,,,
46,summary,0.2999116586465297,0.9940612276499039,0.28525708587964377,0.9988888888888889,0.00088563,47.1,,,,,,,,,,,,,,,,,,,,,,0,88.11,100,0,75.56,96,58,65.44,69,17,18.22,23,70.8,211.29,230.4,2731.7,10801.0,36.0,0,7.8,23.23,63.1,31.84,31.89,32.0,63.16,0.08,0.08,0.08,16.0,0.0,0.03,0.05,1.42,3.86,11.79,10.953,14.281,15.041,15.04,15.05,15.992,0.76,0.76,0.769,6250.0,17572.22,29052.0,13330.0,22954.22,28027.0,4,4.0,4,16,16.0,16,4,16,37.0,9.07
47,1,,,,,,,1,0,58,26,57.9,1380,10801,36,0,63.2,75.7;77.2;83.4;86.9;73.8;82.2;95.2;87.6;76.7;78.6;90.4;91.8;56.8;51.4;32.6;31.7;47.6;55.2;30.6;31.2;49.3;45.5;42.4;42.9,32.01,0.08,0.01,11.86,15.05,0.769,4980.0,31445.0,4,16,,,,,,,,,,,,,,,,,,,,,,,,,,,,,,,,,,,,,,,,,,,,,,,,,,,,,,,,,,,,,
47,2,,,,,,,100,83,69,18,229.9,2730,10801,36,0,27.6,21.3;12.4;28.1;25.9;16.3;15.0;83.9;89.4;63.4;63.2;78.0;84.5;10.9;11.1;3.1;2.1;8.3;9.3;0.8;1.0;10.3;9.0;7.8;7.4,31.95,0.08,0.01,5.04,15.041,0.76,4394.0,20703.0,4,16,,,,,,,,,,,,,,,,,,,,,,,,,,,,,,,,,,,,,,,,,,,,,,,,,,,,,,,,,,,,,
47,3,,,,,,,100,86,67,19,229.9,2730,10801,36,0,20.7,14.4;3.4;11.2;11.5;6.8;3.9;89.8;87.8;42.0;45.5;85.2;83.6;1.3;1.3;0.8;0.3;0.5;0.8;1.3;1.3;1.6;0.8;1.6;2.1,31.93,0.08,0.03,4.94,15.041,0.76,4345.0,16650.0,4,16,,,,,,,,,,,,,,,,,,,,,,,,,,,,,,,,,,,,,,,,,,,,,,,,,,,,,,,,,,,,,
47,4,,,,,,,98,81,66,18,228.9,2730,10801,36,0,19.9,12.7;2.3;17.2;12.3;4.4;4.1;75.4;71.5;47.2;41.5;86.2;94.6;1.8;1.0;0.0;0.0;0.8;0.8;0.0;0.3;1.3;1.0;0.3;0.8,31.92,0.08,0.01,3.0,15.041,0.76,10791.0,36083.0,4,16,,,,,,,,,,,,,,,,,,,,,,,,,,,,,,,,,,,,,,,,,,,,,,,,,,,,,,,,,,,,,
47,5,,,,,,,98,81,66,16,229.0,2730,10801,36,0,20.8,14.9;3.7;14.4;11.0;6.0;4.5;88.5;81.7;25.7;65.4;88.0;89.3;1.3;1.6;0.0;0.0;0.0;0.8;0.5;0.3;0.3;0.3;0.3;0.3,31.89,0.08,0.03,2.6,15.045,0.764,20947.0,12255.0,4,16,,,,,,,,,,,,,,,,,,,,,,,,,,,,,,,,,,,,,,,,,,,,,,,,,,,,,,,,,,,,,
47,6,,,,,,,100,81,66,18,229.0,2730,10801,36,0,20.5,14.0;2.3;12.0;15.2;4.4;4.2;88.3;84.9;39.3;41.3;85.7;91.2;0.8;1.6;0.3;0.3;0.5;0.3;0.5;0.5;1.3;0.5;0.8;2.1,31.87,0.08,0.02,2.57,15.041,0.76,5029.0,31591.0,4,16,,,,,,,,,,,,,,,,,,,,,,,,,,,,,,,,,,,,,,,,,,,,,,,,,,,,,,,,,,,,,
47,7,,,,,,,100,78,66,17,229.0,2730,10801,36,0,20.4,16.9;1.3;17.5;9.4;6.5;2.9;88.3;90.4;46.7;39.8;75.8;89.6;0.5;0.5;0.0;0.0;0.0;0.3;0.0;0.3;0.3;0.5;0.0;1.8,31.84,0.08,0.02,1.55,15.041,0.76,26562.0,30761.0,4,16,,,,,,,,,,,,,,,,,,,,,,,,,,,,,,,,,,,,,,,,,,,,,,,,,,,,,,,,,,,,,
47,8,,,,,,,96,95,65,18,227.8,2730,10801,36,0,7.7,13.7;1.0;1.5;2.1;0.3;0.8;62.1;30.6;4.6;7.5;29.4;28.1;0.3;0.8;0.0;0.0;0.3;0.5;0.0;0.0;0.0;0.0;0.0;0.5,31.84,0.08,0.01,1.7,15.041,0.76,23486.0,12402.0,4,16,,,,,,,,,,,,,,,,,,,,,,,,,,,,,,,,,,,,,,,,,,,,,,,,,,,,,,,,,,,,,
47,9,,,,,,,100,76,69,18,230.8,2730,10801,36,0,7.4,15.7;0.5;2.7;2.7;1.1;1.1;14.8;59.0;5.5;2.7;10.9;50.3;0.5;0.0;0.5;0.0;0.5;0.5;0.0;0.0;3.8;2.2;0.5;1.1,31.84,0.08,0.04,1.53,15.041,0.76,6152.0,20410.0,4,16,,,,,,,,,,,,,,,,,,,,,,,,,,,,,,,,,,,,,,,,,,,,,,,,,,,,,,,,,,,,,
47,summary,0.29924270026206284,0.9943481468662045,0.2852152389155494,0.9988888888888889,0.00088052,47.1,,,,,,,,,,,,,,,,,,,,,,1,88.11,100,0,73.44,95,58,65.78,69,16,18.67,26,57.9,210.24,230.8,2580.0,10801.0,36.0,0,7.4,23.13,63.2,31.84,31.9,32.01,63.16,0.08,0.08,0.08,16.0,0.01,0.02,0.04,1.53,3.87,11.86,10.953,14.281,15.041,15.04,15.05,15.992,0.76,0.76,0.769,4345.0,11854.0,26562.0,12255.0,23588.89,36083.0,4,4.0,4,16,16.0,16,4,16,36.68,9.41
48,1,,,,,,,1,0,58,24,77.7,2745,10801,36,0,60.9,79.5;80.0;84.4;84.1;82.9;80.3;88.3;97.9;82.3;89.0;86.2;93.1;56.2;51.0;19.7;17.2;48.6;51.7;13.1;14.3;43.2;44.2;40.4;34.2,32.01,0.08,0.03,3.77,15.05,0.769,21972.0,10888.0,4,16,,,,,,,,,,,,,,,,,,,,,,,,,,,,,,,,,,,,,,,,,,,,,,,,,,,,,,,,,,,,,
48,2,,,,,,,100,79,67,17,229.7,2730,10801,36,0,28.0,24.5;11.1;29.2;20.7;15.8;13.7;86.0;90.7;54.3;58.8;86.8;88.4;11.1;11.1;2.8;6.2;9.6;9.6;3.4;2.6;8.5;9.0;8.5;8.5,31.94,0.08,0.01,6.11,15.041,0.76,26025.0,38623.0,4,16,,,,,,,,,,,,,,,,,,,,,,,,,,,,,,,,,,,,,,,,,,,,,,,,,,,,,,,,,,,,,
48,3,,,,,,,100,76,66,18,229.0,2730,10801,36,0,19.8,13.6;1.0;13.6;8.9;3.9;3.4;84.1;79.6;36.0;54.6;82.3;90.1;1.8;0.3;0.0;0.0;0.0;0.0;0.0;0.3;1.0;0.0;0.0;0.0,31.93,0.08,0.07,4.69,15.041,0.76,7324.0,12988.0,4,16,,,,,,,,,,,,,,,,,,,,,,,,,,,,,,,,,,,,,,,,,,,,,,,,,,,,,,,,,,,,,
48,4,,,,,,,96,95,69,17,227.4,2730,10801,36,0,19.9,13.6;2.8;12.1;8.7;5.4;4.1;69.3;72.4;46.9;50.5;93.0;95.4;0.8;1.0;0.0;0.0;0.5;0.3;0.0;0.0;0.3;0.3;0.0;0.5,31.9,0.08,0.05,4.21,15.041,0.76,21240.0,12792.0,4,16,,,,,,,,,,,,,,,,,,,,,,,,,,,,,,,,,,,,,,,,,,,,,,,,,,,,,,,,,,,,,
48,5,,,,,,,96,94,69,19,226.8,2730,10801,36,0,20.2,13.5;3.6;10.9;14.5;5.2;5.7;79.1;75.8;33.2;63.2;84.7;88.6;1.8;1.8;0.5;0.3;0.5;0.3;0.3;0.3;0.3;0.8;0.5;0.3,31.87,0.08,0.0,2.38,15.045,0.764,16210.0,30908.0,4,16,,,,,,,,,,,,,,,,,,,,,,,,,,,,,,,,,,,,,,,,,,,,,,,,,,,,,,,,,,,,,
48,6,,,,,,,96,93,69,19,227.1,2730,10801,36,0,20.5,13.1;4.9;16.4;12.0;7.0;2.9;86.3;89.3;33.7;52.0;88.8;78.9;1.6;2.1;0.5;0.3;0.5;0.3;0.3;0.0;0.3;0.3;0.5;0.5,31.86,0.08,0.08,2.24,15.041,0.76,14355.0,22509.0,4,16,,,,,,,,,,,,,,,,,,,,,,,,,,,,,,,,,,,,,,,,,,,,,,,,,,,,,,,,,,,,,
48,7,,,,,,,96,89,68,17,227.8,2730,10801,36,0,21.0,15.2;3.9;12.5;17.6;6.0;5.5;86.4;92.7;37.7;53.1;78.2;82.3;1.8;2.9;0.3;0.0;0.8;0.8;1.6;0.0;1.0;1.0;0.8;1.0,31.86,0.08,0.06,1.92,15.041,0.76,20263.0,12792.0,4,16,,,,,,,,,,,,,,,,,,,,,,,,,,,,,,,,,,,,,,,,,,,,,,,,,,,,,,,,,,,,,
48,8,,,,,,,98,97,66,18,228.3,2730,10801,36,0,7.6,15.1;1.8;2.1;2.8;0.3;1.0;59.5;25.2;6.4;5.7;15.2;44.3;0.8;0.3;0.3;0.0;0.3;0.0;0.5;0.3;0.5;0.0;0.0;0.3,31.85,0.08,0.02,1.39,15.041,0.76,10107.0,12011.0,4,16,,,,,,,,,,,,,,,,,,,,,,,,,,,,,,,,,,,,,,,,,,,,,,,,,,,,,,,,,,,,,
48,9,,,,,,,100,77,66,18,229.8,2730,10801,36,0,7.2,20.7;0.5;1.6;2.2;0.5;1.1;18.1;58.2;4.4;6.0;19.1;38.5;0.6;0.0;0.0;0.0;0.0;0.0;0.0;0.0;0.0;0.0;0.0;0.0,31.85,0.08,0.02,1.52,15.041,0.76,18750.0,31884.0,4,16,,,,,,,,,,,,,,,,,,,,,,,,,,,,,,,,,,,,,,,,,,,,,,,,,,,,,,,,,,,,,
48,summary,0.299051415061697,0.9944346780584222,0.28453071127997503,0.9992222222222222,0.00087531,47.1,,,,,,,,,,,,,,,,,,,,,,1,87.0,100,0,77.78,97,58,66.44,69,17,18.56,24,77.7,211.51,229.8,2731.7,10801.0,36.0,0,7.2,22.79,60.9,31.85,31.9,32.01,63.16,0.08,0.08,0.08,16.0,0.0,0.04,0.08,1.39,3.14,6.11,10.952,14.281,15.041,15.04,15.05,15.992,0.76,0.76,0.769,7324.0,17360.67,26025.0,10888.0,20599.44,38623.0,4,4.0,4,16,16.0,16,4,16,36.75,9.34
49,1,,,,,,,0,0,60,22,61.2,1365,10801,36,0,61.9,85.1;78.2;88.7;88.0;81.0;78.9;86.6;93.0;81.8;83.2;91.5;96.5;63.2;44.8;23.8;24.5;52.4;59.4;14.0;16.1;39.4;45.5;33.6;36.4,32.03,0.08,0.0,12.0,15.05,0.769,3857.0,38916.0,4,16,,,,,,,,,,,,,,,,,,,,,,,,,,,,,,,,,,,,,,,,,,,,,,,,,,,,,,,,,,,,,
49,2,,,,,,,100,87,65,18,229.4,2730,10801,36,0,28.4,23.1;12.7;29.4;27.1;18.1;19.1;88.6;89.9;57.1;49.1;86.6;94.6;10.6;10.1;4.7;4.4;8.5;9.4;2.3;2.1;9.3;8.0;6.5;9.1,31.97,0.08,0.0,5.0,15.041,0.76,49707.0,101660.0,4,16,,,,,,,,,,,,,,,,,,,,,,,,,,,,,,,,,,,,,,,,,,,,,,,,,,,,,,,,,,,,,
49,3,,,,,,,100,76,66,18,229.7,2730,10801,36,0,20.6,17.5;2.9;18.0;7.6;3.9;3.4;79.0;71.1;42.1;52.9;94.6;90.9;2.1;1.6;0.3;0.0;0.8;1.3;0.5;0.3;1.3;0.5;1.0;0.3,31.93,0.08,0.04,4.9,15.041,0.76,16064.0,44677.0,4,16,,,,,,,,,,,,,,,,,,,,,,,,,,,,,,,,,,,,,,,,,,,,,,,,,,,,,,,,,,,,,
49,4,,,,,,,100,77,66,21,229.8,2730,10801,36,0,20.0,15.0;2.0;11.8;7.5;4.7;3.2;87.0;79.0;39.2;42.8;92.2;91.8;1.0;0.5;0.0;0.2;0.5;0.0;0.0;0.0;1.0;0.2;0.2;0.5,31.89,0.08,0.03,2.97,15.041,0.76,1416.0,1367.0,4,16,,,,,,,,,,,,,,,,,,,,,,,,,,,,,,,,,,,,,,,,,,,,,,,,,,,,,,,,,,,,,
49,5,,,,,,,100,76,67,18,229.3,2730,10801,36,0,19.4,13.8;0.8;14.1;7.1;4.7;1.6;83.5;85.9;39.9;40.1;83.3;85.2;1.8;0.8;0.0;0.0;0.3;0.0;0.3;0.0;1.0;0.0;0.3;0.0,31.89,0.08,0.0,3.05,15.041,0.76,25390.0,12792.0,4,16,,,,,,,,,,,,,,,,,,,,,,,,,,,,,,,,,,,,,,,,,,,,,,,,,,,,,,,,,,,,,
49,6,,,,,,,100,76,66,17,229.8,2730,10801,36,0,22.2,16.0;4.2;14.8;10.2;7.3;6.5;91.4;93.8;54.9;35.2;81.0;87.5;2.9;4.4;2.1;1.3;1.8;1.6;2.6;2.1;5.1;1.8;2.3;1.8,31.88,0.08,0.03,2.09,15.041,0.76,27392.0,12548.0,4,16,,,,,,,,,,,,,,,,,,,,,,,,,,,,,,,,,,,,,,,,,,,,,,,,,,,,,,,,,,,,,
49,7,,,,,,,100,76,66,17,230.1,2730,10801,36,0,20.3,17.1;1.0;17.4;8.1;7.0;3.4;95.1;91.7;45.2;34.5;78.1;82.9;1.0;1.6;0.0;0.0;0.3;0.3;0.0;0.3;1.6;0.5;0.0;0.0,31.89,0.08,0.01,1.89,15.041,0.76,18701.0,18603.0,4,16,,,,,,,,,,,,,,,,,,,,,,,,,,,,,,,,,,,,,,,,,,,,,,,,,,,,,,,,,,,,,
49,8,,,,,,,100,96,64,19,230.0,2730,10801,36,0,7.7,14.8;0.3;3.0;1.5;2.3;1.0;42.5;32.2;10.0;7.3;21.1;47.7;0.8;0.0;0.0;0.0;0.3;0.0;0.0;0.0;0.0;0.3;0.0;0.0,31.86,0.08,0.01,1.34,15.041,0.76,585.0,390.0,4,16,,,,,,,,,,,,,,,,,,,,,,,,,,,,,,,,,,,,,,,,,,,,,,,,,,,,,,,,,,,,,
49,9,,,,,,,98,81,67,18,228.6,2730,10801,36,0,6.5,13.6;1.7;1.7;1.7;1.1;0.6;32.2;28.2;2.8;3.3;6.1;59.7;1.1;0.0;0.0;0.5;0.0;0.0;0.6;0.5;0.0;0.0;0.0;1.1,31.85,0.08,0.04,1.53,15.041,0.76,23925.0,18017.0,4,16,,,,,,,,,,,,,,,,,,,,,,,,,,,,,,,,,,,,,,,,,,,,,,,,,,,,,,,,,,,,,
49,summary,0.29850970971205043,0.9945826919398472,0.2854400872124566,0.9993333333333333,0.00087000,47.3,,,,,,,,,,,,,,,,,,,,,,0,88.67,100,0,71.67,96,60,65.22,67,17,18.67,22,61.2,210.88,230.1,2578.3,10801.0,36.0,0,6.5,23.0,61.9,31.85,31.91,32.03,63.16,0.08,0.08,0.08,16.0,0.0,0.02,0.04,1.34,3.86,12.0,10.953,14.281,15.041,15.04,15.05,15.992,0.76,0.76,0.769,585.0,18559.67,49707.0,390.0,27663.33,101660.0,4,4.0,4,16,16.0,16,4,16,36.78,9.56
50,1,,,,,,,1,0,59,23,63.4,1545,10801,36,0,60.5,75.5;74.8;86.0;84.6;76.2;83.9;84.0;95.1;81.8;79.7;88.1;95.1;60.4;48.6;17.5;20.1;51.4;50.7;12.3;13.1;45.5;45.5;44.8;39.2,32.03,0.08,0.0,12.08,15.05,0.769,27734.0,19042.0,4,16,,,,,,,,,,,,,,,,,,,,,,,,,,,,,,,,,,,,,,,,,,,,,,,,,,,,,,,,,,,,,
50,2,,,,,,,100,76,66,19,229.9,2730,10801,36,0,28.5,20.0;13.3;30.2;24.0;15.7;19.1;81.7;77.5;52.0;69.2;96.1;95.8;9.7;11.2;5.2;3.9;8.4;10.4;3.4;2.6;9.9;9.7;6.3;9.1,31.94,0.08,0.01,5.03,15.041,0.76,4492.0,24707.0,4,16,,,,,,,,,,,,,,,,,,,,,,,,,,,,,,,,,,,,,,,,,,,,,,,,,,,,,,,,,,,,,
50,3,,,,,,,100,85,65,18,229.7,2730,10801,36,0,20.5,11.7;3.4;10.2;16.4;4.4;5.7;83.5;79.1;35.2;57.2;90.4;87.5;1.8;1.0;0.3;0.3;0.5;0.8;0.0;0.3;0.8;0.5;0.5;0.5,31.92,0.08,0.01,4.9,15.041,0.76,16162.0,44580.0,4,16,,,,,,,,,,,,,,,,,,,,,,,,,,,,,,,,,,,,,,,,,,,,,,,,,,,,,,,,,,,,,
50,4,,,,,,,100,89,65,18,230.1,2730,10801,36,0,20.4,9.5;2.6;11.1;13.5;4.1;4.9;82.4;85.5;35.1;48.1;90.1;95.1;1.8;1.0;0.8;0.0;1.3;0.0;0.0;0.3;0.8;0.8;0.0;0.8,31.91,0.08,0.01,3.06,15.041,0.76,4296.0,44433.0,4,16,,,,,,,,,,,,,,,,,,,,,,,,,,,,,,,,,,,,,,,,,,,,,,,,,,,,,,,,,,,,,
50,5,,,,,,,100,83,67,19,228.5,2730,10801,36,0,20.4,16.8;3.9;14.4;13.9;3.6;3.9;84.8;92.3;37.6;43.2;84.6;84.3;1.5;1.0;0.0;1.0;0.3;0.5;0.8;0.0;0.3;0.0;0.3;0.8,31.89,0.08,0.08,2.77,15.041,0.76,7958.0,12011.0,4,16,,,,,,,,,,,,,,,,,,,,,,,,,,,,,,,,,,,,,,,,,,,,,,,,,,,,,,,,,,,,,
50,6,,,,,,,100,79,67,17,228.8,2730,10801,36,0,20.1,13.9;3.1;15.0;11.7;2.8;3.9;86.6;89.1;40.5;43.4;83.7;82.6;0.8;1.0;0.3;0.3;0.5;0.8;0.3;0.3;0.5;0.0;0.8;0.3,31.88,0.08,0.02,2.57,15.041,0.76,7226.0,13671.0,4,16,,,,,,,,,,,,,,,,,,,,,,,,,,,,,,,,,,,,,,,,,,,,,,,,,,,,,,,,,,,,,
50,7,,,,,,,100,76,66,15,228.9,2730,10801,36,0,20.9,15.0;1.8;13.8;12.8;3.4;7.0;84.5;90.6;43.3;50.1;79.9;89.3;1.8;1.0;0.5;0.3;0.0;0.8;0.3;0.0;1.6;1.0;0.8;1.6,31.88,0.08,0.01,1.58,15.041,0.76,6933.0,39990.0,4,16,,,,,,,,,,,,,,,,,,,,,,,,,,,,,,,,,,,,,,,,,,,,,,,,,,,,,,,,,,,,,
50,8,,,,,,,100,76,67,17,229.9,2730,10801,36,0,7.8,9.3;0.8;4.7;3.9;0.5;2.4;37.9;40.2;6.6;8.2;20.7;48.0;0.3;0.3;0.0;0.5;0.5;0.0;0.3;0.3;0.8;0.5;0.3;0.0,31.86,0.08,0.0,1.7,15.041,0.76,5615.0,39501.0,4,16,,,,,,,,,,,,,,,,,,,,,,,,,,,,,,,,,,,,,,,,,,,,,,,,,,,,,,,,,,,,,
50,9,,,,,,,97,93,66,19,226.7,2730,10801,36,0,7.9,19.4;3.0;2.5;3.4;1.5;2.9;54.0;16.1;5.0;7.9;38.9;19.7;0.5;0.5;1.0;0.5;1.0;0.5;1.6;1.0;3.0;1.5;1.0;1.5,31.86,0.08,0.0,1.29,15.041,0.76,55517.0,292.0,4,16,,,,,,,,,,,,,,,,,,,,,,,,,,,,,,,,,,,,,,,,,,,,,,,,,,,,,,,,,,,,,
50,summary,0.29766566615031836,0.9948217912867644,0.2852903634442223,0.999,0.00086460,47.2,,,,,,,,,,,,,,,,,,,,,,1,88.67,100,0,73.0,93,59,65.33,67,15,18.33,23,63.4,210.66,230.1,2598.3,10801.0,36.0,0,7.8,23.0,60.5,31.86,31.91,32.03,63.16,0.08,0.08,0.08,16.0,0.0,0.02,0.08,1.29,3.89,12.08,10.953,14.281,15.041,15.04,15.05,15.992,0.76,0.76,0.769,4296.0,15103.67,55517.0,292.0,26469.67,44580.0,4,4.0,4,16,16.0,16,4,16,36.79,9.38
51,1,,,,,,,0,0,58,24,79.7,2745,10801,36,0,63.2,81.4;76.8;90.1;90.1;86.5;84.5;90.8;95.0;78.2;83.7;95.7;91.5;52.8;57.0;22.8;21.1;46.5;52.1;24.5;21.1;46.9;47.2;43.7;42.7,32.04,0.08,0.08,12.09,15.05,0.769,19873.0,8349.0,4,16,,,,,,,,,,,,,,,,,,,,,,,,,,,,,,,,,,,,,,,,,,,,,,,,,,,,,,,,,,,,,
51,2,,,,,,,100,96,65,17,229.5,2730,10801,36,0,27.0,21.9;11.2;30.9;17.9;15.3;14.5;78.3;83.9;54.8;53.1;94.4;90.1;9.9;10.0;4.1;4.3;9.0;9.0;2.8;1.8;8.4;9.2;7.2;6.4,31.97,0.08,0.16,5.12,15.041,0.76,65576.0,278906.0,4,16,,,,,,,,,,,,,,,,,,,,,,,,,,,,,,,,,,,,,,,,,,,,,,,,,,,,,,,,,,,,,
51,3,,,,,,,100,93,65,18,229.9,2730,10801,36,0,20.1,12.1;1.8;17.7;5.7;5.0;3.7;83.8;87.0;32.6;45.1;89.3;94.0;1.6;0.0;0.0;0.0;0.3;0.0;0.0;0.0;0.3;1.0;0.3;1.0,31.93,0.08,0.05,4.11,15.041,0.76,15771.0,12939.0,4,16,,,,,,,,,,,,,,,,,,,,,,,,,,,,,,,,,,,,,,,,,,,,,,,,,,,,,,,,,,,,,
51,4,,,,,,,100,96,65,18,226.7,2730,10801,36,0,20.5,12.6;3.1;17.7;6.3;6.8;3.9;81.6;84.6;48.1;40.1;87.0;93.2;1.0;1.3;0.3;0.3;0.5;0.3;0.0;0.0;0.5;0.8;0.3;0.8,31.92,0.08,0.09,4.11,15.041,0.76,15820.0,18164.0,4,16,,,,,,,,,,,,,,,,,,,,,,,,,,,,,,,,,,,,,,,,,,,,,,,,,,,,,,,,,,,,,
51,5,,,,,,,91,34,64,20,220.4,2730,10801,36,0,20.7,20.0;2.8;13.8;11.0;4.1;8.4;89.7;91.8;44.9;45.0;78.8;71.2;1.8;1.8;0.0;0.5;0.8;1.0;1.3;0.5;2.3;0.8;1.0;1.8,31.92,0.08,0.05,2.59,15.041,0.76,14697.0,29345.0,4,16,,,,,,,,,,,,,,,,,,,,,,,,,,,,,,,,,,,,,,,,,,,,,,,,,,,,,,,,,,,,,
51,6,,,,,,,100,100,66,18,228.8,2730,10801,36,0,22.0,14.2;5.4;25.5;12.9;8.2;8.5;95.6;94.8;46.6;47.8;71.3;83.2;3.1;3.6;0.8;0.8;2.1;0.5;0.5;0.5;0.5;0.3;1.5;0.8,31.91,0.08,0.43,3.98,15.041,0.76,4687.0,32275.0,4,16,,,,,,,,,,,,,,,,,,,,,,,,,,,,,,,,,,,,,,,,,,,,,,,,,,,,,,,,,,,,,
51,7,,,,,,,100,76,68,18,229.7,2730,10801,36,0,21.0,17.0;3.4;13.9;13.1;4.5;8.1;85.4;87.2;44.0;47.4;86.6;83.8;1.8;2.4;0.3;0.5;1.6;0.5;0.8;0.0;0.8;0.5;1.0;0.3,31.9,0.08,0.74,2.05,15.041,0.76,22656.0,16162.0,4,16,,,,,,,,,,,,,,,,,,,,,,,,,,,,,,,,,,,,,,,,,,,,,,,,,,,,,,,,,,,,,
51,8,,,,,,,100,77,68,16,230.1,2730,10801,36,0,9.0,14.6;4.2;3.7;6.0;3.1;1.8;33.2;24.7;6.3;11.5;33.4;61.9;1.0;0.5;0.0;0.5;1.0;1.6;1.0;0.3;1.3;1.0;0.8;3.1,31.89,0.08,0.14,2.04,15.041,0.76,5322.0,17919.0,4,16,,,,,,,,,,,,,,,,,,,,,,,,,,,,,,,,,,,,,,,,,,,,,,,,,,,,,,,,,,,,,
51,9,,,,,,,96,95,66,18,227.2,2730,10801,36,0,6.6,13.1;0.5;1.6;1.1;0.5;0.5;41.1;22.2;5.9;4.9;48.1;10.8;2.2;1.6;0.5;0.0;0.0;0.0;1.1;1.1;0.0;0.0;0.0;1.6,31.89,0.08,0.1,1.71,15.041,0.76,7812.0,36230.0,4,16,,,,,,,,,,,,,,,,,,,,,,,,,,,,,,,,,,,,,,,,,,,,,,,,,,,,,,,,,,,,,
51,summary,0.29820018816601457,0.9948513940630493,0.28450507262017993,0.999,0.00085911,47.2,,,,,,,,,,,,,,,,,,,,,,0,87.44,100,0,74.11,100,58,65.0,68,16,18.56,24,79.7,211.33,230.1,2731.7,10801.0,36.0,0,6.6,23.34,63.2,31.89,31.93,32.04,63.16,0.08,0.08,0.08,16.0,0.05,0.2,0.74,1.71,4.2,12.09,10.951,14.281,15.041,15.04,15.05,15.992,0.76,0.76,0.769,4687.0,19134.89,65576.0,8349.0,50032.11,278906.0,4,4.0,4,16,16.0,16,4,16,36.88,9.26
52,1,,,,,,,0,0,58,24,68.2,1620,10801,36,0,62.3,77.0;79.2;86.8;88.9;84.0;84.0;90.3;93.8;78.5;89.6;86.8;98.6;59.7;63.9;18.8;19.4;52.1;50.0;11.1;13.2;40.3;45.1;41.7;41.7,32.04,0.08,0.15,4.0,15.05,0.769,15039.0,61083.0,4,16,,,,,,,,,,,,,,,,,,,,,,,,,,,,,,,,,,,,,,,,,,,,,,,,,,,,,,,,,,,,,
52,2,,,,,,,100,100,65,15,228.5,2730,10801,36,0,27.7,24.6;13.9;26.2;25.3;16.9;17.2;82.8;89.0;52.6;51.0;89.0;90.0;11.5;11.3;2.3;2.6;10.0;10.3;2.6;0.5;10.4;9.8;5.4;8.4,31.97,0.08,0.08,6.17,15.041,0.76,12597.0,22460.0,4,16,,,,,,,,,,,,,,,,,,,,,,,,,,,,,,,,,,,,,,,,,,,,,,,,,,,,,,,,,,,,,
52,3,,,,,,,100,100,66,18,228.1,2730,10801,36,0,21.3,15.4;2.9;14.5;14.5;6.7;6.8;82.0;89.6;39.3;47.9;87.3;89.6;2.1;2.6;0.8;1.3;1.0;1.0;0.5;1.3;2.3;1.3;0.5;1.8,31.95,0.08,0.01,3.93,15.041,0.76,16406.0,38574.0,4,16,,,,,,,,,,,,,,,,,,,,,,,,,,,,,,,,,,,,,,,,,,,,,,,,,,,,,,,,,,,,,
52,4,,,,,,,100,100,66,18,227.5,2730,10801,36,0,20.6,11.8;2.1;15.6;11.5;4.4;4.7;82.2;88.8;49.1;44.0;83.7;87.5;0.5;1.0;0.0;0.5;1.3;0.3;0.3;0.5;1.8;0.3;0.3;0.3,31.93,0.08,1.91,3.9,15.041,0.76,33789.0,13330.0,4,16,,,,,,,,,,,,,,,,,,,,,,,,,,,,,,,,,,,,,,,,,,,,,,,,,,,,,,,,,,,,,
52,5,,,,,,,98,99,66,18,227.1,2730,10801,36,0,20.3,10.1;2.1;13.9;7.8;4.7;4.7;92.2;88.5;34.6;50.9;85.1;86.6;1.6;1.3;0.0;0.0;0.3;0.5;0.3;0.3;0.5;0.3;1.3;0.8,31.91,0.08,0.08,2.47,15.045,0.764,51806.0,41845.0,4,16,,,,,,,,,,,,,,,,,,,,,,,,,,,,,,,,,,,,,,,,,,,,,,,,,,,,,,,,,,,,,
52,6,,,,,,,100,75,69,19,228.7,2730,10801,36,0,20.2,15.3;1.8;17.6;6.6;5.4;5.4;90.3;92.8;42.7;29.4;82.4;84.7;1.5;1.8;0.3;0.3;0.0;1.0;0.5;0.0;1.5;1.0;0.8;1.5,31.91,0.08,0.08,2.19,15.041,0.76,21679.0,39501.0,4,16,,,,,,,,,,,,,,,,,,,,,,,,,,,,,,,,,,,,,,,,,,,,,,,,,,,,,,,,,,,,,
52,7,,,,,,,100,76,69,16,229.0,2730,10801,36,0,19.8,7.8;1.0;16.9;11.4;3.1;2.9;77.9;79.4;47.1;38.4;88.6;91.7;1.0;1.6;0.5;0.5;0.8;0.8;0.5;0.5;0.8;1.3;0.5;0.8,31.9,0.08,0.03,1.88,15.041,0.76,22900.0,19042.0,4,16,,,,,,,,,,,,,,,,,,,,,,,,,,,,,,,,,,,,,,,,,,,,,,,,,,,,,,,,,,,,,
52,8,,,,,,,100,76,68,16,229.7,2730,10801,36,0,8.2,10.9;1.6;1.3;4.2;1.6;2.9;41.5;23.8;6.0;10.7;26.6;59.5;0.5;1.3;0.0;0.0;0.0;0.0;0.0;0.0;2.3;1.3;0.3;0.0,31.86,0.08,0.06,1.49,15.077,0.796,6591.0,12841.0,4,16,,,,,,,,,,,,,,,,,,,,,,,,,,,,,,,,,,,,,,,,,,,,,,,,,,,,,,,,,,,,,
52,9,,,,,,,96,96,65,16,226.4,2730,10801,36,0,7.5,11.9;1.1;2.2;3.3;0.5;1.6;67.4;27.9;3.3;4.9;30.1;19.0;1.1;0.5;0.0;0.0;0.5;0.0;0.0;0.0;0.5;0.0;0.0;3.8,31.85,0.08,0.0,1.44,15.073,0.792,38623.0,30029.0,4,16,,,,,,,,,,,,,,,,,,,,,,,,,,,,,,,,,,,,,,,,,,,,,,,,,,,,,,,,,,,,,
52,summary,0.29831472037512546,0.9948172370134898,0.28389738904105294,0.9995555555555555,0.00085352,47.1,,,,,,,,,,,,,,,,,,,,,,0,88.22,100,0,80.22,100,58,65.78,69,15,17.78,24,68.2,210.36,229.7,2606.7,10801.0,36.0,0,7.5,23.1,62.3,31.85,31.92,32.04,63.16,0.08,0.08,0.08,16.0,0.0,0.27,1.91,1.44,3.05,6.17,10.951,14.281,15.041,15.05,15.077,15.992,0.76,0.77,0.796,6591.0,24381.11,51806.0,12841.0,30967.22,61083.0,4,4.0,4,16,16.0,16,4,16,36.64,9.41
53,1,,,,,,,34,31,57,25,58.0,1305,10801,36,0,60.9,77.3;79.9;85.9;86.6;80.5;79.2;87.9;94.0;85.9;81.9;94.6;88.7;62.4;62.4;21.3;22.7;45.3;47.3;4.7;10.0;38.2;42.4;38.0;45.3,32.06,0.08,0.2,13.0,15.083,0.802,21728.0,15039.0,4,16,,,,,,,,,,,,,,,,,,,,,,,,,,,,,,,,,,,,,,,,,,,,,,,,,,,,,,,,,,,,,
53,2,,,,,,,100,77,66,19,218.2,2730,10801,36,0,27.8,24.3;13.0;27.2;29.1;14.8;17.3;87.0;92.3;50.9;43.0;90.3;89.6;10.7;12.2;3.6;3.1;10.2;9.7;3.3;2.0;9.2;9.4;5.1;9.2,31.97,0.08,0.01,7.03,15.073,0.792,29248.0,24853.0,4,16,,,,,,,,,,,,,,,,,,,,,,,,,,,,,,,,,,,,,,,,,,,,,,,,,,,,,,,,,,,,,
53,3,,,,,,,100,78,66,19,229.2,2730,10801,36,0,22.5,17.6;4.9;16.5;20.1;8.6;7.8;89.6;85.4;47.8;52.2;82.9;82.0;3.4;2.9;0.8;0.3;2.1;2.1;1.8;0.8;3.4;3.1;1.0;1.8,31.98,0.08,0.21,4.45,15.073,0.792,25244.0,12695.0,4,16,,,,,,,,,,,,,,,,,,,,,,,,,,,,,,,,,,,,,,,,,,,,,,,,,,,,,,,,,,,,,
53,4,,,,,,,100,77,67,18,228.4,2730,10801,36,0,20.5,12.8;2.9;11.0;16.5;5.5;4.7;88.0;90.8;42.0;40.6;87.4;86.9;0.8;1.3;0.0;0.0;0.3;0.8;0.0;0.0;1.0;0.5;0.0;0.5,31.97,0.08,0.44,3.9,15.073,0.792,4980.0,34912.0,4,16,,,,,,,,,,,,,,,,,,,,,,,,,,,,,,,,,,,,,,,,,,,,,,,,,,,,,,,,,,,,,
53,5,,,,,,,100,78,69,17,228.6,2730,10801,36,0,19.7,14.5;1.6;9.4;11.4;2.6;2.6;87.2;87.5;41.4;40.1;81.2;84.4;1.3;1.3;0.3;0.3;0.5;1.0;0.0;0.3;1.3;0.3;0.3;0.8,31.96,0.08,0.04,3.64,15.077,0.796,30029.0,29980.0,4,16,,,,,,,,,,,,,,,,,,,,,,,,,,,,,,,,,,,,,,,,,,,,,,,,,,,,,,,,,,,,,
53,6,,,,,,,96,54,64,18,217.9,2730,10801,36,0,20.5,12.1;3.8;11.5;15.1;4.9;3.6;85.9;88.7;44.0;36.7;92.1;85.4;1.5;1.3;0.5;1.0;0.5;0.5;1.0;0.3;0.5;0.8;0.5;0.8,31.92,0.08,0.02,2.24,15.073,0.792,4882.0,17089.0,4,16,,,,,,,,,,,,,,,,,,,,,,,,,,,,,,,,,,,,,,,,,,,,,,,,,,,,,,,,,,,,,
53,7,,,,,,,96,94,69,17,226.3,2730,10801,36,0,20.0,15.6;2.3;12.2;12.0;5.2;3.1;76.3;71.2;43.6;54.5;84.1;89.6;1.6;1.6;0.3;0.3;1.6;0.8;0.0;0.3;0.8;1.3;0.5;0.3,31.91,0.08,0.05,2.42,15.073,0.792,26074.0,51904.0,4,16,,,,,,,,,,,,,,,,,,,,,,,,,,,,,,,,,,,,,,,,,,,,,,,,,,,,,,,,,,,,,
53,8,,,,,,,96,94,68,18,227.2,2730,10801,36,0,8.2,15.4;1.8;4.7;2.9;1.0;1.6;30.2;51.2;5.2;6.8;30.2;37.1;1.6;1.8;0.3;0.5;0.3;0.0;0.0;0.5;2.3;1.3;0.3;0.3,31.9,0.08,0.01,1.37,15.073,0.792,12353.0,17333.0,4,16,,,,,,,,,,,,,,,,,,,,,,,,,,,,,,,,,,,,,,,,,,,,,,,,,,,,,,,,,,,,,
53,9,,,,,,,100,92,66,18,230.2,2730,10801,36,0,6.8,9.4;0.0;2.7;1.1;0.5;0.5;44.6;24.5;6.5;5.4;12.5;52.5;0.0;0.0;0.0;0.0;0.0;0.0;0.0;0.0;1.1;0.0;1.1;0.0,31.89,0.08,0.02,1.46,15.073,0.792,9960.0,12646.0,4,16,,,,,,,,,,,,,,,,,,,,,,,,,,,,,,,,,,,,,,,,,,,,,,,,,,,,,,,,,,,,,
53,summary,0.29741569483980645,0.994937925255267,0.2840075178941091,0.9994444444444445,0.00084785,47.1,,,,,,,,,,,,,,,,,,,,,,34,91.33,100,31,75.0,94,57,65.78,69,17,18.78,25,58.0,207.11,230.2,2571.7,10801.0,36.0,0,6.8,22.99,60.9,31.89,31.95,32.06,63.16,0.08,0.08,0.08,16.0,0.01,0.11,0.44,1.37,4.39,13.0,10.952,14.281,15.073,15.07,15.083,15.992,0.792,0.79,0.802,4882.0,18277.56,30029.0,12646.0,24050.11,51904.0,4,4.0,4,16,16.0,16,4,16,36.87,9.26
54,1,,,,,,,1,0,58,26,73.1,2745,10801,36,0,60.8,75.5;74.8;88.7;87.4;79.7;83.8;90.1;94.4;83.1;84.6;95.8;88.8;58.7;65.0;16.8;16.8;47.6;47.6;13.9;14.7;41.3;44.1;31.5;35.7,32.06,0.08,0.57,6.27,15.083,0.802,7519.0,36474.0,4,16,,,,,,,,,,,,,,,,,,,,,,,,,,,,,,,,,,,,,,,,,,,,,,,,,,,,,,,,,,,,,
54,2,,,,,,,100,100,67,18,227.8,2730,10801,36,0,27.5,24.4;11.4;28.8;21.8;17.6;14.0;87.0;85.7;40.5;64.9;93.3;87.5;10.1;9.6;2.3;4.9;8.6;9.6;2.6;2.6;9.6;9.1;8.1;6.8,31.99,0.08,0.01,5.01,15.073,0.792,4638.0,28857.0,4,16,,,,,,,,,,,,,,,,,,,,,,,,,,,,,,,,,,,,,,,,,,,,,,,,,,,,,,,,,,,,,
54,3,,,,,,,100,77,66,15,228.7,2730,10801,36,0,19.6,13.3;2.1;11.5;10.3;4.6;5.9;91.5;93.1;33.6;51.4;76.2;72.9;1.8;0.3;0.3;0.0;0.0;0.0;0.0;0.0;0.3;0.0;0.3;0.5,31.97,0.08,0.01,4.83,15.073,0.792,17089.0,37353.0,4,16,,,,,,,,,,,,,,,,,,,,,,,,,,,,,,,,,,,,,,,,,,,,,,,,,,,,,,,,,,,,,
54,4,,,,,,,100,77,66,18,228.3,2730,10801,36,0,19.8,11.2;2.1;10.2;13.3;4.4;4.4;91.4;84.3;45.1;45.4;80.2;78.6;1.3;1.0;0.3;0.0;0.3;0.3;0.0;0.3;0.8;0.5;0.5;0.3,31.95,0.08,0.01,3.08,15.073,0.792,11669.0,39794.0,4,16,,,,,,,,,,,,,,,,,,,,,,,,,,,,,,,,,,,,,,,,,,,,,,,,,,,,,,,,,,,,,
54,5,,,,,,,100,75,66,19,230.1,2730,10801,36,0,21.3,17.1;3.4;18.2;13.1;7.8;8.9;81.7;81.2;49.3;54.4;83.3;82.0;2.6;1.8;1.3;0.5;0.3;1.0;0.0;0.3;1.3;1.0;0.8;0.3,31.92,0.08,0.02,2.68,15.077,0.796,28710.0,13085.0,4,16,,,,,,,,,,,,,,,,,,,,,,,,,,,,,,,,,,,,,,,,,,,,,,,,,,,,,,,,,,,,,
54,6,,,,,,,100,75,66,18,229.8,2730,10801,36,0,20.4,12.5;2.6;11.9;15.6;4.4;5.7;83.1;92.5;41.8;44.2;83.1;88.9;1.0;0.8;0.3;0.3;0.0;0.0;0.0;0.0;0.0;0.0;0.0;0.5,31.91,0.08,0.15,3.35,15.073,0.792,8007.0,9912.0,4,16,,,,,,,,,,,,,,,,,,,,,,,,,,,,,,,,,,,,,,,,,,,,,,,,,,,,,,,,,,,,,
54,7,,,,,,,97,94,68,19,227.5,2730,10801,36,0,20.1,17.4;2.0;10.4;12.5;6.1;5.8;76.6;89.3;39.7;35.3;89.3;88.5;0.5;1.8;0.0;0.0;1.3;1.0;0.0;1.0;0.5;1.5;0.8;1.0,31.91,0.08,0.02,2.08,15.073,0.792,19238.0,12548.0,4,16,,,,,,,,,,,,,,,,,,,,,,,,,,,,,,,,,,,,,,,,,,,,,,,,,,,,,,,,,,,,,
54,8,,,,,,,97,94,66,15,227.2,2730,10801,36,0,8.1,11.4;1.1;3.7;2.4;1.1;1.8;29.7;37.6;4.2;9.2;52.0;32.6;0.8;1.3;0.0;0.3;0.8;0.3;0.8;1.3;0.3;0.8;0.5;0.8,31.9,0.08,0.0,1.68,15.073,0.792,6396.0,45654.0,4,16,,,,,,,,,,,,,,,,,,,,,,,,,,,,,,,,,,,,,,,,,,,,,,,,,,,,,,,,,,,,,
54,9,,,,,,,100,77,66,16,229.9,2730,10801,36,0,9.1,17.7;3.8;3.3;5.9;4.3;2.2;28.3;37.5;7.6;8.7;35.3;41.6;1.6;0.5;0.0;1.1;1.6;1.6;1.6;1.1;4.8;3.8;0.5;2.2,31.9,0.08,0.0,1.41,15.073,0.792,9130.0,40380.0,4,16,,,,,,,,,,,,,,,,,,,,,,,,,,,,,,,,,,,,,,,,,,,,,,,,,,,,,,,,,,,,,
54,summary,0.2970827259000152,0.9951155419129769,0.28455533753501044,0.9991111111111111,0.00084209,47.1,,,,,,,,,,,,,,,,,,,,,,1,88.33,100,0,74.33,100,58,65.44,68,15,18.22,26,73.1,211.38,230.1,2731.7,10801.0,36.0,0,8.1,22.97,60.8,31.9,31.95,32.06,63.16,0.08,0.08,0.08,16.0,0.0,0.09,0.57,1.41,3.38,6.27,10.953,14.281,15.073,15.07,15.083,15.992,0.792,0.79,0.802,4638.0,12488.44,28710.0,9912.0,29339.67,45654.0,4,4.0,4,16,16.0,16,4,16,36.75,9.35
55,1,,,,,,,0,0,57,26,58.5,1410,10801,36,0,63.9,70.5;77.2;86.2;89.0;82.9;82.1;97.9;88.3;77.2;83.6;91.0;93.1;54.8;57.2;21.9;33.6;51.4;53.8;24.1;29.0;45.2;51.4;45.5;46.9,32.07,0.08,0.06,3.79,15.083,0.802,4296.0,19433.0,4,16,,,,,,,,,,,,,,,,,,,,,,,,,,,,,,,,,,,,,,,,,,,,,,,,,,,,,,,,,,,,,
55,2,,,,,,,100,78,66,19,228.4,2730,10801,36,0,29.2,23.7;14.2;23.7;23.8;19.3;17.5;87.7;86.9;56.7;55.4;96.4;96.9;10.8;10.3;5.7;5.2;10.0;11.1;3.4;4.1;7.9;9.6;10.6;9.5,31.99,0.08,0.03,6.09,15.073,0.792,9472.0,9765.0,4,16,,,,,,,,,,,,,,,,,,,,,,,,,,,,,,,,,,,,,,,,,,,,,,,,,,,,,,,,,,,,,
55,3,,,,,,,96,95,67,18,217.6,2730,10801,36,0,20.7,15.9;2.8;11.3;16.2;7.2;3.9;93.6;91.0;35.9;42.9;79.4;84.4;2.3;2.1;0.3;0.3;0.8;0.3;0.8;0.3;1.3;1.3;0.5;0.5,31.97,0.08,0.02,3.86,15.073,0.792,22558.0,49121.0,4,16,,,,,,,,,,,,,,,,,,,,,,,,,,,,,,,,,,,,,,,,,,,,,,,,,,,,,,,,,,,,,
55,4,,,,,,,97,95,68,19,226.5,2730,10801,36,0,20.1,8.3;1.6;8.9;12.0;3.9;3.1;93.5;89.8;43.3;41.5;82.6;84.9;1.3;1.0;0.3;0.8;0.5;1.0;0.3;0.5;0.8;0.8;1.3;0.5,31.95,0.08,0.06,3.82,15.073,0.792,10058.0,19287.0,4,16,,,,,,,,,,,,,,,,,,,,,,,,,,,,,,,,,,,,,,,,,,,,,,,,,,,,,,,,,,,,,
55,5,,,,,,,96,94,68,17,227.1,2730,10801,36,0,20.2,14.8;0.8;13.2;6.0;4.9;2.6;90.6;86.7;39.2;34.4;89.4;95.8;0.3;1.6;0.0;0.3;0.5;0.3;0.3;0.5;1.6;0.5;0.0;0.3,31.92,0.08,0.03,2.41,15.077,0.796,10498.0,22607.0,4,16,,,,,,,,,,,,,,,,,,,,,,,,,,,,,,,,,,,,,,,,,,,,,,,,,,,,,,,,,,,,,
55,6,,,,,,,96,95,70,14,226.7,2730,10801,36,0,21.5,18.4;2.3;15.8;12.1;4.4;6.2;83.3;80.2;37.5;49.6;94.5;94.0;4.1;3.1;0.8;1.3;1.8;1.0;0.3;0.5;2.6;1.6;1.0;0.8,31.91,0.08,0.03,2.1,15.073,0.792,25146.0,18310.0,4,16,,,,,,,,,,,,,,,,,,,,,,,,,,,,,,,,,,,,,,,,,,,,,,,,,,,,,,,,,,,,,
55,7,,,,,,,100,95,65,18,217.4,2730,10801,36,0,20.9,21.5;2.6;14.1;10.7;8.7;4.3;86.4;81.3;31.5;48.6;86.7;88.7;1.5;3.3;1.0;1.5;1.0;1.0;0.5;0.5;0.5;2.1;0.5;1.5,31.9,0.08,0.01,1.86,15.073,0.792,15966.0,10253.0,4,16,,,,,,,,,,,,,,,,,,,,,,,,,,,,,,,,,,,,,,,,,,,,,,,,,,,,,,,,,,,,,
55,8,,,,,,,100,96,67,17,229.6,2730,10801,36,0,8.6,13.4;1.3;3.1;2.1;2.1;0.5;30.9;23.8;9.4;9.7;54.3;44.6;1.0;0.0;0.3;0.5;0.8;0.8;0.8;0.3;3.1;1.8;0.3;0.8,31.9,0.08,0.05,1.44,15.073,0.792,52392.0,39697.0,4,16,,,,,,,,,,,,,,,,,,,,,,,,,,,,,,,,,,,,,,,,,,,,,,,,,,,,,,,,,,,,,
55,9,,,,,,,97,77,67,16,228.1,2730,10801,36,0,6.4,10.3;0.0;1.6;1.1;0.0;1.1;11.4;27.2;2.2;4.9;5.4;86.0;0.0;1.1;0.0;0.0;0.5;0.0;0.0;0.0;0.0;0.0;0.0;1.1,31.9,0.08,0.0,1.41,15.073,0.792,4980.0,31689.0,4,16,,,,,,,,,,,,,,,,,,,,,,,,,,,,,,,,,,,,,,,,,,,,,,,,,,,,,,,,,,,,,
55,summary,0.29732783203752083,0.9949333709819924,0.2845597615771823,0.9993333333333333,0.00083624,47.1,,,,,,,,,,,,,,,,,,,,,,0,86.89,100,0,80.56,96,57,66.11,70,14,18.22,26,58.5,206.66,229.6,2583.3,10801.0,36.0,0,6.4,23.5,63.9,31.9,31.95,32.07,63.16,0.08,0.08,0.08,16.0,0.0,0.03,0.06,1.41,2.98,6.09,10.951,14.281,15.073,15.07,15.083,15.992,0.792,0.79,0.802,4296.0,17262.89,52392.0,9765.0,24462.44,49121.0,4,4.0,4,16,16.0,16,4,16,36.67,9.44
56,1,,,,,,,0,0,58,26,79.3,2745,10801,36,0,64.2,79.6;77.6;85.9;87.3;79.6;82.5;90.8;93.0;78.2;86.6;90.8;94.4;59.9;62.7;21.8;26.8;52.1;62.0;23.2;25.9;41.7;53.5;43.7;42.3,32.06,0.08,0.0,12.0,15.083,0.802,4638.0,37011.0,4,16,,,,,,,,,,,,,,,,,,,,,,,,,,,,,,,,,,,,,,,,,,,,,,,,,,,,,,,,,,,,,
56,2,,,,,,,100,79,66,18,228.0,2730,10801,36,0,27.5,21.6;11.5;23.3;33.9;15.6;16.4;89.1;86.5;46.9;57.3;91.7;88.6;10.4;10.4;3.4;2.6;9.4;9.9;1.3;2.1;7.6;8.6;6.2;6.2,31.99,0.08,0.02,5.07,15.073,0.792,6152.0,12792.0,4,16,,,,,,,,,,,,,,,,,,,,,,,,,,,,,,,,,,,,,,,,,,,,,,,,,,,,,,,,,,,,,
56,3,,,,,,,100,78,66,18,228.5,2730,10801,36,0,20.4,13.2;3.1;14.0;11.7;7.0;3.9;85.9;86.8;32.8;53.2;88.0;81.8;1.6;2.1;0.3;0.0;0.8;1.0;0.0;0.0;1.3;1.6;0.5;0.3,31.95,0.08,0.03,4.92,15.073,0.792,15478.0,12890.0,4,16,,,,,,,,,,,,,,,,,,,,,,,,,,,,,,,,,,,,,,,,,,,,,,,,,,,,,,,,,,,,,
56,4,,,,,,,96,95,68,17,226.5,2730,10801,36,0,20.9,15.4;3.1;15.7;17.9;4.9;3.3;91.8;93.6;34.9;36.9;88.7;89.5;1.8;1.3;0.5;0.3;0.8;1.0;0.5;0.0;0.8;0.3;0.0;0.0,31.93,0.08,0.05,3.03,15.073,0.792,5908.0,33886.0,4,16,,,,,,,,,,,,,,,,,,,,,,,,,,,,,,,,,,,,,,,,,,,,,,,,,,,,,,,,,,,,,
56,5,,,,,,,96,95,69,19,227.4,2730,10801,36,0,20.3,11.4;2.6;13.0;14.2;2.6;4.7;79.2;77.9;41.7;45.7;90.1;93.5;1.0;1.6;0.3;0.5;0.3;1.0;0.3;0.5;2.6;1.3;0.3;1.0,31.91,0.08,0.02,3.09,15.077,0.796,7128.0,23339.0,4,16,,,,,,,,,,,,,,,,,,,,,,,,,,,,,,,,,,,,,,,,,,,,,,,,,,,,,,,,,,,,,
56,6,,,,,,,96,95,69,18,226.7,2730,10801,36,0,21.5,16.4;3.1;15.7;16.2;5.7;6.8;77.3;77.8;41.5;52.6;91.4;94.8;1.8;2.3;0.8;0.0;1.8;1.0;1.0;0.0;3.9;1.8;1.6;1.6,31.9,0.08,0.0,2.03,15.073,0.792,17236.0,20751.0,4,16,,,,,,,,,,,,,,,,,,,,,,,,,,,,,,,,,,,,,,,,,,,,,,,,,,,,,,,,,,,,,
56,7,,,,,,,96,95,69,17,227.0,2730,10801,36,0,21.0,17.9;2.6;12.5;13.8;5.5;4.2;80.7;86.4;43.5;53.1;86.5;89.6;2.1;1.3;0.5;0.0;1.0;0.3;0.3;0.8;1.0;0.5;0.0;0.0,31.89,0.08,0.02,1.64,15.073,0.792,17675.0,11523.0,4,16,,,,,,,,,,,,,,,,,,,,,,,,,,,,,,,,,,,,,,,,,,,,,,,,,,,,,,,,,,,,,
56,8,,,,,,,100,100,66,18,227.2,2730,10801,36,0,8.5,16.3;1.8;3.6;2.6;1.8;0.8;33.7;45.8;5.7;8.2;42.7;31.9;1.0;0.5;0.0;0.3;0.8;0.5;0.3;0.5;2.5;0.8;0.3;0.0,31.89,0.08,0.03,1.71,15.073,0.792,11718.0,13818.0,4,16,,,,,,,,,,,,,,,,,,,,,,,,,,,,,,,,,,,,,,,,,,,,,,,,,,,,,,,,,,,,,
56,9,,,,,,,98,81,67,18,230.2,2730,10801,36,0,7.4,18.3;1.1;3.8;0.5;0.5;1.1;11.4;44.6;4.9;6.0;39.7;44.3;0.0;0.5;0.0;0.0;0.5;0.0;0.0;0.0;0.0;0.0;0.0;0.0,31.88,0.08,0.0,1.44,15.073,0.792,7373.0,22216.0,4,16,,,,,,,,,,,,,,,,,,,,,,,,,,,,,,,,,,,,,,,,,,,,,,,,,,,,,,,,,,,,,
56,summary,0.29734868509034534,0.9951337590060754,0.2845271174642775,0.9992222222222222,0.00083031,47.1,,,,,,,,,,,,,,,,,,,,,,0,86.89,100,0,79.78,100,58,66.44,69,17,18.78,26,79.3,211.2,230.2,2731.7,10801.0,36.0,0,7.4,23.52,64.2,31.88,31.93,32.06,63.16,0.08,0.08,0.08,16.0,0.0,0.02,0.05,1.44,3.88,12.0,10.952,14.281,15.073,15.07,15.083,15.992,0.792,0.79,0.802,4638.0,10367.33,17675.0,11523.0,20914.0,37011.0,4,4.0,4,16,16.0,16,4,16,36.66,9.38
57,1,,,,,,,0,0,58,26,58.7,1380,10801,36,0,62.0,80.4;76.4;88.9;88.2;84.8;86.1;89.0;91.7;83.3;86.1;95.8;95.1;67.4;60.4;20.7;17.2;57.2;55.6;9.6;14.5;36.8;39.6;30.6;34.0,32.06,0.08,0.0,11.77,15.083,0.802,24316.0,10351.0,4,16,,,,,,,,,,,,,,,,,,,,,,,,,,,,,,,,,,,,,,,,,,,,,,,,,,,,,,,,,,,,,
57,2,,,,,,,100,96,66,17,228.8,2730,10801,36,0,27.6,23.1;9.1;24.6;20.7;16.8;13.5;90.9;93.0;49.4;58.4;80.1;81.6;9.4;8.3;7.8;7.0;8.8;8.8;7.0;6.0;7.8;10.1;8.8;11.1,31.99,0.08,0.02,5.06,15.073,0.792,4785.0,27685.0,4,16,,,,,,,,,,,,,,,,,,,,,,,,,,,,,,,,,,,,,,,,,,,,,,,,,,,,,,,,,,,,,
57,3,,,,,,,100,96,66,18,229.0,2730,10801,36,0,20.4,15.0;3.6;16.4;9.4;7.0;4.7;90.1;91.2;45.3;32.7;79.7;85.5;1.0;2.6;0.8;1.0;0.3;0.8;0.3;0.3;1.0;0.8;0.3;0.0,31.94,0.08,0.01,4.88,15.073,0.792,4443.0,28417.0,4,16,,,,,,,,,,,,,,,,,,,,,,,,,,,,,,,,,,,,,,,,,,,,,,,,,,,,,,,,,,,,,
57,4,,,,,,,97,78,66,17,218.3,2730,10801,36,0,20.3,18.0;2.3;15.3;9.4;4.1;2.8;80.8;83.2;47.2;41.7;86.2;85.7;1.3;1.5;0.5;0.5;0.0;1.0;0.0;0.3;1.3;0.0;0.8;1.5,31.94,0.08,0.07,3.12,15.073,0.792,4687.0,21972.0,4,16,,,,,,,,,,,,,,,,,,,,,,,,,,,,,,,,,,,,,,,,,,,,,,,,,,,,,,,,,,,,,
57,5,,,,,,,98,81,66,18,228.2,2730,10801,36,0,20.8,14.2;2.9;19.0;14.3;4.9;4.9;80.8;79.8;38.4;53.0;87.2;88.5;1.6;2.3;0.8;0.3;0.5;0.3;0.3;0.0;1.0;1.6;0.3;0.5,31.92,0.08,0.07,2.7,15.077,0.796,8789.0,22460.0,4,16,,,,,,,,,,,,,,,,,,,,,,,,,,,,,,,,,,,,,,,,,,,,,,,,,,,,,,,,,,,,,
57,6,,,,,,,100,83,66,19,228.8,2730,10801,36,0,20.3,9.8;2.9;11.5;12.0;3.9;3.9;76.0;82.0;32.4;61.6;92.4;94.0;1.6;1.0;0.5;0.3;0.3;0.5;0.0;0.0;1.8;0.0;0.0;0.0,31.92,0.08,0.01,2.57,15.073,0.792,15234.0,13085.0,4,16,,,,,,,,,,,,,,,,,,,,,,,,,,,,,,,,,,,,,,,,,,,,,,,,,,,,,,,,,,,,,
57,7,,,,,,,100,79,66,18,229.0,2730,10801,36,0,20.7,13.5;1.8;16.6;13.8;5.5;5.5;85.2;88.1;41.7;39.9;86.5;93.5;0.8;0.8;0.0;0.0;0.8;0.0;0.0;0.5;0.8;0.3;0.0;0.3,31.91,0.08,0.13,1.61,15.073,0.792,28906.0,11816.0,4,16,,,,,,,,,,,,,,,,,,,,,,,,,,,,,,,,,,,,,,,,,,,,,,,,,,,,,,,,,,,,,
57,8,,,,,,,97,95,66,19,217.5,2730,10801,36,0,8.2,13.3;1.6;4.6;2.6;1.8;1.6;25.1;37.2;3.4;9.0;56.5;33.9;0.8;0.5;0.0;0.0;0.8;0.8;0.3;0.0;1.0;0.5;0.0;1.0,31.89,0.08,0.06,1.82,15.073,0.792,30712.0,12451.0,4,16,,,,,,,,,,,,,,,,,,,,,,,,,,,,,,,,,,,,,,,,,,,,,,,,,,,,,,,,,,,,,
57,9,,,,,,,100,76,69,17,230.7,2730,10801,36,0,7.1,7.4;2.2;2.2;3.2;1.6;1.1;35.9;32.6;3.8;8.7;9.8;57.1;1.6;0.0;0.0;0.5;0.0;0.5;0.5;0.0;1.1;1.1;0.5;0.0,31.89,0.08,0.02,1.46,15.073,0.792,7958.0,28125.0,4,16,,,,,,,,,,,,,,,,,,,,,,,,,,,,,,,,,,,,,,,,,,,,,,,,,,,,,,,,,,,,,
57,summary,0.29641138355832314,0.9954457267253864,0.2842149443361494,0.9995555555555555,0.00082429,47.1,,,,,,,,,,,,,,,,,,,,,,0,88.0,100,0,76.0,96,58,65.44,69,17,18.78,26,58.7,207.67,230.7,2580.0,10801.0,36.0,0,7.1,23.04,62.0,31.89,31.94,32.06,63.16,0.08,0.08,0.08,16.0,0.0,0.04,0.13,1.46,3.89,11.77,10.955,14.281,15.073,15.07,15.083,15.992,0.792,0.79,0.802,4443.0,14425.56,30712.0,10351.0,19595.78,28417.0,4,4.0,4,16,16.0,16,4,16,36.66,9.42
58,1,,,,,,,0,0,58,23,77.1,2745,10801,36,0,62.1,75.7;76.1;84.5;87.9;78.9;83.7;87.2;96.5;88.7;89.4;86.5;95.8;66.9;54.9;26.1;23.9;48.6;53.1;16.8;17.5;42.0;47.2;31.7;32.4,32.05,0.08,0.86,7.53,15.083,0.802,20703.0,42675.0,4,16,,,,,,,,,,,,,,,,,,,,,,,,,,,,,,,,,,,,,,,,,,,,,,,,,,,,,,,,,,,,,
58,2,,,,,,,100,97,67,20,229.8,2730,10801,36,0,28.8,22.2;15.3;29.4;30.8;16.9;20.3;88.6;86.3;60.5;43.9;86.3;84.4;12.2;13.2;5.4;5.7;11.4;10.6;4.1;3.1;11.9;11.7;8.1;9.1,31.97,0.08,0.26,7.05,15.073,0.792,4296.0,31835.0,4,16,,,,,,,,,,,,,,,,,,,,,,,,,,,,,,,,,,,,,,,,,,,,,,,,,,,,,,,,,,,,,
58,3,,,,,,,100,99,67,17,229.3,2730,10801,36,0,21.0,16.8;2.9;13.5;20.8;4.9;7.0;93.2;92.5;37.5;42.1;75.8;87.6;1.6;1.8;0.3;0.0;0.5;0.8;0.3;0.8;0.5;0.8;1.0;1.3,31.96,0.08,0.04,3.88,15.073,0.792,24902.0,11230.0,4,16,,,,,,,,,,,,,,,,,,,,,,,,,,,,,,,,,,,,,,,,,,,,,,,,,,,,,,,,,,,,,
58,4,,,,,,,100,99,67,15,229.2,2730,10801,36,0,20.0,14.0;2.3;14.8;8.9;4.2;4.2;79.2;78.9;45.8;37.4;87.2;95.1;2.1;1.0;0.0;0.3;0.8;0.3;0.0;0.5;1.3;1.0;0.5;0.5,31.95,0.08,0.05,3.74,15.073,0.792,8544.0,9814.0,4,16,,,,,,,,,,,,,,,,,,,,,,,,,,,,,,,,,,,,,,,,,,,,,,,,,,,,,,,,,,,,,
58,5,,,,,,,100,79,66,18,228.5,2730,10801,36,0,21.4,16.7;5.3;15.7;15.2;6.6;4.8;74.3;85.5;42.9;49.6;79.7;94.7;4.1;4.1;1.0;0.8;2.0;1.5;0.3;1.0;3.8;2.0;0.8;2.0,31.93,0.08,0.22,2.61,15.073,0.792,6005.0,43164.0,4,16,,,,,,,,,,,,,,,,,,,,,,,,,,,,,,,,,,,,,,,,,,,,,,,,,,,,,,,,,,,,,
58,6,,,,,,,96,95,66,17,227.0,2730,10801,36,0,20.8,16.9;2.1;15.4;11.7;5.7;4.9;88.3;79.7;37.4;45.2;88.6;92.5;1.8;2.1;0.8;0.5;0.8;0.3;0.5;0.3;2.3;0.3;0.3;1.0,31.91,0.08,0.07,2.15,15.073,0.792,4443.0,44580.0,4,16,,,,,,,,,,,,,,,,,,,,,,,,,,,,,,,,,,,,,,,,,,,,,,,,,,,,,,,,,,,,,
58,7,,,,,,,96,95,66,18,226.2,2730,10801,36,0,20.8,17.3;1.6;15.4;10.2;4.4;4.2;93.0;85.8;38.1;47.5;83.9;87.5;2.1;2.1;0.8;0.3;1.0;1.0;0.5;0.3;1.0;0.5;0.5;0.5,31.91,0.08,0.01,1.91,15.073,0.792,24267.0,38085.0,4,16,,,,,,,,,,,,,,,,,,,,,,,,,,,,,,,,,,,,,,,,,,,,,,,,,,,,,,,,,,,,,
58,8,,,,,,,96,93,66,18,227.8,2730,10801,36,0,8.2,12.8;0.8;3.4;3.9;2.3;1.0;32.6;37.8;6.0;10.4;43.3;38.6;1.3;0.5;0.0;0.0;0.0;0.3;0.0;0.0;0.5;0.3;0.3;0.0,31.89,0.08,0.02,1.41,15.073,0.792,23583.0,12451.0,4,16,,,,,,,,,,,,,,,,,,,,,,,,,,,,,,,,,,,,,,,,,,,,,,,,,,,,,,,,,,,,,
58,9,,,,,,,100,82,66,17,220.1,2730,10801,36,0,6.7,13.5;2.6;4.2;1.6;0.5;0.5;30.2;18.5;7.4;5.3;34.9;37.8;0.0;0.0;0.0;0.0;0.0;0.0;0.0;0.0;0.5;0.5;0.5;0.5,31.88,0.08,0.0,1.37,15.073,0.792,5468.0,17724.0,4,16,,,,,,,,,,,,,,,,,,,,,,,,,,,,,,,,,,,,,,,,,,,,,,,,,,,,,,,,,,,,,
58,summary,0.29621682744021754,0.9953819668995418,0.2841179045836131,0.9994444444444445,0.00081819,47.1,,,,,,,,,,,,,,,,,,,,,,0,87.56,100,0,82.11,99,58,65.44,67,15,18.11,23,77.1,210.56,229.8,2731.7,10801.0,36.0,0,6.7,23.31,62.1,31.88,31.94,32.05,63.16,0.08,0.08,0.08,16.0,0.0,0.17,0.86,1.37,3.52,7.53,10.951,14.281,15.073,15.07,15.083,15.992,0.792,0.79,0.802,4296.0,13579.0,24902.0,9814.0,27950.89,44580.0,4,4.0,4,16,16.0,16,4,16,36.76,9.34
59,1,,,,,,,0,0,58,23,64.8,1365,10801,36,0,62.5,79.2;82.2;87.6;85.4;77.1;80.6;91.0;95.8;84.0;83.3;88.9;96.5;66.0;59.7;21.9;23.4;52.4;50.0;21.4;18.8;38.6;43.1;35.2;37.7,32.06,0.08,0.03,11.93,15.083,0.802,4589.0,29248.0,4,16,,,,,,,,,,,,,,,,,,,,,,,,,,,,,,,,,,,,,,,,,,,,,,,,,,,,,,,,,,,,,
59,2,,,,,,,100,78,67,19,228.3,2730,10801,36,0,28.9,23.2;15.4;27.6;29.0;18.0;14.7;92.0;91.7;59.6;58.0;78.9;81.1;11.1;11.1;6.5;6.2;10.1;11.1;5.2;3.4;10.5;12.1;9.0;8.3,31.99,0.08,0.02,5.06,15.073,0.792,22070.0,21826.0,4,16,,,,,,,,,,,,,,,,,,,,,,,,,,,,,,,,,,,,,,,,,,,,,,,,,,,,,,,,,,,,,
59,3,,,,,,,100,77,68,17,228.7,2730,10801,36,0,20.4,13.8;1.8;12.8;11.0;3.7;2.6;86.1;92.9;27.5;53.4;89.6;88.7;1.6;0.8;0.3;0.0;0.3;0.5;0.0;0.0;1.8;0.3;0.3;0.0,31.97,0.08,0.01,4.9,15.073,0.792,6933.0,19775.0,4,16,,,,,,,,,,,,,,,,,,,,,,,,,,,,,,,,,,,,,,,,,,,,,,,,,,,,,,,,,,,,,
59,4,,,,,,,100,77,66,15,229.1,2730,10801,36,0,20.0,13.1;2.3;10.9;11.9;4.9;3.4;79.2;80.2;37.1;52.2;88.1;89.6;0.8;1.0;0.3;0.0;0.5;0.3;0.0;0.3;0.8;1.6;0.3;0.8,31.95,0.08,0.0,3.03,15.073,0.792,5078.0,27587.0,4,16,,,,,,,,,,,,,,,,,,,,,,,,,,,,,,,,,,,,,,,,,,,,,,,,,,,,,,,,,,,,,
59,5,,,,,,,96,96,69,17,216.7,2730,10801,36,0,19.7,13.7;1.0;11.8;9.7;3.1;3.1;88.5;77.7;35.4;45.3;83.2;94.4;1.5;1.8;0.3;0.8;0.3;0.5;0.0;0.0;0.8;0.0;0.0;0.8,31.94,0.08,0.03,3.09,15.073,0.792,10205.0,155761.0,4,16,,,,,,,,,,,,,,,,,,,,,,,,,,,,,,,,,,,,,,,,,,,,,,,,,,,,,,,,,,,,,
59,6,,,,,,,96,95,69,15,226.5,2730,10801,36,0,20.5,11.7;2.1;8.4;14.8;5.5;3.9;91.1;94.3;40.5;43.3;92.2;79.9;1.0;1.3;0.0;0.0;0.3;0.0;0.0;0.0;1.6;0.3;0.0;0.3,31.92,0.08,0.06,2.17,15.073,0.792,29833.0,63916.0,4,16,,,,,,,,,,,,,,,,,,,,,,,,,,,,,,,,,,,,,,,,,,,,,,,,,,,,,,,,,,,,,
59,7,,,,,,,96,95,69,18,226.8,2730,10801,36,0,20.5,15.9;1.6;12.4;17.9;3.9;3.6;86.8;86.5;39.5;56.2;85.2;77.5;0.3;1.3;0.5;0.0;0.0;0.8;0.5;0.3;0.8;0.3;0.5;0.3,31.89,0.08,0.02,1.97,15.073,0.792,4589.0,130126.0,4,16,,,,,,,,,,,,,,,,,,,,,,,,,,,,,,,,,,,,,,,,,,,,,,,,,,,,,,,,,,,,,
59,8,,,,,,,97,94,68,19,227.5,2730,10801,36,0,7.7,11.0;1.1;2.1;5.0;1.3;2.6;22.8;50.4;6.3;6.8;36.2;32.9;0.8;0.8;0.0;0.0;0.3;0.8;0.0;0.3;1.6;0.3;0.5;0.3,31.88,0.08,0.04,1.45,15.073,0.792,6738.0,20312.0,4,16,,,,,,,,,,,,,,,,,,,,,,,,,,,,,,,,,,,,,,,,,,,,,,,,,,,,,,,,,,,,,
59,9,,,,,,,100,95,65,18,230.4,2730,10801,36,0,7.2,11.5;1.1;4.3;3.2;1.1;1.6;65.9;20.0;2.7;7.0;32.4;14.1;1.1;0.5;0.0;0.0;0.0;0.5;1.1;1.1;1.6;0.5;0.0;1.1,31.88,0.08,0.02,1.46,15.073,0.792,34375.0,296142.0,4,16,,,,,,,,,,,,,,,,,,,,,,,,,,,,,,,,,,,,,,,,,,,,,,,,,,,,,,,,,,,,,
59,summary,0.2961249115049855,0.9953500869866195,0.2846079988214705,0.999,0.00081201,47.0,,,,,,,,,,,,,,,,,,,,,,0,87.22,100,0,78.56,96,58,66.56,69,15,17.89,23,64.8,208.76,230.4,2578.3,10801.0,36.0,0,7.2,23.04,62.5,31.88,31.94,32.06,63.16,0.08,0.08,0.08,16.0,0.0,0.03,0.06,1.45,3.9,11.93,10.951,14.281,15.073,15.07,15.083,15.992,0.792,0.79,0.802,4589.0,13823.33,34375.0,19775.0,84965.89,296142.0,4,4.0,4,16,16.0,16,4,16,36.73,9.24
60,1,,,,,,,0,0,58,27,71.0,1605,10801,36,0,61.6,78.9;77.9;87.8;87.6;79.3;80.7;92.4;89.7;80.0;84.8;91.0;91.7;56.6;60.7;15.2;19.3;42.1;52.7;21.4;18.6;42.8;42.1;42.1;42.1,32.05,0.08,0.01,11.74,15.083,0.802,4492.0,27978.0,4,16,,,,,,,,,,,,,,,,,,,,,,,,,,,,,,,,,,,,,,,,,,,,,,,,,,,,,,,,,,,,,
60,2,,,,,,,96,80,67,17,228.1,2730,10801,36,0,26.3,22.1;11.0;21.7;22.3;13.1;15.3;90.0;94.6;39.7;64.6;80.0;83.3;10.5;11.0;2.6;2.8;8.2;9.0;0.8;0.3;8.5;8.2;4.6;6.7,31.98,0.08,0.03,5.0,15.073,0.792,31152.0,33691.0,4,16,,,,,,,,,,,,,,,,,,,,,,,,,,,,,,,,,,,,,,,,,,,,,,,,,,,,,,,,,,,,,
60,3,,,,,,,97,77,67,19,228.7,2730,10801,36,0,19.8,12.8;2.6;13.8;11.2;3.4;2.6;75.3;82.3;33.9;50.0;89.1;95.8;1.6;0.5;0.3;0.3;0.3;0.0;0.0;0.0;0.0;0.0;0.0;0.3,31.96,0.08,0.05,4.97,15.073,0.792,17480.0,37988.0,4,16,,,,,,,,,,,,,,,,,,,,,,,,,,,,,,,,,,,,,,,,,,,,,,,,,,,,,,,,,,,,,
60,4,,,,,,,98,81,67,16,228.8,2730,10801,36,0,19.9,11.7;2.6;10.7;10.2;5.5;3.7;79.6;89.0;39.9;37.1;88.8;92.2;2.3;0.8;0.0;0.0;1.6;0.8;0.0;0.0;0.8;1.0;0.3;0.5,31.93,0.08,0.05,3.12,15.073,0.792,15917.0,38818.0,4,16,,,,,,,,,,,,,,,,,,,,,,,,,,,,,,,,,,,,,,,,,,,,,,,,,,,,,,,,,,,,,
60,5,,,,,,,100,82,67,15,229.3,2730,10801,36,0,19.9,9.0;1.6;13.0;14.1;4.7;2.3;94.3;82.0;43.5;40.4;88.8;80.7;0.8;0.5;0.3;0.3;0.5;0.3;0.0;0.0;0.5;0.3;0.3;0.3,31.9,0.08,0.01,2.57,15.077,0.796,25390.0,13037.0,4,16,,,,,,,,,,,,,,,,,,,,,,,,,,,,,,,,,,,,,,,,,,,,,,,,,,,,,,,,,,,,,
60,6,,,,,,,97,95,67,18,228.5,2730,10801,36,0,19.6,11.7;1.8;12.8;12.8;3.8;4.9;86.7;84.8;45.1;35.9;82.1;82.9;0.8;0.8;0.3;0.0;0.3;0.8;0.0;0.0;0.3;0.0;0.5;0.8,31.89,0.08,0.03,2.52,15.073,0.792,15380.0,9863.0,4,16,,,,,,,,,,,,,,,,,,,,,,,,,,,,,,,,,,,,,,,,,,,,,,,,,,,,,,,,,,,,,
60,7,,,,,,,96,95,67,14,227.2,2730,10801,36,0,20.5,16.1;2.6;11.4;15.6;2.6;7.8;90.3;87.2;46.6;40.7;86.7;78.3;2.1;2.3;0.0;0.5;0.8;0.0;0.5;0.0;0.5;0.3;0.8;0.3,31.9,0.08,0.0,1.53,15.073,0.792,4785.0,18505.0,4,16,,,,,,,,,,,,,,,,,,,,,,,,,,,,,,,,,,,,,,,,,,,,,,,,,,,,,,,,,,,,,
60,8,,,,,,,97,96,69,18,227.6,2730,10801,36,0,8.9,12.9;1.3;4.4;3.7;3.4;1.8;31.7;64.6;11.2;11.6;26.7;28.0;1.3;2.6;0.3;0.3;1.1;0.5;0.3;0.3;1.6;1.3;0.5;1.6,31.88,0.08,0.06,1.97,15.073,0.792,7421.0,34326.0,4,16,,,,,,,,,,,,,,,,,,,,,,,,,,,,,,,,,,,,,,,,,,,,,,,,,,,,,,,,,,,,,
60,9,,,,,,,100,76,66,18,230.5,2730,10801,36,0,8.1,15.1;3.8;2.7;3.8;1.1;2.2;35.1;34.2;4.9;6.5;56.5;15.1;1.6;3.2;0.0;0.5;0.5;1.6;0.5;0.0;1.1;3.2;0.5;0.5,31.87,0.08,0.1,3.1,15.073,0.792,15722.0,45019.0,4,16,,,,,,,,,,,,,,,,,,,,,,,,,,,,,,,,,,,,,,,,,,,,,,,,,,,,,,,,,,,,,
60,summary,0.2962625357648269,0.9953341470301584,0.28426406259006926,0.9993333333333333,0.00080575,47.1,,,,,,,,,,,,,,,,,,,,,,0,86.78,100,0,75.78,96,58,66.11,69,14,18.0,27,71.0,211.08,230.5,2605.0,10801.0,36.0,0,8.1,22.73,61.6,31.87,31.93,32.05,63.16,0.08,0.08,0.08,16.0,0.0,0.04,0.1,1.53,4.06,11.74,10.951,14.281,15.073,15.07,15.083,15.992,0.792,0.79,0.802,4492.0,15304.33,31152.0,9863.0,28802.78,45019.0,4,4.0,4,16,16.0,16,4,16,36.6,9.47
61,1,,,,,,,6,6,60,26,58.6,1380,10801,36,0,62.8,79.3;81.7;86.6;90.8;82.4;78.9;88.0;94.4;81.0;83.8;93.7;93.0;60.7;53.1;27.1;25.9;47.9;54.9;17.5;23.1;39.9;45.8;38.5;40.1,32.05,0.08,0.0,3.72,15.083,0.802,4150.0,16943.0,4,16,,,,,,,,,,,,,,,,,,,,,,,,,,,,,,,,,,,,,,,,,,,,,,,,,,,,,,,,,,,,,
61,2,,,,,,,100,81,67,17,227.0,2730,10801,36,0,27.8,25.2;12.5;27.9;19.6;14.3;16.5;88.5;86.2;45.8;56.2;86.8;87.8;11.4;12.5;4.8;5.3;9.2;10.9;4.6;3.8;10.4;9.4;9.1;8.9,31.98,0.08,0.02,6.41,15.073,0.792,5273.0,38183.0,4,16,,,,,,,,,,,,,,,,,,,,,,,,,,,,,,,,,,,,,,,,,,,,,,,,,,,,,,,,,,,,,
61,3,,,,,,,100,77,66,18,228.5,2730,10801,36,0,20.6,14.0;2.6;13.5;13.0;3.6;7.3;81.2;80.7;36.9;52.6;92.2;87.5;1.6;1.6;0.8;0.3;0.3;0.3;0.3;1.0;1.3;2.3;0.0;0.5,31.96,0.08,0.04,3.96,15.073,0.792,29199.0,11767.0,4,16,,,,,,,,,,,,,,,,,,,,,,,,,,,,,,,,,,,,,,,,,,,,,,,,,,,,,,,,,,,,,
61,4,,,,,,,100,77,66,16,229.1,2730,10801,36,0,20.4,14.0;3.1;9.4;15.7;4.2;5.7;90.1;91.1;34.2;49.7;80.2;81.7;1.3;1.8;0.5;0.3;0.8;1.3;0.3;0.5;1.3;0.8;0.8;1.0,31.92,0.08,0.0,3.74,15.073,0.792,4443.0,30957.0,4,16,,,,,,,,,,,,,,,,,,,,,,,,,,,,,,,,,,,,,,,,,,,,,,,,,,,,,,,,,,,,,
61,5,,,,,,,100,77,66,18,229.3,2730,10801,36,0,20.5,12.0;3.1;15.5;12.8;3.4;5.2;83.8;92.7;31.8;46.0;88.5;85.9;1.6;0.8;1.6;0.5;1.6;0.8;0.8;0.5;0.3;0.8;0.5;0.8,31.91,0.08,0.04,2.48,15.077,0.796,9765.0,38623.0,4,16,,,,,,,,,,,,,,,,,,,,,,,,,,,,,,,,,,,,,,,,,,,,,,,,,,,,,,,,,,,,,
61,6,,,,,,,96,95,67,18,215.7,2730,10801,36,0,19.5,16.1;1.3;10.5;6.1;2.6;2.0;89.8;87.7;40.4;42.3;80.8;84.4;0.8;0.5;0.0;0.0;0.5;0.5;0.3;0.3;1.5;0.0;0.0;0.0,31.9,0.08,0.04,2.09,15.073,0.792,7812.0,9521.0,4,16,,,,,,,,,,,,,,,,,,,,,,,,,,,,,,,,,,,,,,,,,,,,,,,,,,,,,,,,,,,,,
61,7,,,,,,,97,95,67,17,226.9,2730,10801,36,0,20.7,15.6;2.3;14.1;13.1;4.2;6.2;85.4;78.4;45.3;45.1;86.7;89.3;1.3;1.3;0.3;0.8;0.3;1.0;0.3;0.5;1.8;1.6;0.5;1.3,31.9,0.08,0.03,1.93,15.073,0.792,4882.0,29248.0,4,16,,,,,,,,,,,,,,,,,,,,,,,,,,,,,,,,,,,,,,,,,,,,,,,,,,,,,,,,,,,,,
61,8,,,,,,,97,95,69,17,227.9,2730,10801,36,0,7.9,12.6;0.3;3.1;5.5;1.0;2.1;39.4;43.8;4.5;10.5;28.3;35.7;0.5;0.0;0.0;0.3;0.3;0.0;0.0;0.0;0.0;0.3;0.0;2.1,31.89,0.08,0.03,1.45,15.073,0.792,5517.0,29638.0,4,16,,,,,,,,,,,,,,,,,,,,,,,,,,,,,,,,,,,,,,,,,,,,,,,,,,,,,,,,,,,,,
61,9,,,,,,,100,75,66,16,230.5,2730,10801,36,0,6.5,13.3;0.5;1.1;1.6;0.5;0.0;25.1;35.5;3.8;4.9;31.1;38.3;0.5;0.0;0.0;0.0;0.0;0.0;0.0;0.0;0.0;0.5;0.0;0.0,31.88,0.08,0.03,1.42,15.073,0.792,30419.0,12158.0,4,16,,,,,,,,,,,,,,,,,,,,,,,,,,,,,,,,,,,,,,,,,,,,,,,,,,,,,,,,,,,,,
61,summary,0.29542572960154784,0.9956552232960186,0.28419460831748117,0.9995555555555555,0.00079941,47.1,,,,,,,,,,,,,,,,,,,,,,6,88.44,100,6,75.33,95,60,66.0,69,16,18.11,26,58.6,208.17,230.5,2580.0,10801.0,36.0,0,6.5,22.97,62.8,31.88,31.93,32.05,63.16,0.08,0.08,0.08,16.0,0.0,0.03,0.04,1.42,3.02,6.41,10.954,14.281,15.073,15.07,15.083,15.992,0.792,0.79,0.802,4150.0,11273.33,30419.0,9521.0,24115.33,38623.0,4,4.0,4,16,16.0,16,4,16,36.67,9.4
62,1,,,,,,,1,0,58,26,78.0,2745,10801,36,0,60.7,76.5;82.8;89.0;87.6;79.3;86.2;88.3;91.0;80.7;86.9;94.5;90.3;61.0;64.1;17.2;17.9;47.6;49.0;11.6;13.1;34.7;40.0;35.2;32.4,32.05,0.08,0.03,12.0,15.083,0.802,20507.0,11376.0,4,16,,,,,,,,,,,,,,,,,,,,,,,,,,,,,,,,,,,,,,,,,,,,,,,,,,,,,,,,,,,,,
62,2,,,,,,,100,75,66,18,229.7,2730,10801,36,0,27.6,22.9;12.7;24.9;22.9;13.7;15.2;90.7;86.3;45.1;56.6;95.1;88.6;11.9;11.4;2.6;3.1;9.8;9.3;2.8;2.6;10.0;10.1;4.9;8.8,31.99,0.08,0.0,4.98,15.073,0.792,27294.0,9863.0,4,16,,,,,,,,,,,,,,,,,,,,,,,,,,,,,,,,,,,,,,,,,,,,,,,,,,,,,,,,,,,,,
62,3,,,,,,,96,94,69,15,226.8,2730,10801,36,0,21.2,16.5;2.3;16.8;16.4;6.4;4.1;86.5;87.9;39.2;40.8;84.9;91.3;1.8;2.6;0.8;1.3;1.3;1.0;0.5;0.8;1.8;1.8;1.0;0.5,31.95,0.08,0.05,4.9,15.073,0.792,6201.0,20361.0,4,16,,,,,,,,,,,,,,,,,,,,,,,,,,,,,,,,,,,,,,,,,,,,,,,,,,,,,,,,,,,,,
62,4,,,,,,,96,95,68,18,227.2,2730,10801,36,0,19.9,12.6;2.9;13.2;10.9;4.2;6.2;79.4;82.9;34.2;54.1;86.8;80.5;1.0;1.3;0.3;0.3;0.3;1.3;0.5;0.3;2.1;1.3;0.8;0.5,31.95,0.08,0.0,3.04,15.073,0.792,6054.0,35253.0,4,16,,,,,,,,,,,,,,,,,,,,,,,,,,,,,,,,,,,,,,,,,,,,,,,,,,,,,,,,,,,,,
62,5,,,,,,,96,94,68,18,230.0,2730,10801,36,0,22.4,19.3;4.9;16.7;13.8;8.6;8.1;84.6;84.9;43.0;58.7;80.9;81.2;3.6;3.9;2.3;2.1;2.1;1.8;2.1;2.1;5.1;3.1;1.6;3.4,31.94,0.08,0.06,3.16,15.077,0.796,7226.0,44628.0,4,16,,,,,,,,,,,,,,,,,,,,,,,,,,,,,,,,,,,,,,,,,,,,,,,,,,,,,,,,,,,,,
62,6,,,,,,,100,77,69,18,229.6,2730,10801,36,0,21.1,17.4;4.7;13.0;14.5;4.4;7.5;85.4;81.6;45.6;50.1;89.4;80.2;0.8;3.6;0.8;0.3;0.5;1.3;0.5;0.8;1.6;1.0;0.8;0.8,31.93,0.08,0.16,2.42,15.073,0.792,21337.0,20117.0,4,16,,,,,,,,,,,,,,,,,,,,,,,,,,,,,,,,,,,,,,,,,,,,,,,,,,,,,,,,,,,,,
62,7,,,,,,,96,84,66,19,228.1,2730,10801,36,0,20.2,10.8;2.8;14.1;12.3;4.1;5.4;85.4;89.7;44.1;34.9;86.4;84.1;2.0;1.3;0.8;0.3;0.8;0.8;0.0;0.8;0.8;1.0;0.8;0.8,31.91,0.08,0.01,1.86,15.073,0.792,6250.0,24267.0,4,16,,,,,,,,,,,,,,,,,,,,,,,,,,,,,,,,,,,,,,,,,,,,,,,,,,,,,,,,,,,,,
62,8,,,,,,,96,81,66,17,229.0,2730,10801,36,0,7.4,13.5;0.5;2.1;3.4;1.1;1.6;30.7;53.7;3.9;6.8;29.5;30.0;0.3;0.3;0.0;0.0;0.0;0.3;0.0;0.0;0.5;0.0;0.0;0.0,31.9,0.08,0.03,1.43,15.073,0.792,18652.0,35253.0,4,16,,,,,,,,,,,,,,,,,,,,,,,,,,,,,,,,,,,,,,,,,,,,,,,,,,,,,,,,,,,,,
62,9,,,,,,,100,100,67,17,230.6,2730,10801,36,0,8.7,13.8;1.6;4.9;5.4;2.2;3.8;25.9;45.2;13.5;10.2;22.0;50.8;1.1;2.1;0.5;0.0;0.5;1.1;0.0;1.1;0.5;0.0;0.5;1.1,31.91,0.08,0.03,1.51,15.073,0.792,11132.0,34619.0,4,16,,,,,,,,,,,,,,,,,,,,,,,,,,,,,,,,,,,,,,,,,,,,,,,,,,,,,,,,,,,,,
62,summary,0.29573132574736877,0.9956461147494694,0.28399885850482515,0.9994444444444445,0.00079300,47.1,,,,,,,,,,,,,,,,,,,,,,1,86.78,100,0,77.78,100,58,66.33,69,15,18.44,26,78.0,212.11,230.6,2731.7,10801.0,36.0,0,7.4,23.24,60.7,31.9,31.95,32.05,63.16,0.08,0.08,0.08,16.0,0.0,0.04,0.16,1.43,3.92,12.0,10.954,14.281,15.073,15.07,15.083,15.992,0.792,0.79,0.802,6054.0,13850.33,27294.0,9863.0,26193.0,44628.0,4,4.0,4,16,16.0,16,4,16,36.75,9.34
63,1,,,,,,,39,35,58,26,62.0,1380,10801,36,0,61.2,76.0;80.0;88.3;86.1;79.2;84.0;94.4;90.3;81.9;86.1;89.7;91.7;59.0;57.9;20.7;24.3;46.3;48.3;16.6;13.1;44.1;46.6;31.7;36.6,32.07,0.08,0.0,11.89,15.083,0.802,4541.0,27880.0,4,16,,,,,,,,,,,,,,,,,,,,,,,,,,,,,,,,,,,,,,,,,,,,,,,,,,,,,,,,,,,,,
63,2,,,,,,,96,94,67,16,228.2,2730,10801,36,0,27.3,20.6;10.2;29.4;24.2;14.0;14.3;85.4;85.7;52.5;50.3;93.8;88.0;7.6;7.0;6.2;7.0;6.5;7.6;6.0;7.3;7.8;7.6;7.8;7.8,32.01,0.08,0.02,5.0,15.073,0.792,4687.0,42871.0,4,16,,,,,,,,,,,,,,,,,,,,,,,,,,,,,,,,,,,,,,,,,,,,,,,,,,,,,,,,,,,,,
63,3,,,,,,,100,76,69,18,230.1,2730,10801,36,0,19.8,13.5;0.8;19.0;7.5;6.2;5.4;82.0;75.3;42.1;45.5;87.2;88.4;0.5;0.8;0.0;0.0;0.3;0.0;0.0;0.0;0.0;0.0;0.0;0.8,31.98,0.08,0.04,4.92,15.073,0.792,5419.0,21826.0,4,16,,,,,,,,,,,,,,,,,,,,,,,,,,,,,,,,,,,,,,,,,,,,,,,,,,,,,,,,,,,,,
63,4,,,,,,,100,77,68,17,230.3,2730,10801,36,0,22.2,16.3;5.7;19.4;11.9;7.5;6.7;80.8;83.7;44.1;48.6;92.7;90.9;2.8;3.4;2.8;1.0;2.6;3.1;0.3;0.5;2.6;1.6;0.8;2.8,31.96,0.08,0.02,3.08,15.073,0.792,7958.0,19677.0,4,16,,,,,,,,,,,,,,,,,,,,,,,,,,,,,,,,,,,,,,,,,,,,,,,,,,,,,,,,,,,,,
63,5,,,,,,,100,78,69,18,230.6,2730,10801,36,0,22.0,15.8;4.2;26.1;9.9;7.9;5.2;83.8;82.5;35.6;58.3;89.5;92.2;2.9;3.1;0.5;0.5;1.6;1.6;0.3;0.3;1.8;1.0;0.5;1.8,31.94,0.08,0.0,2.54,15.073,0.792,16699.0,43945.0,4,16,,,,,,,,,,,,,,,,,,,,,,,,,,,,,,,,,,,,,,,,,,,,,,,,,,,,,,,,,,,,,
63,6,,,,,,,100,75,69,18,230.5,2730,10801,36,0,19.9,11.4;1.8;13.0;9.6;5.5;4.1;78.7;84.1;41.8;52.3;81.2;90.1;1.6;0.5;0.0;0.5;0.5;0.5;0.0;0.3;0.0;0.3;0.3;0.5,31.92,0.08,0.15,2.94,15.073,0.792,30175.0,28222.0,4,16,,,,,,,,,,,,,,,,,,,,,,,,,,,,,,,,,,,,,,,,,,,,,,,,,,,,,,,,,,,,,
63,7,,,,,,,96,94,67,17,227.8,2730,10801,36,0,19.6,13.9;1.0;14.6;11.0;3.3;4.6;86.4;87.2;36.9;47.4;73.3;85.9;1.5;1.0;0.0;0.0;0.5;0.5;0.0;0.0;0.0;0.5;0.5;0.3,31.91,0.08,0.04,1.6,15.073,0.792,62451.0,94433.0,4,16,,,,,,,,,,,,,,,,,,,,,,,,,,,,,,,,,,,,,,,,,,,,,,,,,,,,,,,,,,,,,
63,8,,,,,,,97,85,66,18,229.0,2730,10801,36,0,8.5,16.3;1.1;2.4;2.4;0.5;1.8;50.1;37.4;4.5;9.2;44.5;22.9;1.1;2.1;0.8;0.3;0.8;1.6;0.8;0.5;0.0;0.5;0.3;0.5,31.89,0.08,0.01,1.73,15.073,0.792,18994.0,12597.0,4,16,,,,,,,,,,,,,,,,,,,,,,,,,,,,,,,,,,,,,,,,,,,,,,,,,,,,,,,,,,,,,
63,9,,,,,,,100,99,67,18,230.9,2730,10801,36,0,7.3,13.7;0.5;3.3;2.2;1.6;3.3;8.2;72.3;5.4;2.7;21.7;33.2;2.7;0.5;0.0;0.0;0.5;0.0;0.0;0.0;0.0;0.0;0.5;2.7,31.9,0.08,0.04,1.59,15.073,0.792,6103.0,39941.0,4,16,,,,,,,,,,,,,,,,,,,,,,,,,,,,,,,,,,,,,,,,,,,,,,,,,,,,,,,,,,,,,
63,summary,0.29524304891857006,0.9956324519296456,0.28396683284971447,0.9992222222222222,0.00078651,47.1,,,,,,,,,,,,,,,,,,,,,,39,92.0,100,35,79.22,99,58,66.67,69,16,18.44,26,62.0,211.04,230.9,2580.0,10801.0,36.0,0,7.3,23.09,61.2,31.89,31.95,32.07,63.16,0.08,0.08,0.08,16.0,0.0,0.04,0.15,1.59,3.92,11.89,10.952,14.281,15.073,15.07,15.083,15.992,0.792,0.79,0.802,4541.0,17447.44,62451.0,12597.0,36821.33,94433.0,4,4.0,4,16,16.0,16,4,16,36.66,9.41
64,1,,,,,,,0,0,59,26,71.0,2745,10801,36,0,61.3,77.0;77.4;88.4;89.7;81.5;84.9;93.9;92.5;82.9;87.0;91.1;91.1;63.3;64.4;13.7;14.3;48.3;49.0;12.8;15.1;40.8;42.7;40.8;31.5,32.06,0.08,0.01,3.69,15.083,0.802,16406.0,12548.0,4,16,,,,,,,,,,,,,,,,,,,,,,,,,,,,,,,,,,,,,,,,,,,,,,,,,,,,,,,,,,,,,
64,2,,,,,,,100,76,68,17,230.0,2730,10801,36,0,27.1,22.8;12.7;22.5;21.4;15.3;15.3;81.7;90.2;49.0;60.9;94.0;89.1;10.9;9.6;2.3;3.6;10.1;8.5;0.3;1.3;8.3;8.8;5.7;7.2,31.99,0.08,0.01,6.03,15.073,0.792,12402.0,12597.0,4,16,,,,,,,,,,,,,,,,,,,,,,,,,,,,,,,,,,,,,,,,,,,,,,,,,,,,,,,,,,,,,
64,3,,,,,,,100,76,68,17,230.3,2730,10801,36,0,20.6,14.6;3.1;16.1;13.0;3.1;4.9;90.4;84.4;35.8;49.9;83.7;82.9;0.5;1.8;1.0;0.5;1.6;0.3;0.3;0.5;1.0;1.0;1.6;3.1,31.99,0.08,0.01,3.89,15.073,0.792,7177.0,12011.0,4,16,,,,,,,,,,,,,,,,,,,,,,,,,,,,,,,,,,,,,,,,,,,,,,,,,,,,,,,,,,,,,
64,4,,,,,,,96,83,66,17,228.2,2730,10801,36,0,21.2,18.1;4.6;13.1;13.6;7.2;6.4;84.1;89.8;40.6;44.2;82.3;89.5;1.5;2.3;0.3;0.3;2.3;1.5;0.5;0.3;1.0;1.5;2.3;2.0,31.97,0.08,0.03,3.75,15.073,0.792,4931.0,30908.0,4,16,,,,,,,,,,,,,,,,,,,,,,,,,,,,,,,,,,,,,,,,,,,,,,,,,,,,,,,,,,,,,
64,5,,,,,,,96,84,66,18,228.3,2730,10801,36,0,20.4,16.3;0.8;12.8;9.1;5.5;4.9;81.0;84.1;34.4;50.9;94.3;88.5;1.6;0.5;0.0;0.3;0.5;0.0;0.0;0.0;1.0;0.3;0.8;1.3,31.94,0.08,0.01,2.4,15.077,0.796,7080.0,17773.0,4,16,,,,,,,,,,,,,,,,,,,,,,,,,,,,,,,,,,,,,,,,,,,,,,,,,,,,,,,,,,,,,
64,6,,,,,,,96,81,68,19,228.8,2730,10801,36,0,20.8,13.9;2.9;17.7;7.3;6.0;4.9;82.8;91.9;42.6;43.4;90.1;85.4;1.6;2.8;0.0;0.0;0.5;0.3;0.0;0.0;1.6;0.5;0.8;2.6,31.91,0.08,0.02,2.12,15.073,0.792,4736.0,20605.0,4,16,,,,,,,,,,,,,,,,,,,,,,,,,,,,,,,,,,,,,,,,,,,,,,,,,,,,,,,,,,,,,
64,7,,,,,,,96,86,66,18,228.2,2730,10801,36,0,20.4,15.4;3.9;16.7;13.5;7.0;3.6;89.3;78.1;43.0;36.9;82.6;88.5;1.8;2.1;0.5;0.5;0.8;1.0;0.3;0.5;1.6;0.8;1.3;1.0,31.91,0.08,0.02,1.93,15.073,0.792,4589.0,28222.0,4,16,,,,,,,,,,,,,,,,,,,,,,,,,,,,,,,,,,,,,,,,,,,,,,,,,,,,,,,,,,,,,
64,8,,,,,,,97,94,66,18,228.3,2730,10801,36,0,8.0,12.4;1.3;4.6;3.6;2.6;0.8;54.6;25.8;10.3;8.0;24.9;35.1;0.8;0.8;0.3;0.0;0.8;0.0;0.0;0.5;1.3;0.8;0.3;0.5,31.9,0.08,0.03,1.42,15.073,0.792,23535.0,12500.0,4,16,,,,,,,,,,,,,,,,,,,,,,,,,,,,,,,,,,,,,,,,,,,,,,,,,,,,,,,,,,,,,
64,9,,,,,,,100,78,66,18,230.5,2730,10801,36,0,6.1,10.9;0.0;1.1;0.5;0.0;0.0;12.6;45.1;6.0;1.6;19.2;49.5;0.0;0.0;0.0;0.0;0.0;0.0;0.0;0.0;0.0;0.0;0.0;0.0,31.88,0.08,0.0,1.4,15.073,0.792,18945.0,12255.0,4,16,,,,,,,,,,,,,,,,,,,,,,,,,,,,,,,,,,,,,,,,,,,,,,,,,,,,,,,,,,,,,
64,summary,0.29572602320335456,0.9957326459416871,0.28396984367900424,0.9995555555555555,0.00077996,47.2,,,,,,,,,,,,,,,,,,,,,,0,86.78,100,0,73.11,94,59,65.89,68,17,18.67,26,71.0,211.51,230.5,2731.7,10801.0,36.0,0,6.1,22.88,61.3,31.88,31.95,32.06,63.16,0.08,0.08,0.08,16.0,0.0,0.02,0.03,1.4,2.96,6.03,10.954,14.281,15.073,15.07,15.083,15.992,0.792,0.79,0.802,4589.0,11089.0,23535.0,12011.0,17713.22,30908.0,4,4.0,4,16,16.0,16,4,16,36.86,9.28
65,1,,,,,,,0,0,58,24,62.4,1395,10801,36,0,61.9,75.9;80.1;85.5;87.0;75.9;81.4;89.7;95.2;85.5;84.1;87.6;90.3;50.3;53.1;25.3;29.7;51.7;53.4;15.9;18.6;47.9;48.3;34.5;37.9,32.05,0.08,0.03,12.01,15.083,0.802,14843.0,12158.0,4,16,,,,,,,,,,,,,,,,,,,,,,,,,,,,,,,,,,,,,,,,,,,,,,,,,,,,,,,,,,,,,
65,2,,,,,,,100,78,67,17,228.7,2730,10801,36,0,28.4,23.4;12.7;32.6;25.5;19.1;16.0;90.7;86.3;45.8;58.8;87.4;92.5;12.1;11.6;2.8;4.4;10.1;10.1;1.6;3.4;8.8;9.8;7.5;8.0,31.99,0.08,0.01,5.03,15.073,0.792,5224.0,20898.0,4,16,,,,,,,,,,,,,,,,,,,,,,,,,,,,,,,,,,,,,,,,,,,,,,,,,,,,,,,,,,,,,
65,3,,,,,,,100,78,66,18,228.8,2730,10801,36,0,20.4,14.6;4.4;12.4;11.6;5.9;4.2;85.2;89.9;34.0;46.5;86.8;81.8;1.6;2.3;0.5;0.5;1.6;1.3;0.0;0.3;1.6;1.3;1.3;1.3,31.97,0.08,0.01,4.88,15.073,0.792,4443.0,28466.0,4,16,,,,,,,,,,,,,,,,,,,,,,,,,,,,,,,,,,,,,,,,,,,,,,,,,,,,,,,,,,,,,
65,4,,,,,,,96,94,66,16,227.4,2730,10801,36,0,20.5,17.9;3.1;16.2;13.4;3.9;5.9;88.7;82.6;40.5;45.4;79.9;83.5;1.0;1.8;0.5;0.8;0.8;1.3;0.5;0.5;2.5;0.8;0.3;0.3,31.93,0.08,0.02,3.02,15.073,0.792,20947.0,12646.0,4,16,,,,,,,,,,,,,,,,,,,,,,,,,,,,,,,,,,,,,,,,,,,,,,,,,,,,,,,,,,,,,
65,5,,,,,,,97,94,67,18,227.9,2730,10801,36,0,21.1,14.0;3.7;10.4;12.8;4.9;5.7;90.6;82.7;49.2;43.1;87.7;91.1;2.1;1.8;0.0;0.0;1.3;0.8;1.6;0.3;1.3;0.8;0.8;0.8,31.9,0.08,0.02,3.08,15.077,0.796,23583.0,24951.0,4,16,,,,,,,,,,,,,,,,,,,,,,,,,,,,,,,,,,,,,,,,,,,,,,,,,,,,,,,,,,,,,
65,6,,,,,,,97,93,66,18,227.9,2730,10801,36,0,20.2,14.9;1.3;15.0;14.8;4.2;6.5;82.5;87.5;51.3;37.1;82.0;83.3;0.5;0.3;0.5;0.3;0.5;1.0;0.3;0.3;0.3;0.8;0.0;0.3,31.9,0.08,0.02,2.08,15.073,0.792,10351.0,13378.0,4,16,,,,,,,,,,,,,,,,,,,,,,,,,,,,,,,,,,,,,,,,,,,,,,,,,,,,,,,,,,,,,
65,7,,,,,,,96,94,68,17,227.7,2730,10801,36,0,20.3,14.8;1.0;9.6;15.0;2.1;5.7;86.8;79.2;37.9;47.3;87.8;95.1;0.8;1.0;0.0;0.0;0.3;0.0;0.0;0.5;1.0;0.5;0.3;0.5,31.89,0.08,0.02,1.97,15.073,0.792,24511.0,23730.0,4,16,,,,,,,,,,,,,,,,,,,,,,,,,,,,,,,,,,,,,,,,,,,,,,,,,,,,,,,,,,,,,
65,8,,,,,,,100,94,66,17,231.4,2730,10801,36,0,7.7,13.5;0.3;2.1;2.8;1.3;1.0;40.5;29.6;4.6;10.3;30.3;45.0;1.3;0.3;0.0;0.0;0.0;1.0;0.0;0.3;0.0;0.3;0.0;0.5,31.89,0.08,0.0,1.35,15.073,0.792,4980.0,25097.0,4,16,,,,,,,,,,,,,,,,,,,,,,,,,,,,,,,,,,,,,,,,,,,,,,,,,,,,,,,,,,,,,
65,9,,,,,,,96,82,68,16,229.6,2730,10801,36,0,7.0,10.4;2.2;1.1;4.4;0.5;0.5;25.7;39.6;1.6;7.1;21.4;51.1;0.0;0.0;0.0;0.0;0.0;0.0;0.0;0.0;2.2;0.0;0.0;0.0,31.89,0.08,0.05,1.54,15.073,0.792,5224.0,19824.0,4,16,,,,,,,,,,,,,,,,,,,,,,,,,,,,,,,,,,,,,,,,,,,,,,,,,,,,,,,,,,,,,
65,summary,0.29478817300017235,0.9958988769162105,0.28448073959350584,0.9992222222222222,0.00077333,47.1,,,,,,,,,,,,,,,,,,,,,,0,86.89,100,0,78.56,94,58,65.78,68,16,17.89,24,62.4,210.2,231.4,2581.7,10801.0,36.0,0,7.0,23.06,61.9,31.89,31.93,32.05,63.16,0.08,0.08,0.08,16.0,0.0,0.02,0.05,1.35,3.88,12.01,10.954,14.281,15.073,15.07,15.083,15.992,0.792,0.79,0.802,4443.0,12678.44,24511.0,12158.0,20127.56,28466.0,4,4.0,4,16,16.0,16,4,16,36.56,9.54
66,1,,,,,,,1,0,59,24,81.4,2745,10801,36,0,61.3,76.0;81.6;84.1;89.0;80.7;82.1;84.1;94.5;82.3;83.6;89.7;95.2;58.5;58.9;23.4;20.5;45.6;46.6;17.2;17.2;45.2;41.8;34.5;39.7,32.05,0.08,0.0,11.87,15.083,0.802,5957.0,41162.0,4,16,,,,,,,,,,,,,,,,,,,,,,,,,,,,,,,,,,,,,,,,,,,,,,,,,,,,,,,,,,,,,
66,2,,,,,,,96,86,69,18,228.2,2730,10801,36,0,27.6,23.7;12.2;27.0;21.6;14.5;15.6;88.6;84.7;46.4;62.8;91.7;87.8;9.9;10.4;4.7;3.1;8.9;9.4;2.9;2.9;7.8;9.4;7.3;7.5,32.0,0.08,0.03,5.09,15.073,0.792,21826.0,12451.0,4,16,,,,,,,,,,,,,,,,,,,,,,,,,,,,,,,,,,,,,,,,,,,,,,,,,,,,,,,,,,,,,
66,3,,,,,,,96,78,68,17,229.4,2730,10801,36,0,20.2,11.7;2.1;16.2;11.2;3.9;3.4;84.4;84.6;43.2;44.9;87.0;84.6;1.3;1.3;0.3;0.0;0.0;0.8;0.3;0.3;1.0;1.3;0.5;0.3,31.96,0.08,0.02,4.9,15.073,0.792,5322.0,34814.0,4,16,,,,,,,,,,,,,,,,,,,,,,,,,,,,,,,,,,,,,,,,,,,,,,,,,,,,,,,,,,,,,
66,4,,,,,,,97,77,67,17,230.0,2730,10801,36,0,20.6,17.7;3.7;15.4;9.3;4.7;6.0;78.4;74.2;53.3;55.7;75.8;89.0;2.1;2.1;0.3;0.8;0.8;0.8;0.0;0.0;1.0;0.0;1.8;1.3,31.93,0.08,0.03,3.1,15.073,0.792,4980.0,44726.0,4,16,,,,,,,,,,,,,,,,,,,,,,,,,,,,,,,,,,,,,,,,,,,,,,,,,,,,,,,,,,,,,
66,5,,,,,,,96,93,66,17,227.9,2730,10801,36,0,21.2,19.6;5.6;16.7;11.8;6.1;4.9;81.5;64.7;53.1;47.7;84.9;94.9;3.1;3.3;0.5;0.5;1.8;1.5;0.5;0.3;2.3;1.5;1.5;1.0,31.92,0.08,0.02,2.51,15.073,0.792,22460.0,22216.0,4,16,,,,,,,,,,,,,,,,,,,,,,,,,,,,,,,,,,,,,,,,,,,,,,,,,,,,,,,,,,,,,
66,6,,,,,,,96,92,66,17,227.4,2730,10801,36,0,20.4,9.5;1.3;13.8;12.7;6.7;5.4;88.6;80.2;42.5;50.3;92.5;76.9;1.8;1.8;0.0;0.0;0.8;0.3;0.3;0.0;0.3;0.5;0.8;0.8,31.92,0.08,0.05,2.62,15.073,0.792,10644.0,37548.0,4,16,,,,,,,,,,,,,,,,,,,,,,,,,,,,,,,,,,,,,,,,,,,,,,,,,,,,,,,,,,,,,
66,7,,,,,,,96,93,67,17,226.9,2730,10801,36,0,20.7,12.6;2.9;13.5;12.8;4.9;4.9;87.5;90.4;49.4;45.6;79.4;82.6;1.6;1.6;0.3;0.3;1.6;1.8;0.3;0.3;0.5;0.8;0.3;1.6,31.9,0.08,0.06,1.55,15.073,0.792,4541.0,34277.0,4,16,,,,,,,,,,,,,,,,,,,,,,,,,,,,,,,,,,,,,,,,,,,,,,,,,,,,,,,,,,,,,
66,8,,,,,,,97,94,67,17,227.9,2730,10801,36,0,7.7,13.1;0.5;2.9;4.7;1.0;2.6;30.7;18.6;6.0;6.8;60.1;32.2;1.3;0.8;0.0;0.0;0.3;0.0;0.3;0.5;0.3;0.5;0.0;0.3,31.89,0.08,0.01,1.71,15.073,0.792,25781.0,14746.0,4,16,,,,,,,,,,,,,,,,,,,,,,,,,,,,,,,,,,,,,,,,,,,,,,,,,,,,,,,,,,,,,
66,9,,,,,,,97,95,70,18,227.3,2730,10801,36,0,6.2,11.5;0.5;3.2;2.1;1.1;1.6;33.9;26.5;4.2;2.1;38.4;22.8;0.0;0.0;0.0;0.0;0.0;0.0;0.0;0.0;0.0;0.0;0.0;0.0,31.89,0.08,0.06,1.54,15.073,0.792,5664.0,46630.0,4,16,,,,,,,,,,,,,,,,,,,,,,,,,,,,,,,,,,,,,,,,,,,,,,,,,,,,,,,,,,,,,
66,summary,0.2945395164070314,0.9959808538351536,0.2838527686860826,0.9992222222222222,0.00076663,47.1,,,,,,,,,,,,,,,,,,,,,,1,85.78,97,0,78.67,95,59,66.56,70,17,18.0,24,81.4,211.82,230.0,2731.7,10801.0,36.0,0,6.2,22.88,61.3,31.89,31.94,32.05,63.16,0.08,0.08,0.08,16.0,0.0,0.03,0.06,1.54,3.88,11.87,10.953,14.281,15.073,15.07,15.083,15.992,0.792,0.79,0.802,4541.0,11908.33,25781.0,12451.0,32063.33,46630.0,4,4.0,4,16,16.0,16,4,16,36.76,9.31
67,1,,,,,,,0,0,58,23,67.9,1590,10801,36,0,61.7,75.2;77.2;88.5;85.8;79.7;81.2;90.5;94.6;82.4;85.8;86.0;91.9;59.1;57.7;22.8;28.2;49.0;59.1;20.1;26.5;42.3;40.9;32.9;24.2,32.08,0.08,0.0,3.61,15.083,0.802,4443.0,20166.0,4,16,,,,,,,,,,,,,,,,,,,,,,,,,,,,,,,,,,,,,,,,,,,,,,,,,,,,,,,,,,,,,
67,2,,,,,,,96,94,67,18,227.1,2730,10801,36,0,28.1,23.2;12.5;27.3;23.6;16.6;16.4;92.2;88.8;44.9;56.8;80.7;92.7;10.4;10.1;6.8;5.7;9.4;9.9;4.9;6.8;9.4;9.4;9.4;7.3,32.01,0.08,0.02,7.55,15.073,0.792,22802.0,18896.0,4,16,,,,,,,,,,,,,,,,,,,,,,,,,,,,,,,,,,,,,,,,,,,,,,,,,,,,,,,,,,,,,
67,3,,,,,,,96,95,67,17,227.3,2730,10801,36,0,20.5,12.0;3.1;12.8;13.3;4.4;6.5;89.6;87.8;35.4;46.9;85.2;86.8;1.0;1.3;0.3;0.0;0.0;0.3;0.0;0.3;1.0;1.6;0.8;0.5,31.98,0.08,0.03,4.57,15.073,0.792,24462.0,19921.0,4,16,,,,,,,,,,,,,,,,,,,,,,,,,,,,,,,,,,,,,,,,,,,,,,,,,,,,,,,,,,,,,
67,4,,,,,,,96,95,69,18,226.9,2730,10801,36,0,19.7,13.7;1.0;10.6;14.1;2.3;4.4;87.5;85.7;34.7;44.5;87.8;83.9;1.0;0.5;0.0;0.0;0.5;0.3;0.0;0.0;0.0;0.0;0.0;0.8,31.95,0.08,0.04,5.25,15.073,0.792,25683.0,19775.0,4,16,,,,,,,,,,,,,,,,,,,,,,,,,,,,,,,,,,,,,,,,,,,,,,,,,,,,,,,,,,,,,
67,5,,,,,,,100,83,66,17,229.8,2730,10801,36,0,20.7,15.1;2.3;14.4;11.6;5.1;5.9;81.7;87.9;46.5;49.1;82.3;84.9;1.0;0.5;1.0;0.8;1.0;1.0;0.0;0.3;1.5;1.3;0.5;1.5,31.94,0.08,0.08,3.3,15.073,0.792,41601.0,23583.0,4,16,,,,,,,,,,,,,,,,,,,,,,,,,,,,,,,,,,,,,,,,,,,,,,,,,,,,,,,,,,,,,
67,6,,,,,,,100,86,66,18,229.7,2730,10801,36,0,19.4,12.5;0.8;12.8;8.9;3.9;3.6;83.1;82.6;34.9;54.3;79.7;85.0;0.5;0.0;0.0;0.0;0.0;0.0;0.8;0.5;0.3;0.0;0.0;1.0,31.9,0.08,0.05,2.87,15.073,0.792,4736.0,44531.0,4,16,,,,,,,,,,,,,,,,,,,,,,,,,,,,,,,,,,,,,,,,,,,,,,,,,,,,,,,,,,,,,
67,7,,,,,,,100,88,66,18,229.6,2730,10801,36,0,20.1,14.4;2.1;17.7;8.6;5.7;3.9;83.7;82.6;43.8;49.0;76.4;89.8;0.8;1.3;0.0;0.3;0.5;0.0;0.3;0.0;0.0;0.0;0.3;0.0,31.9,0.08,0.01,1.92,15.073,0.792,50341.0,17431.0,4,16,,,,,,,,,,,,,,,,,,,,,,,,,,,,,,,,,,,,,,,,,,,,,,,,,,,,,,,,,,,,,
67,8,,,,,,,100,94,65,18,230.1,2730,10801,36,0,8.3,15.0;2.3;5.2;3.7;3.1;1.8;44.0;28.3;8.1;6.8;28.7;43.7;0.3;1.6;0.5;0.3;0.5;0.3;0.5;0.3;0.5;0.5;0.8;2.9,31.89,0.08,0.01,1.4,15.073,0.792,45410.0,58251.0,4,16,,,,,,,,,,,,,,,,,,,,,,,,,,,,,,,,,,,,,,,,,,,,,,,,,,,,,,,,,,,,,
67,9,,,,,,,97,83,68,17,230.4,2730,10801,36,0,7.2,16.9;2.2;3.8;2.7;1.6;0.5;42.9;14.3;5.5;1.6;59.5;15.9;1.1;0.0;0.0;0.0;0.5;0.0;0.0;0.0;0.0;0.5;0.5;0.5,31.89,0.08,0.09,1.61,15.073,0.792,18750.0,12646.0,4,16,,,,,,,,,,,,,,,,,,,,,,,,,,,,,,,,,,,,,,,,,,,,,,,,,,,,,,,,,,,,,
67,summary,0.2948821393238921,0.9957531401714228,0.28490826789538065,0.999,0.00075986,47.0,,,,,,,,,,,,,,,,,,,,,,0,87.22,100,0,79.78,95,58,65.78,69,17,18.22,23,67.9,210.98,230.4,2603.3,10801.0,36.0,0,7.2,22.86,61.7,31.89,31.95,32.08,63.16,0.08,0.08,0.08,16.0,0.0,0.04,0.09,1.4,3.56,7.55,10.952,14.281,15.073,15.07,15.083,15.992,0.792,0.79,0.802,4443.0,26469.78,50341.0,12646.0,26133.33,58251.0,4,4.0,4,16,16.0,16,4,16,36.84,9.16
68,1,,,,,,,0,0,59,26,74.0,2745,10801,36,0,61.6,81.9;74.8;85.8;86.4;84.4;81.0;89.1;93.9;82.3;83.1;89.1;93.2;63.9;62.2;20.4;21.2;45.6;45.9;12.9;17.4;44.9;44.9;37.8;39.5,32.03,0.08,0.04,4.67,15.083,0.802,4541.0,44091.0,4,16,,,,,,,,,,,,,,,,,,,,,,,,,,,,,,,,,,,,,,,,,,,,,,,,,,,,,,,,,,,,,
68,2,,,,,,,96,91,66,19,227.3,2730,10801,36,0,27.4,24.3;11.5;28.7;24.6;16.7;15.4;90.8;80.9;50.0;54.9;92.3;83.4;10.0;10.3;4.6;4.1;8.5;7.9;2.8;3.1;7.7;7.2;5.6;9.0,31.96,0.08,0.01,5.95,15.073,0.792,5566.0,22558.0,4,16,,,,,,,,,,,,,,,,,,,,,,,,,,,,,,,,,,,,,,,,,,,,,,,,,,,,,,,,,,,,,
68,3,,,,,,,96,84,66,16,227.8,2730,10801,36,0,20.1,15.0;1.8;16.7;10.9;4.2;3.1;84.4;72.6;45.2;41.9;91.7;88.1;1.8;1.0;0.0;0.0;0.5;0.3;0.0;0.3;0.3;0.3;0.3;0.8,31.94,0.08,0.02,3.9,15.073,0.792,5126.0,40917.0,4,16,,,,,,,,,,,,,,,,,,,,,,,,,,,,,,,,,,,,,,,,,,,,,,,,,,,,,,,,,,,,,
68,4,,,,,,,96,84,66,14,227.4,2730,10801,36,0,22.2,13.2;5.2;20.3;19.2;5.2;9.6;81.9;76.3;52.1;48.3;87.8;88.5;3.6;4.7;1.6;2.1;1.6;1.3;0.5;1.3;2.6;0.8;2.3;2.6,31.95,0.08,0.08,3.26,15.073,0.792,4638.0,36816.0,4,16,,,,,,,,,,,,,,,,,,,,,,,,,,,,,,,,,,,,,,,,,,,,,,,,,,,,,,,,,,,,,
68,5,,,,,,,96,87,66,17,227.9,2730,10801,36,0,20.0,13.8;2.4;11.3;14.1;4.7;5.2;84.8;82.6;40.1;51.0;74.9;87.2;1.0;1.0;0.5;0.5;1.0;0.8;0.3;0.5;0.8;0.5;0.5;0.5,31.94,0.08,0.01,3.07,15.077,0.796,16601.0,13427.0,4,16,,,,,,,,,,,,,,,,,,,,,,,,,,,,,,,,,,,,,,,,,,,,,,,,,,,,,,,,,,,,,
68,6,,,,,,,96,93,67,16,227.3,2730,10801,36,0,20.7,14.8;2.3;10.7;10.2;3.1;4.3;90.0;91.1;39.9;44.4;85.7;89.8;0.8;2.8;0.3;0.0;1.0;0.5;0.0;0.5;1.8;1.3;1.0;1.3,31.92,0.08,0.03,2.07,15.073,0.792,9228.0,11279.0,4,16,,,,,,,,,,,,,,,,,,,,,,,,,,,,,,,,,,,,,,,,,,,,,,,,,,,,,,,,,,,,,
68,7,,,,,,,96,93,67,17,227.9,2730,10801,36,0,20.0,12.1;1.3;10.4;15.3;3.9;4.2;79.5;80.3;42.2;52.6;80.3;91.1;2.1;1.0;0.3;0.0;0.8;0.3;0.3;0.0;0.3;0.8;0.3;0.3,31.91,0.08,0.02,1.94,15.073,0.792,20507.0,24707.0,4,16,,,,,,,,,,,,,,,,,,,,,,,,,,,,,,,,,,,,,,,,,,,,,,,,,,,,,,,,,,,,,
68,8,,,,,,,97,96,67,18,227.9,2730,10801,36,0,8.5,11.6;3.4;3.4;3.2;1.6;1.1;37.5;30.6;8.2;10.0;27.0;57.5;0.8;1.1;0.3;0.5;0.3;0.3;0.0;0.0;1.8;1.8;0.5;0.3,31.88,0.08,0.02,1.4,15.073,0.792,19726.0,13037.0,4,16,,,,,,,,,,,,,,,,,,,,,,,,,,,,,,,,,,,,,,,,,,,,,,,,,,,,,,,,,,,,,
68,9,,,,,,,100,77,69,18,230.6,2730,10801,36,0,7.7,14.2;0.0;1.1;4.3;1.1;0.0;56.8;35.9;7.0;8.6;31.4;20.7;0.5;0.0;0.0;0.0;0.0;0.5;0.5;0.0;1.1;0.0;0.0;0.0,31.87,0.08,0.03,1.5,15.073,0.792,12890.0,32812.0,4,16,,,,,,,,,,,,,,,,,,,,,,,,,,,,,,,,,,,,,,,,,,,,,,,,,,,,,,,,,,,,,
68,summary,0.2946878809048921,0.9959216482825836,0.28428417269388834,0.9991111111111111,0.00075303,47.1,,,,,,,,,,,,,,,,,,,,,,0,85.89,100,0,78.33,96,59,65.89,69,14,17.89,26,74.0,210.9,230.6,2731.7,10801.0,36.0,0,7.7,23.13,61.6,31.87,31.93,32.03,63.16,0.08,0.08,0.08,16.0,0.01,0.03,0.08,1.4,3.08,5.95,10.952,14.281,15.073,15.07,15.083,15.992,0.792,0.79,0.802,4541.0,10980.33,20507.0,11279.0,26627.11,44091.0,4,4.0,4,16,16.0,16,4,16,36.56,9.52
69,1,,,,,,,0,0,58,23,58.8,1455,10801,36,0,61.9,80.5;83.3;85.5;88.3;81.9;84.7;86.2;93.1;85.4;83.3;91.7;93.1;70.8;62.1;22.8;22.1;50.0;55.9;11.0;5.5;44.1;46.2;28.8;32.4,32.05,0.08,0.0,12.25,15.083,0.802,19970.0,31347.0,4,16,,,,,,,,,,,,,,,,,,,,,,,,,,,,,,,,,,,,,,,,,,,,,,,,,,,,,,,,,,,,,
69,2,,,,,,,96,84,66,17,227.9,2730,10801,36,0,27.9,22.4;10.7;31.7;24.9;15.9;15.1;91.6;92.1;39.1;53.6;84.9;91.6;9.0;9.0;4.9;6.2;9.0;10.0;4.9;5.4;8.7;10.2;9.5;8.9,31.98,0.08,0.06,5.1,15.073,0.792,4687.0,22216.0,4,16,,,,,,,,,,,,,,,,,,,,,,,,,,,,,,,,,,,,,,,,,,,,,,,,,,,,,,,,,,,,,
69,3,,,,,,,96,81,66,17,228.8,2730,10801,36,0,20.1,14.0;2.9;15.4;8.6;3.4;2.3;83.0;88.3;35.2;50.9;87.7;88.0;0.5;1.3;0.3;0.0;0.3;0.0;0.0;0.0;0.0;0.0;0.0;1.0,31.95,0.08,0.0,4.86,15.073,0.792,26074.0,12597.0,4,16,,,,,,,,,,,,,,,,,,,,,,,,,,,,,,,,,,,,,,,,,,,,,,,,,,,,,,,,,,,,,
69,4,,,,,,,96,76,67,18,228.9,2730,10801,36,0,20.7,17.0;2.3;14.2;9.6;5.7;2.3;90.4;90.6;40.9;48.3;79.2;86.7;1.0;1.0;0.5;0.0;1.0;0.8;0.5;0.5;1.6;0.5;1.3;1.6,31.95,0.08,0.12,3.31,15.073,0.792,7519.0,35888.0,4,16,,,,,,,,,,,,,,,,,,,,,,,,,,,,,,,,,,,,,,,,,,,,,,,,,,,,,,,,,,,,,
69,5,,,,,,,96,77,67,17,228.9,2730,10801,36,0,20.9,12.4;3.1;16.6;11.7;7.8;3.1;82.6;89.4;36.6;46.9;85.9;88.6;2.6;2.6;1.0;0.3;1.6;1.0;0.5;0.5;1.6;1.8;0.5;2.1,31.93,0.08,0.05,2.64,15.077,0.796,15771.0,12744.0,4,16,,,,,,,,,,,,,,,,,,,,,,,,,,,,,,,,,,,,,,,,,,,,,,,,,,,,,,,,,,,,,
69,6,,,,,,,96,93,67,18,228.1,2730,10801,36,0,20.3,16.3;3.4;13.4;9.3;5.7;2.3;82.7;78.6;31.2;54.9;88.9;90.7;2.8;1.8;0.0;0.0;0.8;0.5;0.3;0.5;0.5;0.0;0.5;1.3,31.92,0.08,0.04,2.55,15.073,0.792,4980.0,37060.0,4,16,,,,,,,,,,,,,,,,,,,,,,,,,,,,,,,,,,,,,,,,,,,,,,,,,,,,,,,,,,,,,
69,7,,,,,,,96,94,67,16,227.4,2730,10801,36,0,20.7,13.9;2.1;11.2;15.3;7.8;4.9;83.9;79.5;39.6;44.5;91.7;87.2;2.1;1.8;0.5;0.5;1.3;1.0;0.3;0.5;1.0;1.6;2.3;2.1,31.9,0.08,0.01,1.57,15.073,0.792,7714.0,22216.0,4,16,,,,,,,,,,,,,,,,,,,,,,,,,,,,,,,,,,,,,,,,,,,,,,,,,,,,,,,,,,,,,
69,8,,,,,,,97,94,67,17,228.3,2730,10801,36,0,7.6,13.1;0.3;3.9;2.9;0.3;1.0;31.6;52.1;4.5;6.5;28.5;35.0;0.0;0.8;0.0;0.3;0.3;0.0;0.0;0.0;0.0;0.3;0.0;1.0,31.88,0.08,0.01,1.7,15.073,0.792,18896.0,12158.0,4,16,,,,,,,,,,,,,,,,,,,,,,,,,,,,,,,,,,,,,,,,,,,,,,,,,,,,,,,,,,,,,
69,9,,,,,,,100,75,70,17,230.8,2730,10801,36,0,6.3,8.9;0.0;1.1;1.1;0.5;0.0;63.4;26.2;4.4;3.8;20.2;19.0;0.6;0.5;0.0;0.0;0.0;0.0;0.0;0.0;0.0;0.0;0.0;0.0,31.88,0.08,0.0,1.4,15.073,0.792,16552.0,44091.0,4,16,,,,,,,,,,,,,,,,,,,,,,,,,,,,,,,,,,,,,,,,,,,,,,,,,,,,,,,,,,,,,
69,summary,0.29400505427259355,0.9962176760454334,0.284643669101927,0.999,0.00074613,47.1,,,,,,,,,,,,,,,,,,,,,,0,85.89,100,0,74.89,94,58,66.11,70,16,17.78,23,58.8,209.77,230.8,2588.3,10801.0,36.0,0,6.3,22.93,61.9,31.88,31.94,32.05,63.16,0.08,0.08,0.08,16.0,0.0,0.03,0.12,1.4,3.93,12.25,10.952,14.281,15.073,15.07,15.083,15.992,0.792,0.79,0.802,4687.0,13573.67,26074.0,12158.0,25590.78,44091.0,4,4.0,4,16,16.0,16,4,16,36.48,9.58
70,1,,,,,,,0,0,59,26,80.7,2745,10801,36,0,60.7,80.7;83.2;83.2;81.8;86.7;81.8;97.2;88.8;84.7;84.6;87.4;92.3;59.2;63.2;20.8;17.4;50.3;55.2;7.7;12.1;41.7;37.5;35.0;29.7,32.05,0.08,0.02,3.84,15.083,0.802,3808.0,17333.0,4,16,,,,,,,,,,,,,,,,,,,,,,,,,,,,,,,,,,,,,,,,,,,,,,,,,,,,,,,,,,,,,
70,2,,,,,,,100,77,68,18,230.0,2730,10801,36,0,27.6,19.5;11.1;26.7;26.4;16.6;14.2;94.1;88.9;55.6;53.6;85.0;85.2;9.6;8.8;3.9;4.7;8.5;9.6;3.6;4.1;9.6;9.6;7.3;7.7,31.99,0.08,0.02,6.03,15.073,0.792,5810.0,37988.0,4,16,,,,,,,,,,,,,,,,,,,,,,,,,,,,,,,,,,,,,,,,,,,,,,,,,,,,,,,,,,,,,
70,3,,,,,,,96,89,66,15,227.3,2730,10801,36,0,20.8,17.8;4.1;17.4;13.8;5.6;3.1;84.6;85.2;43.0;45.4;85.2;85.4;1.3;1.8;0.0;0.5;0.5;1.0;0.0;0.0;2.0;0.5;0.3;1.0,31.98,0.08,0.09,4.07,15.073,0.792,21435.0,37255.0,4,16,,,,,,,,,,,,,,,,,,,,,,,,,,,,,,,,,,,,,,,,,,,,,,,,,,,,,,,,,,,,,
70,4,,,,,,,96,93,67,18,227.7,2730,10801,36,0,20.5,13.6;1.8;11.2;12.0;4.2;2.9;90.8;84.8;52.4;35.0;83.0;94.3;1.6;0.5;0.8;0.8;0.3;0.0;0.3;1.0;0.8;0.3;0.8;0.0,31.95,0.08,0.99,3.77,15.073,0.792,6933.0,27099.0,4,16,,,,,,,,,,,,,,,,,,,,,,,,,,,,,,,,,,,,,,,,,,,,,,,,,,,,,,,,,,,,,
70,5,,,,,,,96,90,69,18,228.8,2730,10801,36,0,20.2,12.1;2.3;13.8;9.9;6.5;1.3;81.0;83.2;48.7;44.5;84.1;87.2;1.3;1.0;0.3;0.5;1.0;0.3;0.3;0.5;0.5;1.0;0.8;2.8,31.92,0.08,0.08,2.68,15.077,0.796,23974.0,12548.0,4,16,,,,,,,,,,,,,,,,,,,,,,,,,,,,,,,,,,,,,,,,,,,,,,,,,,,,,,,,,,,,,
70,6,,,,,,,96,83,68,17,228.2,2730,10801,36,0,20.7,13.6;1.8;16.6;9.6;6.8;3.4;82.3;83.6;38.5;44.7;94.3;88.8;2.6;1.6;0.0;0.5;0.5;0.5;0.5;0.0;2.1;1.3;1.0;1.3,31.92,0.08,0.17,2.07,15.073,0.792,6787.0,33984.0,4,16,,,,,,,,,,,,,,,,,,,,,,,,,,,,,,,,,,,,,,,,,,,,,,,,,,,,,,,,,,,,,
70,7,,,,,,,96,94,66,18,227.4,2730,10801,36,0,20.2,17.5;2.6;15.9;7.5;4.9;2.8;76.6;74.8;42.1;53.7;87.7;90.3;1.3;1.5;0.8;0.0;0.8;1.0;0.0;0.3;0.5;0.3;0.3;1.3,31.91,0.08,0.05,1.99,15.073,0.792,16503.0,12255.0,4,16,,,,,,,,,,,,,,,,,,,,,,,,,,,,,,,,,,,,,,,,,,,,,,,,,,,,,,,,,,,,,
70,8,,,,,,,97,94,66,16,227.8,2730,10801,36,0,8.5,14.0;0.8;3.4;3.7;2.6;2.3;32.3;39.7;8.9;6.0;41.3;36.6;2.1;1.3;1.0;0.5;1.3;0.8;0.5;0.3;0.3;0.5;0.8;3.9,31.9,0.08,0.03,1.41,15.073,0.792,16699.0,12597.0,4,16,,,,,,,,,,,,,,,,,,,,,,,,,,,,,,,,,,,,,,,,,,,,,,,,,,,,,,,,,,,,,
70,9,,,,,,,100,77,67,17,229.6,2730,10801,36,0,6.5,12.4;0.5;2.2;0.5;0.0;1.1;27.5;26.4;6.0;3.3;28.4;47.0;0.5;0.5;0.0;0.0;0.0;0.0;0.0;0.0;0.0;0.5;0.0;0.0,31.9,0.08,0.01,1.42,15.073,0.792,28857.0,12988.0,4,16,,,,,,,,,,,,,,,,,,,,,,,,,,,,,,,,,,,,,,,,,,,,,,,,,,,,,,,,,,,,,
70,summary,0.2939346223360824,0.9962085674988842,0.28408817195892333,0.9993333333333333,0.00073917,47.2,,,,,,,,,,,,,,,,,,,,,,0,86.33,100,0,77.44,94,59,66.22,69,15,18.11,26,80.7,211.94,230.0,2731.7,10801.0,36.0,0,6.5,22.86,60.7,31.9,31.95,32.05,63.16,0.08,0.08,0.08,16.0,0.01,0.16,0.99,1.41,3.03,6.03,10.952,14.281,15.073,15.07,15.083,15.992,0.792,0.79,0.802,3808.0,14534.0,28857.0,12255.0,22671.89,37988.0,4,4.0,4,16,16.0,16,4,16,36.59,9.46
71,1,,,,,,,0,0,58,26,69.6,1380,10801,37,0,60.1,75.2;80.3;86.0;82.2;78.3;82.2;94.3;87.3;77.7;80.9;87.3;87.3;59.9;63.7;15.3;19.1;53.2;57.3;10.8;14.6;34.8;43.9;36.9;34.2,32.03,0.08,0.01,11.07,15.083,0.802,27148.0,32861.0,4,16,,,,,,,,,,,,,,,,,,,,,,,,,,,,,,,,,,,,,,,,,,,,,,,,,,,,,,,,,,,,,
71,2,,,,,,,100,76,66,18,230.2,2730,10801,36,0,27.9,23.2;10.6;27.2;21.9;18.8;16.2;85.6;85.6;54.6;58.6;87.9;88.4;11.6;11.9;7.0;5.7;9.5;10.1;2.8;2.6;7.9;9.0;6.7;7.2,31.99,0.08,0.05,6.02,15.073,0.792,20361.0,9667.0,4,16,,,,,,,,,,,,,,,,,,,,,,,,,,,,,,,,,,,,,,,,,,,,,,,,,,,,,,,,,,,,,
71,3,,,,,,,96,95,69,17,227.4,2730,10801,36,0,21.7,15.8;4.1;11.5;15.9;5.9;6.1;89.3;92.4;28.2;46.5;86.0;90.8;2.3;2.8;2.3;2.3;2.1;2.6;1.3;0.8;4.0;2.3;2.3;2.1,31.96,0.08,0.01,3.82,15.073,0.792,8837.0,12988.0,4,16,,,,,,,,,,,,,,,,,,,,,,,,,,,,,,,,,,,,,,,,,,,,,,,,,,,,,,,,,,,,,
71,4,,,,,,,96,93,68,18,228.1,2730,10801,36,0,20.5,14.3;2.3;13.3;14.1;5.2;3.1;80.7;84.6;39.1;50.3;87.5;87.5;2.1;2.6;0.0;0.0;0.8;0.0;0.0;0.0;1.0;1.3;1.3;1.8,31.94,0.08,0.01,3.05,15.073,0.792,30664.0,14843.0,4,16,,,,,,,,,,,,,,,,,,,,,,,,,,,,,,,,,,,,,,,,,,,,,,,,,,,,,,,,,,,,,
71,5,,,,,,,96,89,69,17,228.4,2730,10801,36,0,20.5,14.0;1.0;11.0;16.2;5.2;3.9;85.9;86.9;30.8;50.7;88.3;90.9;0.8;1.6;0.3;0.5;0.3;0.3;0.0;0.0;1.3;0.3;0.5;0.8,31.92,0.08,0.04,3.19,15.077,0.796,6347.0,46972.0,4,16,,,,,,,,,,,,,,,,,,,,,,,,,,,,,,,,,,,,,,,,,,,,,,,,,,,,,,,,,,,,,
71,6,,,,,,,96,84,70,16,229.1,2730,10801,36,0,20.4,15.6;1.8;12.5;12.2;4.9;4.9;82.9;79.2;47.4;49.0;84.4;85.2;1.6;1.3;0.3;1.3;1.8;0.3;0.5;1.0;2.1;0.5;0.5;0.3,31.91,0.08,0.12,2.31,15.073,0.792,38378.0,290234.0,4,16,,,,,,,,,,,,,,,,,,,,,,,,,,,,,,,,,,,,,,,,,,,,,,,,,,,,,,,,,,,,,
71,7,,,,,,,96,94,66,16,227.5,2730,10801,36,0,20.4,13.9;3.1;8.7;17.2;9.0;5.6;80.6;77.5;50.3;36.9;88.7;87.8;2.3;1.8;1.0;0.5;0.8;0.0;0.0;0.0;1.3;1.8;0.3;0.5,31.91,0.08,0.09,1.95,15.073,0.792,4443.0,34912.0,4,16,,,,,,,,,,,,,,,,,,,,,,,,,,,,,,,,,,,,,,,,,,,,,,,,,,,,,,,,,,,,,
71,8,,,,,,,99,100,68,17,228.7,2730,10801,36,0,8.6,13.8;2.9;3.9;4.2;2.1;1.8;39.1;34.5;6.8;7.6;37.7;42.3;0.8;1.0;0.3;0.3;0.8;0.5;0.5;0.5;2.6;1.0;0.3;1.6,31.9,0.08,0.03,1.46,15.073,0.792,4492.0,26806.0,4,16,,,,,,,,,,,,,,,,,,,,,,,,,,,,,,,,,,,,,,,,,,,,,,,,,,,,,,,,,,,,,
71,9,,,,,,,100,77,67,17,230.9,2730,10801,36,0,6.5,7.9;0.0;1.6;1.6;1.6;1.1;20.7;43.5;4.3;3.8;27.7;38.6;0.5;0.5;0.0;0.0;0.0;0.0;0.0;0.0;0.0;0.0;1.1;0.5,31.89,0.08,0.0,1.39,15.073,0.792,10839.0,27148.0,4,16,,,,,,,,,,,,,,,,,,,,,,,,,,,,,,,,,,,,,,,,,,,,,,,,,,,,,,,,,,,,,
71,summary,0.29386294848774264,0.9962541102316304,0.2845417007605235,0.9992222222222222,0.00073215,47.3,,,,,,,,,,,,,,,,,,,,,,0,86.56,100,0,78.67,100,58,66.78,70,16,18.0,26,69.6,211.1,230.9,2580.0,10801.0,36.1,0,6.5,22.96,60.1,31.89,31.94,32.03,63.16,0.08,0.08,0.08,16.0,0.0,0.04,0.12,1.39,3.81,11.07,10.953,14.281,15.073,15.07,15.083,15.992,0.792,0.79,0.802,4443.0,16834.33,38378.0,9667.0,55159.0,290234.0,4,4.0,4,16,16.0,16,4,16,36.95,9.29
72,1,,,,,,,1,0,58,26,63.1,1530,10801,36,0,61.8,81.5;81.5;86.3;85.7;83.6;82.9;91.3;88.4;82.9;85.6;89.0;92.5;56.5;53.4;22.1;21.4;45.9;51.4;13.1;15.2;45.2;44.5;39.7;40.4,32.06,0.08,0.04,11.87,15.083,0.802,4443.0,36132.0,4,16,,,,,,,,,,,,,,,,,,,,,,,,,,,,,,,,,,,,,,,,,,,,,,,,,,,,,,,,,,,,,
72,2,,,,,,,98,80,67,18,229.8,2730,10801,37,0,27.6,23.7;12.2;29.0;23.6;16.6;16.0;89.9;89.1;53.9;48.7;90.7;86.0;9.1;8.5;4.9;5.7;6.7;9.3;3.4;3.1;8.3;8.0;6.5;8.5,32.01,0.08,0.0,4.99,15.073,0.792,4638.0,33496.0,4,16,,,,,,,,,,,,,,,,,,,,,,,,,,,,,,,,,,,,,,,,,,,,,,,,,,,,,,,,,,,,,
72,3,,,,,,,98,80,67,19,228.7,2730,10801,36,0,20.7,13.7;2.9;14.8;13.0;3.4;6.7;88.2;82.3;43.6;39.3;91.9;90.4;1.6;1.3;0.0;0.3;1.3;1.0;0.0;0.0;0.3;0.0;0.3;0.3,31.96,0.08,0.66,6.28,15.073,0.792,5419.0,23193.0,4,16,,,,,,,,,,,,,,,,,,,,,,,,,,,,,,,,,,,,,,,,,,,,,,,,,,,,,,,,,,,,,
72,4,,,,,,,98,95,67,18,228.7,2730,10801,37,0,21.0,14.9;1.8;15.2;14.7;5.6;4.9;79.3;81.2;47.8;54.1;89.2;86.9;0.8;2.1;0.5;0.5;0.3;0.5;1.0;0.5;0.8;0.5;0.8;1.3,31.95,0.08,1.62,6.82,15.073,0.792,7275.0,11083.0,4,16,,,,,,,,,,,,,,,,,,,,,,,,,,,,,,,,,,,,,,,,,,,,,,,,,,,,,,,,,,,,,
72,5,,,,,,,96,93,66,18,228.7,2730,10801,36,0,20.9,16.8;3.6;14.9;12.0;5.7;5.2;86.0;87.8;34.6;44.1;84.4;94.8;1.3;2.6;0.3;0.5;0.3;1.3;0.8;0.5;0.8;1.3;0.8;1.6,31.94,0.08,0.04,3.09,15.077,0.796,20410.0,12939.0,4,16,,,,,,,,,,,,,,,,,,,,,,,,,,,,,,,,,,,,,,,,,,,,,,,,,,,,,,,,,,,,,
72,6,,,,,,,96,93,67,17,228.0,2730,10801,37,0,21.0,17.4;3.1;15.4;9.8;8.6;5.5;75.4;75.3;39.6;64.1;82.0;93.0;2.3;3.4;0.5;0.3;1.0;2.1;0.8;0.5;0.8;1.6;1.3;1.0,31.93,0.08,0.0,2.02,15.073,0.792,4541.0,26074.0,4,16,,,,,,,,,,,,,,,,,,,,,,,,,,,,,,,,,,,,,,,,,,,,,,,,,,,,,,,,,,,,,
72,7,,,,,,,96,94,67,16,228.1,2730,10801,36,0,20.4,11.1;3.7;17.8;10.9;3.9;6.0;86.8;82.2;28.1;58.6;82.8;85.4;1.6;2.6;0.5;0.0;1.0;1.0;0.8;0.0;1.3;0.8;1.0;1.6,31.9,0.08,0.05,1.88,15.073,0.792,4931.0,28955.0,4,16,,,,,,,,,,,,,,,,,,,,,,,,,,,,,,,,,,,,,,,,,,,,,,,,,,,,,,,,,,,,,
72,8,,,,,,,100,83,66,17,231.3,2730,10801,36,0,9.5,18.2;3.6;5.6;5.1;2.3;4.9;44.5;36.3;5.2;12.3;41.9;35.0;1.5;1.8;0.3;0.3;1.3;1.3;0.5;1.0;0.5;1.3;0.5;0.5,31.9,0.08,0.01,1.76,15.073,0.792,16699.0,21826.0,4,16,,,,,,,,,,,,,,,,,,,,,,,,,,,,,,,,,,,,,,,,,,,,,,,,,,,,,,,,,,,,,
72,9,,,,,,,97,93,69,17,228.7,2730,10801,36,0,7.6,13.0;2.2;3.3;1.1;1.1;0.5;18.7;27.5;7.1;9.9;12.6;81.3;1.1;1.1;0.0;0.0;1.6;0.0;0.0;0.0;1.6;0.0;0.0;0.0,31.9,0.08,0.02,1.41,15.073,0.792,5273.0,38574.0,4,16,,,,,,,,,,,,,,,,,,,,,,,,,,,,,,,,,,,,,,,,,,,,,,,,,,,,,,,,,,,,,
72,summary,0.29400027050512206,0.9961971818156977,0.28459366183810764,0.9991111111111111,0.00072507,47.1,,,,,,,,,,,,,,,,,,,,,,1,86.67,100,0,79.0,95,58,66.0,69,16,18.44,26,63.1,210.57,231.3,2596.7,10801.0,36.3,0,7.6,23.39,61.8,31.9,31.95,32.06,63.16,0.08,0.08,0.08,16.0,0.0,0.27,1.62,1.41,4.46,11.87,10.952,14.281,15.073,15.07,15.083,15.992,0.792,0.79,0.802,4443.0,8181.0,20410.0,11083.0,25808.0,38574.0,4,4.0,4,16,16.0,16,4,16,36.66,9.45
73,1,,,,,,,0,0,59,23,82.1,2745,10801,36,0,61.2,74.3;73.9;84.5;85.9;85.3;83.1;86.6;95.1;81.7;85.2;90.1;96.5;52.1;59.9;25.7;26.6;39.4;47.9;18.5;21.0;38.5;40.8;36.4;40.6,32.04,0.08,0.06,12.26,15.083,0.802,8056.0,42626.0,4,16,,,,,,,,,,,,,,,,,,,,,,,,,,,,,,,,,,,,,,,,,,,,,,,,,,,,,,,,,,,,,
73,2,,,,,,,100,81,67,17,229.7,2730,10801,36,0,28.2,22.5;13.1;27.2;26.1;15.3;15.8;84.0;87.4;50.5;67.4;88.7;83.5;10.9;12.4;2.6;3.1;10.9;10.6;2.3;2.6;11.3;10.3;7.5;10.3,31.98,0.08,0.01,5.04,15.073,0.792,4882.0,16357.0,4,16,,,,,,,,,,,,,,,,,,,,,,,,,,,,,,,,,,,,,,,,,,,,,,,,,,,,,,,,,,,,,
73,3,,,,,,,100,81,67,17,229.8,2730,10801,36,0,19.9,13.3;1.3;10.2;12.0;3.9;5.2;78.9;86.2;37.1;44.8;81.7;93.5;0.8;2.6;0.3;0.0;0.5;1.3;1.0;0.3;1.0;0.0;1.0;1.6,31.97,0.08,0.01,4.1,15.073,0.792,15039.0,28515.0,4,16,,,,,,,,,,,,,,,,,,,,,,,,,,,,,,,,,,,,,,,,,,,,,,,,,,,,,,,,,,,,,
73,4,,,,,,,96,94,68,17,228.4,2730,10801,36,0,20.2,16.3;1.3;9.3;12.6;2.8;3.9;88.2;83.3;39.6;47.6;87.1;85.6;0.8;1.0;0.5;0.3;0.5;0.8;0.0;0.0;1.3;0.5;0.8;0.3,31.93,0.08,0.03,3.93,15.073,0.792,6054.0,37402.0,4,16,,,,,,,,,,,,,,,,,,,,,,,,,,,,,,,,,,,,,,,,,,,,,,,,,,,,,,,,,,,,,
73,5,,,,,,,96,94,68,17,227.9,2730,10801,36,0,20.4,15.4;2.9;7.6;14.3;3.1;4.4;84.1;83.1;44.9;53.0;87.5;82.8;1.0;0.5;0.5;0.0;0.3;0.3;0.3;0.3;1.8;1.0;0.3;0.8,31.92,0.08,0.03,2.61,15.077,0.796,6005.0,16699.0,4,16,,,,,,,,,,,,,,,,,,,,,,,,,,,,,,,,,,,,,,,,,,,,,,,,,,,,,,,,,,,,,
73,6,,,,,,,96,93,69,18,231.2,2730,10801,36,0,20.8,16.5;2.9;14.8;12.1;5.0;5.0;85.7;79.1;39.4;46.2;94.3;84.6;1.3;2.1;1.0;0.8;1.3;1.3;0.3;0.0;1.3;1.0;1.3;1.3,31.92,0.08,0.02,2.71,15.073,0.792,7861.0,44775.0,4,16,,,,,,,,,,,,,,,,,,,,,,,,,,,,,,,,,,,,,,,,,,,,,,,,,,,,,,,,,,,,,
73,7,,,,,,,100,75,70,19,231.6,2730,10801,36,0,20.7,13.6;1.5;12.9;13.9;4.3;5.4;93.4;91.0;45.8;44.7;79.7;82.5;1.3;1.8;0.5;0.8;0.3;0.3;0.0;0.0;1.5;0.5;0.0;1.0,31.91,0.08,0.03,2.38,15.073,0.792,30419.0,10400.0,4,16,,,,,,,,,,,,,,,,,,,,,,,,,,,,,,,,,,,,,,,,,,,,,,,,,,,,,,,,,,,,,
73,8,,,,,,,96,96,67,17,229.1,2730,10801,36,0,7.6,13.1;1.3;2.1;3.9;1.3;1.3;33.7;43.9;3.4;9.8;40.9;24.4;1.0;0.0;0.0;0.0;0.5;0.3;0.0;0.0;0.8;1.0;0.0;0.3,31.89,0.08,0.06,1.91,15.073,0.792,5517.0,37695.0,4,16,,,,,,,,,,,,,,,,,,,,,,,,,,,,,,,,,,,,,,,,,,,,,,,,,,,,,,,,,,,,,
73,9,,,,,,,100,77,68,17,231.3,2730,10801,37,0,8.1,16.2;1.6;2.2;3.8;1.1;2.2;25.4;34.2;3.8;6.5;24.1;60.9;0.5;1.1;1.1;2.2;0.0;1.1;0.0;0.0;1.1;1.1;1.1;2.2,31.89,0.08,0.0,2.12,15.073,0.792,22558.0,12841.0,4,16,,,,,,,,,,,,,,,,,,,,,,,,,,,,,,,,,,,,,,,,,,,,,,,,,,,,,,,,,,,,,
73,summary,0.29341565035957795,0.9963042072376511,0.2836208974255456,0.9995555555555555,0.00071793,47.1,,,,,,,,,,,,,,,,,,,,,,0,87.11,100,0,76.78,96,59,67.0,70,17,18.0,23,82.1,213.46,231.6,2731.7,10801.0,36.1,0,7.6,23.01,61.2,31.89,31.94,32.04,63.16,0.08,0.08,0.08,16.0,0.0,0.03,0.06,1.91,4.12,12.26,10.951,14.281,15.073,15.07,15.083,15.992,0.792,0.79,0.802,4882.0,11821.22,30419.0,10400.0,27478.89,44775.0,4,4.0,4,16,16.0,16,4,16,36.69,9.38
74,1,,,,,,,0,0,58,22,60.8,1470,10801,37,0,59.9,73.3;77.1;85.4;86.0;80.6;84.6;87.4;93.7;85.3;84.6;89.5;95.1;47.9;63.2;20.8;18.1;40.3;47.9;13.2;9.0;38.9;45.1;34.0;37.1,32.1,0.08,0.03,4.69,15.083,0.802,3955.0,43115.0,4,16,,,,,,,,,,,,,,,,,,,,,,,,,,,,,,,,,,,,,,,,,,,,,,,,,,,,,,,,,,,,,
74,2,,,,,,,100,85,69,18,231.0,2730,10801,36,0,28.7,23.7;12.6;26.7;28.0;17.4;16.1;90.9;93.5;56.2;49.6;86.0;80.8;9.6;10.1;7.5;9.0;9.6;10.3;8.3;8.5;8.5;10.4;8.8;8.0,32.01,0.08,0.02,7.23,15.073,0.792,36083.0,260986.0,4,16,,,,,,,,,,,,,,,,,,,,,,,,,,,,,,,,,,,,,,,,,,,,,,,,,,,,,,,,,,,,,
74,3,,,,,,,100,78,69,17,231.2,2730,10801,36,0,21.2,13.1;4.2;12.7;20.3;6.5;4.7;83.1;92.2;30.2;55.6;79.2;86.5;2.6;2.1;1.3;1.0;1.8;0.8;2.1;0.3;3.6;2.1;1.8;0.8,31.99,0.08,0.01,4.4,15.073,0.792,7275.0,38623.0,4,16,,,,,,,,,,,,,,,,,,,,,,,,,,,,,,,,,,,,,,,,,,,,,,,,,,,,,,,,,,,,,
74,4,,,,,,,100,83,70,20,231.2,2730,10801,37,0,20.9,15.7;5.2;13.6;21.0;4.2;6.2;80.0;83.5;46.9;49.1;74.2;84.8;3.2;2.3;0.8;0.3;1.2;1.3;0.0;0.3;3.0;1.3;1.8;1.5,31.98,0.08,0.01,4.38,15.073,0.792,341.0,6152.0,4,16,,,,,,,,,,,,,,,,,,,,,,,,,,,,,,,,,,,,,,,,,,,,,,,,,,,,,,,,,,,,,
74,5,,,,,,,100,76,70,17,230.8,2730,10801,37,0,19.0,8.1;2.8;9.4;11.9;2.6;4.3;86.8;82.9;39.9;46.2;77.8;83.0;1.0;0.3;0.0;0.0;0.3;0.0;0.3;0.0;0.0;0.0;0.0;0.0,31.96,0.08,0.01,2.76,15.073,0.792,341.0,0.0,4,16,,,,,,,,,,,,,,,,,,,,,,,,,,,,,,,,,,,,,,,,,,,,,,,,,,,,,,,,,,,,,
74,6,,,,,,,96,94,66,18,228.0,2730,10801,37,0,20.1,14.2;1.8;12.0;15.1;3.4;5.7;83.9;86.7;44.3;45.5;79.0;85.2;0.8;1.8;0.0;0.0;0.8;0.5;0.0;0.5;0.0;1.0;0.3;0.3,31.93,0.08,0.05,2.67,15.073,0.792,9716.0,9912.0,4,16,,,,,,,,,,,,,,,,,,,,,,,,,,,,,,,,,,,,,,,,,,,,,,,,,,,,,,,,,,,,,
74,7,,,,,,,96,94,66,17,228.5,2730,10801,36,0,22.3,19.6;3.6;13.3;16.3;6.5;8.3;86.0;89.9;38.4;38.1;94.5;89.9;2.1;3.4;1.8;2.8;1.8;2.3;0.3;2.1;6.4;2.6;2.3;2.3,31.92,0.08,0.03,1.95,15.073,0.792,4492.0,38476.0,4,16,,,,,,,,,,,,,,,,,,,,,,,,,,,,,,,,,,,,,,,,,,,,,,,,,,,,,,,,,,,,,
74,8,,,,,,,96,95,66,20,228.9,2730,10801,36,0,7.6,13.2;1.0;2.8;2.8;0.8;2.8;36.1;43.4;1.0;9.5;31.0;33.1;0.8;0.3;0.3;0.0;0.3;0.0;0.5;0.0;1.3;0.5;0.3;0.5,31.92,0.08,0.0,1.3,15.073,0.792,292.0,341.0,4,16,,,,,,,,,,,,,,,,,,,,,,,,,,,,,,,,,,,,,,,,,,,,,,,,,,,,,,,,,,,,,
74,9,,,,,,,100,95,68,17,231.6,2730,10801,36,0,7.3,12.0;1.1;1.1;3.3;1.1;1.7;19.7;39.0;3.9;4.4;39.8;44.2;1.1;0.6;0.6;0.5;0.0;0.6;0.0;0.0;1.1;0.5;0.0;0.0,31.91,0.08,0.08,2.22,15.073,0.792,26171.0,12011.0,4,16,,,,,,,,,,,,,,,,,,,,,,,,,,,,,,,,,,,,,,,,,,,,,,,,,,,,,,,,,,,,,
74,summary,0.2939075534518559,0.9961721333126873,0.28434401332007514,0.9995555555555555,0.00071074,47.5,,,,,,,,,,,,,,,,,,,,,,0,87.56,100,0,77.78,95,58,66.89,70,17,18.44,22,60.8,211.33,231.6,2590.0,10801.0,36.4,0,7.3,23.0,59.9,31.91,31.97,32.1,63.16,0.08,0.08,0.08,16.0,0.0,0.03,0.08,1.3,3.51,7.23,10.952,14.281,15.073,15.07,15.083,15.992,0.792,0.79,0.802,292.0,9851.78,36083.0,0.0,45512.89,260986.0,4,4.0,4,16,16.0,16,4,16,37.21,9.26
75,1,,,,,,,0,0,59,25,75.0,2745,10801,36,0,60.4,65.3;76.2;83.9;86.7;82.5;83.2;86.7;95.1;81.9;86.7;87.5;94.4;53.8;55.9;20.7;21.4;49.0;51.0;13.4;13.4;44.1;47.6;34.0;41.0,32.07,0.08,0.0,3.75,15.083,0.802,7031.0,17871.0,4,16,,,,,,,,,,,,,,,,,,,,,,,,,,,,,,,,,,,,,,,,,,,,,,,,,,,,,,,,,,,,,
75,2,,,,,,,99,100,67,17,229.9,2730,10801,37,0,29.1,26.9;12.2;28.6;31.7;17.9;17.9;88.1;88.1;59.2;53.2;85.0;89.9;10.7;11.7;4.2;7.8;10.4;11.1;4.7;3.4;8.9;10.2;7.3;8.9,32.0,0.08,0.01,6.04,15.073,0.792,4394.0,15234.0,4,16,,,,,,,,,,,,,,,,,,,,,,,,,,,,,,,,,,,,,,,,,,,,,,,,,,,,,,,,,,,,,
75,3,,,,,,,99,100,67,17,228.6,2730,10801,36,0,20.6,17.2;3.4;14.7;12.0;6.0;5.2;80.1;83.0;46.5;47.9;80.5;84.9;2.1;1.8;0.5;0.3;1.3;2.1;0.0;0.3;1.6;1.3;1.0;0.5,31.97,0.08,0.03,3.94,15.073,0.792,9375.0,16259.0,4,16,,,,,,,,,,,,,,,,,,,,,,,,,,,,,,,,,,,,,,,,,,,,,,,,,,,,,,,,,,,,,
75,4,,,,,,,98,94,67,18,228.3,2730,10801,37,0,20.4,15.1;3.1;14.8;11.1;3.1;3.9;88.1;84.2;42.4;43.0;82.2;91.0;1.8;0.8;0.0;0.3;0.8;0.5;1.0;0.5;0.8;0.5;0.3;0.0,31.96,0.08,0.0,3.03,15.073,0.792,5859.0,19287.0,4,16,,,,,,,,,,,,,,,,,,,,,,,,,,,,,,,,,,,,,,,,,,,,,,,,,,,,,,,,,,,,,
75,5,,,,,,,100,77,69,17,230.3,2730,10801,37,0,20.0,19.7;2.3;15.6;10.5;6.4;4.6;78.7;80.8;39.2;44.6;84.9;85.9;1.3;1.5;0.0;0.3;0.0;1.0;0.3;0.8;1.0;0.3;0.5;0.5,31.91,0.08,0.02,3.05,15.073,0.792,22607.0,20410.0,4,16,,,,,,,,,,,,,,,,,,,,,,,,,,,,,,,,,,,,,,,,,,,,,,,,,,,,,,,,,,,,,
75,6,,,,,,,100,75,70,17,231.2,2730,10801,36,0,21.2,14.7;2.9;15.7;14.8;6.5;5.5;86.4;87.7;51.3;39.6;81.1;92.7;2.1;2.6;0.3;1.0;1.0;0.3;0.3;0.3;1.0;1.3;0.5;0.3,31.91,0.08,0.03,2.02,15.073,0.792,14062.0,11279.0,4,16,,,,,,,,,,,,,,,,,,,,,,,,,,,,,,,,,,,,,,,,,,,,,,,,,,,,,,,,,,,,,
75,7,,,,,,,100,75,70,17,231.1,2730,10801,36,0,20.5,11.6;2.9;14.1;12.2;3.4;6.2;84.9;82.3;42.7;41.3;93.5;88.3;1.8;0.5;0.0;0.3;0.3;0.3;0.8;0.0;1.6;0.5;0.5;1.3,31.89,0.08,0.04,1.93,15.073,0.792,6494.0,15625.0,4,16,,,,,,,,,,,,,,,,,,,,,,,,,,,,,,,,,,,,,,,,,,,,,,,,,,,,,,,,,,,,,
75,8,,,,,,,100,78,69,16,231.3,2730,10801,36,0,8.8,16.4;0.8;2.6;5.0;1.8;1.6;27.9;57.5;5.5;9.2;38.1;33.1;1.8;1.3;0.8;0.5;0.8;0.0;0.0;0.0;0.5;0.8;1.1;1.1,31.89,0.08,0.03,1.44,15.073,0.792,30468.0,12353.0,4,16,,,,,,,,,,,,,,,,,,,,,,,,,,,,,,,,,,,,,,,,,,,,,,,,,,,,,,,,,,,,,
75,9,,,,,,,97,95,67,18,228.4,2730,10801,37,0,6.8,14.4;1.0;2.0;0.5;1.0;1.5;26.9;40.8;6.0;3.0;47.3;17.4;0.0;0.5;0.0;0.0;0.0;0.0;0.5;0.5;0.0;0.0;0.0;0.0,31.9,0.08,0.01,1.3,15.073,0.792,2099.0,0.0,4,16,,,,,,,,,,,,,,,,,,,,,,,,,,,,,,,,,,,,,,,,,,,,,,,,,,,,,,,,,,,,,
75,summary,0.29314974910715375,0.9965433065845684,0.2837268550660875,0.9997777777777778,0.00070350,47.2,,,,,,,,,,,,,,,,,,,,,,0,88.11,100,0,77.11,100,59,67.22,70,16,18.0,25,75.0,212.68,231.3,2731.7,10801.0,36.4,0,6.8,23.09,60.4,31.89,31.94,32.07,63.16,0.08,0.08,0.08,16.0,0.0,0.02,0.04,1.3,2.94,6.04,10.952,14.281,15.073,15.07,15.083,15.992,0.792,0.79,0.802,2099.0,11376.56,30468.0,0.0,14257.56,20410.0,4,4.0,4,16,16.0,16,4,16,36.8,9.38
76,1,,,,,,,0,0,58,25,68.2,1575,10801,37,0,62.8,78.1;75.5;87.4;89.5;86.0;84.6;89.7;96.5;86.0;82.5;90.2;95.1;64.1;57.3;19.0;23.9;53.1;53.8;15.5;14.8;43.0;40.6;38.2;40.6,32.06,0.08,0.0,12.04,15.083,0.802,7910.0,19677.0,4,16,,,,,,,,,,,,,,,,,,,,,,,,,,,,,,,,,,,,,,,,,,,,,,,,,,,,,,,,,,,,,
76,2,,,,,,,96,95,69,17,226.9,2730,10801,37,0,27.1,24.5;11.4;25.6;25.6;12.4;16.8;89.7;88.9;48.2;59.2;80.8;84.2;9.6;9.8;3.9;3.9;9.6;8.8;2.1;2.1;10.0;9.6;6.2;8.0,32.0,0.08,0.01,5.01,15.073,0.792,48388.0,85742.0,4,16,,,,,,,,,,,,,,,,,,,,,,,,,,,,,,,,,,,,,,,,,,,,,,,,,,,,,,,,,,,,,
76,3,,,,,,,97,95,69,17,227.9,2730,10801,36,0,21.1,13.5;5.2;12.5;15.6;7.0;8.1;82.0;72.6;44.0;51.6;85.1;91.6;2.6;3.1;1.3;1.0;0.8;1.8;0.8;0.0;1.3;2.1;1.6;0.8,31.98,0.08,0.01,4.91,15.073,0.792,10205.0,171337.0,4,16,,,,,,,,,,,,,,,,,,,,,,,,,,,,,,,,,,,,,,,,,,,,,,,,,,,,,,,,,,,,,
76,4,,,,,,,96,91,68,18,227.7,2730,10801,36,0,21.9,18.0;5.7;14.5;14.5;4.9;6.8;81.5;77.7;46.5;47.3;91.5;95.6;2.3;2.6;0.5;0.3;2.6;1.6;1.0;1.0;3.1;1.3;1.8;2.1,31.95,0.08,0.04,3.08,15.073,0.792,29492.0,80810.0,4,16,,,,,,,,,,,,,,,,,,,,,,,,,,,,,,,,,,,,,,,,,,,,,,,,,,,,,,,,,,,,,
76,5,,,,,,,97,92,69,18,228.1,2730,10801,37,0,19.2,14.8;2.1;12.9;11.1;4.1;2.8;70.8;83.3;27.0;61.8;82.3;85.1;0.8;0.5;0.0;0.0;0.3;0.5;0.0;0.0;0.8;0.0;0.0;0.5,31.93,0.08,0.08,3.19,15.073,0.792,19677.0,23730.0,4,16,,,,,,,,,,,,,,,,,,,,,,,,,,,,,,,,,,,,,,,,,,,,,,,,,,,,,,,,,,,,,
76,6,,,,,,,100,100,66,17,230.2,2730,10801,36,0,20.0,12.6;1.6;14.1;9.9;3.4;3.7;86.7;89.3;40.2;47.8;83.3;83.1;0.3;0.8;0.0;0.5;0.8;0.0;0.3;0.3;1.0;0.5;0.0;0.0,31.92,0.08,0.06,2.1,15.073,0.792,22998.0,23632.0,4,16,,,,,,,,,,,,,,,,,,,,,,,,,,,,,,,,,,,,,,,,,,,,,,,,,,,,,,,,,,,,,
76,7,,,,,,,100,100,66,17,229.4,2730,10801,37,0,20.2,15.4;1.3;15.3;12.2;6.5;1.8;80.3;83.6;33.3;48.7;91.4;90.9;1.3;0.5;0.0;0.0;0.8;0.3;0.0;0.0;0.8;0.5;0.5;0.5,31.91,0.08,0.01,1.56,15.073,0.792,21826.0,19091.0,4,16,,,,,,,,,,,,,,,,,,,,,,,,,,,,,,,,,,,,,,,,,,,,,,,,,,,,,,,,,,,,,
76,8,,,,,,,98,98,67,17,228.6,2730,10801,36,0,8.0,12.8;0.8;2.9;3.4;1.8;1.0;20.9;64.9;6.0;6.8;34.0;32.3;0.3;0.5;0.0;0.3;0.5;0.5;0.0;0.0;0.0;0.0;0.0;0.3,31.9,0.08,0.0,1.73,15.073,0.792,49560.0,18750.0,4,16,,,,,,,,,,,,,,,,,,,,,,,,,,,,,,,,,,,,,,,,,,,,,,,,,,,,,,,,,,,,,
76,9,,,,,,,100,78,68,16,230.3,2730,10801,37,0,6.5,12.3;1.1;1.6;1.6;1.1;1.6;51.4;13.7;6.0;4.4;45.1;15.3;0.5;0.5;0.0;0.0;0.0;0.0;0.0;0.0;0.0;0.0;0.0;0.0,31.9,0.08,0.03,1.51,15.073,0.792,5664.0,42773.0,4,16,,,,,,,,,,,,,,,,,,,,,,,,,,,,,,,,,,,,,,,,,,,,,,,,,,,,,,,,,,,,,
76,summary,0.2927220734798689,0.9965797407707652,0.28408501977390715,0.9994444444444445,0.00069620,47.0,,,,,,,,,,,,,,,,,,,,,,0,87.11,100,0,83.22,100,58,66.67,69,16,18.0,25,68.2,210.81,230.3,2601.7,10801.0,36.6,0,6.5,22.98,62.8,31.9,31.95,32.06,63.16,0.08,0.08,0.08,16.0,0.0,0.03,0.08,1.51,3.9,12.04,10.953,14.281,15.073,15.07,15.083,15.992,0.792,0.79,0.802,5664.0,23968.89,49560.0,18750.0,53949.11,171337.0,4,4.0,4,16,16.0,16,4,16,36.8,9.2
77,1,,,,,,,0,0,59,26,81.3,2745,10801,37,0,62.0,69.8;74.5;82.8;87.7;82.8;82.1;88.3;91.0;80.7;88.4;86.9;93.8;62.1;57.2;22.9;24.3;51.0;52.4;21.2;23.6;38.4;47.3;40.5;38.6,32.08,0.08,0.0,11.92,15.083,0.802,3564.0,23437.0,4,16,,,,,,,,,,,,,,,,,,,,,,,,,,,,,,,,,,,,,,,,,,,,,,,,,,,,,,,,,,,,,
77,2,,,,,,,96,95,70,19,227.8,2730,10801,37,0,27.4,23.3;11.2;31.4;23.5;16.6;13.6;88.2;87.8;58.2;46.0;85.2;92.6;10.7;10.5;3.3;2.8;10.0;9.5;1.0;0.5;8.7;7.9;6.9;7.9,32.01,0.08,0.0,4.93,15.073,0.792,22460.0,9912.0,4,16,,,,,,,,,,,,,,,,,,,,,,,,,,,,,,,,,,,,,,,,,,,,,,,,,,,,,,,,,,,,,
77,3,,,,,,,96,95,70,17,227.5,2730,10801,37,0,21.1,15.9;3.9;17.0;9.9;8.1;4.2;86.9;83.3;38.4;46.7;87.2;87.3;1.3;3.7;0.8;1.3;2.6;1.0;0.0;0.5;3.1;1.3;1.0;0.3,31.98,0.08,0.0,4.08,15.073,0.792,4345.0,25537.0,4,16,,,,,,,,,,,,,,,,,,,,,,,,,,,,,,,,,,,,,,,,,,,,,,,,,,,,,,,,,,,,,
77,4,,,,,,,96,95,70,16,228.2,2730,10801,36,0,21.3,16.6;3.1;12.9;12.9;4.4;7.0;86.2;84.9;49.6;37.3;91.5;89.4;2.8;2.1;0.3;1.6;0.8;2.6;0.8;0.5;1.3;0.5;1.0;0.8,31.96,0.08,0.03,3.92,15.073,0.792,4833.0,22753.0,4,16,,,,,,,,,,,,,,,,,,,,,,,,,,,,,,,,,,,,,,,,,,,,,,,,,,,,,,,,,,,,,
77,5,,,,,,,96,96,70,18,228.1,2730,10801,36,0,20.0,12.8;1.3;13.6;11.7;3.9;3.4;88.5;82.2;47.0;41.4;81.7;87.5;1.3;0.8;0.0;0.0;0.0;0.0;0.5;0.0;0.5;0.3;0.0;0.3,31.95,0.08,0.02,2.6,15.077,0.796,4150.0,17773.0,4,16,,,,,,,,,,,,,,,,,,,,,,,,,,,,,,,,,,,,,,,,,,,,,,,,,,,,,,,,,,,,,
77,6,,,,,,,100,100,66,16,229.8,2730,10801,37,0,20.8,16.1;2.1;15.1;10.8;6.7;4.4;84.3;92.8;35.2;47.7;84.8;83.3;2.3;2.3;0.8;0.5;1.0;1.0;0.8;0.5;3.1;0.8;1.3;1.0,31.93,0.08,0.0,2.51,15.073,0.792,5859.0,41406.0,4,16,,,,,,,,,,,,,,,,,,,,,,,,,,,,,,,,,,,,,,,,,,,,,,,,,,,,,,,,,,,,,
77,7,,,,,,,100,100,67,17,230.0,2730,10801,36,0,20.6,16.2;3.1;18.4;7.8;5.7;4.4;87.0;90.9;43.3;43.9;85.0;79.6;1.3;1.6;0.3;0.8;0.8;0.3;0.3;0.0;1.6;0.8;0.3;1.0,31.93,0.08,0.0,1.54,15.073,0.792,8251.0,12500.0,4,16,,,,,,,,,,,,,,,,,,,,,,,,,,,,,,,,,,,,,,,,,,,,,,,,,,,,,,,,,,,,,
77,8,,,,,,,100,100,66,18,230.9,2730,10801,37,0,8.6,13.1;1.8;2.9;3.1;1.1;0.8;40.5;48.2;6.6;6.8;30.5;41.7;0.8;0.5;0.3;0.3;0.0;0.5;0.3;0.0;2.9;1.8;0.0;0.8,31.92,0.08,0.03,1.46,15.073,0.792,23046.0,12939.0,4,16,,,,,,,,,,,,,,,,,,,,,,,,,,,,,,,,,,,,,,,,,,,,,,,,,,,,,,,,,,,,,
77,9,,,,,,,99,82,68,17,230.3,2730,10801,36,0,6.6,10.8;0.0;0.5;1.6;0.5;0.5;50.8;15.1;7.6;1.6;56.2;11.9;0.5;0.5;0.0;0.0;0.0;0.0;0.0;0.0;0.5;0.0;0.0;0.0,31.92,0.08,0.0,2.14,15.073,0.792,8593.0,22021.0,4,16,,,,,,,,,,,,,,,,,,,,,,,,,,,,,,,,,,,,,,,,,,,,,,,,,,,,,,,,,,,,,
77,summary,0.2926892175129963,0.9966753805095321,0.283911690208647,0.9995555555555555,0.00068886,47.1,,,,,,,,,,,,,,,,,,,,,,0,87.0,100,0,84.78,100,59,67.33,70,16,18.22,26,81.3,212.66,230.9,2731.7,10801.0,36.6,0,6.6,23.16,62.0,31.92,31.96,32.08,63.16,0.08,0.08,0.08,16.0,0.0,0.01,0.03,1.46,3.9,11.92,10.953,14.281,15.073,15.07,15.083,15.992,0.792,0.79,0.802,3564.0,9455.67,23046.0,9912.0,20919.78,41406.0,4,4.0,4,16,16.0,16,4,16,36.68,9.37
78,1,,,,,,,0,0,58,23,67.4,1380,10801,36,0,61.4,80.6;79.4;89.4;84.4;81.0;81.6;90.1;90.8;83.7;85.1;94.3;90.8;58.9;50.0;27.0;36.9;39.7;41.8;21.3;27.7;34.5;36.9;31.2;36.9,32.09,0.08,0.03,3.84,15.083,0.802,5175.0,49462.0,4,16,,,,,,,,,,,,,,,,,,,,,,,,,,,,,,,,,,,,,,,,,,,,,,,,,,,,,,,,,,,,,
78,2,,,,,,,100,76,69,18,219.0,2730,10801,37,0,28.9,24.3;14.2;32.9;25.4;18.9;17.1;91.1;85.8;49.0;56.7;91.1;94.1;12.8;13.8;3.8;3.3;10.7;11.3;2.0;2.3;9.2;9.0;6.4;7.7,32.0,0.08,0.02,5.96,15.073,0.792,34033.0,38085.0,4,16,,,,,,,,,,,,,,,,,,,,,,,,,,,,,,,,,,,,,,,,,,,,,,,,,,,,,,,,,,,,,
78,3,,,,,,,96,95,69,17,228.8,2730,10801,37,0,20.2,15.9;1.0;19.2;8.0;6.5;2.6;89.6;86.5;29.4;47.9;88.3;85.5;0.3;1.3;0.0;0.0;0.3;0.5;0.0;0.0;0.0;0.0;0.3;0.5,31.97,0.08,0.0,3.88,15.073,0.792,4980.0,16748.0,4,16,,,,,,,,,,,,,,,,,,,,,,,,,,,,,,,,,,,,,,,,,,,,,,,,,,,,,,,,,,,,,
78,4,,,,,,,96,95,69,17,227.8,2730,10801,37,0,20.5,14.0;1.8;21.1;9.4;5.7;3.6;87.0;83.9;31.0;58.9;75.0;91.1;2.1;1.8;0.5;0.0;0.5;0.5;0.3;0.5;0.8;1.0;0.5;0.5,31.97,0.08,0.01,3.02,15.073,0.792,29199.0,18554.0,4,16,,,,,,,,,,,,,,,,,,,,,,,,,,,,,,,,,,,,,,,,,,,,,,,,,,,,,,,,,,,,,
78,5,,,,,,,96,96,70,14,228.2,2730,10801,37,0,20.8,15.6;4.7;18.4;8.6;6.2;3.9;79.5;88.3;46.1;55.6;82.0;76.0;1.3;1.8;1.0;0.5;1.6;0.5;0.8;0.3;2.3;1.3;1.3;1.0,31.94,0.08,0.0,3.06,15.077,0.796,4736.0,16503.0,4,16,,,,,,,,,,,,,,,,,,,,,,,,,,,,,,,,,,,,,,,,,,,,,,,,,,,,,,,,,,,,,
78,6,,,,,,,92,45,64,17,222.2,2730,10801,37,0,19.9,12.4;1.0;17.5;6.7;3.9;3.1;87.9;92.5;38.4;40.1;79.4;89.2;1.0;1.0;0.3;0.0;0.8;0.0;0.0;0.0;0.8;0.0;0.0;0.0,31.93,0.08,0.01,2.06,15.073,0.792,7177.0,29199.0,4,16,,,,,,,,,,,,,,,,,,,,,,,,,,,,,,,,,,,,,,,,,,,,,,,,,,,,,,,,,,,,,
78,7,,,,,,,100,96,67,14,231.1,2730,10801,37,0,20.5,12.6;4.4;18.2;11.2;5.2;5.2;86.2;86.0;36.8;43.6;77.5;89.4;2.3;1.8;0.8;0.5;0.5;1.0;1.3;1.6;2.8;0.5;1.6;0.8,31.92,0.08,0.03,1.92,15.073,0.792,11474.0,12695.0,4,16,,,,,,,,,,,,,,,,,,,,,,,,,,,,,,,,,,,,,,,,,,,,,,,,,,,,,,,,,,,,,
78,8,,,,,,,100,99,67,16,231.1,2730,10801,37,0,7.5,10.2;0.3;2.4;3.7;1.0;1.0;46.5;39.9;8.7;5.0;23.4;36.6;0.3;0.8;0.0;0.0;0.0;0.3;0.0;0.0;0.3;0.0;0.0;0.3,31.93,0.08,0.01,1.42,15.073,0.792,7910.0,45019.0,4,16,,,,,,,,,,,,,,,,,,,,,,,,,,,,,,,,,,,,,,,,,,,,,,,,,,,,,,,,,,,,,
78,9,,,,,,,98,80,68,16,230.1,2730,10801,36,0,7.0,9.4;1.1;2.7;3.3;0.5;0.5;24.6;36.6;7.6;5.5;57.4;17.5;0.0;0.0;0.0;0.0;0.0;0.0;0.5;0.0;0.0;0.5;0.0;0.0,31.92,0.08,0.14,1.8,15.073,0.792,5810.0,17871.0,4,16,,,,,,,,,,,,,,,,,,,,,,,,,,,,,,,,,,,,,,,,,,,,,,,,,,,,,,,,,,,,,
78,summary,0.29251419996542494,0.9966639948263456,0.2836126335991753,0.9995555555555555,0.00068146,47.1,,,,,,,,,,,,,,,,,,,,,,0,86.44,100,0,75.78,99,58,66.78,70,14,16.89,23,67.4,209.52,231.1,2580.0,10801.0,36.8,0,7.0,22.97,61.4,31.92,31.96,32.09,63.16,0.08,0.08,0.08,16.0,0.0,0.03,0.14,1.42,3.0,5.96,10.953,14.281,15.073,15.07,15.083,15.992,0.792,0.79,0.802,4736.0,12277.11,34033.0,12695.0,27126.22,49462.0,4,4.0,4,16,16.0,16,4,16,36.58,9.48
79,1,,,,,,,1,0,59,23,80.9,2745,10801,37,0,60.1,78.1;80.1;82.2;85.6;76.0;80.3;83.6;89.7;82.9;82.9;95.9;88.4;63.7;56.8;21.1;21.8;49.3;47.9;12.3;15.8;34.9;45.9;37.7;29.5,32.11,0.08,0.0,12.76,15.083,0.802,5908.0,17382.0,4,16,,,,,,,,,,,,,,,,,,,,,,,,,,,,,,,,,,,,,,,,,,,,,,,,,,,,,,,,,,,,,
79,2,,,,,,,96,93,69,17,230.7,2730,10801,37,0,28.2,19.8;10.3;23.3;23.8;14.7;14.4;90.2;89.4;55.7;56.1;88.1;94.3;10.1;9.0;7.5;9.0;8.3;9.0;5.2;6.5;8.0;9.0;7.2;7.8,32.04,0.08,0.0,5.84,15.073,0.792,28515.0,16162.0,4,16,,,,,,,,,,,,,,,,,,,,,,,,,,,,,,,,,,,,,,,,,,,,,,,,,,,,,,,,,,,,,
79,3,,,,,,,96,94,68,18,227.4,2730,10801,37,0,21.3,17.0;4.4;13.1;10.0;4.9;6.2;88.2;89.2;34.8;50.0;82.0;90.0;2.6;3.1;1.0;1.8;1.3;1.3;0.8;0.5;1.0;2.6;2.6;2.3,32.01,0.08,0.01,5.68,15.073,0.792,20458.0,48144.0,4,16,,,,,,,,,,,,,,,,,,,,,,,,,,,,,,,,,,,,,,,,,,,,,,,,,,,,,,,,,,,,,
79,4,,,,,,,96,77,67,17,228.7,2730,10801,37,0,20.6,18.8;2.6;17.8;10.9;3.1;2.8;97.2;94.3;49.7;37.6;80.3;73.6;1.3;1.0;0.5;0.0;0.3;0.3;1.0;0.0;0.3;0.3;0.0;0.5,32.0,0.08,0.03,3.89,15.073,0.792,7421.0,101757.0,4,16,,,,,,,,,,,,,,,,,,,,,,,,,,,,,,,,,,,,,,,,,,,,,,,,,,,,,,,,,,,,,
79,5,,,,,,,96,92,67,16,228.2,2730,10801,36,0,19.3,13.5;1.6;14.8;10.1;3.4;1.8;75.0;79.0;30.9;63.1;89.6;76.9;0.5;1.0;0.0;0.0;0.3;0.3;0.0;0.0;0.8;0.0;0.0;0.0,31.98,0.08,0.07,3.56,15.073,0.792,25878.0,12792.0,4,16,,,,,,,,,,,,,,,,,,,,,,,,,,,,,,,,,,,,,,,,,,,,,,,,,,,,,,,,,,,,,
79,6,,,,,,,96,92,67,17,227.9,2730,10801,36,0,20.3,12.6;2.1;15.1;8.6;6.2;2.6;80.7;82.6;48.8;45.1;89.3;88.0;1.6;1.0;0.3;0.0;0.5;0.0;0.0;0.3;0.5;0.3;0.3;0.8,31.97,0.08,0.01,2.28,15.073,0.792,28857.0,12792.0,4,16,,,,,,,,,,,,,,,,,,,,,,,,,,,,,,,,,,,,,,,,,,,,,,,,,,,,,,,,,,,,,
79,7,,,,,,,100,100,68,16,229.7,2730,10801,37,0,20.0,16.9;1.8;16.2;4.9;3.6;4.1;79.2;80.0;41.0;45.2;89.0;92.3;1.0;0.8;0.8;0.3;0.8;0.5;0.3;0.0;0.3;0.5;0.3;0.0,31.95,0.08,0.0,1.99,15.073,0.792,4492.0,48632.0,4,16,,,,,,,,,,,,,,,,,,,,,,,,,,,,,,,,,,,,,,,,,,,,,,,,,,,,,,,,,,,,,
79,8,,,,,,,100,100,67,17,229.7,2730,10801,37,0,8.0,12.2;1.6;2.9;2.1;2.6;2.1;43.7;43.8;6.3;6.0;35.7;25.9;1.6;1.1;0.0;0.3;0.8;0.8;0.0;0.5;1.0;0.3;0.0;0.3,31.94,0.08,0.02,1.75,15.073,0.792,8691.0,12597.0,4,16,,,,,,,,,,,,,,,,,,,,,,,,,,,,,,,,,,,,,,,,,,,,,,,,,,,,,,,,,,,,,
79,9,,,,,,,97,77,68,17,229.6,2730,10801,37,0,8.1,16.8;3.2;5.4;4.3;3.3;2.7;35.3;27.7;10.3;6.5;23.9;45.7;1.6;0.5;0.5;0.0;1.1;0.5;1.1;0.5;0.0;1.1;1.6;0.5,31.93,0.08,0.21,3.19,15.073,0.792,9179.0,29003.0,4,16,,,,,,,,,,,,,,,,,,,,,,,,,,,,,,,,,,,,,,,,,,,,,,,,,,,,,,,,,,,,,
79,summary,0.2926979039565714,0.9965911264539518,0.2836007259951697,0.9994444444444445,0.00067402,47.1,,,,,,,,,,,,,,,,,,,,,,1,86.44,100,0,80.56,100,59,66.67,69,16,17.56,23,80.9,212.53,230.7,2731.7,10801.0,36.8,0,8.0,22.88,60.1,31.93,31.99,32.11,63.16,0.08,0.08,0.08,16.0,0.0,0.04,0.21,1.75,4.55,12.76,10.955,14.281,15.073,15.07,15.083,15.992,0.792,0.79,0.802,4492.0,15488.78,28857.0,12597.0,33251.22,101757.0,4,4.0,4,16,16.0,16,4,16,36.62,9.49
80,1,,,,,,,0,0,59,24,68.0,1395,10801,36,0,61.9,73.7;73.0;81.0;82.4;76.9;75.0;94.6;89.3;80.3;83.7;92.6;89.1;60.5;61.2;25.9;27.2;55.1;52.4;11.6;18.5;40.9;53.1;41.5;43.5,32.1,0.08,0.02,5.5,15.083,0.802,13818.0,152880.0,4,16,,,,,,,,,,,,,,,,,,,,,,,,,,,,,,,,,,,,,,,,,,,,,,,,,,,,,,,,,,,,,
80,2,,,,,,,96,95,66,17,228.0,2730,10801,37,0,26.6,24.0;11.7;25.7;22.2;13.2;13.0;84.7;87.8;44.7;63.7;80.8;87.0;11.7;10.1;1.8;2.6;9.4;9.6;0.8;1.3;9.3;9.1;6.2;6.7,32.04,0.08,0.02,6.45,15.073,0.792,58642.0,44775.0,4,16,,,,,,,,,,,,,,,,,,,,,,,,,,,,,,,,,,,,,,,,,,,,,,,,,,,,,,,,,,,,,
80,3,,,,,,,100,98,67,18,218.8,2730,10801,37,0,20.1,13.5;2.3;13.0;9.2;5.6;3.6;79.5;84.1;42.5;41.7;90.5;87.0;3.1;0.8;0.3;0.3;1.0;1.0;0.5;0.0;1.3;0.3;1.0;0.8,32.0,0.08,0.09,6.21,15.073,0.792,4345.0,18505.0,4,16,,,,,,,,,,,,,,,,,,,,,,,,,,,,,,,,,,,,,,,,,,,,,,,,,,,,,,,,,,,,,
80,4,,,,,,,100,99,68,17,230.2,2730,10801,36,0,22.3,16.0;4.9;16.3;17.8;10.9;9.1;88.3;88.0;46.6;40.3;83.3;81.5;3.6;3.1;2.1;2.6;1.8;2.6;2.1;1.8;5.6;3.1;1.8;3.1,32.0,0.08,0.02,3.79,15.073,0.792,4394.0,34082.0,4,16,,,,,,,,,,,,,,,,,,,,,,,,,,,,,,,,,,,,,,,,,,,,,,,,,,,,,,,,,,,,,
80,5,,,,,,,100,100,67,17,229.4,2730,10801,37,0,22.4,15.6;6.2;20.5;13.0;8.8;7.5;90.6;90.1;38.0;47.3;82.9;89.6;5.2;4.7;2.3;1.6;3.1;1.8;0.8;1.0;2.6;1.0;3.4;1.0,31.98,0.08,0.04,2.89,15.077,0.796,4785.0,18164.0,4,16,,,,,,,,,,,,,,,,,,,,,,,,,,,,,,,,,,,,,,,,,,,,,,,,,,,,,,,,,,,,,
80,6,,,,,,,100,100,68,18,229.6,2730,10801,37,0,20.1,14.1;2.4;12.0;15.2;6.3;4.5;79.8;79.3;33.0;50.5;86.9;92.9;1.6;1.0;0.0;0.0;0.8;1.0;0.3;0.0;1.0;0.3;0.3;0.5,31.95,0.08,0.01,2.94,15.073,0.792,25244.0,12402.0,4,16,,,,,,,,,,,,,,,,,,,,,,,,,,,,,,,,,,,,,,,,,,,,,,,,,,,,,,,,,,,,,
80,7,,,,,,,100,78,66,17,220.0,2730,10801,37,0,20.0,15.9;1.0;11.3;14.1;3.8;6.4;86.2;84.7;38.1;36.6;89.5;87.8;1.3;0.8;0.0;0.0;0.3;0.3;0.0;0.3;0.8;0.3;0.5;0.5,31.94,0.08,0.01,2.02,15.073,0.792,16064.0,12890.0,4,16,,,,,,,,,,,,,,,,,,,,,,,,,,,,,,,,,,,,,,,,,,,,,,,,,,,,,,,,,,,,,
80,8,,,,,,,100,77,68,16,230.0,2730,10801,36,0,7.7,11.9;1.1;2.6;2.6;0.8;1.8;58.2;25.5;5.3;7.6;45.4;19.2;0.8;0.3;0.0;0.0;0.3;0.0;0.0;0.0;1.0;0.3;0.3;0.0,31.91,0.08,0.01,1.72,15.073,0.792,49023.0,11962.0,4,16,,,,,,,,,,,,,,,,,,,,,,,,,,,,,,,,,,,,,,,,,,,,,,,,,,,,,,,,,,,,,
80,9,,,,,,,96,94,67,18,227.8,2730,10801,36,0,7.9,11.3;1.6;5.9;3.2;3.2;1.1;32.1;45.2;3.8;6.5;26.2;41.7;0.5;1.6;0.0;0.0;0.0;1.1;0.0;0.0;0.5;0.0;1.6;2.2,31.9,0.08,0.02,1.44,15.073,0.792,35937.0,11669.0,4,16,,,,,,,,,,,,,,,,,,,,,,,,,,,,,,,,,,,,,,,,,,,,,,,,,,,,,,,,,,,,,
80,summary,0.2924503413231394,0.996711814695729,0.28373323284255136,0.9993333333333333,0.00066654,47.1,,,,,,,,,,,,,,,,,,,,,,0,88.0,100,0,82.33,100,59,66.22,68,16,18.0,24,68.0,209.09,230.2,2581.7,10801.0,36.6,0,7.7,23.22,61.9,31.9,31.98,32.1,63.16,0.08,0.08,0.08,16.0,0.01,0.03,0.09,1.44,3.66,6.45,10.955,14.281,15.073,15.07,15.083,15.992,0.792,0.79,0.802,4345.0,23583.56,58642.0,11669.0,35258.78,152880.0,4,4.0,4,16,16.0,16,4,16,36.65,9.45
81,1,,,,,,,0,0,59,23,80.6,2745,10801,37,0,62.0,78.8;81.7;88.7;88.0;76.8;83.1;95.1;91.5;84.5;85.2;90.1;91.5;56.3;62.0;26.1;21.8;47.2;46.9;14.8;21.1;40.6;45.1;38.7;33.6,32.07,0.08,0.0,3.84,15.083,0.802,8300.0,17480.0,4,16,,,,,,,,,,,,,,,,,,,,,,,,,,,,,,,,,,,,,,,,,,,,,,,,,,,,,,,,,,,,,
81,2,,,,,,,96,95,66,17,227.1,2730,10801,37,0,28.0,26.1;11.7;28.8;20.7;15.5;14.5;91.5;88.9;50.4;54.8;89.1;90.2;11.7;10.4;5.5;2.9;9.4;9.3;3.1;3.9;10.6;10.1;6.2;7.8,32.0,0.08,0.0,5.99,15.073,0.792,21435.0,12646.0,4,16,,,,,,,,,,,,,,,,,,,,,,,,,,,,,,,,,,,,,,,,,,,,,,,,,,,,,,,,,,,,,
81,3,,,,,,,96,95,66,16,228.5,2730,10801,36,0,20.3,14.1;1.6;14.1;9.7;6.8;3.7;87.5;89.0;42.0;41.8;89.8;81.3;0.8;2.3;0.0;0.0;0.5;0.3;0.5;0.0;0.3;0.5;0.5;1.6,31.99,0.08,0.02,3.94,15.073,0.792,9179.0,11914.0,4,16,,,,,,,,,,,,,,,,,,,,,,,,,,,,,,,,,,,,,,,,,,,,,,,,,,,,,,,,,,,,,
81,4,,,,,,,100,96,67,17,229.8,2730,10801,37,0,20.4,14.8;3.1;15.2;11.0;5.4;4.4;79.9;85.3;44.0;39.8;88.0;90.5;2.3;0.5;0.5;0.3;0.0;0.8;0.0;0.3;0.5;1.0;0.5;1.3,31.97,0.08,0.05,3.73,15.073,0.792,15820.0,32470.0,4,16,,,,,,,,,,,,,,,,,,,,,,,,,,,,,,,,,,,,,,,,,,,,,,,,,,,,,,,,,,,,,
81,5,,,,,,,100,96,66,16,230.5,2730,10801,36,0,20.9,15.9;2.3;11.2;11.7;4.4;6.0;86.8;84.9;37.1;46.4;90.4;93.0;0.8;2.1;0.3;0.0;1.0;0.5;0.3;0.5;1.6;1.6;0.8;3.1,31.95,0.08,0.0,2.37,15.077,0.796,7763.0,43212.0,4,16,,,,,,,,,,,,,,,,,,,,,,,,,,,,,,,,,,,,,,,,,,,,,,,,,,,,,,,,,,,,,
81,6,,,,,,,100,98,67,18,230.6,2730,10801,37,0,21.2,14.5;4.9;18.4;14.0;6.5;7.3;78.4;87.8;40.7;47.0;88.1;84.9;2.3;2.3;0.5;0.8;1.0;1.0;0.8;0.8;2.1;1.0;1.0;2.8,31.95,0.08,0.04,2.1,15.073,0.792,23095.0,17919.0,4,16,,,,,,,,,,,,,,,,,,,,,,,,,,,,,,,,,,,,,,,,,,,,,,,,,,,,,,,,,,,,,
81,7,,,,,,,100,98,67,18,230.1,2730,10801,37,0,20.0,14.1;2.1;11.7;13.5;3.1;4.9;81.0;86.2;40.1;48.4;81.8;88.8;0.8;1.0;0.0;0.0;0.3;0.3;0.0;0.0;0.8;0.5;0.0;1.0,31.91,0.08,0.03,1.95,15.073,0.792,4589.0,37744.0,4,16,,,,,,,,,,,,,,,,,,,,,,,,,,,,,,,,,,,,,,,,,,,,,,,,,,,,,,,,,,,,,
81,8,,,,,,,100,78,69,17,230.7,2730,10801,37,0,7.8,11.0;1.0;1.6;2.8;1.6;0.5;35.1;41.0;7.8;9.5;26.5;43.8;0.3;0.3;0.0;0.0;0.8;0.0;0.5;0.0;0.8;1.0;0.3;1.5,31.91,0.08,0.01,1.36,15.073,0.792,10351.0,18310.0,4,16,,,,,,,,,,,,,,,,,,,,,,,,,,,,,,,,,,,,,,,,,,,,,,,,,,,,,,,,,,,,,
81,9,,,,,,,97,94,67,17,227.2,2730,10801,37,0,7.3,15.7;1.6;2.2;2.7;2.2;0.5;10.3;54.3;4.3;3.3;25.0;42.7;2.2;0.5;0.0;0.0;0.0;0.5;0.0;0.0;0.5;1.1;0.5;4.3,31.91,0.08,0.0,1.4,15.073,0.792,16650.0,12548.0,4,16,,,,,,,,,,,,,,,,,,,,,,,,,,,,,,,,,,,,,,,,,,,,,,,,,,,,,,,,,,,,,
81,summary,0.29230109973679863,0.9967915144780347,0.2838625417550405,0.9992222222222222,0.00065901,47.1,,,,,,,,,,,,,,,,,,,,,,0,87.67,100,0,83.33,98,59,66.0,69,16,17.67,23,80.6,212.79,230.7,2731.7,10801.0,36.8,0,7.3,23.1,62.0,31.91,31.96,32.07,63.16,0.08,0.08,0.08,16.0,0.0,0.02,0.05,1.36,2.96,5.99,10.954,14.281,15.073,15.07,15.083,15.992,0.792,0.79,0.802,4589.0,13020.22,23095.0,11914.0,22693.67,43212.0,4,4.0,4,16,16.0,16,4,16,36.57,9.5
82,1,,,,,,,0,0,59,25,68.6,2745,10801,37,0,61.2,72.8;78.6;79.9;79.9;70.8;75.7;84.0;90.3;78.5;81.2;89.0;96.5;53.1;62.8;21.4;24.1;51.7;52.4;12.4;19.7;55.9;54.1;49.7;35.2,32.08,0.08,0.06,12.19,15.083,0.802,4736.0,14648.0,4,16,,,,,,,,,,,,,,,,,,,,,,,,,,,,,,,,,,,,,,,,,,,,,,,,,,,,,,,,,,,,,
82,2,,,,,,,96,94,67,17,227.5,2730,10801,37,0,27.4,21.5;12.7;24.4;19.7;15.8;17.1;92.8;86.0;50.9;55.3;85.3;93.3;10.9;10.6;3.1;2.6;11.2;10.4;1.3;0.8;8.8;9.1;5.4;8.0,32.01,0.08,0.0,5.0,15.073,0.792,24951.0,37304.0,4,16,,,,,,,,,,,,,,,,,,,,,,,,,,,,,,,,,,,,,,,,,,,,,,,,,,,,,,,,,,,,,
82,3,,,,,,,96,94,66,17,227.4,2730,10801,37,0,19.9,9.8;1.6;10.2;9.1;3.7;3.9;78.6;87.2;48.6;44.4;79.1;94.0;1.0;1.8;0.0;0.0;1.3;1.0;0.5;0.5;0.0;0.0;0.0;2.6,31.99,0.08,0.02,4.93,15.073,0.792,10302.0,22167.0,4,16,,,,,,,,,,,,,,,,,,,,,,,,,,,,,,,,,,,,,,,,,,,,,,,,,,,,,,,,,,,,,
82,4,,,,,,,100,76,67,16,218.1,2730,10801,37,0,20.6,16.4;2.6;14.6;12.3;4.4;4.9;69.2;75.6;42.4;51.7;93.9;95.1;1.8;2.1;0.0;0.0;0.5;1.5;0.3;0.5;0.8;1.0;1.0;0.8,31.98,0.08,0.01,3.03,15.073,0.792,5615.0,31542.0,4,16,,,,,,,,,,,,,,,,,,,,,,,,,,,,,,,,,,,,,,,,,,,,,,,,,,,,,,,,,,,,,
82,5,,,,,,,100,76,67,17,230.2,2730,10801,37,0,21.8,19.7;3.9;16.9;8.8;8.0;6.0;96.4;89.6;35.9;43.9;89.6;87.0;3.4;2.8;0.8;0.5;2.1;1.8;0.5;0.0;1.6;1.0;0.8;2.3,31.95,0.08,0.01,3.13,15.077,0.796,29150.0,9765.0,4,16,,,,,,,,,,,,,,,,,,,,,,,,,,,,,,,,,,,,,,,,,,,,,,,,,,,,,,,,,,,,,
82,6,,,,,,,100,76,67,16,230.2,2730,10801,37,0,20.3,12.3;2.1;14.6;5.7;3.7;3.1;84.3;89.8;37.1;46.0;91.7;90.9;0.8;1.3;0.5;0.0;0.8;0.0;0.0;0.3;0.8;0.3;0.0;1.3,31.92,0.08,0.01,2.12,15.073,0.792,4394.0,44580.0,4,16,,,,,,,,,,,,,,,,,,,,,,,,,,,,,,,,,,,,,,,,,,,,,,,,,,,,,,,,,,,,,
82,7,,,,,,,100,77,67,17,230.6,2730,10801,37,0,20.4,13.4;2.9;17.9;8.3;4.2;6.0;84.4;91.7;44.9;46.9;81.2;79.4;0.3;1.3;0.0;0.5;1.0;0.5;0.5;0.0;1.3;0.3;0.3;1.8,31.93,0.08,0.03,1.62,15.073,0.792,4443.0,30517.0,4,16,,,,,,,,,,,,,,,,,,,,,,,,,,,,,,,,,,,,,,,,,,,,,,,,,,,,,,,,,,,,,
82,8,,,,,,,96,82,68,17,220.3,2730,10801,36,0,7.4,13.8;1.0;3.4;3.6;1.6;0.5;53.4;25.8;6.7;6.2;27.6;30.9;0.5;0.3;0.3;0.0;0.3;0.0;0.0;0.0;0.3;0.0;0.3;1.3,31.92,0.08,0.0,1.7,15.073,0.792,5566.0,40136.0,4,16,,,,,,,,,,,,,,,,,,,,,,,,,,,,,,,,,,,,,,,,,,,,,,,,,,,,,,,,,,,,,
82,9,,,,,,,100,100,67,16,230.4,2730,10801,36,0,6.9,18.4;0.5;2.2;2.2;1.1;2.2;19.0;46.7;8.1;2.7;31.0;27.2;0.5;0.0;0.0;0.0;0.0;0.0;0.0;0.0;0.0;0.0;0.0;2.7,31.92,0.08,0.0,1.46,15.073,0.792,25732.0,17968.0,4,16,,,,,,,,,,,,,,,,,,,,,,,,,,,,,,,,,,,,,,,,,,,,,,,,,,,,,,,,,,,,,
82,summary,0.29189952719457735,0.9969440826327343,0.2837791779836019,0.9993333333333333,0.00065145,47.1,,,,,,,,,,,,,,,,,,,,,,0,87.56,100,0,75.0,100,59,66.11,68,16,17.56,25,68.6,209.26,230.6,2731.7,10801.0,36.8,0,6.9,22.88,61.2,31.92,31.97,32.08,63.16,0.08,0.08,0.08,16.0,0.0,0.02,0.06,1.46,3.91,12.19,10.955,14.281,15.073,15.07,15.083,15.992,0.792,0.79,0.802,4394.0,12765.44,29150.0,9765.0,27625.22,44580.0,4,4.0,4,16,16.0,16,4,16,36.56,9.5
83,1,,,,,,,22,21,61,26,58.2,1485,10801,37,0,61.8,75.5;81.5;87.0;86.9;82.8;81.4;91.0;95.2;84.2;80.7;89.7;95.2;61.0;62.3;21.8;15.8;48.3;53.4;17.0;12.1;37.7;44.2;38.4;41.8,32.1,0.08,0.0,11.9,15.083,0.802,16552.0,10253.0,4,16,,,,,,,,,,,,,,,,,,,,,,,,,,,,,,,,,,,,,,,,,,,,,,,,,,,,,,,,,,,,,
83,2,,,,,,,100,100,66,18,229.4,2730,10801,37,0,27.5,23.0;11.7;27.0;24.7;15.1;15.3;87.8;83.6;49.1;51.9;86.8;87.5;10.7;10.9;5.5;4.7;9.6;8.6;3.9;3.6;9.1;9.1;10.2;10.6,32.03,0.08,0.0,5.0,15.073,0.792,4394.0,27490.0,4,16,,,,,,,,,,,,,,,,,,,,,,,,,,,,,,,,,,,,,,,,,,,,,,,,,,,,,,,,,,,,,
83,3,,,,,,,100,100,66,18,228.3,2730,10801,37,0,21.1,11.7;3.4;15.6;15.1;4.9;6.5;88.6;90.1;35.4;45.3;86.0;89.9;1.6;2.3;1.0;0.8;1.0;1.3;0.8;1.0;1.3;1.0;0.5;0.5,32.01,0.08,0.02,4.13,15.073,0.792,4394.0,35400.0,4,16,,,,,,,,,,,,,,,,,,,,,,,,,,,,,,,,,,,,,,,,,,,,,,,,,,,,,,,,,,,,,
83,4,,,,,,,100,100,66,16,229.4,2730,10801,37,0,20.6,14.5;1.8;17.7;13.5;5.7;6.0;81.3;87.5;40.8;52.2;80.5;84.4;1.3;1.6;0.8;0.5;1.0;0.3;0.3;1.0;1.8;0.5;0.3;0.5,31.97,0.08,0.0,3.86,15.073,0.792,7470.0,31542.0,4,16,,,,,,,,,,,,,,,,,,,,,,,,,,,,,,,,,,,,,,,,,,,,,,,,,,,,,,,,,,,,,
83,5,,,,,,,100,78,66,17,229.3,2730,10801,37,0,19.9,13.0;2.6;13.8;11.5;2.8;5.4;81.8;85.2;29.8;49.1;93.4;83.9;1.8;0.8;0.3;0.5;0.8;0.0;0.3;0.3;0.8;0.5;0.0;0.0,31.95,0.08,0.01,2.57,15.073,0.792,15478.0,9619.0,4,16,,,,,,,,,,,,,,,,,,,,,,,,,,,,,,,,,,,,,,,,,,,,,,,,,,,,,,,,,,,,,
83,6,,,,,,,100,81,67,15,229.2,2730,10801,37,0,20.8,12.8;2.1;14.4;13.7;4.1;5.9;89.9;89.7;41.6;39.7;85.6;91.0;0.8;1.3;0.5;0.5;0.8;0.8;0.5;0.5;1.0;1.6;0.3;0.5,31.93,0.08,0.0,2.54,15.073,0.792,22265.0,238134.0,4,16,,,,,,,,,,,,,,,,,,,,,,,,,,,,,,,,,,,,,,,,,,,,,,,,,,,,,,,,,,,,,
83,7,,,,,,,96,95,69,17,227.1,2730,10801,37,0,19.7,13.4;2.1;14.6;11.2;2.6;5.2;91.1;88.8;36.1;45.1;81.5;73.8;1.3;0.5;0.8;0.5;0.3;0.8;0.0;0.3;2.3;0.3;0.3;0.0,31.93,0.08,0.0,1.56,15.073,0.792,24267.0,88183.0,4,16,,,,,,,,,,,,,,,,,,,,,,,,,,,,,,,,,,,,,,,,,,,,,,,,,,,,,,,,,,,,,
83,8,,,,,,,96,93,69,17,227.7,2730,10801,37,0,8.4,13.6;0.8;2.4;3.4;2.6;2.4;23.6;35.0;4.7;9.4;38.5;56.2;0.8;1.0;0.5;0.0;1.6;0.3;0.5;0.3;1.3;0.5;0.5;0.5,31.92,0.08,0.04,1.84,15.073,0.792,9326.0,11962.0,4,16,,,,,,,,,,,,,,,,,,,,,,,,,,,,,,,,,,,,,,,,,,,,,,,,,,,,,,,,,,,,,
83,9,,,,,,,100,82,68,17,220.2,2730,10801,37,0,6.9,16.6;0.5;1.6;2.1;0.5;1.6;34.9;28.6;6.3;4.2;24.7;37.4;0.0;1.6;0.0;0.0;0.0;0.0;0.0;0.0;2.1;0.0;1.1;1.1,31.91,0.08,0.0,1.39,15.073,0.792,29296.0,12255.0,4,16,,,,,,,,,,,,,,,,,,,,,,,,,,,,,,,,,,,,,,,,,,,,,,,,,,,,,,,,,,,,,
83,summary,0.29210635909577093,0.9967573574284752,0.2837181764973534,0.9994444444444445,0.00064384,47.2,,,,,,,,,,,,,,,,,,,,,,22,90.44,100,21,83.33,100,61,66.44,69,15,17.89,26,58.2,208.76,229.4,2591.7,10801.0,37.0,0,6.9,22.97,61.8,31.91,31.97,32.1,63.16,0.08,0.08,0.08,16.0,0.0,0.01,0.04,1.39,3.87,11.9,10.954,14.281,15.073,15.07,15.083,15.992,0.792,0.79,0.802,4394.0,14826.89,29296.0,9619.0,51648.67,238134.0,4,4.0,4,16,16.0,16,4,16,36.69,9.45
84,1,,,,,,,0,0,59,26,80.2,2745,10801,37,0,62.4,77.0;82.2;88.9;86.8;84.0;84.7;91.7;93.8;80.6;86.8;91.7;92.4;66.2;68.3;20.1;25.2;49.3;50.0;12.2;11.0;47.6;48.3;28.6;36.9,32.08,0.08,0.0,3.75,15.083,0.802,6396.0,15771.0,4,16,,,,,,,,,,,,,,,,,,,,,,,,,,,,,,,,,,,,,,,,,,,,,,,,,,,,,,,,,,,,,
84,2,,,,,,,100,77,67,18,229.1,2730,10801,37,0,28.2,22.5;14.1;30.7;26.3;16.2;16.1;84.6;89.6;49.2;60.2;86.5;88.0;11.7;12.0;5.7;3.1;10.2;11.2;2.1;1.0;8.6;10.2;7.6;10.5,32.02,0.08,0.02,6.08,15.073,0.792,22314.0,12646.0,4,16,,,,,,,,,,,,,,,,,,,,,,,,,,,,,,,,,,,,,,,,,,,,,,,,,,,,,,,,,,,,,
84,3,,,,,,,100,77,67,18,229.9,2730,10801,37,0,20.4,15.1;2.1;15.7;7.8;5.2;2.3;89.6;84.1;42.4;46.9;82.8;89.6;2.6;1.3;0.0;0.0;0.3;0.3;0.3;0.0;0.3;0.5;0.8;0.8,31.98,0.08,0.0,3.89,15.073,0.792,22460.0,18554.0,4,16,,,,,,,,,,,,,,,,,,,,,,,,,,,,,,,,,,,,,,,,,,,,,,,,,,,,,,,,,,,,,
84,4,,,,,,,100,75,67,17,230.4,2730,10801,37,0,19.6,12.6;1.8;17.7;8.1;5.2;2.1;81.8;78.2;43.6;48.8;80.8;88.3;0.8;0.3;0.0;0.3;0.0;0.3;0.0;0.0;0.5;0.3;0.3;0.3,31.95,0.08,0.0,3.72,15.073,0.792,25097.0,11083.0,4,16,,,,,,,,,,,,,,,,,,,,,,,,,,,,,,,,,,,,,,,,,,,,,,,,,,,,,,,,,,,,,
84,5,,,,,,,96,95,70,18,218.1,2730,10801,37,0,20.4,15.5;2.3;16.2;10.5;6.7;3.6;80.0;78.5;43.7;50.8;78.1;89.7;2.1;2.6;0.3;1.3;0.3;0.3;0.3;0.5;0.8;1.0;2.6;2.0,31.94,0.08,0.07,2.43,15.073,0.792,31152.0,44775.0,4,16,,,,,,,,,,,,,,,,,,,,,,,,,,,,,,,,,,,,,,,,,,,,,,,,,,,,,,,,,,,,,
84,6,,,,,,,96,95,70,17,228.7,2730,10801,37,0,21.0,16.6;3.4;16.4;10.1;6.2;4.7;85.9;90.6;48.2;38.8;84.4;85.4;2.1;1.6;0.0;1.0;1.0;0.5;0.8;0.3;1.8;1.3;1.3;1.3,31.94,0.08,0.0,2.07,15.073,0.792,6347.0,21630.0,4,16,,,,,,,,,,,,,,,,,,,,,,,,,,,,,,,,,,,,,,,,,,,,,,,,,,,,,,,,,,,,,
84,7,,,,,,,96,95,70,14,230.6,2730,10801,37,0,21.5,15.6;3.9;17.4;14.6;5.2;7.8;76.6;78.9;47.7;48.8;93.5;86.5;3.4;2.3;1.3;0.3;1.6;1.3;0.0;0.8;1.8;2.3;1.3;1.6,31.93,0.08,0.0,1.89,15.073,0.792,24316.0,22607.0,4,16,,,,,,,,,,,,,,,,,,,,,,,,,,,,,,,,,,,,,,,,,,,,,,,,,,,,,,,,,,,,,
84,8,,,,,,,100,76,69,17,231.0,2730,10801,37,0,7.5,11.2;0.8;2.9;3.4;1.0;0.8;39.1;36.1;8.4;5.5;16.3;51.7;1.0;0.8;0.0;0.0;0.0;0.0;0.0;0.0;0.5;0.0;0.3;0.8,31.91,0.08,0.01,1.4,15.073,0.792,7373.0,37207.0,4,16,,,,,,,,,,,,,,,,,,,,,,,,,,,,,,,,,,,,,,,,,,,,,,,,,,,,,,,,,,,,,
84,9,,,,,,,97,97,66,17,228.6,2730,10801,37,0,7.2,15.0;1.1;3.2;1.6;1.1;1.6;54.3;25.7;2.2;5.3;43.5;12.9;0.5;0.0;0.0;0.0;0.0;0.0;0.0;0.0;0.0;0.0;1.6;1.6,31.91,0.08,0.02,1.44,15.073,0.792,29492.0,12890.0,4,16,,,,,,,,,,,,,,,,,,,,,,,,,,,,,,,,,,,,,,,,,,,,,,,,,,,,,,,,,,,,,
84,summary,0.2920888744836401,0.9968256715275944,0.2834933337635464,0.9996666666666667,0.00063620,47.0,,,,,,,,,,,,,,,,,,,,,,0,87.22,100,0,76.33,97,59,67.22,70,14,18.0,26,80.2,211.84,231.0,2731.7,10801.0,37.0,0,7.2,23.13,62.4,31.91,31.96,32.08,63.16,0.08,0.08,0.08,16.0,0.0,0.01,0.07,1.4,2.96,6.08,10.951,14.281,15.073,15.07,15.083,15.992,0.792,0.79,0.802,6347.0,19438.56,31152.0,11083.0,21907.0,44775.0,4,4.0,4,16,16.0,16,4,16,36.86,9.08
85,1,,,,,,,79,67,60,23,64.2,1425,10801,37,0,61.6,78.8;80.1;86.2;83.4;80.8;80.0;86.9;97.9;80.8;76.0;89.7;93.1;59.2;59.6;25.3;26.0;44.8;53.1;22.8;21.4;41.8;48.3;34.9;28.8,32.1,0.08,0.0,12.69,15.083,0.802,4199.0,25195.0,4,16,,,,,,,,,,,,,,,,,,,,,,,,,,,,,,,,,,,,,,,,,,,,,,,,,,,,,,,,,,,,,
85,2,,,,,,,100,76,68,18,230.4,2730,10801,37,0,27.5,25.2;11.5;22.1;27.1;15.8;16.5;93.4;96.9;52.7;50.0;80.6;86.2;11.0;10.2;3.8;3.3;9.2;8.9;1.8;0.8;7.1;8.7;7.7;9.1,32.02,0.08,0.03,7.1,15.073,0.792,13330.0,38916.0,4,16,,,,,,,,,,,,,,,,,,,,,,,,,,,,,,,,,,,,,,,,,,,,,,,,,,,,,,,,,,,,,
85,3,,,,,,,100,80,69,18,229.9,2730,10801,37,0,20.7,16.0;2.3;11.5;14.1;4.7;4.2;87.6;83.9;40.1;50.3;85.2;85.7;2.3;1.3;0.5;0.3;1.8;0.8;0.3;0.8;0.3;0.3;1.3;2.3,32.0,0.08,0.05,4.46,15.073,0.792,10302.0,26660.0,4,16,,,,,,,,,,,,,,,,,,,,,,,,,,,,,,,,,,,,,,,,,,,,,,,,,,,,,,,,,,,,,
85,4,,,,,,,100,77,68,18,230.5,2730,10801,37,0,20.3,15.7;2.6;12.5;14.3;4.2;3.9;82.8;76.8;43.6;45.4;83.3;93.5;0.8;1.3;0.0;0.8;1.0;0.8;0.0;0.3;0.0;1.0;0.5;1.3,31.98,0.08,0.02,3.73,15.073,0.792,7226.0,12695.0,4,16,,,,,,,,,,,,,,,,,,,,,,,,,,,,,,,,,,,,,,,,,,,,,,,,,,,,,,,,,,,,,
85,5,,,,,,,100,83,69,15,230.3,2730,10801,37,0,21.3,13.6;4.7;19.3;13.0;5.7;7.0;85.4;85.7;32.0;50.8;84.6;88.5;2.9;3.9;1.3;1.0;1.0;0.8;0.8;1.3;2.6;1.8;1.6;3.6,31.95,0.08,0.0,3.55,15.077,0.796,17919.0,12744.0,4,16,,,,,,,,,,,,,,,,,,,,,,,,,,,,,,,,,,,,,,,,,,,,,,,,,,,,,,,,,,,,,
85,6,,,,,,,97,76,67,17,229.5,2730,10801,37,0,21.7,18.5;5.9;14.3;11.5;7.4;7.9;85.3;90.2;36.3;40.0;93.6;91.6;1.8;2.3;1.0;1.0;0.8;1.5;0.0;0.8;3.6;2.3;1.3;3.3,31.95,0.08,0.01,2.23,15.073,0.792,25439.0,32226.0,4,16,,,,,,,,,,,,,,,,,,,,,,,,,,,,,,,,,,,,,,,,,,,,,,,,,,,,,,,,,,,,,
85,7,,,,,,,98,80,67,14,229.2,2730,10801,37,0,21.3,13.9;2.9;18.1;8.3;7.8;3.6;86.2;82.8;43.1;55.2;88.6;90.9;1.8;2.3;0.5;0.3;0.3;0.5;0.0;0.0;0.8;1.6;0.3;1.0,31.94,0.08,0.0,2.38,15.073,0.792,4589.0,20117.0,4,16,,,,,,,,,,,,,,,,,,,,,,,,,,,,,,,,,,,,,,,,,,,,,,,,,,,,,,,,,,,,,
85,8,,,,,,,98,81,67,18,230.4,2730,10801,37,0,8.1,12.4;0.5;3.4;4.2;2.1;2.6;39.6;35.2;8.4;4.7;31.2;46.7;0.3;0.8;0.0;0.3;0.3;0.3;0.0;0.3;0.5;0.3;0.0;0.8,31.91,0.08,0.0,1.38,15.073,0.792,6347.0,44042.0,4,16,,,,,,,,,,,,,,,,,,,,,,,,,,,,,,,,,,,,,,,,,,,,,,,,,,,,,,,,,,,,,
85,9,,,,,,,100,100,68,18,229.6,2730,10801,37,0,8.0,12.4;2.7;2.2;1.6;0.5;1.6;30.9;40.0;5.4;7.0;60.5;18.4;0.0;0.0;0.5;0.0;0.0;0.0;0.0;0.5;1.6;2.2;1.1;1.6,31.91,0.08,0.02,1.5,15.073,0.792,15771.0,41064.0,4,16,,,,,,,,,,,,,,,,,,,,,,,,,,,,,,,,,,,,,,,,,,,,,,,,,,,,,,,,,,,,,
85,summary,0.29183828268723966,0.9969486369060089,0.2833234252664778,0.9996666666666667,0.00062852,47.1,,,,,,,,,,,,,,,,,,,,,,79,96.89,100,67,80.0,100,60,67.0,69,14,17.67,23,64.2,211.56,230.5,2585.0,10801.0,37.0,0,8.0,23.39,61.6,31.91,31.97,32.1,63.16,0.08,0.08,0.08,16.0,0.0,0.01,0.05,1.38,4.34,12.69,10.952,14.281,15.073,15.07,15.083,15.992,0.792,0.79,0.802,4199.0,11680.22,25439.0,12695.0,28184.33,44042.0,4,4.0,4,16,16.0,16,4,16,36.91,9.19
86,1,,,,,,,0,0,59,23,69.7,1590,10801,37,0,60.4,75.7;77.1;87.4;84.6;80.7;80.0;91.7;92.4;81.8;83.2;95.2;88.8;59.7;56.2;20.8;22.8;50.7;52.1;9.7;13.1;39.3;39.6;34.7;33.3,32.11,0.08,0.06,5.65,15.083,0.802,23876.0,37158.0,4,16,,,,,,,,,,,,,,,,,,,,,,,,,,,,,,,,,,,,,,,,,,,,,,,,,,,,,,,,,,,,,
86,2,,,,,,,100,75,69,17,218.9,2730,10801,37,0,28.4,25.3;11.0;32.2;28.6;16.4;15.6;90.5;91.3;43.9;61.0;90.3;82.6;11.6;12.1;2.3;3.6;10.0;9.8;1.8;2.8;10.0;10.0;8.0;9.7,32.03,0.08,0.2,6.16,15.073,0.792,5615.0,34033.0,4,16,,,,,,,,,,,,,,,,,,,,,,,,,,,,,,,,,,,,,,,,,,,,,,,,,,,,,,,,,,,,,
86,3,,,,,,,100,76,69,17,230.2,2730,10801,37,0,20.9,18.6;2.9;15.6;15.1;7.3;6.2;81.3;74.9;49.6;36.2;89.6;94.0;1.6;1.6;0.0;0.3;1.8;0.8;0.5;0.3;0.8;1.6;0.5;0.3,32.01,0.08,0.01,5.76,15.073,0.792,4785.0,18261.0,4,16,,,,,,,,,,,,,,,,,,,,,,,,,,,,,,,,,,,,,,,,,,,,,,,,,,,,,,,,,,,,,
86,4,,,,,,,100,77,69,16,230.4,2730,10801,37,0,22.2,19.3;4.9;13.8;18.4;5.2;5.7;83.3;86.3;50.1;42.2;93.5;92.2;2.3;3.4;1.3;1.6;1.0;1.6;0.5;0.5;1.6;1.0;0.8;1.3,31.98,0.08,0.05,4.54,15.073,0.792,4931.0,33300.0,4,16,,,,,,,,,,,,,,,,,,,,,,,,,,,,,,,,,,,,,,,,,,,,,,,,,,,,,,,,,,,,,
86,5,,,,,,,100,82,70,17,229.9,2730,10801,37,0,20.1,15.2;1.8;13.5;14.3;4.7;5.7;84.1;81.5;42.7;33.8;89.9;82.3;1.8;2.6;1.6;1.3;0.8;1.3;0.5;0.0;1.0;0.8;0.5;0.5,31.98,0.08,0.03,3.11,15.077,0.796,4394.0,40722.0,4,16,,,,,,,,,,,,,,,,,,,,,,,,,,,,,,,,,,,,,,,,,,,,,,,,,,,,,,,,,,,,,
86,6,,,,,,,96,79,66,17,219.4,2730,10801,37,0,20.3,16.1;2.3;11.1;13.6;4.1;5.4;87.5;90.0;35.6;53.0;77.9;78.2;3.3;1.3;0.5;0.3;1.8;0.0;0.5;0.0;0.3;1.8;0.5;1.5,31.96,0.08,0.01,3.26,15.073,0.792,16210.0,10839.0,4,16,,,,,,,,,,,,,,,,,,,,,,,,,,,,,,,,,,,,,,,,,,,,,,,,,,,,,,,,,,,,,
86,7,,,,,,,97,77,67,17,229.0,2730,10801,37,0,20.6,14.3;1.8;12.0;16.8;5.5;4.7;76.4;79.6;45.3;49.7;86.8;91.4;1.3;1.8;0.8;0.5;1.0;0.8;0.3;0.8;0.8;0.5;0.5;1.6,31.97,0.08,0.01,2.07,15.073,0.792,7031.0,23291.0,4,16,,,,,,,,,,,,,,,,,,,,,,,,,,,,,,,,,,,,,,,,,,,,,,,,,,,,,,,,,,,,,
86,8,,,,,,,99,82,67,17,230.0,2730,10801,37,0,7.7,10.8;1.3;3.9;3.1;1.8;1.3;19.9;55.8;3.7;6.8;27.2;44.5;0.8;0.5;0.3;0.0;0.3;0.3;0.0;0.3;0.8;0.0;0.3;0.8,31.93,0.08,0.0,1.7,15.073,0.792,8154.0,13574.0,4,16,,,,,,,,,,,,,,,,,,,,,,,,,,,,,,,,,,,,,,,,,,,,,,,,,,,,,,,,,,,,,
86,9,,,,,,,98,98,67,16,228.7,2730,10801,37,0,7.6,14.7;0.0;3.8;3.8;1.6;1.6;43.5;41.1;6.5;5.4;38.4;14.2;2.2;0.5;0.0;0.0;1.1;0.5;0.0;0.0;1.1;0.0;0.0;0.5,31.92,0.08,0.0,1.47,15.073,0.792,17187.0,28857.0,4,16,,,,,,,,,,,,,,,,,,,,,,,,,,,,,,,,,,,,,,,,,,,,,,,,,,,,,,,,,,,,,
86,summary,0.29166986647609655,0.9969326969495478,0.28349759075376724,0.9995555555555555,0.00062082,47.0,,,,,,,,,,,,,,,,,,,,,,0,87.78,100,0,71.78,98,59,67.0,70,16,17.44,23,69.7,209.58,230.4,2603.3,10801.0,37.0,0,7.6,23.13,60.4,31.92,31.99,32.11,63.16,0.08,0.08,0.08,16.0,0.0,0.04,0.2,1.47,3.75,6.16,10.953,14.281,15.073,15.07,15.083,15.992,0.792,0.79,0.802,4394.0,10242.56,23876.0,10839.0,26670.56,40722.0,4,4.0,4,16,16.0,16,4,16,36.56,9.43
87,1,,,,,,,57,54,58,26,60.6,1470,10801,37,0,59.4,77.7;80.1;85.5;84.8;86.1;86.1;93.8;87.5;83.3;81.9;88.9;91.0;55.9;58.6;18.6;16.0;47.6;47.9;8.3;8.3;40.7;41.4;27.6;28.3,32.09,0.08,0.0,3.84,15.083,0.802,29833.0,25878.0,4,16,,,,,,,,,,,,,,,,,,,,,,,,,,,,,,,,,,,,,,,,,,,,,,,,,,,,,,,,,,,,,
87,2,,,,,,,96,93,67,16,226.6,2730,10801,37,0,27.5,25.2;13.3;29.4;21.0;19.5;14.3;75.6;82.3;45.6;60.7;96.9;93.8;10.4;11.2;2.6;4.2;9.6;10.2;2.9;1.6;7.5;9.4;4.7;8.1,32.02,0.08,0.0,6.01,15.073,0.792,4443.0,23779.0,4,16,,,,,,,,,,,,,,,,,,,,,,,,,,,,,,,,,,,,,,,,,,,,,,,,,,,,,,,,,,,,,
87,3,,,,,,,100,84,66,17,230.0,2730,10801,37,0,19.9,15.7;1.5;13.8;9.9;4.1;4.6;77.7;75.7;39.1;57.7;88.3;81.6;1.3;1.5;0.8;0.5;0.8;0.5;0.5;0.5;0.8;0.5;0.5;0.0,32.0,0.08,0.01,3.83,15.073,0.792,4687.0,20849.0,4,16,,,,,,,,,,,,,,,,,,,,,,,,,,,,,,,,,,,,,,,,,,,,,,,,,,,,,,,,,,,,,
87,4,,,,,,,100,81,66,15,230.4,2730,10801,37,0,20.0,14.5;1.6;12.2;11.5;3.9;2.6;77.4;84.6;45.8;49.0;81.8;87.8;1.6;0.5;0.5;0.0;0.8;0.5;0.3;0.0;0.3;0.3;0.3;1.0,31.98,0.08,0.01,3.74,15.073,0.792,4785.0,42480.0,4,16,,,,,,,,,,,,,,,,,,,,,,,,,,,,,,,,,,,,,,,,,,,,,,,,,,,,,,,,,,,,,
87,5,,,,,,,100,76,67,17,230.8,2730,10801,37,0,20.4,12.2;3.1;14.3;8.4;4.2;4.2;91.1;84.9;43.6;44.8;82.0;86.4;1.8;1.0;0.8;1.0;0.8;0.5;0.5;1.6;1.3;0.8;1.0;0.5,31.97,0.08,0.0,2.38,15.077,0.796,7617.0,78076.0,4,16,,,,,,,,,,,,,,,,,,,,,,,,,,,,,,,,,,,,,,,,,,,,,,,,,,,,,,,,,,,,,
87,6,,,,,,,100,79,66,17,231.1,2730,10801,37,0,20.5,15.8;1.8;9.1;13.0;5.5;4.9;91.5;88.3;39.0;49.1;80.3;86.5;0.3;1.8;0.5;0.5;0.0;1.0;0.5;0.5;0.8;0.3;0.5;1.3,31.95,0.08,0.01,2.04,15.073,0.792,4931.0,15234.0,4,16,,,,,,,,,,,,,,,,,,,,,,,,,,,,,,,,,,,,,,,,,,,,,,,,,,,,,,,,,,,,,
87,7,,,,,,,96,90,69,16,228.2,2730,10801,37,0,20.6,17.1;3.1;11.3;13.8;5.6;4.1;84.1;86.4;42.2;54.9;75.6;85.4;1.8;1.8;0.0;0.8;1.5;0.3;0.3;0.5;2.3;0.8;1.0;1.5,31.92,0.08,0.0,1.87,15.073,0.792,31152.0,77343.0,4,16,,,,,,,,,,,,,,,,,,,,,,,,,,,,,,,,,,,,,,,,,,,,,,,,,,,,,,,,,,,,,
87,8,,,,,,,97,91,69,17,228.4,2730,10801,37,0,11.4,15.1;5.2;6.6;8.9;6.6;4.7;34.1;45.3;11.0;15.6;38.7;58.7;3.9;2.9;1.0;0.5;2.4;1.6;1.6;0.8;1.6;1.3;1.0;2.6,32.02,0.08,4.43,2.46,15.073,0.792,5322.0,153320.0,4,16,,,,,,,,,,,,,,,,,,,,,,,,,,,,,,,,,,,,,,,,,,,,,,,,,,,,,,,,,,,,,
87,9,,,,,,,100,96,68,17,231.0,2730,10801,37,0,6.7,15.7;0.0;0.5;2.7;1.1;2.2;44.3;28.4;3.8;5.5;16.2;37.7;0.0;0.0;0.0;0.0;0.0;0.0;0.0;0.0;1.1;0.0;0.0;0.0,32.02,0.08,0.19,1.86,15.073,0.792,30322.0,12841.0,4,16,,,,,,,,,,,,,,,,,,,,,,,,,,,,,,,,,,,,,,,,,,,,,,,,,,,,,,,,,,,,,
87,summary,0.2918935941471397,0.9968848770801643,0.28355027532577515,0.9996666666666667,0.00061308,47.1,,,,,,,,,,,,,,,,,,,,,,57,94.0,100,54,82.67,96,58,66.22,69,15,17.56,26,60.6,210.79,231.1,2590.0,10801.0,37.0,0,6.7,22.93,59.4,31.92,32.0,32.09,63.16,0.08,0.08,0.08,16.0,0.0,0.52,4.43,1.86,3.11,6.01,10.953,14.281,15.073,15.07,15.083,15.992,0.792,0.79,0.802,4443.0,13676.89,31152.0,12841.0,49977.78,153320.0,4,4.0,4,16,16.0,16,4,16,36.63,9.46
88,1,,,,,,,0,0,59,25,70.8,2745,10801,37,0,61.6,77.6;78.6;84.7;85.4;79.9;84.0;93.8;90.3;81.2;84.0;93.1;91.0;60.0;61.0;17.9;22.2;51.7;60.7;10.3;14.5;45.1;46.2;35.4;31.7,32.19,0.08,0.17,12.53,15.083,0.802,4589.0,16552.0,4,16,,,,,,,,,,,,,,,,,,,,,,,,,,,,,,,,,,,,,,,,,,,,,,,,,,,,,,,,,,,,,
88,2,,,,,,,100,96,65,17,230.0,2730,10801,37,0,28.1,25.5;12.9;29.8;30.4;15.6;15.5;89.2;80.2;41.6;62.6;83.8;94.1;10.9;10.1;5.2;6.0;9.3;9.3;4.1;5.2;7.7;8.0;8.5;9.5,32.11,0.08,0.14,5.31,15.073,0.792,4736.0,23437.0,4,16,,,,,,,,,,,,,,,,,,,,,,,,,,,,,,,,,,,,,,,,,,,,,,,,,,,,,,,,,,,,,
88,3,,,,,,,100,82,68,17,226.6,2730,10801,37,0,19.8,18.8;1.8;13.1;13.3;4.9;5.6;75.2;81.0;36.6;41.5;87.7;89.5;1.0;0.8;0.0;0.8;0.8;0.3;0.0;0.0;0.3;0.0;0.0;1.5,32.1,0.08,0.04,4.88,15.073,0.792,6152.0,16650.0,4,16,,,,,,,,,,,,,,,,,,,,,,,,,,,,,,,,,,,,,,,,,,,,,,,,,,,,,,,,,,,,,
88,4,,,,,,,98,82,67,16,228.8,2730,10801,37,0,20.7,14.8;3.4;11.4;10.7;5.7;6.5;93.3;86.2;38.3;48.1;82.6;82.8;1.6;1.6;0.5;0.5;1.0;0.3;0.3;0.8;1.3;0.5;1.8;2.3,32.08,0.08,0.0,3.06,15.073,0.792,63574.0,14160.0,4,16,,,,,,,,,,,,,,,,,,,,,,,,,,,,,,,,,,,,,,,,,,,,,,,,,,,,,,,,,,,,,
88,5,,,,,,,99,76,67,23,230.3,2730,10801,37,0,21.3,16.1;5.3;20.5;11.5;10.0;7.4;92.8;85.2;39.6;42.7;78.5;83.5;1.7;4.8;1.0;0.2;2.6;1.4;0.5;0.7;1.4;1.2;1.4;1.9,32.27,0.08,0.33,3.56,15.219,0.938,294287.0,1448828.0,4,16,,,,,,,,,,,,,,,,,,,,,,,,,,,,,,,,,,,,,,,,,,,,,,,,,,,,,,,,,,,,,
88,6,,,,,,,96,91,67,17,225.0,2730,10801,37,0,22.9,18.8;8.6;16.8;25.5;11.6;14.3;84.7;85.6;40.7;52.0;74.8;81.7;4.7;7.9;2.0;1.7;3.4;3.5;1.2;0.2;3.2;3.0;1.2;3.2,32.2,0.08,0.37,4.42,15.312,1.031,3906.0,20751.0,4,16,,,,,,,,,,,,,,,,,,,,,,,,,,,,,,,,,,,,,,,,,,,,,,,,,,,,,,,,,,,,,
88,7,,,,,,,100,100,66,19,226.5,2730,10801,37,0,19.6,12.9;3.0;17.8;9.7;6.5;1.0;90.1;85.6;35.6;37.2;83.1;84.1;0.7;0.2;0.0;0.0;0.2;0.7;0.2;0.2;0.0;0.0;0.2;0.0,32.18,0.08,0.12,1.71,15.312,1.031,3515.0,31152.0,4,16,,,,,,,,,,,,,,,,,,,,,,,,,,,,,,,,,,,,,,,,,,,,,,,,,,,,,,,,,,,,,
88,8,,,,,,,97,94,68,17,226.4,2730,10801,37,0,8.3,11.8;1.5;1.5;3.0;2.3;1.0;46.6;28.4;5.1;6.9;53.0;34.4;0.3;0.8;0.0;0.3;0.3;0.0;0.0;0.0;0.5;0.3;0.0;0.3,32.17,0.08,0.03,1.74,15.312,1.031,8349.0,26562.0,4,16,,,,,,,,,,,,,,,,,,,,,,,,,,,,,,,,,,,,,,,,,,,,,,,,,,,,,,,,,,,,,
88,9,,,,,,,97,95,69,17,226.0,2730,10801,37,0,9.7,18.3;1.6;7.3;5.8;1.1;2.6;36.8;29.3;9.9;12.6;19.8;71.7;2.1;3.7;0.5;0.5;1.6;1.6;1.1;0.5;0.0;2.6;0.0;0.0,32.14,0.08,0.0,6.89,15.315,1.034,5664.0,17529.0,4,16,,,,,,,,,,,,,,,,,,,,,,,,,,,,,,,,,,,,,,,,,,,,,,,,,,,,,,,,,,,,,
88,summary,0.29126007923033204,0.9970488309180504,0.2837184020943112,0.9995555555555555,0.00060531,48.6,,,,,,,,,,,,,,,,,,,,,,0,87.44,100,0,79.56,100,59,66.22,69,16,18.67,25,70.8,210.04,230.3,2731.7,10801.0,37.0,0,8.3,23.56,61.6,32.08,32.16,32.27,63.16,0.08,0.08,0.08,16.0,0.0,0.13,0.37,1.71,4.9,12.53,10.955,14.281,15.073,15.2,15.315,15.992,0.792,0.92,1.034,3515.0,43863.56,294287.0,14160.0,179513.44,1448828.0,4,4.0,4,16,16.0,16,4,16,37.67,9.77
89,1,,,,,,,3,0,60,26,59.5,1530,10801,37,0,63.0,80.3;80.0;83.1;83.0;80.4;83.8;94.2;91.5;84.3;84.4;86.3;89.0;58.6;62.2;27.3;31.8;46.5;51.6;24.7;27.3;46.2;41.2;35.5;39.2,32.38,0.08,2.5,3.54,15.364,1.083,3222.0,23535.0,4,16,,,,,,,,,,,,,,,,,,,,,,,,,,,,,,,,,,,,,,,,,,,,,,,,,,,,,,,,,,,,,
89,2,,,,,,,96,85,69,18,226.9,2730,10801,37,0,27.3,21.5;23.9;34.2;44.0;23.0;36.4;34.5;76.7;35.5;73.9;58.6;52.6;15.6;17.4;8.2;8.2;10.7;15.3;12.2;10.0;9.2;13.0;10.7;10.0,32.26,0.08,0.19,5.66,15.357,1.076,70849.0,210986.0,4,16,,,,,,,,,,,,,,,,,,,,,,,,,,,,,,,,,,,,,,,,,,,,,,,,,,,,,,,,,,,,,
89,3,,,,,,,96,93,66,17,225.2,2730,10801,37,0,19.2,34.4;8.7;30.0;25.6;11.3;17.3;37.9;65.7;50.1;47.8;62.8;39.0;4.1;4.9;0.8;1.0;2.8;2.6;1.6;1.8;2.6;1.8;1.3;2.3,32.21,0.08,0.03,4.9,15.339,1.058,37890.0,15917.0,4,16,,,,,,,,,,,,,,,,,,,,,,,,,,,,,,,,,,,,,,,,,,,,,,,,,,,,,,,,,,,,,
89,4,,,,,,,100,78,67,17,229.4,2730,10801,37,0,16.4,15.8;6.1;23.4;20.4;8.9;6.6;56.2;45.0;49.1;47.6;61.4;40.6;2.8;1.3;1.0;0.3;1.5;2.3;0.8;0.3;1.0;0.8;1.3;0.5,32.19,0.08,0.02,3.11,15.341,1.06,4345.0,45507.0,4,16,,,,,,,,,,,,,,,,,,,,,,,,,,,,,,,,,,,,,,,,,,,,,,,,,,,,,,,,,,,,,
89,5,,,,,,,95,85,69,17,212.9,2730,10801,36,0,22.8,30.8;13.0;37.0;23.6;22.8;17.7;63.7;49.6;63.7;39.3;64.5;47.5;11.8;8.4;4.7;4.2;9.1;5.2;4.4;6.9;6.6;3.0;4.4;5.7,32.65,0.08,2.07,3.17,15.457,1.176,6103.0,28955.0,4,16,,,,,,,,,,,,,,,,,,,,,,,,,,,,,,,,,,,,,,,,,,,,,,,,,,,,,,,,,,,,,
89,6,,,,,,,96,89,69,18,223.0,2730,10801,37,0,22.1,22.7;8.7;27.8;21.4;14.5;16.7;67.2;71.6;50.5;51.0;65.3;62.8;8.2;5.7;3.5;3.0;5.5;5.7;4.2;1.5;2.5;3.5;3.2;3.0,32.59,0.08,0.42,2.88,15.478,1.197,105078.0,256542.0,4,16,,,,,,,,,,,,,,,,,,,,,,,,,,,,,,,,,,,,,,,,,,,,,,,,,,,,,,,,,,,,,
89,7,,,,,,,100,76,67,17,229.6,2730,10801,37,0,21.7,23.0;3.4;15.6;10.8;8.0;6.8;81.8;81.5;47.8;49.0;84.1;86.1;4.1;3.4;1.2;0.0;4.2;0.5;0.7;1.0;1.7;1.2;1.2;2.0,32.56,0.08,0.13,2.7,15.444,1.163,4003.0,26171.0,4,16,,,,,,,,,,,,,,,,,,,,,,,,,,,,,,,,,,,,,,,,,,,,,,,,,,,,,,,,,,,,,
89,8,,,,,,,100,85,66,17,230.6,2730,10801,36,0,7.4,13.7;0.5;3.8;2.0;0.8;0.8;30.7;21.4;2.5;8.3;33.8;52.8;0.8;0.5;0.0;0.0;0.3;0.5;0.0;0.0;2.5;0.3;0.5;1.3,32.53,0.08,0.03,2.56,15.424,1.143,15527.0,18164.0,4,16,,,,,,,,,,,,,,,,,,,,,,,,,,,,,,,,,,,,,,,,,,,,,,,,,,,,,,,,,,,,,
89,9,,,,,,,98,97,67,17,227.7,2730,10801,37,0,8.6,20.2;1.1;4.3;3.7;3.2;3.8;37.4;40.3;8.0;7.5;29.9;39.2;2.1;0.0;0.0;0.0;0.0;0.5;0.5;0.0;1.6;1.1;0.0;1.6,32.49,0.08,0.14,7.12,15.424,1.143,5175.0,20361.0,4,16,,,,,,,,,,,,,,,,,,,,,,,,,,,,,,,,,,,,,,,,,,,,,,,,,,,,,,,,,,,,,
89,summary,0.2913738215637525,0.99708298796761,0.2842286222775777,0.9993333333333333,0.00059751,48.5,,,,,,,,,,,,,,,,,,,,,,3,87.11,100,0,76.44,97,60,66.67,69,17,18.22,26,59.5,207.2,230.6,2596.7,10801.0,36.8,0,7.4,23.17,63.0,32.19,32.43,32.65,63.16,0.08,0.08,0.08,16.0,0.02,0.61,2.5,2.56,3.96,7.12,10.955,14.281,15.339,15.4,15.478,15.992,1.058,1.12,1.197,3222.0,28021.33,105078.0,15917.0,71793.11,256542.0,4,4.0,4,16,16.0,16,4,16,39.94,7.55
90,1,,,,,,,0,1,58,24,71.7,1650,10801,37,0,61.3,78.8;76.2;87.8;84.4;85.0;85.6;95.9;90.5;84.2;84.9;86.3;91.1;65.1;69.6;20.7;18.5;45.9;53.4;10.3;14.5;32.0;39.0;36.6;33.6,32.67,0.08,0.07,0.31,15.433,1.152,47216.0,28417.0,4,16,,,,,,,,,,,,,,,,,,,,,,,,,,,,,,,,,,,,,,,,,,,,,,,,,,,,,,,,,,,,,
90,2,,,,,,,100,100,68,18,227.2,2730,10801,37,0,28.1,23.9;12.5;26.2;22.7;15.6;16.6;82.9;79.9;52.8;56.0;95.4;93.6;10.2;12.2;5.3;4.1;10.2;9.9;4.3;3.8;13.0;7.9;7.1;9.6,32.6,0.08,0.02,6.38,15.424,1.143,3857.0,19921.0,4,16,,,,,,,,,,,,,,,,,,,,,,,,,,,,,,,,,,,,,,,,,,,,,,,,,,,,,,,,,,,,,
90,3,,,,,,,96,88,66,17,227.6,2730,10801,37,0,22.6,15.3;7.6;13.4;17.2;7.6;9.3;91.6;84.3;46.2;43.4;86.9;86.0;5.1;5.5;1.8;1.3;2.0;2.3;2.0;1.3;3.0;2.5;2.0;4.0,32.57,0.08,0.02,5.4,15.432,1.151,3955.0,24316.0,4,16,,,,,,,,,,,,,,,,,,,,,,,,,,,,,,,,,,,,,,,,,,,,,,,,,,,,,,,,,,,,,
90,4,,,,,,,100,97,67,18,227.2,2730,10801,37,0,21.3,20.4;6.3;18.3;13.7;8.3;6.4;88.5;91.2;50.9;44.9;71.5;70.4;2.9;3.7;1.0;1.2;1.2;2.0;0.7;0.7;1.0;2.2;1.5;1.0,32.6,0.08,0.07,3.63,15.452,1.171,32568.0,76708.0,4,16,,,,,,,,,,,,,,,,,,,,,,,,,,,,,,,,,,,,,,,,,,,,,,,,,,,,,,,,,,,,,
90,5,,,,,,,100,76,69,17,230.9,2730,10801,37,0,27.8,41.5;27.4;49.6;27.3;32.6;31.1;55.8;52.9;59.1;42.6;63.0;43.2;17.0;21.9;8.7;4.5;16.4;14.7;8.8;7.0;14.0;10.9;7.2;9.2,33.1,0.08,0.81,5.31,15.477,1.196,4248.0,12646.0,4,16,,,,,,,,,,,,,,,,,,,,,,,,,,,,,,,,,,,,,,,,,,,,,,,,,,,,,,,,,,,,,
90,6,,,,,,,96,88,66,17,228.2,2730,10801,37,0,21.4,28.2;15.0;34.4;30.9;20.5;21.0;27.5;75.4;52.9;46.9;62.8;39.5;10.2;10.5;2.6;0.5;7.1;5.6;2.5;1.3;5.9;5.4;3.8;2.3,32.91,0.08,1.7,7.09,15.434,1.153,5468.0,12158.0,4,16,,,,,,,,,,,,,,,,,,,,,,,,,,,,,,,,,,,,,,,,,,,,,,,,,,,,,,,,,,,,,
90,7,,,,,,,96,94,67,18,227.7,2730,10801,36,0,17.2,17.6;5.4;26.4;25.8;11.4;8.3;45.6;55.4;27.2;71.2;42.7;58.1;3.6;2.6;0.0;0.3;1.8;2.1;2.8;0.5;1.6;1.0;0.8;1.0,32.9,0.08,0.01,2.42,15.426,1.145,3613.0,12158.0,4,16,,,,,,,,,,,,,,,,,,,,,,,,,,,,,,,,,,,,,,,,,,,,,,,,,,,,,,,,,,,,,
90,8,,,,,,,96,77,68,18,227.7,2730,10801,37,0,10.2,21.1;3.5;17.0;5.8;10.1;5.6;13.4;33.0;11.1;12.4;39.7;47.8;4.6;1.8;1.0;0.8;3.0;1.5;2.3;1.3;2.5;2.5;1.5;1.5,32.89,0.08,0.04,1.48,15.432,1.151,4296.0,13281.0,4,16,,,,,,,,,,,,,,,,,,,,,,,,,,,,,,,,,,,,,,,,,,,,,,,,,,,,,,,,,,,,,
90,9,,,,,,,100,96,67,17,231.2,2730,10801,37,0,8.4,14.3;4.3;5.4;4.9;1.6;6.0;54.3;18.8;9.7;12.0;40.3;17.3;0.5;2.7;0.0;0.0;1.1;1.1;2.2;1.1;1.6;1.6;0.5;0.5,32.9,0.08,0.01,1.51,15.43,1.149,4150.0,12109.0,4,16,,,,,,,,,,,,,,,,,,,,,,,,,,,,,,,,,,,,,,,,,,,,,,,,,,,,,,,,,,,,,
90,summary,0.2910908368669543,0.9971991219361127,0.28333230686187744,0.9996666666666667,0.00058970,48.1,,,,,,,,,,,,,,,,,,,,,,0,87.11,100,1,79.67,100,58,66.22,69,17,18.22,24,71.7,211.04,231.2,2610.0,10801.0,36.9,0,8.4,24.26,61.3,32.57,32.79,33.1,63.16,0.08,0.08,0.08,16.0,0.01,0.31,1.7,0.31,3.73,7.09,10.952,14.281,15.424,15.44,15.477,15.992,1.143,1.16,1.196,3613.0,12152.33,47216.0,12109.0,23523.78,76708.0,4,4.0,4,16,16.0,16,4,16,39.04,8.13
91,1,,,,,,,2,29,49,35,23.2,210,405,30,0,12.2,11.4;7.7;10.5;11.8;10.8;9.6;21.9;45.3;12.7;20.6;22.7;50.3;6.1;6.5;2.8;3.5;5.3;6.2;2.7;3.2;4.5;5.7;3.8;5.8,32.85,0.08,0.41,4.9,4.166,0.0,76806.0,76171.0,1,16,,,,,,,,,,,,,,,,,,,,,,,,,,,,,,,,,,,,,,,,,,,,,,,,,,,,,,,,,,,,,
91,2,,,,,,,100,78,62,24,219.7,2745,10801,30,0,27.0,23.1;12.2;28.8;18.8;16.8;15.7;96.8;92.3;60.7;36.8;73.7;83.5;9.8;10.9;4.8;5.3;8.8;7.5;4.8;5.1;8.2;8.0;6.7;7.4,32.87,0.08,0.03,3.63,14.164,1.133,3759.0,154589.0,4,16,,,,,,,,,,,,,,,,,,,,,,,,,,,,,,,,,,,,,,,,,,,,,,,,,,,,,,,,,,,,,
91,3,,,,,,,94,91,61,23,223.0,2745,10801,30,0,21.5,22.3;5.3;18.3;15.3;4.7;6.7;85.6;89.5;57.9;39.2;77.6;69.0;3.1;3.6;1.1;1.4;2.2;2.2;2.2;0.0;1.9;1.4;2.2;3.0,32.85,0.08,0.04,1.37,14.155,1.124,14062.0,10546.0,4,16,,,,,,,,,,,,,,,,,,,,,,,,,,,,,,,,,,,,,,,,,,,,,,,,,,,,,,,,,,,,,
91,4,,,,,,,97,74,62,23,221.2,2745,10801,30,0,23.9,24.4;6.6;33.0;22.5;20.6;9.1;90.1;91.5;65.7;34.6;79.4;74.5;3.8;1.9;0.5;0.5;2.7;0.8;1.4;1.6;1.4;2.2;1.6;1.6,33.16,0.08,0.0,0.17,14.173,1.142,60595.0,105029.0,4,16,,,,,,,,,,,,,,,,,,,,,,,,,,,,,,,,,,,,,,,,,,,,,,,,,,,,,,,,,,,,,
91,5,,,,,,,96,90,64,22,224.7,2745,10801,30,0,22.4,24.5;5.4;22.0;10.6;15.9;5.7;85.4;80.8;61.6;28.9;80.8;82.4;11.1;4.1;0.8;0.8;3.5;2.2;1.6;1.1;3.0;1.9;1.9;1.6,33.13,0.08,0.41,1.02,14.179,1.146,30224.0,197265.0,4,16,,,,,,,,,,,,,,,,,,,,,,,,,,,,,,,,,,,,,,,,,,,,,,,,,,,,,,,,,,,,,
91,6,,,,,,,96,73,63,21,221.6,2745,10801,30,0,21.3,19.0;1.6;23.0;10.4;15.6;7.1;81.4;70.4;29.8;54.0;90.4;88.8;4.1;3.6;1.4;1.4;2.2;1.9;0.5;1.6;1.1;0.3;0.3;2.2,33.14,0.08,0.1,1.19,14.176,1.143,46582.0,89648.0,4,16,,,,,,,,,,,,,,,,,,,,,,,,,,,,,,,,,,,,,,,,,,,,,,,,,,,,,,,,,,,,,
91,7,,,,,,,100,80,63,22,223.5,2745,10801,31,0,22.7,20.9;4.9;26.6;9.1;17.3;9.2;79.7;72.4;38.5;51.2;93.8;93.5;4.3;4.6;0.5;1.4;3.0;1.4;1.1;1.6;4.8;1.9;1.6;0.8,32.99,0.08,0.03,0.74,14.176,1.143,154589.0,280224.0,4,16,,,,,,,,,,,,,,,,,,,,,,,,,,,,,,,,,,,,,,,,,,,,,,,,,,,,,,,,,,,,,
91,8,,,,,,,99,80,63,22,221.2,2745,10801,31,0,22.8,26.2;6.6;25.8;12.4;19.8;8.3;64.2;64.5;38.2;54.8;90.6;94.2;10.6;6.9;1.1;0.8;5.0;3.0;1.7;1.7;3.0;1.9;2.8;3.3,33.01,0.08,0.05,1.33,14.188,1.155,5468.0,23339.0,4,16,,,,,,,,,,,,,,,,,,,,,,,,,,,,,,,,,,,,,,,,,,,,,,,,,,,,,,,,,,,,,
91,9,,,,,,,96,83,66,19,217.1,2745,10801,32,0,11.4,21.0;6.7;11.7;8.5;11.7;6.9;36.5;34.8;12.8;19.5;31.2;51.1;2.9;2.4;0.0;0.8;1.9;2.1;0.8;1.1;1.3;1.9;1.9;2.4,33.11,0.08,0.05,1.07,14.331,1.298,92773.0,195214.0,4,16,,,,,,,,,,,,,,,,,,,,,,,,,,,,,,,,,,,,,,,,,,,,,,,,,,,,,,,,,,,,,
91,10,,,,,,,94,91,65,20,224.2,2745,10801,31,0,12.6,22.6;3.4;27.1;10.3;18.1;7.8;38.8;45.0;21.4;12.8;31.9;31.9;7.8;2.6;2.6;0.9;3.4;0.0;3.4;3.4;2.6;0.0;0.9;1.7,33.11,0.08,0.05,0.18,14.27,1.237,8984.0,292.0,4,16,,,,,,,,,,,,,,,,,,,,,,,,,,,,,,,,,,,,,,,,,,,,,,,,,,,,,,,,,,,,,
91,summary,0.2913759225714252,0.9970761565576981,0.2833730863465203,0.9995555555555555,0.00062138,99.1,,,,,,,,,,,,,,,,,,,,,,2,87.4,100,29,76.9,91,49,61.8,66,19,23.1,35,23.2,201.94,224.7,2491.5,9761.4,30.5,0,11.4,19.78,27.0,32.85,33.02,33.16,63.16,0.08,0.08,0.08,16.0,0.0,0.12,0.41,0.17,1.56,4.9,9.897,13.033,4.166,13.2,14.331,15.992,0.0,1.05,1.298,3759.0,49384.2,154589.0,292.0,113231.7,280224.0,1,3.7,4,16,16.0,16,4,16,83.02,10.16
92,1,,,,,,,0,0,55,25,77.7,2745,10801,32,0,27.1,36.8;27.4;28.7;30.2;26.4;29.0;32.2;60.6;32.4;35.5;67.0;52.3;21.7;21.5;10.6;13.1;14.4;20.6;13.1;11.7;14.9;17.8;13.3;19.1,33.76,0.08,0.02,1.92,15.555,0.809,9986621.0,7011718.0,4,16,,,,,,,,,,,,,,,,,,,,,,,,,,,,,,,,,,,,,,,,,,,,,,,,,,,,,,,,,,,,,
92,2,,,,,,,100,44,62,24,156.4,2745,10801,32,0,19.3,17.8;13.2;23.4;15.7;15.5;15.4;76.0;31.6;30.9;35.1;71.9;36.0;10.0;10.1;5.6;4.4;7.9;7.6;4.8;5.3;6.4;6.9;5.1;5.4,33.72,0.08,0.02,5.89,15.507,0.761,5212744.0,20078857.0,4,16,,,,,,,,,,,,,,,,,,,,,,,,,,,,,,,,,,,,,,,,,,,,,,,,,,,,,,,,,,,,,
92,3,,,,,,,100,27,61,24,160.8,2745,10801,32,0,13.6,15.1;3.4;13.4;8.0;6.3;4.7;69.5;31.1;29.2;28.9;77.9;23.2;3.9;2.4;0.3;0.3;1.2;1.4;1.2;1.0;2.4;0.7;1.2;1.0,33.53,0.08,0.02,4.03,15.446,0.7,5054394.0,16222998.0,4,16,,,,,,,,,,,,,,,,,,,,,,,,,,,,,,,,,,,,,,,,,,,,,,,,,,,,,,,,,,,,,
92,4,,,,,,,98,55,60,23,159.8,2745,10801,31,0,13.5,8.7;5.1;8.6;7.7;6.0;5.7;66.8;55.0;15.9;13.8;61.2;50.9;2.3;2.8;1.1;0.9;2.0;1.8;1.0;0.7;1.3;1.8;0.7;2.8,33.41,0.08,0.03,2.9,15.454,0.708,6414013.0,9906347.0,4,16,,,,,,,,,,,,,,,,,,,,,,,,,,,,,,,,,,,,,,,,,,,,,,,,,,,,,,,,,,,,,
92,5,,,,,,,100,43,58,26,147.3,2745,10801,31,0,14.6,11.2;5.4;10.9;6.1;6.1;7.7;61.1;70.8;16.3;16.6;60.3;59.4;2.5;4.1;0.7;0.3;2.7;1.7;0.7;0.8;1.8;1.7;1.2;1.1,33.43,0.08,0.06,3.55,15.473,0.727,2978.0,15576.0,4,16,,,,,,,,,,,,,,,,,,,,,,,,,,,,,,,,,,,,,,,,,,,,,,,,,,,,,,,,,,,,,
92,6,,,,,,,100,43,59,27,147.1,2745,10801,31,0,13.1,11.7;4.3;8.0;4.4;6.0;2.7;43.8;46.5;13.7;9.9;74.4;71.6;3.9;4.4;0.5;0.0;1.9;2.5;0.6;0.6;1.6;0.8;0.7;0.7,33.36,0.08,0.16,1.16,15.459,0.713,6169580.0,4171728.0,4,16,,,,,,,,,,,,,,,,,,,,,,,,,,,,,,,,,,,,,,,,,,,,,,,,,,,,,,,,,,,,,
92,7,,,,,,,100,92,59,26,153.9,2745,10801,31,0,15.0,16.5;2.4;13.0;5.5;6.6;3.2;63.6;48.9;17.1;18.0;68.7;78.0;5.2;1.7;0.4;0.0;3.3;0.4;0.3;0.9;1.3;1.3;1.3;0.6,33.24,0.08,0.01,0.64,15.456,0.71,4766699.0,25970019.0,4,16,,,,,,,,,,,,,,,,,,,,,,,,,,,,,,,,,,,,,,,,,,,,,,,,,,,,,,,,,,,,,
92,8,,,,,,,98,69,60,25,146.2,2745,10801,31,0,15.0,25.5;4.5;13.9;8.8;9.5;4.6;49.1;49.3;20.3;14.7;63.3;73.4;4.2;3.2;1.0;0.6;2.3;1.9;0.7;0.3;2.7;1.4;1.2;2.3,33.24,0.08,0.06,0.82,15.474,0.726,11345117.0,14205664.0,4,16,,,,,,,,,,,,,,,,,,,,,,,,,,,,,,,,,,,,,,,,,,,,,,,,,,,,,,,,,,,,,
92,9,,,,,,,96,33,58,28,129.9,2745,10801,30,0,7.5,6.8;4.9;6.1;1.8;3.0;4.6;40.6;21.7;3.0;7.5;22.7;49.9;1.2;2.3;0.2;0.1;0.3;1.5;0.2;0.3;0.7;1.0;0.1;0.2,33.18,0.08,0.02,0.86,15.471,0.723,19963085.0,24681689.0,4,16,,,,,,,,,,,,,,,,,,,,,,,,,,,,,,,,,,,,,,,,,,,,,,,,,,,,,,,,,,,,,
92,10,,,,,,,100,44,58,27,150.3,2745,10801,30,0,8.1,8.5;9.4;4.4;2.7;1.3;6.1;26.9;55.6;7.0;7.7;21.9;32.3;0.3;3.0;0.3;0.7;0.3;2.7;0.3;0.3;0.3;0.7;0.0;1.0,33.19,0.08,0.05,0.93,15.46,0.712,11067333.0,17401416.0,4,16,,,,,,,,,,,,,,,,,,,,,,,,,,,,,,,,,,,,,,,,,,,,,,,,,,,,,,,,,,,,,
92,summary,0.29109108532315603,0.9971490249300919,0.28311181142595077,0.9998888888888889,0.00061328,109.9,,,,,,,,,,,,,,,,,,,,,,0,89.2,100,0,45.0,92,55,59.0,62,23,25.5,28,77.7,142.94,160.8,2745.0,10801.0,31.1,0,7.5,14.68,27.1,33.18,33.41,33.76,63.16,0.08,0.08,0.08,17.01,0.01,0.04,0.16,0.64,2.27,5.89,9.895,14.748,15.446,15.48,15.555,15.992,0.7,0.73,0.809,2978.0,7998256.4,19963085.0,15576.0,13966601.2,25970019.0,4,4.0,4,16,16.0,16,4,16,94.57,13.04
93,1,,,,,,,34,23,53,29,65.9,2745,10801,31,0,41.4,47.6;45.9;55.0;54.8;46.6;47.7;71.8;71.8;49.1;51.8;70.0;69.5;35.5;38.2;19.5;21.8;27.7;32.7;14.1;17.3;28.3;26.7;25.5;24.1,33.37,0.08,0.05,1.93,15.469,0.721,7905810.0,11055371.0,4,16,,,,,,,,,,,,,,,,,,,,,,,,,,,,,,,,,,,,,,,,,,,,,,,,,,,,,,,,,,,,,
93,2,,,,,,,98,78,60,25,171.9,2745,10801,30,0,17.3,18.0;7.1;11.1;9.0;8.7;9.7;66.6;68.8;21.5;15.6;56.4;56.9;10.0;6.4;4.2;3.7;6.5;6.6;3.0;3.2;5.6;5.9;4.8;4.7,33.32,0.08,0.09,7.15,15.463,0.715,4803662.0,21289355.0,4,16,,,,,,,,,,,,,,,,,,,,,,,,,,,,,,,,,,,,,,,,,,,,,,,,,,,,,,,,,,,,,
93,3,,,,,,,98,54,59,26,155.5,2745,10801,30,0,14.1,17.0;0.5;7.9;5.9;4.8;2.4;83.8;74.4;19.7;8.9;45.5;55.8;3.6;1.8;0.8;0.6;1.7;0.6;0.3;0.3;2.0;0.3;0.3;0.3,33.28,0.08,0.01,4.14,15.466,0.718,5696337.0,14502392.0,4,16,,,,,,,,,,,,,,,,,,,,,,,,,,,,,,,,,,,,,,,,,,,,,,,,,,,,,,,,,,,,,
93,4,,,,,,,100,2,55,28,112.8,2745,10801,30,0,13.0,21.3;3.7;6.7;4.4;3.5;2.9;57.2;68.2;11.8;10.4;58.9;45.3;2.8;1.0;0.3;0.7;1.3;1.3;1.2;2.9;2.0;1.4;1.2;1.4,33.18,0.08,0.03,2.89,15.467,0.719,9303417.0,12873486.0,4,16,,,,,,,,,,,,,,,,,,,,,,,,,,,,,,,,,,,,,,,,,,,,,,,,,,,,,,,,,,,,,
93,5,,,,,,,100,20,57,29,116.0,2745,10801,30,0,12.8,26.0;6.3;8.9;5.0;4.6;5.2;48.8;57.9;8.1;14.7;52.1;55.4;1.6;4.1;0.5;0.2;1.4;1.1;0.3;0.3;1.7;1.5;0.6;0.4,33.11,0.08,0.02,3.01,15.475,0.727,7037451.0,13522314.0,4,16,,,,,,,,,,,,,,,,,,,,,,,,,,,,,,,,,,,,,,,,,,,,,,,,,,,,,,,,,,,,,
93,6,,,,,,,100,27,58,28,123.3,2745,10801,30,0,13.0,21.4;5.9;8.0;6.4;5.4;5.2;39.4;45.8;10.5;15.6;63.2;70.0;2.2;3.0;0.2;0.3;1.2;1.8;0.0;0.6;2.0;1.2;0.5;0.7,33.09,0.08,0.0,0.63,15.481,0.733,18910009.0,21796435.0,4,16,,,,,,,,,,,,,,,,,,,,,,,,,,,,,,,,,,,,,,,,,,,,,,,,,,,,,,,,,,,,,
93,7,,,,,,,98,74,55,29,135.8,2745,10801,30,0,11.9,15.9;3.6;6.4;4.4;4.4;4.8;47.8;39.7;11.3;11.5;59.7;61.4;2.8;2.9;0.2;0.2;1.6;1.3;0.2;0.2;1.5;1.1;0.6;1.3,33.08,0.08,0.04,0.85,15.47,0.722,5443554.0,19354199.0,4,16,,,,,,,,,,,,,,,,,,,,,,,,,,,,,,,,,,,,,,,,,,,,,,,,,,,,,,,,,,,,,
93,8,,,,,,,100,37,58,28,149.3,2745,10801,30,0,13.2,22.5;5.7;7.0;5.9;6.9;3.8;47.4;54.3;14.6;11.9;48.6;67.2;2.8;4.6;0.5;0.4;2.4;2.0;0.7;0.9;2.4;1.0;1.0;0.8,33.1,0.08,0.04,0.72,15.471,0.723,10722119.0,18652099.0,4,16,,,,,,,,,,,,,,,,,,,,,,,,,,,,,,,,,,,,,,,,,,,,,,,,,,,,,,,,,,,,,
93,9,,,,,,,97,55,57,27,152.9,2745,10801,30,0,8.7,21.4;2.2;6.8;3.2;6.7;3.2;45.3;28.1;9.0;6.4;30.0;38.2;2.4;1.4;0.1;0.1;0.8;0.6;0.1;0.0;1.9;0.3;0.4;0.3,33.08,0.08,0.12,0.94,15.479,0.731,11048388.0,14408056.0,4,16,,,,,,,,,,,,,,,,,,,,,,,,,,,,,,,,,,,,,,,,,,,,,,,,,,,,,,,,,,,,,
93,10,,,,,,,100,31,59,26,165.1,2745,10801,30,0,7.8,24.3;2.4;2.4;3.3;2.4;2.9;19.0;41.0;5.2;5.2;48.6;24.2;2.4;0.5;0.0;0.0;1.4;0.0;0.0;0.0;0.5;0.0;0.9;0.0,33.02,0.08,0.02,0.95,15.481,0.733,16398437.0,25784375.0,4,16,,,,,,,,,,,,,,,,,,,,,,,,,,,,,,,,,,,,,,,,,,,,,,,,,,,,,,,,,,,,,
93,summary,0.29143709755403585,0.9971080364706204,0.283080475780699,0.9996666666666667,0.00060515,126.0,,,,,,,,,,,,,,,,,,,,,,34,92.5,100,2,40.1,78,53,57.1,60,25,27.5,29,65.9,134.85,171.9,2745.0,10801.0,30.1,0,7.8,15.32,41.4,33.02,33.16,33.37,63.16,0.08,0.08,0.08,17.01,0.0,0.04,0.12,0.63,2.32,7.15,9.895,14.748,15.463,15.47,15.481,15.992,0.715,0.72,0.733,4803662.0,9726918.4,18910009.0,11055371.0,17323808.2,25784375.0,4,4.0,4,16,16.0,16,4,16,111.79,10.72
94,1,,,,,,,0,1,52,32,71.8,2760,10801,30,0,34.4,47.1;32.3;42.6;39.5;41.8;40.4;55.6;61.7;41.4;41.1;70.6;66.7;29.0;30.7;14.9;16.2;20.9;22.3;12.5;12.2;22.0;23.3;18.2;20.6,33.21,0.08,0.0,2.2,15.478,0.73,7170751.0,21609228.0,4,16,,,,,,,,,,,,,,,,,,,,,,,,,,,,,,,,,,,,,,,,,,,,,,,,,,,,,,,,,,,,,
94,2,,,,,,,100,35,57,26,148.5,2745,10801,30,0,18.5,14.0;9.6;8.9;9.9;10.0;7.2;76.1;78.8;19.5;23.8;52.9;64.1;8.5;8.0;4.2;5.0;5.8;6.0;3.9;4.3;6.9;6.0;4.3;5.0,33.13,0.08,0.05,7.0,15.469,0.721,9539453.0,18273339.0,4,16,,,,,,,,,,,,,,,,,,,,,,,,,,,,,,,,,,,,,,,,,,,,,,,,,,,,,,,,,,,,,
94,3,,,,,,,100,31,60,26,173.7,2745,10801,30,0,15.0,13.4;9.0;8.3;4.6;5.7;4.5;84.2;77.9;13.6;15.3;46.6;54.9;2.8;6.4;0.4;0.9;1.5;3.0;1.2;0.7;1.0;2.1;0.7;1.5,33.13,0.08,0.01,4.43,15.473,0.725,7250927.0,16641210.0,4,16,,,,,,,,,,,,,,,,,,,,,,,,,,,,,,,,,,,,,,,,,,,,,,,,,,,,,,,,,,,,,
94,4,,,,,,,100,61,57,30,129.6,2745,10801,30,0,12.6,20.9;3.3;8.0;5.7;3.6;4.7;67.7;61.1;11.1;13.2;40.6;48.9;2.6;1.8;0.1;0.1;1.9;2.0;0.2;0.0;1.1;1.0;0.7;0.9,33.12,0.08,0.03,3.18,15.479,0.731,7734375.0,13587109.0,4,16,,,,,,,,,,,,,,,,,,,,,,,,,,,,,,,,,,,,,,,,,,,,,,,,,,,,,,,,,,,,,
94,5,,,,,,,98,14,55,30,125.8,2745,10801,30,0,11.8,18.0;1.9;8.5;4.9;5.3;1.9;58.5;46.5;12.2;8.1;49.5;53.3;3.1;1.1;0.5;0.4;2.2;1.1;0.4;0.4;1.7;1.0;0.5;1.0,33.12,0.08,0.02,2.43,15.481,0.733,17532812.0,16017138.0,4,16,,,,,,,,,,,,,,,,,,,,,,,,,,,,,,,,,,,,,,,,,,,,,,,,,,,,,,,,,,,,,
94,6,,,,,,,98,56,56,29,124.8,2745,10801,30,0,12.3,24.0;5.2;7.3;5.0;3.7;5.3;48.1;41.6;11.0;11.7;53.3;63.0;2.5;2.7;0.1;0.2;1.7;3.2;0.0;0.2;1.5;1.9;0.5;0.9,33.13,0.08,0.01,0.71,15.48,0.732,9970312.0,16520996.0,4,16,,,,,,,,,,,,,,,,,,,,,,,,,,,,,,,,,,,,,,,,,,,,,,,,,,,,,,,,,,,,,
94,7,,,,,,,100,15,55,30,114.7,2760,10801,30,0,12.9,24.0;5.3;10.6;7.0;4.8;6.0;53.1;54.5;12.2;16.2;40.0;55.8;3.6;4.2;0.3;0.1;1.8;1.6;0.4;0.7;1.0;1.0;1.3;1.7,33.11,0.08,0.09,0.78,15.511,0.763,1010888.0,2246435.0,4,16,,,,,,,,,,,,,,,,,,,,,,,,,,,,,,,,,,,,,,,,,,,,,,,,,,,,,,,,,,,,,
94,8,,,,,,,100,28,57,30,142.1,2745,10801,30,0,12.6,22.7;3.0;11.8;7.4;6.4;4.3;52.7;39.2;16.2;15.4;57.0;46.4;3.1;2.8;0.2;0.6;1.6;1.7;3.4;1.0;2.5;0.7;1.3;1.2,33.17,0.08,0.05,0.6,15.541,0.793,5495166.0,10955468.0,4,16,,,,,,,,,,,,,,,,,,,,,,,,,,,,,,,,,,,,,,,,,,,,,,,,,,,,,,,,,,,,,
94,9,,,,,,,100,1,55,30,135.6,2760,10801,30,0,6.7,12.3;0.7;2.2;1.8;1.4;0.7;49.5;24.0;3.3;4.6;20.0;35.4;0.5;0.1;0.0;0.0;0.1;0.4;2.2;0.2;0.4;0.2;0.0;0.1,33.15,0.08,0.01,0.05,15.523,0.775,6751904.0,16856787.0,4,16,,,,,,,,,,,,,,,,,,,,,,,,,,,,,,,,,,,,,,,,,,,,,,,,,,,,,,,,,,,,,
94,10,,,,,,,99,42,56,27,141.0,2760,10801,30,0,6.3,9.5;1.6;2.0;1.6;0.0;1.2;25.5;43.4;1.6;2.8;43.8;13.1;0.8;0.4;0.0;0.0;0.0;0.0;1.6;1.2;0.8;0.8;0.0;0.0,33.15,0.08,0.01,0.11,15.517,0.769,14157373.0,8805859.0,4,16,,,,,,,,,,,,,,,,,,,,,,,,,,,,,,,,,,,,,,,,,,,,,,,,,,,,,,,,,,,,,
94,summary,0.2913777648778813,0.9970875422408846,0.2830082134405772,0.9998888888888889,0.00059699,143.2,,,,,,,,,,,,,,,,,,,,,,0,89.5,100,1,28.4,61,52,56.0,60,26,29.0,32,71.8,130.76,173.7,2751.0,10801.0,30.0,0,6.3,14.31,34.4,33.11,33.14,33.21,63.16,0.08,0.08,0.08,17.01,0.0,0.03,0.09,0.05,2.15,7.0,9.895,14.748,15.469,15.5,15.541,15.992,0.721,0.75,0.793,1010888.0,8661396.1,17532812.0,2246435.0,14151356.9,21609228.0,4,4.0,4,16,16.0,16,4,16,124.01,12.19
95,1,,,,,,,67,2,48,35,72.3,2760,10801,30,0,9.7,12.1;4.4;6.0;6.9;4.3;4.7;26.4;41.5;9.7;11.1;29.3;35.6;3.5;3.7;1.7;1.9;2.5;3.1;6.3;7.9;2.1;2.6;1.9;2.7,32.34,0.07,0.26,0.81,15.178,0.856,1025.0,1660.0,4,16,,,,,,,,,,,,,,,,,,,,,,,,,,,,,,,,,,,,,,,,,,,,,,,,,,,,,,,,,,,,,
95,2,,,,,,,99,82,57,28,219.0,2760,10801,30,0,17.7,14.7;5.4;32.8;19.8;11.4;9.8;79.1;21.5;68.1;31.5;82.2;20.2;3.6;3.6;2.1;0.5;1.0;1.0;1.8;10.4;2.1;0.8;0.8;1.0,32.52,0.07,0.0,0.09,15.182,0.856,4638.0,12939.0,4,16,,,,,,,,,,,,,,,,,,,,,,,,,,,,,,,,,,,,,,,,,,,,,,,,,,,,,,,,,,,,,
95,3,,,,,,,96,95,60,27,218.1,2745,10801,30,0,17.8,18.6;7.2;31.7;17.8;10.9;11.8;93.3;8.2;77.8;20.1;91.2;10.1;2.6;4.9;0.8;0.3;1.8;3.4;1.6;2.3;2.8;6.2;0.3;1.0,32.52,0.07,0.0,0.03,15.182,0.856,13623.0,12402.0,4,16,,,,,,,,,,,,,,,,,,,,,,,,,,,,,,,,,,,,,,,,,,,,,,,,,,,,,,,,,,,,,
95,4,,,,,,,100,100,57,27,220.1,2745,10801,30,0,18.2,29.3;8.5;29.6;22.8;10.5;9.7;84.0;17.0;82.1;17.0;89.2;11.8;2.1;4.6;1.0;0.5;1.5;0.5;5.6;3.9;1.8;1.5;2.3;0.0,32.51,0.07,0.0,0.08,15.182,0.856,9570.0,28173.0,4,16,,,,,,,,,,,,,,,,,,,,,,,,,,,,,,,,,,,,,,,,,,,,,,,,,,,,,,,,,,,,,
95,5,,,,,,,100,85,57,29,222.1,2745,10801,30,0,15.3,13.0;2.3;22.6;19.3;5.6;3.8;92.4;7.4;74.4;20.8;89.6;10.7;0.8;0.5;0.3;0.3;0.5;0.3;0.8;1.0;1.5;0.3;0.3;0.0,32.59,0.07,0.01,0.08,15.189,0.857,63574.0,28662.0,4,16,,,,,,,,,,,,,,,,,,,,,,,,,,,,,,,,,,,,,,,,,,,,,,,,,,,,,,,,,,,,,
95,6,,,,,,,97,93,58,25,220.0,2745,10801,30,0,17.9,18.8;4.1;26.6;27.7;7.5;8.0;56.1;46.1;36.1;63.3;50.4;50.8;3.6;2.6;1.0;1.6;1.8;1.5;5.7;5.7;2.3;3.6;1.0;3.1,32.6,0.07,0.01,0.12,15.189,0.857,3857.0,27880.0,4,16,,,,,,,,,,,,,,,,,,,,,,,,,,,,,,,,,,,,,,,,,,,,,,,,,,,,,,,,,,,,,
95,7,,,,,,,100,100,59,25,223.3,2745,10801,30,0,17.5,17.1;2.3;17.8;31.7;5.2;9.8;11.4;89.7;11.9;86.3;17.5;84.5;2.1;4.1;0.3;0.0;1.8;1.8;12.2;5.2;1.0;1.6;1.5;3.3,32.59,0.07,0.0,0.02,15.189,0.857,5419.0,20800.0,4,16,,,,,,,,,,,,,,,,,,,,,,,,,,,,,,,,,,,,,,,,,,,,,,,,,,,,,,,,,,,,,
95,8,,,,,,,100,76,60,23,224.0,2745,10801,30,0,8.9,16.9;2.1;5.7;7.3;4.9;3.9;39.8;40.3;10.3;9.3;27.2;27.1;1.0;2.1;1.3;0.3;1.6;1.0;5.5;1.6;2.3;0.5;0.8;1.0,32.57,0.07,0.0,0.08,15.189,0.857,4638.0,30468.0,4,16,,,,,,,,,,,,,,,,,,,,,,,,,,,,,,,,,,,,,,,,,,,,,,,,,,,,,,,,,,,,,
95,9,,,,,,,94,92,62,24,222.4,2745,10801,30,0,6.9,16.9;0.0;0.9;0.4;0.5;0.4;19.3;44.4;3.1;1.8;35.1;28.4;0.4;0.0;0.0;0.9;0.4;0.0;7.5;0.4;1.3;0.0;0.0;2.2,32.56,0.07,0.03,0.11,15.189,0.857,53417.0,146.0,4,16,,,,,,,,,,,,,,,,,,,,,,,,,,,,,,,,,,,,,,,,,,,,,,,,,,,,,,,,,,,,,
95,summary,0.2903175374829998,0.997431389873118,0.28301648908191257,0.9997777777777778,0.00038000,91.6,,,,,,,,,,,,,,,,,,,,,,67,94.78,100,2,80.56,100,48,57.56,62,23,27.0,35,72.3,204.59,224.0,2748.3,10801.0,30.0,0,6.9,14.43,18.2,32.34,32.53,32.6,63.16,0.07,0.07,0.07,16.0,0.0,0.03,0.26,0.02,0.16,0.81,11.008,14.332,15.178,15.19,15.189,15.992,0.856,0.86,0.857,1025.0,17751.22,63574.0,146.0,18125.56,30468.0,4,4.0,4,16,16.0,16,4,16,83.06,7.54
96,1,,,,,,,0,1,53,27,69.6,2760,10801,30,0,62.5,67.2;77.3;81.1;77.9;63.9;82.4;88.7;90.2;73.5;81.1;90.9;85.6;47.7;71.8;27.5;35.1;49.6;59.8;32.8;36.4;36.6;58.8;41.2;41.7,32.74,0.07,0.03,12.39,15.191,0.859,2832.0,69531.0,4,16,,,,,,,,,,,,,,,,,,,,,,,,,,,,,,,,,,,,,,,,,,,,,,,,,,,,,,,,,,,,,
96,2,,,,,,,97,95,62,22,221.0,2745,10801,30,0,24.8,27.8;19.6;26.9;34.2;22.2;17.8;40.4;71.4;46.8;58.1;38.1;75.4;13.2;15.7;6.9;7.4;10.5;10.5;11.5;8.4;6.9;10.2;8.7;7.9,32.67,0.07,0.0,4.29,15.193,0.859,28857.0,12255.0,4,16,,,,,,,,,,,,,,,,,,,,,,,,,,,,,,,,,,,,,,,,,,,,,,,,,,,,,,,,,,,,,
96,3,,,,,,,100,100,60,24,222.4,2745,10801,30,0,16.5,17.7;1.5;27.1;19.1;8.2;5.4;70.4;29.9;47.2;50.4;83.6;16.8;1.5;1.3;1.8;0.3;1.5;0.5;5.2;3.9;0.5;0.3;0.5;1.0,32.66,0.07,0.0,4.39,15.193,0.859,42578.0,15283.0,4,16,,,,,,,,,,,,,,,,,,,,,,,,,,,,,,,,,,,,,,,,,,,,,,,,,,,,,,,,,,,,,
96,4,,,,,,,100,76,61,23,224.8,2745,10801,30,0,18.4,18.2;4.9;33.8;19.9;9.5;10.1;82.9;17.6;77.3;21.9;93.1;9.3;3.6;1.8;0.8;0.8;1.6;2.1;7.5;18.7;1.0;0.8;1.3;3.1,32.63,0.07,0.04,3.03,15.193,0.859,5908.0,13134.0,4,16,,,,,,,,,,,,,,,,,,,,,,,,,,,,,,,,,,,,,,,,,,,,,,,,,,,,,,,,,,,,,
96,5,,,,,,,100,79,62,23,224.5,2745,10801,30,0,17.2,16.0;3.3;30.6;14.1;6.9;7.0;88.4;11.9;79.5;18.0;77.9;23.7;2.1;2.1;0.0;0.3;1.0;0.8;16.5;10.8;0.8;0.3;0.3;0.8,32.61,0.07,0.01,2.91,15.193,0.859,17919.0,69677.0,4,16,,,,,,,,,,,,,,,,,,,,,,,,,,,,,,,,,,,,,,,,,,,,,,,,,,,,,,,,,,,,,
96,6,,,,,,,100,100,62,22,223.3,2745,10801,30,0,20.4,16.4;4.5;25.7;16.4;6.8;7.1;83.9;18.3;64.6;30.8;76.6;24.2;1.5;1.5;0.3;1.0;1.0;1.3;77.0;22.0;2.5;3.5;0.5;2.0,32.61,0.07,0.02,1.92,15.193,0.859,54150.0,21435.0,4,16,,,,,,,,,,,,,,,,,,,,,,,,,,,,,,,,,,,,,,,,,,,,,,,,,,,,,,,,,,,,,
96,7,,,,,,,100,76,62,22,225.1,2745,10801,30,0,18.0,18.1;4.2;28.2;23.3;7.8;11.6;55.7;46.0;44.7;54.3;51.8;51.5;4.1;3.9;2.1;1.8;1.8;3.4;2.1;7.5;2.3;2.1;0.8;3.3,32.58,0.07,0.0,1.74,15.193,0.859,15087.0,50390.0,4,16,,,,,,,,,,,,,,,,,,,,,,,,,,,,,,,,,,,,,,,,,,,,,,,,,,,,,,,,,,,,,
96,8,,,,,,,100,79,63,22,225.2,2745,10801,31,0,8.3,13.3;4.1;6.0;6.5;2.3;3.1;36.6;45.1;7.5;10.9;32.6;16.0;1.3;0.5;0.0;0.0;1.0;0.8;7.3;0.5;0.5;0.3;0.5;0.8,32.56,0.07,0.0,1.42,15.193,0.859,5175.0,21435.0,4,16,,,,,,,,,,,,,,,,,,,,,,,,,,,,,,,,,,,,,,,,,,,,,,,,,,,,,,,,,,,,,
96,9,,,,,,,100,99,63,21,224.8,2745,10801,31,0,6.0,13.0;0.5;3.7;2.3;0.9;0.9;9.7;42.4;1.4;1.9;44.7;18.5;0.0;0.0;0.0;0.0;0.0;0.0;0.5;1.9;0.9;0.0;0.0;0.0,32.56,0.07,0.0,5.5,15.193,0.859,4931.0,20312.0,4,16,,,,,,,,,,,,,,,,,,,,,,,,,,,,,,,,,,,,,,,,,,,,,,,,,,,,,,,,,,,,,
96,summary,0.28987657738126954,0.9974746554692268,0.28327651426527234,0.9997777777777778,0.00076000,47.8,,,,,,,,,,,,,,,,,,,,,,0,88.56,100,1,78.33,100,53,60.89,63,21,22.89,27,69.6,206.74,225.2,2746.7,10801.0,30.2,0,6.0,21.34,62.5,32.56,32.62,32.74,63.16,0.07,0.07,0.07,16.0,0.0,0.01,0.04,1.42,4.18,12.39,11.011,14.334,15.191,15.19,15.193,15.992,0.859,0.86,0.859,2832.0,19715.22,54150.0,12255.0,32605.78,69677.0,4,4.0,4,16,16.0,16,4,16,39.85,6.97
97,1,,,,,,,1,1,55,27,69.6,2745,10801,31,0,60.9,72.9;72.8;73.3;79.3;74.8;77.0;89.6;81.5;75.6;74.3;83.7;87.5;43.7;63.7;34.3;36.0;51.1;53.7;27.9;35.8;34.8;54.1;41.2;44.4,32.75,0.07,0.0,4.39,15.193,0.859,3662.0,18164.0,4,16,,,,,,,,,,,,,,,,,,,,,,,,,,,,,,,,,,,,,,,,,,,,,,,,,,,,,,,,,,,,,
97,2,,,,,,,97,94,63,21,213.9,2745,10801,31,0,22.8,21.5;14.5;20.8;37.8;13.2;24.6;21.1;88.6;14.0;88.5;17.3;92.6;9.4;12.0;5.1;3.3;6.1;7.9;5.9;19.1;3.8;7.1;6.4;4.8,32.68,0.07,0.0,5.46,15.193,0.859,15087.0,24902.0,4,16,,,,,,,,,,,,,,,,,,,,,,,,,,,,,,,,,,,,,,,,,,,,,,,,,,,,,,,,,,,,,
97,3,,,,,,,100,90,62,18,226.7,2730,10801,31,0,18.9,26.4;10.8;24.4;27.0;9.3;17.6;36.9;64.4;38.1;60.9;38.8;62.5;2.8;6.2;0.8;0.5;1.8;3.1;1.8;13.1;1.8;0.5;1.0;2.3,32.64,0.07,0.01,5.44,15.193,0.859,6982.0,19921.0,4,16,,,,,,,,,,,,,,,,,,,,,,,,,,,,,,,,,,,,,,,,,,,,,,,,,,,,,,,,,,,,,
97,4,,,,,,,100,76,64,20,227.1,2730,10801,32,0,17.5,16.9;3.9;26.6;23.6;9.6;4.9;56.8;43.9;55.3;44.1;61.5;39.4;3.4;1.6;0.5;0.5;1.0;0.8;6.2;15.5;0.8;1.3;0.8;1.3,32.62,0.07,0.0,2.99,15.193,0.859,6884.0,21240.0,4,16,,,,,,,,,,,,,,,,,,,,,,,,,,,,,,,,,,,,,,,,,,,,,,,,,,,,,,,,,,,,,
97,5,,,,,,,96,91,65,21,224.1,2730,10801,32,0,20.5,21.2;9.2;39.8;21.7;13.0;10.0;90.6;10.8;81.6;17.6;85.9;16.4;3.9;3.1;2.6;2.6;4.4;2.3;23.7;22.9;2.8;2.8;0.0;2.0,31.64,0.08,0.0,4.92,15.193,0.859,38476.0,102929.0,4,16,,,,,,,,,,,,,,,,,,,,,,,,,,,,,,,,,,,,,,,,,,,,,,,,,,,,,,,,,,,,,
97,6,,,,,,,100,85,63,21,224.1,2730,10801,32,0,16.7,12.3;2.5;23.6;20.3;7.1;7.9;92.7;8.3;64.0;31.3;87.6;12.9;2.8;1.0;0.5;0.3;2.8;0.5;4.8;10.7;2.5;0.8;0.3;3.0,31.64,0.08,0.0,2.01,15.193,0.859,4785.0,18945.0,4,16,,,,,,,,,,,,,,,,,,,,,,,,,,,,,,,,,,,,,,,,,,,,,,,,,,,,,,,,,,,,,
97,7,,,,,,,100,78,64,19,225.4,2730,10801,32,0,18.8,16.8;3.4;33.2;20.3;9.5;3.1;81.3;19.6;72.7;25.6;56.2;44.2;4.1;3.1;0.8;1.0;3.1;1.5;22.4;18.0;4.1;2.1;2.6;1.8,31.63,0.08,0.0,1.89,15.193,0.859,9277.0,12060.0,4,16,,,,,,,,,,,,,,,,,,,,,,,,,,,,,,,,,,,,,,,,,,,,,,,,,,,,,,,,,,,,,
97,8,,,,,,,100,74,67,20,227.2,2730,10801,32,0,8.6,15.9;2.1;6.2;6.2;2.9;1.0;56.2;30.1;15.8;5.7;21.0;24.2;0.8;1.0;0.3;1.0;1.8;0.8;1.3;5.5;0.8;2.3;0.8;1.0,31.61,0.08,0.01,1.44,15.193,0.859,4931.0,16552.0,4,16,,,,,,,,,,,,,,,,,,,,,,,,,,,,,,,,,,,,,,,,,,,,,,,,,,,,,,,,,,,,,
97,9,,,,,,,97,95,64,19,224.8,2730,10801,33,0,10.3,19.6;6.0;4.6;5.9;2.8;1.8;33.3;37.2;3.7;8.3;40.2;32.1;2.3;2.3;2.8;3.7;2.8;1.9;10.8;5.1;2.7;4.6;9.3;0.9,31.59,0.08,0.0,6.68,15.193,0.859,6152.0,18701.0,4,16,,,,,,,,,,,,,,,,,,,,,,,,,,,,,,,,,,,,,,,,,,,,,,,,,,,,,,,,,,,,,
97,summary,0.2921305725381803,0.9967391403353767,0.28337513799137537,0.9995555555555555,0.00099999,47.9,,,,,,,,,,,,,,,,,,,,,,1,87.89,100,1,76.0,95,55,63.0,67,18,20.67,27,69.6,206.99,227.2,2733.3,10801.0,31.8,0,8.6,21.67,60.9,31.59,32.09,32.75,63.16,0.07,0.08,0.08,16.0,0.0,0.0,0.01,1.44,3.91,6.68,11.012,14.334,15.193,15.19,15.193,15.992,0.859,0.86,0.859,3662.0,10692.89,38476.0,12060.0,28157.11,102929.0,4,4.0,4,16,16.0,16,4,16,39.89,7.02
98,1,,,,,,,0,1,56,28,71.7,2745,10801,33,0,67.8,72.5;73.3;73.5;81.0;71.4;78.2;95.9;86.3;75.8;78.4;83.7;88.4;70.7;68.9;43.0;45.3;63.1;70.5;47.3;39.6;56.2;57.8;49.0;58.9,31.8,0.08,0.01,3.94,15.193,0.859,23632.0,281835.0,4,16,,,,,,,,,,,,,,,,,,,,,,,,,,,,,,,,,,,,,,,,,,,,,,,,,,,,,,,,,,,,,
98,2,,,,,,,100,100,66,20,225.3,2730,10801,33,0,25.9,29.7;18.8;29.3;37.8;16.5;23.5;14.7;97.4;23.2;86.6;23.4;90.0;11.3;17.3;7.2;8.8;12.1;13.9;7.7;8.5;9.5;12.6;9.0;11.2,31.7,0.08,0.0,6.09,15.193,0.859,3710.0,19042.0,4,16,,,,,,,,,,,,,,,,,,,,,,,,,,,,,,,,,,,,,,,,,,,,,,,,,,,,,,,,,,,,,
98,3,,,,,,,96,84,64,20,225.8,2730,10801,33,0,16.6,17.4;2.0;15.8;26.0;6.1;10.7;17.6;84.7;24.0;70.2;18.1;83.4;1.3;1.3;0.5;1.0;1.5;1.8;2.3;10.7;0.3;0.3;0.3;0.5,31.61,0.08,0.0,3.93,15.193,0.859,14990.0,18212.0,4,16,,,,,,,,,,,,,,,,,,,,,,,,,,,,,,,,,,,,,,,,,,,,,,,,,,,,,,,,,,,,,
98,4,,,,,,,97,94,64,18,224.6,2730,10801,33,0,17.7,21.1;7.4;27.7;23.1;9.0;9.5;52.2;49.2;59.8;39.4;47.6;53.6;1.5;3.9;0.8;0.8;2.0;2.1;2.1;3.4;0.3;2.3;0.5;6.5,31.57,0.08,0.01,3.7,15.193,0.859,3759.0,19287.0,4,16,,,,,,,,,,,,,,,,,,,,,,,,,,,,,,,,,,,,,,,,,,,,,,,,,,,,,,,,,,,,,
98,5,,,,,,,100,100,66,21,225.8,2730,10801,33,0,16.1,12.7;4.9;24.8;19.9;7.2;5.2;68.0;33.2;64.3;33.1;52.5;47.9;3.4;1.6;0.3;0.3;0.5;1.3;1.3;2.6;1.5;0.3;0.0;0.5,31.55,0.08,0.0,2.38,15.193,0.859,3710.0,28173.0,4,16,,,,,,,,,,,,,,,,,,,,,,,,,,,,,,,,,,,,,,,,,,,,,,,,,,,,,,,,,,,,,
98,6,,,,,,,100,75,67,17,227.6,2730,10801,33,0,17.1,16.7;7.0;19.6;27.3;9.6;8.8;67.4;32.8;62.3;36.1;51.9;48.8;2.3;4.4;0.8;1.0;1.0;1.8;5.4;2.6;0.8;1.3;1.0;0.3,31.54,0.08,0.0,2.53,15.193,0.859,4394.0,19921.0,4,16,,,,,,,,,,,,,,,,,,,,,,,,,,,,,,,,,,,,,,,,,,,,,,,,,,,,,,,,,,,,,
98,7,,,,,,,96,94,65,19,224.2,2730,10801,33,0,17.4,18.9;3.6;24.1;23.9;10.6;6.6;84.3;17.6;78.0;19.5;69.7;32.0;2.8;4.8;1.8;0.5;2.0;3.3;2.0;1.0;5.1;2.0;1.0;2.0,31.49,0.08,0.0,1.34,15.193,0.859,5126.0,12011.0,4,16,,,,,,,,,,,,,,,,,,,,,,,,,,,,,,,,,,,,,,,,,,,,,,,,,,,,,,,,,,,,,
98,8,,,,,,,100,98,65,19,226.4,2730,10801,34,0,8.4,14.8;2.6;5.2;5.2;0.8;2.1;44.3;44.2;19.9;4.9;33.9;9.0;1.6;1.8;0.0;1.6;0.5;0.5;1.8;1.6;3.9;1.3;0.0;0.5,31.44,0.08,0.0,1.7,15.193,0.859,6298.0,13183.0,4,16,,,,,,,,,,,,,,,,,,,,,,,,,,,,,,,,,,,,,,,,,,,,,,,,,,,,,,,,,,,,,
98,9,,,,,,,97,84,65,18,225.9,2730,10801,33,0,6.9,13.0;1.4;2.3;5.0;2.8;0.5;18.4;30.0;3.7;6.0;68.2;10.1;0.9;0.9;0.0;0.0;0.5;0.0;0.0;0.0;0.5;0.0;0.0;1.8,31.39,0.08,0.02,6.34,15.193,0.859,14013.0,12792.0,4,16,,,,,,,,,,,,,,,,,,,,,,,,,,,,,,,,,,,,,,,,,,,,,,,,,,,,,,,,,,,,,
98,summary,0.2928572658672718,0.9965387523112937,0.2834649667210049,0.9995555555555555,0.00099988,48.0,,,,,,,,,,,,,,,,,,,,,,0,87.33,100,1,81.11,100,56,64.22,67,17,20.0,28,71.7,208.59,227.6,2731.7,10801.0,33.1,0,6.9,21.54,67.8,31.39,31.57,31.8,63.16,0.08,0.08,0.08,16.0,0.0,0.0,0.02,1.34,3.55,6.34,11.012,14.334,15.193,15.19,15.193,15.992,0.859,0.86,0.859,3710.0,8848.0,23632.0,12011.0,47161.78,281835.0,4,4.0,4,16,16.0,16,4,16,40.04,6.96
99,1,,,,,,,0,1,57,24,82.2,2745,10801,33,0,60.3,67.8;68.1;78.3;78.3;67.4;79.3;84.2;86.2;75.4;78.3;84.8;86.2;47.9;57.1;34.8;34.8;44.0;55.0;30.0;33.6;47.5;52.5;37.4;41.0,31.6,0.08,0.0,3.99,15.193,0.859,3906.0,126220.0,4,16,,,,,,,,,,,,,,,,,,,,,,,,,,,,,,,,,,,,,,,,,,,,,,,,,,,,,,,,,,,,,
99,2,,,,,,,100,76,68,18,226.7,2730,10801,34,0,25.4,29.5;23.0;23.5;44.6;14.2;31.7;40.7;69.5;52.4;57.1;44.2;66.9;14.4;14.0;4.9;6.2;8.5;12.4;8.6;9.1;8.0;10.1;7.5;7.9,31.52,0.08,0.0,4.99,15.193,0.859,24707.0,128759.0,4,16,,,,,,,,,,,,,,,,,,,,,,,,,,,,,,,,,,,,,,,,,,,,,,,,,,,,,,,,,,,,,
99,3,,,,,,,96,92,65,16,225.1,2730,10801,34,0,16.8,24.5;3.3;18.0;28.5;5.1;6.9;11.4;89.6;26.8;69.0;24.2;76.3;1.0;1.5;0.0;0.3;0.3;0.5;3.1;10.2;0.5;0.0;0.3;1.5,31.49,0.08,0.01,4.79,15.193,0.859,4394.0,46630.0,4,16,,,,,,,,,,,,,,,,,,,,,,,,,,,,,,,,,,,,,,,,,,,,,,,,,,,,,,,,,,,,,
99,4,,,,,,,100,95,66,19,227.8,2730,10801,34,0,18.2,18.3;5.1;27.9;25.1;10.3;9.5;30.3;71.5;33.7;66.2;35.6;66.6;2.6;5.1;1.5;3.3;2.3;2.3;4.1;6.7;1.3;3.1;1.3;2.0,31.51,0.08,0.01,3.34,15.193,0.859,6250.0,20947.0,4,16,,,,,,,,,,,,,,,,,,,,,,,,,,,,,,,,,,,,,,,,,,,,,,,,,,,,,,,,,,,,,
99,5,,,,,,,100,74,68,19,227.9,2730,10801,34,0,17.7,20.0;4.6;27.0;18.4;8.4;9.2;63.0;38.2;56.4;43.8;64.8;38.5;4.6;3.1;1.0;2.3;1.8;3.1;1.5;2.1;2.8;3.1;1.0;4.3,31.47,0.08,0.0,2.62,15.193,0.859,21093.0,12597.0,4,16,,,,,,,,,,,,,,,,,,,,,,,,,,,,,,,,,,,,,,,,,,,,,,,,,,,,,,,,,,,,,
99,6,,,,,,,96,77,65,18,226.1,2730,10801,34,0,16.5,14.2;2.3;20.8;21.8;6.2;7.3;45.6;55.3;37.0;61.8;41.8;60.3;3.4;1.0;1.0;0.8;1.6;1.8;2.3;5.7;1.6;1.0;1.6;0.8,31.48,0.08,0.01,2.57,15.193,0.859,4296.0,34912.0,4,16,,,,,,,,,,,,,,,,,,,,,,,,,,,,,,,,,,,,,,,,,,,,,,,,,,,,,,,,,,,,,
99,7,,,,,,,100,89,67,19,226.3,2730,10801,34,0,16.2,17.6;2.5;22.7;17.2;3.8;7.8;54.3;48.7;54.0;39.7;52.8;48.7;2.0;2.0;0.3;0.0;1.3;0.8;3.8;4.6;1.0;1.5;0.0;2.0,31.47,0.08,0.0,1.53,15.193,0.859,4931.0,14746.0,4,16,,,,,,,,,,,,,,,,,,,,,,,,,,,,,,,,,,,,,,,,,,,,,,,,,,,,,,,,,,,,,
99,8,,,,,,,100,77,67,18,228.2,2730,10801,34,0,8.2,15.8;2.9;6.0;3.1;2.9;2.8;34.2;48.8;15.3;5.2;34.5;16.1;1.3;1.0;0.3;0.3;0.8;0.0;0.8;2.3;2.1;0.0;0.3;0.0,31.45,0.08,0.0,1.67,15.193,0.859,40234.0,265869.0,4,16,,,,,,,,,,,,,,,,,,,,,,,,,,,,,,,,,,,,,,,,,,,,,,,,,,,,,,,,,,,,,
99,9,,,,,,,98,96,65,19,225.4,2730,10801,34,0,7.1,18.1;0.9;3.7;1.4;2.3;2.3;26.3;19.8;2.8;3.2;56.6;24.0;0.0;0.5;0.5;0.0;0.0;0.5;1.9;0.9;1.4;0.0;0.5;1.8,31.43,0.08,0.0,1.25,15.193,0.859,13427.0,24951.0,4,16,,,,,,,,,,,,,,,,,,,,,,,,,,,,,,,,,,,,,,,,,,,,,,,,,,,,,,,,,,,,,
99,summary,0.2938651531635865,0.9962108446355216,0.2835979069868724,0.9996666666666667,0.00099964,47.8,,,,,,,,,,,,,,,,,,,,,,0,87.78,100,1,75.22,96,57,65.33,68,16,18.89,24,82.2,210.63,228.2,2731.7,10801.0,33.9,0,7.1,20.71,60.3,31.43,31.49,31.6,63.16,0.08,0.08,0.08,16.0,0.0,0.0,0.01,1.25,2.97,4.99,11.01,14.334,15.193,15.19,15.193,15.992,0.859,0.86,0.859,3906.0,13693.11,40234.0,12597.0,75070.11,265869.0,4,4.0,4,16,16.0,16,4,16,39.91,6.95
100,1,,,,,,,0,1,58,26,83.5,2745,10801,34,0,61.3,80.1;65.9;84.1;75.2;72.7;75.8;85.6;84.8;79.5;76.5;88.6;79.7;63.2;51.9;32.1;32.8;52.3;53.0;29.1;23.5;47.4;50.8;44.7;43.2,31.61,0.08,0.03,13.41,15.193,0.859,4443.0,197753.0,4,16,,,,,,,,,,,,,,,,,,,,,,,,,,,,,,,,,,,,,,,,,,,,,,,,,,,,,,,,,,,,,
100,2,,,,,,,100,76,65,19,227.0,2730,10801,34,0,25.1,27.4;22.2;27.6;36.3;13.2;26.8;48.1;64.3;45.6;62.0;46.5;64.5;10.1;16.5;5.2;7.5;10.6;12.4;11.4;9.1;7.8;9.8;6.5;9.0,31.56,0.08,0.0,5.1,15.193,0.859,6494.0,21484.0,4,16,,,,,,,,,,,,,,,,,,,,,,,,,,,,,,,,,,,,,,,,,,,,,,,,,,,,,,,,,,,,,
100,3,,,,,,,100,80,66,20,227.1,2730,10801,34,0,16.4,17.7;3.8;14.5;29.4;5.8;7.6;50.0;49.2;47.1;48.6;49.2;51.3;0.8;2.0;1.0;0.3;0.3;0.5;2.5;8.4;1.5;0.8;0.3;1.0,31.52,0.08,0.0,4.75,15.193,0.859,15673.0,12255.0,4,16,,,,,,,,,,,,,,,,,,,,,,,,,,,,,,,,,,,,,,,,,,,,,,,,,,,,,,,,,,,,,
100,4,,,,,,,100,100,65,17,226.8,2730,10801,34,0,17.7,20.0;4.9;30.9;22.9;11.3;8.8;26.7;74.5;44.7;54.4;45.2;56.4;4.4;4.4;1.8;1.3;1.3;1.3;3.9;0.8;2.1;1.0;1.3;0.8,31.51,0.08,0.0,3.03,15.193,0.859,13427.0,12402.0,4,16,,,,,,,,,,,,,,,,,,,,,,,,,,,,,,,,,,,,,,,,,,,,,,,,,,,,,,,,,,,,,
100,5,,,,,,,100,77,65,19,228.2,2730,10801,34,0,17.1,16.8;4.9;26.2;21.9;8.5;8.2;36.5;64.8;46.2;52.4;35.1;66.8;2.1;1.5;0.8;1.5;1.3;1.5;2.6;3.3;3.6;2.1;0.8;0.3,31.48,0.08,0.0,3.0,15.193,0.859,5615.0,11816.0,4,16,,,,,,,,,,,,,,,,,,,,,,,,,,,,,,,,,,,,,,,,,,,,,,,,,,,,,,,,,,,,,
100,6,,,,,,,100,77,66,17,227.3,2730,10801,34,0,16.7,11.9;3.6;25.8;20.9;10.1;7.2;28.7;73.1;44.1;55.0;46.5;53.5;2.3;3.1;0.8;0.5;1.8;1.3;3.1;3.1;1.5;1.3;0.5;1.0,31.46,0.08,0.01,2.17,15.193,0.859,10498.0,13183.0,4,16,,,,,,,,,,,,,,,,,,,,,,,,,,,,,,,,,,,,,,,,,,,,,,,,,,,,,,,,,,,,,
100,7,,,,,,,97,94,68,19,225.6,2730,10801,34,0,16.8,18.2;4.1;23.4;25.2;8.6;7.1;62.5;38.4;56.2;38.4;41.7;60.4;2.8;2.0;0.0;0.3;2.8;0.3;7.1;0.3;1.8;0.3;0.3;1.3,31.43,0.08,0.0,1.86,15.193,0.859,13085.0,12548.0,4,16,,,,,,,,,,,,,,,,,,,,,,,,,,,,,,,,,,,,,,,,,,,,,,,,,,,,,,,,,,,,,
100,8,,,,,,,100,75,66,19,228.6,2730,10801,34,0,8.7,17.5;0.8;6.2;5.4;5.2;1.3;30.6;54.8;17.4;4.1;41.3;10.1;0.5;1.0;0.8;0.0;0.8;0.3;0.3;4.9;2.3;0.3;1.3;1.0,31.43,0.08,0.0,1.4,15.193,0.859,5224.0,20898.0,4,16,,,,,,,,,,,,,,,,,,,,,,,,,,,,,,,,,,,,,,,,,,,,,,,,,,,,,,,,,,,,,
100,9,,,,,,,97,93,66,16,225.7,2730,10801,34,0,6.9,11.8;0.5;2.3;4.6;1.9;1.8;24.1;27.8;6.9;4.2;62.7;11.6;0.9;0.0;0.0;0.0;0.0;0.5;0.9;1.8;0.0;0.5;0.0;0.0,31.42,0.08,0.0,1.22,15.193,0.859,4638.0,103906.0,4,16,,,,,,,,,,,,,,,,,,,,,,,,,,,,,,,,,,,,,,,,,,,,,,,,,,,,,,,,,,,,,
100,summary,0.2936382017139247,0.9963429185604853,0.28347798930274115,0.9996666666666667,0.00099928,47.8,,,,,,,,,,,,,,,,,,,,,,0,88.22,100,1,74.78,100,58,65.0,68,16,19.11,26,83.5,211.09,228.6,2731.7,10801.0,34.0,0,6.9,20.74,61.3,31.42,31.49,31.61,63.16,0.08,0.08,0.08,16.0,0.0,0.0,0.03,1.22,3.99,13.41,11.008,14.334,15.193,15.19,15.193,15.992,0.859,0.86,0.859,4443.0,8788.56,15673.0,11816.0,45138.33,197753.0,4,4.0,4,16,16.0,16,4,16,39.88,6.98
101,1,,,,,,,0,1,58,26,83.2,2745,10801,34,0,61.3,72.7;67.2;76.3;74.0;77.1;72.5;84.7;82.4;79.4;72.7;88.6;76.3;56.8;55.0;39.1;32.6;57.6;48.1;32.1;26.5;56.8;49.6;42.4;49.6,31.6,0.08,0.01,13.44,15.193,0.859,15917.0,66308.0,4,16,,,,,,,,,,,,,,,,,,,,,,,,,,,,,,,,,,,,,,,,,,,,,,,,,,,,,,,,,,,,,
101,2,,,,,,,100,96,65,18,228.4,2730,10801,35,0,26.7,43.0;20.6;36.4;33.3;22.6;24.8;65.4;47.3;44.2;65.6;40.3;72.4;14.4;17.0;7.0;6.5;10.1;13.4;7.5;10.3;7.8;9.6;8.2;9.3,31.54,0.08,0.0,4.98,15.236,0.902,7226.0,29443.0,4,16,,,,,,,,,,,,,,,,,,,,,,,,,,,,,,,,,,,,,,,,,,,,,,,,,,,,,,,,,,,,,
101,3,,,,,,,95,84,66,19,220.2,2730,10801,35,0,21.1,27.4;8.3;30.5;33.6;18.8;18.8;53.7;48.9;42.9;55.7;46.6;57.8;10.1;5.5;2.8;2.5;9.0;3.3;11.1;6.3;4.8;2.3;2.5;3.5,31.64,0.08,0.01,4.96,15.313,0.979,3955.0,13037.0,4,16,,,,,,,,,,,,,,,,,,,,,,,,,,,,,,,,,,,,,,,,,,,,,,,,,,,,,,,,,,,,,
101,4,,,,,,,98,81,66,19,226.7,2730,10801,35,0,17.2,17.8;4.3;24.5;22.0;12.1;6.8;56.3;43.5;37.4;58.2;51.0;50.4;3.3;4.5;0.5;0.3;1.0;1.0;2.0;10.9;1.0;0.5;0.3;1.3,31.54,0.08,0.01,3.02,15.257,0.923,4101.0,12695.0,4,16,,,,,,,,,,,,,,,,,,,,,,,,,,,,,,,,,,,,,,,,,,,,,,,,,,,,,,,,,,,,,
101,5,,,,,,,100,96,66,18,225.7,2730,10801,34,0,25.9,33.2;18.0;34.8;41.2;30.8;26.1;34.4;70.7;46.2;54.0;36.4;68.9;17.9;15.8;5.6;2.8;9.8;10.6;23.6;14.7;10.8;5.3;4.8;5.3,31.81,0.08,0.01,4.14,15.223,0.889,34570.0,97753.0,4,16,,,,,,,,,,,,,,,,,,,,,,,,,,,,,,,,,,,,,,,,,,,,,,,,,,,,,,,,,,,,,
101,6,,,,,,,96,91,65,18,223.6,2730,10801,35,0,24.1,29.7;15.4;43.6;29.3;23.7;18.2;33.5;69.7;56.8;43.9;46.5;59.4;14.7;7.3;4.3;3.8;5.6;5.8;15.5;24.7;6.6;5.1;7.6;6.3,31.81,0.08,0.02,2.16,15.29,0.956,4394.0,66699.0,4,16,,,,,,,,,,,,,,,,,,,,,,,,,,,,,,,,,,,,,,,,,,,,,,,,,,,,,,,,,,,,,
101,7,,,,,,,100,76,66,18,225.7,2730,10801,35,0,21.0,28.8;11.8;31.6;29.0;17.9;21.8;60.4;43.2;53.9;46.4;45.0;59.3;7.1;8.6;2.8;2.0;8.1;3.3;3.8;3.0;3.3;3.8;3.8;4.6,31.87,0.08,0.01,1.93,15.255,0.921,32226.0,80224.0,4,16,,,,,,,,,,,,,,,,,,,,,,,,,,,,,,,,,,,,,,,,,,,,,,,,,,,,,,,,,,,,,
101,8,,,,,,,97,94,65,18,228.2,2730,10801,35,0,10.6,24.7;4.9;12.1;5.6;6.7;5.1;31.4;56.2;18.5;6.9;19.7;31.5;3.6;3.9;1.0;0.8;2.1;1.8;1.5;8.8;2.0;1.8;0.0;2.0,31.89,0.08,0.01,1.49,15.263,0.929,5078.0,12451.0,4,16,,,,,,,,,,,,,,,,,,,,,,,,,,,,,,,,,,,,,,,,,,,,,,,,,,,,,,,,,,,,,
101,9,,,,,,,96,81,67,19,217.3,2730,10801,35,0,8.5,16.2;3.6;6.7;4.9;4.5;1.8;15.6;22.4;7.2;11.2;84.3;13.0;1.8;2.7;0.9;0.5;0.5;0.4;1.4;1.3;0.4;0.5;1.4;0.0,31.7,0.08,0.0,6.68,15.251,0.917,57128.0,71337.0,4,16,,,,,,,,,,,,,,,,,,,,,,,,,,,,,,,,,,,,,,,,,,,,,,,,,,,,,,,,,,,,,
101,summary,0.29337494444084644,0.9963611356535838,0.2835358128282759,0.9996666666666667,0.00099879,48.4,,,,,,,,,,,,,,,,,,,,,,0,86.89,100,1,77.78,96,58,64.89,67,18,19.22,26,83.2,208.78,228.4,2731.7,10801.0,34.8,0,8.5,24.04,61.3,31.54,31.71,31.89,63.16,0.08,0.08,0.08,16.0,0.0,0.01,0.02,1.49,4.76,13.44,11.012,14.334,15.193,15.25,15.313,15.992,0.859,0.92,0.979,3955.0,18288.33,57128.0,12451.0,49994.11,97753.0,4,4.0,4,16,16.0,16,4,16,40.24,7.11
102,1,,,,,,,5,1,58,24,84.5,2745,10801,35,0,64.3,66.9;71.1;85.1;81.1;75.7;79.1;87.8;93.3;77.7;83.1;91.9;96.6;51.7;53.6;37.6;39.2;49.0;56.8;37.7;43.0;48.7;53.0;50.3;35.5,31.92,0.08,0.01,3.89,15.33,0.996,79199.0,321728.0,4,16,,,,,,,,,,,,,,,,,,,,,,,,,,,,,,,,,,,,,,,,,,,,,,,,,,,,,,,,,,,,,
102,2,,,,,,,100,73,66,18,225.6,2730,10801,35,0,26.4,30.5;20.4;34.0;36.0;19.7;28.8;42.6;68.7;52.8;56.4;55.4;56.6;15.1;15.6;8.0;9.0;10.3;14.5;8.7;9.5;9.3;12.1;8.7;11.4,31.84,0.08,0.0,4.92,15.262,0.928,110449.0,217187.0,4,16,,,,,,,,,,,,,,,,,,,,,,,,,,,,,,,,,,,,,,,,,,,,,,,,,,,,,,,,,,,,,
102,3,,,,,,,98,81,66,18,225.6,2730,10801,35,0,20.0,17.4;3.2;9.9;9.6;6.9;4.2;79.5;86.5;29.0;36.6;91.9;91.2;2.0;1.7;0.7;0.2;2.0;0.5;1.7;0.5;1.0;1.0;0.5;1.5,31.81,0.08,0.01,4.72,15.213,0.879,67382.0,12451.0,4,16,,,,,,,,,,,,,,,,,,,,,,,,,,,,,,,,,,,,,,,,,,,,,,,,,,,,,,,,,,,,,
102,4,,,,,,,96,92,68,19,218.7,2730,10801,35,0,21.2,18.6;5.2;15.8;13.5;7.4;7.7;92.6;81.4;31.4;37.2;91.6;80.9;4.0;2.5;0.7;1.2;2.0;0.2;4.7;3.2;2.0;1.2;0.7;2.5,31.75,0.08,0.0,2.92,15.213,0.879,4248.0,12451.0,4,16,,,,,,,,,,,,,,,,,,,,,,,,,,,,,,,,,,,,,,,,,,,,,,,,,,,,,,,,,,,,,
102,5,,,,,,,100,78,67,19,227.5,2730,10801,35,0,21.0,13.7;2.0;16.7;14.7;6.6;5.6;80.5;86.3;44.4;53.2;92.4;82.0;1.0;0.5;1.3;0.3;0.3;0.8;0.5;0.8;0.5;0.0;0.3;1.0,31.74,0.08,0.02,3.11,15.213,0.879,3564.0,11279.0,4,16,,,,,,,,,,,,,,,,,,,,,,,,,,,,,,,,,,,,,,,,,,,,,,,,,,,,,,,,,,,,,
102,6,,,,,,,98,82,67,18,228.5,2730,10801,35,0,19.5,13.1;2.3;11.2;9.4;4.2;3.6;82.1;85.4;42.7;45.3;79.5;79.3;1.6;1.0;0.3;0.3;0.3;0.3;3.1;0.5;0.3;0.0;0.8;1.6,31.71,0.08,0.0,2.06,15.213,0.879,3662.0,12695.0,4,16,,,,,,,,,,,,,,,,,,,,,,,,,,,,,,,,,,,,,,,,,,,,,,,,,,,,,,,,,,,,,
102,7,,,,,,,98,79,67,17,227.5,2730,10801,35,0,19.8,15.5;2.3;11.4;7.5;3.4;2.6;93.5;87.8;43.4;35.4;77.7;85.0;1.0;0.5;0.0;0.0;0.3;0.5;0.3;1.3;0.8;0.3;2.6;1.8,31.69,0.08,0.0,1.87,15.213,0.879,4785.0,11474.0,4,16,,,,,,,,,,,,,,,,,,,,,,,,,,,,,,,,,,,,,,,,,,,,,,,,,,,,,,,,,,,,,
102,8,,,,,,,98,95,66,18,217.4,2730,10801,35,0,9.1,13.1;1.8;2.8;1.3;1.8;1.0;30.9;54.4;13.7;7.5;35.9;42.4;2.1;0.8;0.8;1.0;1.0;0.5;0.3;0.5;0.8;0.3;0.5;1.8,31.64,0.08,0.01,1.54,15.213,0.879,4199.0,12207.0,4,16,,,,,,,,,,,,,,,,,,,,,,,,,,,,,,,,,,,,,,,,,,,,,,,,,,,,,,,,,,,,,
102,9,,,,,,,100,76,66,16,228.1,2730,10801,35,0,6.6,20.2;0.9;0.9;1.4;1.4;0.0;63.6;22.3;3.3;2.3;18.7;23.4;0.0;0.5;0.0;0.0;0.0;0.0;0.0;0.0;0.0;0.0;0.0;0.0,31.62,0.08,0.0,6.74,15.213,0.879,4736.0,11718.0,4,16,,,,,,,,,,,,,,,,,,,,,,,,,,,,,,,,,,,,,,,,,,,,,,,,,,,,,,,,,,,,,
102,summary,0.29379602191750875,0.996222230318708,0.28375259558359783,0.9992222222222222,0.00099818,48.4,,,,,,,,,,,,,,,,,,,,,,5,88.11,100,1,73.0,95,58,65.67,68,16,18.56,24,84.5,209.27,228.5,2731.7,10801.0,35.0,0,6.6,23.1,64.3,31.62,31.75,31.92,63.16,0.08,0.08,0.08,16.0,0.0,0.01,0.02,1.54,3.53,6.74,11.012,14.334,15.213,15.23,15.33,15.992,0.879,0.9,0.996,3564.0,31358.22,110449.0,11279.0,69243.33,321728.0,4,4.0,4,16,16.0,16,4,16,38.38,8.98
103,1,,,,,,,0,0,58,26,94.0,2745,10801,35,0,61.2,76.9;73.0;85.1;85.8;83.7;81.6;92.3;97.2;82.3;84.4;82.4;94.3;51.8;56.7;23.4;25.5;43.7;48.2;19.9;19.1;42.6;43.3;41.8;33.3,31.82,0.08,0.04,3.94,15.213,0.879,3759.0,12792.0,4,16,,,,,,,,,,,,,,,,,,,,,,,,,,,,,,,,,,,,,,,,,,,,,,,,,,,,,,,,,,,,,
103,2,,,,,,,98,95,65,18,226.3,2730,10801,35,0,26.7,21.8;11.7;17.4;22.7;13.5;17.4;82.1;90.4;45.7;56.4;89.1;83.2;9.4;12.2;3.4;3.9;9.6;11.1;3.6;2.6;9.3;9.4;6.2;8.8,31.73,0.08,0.0,6.01,15.213,0.879,3613.0,47705.0,4,16,,,,,,,,,,,,,,,,,,,,,,,,,,,,,,,,,,,,,,,,,,,,,,,,,,,,,,,,,,,,,
103,3,,,,,,,100,99,65,19,226.6,2730,10801,35,0,20.6,15.5;2.6;12.5;9.4;4.5;4.2;78.3;92.1;36.6;48.6;93.2;81.9;2.1;2.1;0.3;0.3;1.6;0.5;0.5;2.1;0.8;0.8;1.1;2.1,31.69,0.08,0.0,4.01,15.238,0.904,4492.0,12060.0,4,16,,,,,,,,,,,,,,,,,,,,,,,,,,,,,,,,,,,,,,,,,,,,,,,,,,,,,,,,,,,,,
103,4,,,,,,,96,90,65,19,225.4,2730,10801,35,0,19.6,15.9;2.3;14.9;4.6;4.4;2.8;83.7;90.0;40.9;46.3;78.9;76.9;2.3;1.3;0.8;0.3;0.5;0.5;0.3;0.5;1.0;0.5;0.3;0.8,31.68,0.08,0.0,4.28,15.251,0.917,3759.0,11035.0,4,16,,,,,,,,,,,,,,,,,,,,,,,,,,,,,,,,,,,,,,,,,,,,,,,,,,,,,,,,,,,,,
103,5,,,,,,,100,72,68,19,228.3,2730,10801,35,0,19.3,14.2;0.5;8.9;7.1;5.8;3.1;86.9;93.7;41.2;26.9;75.2;84.3;0.8;0.8;0.8;0.3;0.8;0.3;2.8;5.3;0.3;1.0;0.3;1.3,31.66,0.08,0.0,2.99,15.236,0.902,4003.0,68212.0,4,16,,,,,,,,,,,,,,,,,,,,,,,,,,,,,,,,,,,,,,,,,,,,,,,,,,,,,,,,,,,,,
103,6,,,,,,,100,74,67,18,228.6,2730,10801,35,0,19.9,12.2;2.1;14.1;7.2;3.9;3.6;79.6;82.5;49.0;38.5;89.7;76.5;1.8;1.3;0.0;0.3;1.0;0.3;3.3;4.4;1.5;2.1;1.0;0.8,31.64,0.08,0.01,2.11,15.236,0.902,3271.0,11181.0,4,16,,,,,,,,,,,,,,,,,,,,,,,,,,,,,,,,,,,,,,,,,,,,,,,,,,,,,,,,,,,,,
103,7,,,,,,,96,94,66,18,227.2,2730,10801,35,0,19.6,11.3;1.0;10.6;6.2;5.5;5.5;90.6;87.8;37.4;30.4;90.1;85.2;0.8;0.3;0.5;0.0;0.0;0.3;0.0;0.3;0.0;0.3;2.3;2.6,31.63,0.08,0.0,1.9,15.236,0.902,5078.0,12792.0,4,16,,,,,,,,,,,,,,,,,,,,,,,,,,,,,,,,,,,,,,,,,,,,,,,,,,,,,,,,,,,,,
103,8,,,,,,,97,93,65,18,226.4,2730,10801,35,0,8.9,11.1;2.1;4.4;4.9;1.6;0.8;25.3;63.4;7.0;5.5;46.0;35.0;1.0;0.5;0.3;0.5;0.0;0.0;0.0;0.0;1.8;0.8;0.5;0.0,31.63,0.08,0.0,1.41,15.236,0.902,4785.0,12988.0,4,16,,,,,,,,,,,,,,,,,,,,,,,,,,,,,,,,,,,,,,,,,,,,,,,,,,,,,,,,,,,,,
103,9,,,,,,,97,84,66,17,227.3,2730,10801,35,0,6.4,13.9;0.9;3.6;1.8;1.4;0.5;40.7;11.3;6.8;3.2;46.2;18.6;0.9;0.9;0.0;0.0;0.0;0.0;0.0;0.0;0.5;0.5;0.0;1.8,31.63,0.08,0.0,6.56,15.236,0.902,4248.0,13232.0,4,16,,,,,,,,,,,,,,,,,,,,,,,,,,,,,,,,,,,,,,,,,,,,,,,,,,,,,,,,,,,,,
103,summary,0.29388043750017256,0.9962973758277391,0.2837283863491482,0.9994444444444445,0.00099743,47.7,,,,,,,,,,,,,,,,,,,,,,0,87.11,100,0,77.89,99,58,65.0,68,17,19.11,26,94.0,212.23,228.6,2731.7,10801.0,35.0,0,6.4,22.47,61.2,31.63,31.68,31.82,63.16,0.08,0.08,0.08,16.0,0.0,0.01,0.04,1.41,3.69,6.56,11.011,14.334,15.213,15.23,15.251,15.992,0.879,0.9,0.917,3271.0,4112.0,5078.0,11035.0,22444.11,68212.0,4,4.0,4,16,16.0,16,4,16,36.93,9.78
104,1,,,,,,,0,0,58,26,82.5,2745,10801,35,0,61.1,77.7;80.6;84.7;83.3;84.1;81.4;87.7;95.2;81.2;86.9;93.1;88.8;58.0;57.6;18.9;19.6;50.3;50.3;21.0;18.2;39.2;41.3;32.2;30.8,31.82,0.08,0.0,0.59,15.236,0.902,6054.0,12207.0,4,16,,,,,,,,,,,,,,,,,,,,,,,,,,,,,,,,,,,,,,,,,,,,,,,,,,,,,,,,,,,,,
104,2,,,,,,,96,93,66,18,225.9,2730,10801,35,0,26.4,22.4;10.8;20.9;20.1;13.1;12.6;89.9;89.2;47.2;50.0;85.1;95.4;10.1;10.6;3.4;1.8;8.2;9.3;2.8;3.1;8.2;7.5;6.4;5.7,31.73,0.08,0.0,6.16,15.236,0.902,3759.0,11669.0,4,16,,,,,,,,,,,,,,,,,,,,,,,,,,,,,,,,,,,,,,,,,,,,,,,,,,,,,,,,,,,,,
104,3,,,,,,,96,90,66,18,225.6,2730,10801,35,0,19.6,13.9;1.3;10.4;7.5;3.6;2.1;93.3;92.0;42.2;38.6;76.2;75.4;2.1;0.3;1.3;0.0;0.5;0.5;1.6;3.6;1.8;1.0;1.0;1.0,31.72,0.08,0.01,4.25,15.236,0.902,3808.0,12597.0,4,16,,,,,,,,,,,,,,,,,,,,,,,,,,,,,,,,,,,,,,,,,,,,,,,,,,,,,,,,,,,,,
104,4,,,,,,,97,92,66,18,225.4,2730,10801,35,0,19.7,15.0;2.9;13.5;7.0;2.8;1.3;89.9;88.9;41.3;57.4;80.3;64.3;1.0;0.5;0.5;0.5;0.0;0.0;4.4;1.0;0.0;0.0;0.0;0.0,31.69,0.08,0.0,3.9,15.236,0.902,3906.0,12744.0,4,16,,,,,,,,,,,,,,,,,,,,,,,,,,,,,,,,,,,,,,,,,,,,,,,,,,,,,,,,,,,,,
104,5,,,,,,,100,73,69,16,229.0,2730,10801,35,0,19.7,15.1;3.0;13.3;6.9;3.3;3.1;87.5;91.9;41.8;39.8;81.4;72.3;1.0;0.8;0.5;1.0;0.8;0.3;0.3;1.8;2.8;1.3;0.3;2.3,31.67,0.08,0.01,2.54,15.236,0.902,3955.0,12500.0,4,16,,,,,,,,,,,,,,,,,,,,,,,,,,,,,,,,,,,,,,,,,,,,,,,,,,,,,,,,,,,,,
104,6,,,,,,,100,74,66,19,227.9,2730,10801,35,0,19.2,15.0;2.3;9.0;6.2;3.6;0.3;83.4;90.9;35.1;37.8;87.9;85.9;0.5;0.3;0.0;0.3;0.0;0.3;0.8;0.0;0.0;0.0;1.0;0.5,31.64,0.08,0.0,2.56,15.236,0.902,3369.0,11914.0,4,16,,,,,,,,,,,,,,,,,,,,,,,,,,,,,,,,,,,,,,,,,,,,,,,,,,,,,,,,,,,,,
104,7,,,,,,,96,76,66,18,226.6,2730,10801,35,0,19.9,15.4;3.4;14.0;7.5;4.4;2.6;71.8;80.1;28.9;50.0;91.2;92.0;2.1;1.3;0.8;0.0;1.0;1.0;1.6;1.0;1.3;0.3;2.6;3.3,31.65,0.08,0.01,1.56,15.236,0.902,3320.0,12695.0,4,16,,,,,,,,,,,,,,,,,,,,,,,,,,,,,,,,,,,,,,,,,,,,,,,,,,,,,,,,,,,,,
104,8,,,,,,,97,93,67,19,226.6,2730,10801,35,0,9.1,16.7;0.5;3.9;2.6;2.3;3.6;37.0;51.4;10.2;5.7;35.7;42.4;0.8;0.5;0.0;0.0;0.5;0.0;0.0;0.0;1.0;0.8;0.5;0.8,31.64,0.08,0.0,1.7,15.236,0.902,3808.0,14941.0,4,16,,,,,,,,,,,,,,,,,,,,,,,,,,,,,,,,,,,,,,,,,,,,,,,,,,,,,,,,,,,,,
104,9,,,,,,,100,94,67,17,228.6,2730,10801,35,0,6.0,14.2;2.2;0.4;0.4;0.4;0.0;18.6;13.0;4.8;1.3;81.3;4.4;0.9;0.4;0.0;0.0;0.0;0.4;0.0;0.0;0.4;0.9;0.0;0.0,31.64,0.08,0.0,1.23,15.236,0.902,0.0,439.0,4,16,,,,,,,,,,,,,,,,,,,,,,,,,,,,,,,,,,,,,,,,,,,,,,,,,,,,,,,,,,,,,
104,summary,0.29395017679484664,0.9961539162195888,0.2838506485356225,0.9991111111111111,0.00099656,47.9,,,,,,,,,,,,,,,,,,,,,,0,86.89,100,0,76.11,94,58,65.67,69,16,18.78,26,82.5,210.9,229.0,2731.7,10801.0,35.0,0,6.0,22.3,61.1,31.64,31.69,31.82,63.16,0.08,0.08,0.08,16.0,0.0,0.0,0.01,0.59,2.72,6.16,11.012,14.334,15.236,15.24,15.236,15.992,0.902,0.9,0.902,0.0,3553.22,6054.0,439.0,11300.67,14941.0,4,4.0,4,16,16.0,16,4,16,37.57,9.35
105,1,,,,,,,21,21,57,27,57.1,1515,5001,35,0,61.8,65.8;72.2;87.5;88.9;88.9;86.9;93.1;94.5;85.4;85.4;88.3;88.3;52.1;50.0;21.4;25.5;50.3;58.3;25.0;28.3;42.8;41.1;33.1;32.2,31.81,0.08,0.0,12.09,15.236,0.902,3173.0,28369.0,4,16,,,,,,,,,,,,,,,,,,,,,,,,,,,,,,,,,,,,,,,,,,,,,,,,,,,,,,,,,,,,,
105,2,,,,,,,100,75,68,19,228.5,2730,10801,35,0,26.4,23.5;10.7;24.6;15.9;12.3;13.0;92.3;94.9;44.8;67.0;76.5;89.0;8.2;8.2;1.8;3.6;6.4;9.2;3.8;2.0;5.4;8.2;4.9;6.4,31.72,0.08,0.0,4.9,15.236,0.902,3857.0,9619.0,4,16,,,,,,,,,,,,,,,,,,,,,,,,,,,,,,,,,,,,,,,,,,,,,,,,,,,,,,,,,,,,,
105,3,,,,,,,97,76,66,16,226.5,2730,10801,35,0,19.8,12.3;3.4;14.2;8.0;4.7;3.6;95.9;94.0;41.3;45.6;67.4;77.5;0.5;1.6;0.0;0.3;0.5;0.3;0.3;1.6;0.5;0.3;0.3;0.8,31.68,0.08,0.0,4.87,15.236,0.902,4296.0,99169.0,4,16,,,,,,,,,,,,,,,,,,,,,,,,,,,,,,,,,,,,,,,,,,,,,,,,,,,,,,,,,,,,,
105,4,,,,,,,96,92,66,19,226.9,2730,10801,35,0,20.0,17.3;1.0;9.6;7.3;4.4;1.3;96.1;92.7;42.3;45.7;77.9;75.1;0.8;1.3;0.0;0.5;0.3;2.8;0.3;0.0;0.8;0.5;1.3;1.6,31.68,0.08,0.01,3.1,15.236,0.902,4003.0,12646.0,4,16,,,,,,,,,,,,,,,,,,,,,,,,,,,,,,,,,,,,,,,,,,,,,,,,,,,,,,,,,,,,,
105,5,,,,,,,96,94,65,18,226.3,2730,10801,35,0,19.2,14.8;2.8;12.5;5.1;3.3;3.1;83.2;73.5;35.5;51.3;80.9;85.8;1.3;2.3;0.5;0.3;0.5;1.3;0.3;0.0;1.0;0.5;0.5;1.0,31.65,0.08,0.0,2.98,15.236,0.902,3906.0,31005.0,4,16,,,,,,,,,,,,,,,,,,,,,,,,,,,,,,,,,,,,,,,,,,,,,,,,,,,,,,,,,,,,,
105,6,,,,,,,100,76,68,18,229.2,2730,10801,35,0,19.4,11.9;1.8;8.3;2.8;3.9;2.1;74.4;86.0;30.6;48.4;88.7;94.3;1.8;1.8;0.3;0.3;1.0;0.5;1.8;2.6;0.5;0.5;0.0;0.5,31.64,0.08,0.0,2.05,15.236,0.902,3857.0,10058.0,4,16,,,,,,,,,,,,,,,,,,,,,,,,,,,,,,,,,,,,,,,,,,,,,,,,,,,,,,,,,,,,,
105,7,,,,,,,100,78,67,18,229.2,2730,10801,35,0,19.6,12.3;2.3;10.4;10.2;4.4;2.6;80.5;74.0;31.2;51.8;85.7;90.1;0.8;2.1;0.3;0.0;0.3;1.3;0.8;0.0;1.3;1.8;2.6;4.2,31.63,0.08,0.0,1.51,15.236,0.902,4101.0,12646.0,4,16,,,,,,,,,,,,,,,,,,,,,,,,,,,,,,,,,,,,,,,,,,,,,,,,,,,,,,,,,,,,,
105,8,,,,,,,100,82,67,18,228.1,2730,10801,35,0,8.6,12.6;0.5;3.4;1.8;1.0;0.3;23.9;53.9;8.3;10.6;35.8;49.9;0.3;2.1;0.5;0.0;0.3;0.0;0.0;0.0;0.8;0.0;0.0;0.3,31.6,0.08,0.01,1.71,15.236,0.902,5175.0,12304.0,4,16,,,,,,,,,,,,,,,,,,,,,,,,,,,,,,,,,,,,,,,,,,,,,,,,,,,,,,,,,,,,,
105,9,,,,,,,98,97,66,17,227.1,2730,10801,35,0,6.4,11.8;1.4;1.9;0.9;0.0;0.9;19.5;17.1;4.2;2.3;85.1;2.8;0.9;0.5;0.0;0.5;0.0;0.5;0.0;0.0;0.5;0.5;0.5;1.9,31.61,0.08,0.02,1.34,15.236,0.902,6591.0,11523.0,4,16,,,,,,,,,,,,,,,,,,,,,,,,,,,,,,,,,,,,,,,,,,,,,,,,,,,,,,,,,,,,,
105,summary,0.2936111779793194,0.9962996529643765,0.2837061143981086,0.9995555555555555,0.00099557,47.8,,,,,,,,,,,,,,,,,,,,,,21,89.78,100,21,76.78,97,57,65.56,68,16,18.89,27,57.1,208.77,229.2,2595.0,10156.6,35.0,0,6.4,22.36,61.8,31.6,31.67,31.81,63.16,0.08,0.08,0.08,16.0,0.0,0.0,0.02,1.34,3.84,12.09,11.01,14.334,15.236,15.24,15.236,15.992,0.902,0.9,0.902,3173.0,4328.78,6591.0,9619.0,25259.89,99169.0,4,4.0,4,16,16.0,16,4,16,37.6,9.15
106,1,,,,,,,0,1,58,26,83.0,2745,10801,35,0,61.1,79.5;73.9;84.5;81.0;82.4;83.1;95.1;89.4;81.0;78.9;93.7;88.0;59.7;58.3;19.0;22.4;44.8;53.8;21.7;23.0;38.9;49.3;42.7;27.3,31.79,0.08,0.0,12.25,15.236,0.902,3320.0,11425.0,4,16,,,,,,,,,,,,,,,,,,,,,,,,,,,,,,,,,,,,,,,,,,,,,,,,,,,,,,,,,,,,,
106,2,,,,,,,100,77,66,18,228.7,2730,10801,35,0,25.8,25.1;10.1;23.0;21.5;15.7;13.4;96.5;94.7;57.5;38.6;78.5;65.7;10.1;8.1;4.3;5.3;6.6;7.3;6.6;4.8;6.1;6.8;6.3;5.6,31.7,0.08,0.0,4.89,15.237,0.903,3320.0,11816.0,4,16,,,,,,,,,,,,,,,,,,,,,,,,,,,,,,,,,,,,,,,,,,,,,,,,,,,,,,,,,,,,,
106,3,,,,,,,100,77,65,19,227.6,2730,10801,35,0,20.2,16.1;0.8;13.3;10.4;4.7;3.1;96.6;95.1;44.8;41.0;78.9;70.1;2.1;1.0;0.5;0.5;0.3;1.3;2.1;0.8;0.8;0.0;0.3;1.6,31.67,0.08,0.0,4.89,15.237,0.903,3808.0,11718.0,4,16,,,,,,,,,,,,,,,,,,,,,,,,,,,,,,,,,,,,,,,,,,,,,,,,,,,,,,,,,,,,,
106,4,,,,,,,97,77,67,18,227.4,2730,10801,35,0,19.8,14.8;3.1;12.1;9.8;3.9;3.4;84.0;85.1;40.6;41.1;86.6;81.1;1.3;0.5;0.3;0.3;1.0;0.5;3.1;0.3;1.8;1.3;0.0;0.3,31.64,0.08,0.0,3.02,15.237,0.903,3613.0,12646.0,4,16,,,,,,,,,,,,,,,,,,,,,,,,,,,,,,,,,,,,,,,,,,,,,,,,,,,,,,,,,,,,,
106,5,,,,,,,97,95,68,16,226.5,2730,10801,35,0,18.6,12.1;1.6;11.4;7.3;2.6;1.6;67.0;78.7;32.6;53.2;82.1;93.8;0.0;0.8;0.0;0.5;0.3;0.0;0.0;0.0;0.0;0.0;1.0;1.6,31.64,0.08,0.01,3.04,15.237,0.903,3710.0,12695.0,4,16,,,,,,,,,,,,,,,,,,,,,,,,,,,,,,,,,,,,,,,,,,,,,,,,,,,,,,,,,,,,,
106,6,,,,,,,100,81,65,15,228.7,2730,10801,36,0,18.9,14.3;1.5;8.6;8.1;2.5;2.3;83.3;71.3;25.6;48.2;87.3;90.6;1.8;1.3;0.3;0.5;1.0;0.8;0.0;0.5;1.8;1.8;0.0;0.5,31.63,0.08,0.0,2.04,15.237,0.903,3564.0,9375.0,4,16,,,,,,,,,,,,,,,,,,,,,,,,,,,,,,,,,,,,,,,,,,,,,,,,,,,,,,,,,,,,,
106,7,,,,,,,100,78,66,19,228.7,2730,10801,35,0,19.6,20.8;2.1;13.2;13.5;3.9;4.2;69.4;77.1;25.8;54.3;89.1;88.3;1.0;0.8;0.5;0.5;0.5;0.3;0.5;0.5;0.3;0.3;0.3;2.1,31.62,0.08,0.0,1.88,15.237,0.903,4443.0,12158.0,4,16,,,,,,,,,,,,,,,,,,,,,,,,,,,,,,,,,,,,,,,,,,,,,,,,,,,,,,,,,,,,,
106,8,,,,,,,100,78,67,18,228.4,2730,10801,36,0,8.8,13.7;1.0;2.1;4.4;1.3;0.5;32.0;67.4;9.6;4.1;24.7;46.0;0.5;0.3;0.0;0.0;0.3;0.5;0.0;0.0;1.0;0.8;0.8;0.5,31.6,0.08,0.0,1.36,15.237,0.903,5126.0,12939.0,4,16,,,,,,,,,,,,,,,,,,,,,,,,,,,,,,,,,,,,,,,,,,,,,,,,,,,,,,,,,,,,,
106,9,,,,,,,97,94,66,18,226.6,2730,10801,36,0,6.7,11.9;0.5;3.2;0.9;0.9;0.5;55.6;10.1;3.7;3.7;44.2;18.4;0.5;0.5;0.0;0.5;0.5;0.5;0.5;0.5;1.4;0.9;0.5;0.5,31.6,0.08,0.0,1.26,15.237,0.903,4394.0,12841.0,4,16,,,,,,,,,,,,,,,,,,,,,,,,,,,,,,,,,,,,,,,,,,,,,,,,,,,,,,,,,,,,,
106,summary,0.2939011365745576,0.996206290362247,0.2842161446677314,0.9992222222222222,0.00099445,47.8,,,,,,,,,,,,,,,,,,,,,,0,87.89,100,1,73.11,95,58,65.33,68,15,18.56,26,83.0,211.73,228.7,2731.7,10801.0,35.3,0,6.7,22.17,61.1,31.6,31.65,31.79,63.16,0.08,0.08,0.08,16.0,0.0,0.0,0.01,1.26,3.85,12.25,11.012,14.334,15.236,15.24,15.237,15.992,0.902,0.9,0.903,3320.0,3922.0,5126.0,9375.0,11957.0,12939.0,4,4.0,4,16,16.0,16,4,16,37.33,9.45
107,1,,,,,,,0,1,58,26,81.8,2745,10801,36,0,61.6,76.2;78.9;80.9;81.6;83.7;83.0;83.7;94.3;86.6;89.4;92.9;90.1;51.4;60.3;26.1;22.5;34.8;48.9;26.4;30.0;44.7;41.5;38.0;33.3,31.78,0.08,0.0,12.32,15.237,0.903,11328.0,11816.0,4,16,,,,,,,,,,,,,,,,,,,,,,,,,,,,,,,,,,,,,,,,,,,,,,,,,,,,,,,,,,,,,
107,2,,,,,,,100,96,64,18,227.9,2730,10801,35,0,25.5,20.0;10.7;27.4;17.5;11.7;11.9;94.2;92.9;59.0;39.8;72.8;75.3;9.9;8.6;2.5;4.3;9.1;8.1;1.5;1.8;10.7;8.6;5.6;7.6,31.7,0.08,0.01,5.88,15.237,0.903,8740.0,11474.0,4,16,,,,,,,,,,,,,,,,,,,,,,,,,,,,,,,,,,,,,,,,,,,,,,,,,,,,,,,,,,,,,
107,3,,,,,,,100,76,65,19,228.2,2730,10801,36,0,20.7,16.8;4.7;14.0;10.4;5.4;3.4;87.0;88.3;40.7;52.6;75.2;79.5;1.3;2.1;1.0;1.3;1.6;1.3;0.5;0.8;3.4;1.3;1.3;2.3,31.71,0.08,0.0,3.97,15.237,0.903,3857.0,11718.0,4,16,,,,,,,,,,,,,,,,,,,,,,,,,,,,,,,,,,,,,,,,,,,,,,,,,,,,,,,,,,,,,
107,4,,,,,,,100,78,66,17,227.9,2730,10801,36,0,19.3,15.9;1.6;11.9;10.9;3.1;2.6;68.7;71.0;43.7;53.4;86.1;86.3;1.0;0.8;1.3;0.5;0.3;1.0;0.5;1.6;0.8;1.0;0.0;0.0,31.68,0.08,0.01,3.06,15.237,0.903,3515.0,11279.0,4,16,,,,,,,,,,,,,,,,,,,,,,,,,,,,,,,,,,,,,,,,,,,,,,,,,,,,,,,,,,,,,
107,5,,,,,,,97,77,67,18,227.6,2730,10801,36,0,19.5,9.7;0.8;8.0;11.7;2.3;3.3;64.7;71.3;38.1;56.4;96.6;93.3;0.8;0.5;1.8;0.3;0.3;0.8;4.1;1.0;0.8;0.3;0.8;2.3,31.66,0.08,0.01,3.12,15.237,0.903,9228.0,9912.0,4,16,,,,,,,,,,,,,,,,,,,,,,,,,,,,,,,,,,,,,,,,,,,,,,,,,,,,,,,,,,,,,
107,6,,,,,,,100,91,65,19,216.6,2730,10801,36,0,20.6,16.1;4.6;12.0;9.9;7.4;5.9;77.9;71.1;31.9;50.1;92.4;95.4;2.0;1.8;1.8;1.0;2.8;1.0;2.3;2.0;1.3;1.3;0.0;1.3,31.67,0.08,0.03,2.26,15.237,0.903,3710.0,12500.0,4,16,,,,,,,,,,,,,,,,,,,,,,,,,,,,,,,,,,,,,,,,,,,,,,,,,,,,,,,,,,,,,
107,7,,,,,,,100,77,67,18,228.1,2730,10801,36,0,19.3,16.0;1.6;9.1;6.0;2.1;2.9;86.5;88.1;36.4;43.6;80.5;80.3;1.0;0.3;1.0;0.5;0.5;0.5;3.1;0.3;1.3;1.8;0.3;0.0,31.65,0.08,0.17,2.5,15.237,0.903,3857.0,12451.0,4,16,,,,,,,,,,,,,,,,,,,,,,,,,,,,,,,,,,,,,,,,,,,,,,,,,,,,,,,,,,,,,
107,8,,,,,,,100,76,66,15,227.6,2730,10801,36,0,8.5,11.7;0.0;3.6;1.5;0.8;0.8;39.3;63.7;8.2;7.7;15.9;47.2;0.3;0.5;0.5;0.3;0.0;0.3;0.5;0.0;0.5;0.3;0.0;0.3,31.63,0.08,0.01,1.43,15.237,0.903,3955.0,31396.0,4,16,,,,,,,,,,,,,,,,,,,,,,,,,,,,,,,,,,,,,,,,,,,,,,,,,,,,,,,,,,,,,
107,9,,,,,,,100,100,66,17,227.8,2730,10801,35,0,6.5,12.4;0.9;3.3;1.9;0.0;0.9;17.5;33.6;5.2;1.9;62.3;9.0;0.5;0.0;0.5;0.0;0.5;0.5;0.0;0.0;0.9;1.4;0.5;1.9,31.61,0.08,0.0,6.61,15.237,0.903,4248.0,12841.0,4,16,,,,,,,,,,,,,,,,,,,,,,,,,,,,,,,,,,,,,,,,,,,,,,,,,,,,,,,,,,,,,
107,summary,0.29351191377601116,0.9963224243307496,0.2836333089934455,0.9995555555555555,0.00099321,47.9,,,,,,,,,,,,,,,,,,,,,,0,88.56,100,1,74.67,100,58,64.89,67,15,18.56,26,81.8,210.39,228.2,2731.7,10801.0,35.8,0,6.5,22.39,61.6,31.61,31.68,31.78,63.16,0.08,0.08,0.08,16.0,0.0,0.03,0.17,1.43,4.57,12.32,11.012,14.334,15.237,15.24,15.237,15.992,0.903,0.9,0.903,3515.0,5826.44,11328.0,9912.0,13931.89,31396.0,4,4.0,4,16,16.0,16,4,16,37.32,9.5
108,1,,,,,,,0,0,58,27,84.7,2745,10801,35,0,60.3,75.0;78.9;84.2;84.2;80.8;80.8;88.4;89.1;81.0;85.6;91.1;89.7;51.0;60.5;25.3;25.2;41.8;49.0;23.0;24.0;39.6;41.8;27.7;33.6,31.81,0.08,0.01,3.78,15.237,0.903,4492.0,10742.0,4,16,,,,,,,,,,,,,,,,,,,,,,,,,,,,,,,,,,,,,,,,,,,,,,,,,,,,,,,,,,,,,
108,2,,,,,,,100,81,65,19,228.6,2730,10801,36,0,25.9,20.1;9.8;25.0;17.8;18.8;17.3;88.1;88.2;42.5;51.2;83.0;84.9;9.3;10.5;3.4;3.4;8.5;8.8;2.6;0.8;6.9;8.0;4.6;7.7,31.73,0.08,0.0,5.97,15.237,0.903,3759.0,12646.0,4,16,,,,,,,,,,,,,,,,,,,,,,,,,,,,,,,,,,,,,,,,,,,,,,,,,,,,,,,,,,,,,
108,3,,,,,,,96,95,69,18,224.9,2730,10801,36,0,19.0,16.4;3.3;5.6;7.9;2.6;5.6;82.9;87.0;39.3;36.6;78.0;82.4;0.3;0.5;0.0;0.0;0.8;0.3;1.0;2.1;0.5;0.0;0.8;0.8,31.7,0.08,0.01,3.79,15.237,0.903,4199.0,12402.0,4,16,,,,,,,,,,,,,,,,,,,,,,,,,,,,,,,,,,,,,,,,,,,,,,,,,,,,,,,,,,,,,
108,4,,,,,,,96,93,66,18,225.3,2730,10801,36,0,20.6,17.9;4.1;13.4;11.4;5.4;4.6;79.6;74.7;26.2;47.2;91.2;96.9;0.5;2.8;0.5;0.5;1.5;1.5;1.3;3.3;1.3;2.6;3.6;1.8,31.67,0.08,0.0,3.77,15.237,0.903,5371.0,12060.0,4,16,,,,,,,,,,,,,,,,,,,,,,,,,,,,,,,,,,,,,,,,,,,,,,,,,,,,,,,,,,,,,
108,5,,,,,,,100,100,67,15,227.4,2730,10801,36,0,20.1,12.3;2.1;12.6;11.1;3.9;5.4;69.2;79.0;37.4;47.9;92.6;93.6;0.8;1.3;0.5;1.0;0.5;1.0;2.6;1.5;2.3;1.3;1.3;1.8,31.66,0.08,0.0,2.4,15.237,0.903,3466.0,12646.0,4,16,,,,,,,,,,,,,,,,,,,,,,,,,,,,,,,,,,,,,,,,,,,,,,,,,,,,,,,,,,,,,
108,6,,,,,,,100,96,66,19,229.1,2730,10801,36,0,21.2,16.3;3.6;15.8;11.7;3.9;7.0;83.9;87.8;33.4;46.8;86.5;96.6;1.8;0.3;0.8;0.3;1.0;0.0;6.5;3.1;0.5;1.6;0.5;0.8,31.11,0.12,0.0,9.48,15.237,0.903,3613.0,11816.0,4,16,,,,,,,,,,,,,,,,,,,,,,,,,,,,,,,,,,,,,,,,,,,,,,,,,,,,,,,,,,,,,
108,7,,,,,,,96,85,68,18,228.7,2730,10801,36,0,18.9,15.5;1.8;7.9;11.0;6.1;2.3;86.2;85.5;33.9;39.9;80.2;76.3;0.5;0.8;0.8;0.5;0.5;0.5;0.0;1.3;0.3;0.0;0.5;0.5,31.12,0.12,0.0,1.41,15.237,0.903,3857.0,12988.0,4,16,,,,,,,,,,,,,,,,,,,,,,,,,,,,,,,,,,,,,,,,,,,,,,,,,,,,,,,,,,,,,
108,8,,,,,,,100,76,69,18,229.9,2730,10801,36,0,8.6,7.8;1.3;4.7;2.9;1.6;2.1;35.4;60.7;4.9;9.4;19.8;48.7;2.3;1.0;0.0;0.0;0.0;0.0;0.3;0.0;1.0;0.5;0.3;0.5,31.1,0.12,0.01,1.38,15.237,0.903,4882.0,12402.0,4,16,,,,,,,,,,,,,,,,,,,,,,,,,,,,,,,,,,,,,,,,,,,,,,,,,,,,,,,,,,,,,
108,9,,,,,,,97,94,65,18,226.8,2730,10801,36,0,6.5,10.7;0.9;2.3;1.4;0.5;0.9;28.8;29.3;3.3;6.0;59.1;11.6;0.0;0.0;0.0;0.0;0.0;0.0;0.0;0.0;0.5;1.4;0.0;0.0,31.08,0.12,0.0,6.75,15.237,0.903,4296.0,12744.0,4,16,,,,,,,,,,,,,,,,,,,,,,,,,,,,,,,,,,,,,,,,,,,,,,,,,,,,,,,,,,,,,
108,summary,0.29311247351860453,0.996429449752703,0.28354687044355603,0.9996666666666667,0.00099184,47.8,,,,,,,,,,,,,,,,,,,,,,0,87.22,100,0,80.0,100,58,65.89,69,15,18.89,27,84.7,211.71,229.9,2731.7,10801.0,35.9,0,6.5,22.34,60.3,31.08,31.44,31.81,63.16,0.08,0.1,0.12,16.0,0.0,0.0,0.01,1.38,4.3,9.48,11.013,14.334,15.237,15.24,15.237,15.992,0.903,0.9,0.903,3466.0,4215.0,5371.0,10742.0,12271.78,12988.0,4,4.0,4,16,16.0,16,4,16,37.5,9.3
109,1,,,,,,,0,1,58,26,83.1,2745,10801,36,0,60.3,73.8;75.7;81.1;81.1;77.6;77.6;90.2;90.3;80.4;79.0;89.5;91.6;52.1;60.8;21.0;25.4;50.0;52.4;20.4;24.6;38.5;41.3;35.7;36.4,31.27,0.12,0.0,3.8,15.237,0.903,3027.0,10693.0,4,16,,,,,,,,,,,,,,,,,,,,,,,,,,,,,,,,,,,,,,,,,,,,,,,,,,,,,,,,,,,,,
109,2,,,,,,,96,93,65,19,226.2,2730,10801,36,0,26.6,21.5;13.1;19.6;26.1;13.4;15.5;88.0;82.7;56.1;42.4;83.8;84.3;10.9;11.1;3.6;3.4;8.8;9.8;3.3;2.8;10.1;8.5;8.5;10.9,31.2,0.12,0.0,5.04,15.237,0.903,4492.0,12841.0,4,16,,,,,,,,,,,,,,,,,,,,,,,,,,,,,,,,,,,,,,,,,,,,,,,,,,,,,,,,,,,,,
109,3,,,,,,,100,80,69,19,229.3,2730,10801,36,0,19.9,19.3;3.3;10.5;3.8;2.8;2.6;67.4;81.7;39.9;52.4;90.2;86.5;1.8;1.5;0.0;0.3;1.5;0.3;5.9;0.5;0.3;0.3;1.3;1.3,31.15,0.12,0.0,4.78,15.237,0.903,4199.0,12500.0,4,16,,,,,,,,,,,,,,,,,,,,,,,,,,,,,,,,,,,,,,,,,,,,,,,,,,,,,,,,,,,,,
109,4,,,,,,,100,72,69,18,228.4,2730,10801,36,0,19.9,14.7;4.1;13.7;5.4;2.8;5.1;81.9;85.5;27.1;49.1;90.5;90.2;2.3;0.8;0.5;0.5;0.5;0.3;0.8;0.3;0.8;0.0;0.3;0.8,31.13,0.12,0.02,3.09,15.237,0.903,3955.0,9814.0,4,16,,,,,,,,,,,,,,,,,,,,,,,,,,,,,,,,,,,,,,,,,,,,,,,,,,,,,,,,,,,,,
109,5,,,,,,,100,77,66,19,227.5,2730,10801,36,0,19.9,14.5;4.1;16.3;10.6;3.1;1.0;88.6;93.0;38.5;36.0;79.8;82.4;1.0;1.8;1.3;0.3;0.3;1.3;1.3;1.0;0.5;0.0;0.0;0.3,31.13,0.12,0.02,2.69,15.237,0.903,4003.0,10156.0,4,16,,,,,,,,,,,,,,,,,,,,,,,,,,,,,,,,,,,,,,,,,,,,,,,,,,,,,,,,,,,,,
109,6,,,,,,,96,81,68,18,226.4,2730,10801,36,0,20.1,16.7;5.7;8.9;9.9;3.4;4.7;84.9;77.4;35.3;44.2;88.7;90.2;0.8;1.6;0.5;0.0;0.0;0.5;5.2;0.5;1.3;0.3;1.0;0.3,31.09,0.12,0.0,3.13,15.237,0.903,3759.0,11572.0,4,16,,,,,,,,,,,,,,,,,,,,,,,,,,,,,,,,,,,,,,,,,,,,,,,,,,,,,,,,,,,,,
109,7,,,,,,,100,95,67,19,228.6,2730,10801,36,0,19.7,17.9;1.8;9.9;6.4;4.1;3.1;88.4;93.7;38.9;36.1;81.2;80.3;1.3;1.5;0.8;0.0;0.5;0.5;3.1;0.0;0.5;0.3;0.0;0.8,31.1,0.12,0.0,2.04,15.237,0.903,4345.0,11767.0,4,16,,,,,,,,,,,,,,,,,,,,,,,,,,,,,,,,,,,,,,,,,,,,,,,,,,,,,,,,,,,,,
109,8,,,,,,,100,83,68,17,229.4,2730,10801,36,0,9.1,13.9;2.1;8.1;2.3;1.8;0.8;45.5;56.4;11.1;9.4;29.8;29.4;1.6;0.5;0.0;0.0;0.3;0.0;3.6;0.3;0.0;0.0;0.5;0.3,31.1,0.12,0.0,1.74,15.237,0.903,5664.0,12451.0,4,16,,,,,,,,,,,,,,,,,,,,,,,,,,,,,,,,,,,,,,,,,,,,,,,,,,,,,,,,,,,,,
109,9,,,,,,,97,94,66,18,227.0,2730,10801,36,0,6.2,11.8;0.0;1.4;1.9;0.0;0.9;62.5;18.1;2.8;4.2;34.4;9.7;0.0;0.0;0.0;0.0;0.0;0.0;0.5;0.0;0.0;0.0;0.0;0.0,31.1,0.12,0.02,1.28,15.237,0.903,5761.0,11816.0,4,16,,,,,,,,,,,,,,,,,,,,,,,,,,,,,,,,,,,,,,,,,,,,,,,,,,,,,,,,,,,,,
109,summary,0.2934858735413899,0.9963565813803091,0.28340101612938773,0.9995555555555555,0.00099034,47.8,,,,,,,,,,,,,,,,,,,,,,0,87.67,100,1,75.11,95,58,66.22,69,17,19.22,26,83.1,211.77,229.4,2731.7,10801.0,36.0,0,6.2,22.41,60.3,31.09,31.14,31.27,63.16,0.12,0.12,0.12,16.0,0.0,0.01,0.02,1.28,3.07,5.04,11.011,14.334,15.237,15.24,15.237,15.992,0.903,0.9,0.903,3027.0,4356.11,5761.0,9814.0,11512.22,12841.0,4,4.0,4,16,16.0,16,4,16,37.53,9.22
110,1,,,,,,,0,1,58,26,82.5,2745,10801,36,0,61.6,76.8;75.9;87.2;85.8;81.6;83.7;96.5;92.2;89.4;88.7;91.5;91.5;59.1;60.1;18.3;24.6;47.2;46.9;23.6;16.9;38.0;47.2;26.6;35.5,31.27,0.12,0.0,12.26,15.237,0.903,47167.0,11669.0,4,16,,,,,,,,,,,,,,,,,,,,,,,,,,,,,,,,,,,,,,,,,,,,,,,,,,,,,,,,,,,,,
110,2,,,,,,,96,92,66,17,226.9,2730,10801,36,0,27.4,19.6;12.8;23.3;22.8;16.4;13.6;86.9;91.5;53.7;52.1;86.7;84.1;9.0;11.5;4.4;5.9;8.2;8.5;5.4;7.4;7.4;6.9;7.9;11.0,31.2,0.12,0.0,4.99,15.237,0.903,3857.0,9960.0,4,16,,,,,,,,,,,,,,,,,,,,,,,,,,,,,,,,,,,,,,,,,,,,,,,,,,,,,,,,,,,,,
110,3,,,,,,,94,81,66,21,224.9,2730,10801,36,0,19.8,15.9;4.3;12.8;7.7;3.6;2.0;80.1;82.4;38.8;51.9;80.4;81.9;1.8;1.3;0.3;0.3;1.5;1.0;1.8;2.6;2.3;0.5;0.3;1.0,31.17,0.12,0.0,4.75,15.237,0.903,4052.0,12695.0,4,16,,,,,,,,,,,,,,,,,,,,,,,,,,,,,,,,,,,,,,,,,,,,,,,,,,,,,,,,,,,,,
110,4,,,,,,,100,77,67,18,228.8,2730,10801,36,0,19.3,10.9;2.1;10.1;10.1;3.1;2.3;85.2;81.6;45.7;32.6;74.5;93.5;1.6;0.8;0.3;0.5;0.0;0.0;5.8;0.5;1.0;0.3;0.0;0.0,31.15,0.12,0.0,3.06,15.237,0.903,4052.0,12597.0,4,16,,,,,,,,,,,,,,,,,,,,,,,,,,,,,,,,,,,,,,,,,,,,,,,,,,,,,,,,,,,,,
110,5,,,,,,,100,83,66,19,228.1,2730,10801,36,0,20.0,18.7;0.5;15.8;11.2;1.6;2.6;88.1;88.8;39.7;43.9;82.3;83.2;0.8;0.3;0.0;0.0;0.0;0.5;0.8;0.0;0.5;0.3;1.0;0.0,31.14,0.12,0.0,3.07,15.237,0.903,3515.0,70898.0,4,16,,,,,,,,,,,,,,,,,,,,,,,,,,,,,,,,,,,,,,,,,,,,,,,,,,,,,,,,,,,,,
110,6,,,,,,,96,86,66,15,226.4,2730,10801,36,0,20.0,16.1;4.1;10.3;8.8;4.1;3.4;90.4;87.9;35.8;40.1;73.4;85.5;3.4;2.1;1.8;0.8;1.8;1.0;1.5;1.0;3.3;2.1;1.3;1.3,31.12,0.12,0.01,2.05,15.237,0.903,3906.0,9667.0,4,16,,,,,,,,,,,,,,,,,,,,,,,,,,,,,,,,,,,,,,,,,,,,,,,,,,,,,,,,,,,,,
110,7,,,,,,,96,93,66,18,226.3,2730,10801,36,0,19.6,14.1;3.8;12.5;8.9;4.1;6.1;76.6;82.7;35.1;44.9;79.9;86.5;1.5;0.8;1.3;0.3;0.8;1.3;1.3;3.1;1.8;1.0;1.0;1.3,31.1,0.12,0.0,1.52,15.237,0.903,43847.0,11914.0,4,16,,,,,,,,,,,,,,,,,,,,,,,,,,,,,,,,,,,,,,,,,,,,,,,,,,,,,,,,,,,,,
110,8,,,,,,,100,78,68,19,229.0,2730,10801,36,0,8.8,13.3;0.8;1.6;3.4;0.8;0.8;31.9;62.6;4.2;11.2;33.4;43.3;1.0;0.3;0.0;0.0;0.5;0.0;0.0;0.0;0.3;0.3;0.8;0.0,31.09,0.12,0.0,1.69,15.237,0.903,3906.0,12548.0,4,16,,,,,,,,,,,,,,,,,,,,,,,,,,,,,,,,,,,,,,,,,,,,,,,,,,,,,,,,,,,,,
110,9,,,,,,,97,95,67,17,226.7,2730,10801,36,0,5.9,10.2;0.0;1.4;0.5;0.5;0.5;31.3;25.2;3.3;4.2;50.0;13.5;0.0;0.0;0.0;0.0;0.5;0.9;0.0;0.0;0.0;0.0;0.0;0.9,31.09,0.12,0.0,1.28,15.237,0.903,4394.0,12890.0,4,16,,,,,,,,,,,,,,,,,,,,,,,,,,,,,,,,,,,,,,,,,,,,,,,,,,,,,,,,,,,,,
110,summary,0.2930274992665191,0.9964977638518222,0.2844747088485294,0.999,0.00098872,47.9,,,,,,,,,,,,,,,,,,,,,,0,86.56,100,1,76.22,95,58,65.56,68,15,18.89,26,82.5,211.07,229.0,2731.7,10801.0,36.0,0,5.9,22.49,61.6,31.09,31.15,31.27,63.16,0.12,0.12,0.12,16.0,0.0,0.0,0.01,1.28,3.85,12.26,11.012,14.334,15.237,15.24,15.237,15.992,0.903,0.9,0.903,3515.0,13188.44,47167.0,9667.0,18315.33,70898.0,4,4.0,4,16,16.0,16,4,16,37.47,9.36
111,1,,,,,,,0,1,58,24,82.9,2745,10801,36,0,61.0,76.4;72.7;88.2;81.8;82.5;83.8;95.1;88.7;85.9;88.1;86.0;88.0;57.7;50.7;25.4;25.4;48.3;50.3;20.4;21.1;41.5;45.1;30.3;28.7,31.27,0.12,0.03,12.53,15.237,0.903,29101.0,11621.0,4,16,,,,,,,,,,,,,,,,,,,,,,,,,,,,,,,,,,,,,,,,,,,,,,,,,,,,,,,,,,,,,
111,2,,,,,,,96,95,66,17,226.8,2730,10801,36,0,26.3,20.2;11.7;19.6;26.2;14.2;16.3;89.9;86.5;48.3;42.0;86.5;92.5;10.1;10.9;2.8;3.4;9.1;8.8;2.3;0.8;7.2;9.6;5.2;7.2,31.19,0.12,0.0,4.99,15.237,0.903,3955.0,10791.0,4,16,,,,,,,,,,,,,,,,,,,,,,,,,,,,,,,,,,,,,,,,,,,,,,,,,,,,,,,,,,,,,
111,3,,,,,,,96,93,69,19,225.5,2730,10801,36,0,20.3,13.8;3.1;14.2;12.9;3.9;5.2;85.3;85.1;40.2;42.5;82.4;78.8;3.6;3.1;0.5;0.3;1.0;1.6;1.0;2.6;0.8;0.8;1.0;3.8,31.17,0.12,0.01,4.88,15.237,0.903,3662.0,9912.0,4,16,,,,,,,,,,,,,,,,,,,,,,,,,,,,,,,,,,,,,,,,,,,,,,,,,,,,,,,,,,,,,
111,4,,,,,,,100,77,66,18,229.7,2730,10801,36,0,19.4,14.1;3.8;11.8;4.3;2.6;3.3;81.3;86.2;35.0;43.5;78.0;84.4;2.6;2.0;2.6;2.3;1.3;1.0;0.3;1.5;1.5;1.3;1.0;0.8,31.13,0.12,0.0,2.99,15.237,0.903,3759.0,12744.0,4,16,,,,,,,,,,,,,,,,,,,,,,,,,,,,,,,,,,,,,,,,,,,,,,,,,,,,,,,,,,,,,
111,5,,,,,,,100,76,67,17,229.6,2730,10801,36,0,20.3,14.6;2.6;8.5;10.0;3.9;2.8;78.7;83.8;45.5;32.8;92.2;92.8;1.0;1.3;0.3;0.5;0.8;1.0;2.9;4.1;1.0;1.0;1.8;3.1,31.13,0.12,0.0,3.04,15.237,0.903,3613.0,9619.0,4,16,,,,,,,,,,,,,,,,,,,,,,,,,,,,,,,,,,,,,,,,,,,,,,,,,,,,,,,,,,,,,
111,6,,,,,,,98,82,66,18,228.2,2730,10801,36,0,20.7,15.8;3.6;11.1;11.4;4.9;5.2;74.9;78.0;44.2;58.5;84.2;84.5;2.8;1.3;1.0;0.8;1.6;1.8;1.5;0.8;2.1;2.0;2.1;4.1,31.1,0.12,0.01,2.06,15.237,0.903,3759.0,9716.0,4,16,,,,,,,,,,,,,,,,,,,,,,,,,,,,,,,,,,,,,,,,,,,,,,,,,,,,,,,,,,,,,
111,7,,,,,,,97,95,68,17,226.5,2730,10801,36,0,20.1,17.3;3.1;13.2;11.9;3.9;3.4;83.7;86.8;33.9;46.1;88.1;82.4;0.0;1.6;0.5;0.8;0.5;0.8;0.3;1.0;0.5;0.8;0.5;2.1,31.1,0.12,0.0,1.95,15.237,0.903,3808.0,10205.0,4,16,,,,,,,,,,,,,,,,,,,,,,,,,,,,,,,,,,,,,,,,,,,,,,,,,,,,,,,,,,,,,
111,8,,,,,,,100,86,65,19,230.0,2730,10801,36,0,8.4,16.0;0.8;2.1;3.1;0.8;1.0;27.6;41.4;2.3;10.8;43.0;44.1;0.8;0.0;0.5;0.0;0.0;0.0;3.3;0.0;0.5;0.5;0.5;1.0,31.09,0.12,0.0,1.36,15.237,0.903,3857.0,11962.0,4,16,,,,,,,,,,,,,,,,,,,,,,,,,,,,,,,,,,,,,,,,,,,,,,,,,,,,,,,,,,,,,
111,9,,,,,,,97,92,68,17,228.2,2730,10801,36,0,6.5,10.3;0.9;1.9;0.9;0.5;0.0;40.2;17.8;3.7;1.4;56.5;19.2;0.9;0.5;0.0;0.0;0.5;0.0;0.0;0.0;1.4;0.0;0.5;0.0,31.08,0.12,0.0,6.74,15.237,0.903,4882.0,11865.0,4,16,,,,,,,,,,,,,,,,,,,,,,,,,,,,,,,,,,,,,,,,,,,,,,,,,,,,,,,,,,,,,
111,summary,0.2932012449462954,0.9964317268893402,0.28386176098717586,0.9995555555555555,0.00098698,47.7,,,,,,,,,,,,,,,,,,,,,,0,87.11,100,1,77.44,95,58,65.89,69,17,18.44,24,82.9,211.93,230.0,2731.7,10801.0,36.0,0,6.5,22.56,61.0,31.08,31.14,31.27,63.16,0.12,0.12,0.12,16.0,0.0,0.01,0.03,1.36,4.5,12.53,11.012,14.334,15.237,15.24,15.237,15.992,0.903,0.9,0.903,3613.0,6710.67,29101.0,9619.0,10937.22,12744.0,4,4.0,4,16,16.0,16,4,16,37.38,9.34
112,1,,,,,,,0,1,58,26,83.6,2745,10801,36,0,60.2,80.1;76.9;86.7;83.9;83.3;80.7;91.0;89.5;81.1;81.2;92.3;89.5;59.7;57.6;13.9;18.6;41.7;49.3;16.7;24.3;38.5;38.9;33.1;37.2,31.26,0.12,0.0,3.82,15.237,0.903,74169.0,52392.0,4,16,,,,,,,,,,,,,,,,,,,,,,,,,,,,,,,,,,,,,,,,,,,,,,,,,,,,,,,,,,,,,
112,2,,,,,,,96,95,69,17,225.9,2730,10801,36,0,26.3,22.1;12.6;29.6;19.6;12.4;14.4;89.2;87.7;55.4;42.7;81.4;86.3;9.0;9.8;3.9;2.6;8.0;8.5;2.3;1.8;8.4;9.5;6.4;8.5,31.17,0.12,0.0,5.98,15.237,0.903,4833.0,11523.0,4,16,,,,,,,,,,,,,,,,,,,,,,,,,,,,,,,,,,,,,,,,,,,,,,,,,,,,,,,,,,,,,
112,3,,,,,,,96,92,66,18,226.4,2730,10801,36,0,19.5,15.5;1.8;10.6;9.9;4.4;4.7;86.3;75.6;44.3;39.7;81.6;83.6;0.5;0.8;0.0;0.0;1.0;0.5;0.3;4.7;0.8;0.0;0.0;0.3,31.17,0.12,0.01,3.92,15.237,0.903,3710.0,12548.0,4,16,,,,,,,,,,,,,,,,,,,,,,,,,,,,,,,,,,,,,,,,,,,,,,,,,,,,,,,,,,,,,
112,4,,,,,,,100,77,66,19,229.5,2730,10801,36,0,19.8,19.4;2.3;11.9;4.8;2.8;3.3;60.2;82.0;45.5;39.4;91.4;93.9;1.8;1.5;0.0;0.0;1.0;0.0;0.5;6.1;0.8;0.5;2.5;3.8,31.16,0.12,0.0,3.63,15.237,0.903,45312.0,22607.0,4,16,,,,,,,,,,,,,,,,,,,,,,,,,,,,,,,,,,,,,,,,,,,,,,,,,,,,,,,,,,,,,
112,5,,,,,,,100,78,66,16,228.8,2730,10801,36,0,19.8,13.2;1.3;7.7;13.9;3.6;3.6;87.1;77.8;28.6;51.8;83.2;88.9;1.5;1.0;0.3;1.5;0.8;0.3;1.8;4.6;2.0;0.5;0.5;1.0,31.12,0.12,0.0,2.37,15.237,0.903,9765.0,9570.0,4,16,,,,,,,,,,,,,,,,,,,,,,,,,,,,,,,,,,,,,,,,,,,,,,,,,,,,,,,,,,,,,
112,6,,,,,,,96,91,67,18,226.8,2730,10801,36,0,19.0,12.1;2.1;7.0;11.4;4.2;1.8;78.7;83.4;28.3;50.3;87.8;83.1;0.5;1.8;0.0;0.0;0.3;0.0;0.3;1.8;0.8;0.5;0.3;0.0,31.11,0.12,0.0,2.03,15.237,0.903,13964.0,14648.0,4,16,,,,,,,,,,,,,,,,,,,,,,,,,,,,,,,,,,,,,,,,,,,,,,,,,,,,,,,,,,,,,
112,7,,,,,,,96,95,68,15,226.3,2730,10801,36,0,19.6,12.9;2.3;14.4;12.4;2.1;4.4;80.4;89.5;30.7;55.5;70.5;84.8;0.5;0.8;0.3;0.3;0.3;0.0;0.5;4.7;0.8;0.5;0.3;0.8,31.1,0.12,0.0,1.9,15.237,0.903,11376.0,11425.0,4,16,,,,,,,,,,,,,,,,,,,,,,,,,,,,,,,,,,,,,,,,,,,,,,,,,,,,,,,,,,,,,
112,8,,,,,,,100,77,66,17,219.2,2730,10801,36,0,8.7,15.4;1.8;4.6;4.1;1.0;0.5;29.9;52.9;4.3;6.4;35.2;45.8;0.8;0.5;0.0;0.0;1.0;0.3;0.5;0.5;0.8;0.0;0.0;0.8,31.1,0.12,0.02,1.42,15.237,0.903,4345.0,146728.0,4,16,,,,,,,,,,,,,,,,,,,,,,,,,,,,,,,,,,,,,,,,,,,,,,,,,,,,,,,,,,,,,
112,9,,,,,,,97,95,69,17,226.7,2730,10801,36,0,8.1,16.7;5.1;4.2;3.3;0.9;2.3;31.9;41.8;3.3;6.5;46.7;15.0;0.9;0.9;0.9;0.0;0.5;0.5;0.0;0.5;0.9;0.5;1.9;8.1,31.08,0.12,0.0,6.76,15.237,0.903,4345.0,66308.0,4,16,,,,,,,,,,,,,,,,,,,,,,,,,,,,,,,,,,,,,,,,,,,,,,,,,,,,,,,,,,,,,
112,summary,0.2931222904394855,0.9964248954794284,0.2835792646408081,0.9994444444444445,0.00098511,47.8,,,,,,,,,,,,,,,,,,,,,,0,86.78,100,1,77.89,95,58,66.11,69,15,18.11,26,83.6,210.36,229.5,2731.7,10801.0,36.0,0,8.1,22.33,60.2,31.08,31.14,31.26,63.16,0.12,0.12,0.12,16.0,0.0,0.0,0.02,1.42,3.54,6.76,11.01,14.334,15.237,15.24,15.237,15.992,0.903,0.9,0.903,3710.0,19091.0,74169.0,9570.0,38638.78,146728.0,4,4.0,4,16,16.0,16,4,16,37.44,9.37
113,1,,,,,,,0,0,58,23,84.1,2745,10801,36,0,62.8,71.1;71.2;80.0;83.4;82.8;84.2;93.2;88.3;78.1;82.1;90.4;93.1;57.9;59.9;31.0;34.9;44.1;50.0;31.2;33.3;44.6;46.6;37.0;39.3,31.28,0.12,0.0,3.75,15.237,0.903,85205.0,11181.0,4,16,,,,,,,,,,,,,,,,,,,,,,,,,,,,,,,,,,,,,,,,,,,,,,,,,,,,,,,,,,,,,
113,2,,,,,,,96,95,67,18,225.3,2730,10801,36,0,26.7,23.8;12.7;28.2;26.2;13.2;14.2;93.0;91.0;39.6;43.9;82.7;84.0;10.9;10.3;4.4;4.7;8.8;9.6;2.8;3.1;8.5;10.9;6.5;7.5,31.19,0.12,0.0,6.01,15.237,0.903,3808.0,12109.0,4,16,,,,,,,,,,,,,,,,,,,,,,,,,,,,,,,,,,,,,,,,,,,,,,,,,,,,,,,,,,,,,
113,3,,,,,,,98,95,66,19,225.5,2730,10801,36,0,20.1,12.8;2.8;8.8;8.8;3.1;3.9;70.2;86.0;41.9;49.0;91.5;89.1;1.6;1.6;0.8;1.0;1.0;1.3;0.0;3.1;2.1;0.5;0.3;0.8,31.18,0.12,0.0,3.83,15.237,0.903,3857.0,12353.0,4,16,,,,,,,,,,,,,,,,,,,,,,,,,,,,,,,,,,,,,,,,,,,,,,,,,,,,,,,,,,,,,
113,4,,,,,,,100,100,66,19,227.6,2730,10801,36,0,19.3,12.2;2.6;13.1;16.3;4.1;4.1;73.7;71.5;26.8;57.4;83.7;89.9;1.0;0.8;0.3;0.0;0.8;0.0;1.3;1.0;2.0;0.5;0.0;0.3,31.15,0.12,0.01,3.74,15.237,0.903,4003.0,12744.0,4,16,,,,,,,,,,,,,,,,,,,,,,,,,,,,,,,,,,,,,,,,,,,,,,,,,,,,,,,,,,,,,
113,5,,,,,,,100,82,67,18,228.3,2730,10801,36,0,19.6,15.3;4.3;13.0;10.5;2.8;2.8;75.2;76.0;45.3;37.6;92.1;83.1;2.6;1.5;1.0;0.0;0.5;0.5;1.3;0.8;1.8;0.5;1.3;0.8,31.11,0.12,0.0,2.35,15.237,0.903,3076.0,12597.0,4,16,,,,,,,,,,,,,,,,,,,,,,,,,,,,,,,,,,,,,,,,,,,,,,,,,,,,,,,,,,,,,
113,6,,,,,,,96,87,69,17,226.6,2730,10801,36,0,19.5,14.8;2.1;7.5;9.4;3.9;4.7;95.3;85.7;46.8;37.1;83.9;69.4;0.8;1.3;0.3;0.0;0.8;0.5;0.5;0.3;1.8;0.3;0.5;0.3,31.1,0.12,0.0,2.51,15.237,0.903,3710.0,12695.0,4,16,,,,,,,,,,,,,,,,,,,,,,,,,,,,,,,,,,,,,,,,,,,,,,,,,,,,,,,,,,,,,
113,7,,,,,,,96,95,69,17,226.5,2730,10801,36,0,20.2,19.2;3.4;14.0;13.2;5.2;3.4;89.6;85.2;50.0;44.6;71.2;72.1;3.3;1.3;0.5;0.5;1.3;0.8;1.6;1.0;2.3;0.5;0.8;0.8,31.09,0.12,0.0,1.39,15.237,0.903,35693.0,12353.0,4,16,,,,,,,,,,,,,,,,,,,,,,,,,,,,,,,,,,,,,,,,,,,,,,,,,,,,,,,,,,,,,
113,8,,,,,,,97,94,66,17,227.1,2730,10801,36,0,9.4,16.3;2.3;3.9;4.1;1.6;1.0;46.5;44.0;7.8;8.8;33.9;44.6;1.3;0.3;0.5;0.8;0.3;0.5;2.1;0.3;1.0;1.3;0.8;1.6,31.09,0.12,0.0,1.35,15.237,0.903,4394.0,105126.0,4,16,,,,,,,,,,,,,,,,,,,,,,,,,,,,,,,,,,,,,,,,,,,,,,,,,,,,,,,,,,,,,
113,9,,,,,,,97,94,69,18,227.1,2730,10801,36,0,6.9,16.5;0.5;2.7;1.8;1.4;0.9;33.8;11.0;5.9;5.0;30.6;47.5;0.0;1.8;0.9;0.9;0.5;0.0;0.0;0.0;1.8;0.5;0.9;0.5,31.08,0.12,0.02,6.58,15.237,0.903,6933.0,12207.0,4,16,,,,,,,,,,,,,,,,,,,,,,,,,,,,,,,,,,,,,,,,,,,,,,,,,,,,,,,,,,,,,
113,summary,0.29303263986893674,0.9964544982557133,0.2836725499365065,0.9994444444444445,0.00098313,47.8,,,,,,,,,,,,,,,,,,,,,,0,86.67,100,0,82.44,100,58,66.33,69,17,18.44,23,84.1,210.9,228.3,2731.7,10801.0,36.0,0,6.9,22.72,62.8,31.08,31.14,31.28,63.16,0.12,0.12,0.12,16.0,0.0,0.0,0.02,1.35,3.5,6.58,11.012,14.334,15.237,15.24,15.237,15.992,0.903,0.9,0.903,3076.0,16742.11,85205.0,11181.0,22596.11,105126.0,4,4.0,4,16,16.0,16,4,16,37.32,9.45
114,1,,,,,,,0,1,58,24,83.0,2745,10801,36,0,60.0,78.1;77.1;79.2;83.3;81.2;83.3;95.2;88.9;80.6;80.0;90.3;90.3;57.6;60.4;18.8;17.0;49.0;52.1;16.1;22.2;40.7;36.1;27.8;35.4,31.27,0.12,0.0,3.78,15.237,0.903,48437.0,256640.0,4,16,,,,,,,,,,,,,,,,,,,,,,,,,,,,,,,,,,,,,,,,,,,,,,,,,,,,,,,,,,,,,
114,2,,,,,,,96,95,69,17,225.9,2730,10801,36,0,25.3,19.4;11.1;22.0;20.4;14.9;14.2;77.1;82.7;36.4;56.6;88.6;92.2;10.1;10.3;3.4;3.6;7.0;8.0;2.1;1.3;8.0;7.0;4.1;8.0,31.19,0.12,0.0,5.03,15.237,0.903,5517.0,11572.0,4,16,,,,,,,,,,,,,,,,,,,,,,,,,,,,,,,,,,,,,,,,,,,,,,,,,,,,,,,,,,,,,
114,3,,,,,,,96,93,66,19,225.2,2730,10801,36,0,19.2,15.3;1.6;10.6;8.3;2.1;1.3;66.5;80.1;28.8;49.1;93.8;94.1;0.8;0.3;0.0;0.8;0.8;0.0;2.9;0.8;1.5;0.3;0.3;0.0,31.17,0.12,0.0,4.0,15.237,0.903,4003.0,13281.0,4,16,,,,,,,,,,,,,,,,,,,,,,,,,,,,,,,,,,,,,,,,,,,,,,,,,,,,,,,,,,,,,
114,4,,,,,,,100,100,66,17,226.9,2730,10801,36,0,20.0,14.6;3.4;9.8;7.5;4.6;3.9;74.7;71.1;28.2;63.2;93.8;91.5;1.6;0.3;0.8;1.5;1.6;1.6;3.4;0.3;2.3;0.8;0.3;0.0,31.14,0.12,0.01,3.86,15.237,0.903,4345.0,12158.0,4,16,,,,,,,,,,,,,,,,,,,,,,,,,,,,,,,,,,,,,,,,,,,,,,,,,,,,,,,,,,,,,
114,5,,,,,,,100,100,66,18,227.6,2730,10801,36,0,19.0,13.7;0.8;15.8;12.0;1.8;2.3;72.5;81.2;31.1;51.5;80.2;82.4;0.8;1.0;0.0;0.0;0.0;1.0;4.8;2.3;0.8;0.0;0.3;0.5,31.15,0.12,0.0,2.52,15.237,0.903,4980.0,11621.0,4,16,,,,,,,,,,,,,,,,,,,,,,,,,,,,,,,,,,,,,,,,,,,,,,,,,,,,,,,,,,,,,
114,6,,,,,,,100,88,67,17,228.6,2730,10801,36,0,19.5,16.8;2.1;11.6;6.7;3.4;3.6;89.4;92.5;41.6;37.7;72.9;74.7;1.8;1.3;0.8;1.0;2.1;2.1;2.3;0.5;0.8;0.8;1.0;1.3,31.1,0.12,0.01,2.54,15.237,0.903,3417.0,11230.0,4,16,,,,,,,,,,,,,,,,,,,,,,,,,,,,,,,,,,,,,,,,,,,,,,,,,,,,,,,,,,,,,
114,7,,,,,,,100,74,68,19,229.2,2730,10801,36,0,19.8,18.0;1.8;10.7;5.9;2.6;1.3;94.1;94.1;37.9;43.1;73.1;82.4;0.8;1.0;0.8;0.0;0.0;0.0;4.4;0.3;0.8;0.5;1.0;0.0,31.1,0.12,0.0,1.59,15.237,0.903,4003.0,13037.0,4,16,,,,,,,,,,,,,,,,,,,,,,,,,,,,,,,,,,,,,,,,,,,,,,,,,,,,,,,,,,,,,
114,8,,,,,,,97,92,65,17,226.1,2730,10801,36,0,8.8,16.3;3.1;5.8;5.7;1.3;0.8;40.8;72.8;5.2;7.0;15.7;31.3;0.8;0.5;0.0;0.0;0.8;0.8;1.3;0.0;2.1;0.0;0.0;0.0,31.09,0.12,0.0,1.68,15.237,0.903,4882.0,12597.0,4,16,,,,,,,,,,,,,,,,,,,,,,,,,,,,,,,,,,,,,,,,,,,,,,,,,,,,,,,,,,,,,
114,9,,,,,,,100,88,67,17,228.9,2730,10801,36,0,6.2,15.1;0.9;2.6;0.4;0.9;0.4;45.5;27.8;3.4;2.6;31.2;15.4;1.3;0.4;0.0;0.0;0.4;0.0;0.0;0.4;0.0;0.0;0.0;0.0,31.08,0.12,0.0,1.22,15.237,0.903,0.0,58740.0,4,16,,,,,,,,,,,,,,,,,,,,,,,,,,,,,,,,,,,,,,,,,,,,,,,,,,,,,,,,,,,,,
114,summary,0.2927961906900157,0.9965296437647445,0.283425069782469,0.9995555555555555,0.00098101,48.1,,,,,,,,,,,,,,,,,,,,,,0,87.67,100,1,81.22,100,58,65.78,69,17,18.33,24,83.0,211.27,229.2,2731.7,10801.0,36.0,0,6.2,21.98,60.0,31.08,31.14,31.27,63.16,0.12,0.12,0.12,16.0,0.0,0.0,0.01,1.22,2.91,5.03,11.012,14.334,15.237,15.24,15.237,15.992,0.903,0.9,0.903,0.0,8842.67,48437.0,11230.0,44541.78,256640.0,4,4.0,4,16,16.0,16,4,16,37.63,9.37
